prod_ym,vin,model_id,model_year,trim_id,engine,drivetrain,color,plant_id,dest_zone_id,msrp_usd
2024-05,VF3TCAAXRU0004543,TRN,2024,TRN-CO,3.5 가솔린,AWD,스노우 화이트,US-GA,northeast,47840
2024-05,VF3TCABXRU0004544,TRN,2024,TRN-CO,2.5T 하이브리드,AWD,미드나잇 블랙,US-GA,south,47840
2024-05,VF3TCAGXRU0004545,TRN,2024,TRN-CO,3.5 가솔린,AWD,포레스트 그린,US-GA,central,47840
2024-05,VF3TPABXRU0004546,TRN,2024,TRN-PR,3.5 가솔린,AWD,미드나잇 블랙,US-GA,central,52000
2024-05,VF3TPFAXRU0004547,TRN,2024,TRN-PR,2.5T 하이브리드,FWD,스노우 화이트,US-GA,southeast,52000
2024-05,VF3TCFBXRU0004548,TRN,2024,TRN-CO,2.5T 하이브리드,FWD,미드나잇 블랙,US-GA,west,47840
2024-05,VF3TPFCXRU0004549,TRN,2024,TRN-PR,3.5 가솔린,FWD,스틸 그레이,US-GA,west,52000
2024-05,VF3TSADXRU0004550,TRN,2024,TRN-SU,2.5T 하이브리드,AWD,실버,US-GA,south,59280
2024-05,VF3TCACXRU0004551,TRN,2024,TRN-CO,3.5 가솔린,AWD,스틸 그레이,US-GA,central,47840
2024-05,VF3TPAAXRU0004552,TRN,2024,TRN-PR,2.5T 하이브리드,AWD,스노우 화이트,US-GA,south,52000
2024-05,VF3TPFFXRU0004553,TRN,2024,TRN-PR,3.5 가솔린,FWD,선셋 레드,US-GA,southeast,52000
2024-05,VF3TPACXRU0004554,TRN,2024,TRN-PR,2.5T 하이브리드,AWD,스틸 그레이,US-GA,northeast,52000
2024-05,VF3TCADXRU0004555,TRN,2024,TRN-CO,3.5 가솔린,AWD,실버,US-GA,central,47840
2024-05,VF3TPACXRU0004556,TRN,2024,TRN-PR,3.5 가솔린,AWD,스틸 그레이,US-GA,west,52000
2024-05,VF3TSABXRU0004557,TRN,2024,TRN-SU,3.5 가솔린,AWD,미드나잇 블랙,US-GA,southeast,59280
2024-05,VF3TCAAXRU0004558,TRN,2024,TRN-CO,2.5T 하이브리드,AWD,스노우 화이트,US-GA,south,47840
2024-05,VF3TSAAXRU0004559,TRN,2024,TRN-SU,3.5 가솔린,AWD,스노우 화이트,US-GA,south,59280
2024-05,VF3TPFBXRU0004560,TRN,2024,TRN-PR,3.5 가솔린,FWD,미드나잇 블랙,US-GA,south,52000
2024-05,VF3TCABXRU0004561,TRN,2024,TRN-CO,3.5 가솔린,AWD,미드나잇 블랙,US-GA,southeast,47840
2024-05,VF3TCAFXRU0004562,TRN,2024,TRN-CO,3.5 가솔린,AWD,선셋 레드,US-GA,central,47840
2024-05,VF3TCAEXRU0004563,TRN,2024,TRN-CO,2.5T 하이브리드,AWD,오션 블루,US-GA,northeast,47840
2024-05,VF3TSAHXRU0004564,TRN,2024,TRN-SU,3.5 가솔린,AWD,샌드 베이지,US-GA,southeast,59280
2024-05,VF3TSACXRU0004565,TRN,2024,TRN-SU,3.5 가솔린,AWD,스틸 그레이,US-GA,south,59280
2024-05,VF3TSFCXRU0004566,TRN,2024,TRN-SU,3.5 가솔린,FWD,스틸 그레이,US-GA,south,59280
2024-05,VF3TPFBXRU0004567,TRN,2024,TRN-PR,2.5T 하이브리드,FWD,미드나잇 블랙,US-GA,southeast,52000
2024-05,VF3TPAFXRU0004568,TRN,2024,TRN-PR,2.5T 하이브리드,AWD,선셋 레드,US-GA,central,52000
2024-05,VF3TCFBXRU0004569,TRN,2024,TRN-CO,2.5T 하이브리드,FWD,미드나잇 블랙,US-GA,south,47840
2024-05,VF3TPABXRU0004570,TRN,2024,TRN-PR,2.5T 하이브리드,AWD,미드나잇 블랙,US-GA,south,52000
2024-05,VF3TPFAXRU0004571,TRN,2024,TRN-PR,3.5 가솔린,FWD,스노우 화이트,US-GA,south,52000
2024-05,VF3TPFEXRU0004572,TRN,2024,TRN-PR,2.5T 하이브리드,FWD,오션 블루,US-GA,southeast,52000
2024-05,VF3TPABXRU0004573,TRN,2024,TRN-PR,3.5 가솔린,AWD,미드나잇 블랙,US-GA,central,52000
2024-05,VF3TPACXRU0004574,TRN,2024,TRN-PR,2.5T 하이브리드,AWD,스틸 그레이,US-GA,west,52000
2024-05,VF3TSFCXRU0004575,TRN,2024,TRN-SU,2.5T 하이브리드,FWD,스틸 그레이,US-GA,west,59280
2024-05,VF3TPAAXRU0004576,TRN,2024,TRN-PR,3.5 가솔린,AWD,스노우 화이트,US-GA,northeast,52000
2024-05,VF3TCAEXRU0004577,TRN,2024,TRN-CO,2.5T 하이브리드,AWD,오션 블루,US-GA,northeast,47840
2024-05,VF3TPABXRU0004578,TRN,2024,TRN-PR,3.5 가솔린,AWD,미드나잇 블랙,US-GA,south,52000
2024-05,VF3TPAHXRU0004579,TRN,2024,TRN-PR,3.5 가솔린,AWD,샌드 베이지,US-GA,south,52000
2024-05,VF3TCFDXRU0004580,TRN,2024,TRN-CO,3.5 가솔린,FWD,실버,US-GA,southeast,47840
2024-05,VF3TCAFXRU0004581,TRN,2024,TRN-CO,3.5 가솔린,AWD,선셋 레드,US-GA,central,47840
2024-05,VF3TPAHXRU0004582,TRN,2024,TRN-PR,3.5 가솔린,AWD,샌드 베이지,US-GA,west,52000
2024-05,VF3TSABXRU0004583,TRN,2024,TRN-SU,3.5 가솔린,AWD,미드나잇 블랙,US-GA,south,59280
2024-05,VF3TCAAXRU0004584,TRN,2024,TRN-CO,2.5T 하이브리드,AWD,스노우 화이트,US-GA,northeast,47840
2024-05,VF3TSACXRU0004585,TRN,2024,TRN-SU,3.5 가솔린,AWD,스틸 그레이,US-GA,central,59280
2024-05,VF3TCAEXRU0004586,TRN,2024,TRN-CO,3.5 가솔린,AWD,오션 블루,US-GA,west,47840
2024-05,VF3TSFEXRU0004587,TRN,2024,TRN-SU,3.5 가솔린,FWD,오션 블루,US-GA,south,59280
2024-05,VF3TSAAXRU0004588,TRN,2024,TRN-SU,3.5 가솔린,AWD,스노우 화이트,US-GA,southeast,59280
2024-05,VF3TPAAXRU0004589,TRN,2024,TRN-PR,3.5 가솔린,AWD,스노우 화이트,US-GA,south,52000
2024-05,VF3TPAAXRU0004590,TRN,2024,TRN-PR,2.5T 하이브리드,AWD,스노우 화이트,US-GA,west,52000
2024-05,VF3TCADXRU0004591,TRN,2024,TRN-CO,2.5T 하이브리드,AWD,실버,US-GA,southeast,47840
2024-05,VF3TCAEXRU0004592,TRN,2024,TRN-CO,3.5 가솔린,AWD,오션 블루,US-GA,south,47840
2024-05,VF3TPAAXRU0004593,TRN,2024,TRN-PR,3.5 가솔린,AWD,스노우 화이트,US-GA,northeast,52000
2024-05,VF3TSFAXRU0004594,TRN,2024,TRN-SU,3.5 가솔린,FWD,스노우 화이트,US-GA,central,59280
2024-05,VF3TCACXRU0004595,TRN,2024,TRN-CO,3.5 가솔린,AWD,스틸 그레이,US-GA,west,47840
2024-05,VF3TPAEXRU0004596,TRN,2024,TRN-PR,3.5 가솔린,AWD,오션 블루,US-GA,southeast,52000
2024-05,VF3TPAFXRU0004597,TRN,2024,TRN-PR,3.5 가솔린,AWD,선셋 레드,US-GA,west,52000
2024-05,VF3TPAGXRU0004598,TRN,2024,TRN-PR,2.5T 하이브리드,AWD,포레스트 그린,US-GA,central,52000
2024-05,VF3TPAAXRU0004599,TRN,2024,TRN-PR,3.5 가솔린,AWD,스노우 화이트,US-GA,southeast,52000
2024-05,VF3TCAFXRU0004600,TRN,2024,TRN-CO,3.5 가솔린,AWD,선셋 레드,US-GA,southeast,47840
2024-05,VF3TPAAXRU0004601,TRN,2024,TRN-PR,3.5 가솔린,AWD,스노우 화이트,US-GA,west,52000
2024-05,VF3TSFBXRU0004602,TRN,2024,TRN-SU,3.5 가솔린,FWD,미드나잇 블랙,US-GA,south,59280
2024-05,VF3TSAEXRU0004603,TRN,2024,TRN-SU,3.5 가솔린,AWD,오션 블루,US-GA,south,59280
2024-05,VF3TCACXRU0004604,TRN,2024,TRN-CO,3.5 가솔린,AWD,스틸 그레이,US-GA,central,47840
2024-05,VF3TPAGXRU0004605,TRN,2024,TRN-PR,2.5T 하이브리드,AWD,포레스트 그린,US-GA,southeast,52000
2024-05,VF3TCAEXRU0004606,TRN,2024,TRN-CO,3.5 가솔린,AWD,오션 블루,US-GA,south,47840
2024-05,VF3TCABXRU0004607,TRN,2024,TRN-CO,3.5 가솔린,AWD,미드나잇 블랙,US-GA,west,47840
2024-05,VF3TPAAXRU0004608,TRN,2024,TRN-PR,2.5T 하이브리드,AWD,스노우 화이트,US-GA,northeast,52000
2024-05,VF3TPAAXRU0004609,TRN,2024,TRN-PR,3.5 가솔린,AWD,스노우 화이트,US-GA,central,52000
2024-05,VF3TPAEXRU0004610,TRN,2024,TRN-PR,3.5 가솔린,AWD,오션 블루,US-GA,northeast,52000
2024-05,VF3TSAGXRU0004611,TRN,2024,TRN-SU,3.5 가솔린,AWD,포레스트 그린,US-GA,south,59280
2024-05,VF3TPFBXRU0004612,TRN,2024,TRN-PR,3.5 가솔린,FWD,미드나잇 블랙,US-GA,southeast,52000
2024-05,VF3TSAHXRU0004613,TRN,2024,TRN-SU,2.5T 하이브리드,AWD,샌드 베이지,US-GA,northeast,59280
2024-05,VF3TCAAXRU0004614,TRN,2024,TRN-CO,3.5 가솔린,AWD,스노우 화이트,US-GA,northeast,47840
2024-05,VF3TCADXRU0004615,TRN,2024,TRN-CO,2.5T 하이브리드,AWD,실버,US-GA,central,47840
2024-05,VF3TSAHXRU0004616,TRN,2024,TRN-SU,3.5 가솔린,AWD,샌드 베이지,US-GA,northeast,59280
2024-05,VF3TCFFXRU0004617,TRN,2024,TRN-CO,2.5T 하이브리드,FWD,선셋 레드,US-GA,south,47840
2024-05,VF3TCADXRU0004618,TRN,2024,TRN-CO,2.5T 하이브리드,AWD,실버,US-GA,northeast,47840
2024-05,VF3TPADXRU0004619,TRN,2024,TRN-PR,2.5T 하이브리드,AWD,실버,US-GA,southeast,52000
2024-05,VF3TPFCXRU0004620,TRN,2024,TRN-PR,2.5T 하이브리드,FWD,스틸 그레이,US-GA,central,52000
2024-05,VF3TCAEXRU0004621,TRN,2024,TRN-CO,3.5 가솔린,AWD,오션 블루,US-GA,west,47840
2024-05,VF3TSFBXRU0004622,TRN,2024,TRN-SU,2.5T 하이브리드,FWD,미드나잇 블랙,US-GA,southeast,59280
2024-05,VF3TSABXRU0004623,TRN,2024,TRN-SU,3.5 가솔린,AWD,미드나잇 블랙,US-GA,southeast,59280
2024-05,VF3TCACXRU0004624,TRN,2024,TRN-CO,3.5 가솔린,AWD,스틸 그레이,US-GA,northeast,47840
2024-05,VF3TPFAXRU0004625,TRN,2024,TRN-PR,2.5T 하이브리드,FWD,스노우 화이트,US-GA,west,52000
2024-05,VF3TCAFXRU0004626,TRN,2024,TRN-CO,3.5 가솔린,AWD,선셋 레드,US-GA,northeast,47840
2024-05,VF3TCFAXRU0004627,TRN,2024,TRN-CO,3.5 가솔린,FWD,스노우 화이트,US-GA,southeast,47840
2024-05,VF3TCACXRU0004628,TRN,2024,TRN-CO,3.5 가솔린,AWD,스틸 그레이,US-GA,northeast,47840
2024-05,VF3TSFFXRU0004629,TRN,2024,TRN-SU,3.5 가솔린,FWD,선셋 레드,US-GA,south,59280
2024-05,VF3TPFAXRU0004630,TRN,2024,TRN-PR,3.5 가솔린,FWD,스노우 화이트,US-GA,south,52000
2024-05,VF3TSAHXRU0004631,TRN,2024,TRN-SU,2.5T 하이브리드,AWD,샌드 베이지,US-GA,west,59280
2024-05,VF3TPAAXRU0004632,TRN,2024,TRN-PR,3.5 가솔린,AWD,스노우 화이트,US-GA,south,52000
2024-05,VF3TSAEXRU0004633,TRN,2024,TRN-SU,2.5T 하이브리드,AWD,오션 블루,US-GA,northeast,59280
2024-05,VF3TPAAXRU0004634,TRN,2024,TRN-PR,2.5T 하이브리드,AWD,스노우 화이트,US-GA,central,52000
2024-05,VF3TPAGXRU0004635,TRN,2024,TRN-PR,3.5 가솔린,AWD,포레스트 그린,US-GA,northeast,52000
2024-05,VF3TCAEXRU0004636,TRN,2024,TRN-CO,3.5 가솔린,AWD,오션 블루,US-GA,northeast,47840
2024-05,VF3TCAAXRU0004637,TRN,2024,TRN-CO,3.5 가솔린,AWD,스노우 화이트,US-GA,central,47840
2024-05,VF3TCABXRU0004638,TRN,2024,TRN-CO,3.5 가솔린,AWD,미드나잇 블랙,US-GA,west,47840
2024-05,VF3TSABXRU0004639,TRN,2024,TRN-SU,3.5 가솔린,AWD,미드나잇 블랙,US-GA,south,59280
2024-05,VF3TPAAXRU0004640,TRN,2024,TRN-PR,3.5 가솔린,AWD,스노우 화이트,US-GA,west,52000
2024-05,VF3TPFAXRU0004641,TRN,2024,TRN-PR,3.5 가솔린,FWD,스노우 화이트,US-GA,southeast,52000
2024-05,VF3TCABXRU0004642,TRN,2024,TRN-CO,3.5 가솔린,AWD,미드나잇 블랙,US-GA,southeast,47840
2024-05,VF3TPABXRU0004643,TRN,2024,TRN-PR,3.5 가솔린,AWD,미드나잇 블랙,US-GA,northeast,52000
2024-05,VF3TCAAXRU0004644,TRN,2024,TRN-CO,2.5T 하이브리드,AWD,스노우 화이트,US-GA,central,47840
2024-05,VF3TSADXRU0004645,TRN,2024,TRN-SU,3.5 가솔린,AWD,실버,US-GA,central,59280
2024-05,VF3TCADXRU0004646,TRN,2024,TRN-CO,3.5 가솔린,AWD,실버,US-GA,southeast,47840
2024-05,VF3TSABXRU0004647,TRN,2024,TRN-SU,3.5 가솔린,AWD,미드나잇 블랙,US-GA,west,59280
2024-05,VF3TSADXRU0004648,TRN,2024,TRN-SU,3.5 가솔린,AWD,실버,US-GA,west,59280
2024-05,VF3TCFAXRU0004649,TRN,2024,TRN-CO,3.5 가솔린,FWD,스노우 화이트,US-GA,south,47840
2024-05,VF3TSFAXRU0004650,TRN,2024,TRN-SU,2.5T 하이브리드,FWD,스노우 화이트,US-GA,southeast,59280
2024-05,VF3TCAFXRU0004651,TRN,2024,TRN-CO,2.5T 하이브리드,AWD,선셋 레드,US-GA,central,47840
2024-05,VF3TPAGXRU0004652,TRN,2024,TRN-PR,2.5T 하이브리드,AWD,포레스트 그린,US-GA,central,52000
2024-05,VF3TCADXRU0004653,TRN,2024,TRN-CO,3.5 가솔린,AWD,실버,US-GA,central,47840
2024-05,VF3TCAAXRU0004654,TRN,2024,TRN-CO,2.5T 하이브리드,AWD,스노우 화이트,US-GA,central,47840
2024-05,VF3TSADXRU0004655,TRN,2024,TRN-SU,2.5T 하이브리드,AWD,실버,US-GA,central,59280
2024-05,VF3TPABXRU0004656,TRN,2024,TRN-PR,2.5T 하이브리드,AWD,미드나잇 블랙,US-GA,central,52000
2024-05,VF3TPACXRU0004657,TRN,2024,TRN-PR,3.5 가솔린,AWD,스틸 그레이,US-GA,northeast,52000
2024-05,VF3TPABXRU0004658,TRN,2024,TRN-PR,3.5 가솔린,AWD,미드나잇 블랙,US-GA,northeast,52000
2024-05,VF3TCFBXRU0004659,TRN,2024,TRN-CO,2.5T 하이브리드,FWD,미드나잇 블랙,US-GA,southeast,47840
2024-05,VF3TCFCXRU0004660,TRN,2024,TRN-CO,2.5T 하이브리드,FWD,스틸 그레이,US-GA,west,47840
2024-05,VF3TPFDXRU0004661,TRN,2024,TRN-PR,3.5 가솔린,FWD,실버,US-GA,south,52000
2024-05,VF3TCABXRU0004662,TRN,2024,TRN-CO,2.5T 하이브리드,AWD,미드나잇 블랙,US-GA,west,47840
2024-05,VF3TPAAXRU0004663,TRN,2024,TRN-PR,3.5 가솔린,AWD,스노우 화이트,US-GA,south,52000
2024-05,VF3TSABXRU0004664,TRN,2024,TRN-SU,2.5T 하이브리드,AWD,미드나잇 블랙,US-GA,northeast,59280
2024-05,VF3TPAAXRU0004665,TRN,2024,TRN-PR,3.5 가솔린,AWD,스노우 화이트,US-GA,southeast,52000
2024-05,VF3TPFBXRU0004666,TRN,2024,TRN-PR,3.5 가솔린,FWD,미드나잇 블랙,US-GA,west,52000
2024-05,VF3TCAAXRU0004667,TRN,2024,TRN-CO,3.5 가솔린,AWD,스노우 화이트,US-GA,southeast,47840
2024-05,VF3TCADXRU0004668,TRN,2024,TRN-CO,3.5 가솔린,AWD,실버,US-GA,west,47840
2024-05,VF3TCFCXRU0004669,TRN,2024,TRN-CO,3.5 가솔린,FWD,스틸 그레이,US-GA,west,47840
2024-05,VF3TCAAXRU0004670,TRN,2024,TRN-CO,2.5T 하이브리드,AWD,스노우 화이트,US-GA,northeast,47840
2024-05,VF3TCAEXRU0004671,TRN,2024,TRN-CO,3.5 가솔린,AWD,오션 블루,US-GA,west,47840
2024-05,VF3TPAAXRU0004672,TRN,2024,TRN-PR,3.5 가솔린,AWD,스노우 화이트,US-GA,west,52000
2024-05,VF3TCFAXRU0004673,TRN,2024,TRN-CO,3.5 가솔린,FWD,스노우 화이트,US-GA,south,47840
2024-05,VF3TPAAXRU0004674,TRN,2024,TRN-PR,3.5 가솔린,AWD,스노우 화이트,US-GA,central,52000
2024-05,VF3TSAGXRU0004675,TRN,2024,TRN-SU,3.5 가솔린,AWD,포레스트 그린,US-GA,northeast,59280
2024-05,VF3TSABXRU0004676,TRN,2024,TRN-SU,3.5 가솔린,AWD,미드나잇 블랙,US-GA,south,59280
2024-05,VF3TCFCXRU0004677,TRN,2024,TRN-CO,3.5 가솔린,FWD,스틸 그레이,US-GA,south,47840
2024-05,VF3TCADXRU0004678,TRN,2024,TRN-CO,3.5 가솔린,AWD,실버,US-GA,south,47840
2024-05,VF3TPAGXRU0004679,TRN,2024,TRN-PR,3.5 가솔린,AWD,포레스트 그린,US-GA,west,52000
2024-05,VF3TPAEXRU0004680,TRN,2024,TRN-PR,2.5T 하이브리드,AWD,오션 블루,US-GA,northeast,52000
2024-05,VF3TPACXRU0004681,TRN,2024,TRN-PR,3.5 가솔린,AWD,스틸 그레이,US-GA,south,52000
2024-05,VF3TPACXRU0004682,TRN,2024,TRN-PR,3.5 가솔린,AWD,스틸 그레이,US-GA,southeast,52000
2024-05,VF3TSAGXRU0004683,TRN,2024,TRN-SU,3.5 가솔린,AWD,포레스트 그린,US-GA,southeast,59280
2024-05,VF3TCAFXRU0004684,TRN,2024,TRN-CO,2.5T 하이브리드,AWD,선셋 레드,US-GA,central,47840
2024-05,VF3TSAAXRU0004685,TRN,2024,TRN-SU,3.5 가솔린,AWD,스노우 화이트,US-GA,central,59280
2024-05,VF3TCACXRU0004686,TRN,2024,TRN-CO,3.5 가솔린,AWD,스틸 그레이,US-GA,west,47840
2024-05,VF3TPFAXRU0004687,TRN,2024,TRN-PR,3.5 가솔린,FWD,스노우 화이트,US-GA,south,52000
2024-05,VF3TCAEXRU0004688,TRN,2024,TRN-CO,3.5 가솔린,AWD,오션 블루,US-GA,northeast,47840
2024-05,VF3TSAHXRU0004689,TRN,2024,TRN-SU,3.5 가솔린,AWD,샌드 베이지,US-GA,northeast,59280
2024-05,VF3TPAGXRU0004690,TRN,2024,TRN-PR,3.5 가솔린,AWD,포레스트 그린,US-GA,central,52000
2024-05,VF3TPAGXRU0004691,TRN,2024,TRN-PR,3.5 가솔린,AWD,포레스트 그린,US-GA,west,52000
2024-05,VF3TPADXRU0004692,TRN,2024,TRN-PR,2.5T 하이브리드,AWD,실버,US-GA,south,52000
2024-05,VF3TCFEXRU0004693,TRN,2024,TRN-CO,3.5 가솔린,FWD,오션 블루,US-GA,west,47840
2024-05,VF3TCFAXRU0004694,TRN,2024,TRN-CO,2.5T 하이브리드,FWD,스노우 화이트,US-GA,west,47840
2024-05,VF3TCFDXRU0004695,TRN,2024,TRN-CO,3.5 가솔린,FWD,실버,US-GA,central,47840
2024-05,VF3TCFCXRU0004696,TRN,2024,TRN-CO,2.5T 하이브리드,FWD,스틸 그레이,US-GA,west,47840
2024-05,VF3TCFBXRU0004697,TRN,2024,TRN-CO,3.5 가솔린,FWD,미드나잇 블랙,US-GA,northeast,47840
2024-05,VF3TCACXRU0004698,TRN,2024,TRN-CO,3.5 가솔린,AWD,스틸 그레이,US-GA,central,47840
2024-05,VF3TPAFXRU0004699,TRN,2024,TRN-PR,3.5 가솔린,AWD,선셋 레드,US-GA,south,52000
2024-05,VF3TPAGXRU0004700,TRN,2024,TRN-PR,3.5 가솔린,AWD,포레스트 그린,US-GA,southeast,52000
2024-05,VF3TSFAXRU0004701,TRN,2024,TRN-SU,2.5T 하이브리드,FWD,스노우 화이트,US-GA,west,59280
2024-05,VF3TSABXRU0004702,TRN,2024,TRN-SU,3.5 가솔린,AWD,미드나잇 블랙,US-GA,southeast,59280
2024-05,VF3TCAFXRU0004703,TRN,2024,TRN-CO,2.5T 하이브리드,AWD,선셋 레드,US-GA,northeast,47840
2024-05,VF3TPFFXRU0004704,TRN,2024,TRN-PR,2.5T 하이브리드,FWD,선셋 레드,US-GA,southeast,52000
2024-05,VF3TCADXRU0004705,TRN,2024,TRN-CO,3.5 가솔린,AWD,실버,US-GA,northeast,47840
2024-05,VF3TCAHXRU0004706,TRN,2024,TRN-CO,3.5 가솔린,AWD,샌드 베이지,US-GA,northeast,47840
2024-05,VF3TCACXRU0004707,TRN,2024,TRN-CO,2.5T 하이브리드,AWD,스틸 그레이,US-GA,central,47840
2024-05,VF3TSABXRU0004708,TRN,2024,TRN-SU,2.5T 하이브리드,AWD,미드나잇 블랙,US-GA,central,59280
2024-05,VF3TPAAXRU0004709,TRN,2024,TRN-PR,3.5 가솔린,AWD,스노우 화이트,US-GA,south,52000
2024-05,VF3TSAAXRU0004710,TRN,2024,TRN-SU,3.5 가솔린,AWD,스노우 화이트,US-GA,northeast,59280
2024-05,VF3TCABXRU0004711,TRN,2024,TRN-CO,2.5T 하이브리드,AWD,미드나잇 블랙,US-GA,central,47840
2024-05,VF3TPFAXRU0004712,TRN,2024,TRN-PR,3.5 가솔린,FWD,스노우 화이트,US-GA,west,52000
2024-05,VF3TCAGXRU0004713,TRN,2024,TRN-CO,3.5 가솔린,AWD,포레스트 그린,US-GA,south,47840
2024-05,VF3TSACXRU0004714,TRN,2024,TRN-SU,2.5T 하이브리드,AWD,스틸 그레이,US-GA,northeast,59280
2024-05,VF3TPFCXRU0004715,TRN,2024,TRN-PR,2.5T 하이브리드,FWD,스틸 그레이,US-GA,southeast,52000
2024-05,VF3TCFEXRU0004716,TRN,2024,TRN-CO,3.5 가솔린,FWD,오션 블루,US-GA,west,47840
2024-05,VF3TPAAXRU0004717,TRN,2024,TRN-PR,3.5 가솔린,AWD,스노우 화이트,US-GA,northeast,52000
2024-05,VF3TCFCXRU0004718,TRN,2024,TRN-CO,2.5T 하이브리드,FWD,스틸 그레이,US-GA,south,47840
2024-05,VF3TSFBXRU0004719,TRN,2024,TRN-SU,3.5 가솔린,FWD,미드나잇 블랙,US-GA,south,59280
2024-05,VF3TCFHXRU0004720,TRN,2024,TRN-CO,3.5 가솔린,FWD,샌드 베이지,US-GA,south,47840
2024-05,VF3TPAEXRU0004721,TRN,2024,TRN-PR,3.5 가솔린,AWD,오션 블루,US-GA,west,52000
2024-05,VF3TPAEXRU0004722,TRN,2024,TRN-PR,3.5 가솔린,AWD,오션 블루,US-GA,southeast,52000
2024-05,VF3TSFGXRU0004723,TRN,2024,TRN-SU,3.5 가솔린,FWD,포레스트 그린,US-GA,south,59280
2024-05,VF3TPFDXRU0004724,TRN,2024,TRN-PR,2.5T 하이브리드,FWD,실버,US-GA,west,52000
2024-05,VF3TPACXRU0004725,TRN,2024,TRN-PR,3.5 가솔린,AWD,스틸 그레이,US-GA,northeast,52000
2024-05,VF3TPAAXRU0004726,TRN,2024,TRN-PR,2.5T 하이브리드,AWD,스노우 화이트,US-GA,west,52000
2024-05,VF3TSAFXRU0004727,TRN,2024,TRN-SU,2.5T 하이브리드,AWD,선셋 레드,US-GA,northeast,59280
2024-05,VF3TPACXRU0004728,TRN,2024,TRN-PR,2.5T 하이브리드,AWD,스틸 그레이,US-GA,west,52000
2024-05,VF3TSFBXRU0004729,TRN,2024,TRN-SU,2.5T 하이브리드,FWD,미드나잇 블랙,US-GA,south,59280
2024-05,VF3TSADXRU0004730,TRN,2024,TRN-SU,3.5 가솔린,AWD,실버,US-GA,southeast,59280
2024-05,VF3TPAGXRU0004731,TRN,2024,TRN-PR,2.5T 하이브리드,AWD,포레스트 그린,US-GA,west,52000
2024-05,VF3TCFFXRU0004732,TRN,2024,TRN-CO,3.5 가솔린,FWD,선셋 레드,US-GA,south,47840
2024-05,VF3TCAAXRU0004733,TRN,2024,TRN-CO,3.5 가솔린,AWD,스노우 화이트,US-GA,west,47840
2024-05,VF3TSACXRU0004734,TRN,2024,TRN-SU,2.5T 하이브리드,AWD,스틸 그레이,US-GA,northeast,59280
2024-05,VF3TPFBXRU0004735,TRN,2024,TRN-PR,2.5T 하이브리드,FWD,미드나잇 블랙,US-GA,west,52000
2024-05,VF3TCADXRU0004736,TRN,2024,TRN-CO,3.5 가솔린,AWD,실버,US-GA,central,47840
2024-05,VF3TPADXRU0004737,TRN,2024,TRN-PR,3.5 가솔린,AWD,실버,US-GA,southeast,52000
2024-05,VF3TSABXRU0004738,TRN,2024,TRN-SU,3.5 가솔린,AWD,미드나잇 블랙,US-GA,southeast,59280
2024-05,VF3TCAAXRU0004739,TRN,2024,TRN-CO,3.5 가솔린,AWD,스노우 화이트,US-GA,southeast,47840
2024-05,VF3TSFAXRU0004740,TRN,2024,TRN-SU,2.5T 하이브리드,FWD,스노우 화이트,US-GA,west,59280
2024-05,VF3TPFCXRU0004741,TRN,2024,TRN-PR,3.5 가솔린,FWD,스틸 그레이,US-GA,southeast,52000
2024-05,VF3TSAAXRU0004742,TRN,2024,TRN-SU,2.5T 하이브리드,AWD,스노우 화이트,US-GA,northeast,59280
2024-05,VF3TCACXRU0004743,TRN,2024,TRN-CO,3.5 가솔린,AWD,스틸 그레이,US-GA,northeast,47840
2024-05,VF3TPFCXRU0004744,TRN,2024,TRN-PR,2.5T 하이브리드,FWD,스틸 그레이,US-GA,south,52000
2024-05,VF3TCABXRU0004745,TRN,2024,TRN-CO,3.5 가솔린,AWD,미드나잇 블랙,US-GA,west,47840
2024-05,VF3TPAFXRU0004746,TRN,2024,TRN-PR,3.5 가솔린,AWD,선셋 레드,US-GA,southeast,52000
2024-05,VF3TSFCXRU0004747,TRN,2024,TRN-SU,2.5T 하이브리드,FWD,스틸 그레이,US-GA,west,59280
2024-05,VF3TPAAXRU0004748,TRN,2024,TRN-PR,3.5 가솔린,AWD,스노우 화이트,US-GA,southeast,52000
2024-05,VF3TPABXRU0004749,TRN,2024,TRN-PR,3.5 가솔린,AWD,미드나잇 블랙,US-GA,central,52000
2024-05,VF3TPFAXRU0004750,TRN,2024,TRN-PR,3.5 가솔린,FWD,스노우 화이트,US-GA,south,52000
2024-05,VF3TSFBXRU0004751,TRN,2024,TRN-SU,2.5T 하이브리드,FWD,미드나잇 블랙,US-GA,west,59280
2024-05,VF3TPFBXRU0004752,TRN,2024,TRN-PR,2.5T 하이브리드,FWD,미드나잇 블랙,US-GA,southeast,52000
2024-05,VF3TSADXRU0004753,TRN,2024,TRN-SU,3.5 가솔린,AWD,실버,US-GA,south,59280
2024-05,VF3TCFBXRU0004754,TRN,2024,TRN-CO,3.5 가솔린,FWD,미드나잇 블랙,US-GA,west,47840
2024-05,VF3TPFCXRU0004755,TRN,2024,TRN-PR,2.5T 하이브리드,FWD,스틸 그레이,US-GA,southeast,52000
2024-05,VF3TPFHXRU0004756,TRN,2024,TRN-PR,3.5 가솔린,FWD,샌드 베이지,US-GA,south,52000
2024-05,VF3TCADXRU0004757,TRN,2024,TRN-CO,3.5 가솔린,AWD,실버,US-GA,northeast,47840
2024-05,VF3TPAAXRU0004758,TRN,2024,TRN-PR,3.5 가솔린,AWD,스노우 화이트,US-GA,central,52000
2024-05,VF3TPAAXRU0004759,TRN,2024,TRN-PR,2.5T 하이브리드,AWD,스노우 화이트,US-GA,southeast,52000
2024-05,VF3TCFCXRU0004760,TRN,2024,TRN-CO,3.5 가솔린,FWD,스틸 그레이,US-GA,west,47840
2024-05,VF3TCFGXRU0004761,TRN,2024,TRN-CO,2.5T 하이브리드,FWD,포레스트 그린,US-GA,southeast,47840
2024-05,VF3TCFBXRU0004762,TRN,2024,TRN-CO,2.5T 하이브리드,FWD,미드나잇 블랙,US-GA,southeast,47840
2024-05,VF3TPADXRU0004763,TRN,2024,TRN-PR,3.5 가솔린,AWD,실버,US-GA,west,52000
2024-05,VF3TPAAXRU0004764,TRN,2024,TRN-PR,3.5 가솔린,AWD,스노우 화이트,US-GA,northeast,52000
2024-05,VF3TCFCXRU0004765,TRN,2024,TRN-CO,2.5T 하이브리드,FWD,스틸 그레이,US-GA,southeast,47840
2024-05,VF3TPAHXRU0004766,TRN,2024,TRN-PR,2.5T 하이브리드,AWD,샌드 베이지,US-GA,central,52000
2024-05,VF3TCAAXRU0004767,TRN,2024,TRN-CO,2.5T 하이브리드,AWD,스노우 화이트,US-GA,west,47840
2024-05,VF3TCFBXRU0004768,TRN,2024,TRN-CO,2.5T 하이브리드,FWD,미드나잇 블랙,US-GA,west,47840
2024-05,VF3TSFAXRU0004769,TRN,2024,TRN-SU,2.5T 하이브리드,FWD,스노우 화이트,US-GA,west,59280
2024-05,VF3TCFAXRU0004770,TRN,2024,TRN-CO,2.5T 하이브리드,FWD,스노우 화이트,US-GA,southeast,47840
2024-05,VF3TCACXRU0004771,TRN,2024,TRN-CO,3.5 가솔린,AWD,스틸 그레이,US-GA,west,47840
2024-05,VF3TPAAXRU0004772,TRN,2024,TRN-PR,3.5 가솔린,AWD,스노우 화이트,US-GA,south,52000
2024-05,VF3TSADXRU0004773,TRN,2024,TRN-SU,3.5 가솔린,AWD,실버,US-GA,northeast,59280
2024-05,VF3TCADXRU0004774,TRN,2024,TRN-CO,3.5 가솔린,AWD,실버,US-GA,central,47840
2024-05,VF3TCFBXRU0004775,TRN,2024,TRN-CO,3.5 가솔린,FWD,미드나잇 블랙,US-GA,south,47840
2024-05,VF3TPAAXRU0004776,TRN,2024,TRN-PR,3.5 가솔린,AWD,스노우 화이트,US-GA,central,52000
2024-05,VF3TPAAXRU0004777,TRN,2024,TRN-PR,3.5 가솔린,AWD,스노우 화이트,US-GA,southeast,52000
2024-05,VF3TCAGXRU0004778,TRN,2024,TRN-CO,3.5 가솔린,AWD,포레스트 그린,US-GA,south,47840
2024-05,VF3TSFCXRU0004779,TRN,2024,TRN-SU,3.5 가솔린,FWD,스틸 그레이,US-GA,west,59280
2024-05,VF3TPFAXRU0004780,TRN,2024,TRN-PR,3.5 가솔린,FWD,스노우 화이트,US-GA,west,52000
2024-05,VF3TCACXRU0004781,TRN,2024,TRN-CO,3.5 가솔린,AWD,스틸 그레이,US-GA,southeast,47840
2024-05,VF3TCFGXRU0004782,TRN,2024,TRN-CO,3.5 가솔린,FWD,포레스트 그린,US-GA,southeast,47840
2024-05,VF3TCACXRU0004783,TRN,2024,TRN-CO,2.5T 하이브리드,AWD,스틸 그레이,US-GA,southeast,47840
2024-05,VF3TCAEXRU0004784,TRN,2024,TRN-CO,2.5T 하이브리드,AWD,오션 블루,US-GA,northeast,47840
2024-05,VF3TPABXRU0004785,TRN,2024,TRN-PR,3.5 가솔린,AWD,미드나잇 블랙,US-GA,northeast,52000
2024-05,VF3TCFBXRU0004786,TRN,2024,TRN-CO,3.5 가솔린,FWD,미드나잇 블랙,US-GA,south,47840
2024-05,VF3TCFCXRU0004787,TRN,2024,TRN-CO,3.5 가솔린,FWD,스틸 그레이,US-GA,south,47840
2024-05,VF3TPAEXRU0004788,TRN,2024,TRN-PR,3.5 가솔린,AWD,오션 블루,US-GA,central,52000
2024-05,VF3TPAAXRU0004789,TRN,2024,TRN-PR,2.5T 하이브리드,AWD,스노우 화이트,US-GA,south,52000
2024-05,VF3TPABXRU0004790,TRN,2024,TRN-PR,3.5 가솔린,AWD,미드나잇 블랙,US-GA,central,52000
2024-05,VF3TPFDXRU0004791,TRN,2024,TRN-PR,3.5 가솔린,FWD,실버,US-GA,south,52000
2024-05,VF3TSFBXRU0004792,TRN,2024,TRN-SU,3.5 가솔린,FWD,미드나잇 블랙,US-GA,south,59280
2024-05,VF3TCAFXRU0004793,TRN,2024,TRN-CO,3.5 가솔린,AWD,선셋 레드,US-GA,west,47840
2024-05,VF3TPACXRU0004794,TRN,2024,TRN-PR,3.5 가솔린,AWD,스틸 그레이,US-GA,west,52000
2024-05,VF3TPAAXRU0004795,TRN,2024,TRN-PR,3.5 가솔린,AWD,스노우 화이트,US-GA,central,52000
2024-05,VF3TPABXRU0004796,TRN,2024,TRN-PR,2.5T 하이브리드,AWD,미드나잇 블랙,US-GA,southeast,52000
2024-05,VF3TSFGXRU0004797,TRN,2024,TRN-SU,2.5T 하이브리드,FWD,포레스트 그린,US-GA,west,59280
2024-05,VF3TPACXRU0004798,TRN,2024,TRN-PR,3.5 가솔린,AWD,스틸 그레이,US-GA,northeast,52000
2024-05,VF3TSFAXRU0004799,TRN,2024,TRN-SU,2.5T 하이브리드,FWD,스노우 화이트,US-GA,south,59280
2024-05,VF3TCAEXRU0004800,TRN,2024,TRN-CO,3.5 가솔린,AWD,오션 블루,US-GA,northeast,47840
2024-05,VF3TPAAXRU0004801,TRN,2024,TRN-PR,2.5T 하이브리드,AWD,스노우 화이트,US-GA,northeast,52000
2024-05,VF3TPFAXRU0004802,TRN,2024,TRN-PR,2.5T 하이브리드,FWD,스노우 화이트,US-GA,central,52000
2024-05,VF3TPAEXRU0004803,TRN,2024,TRN-PR,2.5T 하이브리드,AWD,오션 블루,US-GA,south,52000
2024-05,VF3TPABXRU0004804,TRN,2024,TRN-PR,2.5T 하이브리드,AWD,미드나잇 블랙,US-GA,south,52000
2024-05,VF3TSAFXRU0004805,TRN,2024,TRN-SU,3.5 가솔린,AWD,선셋 레드,US-GA,west,59280
2024-05,VF3TCAEXRU0004806,TRN,2024,TRN-CO,3.5 가솔린,AWD,오션 블루,US-GA,northeast,47840
2024-05,VF3TPAHXRU0004807,TRN,2024,TRN-PR,3.5 가솔린,AWD,샌드 베이지,US-GA,northeast,52000
2024-05,VF3TPABXRU0004808,TRN,2024,TRN-PR,3.5 가솔린,AWD,미드나잇 블랙,US-GA,southeast,52000
2024-05,VF3TCAAXRU0004809,TRN,2024,TRN-CO,3.5 가솔린,AWD,스노우 화이트,US-GA,south,47840
2024-05,VF3TPABXRU0004810,TRN,2024,TRN-PR,3.5 가솔린,AWD,미드나잇 블랙,US-GA,west,52000
2024-05,VF3TPAAXRU0004811,TRN,2024,TRN-PR,3.5 가솔린,AWD,스노우 화이트,US-GA,south,52000
2024-05,VF3TSFHXRU0004812,TRN,2024,TRN-SU,3.5 가솔린,FWD,샌드 베이지,US-GA,south,59280
2024-05,VF3TSAAXRU0004813,TRN,2024,TRN-SU,3.5 가솔린,AWD,스노우 화이트,US-GA,west,59280
2024-05,VF3TPADXRU0004814,TRN,2024,TRN-PR,3.5 가솔린,AWD,실버,US-GA,northeast,52000
2024-05,VF3TPABXRU0004815,TRN,2024,TRN-PR,3.5 가솔린,AWD,미드나잇 블랙,US-GA,central,52000
2024-05,VF3TCACXRU0004816,TRN,2024,TRN-CO,2.5T 하이브리드,AWD,스틸 그레이,US-GA,south,47840
2024-05,VF3TPABXRU0004817,TRN,2024,TRN-PR,3.5 가솔린,AWD,미드나잇 블랙,US-GA,west,52000
2024-05,VF3TCACXRU0004818,TRN,2024,TRN-CO,3.5 가솔린,AWD,스틸 그레이,US-GA,south,47840
2024-05,VF3TPACXRU0004819,TRN,2024,TRN-PR,3.5 가솔린,AWD,스틸 그레이,US-GA,west,52000
2024-05,VF3TPAAXRU0004820,TRN,2024,TRN-PR,2.5T 하이브리드,AWD,스노우 화이트,US-GA,west,52000
2024-05,VF3TSADXRU0004821,TRN,2024,TRN-SU,2.5T 하이브리드,AWD,실버,US-GA,south,59280
2024-05,VF3TPACXRU0004822,TRN,2024,TRN-PR,3.5 가솔린,AWD,스틸 그레이,US-GA,southeast,52000
2024-05,VF3TPFCXRU0004823,TRN,2024,TRN-PR,2.5T 하이브리드,FWD,스틸 그레이,US-GA,west,52000
2024-05,VF3TPFDXRU0004824,TRN,2024,TRN-PR,3.5 가솔린,FWD,실버,US-GA,west,52000
2024-05,VF3TPADXRU0004825,TRN,2024,TRN-PR,3.5 가솔린,AWD,실버,US-GA,central,52000
2024-05,VF3TCAEXRU0004826,TRN,2024,TRN-CO,2.5T 하이브리드,AWD,오션 블루,US-GA,south,47840
2024-05,VF3TCACXRU0004827,TRN,2024,TRN-CO,3.5 가솔린,AWD,스틸 그레이,US-GA,west,47840
2024-05,VF3TCFAXRU0004828,TRN,2024,TRN-CO,3.5 가솔린,FWD,스노우 화이트,US-GA,northeast,47840
2024-05,VF3TPABXRU0004829,TRN,2024,TRN-PR,3.5 가솔린,AWD,미드나잇 블랙,US-GA,west,52000
2024-05,VF3TPAHXRU0004830,TRN,2024,TRN-PR,2.5T 하이브리드,AWD,샌드 베이지,US-GA,south,52000
2024-05,VF3TCFCXRU0004831,TRN,2024,TRN-CO,3.5 가솔린,FWD,스틸 그레이,US-GA,west,47840
2024-05,VF3TSFDXRU0004832,TRN,2024,TRN-SU,3.5 가솔린,FWD,실버,US-GA,south,59280
2024-05,VF3TCABXRU0004833,TRN,2024,TRN-CO,3.5 가솔린,AWD,미드나잇 블랙,US-GA,west,47840
2024-05,VF3TPABXRU0004834,TRN,2024,TRN-PR,3.5 가솔린,AWD,미드나잇 블랙,US-GA,southeast,52000
2024-05,VF3TCACXRU0004835,TRN,2024,TRN-CO,2.5T 하이브리드,AWD,스틸 그레이,US-GA,northeast,47840
2024-05,VF3TSFEXRU0004836,TRN,2024,TRN-SU,2.5T 하이브리드,FWD,오션 블루,US-GA,southeast,59280
2024-05,VF3TCFEXRU0004837,TRN,2024,TRN-CO,3.5 가솔린,FWD,오션 블루,US-GA,northeast,47840
2024-05,VF3TCAAXRU0004838,TRN,2024,TRN-CO,3.5 가솔린,AWD,스노우 화이트,US-GA,northeast,47840
2024-05,VF3TSFHXRU0004839,TRN,2024,TRN-SU,3.5 가솔린,FWD,샌드 베이지,US-GA,southeast,59280
2024-05,VF3TPAGXRU0004840,TRN,2024,TRN-PR,3.5 가솔린,AWD,포레스트 그린,US-GA,southeast,52000
2024-05,VF3TPAHXRU0004841,TRN,2024,TRN-PR,2.5T 하이브리드,AWD,샌드 베이지,US-GA,central,52000
2024-05,VF3TCFAXRU0004842,TRN,2024,TRN-CO,3.5 가솔린,FWD,스노우 화이트,US-GA,south,47840
2024-05,VF3TSADXRU0004843,TRN,2024,TRN-SU,3.5 가솔린,AWD,실버,US-GA,central,59280
2024-05,VF3TCADXRU0004844,TRN,2024,TRN-CO,3.5 가솔린,AWD,실버,US-GA,northeast,47840
2024-05,VF3TPAEXRU0004845,TRN,2024,TRN-PR,2.5T 하이브리드,AWD,오션 블루,US-GA,northeast,52000
2024-05,VF3TCAFXRU0004846,TRN,2024,TRN-CO,3.5 가솔린,AWD,선셋 레드,US-GA,central,47840
2024-05,VF3TPABXRU0004847,TRN,2024,TRN-PR,2.5T 하이브리드,AWD,미드나잇 블랙,US-GA,central,52000
2024-05,VF3TCAAXRU0004848,TRN,2024,TRN-CO,3.5 가솔린,AWD,스노우 화이트,US-GA,west,47840
2024-05,VF3TCAAXRU0004849,TRN,2024,TRN-CO,2.5T 하이브리드,AWD,스노우 화이트,US-GA,central,47840
2024-05,VF3TPABXRU0004850,TRN,2024,TRN-PR,2.5T 하이브리드,AWD,미드나잇 블랙,US-GA,southeast,52000
2024-05,VF3TPFDXRU0004851,TRN,2024,TRN-PR,2.5T 하이브리드,FWD,실버,US-GA,west,52000
2024-05,VF3TPACXRU0004852,TRN,2024,TRN-PR,2.5T 하이브리드,AWD,스틸 그레이,US-GA,southeast,52000
2024-05,VF3TCACXRU0004853,TRN,2024,TRN-CO,3.5 가솔린,AWD,스틸 그레이,US-GA,southeast,47840
2024-05,VF3TPFBXRU0004854,TRN,2024,TRN-PR,2.5T 하이브리드,FWD,미드나잇 블랙,US-GA,south,52000
2024-05,VF3TPFCXRU0004855,TRN,2024,TRN-PR,3.5 가솔린,FWD,스틸 그레이,US-GA,southeast,52000
2024-05,VF3TCACXRU0004856,TRN,2024,TRN-CO,3.5 가솔린,AWD,스틸 그레이,US-GA,south,47840
2024-05,VF3TPAAXRU0004857,TRN,2024,TRN-PR,2.5T 하이브리드,AWD,스노우 화이트,US-GA,central,52000
2024-05,VF3TCAHXRU0004858,TRN,2024,TRN-CO,2.5T 하이브리드,AWD,샌드 베이지,US-GA,central,47840
2024-05,VF3TCFBXRU0004859,TRN,2024,TRN-CO,2.5T 하이브리드,FWD,미드나잇 블랙,US-GA,southeast,47840
2024-05,VF3TCAFXRU0004860,TRN,2024,TRN-CO,2.5T 하이브리드,AWD,선셋 레드,US-GA,south,47840
2024-05,VF3TPACXRU0004861,TRN,2024,TRN-PR,3.5 가솔린,AWD,스틸 그레이,US-GA,southeast,52000
2024-05,VF3TPACXRU0004862,TRN,2024,TRN-PR,3.5 가솔린,AWD,스틸 그레이,US-GA,southeast,52000
2024-05,VF3TPAAXRU0004863,TRN,2024,TRN-PR,3.5 가솔린,AWD,스노우 화이트,US-GA,central,52000
2024-05,VF3TPAAXRU0004864,TRN,2024,TRN-PR,2.5T 하이브리드,AWD,스노우 화이트,US-GA,west,52000
2024-05,VF3TPACXRU0004865,TRN,2024,TRN-PR,2.5T 하이브리드,AWD,스틸 그레이,US-GA,central,52000
2024-05,VF3TPADXRU0004866,TRN,2024,TRN-PR,3.5 가솔린,AWD,실버,US-GA,west,52000
2024-05,VF3TPABXRU0004867,TRN,2024,TRN-PR,2.5T 하이브리드,AWD,미드나잇 블랙,US-GA,central,52000
2024-05,VF3TCFAXRU0004868,TRN,2024,TRN-CO,3.5 가솔린,FWD,스노우 화이트,US-GA,west,47840
2024-05,VF3TPAAXRU0004869,TRN,2024,TRN-PR,3.5 가솔린,AWD,스노우 화이트,US-GA,central,52000
2024-05,VF3TCAEXRU0004870,TRN,2024,TRN-CO,3.5 가솔린,AWD,오션 블루,US-GA,west,47840
2024-05,VF3TPFGXRU0004871,TRN,2024,TRN-PR,3.5 가솔린,FWD,포레스트 그린,US-GA,southeast,52000
2024-05,VF3TPAEXRU0004872,TRN,2024,TRN-PR,2.5T 하이브리드,AWD,오션 블루,US-GA,south,52000
2024-05,VF3TCAGXRU0004873,TRN,2024,TRN-CO,3.5 가솔린,AWD,포레스트 그린,US-GA,northeast,47840
2024-05,VF3TPAAXRU0004874,TRN,2024,TRN-PR,2.5T 하이브리드,AWD,스노우 화이트,US-GA,northeast,52000
2024-05,VF3TSFFXRU0004875,TRN,2024,TRN-SU,3.5 가솔린,FWD,선셋 레드,US-GA,south,59280
2024-05,VF3TPAAXRU0004876,TRN,2024,TRN-PR,2.5T 하이브리드,AWD,스노우 화이트,US-GA,northeast,52000
2024-05,VF3VCADXRU0004877,VST,2024,VST-CO,2.5 가솔린,AWD,실버,US-GA,west,35420
2024-05,VF3VPFBXRU0004878,VST,2024,VST-PR,1.6T 하이브리드,FWD,미드나잇 블랙,US-GA,central,38500
2024-05,VF3VPAFXRU0004879,VST,2024,VST-PR,2.5 가솔린,AWD,선셋 레드,US-GA,west,38500
2024-05,VF3VCFBXRU0004880,VST,2024,VST-CO,2.5 가솔린,FWD,미드나잇 블랙,US-GA,southeast,35420
2024-05,VF3VSFFXRU0004881,VST,2024,VST-TR,2.5 가솔린,FWD,선셋 레드,US-GA,south,43890
2024-05,VF3VSFDXRU0004882,VST,2024,VST-TR,2.5 가솔린,FWD,실버,US-GA,west,43890
2024-05,VF3VSFDXRU0004883,VST,2024,VST-TR,2.5 가솔린,FWD,실버,US-GA,west,43890
2024-05,VF3VPFAXRU0004884,VST,2024,VST-PR,2.5 가솔린,FWD,스노우 화이트,US-GA,west,38500
2024-05,VF3VCFBXRU0004885,VST,2024,VST-CO,2.5 가솔린,FWD,미드나잇 블랙,US-GA,west,35420
2024-05,VF3VPFEXRU0004886,VST,2024,VST-PR,2.5 가솔린,FWD,오션 블루,US-GA,west,38500
2024-05,VF3VCFCXRU0004887,VST,2024,VST-CO,2.5 가솔린,FWD,스틸 그레이,US-GA,south,35420
2024-05,VF3VCACXRU0004888,VST,2024,VST-CO,2.5 가솔린,AWD,스틸 그레이,US-GA,west,35420
2024-05,VF3VPFCXRU0004889,VST,2024,VST-PR,2.5 가솔린,FWD,스틸 그레이,US-GA,southeast,38500
2024-05,VF3VCFCXRU0004890,VST,2024,VST-CO,1.6T 하이브리드,FWD,스틸 그레이,US-GA,southeast,35420
2024-05,VF3VCABXRU0004891,VST,2024,VST-CO,1.6T 하이브리드,AWD,미드나잇 블랙,US-GA,west,35420
2024-05,VF3VPFCXRU0004892,VST,2024,VST-PR,1.6T 하이브리드,FWD,스틸 그레이,US-GA,central,38500
2024-05,VF3VPFCXRU0004893,VST,2024,VST-PR,2.5 가솔린,FWD,스틸 그레이,US-GA,northeast,38500
2024-05,VF3VCFEXRU0004894,VST,2024,VST-CO,1.6T 하이브리드,FWD,오션 블루,US-GA,south,35420
2024-05,VF3VSACXRU0004895,VST,2024,VST-TR,2.5 가솔린,AWD,스틸 그레이,US-GA,west,43890
2024-05,VF3VCADXRU0004896,VST,2024,VST-CO,1.6T 하이브리드,AWD,실버,US-GA,northeast,35420
2024-05,VF3VPFFXRU0004897,VST,2024,VST-PR,2.5 가솔린,FWD,선셋 레드,US-GA,south,38500
2024-05,VF3VSFEXRU0004898,VST,2024,VST-TR,2.5 가솔린,FWD,오션 블루,US-GA,northeast,43890
2024-05,VF3VCFFXRU0004899,VST,2024,VST-CO,1.6T 하이브리드,FWD,선셋 레드,US-GA,south,35420
2024-05,VF3VPADXRU0004900,VST,2024,VST-PR,2.5 가솔린,AWD,실버,US-GA,west,38500
2024-05,VF3VPFBXRU0004901,VST,2024,VST-PR,2.5 가솔린,FWD,미드나잇 블랙,US-GA,south,38500
2024-05,VF3VPFFXRU0004902,VST,2024,VST-PR,2.5 가솔린,FWD,선셋 레드,US-GA,central,38500
2024-05,VF3VSFCXRU0004903,VST,2024,VST-TR,2.5 가솔린,FWD,스틸 그레이,US-GA,south,43890
2024-05,VF3VCFAXRU0004904,VST,2024,VST-CO,1.6T 하이브리드,FWD,스노우 화이트,US-GA,west,35420
2024-05,VF3VPFAXRU0004905,VST,2024,VST-PR,1.6T 하이브리드,FWD,스노우 화이트,US-GA,northeast,38500
2024-05,VF3VSFDXRU0004906,VST,2024,VST-TR,2.5 가솔린,FWD,실버,US-GA,southeast,43890
2024-05,VF3VPFBXRU0004907,VST,2024,VST-PR,2.5 가솔린,FWD,미드나잇 블랙,US-GA,south,38500
2024-05,VF3VCFDXRU0004908,VST,2024,VST-CO,2.5 가솔린,FWD,실버,US-GA,southeast,35420
2024-05,VF3VPFCXRU0004909,VST,2024,VST-PR,2.5 가솔린,FWD,스틸 그레이,US-GA,northeast,38500
2024-05,VF3VPFHXRU0004910,VST,2024,VST-PR,1.6T 하이브리드,FWD,샌드 베이지,US-GA,northeast,38500
2024-05,VF3VPFCXRU0004911,VST,2024,VST-PR,1.6T 하이브리드,FWD,스틸 그레이,US-GA,southeast,38500
2024-05,VF3VCFBXRU0004912,VST,2024,VST-CO,1.6T 하이브리드,FWD,미드나잇 블랙,US-GA,west,35420
2024-05,VF3VPFCXRU0004913,VST,2024,VST-PR,1.6T 하이브리드,FWD,스틸 그레이,US-GA,west,38500
2024-05,VF3VPFDXRU0004914,VST,2024,VST-PR,2.5 가솔린,FWD,실버,US-GA,south,38500
2024-05,VF3VSABXRU0004915,VST,2024,VST-TR,2.5 가솔린,AWD,미드나잇 블랙,US-GA,west,43890
2024-05,VF3VPFFXRU0004916,VST,2024,VST-PR,2.5 가솔린,FWD,선셋 레드,US-GA,southeast,38500
2024-05,VF3VPAGXRU0004917,VST,2024,VST-PR,2.5 가솔린,AWD,포레스트 그린,US-GA,south,38500
2024-05,VF3VPADXRU0004918,VST,2024,VST-PR,1.6T 하이브리드,AWD,실버,US-GA,west,38500
2024-05,VF3VCFBXRU0004919,VST,2024,VST-CO,2.5 가솔린,FWD,미드나잇 블랙,US-GA,southeast,35420
2024-05,VF3VPAGXRU0004920,VST,2024,VST-PR,1.6T 하이브리드,AWD,포레스트 그린,US-GA,west,38500
2024-05,VF3VCFHXRU0004921,VST,2024,VST-CO,2.5 가솔린,FWD,샌드 베이지,US-GA,central,35420
2024-05,VF3VCADXRU0004922,VST,2024,VST-CO,2.5 가솔린,AWD,실버,US-GA,southeast,35420
2024-05,VF3VPFAXRU0004923,VST,2024,VST-PR,2.5 가솔린,FWD,스노우 화이트,US-GA,northeast,38500
2024-05,VF3VPFBXRU0004924,VST,2024,VST-PR,2.5 가솔린,FWD,미드나잇 블랙,US-GA,southeast,38500
2024-05,VF3VPAFXRU0004925,VST,2024,VST-PR,2.5 가솔린,AWD,선셋 레드,US-GA,south,38500
2024-05,VF3VPAFXRU0004926,VST,2024,VST-PR,2.5 가솔린,AWD,선셋 레드,US-GA,northeast,38500
2024-05,VF3VSFDXRU0004927,VST,2024,VST-TR,2.5 가솔린,FWD,실버,US-GA,west,43890
2024-05,VF3VCAAXRU0004928,VST,2024,VST-CO,1.6T 하이브리드,AWD,스노우 화이트,US-GA,west,35420
2024-05,VF3VPFEXRU0004929,VST,2024,VST-PR,2.5 가솔린,FWD,오션 블루,US-GA,west,38500
2024-05,VF3VCAGXRU0004930,VST,2024,VST-CO,1.6T 하이브리드,AWD,포레스트 그린,US-GA,west,35420
2024-05,VF3VCFBXRU0004931,VST,2024,VST-CO,2.5 가솔린,FWD,미드나잇 블랙,US-GA,central,35420
2024-05,VF3VSACXRU0004932,VST,2024,VST-TR,2.5 가솔린,AWD,스틸 그레이,US-GA,northeast,43890
2024-05,VF3VCFAXRU0004933,VST,2024,VST-CO,2.5 가솔린,FWD,스노우 화이트,US-GA,southeast,35420
2024-05,VF3VPFHXRU0004934,VST,2024,VST-PR,1.6T 하이브리드,FWD,샌드 베이지,US-GA,southeast,38500
2024-05,VF3VPFAXRU0004935,VST,2024,VST-PR,1.6T 하이브리드,FWD,스노우 화이트,US-GA,west,38500
2024-05,VF3VPFCXRU0004936,VST,2024,VST-PR,2.5 가솔린,FWD,스틸 그레이,US-GA,central,38500
2024-05,VF3VCFAXRU0004937,VST,2024,VST-CO,2.5 가솔린,FWD,스노우 화이트,US-GA,northeast,35420
2024-05,VF3VPFEXRU0004938,VST,2024,VST-PR,2.5 가솔린,FWD,오션 블루,US-GA,northeast,38500
2024-05,VF3VSFCXRU0004939,VST,2024,VST-TR,2.5 가솔린,FWD,스틸 그레이,US-GA,central,43890
2024-05,VF3VPFAXRU0004940,VST,2024,VST-PR,2.5 가솔린,FWD,스노우 화이트,US-GA,central,38500
2024-05,VF3VSABXRU0004941,VST,2024,VST-TR,2.5 가솔린,AWD,미드나잇 블랙,US-GA,southeast,43890
2024-05,VF3VPAEXRU0004942,VST,2024,VST-PR,1.6T 하이브리드,AWD,오션 블루,US-GA,northeast,38500
2024-05,VF3VPAAXRU0004943,VST,2024,VST-PR,2.5 가솔린,AWD,스노우 화이트,US-GA,northeast,38500
2024-05,VF3VCABXRU0004944,VST,2024,VST-CO,1.6T 하이브리드,AWD,미드나잇 블랙,US-GA,south,35420
2024-05,VF3VSFBXRU0004945,VST,2024,VST-TR,2.5 가솔린,FWD,미드나잇 블랙,US-GA,west,43890
2024-05,VF3VPACXRU0004946,VST,2024,VST-PR,2.5 가솔린,AWD,스틸 그레이,US-GA,central,38500
2024-05,VF3VCFAXRU0004947,VST,2024,VST-CO,2.5 가솔린,FWD,스노우 화이트,US-GA,south,35420
2024-05,VF3VPAAXRU0004948,VST,2024,VST-PR,2.5 가솔린,AWD,스노우 화이트,US-GA,west,38500
2024-05,VF3VPFBXRU0004949,VST,2024,VST-PR,2.5 가솔린,FWD,미드나잇 블랙,US-GA,southeast,38500
2024-05,VF3VCADXRU0004950,VST,2024,VST-CO,2.5 가솔린,AWD,실버,US-GA,central,35420
2024-05,VF3VCAAXRU0004951,VST,2024,VST-CO,1.6T 하이브리드,AWD,스노우 화이트,US-GA,southeast,35420
2024-05,VF3VPAAXRU0004952,VST,2024,VST-PR,1.6T 하이브리드,AWD,스노우 화이트,US-GA,west,38500
2024-05,VF3VPFCXRU0004953,VST,2024,VST-PR,2.5 가솔린,FWD,스틸 그레이,US-GA,west,38500
2024-05,VF3VCFBXRU0004954,VST,2024,VST-CO,1.6T 하이브리드,FWD,미드나잇 블랙,US-GA,southeast,35420
2024-05,VF3VPADXRU0004955,VST,2024,VST-PR,1.6T 하이브리드,AWD,실버,US-GA,west,38500
2024-05,VF3VCAEXRU0004956,VST,2024,VST-CO,2.5 가솔린,AWD,오션 블루,US-GA,northeast,35420
2024-05,VF3VPFCXRU0004957,VST,2024,VST-PR,1.6T 하이브리드,FWD,스틸 그레이,US-GA,southeast,38500
2024-05,VF3VSAFXRU0004958,VST,2024,VST-TR,2.5 가솔린,AWD,선셋 레드,US-GA,west,43890
2024-05,VF3VCFAXRU0004959,VST,2024,VST-CO,2.5 가솔린,FWD,스노우 화이트,US-GA,northeast,35420
2024-05,VF3VCACXRU0004960,VST,2024,VST-CO,2.5 가솔린,AWD,스틸 그레이,US-GA,southeast,35420
2024-05,VF3VPFAXRU0004961,VST,2024,VST-PR,2.5 가솔린,FWD,스노우 화이트,US-GA,west,38500
2024-05,VF3VCABXRU0004962,VST,2024,VST-CO,1.6T 하이브리드,AWD,미드나잇 블랙,US-GA,southeast,35420
2024-05,VF3VPFBXRU0004963,VST,2024,VST-PR,2.5 가솔린,FWD,미드나잇 블랙,US-GA,west,38500
2024-05,VF3VPACXRU0004964,VST,2024,VST-PR,2.5 가솔린,AWD,스틸 그레이,US-GA,northeast,38500
2024-05,VF3VSFCXRU0004965,VST,2024,VST-TR,2.5 가솔린,FWD,스틸 그레이,US-GA,south,43890
2024-05,VF3VPAFXRU0004966,VST,2024,VST-PR,1.6T 하이브리드,AWD,선셋 레드,US-GA,west,38500
2024-05,VF3VCFAXRU0004967,VST,2024,VST-CO,2.5 가솔린,FWD,스노우 화이트,US-GA,central,35420
2024-05,VF3VCADXRU0004968,VST,2024,VST-CO,1.6T 하이브리드,AWD,실버,US-GA,southeast,35420
2024-05,VF3VSACXRU0004969,VST,2024,VST-TR,2.5 가솔린,AWD,스틸 그레이,US-GA,northeast,43890
2024-05,VF3VSFEXRU0004970,VST,2024,VST-TR,2.5 가솔린,FWD,오션 블루,US-GA,south,43890
2024-05,VF3VCAAXRU0004971,VST,2024,VST-CO,1.6T 하이브리드,AWD,스노우 화이트,US-GA,central,35420
2024-05,VF3VPFDXRU0004972,VST,2024,VST-PR,2.5 가솔린,FWD,실버,US-GA,west,38500
2024-05,VF3VSFAXRU0004973,VST,2024,VST-TR,2.5 가솔린,FWD,스노우 화이트,US-GA,southeast,43890
2024-05,VF3VPADXRU0004974,VST,2024,VST-PR,1.6T 하이브리드,AWD,실버,US-GA,south,38500
2024-05,VF3VSACXRU0004975,VST,2024,VST-TR,1.6T 하이브리드,AWD,스틸 그레이,US-GA,northeast,43890
2024-05,VF3VPFCXRU0004976,VST,2024,VST-PR,2.5 가솔린,FWD,스틸 그레이,US-GA,southeast,38500
2024-05,VF3VPAFXRU0004977,VST,2024,VST-PR,2.5 가솔린,AWD,선셋 레드,US-GA,central,38500
2024-05,VF3VPFAXRU0004978,VST,2024,VST-PR,2.5 가솔린,FWD,스노우 화이트,US-GA,west,38500
2024-05,VF3VCFFXRU0004979,VST,2024,VST-CO,1.6T 하이브리드,FWD,선셋 레드,US-GA,central,35420
2024-05,VF3VPAEXRU0004980,VST,2024,VST-PR,2.5 가솔린,AWD,오션 블루,US-GA,west,38500
2024-05,VF3VPADXRU0004981,VST,2024,VST-PR,1.6T 하이브리드,AWD,실버,US-GA,northeast,38500
2024-05,VF3VPFCXRU0004982,VST,2024,VST-PR,2.5 가솔린,FWD,스틸 그레이,US-GA,west,38500
2024-05,VF3VSFCXRU0004983,VST,2024,VST-TR,2.5 가솔린,FWD,스틸 그레이,US-GA,central,43890
2024-05,VF3VPACXRU0004984,VST,2024,VST-PR,2.5 가솔린,AWD,스틸 그레이,US-GA,west,38500
2024-05,VF3VCAGXRU0004985,VST,2024,VST-CO,1.6T 하이브리드,AWD,포레스트 그린,US-GA,west,35420
2024-05,VF3VCABXRU0004986,VST,2024,VST-CO,2.5 가솔린,AWD,미드나잇 블랙,US-GA,central,35420
2024-05,VF3VSFBXRU0004987,VST,2024,VST-TR,1.6T 하이브리드,FWD,미드나잇 블랙,US-GA,southeast,43890
2024-05,VF3VPFDXRU0004988,VST,2024,VST-PR,2.5 가솔린,FWD,실버,US-GA,northeast,38500
2024-05,VF3VCAAXRU0004989,VST,2024,VST-CO,2.5 가솔린,AWD,스노우 화이트,US-GA,northeast,35420
2024-05,VF3VCFBXRU0004990,VST,2024,VST-CO,1.6T 하이브리드,FWD,미드나잇 블랙,US-GA,south,35420
2024-05,VF3VPFAXRU0004991,VST,2024,VST-PR,2.5 가솔린,FWD,스노우 화이트,US-GA,central,38500
2024-05,VF3VCFAXRU0004992,VST,2024,VST-CO,2.5 가솔린,FWD,스노우 화이트,US-GA,central,35420
2024-05,VF3VCAGXRU0004993,VST,2024,VST-CO,1.6T 하이브리드,AWD,포레스트 그린,US-GA,west,35420
2024-05,VF3VSFBXRU0004994,VST,2024,VST-TR,2.5 가솔린,FWD,미드나잇 블랙,US-GA,southeast,43890
2024-05,VF3VPFBXRU0004995,VST,2024,VST-PR,2.5 가솔린,FWD,미드나잇 블랙,US-GA,west,38500
2024-05,VF3VPFCXRU0004996,VST,2024,VST-PR,2.5 가솔린,FWD,스틸 그레이,US-GA,south,38500
2024-05,VF3VSFDXRU0004997,VST,2024,VST-TR,2.5 가솔린,FWD,실버,US-GA,southeast,43890
2024-05,VF3VPFAXRU0004998,VST,2024,VST-PR,1.6T 하이브리드,FWD,스노우 화이트,US-GA,south,38500
2024-05,VF3VCAAXRU0004999,VST,2024,VST-CO,2.5 가솔린,AWD,스노우 화이트,US-GA,south,35420
2024-05,VF3VCACXRU0005000,VST,2024,VST-CO,1.6T 하이브리드,AWD,스틸 그레이,US-GA,west,35420
2024-05,VF3VCACXRU0005001,VST,2024,VST-CO,2.5 가솔린,AWD,스틸 그레이,US-GA,southeast,35420
2024-05,VF3VCACXRU0005002,VST,2024,VST-CO,2.5 가솔린,AWD,스틸 그레이,US-GA,northeast,35420
2024-05,VF3VPFBXRU0005003,VST,2024,VST-PR,2.5 가솔린,FWD,미드나잇 블랙,US-GA,northeast,38500
2024-05,VF3VPFCXRU0005004,VST,2024,VST-PR,1.6T 하이브리드,FWD,스틸 그레이,US-GA,south,38500
2024-05,VF3VPFDXRU0005005,VST,2024,VST-PR,2.5 가솔린,FWD,실버,US-GA,northeast,38500
2024-05,VF3VPFBXRU0005006,VST,2024,VST-PR,1.6T 하이브리드,FWD,미드나잇 블랙,US-GA,west,38500
2024-05,VF3VCACXRU0005007,VST,2024,VST-CO,1.6T 하이브리드,AWD,스틸 그레이,US-GA,south,35420
2024-05,VF3VSABXRU0005008,VST,2024,VST-TR,1.6T 하이브리드,AWD,미드나잇 블랙,US-GA,west,43890
2024-05,VF3VPFFXRU0005009,VST,2024,VST-PR,1.6T 하이브리드,FWD,선셋 레드,US-GA,west,38500
2024-05,VF3VCFBXRU0005010,VST,2024,VST-CO,2.5 가솔린,FWD,미드나잇 블랙,US-GA,west,35420
2024-05,VF3VCFCXRU0005011,VST,2024,VST-CO,1.6T 하이브리드,FWD,스틸 그레이,US-GA,west,35420
2024-05,VF3VPFDXRU0005012,VST,2024,VST-PR,2.5 가솔린,FWD,실버,US-GA,west,38500
2024-05,VF3VCFDXRU0005013,VST,2024,VST-CO,1.6T 하이브리드,FWD,실버,US-GA,central,35420
2024-05,VF3VPFAXRU0005014,VST,2024,VST-PR,2.5 가솔린,FWD,스노우 화이트,US-GA,southeast,38500
2024-05,VF3VSAHXRU0005015,VST,2024,VST-TR,2.5 가솔린,AWD,샌드 베이지,US-GA,west,43890
2024-05,VF3VCAEXRU0005016,VST,2024,VST-CO,1.6T 하이브리드,AWD,오션 블루,US-GA,northeast,35420
2024-05,VF3VCFCXRU0005017,VST,2024,VST-CO,1.6T 하이브리드,FWD,스틸 그레이,US-GA,south,35420
2024-05,VF3VCFCXRU0005018,VST,2024,VST-CO,2.5 가솔린,FWD,스틸 그레이,US-GA,northeast,35420
2024-05,VF3VPACXRU0005019,VST,2024,VST-PR,2.5 가솔린,AWD,스틸 그레이,US-GA,central,38500
2024-05,VF3VCFAXRU0005020,VST,2024,VST-CO,2.5 가솔린,FWD,스노우 화이트,US-GA,west,35420
2024-05,VF3VCFBXRU0005021,VST,2024,VST-CO,2.5 가솔린,FWD,미드나잇 블랙,US-GA,central,35420
2024-05,VF3VPFAXRU0005022,VST,2024,VST-PR,2.5 가솔린,FWD,스노우 화이트,US-GA,central,38500
2024-05,VF3VCFCXRU0005023,VST,2024,VST-CO,2.5 가솔린,FWD,스틸 그레이,US-GA,west,35420
2024-05,VF3VPABXRU0005024,VST,2024,VST-PR,2.5 가솔린,AWD,미드나잇 블랙,US-GA,southeast,38500
2024-05,VF3VCAFXRU0005025,VST,2024,VST-CO,1.6T 하이브리드,AWD,선셋 레드,US-GA,central,35420
2024-05,VF3VCFDXRU0005026,VST,2024,VST-CO,2.5 가솔린,FWD,실버,US-GA,southeast,35420
2024-05,VF3VCAEXRU0005027,VST,2024,VST-CO,2.5 가솔린,AWD,오션 블루,US-GA,central,35420
2024-05,VF3VCFAXRU0005028,VST,2024,VST-CO,2.5 가솔린,FWD,스노우 화이트,US-GA,southeast,35420
2024-05,VF3VPAAXRU0005029,VST,2024,VST-PR,2.5 가솔린,AWD,스노우 화이트,US-GA,southeast,38500
2024-05,VF3VSFCXRU0005030,VST,2024,VST-TR,2.5 가솔린,FWD,스틸 그레이,US-GA,central,43890
2024-05,VF3VCFCXRU0005031,VST,2024,VST-CO,2.5 가솔린,FWD,스틸 그레이,US-GA,west,35420
2024-05,VF3VPABXRU0005032,VST,2024,VST-PR,2.5 가솔린,AWD,미드나잇 블랙,US-GA,southeast,38500
2024-05,VF3VCFAXRU0005033,VST,2024,VST-CO,2.5 가솔린,FWD,스노우 화이트,US-GA,south,35420
2024-05,VF3VCFBXRU0005034,VST,2024,VST-CO,2.5 가솔린,FWD,미드나잇 블랙,US-GA,southeast,35420
2024-05,VF3VPFAXRU0005035,VST,2024,VST-PR,2.5 가솔린,FWD,스노우 화이트,US-GA,south,38500
2024-05,VF3VPABXRU0005036,VST,2024,VST-PR,2.5 가솔린,AWD,미드나잇 블랙,US-GA,west,38500
2024-05,VF3VCFGXRU0005037,VST,2024,VST-CO,2.5 가솔린,FWD,포레스트 그린,US-GA,southeast,35420
2024-05,VF3VSFFXRU0005038,VST,2024,VST-TR,2.5 가솔린,FWD,선셋 레드,US-GA,southeast,43890
2024-05,VF3VCFBXRU0005039,VST,2024,VST-CO,2.5 가솔린,FWD,미드나잇 블랙,US-GA,south,35420
2024-05,VF3VSAAXRU0005040,VST,2024,VST-TR,2.5 가솔린,AWD,스노우 화이트,US-GA,central,43890
2024-05,VF3VPFEXRU0005041,VST,2024,VST-PR,1.6T 하이브리드,FWD,오션 블루,US-GA,south,38500
2024-05,VF3VCFBXRU0005042,VST,2024,VST-CO,1.6T 하이브리드,FWD,미드나잇 블랙,US-GA,southeast,35420
2024-05,VF3VPAAXRU0005043,VST,2024,VST-PR,1.6T 하이브리드,AWD,스노우 화이트,US-GA,central,38500
2024-05,VF3VPABXRU0005044,VST,2024,VST-PR,2.5 가솔린,AWD,미드나잇 블랙,US-GA,central,38500
2024-05,VF3VCFDXRU0005045,VST,2024,VST-CO,1.6T 하이브리드,FWD,실버,US-GA,south,35420
2024-05,VF3VCADXRU0005046,VST,2024,VST-CO,2.5 가솔린,AWD,실버,US-GA,west,35420
2024-05,VF3VCAAXRU0005047,VST,2024,VST-CO,2.5 가솔린,AWD,스노우 화이트,US-GA,west,35420
2024-05,VF3VSFDXRU0005048,VST,2024,VST-TR,1.6T 하이브리드,FWD,실버,US-GA,south,43890
2024-05,VF3VCAEXRU0005049,VST,2024,VST-CO,1.6T 하이브리드,AWD,오션 블루,US-GA,west,35420
2024-05,VF3VCADXRU0005050,VST,2024,VST-CO,2.5 가솔린,AWD,실버,US-GA,northeast,35420
2024-05,VF3VCFBXRU0005051,VST,2024,VST-CO,2.5 가솔린,FWD,미드나잇 블랙,US-GA,south,35420
2024-05,VF3VSABXRU0005052,VST,2024,VST-TR,2.5 가솔린,AWD,미드나잇 블랙,US-GA,southeast,43890
2024-05,VF3VPACXRU0005053,VST,2024,VST-PR,2.5 가솔린,AWD,스틸 그레이,US-GA,west,38500
2024-05,VF3VPFDXRU0005054,VST,2024,VST-PR,1.6T 하이브리드,FWD,실버,US-GA,central,38500
2024-05,VF3VPABXRU0005055,VST,2024,VST-PR,2.5 가솔린,AWD,미드나잇 블랙,US-GA,southeast,38500
2024-05,VF3VCADXRU0005056,VST,2024,VST-CO,2.5 가솔린,AWD,실버,US-GA,central,35420
2024-05,VF3VPFBXRU0005057,VST,2024,VST-PR,1.6T 하이브리드,FWD,미드나잇 블랙,US-GA,central,38500
2024-05,VF3VPACXRU0005058,VST,2024,VST-PR,1.6T 하이브리드,AWD,스틸 그레이,US-GA,northeast,38500
2024-05,VF3VPFGXRU0005059,VST,2024,VST-PR,1.6T 하이브리드,FWD,포레스트 그린,US-GA,south,38500
2024-05,VF3VPFDXRU0005060,VST,2024,VST-PR,1.6T 하이브리드,FWD,실버,US-GA,west,38500
2024-05,VF3VCFCXRU0005061,VST,2024,VST-CO,1.6T 하이브리드,FWD,스틸 그레이,US-GA,south,35420
2024-05,VF3VCADXRU0005062,VST,2024,VST-CO,1.6T 하이브리드,AWD,실버,US-GA,west,35420
2024-05,VF3VPAAXRU0005063,VST,2024,VST-PR,2.5 가솔린,AWD,스노우 화이트,US-GA,southeast,38500
2024-05,VF3VCAGXRU0005064,VST,2024,VST-CO,2.5 가솔린,AWD,포레스트 그린,US-GA,west,35420
2024-05,VF3VCAAXRU0005065,VST,2024,VST-CO,1.6T 하이브리드,AWD,스노우 화이트,US-GA,south,35420
2024-05,VF3VPAAXRU0005066,VST,2024,VST-PR,1.6T 하이브리드,AWD,스노우 화이트,US-GA,west,38500
2024-05,VF3VSFEXRU0005067,VST,2024,VST-TR,1.6T 하이브리드,FWD,오션 블루,US-GA,west,43890
2024-05,VF3VPABXRU0005068,VST,2024,VST-PR,2.5 가솔린,AWD,미드나잇 블랙,US-GA,southeast,38500
2024-05,VF3VSFAXRU0005069,VST,2024,VST-TR,2.5 가솔린,FWD,스노우 화이트,US-GA,northeast,43890
2024-05,VF3VCABXRU0005070,VST,2024,VST-CO,1.6T 하이브리드,AWD,미드나잇 블랙,US-GA,west,35420
2024-05,VF3VCABXRU0005071,VST,2024,VST-CO,1.6T 하이브리드,AWD,미드나잇 블랙,US-GA,northeast,35420
2024-05,VF3VSFBXRU0005072,VST,2024,VST-TR,1.6T 하이브리드,FWD,미드나잇 블랙,US-GA,northeast,43890
2024-05,VF3VPADXRU0005073,VST,2024,VST-PR,2.5 가솔린,AWD,실버,US-GA,southeast,38500
2024-05,VF3VSACXRU0005074,VST,2024,VST-TR,2.5 가솔린,AWD,스틸 그레이,US-GA,west,43890
2024-05,VF3VCFDXRU0005075,VST,2024,VST-CO,1.6T 하이브리드,FWD,실버,US-GA,west,35420
2024-05,VF3VPFBXRU0005076,VST,2024,VST-PR,2.5 가솔린,FWD,미드나잇 블랙,US-GA,south,38500
2024-05,VF3VCAAXRU0005077,VST,2024,VST-CO,1.6T 하이브리드,AWD,스노우 화이트,US-GA,northeast,35420
2024-05,VF3VPFBXRU0005078,VST,2024,VST-PR,1.6T 하이브리드,FWD,미드나잇 블랙,US-GA,south,38500
2024-05,VF3VPFDXRU0005079,VST,2024,VST-PR,1.6T 하이브리드,FWD,실버,US-GA,west,38500
2024-05,VF3VCAEXRU0005080,VST,2024,VST-CO,2.5 가솔린,AWD,오션 블루,US-GA,west,35420
2024-05,VF3VSAAXRU0005081,VST,2024,VST-TR,2.5 가솔린,AWD,스노우 화이트,US-GA,west,43890
2024-05,VF3VCFCXRU0005082,VST,2024,VST-CO,2.5 가솔린,FWD,스틸 그레이,US-GA,northeast,35420
2024-05,VF3VPAEXRU0005083,VST,2024,VST-PR,1.6T 하이브리드,AWD,오션 블루,US-GA,southeast,38500
2024-05,VF3VPABXRU0005084,VST,2024,VST-PR,2.5 가솔린,AWD,미드나잇 블랙,US-GA,central,38500
2024-05,VF3VCAAXRU0005085,VST,2024,VST-CO,2.5 가솔린,AWD,스노우 화이트,US-GA,south,35420
2024-05,VF3VCFGXRU0005086,VST,2024,VST-CO,1.6T 하이브리드,FWD,포레스트 그린,US-GA,central,35420
2024-05,VF3VCFDXRU0005087,VST,2024,VST-CO,1.6T 하이브리드,FWD,실버,US-GA,south,35420
2024-05,VF3VSFFXRU0005088,VST,2024,VST-TR,1.6T 하이브리드,FWD,선셋 레드,US-GA,west,43890
2024-05,VF3VCFBXRU0005089,VST,2024,VST-CO,2.5 가솔린,FWD,미드나잇 블랙,US-GA,south,35420
2024-05,VF3VSAAXRU0005090,VST,2024,VST-TR,2.5 가솔린,AWD,스노우 화이트,US-GA,northeast,43890
2024-05,VF3VPFDXRU0005091,VST,2024,VST-PR,2.5 가솔린,FWD,실버,US-GA,west,38500
2024-05,VF3VCFCXRU0005092,VST,2024,VST-CO,2.5 가솔린,FWD,스틸 그레이,US-GA,south,35420
2024-05,VF3VPFCXRU0005093,VST,2024,VST-PR,1.6T 하이브리드,FWD,스틸 그레이,US-GA,central,38500
2024-05,VF3VSFDXRU0005094,VST,2024,VST-TR,2.5 가솔린,FWD,실버,US-GA,southeast,43890
2024-05,VF3VPFDXRU0005095,VST,2024,VST-PR,2.5 가솔린,FWD,실버,US-GA,northeast,38500
2024-05,VF3VCAAXRU0005096,VST,2024,VST-CO,1.6T 하이브리드,AWD,스노우 화이트,US-GA,northeast,35420
2024-05,VF3VCAGXRU0005097,VST,2024,VST-CO,1.6T 하이브리드,AWD,포레스트 그린,US-GA,northeast,35420
2024-05,VF3VPFEXRU0005098,VST,2024,VST-PR,2.5 가솔린,FWD,오션 블루,US-GA,south,38500
2024-05,VF3VPFHXRU0005099,VST,2024,VST-PR,2.5 가솔린,FWD,샌드 베이지,US-GA,west,38500
2024-05,VF3VPFBXRU0005100,VST,2024,VST-PR,1.6T 하이브리드,FWD,미드나잇 블랙,US-GA,west,38500
2024-05,VF3VPFAXRU0005101,VST,2024,VST-PR,2.5 가솔린,FWD,스노우 화이트,US-GA,southeast,38500
2024-05,VF3VPFBXRU0005102,VST,2024,VST-PR,2.5 가솔린,FWD,미드나잇 블랙,US-GA,southeast,38500
2024-05,VF3VSABXRU0005103,VST,2024,VST-TR,2.5 가솔린,AWD,미드나잇 블랙,US-GA,central,43890
2024-05,VF3VCAAXRU0005104,VST,2024,VST-CO,1.6T 하이브리드,AWD,스노우 화이트,US-GA,northeast,35420
2024-05,VF3VPABXRU0005105,VST,2024,VST-PR,2.5 가솔린,AWD,미드나잇 블랙,US-GA,northeast,38500
2024-05,VF3VPAGXRU0005106,VST,2024,VST-PR,2.5 가솔린,AWD,포레스트 그린,US-GA,northeast,38500
2024-05,VF3VCFCXRU0005107,VST,2024,VST-CO,2.5 가솔린,FWD,스틸 그레이,US-GA,central,35420
2024-05,VF3VCFCXRU0005108,VST,2024,VST-CO,1.6T 하이브리드,FWD,스틸 그레이,US-GA,southeast,35420
2024-05,VF3VSAGXRU0005109,VST,2024,VST-TR,2.5 가솔린,AWD,포레스트 그린,US-GA,northeast,43890
2024-05,VF3VPFEXRU0005110,VST,2024,VST-PR,2.5 가솔린,FWD,오션 블루,US-GA,south,38500
2024-05,VF3VPFHXRU0005111,VST,2024,VST-PR,1.6T 하이브리드,FWD,샌드 베이지,US-GA,west,38500
2024-05,VF3VCFAXRU0005112,VST,2024,VST-CO,1.6T 하이브리드,FWD,스노우 화이트,US-GA,northeast,35420
2024-05,VF3VCAAXRU0005113,VST,2024,VST-CO,1.6T 하이브리드,AWD,스노우 화이트,US-GA,west,35420
2024-05,VF3VCAAXRU0005114,VST,2024,VST-CO,1.6T 하이브리드,AWD,스노우 화이트,US-GA,northeast,35420
2024-05,VF3VSAAXRU0005115,VST,2024,VST-TR,2.5 가솔린,AWD,스노우 화이트,US-GA,central,43890
2024-05,VF3VSABXRU0005116,VST,2024,VST-TR,1.6T 하이브리드,AWD,미드나잇 블랙,US-GA,northeast,43890
2024-05,VF3VPAGXRU0005117,VST,2024,VST-PR,1.6T 하이브리드,AWD,포레스트 그린,US-GA,southeast,38500
2024-05,VF3VPADXRU0005118,VST,2024,VST-PR,2.5 가솔린,AWD,실버,US-GA,west,38500
2024-05,VF3VCAEXRU0005119,VST,2024,VST-CO,2.5 가솔린,AWD,오션 블루,US-GA,west,35420
2024-05,VF3VCABXRU0005120,VST,2024,VST-CO,1.6T 하이브리드,AWD,미드나잇 블랙,US-GA,southeast,35420
2024-05,VF3VPFBXRU0005121,VST,2024,VST-PR,1.6T 하이브리드,FWD,미드나잇 블랙,US-GA,west,38500
2024-05,VF3VCFGXRU0005122,VST,2024,VST-CO,1.6T 하이브리드,FWD,포레스트 그린,US-GA,west,35420
2024-05,VF3VCFAXRU0005123,VST,2024,VST-CO,1.6T 하이브리드,FWD,스노우 화이트,US-GA,west,35420
2024-05,VF3VCFHXRU0005124,VST,2024,VST-CO,2.5 가솔린,FWD,샌드 베이지,US-GA,west,35420
2024-05,VF3VCAFXRU0005125,VST,2024,VST-CO,1.6T 하이브리드,AWD,선셋 레드,US-GA,northeast,35420
2024-05,VF3VCABXRU0005126,VST,2024,VST-CO,2.5 가솔린,AWD,미드나잇 블랙,US-GA,northeast,35420
2024-05,VF3VCFFXRU0005127,VST,2024,VST-CO,2.5 가솔린,FWD,선셋 레드,US-GA,west,35420
2024-05,VF3VCFAXRU0005128,VST,2024,VST-CO,2.5 가솔린,FWD,스노우 화이트,US-GA,southeast,35420
2024-05,VF3VPFAXRU0005129,VST,2024,VST-PR,2.5 가솔린,FWD,스노우 화이트,US-GA,southeast,38500
2024-05,VF3VPADXRU0005130,VST,2024,VST-PR,2.5 가솔린,AWD,실버,US-GA,southeast,38500
2024-05,VF3VSABXRU0005131,VST,2024,VST-TR,2.5 가솔린,AWD,미드나잇 블랙,US-GA,central,43890
2024-05,VF3VCFAXRU0005132,VST,2024,VST-CO,2.5 가솔린,FWD,스노우 화이트,US-GA,northeast,35420
2024-05,VF3VPABXRU0005133,VST,2024,VST-PR,1.6T 하이브리드,AWD,미드나잇 블랙,US-GA,southeast,38500
2024-05,VF3VPAGXRU0005134,VST,2024,VST-PR,1.6T 하이브리드,AWD,포레스트 그린,US-GA,southeast,38500
2024-05,VF3VPFBXRU0005135,VST,2024,VST-PR,1.6T 하이브리드,FWD,미드나잇 블랙,US-GA,south,38500
2024-05,VF3VCABXRU0005136,VST,2024,VST-CO,2.5 가솔린,AWD,미드나잇 블랙,US-GA,central,35420
2024-05,VF3VCFAXRU0005137,VST,2024,VST-CO,2.5 가솔린,FWD,스노우 화이트,US-GA,south,35420
2024-05,VF3VPACXRU0005138,VST,2024,VST-PR,2.5 가솔린,AWD,스틸 그레이,US-GA,west,38500
2024-05,VF3VPAEXRU0005139,VST,2024,VST-PR,1.6T 하이브리드,AWD,오션 블루,US-GA,northeast,38500
2024-05,VF3VPFFXRU0005140,VST,2024,VST-PR,1.6T 하이브리드,FWD,선셋 레드,US-GA,west,38500
2024-05,VF3VCFAXRU0005141,VST,2024,VST-CO,1.6T 하이브리드,FWD,스노우 화이트,US-GA,south,35420
2024-05,VF3VCFHXRU0005142,VST,2024,VST-CO,1.6T 하이브리드,FWD,샌드 베이지,US-GA,south,35420
2024-05,VF3VPAFXRU0005143,VST,2024,VST-PR,2.5 가솔린,AWD,선셋 레드,US-GA,central,38500
2024-05,VF3VCFHXRU0005144,VST,2024,VST-CO,2.5 가솔린,FWD,샌드 베이지,US-GA,central,35420
2024-05,VF3VCFCXRU0005145,VST,2024,VST-CO,1.6T 하이브리드,FWD,스틸 그레이,US-GA,west,35420
2024-05,VF3VCFAXRU0005146,VST,2024,VST-CO,2.5 가솔린,FWD,스노우 화이트,US-GA,southeast,35420
2024-05,VF3VPFBXRU0005147,VST,2024,VST-PR,2.5 가솔린,FWD,미드나잇 블랙,US-GA,southeast,38500
2024-05,VF3VSABXRU0005148,VST,2024,VST-TR,2.5 가솔린,AWD,미드나잇 블랙,US-GA,northeast,43890
2024-05,VF3VPABXRU0005149,VST,2024,VST-PR,1.6T 하이브리드,AWD,미드나잇 블랙,US-GA,northeast,38500
2024-05,VF3VPABXRU0005150,VST,2024,VST-PR,1.6T 하이브리드,AWD,미드나잇 블랙,US-GA,southeast,38500
2024-05,VF3VPAAXRU0005151,VST,2024,VST-PR,2.5 가솔린,AWD,스노우 화이트,US-GA,west,38500
2024-05,VF3VCABXRU0005152,VST,2024,VST-CO,1.6T 하이브리드,AWD,미드나잇 블랙,US-GA,west,35420
2024-05,VF3VPFEXRU0005153,VST,2024,VST-PR,2.5 가솔린,FWD,오션 블루,US-GA,west,38500
2024-05,VF3VPABXRU0005154,VST,2024,VST-PR,1.6T 하이브리드,AWD,미드나잇 블랙,US-GA,south,38500
2024-05,VF3VCAAXRU0005155,VST,2024,VST-CO,2.5 가솔린,AWD,스노우 화이트,US-GA,central,35420
2024-05,VF3VCAGXRU0005156,VST,2024,VST-CO,2.5 가솔린,AWD,포레스트 그린,US-GA,west,35420
2024-05,VF3VPFCXRU0005157,VST,2024,VST-PR,2.5 가솔린,FWD,스틸 그레이,US-GA,west,38500
2024-05,VF3VCAHXRU0005158,VST,2024,VST-CO,1.6T 하이브리드,AWD,샌드 베이지,US-GA,southeast,35420
2024-05,VF3VPFBXRU0005159,VST,2024,VST-PR,2.5 가솔린,FWD,미드나잇 블랙,US-GA,southeast,38500
2024-05,VF3VSADXRU0005160,VST,2024,VST-TR,2.5 가솔린,AWD,실버,US-GA,central,43890
2024-05,VF3VPAAXRU0005161,VST,2024,VST-PR,1.6T 하이브리드,AWD,스노우 화이트,US-GA,southeast,38500
2024-05,VF3VSAGXRU0005162,VST,2024,VST-TR,1.6T 하이브리드,AWD,포레스트 그린,US-GA,west,43890
2024-05,VF3VCAEXRU0005163,VST,2024,VST-CO,2.5 가솔린,AWD,오션 블루,US-GA,northeast,35420
2024-05,VF3VPFBXRU0005164,VST,2024,VST-PR,2.5 가솔린,FWD,미드나잇 블랙,US-GA,west,38500
2024-05,VF3VCADXRU0005165,VST,2024,VST-CO,1.6T 하이브리드,AWD,실버,US-GA,northeast,35420
2024-05,VF3VSFBXRU0005166,VST,2024,VST-TR,1.6T 하이브리드,FWD,미드나잇 블랙,US-GA,west,43890
2024-05,VF3VSFAXRU0005167,VST,2024,VST-TR,1.6T 하이브리드,FWD,스노우 화이트,US-GA,west,43890
2024-05,VF3VPFHXRU0005168,VST,2024,VST-PR,2.5 가솔린,FWD,샌드 베이지,US-GA,central,38500
2024-05,VF3VSACXRU0005169,VST,2024,VST-TR,2.5 가솔린,AWD,스틸 그레이,US-GA,west,43890
2024-05,VF3VSAAXRU0005170,VST,2024,VST-TR,2.5 가솔린,AWD,스노우 화이트,US-GA,northeast,43890
2024-05,VF3VPACXRU0005171,VST,2024,VST-PR,2.5 가솔린,AWD,스틸 그레이,US-GA,northeast,38500
2024-05,VF3VPFDXRU0005172,VST,2024,VST-PR,1.6T 하이브리드,FWD,실버,US-GA,west,38500
2024-05,VF3VPFDXRU0005173,VST,2024,VST-PR,1.6T 하이브리드,FWD,실버,US-GA,central,38500
2024-05,VF3VPACXRU0005174,VST,2024,VST-PR,1.6T 하이브리드,AWD,스틸 그레이,US-GA,southeast,38500
2024-05,VF3VPAFXRU0005175,VST,2024,VST-PR,1.6T 하이브리드,AWD,선셋 레드,US-GA,central,38500
2024-05,VF3VPAHXRU0005176,VST,2024,VST-PR,1.6T 하이브리드,AWD,샌드 베이지,US-GA,northeast,38500
2024-05,VF3VCFFXRU0005177,VST,2024,VST-CO,2.5 가솔린,FWD,선셋 레드,US-GA,south,35420
2024-05,VF3VPABXRU0005178,VST,2024,VST-PR,1.6T 하이브리드,AWD,미드나잇 블랙,US-GA,central,38500
2024-05,VF3VCFAXRU0005179,VST,2024,VST-CO,1.6T 하이브리드,FWD,스노우 화이트,US-GA,southeast,35420
2024-05,VF3VCAEXRU0005180,VST,2024,VST-CO,1.6T 하이브리드,AWD,오션 블루,US-GA,southeast,35420
2024-05,VF3VCFAXRU0005181,VST,2024,VST-CO,2.5 가솔린,FWD,스노우 화이트,US-GA,central,35420
2024-05,VF3VCFBXRU0005182,VST,2024,VST-CO,2.5 가솔린,FWD,미드나잇 블랙,US-GA,northeast,35420
2024-05,VF3VCABXRU0005183,VST,2024,VST-CO,2.5 가솔린,AWD,미드나잇 블랙,US-GA,southeast,35420
2024-05,VF3VPAEXRU0005184,VST,2024,VST-PR,2.5 가솔린,AWD,오션 블루,US-GA,southeast,38500
2024-05,VF3VCFAXRU0005185,VST,2024,VST-CO,1.6T 하이브리드,FWD,스노우 화이트,US-GA,southeast,35420
2024-05,VF3VCFCXRU0005186,VST,2024,VST-CO,2.5 가솔린,FWD,스틸 그레이,US-GA,southeast,35420
2024-05,VF3VPAEXRU0005187,VST,2024,VST-PR,1.6T 하이브리드,AWD,오션 블루,US-GA,south,38500
2024-05,VF3VPAHXRU0005188,VST,2024,VST-PR,2.5 가솔린,AWD,샌드 베이지,US-GA,south,38500
2024-05,VF3VPFDXRU0005189,VST,2024,VST-PR,2.5 가솔린,FWD,실버,US-GA,south,38500
2024-05,VF3VPACXRU0005190,VST,2024,VST-PR,2.5 가솔린,AWD,스틸 그레이,US-GA,west,38500
2024-05,VF3VPABXRU0005191,VST,2024,VST-PR,2.5 가솔린,AWD,미드나잇 블랙,US-GA,south,38500
2024-05,VF3VCFAXRU0005192,VST,2024,VST-CO,1.6T 하이브리드,FWD,스노우 화이트,US-GA,south,35420
2024-05,VF3VCFAXRU0005193,VST,2024,VST-CO,2.5 가솔린,FWD,스노우 화이트,US-GA,west,35420
2024-05,VF3VCFBXRU0005194,VST,2024,VST-CO,2.5 가솔린,FWD,미드나잇 블랙,US-GA,southeast,35420
2024-05,VF3VCAAXRU0005195,VST,2024,VST-CO,1.6T 하이브리드,AWD,스노우 화이트,US-GA,northeast,35420
2024-05,VF3VCFCXRU0005196,VST,2024,VST-CO,2.5 가솔린,FWD,스틸 그레이,US-GA,southeast,35420
2024-05,VF3VCAHXRU0005197,VST,2024,VST-CO,1.6T 하이브리드,AWD,샌드 베이지,US-GA,west,35420
2024-05,VF3VPABXRU0005198,VST,2024,VST-PR,1.6T 하이브리드,AWD,미드나잇 블랙,US-GA,central,38500
2024-05,VF3VPFEXRU0005199,VST,2024,VST-PR,2.5 가솔린,FWD,오션 블루,US-GA,west,38500
2024-05,VF3VPACXRU0005200,VST,2024,VST-PR,1.6T 하이브리드,AWD,스틸 그레이,US-GA,northeast,38500
2024-05,VF3VPADXRU0005201,VST,2024,VST-PR,2.5 가솔린,AWD,실버,US-GA,central,38500
2024-05,VF3VPFBXRU0005202,VST,2024,VST-PR,2.5 가솔린,FWD,미드나잇 블랙,US-GA,southeast,38500
2024-05,VF3VSABXRU0005203,VST,2024,VST-TR,2.5 가솔린,AWD,미드나잇 블랙,US-GA,northeast,43890
2024-05,VF3VCFBXRU0005204,VST,2024,VST-CO,2.5 가솔린,FWD,미드나잇 블랙,US-GA,central,35420
2024-05,VF3VCAHXRU0005205,VST,2024,VST-CO,1.6T 하이브리드,AWD,샌드 베이지,US-GA,southeast,35420
2024-05,VF3VCABXRU0005206,VST,2024,VST-CO,1.6T 하이브리드,AWD,미드나잇 블랙,US-GA,southeast,35420
2024-05,VF3VCFBXRU0005207,VST,2024,VST-CO,1.6T 하이브리드,FWD,미드나잇 블랙,US-GA,south,35420
2024-05,VF3VCFFXRU0005208,VST,2024,VST-CO,2.5 가솔린,FWD,선셋 레드,US-GA,southeast,35420
2024-05,VF3VCFFXRU0005209,VST,2024,VST-CO,1.6T 하이브리드,FWD,선셋 레드,US-GA,south,35420
2024-05,VF3VCAFXRU0005210,VST,2024,VST-CO,2.5 가솔린,AWD,선셋 레드,US-GA,west,35420
2024-05,VF3VPFEXRU0005211,VST,2024,VST-PR,1.6T 하이브리드,FWD,오션 블루,US-GA,west,38500
2024-05,VF3VSACXRU0005212,VST,2024,VST-TR,2.5 가솔린,AWD,스틸 그레이,US-GA,northeast,43890
2024-05,VF3VPFHXRU0005213,VST,2024,VST-PR,2.5 가솔린,FWD,샌드 베이지,US-GA,northeast,38500
2024-05,VF3VCADXRU0005214,VST,2024,VST-CO,2.5 가솔린,AWD,실버,US-GA,west,35420
2024-05,VF3VPFCXRU0005215,VST,2024,VST-PR,1.6T 하이브리드,FWD,스틸 그레이,US-GA,west,38500
2024-05,VF3VCFCXRU0005216,VST,2024,VST-CO,1.6T 하이브리드,FWD,스틸 그레이,US-GA,northeast,35420
2024-05,VF3VSFBXRU0005217,VST,2024,VST-TR,2.5 가솔린,FWD,미드나잇 블랙,US-GA,central,43890
2024-05,VF3VPFAXRU0005218,VST,2024,VST-PR,1.6T 하이브리드,FWD,스노우 화이트,US-GA,west,38500
2024-05,VF3VPACXRU0005219,VST,2024,VST-PR,2.5 가솔린,AWD,스틸 그레이,US-GA,northeast,38500
2024-05,VF3VPFBXRU0005220,VST,2024,VST-PR,2.5 가솔린,FWD,미드나잇 블랙,US-GA,south,38500
2024-05,VF3VPFDXRU0005221,VST,2024,VST-PR,2.5 가솔린,FWD,실버,US-GA,south,38500
2024-05,VF3VCABXRU0005222,VST,2024,VST-CO,2.5 가솔린,AWD,미드나잇 블랙,US-GA,central,35420
2024-05,VF3VSAEXRU0005223,VST,2024,VST-TR,1.6T 하이브리드,AWD,오션 블루,US-GA,south,43890
2024-05,VF3VCAAXRU0005224,VST,2024,VST-CO,1.6T 하이브리드,AWD,스노우 화이트,US-GA,west,35420
2024-05,VF3VCACXRU0005225,VST,2024,VST-CO,2.5 가솔린,AWD,스틸 그레이,US-GA,south,35420
2024-05,VF3VPAEXRU0005226,VST,2024,VST-PR,2.5 가솔린,AWD,오션 블루,US-GA,southeast,38500
2024-05,VF3VPFGXRU0005227,VST,2024,VST-PR,1.6T 하이브리드,FWD,포레스트 그린,US-GA,central,38500
2024-05,VF3VCAAXRU0005228,VST,2024,VST-CO,2.5 가솔린,AWD,스노우 화이트,US-GA,southeast,35420
2024-05,VF3VCFGXRU0005229,VST,2024,VST-CO,2.5 가솔린,FWD,포레스트 그린,US-GA,central,35420
2024-05,VF3VPFBXRU0005230,VST,2024,VST-PR,1.6T 하이브리드,FWD,미드나잇 블랙,US-GA,south,38500
2024-05,VF3VSFBXRU0005231,VST,2024,VST-TR,2.5 가솔린,FWD,미드나잇 블랙,US-GA,southeast,43890
2024-05,VF3VCAAXRU0005232,VST,2024,VST-CO,2.5 가솔린,AWD,스노우 화이트,US-GA,west,35420
2024-05,VF3VPFAXRU0005233,VST,2024,VST-PR,2.5 가솔린,FWD,스노우 화이트,US-GA,south,38500
2024-05,VF3VPFDXRU0005234,VST,2024,VST-PR,1.6T 하이브리드,FWD,실버,US-GA,south,38500
2024-05,VF3VSFEXRU0005235,VST,2024,VST-TR,2.5 가솔린,FWD,오션 블루,US-GA,south,43890
2024-05,VF3VSACXRU0005236,VST,2024,VST-TR,2.5 가솔린,AWD,스틸 그레이,US-GA,northeast,43890
2024-05,VF3VPAAXRU0005237,VST,2024,VST-PR,2.5 가솔린,AWD,스노우 화이트,US-GA,central,38500
2024-05,VF3VCFEXRU0005238,VST,2024,VST-CO,2.5 가솔린,FWD,오션 블루,US-GA,southeast,35420
2024-05,VF3VPACXRU0005239,VST,2024,VST-PR,2.5 가솔린,AWD,스틸 그레이,US-GA,northeast,38500
2024-05,VF3VCAEXRU0005240,VST,2024,VST-CO,1.6T 하이브리드,AWD,오션 블루,US-GA,northeast,35420
2024-05,VF4ACAFXRU0005241,AUR,2024,AUR-AI,롱레인지,AWD,선셋 레드,US-SV,west,54188
2024-05,VF4ACAEXRU0005242,AUR,2024,AUR-AI,스탠다드 레인지,AWD,오션 블루,US-SV,west,54188
2024-05,VF4APAAXRU0005243,AUR,2024,AUR-RA,스탠다드 레인지,AWD,스노우 화이트,US-SV,west,58900
2024-05,VF4ASAFXRU0005244,AUR,2024,AUR-MA,롱레인지,AWD,선셋 레드,US-SV,south,67146
2024-05,VF4ACFBXRU0005245,AUR,2024,AUR-AI,롱레인지,FWD,미드나잇 블랙,US-SV,central,54188
2024-05,VF4APAFXRU0005246,AUR,2024,AUR-RA,스탠다드 레인지,AWD,선셋 레드,US-SV,west,58900
2024-05,VF4ACAEXRU0005247,AUR,2024,AUR-AI,롱레인지,AWD,오션 블루,US-SV,northeast,54188
2024-05,VF4APFCXRU0005248,AUR,2024,AUR-RA,롱레인지,FWD,스틸 그레이,US-SV,west,58900
2024-05,VF4APFAXRU0005249,AUR,2024,AUR-RA,롱레인지,FWD,스노우 화이트,US-SV,west,58900
2024-05,VF4APAAXRU0005250,AUR,2024,AUR-RA,롱레인지,AWD,스노우 화이트,US-SV,west,58900
2024-05,VF4APAGXRU0005251,AUR,2024,AUR-RA,스탠다드 레인지,AWD,포레스트 그린,US-SV,south,58900
2024-05,VF4APFAXRU0005252,AUR,2024,AUR-RA,롱레인지,FWD,스노우 화이트,US-SV,south,58900
2024-05,VF4APFCXRU0005253,AUR,2024,AUR-RA,롱레인지,FWD,스틸 그레이,US-SV,south,58900
2024-05,VF4ACAAXRU0005254,AUR,2024,AUR-AI,스탠다드 레인지,AWD,스노우 화이트,US-SV,northeast,54188
2024-05,VF4ASAAXRU0005255,AUR,2024,AUR-MA,스탠다드 레인지,AWD,스노우 화이트,US-SV,northeast,67146
2024-05,VF4ACFAXRU0005256,AUR,2024,AUR-AI,롱레인지,FWD,스노우 화이트,US-SV,southeast,54188
2024-05,VF4ACAFXRU0005257,AUR,2024,AUR-AI,스탠다드 레인지,AWD,선셋 레드,US-SV,northeast,54188
2024-05,VF4ACAFXRU0005258,AUR,2024,AUR-AI,스탠다드 레인지,AWD,선셋 레드,US-SV,west,54188
2024-05,VF4APACXRU0005259,AUR,2024,AUR-RA,롱레인지,AWD,스틸 그레이,US-SV,south,58900
2024-05,VF4ACFCXRU0005260,AUR,2024,AUR-AI,롱레인지,FWD,스틸 그레이,US-SV,west,54188
2024-05,VF4ACACXRU0005261,AUR,2024,AUR-AI,롱레인지,AWD,스틸 그레이,US-SV,south,54188
2024-05,VF4ACFCXRU0005262,AUR,2024,AUR-AI,롱레인지,FWD,스틸 그레이,US-SV,southeast,54188
2024-05,VF4ACFDXRU0005263,AUR,2024,AUR-AI,스탠다드 레인지,FWD,실버,US-SV,west,54188
2024-05,VF4APAGXRU0005264,AUR,2024,AUR-RA,롱레인지,AWD,포레스트 그린,US-SV,southeast,58900
2024-05,VF4ASFBXRU0005265,AUR,2024,AUR-MA,스탠다드 레인지,FWD,미드나잇 블랙,US-SV,west,67146
2024-05,VF4ASAAXRU0005266,AUR,2024,AUR-MA,롱레인지,AWD,스노우 화이트,US-SV,central,67146
2024-05,VF4ACADXRU0005267,AUR,2024,AUR-AI,스탠다드 레인지,AWD,실버,US-SV,south,54188
2024-05,VF4ACFBXRU0005268,AUR,2024,AUR-AI,롱레인지,FWD,미드나잇 블랙,US-SV,west,54188
2024-05,VF4ACADXRU0005269,AUR,2024,AUR-AI,스탠다드 레인지,AWD,실버,US-SV,west,54188
2024-05,VF4APFEXRU0005270,AUR,2024,AUR-RA,스탠다드 레인지,FWD,오션 블루,US-SV,west,58900
2024-05,VF4ACFCXRU0005271,AUR,2024,AUR-AI,롱레인지,FWD,스틸 그레이,US-SV,west,54188
2024-05,VF4APFAXRU0005272,AUR,2024,AUR-RA,롱레인지,FWD,스노우 화이트,US-SV,southeast,58900
2024-05,VF4ACFAXRU0005273,AUR,2024,AUR-AI,롱레인지,FWD,스노우 화이트,US-SV,west,54188
2024-05,VF4APABXRU0005274,AUR,2024,AUR-RA,롱레인지,AWD,미드나잇 블랙,US-SV,southeast,58900
2024-05,VF4ASFEXRU0005275,AUR,2024,AUR-MA,스탠다드 레인지,FWD,오션 블루,US-SV,south,67146
2024-05,VF4ACFBXRU0005276,AUR,2024,AUR-AI,롱레인지,FWD,미드나잇 블랙,US-SV,southeast,54188
2024-05,VF4ASAHXRU0005277,AUR,2024,AUR-MA,롱레인지,AWD,샌드 베이지,US-SV,west,67146
2024-05,VF4ACFBXRU0005278,AUR,2024,AUR-AI,롱레인지,FWD,미드나잇 블랙,US-SV,northeast,54188
2024-05,VF4APFAXRU0005279,AUR,2024,AUR-RA,롱레인지,FWD,스노우 화이트,US-SV,southeast,58900
2024-05,VF4ACAGXRU0005280,AUR,2024,AUR-AI,스탠다드 레인지,AWD,포레스트 그린,US-SV,southeast,54188
2024-05,VF4APADXRU0005281,AUR,2024,AUR-RA,롱레인지,AWD,실버,US-SV,west,58900
2024-05,VF4APFBXRU0005282,AUR,2024,AUR-RA,롱레인지,FWD,미드나잇 블랙,US-SV,south,58900
2024-05,VF4ASAAXRU0005283,AUR,2024,AUR-MA,롱레인지,AWD,스노우 화이트,US-SV,central,67146
2024-05,VF4APFCXRU0005284,AUR,2024,AUR-RA,스탠다드 레인지,FWD,스틸 그레이,US-SV,west,58900
2024-05,VF4ACFDXRU0005285,AUR,2024,AUR-AI,스탠다드 레인지,FWD,실버,US-SV,west,54188
2024-05,VF4ASAFXRU0005286,AUR,2024,AUR-MA,롱레인지,AWD,선셋 레드,US-SV,west,67146
2024-05,VF4ACACXRU0005287,AUR,2024,AUR-AI,롱레인지,AWD,스틸 그레이,US-SV,west,54188
2024-05,VF4ASABXRU0005288,AUR,2024,AUR-MA,롱레인지,AWD,미드나잇 블랙,US-SV,northeast,67146
2024-05,VF4ACFCXRU0005289,AUR,2024,AUR-AI,스탠다드 레인지,FWD,스틸 그레이,US-SV,west,54188
2024-05,VF4APAEXRU0005290,AUR,2024,AUR-RA,롱레인지,AWD,오션 블루,US-SV,northeast,58900
2024-05,VF4ASABXRU0005291,AUR,2024,AUR-MA,롱레인지,AWD,미드나잇 블랙,US-SV,northeast,67146
2024-05,VF4ASFAXRU0005292,AUR,2024,AUR-MA,스탠다드 레인지,FWD,스노우 화이트,US-SV,southeast,67146
2024-05,VF4APAFXRU0005293,AUR,2024,AUR-RA,스탠다드 레인지,AWD,선셋 레드,US-SV,south,58900
2024-05,VF4ASFAXRU0005294,AUR,2024,AUR-MA,스탠다드 레인지,FWD,스노우 화이트,US-SV,southeast,67146
2024-05,VF4ACFBXRU0005295,AUR,2024,AUR-AI,롱레인지,FWD,미드나잇 블랙,US-SV,northeast,54188
2024-05,VF4APFAXRU0005296,AUR,2024,AUR-RA,스탠다드 레인지,FWD,스노우 화이트,US-SV,southeast,58900
2024-05,VF4APAAXRU0005297,AUR,2024,AUR-RA,스탠다드 레인지,AWD,스노우 화이트,US-SV,northeast,58900
2024-05,VF4APABXRU0005298,AUR,2024,AUR-RA,스탠다드 레인지,AWD,미드나잇 블랙,US-SV,west,58900
2024-05,VF4APAEXRU0005299,AUR,2024,AUR-RA,롱레인지,AWD,오션 블루,US-SV,south,58900
2024-05,VF4ACABXRU0005300,AUR,2024,AUR-AI,스탠다드 레인지,AWD,미드나잇 블랙,US-SV,northeast,54188
2024-05,VF4APADXRU0005301,AUR,2024,AUR-RA,롱레인지,AWD,실버,US-SV,west,58900
2024-05,VF4ACFAXRU0005302,AUR,2024,AUR-AI,스탠다드 레인지,FWD,스노우 화이트,US-SV,west,54188
2024-05,VF4ACFAXRU0005303,AUR,2024,AUR-AI,롱레인지,FWD,스노우 화이트,US-SV,west,54188
2024-05,VF4ACACXRU0005304,AUR,2024,AUR-AI,스탠다드 레인지,AWD,스틸 그레이,US-SV,south,54188
2024-05,VF4ASFGXRU0005305,AUR,2024,AUR-MA,롱레인지,FWD,포레스트 그린,US-SV,southeast,67146
2024-05,VF4APAAXRU0005306,AUR,2024,AUR-RA,롱레인지,AWD,스노우 화이트,US-SV,northeast,58900
2024-05,VF4APFDXRU0005307,AUR,2024,AUR-RA,스탠다드 레인지,FWD,실버,US-SV,west,58900
2024-05,VF4APFAXRU0005308,AUR,2024,AUR-RA,스탠다드 레인지,FWD,스노우 화이트,US-SV,southeast,58900
2024-05,VF4APAAXRU0005309,AUR,2024,AUR-RA,스탠다드 레인지,AWD,스노우 화이트,US-SV,west,58900
2024-05,VF4ACFEXRU0005310,AUR,2024,AUR-AI,스탠다드 레인지,FWD,오션 블루,US-SV,southeast,54188
2024-05,VF4ASFFXRU0005311,AUR,2024,AUR-MA,스탠다드 레인지,FWD,선셋 레드,US-SV,southeast,67146
2024-05,VF4APACXRU0005312,AUR,2024,AUR-RA,스탠다드 레인지,AWD,스틸 그레이,US-SV,west,58900
2024-05,VF4APFFXRU0005313,AUR,2024,AUR-RA,롱레인지,FWD,선셋 레드,US-SV,south,58900
2024-05,VF4APFCXRU0005314,AUR,2024,AUR-RA,스탠다드 레인지,FWD,스틸 그레이,US-SV,west,58900
2024-05,VF4APFDXRU0005315,AUR,2024,AUR-RA,스탠다드 레인지,FWD,실버,US-SV,west,58900
2024-05,VF4ACFAXRU0005316,AUR,2024,AUR-AI,롱레인지,FWD,스노우 화이트,US-SV,south,54188
2024-05,VF4ACFDXRU0005317,AUR,2024,AUR-AI,롱레인지,FWD,실버,US-SV,central,54188
2024-05,VF4APACXRU0005318,AUR,2024,AUR-RA,롱레인지,AWD,스틸 그레이,US-SV,west,58900
2024-05,VF4APFFXRU0005319,AUR,2024,AUR-RA,롱레인지,FWD,선셋 레드,US-SV,northeast,58900
2024-05,VF4ACFBXRU0005320,AUR,2024,AUR-AI,스탠다드 레인지,FWD,미드나잇 블랙,US-SV,northeast,54188
2024-05,VF4APAAXRU0005321,AUR,2024,AUR-RA,롱레인지,AWD,스노우 화이트,US-SV,west,58900
2024-05,VF4ASFDXRU0005322,AUR,2024,AUR-MA,스탠다드 레인지,FWD,실버,US-SV,west,67146
2024-05,VF4ASACXRU0005323,AUR,2024,AUR-MA,롱레인지,AWD,스틸 그레이,US-SV,south,67146
2024-05,VF4APFGXRU0005324,AUR,2024,AUR-RA,롱레인지,FWD,포레스트 그린,US-SV,west,58900
2024-05,VF4APFHXRU0005325,AUR,2024,AUR-RA,롱레인지,FWD,샌드 베이지,US-SV,south,58900
2024-05,VF4ACFAXRU0005326,AUR,2024,AUR-AI,스탠다드 레인지,FWD,스노우 화이트,US-SV,west,54188
2024-05,VF4APACXRU0005327,AUR,2024,AUR-RA,스탠다드 레인지,AWD,스틸 그레이,US-SV,south,58900
2024-05,VF4APAFXRU0005328,AUR,2024,AUR-RA,롱레인지,AWD,선셋 레드,US-SV,central,58900
2024-05,VF4APFDXRU0005329,AUR,2024,AUR-RA,스탠다드 레인지,FWD,실버,US-SV,central,58900
2024-05,VF4APFAXRU0005330,AUR,2024,AUR-RA,롱레인지,FWD,스노우 화이트,US-SV,southeast,58900
2024-05,VF4APABXRU0005331,AUR,2024,AUR-RA,롱레인지,AWD,미드나잇 블랙,US-SV,south,58900
2024-05,VF4APFAXRU0005332,AUR,2024,AUR-RA,롱레인지,FWD,스노우 화이트,US-SV,southeast,58900
2024-05,VF4APAFXRU0005333,AUR,2024,AUR-RA,롱레인지,AWD,선셋 레드,US-SV,west,58900
2024-05,VF4ACFCXRU0005334,AUR,2024,AUR-AI,스탠다드 레인지,FWD,스틸 그레이,US-SV,south,54188
2024-05,VF4APAAXRU0005335,AUR,2024,AUR-RA,롱레인지,AWD,스노우 화이트,US-SV,northeast,58900
2024-05,VF4ASFAXRU0005336,AUR,2024,AUR-MA,스탠다드 레인지,FWD,스노우 화이트,US-SV,south,67146
2024-05,VF4ACFCXRU0005337,AUR,2024,AUR-AI,롱레인지,FWD,스틸 그레이,US-SV,west,54188
2024-05,VF4APFCXRU0005338,AUR,2024,AUR-RA,롱레인지,FWD,스틸 그레이,US-SV,south,58900
2024-05,VF4ACACXRU0005339,AUR,2024,AUR-AI,스탠다드 레인지,AWD,스틸 그레이,US-SV,west,54188
2024-05,VF4ASACXRU0005340,AUR,2024,AUR-MA,롱레인지,AWD,스틸 그레이,US-SV,central,67146
2024-05,VF4APAAXRU0005341,AUR,2024,AUR-RA,롱레인지,AWD,스노우 화이트,US-SV,west,58900
2024-05,VF4ASACXRU0005342,AUR,2024,AUR-MA,롱레인지,AWD,스틸 그레이,US-SV,southeast,67146
2024-05,VF4ASAAXRU0005343,AUR,2024,AUR-MA,롱레인지,AWD,스노우 화이트,US-SV,northeast,67146
2024-05,VF4ACAAXRU0005344,AUR,2024,AUR-AI,스탠다드 레인지,AWD,스노우 화이트,US-SV,west,54188
2024-05,VF4ASABXRU0005345,AUR,2024,AUR-MA,롱레인지,AWD,미드나잇 블랙,US-SV,central,67146
2024-05,VF4ASAAXRU0005346,AUR,2024,AUR-MA,스탠다드 레인지,AWD,스노우 화이트,US-SV,southeast,67146
2024-05,VF4ASFCXRU0005347,AUR,2024,AUR-MA,롱레인지,FWD,스틸 그레이,US-SV,south,67146
2024-05,VF4APACXRU0005348,AUR,2024,AUR-RA,롱레인지,AWD,스틸 그레이,US-SV,south,58900
2024-05,VF5MPACXRM0006678,MRD,2024,MRD-PR,2.0 가솔린,AWD,스틸 그레이,MX-MT,southeast,31200
2024-05,VF5MSFCXRM0006679,MRD,2024,MRD-SP,1.6T 하이브리드,FWD,스틸 그레이,MX-MT,west,35568
2024-05,VF5MPFAXRM0006680,MRD,2024,MRD-PR,2.0 가솔린,FWD,스노우 화이트,MX-MT,south,31200
2024-05,VF5MPFAXRM0006681,MRD,2024,MRD-PR,2.0 가솔린,FWD,스노우 화이트,MX-MT,west,31200
2024-05,VF5MPAAXRM0006682,MRD,2024,MRD-PR,2.0 가솔린,AWD,스노우 화이트,MX-MT,southeast,31200
2024-05,VF5MPAGXRM0006683,MRD,2024,MRD-PR,1.6T 하이브리드,AWD,포레스트 그린,MX-MT,central,31200
2024-05,VF5MSFAXRM0006684,MRD,2024,MRD-SP,1.6T 하이브리드,FWD,스노우 화이트,MX-MT,southeast,35568
2024-05,VF5MPFFXRM0006685,MRD,2024,MRD-PR,2.0 가솔린,FWD,선셋 레드,MX-MT,west,31200
2024-05,VF5MPFAXRM0006686,MRD,2024,MRD-PR,1.6T 하이브리드,FWD,스노우 화이트,MX-MT,central,31200
2024-05,VF5MPFBXRM0006687,MRD,2024,MRD-PR,2.0 가솔린,FWD,미드나잇 블랙,MX-MT,west,31200
2024-05,VF5MCFHXRM0006688,MRD,2024,MRD-CO,1.6T 하이브리드,FWD,샌드 베이지,MX-MT,central,28704
2024-05,VF5MCFEXRM0006689,MRD,2024,MRD-CO,2.0 가솔린,FWD,오션 블루,MX-MT,central,28704
2024-05,VF5MCFBXRM0006690,MRD,2024,MRD-CO,1.6T 하이브리드,FWD,미드나잇 블랙,MX-MT,central,28704
2024-05,VF5MPFCXRM0006691,MRD,2024,MRD-PR,2.0 가솔린,FWD,스틸 그레이,MX-MT,west,31200
2024-05,VF5MPFCXRM0006692,MRD,2024,MRD-PR,1.6T 하이브리드,FWD,스틸 그레이,MX-MT,south,31200
2024-05,VF5MPAAXRM0006693,MRD,2024,MRD-PR,1.6T 하이브리드,AWD,스노우 화이트,MX-MT,central,31200
2024-05,VF5MSFEXRM0006694,MRD,2024,MRD-SP,2.0 가솔린,FWD,오션 블루,MX-MT,west,35568
2024-05,VF5MSFCXRM0006695,MRD,2024,MRD-SP,1.6T 하이브리드,FWD,스틸 그레이,MX-MT,central,35568
2024-05,VF5MCFEXRM0006696,MRD,2024,MRD-CO,2.0 가솔린,FWD,오션 블루,MX-MT,south,28704
2024-05,VF5MPFFXRM0006697,MRD,2024,MRD-PR,2.0 가솔린,FWD,선셋 레드,MX-MT,west,31200
2024-05,VF5MCFCXRM0006698,MRD,2024,MRD-CO,2.0 가솔린,FWD,스틸 그레이,MX-MT,south,28704
2024-05,VF5MCACXRM0006699,MRD,2024,MRD-CO,1.6T 하이브리드,AWD,스틸 그레이,MX-MT,south,28704
2024-05,VF5MCFBXRM0006700,MRD,2024,MRD-CO,1.6T 하이브리드,FWD,미드나잇 블랙,MX-MT,northeast,28704
2024-05,VF5MPFFXRM0006701,MRD,2024,MRD-PR,2.0 가솔린,FWD,선셋 레드,MX-MT,southeast,31200
2024-05,VF5MCFDXRM0006702,MRD,2024,MRD-CO,1.6T 하이브리드,FWD,실버,MX-MT,south,28704
2024-05,VF5MCABXRM0006703,MRD,2024,MRD-CO,1.6T 하이브리드,AWD,미드나잇 블랙,MX-MT,west,28704
2024-05,VF5MPFBXRM0006704,MRD,2024,MRD-PR,1.6T 하이브리드,FWD,미드나잇 블랙,MX-MT,southeast,31200
2024-05,VF5MPFFXRM0006705,MRD,2024,MRD-PR,2.0 가솔린,FWD,선셋 레드,MX-MT,northeast,31200
2024-05,VF5MPFGXRM0006706,MRD,2024,MRD-PR,2.0 가솔린,FWD,포레스트 그린,MX-MT,southeast,31200
2024-05,VF5MPFEXRM0006707,MRD,2024,MRD-PR,2.0 가솔린,FWD,오션 블루,MX-MT,west,31200
2024-05,VF5MPFDXRM0006708,MRD,2024,MRD-PR,1.6T 하이브리드,FWD,실버,MX-MT,central,31200
2024-05,VF5MSFCXRM0006709,MRD,2024,MRD-SP,1.6T 하이브리드,FWD,스틸 그레이,MX-MT,west,35568
2024-05,VF5MCFDXRM0006710,MRD,2024,MRD-CO,1.6T 하이브리드,FWD,실버,MX-MT,south,28704
2024-05,VF5MSFDXRM0006711,MRD,2024,MRD-SP,2.0 가솔린,FWD,실버,MX-MT,west,35568
2024-05,VF5MPABXRM0006712,MRD,2024,MRD-PR,2.0 가솔린,AWD,미드나잇 블랙,MX-MT,west,31200
2024-05,VF5MPFAXRM0006713,MRD,2024,MRD-PR,1.6T 하이브리드,FWD,스노우 화이트,MX-MT,central,31200
2024-05,VF5MCACXRM0006714,MRD,2024,MRD-CO,2.0 가솔린,AWD,스틸 그레이,MX-MT,west,28704
2024-05,VF5MSFAXRM0006715,MRD,2024,MRD-SP,2.0 가솔린,FWD,스노우 화이트,MX-MT,northeast,35568
2024-05,VF5MCFBXRM0006716,MRD,2024,MRD-CO,1.6T 하이브리드,FWD,미드나잇 블랙,MX-MT,northeast,28704
2024-05,VF5MCFAXRM0006717,MRD,2024,MRD-CO,2.0 가솔린,FWD,스노우 화이트,MX-MT,northeast,28704
2024-05,VF5MSFEXRM0006718,MRD,2024,MRD-SP,2.0 가솔린,FWD,오션 블루,MX-MT,west,35568
2024-05,VF5MPFHXRM0006719,MRD,2024,MRD-PR,2.0 가솔린,FWD,샌드 베이지,MX-MT,west,31200
2024-05,VF5MSFDXRM0006720,MRD,2024,MRD-SP,1.6T 하이브리드,FWD,실버,MX-MT,northeast,35568
2024-05,VF5MPFFXRM0006721,MRD,2024,MRD-PR,2.0 가솔린,FWD,선셋 레드,MX-MT,central,31200
2024-05,VF5MPFCXRM0006722,MRD,2024,MRD-PR,2.0 가솔린,FWD,스틸 그레이,MX-MT,south,31200
2024-05,VF5MSFDXRM0006723,MRD,2024,MRD-SP,2.0 가솔린,FWD,실버,MX-MT,southeast,35568
2024-05,VF5MPFDXRM0006724,MRD,2024,MRD-PR,2.0 가솔린,FWD,실버,MX-MT,southeast,31200
2024-05,VF5MPFFXRM0006725,MRD,2024,MRD-PR,1.6T 하이브리드,FWD,선셋 레드,MX-MT,west,31200
2024-05,VF5MPFAXRM0006726,MRD,2024,MRD-PR,1.6T 하이브리드,FWD,스노우 화이트,MX-MT,west,31200
2024-05,VF5MCFAXRM0006727,MRD,2024,MRD-CO,2.0 가솔린,FWD,스노우 화이트,MX-MT,southeast,28704
2024-05,VF5MPFAXRM0006728,MRD,2024,MRD-PR,2.0 가솔린,FWD,스노우 화이트,MX-MT,south,31200
2024-05,VF5MCFCXRM0006729,MRD,2024,MRD-CO,2.0 가솔린,FWD,스틸 그레이,MX-MT,west,28704
2024-05,VF5MPFCXRM0006730,MRD,2024,MRD-PR,1.6T 하이브리드,FWD,스틸 그레이,MX-MT,south,31200
2024-05,VF5MCFDXRM0006731,MRD,2024,MRD-CO,2.0 가솔린,FWD,실버,MX-MT,northeast,28704
2024-05,VF5MCFDXRM0006732,MRD,2024,MRD-CO,1.6T 하이브리드,FWD,실버,MX-MT,south,28704
2024-05,VF5MSFDXRM0006733,MRD,2024,MRD-SP,2.0 가솔린,FWD,실버,MX-MT,south,35568
2024-05,VF5MCFFXRM0006734,MRD,2024,MRD-CO,1.6T 하이브리드,FWD,선셋 레드,MX-MT,west,28704
2024-05,VF5MPFBXRM0006735,MRD,2024,MRD-PR,1.6T 하이브리드,FWD,미드나잇 블랙,MX-MT,central,31200
2024-05,VF5MPFGXRM0006736,MRD,2024,MRD-PR,2.0 가솔린,FWD,포레스트 그린,MX-MT,west,31200
2024-05,VF5MPFDXRM0006737,MRD,2024,MRD-PR,2.0 가솔린,FWD,실버,MX-MT,west,31200
2024-05,VF5MPFBXRM0006738,MRD,2024,MRD-PR,2.0 가솔린,FWD,미드나잇 블랙,MX-MT,central,31200
2024-05,VF5MSABXRM0006739,MRD,2024,MRD-SP,1.6T 하이브리드,AWD,미드나잇 블랙,MX-MT,central,35568
2024-05,VF5MSFEXRM0006740,MRD,2024,MRD-SP,2.0 가솔린,FWD,오션 블루,MX-MT,west,35568
2024-05,VF5MCFAXRM0006741,MRD,2024,MRD-CO,2.0 가솔린,FWD,스노우 화이트,MX-MT,southeast,28704
2024-05,VF5MCFCXRM0006742,MRD,2024,MRD-CO,2.0 가솔린,FWD,스틸 그레이,MX-MT,west,28704
2024-05,VF5MCFCXRM0006743,MRD,2024,MRD-CO,2.0 가솔린,FWD,스틸 그레이,MX-MT,central,28704
2024-05,VF5MPFBXRM0006744,MRD,2024,MRD-PR,2.0 가솔린,FWD,미드나잇 블랙,MX-MT,northeast,31200
2024-05,VF5MPFDXRM0006745,MRD,2024,MRD-PR,1.6T 하이브리드,FWD,실버,MX-MT,northeast,31200
2024-05,VF5MPFFXRM0006746,MRD,2024,MRD-PR,2.0 가솔린,FWD,선셋 레드,MX-MT,northeast,31200
2024-05,VF5MPFAXRM0006747,MRD,2024,MRD-PR,2.0 가솔린,FWD,스노우 화이트,MX-MT,southeast,31200
2024-05,VF5MPFEXRM0006748,MRD,2024,MRD-PR,2.0 가솔린,FWD,오션 블루,MX-MT,south,31200
2024-05,VF5MPFAXRM0006749,MRD,2024,MRD-PR,1.6T 하이브리드,FWD,스노우 화이트,MX-MT,southeast,31200
2024-05,VF5MCFBXRM0006750,MRD,2024,MRD-CO,2.0 가솔린,FWD,미드나잇 블랙,MX-MT,west,28704
2024-05,VF5MCFCXRM0006751,MRD,2024,MRD-CO,2.0 가솔린,FWD,스틸 그레이,MX-MT,west,28704
2024-05,VF5MSACXRM0006752,MRD,2024,MRD-SP,2.0 가솔린,AWD,스틸 그레이,MX-MT,west,35568
2024-05,VF5MPFAXRM0006753,MRD,2024,MRD-PR,2.0 가솔린,FWD,스노우 화이트,MX-MT,southeast,31200
2024-05,VF5MCFBXRM0006754,MRD,2024,MRD-CO,1.6T 하이브리드,FWD,미드나잇 블랙,MX-MT,west,28704
2024-05,VF5MPFAXRM0006755,MRD,2024,MRD-PR,1.6T 하이브리드,FWD,스노우 화이트,MX-MT,west,31200
2024-05,VF5MPABXRM0006756,MRD,2024,MRD-PR,2.0 가솔린,AWD,미드나잇 블랙,MX-MT,northeast,31200
2024-05,VF5MCFAXRM0006757,MRD,2024,MRD-CO,1.6T 하이브리드,FWD,스노우 화이트,MX-MT,central,28704
2024-05,VF5MPFDXRM0006758,MRD,2024,MRD-PR,2.0 가솔린,FWD,실버,MX-MT,central,31200
2024-05,VF5MCFCXRM0006759,MRD,2024,MRD-CO,1.6T 하이브리드,FWD,스틸 그레이,MX-MT,southeast,28704
2024-05,VF5MCAHXRM0006760,MRD,2024,MRD-CO,2.0 가솔린,AWD,샌드 베이지,MX-MT,west,28704
2024-05,VF5MPFDXRM0006761,MRD,2024,MRD-PR,2.0 가솔린,FWD,실버,MX-MT,south,31200
2024-05,VF5MSFBXRM0006762,MRD,2024,MRD-SP,2.0 가솔린,FWD,미드나잇 블랙,MX-MT,south,35568
2024-05,VF5MCAAXRM0006763,MRD,2024,MRD-CO,2.0 가솔린,AWD,스노우 화이트,MX-MT,northeast,28704
2024-05,VF5MCFHXRM0006764,MRD,2024,MRD-CO,1.6T 하이브리드,FWD,샌드 베이지,MX-MT,central,28704
2024-05,VF5MCFBXRM0006765,MRD,2024,MRD-CO,2.0 가솔린,FWD,미드나잇 블랙,MX-MT,west,28704
2024-05,VF5MPFCXRM0006766,MRD,2024,MRD-PR,1.6T 하이브리드,FWD,스틸 그레이,MX-MT,northeast,31200
2024-05,VF5MPFAXRM0006767,MRD,2024,MRD-PR,2.0 가솔린,FWD,스노우 화이트,MX-MT,west,31200
2024-05,VF5MPFCXRM0006768,MRD,2024,MRD-PR,1.6T 하이브리드,FWD,스틸 그레이,MX-MT,south,31200
2024-05,VF5MPFHXRM0006769,MRD,2024,MRD-PR,1.6T 하이브리드,FWD,샌드 베이지,MX-MT,west,31200
2024-05,VF5MCFAXRM0006770,MRD,2024,MRD-CO,1.6T 하이브리드,FWD,스노우 화이트,MX-MT,west,28704
2024-05,VF5MPFBXRM0006771,MRD,2024,MRD-PR,1.6T 하이브리드,FWD,미드나잇 블랙,MX-MT,northeast,31200
2024-05,VF5MPACXRM0006772,MRD,2024,MRD-PR,1.6T 하이브리드,AWD,스틸 그레이,MX-MT,south,31200
2024-05,VF5MCAAXRM0006773,MRD,2024,MRD-CO,1.6T 하이브리드,AWD,스노우 화이트,MX-MT,central,28704
2024-05,VF5MPFBXRM0006774,MRD,2024,MRD-PR,2.0 가솔린,FWD,미드나잇 블랙,MX-MT,central,31200
2024-05,VF5MPABXRM0006775,MRD,2024,MRD-PR,2.0 가솔린,AWD,미드나잇 블랙,MX-MT,southeast,31200
2024-05,VF5MCAGXRM0006776,MRD,2024,MRD-CO,2.0 가솔린,AWD,포레스트 그린,MX-MT,west,28704
2024-05,VF5MSAAXRM0006777,MRD,2024,MRD-SP,2.0 가솔린,AWD,스노우 화이트,MX-MT,south,35568
2024-05,VF5MPFBXRM0006778,MRD,2024,MRD-PR,2.0 가솔린,FWD,미드나잇 블랙,MX-MT,south,31200
2024-05,VF5MSFBXRM0006779,MRD,2024,MRD-SP,2.0 가솔린,FWD,미드나잇 블랙,MX-MT,west,35568
2024-05,VF5MCFDXRM0006780,MRD,2024,MRD-CO,2.0 가솔린,FWD,실버,MX-MT,southeast,28704
2024-05,VF5MPADXRM0006781,MRD,2024,MRD-PR,2.0 가솔린,AWD,실버,MX-MT,northeast,31200
2024-05,VF5MSFBXRM0006782,MRD,2024,MRD-SP,1.6T 하이브리드,FWD,미드나잇 블랙,MX-MT,south,35568
2024-05,VF5MCFAXRM0006783,MRD,2024,MRD-CO,2.0 가솔린,FWD,스노우 화이트,MX-MT,southeast,28704
2024-05,VF5MCFAXRM0006784,MRD,2024,MRD-CO,2.0 가솔린,FWD,스노우 화이트,MX-MT,south,28704
2024-05,VF5MPFGXRM0006785,MRD,2024,MRD-PR,2.0 가솔린,FWD,포레스트 그린,MX-MT,west,31200
2024-05,VF5MSAAXRM0006786,MRD,2024,MRD-SP,2.0 가솔린,AWD,스노우 화이트,MX-MT,northeast,35568
2024-05,VF5MCACXRM0006787,MRD,2024,MRD-CO,2.0 가솔린,AWD,스틸 그레이,MX-MT,southeast,28704
2024-05,VF5MCFFXRM0006788,MRD,2024,MRD-CO,1.6T 하이브리드,FWD,선셋 레드,MX-MT,west,28704
2024-05,VF5MPFEXRM0006789,MRD,2024,MRD-PR,1.6T 하이브리드,FWD,오션 블루,MX-MT,central,31200
2024-05,VF5MCFCXRM0006790,MRD,2024,MRD-CO,2.0 가솔린,FWD,스틸 그레이,MX-MT,central,28704
2024-05,VF5MPFCXRM0006791,MRD,2024,MRD-PR,2.0 가솔린,FWD,스틸 그레이,MX-MT,northeast,31200
2024-05,VF5MCFGXRM0006792,MRD,2024,MRD-CO,2.0 가솔린,FWD,포레스트 그린,MX-MT,west,28704
2024-05,VF5MPFFXRM0006793,MRD,2024,MRD-PR,2.0 가솔린,FWD,선셋 레드,MX-MT,central,31200
2024-05,VF5MCFCXRM0006794,MRD,2024,MRD-CO,2.0 가솔린,FWD,스틸 그레이,MX-MT,northeast,28704
2024-05,VF5MCFCXRM0006795,MRD,2024,MRD-CO,2.0 가솔린,FWD,스틸 그레이,MX-MT,south,28704
2024-05,VF5MSADXRM0006796,MRD,2024,MRD-SP,1.6T 하이브리드,AWD,실버,MX-MT,southeast,35568
2024-05,VF5MSFAXRM0006797,MRD,2024,MRD-SP,2.0 가솔린,FWD,스노우 화이트,MX-MT,south,35568
2024-05,VF5MSFAXRM0006798,MRD,2024,MRD-SP,2.0 가솔린,FWD,스노우 화이트,MX-MT,southeast,35568
2024-05,VF5MPFDXRM0006799,MRD,2024,MRD-PR,1.6T 하이브리드,FWD,실버,MX-MT,west,31200
2024-05,VF5MSFGXRM0006800,MRD,2024,MRD-SP,2.0 가솔린,FWD,포레스트 그린,MX-MT,northeast,35568
2024-05,VF5MPFHXRM0006801,MRD,2024,MRD-PR,2.0 가솔린,FWD,샌드 베이지,MX-MT,northeast,31200
2024-05,VF5MCFCXRM0006802,MRD,2024,MRD-CO,2.0 가솔린,FWD,스틸 그레이,MX-MT,west,28704
2024-05,VF5MPFAXRM0006803,MRD,2024,MRD-PR,1.6T 하이브리드,FWD,스노우 화이트,MX-MT,west,31200
2024-05,VF5MCAFXRM0006804,MRD,2024,MRD-CO,2.0 가솔린,AWD,선셋 레드,MX-MT,west,28704
2024-05,VF5MCFFXRM0006805,MRD,2024,MRD-CO,2.0 가솔린,FWD,선셋 레드,MX-MT,southeast,28704
2024-05,VF5MPFAXRM0006806,MRD,2024,MRD-PR,2.0 가솔린,FWD,스노우 화이트,MX-MT,central,31200
2024-05,VF5MPFAXRM0006807,MRD,2024,MRD-PR,2.0 가솔린,FWD,스노우 화이트,MX-MT,central,31200
2024-05,VF5MSFCXRM0006808,MRD,2024,MRD-SP,1.6T 하이브리드,FWD,스틸 그레이,MX-MT,southeast,35568
2024-05,VF5MPABXRM0006809,MRD,2024,MRD-PR,2.0 가솔린,AWD,미드나잇 블랙,MX-MT,northeast,31200
2024-05,VF5MPFAXRM0006810,MRD,2024,MRD-PR,2.0 가솔린,FWD,스노우 화이트,MX-MT,south,31200
2024-05,VF5MPFAXRM0006811,MRD,2024,MRD-PR,2.0 가솔린,FWD,스노우 화이트,MX-MT,central,31200
2024-05,VF5MPFGXRM0006812,MRD,2024,MRD-PR,2.0 가솔린,FWD,포레스트 그린,MX-MT,west,31200
2024-05,VF5MSFDXRM0006813,MRD,2024,MRD-SP,2.0 가솔린,FWD,실버,MX-MT,south,35568
2024-05,VF5MPFAXRM0006814,MRD,2024,MRD-PR,1.6T 하이브리드,FWD,스노우 화이트,MX-MT,southeast,31200
2024-05,VF5MPFCXRM0006815,MRD,2024,MRD-PR,2.0 가솔린,FWD,스틸 그레이,MX-MT,west,31200
2024-05,VF5MCFAXRM0006816,MRD,2024,MRD-CO,2.0 가솔린,FWD,스노우 화이트,MX-MT,west,28704
2024-05,VF5MPFBXRM0006817,MRD,2024,MRD-PR,2.0 가솔린,FWD,미드나잇 블랙,MX-MT,west,31200
2024-05,VF5MSAHXRM0006818,MRD,2024,MRD-SP,2.0 가솔린,AWD,샌드 베이지,MX-MT,northeast,35568
2024-05,VF5MCFDXRM0006819,MRD,2024,MRD-CO,2.0 가솔린,FWD,실버,MX-MT,southeast,28704
2024-05,VF5MCFAXRM0006820,MRD,2024,MRD-CO,1.6T 하이브리드,FWD,스노우 화이트,MX-MT,northeast,28704
2024-05,VF5MCAFXRM0006821,MRD,2024,MRD-CO,2.0 가솔린,AWD,선셋 레드,MX-MT,central,28704
2024-05,VF5MPFFXRM0006822,MRD,2024,MRD-PR,2.0 가솔린,FWD,선셋 레드,MX-MT,central,31200
2024-05,VF5MSFEXRM0006823,MRD,2024,MRD-SP,2.0 가솔린,FWD,오션 블루,MX-MT,west,35568
2024-05,VF5MCADXRM0006824,MRD,2024,MRD-CO,2.0 가솔린,AWD,실버,MX-MT,west,28704
2024-05,VF5MPFBXRM0006825,MRD,2024,MRD-PR,2.0 가솔린,FWD,미드나잇 블랙,MX-MT,south,31200
2024-05,VF5MCFEXRM0006826,MRD,2024,MRD-CO,1.6T 하이브리드,FWD,오션 블루,MX-MT,northeast,28704
2024-05,VF5MCACXRM0006827,MRD,2024,MRD-CO,2.0 가솔린,AWD,스틸 그레이,MX-MT,southeast,28704
2024-05,VF5MCFBXRM0006828,MRD,2024,MRD-CO,2.0 가솔린,FWD,미드나잇 블랙,MX-MT,west,28704
2024-05,VF5MPFBXRM0006829,MRD,2024,MRD-PR,2.0 가솔린,FWD,미드나잇 블랙,MX-MT,northeast,31200
2024-05,VF5MCAHXRM0006830,MRD,2024,MRD-CO,1.6T 하이브리드,AWD,샌드 베이지,MX-MT,south,28704
2024-05,VF5MSADXRM0006831,MRD,2024,MRD-SP,1.6T 하이브리드,AWD,실버,MX-MT,central,35568
2024-05,VF5MSAAXRM0006832,MRD,2024,MRD-SP,2.0 가솔린,AWD,스노우 화이트,MX-MT,southeast,35568
2024-05,VF5MCFBXRM0006833,MRD,2024,MRD-CO,2.0 가솔린,FWD,미드나잇 블랙,MX-MT,central,28704
2024-05,VF5MSFEXRM0006834,MRD,2024,MRD-SP,2.0 가솔린,FWD,오션 블루,MX-MT,southeast,35568
2024-05,VF5MPFBXRM0006835,MRD,2024,MRD-PR,2.0 가솔린,FWD,미드나잇 블랙,MX-MT,central,31200
2024-05,VF5MCFCXRM0006836,MRD,2024,MRD-CO,1.6T 하이브리드,FWD,스틸 그레이,MX-MT,south,28704
2024-05,VF5MCFFXRM0006837,MRD,2024,MRD-CO,2.0 가솔린,FWD,선셋 레드,MX-MT,southeast,28704
2024-05,VF5MCFBXRM0006838,MRD,2024,MRD-CO,1.6T 하이브리드,FWD,미드나잇 블랙,MX-MT,central,28704
2024-05,VF5MSFCXRM0006839,MRD,2024,MRD-SP,2.0 가솔린,FWD,스틸 그레이,MX-MT,southeast,35568
2024-05,VF5MCAFXRM0006840,MRD,2024,MRD-CO,2.0 가솔린,AWD,선셋 레드,MX-MT,west,28704
2024-05,VF5MPFBXRM0006841,MRD,2024,MRD-PR,2.0 가솔린,FWD,미드나잇 블랙,MX-MT,central,31200
2024-05,VF5MCFDXRM0006842,MRD,2024,MRD-CO,2.0 가솔린,FWD,실버,MX-MT,southeast,28704
2024-05,VF5MPACXRM0006843,MRD,2024,MRD-PR,1.6T 하이브리드,AWD,스틸 그레이,MX-MT,southeast,31200
2024-05,VF5MPFBXRM0006844,MRD,2024,MRD-PR,2.0 가솔린,FWD,미드나잇 블랙,MX-MT,central,31200
2024-05,VF5MSFAXRM0006845,MRD,2024,MRD-SP,2.0 가솔린,FWD,스노우 화이트,MX-MT,central,35568
2024-05,VF5MCFFXRM0006846,MRD,2024,MRD-CO,2.0 가솔린,FWD,선셋 레드,MX-MT,west,28704
2024-05,VF5MPADXRM0006847,MRD,2024,MRD-PR,2.0 가솔린,AWD,실버,MX-MT,northeast,31200
2024-05,VF5MPFEXRM0006848,MRD,2024,MRD-PR,2.0 가솔린,FWD,오션 블루,MX-MT,northeast,31200
2024-05,VF5MCAAXRM0006849,MRD,2024,MRD-CO,2.0 가솔린,AWD,스노우 화이트,MX-MT,west,28704
2024-05,VF5MPFFXRM0006850,MRD,2024,MRD-PR,2.0 가솔린,FWD,선셋 레드,MX-MT,south,31200
2024-05,VF5MPFCXRM0006851,MRD,2024,MRD-PR,2.0 가솔린,FWD,스틸 그레이,MX-MT,west,31200
2024-05,VF5MCFDXRM0006852,MRD,2024,MRD-CO,2.0 가솔린,FWD,실버,MX-MT,northeast,28704
2024-05,VF5MSAAXRM0006853,MRD,2024,MRD-SP,2.0 가솔린,AWD,스노우 화이트,MX-MT,northeast,35568
2024-05,VF5MPFGXRM0006854,MRD,2024,MRD-PR,2.0 가솔린,FWD,포레스트 그린,MX-MT,south,31200
2024-05,VF5MCFCXRM0006855,MRD,2024,MRD-CO,2.0 가솔린,FWD,스틸 그레이,MX-MT,south,28704
2024-05,VF5MCFAXRM0006856,MRD,2024,MRD-CO,2.0 가솔린,FWD,스노우 화이트,MX-MT,south,28704
2024-05,VF5MPAHXRM0006857,MRD,2024,MRD-PR,1.6T 하이브리드,AWD,샌드 베이지,MX-MT,southeast,31200
2024-05,VF5MSFDXRM0006858,MRD,2024,MRD-SP,1.6T 하이브리드,FWD,실버,MX-MT,southeast,35568
2024-05,VF5MSFDXRM0006859,MRD,2024,MRD-SP,2.0 가솔린,FWD,실버,MX-MT,south,35568
2024-05,VF5MSACXRM0006860,MRD,2024,MRD-SP,2.0 가솔린,AWD,스틸 그레이,MX-MT,southeast,35568
2024-05,VF5MCFCXRM0006861,MRD,2024,MRD-CO,2.0 가솔린,FWD,스틸 그레이,MX-MT,southeast,28704
2024-05,VF5MPFBXRM0006862,MRD,2024,MRD-PR,2.0 가솔린,FWD,미드나잇 블랙,MX-MT,southeast,31200
2024-05,VF5MCFDXRM0006863,MRD,2024,MRD-CO,1.6T 하이브리드,FWD,실버,MX-MT,west,28704
2024-05,VF5MPFCXRM0006864,MRD,2024,MRD-PR,1.6T 하이브리드,FWD,스틸 그레이,MX-MT,west,31200
2024-05,VF5MCFDXRM0006865,MRD,2024,MRD-CO,2.0 가솔린,FWD,실버,MX-MT,northeast,28704
2024-05,VF5MCFEXRM0006866,MRD,2024,MRD-CO,2.0 가솔린,FWD,오션 블루,MX-MT,southeast,28704
2024-05,VF5MCFEXRM0006867,MRD,2024,MRD-CO,2.0 가솔린,FWD,오션 블루,MX-MT,west,28704
2024-05,VF5MPFCXRM0006868,MRD,2024,MRD-PR,2.0 가솔린,FWD,스틸 그레이,MX-MT,southeast,31200
2024-05,VF5MPFCXRM0006869,MRD,2024,MRD-PR,2.0 가솔린,FWD,스틸 그레이,MX-MT,west,31200
2024-05,VF5MPFBXRM0006870,MRD,2024,MRD-PR,2.0 가솔린,FWD,미드나잇 블랙,MX-MT,west,31200
2024-05,VF5MSFEXRM0006871,MRD,2024,MRD-SP,2.0 가솔린,FWD,오션 블루,MX-MT,southeast,35568
2024-05,VF5MPFBXRM0006872,MRD,2024,MRD-PR,2.0 가솔린,FWD,미드나잇 블랙,MX-MT,west,31200
2024-05,VF5MPFAXRM0006873,MRD,2024,MRD-PR,2.0 가솔린,FWD,스노우 화이트,MX-MT,northeast,31200
2024-05,VF5MCAAXRM0006874,MRD,2024,MRD-CO,2.0 가솔린,AWD,스노우 화이트,MX-MT,west,28704
2024-05,VF5MPFBXRM0006875,MRD,2024,MRD-PR,2.0 가솔린,FWD,미드나잇 블랙,MX-MT,southeast,31200
2024-05,VF5MCFBXRM0006876,MRD,2024,MRD-CO,2.0 가솔린,FWD,미드나잇 블랙,MX-MT,south,28704
2024-05,VF5MPFDXRM0006877,MRD,2024,MRD-PR,1.6T 하이브리드,FWD,실버,MX-MT,central,31200
2024-05,VF5MPFEXRM0006878,MRD,2024,MRD-PR,1.6T 하이브리드,FWD,오션 블루,MX-MT,central,31200
2024-05,VF5MCFFXRM0006879,MRD,2024,MRD-CO,2.0 가솔린,FWD,선셋 레드,MX-MT,central,28704
2024-05,VF5MCFEXRM0006880,MRD,2024,MRD-CO,2.0 가솔린,FWD,오션 블루,MX-MT,west,28704
2024-05,VF5MCFAXRM0006881,MRD,2024,MRD-CO,2.0 가솔린,FWD,스노우 화이트,MX-MT,south,28704
2024-05,VF5MSFDXRM0006882,MRD,2024,MRD-SP,1.6T 하이브리드,FWD,실버,MX-MT,west,35568
2024-05,VF5MPFDXRM0006883,MRD,2024,MRD-PR,2.0 가솔린,FWD,실버,MX-MT,central,31200
2024-05,VF5MCFBXRM0006884,MRD,2024,MRD-CO,1.6T 하이브리드,FWD,미드나잇 블랙,MX-MT,central,28704
2024-05,VF5MPFAXRM0006885,MRD,2024,MRD-PR,1.6T 하이브리드,FWD,스노우 화이트,MX-MT,southeast,31200
2024-05,VF5MSFCXRM0006886,MRD,2024,MRD-SP,2.0 가솔린,FWD,스틸 그레이,MX-MT,south,35568
2024-05,VF2NCFCXRK0008096,NOV,2024,NOV-CO,1.6T 하이브리드,FWD,스틸 그레이,KR-2,central,40756
2024-05,VF2NCAGXRK0008097,NOV,2024,NOV-CO,1.6T 하이브리드,AWD,포레스트 그린,KR-2,west,40756
2024-05,VF2NPAAXRK0008098,NOV,2024,NOV-PR,3.5 가솔린,AWD,스노우 화이트,KR-2,south,44300
2024-05,VF2NCADXRK0008099,NOV,2024,NOV-CO,1.6T 하이브리드,AWD,실버,KR-2,west,40756
2024-05,VF2NCFHXRK0008100,NOV,2024,NOV-CO,3.5 가솔린,FWD,샌드 베이지,KR-2,south,40756
2024-05,VF2NPFBXRK0008101,NOV,2024,NOV-PR,3.5 가솔린,FWD,미드나잇 블랙,KR-2,west,44300
2024-05,VF2NPFBXRK0008102,NOV,2024,NOV-PR,3.5 가솔린,FWD,미드나잇 블랙,KR-2,southeast,44300
2024-05,VF2NPABXRK0008103,NOV,2024,NOV-PR,3.5 가솔린,AWD,미드나잇 블랙,KR-2,northeast,44300
2024-05,VF2NSAAXRK0008104,NOV,2024,NOV-LO,1.6T 하이브리드,AWD,스노우 화이트,KR-2,southeast,50502
2024-05,VF2NCFEXRK0008105,NOV,2024,NOV-CO,1.6T 하이브리드,FWD,오션 블루,KR-2,west,40756
2024-05,VF2NSFFXRK0008106,NOV,2024,NOV-LO,3.5 가솔린,FWD,선셋 레드,KR-2,southeast,50502
2024-05,VF2NCAEXRK0008107,NOV,2024,NOV-CO,3.5 가솔린,AWD,오션 블루,KR-2,central,40756
2024-05,VF2NCACXRK0008108,NOV,2024,NOV-CO,3.5 가솔린,AWD,스틸 그레이,KR-2,central,40756
2024-05,VF2NSFFXRK0008109,NOV,2024,NOV-LO,3.5 가솔린,FWD,선셋 레드,KR-2,central,50502
2024-05,VF2NCFCXRK0008110,NOV,2024,NOV-CO,3.5 가솔린,FWD,스틸 그레이,KR-2,south,40756
2024-05,VF2NPFAXRK0008111,NOV,2024,NOV-PR,3.5 가솔린,FWD,스노우 화이트,KR-2,south,44300
2024-05,VF2NPAEXRK0008112,NOV,2024,NOV-PR,3.5 가솔린,AWD,오션 블루,KR-2,northeast,44300
2024-05,VF2NPADXRK0008113,NOV,2024,NOV-PR,3.5 가솔린,AWD,실버,KR-2,west,44300
2024-05,VF2NCFCXRK0008114,NOV,2024,NOV-CO,1.6T 하이브리드,FWD,스틸 그레이,KR-2,south,40756
2024-05,VF2NPFBXRK0008115,NOV,2024,NOV-PR,3.5 가솔린,FWD,미드나잇 블랙,KR-2,south,44300
2024-05,VF2NSFHXRK0008116,NOV,2024,NOV-LO,3.5 가솔린,FWD,샌드 베이지,KR-2,southeast,50502
2024-05,VF2NSFFXRK0008117,NOV,2024,NOV-LO,1.6T 하이브리드,FWD,선셋 레드,KR-2,south,50502
2024-05,VF2NSFFXRK0008118,NOV,2024,NOV-LO,1.6T 하이브리드,FWD,선셋 레드,KR-2,central,50502
2024-05,VF2NPAEXRK0008119,NOV,2024,NOV-PR,1.6T 하이브리드,AWD,오션 블루,KR-2,south,44300
2024-05,VF2NPFCXRK0008120,NOV,2024,NOV-PR,1.6T 하이브리드,FWD,스틸 그레이,KR-2,south,44300
2024-05,VF2NPADXRK0008121,NOV,2024,NOV-PR,3.5 가솔린,AWD,실버,KR-2,west,44300
2024-05,VF2NPFHXRK0008122,NOV,2024,NOV-PR,1.6T 하이브리드,FWD,샌드 베이지,KR-2,west,44300
2024-05,VF2NPFAXRK0008123,NOV,2024,NOV-PR,1.6T 하이브리드,FWD,스노우 화이트,KR-2,south,44300
2024-05,VF2NPFAXRK0008124,NOV,2024,NOV-PR,3.5 가솔린,FWD,스노우 화이트,KR-2,south,44300
2024-05,VF2NCFCXRK0008125,NOV,2024,NOV-CO,3.5 가솔린,FWD,스틸 그레이,KR-2,west,40756
2024-05,VF2NCAAXRK0008126,NOV,2024,NOV-CO,1.6T 하이브리드,AWD,스노우 화이트,KR-2,northeast,40756
2024-05,VF2NPFAXRK0008127,NOV,2024,NOV-PR,1.6T 하이브리드,FWD,스노우 화이트,KR-2,west,44300
2024-05,VF2NCFHXRK0008128,NOV,2024,NOV-CO,3.5 가솔린,FWD,샌드 베이지,KR-2,south,40756
2024-05,VF2NCAAXRK0008129,NOV,2024,NOV-CO,3.5 가솔린,AWD,스노우 화이트,KR-2,central,40756
2024-05,VF2NCACXRK0008130,NOV,2024,NOV-CO,1.6T 하이브리드,AWD,스틸 그레이,KR-2,west,40756
2024-05,VF2NPFDXRK0008131,NOV,2024,NOV-PR,3.5 가솔린,FWD,실버,KR-2,southeast,44300
2024-05,VF2NPFCXRK0008132,NOV,2024,NOV-PR,1.6T 하이브리드,FWD,스틸 그레이,KR-2,west,44300
2024-05,VF2NCFEXRK0008133,NOV,2024,NOV-CO,3.5 가솔린,FWD,오션 블루,KR-2,central,40756
2024-05,VF2NPADXRK0008134,NOV,2024,NOV-PR,1.6T 하이브리드,AWD,실버,KR-2,southeast,44300
2024-05,VF2NPAGXRK0008135,NOV,2024,NOV-PR,3.5 가솔린,AWD,포레스트 그린,KR-2,west,44300
2024-05,VF2NPFEXRK0008136,NOV,2024,NOV-PR,3.5 가솔린,FWD,오션 블루,KR-2,northeast,44300
2024-05,VF2NSFHXRK0008137,NOV,2024,NOV-LO,3.5 가솔린,FWD,샌드 베이지,KR-2,west,50502
2024-05,VF2NPFFXRK0008138,NOV,2024,NOV-PR,1.6T 하이브리드,FWD,선셋 레드,KR-2,west,44300
2024-05,VF2NPFFXRK0008139,NOV,2024,NOV-PR,3.5 가솔린,FWD,선셋 레드,KR-2,west,44300
2024-05,VF2NSAFXRK0008140,NOV,2024,NOV-LO,3.5 가솔린,AWD,선셋 레드,KR-2,west,50502
2024-05,VF2NPAFXRK0008141,NOV,2024,NOV-PR,3.5 가솔린,AWD,선셋 레드,KR-2,southeast,44300
2024-05,VF2NPFDXRK0008142,NOV,2024,NOV-PR,1.6T 하이브리드,FWD,실버,KR-2,south,44300
2024-05,VF2NPFBXRK0008143,NOV,2024,NOV-PR,3.5 가솔린,FWD,미드나잇 블랙,KR-2,west,44300
2024-05,VF2NSFBXRK0008144,NOV,2024,NOV-LO,3.5 가솔린,FWD,미드나잇 블랙,KR-2,central,50502
2024-05,VF2NSAAXRK0008145,NOV,2024,NOV-LO,1.6T 하이브리드,AWD,스노우 화이트,KR-2,central,50502
2024-05,VF2NCACXRK0008146,NOV,2024,NOV-CO,3.5 가솔린,AWD,스틸 그레이,KR-2,southeast,40756
2024-05,VF2NSFCXRK0008147,NOV,2024,NOV-LO,3.5 가솔린,FWD,스틸 그레이,KR-2,southeast,50502
2024-05,VF2NPFBXRK0008148,NOV,2024,NOV-PR,3.5 가솔린,FWD,미드나잇 블랙,KR-2,central,44300
2024-05,VF2NCAGXRK0008149,NOV,2024,NOV-CO,1.6T 하이브리드,AWD,포레스트 그린,KR-2,central,40756
2024-05,VF2NCFDXRK0008150,NOV,2024,NOV-CO,3.5 가솔린,FWD,실버,KR-2,southeast,40756
2024-05,VF2NPFBXRK0008151,NOV,2024,NOV-PR,1.6T 하이브리드,FWD,미드나잇 블랙,KR-2,south,44300
2024-05,VF2NPACXRK0008152,NOV,2024,NOV-PR,3.5 가솔린,AWD,스틸 그레이,KR-2,northeast,44300
2024-05,VF2NSFEXRK0008153,NOV,2024,NOV-LO,3.5 가솔린,FWD,오션 블루,KR-2,south,50502
2024-05,VF2NPFDXRK0008154,NOV,2024,NOV-PR,3.5 가솔린,FWD,실버,KR-2,south,44300
2024-05,VF2NCAFXRK0008155,NOV,2024,NOV-CO,3.5 가솔린,AWD,선셋 레드,KR-2,west,40756
2024-05,VF2NCABXRK0008156,NOV,2024,NOV-CO,1.6T 하이브리드,AWD,미드나잇 블랙,KR-2,central,40756
2024-05,VF2NPFAXRK0008157,NOV,2024,NOV-PR,3.5 가솔린,FWD,스노우 화이트,KR-2,northeast,44300
2024-05,VF2NCABXRK0008158,NOV,2024,NOV-CO,3.5 가솔린,AWD,미드나잇 블랙,KR-2,west,40756
2024-05,VF2NCAAXRK0008159,NOV,2024,NOV-CO,1.6T 하이브리드,AWD,스노우 화이트,KR-2,northeast,40756
2024-05,VF2NSFAXRK0008160,NOV,2024,NOV-LO,1.6T 하이브리드,FWD,스노우 화이트,KR-2,south,50502
2024-05,VF2NCFAXRK0008161,NOV,2024,NOV-CO,1.6T 하이브리드,FWD,스노우 화이트,KR-2,west,40756
2024-05,VF2NSAAXRK0008162,NOV,2024,NOV-LO,3.5 가솔린,AWD,스노우 화이트,KR-2,west,50502
2024-05,VF2NPFBXRK0008163,NOV,2024,NOV-PR,3.5 가솔린,FWD,미드나잇 블랙,KR-2,southeast,44300
2024-05,VF2NCFBXRK0008164,NOV,2024,NOV-CO,1.6T 하이브리드,FWD,미드나잇 블랙,KR-2,south,40756
2024-05,VF2NCFHXRK0008165,NOV,2024,NOV-CO,1.6T 하이브리드,FWD,샌드 베이지,KR-2,south,40756
2024-05,VF2NCFAXRK0008166,NOV,2024,NOV-CO,3.5 가솔린,FWD,스노우 화이트,KR-2,west,40756
2024-05,VF2NCFDXRK0008167,NOV,2024,NOV-CO,3.5 가솔린,FWD,실버,KR-2,south,40756
2024-05,VF2NSFHXRK0008168,NOV,2024,NOV-LO,3.5 가솔린,FWD,샌드 베이지,KR-2,west,50502
2024-05,VF2NPAHXRK0008169,NOV,2024,NOV-PR,1.6T 하이브리드,AWD,샌드 베이지,KR-2,central,44300
2024-05,VF2NCAAXRK0008170,NOV,2024,NOV-CO,3.5 가솔린,AWD,스노우 화이트,KR-2,south,40756
2024-05,VF2NCFDXRK0008171,NOV,2024,NOV-CO,1.6T 하이브리드,FWD,실버,KR-2,central,40756
2024-05,VF2NPFBXRK0008172,NOV,2024,NOV-PR,3.5 가솔린,FWD,미드나잇 블랙,KR-2,southeast,44300
2024-05,VF2NPAAXRK0008173,NOV,2024,NOV-PR,3.5 가솔린,AWD,스노우 화이트,KR-2,southeast,44300
2024-05,VF2NCAAXRK0008174,NOV,2024,NOV-CO,3.5 가솔린,AWD,스노우 화이트,KR-2,south,40756
2024-05,VF2NPFCXRK0008175,NOV,2024,NOV-PR,3.5 가솔린,FWD,스틸 그레이,KR-2,central,44300
2024-05,VF2NPFEXRK0008176,NOV,2024,NOV-PR,3.5 가솔린,FWD,오션 블루,KR-2,south,44300
2024-05,VF2NCFDXRK0008177,NOV,2024,NOV-CO,3.5 가솔린,FWD,실버,KR-2,central,40756
2024-05,VF2NPACXRK0008178,NOV,2024,NOV-PR,1.6T 하이브리드,AWD,스틸 그레이,KR-2,northeast,44300
2024-05,VF2NPFBXRK0008179,NOV,2024,NOV-PR,3.5 가솔린,FWD,미드나잇 블랙,KR-2,central,44300
2024-05,VF2NCFAXRK0008180,NOV,2024,NOV-CO,3.5 가솔린,FWD,스노우 화이트,KR-2,northeast,40756
2024-05,VF2NSFCXRK0008181,NOV,2024,NOV-LO,3.5 가솔린,FWD,스틸 그레이,KR-2,northeast,50502
2024-05,VF2NCFGXRK0008182,NOV,2024,NOV-CO,1.6T 하이브리드,FWD,포레스트 그린,KR-2,south,40756
2024-05,VF2NPFDXRK0008183,NOV,2024,NOV-PR,3.5 가솔린,FWD,실버,KR-2,northeast,44300
2024-05,VF2NCFEXRK0008184,NOV,2024,NOV-CO,3.5 가솔린,FWD,오션 블루,KR-2,south,40756
2024-05,VF2NCADXRK0008185,NOV,2024,NOV-CO,3.5 가솔린,AWD,실버,KR-2,northeast,40756
2024-05,VF2NCABXRK0008186,NOV,2024,NOV-CO,1.6T 하이브리드,AWD,미드나잇 블랙,KR-2,central,40756
2024-05,VF2NCAGXRK0008187,NOV,2024,NOV-CO,3.5 가솔린,AWD,포레스트 그린,KR-2,south,40756
2024-05,VF2NPAEXRK0008188,NOV,2024,NOV-PR,3.5 가솔린,AWD,오션 블루,KR-2,central,44300
2024-05,VF2NCFCXRK0008189,NOV,2024,NOV-CO,1.6T 하이브리드,FWD,스틸 그레이,KR-2,central,40756
2024-05,VF2NPFBXRK0008190,NOV,2024,NOV-PR,1.6T 하이브리드,FWD,미드나잇 블랙,KR-2,southeast,44300
2024-05,VF2NPFDXRK0008191,NOV,2024,NOV-PR,3.5 가솔린,FWD,실버,KR-2,central,44300
2024-05,VF2NPACXRK0008192,NOV,2024,NOV-PR,3.5 가솔린,AWD,스틸 그레이,KR-2,west,44300
2024-05,VF2NPADXRK0008193,NOV,2024,NOV-PR,3.5 가솔린,AWD,실버,KR-2,southeast,44300
2024-05,VF2NSFDXRK0008194,NOV,2024,NOV-LO,3.5 가솔린,FWD,실버,KR-2,central,50502
2024-05,VF2NPAAXRK0008195,NOV,2024,NOV-PR,1.6T 하이브리드,AWD,스노우 화이트,KR-2,northeast,44300
2024-05,VF2NPFCXRK0008196,NOV,2024,NOV-PR,3.5 가솔린,FWD,스틸 그레이,KR-2,south,44300
2024-05,VF2NPAGXRK0008197,NOV,2024,NOV-PR,3.5 가솔린,AWD,포레스트 그린,KR-2,northeast,44300
2024-05,VF2NSAEXRK0008198,NOV,2024,NOV-LO,3.5 가솔린,AWD,오션 블루,KR-2,west,50502
2024-05,VF2NPFAXRK0008199,NOV,2024,NOV-PR,3.5 가솔린,FWD,스노우 화이트,KR-2,west,44300
2024-05,VF2NPFCXRK0008200,NOV,2024,NOV-PR,3.5 가솔린,FWD,스틸 그레이,KR-2,northeast,44300
2024-05,VF2NCAAXRK0008201,NOV,2024,NOV-CO,3.5 가솔린,AWD,스노우 화이트,KR-2,west,40756
2024-05,VF2NPFAXRK0008202,NOV,2024,NOV-PR,3.5 가솔린,FWD,스노우 화이트,KR-2,northeast,44300
2024-05,VF2NPAEXRK0008203,NOV,2024,NOV-PR,3.5 가솔린,AWD,오션 블루,KR-2,west,44300
2024-05,VF2NSFBXRK0008204,NOV,2024,NOV-LO,1.6T 하이브리드,FWD,미드나잇 블랙,KR-2,southeast,50502
2024-05,VF2NPFAXRK0008205,NOV,2024,NOV-PR,3.5 가솔린,FWD,스노우 화이트,KR-2,south,44300
2024-05,VF2NSFAXRK0008206,NOV,2024,NOV-LO,3.5 가솔린,FWD,스노우 화이트,KR-2,south,50502
2024-05,VF2NCAAXRK0008207,NOV,2024,NOV-CO,3.5 가솔린,AWD,스노우 화이트,KR-2,northeast,40756
2024-05,VF2NCFAXRK0008208,NOV,2024,NOV-CO,3.5 가솔린,FWD,스노우 화이트,KR-2,southeast,40756
2024-05,VF2NPFEXRK0008209,NOV,2024,NOV-PR,3.5 가솔린,FWD,오션 블루,KR-2,west,44300
2024-05,VF2NCFAXRK0008210,NOV,2024,NOV-CO,1.6T 하이브리드,FWD,스노우 화이트,KR-2,central,40756
2024-05,VF2NSAEXRK0008211,NOV,2024,NOV-LO,1.6T 하이브리드,AWD,오션 블루,KR-2,central,50502
2024-05,VF2NCFDXRK0008212,NOV,2024,NOV-CO,3.5 가솔린,FWD,실버,KR-2,central,40756
2024-05,VF2NCABXRK0008213,NOV,2024,NOV-CO,1.6T 하이브리드,AWD,미드나잇 블랙,KR-2,southeast,40756
2024-05,VF2NSFCXRK0008214,NOV,2024,NOV-LO,3.5 가솔린,FWD,스틸 그레이,KR-2,south,50502
2024-05,VF2NPFBXRK0008215,NOV,2024,NOV-PR,3.5 가솔린,FWD,미드나잇 블랙,KR-2,south,44300
2024-05,VF2NCFAXRK0008216,NOV,2024,NOV-CO,1.6T 하이브리드,FWD,스노우 화이트,KR-2,southeast,40756
2024-05,VF2NCFEXRK0008217,NOV,2024,NOV-CO,3.5 가솔린,FWD,오션 블루,KR-2,south,40756
2024-05,VF2NCFAXRK0008218,NOV,2024,NOV-CO,1.6T 하이브리드,FWD,스노우 화이트,KR-2,west,40756
2024-05,VF2NSFAXRK0008219,NOV,2024,NOV-LO,1.6T 하이브리드,FWD,스노우 화이트,KR-2,central,50502
2024-05,VF2NSFBXRK0008220,NOV,2024,NOV-LO,3.5 가솔린,FWD,미드나잇 블랙,KR-2,west,50502
2024-05,VF2NCAAXRK0008221,NOV,2024,NOV-CO,3.5 가솔린,AWD,스노우 화이트,KR-2,west,40756
2024-05,VF2NCFAXRK0008222,NOV,2024,NOV-CO,3.5 가솔린,FWD,스노우 화이트,KR-2,west,40756
2024-05,VF2NPAAXRK0008223,NOV,2024,NOV-PR,3.5 가솔린,AWD,스노우 화이트,KR-2,south,44300
2024-05,VF2NPFEXRK0008224,NOV,2024,NOV-PR,3.5 가솔린,FWD,오션 블루,KR-2,central,44300
2024-05,VF2NCFCXRK0008225,NOV,2024,NOV-CO,3.5 가솔린,FWD,스틸 그레이,KR-2,west,40756
2024-05,VF2NCFBXRK0008226,NOV,2024,NOV-CO,3.5 가솔린,FWD,미드나잇 블랙,KR-2,south,40756
2024-05,VF2NCAFXRK0008227,NOV,2024,NOV-CO,3.5 가솔린,AWD,선셋 레드,KR-2,northeast,40756
2024-05,VF2NCFBXRK0008228,NOV,2024,NOV-CO,1.6T 하이브리드,FWD,미드나잇 블랙,KR-2,west,40756
2024-05,VF2NPFEXRK0008229,NOV,2024,NOV-PR,1.6T 하이브리드,FWD,오션 블루,KR-2,south,44300
2024-05,VF2NCFBXRK0008230,NOV,2024,NOV-CO,3.5 가솔린,FWD,미드나잇 블랙,KR-2,southeast,40756
2024-05,VF2NPFFXRK0008231,NOV,2024,NOV-PR,1.6T 하이브리드,FWD,선셋 레드,KR-2,southeast,44300
2024-05,VF2NCFAXRK0008232,NOV,2024,NOV-CO,3.5 가솔린,FWD,스노우 화이트,KR-2,west,40756
2024-05,VF2NPFCXRK0008233,NOV,2024,NOV-PR,3.5 가솔린,FWD,스틸 그레이,KR-2,south,44300
2024-05,VF2NPFDXRK0008234,NOV,2024,NOV-PR,1.6T 하이브리드,FWD,실버,KR-2,central,44300
2024-05,VF2NSACXRK0008235,NOV,2024,NOV-LO,1.6T 하이브리드,AWD,스틸 그레이,KR-2,west,50502
2024-05,VF2NPABXRK0008236,NOV,2024,NOV-PR,3.5 가솔린,AWD,미드나잇 블랙,KR-2,west,44300
2024-05,VF2NPFBXRK0008237,NOV,2024,NOV-PR,3.5 가솔린,FWD,미드나잇 블랙,KR-2,south,44300
2024-05,VF2NPFEXRK0008238,NOV,2024,NOV-PR,3.5 가솔린,FWD,오션 블루,KR-2,southeast,44300
2024-05,VF2NPFDXRK0008239,NOV,2024,NOV-PR,1.6T 하이브리드,FWD,실버,KR-2,west,44300
2024-05,VF2NCFCXRK0008240,NOV,2024,NOV-CO,3.5 가솔린,FWD,스틸 그레이,KR-2,central,40756
2024-05,VF2NPFGXRK0008241,NOV,2024,NOV-PR,1.6T 하이브리드,FWD,포레스트 그린,KR-2,central,44300
2024-05,VF2NSFDXRK0008242,NOV,2024,NOV-LO,3.5 가솔린,FWD,실버,KR-2,central,50502
2024-05,VF2NSACXRK0008243,NOV,2024,NOV-LO,1.6T 하이브리드,AWD,스틸 그레이,KR-2,west,50502
2024-05,VF2NPFCXRK0008244,NOV,2024,NOV-PR,3.5 가솔린,FWD,스틸 그레이,KR-2,south,44300
2024-05,VF2NPAEXRK0008245,NOV,2024,NOV-PR,3.5 가솔린,AWD,오션 블루,KR-2,central,44300
2024-05,VF2NPFDXRK0008246,NOV,2024,NOV-PR,3.5 가솔린,FWD,실버,KR-2,southeast,44300
2024-05,VF2NPFGXRK0008247,NOV,2024,NOV-PR,1.6T 하이브리드,FWD,포레스트 그린,KR-2,southeast,44300
2024-05,VF1LCFDXRK0008248,LUM,2024,LUM-AI,스탠다드 레인지,FWD,실버,KR-1,west,39284
2024-05,VF1LPFDXRK0008249,LUM,2024,LUM-RA,스탠다드 레인지,FWD,실버,KR-1,northeast,42700
2024-05,VF1LPABXRK0008250,LUM,2024,LUM-RA,롱레인지,AWD,미드나잇 블랙,KR-1,west,42700
2024-05,VF1LPAEXRK0008251,LUM,2024,LUM-RA,롱레인지,AWD,오션 블루,KR-1,west,42700
2024-05,VF1LSFBXRK0008252,LUM,2024,LUM-SP,스탠다드 레인지,FWD,미드나잇 블랙,KR-1,west,48678
2024-05,VF1LCABXRK0008253,LUM,2024,LUM-AI,스탠다드 레인지,AWD,미드나잇 블랙,KR-1,central,39284
2024-05,VF1LCFFXRK0008254,LUM,2024,LUM-AI,롱레인지,FWD,선셋 레드,KR-1,south,39284
2024-05,VF1LSFEXRK0008255,LUM,2024,LUM-SP,롱레인지,FWD,오션 블루,KR-1,northeast,48678
2024-05,VF1LCFAXRK0008256,LUM,2024,LUM-AI,롱레인지,FWD,스노우 화이트,KR-1,south,39284
2024-05,VF1LPAEXRK0008257,LUM,2024,LUM-RA,롱레인지,AWD,오션 블루,KR-1,west,42700
2024-05,VF1LPAAXRK0008258,LUM,2024,LUM-RA,스탠다드 레인지,AWD,스노우 화이트,KR-1,southeast,42700
2024-05,VF1LCFCXRK0008259,LUM,2024,LUM-AI,롱레인지,FWD,스틸 그레이,KR-1,west,39284
2024-05,VF1LSAHXRK0008260,LUM,2024,LUM-SP,롱레인지,AWD,샌드 베이지,KR-1,west,48678
2024-05,VF1LPFDXRK0008261,LUM,2024,LUM-RA,롱레인지,FWD,실버,KR-1,central,42700
2024-05,VF1LPFFXRK0008262,LUM,2024,LUM-RA,롱레인지,FWD,선셋 레드,KR-1,southeast,42700
2024-05,VF1LCADXRK0008263,LUM,2024,LUM-AI,롱레인지,AWD,실버,KR-1,southeast,39284
2024-05,VF1LPAFXRK0008264,LUM,2024,LUM-RA,롱레인지,AWD,선셋 레드,KR-1,west,42700
2024-05,VF1LCFDXRK0008265,LUM,2024,LUM-AI,롱레인지,FWD,실버,KR-1,northeast,39284
2024-05,VF1LSFEXRK0008266,LUM,2024,LUM-SP,스탠다드 레인지,FWD,오션 블루,KR-1,west,48678
2024-05,VF1LPFBXRK0008267,LUM,2024,LUM-RA,스탠다드 레인지,FWD,미드나잇 블랙,KR-1,south,42700
2024-05,VF1LPACXRK0008268,LUM,2024,LUM-RA,롱레인지,AWD,스틸 그레이,KR-1,central,42700
2024-05,VF1LPADXRK0008269,LUM,2024,LUM-RA,스탠다드 레인지,AWD,실버,KR-1,west,42700
2024-05,VF1LCAHXRK0008270,LUM,2024,LUM-AI,스탠다드 레인지,AWD,샌드 베이지,KR-1,south,39284
2024-05,VF1LSAAXRK0008271,LUM,2024,LUM-SP,롱레인지,AWD,스노우 화이트,KR-1,central,48678
2024-05,VF1LPFAXRK0008272,LUM,2024,LUM-RA,롱레인지,FWD,스노우 화이트,KR-1,southeast,42700
2024-05,VF1LPFBXRK0008273,LUM,2024,LUM-RA,롱레인지,FWD,미드나잇 블랙,KR-1,south,42700
2024-05,VF1LPFAXRK0008274,LUM,2024,LUM-RA,롱레인지,FWD,스노우 화이트,KR-1,west,42700
2024-05,VF1LCFFXRK0008275,LUM,2024,LUM-AI,롱레인지,FWD,선셋 레드,KR-1,south,39284
2024-05,VF1LCFCXRK0008276,LUM,2024,LUM-AI,롱레인지,FWD,스틸 그레이,KR-1,northeast,39284
2024-05,VF1LPADXRK0008277,LUM,2024,LUM-RA,스탠다드 레인지,AWD,실버,KR-1,northeast,42700
2024-05,VF1LPACXRK0008278,LUM,2024,LUM-RA,롱레인지,AWD,스틸 그레이,KR-1,northeast,42700
2024-05,VF1LPAFXRK0008279,LUM,2024,LUM-RA,스탠다드 레인지,AWD,선셋 레드,KR-1,northeast,42700
2024-05,VF1LCAAXRK0008280,LUM,2024,LUM-AI,롱레인지,AWD,스노우 화이트,KR-1,west,39284
2024-05,VF1LSAAXRK0008281,LUM,2024,LUM-SP,롱레인지,AWD,스노우 화이트,KR-1,northeast,48678
2024-05,VF1LSAFXRK0008282,LUM,2024,LUM-SP,롱레인지,AWD,선셋 레드,KR-1,northeast,48678
2024-05,VF1LCFCXRK0008283,LUM,2024,LUM-AI,롱레인지,FWD,스틸 그레이,KR-1,southeast,39284
2024-05,VF1LCFAXRK0008284,LUM,2024,LUM-AI,롱레인지,FWD,스노우 화이트,KR-1,central,39284
2024-05,VF1LSFCXRK0008285,LUM,2024,LUM-SP,스탠다드 레인지,FWD,스틸 그레이,KR-1,southeast,48678
2024-05,VF1LPABXRK0008286,LUM,2024,LUM-RA,스탠다드 레인지,AWD,미드나잇 블랙,KR-1,northeast,42700
2024-05,VF1LCAHXRK0008287,LUM,2024,LUM-AI,스탠다드 레인지,AWD,샌드 베이지,KR-1,west,39284
2024-05,VF1LCFAXRK0008288,LUM,2024,LUM-AI,롱레인지,FWD,스노우 화이트,KR-1,south,39284
2024-05,VF1LSAEXRK0008289,LUM,2024,LUM-SP,롱레인지,AWD,오션 블루,KR-1,southeast,48678
2024-05,VF1LPFBXRK0008290,LUM,2024,LUM-RA,롱레인지,FWD,미드나잇 블랙,KR-1,southeast,42700
2024-05,VF1LPAEXRK0008291,LUM,2024,LUM-RA,롱레인지,AWD,오션 블루,KR-1,west,42700
2024-05,VF1LSFDXRK0008292,LUM,2024,LUM-SP,롱레인지,FWD,실버,KR-1,southeast,48678
2024-05,VF1LSABXRK0008293,LUM,2024,LUM-SP,스탠다드 레인지,AWD,미드나잇 블랙,KR-1,west,48678
2024-05,VF1LSFBXRK0008294,LUM,2024,LUM-SP,롱레인지,FWD,미드나잇 블랙,KR-1,northeast,48678
2024-05,VF1LCFDXRK0008295,LUM,2024,LUM-AI,롱레인지,FWD,실버,KR-1,southeast,39284
2024-05,VF1LPFEXRK0008296,LUM,2024,LUM-RA,스탠다드 레인지,FWD,오션 블루,KR-1,west,42700
2024-05,VF1LPFBXRK0008297,LUM,2024,LUM-RA,롱레인지,FWD,미드나잇 블랙,KR-1,south,42700
2024-05,VF1LSFEXRK0008298,LUM,2024,LUM-SP,스탠다드 레인지,FWD,오션 블루,KR-1,northeast,48678
2024-05,VF1LPFAXRK0008299,LUM,2024,LUM-RA,스탠다드 레인지,FWD,스노우 화이트,KR-1,south,42700
2024-05,VF1LCFCXRK0008300,LUM,2024,LUM-AI,롱레인지,FWD,스틸 그레이,KR-1,southeast,39284
2024-05,VF1LSFBXRK0008301,LUM,2024,LUM-SP,스탠다드 레인지,FWD,미드나잇 블랙,KR-1,southeast,48678
2024-05,VF1LPACXRK0008302,LUM,2024,LUM-RA,스탠다드 레인지,AWD,스틸 그레이,KR-1,central,42700
2024-05,VF1LPFBXRK0008303,LUM,2024,LUM-RA,롱레인지,FWD,미드나잇 블랙,KR-1,northeast,42700
2024-05,VF1LPABXRK0008304,LUM,2024,LUM-RA,스탠다드 레인지,AWD,미드나잇 블랙,KR-1,southeast,42700
2024-05,VF1LPFGXRK0008305,LUM,2024,LUM-RA,롱레인지,FWD,포레스트 그린,KR-1,west,42700
2024-05,VF1LSACXRK0008306,LUM,2024,LUM-SP,롱레인지,AWD,스틸 그레이,KR-1,northeast,48678
2024-05,VF1LSFCXRK0008307,LUM,2024,LUM-SP,롱레인지,FWD,스틸 그레이,KR-1,northeast,48678
2024-05,VF1LCABXRK0008308,LUM,2024,LUM-AI,롱레인지,AWD,미드나잇 블랙,KR-1,west,39284
2024-05,VF1LCFBXRK0008309,LUM,2024,LUM-AI,롱레인지,FWD,미드나잇 블랙,KR-1,central,39284
2024-05,VF1LPFCXRK0008310,LUM,2024,LUM-RA,롱레인지,FWD,스틸 그레이,KR-1,south,42700
2024-05,VF1LCFHXRK0008311,LUM,2024,LUM-AI,스탠다드 레인지,FWD,샌드 베이지,KR-1,southeast,39284
2024-05,VF1LPFAXRK0008312,LUM,2024,LUM-RA,스탠다드 레인지,FWD,스노우 화이트,KR-1,south,42700
2024-05,VF1LPFHXRK0008313,LUM,2024,LUM-RA,롱레인지,FWD,샌드 베이지,KR-1,southeast,42700
2024-05,VF1LSFBXRK0008314,LUM,2024,LUM-SP,스탠다드 레인지,FWD,미드나잇 블랙,KR-1,west,48678
2024-05,VF1LPAFXRK0008315,LUM,2024,LUM-RA,스탠다드 레인지,AWD,선셋 레드,KR-1,central,42700
2024-05,VF1LCFCXRK0008316,LUM,2024,LUM-AI,롱레인지,FWD,스틸 그레이,KR-1,west,39284
2024-05,VF1LCFBXRK0008317,LUM,2024,LUM-AI,롱레인지,FWD,미드나잇 블랙,KR-1,west,39284
2024-05,VF1LPAGXRK0008318,LUM,2024,LUM-RA,롱레인지,AWD,포레스트 그린,KR-1,west,42700
2024-05,VF1LPAAXRK0008319,LUM,2024,LUM-RA,스탠다드 레인지,AWD,스노우 화이트,KR-1,west,42700
2024-05,VF1LSFAXRK0008320,LUM,2024,LUM-SP,롱레인지,FWD,스노우 화이트,KR-1,west,48678
2024-05,VF1LSFEXRK0008321,LUM,2024,LUM-SP,롱레인지,FWD,오션 블루,KR-1,south,48678
2024-05,VF1LCACXRK0008322,LUM,2024,LUM-AI,롱레인지,AWD,스틸 그레이,KR-1,southeast,39284
2024-05,VF1LSFCXRK0008323,LUM,2024,LUM-SP,롱레인지,FWD,스틸 그레이,KR-1,central,48678
2024-05,VF1LCFAXRK0008324,LUM,2024,LUM-AI,스탠다드 레인지,FWD,스노우 화이트,KR-1,northeast,39284
2024-05,VF1LCFAXRK0008325,LUM,2024,LUM-AI,스탠다드 레인지,FWD,스노우 화이트,KR-1,west,39284
2024-05,VF1LSAAXRK0008326,LUM,2024,LUM-SP,롱레인지,AWD,스노우 화이트,KR-1,northeast,48678
2024-05,VF1LPADXRK0008327,LUM,2024,LUM-RA,롱레인지,AWD,실버,KR-1,west,42700
2024-05,VF1LPAGXRK0008328,LUM,2024,LUM-RA,롱레인지,AWD,포레스트 그린,KR-1,southeast,42700
2024-05,VF1LPADXRK0008329,LUM,2024,LUM-RA,롱레인지,AWD,실버,KR-1,southeast,42700
2024-05,VF1LPAAXRK0008330,LUM,2024,LUM-RA,롱레인지,AWD,스노우 화이트,KR-1,west,42700
2024-05,VF1LPFAXRK0008331,LUM,2024,LUM-RA,스탠다드 레인지,FWD,스노우 화이트,KR-1,southeast,42700
2024-05,VF1LPFGXRK0008332,LUM,2024,LUM-RA,스탠다드 레인지,FWD,포레스트 그린,KR-1,west,42700
2024-05,VF1LSFBXRK0008333,LUM,2024,LUM-SP,롱레인지,FWD,미드나잇 블랙,KR-1,west,48678
2024-05,VF1LPFDXRK0008334,LUM,2024,LUM-RA,롱레인지,FWD,실버,KR-1,south,42700
2024-05,VF1LSFFXRK0008335,LUM,2024,LUM-SP,롱레인지,FWD,선셋 레드,KR-1,northeast,48678
2024-05,VF1LCAEXRK0008336,LUM,2024,LUM-AI,롱레인지,AWD,오션 블루,KR-1,west,39284
2024-05,VF1LPFGXRK0008337,LUM,2024,LUM-RA,롱레인지,FWD,포레스트 그린,KR-1,west,42700
2024-05,VF1LCAGXRK0008338,LUM,2024,LUM-AI,롱레인지,AWD,포레스트 그린,KR-1,northeast,39284
2024-05,VF1LCFHXRK0008339,LUM,2024,LUM-AI,스탠다드 레인지,FWD,샌드 베이지,KR-1,northeast,39284
2024-05,VF1LPAAXRK0008340,LUM,2024,LUM-RA,롱레인지,AWD,스노우 화이트,KR-1,west,42700
2024-05,VF1LCFEXRK0008341,LUM,2024,LUM-AI,롱레인지,FWD,오션 블루,KR-1,central,39284
2024-05,VF1LCFDXRK0008342,LUM,2024,LUM-AI,롱레인지,FWD,실버,KR-1,west,39284
2024-05,VF1LPFBXRK0008343,LUM,2024,LUM-RA,롱레인지,FWD,미드나잇 블랙,KR-1,west,42700
2024-05,VF1LPFCXRK0008344,LUM,2024,LUM-RA,롱레인지,FWD,스틸 그레이,KR-1,south,42700
2024-05,VF1LCFEXRK0008345,LUM,2024,LUM-AI,롱레인지,FWD,오션 블루,KR-1,west,39284
2024-05,VF1LPFCXRK0008346,LUM,2024,LUM-RA,롱레인지,FWD,스틸 그레이,KR-1,west,42700
2024-05,VF1LCFHXRK0008347,LUM,2024,LUM-AI,롱레인지,FWD,샌드 베이지,KR-1,west,39284
2024-05,VF1LPFBXRK0008348,LUM,2024,LUM-RA,스탠다드 레인지,FWD,미드나잇 블랙,KR-1,west,42700
2024-05,VF1LCFFXRK0008349,LUM,2024,LUM-AI,롱레인지,FWD,선셋 레드,KR-1,west,39284
2024-05,VF1LPFCXRK0008350,LUM,2024,LUM-RA,롱레인지,FWD,스틸 그레이,KR-1,west,42700
2024-05,VF1LCFDXRK0008351,LUM,2024,LUM-AI,롱레인지,FWD,실버,KR-1,southeast,39284
2024-05,VF1LCACXRK0008352,LUM,2024,LUM-AI,스탠다드 레인지,AWD,스틸 그레이,KR-1,west,39284
2024-05,VF1LSABXRK0008353,LUM,2024,LUM-SP,롱레인지,AWD,미드나잇 블랙,KR-1,southeast,48678
2024-05,VF1LSFFXRK0008354,LUM,2024,LUM-SP,롱레인지,FWD,선셋 레드,KR-1,west,48678
2024-05,VF1LPFGXRK0008355,LUM,2024,LUM-RA,스탠다드 레인지,FWD,포레스트 그린,KR-1,central,42700
2024-05,VF1LCFDXRK0008356,LUM,2024,LUM-AI,스탠다드 레인지,FWD,실버,KR-1,south,39284
2024-05,VF1LCABXRK0008357,LUM,2024,LUM-AI,롱레인지,AWD,미드나잇 블랙,KR-1,south,39284
2024-05,VF1LSFFXRK0008358,LUM,2024,LUM-SP,롱레인지,FWD,선셋 레드,KR-1,west,48678
2024-05,VF1LCFFXRK0008359,LUM,2024,LUM-AI,롱레인지,FWD,선셋 레드,KR-1,south,39284
2024-05,VF1LPFAXRK0008360,LUM,2024,LUM-RA,롱레인지,FWD,스노우 화이트,KR-1,south,42700
2024-05,VF1LSAAXRK0008361,LUM,2024,LUM-SP,스탠다드 레인지,AWD,스노우 화이트,KR-1,west,48678
2024-05,VF1LPABXRK0008362,LUM,2024,LUM-RA,롱레인지,AWD,미드나잇 블랙,KR-1,northeast,42700
2024-05,VF1LCFBXRK0008363,LUM,2024,LUM-AI,롱레인지,FWD,미드나잇 블랙,KR-1,northeast,39284
2024-05,VF1LCABXRK0008364,LUM,2024,LUM-AI,스탠다드 레인지,AWD,미드나잇 블랙,KR-1,central,39284
2024-05,VF1LCAEXRK0008365,LUM,2024,LUM-AI,스탠다드 레인지,AWD,오션 블루,KR-1,central,39284
2024-05,VF1LPFCXRK0008366,LUM,2024,LUM-RA,롱레인지,FWD,스틸 그레이,KR-1,southeast,42700
2024-05,VF1LPFAXRK0008367,LUM,2024,LUM-RA,롱레인지,FWD,스노우 화이트,KR-1,northeast,42700
2024-05,VF1LSFEXRK0008368,LUM,2024,LUM-SP,롱레인지,FWD,오션 블루,KR-1,southeast,48678
2024-05,VF1LPABXRK0008369,LUM,2024,LUM-RA,롱레인지,AWD,미드나잇 블랙,KR-1,southeast,42700
2024-05,VF1LPAEXRK0008370,LUM,2024,LUM-RA,스탠다드 레인지,AWD,오션 블루,KR-1,south,42700
2024-05,VF1LSFCXRK0008371,LUM,2024,LUM-SP,스탠다드 레인지,FWD,스틸 그레이,KR-1,west,48678
2024-05,VF1LSAAXRK0008372,LUM,2024,LUM-SP,스탠다드 레인지,AWD,스노우 화이트,KR-1,northeast,48678
2024-05,VF1LCAEXRK0008373,LUM,2024,LUM-AI,롱레인지,AWD,오션 블루,KR-1,west,39284
2024-05,VF1LPFCXRK0008374,LUM,2024,LUM-RA,롱레인지,FWD,스틸 그레이,KR-1,southeast,42700
2024-05,VF1LPFAXRK0008375,LUM,2024,LUM-RA,스탠다드 레인지,FWD,스노우 화이트,KR-1,west,42700
2024-05,VF1LPFHXRK0008376,LUM,2024,LUM-RA,롱레인지,FWD,샌드 베이지,KR-1,south,42700
2024-05,VF1LCFDXRK0008377,LUM,2024,LUM-AI,롱레인지,FWD,실버,KR-1,west,39284
2024-05,VF1LCFBXRK0008378,LUM,2024,LUM-AI,롱레인지,FWD,미드나잇 블랙,KR-1,west,39284
2024-05,VF1LSAAXRK0008379,LUM,2024,LUM-SP,스탠다드 레인지,AWD,스노우 화이트,KR-1,west,48678
2024-05,VF1LPFCXRK0008380,LUM,2024,LUM-RA,스탠다드 레인지,FWD,스틸 그레이,KR-1,south,42700
2024-05,VF1LCFEXRK0008381,LUM,2024,LUM-AI,스탠다드 레인지,FWD,오션 블루,KR-1,south,39284
2024-05,VF1LPFEXRK0008382,LUM,2024,LUM-RA,스탠다드 레인지,FWD,오션 블루,KR-1,south,42700
2024-05,VF1LCACXRK0008383,LUM,2024,LUM-AI,롱레인지,AWD,스틸 그레이,KR-1,central,39284
2024-05,VF1LPABXRK0008384,LUM,2024,LUM-RA,롱레인지,AWD,미드나잇 블랙,KR-1,west,42700
2024-05,VF1LCAAXRK0008385,LUM,2024,LUM-AI,롱레인지,AWD,스노우 화이트,KR-1,south,39284
2024-05,VF1LSAAXRK0008386,LUM,2024,LUM-SP,롱레인지,AWD,스노우 화이트,KR-1,northeast,48678
2024-05,VF1LPFBXRK0008387,LUM,2024,LUM-RA,스탠다드 레인지,FWD,미드나잇 블랙,KR-1,southeast,42700
2024-05,VF1LPFAXRK0008388,LUM,2024,LUM-RA,스탠다드 레인지,FWD,스노우 화이트,KR-1,southeast,42700
2024-05,VF1LSFBXRK0008389,LUM,2024,LUM-SP,롱레인지,FWD,미드나잇 블랙,KR-1,southeast,48678
2024-05,VF1LPFFXRK0008390,LUM,2024,LUM-RA,롱레인지,FWD,선셋 레드,KR-1,central,42700
2024-05,VF1LCAEXRK0008391,LUM,2024,LUM-AI,롱레인지,AWD,오션 블루,KR-1,west,39284
2024-05,VF1LPAFXRK0008392,LUM,2024,LUM-RA,롱레인지,AWD,선셋 레드,KR-1,south,42700
2024-05,VF1LCACXRK0008393,LUM,2024,LUM-AI,롱레인지,AWD,스틸 그레이,KR-1,south,39284
2024-05,VF1LPFDXRK0008394,LUM,2024,LUM-RA,롱레인지,FWD,실버,KR-1,west,42700
2024-05,VF1LCAAXRK0008395,LUM,2024,LUM-AI,롱레인지,AWD,스노우 화이트,KR-1,northeast,39284
2024-05,VF1LSAEXRK0008396,LUM,2024,LUM-SP,스탠다드 레인지,AWD,오션 블루,KR-1,west,48678
2024-05,VF1LCFFXRK0008397,LUM,2024,LUM-AI,스탠다드 레인지,FWD,선셋 레드,KR-1,south,39284
2024-05,VF1LPFBXRK0008398,LUM,2024,LUM-RA,롱레인지,FWD,미드나잇 블랙,KR-1,west,42700
2024-05,VF1LPFAXRK0008399,LUM,2024,LUM-RA,스탠다드 레인지,FWD,스노우 화이트,KR-1,northeast,42700
2024-05,VF1LCAGXRK0008400,LUM,2024,LUM-AI,롱레인지,AWD,포레스트 그린,KR-1,northeast,39284
2024-05,VF1LPAFXRK0008401,LUM,2024,LUM-RA,스탠다드 레인지,AWD,선셋 레드,KR-1,west,42700
2024-05,VF1LPADXRK0008402,LUM,2024,LUM-RA,롱레인지,AWD,실버,KR-1,south,42700
2024-05,VF1LCFDXRK0008403,LUM,2024,LUM-AI,스탠다드 레인지,FWD,실버,KR-1,west,39284
2024-05,VF1LPAAXRK0008404,LUM,2024,LUM-RA,스탠다드 레인지,AWD,스노우 화이트,KR-1,southeast,42700
2024-05,VF1LCFCXRK0008405,LUM,2024,LUM-AI,스탠다드 레인지,FWD,스틸 그레이,KR-1,west,39284
2024-05,VF1LPFCXRK0008406,LUM,2024,LUM-RA,롱레인지,FWD,스틸 그레이,KR-1,southeast,42700
2024-05,VF1LSAFXRK0008407,LUM,2024,LUM-SP,스탠다드 레인지,AWD,선셋 레드,KR-1,southeast,48678
2024-05,VF1LPAEXRK0008408,LUM,2024,LUM-RA,롱레인지,AWD,오션 블루,KR-1,south,42700
2024-05,VF1LCFCXRK0008409,LUM,2024,LUM-AI,롱레인지,FWD,스틸 그레이,KR-1,south,39284
2024-05,VF1LPFDXRK0008410,LUM,2024,LUM-RA,롱레인지,FWD,실버,KR-1,west,42700
2024-05,VF1LPFAXRK0008411,LUM,2024,LUM-RA,스탠다드 레인지,FWD,스노우 화이트,KR-1,west,42700
2024-05,VF1LPAFXRK0008412,LUM,2024,LUM-RA,롱레인지,AWD,선셋 레드,KR-1,west,42700
2024-05,VF1LPFAXRK0008413,LUM,2024,LUM-RA,롱레인지,FWD,스노우 화이트,KR-1,west,42700
2024-05,VF1LCAFXRK0008414,LUM,2024,LUM-AI,스탠다드 레인지,AWD,선셋 레드,KR-1,west,39284
2024-05,VF1LPFEXRK0008415,LUM,2024,LUM-RA,롱레인지,FWD,오션 블루,KR-1,west,42700
2024-05,VF1LCADXRK0008416,LUM,2024,LUM-AI,스탠다드 레인지,AWD,실버,KR-1,west,39284
2024-05,VF1LSFGXRK0008417,LUM,2024,LUM-SP,롱레인지,FWD,포레스트 그린,KR-1,central,48678
