prod_ym,vin,model_id,model_year,trim_id,engine,drivetrain,color,plant_id,dest_zone_id,msrp_usd
2024-01,VF3TCAEXRU0000001,TRN,2024,TRN-CO,3.5 가솔린,AWD,오션 블루,US-GA,northeast,47840
2024-01,VF3TPAGXRU0000002,TRN,2024,TRN-PR,3.5 가솔린,AWD,포레스트 그린,US-GA,south,52000
2024-01,VF3TSAAXRU0000003,TRN,2024,TRN-SU,2.5T 하이브리드,AWD,스노우 화이트,US-GA,west,59280
2024-01,VF3TPAFXRU0000004,TRN,2024,TRN-PR,2.5T 하이브리드,AWD,선셋 레드,US-GA,southeast,52000
2024-01,VF3TCADXRU0000005,TRN,2024,TRN-CO,3.5 가솔린,AWD,실버,US-GA,central,47840
2024-01,VF3TPADXRU0000006,TRN,2024,TRN-PR,3.5 가솔린,AWD,실버,US-GA,west,52000
2024-01,VF3TSAGXRU0000007,TRN,2024,TRN-SU,2.5T 하이브리드,AWD,포레스트 그린,US-GA,northeast,59280
2024-01,VF3TPFBXRU0000008,TRN,2024,TRN-PR,2.5T 하이브리드,FWD,미드나잇 블랙,US-GA,west,52000
2024-01,VF3TCADXRU0000009,TRN,2024,TRN-CO,2.5T 하이브리드,AWD,실버,US-GA,southeast,47840
2024-01,VF3TPABXRU0000010,TRN,2024,TRN-PR,2.5T 하이브리드,AWD,미드나잇 블랙,US-GA,central,52000
2024-01,VF3TPADXRU0000011,TRN,2024,TRN-PR,3.5 가솔린,AWD,실버,US-GA,south,52000
2024-01,VF3TPAAXRU0000012,TRN,2024,TRN-PR,2.5T 하이브리드,AWD,스노우 화이트,US-GA,west,52000
2024-01,VF3TCADXRU0000013,TRN,2024,TRN-CO,3.5 가솔린,AWD,실버,US-GA,central,47840
2024-01,VF3TSAGXRU0000014,TRN,2024,TRN-SU,3.5 가솔린,AWD,포레스트 그린,US-GA,south,59280
2024-01,VF3TPADXRU0000015,TRN,2024,TRN-PR,2.5T 하이브리드,AWD,실버,US-GA,northeast,52000
2024-01,VF3TCFCXRU0000016,TRN,2024,TRN-CO,3.5 가솔린,FWD,스틸 그레이,US-GA,southeast,47840
2024-01,VF3TPADXRU0000017,TRN,2024,TRN-PR,3.5 가솔린,AWD,실버,US-GA,northeast,52000
2024-01,VF3TPAGXRU0000018,TRN,2024,TRN-PR,3.5 가솔린,AWD,포레스트 그린,US-GA,west,52000
2024-01,VF3TPFEXRU0000019,TRN,2024,TRN-PR,3.5 가솔린,FWD,오션 블루,US-GA,south,52000
2024-01,VF3TCFDXRU0000020,TRN,2024,TRN-CO,2.5T 하이브리드,FWD,실버,US-GA,south,47840
2024-01,VF3TCABXRU0000021,TRN,2024,TRN-CO,3.5 가솔린,AWD,미드나잇 블랙,US-GA,west,47840
2024-01,VF3TPABXRU0000022,TRN,2024,TRN-PR,3.5 가솔린,AWD,미드나잇 블랙,US-GA,central,52000
2024-01,VF3TCACXRU0000023,TRN,2024,TRN-CO,2.5T 하이브리드,AWD,스틸 그레이,US-GA,west,47840
2024-01,VF3TSFDXRU0000024,TRN,2024,TRN-SU,3.5 가솔린,FWD,실버,US-GA,central,59280
2024-01,VF3TPABXRU0000025,TRN,2024,TRN-PR,3.5 가솔린,AWD,미드나잇 블랙,US-GA,south,52000
2024-01,VF3TCAAXRU0000026,TRN,2024,TRN-CO,2.5T 하이브리드,AWD,스노우 화이트,US-GA,northeast,47840
2024-01,VF3TSAFXRU0000027,TRN,2024,TRN-SU,3.5 가솔린,AWD,선셋 레드,US-GA,southeast,59280
2024-01,VF3TSAEXRU0000028,TRN,2024,TRN-SU,3.5 가솔린,AWD,오션 블루,US-GA,west,59280
2024-01,VF3TCADXRU0000029,TRN,2024,TRN-CO,2.5T 하이브리드,AWD,실버,US-GA,central,47840
2024-01,VF3TCACXRU0000030,TRN,2024,TRN-CO,2.5T 하이브리드,AWD,스틸 그레이,US-GA,central,47840
2024-01,VF3TCAEXRU0000031,TRN,2024,TRN-CO,3.5 가솔린,AWD,오션 블루,US-GA,northeast,47840
2024-01,VF3TCAGXRU0000032,TRN,2024,TRN-CO,3.5 가솔린,AWD,포레스트 그린,US-GA,south,47840
2024-01,VF3TPAAXRU0000033,TRN,2024,TRN-PR,2.5T 하이브리드,AWD,스노우 화이트,US-GA,west,52000
2024-01,VF3TPACXRU0000034,TRN,2024,TRN-PR,2.5T 하이브리드,AWD,스틸 그레이,US-GA,west,52000
2024-01,VF3TSAAXRU0000035,TRN,2024,TRN-SU,2.5T 하이브리드,AWD,스노우 화이트,US-GA,south,59280
2024-01,VF3TCAAXRU0000036,TRN,2024,TRN-CO,3.5 가솔린,AWD,스노우 화이트,US-GA,central,47840
2024-01,VF3TCADXRU0000037,TRN,2024,TRN-CO,3.5 가솔린,AWD,실버,US-GA,southeast,47840
2024-01,VF3TPABXRU0000038,TRN,2024,TRN-PR,3.5 가솔린,AWD,미드나잇 블랙,US-GA,northeast,52000
2024-01,VF3TCAAXRU0000039,TRN,2024,TRN-CO,3.5 가솔린,AWD,스노우 화이트,US-GA,southeast,47840
2024-01,VF3TPABXRU0000040,TRN,2024,TRN-PR,2.5T 하이브리드,AWD,미드나잇 블랙,US-GA,west,52000
2024-01,VF3TPAFXRU0000041,TRN,2024,TRN-PR,3.5 가솔린,AWD,선셋 레드,US-GA,northeast,52000
2024-01,VF3TPFCXRU0000042,TRN,2024,TRN-PR,3.5 가솔린,FWD,스틸 그레이,US-GA,south,52000
2024-01,VF3TCAGXRU0000043,TRN,2024,TRN-CO,2.5T 하이브리드,AWD,포레스트 그린,US-GA,west,47840
2024-01,VF3TPACXRU0000044,TRN,2024,TRN-PR,2.5T 하이브리드,AWD,스틸 그레이,US-GA,central,52000
2024-01,VF3TCABXRU0000045,TRN,2024,TRN-CO,3.5 가솔린,AWD,미드나잇 블랙,US-GA,central,47840
2024-01,VF3TCAHXRU0000046,TRN,2024,TRN-CO,3.5 가솔린,AWD,샌드 베이지,US-GA,west,47840
2024-01,VF3TCACXRU0000047,TRN,2024,TRN-CO,2.5T 하이브리드,AWD,스틸 그레이,US-GA,southeast,47840
2024-01,VF3TCACXRU0000048,TRN,2024,TRN-CO,3.5 가솔린,AWD,스틸 그레이,US-GA,central,47840
2024-01,VF3TCFDXRU0000049,TRN,2024,TRN-CO,3.5 가솔린,FWD,실버,US-GA,southeast,47840
2024-01,VF3TCAAXRU0000050,TRN,2024,TRN-CO,2.5T 하이브리드,AWD,스노우 화이트,US-GA,southeast,47840
2024-01,VF3TPAHXRU0000051,TRN,2024,TRN-PR,2.5T 하이브리드,AWD,샌드 베이지,US-GA,central,52000
2024-01,VF3TPAAXRU0000052,TRN,2024,TRN-PR,3.5 가솔린,AWD,스노우 화이트,US-GA,west,52000
2024-01,VF3TPAEXRU0000053,TRN,2024,TRN-PR,3.5 가솔린,AWD,오션 블루,US-GA,northeast,52000
2024-01,VF3TPFGXRU0000054,TRN,2024,TRN-PR,3.5 가솔린,FWD,포레스트 그린,US-GA,southeast,52000
2024-01,VF3TCACXRU0000055,TRN,2024,TRN-CO,2.5T 하이브리드,AWD,스틸 그레이,US-GA,northeast,47840
2024-01,VF3TCACXRU0000056,TRN,2024,TRN-CO,2.5T 하이브리드,AWD,스틸 그레이,US-GA,south,47840
2024-01,VF3TPAGXRU0000057,TRN,2024,TRN-PR,3.5 가솔린,AWD,포레스트 그린,US-GA,west,52000
2024-01,VF3TSACXRU0000058,TRN,2024,TRN-SU,3.5 가솔린,AWD,스틸 그레이,US-GA,central,59280
2024-01,VF3TPACXRU0000059,TRN,2024,TRN-PR,2.5T 하이브리드,AWD,스틸 그레이,US-GA,west,52000
2024-01,VF3TPFAXRU0000060,TRN,2024,TRN-PR,2.5T 하이브리드,FWD,스노우 화이트,US-GA,south,52000
2024-01,VF3TSFCXRU0000061,TRN,2024,TRN-SU,2.5T 하이브리드,FWD,스틸 그레이,US-GA,southeast,59280
2024-01,VF3TPADXRU0000062,TRN,2024,TRN-PR,3.5 가솔린,AWD,실버,US-GA,northeast,52000
2024-01,VF3TSAAXRU0000063,TRN,2024,TRN-SU,3.5 가솔린,AWD,스노우 화이트,US-GA,northeast,59280
2024-01,VF3TSFAXRU0000064,TRN,2024,TRN-SU,3.5 가솔린,FWD,스노우 화이트,US-GA,south,59280
2024-01,VF3TCAEXRU0000065,TRN,2024,TRN-CO,3.5 가솔린,AWD,오션 블루,US-GA,west,47840
2024-01,VF3TCACXRU0000066,TRN,2024,TRN-CO,3.5 가솔린,AWD,스틸 그레이,US-GA,west,47840
2024-01,VF3TSADXRU0000067,TRN,2024,TRN-SU,3.5 가솔린,AWD,실버,US-GA,west,59280
2024-01,VF3TSAHXRU0000068,TRN,2024,TRN-SU,3.5 가솔린,AWD,샌드 베이지,US-GA,northeast,59280
2024-01,VF3TSABXRU0000069,TRN,2024,TRN-SU,3.5 가솔린,AWD,미드나잇 블랙,US-GA,southeast,59280
2024-01,VF3TPAAXRU0000070,TRN,2024,TRN-PR,2.5T 하이브리드,AWD,스노우 화이트,US-GA,west,52000
2024-01,VF3TCAAXRU0000071,TRN,2024,TRN-CO,3.5 가솔린,AWD,스노우 화이트,US-GA,central,47840
2024-01,VF3TPACXRU0000072,TRN,2024,TRN-PR,3.5 가솔린,AWD,스틸 그레이,US-GA,central,52000
2024-01,VF3TPAAXRU0000073,TRN,2024,TRN-PR,3.5 가솔린,AWD,스노우 화이트,US-GA,southeast,52000
2024-01,VF3TCFAXRU0000074,TRN,2024,TRN-CO,3.5 가솔린,FWD,스노우 화이트,US-GA,west,47840
2024-01,VF3TPACXRU0000075,TRN,2024,TRN-PR,3.5 가솔린,AWD,스틸 그레이,US-GA,southeast,52000
2024-01,VF3TSFAXRU0000076,TRN,2024,TRN-SU,3.5 가솔린,FWD,스노우 화이트,US-GA,southeast,59280
2024-01,VF3TPAAXRU0000077,TRN,2024,TRN-PR,3.5 가솔린,AWD,스노우 화이트,US-GA,northeast,52000
2024-01,VF3TCAEXRU0000078,TRN,2024,TRN-CO,3.5 가솔린,AWD,오션 블루,US-GA,south,47840
2024-01,VF3TPAAXRU0000079,TRN,2024,TRN-PR,3.5 가솔린,AWD,스노우 화이트,US-GA,west,52000
2024-01,VF3TPFCXRU0000080,TRN,2024,TRN-PR,3.5 가솔린,FWD,스틸 그레이,US-GA,south,52000
2024-01,VF3TPAGXRU0000081,TRN,2024,TRN-PR,3.5 가솔린,AWD,포레스트 그린,US-GA,west,52000
2024-01,VF3TPFBXRU0000082,TRN,2024,TRN-PR,3.5 가솔린,FWD,미드나잇 블랙,US-GA,west,52000
2024-01,VF3TPABXRU0000083,TRN,2024,TRN-PR,3.5 가솔린,AWD,미드나잇 블랙,US-GA,southeast,52000
2024-01,VF3TSACXRU0000084,TRN,2024,TRN-SU,2.5T 하이브리드,AWD,스틸 그레이,US-GA,central,59280
2024-01,VF3TSFDXRU0000085,TRN,2024,TRN-SU,3.5 가솔린,FWD,실버,US-GA,southeast,59280
2024-01,VF3TPABXRU0000086,TRN,2024,TRN-PR,3.5 가솔린,AWD,미드나잇 블랙,US-GA,west,52000
2024-01,VF3TSABXRU0000087,TRN,2024,TRN-SU,2.5T 하이브리드,AWD,미드나잇 블랙,US-GA,south,59280
2024-01,VF3TCABXRU0000088,TRN,2024,TRN-CO,3.5 가솔린,AWD,미드나잇 블랙,US-GA,central,47840
2024-01,VF3TPAFXRU0000089,TRN,2024,TRN-PR,3.5 가솔린,AWD,선셋 레드,US-GA,central,52000
2024-01,VF3TCAGXRU0000090,TRN,2024,TRN-CO,3.5 가솔린,AWD,포레스트 그린,US-GA,south,47840
2024-01,VF3TPADXRU0000091,TRN,2024,TRN-PR,3.5 가솔린,AWD,실버,US-GA,west,52000
2024-01,VF3TCABXRU0000092,TRN,2024,TRN-CO,2.5T 하이브리드,AWD,미드나잇 블랙,US-GA,southeast,47840
2024-01,VF3TCAAXRU0000093,TRN,2024,TRN-CO,3.5 가솔린,AWD,스노우 화이트,US-GA,west,47840
2024-01,VF3TCAAXRU0000094,TRN,2024,TRN-CO,2.5T 하이브리드,AWD,스노우 화이트,US-GA,west,47840
2024-01,VF3TPABXRU0000095,TRN,2024,TRN-PR,2.5T 하이브리드,AWD,미드나잇 블랙,US-GA,northeast,52000
2024-01,VF3TPAEXRU0000096,TRN,2024,TRN-PR,3.5 가솔린,AWD,오션 블루,US-GA,southeast,52000
2024-01,VF3TPAAXRU0000097,TRN,2024,TRN-PR,3.5 가솔린,AWD,스노우 화이트,US-GA,central,52000
2024-01,VF3TPAFXRU0000098,TRN,2024,TRN-PR,3.5 가솔린,AWD,선셋 레드,US-GA,central,52000
2024-01,VF3TPFFXRU0000099,TRN,2024,TRN-PR,2.5T 하이브리드,FWD,선셋 레드,US-GA,southeast,52000
2024-01,VF3TCAEXRU0000100,TRN,2024,TRN-CO,2.5T 하이브리드,AWD,오션 블루,US-GA,central,47840
2024-01,VF3TCAAXRU0000101,TRN,2024,TRN-CO,3.5 가솔린,AWD,스노우 화이트,US-GA,northeast,47840
2024-01,VF3TCFBXRU0000102,TRN,2024,TRN-CO,2.5T 하이브리드,FWD,미드나잇 블랙,US-GA,southeast,47840
2024-01,VF3TCFDXRU0000103,TRN,2024,TRN-CO,2.5T 하이브리드,FWD,실버,US-GA,southeast,47840
2024-01,VF3TSAEXRU0000104,TRN,2024,TRN-SU,3.5 가솔린,AWD,오션 블루,US-GA,south,59280
2024-01,VF3TPAHXRU0000105,TRN,2024,TRN-PR,3.5 가솔린,AWD,샌드 베이지,US-GA,west,52000
2024-01,VF3TSABXRU0000106,TRN,2024,TRN-SU,2.5T 하이브리드,AWD,미드나잇 블랙,US-GA,southeast,59280
2024-01,VF3TPFCXRU0000107,TRN,2024,TRN-PR,3.5 가솔린,FWD,스틸 그레이,US-GA,west,52000
2024-01,VF3TCADXRU0000108,TRN,2024,TRN-CO,3.5 가솔린,AWD,실버,US-GA,northeast,47840
2024-01,VF3TSADXRU0000109,TRN,2024,TRN-SU,3.5 가솔린,AWD,실버,US-GA,central,59280
2024-01,VF3TPFBXRU0000110,TRN,2024,TRN-PR,2.5T 하이브리드,FWD,미드나잇 블랙,US-GA,southeast,52000
2024-01,VF3TSFFXRU0000111,TRN,2024,TRN-SU,3.5 가솔린,FWD,선셋 레드,US-GA,south,59280
2024-01,VF3TCAHXRU0000112,TRN,2024,TRN-CO,2.5T 하이브리드,AWD,샌드 베이지,US-GA,south,47840
2024-01,VF3TPADXRU0000113,TRN,2024,TRN-PR,3.5 가솔린,AWD,실버,US-GA,northeast,52000
2024-01,VF3TCAEXRU0000114,TRN,2024,TRN-CO,3.5 가솔린,AWD,오션 블루,US-GA,west,47840
2024-01,VF3TCFAXRU0000115,TRN,2024,TRN-CO,3.5 가솔린,FWD,스노우 화이트,US-GA,southeast,47840
2024-01,VF3TPABXRU0000116,TRN,2024,TRN-PR,2.5T 하이브리드,AWD,미드나잇 블랙,US-GA,central,52000
2024-01,VF3TCAHXRU0000117,TRN,2024,TRN-CO,3.5 가솔린,AWD,샌드 베이지,US-GA,southeast,47840
2024-01,VF3TCAEXRU0000118,TRN,2024,TRN-CO,3.5 가솔린,AWD,오션 블루,US-GA,central,47840
2024-01,VF3TCAEXRU0000119,TRN,2024,TRN-CO,3.5 가솔린,AWD,오션 블루,US-GA,southeast,47840
2024-01,VF3TCFAXRU0000120,TRN,2024,TRN-CO,3.5 가솔린,FWD,스노우 화이트,US-GA,west,47840
2024-01,VF3TCFFXRU0000121,TRN,2024,TRN-CO,3.5 가솔린,FWD,선셋 레드,US-GA,central,47840
2024-01,VF3TPFCXRU0000122,TRN,2024,TRN-PR,3.5 가솔린,FWD,스틸 그레이,US-GA,west,52000
2024-01,VF3TCFDXRU0000123,TRN,2024,TRN-CO,2.5T 하이브리드,FWD,실버,US-GA,southeast,47840
2024-01,VF3TCABXRU0000124,TRN,2024,TRN-CO,2.5T 하이브리드,AWD,미드나잇 블랙,US-GA,northeast,47840
2024-01,VF3TSAFXRU0000125,TRN,2024,TRN-SU,3.5 가솔린,AWD,선셋 레드,US-GA,south,59280
2024-01,VF3TPAAXRU0000126,TRN,2024,TRN-PR,3.5 가솔린,AWD,스노우 화이트,US-GA,central,52000
2024-01,VF3TPACXRU0000127,TRN,2024,TRN-PR,3.5 가솔린,AWD,스틸 그레이,US-GA,south,52000
2024-01,VF3TPADXRU0000128,TRN,2024,TRN-PR,3.5 가솔린,AWD,실버,US-GA,west,52000
2024-01,VF3TPABXRU0000129,TRN,2024,TRN-PR,3.5 가솔린,AWD,미드나잇 블랙,US-GA,west,52000
2024-01,VF3TSAEXRU0000130,TRN,2024,TRN-SU,2.5T 하이브리드,AWD,오션 블루,US-GA,south,59280
2024-01,VF3TCACXRU0000131,TRN,2024,TRN-CO,2.5T 하이브리드,AWD,스틸 그레이,US-GA,central,47840
2024-01,VF3TPFEXRU0000132,TRN,2024,TRN-PR,3.5 가솔린,FWD,오션 블루,US-GA,southeast,52000
2024-01,VF3TCAAXRU0000133,TRN,2024,TRN-CO,3.5 가솔린,AWD,스노우 화이트,US-GA,southeast,47840
2024-01,VF3TCABXRU0000134,TRN,2024,TRN-CO,3.5 가솔린,AWD,미드나잇 블랙,US-GA,northeast,47840
2024-01,VF3TCAEXRU0000135,TRN,2024,TRN-CO,3.5 가솔린,AWD,오션 블루,US-GA,south,47840
2024-01,VF3TPFEXRU0000136,TRN,2024,TRN-PR,3.5 가솔린,FWD,오션 블루,US-GA,west,52000
2024-01,VF3TSABXRU0000137,TRN,2024,TRN-SU,3.5 가솔린,AWD,미드나잇 블랙,US-GA,west,59280
2024-01,VF3TPFEXRU0000138,TRN,2024,TRN-PR,3.5 가솔린,FWD,오션 블루,US-GA,south,52000
2024-01,VF3TCAAXRU0000139,TRN,2024,TRN-CO,2.5T 하이브리드,AWD,스노우 화이트,US-GA,northeast,47840
2024-01,VF3TPADXRU0000140,TRN,2024,TRN-PR,2.5T 하이브리드,AWD,실버,US-GA,southeast,52000
2024-01,VF3TCAAXRU0000141,TRN,2024,TRN-CO,2.5T 하이브리드,AWD,스노우 화이트,US-GA,central,47840
2024-01,VF3TCFBXRU0000142,TRN,2024,TRN-CO,3.5 가솔린,FWD,미드나잇 블랙,US-GA,south,47840
2024-01,VF3TSAAXRU0000143,TRN,2024,TRN-SU,3.5 가솔린,AWD,스노우 화이트,US-GA,south,59280
2024-01,VF3TCAFXRU0000144,TRN,2024,TRN-CO,2.5T 하이브리드,AWD,선셋 레드,US-GA,south,47840
2024-01,VF3TSFDXRU0000145,TRN,2024,TRN-SU,3.5 가솔린,FWD,실버,US-GA,west,59280
2024-01,VF3TPABXRU0000146,TRN,2024,TRN-PR,3.5 가솔린,AWD,미드나잇 블랙,US-GA,west,52000
2024-01,VF3TCABXRU0000147,TRN,2024,TRN-CO,3.5 가솔린,AWD,미드나잇 블랙,US-GA,south,47840
2024-01,VF3TSFAXRU0000148,TRN,2024,TRN-SU,3.5 가솔린,FWD,스노우 화이트,US-GA,west,59280
2024-01,VF3TCFEXRU0000149,TRN,2024,TRN-CO,2.5T 하이브리드,FWD,오션 블루,US-GA,south,47840
2024-01,VF3TCAAXRU0000150,TRN,2024,TRN-CO,3.5 가솔린,AWD,스노우 화이트,US-GA,southeast,47840
2024-01,VF3TCAGXRU0000151,TRN,2024,TRN-CO,3.5 가솔린,AWD,포레스트 그린,US-GA,central,47840
2024-01,VF3TPAAXRU0000152,TRN,2024,TRN-PR,3.5 가솔린,AWD,스노우 화이트,US-GA,south,52000
2024-01,VF3TPACXRU0000153,TRN,2024,TRN-PR,3.5 가솔린,AWD,스틸 그레이,US-GA,west,52000
2024-01,VF3TCFAXRU0000154,TRN,2024,TRN-CO,3.5 가솔린,FWD,스노우 화이트,US-GA,south,47840
2024-01,VF3TPAGXRU0000155,TRN,2024,TRN-PR,3.5 가솔린,AWD,포레스트 그린,US-GA,central,52000
2024-01,VF3TCFFXRU0000156,TRN,2024,TRN-CO,2.5T 하이브리드,FWD,선셋 레드,US-GA,west,47840
2024-01,VF3TPFCXRU0000157,TRN,2024,TRN-PR,3.5 가솔린,FWD,스틸 그레이,US-GA,south,52000
2024-01,VF3TCAEXRU0000158,TRN,2024,TRN-CO,3.5 가솔린,AWD,오션 블루,US-GA,west,47840
2024-01,VF3TPAAXRU0000159,TRN,2024,TRN-PR,3.5 가솔린,AWD,스노우 화이트,US-GA,central,52000
2024-01,VF3TCFGXRU0000160,TRN,2024,TRN-CO,3.5 가솔린,FWD,포레스트 그린,US-GA,central,47840
2024-01,VF3TCABXRU0000161,TRN,2024,TRN-CO,2.5T 하이브리드,AWD,미드나잇 블랙,US-GA,southeast,47840
2024-01,VF3TPABXRU0000162,TRN,2024,TRN-PR,2.5T 하이브리드,AWD,미드나잇 블랙,US-GA,central,52000
2024-01,VF3TCABXRU0000163,TRN,2024,TRN-CO,3.5 가솔린,AWD,미드나잇 블랙,US-GA,central,47840
2024-01,VF3TCABXRU0000164,TRN,2024,TRN-CO,3.5 가솔린,AWD,미드나잇 블랙,US-GA,central,47840
2024-01,VF3TPABXRU0000165,TRN,2024,TRN-PR,3.5 가솔린,AWD,미드나잇 블랙,US-GA,west,52000
2024-01,VF3TPFCXRU0000166,TRN,2024,TRN-PR,3.5 가솔린,FWD,스틸 그레이,US-GA,southeast,52000
2024-01,VF3TPFDXRU0000167,TRN,2024,TRN-PR,3.5 가솔린,FWD,실버,US-GA,south,52000
2024-01,VF3TSADXRU0000168,TRN,2024,TRN-SU,2.5T 하이브리드,AWD,실버,US-GA,west,59280
2024-01,VF3TCABXRU0000169,TRN,2024,TRN-CO,3.5 가솔린,AWD,미드나잇 블랙,US-GA,northeast,47840
2024-01,VF3TCFAXRU0000170,TRN,2024,TRN-CO,3.5 가솔린,FWD,스노우 화이트,US-GA,south,47840
2024-01,VF3TCFAXRU0000171,TRN,2024,TRN-CO,2.5T 하이브리드,FWD,스노우 화이트,US-GA,southeast,47840
2024-01,VF3TCAAXRU0000172,TRN,2024,TRN-CO,2.5T 하이브리드,AWD,스노우 화이트,US-GA,west,47840
2024-01,VF3TPAHXRU0000173,TRN,2024,TRN-PR,2.5T 하이브리드,AWD,샌드 베이지,US-GA,south,52000
2024-01,VF3TCADXRU0000174,TRN,2024,TRN-CO,3.5 가솔린,AWD,실버,US-GA,west,47840
2024-01,VF3TCAHXRU0000175,TRN,2024,TRN-CO,3.5 가솔린,AWD,샌드 베이지,US-GA,central,47840
2024-01,VF3TSAAXRU0000176,TRN,2024,TRN-SU,2.5T 하이브리드,AWD,스노우 화이트,US-GA,central,59280
2024-01,VF3TCAAXRU0000177,TRN,2024,TRN-CO,2.5T 하이브리드,AWD,스노우 화이트,US-GA,west,47840
2024-01,VF3TCABXRU0000178,TRN,2024,TRN-CO,3.5 가솔린,AWD,미드나잇 블랙,US-GA,west,47840
2024-01,VF3TCACXRU0000179,TRN,2024,TRN-CO,3.5 가솔린,AWD,스틸 그레이,US-GA,south,47840
2024-01,VF3TCABXRU0000180,TRN,2024,TRN-CO,3.5 가솔린,AWD,미드나잇 블랙,US-GA,south,47840
2024-01,VF3TPAFXRU0000181,TRN,2024,TRN-PR,3.5 가솔린,AWD,선셋 레드,US-GA,south,52000
2024-01,VF3TCACXRU0000182,TRN,2024,TRN-CO,3.5 가솔린,AWD,스틸 그레이,US-GA,west,47840
2024-01,VF3TPADXRU0000183,TRN,2024,TRN-PR,3.5 가솔린,AWD,실버,US-GA,southeast,52000
2024-01,VF3TSFBXRU0000184,TRN,2024,TRN-SU,2.5T 하이브리드,FWD,미드나잇 블랙,US-GA,southeast,59280
2024-01,VF3TCFBXRU0000185,TRN,2024,TRN-CO,2.5T 하이브리드,FWD,미드나잇 블랙,US-GA,southeast,47840
2024-01,VF3TCFBXRU0000186,TRN,2024,TRN-CO,2.5T 하이브리드,FWD,미드나잇 블랙,US-GA,west,47840
2024-01,VF3TPACXRU0000187,TRN,2024,TRN-PR,3.5 가솔린,AWD,스틸 그레이,US-GA,west,52000
2024-01,VF3TPAAXRU0000188,TRN,2024,TRN-PR,3.5 가솔린,AWD,스노우 화이트,US-GA,west,52000
2024-01,VF3TPADXRU0000189,TRN,2024,TRN-PR,2.5T 하이브리드,AWD,실버,US-GA,central,52000
2024-01,VF3TPFAXRU0000190,TRN,2024,TRN-PR,2.5T 하이브리드,FWD,스노우 화이트,US-GA,west,52000
2024-01,VF3TPAEXRU0000191,TRN,2024,TRN-PR,3.5 가솔린,AWD,오션 블루,US-GA,south,52000
2024-01,VF3TSACXRU0000192,TRN,2024,TRN-SU,3.5 가솔린,AWD,스틸 그레이,US-GA,west,59280
2024-01,VF3TPAAXRU0000193,TRN,2024,TRN-PR,2.5T 하이브리드,AWD,스노우 화이트,US-GA,west,52000
2024-01,VF3TSAAXRU0000194,TRN,2024,TRN-SU,3.5 가솔린,AWD,스노우 화이트,US-GA,west,59280
2024-01,VF3TCFFXRU0000195,TRN,2024,TRN-CO,3.5 가솔린,FWD,선셋 레드,US-GA,south,47840
2024-01,VF3TCABXRU0000196,TRN,2024,TRN-CO,2.5T 하이브리드,AWD,미드나잇 블랙,US-GA,west,47840
2024-01,VF3TPAEXRU0000197,TRN,2024,TRN-PR,3.5 가솔린,AWD,오션 블루,US-GA,south,52000
2024-01,VF3TCFBXRU0000198,TRN,2024,TRN-CO,3.5 가솔린,FWD,미드나잇 블랙,US-GA,southeast,47840
2024-01,VF3TPABXRU0000199,TRN,2024,TRN-PR,3.5 가솔린,AWD,미드나잇 블랙,US-GA,southeast,52000
2024-01,VF3TPAAXRU0000200,TRN,2024,TRN-PR,3.5 가솔린,AWD,스노우 화이트,US-GA,northeast,52000
2024-01,VF3TPAAXRU0000201,TRN,2024,TRN-PR,3.5 가솔린,AWD,스노우 화이트,US-GA,southeast,52000
2024-01,VF3TPAEXRU0000202,TRN,2024,TRN-PR,3.5 가솔린,AWD,오션 블루,US-GA,west,52000
2024-01,VF3TPFCXRU0000203,TRN,2024,TRN-PR,3.5 가솔린,FWD,스틸 그레이,US-GA,central,52000
2024-01,VF3TPFAXRU0000204,TRN,2024,TRN-PR,3.5 가솔린,FWD,스노우 화이트,US-GA,west,52000
2024-01,VF3TCFAXRU0000205,TRN,2024,TRN-CO,3.5 가솔린,FWD,스노우 화이트,US-GA,southeast,47840
2024-01,VF3TCADXRU0000206,TRN,2024,TRN-CO,3.5 가솔린,AWD,실버,US-GA,southeast,47840
2024-01,VF3TPFCXRU0000207,TRN,2024,TRN-PR,3.5 가솔린,FWD,스틸 그레이,US-GA,southeast,52000
2024-01,VF3TCFBXRU0000208,TRN,2024,TRN-CO,3.5 가솔린,FWD,미드나잇 블랙,US-GA,south,47840
2024-01,VF3TCACXRU0000209,TRN,2024,TRN-CO,2.5T 하이브리드,AWD,스틸 그레이,US-GA,central,47840
2024-01,VF3TCAAXRU0000210,TRN,2024,TRN-CO,2.5T 하이브리드,AWD,스노우 화이트,US-GA,southeast,47840
2024-01,VF3TSAFXRU0000211,TRN,2024,TRN-SU,2.5T 하이브리드,AWD,선셋 레드,US-GA,northeast,59280
2024-01,VF3TPACXRU0000212,TRN,2024,TRN-PR,3.5 가솔린,AWD,스틸 그레이,US-GA,southeast,52000
2024-01,VF3TPFBXRU0000213,TRN,2024,TRN-PR,3.5 가솔린,FWD,미드나잇 블랙,US-GA,northeast,52000
2024-01,VF3TSAEXRU0000214,TRN,2024,TRN-SU,3.5 가솔린,AWD,오션 블루,US-GA,northeast,59280
2024-01,VF3TSFAXRU0000215,TRN,2024,TRN-SU,3.5 가솔린,FWD,스노우 화이트,US-GA,south,59280
2024-01,VF3TCAAXRU0000216,TRN,2024,TRN-CO,3.5 가솔린,AWD,스노우 화이트,US-GA,south,47840
2024-01,VF3TCFHXRU0000217,TRN,2024,TRN-CO,2.5T 하이브리드,FWD,샌드 베이지,US-GA,southeast,47840
2024-01,VF3TSFAXRU0000218,TRN,2024,TRN-SU,2.5T 하이브리드,FWD,스노우 화이트,US-GA,south,59280
2024-01,VF3TCACXRU0000219,TRN,2024,TRN-CO,2.5T 하이브리드,AWD,스틸 그레이,US-GA,west,47840
2024-01,VF3TPABXRU0000220,TRN,2024,TRN-PR,3.5 가솔린,AWD,미드나잇 블랙,US-GA,south,52000
2024-01,VF3TSAFXRU0000221,TRN,2024,TRN-SU,2.5T 하이브리드,AWD,선셋 레드,US-GA,west,59280
2024-01,VF3TPACXRU0000222,TRN,2024,TRN-PR,3.5 가솔린,AWD,스틸 그레이,US-GA,northeast,52000
2024-01,VF3TSAGXRU0000223,TRN,2024,TRN-SU,3.5 가솔린,AWD,포레스트 그린,US-GA,central,59280
2024-01,VF3TCADXRU0000224,TRN,2024,TRN-CO,3.5 가솔린,AWD,실버,US-GA,southeast,47840
2024-01,VF3TPAHXRU0000225,TRN,2024,TRN-PR,2.5T 하이브리드,AWD,샌드 베이지,US-GA,central,52000
2024-01,VF3VSFAXRU0000226,VST,2024,VST-TR,2.5 가솔린,FWD,스노우 화이트,US-GA,southeast,43890
2024-01,VF3VSFBXRU0000227,VST,2024,VST-TR,2.5 가솔린,FWD,미드나잇 블랙,US-GA,northeast,43890
2024-01,VF3VPAEXRU0000228,VST,2024,VST-PR,2.5 가솔린,AWD,오션 블루,US-GA,northeast,38500
2024-01,VF3VPFFXRU0000229,VST,2024,VST-PR,2.5 가솔린,FWD,선셋 레드,US-GA,northeast,38500
2024-01,VF3VCFAXRU0000230,VST,2024,VST-CO,2.5 가솔린,FWD,스노우 화이트,US-GA,west,35420
2024-01,VF3VPFBXRU0000231,VST,2024,VST-PR,2.5 가솔린,FWD,미드나잇 블랙,US-GA,central,38500
2024-01,VF3VCACXRU0000232,VST,2024,VST-CO,1.6T 하이브리드,AWD,스틸 그레이,US-GA,northeast,35420
2024-01,VF3VCAEXRU0000233,VST,2024,VST-CO,1.6T 하이브리드,AWD,오션 블루,US-GA,southeast,35420
2024-01,VF3VPFBXRU0000234,VST,2024,VST-PR,2.5 가솔린,FWD,미드나잇 블랙,US-GA,northeast,38500
2024-01,VF3VPFBXRU0000235,VST,2024,VST-PR,2.5 가솔린,FWD,미드나잇 블랙,US-GA,west,38500
2024-01,VF3VSAAXRU0000236,VST,2024,VST-TR,2.5 가솔린,AWD,스노우 화이트,US-GA,central,43890
2024-01,VF3VCAAXRU0000237,VST,2024,VST-CO,2.5 가솔린,AWD,스노우 화이트,US-GA,northeast,35420
2024-01,VF3VCFCXRU0000238,VST,2024,VST-CO,2.5 가솔린,FWD,스틸 그레이,US-GA,central,35420
2024-01,VF3VPFAXRU0000239,VST,2024,VST-PR,1.6T 하이브리드,FWD,스노우 화이트,US-GA,northeast,38500
2024-01,VF3VPFDXRU0000240,VST,2024,VST-PR,2.5 가솔린,FWD,실버,US-GA,southeast,38500
2024-01,VF3VCFDXRU0000241,VST,2024,VST-CO,2.5 가솔린,FWD,실버,US-GA,southeast,35420
2024-01,VF3VPFGXRU0000242,VST,2024,VST-PR,2.5 가솔린,FWD,포레스트 그린,US-GA,central,38500
2024-01,VF3VPFAXRU0000243,VST,2024,VST-PR,2.5 가솔린,FWD,스노우 화이트,US-GA,central,38500
2024-01,VF3VPFEXRU0000244,VST,2024,VST-PR,2.5 가솔린,FWD,오션 블루,US-GA,west,38500
2024-01,VF3VCABXRU0000245,VST,2024,VST-CO,2.5 가솔린,AWD,미드나잇 블랙,US-GA,west,35420
2024-01,VF3VCADXRU0000246,VST,2024,VST-CO,1.6T 하이브리드,AWD,실버,US-GA,south,35420
2024-01,VF3VCACXRU0000247,VST,2024,VST-CO,2.5 가솔린,AWD,스틸 그레이,US-GA,west,35420
2024-01,VF3VSFCXRU0000248,VST,2024,VST-TR,2.5 가솔린,FWD,스틸 그레이,US-GA,south,43890
2024-01,VF3VPADXRU0000249,VST,2024,VST-PR,2.5 가솔린,AWD,실버,US-GA,northeast,38500
2024-01,VF3VCAAXRU0000250,VST,2024,VST-CO,2.5 가솔린,AWD,스노우 화이트,US-GA,central,35420
2024-01,VF3VCFEXRU0000251,VST,2024,VST-CO,2.5 가솔린,FWD,오션 블루,US-GA,southeast,35420
2024-01,VF3VSABXRU0000252,VST,2024,VST-TR,2.5 가솔린,AWD,미드나잇 블랙,US-GA,southeast,43890
2024-01,VF3VPFBXRU0000253,VST,2024,VST-PR,1.6T 하이브리드,FWD,미드나잇 블랙,US-GA,west,38500
2024-01,VF3VCFDXRU0000254,VST,2024,VST-CO,2.5 가솔린,FWD,실버,US-GA,south,35420
2024-01,VF3VCAAXRU0000255,VST,2024,VST-CO,2.5 가솔린,AWD,스노우 화이트,US-GA,west,35420
2024-01,VF3VCAAXRU0000256,VST,2024,VST-CO,2.5 가솔린,AWD,스노우 화이트,US-GA,northeast,35420
2024-01,VF3VPABXRU0000257,VST,2024,VST-PR,2.5 가솔린,AWD,미드나잇 블랙,US-GA,central,38500
2024-01,VF3VPFFXRU0000258,VST,2024,VST-PR,2.5 가솔린,FWD,선셋 레드,US-GA,central,38500
2024-01,VF3VPFFXRU0000259,VST,2024,VST-PR,1.6T 하이브리드,FWD,선셋 레드,US-GA,northeast,38500
2024-01,VF3VPACXRU0000260,VST,2024,VST-PR,2.5 가솔린,AWD,스틸 그레이,US-GA,southeast,38500
2024-01,VF3VPFCXRU0000261,VST,2024,VST-PR,2.5 가솔린,FWD,스틸 그레이,US-GA,northeast,38500
2024-01,VF3VCABXRU0000262,VST,2024,VST-CO,2.5 가솔린,AWD,미드나잇 블랙,US-GA,south,35420
2024-01,VF3VSAAXRU0000263,VST,2024,VST-TR,2.5 가솔린,AWD,스노우 화이트,US-GA,central,43890
2024-01,VF3VPFFXRU0000264,VST,2024,VST-PR,1.6T 하이브리드,FWD,선셋 레드,US-GA,northeast,38500
2024-01,VF3VPFEXRU0000265,VST,2024,VST-PR,2.5 가솔린,FWD,오션 블루,US-GA,southeast,38500
2024-01,VF3VPFEXRU0000266,VST,2024,VST-PR,2.5 가솔린,FWD,오션 블루,US-GA,central,38500
2024-01,VF3VPFEXRU0000267,VST,2024,VST-PR,2.5 가솔린,FWD,오션 블루,US-GA,southeast,38500
2024-01,VF3VPAAXRU0000268,VST,2024,VST-PR,1.6T 하이브리드,AWD,스노우 화이트,US-GA,central,38500
2024-01,VF3VPFEXRU0000269,VST,2024,VST-PR,2.5 가솔린,FWD,오션 블루,US-GA,west,38500
2024-01,VF3VCFFXRU0000270,VST,2024,VST-CO,2.5 가솔린,FWD,선셋 레드,US-GA,south,35420
2024-01,VF3VCACXRU0000271,VST,2024,VST-CO,2.5 가솔린,AWD,스틸 그레이,US-GA,southeast,35420
2024-01,VF3VPFEXRU0000272,VST,2024,VST-PR,1.6T 하이브리드,FWD,오션 블루,US-GA,west,38500
2024-01,VF3VPFAXRU0000273,VST,2024,VST-PR,2.5 가솔린,FWD,스노우 화이트,US-GA,northeast,38500
2024-01,VF3VPFCXRU0000274,VST,2024,VST-PR,2.5 가솔린,FWD,스틸 그레이,US-GA,central,38500
2024-01,VF3VPAAXRU0000275,VST,2024,VST-PR,2.5 가솔린,AWD,스노우 화이트,US-GA,west,38500
2024-01,VF3VCAAXRU0000276,VST,2024,VST-CO,2.5 가솔린,AWD,스노우 화이트,US-GA,northeast,35420
2024-01,VF3VCFDXRU0000277,VST,2024,VST-CO,2.5 가솔린,FWD,실버,US-GA,southeast,35420
2024-01,VF3VPACXRU0000278,VST,2024,VST-PR,2.5 가솔린,AWD,스틸 그레이,US-GA,southeast,38500
2024-01,VF3VPADXRU0000279,VST,2024,VST-PR,2.5 가솔린,AWD,실버,US-GA,northeast,38500
2024-01,VF3VPFDXRU0000280,VST,2024,VST-PR,2.5 가솔린,FWD,실버,US-GA,southeast,38500
2024-01,VF3VCACXRU0000281,VST,2024,VST-CO,2.5 가솔린,AWD,스틸 그레이,US-GA,west,35420
2024-01,VF3VSFCXRU0000282,VST,2024,VST-TR,2.5 가솔린,FWD,스틸 그레이,US-GA,west,43890
2024-01,VF3VPAGXRU0000283,VST,2024,VST-PR,2.5 가솔린,AWD,포레스트 그린,US-GA,southeast,38500
2024-01,VF3VCFDXRU0000284,VST,2024,VST-CO,2.5 가솔린,FWD,실버,US-GA,southeast,35420
2024-01,VF3VSACXRU0000285,VST,2024,VST-TR,1.6T 하이브리드,AWD,스틸 그레이,US-GA,northeast,43890
2024-01,VF3VPADXRU0000286,VST,2024,VST-PR,2.5 가솔린,AWD,실버,US-GA,west,38500
2024-01,VF3VPFDXRU0000287,VST,2024,VST-PR,2.5 가솔린,FWD,실버,US-GA,central,38500
2024-01,VF3VSABXRU0000288,VST,2024,VST-TR,2.5 가솔린,AWD,미드나잇 블랙,US-GA,southeast,43890
2024-01,VF3VCAEXRU0000289,VST,2024,VST-CO,2.5 가솔린,AWD,오션 블루,US-GA,southeast,35420
2024-01,VF3VPFDXRU0000290,VST,2024,VST-PR,1.6T 하이브리드,FWD,실버,US-GA,central,38500
2024-01,VF3VCAAXRU0000291,VST,2024,VST-CO,1.6T 하이브리드,AWD,스노우 화이트,US-GA,west,35420
2024-01,VF3VCACXRU0000292,VST,2024,VST-CO,2.5 가솔린,AWD,스틸 그레이,US-GA,south,35420
2024-01,VF3VCFBXRU0000293,VST,2024,VST-CO,1.6T 하이브리드,FWD,미드나잇 블랙,US-GA,south,35420
2024-01,VF3VPADXRU0000294,VST,2024,VST-PR,2.5 가솔린,AWD,실버,US-GA,west,38500
2024-01,VF3VCFBXRU0000295,VST,2024,VST-CO,2.5 가솔린,FWD,미드나잇 블랙,US-GA,central,35420
2024-01,VF3VPFBXRU0000296,VST,2024,VST-PR,2.5 가솔린,FWD,미드나잇 블랙,US-GA,west,38500
2024-01,VF3VSACXRU0000297,VST,2024,VST-TR,2.5 가솔린,AWD,스틸 그레이,US-GA,south,43890
2024-01,VF3VCFEXRU0000298,VST,2024,VST-CO,2.5 가솔린,FWD,오션 블루,US-GA,south,35420
2024-01,VF3VSFBXRU0000299,VST,2024,VST-TR,2.5 가솔린,FWD,미드나잇 블랙,US-GA,south,43890
2024-01,VF3VPFDXRU0000300,VST,2024,VST-PR,1.6T 하이브리드,FWD,실버,US-GA,west,38500
2024-01,VF3VSFCXRU0000301,VST,2024,VST-TR,2.5 가솔린,FWD,스틸 그레이,US-GA,west,43890
2024-01,VF3VPFAXRU0000302,VST,2024,VST-PR,1.6T 하이브리드,FWD,스노우 화이트,US-GA,central,38500
2024-01,VF3VPAAXRU0000303,VST,2024,VST-PR,2.5 가솔린,AWD,스노우 화이트,US-GA,southeast,38500
2024-01,VF3VSFEXRU0000304,VST,2024,VST-TR,2.5 가솔린,FWD,오션 블루,US-GA,northeast,43890
2024-01,VF3VPABXRU0000305,VST,2024,VST-PR,1.6T 하이브리드,AWD,미드나잇 블랙,US-GA,south,38500
2024-01,VF3VSAAXRU0000306,VST,2024,VST-TR,2.5 가솔린,AWD,스노우 화이트,US-GA,central,43890
2024-01,VF3VPFDXRU0000307,VST,2024,VST-PR,1.6T 하이브리드,FWD,실버,US-GA,northeast,38500
2024-01,VF3VSFAXRU0000308,VST,2024,VST-TR,2.5 가솔린,FWD,스노우 화이트,US-GA,central,43890
2024-01,VF3VPFFXRU0000309,VST,2024,VST-PR,2.5 가솔린,FWD,선셋 레드,US-GA,west,38500
2024-01,VF3VCABXRU0000310,VST,2024,VST-CO,2.5 가솔린,AWD,미드나잇 블랙,US-GA,northeast,35420
2024-01,VF3VCFAXRU0000311,VST,2024,VST-CO,2.5 가솔린,FWD,스노우 화이트,US-GA,central,35420
2024-01,VF3VPAEXRU0000312,VST,2024,VST-PR,2.5 가솔린,AWD,오션 블루,US-GA,northeast,38500
2024-01,VF3VPADXRU0000313,VST,2024,VST-PR,2.5 가솔린,AWD,실버,US-GA,west,38500
2024-01,VF3VCFBXRU0000314,VST,2024,VST-CO,2.5 가솔린,FWD,미드나잇 블랙,US-GA,northeast,35420
2024-01,VF3VPFGXRU0000315,VST,2024,VST-PR,1.6T 하이브리드,FWD,포레스트 그린,US-GA,northeast,38500
2024-01,VF3VSACXRU0000316,VST,2024,VST-TR,1.6T 하이브리드,AWD,스틸 그레이,US-GA,northeast,43890
2024-01,VF3VCFCXRU0000317,VST,2024,VST-CO,2.5 가솔린,FWD,스틸 그레이,US-GA,south,35420
2024-01,VF3VCFBXRU0000318,VST,2024,VST-CO,1.6T 하이브리드,FWD,미드나잇 블랙,US-GA,southeast,35420
2024-01,VF3VCFCXRU0000319,VST,2024,VST-CO,2.5 가솔린,FWD,스틸 그레이,US-GA,south,35420
2024-01,VF3VCFAXRU0000320,VST,2024,VST-CO,2.5 가솔린,FWD,스노우 화이트,US-GA,west,35420
2024-01,VF3VPFEXRU0000321,VST,2024,VST-PR,1.6T 하이브리드,FWD,오션 블루,US-GA,west,38500
2024-01,VF3VCACXRU0000322,VST,2024,VST-CO,2.5 가솔린,AWD,스틸 그레이,US-GA,west,35420
2024-01,VF3VPFAXRU0000323,VST,2024,VST-PR,2.5 가솔린,FWD,스노우 화이트,US-GA,central,38500
2024-01,VF3VCAAXRU0000324,VST,2024,VST-CO,2.5 가솔린,AWD,스노우 화이트,US-GA,south,35420
2024-01,VF3VCFDXRU0000325,VST,2024,VST-CO,1.6T 하이브리드,FWD,실버,US-GA,central,35420
2024-01,VF3VCAEXRU0000326,VST,2024,VST-CO,2.5 가솔린,AWD,오션 블루,US-GA,west,35420
2024-01,VF3VCFGXRU0000327,VST,2024,VST-CO,1.6T 하이브리드,FWD,포레스트 그린,US-GA,west,35420
2024-01,VF3VPFHXRU0000328,VST,2024,VST-PR,2.5 가솔린,FWD,샌드 베이지,US-GA,southeast,38500
2024-01,VF3VCFHXRU0000329,VST,2024,VST-CO,1.6T 하이브리드,FWD,샌드 베이지,US-GA,central,35420
2024-01,VF3VPFAXRU0000330,VST,2024,VST-PR,2.5 가솔린,FWD,스노우 화이트,US-GA,central,38500
2024-01,VF3VPFCXRU0000331,VST,2024,VST-PR,2.5 가솔린,FWD,스틸 그레이,US-GA,south,38500
2024-01,VF3VPADXRU0000332,VST,2024,VST-PR,1.6T 하이브리드,AWD,실버,US-GA,south,38500
2024-01,VF3VPACXRU0000333,VST,2024,VST-PR,2.5 가솔린,AWD,스틸 그레이,US-GA,northeast,38500
2024-01,VF3VCAEXRU0000334,VST,2024,VST-CO,1.6T 하이브리드,AWD,오션 블루,US-GA,south,35420
2024-01,VF3VSACXRU0000335,VST,2024,VST-TR,2.5 가솔린,AWD,스틸 그레이,US-GA,northeast,43890
2024-01,VF3VSAGXRU0000336,VST,2024,VST-TR,1.6T 하이브리드,AWD,포레스트 그린,US-GA,west,43890
2024-01,VF3VPFFXRU0000337,VST,2024,VST-PR,2.5 가솔린,FWD,선셋 레드,US-GA,west,38500
2024-01,VF3VCFEXRU0000338,VST,2024,VST-CO,2.5 가솔린,FWD,오션 블루,US-GA,west,35420
2024-01,VF3VPFBXRU0000339,VST,2024,VST-PR,2.5 가솔린,FWD,미드나잇 블랙,US-GA,northeast,38500
2024-01,VF3VSFAXRU0000340,VST,2024,VST-TR,1.6T 하이브리드,FWD,스노우 화이트,US-GA,west,43890
2024-01,VF3VPAFXRU0000341,VST,2024,VST-PR,1.6T 하이브리드,AWD,선셋 레드,US-GA,northeast,38500
2024-01,VF3VPACXRU0000342,VST,2024,VST-PR,2.5 가솔린,AWD,스틸 그레이,US-GA,northeast,38500
2024-01,VF3VCFFXRU0000343,VST,2024,VST-CO,2.5 가솔린,FWD,선셋 레드,US-GA,southeast,35420
2024-01,VF3VPABXRU0000344,VST,2024,VST-PR,2.5 가솔린,AWD,미드나잇 블랙,US-GA,south,38500
2024-01,VF3VPAEXRU0000345,VST,2024,VST-PR,2.5 가솔린,AWD,오션 블루,US-GA,northeast,38500
2024-01,VF3VCAAXRU0000346,VST,2024,VST-CO,2.5 가솔린,AWD,스노우 화이트,US-GA,northeast,35420
2024-01,VF3VCABXRU0000347,VST,2024,VST-CO,2.5 가솔린,AWD,미드나잇 블랙,US-GA,central,35420
2024-01,VF3VCFAXRU0000348,VST,2024,VST-CO,2.5 가솔린,FWD,스노우 화이트,US-GA,west,35420
2024-01,VF3VCFAXRU0000349,VST,2024,VST-CO,1.6T 하이브리드,FWD,스노우 화이트,US-GA,west,35420
2024-01,VF3VPAGXRU0000350,VST,2024,VST-PR,2.5 가솔린,AWD,포레스트 그린,US-GA,northeast,38500
2024-01,VF3VSFGXRU0000351,VST,2024,VST-TR,2.5 가솔린,FWD,포레스트 그린,US-GA,south,43890
2024-01,VF3VPFDXRU0000352,VST,2024,VST-PR,1.6T 하이브리드,FWD,실버,US-GA,south,38500
2024-01,VF3VCFAXRU0000353,VST,2024,VST-CO,1.6T 하이브리드,FWD,스노우 화이트,US-GA,central,35420
2024-01,VF3VSAAXRU0000354,VST,2024,VST-TR,2.5 가솔린,AWD,스노우 화이트,US-GA,northeast,43890
2024-01,VF3VCFAXRU0000355,VST,2024,VST-CO,1.6T 하이브리드,FWD,스노우 화이트,US-GA,south,35420
2024-01,VF3VCACXRU0000356,VST,2024,VST-CO,2.5 가솔린,AWD,스틸 그레이,US-GA,northeast,35420
2024-01,VF3VCACXRU0000357,VST,2024,VST-CO,2.5 가솔린,AWD,스틸 그레이,US-GA,southeast,35420
2024-01,VF3VPFDXRU0000358,VST,2024,VST-PR,1.6T 하이브리드,FWD,실버,US-GA,central,38500
2024-01,VF3VCFAXRU0000359,VST,2024,VST-CO,2.5 가솔린,FWD,스노우 화이트,US-GA,southeast,35420
2024-01,VF3VPFAXRU0000360,VST,2024,VST-PR,2.5 가솔린,FWD,스노우 화이트,US-GA,southeast,38500
2024-01,VF3VPFAXRU0000361,VST,2024,VST-PR,2.5 가솔린,FWD,스노우 화이트,US-GA,central,38500
2024-01,VF3VSFEXRU0000362,VST,2024,VST-TR,2.5 가솔린,FWD,오션 블루,US-GA,south,43890
2024-01,VF3VPFBXRU0000363,VST,2024,VST-PR,2.5 가솔린,FWD,미드나잇 블랙,US-GA,west,38500
2024-01,VF3VSADXRU0000364,VST,2024,VST-TR,1.6T 하이브리드,AWD,실버,US-GA,west,43890
2024-01,VF3VCFDXRU0000365,VST,2024,VST-CO,2.5 가솔린,FWD,실버,US-GA,west,35420
2024-01,VF3VPFGXRU0000366,VST,2024,VST-PR,2.5 가솔린,FWD,포레스트 그린,US-GA,northeast,38500
2024-01,VF3VCFBXRU0000367,VST,2024,VST-CO,1.6T 하이브리드,FWD,미드나잇 블랙,US-GA,south,35420
2024-01,VF3VCFBXRU0000368,VST,2024,VST-CO,2.5 가솔린,FWD,미드나잇 블랙,US-GA,south,35420
2024-01,VF3VPACXRU0000369,VST,2024,VST-PR,2.5 가솔린,AWD,스틸 그레이,US-GA,central,38500
2024-01,VF3VPFAXRU0000370,VST,2024,VST-PR,2.5 가솔린,FWD,스노우 화이트,US-GA,central,38500
2024-01,VF3VCFEXRU0000371,VST,2024,VST-CO,1.6T 하이브리드,FWD,오션 블루,US-GA,south,35420
2024-01,VF3VCABXRU0000372,VST,2024,VST-CO,2.5 가솔린,AWD,미드나잇 블랙,US-GA,west,35420
2024-01,VF3VPABXRU0000373,VST,2024,VST-PR,1.6T 하이브리드,AWD,미드나잇 블랙,US-GA,west,38500
2024-01,VF3VCFAXRU0000374,VST,2024,VST-CO,2.5 가솔린,FWD,스노우 화이트,US-GA,west,35420
2024-01,VF3VCFBXRU0000375,VST,2024,VST-CO,2.5 가솔린,FWD,미드나잇 블랙,US-GA,west,35420
2024-01,VF3VPFAXRU0000376,VST,2024,VST-PR,2.5 가솔린,FWD,스노우 화이트,US-GA,northeast,38500
2024-01,VF3VPFDXRU0000377,VST,2024,VST-PR,2.5 가솔린,FWD,실버,US-GA,west,38500
2024-01,VF3VCFDXRU0000378,VST,2024,VST-CO,1.6T 하이브리드,FWD,실버,US-GA,central,35420
2024-01,VF3VCABXRU0000379,VST,2024,VST-CO,2.5 가솔린,AWD,미드나잇 블랙,US-GA,west,35420
2024-01,VF3VCFBXRU0000380,VST,2024,VST-CO,1.6T 하이브리드,FWD,미드나잇 블랙,US-GA,central,35420
2024-01,VF3VSFBXRU0000381,VST,2024,VST-TR,1.6T 하이브리드,FWD,미드나잇 블랙,US-GA,west,43890
2024-01,VF3VSAGXRU0000382,VST,2024,VST-TR,1.6T 하이브리드,AWD,포레스트 그린,US-GA,southeast,43890
2024-01,VF3VCACXRU0000383,VST,2024,VST-CO,2.5 가솔린,AWD,스틸 그레이,US-GA,northeast,35420
2024-01,VF3VPFCXRU0000384,VST,2024,VST-PR,2.5 가솔린,FWD,스틸 그레이,US-GA,south,38500
2024-01,VF3VPABXRU0000385,VST,2024,VST-PR,2.5 가솔린,AWD,미드나잇 블랙,US-GA,central,38500
2024-01,VF3VPACXRU0000386,VST,2024,VST-PR,2.5 가솔린,AWD,스틸 그레이,US-GA,west,38500
2024-01,VF3VCFBXRU0000387,VST,2024,VST-CO,2.5 가솔린,FWD,미드나잇 블랙,US-GA,northeast,35420
2024-01,VF3VCABXRU0000388,VST,2024,VST-CO,2.5 가솔린,AWD,미드나잇 블랙,US-GA,northeast,35420
2024-01,VF3VPACXRU0000389,VST,2024,VST-PR,2.5 가솔린,AWD,스틸 그레이,US-GA,northeast,38500
2024-01,VF3VCFBXRU0000390,VST,2024,VST-CO,2.5 가솔린,FWD,미드나잇 블랙,US-GA,southeast,35420
2024-01,VF3VSFCXRU0000391,VST,2024,VST-TR,2.5 가솔린,FWD,스틸 그레이,US-GA,southeast,43890
2024-01,VF3VSABXRU0000392,VST,2024,VST-TR,1.6T 하이브리드,AWD,미드나잇 블랙,US-GA,southeast,43890
2024-01,VF3VPFDXRU0000393,VST,2024,VST-PR,1.6T 하이브리드,FWD,실버,US-GA,central,38500
2024-01,VF3VSACXRU0000394,VST,2024,VST-TR,2.5 가솔린,AWD,스틸 그레이,US-GA,southeast,43890
2024-01,VF3VPABXRU0000395,VST,2024,VST-PR,2.5 가솔린,AWD,미드나잇 블랙,US-GA,southeast,38500
2024-01,VF3VPAEXRU0000396,VST,2024,VST-PR,2.5 가솔린,AWD,오션 블루,US-GA,northeast,38500
2024-01,VF3VCAEXRU0000397,VST,2024,VST-CO,2.5 가솔린,AWD,오션 블루,US-GA,northeast,35420
2024-01,VF3VCFCXRU0000398,VST,2024,VST-CO,2.5 가솔린,FWD,스틸 그레이,US-GA,central,35420
2024-01,VF3VPAAXRU0000399,VST,2024,VST-PR,2.5 가솔린,AWD,스노우 화이트,US-GA,southeast,38500
2024-01,VF3VSACXRU0000400,VST,2024,VST-TR,2.5 가솔린,AWD,스틸 그레이,US-GA,southeast,43890
2024-01,VF3VPFBXRU0000401,VST,2024,VST-PR,2.5 가솔린,FWD,미드나잇 블랙,US-GA,south,38500
2024-01,VF3VCFDXRU0000402,VST,2024,VST-CO,2.5 가솔린,FWD,실버,US-GA,west,35420
2024-01,VF3VSFAXRU0000403,VST,2024,VST-TR,2.5 가솔린,FWD,스노우 화이트,US-GA,south,43890
2024-01,VF3VCFCXRU0000404,VST,2024,VST-CO,1.6T 하이브리드,FWD,스틸 그레이,US-GA,northeast,35420
2024-01,VF3VPFCXRU0000405,VST,2024,VST-PR,1.6T 하이브리드,FWD,스틸 그레이,US-GA,southeast,38500
2024-01,VF3VSFAXRU0000406,VST,2024,VST-TR,2.5 가솔린,FWD,스노우 화이트,US-GA,northeast,43890
2024-01,VF3VPFBXRU0000407,VST,2024,VST-PR,2.5 가솔린,FWD,미드나잇 블랙,US-GA,southeast,38500
2024-01,VF3VPFBXRU0000408,VST,2024,VST-PR,1.6T 하이브리드,FWD,미드나잇 블랙,US-GA,central,38500
2024-01,VF3VPFDXRU0000409,VST,2024,VST-PR,1.6T 하이브리드,FWD,실버,US-GA,south,38500
2024-01,VF3VPAAXRU0000410,VST,2024,VST-PR,2.5 가솔린,AWD,스노우 화이트,US-GA,northeast,38500
2024-01,VF3VCAGXRU0000411,VST,2024,VST-CO,2.5 가솔린,AWD,포레스트 그린,US-GA,central,35420
2024-01,VF3VPFAXRU0000412,VST,2024,VST-PR,2.5 가솔린,FWD,스노우 화이트,US-GA,west,38500
2024-01,VF3VPABXRU0000413,VST,2024,VST-PR,2.5 가솔린,AWD,미드나잇 블랙,US-GA,west,38500
2024-01,VF3VPABXRU0000414,VST,2024,VST-PR,1.6T 하이브리드,AWD,미드나잇 블랙,US-GA,central,38500
2024-01,VF3VPFAXRU0000415,VST,2024,VST-PR,2.5 가솔린,FWD,스노우 화이트,US-GA,central,38500
2024-01,VF3VCFAXRU0000416,VST,2024,VST-CO,2.5 가솔린,FWD,스노우 화이트,US-GA,south,35420
2024-01,VF3VCFCXRU0000417,VST,2024,VST-CO,2.5 가솔린,FWD,스틸 그레이,US-GA,southeast,35420
2024-01,VF3VPFCXRU0000418,VST,2024,VST-PR,2.5 가솔린,FWD,스틸 그레이,US-GA,south,38500
2024-01,VF3VPAAXRU0000419,VST,2024,VST-PR,1.6T 하이브리드,AWD,스노우 화이트,US-GA,west,38500
2024-01,VF3VCFAXRU0000420,VST,2024,VST-CO,2.5 가솔린,FWD,스노우 화이트,US-GA,south,35420
2024-01,VF3VPAAXRU0000421,VST,2024,VST-PR,1.6T 하이브리드,AWD,스노우 화이트,US-GA,northeast,38500
2024-01,VF3VPFEXRU0000422,VST,2024,VST-PR,2.5 가솔린,FWD,오션 블루,US-GA,south,38500
2024-01,VF3VSAHXRU0000423,VST,2024,VST-TR,2.5 가솔린,AWD,샌드 베이지,US-GA,west,43890
2024-01,VF3VPFEXRU0000424,VST,2024,VST-PR,2.5 가솔린,FWD,오션 블루,US-GA,southeast,38500
2024-01,VF3VCFEXRU0000425,VST,2024,VST-CO,2.5 가솔린,FWD,오션 블루,US-GA,south,35420
2024-01,VF3VSFCXRU0000426,VST,2024,VST-TR,2.5 가솔린,FWD,스틸 그레이,US-GA,west,43890
2024-01,VF3VCFDXRU0000427,VST,2024,VST-CO,2.5 가솔린,FWD,실버,US-GA,northeast,35420
2024-01,VF3VPFAXRU0000428,VST,2024,VST-PR,2.5 가솔린,FWD,스노우 화이트,US-GA,south,38500
2024-01,VF3VSFBXRU0000429,VST,2024,VST-TR,2.5 가솔린,FWD,미드나잇 블랙,US-GA,south,43890
2024-01,VF3VSFAXRU0000430,VST,2024,VST-TR,1.6T 하이브리드,FWD,스노우 화이트,US-GA,southeast,43890
2024-01,VF3VSFAXRU0000431,VST,2024,VST-TR,2.5 가솔린,FWD,스노우 화이트,US-GA,south,43890
2024-01,VF3VCFAXRU0000432,VST,2024,VST-CO,2.5 가솔린,FWD,스노우 화이트,US-GA,northeast,35420
2024-01,VF3VSFEXRU0000433,VST,2024,VST-TR,1.6T 하이브리드,FWD,오션 블루,US-GA,central,43890
2024-01,VF3VPFGXRU0000434,VST,2024,VST-PR,1.6T 하이브리드,FWD,포레스트 그린,US-GA,central,38500
2024-01,VF3VPFAXRU0000435,VST,2024,VST-PR,2.5 가솔린,FWD,스노우 화이트,US-GA,west,38500
2024-01,VF3VCAAXRU0000436,VST,2024,VST-CO,2.5 가솔린,AWD,스노우 화이트,US-GA,southeast,35420
2024-01,VF3VCAEXRU0000437,VST,2024,VST-CO,2.5 가솔린,AWD,오션 블루,US-GA,northeast,35420
2024-01,VF3VCFAXRU0000438,VST,2024,VST-CO,1.6T 하이브리드,FWD,스노우 화이트,US-GA,northeast,35420
2024-01,VF3VCFCXRU0000439,VST,2024,VST-CO,2.5 가솔린,FWD,스틸 그레이,US-GA,west,35420
2024-01,VF3VSAFXRU0000440,VST,2024,VST-TR,2.5 가솔린,AWD,선셋 레드,US-GA,central,43890
2024-01,VF3VCACXRU0000441,VST,2024,VST-CO,2.5 가솔린,AWD,스틸 그레이,US-GA,west,35420
2024-01,VF3VPFFXRU0000442,VST,2024,VST-PR,2.5 가솔린,FWD,선셋 레드,US-GA,northeast,38500
2024-01,VF3VCFDXRU0000443,VST,2024,VST-CO,1.6T 하이브리드,FWD,실버,US-GA,west,35420
2024-01,VF3VSFBXRU0000444,VST,2024,VST-TR,2.5 가솔린,FWD,미드나잇 블랙,US-GA,south,43890
2024-01,VF3VPADXRU0000445,VST,2024,VST-PR,1.6T 하이브리드,AWD,실버,US-GA,south,38500
2024-01,VF3VCFAXRU0000446,VST,2024,VST-CO,1.6T 하이브리드,FWD,스노우 화이트,US-GA,southeast,35420
2024-01,VF3VSFFXRU0000447,VST,2024,VST-TR,2.5 가솔린,FWD,선셋 레드,US-GA,west,43890
2024-01,VF4APACXRU0000448,AUR,2024,AUR-RA,스탠다드 레인지,AWD,스틸 그레이,US-SV,west,58900
2024-01,VF4APAAXRU0000449,AUR,2024,AUR-RA,스탠다드 레인지,AWD,스노우 화이트,US-SV,central,58900
2024-01,VF4APFEXRU0000450,AUR,2024,AUR-RA,스탠다드 레인지,FWD,오션 블루,US-SV,southeast,58900
2024-01,VF4APFAXRU0000451,AUR,2024,AUR-RA,스탠다드 레인지,FWD,스노우 화이트,US-SV,southeast,58900
2024-01,VF4APFDXRU0000452,AUR,2024,AUR-RA,스탠다드 레인지,FWD,실버,US-SV,west,58900
2024-01,VF4APABXRU0000453,AUR,2024,AUR-RA,롱레인지,AWD,미드나잇 블랙,US-SV,south,58900
2024-01,VF4ACFFXRU0000454,AUR,2024,AUR-AI,스탠다드 레인지,FWD,선셋 레드,US-SV,west,54188
2024-01,VF4ASFDXRU0000455,AUR,2024,AUR-MA,스탠다드 레인지,FWD,실버,US-SV,west,67146
2024-01,VF4ACAEXRU0000456,AUR,2024,AUR-AI,스탠다드 레인지,AWD,오션 블루,US-SV,northeast,54188
2024-01,VF4APABXRU0000457,AUR,2024,AUR-RA,스탠다드 레인지,AWD,미드나잇 블랙,US-SV,south,58900
2024-01,VF4ACADXRU0000458,AUR,2024,AUR-AI,스탠다드 레인지,AWD,실버,US-SV,west,54188
2024-01,VF4ASAAXRU0000459,AUR,2024,AUR-MA,롱레인지,AWD,스노우 화이트,US-SV,southeast,67146
2024-01,VF4ACAAXRU0000460,AUR,2024,AUR-AI,롱레인지,AWD,스노우 화이트,US-SV,west,54188
2024-01,VF4APFCXRU0000461,AUR,2024,AUR-RA,롱레인지,FWD,스틸 그레이,US-SV,west,58900
2024-01,VF4APFBXRU0000462,AUR,2024,AUR-RA,롱레인지,FWD,미드나잇 블랙,US-SV,southeast,58900
2024-01,VF4ASAAXRU0000463,AUR,2024,AUR-MA,롱레인지,AWD,스노우 화이트,US-SV,south,67146
2024-01,VF4APADXRU0000464,AUR,2024,AUR-RA,스탠다드 레인지,AWD,실버,US-SV,southeast,58900
2024-01,VF4APFCXRU0000465,AUR,2024,AUR-RA,롱레인지,FWD,스틸 그레이,US-SV,southeast,58900
2024-01,VF4ASFCXRU0000466,AUR,2024,AUR-MA,롱레인지,FWD,스틸 그레이,US-SV,west,67146
2024-01,VF4APFAXRU0000467,AUR,2024,AUR-RA,롱레인지,FWD,스노우 화이트,US-SV,southeast,58900
2024-01,VF4ACFFXRU0000468,AUR,2024,AUR-AI,롱레인지,FWD,선셋 레드,US-SV,south,54188
2024-01,VF4APFCXRU0000469,AUR,2024,AUR-RA,스탠다드 레인지,FWD,스틸 그레이,US-SV,west,58900
2024-01,VF4ACFBXRU0000470,AUR,2024,AUR-AI,롱레인지,FWD,미드나잇 블랙,US-SV,west,54188
2024-01,VF4ASFDXRU0000471,AUR,2024,AUR-MA,스탠다드 레인지,FWD,실버,US-SV,south,67146
2024-01,VF4ASACXRU0000472,AUR,2024,AUR-MA,스탠다드 레인지,AWD,스틸 그레이,US-SV,west,67146
2024-01,VF4APFBXRU0000473,AUR,2024,AUR-RA,롱레인지,FWD,미드나잇 블랙,US-SV,south,58900
2024-01,VF4APFAXRU0000474,AUR,2024,AUR-RA,스탠다드 레인지,FWD,스노우 화이트,US-SV,south,58900
2024-01,VF4ACAGXRU0000475,AUR,2024,AUR-AI,스탠다드 레인지,AWD,포레스트 그린,US-SV,west,54188
2024-01,VF4ACAHXRU0000476,AUR,2024,AUR-AI,롱레인지,AWD,샌드 베이지,US-SV,west,54188
2024-01,VF4APFBXRU0000477,AUR,2024,AUR-RA,롱레인지,FWD,미드나잇 블랙,US-SV,west,58900
2024-01,VF4ASFFXRU0000478,AUR,2024,AUR-MA,스탠다드 레인지,FWD,선셋 레드,US-SV,southeast,67146
2024-01,VF4ASAAXRU0000479,AUR,2024,AUR-MA,롱레인지,AWD,스노우 화이트,US-SV,south,67146
2024-01,VF4APFAXRU0000480,AUR,2024,AUR-RA,스탠다드 레인지,FWD,스노우 화이트,US-SV,central,58900
2024-01,VF4ACABXRU0000481,AUR,2024,AUR-AI,스탠다드 레인지,AWD,미드나잇 블랙,US-SV,central,54188
2024-01,VF4APAAXRU0000482,AUR,2024,AUR-RA,롱레인지,AWD,스노우 화이트,US-SV,northeast,58900
2024-01,VF4ASACXRU0000483,AUR,2024,AUR-MA,롱레인지,AWD,스틸 그레이,US-SV,west,67146
2024-01,VF4ACABXRU0000484,AUR,2024,AUR-AI,스탠다드 레인지,AWD,미드나잇 블랙,US-SV,west,54188
2024-01,VF4ASACXRU0000485,AUR,2024,AUR-MA,롱레인지,AWD,스틸 그레이,US-SV,northeast,67146
2024-01,VF4ACAAXRU0000486,AUR,2024,AUR-AI,롱레인지,AWD,스노우 화이트,US-SV,northeast,54188
2024-01,VF4ASAAXRU0000487,AUR,2024,AUR-MA,롱레인지,AWD,스노우 화이트,US-SV,south,67146
2024-01,VF4APFGXRU0000488,AUR,2024,AUR-RA,롱레인지,FWD,포레스트 그린,US-SV,west,58900
2024-01,VF4ASAAXRU0000489,AUR,2024,AUR-MA,롱레인지,AWD,스노우 화이트,US-SV,northeast,67146
2024-01,VF4APABXRU0000490,AUR,2024,AUR-RA,롱레인지,AWD,미드나잇 블랙,US-SV,southeast,58900
2024-01,VF4ACFBXRU0000491,AUR,2024,AUR-AI,롱레인지,FWD,미드나잇 블랙,US-SV,west,54188
2024-01,VF4ASADXRU0000492,AUR,2024,AUR-MA,롱레인지,AWD,실버,US-SV,northeast,67146
2024-01,VF4APFAXRU0000493,AUR,2024,AUR-RA,롱레인지,FWD,스노우 화이트,US-SV,west,58900
2024-01,VF4APACXRU0000494,AUR,2024,AUR-RA,롱레인지,AWD,스틸 그레이,US-SV,west,58900
2024-01,VF4APFEXRU0000495,AUR,2024,AUR-RA,롱레인지,FWD,오션 블루,US-SV,southeast,58900
2024-01,VF4APAAXRU0000496,AUR,2024,AUR-RA,스탠다드 레인지,AWD,스노우 화이트,US-SV,south,58900
2024-01,VF4ACFAXRU0000497,AUR,2024,AUR-AI,스탠다드 레인지,FWD,스노우 화이트,US-SV,central,54188
2024-01,VF4APFAXRU0000498,AUR,2024,AUR-RA,스탠다드 레인지,FWD,스노우 화이트,US-SV,southeast,58900
2024-01,VF4APAAXRU0000499,AUR,2024,AUR-RA,롱레인지,AWD,스노우 화이트,US-SV,south,58900
2024-01,VF4ACFAXRU0000500,AUR,2024,AUR-AI,롱레인지,FWD,스노우 화이트,US-SV,southeast,54188
2024-01,VF4APAAXRU0000501,AUR,2024,AUR-RA,롱레인지,AWD,스노우 화이트,US-SV,central,58900
2024-01,VF4APFEXRU0000502,AUR,2024,AUR-RA,롱레인지,FWD,오션 블루,US-SV,southeast,58900
2024-01,VF4ACFDXRU0000503,AUR,2024,AUR-AI,스탠다드 레인지,FWD,실버,US-SV,southeast,54188
2024-01,VF4ACACXRU0000504,AUR,2024,AUR-AI,롱레인지,AWD,스틸 그레이,US-SV,west,54188
2024-01,VF4ACADXRU0000505,AUR,2024,AUR-AI,롱레인지,AWD,실버,US-SV,central,54188
2024-01,VF4APACXRU0000506,AUR,2024,AUR-RA,스탠다드 레인지,AWD,스틸 그레이,US-SV,southeast,58900
2024-01,VF4APFEXRU0000507,AUR,2024,AUR-RA,스탠다드 레인지,FWD,오션 블루,US-SV,south,58900
2024-01,VF4ACAAXRU0000508,AUR,2024,AUR-AI,스탠다드 레인지,AWD,스노우 화이트,US-SV,south,54188
2024-01,VF4ACAAXRU0000509,AUR,2024,AUR-AI,롱레인지,AWD,스노우 화이트,US-SV,central,54188
2024-01,VF4APACXRU0000510,AUR,2024,AUR-RA,롱레인지,AWD,스틸 그레이,US-SV,south,58900
2024-01,VF4ACFCXRU0000511,AUR,2024,AUR-AI,롱레인지,FWD,스틸 그레이,US-SV,central,54188
2024-01,VF4ASFCXRU0000512,AUR,2024,AUR-MA,롱레인지,FWD,스틸 그레이,US-SV,west,67146
2024-01,VF4APAHXRU0000513,AUR,2024,AUR-RA,롱레인지,AWD,샌드 베이지,US-SV,west,58900
2024-01,VF4ACFCXRU0000514,AUR,2024,AUR-AI,스탠다드 레인지,FWD,스틸 그레이,US-SV,west,54188
2024-01,VF4ASFBXRU0000515,AUR,2024,AUR-MA,스탠다드 레인지,FWD,미드나잇 블랙,US-SV,west,67146
2024-01,VF5MCFEXRM0000516,MRD,2024,MRD-CO,2.0 가솔린,FWD,오션 블루,MX-MT,west,28704
2024-01,VF5MSFDXRM0000517,MRD,2024,MRD-SP,2.0 가솔린,FWD,실버,MX-MT,west,35568
2024-01,VF5MPAEXRM0000518,MRD,2024,MRD-PR,2.0 가솔린,AWD,오션 블루,MX-MT,central,31200
2024-01,VF5MCFCXRM0000519,MRD,2024,MRD-CO,2.0 가솔린,FWD,스틸 그레이,MX-MT,south,28704
2024-01,VF5MPFDXRM0000520,MRD,2024,MRD-PR,1.6T 하이브리드,FWD,실버,MX-MT,northeast,31200
2024-01,VF5MPADXRM0000521,MRD,2024,MRD-PR,2.0 가솔린,AWD,실버,MX-MT,northeast,31200
2024-01,VF5MPFDXRM0000522,MRD,2024,MRD-PR,2.0 가솔린,FWD,실버,MX-MT,south,31200
2024-01,VF5MCAAXRM0000523,MRD,2024,MRD-CO,2.0 가솔린,AWD,스노우 화이트,MX-MT,northeast,28704
2024-01,VF5MCFBXRM0000524,MRD,2024,MRD-CO,2.0 가솔린,FWD,미드나잇 블랙,MX-MT,central,28704
2024-01,VF5MSFCXRM0000525,MRD,2024,MRD-SP,2.0 가솔린,FWD,스틸 그레이,MX-MT,west,35568
2024-01,VF5MSFAXRM0000526,MRD,2024,MRD-SP,1.6T 하이브리드,FWD,스노우 화이트,MX-MT,south,35568
2024-01,VF5MSACXRM0000527,MRD,2024,MRD-SP,2.0 가솔린,AWD,스틸 그레이,MX-MT,south,35568
2024-01,VF5MSFCXRM0000528,MRD,2024,MRD-SP,2.0 가솔린,FWD,스틸 그레이,MX-MT,central,35568
2024-01,VF5MCFEXRM0000529,MRD,2024,MRD-CO,2.0 가솔린,FWD,오션 블루,MX-MT,northeast,28704
2024-01,VF5MCFBXRM0000530,MRD,2024,MRD-CO,2.0 가솔린,FWD,미드나잇 블랙,MX-MT,west,28704
2024-01,VF5MSFEXRM0000531,MRD,2024,MRD-SP,2.0 가솔린,FWD,오션 블루,MX-MT,west,35568
2024-01,VF5MCFEXRM0000532,MRD,2024,MRD-CO,1.6T 하이브리드,FWD,오션 블루,MX-MT,west,28704
2024-01,VF5MPFEXRM0000533,MRD,2024,MRD-PR,2.0 가솔린,FWD,오션 블루,MX-MT,northeast,31200
2024-01,VF5MCFCXRM0000534,MRD,2024,MRD-CO,2.0 가솔린,FWD,스틸 그레이,MX-MT,southeast,28704
2024-01,VF5MCFFXRM0000535,MRD,2024,MRD-CO,2.0 가솔린,FWD,선셋 레드,MX-MT,south,28704
2024-01,VF5MSADXRM0000536,MRD,2024,MRD-SP,1.6T 하이브리드,AWD,실버,MX-MT,northeast,35568
2024-01,VF5MCFAXRM0000537,MRD,2024,MRD-CO,2.0 가솔린,FWD,스노우 화이트,MX-MT,northeast,28704
2024-01,VF5MCFFXRM0000538,MRD,2024,MRD-CO,2.0 가솔린,FWD,선셋 레드,MX-MT,west,28704
2024-01,VF5MCFBXRM0000539,MRD,2024,MRD-CO,2.0 가솔린,FWD,미드나잇 블랙,MX-MT,northeast,28704
2024-01,VF5MPFAXRM0000540,MRD,2024,MRD-PR,2.0 가솔린,FWD,스노우 화이트,MX-MT,south,31200
2024-01,VF5MSFBXRM0000541,MRD,2024,MRD-SP,2.0 가솔린,FWD,미드나잇 블랙,MX-MT,west,35568
2024-01,VF5MSFBXRM0000542,MRD,2024,MRD-SP,2.0 가솔린,FWD,미드나잇 블랙,MX-MT,south,35568
2024-01,VF5MPAAXRM0000543,MRD,2024,MRD-PR,2.0 가솔린,AWD,스노우 화이트,MX-MT,central,31200
2024-01,VF5MPFAXRM0000544,MRD,2024,MRD-PR,2.0 가솔린,FWD,스노우 화이트,MX-MT,southeast,31200
2024-01,VF5MSFCXRM0000545,MRD,2024,MRD-SP,2.0 가솔린,FWD,스틸 그레이,MX-MT,southeast,35568
2024-01,VF5MCADXRM0000546,MRD,2024,MRD-CO,2.0 가솔린,AWD,실버,MX-MT,west,28704
2024-01,VF5MCFAXRM0000547,MRD,2024,MRD-CO,1.6T 하이브리드,FWD,스노우 화이트,MX-MT,south,28704
2024-01,VF5MPFCXRM0000548,MRD,2024,MRD-PR,2.0 가솔린,FWD,스틸 그레이,MX-MT,west,31200
2024-01,VF5MSFHXRM0000549,MRD,2024,MRD-SP,1.6T 하이브리드,FWD,샌드 베이지,MX-MT,northeast,35568
2024-01,VF5MCFDXRM0000550,MRD,2024,MRD-CO,1.6T 하이브리드,FWD,실버,MX-MT,south,28704
2024-01,VF5MPFBXRM0000551,MRD,2024,MRD-PR,2.0 가솔린,FWD,미드나잇 블랙,MX-MT,west,31200
2024-01,VF5MCFCXRM0000552,MRD,2024,MRD-CO,2.0 가솔린,FWD,스틸 그레이,MX-MT,south,28704
2024-01,VF5MPFBXRM0000553,MRD,2024,MRD-PR,2.0 가솔린,FWD,미드나잇 블랙,MX-MT,west,31200
2024-01,VF5MSFBXRM0000554,MRD,2024,MRD-SP,2.0 가솔린,FWD,미드나잇 블랙,MX-MT,west,35568
2024-01,VF5MPFAXRM0000555,MRD,2024,MRD-PR,2.0 가솔린,FWD,스노우 화이트,MX-MT,west,31200
2024-01,VF5MCFHXRM0000556,MRD,2024,MRD-CO,2.0 가솔린,FWD,샌드 베이지,MX-MT,south,28704
2024-01,VF5MPFAXRM0000557,MRD,2024,MRD-PR,2.0 가솔린,FWD,스노우 화이트,MX-MT,southeast,31200
2024-01,VF5MPFFXRM0000558,MRD,2024,MRD-PR,2.0 가솔린,FWD,선셋 레드,MX-MT,southeast,31200
2024-01,VF5MCFAXRM0000559,MRD,2024,MRD-CO,2.0 가솔린,FWD,스노우 화이트,MX-MT,west,28704
2024-01,VF5MCABXRM0000560,MRD,2024,MRD-CO,1.6T 하이브리드,AWD,미드나잇 블랙,MX-MT,northeast,28704
2024-01,VF5MCFDXRM0000561,MRD,2024,MRD-CO,2.0 가솔린,FWD,실버,MX-MT,southeast,28704
2024-01,VF5MSFCXRM0000562,MRD,2024,MRD-SP,1.6T 하이브리드,FWD,스틸 그레이,MX-MT,northeast,35568
2024-01,VF5MCFDXRM0000563,MRD,2024,MRD-CO,2.0 가솔린,FWD,실버,MX-MT,central,28704
2024-01,VF5MPFAXRM0000564,MRD,2024,MRD-PR,1.6T 하이브리드,FWD,스노우 화이트,MX-MT,central,31200
2024-01,VF5MSFAXRM0000565,MRD,2024,MRD-SP,1.6T 하이브리드,FWD,스노우 화이트,MX-MT,south,35568
2024-01,VF5MPFGXRM0000566,MRD,2024,MRD-PR,2.0 가솔린,FWD,포레스트 그린,MX-MT,northeast,31200
2024-01,VF5MSFGXRM0000567,MRD,2024,MRD-SP,2.0 가솔린,FWD,포레스트 그린,MX-MT,southeast,35568
2024-01,VF5MSFBXRM0000568,MRD,2024,MRD-SP,1.6T 하이브리드,FWD,미드나잇 블랙,MX-MT,central,35568
2024-01,VF5MSFFXRM0000569,MRD,2024,MRD-SP,1.6T 하이브리드,FWD,선셋 레드,MX-MT,southeast,35568
2024-01,VF5MCFAXRM0000570,MRD,2024,MRD-CO,1.6T 하이브리드,FWD,스노우 화이트,MX-MT,south,28704
2024-01,VF5MCFCXRM0000571,MRD,2024,MRD-CO,2.0 가솔린,FWD,스틸 그레이,MX-MT,south,28704
2024-01,VF5MPFCXRM0000572,MRD,2024,MRD-PR,2.0 가솔린,FWD,스틸 그레이,MX-MT,west,31200
2024-01,VF5MSFBXRM0000573,MRD,2024,MRD-SP,2.0 가솔린,FWD,미드나잇 블랙,MX-MT,central,35568
2024-01,VF5MPFAXRM0000574,MRD,2024,MRD-PR,1.6T 하이브리드,FWD,스노우 화이트,MX-MT,south,31200
2024-01,VF5MPFAXRM0000575,MRD,2024,MRD-PR,1.6T 하이브리드,FWD,스노우 화이트,MX-MT,southeast,31200
2024-01,VF5MPFCXRM0000576,MRD,2024,MRD-PR,2.0 가솔린,FWD,스틸 그레이,MX-MT,northeast,31200
2024-01,VF5MPFAXRM0000577,MRD,2024,MRD-PR,2.0 가솔린,FWD,스노우 화이트,MX-MT,southeast,31200
2024-01,VF5MPACXRM0000578,MRD,2024,MRD-PR,2.0 가솔린,AWD,스틸 그레이,MX-MT,west,31200
2024-01,VF5MSFCXRM0000579,MRD,2024,MRD-SP,2.0 가솔린,FWD,스틸 그레이,MX-MT,southeast,35568
2024-01,VF5MPFFXRM0000580,MRD,2024,MRD-PR,2.0 가솔린,FWD,선셋 레드,MX-MT,west,31200
2024-01,VF5MCFCXRM0000581,MRD,2024,MRD-CO,2.0 가솔린,FWD,스틸 그레이,MX-MT,west,28704
2024-01,VF5MPFEXRM0000582,MRD,2024,MRD-PR,2.0 가솔린,FWD,오션 블루,MX-MT,south,31200
2024-01,VF5MPFAXRM0000583,MRD,2024,MRD-PR,2.0 가솔린,FWD,스노우 화이트,MX-MT,west,31200
2024-01,VF5MPFDXRM0000584,MRD,2024,MRD-PR,2.0 가솔린,FWD,실버,MX-MT,southeast,31200
2024-01,VF5MSFEXRM0000585,MRD,2024,MRD-SP,2.0 가솔린,FWD,오션 블루,MX-MT,west,35568
2024-01,VF5MPFAXRM0000586,MRD,2024,MRD-PR,1.6T 하이브리드,FWD,스노우 화이트,MX-MT,central,31200
2024-01,VF5MPFDXRM0000587,MRD,2024,MRD-PR,2.0 가솔린,FWD,실버,MX-MT,northeast,31200
2024-01,VF5MCFEXRM0000588,MRD,2024,MRD-CO,2.0 가솔린,FWD,오션 블루,MX-MT,southeast,28704
2024-01,VF5MPFHXRM0000589,MRD,2024,MRD-PR,2.0 가솔린,FWD,샌드 베이지,MX-MT,south,31200
2024-01,VF5MSFAXRM0000590,MRD,2024,MRD-SP,2.0 가솔린,FWD,스노우 화이트,MX-MT,west,35568
2024-01,VF5MCFBXRM0000591,MRD,2024,MRD-CO,2.0 가솔린,FWD,미드나잇 블랙,MX-MT,central,28704
2024-01,VF5MCAAXRM0000592,MRD,2024,MRD-CO,2.0 가솔린,AWD,스노우 화이트,MX-MT,central,28704
2024-01,VF5MPFBXRM0000593,MRD,2024,MRD-PR,1.6T 하이브리드,FWD,미드나잇 블랙,MX-MT,west,31200
2024-01,VF5MPFAXRM0000594,MRD,2024,MRD-PR,2.0 가솔린,FWD,스노우 화이트,MX-MT,west,31200
2024-01,VF5MPAAXRM0000595,MRD,2024,MRD-PR,1.6T 하이브리드,AWD,스노우 화이트,MX-MT,central,31200
2024-01,VF5MCFCXRM0000596,MRD,2024,MRD-CO,2.0 가솔린,FWD,스틸 그레이,MX-MT,south,28704
2024-01,VF5MPFFXRM0000597,MRD,2024,MRD-PR,2.0 가솔린,FWD,선셋 레드,MX-MT,southeast,31200
2024-01,VF5MPFCXRM0000598,MRD,2024,MRD-PR,2.0 가솔린,FWD,스틸 그레이,MX-MT,central,31200
2024-01,VF5MPFCXRM0000599,MRD,2024,MRD-PR,1.6T 하이브리드,FWD,스틸 그레이,MX-MT,south,31200
2024-01,VF5MCFAXRM0000600,MRD,2024,MRD-CO,2.0 가솔린,FWD,스노우 화이트,MX-MT,west,28704
2024-01,VF5MSFHXRM0000601,MRD,2024,MRD-SP,2.0 가솔린,FWD,샌드 베이지,MX-MT,west,35568
2024-01,VF5MCFEXRM0000602,MRD,2024,MRD-CO,2.0 가솔린,FWD,오션 블루,MX-MT,west,28704
2024-01,VF5MCFAXRM0000603,MRD,2024,MRD-CO,2.0 가솔린,FWD,스노우 화이트,MX-MT,west,28704
2024-01,VF5MPFBXRM0000604,MRD,2024,MRD-PR,1.6T 하이브리드,FWD,미드나잇 블랙,MX-MT,southeast,31200
2024-01,VF5MSFBXRM0000605,MRD,2024,MRD-SP,2.0 가솔린,FWD,미드나잇 블랙,MX-MT,northeast,35568
2024-01,VF5MPAEXRM0000606,MRD,2024,MRD-PR,2.0 가솔린,AWD,오션 블루,MX-MT,west,31200
2024-01,VF5MPFBXRM0000607,MRD,2024,MRD-PR,1.6T 하이브리드,FWD,미드나잇 블랙,MX-MT,central,31200
2024-01,VF5MCFAXRM0000608,MRD,2024,MRD-CO,2.0 가솔린,FWD,스노우 화이트,MX-MT,southeast,28704
2024-01,VF5MSAHXRM0000609,MRD,2024,MRD-SP,2.0 가솔린,AWD,샌드 베이지,MX-MT,central,35568
2024-01,VF5MPFBXRM0000610,MRD,2024,MRD-PR,2.0 가솔린,FWD,미드나잇 블랙,MX-MT,south,31200
2024-01,VF5MPFFXRM0000611,MRD,2024,MRD-PR,2.0 가솔린,FWD,선셋 레드,MX-MT,south,31200
2024-01,VF5MCFCXRM0000612,MRD,2024,MRD-CO,2.0 가솔린,FWD,스틸 그레이,MX-MT,northeast,28704
2024-01,VF5MSFGXRM0000613,MRD,2024,MRD-SP,1.6T 하이브리드,FWD,포레스트 그린,MX-MT,northeast,35568
2024-01,VF5MCFCXRM0000614,MRD,2024,MRD-CO,2.0 가솔린,FWD,스틸 그레이,MX-MT,south,28704
2024-01,VF5MCAHXRM0000615,MRD,2024,MRD-CO,1.6T 하이브리드,AWD,샌드 베이지,MX-MT,west,28704
2024-01,VF5MSFDXRM0000616,MRD,2024,MRD-SP,2.0 가솔린,FWD,실버,MX-MT,southeast,35568
2024-01,VF5MPFBXRM0000617,MRD,2024,MRD-PR,1.6T 하이브리드,FWD,미드나잇 블랙,MX-MT,northeast,31200
2024-01,VF5MPFDXRM0000618,MRD,2024,MRD-PR,2.0 가솔린,FWD,실버,MX-MT,south,31200
2024-01,VF5MSFAXRM0000619,MRD,2024,MRD-SP,2.0 가솔린,FWD,스노우 화이트,MX-MT,west,35568
2024-01,VF5MPFAXRM0000620,MRD,2024,MRD-PR,2.0 가솔린,FWD,스노우 화이트,MX-MT,west,31200
2024-01,VF5MSFAXRM0000621,MRD,2024,MRD-SP,2.0 가솔린,FWD,스노우 화이트,MX-MT,west,35568
2024-01,VF5MSFAXRM0000622,MRD,2024,MRD-SP,1.6T 하이브리드,FWD,스노우 화이트,MX-MT,west,35568
2024-01,VF5MSFGXRM0000623,MRD,2024,MRD-SP,2.0 가솔린,FWD,포레스트 그린,MX-MT,west,35568
2024-01,VF5MSFAXRM0000624,MRD,2024,MRD-SP,1.6T 하이브리드,FWD,스노우 화이트,MX-MT,west,35568
2024-01,VF5MPFBXRM0000625,MRD,2024,MRD-PR,2.0 가솔린,FWD,미드나잇 블랙,MX-MT,southeast,31200
2024-01,VF5MPFGXRM0000626,MRD,2024,MRD-PR,2.0 가솔린,FWD,포레스트 그린,MX-MT,south,31200
2024-01,VF5MSAAXRM0000627,MRD,2024,MRD-SP,2.0 가솔린,AWD,스노우 화이트,MX-MT,northeast,35568
2024-01,VF5MSFDXRM0000628,MRD,2024,MRD-SP,2.0 가솔린,FWD,실버,MX-MT,west,35568
2024-01,VF5MCABXRM0000629,MRD,2024,MRD-CO,1.6T 하이브리드,AWD,미드나잇 블랙,MX-MT,central,28704
2024-01,VF5MPABXRM0000630,MRD,2024,MRD-PR,2.0 가솔린,AWD,미드나잇 블랙,MX-MT,northeast,31200
2024-01,VF5MCAFXRM0000631,MRD,2024,MRD-CO,2.0 가솔린,AWD,선셋 레드,MX-MT,south,28704
2024-01,VF5MPAAXRM0000632,MRD,2024,MRD-PR,1.6T 하이브리드,AWD,스노우 화이트,MX-MT,northeast,31200
2024-01,VF5MPFAXRM0000633,MRD,2024,MRD-PR,1.6T 하이브리드,FWD,스노우 화이트,MX-MT,southeast,31200
2024-01,VF5MPFBXRM0000634,MRD,2024,MRD-PR,2.0 가솔린,FWD,미드나잇 블랙,MX-MT,south,31200
2024-01,VF5MPFDXRM0000635,MRD,2024,MRD-PR,2.0 가솔린,FWD,실버,MX-MT,central,31200
2024-01,VF5MPFBXRM0000636,MRD,2024,MRD-PR,2.0 가솔린,FWD,미드나잇 블랙,MX-MT,northeast,31200
2024-01,VF5MCFCXRM0000637,MRD,2024,MRD-CO,2.0 가솔린,FWD,스틸 그레이,MX-MT,central,28704
2024-01,VF2NSFAXRK0000638,NOV,2024,NOV-LO,3.5 가솔린,FWD,스노우 화이트,KR-2,central,50502
2024-01,VF2NCFEXRK0000639,NOV,2024,NOV-CO,3.5 가솔린,FWD,오션 블루,KR-2,south,40756
2024-01,VF2NCAAXRK0000640,NOV,2024,NOV-CO,3.5 가솔린,AWD,스노우 화이트,KR-2,northeast,40756
2024-01,VF2NCFAXRK0000641,NOV,2024,NOV-CO,3.5 가솔린,FWD,스노우 화이트,KR-2,west,40756
2024-01,VF2NPFCXRK0000642,NOV,2024,NOV-PR,3.5 가솔린,FWD,스틸 그레이,KR-2,south,44300
2024-01,VF2NPFAXRK0000643,NOV,2024,NOV-PR,1.6T 하이브리드,FWD,스노우 화이트,KR-2,southeast,44300
2024-01,VF2NPFGXRK0000644,NOV,2024,NOV-PR,1.6T 하이브리드,FWD,포레스트 그린,KR-2,west,44300
2024-01,VF2NCFHXRK0000645,NOV,2024,NOV-CO,3.5 가솔린,FWD,샌드 베이지,KR-2,southeast,40756
2024-01,VF2NCAAXRK0000646,NOV,2024,NOV-CO,3.5 가솔린,AWD,스노우 화이트,KR-2,southeast,40756
2024-01,VF2NCAAXRK0000647,NOV,2024,NOV-CO,3.5 가솔린,AWD,스노우 화이트,KR-2,west,40756
2024-01,VF2NCFCXRK0000648,NOV,2024,NOV-CO,1.6T 하이브리드,FWD,스틸 그레이,KR-2,south,40756
2024-01,VF2NCFFXRK0000649,NOV,2024,NOV-CO,3.5 가솔린,FWD,선셋 레드,KR-2,south,40756
2024-01,VF2NCAAXRK0000650,NOV,2024,NOV-CO,1.6T 하이브리드,AWD,스노우 화이트,KR-2,central,40756
2024-01,VF2NCFAXRK0000651,NOV,2024,NOV-CO,3.5 가솔린,FWD,스노우 화이트,KR-2,south,40756
2024-01,VF2NCFGXRK0000652,NOV,2024,NOV-CO,1.6T 하이브리드,FWD,포레스트 그린,KR-2,west,40756
2024-01,VF2NPFHXRK0000653,NOV,2024,NOV-PR,1.6T 하이브리드,FWD,샌드 베이지,KR-2,southeast,44300
2024-01,VF2NCFBXRK0000654,NOV,2024,NOV-CO,1.6T 하이브리드,FWD,미드나잇 블랙,KR-2,central,40756
2024-01,VF2NCFFXRK0000655,NOV,2024,NOV-CO,3.5 가솔린,FWD,선셋 레드,KR-2,south,40756
2024-01,VF2NPFEXRK0000656,NOV,2024,NOV-PR,1.6T 하이브리드,FWD,오션 블루,KR-2,south,44300
2024-01,VF2NPFCXRK0000657,NOV,2024,NOV-PR,3.5 가솔린,FWD,스틸 그레이,KR-2,central,44300
2024-01,VF2NPFGXRK0000658,NOV,2024,NOV-PR,3.5 가솔린,FWD,포레스트 그린,KR-2,south,44300
2024-01,VF2NSFAXRK0000659,NOV,2024,NOV-LO,3.5 가솔린,FWD,스노우 화이트,KR-2,northeast,50502
2024-01,VF2NCFAXRK0000660,NOV,2024,NOV-CO,3.5 가솔린,FWD,스노우 화이트,KR-2,northeast,40756
2024-01,VF2NCAEXRK0000661,NOV,2024,NOV-CO,3.5 가솔린,AWD,오션 블루,KR-2,northeast,40756
2024-01,VF2NPFFXRK0000662,NOV,2024,NOV-PR,1.6T 하이브리드,FWD,선셋 레드,KR-2,central,44300
2024-01,VF2NSABXRK0000663,NOV,2024,NOV-LO,3.5 가솔린,AWD,미드나잇 블랙,KR-2,central,50502
2024-01,VF2NPADXRK0000664,NOV,2024,NOV-PR,3.5 가솔린,AWD,실버,KR-2,west,44300
2024-01,VF2NPFFXRK0000665,NOV,2024,NOV-PR,3.5 가솔린,FWD,선셋 레드,KR-2,southeast,44300
2024-01,VF2NCABXRK0000666,NOV,2024,NOV-CO,3.5 가솔린,AWD,미드나잇 블랙,KR-2,west,40756
2024-01,VF2NPFBXRK0000667,NOV,2024,NOV-PR,1.6T 하이브리드,FWD,미드나잇 블랙,KR-2,west,44300
2024-01,VF2NCFBXRK0000668,NOV,2024,NOV-CO,3.5 가솔린,FWD,미드나잇 블랙,KR-2,southeast,40756
2024-01,VF2NSAAXRK0000669,NOV,2024,NOV-LO,3.5 가솔린,AWD,스노우 화이트,KR-2,central,50502
2024-01,VF2NSFDXRK0000670,NOV,2024,NOV-LO,3.5 가솔린,FWD,실버,KR-2,southeast,50502
2024-01,VF2NCFEXRK0000671,NOV,2024,NOV-CO,3.5 가솔린,FWD,오션 블루,KR-2,southeast,40756
2024-01,VF2NPFBXRK0000672,NOV,2024,NOV-PR,3.5 가솔린,FWD,미드나잇 블랙,KR-2,south,44300
2024-01,VF2NPAHXRK0000673,NOV,2024,NOV-PR,3.5 가솔린,AWD,샌드 베이지,KR-2,west,44300
2024-01,VF2NSFGXRK0000674,NOV,2024,NOV-LO,3.5 가솔린,FWD,포레스트 그린,KR-2,west,50502
2024-01,VF2NCACXRK0000675,NOV,2024,NOV-CO,3.5 가솔린,AWD,스틸 그레이,KR-2,south,40756
2024-01,VF2NCFAXRK0000676,NOV,2024,NOV-CO,1.6T 하이브리드,FWD,스노우 화이트,KR-2,south,40756
2024-01,VF2NCADXRK0000677,NOV,2024,NOV-CO,1.6T 하이브리드,AWD,실버,KR-2,west,40756
2024-01,VF2NCFBXRK0000678,NOV,2024,NOV-CO,3.5 가솔린,FWD,미드나잇 블랙,KR-2,west,40756
2024-01,VF2NPABXRK0000679,NOV,2024,NOV-PR,1.6T 하이브리드,AWD,미드나잇 블랙,KR-2,northeast,44300
2024-01,VF2NCAAXRK0000680,NOV,2024,NOV-CO,3.5 가솔린,AWD,스노우 화이트,KR-2,west,40756
2024-01,VF2NPAEXRK0000681,NOV,2024,NOV-PR,1.6T 하이브리드,AWD,오션 블루,KR-2,central,44300
2024-01,VF2NCAGXRK0000682,NOV,2024,NOV-CO,3.5 가솔린,AWD,포레스트 그린,KR-2,northeast,40756
2024-01,VF2NCFCXRK0000683,NOV,2024,NOV-CO,1.6T 하이브리드,FWD,스틸 그레이,KR-2,central,40756
2024-01,VF2NPABXRK0000684,NOV,2024,NOV-PR,3.5 가솔린,AWD,미드나잇 블랙,KR-2,south,44300
2024-01,VF2NSAAXRK0000685,NOV,2024,NOV-LO,1.6T 하이브리드,AWD,스노우 화이트,KR-2,central,50502
2024-01,VF2NSAGXRK0000686,NOV,2024,NOV-LO,1.6T 하이브리드,AWD,포레스트 그린,KR-2,west,50502
2024-01,VF2NPFAXRK0000687,NOV,2024,NOV-PR,3.5 가솔린,FWD,스노우 화이트,KR-2,northeast,44300
2024-01,VF2NPFEXRK0000688,NOV,2024,NOV-PR,1.6T 하이브리드,FWD,오션 블루,KR-2,northeast,44300
2024-01,VF2NCABXRK0000689,NOV,2024,NOV-CO,3.5 가솔린,AWD,미드나잇 블랙,KR-2,southeast,40756
2024-01,VF2NCABXRK0000690,NOV,2024,NOV-CO,3.5 가솔린,AWD,미드나잇 블랙,KR-2,southeast,40756
2024-01,VF2NCFAXRK0000691,NOV,2024,NOV-CO,1.6T 하이브리드,FWD,스노우 화이트,KR-2,west,40756
2024-01,VF2NSAAXRK0000692,NOV,2024,NOV-LO,1.6T 하이브리드,AWD,스노우 화이트,KR-2,central,50502
2024-01,VF2NCFCXRK0000693,NOV,2024,NOV-CO,1.6T 하이브리드,FWD,스틸 그레이,KR-2,southeast,40756
2024-01,VF2NCFBXRK0000694,NOV,2024,NOV-CO,1.6T 하이브리드,FWD,미드나잇 블랙,KR-2,south,40756
2024-01,VF2NPAFXRK0000695,NOV,2024,NOV-PR,1.6T 하이브리드,AWD,선셋 레드,KR-2,west,44300
2024-01,VF2NPAHXRK0000696,NOV,2024,NOV-PR,3.5 가솔린,AWD,샌드 베이지,KR-2,northeast,44300
2024-01,VF2NSADXRK0000697,NOV,2024,NOV-LO,3.5 가솔린,AWD,실버,KR-2,south,50502
2024-01,VF2NCAAXRK0000698,NOV,2024,NOV-CO,3.5 가솔린,AWD,스노우 화이트,KR-2,southeast,40756
2024-01,VF2NCACXRK0000699,NOV,2024,NOV-CO,3.5 가솔린,AWD,스틸 그레이,KR-2,south,40756
2024-01,VF2NPAAXRK0000700,NOV,2024,NOV-PR,1.6T 하이브리드,AWD,스노우 화이트,KR-2,south,44300
2024-01,VF2NPFAXRK0000701,NOV,2024,NOV-PR,3.5 가솔린,FWD,스노우 화이트,KR-2,south,44300
2024-01,VF2NCACXRK0000702,NOV,2024,NOV-CO,3.5 가솔린,AWD,스틸 그레이,KR-2,west,40756
2024-01,VF2NPFAXRK0000703,NOV,2024,NOV-PR,1.6T 하이브리드,FWD,스노우 화이트,KR-2,northeast,44300
2024-01,VF2NPFGXRK0000704,NOV,2024,NOV-PR,1.6T 하이브리드,FWD,포레스트 그린,KR-2,west,44300
2024-01,VF2NSFFXRK0000705,NOV,2024,NOV-LO,3.5 가솔린,FWD,선셋 레드,KR-2,southeast,50502
2024-01,VF2NPFBXRK0000706,NOV,2024,NOV-PR,3.5 가솔린,FWD,미드나잇 블랙,KR-2,south,44300
2024-01,VF2NPAAXRK0000707,NOV,2024,NOV-PR,3.5 가솔린,AWD,스노우 화이트,KR-2,southeast,44300
2024-01,VF2NCFCXRK0000708,NOV,2024,NOV-CO,3.5 가솔린,FWD,스틸 그레이,KR-2,southeast,40756
2024-01,VF2NPACXRK0000709,NOV,2024,NOV-PR,1.6T 하이브리드,AWD,스틸 그레이,KR-2,central,44300
2024-01,VF2NSFEXRK0000710,NOV,2024,NOV-LO,3.5 가솔린,FWD,오션 블루,KR-2,central,50502
2024-01,VF2NPADXRK0000711,NOV,2024,NOV-PR,3.5 가솔린,AWD,실버,KR-2,west,44300
2024-01,VF2NCABXRK0000712,NOV,2024,NOV-CO,3.5 가솔린,AWD,미드나잇 블랙,KR-2,southeast,40756
2024-01,VF2NSFFXRK0000713,NOV,2024,NOV-LO,1.6T 하이브리드,FWD,선셋 레드,KR-2,central,50502
2024-01,VF2NCAFXRK0000714,NOV,2024,NOV-CO,3.5 가솔린,AWD,선셋 레드,KR-2,west,40756
2024-01,VF2NCAAXRK0000715,NOV,2024,NOV-CO,1.6T 하이브리드,AWD,스노우 화이트,KR-2,northeast,40756
2024-01,VF2NPAAXRK0000716,NOV,2024,NOV-PR,3.5 가솔린,AWD,스노우 화이트,KR-2,central,44300
2024-01,VF2NSAAXRK0000717,NOV,2024,NOV-LO,3.5 가솔린,AWD,스노우 화이트,KR-2,south,50502
2024-01,VF2NCFAXRK0000718,NOV,2024,NOV-CO,3.5 가솔린,FWD,스노우 화이트,KR-2,northeast,40756
2024-01,VF2NSFCXRK0000719,NOV,2024,NOV-LO,1.6T 하이브리드,FWD,스틸 그레이,KR-2,central,50502
2024-01,VF2NCFHXRK0000720,NOV,2024,NOV-CO,1.6T 하이브리드,FWD,샌드 베이지,KR-2,west,40756
2024-01,VF2NPFAXRK0000721,NOV,2024,NOV-PR,1.6T 하이브리드,FWD,스노우 화이트,KR-2,south,44300
2024-01,VF2NPFAXRK0000722,NOV,2024,NOV-PR,3.5 가솔린,FWD,스노우 화이트,KR-2,south,44300
2024-01,VF2NPFAXRK0000723,NOV,2024,NOV-PR,3.5 가솔린,FWD,스노우 화이트,KR-2,south,44300
2024-01,VF2NCFAXRK0000724,NOV,2024,NOV-CO,3.5 가솔린,FWD,스노우 화이트,KR-2,southeast,40756
2024-01,VF2NPFAXRK0000725,NOV,2024,NOV-PR,1.6T 하이브리드,FWD,스노우 화이트,KR-2,west,44300
2024-01,VF2NPFCXRK0000726,NOV,2024,NOV-PR,3.5 가솔린,FWD,스틸 그레이,KR-2,south,44300
2024-01,VF2NPFDXRK0000727,NOV,2024,NOV-PR,3.5 가솔린,FWD,실버,KR-2,central,44300
2024-01,VF2NSFEXRK0000728,NOV,2024,NOV-LO,3.5 가솔린,FWD,오션 블루,KR-2,southeast,50502
2024-01,VF2NPAAXRK0000729,NOV,2024,NOV-PR,3.5 가솔린,AWD,스노우 화이트,KR-2,central,44300
2024-01,VF2NPFBXRK0000730,NOV,2024,NOV-PR,3.5 가솔린,FWD,미드나잇 블랙,KR-2,west,44300
2024-01,VF2NPABXRK0000731,NOV,2024,NOV-PR,3.5 가솔린,AWD,미드나잇 블랙,KR-2,northeast,44300
2024-01,VF2NCFDXRK0000732,NOV,2024,NOV-CO,1.6T 하이브리드,FWD,실버,KR-2,west,40756
2024-01,VF2NPFDXRK0000733,NOV,2024,NOV-PR,3.5 가솔린,FWD,실버,KR-2,south,44300
2024-01,VF2NPFEXRK0000734,NOV,2024,NOV-PR,3.5 가솔린,FWD,오션 블루,KR-2,south,44300
2024-01,VF2NPFCXRK0000735,NOV,2024,NOV-PR,1.6T 하이브리드,FWD,스틸 그레이,KR-2,southeast,44300
2024-01,VF2NCFDXRK0000736,NOV,2024,NOV-CO,3.5 가솔린,FWD,실버,KR-2,southeast,40756
2024-01,VF2NPFAXRK0000737,NOV,2024,NOV-PR,1.6T 하이브리드,FWD,스노우 화이트,KR-2,south,44300
2024-01,VF2NCACXRK0000738,NOV,2024,NOV-CO,1.6T 하이브리드,AWD,스틸 그레이,KR-2,central,40756
2024-01,VF2NPFAXRK0000739,NOV,2024,NOV-PR,1.6T 하이브리드,FWD,스노우 화이트,KR-2,northeast,44300
2024-01,VF2NCFBXRK0000740,NOV,2024,NOV-CO,3.5 가솔린,FWD,미드나잇 블랙,KR-2,west,40756
2024-01,VF2NCFAXRK0000741,NOV,2024,NOV-CO,1.6T 하이브리드,FWD,스노우 화이트,KR-2,central,40756
2024-01,VF2NPACXRK0000742,NOV,2024,NOV-PR,1.6T 하이브리드,AWD,스틸 그레이,KR-2,central,44300
2024-01,VF2NCFGXRK0000743,NOV,2024,NOV-CO,3.5 가솔린,FWD,포레스트 그린,KR-2,south,40756
2024-01,VF2NPFAXRK0000744,NOV,2024,NOV-PR,1.6T 하이브리드,FWD,스노우 화이트,KR-2,south,44300
2024-01,VF1LCFDXRK0000745,LUM,2024,LUM-AI,스탠다드 레인지,FWD,실버,KR-1,southeast,39284
2024-01,VF1LSFCXRK0000746,LUM,2024,LUM-SP,롱레인지,FWD,스틸 그레이,KR-1,southeast,48678
2024-01,VF1LPADXRK0000747,LUM,2024,LUM-RA,스탠다드 레인지,AWD,실버,KR-1,southeast,42700
2024-01,VF1LCFDXRK0000748,LUM,2024,LUM-AI,롱레인지,FWD,실버,KR-1,west,39284
2024-01,VF1LCAEXRK0000749,LUM,2024,LUM-AI,스탠다드 레인지,AWD,오션 블루,KR-1,northeast,39284
2024-01,VF1LPAAXRK0000750,LUM,2024,LUM-RA,롱레인지,AWD,스노우 화이트,KR-1,west,42700
2024-01,VF1LPFBXRK0000751,LUM,2024,LUM-RA,스탠다드 레인지,FWD,미드나잇 블랙,KR-1,southeast,42700
2024-01,VF1LSFHXRK0000752,LUM,2024,LUM-SP,스탠다드 레인지,FWD,샌드 베이지,KR-1,west,48678
2024-01,VF1LPFBXRK0000753,LUM,2024,LUM-RA,스탠다드 레인지,FWD,미드나잇 블랙,KR-1,northeast,42700
2024-01,VF1LPAEXRK0000754,LUM,2024,LUM-RA,스탠다드 레인지,AWD,오션 블루,KR-1,central,42700
2024-01,VF1LCFCXRK0000755,LUM,2024,LUM-AI,롱레인지,FWD,스틸 그레이,KR-1,southeast,39284
2024-01,VF1LSABXRK0000756,LUM,2024,LUM-SP,스탠다드 레인지,AWD,미드나잇 블랙,KR-1,south,48678
2024-01,VF1LPFAXRK0000757,LUM,2024,LUM-RA,롱레인지,FWD,스노우 화이트,KR-1,northeast,42700
2024-01,VF1LCFAXRK0000758,LUM,2024,LUM-AI,스탠다드 레인지,FWD,스노우 화이트,KR-1,west,39284
2024-01,VF1LPFEXRK0000759,LUM,2024,LUM-RA,롱레인지,FWD,오션 블루,KR-1,central,42700
2024-01,VF1LPFCXRK0000760,LUM,2024,LUM-RA,스탠다드 레인지,FWD,스틸 그레이,KR-1,south,42700
2024-01,VF1LPFHXRK0000761,LUM,2024,LUM-RA,롱레인지,FWD,샌드 베이지,KR-1,southeast,42700
2024-01,VF1LSFAXRK0000762,LUM,2024,LUM-SP,롱레인지,FWD,스노우 화이트,KR-1,central,48678
2024-01,VF1LPADXRK0000763,LUM,2024,LUM-RA,롱레인지,AWD,실버,KR-1,west,42700
2024-01,VF1LPABXRK0000764,LUM,2024,LUM-RA,스탠다드 레인지,AWD,미드나잇 블랙,KR-1,southeast,42700
2024-01,VF1LPFEXRK0000765,LUM,2024,LUM-RA,롱레인지,FWD,오션 블루,KR-1,west,42700
2024-01,VF1LPFDXRK0000766,LUM,2024,LUM-RA,롱레인지,FWD,실버,KR-1,southeast,42700
2024-01,VF1LPFGXRK0000767,LUM,2024,LUM-RA,롱레인지,FWD,포레스트 그린,KR-1,northeast,42700
2024-01,VF1LSAGXRK0000768,LUM,2024,LUM-SP,롱레인지,AWD,포레스트 그린,KR-1,northeast,48678
2024-01,VF1LPABXRK0000769,LUM,2024,LUM-RA,스탠다드 레인지,AWD,미드나잇 블랙,KR-1,west,42700
2024-01,VF1LPFAXRK0000770,LUM,2024,LUM-RA,스탠다드 레인지,FWD,스노우 화이트,KR-1,southeast,42700
2024-01,VF1LPFCXRK0000771,LUM,2024,LUM-RA,스탠다드 레인지,FWD,스틸 그레이,KR-1,southeast,42700
2024-01,VF1LCFBXRK0000772,LUM,2024,LUM-AI,롱레인지,FWD,미드나잇 블랙,KR-1,northeast,39284
2024-01,VF1LSFCXRK0000773,LUM,2024,LUM-SP,롱레인지,FWD,스틸 그레이,KR-1,central,48678
2024-01,VF1LSFAXRK0000774,LUM,2024,LUM-SP,롱레인지,FWD,스노우 화이트,KR-1,central,48678
2024-01,VF1LPFEXRK0000775,LUM,2024,LUM-RA,스탠다드 레인지,FWD,오션 블루,KR-1,west,42700
2024-01,VF1LPABXRK0000776,LUM,2024,LUM-RA,롱레인지,AWD,미드나잇 블랙,KR-1,northeast,42700
2024-01,VF1LCFBXRK0000777,LUM,2024,LUM-AI,롱레인지,FWD,미드나잇 블랙,KR-1,northeast,39284
2024-01,VF1LCFAXRK0000778,LUM,2024,LUM-AI,스탠다드 레인지,FWD,스노우 화이트,KR-1,south,39284
2024-01,VF1LCADXRK0000779,LUM,2024,LUM-AI,스탠다드 레인지,AWD,실버,KR-1,central,39284
2024-01,VF1LPABXRK0000780,LUM,2024,LUM-RA,스탠다드 레인지,AWD,미드나잇 블랙,KR-1,southeast,42700
2024-01,VF1LCFGXRK0000781,LUM,2024,LUM-AI,롱레인지,FWD,포레스트 그린,KR-1,northeast,39284
2024-01,VF1LSAAXRK0000782,LUM,2024,LUM-SP,롱레인지,AWD,스노우 화이트,KR-1,west,48678
2024-01,VF1LCABXRK0000783,LUM,2024,LUM-AI,롱레인지,AWD,미드나잇 블랙,KR-1,northeast,39284
2024-01,VF1LPFGXRK0000784,LUM,2024,LUM-RA,롱레인지,FWD,포레스트 그린,KR-1,west,42700
2024-01,VF1LCAGXRK0000785,LUM,2024,LUM-AI,롱레인지,AWD,포레스트 그린,KR-1,south,39284
2024-01,VF1LSFCXRK0000786,LUM,2024,LUM-SP,롱레인지,FWD,스틸 그레이,KR-1,west,48678
2024-01,VF1LPFEXRK0000787,LUM,2024,LUM-RA,롱레인지,FWD,오션 블루,KR-1,south,42700
2024-01,VF1LPADXRK0000788,LUM,2024,LUM-RA,스탠다드 레인지,AWD,실버,KR-1,central,42700
2024-01,VF1LSFAXRK0000789,LUM,2024,LUM-SP,스탠다드 레인지,FWD,스노우 화이트,KR-1,west,48678
2024-01,VF1LPFAXRK0000790,LUM,2024,LUM-RA,스탠다드 레인지,FWD,스노우 화이트,KR-1,south,42700
2024-01,VF1LSFBXRK0000791,LUM,2024,LUM-SP,스탠다드 레인지,FWD,미드나잇 블랙,KR-1,southeast,48678
2024-01,VF1LPFBXRK0000792,LUM,2024,LUM-RA,스탠다드 레인지,FWD,미드나잇 블랙,KR-1,south,42700
2024-01,VF1LPACXRK0000793,LUM,2024,LUM-RA,스탠다드 레인지,AWD,스틸 그레이,KR-1,northeast,42700
2024-01,VF1LCABXRK0000794,LUM,2024,LUM-AI,스탠다드 레인지,AWD,미드나잇 블랙,KR-1,central,39284
2024-01,VF1LSAGXRK0000795,LUM,2024,LUM-SP,스탠다드 레인지,AWD,포레스트 그린,KR-1,northeast,48678
2024-01,VF1LPFFXRK0000796,LUM,2024,LUM-RA,롱레인지,FWD,선셋 레드,KR-1,south,42700
2024-01,VF1LPAAXRK0000797,LUM,2024,LUM-RA,스탠다드 레인지,AWD,스노우 화이트,KR-1,west,42700
2024-01,VF1LSFCXRK0000798,LUM,2024,LUM-SP,롱레인지,FWD,스틸 그레이,KR-1,west,48678
2024-01,VF1LSAHXRK0000799,LUM,2024,LUM-SP,롱레인지,AWD,샌드 베이지,KR-1,northeast,48678
2024-01,VF1LCACXRK0000800,LUM,2024,LUM-AI,스탠다드 레인지,AWD,스틸 그레이,KR-1,west,39284
2024-01,VF1LPAAXRK0000801,LUM,2024,LUM-RA,스탠다드 레인지,AWD,스노우 화이트,KR-1,central,42700
2024-01,VF1LCAAXRK0000802,LUM,2024,LUM-AI,롱레인지,AWD,스노우 화이트,KR-1,west,39284
2024-01,VF1LCFGXRK0000803,LUM,2024,LUM-AI,롱레인지,FWD,포레스트 그린,KR-1,northeast,39284
2024-01,VF1LPFHXRK0000804,LUM,2024,LUM-RA,스탠다드 레인지,FWD,샌드 베이지,KR-1,west,42700
2024-01,VF1LPFHXRK0000805,LUM,2024,LUM-RA,스탠다드 레인지,FWD,샌드 베이지,KR-1,southeast,42700
2024-01,VF1LCAFXRK0000806,LUM,2024,LUM-AI,롱레인지,AWD,선셋 레드,KR-1,west,39284
2024-01,VF1LPFAXRK0000807,LUM,2024,LUM-RA,스탠다드 레인지,FWD,스노우 화이트,KR-1,central,42700
2024-01,VF1LPFHXRK0000808,LUM,2024,LUM-RA,롱레인지,FWD,샌드 베이지,KR-1,west,42700
2024-01,VF1LPFBXRK0000809,LUM,2024,LUM-RA,롱레인지,FWD,미드나잇 블랙,KR-1,southeast,42700
2024-01,VF1LPFDXRK0000810,LUM,2024,LUM-RA,롱레인지,FWD,실버,KR-1,west,42700
2024-01,VF1LCAAXRK0000811,LUM,2024,LUM-AI,롱레인지,AWD,스노우 화이트,KR-1,southeast,39284
2024-01,VF1LPAEXRK0000812,LUM,2024,LUM-RA,스탠다드 레인지,AWD,오션 블루,KR-1,northeast,42700
2024-01,VF1LSAAXRK0000813,LUM,2024,LUM-SP,롱레인지,AWD,스노우 화이트,KR-1,south,48678
2024-01,VF1LSFAXRK0000814,LUM,2024,LUM-SP,스탠다드 레인지,FWD,스노우 화이트,KR-1,central,48678
2024-01,VF1LPAAXRK0000815,LUM,2024,LUM-RA,롱레인지,AWD,스노우 화이트,KR-1,west,42700
2024-01,VF1LPFDXRK0000816,LUM,2024,LUM-RA,롱레인지,FWD,실버,KR-1,southeast,42700
2024-01,VF1LPFBXRK0000817,LUM,2024,LUM-RA,롱레인지,FWD,미드나잇 블랙,KR-1,southeast,42700
2024-01,VF1LPFAXRK0000818,LUM,2024,LUM-RA,롱레인지,FWD,스노우 화이트,KR-1,southeast,42700
2024-01,VF1LSFCXRK0000819,LUM,2024,LUM-SP,롱레인지,FWD,스틸 그레이,KR-1,northeast,48678
2024-01,VF1LPAAXRK0000820,LUM,2024,LUM-RA,스탠다드 레인지,AWD,스노우 화이트,KR-1,south,42700
2024-01,VF1LCACXRK0000821,LUM,2024,LUM-AI,스탠다드 레인지,AWD,스틸 그레이,KR-1,west,39284
2024-01,VF1LPADXRK0000822,LUM,2024,LUM-RA,스탠다드 레인지,AWD,실버,KR-1,central,42700
2024-01,VF1LPADXRK0000823,LUM,2024,LUM-RA,스탠다드 레인지,AWD,실버,KR-1,west,42700
2024-01,VF1LCFEXRK0000824,LUM,2024,LUM-AI,스탠다드 레인지,FWD,오션 블루,KR-1,south,39284
2024-01,VF1LCFCXRK0000825,LUM,2024,LUM-AI,스탠다드 레인지,FWD,스틸 그레이,KR-1,southeast,39284
2024-01,VF1LCAAXRK0000826,LUM,2024,LUM-AI,스탠다드 레인지,AWD,스노우 화이트,KR-1,south,39284
2024-01,VF1LSABXRK0000827,LUM,2024,LUM-SP,롱레인지,AWD,미드나잇 블랙,KR-1,west,48678
2024-01,VF1LPABXRK0000828,LUM,2024,LUM-RA,롱레인지,AWD,미드나잇 블랙,KR-1,southeast,42700
2024-01,VF1LPFDXRK0000829,LUM,2024,LUM-RA,롱레인지,FWD,실버,KR-1,northeast,42700
2024-01,VF1LCFBXRK0000830,LUM,2024,LUM-AI,스탠다드 레인지,FWD,미드나잇 블랙,KR-1,northeast,39284
2024-01,VF1LCADXRK0000831,LUM,2024,LUM-AI,롱레인지,AWD,실버,KR-1,northeast,39284
2024-01,VF1LCADXRK0000832,LUM,2024,LUM-AI,롱레인지,AWD,실버,KR-1,central,39284
2024-01,VF1LCFCXRK0000833,LUM,2024,LUM-AI,스탠다드 레인지,FWD,스틸 그레이,KR-1,central,39284
2024-01,VF1LCFAXRK0000834,LUM,2024,LUM-AI,스탠다드 레인지,FWD,스노우 화이트,KR-1,central,39284
2024-01,VF1LCAFXRK0000835,LUM,2024,LUM-AI,스탠다드 레인지,AWD,선셋 레드,KR-1,west,39284
2024-01,VF1LSAAXRK0000836,LUM,2024,LUM-SP,스탠다드 레인지,AWD,스노우 화이트,KR-1,northeast,48678
2024-01,VF1LPFHXRK0000837,LUM,2024,LUM-RA,스탠다드 레인지,FWD,샌드 베이지,KR-1,west,42700
2024-01,VF1LPACXRK0000838,LUM,2024,LUM-RA,스탠다드 레인지,AWD,스틸 그레이,KR-1,west,42700
2024-01,VF1LPABXRK0000839,LUM,2024,LUM-RA,롱레인지,AWD,미드나잇 블랙,KR-1,west,42700
2024-01,VF1LCFCXRK0000840,LUM,2024,LUM-AI,롱레인지,FWD,스틸 그레이,KR-1,northeast,39284
2024-01,VF1LPACXRK0000841,LUM,2024,LUM-RA,롱레인지,AWD,스틸 그레이,KR-1,southeast,42700
2024-01,VF1LCFBXRK0000842,LUM,2024,LUM-AI,롱레인지,FWD,미드나잇 블랙,KR-1,southeast,39284
2024-01,VF1LPAEXRK0000843,LUM,2024,LUM-RA,롱레인지,AWD,오션 블루,KR-1,northeast,42700
2024-01,VF1LSFEXRK0000844,LUM,2024,LUM-SP,롱레인지,FWD,오션 블루,KR-1,south,48678
2024-01,VF1LPFDXRK0000845,LUM,2024,LUM-RA,롱레인지,FWD,실버,KR-1,west,42700
2024-01,VF1LCFAXRK0000846,LUM,2024,LUM-AI,롱레인지,FWD,스노우 화이트,KR-1,southeast,39284
2024-01,VF1LSFCXRK0000847,LUM,2024,LUM-SP,롱레인지,FWD,스틸 그레이,KR-1,west,48678
2024-01,VF1LCFGXRK0000848,LUM,2024,LUM-AI,스탠다드 레인지,FWD,포레스트 그린,KR-1,southeast,39284
2024-01,VF1LCAAXRK0000849,LUM,2024,LUM-AI,스탠다드 레인지,AWD,스노우 화이트,KR-1,northeast,39284
2024-01,VF1LSFAXRK0000850,LUM,2024,LUM-SP,스탠다드 레인지,FWD,스노우 화이트,KR-1,south,48678
2024-01,VF1LPFGXRK0000851,LUM,2024,LUM-RA,롱레인지,FWD,포레스트 그린,KR-1,northeast,42700
2024-01,VF1LPAEXRK0000852,LUM,2024,LUM-RA,롱레인지,AWD,오션 블루,KR-1,northeast,42700
2024-01,VF1LCFCXRK0000853,LUM,2024,LUM-AI,스탠다드 레인지,FWD,스틸 그레이,KR-1,central,39284
2024-01,VF1LPADXRK0000854,LUM,2024,LUM-RA,스탠다드 레인지,AWD,실버,KR-1,west,42700
2024-01,VF1LSFDXRK0000855,LUM,2024,LUM-SP,스탠다드 레인지,FWD,실버,KR-1,west,48678
2024-01,VF1LSFEXRK0000856,LUM,2024,LUM-SP,스탠다드 레인지,FWD,오션 블루,KR-1,southeast,48678
2024-01,VF1LCFAXRK0000857,LUM,2024,LUM-AI,스탠다드 레인지,FWD,스노우 화이트,KR-1,south,39284
2024-01,VF1LPAAXRK0000858,LUM,2024,LUM-RA,롱레인지,AWD,스노우 화이트,KR-1,central,42700
2024-01,VF1LCAAXRK0000859,LUM,2024,LUM-AI,스탠다드 레인지,AWD,스노우 화이트,KR-1,west,39284
2024-01,VF1LPAAXRK0000860,LUM,2024,LUM-RA,롱레인지,AWD,스노우 화이트,KR-1,central,42700
2024-01,VF1LPFAXRK0000861,LUM,2024,LUM-RA,스탠다드 레인지,FWD,스노우 화이트,KR-1,west,42700
2024-01,VF1LPFAXRK0000862,LUM,2024,LUM-RA,롱레인지,FWD,스노우 화이트,KR-1,south,42700
2024-01,VF1LCADXRK0000863,LUM,2024,LUM-AI,스탠다드 레인지,AWD,실버,KR-1,south,39284
2024-01,VF1LSAAXRK0000864,LUM,2024,LUM-SP,롱레인지,AWD,스노우 화이트,KR-1,southeast,48678
2024-01,VF1LSABXRK0000865,LUM,2024,LUM-SP,롱레인지,AWD,미드나잇 블랙,KR-1,central,48678
2024-01,VF1LCFBXRK0000866,LUM,2024,LUM-AI,롱레인지,FWD,미드나잇 블랙,KR-1,central,39284
2024-01,VF5MSFDXRM0001462,MRD,2024,MRD-SP,2.0 가솔린,FWD,실버,MX-MT,northeast,35568
2024-01,VF5MPFBXRM0001463,MRD,2024,MRD-PR,2.0 가솔린,FWD,미드나잇 블랙,MX-MT,south,31200
2024-01,VF5MPFCXRM0001464,MRD,2024,MRD-PR,2.0 가솔린,FWD,스틸 그레이,MX-MT,south,31200
2024-01,VF5MPABXRM0001465,MRD,2024,MRD-PR,2.0 가솔린,AWD,미드나잇 블랙,MX-MT,central,31200
2024-01,VF5MPFDXRM0001466,MRD,2024,MRD-PR,2.0 가솔린,FWD,실버,MX-MT,central,31200
2024-01,VF5MCFEXRM0001467,MRD,2024,MRD-CO,1.6T 하이브리드,FWD,오션 블루,MX-MT,west,28704
2024-01,VF5MSAAXRM0001468,MRD,2024,MRD-SP,2.0 가솔린,AWD,스노우 화이트,MX-MT,central,35568
2024-01,VF5MCFBXRM0001469,MRD,2024,MRD-CO,1.6T 하이브리드,FWD,미드나잇 블랙,MX-MT,northeast,28704
2024-01,VF5MSFDXRM0001470,MRD,2024,MRD-SP,1.6T 하이브리드,FWD,실버,MX-MT,northeast,35568
2024-01,VF5MPFBXRM0001471,MRD,2024,MRD-PR,2.0 가솔린,FWD,미드나잇 블랙,MX-MT,south,31200
2024-01,VF5MSFDXRM0001472,MRD,2024,MRD-SP,2.0 가솔린,FWD,실버,MX-MT,central,35568
2024-01,VF5MPAAXRM0001473,MRD,2024,MRD-PR,2.0 가솔린,AWD,스노우 화이트,MX-MT,south,31200
2024-01,VF5MSFEXRM0001474,MRD,2024,MRD-SP,2.0 가솔린,FWD,오션 블루,MX-MT,west,35568
2024-01,VF5MSAAXRM0001475,MRD,2024,MRD-SP,2.0 가솔린,AWD,스노우 화이트,MX-MT,northeast,35568
2024-01,VF5MPFAXRM0001476,MRD,2024,MRD-PR,2.0 가솔린,FWD,스노우 화이트,MX-MT,northeast,31200
2024-01,VF5MPAEXRM0001477,MRD,2024,MRD-PR,2.0 가솔린,AWD,오션 블루,MX-MT,southeast,31200
2024-01,VF5MCAGXRM0001478,MRD,2024,MRD-CO,2.0 가솔린,AWD,포레스트 그린,MX-MT,west,28704
2024-01,VF5MPFFXRM0001479,MRD,2024,MRD-PR,2.0 가솔린,FWD,선셋 레드,MX-MT,south,31200
2024-01,VF5MCFAXRM0001480,MRD,2024,MRD-CO,2.0 가솔린,FWD,스노우 화이트,MX-MT,south,28704
2024-01,VF5MPFEXRM0001481,MRD,2024,MRD-PR,2.0 가솔린,FWD,오션 블루,MX-MT,west,31200
2024-01,VF5MPFBXRM0001482,MRD,2024,MRD-PR,1.6T 하이브리드,FWD,미드나잇 블랙,MX-MT,central,31200
2024-01,VF5MPFAXRM0001483,MRD,2024,MRD-PR,2.0 가솔린,FWD,스노우 화이트,MX-MT,west,31200
2024-01,VF5MCAGXRM0001484,MRD,2024,MRD-CO,2.0 가솔린,AWD,포레스트 그린,MX-MT,northeast,28704
2024-01,VF5MCFCXRM0001485,MRD,2024,MRD-CO,2.0 가솔린,FWD,스틸 그레이,MX-MT,west,28704
2024-01,VF5MPFBXRM0001486,MRD,2024,MRD-PR,2.0 가솔린,FWD,미드나잇 블랙,MX-MT,northeast,31200
2024-01,VF5MPFCXRM0001487,MRD,2024,MRD-PR,2.0 가솔린,FWD,스틸 그레이,MX-MT,central,31200
2024-01,VF5MPFBXRM0001488,MRD,2024,MRD-PR,2.0 가솔린,FWD,미드나잇 블랙,MX-MT,south,31200
2024-01,VF5MCFBXRM0001489,MRD,2024,MRD-CO,2.0 가솔린,FWD,미드나잇 블랙,MX-MT,northeast,28704
2024-01,VF5MPFCXRM0001490,MRD,2024,MRD-PR,2.0 가솔린,FWD,스틸 그레이,MX-MT,south,31200
2024-01,VF5MSACXRM0001491,MRD,2024,MRD-SP,2.0 가솔린,AWD,스틸 그레이,MX-MT,west,35568
2024-01,VF5MCFDXRM0001492,MRD,2024,MRD-CO,1.6T 하이브리드,FWD,실버,MX-MT,south,28704
2024-01,VF5MCABXRM0001493,MRD,2024,MRD-CO,1.6T 하이브리드,AWD,미드나잇 블랙,MX-MT,northeast,28704
2024-01,VF5MPFHXRM0001494,MRD,2024,MRD-PR,2.0 가솔린,FWD,샌드 베이지,MX-MT,southeast,31200
2024-01,VF5MPACXRM0001495,MRD,2024,MRD-PR,1.6T 하이브리드,AWD,스틸 그레이,MX-MT,northeast,31200
2024-01,VF5MPFAXRM0001496,MRD,2024,MRD-PR,1.6T 하이브리드,FWD,스노우 화이트,MX-MT,northeast,31200
2024-01,VF5MCFEXRM0001497,MRD,2024,MRD-CO,2.0 가솔린,FWD,오션 블루,MX-MT,west,28704
2024-01,VF5MPFAXRM0001498,MRD,2024,MRD-PR,2.0 가솔린,FWD,스노우 화이트,MX-MT,central,31200
2024-01,VF5MCFBXRM0001499,MRD,2024,MRD-CO,2.0 가솔린,FWD,미드나잇 블랙,MX-MT,west,28704
2024-01,VF5MSFCXRM0001500,MRD,2024,MRD-SP,1.6T 하이브리드,FWD,스틸 그레이,MX-MT,south,35568
2024-01,VF5MCFDXRM0001501,MRD,2024,MRD-CO,1.6T 하이브리드,FWD,실버,MX-MT,south,28704
2024-01,VF5MPFFXRM0001502,MRD,2024,MRD-PR,1.6T 하이브리드,FWD,선셋 레드,MX-MT,south,31200
2024-01,VF5MSFCXRM0001503,MRD,2024,MRD-SP,2.0 가솔린,FWD,스틸 그레이,MX-MT,south,35568
2024-01,VF5MPFAXRM0001504,MRD,2024,MRD-PR,2.0 가솔린,FWD,스노우 화이트,MX-MT,central,31200
2024-01,VF5MPABXRM0001505,MRD,2024,MRD-PR,2.0 가솔린,AWD,미드나잇 블랙,MX-MT,southeast,31200
2024-01,VF5MPFBXRM0001506,MRD,2024,MRD-PR,2.0 가솔린,FWD,미드나잇 블랙,MX-MT,west,31200
2024-01,VF5MPFBXRM0001507,MRD,2024,MRD-PR,2.0 가솔린,FWD,미드나잇 블랙,MX-MT,northeast,31200
2024-01,VF5MSFAXRM0001508,MRD,2024,MRD-SP,2.0 가솔린,FWD,스노우 화이트,MX-MT,northeast,35568
2024-01,VF5MCFBXRM0001509,MRD,2024,MRD-CO,1.6T 하이브리드,FWD,미드나잇 블랙,MX-MT,central,28704
2024-01,VF5MPFCXRM0001510,MRD,2024,MRD-PR,2.0 가솔린,FWD,스틸 그레이,MX-MT,west,31200
2024-01,VF5MCFAXRM0001511,MRD,2024,MRD-CO,1.6T 하이브리드,FWD,스노우 화이트,MX-MT,south,28704
2024-01,VF5MCFBXRM0001512,MRD,2024,MRD-CO,2.0 가솔린,FWD,미드나잇 블랙,MX-MT,west,28704
2024-01,VF5MCFDXRM0001513,MRD,2024,MRD-CO,2.0 가솔린,FWD,실버,MX-MT,west,28704
2024-01,VF5MSFCXRM0001514,MRD,2024,MRD-SP,2.0 가솔린,FWD,스틸 그레이,MX-MT,southeast,35568
2024-01,VF5MPAFXRM0001515,MRD,2024,MRD-PR,2.0 가솔린,AWD,선셋 레드,MX-MT,southeast,31200
2024-01,VF5MCFBXRM0001516,MRD,2024,MRD-CO,2.0 가솔린,FWD,미드나잇 블랙,MX-MT,central,28704
2024-01,VF5MCFBXRM0001517,MRD,2024,MRD-CO,2.0 가솔린,FWD,미드나잇 블랙,MX-MT,southeast,28704
2024-01,VF5MCFAXRM0001518,MRD,2024,MRD-CO,2.0 가솔린,FWD,스노우 화이트,MX-MT,central,28704
2024-01,VF5MSFHXRM0001519,MRD,2024,MRD-SP,2.0 가솔린,FWD,샌드 베이지,MX-MT,northeast,35568
2024-01,VF5MSFBXRM0001520,MRD,2024,MRD-SP,2.0 가솔린,FWD,미드나잇 블랙,MX-MT,west,35568
2024-01,VF5MSFFXRM0001521,MRD,2024,MRD-SP,2.0 가솔린,FWD,선셋 레드,MX-MT,south,35568
2024-01,VF5MPFFXRM0001522,MRD,2024,MRD-PR,2.0 가솔린,FWD,선셋 레드,MX-MT,west,31200
2024-01,VF5MPFEXRM0001523,MRD,2024,MRD-PR,2.0 가솔린,FWD,오션 블루,MX-MT,central,31200
2024-01,VF5MCFDXRM0001524,MRD,2024,MRD-CO,2.0 가솔린,FWD,실버,MX-MT,west,28704
2024-01,VF5MPFAXRM0001525,MRD,2024,MRD-PR,1.6T 하이브리드,FWD,스노우 화이트,MX-MT,northeast,31200
2024-01,VF5MSFCXRM0001526,MRD,2024,MRD-SP,1.6T 하이브리드,FWD,스틸 그레이,MX-MT,south,35568
2024-01,VF5MPFAXRM0001527,MRD,2024,MRD-PR,2.0 가솔린,FWD,스노우 화이트,MX-MT,southeast,31200
2024-01,VF5MSFEXRM0001528,MRD,2024,MRD-SP,2.0 가솔린,FWD,오션 블루,MX-MT,southeast,35568
2024-01,VF5MPFDXRM0001529,MRD,2024,MRD-PR,2.0 가솔린,FWD,실버,MX-MT,south,31200
2024-01,VF5MCFFXRM0001530,MRD,2024,MRD-CO,2.0 가솔린,FWD,선셋 레드,MX-MT,northeast,28704
2024-01,VF5MPAAXRM0001531,MRD,2024,MRD-PR,2.0 가솔린,AWD,스노우 화이트,MX-MT,southeast,31200
2024-01,VF5MCAGXRM0001532,MRD,2024,MRD-CO,1.6T 하이브리드,AWD,포레스트 그린,MX-MT,west,28704
2024-01,VF5MPFEXRM0001533,MRD,2024,MRD-PR,1.6T 하이브리드,FWD,오션 블루,MX-MT,northeast,31200
2024-01,VF5MCFBXRM0001534,MRD,2024,MRD-CO,1.6T 하이브리드,FWD,미드나잇 블랙,MX-MT,southeast,28704
2024-01,VF5MPFFXRM0001535,MRD,2024,MRD-PR,1.6T 하이브리드,FWD,선셋 레드,MX-MT,central,31200
2024-01,VF5MPABXRM0001536,MRD,2024,MRD-PR,2.0 가솔린,AWD,미드나잇 블랙,MX-MT,west,31200
2024-01,VF5MCFCXRM0001537,MRD,2024,MRD-CO,2.0 가솔린,FWD,스틸 그레이,MX-MT,west,28704
2024-01,VF5MPFGXRM0001538,MRD,2024,MRD-PR,2.0 가솔린,FWD,포레스트 그린,MX-MT,west,31200
2024-01,VF5MPFBXRM0001539,MRD,2024,MRD-PR,2.0 가솔린,FWD,미드나잇 블랙,MX-MT,central,31200
2024-01,VF5MCAFXRM0001540,MRD,2024,MRD-CO,2.0 가솔린,AWD,선셋 레드,MX-MT,south,28704
2024-01,VF5MPFCXRM0001541,MRD,2024,MRD-PR,2.0 가솔린,FWD,스틸 그레이,MX-MT,central,31200
2024-01,VF5MPFDXRM0001542,MRD,2024,MRD-PR,1.6T 하이브리드,FWD,실버,MX-MT,west,31200
2024-01,VF5MCABXRM0001543,MRD,2024,MRD-CO,2.0 가솔린,AWD,미드나잇 블랙,MX-MT,southeast,28704
2024-01,VF5MCFAXRM0001544,MRD,2024,MRD-CO,2.0 가솔린,FWD,스노우 화이트,MX-MT,southeast,28704
2024-01,VF5MPFAXRM0001545,MRD,2024,MRD-PR,2.0 가솔린,FWD,스노우 화이트,MX-MT,southeast,31200
2024-01,VF5MSFHXRM0001546,MRD,2024,MRD-SP,2.0 가솔린,FWD,샌드 베이지,MX-MT,south,35568
2024-01,VF5MCABXRM0001547,MRD,2024,MRD-CO,2.0 가솔린,AWD,미드나잇 블랙,MX-MT,northeast,28704
2024-01,VF5MCFCXRM0001548,MRD,2024,MRD-CO,2.0 가솔린,FWD,스틸 그레이,MX-MT,south,28704
2024-01,VF5MCFCXRM0001549,MRD,2024,MRD-CO,2.0 가솔린,FWD,스틸 그레이,MX-MT,northeast,28704
2024-01,VF5MCFAXRM0001550,MRD,2024,MRD-CO,2.0 가솔린,FWD,스노우 화이트,MX-MT,southeast,28704
2024-01,VF5MSFAXRM0001551,MRD,2024,MRD-SP,2.0 가솔린,FWD,스노우 화이트,MX-MT,northeast,35568
2024-01,VF5MCFCXRM0001552,MRD,2024,MRD-CO,1.6T 하이브리드,FWD,스틸 그레이,MX-MT,central,28704
2024-01,VF5MSFCXRM0001553,MRD,2024,MRD-SP,2.0 가솔린,FWD,스틸 그레이,MX-MT,southeast,35568
2024-01,VF5MPABXRM0001554,MRD,2024,MRD-PR,1.6T 하이브리드,AWD,미드나잇 블랙,MX-MT,west,31200
2024-01,VF5MPFBXRM0001555,MRD,2024,MRD-PR,2.0 가솔린,FWD,미드나잇 블랙,MX-MT,southeast,31200
2024-01,VF5MPFBXRM0001556,MRD,2024,MRD-PR,2.0 가솔린,FWD,미드나잇 블랙,MX-MT,south,31200
2024-01,VF5MCFCXRM0001557,MRD,2024,MRD-CO,2.0 가솔린,FWD,스틸 그레이,MX-MT,south,28704
2024-01,VF5MCACXRM0001558,MRD,2024,MRD-CO,1.6T 하이브리드,AWD,스틸 그레이,MX-MT,northeast,28704
2024-01,VF5MCFFXRM0001559,MRD,2024,MRD-CO,1.6T 하이브리드,FWD,선셋 레드,MX-MT,south,28704
2024-01,VF5MPFCXRM0001560,MRD,2024,MRD-PR,2.0 가솔린,FWD,스틸 그레이,MX-MT,west,31200
2024-01,VF5MCFDXRM0001561,MRD,2024,MRD-CO,2.0 가솔린,FWD,실버,MX-MT,northeast,28704
2024-01,VF5MPFAXRM0001562,MRD,2024,MRD-PR,2.0 가솔린,FWD,스노우 화이트,MX-MT,south,31200
2024-01,VF5MSFHXRM0001563,MRD,2024,MRD-SP,2.0 가솔린,FWD,샌드 베이지,MX-MT,northeast,35568
2024-01,VF5MCFAXRM0001564,MRD,2024,MRD-CO,2.0 가솔린,FWD,스노우 화이트,MX-MT,west,28704
2024-01,VF5MCFFXRM0001565,MRD,2024,MRD-CO,1.6T 하이브리드,FWD,선셋 레드,MX-MT,northeast,28704
2024-01,VF5MSFBXRM0001566,MRD,2024,MRD-SP,2.0 가솔린,FWD,미드나잇 블랙,MX-MT,south,35568
2024-01,VF5MPFBXRM0001567,MRD,2024,MRD-PR,1.6T 하이브리드,FWD,미드나잇 블랙,MX-MT,south,31200
2024-01,VF5MCFGXRM0001568,MRD,2024,MRD-CO,1.6T 하이브리드,FWD,포레스트 그린,MX-MT,northeast,28704
2024-01,VF5MCAFXRM0001569,MRD,2024,MRD-CO,2.0 가솔린,AWD,선셋 레드,MX-MT,south,28704
2024-01,VF5MPFFXRM0001570,MRD,2024,MRD-PR,2.0 가솔린,FWD,선셋 레드,MX-MT,south,31200
2024-01,VF5MSAAXRM0001571,MRD,2024,MRD-SP,2.0 가솔린,AWD,스노우 화이트,MX-MT,southeast,35568
2024-01,VF5MPFEXRM0001572,MRD,2024,MRD-PR,2.0 가솔린,FWD,오션 블루,MX-MT,southeast,31200
2024-01,VF5MPFAXRM0001573,MRD,2024,MRD-PR,2.0 가솔린,FWD,스노우 화이트,MX-MT,south,31200
2024-01,VF5MPFFXRM0001574,MRD,2024,MRD-PR,2.0 가솔린,FWD,선셋 레드,MX-MT,south,31200
2024-01,VF5MCFAXRM0001575,MRD,2024,MRD-CO,2.0 가솔린,FWD,스노우 화이트,MX-MT,west,28704
2024-01,VF5MSFAXRM0001576,MRD,2024,MRD-SP,1.6T 하이브리드,FWD,스노우 화이트,MX-MT,northeast,35568
2024-01,VF5MPAFXRM0001577,MRD,2024,MRD-PR,1.6T 하이브리드,AWD,선셋 레드,MX-MT,northeast,31200
2024-01,VF5MPFFXRM0001578,MRD,2024,MRD-PR,2.0 가솔린,FWD,선셋 레드,MX-MT,west,31200
2024-01,VF5MPFDXRM0001579,MRD,2024,MRD-PR,2.0 가솔린,FWD,실버,MX-MT,west,31200
2024-01,VF5MPFAXRM0001580,MRD,2024,MRD-PR,1.6T 하이브리드,FWD,스노우 화이트,MX-MT,south,31200
2024-01,VF5MPAAXRM0001581,MRD,2024,MRD-PR,2.0 가솔린,AWD,스노우 화이트,MX-MT,central,31200
2024-01,VF5MPFCXRM0001582,MRD,2024,MRD-PR,2.0 가솔린,FWD,스틸 그레이,MX-MT,southeast,31200
2024-01,VF5MPAFXRM0001583,MRD,2024,MRD-PR,1.6T 하이브리드,AWD,선셋 레드,MX-MT,southeast,31200
2024-01,VF5MPFEXRM0001584,MRD,2024,MRD-PR,2.0 가솔린,FWD,오션 블루,MX-MT,south,31200
2024-01,VF5MCFBXRM0001585,MRD,2024,MRD-CO,2.0 가솔린,FWD,미드나잇 블랙,MX-MT,southeast,28704
2024-01,VF5MPFAXRM0001586,MRD,2024,MRD-PR,2.0 가솔린,FWD,스노우 화이트,MX-MT,southeast,31200
2024-01,VF5MCFDXRM0001587,MRD,2024,MRD-CO,2.0 가솔린,FWD,실버,MX-MT,west,28704
2024-01,VF5MCFCXRM0001588,MRD,2024,MRD-CO,1.6T 하이브리드,FWD,스틸 그레이,MX-MT,west,28704
2024-01,VF5MPFBXRM0001589,MRD,2024,MRD-PR,2.0 가솔린,FWD,미드나잇 블랙,MX-MT,west,31200
2024-01,VF5MPFFXRM0001590,MRD,2024,MRD-PR,2.0 가솔린,FWD,선셋 레드,MX-MT,central,31200
2024-01,VF5MCFBXRM0001591,MRD,2024,MRD-CO,2.0 가솔린,FWD,미드나잇 블랙,MX-MT,central,28704
2024-01,VF5MCFBXRM0001592,MRD,2024,MRD-CO,2.0 가솔린,FWD,미드나잇 블랙,MX-MT,central,28704
2024-01,VF5MCFEXRM0001593,MRD,2024,MRD-CO,2.0 가솔린,FWD,오션 블루,MX-MT,northeast,28704
2024-01,VF5MCFGXRM0001594,MRD,2024,MRD-CO,1.6T 하이브리드,FWD,포레스트 그린,MX-MT,southeast,28704
2024-01,VF5MPAGXRM0001595,MRD,2024,MRD-PR,2.0 가솔린,AWD,포레스트 그린,MX-MT,southeast,31200
2024-01,VF5MPFCXRM0001596,MRD,2024,MRD-PR,1.6T 하이브리드,FWD,스틸 그레이,MX-MT,central,31200
2024-01,VF5MSFCXRM0001597,MRD,2024,MRD-SP,1.6T 하이브리드,FWD,스틸 그레이,MX-MT,southeast,35568
2024-01,VF5MSFFXRM0001598,MRD,2024,MRD-SP,2.0 가솔린,FWD,선셋 레드,MX-MT,west,35568
2024-01,VF5MPACXRM0001599,MRD,2024,MRD-PR,1.6T 하이브리드,AWD,스틸 그레이,MX-MT,central,31200
2024-01,VF5MCFFXRM0001600,MRD,2024,MRD-CO,1.6T 하이브리드,FWD,선셋 레드,MX-MT,south,28704
2024-01,VF5MCFHXRM0001601,MRD,2024,MRD-CO,1.6T 하이브리드,FWD,샌드 베이지,MX-MT,southeast,28704
2024-01,VF5MPFBXRM0001602,MRD,2024,MRD-PR,1.6T 하이브리드,FWD,미드나잇 블랙,MX-MT,southeast,31200
2024-01,VF5MPAAXRM0001603,MRD,2024,MRD-PR,1.6T 하이브리드,AWD,스노우 화이트,MX-MT,west,31200
2024-01,VF5MPFCXRM0001604,MRD,2024,MRD-PR,2.0 가솔린,FWD,스틸 그레이,MX-MT,southeast,31200
2024-01,VF5MSADXRM0001605,MRD,2024,MRD-SP,2.0 가솔린,AWD,실버,MX-MT,central,35568
2024-01,VF5MPFAXRM0001606,MRD,2024,MRD-PR,2.0 가솔린,FWD,스노우 화이트,MX-MT,west,31200
2024-01,VF5MCFHXRM0001607,MRD,2024,MRD-CO,2.0 가솔린,FWD,샌드 베이지,MX-MT,northeast,28704
2024-01,VF5MSAAXRM0001608,MRD,2024,MRD-SP,2.0 가솔린,AWD,스노우 화이트,MX-MT,west,35568
2024-01,VF5MPFCXRM0001609,MRD,2024,MRD-PR,1.6T 하이브리드,FWD,스틸 그레이,MX-MT,central,31200
2024-01,VF5MPFHXRM0001610,MRD,2024,MRD-PR,2.0 가솔린,FWD,샌드 베이지,MX-MT,northeast,31200
2024-01,VF5MCFDXRM0001611,MRD,2024,MRD-CO,2.0 가솔린,FWD,실버,MX-MT,south,28704
2024-01,VF5MSFDXRM0001612,MRD,2024,MRD-SP,2.0 가솔린,FWD,실버,MX-MT,west,35568
2024-01,VF5MPFEXRM0001613,MRD,2024,MRD-PR,2.0 가솔린,FWD,오션 블루,MX-MT,south,31200
2024-01,VF5MCFDXRM0001614,MRD,2024,MRD-CO,2.0 가솔린,FWD,실버,MX-MT,west,28704
2024-01,VF5MCFAXRM0001615,MRD,2024,MRD-CO,1.6T 하이브리드,FWD,스노우 화이트,MX-MT,west,28704
2024-01,VF5MSFDXRM0001616,MRD,2024,MRD-SP,2.0 가솔린,FWD,실버,MX-MT,south,35568
2024-01,VF5MPFCXRM0001617,MRD,2024,MRD-PR,2.0 가솔린,FWD,스틸 그레이,MX-MT,central,31200
2024-01,VF5MPAAXRM0001618,MRD,2024,MRD-PR,2.0 가솔린,AWD,스노우 화이트,MX-MT,southeast,31200
2024-01,VF2NSFEXRK0001619,NOV,2024,NOV-LO,1.6T 하이브리드,FWD,오션 블루,KR-2,west,50502
2024-01,VF2NSFBXRK0001620,NOV,2024,NOV-LO,3.5 가솔린,FWD,미드나잇 블랙,KR-2,southeast,50502
2024-01,VF2NSFAXRK0001621,NOV,2024,NOV-LO,1.6T 하이브리드,FWD,스노우 화이트,KR-2,southeast,50502
2024-01,VF2NSFGXRK0001622,NOV,2024,NOV-LO,3.5 가솔린,FWD,포레스트 그린,KR-2,west,50502
2024-01,VF2NCFCXRK0001623,NOV,2024,NOV-CO,3.5 가솔린,FWD,스틸 그레이,KR-2,west,40756
2024-01,VF2NCAEXRK0001624,NOV,2024,NOV-CO,1.6T 하이브리드,AWD,오션 블루,KR-2,southeast,40756
2024-01,VF2NCFCXRK0001625,NOV,2024,NOV-CO,3.5 가솔린,FWD,스틸 그레이,KR-2,west,40756
2024-01,VF2NCACXRK0001626,NOV,2024,NOV-CO,1.6T 하이브리드,AWD,스틸 그레이,KR-2,west,40756
2024-01,VF2NCFAXRK0001627,NOV,2024,NOV-CO,3.5 가솔린,FWD,스노우 화이트,KR-2,southeast,40756
2024-01,VF2NCFCXRK0001628,NOV,2024,NOV-CO,3.5 가솔린,FWD,스틸 그레이,KR-2,west,40756
2024-01,VF2NCACXRK0001629,NOV,2024,NOV-CO,3.5 가솔린,AWD,스틸 그레이,KR-2,south,40756
2024-01,VF2NPFAXRK0001630,NOV,2024,NOV-PR,1.6T 하이브리드,FWD,스노우 화이트,KR-2,southeast,44300
2024-01,VF2NPABXRK0001631,NOV,2024,NOV-PR,3.5 가솔린,AWD,미드나잇 블랙,KR-2,west,44300
2024-01,VF2NSFBXRK0001632,NOV,2024,NOV-LO,3.5 가솔린,FWD,미드나잇 블랙,KR-2,south,50502
2024-01,VF2NSAAXRK0001633,NOV,2024,NOV-LO,3.5 가솔린,AWD,스노우 화이트,KR-2,west,50502
2024-01,VF2NPFCXRK0001634,NOV,2024,NOV-PR,1.6T 하이브리드,FWD,스틸 그레이,KR-2,west,44300
2024-01,VF2NPFBXRK0001635,NOV,2024,NOV-PR,1.6T 하이브리드,FWD,미드나잇 블랙,KR-2,northeast,44300
2024-01,VF2NPFAXRK0001636,NOV,2024,NOV-PR,1.6T 하이브리드,FWD,스노우 화이트,KR-2,south,44300
2024-01,VF2NSAEXRK0001637,NOV,2024,NOV-LO,1.6T 하이브리드,AWD,오션 블루,KR-2,west,50502
2024-01,VF2NSACXRK0001638,NOV,2024,NOV-LO,1.6T 하이브리드,AWD,스틸 그레이,KR-2,northeast,50502
2024-01,VF2NPFDXRK0001639,NOV,2024,NOV-PR,1.6T 하이브리드,FWD,실버,KR-2,southeast,44300
2024-01,VF2NPFEXRK0001640,NOV,2024,NOV-PR,3.5 가솔린,FWD,오션 블루,KR-2,northeast,44300
2024-01,VF2NSFAXRK0001641,NOV,2024,NOV-LO,1.6T 하이브리드,FWD,스노우 화이트,KR-2,south,50502
2024-01,VF2NCAAXRK0001642,NOV,2024,NOV-CO,3.5 가솔린,AWD,스노우 화이트,KR-2,west,40756
2024-01,VF2NCFAXRK0001643,NOV,2024,NOV-CO,3.5 가솔린,FWD,스노우 화이트,KR-2,south,40756
2024-01,VF2NPAEXRK0001644,NOV,2024,NOV-PR,1.6T 하이브리드,AWD,오션 블루,KR-2,southeast,44300
2024-01,VF2NPAAXRK0001645,NOV,2024,NOV-PR,1.6T 하이브리드,AWD,스노우 화이트,KR-2,west,44300
2024-01,VF2NPFDXRK0001646,NOV,2024,NOV-PR,1.6T 하이브리드,FWD,실버,KR-2,central,44300
2024-01,VF2NCADXRK0001647,NOV,2024,NOV-CO,3.5 가솔린,AWD,실버,KR-2,south,40756
2024-01,VF2NCFDXRK0001648,NOV,2024,NOV-CO,1.6T 하이브리드,FWD,실버,KR-2,northeast,40756
2024-01,VF2NSABXRK0001649,NOV,2024,NOV-LO,3.5 가솔린,AWD,미드나잇 블랙,KR-2,west,50502
2024-01,VF2NCAAXRK0001650,NOV,2024,NOV-CO,1.6T 하이브리드,AWD,스노우 화이트,KR-2,west,40756
2024-01,VF2NSAHXRK0001651,NOV,2024,NOV-LO,3.5 가솔린,AWD,샌드 베이지,KR-2,south,50502
2024-01,VF2NPFEXRK0001652,NOV,2024,NOV-PR,1.6T 하이브리드,FWD,오션 블루,KR-2,south,44300
2024-01,VF2NPFAXRK0001653,NOV,2024,NOV-PR,3.5 가솔린,FWD,스노우 화이트,KR-2,south,44300
2024-01,VF2NCABXRK0001654,NOV,2024,NOV-CO,3.5 가솔린,AWD,미드나잇 블랙,KR-2,northeast,40756
2024-01,VF2NSAGXRK0001655,NOV,2024,NOV-LO,1.6T 하이브리드,AWD,포레스트 그린,KR-2,west,50502
2024-01,VF2NCABXRK0001656,NOV,2024,NOV-CO,1.6T 하이브리드,AWD,미드나잇 블랙,KR-2,central,40756
2024-01,VF2NCFDXRK0001657,NOV,2024,NOV-CO,1.6T 하이브리드,FWD,실버,KR-2,central,40756
2024-01,VF2NCADXRK0001658,NOV,2024,NOV-CO,3.5 가솔린,AWD,실버,KR-2,west,40756
2024-01,VF2NCFCXRK0001659,NOV,2024,NOV-CO,3.5 가솔린,FWD,스틸 그레이,KR-2,northeast,40756
2024-01,VF2NPFEXRK0001660,NOV,2024,NOV-PR,3.5 가솔린,FWD,오션 블루,KR-2,northeast,44300
2024-01,VF2NSAFXRK0001661,NOV,2024,NOV-LO,1.6T 하이브리드,AWD,선셋 레드,KR-2,northeast,50502
2024-01,VF2NPFGXRK0001662,NOV,2024,NOV-PR,1.6T 하이브리드,FWD,포레스트 그린,KR-2,west,44300
2024-01,VF2NPAEXRK0001663,NOV,2024,NOV-PR,3.5 가솔린,AWD,오션 블루,KR-2,south,44300
2024-01,VF2NCAAXRK0001664,NOV,2024,NOV-CO,1.6T 하이브리드,AWD,스노우 화이트,KR-2,west,40756
2024-01,VF2NPFBXRK0001665,NOV,2024,NOV-PR,3.5 가솔린,FWD,미드나잇 블랙,KR-2,south,44300
2024-01,VF2NPFBXRK0001666,NOV,2024,NOV-PR,3.5 가솔린,FWD,미드나잇 블랙,KR-2,northeast,44300
2024-01,VF2NPFAXRK0001667,NOV,2024,NOV-PR,1.6T 하이브리드,FWD,스노우 화이트,KR-2,west,44300
2024-01,VF2NCFFXRK0001668,NOV,2024,NOV-CO,3.5 가솔린,FWD,선셋 레드,KR-2,central,40756
2024-01,VF2NPAAXRK0001669,NOV,2024,NOV-PR,3.5 가솔린,AWD,스노우 화이트,KR-2,central,44300
2024-01,VF2NPFBXRK0001670,NOV,2024,NOV-PR,3.5 가솔린,FWD,미드나잇 블랙,KR-2,south,44300
2024-01,VF2NCAAXRK0001671,NOV,2024,NOV-CO,3.5 가솔린,AWD,스노우 화이트,KR-2,west,40756
2024-01,VF2NCFAXRK0001672,NOV,2024,NOV-CO,1.6T 하이브리드,FWD,스노우 화이트,KR-2,west,40756
2024-01,VF2NCAAXRK0001673,NOV,2024,NOV-CO,1.6T 하이브리드,AWD,스노우 화이트,KR-2,northeast,40756
2024-01,VF2NPFEXRK0001674,NOV,2024,NOV-PR,3.5 가솔린,FWD,오션 블루,KR-2,south,44300
2024-01,VF2NCFBXRK0001675,NOV,2024,NOV-CO,1.6T 하이브리드,FWD,미드나잇 블랙,KR-2,south,40756
2024-01,VF2NCACXRK0001676,NOV,2024,NOV-CO,1.6T 하이브리드,AWD,스틸 그레이,KR-2,northeast,40756
2024-01,VF2NPFFXRK0001677,NOV,2024,NOV-PR,3.5 가솔린,FWD,선셋 레드,KR-2,south,44300
2024-01,VF2NCFDXRK0001678,NOV,2024,NOV-CO,3.5 가솔린,FWD,실버,KR-2,northeast,40756
2024-01,VF2NPFAXRK0001679,NOV,2024,NOV-PR,1.6T 하이브리드,FWD,스노우 화이트,KR-2,southeast,44300
2024-01,VF2NPFBXRK0001680,NOV,2024,NOV-PR,3.5 가솔린,FWD,미드나잇 블랙,KR-2,northeast,44300
2024-01,VF2NPADXRK0001681,NOV,2024,NOV-PR,1.6T 하이브리드,AWD,실버,KR-2,northeast,44300
2024-01,VF2NPFDXRK0001682,NOV,2024,NOV-PR,1.6T 하이브리드,FWD,실버,KR-2,south,44300
2024-01,VF2NPFFXRK0001683,NOV,2024,NOV-PR,3.5 가솔린,FWD,선셋 레드,KR-2,south,44300
2024-01,VF2NCAGXRK0001684,NOV,2024,NOV-CO,3.5 가솔린,AWD,포레스트 그린,KR-2,west,40756
2024-01,VF2NPABXRK0001685,NOV,2024,NOV-PR,3.5 가솔린,AWD,미드나잇 블랙,KR-2,west,44300
2024-01,VF2NPFAXRK0001686,NOV,2024,NOV-PR,3.5 가솔린,FWD,스노우 화이트,KR-2,northeast,44300
2024-01,VF2NPFBXRK0001687,NOV,2024,NOV-PR,1.6T 하이브리드,FWD,미드나잇 블랙,KR-2,south,44300
2024-01,VF2NPFEXRK0001688,NOV,2024,NOV-PR,3.5 가솔린,FWD,오션 블루,KR-2,south,44300
2024-01,VF2NCFCXRK0001689,NOV,2024,NOV-CO,3.5 가솔린,FWD,스틸 그레이,KR-2,west,40756
2024-01,VF2NCABXRK0001690,NOV,2024,NOV-CO,1.6T 하이브리드,AWD,미드나잇 블랙,KR-2,central,40756
2024-01,VF2NSABXRK0001691,NOV,2024,NOV-LO,3.5 가솔린,AWD,미드나잇 블랙,KR-2,northeast,50502
2024-01,VF2NPABXRK0001692,NOV,2024,NOV-PR,1.6T 하이브리드,AWD,미드나잇 블랙,KR-2,south,44300
2024-01,VF2NCFAXRK0001693,NOV,2024,NOV-CO,3.5 가솔린,FWD,스노우 화이트,KR-2,south,40756
2024-01,VF2NPADXRK0001694,NOV,2024,NOV-PR,3.5 가솔린,AWD,실버,KR-2,central,44300
2024-01,VF2NPFAXRK0001695,NOV,2024,NOV-PR,3.5 가솔린,FWD,스노우 화이트,KR-2,southeast,44300
2024-01,VF2NPFAXRK0001696,NOV,2024,NOV-PR,1.6T 하이브리드,FWD,스노우 화이트,KR-2,northeast,44300
2024-01,VF2NPFAXRK0001697,NOV,2024,NOV-PR,3.5 가솔린,FWD,스노우 화이트,KR-2,west,44300
2024-01,VF2NSFBXRK0001698,NOV,2024,NOV-LO,3.5 가솔린,FWD,미드나잇 블랙,KR-2,south,50502
2024-01,VF2NSFCXRK0001699,NOV,2024,NOV-LO,3.5 가솔린,FWD,스틸 그레이,KR-2,south,50502
2024-01,VF2NPFAXRK0001700,NOV,2024,NOV-PR,3.5 가솔린,FWD,스노우 화이트,KR-2,northeast,44300
2024-01,VF2NPFEXRK0001701,NOV,2024,NOV-PR,3.5 가솔린,FWD,오션 블루,KR-2,northeast,44300
2024-01,VF2NSFAXRK0001702,NOV,2024,NOV-LO,3.5 가솔린,FWD,스노우 화이트,KR-2,west,50502
2024-01,VF2NPFBXRK0001703,NOV,2024,NOV-PR,3.5 가솔린,FWD,미드나잇 블랙,KR-2,west,44300
2024-01,VF2NPFGXRK0001704,NOV,2024,NOV-PR,3.5 가솔린,FWD,포레스트 그린,KR-2,south,44300
2024-01,VF2NPFDXRK0001705,NOV,2024,NOV-PR,3.5 가솔린,FWD,실버,KR-2,west,44300
2024-01,VF2NCFAXRK0001706,NOV,2024,NOV-CO,1.6T 하이브리드,FWD,스노우 화이트,KR-2,southeast,40756
2024-01,VF2NPAFXRK0001707,NOV,2024,NOV-PR,3.5 가솔린,AWD,선셋 레드,KR-2,northeast,44300
2024-01,VF2NPFGXRK0001708,NOV,2024,NOV-PR,3.5 가솔린,FWD,포레스트 그린,KR-2,south,44300
2024-01,VF2NPFAXRK0001709,NOV,2024,NOV-PR,3.5 가솔린,FWD,스노우 화이트,KR-2,west,44300
2024-01,VF2NPAAXRK0001710,NOV,2024,NOV-PR,3.5 가솔린,AWD,스노우 화이트,KR-2,west,44300
2024-01,VF2NPFCXRK0001711,NOV,2024,NOV-PR,3.5 가솔린,FWD,스틸 그레이,KR-2,northeast,44300
2024-01,VF2NCFHXRK0001712,NOV,2024,NOV-CO,3.5 가솔린,FWD,샌드 베이지,KR-2,west,40756
2024-01,VF2NPAAXRK0001713,NOV,2024,NOV-PR,3.5 가솔린,AWD,스노우 화이트,KR-2,south,44300
2024-01,VF2NSACXRK0001714,NOV,2024,NOV-LO,3.5 가솔린,AWD,스틸 그레이,KR-2,west,50502
2024-01,VF2NPACXRK0001715,NOV,2024,NOV-PR,3.5 가솔린,AWD,스틸 그레이,KR-2,central,44300
2024-01,VF2NPFDXRK0001716,NOV,2024,NOV-PR,3.5 가솔린,FWD,실버,KR-2,south,44300
2024-01,VF2NCFCXRK0001717,NOV,2024,NOV-CO,1.6T 하이브리드,FWD,스틸 그레이,KR-2,west,40756
2024-01,VF2NPFAXRK0001718,NOV,2024,NOV-PR,1.6T 하이브리드,FWD,스노우 화이트,KR-2,west,44300
2024-01,VF2NCAAXRK0001719,NOV,2024,NOV-CO,3.5 가솔린,AWD,스노우 화이트,KR-2,south,40756
2024-01,VF2NSADXRK0001720,NOV,2024,NOV-LO,1.6T 하이브리드,AWD,실버,KR-2,central,50502
2024-01,VF2NPFBXRK0001721,NOV,2024,NOV-PR,3.5 가솔린,FWD,미드나잇 블랙,KR-2,west,44300
2024-01,VF2NCADXRK0001722,NOV,2024,NOV-CO,1.6T 하이브리드,AWD,실버,KR-2,south,40756
2024-01,VF2NCFDXRK0001723,NOV,2024,NOV-CO,1.6T 하이브리드,FWD,실버,KR-2,central,40756
2024-01,VF2NCFHXRK0001724,NOV,2024,NOV-CO,1.6T 하이브리드,FWD,샌드 베이지,KR-2,northeast,40756
2024-01,VF2NCFAXRK0001725,NOV,2024,NOV-CO,3.5 가솔린,FWD,스노우 화이트,KR-2,northeast,40756
2024-01,VF2NCFDXRK0001726,NOV,2024,NOV-CO,3.5 가솔린,FWD,실버,KR-2,central,40756
2024-01,VF2NCFCXRK0001727,NOV,2024,NOV-CO,3.5 가솔린,FWD,스틸 그레이,KR-2,southeast,40756
2024-01,VF2NCFCXRK0001728,NOV,2024,NOV-CO,1.6T 하이브리드,FWD,스틸 그레이,KR-2,south,40756
2024-01,VF2NCABXRK0001729,NOV,2024,NOV-CO,3.5 가솔린,AWD,미드나잇 블랙,KR-2,southeast,40756
2024-01,VF2NPAAXRK0001730,NOV,2024,NOV-PR,1.6T 하이브리드,AWD,스노우 화이트,KR-2,south,44300
2024-01,VF2NCFAXRK0001731,NOV,2024,NOV-CO,3.5 가솔린,FWD,스노우 화이트,KR-2,northeast,40756
2024-01,VF2NCFAXRK0001732,NOV,2024,NOV-CO,3.5 가솔린,FWD,스노우 화이트,KR-2,northeast,40756
2024-01,VF2NSAFXRK0001733,NOV,2024,NOV-LO,3.5 가솔린,AWD,선셋 레드,KR-2,southeast,50502
2024-01,VF2NSFFXRK0001734,NOV,2024,NOV-LO,3.5 가솔린,FWD,선셋 레드,KR-2,west,50502
2024-01,VF2NCFGXRK0001735,NOV,2024,NOV-CO,3.5 가솔린,FWD,포레스트 그린,KR-2,south,40756
2024-01,VF2NCFFXRK0001736,NOV,2024,NOV-CO,3.5 가솔린,FWD,선셋 레드,KR-2,south,40756
2024-01,VF2NPFBXRK0001737,NOV,2024,NOV-PR,3.5 가솔린,FWD,미드나잇 블랙,KR-2,southeast,44300
2024-01,VF2NCFFXRK0001738,NOV,2024,NOV-CO,3.5 가솔린,FWD,선셋 레드,KR-2,southeast,40756
2024-01,VF2NPFBXRK0001739,NOV,2024,NOV-PR,3.5 가솔린,FWD,미드나잇 블랙,KR-2,central,44300
2024-01,VF2NSACXRK0001740,NOV,2024,NOV-LO,3.5 가솔린,AWD,스틸 그레이,KR-2,southeast,50502
2024-01,VF2NPABXRK0001741,NOV,2024,NOV-PR,3.5 가솔린,AWD,미드나잇 블랙,KR-2,west,44300
2024-01,VF2NSFDXRK0001742,NOV,2024,NOV-LO,3.5 가솔린,FWD,실버,KR-2,west,50502
2024-01,VF2NPABXRK0001743,NOV,2024,NOV-PR,3.5 가솔린,AWD,미드나잇 블랙,KR-2,northeast,44300
2024-01,VF2NPFFXRK0001744,NOV,2024,NOV-PR,1.6T 하이브리드,FWD,선셋 레드,KR-2,south,44300
2024-01,VF2NSAGXRK0001745,NOV,2024,NOV-LO,3.5 가솔린,AWD,포레스트 그린,KR-2,south,50502
2024-01,VF2NCFHXRK0001746,NOV,2024,NOV-CO,3.5 가솔린,FWD,샌드 베이지,KR-2,southeast,40756
2024-01,VF2NCAAXRK0001747,NOV,2024,NOV-CO,3.5 가솔린,AWD,스노우 화이트,KR-2,west,40756
2024-01,VF2NCABXRK0001748,NOV,2024,NOV-CO,3.5 가솔린,AWD,미드나잇 블랙,KR-2,west,40756
2024-01,VF2NCFBXRK0001749,NOV,2024,NOV-CO,3.5 가솔린,FWD,미드나잇 블랙,KR-2,southeast,40756
2024-01,VF2NSACXRK0001750,NOV,2024,NOV-LO,1.6T 하이브리드,AWD,스틸 그레이,KR-2,west,50502
2024-01,VF2NCFGXRK0001751,NOV,2024,NOV-CO,3.5 가솔린,FWD,포레스트 그린,KR-2,south,40756
2024-01,VF2NCFDXRK0001752,NOV,2024,NOV-CO,1.6T 하이브리드,FWD,실버,KR-2,southeast,40756
2024-01,VF2NPAEXRK0001753,NOV,2024,NOV-PR,1.6T 하이브리드,AWD,오션 블루,KR-2,south,44300
2024-01,VF2NCFFXRK0001754,NOV,2024,NOV-CO,3.5 가솔린,FWD,선셋 레드,KR-2,central,40756
2024-01,VF2NCAHXRK0001755,NOV,2024,NOV-CO,3.5 가솔린,AWD,샌드 베이지,KR-2,west,40756
2024-01,VF2NPFFXRK0001756,NOV,2024,NOV-PR,3.5 가솔린,FWD,선셋 레드,KR-2,northeast,44300
2024-01,VF2NPFEXRK0001757,NOV,2024,NOV-PR,3.5 가솔린,FWD,오션 블루,KR-2,southeast,44300
2024-01,VF2NPFHXRK0001758,NOV,2024,NOV-PR,3.5 가솔린,FWD,샌드 베이지,KR-2,west,44300
2024-01,VF1LPFDXRK0001759,LUM,2024,LUM-RA,롱레인지,FWD,실버,KR-1,west,42700
2024-01,VF1LPAFXRK0001760,LUM,2024,LUM-RA,롱레인지,AWD,선셋 레드,KR-1,south,42700
2024-01,VF1LCFHXRK0001761,LUM,2024,LUM-AI,롱레인지,FWD,샌드 베이지,KR-1,west,39284
2024-01,VF1LSADXRK0001762,LUM,2024,LUM-SP,롱레인지,AWD,실버,KR-1,south,48678
2024-01,VF1LCACXRK0001763,LUM,2024,LUM-AI,스탠다드 레인지,AWD,스틸 그레이,KR-1,northeast,39284
2024-01,VF1LPABXRK0001764,LUM,2024,LUM-RA,롱레인지,AWD,미드나잇 블랙,KR-1,west,42700
2024-01,VF1LPAAXRK0001765,LUM,2024,LUM-RA,스탠다드 레인지,AWD,스노우 화이트,KR-1,northeast,42700
2024-01,VF1LCFBXRK0001766,LUM,2024,LUM-AI,스탠다드 레인지,FWD,미드나잇 블랙,KR-1,southeast,39284
2024-01,VF1LCABXRK0001767,LUM,2024,LUM-AI,롱레인지,AWD,미드나잇 블랙,KR-1,northeast,39284
2024-01,VF1LPAAXRK0001768,LUM,2024,LUM-RA,롱레인지,AWD,스노우 화이트,KR-1,west,42700
2024-01,VF1LCABXRK0001769,LUM,2024,LUM-AI,롱레인지,AWD,미드나잇 블랙,KR-1,west,39284
2024-01,VF1LSFEXRK0001770,LUM,2024,LUM-SP,스탠다드 레인지,FWD,오션 블루,KR-1,northeast,48678
2024-01,VF1LSAAXRK0001771,LUM,2024,LUM-SP,롱레인지,AWD,스노우 화이트,KR-1,west,48678
2024-01,VF1LCABXRK0001772,LUM,2024,LUM-AI,스탠다드 레인지,AWD,미드나잇 블랙,KR-1,northeast,39284
2024-01,VF1LCFCXRK0001773,LUM,2024,LUM-AI,롱레인지,FWD,스틸 그레이,KR-1,west,39284
2024-01,VF1LCFAXRK0001774,LUM,2024,LUM-AI,스탠다드 레인지,FWD,스노우 화이트,KR-1,northeast,39284
2024-01,VF1LPAEXRK0001775,LUM,2024,LUM-RA,롱레인지,AWD,오션 블루,KR-1,northeast,42700
2024-01,VF1LCAFXRK0001776,LUM,2024,LUM-AI,롱레인지,AWD,선셋 레드,KR-1,northeast,39284
2024-01,VF1LCFAXRK0001777,LUM,2024,LUM-AI,롱레인지,FWD,스노우 화이트,KR-1,west,39284
2024-01,VF1LCFBXRK0001778,LUM,2024,LUM-AI,롱레인지,FWD,미드나잇 블랙,KR-1,west,39284
2024-01,VF1LSFFXRK0001779,LUM,2024,LUM-SP,스탠다드 레인지,FWD,선셋 레드,KR-1,south,48678
2024-01,VF1LPAAXRK0001780,LUM,2024,LUM-RA,스탠다드 레인지,AWD,스노우 화이트,KR-1,southeast,42700
2024-01,VF1LCAHXRK0001781,LUM,2024,LUM-AI,롱레인지,AWD,샌드 베이지,KR-1,southeast,39284
2024-01,VF1LCAFXRK0001782,LUM,2024,LUM-AI,롱레인지,AWD,선셋 레드,KR-1,central,39284
2024-01,VF1LCFFXRK0001783,LUM,2024,LUM-AI,스탠다드 레인지,FWD,선셋 레드,KR-1,southeast,39284
2024-01,VF1LPFAXRK0001784,LUM,2024,LUM-RA,롱레인지,FWD,스노우 화이트,KR-1,west,42700
2024-01,VF1LPAGXRK0001785,LUM,2024,LUM-RA,롱레인지,AWD,포레스트 그린,KR-1,southeast,42700
2024-01,VF1LPAFXRK0001786,LUM,2024,LUM-RA,롱레인지,AWD,선셋 레드,KR-1,northeast,42700
2024-01,VF1LPFHXRK0001787,LUM,2024,LUM-RA,스탠다드 레인지,FWD,샌드 베이지,KR-1,south,42700
2024-01,VF1LCFFXRK0001788,LUM,2024,LUM-AI,스탠다드 레인지,FWD,선셋 레드,KR-1,west,39284
2024-01,VF1LSAAXRK0001789,LUM,2024,LUM-SP,롱레인지,AWD,스노우 화이트,KR-1,northeast,48678
2024-01,VF1LCAGXRK0001790,LUM,2024,LUM-AI,롱레인지,AWD,포레스트 그린,KR-1,west,39284
2024-01,VF1LSABXRK0001791,LUM,2024,LUM-SP,롱레인지,AWD,미드나잇 블랙,KR-1,central,48678
2024-01,VF1LCACXRK0001792,LUM,2024,LUM-AI,롱레인지,AWD,스틸 그레이,KR-1,south,39284
2024-01,VF1LCAFXRK0001793,LUM,2024,LUM-AI,롱레인지,AWD,선셋 레드,KR-1,northeast,39284
2024-01,VF1LPFCXRK0001794,LUM,2024,LUM-RA,스탠다드 레인지,FWD,스틸 그레이,KR-1,central,42700
2024-01,VF1LCAAXRK0001795,LUM,2024,LUM-AI,롱레인지,AWD,스노우 화이트,KR-1,west,39284
2024-01,VF1LSAFXRK0001796,LUM,2024,LUM-SP,스탠다드 레인지,AWD,선셋 레드,KR-1,northeast,48678
2024-01,VF1LSFBXRK0001797,LUM,2024,LUM-SP,롱레인지,FWD,미드나잇 블랙,KR-1,west,48678
2024-01,VF1LSAFXRK0001798,LUM,2024,LUM-SP,롱레인지,AWD,선셋 레드,KR-1,west,48678
2024-01,VF1LPAAXRK0001799,LUM,2024,LUM-RA,스탠다드 레인지,AWD,스노우 화이트,KR-1,west,42700
2024-01,VF1LSAEXRK0001800,LUM,2024,LUM-SP,롱레인지,AWD,오션 블루,KR-1,west,48678
2024-01,VF1LPFFXRK0001801,LUM,2024,LUM-RA,롱레인지,FWD,선셋 레드,KR-1,west,42700
2024-01,VF1LPFEXRK0001802,LUM,2024,LUM-RA,롱레인지,FWD,오션 블루,KR-1,south,42700
2024-01,VF1LCFBXRK0001803,LUM,2024,LUM-AI,롱레인지,FWD,미드나잇 블랙,KR-1,southeast,39284
2024-01,VF1LCFCXRK0001804,LUM,2024,LUM-AI,롱레인지,FWD,스틸 그레이,KR-1,south,39284
2024-01,VF1LPFGXRK0001805,LUM,2024,LUM-RA,롱레인지,FWD,포레스트 그린,KR-1,west,42700
2024-01,VF1LPFBXRK0001806,LUM,2024,LUM-RA,롱레인지,FWD,미드나잇 블랙,KR-1,northeast,42700
2024-01,VF1LPFGXRK0001807,LUM,2024,LUM-RA,스탠다드 레인지,FWD,포레스트 그린,KR-1,west,42700
2024-01,VF1LCFBXRK0001808,LUM,2024,LUM-AI,롱레인지,FWD,미드나잇 블랙,KR-1,west,39284
2024-01,VF1LCAFXRK0001809,LUM,2024,LUM-AI,스탠다드 레인지,AWD,선셋 레드,KR-1,west,39284
2024-01,VF1LCFEXRK0001810,LUM,2024,LUM-AI,롱레인지,FWD,오션 블루,KR-1,northeast,39284
2024-01,VF1LPAAXRK0001811,LUM,2024,LUM-RA,롱레인지,AWD,스노우 화이트,KR-1,west,42700
2024-01,VF1LCAFXRK0001812,LUM,2024,LUM-AI,롱레인지,AWD,선셋 레드,KR-1,west,39284
2024-01,VF1LSAAXRK0001813,LUM,2024,LUM-SP,롱레인지,AWD,스노우 화이트,KR-1,northeast,48678
2024-01,VF1LCAAXRK0001814,LUM,2024,LUM-AI,롱레인지,AWD,스노우 화이트,KR-1,south,39284
2024-01,VF1LCACXRK0001815,LUM,2024,LUM-AI,스탠다드 레인지,AWD,스틸 그레이,KR-1,west,39284
2024-01,VF1LSFCXRK0001816,LUM,2024,LUM-SP,롱레인지,FWD,스틸 그레이,KR-1,west,48678
2024-01,VF1LCFDXRK0001817,LUM,2024,LUM-AI,롱레인지,FWD,실버,KR-1,south,39284
2024-01,VF1LPABXRK0001818,LUM,2024,LUM-RA,스탠다드 레인지,AWD,미드나잇 블랙,KR-1,west,42700
2024-01,VF1LPFHXRK0001819,LUM,2024,LUM-RA,스탠다드 레인지,FWD,샌드 베이지,KR-1,west,42700
2024-01,VF1LSFBXRK0001820,LUM,2024,LUM-SP,롱레인지,FWD,미드나잇 블랙,KR-1,southeast,48678
2024-01,VF1LPFEXRK0001821,LUM,2024,LUM-RA,롱레인지,FWD,오션 블루,KR-1,south,42700
2024-01,VF1LCFBXRK0001822,LUM,2024,LUM-AI,롱레인지,FWD,미드나잇 블랙,KR-1,central,39284
2024-01,VF1LSFDXRK0001823,LUM,2024,LUM-SP,스탠다드 레인지,FWD,실버,KR-1,south,48678
2024-01,VF1LPFCXRK0001824,LUM,2024,LUM-RA,스탠다드 레인지,FWD,스틸 그레이,KR-1,southeast,42700
2024-01,VF1LPFCXRK0001825,LUM,2024,LUM-RA,스탠다드 레인지,FWD,스틸 그레이,KR-1,south,42700
2024-01,VF1LPABXRK0001826,LUM,2024,LUM-RA,롱레인지,AWD,미드나잇 블랙,KR-1,west,42700
2024-01,VF1LPAEXRK0001827,LUM,2024,LUM-RA,스탠다드 레인지,AWD,오션 블루,KR-1,west,42700
2024-01,VF1LCFCXRK0001828,LUM,2024,LUM-AI,롱레인지,FWD,스틸 그레이,KR-1,northeast,39284
2024-01,VF1LCFCXRK0001829,LUM,2024,LUM-AI,스탠다드 레인지,FWD,스틸 그레이,KR-1,south,39284
2024-01,VF1LPFBXRK0001830,LUM,2024,LUM-RA,롱레인지,FWD,미드나잇 블랙,KR-1,central,42700
2024-01,VF1LCFDXRK0001831,LUM,2024,LUM-AI,롱레인지,FWD,실버,KR-1,northeast,39284
2024-01,VF1LSABXRK0001832,LUM,2024,LUM-SP,스탠다드 레인지,AWD,미드나잇 블랙,KR-1,south,48678
2024-01,VF1LPADXRK0001833,LUM,2024,LUM-RA,스탠다드 레인지,AWD,실버,KR-1,southeast,42700
2024-01,VF1LPAHXRK0001834,LUM,2024,LUM-RA,롱레인지,AWD,샌드 베이지,KR-1,northeast,42700
2024-01,VF1LCACXRK0001835,LUM,2024,LUM-AI,스탠다드 레인지,AWD,스틸 그레이,KR-1,northeast,39284
2024-01,VF1LSAFXRK0001836,LUM,2024,LUM-SP,스탠다드 레인지,AWD,선셋 레드,KR-1,southeast,48678
2024-01,VF1LPFCXRK0001837,LUM,2024,LUM-RA,스탠다드 레인지,FWD,스틸 그레이,KR-1,south,42700
2024-01,VF1LCFHXRK0001838,LUM,2024,LUM-AI,스탠다드 레인지,FWD,샌드 베이지,KR-1,southeast,39284
2024-01,VF1LSFAXRK0001839,LUM,2024,LUM-SP,롱레인지,FWD,스노우 화이트,KR-1,central,48678
2024-01,VF1LPFAXRK0001840,LUM,2024,LUM-RA,롱레인지,FWD,스노우 화이트,KR-1,south,42700
2024-01,VF1LPFGXRK0001841,LUM,2024,LUM-RA,롱레인지,FWD,포레스트 그린,KR-1,south,42700
2024-01,VF1LCAFXRK0001842,LUM,2024,LUM-AI,롱레인지,AWD,선셋 레드,KR-1,northeast,39284
2024-01,VF1LPACXRK0001843,LUM,2024,LUM-RA,롱레인지,AWD,스틸 그레이,KR-1,northeast,42700
2024-01,VF1LCFCXRK0001844,LUM,2024,LUM-AI,롱레인지,FWD,스틸 그레이,KR-1,south,39284
2024-01,VF1LPFDXRK0001845,LUM,2024,LUM-RA,롱레인지,FWD,실버,KR-1,northeast,42700
2024-01,VF1LPAAXRK0001846,LUM,2024,LUM-RA,스탠다드 레인지,AWD,스노우 화이트,KR-1,south,42700
2024-01,VF1LCFCXRK0001847,LUM,2024,LUM-AI,스탠다드 레인지,FWD,스틸 그레이,KR-1,south,39284
2024-01,VF1LCFHXRK0001848,LUM,2024,LUM-AI,롱레인지,FWD,샌드 베이지,KR-1,northeast,39284
2024-01,VF1LPFAXRK0001849,LUM,2024,LUM-RA,롱레인지,FWD,스노우 화이트,KR-1,west,42700
2024-01,VF1LPFCXRK0001850,LUM,2024,LUM-RA,롱레인지,FWD,스틸 그레이,KR-1,west,42700
2024-01,VF1LPAAXRK0001851,LUM,2024,LUM-RA,스탠다드 레인지,AWD,스노우 화이트,KR-1,northeast,42700
2024-01,VF1LPFGXRK0001852,LUM,2024,LUM-RA,스탠다드 레인지,FWD,포레스트 그린,KR-1,central,42700
2024-01,VF1LCFBXRK0001853,LUM,2024,LUM-AI,롱레인지,FWD,미드나잇 블랙,KR-1,central,39284
2024-01,VF1LCAEXRK0001854,LUM,2024,LUM-AI,롱레인지,AWD,오션 블루,KR-1,west,39284
2024-01,VF1LPFEXRK0001855,LUM,2024,LUM-RA,롱레인지,FWD,오션 블루,KR-1,south,42700
2024-01,VF1LCACXRK0001856,LUM,2024,LUM-AI,롱레인지,AWD,스틸 그레이,KR-1,west,39284
2024-01,VF1LCADXRK0001857,LUM,2024,LUM-AI,스탠다드 레인지,AWD,실버,KR-1,southeast,39284
2024-01,VF1LCAGXRK0001858,LUM,2024,LUM-AI,롱레인지,AWD,포레스트 그린,KR-1,northeast,39284
2024-01,VF1LSAFXRK0001859,LUM,2024,LUM-SP,스탠다드 레인지,AWD,선셋 레드,KR-1,west,48678
2024-01,VF1LCFDXRK0001860,LUM,2024,LUM-AI,롱레인지,FWD,실버,KR-1,west,39284
2024-01,VF1LPFGXRK0001861,LUM,2024,LUM-RA,스탠다드 레인지,FWD,포레스트 그린,KR-1,west,42700
2024-01,VF1LPFBXRK0001862,LUM,2024,LUM-RA,스탠다드 레인지,FWD,미드나잇 블랙,KR-1,south,42700
2024-01,VF1LCFDXRK0001863,LUM,2024,LUM-AI,스탠다드 레인지,FWD,실버,KR-1,central,39284
2024-01,VF1LPACXRK0001864,LUM,2024,LUM-RA,롱레인지,AWD,스틸 그레이,KR-1,central,42700
2024-01,VF1LPABXRK0001865,LUM,2024,LUM-RA,롱레인지,AWD,미드나잇 블랙,KR-1,west,42700
2024-01,VF1LSFCXRK0001866,LUM,2024,LUM-SP,스탠다드 레인지,FWD,스틸 그레이,KR-1,central,48678
2024-01,VF1LCFGXRK0001867,LUM,2024,LUM-AI,롱레인지,FWD,포레스트 그린,KR-1,west,39284
2024-01,VF1LCABXRK0001868,LUM,2024,LUM-AI,롱레인지,AWD,미드나잇 블랙,KR-1,south,39284
2024-01,VF1LSABXRK0001869,LUM,2024,LUM-SP,스탠다드 레인지,AWD,미드나잇 블랙,KR-1,west,48678
2024-01,VF1LCFBXRK0001870,LUM,2024,LUM-AI,스탠다드 레인지,FWD,미드나잇 블랙,KR-1,west,39284
2024-01,VF1LPFHXRK0001871,LUM,2024,LUM-RA,롱레인지,FWD,샌드 베이지,KR-1,south,42700
2024-01,VF1LPFFXRK0001872,LUM,2024,LUM-RA,스탠다드 레인지,FWD,선셋 레드,KR-1,west,42700
2024-01,VF1LPFFXRK0001873,LUM,2024,LUM-RA,롱레인지,FWD,선셋 레드,KR-1,west,42700
2024-01,VF1LPAEXRK0001874,LUM,2024,LUM-RA,롱레인지,AWD,오션 블루,KR-1,west,42700
2024-01,VF1LSFAXRK0001875,LUM,2024,LUM-SP,롱레인지,FWD,스노우 화이트,KR-1,west,48678
2024-01,VF1LSFEXRK0001876,LUM,2024,LUM-SP,롱레인지,FWD,오션 블루,KR-1,west,48678
2024-01,VF1LPFBXRK0001877,LUM,2024,LUM-RA,롱레인지,FWD,미드나잇 블랙,KR-1,southeast,42700
2024-01,VF1LSAFXRK0001878,LUM,2024,LUM-SP,롱레인지,AWD,선셋 레드,KR-1,west,48678
2024-01,VF1LPAGXRK0001879,LUM,2024,LUM-RA,스탠다드 레인지,AWD,포레스트 그린,KR-1,west,42700
2024-01,VF1LPFGXRK0001880,LUM,2024,LUM-RA,스탠다드 레인지,FWD,포레스트 그린,KR-1,west,42700
2024-01,VF1LPFCXRK0001881,LUM,2024,LUM-RA,롱레인지,FWD,스틸 그레이,KR-1,southeast,42700
2024-01,VF1LCACXRK0001882,LUM,2024,LUM-AI,스탠다드 레인지,AWD,스틸 그레이,KR-1,central,39284
2024-01,VF1LSFGXRK0001883,LUM,2024,LUM-SP,스탠다드 레인지,FWD,포레스트 그린,KR-1,southeast,48678
2024-01,VF1LCADXRK0001884,LUM,2024,LUM-AI,롱레인지,AWD,실버,KR-1,west,39284
2024-01,VF1LPFEXRK0001885,LUM,2024,LUM-RA,스탠다드 레인지,FWD,오션 블루,KR-1,south,42700
2024-01,VF1LSAAXRK0001886,LUM,2024,LUM-SP,스탠다드 레인지,AWD,스노우 화이트,KR-1,northeast,48678
2024-01,VF1LCFAXRK0001887,LUM,2024,LUM-AI,롱레인지,FWD,스노우 화이트,KR-1,south,39284
2024-01,VF1LSAFXRK0001888,LUM,2024,LUM-SP,스탠다드 레인지,AWD,선셋 레드,KR-1,northeast,48678
2024-01,VF1LCFCXRK0001889,LUM,2024,LUM-AI,스탠다드 레인지,FWD,스틸 그레이,KR-1,south,39284
2024-01,VF1LCFBXRK0001890,LUM,2024,LUM-AI,롱레인지,FWD,미드나잇 블랙,KR-1,southeast,39284
2024-01,VF1LSFGXRK0001891,LUM,2024,LUM-SP,롱레인지,FWD,포레스트 그린,KR-1,central,48678
2024-01,VF1LSFDXRK0001892,LUM,2024,LUM-SP,롱레인지,FWD,실버,KR-1,west,48678
2024-01,VF1LSAAXRK0001893,LUM,2024,LUM-SP,롱레인지,AWD,스노우 화이트,KR-1,southeast,48678
2024-01,VF1LCFBXRK0001894,LUM,2024,LUM-AI,롱레인지,FWD,미드나잇 블랙,KR-1,west,39284
2024-01,VF2NSABXRK0002902,NOV,2024,NOV-LO,1.6T 하이브리드,AWD,미드나잇 블랙,KR-2,south,50502
2024-01,VF2NPFDXRK0002903,NOV,2024,NOV-PR,3.5 가솔린,FWD,실버,KR-2,west,44300
2024-01,VF2NPFDXRK0002904,NOV,2024,NOV-PR,1.6T 하이브리드,FWD,실버,KR-2,south,44300
2024-01,VF2NCFAXRK0002905,NOV,2024,NOV-CO,3.5 가솔린,FWD,스노우 화이트,KR-2,west,40756
2024-01,VF2NPFEXRK0002906,NOV,2024,NOV-PR,3.5 가솔린,FWD,오션 블루,KR-2,southeast,44300
2024-01,VF2NPFDXRK0002907,NOV,2024,NOV-PR,3.5 가솔린,FWD,실버,KR-2,southeast,44300
2024-01,VF2NCAAXRK0002908,NOV,2024,NOV-CO,3.5 가솔린,AWD,스노우 화이트,KR-2,south,40756
2024-01,VF2NPACXRK0002909,NOV,2024,NOV-PR,3.5 가솔린,AWD,스틸 그레이,KR-2,central,44300
2024-01,VF2NPFAXRK0002910,NOV,2024,NOV-PR,3.5 가솔린,FWD,스노우 화이트,KR-2,northeast,44300
2024-01,VF2NSAEXRK0002911,NOV,2024,NOV-LO,3.5 가솔린,AWD,오션 블루,KR-2,southeast,50502
2024-01,VF2NCFAXRK0002912,NOV,2024,NOV-CO,3.5 가솔린,FWD,스노우 화이트,KR-2,northeast,40756
2024-01,VF2NCFFXRK0002913,NOV,2024,NOV-CO,3.5 가솔린,FWD,선셋 레드,KR-2,south,40756
2024-01,VF2NSADXRK0002914,NOV,2024,NOV-LO,3.5 가솔린,AWD,실버,KR-2,northeast,50502
2024-01,VF2NCFCXRK0002915,NOV,2024,NOV-CO,1.6T 하이브리드,FWD,스틸 그레이,KR-2,central,40756
2024-01,VF2NSABXRK0002916,NOV,2024,NOV-LO,1.6T 하이브리드,AWD,미드나잇 블랙,KR-2,central,50502
2024-01,VF2NPABXRK0002917,NOV,2024,NOV-PR,3.5 가솔린,AWD,미드나잇 블랙,KR-2,west,44300
2024-01,VF2NSFDXRK0002918,NOV,2024,NOV-LO,1.6T 하이브리드,FWD,실버,KR-2,northeast,50502
2024-01,VF2NPAAXRK0002919,NOV,2024,NOV-PR,3.5 가솔린,AWD,스노우 화이트,KR-2,northeast,44300
2024-01,VF2NCFAXRK0002920,NOV,2024,NOV-CO,1.6T 하이브리드,FWD,스노우 화이트,KR-2,northeast,40756
2024-01,VF2NPFCXRK0002921,NOV,2024,NOV-PR,1.6T 하이브리드,FWD,스틸 그레이,KR-2,southeast,44300
2024-01,VF2NPAAXRK0002922,NOV,2024,NOV-PR,3.5 가솔린,AWD,스노우 화이트,KR-2,south,44300
2024-01,VF2NCABXRK0002923,NOV,2024,NOV-CO,3.5 가솔린,AWD,미드나잇 블랙,KR-2,central,40756
2024-01,VF2NPFBXRK0002924,NOV,2024,NOV-PR,3.5 가솔린,FWD,미드나잇 블랙,KR-2,central,44300
2024-01,VF2NCFBXRK0002925,NOV,2024,NOV-CO,3.5 가솔린,FWD,미드나잇 블랙,KR-2,west,40756
2024-01,VF2NCACXRK0002926,NOV,2024,NOV-CO,3.5 가솔린,AWD,스틸 그레이,KR-2,northeast,40756
2024-01,VF2NPACXRK0002927,NOV,2024,NOV-PR,3.5 가솔린,AWD,스틸 그레이,KR-2,south,44300
2024-01,VF2NSFHXRK0002928,NOV,2024,NOV-LO,1.6T 하이브리드,FWD,샌드 베이지,KR-2,central,50502
2024-01,VF2NCAAXRK0002929,NOV,2024,NOV-CO,3.5 가솔린,AWD,스노우 화이트,KR-2,central,40756
2024-01,VF2NPAAXRK0002930,NOV,2024,NOV-PR,1.6T 하이브리드,AWD,스노우 화이트,KR-2,west,44300
2024-01,VF2NCFAXRK0002931,NOV,2024,NOV-CO,3.5 가솔린,FWD,스노우 화이트,KR-2,central,40756
2024-01,VF2NCACXRK0002932,NOV,2024,NOV-CO,1.6T 하이브리드,AWD,스틸 그레이,KR-2,central,40756
2024-01,VF2NCFEXRK0002933,NOV,2024,NOV-CO,3.5 가솔린,FWD,오션 블루,KR-2,northeast,40756
2024-01,VF2NSFAXRK0002934,NOV,2024,NOV-LO,1.6T 하이브리드,FWD,스노우 화이트,KR-2,northeast,50502
2024-01,VF2NSAAXRK0002935,NOV,2024,NOV-LO,3.5 가솔린,AWD,스노우 화이트,KR-2,west,50502
2024-01,VF2NPFCXRK0002936,NOV,2024,NOV-PR,1.6T 하이브리드,FWD,스틸 그레이,KR-2,northeast,44300
2024-01,VF2NPFFXRK0002937,NOV,2024,NOV-PR,3.5 가솔린,FWD,선셋 레드,KR-2,northeast,44300
2024-01,VF2NCFAXRK0002938,NOV,2024,NOV-CO,3.5 가솔린,FWD,스노우 화이트,KR-2,southeast,40756
2024-01,VF2NCAAXRK0002939,NOV,2024,NOV-CO,1.6T 하이브리드,AWD,스노우 화이트,KR-2,west,40756
2024-01,VF2NCFFXRK0002940,NOV,2024,NOV-CO,3.5 가솔린,FWD,선셋 레드,KR-2,south,40756
2024-01,VF2NPAAXRK0002941,NOV,2024,NOV-PR,1.6T 하이브리드,AWD,스노우 화이트,KR-2,west,44300
2024-01,VF2NPFAXRK0002942,NOV,2024,NOV-PR,1.6T 하이브리드,FWD,스노우 화이트,KR-2,southeast,44300
2024-01,VF2NCFAXRK0002943,NOV,2024,NOV-CO,1.6T 하이브리드,FWD,스노우 화이트,KR-2,south,40756
2024-01,VF2NCFHXRK0002944,NOV,2024,NOV-CO,3.5 가솔린,FWD,샌드 베이지,KR-2,west,40756
2024-01,VF2NPFEXRK0002945,NOV,2024,NOV-PR,1.6T 하이브리드,FWD,오션 블루,KR-2,south,44300
2024-01,VF2NPABXRK0002946,NOV,2024,NOV-PR,1.6T 하이브리드,AWD,미드나잇 블랙,KR-2,west,44300
2024-01,VF2NCFAXRK0002947,NOV,2024,NOV-CO,1.6T 하이브리드,FWD,스노우 화이트,KR-2,northeast,40756
2024-01,VF2NPAAXRK0002948,NOV,2024,NOV-PR,1.6T 하이브리드,AWD,스노우 화이트,KR-2,southeast,44300
2024-01,VF2NPAAXRK0002949,NOV,2024,NOV-PR,3.5 가솔린,AWD,스노우 화이트,KR-2,west,44300
2024-01,VF2NPFAXRK0002950,NOV,2024,NOV-PR,3.5 가솔린,FWD,스노우 화이트,KR-2,northeast,44300
2024-01,VF2NPACXRK0002951,NOV,2024,NOV-PR,1.6T 하이브리드,AWD,스틸 그레이,KR-2,southeast,44300
2024-01,VF2NPFBXRK0002952,NOV,2024,NOV-PR,3.5 가솔린,FWD,미드나잇 블랙,KR-2,west,44300
2024-01,VF2NCAFXRK0002953,NOV,2024,NOV-CO,3.5 가솔린,AWD,선셋 레드,KR-2,south,40756
2024-01,VF2NPFBXRK0002954,NOV,2024,NOV-PR,3.5 가솔린,FWD,미드나잇 블랙,KR-2,west,44300
2024-01,VF2NPFAXRK0002955,NOV,2024,NOV-PR,3.5 가솔린,FWD,스노우 화이트,KR-2,west,44300
2024-01,VF2NCFCXRK0002956,NOV,2024,NOV-CO,3.5 가솔린,FWD,스틸 그레이,KR-2,northeast,40756
2024-01,VF2NCFEXRK0002957,NOV,2024,NOV-CO,1.6T 하이브리드,FWD,오션 블루,KR-2,central,40756
2024-01,VF2NSFAXRK0002958,NOV,2024,NOV-LO,1.6T 하이브리드,FWD,스노우 화이트,KR-2,southeast,50502
2024-01,VF2NPAHXRK0002959,NOV,2024,NOV-PR,1.6T 하이브리드,AWD,샌드 베이지,KR-2,central,44300
2024-01,VF2NPACXRK0002960,NOV,2024,NOV-PR,3.5 가솔린,AWD,스틸 그레이,KR-2,northeast,44300
2024-01,VF2NPFDXRK0002961,NOV,2024,NOV-PR,3.5 가솔린,FWD,실버,KR-2,northeast,44300
2024-01,VF2NSFHXRK0002962,NOV,2024,NOV-LO,3.5 가솔린,FWD,샌드 베이지,KR-2,central,50502
2024-01,VF2NCADXRK0002963,NOV,2024,NOV-CO,3.5 가솔린,AWD,실버,KR-2,central,40756
2024-01,VF2NPFHXRK0002964,NOV,2024,NOV-PR,3.5 가솔린,FWD,샌드 베이지,KR-2,central,44300
2024-01,VF2NSADXRK0002965,NOV,2024,NOV-LO,3.5 가솔린,AWD,실버,KR-2,west,50502
2024-01,VF2NPFBXRK0002966,NOV,2024,NOV-PR,3.5 가솔린,FWD,미드나잇 블랙,KR-2,northeast,44300
2024-01,VF2NCFAXRK0002967,NOV,2024,NOV-CO,3.5 가솔린,FWD,스노우 화이트,KR-2,west,40756
2024-01,VF2NPFDXRK0002968,NOV,2024,NOV-PR,1.6T 하이브리드,FWD,실버,KR-2,south,44300
2024-01,VF2NCABXRK0002969,NOV,2024,NOV-CO,3.5 가솔린,AWD,미드나잇 블랙,KR-2,west,40756
2024-01,VF2NPFBXRK0002970,NOV,2024,NOV-PR,1.6T 하이브리드,FWD,미드나잇 블랙,KR-2,central,44300
2024-01,VF2NCABXRK0002971,NOV,2024,NOV-CO,3.5 가솔린,AWD,미드나잇 블랙,KR-2,southeast,40756
2024-01,VF2NCFBXRK0002972,NOV,2024,NOV-CO,3.5 가솔린,FWD,미드나잇 블랙,KR-2,south,40756
2024-01,VF2NCADXRK0002973,NOV,2024,NOV-CO,1.6T 하이브리드,AWD,실버,KR-2,west,40756
2024-01,VF2NPFAXRK0002974,NOV,2024,NOV-PR,3.5 가솔린,FWD,스노우 화이트,KR-2,northeast,44300
2024-01,VF2NCFBXRK0002975,NOV,2024,NOV-CO,3.5 가솔린,FWD,미드나잇 블랙,KR-2,central,40756
2024-01,VF2NPFAXRK0002976,NOV,2024,NOV-PR,3.5 가솔린,FWD,스노우 화이트,KR-2,south,44300
2024-01,VF2NSFAXRK0002977,NOV,2024,NOV-LO,3.5 가솔린,FWD,스노우 화이트,KR-2,south,50502
2024-01,VF2NCFCXRK0002978,NOV,2024,NOV-CO,3.5 가솔린,FWD,스틸 그레이,KR-2,southeast,40756
2024-01,VF2NPFAXRK0002979,NOV,2024,NOV-PR,1.6T 하이브리드,FWD,스노우 화이트,KR-2,west,44300
2024-01,VF2NCFCXRK0002980,NOV,2024,NOV-CO,3.5 가솔린,FWD,스틸 그레이,KR-2,west,40756
2024-01,VF2NCFCXRK0002981,NOV,2024,NOV-CO,3.5 가솔린,FWD,스틸 그레이,KR-2,west,40756
2024-01,VF2NPADXRK0002982,NOV,2024,NOV-PR,3.5 가솔린,AWD,실버,KR-2,west,44300
2024-01,VF2NSFFXRK0002983,NOV,2024,NOV-LO,3.5 가솔린,FWD,선셋 레드,KR-2,south,50502
2024-01,VF2NCAAXRK0002984,NOV,2024,NOV-CO,3.5 가솔린,AWD,스노우 화이트,KR-2,west,40756
2024-01,VF2NCFDXRK0002985,NOV,2024,NOV-CO,3.5 가솔린,FWD,실버,KR-2,northeast,40756
2024-01,VF2NSAFXRK0002986,NOV,2024,NOV-LO,1.6T 하이브리드,AWD,선셋 레드,KR-2,central,50502
2024-01,VF2NPFCXRK0002987,NOV,2024,NOV-PR,3.5 가솔린,FWD,스틸 그레이,KR-2,southeast,44300
2024-01,VF2NPFAXRK0002988,NOV,2024,NOV-PR,3.5 가솔린,FWD,스노우 화이트,KR-2,central,44300
2024-01,VF2NCFEXRK0002989,NOV,2024,NOV-CO,3.5 가솔린,FWD,오션 블루,KR-2,southeast,40756
2024-01,VF2NCAAXRK0002990,NOV,2024,NOV-CO,3.5 가솔린,AWD,스노우 화이트,KR-2,central,40756
2024-01,VF2NPADXRK0002991,NOV,2024,NOV-PR,3.5 가솔린,AWD,실버,KR-2,southeast,44300
2024-01,VF2NCFEXRK0002992,NOV,2024,NOV-CO,1.6T 하이브리드,FWD,오션 블루,KR-2,southeast,40756
2024-01,VF2NCABXRK0002993,NOV,2024,NOV-CO,3.5 가솔린,AWD,미드나잇 블랙,KR-2,west,40756
2024-01,VF2NSFAXRK0002994,NOV,2024,NOV-LO,3.5 가솔린,FWD,스노우 화이트,KR-2,west,50502
2024-01,VF2NCFAXRK0002995,NOV,2024,NOV-CO,3.5 가솔린,FWD,스노우 화이트,KR-2,south,40756
2024-01,VF2NPFFXRK0002996,NOV,2024,NOV-PR,3.5 가솔린,FWD,선셋 레드,KR-2,west,44300
2024-01,VF2NCAGXRK0002997,NOV,2024,NOV-CO,3.5 가솔린,AWD,포레스트 그린,KR-2,south,40756
2024-01,VF2NSABXRK0002998,NOV,2024,NOV-LO,3.5 가솔린,AWD,미드나잇 블랙,KR-2,southeast,50502
2024-01,VF2NCFAXRK0002999,NOV,2024,NOV-CO,1.6T 하이브리드,FWD,스노우 화이트,KR-2,central,40756
2024-01,VF2NPFAXRK0003000,NOV,2024,NOV-PR,1.6T 하이브리드,FWD,스노우 화이트,KR-2,south,44300
2024-01,VF2NPAHXRK0003001,NOV,2024,NOV-PR,3.5 가솔린,AWD,샌드 베이지,KR-2,southeast,44300
2024-01,VF2NSFCXRK0003002,NOV,2024,NOV-LO,3.5 가솔린,FWD,스틸 그레이,KR-2,west,50502
2024-01,VF2NPFBXRK0003003,NOV,2024,NOV-PR,3.5 가솔린,FWD,미드나잇 블랙,KR-2,southeast,44300
2024-01,VF2NPACXRK0003004,NOV,2024,NOV-PR,1.6T 하이브리드,AWD,스틸 그레이,KR-2,northeast,44300
2024-01,VF2NCABXRK0003005,NOV,2024,NOV-CO,1.6T 하이브리드,AWD,미드나잇 블랙,KR-2,northeast,40756
2024-01,VF2NCFHXRK0003006,NOV,2024,NOV-CO,3.5 가솔린,FWD,샌드 베이지,KR-2,west,40756
2024-01,VF2NPAAXRK0003007,NOV,2024,NOV-PR,1.6T 하이브리드,AWD,스노우 화이트,KR-2,west,44300
2024-01,VF2NCFBXRK0003008,NOV,2024,NOV-CO,1.6T 하이브리드,FWD,미드나잇 블랙,KR-2,west,40756
2024-01,VF2NPACXRK0003009,NOV,2024,NOV-PR,3.5 가솔린,AWD,스틸 그레이,KR-2,south,44300
2024-01,VF2NSFEXRK0003010,NOV,2024,NOV-LO,3.5 가솔린,FWD,오션 블루,KR-2,west,50502
2024-01,VF2NSFFXRK0003011,NOV,2024,NOV-LO,3.5 가솔린,FWD,선셋 레드,KR-2,south,50502
2024-01,VF2NPFCXRK0003012,NOV,2024,NOV-PR,3.5 가솔린,FWD,스틸 그레이,KR-2,southeast,44300
2024-01,VF2NPFEXRK0003013,NOV,2024,NOV-PR,3.5 가솔린,FWD,오션 블루,KR-2,west,44300
2024-01,VF2NPFCXRK0003014,NOV,2024,NOV-PR,3.5 가솔린,FWD,스틸 그레이,KR-2,west,44300
2024-01,VF2NCFAXRK0003015,NOV,2024,NOV-CO,3.5 가솔린,FWD,스노우 화이트,KR-2,west,40756
2024-01,VF2NCFCXRK0003016,NOV,2024,NOV-CO,3.5 가솔린,FWD,스틸 그레이,KR-2,south,40756
2024-01,VF2NPFDXRK0003017,NOV,2024,NOV-PR,1.6T 하이브리드,FWD,실버,KR-2,southeast,44300
2024-01,VF2NCFCXRK0003018,NOV,2024,NOV-CO,3.5 가솔린,FWD,스틸 그레이,KR-2,south,40756
2024-01,VF2NCFEXRK0003019,NOV,2024,NOV-CO,3.5 가솔린,FWD,오션 블루,KR-2,central,40756
2024-01,VF2NCACXRK0003020,NOV,2024,NOV-CO,3.5 가솔린,AWD,스틸 그레이,KR-2,central,40756
2024-01,VF2NCFBXRK0003021,NOV,2024,NOV-CO,1.6T 하이브리드,FWD,미드나잇 블랙,KR-2,southeast,40756
2024-01,VF2NPFBXRK0003022,NOV,2024,NOV-PR,3.5 가솔린,FWD,미드나잇 블랙,KR-2,south,44300
2024-01,VF2NPFDXRK0003023,NOV,2024,NOV-PR,3.5 가솔린,FWD,실버,KR-2,central,44300
2024-01,VF2NPFCXRK0003024,NOV,2024,NOV-PR,3.5 가솔린,FWD,스틸 그레이,KR-2,south,44300
2024-01,VF2NSFAXRK0003025,NOV,2024,NOV-LO,3.5 가솔린,FWD,스노우 화이트,KR-2,northeast,50502
2024-01,VF2NCFEXRK0003026,NOV,2024,NOV-CO,3.5 가솔린,FWD,오션 블루,KR-2,south,40756
2024-01,VF2NCFDXRK0003027,NOV,2024,NOV-CO,3.5 가솔린,FWD,실버,KR-2,west,40756
2024-01,VF2NPAAXRK0003028,NOV,2024,NOV-PR,1.6T 하이브리드,AWD,스노우 화이트,KR-2,west,44300
2024-01,VF2NCFAXRK0003029,NOV,2024,NOV-CO,3.5 가솔린,FWD,스노우 화이트,KR-2,southeast,40756
2024-01,VF2NCFHXRK0003030,NOV,2024,NOV-CO,1.6T 하이브리드,FWD,샌드 베이지,KR-2,southeast,40756
2024-01,VF2NPFDXRK0003031,NOV,2024,NOV-PR,3.5 가솔린,FWD,실버,KR-2,south,44300
2024-01,VF2NPFAXRK0003032,NOV,2024,NOV-PR,1.6T 하이브리드,FWD,스노우 화이트,KR-2,west,44300
2024-01,VF2NCFEXRK0003033,NOV,2024,NOV-CO,1.6T 하이브리드,FWD,오션 블루,KR-2,southeast,40756
2024-01,VF2NCFAXRK0003034,NOV,2024,NOV-CO,3.5 가솔린,FWD,스노우 화이트,KR-2,south,40756
2024-01,VF2NCFBXRK0003035,NOV,2024,NOV-CO,1.6T 하이브리드,FWD,미드나잇 블랙,KR-2,central,40756
2024-01,VF2NPFBXRK0003036,NOV,2024,NOV-PR,3.5 가솔린,FWD,미드나잇 블랙,KR-2,northeast,44300
2024-01,VF2NSACXRK0003037,NOV,2024,NOV-LO,3.5 가솔린,AWD,스틸 그레이,KR-2,west,50502
2024-01,VF2NCAFXRK0003038,NOV,2024,NOV-CO,1.6T 하이브리드,AWD,선셋 레드,KR-2,central,40756
2024-01,VF2NSFCXRK0003039,NOV,2024,NOV-LO,3.5 가솔린,FWD,스틸 그레이,KR-2,southeast,50502
2024-01,VF2NCFCXRK0003040,NOV,2024,NOV-CO,3.5 가솔린,FWD,스틸 그레이,KR-2,southeast,40756
2024-01,VF2NPFFXRK0003041,NOV,2024,NOV-PR,3.5 가솔린,FWD,선셋 레드,KR-2,west,44300
2024-01,VF2NPFDXRK0003042,NOV,2024,NOV-PR,3.5 가솔린,FWD,실버,KR-2,south,44300
2024-01,VF2NCFDXRK0003043,NOV,2024,NOV-CO,3.5 가솔린,FWD,실버,KR-2,south,40756
2024-01,VF2NCFAXRK0003044,NOV,2024,NOV-CO,3.5 가솔린,FWD,스노우 화이트,KR-2,southeast,40756
2024-01,VF2NPFAXRK0003045,NOV,2024,NOV-PR,3.5 가솔린,FWD,스노우 화이트,KR-2,southeast,44300
2024-01,VF2NCFFXRK0003046,NOV,2024,NOV-CO,3.5 가솔린,FWD,선셋 레드,KR-2,south,40756
2024-01,VF2NPFAXRK0003047,NOV,2024,NOV-PR,3.5 가솔린,FWD,스노우 화이트,KR-2,central,44300
2024-01,VF2NCFGXRK0003048,NOV,2024,NOV-CO,3.5 가솔린,FWD,포레스트 그린,KR-2,central,40756
2024-01,VF2NPFEXRK0003049,NOV,2024,NOV-PR,3.5 가솔린,FWD,오션 블루,KR-2,southeast,44300
2024-01,VF2NPABXRK0003050,NOV,2024,NOV-PR,1.6T 하이브리드,AWD,미드나잇 블랙,KR-2,northeast,44300
2024-01,VF2NPFAXRK0003051,NOV,2024,NOV-PR,3.5 가솔린,FWD,스노우 화이트,KR-2,southeast,44300
2024-01,VF2NPABXRK0003052,NOV,2024,NOV-PR,3.5 가솔린,AWD,미드나잇 블랙,KR-2,northeast,44300
2024-01,VF2NSAEXRK0003053,NOV,2024,NOV-LO,1.6T 하이브리드,AWD,오션 블루,KR-2,central,50502
2024-01,VF2NPAAXRK0003054,NOV,2024,NOV-PR,1.6T 하이브리드,AWD,스노우 화이트,KR-2,west,44300
2024-01,VF2NPABXRK0003055,NOV,2024,NOV-PR,1.6T 하이브리드,AWD,미드나잇 블랙,KR-2,central,44300
2024-01,VF2NSFGXRK0003056,NOV,2024,NOV-LO,3.5 가솔린,FWD,포레스트 그린,KR-2,southeast,50502
2024-01,VF2NCFDXRK0003057,NOV,2024,NOV-CO,3.5 가솔린,FWD,실버,KR-2,south,40756
2024-01,VF2NPABXRK0003058,NOV,2024,NOV-PR,1.6T 하이브리드,AWD,미드나잇 블랙,KR-2,west,44300
2024-01,VF2NSFEXRK0003059,NOV,2024,NOV-LO,1.6T 하이브리드,FWD,오션 블루,KR-2,northeast,50502
2024-01,VF2NCFCXRK0003060,NOV,2024,NOV-CO,1.6T 하이브리드,FWD,스틸 그레이,KR-2,south,40756
2024-01,VF2NSADXRK0003061,NOV,2024,NOV-LO,1.6T 하이브리드,AWD,실버,KR-2,central,50502
2024-01,VF2NSADXRK0003062,NOV,2024,NOV-LO,3.5 가솔린,AWD,실버,KR-2,central,50502
2024-01,VF2NPAHXRK0003063,NOV,2024,NOV-PR,3.5 가솔린,AWD,샌드 베이지,KR-2,south,44300
2024-01,VF2NCFEXRK0003064,NOV,2024,NOV-CO,3.5 가솔린,FWD,오션 블루,KR-2,south,40756
2024-01,VF2NCFBXRK0003065,NOV,2024,NOV-CO,1.6T 하이브리드,FWD,미드나잇 블랙,KR-2,northeast,40756
2024-01,VF2NPFDXRK0003066,NOV,2024,NOV-PR,3.5 가솔린,FWD,실버,KR-2,southeast,44300
2024-01,VF2NPFAXRK0003067,NOV,2024,NOV-PR,3.5 가솔린,FWD,스노우 화이트,KR-2,south,44300
2024-01,VF2NPFCXRK0003068,NOV,2024,NOV-PR,1.6T 하이브리드,FWD,스틸 그레이,KR-2,northeast,44300
2024-01,VF2NPFDXRK0003069,NOV,2024,NOV-PR,3.5 가솔린,FWD,실버,KR-2,central,44300
2024-01,VF2NCFFXRK0003070,NOV,2024,NOV-CO,3.5 가솔린,FWD,선셋 레드,KR-2,southeast,40756
2024-01,VF2NCABXRK0003071,NOV,2024,NOV-CO,3.5 가솔린,AWD,미드나잇 블랙,KR-2,south,40756
2024-01,VF2NSAHXRK0003072,NOV,2024,NOV-LO,3.5 가솔린,AWD,샌드 베이지,KR-2,west,50502
2024-01,VF2NPACXRK0003073,NOV,2024,NOV-PR,3.5 가솔린,AWD,스틸 그레이,KR-2,central,44300
2024-01,VF2NCFEXRK0003074,NOV,2024,NOV-CO,3.5 가솔린,FWD,오션 블루,KR-2,west,40756
2024-01,VF2NSAGXRK0003075,NOV,2024,NOV-LO,3.5 가솔린,AWD,포레스트 그린,KR-2,southeast,50502
2024-01,VF1LSFDXRK0003076,LUM,2024,LUM-SP,스탠다드 레인지,FWD,실버,KR-1,northeast,48678
2024-01,VF1LCAAXRK0003077,LUM,2024,LUM-AI,롱레인지,AWD,스노우 화이트,KR-1,west,39284
2024-01,VF1LPFEXRK0003078,LUM,2024,LUM-RA,롱레인지,FWD,오션 블루,KR-1,northeast,42700
2024-01,VF1LCFCXRK0003079,LUM,2024,LUM-AI,롱레인지,FWD,스틸 그레이,KR-1,south,39284
2024-01,VF1LCACXRK0003080,LUM,2024,LUM-AI,롱레인지,AWD,스틸 그레이,KR-1,northeast,39284
2024-01,VF1LCAAXRK0003081,LUM,2024,LUM-AI,롱레인지,AWD,스노우 화이트,KR-1,northeast,39284
2024-01,VF1LCFEXRK0003082,LUM,2024,LUM-AI,스탠다드 레인지,FWD,오션 블루,KR-1,west,39284
2024-01,VF1LSACXRK0003083,LUM,2024,LUM-SP,스탠다드 레인지,AWD,스틸 그레이,KR-1,northeast,48678
2024-01,VF1LPACXRK0003084,LUM,2024,LUM-RA,스탠다드 레인지,AWD,스틸 그레이,KR-1,west,42700
2024-01,VF1LCFBXRK0003085,LUM,2024,LUM-AI,롱레인지,FWD,미드나잇 블랙,KR-1,southeast,39284
2024-01,VF1LCFGXRK0003086,LUM,2024,LUM-AI,롱레인지,FWD,포레스트 그린,KR-1,northeast,39284
2024-01,VF1LCAAXRK0003087,LUM,2024,LUM-AI,스탠다드 레인지,AWD,스노우 화이트,KR-1,south,39284
2024-01,VF1LSFFXRK0003088,LUM,2024,LUM-SP,롱레인지,FWD,선셋 레드,KR-1,southeast,48678
2024-01,VF1LPAAXRK0003089,LUM,2024,LUM-RA,롱레인지,AWD,스노우 화이트,KR-1,west,42700
2024-01,VF1LSFBXRK0003090,LUM,2024,LUM-SP,롱레인지,FWD,미드나잇 블랙,KR-1,west,48678
2024-01,VF1LCFFXRK0003091,LUM,2024,LUM-AI,롱레인지,FWD,선셋 레드,KR-1,southeast,39284
2024-01,VF1LSFBXRK0003092,LUM,2024,LUM-SP,스탠다드 레인지,FWD,미드나잇 블랙,KR-1,central,48678
2024-01,VF1LPFAXRK0003093,LUM,2024,LUM-RA,스탠다드 레인지,FWD,스노우 화이트,KR-1,south,42700
2024-01,VF1LSFBXRK0003094,LUM,2024,LUM-SP,스탠다드 레인지,FWD,미드나잇 블랙,KR-1,northeast,48678
2024-01,VF1LPACXRK0003095,LUM,2024,LUM-RA,스탠다드 레인지,AWD,스틸 그레이,KR-1,south,42700
2024-01,VF1LSFBXRK0003096,LUM,2024,LUM-SP,스탠다드 레인지,FWD,미드나잇 블랙,KR-1,southeast,48678
2024-01,VF1LSACXRK0003097,LUM,2024,LUM-SP,롱레인지,AWD,스틸 그레이,KR-1,south,48678
2024-01,VF1LSFCXRK0003098,LUM,2024,LUM-SP,롱레인지,FWD,스틸 그레이,KR-1,northeast,48678
2024-01,VF1LCADXRK0003099,LUM,2024,LUM-AI,스탠다드 레인지,AWD,실버,KR-1,west,39284
2024-01,VF1LPFEXRK0003100,LUM,2024,LUM-RA,스탠다드 레인지,FWD,오션 블루,KR-1,west,42700
2024-01,VF1LPFDXRK0003101,LUM,2024,LUM-RA,스탠다드 레인지,FWD,실버,KR-1,south,42700
2024-01,VF1LPFDXRK0003102,LUM,2024,LUM-RA,롱레인지,FWD,실버,KR-1,west,42700
2024-01,VF1LPFAXRK0003103,LUM,2024,LUM-RA,롱레인지,FWD,스노우 화이트,KR-1,south,42700
2024-01,VF1LPAAXRK0003104,LUM,2024,LUM-RA,스탠다드 레인지,AWD,스노우 화이트,KR-1,central,42700
2024-01,VF1LPAAXRK0003105,LUM,2024,LUM-RA,롱레인지,AWD,스노우 화이트,KR-1,southeast,42700
2024-01,VF1LCAAXRK0003106,LUM,2024,LUM-AI,롱레인지,AWD,스노우 화이트,KR-1,west,39284
2024-01,VF1LPFAXRK0003107,LUM,2024,LUM-RA,롱레인지,FWD,스노우 화이트,KR-1,west,42700
2024-01,VF1LSABXRK0003108,LUM,2024,LUM-SP,롱레인지,AWD,미드나잇 블랙,KR-1,south,48678
2024-01,VF1LSFGXRK0003109,LUM,2024,LUM-SP,롱레인지,FWD,포레스트 그린,KR-1,west,48678
2024-01,VF1LPFAXRK0003110,LUM,2024,LUM-RA,스탠다드 레인지,FWD,스노우 화이트,KR-1,southeast,42700
2024-01,VF1LCAAXRK0003111,LUM,2024,LUM-AI,스탠다드 레인지,AWD,스노우 화이트,KR-1,southeast,39284
2024-01,VF1LCADXRK0003112,LUM,2024,LUM-AI,롱레인지,AWD,실버,KR-1,northeast,39284
2024-01,VF1LSFDXRK0003113,LUM,2024,LUM-SP,스탠다드 레인지,FWD,실버,KR-1,northeast,48678
2024-01,VF1LPFBXRK0003114,LUM,2024,LUM-RA,스탠다드 레인지,FWD,미드나잇 블랙,KR-1,southeast,42700
2024-01,VF1LPACXRK0003115,LUM,2024,LUM-RA,스탠다드 레인지,AWD,스틸 그레이,KR-1,west,42700
2024-01,VF1LPABXRK0003116,LUM,2024,LUM-RA,롱레인지,AWD,미드나잇 블랙,KR-1,southeast,42700
2024-01,VF1LCADXRK0003117,LUM,2024,LUM-AI,스탠다드 레인지,AWD,실버,KR-1,south,39284
2024-01,VF1LPFCXRK0003118,LUM,2024,LUM-RA,롱레인지,FWD,스틸 그레이,KR-1,southeast,42700
2024-01,VF1LPAFXRK0003119,LUM,2024,LUM-RA,스탠다드 레인지,AWD,선셋 레드,KR-1,northeast,42700
2024-01,VF1LCFEXRK0003120,LUM,2024,LUM-AI,스탠다드 레인지,FWD,오션 블루,KR-1,west,39284
2024-01,VF1LPFCXRK0003121,LUM,2024,LUM-RA,롱레인지,FWD,스틸 그레이,KR-1,west,42700
2024-01,VF1LCFHXRK0003122,LUM,2024,LUM-AI,롱레인지,FWD,샌드 베이지,KR-1,northeast,39284
2024-01,VF1LPACXRK0003123,LUM,2024,LUM-RA,롱레인지,AWD,스틸 그레이,KR-1,northeast,42700
2024-01,VF1LPAGXRK0003124,LUM,2024,LUM-RA,롱레인지,AWD,포레스트 그린,KR-1,northeast,42700
2024-01,VF1LCAHXRK0003125,LUM,2024,LUM-AI,스탠다드 레인지,AWD,샌드 베이지,KR-1,west,39284
2024-01,VF1LPAAXRK0003126,LUM,2024,LUM-RA,롱레인지,AWD,스노우 화이트,KR-1,west,42700
2024-01,VF1LCAHXRK0003127,LUM,2024,LUM-AI,롱레인지,AWD,샌드 베이지,KR-1,west,39284
2024-01,VF1LPADXRK0003128,LUM,2024,LUM-RA,롱레인지,AWD,실버,KR-1,west,42700
2024-01,VF1LPADXRK0003129,LUM,2024,LUM-RA,스탠다드 레인지,AWD,실버,KR-1,central,42700
2024-01,VF1LPFHXRK0003130,LUM,2024,LUM-RA,롱레인지,FWD,샌드 베이지,KR-1,central,42700
2024-01,VF1LCFHXRK0003131,LUM,2024,LUM-AI,롱레인지,FWD,샌드 베이지,KR-1,northeast,39284
2024-01,VF1LPADXRK0003132,LUM,2024,LUM-RA,롱레인지,AWD,실버,KR-1,northeast,42700
2024-01,VF1LPAAXRK0003133,LUM,2024,LUM-RA,스탠다드 레인지,AWD,스노우 화이트,KR-1,southeast,42700
2024-01,VF1LPFBXRK0003134,LUM,2024,LUM-RA,롱레인지,FWD,미드나잇 블랙,KR-1,southeast,42700
2024-01,VF1LPFHXRK0003135,LUM,2024,LUM-RA,롱레인지,FWD,샌드 베이지,KR-1,northeast,42700
2024-01,VF1LCFEXRK0003136,LUM,2024,LUM-AI,롱레인지,FWD,오션 블루,KR-1,northeast,39284
2024-01,VF1LCFBXRK0003137,LUM,2024,LUM-AI,롱레인지,FWD,미드나잇 블랙,KR-1,west,39284
2024-01,VF1LPAHXRK0003138,LUM,2024,LUM-RA,롱레인지,AWD,샌드 베이지,KR-1,west,42700
2024-01,VF1LSFBXRK0003139,LUM,2024,LUM-SP,스탠다드 레인지,FWD,미드나잇 블랙,KR-1,west,48678
2024-01,VF1LSFFXRK0003140,LUM,2024,LUM-SP,스탠다드 레인지,FWD,선셋 레드,KR-1,southeast,48678
2024-01,VF1LSACXRK0003141,LUM,2024,LUM-SP,롱레인지,AWD,스틸 그레이,KR-1,northeast,48678
2024-01,VF1LCFEXRK0003142,LUM,2024,LUM-AI,스탠다드 레인지,FWD,오션 블루,KR-1,southeast,39284
2024-01,VF1LPFDXRK0003143,LUM,2024,LUM-RA,롱레인지,FWD,실버,KR-1,southeast,42700
2024-01,VF1LPFAXRK0003144,LUM,2024,LUM-RA,롱레인지,FWD,스노우 화이트,KR-1,west,42700
2024-01,VF1LSAGXRK0003145,LUM,2024,LUM-SP,롱레인지,AWD,포레스트 그린,KR-1,west,48678
2024-01,VF1LSAFXRK0003146,LUM,2024,LUM-SP,스탠다드 레인지,AWD,선셋 레드,KR-1,central,48678
2024-01,VF1LPAAXRK0003147,LUM,2024,LUM-RA,롱레인지,AWD,스노우 화이트,KR-1,west,42700
2024-01,VF1LCAGXRK0003148,LUM,2024,LUM-AI,롱레인지,AWD,포레스트 그린,KR-1,west,39284
2024-01,VF1LPACXRK0003149,LUM,2024,LUM-RA,롱레인지,AWD,스틸 그레이,KR-1,west,42700
2024-01,VF1LCFAXRK0003150,LUM,2024,LUM-AI,롱레인지,FWD,스노우 화이트,KR-1,west,39284
2024-01,VF1LSFGXRK0003151,LUM,2024,LUM-SP,스탠다드 레인지,FWD,포레스트 그린,KR-1,west,48678
2024-01,VF1LCFFXRK0003152,LUM,2024,LUM-AI,롱레인지,FWD,선셋 레드,KR-1,south,39284
2024-01,VF1LSAAXRK0003153,LUM,2024,LUM-SP,스탠다드 레인지,AWD,스노우 화이트,KR-1,west,48678
2024-01,VF1LPABXRK0003154,LUM,2024,LUM-RA,롱레인지,AWD,미드나잇 블랙,KR-1,southeast,42700
2024-01,VF1LPFCXRK0003155,LUM,2024,LUM-RA,롱레인지,FWD,스틸 그레이,KR-1,central,42700
2024-01,VF1LSFFXRK0003156,LUM,2024,LUM-SP,스탠다드 레인지,FWD,선셋 레드,KR-1,south,48678
2024-01,VF1LPFEXRK0003157,LUM,2024,LUM-RA,롱레인지,FWD,오션 블루,KR-1,west,42700
2024-01,VF1LSADXRK0003158,LUM,2024,LUM-SP,롱레인지,AWD,실버,KR-1,northeast,48678
2024-01,VF1LPFGXRK0003159,LUM,2024,LUM-RA,롱레인지,FWD,포레스트 그린,KR-1,northeast,42700
2024-01,VF1LPFGXRK0003160,LUM,2024,LUM-RA,롱레인지,FWD,포레스트 그린,KR-1,south,42700
2024-01,VF1LPFBXRK0003161,LUM,2024,LUM-RA,스탠다드 레인지,FWD,미드나잇 블랙,KR-1,northeast,42700
2024-01,VF1LCAGXRK0003162,LUM,2024,LUM-AI,롱레인지,AWD,포레스트 그린,KR-1,southeast,39284
2024-01,VF1LPACXRK0003163,LUM,2024,LUM-RA,롱레인지,AWD,스틸 그레이,KR-1,south,42700
2024-01,VF1LPFDXRK0003164,LUM,2024,LUM-RA,롱레인지,FWD,실버,KR-1,south,42700
2024-01,VF1LCFCXRK0003165,LUM,2024,LUM-AI,스탠다드 레인지,FWD,스틸 그레이,KR-1,central,39284
2024-01,VF1LPABXRK0003166,LUM,2024,LUM-RA,롱레인지,AWD,미드나잇 블랙,KR-1,west,42700
2024-01,VF1LPACXRK0003167,LUM,2024,LUM-RA,롱레인지,AWD,스틸 그레이,KR-1,northeast,42700
2024-01,VF1LPFGXRK0003168,LUM,2024,LUM-RA,롱레인지,FWD,포레스트 그린,KR-1,south,42700
2024-01,VF1LCAGXRK0003169,LUM,2024,LUM-AI,스탠다드 레인지,AWD,포레스트 그린,KR-1,northeast,39284
2024-01,VF1LPFFXRK0003170,LUM,2024,LUM-RA,롱레인지,FWD,선셋 레드,KR-1,southeast,42700
2024-01,VF1LCAAXRK0003171,LUM,2024,LUM-AI,롱레인지,AWD,스노우 화이트,KR-1,west,39284
2024-01,VF1LPAAXRK0003172,LUM,2024,LUM-RA,롱레인지,AWD,스노우 화이트,KR-1,west,42700
2024-01,VF1LCABXRK0003173,LUM,2024,LUM-AI,롱레인지,AWD,미드나잇 블랙,KR-1,west,39284
2024-01,VF1LPFBXRK0003174,LUM,2024,LUM-RA,스탠다드 레인지,FWD,미드나잇 블랙,KR-1,west,42700
2024-01,VF1LCFHXRK0003175,LUM,2024,LUM-AI,스탠다드 레인지,FWD,샌드 베이지,KR-1,southeast,39284
2024-01,VF1LPFDXRK0003176,LUM,2024,LUM-RA,롱레인지,FWD,실버,KR-1,central,42700
2024-01,VF1LPFDXRK0003177,LUM,2024,LUM-RA,스탠다드 레인지,FWD,실버,KR-1,south,42700
2024-01,VF1LCACXRK0003178,LUM,2024,LUM-AI,롱레인지,AWD,스틸 그레이,KR-1,west,39284
2024-01,VF1LSAHXRK0003179,LUM,2024,LUM-SP,롱레인지,AWD,샌드 베이지,KR-1,southeast,48678
2024-01,VF1LPABXRK0003180,LUM,2024,LUM-RA,롱레인지,AWD,미드나잇 블랙,KR-1,northeast,42700
2024-01,VF1LPFFXRK0003181,LUM,2024,LUM-RA,롱레인지,FWD,선셋 레드,KR-1,central,42700
2024-01,VF1LSACXRK0003182,LUM,2024,LUM-SP,스탠다드 레인지,AWD,스틸 그레이,KR-1,southeast,48678
2024-01,VF1LCABXRK0003183,LUM,2024,LUM-AI,스탠다드 레인지,AWD,미드나잇 블랙,KR-1,central,39284
2024-01,VF1LPABXRK0003184,LUM,2024,LUM-RA,스탠다드 레인지,AWD,미드나잇 블랙,KR-1,west,42700
2024-01,VF1LCAAXRK0003185,LUM,2024,LUM-AI,스탠다드 레인지,AWD,스노우 화이트,KR-1,northeast,39284
2024-01,VF1LSACXRK0003186,LUM,2024,LUM-SP,롱레인지,AWD,스틸 그레이,KR-1,northeast,48678
2024-01,VF1LPFEXRK0003187,LUM,2024,LUM-RA,스탠다드 레인지,FWD,오션 블루,KR-1,southeast,42700
2024-01,VF1LSFCXRK0003188,LUM,2024,LUM-SP,롱레인지,FWD,스틸 그레이,KR-1,west,48678
2024-01,VF1LPAEXRK0003189,LUM,2024,LUM-RA,스탠다드 레인지,AWD,오션 블루,KR-1,southeast,42700
2024-01,VF1LPAGXRK0003190,LUM,2024,LUM-RA,스탠다드 레인지,AWD,포레스트 그린,KR-1,south,42700
2024-01,VF1LCFEXRK0003191,LUM,2024,LUM-AI,롱레인지,FWD,오션 블루,KR-1,south,39284
2024-01,VF1LCAAXRK0003192,LUM,2024,LUM-AI,롱레인지,AWD,스노우 화이트,KR-1,southeast,39284
2024-01,VF1LPADXRK0003193,LUM,2024,LUM-RA,롱레인지,AWD,실버,KR-1,south,42700
2024-01,VF1LCFAXRK0003194,LUM,2024,LUM-AI,롱레인지,FWD,스노우 화이트,KR-1,west,39284
2024-01,VF1LCADXRK0003195,LUM,2024,LUM-AI,스탠다드 레인지,AWD,실버,KR-1,west,39284
2024-01,VF1LCABXRK0003196,LUM,2024,LUM-AI,롱레인지,AWD,미드나잇 블랙,KR-1,south,39284
2024-01,VF1LPFFXRK0003197,LUM,2024,LUM-RA,스탠다드 레인지,FWD,선셋 레드,KR-1,west,42700
2024-01,VF1LPAHXRK0003198,LUM,2024,LUM-RA,롱레인지,AWD,샌드 베이지,KR-1,south,42700
2024-01,VF1LPFGXRK0003199,LUM,2024,LUM-RA,롱레인지,FWD,포레스트 그린,KR-1,west,42700
2024-01,VF1LPFEXRK0003200,LUM,2024,LUM-RA,스탠다드 레인지,FWD,오션 블루,KR-1,west,42700
2024-01,VF1LSABXRK0003201,LUM,2024,LUM-SP,스탠다드 레인지,AWD,미드나잇 블랙,KR-1,southeast,48678
2024-01,VF1LCAAXRK0003202,LUM,2024,LUM-AI,롱레인지,AWD,스노우 화이트,KR-1,west,39284
2024-01,VF1LCAAXRK0003203,LUM,2024,LUM-AI,롱레인지,AWD,스노우 화이트,KR-1,northeast,39284
2024-01,VF1LPFCXRK0003204,LUM,2024,LUM-RA,스탠다드 레인지,FWD,스틸 그레이,KR-1,central,42700
2024-01,VF1LPAAXRK0003205,LUM,2024,LUM-RA,스탠다드 레인지,AWD,스노우 화이트,KR-1,southeast,42700
2024-01,VF1LPFAXRK0003206,LUM,2024,LUM-RA,롱레인지,FWD,스노우 화이트,KR-1,west,42700
2024-01,VF1LCADXRK0003207,LUM,2024,LUM-AI,롱레인지,AWD,실버,KR-1,northeast,39284
2024-01,VF1LCFAXRK0003208,LUM,2024,LUM-AI,스탠다드 레인지,FWD,스노우 화이트,KR-1,west,39284
2024-01,VF1LCAFXRK0003209,LUM,2024,LUM-AI,롱레인지,AWD,선셋 레드,KR-1,central,39284
2024-01,VF1LCACXRK0003210,LUM,2024,LUM-AI,롱레인지,AWD,스틸 그레이,KR-1,central,39284
2024-01,VF1LPFEXRK0003211,LUM,2024,LUM-RA,스탠다드 레인지,FWD,오션 블루,KR-1,west,42700
2024-01,VF1LSFGXRK0003212,LUM,2024,LUM-SP,롱레인지,FWD,포레스트 그린,KR-1,southeast,48678
2024-01,VF1LPACXRK0003213,LUM,2024,LUM-RA,롱레인지,AWD,스틸 그레이,KR-1,southeast,42700
2024-01,VF1LCFDXRK0003214,LUM,2024,LUM-AI,롱레인지,FWD,실버,KR-1,west,39284
2024-01,VF1LPAAXRK0003215,LUM,2024,LUM-RA,롱레인지,AWD,스노우 화이트,KR-1,northeast,42700
2024-01,VF1LCAAXRK0003216,LUM,2024,LUM-AI,스탠다드 레인지,AWD,스노우 화이트,KR-1,west,39284
2024-01,VF1LPFBXRK0003217,LUM,2024,LUM-RA,스탠다드 레인지,FWD,미드나잇 블랙,KR-1,central,42700
2024-01,VF1LCFGXRK0003218,LUM,2024,LUM-AI,스탠다드 레인지,FWD,포레스트 그린,KR-1,west,39284
2024-01,VF1LPFAXRK0003219,LUM,2024,LUM-RA,스탠다드 레인지,FWD,스노우 화이트,KR-1,northeast,42700
2024-01,VF1LPFGXRK0003220,LUM,2024,LUM-RA,스탠다드 레인지,FWD,포레스트 그린,KR-1,central,42700
2024-01,VF1LPADXRK0003221,LUM,2024,LUM-RA,스탠다드 레인지,AWD,실버,KR-1,southeast,42700
2024-01,VF1LSFAXRK0003222,LUM,2024,LUM-SP,롱레인지,FWD,스노우 화이트,KR-1,central,48678
2024-01,VF1LCAFXRK0003223,LUM,2024,LUM-AI,롱레인지,AWD,선셋 레드,KR-1,northeast,39284
2024-01,VF1LCAHXRK0003224,LUM,2024,LUM-AI,롱레인지,AWD,샌드 베이지,KR-1,west,39284
2024-01,VF1LCFBXRK0003225,LUM,2024,LUM-AI,스탠다드 레인지,FWD,미드나잇 블랙,KR-1,central,39284
2024-01,VF1LCACXRK0003226,LUM,2024,LUM-AI,롱레인지,AWD,스틸 그레이,KR-1,northeast,39284
2024-01,VF1LCABXRK0003227,LUM,2024,LUM-AI,스탠다드 레인지,AWD,미드나잇 블랙,KR-1,central,39284
2024-01,VF1LCFEXRK0003228,LUM,2024,LUM-AI,롱레인지,FWD,오션 블루,KR-1,west,39284
2024-01,VF1LPACXRK0003229,LUM,2024,LUM-RA,롱레인지,AWD,스틸 그레이,KR-1,west,42700
2024-01,VF1LSFAXRK0003230,LUM,2024,LUM-SP,스탠다드 레인지,FWD,스노우 화이트,KR-1,west,48678
2024-01,VF1LSFCXRK0003231,LUM,2024,LUM-SP,스탠다드 레인지,FWD,스틸 그레이,KR-1,south,48678
2024-01,VF1LCFHXRK0003232,LUM,2024,LUM-AI,스탠다드 레인지,FWD,샌드 베이지,KR-1,northeast,39284
2024-01,VF1LSADXRK0003233,LUM,2024,LUM-SP,롱레인지,AWD,실버,KR-1,northeast,48678
2024-01,VF1LPAGXRK0003234,LUM,2024,LUM-RA,스탠다드 레인지,AWD,포레스트 그린,KR-1,northeast,42700
2024-01,VF1LPAAXRK0003235,LUM,2024,LUM-RA,스탠다드 레인지,AWD,스노우 화이트,KR-1,west,42700
2024-01,VF1LCFGXRK0003236,LUM,2024,LUM-AI,롱레인지,FWD,포레스트 그린,KR-1,south,39284
2024-01,VF1LPAGXRK0003237,LUM,2024,LUM-RA,롱레인지,AWD,포레스트 그린,KR-1,northeast,42700
2024-01,VF1LCFBXRK0003238,LUM,2024,LUM-AI,롱레인지,FWD,미드나잇 블랙,KR-1,south,39284
2024-01,VF1LSFEXRK0003239,LUM,2024,LUM-SP,롱레인지,FWD,오션 블루,KR-1,west,48678
2024-01,VF1LPFBXRK0003240,LUM,2024,LUM-RA,스탠다드 레인지,FWD,미드나잇 블랙,KR-1,west,42700
2024-01,VF1LSFAXRK0003241,LUM,2024,LUM-SP,스탠다드 레인지,FWD,스노우 화이트,KR-1,southeast,48678
2024-01,VF1LPFCXRK0003242,LUM,2024,LUM-RA,롱레인지,FWD,스틸 그레이,KR-1,west,42700
2024-01,VF1LCFEXRK0003243,LUM,2024,LUM-AI,롱레인지,FWD,오션 블루,KR-1,southeast,39284
2024-01,VF1LCABXRK0003244,LUM,2024,LUM-AI,롱레인지,AWD,미드나잇 블랙,KR-1,west,39284
2024-01,VF1LPFAXRK0003245,LUM,2024,LUM-RA,롱레인지,FWD,스노우 화이트,KR-1,south,42700
2024-01,VF1LCFCXRK0003246,LUM,2024,LUM-AI,스탠다드 레인지,FWD,스틸 그레이,KR-1,south,39284
2024-01,VF1LCFAXRK0003247,LUM,2024,LUM-AI,스탠다드 레인지,FWD,스노우 화이트,KR-1,south,39284
2024-01,VF1LPFGXRK0003248,LUM,2024,LUM-RA,롱레인지,FWD,포레스트 그린,KR-1,northeast,42700
2024-01,VF1LPFAXRK0003249,LUM,2024,LUM-RA,스탠다드 레인지,FWD,스노우 화이트,KR-1,west,42700
2024-01,VF1LCACXRK0003250,LUM,2024,LUM-AI,롱레인지,AWD,스틸 그레이,KR-1,northeast,39284
2024-01,VF1LPFCXRK0003251,LUM,2024,LUM-RA,롱레인지,FWD,스틸 그레이,KR-1,west,42700
2024-01,VF1LCFAXRK0003252,LUM,2024,LUM-AI,스탠다드 레인지,FWD,스노우 화이트,KR-1,southeast,39284
2024-01,VF1LCFEXRK0003253,LUM,2024,LUM-AI,롱레인지,FWD,오션 블루,KR-1,northeast,39284
