prod_ym,vin,model_id,model_year,trim_id,engine,drivetrain,color,plant_id,dest_zone_id,msrp_usd
2024-06,VF3TPABXRU0005933,TRN,2024,TRN-PR,2.5T 하이브리드,AWD,미드나잇 블랙,US-GA,central,52000
2024-06,VF3TCAFXRU0005934,TRN,2024,TRN-CO,3.5 가솔린,AWD,선셋 레드,US-GA,central,47840
2024-06,VF3TCAEXRU0005935,TRN,2024,TRN-CO,3.5 가솔린,AWD,오션 블루,US-GA,northeast,47840
2024-06,VF3TPFFXRU0005936,TRN,2024,TRN-PR,2.5T 하이브리드,FWD,선셋 레드,US-GA,south,52000
2024-06,VF3TPAGXRU0005937,TRN,2024,TRN-PR,3.5 가솔린,AWD,포레스트 그린,US-GA,west,52000
2024-06,VF3TCADXRU0005938,TRN,2024,TRN-CO,3.5 가솔린,AWD,실버,US-GA,central,47840
2024-06,VF3TPABXRU0005939,TRN,2024,TRN-PR,3.5 가솔린,AWD,미드나잇 블랙,US-GA,northeast,52000
2024-06,VF3TPABXRU0005940,TRN,2024,TRN-PR,2.5T 하이브리드,AWD,미드나잇 블랙,US-GA,south,52000
2024-06,VF3TSFBXRU0005941,TRN,2024,TRN-SU,2.5T 하이브리드,FWD,미드나잇 블랙,US-GA,south,59280
2024-06,VF3TCAAXRU0005942,TRN,2024,TRN-CO,3.5 가솔린,AWD,스노우 화이트,US-GA,south,47840
2024-06,VF3TCFDXRU0005943,TRN,2024,TRN-CO,3.5 가솔린,FWD,실버,US-GA,south,47840
2024-06,VF3TPAHXRU0005944,TRN,2024,TRN-PR,3.5 가솔린,AWD,샌드 베이지,US-GA,west,52000
2024-06,VF3TSAEXRU0005945,TRN,2024,TRN-SU,3.5 가솔린,AWD,오션 블루,US-GA,northeast,59280
2024-06,VF3TPAAXRU0005946,TRN,2024,TRN-PR,2.5T 하이브리드,AWD,스노우 화이트,US-GA,southeast,52000
2024-06,VF3TCFHXRU0005947,TRN,2024,TRN-CO,2.5T 하이브리드,FWD,샌드 베이지,US-GA,south,47840
2024-06,VF3TPAFXRU0005948,TRN,2024,TRN-PR,2.5T 하이브리드,AWD,선셋 레드,US-GA,central,52000
2024-06,VF3TPAAXRU0005949,TRN,2024,TRN-PR,3.5 가솔린,AWD,스노우 화이트,US-GA,west,52000
2024-06,VF3TPADXRU0005950,TRN,2024,TRN-PR,3.5 가솔린,AWD,실버,US-GA,central,52000
2024-06,VF3TPAHXRU0005951,TRN,2024,TRN-PR,2.5T 하이브리드,AWD,샌드 베이지,US-GA,west,52000
2024-06,VF3TPACXRU0005952,TRN,2024,TRN-PR,2.5T 하이브리드,AWD,스틸 그레이,US-GA,west,52000
2024-06,VF3TPFAXRU0005953,TRN,2024,TRN-PR,3.5 가솔린,FWD,스노우 화이트,US-GA,west,52000
2024-06,VF3TPAAXRU0005954,TRN,2024,TRN-PR,3.5 가솔린,AWD,스노우 화이트,US-GA,central,52000
2024-06,VF3TSABXRU0005955,TRN,2024,TRN-SU,2.5T 하이브리드,AWD,미드나잇 블랙,US-GA,south,59280
2024-06,VF3TPABXRU0005956,TRN,2024,TRN-PR,3.5 가솔린,AWD,미드나잇 블랙,US-GA,south,52000
2024-06,VF3TPAEXRU0005957,TRN,2024,TRN-PR,3.5 가솔린,AWD,오션 블루,US-GA,central,52000
2024-06,VF3TCADXRU0005958,TRN,2024,TRN-CO,2.5T 하이브리드,AWD,실버,US-GA,west,47840
2024-06,VF3TCAAXRU0005959,TRN,2024,TRN-CO,2.5T 하이브리드,AWD,스노우 화이트,US-GA,northeast,47840
2024-06,VF3TPFEXRU0005960,TRN,2024,TRN-PR,2.5T 하이브리드,FWD,오션 블루,US-GA,west,52000
2024-06,VF3TCFCXRU0005961,TRN,2024,TRN-CO,2.5T 하이브리드,FWD,스틸 그레이,US-GA,southeast,47840
2024-06,VF3TPABXRU0005962,TRN,2024,TRN-PR,2.5T 하이브리드,AWD,미드나잇 블랙,US-GA,central,52000
2024-06,VF3TCFBXRU0005963,TRN,2024,TRN-CO,3.5 가솔린,FWD,미드나잇 블랙,US-GA,south,47840
2024-06,VF3TPAAXRU0005964,TRN,2024,TRN-PR,3.5 가솔린,AWD,스노우 화이트,US-GA,west,52000
2024-06,VF3TCAGXRU0005965,TRN,2024,TRN-CO,3.5 가솔린,AWD,포레스트 그린,US-GA,west,47840
2024-06,VF3TSFBXRU0005966,TRN,2024,TRN-SU,3.5 가솔린,FWD,미드나잇 블랙,US-GA,west,59280
2024-06,VF3TSADXRU0005967,TRN,2024,TRN-SU,3.5 가솔린,AWD,실버,US-GA,northeast,59280
2024-06,VF3TSACXRU0005968,TRN,2024,TRN-SU,3.5 가솔린,AWD,스틸 그레이,US-GA,west,59280
2024-06,VF3TCFEXRU0005969,TRN,2024,TRN-CO,3.5 가솔린,FWD,오션 블루,US-GA,south,47840
2024-06,VF3TPAEXRU0005970,TRN,2024,TRN-PR,3.5 가솔린,AWD,오션 블루,US-GA,west,52000
2024-06,VF3TPFBXRU0005971,TRN,2024,TRN-PR,2.5T 하이브리드,FWD,미드나잇 블랙,US-GA,southeast,52000
2024-06,VF3TSFDXRU0005972,TRN,2024,TRN-SU,2.5T 하이브리드,FWD,실버,US-GA,southeast,59280
2024-06,VF3TCAEXRU0005973,TRN,2024,TRN-CO,2.5T 하이브리드,AWD,오션 블루,US-GA,central,47840
2024-06,VF3TCAFXRU0005974,TRN,2024,TRN-CO,3.5 가솔린,AWD,선셋 레드,US-GA,west,47840
2024-06,VF3TCABXRU0005975,TRN,2024,TRN-CO,2.5T 하이브리드,AWD,미드나잇 블랙,US-GA,west,47840
2024-06,VF3TPABXRU0005976,TRN,2024,TRN-PR,2.5T 하이브리드,AWD,미드나잇 블랙,US-GA,northeast,52000
2024-06,VF3TPFCXRU0005977,TRN,2024,TRN-PR,3.5 가솔린,FWD,스틸 그레이,US-GA,west,52000
2024-06,VF3TSAAXRU0005978,TRN,2024,TRN-SU,2.5T 하이브리드,AWD,스노우 화이트,US-GA,west,59280
2024-06,VF3TCFCXRU0005979,TRN,2024,TRN-CO,3.5 가솔린,FWD,스틸 그레이,US-GA,southeast,47840
2024-06,VF3TCAEXRU0005980,TRN,2024,TRN-CO,3.5 가솔린,AWD,오션 블루,US-GA,south,47840
2024-06,VF3TPABXRU0005981,TRN,2024,TRN-PR,2.5T 하이브리드,AWD,미드나잇 블랙,US-GA,northeast,52000
2024-06,VF3TPAAXRU0005982,TRN,2024,TRN-PR,3.5 가솔린,AWD,스노우 화이트,US-GA,south,52000
2024-06,VF3TPFFXRU0005983,TRN,2024,TRN-PR,3.5 가솔린,FWD,선셋 레드,US-GA,south,52000
2024-06,VF3TSAAXRU0005984,TRN,2024,TRN-SU,3.5 가솔린,AWD,스노우 화이트,US-GA,central,59280
2024-06,VF3TCACXRU0005985,TRN,2024,TRN-CO,3.5 가솔린,AWD,스틸 그레이,US-GA,northeast,47840
2024-06,VF3TSAAXRU0005986,TRN,2024,TRN-SU,3.5 가솔린,AWD,스노우 화이트,US-GA,northeast,59280
2024-06,VF3TSAEXRU0005987,TRN,2024,TRN-SU,3.5 가솔린,AWD,오션 블루,US-GA,northeast,59280
2024-06,VF3TPABXRU0005988,TRN,2024,TRN-PR,2.5T 하이브리드,AWD,미드나잇 블랙,US-GA,west,52000
2024-06,VF3TPABXRU0005989,TRN,2024,TRN-PR,3.5 가솔린,AWD,미드나잇 블랙,US-GA,south,52000
2024-06,VF3TPAFXRU0005990,TRN,2024,TRN-PR,3.5 가솔린,AWD,선셋 레드,US-GA,west,52000
2024-06,VF3TPFEXRU0005991,TRN,2024,TRN-PR,3.5 가솔린,FWD,오션 블루,US-GA,south,52000
2024-06,VF3TCAAXRU0005992,TRN,2024,TRN-CO,2.5T 하이브리드,AWD,스노우 화이트,US-GA,south,47840
2024-06,VF3TPACXRU0005993,TRN,2024,TRN-PR,3.5 가솔린,AWD,스틸 그레이,US-GA,south,52000
2024-06,VF3TPAEXRU0005994,TRN,2024,TRN-PR,3.5 가솔린,AWD,오션 블루,US-GA,central,52000
2024-06,VF3TPFEXRU0005995,TRN,2024,TRN-PR,3.5 가솔린,FWD,오션 블루,US-GA,west,52000
2024-06,VF3TSAAXRU0005996,TRN,2024,TRN-SU,3.5 가솔린,AWD,스노우 화이트,US-GA,northeast,59280
2024-06,VF3TPAAXRU0005997,TRN,2024,TRN-PR,3.5 가솔린,AWD,스노우 화이트,US-GA,south,52000
2024-06,VF3TCFCXRU0005998,TRN,2024,TRN-CO,3.5 가솔린,FWD,스틸 그레이,US-GA,south,47840
2024-06,VF3TCFGXRU0005999,TRN,2024,TRN-CO,3.5 가솔린,FWD,포레스트 그린,US-GA,south,47840
2024-06,VF3TSAAXRU0006000,TRN,2024,TRN-SU,3.5 가솔린,AWD,스노우 화이트,US-GA,central,59280
2024-06,VF3TPAHXRU0006001,TRN,2024,TRN-PR,2.5T 하이브리드,AWD,샌드 베이지,US-GA,northeast,52000
2024-06,VF3TSADXRU0006002,TRN,2024,TRN-SU,3.5 가솔린,AWD,실버,US-GA,west,59280
2024-06,VF3TPABXRU0006003,TRN,2024,TRN-PR,3.5 가솔린,AWD,미드나잇 블랙,US-GA,south,52000
2024-06,VF3TPABXRU0006004,TRN,2024,TRN-PR,3.5 가솔린,AWD,미드나잇 블랙,US-GA,west,52000
2024-06,VF3TPACXRU0006005,TRN,2024,TRN-PR,2.5T 하이브리드,AWD,스틸 그레이,US-GA,southeast,52000
2024-06,VF3TSAFXRU0006006,TRN,2024,TRN-SU,3.5 가솔린,AWD,선셋 레드,US-GA,south,59280
2024-06,VF3TPFFXRU0006007,TRN,2024,TRN-PR,3.5 가솔린,FWD,선셋 레드,US-GA,southeast,52000
2024-06,VF3TSAEXRU0006008,TRN,2024,TRN-SU,3.5 가솔린,AWD,오션 블루,US-GA,southeast,59280
2024-06,VF3TPAAXRU0006009,TRN,2024,TRN-PR,3.5 가솔린,AWD,스노우 화이트,US-GA,west,52000
2024-06,VF3TCAEXRU0006010,TRN,2024,TRN-CO,3.5 가솔린,AWD,오션 블루,US-GA,south,47840
2024-06,VF3TCABXRU0006011,TRN,2024,TRN-CO,2.5T 하이브리드,AWD,미드나잇 블랙,US-GA,west,47840
2024-06,VF3TPFAXRU0006012,TRN,2024,TRN-PR,2.5T 하이브리드,FWD,스노우 화이트,US-GA,south,52000
2024-06,VF3TCADXRU0006013,TRN,2024,TRN-CO,3.5 가솔린,AWD,실버,US-GA,west,47840
2024-06,VF3TSACXRU0006014,TRN,2024,TRN-SU,2.5T 하이브리드,AWD,스틸 그레이,US-GA,northeast,59280
2024-06,VF3TPAHXRU0006015,TRN,2024,TRN-PR,3.5 가솔린,AWD,샌드 베이지,US-GA,southeast,52000
2024-06,VF3TPAEXRU0006016,TRN,2024,TRN-PR,3.5 가솔린,AWD,오션 블루,US-GA,central,52000
2024-06,VF3TCFAXRU0006017,TRN,2024,TRN-CO,3.5 가솔린,FWD,스노우 화이트,US-GA,south,47840
2024-06,VF3TCFCXRU0006018,TRN,2024,TRN-CO,2.5T 하이브리드,FWD,스틸 그레이,US-GA,south,47840
2024-06,VF3TPACXRU0006019,TRN,2024,TRN-PR,2.5T 하이브리드,AWD,스틸 그레이,US-GA,southeast,52000
2024-06,VF3TCABXRU0006020,TRN,2024,TRN-CO,3.5 가솔린,AWD,미드나잇 블랙,US-GA,southeast,47840
2024-06,VF3TPFFXRU0006021,TRN,2024,TRN-PR,2.5T 하이브리드,FWD,선셋 레드,US-GA,south,52000
2024-06,VF3TPAAXRU0006022,TRN,2024,TRN-PR,2.5T 하이브리드,AWD,스노우 화이트,US-GA,southeast,52000
2024-06,VF3TCABXRU0006023,TRN,2024,TRN-CO,3.5 가솔린,AWD,미드나잇 블랙,US-GA,northeast,47840
2024-06,VF3TCFDXRU0006024,TRN,2024,TRN-CO,3.5 가솔린,FWD,실버,US-GA,south,47840
2024-06,VF3TPAAXRU0006025,TRN,2024,TRN-PR,2.5T 하이브리드,AWD,스노우 화이트,US-GA,west,52000
2024-06,VF3TSFAXRU0006026,TRN,2024,TRN-SU,3.5 가솔린,FWD,스노우 화이트,US-GA,southeast,59280
2024-06,VF3TPFAXRU0006027,TRN,2024,TRN-PR,3.5 가솔린,FWD,스노우 화이트,US-GA,west,52000
2024-06,VF3TSFEXRU0006028,TRN,2024,TRN-SU,3.5 가솔린,FWD,오션 블루,US-GA,south,59280
2024-06,VF3TPAEXRU0006029,TRN,2024,TRN-PR,2.5T 하이브리드,AWD,오션 블루,US-GA,northeast,52000
2024-06,VF3TSACXRU0006030,TRN,2024,TRN-SU,3.5 가솔린,AWD,스틸 그레이,US-GA,west,59280
2024-06,VF3TCFEXRU0006031,TRN,2024,TRN-CO,3.5 가솔린,FWD,오션 블루,US-GA,central,47840
2024-06,VF3TSFEXRU0006032,TRN,2024,TRN-SU,3.5 가솔린,FWD,오션 블루,US-GA,south,59280
2024-06,VF3TPABXRU0006033,TRN,2024,TRN-PR,3.5 가솔린,AWD,미드나잇 블랙,US-GA,southeast,52000
2024-06,VF3TPFEXRU0006034,TRN,2024,TRN-PR,2.5T 하이브리드,FWD,오션 블루,US-GA,northeast,52000
2024-06,VF3TPFBXRU0006035,TRN,2024,TRN-PR,3.5 가솔린,FWD,미드나잇 블랙,US-GA,south,52000
2024-06,VF3TPFDXRU0006036,TRN,2024,TRN-PR,3.5 가솔린,FWD,실버,US-GA,south,52000
2024-06,VF3TCAAXRU0006037,TRN,2024,TRN-CO,3.5 가솔린,AWD,스노우 화이트,US-GA,central,47840
2024-06,VF3TPABXRU0006038,TRN,2024,TRN-PR,3.5 가솔린,AWD,미드나잇 블랙,US-GA,west,52000
2024-06,VF3TCAGXRU0006039,TRN,2024,TRN-CO,3.5 가솔린,AWD,포레스트 그린,US-GA,central,47840
2024-06,VF3TCAAXRU0006040,TRN,2024,TRN-CO,3.5 가솔린,AWD,스노우 화이트,US-GA,southeast,47840
2024-06,VF3TPFHXRU0006041,TRN,2024,TRN-PR,3.5 가솔린,FWD,샌드 베이지,US-GA,south,52000
2024-06,VF3TPABXRU0006042,TRN,2024,TRN-PR,3.5 가솔린,AWD,미드나잇 블랙,US-GA,southeast,52000
2024-06,VF3TPAAXRU0006043,TRN,2024,TRN-PR,2.5T 하이브리드,AWD,스노우 화이트,US-GA,central,52000
2024-06,VF3TCFHXRU0006044,TRN,2024,TRN-CO,2.5T 하이브리드,FWD,샌드 베이지,US-GA,southeast,47840
2024-06,VF3TPAEXRU0006045,TRN,2024,TRN-PR,2.5T 하이브리드,AWD,오션 블루,US-GA,southeast,52000
2024-06,VF3TPABXRU0006046,TRN,2024,TRN-PR,3.5 가솔린,AWD,미드나잇 블랙,US-GA,south,52000
2024-06,VF3TCAFXRU0006047,TRN,2024,TRN-CO,3.5 가솔린,AWD,선셋 레드,US-GA,southeast,47840
2024-06,VF3TCACXRU0006048,TRN,2024,TRN-CO,3.5 가솔린,AWD,스틸 그레이,US-GA,northeast,47840
2024-06,VF3TPAAXRU0006049,TRN,2024,TRN-PR,2.5T 하이브리드,AWD,스노우 화이트,US-GA,northeast,52000
2024-06,VF3TCACXRU0006050,TRN,2024,TRN-CO,3.5 가솔린,AWD,스틸 그레이,US-GA,southeast,47840
2024-06,VF3TPFCXRU0006051,TRN,2024,TRN-PR,3.5 가솔린,FWD,스틸 그레이,US-GA,southeast,52000
2024-06,VF3TPADXRU0006052,TRN,2024,TRN-PR,2.5T 하이브리드,AWD,실버,US-GA,southeast,52000
2024-06,VF3TPAEXRU0006053,TRN,2024,TRN-PR,3.5 가솔린,AWD,오션 블루,US-GA,west,52000
2024-06,VF3TCAHXRU0006054,TRN,2024,TRN-CO,3.5 가솔린,AWD,샌드 베이지,US-GA,central,47840
2024-06,VF3TPADXRU0006055,TRN,2024,TRN-PR,3.5 가솔린,AWD,실버,US-GA,south,52000
2024-06,VF3TCAAXRU0006056,TRN,2024,TRN-CO,2.5T 하이브리드,AWD,스노우 화이트,US-GA,northeast,47840
2024-06,VF3TCFGXRU0006057,TRN,2024,TRN-CO,2.5T 하이브리드,FWD,포레스트 그린,US-GA,south,47840
2024-06,VF3TPAFXRU0006058,TRN,2024,TRN-PR,3.5 가솔린,AWD,선셋 레드,US-GA,west,52000
2024-06,VF3TCFAXRU0006059,TRN,2024,TRN-CO,3.5 가솔린,FWD,스노우 화이트,US-GA,southeast,47840
2024-06,VF3TCACXRU0006060,TRN,2024,TRN-CO,3.5 가솔린,AWD,스틸 그레이,US-GA,central,47840
2024-06,VF3TPAGXRU0006061,TRN,2024,TRN-PR,2.5T 하이브리드,AWD,포레스트 그린,US-GA,west,52000
2024-06,VF3TPFCXRU0006062,TRN,2024,TRN-PR,3.5 가솔린,FWD,스틸 그레이,US-GA,west,52000
2024-06,VF3TPAFXRU0006063,TRN,2024,TRN-PR,3.5 가솔린,AWD,선셋 레드,US-GA,west,52000
2024-06,VF3TPAFXRU0006064,TRN,2024,TRN-PR,3.5 가솔린,AWD,선셋 레드,US-GA,northeast,52000
2024-06,VF3TPFAXRU0006065,TRN,2024,TRN-PR,3.5 가솔린,FWD,스노우 화이트,US-GA,west,52000
2024-06,VF3TPFHXRU0006066,TRN,2024,TRN-PR,3.5 가솔린,FWD,샌드 베이지,US-GA,west,52000
2024-06,VF3TCFEXRU0006067,TRN,2024,TRN-CO,2.5T 하이브리드,FWD,오션 블루,US-GA,south,47840
2024-06,VF3TCFHXRU0006068,TRN,2024,TRN-CO,3.5 가솔린,FWD,샌드 베이지,US-GA,south,47840
2024-06,VF3TSAAXRU0006069,TRN,2024,TRN-SU,3.5 가솔린,AWD,스노우 화이트,US-GA,west,59280
2024-06,VF3TCADXRU0006070,TRN,2024,TRN-CO,3.5 가솔린,AWD,실버,US-GA,northeast,47840
2024-06,VF3TCABXRU0006071,TRN,2024,TRN-CO,3.5 가솔린,AWD,미드나잇 블랙,US-GA,west,47840
2024-06,VF3TPFHXRU0006072,TRN,2024,TRN-PR,2.5T 하이브리드,FWD,샌드 베이지,US-GA,south,52000
2024-06,VF3TPABXRU0006073,TRN,2024,TRN-PR,2.5T 하이브리드,AWD,미드나잇 블랙,US-GA,central,52000
2024-06,VF3TSFBXRU0006074,TRN,2024,TRN-SU,2.5T 하이브리드,FWD,미드나잇 블랙,US-GA,south,59280
2024-06,VF3TPFEXRU0006075,TRN,2024,TRN-PR,3.5 가솔린,FWD,오션 블루,US-GA,west,52000
2024-06,VF3TPACXRU0006076,TRN,2024,TRN-PR,2.5T 하이브리드,AWD,스틸 그레이,US-GA,west,52000
2024-06,VF3TPABXRU0006077,TRN,2024,TRN-PR,2.5T 하이브리드,AWD,미드나잇 블랙,US-GA,northeast,52000
2024-06,VF3TCAHXRU0006078,TRN,2024,TRN-CO,3.5 가솔린,AWD,샌드 베이지,US-GA,central,47840
2024-06,VF3TPAAXRU0006079,TRN,2024,TRN-PR,2.5T 하이브리드,AWD,스노우 화이트,US-GA,west,52000
2024-06,VF3TPAEXRU0006080,TRN,2024,TRN-PR,2.5T 하이브리드,AWD,오션 블루,US-GA,central,52000
2024-06,VF3TCACXRU0006081,TRN,2024,TRN-CO,2.5T 하이브리드,AWD,스틸 그레이,US-GA,west,47840
2024-06,VF3TCABXRU0006082,TRN,2024,TRN-CO,3.5 가솔린,AWD,미드나잇 블랙,US-GA,west,47840
2024-06,VF3TPFDXRU0006083,TRN,2024,TRN-PR,2.5T 하이브리드,FWD,실버,US-GA,south,52000
2024-06,VF3TCACXRU0006084,TRN,2024,TRN-CO,3.5 가솔린,AWD,스틸 그레이,US-GA,southeast,47840
2024-06,VF3TPABXRU0006085,TRN,2024,TRN-PR,3.5 가솔린,AWD,미드나잇 블랙,US-GA,northeast,52000
2024-06,VF3TCAAXRU0006086,TRN,2024,TRN-CO,3.5 가솔린,AWD,스노우 화이트,US-GA,south,47840
2024-06,VF3TSAAXRU0006087,TRN,2024,TRN-SU,2.5T 하이브리드,AWD,스노우 화이트,US-GA,south,59280
2024-06,VF3TPFDXRU0006088,TRN,2024,TRN-PR,2.5T 하이브리드,FWD,실버,US-GA,central,52000
2024-06,VF3TPAAXRU0006089,TRN,2024,TRN-PR,3.5 가솔린,AWD,스노우 화이트,US-GA,central,52000
2024-06,VF3TCFBXRU0006090,TRN,2024,TRN-CO,2.5T 하이브리드,FWD,미드나잇 블랙,US-GA,west,47840
2024-06,VF3TPAEXRU0006091,TRN,2024,TRN-PR,2.5T 하이브리드,AWD,오션 블루,US-GA,northeast,52000
2024-06,VF3TCAFXRU0006092,TRN,2024,TRN-CO,3.5 가솔린,AWD,선셋 레드,US-GA,northeast,47840
2024-06,VF3TCAEXRU0006093,TRN,2024,TRN-CO,2.5T 하이브리드,AWD,오션 블루,US-GA,west,47840
2024-06,VF3TPFCXRU0006094,TRN,2024,TRN-PR,3.5 가솔린,FWD,스틸 그레이,US-GA,south,52000
2024-06,VF3TCADXRU0006095,TRN,2024,TRN-CO,3.5 가솔린,AWD,실버,US-GA,west,47840
2024-06,VF3TCACXRU0006096,TRN,2024,TRN-CO,3.5 가솔린,AWD,스틸 그레이,US-GA,west,47840
2024-06,VF3TCACXRU0006097,TRN,2024,TRN-CO,2.5T 하이브리드,AWD,스틸 그레이,US-GA,northeast,47840
2024-06,VF3TSFAXRU0006098,TRN,2024,TRN-SU,3.5 가솔린,FWD,스노우 화이트,US-GA,south,59280
2024-06,VF3TPABXRU0006099,TRN,2024,TRN-PR,3.5 가솔린,AWD,미드나잇 블랙,US-GA,south,52000
2024-06,VF3TPFDXRU0006100,TRN,2024,TRN-PR,3.5 가솔린,FWD,실버,US-GA,central,52000
2024-06,VF3TPAFXRU0006101,TRN,2024,TRN-PR,3.5 가솔린,AWD,선셋 레드,US-GA,south,52000
2024-06,VF3TPFDXRU0006102,TRN,2024,TRN-PR,3.5 가솔린,FWD,실버,US-GA,southeast,52000
2024-06,VF3TCAHXRU0006103,TRN,2024,TRN-CO,3.5 가솔린,AWD,샌드 베이지,US-GA,west,47840
2024-06,VF3TPACXRU0006104,TRN,2024,TRN-PR,2.5T 하이브리드,AWD,스틸 그레이,US-GA,west,52000
2024-06,VF3TSAFXRU0006105,TRN,2024,TRN-SU,3.5 가솔린,AWD,선셋 레드,US-GA,south,59280
2024-06,VF3TPABXRU0006106,TRN,2024,TRN-PR,2.5T 하이브리드,AWD,미드나잇 블랙,US-GA,central,52000
2024-06,VF3TCACXRU0006107,TRN,2024,TRN-CO,2.5T 하이브리드,AWD,스틸 그레이,US-GA,west,47840
2024-06,VF3TCAHXRU0006108,TRN,2024,TRN-CO,2.5T 하이브리드,AWD,샌드 베이지,US-GA,south,47840
2024-06,VF3TPAAXRU0006109,TRN,2024,TRN-PR,3.5 가솔린,AWD,스노우 화이트,US-GA,south,52000
2024-06,VF3TSAFXRU0006110,TRN,2024,TRN-SU,3.5 가솔린,AWD,선셋 레드,US-GA,central,59280
2024-06,VF3TCAAXRU0006111,TRN,2024,TRN-CO,2.5T 하이브리드,AWD,스노우 화이트,US-GA,northeast,47840
2024-06,VF3TPAFXRU0006112,TRN,2024,TRN-PR,2.5T 하이브리드,AWD,선셋 레드,US-GA,northeast,52000
2024-06,VF3TCAHXRU0006113,TRN,2024,TRN-CO,2.5T 하이브리드,AWD,샌드 베이지,US-GA,central,47840
2024-06,VF3TCACXRU0006114,TRN,2024,TRN-CO,3.5 가솔린,AWD,스틸 그레이,US-GA,west,47840
2024-06,VF3TPABXRU0006115,TRN,2024,TRN-PR,3.5 가솔린,AWD,미드나잇 블랙,US-GA,northeast,52000
2024-06,VF3TPACXRU0006116,TRN,2024,TRN-PR,3.5 가솔린,AWD,스틸 그레이,US-GA,west,52000
2024-06,VF3TSAAXRU0006117,TRN,2024,TRN-SU,2.5T 하이브리드,AWD,스노우 화이트,US-GA,central,59280
2024-06,VF3TCAHXRU0006118,TRN,2024,TRN-CO,3.5 가솔린,AWD,샌드 베이지,US-GA,central,47840
2024-06,VF3TSFCXRU0006119,TRN,2024,TRN-SU,3.5 가솔린,FWD,스틸 그레이,US-GA,southeast,59280
2024-06,VF3TPADXRU0006120,TRN,2024,TRN-PR,3.5 가솔린,AWD,실버,US-GA,central,52000
2024-06,VF3TCAAXRU0006121,TRN,2024,TRN-CO,3.5 가솔린,AWD,스노우 화이트,US-GA,west,47840
2024-06,VF3TPAEXRU0006122,TRN,2024,TRN-PR,3.5 가솔린,AWD,오션 블루,US-GA,west,52000
2024-06,VF3TCACXRU0006123,TRN,2024,TRN-CO,3.5 가솔린,AWD,스틸 그레이,US-GA,northeast,47840
2024-06,VF3TPAHXRU0006124,TRN,2024,TRN-PR,2.5T 하이브리드,AWD,샌드 베이지,US-GA,west,52000
2024-06,VF3TSAAXRU0006125,TRN,2024,TRN-SU,3.5 가솔린,AWD,스노우 화이트,US-GA,central,59280
2024-06,VF3TPFCXRU0006126,TRN,2024,TRN-PR,3.5 가솔린,FWD,스틸 그레이,US-GA,south,52000
2024-06,VF3TCABXRU0006127,TRN,2024,TRN-CO,3.5 가솔린,AWD,미드나잇 블랙,US-GA,west,47840
2024-06,VF3TSFEXRU0006128,TRN,2024,TRN-SU,3.5 가솔린,FWD,오션 블루,US-GA,south,59280
2024-06,VF3TCFDXRU0006129,TRN,2024,TRN-CO,3.5 가솔린,FWD,실버,US-GA,south,47840
2024-06,VF3TPFFXRU0006130,TRN,2024,TRN-PR,2.5T 하이브리드,FWD,선셋 레드,US-GA,south,52000
2024-06,VF3TPABXRU0006131,TRN,2024,TRN-PR,2.5T 하이브리드,AWD,미드나잇 블랙,US-GA,west,52000
2024-06,VF3TCABXRU0006132,TRN,2024,TRN-CO,3.5 가솔린,AWD,미드나잇 블랙,US-GA,northeast,47840
2024-06,VF3TSFDXRU0006133,TRN,2024,TRN-SU,3.5 가솔린,FWD,실버,US-GA,south,59280
2024-06,VF3TPFEXRU0006134,TRN,2024,TRN-PR,3.5 가솔린,FWD,오션 블루,US-GA,central,52000
2024-06,VF3TSFCXRU0006135,TRN,2024,TRN-SU,2.5T 하이브리드,FWD,스틸 그레이,US-GA,south,59280
2024-06,VF3TPADXRU0006136,TRN,2024,TRN-PR,3.5 가솔린,AWD,실버,US-GA,south,52000
2024-06,VF3TCABXRU0006137,TRN,2024,TRN-CO,3.5 가솔린,AWD,미드나잇 블랙,US-GA,southeast,47840
2024-06,VF3TPAAXRU0006138,TRN,2024,TRN-PR,2.5T 하이브리드,AWD,스노우 화이트,US-GA,south,52000
2024-06,VF3TCFBXRU0006139,TRN,2024,TRN-CO,3.5 가솔린,FWD,미드나잇 블랙,US-GA,southeast,47840
2024-06,VF3TPADXRU0006140,TRN,2024,TRN-PR,3.5 가솔린,AWD,실버,US-GA,northeast,52000
2024-06,VF3TPAGXRU0006141,TRN,2024,TRN-PR,2.5T 하이브리드,AWD,포레스트 그린,US-GA,northeast,52000
2024-06,VF3TCAEXRU0006142,TRN,2024,TRN-CO,3.5 가솔린,AWD,오션 블루,US-GA,northeast,47840
2024-06,VF3TPABXRU0006143,TRN,2024,TRN-PR,2.5T 하이브리드,AWD,미드나잇 블랙,US-GA,southeast,52000
2024-06,VF3TCAHXRU0006144,TRN,2024,TRN-CO,2.5T 하이브리드,AWD,샌드 베이지,US-GA,west,47840
2024-06,VF3TPAEXRU0006145,TRN,2024,TRN-PR,2.5T 하이브리드,AWD,오션 블루,US-GA,northeast,52000
2024-06,VF3TPFBXRU0006146,TRN,2024,TRN-PR,3.5 가솔린,FWD,미드나잇 블랙,US-GA,south,52000
2024-06,VF3TCADXRU0006147,TRN,2024,TRN-CO,2.5T 하이브리드,AWD,실버,US-GA,southeast,47840
2024-06,VF3TCAHXRU0006148,TRN,2024,TRN-CO,3.5 가솔린,AWD,샌드 베이지,US-GA,central,47840
2024-06,VF3TPFGXRU0006149,TRN,2024,TRN-PR,3.5 가솔린,FWD,포레스트 그린,US-GA,south,52000
2024-06,VF3TCADXRU0006150,TRN,2024,TRN-CO,3.5 가솔린,AWD,실버,US-GA,south,47840
2024-06,VF3TPAFXRU0006151,TRN,2024,TRN-PR,3.5 가솔린,AWD,선셋 레드,US-GA,west,52000
2024-06,VF3TPADXRU0006152,TRN,2024,TRN-PR,3.5 가솔린,AWD,실버,US-GA,south,52000
2024-06,VF3TPACXRU0006153,TRN,2024,TRN-PR,3.5 가솔린,AWD,스틸 그레이,US-GA,west,52000
2024-06,VF3TSFCXRU0006154,TRN,2024,TRN-SU,2.5T 하이브리드,FWD,스틸 그레이,US-GA,west,59280
2024-06,VF3TPAFXRU0006155,TRN,2024,TRN-PR,3.5 가솔린,AWD,선셋 레드,US-GA,northeast,52000
2024-06,VF3TCAFXRU0006156,TRN,2024,TRN-CO,3.5 가솔린,AWD,선셋 레드,US-GA,central,47840
2024-06,VF3TCADXRU0006157,TRN,2024,TRN-CO,3.5 가솔린,AWD,실버,US-GA,northeast,47840
2024-06,VF3TPABXRU0006158,TRN,2024,TRN-PR,3.5 가솔린,AWD,미드나잇 블랙,US-GA,west,52000
2024-06,VF3TCAAXRU0006159,TRN,2024,TRN-CO,3.5 가솔린,AWD,스노우 화이트,US-GA,northeast,47840
2024-06,VF3TCACXRU0006160,TRN,2024,TRN-CO,3.5 가솔린,AWD,스틸 그레이,US-GA,west,47840
2024-06,VF3TPFCXRU0006161,TRN,2024,TRN-PR,2.5T 하이브리드,FWD,스틸 그레이,US-GA,south,52000
2024-06,VF3TCABXRU0006162,TRN,2024,TRN-CO,3.5 가솔린,AWD,미드나잇 블랙,US-GA,central,47840
2024-06,VF3TSADXRU0006163,TRN,2024,TRN-SU,3.5 가솔린,AWD,실버,US-GA,central,59280
2024-06,VF3TCAAXRU0006164,TRN,2024,TRN-CO,2.5T 하이브리드,AWD,스노우 화이트,US-GA,central,47840
2024-06,VF3TPFDXRU0006165,TRN,2024,TRN-PR,3.5 가솔린,FWD,실버,US-GA,south,52000
2024-06,VF3TPADXRU0006166,TRN,2024,TRN-PR,3.5 가솔린,AWD,실버,US-GA,central,52000
2024-06,VF3TCAEXRU0006167,TRN,2024,TRN-CO,3.5 가솔린,AWD,오션 블루,US-GA,west,47840
2024-06,VF3TCFGXRU0006168,TRN,2024,TRN-CO,3.5 가솔린,FWD,포레스트 그린,US-GA,west,47840
2024-06,VF3TSAAXRU0006169,TRN,2024,TRN-SU,3.5 가솔린,AWD,스노우 화이트,US-GA,south,59280
2024-06,VF3TCFCXRU0006170,TRN,2024,TRN-CO,3.5 가솔린,FWD,스틸 그레이,US-GA,southeast,47840
2024-06,VF3TPACXRU0006171,TRN,2024,TRN-PR,3.5 가솔린,AWD,스틸 그레이,US-GA,southeast,52000
2024-06,VF3TPFDXRU0006172,TRN,2024,TRN-PR,3.5 가솔린,FWD,실버,US-GA,central,52000
2024-06,VF3TCFGXRU0006173,TRN,2024,TRN-CO,2.5T 하이브리드,FWD,포레스트 그린,US-GA,south,47840
2024-06,VF3TCABXRU0006174,TRN,2024,TRN-CO,3.5 가솔린,AWD,미드나잇 블랙,US-GA,southeast,47840
2024-06,VF3TSFEXRU0006175,TRN,2024,TRN-SU,2.5T 하이브리드,FWD,오션 블루,US-GA,southeast,59280
2024-06,VF3TPFBXRU0006176,TRN,2024,TRN-PR,3.5 가솔린,FWD,미드나잇 블랙,US-GA,southeast,52000
2024-06,VF3TSABXRU0006177,TRN,2024,TRN-SU,3.5 가솔린,AWD,미드나잇 블랙,US-GA,west,59280
2024-06,VF3TSAFXRU0006178,TRN,2024,TRN-SU,2.5T 하이브리드,AWD,선셋 레드,US-GA,central,59280
2024-06,VF3TCAAXRU0006179,TRN,2024,TRN-CO,3.5 가솔린,AWD,스노우 화이트,US-GA,southeast,47840
2024-06,VF3TCABXRU0006180,TRN,2024,TRN-CO,3.5 가솔린,AWD,미드나잇 블랙,US-GA,central,47840
2024-06,VF3TPFHXRU0006181,TRN,2024,TRN-PR,3.5 가솔린,FWD,샌드 베이지,US-GA,southeast,52000
2024-06,VF3TPAAXRU0006182,TRN,2024,TRN-PR,2.5T 하이브리드,AWD,스노우 화이트,US-GA,west,52000
2024-06,VF3TCAAXRU0006183,TRN,2024,TRN-CO,2.5T 하이브리드,AWD,스노우 화이트,US-GA,northeast,47840
2024-06,VF3TPFEXRU0006184,TRN,2024,TRN-PR,3.5 가솔린,FWD,오션 블루,US-GA,west,52000
2024-06,VF3TCABXRU0006185,TRN,2024,TRN-CO,3.5 가솔린,AWD,미드나잇 블랙,US-GA,southeast,47840
2024-06,VF3TPFAXRU0006186,TRN,2024,TRN-PR,3.5 가솔린,FWD,스노우 화이트,US-GA,central,52000
2024-06,VF3TCFDXRU0006187,TRN,2024,TRN-CO,3.5 가솔린,FWD,실버,US-GA,south,47840
2024-06,VF3TPAAXRU0006188,TRN,2024,TRN-PR,2.5T 하이브리드,AWD,스노우 화이트,US-GA,west,52000
2024-06,VF3TCFBXRU0006189,TRN,2024,TRN-CO,3.5 가솔린,FWD,미드나잇 블랙,US-GA,central,47840
2024-06,VF3TPAHXRU0006190,TRN,2024,TRN-PR,2.5T 하이브리드,AWD,샌드 베이지,US-GA,central,52000
2024-06,VF3TCAAXRU0006191,TRN,2024,TRN-CO,3.5 가솔린,AWD,스노우 화이트,US-GA,northeast,47840
2024-06,VF3TCAGXRU0006192,TRN,2024,TRN-CO,3.5 가솔린,AWD,포레스트 그린,US-GA,south,47840
2024-06,VF3TSFFXRU0006193,TRN,2024,TRN-SU,3.5 가솔린,FWD,선셋 레드,US-GA,south,59280
2024-06,VF3TCAFXRU0006194,TRN,2024,TRN-CO,2.5T 하이브리드,AWD,선셋 레드,US-GA,west,47840
2024-06,VF3TCADXRU0006195,TRN,2024,TRN-CO,2.5T 하이브리드,AWD,실버,US-GA,west,47840
2024-06,VF3TPFBXRU0006196,TRN,2024,TRN-PR,2.5T 하이브리드,FWD,미드나잇 블랙,US-GA,south,52000
2024-06,VF3TPFCXRU0006197,TRN,2024,TRN-PR,3.5 가솔린,FWD,스틸 그레이,US-GA,southeast,52000
2024-06,VF3TPACXRU0006198,TRN,2024,TRN-PR,3.5 가솔린,AWD,스틸 그레이,US-GA,west,52000
2024-06,VF3TCAEXRU0006199,TRN,2024,TRN-CO,3.5 가솔린,AWD,오션 블루,US-GA,south,47840
2024-06,VF3TCACXRU0006200,TRN,2024,TRN-CO,2.5T 하이브리드,AWD,스틸 그레이,US-GA,south,47840
2024-06,VF3TSAAXRU0006201,TRN,2024,TRN-SU,2.5T 하이브리드,AWD,스노우 화이트,US-GA,west,59280
2024-06,VF3TPABXRU0006202,TRN,2024,TRN-PR,2.5T 하이브리드,AWD,미드나잇 블랙,US-GA,southeast,52000
2024-06,VF3TPFGXRU0006203,TRN,2024,TRN-PR,3.5 가솔린,FWD,포레스트 그린,US-GA,south,52000
2024-06,VF3TSAAXRU0006204,TRN,2024,TRN-SU,2.5T 하이브리드,AWD,스노우 화이트,US-GA,west,59280
2024-06,VF3TCACXRU0006205,TRN,2024,TRN-CO,3.5 가솔린,AWD,스틸 그레이,US-GA,west,47840
2024-06,VF3TCACXRU0006206,TRN,2024,TRN-CO,3.5 가솔린,AWD,스틸 그레이,US-GA,northeast,47840
2024-06,VF3TCFEXRU0006207,TRN,2024,TRN-CO,2.5T 하이브리드,FWD,오션 블루,US-GA,south,47840
2024-06,VF3TPABXRU0006208,TRN,2024,TRN-PR,3.5 가솔린,AWD,미드나잇 블랙,US-GA,northeast,52000
2024-06,VF3TSACXRU0006209,TRN,2024,TRN-SU,3.5 가솔린,AWD,스틸 그레이,US-GA,northeast,59280
2024-06,VF3TPAAXRU0006210,TRN,2024,TRN-PR,3.5 가솔린,AWD,스노우 화이트,US-GA,northeast,52000
2024-06,VF3TSACXRU0006211,TRN,2024,TRN-SU,3.5 가솔린,AWD,스틸 그레이,US-GA,central,59280
2024-06,VF3TCABXRU0006212,TRN,2024,TRN-CO,3.5 가솔린,AWD,미드나잇 블랙,US-GA,south,47840
2024-06,VF3TCFEXRU0006213,TRN,2024,TRN-CO,3.5 가솔린,FWD,오션 블루,US-GA,south,47840
2024-06,VF3TCFAXRU0006214,TRN,2024,TRN-CO,3.5 가솔린,FWD,스노우 화이트,US-GA,west,47840
2024-06,VF3TCADXRU0006215,TRN,2024,TRN-CO,3.5 가솔린,AWD,실버,US-GA,south,47840
2024-06,VF3TPAAXRU0006216,TRN,2024,TRN-PR,3.5 가솔린,AWD,스노우 화이트,US-GA,south,52000
2024-06,VF3TCABXRU0006217,TRN,2024,TRN-CO,3.5 가솔린,AWD,미드나잇 블랙,US-GA,south,47840
2024-06,VF3TCAEXRU0006218,TRN,2024,TRN-CO,3.5 가솔린,AWD,오션 블루,US-GA,northeast,47840
2024-06,VF3TSAAXRU0006219,TRN,2024,TRN-SU,3.5 가솔린,AWD,스노우 화이트,US-GA,southeast,59280
2024-06,VF3TPAAXRU0006220,TRN,2024,TRN-PR,3.5 가솔린,AWD,스노우 화이트,US-GA,northeast,52000
2024-06,VF3TCAAXRU0006221,TRN,2024,TRN-CO,2.5T 하이브리드,AWD,스노우 화이트,US-GA,central,47840
2024-06,VF3TSFEXRU0006222,TRN,2024,TRN-SU,2.5T 하이브리드,FWD,오션 블루,US-GA,south,59280
2024-06,VF3TCFAXRU0006223,TRN,2024,TRN-CO,3.5 가솔린,FWD,스노우 화이트,US-GA,west,47840
2024-06,VF3TPAAXRU0006224,TRN,2024,TRN-PR,2.5T 하이브리드,AWD,스노우 화이트,US-GA,southeast,52000
2024-06,VF3TSFDXRU0006225,TRN,2024,TRN-SU,3.5 가솔린,FWD,실버,US-GA,west,59280
2024-06,VF3TCABXRU0006226,TRN,2024,TRN-CO,3.5 가솔린,AWD,미드나잇 블랙,US-GA,central,47840
2024-06,VF3TCAFXRU0006227,TRN,2024,TRN-CO,3.5 가솔린,AWD,선셋 레드,US-GA,northeast,47840
2024-06,VF3TPABXRU0006228,TRN,2024,TRN-PR,2.5T 하이브리드,AWD,미드나잇 블랙,US-GA,northeast,52000
2024-06,VF3TPADXRU0006229,TRN,2024,TRN-PR,3.5 가솔린,AWD,실버,US-GA,central,52000
2024-06,VF3TPACXRU0006230,TRN,2024,TRN-PR,3.5 가솔린,AWD,스틸 그레이,US-GA,central,52000
2024-06,VF3TSFDXRU0006231,TRN,2024,TRN-SU,2.5T 하이브리드,FWD,실버,US-GA,south,59280
2024-06,VF3TPACXRU0006232,TRN,2024,TRN-PR,3.5 가솔린,AWD,스틸 그레이,US-GA,south,52000
2024-06,VF3TPFDXRU0006233,TRN,2024,TRN-PR,3.5 가솔린,FWD,실버,US-GA,south,52000
2024-06,VF3TPFGXRU0006234,TRN,2024,TRN-PR,3.5 가솔린,FWD,포레스트 그린,US-GA,central,52000
2024-06,VF3TCABXRU0006235,TRN,2024,TRN-CO,2.5T 하이브리드,AWD,미드나잇 블랙,US-GA,south,47840
2024-06,VF3VPFBXRU0006236,VST,2024,VST-PR,2.5 가솔린,FWD,미드나잇 블랙,US-GA,central,38500
2024-06,VF3VPFFXRU0006237,VST,2024,VST-PR,1.6T 하이브리드,FWD,선셋 레드,US-GA,west,38500
2024-06,VF3VPADXRU0006238,VST,2024,VST-PR,2.5 가솔린,AWD,실버,US-GA,central,38500
2024-06,VF3VCABXRU0006239,VST,2024,VST-CO,2.5 가솔린,AWD,미드나잇 블랙,US-GA,south,35420
2024-06,VF3VCFFXRU0006240,VST,2024,VST-CO,2.5 가솔린,FWD,선셋 레드,US-GA,south,35420
2024-06,VF3VPABXRU0006241,VST,2024,VST-PR,2.5 가솔린,AWD,미드나잇 블랙,US-GA,west,38500
2024-06,VF3VPFCXRU0006242,VST,2024,VST-PR,1.6T 하이브리드,FWD,스틸 그레이,US-GA,northeast,38500
2024-06,VF3VPABXRU0006243,VST,2024,VST-PR,2.5 가솔린,AWD,미드나잇 블랙,US-GA,southeast,38500
2024-06,VF3VCAAXRU0006244,VST,2024,VST-CO,2.5 가솔린,AWD,스노우 화이트,US-GA,central,35420
2024-06,VF3VCFCXRU0006245,VST,2024,VST-CO,1.6T 하이브리드,FWD,스틸 그레이,US-GA,west,35420
2024-06,VF3VSAGXRU0006246,VST,2024,VST-TR,1.6T 하이브리드,AWD,포레스트 그린,US-GA,central,43890
2024-06,VF3VPFEXRU0006247,VST,2024,VST-PR,2.5 가솔린,FWD,오션 블루,US-GA,west,38500
2024-06,VF3VSFBXRU0006248,VST,2024,VST-TR,1.6T 하이브리드,FWD,미드나잇 블랙,US-GA,southeast,43890
2024-06,VF3VCABXRU0006249,VST,2024,VST-CO,1.6T 하이브리드,AWD,미드나잇 블랙,US-GA,west,35420
2024-06,VF3VSFAXRU0006250,VST,2024,VST-TR,1.6T 하이브리드,FWD,스노우 화이트,US-GA,northeast,43890
2024-06,VF3VPFHXRU0006251,VST,2024,VST-PR,1.6T 하이브리드,FWD,샌드 베이지,US-GA,northeast,38500
2024-06,VF3VPFFXRU0006252,VST,2024,VST-PR,2.5 가솔린,FWD,선셋 레드,US-GA,northeast,38500
2024-06,VF3VPFEXRU0006253,VST,2024,VST-PR,2.5 가솔린,FWD,오션 블루,US-GA,west,38500
2024-06,VF3VCFAXRU0006254,VST,2024,VST-CO,2.5 가솔린,FWD,스노우 화이트,US-GA,west,35420
2024-06,VF3VCACXRU0006255,VST,2024,VST-CO,2.5 가솔린,AWD,스틸 그레이,US-GA,west,35420
2024-06,VF3VCFAXRU0006256,VST,2024,VST-CO,1.6T 하이브리드,FWD,스노우 화이트,US-GA,south,35420
2024-06,VF3VPAAXRU0006257,VST,2024,VST-PR,2.5 가솔린,AWD,스노우 화이트,US-GA,northeast,38500
2024-06,VF3VCFDXRU0006258,VST,2024,VST-CO,1.6T 하이브리드,FWD,실버,US-GA,south,35420
2024-06,VF3VSAAXRU0006259,VST,2024,VST-TR,1.6T 하이브리드,AWD,스노우 화이트,US-GA,southeast,43890
2024-06,VF3VSFCXRU0006260,VST,2024,VST-TR,1.6T 하이브리드,FWD,스틸 그레이,US-GA,central,43890
2024-06,VF3VCACXRU0006261,VST,2024,VST-CO,1.6T 하이브리드,AWD,스틸 그레이,US-GA,west,35420
2024-06,VF3VSABXRU0006262,VST,2024,VST-TR,2.5 가솔린,AWD,미드나잇 블랙,US-GA,southeast,43890
2024-06,VF3VPADXRU0006263,VST,2024,VST-PR,2.5 가솔린,AWD,실버,US-GA,west,38500
2024-06,VF3VCFAXRU0006264,VST,2024,VST-CO,2.5 가솔린,FWD,스노우 화이트,US-GA,south,35420
2024-06,VF3VSFBXRU0006265,VST,2024,VST-TR,2.5 가솔린,FWD,미드나잇 블랙,US-GA,southeast,43890
2024-06,VF3VPFAXRU0006266,VST,2024,VST-PR,2.5 가솔린,FWD,스노우 화이트,US-GA,west,38500
2024-06,VF3VCFAXRU0006267,VST,2024,VST-CO,1.6T 하이브리드,FWD,스노우 화이트,US-GA,west,35420
2024-06,VF3VSADXRU0006268,VST,2024,VST-TR,1.6T 하이브리드,AWD,실버,US-GA,northeast,43890
2024-06,VF3VSFEXRU0006269,VST,2024,VST-TR,2.5 가솔린,FWD,오션 블루,US-GA,west,43890
2024-06,VF3VPFDXRU0006270,VST,2024,VST-PR,1.6T 하이브리드,FWD,실버,US-GA,south,38500
2024-06,VF3VPACXRU0006271,VST,2024,VST-PR,1.6T 하이브리드,AWD,스틸 그레이,US-GA,central,38500
2024-06,VF3VCABXRU0006272,VST,2024,VST-CO,2.5 가솔린,AWD,미드나잇 블랙,US-GA,central,35420
2024-06,VF3VCABXRU0006273,VST,2024,VST-CO,2.5 가솔린,AWD,미드나잇 블랙,US-GA,southeast,35420
2024-06,VF3VCFDXRU0006274,VST,2024,VST-CO,2.5 가솔린,FWD,실버,US-GA,northeast,35420
2024-06,VF3VSABXRU0006275,VST,2024,VST-TR,2.5 가솔린,AWD,미드나잇 블랙,US-GA,south,43890
2024-06,VF3VCFGXRU0006276,VST,2024,VST-CO,2.5 가솔린,FWD,포레스트 그린,US-GA,northeast,35420
2024-06,VF3VSFHXRU0006277,VST,2024,VST-TR,2.5 가솔린,FWD,샌드 베이지,US-GA,west,43890
2024-06,VF3VCFFXRU0006278,VST,2024,VST-CO,2.5 가솔린,FWD,선셋 레드,US-GA,southeast,35420
2024-06,VF3VPABXRU0006279,VST,2024,VST-PR,2.5 가솔린,AWD,미드나잇 블랙,US-GA,central,38500
2024-06,VF3VSFHXRU0006280,VST,2024,VST-TR,2.5 가솔린,FWD,샌드 베이지,US-GA,south,43890
2024-06,VF3VPFAXRU0006281,VST,2024,VST-PR,2.5 가솔린,FWD,스노우 화이트,US-GA,southeast,38500
2024-06,VF3VPFFXRU0006282,VST,2024,VST-PR,2.5 가솔린,FWD,선셋 레드,US-GA,southeast,38500
2024-06,VF3VPAAXRU0006283,VST,2024,VST-PR,2.5 가솔린,AWD,스노우 화이트,US-GA,central,38500
2024-06,VF3VCFCXRU0006284,VST,2024,VST-CO,2.5 가솔린,FWD,스틸 그레이,US-GA,west,35420
2024-06,VF3VSFAXRU0006285,VST,2024,VST-TR,1.6T 하이브리드,FWD,스노우 화이트,US-GA,west,43890
2024-06,VF3VCAFXRU0006286,VST,2024,VST-CO,2.5 가솔린,AWD,선셋 레드,US-GA,west,35420
2024-06,VF3VPFHXRU0006287,VST,2024,VST-PR,2.5 가솔린,FWD,샌드 베이지,US-GA,west,38500
2024-06,VF3VCFBXRU0006288,VST,2024,VST-CO,1.6T 하이브리드,FWD,미드나잇 블랙,US-GA,west,35420
2024-06,VF3VCFGXRU0006289,VST,2024,VST-CO,1.6T 하이브리드,FWD,포레스트 그린,US-GA,west,35420
2024-06,VF3VSFGXRU0006290,VST,2024,VST-TR,2.5 가솔린,FWD,포레스트 그린,US-GA,south,43890
2024-06,VF3VPADXRU0006291,VST,2024,VST-PR,2.5 가솔린,AWD,실버,US-GA,south,38500
2024-06,VF3VPFGXRU0006292,VST,2024,VST-PR,2.5 가솔린,FWD,포레스트 그린,US-GA,west,38500
2024-06,VF3VPAHXRU0006293,VST,2024,VST-PR,1.6T 하이브리드,AWD,샌드 베이지,US-GA,southeast,38500
2024-06,VF3VCFFXRU0006294,VST,2024,VST-CO,1.6T 하이브리드,FWD,선셋 레드,US-GA,south,35420
2024-06,VF3VCFAXRU0006295,VST,2024,VST-CO,2.5 가솔린,FWD,스노우 화이트,US-GA,southeast,35420
2024-06,VF3VSFHXRU0006296,VST,2024,VST-TR,2.5 가솔린,FWD,샌드 베이지,US-GA,southeast,43890
2024-06,VF3VPFCXRU0006297,VST,2024,VST-PR,2.5 가솔린,FWD,스틸 그레이,US-GA,central,38500
2024-06,VF3VSFFXRU0006298,VST,2024,VST-TR,2.5 가솔린,FWD,선셋 레드,US-GA,central,43890
2024-06,VF3VSADXRU0006299,VST,2024,VST-TR,2.5 가솔린,AWD,실버,US-GA,central,43890
2024-06,VF3VSFFXRU0006300,VST,2024,VST-TR,1.6T 하이브리드,FWD,선셋 레드,US-GA,northeast,43890
2024-06,VF3VSFAXRU0006301,VST,2024,VST-TR,1.6T 하이브리드,FWD,스노우 화이트,US-GA,central,43890
2024-06,VF3VCFDXRU0006302,VST,2024,VST-CO,1.6T 하이브리드,FWD,실버,US-GA,south,35420
2024-06,VF3VPAAXRU0006303,VST,2024,VST-PR,1.6T 하이브리드,AWD,스노우 화이트,US-GA,west,38500
2024-06,VF3VCFAXRU0006304,VST,2024,VST-CO,2.5 가솔린,FWD,스노우 화이트,US-GA,west,35420
2024-06,VF3VPFEXRU0006305,VST,2024,VST-PR,2.5 가솔린,FWD,오션 블루,US-GA,west,38500
2024-06,VF3VSFAXRU0006306,VST,2024,VST-TR,2.5 가솔린,FWD,스노우 화이트,US-GA,southeast,43890
2024-06,VF3VCFEXRU0006307,VST,2024,VST-CO,2.5 가솔린,FWD,오션 블루,US-GA,west,35420
2024-06,VF3VSFBXRU0006308,VST,2024,VST-TR,2.5 가솔린,FWD,미드나잇 블랙,US-GA,south,43890
2024-06,VF3VCFAXRU0006309,VST,2024,VST-CO,1.6T 하이브리드,FWD,스노우 화이트,US-GA,west,35420
2024-06,VF3VPAFXRU0006310,VST,2024,VST-PR,1.6T 하이브리드,AWD,선셋 레드,US-GA,central,38500
2024-06,VF3VPFBXRU0006311,VST,2024,VST-PR,1.6T 하이브리드,FWD,미드나잇 블랙,US-GA,northeast,38500
2024-06,VF3VCAHXRU0006312,VST,2024,VST-CO,1.6T 하이브리드,AWD,샌드 베이지,US-GA,west,35420
2024-06,VF3VPFBXRU0006313,VST,2024,VST-PR,1.6T 하이브리드,FWD,미드나잇 블랙,US-GA,southeast,38500
2024-06,VF3VCADXRU0006314,VST,2024,VST-CO,2.5 가솔린,AWD,실버,US-GA,northeast,35420
2024-06,VF3VPABXRU0006315,VST,2024,VST-PR,2.5 가솔린,AWD,미드나잇 블랙,US-GA,northeast,38500
2024-06,VF3VCFEXRU0006316,VST,2024,VST-CO,1.6T 하이브리드,FWD,오션 블루,US-GA,central,35420
2024-06,VF3VPAGXRU0006317,VST,2024,VST-PR,1.6T 하이브리드,AWD,포레스트 그린,US-GA,southeast,38500
2024-06,VF3VPFAXRU0006318,VST,2024,VST-PR,1.6T 하이브리드,FWD,스노우 화이트,US-GA,southeast,38500
2024-06,VF3VPABXRU0006319,VST,2024,VST-PR,2.5 가솔린,AWD,미드나잇 블랙,US-GA,west,38500
2024-06,VF3VCAAXRU0006320,VST,2024,VST-CO,2.5 가솔린,AWD,스노우 화이트,US-GA,west,35420
2024-06,VF3VPABXRU0006321,VST,2024,VST-PR,1.6T 하이브리드,AWD,미드나잇 블랙,US-GA,south,38500
2024-06,VF3VCAAXRU0006322,VST,2024,VST-CO,1.6T 하이브리드,AWD,스노우 화이트,US-GA,northeast,35420
2024-06,VF3VPABXRU0006323,VST,2024,VST-PR,2.5 가솔린,AWD,미드나잇 블랙,US-GA,northeast,38500
2024-06,VF3VCFDXRU0006324,VST,2024,VST-CO,2.5 가솔린,FWD,실버,US-GA,south,35420
2024-06,VF3VCACXRU0006325,VST,2024,VST-CO,2.5 가솔린,AWD,스틸 그레이,US-GA,northeast,35420
2024-06,VF3VCAEXRU0006326,VST,2024,VST-CO,1.6T 하이브리드,AWD,오션 블루,US-GA,south,35420
2024-06,VF3VPFAXRU0006327,VST,2024,VST-PR,1.6T 하이브리드,FWD,스노우 화이트,US-GA,south,38500
2024-06,VF3VCFGXRU0006328,VST,2024,VST-CO,2.5 가솔린,FWD,포레스트 그린,US-GA,west,35420
2024-06,VF3VPFEXRU0006329,VST,2024,VST-PR,2.5 가솔린,FWD,오션 블루,US-GA,southeast,38500
2024-06,VF3VSFDXRU0006330,VST,2024,VST-TR,1.6T 하이브리드,FWD,실버,US-GA,west,43890
2024-06,VF3VPADXRU0006331,VST,2024,VST-PR,1.6T 하이브리드,AWD,실버,US-GA,northeast,38500
2024-06,VF3VSADXRU0006332,VST,2024,VST-TR,2.5 가솔린,AWD,실버,US-GA,southeast,43890
2024-06,VF3VCFDXRU0006333,VST,2024,VST-CO,1.6T 하이브리드,FWD,실버,US-GA,southeast,35420
2024-06,VF3VCAAXRU0006334,VST,2024,VST-CO,1.6T 하이브리드,AWD,스노우 화이트,US-GA,northeast,35420
2024-06,VF3VPACXRU0006335,VST,2024,VST-PR,2.5 가솔린,AWD,스틸 그레이,US-GA,northeast,38500
2024-06,VF3VCFHXRU0006336,VST,2024,VST-CO,1.6T 하이브리드,FWD,샌드 베이지,US-GA,southeast,35420
2024-06,VF3VPFAXRU0006337,VST,2024,VST-PR,2.5 가솔린,FWD,스노우 화이트,US-GA,northeast,38500
2024-06,VF3VCFDXRU0006338,VST,2024,VST-CO,2.5 가솔린,FWD,실버,US-GA,south,35420
2024-06,VF3VPFDXRU0006339,VST,2024,VST-PR,2.5 가솔린,FWD,실버,US-GA,west,38500
2024-06,VF3VCFEXRU0006340,VST,2024,VST-CO,2.5 가솔린,FWD,오션 블루,US-GA,west,35420
2024-06,VF3VSFDXRU0006341,VST,2024,VST-TR,2.5 가솔린,FWD,실버,US-GA,south,43890
2024-06,VF3VCFEXRU0006342,VST,2024,VST-CO,2.5 가솔린,FWD,오션 블루,US-GA,central,35420
2024-06,VF3VPAEXRU0006343,VST,2024,VST-PR,2.5 가솔린,AWD,오션 블루,US-GA,northeast,38500
2024-06,VF3VCAAXRU0006344,VST,2024,VST-CO,2.5 가솔린,AWD,스노우 화이트,US-GA,central,35420
2024-06,VF3VPFAXRU0006345,VST,2024,VST-PR,2.5 가솔린,FWD,스노우 화이트,US-GA,southeast,38500
2024-06,VF3VCAAXRU0006346,VST,2024,VST-CO,2.5 가솔린,AWD,스노우 화이트,US-GA,southeast,35420
2024-06,VF3VCAAXRU0006347,VST,2024,VST-CO,2.5 가솔린,AWD,스노우 화이트,US-GA,west,35420
2024-06,VF3VPACXRU0006348,VST,2024,VST-PR,1.6T 하이브리드,AWD,스틸 그레이,US-GA,south,38500
2024-06,VF3VCFBXRU0006349,VST,2024,VST-CO,2.5 가솔린,FWD,미드나잇 블랙,US-GA,southeast,35420
2024-06,VF3VPADXRU0006350,VST,2024,VST-PR,2.5 가솔린,AWD,실버,US-GA,west,38500
2024-06,VF3VPFEXRU0006351,VST,2024,VST-PR,2.5 가솔린,FWD,오션 블루,US-GA,southeast,38500
2024-06,VF3VCFFXRU0006352,VST,2024,VST-CO,2.5 가솔린,FWD,선셋 레드,US-GA,southeast,35420
2024-06,VF3VSFGXRU0006353,VST,2024,VST-TR,2.5 가솔린,FWD,포레스트 그린,US-GA,south,43890
2024-06,VF3VPAAXRU0006354,VST,2024,VST-PR,1.6T 하이브리드,AWD,스노우 화이트,US-GA,west,38500
2024-06,VF3VSFBXRU0006355,VST,2024,VST-TR,2.5 가솔린,FWD,미드나잇 블랙,US-GA,west,43890
2024-06,VF3VSACXRU0006356,VST,2024,VST-TR,1.6T 하이브리드,AWD,스틸 그레이,US-GA,west,43890
2024-06,VF3VCFDXRU0006357,VST,2024,VST-CO,2.5 가솔린,FWD,실버,US-GA,west,35420
2024-06,VF3VSFAXRU0006358,VST,2024,VST-TR,2.5 가솔린,FWD,스노우 화이트,US-GA,northeast,43890
2024-06,VF3VCACXRU0006359,VST,2024,VST-CO,1.6T 하이브리드,AWD,스틸 그레이,US-GA,south,35420
2024-06,VF3VSAHXRU0006360,VST,2024,VST-TR,1.6T 하이브리드,AWD,샌드 베이지,US-GA,southeast,43890
2024-06,VF3VPFDXRU0006361,VST,2024,VST-PR,2.5 가솔린,FWD,실버,US-GA,central,38500
2024-06,VF3VPFHXRU0006362,VST,2024,VST-PR,2.5 가솔린,FWD,샌드 베이지,US-GA,northeast,38500
2024-06,VF3VSACXRU0006363,VST,2024,VST-TR,1.6T 하이브리드,AWD,스틸 그레이,US-GA,southeast,43890
2024-06,VF3VCFCXRU0006364,VST,2024,VST-CO,1.6T 하이브리드,FWD,스틸 그레이,US-GA,west,35420
2024-06,VF3VPABXRU0006365,VST,2024,VST-PR,2.5 가솔린,AWD,미드나잇 블랙,US-GA,south,38500
2024-06,VF3VPADXRU0006366,VST,2024,VST-PR,1.6T 하이브리드,AWD,실버,US-GA,south,38500
2024-06,VF3VCAFXRU0006367,VST,2024,VST-CO,2.5 가솔린,AWD,선셋 레드,US-GA,south,35420
2024-06,VF3VPACXRU0006368,VST,2024,VST-PR,2.5 가솔린,AWD,스틸 그레이,US-GA,central,38500
2024-06,VF3VPAGXRU0006369,VST,2024,VST-PR,1.6T 하이브리드,AWD,포레스트 그린,US-GA,southeast,38500
2024-06,VF3VPAAXRU0006370,VST,2024,VST-PR,2.5 가솔린,AWD,스노우 화이트,US-GA,south,38500
2024-06,VF3VSFEXRU0006371,VST,2024,VST-TR,2.5 가솔린,FWD,오션 블루,US-GA,southeast,43890
2024-06,VF3VCAAXRU0006372,VST,2024,VST-CO,1.6T 하이브리드,AWD,스노우 화이트,US-GA,northeast,35420
2024-06,VF3VPACXRU0006373,VST,2024,VST-PR,2.5 가솔린,AWD,스틸 그레이,US-GA,west,38500
2024-06,VF3VPABXRU0006374,VST,2024,VST-PR,1.6T 하이브리드,AWD,미드나잇 블랙,US-GA,central,38500
2024-06,VF3VSAGXRU0006375,VST,2024,VST-TR,2.5 가솔린,AWD,포레스트 그린,US-GA,southeast,43890
2024-06,VF3VPFAXRU0006376,VST,2024,VST-PR,1.6T 하이브리드,FWD,스노우 화이트,US-GA,central,38500
2024-06,VF3VPAFXRU0006377,VST,2024,VST-PR,2.5 가솔린,AWD,선셋 레드,US-GA,northeast,38500
2024-06,VF3VPAAXRU0006378,VST,2024,VST-PR,2.5 가솔린,AWD,스노우 화이트,US-GA,central,38500
2024-06,VF3VCAAXRU0006379,VST,2024,VST-CO,2.5 가솔린,AWD,스노우 화이트,US-GA,west,35420
2024-06,VF3VPFAXRU0006380,VST,2024,VST-PR,2.5 가솔린,FWD,스노우 화이트,US-GA,central,38500
2024-06,VF3VPABXRU0006381,VST,2024,VST-PR,2.5 가솔린,AWD,미드나잇 블랙,US-GA,central,38500
2024-06,VF3VCAAXRU0006382,VST,2024,VST-CO,2.5 가솔린,AWD,스노우 화이트,US-GA,west,35420
2024-06,VF3VSFDXRU0006383,VST,2024,VST-TR,2.5 가솔린,FWD,실버,US-GA,west,43890
2024-06,VF3VPFDXRU0006384,VST,2024,VST-PR,2.5 가솔린,FWD,실버,US-GA,south,38500
2024-06,VF3VSABXRU0006385,VST,2024,VST-TR,1.6T 하이브리드,AWD,미드나잇 블랙,US-GA,west,43890
2024-06,VF3VPFHXRU0006386,VST,2024,VST-PR,2.5 가솔린,FWD,샌드 베이지,US-GA,west,38500
2024-06,VF3VSFBXRU0006387,VST,2024,VST-TR,1.6T 하이브리드,FWD,미드나잇 블랙,US-GA,central,43890
2024-06,VF3VPFEXRU0006388,VST,2024,VST-PR,1.6T 하이브리드,FWD,오션 블루,US-GA,west,38500
2024-06,VF3VCFBXRU0006389,VST,2024,VST-CO,2.5 가솔린,FWD,미드나잇 블랙,US-GA,central,35420
2024-06,VF3VPFCXRU0006390,VST,2024,VST-PR,1.6T 하이브리드,FWD,스틸 그레이,US-GA,south,38500
2024-06,VF3VCFBXRU0006391,VST,2024,VST-CO,1.6T 하이브리드,FWD,미드나잇 블랙,US-GA,south,35420
2024-06,VF3VPFGXRU0006392,VST,2024,VST-PR,2.5 가솔린,FWD,포레스트 그린,US-GA,southeast,38500
2024-06,VF3VCABXRU0006393,VST,2024,VST-CO,2.5 가솔린,AWD,미드나잇 블랙,US-GA,south,35420
2024-06,VF3VSFEXRU0006394,VST,2024,VST-TR,2.5 가솔린,FWD,오션 블루,US-GA,south,43890
2024-06,VF3VSABXRU0006395,VST,2024,VST-TR,2.5 가솔린,AWD,미드나잇 블랙,US-GA,west,43890
2024-06,VF3VCADXRU0006396,VST,2024,VST-CO,2.5 가솔린,AWD,실버,US-GA,west,35420
2024-06,VF3VCFEXRU0006397,VST,2024,VST-CO,2.5 가솔린,FWD,오션 블루,US-GA,central,35420
2024-06,VF3VCFEXRU0006398,VST,2024,VST-CO,1.6T 하이브리드,FWD,오션 블루,US-GA,west,35420
2024-06,VF3VCAHXRU0006399,VST,2024,VST-CO,2.5 가솔린,AWD,샌드 베이지,US-GA,west,35420
2024-06,VF3VCAAXRU0006400,VST,2024,VST-CO,2.5 가솔린,AWD,스노우 화이트,US-GA,west,35420
2024-06,VF3VCFCXRU0006401,VST,2024,VST-CO,2.5 가솔린,FWD,스틸 그레이,US-GA,south,35420
2024-06,VF3VCFGXRU0006402,VST,2024,VST-CO,2.5 가솔린,FWD,포레스트 그린,US-GA,central,35420
2024-06,VF3VPABXRU0006403,VST,2024,VST-PR,2.5 가솔린,AWD,미드나잇 블랙,US-GA,central,38500
2024-06,VF3VSFFXRU0006404,VST,2024,VST-TR,2.5 가솔린,FWD,선셋 레드,US-GA,southeast,43890
2024-06,VF3VSADXRU0006405,VST,2024,VST-TR,2.5 가솔린,AWD,실버,US-GA,south,43890
2024-06,VF3VCACXRU0006406,VST,2024,VST-CO,2.5 가솔린,AWD,스틸 그레이,US-GA,southeast,35420
2024-06,VF3VSFGXRU0006407,VST,2024,VST-TR,2.5 가솔린,FWD,포레스트 그린,US-GA,northeast,43890
2024-06,VF3VPFAXRU0006408,VST,2024,VST-PR,2.5 가솔린,FWD,스노우 화이트,US-GA,west,38500
2024-06,VF3VSAAXRU0006409,VST,2024,VST-TR,2.5 가솔린,AWD,스노우 화이트,US-GA,west,43890
2024-06,VF3VPFBXRU0006410,VST,2024,VST-PR,2.5 가솔린,FWD,미드나잇 블랙,US-GA,south,38500
2024-06,VF3VCFAXRU0006411,VST,2024,VST-CO,2.5 가솔린,FWD,스노우 화이트,US-GA,south,35420
2024-06,VF3VCFBXRU0006412,VST,2024,VST-CO,2.5 가솔린,FWD,미드나잇 블랙,US-GA,west,35420
2024-06,VF3VCFGXRU0006413,VST,2024,VST-CO,2.5 가솔린,FWD,포레스트 그린,US-GA,southeast,35420
2024-06,VF3VPFAXRU0006414,VST,2024,VST-PR,2.5 가솔린,FWD,스노우 화이트,US-GA,northeast,38500
2024-06,VF3VPFAXRU0006415,VST,2024,VST-PR,2.5 가솔린,FWD,스노우 화이트,US-GA,south,38500
2024-06,VF3VCFFXRU0006416,VST,2024,VST-CO,1.6T 하이브리드,FWD,선셋 레드,US-GA,northeast,35420
2024-06,VF3VCAAXRU0006417,VST,2024,VST-CO,1.6T 하이브리드,AWD,스노우 화이트,US-GA,central,35420
2024-06,VF3VPAEXRU0006418,VST,2024,VST-PR,2.5 가솔린,AWD,오션 블루,US-GA,northeast,38500
2024-06,VF3VCAGXRU0006419,VST,2024,VST-CO,2.5 가솔린,AWD,포레스트 그린,US-GA,south,35420
2024-06,VF3VSAHXRU0006420,VST,2024,VST-TR,1.6T 하이브리드,AWD,샌드 베이지,US-GA,central,43890
2024-06,VF3VPAAXRU0006421,VST,2024,VST-PR,2.5 가솔린,AWD,스노우 화이트,US-GA,west,38500
2024-06,VF3VPFDXRU0006422,VST,2024,VST-PR,2.5 가솔린,FWD,실버,US-GA,south,38500
2024-06,VF3VSFAXRU0006423,VST,2024,VST-TR,2.5 가솔린,FWD,스노우 화이트,US-GA,west,43890
2024-06,VF3VPABXRU0006424,VST,2024,VST-PR,2.5 가솔린,AWD,미드나잇 블랙,US-GA,central,38500
2024-06,VF3VSAHXRU0006425,VST,2024,VST-TR,2.5 가솔린,AWD,샌드 베이지,US-GA,northeast,43890
2024-06,VF3VPACXRU0006426,VST,2024,VST-PR,2.5 가솔린,AWD,스틸 그레이,US-GA,northeast,38500
2024-06,VF3VCAAXRU0006427,VST,2024,VST-CO,2.5 가솔린,AWD,스노우 화이트,US-GA,south,35420
2024-06,VF3VCFGXRU0006428,VST,2024,VST-CO,1.6T 하이브리드,FWD,포레스트 그린,US-GA,northeast,35420
2024-06,VF3VPACXRU0006429,VST,2024,VST-PR,2.5 가솔린,AWD,스틸 그레이,US-GA,central,38500
2024-06,VF3VCAEXRU0006430,VST,2024,VST-CO,2.5 가솔린,AWD,오션 블루,US-GA,south,35420
2024-06,VF3VPFHXRU0006431,VST,2024,VST-PR,2.5 가솔린,FWD,샌드 베이지,US-GA,northeast,38500
2024-06,VF3VCAAXRU0006432,VST,2024,VST-CO,2.5 가솔린,AWD,스노우 화이트,US-GA,northeast,35420
2024-06,VF3VCFBXRU0006433,VST,2024,VST-CO,1.6T 하이브리드,FWD,미드나잇 블랙,US-GA,south,35420
2024-06,VF3VCAFXRU0006434,VST,2024,VST-CO,1.6T 하이브리드,AWD,선셋 레드,US-GA,southeast,35420
2024-06,VF3VPFEXRU0006435,VST,2024,VST-PR,2.5 가솔린,FWD,오션 블루,US-GA,southeast,38500
2024-06,VF3VPABXRU0006436,VST,2024,VST-PR,1.6T 하이브리드,AWD,미드나잇 블랙,US-GA,west,38500
2024-06,VF3VCAAXRU0006437,VST,2024,VST-CO,2.5 가솔린,AWD,스노우 화이트,US-GA,west,35420
2024-06,VF3VCFBXRU0006438,VST,2024,VST-CO,1.6T 하이브리드,FWD,미드나잇 블랙,US-GA,central,35420
2024-06,VF3VCAFXRU0006439,VST,2024,VST-CO,1.6T 하이브리드,AWD,선셋 레드,US-GA,northeast,35420
2024-06,VF3VPACXRU0006440,VST,2024,VST-PR,2.5 가솔린,AWD,스틸 그레이,US-GA,central,38500
2024-06,VF3VSABXRU0006441,VST,2024,VST-TR,2.5 가솔린,AWD,미드나잇 블랙,US-GA,northeast,43890
2024-06,VF3VCFBXRU0006442,VST,2024,VST-CO,2.5 가솔린,FWD,미드나잇 블랙,US-GA,west,35420
2024-06,VF3VCFEXRU0006443,VST,2024,VST-CO,2.5 가솔린,FWD,오션 블루,US-GA,southeast,35420
2024-06,VF3VSAAXRU0006444,VST,2024,VST-TR,2.5 가솔린,AWD,스노우 화이트,US-GA,west,43890
2024-06,VF3VPABXRU0006445,VST,2024,VST-PR,1.6T 하이브리드,AWD,미드나잇 블랙,US-GA,southeast,38500
2024-06,VF3VPFFXRU0006446,VST,2024,VST-PR,1.6T 하이브리드,FWD,선셋 레드,US-GA,south,38500
2024-06,VF3VPFAXRU0006447,VST,2024,VST-PR,2.5 가솔린,FWD,스노우 화이트,US-GA,west,38500
2024-06,VF3VPFBXRU0006448,VST,2024,VST-PR,1.6T 하이브리드,FWD,미드나잇 블랙,US-GA,southeast,38500
2024-06,VF3VPFAXRU0006449,VST,2024,VST-PR,2.5 가솔린,FWD,스노우 화이트,US-GA,west,38500
2024-06,VF3VPFCXRU0006450,VST,2024,VST-PR,2.5 가솔린,FWD,스틸 그레이,US-GA,west,38500
2024-06,VF3VPFDXRU0006451,VST,2024,VST-PR,1.6T 하이브리드,FWD,실버,US-GA,northeast,38500
2024-06,VF3VSADXRU0006452,VST,2024,VST-TR,2.5 가솔린,AWD,실버,US-GA,central,43890
2024-06,VF3VPFAXRU0006453,VST,2024,VST-PR,2.5 가솔린,FWD,스노우 화이트,US-GA,southeast,38500
2024-06,VF3VPAEXRU0006454,VST,2024,VST-PR,2.5 가솔린,AWD,오션 블루,US-GA,southeast,38500
2024-06,VF3VCAFXRU0006455,VST,2024,VST-CO,2.5 가솔린,AWD,선셋 레드,US-GA,west,35420
2024-06,VF3VPAAXRU0006456,VST,2024,VST-PR,1.6T 하이브리드,AWD,스노우 화이트,US-GA,south,38500
2024-06,VF3VPADXRU0006457,VST,2024,VST-PR,2.5 가솔린,AWD,실버,US-GA,northeast,38500
2024-06,VF3VPFBXRU0006458,VST,2024,VST-PR,2.5 가솔린,FWD,미드나잇 블랙,US-GA,southeast,38500
2024-06,VF3VCACXRU0006459,VST,2024,VST-CO,1.6T 하이브리드,AWD,스틸 그레이,US-GA,west,35420
2024-06,VF3VCFDXRU0006460,VST,2024,VST-CO,2.5 가솔린,FWD,실버,US-GA,west,35420
2024-06,VF3VPAAXRU0006461,VST,2024,VST-PR,2.5 가솔린,AWD,스노우 화이트,US-GA,southeast,38500
2024-06,VF3VPABXRU0006462,VST,2024,VST-PR,1.6T 하이브리드,AWD,미드나잇 블랙,US-GA,northeast,38500
2024-06,VF3VPAAXRU0006463,VST,2024,VST-PR,2.5 가솔린,AWD,스노우 화이트,US-GA,northeast,38500
2024-06,VF3VPFBXRU0006464,VST,2024,VST-PR,2.5 가솔린,FWD,미드나잇 블랙,US-GA,south,38500
2024-06,VF3VSAAXRU0006465,VST,2024,VST-TR,1.6T 하이브리드,AWD,스노우 화이트,US-GA,west,43890
2024-06,VF3VPABXRU0006466,VST,2024,VST-PR,2.5 가솔린,AWD,미드나잇 블랙,US-GA,central,38500
2024-06,VF3VCFCXRU0006467,VST,2024,VST-CO,2.5 가솔린,FWD,스틸 그레이,US-GA,southeast,35420
2024-06,VF3VSAFXRU0006468,VST,2024,VST-TR,2.5 가솔린,AWD,선셋 레드,US-GA,west,43890
2024-06,VF3VPAFXRU0006469,VST,2024,VST-PR,2.5 가솔린,AWD,선셋 레드,US-GA,south,38500
2024-06,VF3VCAEXRU0006470,VST,2024,VST-CO,2.5 가솔린,AWD,오션 블루,US-GA,south,35420
2024-06,VF3VCFDXRU0006471,VST,2024,VST-CO,2.5 가솔린,FWD,실버,US-GA,south,35420
2024-06,VF3VPFAXRU0006472,VST,2024,VST-PR,2.5 가솔린,FWD,스노우 화이트,US-GA,west,38500
2024-06,VF3VPABXRU0006473,VST,2024,VST-PR,2.5 가솔린,AWD,미드나잇 블랙,US-GA,central,38500
2024-06,VF3VCAGXRU0006474,VST,2024,VST-CO,1.6T 하이브리드,AWD,포레스트 그린,US-GA,central,35420
2024-06,VF3VSFBXRU0006475,VST,2024,VST-TR,2.5 가솔린,FWD,미드나잇 블랙,US-GA,southeast,43890
2024-06,VF3VSFEXRU0006476,VST,2024,VST-TR,2.5 가솔린,FWD,오션 블루,US-GA,central,43890
2024-06,VF3VCFBXRU0006477,VST,2024,VST-CO,2.5 가솔린,FWD,미드나잇 블랙,US-GA,northeast,35420
2024-06,VF3VCAAXRU0006478,VST,2024,VST-CO,2.5 가솔린,AWD,스노우 화이트,US-GA,northeast,35420
2024-06,VF3VSFAXRU0006479,VST,2024,VST-TR,2.5 가솔린,FWD,스노우 화이트,US-GA,west,43890
2024-06,VF3VCAFXRU0006480,VST,2024,VST-CO,2.5 가솔린,AWD,선셋 레드,US-GA,northeast,35420
2024-06,VF3VSAEXRU0006481,VST,2024,VST-TR,2.5 가솔린,AWD,오션 블루,US-GA,central,43890
2024-06,VF3VPACXRU0006482,VST,2024,VST-PR,2.5 가솔린,AWD,스틸 그레이,US-GA,southeast,38500
2024-06,VF3VSAFXRU0006483,VST,2024,VST-TR,1.6T 하이브리드,AWD,선셋 레드,US-GA,southeast,43890
2024-06,VF3VSFBXRU0006484,VST,2024,VST-TR,1.6T 하이브리드,FWD,미드나잇 블랙,US-GA,south,43890
2024-06,VF3VPAFXRU0006485,VST,2024,VST-PR,1.6T 하이브리드,AWD,선셋 레드,US-GA,northeast,38500
2024-06,VF3VPABXRU0006486,VST,2024,VST-PR,1.6T 하이브리드,AWD,미드나잇 블랙,US-GA,central,38500
2024-06,VF3VPFEXRU0006487,VST,2024,VST-PR,1.6T 하이브리드,FWD,오션 블루,US-GA,west,38500
2024-06,VF3VSFBXRU0006488,VST,2024,VST-TR,2.5 가솔린,FWD,미드나잇 블랙,US-GA,west,43890
2024-06,VF3VSFBXRU0006489,VST,2024,VST-TR,2.5 가솔린,FWD,미드나잇 블랙,US-GA,south,43890
2024-06,VF3VCACXRU0006490,VST,2024,VST-CO,2.5 가솔린,AWD,스틸 그레이,US-GA,central,35420
2024-06,VF3VSFEXRU0006491,VST,2024,VST-TR,2.5 가솔린,FWD,오션 블루,US-GA,west,43890
2024-06,VF3VCADXRU0006492,VST,2024,VST-CO,2.5 가솔린,AWD,실버,US-GA,west,35420
2024-06,VF3VCADXRU0006493,VST,2024,VST-CO,2.5 가솔린,AWD,실버,US-GA,southeast,35420
2024-06,VF3VCFCXRU0006494,VST,2024,VST-CO,2.5 가솔린,FWD,스틸 그레이,US-GA,southeast,35420
2024-06,VF3VCFDXRU0006495,VST,2024,VST-CO,2.5 가솔린,FWD,실버,US-GA,west,35420
2024-06,VF3VCFFXRU0006496,VST,2024,VST-CO,2.5 가솔린,FWD,선셋 레드,US-GA,southeast,35420
2024-06,VF3VCAAXRU0006497,VST,2024,VST-CO,2.5 가솔린,AWD,스노우 화이트,US-GA,central,35420
2024-06,VF3VPAAXRU0006498,VST,2024,VST-PR,2.5 가솔린,AWD,스노우 화이트,US-GA,central,38500
2024-06,VF3VCFAXRU0006499,VST,2024,VST-CO,1.6T 하이브리드,FWD,스노우 화이트,US-GA,northeast,35420
2024-06,VF3VCFCXRU0006500,VST,2024,VST-CO,2.5 가솔린,FWD,스틸 그레이,US-GA,west,35420
2024-06,VF3VSFCXRU0006501,VST,2024,VST-TR,1.6T 하이브리드,FWD,스틸 그레이,US-GA,northeast,43890
2024-06,VF3VSFCXRU0006502,VST,2024,VST-TR,1.6T 하이브리드,FWD,스틸 그레이,US-GA,west,43890
2024-06,VF3VPACXRU0006503,VST,2024,VST-PR,1.6T 하이브리드,AWD,스틸 그레이,US-GA,southeast,38500
2024-06,VF3VPFBXRU0006504,VST,2024,VST-PR,2.5 가솔린,FWD,미드나잇 블랙,US-GA,west,38500
2024-06,VF3VPFHXRU0006505,VST,2024,VST-PR,2.5 가솔린,FWD,샌드 베이지,US-GA,south,38500
2024-06,VF3VCAAXRU0006506,VST,2024,VST-CO,2.5 가솔린,AWD,스노우 화이트,US-GA,southeast,35420
2024-06,VF3VPABXRU0006507,VST,2024,VST-PR,2.5 가솔린,AWD,미드나잇 블랙,US-GA,northeast,38500
2024-06,VF3VPFCXRU0006508,VST,2024,VST-PR,2.5 가솔린,FWD,스틸 그레이,US-GA,northeast,38500
2024-06,VF3VCFFXRU0006509,VST,2024,VST-CO,1.6T 하이브리드,FWD,선셋 레드,US-GA,northeast,35420
2024-06,VF3VSFEXRU0006510,VST,2024,VST-TR,2.5 가솔린,FWD,오션 블루,US-GA,central,43890
2024-06,VF3VPABXRU0006511,VST,2024,VST-PR,2.5 가솔린,AWD,미드나잇 블랙,US-GA,central,38500
2024-06,VF3VCFFXRU0006512,VST,2024,VST-CO,2.5 가솔린,FWD,선셋 레드,US-GA,northeast,35420
2024-06,VF3VPAAXRU0006513,VST,2024,VST-PR,2.5 가솔린,AWD,스노우 화이트,US-GA,central,38500
2024-06,VF3VSFCXRU0006514,VST,2024,VST-TR,1.6T 하이브리드,FWD,스틸 그레이,US-GA,central,43890
2024-06,VF3VCABXRU0006515,VST,2024,VST-CO,2.5 가솔린,AWD,미드나잇 블랙,US-GA,central,35420
2024-06,VF3VCFDXRU0006516,VST,2024,VST-CO,1.6T 하이브리드,FWD,실버,US-GA,central,35420
2024-06,VF3VPABXRU0006517,VST,2024,VST-PR,1.6T 하이브리드,AWD,미드나잇 블랙,US-GA,central,38500
2024-06,VF3VPFEXRU0006518,VST,2024,VST-PR,1.6T 하이브리드,FWD,오션 블루,US-GA,central,38500
2024-06,VF3VSFAXRU0006519,VST,2024,VST-TR,2.5 가솔린,FWD,스노우 화이트,US-GA,south,43890
2024-06,VF3VPFFXRU0006520,VST,2024,VST-PR,2.5 가솔린,FWD,선셋 레드,US-GA,west,38500
2024-06,VF3VPFDXRU0006521,VST,2024,VST-PR,1.6T 하이브리드,FWD,실버,US-GA,west,38500
2024-06,VF3VCABXRU0006522,VST,2024,VST-CO,1.6T 하이브리드,AWD,미드나잇 블랙,US-GA,west,35420
2024-06,VF3VCFHXRU0006523,VST,2024,VST-CO,2.5 가솔린,FWD,샌드 베이지,US-GA,west,35420
2024-06,VF3VSFDXRU0006524,VST,2024,VST-TR,1.6T 하이브리드,FWD,실버,US-GA,south,43890
2024-06,VF3VSFBXRU0006525,VST,2024,VST-TR,2.5 가솔린,FWD,미드나잇 블랙,US-GA,south,43890
2024-06,VF3VCFDXRU0006526,VST,2024,VST-CO,2.5 가솔린,FWD,실버,US-GA,west,35420
2024-06,VF3VPFAXRU0006527,VST,2024,VST-PR,1.6T 하이브리드,FWD,스노우 화이트,US-GA,west,38500
2024-06,VF3VCABXRU0006528,VST,2024,VST-CO,2.5 가솔린,AWD,미드나잇 블랙,US-GA,northeast,35420
2024-06,VF3VCACXRU0006529,VST,2024,VST-CO,2.5 가솔린,AWD,스틸 그레이,US-GA,west,35420
2024-06,VF3VCFCXRU0006530,VST,2024,VST-CO,1.6T 하이브리드,FWD,스틸 그레이,US-GA,west,35420
2024-06,VF3VCFHXRU0006531,VST,2024,VST-CO,2.5 가솔린,FWD,샌드 베이지,US-GA,northeast,35420
2024-06,VF3VCFDXRU0006532,VST,2024,VST-CO,2.5 가솔린,FWD,실버,US-GA,southeast,35420
2024-06,VF3VPAHXRU0006533,VST,2024,VST-PR,1.6T 하이브리드,AWD,샌드 베이지,US-GA,south,38500
2024-06,VF3VCAFXRU0006534,VST,2024,VST-CO,2.5 가솔린,AWD,선셋 레드,US-GA,west,35420
2024-06,VF3VCAEXRU0006535,VST,2024,VST-CO,2.5 가솔린,AWD,오션 블루,US-GA,southeast,35420
2024-06,VF3VSADXRU0006536,VST,2024,VST-TR,1.6T 하이브리드,AWD,실버,US-GA,south,43890
2024-06,VF3VCFBXRU0006537,VST,2024,VST-CO,2.5 가솔린,FWD,미드나잇 블랙,US-GA,central,35420
2024-06,VF3VSFGXRU0006538,VST,2024,VST-TR,2.5 가솔린,FWD,포레스트 그린,US-GA,southeast,43890
2024-06,VF3VSFAXRU0006539,VST,2024,VST-TR,2.5 가솔린,FWD,스노우 화이트,US-GA,central,43890
2024-06,VF3VPFBXRU0006540,VST,2024,VST-PR,2.5 가솔린,FWD,미드나잇 블랙,US-GA,northeast,38500
2024-06,VF3VCAAXRU0006541,VST,2024,VST-CO,2.5 가솔린,AWD,스노우 화이트,US-GA,southeast,35420
2024-06,VF3VPAAXRU0006542,VST,2024,VST-PR,2.5 가솔린,AWD,스노우 화이트,US-GA,south,38500
2024-06,VF3VPFBXRU0006543,VST,2024,VST-PR,2.5 가솔린,FWD,미드나잇 블랙,US-GA,southeast,38500
2024-06,VF3VSABXRU0006544,VST,2024,VST-TR,2.5 가솔린,AWD,미드나잇 블랙,US-GA,south,43890
2024-06,VF3VCADXRU0006545,VST,2024,VST-CO,2.5 가솔린,AWD,실버,US-GA,southeast,35420
2024-06,VF3VCFBXRU0006546,VST,2024,VST-CO,2.5 가솔린,FWD,미드나잇 블랙,US-GA,south,35420
2024-06,VF3VCFCXRU0006547,VST,2024,VST-CO,2.5 가솔린,FWD,스틸 그레이,US-GA,central,35420
2024-06,VF3VPFEXRU0006548,VST,2024,VST-PR,2.5 가솔린,FWD,오션 블루,US-GA,south,38500
2024-06,VF3VPFDXRU0006549,VST,2024,VST-PR,2.5 가솔린,FWD,실버,US-GA,west,38500
2024-06,VF3VPACXRU0006550,VST,2024,VST-PR,2.5 가솔린,AWD,스틸 그레이,US-GA,northeast,38500
2024-06,VF3VSAEXRU0006551,VST,2024,VST-TR,1.6T 하이브리드,AWD,오션 블루,US-GA,south,43890
2024-06,VF3VPACXRU0006552,VST,2024,VST-PR,2.5 가솔린,AWD,스틸 그레이,US-GA,southeast,38500
2024-06,VF3VSFGXRU0006553,VST,2024,VST-TR,1.6T 하이브리드,FWD,포레스트 그린,US-GA,west,43890
2024-06,VF3VPADXRU0006554,VST,2024,VST-PR,2.5 가솔린,AWD,실버,US-GA,south,38500
2024-06,VF3VCFFXRU0006555,VST,2024,VST-CO,2.5 가솔린,FWD,선셋 레드,US-GA,west,35420
2024-06,VF3VPFCXRU0006556,VST,2024,VST-PR,2.5 가솔린,FWD,스틸 그레이,US-GA,west,38500
2024-06,VF3VPAEXRU0006557,VST,2024,VST-PR,2.5 가솔린,AWD,오션 블루,US-GA,west,38500
2024-06,VF3VPABXRU0006558,VST,2024,VST-PR,1.6T 하이브리드,AWD,미드나잇 블랙,US-GA,south,38500
2024-06,VF3VCABXRU0006559,VST,2024,VST-CO,2.5 가솔린,AWD,미드나잇 블랙,US-GA,central,35420
2024-06,VF3VPFDXRU0006560,VST,2024,VST-PR,2.5 가솔린,FWD,실버,US-GA,south,38500
2024-06,VF3VCADXRU0006561,VST,2024,VST-CO,2.5 가솔린,AWD,실버,US-GA,west,35420
2024-06,VF3VSADXRU0006562,VST,2024,VST-TR,2.5 가솔린,AWD,실버,US-GA,west,43890
2024-06,VF3VPFDXRU0006563,VST,2024,VST-PR,2.5 가솔린,FWD,실버,US-GA,northeast,38500
2024-06,VF3VCFBXRU0006564,VST,2024,VST-CO,2.5 가솔린,FWD,미드나잇 블랙,US-GA,southeast,35420
2024-06,VF3VSAEXRU0006565,VST,2024,VST-TR,2.5 가솔린,AWD,오션 블루,US-GA,central,43890
2024-06,VF3VSABXRU0006566,VST,2024,VST-TR,2.5 가솔린,AWD,미드나잇 블랙,US-GA,west,43890
2024-06,VF3VCAAXRU0006567,VST,2024,VST-CO,1.6T 하이브리드,AWD,스노우 화이트,US-GA,central,35420
2024-06,VF3VCFHXRU0006568,VST,2024,VST-CO,2.5 가솔린,FWD,샌드 베이지,US-GA,west,35420
2024-06,VF3VSAHXRU0006569,VST,2024,VST-TR,1.6T 하이브리드,AWD,샌드 베이지,US-GA,southeast,43890
2024-06,VF3VCFEXRU0006570,VST,2024,VST-CO,2.5 가솔린,FWD,오션 블루,US-GA,northeast,35420
2024-06,VF3VCFFXRU0006571,VST,2024,VST-CO,2.5 가솔린,FWD,선셋 레드,US-GA,southeast,35420
2024-06,VF4ACACXRU0006572,AUR,2024,AUR-AI,스탠다드 레인지,AWD,스틸 그레이,US-SV,northeast,54188
2024-06,VF4APFEXRU0006573,AUR,2024,AUR-RA,스탠다드 레인지,FWD,오션 블루,US-SV,west,58900
2024-06,VF4ACFEXRU0006574,AUR,2024,AUR-AI,롱레인지,FWD,오션 블루,US-SV,west,54188
2024-06,VF4ASABXRU0006575,AUR,2024,AUR-MA,롱레인지,AWD,미드나잇 블랙,US-SV,northeast,67146
2024-06,VF4APAAXRU0006576,AUR,2024,AUR-RA,스탠다드 레인지,AWD,스노우 화이트,US-SV,south,58900
2024-06,VF4APAFXRU0006577,AUR,2024,AUR-RA,롱레인지,AWD,선셋 레드,US-SV,northeast,58900
2024-06,VF4ASFEXRU0006578,AUR,2024,AUR-MA,스탠다드 레인지,FWD,오션 블루,US-SV,west,67146
2024-06,VF4ACAGXRU0006579,AUR,2024,AUR-AI,롱레인지,AWD,포레스트 그린,US-SV,west,54188
2024-06,VF4ACFCXRU0006580,AUR,2024,AUR-AI,스탠다드 레인지,FWD,스틸 그레이,US-SV,southeast,54188
2024-06,VF4APAAXRU0006581,AUR,2024,AUR-RA,스탠다드 레인지,AWD,스노우 화이트,US-SV,west,58900
2024-06,VF4APFBXRU0006582,AUR,2024,AUR-RA,롱레인지,FWD,미드나잇 블랙,US-SV,west,58900
2024-06,VF4APFAXRU0006583,AUR,2024,AUR-RA,스탠다드 레인지,FWD,스노우 화이트,US-SV,southeast,58900
2024-06,VF4APADXRU0006584,AUR,2024,AUR-RA,롱레인지,AWD,실버,US-SV,southeast,58900
2024-06,VF4ACFBXRU0006585,AUR,2024,AUR-AI,롱레인지,FWD,미드나잇 블랙,US-SV,south,54188
2024-06,VF4ACFAXRU0006586,AUR,2024,AUR-AI,스탠다드 레인지,FWD,스노우 화이트,US-SV,west,54188
2024-06,VF4ACFDXRU0006587,AUR,2024,AUR-AI,롱레인지,FWD,실버,US-SV,southeast,54188
2024-06,VF4APABXRU0006588,AUR,2024,AUR-RA,스탠다드 레인지,AWD,미드나잇 블랙,US-SV,southeast,58900
2024-06,VF4ACACXRU0006589,AUR,2024,AUR-AI,롱레인지,AWD,스틸 그레이,US-SV,south,54188
2024-06,VF4ACFEXRU0006590,AUR,2024,AUR-AI,롱레인지,FWD,오션 블루,US-SV,west,54188
2024-06,VF4ACABXRU0006591,AUR,2024,AUR-AI,스탠다드 레인지,AWD,미드나잇 블랙,US-SV,central,54188
2024-06,VF4ASAGXRU0006592,AUR,2024,AUR-MA,롱레인지,AWD,포레스트 그린,US-SV,northeast,67146
2024-06,VF4APFCXRU0006593,AUR,2024,AUR-RA,롱레인지,FWD,스틸 그레이,US-SV,northeast,58900
2024-06,VF4ACAAXRU0006594,AUR,2024,AUR-AI,스탠다드 레인지,AWD,스노우 화이트,US-SV,southeast,54188
2024-06,VF4ACFBXRU0006595,AUR,2024,AUR-AI,롱레인지,FWD,미드나잇 블랙,US-SV,south,54188
2024-06,VF4APFAXRU0006596,AUR,2024,AUR-RA,스탠다드 레인지,FWD,스노우 화이트,US-SV,west,58900
2024-06,VF4ACACXRU0006597,AUR,2024,AUR-AI,스탠다드 레인지,AWD,스틸 그레이,US-SV,west,54188
2024-06,VF4APADXRU0006598,AUR,2024,AUR-RA,스탠다드 레인지,AWD,실버,US-SV,west,58900
2024-06,VF4ASFAXRU0006599,AUR,2024,AUR-MA,스탠다드 레인지,FWD,스노우 화이트,US-SV,northeast,67146
2024-06,VF4APFAXRU0006600,AUR,2024,AUR-RA,스탠다드 레인지,FWD,스노우 화이트,US-SV,southeast,58900
2024-06,VF4APFAXRU0006601,AUR,2024,AUR-RA,롱레인지,FWD,스노우 화이트,US-SV,southeast,58900
2024-06,VF4ASFDXRU0006602,AUR,2024,AUR-MA,스탠다드 레인지,FWD,실버,US-SV,west,67146
2024-06,VF4ASAAXRU0006603,AUR,2024,AUR-MA,롱레인지,AWD,스노우 화이트,US-SV,west,67146
2024-06,VF4ACAGXRU0006604,AUR,2024,AUR-AI,롱레인지,AWD,포레스트 그린,US-SV,west,54188
2024-06,VF4APFAXRU0006605,AUR,2024,AUR-RA,롱레인지,FWD,스노우 화이트,US-SV,northeast,58900
2024-06,VF4APACXRU0006606,AUR,2024,AUR-RA,롱레인지,AWD,스틸 그레이,US-SV,south,58900
2024-06,VF4ASAEXRU0006607,AUR,2024,AUR-MA,스탠다드 레인지,AWD,오션 블루,US-SV,northeast,67146
2024-06,VF4ASADXRU0006608,AUR,2024,AUR-MA,롱레인지,AWD,실버,US-SV,southeast,67146
2024-06,VF4ACAAXRU0006609,AUR,2024,AUR-AI,롱레인지,AWD,스노우 화이트,US-SV,west,54188
2024-06,VF4APAEXRU0006610,AUR,2024,AUR-RA,롱레인지,AWD,오션 블루,US-SV,northeast,58900
2024-06,VF4ACFAXRU0006611,AUR,2024,AUR-AI,스탠다드 레인지,FWD,스노우 화이트,US-SV,southeast,54188
2024-06,VF4APACXRU0006612,AUR,2024,AUR-RA,롱레인지,AWD,스틸 그레이,US-SV,central,58900
2024-06,VF4APFFXRU0006613,AUR,2024,AUR-RA,롱레인지,FWD,선셋 레드,US-SV,south,58900
2024-06,VF4ACFCXRU0006614,AUR,2024,AUR-AI,롱레인지,FWD,스틸 그레이,US-SV,west,54188
2024-06,VF4APACXRU0006615,AUR,2024,AUR-RA,롱레인지,AWD,스틸 그레이,US-SV,south,58900
2024-06,VF4APFBXRU0006616,AUR,2024,AUR-RA,롱레인지,FWD,미드나잇 블랙,US-SV,southeast,58900
2024-06,VF4APAAXRU0006617,AUR,2024,AUR-RA,롱레인지,AWD,스노우 화이트,US-SV,northeast,58900
2024-06,VF4ASAAXRU0006618,AUR,2024,AUR-MA,스탠다드 레인지,AWD,스노우 화이트,US-SV,west,67146
2024-06,VF4ACFEXRU0006619,AUR,2024,AUR-AI,롱레인지,FWD,오션 블루,US-SV,southeast,54188
2024-06,VF4APACXRU0006620,AUR,2024,AUR-RA,스탠다드 레인지,AWD,스틸 그레이,US-SV,northeast,58900
2024-06,VF4ACAHXRU0006621,AUR,2024,AUR-AI,스탠다드 레인지,AWD,샌드 베이지,US-SV,west,54188
2024-06,VF4ACFFXRU0006622,AUR,2024,AUR-AI,스탠다드 레인지,FWD,선셋 레드,US-SV,west,54188
2024-06,VF4APFAXRU0006623,AUR,2024,AUR-RA,롱레인지,FWD,스노우 화이트,US-SV,west,58900
2024-06,VF4APAAXRU0006624,AUR,2024,AUR-RA,롱레인지,AWD,스노우 화이트,US-SV,west,58900
2024-06,VF4ACFCXRU0006625,AUR,2024,AUR-AI,스탠다드 레인지,FWD,스틸 그레이,US-SV,southeast,54188
2024-06,VF4APFCXRU0006626,AUR,2024,AUR-RA,롱레인지,FWD,스틸 그레이,US-SV,west,58900
2024-06,VF4ACFFXRU0006627,AUR,2024,AUR-AI,스탠다드 레인지,FWD,선셋 레드,US-SV,southeast,54188
2024-06,VF4APAGXRU0006628,AUR,2024,AUR-RA,스탠다드 레인지,AWD,포레스트 그린,US-SV,south,58900
2024-06,VF4APFCXRU0006629,AUR,2024,AUR-RA,롱레인지,FWD,스틸 그레이,US-SV,northeast,58900
2024-06,VF4ACFAXRU0006630,AUR,2024,AUR-AI,롱레인지,FWD,스노우 화이트,US-SV,south,54188
2024-06,VF4APAAXRU0006631,AUR,2024,AUR-RA,롱레인지,AWD,스노우 화이트,US-SV,northeast,58900
2024-06,VF4APACXRU0006632,AUR,2024,AUR-RA,롱레인지,AWD,스틸 그레이,US-SV,west,58900
2024-06,VF4APABXRU0006633,AUR,2024,AUR-RA,롱레인지,AWD,미드나잇 블랙,US-SV,southeast,58900
2024-06,VF4ACFCXRU0006634,AUR,2024,AUR-AI,스탠다드 레인지,FWD,스틸 그레이,US-SV,northeast,54188
2024-06,VF4APFBXRU0006635,AUR,2024,AUR-RA,스탠다드 레인지,FWD,미드나잇 블랙,US-SV,central,58900
2024-06,VF4ACAFXRU0006636,AUR,2024,AUR-AI,스탠다드 레인지,AWD,선셋 레드,US-SV,south,54188
2024-06,VF4APFAXRU0006637,AUR,2024,AUR-RA,스탠다드 레인지,FWD,스노우 화이트,US-SV,west,58900
2024-06,VF4ACAFXRU0006638,AUR,2024,AUR-AI,스탠다드 레인지,AWD,선셋 레드,US-SV,central,54188
2024-06,VF4APFBXRU0006639,AUR,2024,AUR-RA,롱레인지,FWD,미드나잇 블랙,US-SV,northeast,58900
2024-06,VF4ACFBXRU0006640,AUR,2024,AUR-AI,스탠다드 레인지,FWD,미드나잇 블랙,US-SV,west,54188
2024-06,VF4APADXRU0006641,AUR,2024,AUR-RA,롱레인지,AWD,실버,US-SV,northeast,58900
2024-06,VF4ACAAXRU0006642,AUR,2024,AUR-AI,스탠다드 레인지,AWD,스노우 화이트,US-SV,northeast,54188
2024-06,VF4APADXRU0006643,AUR,2024,AUR-RA,스탠다드 레인지,AWD,실버,US-SV,southeast,58900
2024-06,VF4ACAEXRU0006644,AUR,2024,AUR-AI,스탠다드 레인지,AWD,오션 블루,US-SV,south,54188
2024-06,VF4ACAEXRU0006645,AUR,2024,AUR-AI,스탠다드 레인지,AWD,오션 블루,US-SV,northeast,54188
2024-06,VF4ACFFXRU0006646,AUR,2024,AUR-AI,롱레인지,FWD,선셋 레드,US-SV,southeast,54188
2024-06,VF4APFFXRU0006647,AUR,2024,AUR-RA,롱레인지,FWD,선셋 레드,US-SV,west,58900
2024-06,VF4ACFAXRU0006648,AUR,2024,AUR-AI,스탠다드 레인지,FWD,스노우 화이트,US-SV,southeast,54188
2024-06,VF4APFEXRU0006649,AUR,2024,AUR-RA,스탠다드 레인지,FWD,오션 블루,US-SV,west,58900
2024-06,VF4ASAGXRU0006650,AUR,2024,AUR-MA,스탠다드 레인지,AWD,포레스트 그린,US-SV,west,67146
2024-06,VF4APAAXRU0006651,AUR,2024,AUR-RA,롱레인지,AWD,스노우 화이트,US-SV,northeast,58900
2024-06,VF4APAFXRU0006652,AUR,2024,AUR-RA,스탠다드 레인지,AWD,선셋 레드,US-SV,southeast,58900
2024-06,VF4ACAEXRU0006653,AUR,2024,AUR-AI,스탠다드 레인지,AWD,오션 블루,US-SV,west,54188
2024-06,VF4ACFBXRU0006654,AUR,2024,AUR-AI,롱레인지,FWD,미드나잇 블랙,US-SV,northeast,54188
2024-06,VF4ASFFXRU0006655,AUR,2024,AUR-MA,롱레인지,FWD,선셋 레드,US-SV,south,67146
2024-06,VF4ASFGXRU0006656,AUR,2024,AUR-MA,롱레인지,FWD,포레스트 그린,US-SV,central,67146
2024-06,VF4ASFHXRU0006657,AUR,2024,AUR-MA,롱레인지,FWD,샌드 베이지,US-SV,northeast,67146
2024-06,VF4APFCXRU0006658,AUR,2024,AUR-RA,스탠다드 레인지,FWD,스틸 그레이,US-SV,west,58900
2024-06,VF4APFBXRU0006659,AUR,2024,AUR-RA,롱레인지,FWD,미드나잇 블랙,US-SV,northeast,58900
2024-06,VF4ASAEXRU0006660,AUR,2024,AUR-MA,스탠다드 레인지,AWD,오션 블루,US-SV,west,67146
2024-06,VF4ACAAXRU0006661,AUR,2024,AUR-AI,롱레인지,AWD,스노우 화이트,US-SV,northeast,54188
2024-06,VF4ACACXRU0006662,AUR,2024,AUR-AI,롱레인지,AWD,스틸 그레이,US-SV,west,54188
2024-06,VF4ACABXRU0006663,AUR,2024,AUR-AI,스탠다드 레인지,AWD,미드나잇 블랙,US-SV,south,54188
2024-06,VF4ACFEXRU0006664,AUR,2024,AUR-AI,스탠다드 레인지,FWD,오션 블루,US-SV,northeast,54188
2024-06,VF4ACABXRU0006665,AUR,2024,AUR-AI,스탠다드 레인지,AWD,미드나잇 블랙,US-SV,south,54188
2024-06,VF4APACXRU0006666,AUR,2024,AUR-RA,롱레인지,AWD,스틸 그레이,US-SV,south,58900
2024-06,VF4ACFBXRU0006667,AUR,2024,AUR-AI,스탠다드 레인지,FWD,미드나잇 블랙,US-SV,west,54188
2024-06,VF4ACFCXRU0006668,AUR,2024,AUR-AI,스탠다드 레인지,FWD,스틸 그레이,US-SV,west,54188
2024-06,VF4APFAXRU0006669,AUR,2024,AUR-RA,롱레인지,FWD,스노우 화이트,US-SV,south,58900
2024-06,VF4ASAAXRU0006670,AUR,2024,AUR-MA,롱레인지,AWD,스노우 화이트,US-SV,south,67146
2024-06,VF4ASAAXRU0006671,AUR,2024,AUR-MA,롱레인지,AWD,스노우 화이트,US-SV,west,67146
2024-06,VF4APFEXRU0006672,AUR,2024,AUR-RA,롱레인지,FWD,오션 블루,US-SV,southeast,58900
2024-06,VF4APABXRU0006673,AUR,2024,AUR-RA,스탠다드 레인지,AWD,미드나잇 블랙,US-SV,west,58900
2024-06,VF4ACAFXRU0006674,AUR,2024,AUR-AI,롱레인지,AWD,선셋 레드,US-SV,west,54188
2024-06,VF4ACFCXRU0006675,AUR,2024,AUR-AI,롱레인지,FWD,스틸 그레이,US-SV,west,54188
2024-06,VF4ACAEXRU0006676,AUR,2024,AUR-AI,롱레인지,AWD,오션 블루,US-SV,west,54188
2024-06,VF4APFDXRU0006677,AUR,2024,AUR-RA,스탠다드 레인지,FWD,실버,US-SV,south,58900
2024-06,VF5MPFAXRM0007900,MRD,2024,MRD-PR,2.0 가솔린,FWD,스노우 화이트,MX-MT,southeast,31200
2024-06,VF5MCFBXRM0007901,MRD,2024,MRD-CO,2.0 가솔린,FWD,미드나잇 블랙,MX-MT,southeast,28704
2024-06,VF5MPAAXRM0007902,MRD,2024,MRD-PR,2.0 가솔린,AWD,스노우 화이트,MX-MT,west,31200
2024-06,VF5MCFDXRM0007903,MRD,2024,MRD-CO,2.0 가솔린,FWD,실버,MX-MT,west,28704
2024-06,VF5MPFFXRM0007904,MRD,2024,MRD-PR,2.0 가솔린,FWD,선셋 레드,MX-MT,southeast,31200
2024-06,VF5MPFAXRM0007905,MRD,2024,MRD-PR,1.6T 하이브리드,FWD,스노우 화이트,MX-MT,west,31200
2024-06,VF5MSAEXRM0007906,MRD,2024,MRD-SP,1.6T 하이브리드,AWD,오션 블루,MX-MT,northeast,35568
2024-06,VF5MCFBXRM0007907,MRD,2024,MRD-CO,2.0 가솔린,FWD,미드나잇 블랙,MX-MT,south,28704
2024-06,VF5MCFCXRM0007908,MRD,2024,MRD-CO,1.6T 하이브리드,FWD,스틸 그레이,MX-MT,southeast,28704
2024-06,VF5MCFAXRM0007909,MRD,2024,MRD-CO,2.0 가솔린,FWD,스노우 화이트,MX-MT,southeast,28704
2024-06,VF5MCFEXRM0007910,MRD,2024,MRD-CO,1.6T 하이브리드,FWD,오션 블루,MX-MT,south,28704
2024-06,VF5MPAAXRM0007911,MRD,2024,MRD-PR,2.0 가솔린,AWD,스노우 화이트,MX-MT,northeast,31200
2024-06,VF5MSFCXRM0007912,MRD,2024,MRD-SP,2.0 가솔린,FWD,스틸 그레이,MX-MT,west,35568
2024-06,VF5MCFBXRM0007913,MRD,2024,MRD-CO,2.0 가솔린,FWD,미드나잇 블랙,MX-MT,south,28704
2024-06,VF5MCFHXRM0007914,MRD,2024,MRD-CO,2.0 가솔린,FWD,샌드 베이지,MX-MT,west,28704
2024-06,VF5MSFAXRM0007915,MRD,2024,MRD-SP,1.6T 하이브리드,FWD,스노우 화이트,MX-MT,central,35568
2024-06,VF5MPFAXRM0007916,MRD,2024,MRD-PR,2.0 가솔린,FWD,스노우 화이트,MX-MT,west,31200
2024-06,VF5MCFDXRM0007917,MRD,2024,MRD-CO,2.0 가솔린,FWD,실버,MX-MT,northeast,28704
2024-06,VF5MPFBXRM0007918,MRD,2024,MRD-PR,2.0 가솔린,FWD,미드나잇 블랙,MX-MT,south,31200
2024-06,VF5MSABXRM0007919,MRD,2024,MRD-SP,2.0 가솔린,AWD,미드나잇 블랙,MX-MT,south,35568
2024-06,VF5MCFBXRM0007920,MRD,2024,MRD-CO,2.0 가솔린,FWD,미드나잇 블랙,MX-MT,south,28704
2024-06,VF5MCFAXRM0007921,MRD,2024,MRD-CO,2.0 가솔린,FWD,스노우 화이트,MX-MT,central,28704
2024-06,VF5MCFFXRM0007922,MRD,2024,MRD-CO,2.0 가솔린,FWD,선셋 레드,MX-MT,northeast,28704
2024-06,VF5MPABXRM0007923,MRD,2024,MRD-PR,1.6T 하이브리드,AWD,미드나잇 블랙,MX-MT,west,31200
2024-06,VF5MSFAXRM0007924,MRD,2024,MRD-SP,1.6T 하이브리드,FWD,스노우 화이트,MX-MT,central,35568
2024-06,VF5MSABXRM0007925,MRD,2024,MRD-SP,2.0 가솔린,AWD,미드나잇 블랙,MX-MT,northeast,35568
2024-06,VF5MCFFXRM0007926,MRD,2024,MRD-CO,1.6T 하이브리드,FWD,선셋 레드,MX-MT,northeast,28704
2024-06,VF5MPADXRM0007927,MRD,2024,MRD-PR,2.0 가솔린,AWD,실버,MX-MT,southeast,31200
2024-06,VF5MSFBXRM0007928,MRD,2024,MRD-SP,2.0 가솔린,FWD,미드나잇 블랙,MX-MT,west,35568
2024-06,VF5MPFCXRM0007929,MRD,2024,MRD-PR,2.0 가솔린,FWD,스틸 그레이,MX-MT,northeast,31200
2024-06,VF5MPFCXRM0007930,MRD,2024,MRD-PR,2.0 가솔린,FWD,스틸 그레이,MX-MT,central,31200
2024-06,VF5MCFEXRM0007931,MRD,2024,MRD-CO,1.6T 하이브리드,FWD,오션 블루,MX-MT,southeast,28704
2024-06,VF5MCACXRM0007932,MRD,2024,MRD-CO,2.0 가솔린,AWD,스틸 그레이,MX-MT,southeast,28704
2024-06,VF5MCFFXRM0007933,MRD,2024,MRD-CO,2.0 가솔린,FWD,선셋 레드,MX-MT,northeast,28704
2024-06,VF5MPFCXRM0007934,MRD,2024,MRD-PR,1.6T 하이브리드,FWD,스틸 그레이,MX-MT,south,31200
2024-06,VF5MPFAXRM0007935,MRD,2024,MRD-PR,2.0 가솔린,FWD,스노우 화이트,MX-MT,south,31200
2024-06,VF5MPFDXRM0007936,MRD,2024,MRD-PR,2.0 가솔린,FWD,실버,MX-MT,southeast,31200
2024-06,VF5MPFEXRM0007937,MRD,2024,MRD-PR,1.6T 하이브리드,FWD,오션 블루,MX-MT,southeast,31200
2024-06,VF5MSFBXRM0007938,MRD,2024,MRD-SP,2.0 가솔린,FWD,미드나잇 블랙,MX-MT,southeast,35568
2024-06,VF5MCFAXRM0007939,MRD,2024,MRD-CO,2.0 가솔린,FWD,스노우 화이트,MX-MT,west,28704
2024-06,VF5MPFFXRM0007940,MRD,2024,MRD-PR,1.6T 하이브리드,FWD,선셋 레드,MX-MT,west,31200
2024-06,VF5MPFDXRM0007941,MRD,2024,MRD-PR,1.6T 하이브리드,FWD,실버,MX-MT,west,31200
2024-06,VF5MSADXRM0007942,MRD,2024,MRD-SP,2.0 가솔린,AWD,실버,MX-MT,south,35568
2024-06,VF5MSAEXRM0007943,MRD,2024,MRD-SP,1.6T 하이브리드,AWD,오션 블루,MX-MT,southeast,35568
2024-06,VF5MPABXRM0007944,MRD,2024,MRD-PR,2.0 가솔린,AWD,미드나잇 블랙,MX-MT,central,31200
2024-06,VF5MPFAXRM0007945,MRD,2024,MRD-PR,2.0 가솔린,FWD,스노우 화이트,MX-MT,central,31200
2024-06,VF5MSFFXRM0007946,MRD,2024,MRD-SP,2.0 가솔린,FWD,선셋 레드,MX-MT,southeast,35568
2024-06,VF5MSFAXRM0007947,MRD,2024,MRD-SP,1.6T 하이브리드,FWD,스노우 화이트,MX-MT,northeast,35568
2024-06,VF5MSFFXRM0007948,MRD,2024,MRD-SP,2.0 가솔린,FWD,선셋 레드,MX-MT,west,35568
2024-06,VF5MSFGXRM0007949,MRD,2024,MRD-SP,1.6T 하이브리드,FWD,포레스트 그린,MX-MT,south,35568
2024-06,VF5MCFAXRM0007950,MRD,2024,MRD-CO,1.6T 하이브리드,FWD,스노우 화이트,MX-MT,northeast,28704
2024-06,VF5MPFEXRM0007951,MRD,2024,MRD-PR,2.0 가솔린,FWD,오션 블루,MX-MT,northeast,31200
2024-06,VF5MCFDXRM0007952,MRD,2024,MRD-CO,2.0 가솔린,FWD,실버,MX-MT,central,28704
2024-06,VF5MCABXRM0007953,MRD,2024,MRD-CO,2.0 가솔린,AWD,미드나잇 블랙,MX-MT,central,28704
2024-06,VF5MCFAXRM0007954,MRD,2024,MRD-CO,2.0 가솔린,FWD,스노우 화이트,MX-MT,west,28704
2024-06,VF5MCFDXRM0007955,MRD,2024,MRD-CO,2.0 가솔린,FWD,실버,MX-MT,northeast,28704
2024-06,VF5MCFBXRM0007956,MRD,2024,MRD-CO,2.0 가솔린,FWD,미드나잇 블랙,MX-MT,central,28704
2024-06,VF5MPACXRM0007957,MRD,2024,MRD-PR,2.0 가솔린,AWD,스틸 그레이,MX-MT,southeast,31200
2024-06,VF5MCFDXRM0007958,MRD,2024,MRD-CO,2.0 가솔린,FWD,실버,MX-MT,west,28704
2024-06,VF5MPFFXRM0007959,MRD,2024,MRD-PR,1.6T 하이브리드,FWD,선셋 레드,MX-MT,west,31200
2024-06,VF5MPFHXRM0007960,MRD,2024,MRD-PR,2.0 가솔린,FWD,샌드 베이지,MX-MT,central,31200
2024-06,VF5MSFAXRM0007961,MRD,2024,MRD-SP,1.6T 하이브리드,FWD,스노우 화이트,MX-MT,west,35568
2024-06,VF5MSFGXRM0007962,MRD,2024,MRD-SP,2.0 가솔린,FWD,포레스트 그린,MX-MT,west,35568
2024-06,VF5MPFDXRM0007963,MRD,2024,MRD-PR,2.0 가솔린,FWD,실버,MX-MT,central,31200
2024-06,VF5MCFDXRM0007964,MRD,2024,MRD-CO,1.6T 하이브리드,FWD,실버,MX-MT,northeast,28704
2024-06,VF5MPFBXRM0007965,MRD,2024,MRD-PR,2.0 가솔린,FWD,미드나잇 블랙,MX-MT,southeast,31200
2024-06,VF5MCFEXRM0007966,MRD,2024,MRD-CO,1.6T 하이브리드,FWD,오션 블루,MX-MT,west,28704
2024-06,VF5MPFEXRM0007967,MRD,2024,MRD-PR,2.0 가솔린,FWD,오션 블루,MX-MT,south,31200
2024-06,VF5MCFAXRM0007968,MRD,2024,MRD-CO,1.6T 하이브리드,FWD,스노우 화이트,MX-MT,southeast,28704
2024-06,VF5MPFBXRM0007969,MRD,2024,MRD-PR,1.6T 하이브리드,FWD,미드나잇 블랙,MX-MT,west,31200
2024-06,VF5MSFDXRM0007970,MRD,2024,MRD-SP,2.0 가솔린,FWD,실버,MX-MT,northeast,35568
2024-06,VF5MSFFXRM0007971,MRD,2024,MRD-SP,2.0 가솔린,FWD,선셋 레드,MX-MT,south,35568
2024-06,VF5MPFCXRM0007972,MRD,2024,MRD-PR,2.0 가솔린,FWD,스틸 그레이,MX-MT,southeast,31200
2024-06,VF5MSFAXRM0007973,MRD,2024,MRD-SP,2.0 가솔린,FWD,스노우 화이트,MX-MT,central,35568
2024-06,VF5MSFAXRM0007974,MRD,2024,MRD-SP,2.0 가솔린,FWD,스노우 화이트,MX-MT,southeast,35568
2024-06,VF5MCFCXRM0007975,MRD,2024,MRD-CO,2.0 가솔린,FWD,스틸 그레이,MX-MT,southeast,28704
2024-06,VF5MPFBXRM0007976,MRD,2024,MRD-PR,2.0 가솔린,FWD,미드나잇 블랙,MX-MT,south,31200
2024-06,VF5MCFDXRM0007977,MRD,2024,MRD-CO,1.6T 하이브리드,FWD,실버,MX-MT,southeast,28704
2024-06,VF5MCFCXRM0007978,MRD,2024,MRD-CO,2.0 가솔린,FWD,스틸 그레이,MX-MT,west,28704
2024-06,VF5MPAGXRM0007979,MRD,2024,MRD-PR,1.6T 하이브리드,AWD,포레스트 그린,MX-MT,west,31200
2024-06,VF5MPFCXRM0007980,MRD,2024,MRD-PR,2.0 가솔린,FWD,스틸 그레이,MX-MT,west,31200
2024-06,VF5MPFCXRM0007981,MRD,2024,MRD-PR,1.6T 하이브리드,FWD,스틸 그레이,MX-MT,south,31200
2024-06,VF5MSFCXRM0007982,MRD,2024,MRD-SP,1.6T 하이브리드,FWD,스틸 그레이,MX-MT,south,35568
2024-06,VF5MPFCXRM0007983,MRD,2024,MRD-PR,1.6T 하이브리드,FWD,스틸 그레이,MX-MT,northeast,31200
2024-06,VF5MPFFXRM0007984,MRD,2024,MRD-PR,1.6T 하이브리드,FWD,선셋 레드,MX-MT,northeast,31200
2024-06,VF5MPFCXRM0007985,MRD,2024,MRD-PR,1.6T 하이브리드,FWD,스틸 그레이,MX-MT,northeast,31200
2024-06,VF5MPFAXRM0007986,MRD,2024,MRD-PR,2.0 가솔린,FWD,스노우 화이트,MX-MT,southeast,31200
2024-06,VF5MCFBXRM0007987,MRD,2024,MRD-CO,2.0 가솔린,FWD,미드나잇 블랙,MX-MT,west,28704
2024-06,VF5MPFBXRM0007988,MRD,2024,MRD-PR,2.0 가솔린,FWD,미드나잇 블랙,MX-MT,northeast,31200
2024-06,VF5MCFAXRM0007989,MRD,2024,MRD-CO,1.6T 하이브리드,FWD,스노우 화이트,MX-MT,south,28704
2024-06,VF5MPFFXRM0007990,MRD,2024,MRD-PR,2.0 가솔린,FWD,선셋 레드,MX-MT,southeast,31200
2024-06,VF5MCFFXRM0007991,MRD,2024,MRD-CO,2.0 가솔린,FWD,선셋 레드,MX-MT,west,28704
2024-06,VF5MSFCXRM0007992,MRD,2024,MRD-SP,2.0 가솔린,FWD,스틸 그레이,MX-MT,central,35568
2024-06,VF5MPAAXRM0007993,MRD,2024,MRD-PR,1.6T 하이브리드,AWD,스노우 화이트,MX-MT,central,31200
2024-06,VF5MPFFXRM0007994,MRD,2024,MRD-PR,1.6T 하이브리드,FWD,선셋 레드,MX-MT,west,31200
2024-06,VF5MPFAXRM0007995,MRD,2024,MRD-PR,2.0 가솔린,FWD,스노우 화이트,MX-MT,central,31200
2024-06,VF5MPAAXRM0007996,MRD,2024,MRD-PR,1.6T 하이브리드,AWD,스노우 화이트,MX-MT,central,31200
2024-06,VF5MPFDXRM0007997,MRD,2024,MRD-PR,1.6T 하이브리드,FWD,실버,MX-MT,central,31200
2024-06,VF5MSFBXRM0007998,MRD,2024,MRD-SP,2.0 가솔린,FWD,미드나잇 블랙,MX-MT,west,35568
2024-06,VF5MPFAXRM0007999,MRD,2024,MRD-PR,1.6T 하이브리드,FWD,스노우 화이트,MX-MT,west,31200
2024-06,VF5MPFAXRM0008000,MRD,2024,MRD-PR,1.6T 하이브리드,FWD,스노우 화이트,MX-MT,west,31200
2024-06,VF5MCFAXRM0008001,MRD,2024,MRD-CO,2.0 가솔린,FWD,스노우 화이트,MX-MT,south,28704
2024-06,VF5MCAAXRM0008002,MRD,2024,MRD-CO,2.0 가솔린,AWD,스노우 화이트,MX-MT,central,28704
2024-06,VF5MSFBXRM0008003,MRD,2024,MRD-SP,2.0 가솔린,FWD,미드나잇 블랙,MX-MT,west,35568
2024-06,VF5MPFEXRM0008004,MRD,2024,MRD-PR,1.6T 하이브리드,FWD,오션 블루,MX-MT,central,31200
2024-06,VF5MSFAXRM0008005,MRD,2024,MRD-SP,2.0 가솔린,FWD,스노우 화이트,MX-MT,northeast,35568
2024-06,VF5MPAFXRM0008006,MRD,2024,MRD-PR,2.0 가솔린,AWD,선셋 레드,MX-MT,west,31200
2024-06,VF5MPFDXRM0008007,MRD,2024,MRD-PR,2.0 가솔린,FWD,실버,MX-MT,central,31200
2024-06,VF5MCFAXRM0008008,MRD,2024,MRD-CO,1.6T 하이브리드,FWD,스노우 화이트,MX-MT,south,28704
2024-06,VF5MPAAXRM0008009,MRD,2024,MRD-PR,2.0 가솔린,AWD,스노우 화이트,MX-MT,central,31200
2024-06,VF5MCFAXRM0008010,MRD,2024,MRD-CO,2.0 가솔린,FWD,스노우 화이트,MX-MT,west,28704
2024-06,VF5MCFAXRM0008011,MRD,2024,MRD-CO,1.6T 하이브리드,FWD,스노우 화이트,MX-MT,south,28704
2024-06,VF5MPFDXRM0008012,MRD,2024,MRD-PR,1.6T 하이브리드,FWD,실버,MX-MT,central,31200
2024-06,VF5MCFDXRM0008013,MRD,2024,MRD-CO,1.6T 하이브리드,FWD,실버,MX-MT,south,28704
2024-06,VF5MPFAXRM0008014,MRD,2024,MRD-PR,2.0 가솔린,FWD,스노우 화이트,MX-MT,northeast,31200
2024-06,VF5MPAAXRM0008015,MRD,2024,MRD-PR,2.0 가솔린,AWD,스노우 화이트,MX-MT,northeast,31200
2024-06,VF5MPAAXRM0008016,MRD,2024,MRD-PR,2.0 가솔린,AWD,스노우 화이트,MX-MT,west,31200
2024-06,VF5MPFBXRM0008017,MRD,2024,MRD-PR,1.6T 하이브리드,FWD,미드나잇 블랙,MX-MT,southeast,31200
2024-06,VF5MPFFXRM0008018,MRD,2024,MRD-PR,2.0 가솔린,FWD,선셋 레드,MX-MT,southeast,31200
2024-06,VF5MSFAXRM0008019,MRD,2024,MRD-SP,2.0 가솔린,FWD,스노우 화이트,MX-MT,west,35568
2024-06,VF5MCFDXRM0008020,MRD,2024,MRD-CO,2.0 가솔린,FWD,실버,MX-MT,northeast,28704
2024-06,VF5MPFBXRM0008021,MRD,2024,MRD-PR,2.0 가솔린,FWD,미드나잇 블랙,MX-MT,central,31200
2024-06,VF5MCABXRM0008022,MRD,2024,MRD-CO,2.0 가솔린,AWD,미드나잇 블랙,MX-MT,northeast,28704
2024-06,VF5MPAHXRM0008023,MRD,2024,MRD-PR,1.6T 하이브리드,AWD,샌드 베이지,MX-MT,south,31200
2024-06,VF5MPFAXRM0008024,MRD,2024,MRD-PR,2.0 가솔린,FWD,스노우 화이트,MX-MT,central,31200
2024-06,VF5MPFDXRM0008025,MRD,2024,MRD-PR,2.0 가솔린,FWD,실버,MX-MT,northeast,31200
2024-06,VF5MCFCXRM0008026,MRD,2024,MRD-CO,2.0 가솔린,FWD,스틸 그레이,MX-MT,central,28704
2024-06,VF5MPABXRM0008027,MRD,2024,MRD-PR,2.0 가솔린,AWD,미드나잇 블랙,MX-MT,northeast,31200
2024-06,VF5MPFEXRM0008028,MRD,2024,MRD-PR,2.0 가솔린,FWD,오션 블루,MX-MT,northeast,31200
2024-06,VF5MPFBXRM0008029,MRD,2024,MRD-PR,2.0 가솔린,FWD,미드나잇 블랙,MX-MT,central,31200
2024-06,VF5MPFDXRM0008030,MRD,2024,MRD-PR,2.0 가솔린,FWD,실버,MX-MT,west,31200
2024-06,VF5MPFBXRM0008031,MRD,2024,MRD-PR,2.0 가솔린,FWD,미드나잇 블랙,MX-MT,south,31200
2024-06,VF5MCFBXRM0008032,MRD,2024,MRD-CO,2.0 가솔린,FWD,미드나잇 블랙,MX-MT,southeast,28704
2024-06,VF5MPFAXRM0008033,MRD,2024,MRD-PR,2.0 가솔린,FWD,스노우 화이트,MX-MT,south,31200
2024-06,VF5MPFCXRM0008034,MRD,2024,MRD-PR,2.0 가솔린,FWD,스틸 그레이,MX-MT,southeast,31200
2024-06,VF5MSFCXRM0008035,MRD,2024,MRD-SP,1.6T 하이브리드,FWD,스틸 그레이,MX-MT,west,35568
2024-06,VF5MCFAXRM0008036,MRD,2024,MRD-CO,2.0 가솔린,FWD,스노우 화이트,MX-MT,northeast,28704
2024-06,VF5MPAFXRM0008037,MRD,2024,MRD-PR,2.0 가솔린,AWD,선셋 레드,MX-MT,central,31200
2024-06,VF5MCFGXRM0008038,MRD,2024,MRD-CO,1.6T 하이브리드,FWD,포레스트 그린,MX-MT,central,28704
2024-06,VF5MSFFXRM0008039,MRD,2024,MRD-SP,2.0 가솔린,FWD,선셋 레드,MX-MT,west,35568
2024-06,VF5MPFDXRM0008040,MRD,2024,MRD-PR,1.6T 하이브리드,FWD,실버,MX-MT,south,31200
2024-06,VF5MPFGXRM0008041,MRD,2024,MRD-PR,1.6T 하이브리드,FWD,포레스트 그린,MX-MT,southeast,31200
2024-06,VF5MCFCXRM0008042,MRD,2024,MRD-CO,1.6T 하이브리드,FWD,스틸 그레이,MX-MT,south,28704
2024-06,VF5MCFDXRM0008043,MRD,2024,MRD-CO,2.0 가솔린,FWD,실버,MX-MT,west,28704
2024-06,VF5MCFBXRM0008044,MRD,2024,MRD-CO,2.0 가솔린,FWD,미드나잇 블랙,MX-MT,west,28704
2024-06,VF5MCFBXRM0008045,MRD,2024,MRD-CO,2.0 가솔린,FWD,미드나잇 블랙,MX-MT,northeast,28704
2024-06,VF5MPFFXRM0008046,MRD,2024,MRD-PR,1.6T 하이브리드,FWD,선셋 레드,MX-MT,northeast,31200
2024-06,VF5MPFAXRM0008047,MRD,2024,MRD-PR,1.6T 하이브리드,FWD,스노우 화이트,MX-MT,west,31200
2024-06,VF5MPAAXRM0008048,MRD,2024,MRD-PR,1.6T 하이브리드,AWD,스노우 화이트,MX-MT,southeast,31200
2024-06,VF5MPFCXRM0008049,MRD,2024,MRD-PR,1.6T 하이브리드,FWD,스틸 그레이,MX-MT,west,31200
2024-06,VF5MPAHXRM0008050,MRD,2024,MRD-PR,2.0 가솔린,AWD,샌드 베이지,MX-MT,west,31200
2024-06,VF5MSFEXRM0008051,MRD,2024,MRD-SP,2.0 가솔린,FWD,오션 블루,MX-MT,central,35568
2024-06,VF5MPFCXRM0008052,MRD,2024,MRD-PR,1.6T 하이브리드,FWD,스틸 그레이,MX-MT,south,31200
2024-06,VF5MPFHXRM0008053,MRD,2024,MRD-PR,2.0 가솔린,FWD,샌드 베이지,MX-MT,west,31200
2024-06,VF5MPFDXRM0008054,MRD,2024,MRD-PR,1.6T 하이브리드,FWD,실버,MX-MT,west,31200
2024-06,VF5MPAAXRM0008055,MRD,2024,MRD-PR,2.0 가솔린,AWD,스노우 화이트,MX-MT,west,31200
2024-06,VF5MCFAXRM0008056,MRD,2024,MRD-CO,2.0 가솔린,FWD,스노우 화이트,MX-MT,south,28704
2024-06,VF5MPABXRM0008057,MRD,2024,MRD-PR,2.0 가솔린,AWD,미드나잇 블랙,MX-MT,southeast,31200
2024-06,VF5MCFFXRM0008058,MRD,2024,MRD-CO,2.0 가솔린,FWD,선셋 레드,MX-MT,central,28704
2024-06,VF5MCFBXRM0008059,MRD,2024,MRD-CO,2.0 가솔린,FWD,미드나잇 블랙,MX-MT,southeast,28704
2024-06,VF5MCADXRM0008060,MRD,2024,MRD-CO,1.6T 하이브리드,AWD,실버,MX-MT,west,28704
2024-06,VF5MPADXRM0008061,MRD,2024,MRD-PR,1.6T 하이브리드,AWD,실버,MX-MT,northeast,31200
2024-06,VF5MCFAXRM0008062,MRD,2024,MRD-CO,2.0 가솔린,FWD,스노우 화이트,MX-MT,central,28704
2024-06,VF5MCFHXRM0008063,MRD,2024,MRD-CO,2.0 가솔린,FWD,샌드 베이지,MX-MT,central,28704
2024-06,VF5MSFAXRM0008064,MRD,2024,MRD-SP,2.0 가솔린,FWD,스노우 화이트,MX-MT,southeast,35568
2024-06,VF5MCFCXRM0008065,MRD,2024,MRD-CO,2.0 가솔린,FWD,스틸 그레이,MX-MT,south,28704
2024-06,VF5MCFBXRM0008066,MRD,2024,MRD-CO,2.0 가솔린,FWD,미드나잇 블랙,MX-MT,south,28704
2024-06,VF5MCFEXRM0008067,MRD,2024,MRD-CO,1.6T 하이브리드,FWD,오션 블루,MX-MT,west,28704
2024-06,VF5MSFAXRM0008068,MRD,2024,MRD-SP,2.0 가솔린,FWD,스노우 화이트,MX-MT,central,35568
2024-06,VF5MPACXRM0008069,MRD,2024,MRD-PR,2.0 가솔린,AWD,스틸 그레이,MX-MT,southeast,31200
2024-06,VF5MPFBXRM0008070,MRD,2024,MRD-PR,1.6T 하이브리드,FWD,미드나잇 블랙,MX-MT,northeast,31200
2024-06,VF5MSFEXRM0008071,MRD,2024,MRD-SP,2.0 가솔린,FWD,오션 블루,MX-MT,south,35568
2024-06,VF5MCFAXRM0008072,MRD,2024,MRD-CO,2.0 가솔린,FWD,스노우 화이트,MX-MT,west,28704
2024-06,VF5MPAFXRM0008073,MRD,2024,MRD-PR,2.0 가솔린,AWD,선셋 레드,MX-MT,south,31200
2024-06,VF5MCFCXRM0008074,MRD,2024,MRD-CO,2.0 가솔린,FWD,스틸 그레이,MX-MT,south,28704
2024-06,VF5MCABXRM0008075,MRD,2024,MRD-CO,2.0 가솔린,AWD,미드나잇 블랙,MX-MT,south,28704
2024-06,VF5MPFGXRM0008076,MRD,2024,MRD-PR,2.0 가솔린,FWD,포레스트 그린,MX-MT,south,31200
2024-06,VF5MSFEXRM0008077,MRD,2024,MRD-SP,2.0 가솔린,FWD,오션 블루,MX-MT,south,35568
2024-06,VF5MPFDXRM0008078,MRD,2024,MRD-PR,2.0 가솔린,FWD,실버,MX-MT,northeast,31200
2024-06,VF5MPFHXRM0008079,MRD,2024,MRD-PR,1.6T 하이브리드,FWD,샌드 베이지,MX-MT,central,31200
2024-06,VF5MSFGXRM0008080,MRD,2024,MRD-SP,2.0 가솔린,FWD,포레스트 그린,MX-MT,southeast,35568
2024-06,VF5MSFHXRM0008081,MRD,2024,MRD-SP,2.0 가솔린,FWD,샌드 베이지,MX-MT,northeast,35568
2024-06,VF5MCFGXRM0008082,MRD,2024,MRD-CO,1.6T 하이브리드,FWD,포레스트 그린,MX-MT,northeast,28704
2024-06,VF5MSFBXRM0008083,MRD,2024,MRD-SP,2.0 가솔린,FWD,미드나잇 블랙,MX-MT,southeast,35568
2024-06,VF5MPFCXRM0008084,MRD,2024,MRD-PR,2.0 가솔린,FWD,스틸 그레이,MX-MT,west,31200
2024-06,VF5MPADXRM0008085,MRD,2024,MRD-PR,2.0 가솔린,AWD,실버,MX-MT,west,31200
2024-06,VF5MPFAXRM0008086,MRD,2024,MRD-PR,2.0 가솔린,FWD,스노우 화이트,MX-MT,south,31200
2024-06,VF5MCFDXRM0008087,MRD,2024,MRD-CO,1.6T 하이브리드,FWD,실버,MX-MT,northeast,28704
2024-06,VF5MCFEXRM0008088,MRD,2024,MRD-CO,2.0 가솔린,FWD,오션 블루,MX-MT,northeast,28704
2024-06,VF5MCFAXRM0008089,MRD,2024,MRD-CO,2.0 가솔린,FWD,스노우 화이트,MX-MT,southeast,28704
2024-06,VF5MSAFXRM0008090,MRD,2024,MRD-SP,2.0 가솔린,AWD,선셋 레드,MX-MT,west,35568
2024-06,VF5MPFAXRM0008091,MRD,2024,MRD-PR,2.0 가솔린,FWD,스노우 화이트,MX-MT,south,31200
2024-06,VF5MPFBXRM0008092,MRD,2024,MRD-PR,1.6T 하이브리드,FWD,미드나잇 블랙,MX-MT,south,31200
2024-06,VF5MSABXRM0008093,MRD,2024,MRD-SP,1.6T 하이브리드,AWD,미드나잇 블랙,MX-MT,central,35568
2024-06,VF5MCFCXRM0008094,MRD,2024,MRD-CO,2.0 가솔린,FWD,스틸 그레이,MX-MT,southeast,28704
2024-06,VF5MPFAXRM0008095,MRD,2024,MRD-PR,2.0 가솔린,FWD,스노우 화이트,MX-MT,west,31200
2024-06,VF2NCFHXRK0009472,NOV,2024,NOV-CO,3.5 가솔린,FWD,샌드 베이지,KR-2,central,40756
2024-06,VF2NCAAXRK0009473,NOV,2024,NOV-CO,1.6T 하이브리드,AWD,스노우 화이트,KR-2,southeast,40756
2024-06,VF2NPFCXRK0009474,NOV,2024,NOV-PR,3.5 가솔린,FWD,스틸 그레이,KR-2,west,44300
2024-06,VF2NCAAXRK0009475,NOV,2024,NOV-CO,3.5 가솔린,AWD,스노우 화이트,KR-2,central,40756
2024-06,VF2NCAAXRK0009476,NOV,2024,NOV-CO,3.5 가솔린,AWD,스노우 화이트,KR-2,southeast,40756
2024-06,VF2NPFDXSK0009477,NOV,2025,NOV-PR,1.6T 하이브리드,FWD,실버,KR-2,west,44300
2024-06,VF2NPAEXRK0009478,NOV,2024,NOV-PR,3.5 가솔린,AWD,오션 블루,KR-2,central,44300
2024-06,VF2NSABXRK0009479,NOV,2024,NOV-LO,3.5 가솔린,AWD,미드나잇 블랙,KR-2,northeast,50502
2024-06,VF2NCACXRK0009480,NOV,2024,NOV-CO,3.5 가솔린,AWD,스틸 그레이,KR-2,central,40756
2024-06,VF2NCFDXRK0009481,NOV,2024,NOV-CO,3.5 가솔린,FWD,실버,KR-2,southeast,40756
2024-06,VF2NCABXRK0009482,NOV,2024,NOV-CO,3.5 가솔린,AWD,미드나잇 블랙,KR-2,central,40756
2024-06,VF2NSAFXSK0009483,NOV,2025,NOV-LO,3.5 가솔린,AWD,선셋 레드,KR-2,west,50502
2024-06,VF2NPAAXRK0009484,NOV,2024,NOV-PR,3.5 가솔린,AWD,스노우 화이트,KR-2,south,44300
2024-06,VF2NPFAXRK0009485,NOV,2024,NOV-PR,3.5 가솔린,FWD,스노우 화이트,KR-2,central,44300
2024-06,VF2NSFEXRK0009486,NOV,2024,NOV-LO,1.6T 하이브리드,FWD,오션 블루,KR-2,west,50502
2024-06,VF2NPFBXRK0009487,NOV,2024,NOV-PR,1.6T 하이브리드,FWD,미드나잇 블랙,KR-2,west,44300
2024-06,VF2NPAHXRK0009488,NOV,2024,NOV-PR,3.5 가솔린,AWD,샌드 베이지,KR-2,northeast,44300
2024-06,VF2NPFDXRK0009489,NOV,2024,NOV-PR,1.6T 하이브리드,FWD,실버,KR-2,west,44300
2024-06,VF2NPFAXRK0009490,NOV,2024,NOV-PR,3.5 가솔린,FWD,스노우 화이트,KR-2,south,44300
2024-06,VF2NCAAXRK0009491,NOV,2024,NOV-CO,3.5 가솔린,AWD,스노우 화이트,KR-2,central,40756
2024-06,VF2NPFCXRK0009492,NOV,2024,NOV-PR,3.5 가솔린,FWD,스틸 그레이,KR-2,central,44300
2024-06,VF2NCAAXRK0009493,NOV,2024,NOV-CO,1.6T 하이브리드,AWD,스노우 화이트,KR-2,southeast,40756
2024-06,VF2NPFHXSK0009494,NOV,2025,NOV-PR,3.5 가솔린,FWD,샌드 베이지,KR-2,south,44300
2024-06,VF2NPAAXRK0009495,NOV,2024,NOV-PR,3.5 가솔린,AWD,스노우 화이트,KR-2,central,44300
2024-06,VF2NCFDXRK0009496,NOV,2024,NOV-CO,1.6T 하이브리드,FWD,실버,KR-2,northeast,40756
2024-06,VF2NPFFXRK0009497,NOV,2024,NOV-PR,3.5 가솔린,FWD,선셋 레드,KR-2,west,44300
2024-06,VF2NPFBXRK0009498,NOV,2024,NOV-PR,3.5 가솔린,FWD,미드나잇 블랙,KR-2,south,44300
2024-06,VF2NPAEXRK0009499,NOV,2024,NOV-PR,3.5 가솔린,AWD,오션 블루,KR-2,northeast,44300
2024-06,VF2NCFBXRK0009500,NOV,2024,NOV-CO,3.5 가솔린,FWD,미드나잇 블랙,KR-2,south,40756
2024-06,VF2NCFAXRK0009501,NOV,2024,NOV-CO,3.5 가솔린,FWD,스노우 화이트,KR-2,northeast,40756
2024-06,VF2NSFAXSK0009502,NOV,2025,NOV-LO,3.5 가솔린,FWD,스노우 화이트,KR-2,south,50502
2024-06,VF2NPFAXRK0009503,NOV,2024,NOV-PR,3.5 가솔린,FWD,스노우 화이트,KR-2,southeast,44300
2024-06,VF2NSFFXRK0009504,NOV,2024,NOV-LO,1.6T 하이브리드,FWD,선셋 레드,KR-2,west,50502
2024-06,VF2NCFCXRK0009505,NOV,2024,NOV-CO,3.5 가솔린,FWD,스틸 그레이,KR-2,northeast,40756
2024-06,VF2NPAAXRK0009506,NOV,2024,NOV-PR,3.5 가솔린,AWD,스노우 화이트,KR-2,central,44300
2024-06,VF2NCFBXRK0009507,NOV,2024,NOV-CO,3.5 가솔린,FWD,미드나잇 블랙,KR-2,south,40756
2024-06,VF2NCAGXRK0009508,NOV,2024,NOV-CO,3.5 가솔린,AWD,포레스트 그린,KR-2,central,40756
2024-06,VF2NCFDXRK0009509,NOV,2024,NOV-CO,3.5 가솔린,FWD,실버,KR-2,northeast,40756
2024-06,VF2NPFGXRK0009510,NOV,2024,NOV-PR,1.6T 하이브리드,FWD,포레스트 그린,KR-2,south,44300
2024-06,VF2NPACXRK0009511,NOV,2024,NOV-PR,3.5 가솔린,AWD,스틸 그레이,KR-2,west,44300
2024-06,VF2NPFDXRK0009512,NOV,2024,NOV-PR,3.5 가솔린,FWD,실버,KR-2,south,44300
2024-06,VF2NPFDXRK0009513,NOV,2024,NOV-PR,1.6T 하이브리드,FWD,실버,KR-2,central,44300
2024-06,VF2NPFBXRK0009514,NOV,2024,NOV-PR,1.6T 하이브리드,FWD,미드나잇 블랙,KR-2,southeast,44300
2024-06,VF2NCFHXRK0009515,NOV,2024,NOV-CO,1.6T 하이브리드,FWD,샌드 베이지,KR-2,central,40756
2024-06,VF2NCFEXRK0009516,NOV,2024,NOV-CO,3.5 가솔린,FWD,오션 블루,KR-2,west,40756
2024-06,VF2NCFAXRK0009517,NOV,2024,NOV-CO,3.5 가솔린,FWD,스노우 화이트,KR-2,south,40756
2024-06,VF2NPFGXRK0009518,NOV,2024,NOV-PR,3.5 가솔린,FWD,포레스트 그린,KR-2,southeast,44300
2024-06,VF2NPFCXRK0009519,NOV,2024,NOV-PR,3.5 가솔린,FWD,스틸 그레이,KR-2,central,44300
2024-06,VF2NSFAXRK0009520,NOV,2024,NOV-LO,3.5 가솔린,FWD,스노우 화이트,KR-2,west,50502
2024-06,VF2NCFCXRK0009521,NOV,2024,NOV-CO,1.6T 하이브리드,FWD,스틸 그레이,KR-2,central,40756
2024-06,VF2NCADXRK0009522,NOV,2024,NOV-CO,1.6T 하이브리드,AWD,실버,KR-2,southeast,40756
2024-06,VF2NCAGXSK0009523,NOV,2025,NOV-CO,3.5 가솔린,AWD,포레스트 그린,KR-2,west,40756
2024-06,VF2NCFAXRK0009524,NOV,2024,NOV-CO,3.5 가솔린,FWD,스노우 화이트,KR-2,southeast,40756
2024-06,VF2NCAGXRK0009525,NOV,2024,NOV-CO,1.6T 하이브리드,AWD,포레스트 그린,KR-2,southeast,40756
2024-06,VF2NCFFXSK0009526,NOV,2025,NOV-CO,1.6T 하이브리드,FWD,선셋 레드,KR-2,west,40756
2024-06,VF2NPAAXRK0009527,NOV,2024,NOV-PR,3.5 가솔린,AWD,스노우 화이트,KR-2,southeast,44300
2024-06,VF2NPFBXRK0009528,NOV,2024,NOV-PR,3.5 가솔린,FWD,미드나잇 블랙,KR-2,west,44300
2024-06,VF2NCFAXRK0009529,NOV,2024,NOV-CO,3.5 가솔린,FWD,스노우 화이트,KR-2,southeast,40756
2024-06,VF2NSFAXRK0009530,NOV,2024,NOV-LO,1.6T 하이브리드,FWD,스노우 화이트,KR-2,southeast,50502
2024-06,VF2NSACXRK0009531,NOV,2024,NOV-LO,3.5 가솔린,AWD,스틸 그레이,KR-2,southeast,50502
2024-06,VF2NPADXRK0009532,NOV,2024,NOV-PR,1.6T 하이브리드,AWD,실버,KR-2,west,44300
2024-06,VF2NCFBXRK0009533,NOV,2024,NOV-CO,3.5 가솔린,FWD,미드나잇 블랙,KR-2,south,40756
2024-06,VF2NSACXSK0009534,NOV,2025,NOV-LO,3.5 가솔린,AWD,스틸 그레이,KR-2,central,50502
2024-06,VF2NPABXRK0009535,NOV,2024,NOV-PR,3.5 가솔린,AWD,미드나잇 블랙,KR-2,west,44300
2024-06,VF2NPFAXRK0009536,NOV,2024,NOV-PR,3.5 가솔린,FWD,스노우 화이트,KR-2,northeast,44300
2024-06,VF2NPFBXRK0009537,NOV,2024,NOV-PR,3.5 가솔린,FWD,미드나잇 블랙,KR-2,southeast,44300
2024-06,VF2NSADXRK0009538,NOV,2024,NOV-LO,1.6T 하이브리드,AWD,실버,KR-2,northeast,50502
2024-06,VF2NSFEXRK0009539,NOV,2024,NOV-LO,1.6T 하이브리드,FWD,오션 블루,KR-2,central,50502
2024-06,VF2NCFDXSK0009540,NOV,2025,NOV-CO,3.5 가솔린,FWD,실버,KR-2,south,40756
2024-06,VF2NCFBXRK0009541,NOV,2024,NOV-CO,1.6T 하이브리드,FWD,미드나잇 블랙,KR-2,northeast,40756
2024-06,VF2NPAFXSK0009542,NOV,2025,NOV-PR,1.6T 하이브리드,AWD,선셋 레드,KR-2,south,44300
2024-06,VF2NPFAXRK0009543,NOV,2024,NOV-PR,3.5 가솔린,FWD,스노우 화이트,KR-2,south,44300
2024-06,VF2NCFDXRK0009544,NOV,2024,NOV-CO,1.6T 하이브리드,FWD,실버,KR-2,northeast,40756
2024-06,VF2NCFHXSK0009545,NOV,2025,NOV-CO,1.6T 하이브리드,FWD,샌드 베이지,KR-2,south,40756
2024-06,VF2NPABXSK0009546,NOV,2025,NOV-PR,3.5 가솔린,AWD,미드나잇 블랙,KR-2,central,44300
2024-06,VF2NCFCXRK0009547,NOV,2024,NOV-CO,3.5 가솔린,FWD,스틸 그레이,KR-2,central,40756
2024-06,VF2NCADXRK0009548,NOV,2024,NOV-CO,3.5 가솔린,AWD,실버,KR-2,south,40756
2024-06,VF2NPFCXRK0009549,NOV,2024,NOV-PR,1.6T 하이브리드,FWD,스틸 그레이,KR-2,southeast,44300
2024-06,VF2NCADXRK0009550,NOV,2024,NOV-CO,3.5 가솔린,AWD,실버,KR-2,central,40756
2024-06,VF2NPADXRK0009551,NOV,2024,NOV-PR,3.5 가솔린,AWD,실버,KR-2,central,44300
2024-06,VF2NSFHXRK0009552,NOV,2024,NOV-LO,1.6T 하이브리드,FWD,샌드 베이지,KR-2,south,50502
2024-06,VF2NPABXSK0009553,NOV,2025,NOV-PR,1.6T 하이브리드,AWD,미드나잇 블랙,KR-2,central,44300
2024-06,VF2NCFDXRK0009554,NOV,2024,NOV-CO,1.6T 하이브리드,FWD,실버,KR-2,west,40756
2024-06,VF2NPAAXRK0009555,NOV,2024,NOV-PR,1.6T 하이브리드,AWD,스노우 화이트,KR-2,central,44300
2024-06,VF2NCABXRK0009556,NOV,2024,NOV-CO,3.5 가솔린,AWD,미드나잇 블랙,KR-2,south,40756
2024-06,VF2NCADXRK0009557,NOV,2024,NOV-CO,3.5 가솔린,AWD,실버,KR-2,south,40756
2024-06,VF2NCFCXRK0009558,NOV,2024,NOV-CO,1.6T 하이브리드,FWD,스틸 그레이,KR-2,west,40756
2024-06,VF2NCFBXRK0009559,NOV,2024,NOV-CO,3.5 가솔린,FWD,미드나잇 블랙,KR-2,west,40756
2024-06,VF2NSAFXRK0009560,NOV,2024,NOV-LO,3.5 가솔린,AWD,선셋 레드,KR-2,northeast,50502
2024-06,VF2NPFGXRK0009561,NOV,2024,NOV-PR,3.5 가솔린,FWD,포레스트 그린,KR-2,west,44300
2024-06,VF2NPFDXRK0009562,NOV,2024,NOV-PR,3.5 가솔린,FWD,실버,KR-2,south,44300
2024-06,VF2NCFDXRK0009563,NOV,2024,NOV-CO,1.6T 하이브리드,FWD,실버,KR-2,south,40756
2024-06,VF2NPFBXRK0009564,NOV,2024,NOV-PR,1.6T 하이브리드,FWD,미드나잇 블랙,KR-2,west,44300
2024-06,VF2NPFCXRK0009565,NOV,2024,NOV-PR,1.6T 하이브리드,FWD,스틸 그레이,KR-2,central,44300
2024-06,VF2NCFCXRK0009566,NOV,2024,NOV-CO,3.5 가솔린,FWD,스틸 그레이,KR-2,southeast,40756
2024-06,VF2NPFAXRK0009567,NOV,2024,NOV-PR,1.6T 하이브리드,FWD,스노우 화이트,KR-2,central,44300
2024-06,VF2NCFHXRK0009568,NOV,2024,NOV-CO,1.6T 하이브리드,FWD,샌드 베이지,KR-2,south,40756
2024-06,VF2NPFHXRK0009569,NOV,2024,NOV-PR,3.5 가솔린,FWD,샌드 베이지,KR-2,west,44300
2024-06,VF2NSFBXRK0009570,NOV,2024,NOV-LO,3.5 가솔린,FWD,미드나잇 블랙,KR-2,west,50502
2024-06,VF2NPFAXRK0009571,NOV,2024,NOV-PR,3.5 가솔린,FWD,스노우 화이트,KR-2,northeast,44300
2024-06,VF2NPFAXSK0009572,NOV,2025,NOV-PR,1.6T 하이브리드,FWD,스노우 화이트,KR-2,southeast,44300
2024-06,VF2NPABXRK0009573,NOV,2024,NOV-PR,3.5 가솔린,AWD,미드나잇 블랙,KR-2,northeast,44300
2024-06,VF2NPAFXRK0009574,NOV,2024,NOV-PR,1.6T 하이브리드,AWD,선셋 레드,KR-2,south,44300
2024-06,VF2NPFAXRK0009575,NOV,2024,NOV-PR,3.5 가솔린,FWD,스노우 화이트,KR-2,northeast,44300
2024-06,VF2NSAAXRK0009576,NOV,2024,NOV-LO,1.6T 하이브리드,AWD,스노우 화이트,KR-2,west,50502
2024-06,VF2NPACXRK0009577,NOV,2024,NOV-PR,3.5 가솔린,AWD,스틸 그레이,KR-2,south,44300
2024-06,VF2NCFDXRK0009578,NOV,2024,NOV-CO,3.5 가솔린,FWD,실버,KR-2,southeast,40756
2024-06,VF2NPFFXRK0009579,NOV,2024,NOV-PR,1.6T 하이브리드,FWD,선셋 레드,KR-2,northeast,44300
2024-06,VF2NCAAXRK0009580,NOV,2024,NOV-CO,3.5 가솔린,AWD,스노우 화이트,KR-2,south,40756
2024-06,VF2NCACXRK0009581,NOV,2024,NOV-CO,1.6T 하이브리드,AWD,스틸 그레이,KR-2,southeast,40756
2024-06,VF2NSABXRK0009582,NOV,2024,NOV-LO,3.5 가솔린,AWD,미드나잇 블랙,KR-2,southeast,50502
2024-06,VF2NPAAXSK0009583,NOV,2025,NOV-PR,3.5 가솔린,AWD,스노우 화이트,KR-2,south,44300
2024-06,VF2NPFCXSK0009584,NOV,2025,NOV-PR,3.5 가솔린,FWD,스틸 그레이,KR-2,west,44300
2024-06,VF2NCAEXRK0009585,NOV,2024,NOV-CO,3.5 가솔린,AWD,오션 블루,KR-2,northeast,40756
2024-06,VF2NPFBXRK0009586,NOV,2024,NOV-PR,1.6T 하이브리드,FWD,미드나잇 블랙,KR-2,west,44300
2024-06,VF2NCFBXRK0009587,NOV,2024,NOV-CO,1.6T 하이브리드,FWD,미드나잇 블랙,KR-2,south,40756
2024-06,VF2NCABXRK0009588,NOV,2024,NOV-CO,3.5 가솔린,AWD,미드나잇 블랙,KR-2,central,40756
2024-06,VF2NPFBXRK0009589,NOV,2024,NOV-PR,3.5 가솔린,FWD,미드나잇 블랙,KR-2,southeast,44300
2024-06,VF2NCFBXRK0009590,NOV,2024,NOV-CO,3.5 가솔린,FWD,미드나잇 블랙,KR-2,west,40756
2024-06,VF2NPFCXRK0009591,NOV,2024,NOV-PR,3.5 가솔린,FWD,스틸 그레이,KR-2,southeast,44300
2024-06,VF2NPFAXRK0009592,NOV,2024,NOV-PR,3.5 가솔린,FWD,스노우 화이트,KR-2,southeast,44300
2024-06,VF2NCFCXRK0009593,NOV,2024,NOV-CO,3.5 가솔린,FWD,스틸 그레이,KR-2,south,40756
2024-06,VF2NPFBXSK0009594,NOV,2025,NOV-PR,3.5 가솔린,FWD,미드나잇 블랙,KR-2,southeast,44300
2024-06,VF2NCACXSK0009595,NOV,2025,NOV-CO,1.6T 하이브리드,AWD,스틸 그레이,KR-2,central,40756
2024-06,VF2NCFBXSK0009596,NOV,2025,NOV-CO,3.5 가솔린,FWD,미드나잇 블랙,KR-2,south,40756
2024-06,VF2NCFBXRK0009597,NOV,2024,NOV-CO,3.5 가솔린,FWD,미드나잇 블랙,KR-2,south,40756
2024-06,VF2NCFCXRK0009598,NOV,2024,NOV-CO,3.5 가솔린,FWD,스틸 그레이,KR-2,south,40756
2024-06,VF2NCACXRK0009599,NOV,2024,NOV-CO,3.5 가솔린,AWD,스틸 그레이,KR-2,west,40756
2024-06,VF2NPFBXRK0009600,NOV,2024,NOV-PR,3.5 가솔린,FWD,미드나잇 블랙,KR-2,southeast,44300
2024-06,VF2NCFCXRK0009601,NOV,2024,NOV-CO,3.5 가솔린,FWD,스틸 그레이,KR-2,central,40756
2024-06,VF2NCACXRK0009602,NOV,2024,NOV-CO,3.5 가솔린,AWD,스틸 그레이,KR-2,west,40756
2024-06,VF2NCFBXSK0009603,NOV,2025,NOV-CO,1.6T 하이브리드,FWD,미드나잇 블랙,KR-2,southeast,40756
2024-06,VF2NPFCXRK0009604,NOV,2024,NOV-PR,3.5 가솔린,FWD,스틸 그레이,KR-2,northeast,44300
2024-06,VF2NCFFXSK0009605,NOV,2025,NOV-CO,1.6T 하이브리드,FWD,선셋 레드,KR-2,northeast,40756
2024-06,VF2NPFDXRK0009606,NOV,2024,NOV-PR,3.5 가솔린,FWD,실버,KR-2,central,44300
2024-06,VF2NCAHXRK0009607,NOV,2024,NOV-CO,1.6T 하이브리드,AWD,샌드 베이지,KR-2,central,40756
2024-06,VF2NPFCXRK0009608,NOV,2024,NOV-PR,1.6T 하이브리드,FWD,스틸 그레이,KR-2,west,44300
2024-06,VF2NCFDXRK0009609,NOV,2024,NOV-CO,3.5 가솔린,FWD,실버,KR-2,northeast,40756
2024-06,VF2NPFCXRK0009610,NOV,2024,NOV-PR,3.5 가솔린,FWD,스틸 그레이,KR-2,south,44300
2024-06,VF2NSFDXSK0009611,NOV,2025,NOV-LO,3.5 가솔린,FWD,실버,KR-2,northeast,50502
2024-06,VF2NCFBXRK0009612,NOV,2024,NOV-CO,3.5 가솔린,FWD,미드나잇 블랙,KR-2,southeast,40756
2024-06,VF2NPFDXRK0009613,NOV,2024,NOV-PR,3.5 가솔린,FWD,실버,KR-2,south,44300
2024-06,VF2NPFEXRK0009614,NOV,2024,NOV-PR,1.6T 하이브리드,FWD,오션 블루,KR-2,northeast,44300
2024-06,VF2NCADXSK0009615,NOV,2025,NOV-CO,3.5 가솔린,AWD,실버,KR-2,west,40756
2024-06,VF2NPFBXRK0009616,NOV,2024,NOV-PR,3.5 가솔린,FWD,미드나잇 블랙,KR-2,south,44300
2024-06,VF2NPFDXSK0009617,NOV,2025,NOV-PR,3.5 가솔린,FWD,실버,KR-2,west,44300
2024-06,VF2NPFEXRK0009618,NOV,2024,NOV-PR,3.5 가솔린,FWD,오션 블루,KR-2,west,44300
2024-06,VF2NCFFXRK0009619,NOV,2024,NOV-CO,3.5 가솔린,FWD,선셋 레드,KR-2,south,40756
2024-06,VF2NPFCXSK0009620,NOV,2025,NOV-PR,3.5 가솔린,FWD,스틸 그레이,KR-2,southeast,44300
2024-06,VF2NSFDXRK0009621,NOV,2024,NOV-LO,3.5 가솔린,FWD,실버,KR-2,west,50502
2024-06,VF2NCFHXRK0009622,NOV,2024,NOV-CO,3.5 가솔린,FWD,샌드 베이지,KR-2,west,40756
2024-06,VF2NCAFXRK0009623,NOV,2024,NOV-CO,3.5 가솔린,AWD,선셋 레드,KR-2,northeast,40756
2024-06,VF2NPFGXRK0009624,NOV,2024,NOV-PR,3.5 가솔린,FWD,포레스트 그린,KR-2,southeast,44300
2024-06,VF2NCAFXRK0009625,NOV,2024,NOV-CO,3.5 가솔린,AWD,선셋 레드,KR-2,central,40756
2024-06,VF2NPADXRK0009626,NOV,2024,NOV-PR,3.5 가솔린,AWD,실버,KR-2,central,44300
2024-06,VF2NPFDXSK0009627,NOV,2025,NOV-PR,3.5 가솔린,FWD,실버,KR-2,south,44300
2024-06,VF2NPFCXRK0009628,NOV,2024,NOV-PR,3.5 가솔린,FWD,스틸 그레이,KR-2,west,44300
2024-06,VF2NCFBXRK0009629,NOV,2024,NOV-CO,1.6T 하이브리드,FWD,미드나잇 블랙,KR-2,central,40756
2024-06,VF2NPAEXRK0009630,NOV,2024,NOV-PR,3.5 가솔린,AWD,오션 블루,KR-2,central,44300
2024-06,VF2NPACXRK0009631,NOV,2024,NOV-PR,1.6T 하이브리드,AWD,스틸 그레이,KR-2,northeast,44300
2024-06,VF2NPFAXRK0009632,NOV,2024,NOV-PR,3.5 가솔린,FWD,스노우 화이트,KR-2,southeast,44300
2024-06,VF2NCACXSK0009633,NOV,2025,NOV-CO,1.6T 하이브리드,AWD,스틸 그레이,KR-2,northeast,40756
2024-06,VF2NSFCXRK0009634,NOV,2024,NOV-LO,3.5 가솔린,FWD,스틸 그레이,KR-2,south,50502
2024-06,VF2NPFAXRK0009635,NOV,2024,NOV-PR,3.5 가솔린,FWD,스노우 화이트,KR-2,west,44300
2024-06,VF2NPABXRK0009636,NOV,2024,NOV-PR,1.6T 하이브리드,AWD,미드나잇 블랙,KR-2,central,44300
2024-06,VF2NPACXRK0009637,NOV,2024,NOV-PR,3.5 가솔린,AWD,스틸 그레이,KR-2,central,44300
2024-06,VF2NPFCXRK0009638,NOV,2024,NOV-PR,1.6T 하이브리드,FWD,스틸 그레이,KR-2,southeast,44300
2024-06,VF2NSFBXRK0009639,NOV,2024,NOV-LO,3.5 가솔린,FWD,미드나잇 블랙,KR-2,south,50502
2024-06,VF2NSAFXRK0009640,NOV,2024,NOV-LO,1.6T 하이브리드,AWD,선셋 레드,KR-2,southeast,50502
2024-06,VF2NPABXRK0009641,NOV,2024,NOV-PR,1.6T 하이브리드,AWD,미드나잇 블랙,KR-2,southeast,44300
2024-06,VF2NPFFXRK0009642,NOV,2024,NOV-PR,1.6T 하이브리드,FWD,선셋 레드,KR-2,west,44300
2024-06,VF2NSAFXRK0009643,NOV,2024,NOV-LO,3.5 가솔린,AWD,선셋 레드,KR-2,central,50502
2024-06,VF2NSFFXRK0009644,NOV,2024,NOV-LO,1.6T 하이브리드,FWD,선셋 레드,KR-2,central,50502
2024-06,VF2NPFBXRK0009645,NOV,2024,NOV-PR,3.5 가솔린,FWD,미드나잇 블랙,KR-2,west,44300
2024-06,VF2NCFCXRK0009646,NOV,2024,NOV-CO,1.6T 하이브리드,FWD,스틸 그레이,KR-2,central,40756
2024-06,VF2NSFCXRK0009647,NOV,2024,NOV-LO,3.5 가솔린,FWD,스틸 그레이,KR-2,northeast,50502
2024-06,VF2NCFGXRK0009648,NOV,2024,NOV-CO,3.5 가솔린,FWD,포레스트 그린,KR-2,central,40756
2024-06,VF2NCFFXRK0009649,NOV,2024,NOV-CO,3.5 가솔린,FWD,선셋 레드,KR-2,west,40756
2024-06,VF2NCAAXRK0009650,NOV,2024,NOV-CO,3.5 가솔린,AWD,스노우 화이트,KR-2,west,40756
2024-06,VF2NCFAXRK0009651,NOV,2024,NOV-CO,3.5 가솔린,FWD,스노우 화이트,KR-2,southeast,40756
2024-06,VF1LCAAXRK0009652,LUM,2024,LUM-AI,롱레인지,AWD,스노우 화이트,KR-1,south,39284
2024-06,VF1LCFCXRK0009653,LUM,2024,LUM-AI,스탠다드 레인지,FWD,스틸 그레이,KR-1,central,39284
2024-06,VF1LCFAXRK0009654,LUM,2024,LUM-AI,롱레인지,FWD,스노우 화이트,KR-1,central,39284
2024-06,VF1LSAAXRK0009655,LUM,2024,LUM-SP,스탠다드 레인지,AWD,스노우 화이트,KR-1,south,48678
2024-06,VF1LCFAXRK0009656,LUM,2024,LUM-AI,스탠다드 레인지,FWD,스노우 화이트,KR-1,southeast,39284
2024-06,VF1LCFDXRK0009657,LUM,2024,LUM-AI,롱레인지,FWD,실버,KR-1,southeast,39284
2024-06,VF1LPABXRK0009658,LUM,2024,LUM-RA,스탠다드 레인지,AWD,미드나잇 블랙,KR-1,west,42700
2024-06,VF1LCADXRK0009659,LUM,2024,LUM-AI,스탠다드 레인지,AWD,실버,KR-1,south,39284
2024-06,VF1LPFBXSK0009660,LUM,2025,LUM-RA,롱레인지,FWD,미드나잇 블랙,KR-1,south,42700
2024-06,VF1LCFGXRK0009661,LUM,2024,LUM-AI,스탠다드 레인지,FWD,포레스트 그린,KR-1,central,39284
2024-06,VF1LCAEXRK0009662,LUM,2024,LUM-AI,스탠다드 레인지,AWD,오션 블루,KR-1,west,39284
2024-06,VF1LPFAXSK0009663,LUM,2025,LUM-RA,롱레인지,FWD,스노우 화이트,KR-1,west,42700
2024-06,VF1LPABXRK0009664,LUM,2024,LUM-RA,롱레인지,AWD,미드나잇 블랙,KR-1,central,42700
2024-06,VF1LCADXSK0009665,LUM,2025,LUM-AI,롱레인지,AWD,실버,KR-1,central,39284
2024-06,VF1LPAEXSK0009666,LUM,2025,LUM-RA,스탠다드 레인지,AWD,오션 블루,KR-1,west,42700
2024-06,VF1LCFEXRK0009667,LUM,2024,LUM-AI,롱레인지,FWD,오션 블루,KR-1,west,39284
2024-06,VF1LCFAXSK0009668,LUM,2025,LUM-AI,롱레인지,FWD,스노우 화이트,KR-1,central,39284
2024-06,VF1LCFAXRK0009669,LUM,2024,LUM-AI,롱레인지,FWD,스노우 화이트,KR-1,west,39284
2024-06,VF1LCFCXRK0009670,LUM,2024,LUM-AI,스탠다드 레인지,FWD,스틸 그레이,KR-1,northeast,39284
2024-06,VF1LCAEXRK0009671,LUM,2024,LUM-AI,롱레인지,AWD,오션 블루,KR-1,west,39284
2024-06,VF1LPFDXRK0009672,LUM,2024,LUM-RA,롱레인지,FWD,실버,KR-1,west,42700
2024-06,VF1LPACXRK0009673,LUM,2024,LUM-RA,롱레인지,AWD,스틸 그레이,KR-1,northeast,42700
2024-06,VF1LCFEXSK0009674,LUM,2025,LUM-AI,롱레인지,FWD,오션 블루,KR-1,west,39284
2024-06,VF1LCAEXRK0009675,LUM,2024,LUM-AI,스탠다드 레인지,AWD,오션 블루,KR-1,west,39284
2024-06,VF1LCADXRK0009676,LUM,2024,LUM-AI,롱레인지,AWD,실버,KR-1,west,39284
2024-06,VF1LCFAXRK0009677,LUM,2024,LUM-AI,스탠다드 레인지,FWD,스노우 화이트,KR-1,southeast,39284
2024-06,VF1LPFAXRK0009678,LUM,2024,LUM-RA,스탠다드 레인지,FWD,스노우 화이트,KR-1,south,42700
2024-06,VF1LPFAXRK0009679,LUM,2024,LUM-RA,롱레인지,FWD,스노우 화이트,KR-1,northeast,42700
2024-06,VF1LPACXRK0009680,LUM,2024,LUM-RA,스탠다드 레인지,AWD,스틸 그레이,KR-1,west,42700
2024-06,VF1LCADXRK0009681,LUM,2024,LUM-AI,롱레인지,AWD,실버,KR-1,central,39284
2024-06,VF1LPFDXRK0009682,LUM,2024,LUM-RA,롱레인지,FWD,실버,KR-1,northeast,42700
2024-06,VF1LCFEXRK0009683,LUM,2024,LUM-AI,스탠다드 레인지,FWD,오션 블루,KR-1,west,39284
2024-06,VF1LCFDXRK0009684,LUM,2024,LUM-AI,롱레인지,FWD,실버,KR-1,west,39284
2024-06,VF1LCFGXSK0009685,LUM,2025,LUM-AI,스탠다드 레인지,FWD,포레스트 그린,KR-1,northeast,39284
2024-06,VF1LCAAXRK0009686,LUM,2024,LUM-AI,스탠다드 레인지,AWD,스노우 화이트,KR-1,northeast,39284
2024-06,VF1LCAFXRK0009687,LUM,2024,LUM-AI,롱레인지,AWD,선셋 레드,KR-1,central,39284
2024-06,VF1LPFBXRK0009688,LUM,2024,LUM-RA,스탠다드 레인지,FWD,미드나잇 블랙,KR-1,central,42700
2024-06,VF1LSAGXRK0009689,LUM,2024,LUM-SP,스탠다드 레인지,AWD,포레스트 그린,KR-1,south,48678
2024-06,VF1LPFAXRK0009690,LUM,2024,LUM-RA,롱레인지,FWD,스노우 화이트,KR-1,west,42700
2024-06,VF1LPAFXRK0009691,LUM,2024,LUM-RA,스탠다드 레인지,AWD,선셋 레드,KR-1,west,42700
2024-06,VF1LPABXRK0009692,LUM,2024,LUM-RA,롱레인지,AWD,미드나잇 블랙,KR-1,central,42700
2024-06,VF1LCFFXRK0009693,LUM,2024,LUM-AI,롱레인지,FWD,선셋 레드,KR-1,west,39284
2024-06,VF1LCFAXRK0009694,LUM,2024,LUM-AI,스탠다드 레인지,FWD,스노우 화이트,KR-1,central,39284
2024-06,VF1LSABXRK0009695,LUM,2024,LUM-SP,롱레인지,AWD,미드나잇 블랙,KR-1,west,48678
2024-06,VF1LCFCXRK0009696,LUM,2024,LUM-AI,롱레인지,FWD,스틸 그레이,KR-1,south,39284
2024-06,VF1LCFBXSK0009697,LUM,2025,LUM-AI,롱레인지,FWD,미드나잇 블랙,KR-1,northeast,39284
2024-06,VF1LPABXRK0009698,LUM,2024,LUM-RA,롱레인지,AWD,미드나잇 블랙,KR-1,northeast,42700
2024-06,VF1LPFEXRK0009699,LUM,2024,LUM-RA,롱레인지,FWD,오션 블루,KR-1,west,42700
2024-06,VF1LPFBXSK0009700,LUM,2025,LUM-RA,롱레인지,FWD,미드나잇 블랙,KR-1,south,42700
2024-06,VF1LCAFXSK0009701,LUM,2025,LUM-AI,롱레인지,AWD,선셋 레드,KR-1,west,39284
2024-06,VF1LSFAXRK0009702,LUM,2024,LUM-SP,스탠다드 레인지,FWD,스노우 화이트,KR-1,south,48678
2024-06,VF1LCFCXRK0009703,LUM,2024,LUM-AI,롱레인지,FWD,스틸 그레이,KR-1,southeast,39284
2024-06,VF1LPAHXRK0009704,LUM,2024,LUM-RA,롱레인지,AWD,샌드 베이지,KR-1,southeast,42700
2024-06,VF1LPFAXRK0009705,LUM,2024,LUM-RA,롱레인지,FWD,스노우 화이트,KR-1,northeast,42700
2024-06,VF1LCFCXRK0009706,LUM,2024,LUM-AI,스탠다드 레인지,FWD,스틸 그레이,KR-1,south,39284
2024-06,VF1LPFBXRK0009707,LUM,2024,LUM-RA,롱레인지,FWD,미드나잇 블랙,KR-1,central,42700
2024-06,VF1LCADXRK0009708,LUM,2024,LUM-AI,스탠다드 레인지,AWD,실버,KR-1,west,39284
2024-06,VF1LPFAXSK0009709,LUM,2025,LUM-RA,스탠다드 레인지,FWD,스노우 화이트,KR-1,northeast,42700
2024-06,VF1LCAEXRK0009710,LUM,2024,LUM-AI,스탠다드 레인지,AWD,오션 블루,KR-1,northeast,39284
2024-06,VF1LPFEXRK0009711,LUM,2024,LUM-RA,롱레인지,FWD,오션 블루,KR-1,southeast,42700
2024-06,VF1LPFEXRK0009712,LUM,2024,LUM-RA,롱레인지,FWD,오션 블루,KR-1,west,42700
2024-06,VF1LCFCXRK0009713,LUM,2024,LUM-AI,롱레인지,FWD,스틸 그레이,KR-1,northeast,39284
2024-06,VF1LSFEXSK0009714,LUM,2025,LUM-SP,롱레인지,FWD,오션 블루,KR-1,west,48678
2024-06,VF1LPFBXRK0009715,LUM,2024,LUM-RA,롱레인지,FWD,미드나잇 블랙,KR-1,south,42700
2024-06,VF1LPAEXSK0009716,LUM,2025,LUM-RA,롱레인지,AWD,오션 블루,KR-1,northeast,42700
2024-06,VF1LCAAXRK0009717,LUM,2024,LUM-AI,롱레인지,AWD,스노우 화이트,KR-1,south,39284
2024-06,VF1LCAEXSK0009718,LUM,2025,LUM-AI,롱레인지,AWD,오션 블루,KR-1,south,39284
2024-06,VF1LCFBXRK0009719,LUM,2024,LUM-AI,스탠다드 레인지,FWD,미드나잇 블랙,KR-1,southeast,39284
2024-06,VF1LPFAXSK0009720,LUM,2025,LUM-RA,롱레인지,FWD,스노우 화이트,KR-1,central,42700
2024-06,VF1LCFFXRK0009721,LUM,2024,LUM-AI,스탠다드 레인지,FWD,선셋 레드,KR-1,central,39284
2024-06,VF1LSFBXRK0009722,LUM,2024,LUM-SP,롱레인지,FWD,미드나잇 블랙,KR-1,southeast,48678
2024-06,VF1LPFBXSK0009723,LUM,2025,LUM-RA,롱레인지,FWD,미드나잇 블랙,KR-1,west,42700
2024-06,VF1LCFBXRK0009724,LUM,2024,LUM-AI,롱레인지,FWD,미드나잇 블랙,KR-1,south,39284
2024-06,VF1LCABXRK0009725,LUM,2024,LUM-AI,롱레인지,AWD,미드나잇 블랙,KR-1,southeast,39284
2024-06,VF1LSADXRK0009726,LUM,2024,LUM-SP,롱레인지,AWD,실버,KR-1,northeast,48678
2024-06,VF1LCFDXRK0009727,LUM,2024,LUM-AI,롱레인지,FWD,실버,KR-1,northeast,39284
2024-06,VF1LPFAXSK0009728,LUM,2025,LUM-RA,스탠다드 레인지,FWD,스노우 화이트,KR-1,northeast,42700
2024-06,VF1LCFBXRK0009729,LUM,2024,LUM-AI,스탠다드 레인지,FWD,미드나잇 블랙,KR-1,west,39284
2024-06,VF1LPAHXRK0009730,LUM,2024,LUM-RA,롱레인지,AWD,샌드 베이지,KR-1,west,42700
2024-06,VF1LPFFXRK0009731,LUM,2024,LUM-RA,스탠다드 레인지,FWD,선셋 레드,KR-1,northeast,42700
2024-06,VF1LCFBXRK0009732,LUM,2024,LUM-AI,스탠다드 레인지,FWD,미드나잇 블랙,KR-1,central,39284
2024-06,VF1LPFAXRK0009733,LUM,2024,LUM-RA,롱레인지,FWD,스노우 화이트,KR-1,west,42700
2024-06,VF1LPFAXRK0009734,LUM,2024,LUM-RA,스탠다드 레인지,FWD,스노우 화이트,KR-1,west,42700
2024-06,VF1LCFAXRK0009735,LUM,2024,LUM-AI,스탠다드 레인지,FWD,스노우 화이트,KR-1,central,39284
2024-06,VF1LPAEXRK0009736,LUM,2024,LUM-RA,롱레인지,AWD,오션 블루,KR-1,central,42700
2024-06,VF1LCFAXRK0009737,LUM,2024,LUM-AI,스탠다드 레인지,FWD,스노우 화이트,KR-1,west,39284
2024-06,VF1LCFBXSK0009738,LUM,2025,LUM-AI,롱레인지,FWD,미드나잇 블랙,KR-1,central,39284
2024-06,VF1LCFFXRK0009739,LUM,2024,LUM-AI,롱레인지,FWD,선셋 레드,KR-1,central,39284
2024-06,VF1LCFBXRK0009740,LUM,2024,LUM-AI,롱레인지,FWD,미드나잇 블랙,KR-1,west,39284
2024-06,VF1LPFCXSK0009741,LUM,2025,LUM-RA,스탠다드 레인지,FWD,스틸 그레이,KR-1,central,42700
2024-06,VF1LCACXRK0009742,LUM,2024,LUM-AI,롱레인지,AWD,스틸 그레이,KR-1,south,39284
2024-06,VF1LPAEXRK0009743,LUM,2024,LUM-RA,스탠다드 레인지,AWD,오션 블루,KR-1,northeast,42700
2024-06,VF1LPFEXRK0009744,LUM,2024,LUM-RA,스탠다드 레인지,FWD,오션 블루,KR-1,south,42700
2024-06,VF1LCFCXRK0009745,LUM,2024,LUM-AI,스탠다드 레인지,FWD,스틸 그레이,KR-1,west,39284
2024-06,VF1LPABXSK0009746,LUM,2025,LUM-RA,롱레인지,AWD,미드나잇 블랙,KR-1,west,42700
2024-06,VF1LPADXRK0009747,LUM,2024,LUM-RA,롱레인지,AWD,실버,KR-1,west,42700
2024-06,VF1LPAEXRK0009748,LUM,2024,LUM-RA,스탠다드 레인지,AWD,오션 블루,KR-1,west,42700
2024-06,VF1LSFCXRK0009749,LUM,2024,LUM-SP,롱레인지,FWD,스틸 그레이,KR-1,northeast,48678
2024-06,VF1LSACXRK0009750,LUM,2024,LUM-SP,스탠다드 레인지,AWD,스틸 그레이,KR-1,northeast,48678
2024-06,VF1LPABXRK0009751,LUM,2024,LUM-RA,롱레인지,AWD,미드나잇 블랙,KR-1,northeast,42700
2024-06,VF1LCFAXRK0009752,LUM,2024,LUM-AI,롱레인지,FWD,스노우 화이트,KR-1,northeast,39284
2024-06,VF1LCFFXRK0009753,LUM,2024,LUM-AI,롱레인지,FWD,선셋 레드,KR-1,south,39284
2024-06,VF1LPAFXRK0009754,LUM,2024,LUM-RA,스탠다드 레인지,AWD,선셋 레드,KR-1,northeast,42700
2024-06,VF1LCFGXRK0009755,LUM,2024,LUM-AI,스탠다드 레인지,FWD,포레스트 그린,KR-1,west,39284
2024-06,VF1LCADXRK0009756,LUM,2024,LUM-AI,롱레인지,AWD,실버,KR-1,south,39284
2024-06,VF1LPFBXSK0009757,LUM,2025,LUM-RA,스탠다드 레인지,FWD,미드나잇 블랙,KR-1,northeast,42700
2024-06,VF1LCFDXRK0009758,LUM,2024,LUM-AI,롱레인지,FWD,실버,KR-1,northeast,39284
2024-06,VF1LPAEXRK0009759,LUM,2024,LUM-RA,스탠다드 레인지,AWD,오션 블루,KR-1,west,42700
2024-06,VF1LPFAXRK0009760,LUM,2024,LUM-RA,롱레인지,FWD,스노우 화이트,KR-1,northeast,42700
2024-06,VF1LCADXRK0009761,LUM,2024,LUM-AI,스탠다드 레인지,AWD,실버,KR-1,west,39284
2024-06,VF1LSABXRK0009762,LUM,2024,LUM-SP,롱레인지,AWD,미드나잇 블랙,KR-1,west,48678
2024-06,VF1LPAEXSK0009763,LUM,2025,LUM-RA,롱레인지,AWD,오션 블루,KR-1,west,42700
2024-06,VF1LCFEXRK0009764,LUM,2024,LUM-AI,롱레인지,FWD,오션 블루,KR-1,central,39284
2024-06,VF1LPFCXRK0009765,LUM,2024,LUM-RA,스탠다드 레인지,FWD,스틸 그레이,KR-1,southeast,42700
2024-06,VF1LPFAXRK0009766,LUM,2024,LUM-RA,롱레인지,FWD,스노우 화이트,KR-1,west,42700
2024-06,VF1LSAHXRK0009767,LUM,2024,LUM-SP,스탠다드 레인지,AWD,샌드 베이지,KR-1,central,48678
2024-06,VF1LSFEXSK0009768,LUM,2025,LUM-SP,롱레인지,FWD,오션 블루,KR-1,central,48678
2024-06,VF1LCFBXRK0009769,LUM,2024,LUM-AI,롱레인지,FWD,미드나잇 블랙,KR-1,west,39284
2024-06,VF1LCFCXRK0009770,LUM,2024,LUM-AI,스탠다드 레인지,FWD,스틸 그레이,KR-1,west,39284
2024-06,VF1LPAGXSK0009771,LUM,2025,LUM-RA,스탠다드 레인지,AWD,포레스트 그린,KR-1,southeast,42700
2024-06,VF1LCFDXRK0009772,LUM,2024,LUM-AI,롱레인지,FWD,실버,KR-1,west,39284
2024-06,VF1LSFGXRK0009773,LUM,2024,LUM-SP,스탠다드 레인지,FWD,포레스트 그린,KR-1,west,48678
2024-06,VF1LCFAXRK0009774,LUM,2024,LUM-AI,스탠다드 레인지,FWD,스노우 화이트,KR-1,west,39284
2024-06,VF1LPFBXSK0009775,LUM,2025,LUM-RA,롱레인지,FWD,미드나잇 블랙,KR-1,south,42700
2024-06,VF1LPAGXSK0009776,LUM,2025,LUM-RA,스탠다드 레인지,AWD,포레스트 그린,KR-1,northeast,42700
2024-06,VF1LSAGXRK0009777,LUM,2024,LUM-SP,스탠다드 레인지,AWD,포레스트 그린,KR-1,west,48678
2024-06,VF1LPFGXRK0009778,LUM,2024,LUM-RA,스탠다드 레인지,FWD,포레스트 그린,KR-1,south,42700
2024-06,VF1LCFEXRK0009779,LUM,2024,LUM-AI,롱레인지,FWD,오션 블루,KR-1,south,39284
2024-06,VF1LCFAXRK0009780,LUM,2024,LUM-AI,스탠다드 레인지,FWD,스노우 화이트,KR-1,southeast,39284
2024-06,VF1LCAAXSK0009781,LUM,2025,LUM-AI,롱레인지,AWD,스노우 화이트,KR-1,southeast,39284
2024-06,VF1LCFBXSK0009782,LUM,2025,LUM-AI,롱레인지,FWD,미드나잇 블랙,KR-1,west,39284
2024-06,VF1LPFBXRK0009783,LUM,2024,LUM-RA,스탠다드 레인지,FWD,미드나잇 블랙,KR-1,southeast,42700
2024-06,VF1LCAFXRK0009784,LUM,2024,LUM-AI,롱레인지,AWD,선셋 레드,KR-1,central,39284
2024-06,VF1LCFEXRK0009785,LUM,2024,LUM-AI,스탠다드 레인지,FWD,오션 블루,KR-1,west,39284
2024-06,VF1LPFAXRK0009786,LUM,2024,LUM-RA,롱레인지,FWD,스노우 화이트,KR-1,west,42700
2024-06,VF1LPFCXRK0009787,LUM,2024,LUM-RA,스탠다드 레인지,FWD,스틸 그레이,KR-1,northeast,42700
2024-06,VF1LCABXRK0009788,LUM,2024,LUM-AI,롱레인지,AWD,미드나잇 블랙,KR-1,south,39284
2024-06,VF1LPFGXSK0009789,LUM,2025,LUM-RA,스탠다드 레인지,FWD,포레스트 그린,KR-1,west,42700
2024-06,VF1LCFDXRK0009790,LUM,2024,LUM-AI,롱레인지,FWD,실버,KR-1,central,39284
2024-06,VF1LSFEXRK0009791,LUM,2024,LUM-SP,롱레인지,FWD,오션 블루,KR-1,northeast,48678
2024-06,VF1LPFBXRK0009792,LUM,2024,LUM-RA,롱레인지,FWD,미드나잇 블랙,KR-1,northeast,42700
2024-06,VF1LPFHXRK0009793,LUM,2024,LUM-RA,스탠다드 레인지,FWD,샌드 베이지,KR-1,west,42700
2024-06,VF1LSFDXRK0009794,LUM,2024,LUM-SP,롱레인지,FWD,실버,KR-1,west,48678
2024-06,VF1LPAAXRK0009795,LUM,2024,LUM-RA,스탠다드 레인지,AWD,스노우 화이트,KR-1,south,42700
2024-06,VF1LCFAXRK0009796,LUM,2024,LUM-AI,롱레인지,FWD,스노우 화이트,KR-1,southeast,39284
2024-06,VF1LSADXRK0009797,LUM,2024,LUM-SP,스탠다드 레인지,AWD,실버,KR-1,south,48678
2024-06,VF1LCFEXRK0009798,LUM,2024,LUM-AI,롱레인지,FWD,오션 블루,KR-1,southeast,39284
2024-06,VF1LPAHXRK0009799,LUM,2024,LUM-RA,롱레인지,AWD,샌드 베이지,KR-1,west,42700
2024-06,VF1LCFBXSK0009800,LUM,2025,LUM-AI,롱레인지,FWD,미드나잇 블랙,KR-1,west,39284
2024-06,VF1LCFAXRK0009801,LUM,2024,LUM-AI,롱레인지,FWD,스노우 화이트,KR-1,west,39284
2024-06,VF1LCFAXRK0009802,LUM,2024,LUM-AI,스탠다드 레인지,FWD,스노우 화이트,KR-1,south,39284
2024-06,VF1LCAAXRK0009803,LUM,2024,LUM-AI,롱레인지,AWD,스노우 화이트,KR-1,west,39284
2024-06,VF1LSFBXRK0009804,LUM,2024,LUM-SP,롱레인지,FWD,미드나잇 블랙,KR-1,southeast,48678
2024-06,VF1LCFAXSK0009805,LUM,2025,LUM-AI,스탠다드 레인지,FWD,스노우 화이트,KR-1,west,39284
2024-06,VF1LPFDXRK0009806,LUM,2024,LUM-RA,스탠다드 레인지,FWD,실버,KR-1,northeast,42700
2024-06,VF1LCAAXSK0009807,LUM,2025,LUM-AI,롱레인지,AWD,스노우 화이트,KR-1,west,39284
2024-06,VF1LPFBXRK0009808,LUM,2024,LUM-RA,스탠다드 레인지,FWD,미드나잇 블랙,KR-1,west,42700
2024-06,VF1LSAAXRK0009809,LUM,2024,LUM-SP,롱레인지,AWD,스노우 화이트,KR-1,southeast,48678
2024-06,VF1LCFFXRK0009810,LUM,2024,LUM-AI,롱레인지,FWD,선셋 레드,KR-1,west,39284
2024-06,VF1LSABXSK0009811,LUM,2025,LUM-SP,롱레인지,AWD,미드나잇 블랙,KR-1,west,48678
2024-06,VF1LSFHXRK0009812,LUM,2024,LUM-SP,롱레인지,FWD,샌드 베이지,KR-1,west,48678
2024-06,VF1LPADXRK0009813,LUM,2024,LUM-RA,스탠다드 레인지,AWD,실버,KR-1,west,42700
2024-06,VF1LPACXRK0009814,LUM,2024,LUM-RA,롱레인지,AWD,스틸 그레이,KR-1,west,42700
2024-06,VF1LPAFXRK0009815,LUM,2024,LUM-RA,롱레인지,AWD,선셋 레드,KR-1,west,42700
2024-06,VF1LCACXSK0009816,LUM,2025,LUM-AI,스탠다드 레인지,AWD,스틸 그레이,KR-1,west,39284
2024-06,VF1LSFAXRK0009817,LUM,2024,LUM-SP,스탠다드 레인지,FWD,스노우 화이트,KR-1,south,48678
2024-06,VF1LCFBXSK0009818,LUM,2025,LUM-AI,롱레인지,FWD,미드나잇 블랙,KR-1,west,39284
2024-06,VF1LPFBXRK0009819,LUM,2024,LUM-RA,롱레인지,FWD,미드나잇 블랙,KR-1,southeast,42700
2024-06,VF1LPAAXRK0009820,LUM,2024,LUM-RA,스탠다드 레인지,AWD,스노우 화이트,KR-1,west,42700
2024-06,VF1LCAAXSK0009821,LUM,2025,LUM-AI,롱레인지,AWD,스노우 화이트,KR-1,south,39284
2024-06,VF1LPABXRK0009822,LUM,2024,LUM-RA,스탠다드 레인지,AWD,미드나잇 블랙,KR-1,northeast,42700
2024-06,VF1LSFBXRK0009823,LUM,2024,LUM-SP,롱레인지,FWD,미드나잇 블랙,KR-1,central,48678
2024-06,VF1LPAGXRK0009824,LUM,2024,LUM-RA,스탠다드 레인지,AWD,포레스트 그린,KR-1,west,42700
2024-06,VF1LSAAXRK0009825,LUM,2024,LUM-SP,롱레인지,AWD,스노우 화이트,KR-1,northeast,48678
2024-06,VF1LCFCXRK0009826,LUM,2024,LUM-AI,스탠다드 레인지,FWD,스틸 그레이,KR-1,central,39284
2024-06,VF1LSAHXRK0009827,LUM,2024,LUM-SP,롱레인지,AWD,샌드 베이지,KR-1,west,48678
2024-06,VF1LSFBXRK0009828,LUM,2024,LUM-SP,스탠다드 레인지,FWD,미드나잇 블랙,KR-1,west,48678
2024-06,VF1LCFFXRK0009829,LUM,2024,LUM-AI,롱레인지,FWD,선셋 레드,KR-1,south,39284
2024-06,VF1LCFAXRK0009830,LUM,2024,LUM-AI,스탠다드 레인지,FWD,스노우 화이트,KR-1,southeast,39284
2024-06,VF1LSFHXRK0009831,LUM,2024,LUM-SP,스탠다드 레인지,FWD,샌드 베이지,KR-1,southeast,48678
2024-06,VF1LCFEXRK0009832,LUM,2024,LUM-AI,스탠다드 레인지,FWD,오션 블루,KR-1,west,39284
2024-06,VF1LSAAXRK0009833,LUM,2024,LUM-SP,스탠다드 레인지,AWD,스노우 화이트,KR-1,northeast,48678
2024-06,VF1LPFCXRK0009834,LUM,2024,LUM-RA,롱레인지,FWD,스틸 그레이,KR-1,west,42700
2024-06,VF1LCACXRK0009835,LUM,2024,LUM-AI,롱레인지,AWD,스틸 그레이,KR-1,west,39284
2024-06,VF1LPFCXRK0009836,LUM,2024,LUM-RA,롱레인지,FWD,스틸 그레이,KR-1,west,42700
2024-06,VF1LCADXRK0009837,LUM,2024,LUM-AI,롱레인지,AWD,실버,KR-1,southeast,39284
2024-06,VF1LCACXRK0009838,LUM,2024,LUM-AI,롱레인지,AWD,스틸 그레이,KR-1,west,39284
