prod_ym,vin,model_id,model_year,trim_id,engine,drivetrain,color,plant_id,dest_zone_id,msrp_usd
2024-10,VF3TPACXSU0011005,TRN,2025,TRN-PR,2.5T 하이브리드,AWD,스틸 그레이,US-GA,southeast,52000
2024-10,VF3TCACXSU0011006,TRN,2025,TRN-CO,2.5T 하이브리드,AWD,스틸 그레이,US-GA,west,47840
2024-10,VF3TPFAXRU0011007,TRN,2024,TRN-PR,2.5T 하이브리드,FWD,스노우 화이트,US-GA,southeast,52000
2024-10,VF3TCFAXRU0011008,TRN,2024,TRN-CO,3.5 가솔린,FWD,스노우 화이트,US-GA,southeast,47840
2024-10,VF3TCABXSU0011009,TRN,2025,TRN-CO,3.5 가솔린,AWD,미드나잇 블랙,US-GA,central,47840
2024-10,VF3TSABXSU0011010,TRN,2025,TRN-SU,3.5 가솔린,AWD,미드나잇 블랙,US-GA,west,59280
2024-10,VF3TCAGXSU0011011,TRN,2025,TRN-CO,2.5T 하이브리드,AWD,포레스트 그린,US-GA,west,47840
2024-10,VF3TPFAXSU0011012,TRN,2025,TRN-PR,3.5 가솔린,FWD,스노우 화이트,US-GA,central,52000
2024-10,VF3TSFHXRU0011013,TRN,2024,TRN-SU,3.5 가솔린,FWD,샌드 베이지,US-GA,west,59280
2024-10,VF3TPABXRU0011014,TRN,2024,TRN-PR,3.5 가솔린,AWD,미드나잇 블랙,US-GA,southeast,52000
2024-10,VF3TPABXSU0011015,TRN,2025,TRN-PR,3.5 가솔린,AWD,미드나잇 블랙,US-GA,southeast,52000
2024-10,VF3TPAFXSU0011016,TRN,2025,TRN-PR,3.5 가솔린,AWD,선셋 레드,US-GA,west,52000
2024-10,VF3TPFEXSU0011017,TRN,2025,TRN-PR,2.5T 하이브리드,FWD,오션 블루,US-GA,northeast,52000
2024-10,VF3TPAAXSU0011018,TRN,2025,TRN-PR,3.5 가솔린,AWD,스노우 화이트,US-GA,west,52000
2024-10,VF3TSAAXRU0011019,TRN,2024,TRN-SU,3.5 가솔린,AWD,스노우 화이트,US-GA,central,59280
2024-10,VF3TCABXSU0011020,TRN,2025,TRN-CO,2.5T 하이브리드,AWD,미드나잇 블랙,US-GA,west,47840
2024-10,VF3TPAEXSU0011021,TRN,2025,TRN-PR,2.5T 하이브리드,AWD,오션 블루,US-GA,central,52000
2024-10,VF3TCAEXRU0011022,TRN,2024,TRN-CO,2.5T 하이브리드,AWD,오션 블루,US-GA,west,47840
2024-10,VF3TCAAXRU0011023,TRN,2024,TRN-CO,3.5 가솔린,AWD,스노우 화이트,US-GA,central,47840
2024-10,VF3TPFAXRU0011024,TRN,2024,TRN-PR,3.5 가솔린,FWD,스노우 화이트,US-GA,south,52000
2024-10,VF3TCABXRU0011025,TRN,2024,TRN-CO,2.5T 하이브리드,AWD,미드나잇 블랙,US-GA,central,47840
2024-10,VF3TCACXRU0011026,TRN,2024,TRN-CO,3.5 가솔린,AWD,스틸 그레이,US-GA,west,47840
2024-10,VF3TCFGXSU0011027,TRN,2025,TRN-CO,2.5T 하이브리드,FWD,포레스트 그린,US-GA,south,47840
2024-10,VF3TPAHXRU0011028,TRN,2024,TRN-PR,3.5 가솔린,AWD,샌드 베이지,US-GA,west,52000
2024-10,VF3TSAGXSU0011029,TRN,2025,TRN-SU,3.5 가솔린,AWD,포레스트 그린,US-GA,northeast,59280
2024-10,VF3TCAFXRU0011030,TRN,2024,TRN-CO,2.5T 하이브리드,AWD,선셋 레드,US-GA,northeast,47840
2024-10,VF3TCAHXSU0011031,TRN,2025,TRN-CO,2.5T 하이브리드,AWD,샌드 베이지,US-GA,west,47840
2024-10,VF3TCFAXRU0011032,TRN,2024,TRN-CO,3.5 가솔린,FWD,스노우 화이트,US-GA,west,47840
2024-10,VF3TSFDXSU0011033,TRN,2025,TRN-SU,2.5T 하이브리드,FWD,실버,US-GA,southeast,59280
2024-10,VF3TPAEXSU0011034,TRN,2025,TRN-PR,2.5T 하이브리드,AWD,오션 블루,US-GA,west,52000
2024-10,VF3TSFCXSU0011035,TRN,2025,TRN-SU,2.5T 하이브리드,FWD,스틸 그레이,US-GA,central,59280
2024-10,VF3TCFDXRU0011036,TRN,2024,TRN-CO,2.5T 하이브리드,FWD,실버,US-GA,south,47840
2024-10,VF3TCAEXSU0011037,TRN,2025,TRN-CO,3.5 가솔린,AWD,오션 블루,US-GA,west,47840
2024-10,VF3TPABXRU0011038,TRN,2024,TRN-PR,3.5 가솔린,AWD,미드나잇 블랙,US-GA,west,52000
2024-10,VF3TPABXSU0011039,TRN,2025,TRN-PR,2.5T 하이브리드,AWD,미드나잇 블랙,US-GA,southeast,52000
2024-10,VF3TCFHXSU0011040,TRN,2025,TRN-CO,3.5 가솔린,FWD,샌드 베이지,US-GA,west,47840
2024-10,VF3TCAAXSU0011041,TRN,2025,TRN-CO,2.5T 하이브리드,AWD,스노우 화이트,US-GA,northeast,47840
2024-10,VF3TCAHXSU0011042,TRN,2025,TRN-CO,3.5 가솔린,AWD,샌드 베이지,US-GA,central,47840
2024-10,VF3TCADXRU0011043,TRN,2024,TRN-CO,3.5 가솔린,AWD,실버,US-GA,southeast,47840
2024-10,VF3TPABXSU0011044,TRN,2025,TRN-PR,3.5 가솔린,AWD,미드나잇 블랙,US-GA,southeast,52000
2024-10,VF3TSFBXSU0011045,TRN,2025,TRN-SU,3.5 가솔린,FWD,미드나잇 블랙,US-GA,south,59280
2024-10,VF3TCACXRU0011046,TRN,2024,TRN-CO,3.5 가솔린,AWD,스틸 그레이,US-GA,central,47840
2024-10,VF3TCFDXSU0011047,TRN,2025,TRN-CO,2.5T 하이브리드,FWD,실버,US-GA,southeast,47840
2024-10,VF3TCFAXRU0011048,TRN,2024,TRN-CO,2.5T 하이브리드,FWD,스노우 화이트,US-GA,south,47840
2024-10,VF3TSABXSU0011049,TRN,2025,TRN-SU,3.5 가솔린,AWD,미드나잇 블랙,US-GA,south,59280
2024-10,VF3TCFCXRU0011050,TRN,2024,TRN-CO,3.5 가솔린,FWD,스틸 그레이,US-GA,south,47840
2024-10,VF3TPACXSU0011051,TRN,2025,TRN-PR,2.5T 하이브리드,AWD,스틸 그레이,US-GA,northeast,52000
2024-10,VF3TPFDXSU0011052,TRN,2025,TRN-PR,3.5 가솔린,FWD,실버,US-GA,southeast,52000
2024-10,VF3TCADXRU0011053,TRN,2024,TRN-CO,3.5 가솔린,AWD,실버,US-GA,northeast,47840
2024-10,VF3TSFCXSU0011054,TRN,2025,TRN-SU,2.5T 하이브리드,FWD,스틸 그레이,US-GA,south,59280
2024-10,VF3TPFBXSU0011055,TRN,2025,TRN-PR,3.5 가솔린,FWD,미드나잇 블랙,US-GA,southeast,52000
2024-10,VF3TCACXSU0011056,TRN,2025,TRN-CO,2.5T 하이브리드,AWD,스틸 그레이,US-GA,west,47840
2024-10,VF3TPAEXSU0011057,TRN,2025,TRN-PR,3.5 가솔린,AWD,오션 블루,US-GA,southeast,52000
2024-10,VF3TPABXSU0011058,TRN,2025,TRN-PR,3.5 가솔린,AWD,미드나잇 블랙,US-GA,northeast,52000
2024-10,VF3TPFAXSU0011059,TRN,2025,TRN-PR,2.5T 하이브리드,FWD,스노우 화이트,US-GA,southeast,52000
2024-10,VF3TCADXSU0011060,TRN,2025,TRN-CO,3.5 가솔린,AWD,실버,US-GA,southeast,47840
2024-10,VF3TCAHXRU0011061,TRN,2024,TRN-CO,2.5T 하이브리드,AWD,샌드 베이지,US-GA,northeast,47840
2024-10,VF3TPFDXSU0011062,TRN,2025,TRN-PR,3.5 가솔린,FWD,실버,US-GA,southeast,52000
2024-10,VF3TCAAXSU0011063,TRN,2025,TRN-CO,3.5 가솔린,AWD,스노우 화이트,US-GA,northeast,47840
2024-10,VF3TSAGXRU0011064,TRN,2024,TRN-SU,3.5 가솔린,AWD,포레스트 그린,US-GA,central,59280
2024-10,VF3TCAAXSU0011065,TRN,2025,TRN-CO,3.5 가솔린,AWD,스노우 화이트,US-GA,south,47840
2024-10,VF3TPAHXRU0011066,TRN,2024,TRN-PR,3.5 가솔린,AWD,샌드 베이지,US-GA,west,52000
2024-10,VF3TCABXSU0011067,TRN,2025,TRN-CO,2.5T 하이브리드,AWD,미드나잇 블랙,US-GA,northeast,47840
2024-10,VF3TCAEXSU0011068,TRN,2025,TRN-CO,3.5 가솔린,AWD,오션 블루,US-GA,central,47840
2024-10,VF3TCFAXSU0011069,TRN,2025,TRN-CO,3.5 가솔린,FWD,스노우 화이트,US-GA,southeast,47840
2024-10,VF3TPABXRU0011070,TRN,2024,TRN-PR,2.5T 하이브리드,AWD,미드나잇 블랙,US-GA,south,52000
2024-10,VF3TPACXRU0011071,TRN,2024,TRN-PR,2.5T 하이브리드,AWD,스틸 그레이,US-GA,central,52000
2024-10,VF3TPFCXSU0011072,TRN,2025,TRN-PR,3.5 가솔린,FWD,스틸 그레이,US-GA,south,52000
2024-10,VF3TPAGXSU0011073,TRN,2025,TRN-PR,2.5T 하이브리드,AWD,포레스트 그린,US-GA,west,52000
2024-10,VF3TPABXRU0011074,TRN,2024,TRN-PR,2.5T 하이브리드,AWD,미드나잇 블랙,US-GA,central,52000
2024-10,VF3TCADXSU0011075,TRN,2025,TRN-CO,3.5 가솔린,AWD,실버,US-GA,central,47840
2024-10,VF3TSAAXSU0011076,TRN,2025,TRN-SU,3.5 가솔린,AWD,스노우 화이트,US-GA,central,59280
2024-10,VF3TPAAXRU0011077,TRN,2024,TRN-PR,3.5 가솔린,AWD,스노우 화이트,US-GA,southeast,52000
2024-10,VF3TPFCXSU0011078,TRN,2025,TRN-PR,2.5T 하이브리드,FWD,스틸 그레이,US-GA,southeast,52000
2024-10,VF3TSAAXSU0011079,TRN,2025,TRN-SU,3.5 가솔린,AWD,스노우 화이트,US-GA,west,59280
2024-10,VF3TCFAXSU0011080,TRN,2025,TRN-CO,2.5T 하이브리드,FWD,스노우 화이트,US-GA,southeast,47840
2024-10,VF3TCABXRU0011081,TRN,2024,TRN-CO,3.5 가솔린,AWD,미드나잇 블랙,US-GA,northeast,47840
2024-10,VF3TPFDXRU0011082,TRN,2024,TRN-PR,2.5T 하이브리드,FWD,실버,US-GA,northeast,52000
2024-10,VF3TCFBXSU0011083,TRN,2025,TRN-CO,3.5 가솔린,FWD,미드나잇 블랙,US-GA,south,47840
2024-10,VF3TCAEXSU0011084,TRN,2025,TRN-CO,3.5 가솔린,AWD,오션 블루,US-GA,northeast,47840
2024-10,VF3TSAAXRU0011085,TRN,2024,TRN-SU,3.5 가솔린,AWD,스노우 화이트,US-GA,northeast,59280
2024-10,VF3TPAFXRU0011086,TRN,2024,TRN-PR,2.5T 하이브리드,AWD,선셋 레드,US-GA,west,52000
2024-10,VF3TCFFXSU0011087,TRN,2025,TRN-CO,2.5T 하이브리드,FWD,선셋 레드,US-GA,west,47840
2024-10,VF3TCFFXSU0011088,TRN,2025,TRN-CO,2.5T 하이브리드,FWD,선셋 레드,US-GA,west,47840
2024-10,VF3TPADXSU0011089,TRN,2025,TRN-PR,2.5T 하이브리드,AWD,실버,US-GA,south,52000
2024-10,VF3TCFAXSU0011090,TRN,2025,TRN-CO,3.5 가솔린,FWD,스노우 화이트,US-GA,southeast,47840
2024-10,VF3TPACXRU0011091,TRN,2024,TRN-PR,2.5T 하이브리드,AWD,스틸 그레이,US-GA,west,52000
2024-10,VF3TCAHXRU0011092,TRN,2024,TRN-CO,3.5 가솔린,AWD,샌드 베이지,US-GA,northeast,47840
2024-10,VF3TCAEXRU0011093,TRN,2024,TRN-CO,3.5 가솔린,AWD,오션 블루,US-GA,south,47840
2024-10,VF3TPAHXSU0011094,TRN,2025,TRN-PR,3.5 가솔린,AWD,샌드 베이지,US-GA,west,52000
2024-10,VF3TCABXSU0011095,TRN,2025,TRN-CO,3.5 가솔린,AWD,미드나잇 블랙,US-GA,southeast,47840
2024-10,VF3TCABXRU0011096,TRN,2024,TRN-CO,2.5T 하이브리드,AWD,미드나잇 블랙,US-GA,southeast,47840
2024-10,VF3TPFCXSU0011097,TRN,2025,TRN-PR,2.5T 하이브리드,FWD,스틸 그레이,US-GA,south,52000
2024-10,VF3TSAAXRU0011098,TRN,2024,TRN-SU,2.5T 하이브리드,AWD,스노우 화이트,US-GA,central,59280
2024-10,VF3TPABXRU0011099,TRN,2024,TRN-PR,2.5T 하이브리드,AWD,미드나잇 블랙,US-GA,southeast,52000
2024-10,VF3TCFBXSU0011100,TRN,2025,TRN-CO,3.5 가솔린,FWD,미드나잇 블랙,US-GA,south,47840
2024-10,VF3TSFHXRU0011101,TRN,2024,TRN-SU,2.5T 하이브리드,FWD,샌드 베이지,US-GA,south,59280
2024-10,VF3TCFFXRU0011102,TRN,2024,TRN-CO,2.5T 하이브리드,FWD,선셋 레드,US-GA,southeast,47840
2024-10,VF3TSAAXSU0011103,TRN,2025,TRN-SU,3.5 가솔린,AWD,스노우 화이트,US-GA,west,59280
2024-10,VF3TCADXRU0011104,TRN,2024,TRN-CO,2.5T 하이브리드,AWD,실버,US-GA,northeast,47840
2024-10,VF3TCADXRU0011105,TRN,2024,TRN-CO,3.5 가솔린,AWD,실버,US-GA,northeast,47840
2024-10,VF3TPAEXRU0011106,TRN,2024,TRN-PR,3.5 가솔린,AWD,오션 블루,US-GA,central,52000
2024-10,VF3TPABXRU0011107,TRN,2024,TRN-PR,3.5 가솔린,AWD,미드나잇 블랙,US-GA,central,52000
2024-10,VF3TSAAXRU0011108,TRN,2024,TRN-SU,3.5 가솔린,AWD,스노우 화이트,US-GA,southeast,59280
2024-10,VF3TCAAXRU0011109,TRN,2024,TRN-CO,3.5 가솔린,AWD,스노우 화이트,US-GA,southeast,47840
2024-10,VF3TPAEXRU0011110,TRN,2024,TRN-PR,2.5T 하이브리드,AWD,오션 블루,US-GA,northeast,52000
2024-10,VF3TPFDXSU0011111,TRN,2025,TRN-PR,2.5T 하이브리드,FWD,실버,US-GA,south,52000
2024-10,VF3TCAHXSU0011112,TRN,2025,TRN-CO,2.5T 하이브리드,AWD,샌드 베이지,US-GA,central,47840
2024-10,VF3TPAEXRU0011113,TRN,2024,TRN-PR,2.5T 하이브리드,AWD,오션 블루,US-GA,west,52000
2024-10,VF3TCABXSU0011114,TRN,2025,TRN-CO,3.5 가솔린,AWD,미드나잇 블랙,US-GA,northeast,47840
2024-10,VF3TSABXSU0011115,TRN,2025,TRN-SU,3.5 가솔린,AWD,미드나잇 블랙,US-GA,west,59280
2024-10,VF3TPABXRU0011116,TRN,2024,TRN-PR,3.5 가솔린,AWD,미드나잇 블랙,US-GA,northeast,52000
2024-10,VF3TPFHXSU0011117,TRN,2025,TRN-PR,3.5 가솔린,FWD,샌드 베이지,US-GA,south,52000
2024-10,VF3TPFHXRU0011118,TRN,2024,TRN-PR,3.5 가솔린,FWD,샌드 베이지,US-GA,south,52000
2024-10,VF3TCFGXSU0011119,TRN,2025,TRN-CO,2.5T 하이브리드,FWD,포레스트 그린,US-GA,northeast,47840
2024-10,VF3TPFFXRU0011120,TRN,2024,TRN-PR,3.5 가솔린,FWD,선셋 레드,US-GA,west,52000
2024-10,VF3TCADXRU0011121,TRN,2024,TRN-CO,3.5 가솔린,AWD,실버,US-GA,south,47840
2024-10,VF3TPAHXSU0011122,TRN,2025,TRN-PR,3.5 가솔린,AWD,샌드 베이지,US-GA,southeast,52000
2024-10,VF3TSACXRU0011123,TRN,2024,TRN-SU,3.5 가솔린,AWD,스틸 그레이,US-GA,west,59280
2024-10,VF3TSFAXSU0011124,TRN,2025,TRN-SU,2.5T 하이브리드,FWD,스노우 화이트,US-GA,south,59280
2024-10,VF3TSFGXSU0011125,TRN,2025,TRN-SU,3.5 가솔린,FWD,포레스트 그린,US-GA,south,59280
2024-10,VF3TPAFXSU0011126,TRN,2025,TRN-PR,2.5T 하이브리드,AWD,선셋 레드,US-GA,southeast,52000
2024-10,VF3TPAHXRU0011127,TRN,2024,TRN-PR,3.5 가솔린,AWD,샌드 베이지,US-GA,central,52000
2024-10,VF3TSADXSU0011128,TRN,2025,TRN-SU,3.5 가솔린,AWD,실버,US-GA,northeast,59280
2024-10,VF3TPACXSU0011129,TRN,2025,TRN-PR,2.5T 하이브리드,AWD,스틸 그레이,US-GA,central,52000
2024-10,VF3TSACXSU0011130,TRN,2025,TRN-SU,3.5 가솔린,AWD,스틸 그레이,US-GA,central,59280
2024-10,VF3TPAAXSU0011131,TRN,2025,TRN-PR,3.5 가솔린,AWD,스노우 화이트,US-GA,northeast,52000
2024-10,VF3TCACXSU0011132,TRN,2025,TRN-CO,2.5T 하이브리드,AWD,스틸 그레이,US-GA,northeast,47840
2024-10,VF3TCFEXRU0011133,TRN,2024,TRN-CO,3.5 가솔린,FWD,오션 블루,US-GA,west,47840
2024-10,VF3TPFEXSU0011134,TRN,2025,TRN-PR,3.5 가솔린,FWD,오션 블루,US-GA,northeast,52000
2024-10,VF3TCADXSU0011135,TRN,2025,TRN-CO,2.5T 하이브리드,AWD,실버,US-GA,west,47840
2024-10,VF3TPACXSU0011136,TRN,2025,TRN-PR,3.5 가솔린,AWD,스틸 그레이,US-GA,southeast,52000
2024-10,VF3TSAAXSU0011137,TRN,2025,TRN-SU,3.5 가솔린,AWD,스노우 화이트,US-GA,southeast,59280
2024-10,VF3TSFCXRU0011138,TRN,2024,TRN-SU,2.5T 하이브리드,FWD,스틸 그레이,US-GA,southeast,59280
2024-10,VF3TPAAXSU0011139,TRN,2025,TRN-PR,2.5T 하이브리드,AWD,스노우 화이트,US-GA,northeast,52000
2024-10,VF3TPADXSU0011140,TRN,2025,TRN-PR,3.5 가솔린,AWD,실버,US-GA,northeast,52000
2024-10,VF3TPFCXRU0011141,TRN,2024,TRN-PR,3.5 가솔린,FWD,스틸 그레이,US-GA,west,52000
2024-10,VF3TCAEXRU0011142,TRN,2024,TRN-CO,3.5 가솔린,AWD,오션 블루,US-GA,northeast,47840
2024-10,VF3TSAFXRU0011143,TRN,2024,TRN-SU,3.5 가솔린,AWD,선셋 레드,US-GA,west,59280
2024-10,VF3TSAGXRU0011144,TRN,2024,TRN-SU,3.5 가솔린,AWD,포레스트 그린,US-GA,northeast,59280
2024-10,VF3TSFGXSU0011145,TRN,2025,TRN-SU,2.5T 하이브리드,FWD,포레스트 그린,US-GA,southeast,59280
2024-10,VF3TCAEXSU0011146,TRN,2025,TRN-CO,2.5T 하이브리드,AWD,오션 블루,US-GA,central,47840
2024-10,VF3TCABXSU0011147,TRN,2025,TRN-CO,3.5 가솔린,AWD,미드나잇 블랙,US-GA,south,47840
2024-10,VF3TCAFXSU0011148,TRN,2025,TRN-CO,2.5T 하이브리드,AWD,선셋 레드,US-GA,central,47840
2024-10,VF3TCAAXRU0011149,TRN,2024,TRN-CO,2.5T 하이브리드,AWD,스노우 화이트,US-GA,central,47840
2024-10,VF3TSADXSU0011150,TRN,2025,TRN-SU,2.5T 하이브리드,AWD,실버,US-GA,west,59280
2024-10,VF3TSADXSU0011151,TRN,2025,TRN-SU,2.5T 하이브리드,AWD,실버,US-GA,northeast,59280
2024-10,VF3TCAEXRU0011152,TRN,2024,TRN-CO,2.5T 하이브리드,AWD,오션 블루,US-GA,northeast,47840
2024-10,VF3TCABXRU0011153,TRN,2024,TRN-CO,3.5 가솔린,AWD,미드나잇 블랙,US-GA,northeast,47840
2024-10,VF3TPAGXSU0011154,TRN,2025,TRN-PR,2.5T 하이브리드,AWD,포레스트 그린,US-GA,west,52000
2024-10,VF3TPFBXSU0011155,TRN,2025,TRN-PR,2.5T 하이브리드,FWD,미드나잇 블랙,US-GA,southeast,52000
2024-10,VF3TPFAXRU0011156,TRN,2024,TRN-PR,2.5T 하이브리드,FWD,스노우 화이트,US-GA,west,52000
2024-10,VF3TCAEXSU0011157,TRN,2025,TRN-CO,3.5 가솔린,AWD,오션 블루,US-GA,south,47840
2024-10,VF3TPAAXSU0011158,TRN,2025,TRN-PR,3.5 가솔린,AWD,스노우 화이트,US-GA,central,52000
2024-10,VF3TCFAXSU0011159,TRN,2025,TRN-CO,3.5 가솔린,FWD,스노우 화이트,US-GA,southeast,47840
2024-10,VF3TCABXSU0011160,TRN,2025,TRN-CO,3.5 가솔린,AWD,미드나잇 블랙,US-GA,west,47840
2024-10,VF3TCFHXSU0011161,TRN,2025,TRN-CO,2.5T 하이브리드,FWD,샌드 베이지,US-GA,southeast,47840
2024-10,VF3TPAAXSU0011162,TRN,2025,TRN-PR,2.5T 하이브리드,AWD,스노우 화이트,US-GA,northeast,52000
2024-10,VF3TSFGXSU0011163,TRN,2025,TRN-SU,2.5T 하이브리드,FWD,포레스트 그린,US-GA,south,59280
2024-10,VF3TCAEXRU0011164,TRN,2024,TRN-CO,3.5 가솔린,AWD,오션 블루,US-GA,west,47840
2024-10,VF3TCABXRU0011165,TRN,2024,TRN-CO,2.5T 하이브리드,AWD,미드나잇 블랙,US-GA,west,47840
2024-10,VF3TCFDXRU0011166,TRN,2024,TRN-CO,2.5T 하이브리드,FWD,실버,US-GA,west,47840
2024-10,VF3TCAEXSU0011167,TRN,2025,TRN-CO,2.5T 하이브리드,AWD,오션 블루,US-GA,central,47840
2024-10,VF3TPABXRU0011168,TRN,2024,TRN-PR,3.5 가솔린,AWD,미드나잇 블랙,US-GA,central,52000
2024-10,VF3TCAAXSU0011169,TRN,2025,TRN-CO,3.5 가솔린,AWD,스노우 화이트,US-GA,west,47840
2024-10,VF3TSAAXSU0011170,TRN,2025,TRN-SU,3.5 가솔린,AWD,스노우 화이트,US-GA,southeast,59280
2024-10,VF3TSAHXRU0011171,TRN,2024,TRN-SU,3.5 가솔린,AWD,샌드 베이지,US-GA,southeast,59280
2024-10,VF3TPFBXRU0011172,TRN,2024,TRN-PR,3.5 가솔린,FWD,미드나잇 블랙,US-GA,southeast,52000
2024-10,VF3TCAAXRU0011173,TRN,2024,TRN-CO,3.5 가솔린,AWD,스노우 화이트,US-GA,west,47840
2024-10,VF3TCFBXSU0011174,TRN,2025,TRN-CO,2.5T 하이브리드,FWD,미드나잇 블랙,US-GA,southeast,47840
2024-10,VF3TPAFXRU0011175,TRN,2024,TRN-PR,3.5 가솔린,AWD,선셋 레드,US-GA,southeast,52000
2024-10,VF3TPABXRU0011176,TRN,2024,TRN-PR,2.5T 하이브리드,AWD,미드나잇 블랙,US-GA,south,52000
2024-10,VF3TSAAXSU0011177,TRN,2025,TRN-SU,2.5T 하이브리드,AWD,스노우 화이트,US-GA,west,59280
2024-10,VF3TPAEXSU0011178,TRN,2025,TRN-PR,3.5 가솔린,AWD,오션 블루,US-GA,west,52000
2024-10,VF3TPFFXSU0011179,TRN,2025,TRN-PR,3.5 가솔린,FWD,선셋 레드,US-GA,south,52000
2024-10,VF3TPACXSU0011180,TRN,2025,TRN-PR,3.5 가솔린,AWD,스틸 그레이,US-GA,central,52000
2024-10,VF3TCAEXSU0011181,TRN,2025,TRN-CO,3.5 가솔린,AWD,오션 블루,US-GA,south,47840
2024-10,VF3TPAAXSU0011182,TRN,2025,TRN-PR,2.5T 하이브리드,AWD,스노우 화이트,US-GA,west,52000
2024-10,VF3TPFCXRU0011183,TRN,2024,TRN-PR,2.5T 하이브리드,FWD,스틸 그레이,US-GA,west,52000
2024-10,VF3TCAFXRU0011184,TRN,2024,TRN-CO,3.5 가솔린,AWD,선셋 레드,US-GA,south,47840
2024-10,VF3TPABXRU0011185,TRN,2024,TRN-PR,3.5 가솔린,AWD,미드나잇 블랙,US-GA,northeast,52000
2024-10,VF3TSADXRU0011186,TRN,2024,TRN-SU,3.5 가솔린,AWD,실버,US-GA,south,59280
2024-10,VF3TCAEXSU0011187,TRN,2025,TRN-CO,2.5T 하이브리드,AWD,오션 블루,US-GA,west,47840
2024-10,VF3TCAAXRU0011188,TRN,2024,TRN-CO,3.5 가솔린,AWD,스노우 화이트,US-GA,west,47840
2024-10,VF3TPABXRU0011189,TRN,2024,TRN-PR,3.5 가솔린,AWD,미드나잇 블랙,US-GA,central,52000
2024-10,VF3TSFAXSU0011190,TRN,2025,TRN-SU,3.5 가솔린,FWD,스노우 화이트,US-GA,south,59280
2024-10,VF3TPAHXRU0011191,TRN,2024,TRN-PR,3.5 가솔린,AWD,샌드 베이지,US-GA,west,52000
2024-10,VF3TCAAXRU0011192,TRN,2024,TRN-CO,3.5 가솔린,AWD,스노우 화이트,US-GA,northeast,47840
2024-10,VF3TPAAXSU0011193,TRN,2025,TRN-PR,2.5T 하이브리드,AWD,스노우 화이트,US-GA,northeast,52000
2024-10,VF3TCFBXRU0011194,TRN,2024,TRN-CO,3.5 가솔린,FWD,미드나잇 블랙,US-GA,west,47840
2024-10,VF3TCFCXSU0011195,TRN,2025,TRN-CO,2.5T 하이브리드,FWD,스틸 그레이,US-GA,south,47840
2024-10,VF3TPAAXSU0011196,TRN,2025,TRN-PR,3.5 가솔린,AWD,스노우 화이트,US-GA,south,52000
2024-10,VF3TPFAXRU0011197,TRN,2024,TRN-PR,2.5T 하이브리드,FWD,스노우 화이트,US-GA,central,52000
2024-10,VF3TCABXRU0011198,TRN,2024,TRN-CO,3.5 가솔린,AWD,미드나잇 블랙,US-GA,central,47840
2024-10,VF3TSABXSU0011199,TRN,2025,TRN-SU,3.5 가솔린,AWD,미드나잇 블랙,US-GA,west,59280
2024-10,VF3TCADXSU0011200,TRN,2025,TRN-CO,3.5 가솔린,AWD,실버,US-GA,south,47840
2024-10,VF3TPFEXRU0011201,TRN,2024,TRN-PR,2.5T 하이브리드,FWD,오션 블루,US-GA,southeast,52000
2024-10,VF3TCADXSU0011202,TRN,2025,TRN-CO,3.5 가솔린,AWD,실버,US-GA,northeast,47840
2024-10,VF3TCABXRU0011203,TRN,2024,TRN-CO,3.5 가솔린,AWD,미드나잇 블랙,US-GA,west,47840
2024-10,VF3TPFDXRU0011204,TRN,2024,TRN-PR,2.5T 하이브리드,FWD,실버,US-GA,west,52000
2024-10,VF3TSAEXRU0011205,TRN,2024,TRN-SU,2.5T 하이브리드,AWD,오션 블루,US-GA,south,59280
2024-10,VF3TPAAXSU0011206,TRN,2025,TRN-PR,2.5T 하이브리드,AWD,스노우 화이트,US-GA,southeast,52000
2024-10,VF3TPFHXSU0011207,TRN,2025,TRN-PR,2.5T 하이브리드,FWD,샌드 베이지,US-GA,southeast,52000
2024-10,VF3TCFFXRU0011208,TRN,2024,TRN-CO,2.5T 하이브리드,FWD,선셋 레드,US-GA,southeast,47840
2024-10,VF3TPACXSU0011209,TRN,2025,TRN-PR,2.5T 하이브리드,AWD,스틸 그레이,US-GA,south,52000
2024-10,VF3TSABXRU0011210,TRN,2024,TRN-SU,2.5T 하이브리드,AWD,미드나잇 블랙,US-GA,northeast,59280
2024-10,VF3TCAHXRU0011211,TRN,2024,TRN-CO,3.5 가솔린,AWD,샌드 베이지,US-GA,west,47840
2024-10,VF3TCAAXSU0011212,TRN,2025,TRN-CO,3.5 가솔린,AWD,스노우 화이트,US-GA,northeast,47840
2024-10,VF3TPAFXRU0011213,TRN,2024,TRN-PR,3.5 가솔린,AWD,선셋 레드,US-GA,west,52000
2024-10,VF3TPAAXSU0011214,TRN,2025,TRN-PR,3.5 가솔린,AWD,스노우 화이트,US-GA,south,52000
2024-10,VF3TCABXSU0011215,TRN,2025,TRN-CO,3.5 가솔린,AWD,미드나잇 블랙,US-GA,west,47840
2024-10,VF3TSAEXSU0011216,TRN,2025,TRN-SU,3.5 가솔린,AWD,오션 블루,US-GA,central,59280
2024-10,VF3TCADXRU0011217,TRN,2024,TRN-CO,2.5T 하이브리드,AWD,실버,US-GA,south,47840
2024-10,VF3TPAAXRU0011218,TRN,2024,TRN-PR,2.5T 하이브리드,AWD,스노우 화이트,US-GA,west,52000
2024-10,VF3TPFCXRU0011219,TRN,2024,TRN-PR,3.5 가솔린,FWD,스틸 그레이,US-GA,southeast,52000
2024-10,VF3TSABXSU0011220,TRN,2025,TRN-SU,3.5 가솔린,AWD,미드나잇 블랙,US-GA,northeast,59280
2024-10,VF3TPACXRU0011221,TRN,2024,TRN-PR,2.5T 하이브리드,AWD,스틸 그레이,US-GA,northeast,52000
2024-10,VF3TPAAXSU0011222,TRN,2025,TRN-PR,2.5T 하이브리드,AWD,스노우 화이트,US-GA,southeast,52000
2024-10,VF3TPAAXSU0011223,TRN,2025,TRN-PR,2.5T 하이브리드,AWD,스노우 화이트,US-GA,northeast,52000
2024-10,VF3TPFGXRU0011224,TRN,2024,TRN-PR,3.5 가솔린,FWD,포레스트 그린,US-GA,southeast,52000
2024-10,VF3TCFCXRU0011225,TRN,2024,TRN-CO,2.5T 하이브리드,FWD,스틸 그레이,US-GA,south,47840
2024-10,VF3TCAAXRU0011226,TRN,2024,TRN-CO,3.5 가솔린,AWD,스노우 화이트,US-GA,southeast,47840
2024-10,VF3TPACXRU0011227,TRN,2024,TRN-PR,3.5 가솔린,AWD,스틸 그레이,US-GA,northeast,52000
2024-10,VF3TPAGXSU0011228,TRN,2025,TRN-PR,3.5 가솔린,AWD,포레스트 그린,US-GA,northeast,52000
2024-10,VF3TCFBXRU0011229,TRN,2024,TRN-CO,3.5 가솔린,FWD,미드나잇 블랙,US-GA,southeast,47840
2024-10,VF3TPAEXSU0011230,TRN,2025,TRN-PR,3.5 가솔린,AWD,오션 블루,US-GA,northeast,52000
2024-10,VF3TCAEXSU0011231,TRN,2025,TRN-CO,2.5T 하이브리드,AWD,오션 블루,US-GA,south,47840
2024-10,VF3TCAEXRU0011232,TRN,2024,TRN-CO,3.5 가솔린,AWD,오션 블루,US-GA,west,47840
2024-10,VF3TCADXSU0011233,TRN,2025,TRN-CO,3.5 가솔린,AWD,실버,US-GA,central,47840
2024-10,VF3TSFAXSU0011234,TRN,2025,TRN-SU,2.5T 하이브리드,FWD,스노우 화이트,US-GA,southeast,59280
2024-10,VF3TCFDXSU0011235,TRN,2025,TRN-CO,3.5 가솔린,FWD,실버,US-GA,west,47840
2024-10,VF3TCFGXRU0011236,TRN,2024,TRN-CO,2.5T 하이브리드,FWD,포레스트 그린,US-GA,south,47840
2024-10,VF3TCAAXSU0011237,TRN,2025,TRN-CO,3.5 가솔린,AWD,스노우 화이트,US-GA,northeast,47840
2024-10,VF3TPABXSU0011238,TRN,2025,TRN-PR,3.5 가솔린,AWD,미드나잇 블랙,US-GA,west,52000
2024-10,VF3TSADXSU0011239,TRN,2025,TRN-SU,3.5 가솔린,AWD,실버,US-GA,south,59280
2024-10,VF3TPFAXSU0011240,TRN,2025,TRN-PR,3.5 가솔린,FWD,스노우 화이트,US-GA,south,52000
2024-10,VF3TPAFXSU0011241,TRN,2025,TRN-PR,2.5T 하이브리드,AWD,선셋 레드,US-GA,southeast,52000
2024-10,VF3TCFAXRU0011242,TRN,2024,TRN-CO,3.5 가솔린,FWD,스노우 화이트,US-GA,west,47840
2024-10,VF3TPAAXRU0011243,TRN,2024,TRN-PR,2.5T 하이브리드,AWD,스노우 화이트,US-GA,southeast,52000
2024-10,VF3TPAGXSU0011244,TRN,2025,TRN-PR,3.5 가솔린,AWD,포레스트 그린,US-GA,northeast,52000
2024-10,VF3TCAHXRU0011245,TRN,2024,TRN-CO,2.5T 하이브리드,AWD,샌드 베이지,US-GA,southeast,47840
2024-10,VF3TPACXSU0011246,TRN,2025,TRN-PR,2.5T 하이브리드,AWD,스틸 그레이,US-GA,central,52000
2024-10,VF3TCAHXSU0011247,TRN,2025,TRN-CO,3.5 가솔린,AWD,샌드 베이지,US-GA,northeast,47840
2024-10,VF3TPAFXRU0011248,TRN,2024,TRN-PR,3.5 가솔린,AWD,선셋 레드,US-GA,west,52000
2024-10,VF3TCADXSU0011249,TRN,2025,TRN-CO,3.5 가솔린,AWD,실버,US-GA,southeast,47840
2024-10,VF3TCFBXRU0011250,TRN,2024,TRN-CO,3.5 가솔린,FWD,미드나잇 블랙,US-GA,northeast,47840
2024-10,VF3TPACXSU0011251,TRN,2025,TRN-PR,2.5T 하이브리드,AWD,스틸 그레이,US-GA,south,52000
2024-10,VF3TPAAXRU0011252,TRN,2024,TRN-PR,2.5T 하이브리드,AWD,스노우 화이트,US-GA,west,52000
2024-10,VF3TPAAXSU0011253,TRN,2025,TRN-PR,3.5 가솔린,AWD,스노우 화이트,US-GA,southeast,52000
2024-10,VF3TPACXSU0011254,TRN,2025,TRN-PR,2.5T 하이브리드,AWD,스틸 그레이,US-GA,south,52000
2024-10,VF3TSABXRU0011255,TRN,2024,TRN-SU,2.5T 하이브리드,AWD,미드나잇 블랙,US-GA,northeast,59280
2024-10,VF3TPADXSU0011256,TRN,2025,TRN-PR,3.5 가솔린,AWD,실버,US-GA,west,52000
2024-10,VF3TPAEXRU0011257,TRN,2024,TRN-PR,3.5 가솔린,AWD,오션 블루,US-GA,northeast,52000
2024-10,VF3TSFAXSU0011258,TRN,2025,TRN-SU,3.5 가솔린,FWD,스노우 화이트,US-GA,west,59280
2024-10,VF3TPABXRU0011259,TRN,2024,TRN-PR,2.5T 하이브리드,AWD,미드나잇 블랙,US-GA,west,52000
2024-10,VF3TCACXSU0011260,TRN,2025,TRN-CO,2.5T 하이브리드,AWD,스틸 그레이,US-GA,central,47840
2024-10,VF3TCACXSU0011261,TRN,2025,TRN-CO,3.5 가솔린,AWD,스틸 그레이,US-GA,northeast,47840
2024-10,VF3TCFFXRU0011262,TRN,2024,TRN-CO,3.5 가솔린,FWD,선셋 레드,US-GA,west,47840
2024-10,VF3TPAAXSU0011263,TRN,2025,TRN-PR,2.5T 하이브리드,AWD,스노우 화이트,US-GA,southeast,52000
2024-10,VF3TPAEXSU0011264,TRN,2025,TRN-PR,2.5T 하이브리드,AWD,오션 블루,US-GA,west,52000
2024-10,VF3TPFBXSU0011265,TRN,2025,TRN-PR,3.5 가솔린,FWD,미드나잇 블랙,US-GA,southeast,52000
2024-10,VF3TPABXSU0011266,TRN,2025,TRN-PR,3.5 가솔린,AWD,미드나잇 블랙,US-GA,northeast,52000
2024-10,VF3TCFGXSU0011267,TRN,2025,TRN-CO,3.5 가솔린,FWD,포레스트 그린,US-GA,south,47840
2024-10,VF3TPAEXRU0011268,TRN,2024,TRN-PR,2.5T 하이브리드,AWD,오션 블루,US-GA,southeast,52000
2024-10,VF3TPAAXSU0011269,TRN,2025,TRN-PR,3.5 가솔린,AWD,스노우 화이트,US-GA,west,52000
2024-10,VF3TPABXSU0011270,TRN,2025,TRN-PR,2.5T 하이브리드,AWD,미드나잇 블랙,US-GA,northeast,52000
2024-10,VF3TCAGXSU0011271,TRN,2025,TRN-CO,3.5 가솔린,AWD,포레스트 그린,US-GA,northeast,47840
2024-10,VF3TPAAXSU0011272,TRN,2025,TRN-PR,2.5T 하이브리드,AWD,스노우 화이트,US-GA,southeast,52000
2024-10,VF3TSAAXSU0011273,TRN,2025,TRN-SU,2.5T 하이브리드,AWD,스노우 화이트,US-GA,west,59280
2024-10,VF3TCADXRU0011274,TRN,2024,TRN-CO,3.5 가솔린,AWD,실버,US-GA,west,47840
2024-10,VF3TPACXRU0011275,TRN,2024,TRN-PR,2.5T 하이브리드,AWD,스틸 그레이,US-GA,west,52000
2024-10,VF3TSABXSU0011276,TRN,2025,TRN-SU,3.5 가솔린,AWD,미드나잇 블랙,US-GA,west,59280
2024-10,VF3TCADXSU0011277,TRN,2025,TRN-CO,2.5T 하이브리드,AWD,실버,US-GA,northeast,47840
2024-10,VF3TPADXSU0011278,TRN,2025,TRN-PR,2.5T 하이브리드,AWD,실버,US-GA,south,52000
2024-10,VF3TSAAXSU0011279,TRN,2025,TRN-SU,3.5 가솔린,AWD,스노우 화이트,US-GA,northeast,59280
2024-10,VF3TPAHXSU0011280,TRN,2025,TRN-PR,3.5 가솔린,AWD,샌드 베이지,US-GA,northeast,52000
2024-10,VF3TPAAXSU0011281,TRN,2025,TRN-PR,2.5T 하이브리드,AWD,스노우 화이트,US-GA,central,52000
2024-10,VF3TCAAXRU0011282,TRN,2024,TRN-CO,3.5 가솔린,AWD,스노우 화이트,US-GA,southeast,47840
2024-10,VF3TCFAXSU0011283,TRN,2025,TRN-CO,3.5 가솔린,FWD,스노우 화이트,US-GA,west,47840
2024-10,VF3TCABXRU0011284,TRN,2024,TRN-CO,3.5 가솔린,AWD,미드나잇 블랙,US-GA,southeast,47840
2024-10,VF3TCABXRU0011285,TRN,2024,TRN-CO,3.5 가솔린,AWD,미드나잇 블랙,US-GA,southeast,47840
2024-10,VF3TCAEXRU0011286,TRN,2024,TRN-CO,3.5 가솔린,AWD,오션 블루,US-GA,south,47840
2024-10,VF3TPACXRU0011287,TRN,2024,TRN-PR,3.5 가솔린,AWD,스틸 그레이,US-GA,central,52000
2024-10,VF3TCFCXSU0011288,TRN,2025,TRN-CO,2.5T 하이브리드,FWD,스틸 그레이,US-GA,south,47840
2024-10,VF3TCACXRU0011289,TRN,2024,TRN-CO,3.5 가솔린,AWD,스틸 그레이,US-GA,central,47840
2024-10,VF3TPACXRU0011290,TRN,2024,TRN-PR,2.5T 하이브리드,AWD,스틸 그레이,US-GA,northeast,52000
2024-10,VF3TPFCXSU0011291,TRN,2025,TRN-PR,3.5 가솔린,FWD,스틸 그레이,US-GA,south,52000
2024-10,VF3VPAAXSU0011292,VST,2025,VST-PR,2.5 가솔린,AWD,스노우 화이트,US-GA,south,38500
2024-10,VF3VPAAXRU0011293,VST,2024,VST-PR,2.5 가솔린,AWD,스노우 화이트,US-GA,southeast,38500
2024-10,VF3VCAEXSU0011294,VST,2025,VST-CO,2.5 가솔린,AWD,오션 블루,US-GA,southeast,35420
2024-10,VF3VCFEXSU0011295,VST,2025,VST-CO,2.5 가솔린,FWD,오션 블루,US-GA,west,35420
2024-10,VF3VPFCXSU0011296,VST,2025,VST-PR,2.5 가솔린,FWD,스틸 그레이,US-GA,south,38500
2024-10,VF3VCADXRU0011297,VST,2024,VST-CO,1.6T 하이브리드,AWD,실버,US-GA,southeast,35420
2024-10,VF3VSFBXRU0011298,VST,2024,VST-TR,1.6T 하이브리드,FWD,미드나잇 블랙,US-GA,west,43890
2024-10,VF3VPFCXRU0011299,VST,2024,VST-PR,2.5 가솔린,FWD,스틸 그레이,US-GA,south,38500
2024-10,VF3VSAFXSU0011300,VST,2025,VST-TR,2.5 가솔린,AWD,선셋 레드,US-GA,northeast,43890
2024-10,VF3VCABXRU0011301,VST,2024,VST-CO,1.6T 하이브리드,AWD,미드나잇 블랙,US-GA,south,35420
2024-10,VF3VSFAXSU0011302,VST,2025,VST-TR,1.6T 하이브리드,FWD,스노우 화이트,US-GA,south,43890
2024-10,VF3VCACXSU0011303,VST,2025,VST-CO,1.6T 하이브리드,AWD,스틸 그레이,US-GA,west,35420
2024-10,VF3VSFDXSU0011304,VST,2025,VST-TR,2.5 가솔린,FWD,실버,US-GA,west,43890
2024-10,VF3VCFBXRU0011305,VST,2024,VST-CO,2.5 가솔린,FWD,미드나잇 블랙,US-GA,southeast,35420
2024-10,VF3VSACXSU0011306,VST,2025,VST-TR,2.5 가솔린,AWD,스틸 그레이,US-GA,northeast,43890
2024-10,VF3VCADXSU0011307,VST,2025,VST-CO,1.6T 하이브리드,AWD,실버,US-GA,south,35420
2024-10,VF3VPFBXRU0011308,VST,2024,VST-PR,1.6T 하이브리드,FWD,미드나잇 블랙,US-GA,southeast,38500
2024-10,VF3VCAFXSU0011309,VST,2025,VST-CO,2.5 가솔린,AWD,선셋 레드,US-GA,west,35420
2024-10,VF3VCADXRU0011310,VST,2024,VST-CO,2.5 가솔린,AWD,실버,US-GA,west,35420
2024-10,VF3VPAAXSU0011311,VST,2025,VST-PR,2.5 가솔린,AWD,스노우 화이트,US-GA,west,38500
2024-10,VF3VCFDXSU0011312,VST,2025,VST-CO,2.5 가솔린,FWD,실버,US-GA,south,35420
2024-10,VF3VSABXSU0011313,VST,2025,VST-TR,2.5 가솔린,AWD,미드나잇 블랙,US-GA,northeast,43890
2024-10,VF3VSFBXRU0011314,VST,2024,VST-TR,1.6T 하이브리드,FWD,미드나잇 블랙,US-GA,south,43890
2024-10,VF3VCAEXRU0011315,VST,2024,VST-CO,1.6T 하이브리드,AWD,오션 블루,US-GA,west,35420
2024-10,VF3VSFBXSU0011316,VST,2025,VST-TR,1.6T 하이브리드,FWD,미드나잇 블랙,US-GA,south,43890
2024-10,VF3VCFBXSU0011317,VST,2025,VST-CO,2.5 가솔린,FWD,미드나잇 블랙,US-GA,west,35420
2024-10,VF3VCABXSU0011318,VST,2025,VST-CO,2.5 가솔린,AWD,미드나잇 블랙,US-GA,south,35420
2024-10,VF3VSADXSU0011319,VST,2025,VST-TR,1.6T 하이브리드,AWD,실버,US-GA,central,43890
2024-10,VF3VCFAXSU0011320,VST,2025,VST-CO,1.6T 하이브리드,FWD,스노우 화이트,US-GA,west,35420
2024-10,VF3VCABXSU0011321,VST,2025,VST-CO,1.6T 하이브리드,AWD,미드나잇 블랙,US-GA,west,35420
2024-10,VF3VPFAXSU0011322,VST,2025,VST-PR,2.5 가솔린,FWD,스노우 화이트,US-GA,west,38500
2024-10,VF3VPFDXSU0011323,VST,2025,VST-PR,2.5 가솔린,FWD,실버,US-GA,northeast,38500
2024-10,VF3VCABXSU0011324,VST,2025,VST-CO,1.6T 하이브리드,AWD,미드나잇 블랙,US-GA,southeast,35420
2024-10,VF3VCABXRU0011325,VST,2024,VST-CO,1.6T 하이브리드,AWD,미드나잇 블랙,US-GA,west,35420
2024-10,VF3VCFAXSU0011326,VST,2025,VST-CO,2.5 가솔린,FWD,스노우 화이트,US-GA,west,35420
2024-10,VF3VSAGXSU0011327,VST,2025,VST-TR,1.6T 하이브리드,AWD,포레스트 그린,US-GA,west,43890
2024-10,VF3VSADXSU0011328,VST,2025,VST-TR,1.6T 하이브리드,AWD,실버,US-GA,west,43890
2024-10,VF3VSAFXSU0011329,VST,2025,VST-TR,2.5 가솔린,AWD,선셋 레드,US-GA,south,43890
2024-10,VF3VPFEXSU0011330,VST,2025,VST-PR,2.5 가솔린,FWD,오션 블루,US-GA,south,38500
2024-10,VF3VCFAXSU0011331,VST,2025,VST-CO,1.6T 하이브리드,FWD,스노우 화이트,US-GA,central,35420
2024-10,VF3VPFEXSU0011332,VST,2025,VST-PR,2.5 가솔린,FWD,오션 블루,US-GA,west,38500
2024-10,VF3VCFEXRU0011333,VST,2024,VST-CO,2.5 가솔린,FWD,오션 블루,US-GA,west,35420
2024-10,VF3VCFAXSU0011334,VST,2025,VST-CO,2.5 가솔린,FWD,스노우 화이트,US-GA,central,35420
2024-10,VF3VPADXSU0011335,VST,2025,VST-PR,2.5 가솔린,AWD,실버,US-GA,south,38500
2024-10,VF3VPAGXSU0011336,VST,2025,VST-PR,2.5 가솔린,AWD,포레스트 그린,US-GA,west,38500
2024-10,VF3VPFBXRU0011337,VST,2024,VST-PR,2.5 가솔린,FWD,미드나잇 블랙,US-GA,west,38500
2024-10,VF3VPFBXSU0011338,VST,2025,VST-PR,1.6T 하이브리드,FWD,미드나잇 블랙,US-GA,southeast,38500
2024-10,VF3VCFGXRU0011339,VST,2024,VST-CO,1.6T 하이브리드,FWD,포레스트 그린,US-GA,west,35420
2024-10,VF3VSAAXSU0011340,VST,2025,VST-TR,1.6T 하이브리드,AWD,스노우 화이트,US-GA,west,43890
2024-10,VF3VPFCXSU0011341,VST,2025,VST-PR,1.6T 하이브리드,FWD,스틸 그레이,US-GA,southeast,38500
2024-10,VF3VPFAXSU0011342,VST,2025,VST-PR,2.5 가솔린,FWD,스노우 화이트,US-GA,west,38500
2024-10,VF3VSACXRU0011343,VST,2024,VST-TR,2.5 가솔린,AWD,스틸 그레이,US-GA,central,43890
2024-10,VF3VCFDXRU0011344,VST,2024,VST-CO,1.6T 하이브리드,FWD,실버,US-GA,south,35420
2024-10,VF3VSFEXSU0011345,VST,2025,VST-TR,2.5 가솔린,FWD,오션 블루,US-GA,west,43890
2024-10,VF3VCFAXRU0011346,VST,2024,VST-CO,1.6T 하이브리드,FWD,스노우 화이트,US-GA,southeast,35420
2024-10,VF3VSFBXRU0011347,VST,2024,VST-TR,2.5 가솔린,FWD,미드나잇 블랙,US-GA,west,43890
2024-10,VF3VPAEXSU0011348,VST,2025,VST-PR,2.5 가솔린,AWD,오션 블루,US-GA,southeast,38500
2024-10,VF3VCFAXRU0011349,VST,2024,VST-CO,2.5 가솔린,FWD,스노우 화이트,US-GA,west,35420
2024-10,VF3VPFEXSU0011350,VST,2025,VST-PR,1.6T 하이브리드,FWD,오션 블루,US-GA,northeast,38500
2024-10,VF3VCFAXRU0011351,VST,2024,VST-CO,1.6T 하이브리드,FWD,스노우 화이트,US-GA,west,35420
2024-10,VF3VPFEXSU0011352,VST,2025,VST-PR,2.5 가솔린,FWD,오션 블루,US-GA,west,38500
2024-10,VF3VCFAXSU0011353,VST,2025,VST-CO,2.5 가솔린,FWD,스노우 화이트,US-GA,south,35420
2024-10,VF3VCADXSU0011354,VST,2025,VST-CO,2.5 가솔린,AWD,실버,US-GA,central,35420
2024-10,VF3VPFBXSU0011355,VST,2025,VST-PR,1.6T 하이브리드,FWD,미드나잇 블랙,US-GA,southeast,38500
2024-10,VF3VCFBXRU0011356,VST,2024,VST-CO,2.5 가솔린,FWD,미드나잇 블랙,US-GA,south,35420
2024-10,VF3VPFAXSU0011357,VST,2025,VST-PR,1.6T 하이브리드,FWD,스노우 화이트,US-GA,west,38500
2024-10,VF3VCACXSU0011358,VST,2025,VST-CO,1.6T 하이브리드,AWD,스틸 그레이,US-GA,west,35420
2024-10,VF3VCFEXRU0011359,VST,2024,VST-CO,1.6T 하이브리드,FWD,오션 블루,US-GA,west,35420
2024-10,VF3VPAEXRU0011360,VST,2024,VST-PR,2.5 가솔린,AWD,오션 블루,US-GA,southeast,38500
2024-10,VF3VCFHXSU0011361,VST,2025,VST-CO,1.6T 하이브리드,FWD,샌드 베이지,US-GA,southeast,35420
2024-10,VF3VPAAXRU0011362,VST,2024,VST-PR,1.6T 하이브리드,AWD,스노우 화이트,US-GA,west,38500
2024-10,VF3VPFCXRU0011363,VST,2024,VST-PR,1.6T 하이브리드,FWD,스틸 그레이,US-GA,south,38500
2024-10,VF3VCACXRU0011364,VST,2024,VST-CO,2.5 가솔린,AWD,스틸 그레이,US-GA,southeast,35420
2024-10,VF3VCACXSU0011365,VST,2025,VST-CO,2.5 가솔린,AWD,스틸 그레이,US-GA,south,35420
2024-10,VF3VCAAXRU0011366,VST,2024,VST-CO,1.6T 하이브리드,AWD,스노우 화이트,US-GA,west,35420
2024-10,VF3VCABXSU0011367,VST,2025,VST-CO,1.6T 하이브리드,AWD,미드나잇 블랙,US-GA,west,35420
2024-10,VF3VCAAXSU0011368,VST,2025,VST-CO,2.5 가솔린,AWD,스노우 화이트,US-GA,central,35420
2024-10,VF3VCFCXSU0011369,VST,2025,VST-CO,2.5 가솔린,FWD,스틸 그레이,US-GA,southeast,35420
2024-10,VF3VPFBXRU0011370,VST,2024,VST-PR,2.5 가솔린,FWD,미드나잇 블랙,US-GA,central,38500
2024-10,VF3VCFHXSU0011371,VST,2025,VST-CO,1.6T 하이브리드,FWD,샌드 베이지,US-GA,southeast,35420
2024-10,VF3VCFCXSU0011372,VST,2025,VST-CO,2.5 가솔린,FWD,스틸 그레이,US-GA,south,35420
2024-10,VF3VCFAXRU0011373,VST,2024,VST-CO,2.5 가솔린,FWD,스노우 화이트,US-GA,central,35420
2024-10,VF3VCABXRU0011374,VST,2024,VST-CO,2.5 가솔린,AWD,미드나잇 블랙,US-GA,west,35420
2024-10,VF3VCFBXSU0011375,VST,2025,VST-CO,1.6T 하이브리드,FWD,미드나잇 블랙,US-GA,southeast,35420
2024-10,VF3VCFBXRU0011376,VST,2024,VST-CO,2.5 가솔린,FWD,미드나잇 블랙,US-GA,south,35420
2024-10,VF3VPFDXSU0011377,VST,2025,VST-PR,1.6T 하이브리드,FWD,실버,US-GA,south,38500
2024-10,VF3VCADXSU0011378,VST,2025,VST-CO,2.5 가솔린,AWD,실버,US-GA,west,35420
2024-10,VF3VSFCXSU0011379,VST,2025,VST-TR,2.5 가솔린,FWD,스틸 그레이,US-GA,west,43890
2024-10,VF3VCAEXSU0011380,VST,2025,VST-CO,1.6T 하이브리드,AWD,오션 블루,US-GA,northeast,35420
2024-10,VF3VCAEXSU0011381,VST,2025,VST-CO,1.6T 하이브리드,AWD,오션 블루,US-GA,southeast,35420
2024-10,VF3VSAEXRU0011382,VST,2024,VST-TR,1.6T 하이브리드,AWD,오션 블루,US-GA,south,43890
2024-10,VF3VCAAXSU0011383,VST,2025,VST-CO,2.5 가솔린,AWD,스노우 화이트,US-GA,southeast,35420
2024-10,VF3VPABXSU0011384,VST,2025,VST-PR,1.6T 하이브리드,AWD,미드나잇 블랙,US-GA,northeast,38500
2024-10,VF3VPFBXRU0011385,VST,2024,VST-PR,2.5 가솔린,FWD,미드나잇 블랙,US-GA,northeast,38500
2024-10,VF3VCFAXSU0011386,VST,2025,VST-CO,1.6T 하이브리드,FWD,스노우 화이트,US-GA,west,35420
2024-10,VF3VCFAXSU0011387,VST,2025,VST-CO,1.6T 하이브리드,FWD,스노우 화이트,US-GA,southeast,35420
2024-10,VF3VPFAXRU0011388,VST,2024,VST-PR,2.5 가솔린,FWD,스노우 화이트,US-GA,south,38500
2024-10,VF3VCFDXSU0011389,VST,2025,VST-CO,2.5 가솔린,FWD,실버,US-GA,northeast,35420
2024-10,VF3VPFEXSU0011390,VST,2025,VST-PR,2.5 가솔린,FWD,오션 블루,US-GA,west,38500
2024-10,VF3VPFCXRU0011391,VST,2024,VST-PR,1.6T 하이브리드,FWD,스틸 그레이,US-GA,west,38500
2024-10,VF3VPFDXSU0011392,VST,2025,VST-PR,2.5 가솔린,FWD,실버,US-GA,southeast,38500
2024-10,VF3VCFDXRU0011393,VST,2024,VST-CO,2.5 가솔린,FWD,실버,US-GA,west,35420
2024-10,VF3VCFBXRU0011394,VST,2024,VST-CO,2.5 가솔린,FWD,미드나잇 블랙,US-GA,southeast,35420
2024-10,VF3VPFGXRU0011395,VST,2024,VST-PR,1.6T 하이브리드,FWD,포레스트 그린,US-GA,central,38500
2024-10,VF3VSACXSU0011396,VST,2025,VST-TR,2.5 가솔린,AWD,스틸 그레이,US-GA,west,43890
2024-10,VF3VPFCXSU0011397,VST,2025,VST-PR,1.6T 하이브리드,FWD,스틸 그레이,US-GA,west,38500
2024-10,VF3VSFEXRU0011398,VST,2024,VST-TR,1.6T 하이브리드,FWD,오션 블루,US-GA,northeast,43890
2024-10,VF3VSFAXRU0011399,VST,2024,VST-TR,2.5 가솔린,FWD,스노우 화이트,US-GA,south,43890
2024-10,VF3VSFDXSU0011400,VST,2025,VST-TR,2.5 가솔린,FWD,실버,US-GA,west,43890
2024-10,VF3VSAAXSU0011401,VST,2025,VST-TR,2.5 가솔린,AWD,스노우 화이트,US-GA,south,43890
2024-10,VF3VPABXRU0011402,VST,2024,VST-PR,2.5 가솔린,AWD,미드나잇 블랙,US-GA,west,38500
2024-10,VF3VPADXSU0011403,VST,2025,VST-PR,2.5 가솔린,AWD,실버,US-GA,southeast,38500
2024-10,VF3VCABXSU0011404,VST,2025,VST-CO,2.5 가솔린,AWD,미드나잇 블랙,US-GA,northeast,35420
2024-10,VF3VSAEXSU0011405,VST,2025,VST-TR,1.6T 하이브리드,AWD,오션 블루,US-GA,southeast,43890
2024-10,VF3VSACXSU0011406,VST,2025,VST-TR,2.5 가솔린,AWD,스틸 그레이,US-GA,west,43890
2024-10,VF3VCABXRU0011407,VST,2024,VST-CO,2.5 가솔린,AWD,미드나잇 블랙,US-GA,south,35420
2024-10,VF3VCFBXSU0011408,VST,2025,VST-CO,1.6T 하이브리드,FWD,미드나잇 블랙,US-GA,northeast,35420
2024-10,VF3VPFBXSU0011409,VST,2025,VST-PR,1.6T 하이브리드,FWD,미드나잇 블랙,US-GA,northeast,38500
2024-10,VF3VPFGXSU0011410,VST,2025,VST-PR,2.5 가솔린,FWD,포레스트 그린,US-GA,central,38500
2024-10,VF3VSAAXSU0011411,VST,2025,VST-TR,1.6T 하이브리드,AWD,스노우 화이트,US-GA,northeast,43890
2024-10,VF3VPAFXSU0011412,VST,2025,VST-PR,1.6T 하이브리드,AWD,선셋 레드,US-GA,south,38500
2024-10,VF3VCACXSU0011413,VST,2025,VST-CO,2.5 가솔린,AWD,스틸 그레이,US-GA,central,35420
2024-10,VF3VCFCXSU0011414,VST,2025,VST-CO,2.5 가솔린,FWD,스틸 그레이,US-GA,south,35420
2024-10,VF3VPFAXRU0011415,VST,2024,VST-PR,1.6T 하이브리드,FWD,스노우 화이트,US-GA,northeast,38500
2024-10,VF3VPAAXRU0011416,VST,2024,VST-PR,1.6T 하이브리드,AWD,스노우 화이트,US-GA,south,38500
2024-10,VF3VPFGXSU0011417,VST,2025,VST-PR,1.6T 하이브리드,FWD,포레스트 그린,US-GA,west,38500
2024-10,VF3VPFAXSU0011418,VST,2025,VST-PR,2.5 가솔린,FWD,스노우 화이트,US-GA,south,38500
2024-10,VF3VSFFXRU0011419,VST,2024,VST-TR,1.6T 하이브리드,FWD,선셋 레드,US-GA,southeast,43890
2024-10,VF3VCFDXSU0011420,VST,2025,VST-CO,2.5 가솔린,FWD,실버,US-GA,central,35420
2024-10,VF3VCAEXSU0011421,VST,2025,VST-CO,2.5 가솔린,AWD,오션 블루,US-GA,south,35420
2024-10,VF3VPABXRU0011422,VST,2024,VST-PR,2.5 가솔린,AWD,미드나잇 블랙,US-GA,west,38500
2024-10,VF3VCAAXRU0011423,VST,2024,VST-CO,2.5 가솔린,AWD,스노우 화이트,US-GA,southeast,35420
2024-10,VF3VCFDXSU0011424,VST,2025,VST-CO,1.6T 하이브리드,FWD,실버,US-GA,west,35420
2024-10,VF3VPFCXSU0011425,VST,2025,VST-PR,2.5 가솔린,FWD,스틸 그레이,US-GA,west,38500
2024-10,VF3VPAGXSU0011426,VST,2025,VST-PR,1.6T 하이브리드,AWD,포레스트 그린,US-GA,west,38500
2024-10,VF3VCFAXSU0011427,VST,2025,VST-CO,2.5 가솔린,FWD,스노우 화이트,US-GA,southeast,35420
2024-10,VF3VPAEXRU0011428,VST,2024,VST-PR,2.5 가솔린,AWD,오션 블루,US-GA,northeast,38500
2024-10,VF3VCFCXSU0011429,VST,2025,VST-CO,2.5 가솔린,FWD,스틸 그레이,US-GA,southeast,35420
2024-10,VF3VSFGXRU0011430,VST,2024,VST-TR,2.5 가솔린,FWD,포레스트 그린,US-GA,west,43890
2024-10,VF3VPFCXSU0011431,VST,2025,VST-PR,2.5 가솔린,FWD,스틸 그레이,US-GA,southeast,38500
2024-10,VF3VSAEXSU0011432,VST,2025,VST-TR,2.5 가솔린,AWD,오션 블루,US-GA,central,43890
2024-10,VF3VCAAXSU0011433,VST,2025,VST-CO,2.5 가솔린,AWD,스노우 화이트,US-GA,west,35420
2024-10,VF3VPFBXSU0011434,VST,2025,VST-PR,2.5 가솔린,FWD,미드나잇 블랙,US-GA,south,38500
2024-10,VF3VPACXRU0011435,VST,2024,VST-PR,1.6T 하이브리드,AWD,스틸 그레이,US-GA,central,38500
2024-10,VF3VPFHXSU0011436,VST,2025,VST-PR,2.5 가솔린,FWD,샌드 베이지,US-GA,southeast,38500
2024-10,VF3VCACXSU0011437,VST,2025,VST-CO,2.5 가솔린,AWD,스틸 그레이,US-GA,northeast,35420
2024-10,VF3VPFCXSU0011438,VST,2025,VST-PR,2.5 가솔린,FWD,스틸 그레이,US-GA,south,38500
2024-10,VF3VPAAXRU0011439,VST,2024,VST-PR,1.6T 하이브리드,AWD,스노우 화이트,US-GA,southeast,38500
2024-10,VF3VCAFXRU0011440,VST,2024,VST-CO,2.5 가솔린,AWD,선셋 레드,US-GA,south,35420
2024-10,VF3VCACXSU0011441,VST,2025,VST-CO,1.6T 하이브리드,AWD,스틸 그레이,US-GA,northeast,35420
2024-10,VF3VPAEXRU0011442,VST,2024,VST-PR,2.5 가솔린,AWD,오션 블루,US-GA,southeast,38500
2024-10,VF3VSFAXSU0011443,VST,2025,VST-TR,2.5 가솔린,FWD,스노우 화이트,US-GA,northeast,43890
2024-10,VF3VSFDXSU0011444,VST,2025,VST-TR,1.6T 하이브리드,FWD,실버,US-GA,southeast,43890
2024-10,VF3VPFBXSU0011445,VST,2025,VST-PR,1.6T 하이브리드,FWD,미드나잇 블랙,US-GA,northeast,38500
2024-10,VF3VCAAXRU0011446,VST,2024,VST-CO,1.6T 하이브리드,AWD,스노우 화이트,US-GA,south,35420
2024-10,VF3VCFHXSU0011447,VST,2025,VST-CO,1.6T 하이브리드,FWD,샌드 베이지,US-GA,south,35420
2024-10,VF3VPFHXSU0011448,VST,2025,VST-PR,2.5 가솔린,FWD,샌드 베이지,US-GA,west,38500
2024-10,VF3VPABXRU0011449,VST,2024,VST-PR,1.6T 하이브리드,AWD,미드나잇 블랙,US-GA,northeast,38500
2024-10,VF3VSAAXSU0011450,VST,2025,VST-TR,2.5 가솔린,AWD,스노우 화이트,US-GA,central,43890
2024-10,VF3VCAAXSU0011451,VST,2025,VST-CO,2.5 가솔린,AWD,스노우 화이트,US-GA,southeast,35420
2024-10,VF3VCAFXSU0011452,VST,2025,VST-CO,1.6T 하이브리드,AWD,선셋 레드,US-GA,central,35420
2024-10,VF3VCFAXRU0011453,VST,2024,VST-CO,1.6T 하이브리드,FWD,스노우 화이트,US-GA,south,35420
2024-10,VF3VCFCXSU0011454,VST,2025,VST-CO,1.6T 하이브리드,FWD,스틸 그레이,US-GA,south,35420
2024-10,VF3VCFBXSU0011455,VST,2025,VST-CO,2.5 가솔린,FWD,미드나잇 블랙,US-GA,west,35420
2024-10,VF3VCFCXRU0011456,VST,2024,VST-CO,1.6T 하이브리드,FWD,스틸 그레이,US-GA,northeast,35420
2024-10,VF3VPAFXSU0011457,VST,2025,VST-PR,2.5 가솔린,AWD,선셋 레드,US-GA,south,38500
2024-10,VF3VPFEXSU0011458,VST,2025,VST-PR,2.5 가솔린,FWD,오션 블루,US-GA,southeast,38500
2024-10,VF3VCFDXSU0011459,VST,2025,VST-CO,2.5 가솔린,FWD,실버,US-GA,west,35420
2024-10,VF3VPAEXRU0011460,VST,2024,VST-PR,2.5 가솔린,AWD,오션 블루,US-GA,west,38500
2024-10,VF3VCFBXRU0011461,VST,2024,VST-CO,1.6T 하이브리드,FWD,미드나잇 블랙,US-GA,southeast,35420
2024-10,VF3VPFCXSU0011462,VST,2025,VST-PR,2.5 가솔린,FWD,스틸 그레이,US-GA,central,38500
2024-10,VF3VCABXSU0011463,VST,2025,VST-CO,1.6T 하이브리드,AWD,미드나잇 블랙,US-GA,south,35420
2024-10,VF3VSAFXRU0011464,VST,2024,VST-TR,1.6T 하이브리드,AWD,선셋 레드,US-GA,southeast,43890
2024-10,VF3VSFAXSU0011465,VST,2025,VST-TR,1.6T 하이브리드,FWD,스노우 화이트,US-GA,southeast,43890
2024-10,VF3VPFBXRU0011466,VST,2024,VST-PR,1.6T 하이브리드,FWD,미드나잇 블랙,US-GA,south,38500
2024-10,VF3VSACXRU0011467,VST,2024,VST-TR,2.5 가솔린,AWD,스틸 그레이,US-GA,southeast,43890
2024-10,VF3VCFAXSU0011468,VST,2025,VST-CO,1.6T 하이브리드,FWD,스노우 화이트,US-GA,northeast,35420
2024-10,VF3VPAAXSU0011469,VST,2025,VST-PR,1.6T 하이브리드,AWD,스노우 화이트,US-GA,northeast,38500
2024-10,VF3VCFAXSU0011470,VST,2025,VST-CO,2.5 가솔린,FWD,스노우 화이트,US-GA,south,35420
2024-10,VF3VPFHXRU0011471,VST,2024,VST-PR,2.5 가솔린,FWD,샌드 베이지,US-GA,west,38500
2024-10,VF3VSADXSU0011472,VST,2025,VST-TR,2.5 가솔린,AWD,실버,US-GA,west,43890
2024-10,VF3VCAAXRU0011473,VST,2024,VST-CO,1.6T 하이브리드,AWD,스노우 화이트,US-GA,northeast,35420
2024-10,VF3VCAHXSU0011474,VST,2025,VST-CO,2.5 가솔린,AWD,샌드 베이지,US-GA,southeast,35420
2024-10,VF3VCADXSU0011475,VST,2025,VST-CO,1.6T 하이브리드,AWD,실버,US-GA,west,35420
2024-10,VF3VCFDXRU0011476,VST,2024,VST-CO,1.6T 하이브리드,FWD,실버,US-GA,northeast,35420
2024-10,VF3VPADXRU0011477,VST,2024,VST-PR,1.6T 하이브리드,AWD,실버,US-GA,south,38500
2024-10,VF3VPFHXSU0011478,VST,2025,VST-PR,2.5 가솔린,FWD,샌드 베이지,US-GA,south,38500
2024-10,VF3VCABXSU0011479,VST,2025,VST-CO,1.6T 하이브리드,AWD,미드나잇 블랙,US-GA,south,35420
2024-10,VF3VCFDXSU0011480,VST,2025,VST-CO,1.6T 하이브리드,FWD,실버,US-GA,southeast,35420
2024-10,VF3VPFAXSU0011481,VST,2025,VST-PR,2.5 가솔린,FWD,스노우 화이트,US-GA,south,38500
2024-10,VF3VPFAXSU0011482,VST,2025,VST-PR,2.5 가솔린,FWD,스노우 화이트,US-GA,southeast,38500
2024-10,VF3VCFBXRU0011483,VST,2024,VST-CO,2.5 가솔린,FWD,미드나잇 블랙,US-GA,northeast,35420
2024-10,VF3VPAEXRU0011484,VST,2024,VST-PR,2.5 가솔린,AWD,오션 블루,US-GA,central,38500
2024-10,VF3VCAHXSU0011485,VST,2025,VST-CO,1.6T 하이브리드,AWD,샌드 베이지,US-GA,west,35420
2024-10,VF3VPAAXRU0011486,VST,2024,VST-PR,1.6T 하이브리드,AWD,스노우 화이트,US-GA,west,38500
2024-10,VF3VSFCXSU0011487,VST,2025,VST-TR,2.5 가솔린,FWD,스틸 그레이,US-GA,south,43890
2024-10,VF3VPFAXRU0011488,VST,2024,VST-PR,2.5 가솔린,FWD,스노우 화이트,US-GA,south,38500
2024-10,VF3VPAFXRU0011489,VST,2024,VST-PR,2.5 가솔린,AWD,선셋 레드,US-GA,southeast,38500
2024-10,VF3VCFDXSU0011490,VST,2025,VST-CO,1.6T 하이브리드,FWD,실버,US-GA,southeast,35420
2024-10,VF3VSACXSU0011491,VST,2025,VST-TR,2.5 가솔린,AWD,스틸 그레이,US-GA,central,43890
2024-10,VF3VCFGXSU0011492,VST,2025,VST-CO,2.5 가솔린,FWD,포레스트 그린,US-GA,south,35420
2024-10,VF3VSFBXRU0011493,VST,2024,VST-TR,2.5 가솔린,FWD,미드나잇 블랙,US-GA,southeast,43890
2024-10,VF3VPACXRU0011494,VST,2024,VST-PR,2.5 가솔린,AWD,스틸 그레이,US-GA,northeast,38500
2024-10,VF3VPAHXSU0011495,VST,2025,VST-PR,2.5 가솔린,AWD,샌드 베이지,US-GA,northeast,38500
2024-10,VF3VPABXSU0011496,VST,2025,VST-PR,2.5 가솔린,AWD,미드나잇 블랙,US-GA,southeast,38500
2024-10,VF3VCAFXSU0011497,VST,2025,VST-CO,2.5 가솔린,AWD,선셋 레드,US-GA,west,35420
2024-10,VF3VCFFXRU0011498,VST,2024,VST-CO,2.5 가솔린,FWD,선셋 레드,US-GA,west,35420
2024-10,VF3VPFCXSU0011499,VST,2025,VST-PR,1.6T 하이브리드,FWD,스틸 그레이,US-GA,central,38500
2024-10,VF3VPFAXSU0011500,VST,2025,VST-PR,2.5 가솔린,FWD,스노우 화이트,US-GA,central,38500
2024-10,VF3VPFBXSU0011501,VST,2025,VST-PR,1.6T 하이브리드,FWD,미드나잇 블랙,US-GA,northeast,38500
2024-10,VF3VPFDXRU0011502,VST,2024,VST-PR,2.5 가솔린,FWD,실버,US-GA,west,38500
2024-10,VF3VSFCXSU0011503,VST,2025,VST-TR,2.5 가솔린,FWD,스틸 그레이,US-GA,south,43890
2024-10,VF3VCFAXSU0011504,VST,2025,VST-CO,1.6T 하이브리드,FWD,스노우 화이트,US-GA,southeast,35420
2024-10,VF3VPACXSU0011505,VST,2025,VST-PR,1.6T 하이브리드,AWD,스틸 그레이,US-GA,northeast,38500
2024-10,VF3VSFDXRU0011506,VST,2024,VST-TR,2.5 가솔린,FWD,실버,US-GA,northeast,43890
2024-10,VF3VCACXRU0011507,VST,2024,VST-CO,2.5 가솔린,AWD,스틸 그레이,US-GA,west,35420
2024-10,VF3VCFCXRU0011508,VST,2024,VST-CO,2.5 가솔린,FWD,스틸 그레이,US-GA,west,35420
2024-10,VF3VSFAXRU0011509,VST,2024,VST-TR,2.5 가솔린,FWD,스노우 화이트,US-GA,southeast,43890
2024-10,VF3VCAAXRU0011510,VST,2024,VST-CO,1.6T 하이브리드,AWD,스노우 화이트,US-GA,south,35420
2024-10,VF3VSFDXSU0011511,VST,2025,VST-TR,2.5 가솔린,FWD,실버,US-GA,northeast,43890
2024-10,VF3VPFCXRU0011512,VST,2024,VST-PR,2.5 가솔린,FWD,스틸 그레이,US-GA,southeast,38500
2024-10,VF3VPACXSU0011513,VST,2025,VST-PR,1.6T 하이브리드,AWD,스틸 그레이,US-GA,central,38500
2024-10,VF3VSFAXSU0011514,VST,2025,VST-TR,1.6T 하이브리드,FWD,스노우 화이트,US-GA,northeast,43890
2024-10,VF3VCAAXSU0011515,VST,2025,VST-CO,1.6T 하이브리드,AWD,스노우 화이트,US-GA,central,35420
2024-10,VF3VCFDXSU0011516,VST,2025,VST-CO,1.6T 하이브리드,FWD,실버,US-GA,southeast,35420
2024-10,VF3VPFGXSU0011517,VST,2025,VST-PR,1.6T 하이브리드,FWD,포레스트 그린,US-GA,south,38500
2024-10,VF3VCABXSU0011518,VST,2025,VST-CO,1.6T 하이브리드,AWD,미드나잇 블랙,US-GA,central,35420
2024-10,VF3VPAAXRU0011519,VST,2024,VST-PR,2.5 가솔린,AWD,스노우 화이트,US-GA,central,38500
2024-10,VF3VCFAXRU0011520,VST,2024,VST-CO,2.5 가솔린,FWD,스노우 화이트,US-GA,northeast,35420
2024-10,VF3VPFBXSU0011521,VST,2025,VST-PR,2.5 가솔린,FWD,미드나잇 블랙,US-GA,northeast,38500
2024-10,VF3VCFDXSU0011522,VST,2025,VST-CO,2.5 가솔린,FWD,실버,US-GA,south,35420
2024-10,VF3VCFFXSU0011523,VST,2025,VST-CO,1.6T 하이브리드,FWD,선셋 레드,US-GA,west,35420
2024-10,VF3VCFAXRU0011524,VST,2024,VST-CO,1.6T 하이브리드,FWD,스노우 화이트,US-GA,south,35420
2024-10,VF3VCAAXSU0011525,VST,2025,VST-CO,1.6T 하이브리드,AWD,스노우 화이트,US-GA,central,35420
2024-10,VF3VCACXRU0011526,VST,2024,VST-CO,1.6T 하이브리드,AWD,스틸 그레이,US-GA,northeast,35420
2024-10,VF3VPAEXSU0011527,VST,2025,VST-PR,2.5 가솔린,AWD,오션 블루,US-GA,northeast,38500
2024-10,VF3VPABXSU0011528,VST,2025,VST-PR,1.6T 하이브리드,AWD,미드나잇 블랙,US-GA,south,38500
2024-10,VF3VSACXSU0011529,VST,2025,VST-TR,1.6T 하이브리드,AWD,스틸 그레이,US-GA,south,43890
2024-10,VF3VPFAXSU0011530,VST,2025,VST-PR,2.5 가솔린,FWD,스노우 화이트,US-GA,west,38500
2024-10,VF3VSAGXSU0011531,VST,2025,VST-TR,2.5 가솔린,AWD,포레스트 그린,US-GA,west,43890
2024-10,VF3VPAAXRU0011532,VST,2024,VST-PR,2.5 가솔린,AWD,스노우 화이트,US-GA,northeast,38500
2024-10,VF3VCAAXSU0011533,VST,2025,VST-CO,2.5 가솔린,AWD,스노우 화이트,US-GA,central,35420
2024-10,VF3VCAEXSU0011534,VST,2025,VST-CO,1.6T 하이브리드,AWD,오션 블루,US-GA,southeast,35420
2024-10,VF3VCFBXSU0011535,VST,2025,VST-CO,2.5 가솔린,FWD,미드나잇 블랙,US-GA,south,35420
2024-10,VF3VPFDXSU0011536,VST,2025,VST-PR,2.5 가솔린,FWD,실버,US-GA,southeast,38500
2024-10,VF3VPADXSU0011537,VST,2025,VST-PR,2.5 가솔린,AWD,실버,US-GA,south,38500
2024-10,VF3VSFCXSU0011538,VST,2025,VST-TR,2.5 가솔린,FWD,스틸 그레이,US-GA,west,43890
2024-10,VF3VSFFXSU0011539,VST,2025,VST-TR,2.5 가솔린,FWD,선셋 레드,US-GA,west,43890
2024-10,VF3VSFAXRU0011540,VST,2024,VST-TR,2.5 가솔린,FWD,스노우 화이트,US-GA,southeast,43890
2024-10,VF3VSFBXSU0011541,VST,2025,VST-TR,1.6T 하이브리드,FWD,미드나잇 블랙,US-GA,central,43890
2024-10,VF3VCADXSU0011542,VST,2025,VST-CO,2.5 가솔린,AWD,실버,US-GA,northeast,35420
2024-10,VF3VPFDXRU0011543,VST,2024,VST-PR,2.5 가솔린,FWD,실버,US-GA,south,38500
2024-10,VF3VCFEXSU0011544,VST,2025,VST-CO,2.5 가솔린,FWD,오션 블루,US-GA,south,35420
2024-10,VF3VCFAXRU0011545,VST,2024,VST-CO,2.5 가솔린,FWD,스노우 화이트,US-GA,northeast,35420
2024-10,VF3VCFBXSU0011546,VST,2025,VST-CO,1.6T 하이브리드,FWD,미드나잇 블랙,US-GA,west,35420
2024-10,VF3VPADXRU0011547,VST,2024,VST-PR,2.5 가솔린,AWD,실버,US-GA,west,38500
2024-10,VF3VPFAXSU0011548,VST,2025,VST-PR,2.5 가솔린,FWD,스노우 화이트,US-GA,southeast,38500
2024-10,VF3VPFBXSU0011549,VST,2025,VST-PR,2.5 가솔린,FWD,미드나잇 블랙,US-GA,south,38500
2024-10,VF3VCFEXRU0011550,VST,2024,VST-CO,2.5 가솔린,FWD,오션 블루,US-GA,south,35420
2024-10,VF3VCFCXSU0011551,VST,2025,VST-CO,1.6T 하이브리드,FWD,스틸 그레이,US-GA,south,35420
2024-10,VF3VCAHXSU0011552,VST,2025,VST-CO,1.6T 하이브리드,AWD,샌드 베이지,US-GA,south,35420
2024-10,VF3VSAAXSU0011553,VST,2025,VST-TR,1.6T 하이브리드,AWD,스노우 화이트,US-GA,west,43890
2024-10,VF3VPFDXSU0011554,VST,2025,VST-PR,2.5 가솔린,FWD,실버,US-GA,west,38500
2024-10,VF3VSAAXSU0011555,VST,2025,VST-TR,2.5 가솔린,AWD,스노우 화이트,US-GA,west,43890
2024-10,VF3VCFBXSU0011556,VST,2025,VST-CO,2.5 가솔린,FWD,미드나잇 블랙,US-GA,northeast,35420
2024-10,VF3VPABXSU0011557,VST,2025,VST-PR,2.5 가솔린,AWD,미드나잇 블랙,US-GA,southeast,38500
2024-10,VF3VSFHXSU0011558,VST,2025,VST-TR,1.6T 하이브리드,FWD,샌드 베이지,US-GA,south,43890
2024-10,VF3VPACXSU0011559,VST,2025,VST-PR,2.5 가솔린,AWD,스틸 그레이,US-GA,central,38500
2024-10,VF3VCFBXRU0011560,VST,2024,VST-CO,1.6T 하이브리드,FWD,미드나잇 블랙,US-GA,west,35420
2024-10,VF3VCAAXSU0011561,VST,2025,VST-CO,2.5 가솔린,AWD,스노우 화이트,US-GA,west,35420
2024-10,VF3VPFAXSU0011562,VST,2025,VST-PR,2.5 가솔린,FWD,스노우 화이트,US-GA,central,38500
2024-10,VF3VCACXSU0011563,VST,2025,VST-CO,1.6T 하이브리드,AWD,스틸 그레이,US-GA,northeast,35420
2024-10,VF3VPFFXSU0011564,VST,2025,VST-PR,2.5 가솔린,FWD,선셋 레드,US-GA,south,38500
2024-10,VF3VPAAXSU0011565,VST,2025,VST-PR,2.5 가솔린,AWD,스노우 화이트,US-GA,northeast,38500
2024-10,VF3VCAEXSU0011566,VST,2025,VST-CO,2.5 가솔린,AWD,오션 블루,US-GA,northeast,35420
2024-10,VF3VPAAXSU0011567,VST,2025,VST-PR,1.6T 하이브리드,AWD,스노우 화이트,US-GA,northeast,38500
2024-10,VF3VPACXSU0011568,VST,2025,VST-PR,1.6T 하이브리드,AWD,스틸 그레이,US-GA,southeast,38500
2024-10,VF3VCABXSU0011569,VST,2025,VST-CO,1.6T 하이브리드,AWD,미드나잇 블랙,US-GA,central,35420
2024-10,VF3VSAEXSU0011570,VST,2025,VST-TR,2.5 가솔린,AWD,오션 블루,US-GA,northeast,43890
2024-10,VF3VPFAXSU0011571,VST,2025,VST-PR,2.5 가솔린,FWD,스노우 화이트,US-GA,central,38500
2024-10,VF3VCFGXRU0011572,VST,2024,VST-CO,1.6T 하이브리드,FWD,포레스트 그린,US-GA,south,35420
2024-10,VF3VSFBXRU0011573,VST,2024,VST-TR,2.5 가솔린,FWD,미드나잇 블랙,US-GA,south,43890
2024-10,VF3VPFCXRU0011574,VST,2024,VST-PR,2.5 가솔린,FWD,스틸 그레이,US-GA,northeast,38500
2024-10,VF3VCFHXRU0011575,VST,2024,VST-CO,2.5 가솔린,FWD,샌드 베이지,US-GA,southeast,35420
2024-10,VF3VPAFXSU0011576,VST,2025,VST-PR,1.6T 하이브리드,AWD,선셋 레드,US-GA,southeast,38500
2024-10,VF3VPAAXRU0011577,VST,2024,VST-PR,2.5 가솔린,AWD,스노우 화이트,US-GA,central,38500
2024-10,VF3VPFCXRU0011578,VST,2024,VST-PR,1.6T 하이브리드,FWD,스틸 그레이,US-GA,northeast,38500
2024-10,VF3VCAAXSU0011579,VST,2025,VST-CO,2.5 가솔린,AWD,스노우 화이트,US-GA,northeast,35420
2024-10,VF3VCAGXSU0011580,VST,2025,VST-CO,2.5 가솔린,AWD,포레스트 그린,US-GA,central,35420
2024-10,VF3VPFAXSU0011581,VST,2025,VST-PR,1.6T 하이브리드,FWD,스노우 화이트,US-GA,northeast,38500
2024-10,VF3VCFEXSU0011582,VST,2025,VST-CO,2.5 가솔린,FWD,오션 블루,US-GA,central,35420
2024-10,VF3VCAAXSU0011583,VST,2025,VST-CO,1.6T 하이브리드,AWD,스노우 화이트,US-GA,northeast,35420
2024-10,VF3VPFCXSU0011584,VST,2025,VST-PR,1.6T 하이브리드,FWD,스틸 그레이,US-GA,northeast,38500
2024-10,VF4APFCXSU0011585,AUR,2025,AUR-RA,롱레인지,FWD,스틸 그레이,US-SV,central,58900
2024-10,VF4APACXRU0011586,AUR,2024,AUR-RA,롱레인지,AWD,스틸 그레이,US-SV,south,58900
2024-10,VF4APFEXSU0011587,AUR,2025,AUR-RA,스탠다드 레인지,FWD,오션 블루,US-SV,central,58900
2024-10,VF4ACFAXSU0011588,AUR,2025,AUR-AI,스탠다드 레인지,FWD,스노우 화이트,US-SV,west,54188
2024-10,VF4APABXRU0011589,AUR,2024,AUR-RA,스탠다드 레인지,AWD,미드나잇 블랙,US-SV,northeast,58900
2024-10,VF4APFCXSU0011590,AUR,2025,AUR-RA,스탠다드 레인지,FWD,스틸 그레이,US-SV,west,58900
2024-10,VF4ASFEXSU0011591,AUR,2025,AUR-MA,롱레인지,FWD,오션 블루,US-SV,west,67146
2024-10,VF4APFBXSU0011592,AUR,2025,AUR-RA,롱레인지,FWD,미드나잇 블랙,US-SV,northeast,58900
2024-10,VF4ACFAXSU0011593,AUR,2025,AUR-AI,롱레인지,FWD,스노우 화이트,US-SV,west,54188
2024-10,VF4ACFCXSU0011594,AUR,2025,AUR-AI,스탠다드 레인지,FWD,스틸 그레이,US-SV,central,54188
2024-10,VF4APAAXSU0011595,AUR,2025,AUR-RA,롱레인지,AWD,스노우 화이트,US-SV,southeast,58900
2024-10,VF4ASFGXRU0011596,AUR,2024,AUR-MA,스탠다드 레인지,FWD,포레스트 그린,US-SV,west,67146
2024-10,VF4ASFGXSU0011597,AUR,2025,AUR-MA,롱레인지,FWD,포레스트 그린,US-SV,west,67146
2024-10,VF4APAFXSU0011598,AUR,2025,AUR-RA,스탠다드 레인지,AWD,선셋 레드,US-SV,west,58900
2024-10,VF4APAEXSU0011599,AUR,2025,AUR-RA,롱레인지,AWD,오션 블루,US-SV,southeast,58900
2024-10,VF4APACXSU0011600,AUR,2025,AUR-RA,롱레인지,AWD,스틸 그레이,US-SV,northeast,58900
2024-10,VF4APACXRU0011601,AUR,2024,AUR-RA,스탠다드 레인지,AWD,스틸 그레이,US-SV,southeast,58900
2024-10,VF4APFEXRU0011602,AUR,2024,AUR-RA,스탠다드 레인지,FWD,오션 블루,US-SV,southeast,58900
2024-10,VF4APABXRU0011603,AUR,2024,AUR-RA,롱레인지,AWD,미드나잇 블랙,US-SV,northeast,58900
2024-10,VF4APFGXSU0011604,AUR,2025,AUR-RA,스탠다드 레인지,FWD,포레스트 그린,US-SV,central,58900
2024-10,VF4ACFAXSU0011605,AUR,2025,AUR-AI,롱레인지,FWD,스노우 화이트,US-SV,west,54188
2024-10,VF4ASFDXRU0011606,AUR,2024,AUR-MA,스탠다드 레인지,FWD,실버,US-SV,central,67146
2024-10,VF4APFAXRU0011607,AUR,2024,AUR-RA,롱레인지,FWD,스노우 화이트,US-SV,south,58900
2024-10,VF4ACACXRU0011608,AUR,2024,AUR-AI,롱레인지,AWD,스틸 그레이,US-SV,west,54188
2024-10,VF4APADXSU0011609,AUR,2025,AUR-RA,롱레인지,AWD,실버,US-SV,south,58900
2024-10,VF4ACFEXSU0011610,AUR,2025,AUR-AI,롱레인지,FWD,오션 블루,US-SV,northeast,54188
2024-10,VF4ACFBXSU0011611,AUR,2025,AUR-AI,스탠다드 레인지,FWD,미드나잇 블랙,US-SV,central,54188
2024-10,VF4APFEXSU0011612,AUR,2025,AUR-RA,롱레인지,FWD,오션 블루,US-SV,west,58900
2024-10,VF4APAFXSU0011613,AUR,2025,AUR-RA,스탠다드 레인지,AWD,선셋 레드,US-SV,southeast,58900
2024-10,VF4ACFBXRU0011614,AUR,2024,AUR-AI,롱레인지,FWD,미드나잇 블랙,US-SV,central,54188
2024-10,VF4APAHXSU0011615,AUR,2025,AUR-RA,스탠다드 레인지,AWD,샌드 베이지,US-SV,northeast,58900
2024-10,VF4ACFBXSU0011616,AUR,2025,AUR-AI,롱레인지,FWD,미드나잇 블랙,US-SV,northeast,54188
2024-10,VF4ASACXSU0011617,AUR,2025,AUR-MA,롱레인지,AWD,스틸 그레이,US-SV,southeast,67146
2024-10,VF4ASAFXSU0011618,AUR,2025,AUR-MA,롱레인지,AWD,선셋 레드,US-SV,central,67146
2024-10,VF4ASFBXSU0011619,AUR,2025,AUR-MA,롱레인지,FWD,미드나잇 블랙,US-SV,northeast,67146
2024-10,VF4ACFCXRU0011620,AUR,2024,AUR-AI,롱레인지,FWD,스틸 그레이,US-SV,southeast,54188
2024-10,VF4APAEXSU0011621,AUR,2025,AUR-RA,롱레인지,AWD,오션 블루,US-SV,south,58900
2024-10,VF4APFCXSU0011622,AUR,2025,AUR-RA,스탠다드 레인지,FWD,스틸 그레이,US-SV,south,58900
2024-10,VF4APFCXRU0011623,AUR,2024,AUR-RA,롱레인지,FWD,스틸 그레이,US-SV,south,58900
2024-10,VF4APAAXRU0011624,AUR,2024,AUR-RA,롱레인지,AWD,스노우 화이트,US-SV,southeast,58900
2024-10,VF4ASAAXRU0011625,AUR,2024,AUR-MA,롱레인지,AWD,스노우 화이트,US-SV,west,67146
2024-10,VF4ACFCXRU0011626,AUR,2024,AUR-AI,롱레인지,FWD,스틸 그레이,US-SV,west,54188
2024-10,VF4ACABXSU0011627,AUR,2025,AUR-AI,롱레인지,AWD,미드나잇 블랙,US-SV,west,54188
2024-10,VF4APABXRU0011628,AUR,2024,AUR-RA,롱레인지,AWD,미드나잇 블랙,US-SV,west,58900
2024-10,VF4ASACXSU0011629,AUR,2025,AUR-MA,롱레인지,AWD,스틸 그레이,US-SV,west,67146
2024-10,VF4APAAXSU0011630,AUR,2025,AUR-RA,스탠다드 레인지,AWD,스노우 화이트,US-SV,northeast,58900
2024-10,VF4ASAEXSU0011631,AUR,2025,AUR-MA,롱레인지,AWD,오션 블루,US-SV,southeast,67146
2024-10,VF4ASADXSU0011632,AUR,2025,AUR-MA,롱레인지,AWD,실버,US-SV,west,67146
2024-10,VF4ACAFXRU0011633,AUR,2024,AUR-AI,롱레인지,AWD,선셋 레드,US-SV,central,54188
2024-10,VF4APACXSU0011634,AUR,2025,AUR-RA,롱레인지,AWD,스틸 그레이,US-SV,central,58900
2024-10,VF4APAFXSU0011635,AUR,2025,AUR-RA,스탠다드 레인지,AWD,선셋 레드,US-SV,west,58900
2024-10,VF4APABXSU0011636,AUR,2025,AUR-RA,롱레인지,AWD,미드나잇 블랙,US-SV,west,58900
2024-10,VF4ACAFXRU0011637,AUR,2024,AUR-AI,스탠다드 레인지,AWD,선셋 레드,US-SV,southeast,54188
2024-10,VF4APFDXRU0011638,AUR,2024,AUR-RA,롱레인지,FWD,실버,US-SV,west,58900
2024-10,VF4ACAAXRU0011639,AUR,2024,AUR-AI,스탠다드 레인지,AWD,스노우 화이트,US-SV,south,54188
2024-10,VF4APACXRU0011640,AUR,2024,AUR-RA,롱레인지,AWD,스틸 그레이,US-SV,southeast,58900
2024-10,VF4ASFDXSU0011641,AUR,2025,AUR-MA,롱레인지,FWD,실버,US-SV,south,67146
2024-10,VF4APAEXRU0011642,AUR,2024,AUR-RA,롱레인지,AWD,오션 블루,US-SV,southeast,58900
2024-10,VF4ACABXSU0011643,AUR,2025,AUR-AI,롱레인지,AWD,미드나잇 블랙,US-SV,south,54188
2024-10,VF4ACAFXRU0011644,AUR,2024,AUR-AI,롱레인지,AWD,선셋 레드,US-SV,south,54188
2024-10,VF4APFCXRU0011645,AUR,2024,AUR-RA,롱레인지,FWD,스틸 그레이,US-SV,southeast,58900
2024-10,VF4ACAAXSU0011646,AUR,2025,AUR-AI,롱레인지,AWD,스노우 화이트,US-SV,southeast,54188
2024-10,VF4APAEXRU0011647,AUR,2024,AUR-RA,롱레인지,AWD,오션 블루,US-SV,central,58900
2024-10,VF4ACFFXSU0011648,AUR,2025,AUR-AI,롱레인지,FWD,선셋 레드,US-SV,south,54188
2024-10,VF4APFBXRU0011649,AUR,2024,AUR-RA,롱레인지,FWD,미드나잇 블랙,US-SV,southeast,58900
2024-10,VF4APAFXRU0011650,AUR,2024,AUR-RA,롱레인지,AWD,선셋 레드,US-SV,south,58900
2024-10,VF4ACAEXSU0011651,AUR,2025,AUR-AI,롱레인지,AWD,오션 블루,US-SV,southeast,54188
2024-10,VF4APACXSU0011652,AUR,2025,AUR-RA,스탠다드 레인지,AWD,스틸 그레이,US-SV,west,58900
2024-10,VF4ASAFXSU0011653,AUR,2025,AUR-MA,스탠다드 레인지,AWD,선셋 레드,US-SV,southeast,67146
2024-10,VF4APABXSU0011654,AUR,2025,AUR-RA,롱레인지,AWD,미드나잇 블랙,US-SV,northeast,58900
2024-10,VF4APFDXSU0011655,AUR,2025,AUR-RA,롱레인지,FWD,실버,US-SV,west,58900
2024-10,VF4APFAXRU0011656,AUR,2024,AUR-RA,롱레인지,FWD,스노우 화이트,US-SV,south,58900
2024-10,VF4ACABXSU0011657,AUR,2025,AUR-AI,롱레인지,AWD,미드나잇 블랙,US-SV,northeast,54188
2024-10,VF4ACAAXSU0011658,AUR,2025,AUR-AI,롱레인지,AWD,스노우 화이트,US-SV,west,54188
2024-10,VF4APABXSU0011659,AUR,2025,AUR-RA,스탠다드 레인지,AWD,미드나잇 블랙,US-SV,central,58900
2024-10,VF4ACAEXRU0011660,AUR,2024,AUR-AI,롱레인지,AWD,오션 블루,US-SV,southeast,54188
2024-10,VF4APFCXRU0011661,AUR,2024,AUR-RA,롱레인지,FWD,스틸 그레이,US-SV,west,58900
2024-10,VF4ACFDXRU0011662,AUR,2024,AUR-AI,롱레인지,FWD,실버,US-SV,west,54188
2024-10,VF4APFAXSU0011663,AUR,2025,AUR-RA,롱레인지,FWD,스노우 화이트,US-SV,south,58900
2024-10,VF4ACFGXSU0011664,AUR,2025,AUR-AI,롱레인지,FWD,포레스트 그린,US-SV,west,54188
2024-10,VF4ACFAXRU0011665,AUR,2024,AUR-AI,롱레인지,FWD,스노우 화이트,US-SV,west,54188
2024-10,VF4APAAXSU0011666,AUR,2025,AUR-RA,롱레인지,AWD,스노우 화이트,US-SV,west,58900
2024-10,VF4ACFBXSU0011667,AUR,2025,AUR-AI,롱레인지,FWD,미드나잇 블랙,US-SV,southeast,54188
2024-10,VF4APAAXSU0011668,AUR,2025,AUR-RA,스탠다드 레인지,AWD,스노우 화이트,US-SV,northeast,58900
2024-10,VF4ACFBXSU0011669,AUR,2025,AUR-AI,롱레인지,FWD,미드나잇 블랙,US-SV,west,54188
2024-10,VF4APFCXSU0011670,AUR,2025,AUR-RA,롱레인지,FWD,스틸 그레이,US-SV,west,58900
2024-10,VF4APABXSU0011671,AUR,2025,AUR-RA,스탠다드 레인지,AWD,미드나잇 블랙,US-SV,south,58900
2024-10,VF4APAFXRU0011672,AUR,2024,AUR-RA,롱레인지,AWD,선셋 레드,US-SV,west,58900
2024-10,VF4APFAXRU0011673,AUR,2024,AUR-RA,롱레인지,FWD,스노우 화이트,US-SV,southeast,58900
2024-10,VF4APABXSU0011674,AUR,2025,AUR-RA,롱레인지,AWD,미드나잇 블랙,US-SV,central,58900
2024-10,VF4ACFAXRU0011675,AUR,2024,AUR-AI,롱레인지,FWD,스노우 화이트,US-SV,southeast,54188
2024-10,VF4APAAXRU0011676,AUR,2024,AUR-RA,롱레인지,AWD,스노우 화이트,US-SV,central,58900
2024-10,VF4ASACXRU0011677,AUR,2024,AUR-MA,롱레인지,AWD,스틸 그레이,US-SV,southeast,67146
2024-10,VF4ACFHXRU0011678,AUR,2024,AUR-AI,롱레인지,FWD,샌드 베이지,US-SV,southeast,54188
2024-10,VF5MCFBXRM0012830,MRD,2024,MRD-CO,1.6T 하이브리드,FWD,미드나잇 블랙,MX-MT,northeast,28704
2024-10,VF5MCFEXSM0012831,MRD,2025,MRD-CO,2.0 가솔린,FWD,오션 블루,MX-MT,west,28704
2024-10,VF5MSFBXSM0012832,MRD,2025,MRD-SP,2.0 가솔린,FWD,미드나잇 블랙,MX-MT,central,35568
2024-10,VF5MSACXSM0012833,MRD,2025,MRD-SP,1.6T 하이브리드,AWD,스틸 그레이,MX-MT,south,35568
2024-10,VF5MCFBXSM0012834,MRD,2025,MRD-CO,2.0 가솔린,FWD,미드나잇 블랙,MX-MT,west,28704
2024-10,VF5MCFBXSM0012835,MRD,2025,MRD-CO,1.6T 하이브리드,FWD,미드나잇 블랙,MX-MT,south,28704
2024-10,VF5MCFBXSM0012836,MRD,2025,MRD-CO,2.0 가솔린,FWD,미드나잇 블랙,MX-MT,west,28704
2024-10,VF5MCFBXSM0012837,MRD,2025,MRD-CO,2.0 가솔린,FWD,미드나잇 블랙,MX-MT,south,28704
2024-10,VF5MCAAXSM0012838,MRD,2025,MRD-CO,2.0 가솔린,AWD,스노우 화이트,MX-MT,central,28704
2024-10,VF5MCFAXSM0012839,MRD,2025,MRD-CO,2.0 가솔린,FWD,스노우 화이트,MX-MT,northeast,28704
2024-10,VF5MSFHXSM0012840,MRD,2025,MRD-SP,2.0 가솔린,FWD,샌드 베이지,MX-MT,south,35568
2024-10,VF5MPFBXSM0012841,MRD,2025,MRD-PR,2.0 가솔린,FWD,미드나잇 블랙,MX-MT,south,31200
2024-10,VF5MPFBXSM0012842,MRD,2025,MRD-PR,2.0 가솔린,FWD,미드나잇 블랙,MX-MT,west,31200
2024-10,VF5MPFEXRM0012843,MRD,2024,MRD-PR,1.6T 하이브리드,FWD,오션 블루,MX-MT,south,31200
2024-10,VF5MCFGXSM0012844,MRD,2025,MRD-CO,2.0 가솔린,FWD,포레스트 그린,MX-MT,central,28704
2024-10,VF5MPFDXSM0012845,MRD,2025,MRD-PR,2.0 가솔린,FWD,실버,MX-MT,southeast,31200
2024-10,VF5MPFCXRM0012846,MRD,2024,MRD-PR,1.6T 하이브리드,FWD,스틸 그레이,MX-MT,south,31200
2024-10,VF5MCFDXSM0012847,MRD,2025,MRD-CO,2.0 가솔린,FWD,실버,MX-MT,southeast,28704
2024-10,VF5MCFDXSM0012848,MRD,2025,MRD-CO,2.0 가솔린,FWD,실버,MX-MT,southeast,28704
2024-10,VF5MPFEXSM0012849,MRD,2025,MRD-PR,1.6T 하이브리드,FWD,오션 블루,MX-MT,west,31200
2024-10,VF5MPFEXSM0012850,MRD,2025,MRD-PR,1.6T 하이브리드,FWD,오션 블루,MX-MT,southeast,31200
2024-10,VF5MSACXSM0012851,MRD,2025,MRD-SP,2.0 가솔린,AWD,스틸 그레이,MX-MT,west,35568
2024-10,VF5MPFCXSM0012852,MRD,2025,MRD-PR,2.0 가솔린,FWD,스틸 그레이,MX-MT,west,31200
2024-10,VF5MPFFXRM0012853,MRD,2024,MRD-PR,2.0 가솔린,FWD,선셋 레드,MX-MT,central,31200
2024-10,VF5MPFCXSM0012854,MRD,2025,MRD-PR,2.0 가솔린,FWD,스틸 그레이,MX-MT,central,31200
2024-10,VF5MCFDXSM0012855,MRD,2025,MRD-CO,2.0 가솔린,FWD,실버,MX-MT,central,28704
2024-10,VF5MCFDXSM0012856,MRD,2025,MRD-CO,2.0 가솔린,FWD,실버,MX-MT,west,28704
2024-10,VF5MCAFXSM0012857,MRD,2025,MRD-CO,1.6T 하이브리드,AWD,선셋 레드,MX-MT,southeast,28704
2024-10,VF5MSAEXSM0012858,MRD,2025,MRD-SP,2.0 가솔린,AWD,오션 블루,MX-MT,west,35568
2024-10,VF5MSFFXSM0012859,MRD,2025,MRD-SP,2.0 가솔린,FWD,선셋 레드,MX-MT,south,35568
2024-10,VF5MPFBXSM0012860,MRD,2025,MRD-PR,2.0 가솔린,FWD,미드나잇 블랙,MX-MT,central,31200
2024-10,VF5MPFHXSM0012861,MRD,2025,MRD-PR,1.6T 하이브리드,FWD,샌드 베이지,MX-MT,west,31200
2024-10,VF5MCFEXSM0012862,MRD,2025,MRD-CO,1.6T 하이브리드,FWD,오션 블루,MX-MT,central,28704
2024-10,VF5MCABXSM0012863,MRD,2025,MRD-CO,1.6T 하이브리드,AWD,미드나잇 블랙,MX-MT,south,28704
2024-10,VF5MPFEXSM0012864,MRD,2025,MRD-PR,1.6T 하이브리드,FWD,오션 블루,MX-MT,west,31200
2024-10,VF5MPFCXSM0012865,MRD,2025,MRD-PR,2.0 가솔린,FWD,스틸 그레이,MX-MT,northeast,31200
2024-10,VF5MCFDXSM0012866,MRD,2025,MRD-CO,1.6T 하이브리드,FWD,실버,MX-MT,northeast,28704
2024-10,VF5MPFCXSM0012867,MRD,2025,MRD-PR,1.6T 하이브리드,FWD,스틸 그레이,MX-MT,west,31200
2024-10,VF5MPFCXSM0012868,MRD,2025,MRD-PR,2.0 가솔린,FWD,스틸 그레이,MX-MT,south,31200
2024-10,VF5MCFCXRM0012869,MRD,2024,MRD-CO,2.0 가솔린,FWD,스틸 그레이,MX-MT,south,28704
2024-10,VF5MSFEXSM0012870,MRD,2025,MRD-SP,1.6T 하이브리드,FWD,오션 블루,MX-MT,central,35568
2024-10,VF5MCFBXSM0012871,MRD,2025,MRD-CO,2.0 가솔린,FWD,미드나잇 블랙,MX-MT,northeast,28704
2024-10,VF5MPAEXSM0012872,MRD,2025,MRD-PR,1.6T 하이브리드,AWD,오션 블루,MX-MT,west,31200
2024-10,VF5MSFAXSM0012873,MRD,2025,MRD-SP,1.6T 하이브리드,FWD,스노우 화이트,MX-MT,south,35568
2024-10,VF5MCFFXSM0012874,MRD,2025,MRD-CO,1.6T 하이브리드,FWD,선셋 레드,MX-MT,northeast,28704
2024-10,VF5MPFEXSM0012875,MRD,2025,MRD-PR,1.6T 하이브리드,FWD,오션 블루,MX-MT,west,31200
2024-10,VF5MPFBXRM0012876,MRD,2024,MRD-PR,2.0 가솔린,FWD,미드나잇 블랙,MX-MT,southeast,31200
2024-10,VF5MSAAXSM0012877,MRD,2025,MRD-SP,1.6T 하이브리드,AWD,스노우 화이트,MX-MT,southeast,35568
2024-10,VF5MPFCXSM0012878,MRD,2025,MRD-PR,1.6T 하이브리드,FWD,스틸 그레이,MX-MT,west,31200
2024-10,VF5MSFAXRM0012879,MRD,2024,MRD-SP,1.6T 하이브리드,FWD,스노우 화이트,MX-MT,south,35568
2024-10,VF5MCAAXSM0012880,MRD,2025,MRD-CO,2.0 가솔린,AWD,스노우 화이트,MX-MT,northeast,28704
2024-10,VF5MCFBXSM0012881,MRD,2025,MRD-CO,2.0 가솔린,FWD,미드나잇 블랙,MX-MT,west,28704
2024-10,VF5MSFAXRM0012882,MRD,2024,MRD-SP,2.0 가솔린,FWD,스노우 화이트,MX-MT,west,35568
2024-10,VF5MCAFXRM0012883,MRD,2024,MRD-CO,2.0 가솔린,AWD,선셋 레드,MX-MT,southeast,28704
2024-10,VF5MPFAXSM0012884,MRD,2025,MRD-PR,1.6T 하이브리드,FWD,스노우 화이트,MX-MT,southeast,31200
2024-10,VF5MPFCXSM0012885,MRD,2025,MRD-PR,2.0 가솔린,FWD,스틸 그레이,MX-MT,west,31200
2024-10,VF5MCFAXSM0012886,MRD,2025,MRD-CO,2.0 가솔린,FWD,스노우 화이트,MX-MT,northeast,28704
2024-10,VF5MCACXSM0012887,MRD,2025,MRD-CO,1.6T 하이브리드,AWD,스틸 그레이,MX-MT,northeast,28704
2024-10,VF5MPFDXSM0012888,MRD,2025,MRD-PR,1.6T 하이브리드,FWD,실버,MX-MT,central,31200
2024-10,VF5MPFFXSM0012889,MRD,2025,MRD-PR,2.0 가솔린,FWD,선셋 레드,MX-MT,central,31200
2024-10,VF5MPFAXSM0012890,MRD,2025,MRD-PR,2.0 가솔린,FWD,스노우 화이트,MX-MT,west,31200
2024-10,VF5MSFDXSM0012891,MRD,2025,MRD-SP,1.6T 하이브리드,FWD,실버,MX-MT,central,35568
2024-10,VF5MCFEXSM0012892,MRD,2025,MRD-CO,2.0 가솔린,FWD,오션 블루,MX-MT,northeast,28704
2024-10,VF5MPFFXSM0012893,MRD,2025,MRD-PR,2.0 가솔린,FWD,선셋 레드,MX-MT,south,31200
2024-10,VF5MCFEXSM0012894,MRD,2025,MRD-CO,1.6T 하이브리드,FWD,오션 블루,MX-MT,southeast,28704
2024-10,VF5MCFCXSM0012895,MRD,2025,MRD-CO,2.0 가솔린,FWD,스틸 그레이,MX-MT,south,28704
2024-10,VF5MCFFXSM0012896,MRD,2025,MRD-CO,2.0 가솔린,FWD,선셋 레드,MX-MT,west,28704
2024-10,VF5MPAAXSM0012897,MRD,2025,MRD-PR,2.0 가솔린,AWD,스노우 화이트,MX-MT,south,31200
2024-10,VF5MCFBXSM0012898,MRD,2025,MRD-CO,2.0 가솔린,FWD,미드나잇 블랙,MX-MT,south,28704
2024-10,VF5MCFDXSM0012899,MRD,2025,MRD-CO,2.0 가솔린,FWD,실버,MX-MT,west,28704
2024-10,VF5MPFEXSM0012900,MRD,2025,MRD-PR,2.0 가솔린,FWD,오션 블루,MX-MT,northeast,31200
2024-10,VF5MSFGXSM0012901,MRD,2025,MRD-SP,2.0 가솔린,FWD,포레스트 그린,MX-MT,southeast,35568
2024-10,VF5MPAAXSM0012902,MRD,2025,MRD-PR,1.6T 하이브리드,AWD,스노우 화이트,MX-MT,southeast,31200
2024-10,VF5MCFBXSM0012903,MRD,2025,MRD-CO,2.0 가솔린,FWD,미드나잇 블랙,MX-MT,south,28704
2024-10,VF5MSFBXSM0012904,MRD,2025,MRD-SP,2.0 가솔린,FWD,미드나잇 블랙,MX-MT,west,35568
2024-10,VF5MPAAXSM0012905,MRD,2025,MRD-PR,1.6T 하이브리드,AWD,스노우 화이트,MX-MT,northeast,31200
2024-10,VF5MCFEXRM0012906,MRD,2024,MRD-CO,2.0 가솔린,FWD,오션 블루,MX-MT,south,28704
2024-10,VF5MPABXSM0012907,MRD,2025,MRD-PR,2.0 가솔린,AWD,미드나잇 블랙,MX-MT,central,31200
2024-10,VF5MPABXSM0012908,MRD,2025,MRD-PR,2.0 가솔린,AWD,미드나잇 블랙,MX-MT,south,31200
2024-10,VF5MPFAXSM0012909,MRD,2025,MRD-PR,1.6T 하이브리드,FWD,스노우 화이트,MX-MT,central,31200
2024-10,VF5MPAEXSM0012910,MRD,2025,MRD-PR,1.6T 하이브리드,AWD,오션 블루,MX-MT,northeast,31200
2024-10,VF5MCFBXSM0012911,MRD,2025,MRD-CO,1.6T 하이브리드,FWD,미드나잇 블랙,MX-MT,west,28704
2024-10,VF5MPAAXSM0012912,MRD,2025,MRD-PR,2.0 가솔린,AWD,스노우 화이트,MX-MT,west,31200
2024-10,VF5MPFAXRM0012913,MRD,2024,MRD-PR,2.0 가솔린,FWD,스노우 화이트,MX-MT,west,31200
2024-10,VF5MCAEXSM0012914,MRD,2025,MRD-CO,1.6T 하이브리드,AWD,오션 블루,MX-MT,southeast,28704
2024-10,VF5MPAHXSM0012915,MRD,2025,MRD-PR,1.6T 하이브리드,AWD,샌드 베이지,MX-MT,south,31200
2024-10,VF5MCADXSM0012916,MRD,2025,MRD-CO,2.0 가솔린,AWD,실버,MX-MT,west,28704
2024-10,VF5MPFAXSM0012917,MRD,2025,MRD-PR,2.0 가솔린,FWD,스노우 화이트,MX-MT,south,31200
2024-10,VF5MPFCXSM0012918,MRD,2025,MRD-PR,2.0 가솔린,FWD,스틸 그레이,MX-MT,south,31200
2024-10,VF5MCFCXSM0012919,MRD,2025,MRD-CO,2.0 가솔린,FWD,스틸 그레이,MX-MT,northeast,28704
2024-10,VF5MPFAXSM0012920,MRD,2025,MRD-PR,1.6T 하이브리드,FWD,스노우 화이트,MX-MT,northeast,31200
2024-10,VF5MSFAXSM0012921,MRD,2025,MRD-SP,1.6T 하이브리드,FWD,스노우 화이트,MX-MT,southeast,35568
2024-10,VF5MPFAXSM0012922,MRD,2025,MRD-PR,1.6T 하이브리드,FWD,스노우 화이트,MX-MT,central,31200
2024-10,VF5MSFAXSM0012923,MRD,2025,MRD-SP,2.0 가솔린,FWD,스노우 화이트,MX-MT,south,35568
2024-10,VF5MPFFXSM0012924,MRD,2025,MRD-PR,2.0 가솔린,FWD,선셋 레드,MX-MT,west,31200
2024-10,VF5MCFEXRM0012925,MRD,2024,MRD-CO,1.6T 하이브리드,FWD,오션 블루,MX-MT,northeast,28704
2024-10,VF5MPFFXSM0012926,MRD,2025,MRD-PR,1.6T 하이브리드,FWD,선셋 레드,MX-MT,west,31200
2024-10,VF5MCFCXSM0012927,MRD,2025,MRD-CO,2.0 가솔린,FWD,스틸 그레이,MX-MT,southeast,28704
2024-10,VF5MCFBXSM0012928,MRD,2025,MRD-CO,1.6T 하이브리드,FWD,미드나잇 블랙,MX-MT,south,28704
2024-10,VF5MCFCXSM0012929,MRD,2025,MRD-CO,2.0 가솔린,FWD,스틸 그레이,MX-MT,southeast,28704
2024-10,VF5MCADXRM0012930,MRD,2024,MRD-CO,2.0 가솔린,AWD,실버,MX-MT,southeast,28704
2024-10,VF5MCFCXSM0012931,MRD,2025,MRD-CO,2.0 가솔린,FWD,스틸 그레이,MX-MT,central,28704
2024-10,VF5MPFBXSM0012932,MRD,2025,MRD-PR,2.0 가솔린,FWD,미드나잇 블랙,MX-MT,west,31200
2024-10,VF5MSFHXSM0012933,MRD,2025,MRD-SP,2.0 가솔린,FWD,샌드 베이지,MX-MT,northeast,35568
2024-10,VF5MSFBXSM0012934,MRD,2025,MRD-SP,1.6T 하이브리드,FWD,미드나잇 블랙,MX-MT,south,35568
2024-10,VF5MPFFXSM0012935,MRD,2025,MRD-PR,2.0 가솔린,FWD,선셋 레드,MX-MT,central,31200
2024-10,VF5MPFEXSM0012936,MRD,2025,MRD-PR,2.0 가솔린,FWD,오션 블루,MX-MT,west,31200
2024-10,VF5MCFDXSM0012937,MRD,2025,MRD-CO,1.6T 하이브리드,FWD,실버,MX-MT,central,28704
2024-10,VF5MCFDXSM0012938,MRD,2025,MRD-CO,1.6T 하이브리드,FWD,실버,MX-MT,northeast,28704
2024-10,VF5MCFCXSM0012939,MRD,2025,MRD-CO,1.6T 하이브리드,FWD,스틸 그레이,MX-MT,west,28704
2024-10,VF5MCFCXSM0012940,MRD,2025,MRD-CO,2.0 가솔린,FWD,스틸 그레이,MX-MT,south,28704
2024-10,VF5MCFEXRM0012941,MRD,2024,MRD-CO,2.0 가솔린,FWD,오션 블루,MX-MT,northeast,28704
2024-10,VF5MPFHXSM0012942,MRD,2025,MRD-PR,1.6T 하이브리드,FWD,샌드 베이지,MX-MT,south,31200
2024-10,VF5MPFBXSM0012943,MRD,2025,MRD-PR,1.6T 하이브리드,FWD,미드나잇 블랙,MX-MT,central,31200
2024-10,VF5MPFAXSM0012944,MRD,2025,MRD-PR,1.6T 하이브리드,FWD,스노우 화이트,MX-MT,southeast,31200
2024-10,VF5MCFCXSM0012945,MRD,2025,MRD-CO,2.0 가솔린,FWD,스틸 그레이,MX-MT,west,28704
2024-10,VF5MPAFXSM0012946,MRD,2025,MRD-PR,2.0 가솔린,AWD,선셋 레드,MX-MT,southeast,31200
2024-10,VF5MPFAXSM0012947,MRD,2025,MRD-PR,1.6T 하이브리드,FWD,스노우 화이트,MX-MT,southeast,31200
2024-10,VF5MPABXSM0012948,MRD,2025,MRD-PR,2.0 가솔린,AWD,미드나잇 블랙,MX-MT,west,31200
2024-10,VF5MCFAXSM0012949,MRD,2025,MRD-CO,2.0 가솔린,FWD,스노우 화이트,MX-MT,northeast,28704
2024-10,VF5MPFBXSM0012950,MRD,2025,MRD-PR,2.0 가솔린,FWD,미드나잇 블랙,MX-MT,central,31200
2024-10,VF5MCFAXSM0012951,MRD,2025,MRD-CO,1.6T 하이브리드,FWD,스노우 화이트,MX-MT,west,28704
2024-10,VF5MPFAXSM0012952,MRD,2025,MRD-PR,2.0 가솔린,FWD,스노우 화이트,MX-MT,southeast,31200
2024-10,VF5MCFEXRM0012953,MRD,2024,MRD-CO,1.6T 하이브리드,FWD,오션 블루,MX-MT,south,28704
2024-10,VF5MCFDXSM0012954,MRD,2025,MRD-CO,2.0 가솔린,FWD,실버,MX-MT,west,28704
2024-10,VF5MPFAXSM0012955,MRD,2025,MRD-PR,2.0 가솔린,FWD,스노우 화이트,MX-MT,south,31200
2024-10,VF5MPFCXSM0012956,MRD,2025,MRD-PR,1.6T 하이브리드,FWD,스틸 그레이,MX-MT,central,31200
2024-10,VF5MCFBXSM0012957,MRD,2025,MRD-CO,1.6T 하이브리드,FWD,미드나잇 블랙,MX-MT,southeast,28704
2024-10,VF5MSFAXSM0012958,MRD,2025,MRD-SP,2.0 가솔린,FWD,스노우 화이트,MX-MT,southeast,35568
2024-10,VF5MPFCXSM0012959,MRD,2025,MRD-PR,2.0 가솔린,FWD,스틸 그레이,MX-MT,southeast,31200
2024-10,VF5MPFAXSM0012960,MRD,2025,MRD-PR,1.6T 하이브리드,FWD,스노우 화이트,MX-MT,northeast,31200
2024-10,VF5MPFCXSM0012961,MRD,2025,MRD-PR,2.0 가솔린,FWD,스틸 그레이,MX-MT,central,31200
2024-10,VF5MPFAXSM0012962,MRD,2025,MRD-PR,2.0 가솔린,FWD,스노우 화이트,MX-MT,northeast,31200
2024-10,VF5MSFAXSM0012963,MRD,2025,MRD-SP,2.0 가솔린,FWD,스노우 화이트,MX-MT,southeast,35568
2024-10,VF5MSFFXSM0012964,MRD,2025,MRD-SP,2.0 가솔린,FWD,선셋 레드,MX-MT,west,35568
2024-10,VF5MPFBXRM0012965,MRD,2024,MRD-PR,2.0 가솔린,FWD,미드나잇 블랙,MX-MT,west,31200
2024-10,VF5MPFDXSM0012966,MRD,2025,MRD-PR,2.0 가솔린,FWD,실버,MX-MT,west,31200
2024-10,VF5MPFFXSM0012967,MRD,2025,MRD-PR,1.6T 하이브리드,FWD,선셋 레드,MX-MT,central,31200
2024-10,VF5MSAAXRM0012968,MRD,2024,MRD-SP,1.6T 하이브리드,AWD,스노우 화이트,MX-MT,central,35568
2024-10,VF5MPAHXSM0012969,MRD,2025,MRD-PR,2.0 가솔린,AWD,샌드 베이지,MX-MT,south,31200
2024-10,VF5MCFAXSM0012970,MRD,2025,MRD-CO,2.0 가솔린,FWD,스노우 화이트,MX-MT,central,28704
2024-10,VF5MPABXSM0012971,MRD,2025,MRD-PR,2.0 가솔린,AWD,미드나잇 블랙,MX-MT,southeast,31200
2024-10,VF5MCFGXSM0012972,MRD,2025,MRD-CO,2.0 가솔린,FWD,포레스트 그린,MX-MT,southeast,28704
2024-10,VF5MPFCXSM0012973,MRD,2025,MRD-PR,1.6T 하이브리드,FWD,스틸 그레이,MX-MT,northeast,31200
2024-10,VF5MCACXSM0012974,MRD,2025,MRD-CO,2.0 가솔린,AWD,스틸 그레이,MX-MT,central,28704
2024-10,VF5MCFDXSM0012975,MRD,2025,MRD-CO,2.0 가솔린,FWD,실버,MX-MT,northeast,28704
2024-10,VF5MPFAXRM0012976,MRD,2024,MRD-PR,2.0 가솔린,FWD,스노우 화이트,MX-MT,northeast,31200
2024-10,VF5MCFGXSM0012977,MRD,2025,MRD-CO,1.6T 하이브리드,FWD,포레스트 그린,MX-MT,southeast,28704
2024-10,VF5MPAAXSM0012978,MRD,2025,MRD-PR,1.6T 하이브리드,AWD,스노우 화이트,MX-MT,southeast,31200
2024-10,VF5MCFDXSM0012979,MRD,2025,MRD-CO,2.0 가솔린,FWD,실버,MX-MT,west,28704
2024-10,VF5MPFDXSM0012980,MRD,2025,MRD-PR,2.0 가솔린,FWD,실버,MX-MT,west,31200
2024-10,VF5MSFBXSM0012981,MRD,2025,MRD-SP,1.6T 하이브리드,FWD,미드나잇 블랙,MX-MT,south,35568
2024-10,VF5MSFCXSM0012982,MRD,2025,MRD-SP,2.0 가솔린,FWD,스틸 그레이,MX-MT,west,35568
2024-10,VF5MCFFXSM0012983,MRD,2025,MRD-CO,2.0 가솔린,FWD,선셋 레드,MX-MT,central,28704
2024-10,VF5MSFBXSM0012984,MRD,2025,MRD-SP,1.6T 하이브리드,FWD,미드나잇 블랙,MX-MT,southeast,35568
2024-10,VF5MPADXSM0012985,MRD,2025,MRD-PR,1.6T 하이브리드,AWD,실버,MX-MT,central,31200
2024-10,VF5MPFAXRM0012986,MRD,2024,MRD-PR,2.0 가솔린,FWD,스노우 화이트,MX-MT,northeast,31200
2024-10,VF5MCFBXSM0012987,MRD,2025,MRD-CO,2.0 가솔린,FWD,미드나잇 블랙,MX-MT,west,28704
2024-10,VF5MCFAXSM0012988,MRD,2025,MRD-CO,2.0 가솔린,FWD,스노우 화이트,MX-MT,southeast,28704
2024-10,VF5MCFBXSM0012989,MRD,2025,MRD-CO,2.0 가솔린,FWD,미드나잇 블랙,MX-MT,south,28704
2024-10,VF5MCFAXSM0012990,MRD,2025,MRD-CO,1.6T 하이브리드,FWD,스노우 화이트,MX-MT,southeast,28704
2024-10,VF5MPFFXSM0012991,MRD,2025,MRD-PR,1.6T 하이브리드,FWD,선셋 레드,MX-MT,northeast,31200
2024-10,VF5MCFHXSM0012992,MRD,2025,MRD-CO,2.0 가솔린,FWD,샌드 베이지,MX-MT,south,28704
2024-10,VF5MPFGXSM0012993,MRD,2025,MRD-PR,2.0 가솔린,FWD,포레스트 그린,MX-MT,northeast,31200
2024-10,VF5MCFEXSM0012994,MRD,2025,MRD-CO,2.0 가솔린,FWD,오션 블루,MX-MT,central,28704
2024-10,VF5MPFCXSM0012995,MRD,2025,MRD-PR,2.0 가솔린,FWD,스틸 그레이,MX-MT,south,31200
2024-10,VF5MPFEXSM0012996,MRD,2025,MRD-PR,1.6T 하이브리드,FWD,오션 블루,MX-MT,west,31200
2024-10,VF5MPACXSM0012997,MRD,2025,MRD-PR,2.0 가솔린,AWD,스틸 그레이,MX-MT,central,31200
2024-10,VF5MCABXSM0012998,MRD,2025,MRD-CO,1.6T 하이브리드,AWD,미드나잇 블랙,MX-MT,northeast,28704
2024-10,VF5MPAAXSM0012999,MRD,2025,MRD-PR,2.0 가솔린,AWD,스노우 화이트,MX-MT,central,31200
2024-10,VF5MCAAXSM0013000,MRD,2025,MRD-CO,2.0 가솔린,AWD,스노우 화이트,MX-MT,west,28704
2024-10,VF5MCADXSM0013001,MRD,2025,MRD-CO,2.0 가솔린,AWD,실버,MX-MT,west,28704
2024-10,VF5MPFFXRM0013002,MRD,2024,MRD-PR,2.0 가솔린,FWD,선셋 레드,MX-MT,central,31200
2024-10,VF5MSFCXSM0013003,MRD,2025,MRD-SP,2.0 가솔린,FWD,스틸 그레이,MX-MT,central,35568
2024-10,VF5MSFBXRM0013004,MRD,2024,MRD-SP,1.6T 하이브리드,FWD,미드나잇 블랙,MX-MT,west,35568
2024-10,VF5MSFAXSM0013005,MRD,2025,MRD-SP,1.6T 하이브리드,FWD,스노우 화이트,MX-MT,west,35568
2024-10,VF5MSACXSM0013006,MRD,2025,MRD-SP,1.6T 하이브리드,AWD,스틸 그레이,MX-MT,west,35568
2024-10,VF5MSFAXSM0013007,MRD,2025,MRD-SP,2.0 가솔린,FWD,스노우 화이트,MX-MT,southeast,35568
2024-10,VF5MCAFXSM0013008,MRD,2025,MRD-CO,2.0 가솔린,AWD,선셋 레드,MX-MT,west,28704
2024-10,VF5MPFCXSM0013009,MRD,2025,MRD-PR,2.0 가솔린,FWD,스틸 그레이,MX-MT,central,31200
2024-10,VF5MCFAXSM0013010,MRD,2025,MRD-CO,2.0 가솔린,FWD,스노우 화이트,MX-MT,southeast,28704
2024-10,VF2NCAHXSK0014419,NOV,2025,NOV-CO,3.5 가솔린,AWD,샌드 베이지,KR-2,northeast,40756
2024-10,VF2NSACXSK0014420,NOV,2025,NOV-LO,1.6T 하이브리드,AWD,스틸 그레이,KR-2,west,50502
2024-10,VF2NPFAXSK0014421,NOV,2025,NOV-PR,3.5 가솔린,FWD,스노우 화이트,KR-2,west,44300
2024-10,VF2NCFBXSK0014422,NOV,2025,NOV-CO,3.5 가솔린,FWD,미드나잇 블랙,KR-2,south,40756
2024-10,VF2NPADXRK0014423,NOV,2024,NOV-PR,3.5 가솔린,AWD,실버,KR-2,west,44300
2024-10,VF2NCFBXSK0014424,NOV,2025,NOV-CO,3.5 가솔린,FWD,미드나잇 블랙,KR-2,central,40756
2024-10,VF2NCFFXSK0014425,NOV,2025,NOV-CO,3.5 가솔린,FWD,선셋 레드,KR-2,central,40756
2024-10,VF2NSFAXSK0014426,NOV,2025,NOV-LO,3.5 가솔린,FWD,스노우 화이트,KR-2,central,50502
2024-10,VF2NCABXSK0014427,NOV,2025,NOV-CO,1.6T 하이브리드,AWD,미드나잇 블랙,KR-2,northeast,40756
2024-10,VF2NSAFXSK0014428,NOV,2025,NOV-LO,1.6T 하이브리드,AWD,선셋 레드,KR-2,central,50502
2024-10,VF2NSFDXSK0014429,NOV,2025,NOV-LO,1.6T 하이브리드,FWD,실버,KR-2,west,50502
2024-10,VF2NPFCXSK0014430,NOV,2025,NOV-PR,3.5 가솔린,FWD,스틸 그레이,KR-2,south,44300
2024-10,VF2NCABXSK0014431,NOV,2025,NOV-CO,3.5 가솔린,AWD,미드나잇 블랙,KR-2,west,40756
2024-10,VF2NSFAXSK0014432,NOV,2025,NOV-LO,1.6T 하이브리드,FWD,스노우 화이트,KR-2,northeast,50502
2024-10,VF2NSFGXSK0014433,NOV,2025,NOV-LO,3.5 가솔린,FWD,포레스트 그린,KR-2,central,50502
2024-10,VF2NSFBXSK0014434,NOV,2025,NOV-LO,1.6T 하이브리드,FWD,미드나잇 블랙,KR-2,west,50502
2024-10,VF2NCFCXSK0014435,NOV,2025,NOV-CO,3.5 가솔린,FWD,스틸 그레이,KR-2,west,40756
2024-10,VF2NPFFXSK0014436,NOV,2025,NOV-PR,3.5 가솔린,FWD,선셋 레드,KR-2,south,44300
2024-10,VF2NSADXSK0014437,NOV,2025,NOV-LO,1.6T 하이브리드,AWD,실버,KR-2,northeast,50502
2024-10,VF2NSAFXSK0014438,NOV,2025,NOV-LO,3.5 가솔린,AWD,선셋 레드,KR-2,southeast,50502
2024-10,VF2NPFAXSK0014439,NOV,2025,NOV-PR,3.5 가솔린,FWD,스노우 화이트,KR-2,central,44300
2024-10,VF2NPAEXSK0014440,NOV,2025,NOV-PR,3.5 가솔린,AWD,오션 블루,KR-2,central,44300
2024-10,VF2NSFFXSK0014441,NOV,2025,NOV-LO,1.6T 하이브리드,FWD,선셋 레드,KR-2,west,50502
2024-10,VF2NPFCXSK0014442,NOV,2025,NOV-PR,1.6T 하이브리드,FWD,스틸 그레이,KR-2,southeast,44300
2024-10,VF2NPFCXSK0014443,NOV,2025,NOV-PR,1.6T 하이브리드,FWD,스틸 그레이,KR-2,central,44300
2024-10,VF2NCFBXSK0014444,NOV,2025,NOV-CO,3.5 가솔린,FWD,미드나잇 블랙,KR-2,south,40756
2024-10,VF2NPFDXRK0014445,NOV,2024,NOV-PR,1.6T 하이브리드,FWD,실버,KR-2,central,44300
2024-10,VF2NSAHXSK0014446,NOV,2025,NOV-LO,3.5 가솔린,AWD,샌드 베이지,KR-2,west,50502
2024-10,VF2NPFHXSK0014447,NOV,2025,NOV-PR,3.5 가솔린,FWD,샌드 베이지,KR-2,southeast,44300
2024-10,VF2NPFBXRK0014448,NOV,2024,NOV-PR,3.5 가솔린,FWD,미드나잇 블랙,KR-2,south,44300
2024-10,VF2NPACXSK0014449,NOV,2025,NOV-PR,3.5 가솔린,AWD,스틸 그레이,KR-2,west,44300
2024-10,VF2NCAFXSK0014450,NOV,2025,NOV-CO,3.5 가솔린,AWD,선셋 레드,KR-2,west,40756
2024-10,VF2NPFEXSK0014451,NOV,2025,NOV-PR,1.6T 하이브리드,FWD,오션 블루,KR-2,southeast,44300
2024-10,VF2NPAEXSK0014452,NOV,2025,NOV-PR,3.5 가솔린,AWD,오션 블루,KR-2,northeast,44300
2024-10,VF2NPADXRK0014453,NOV,2024,NOV-PR,3.5 가솔린,AWD,실버,KR-2,west,44300
2024-10,VF2NCFCXSK0014454,NOV,2025,NOV-CO,3.5 가솔린,FWD,스틸 그레이,KR-2,south,40756
2024-10,VF2NPABXSK0014455,NOV,2025,NOV-PR,3.5 가솔린,AWD,미드나잇 블랙,KR-2,west,44300
2024-10,VF2NCAAXSK0014456,NOV,2025,NOV-CO,3.5 가솔린,AWD,스노우 화이트,KR-2,northeast,40756
2024-10,VF2NSAAXSK0014457,NOV,2025,NOV-LO,3.5 가솔린,AWD,스노우 화이트,KR-2,south,50502
2024-10,VF2NPFFXSK0014458,NOV,2025,NOV-PR,1.6T 하이브리드,FWD,선셋 레드,KR-2,northeast,44300
2024-10,VF2NSFAXSK0014459,NOV,2025,NOV-LO,1.6T 하이브리드,FWD,스노우 화이트,KR-2,west,50502
2024-10,VF2NCFFXSK0014460,NOV,2025,NOV-CO,1.6T 하이브리드,FWD,선셋 레드,KR-2,southeast,40756
2024-10,VF2NCAAXSK0014461,NOV,2025,NOV-CO,3.5 가솔린,AWD,스노우 화이트,KR-2,central,40756
2024-10,VF2NCADXSK0014462,NOV,2025,NOV-CO,1.6T 하이브리드,AWD,실버,KR-2,northeast,40756
2024-10,VF2NPABXSK0014463,NOV,2025,NOV-PR,1.6T 하이브리드,AWD,미드나잇 블랙,KR-2,west,44300
2024-10,VF2NPADXSK0014464,NOV,2025,NOV-PR,1.6T 하이브리드,AWD,실버,KR-2,central,44300
2024-10,VF2NPADXSK0014465,NOV,2025,NOV-PR,3.5 가솔린,AWD,실버,KR-2,west,44300
2024-10,VF2NSFBXSK0014466,NOV,2025,NOV-LO,3.5 가솔린,FWD,미드나잇 블랙,KR-2,central,50502
2024-10,VF2NSFBXSK0014467,NOV,2025,NOV-LO,1.6T 하이브리드,FWD,미드나잇 블랙,KR-2,northeast,50502
2024-10,VF2NCABXSK0014468,NOV,2025,NOV-CO,3.5 가솔린,AWD,미드나잇 블랙,KR-2,west,40756
2024-10,VF2NPFAXSK0014469,NOV,2025,NOV-PR,3.5 가솔린,FWD,스노우 화이트,KR-2,northeast,44300
2024-10,VF2NPFBXRK0014470,NOV,2024,NOV-PR,3.5 가솔린,FWD,미드나잇 블랙,KR-2,south,44300
2024-10,VF2NCABXSK0014471,NOV,2025,NOV-CO,1.6T 하이브리드,AWD,미드나잇 블랙,KR-2,northeast,40756
2024-10,VF2NCABXSK0014472,NOV,2025,NOV-CO,1.6T 하이브리드,AWD,미드나잇 블랙,KR-2,northeast,40756
2024-10,VF2NCAAXSK0014473,NOV,2025,NOV-CO,3.5 가솔린,AWD,스노우 화이트,KR-2,west,40756
2024-10,VF2NSFBXRK0014474,NOV,2024,NOV-LO,1.6T 하이브리드,FWD,미드나잇 블랙,KR-2,southeast,50502
2024-10,VF2NPFAXSK0014475,NOV,2025,NOV-PR,1.6T 하이브리드,FWD,스노우 화이트,KR-2,west,44300
2024-10,VF2NPACXSK0014476,NOV,2025,NOV-PR,1.6T 하이브리드,AWD,스틸 그레이,KR-2,northeast,44300
2024-10,VF2NPFAXSK0014477,NOV,2025,NOV-PR,3.5 가솔린,FWD,스노우 화이트,KR-2,northeast,44300
2024-10,VF2NPFBXSK0014478,NOV,2025,NOV-PR,1.6T 하이브리드,FWD,미드나잇 블랙,KR-2,central,44300
2024-10,VF2NPFAXSK0014479,NOV,2025,NOV-PR,3.5 가솔린,FWD,스노우 화이트,KR-2,southeast,44300
2024-10,VF2NCFAXSK0014480,NOV,2025,NOV-CO,3.5 가솔린,FWD,스노우 화이트,KR-2,south,40756
2024-10,VF2NPAAXSK0014481,NOV,2025,NOV-PR,3.5 가솔린,AWD,스노우 화이트,KR-2,west,44300
2024-10,VF2NPFEXSK0014482,NOV,2025,NOV-PR,1.6T 하이브리드,FWD,오션 블루,KR-2,central,44300
2024-10,VF2NCAEXSK0014483,NOV,2025,NOV-CO,3.5 가솔린,AWD,오션 블루,KR-2,west,40756
2024-10,VF2NPFBXSK0014484,NOV,2025,NOV-PR,3.5 가솔린,FWD,미드나잇 블랙,KR-2,west,44300
2024-10,VF2NCFBXSK0014485,NOV,2025,NOV-CO,1.6T 하이브리드,FWD,미드나잇 블랙,KR-2,central,40756
2024-10,VF2NSAHXSK0014486,NOV,2025,NOV-LO,1.6T 하이브리드,AWD,샌드 베이지,KR-2,central,50502
2024-10,VF2NCFBXSK0014487,NOV,2025,NOV-CO,3.5 가솔린,FWD,미드나잇 블랙,KR-2,west,40756
2024-10,VF2NCFAXRK0014488,NOV,2024,NOV-CO,1.6T 하이브리드,FWD,스노우 화이트,KR-2,south,40756
2024-10,VF2NSADXSK0014489,NOV,2025,NOV-LO,1.6T 하이브리드,AWD,실버,KR-2,southeast,50502
2024-10,VF2NPADXSK0014490,NOV,2025,NOV-PR,3.5 가솔린,AWD,실버,KR-2,central,44300
2024-10,VF2NPFFXSK0014491,NOV,2025,NOV-PR,1.6T 하이브리드,FWD,선셋 레드,KR-2,south,44300
2024-10,VF2NCFFXSK0014492,NOV,2025,NOV-CO,3.5 가솔린,FWD,선셋 레드,KR-2,south,40756
2024-10,VF2NPAFXSK0014493,NOV,2025,NOV-PR,3.5 가솔린,AWD,선셋 레드,KR-2,northeast,44300
2024-10,VF2NCFAXRK0014494,NOV,2024,NOV-CO,1.6T 하이브리드,FWD,스노우 화이트,KR-2,northeast,40756
2024-10,VF2NSFDXSK0014495,NOV,2025,NOV-LO,3.5 가솔린,FWD,실버,KR-2,west,50502
2024-10,VF2NPFAXSK0014496,NOV,2025,NOV-PR,3.5 가솔린,FWD,스노우 화이트,KR-2,south,44300
2024-10,VF2NCFEXSK0014497,NOV,2025,NOV-CO,1.6T 하이브리드,FWD,오션 블루,KR-2,northeast,40756
2024-10,VF2NCFDXSK0014498,NOV,2025,NOV-CO,3.5 가솔린,FWD,실버,KR-2,northeast,40756
2024-10,VF2NSAAXSK0014499,NOV,2025,NOV-LO,1.6T 하이브리드,AWD,스노우 화이트,KR-2,south,50502
2024-10,VF2NPFBXSK0014500,NOV,2025,NOV-PR,3.5 가솔린,FWD,미드나잇 블랙,KR-2,northeast,44300
2024-10,VF2NCFCXSK0014501,NOV,2025,NOV-CO,1.6T 하이브리드,FWD,스틸 그레이,KR-2,south,40756
2024-10,VF2NSAAXSK0014502,NOV,2025,NOV-LO,1.6T 하이브리드,AWD,스노우 화이트,KR-2,west,50502
2024-10,VF2NPAAXSK0014503,NOV,2025,NOV-PR,1.6T 하이브리드,AWD,스노우 화이트,KR-2,west,44300
2024-10,VF2NSFAXSK0014504,NOV,2025,NOV-LO,3.5 가솔린,FWD,스노우 화이트,KR-2,south,50502
2024-10,VF2NSFDXSK0014505,NOV,2025,NOV-LO,3.5 가솔린,FWD,실버,KR-2,south,50502
2024-10,VF2NPADXSK0014506,NOV,2025,NOV-PR,1.6T 하이브리드,AWD,실버,KR-2,west,44300
2024-10,VF2NPFCXSK0014507,NOV,2025,NOV-PR,3.5 가솔린,FWD,스틸 그레이,KR-2,south,44300
2024-10,VF2NCFAXSK0014508,NOV,2025,NOV-CO,3.5 가솔린,FWD,스노우 화이트,KR-2,west,40756
2024-10,VF2NSFCXSK0014509,NOV,2025,NOV-LO,3.5 가솔린,FWD,스틸 그레이,KR-2,west,50502
2024-10,VF2NPFDXSK0014510,NOV,2025,NOV-PR,3.5 가솔린,FWD,실버,KR-2,south,44300
2024-10,VF2NCFEXSK0014511,NOV,2025,NOV-CO,1.6T 하이브리드,FWD,오션 블루,KR-2,west,40756
2024-10,VF2NCAGXSK0014512,NOV,2025,NOV-CO,1.6T 하이브리드,AWD,포레스트 그린,KR-2,central,40756
2024-10,VF2NCFHXSK0014513,NOV,2025,NOV-CO,3.5 가솔린,FWD,샌드 베이지,KR-2,northeast,40756
2024-10,VF2NPACXSK0014514,NOV,2025,NOV-PR,3.5 가솔린,AWD,스틸 그레이,KR-2,south,44300
2024-10,VF2NSFBXSK0014515,NOV,2025,NOV-LO,1.6T 하이브리드,FWD,미드나잇 블랙,KR-2,south,50502
2024-10,VF2NCFHXSK0014516,NOV,2025,NOV-CO,3.5 가솔린,FWD,샌드 베이지,KR-2,central,40756
2024-10,VF2NPFHXSK0014517,NOV,2025,NOV-PR,1.6T 하이브리드,FWD,샌드 베이지,KR-2,central,44300
2024-10,VF2NPAAXRK0014518,NOV,2024,NOV-PR,3.5 가솔린,AWD,스노우 화이트,KR-2,northeast,44300
2024-10,VF2NSADXSK0014519,NOV,2025,NOV-LO,1.6T 하이브리드,AWD,실버,KR-2,west,50502
2024-10,VF2NCFDXSK0014520,NOV,2025,NOV-CO,3.5 가솔린,FWD,실버,KR-2,southeast,40756
2024-10,VF2NPFCXSK0014521,NOV,2025,NOV-PR,1.6T 하이브리드,FWD,스틸 그레이,KR-2,northeast,44300
2024-10,VF2NCFBXSK0014522,NOV,2025,NOV-CO,3.5 가솔린,FWD,미드나잇 블랙,KR-2,west,40756
2024-10,VF2NPFAXSK0014523,NOV,2025,NOV-PR,3.5 가솔린,FWD,스노우 화이트,KR-2,west,44300
2024-10,VF2NPAAXSK0014524,NOV,2025,NOV-PR,3.5 가솔린,AWD,스노우 화이트,KR-2,west,44300
2024-10,VF2NPABXSK0014525,NOV,2025,NOV-PR,1.6T 하이브리드,AWD,미드나잇 블랙,KR-2,south,44300
2024-10,VF2NPFHXSK0014526,NOV,2025,NOV-PR,3.5 가솔린,FWD,샌드 베이지,KR-2,west,44300
2024-10,VF2NCFBXSK0014527,NOV,2025,NOV-CO,3.5 가솔린,FWD,미드나잇 블랙,KR-2,south,40756
2024-10,VF2NPFAXSK0014528,NOV,2025,NOV-PR,3.5 가솔린,FWD,스노우 화이트,KR-2,west,44300
2024-10,VF2NSABXSK0014529,NOV,2025,NOV-LO,1.6T 하이브리드,AWD,미드나잇 블랙,KR-2,south,50502
2024-10,VF2NCFDXSK0014530,NOV,2025,NOV-CO,3.5 가솔린,FWD,실버,KR-2,northeast,40756
2024-10,VF2NCAFXSK0014531,NOV,2025,NOV-CO,3.5 가솔린,AWD,선셋 레드,KR-2,west,40756
2024-10,VF2NPFAXSK0014532,NOV,2025,NOV-PR,3.5 가솔린,FWD,스노우 화이트,KR-2,southeast,44300
2024-10,VF2NPAAXSK0014533,NOV,2025,NOV-PR,3.5 가솔린,AWD,스노우 화이트,KR-2,central,44300
2024-10,VF2NPFDXSK0014534,NOV,2025,NOV-PR,1.6T 하이브리드,FWD,실버,KR-2,southeast,44300
2024-10,VF2NSFAXSK0014535,NOV,2025,NOV-LO,3.5 가솔린,FWD,스노우 화이트,KR-2,south,50502
2024-10,VF2NCFBXSK0014536,NOV,2025,NOV-CO,3.5 가솔린,FWD,미드나잇 블랙,KR-2,south,40756
2024-10,VF2NPFBXSK0014537,NOV,2025,NOV-PR,3.5 가솔린,FWD,미드나잇 블랙,KR-2,south,44300
2024-10,VF2NPFFXSK0014538,NOV,2025,NOV-PR,1.6T 하이브리드,FWD,선셋 레드,KR-2,south,44300
2024-10,VF2NPFAXSK0014539,NOV,2025,NOV-PR,3.5 가솔린,FWD,스노우 화이트,KR-2,northeast,44300
2024-10,VF2NCACXSK0014540,NOV,2025,NOV-CO,3.5 가솔린,AWD,스틸 그레이,KR-2,northeast,40756
2024-10,VF2NPFHXSK0014541,NOV,2025,NOV-PR,1.6T 하이브리드,FWD,샌드 베이지,KR-2,central,44300
2024-10,VF2NPAEXSK0014542,NOV,2025,NOV-PR,3.5 가솔린,AWD,오션 블루,KR-2,south,44300
2024-10,VF2NPADXSK0014543,NOV,2025,NOV-PR,3.5 가솔린,AWD,실버,KR-2,south,44300
2024-10,VF2NCFCXSK0014544,NOV,2025,NOV-CO,3.5 가솔린,FWD,스틸 그레이,KR-2,west,40756
2024-10,VF2NSFAXSK0014545,NOV,2025,NOV-LO,3.5 가솔린,FWD,스노우 화이트,KR-2,northeast,50502
2024-10,VF2NSABXSK0014546,NOV,2025,NOV-LO,1.6T 하이브리드,AWD,미드나잇 블랙,KR-2,northeast,50502
2024-10,VF2NPFCXSK0014547,NOV,2025,NOV-PR,3.5 가솔린,FWD,스틸 그레이,KR-2,south,44300
2024-10,VF2NCAAXSK0014548,NOV,2025,NOV-CO,1.6T 하이브리드,AWD,스노우 화이트,KR-2,south,40756
2024-10,VF2NPFCXSK0014549,NOV,2025,NOV-PR,1.6T 하이브리드,FWD,스틸 그레이,KR-2,west,44300
2024-10,VF2NPFCXSK0014550,NOV,2025,NOV-PR,1.6T 하이브리드,FWD,스틸 그레이,KR-2,central,44300
2024-10,VF2NPFBXSK0014551,NOV,2025,NOV-PR,3.5 가솔린,FWD,미드나잇 블랙,KR-2,southeast,44300
2024-10,VF2NCFBXSK0014552,NOV,2025,NOV-CO,1.6T 하이브리드,FWD,미드나잇 블랙,KR-2,south,40756
2024-10,VF2NPAAXSK0014553,NOV,2025,NOV-PR,3.5 가솔린,AWD,스노우 화이트,KR-2,central,44300
2024-10,VF2NCAAXSK0014554,NOV,2025,NOV-CO,1.6T 하이브리드,AWD,스노우 화이트,KR-2,west,40756
2024-10,VF2NCFFXSK0014555,NOV,2025,NOV-CO,3.5 가솔린,FWD,선셋 레드,KR-2,northeast,40756
2024-10,VF2NCFFXSK0014556,NOV,2025,NOV-CO,3.5 가솔린,FWD,선셋 레드,KR-2,south,40756
2024-10,VF2NSFAXSK0014557,NOV,2025,NOV-LO,3.5 가솔린,FWD,스노우 화이트,KR-2,south,50502
2024-10,VF2NPADXSK0014558,NOV,2025,NOV-PR,3.5 가솔린,AWD,실버,KR-2,west,44300
2024-10,VF2NCAAXSK0014559,NOV,2025,NOV-CO,3.5 가솔린,AWD,스노우 화이트,KR-2,west,40756
2024-10,VF2NSFAXSK0014560,NOV,2025,NOV-LO,3.5 가솔린,FWD,스노우 화이트,KR-2,northeast,50502
2024-10,VF2NCFFXSK0014561,NOV,2025,NOV-CO,1.6T 하이브리드,FWD,선셋 레드,KR-2,south,40756
2024-10,VF2NPACXSK0014562,NOV,2025,NOV-PR,3.5 가솔린,AWD,스틸 그레이,KR-2,west,44300
2024-10,VF2NCAGXSK0014563,NOV,2025,NOV-CO,1.6T 하이브리드,AWD,포레스트 그린,KR-2,northeast,40756
2024-10,VF2NPAFXSK0014564,NOV,2025,NOV-PR,3.5 가솔린,AWD,선셋 레드,KR-2,south,44300
2024-10,VF2NPAAXSK0014565,NOV,2025,NOV-PR,3.5 가솔린,AWD,스노우 화이트,KR-2,south,44300
2024-10,VF2NCFFXSK0014566,NOV,2025,NOV-CO,3.5 가솔린,FWD,선셋 레드,KR-2,southeast,40756
2024-10,VF2NPAGXSK0014567,NOV,2025,NOV-PR,1.6T 하이브리드,AWD,포레스트 그린,KR-2,west,44300
2024-10,VF2NCFHXSK0014568,NOV,2025,NOV-CO,3.5 가솔린,FWD,샌드 베이지,KR-2,south,40756
2024-10,VF2NPFBXSK0014569,NOV,2025,NOV-PR,3.5 가솔린,FWD,미드나잇 블랙,KR-2,south,44300
2024-10,VF2NPFFXSK0014570,NOV,2025,NOV-PR,3.5 가솔린,FWD,선셋 레드,KR-2,west,44300
2024-10,VF2NPAGXSK0014571,NOV,2025,NOV-PR,3.5 가솔린,AWD,포레스트 그린,KR-2,southeast,44300
2024-10,VF2NCABXSK0014572,NOV,2025,NOV-CO,1.6T 하이브리드,AWD,미드나잇 블랙,KR-2,northeast,40756
2024-10,VF2NPABXSK0014573,NOV,2025,NOV-PR,1.6T 하이브리드,AWD,미드나잇 블랙,KR-2,south,44300
2024-10,VF2NSFAXSK0014574,NOV,2025,NOV-LO,1.6T 하이브리드,FWD,스노우 화이트,KR-2,west,50502
2024-10,VF2NPFCXSK0014575,NOV,2025,NOV-PR,3.5 가솔린,FWD,스틸 그레이,KR-2,central,44300
2024-10,VF2NSFGXSK0014576,NOV,2025,NOV-LO,3.5 가솔린,FWD,포레스트 그린,KR-2,west,50502
2024-10,VF2NPABXSK0014577,NOV,2025,NOV-PR,1.6T 하이브리드,AWD,미드나잇 블랙,KR-2,northeast,44300
2024-10,VF2NCFDXSK0014578,NOV,2025,NOV-CO,1.6T 하이브리드,FWD,실버,KR-2,west,40756
2024-10,VF2NSFDXSK0014579,NOV,2025,NOV-LO,3.5 가솔린,FWD,실버,KR-2,west,50502
2024-10,VF2NPFFXSK0014580,NOV,2025,NOV-PR,1.6T 하이브리드,FWD,선셋 레드,KR-2,west,44300
2024-10,VF2NPFEXSK0014581,NOV,2025,NOV-PR,3.5 가솔린,FWD,오션 블루,KR-2,west,44300
2024-10,VF2NPAAXSK0014582,NOV,2025,NOV-PR,1.6T 하이브리드,AWD,스노우 화이트,KR-2,south,44300
2024-10,VF2NSFHXSK0014583,NOV,2025,NOV-LO,1.6T 하이브리드,FWD,샌드 베이지,KR-2,west,50502
2024-10,VF2NPAFXSK0014584,NOV,2025,NOV-PR,1.6T 하이브리드,AWD,선셋 레드,KR-2,southeast,44300
2024-10,VF2NPAFXSK0014585,NOV,2025,NOV-PR,3.5 가솔린,AWD,선셋 레드,KR-2,south,44300
2024-10,VF2NCADXSK0014586,NOV,2025,NOV-CO,3.5 가솔린,AWD,실버,KR-2,south,40756
2024-10,VF2NSFBXSK0014587,NOV,2025,NOV-LO,1.6T 하이브리드,FWD,미드나잇 블랙,KR-2,south,50502
2024-10,VF2NPACXSK0014588,NOV,2025,NOV-PR,3.5 가솔린,AWD,스틸 그레이,KR-2,west,44300
2024-10,VF2NSAEXSK0014589,NOV,2025,NOV-LO,3.5 가솔린,AWD,오션 블루,KR-2,central,50502
2024-10,VF2NPFCXSK0014590,NOV,2025,NOV-PR,3.5 가솔린,FWD,스틸 그레이,KR-2,southeast,44300
2024-10,VF2NPADXSK0014591,NOV,2025,NOV-PR,1.6T 하이브리드,AWD,실버,KR-2,west,44300
2024-10,VF2NCAFXSK0014592,NOV,2025,NOV-CO,3.5 가솔린,AWD,선셋 레드,KR-2,southeast,40756
2024-10,VF2NCACXRK0014593,NOV,2024,NOV-CO,1.6T 하이브리드,AWD,스틸 그레이,KR-2,south,40756
2024-10,VF2NPFGXSK0014594,NOV,2025,NOV-PR,1.6T 하이브리드,FWD,포레스트 그린,KR-2,south,44300
2024-10,VF2NCFFXSK0014595,NOV,2025,NOV-CO,1.6T 하이브리드,FWD,선셋 레드,KR-2,west,40756
2024-10,VF2NSFAXSK0014596,NOV,2025,NOV-LO,3.5 가솔린,FWD,스노우 화이트,KR-2,northeast,50502
2024-10,VF2NCFCXSK0014597,NOV,2025,NOV-CO,1.6T 하이브리드,FWD,스틸 그레이,KR-2,south,40756
2024-10,VF2NPFBXRK0014598,NOV,2024,NOV-PR,3.5 가솔린,FWD,미드나잇 블랙,KR-2,south,44300
2024-10,VF2NCFAXSK0014599,NOV,2025,NOV-CO,3.5 가솔린,FWD,스노우 화이트,KR-2,northeast,40756
2024-10,VF2NPFEXSK0014600,NOV,2025,NOV-PR,3.5 가솔린,FWD,오션 블루,KR-2,central,44300
2024-10,VF2NPFBXSK0014601,NOV,2025,NOV-PR,1.6T 하이브리드,FWD,미드나잇 블랙,KR-2,northeast,44300
2024-10,VF2NCFBXSK0014602,NOV,2025,NOV-CO,1.6T 하이브리드,FWD,미드나잇 블랙,KR-2,south,40756
2024-10,VF2NCAFXSK0014603,NOV,2025,NOV-CO,3.5 가솔린,AWD,선셋 레드,KR-2,west,40756
2024-10,VF2NCADXSK0014604,NOV,2025,NOV-CO,3.5 가솔린,AWD,실버,KR-2,west,40756
2024-10,VF2NPAEXSK0014605,NOV,2025,NOV-PR,3.5 가솔린,AWD,오션 블루,KR-2,northeast,44300
2024-10,VF2NPFBXRK0014606,NOV,2024,NOV-PR,1.6T 하이브리드,FWD,미드나잇 블랙,KR-2,south,44300
2024-10,VF2NCFBXSK0014607,NOV,2025,NOV-CO,3.5 가솔린,FWD,미드나잇 블랙,KR-2,southeast,40756
2024-10,VF2NSFFXSK0014608,NOV,2025,NOV-LO,3.5 가솔린,FWD,선셋 레드,KR-2,south,50502
2024-10,VF2NPFEXSK0014609,NOV,2025,NOV-PR,3.5 가솔린,FWD,오션 블루,KR-2,northeast,44300
2024-10,VF2NCFCXRK0014610,NOV,2024,NOV-CO,1.6T 하이브리드,FWD,스틸 그레이,KR-2,central,40756
2024-10,VF2NPFHXSK0014611,NOV,2025,NOV-PR,3.5 가솔린,FWD,샌드 베이지,KR-2,southeast,44300
2024-10,VF2NCFAXSK0014612,NOV,2025,NOV-CO,3.5 가솔린,FWD,스노우 화이트,KR-2,west,40756
2024-10,VF2NCADXSK0014613,NOV,2025,NOV-CO,3.5 가솔린,AWD,실버,KR-2,northeast,40756
2024-10,VF2NPACXSK0014614,NOV,2025,NOV-PR,1.6T 하이브리드,AWD,스틸 그레이,KR-2,west,44300
2024-10,VF2NPFHXSK0014615,NOV,2025,NOV-PR,3.5 가솔린,FWD,샌드 베이지,KR-2,southeast,44300
2024-10,VF2NCFCXSK0014616,NOV,2025,NOV-CO,3.5 가솔린,FWD,스틸 그레이,KR-2,south,40756
2024-10,VF2NPFBXSK0014617,NOV,2025,NOV-PR,3.5 가솔린,FWD,미드나잇 블랙,KR-2,northeast,44300
2024-10,VF2NPFCXSK0014618,NOV,2025,NOV-PR,3.5 가솔린,FWD,스틸 그레이,KR-2,south,44300
2024-10,VF2NPFAXSK0014619,NOV,2025,NOV-PR,3.5 가솔린,FWD,스노우 화이트,KR-2,southeast,44300
2024-10,VF2NPFCXSK0014620,NOV,2025,NOV-PR,3.5 가솔린,FWD,스틸 그레이,KR-2,west,44300
2024-10,VF1LSFDXSK0014621,LUM,2025,LUM-SP,스탠다드 레인지,FWD,실버,KR-1,northeast,48678
2024-10,VF1LCABXSK0014622,LUM,2025,LUM-AI,롱레인지,AWD,미드나잇 블랙,KR-1,west,39284
2024-10,VF1LPAFXSK0014623,LUM,2025,LUM-RA,롱레인지,AWD,선셋 레드,KR-1,northeast,42700
2024-10,VF1LPAEXSK0014624,LUM,2025,LUM-RA,롱레인지,AWD,오션 블루,KR-1,northeast,42700
2024-10,VF1LSFAXSK0014625,LUM,2025,LUM-SP,롱레인지,FWD,스노우 화이트,KR-1,southeast,48678
2024-10,VF1LPADXSK0014626,LUM,2025,LUM-RA,롱레인지,AWD,실버,KR-1,southeast,42700
2024-10,VF1LPFCXSK0014627,LUM,2025,LUM-RA,스탠다드 레인지,FWD,스틸 그레이,KR-1,southeast,42700
2024-10,VF1LCAFXSK0014628,LUM,2025,LUM-AI,스탠다드 레인지,AWD,선셋 레드,KR-1,west,39284
2024-10,VF1LPFHXSK0014629,LUM,2025,LUM-RA,롱레인지,FWD,샌드 베이지,KR-1,west,42700
2024-10,VF1LPADXSK0014630,LUM,2025,LUM-RA,스탠다드 레인지,AWD,실버,KR-1,northeast,42700
2024-10,VF1LPFBXSK0014631,LUM,2025,LUM-RA,롱레인지,FWD,미드나잇 블랙,KR-1,southeast,42700
2024-10,VF1LCFHXSK0014632,LUM,2025,LUM-AI,스탠다드 레인지,FWD,샌드 베이지,KR-1,southeast,39284
2024-10,VF1LPFEXRK0014633,LUM,2024,LUM-RA,롱레인지,FWD,오션 블루,KR-1,southeast,42700
2024-10,VF1LCFBXSK0014634,LUM,2025,LUM-AI,롱레인지,FWD,미드나잇 블랙,KR-1,southeast,39284
2024-10,VF1LPAAXSK0014635,LUM,2025,LUM-RA,롱레인지,AWD,스노우 화이트,KR-1,southeast,42700
2024-10,VF1LCFFXSK0014636,LUM,2025,LUM-AI,롱레인지,FWD,선셋 레드,KR-1,southeast,39284
2024-10,VF1LPACXSK0014637,LUM,2025,LUM-RA,스탠다드 레인지,AWD,스틸 그레이,KR-1,northeast,42700
2024-10,VF1LPFDXSK0014638,LUM,2025,LUM-RA,롱레인지,FWD,실버,KR-1,south,42700
2024-10,VF1LPAAXSK0014639,LUM,2025,LUM-RA,스탠다드 레인지,AWD,스노우 화이트,KR-1,southeast,42700
2024-10,VF1LSFEXSK0014640,LUM,2025,LUM-SP,롱레인지,FWD,오션 블루,KR-1,west,48678
2024-10,VF1LCAAXSK0014641,LUM,2025,LUM-AI,롱레인지,AWD,스노우 화이트,KR-1,northeast,39284
2024-10,VF1LCFDXSK0014642,LUM,2025,LUM-AI,롱레인지,FWD,실버,KR-1,southeast,39284
2024-10,VF1LSFFXSK0014643,LUM,2025,LUM-SP,스탠다드 레인지,FWD,선셋 레드,KR-1,west,48678
2024-10,VF1LPAGXSK0014644,LUM,2025,LUM-RA,스탠다드 레인지,AWD,포레스트 그린,KR-1,northeast,42700
2024-10,VF1LPFAXSK0014645,LUM,2025,LUM-RA,롱레인지,FWD,스노우 화이트,KR-1,southeast,42700
2024-10,VF1LPAFXSK0014646,LUM,2025,LUM-RA,스탠다드 레인지,AWD,선셋 레드,KR-1,south,42700
2024-10,VF1LSFCXSK0014647,LUM,2025,LUM-SP,롱레인지,FWD,스틸 그레이,KR-1,southeast,48678
2024-10,VF1LPFAXSK0014648,LUM,2025,LUM-RA,롱레인지,FWD,스노우 화이트,KR-1,south,42700
2024-10,VF1LPADXSK0014649,LUM,2025,LUM-RA,스탠다드 레인지,AWD,실버,KR-1,northeast,42700
2024-10,VF1LCAAXSK0014650,LUM,2025,LUM-AI,스탠다드 레인지,AWD,스노우 화이트,KR-1,west,39284
2024-10,VF1LPFHXSK0014651,LUM,2025,LUM-RA,롱레인지,FWD,샌드 베이지,KR-1,south,42700
2024-10,VF1LCAEXRK0014652,LUM,2024,LUM-AI,롱레인지,AWD,오션 블루,KR-1,west,39284
2024-10,VF1LCADXRK0014653,LUM,2024,LUM-AI,롱레인지,AWD,실버,KR-1,northeast,39284
2024-10,VF1LCACXSK0014654,LUM,2025,LUM-AI,롱레인지,AWD,스틸 그레이,KR-1,northeast,39284
2024-10,VF1LSFCXSK0014655,LUM,2025,LUM-SP,롱레인지,FWD,스틸 그레이,KR-1,northeast,48678
2024-10,VF1LCFEXSK0014656,LUM,2025,LUM-AI,롱레인지,FWD,오션 블루,KR-1,west,39284
2024-10,VF1LCFCXSK0014657,LUM,2025,LUM-AI,롱레인지,FWD,스틸 그레이,KR-1,northeast,39284
2024-10,VF1LCFAXSK0014658,LUM,2025,LUM-AI,롱레인지,FWD,스노우 화이트,KR-1,northeast,39284
2024-10,VF1LSFDXRK0014659,LUM,2024,LUM-SP,스탠다드 레인지,FWD,실버,KR-1,central,48678
2024-10,VF1LCAAXSK0014660,LUM,2025,LUM-AI,롱레인지,AWD,스노우 화이트,KR-1,west,39284
2024-10,VF1LCFBXSK0014661,LUM,2025,LUM-AI,롱레인지,FWD,미드나잇 블랙,KR-1,south,39284
2024-10,VF1LCFHXSK0014662,LUM,2025,LUM-AI,롱레인지,FWD,샌드 베이지,KR-1,northeast,39284
2024-10,VF1LCAAXSK0014663,LUM,2025,LUM-AI,스탠다드 레인지,AWD,스노우 화이트,KR-1,southeast,39284
2024-10,VF1LPADXSK0014664,LUM,2025,LUM-RA,스탠다드 레인지,AWD,실버,KR-1,west,42700
2024-10,VF1LCAAXSK0014665,LUM,2025,LUM-AI,롱레인지,AWD,스노우 화이트,KR-1,northeast,39284
2024-10,VF1LCFBXSK0014666,LUM,2025,LUM-AI,스탠다드 레인지,FWD,미드나잇 블랙,KR-1,west,39284
2024-10,VF1LPFAXSK0014667,LUM,2025,LUM-RA,롱레인지,FWD,스노우 화이트,KR-1,central,42700
2024-10,VF1LCAFXSK0014668,LUM,2025,LUM-AI,스탠다드 레인지,AWD,선셋 레드,KR-1,west,39284
2024-10,VF1LSACXSK0014669,LUM,2025,LUM-SP,스탠다드 레인지,AWD,스틸 그레이,KR-1,northeast,48678
2024-10,VF1LSACXSK0014670,LUM,2025,LUM-SP,롱레인지,AWD,스틸 그레이,KR-1,west,48678
2024-10,VF1LSACXSK0014671,LUM,2025,LUM-SP,스탠다드 레인지,AWD,스틸 그레이,KR-1,northeast,48678
2024-10,VF1LPAEXSK0014672,LUM,2025,LUM-RA,롱레인지,AWD,오션 블루,KR-1,southeast,42700
2024-10,VF1LSFAXSK0014673,LUM,2025,LUM-SP,스탠다드 레인지,FWD,스노우 화이트,KR-1,west,48678
2024-10,VF1LPFAXSK0014674,LUM,2025,LUM-RA,스탠다드 레인지,FWD,스노우 화이트,KR-1,southeast,42700
2024-10,VF1LSACXSK0014675,LUM,2025,LUM-SP,롱레인지,AWD,스틸 그레이,KR-1,west,48678
2024-10,VF1LSFBXRK0014676,LUM,2024,LUM-SP,롱레인지,FWD,미드나잇 블랙,KR-1,northeast,48678
2024-10,VF1LSFDXSK0014677,LUM,2025,LUM-SP,롱레인지,FWD,실버,KR-1,south,48678
2024-10,VF1LCAFXSK0014678,LUM,2025,LUM-AI,롱레인지,AWD,선셋 레드,KR-1,central,39284
2024-10,VF1LPFGXSK0014679,LUM,2025,LUM-RA,스탠다드 레인지,FWD,포레스트 그린,KR-1,northeast,42700
2024-10,VF1LPFBXSK0014680,LUM,2025,LUM-RA,스탠다드 레인지,FWD,미드나잇 블랙,KR-1,southeast,42700
2024-10,VF1LCAEXSK0014681,LUM,2025,LUM-AI,롱레인지,AWD,오션 블루,KR-1,central,39284
2024-10,VF1LPFAXSK0014682,LUM,2025,LUM-RA,롱레인지,FWD,스노우 화이트,KR-1,southeast,42700
2024-10,VF1LPFDXSK0014683,LUM,2025,LUM-RA,롱레인지,FWD,실버,KR-1,northeast,42700
2024-10,VF1LSAAXSK0014684,LUM,2025,LUM-SP,롱레인지,AWD,스노우 화이트,KR-1,west,48678
2024-10,VF1LCAEXSK0014685,LUM,2025,LUM-AI,롱레인지,AWD,오션 블루,KR-1,northeast,39284
2024-10,VF1LSADXSK0014686,LUM,2025,LUM-SP,스탠다드 레인지,AWD,실버,KR-1,west,48678
2024-10,VF1LPFCXSK0014687,LUM,2025,LUM-RA,스탠다드 레인지,FWD,스틸 그레이,KR-1,west,42700
2024-10,VF1LPFGXSK0014688,LUM,2025,LUM-RA,롱레인지,FWD,포레스트 그린,KR-1,northeast,42700
2024-10,VF1LCFAXSK0014689,LUM,2025,LUM-AI,롱레인지,FWD,스노우 화이트,KR-1,west,39284
2024-10,VF1LSFGXSK0014690,LUM,2025,LUM-SP,스탠다드 레인지,FWD,포레스트 그린,KR-1,south,48678
2024-10,VF1LPFDXSK0014691,LUM,2025,LUM-RA,롱레인지,FWD,실버,KR-1,northeast,42700
2024-10,VF1LPFBXSK0014692,LUM,2025,LUM-RA,롱레인지,FWD,미드나잇 블랙,KR-1,northeast,42700
2024-10,VF1LPAAXSK0014693,LUM,2025,LUM-RA,롱레인지,AWD,스노우 화이트,KR-1,west,42700
2024-10,VF1LPABXSK0014694,LUM,2025,LUM-RA,롱레인지,AWD,미드나잇 블랙,KR-1,south,42700
2024-10,VF1LPFBXSK0014695,LUM,2025,LUM-RA,롱레인지,FWD,미드나잇 블랙,KR-1,southeast,42700
2024-10,VF1LPAAXSK0014696,LUM,2025,LUM-RA,스탠다드 레인지,AWD,스노우 화이트,KR-1,central,42700
2024-10,VF1LPABXSK0014697,LUM,2025,LUM-RA,롱레인지,AWD,미드나잇 블랙,KR-1,southeast,42700
2024-10,VF1LSAAXSK0014698,LUM,2025,LUM-SP,롱레인지,AWD,스노우 화이트,KR-1,west,48678
2024-10,VF1LCFEXRK0014699,LUM,2024,LUM-AI,롱레인지,FWD,오션 블루,KR-1,south,39284
2024-10,VF1LCABXSK0014700,LUM,2025,LUM-AI,롱레인지,AWD,미드나잇 블랙,KR-1,west,39284
2024-10,VF1LCFBXSK0014701,LUM,2025,LUM-AI,롱레인지,FWD,미드나잇 블랙,KR-1,southeast,39284
2024-10,VF1LSFHXSK0014702,LUM,2025,LUM-SP,롱레인지,FWD,샌드 베이지,KR-1,west,48678
2024-10,VF1LCABXSK0014703,LUM,2025,LUM-AI,스탠다드 레인지,AWD,미드나잇 블랙,KR-1,west,39284
2024-10,VF1LPADXSK0014704,LUM,2025,LUM-RA,스탠다드 레인지,AWD,실버,KR-1,west,42700
2024-10,VF1LCAAXSK0014705,LUM,2025,LUM-AI,롱레인지,AWD,스노우 화이트,KR-1,south,39284
2024-10,VF1LPFDXSK0014706,LUM,2025,LUM-RA,롱레인지,FWD,실버,KR-1,northeast,42700
2024-10,VF1LCFAXSK0014707,LUM,2025,LUM-AI,롱레인지,FWD,스노우 화이트,KR-1,west,39284
2024-10,VF1LPFAXSK0014708,LUM,2025,LUM-RA,롱레인지,FWD,스노우 화이트,KR-1,west,42700
2024-10,VF1LPFAXSK0014709,LUM,2025,LUM-RA,롱레인지,FWD,스노우 화이트,KR-1,south,42700
2024-10,VF1LCFAXSK0014710,LUM,2025,LUM-AI,롱레인지,FWD,스노우 화이트,KR-1,south,39284
2024-10,VF1LSFBXSK0014711,LUM,2025,LUM-SP,스탠다드 레인지,FWD,미드나잇 블랙,KR-1,south,48678
2024-10,VF1LPFEXSK0014712,LUM,2025,LUM-RA,롱레인지,FWD,오션 블루,KR-1,southeast,42700
2024-10,VF1LPAAXSK0014713,LUM,2025,LUM-RA,스탠다드 레인지,AWD,스노우 화이트,KR-1,southeast,42700
2024-10,VF1LPAAXSK0014714,LUM,2025,LUM-RA,스탠다드 레인지,AWD,스노우 화이트,KR-1,central,42700
2024-10,VF1LPACXSK0014715,LUM,2025,LUM-RA,스탠다드 레인지,AWD,스틸 그레이,KR-1,southeast,42700
2024-10,VF1LPFCXSK0014716,LUM,2025,LUM-RA,롱레인지,FWD,스틸 그레이,KR-1,west,42700
2024-10,VF1LPFAXSK0014717,LUM,2025,LUM-RA,롱레인지,FWD,스노우 화이트,KR-1,northeast,42700
2024-10,VF1LCABXSK0014718,LUM,2025,LUM-AI,스탠다드 레인지,AWD,미드나잇 블랙,KR-1,northeast,39284
2024-10,VF1LSFFXSK0014719,LUM,2025,LUM-SP,스탠다드 레인지,FWD,선셋 레드,KR-1,west,48678
2024-10,VF1LCAAXSK0014720,LUM,2025,LUM-AI,롱레인지,AWD,스노우 화이트,KR-1,west,39284
2024-10,VF1LPAEXSK0014721,LUM,2025,LUM-RA,롱레인지,AWD,오션 블루,KR-1,northeast,42700
2024-10,VF1LPACXSK0014722,LUM,2025,LUM-RA,스탠다드 레인지,AWD,스틸 그레이,KR-1,southeast,42700
2024-10,VF1LCFDXRK0014723,LUM,2024,LUM-AI,롱레인지,FWD,실버,KR-1,west,39284
2024-10,VF1LCFGXSK0014724,LUM,2025,LUM-AI,롱레인지,FWD,포레스트 그린,KR-1,west,39284
2024-10,VF1LSFAXSK0014725,LUM,2025,LUM-SP,스탠다드 레인지,FWD,스노우 화이트,KR-1,central,48678
2024-10,VF1LPFAXSK0014726,LUM,2025,LUM-RA,롱레인지,FWD,스노우 화이트,KR-1,south,42700
2024-10,VF1LPFBXSK0014727,LUM,2025,LUM-RA,롱레인지,FWD,미드나잇 블랙,KR-1,central,42700
2024-10,VF1LSABXSK0014728,LUM,2025,LUM-SP,스탠다드 레인지,AWD,미드나잇 블랙,KR-1,west,48678
2024-10,VF1LPAHXSK0014729,LUM,2025,LUM-RA,스탠다드 레인지,AWD,샌드 베이지,KR-1,west,42700
2024-10,VF1LSACXSK0014730,LUM,2025,LUM-SP,롱레인지,AWD,스틸 그레이,KR-1,northeast,48678
2024-10,VF1LPABXSK0014731,LUM,2025,LUM-RA,스탠다드 레인지,AWD,미드나잇 블랙,KR-1,central,42700
2024-10,VF1LPFCXSK0014732,LUM,2025,LUM-RA,롱레인지,FWD,스틸 그레이,KR-1,southeast,42700
2024-10,VF1LCFBXSK0014733,LUM,2025,LUM-AI,스탠다드 레인지,FWD,미드나잇 블랙,KR-1,west,39284
2024-10,VF1LPFFXSK0014734,LUM,2025,LUM-RA,롱레인지,FWD,선셋 레드,KR-1,south,42700
2024-10,VF1LCFBXSK0014735,LUM,2025,LUM-AI,롱레인지,FWD,미드나잇 블랙,KR-1,west,39284
2024-10,VF1LPFBXSK0014736,LUM,2025,LUM-RA,롱레인지,FWD,미드나잇 블랙,KR-1,west,42700
2024-10,VF1LSFBXSK0014737,LUM,2025,LUM-SP,롱레인지,FWD,미드나잇 블랙,KR-1,northeast,48678
2024-10,VF1LCACXSK0014738,LUM,2025,LUM-AI,롱레인지,AWD,스틸 그레이,KR-1,northeast,39284
2024-10,VF1LPAGXSK0014739,LUM,2025,LUM-RA,스탠다드 레인지,AWD,포레스트 그린,KR-1,west,42700
2024-10,VF1LCFEXSK0014740,LUM,2025,LUM-AI,스탠다드 레인지,FWD,오션 블루,KR-1,southeast,39284
2024-10,VF1LCFFXSK0014741,LUM,2025,LUM-AI,스탠다드 레인지,FWD,선셋 레드,KR-1,south,39284
2024-10,VF1LPABXRK0014742,LUM,2024,LUM-RA,롱레인지,AWD,미드나잇 블랙,KR-1,west,42700
2024-10,VF1LCAAXSK0014743,LUM,2025,LUM-AI,스탠다드 레인지,AWD,스노우 화이트,KR-1,central,39284
2024-10,VF1LCFFXSK0014744,LUM,2025,LUM-AI,롱레인지,FWD,선셋 레드,KR-1,central,39284
2024-10,VF1LPFEXSK0014745,LUM,2025,LUM-RA,롱레인지,FWD,오션 블루,KR-1,southeast,42700
2024-10,VF1LSFBXSK0014746,LUM,2025,LUM-SP,롱레인지,FWD,미드나잇 블랙,KR-1,northeast,48678
2024-10,VF1LCADXSK0014747,LUM,2025,LUM-AI,롱레인지,AWD,실버,KR-1,west,39284
2024-10,VF1LSAHXSK0014748,LUM,2025,LUM-SP,롱레인지,AWD,샌드 베이지,KR-1,west,48678
2024-10,VF1LPFCXSK0014749,LUM,2025,LUM-RA,스탠다드 레인지,FWD,스틸 그레이,KR-1,northeast,42700
2024-10,VF1LPFCXSK0014750,LUM,2025,LUM-RA,롱레인지,FWD,스틸 그레이,KR-1,southeast,42700
2024-10,VF1LPFAXSK0014751,LUM,2025,LUM-RA,롱레인지,FWD,스노우 화이트,KR-1,northeast,42700
2024-10,VF1LSFDXSK0014752,LUM,2025,LUM-SP,롱레인지,FWD,실버,KR-1,west,48678
2024-10,VF1LPFFXSK0014753,LUM,2025,LUM-RA,롱레인지,FWD,선셋 레드,KR-1,west,42700
2024-10,VF1LSAAXSK0014754,LUM,2025,LUM-SP,롱레인지,AWD,스노우 화이트,KR-1,central,48678
2024-10,VF1LCACXSK0014755,LUM,2025,LUM-AI,롱레인지,AWD,스틸 그레이,KR-1,west,39284
2024-10,VF1LCFAXSK0014756,LUM,2025,LUM-AI,롱레인지,FWD,스노우 화이트,KR-1,west,39284
2024-10,VF1LSFEXSK0014757,LUM,2025,LUM-SP,롱레인지,FWD,오션 블루,KR-1,west,48678
2024-10,VF1LCFCXSK0014758,LUM,2025,LUM-AI,롱레인지,FWD,스틸 그레이,KR-1,southeast,39284
2024-10,VF1LPFFXSK0014759,LUM,2025,LUM-RA,스탠다드 레인지,FWD,선셋 레드,KR-1,west,42700
2024-10,VF1LPFCXSK0014760,LUM,2025,LUM-RA,롱레인지,FWD,스틸 그레이,KR-1,central,42700
2024-10,VF1LPFAXSK0014761,LUM,2025,LUM-RA,롱레인지,FWD,스노우 화이트,KR-1,southeast,42700
2024-10,VF1LCAFXSK0014762,LUM,2025,LUM-AI,스탠다드 레인지,AWD,선셋 레드,KR-1,southeast,39284
2024-10,VF1LCFGXSK0014763,LUM,2025,LUM-AI,롱레인지,FWD,포레스트 그린,KR-1,west,39284
2024-10,VF1LPFAXSK0014764,LUM,2025,LUM-RA,롱레인지,FWD,스노우 화이트,KR-1,northeast,42700
2024-10,VF1LSAFXSK0014765,LUM,2025,LUM-SP,스탠다드 레인지,AWD,선셋 레드,KR-1,south,48678
2024-10,VF1LSFBXSK0014766,LUM,2025,LUM-SP,스탠다드 레인지,FWD,미드나잇 블랙,KR-1,northeast,48678
2024-10,VF1LSAGXRK0014767,LUM,2024,LUM-SP,롱레인지,AWD,포레스트 그린,KR-1,south,48678
2024-10,VF1LCFGXSK0014768,LUM,2025,LUM-AI,스탠다드 레인지,FWD,포레스트 그린,KR-1,northeast,39284
2024-10,VF1LCFEXSK0014769,LUM,2025,LUM-AI,롱레인지,FWD,오션 블루,KR-1,southeast,39284
2024-10,VF1LPADXRK0014770,LUM,2024,LUM-RA,롱레인지,AWD,실버,KR-1,southeast,42700
2024-10,VF1LSABXSK0014771,LUM,2025,LUM-SP,스탠다드 레인지,AWD,미드나잇 블랙,KR-1,northeast,48678
2024-10,VF1LSAAXSK0014772,LUM,2025,LUM-SP,스탠다드 레인지,AWD,스노우 화이트,KR-1,west,48678
2024-10,VF1LCFFXSK0014773,LUM,2025,LUM-AI,스탠다드 레인지,FWD,선셋 레드,KR-1,south,39284
2024-10,VF1LCAEXSK0014774,LUM,2025,LUM-AI,롱레인지,AWD,오션 블루,KR-1,central,39284
2024-10,VF1LCFBXSK0014775,LUM,2025,LUM-AI,롱레인지,FWD,미드나잇 블랙,KR-1,south,39284
2024-10,VF1LPAAXSK0014776,LUM,2025,LUM-RA,스탠다드 레인지,AWD,스노우 화이트,KR-1,south,42700
2024-10,VF1LCABXSK0014777,LUM,2025,LUM-AI,스탠다드 레인지,AWD,미드나잇 블랙,KR-1,northeast,39284
2024-10,VF1LPFBXSK0014778,LUM,2025,LUM-RA,롱레인지,FWD,미드나잇 블랙,KR-1,west,42700
2024-10,VF1LPFGXSK0014779,LUM,2025,LUM-RA,스탠다드 레인지,FWD,포레스트 그린,KR-1,southeast,42700
2024-10,VF1LPAFXSK0014780,LUM,2025,LUM-RA,스탠다드 레인지,AWD,선셋 레드,KR-1,south,42700
2024-10,VF1LCAAXRK0014781,LUM,2024,LUM-AI,롱레인지,AWD,스노우 화이트,KR-1,southeast,39284
2024-10,VF1LPAAXSK0014782,LUM,2025,LUM-RA,롱레인지,AWD,스노우 화이트,KR-1,northeast,42700
2024-10,VF1LPAAXSK0014783,LUM,2025,LUM-RA,롱레인지,AWD,스노우 화이트,KR-1,west,42700
2024-10,VF1LSFBXSK0014784,LUM,2025,LUM-SP,롱레인지,FWD,미드나잇 블랙,KR-1,west,48678
2024-10,VF1LCFEXSK0014785,LUM,2025,LUM-AI,롱레인지,FWD,오션 블루,KR-1,northeast,39284
2024-10,VF1LPAHXSK0014786,LUM,2025,LUM-RA,롱레인지,AWD,샌드 베이지,KR-1,northeast,42700
2024-10,VF1LCFEXSK0014787,LUM,2025,LUM-AI,스탠다드 레인지,FWD,오션 블루,KR-1,northeast,39284
2024-10,VF1LPFBXSK0014788,LUM,2025,LUM-RA,롱레인지,FWD,미드나잇 블랙,KR-1,south,42700
2024-10,VF1LSFCXSK0014789,LUM,2025,LUM-SP,롱레인지,FWD,스틸 그레이,KR-1,northeast,48678
2024-10,VF1LSABXSK0014790,LUM,2025,LUM-SP,롱레인지,AWD,미드나잇 블랙,KR-1,west,48678
2024-10,VF1LPAAXSK0014791,LUM,2025,LUM-RA,롱레인지,AWD,스노우 화이트,KR-1,south,42700
2024-10,VF1LCFEXSK0014792,LUM,2025,LUM-AI,롱레인지,FWD,오션 블루,KR-1,northeast,39284
2024-10,VF1LPAEXSK0014793,LUM,2025,LUM-RA,롱레인지,AWD,오션 블루,KR-1,northeast,42700
2024-10,VF1LCADXSK0014794,LUM,2025,LUM-AI,롱레인지,AWD,실버,KR-1,central,39284
2024-10,VF1LPFDXSK0014795,LUM,2025,LUM-RA,롱레인지,FWD,실버,KR-1,west,42700
2024-10,VF1LPFAXSK0014796,LUM,2025,LUM-RA,스탠다드 레인지,FWD,스노우 화이트,KR-1,south,42700
2024-10,VF1LPFEXSK0014797,LUM,2025,LUM-RA,롱레인지,FWD,오션 블루,KR-1,west,42700
2024-10,VF1LCFAXSK0014798,LUM,2025,LUM-AI,롱레인지,FWD,스노우 화이트,KR-1,northeast,39284
2024-10,VF1LCABXSK0014799,LUM,2025,LUM-AI,롱레인지,AWD,미드나잇 블랙,KR-1,northeast,39284
2024-10,VF1LPFEXSK0014800,LUM,2025,LUM-RA,스탠다드 레인지,FWD,오션 블루,KR-1,southeast,42700
2024-10,VF1LPAAXSK0014801,LUM,2025,LUM-RA,스탠다드 레인지,AWD,스노우 화이트,KR-1,west,42700
2024-10,VF1LCADXSK0014802,LUM,2025,LUM-AI,롱레인지,AWD,실버,KR-1,northeast,39284
2024-10,VF1LCABXSK0014803,LUM,2025,LUM-AI,롱레인지,AWD,미드나잇 블랙,KR-1,northeast,39284
2024-10,VF1LPFCXSK0014804,LUM,2025,LUM-RA,롱레인지,FWD,스틸 그레이,KR-1,southeast,42700
2024-10,VF1LPACXSK0014805,LUM,2025,LUM-RA,스탠다드 레인지,AWD,스틸 그레이,KR-1,northeast,42700
2024-10,VF1LPFBXSK0014806,LUM,2025,LUM-RA,롱레인지,FWD,미드나잇 블랙,KR-1,northeast,42700
2024-10,VF1LCFDXSK0014807,LUM,2025,LUM-AI,스탠다드 레인지,FWD,실버,KR-1,west,39284
2024-10,VF1LSFDXSK0014808,LUM,2025,LUM-SP,스탠다드 레인지,FWD,실버,KR-1,west,48678
2024-10,VF1LCAHXSK0014809,LUM,2025,LUM-AI,스탠다드 레인지,AWD,샌드 베이지,KR-1,south,39284
2024-10,VF1LPFDXSK0014810,LUM,2025,LUM-RA,스탠다드 레인지,FWD,실버,KR-1,south,42700
2024-10,VF1LCAAXSK0014811,LUM,2025,LUM-AI,롱레인지,AWD,스노우 화이트,KR-1,northeast,39284
2024-10,VF1LCAAXSK0014812,LUM,2025,LUM-AI,스탠다드 레인지,AWD,스노우 화이트,KR-1,west,39284
2024-10,VF1LPFBXSK0014813,LUM,2025,LUM-RA,롱레인지,FWD,미드나잇 블랙,KR-1,south,42700
2024-10,VF1LCFCXSK0014814,LUM,2025,LUM-AI,롱레인지,FWD,스틸 그레이,KR-1,west,39284
2024-10,VF1LCFGXSK0014815,LUM,2025,LUM-AI,롱레인지,FWD,포레스트 그린,KR-1,southeast,39284
2024-10,VF1LSAFXSK0014816,LUM,2025,LUM-SP,스탠다드 레인지,AWD,선셋 레드,KR-1,northeast,48678
2024-10,VF1LCFCXSK0014817,LUM,2025,LUM-AI,롱레인지,FWD,스틸 그레이,KR-1,central,39284
2024-10,VF1LSABXSK0014818,LUM,2025,LUM-SP,롱레인지,AWD,미드나잇 블랙,KR-1,west,48678
2024-10,VF1LPFHXSK0014819,LUM,2025,LUM-RA,롱레인지,FWD,샌드 베이지,KR-1,west,42700
2024-10,VF1LCFAXSK0014820,LUM,2025,LUM-AI,롱레인지,FWD,스노우 화이트,KR-1,southeast,39284
2024-10,VF1LCFBXSK0014821,LUM,2025,LUM-AI,롱레인지,FWD,미드나잇 블랙,KR-1,west,39284
2024-10,VF1LPFDXSK0014822,LUM,2025,LUM-RA,롱레인지,FWD,실버,KR-1,central,42700
2024-10,VF1LPFAXRK0014823,LUM,2024,LUM-RA,스탠다드 레인지,FWD,스노우 화이트,KR-1,southeast,42700
2024-10,VF1LCAAXRK0014824,LUM,2024,LUM-AI,스탠다드 레인지,AWD,스노우 화이트,KR-1,south,39284
2024-10,VF1LCFDXSK0014825,LUM,2025,LUM-AI,스탠다드 레인지,FWD,실버,KR-1,south,39284
2024-10,VF1LPFGXSK0014826,LUM,2025,LUM-RA,스탠다드 레인지,FWD,포레스트 그린,KR-1,west,42700
2024-10,VF1LPAHXSK0014827,LUM,2025,LUM-RA,스탠다드 레인지,AWD,샌드 베이지,KR-1,northeast,42700
2024-10,VF1LPFAXSK0014828,LUM,2025,LUM-RA,스탠다드 레인지,FWD,스노우 화이트,KR-1,west,42700
2024-10,VF1LCAGXSK0014829,LUM,2025,LUM-AI,롱레인지,AWD,포레스트 그린,KR-1,southeast,39284
