prod_ym,vin,model_id,model_year,trim_id,engine,drivetrain,color,plant_id,dest_zone_id,msrp_usd
2025-12,VF3TPABXTU0029243,TRN,2026,TRN-PR,3.5 가솔린,AWD,미드나잇 블랙,US-GA,west,52000
2025-12,VF3TPAAXTU0029244,TRN,2026,TRN-PR,3.5 가솔린,AWD,스노우 화이트,US-GA,central,52000
2025-12,VF3TPABXTU0029245,TRN,2026,TRN-PR,3.5 가솔린,AWD,미드나잇 블랙,US-GA,central,52000
2025-12,VF3TCAAXTU0029246,TRN,2026,TRN-CO,3.5 가솔린,AWD,스노우 화이트,US-GA,northeast,47840
2025-12,VF3TPFBXTU0029247,TRN,2026,TRN-PR,2.5T 하이브리드,FWD,미드나잇 블랙,US-GA,south,52000
2025-12,VF3TCFDXTU0029248,TRN,2026,TRN-CO,2.5T 하이브리드,FWD,실버,US-GA,southeast,47840
2025-12,VF3TCFEXTU0029249,TRN,2026,TRN-CO,2.5T 하이브리드,FWD,오션 블루,US-GA,south,47840
2025-12,VF3TPACXTU0029250,TRN,2026,TRN-PR,3.5 가솔린,AWD,스틸 그레이,US-GA,west,52000
2025-12,VF3TSAEXTU0029251,TRN,2026,TRN-SU,2.5T 하이브리드,AWD,오션 블루,US-GA,southeast,59280
2025-12,VF3TCAFXSU0029252,TRN,2025,TRN-CO,3.5 가솔린,AWD,선셋 레드,US-GA,central,47840
2025-12,VF3TPAAXTU0029253,TRN,2026,TRN-PR,2.5T 하이브리드,AWD,스노우 화이트,US-GA,southeast,52000
2025-12,VF3TCAAXSU0029254,TRN,2025,TRN-CO,2.5T 하이브리드,AWD,스노우 화이트,US-GA,west,47840
2025-12,VF3TPFBXTU0029255,TRN,2026,TRN-PR,3.5 가솔린,FWD,미드나잇 블랙,US-GA,west,52000
2025-12,VF3TCAFXTU0029256,TRN,2026,TRN-CO,2.5T 하이브리드,AWD,선셋 레드,US-GA,northeast,47840
2025-12,VF3TCAAXTU0029257,TRN,2026,TRN-CO,2.5T 하이브리드,AWD,스노우 화이트,US-GA,northeast,47840
2025-12,VF3TPACXTU0029258,TRN,2026,TRN-PR,3.5 가솔린,AWD,스틸 그레이,US-GA,southeast,52000
2025-12,VF3TCFAXTU0029259,TRN,2026,TRN-CO,3.5 가솔린,FWD,스노우 화이트,US-GA,west,47840
2025-12,VF3TCADXTU0029260,TRN,2026,TRN-CO,2.5T 하이브리드,AWD,실버,US-GA,west,47840
2025-12,VF3TPACXTU0029261,TRN,2026,TRN-PR,3.5 가솔린,AWD,스틸 그레이,US-GA,southeast,52000
2025-12,VF3TSFCXTU0029262,TRN,2026,TRN-SU,3.5 가솔린,FWD,스틸 그레이,US-GA,southeast,59280
2025-12,VF3TPFBXTU0029263,TRN,2026,TRN-PR,3.5 가솔린,FWD,미드나잇 블랙,US-GA,southeast,52000
2025-12,VF3TPAFXSU0029264,TRN,2025,TRN-PR,3.5 가솔린,AWD,선셋 레드,US-GA,central,52000
2025-12,VF3TSAAXTU0029265,TRN,2026,TRN-SU,2.5T 하이브리드,AWD,스노우 화이트,US-GA,northeast,59280
2025-12,VF3TPABXTU0029266,TRN,2026,TRN-PR,3.5 가솔린,AWD,미드나잇 블랙,US-GA,south,52000
2025-12,VF3TPAAXTU0029267,TRN,2026,TRN-PR,2.5T 하이브리드,AWD,스노우 화이트,US-GA,west,52000
2025-12,VF3TCAAXTU0029268,TRN,2026,TRN-CO,3.5 가솔린,AWD,스노우 화이트,US-GA,northeast,47840
2025-12,VF3TPADXTU0029269,TRN,2026,TRN-PR,2.5T 하이브리드,AWD,실버,US-GA,central,52000
2025-12,VF3TCADXTU0029270,TRN,2026,TRN-CO,2.5T 하이브리드,AWD,실버,US-GA,south,47840
2025-12,VF3TSAAXTU0029271,TRN,2026,TRN-SU,3.5 가솔린,AWD,스노우 화이트,US-GA,northeast,59280
2025-12,VF3TCADXTU0029272,TRN,2026,TRN-CO,3.5 가솔린,AWD,실버,US-GA,northeast,47840
2025-12,VF3TCAHXTU0029273,TRN,2026,TRN-CO,2.5T 하이브리드,AWD,샌드 베이지,US-GA,south,47840
2025-12,VF3TCAAXTU0029274,TRN,2026,TRN-CO,2.5T 하이브리드,AWD,스노우 화이트,US-GA,southeast,47840
2025-12,VF3TPFBXTU0029275,TRN,2026,TRN-PR,2.5T 하이브리드,FWD,미드나잇 블랙,US-GA,south,52000
2025-12,VF3TPADXTU0029276,TRN,2026,TRN-PR,2.5T 하이브리드,AWD,실버,US-GA,west,52000
2025-12,VF3TPACXTU0029277,TRN,2026,TRN-PR,2.5T 하이브리드,AWD,스틸 그레이,US-GA,northeast,52000
2025-12,VF3TPFCXTU0029278,TRN,2026,TRN-PR,2.5T 하이브리드,FWD,스틸 그레이,US-GA,southeast,52000
2025-12,VF3TCFCXTU0029279,TRN,2026,TRN-CO,2.5T 하이브리드,FWD,스틸 그레이,US-GA,southeast,47840
2025-12,VF3TCAAXTU0029280,TRN,2026,TRN-CO,2.5T 하이브리드,AWD,스노우 화이트,US-GA,west,47840
2025-12,VF3TCACXTU0029281,TRN,2026,TRN-CO,3.5 가솔린,AWD,스틸 그레이,US-GA,southeast,47840
2025-12,VF3TCAAXTU0029282,TRN,2026,TRN-CO,2.5T 하이브리드,AWD,스노우 화이트,US-GA,southeast,47840
2025-12,VF3TCACXTU0029283,TRN,2026,TRN-CO,3.5 가솔린,AWD,스틸 그레이,US-GA,southeast,47840
2025-12,VF3TPFAXTU0029284,TRN,2026,TRN-PR,2.5T 하이브리드,FWD,스노우 화이트,US-GA,south,52000
2025-12,VF3TCACXTU0029285,TRN,2026,TRN-CO,3.5 가솔린,AWD,스틸 그레이,US-GA,southeast,47840
2025-12,VF3TPAGXTU0029286,TRN,2026,TRN-PR,3.5 가솔린,AWD,포레스트 그린,US-GA,northeast,52000
2025-12,VF3TPAFXTU0029287,TRN,2026,TRN-PR,2.5T 하이브리드,AWD,선셋 레드,US-GA,west,52000
2025-12,VF3TPAAXTU0029288,TRN,2026,TRN-PR,2.5T 하이브리드,AWD,스노우 화이트,US-GA,west,52000
2025-12,VF3TCAAXTU0029289,TRN,2026,TRN-CO,2.5T 하이브리드,AWD,스노우 화이트,US-GA,west,47840
2025-12,VF3TCFEXTU0029290,TRN,2026,TRN-CO,3.5 가솔린,FWD,오션 블루,US-GA,central,47840
2025-12,VF3TPADXTU0029291,TRN,2026,TRN-PR,3.5 가솔린,AWD,실버,US-GA,west,52000
2025-12,VF3TPAHXTU0029292,TRN,2026,TRN-PR,2.5T 하이브리드,AWD,샌드 베이지,US-GA,northeast,52000
2025-12,VF3TPAHXTU0029293,TRN,2026,TRN-PR,2.5T 하이브리드,AWD,샌드 베이지,US-GA,southeast,52000
2025-12,VF3TCAGXTU0029294,TRN,2026,TRN-CO,2.5T 하이브리드,AWD,포레스트 그린,US-GA,west,47840
2025-12,VF3TCFDXTU0029295,TRN,2026,TRN-CO,2.5T 하이브리드,FWD,실버,US-GA,south,47840
2025-12,VF3TCAEXTU0029296,TRN,2026,TRN-CO,3.5 가솔린,AWD,오션 블루,US-GA,southeast,47840
2025-12,VF3TCFEXTU0029297,TRN,2026,TRN-CO,2.5T 하이브리드,FWD,오션 블루,US-GA,central,47840
2025-12,VF3TSAGXTU0029298,TRN,2026,TRN-SU,3.5 가솔린,AWD,포레스트 그린,US-GA,south,59280
2025-12,VF3TPABXTU0029299,TRN,2026,TRN-PR,3.5 가솔린,AWD,미드나잇 블랙,US-GA,central,52000
2025-12,VF3TCFFXTU0029300,TRN,2026,TRN-CO,2.5T 하이브리드,FWD,선셋 레드,US-GA,south,47840
2025-12,VF3TPAEXTU0029301,TRN,2026,TRN-PR,2.5T 하이브리드,AWD,오션 블루,US-GA,southeast,52000
2025-12,VF3TCAFXTU0029302,TRN,2026,TRN-CO,3.5 가솔린,AWD,선셋 레드,US-GA,west,47840
2025-12,VF3TSAAXTU0029303,TRN,2026,TRN-SU,2.5T 하이브리드,AWD,스노우 화이트,US-GA,southeast,59280
2025-12,VF3TSFBXTU0029304,TRN,2026,TRN-SU,3.5 가솔린,FWD,미드나잇 블랙,US-GA,south,59280
2025-12,VF3TPFBXTU0029305,TRN,2026,TRN-PR,2.5T 하이브리드,FWD,미드나잇 블랙,US-GA,west,52000
2025-12,VF3TPFBXTU0029306,TRN,2026,TRN-PR,2.5T 하이브리드,FWD,미드나잇 블랙,US-GA,southeast,52000
2025-12,VF3TCACXTU0029307,TRN,2026,TRN-CO,3.5 가솔린,AWD,스틸 그레이,US-GA,northeast,47840
2025-12,VF3TPADXTU0029308,TRN,2026,TRN-PR,2.5T 하이브리드,AWD,실버,US-GA,west,52000
2025-12,VF3TSAAXTU0029309,TRN,2026,TRN-SU,2.5T 하이브리드,AWD,스노우 화이트,US-GA,south,59280
2025-12,VF3TCADXTU0029310,TRN,2026,TRN-CO,3.5 가솔린,AWD,실버,US-GA,northeast,47840
2025-12,VF3TPACXTU0029311,TRN,2026,TRN-PR,2.5T 하이브리드,AWD,스틸 그레이,US-GA,west,52000
2025-12,VF3TPFAXTU0029312,TRN,2026,TRN-PR,3.5 가솔린,FWD,스노우 화이트,US-GA,southeast,52000
2025-12,VF3TCAAXTU0029313,TRN,2026,TRN-CO,3.5 가솔린,AWD,스노우 화이트,US-GA,northeast,47840
2025-12,VF3TPFAXTU0029314,TRN,2026,TRN-PR,3.5 가솔린,FWD,스노우 화이트,US-GA,west,52000
2025-12,VF3TSADXTU0029315,TRN,2026,TRN-SU,3.5 가솔린,AWD,실버,US-GA,northeast,59280
2025-12,VF3TCAFXTU0029316,TRN,2026,TRN-CO,2.5T 하이브리드,AWD,선셋 레드,US-GA,central,47840
2025-12,VF3TPAGXSU0029317,TRN,2025,TRN-PR,3.5 가솔린,AWD,포레스트 그린,US-GA,central,52000
2025-12,VF3TCACXTU0029318,TRN,2026,TRN-CO,3.5 가솔린,AWD,스틸 그레이,US-GA,central,47840
2025-12,VF3TPACXTU0029319,TRN,2026,TRN-PR,3.5 가솔린,AWD,스틸 그레이,US-GA,northeast,52000
2025-12,VF3TPABXTU0029320,TRN,2026,TRN-PR,2.5T 하이브리드,AWD,미드나잇 블랙,US-GA,northeast,52000
2025-12,VF3TPFAXTU0029321,TRN,2026,TRN-PR,3.5 가솔린,FWD,스노우 화이트,US-GA,south,52000
2025-12,VF3TPFAXTU0029322,TRN,2026,TRN-PR,2.5T 하이브리드,FWD,스노우 화이트,US-GA,south,52000
2025-12,VF3TCFFXTU0029323,TRN,2026,TRN-CO,2.5T 하이브리드,FWD,선셋 레드,US-GA,west,47840
2025-12,VF3TSABXTU0029324,TRN,2026,TRN-SU,3.5 가솔린,AWD,미드나잇 블랙,US-GA,northeast,59280
2025-12,VF3TSABXTU0029325,TRN,2026,TRN-SU,2.5T 하이브리드,AWD,미드나잇 블랙,US-GA,northeast,59280
2025-12,VF3TPAAXTU0029326,TRN,2026,TRN-PR,2.5T 하이브리드,AWD,스노우 화이트,US-GA,northeast,52000
2025-12,VF3TPFCXTU0029327,TRN,2026,TRN-PR,3.5 가솔린,FWD,스틸 그레이,US-GA,south,52000
2025-12,VF3TPABXTU0029328,TRN,2026,TRN-PR,2.5T 하이브리드,AWD,미드나잇 블랙,US-GA,northeast,52000
2025-12,VF3TCABXTU0029329,TRN,2026,TRN-CO,3.5 가솔린,AWD,미드나잇 블랙,US-GA,northeast,47840
2025-12,VF3TSADXTU0029330,TRN,2026,TRN-SU,2.5T 하이브리드,AWD,실버,US-GA,south,59280
2025-12,VF3TCAEXTU0029331,TRN,2026,TRN-CO,3.5 가솔린,AWD,오션 블루,US-GA,northeast,47840
2025-12,VF3TCFBXTU0029332,TRN,2026,TRN-CO,3.5 가솔린,FWD,미드나잇 블랙,US-GA,west,47840
2025-12,VF3TCACXTU0029333,TRN,2026,TRN-CO,3.5 가솔린,AWD,스틸 그레이,US-GA,south,47840
2025-12,VF3TPAEXTU0029334,TRN,2026,TRN-PR,3.5 가솔린,AWD,오션 블루,US-GA,west,52000
2025-12,VF3TCAAXTU0029335,TRN,2026,TRN-CO,3.5 가솔린,AWD,스노우 화이트,US-GA,central,47840
2025-12,VF3TSABXTU0029336,TRN,2026,TRN-SU,2.5T 하이브리드,AWD,미드나잇 블랙,US-GA,northeast,59280
2025-12,VF3TPABXTU0029337,TRN,2026,TRN-PR,2.5T 하이브리드,AWD,미드나잇 블랙,US-GA,south,52000
2025-12,VF3TSFBXTU0029338,TRN,2026,TRN-SU,3.5 가솔린,FWD,미드나잇 블랙,US-GA,west,59280
2025-12,VF3TPFAXTU0029339,TRN,2026,TRN-PR,2.5T 하이브리드,FWD,스노우 화이트,US-GA,west,52000
2025-12,VF3TPACXTU0029340,TRN,2026,TRN-PR,3.5 가솔린,AWD,스틸 그레이,US-GA,west,52000
2025-12,VF3TCFBXTU0029341,TRN,2026,TRN-CO,2.5T 하이브리드,FWD,미드나잇 블랙,US-GA,south,47840
2025-12,VF3TPFAXTU0029342,TRN,2026,TRN-PR,3.5 가솔린,FWD,스노우 화이트,US-GA,west,52000
2025-12,VF3TPFDXTU0029343,TRN,2026,TRN-PR,3.5 가솔린,FWD,실버,US-GA,south,52000
2025-12,VF3TPACXTU0029344,TRN,2026,TRN-PR,3.5 가솔린,AWD,스틸 그레이,US-GA,west,52000
2025-12,VF3TPAEXTU0029345,TRN,2026,TRN-PR,2.5T 하이브리드,AWD,오션 블루,US-GA,west,52000
2025-12,VF3TCFAXTU0029346,TRN,2026,TRN-CO,2.5T 하이브리드,FWD,스노우 화이트,US-GA,south,47840
2025-12,VF3TSAEXTU0029347,TRN,2026,TRN-SU,3.5 가솔린,AWD,오션 블루,US-GA,central,59280
2025-12,VF3TPFAXTU0029348,TRN,2026,TRN-PR,2.5T 하이브리드,FWD,스노우 화이트,US-GA,south,52000
2025-12,VF3TPABXTU0029349,TRN,2026,TRN-PR,2.5T 하이브리드,AWD,미드나잇 블랙,US-GA,central,52000
2025-12,VF3TPABXTU0029350,TRN,2026,TRN-PR,3.5 가솔린,AWD,미드나잇 블랙,US-GA,west,52000
2025-12,VF3TSFAXTU0029351,TRN,2026,TRN-SU,3.5 가솔린,FWD,스노우 화이트,US-GA,west,59280
2025-12,VF3TCAHXTU0029352,TRN,2026,TRN-CO,2.5T 하이브리드,AWD,샌드 베이지,US-GA,south,47840
2025-12,VF3TCFFXTU0029353,TRN,2026,TRN-CO,3.5 가솔린,FWD,선셋 레드,US-GA,southeast,47840
2025-12,VF3TCAAXTU0029354,TRN,2026,TRN-CO,2.5T 하이브리드,AWD,스노우 화이트,US-GA,northeast,47840
2025-12,VF3TSAHXTU0029355,TRN,2026,TRN-SU,2.5T 하이브리드,AWD,샌드 베이지,US-GA,south,59280
2025-12,VF3TPADXTU0029356,TRN,2026,TRN-PR,3.5 가솔린,AWD,실버,US-GA,west,52000
2025-12,VF3TPFDXTU0029357,TRN,2026,TRN-PR,2.5T 하이브리드,FWD,실버,US-GA,south,52000
2025-12,VF3TCAFXTU0029358,TRN,2026,TRN-CO,2.5T 하이브리드,AWD,선셋 레드,US-GA,central,47840
2025-12,VF3TPFAXTU0029359,TRN,2026,TRN-PR,3.5 가솔린,FWD,스노우 화이트,US-GA,southeast,52000
2025-12,VF3TSAAXTU0029360,TRN,2026,TRN-SU,2.5T 하이브리드,AWD,스노우 화이트,US-GA,south,59280
2025-12,VF3TSAAXTU0029361,TRN,2026,TRN-SU,2.5T 하이브리드,AWD,스노우 화이트,US-GA,northeast,59280
2025-12,VF3TSACXTU0029362,TRN,2026,TRN-SU,2.5T 하이브리드,AWD,스틸 그레이,US-GA,west,59280
2025-12,VF3TPFBXTU0029363,TRN,2026,TRN-PR,3.5 가솔린,FWD,미드나잇 블랙,US-GA,central,52000
2025-12,VF3TPADXTU0029364,TRN,2026,TRN-PR,2.5T 하이브리드,AWD,실버,US-GA,central,52000
2025-12,VF3TPFFXTU0029365,TRN,2026,TRN-PR,3.5 가솔린,FWD,선셋 레드,US-GA,south,52000
2025-12,VF3TCACXSU0029366,TRN,2025,TRN-CO,2.5T 하이브리드,AWD,스틸 그레이,US-GA,northeast,47840
2025-12,VF3TPFCXTU0029367,TRN,2026,TRN-PR,3.5 가솔린,FWD,스틸 그레이,US-GA,south,52000
2025-12,VF3TPAAXTU0029368,TRN,2026,TRN-PR,2.5T 하이브리드,AWD,스노우 화이트,US-GA,northeast,52000
2025-12,VF3TSAEXTU0029369,TRN,2026,TRN-SU,3.5 가솔린,AWD,오션 블루,US-GA,northeast,59280
2025-12,VF3TPAAXTU0029370,TRN,2026,TRN-PR,3.5 가솔린,AWD,스노우 화이트,US-GA,southeast,52000
2025-12,VF3TPAAXTU0029371,TRN,2026,TRN-PR,2.5T 하이브리드,AWD,스노우 화이트,US-GA,west,52000
2025-12,VF3TCAGXTU0029372,TRN,2026,TRN-CO,2.5T 하이브리드,AWD,포레스트 그린,US-GA,west,47840
2025-12,VF3TPAAXTU0029373,TRN,2026,TRN-PR,2.5T 하이브리드,AWD,스노우 화이트,US-GA,west,52000
2025-12,VF3TPADXTU0029374,TRN,2026,TRN-PR,2.5T 하이브리드,AWD,실버,US-GA,northeast,52000
2025-12,VF3TPAGXTU0029375,TRN,2026,TRN-PR,3.5 가솔린,AWD,포레스트 그린,US-GA,central,52000
2025-12,VF3TPFDXTU0029376,TRN,2026,TRN-PR,3.5 가솔린,FWD,실버,US-GA,northeast,52000
2025-12,VF3TSFEXTU0029377,TRN,2026,TRN-SU,2.5T 하이브리드,FWD,오션 블루,US-GA,southeast,59280
2025-12,VF3TPAAXTU0029378,TRN,2026,TRN-PR,3.5 가솔린,AWD,스노우 화이트,US-GA,south,52000
2025-12,VF3TCFCXTU0029379,TRN,2026,TRN-CO,2.5T 하이브리드,FWD,스틸 그레이,US-GA,southeast,47840
2025-12,VF3TCAHXTU0029380,TRN,2026,TRN-CO,2.5T 하이브리드,AWD,샌드 베이지,US-GA,central,47840
2025-12,VF3TPAAXTU0029381,TRN,2026,TRN-PR,3.5 가솔린,AWD,스노우 화이트,US-GA,northeast,52000
2025-12,VF3TCACXTU0029382,TRN,2026,TRN-CO,3.5 가솔린,AWD,스틸 그레이,US-GA,south,47840
2025-12,VF3TPAAXTU0029383,TRN,2026,TRN-PR,2.5T 하이브리드,AWD,스노우 화이트,US-GA,west,52000
2025-12,VF3TPABXTU0029384,TRN,2026,TRN-PR,2.5T 하이브리드,AWD,미드나잇 블랙,US-GA,south,52000
2025-12,VF3TPAAXTU0029385,TRN,2026,TRN-PR,3.5 가솔린,AWD,스노우 화이트,US-GA,southeast,52000
2025-12,VF3TPAAXTU0029386,TRN,2026,TRN-PR,3.5 가솔린,AWD,스노우 화이트,US-GA,south,52000
2025-12,VF3TSACXTU0029387,TRN,2026,TRN-SU,2.5T 하이브리드,AWD,스틸 그레이,US-GA,central,59280
2025-12,VF3TCFAXTU0029388,TRN,2026,TRN-CO,2.5T 하이브리드,FWD,스노우 화이트,US-GA,west,47840
2025-12,VF3TCACXTU0029389,TRN,2026,TRN-CO,2.5T 하이브리드,AWD,스틸 그레이,US-GA,northeast,47840
2025-12,VF3TCADXTU0029390,TRN,2026,TRN-CO,3.5 가솔린,AWD,실버,US-GA,southeast,47840
2025-12,VF3TCADXTU0029391,TRN,2026,TRN-CO,2.5T 하이브리드,AWD,실버,US-GA,west,47840
2025-12,VF3TSADXTU0029392,TRN,2026,TRN-SU,3.5 가솔린,AWD,실버,US-GA,west,59280
2025-12,VF3TSFBXTU0029393,TRN,2026,TRN-SU,3.5 가솔린,FWD,미드나잇 블랙,US-GA,west,59280
2025-12,VF3TPAAXTU0029394,TRN,2026,TRN-PR,3.5 가솔린,AWD,스노우 화이트,US-GA,west,52000
2025-12,VF3TPADXTU0029395,TRN,2026,TRN-PR,2.5T 하이브리드,AWD,실버,US-GA,south,52000
2025-12,VF3TSAEXTU0029396,TRN,2026,TRN-SU,3.5 가솔린,AWD,오션 블루,US-GA,southeast,59280
2025-12,VF3TSFHXTU0029397,TRN,2026,TRN-SU,2.5T 하이브리드,FWD,샌드 베이지,US-GA,west,59280
2025-12,VF3TSABXTU0029398,TRN,2026,TRN-SU,3.5 가솔린,AWD,미드나잇 블랙,US-GA,northeast,59280
2025-12,VF3TPFBXTU0029399,TRN,2026,TRN-PR,3.5 가솔린,FWD,미드나잇 블랙,US-GA,southeast,52000
2025-12,VF3TSACXTU0029400,TRN,2026,TRN-SU,2.5T 하이브리드,AWD,스틸 그레이,US-GA,west,59280
2025-12,VF3TCFBXTU0029401,TRN,2026,TRN-CO,3.5 가솔린,FWD,미드나잇 블랙,US-GA,southeast,47840
2025-12,VF3TPABXTU0029402,TRN,2026,TRN-PR,2.5T 하이브리드,AWD,미드나잇 블랙,US-GA,northeast,52000
2025-12,VF3TCFBXTU0029403,TRN,2026,TRN-CO,3.5 가솔린,FWD,미드나잇 블랙,US-GA,west,47840
2025-12,VF3TCAAXTU0029404,TRN,2026,TRN-CO,3.5 가솔린,AWD,스노우 화이트,US-GA,west,47840
2025-12,VF3TSAFXTU0029405,TRN,2026,TRN-SU,2.5T 하이브리드,AWD,선셋 레드,US-GA,west,59280
2025-12,VF3TCFDXTU0029406,TRN,2026,TRN-CO,2.5T 하이브리드,FWD,실버,US-GA,south,47840
2025-12,VF3TPFHXTU0029407,TRN,2026,TRN-PR,2.5T 하이브리드,FWD,샌드 베이지,US-GA,southeast,52000
2025-12,VF3TSFDXTU0029408,TRN,2026,TRN-SU,2.5T 하이브리드,FWD,실버,US-GA,south,59280
2025-12,VF3TCACXTU0029409,TRN,2026,TRN-CO,2.5T 하이브리드,AWD,스틸 그레이,US-GA,west,47840
2025-12,VF3TCACXTU0029410,TRN,2026,TRN-CO,2.5T 하이브리드,AWD,스틸 그레이,US-GA,central,47840
2025-12,VF3TCADXTU0029411,TRN,2026,TRN-CO,2.5T 하이브리드,AWD,실버,US-GA,northeast,47840
2025-12,VF3TCAAXTU0029412,TRN,2026,TRN-CO,2.5T 하이브리드,AWD,스노우 화이트,US-GA,northeast,47840
2025-12,VF3TPABXTU0029413,TRN,2026,TRN-PR,3.5 가솔린,AWD,미드나잇 블랙,US-GA,northeast,52000
2025-12,VF3TCFFXTU0029414,TRN,2026,TRN-CO,2.5T 하이브리드,FWD,선셋 레드,US-GA,southeast,47840
2025-12,VF3TCFAXTU0029415,TRN,2026,TRN-CO,3.5 가솔린,FWD,스노우 화이트,US-GA,southeast,47840
2025-12,VF3TCFCXTU0029416,TRN,2026,TRN-CO,2.5T 하이브리드,FWD,스틸 그레이,US-GA,south,47840
2025-12,VF3TCACXTU0029417,TRN,2026,TRN-CO,3.5 가솔린,AWD,스틸 그레이,US-GA,south,47840
2025-12,VF3TPAAXTU0029418,TRN,2026,TRN-PR,3.5 가솔린,AWD,스노우 화이트,US-GA,northeast,52000
2025-12,VF3TPAAXTU0029419,TRN,2026,TRN-PR,3.5 가솔린,AWD,스노우 화이트,US-GA,central,52000
2025-12,VF3TCAAXTU0029420,TRN,2026,TRN-CO,2.5T 하이브리드,AWD,스노우 화이트,US-GA,south,47840
2025-12,VF3TPABXTU0029421,TRN,2026,TRN-PR,2.5T 하이브리드,AWD,미드나잇 블랙,US-GA,central,52000
2025-12,VF3TPABXTU0029422,TRN,2026,TRN-PR,3.5 가솔린,AWD,미드나잇 블랙,US-GA,south,52000
2025-12,VF3TPAAXTU0029423,TRN,2026,TRN-PR,2.5T 하이브리드,AWD,스노우 화이트,US-GA,south,52000
2025-12,VF3TCACXTU0029424,TRN,2026,TRN-CO,3.5 가솔린,AWD,스틸 그레이,US-GA,central,47840
2025-12,VF3TCFCXTU0029425,TRN,2026,TRN-CO,2.5T 하이브리드,FWD,스틸 그레이,US-GA,south,47840
2025-12,VF3TPACXSU0029426,TRN,2025,TRN-PR,3.5 가솔린,AWD,스틸 그레이,US-GA,central,52000
2025-12,VF3TCACXTU0029427,TRN,2026,TRN-CO,3.5 가솔린,AWD,스틸 그레이,US-GA,northeast,47840
2025-12,VF3TSADXTU0029428,TRN,2026,TRN-SU,3.5 가솔린,AWD,실버,US-GA,southeast,59280
2025-12,VF3TPFBXTU0029429,TRN,2026,TRN-PR,2.5T 하이브리드,FWD,미드나잇 블랙,US-GA,west,52000
2025-12,VF3TPAAXTU0029430,TRN,2026,TRN-PR,3.5 가솔린,AWD,스노우 화이트,US-GA,west,52000
2025-12,VF3TCAGXTU0029431,TRN,2026,TRN-CO,2.5T 하이브리드,AWD,포레스트 그린,US-GA,west,47840
2025-12,VF3TPFAXTU0029432,TRN,2026,TRN-PR,2.5T 하이브리드,FWD,스노우 화이트,US-GA,southeast,52000
2025-12,VF3TPADXTU0029433,TRN,2026,TRN-PR,3.5 가솔린,AWD,실버,US-GA,south,52000
2025-12,VF3TPADXTU0029434,TRN,2026,TRN-PR,3.5 가솔린,AWD,실버,US-GA,central,52000
2025-12,VF3TCFBXTU0029435,TRN,2026,TRN-CO,3.5 가솔린,FWD,미드나잇 블랙,US-GA,south,47840
2025-12,VF3TCADXTU0029436,TRN,2026,TRN-CO,3.5 가솔린,AWD,실버,US-GA,west,47840
2025-12,VF3TPAEXTU0029437,TRN,2026,TRN-PR,2.5T 하이브리드,AWD,오션 블루,US-GA,southeast,52000
2025-12,VF3TSABXTU0029438,TRN,2026,TRN-SU,3.5 가솔린,AWD,미드나잇 블랙,US-GA,west,59280
2025-12,VF3TCAAXTU0029439,TRN,2026,TRN-CO,3.5 가솔린,AWD,스노우 화이트,US-GA,central,47840
2025-12,VF3TCFCXTU0029440,TRN,2026,TRN-CO,2.5T 하이브리드,FWD,스틸 그레이,US-GA,south,47840
2025-12,VF3TSFCXTU0029441,TRN,2026,TRN-SU,2.5T 하이브리드,FWD,스틸 그레이,US-GA,south,59280
2025-12,VF3TCADXTU0029442,TRN,2026,TRN-CO,2.5T 하이브리드,AWD,실버,US-GA,south,47840
2025-12,VF3TSFBXTU0029443,TRN,2026,TRN-SU,3.5 가솔린,FWD,미드나잇 블랙,US-GA,northeast,59280
2025-12,VF3TPADXSU0029444,TRN,2025,TRN-PR,2.5T 하이브리드,AWD,실버,US-GA,central,52000
2025-12,VF3TCAFXTU0029445,TRN,2026,TRN-CO,2.5T 하이브리드,AWD,선셋 레드,US-GA,west,47840
2025-12,VF3TCAAXTU0029446,TRN,2026,TRN-CO,3.5 가솔린,AWD,스노우 화이트,US-GA,central,47840
2025-12,VF3TPAHXTU0029447,TRN,2026,TRN-PR,3.5 가솔린,AWD,샌드 베이지,US-GA,southeast,52000
2025-12,VF3TCFFXTU0029448,TRN,2026,TRN-CO,3.5 가솔린,FWD,선셋 레드,US-GA,south,47840
2025-12,VF3TPAAXTU0029449,TRN,2026,TRN-PR,3.5 가솔린,AWD,스노우 화이트,US-GA,southeast,52000
2025-12,VF3TPACXTU0029450,TRN,2026,TRN-PR,2.5T 하이브리드,AWD,스틸 그레이,US-GA,central,52000
2025-12,VF3TPABXTU0029451,TRN,2026,TRN-PR,2.5T 하이브리드,AWD,미드나잇 블랙,US-GA,northeast,52000
2025-12,VF3TPAGXTU0029452,TRN,2026,TRN-PR,3.5 가솔린,AWD,포레스트 그린,US-GA,southeast,52000
2025-12,VF3TCABXTU0029453,TRN,2026,TRN-CO,3.5 가솔린,AWD,미드나잇 블랙,US-GA,northeast,47840
2025-12,VF3TPAEXTU0029454,TRN,2026,TRN-PR,3.5 가솔린,AWD,오션 블루,US-GA,central,52000
2025-12,VF3TCACXSU0029455,TRN,2025,TRN-CO,3.5 가솔린,AWD,스틸 그레이,US-GA,southeast,47840
2025-12,VF3TPAGXTU0029456,TRN,2026,TRN-PR,3.5 가솔린,AWD,포레스트 그린,US-GA,northeast,52000
2025-12,VF3TPABXTU0029457,TRN,2026,TRN-PR,2.5T 하이브리드,AWD,미드나잇 블랙,US-GA,southeast,52000
2025-12,VF3TPFBXTU0029458,TRN,2026,TRN-PR,3.5 가솔린,FWD,미드나잇 블랙,US-GA,southeast,52000
2025-12,VF3TPAGXTU0029459,TRN,2026,TRN-PR,2.5T 하이브리드,AWD,포레스트 그린,US-GA,west,52000
2025-12,VF3TCFAXTU0029460,TRN,2026,TRN-CO,2.5T 하이브리드,FWD,스노우 화이트,US-GA,south,47840
2025-12,VF3TPACXTU0029461,TRN,2026,TRN-PR,3.5 가솔린,AWD,스틸 그레이,US-GA,south,52000
2025-12,VF3TPFCXTU0029462,TRN,2026,TRN-PR,2.5T 하이브리드,FWD,스틸 그레이,US-GA,west,52000
2025-12,VF3TPFAXTU0029463,TRN,2026,TRN-PR,3.5 가솔린,FWD,스노우 화이트,US-GA,west,52000
2025-12,VF3TPAAXTU0029464,TRN,2026,TRN-PR,3.5 가솔린,AWD,스노우 화이트,US-GA,southeast,52000
2025-12,VF3TCAAXSU0029465,TRN,2025,TRN-CO,2.5T 하이브리드,AWD,스노우 화이트,US-GA,south,47840
2025-12,VF3TCFDXTU0029466,TRN,2026,TRN-CO,3.5 가솔린,FWD,실버,US-GA,south,47840
2025-12,VF3TPAFXTU0029467,TRN,2026,TRN-PR,3.5 가솔린,AWD,선셋 레드,US-GA,south,52000
2025-12,VF3TCFFXTU0029468,TRN,2026,TRN-CO,2.5T 하이브리드,FWD,선셋 레드,US-GA,southeast,47840
2025-12,VF3TSAAXTU0029469,TRN,2026,TRN-SU,3.5 가솔린,AWD,스노우 화이트,US-GA,south,59280
2025-12,VF3TCFCXTU0029470,TRN,2026,TRN-CO,2.5T 하이브리드,FWD,스틸 그레이,US-GA,southeast,47840
2025-12,VF3TCFBXTU0029471,TRN,2026,TRN-CO,2.5T 하이브리드,FWD,미드나잇 블랙,US-GA,southeast,47840
2025-12,VF3TCADXTU0029472,TRN,2026,TRN-CO,2.5T 하이브리드,AWD,실버,US-GA,central,47840
2025-12,VF3TCAGXTU0029473,TRN,2026,TRN-CO,3.5 가솔린,AWD,포레스트 그린,US-GA,central,47840
2025-12,VF3TPAEXTU0029474,TRN,2026,TRN-PR,3.5 가솔린,AWD,오션 블루,US-GA,northeast,52000
2025-12,VF3TCACXTU0029475,TRN,2026,TRN-CO,2.5T 하이브리드,AWD,스틸 그레이,US-GA,northeast,47840
2025-12,VF3TCABXTU0029476,TRN,2026,TRN-CO,3.5 가솔린,AWD,미드나잇 블랙,US-GA,southeast,47840
2025-12,VF3TPAFXTU0029477,TRN,2026,TRN-PR,2.5T 하이브리드,AWD,선셋 레드,US-GA,southeast,52000
2025-12,VF3TPACXTU0029478,TRN,2026,TRN-PR,2.5T 하이브리드,AWD,스틸 그레이,US-GA,west,52000
2025-12,VF3TCFGXTU0029479,TRN,2026,TRN-CO,2.5T 하이브리드,FWD,포레스트 그린,US-GA,west,47840
2025-12,VF3TPFCXTU0029480,TRN,2026,TRN-PR,3.5 가솔린,FWD,스틸 그레이,US-GA,south,52000
2025-12,VF3TSFEXTU0029481,TRN,2026,TRN-SU,2.5T 하이브리드,FWD,오션 블루,US-GA,southeast,59280
2025-12,VF3TCAFXTU0029482,TRN,2026,TRN-CO,3.5 가솔린,AWD,선셋 레드,US-GA,northeast,47840
2025-12,VF3TPAAXTU0029483,TRN,2026,TRN-PR,2.5T 하이브리드,AWD,스노우 화이트,US-GA,west,52000
2025-12,VF3TPAAXTU0029484,TRN,2026,TRN-PR,3.5 가솔린,AWD,스노우 화이트,US-GA,west,52000
2025-12,VF3TPABXTU0029485,TRN,2026,TRN-PR,2.5T 하이브리드,AWD,미드나잇 블랙,US-GA,northeast,52000
2025-12,VF3TPAGXSU0029486,TRN,2025,TRN-PR,3.5 가솔린,AWD,포레스트 그린,US-GA,south,52000
2025-12,VF3TPFAXTU0029487,TRN,2026,TRN-PR,2.5T 하이브리드,FWD,스노우 화이트,US-GA,south,52000
2025-12,VF3TPFAXTU0029488,TRN,2026,TRN-PR,3.5 가솔린,FWD,스노우 화이트,US-GA,south,52000
2025-12,VF3TCFBXTU0029489,TRN,2026,TRN-CO,3.5 가솔린,FWD,미드나잇 블랙,US-GA,south,47840
2025-12,VF3TCABXTU0029490,TRN,2026,TRN-CO,3.5 가솔린,AWD,미드나잇 블랙,US-GA,south,47840
2025-12,VF3TSAAXTU0029491,TRN,2026,TRN-SU,3.5 가솔린,AWD,스노우 화이트,US-GA,northeast,59280
2025-12,VF3TCAHXTU0029492,TRN,2026,TRN-CO,3.5 가솔린,AWD,샌드 베이지,US-GA,south,47840
2025-12,VF3TPFEXTU0029493,TRN,2026,TRN-PR,2.5T 하이브리드,FWD,오션 블루,US-GA,south,52000
2025-12,VF3TPAAXTU0029494,TRN,2026,TRN-PR,2.5T 하이브리드,AWD,스노우 화이트,US-GA,south,52000
2025-12,VF3TPABXTU0029495,TRN,2026,TRN-PR,2.5T 하이브리드,AWD,미드나잇 블랙,US-GA,central,52000
2025-12,VF3TPAEXTU0029496,TRN,2026,TRN-PR,3.5 가솔린,AWD,오션 블루,US-GA,south,52000
2025-12,VF3TPFAXTU0029497,TRN,2026,TRN-PR,2.5T 하이브리드,FWD,스노우 화이트,US-GA,central,52000
2025-12,VF3TPFBXSU0029498,TRN,2025,TRN-PR,3.5 가솔린,FWD,미드나잇 블랙,US-GA,west,52000
2025-12,VF3TCFCXTU0029499,TRN,2026,TRN-CO,3.5 가솔린,FWD,스틸 그레이,US-GA,southeast,47840
2025-12,VF3TCAEXTU0029500,TRN,2026,TRN-CO,3.5 가솔린,AWD,오션 블루,US-GA,south,47840
2025-12,VF3TSADXSU0029501,TRN,2025,TRN-SU,3.5 가솔린,AWD,실버,US-GA,northeast,59280
2025-12,VF3TCFBXTU0029502,TRN,2026,TRN-CO,2.5T 하이브리드,FWD,미드나잇 블랙,US-GA,west,47840
2025-12,VF3TCFAXTU0029503,TRN,2026,TRN-CO,2.5T 하이브리드,FWD,스노우 화이트,US-GA,west,47840
2025-12,VF3TCFBXTU0029504,TRN,2026,TRN-CO,3.5 가솔린,FWD,미드나잇 블랙,US-GA,south,47840
2025-12,VF3TCAFXTU0029505,TRN,2026,TRN-CO,3.5 가솔린,AWD,선셋 레드,US-GA,northeast,47840
2025-12,VF3TCFAXTU0029506,TRN,2026,TRN-CO,3.5 가솔린,FWD,스노우 화이트,US-GA,south,47840
2025-12,VF3TPFAXTU0029507,TRN,2026,TRN-PR,3.5 가솔린,FWD,스노우 화이트,US-GA,west,52000
2025-12,VF3TCFFXTU0029508,TRN,2026,TRN-CO,2.5T 하이브리드,FWD,선셋 레드,US-GA,west,47840
2025-12,VF3TPFGXTU0029509,TRN,2026,TRN-PR,2.5T 하이브리드,FWD,포레스트 그린,US-GA,west,52000
2025-12,VF3TSFCXTU0029510,TRN,2026,TRN-SU,2.5T 하이브리드,FWD,스틸 그레이,US-GA,southeast,59280
2025-12,VF3TCABXTU0029511,TRN,2026,TRN-CO,3.5 가솔린,AWD,미드나잇 블랙,US-GA,northeast,47840
2025-12,VF3TCFAXTU0029512,TRN,2026,TRN-CO,2.5T 하이브리드,FWD,스노우 화이트,US-GA,west,47840
2025-12,VF3TPAEXTU0029513,TRN,2026,TRN-PR,3.5 가솔린,AWD,오션 블루,US-GA,central,52000
2025-12,VF3TPAAXSU0029514,TRN,2025,TRN-PR,3.5 가솔린,AWD,스노우 화이트,US-GA,central,52000
2025-12,VF3TSACXTU0029515,TRN,2026,TRN-SU,3.5 가솔린,AWD,스틸 그레이,US-GA,south,59280
2025-12,VF3TCACXTU0029516,TRN,2026,TRN-CO,3.5 가솔린,AWD,스틸 그레이,US-GA,central,47840
2025-12,VF3TSFEXTU0029517,TRN,2026,TRN-SU,3.5 가솔린,FWD,오션 블루,US-GA,southeast,59280
2025-12,VF3TPAGXTU0029518,TRN,2026,TRN-PR,3.5 가솔린,AWD,포레스트 그린,US-GA,northeast,52000
2025-12,VF3TSFDXTU0029519,TRN,2026,TRN-SU,2.5T 하이브리드,FWD,실버,US-GA,south,59280
2025-12,VF3TPAFXTU0029520,TRN,2026,TRN-PR,3.5 가솔린,AWD,선셋 레드,US-GA,central,52000
2025-12,VF3TPABXTU0029521,TRN,2026,TRN-PR,3.5 가솔린,AWD,미드나잇 블랙,US-GA,south,52000
2025-12,VF3TPABXTU0029522,TRN,2026,TRN-PR,3.5 가솔린,AWD,미드나잇 블랙,US-GA,central,52000
2025-12,VF3TPAFXTU0029523,TRN,2026,TRN-PR,2.5T 하이브리드,AWD,선셋 레드,US-GA,central,52000
2025-12,VF3TCADXTU0029524,TRN,2026,TRN-CO,2.5T 하이브리드,AWD,실버,US-GA,southeast,47840
2025-12,VF3TCFAXTU0029525,TRN,2026,TRN-CO,2.5T 하이브리드,FWD,스노우 화이트,US-GA,southeast,47840
2025-12,VF3TCFEXTU0029526,TRN,2026,TRN-CO,2.5T 하이브리드,FWD,오션 블루,US-GA,southeast,47840
2025-12,VF3TCFBXTU0029527,TRN,2026,TRN-CO,3.5 가솔린,FWD,미드나잇 블랙,US-GA,southeast,47840
2025-12,VF3TCADXTU0029528,TRN,2026,TRN-CO,3.5 가솔린,AWD,실버,US-GA,northeast,47840
2025-12,VF3TPAAXTU0029529,TRN,2026,TRN-PR,2.5T 하이브리드,AWD,스노우 화이트,US-GA,northeast,52000
2025-12,VF3TPACXTU0029530,TRN,2026,TRN-PR,3.5 가솔린,AWD,스틸 그레이,US-GA,southeast,52000
2025-12,VF3TSFGXTU0029531,TRN,2026,TRN-SU,3.5 가솔린,FWD,포레스트 그린,US-GA,west,59280
2025-12,VF3TCFAXTU0029532,TRN,2026,TRN-CO,3.5 가솔린,FWD,스노우 화이트,US-GA,south,47840
2025-12,VF3TPABXTU0029533,TRN,2026,TRN-PR,2.5T 하이브리드,AWD,미드나잇 블랙,US-GA,southeast,52000
2025-12,VF3TPABXTU0029534,TRN,2026,TRN-PR,3.5 가솔린,AWD,미드나잇 블랙,US-GA,west,52000
2025-12,VF3TSABXTU0029535,TRN,2026,TRN-SU,2.5T 하이브리드,AWD,미드나잇 블랙,US-GA,central,59280
2025-12,VF3TCADXTU0029536,TRN,2026,TRN-CO,2.5T 하이브리드,AWD,실버,US-GA,south,47840
2025-12,VF3TCABXTU0029537,TRN,2026,TRN-CO,3.5 가솔린,AWD,미드나잇 블랙,US-GA,west,47840
2025-12,VF3TCACXTU0029538,TRN,2026,TRN-CO,3.5 가솔린,AWD,스틸 그레이,US-GA,northeast,47840
2025-12,VF3TCFCXTU0029539,TRN,2026,TRN-CO,3.5 가솔린,FWD,스틸 그레이,US-GA,central,47840
2025-12,VF3TCFAXTU0029540,TRN,2026,TRN-CO,2.5T 하이브리드,FWD,스노우 화이트,US-GA,central,47840
2025-12,VF3TPABXTU0029541,TRN,2026,TRN-PR,3.5 가솔린,AWD,미드나잇 블랙,US-GA,west,52000
2025-12,VF3TPACXTU0029542,TRN,2026,TRN-PR,3.5 가솔린,AWD,스틸 그레이,US-GA,west,52000
2025-12,VF3TCFCXTU0029543,TRN,2026,TRN-CO,2.5T 하이브리드,FWD,스틸 그레이,US-GA,central,47840
2025-12,VF3TCFBXTU0029544,TRN,2026,TRN-CO,2.5T 하이브리드,FWD,미드나잇 블랙,US-GA,south,47840
2025-12,VF3TPFAXTU0029545,TRN,2026,TRN-PR,3.5 가솔린,FWD,스노우 화이트,US-GA,west,52000
2025-12,VF3TPACXTU0029546,TRN,2026,TRN-PR,3.5 가솔린,AWD,스틸 그레이,US-GA,northeast,52000
2025-12,VF3TPAAXTU0029547,TRN,2026,TRN-PR,3.5 가솔린,AWD,스노우 화이트,US-GA,south,52000
2025-12,VF3TSAFXTU0029548,TRN,2026,TRN-SU,2.5T 하이브리드,AWD,선셋 레드,US-GA,central,59280
2025-12,VF3TCFBXTU0029549,TRN,2026,TRN-CO,2.5T 하이브리드,FWD,미드나잇 블랙,US-GA,south,47840
2025-12,VF3TPAFXTU0029550,TRN,2026,TRN-PR,3.5 가솔린,AWD,선셋 레드,US-GA,northeast,52000
2025-12,VF3TPAGXTU0029551,TRN,2026,TRN-PR,3.5 가솔린,AWD,포레스트 그린,US-GA,southeast,52000
2025-12,VF3TPAHXTU0029552,TRN,2026,TRN-PR,2.5T 하이브리드,AWD,샌드 베이지,US-GA,west,52000
2025-12,VF3TPACXTU0029553,TRN,2026,TRN-PR,2.5T 하이브리드,AWD,스틸 그레이,US-GA,west,52000
2025-12,VF3TPFBXSU0029554,TRN,2025,TRN-PR,3.5 가솔린,FWD,미드나잇 블랙,US-GA,southeast,52000
2025-12,VF3TPFBXTU0029555,TRN,2026,TRN-PR,2.5T 하이브리드,FWD,미드나잇 블랙,US-GA,south,52000
2025-12,VF3TPACXTU0029556,TRN,2026,TRN-PR,2.5T 하이브리드,AWD,스틸 그레이,US-GA,central,52000
2025-12,VF3TPABXTU0029557,TRN,2026,TRN-PR,3.5 가솔린,AWD,미드나잇 블랙,US-GA,south,52000
2025-12,VF3TCABXTU0029558,TRN,2026,TRN-CO,3.5 가솔린,AWD,미드나잇 블랙,US-GA,northeast,47840
2025-12,VF3TCAAXTU0029559,TRN,2026,TRN-CO,2.5T 하이브리드,AWD,스노우 화이트,US-GA,west,47840
2025-12,VF3TPFEXTU0029560,TRN,2026,TRN-PR,3.5 가솔린,FWD,오션 블루,US-GA,central,52000
2025-12,VF3TSAFXTU0029561,TRN,2026,TRN-SU,3.5 가솔린,AWD,선셋 레드,US-GA,southeast,59280
2025-12,VF3TPAAXTU0029562,TRN,2026,TRN-PR,3.5 가솔린,AWD,스노우 화이트,US-GA,southeast,52000
2025-12,VF3TPACXTU0029563,TRN,2026,TRN-PR,2.5T 하이브리드,AWD,스틸 그레이,US-GA,west,52000
2025-12,VF3TPAEXTU0029564,TRN,2026,TRN-PR,2.5T 하이브리드,AWD,오션 블루,US-GA,southeast,52000
2025-12,VF3TPAAXTU0029565,TRN,2026,TRN-PR,2.5T 하이브리드,AWD,스노우 화이트,US-GA,west,52000
2025-12,VF3TSABXTU0029566,TRN,2026,TRN-SU,2.5T 하이브리드,AWD,미드나잇 블랙,US-GA,west,59280
2025-12,VF3TCFAXTU0029567,TRN,2026,TRN-CO,3.5 가솔린,FWD,스노우 화이트,US-GA,south,47840
2025-12,VF3TPAGXTU0029568,TRN,2026,TRN-PR,3.5 가솔린,AWD,포레스트 그린,US-GA,west,52000
2025-12,VF3TCAEXTU0029569,TRN,2026,TRN-CO,2.5T 하이브리드,AWD,오션 블루,US-GA,northeast,47840
2025-12,VF3TCAAXTU0029570,TRN,2026,TRN-CO,3.5 가솔린,AWD,스노우 화이트,US-GA,southeast,47840
2025-12,VF3TCAAXTU0029571,TRN,2026,TRN-CO,3.5 가솔린,AWD,스노우 화이트,US-GA,south,47840
2025-12,VF3TSAAXTU0029572,TRN,2026,TRN-SU,2.5T 하이브리드,AWD,스노우 화이트,US-GA,west,59280
2025-12,VF3TSABXTU0029573,TRN,2026,TRN-SU,3.5 가솔린,AWD,미드나잇 블랙,US-GA,northeast,59280
2025-12,VF3TPAAXTU0029574,TRN,2026,TRN-PR,2.5T 하이브리드,AWD,스노우 화이트,US-GA,southeast,52000
2025-12,VF3TPACXTU0029575,TRN,2026,TRN-PR,3.5 가솔린,AWD,스틸 그레이,US-GA,west,52000
2025-12,VF3TCFGXSU0029576,TRN,2025,TRN-CO,2.5T 하이브리드,FWD,포레스트 그린,US-GA,south,47840
2025-12,VF3TCAEXTU0029577,TRN,2026,TRN-CO,2.5T 하이브리드,AWD,오션 블루,US-GA,south,47840
2025-12,VF3TPACXTU0029578,TRN,2026,TRN-PR,2.5T 하이브리드,AWD,스틸 그레이,US-GA,northeast,52000
2025-12,VF3TCAGXTU0029579,TRN,2026,TRN-CO,2.5T 하이브리드,AWD,포레스트 그린,US-GA,northeast,47840
2025-12,VF3TCFAXTU0029580,TRN,2026,TRN-CO,3.5 가솔린,FWD,스노우 화이트,US-GA,south,47840
2025-12,VF3TPAAXTU0029581,TRN,2026,TRN-PR,3.5 가솔린,AWD,스노우 화이트,US-GA,central,52000
2025-12,VF3TSFAXTU0029582,TRN,2026,TRN-SU,2.5T 하이브리드,FWD,스노우 화이트,US-GA,southeast,59280
2025-12,VF3TPAAXSU0029583,TRN,2025,TRN-PR,2.5T 하이브리드,AWD,스노우 화이트,US-GA,central,52000
2025-12,VF3TCADXTU0029584,TRN,2026,TRN-CO,2.5T 하이브리드,AWD,실버,US-GA,south,47840
2025-12,VF3TPAAXTU0029585,TRN,2026,TRN-PR,3.5 가솔린,AWD,스노우 화이트,US-GA,northeast,52000
2025-12,VF3TCFEXTU0029586,TRN,2026,TRN-CO,2.5T 하이브리드,FWD,오션 블루,US-GA,southeast,47840
2025-12,VF3TPAHXTU0029587,TRN,2026,TRN-PR,3.5 가솔린,AWD,샌드 베이지,US-GA,northeast,52000
2025-12,VF3TPABXTU0029588,TRN,2026,TRN-PR,2.5T 하이브리드,AWD,미드나잇 블랙,US-GA,west,52000
2025-12,VF3TPAAXTU0029589,TRN,2026,TRN-PR,3.5 가솔린,AWD,스노우 화이트,US-GA,south,52000
2025-12,VF3TCAAXTU0029590,TRN,2026,TRN-CO,2.5T 하이브리드,AWD,스노우 화이트,US-GA,west,47840
2025-12,VF3TPAFXTU0029591,TRN,2026,TRN-PR,2.5T 하이브리드,AWD,선셋 레드,US-GA,west,52000
2025-12,VF3TCAAXTU0029592,TRN,2026,TRN-CO,3.5 가솔린,AWD,스노우 화이트,US-GA,west,47840
2025-12,VF3TCAEXTU0029593,TRN,2026,TRN-CO,3.5 가솔린,AWD,오션 블루,US-GA,south,47840
2025-12,VF3TPAAXTU0029594,TRN,2026,TRN-PR,3.5 가솔린,AWD,스노우 화이트,US-GA,southeast,52000
2025-12,VF3TPACXTU0029595,TRN,2026,TRN-PR,2.5T 하이브리드,AWD,스틸 그레이,US-GA,northeast,52000
2025-12,VF3TPAAXTU0029596,TRN,2026,TRN-PR,3.5 가솔린,AWD,스노우 화이트,US-GA,southeast,52000
2025-12,VF3TCAFXTU0029597,TRN,2026,TRN-CO,3.5 가솔린,AWD,선셋 레드,US-GA,northeast,47840
2025-12,VF3TCACXTU0029598,TRN,2026,TRN-CO,3.5 가솔린,AWD,스틸 그레이,US-GA,southeast,47840
2025-12,VF3TCAAXTU0029599,TRN,2026,TRN-CO,3.5 가솔린,AWD,스노우 화이트,US-GA,central,47840
2025-12,VF3TCAAXTU0029600,TRN,2026,TRN-CO,2.5T 하이브리드,AWD,스노우 화이트,US-GA,northeast,47840
2025-12,VF3TCAEXTU0029601,TRN,2026,TRN-CO,2.5T 하이브리드,AWD,오션 블루,US-GA,west,47840
2025-12,VF3TPFDXTU0029602,TRN,2026,TRN-PR,3.5 가솔린,FWD,실버,US-GA,west,52000
2025-12,VF3TCFBXTU0029603,TRN,2026,TRN-CO,3.5 가솔린,FWD,미드나잇 블랙,US-GA,south,47840
2025-12,VF3TCAAXTU0029604,TRN,2026,TRN-CO,2.5T 하이브리드,AWD,스노우 화이트,US-GA,central,47840
2025-12,VF3TPABXTU0029605,TRN,2026,TRN-PR,2.5T 하이브리드,AWD,미드나잇 블랙,US-GA,northeast,52000
2025-12,VF3TPABXTU0029606,TRN,2026,TRN-PR,2.5T 하이브리드,AWD,미드나잇 블랙,US-GA,northeast,52000
2025-12,VF3TCAGXTU0029607,TRN,2026,TRN-CO,2.5T 하이브리드,AWD,포레스트 그린,US-GA,south,47840
2025-12,VF3TSABXTU0029608,TRN,2026,TRN-SU,3.5 가솔린,AWD,미드나잇 블랙,US-GA,south,59280
2025-12,VF3TPABXTU0029609,TRN,2026,TRN-PR,2.5T 하이브리드,AWD,미드나잇 블랙,US-GA,northeast,52000
2025-12,VF3TCACXTU0029610,TRN,2026,TRN-CO,2.5T 하이브리드,AWD,스틸 그레이,US-GA,northeast,47840
2025-12,VF3TCFHXTU0029611,TRN,2026,TRN-CO,3.5 가솔린,FWD,샌드 베이지,US-GA,south,47840
2025-12,VF3TSABXTU0029612,TRN,2026,TRN-SU,3.5 가솔린,AWD,미드나잇 블랙,US-GA,southeast,59280
2025-12,VF3TCAAXTU0029613,TRN,2026,TRN-CO,3.5 가솔린,AWD,스노우 화이트,US-GA,northeast,47840
2025-12,VF3TSACXTU0029614,TRN,2026,TRN-SU,2.5T 하이브리드,AWD,스틸 그레이,US-GA,northeast,59280
2025-12,VF3TPAAXTU0029615,TRN,2026,TRN-PR,3.5 가솔린,AWD,스노우 화이트,US-GA,west,52000
2025-12,VF3TSAEXTU0029616,TRN,2026,TRN-SU,2.5T 하이브리드,AWD,오션 블루,US-GA,northeast,59280
2025-12,VF3TCAFXTU0029617,TRN,2026,TRN-CO,3.5 가솔린,AWD,선셋 레드,US-GA,central,47840
2025-12,VF3TPFAXTU0029618,TRN,2026,TRN-PR,2.5T 하이브리드,FWD,스노우 화이트,US-GA,west,52000
2025-12,VF3TCABXTU0029619,TRN,2026,TRN-CO,2.5T 하이브리드,AWD,미드나잇 블랙,US-GA,northeast,47840
2025-12,VF3TCAAXTU0029620,TRN,2026,TRN-CO,2.5T 하이브리드,AWD,스노우 화이트,US-GA,west,47840
2025-12,VF3TPFBXTU0029621,TRN,2026,TRN-PR,3.5 가솔린,FWD,미드나잇 블랙,US-GA,west,52000
2025-12,VF3TPACXTU0029622,TRN,2026,TRN-PR,2.5T 하이브리드,AWD,스틸 그레이,US-GA,southeast,52000
2025-12,VF3TSAAXSU0029623,TRN,2025,TRN-SU,2.5T 하이브리드,AWD,스노우 화이트,US-GA,south,59280
2025-12,VF3TPFDXTU0029624,TRN,2026,TRN-PR,2.5T 하이브리드,FWD,실버,US-GA,south,52000
2025-12,VF3TCFFXTU0029625,TRN,2026,TRN-CO,3.5 가솔린,FWD,선셋 레드,US-GA,southeast,47840
2025-12,VF3TSABXTU0029626,TRN,2026,TRN-SU,2.5T 하이브리드,AWD,미드나잇 블랙,US-GA,west,59280
2025-12,VF3TPAFXTU0029627,TRN,2026,TRN-PR,2.5T 하이브리드,AWD,선셋 레드,US-GA,central,52000
2025-12,VF3TPADXTU0029628,TRN,2026,TRN-PR,2.5T 하이브리드,AWD,실버,US-GA,south,52000
2025-12,VF3TPABXTU0029629,TRN,2026,TRN-PR,2.5T 하이브리드,AWD,미드나잇 블랙,US-GA,west,52000
2025-12,VF3TPACXTU0029630,TRN,2026,TRN-PR,2.5T 하이브리드,AWD,스틸 그레이,US-GA,central,52000
2025-12,VF3TCAFXTU0029631,TRN,2026,TRN-CO,3.5 가솔린,AWD,선셋 레드,US-GA,central,47840
2025-12,VF3TSADXTU0029632,TRN,2026,TRN-SU,3.5 가솔린,AWD,실버,US-GA,south,59280
2025-12,VF3TCAAXTU0029633,TRN,2026,TRN-CO,2.5T 하이브리드,AWD,스노우 화이트,US-GA,northeast,47840
2025-12,VF3TSFAXSU0029634,TRN,2025,TRN-SU,2.5T 하이브리드,FWD,스노우 화이트,US-GA,west,59280
2025-12,VF3TPAAXTU0029635,TRN,2026,TRN-PR,2.5T 하이브리드,AWD,스노우 화이트,US-GA,northeast,52000
2025-12,VF3TSADXTU0029636,TRN,2026,TRN-SU,3.5 가솔린,AWD,실버,US-GA,northeast,59280
2025-12,VF3TCFDXTU0029637,TRN,2026,TRN-CO,2.5T 하이브리드,FWD,실버,US-GA,west,47840
2025-12,VF3TSACXTU0029638,TRN,2026,TRN-SU,2.5T 하이브리드,AWD,스틸 그레이,US-GA,northeast,59280
2025-12,VF3TPFAXTU0029639,TRN,2026,TRN-PR,3.5 가솔린,FWD,스노우 화이트,US-GA,central,52000
2025-12,VF3TSFAXTU0029640,TRN,2026,TRN-SU,3.5 가솔린,FWD,스노우 화이트,US-GA,south,59280
2025-12,VF3TCACXTU0029641,TRN,2026,TRN-CO,3.5 가솔린,AWD,스틸 그레이,US-GA,west,47840
2025-12,VF3TCAAXTU0029642,TRN,2026,TRN-CO,3.5 가솔린,AWD,스노우 화이트,US-GA,central,47840
2025-12,VF3TPADXTU0029643,TRN,2026,TRN-PR,2.5T 하이브리드,AWD,실버,US-GA,central,52000
2025-12,VF3TPADXTU0029644,TRN,2026,TRN-PR,3.5 가솔린,AWD,실버,US-GA,west,52000
2025-12,VF3TPFAXTU0029645,TRN,2026,TRN-PR,3.5 가솔린,FWD,스노우 화이트,US-GA,south,52000
2025-12,VF3VCFGXTU0029646,VST,2026,VST-CO,2.5 가솔린,FWD,포레스트 그린,US-GA,central,35420
2025-12,VF3VPFBXTU0029647,VST,2026,VST-PR,2.5 가솔린,FWD,미드나잇 블랙,US-GA,central,38500
2025-12,VF3VSFEXTU0029648,VST,2026,VST-TR,1.6T 하이브리드,FWD,오션 블루,US-GA,west,43890
2025-12,VF3VPFBXTU0029649,VST,2026,VST-PR,1.6T 하이브리드,FWD,미드나잇 블랙,US-GA,northeast,38500
2025-12,VF3VCABXTU0029650,VST,2026,VST-CO,1.6T 하이브리드,AWD,미드나잇 블랙,US-GA,northeast,35420
2025-12,VF3VSADXTU0029651,VST,2026,VST-TR,2.5 가솔린,AWD,실버,US-GA,south,43890
2025-12,VF3VPFAXTU0029652,VST,2026,VST-PR,2.5 가솔린,FWD,스노우 화이트,US-GA,central,38500
2025-12,VF3VPACXTU0029653,VST,2026,VST-PR,2.5 가솔린,AWD,스틸 그레이,US-GA,west,38500
2025-12,VF3VSFEXTU0029654,VST,2026,VST-TR,2.5 가솔린,FWD,오션 블루,US-GA,northeast,43890
2025-12,VF3VCACXTU0029655,VST,2026,VST-CO,2.5 가솔린,AWD,스틸 그레이,US-GA,west,35420
2025-12,VF3VPAEXTU0029656,VST,2026,VST-PR,2.5 가솔린,AWD,오션 블루,US-GA,south,38500
2025-12,VF3VSADXTU0029657,VST,2026,VST-TR,1.6T 하이브리드,AWD,실버,US-GA,south,43890
2025-12,VF3VPAGXTU0029658,VST,2026,VST-PR,1.6T 하이브리드,AWD,포레스트 그린,US-GA,central,38500
2025-12,VF3VPFGXTU0029659,VST,2026,VST-PR,2.5 가솔린,FWD,포레스트 그린,US-GA,south,38500
2025-12,VF3VSAAXTU0029660,VST,2026,VST-TR,2.5 가솔린,AWD,스노우 화이트,US-GA,west,43890
2025-12,VF3VPFFXTU0029661,VST,2026,VST-PR,1.6T 하이브리드,FWD,선셋 레드,US-GA,west,38500
2025-12,VF3VSACXTU0029662,VST,2026,VST-TR,1.6T 하이브리드,AWD,스틸 그레이,US-GA,west,43890
2025-12,VF3VSFAXTU0029663,VST,2026,VST-TR,2.5 가솔린,FWD,스노우 화이트,US-GA,south,43890
2025-12,VF3VCAFXTU0029664,VST,2026,VST-CO,1.6T 하이브리드,AWD,선셋 레드,US-GA,southeast,35420
2025-12,VF3VCAAXTU0029665,VST,2026,VST-CO,1.6T 하이브리드,AWD,스노우 화이트,US-GA,northeast,35420
2025-12,VF3VPFAXTU0029666,VST,2026,VST-PR,2.5 가솔린,FWD,스노우 화이트,US-GA,west,38500
2025-12,VF3VPAAXTU0029667,VST,2026,VST-PR,2.5 가솔린,AWD,스노우 화이트,US-GA,central,38500
2025-12,VF3VPFBXTU0029668,VST,2026,VST-PR,1.6T 하이브리드,FWD,미드나잇 블랙,US-GA,west,38500
2025-12,VF3VPAAXTU0029669,VST,2026,VST-PR,1.6T 하이브리드,AWD,스노우 화이트,US-GA,northeast,38500
2025-12,VF3VCAAXTU0029670,VST,2026,VST-CO,2.5 가솔린,AWD,스노우 화이트,US-GA,southeast,35420
2025-12,VF3VCAAXTU0029671,VST,2026,VST-CO,2.5 가솔린,AWD,스노우 화이트,US-GA,west,35420
2025-12,VF3VPABXSU0029672,VST,2025,VST-PR,2.5 가솔린,AWD,미드나잇 블랙,US-GA,central,38500
2025-12,VF3VPFFXTU0029673,VST,2026,VST-PR,1.6T 하이브리드,FWD,선셋 레드,US-GA,south,38500
2025-12,VF3VCAHXSU0029674,VST,2025,VST-CO,1.6T 하이브리드,AWD,샌드 베이지,US-GA,southeast,35420
2025-12,VF3VPABXTU0029675,VST,2026,VST-PR,2.5 가솔린,AWD,미드나잇 블랙,US-GA,central,38500
2025-12,VF3VCAGXTU0029676,VST,2026,VST-CO,2.5 가솔린,AWD,포레스트 그린,US-GA,south,35420
2025-12,VF3VPAAXTU0029677,VST,2026,VST-PR,1.6T 하이브리드,AWD,스노우 화이트,US-GA,central,38500
2025-12,VF3VSABXTU0029678,VST,2026,VST-TR,2.5 가솔린,AWD,미드나잇 블랙,US-GA,southeast,43890
2025-12,VF3VPFCXTU0029679,VST,2026,VST-PR,2.5 가솔린,FWD,스틸 그레이,US-GA,west,38500
2025-12,VF3VPABXSU0029680,VST,2025,VST-PR,2.5 가솔린,AWD,미드나잇 블랙,US-GA,west,38500
2025-12,VF3VPFBXTU0029681,VST,2026,VST-PR,1.6T 하이브리드,FWD,미드나잇 블랙,US-GA,central,38500
2025-12,VF3VCADXTU0029682,VST,2026,VST-CO,2.5 가솔린,AWD,실버,US-GA,west,35420
2025-12,VF3VPFFXTU0029683,VST,2026,VST-PR,2.5 가솔린,FWD,선셋 레드,US-GA,southeast,38500
2025-12,VF3VCAAXTU0029684,VST,2026,VST-CO,1.6T 하이브리드,AWD,스노우 화이트,US-GA,central,35420
2025-12,VF3VCACXTU0029685,VST,2026,VST-CO,2.5 가솔린,AWD,스틸 그레이,US-GA,southeast,35420
2025-12,VF3VCFBXTU0029686,VST,2026,VST-CO,2.5 가솔린,FWD,미드나잇 블랙,US-GA,west,35420
2025-12,VF3VCAAXTU0029687,VST,2026,VST-CO,2.5 가솔린,AWD,스노우 화이트,US-GA,southeast,35420
2025-12,VF3VPFEXTU0029688,VST,2026,VST-PR,1.6T 하이브리드,FWD,오션 블루,US-GA,northeast,38500
2025-12,VF3VPFCXSU0029689,VST,2025,VST-PR,1.6T 하이브리드,FWD,스틸 그레이,US-GA,west,38500
2025-12,VF3VSABXTU0029690,VST,2026,VST-TR,2.5 가솔린,AWD,미드나잇 블랙,US-GA,northeast,43890
2025-12,VF3VSAFXTU0029691,VST,2026,VST-TR,1.6T 하이브리드,AWD,선셋 레드,US-GA,central,43890
2025-12,VF3VSAAXTU0029692,VST,2026,VST-TR,2.5 가솔린,AWD,스노우 화이트,US-GA,west,43890
2025-12,VF3VCFHXTU0029693,VST,2026,VST-CO,1.6T 하이브리드,FWD,샌드 베이지,US-GA,south,35420
2025-12,VF3VCFAXTU0029694,VST,2026,VST-CO,2.5 가솔린,FWD,스노우 화이트,US-GA,west,35420
2025-12,VF3VPFGXTU0029695,VST,2026,VST-PR,2.5 가솔린,FWD,포레스트 그린,US-GA,west,38500
2025-12,VF3VCACXTU0029696,VST,2026,VST-CO,1.6T 하이브리드,AWD,스틸 그레이,US-GA,central,35420
2025-12,VF3VSFBXTU0029697,VST,2026,VST-TR,2.5 가솔린,FWD,미드나잇 블랙,US-GA,central,43890
2025-12,VF3VCACXTU0029698,VST,2026,VST-CO,1.6T 하이브리드,AWD,스틸 그레이,US-GA,central,35420
2025-12,VF3VCAFXSU0029699,VST,2025,VST-CO,2.5 가솔린,AWD,선셋 레드,US-GA,central,35420
2025-12,VF3VCACXTU0029700,VST,2026,VST-CO,2.5 가솔린,AWD,스틸 그레이,US-GA,south,35420
2025-12,VF3VPFAXTU0029701,VST,2026,VST-PR,2.5 가솔린,FWD,스노우 화이트,US-GA,south,38500
2025-12,VF3VPFCXTU0029702,VST,2026,VST-PR,2.5 가솔린,FWD,스틸 그레이,US-GA,south,38500
2025-12,VF3VPFBXTU0029703,VST,2026,VST-PR,1.6T 하이브리드,FWD,미드나잇 블랙,US-GA,south,38500
2025-12,VF3VPFAXTU0029704,VST,2026,VST-PR,1.6T 하이브리드,FWD,스노우 화이트,US-GA,central,38500
2025-12,VF3VCABXTU0029705,VST,2026,VST-CO,1.6T 하이브리드,AWD,미드나잇 블랙,US-GA,central,35420
2025-12,VF3VPAHXTU0029706,VST,2026,VST-PR,2.5 가솔린,AWD,샌드 베이지,US-GA,west,38500
2025-12,VF3VCFBXTU0029707,VST,2026,VST-CO,1.6T 하이브리드,FWD,미드나잇 블랙,US-GA,northeast,35420
2025-12,VF3VPAAXTU0029708,VST,2026,VST-PR,1.6T 하이브리드,AWD,스노우 화이트,US-GA,south,38500
2025-12,VF3VSABXTU0029709,VST,2026,VST-TR,2.5 가솔린,AWD,미드나잇 블랙,US-GA,west,43890
2025-12,VF3VSFAXTU0029710,VST,2026,VST-TR,1.6T 하이브리드,FWD,스노우 화이트,US-GA,south,43890
2025-12,VF3VCADXTU0029711,VST,2026,VST-CO,2.5 가솔린,AWD,실버,US-GA,west,35420
2025-12,VF3VCFCXTU0029712,VST,2026,VST-CO,1.6T 하이브리드,FWD,스틸 그레이,US-GA,central,35420
2025-12,VF3VCFGXTU0029713,VST,2026,VST-CO,2.5 가솔린,FWD,포레스트 그린,US-GA,southeast,35420
2025-12,VF3VCFGXTU0029714,VST,2026,VST-CO,2.5 가솔린,FWD,포레스트 그린,US-GA,west,35420
2025-12,VF3VSAEXTU0029715,VST,2026,VST-TR,1.6T 하이브리드,AWD,오션 블루,US-GA,west,43890
2025-12,VF3VPFAXTU0029716,VST,2026,VST-PR,2.5 가솔린,FWD,스노우 화이트,US-GA,northeast,38500
2025-12,VF3VCFBXTU0029717,VST,2026,VST-CO,1.6T 하이브리드,FWD,미드나잇 블랙,US-GA,south,35420
2025-12,VF3VCAAXTU0029718,VST,2026,VST-CO,2.5 가솔린,AWD,스노우 화이트,US-GA,southeast,35420
2025-12,VF3VPFEXTU0029719,VST,2026,VST-PR,2.5 가솔린,FWD,오션 블루,US-GA,west,38500
2025-12,VF3VCAFXTU0029720,VST,2026,VST-CO,2.5 가솔린,AWD,선셋 레드,US-GA,northeast,35420
2025-12,VF3VPFCXSU0029721,VST,2025,VST-PR,2.5 가솔린,FWD,스틸 그레이,US-GA,southeast,38500
2025-12,VF3VCFAXTU0029722,VST,2026,VST-CO,1.6T 하이브리드,FWD,스노우 화이트,US-GA,northeast,35420
2025-12,VF3VCABXTU0029723,VST,2026,VST-CO,1.6T 하이브리드,AWD,미드나잇 블랙,US-GA,southeast,35420
2025-12,VF3VPFBXTU0029724,VST,2026,VST-PR,1.6T 하이브리드,FWD,미드나잇 블랙,US-GA,south,38500
2025-12,VF3VPFAXTU0029725,VST,2026,VST-PR,1.6T 하이브리드,FWD,스노우 화이트,US-GA,southeast,38500
2025-12,VF3VCAEXTU0029726,VST,2026,VST-CO,2.5 가솔린,AWD,오션 블루,US-GA,west,35420
2025-12,VF3VPAFXTU0029727,VST,2026,VST-PR,1.6T 하이브리드,AWD,선셋 레드,US-GA,southeast,38500
2025-12,VF3VSABXTU0029728,VST,2026,VST-TR,2.5 가솔린,AWD,미드나잇 블랙,US-GA,northeast,43890
2025-12,VF3VPFGXTU0029729,VST,2026,VST-PR,2.5 가솔린,FWD,포레스트 그린,US-GA,west,38500
2025-12,VF3VCAGXTU0029730,VST,2026,VST-CO,1.6T 하이브리드,AWD,포레스트 그린,US-GA,central,35420
2025-12,VF3VSFHXTU0029731,VST,2026,VST-TR,2.5 가솔린,FWD,샌드 베이지,US-GA,central,43890
2025-12,VF3VPACXTU0029732,VST,2026,VST-PR,1.6T 하이브리드,AWD,스틸 그레이,US-GA,west,38500
2025-12,VF3VSFAXTU0029733,VST,2026,VST-TR,1.6T 하이브리드,FWD,스노우 화이트,US-GA,central,43890
2025-12,VF3VPADXTU0029734,VST,2026,VST-PR,2.5 가솔린,AWD,실버,US-GA,west,38500
2025-12,VF3VCACXTU0029735,VST,2026,VST-CO,1.6T 하이브리드,AWD,스틸 그레이,US-GA,northeast,35420
2025-12,VF3VCFBXSU0029736,VST,2025,VST-CO,1.6T 하이브리드,FWD,미드나잇 블랙,US-GA,south,35420
2025-12,VF3VSAFXTU0029737,VST,2026,VST-TR,2.5 가솔린,AWD,선셋 레드,US-GA,southeast,43890
2025-12,VF3VCFBXTU0029738,VST,2026,VST-CO,1.6T 하이브리드,FWD,미드나잇 블랙,US-GA,central,35420
2025-12,VF3VCACXTU0029739,VST,2026,VST-CO,2.5 가솔린,AWD,스틸 그레이,US-GA,central,35420
2025-12,VF3VPFAXTU0029740,VST,2026,VST-PR,2.5 가솔린,FWD,스노우 화이트,US-GA,northeast,38500
2025-12,VF3VPABXTU0029741,VST,2026,VST-PR,1.6T 하이브리드,AWD,미드나잇 블랙,US-GA,west,38500
2025-12,VF3VSFCXTU0029742,VST,2026,VST-TR,1.6T 하이브리드,FWD,스틸 그레이,US-GA,southeast,43890
2025-12,VF3VPAEXTU0029743,VST,2026,VST-PR,2.5 가솔린,AWD,오션 블루,US-GA,northeast,38500
2025-12,VF3VPFDXTU0029744,VST,2026,VST-PR,1.6T 하이브리드,FWD,실버,US-GA,west,38500
2025-12,VF3VPFHXTU0029745,VST,2026,VST-PR,1.6T 하이브리드,FWD,샌드 베이지,US-GA,southeast,38500
2025-12,VF3VSACXTU0029746,VST,2026,VST-TR,2.5 가솔린,AWD,스틸 그레이,US-GA,central,43890
2025-12,VF3VCADXTU0029747,VST,2026,VST-CO,1.6T 하이브리드,AWD,실버,US-GA,south,35420
2025-12,VF3VSFCXTU0029748,VST,2026,VST-TR,2.5 가솔린,FWD,스틸 그레이,US-GA,southeast,43890
2025-12,VF3VSAEXTU0029749,VST,2026,VST-TR,2.5 가솔린,AWD,오션 블루,US-GA,southeast,43890
2025-12,VF3VPFBXTU0029750,VST,2026,VST-PR,1.6T 하이브리드,FWD,미드나잇 블랙,US-GA,northeast,38500
2025-12,VF3VPFFXTU0029751,VST,2026,VST-PR,2.5 가솔린,FWD,선셋 레드,US-GA,central,38500
2025-12,VF3VPFEXTU0029752,VST,2026,VST-PR,1.6T 하이브리드,FWD,오션 블루,US-GA,west,38500
2025-12,VF3VCACXTU0029753,VST,2026,VST-CO,2.5 가솔린,AWD,스틸 그레이,US-GA,south,35420
2025-12,VF3VPFDXTU0029754,VST,2026,VST-PR,2.5 가솔린,FWD,실버,US-GA,northeast,38500
2025-12,VF3VCFAXTU0029755,VST,2026,VST-CO,2.5 가솔린,FWD,스노우 화이트,US-GA,southeast,35420
2025-12,VF3VCACXTU0029756,VST,2026,VST-CO,2.5 가솔린,AWD,스틸 그레이,US-GA,west,35420
2025-12,VF3VCFAXTU0029757,VST,2026,VST-CO,2.5 가솔린,FWD,스노우 화이트,US-GA,south,35420
2025-12,VF3VPFAXTU0029758,VST,2026,VST-PR,1.6T 하이브리드,FWD,스노우 화이트,US-GA,west,38500
2025-12,VF3VPFBXTU0029759,VST,2026,VST-PR,1.6T 하이브리드,FWD,미드나잇 블랙,US-GA,west,38500
2025-12,VF3VSFAXTU0029760,VST,2026,VST-TR,1.6T 하이브리드,FWD,스노우 화이트,US-GA,west,43890
2025-12,VF3VSFCXTU0029761,VST,2026,VST-TR,2.5 가솔린,FWD,스틸 그레이,US-GA,southeast,43890
2025-12,VF3VCFGXTU0029762,VST,2026,VST-CO,1.6T 하이브리드,FWD,포레스트 그린,US-GA,northeast,35420
2025-12,VF3VCABXTU0029763,VST,2026,VST-CO,1.6T 하이브리드,AWD,미드나잇 블랙,US-GA,south,35420
2025-12,VF3VCFAXTU0029764,VST,2026,VST-CO,2.5 가솔린,FWD,스노우 화이트,US-GA,northeast,35420
2025-12,VF3VCAAXTU0029765,VST,2026,VST-CO,2.5 가솔린,AWD,스노우 화이트,US-GA,central,35420
2025-12,VF3VPFCXTU0029766,VST,2026,VST-PR,1.6T 하이브리드,FWD,스틸 그레이,US-GA,west,38500
2025-12,VF3VCAHXTU0029767,VST,2026,VST-CO,1.6T 하이브리드,AWD,샌드 베이지,US-GA,west,35420
2025-12,VF3VPABXTU0029768,VST,2026,VST-PR,1.6T 하이브리드,AWD,미드나잇 블랙,US-GA,central,38500
2025-12,VF3VSAEXTU0029769,VST,2026,VST-TR,2.5 가솔린,AWD,오션 블루,US-GA,northeast,43890
2025-12,VF3VSFBXTU0029770,VST,2026,VST-TR,2.5 가솔린,FWD,미드나잇 블랙,US-GA,southeast,43890
2025-12,VF3VPFFXTU0029771,VST,2026,VST-PR,1.6T 하이브리드,FWD,선셋 레드,US-GA,southeast,38500
2025-12,VF3VPFAXTU0029772,VST,2026,VST-PR,2.5 가솔린,FWD,스노우 화이트,US-GA,southeast,38500
2025-12,VF3VSAAXTU0029773,VST,2026,VST-TR,1.6T 하이브리드,AWD,스노우 화이트,US-GA,southeast,43890
2025-12,VF3VSFDXTU0029774,VST,2026,VST-TR,2.5 가솔린,FWD,실버,US-GA,west,43890
2025-12,VF3VCAAXTU0029775,VST,2026,VST-CO,1.6T 하이브리드,AWD,스노우 화이트,US-GA,northeast,35420
2025-12,VF3VCFFXTU0029776,VST,2026,VST-CO,1.6T 하이브리드,FWD,선셋 레드,US-GA,west,35420
2025-12,VF3VPABXTU0029777,VST,2026,VST-PR,1.6T 하이브리드,AWD,미드나잇 블랙,US-GA,central,38500
2025-12,VF3VCAAXTU0029778,VST,2026,VST-CO,2.5 가솔린,AWD,스노우 화이트,US-GA,west,35420
2025-12,VF3VPAAXTU0029779,VST,2026,VST-PR,2.5 가솔린,AWD,스노우 화이트,US-GA,west,38500
2025-12,VF3VPFAXTU0029780,VST,2026,VST-PR,2.5 가솔린,FWD,스노우 화이트,US-GA,central,38500
2025-12,VF3VCAAXTU0029781,VST,2026,VST-CO,1.6T 하이브리드,AWD,스노우 화이트,US-GA,southeast,35420
2025-12,VF3VSFFXTU0029782,VST,2026,VST-TR,1.6T 하이브리드,FWD,선셋 레드,US-GA,south,43890
2025-12,VF3VPFFXTU0029783,VST,2026,VST-PR,2.5 가솔린,FWD,선셋 레드,US-GA,southeast,38500
2025-12,VF3VPFGXTU0029784,VST,2026,VST-PR,1.6T 하이브리드,FWD,포레스트 그린,US-GA,northeast,38500
2025-12,VF3VPACXTU0029785,VST,2026,VST-PR,2.5 가솔린,AWD,스틸 그레이,US-GA,south,38500
2025-12,VF3VCACXTU0029786,VST,2026,VST-CO,1.6T 하이브리드,AWD,스틸 그레이,US-GA,northeast,35420
2025-12,VF3VPFAXTU0029787,VST,2026,VST-PR,2.5 가솔린,FWD,스노우 화이트,US-GA,west,38500
2025-12,VF3VPABXTU0029788,VST,2026,VST-PR,1.6T 하이브리드,AWD,미드나잇 블랙,US-GA,west,38500
2025-12,VF3VPFBXTU0029789,VST,2026,VST-PR,2.5 가솔린,FWD,미드나잇 블랙,US-GA,west,38500
2025-12,VF3VPAHXTU0029790,VST,2026,VST-PR,1.6T 하이브리드,AWD,샌드 베이지,US-GA,northeast,38500
2025-12,VF3VCFBXTU0029791,VST,2026,VST-CO,2.5 가솔린,FWD,미드나잇 블랙,US-GA,west,35420
2025-12,VF3VPACXTU0029792,VST,2026,VST-PR,2.5 가솔린,AWD,스틸 그레이,US-GA,central,38500
2025-12,VF3VPABXTU0029793,VST,2026,VST-PR,1.6T 하이브리드,AWD,미드나잇 블랙,US-GA,west,38500
2025-12,VF3VPFAXTU0029794,VST,2026,VST-PR,1.6T 하이브리드,FWD,스노우 화이트,US-GA,west,38500
2025-12,VF3VSABXTU0029795,VST,2026,VST-TR,1.6T 하이브리드,AWD,미드나잇 블랙,US-GA,west,43890
2025-12,VF3VPFDXTU0029796,VST,2026,VST-PR,2.5 가솔린,FWD,실버,US-GA,south,38500
2025-12,VF3VPAAXTU0029797,VST,2026,VST-PR,1.6T 하이브리드,AWD,스노우 화이트,US-GA,northeast,38500
2025-12,VF3VCFAXTU0029798,VST,2026,VST-CO,2.5 가솔린,FWD,스노우 화이트,US-GA,northeast,35420
2025-12,VF3VSFDXTU0029799,VST,2026,VST-TR,1.6T 하이브리드,FWD,실버,US-GA,south,43890
2025-12,VF3VSAFXTU0029800,VST,2026,VST-TR,2.5 가솔린,AWD,선셋 레드,US-GA,west,43890
2025-12,VF3VCFEXTU0029801,VST,2026,VST-CO,2.5 가솔린,FWD,오션 블루,US-GA,northeast,35420
2025-12,VF3VCABXTU0029802,VST,2026,VST-CO,1.6T 하이브리드,AWD,미드나잇 블랙,US-GA,south,35420
2025-12,VF3VPFAXTU0029803,VST,2026,VST-PR,1.6T 하이브리드,FWD,스노우 화이트,US-GA,south,38500
2025-12,VF3VCAEXTU0029804,VST,2026,VST-CO,2.5 가솔린,AWD,오션 블루,US-GA,central,35420
2025-12,VF3VPFGXTU0029805,VST,2026,VST-PR,2.5 가솔린,FWD,포레스트 그린,US-GA,south,38500
2025-12,VF3VCFEXTU0029806,VST,2026,VST-CO,2.5 가솔린,FWD,오션 블루,US-GA,southeast,35420
2025-12,VF3VSAEXTU0029807,VST,2026,VST-TR,1.6T 하이브리드,AWD,오션 블루,US-GA,southeast,43890
2025-12,VF3VPACXTU0029808,VST,2026,VST-PR,1.6T 하이브리드,AWD,스틸 그레이,US-GA,central,38500
2025-12,VF3VSAAXTU0029809,VST,2026,VST-TR,1.6T 하이브리드,AWD,스노우 화이트,US-GA,central,43890
2025-12,VF3VPAAXTU0029810,VST,2026,VST-PR,2.5 가솔린,AWD,스노우 화이트,US-GA,south,38500
2025-12,VF3VCFHXTU0029811,VST,2026,VST-CO,1.6T 하이브리드,FWD,샌드 베이지,US-GA,central,35420
2025-12,VF3VCACXTU0029812,VST,2026,VST-CO,2.5 가솔린,AWD,스틸 그레이,US-GA,west,35420
2025-12,VF3VSAAXTU0029813,VST,2026,VST-TR,1.6T 하이브리드,AWD,스노우 화이트,US-GA,central,43890
2025-12,VF3VPAAXTU0029814,VST,2026,VST-PR,2.5 가솔린,AWD,스노우 화이트,US-GA,northeast,38500
2025-12,VF3VSFHXTU0029815,VST,2026,VST-TR,1.6T 하이브리드,FWD,샌드 베이지,US-GA,west,43890
2025-12,VF3VSAAXTU0029816,VST,2026,VST-TR,1.6T 하이브리드,AWD,스노우 화이트,US-GA,south,43890
2025-12,VF3VPFCXTU0029817,VST,2026,VST-PR,2.5 가솔린,FWD,스틸 그레이,US-GA,west,38500
2025-12,VF3VPAAXTU0029818,VST,2026,VST-PR,1.6T 하이브리드,AWD,스노우 화이트,US-GA,west,38500
2025-12,VF3VPFBXTU0029819,VST,2026,VST-PR,2.5 가솔린,FWD,미드나잇 블랙,US-GA,northeast,38500
2025-12,VF3VCFFXTU0029820,VST,2026,VST-CO,1.6T 하이브리드,FWD,선셋 레드,US-GA,northeast,35420
2025-12,VF3VCACXTU0029821,VST,2026,VST-CO,1.6T 하이브리드,AWD,스틸 그레이,US-GA,west,35420
2025-12,VF3VPAEXTU0029822,VST,2026,VST-PR,2.5 가솔린,AWD,오션 블루,US-GA,southeast,38500
2025-12,VF3VCFBXTU0029823,VST,2026,VST-CO,2.5 가솔린,FWD,미드나잇 블랙,US-GA,south,35420
2025-12,VF3VCFCXTU0029824,VST,2026,VST-CO,1.6T 하이브리드,FWD,스틸 그레이,US-GA,west,35420
2025-12,VF3VCAAXTU0029825,VST,2026,VST-CO,2.5 가솔린,AWD,스노우 화이트,US-GA,west,35420
2025-12,VF3VCACXTU0029826,VST,2026,VST-CO,2.5 가솔린,AWD,스틸 그레이,US-GA,central,35420
2025-12,VF3VCADXTU0029827,VST,2026,VST-CO,1.6T 하이브리드,AWD,실버,US-GA,southeast,35420
2025-12,VF3VPACXTU0029828,VST,2026,VST-PR,1.6T 하이브리드,AWD,스틸 그레이,US-GA,southeast,38500
2025-12,VF3VCABXTU0029829,VST,2026,VST-CO,2.5 가솔린,AWD,미드나잇 블랙,US-GA,west,35420
2025-12,VF3VPFAXTU0029830,VST,2026,VST-PR,2.5 가솔린,FWD,스노우 화이트,US-GA,central,38500
2025-12,VF3VCABXTU0029831,VST,2026,VST-CO,1.6T 하이브리드,AWD,미드나잇 블랙,US-GA,central,35420
2025-12,VF3VSFAXTU0029832,VST,2026,VST-TR,1.6T 하이브리드,FWD,스노우 화이트,US-GA,central,43890
2025-12,VF3VCFAXTU0029833,VST,2026,VST-CO,1.6T 하이브리드,FWD,스노우 화이트,US-GA,west,35420
2025-12,VF3VCABXTU0029834,VST,2026,VST-CO,1.6T 하이브리드,AWD,미드나잇 블랙,US-GA,southeast,35420
2025-12,VF3VCFEXTU0029835,VST,2026,VST-CO,2.5 가솔린,FWD,오션 블루,US-GA,southeast,35420
2025-12,VF3VCACXTU0029836,VST,2026,VST-CO,1.6T 하이브리드,AWD,스틸 그레이,US-GA,south,35420
2025-12,VF3VCACXTU0029837,VST,2026,VST-CO,1.6T 하이브리드,AWD,스틸 그레이,US-GA,northeast,35420
2025-12,VF3VPACXTU0029838,VST,2026,VST-PR,1.6T 하이브리드,AWD,스틸 그레이,US-GA,central,38500
2025-12,VF3VCFAXTU0029839,VST,2026,VST-CO,1.6T 하이브리드,FWD,스노우 화이트,US-GA,west,35420
2025-12,VF3VCFEXTU0029840,VST,2026,VST-CO,2.5 가솔린,FWD,오션 블루,US-GA,southeast,35420
2025-12,VF3VSFCXTU0029841,VST,2026,VST-TR,1.6T 하이브리드,FWD,스틸 그레이,US-GA,west,43890
2025-12,VF3VPAAXTU0029842,VST,2026,VST-PR,2.5 가솔린,AWD,스노우 화이트,US-GA,south,38500
2025-12,VF3VSAAXTU0029843,VST,2026,VST-TR,2.5 가솔린,AWD,스노우 화이트,US-GA,northeast,43890
2025-12,VF3VPFDXTU0029844,VST,2026,VST-PR,1.6T 하이브리드,FWD,실버,US-GA,west,38500
2025-12,VF3VSAAXTU0029845,VST,2026,VST-TR,1.6T 하이브리드,AWD,스노우 화이트,US-GA,northeast,43890
2025-12,VF3VCFEXTU0029846,VST,2026,VST-CO,1.6T 하이브리드,FWD,오션 블루,US-GA,south,35420
2025-12,VF3VPFDXTU0029847,VST,2026,VST-PR,1.6T 하이브리드,FWD,실버,US-GA,southeast,38500
2025-12,VF3VCFCXTU0029848,VST,2026,VST-CO,1.6T 하이브리드,FWD,스틸 그레이,US-GA,central,35420
2025-12,VF3VCACXTU0029849,VST,2026,VST-CO,1.6T 하이브리드,AWD,스틸 그레이,US-GA,southeast,35420
2025-12,VF3VSACXTU0029850,VST,2026,VST-TR,1.6T 하이브리드,AWD,스틸 그레이,US-GA,central,43890
2025-12,VF3VPAAXTU0029851,VST,2026,VST-PR,1.6T 하이브리드,AWD,스노우 화이트,US-GA,west,38500
2025-12,VF3VSFBXTU0029852,VST,2026,VST-TR,1.6T 하이브리드,FWD,미드나잇 블랙,US-GA,northeast,43890
2025-12,VF3VPAAXTU0029853,VST,2026,VST-PR,1.6T 하이브리드,AWD,스노우 화이트,US-GA,south,38500
2025-12,VF3VSFDXTU0029854,VST,2026,VST-TR,2.5 가솔린,FWD,실버,US-GA,west,43890
2025-12,VF3VPFEXTU0029855,VST,2026,VST-PR,1.6T 하이브리드,FWD,오션 블루,US-GA,west,38500
2025-12,VF3VCABXTU0029856,VST,2026,VST-CO,2.5 가솔린,AWD,미드나잇 블랙,US-GA,south,35420
2025-12,VF3VCFCXTU0029857,VST,2026,VST-CO,2.5 가솔린,FWD,스틸 그레이,US-GA,west,35420
2025-12,VF3VPAAXTU0029858,VST,2026,VST-PR,2.5 가솔린,AWD,스노우 화이트,US-GA,northeast,38500
2025-12,VF3VCABXTU0029859,VST,2026,VST-CO,2.5 가솔린,AWD,미드나잇 블랙,US-GA,west,35420
2025-12,VF3VCACXTU0029860,VST,2026,VST-CO,1.6T 하이브리드,AWD,스틸 그레이,US-GA,south,35420
2025-12,VF3VPFFXTU0029861,VST,2026,VST-PR,1.6T 하이브리드,FWD,선셋 레드,US-GA,west,38500
2025-12,VF3VPAAXTU0029862,VST,2026,VST-PR,1.6T 하이브리드,AWD,스노우 화이트,US-GA,southeast,38500
2025-12,VF3VPABXTU0029863,VST,2026,VST-PR,2.5 가솔린,AWD,미드나잇 블랙,US-GA,southeast,38500
2025-12,VF3VPAHXTU0029864,VST,2026,VST-PR,1.6T 하이브리드,AWD,샌드 베이지,US-GA,southeast,38500
2025-12,VF3VCACXTU0029865,VST,2026,VST-CO,1.6T 하이브리드,AWD,스틸 그레이,US-GA,south,35420
2025-12,VF3VCABXTU0029866,VST,2026,VST-CO,1.6T 하이브리드,AWD,미드나잇 블랙,US-GA,southeast,35420
2025-12,VF3VPFBXTU0029867,VST,2026,VST-PR,1.6T 하이브리드,FWD,미드나잇 블랙,US-GA,west,38500
2025-12,VF3VPFCXTU0029868,VST,2026,VST-PR,1.6T 하이브리드,FWD,스틸 그레이,US-GA,central,38500
2025-12,VF3VPFEXTU0029869,VST,2026,VST-PR,1.6T 하이브리드,FWD,오션 블루,US-GA,southeast,38500
2025-12,VF3VPFDXTU0029870,VST,2026,VST-PR,1.6T 하이브리드,FWD,실버,US-GA,west,38500
2025-12,VF3VCFEXTU0029871,VST,2026,VST-CO,1.6T 하이브리드,FWD,오션 블루,US-GA,northeast,35420
2025-12,VF3VPFCXTU0029872,VST,2026,VST-PR,2.5 가솔린,FWD,스틸 그레이,US-GA,central,38500
2025-12,VF3VPFCXTU0029873,VST,2026,VST-PR,1.6T 하이브리드,FWD,스틸 그레이,US-GA,west,38500
2025-12,VF3VCAAXTU0029874,VST,2026,VST-CO,2.5 가솔린,AWD,스노우 화이트,US-GA,south,35420
2025-12,VF3VPFBXTU0029875,VST,2026,VST-PR,2.5 가솔린,FWD,미드나잇 블랙,US-GA,south,38500
2025-12,VF3VPFAXTU0029876,VST,2026,VST-PR,1.6T 하이브리드,FWD,스노우 화이트,US-GA,west,38500
2025-12,VF3VCFAXTU0029877,VST,2026,VST-CO,2.5 가솔린,FWD,스노우 화이트,US-GA,northeast,35420
2025-12,VF3VCFFXTU0029878,VST,2026,VST-CO,1.6T 하이브리드,FWD,선셋 레드,US-GA,south,35420
2025-12,VF3VCFAXTU0029879,VST,2026,VST-CO,1.6T 하이브리드,FWD,스노우 화이트,US-GA,central,35420
2025-12,VF3VCAHXTU0029880,VST,2026,VST-CO,2.5 가솔린,AWD,샌드 베이지,US-GA,central,35420
2025-12,VF3VCFGXSU0029881,VST,2025,VST-CO,1.6T 하이브리드,FWD,포레스트 그린,US-GA,northeast,35420
2025-12,VF3VPFDXTU0029882,VST,2026,VST-PR,1.6T 하이브리드,FWD,실버,US-GA,west,38500
2025-12,VF3VCAFXTU0029883,VST,2026,VST-CO,1.6T 하이브리드,AWD,선셋 레드,US-GA,northeast,35420
2025-12,VF3VSFAXTU0029884,VST,2026,VST-TR,2.5 가솔린,FWD,스노우 화이트,US-GA,south,43890
2025-12,VF3VPFBXTU0029885,VST,2026,VST-PR,1.6T 하이브리드,FWD,미드나잇 블랙,US-GA,south,38500
2025-12,VF3VPFCXTU0029886,VST,2026,VST-PR,2.5 가솔린,FWD,스틸 그레이,US-GA,southeast,38500
2025-12,VF3VCABXTU0029887,VST,2026,VST-CO,2.5 가솔린,AWD,미드나잇 블랙,US-GA,west,35420
2025-12,VF3VSACXTU0029888,VST,2026,VST-TR,2.5 가솔린,AWD,스틸 그레이,US-GA,south,43890
2025-12,VF3VSFBXTU0029889,VST,2026,VST-TR,2.5 가솔린,FWD,미드나잇 블랙,US-GA,south,43890
2025-12,VF3VCFAXTU0029890,VST,2026,VST-CO,2.5 가솔린,FWD,스노우 화이트,US-GA,southeast,35420
2025-12,VF3VSFDXTU0029891,VST,2026,VST-TR,2.5 가솔린,FWD,실버,US-GA,northeast,43890
2025-12,VF3VCFFXTU0029892,VST,2026,VST-CO,1.6T 하이브리드,FWD,선셋 레드,US-GA,west,35420
2025-12,VF3VCAAXTU0029893,VST,2026,VST-CO,1.6T 하이브리드,AWD,스노우 화이트,US-GA,south,35420
2025-12,VF3VSFCXTU0029894,VST,2026,VST-TR,2.5 가솔린,FWD,스틸 그레이,US-GA,west,43890
2025-12,VF3VPADXTU0029895,VST,2026,VST-PR,2.5 가솔린,AWD,실버,US-GA,south,38500
2025-12,VF3VCFAXTU0029896,VST,2026,VST-CO,1.6T 하이브리드,FWD,스노우 화이트,US-GA,south,35420
2025-12,VF3VPADXTU0029897,VST,2026,VST-PR,1.6T 하이브리드,AWD,실버,US-GA,central,38500
2025-12,VF3VPAAXTU0029898,VST,2026,VST-PR,1.6T 하이브리드,AWD,스노우 화이트,US-GA,northeast,38500
2025-12,VF3VCFCXTU0029899,VST,2026,VST-CO,1.6T 하이브리드,FWD,스틸 그레이,US-GA,south,35420
2025-12,VF3VCFCXTU0029900,VST,2026,VST-CO,2.5 가솔린,FWD,스틸 그레이,US-GA,southeast,35420
2025-12,VF3VPFGXTU0029901,VST,2026,VST-PR,2.5 가솔린,FWD,포레스트 그린,US-GA,southeast,38500
2025-12,VF3VPACXTU0029902,VST,2026,VST-PR,2.5 가솔린,AWD,스틸 그레이,US-GA,central,38500
2025-12,VF3VCFBXTU0029903,VST,2026,VST-CO,2.5 가솔린,FWD,미드나잇 블랙,US-GA,central,35420
2025-12,VF3VCFDXTU0029904,VST,2026,VST-CO,2.5 가솔린,FWD,실버,US-GA,southeast,35420
2025-12,VF3VCAAXTU0029905,VST,2026,VST-CO,2.5 가솔린,AWD,스노우 화이트,US-GA,southeast,35420
2025-12,VF3VCFEXTU0029906,VST,2026,VST-CO,2.5 가솔린,FWD,오션 블루,US-GA,south,35420
2025-12,VF3VPFAXTU0029907,VST,2026,VST-PR,1.6T 하이브리드,FWD,스노우 화이트,US-GA,south,38500
2025-12,VF3VPFBXTU0029908,VST,2026,VST-PR,2.5 가솔린,FWD,미드나잇 블랙,US-GA,south,38500
2025-12,VF3VCAAXTU0029909,VST,2026,VST-CO,2.5 가솔린,AWD,스노우 화이트,US-GA,northeast,35420
2025-12,VF3VCABXTU0029910,VST,2026,VST-CO,2.5 가솔린,AWD,미드나잇 블랙,US-GA,west,35420
2025-12,VF3VSAEXTU0029911,VST,2026,VST-TR,2.5 가솔린,AWD,오션 블루,US-GA,west,43890
2025-12,VF3VCFGXSU0029912,VST,2025,VST-CO,1.6T 하이브리드,FWD,포레스트 그린,US-GA,southeast,35420
2025-12,VF3VCFBXTU0029913,VST,2026,VST-CO,1.6T 하이브리드,FWD,미드나잇 블랙,US-GA,northeast,35420
2025-12,VF3VPAAXTU0029914,VST,2026,VST-PR,1.6T 하이브리드,AWD,스노우 화이트,US-GA,west,38500
2025-12,VF3VPFBXTU0029915,VST,2026,VST-PR,1.6T 하이브리드,FWD,미드나잇 블랙,US-GA,south,38500
2025-12,VF3VSFDXTU0029916,VST,2026,VST-TR,2.5 가솔린,FWD,실버,US-GA,central,43890
2025-12,VF3VPFDXTU0029917,VST,2026,VST-PR,1.6T 하이브리드,FWD,실버,US-GA,west,38500
2025-12,VF3VPABXTU0029918,VST,2026,VST-PR,1.6T 하이브리드,AWD,미드나잇 블랙,US-GA,northeast,38500
2025-12,VF3VSFEXTU0029919,VST,2026,VST-TR,2.5 가솔린,FWD,오션 블루,US-GA,central,43890
2025-12,VF3VCABXTU0029920,VST,2026,VST-CO,2.5 가솔린,AWD,미드나잇 블랙,US-GA,northeast,35420
2025-12,VF3VPAFXTU0029921,VST,2026,VST-PR,1.6T 하이브리드,AWD,선셋 레드,US-GA,central,38500
2025-12,VF3VPFEXSU0029922,VST,2025,VST-PR,1.6T 하이브리드,FWD,오션 블루,US-GA,south,38500
2025-12,VF3VCFAXTU0029923,VST,2026,VST-CO,1.6T 하이브리드,FWD,스노우 화이트,US-GA,northeast,35420
2025-12,VF3VPAEXTU0029924,VST,2026,VST-PR,2.5 가솔린,AWD,오션 블루,US-GA,northeast,38500
2025-12,VF3VPAFXTU0029925,VST,2026,VST-PR,1.6T 하이브리드,AWD,선셋 레드,US-GA,northeast,38500
2025-12,VF3VPFBXTU0029926,VST,2026,VST-PR,1.6T 하이브리드,FWD,미드나잇 블랙,US-GA,central,38500
2025-12,VF3VCFBXSU0029927,VST,2025,VST-CO,1.6T 하이브리드,FWD,미드나잇 블랙,US-GA,southeast,35420
2025-12,VF3VCFFXTU0029928,VST,2026,VST-CO,2.5 가솔린,FWD,선셋 레드,US-GA,west,35420
2025-12,VF3VPFAXTU0029929,VST,2026,VST-PR,1.6T 하이브리드,FWD,스노우 화이트,US-GA,south,38500
2025-12,VF3VPFAXTU0029930,VST,2026,VST-PR,2.5 가솔린,FWD,스노우 화이트,US-GA,central,38500
2025-12,VF3VCFAXTU0029931,VST,2026,VST-CO,2.5 가솔린,FWD,스노우 화이트,US-GA,west,35420
2025-12,VF3VPFFXTU0029932,VST,2026,VST-PR,1.6T 하이브리드,FWD,선셋 레드,US-GA,south,38500
2025-12,VF3VCAGXTU0029933,VST,2026,VST-CO,1.6T 하이브리드,AWD,포레스트 그린,US-GA,southeast,35420
2025-12,VF3VPFFXSU0029934,VST,2025,VST-PR,2.5 가솔린,FWD,선셋 레드,US-GA,south,38500
2025-12,VF3VPFAXTU0029935,VST,2026,VST-PR,2.5 가솔린,FWD,스노우 화이트,US-GA,southeast,38500
2025-12,VF3VPFCXTU0029936,VST,2026,VST-PR,1.6T 하이브리드,FWD,스틸 그레이,US-GA,south,38500
2025-12,VF3VSACXTU0029937,VST,2026,VST-TR,1.6T 하이브리드,AWD,스틸 그레이,US-GA,west,43890
2025-12,VF3VPFHXTU0029938,VST,2026,VST-PR,2.5 가솔린,FWD,샌드 베이지,US-GA,west,38500
2025-12,VF3VSAEXTU0029939,VST,2026,VST-TR,1.6T 하이브리드,AWD,오션 블루,US-GA,central,43890
2025-12,VF3VCFGXTU0029940,VST,2026,VST-CO,2.5 가솔린,FWD,포레스트 그린,US-GA,west,35420
2025-12,VF3VCAAXTU0029941,VST,2026,VST-CO,1.6T 하이브리드,AWD,스노우 화이트,US-GA,northeast,35420
2025-12,VF3VPFBXSU0029942,VST,2025,VST-PR,1.6T 하이브리드,FWD,미드나잇 블랙,US-GA,northeast,38500
2025-12,VF3VPFFXTU0029943,VST,2026,VST-PR,1.6T 하이브리드,FWD,선셋 레드,US-GA,central,38500
2025-12,VF3VPFAXTU0029944,VST,2026,VST-PR,1.6T 하이브리드,FWD,스노우 화이트,US-GA,southeast,38500
2025-12,VF3VPFDXTU0029945,VST,2026,VST-PR,1.6T 하이브리드,FWD,실버,US-GA,south,38500
2025-12,VF3VPFAXTU0029946,VST,2026,VST-PR,1.6T 하이브리드,FWD,스노우 화이트,US-GA,south,38500
2025-12,VF3VPFEXTU0029947,VST,2026,VST-PR,1.6T 하이브리드,FWD,오션 블루,US-GA,south,38500
2025-12,VF3VSAAXTU0029948,VST,2026,VST-TR,1.6T 하이브리드,AWD,스노우 화이트,US-GA,northeast,43890
2025-12,VF3VCFAXTU0029949,VST,2026,VST-CO,2.5 가솔린,FWD,스노우 화이트,US-GA,west,35420
2025-12,VF3VSFGXTU0029950,VST,2026,VST-TR,1.6T 하이브리드,FWD,포레스트 그린,US-GA,southeast,43890
2025-12,VF3VPFAXTU0029951,VST,2026,VST-PR,1.6T 하이브리드,FWD,스노우 화이트,US-GA,west,38500
2025-12,VF3VPABXTU0029952,VST,2026,VST-PR,2.5 가솔린,AWD,미드나잇 블랙,US-GA,southeast,38500
2025-12,VF3VPADXTU0029953,VST,2026,VST-PR,1.6T 하이브리드,AWD,실버,US-GA,central,38500
2025-12,VF3VPADXTU0029954,VST,2026,VST-PR,1.6T 하이브리드,AWD,실버,US-GA,central,38500
2025-12,VF3VSACXTU0029955,VST,2026,VST-TR,1.6T 하이브리드,AWD,스틸 그레이,US-GA,south,43890
2025-12,VF3VCAEXTU0029956,VST,2026,VST-CO,2.5 가솔린,AWD,오션 블루,US-GA,central,35420
2025-12,VF3VPFEXTU0029957,VST,2026,VST-PR,1.6T 하이브리드,FWD,오션 블루,US-GA,central,38500
2025-12,VF3VCADXTU0029958,VST,2026,VST-CO,1.6T 하이브리드,AWD,실버,US-GA,west,35420
2025-12,VF3VPACXTU0029959,VST,2026,VST-PR,1.6T 하이브리드,AWD,스틸 그레이,US-GA,west,38500
2025-12,VF3VCFDXTU0029960,VST,2026,VST-CO,1.6T 하이브리드,FWD,실버,US-GA,south,35420
2025-12,VF3VSAFXTU0029961,VST,2026,VST-TR,1.6T 하이브리드,AWD,선셋 레드,US-GA,south,43890
2025-12,VF3VPFDXTU0029962,VST,2026,VST-PR,1.6T 하이브리드,FWD,실버,US-GA,southeast,38500
2025-12,VF3VSFAXTU0029963,VST,2026,VST-TR,1.6T 하이브리드,FWD,스노우 화이트,US-GA,south,43890
2025-12,VF3VPFDXTU0029964,VST,2026,VST-PR,2.5 가솔린,FWD,실버,US-GA,southeast,38500
2025-12,VF3VPFDXTU0029965,VST,2026,VST-PR,2.5 가솔린,FWD,실버,US-GA,southeast,38500
2025-12,VF3VCFEXTU0029966,VST,2026,VST-CO,2.5 가솔린,FWD,오션 블루,US-GA,south,35420
2025-12,VF3VSFBXTU0029967,VST,2026,VST-TR,1.6T 하이브리드,FWD,미드나잇 블랙,US-GA,west,43890
2025-12,VF3VCFCXTU0029968,VST,2026,VST-CO,2.5 가솔린,FWD,스틸 그레이,US-GA,central,35420
2025-12,VF3VPFBXTU0029969,VST,2026,VST-PR,2.5 가솔린,FWD,미드나잇 블랙,US-GA,northeast,38500
2025-12,VF3VCFFXTU0029970,VST,2026,VST-CO,2.5 가솔린,FWD,선셋 레드,US-GA,central,35420
2025-12,VF3VCFAXTU0029971,VST,2026,VST-CO,1.6T 하이브리드,FWD,스노우 화이트,US-GA,south,35420
2025-12,VF3VPACXTU0029972,VST,2026,VST-PR,1.6T 하이브리드,AWD,스틸 그레이,US-GA,south,38500
2025-12,VF3VCFBXTU0029973,VST,2026,VST-CO,2.5 가솔린,FWD,미드나잇 블랙,US-GA,west,35420
2025-12,VF3VCFCXTU0029974,VST,2026,VST-CO,2.5 가솔린,FWD,스틸 그레이,US-GA,west,35420
2025-12,VF3VSAGXTU0029975,VST,2026,VST-TR,1.6T 하이브리드,AWD,포레스트 그린,US-GA,central,43890
2025-12,VF3VCFBXTU0029976,VST,2026,VST-CO,1.6T 하이브리드,FWD,미드나잇 블랙,US-GA,southeast,35420
2025-12,VF3VSFBXTU0029977,VST,2026,VST-TR,1.6T 하이브리드,FWD,미드나잇 블랙,US-GA,south,43890
2025-12,VF3VCADXTU0029978,VST,2026,VST-CO,1.6T 하이브리드,AWD,실버,US-GA,south,35420
2025-12,VF3VPAGXSU0029979,VST,2025,VST-PR,2.5 가솔린,AWD,포레스트 그린,US-GA,northeast,38500
2025-12,VF3VCAAXTU0029980,VST,2026,VST-CO,1.6T 하이브리드,AWD,스노우 화이트,US-GA,west,35420
2025-12,VF3VSAEXTU0029981,VST,2026,VST-TR,2.5 가솔린,AWD,오션 블루,US-GA,southeast,43890
2025-12,VF3VPAFXTU0029982,VST,2026,VST-PR,1.6T 하이브리드,AWD,선셋 레드,US-GA,south,38500
2025-12,VF3VCFBXTU0029983,VST,2026,VST-CO,2.5 가솔린,FWD,미드나잇 블랙,US-GA,south,35420
2025-12,VF3VPAAXTU0029984,VST,2026,VST-PR,1.6T 하이브리드,AWD,스노우 화이트,US-GA,south,38500
2025-12,VF3VPABXTU0029985,VST,2026,VST-PR,1.6T 하이브리드,AWD,미드나잇 블랙,US-GA,south,38500
2025-12,VF3VCAEXTU0029986,VST,2026,VST-CO,2.5 가솔린,AWD,오션 블루,US-GA,south,35420
2025-12,VF3VPFEXTU0029987,VST,2026,VST-PR,1.6T 하이브리드,FWD,오션 블루,US-GA,west,38500
2025-12,VF3VPACXTU0029988,VST,2026,VST-PR,1.6T 하이브리드,AWD,스틸 그레이,US-GA,west,38500
2025-12,VF3VPABXTU0029989,VST,2026,VST-PR,1.6T 하이브리드,AWD,미드나잇 블랙,US-GA,south,38500
2025-12,VF3VSFFXTU0029990,VST,2026,VST-TR,2.5 가솔린,FWD,선셋 레드,US-GA,southeast,43890
2025-12,VF3VCABXTU0029991,VST,2026,VST-CO,1.6T 하이브리드,AWD,미드나잇 블랙,US-GA,south,35420
2025-12,VF3VCFDXTU0029992,VST,2026,VST-CO,1.6T 하이브리드,FWD,실버,US-GA,northeast,35420
2025-12,VF3VSFFXTU0029993,VST,2026,VST-TR,2.5 가솔린,FWD,선셋 레드,US-GA,northeast,43890
2025-12,VF3VPABXTU0029994,VST,2026,VST-PR,2.5 가솔린,AWD,미드나잇 블랙,US-GA,west,38500
2025-12,VF3VSADXTU0029995,VST,2026,VST-TR,1.6T 하이브리드,AWD,실버,US-GA,northeast,43890
2025-12,VF3VPFAXTU0029996,VST,2026,VST-PR,2.5 가솔린,FWD,스노우 화이트,US-GA,west,38500
2025-12,VF3VCFEXTU0029997,VST,2026,VST-CO,1.6T 하이브리드,FWD,오션 블루,US-GA,southeast,35420
2025-12,VF3VSFFXSU0029998,VST,2025,VST-TR,1.6T 하이브리드,FWD,선셋 레드,US-GA,southeast,43890
2025-12,VF3VSAGXTU0029999,VST,2026,VST-TR,2.5 가솔린,AWD,포레스트 그린,US-GA,southeast,43890
2025-12,VF3VPAAXTU0030000,VST,2026,VST-PR,2.5 가솔린,AWD,스노우 화이트,US-GA,southeast,38500
2025-12,VF3VCFEXTU0030001,VST,2026,VST-CO,2.5 가솔린,FWD,오션 블루,US-GA,west,35420
2025-12,VF3VPAGXTU0030002,VST,2026,VST-PR,1.6T 하이브리드,AWD,포레스트 그린,US-GA,southeast,38500
2025-12,VF3VCFCXTU0030003,VST,2026,VST-CO,1.6T 하이브리드,FWD,스틸 그레이,US-GA,central,35420
2025-12,VF3VCFBXTU0030004,VST,2026,VST-CO,2.5 가솔린,FWD,미드나잇 블랙,US-GA,central,35420
2025-12,VF3VCFAXTU0030005,VST,2026,VST-CO,2.5 가솔린,FWD,스노우 화이트,US-GA,south,35420
2025-12,VF3VSACXTU0030006,VST,2026,VST-TR,2.5 가솔린,AWD,스틸 그레이,US-GA,west,43890
2025-12,VF3VCAEXTU0030007,VST,2026,VST-CO,2.5 가솔린,AWD,오션 블루,US-GA,south,35420
2025-12,VF3VCADXTU0030008,VST,2026,VST-CO,2.5 가솔린,AWD,실버,US-GA,northeast,35420
2025-12,VF3VCFAXTU0030009,VST,2026,VST-CO,2.5 가솔린,FWD,스노우 화이트,US-GA,northeast,35420
2025-12,VF3VPAHXTU0030010,VST,2026,VST-PR,2.5 가솔린,AWD,샌드 베이지,US-GA,south,38500
2025-12,VF3VPFAXTU0030011,VST,2026,VST-PR,2.5 가솔린,FWD,스노우 화이트,US-GA,west,38500
2025-12,VF3VCFAXTU0030012,VST,2026,VST-CO,2.5 가솔린,FWD,스노우 화이트,US-GA,south,35420
2025-12,VF3VPADXTU0030013,VST,2026,VST-PR,2.5 가솔린,AWD,실버,US-GA,southeast,38500
2025-12,VF3VCFAXTU0030014,VST,2026,VST-CO,2.5 가솔린,FWD,스노우 화이트,US-GA,south,35420
2025-12,VF3VPFDXTU0030015,VST,2026,VST-PR,1.6T 하이브리드,FWD,실버,US-GA,central,38500
2025-12,VF3VSAAXTU0030016,VST,2026,VST-TR,1.6T 하이브리드,AWD,스노우 화이트,US-GA,central,43890
2025-12,VF3VSACXTU0030017,VST,2026,VST-TR,2.5 가솔린,AWD,스틸 그레이,US-GA,south,43890
2025-12,VF3VCFDXTU0030018,VST,2026,VST-CO,1.6T 하이브리드,FWD,실버,US-GA,central,35420
2025-12,VF3VCFEXTU0030019,VST,2026,VST-CO,2.5 가솔린,FWD,오션 블루,US-GA,west,35420
2025-12,VF3VCFBXTU0030020,VST,2026,VST-CO,1.6T 하이브리드,FWD,미드나잇 블랙,US-GA,central,35420
2025-12,VF3VSADXTU0030021,VST,2026,VST-TR,2.5 가솔린,AWD,실버,US-GA,southeast,43890
2025-12,VF3VPAGXTU0030022,VST,2026,VST-PR,1.6T 하이브리드,AWD,포레스트 그린,US-GA,central,38500
2025-12,VF3VCFDXTU0030023,VST,2026,VST-CO,1.6T 하이브리드,FWD,실버,US-GA,south,35420
2025-12,VF3VPFAXTU0030024,VST,2026,VST-PR,2.5 가솔린,FWD,스노우 화이트,US-GA,northeast,38500
2025-12,VF3VPFHXTU0030025,VST,2026,VST-PR,2.5 가솔린,FWD,샌드 베이지,US-GA,south,38500
2025-12,VF3VCAEXTU0030026,VST,2026,VST-CO,2.5 가솔린,AWD,오션 블루,US-GA,central,35420
2025-12,VF3VPFCXTU0030027,VST,2026,VST-PR,1.6T 하이브리드,FWD,스틸 그레이,US-GA,west,38500
2025-12,VF3VPFCXTU0030028,VST,2026,VST-PR,1.6T 하이브리드,FWD,스틸 그레이,US-GA,northeast,38500
2025-12,VF3VPAEXTU0030029,VST,2026,VST-PR,1.6T 하이브리드,AWD,오션 블루,US-GA,central,38500
2025-12,VF3VCFAXTU0030030,VST,2026,VST-CO,1.6T 하이브리드,FWD,스노우 화이트,US-GA,northeast,35420
2025-12,VF3VCAAXTU0030031,VST,2026,VST-CO,1.6T 하이브리드,AWD,스노우 화이트,US-GA,northeast,35420
2025-12,VF3VPFDXTU0030032,VST,2026,VST-PR,2.5 가솔린,FWD,실버,US-GA,central,38500
2025-12,VF3VSAEXTU0030033,VST,2026,VST-TR,1.6T 하이브리드,AWD,오션 블루,US-GA,northeast,43890
2025-12,VF3VCACXTU0030034,VST,2026,VST-CO,1.6T 하이브리드,AWD,스틸 그레이,US-GA,northeast,35420
2025-12,VF3VSAAXTU0030035,VST,2026,VST-TR,2.5 가솔린,AWD,스노우 화이트,US-GA,central,43890
2025-12,VF3VCFAXTU0030036,VST,2026,VST-CO,1.6T 하이브리드,FWD,스노우 화이트,US-GA,central,35420
2025-12,VF3VPFAXTU0030037,VST,2026,VST-PR,2.5 가솔린,FWD,스노우 화이트,US-GA,southeast,38500
2025-12,VF3VCFAXTU0030038,VST,2026,VST-CO,1.6T 하이브리드,FWD,스노우 화이트,US-GA,west,35420
2025-12,VF3VSFAXTU0030039,VST,2026,VST-TR,2.5 가솔린,FWD,스노우 화이트,US-GA,central,43890
2025-12,VF3VPFAXTU0030040,VST,2026,VST-PR,2.5 가솔린,FWD,스노우 화이트,US-GA,central,38500
2025-12,VF3VCACXTU0030041,VST,2026,VST-CO,1.6T 하이브리드,AWD,스틸 그레이,US-GA,central,35420
2025-12,VF3VPFAXTU0030042,VST,2026,VST-PR,1.6T 하이브리드,FWD,스노우 화이트,US-GA,west,38500
2025-12,VF3VSFAXTU0030043,VST,2026,VST-TR,1.6T 하이브리드,FWD,스노우 화이트,US-GA,south,43890
2025-12,VF3VPAAXTU0030044,VST,2026,VST-PR,2.5 가솔린,AWD,스노우 화이트,US-GA,west,38500
2025-12,VF3VPFHXTU0030045,VST,2026,VST-PR,1.6T 하이브리드,FWD,샌드 베이지,US-GA,central,38500
2025-12,VF3VCFBXTU0030046,VST,2026,VST-CO,1.6T 하이브리드,FWD,미드나잇 블랙,US-GA,west,35420
2025-12,VF3VCFBXTU0030047,VST,2026,VST-CO,1.6T 하이브리드,FWD,미드나잇 블랙,US-GA,south,35420
2025-12,VF3VCABXTU0030048,VST,2026,VST-CO,2.5 가솔린,AWD,미드나잇 블랙,US-GA,west,35420
2025-12,VF3VCFBXTU0030049,VST,2026,VST-CO,2.5 가솔린,FWD,미드나잇 블랙,US-GA,west,35420
2025-12,VF3VPFAXTU0030050,VST,2026,VST-PR,1.6T 하이브리드,FWD,스노우 화이트,US-GA,south,38500
2025-12,VF3VPAAXTU0030051,VST,2026,VST-PR,1.6T 하이브리드,AWD,스노우 화이트,US-GA,central,38500
2025-12,VF3VPACXTU0030052,VST,2026,VST-PR,1.6T 하이브리드,AWD,스틸 그레이,US-GA,west,38500
2025-12,VF3VCAGXTU0030053,VST,2026,VST-CO,1.6T 하이브리드,AWD,포레스트 그린,US-GA,southeast,35420
2025-12,VF3VPADXTU0030054,VST,2026,VST-PR,2.5 가솔린,AWD,실버,US-GA,central,38500
2025-12,VF3VCACXTU0030055,VST,2026,VST-CO,2.5 가솔린,AWD,스틸 그레이,US-GA,south,35420
2025-12,VF3VCAFXTU0030056,VST,2026,VST-CO,1.6T 하이브리드,AWD,선셋 레드,US-GA,south,35420
2025-12,VF3VPFBXTU0030057,VST,2026,VST-PR,2.5 가솔린,FWD,미드나잇 블랙,US-GA,central,38500
2025-12,VF3VPAHXTU0030058,VST,2026,VST-PR,2.5 가솔린,AWD,샌드 베이지,US-GA,northeast,38500
2025-12,VF3VSFHXTU0030059,VST,2026,VST-TR,2.5 가솔린,FWD,샌드 베이지,US-GA,south,43890
2025-12,VF3VSFBXTU0030060,VST,2026,VST-TR,2.5 가솔린,FWD,미드나잇 블랙,US-GA,northeast,43890
2025-12,VF3VPFFXTU0030061,VST,2026,VST-PR,1.6T 하이브리드,FWD,선셋 레드,US-GA,southeast,38500
2025-12,VF3VCABXTU0030062,VST,2026,VST-CO,2.5 가솔린,AWD,미드나잇 블랙,US-GA,west,35420
2025-12,VF3VPFCXTU0030063,VST,2026,VST-PR,2.5 가솔린,FWD,스틸 그레이,US-GA,central,38500
2025-12,VF3VCFBXTU0030064,VST,2026,VST-CO,2.5 가솔린,FWD,미드나잇 블랙,US-GA,west,35420
2025-12,VF3VCAAXTU0030065,VST,2026,VST-CO,1.6T 하이브리드,AWD,스노우 화이트,US-GA,northeast,35420
2025-12,VF3VPFAXSU0030066,VST,2025,VST-PR,2.5 가솔린,FWD,스노우 화이트,US-GA,northeast,38500
2025-12,VF3VPFDXTU0030067,VST,2026,VST-PR,2.5 가솔린,FWD,실버,US-GA,south,38500
2025-12,VF3VCFAXTU0030068,VST,2026,VST-CO,1.6T 하이브리드,FWD,스노우 화이트,US-GA,south,35420
2025-12,VF3VCFAXTU0030069,VST,2026,VST-CO,1.6T 하이브리드,FWD,스노우 화이트,US-GA,west,35420
2025-12,VF3VSAAXTU0030070,VST,2026,VST-TR,1.6T 하이브리드,AWD,스노우 화이트,US-GA,central,43890
2025-12,VF3VPFHXTU0030071,VST,2026,VST-PR,2.5 가솔린,FWD,샌드 베이지,US-GA,southeast,38500
2025-12,VF3VCABXTU0030072,VST,2026,VST-CO,1.6T 하이브리드,AWD,미드나잇 블랙,US-GA,south,35420
2025-12,VF3VPACXTU0030073,VST,2026,VST-PR,2.5 가솔린,AWD,스틸 그레이,US-GA,southeast,38500
2025-12,VF3VSABXTU0030074,VST,2026,VST-TR,1.6T 하이브리드,AWD,미드나잇 블랙,US-GA,west,43890
2025-12,VF3VCADXTU0030075,VST,2026,VST-CO,1.6T 하이브리드,AWD,실버,US-GA,central,35420
2025-12,VF3VCFAXTU0030076,VST,2026,VST-CO,2.5 가솔린,FWD,스노우 화이트,US-GA,northeast,35420
2025-12,VF3VPFCXTU0030077,VST,2026,VST-PR,1.6T 하이브리드,FWD,스틸 그레이,US-GA,west,38500
2025-12,VF3VSAHXTU0030078,VST,2026,VST-TR,1.6T 하이브리드,AWD,샌드 베이지,US-GA,central,43890
2025-12,VF3VPABXTU0030079,VST,2026,VST-PR,1.6T 하이브리드,AWD,미드나잇 블랙,US-GA,southeast,38500
2025-12,VF3VCABXTU0030080,VST,2026,VST-CO,1.6T 하이브리드,AWD,미드나잇 블랙,US-GA,south,35420
2025-12,VF4ACAEXTU0030081,AUR,2026,AUR-AI,롱레인지,AWD,오션 블루,US-SV,west,54188
2025-12,VF4APFDXTU0030082,AUR,2026,AUR-RA,롱레인지,FWD,실버,US-SV,south,58900
2025-12,VF4ASFCXTU0030083,AUR,2026,AUR-MA,롱레인지,FWD,스틸 그레이,US-SV,southeast,67146
2025-12,VF4ACAFXTU0030084,AUR,2026,AUR-AI,스탠다드 레인지,AWD,선셋 레드,US-SV,west,54188
2025-12,VF4ASFEXTU0030085,AUR,2026,AUR-MA,롱레인지,FWD,오션 블루,US-SV,south,67146
2025-12,VF4APFFXTU0030086,AUR,2026,AUR-RA,스탠다드 레인지,FWD,선셋 레드,US-SV,west,58900
2025-12,VF4ACFFXTU0030087,AUR,2026,AUR-AI,스탠다드 레인지,FWD,선셋 레드,US-SV,northeast,54188
2025-12,VF4APFGXTU0030088,AUR,2026,AUR-RA,롱레인지,FWD,포레스트 그린,US-SV,south,58900
2025-12,VF4ACFCXTU0030089,AUR,2026,AUR-AI,스탠다드 레인지,FWD,스틸 그레이,US-SV,central,54188
2025-12,VF4ACADXTU0030090,AUR,2026,AUR-AI,롱레인지,AWD,실버,US-SV,northeast,54188
2025-12,VF4ASFAXTU0030091,AUR,2026,AUR-MA,스탠다드 레인지,FWD,스노우 화이트,US-SV,west,67146
2025-12,VF4ASFAXTU0030092,AUR,2026,AUR-MA,롱레인지,FWD,스노우 화이트,US-SV,west,67146
2025-12,VF4ACFFXTU0030093,AUR,2026,AUR-AI,롱레인지,FWD,선셋 레드,US-SV,south,54188
2025-12,VF4ACFCXTU0030094,AUR,2026,AUR-AI,롱레인지,FWD,스틸 그레이,US-SV,southeast,54188
2025-12,VF4ACFDXTU0030095,AUR,2026,AUR-AI,스탠다드 레인지,FWD,실버,US-SV,west,54188
2025-12,VF4ACABXTU0030096,AUR,2026,AUR-AI,롱레인지,AWD,미드나잇 블랙,US-SV,west,54188
2025-12,VF4APAHXSU0030097,AUR,2025,AUR-RA,스탠다드 레인지,AWD,샌드 베이지,US-SV,west,58900
2025-12,VF4ACAAXTU0030098,AUR,2026,AUR-AI,롱레인지,AWD,스노우 화이트,US-SV,northeast,54188
2025-12,VF4APADXTU0030099,AUR,2026,AUR-RA,롱레인지,AWD,실버,US-SV,central,58900
2025-12,VF4ACFEXTU0030100,AUR,2026,AUR-AI,롱레인지,FWD,오션 블루,US-SV,west,54188
2025-12,VF4ACFBXTU0030101,AUR,2026,AUR-AI,롱레인지,FWD,미드나잇 블랙,US-SV,southeast,54188
2025-12,VF4APAGXTU0030102,AUR,2026,AUR-RA,롱레인지,AWD,포레스트 그린,US-SV,southeast,58900
2025-12,VF4ACAAXTU0030103,AUR,2026,AUR-AI,롱레인지,AWD,스노우 화이트,US-SV,west,54188
2025-12,VF4ACFCXTU0030104,AUR,2026,AUR-AI,스탠다드 레인지,FWD,스틸 그레이,US-SV,south,54188
2025-12,VF4APADXTU0030105,AUR,2026,AUR-RA,롱레인지,AWD,실버,US-SV,central,58900
2025-12,VF4ACADXSU0030106,AUR,2025,AUR-AI,롱레인지,AWD,실버,US-SV,west,54188
2025-12,VF4ACADXTU0030107,AUR,2026,AUR-AI,롱레인지,AWD,실버,US-SV,northeast,54188
2025-12,VF4ACABXTU0030108,AUR,2026,AUR-AI,스탠다드 레인지,AWD,미드나잇 블랙,US-SV,west,54188
2025-12,VF4ACAAXTU0030109,AUR,2026,AUR-AI,롱레인지,AWD,스노우 화이트,US-SV,south,54188
2025-12,VF4APFAXTU0030110,AUR,2026,AUR-RA,스탠다드 레인지,FWD,스노우 화이트,US-SV,southeast,58900
2025-12,VF4ACADXTU0030111,AUR,2026,AUR-AI,스탠다드 레인지,AWD,실버,US-SV,south,54188
2025-12,VF4APAAXTU0030112,AUR,2026,AUR-RA,스탠다드 레인지,AWD,스노우 화이트,US-SV,west,58900
2025-12,VF4APABXTU0030113,AUR,2026,AUR-RA,롱레인지,AWD,미드나잇 블랙,US-SV,west,58900
2025-12,VF4ACFBXTU0030114,AUR,2026,AUR-AI,롱레인지,FWD,미드나잇 블랙,US-SV,south,54188
2025-12,VF4ASAEXTU0030115,AUR,2026,AUR-MA,스탠다드 레인지,AWD,오션 블루,US-SV,central,67146
2025-12,VF4ASAAXTU0030116,AUR,2026,AUR-MA,롱레인지,AWD,스노우 화이트,US-SV,west,67146
2025-12,VF4APACXTU0030117,AUR,2026,AUR-RA,스탠다드 레인지,AWD,스틸 그레이,US-SV,west,58900
2025-12,VF4ASFFXTU0030118,AUR,2026,AUR-MA,롱레인지,FWD,선셋 레드,US-SV,south,67146
2025-12,VF4APFDXTU0030119,AUR,2026,AUR-RA,롱레인지,FWD,실버,US-SV,west,58900
2025-12,VF4APAEXTU0030120,AUR,2026,AUR-RA,스탠다드 레인지,AWD,오션 블루,US-SV,south,58900
2025-12,VF4APFCXTU0030121,AUR,2026,AUR-RA,롱레인지,FWD,스틸 그레이,US-SV,west,58900
2025-12,VF4ACAEXTU0030122,AUR,2026,AUR-AI,스탠다드 레인지,AWD,오션 블루,US-SV,west,54188
2025-12,VF4APABXTU0030123,AUR,2026,AUR-RA,스탠다드 레인지,AWD,미드나잇 블랙,US-SV,southeast,58900
2025-12,VF4ASFFXTU0030124,AUR,2026,AUR-MA,스탠다드 레인지,FWD,선셋 레드,US-SV,southeast,67146
2025-12,VF4APFCXTU0030125,AUR,2026,AUR-RA,롱레인지,FWD,스틸 그레이,US-SV,west,58900
2025-12,VF4ACACXTU0030126,AUR,2026,AUR-AI,스탠다드 레인지,AWD,스틸 그레이,US-SV,west,54188
2025-12,VF4ACFAXTU0030127,AUR,2026,AUR-AI,스탠다드 레인지,FWD,스노우 화이트,US-SV,west,54188
2025-12,VF4ACAGXTU0030128,AUR,2026,AUR-AI,롱레인지,AWD,포레스트 그린,US-SV,northeast,54188
2025-12,VF4ASADXTU0030129,AUR,2026,AUR-MA,스탠다드 레인지,AWD,실버,US-SV,south,67146
2025-12,VF4APAAXTU0030130,AUR,2026,AUR-RA,롱레인지,AWD,스노우 화이트,US-SV,northeast,58900
2025-12,VF4ASACXTU0030131,AUR,2026,AUR-MA,스탠다드 레인지,AWD,스틸 그레이,US-SV,west,67146
2025-12,VF4ACFAXTU0030132,AUR,2026,AUR-AI,롱레인지,FWD,스노우 화이트,US-SV,southeast,54188
2025-12,VF4APADXSU0030133,AUR,2025,AUR-RA,스탠다드 레인지,AWD,실버,US-SV,west,58900
2025-12,VF4ACFEXTU0030134,AUR,2026,AUR-AI,롱레인지,FWD,오션 블루,US-SV,south,54188
2025-12,VF4APADXTU0030135,AUR,2026,AUR-RA,롱레인지,AWD,실버,US-SV,west,58900
2025-12,VF4ACAEXTU0030136,AUR,2026,AUR-AI,스탠다드 레인지,AWD,오션 블루,US-SV,northeast,54188
2025-12,VF4ACABXTU0030137,AUR,2026,AUR-AI,스탠다드 레인지,AWD,미드나잇 블랙,US-SV,south,54188
2025-12,VF4ACFCXTU0030138,AUR,2026,AUR-AI,롱레인지,FWD,스틸 그레이,US-SV,west,54188
2025-12,VF4ACFBXTU0030139,AUR,2026,AUR-AI,롱레인지,FWD,미드나잇 블랙,US-SV,southeast,54188
2025-12,VF4ACAFXTU0030140,AUR,2026,AUR-AI,스탠다드 레인지,AWD,선셋 레드,US-SV,west,54188
2025-12,VF4APAEXTU0030141,AUR,2026,AUR-RA,스탠다드 레인지,AWD,오션 블루,US-SV,southeast,58900
2025-12,VF4APABXTU0030142,AUR,2026,AUR-RA,롱레인지,AWD,미드나잇 블랙,US-SV,west,58900
2025-12,VF4ACFBXTU0030143,AUR,2026,AUR-AI,스탠다드 레인지,FWD,미드나잇 블랙,US-SV,south,54188
2025-12,VF4ACADXTU0030144,AUR,2026,AUR-AI,스탠다드 레인지,AWD,실버,US-SV,northeast,54188
2025-12,VF4APFCXTU0030145,AUR,2026,AUR-RA,롱레인지,FWD,스틸 그레이,US-SV,central,58900
2025-12,VF4APACXTU0030146,AUR,2026,AUR-RA,롱레인지,AWD,스틸 그레이,US-SV,south,58900
2025-12,VF4APFCXTU0030147,AUR,2026,AUR-RA,스탠다드 레인지,FWD,스틸 그레이,US-SV,west,58900
2025-12,VF4APAAXTU0030148,AUR,2026,AUR-RA,롱레인지,AWD,스노우 화이트,US-SV,south,58900
2025-12,VF4APFBXTU0030149,AUR,2026,AUR-RA,롱레인지,FWD,미드나잇 블랙,US-SV,west,58900
2025-12,VF4APFEXTU0030150,AUR,2026,AUR-RA,스탠다드 레인지,FWD,오션 블루,US-SV,southeast,58900
2025-12,VF4APADXTU0030151,AUR,2026,AUR-RA,롱레인지,AWD,실버,US-SV,west,58900
2025-12,VF4APFAXTU0030152,AUR,2026,AUR-RA,스탠다드 레인지,FWD,스노우 화이트,US-SV,south,58900
2025-12,VF4ASABXTU0030153,AUR,2026,AUR-MA,롱레인지,AWD,미드나잇 블랙,US-SV,southeast,67146
2025-12,VF4ACABXTU0030154,AUR,2026,AUR-AI,롱레인지,AWD,미드나잇 블랙,US-SV,central,54188
2025-12,VF4ACFDXTU0030155,AUR,2026,AUR-AI,롱레인지,FWD,실버,US-SV,west,54188
2025-12,VF4APFGXTU0030156,AUR,2026,AUR-RA,롱레인지,FWD,포레스트 그린,US-SV,south,58900
2025-12,VF4APABXTU0030157,AUR,2026,AUR-RA,스탠다드 레인지,AWD,미드나잇 블랙,US-SV,central,58900
2025-12,VF4APAFXTU0030158,AUR,2026,AUR-RA,스탠다드 레인지,AWD,선셋 레드,US-SV,southeast,58900
2025-12,VF4ASADXTU0030159,AUR,2026,AUR-MA,스탠다드 레인지,AWD,실버,US-SV,west,67146
2025-12,VF4ACACXTU0030160,AUR,2026,AUR-AI,스탠다드 레인지,AWD,스틸 그레이,US-SV,central,54188
2025-12,VF4APFFXTU0030161,AUR,2026,AUR-RA,롱레인지,FWD,선셋 레드,US-SV,west,58900
2025-12,VF4APAHXSU0030162,AUR,2025,AUR-RA,롱레인지,AWD,샌드 베이지,US-SV,central,58900
2025-12,VF4APACXTU0030163,AUR,2026,AUR-RA,스탠다드 레인지,AWD,스틸 그레이,US-SV,northeast,58900
2025-12,VF4ASFDXTU0030164,AUR,2026,AUR-MA,롱레인지,FWD,실버,US-SV,central,67146
2025-12,VF4ACAAXSU0030165,AUR,2025,AUR-AI,롱레인지,AWD,스노우 화이트,US-SV,northeast,54188
2025-12,VF4APFFXTU0030166,AUR,2026,AUR-RA,롱레인지,FWD,선셋 레드,US-SV,northeast,58900
2025-12,VF4APAFXTU0030167,AUR,2026,AUR-RA,롱레인지,AWD,선셋 레드,US-SV,northeast,58900
2025-12,VF4ASFDXTU0030168,AUR,2026,AUR-MA,롱레인지,FWD,실버,US-SV,west,67146
2025-12,VF4ACACXTU0030169,AUR,2026,AUR-AI,스탠다드 레인지,AWD,스틸 그레이,US-SV,northeast,54188
2025-12,VF4ACAAXTU0030170,AUR,2026,AUR-AI,롱레인지,AWD,스노우 화이트,US-SV,west,54188
2025-12,VF4ACACXTU0030171,AUR,2026,AUR-AI,롱레인지,AWD,스틸 그레이,US-SV,northeast,54188
2025-12,VF4APADXTU0030172,AUR,2026,AUR-RA,롱레인지,AWD,실버,US-SV,west,58900
2025-12,VF4ASACXTU0030173,AUR,2026,AUR-MA,롱레인지,AWD,스틸 그레이,US-SV,west,67146
2025-12,VF4APACXTU0030174,AUR,2026,AUR-RA,스탠다드 레인지,AWD,스틸 그레이,US-SV,southeast,58900
2025-12,VF4APFDXTU0030175,AUR,2026,AUR-RA,스탠다드 레인지,FWD,실버,US-SV,west,58900
2025-12,VF4APAAXTU0030176,AUR,2026,AUR-RA,스탠다드 레인지,AWD,스노우 화이트,US-SV,west,58900
2025-12,VF4ASFDXTU0030177,AUR,2026,AUR-MA,롱레인지,FWD,실버,US-SV,west,67146
2025-12,VF4ASAEXTU0030178,AUR,2026,AUR-MA,스탠다드 레인지,AWD,오션 블루,US-SV,west,67146
2025-12,VF4APFBXTU0030179,AUR,2026,AUR-RA,스탠다드 레인지,FWD,미드나잇 블랙,US-SV,west,58900
2025-12,VF4ACFGXTU0030180,AUR,2026,AUR-AI,롱레인지,FWD,포레스트 그린,US-SV,west,54188
2025-12,VF4ACABXTU0030181,AUR,2026,AUR-AI,롱레인지,AWD,미드나잇 블랙,US-SV,south,54188
2025-12,VF4ASAFXTU0030182,AUR,2026,AUR-MA,롱레인지,AWD,선셋 레드,US-SV,south,67146
2025-12,VF4APFDXTU0030183,AUR,2026,AUR-RA,롱레인지,FWD,실버,US-SV,south,58900
2025-12,VF4APAGXTU0030184,AUR,2026,AUR-RA,롱레인지,AWD,포레스트 그린,US-SV,southeast,58900
2025-12,VF4ASFDXTU0030185,AUR,2026,AUR-MA,롱레인지,FWD,실버,US-SV,south,67146
2025-12,VF4APADXTU0030186,AUR,2026,AUR-RA,롱레인지,AWD,실버,US-SV,south,58900
2025-12,VF4ACAGXTU0030187,AUR,2026,AUR-AI,롱레인지,AWD,포레스트 그린,US-SV,central,54188
2025-12,VF4ASFFXTU0030188,AUR,2026,AUR-MA,스탠다드 레인지,FWD,선셋 레드,US-SV,northeast,67146
2025-12,VF4APAEXTU0030189,AUR,2026,AUR-RA,스탠다드 레인지,AWD,오션 블루,US-SV,west,58900
2025-12,VF4ASFCXTU0030190,AUR,2026,AUR-MA,롱레인지,FWD,스틸 그레이,US-SV,west,67146
2025-12,VF4ACFFXTU0030191,AUR,2026,AUR-AI,스탠다드 레인지,FWD,선셋 레드,US-SV,central,54188
2025-12,VF4APACXTU0030192,AUR,2026,AUR-RA,롱레인지,AWD,스틸 그레이,US-SV,northeast,58900
2025-12,VF4APACXTU0030193,AUR,2026,AUR-RA,스탠다드 레인지,AWD,스틸 그레이,US-SV,west,58900
2025-12,VF4ACFEXTU0030194,AUR,2026,AUR-AI,롱레인지,FWD,오션 블루,US-SV,south,54188
2025-12,VF4ACFEXTU0030195,AUR,2026,AUR-AI,롱레인지,FWD,오션 블루,US-SV,west,54188
2025-12,VF4ACAAXTU0030196,AUR,2026,AUR-AI,롱레인지,AWD,스노우 화이트,US-SV,northeast,54188
2025-12,VF4APAAXTU0030197,AUR,2026,AUR-RA,스탠다드 레인지,AWD,스노우 화이트,US-SV,northeast,58900
2025-12,VF4APAHXTU0030198,AUR,2026,AUR-RA,롱레인지,AWD,샌드 베이지,US-SV,west,58900
2025-12,VF4APADXTU0030199,AUR,2026,AUR-RA,롱레인지,AWD,실버,US-SV,west,58900
2025-12,VF4ASAEXTU0030200,AUR,2026,AUR-MA,롱레인지,AWD,오션 블루,US-SV,northeast,67146
2025-12,VF4APADXTU0030201,AUR,2026,AUR-RA,롱레인지,AWD,실버,US-SV,west,58900
2025-12,VF4ASFBXTU0030202,AUR,2026,AUR-MA,롱레인지,FWD,미드나잇 블랙,US-SV,south,67146
2025-12,VF4ACFBXTU0030203,AUR,2026,AUR-AI,스탠다드 레인지,FWD,미드나잇 블랙,US-SV,west,54188
2025-12,VF4APABXSU0030204,AUR,2025,AUR-RA,롱레인지,AWD,미드나잇 블랙,US-SV,west,58900
2025-12,VF4APFDXTU0030205,AUR,2026,AUR-RA,롱레인지,FWD,실버,US-SV,south,58900
2025-12,VF4ACAAXTU0030206,AUR,2026,AUR-AI,롱레인지,AWD,스노우 화이트,US-SV,west,54188
2025-12,VF4ASFCXTU0030207,AUR,2026,AUR-MA,롱레인지,FWD,스틸 그레이,US-SV,south,67146
2025-12,VF4ASAFXTU0030208,AUR,2026,AUR-MA,롱레인지,AWD,선셋 레드,US-SV,west,67146
2025-12,VF4APACXTU0030209,AUR,2026,AUR-RA,롱레인지,AWD,스틸 그레이,US-SV,west,58900
2025-12,VF4APFCXSU0030210,AUR,2025,AUR-RA,롱레인지,FWD,스틸 그레이,US-SV,south,58900
2025-12,VF4ACFDXTU0030211,AUR,2026,AUR-AI,롱레인지,FWD,실버,US-SV,south,54188
2025-12,VF4APFAXTU0030212,AUR,2026,AUR-RA,롱레인지,FWD,스노우 화이트,US-SV,southeast,58900
2025-12,VF4APFBXTU0030213,AUR,2026,AUR-RA,롱레인지,FWD,미드나잇 블랙,US-SV,west,58900
2025-12,VF4APAGXTU0030214,AUR,2026,AUR-RA,롱레인지,AWD,포레스트 그린,US-SV,west,58900
2025-12,VF4APABXTU0030215,AUR,2026,AUR-RA,롱레인지,AWD,미드나잇 블랙,US-SV,central,58900
2025-12,VF4APFDXTU0030216,AUR,2026,AUR-RA,스탠다드 레인지,FWD,실버,US-SV,southeast,58900
2025-12,VF4APAAXTU0030217,AUR,2026,AUR-RA,스탠다드 레인지,AWD,스노우 화이트,US-SV,south,58900
2025-12,VF4ACFAXTU0030218,AUR,2026,AUR-AI,롱레인지,FWD,스노우 화이트,US-SV,west,54188
2025-12,VF4ASFBXTU0030219,AUR,2026,AUR-MA,롱레인지,FWD,미드나잇 블랙,US-SV,west,67146
2025-12,VF5MCAFXTM0031623,MRD,2026,MRD-CO,2.0 가솔린,AWD,선셋 레드,MX-MT,northeast,28704
2025-12,VF5MCFGXTM0031624,MRD,2026,MRD-CO,1.6T 하이브리드,FWD,포레스트 그린,MX-MT,southeast,28704
2025-12,VF5MCFBXTM0031625,MRD,2026,MRD-CO,1.6T 하이브리드,FWD,미드나잇 블랙,MX-MT,south,28704
2025-12,VF5MPFDXTM0031626,MRD,2026,MRD-PR,2.0 가솔린,FWD,실버,MX-MT,northeast,31200
2025-12,VF5MPFDXTM0031627,MRD,2026,MRD-PR,2.0 가솔린,FWD,실버,MX-MT,south,31200
2025-12,VF5MCFDXTM0031628,MRD,2026,MRD-CO,1.6T 하이브리드,FWD,실버,MX-MT,central,28704
2025-12,VF5MPFEXTM0031629,MRD,2026,MRD-PR,1.6T 하이브리드,FWD,오션 블루,MX-MT,southeast,31200
2025-12,VF5MCFAXTM0031630,MRD,2026,MRD-CO,1.6T 하이브리드,FWD,스노우 화이트,MX-MT,southeast,28704
2025-12,VF5MPFAXTM0031631,MRD,2026,MRD-PR,1.6T 하이브리드,FWD,스노우 화이트,MX-MT,northeast,31200
2025-12,VF5MPFFXTM0031632,MRD,2026,MRD-PR,2.0 가솔린,FWD,선셋 레드,MX-MT,west,31200
2025-12,VF5MPABXTM0031633,MRD,2026,MRD-PR,1.6T 하이브리드,AWD,미드나잇 블랙,MX-MT,west,31200
2025-12,VF5MPFGXTM0031634,MRD,2026,MRD-PR,2.0 가솔린,FWD,포레스트 그린,MX-MT,central,31200
2025-12,VF5MSAAXTM0031635,MRD,2026,MRD-SP,1.6T 하이브리드,AWD,스노우 화이트,MX-MT,west,35568
2025-12,VF5MSAAXTM0031636,MRD,2026,MRD-SP,2.0 가솔린,AWD,스노우 화이트,MX-MT,west,35568
2025-12,VF5MSFAXTM0031637,MRD,2026,MRD-SP,1.6T 하이브리드,FWD,스노우 화이트,MX-MT,west,35568
2025-12,VF5MPAGXTM0031638,MRD,2026,MRD-PR,1.6T 하이브리드,AWD,포레스트 그린,MX-MT,central,31200
2025-12,VF5MPFGXTM0031639,MRD,2026,MRD-PR,2.0 가솔린,FWD,포레스트 그린,MX-MT,west,31200
2025-12,VF5MCADXTM0031640,MRD,2026,MRD-CO,2.0 가솔린,AWD,실버,MX-MT,west,28704
2025-12,VF5MPFDXTM0031641,MRD,2026,MRD-PR,2.0 가솔린,FWD,실버,MX-MT,northeast,31200
2025-12,VF5MPFBXTM0031642,MRD,2026,MRD-PR,1.6T 하이브리드,FWD,미드나잇 블랙,MX-MT,south,31200
2025-12,VF5MPADXTM0031643,MRD,2026,MRD-PR,1.6T 하이브리드,AWD,실버,MX-MT,west,31200
2025-12,VF5MPFAXTM0031644,MRD,2026,MRD-PR,2.0 가솔린,FWD,스노우 화이트,MX-MT,northeast,31200
2025-12,VF5MPFDXTM0031645,MRD,2026,MRD-PR,2.0 가솔린,FWD,실버,MX-MT,northeast,31200
2025-12,VF5MPFCXTM0031646,MRD,2026,MRD-PR,1.6T 하이브리드,FWD,스틸 그레이,MX-MT,west,31200
2025-12,VF5MPFAXTM0031647,MRD,2026,MRD-PR,1.6T 하이브리드,FWD,스노우 화이트,MX-MT,west,31200
2025-12,VF5MPFBXTM0031648,MRD,2026,MRD-PR,1.6T 하이브리드,FWD,미드나잇 블랙,MX-MT,central,31200
2025-12,VF5MCFEXTM0031649,MRD,2026,MRD-CO,1.6T 하이브리드,FWD,오션 블루,MX-MT,south,28704
2025-12,VF5MCFBXTM0031650,MRD,2026,MRD-CO,1.6T 하이브리드,FWD,미드나잇 블랙,MX-MT,west,28704
2025-12,VF5MPFGXTM0031651,MRD,2026,MRD-PR,1.6T 하이브리드,FWD,포레스트 그린,MX-MT,northeast,31200
2025-12,VF5MPFCXTM0031652,MRD,2026,MRD-PR,2.0 가솔린,FWD,스틸 그레이,MX-MT,southeast,31200
2025-12,VF5MPFBXTM0031653,MRD,2026,MRD-PR,2.0 가솔린,FWD,미드나잇 블랙,MX-MT,northeast,31200
2025-12,VF5MSFBXTM0031654,MRD,2026,MRD-SP,1.6T 하이브리드,FWD,미드나잇 블랙,MX-MT,northeast,35568
2025-12,VF5MPFBXTM0031655,MRD,2026,MRD-PR,2.0 가솔린,FWD,미드나잇 블랙,MX-MT,northeast,31200
2025-12,VF5MCAAXTM0031656,MRD,2026,MRD-CO,2.0 가솔린,AWD,스노우 화이트,MX-MT,west,28704
2025-12,VF5MPAGXTM0031657,MRD,2026,MRD-PR,2.0 가솔린,AWD,포레스트 그린,MX-MT,central,31200
2025-12,VF5MPFFXTM0031658,MRD,2026,MRD-PR,1.6T 하이브리드,FWD,선셋 레드,MX-MT,central,31200
2025-12,VF5MPFBXTM0031659,MRD,2026,MRD-PR,2.0 가솔린,FWD,미드나잇 블랙,MX-MT,central,31200
2025-12,VF5MSFBXTM0031660,MRD,2026,MRD-SP,2.0 가솔린,FWD,미드나잇 블랙,MX-MT,south,35568
2025-12,VF5MPFBXTM0031661,MRD,2026,MRD-PR,1.6T 하이브리드,FWD,미드나잇 블랙,MX-MT,southeast,31200
2025-12,VF5MPFCXTM0031662,MRD,2026,MRD-PR,1.6T 하이브리드,FWD,스틸 그레이,MX-MT,south,31200
2025-12,VF5MSFFXTM0031663,MRD,2026,MRD-SP,2.0 가솔린,FWD,선셋 레드,MX-MT,south,35568
2025-12,VF5MCAHXTM0031664,MRD,2026,MRD-CO,2.0 가솔린,AWD,샌드 베이지,MX-MT,central,28704
2025-12,VF5MSFDXTM0031665,MRD,2026,MRD-SP,2.0 가솔린,FWD,실버,MX-MT,west,35568
2025-12,VF5MCFBXTM0031666,MRD,2026,MRD-CO,1.6T 하이브리드,FWD,미드나잇 블랙,MX-MT,west,28704
2025-12,VF5MPFAXTM0031667,MRD,2026,MRD-PR,1.6T 하이브리드,FWD,스노우 화이트,MX-MT,northeast,31200
2025-12,VF5MSFBXTM0031668,MRD,2026,MRD-SP,2.0 가솔린,FWD,미드나잇 블랙,MX-MT,south,35568
2025-12,VF5MSFAXTM0031669,MRD,2026,MRD-SP,2.0 가솔린,FWD,스노우 화이트,MX-MT,west,35568
2025-12,VF5MPFBXTM0031670,MRD,2026,MRD-PR,1.6T 하이브리드,FWD,미드나잇 블랙,MX-MT,west,31200
2025-12,VF5MPFDXTM0031671,MRD,2026,MRD-PR,2.0 가솔린,FWD,실버,MX-MT,west,31200
2025-12,VF5MSFEXTM0031672,MRD,2026,MRD-SP,2.0 가솔린,FWD,오션 블루,MX-MT,southeast,35568
2025-12,VF5MPFAXTM0031673,MRD,2026,MRD-PR,2.0 가솔린,FWD,스노우 화이트,MX-MT,southeast,31200
2025-12,VF5MPFBXTM0031674,MRD,2026,MRD-PR,2.0 가솔린,FWD,미드나잇 블랙,MX-MT,south,31200
2025-12,VF5MPAFXTM0031675,MRD,2026,MRD-PR,1.6T 하이브리드,AWD,선셋 레드,MX-MT,west,31200
2025-12,VF5MPFDXTM0031676,MRD,2026,MRD-PR,1.6T 하이브리드,FWD,실버,MX-MT,central,31200
2025-12,VF5MSFDXTM0031677,MRD,2026,MRD-SP,1.6T 하이브리드,FWD,실버,MX-MT,west,35568
2025-12,VF5MPAEXTM0031678,MRD,2026,MRD-PR,1.6T 하이브리드,AWD,오션 블루,MX-MT,northeast,31200
2025-12,VF5MCFCXTM0031679,MRD,2026,MRD-CO,2.0 가솔린,FWD,스틸 그레이,MX-MT,south,28704
2025-12,VF5MCACXTM0031680,MRD,2026,MRD-CO,2.0 가솔린,AWD,스틸 그레이,MX-MT,central,28704
2025-12,VF5MPFDXTM0031681,MRD,2026,MRD-PR,1.6T 하이브리드,FWD,실버,MX-MT,southeast,31200
2025-12,VF5MPAGXTM0031682,MRD,2026,MRD-PR,1.6T 하이브리드,AWD,포레스트 그린,MX-MT,west,31200
2025-12,VF5MCFAXTM0031683,MRD,2026,MRD-CO,2.0 가솔린,FWD,스노우 화이트,MX-MT,west,28704
2025-12,VF5MCFAXTM0031684,MRD,2026,MRD-CO,1.6T 하이브리드,FWD,스노우 화이트,MX-MT,west,28704
2025-12,VF5MPFDXTM0031685,MRD,2026,MRD-PR,1.6T 하이브리드,FWD,실버,MX-MT,central,31200
2025-12,VF5MPFBXTM0031686,MRD,2026,MRD-PR,2.0 가솔린,FWD,미드나잇 블랙,MX-MT,central,31200
2025-12,VF5MCFAXTM0031687,MRD,2026,MRD-CO,1.6T 하이브리드,FWD,스노우 화이트,MX-MT,west,28704
2025-12,VF5MPACXTM0031688,MRD,2026,MRD-PR,2.0 가솔린,AWD,스틸 그레이,MX-MT,southeast,31200
2025-12,VF5MCFBXTM0031689,MRD,2026,MRD-CO,2.0 가솔린,FWD,미드나잇 블랙,MX-MT,central,28704
2025-12,VF5MSFFXTM0031690,MRD,2026,MRD-SP,2.0 가솔린,FWD,선셋 레드,MX-MT,west,35568
2025-12,VF5MCFBXTM0031691,MRD,2026,MRD-CO,2.0 가솔린,FWD,미드나잇 블랙,MX-MT,south,28704
2025-12,VF5MCFBXTM0031692,MRD,2026,MRD-CO,1.6T 하이브리드,FWD,미드나잇 블랙,MX-MT,south,28704
2025-12,VF5MCFDXTM0031693,MRD,2026,MRD-CO,1.6T 하이브리드,FWD,실버,MX-MT,northeast,28704
2025-12,VF5MCFCXTM0031694,MRD,2026,MRD-CO,2.0 가솔린,FWD,스틸 그레이,MX-MT,southeast,28704
2025-12,VF5MPFCXTM0031695,MRD,2026,MRD-PR,2.0 가솔린,FWD,스틸 그레이,MX-MT,south,31200
2025-12,VF5MPFAXTM0031696,MRD,2026,MRD-PR,2.0 가솔린,FWD,스노우 화이트,MX-MT,west,31200
2025-12,VF5MPAGXTM0031697,MRD,2026,MRD-PR,1.6T 하이브리드,AWD,포레스트 그린,MX-MT,southeast,31200
2025-12,VF5MCFBXTM0031698,MRD,2026,MRD-CO,1.6T 하이브리드,FWD,미드나잇 블랙,MX-MT,west,28704
2025-12,VF5MSFCXTM0031699,MRD,2026,MRD-SP,2.0 가솔린,FWD,스틸 그레이,MX-MT,west,35568
2025-12,VF5MCFCXTM0031700,MRD,2026,MRD-CO,2.0 가솔린,FWD,스틸 그레이,MX-MT,southeast,28704
2025-12,VF5MCFCXTM0031701,MRD,2026,MRD-CO,1.6T 하이브리드,FWD,스틸 그레이,MX-MT,west,28704
2025-12,VF5MCFBXTM0031702,MRD,2026,MRD-CO,2.0 가솔린,FWD,미드나잇 블랙,MX-MT,west,28704
2025-12,VF5MCFEXTM0031703,MRD,2026,MRD-CO,2.0 가솔린,FWD,오션 블루,MX-MT,central,28704
2025-12,VF5MCFAXTM0031704,MRD,2026,MRD-CO,1.6T 하이브리드,FWD,스노우 화이트,MX-MT,central,28704
2025-12,VF5MPFAXTM0031705,MRD,2026,MRD-PR,2.0 가솔린,FWD,스노우 화이트,MX-MT,southeast,31200
2025-12,VF5MCFGXTM0031706,MRD,2026,MRD-CO,2.0 가솔린,FWD,포레스트 그린,MX-MT,southeast,28704
2025-12,VF5MPFAXTM0031707,MRD,2026,MRD-PR,2.0 가솔린,FWD,스노우 화이트,MX-MT,west,31200
2025-12,VF5MSFCXTM0031708,MRD,2026,MRD-SP,1.6T 하이브리드,FWD,스틸 그레이,MX-MT,northeast,35568
2025-12,VF5MSFFXTM0031709,MRD,2026,MRD-SP,2.0 가솔린,FWD,선셋 레드,MX-MT,west,35568
2025-12,VF5MPFBXTM0031710,MRD,2026,MRD-PR,2.0 가솔린,FWD,미드나잇 블랙,MX-MT,south,31200
2025-12,VF5MCACXTM0031711,MRD,2026,MRD-CO,1.6T 하이브리드,AWD,스틸 그레이,MX-MT,west,28704
2025-12,VF5MCFCXTM0031712,MRD,2026,MRD-CO,1.6T 하이브리드,FWD,스틸 그레이,MX-MT,west,28704
2025-12,VF5MPFDXTM0031713,MRD,2026,MRD-PR,1.6T 하이브리드,FWD,실버,MX-MT,west,31200
2025-12,VF5MCFBXTM0031714,MRD,2026,MRD-CO,2.0 가솔린,FWD,미드나잇 블랙,MX-MT,south,28704
2025-12,VF5MSAEXTM0031715,MRD,2026,MRD-SP,1.6T 하이브리드,AWD,오션 블루,MX-MT,central,35568
2025-12,VF5MSFDXTM0031716,MRD,2026,MRD-SP,2.0 가솔린,FWD,실버,MX-MT,southeast,35568
2025-12,VF5MCABXTM0031717,MRD,2026,MRD-CO,1.6T 하이브리드,AWD,미드나잇 블랙,MX-MT,central,28704
2025-12,VF5MSFDXTM0031718,MRD,2026,MRD-SP,2.0 가솔린,FWD,실버,MX-MT,northeast,35568
2025-12,VF5MPFCXTM0031719,MRD,2026,MRD-PR,2.0 가솔린,FWD,스틸 그레이,MX-MT,west,31200
2025-12,VF5MSACXTM0031720,MRD,2026,MRD-SP,1.6T 하이브리드,AWD,스틸 그레이,MX-MT,central,35568
2025-12,VF5MPAGXTM0031721,MRD,2026,MRD-PR,2.0 가솔린,AWD,포레스트 그린,MX-MT,central,31200
2025-12,VF5MCAEXTM0031722,MRD,2026,MRD-CO,2.0 가솔린,AWD,오션 블루,MX-MT,northeast,28704
2025-12,VF5MPFCXTM0031723,MRD,2026,MRD-PR,2.0 가솔린,FWD,스틸 그레이,MX-MT,central,31200
2025-12,VF5MPFAXTM0031724,MRD,2026,MRD-PR,2.0 가솔린,FWD,스노우 화이트,MX-MT,northeast,31200
2025-12,VF5MSFAXTM0031725,MRD,2026,MRD-SP,2.0 가솔린,FWD,스노우 화이트,MX-MT,central,35568
2025-12,VF5MSFBXTM0031726,MRD,2026,MRD-SP,1.6T 하이브리드,FWD,미드나잇 블랙,MX-MT,south,35568
2025-12,VF5MSFAXTM0031727,MRD,2026,MRD-SP,2.0 가솔린,FWD,스노우 화이트,MX-MT,west,35568
2025-12,VF5MPAAXTM0031728,MRD,2026,MRD-PR,1.6T 하이브리드,AWD,스노우 화이트,MX-MT,south,31200
2025-12,VF5MPFDXTM0031729,MRD,2026,MRD-PR,1.6T 하이브리드,FWD,실버,MX-MT,southeast,31200
2025-12,VF5MCFGXTM0031730,MRD,2026,MRD-CO,1.6T 하이브리드,FWD,포레스트 그린,MX-MT,west,28704
2025-12,VF5MCFBXTM0031731,MRD,2026,MRD-CO,2.0 가솔린,FWD,미드나잇 블랙,MX-MT,southeast,28704
2025-12,VF5MSAHXTM0031732,MRD,2026,MRD-SP,2.0 가솔린,AWD,샌드 베이지,MX-MT,west,35568
2025-12,VF5MSFBXTM0031733,MRD,2026,MRD-SP,2.0 가솔린,FWD,미드나잇 블랙,MX-MT,northeast,35568
2025-12,VF5MCFDXTM0031734,MRD,2026,MRD-CO,2.0 가솔린,FWD,실버,MX-MT,northeast,28704
2025-12,VF5MSFAXTM0031735,MRD,2026,MRD-SP,2.0 가솔린,FWD,스노우 화이트,MX-MT,south,35568
2025-12,VF5MCFBXTM0031736,MRD,2026,MRD-CO,2.0 가솔린,FWD,미드나잇 블랙,MX-MT,central,28704
2025-12,VF5MPFBXTM0031737,MRD,2026,MRD-PR,1.6T 하이브리드,FWD,미드나잇 블랙,MX-MT,southeast,31200
2025-12,VF5MPFAXTM0031738,MRD,2026,MRD-PR,2.0 가솔린,FWD,스노우 화이트,MX-MT,northeast,31200
2025-12,VF5MPFHXTM0031739,MRD,2026,MRD-PR,1.6T 하이브리드,FWD,샌드 베이지,MX-MT,south,31200
2025-12,VF5MPFBXTM0031740,MRD,2026,MRD-PR,2.0 가솔린,FWD,미드나잇 블랙,MX-MT,southeast,31200
2025-12,VF5MSAHXTM0031741,MRD,2026,MRD-SP,1.6T 하이브리드,AWD,샌드 베이지,MX-MT,northeast,35568
2025-12,VF5MCFAXTM0031742,MRD,2026,MRD-CO,2.0 가솔린,FWD,스노우 화이트,MX-MT,southeast,28704
2025-12,VF5MSAEXTM0031743,MRD,2026,MRD-SP,1.6T 하이브리드,AWD,오션 블루,MX-MT,central,35568
2025-12,VF5MPFAXTM0031744,MRD,2026,MRD-PR,2.0 가솔린,FWD,스노우 화이트,MX-MT,south,31200
2025-12,VF5MSFCXTM0031745,MRD,2026,MRD-SP,1.6T 하이브리드,FWD,스틸 그레이,MX-MT,central,35568
2025-12,VF5MPFAXTM0031746,MRD,2026,MRD-PR,2.0 가솔린,FWD,스노우 화이트,MX-MT,southeast,31200
2025-12,VF5MPACXTM0031747,MRD,2026,MRD-PR,2.0 가솔린,AWD,스틸 그레이,MX-MT,west,31200
2025-12,VF5MCFAXTM0031748,MRD,2026,MRD-CO,2.0 가솔린,FWD,스노우 화이트,MX-MT,west,28704
2025-12,VF5MCFAXTM0031749,MRD,2026,MRD-CO,1.6T 하이브리드,FWD,스노우 화이트,MX-MT,south,28704
2025-12,VF5MSFBXTM0031750,MRD,2026,MRD-SP,1.6T 하이브리드,FWD,미드나잇 블랙,MX-MT,west,35568
2025-12,VF5MCAEXTM0031751,MRD,2026,MRD-CO,2.0 가솔린,AWD,오션 블루,MX-MT,south,28704
2025-12,VF5MPFCXTM0031752,MRD,2026,MRD-PR,1.6T 하이브리드,FWD,스틸 그레이,MX-MT,northeast,31200
2025-12,VF5MPFFXTM0031753,MRD,2026,MRD-PR,1.6T 하이브리드,FWD,선셋 레드,MX-MT,southeast,31200
2025-12,VF5MPFDXTM0031754,MRD,2026,MRD-PR,2.0 가솔린,FWD,실버,MX-MT,south,31200
2025-12,VF5MCFCXTM0031755,MRD,2026,MRD-CO,1.6T 하이브리드,FWD,스틸 그레이,MX-MT,south,28704
2025-12,VF5MSFAXTM0031756,MRD,2026,MRD-SP,1.6T 하이브리드,FWD,스노우 화이트,MX-MT,southeast,35568
2025-12,VF5MSFCXTM0031757,MRD,2026,MRD-SP,1.6T 하이브리드,FWD,스틸 그레이,MX-MT,southeast,35568
2025-12,VF5MCFFXTM0031758,MRD,2026,MRD-CO,1.6T 하이브리드,FWD,선셋 레드,MX-MT,southeast,28704
2025-12,VF5MCAGXTM0031759,MRD,2026,MRD-CO,1.6T 하이브리드,AWD,포레스트 그린,MX-MT,west,28704
2025-12,VF5MSAEXTM0031760,MRD,2026,MRD-SP,2.0 가솔린,AWD,오션 블루,MX-MT,central,35568
2025-12,VF5MCADXTM0031761,MRD,2026,MRD-CO,2.0 가솔린,AWD,실버,MX-MT,south,28704
2025-12,VF5MCFBXTM0031762,MRD,2026,MRD-CO,2.0 가솔린,FWD,미드나잇 블랙,MX-MT,west,28704
2025-12,VF5MCFDXTM0031763,MRD,2026,MRD-CO,1.6T 하이브리드,FWD,실버,MX-MT,northeast,28704
2025-12,VF5MPFEXTM0031764,MRD,2026,MRD-PR,2.0 가솔린,FWD,오션 블루,MX-MT,southeast,31200
2025-12,VF5MCFCXTM0031765,MRD,2026,MRD-CO,2.0 가솔린,FWD,스틸 그레이,MX-MT,central,28704
2025-12,VF5MSAAXTM0031766,MRD,2026,MRD-SP,1.6T 하이브리드,AWD,스노우 화이트,MX-MT,northeast,35568
2025-12,VF5MCFHXTM0031767,MRD,2026,MRD-CO,1.6T 하이브리드,FWD,샌드 베이지,MX-MT,central,28704
2025-12,VF5MPFAXTM0031768,MRD,2026,MRD-PR,2.0 가솔린,FWD,스노우 화이트,MX-MT,northeast,31200
2025-12,VF5MSFBXTM0031769,MRD,2026,MRD-SP,1.6T 하이브리드,FWD,미드나잇 블랙,MX-MT,southeast,35568
2025-12,VF5MPAEXTM0031770,MRD,2026,MRD-PR,1.6T 하이브리드,AWD,오션 블루,MX-MT,central,31200
2025-12,VF5MCFBXTM0031771,MRD,2026,MRD-CO,2.0 가솔린,FWD,미드나잇 블랙,MX-MT,south,28704
2025-12,VF5MPFCXTM0031772,MRD,2026,MRD-PR,1.6T 하이브리드,FWD,스틸 그레이,MX-MT,west,31200
2025-12,VF5MPFCXTM0031773,MRD,2026,MRD-PR,1.6T 하이브리드,FWD,스틸 그레이,MX-MT,southeast,31200
2025-12,VF5MPFAXTM0031774,MRD,2026,MRD-PR,2.0 가솔린,FWD,스노우 화이트,MX-MT,south,31200
2025-12,VF5MCFDXTM0031775,MRD,2026,MRD-CO,2.0 가솔린,FWD,실버,MX-MT,northeast,28704
2025-12,VF5MCAAXTM0031776,MRD,2026,MRD-CO,2.0 가솔린,AWD,스노우 화이트,MX-MT,central,28704
2025-12,VF5MPFAXTM0031777,MRD,2026,MRD-PR,2.0 가솔린,FWD,스노우 화이트,MX-MT,central,31200
2025-12,VF5MPFBXTM0031778,MRD,2026,MRD-PR,2.0 가솔린,FWD,미드나잇 블랙,MX-MT,south,31200
2025-12,VF5MSFAXTM0031779,MRD,2026,MRD-SP,1.6T 하이브리드,FWD,스노우 화이트,MX-MT,south,35568
2025-12,VF5MCFBXTM0031780,MRD,2026,MRD-CO,1.6T 하이브리드,FWD,미드나잇 블랙,MX-MT,southeast,28704
2025-12,VF5MSFAXTM0031781,MRD,2026,MRD-SP,1.6T 하이브리드,FWD,스노우 화이트,MX-MT,west,35568
2025-12,VF5MSFDXTM0031782,MRD,2026,MRD-SP,1.6T 하이브리드,FWD,실버,MX-MT,west,35568
2025-12,VF5MPFEXTM0031783,MRD,2026,MRD-PR,2.0 가솔린,FWD,오션 블루,MX-MT,west,31200
2025-12,VF5MCFEXTM0031784,MRD,2026,MRD-CO,1.6T 하이브리드,FWD,오션 블루,MX-MT,southeast,28704
2025-12,VF5MPFFXTM0031785,MRD,2026,MRD-PR,2.0 가솔린,FWD,선셋 레드,MX-MT,west,31200
2025-12,VF5MPFDXTM0031786,MRD,2026,MRD-PR,2.0 가솔린,FWD,실버,MX-MT,southeast,31200
2025-12,VF5MSFAXTM0031787,MRD,2026,MRD-SP,2.0 가솔린,FWD,스노우 화이트,MX-MT,southeast,35568
2025-12,VF5MPAAXTM0031788,MRD,2026,MRD-PR,1.6T 하이브리드,AWD,스노우 화이트,MX-MT,west,31200
2025-12,VF5MPFEXTM0031789,MRD,2026,MRD-PR,1.6T 하이브리드,FWD,오션 블루,MX-MT,southeast,31200
2025-12,VF5MSFEXTM0031790,MRD,2026,MRD-SP,1.6T 하이브리드,FWD,오션 블루,MX-MT,south,35568
2025-12,VF5MPFBXTM0031791,MRD,2026,MRD-PR,2.0 가솔린,FWD,미드나잇 블랙,MX-MT,southeast,31200
2025-12,VF5MSACXTM0031792,MRD,2026,MRD-SP,1.6T 하이브리드,AWD,스틸 그레이,MX-MT,central,35568
2025-12,VF5MCFCXTM0031793,MRD,2026,MRD-CO,2.0 가솔린,FWD,스틸 그레이,MX-MT,south,28704
2025-12,VF5MCACXTM0031794,MRD,2026,MRD-CO,1.6T 하이브리드,AWD,스틸 그레이,MX-MT,south,28704
2025-12,VF5MCFBXTM0031795,MRD,2026,MRD-CO,2.0 가솔린,FWD,미드나잇 블랙,MX-MT,southeast,28704
2025-12,VF5MCFCXTM0031796,MRD,2026,MRD-CO,2.0 가솔린,FWD,스틸 그레이,MX-MT,southeast,28704
2025-12,VF5MCFFXTM0031797,MRD,2026,MRD-CO,1.6T 하이브리드,FWD,선셋 레드,MX-MT,west,28704
2025-12,VF5MSFFXTM0031798,MRD,2026,MRD-SP,1.6T 하이브리드,FWD,선셋 레드,MX-MT,central,35568
2025-12,VF5MPFDXTM0031799,MRD,2026,MRD-PR,1.6T 하이브리드,FWD,실버,MX-MT,south,31200
2025-12,VF5MPFBXTM0031800,MRD,2026,MRD-PR,2.0 가솔린,FWD,미드나잇 블랙,MX-MT,southeast,31200
2025-12,VF5MPFAXTM0031801,MRD,2026,MRD-PR,1.6T 하이브리드,FWD,스노우 화이트,MX-MT,southeast,31200
2025-12,VF5MPFDXTM0031802,MRD,2026,MRD-PR,1.6T 하이브리드,FWD,실버,MX-MT,west,31200
2025-12,VF5MCADXTM0031803,MRD,2026,MRD-CO,1.6T 하이브리드,AWD,실버,MX-MT,west,28704
2025-12,VF5MPABXTM0031804,MRD,2026,MRD-PR,2.0 가솔린,AWD,미드나잇 블랙,MX-MT,west,31200
2025-12,VF5MCFFXTM0031805,MRD,2026,MRD-CO,1.6T 하이브리드,FWD,선셋 레드,MX-MT,west,28704
2025-12,VF5MCFHXTM0031806,MRD,2026,MRD-CO,2.0 가솔린,FWD,샌드 베이지,MX-MT,south,28704
2025-12,VF5MSABXTM0031807,MRD,2026,MRD-SP,1.6T 하이브리드,AWD,미드나잇 블랙,MX-MT,south,35568
2025-12,VF5MCFBXTM0031808,MRD,2026,MRD-CO,2.0 가솔린,FWD,미드나잇 블랙,MX-MT,west,28704
2025-12,VF5MPABXTM0031809,MRD,2026,MRD-PR,1.6T 하이브리드,AWD,미드나잇 블랙,MX-MT,west,31200
2025-12,VF5MSABXTM0031810,MRD,2026,MRD-SP,2.0 가솔린,AWD,미드나잇 블랙,MX-MT,west,35568
2025-12,VF5MPADXTM0031811,MRD,2026,MRD-PR,2.0 가솔린,AWD,실버,MX-MT,southeast,31200
2025-12,VF5MCFCXTM0031812,MRD,2026,MRD-CO,2.0 가솔린,FWD,스틸 그레이,MX-MT,southeast,28704
2025-12,VF5MCFDXTM0031813,MRD,2026,MRD-CO,2.0 가솔린,FWD,실버,MX-MT,central,28704
2025-12,VF5MPFEXTM0031814,MRD,2026,MRD-PR,1.6T 하이브리드,FWD,오션 블루,MX-MT,south,31200
2025-12,VF5MCFCXTM0031815,MRD,2026,MRD-CO,2.0 가솔린,FWD,스틸 그레이,MX-MT,west,28704
2025-12,VF2NSACXTK0033082,NOV,2026,NOV-LO,3.5 가솔린,AWD,스틸 그레이,KR-2,south,50502
2025-12,VF2NPFCXTK0033083,NOV,2026,NOV-PR,3.5 가솔린,FWD,스틸 그레이,KR-2,southeast,44300
2025-12,VF2NCFFXTK0033084,NOV,2026,NOV-CO,1.6T 하이브리드,FWD,선셋 레드,KR-2,southeast,40756
2025-12,VF2NPADXTK0033085,NOV,2026,NOV-PR,1.6T 하이브리드,AWD,실버,KR-2,central,44300
2025-12,VF2NPFAXTK0033086,NOV,2026,NOV-PR,1.6T 하이브리드,FWD,스노우 화이트,KR-2,southeast,44300
2025-12,VF2NPAAXTK0033087,NOV,2026,NOV-PR,3.5 가솔린,AWD,스노우 화이트,KR-2,central,44300
2025-12,VF2NSFEXTK0033088,NOV,2026,NOV-LO,3.5 가솔린,FWD,오션 블루,KR-2,south,50502
2025-12,VF2NCFCXTK0033089,NOV,2026,NOV-CO,3.5 가솔린,FWD,스틸 그레이,KR-2,central,40756
2025-12,VF2NSFEXTK0033090,NOV,2026,NOV-LO,1.6T 하이브리드,FWD,오션 블루,KR-2,west,50502
2025-12,VF2NCAAXTK0033091,NOV,2026,NOV-CO,1.6T 하이브리드,AWD,스노우 화이트,KR-2,southeast,40756
2025-12,VF2NPFEXTK0033092,NOV,2026,NOV-PR,1.6T 하이브리드,FWD,오션 블루,KR-2,west,44300
2025-12,VF2NCFCXTK0033093,NOV,2026,NOV-CO,1.6T 하이브리드,FWD,스틸 그레이,KR-2,central,40756
2025-12,VF2NCADXTK0033094,NOV,2026,NOV-CO,3.5 가솔린,AWD,실버,KR-2,northeast,40756
2025-12,VF2NPADXTK0033095,NOV,2026,NOV-PR,3.5 가솔린,AWD,실버,KR-2,west,44300
2025-12,VF2NSAEXTK0033096,NOV,2026,NOV-LO,3.5 가솔린,AWD,오션 블루,KR-2,west,50502
2025-12,VF2NCFCXTK0033097,NOV,2026,NOV-CO,3.5 가솔린,FWD,스틸 그레이,KR-2,central,40756
2025-12,VF2NSACXTK0033098,NOV,2026,NOV-LO,1.6T 하이브리드,AWD,스틸 그레이,KR-2,south,50502
2025-12,VF2NPFAXTK0033099,NOV,2026,NOV-PR,3.5 가솔린,FWD,스노우 화이트,KR-2,northeast,44300
2025-12,VF2NCAAXTK0033100,NOV,2026,NOV-CO,1.6T 하이브리드,AWD,스노우 화이트,KR-2,southeast,40756
2025-12,VF2NSADXTK0033101,NOV,2026,NOV-LO,1.6T 하이브리드,AWD,실버,KR-2,south,50502
2025-12,VF2NCAAXTK0033102,NOV,2026,NOV-CO,1.6T 하이브리드,AWD,스노우 화이트,KR-2,northeast,40756
2025-12,VF2NCFBXTK0033103,NOV,2026,NOV-CO,3.5 가솔린,FWD,미드나잇 블랙,KR-2,southeast,40756
2025-12,VF2NCAHXTK0033104,NOV,2026,NOV-CO,1.6T 하이브리드,AWD,샌드 베이지,KR-2,west,40756
2025-12,VF2NSFAXTK0033105,NOV,2026,NOV-LO,1.6T 하이브리드,FWD,스노우 화이트,KR-2,south,50502
2025-12,VF2NPFCXTK0033106,NOV,2026,NOV-PR,3.5 가솔린,FWD,스틸 그레이,KR-2,west,44300
2025-12,VF2NCFBXTK0033107,NOV,2026,NOV-CO,3.5 가솔린,FWD,미드나잇 블랙,KR-2,southeast,40756
2025-12,VF2NPFEXTK0033108,NOV,2026,NOV-PR,3.5 가솔린,FWD,오션 블루,KR-2,southeast,44300
2025-12,VF2NCFAXTK0033109,NOV,2026,NOV-CO,1.6T 하이브리드,FWD,스노우 화이트,KR-2,south,40756
2025-12,VF2NCFAXTK0033110,NOV,2026,NOV-CO,1.6T 하이브리드,FWD,스노우 화이트,KR-2,south,40756
2025-12,VF2NPFBXTK0033111,NOV,2026,NOV-PR,3.5 가솔린,FWD,미드나잇 블랙,KR-2,central,44300
2025-12,VF2NCAAXTK0033112,NOV,2026,NOV-CO,3.5 가솔린,AWD,스노우 화이트,KR-2,west,40756
2025-12,VF2NPAHXTK0033113,NOV,2026,NOV-PR,3.5 가솔린,AWD,샌드 베이지,KR-2,central,44300
2025-12,VF2NCAEXTK0033114,NOV,2026,NOV-CO,3.5 가솔린,AWD,오션 블루,KR-2,west,40756
2025-12,VF2NPFAXTK0033115,NOV,2026,NOV-PR,3.5 가솔린,FWD,스노우 화이트,KR-2,central,44300
2025-12,VF2NPFCXTK0033116,NOV,2026,NOV-PR,3.5 가솔린,FWD,스틸 그레이,KR-2,southeast,44300
2025-12,VF2NSAEXTK0033117,NOV,2026,NOV-LO,3.5 가솔린,AWD,오션 블루,KR-2,west,50502
2025-12,VF2NCFBXTK0033118,NOV,2026,NOV-CO,1.6T 하이브리드,FWD,미드나잇 블랙,KR-2,south,40756
2025-12,VF2NCFAXTK0033119,NOV,2026,NOV-CO,3.5 가솔린,FWD,스노우 화이트,KR-2,southeast,40756
2025-12,VF2NCFEXTK0033120,NOV,2026,NOV-CO,3.5 가솔린,FWD,오션 블루,KR-2,west,40756
2025-12,VF2NCFEXTK0033121,NOV,2026,NOV-CO,1.6T 하이브리드,FWD,오션 블루,KR-2,northeast,40756
2025-12,VF2NCAGXTK0033122,NOV,2026,NOV-CO,1.6T 하이브리드,AWD,포레스트 그린,KR-2,south,40756
2025-12,VF2NCFDXTK0033123,NOV,2026,NOV-CO,1.6T 하이브리드,FWD,실버,KR-2,northeast,40756
2025-12,VF2NCFCXTK0033124,NOV,2026,NOV-CO,3.5 가솔린,FWD,스틸 그레이,KR-2,west,40756
2025-12,VF2NSFDXTK0033125,NOV,2026,NOV-LO,3.5 가솔린,FWD,실버,KR-2,west,50502
2025-12,VF2NSFAXTK0033126,NOV,2026,NOV-LO,1.6T 하이브리드,FWD,스노우 화이트,KR-2,south,50502
2025-12,VF2NCFCXTK0033127,NOV,2026,NOV-CO,3.5 가솔린,FWD,스틸 그레이,KR-2,southeast,40756
2025-12,VF2NPFBXTK0033128,NOV,2026,NOV-PR,3.5 가솔린,FWD,미드나잇 블랙,KR-2,northeast,44300
2025-12,VF2NPFCXTK0033129,NOV,2026,NOV-PR,3.5 가솔린,FWD,스틸 그레이,KR-2,south,44300
2025-12,VF2NPABXTK0033130,NOV,2026,NOV-PR,3.5 가솔린,AWD,미드나잇 블랙,KR-2,west,44300
2025-12,VF2NCFFXTK0033131,NOV,2026,NOV-CO,1.6T 하이브리드,FWD,선셋 레드,KR-2,west,40756
2025-12,VF2NPACXTK0033132,NOV,2026,NOV-PR,3.5 가솔린,AWD,스틸 그레이,KR-2,west,44300
2025-12,VF2NCFHXTK0033133,NOV,2026,NOV-CO,3.5 가솔린,FWD,샌드 베이지,KR-2,southeast,40756
2025-12,VF2NPFFXTK0033134,NOV,2026,NOV-PR,1.6T 하이브리드,FWD,선셋 레드,KR-2,northeast,44300
2025-12,VF2NPABXTK0033135,NOV,2026,NOV-PR,1.6T 하이브리드,AWD,미드나잇 블랙,KR-2,west,44300
2025-12,VF2NCFBXTK0033136,NOV,2026,NOV-CO,3.5 가솔린,FWD,미드나잇 블랙,KR-2,central,40756
2025-12,VF2NSFBXTK0033137,NOV,2026,NOV-LO,3.5 가솔린,FWD,미드나잇 블랙,KR-2,west,50502
2025-12,VF2NSFEXTK0033138,NOV,2026,NOV-LO,1.6T 하이브리드,FWD,오션 블루,KR-2,west,50502
2025-12,VF2NSFEXTK0033139,NOV,2026,NOV-LO,1.6T 하이브리드,FWD,오션 블루,KR-2,northeast,50502
2025-12,VF2NSFBXTK0033140,NOV,2026,NOV-LO,1.6T 하이브리드,FWD,미드나잇 블랙,KR-2,west,50502
2025-12,VF2NCFBXTK0033141,NOV,2026,NOV-CO,1.6T 하이브리드,FWD,미드나잇 블랙,KR-2,central,40756
2025-12,VF2NCFAXTK0033142,NOV,2026,NOV-CO,3.5 가솔린,FWD,스노우 화이트,KR-2,northeast,40756
2025-12,VF2NSFCXTK0033143,NOV,2026,NOV-LO,3.5 가솔린,FWD,스틸 그레이,KR-2,northeast,50502
2025-12,VF2NPAAXTK0033144,NOV,2026,NOV-PR,1.6T 하이브리드,AWD,스노우 화이트,KR-2,central,44300
2025-12,VF2NCFBXTK0033145,NOV,2026,NOV-CO,3.5 가솔린,FWD,미드나잇 블랙,KR-2,central,40756
2025-12,VF2NPFHXTK0033146,NOV,2026,NOV-PR,3.5 가솔린,FWD,샌드 베이지,KR-2,southeast,44300
2025-12,VF2NCFCXTK0033147,NOV,2026,NOV-CO,1.6T 하이브리드,FWD,스틸 그레이,KR-2,south,40756
2025-12,VF2NCFDXTK0033148,NOV,2026,NOV-CO,1.6T 하이브리드,FWD,실버,KR-2,south,40756
2025-12,VF2NCFAXTK0033149,NOV,2026,NOV-CO,3.5 가솔린,FWD,스노우 화이트,KR-2,west,40756
2025-12,VF2NPFAXTK0033150,NOV,2026,NOV-PR,3.5 가솔린,FWD,스노우 화이트,KR-2,south,44300
2025-12,VF2NCFBXTK0033151,NOV,2026,NOV-CO,3.5 가솔린,FWD,미드나잇 블랙,KR-2,central,40756
2025-12,VF2NPFDXTK0033152,NOV,2026,NOV-PR,3.5 가솔린,FWD,실버,KR-2,central,44300
2025-12,VF2NCFGXTK0033153,NOV,2026,NOV-CO,3.5 가솔린,FWD,포레스트 그린,KR-2,central,40756
2025-12,VF2NPABXTK0033154,NOV,2026,NOV-PR,3.5 가솔린,AWD,미드나잇 블랙,KR-2,central,44300
2025-12,VF2NSFEXTK0033155,NOV,2026,NOV-LO,1.6T 하이브리드,FWD,오션 블루,KR-2,south,50502
2025-12,VF2NCABXTK0033156,NOV,2026,NOV-CO,3.5 가솔린,AWD,미드나잇 블랙,KR-2,northeast,40756
2025-12,VF2NPFFXTK0033157,NOV,2026,NOV-PR,1.6T 하이브리드,FWD,선셋 레드,KR-2,southeast,44300
2025-12,VF2NCAAXTK0033158,NOV,2026,NOV-CO,1.6T 하이브리드,AWD,스노우 화이트,KR-2,west,40756
2025-12,VF2NCFCXTK0033159,NOV,2026,NOV-CO,3.5 가솔린,FWD,스틸 그레이,KR-2,southeast,40756
2025-12,VF2NPFAXTK0033160,NOV,2026,NOV-PR,3.5 가솔린,FWD,스노우 화이트,KR-2,south,44300
2025-12,VF2NPFEXTK0033161,NOV,2026,NOV-PR,1.6T 하이브리드,FWD,오션 블루,KR-2,west,44300
2025-12,VF2NPFAXTK0033162,NOV,2026,NOV-PR,1.6T 하이브리드,FWD,스노우 화이트,KR-2,central,44300
2025-12,VF2NPFAXTK0033163,NOV,2026,NOV-PR,1.6T 하이브리드,FWD,스노우 화이트,KR-2,northeast,44300
2025-12,VF2NPFBXTK0033164,NOV,2026,NOV-PR,1.6T 하이브리드,FWD,미드나잇 블랙,KR-2,west,44300
2025-12,VF2NPABXTK0033165,NOV,2026,NOV-PR,1.6T 하이브리드,AWD,미드나잇 블랙,KR-2,northeast,44300
2025-12,VF2NCAEXTK0033166,NOV,2026,NOV-CO,3.5 가솔린,AWD,오션 블루,KR-2,southeast,40756
2025-12,VF2NPFEXTK0033167,NOV,2026,NOV-PR,3.5 가솔린,FWD,오션 블루,KR-2,central,44300
2025-12,VF2NSFDXTK0033168,NOV,2026,NOV-LO,3.5 가솔린,FWD,실버,KR-2,south,50502
2025-12,VF2NPFHXTK0033169,NOV,2026,NOV-PR,3.5 가솔린,FWD,샌드 베이지,KR-2,central,44300
2025-12,VF2NCFFXTK0033170,NOV,2026,NOV-CO,3.5 가솔린,FWD,선셋 레드,KR-2,central,40756
2025-12,VF2NSFBXTK0033171,NOV,2026,NOV-LO,3.5 가솔린,FWD,미드나잇 블랙,KR-2,central,50502
2025-12,VF2NPABXTK0033172,NOV,2026,NOV-PR,1.6T 하이브리드,AWD,미드나잇 블랙,KR-2,southeast,44300
2025-12,VF2NPAAXTK0033173,NOV,2026,NOV-PR,3.5 가솔린,AWD,스노우 화이트,KR-2,central,44300
2025-12,VF2NCAAXTK0033174,NOV,2026,NOV-CO,1.6T 하이브리드,AWD,스노우 화이트,KR-2,south,40756
2025-12,VF2NCFBXTK0033175,NOV,2026,NOV-CO,3.5 가솔린,FWD,미드나잇 블랙,KR-2,northeast,40756
2025-12,VF2NSAAXTK0033176,NOV,2026,NOV-LO,1.6T 하이브리드,AWD,스노우 화이트,KR-2,northeast,50502
2025-12,VF2NPFHXTK0033177,NOV,2026,NOV-PR,3.5 가솔린,FWD,샌드 베이지,KR-2,south,44300
2025-12,VF2NCFAXTK0033178,NOV,2026,NOV-CO,3.5 가솔린,FWD,스노우 화이트,KR-2,northeast,40756
2025-12,VF2NCFAXTK0033179,NOV,2026,NOV-CO,1.6T 하이브리드,FWD,스노우 화이트,KR-2,southeast,40756
2025-12,VF2NPFFXTK0033180,NOV,2026,NOV-PR,1.6T 하이브리드,FWD,선셋 레드,KR-2,west,44300
2025-12,VF2NSFGXTK0033181,NOV,2026,NOV-LO,1.6T 하이브리드,FWD,포레스트 그린,KR-2,central,50502
2025-12,VF2NSFFXTK0033182,NOV,2026,NOV-LO,1.6T 하이브리드,FWD,선셋 레드,KR-2,south,50502
2025-12,VF2NCFEXTK0033183,NOV,2026,NOV-CO,1.6T 하이브리드,FWD,오션 블루,KR-2,northeast,40756
2025-12,VF2NPFBXTK0033184,NOV,2026,NOV-PR,3.5 가솔린,FWD,미드나잇 블랙,KR-2,south,44300
2025-12,VF2NPABXTK0033185,NOV,2026,NOV-PR,1.6T 하이브리드,AWD,미드나잇 블랙,KR-2,west,44300
2025-12,VF2NPABXTK0033186,NOV,2026,NOV-PR,3.5 가솔린,AWD,미드나잇 블랙,KR-2,west,44300
2025-12,VF2NCAAXTK0033187,NOV,2026,NOV-CO,3.5 가솔린,AWD,스노우 화이트,KR-2,central,40756
2025-12,VF2NPFDXTK0033188,NOV,2026,NOV-PR,3.5 가솔린,FWD,실버,KR-2,south,44300
2025-12,VF2NPFFXTK0033189,NOV,2026,NOV-PR,1.6T 하이브리드,FWD,선셋 레드,KR-2,southeast,44300
2025-12,VF2NSFAXTK0033190,NOV,2026,NOV-LO,3.5 가솔린,FWD,스노우 화이트,KR-2,west,50502
2025-12,VF2NCFCXTK0033191,NOV,2026,NOV-CO,1.6T 하이브리드,FWD,스틸 그레이,KR-2,south,40756
2025-12,VF2NPFCXTK0033192,NOV,2026,NOV-PR,1.6T 하이브리드,FWD,스틸 그레이,KR-2,central,44300
2025-12,VF2NSFEXTK0033193,NOV,2026,NOV-LO,3.5 가솔린,FWD,오션 블루,KR-2,central,50502
2025-12,VF2NPADXTK0033194,NOV,2026,NOV-PR,3.5 가솔린,AWD,실버,KR-2,central,44300
2025-12,VF2NSFFXTK0033195,NOV,2026,NOV-LO,1.6T 하이브리드,FWD,선셋 레드,KR-2,south,50502
2025-12,VF2NSFAXTK0033196,NOV,2026,NOV-LO,1.6T 하이브리드,FWD,스노우 화이트,KR-2,northeast,50502
2025-12,VF2NPABXTK0033197,NOV,2026,NOV-PR,1.6T 하이브리드,AWD,미드나잇 블랙,KR-2,south,44300
2025-12,VF2NSFAXTK0033198,NOV,2026,NOV-LO,1.6T 하이브리드,FWD,스노우 화이트,KR-2,west,50502
2025-12,VF2NPFCXTK0033199,NOV,2026,NOV-PR,3.5 가솔린,FWD,스틸 그레이,KR-2,northeast,44300
2025-12,VF2NSAFXTK0033200,NOV,2026,NOV-LO,1.6T 하이브리드,AWD,선셋 레드,KR-2,northeast,50502
2025-12,VF2NSFBXTK0033201,NOV,2026,NOV-LO,3.5 가솔린,FWD,미드나잇 블랙,KR-2,south,50502
2025-12,VF2NPAGXTK0033202,NOV,2026,NOV-PR,3.5 가솔린,AWD,포레스트 그린,KR-2,northeast,44300
2025-12,VF2NPFBXTK0033203,NOV,2026,NOV-PR,1.6T 하이브리드,FWD,미드나잇 블랙,KR-2,northeast,44300
2025-12,VF2NSFHXTK0033204,NOV,2026,NOV-LO,3.5 가솔린,FWD,샌드 베이지,KR-2,west,50502
2025-12,VF2NCFBXTK0033205,NOV,2026,NOV-CO,3.5 가솔린,FWD,미드나잇 블랙,KR-2,south,40756
2025-12,VF2NCAHXTK0033206,NOV,2026,NOV-CO,1.6T 하이브리드,AWD,샌드 베이지,KR-2,west,40756
2025-12,VF2NPFEXTK0033207,NOV,2026,NOV-PR,1.6T 하이브리드,FWD,오션 블루,KR-2,south,44300
2025-12,VF2NCFBXTK0033208,NOV,2026,NOV-CO,3.5 가솔린,FWD,미드나잇 블랙,KR-2,central,40756
2025-12,VF2NPFDXTK0033209,NOV,2026,NOV-PR,1.6T 하이브리드,FWD,실버,KR-2,west,44300
2025-12,VF2NCAGXTK0033210,NOV,2026,NOV-CO,3.5 가솔린,AWD,포레스트 그린,KR-2,northeast,40756
2025-12,VF2NCFFXTK0033211,NOV,2026,NOV-CO,3.5 가솔린,FWD,선셋 레드,KR-2,northeast,40756
2025-12,VF2NCABXTK0033212,NOV,2026,NOV-CO,1.6T 하이브리드,AWD,미드나잇 블랙,KR-2,south,40756
2025-12,VF2NCFAXTK0033213,NOV,2026,NOV-CO,1.6T 하이브리드,FWD,스노우 화이트,KR-2,central,40756
2025-12,VF2NPFFXTK0033214,NOV,2026,NOV-PR,3.5 가솔린,FWD,선셋 레드,KR-2,northeast,44300
2025-12,VF2NCFAXTK0033215,NOV,2026,NOV-CO,1.6T 하이브리드,FWD,스노우 화이트,KR-2,west,40756
2025-12,VF2NCFDXTK0033216,NOV,2026,NOV-CO,3.5 가솔린,FWD,실버,KR-2,central,40756
2025-12,VF2NCAEXTK0033217,NOV,2026,NOV-CO,3.5 가솔린,AWD,오션 블루,KR-2,west,40756
2025-12,VF2NCADXTK0033218,NOV,2026,NOV-CO,3.5 가솔린,AWD,실버,KR-2,south,40756
2025-12,VF2NCFGXTK0033219,NOV,2026,NOV-CO,3.5 가솔린,FWD,포레스트 그린,KR-2,central,40756
2025-12,VF2NCFCXTK0033220,NOV,2026,NOV-CO,1.6T 하이브리드,FWD,스틸 그레이,KR-2,central,40756
2025-12,VF2NSFAXTK0033221,NOV,2026,NOV-LO,1.6T 하이브리드,FWD,스노우 화이트,KR-2,south,50502
2025-12,VF2NCFCXTK0033222,NOV,2026,NOV-CO,1.6T 하이브리드,FWD,스틸 그레이,KR-2,southeast,40756
2025-12,VF2NPABXTK0033223,NOV,2026,NOV-PR,3.5 가솔린,AWD,미드나잇 블랙,KR-2,west,44300
2025-12,VF2NSFDXTK0033224,NOV,2026,NOV-LO,1.6T 하이브리드,FWD,실버,KR-2,south,50502
2025-12,VF2NCFAXTK0033225,NOV,2026,NOV-CO,1.6T 하이브리드,FWD,스노우 화이트,KR-2,northeast,40756
2025-12,VF2NCFBXTK0033226,NOV,2026,NOV-CO,3.5 가솔린,FWD,미드나잇 블랙,KR-2,west,40756
2025-12,VF2NPFBXTK0033227,NOV,2026,NOV-PR,1.6T 하이브리드,FWD,미드나잇 블랙,KR-2,central,44300
2025-12,VF2NCACXTK0033228,NOV,2026,NOV-CO,3.5 가솔린,AWD,스틸 그레이,KR-2,west,40756
2025-12,VF2NCFDXTK0033229,NOV,2026,NOV-CO,3.5 가솔린,FWD,실버,KR-2,west,40756
2025-12,VF2NPFDXTK0033230,NOV,2026,NOV-PR,1.6T 하이브리드,FWD,실버,KR-2,southeast,44300
2025-12,VF2NCFBXTK0033231,NOV,2026,NOV-CO,1.6T 하이브리드,FWD,미드나잇 블랙,KR-2,west,40756
2025-12,VF2NCFAXTK0033232,NOV,2026,NOV-CO,3.5 가솔린,FWD,스노우 화이트,KR-2,southeast,40756
2025-12,VF2NSFAXTK0033233,NOV,2026,NOV-LO,1.6T 하이브리드,FWD,스노우 화이트,KR-2,northeast,50502
2025-12,VF2NPABXTK0033234,NOV,2026,NOV-PR,1.6T 하이브리드,AWD,미드나잇 블랙,KR-2,south,44300
2025-12,VF2NSFAXTK0033235,NOV,2026,NOV-LO,1.6T 하이브리드,FWD,스노우 화이트,KR-2,southeast,50502
2025-12,VF2NSFAXTK0033236,NOV,2026,NOV-LO,1.6T 하이브리드,FWD,스노우 화이트,KR-2,west,50502
2025-12,VF2NCFAXTK0033237,NOV,2026,NOV-CO,1.6T 하이브리드,FWD,스노우 화이트,KR-2,south,40756
2025-12,VF2NSFAXTK0033238,NOV,2026,NOV-LO,3.5 가솔린,FWD,스노우 화이트,KR-2,southeast,50502
2025-12,VF2NPFEXTK0033239,NOV,2026,NOV-PR,1.6T 하이브리드,FWD,오션 블루,KR-2,northeast,44300
2025-12,VF2NPFFXTK0033240,NOV,2026,NOV-PR,3.5 가솔린,FWD,선셋 레드,KR-2,southeast,44300
2025-12,VF2NSFFXTK0033241,NOV,2026,NOV-LO,1.6T 하이브리드,FWD,선셋 레드,KR-2,west,50502
2025-12,VF2NPAEXTK0033242,NOV,2026,NOV-PR,1.6T 하이브리드,AWD,오션 블루,KR-2,west,44300
2025-12,VF2NSFGXTK0033243,NOV,2026,NOV-LO,3.5 가솔린,FWD,포레스트 그린,KR-2,south,50502
2025-12,VF2NCFDXTK0033244,NOV,2026,NOV-CO,3.5 가솔린,FWD,실버,KR-2,central,40756
2025-12,VF1LSFAXTK0033245,LUM,2026,LUM-SP,롱레인지,FWD,스노우 화이트,KR-1,northeast,48678
2025-12,VF1LPABXTK0033246,LUM,2026,LUM-RA,스탠다드 레인지,AWD,미드나잇 블랙,KR-1,northeast,42700
2025-12,VF1LCADXTK0033247,LUM,2026,LUM-AI,스탠다드 레인지,AWD,실버,KR-1,south,39284
2025-12,VF1LPAGXTK0033248,LUM,2026,LUM-RA,스탠다드 레인지,AWD,포레스트 그린,KR-1,west,42700
2025-12,VF1LCACXTK0033249,LUM,2026,LUM-AI,롱레인지,AWD,스틸 그레이,KR-1,northeast,39284
2025-12,VF1LPABXTK0033250,LUM,2026,LUM-RA,롱레인지,AWD,미드나잇 블랙,KR-1,northeast,42700
2025-12,VF1LCAEXTK0033251,LUM,2026,LUM-AI,스탠다드 레인지,AWD,오션 블루,KR-1,southeast,39284
2025-12,VF1LPAAXTK0033252,LUM,2026,LUM-RA,롱레인지,AWD,스노우 화이트,KR-1,northeast,42700
2025-12,VF1LPABXTK0033253,LUM,2026,LUM-RA,스탠다드 레인지,AWD,미드나잇 블랙,KR-1,west,42700
2025-12,VF1LPFHXTK0033254,LUM,2026,LUM-RA,롱레인지,FWD,샌드 베이지,KR-1,south,42700
2025-12,VF1LCAAXTK0033255,LUM,2026,LUM-AI,스탠다드 레인지,AWD,스노우 화이트,KR-1,south,39284
2025-12,VF1LPABXTK0033256,LUM,2026,LUM-RA,롱레인지,AWD,미드나잇 블랙,KR-1,south,42700
2025-12,VF1LPFEXTK0033257,LUM,2026,LUM-RA,롱레인지,FWD,오션 블루,KR-1,southeast,42700
2025-12,VF1LPFEXTK0033258,LUM,2026,LUM-RA,롱레인지,FWD,오션 블루,KR-1,southeast,42700
2025-12,VF1LCAEXTK0033259,LUM,2026,LUM-AI,롱레인지,AWD,오션 블루,KR-1,central,39284
2025-12,VF1LPFFXTK0033260,LUM,2026,LUM-RA,스탠다드 레인지,FWD,선셋 레드,KR-1,southeast,42700
2025-12,VF1LCFCXTK0033261,LUM,2026,LUM-AI,롱레인지,FWD,스틸 그레이,KR-1,northeast,39284
2025-12,VF1LPAAXTK0033262,LUM,2026,LUM-RA,롱레인지,AWD,스노우 화이트,KR-1,southeast,42700
2025-12,VF1LCAFXTK0033263,LUM,2026,LUM-AI,롱레인지,AWD,선셋 레드,KR-1,central,39284
2025-12,VF1LPABXTK0033264,LUM,2026,LUM-RA,스탠다드 레인지,AWD,미드나잇 블랙,KR-1,central,42700
2025-12,VF1LCAFXTK0033265,LUM,2026,LUM-AI,스탠다드 레인지,AWD,선셋 레드,KR-1,northeast,39284
2025-12,VF1LCAHXTK0033266,LUM,2026,LUM-AI,롱레인지,AWD,샌드 베이지,KR-1,central,39284
2025-12,VF1LSAEXTK0033267,LUM,2026,LUM-SP,롱레인지,AWD,오션 블루,KR-1,west,48678
2025-12,VF1LCFAXTK0033268,LUM,2026,LUM-AI,스탠다드 레인지,FWD,스노우 화이트,KR-1,southeast,39284
2025-12,VF1LPFCXTK0033269,LUM,2026,LUM-RA,롱레인지,FWD,스틸 그레이,KR-1,southeast,42700
2025-12,VF1LPAAXTK0033270,LUM,2026,LUM-RA,롱레인지,AWD,스노우 화이트,KR-1,south,42700
2025-12,VF1LCFAXTK0033271,LUM,2026,LUM-AI,롱레인지,FWD,스노우 화이트,KR-1,south,39284
2025-12,VF1LCACXTK0033272,LUM,2026,LUM-AI,롱레인지,AWD,스틸 그레이,KR-1,west,39284
2025-12,VF1LCABXTK0033273,LUM,2026,LUM-AI,스탠다드 레인지,AWD,미드나잇 블랙,KR-1,west,39284
2025-12,VF1LCFBXTK0033274,LUM,2026,LUM-AI,스탠다드 레인지,FWD,미드나잇 블랙,KR-1,southeast,39284
2025-12,VF1LCFAXTK0033275,LUM,2026,LUM-AI,스탠다드 레인지,FWD,스노우 화이트,KR-1,central,39284
2025-12,VF1LCABXTK0033276,LUM,2026,LUM-AI,롱레인지,AWD,미드나잇 블랙,KR-1,south,39284
2025-12,VF1LCFCXTK0033277,LUM,2026,LUM-AI,스탠다드 레인지,FWD,스틸 그레이,KR-1,west,39284
2025-12,VF1LPFBXTK0033278,LUM,2026,LUM-RA,롱레인지,FWD,미드나잇 블랙,KR-1,west,42700
2025-12,VF1LPABXTK0033279,LUM,2026,LUM-RA,롱레인지,AWD,미드나잇 블랙,KR-1,central,42700
2025-12,VF1LPFGXTK0033280,LUM,2026,LUM-RA,롱레인지,FWD,포레스트 그린,KR-1,west,42700
2025-12,VF1LSFCXTK0033281,LUM,2026,LUM-SP,롱레인지,FWD,스틸 그레이,KR-1,central,48678
2025-12,VF1LPFCXTK0033282,LUM,2026,LUM-RA,스탠다드 레인지,FWD,스틸 그레이,KR-1,west,42700
2025-12,VF1LCACXTK0033283,LUM,2026,LUM-AI,롱레인지,AWD,스틸 그레이,KR-1,west,39284
2025-12,VF1LPFBXTK0033284,LUM,2026,LUM-RA,롱레인지,FWD,미드나잇 블랙,KR-1,south,42700
2025-12,VF1LPFBXTK0033285,LUM,2026,LUM-RA,롱레인지,FWD,미드나잇 블랙,KR-1,west,42700
2025-12,VF1LSFFXTK0033286,LUM,2026,LUM-SP,롱레인지,FWD,선셋 레드,KR-1,northeast,48678
2025-12,VF1LSFBXTK0033287,LUM,2026,LUM-SP,스탠다드 레인지,FWD,미드나잇 블랙,KR-1,west,48678
2025-12,VF1LPFEXTK0033288,LUM,2026,LUM-RA,롱레인지,FWD,오션 블루,KR-1,southeast,42700
2025-12,VF1LSFBXTK0033289,LUM,2026,LUM-SP,롱레인지,FWD,미드나잇 블랙,KR-1,west,48678
2025-12,VF1LCFGXTK0033290,LUM,2026,LUM-AI,스탠다드 레인지,FWD,포레스트 그린,KR-1,south,39284
2025-12,VF1LPAAXTK0033291,LUM,2026,LUM-RA,롱레인지,AWD,스노우 화이트,KR-1,northeast,42700
2025-12,VF1LPFCXTK0033292,LUM,2026,LUM-RA,스탠다드 레인지,FWD,스틸 그레이,KR-1,west,42700
2025-12,VF1LPFCXTK0033293,LUM,2026,LUM-RA,스탠다드 레인지,FWD,스틸 그레이,KR-1,west,42700
2025-12,VF1LCFAXTK0033294,LUM,2026,LUM-AI,롱레인지,FWD,스노우 화이트,KR-1,west,39284
2025-12,VF1LPFDXTK0033295,LUM,2026,LUM-RA,롱레인지,FWD,실버,KR-1,west,42700
2025-12,VF1LPFDXTK0033296,LUM,2026,LUM-RA,스탠다드 레인지,FWD,실버,KR-1,northeast,42700
2025-12,VF1LPAHXTK0033297,LUM,2026,LUM-RA,롱레인지,AWD,샌드 베이지,KR-1,west,42700
2025-12,VF1LPAEXTK0033298,LUM,2026,LUM-RA,스탠다드 레인지,AWD,오션 블루,KR-1,south,42700
2025-12,VF1LCABXTK0033299,LUM,2026,LUM-AI,롱레인지,AWD,미드나잇 블랙,KR-1,west,39284
2025-12,VF1LPABXTK0033300,LUM,2026,LUM-RA,롱레인지,AWD,미드나잇 블랙,KR-1,northeast,42700
2025-12,VF1LPABXTK0033301,LUM,2026,LUM-RA,롱레인지,AWD,미드나잇 블랙,KR-1,south,42700
2025-12,VF1LPABXTK0033302,LUM,2026,LUM-RA,스탠다드 레인지,AWD,미드나잇 블랙,KR-1,west,42700
2025-12,VF1LPFHXTK0033303,LUM,2026,LUM-RA,스탠다드 레인지,FWD,샌드 베이지,KR-1,south,42700
2025-12,VF1LPAEXTK0033304,LUM,2026,LUM-RA,스탠다드 레인지,AWD,오션 블루,KR-1,central,42700
2025-12,VF1LCFFXTK0033305,LUM,2026,LUM-AI,롱레인지,FWD,선셋 레드,KR-1,southeast,39284
2025-12,VF1LPFCXTK0033306,LUM,2026,LUM-RA,롱레인지,FWD,스틸 그레이,KR-1,southeast,42700
2025-12,VF1LPADXTK0033307,LUM,2026,LUM-RA,롱레인지,AWD,실버,KR-1,northeast,42700
2025-12,VF1LPAAXTK0033308,LUM,2026,LUM-RA,롱레인지,AWD,스노우 화이트,KR-1,northeast,42700
2025-12,VF1LCAEXTK0033309,LUM,2026,LUM-AI,스탠다드 레인지,AWD,오션 블루,KR-1,west,39284
2025-12,VF1LCFBXTK0033310,LUM,2026,LUM-AI,스탠다드 레인지,FWD,미드나잇 블랙,KR-1,west,39284
2025-12,VF1LPFAXTK0033311,LUM,2026,LUM-RA,롱레인지,FWD,스노우 화이트,KR-1,west,42700
2025-12,VF1LPACXTK0033312,LUM,2026,LUM-RA,스탠다드 레인지,AWD,스틸 그레이,KR-1,south,42700
2025-12,VF1LCFAXTK0033313,LUM,2026,LUM-AI,롱레인지,FWD,스노우 화이트,KR-1,southeast,39284
2025-12,VF1LSFCXTK0033314,LUM,2026,LUM-SP,스탠다드 레인지,FWD,스틸 그레이,KR-1,southeast,48678
2025-12,VF1LCFBXTK0033315,LUM,2026,LUM-AI,롱레인지,FWD,미드나잇 블랙,KR-1,southeast,39284
2025-12,VF1LCFDXTK0033316,LUM,2026,LUM-AI,스탠다드 레인지,FWD,실버,KR-1,northeast,39284
2025-12,VF1LPFDXTK0033317,LUM,2026,LUM-RA,스탠다드 레인지,FWD,실버,KR-1,west,42700
2025-12,VF1LCFAXTK0033318,LUM,2026,LUM-AI,롱레인지,FWD,스노우 화이트,KR-1,south,39284
2025-12,VF1LPAGXTK0033319,LUM,2026,LUM-RA,롱레인지,AWD,포레스트 그린,KR-1,west,42700
2025-12,VF1LCAAXTK0033320,LUM,2026,LUM-AI,롱레인지,AWD,스노우 화이트,KR-1,south,39284
2025-12,VF1LCFBXTK0033321,LUM,2026,LUM-AI,롱레인지,FWD,미드나잇 블랙,KR-1,west,39284
2025-12,VF1LSACXTK0033322,LUM,2026,LUM-SP,스탠다드 레인지,AWD,스틸 그레이,KR-1,northeast,48678
2025-12,VF1LSFBXTK0033323,LUM,2026,LUM-SP,롱레인지,FWD,미드나잇 블랙,KR-1,southeast,48678
2025-12,VF1LCAAXTK0033324,LUM,2026,LUM-AI,스탠다드 레인지,AWD,스노우 화이트,KR-1,west,39284
2025-12,VF1LCFAXTK0033325,LUM,2026,LUM-AI,스탠다드 레인지,FWD,스노우 화이트,KR-1,northeast,39284
2025-12,VF1LPFAXTK0033326,LUM,2026,LUM-RA,롱레인지,FWD,스노우 화이트,KR-1,south,42700
2025-12,VF1LCABXTK0033327,LUM,2026,LUM-AI,롱레인지,AWD,미드나잇 블랙,KR-1,central,39284
2025-12,VF1LPFAXTK0033328,LUM,2026,LUM-RA,롱레인지,FWD,스노우 화이트,KR-1,southeast,42700
2025-12,VF1LCACXTK0033329,LUM,2026,LUM-AI,롱레인지,AWD,스틸 그레이,KR-1,southeast,39284
2025-12,VF1LCADXTK0033330,LUM,2026,LUM-AI,롱레인지,AWD,실버,KR-1,west,39284
2025-12,VF1LCAEXTK0033331,LUM,2026,LUM-AI,롱레인지,AWD,오션 블루,KR-1,south,39284
2025-12,VF1LPFEXTK0033332,LUM,2026,LUM-RA,롱레인지,FWD,오션 블루,KR-1,southeast,42700
2025-12,VF1LPFAXTK0033333,LUM,2026,LUM-RA,스탠다드 레인지,FWD,스노우 화이트,KR-1,west,42700
2025-12,VF1LCABXTK0033334,LUM,2026,LUM-AI,롱레인지,AWD,미드나잇 블랙,KR-1,central,39284
2025-12,VF1LSFGXTK0033335,LUM,2026,LUM-SP,롱레인지,FWD,포레스트 그린,KR-1,central,48678
2025-12,VF1LCFDXTK0033336,LUM,2026,LUM-AI,롱레인지,FWD,실버,KR-1,west,39284
2025-12,VF1LCFCXTK0033337,LUM,2026,LUM-AI,롱레인지,FWD,스틸 그레이,KR-1,south,39284
2025-12,VF1LPABXTK0033338,LUM,2026,LUM-RA,롱레인지,AWD,미드나잇 블랙,KR-1,northeast,42700
2025-12,VF1LPAGXTK0033339,LUM,2026,LUM-RA,롱레인지,AWD,포레스트 그린,KR-1,south,42700
2025-12,VF1LCFAXTK0033340,LUM,2026,LUM-AI,롱레인지,FWD,스노우 화이트,KR-1,south,39284
2025-12,VF1LCFDXTK0033341,LUM,2026,LUM-AI,스탠다드 레인지,FWD,실버,KR-1,west,39284
2025-12,VF1LSAAXTK0033342,LUM,2026,LUM-SP,롱레인지,AWD,스노우 화이트,KR-1,northeast,48678
2025-12,VF1LPACXTK0033343,LUM,2026,LUM-RA,롱레인지,AWD,스틸 그레이,KR-1,south,42700
2025-12,VF1LPFDXTK0033344,LUM,2026,LUM-RA,롱레인지,FWD,실버,KR-1,northeast,42700
2025-12,VF1LPAFXTK0033345,LUM,2026,LUM-RA,롱레인지,AWD,선셋 레드,KR-1,west,42700
2025-12,VF1LPACXTK0033346,LUM,2026,LUM-RA,스탠다드 레인지,AWD,스틸 그레이,KR-1,northeast,42700
2025-12,VF1LCAGXTK0033347,LUM,2026,LUM-AI,롱레인지,AWD,포레스트 그린,KR-1,northeast,39284
2025-12,VF1LPACXTK0033348,LUM,2026,LUM-RA,롱레인지,AWD,스틸 그레이,KR-1,south,42700
2025-12,VF1LPFEXTK0033349,LUM,2026,LUM-RA,롱레인지,FWD,오션 블루,KR-1,southeast,42700
2025-12,VF1LPADXTK0033350,LUM,2026,LUM-RA,롱레인지,AWD,실버,KR-1,west,42700
2025-12,VF1LCAEXTK0033351,LUM,2026,LUM-AI,롱레인지,AWD,오션 블루,KR-1,west,39284
2025-12,VF1LSFDXTK0033352,LUM,2026,LUM-SP,스탠다드 레인지,FWD,실버,KR-1,northeast,48678
2025-12,VF1LPFBXTK0033353,LUM,2026,LUM-RA,롱레인지,FWD,미드나잇 블랙,KR-1,west,42700
2025-12,VF1LPAEXTK0033354,LUM,2026,LUM-RA,롱레인지,AWD,오션 블루,KR-1,west,42700
2025-12,VF1LCFBXTK0033355,LUM,2026,LUM-AI,스탠다드 레인지,FWD,미드나잇 블랙,KR-1,central,39284
2025-12,VF1LPABXTK0033356,LUM,2026,LUM-RA,롱레인지,AWD,미드나잇 블랙,KR-1,south,42700
2025-12,VF1LCADXTK0033357,LUM,2026,LUM-AI,롱레인지,AWD,실버,KR-1,northeast,39284
2025-12,VF1LSAAXTK0033358,LUM,2026,LUM-SP,롱레인지,AWD,스노우 화이트,KR-1,west,48678
2025-12,VF1LSFEXTK0033359,LUM,2026,LUM-SP,롱레인지,FWD,오션 블루,KR-1,west,48678
2025-12,VF1LPADXTK0033360,LUM,2026,LUM-RA,스탠다드 레인지,AWD,실버,KR-1,northeast,42700
2025-12,VF1LSAHXTK0033361,LUM,2026,LUM-SP,롱레인지,AWD,샌드 베이지,KR-1,south,48678
2025-12,VF1LCAGXTK0033362,LUM,2026,LUM-AI,롱레인지,AWD,포레스트 그린,KR-1,northeast,39284
2025-12,VF1LCFAXTK0033363,LUM,2026,LUM-AI,롱레인지,FWD,스노우 화이트,KR-1,southeast,39284
2025-12,VF1LPFCXTK0033364,LUM,2026,LUM-RA,롱레인지,FWD,스틸 그레이,KR-1,northeast,42700
2025-12,VF1LCFCXTK0033365,LUM,2026,LUM-AI,스탠다드 레인지,FWD,스틸 그레이,KR-1,south,39284
2025-12,VF1LCABXTK0033366,LUM,2026,LUM-AI,롱레인지,AWD,미드나잇 블랙,KR-1,northeast,39284
2025-12,VF1LPFFXTK0033367,LUM,2026,LUM-RA,스탠다드 레인지,FWD,선셋 레드,KR-1,northeast,42700
2025-12,VF1LPAEXTK0033368,LUM,2026,LUM-RA,롱레인지,AWD,오션 블루,KR-1,west,42700
2025-12,VF1LPACXTK0033369,LUM,2026,LUM-RA,롱레인지,AWD,스틸 그레이,KR-1,central,42700
2025-12,VF1LCFAXTK0033370,LUM,2026,LUM-AI,롱레인지,FWD,스노우 화이트,KR-1,south,39284
2025-12,VF1LCFCXTK0033371,LUM,2026,LUM-AI,롱레인지,FWD,스틸 그레이,KR-1,northeast,39284
2025-12,VF1LCABXTK0033372,LUM,2026,LUM-AI,롱레인지,AWD,미드나잇 블랙,KR-1,northeast,39284
2025-12,VF1LSFEXTK0033373,LUM,2026,LUM-SP,스탠다드 레인지,FWD,오션 블루,KR-1,central,48678
2025-12,VF1LCABXTK0033374,LUM,2026,LUM-AI,스탠다드 레인지,AWD,미드나잇 블랙,KR-1,central,39284
2025-12,VF1LPFEXTK0033375,LUM,2026,LUM-RA,롱레인지,FWD,오션 블루,KR-1,west,42700
2025-12,VF1LPAAXTK0033376,LUM,2026,LUM-RA,롱레인지,AWD,스노우 화이트,KR-1,west,42700
2025-12,VF1LPFCXTK0033377,LUM,2026,LUM-RA,스탠다드 레인지,FWD,스틸 그레이,KR-1,northeast,42700
2025-12,VF1LPFAXTK0033378,LUM,2026,LUM-RA,롱레인지,FWD,스노우 화이트,KR-1,west,42700
2025-12,VF1LCADXTK0033379,LUM,2026,LUM-AI,롱레인지,AWD,실버,KR-1,northeast,39284
2025-12,VF1LCADXTK0033380,LUM,2026,LUM-AI,롱레인지,AWD,실버,KR-1,west,39284
2025-12,VF1LPAEXTK0033381,LUM,2026,LUM-RA,스탠다드 레인지,AWD,오션 블루,KR-1,west,42700
2025-12,VF1LCABXTK0033382,LUM,2026,LUM-AI,롱레인지,AWD,미드나잇 블랙,KR-1,west,39284
2025-12,VF1LCFEXTK0033383,LUM,2026,LUM-AI,롱레인지,FWD,오션 블루,KR-1,southeast,39284
2025-12,VF1LPFAXTK0033384,LUM,2026,LUM-RA,롱레인지,FWD,스노우 화이트,KR-1,northeast,42700
2025-12,VF1LCFAXTK0033385,LUM,2026,LUM-AI,롱레인지,FWD,스노우 화이트,KR-1,southeast,39284
2025-12,VF1LPFCXTK0033386,LUM,2026,LUM-RA,스탠다드 레인지,FWD,스틸 그레이,KR-1,west,42700
2025-12,VF1LPACXTK0033387,LUM,2026,LUM-RA,롱레인지,AWD,스틸 그레이,KR-1,west,42700
2025-12,VF1LSFCXTK0033388,LUM,2026,LUM-SP,롱레인지,FWD,스틸 그레이,KR-1,northeast,48678
2025-12,VF1LCFFXTK0033389,LUM,2026,LUM-AI,롱레인지,FWD,선셋 레드,KR-1,west,39284
2025-12,VF1LSFBXTK0033390,LUM,2026,LUM-SP,롱레인지,FWD,미드나잇 블랙,KR-1,central,48678
2025-12,VF1LSFBXTK0033391,LUM,2026,LUM-SP,롱레인지,FWD,미드나잇 블랙,KR-1,southeast,48678
2025-12,VF1LCFAXTK0033392,LUM,2026,LUM-AI,스탠다드 레인지,FWD,스노우 화이트,KR-1,south,39284
2025-12,VF1LPFAXTK0033393,LUM,2026,LUM-RA,롱레인지,FWD,스노우 화이트,KR-1,central,42700
2025-12,VF1LPFCXTK0033394,LUM,2026,LUM-RA,롱레인지,FWD,스틸 그레이,KR-1,northeast,42700
2025-12,VF1LPFGXTK0033395,LUM,2026,LUM-RA,롱레인지,FWD,포레스트 그린,KR-1,south,42700
2025-12,VF1LPAEXTK0033396,LUM,2026,LUM-RA,스탠다드 레인지,AWD,오션 블루,KR-1,west,42700
2025-12,VF1LPAAXTK0033397,LUM,2026,LUM-RA,롱레인지,AWD,스노우 화이트,KR-1,northeast,42700
2025-12,VF1LCFBXTK0033398,LUM,2026,LUM-AI,스탠다드 레인지,FWD,미드나잇 블랙,KR-1,west,39284
2025-12,VF1LPAAXTK0033399,LUM,2026,LUM-RA,롱레인지,AWD,스노우 화이트,KR-1,northeast,42700
2025-12,VF1LPAEXTK0033400,LUM,2026,LUM-RA,스탠다드 레인지,AWD,오션 블루,KR-1,northeast,42700
2025-12,VF1LPFBXTK0033401,LUM,2026,LUM-RA,스탠다드 레인지,FWD,미드나잇 블랙,KR-1,west,42700
2025-12,VF1LCACXTK0033402,LUM,2026,LUM-AI,롱레인지,AWD,스틸 그레이,KR-1,west,39284
2025-12,VF1LSABXTK0033403,LUM,2026,LUM-SP,롱레인지,AWD,미드나잇 블랙,KR-1,west,48678
2025-12,VF1LCFAXTK0033404,LUM,2026,LUM-AI,롱레인지,FWD,스노우 화이트,KR-1,west,39284
2025-12,VF1LPFEXTK0033405,LUM,2026,LUM-RA,롱레인지,FWD,오션 블루,KR-1,central,42700
2025-12,VF1LCACXTK0033406,LUM,2026,LUM-AI,스탠다드 레인지,AWD,스틸 그레이,KR-1,south,39284
2025-12,VF1LCFFXTK0033407,LUM,2026,LUM-AI,스탠다드 레인지,FWD,선셋 레드,KR-1,southeast,39284
2025-12,VF1LPACXTK0033408,LUM,2026,LUM-RA,스탠다드 레인지,AWD,스틸 그레이,KR-1,northeast,42700
2025-12,VF1LCFDXTK0033409,LUM,2026,LUM-AI,스탠다드 레인지,FWD,실버,KR-1,west,39284
2025-12,VF1LCFFXTK0033410,LUM,2026,LUM-AI,롱레인지,FWD,선셋 레드,KR-1,west,39284
2025-12,VF1LPFBXTK0033411,LUM,2026,LUM-RA,롱레인지,FWD,미드나잇 블랙,KR-1,southeast,42700
2025-12,VF1LPFDXTK0033412,LUM,2026,LUM-RA,롱레인지,FWD,실버,KR-1,south,42700
2025-12,VF1LCAFXTK0033413,LUM,2026,LUM-AI,스탠다드 레인지,AWD,선셋 레드,KR-1,southeast,39284
2025-12,VF1LPFBXTK0033414,LUM,2026,LUM-RA,롱레인지,FWD,미드나잇 블랙,KR-1,west,42700
2025-12,VF1LCFCXTK0033415,LUM,2026,LUM-AI,롱레인지,FWD,스틸 그레이,KR-1,southeast,39284
2025-12,VF1LPFEXTK0033416,LUM,2026,LUM-RA,롱레인지,FWD,오션 블루,KR-1,west,42700
2025-12,VF1LCFAXTK0033417,LUM,2026,LUM-AI,롱레인지,FWD,스노우 화이트,KR-1,southeast,39284
2025-12,VF1LCAAXTK0033418,LUM,2026,LUM-AI,롱레인지,AWD,스노우 화이트,KR-1,northeast,39284
2025-12,VF1LPADXTK0033419,LUM,2026,LUM-RA,스탠다드 레인지,AWD,실버,KR-1,northeast,42700
2025-12,VF1LPFBXTK0033420,LUM,2026,LUM-RA,스탠다드 레인지,FWD,미드나잇 블랙,KR-1,northeast,42700
2025-12,VF1LSFBXTK0033421,LUM,2026,LUM-SP,스탠다드 레인지,FWD,미드나잇 블랙,KR-1,southeast,48678
2025-12,VF1LCADXTK0033422,LUM,2026,LUM-AI,롱레인지,AWD,실버,KR-1,west,39284
2025-12,VF1LCFDXTK0033423,LUM,2026,LUM-AI,롱레인지,FWD,실버,KR-1,west,39284
2025-12,VF1LPAFXTK0033424,LUM,2026,LUM-RA,롱레인지,AWD,선셋 레드,KR-1,northeast,42700
2025-12,VF1LCFAXTK0033425,LUM,2026,LUM-AI,롱레인지,FWD,스노우 화이트,KR-1,central,39284
2025-12,VF1LPABXTK0033426,LUM,2026,LUM-RA,롱레인지,AWD,미드나잇 블랙,KR-1,southeast,42700
2025-12,VF1LPACXTK0033427,LUM,2026,LUM-RA,롱레인지,AWD,스틸 그레이,KR-1,west,42700
2025-12,VF1LSFEXTK0033428,LUM,2026,LUM-SP,스탠다드 레인지,FWD,오션 블루,KR-1,central,48678
2025-12,VF1LPFAXTK0033429,LUM,2026,LUM-RA,스탠다드 레인지,FWD,스노우 화이트,KR-1,west,42700
2025-12,VF1LPFAXTK0033430,LUM,2026,LUM-RA,롱레인지,FWD,스노우 화이트,KR-1,central,42700
2025-12,VF1LCACXTK0033431,LUM,2026,LUM-AI,롱레인지,AWD,스틸 그레이,KR-1,south,39284
2025-12,VF1LPACXTK0033432,LUM,2026,LUM-RA,롱레인지,AWD,스틸 그레이,KR-1,west,42700
2025-12,VF1LCFBXTK0033433,LUM,2026,LUM-AI,스탠다드 레인지,FWD,미드나잇 블랙,KR-1,west,39284
2025-12,VF1LSABXTK0033434,LUM,2026,LUM-SP,롱레인지,AWD,미드나잇 블랙,KR-1,west,48678
2025-12,VF1LCAAXTK0033435,LUM,2026,LUM-AI,스탠다드 레인지,AWD,스노우 화이트,KR-1,west,39284
2025-12,VF1LPADXTK0033436,LUM,2026,LUM-RA,롱레인지,AWD,실버,KR-1,northeast,42700
2025-12,VF1LPADXTK0033437,LUM,2026,LUM-RA,롱레인지,AWD,실버,KR-1,west,42700
2025-12,VF1LCFCXTK0033438,LUM,2026,LUM-AI,롱레인지,FWD,스틸 그레이,KR-1,south,39284
2025-12,VF1LCFCXTK0033439,LUM,2026,LUM-AI,롱레인지,FWD,스틸 그레이,KR-1,south,39284
2025-12,VF1LPAHXTK0033440,LUM,2026,LUM-RA,롱레인지,AWD,샌드 베이지,KR-1,west,42700
