prod_ym,vin,model_id,model_year,trim_id,engine,drivetrain,color,plant_id,dest_zone_id,msrp_usd
2026-01,VF3TPACXTU0030904,TRN,2026,TRN-PR,3.5 가솔린,AWD,스틸 그레이,US-GA,southeast,52000
2026-01,VF3TSABXTU0030905,TRN,2026,TRN-SU,3.5 가솔린,AWD,미드나잇 블랙,US-GA,west,59280
2026-01,VF3TPFAXTU0030906,TRN,2026,TRN-PR,2.5T 하이브리드,FWD,스노우 화이트,US-GA,central,52000
2026-01,VF3TCFCXTU0030907,TRN,2026,TRN-CO,2.5T 하이브리드,FWD,스틸 그레이,US-GA,west,47840
2026-01,VF3TPAGXTU0030908,TRN,2026,TRN-PR,2.5T 하이브리드,AWD,포레스트 그린,US-GA,northeast,52000
2026-01,VF3TPAAXTU0030909,TRN,2026,TRN-PR,2.5T 하이브리드,AWD,스노우 화이트,US-GA,west,52000
2026-01,VF3TPFBXTU0030910,TRN,2026,TRN-PR,2.5T 하이브리드,FWD,미드나잇 블랙,US-GA,southeast,52000
2026-01,VF3TPFFXTU0030911,TRN,2026,TRN-PR,2.5T 하이브리드,FWD,선셋 레드,US-GA,south,52000
2026-01,VF3TPAAXTU0030912,TRN,2026,TRN-PR,2.5T 하이브리드,AWD,스노우 화이트,US-GA,west,52000
2026-01,VF3TCAHXTU0030913,TRN,2026,TRN-CO,3.5 가솔린,AWD,샌드 베이지,US-GA,southeast,47840
2026-01,VF3TPAGXTU0030914,TRN,2026,TRN-PR,3.5 가솔린,AWD,포레스트 그린,US-GA,central,52000
2026-01,VF3TCFFXTU0030915,TRN,2026,TRN-CO,2.5T 하이브리드,FWD,선셋 레드,US-GA,south,47840
2026-01,VF3TPAAXTU0030916,TRN,2026,TRN-PR,2.5T 하이브리드,AWD,스노우 화이트,US-GA,west,52000
2026-01,VF3TSFGXTU0030917,TRN,2026,TRN-SU,3.5 가솔린,FWD,포레스트 그린,US-GA,west,59280
2026-01,VF3TPACXTU0030918,TRN,2026,TRN-PR,2.5T 하이브리드,AWD,스틸 그레이,US-GA,southeast,52000
2026-01,VF3TCAHXTU0030919,TRN,2026,TRN-CO,3.5 가솔린,AWD,샌드 베이지,US-GA,central,47840
2026-01,VF3TPADXTU0030920,TRN,2026,TRN-PR,2.5T 하이브리드,AWD,실버,US-GA,south,52000
2026-01,VF3TCFBXTU0030921,TRN,2026,TRN-CO,3.5 가솔린,FWD,미드나잇 블랙,US-GA,southeast,47840
2026-01,VF3TSABXTU0030922,TRN,2026,TRN-SU,2.5T 하이브리드,AWD,미드나잇 블랙,US-GA,south,59280
2026-01,VF3TCAAXTU0030923,TRN,2026,TRN-CO,3.5 가솔린,AWD,스노우 화이트,US-GA,west,47840
2026-01,VF3TSADXTU0030924,TRN,2026,TRN-SU,3.5 가솔린,AWD,실버,US-GA,northeast,59280
2026-01,VF3TPADXTU0030925,TRN,2026,TRN-PR,2.5T 하이브리드,AWD,실버,US-GA,southeast,52000
2026-01,VF3TSAFXTU0030926,TRN,2026,TRN-SU,2.5T 하이브리드,AWD,선셋 레드,US-GA,south,59280
2026-01,VF3TPAEXTU0030927,TRN,2026,TRN-PR,2.5T 하이브리드,AWD,오션 블루,US-GA,west,52000
2026-01,VF3TCFAXTU0030928,TRN,2026,TRN-CO,3.5 가솔린,FWD,스노우 화이트,US-GA,south,47840
2026-01,VF3TSAAXTU0030929,TRN,2026,TRN-SU,2.5T 하이브리드,AWD,스노우 화이트,US-GA,northeast,59280
2026-01,VF3TPABXTU0030930,TRN,2026,TRN-PR,3.5 가솔린,AWD,미드나잇 블랙,US-GA,south,52000
2026-01,VF3TCAAXTU0030931,TRN,2026,TRN-CO,2.5T 하이브리드,AWD,스노우 화이트,US-GA,northeast,47840
2026-01,VF3TCFBXTU0030932,TRN,2026,TRN-CO,2.5T 하이브리드,FWD,미드나잇 블랙,US-GA,central,47840
2026-01,VF3TSADXTU0030933,TRN,2026,TRN-SU,3.5 가솔린,AWD,실버,US-GA,west,59280
2026-01,VF3TCFAXTU0030934,TRN,2026,TRN-CO,2.5T 하이브리드,FWD,스노우 화이트,US-GA,west,47840
2026-01,VF3TCABXTU0030935,TRN,2026,TRN-CO,2.5T 하이브리드,AWD,미드나잇 블랙,US-GA,west,47840
2026-01,VF3TPAEXTU0030936,TRN,2026,TRN-PR,3.5 가솔린,AWD,오션 블루,US-GA,southeast,52000
2026-01,VF3TPFCXTU0030937,TRN,2026,TRN-PR,2.5T 하이브리드,FWD,스틸 그레이,US-GA,west,52000
2026-01,VF3TCADXTU0030938,TRN,2026,TRN-CO,2.5T 하이브리드,AWD,실버,US-GA,west,47840
2026-01,VF3TPABXTU0030939,TRN,2026,TRN-PR,3.5 가솔린,AWD,미드나잇 블랙,US-GA,south,52000
2026-01,VF3TPAAXTU0030940,TRN,2026,TRN-PR,3.5 가솔린,AWD,스노우 화이트,US-GA,northeast,52000
2026-01,VF3TPAFXTU0030941,TRN,2026,TRN-PR,3.5 가솔린,AWD,선셋 레드,US-GA,west,52000
2026-01,VF3TCAAXTU0030942,TRN,2026,TRN-CO,2.5T 하이브리드,AWD,스노우 화이트,US-GA,west,47840
2026-01,VF3TPAEXTU0030943,TRN,2026,TRN-PR,2.5T 하이브리드,AWD,오션 블루,US-GA,southeast,52000
2026-01,VF3TCAAXTU0030944,TRN,2026,TRN-CO,3.5 가솔린,AWD,스노우 화이트,US-GA,central,47840
2026-01,VF3TCFAXTU0030945,TRN,2026,TRN-CO,3.5 가솔린,FWD,스노우 화이트,US-GA,south,47840
2026-01,VF3TPFBXTU0030946,TRN,2026,TRN-PR,3.5 가솔린,FWD,미드나잇 블랙,US-GA,south,52000
2026-01,VF3TPFDXTU0030947,TRN,2026,TRN-PR,2.5T 하이브리드,FWD,실버,US-GA,west,52000
2026-01,VF3TSAAXTU0030948,TRN,2026,TRN-SU,3.5 가솔린,AWD,스노우 화이트,US-GA,central,59280
2026-01,VF3TCACXTU0030949,TRN,2026,TRN-CO,3.5 가솔린,AWD,스틸 그레이,US-GA,central,47840
2026-01,VF3TCAGXTU0030950,TRN,2026,TRN-CO,3.5 가솔린,AWD,포레스트 그린,US-GA,west,47840
2026-01,VF3TCAAXTU0030951,TRN,2026,TRN-CO,3.5 가솔린,AWD,스노우 화이트,US-GA,northeast,47840
2026-01,VF3TPFAXTU0030952,TRN,2026,TRN-PR,3.5 가솔린,FWD,스노우 화이트,US-GA,southeast,52000
2026-01,VF3TPFFXTU0030953,TRN,2026,TRN-PR,2.5T 하이브리드,FWD,선셋 레드,US-GA,west,52000
2026-01,VF3TPFAXTU0030954,TRN,2026,TRN-PR,3.5 가솔린,FWD,스노우 화이트,US-GA,west,52000
2026-01,VF3TPAFXTU0030955,TRN,2026,TRN-PR,3.5 가솔린,AWD,선셋 레드,US-GA,central,52000
2026-01,VF3TPACXTU0030956,TRN,2026,TRN-PR,3.5 가솔린,AWD,스틸 그레이,US-GA,west,52000
2026-01,VF3TCABXTU0030957,TRN,2026,TRN-CO,2.5T 하이브리드,AWD,미드나잇 블랙,US-GA,west,47840
2026-01,VF3TPAFXTU0030958,TRN,2026,TRN-PR,3.5 가솔린,AWD,선셋 레드,US-GA,south,52000
2026-01,VF3TCFBXTU0030959,TRN,2026,TRN-CO,2.5T 하이브리드,FWD,미드나잇 블랙,US-GA,south,47840
2026-01,VF3TPFAXTU0030960,TRN,2026,TRN-PR,2.5T 하이브리드,FWD,스노우 화이트,US-GA,west,52000
2026-01,VF3TPFBXTU0030961,TRN,2026,TRN-PR,2.5T 하이브리드,FWD,미드나잇 블랙,US-GA,central,52000
2026-01,VF3TCAAXTU0030962,TRN,2026,TRN-CO,3.5 가솔린,AWD,스노우 화이트,US-GA,northeast,47840
2026-01,VF3TCFBXTU0030963,TRN,2026,TRN-CO,2.5T 하이브리드,FWD,미드나잇 블랙,US-GA,west,47840
2026-01,VF3TPAHXTU0030964,TRN,2026,TRN-PR,3.5 가솔린,AWD,샌드 베이지,US-GA,northeast,52000
2026-01,VF3TCFDXTU0030965,TRN,2026,TRN-CO,3.5 가솔린,FWD,실버,US-GA,south,47840
2026-01,VF3TPAHXTU0030966,TRN,2026,TRN-PR,3.5 가솔린,AWD,샌드 베이지,US-GA,south,52000
2026-01,VF3TPAEXTU0030967,TRN,2026,TRN-PR,2.5T 하이브리드,AWD,오션 블루,US-GA,west,52000
2026-01,VF3TSAEXTU0030968,TRN,2026,TRN-SU,3.5 가솔린,AWD,오션 블루,US-GA,south,59280
2026-01,VF3TPABXTU0030969,TRN,2026,TRN-PR,3.5 가솔린,AWD,미드나잇 블랙,US-GA,west,52000
2026-01,VF3TPABXTU0030970,TRN,2026,TRN-PR,3.5 가솔린,AWD,미드나잇 블랙,US-GA,northeast,52000
2026-01,VF3TCFFXTU0030971,TRN,2026,TRN-CO,3.5 가솔린,FWD,선셋 레드,US-GA,southeast,47840
2026-01,VF3TCAGXTU0030972,TRN,2026,TRN-CO,2.5T 하이브리드,AWD,포레스트 그린,US-GA,northeast,47840
2026-01,VF3TPAAXTU0030973,TRN,2026,TRN-PR,2.5T 하이브리드,AWD,스노우 화이트,US-GA,west,52000
2026-01,VF3TCADXTU0030974,TRN,2026,TRN-CO,3.5 가솔린,AWD,실버,US-GA,central,47840
2026-01,VF3TCAHXTU0030975,TRN,2026,TRN-CO,2.5T 하이브리드,AWD,샌드 베이지,US-GA,central,47840
2026-01,VF3TPACXTU0030976,TRN,2026,TRN-PR,3.5 가솔린,AWD,스틸 그레이,US-GA,southeast,52000
2026-01,VF3TPAHXTU0030977,TRN,2026,TRN-PR,2.5T 하이브리드,AWD,샌드 베이지,US-GA,south,52000
2026-01,VF3TSAAXTU0030978,TRN,2026,TRN-SU,3.5 가솔린,AWD,스노우 화이트,US-GA,west,59280
2026-01,VF3TSFHXTU0030979,TRN,2026,TRN-SU,3.5 가솔린,FWD,샌드 베이지,US-GA,southeast,59280
2026-01,VF3TCAEXTU0030980,TRN,2026,TRN-CO,3.5 가솔린,AWD,오션 블루,US-GA,central,47840
2026-01,VF3TCADXTU0030981,TRN,2026,TRN-CO,3.5 가솔린,AWD,실버,US-GA,central,47840
2026-01,VF3TCAFXTU0030982,TRN,2026,TRN-CO,2.5T 하이브리드,AWD,선셋 레드,US-GA,southeast,47840
2026-01,VF3TCFCXTU0030983,TRN,2026,TRN-CO,2.5T 하이브리드,FWD,스틸 그레이,US-GA,south,47840
2026-01,VF3TCAGXTU0030984,TRN,2026,TRN-CO,2.5T 하이브리드,AWD,포레스트 그린,US-GA,west,47840
2026-01,VF3TCFEXTU0030985,TRN,2026,TRN-CO,2.5T 하이브리드,FWD,오션 블루,US-GA,central,47840
2026-01,VF3TPAFXTU0030986,TRN,2026,TRN-PR,2.5T 하이브리드,AWD,선셋 레드,US-GA,northeast,52000
2026-01,VF3TPFCXTU0030987,TRN,2026,TRN-PR,2.5T 하이브리드,FWD,스틸 그레이,US-GA,south,52000
2026-01,VF3TCAAXTU0030988,TRN,2026,TRN-CO,2.5T 하이브리드,AWD,스노우 화이트,US-GA,south,47840
2026-01,VF3TCAAXTU0030989,TRN,2026,TRN-CO,2.5T 하이브리드,AWD,스노우 화이트,US-GA,central,47840
2026-01,VF3TPABXTU0030990,TRN,2026,TRN-PR,3.5 가솔린,AWD,미드나잇 블랙,US-GA,northeast,52000
2026-01,VF3TPABXTU0030991,TRN,2026,TRN-PR,2.5T 하이브리드,AWD,미드나잇 블랙,US-GA,central,52000
2026-01,VF3TPAAXTU0030992,TRN,2026,TRN-PR,2.5T 하이브리드,AWD,스노우 화이트,US-GA,northeast,52000
2026-01,VF3TSABXTU0030993,TRN,2026,TRN-SU,3.5 가솔린,AWD,미드나잇 블랙,US-GA,west,59280
2026-01,VF3TPABXTU0030994,TRN,2026,TRN-PR,2.5T 하이브리드,AWD,미드나잇 블랙,US-GA,west,52000
2026-01,VF3TSFAXTU0030995,TRN,2026,TRN-SU,2.5T 하이브리드,FWD,스노우 화이트,US-GA,south,59280
2026-01,VF3TSADXTU0030996,TRN,2026,TRN-SU,3.5 가솔린,AWD,실버,US-GA,northeast,59280
2026-01,VF3TPACXTU0030997,TRN,2026,TRN-PR,2.5T 하이브리드,AWD,스틸 그레이,US-GA,southeast,52000
2026-01,VF3TSACXTU0030998,TRN,2026,TRN-SU,3.5 가솔린,AWD,스틸 그레이,US-GA,central,59280
2026-01,VF3TCABXTU0030999,TRN,2026,TRN-CO,2.5T 하이브리드,AWD,미드나잇 블랙,US-GA,west,47840
2026-01,VF3TPACXTU0031000,TRN,2026,TRN-PR,2.5T 하이브리드,AWD,스틸 그레이,US-GA,northeast,52000
2026-01,VF3TPFBXTU0031001,TRN,2026,TRN-PR,3.5 가솔린,FWD,미드나잇 블랙,US-GA,southeast,52000
2026-01,VF3TPAEXTU0031002,TRN,2026,TRN-PR,2.5T 하이브리드,AWD,오션 블루,US-GA,central,52000
2026-01,VF3TPAAXTU0031003,TRN,2026,TRN-PR,2.5T 하이브리드,AWD,스노우 화이트,US-GA,northeast,52000
2026-01,VF3TCFEXTU0031004,TRN,2026,TRN-CO,3.5 가솔린,FWD,오션 블루,US-GA,west,47840
2026-01,VF3TCAGXTU0031005,TRN,2026,TRN-CO,3.5 가솔린,AWD,포레스트 그린,US-GA,central,47840
2026-01,VF3TPAAXTU0031006,TRN,2026,TRN-PR,3.5 가솔린,AWD,스노우 화이트,US-GA,south,52000
2026-01,VF3TCADXTU0031007,TRN,2026,TRN-CO,3.5 가솔린,AWD,실버,US-GA,south,47840
2026-01,VF3TPFBXTU0031008,TRN,2026,TRN-PR,2.5T 하이브리드,FWD,미드나잇 블랙,US-GA,west,52000
2026-01,VF3TPAGXTU0031009,TRN,2026,TRN-PR,3.5 가솔린,AWD,포레스트 그린,US-GA,west,52000
2026-01,VF3TCAEXTU0031010,TRN,2026,TRN-CO,3.5 가솔린,AWD,오션 블루,US-GA,west,47840
2026-01,VF3TCFFXTU0031011,TRN,2026,TRN-CO,3.5 가솔린,FWD,선셋 레드,US-GA,south,47840
2026-01,VF3TPABXTU0031012,TRN,2026,TRN-PR,3.5 가솔린,AWD,미드나잇 블랙,US-GA,west,52000
2026-01,VF3TPAEXTU0031013,TRN,2026,TRN-PR,2.5T 하이브리드,AWD,오션 블루,US-GA,southeast,52000
2026-01,VF3TPACXTU0031014,TRN,2026,TRN-PR,3.5 가솔린,AWD,스틸 그레이,US-GA,central,52000
2026-01,VF3TCAHXTU0031015,TRN,2026,TRN-CO,3.5 가솔린,AWD,샌드 베이지,US-GA,northeast,47840
2026-01,VF3TCAAXTU0031016,TRN,2026,TRN-CO,2.5T 하이브리드,AWD,스노우 화이트,US-GA,west,47840
2026-01,VF3TPFCXTU0031017,TRN,2026,TRN-PR,2.5T 하이브리드,FWD,스틸 그레이,US-GA,west,52000
2026-01,VF3TCABXTU0031018,TRN,2026,TRN-CO,3.5 가솔린,AWD,미드나잇 블랙,US-GA,northeast,47840
2026-01,VF3TPACXTU0031019,TRN,2026,TRN-PR,3.5 가솔린,AWD,스틸 그레이,US-GA,central,52000
2026-01,VF3TCACXTU0031020,TRN,2026,TRN-CO,3.5 가솔린,AWD,스틸 그레이,US-GA,southeast,47840
2026-01,VF3TCABXTU0031021,TRN,2026,TRN-CO,3.5 가솔린,AWD,미드나잇 블랙,US-GA,west,47840
2026-01,VF3TSFAXTU0031022,TRN,2026,TRN-SU,3.5 가솔린,FWD,스노우 화이트,US-GA,southeast,59280
2026-01,VF3TSAGXTU0031023,TRN,2026,TRN-SU,2.5T 하이브리드,AWD,포레스트 그린,US-GA,central,59280
2026-01,VF3TSAEXTU0031024,TRN,2026,TRN-SU,2.5T 하이브리드,AWD,오션 블루,US-GA,south,59280
2026-01,VF3TCABXTU0031025,TRN,2026,TRN-CO,3.5 가솔린,AWD,미드나잇 블랙,US-GA,west,47840
2026-01,VF3TCAAXTU0031026,TRN,2026,TRN-CO,2.5T 하이브리드,AWD,스노우 화이트,US-GA,west,47840
2026-01,VF3TCAHXTU0031027,TRN,2026,TRN-CO,3.5 가솔린,AWD,샌드 베이지,US-GA,west,47840
2026-01,VF3TPAAXTU0031028,TRN,2026,TRN-PR,2.5T 하이브리드,AWD,스노우 화이트,US-GA,northeast,52000
2026-01,VF3TCAAXTU0031029,TRN,2026,TRN-CO,2.5T 하이브리드,AWD,스노우 화이트,US-GA,south,47840
2026-01,VF3TSAAXTU0031030,TRN,2026,TRN-SU,2.5T 하이브리드,AWD,스노우 화이트,US-GA,central,59280
2026-01,VF3TCAAXTU0031031,TRN,2026,TRN-CO,3.5 가솔린,AWD,스노우 화이트,US-GA,west,47840
2026-01,VF3TPAAXTU0031032,TRN,2026,TRN-PR,2.5T 하이브리드,AWD,스노우 화이트,US-GA,northeast,52000
2026-01,VF3TPFBXTU0031033,TRN,2026,TRN-PR,2.5T 하이브리드,FWD,미드나잇 블랙,US-GA,west,52000
2026-01,VF3TPABXTU0031034,TRN,2026,TRN-PR,2.5T 하이브리드,AWD,미드나잇 블랙,US-GA,northeast,52000
2026-01,VF3TSFFXTU0031035,TRN,2026,TRN-SU,3.5 가솔린,FWD,선셋 레드,US-GA,central,59280
2026-01,VF3TPACXTU0031036,TRN,2026,TRN-PR,2.5T 하이브리드,AWD,스틸 그레이,US-GA,south,52000
2026-01,VF3TSAHXTU0031037,TRN,2026,TRN-SU,3.5 가솔린,AWD,샌드 베이지,US-GA,southeast,59280
2026-01,VF3TCFFXTU0031038,TRN,2026,TRN-CO,2.5T 하이브리드,FWD,선셋 레드,US-GA,south,47840
2026-01,VF3TSFDXTU0031039,TRN,2026,TRN-SU,3.5 가솔린,FWD,실버,US-GA,south,59280
2026-01,VF3TCAHXTU0031040,TRN,2026,TRN-CO,3.5 가솔린,AWD,샌드 베이지,US-GA,west,47840
2026-01,VF3TSAFXTU0031041,TRN,2026,TRN-SU,2.5T 하이브리드,AWD,선셋 레드,US-GA,south,59280
2026-01,VF3TCAEXTU0031042,TRN,2026,TRN-CO,3.5 가솔린,AWD,오션 블루,US-GA,south,47840
2026-01,VF3TCAFXTU0031043,TRN,2026,TRN-CO,3.5 가솔린,AWD,선셋 레드,US-GA,west,47840
2026-01,VF3TCFAXTU0031044,TRN,2026,TRN-CO,2.5T 하이브리드,FWD,스노우 화이트,US-GA,south,47840
2026-01,VF3TCACXTU0031045,TRN,2026,TRN-CO,3.5 가솔린,AWD,스틸 그레이,US-GA,central,47840
2026-01,VF3TSAAXTU0031046,TRN,2026,TRN-SU,3.5 가솔린,AWD,스노우 화이트,US-GA,southeast,59280
2026-01,VF3TPFBXTU0031047,TRN,2026,TRN-PR,2.5T 하이브리드,FWD,미드나잇 블랙,US-GA,south,52000
2026-01,VF3TPFAXTU0031048,TRN,2026,TRN-PR,2.5T 하이브리드,FWD,스노우 화이트,US-GA,south,52000
2026-01,VF3TCFCXTU0031049,TRN,2026,TRN-CO,3.5 가솔린,FWD,스틸 그레이,US-GA,south,47840
2026-01,VF3TCADXTU0031050,TRN,2026,TRN-CO,3.5 가솔린,AWD,실버,US-GA,central,47840
2026-01,VF3TPAAXTU0031051,TRN,2026,TRN-PR,3.5 가솔린,AWD,스노우 화이트,US-GA,southeast,52000
2026-01,VF3TCACXTU0031052,TRN,2026,TRN-CO,2.5T 하이브리드,AWD,스틸 그레이,US-GA,south,47840
2026-01,VF3TSACXTU0031053,TRN,2026,TRN-SU,3.5 가솔린,AWD,스틸 그레이,US-GA,northeast,59280
2026-01,VF3TCABXTU0031054,TRN,2026,TRN-CO,3.5 가솔린,AWD,미드나잇 블랙,US-GA,west,47840
2026-01,VF3TSFBXTU0031055,TRN,2026,TRN-SU,2.5T 하이브리드,FWD,미드나잇 블랙,US-GA,south,59280
2026-01,VF3TCABXTU0031056,TRN,2026,TRN-CO,2.5T 하이브리드,AWD,미드나잇 블랙,US-GA,central,47840
2026-01,VF3TPAEXTU0031057,TRN,2026,TRN-PR,3.5 가솔린,AWD,오션 블루,US-GA,central,52000
2026-01,VF3TCACXTU0031058,TRN,2026,TRN-CO,2.5T 하이브리드,AWD,스틸 그레이,US-GA,south,47840
2026-01,VF3TSACXTU0031059,TRN,2026,TRN-SU,2.5T 하이브리드,AWD,스틸 그레이,US-GA,southeast,59280
2026-01,VF3TPFCXTU0031060,TRN,2026,TRN-PR,3.5 가솔린,FWD,스틸 그레이,US-GA,south,52000
2026-01,VF3TCADXTU0031061,TRN,2026,TRN-CO,2.5T 하이브리드,AWD,실버,US-GA,southeast,47840
2026-01,VF3TSAFXTU0031062,TRN,2026,TRN-SU,2.5T 하이브리드,AWD,선셋 레드,US-GA,west,59280
2026-01,VF3TPAAXTU0031063,TRN,2026,TRN-PR,3.5 가솔린,AWD,스노우 화이트,US-GA,central,52000
2026-01,VF3TPFAXTU0031064,TRN,2026,TRN-PR,2.5T 하이브리드,FWD,스노우 화이트,US-GA,southeast,52000
2026-01,VF3TSFCXTU0031065,TRN,2026,TRN-SU,2.5T 하이브리드,FWD,스틸 그레이,US-GA,southeast,59280
2026-01,VF3TCABXTU0031066,TRN,2026,TRN-CO,2.5T 하이브리드,AWD,미드나잇 블랙,US-GA,central,47840
2026-01,VF3TPAAXTU0031067,TRN,2026,TRN-PR,2.5T 하이브리드,AWD,스노우 화이트,US-GA,central,52000
2026-01,VF3TPAFXTU0031068,TRN,2026,TRN-PR,3.5 가솔린,AWD,선셋 레드,US-GA,southeast,52000
2026-01,VF3TPAAXTU0031069,TRN,2026,TRN-PR,2.5T 하이브리드,AWD,스노우 화이트,US-GA,west,52000
2026-01,VF3TCABXTU0031070,TRN,2026,TRN-CO,3.5 가솔린,AWD,미드나잇 블랙,US-GA,northeast,47840
2026-01,VF3TCABXTU0031071,TRN,2026,TRN-CO,2.5T 하이브리드,AWD,미드나잇 블랙,US-GA,west,47840
2026-01,VF3TPADXTU0031072,TRN,2026,TRN-PR,2.5T 하이브리드,AWD,실버,US-GA,northeast,52000
2026-01,VF3TCAHXTU0031073,TRN,2026,TRN-CO,2.5T 하이브리드,AWD,샌드 베이지,US-GA,south,47840
2026-01,VF3TCABXTU0031074,TRN,2026,TRN-CO,3.5 가솔린,AWD,미드나잇 블랙,US-GA,west,47840
2026-01,VF3TPFEXTU0031075,TRN,2026,TRN-PR,2.5T 하이브리드,FWD,오션 블루,US-GA,west,52000
2026-01,VF3TCFAXTU0031076,TRN,2026,TRN-CO,3.5 가솔린,FWD,스노우 화이트,US-GA,west,47840
2026-01,VF3TCABXTU0031077,TRN,2026,TRN-CO,2.5T 하이브리드,AWD,미드나잇 블랙,US-GA,west,47840
2026-01,VF3TCACXTU0031078,TRN,2026,TRN-CO,2.5T 하이브리드,AWD,스틸 그레이,US-GA,southeast,47840
2026-01,VF3TCAAXTU0031079,TRN,2026,TRN-CO,2.5T 하이브리드,AWD,스노우 화이트,US-GA,southeast,47840
2026-01,VF3TCAHXTU0031080,TRN,2026,TRN-CO,3.5 가솔린,AWD,샌드 베이지,US-GA,south,47840
2026-01,VF3TCAEXTU0031081,TRN,2026,TRN-CO,2.5T 하이브리드,AWD,오션 블루,US-GA,west,47840
2026-01,VF3TPFFXTU0031082,TRN,2026,TRN-PR,3.5 가솔린,FWD,선셋 레드,US-GA,west,52000
2026-01,VF3TCAAXTU0031083,TRN,2026,TRN-CO,3.5 가솔린,AWD,스노우 화이트,US-GA,west,47840
2026-01,VF3TPABXTU0031084,TRN,2026,TRN-PR,2.5T 하이브리드,AWD,미드나잇 블랙,US-GA,northeast,52000
2026-01,VF3TPFCXTU0031085,TRN,2026,TRN-PR,3.5 가솔린,FWD,스틸 그레이,US-GA,west,52000
2026-01,VF3TCAEXTU0031086,TRN,2026,TRN-CO,2.5T 하이브리드,AWD,오션 블루,US-GA,northeast,47840
2026-01,VF3TSAAXTU0031087,TRN,2026,TRN-SU,2.5T 하이브리드,AWD,스노우 화이트,US-GA,south,59280
2026-01,VF3TPABXTU0031088,TRN,2026,TRN-PR,2.5T 하이브리드,AWD,미드나잇 블랙,US-GA,west,52000
2026-01,VF3TPACXTU0031089,TRN,2026,TRN-PR,3.5 가솔린,AWD,스틸 그레이,US-GA,west,52000
2026-01,VF3TCAAXTU0031090,TRN,2026,TRN-CO,2.5T 하이브리드,AWD,스노우 화이트,US-GA,west,47840
2026-01,VF3TSABXTU0031091,TRN,2026,TRN-SU,2.5T 하이브리드,AWD,미드나잇 블랙,US-GA,southeast,59280
2026-01,VF3TCABXTU0031092,TRN,2026,TRN-CO,3.5 가솔린,AWD,미드나잇 블랙,US-GA,southeast,47840
2026-01,VF3TCAAXTU0031093,TRN,2026,TRN-CO,2.5T 하이브리드,AWD,스노우 화이트,US-GA,south,47840
2026-01,VF3TPAFXTU0031094,TRN,2026,TRN-PR,3.5 가솔린,AWD,선셋 레드,US-GA,south,52000
2026-01,VF3TSABXTU0031095,TRN,2026,TRN-SU,2.5T 하이브리드,AWD,미드나잇 블랙,US-GA,west,59280
2026-01,VF3TCFAXTU0031096,TRN,2026,TRN-CO,2.5T 하이브리드,FWD,스노우 화이트,US-GA,central,47840
2026-01,VF3TPFFXTU0031097,TRN,2026,TRN-PR,3.5 가솔린,FWD,선셋 레드,US-GA,west,52000
2026-01,VF3TPFBXTU0031098,TRN,2026,TRN-PR,3.5 가솔린,FWD,미드나잇 블랙,US-GA,west,52000
2026-01,VF3TSFAXTU0031099,TRN,2026,TRN-SU,2.5T 하이브리드,FWD,스노우 화이트,US-GA,south,59280
2026-01,VF3TCABXTU0031100,TRN,2026,TRN-CO,2.5T 하이브리드,AWD,미드나잇 블랙,US-GA,south,47840
2026-01,VF3TPFFXTU0031101,TRN,2026,TRN-PR,2.5T 하이브리드,FWD,선셋 레드,US-GA,southeast,52000
2026-01,VF3TPFCXTU0031102,TRN,2026,TRN-PR,3.5 가솔린,FWD,스틸 그레이,US-GA,south,52000
2026-01,VF3TCADXTU0031103,TRN,2026,TRN-CO,2.5T 하이브리드,AWD,실버,US-GA,south,47840
2026-01,VF3TCABXTU0031104,TRN,2026,TRN-CO,3.5 가솔린,AWD,미드나잇 블랙,US-GA,west,47840
2026-01,VF3TPFBXTU0031105,TRN,2026,TRN-PR,3.5 가솔린,FWD,미드나잇 블랙,US-GA,south,52000
2026-01,VF3TCFBXTU0031106,TRN,2026,TRN-CO,3.5 가솔린,FWD,미드나잇 블랙,US-GA,west,47840
2026-01,VF3TPAAXTU0031107,TRN,2026,TRN-PR,3.5 가솔린,AWD,스노우 화이트,US-GA,southeast,52000
2026-01,VF3TCAHXTU0031108,TRN,2026,TRN-CO,3.5 가솔린,AWD,샌드 베이지,US-GA,central,47840
2026-01,VF3TCAHXTU0031109,TRN,2026,TRN-CO,3.5 가솔린,AWD,샌드 베이지,US-GA,central,47840
2026-01,VF3TPACXTU0031110,TRN,2026,TRN-PR,2.5T 하이브리드,AWD,스틸 그레이,US-GA,southeast,52000
2026-01,VF3TCAFXTU0031111,TRN,2026,TRN-CO,2.5T 하이브리드,AWD,선셋 레드,US-GA,west,47840
2026-01,VF3TCAHXTU0031112,TRN,2026,TRN-CO,2.5T 하이브리드,AWD,샌드 베이지,US-GA,southeast,47840
2026-01,VF3TSAGXTU0031113,TRN,2026,TRN-SU,2.5T 하이브리드,AWD,포레스트 그린,US-GA,south,59280
2026-01,VF3TSAEXTU0031114,TRN,2026,TRN-SU,2.5T 하이브리드,AWD,오션 블루,US-GA,southeast,59280
2026-01,VF3TPAAXTU0031115,TRN,2026,TRN-PR,2.5T 하이브리드,AWD,스노우 화이트,US-GA,west,52000
2026-01,VF3TCACXTU0031116,TRN,2026,TRN-CO,3.5 가솔린,AWD,스틸 그레이,US-GA,south,47840
2026-01,VF3TPAGXTU0031117,TRN,2026,TRN-PR,3.5 가솔린,AWD,포레스트 그린,US-GA,west,52000
2026-01,VF3TPFAXTU0031118,TRN,2026,TRN-PR,2.5T 하이브리드,FWD,스노우 화이트,US-GA,west,52000
2026-01,VF3TSAAXTU0031119,TRN,2026,TRN-SU,2.5T 하이브리드,AWD,스노우 화이트,US-GA,southeast,59280
2026-01,VF3TPAEXTU0031120,TRN,2026,TRN-PR,3.5 가솔린,AWD,오션 블루,US-GA,south,52000
2026-01,VF3TCAAXTU0031121,TRN,2026,TRN-CO,2.5T 하이브리드,AWD,스노우 화이트,US-GA,central,47840
2026-01,VF3TPFAXTU0031122,TRN,2026,TRN-PR,3.5 가솔린,FWD,스노우 화이트,US-GA,west,52000
2026-01,VF3TPFCXTU0031123,TRN,2026,TRN-PR,2.5T 하이브리드,FWD,스틸 그레이,US-GA,south,52000
2026-01,VF3TCAAXTU0031124,TRN,2026,TRN-CO,2.5T 하이브리드,AWD,스노우 화이트,US-GA,central,47840
2026-01,VF3TSACXTU0031125,TRN,2026,TRN-SU,3.5 가솔린,AWD,스틸 그레이,US-GA,west,59280
2026-01,VF3TCFBXTU0031126,TRN,2026,TRN-CO,2.5T 하이브리드,FWD,미드나잇 블랙,US-GA,northeast,47840
2026-01,VF3TCAAXTU0031127,TRN,2026,TRN-CO,2.5T 하이브리드,AWD,스노우 화이트,US-GA,southeast,47840
2026-01,VF3TCADXTU0031128,TRN,2026,TRN-CO,3.5 가솔린,AWD,실버,US-GA,west,47840
2026-01,VF3TSABXTU0031129,TRN,2026,TRN-SU,3.5 가솔린,AWD,미드나잇 블랙,US-GA,central,59280
2026-01,VF3TSACXTU0031130,TRN,2026,TRN-SU,2.5T 하이브리드,AWD,스틸 그레이,US-GA,central,59280
2026-01,VF3TCFFXTU0031131,TRN,2026,TRN-CO,3.5 가솔린,FWD,선셋 레드,US-GA,central,47840
2026-01,VF3TCABXTU0031132,TRN,2026,TRN-CO,3.5 가솔린,AWD,미드나잇 블랙,US-GA,northeast,47840
2026-01,VF3TPAAXTU0031133,TRN,2026,TRN-PR,3.5 가솔린,AWD,스노우 화이트,US-GA,south,52000
2026-01,VF3TPABXTU0031134,TRN,2026,TRN-PR,2.5T 하이브리드,AWD,미드나잇 블랙,US-GA,southeast,52000
2026-01,VF3TSAGXTU0031135,TRN,2026,TRN-SU,3.5 가솔린,AWD,포레스트 그린,US-GA,southeast,59280
2026-01,VF3TSAHXTU0031136,TRN,2026,TRN-SU,3.5 가솔린,AWD,샌드 베이지,US-GA,central,59280
2026-01,VF3TPABXTU0031137,TRN,2026,TRN-PR,2.5T 하이브리드,AWD,미드나잇 블랙,US-GA,west,52000
2026-01,VF3TCFCXTU0031138,TRN,2026,TRN-CO,2.5T 하이브리드,FWD,스틸 그레이,US-GA,central,47840
2026-01,VF3TPAEXTU0031139,TRN,2026,TRN-PR,3.5 가솔린,AWD,오션 블루,US-GA,west,52000
2026-01,VF3TCAAXTU0031140,TRN,2026,TRN-CO,3.5 가솔린,AWD,스노우 화이트,US-GA,northeast,47840
2026-01,VF3TPAAXTU0031141,TRN,2026,TRN-PR,2.5T 하이브리드,AWD,스노우 화이트,US-GA,southeast,52000
2026-01,VF3TCFFXTU0031142,TRN,2026,TRN-CO,2.5T 하이브리드,FWD,선셋 레드,US-GA,southeast,47840
2026-01,VF3TPAAXTU0031143,TRN,2026,TRN-PR,2.5T 하이브리드,AWD,스노우 화이트,US-GA,west,52000
2026-01,VF3TCAAXTU0031144,TRN,2026,TRN-CO,3.5 가솔린,AWD,스노우 화이트,US-GA,south,47840
2026-01,VF3TCABXTU0031145,TRN,2026,TRN-CO,3.5 가솔린,AWD,미드나잇 블랙,US-GA,west,47840
2026-01,VF3TCFHXTU0031146,TRN,2026,TRN-CO,3.5 가솔린,FWD,샌드 베이지,US-GA,south,47840
2026-01,VF3TCFGXTU0031147,TRN,2026,TRN-CO,3.5 가솔린,FWD,포레스트 그린,US-GA,south,47840
2026-01,VF3TPAGXTU0031148,TRN,2026,TRN-PR,3.5 가솔린,AWD,포레스트 그린,US-GA,northeast,52000
2026-01,VF3TPAAXTU0031149,TRN,2026,TRN-PR,3.5 가솔린,AWD,스노우 화이트,US-GA,west,52000
2026-01,VF3TSACXTU0031150,TRN,2026,TRN-SU,3.5 가솔린,AWD,스틸 그레이,US-GA,south,59280
2026-01,VF3TCAHXTU0031151,TRN,2026,TRN-CO,2.5T 하이브리드,AWD,샌드 베이지,US-GA,west,47840
2026-01,VF3TSADXTU0031152,TRN,2026,TRN-SU,3.5 가솔린,AWD,실버,US-GA,northeast,59280
2026-01,VF3TCACXTU0031153,TRN,2026,TRN-CO,3.5 가솔린,AWD,스틸 그레이,US-GA,central,47840
2026-01,VF3TCAFXTU0031154,TRN,2026,TRN-CO,2.5T 하이브리드,AWD,선셋 레드,US-GA,southeast,47840
2026-01,VF3TSAAXTU0031155,TRN,2026,TRN-SU,2.5T 하이브리드,AWD,스노우 화이트,US-GA,west,59280
2026-01,VF3TPAFXTU0031156,TRN,2026,TRN-PR,2.5T 하이브리드,AWD,선셋 레드,US-GA,west,52000
2026-01,VF3TCFBXTU0031157,TRN,2026,TRN-CO,2.5T 하이브리드,FWD,미드나잇 블랙,US-GA,west,47840
2026-01,VF3TCAEXTU0031158,TRN,2026,TRN-CO,3.5 가솔린,AWD,오션 블루,US-GA,northeast,47840
2026-01,VF3TCADXTU0031159,TRN,2026,TRN-CO,3.5 가솔린,AWD,실버,US-GA,west,47840
2026-01,VF3TPAEXTU0031160,TRN,2026,TRN-PR,2.5T 하이브리드,AWD,오션 블루,US-GA,southeast,52000
2026-01,VF3TCABXTU0031161,TRN,2026,TRN-CO,3.5 가솔린,AWD,미드나잇 블랙,US-GA,northeast,47840
2026-01,VF3TCFBXTU0031162,TRN,2026,TRN-CO,2.5T 하이브리드,FWD,미드나잇 블랙,US-GA,south,47840
2026-01,VF3TPFAXTU0031163,TRN,2026,TRN-PR,3.5 가솔린,FWD,스노우 화이트,US-GA,southeast,52000
2026-01,VF3TCABXTU0031164,TRN,2026,TRN-CO,2.5T 하이브리드,AWD,미드나잇 블랙,US-GA,south,47840
2026-01,VF3TSFCXTU0031165,TRN,2026,TRN-SU,2.5T 하이브리드,FWD,스틸 그레이,US-GA,south,59280
2026-01,VF3TCABXTU0031166,TRN,2026,TRN-CO,3.5 가솔린,AWD,미드나잇 블랙,US-GA,west,47840
2026-01,VF3TCAAXTU0031167,TRN,2026,TRN-CO,2.5T 하이브리드,AWD,스노우 화이트,US-GA,south,47840
2026-01,VF3TCADXTU0031168,TRN,2026,TRN-CO,3.5 가솔린,AWD,실버,US-GA,west,47840
2026-01,VF3TPAFXTU0031169,TRN,2026,TRN-PR,3.5 가솔린,AWD,선셋 레드,US-GA,west,52000
2026-01,VF3TPAAXTU0031170,TRN,2026,TRN-PR,2.5T 하이브리드,AWD,스노우 화이트,US-GA,northeast,52000
2026-01,VF3TCADXTU0031171,TRN,2026,TRN-CO,3.5 가솔린,AWD,실버,US-GA,central,47840
2026-01,VF3TPABXTU0031172,TRN,2026,TRN-PR,3.5 가솔린,AWD,미드나잇 블랙,US-GA,west,52000
2026-01,VF3TPACXTU0031173,TRN,2026,TRN-PR,2.5T 하이브리드,AWD,스틸 그레이,US-GA,west,52000
2026-01,VF3TPABXTU0031174,TRN,2026,TRN-PR,3.5 가솔린,AWD,미드나잇 블랙,US-GA,southeast,52000
2026-01,VF3TPAGXTU0031175,TRN,2026,TRN-PR,3.5 가솔린,AWD,포레스트 그린,US-GA,southeast,52000
2026-01,VF3TPAFXTU0031176,TRN,2026,TRN-PR,3.5 가솔린,AWD,선셋 레드,US-GA,west,52000
2026-01,VF3TCAEXTU0031177,TRN,2026,TRN-CO,3.5 가솔린,AWD,오션 블루,US-GA,northeast,47840
2026-01,VF3TCAAXTU0031178,TRN,2026,TRN-CO,3.5 가솔린,AWD,스노우 화이트,US-GA,west,47840
2026-01,VF3TCFBXTU0031179,TRN,2026,TRN-CO,3.5 가솔린,FWD,미드나잇 블랙,US-GA,south,47840
2026-01,VF3TPADXTU0031180,TRN,2026,TRN-PR,3.5 가솔린,AWD,실버,US-GA,northeast,52000
2026-01,VF3TCABXTU0031181,TRN,2026,TRN-CO,3.5 가솔린,AWD,미드나잇 블랙,US-GA,southeast,47840
2026-01,VF3TPAHXTU0031182,TRN,2026,TRN-PR,3.5 가솔린,AWD,샌드 베이지,US-GA,west,52000
2026-01,VF3TCACXTU0031183,TRN,2026,TRN-CO,3.5 가솔린,AWD,스틸 그레이,US-GA,central,47840
2026-01,VF3TCFBXTU0031184,TRN,2026,TRN-CO,2.5T 하이브리드,FWD,미드나잇 블랙,US-GA,southeast,47840
2026-01,VF3TPABXTU0031185,TRN,2026,TRN-PR,2.5T 하이브리드,AWD,미드나잇 블랙,US-GA,central,52000
2026-01,VF3TPAAXTU0031186,TRN,2026,TRN-PR,3.5 가솔린,AWD,스노우 화이트,US-GA,south,52000
2026-01,VF3TPAAXTU0031187,TRN,2026,TRN-PR,2.5T 하이브리드,AWD,스노우 화이트,US-GA,west,52000
2026-01,VF3TCACXTU0031188,TRN,2026,TRN-CO,3.5 가솔린,AWD,스틸 그레이,US-GA,south,47840
2026-01,VF3TCAFXTU0031189,TRN,2026,TRN-CO,2.5T 하이브리드,AWD,선셋 레드,US-GA,northeast,47840
2026-01,VF3TPABXTU0031190,TRN,2026,TRN-PR,3.5 가솔린,AWD,미드나잇 블랙,US-GA,south,52000
2026-01,VF3TPFAXTU0031191,TRN,2026,TRN-PR,2.5T 하이브리드,FWD,스노우 화이트,US-GA,west,52000
2026-01,VF3TPAEXTU0031192,TRN,2026,TRN-PR,3.5 가솔린,AWD,오션 블루,US-GA,south,52000
2026-01,VF3TCAHXTU0031193,TRN,2026,TRN-CO,2.5T 하이브리드,AWD,샌드 베이지,US-GA,west,47840
2026-01,VF3TCFAXTU0031194,TRN,2026,TRN-CO,2.5T 하이브리드,FWD,스노우 화이트,US-GA,southeast,47840
2026-01,VF3TPACXTU0031195,TRN,2026,TRN-PR,2.5T 하이브리드,AWD,스틸 그레이,US-GA,southeast,52000
2026-01,VF3TCADXTU0031196,TRN,2026,TRN-CO,3.5 가솔린,AWD,실버,US-GA,west,47840
2026-01,VF3TCFBXTU0031197,TRN,2026,TRN-CO,2.5T 하이브리드,FWD,미드나잇 블랙,US-GA,southeast,47840
2026-01,VF3TPADXTU0031198,TRN,2026,TRN-PR,2.5T 하이브리드,AWD,실버,US-GA,west,52000
2026-01,VF3TPADXTU0031199,TRN,2026,TRN-PR,3.5 가솔린,AWD,실버,US-GA,central,52000
2026-01,VF3TSABXTU0031200,TRN,2026,TRN-SU,3.5 가솔린,AWD,미드나잇 블랙,US-GA,northeast,59280
2026-01,VF3TPADXTU0031201,TRN,2026,TRN-PR,2.5T 하이브리드,AWD,실버,US-GA,south,52000
2026-01,VF3TSFCXTU0031202,TRN,2026,TRN-SU,2.5T 하이브리드,FWD,스틸 그레이,US-GA,south,59280
2026-01,VF3VPFAXTU0031203,VST,2026,VST-PR,1.6T 하이브리드,FWD,스노우 화이트,US-GA,northeast,38500
2026-01,VF3VSAAXTU0031204,VST,2026,VST-TR,1.6T 하이브리드,AWD,스노우 화이트,US-GA,west,43890
2026-01,VF3VCFAXTU0031205,VST,2026,VST-CO,1.6T 하이브리드,FWD,스노우 화이트,US-GA,south,35420
2026-01,VF3VCAAXTU0031206,VST,2026,VST-CO,2.5 가솔린,AWD,스노우 화이트,US-GA,south,35420
2026-01,VF3VCABXTU0031207,VST,2026,VST-CO,2.5 가솔린,AWD,미드나잇 블랙,US-GA,west,35420
2026-01,VF3VCFDXTU0031208,VST,2026,VST-CO,1.6T 하이브리드,FWD,실버,US-GA,west,35420
2026-01,VF3VPFBXTU0031209,VST,2026,VST-PR,1.6T 하이브리드,FWD,미드나잇 블랙,US-GA,south,38500
2026-01,VF3VPFBXTU0031210,VST,2026,VST-PR,1.6T 하이브리드,FWD,미드나잇 블랙,US-GA,south,38500
2026-01,VF3VPFCXTU0031211,VST,2026,VST-PR,1.6T 하이브리드,FWD,스틸 그레이,US-GA,west,38500
2026-01,VF3VPACXTU0031212,VST,2026,VST-PR,1.6T 하이브리드,AWD,스틸 그레이,US-GA,northeast,38500
2026-01,VF3VPAGXTU0031213,VST,2026,VST-PR,2.5 가솔린,AWD,포레스트 그린,US-GA,southeast,38500
2026-01,VF3VPFGXTU0031214,VST,2026,VST-PR,1.6T 하이브리드,FWD,포레스트 그린,US-GA,southeast,38500
2026-01,VF3VPFBXTU0031215,VST,2026,VST-PR,1.6T 하이브리드,FWD,미드나잇 블랙,US-GA,central,38500
2026-01,VF3VSFEXTU0031216,VST,2026,VST-TR,1.6T 하이브리드,FWD,오션 블루,US-GA,west,43890
2026-01,VF3VPFDXTU0031217,VST,2026,VST-PR,2.5 가솔린,FWD,실버,US-GA,south,38500
2026-01,VF3VSFDXTU0031218,VST,2026,VST-TR,2.5 가솔린,FWD,실버,US-GA,south,43890
2026-01,VF3VPFAXTU0031219,VST,2026,VST-PR,2.5 가솔린,FWD,스노우 화이트,US-GA,south,38500
2026-01,VF3VCFDXTU0031220,VST,2026,VST-CO,1.6T 하이브리드,FWD,실버,US-GA,west,35420
2026-01,VF3VPFCXTU0031221,VST,2026,VST-PR,2.5 가솔린,FWD,스틸 그레이,US-GA,central,38500
2026-01,VF3VPABXTU0031222,VST,2026,VST-PR,1.6T 하이브리드,AWD,미드나잇 블랙,US-GA,west,38500
2026-01,VF3VPFCXTU0031223,VST,2026,VST-PR,2.5 가솔린,FWD,스틸 그레이,US-GA,west,38500
2026-01,VF3VPADXTU0031224,VST,2026,VST-PR,1.6T 하이브리드,AWD,실버,US-GA,central,38500
2026-01,VF3VSFBXTU0031225,VST,2026,VST-TR,2.5 가솔린,FWD,미드나잇 블랙,US-GA,south,43890
2026-01,VF3VPFCXTU0031226,VST,2026,VST-PR,1.6T 하이브리드,FWD,스틸 그레이,US-GA,central,38500
2026-01,VF3VPFFXTU0031227,VST,2026,VST-PR,2.5 가솔린,FWD,선셋 레드,US-GA,west,38500
2026-01,VF3VPFEXTU0031228,VST,2026,VST-PR,1.6T 하이브리드,FWD,오션 블루,US-GA,south,38500
2026-01,VF3VSAAXTU0031229,VST,2026,VST-TR,2.5 가솔린,AWD,스노우 화이트,US-GA,southeast,43890
2026-01,VF3VCFCXTU0031230,VST,2026,VST-CO,2.5 가솔린,FWD,스틸 그레이,US-GA,central,35420
2026-01,VF3VPFEXTU0031231,VST,2026,VST-PR,2.5 가솔린,FWD,오션 블루,US-GA,central,38500
2026-01,VF3VCFDXTU0031232,VST,2026,VST-CO,1.6T 하이브리드,FWD,실버,US-GA,west,35420
2026-01,VF3VCFCXTU0031233,VST,2026,VST-CO,1.6T 하이브리드,FWD,스틸 그레이,US-GA,west,35420
2026-01,VF3VCABXTU0031234,VST,2026,VST-CO,2.5 가솔린,AWD,미드나잇 블랙,US-GA,southeast,35420
2026-01,VF3VSAFXTU0031235,VST,2026,VST-TR,2.5 가솔린,AWD,선셋 레드,US-GA,central,43890
2026-01,VF3VPAAXTU0031236,VST,2026,VST-PR,1.6T 하이브리드,AWD,스노우 화이트,US-GA,northeast,38500
2026-01,VF3VCFDXTU0031237,VST,2026,VST-CO,2.5 가솔린,FWD,실버,US-GA,northeast,35420
2026-01,VF3VSFBXTU0031238,VST,2026,VST-TR,2.5 가솔린,FWD,미드나잇 블랙,US-GA,southeast,43890
2026-01,VF3VCFAXTU0031239,VST,2026,VST-CO,1.6T 하이브리드,FWD,스노우 화이트,US-GA,south,35420
2026-01,VF3VSACXTU0031240,VST,2026,VST-TR,1.6T 하이브리드,AWD,스틸 그레이,US-GA,northeast,43890
2026-01,VF3VPFCXTU0031241,VST,2026,VST-PR,2.5 가솔린,FWD,스틸 그레이,US-GA,west,38500
2026-01,VF3VPFGXTU0031242,VST,2026,VST-PR,2.5 가솔린,FWD,포레스트 그린,US-GA,south,38500
2026-01,VF3VPFBXTU0031243,VST,2026,VST-PR,1.6T 하이브리드,FWD,미드나잇 블랙,US-GA,west,38500
2026-01,VF3VPFDXTU0031244,VST,2026,VST-PR,2.5 가솔린,FWD,실버,US-GA,central,38500
2026-01,VF3VCAGXTU0031245,VST,2026,VST-CO,2.5 가솔린,AWD,포레스트 그린,US-GA,northeast,35420
2026-01,VF3VCFFXTU0031246,VST,2026,VST-CO,2.5 가솔린,FWD,선셋 레드,US-GA,south,35420
2026-01,VF3VPAGXTU0031247,VST,2026,VST-PR,2.5 가솔린,AWD,포레스트 그린,US-GA,northeast,38500
2026-01,VF3VCFFXTU0031248,VST,2026,VST-CO,2.5 가솔린,FWD,선셋 레드,US-GA,west,35420
2026-01,VF3VPFAXTU0031249,VST,2026,VST-PR,1.6T 하이브리드,FWD,스노우 화이트,US-GA,central,38500
2026-01,VF3VPABXTU0031250,VST,2026,VST-PR,1.6T 하이브리드,AWD,미드나잇 블랙,US-GA,northeast,38500
2026-01,VF3VCAHXTU0031251,VST,2026,VST-CO,1.6T 하이브리드,AWD,샌드 베이지,US-GA,northeast,35420
2026-01,VF3VPFAXTU0031252,VST,2026,VST-PR,2.5 가솔린,FWD,스노우 화이트,US-GA,northeast,38500
2026-01,VF3VPFFXTU0031253,VST,2026,VST-PR,1.6T 하이브리드,FWD,선셋 레드,US-GA,central,38500
2026-01,VF3VCFAXTU0031254,VST,2026,VST-CO,1.6T 하이브리드,FWD,스노우 화이트,US-GA,southeast,35420
2026-01,VF3VPFAXTU0031255,VST,2026,VST-PR,2.5 가솔린,FWD,스노우 화이트,US-GA,south,38500
2026-01,VF3VSABXTU0031256,VST,2026,VST-TR,2.5 가솔린,AWD,미드나잇 블랙,US-GA,southeast,43890
2026-01,VF3VCFEXTU0031257,VST,2026,VST-CO,1.6T 하이브리드,FWD,오션 블루,US-GA,southeast,35420
2026-01,VF3VSAAXTU0031258,VST,2026,VST-TR,2.5 가솔린,AWD,스노우 화이트,US-GA,south,43890
2026-01,VF3VPAAXTU0031259,VST,2026,VST-PR,1.6T 하이브리드,AWD,스노우 화이트,US-GA,south,38500
2026-01,VF3VCAGXTU0031260,VST,2026,VST-CO,2.5 가솔린,AWD,포레스트 그린,US-GA,west,35420
2026-01,VF3VPFHXTU0031261,VST,2026,VST-PR,2.5 가솔린,FWD,샌드 베이지,US-GA,south,38500
2026-01,VF3VPFAXTU0031262,VST,2026,VST-PR,2.5 가솔린,FWD,스노우 화이트,US-GA,southeast,38500
2026-01,VF3VPFEXTU0031263,VST,2026,VST-PR,1.6T 하이브리드,FWD,오션 블루,US-GA,central,38500
2026-01,VF3VPAFXTU0031264,VST,2026,VST-PR,2.5 가솔린,AWD,선셋 레드,US-GA,central,38500
2026-01,VF3VPFAXTU0031265,VST,2026,VST-PR,2.5 가솔린,FWD,스노우 화이트,US-GA,central,38500
2026-01,VF3VCFCXTU0031266,VST,2026,VST-CO,2.5 가솔린,FWD,스틸 그레이,US-GA,central,35420
2026-01,VF3VSFEXTU0031267,VST,2026,VST-TR,2.5 가솔린,FWD,오션 블루,US-GA,northeast,43890
2026-01,VF3VCFAXTU0031268,VST,2026,VST-CO,1.6T 하이브리드,FWD,스노우 화이트,US-GA,southeast,35420
2026-01,VF3VPABXTU0031269,VST,2026,VST-PR,1.6T 하이브리드,AWD,미드나잇 블랙,US-GA,southeast,38500
2026-01,VF3VCFCXTU0031270,VST,2026,VST-CO,1.6T 하이브리드,FWD,스틸 그레이,US-GA,west,35420
2026-01,VF3VPACXTU0031271,VST,2026,VST-PR,2.5 가솔린,AWD,스틸 그레이,US-GA,central,38500
2026-01,VF3VPFGXTU0031272,VST,2026,VST-PR,2.5 가솔린,FWD,포레스트 그린,US-GA,southeast,38500
2026-01,VF3VSFGXTU0031273,VST,2026,VST-TR,2.5 가솔린,FWD,포레스트 그린,US-GA,south,43890
2026-01,VF3VPAFXTU0031274,VST,2026,VST-PR,1.6T 하이브리드,AWD,선셋 레드,US-GA,northeast,38500
2026-01,VF3VCFAXTU0031275,VST,2026,VST-CO,2.5 가솔린,FWD,스노우 화이트,US-GA,west,35420
2026-01,VF3VCFEXTU0031276,VST,2026,VST-CO,1.6T 하이브리드,FWD,오션 블루,US-GA,south,35420
2026-01,VF3VPAAXTU0031277,VST,2026,VST-PR,2.5 가솔린,AWD,스노우 화이트,US-GA,central,38500
2026-01,VF3VSFEXTU0031278,VST,2026,VST-TR,1.6T 하이브리드,FWD,오션 블루,US-GA,southeast,43890
2026-01,VF3VSACXTU0031279,VST,2026,VST-TR,2.5 가솔린,AWD,스틸 그레이,US-GA,south,43890
2026-01,VF3VPFCXTU0031280,VST,2026,VST-PR,1.6T 하이브리드,FWD,스틸 그레이,US-GA,south,38500
2026-01,VF3VSAAXTU0031281,VST,2026,VST-TR,2.5 가솔린,AWD,스노우 화이트,US-GA,northeast,43890
2026-01,VF3VPACXTU0031282,VST,2026,VST-PR,2.5 가솔린,AWD,스틸 그레이,US-GA,central,38500
2026-01,VF3VPABXTU0031283,VST,2026,VST-PR,1.6T 하이브리드,AWD,미드나잇 블랙,US-GA,central,38500
2026-01,VF3VSADXTU0031284,VST,2026,VST-TR,2.5 가솔린,AWD,실버,US-GA,south,43890
2026-01,VF3VPAEXTU0031285,VST,2026,VST-PR,1.6T 하이브리드,AWD,오션 블루,US-GA,northeast,38500
2026-01,VF3VCAFXTU0031286,VST,2026,VST-CO,2.5 가솔린,AWD,선셋 레드,US-GA,northeast,35420
2026-01,VF3VCFCXTU0031287,VST,2026,VST-CO,1.6T 하이브리드,FWD,스틸 그레이,US-GA,south,35420
2026-01,VF3VSFBXTU0031288,VST,2026,VST-TR,1.6T 하이브리드,FWD,미드나잇 블랙,US-GA,south,43890
2026-01,VF3VSABXTU0031289,VST,2026,VST-TR,2.5 가솔린,AWD,미드나잇 블랙,US-GA,south,43890
2026-01,VF3VPAAXTU0031290,VST,2026,VST-PR,1.6T 하이브리드,AWD,스노우 화이트,US-GA,west,38500
2026-01,VF3VPFDXTU0031291,VST,2026,VST-PR,1.6T 하이브리드,FWD,실버,US-GA,west,38500
2026-01,VF3VCFAXTU0031292,VST,2026,VST-CO,1.6T 하이브리드,FWD,스노우 화이트,US-GA,northeast,35420
2026-01,VF3VPFDXTU0031293,VST,2026,VST-PR,2.5 가솔린,FWD,실버,US-GA,west,38500
2026-01,VF3VPFCXTU0031294,VST,2026,VST-PR,2.5 가솔린,FWD,스틸 그레이,US-GA,south,38500
2026-01,VF3VCFAXTU0031295,VST,2026,VST-CO,1.6T 하이브리드,FWD,스노우 화이트,US-GA,northeast,35420
2026-01,VF3VPABXTU0031296,VST,2026,VST-PR,2.5 가솔린,AWD,미드나잇 블랙,US-GA,west,38500
2026-01,VF3VCFAXTU0031297,VST,2026,VST-CO,1.6T 하이브리드,FWD,스노우 화이트,US-GA,west,35420
2026-01,VF3VPFBXTU0031298,VST,2026,VST-PR,2.5 가솔린,FWD,미드나잇 블랙,US-GA,southeast,38500
2026-01,VF3VCFBXTU0031299,VST,2026,VST-CO,2.5 가솔린,FWD,미드나잇 블랙,US-GA,southeast,35420
2026-01,VF3VPFEXTU0031300,VST,2026,VST-PR,1.6T 하이브리드,FWD,오션 블루,US-GA,west,38500
2026-01,VF3VPAFXTU0031301,VST,2026,VST-PR,2.5 가솔린,AWD,선셋 레드,US-GA,southeast,38500
2026-01,VF3VCACXTU0031302,VST,2026,VST-CO,2.5 가솔린,AWD,스틸 그레이,US-GA,northeast,35420
2026-01,VF3VCFAXTU0031303,VST,2026,VST-CO,1.6T 하이브리드,FWD,스노우 화이트,US-GA,southeast,35420
2026-01,VF3VPFAXTU0031304,VST,2026,VST-PR,1.6T 하이브리드,FWD,스노우 화이트,US-GA,northeast,38500
2026-01,VF3VCFBXTU0031305,VST,2026,VST-CO,2.5 가솔린,FWD,미드나잇 블랙,US-GA,central,35420
2026-01,VF3VPADXTU0031306,VST,2026,VST-PR,2.5 가솔린,AWD,실버,US-GA,west,38500
2026-01,VF3VPACXTU0031307,VST,2026,VST-PR,2.5 가솔린,AWD,스틸 그레이,US-GA,northeast,38500
2026-01,VF3VPFGXTU0031308,VST,2026,VST-PR,2.5 가솔린,FWD,포레스트 그린,US-GA,west,38500
2026-01,VF3VCAHXTU0031309,VST,2026,VST-CO,2.5 가솔린,AWD,샌드 베이지,US-GA,southeast,35420
2026-01,VF3VCFCXTU0031310,VST,2026,VST-CO,2.5 가솔린,FWD,스틸 그레이,US-GA,south,35420
2026-01,VF3VPFAXTU0031311,VST,2026,VST-PR,1.6T 하이브리드,FWD,스노우 화이트,US-GA,south,38500
2026-01,VF3VPFDXTU0031312,VST,2026,VST-PR,2.5 가솔린,FWD,실버,US-GA,south,38500
2026-01,VF3VCAAXTU0031313,VST,2026,VST-CO,2.5 가솔린,AWD,스노우 화이트,US-GA,south,35420
2026-01,VF3VPAFXTU0031314,VST,2026,VST-PR,2.5 가솔린,AWD,선셋 레드,US-GA,west,38500
2026-01,VF3VCFAXTU0031315,VST,2026,VST-CO,2.5 가솔린,FWD,스노우 화이트,US-GA,west,35420
2026-01,VF3VPABXTU0031316,VST,2026,VST-PR,2.5 가솔린,AWD,미드나잇 블랙,US-GA,northeast,38500
2026-01,VF3VPFAXTU0031317,VST,2026,VST-PR,1.6T 하이브리드,FWD,스노우 화이트,US-GA,west,38500
2026-01,VF3VCFCXTU0031318,VST,2026,VST-CO,2.5 가솔린,FWD,스틸 그레이,US-GA,southeast,35420
2026-01,VF3VPAAXTU0031319,VST,2026,VST-PR,1.6T 하이브리드,AWD,스노우 화이트,US-GA,southeast,38500
2026-01,VF3VCFCXTU0031320,VST,2026,VST-CO,1.6T 하이브리드,FWD,스틸 그레이,US-GA,southeast,35420
2026-01,VF3VCFAXTU0031321,VST,2026,VST-CO,2.5 가솔린,FWD,스노우 화이트,US-GA,west,35420
2026-01,VF3VCFAXTU0031322,VST,2026,VST-CO,1.6T 하이브리드,FWD,스노우 화이트,US-GA,northeast,35420
2026-01,VF3VCFGXTU0031323,VST,2026,VST-CO,2.5 가솔린,FWD,포레스트 그린,US-GA,southeast,35420
2026-01,VF3VPFEXTU0031324,VST,2026,VST-PR,1.6T 하이브리드,FWD,오션 블루,US-GA,southeast,38500
2026-01,VF3VSFDXTU0031325,VST,2026,VST-TR,1.6T 하이브리드,FWD,실버,US-GA,south,43890
2026-01,VF3VSABXTU0031326,VST,2026,VST-TR,1.6T 하이브리드,AWD,미드나잇 블랙,US-GA,central,43890
2026-01,VF3VCFEXTU0031327,VST,2026,VST-CO,1.6T 하이브리드,FWD,오션 블루,US-GA,southeast,35420
2026-01,VF3VSFCXTU0031328,VST,2026,VST-TR,1.6T 하이브리드,FWD,스틸 그레이,US-GA,central,43890
2026-01,VF3VPFBXTU0031329,VST,2026,VST-PR,2.5 가솔린,FWD,미드나잇 블랙,US-GA,south,38500
2026-01,VF3VSACXTU0031330,VST,2026,VST-TR,2.5 가솔린,AWD,스틸 그레이,US-GA,northeast,43890
2026-01,VF3VCABXTU0031331,VST,2026,VST-CO,2.5 가솔린,AWD,미드나잇 블랙,US-GA,west,35420
2026-01,VF3VPAHXTU0031332,VST,2026,VST-PR,2.5 가솔린,AWD,샌드 베이지,US-GA,southeast,38500
2026-01,VF3VPAHXTU0031333,VST,2026,VST-PR,2.5 가솔린,AWD,샌드 베이지,US-GA,central,38500
2026-01,VF3VSFBXTU0031334,VST,2026,VST-TR,2.5 가솔린,FWD,미드나잇 블랙,US-GA,south,43890
2026-01,VF3VCABXTU0031335,VST,2026,VST-CO,1.6T 하이브리드,AWD,미드나잇 블랙,US-GA,southeast,35420
2026-01,VF3VSFAXTU0031336,VST,2026,VST-TR,2.5 가솔린,FWD,스노우 화이트,US-GA,south,43890
2026-01,VF3VPFGXTU0031337,VST,2026,VST-PR,2.5 가솔린,FWD,포레스트 그린,US-GA,northeast,38500
2026-01,VF3VPACXTU0031338,VST,2026,VST-PR,1.6T 하이브리드,AWD,스틸 그레이,US-GA,west,38500
2026-01,VF3VCFDXTU0031339,VST,2026,VST-CO,2.5 가솔린,FWD,실버,US-GA,south,35420
2026-01,VF3VPFAXTU0031340,VST,2026,VST-PR,2.5 가솔린,FWD,스노우 화이트,US-GA,northeast,38500
2026-01,VF3VPABXTU0031341,VST,2026,VST-PR,1.6T 하이브리드,AWD,미드나잇 블랙,US-GA,central,38500
2026-01,VF3VPABXTU0031342,VST,2026,VST-PR,1.6T 하이브리드,AWD,미드나잇 블랙,US-GA,northeast,38500
2026-01,VF3VSABXTU0031343,VST,2026,VST-TR,1.6T 하이브리드,AWD,미드나잇 블랙,US-GA,west,43890
2026-01,VF3VSFEXTU0031344,VST,2026,VST-TR,1.6T 하이브리드,FWD,오션 블루,US-GA,west,43890
2026-01,VF3VPFEXTU0031345,VST,2026,VST-PR,2.5 가솔린,FWD,오션 블루,US-GA,west,38500
2026-01,VF3VCAAXTU0031346,VST,2026,VST-CO,2.5 가솔린,AWD,스노우 화이트,US-GA,central,35420
2026-01,VF3VSFDXTU0031347,VST,2026,VST-TR,1.6T 하이브리드,FWD,실버,US-GA,west,43890
2026-01,VF3VPFDXTU0031348,VST,2026,VST-PR,1.6T 하이브리드,FWD,실버,US-GA,south,38500
2026-01,VF3VCADXTU0031349,VST,2026,VST-CO,2.5 가솔린,AWD,실버,US-GA,northeast,35420
2026-01,VF3VPFAXTU0031350,VST,2026,VST-PR,2.5 가솔린,FWD,스노우 화이트,US-GA,south,38500
2026-01,VF3VSACXTU0031351,VST,2026,VST-TR,1.6T 하이브리드,AWD,스틸 그레이,US-GA,southeast,43890
2026-01,VF3VCFFXTU0031352,VST,2026,VST-CO,1.6T 하이브리드,FWD,선셋 레드,US-GA,south,35420
2026-01,VF3VCAFXTU0031353,VST,2026,VST-CO,1.6T 하이브리드,AWD,선셋 레드,US-GA,northeast,35420
2026-01,VF3VPADXTU0031354,VST,2026,VST-PR,2.5 가솔린,AWD,실버,US-GA,northeast,38500
2026-01,VF3VCAGXTU0031355,VST,2026,VST-CO,2.5 가솔린,AWD,포레스트 그린,US-GA,southeast,35420
2026-01,VF3VSAAXTU0031356,VST,2026,VST-TR,1.6T 하이브리드,AWD,스노우 화이트,US-GA,northeast,43890
2026-01,VF3VPACXTU0031357,VST,2026,VST-PR,2.5 가솔린,AWD,스틸 그레이,US-GA,southeast,38500
2026-01,VF3VSFDXTU0031358,VST,2026,VST-TR,1.6T 하이브리드,FWD,실버,US-GA,northeast,43890
2026-01,VF3VPFCXTU0031359,VST,2026,VST-PR,1.6T 하이브리드,FWD,스틸 그레이,US-GA,south,38500
2026-01,VF3VPFEXTU0031360,VST,2026,VST-PR,1.6T 하이브리드,FWD,오션 블루,US-GA,southeast,38500
2026-01,VF3VPABXTU0031361,VST,2026,VST-PR,2.5 가솔린,AWD,미드나잇 블랙,US-GA,southeast,38500
2026-01,VF3VCFAXTU0031362,VST,2026,VST-CO,1.6T 하이브리드,FWD,스노우 화이트,US-GA,southeast,35420
2026-01,VF3VCABXTU0031363,VST,2026,VST-CO,2.5 가솔린,AWD,미드나잇 블랙,US-GA,northeast,35420
2026-01,VF3VCFCXTU0031364,VST,2026,VST-CO,2.5 가솔린,FWD,스틸 그레이,US-GA,south,35420
2026-01,VF3VCAAXTU0031365,VST,2026,VST-CO,2.5 가솔린,AWD,스노우 화이트,US-GA,southeast,35420
2026-01,VF3VCFCXTU0031366,VST,2026,VST-CO,1.6T 하이브리드,FWD,스틸 그레이,US-GA,northeast,35420
2026-01,VF3VSABXTU0031367,VST,2026,VST-TR,2.5 가솔린,AWD,미드나잇 블랙,US-GA,northeast,43890
2026-01,VF3VCFGXTU0031368,VST,2026,VST-CO,1.6T 하이브리드,FWD,포레스트 그린,US-GA,west,35420
2026-01,VF3VCFHXTU0031369,VST,2026,VST-CO,1.6T 하이브리드,FWD,샌드 베이지,US-GA,west,35420
2026-01,VF3VPFAXTU0031370,VST,2026,VST-PR,1.6T 하이브리드,FWD,스노우 화이트,US-GA,northeast,38500
2026-01,VF3VSFEXTU0031371,VST,2026,VST-TR,1.6T 하이브리드,FWD,오션 블루,US-GA,south,43890
2026-01,VF3VPFCXTU0031372,VST,2026,VST-PR,2.5 가솔린,FWD,스틸 그레이,US-GA,south,38500
2026-01,VF3VPAFXTU0031373,VST,2026,VST-PR,1.6T 하이브리드,AWD,선셋 레드,US-GA,central,38500
2026-01,VF3VPACXTU0031374,VST,2026,VST-PR,1.6T 하이브리드,AWD,스틸 그레이,US-GA,northeast,38500
2026-01,VF3VPFAXTU0031375,VST,2026,VST-PR,2.5 가솔린,FWD,스노우 화이트,US-GA,southeast,38500
2026-01,VF3VCFAXTU0031376,VST,2026,VST-CO,2.5 가솔린,FWD,스노우 화이트,US-GA,south,35420
2026-01,VF3VPACXTU0031377,VST,2026,VST-PR,2.5 가솔린,AWD,스틸 그레이,US-GA,central,38500
2026-01,VF3VPFBXTU0031378,VST,2026,VST-PR,2.5 가솔린,FWD,미드나잇 블랙,US-GA,west,38500
2026-01,VF3VPFBXTU0031379,VST,2026,VST-PR,1.6T 하이브리드,FWD,미드나잇 블랙,US-GA,west,38500
2026-01,VF3VPFAXTU0031380,VST,2026,VST-PR,1.6T 하이브리드,FWD,스노우 화이트,US-GA,southeast,38500
2026-01,VF3VPFDXTU0031381,VST,2026,VST-PR,1.6T 하이브리드,FWD,실버,US-GA,south,38500
2026-01,VF3VPACXTU0031382,VST,2026,VST-PR,2.5 가솔린,AWD,스틸 그레이,US-GA,central,38500
2026-01,VF3VPFCXTU0031383,VST,2026,VST-PR,2.5 가솔린,FWD,스틸 그레이,US-GA,south,38500
2026-01,VF3VCABXTU0031384,VST,2026,VST-CO,1.6T 하이브리드,AWD,미드나잇 블랙,US-GA,west,35420
2026-01,VF3VCAAXTU0031385,VST,2026,VST-CO,1.6T 하이브리드,AWD,스노우 화이트,US-GA,central,35420
2026-01,VF3VCFCXTU0031386,VST,2026,VST-CO,2.5 가솔린,FWD,스틸 그레이,US-GA,west,35420
2026-01,VF3VPAAXTU0031387,VST,2026,VST-PR,1.6T 하이브리드,AWD,스노우 화이트,US-GA,south,38500
2026-01,VF3VSFAXTU0031388,VST,2026,VST-TR,2.5 가솔린,FWD,스노우 화이트,US-GA,southeast,43890
2026-01,VF3VSACXTU0031389,VST,2026,VST-TR,1.6T 하이브리드,AWD,스틸 그레이,US-GA,west,43890
2026-01,VF3VPFCXTU0031390,VST,2026,VST-PR,2.5 가솔린,FWD,스틸 그레이,US-GA,west,38500
2026-01,VF3VPFBXTU0031391,VST,2026,VST-PR,1.6T 하이브리드,FWD,미드나잇 블랙,US-GA,south,38500
2026-01,VF3VPFHXTU0031392,VST,2026,VST-PR,1.6T 하이브리드,FWD,샌드 베이지,US-GA,south,38500
2026-01,VF3VCAAXTU0031393,VST,2026,VST-CO,1.6T 하이브리드,AWD,스노우 화이트,US-GA,northeast,35420
2026-01,VF3VPFAXTU0031394,VST,2026,VST-PR,2.5 가솔린,FWD,스노우 화이트,US-GA,central,38500
2026-01,VF3VPADXTU0031395,VST,2026,VST-PR,2.5 가솔린,AWD,실버,US-GA,northeast,38500
2026-01,VF3VPFEXTU0031396,VST,2026,VST-PR,2.5 가솔린,FWD,오션 블루,US-GA,central,38500
2026-01,VF3VSFEXTU0031397,VST,2026,VST-TR,2.5 가솔린,FWD,오션 블루,US-GA,south,43890
2026-01,VF3VSFEXTU0031398,VST,2026,VST-TR,2.5 가솔린,FWD,오션 블루,US-GA,west,43890
2026-01,VF3VCAGXTU0031399,VST,2026,VST-CO,2.5 가솔린,AWD,포레스트 그린,US-GA,northeast,35420
2026-01,VF3VPFGXTU0031400,VST,2026,VST-PR,1.6T 하이브리드,FWD,포레스트 그린,US-GA,south,38500
2026-01,VF3VPFGXTU0031401,VST,2026,VST-PR,2.5 가솔린,FWD,포레스트 그린,US-GA,southeast,38500
2026-01,VF3VPFGXTU0031402,VST,2026,VST-PR,1.6T 하이브리드,FWD,포레스트 그린,US-GA,south,38500
2026-01,VF3VPFCXTU0031403,VST,2026,VST-PR,1.6T 하이브리드,FWD,스틸 그레이,US-GA,southeast,38500
2026-01,VF3VCAEXTU0031404,VST,2026,VST-CO,2.5 가솔린,AWD,오션 블루,US-GA,central,35420
2026-01,VF3VCFEXTU0031405,VST,2026,VST-CO,2.5 가솔린,FWD,오션 블루,US-GA,northeast,35420
2026-01,VF3VCAAXTU0031406,VST,2026,VST-CO,1.6T 하이브리드,AWD,스노우 화이트,US-GA,southeast,35420
2026-01,VF3VSFHXTU0031407,VST,2026,VST-TR,1.6T 하이브리드,FWD,샌드 베이지,US-GA,southeast,43890
2026-01,VF3VCABXTU0031408,VST,2026,VST-CO,1.6T 하이브리드,AWD,미드나잇 블랙,US-GA,south,35420
2026-01,VF3VPABXTU0031409,VST,2026,VST-PR,2.5 가솔린,AWD,미드나잇 블랙,US-GA,central,38500
2026-01,VF3VCFCXTU0031410,VST,2026,VST-CO,1.6T 하이브리드,FWD,스틸 그레이,US-GA,west,35420
2026-01,VF3VPFAXTU0031411,VST,2026,VST-PR,2.5 가솔린,FWD,스노우 화이트,US-GA,south,38500
2026-01,VF3VCABXTU0031412,VST,2026,VST-CO,1.6T 하이브리드,AWD,미드나잇 블랙,US-GA,northeast,35420
2026-01,VF3VPADXTU0031413,VST,2026,VST-PR,2.5 가솔린,AWD,실버,US-GA,central,38500
2026-01,VF3VSFAXTU0031414,VST,2026,VST-TR,1.6T 하이브리드,FWD,스노우 화이트,US-GA,west,43890
2026-01,VF3VPFFXTU0031415,VST,2026,VST-PR,2.5 가솔린,FWD,선셋 레드,US-GA,northeast,38500
2026-01,VF3VCFDXTU0031416,VST,2026,VST-CO,2.5 가솔린,FWD,실버,US-GA,central,35420
2026-01,VF3VCFCXTU0031417,VST,2026,VST-CO,2.5 가솔린,FWD,스틸 그레이,US-GA,southeast,35420
2026-01,VF3VCFBXTU0031418,VST,2026,VST-CO,1.6T 하이브리드,FWD,미드나잇 블랙,US-GA,south,35420
2026-01,VF3VCFAXTU0031419,VST,2026,VST-CO,1.6T 하이브리드,FWD,스노우 화이트,US-GA,south,35420
2026-01,VF3VSFEXTU0031420,VST,2026,VST-TR,2.5 가솔린,FWD,오션 블루,US-GA,south,43890
2026-01,VF3VPABXTU0031421,VST,2026,VST-PR,2.5 가솔린,AWD,미드나잇 블랙,US-GA,west,38500
2026-01,VF3VCAFXTU0031422,VST,2026,VST-CO,2.5 가솔린,AWD,선셋 레드,US-GA,central,35420
2026-01,VF3VPFAXTU0031423,VST,2026,VST-PR,2.5 가솔린,FWD,스노우 화이트,US-GA,central,38500
2026-01,VF3VCFAXTU0031424,VST,2026,VST-CO,1.6T 하이브리드,FWD,스노우 화이트,US-GA,west,35420
2026-01,VF3VPFFXTU0031425,VST,2026,VST-PR,1.6T 하이브리드,FWD,선셋 레드,US-GA,southeast,38500
2026-01,VF3VCFCXTU0031426,VST,2026,VST-CO,2.5 가솔린,FWD,스틸 그레이,US-GA,northeast,35420
2026-01,VF3VSAFXTU0031427,VST,2026,VST-TR,2.5 가솔린,AWD,선셋 레드,US-GA,west,43890
2026-01,VF3VCFDXTU0031428,VST,2026,VST-CO,2.5 가솔린,FWD,실버,US-GA,southeast,35420
2026-01,VF3VPAAXTU0031429,VST,2026,VST-PR,2.5 가솔린,AWD,스노우 화이트,US-GA,southeast,38500
2026-01,VF3VCABXTU0031430,VST,2026,VST-CO,2.5 가솔린,AWD,미드나잇 블랙,US-GA,northeast,35420
2026-01,VF3VCAAXTU0031431,VST,2026,VST-CO,1.6T 하이브리드,AWD,스노우 화이트,US-GA,central,35420
2026-01,VF3VCAAXTU0031432,VST,2026,VST-CO,1.6T 하이브리드,AWD,스노우 화이트,US-GA,west,35420
2026-01,VF3VPABXTU0031433,VST,2026,VST-PR,1.6T 하이브리드,AWD,미드나잇 블랙,US-GA,west,38500
2026-01,VF3VCFBXTU0031434,VST,2026,VST-CO,1.6T 하이브리드,FWD,미드나잇 블랙,US-GA,southeast,35420
2026-01,VF3VCFBXTU0031435,VST,2026,VST-CO,2.5 가솔린,FWD,미드나잇 블랙,US-GA,northeast,35420
2026-01,VF3VCFGXTU0031436,VST,2026,VST-CO,2.5 가솔린,FWD,포레스트 그린,US-GA,south,35420
2026-01,VF3VSFDXTU0031437,VST,2026,VST-TR,1.6T 하이브리드,FWD,실버,US-GA,southeast,43890
2026-01,VF3VCABXTU0031438,VST,2026,VST-CO,2.5 가솔린,AWD,미드나잇 블랙,US-GA,west,35420
2026-01,VF3VPFDXTU0031439,VST,2026,VST-PR,1.6T 하이브리드,FWD,실버,US-GA,southeast,38500
2026-01,VF3VPFBXTU0031440,VST,2026,VST-PR,1.6T 하이브리드,FWD,미드나잇 블랙,US-GA,west,38500
2026-01,VF3VPAAXTU0031441,VST,2026,VST-PR,2.5 가솔린,AWD,스노우 화이트,US-GA,northeast,38500
2026-01,VF3VPADXTU0031442,VST,2026,VST-PR,2.5 가솔린,AWD,실버,US-GA,northeast,38500
2026-01,VF3VCFAXTU0031443,VST,2026,VST-CO,1.6T 하이브리드,FWD,스노우 화이트,US-GA,central,35420
2026-01,VF3VPABXTU0031444,VST,2026,VST-PR,1.6T 하이브리드,AWD,미드나잇 블랙,US-GA,central,38500
2026-01,VF3VPFDXTU0031445,VST,2026,VST-PR,1.6T 하이브리드,FWD,실버,US-GA,south,38500
2026-01,VF3VCAAXTU0031446,VST,2026,VST-CO,2.5 가솔린,AWD,스노우 화이트,US-GA,northeast,35420
2026-01,VF3VCAAXTU0031447,VST,2026,VST-CO,1.6T 하이브리드,AWD,스노우 화이트,US-GA,west,35420
2026-01,VF3VCABXTU0031448,VST,2026,VST-CO,2.5 가솔린,AWD,미드나잇 블랙,US-GA,central,35420
2026-01,VF3VCFCXTU0031449,VST,2026,VST-CO,2.5 가솔린,FWD,스틸 그레이,US-GA,southeast,35420
2026-01,VF3VSAEXTU0031450,VST,2026,VST-TR,1.6T 하이브리드,AWD,오션 블루,US-GA,west,43890
2026-01,VF3VCAHXTU0031451,VST,2026,VST-CO,1.6T 하이브리드,AWD,샌드 베이지,US-GA,west,35420
2026-01,VF3VCFBXTU0031452,VST,2026,VST-CO,1.6T 하이브리드,FWD,미드나잇 블랙,US-GA,west,35420
2026-01,VF3VSFDXTU0031453,VST,2026,VST-TR,1.6T 하이브리드,FWD,실버,US-GA,south,43890
2026-01,VF3VPFCXTU0031454,VST,2026,VST-PR,1.6T 하이브리드,FWD,스틸 그레이,US-GA,west,38500
2026-01,VF3VCFAXTU0031455,VST,2026,VST-CO,2.5 가솔린,FWD,스노우 화이트,US-GA,west,35420
2026-01,VF3VCFCXTU0031456,VST,2026,VST-CO,2.5 가솔린,FWD,스틸 그레이,US-GA,southeast,35420
2026-01,VF3VPAHXTU0031457,VST,2026,VST-PR,1.6T 하이브리드,AWD,샌드 베이지,US-GA,west,38500
2026-01,VF3VPACXTU0031458,VST,2026,VST-PR,2.5 가솔린,AWD,스틸 그레이,US-GA,west,38500
2026-01,VF3VCACXTU0031459,VST,2026,VST-CO,1.6T 하이브리드,AWD,스틸 그레이,US-GA,central,35420
2026-01,VF3VSFCXTU0031460,VST,2026,VST-TR,2.5 가솔린,FWD,스틸 그레이,US-GA,central,43890
2026-01,VF3VCFEXTU0031461,VST,2026,VST-CO,2.5 가솔린,FWD,오션 블루,US-GA,west,35420
2026-01,VF3VCFEXTU0031462,VST,2026,VST-CO,1.6T 하이브리드,FWD,오션 블루,US-GA,west,35420
2026-01,VF3VCFCXTU0031463,VST,2026,VST-CO,2.5 가솔린,FWD,스틸 그레이,US-GA,south,35420
2026-01,VF3VPFDXTU0031464,VST,2026,VST-PR,1.6T 하이브리드,FWD,실버,US-GA,northeast,38500
2026-01,VF3VPFDXTU0031465,VST,2026,VST-PR,2.5 가솔린,FWD,실버,US-GA,west,38500
2026-01,VF3VPADXTU0031466,VST,2026,VST-PR,2.5 가솔린,AWD,실버,US-GA,south,38500
2026-01,VF3VCFHXTU0031467,VST,2026,VST-CO,2.5 가솔린,FWD,샌드 베이지,US-GA,southeast,35420
2026-01,VF3VPFCXTU0031468,VST,2026,VST-PR,2.5 가솔린,FWD,스틸 그레이,US-GA,northeast,38500
2026-01,VF3VSFAXTU0031469,VST,2026,VST-TR,2.5 가솔린,FWD,스노우 화이트,US-GA,southeast,43890
2026-01,VF3VSABXTU0031470,VST,2026,VST-TR,1.6T 하이브리드,AWD,미드나잇 블랙,US-GA,west,43890
2026-01,VF3VCFCXTU0031471,VST,2026,VST-CO,2.5 가솔린,FWD,스틸 그레이,US-GA,southeast,35420
2026-01,VF3VPABXTU0031472,VST,2026,VST-PR,1.6T 하이브리드,AWD,미드나잇 블랙,US-GA,northeast,38500
2026-01,VF3VPAFXTU0031473,VST,2026,VST-PR,2.5 가솔린,AWD,선셋 레드,US-GA,southeast,38500
2026-01,VF3VCAAXTU0031474,VST,2026,VST-CO,2.5 가솔린,AWD,스노우 화이트,US-GA,west,35420
2026-01,VF3VPFBXTU0031475,VST,2026,VST-PR,2.5 가솔린,FWD,미드나잇 블랙,US-GA,west,38500
2026-01,VF3VSFCXTU0031476,VST,2026,VST-TR,2.5 가솔린,FWD,스틸 그레이,US-GA,south,43890
2026-01,VF3VSFEXTU0031477,VST,2026,VST-TR,1.6T 하이브리드,FWD,오션 블루,US-GA,west,43890
2026-01,VF3VSFAXTU0031478,VST,2026,VST-TR,1.6T 하이브리드,FWD,스노우 화이트,US-GA,northeast,43890
2026-01,VF3VCFGXTU0031479,VST,2026,VST-CO,2.5 가솔린,FWD,포레스트 그린,US-GA,south,35420
2026-01,VF3VCAAXTU0031480,VST,2026,VST-CO,2.5 가솔린,AWD,스노우 화이트,US-GA,south,35420
2026-01,VF3VCAGXTU0031481,VST,2026,VST-CO,2.5 가솔린,AWD,포레스트 그린,US-GA,central,35420
2026-01,VF3VCFCXTU0031482,VST,2026,VST-CO,2.5 가솔린,FWD,스틸 그레이,US-GA,west,35420
2026-01,VF3VSFAXTU0031483,VST,2026,VST-TR,2.5 가솔린,FWD,스노우 화이트,US-GA,central,43890
2026-01,VF3VPADXTU0031484,VST,2026,VST-PR,1.6T 하이브리드,AWD,실버,US-GA,central,38500
2026-01,VF3VPFGXTU0031485,VST,2026,VST-PR,1.6T 하이브리드,FWD,포레스트 그린,US-GA,southeast,38500
2026-01,VF3VPFAXTU0031486,VST,2026,VST-PR,2.5 가솔린,FWD,스노우 화이트,US-GA,west,38500
2026-01,VF3VSFFXTU0031487,VST,2026,VST-TR,2.5 가솔린,FWD,선셋 레드,US-GA,south,43890
2026-01,VF3VCFBXTU0031488,VST,2026,VST-CO,2.5 가솔린,FWD,미드나잇 블랙,US-GA,west,35420
2026-01,VF3VCACXTU0031489,VST,2026,VST-CO,2.5 가솔린,AWD,스틸 그레이,US-GA,west,35420
2026-01,VF3VSFFXTU0031490,VST,2026,VST-TR,1.6T 하이브리드,FWD,선셋 레드,US-GA,central,43890
2026-01,VF3VSAAXTU0031491,VST,2026,VST-TR,2.5 가솔린,AWD,스노우 화이트,US-GA,northeast,43890
2026-01,VF3VCAAXTU0031492,VST,2026,VST-CO,1.6T 하이브리드,AWD,스노우 화이트,US-GA,west,35420
2026-01,VF3VPACXTU0031493,VST,2026,VST-PR,1.6T 하이브리드,AWD,스틸 그레이,US-GA,west,38500
2026-01,VF3VCFAXTU0031494,VST,2026,VST-CO,2.5 가솔린,FWD,스노우 화이트,US-GA,central,35420
2026-01,VF3VPFAXTU0031495,VST,2026,VST-PR,1.6T 하이브리드,FWD,스노우 화이트,US-GA,south,38500
2026-01,VF3VPAAXTU0031496,VST,2026,VST-PR,1.6T 하이브리드,AWD,스노우 화이트,US-GA,west,38500
2026-01,VF3VPFBXTU0031497,VST,2026,VST-PR,1.6T 하이브리드,FWD,미드나잇 블랙,US-GA,southeast,38500
2026-01,VF3VSFCXTU0031498,VST,2026,VST-TR,2.5 가솔린,FWD,스틸 그레이,US-GA,southeast,43890
2026-01,VF3VPFDXTU0031499,VST,2026,VST-PR,1.6T 하이브리드,FWD,실버,US-GA,southeast,38500
2026-01,VF3VCFAXTU0031500,VST,2026,VST-CO,1.6T 하이브리드,FWD,스노우 화이트,US-GA,south,35420
2026-01,VF3VPFEXTU0031501,VST,2026,VST-PR,2.5 가솔린,FWD,오션 블루,US-GA,west,38500
2026-01,VF3VSABXTU0031502,VST,2026,VST-TR,1.6T 하이브리드,AWD,미드나잇 블랙,US-GA,central,43890
2026-01,VF3VCABXTU0031503,VST,2026,VST-CO,2.5 가솔린,AWD,미드나잇 블랙,US-GA,west,35420
2026-01,VF3VCFAXTU0031504,VST,2026,VST-CO,1.6T 하이브리드,FWD,스노우 화이트,US-GA,south,35420
2026-01,VF3VPFEXTU0031505,VST,2026,VST-PR,1.6T 하이브리드,FWD,오션 블루,US-GA,southeast,38500
2026-01,VF3VPFCXTU0031506,VST,2026,VST-PR,2.5 가솔린,FWD,스틸 그레이,US-GA,south,38500
2026-01,VF3VCFAXTU0031507,VST,2026,VST-CO,1.6T 하이브리드,FWD,스노우 화이트,US-GA,south,35420
2026-01,VF3VCAAXTU0031508,VST,2026,VST-CO,2.5 가솔린,AWD,스노우 화이트,US-GA,northeast,35420
2026-01,VF3VCFEXTU0031509,VST,2026,VST-CO,1.6T 하이브리드,FWD,오션 블루,US-GA,west,35420
2026-01,VF3VPFCXTU0031510,VST,2026,VST-PR,2.5 가솔린,FWD,스틸 그레이,US-GA,west,38500
2026-01,VF3VSAAXTU0031511,VST,2026,VST-TR,2.5 가솔린,AWD,스노우 화이트,US-GA,west,43890
2026-01,VF3VSAHXTU0031512,VST,2026,VST-TR,1.6T 하이브리드,AWD,샌드 베이지,US-GA,northeast,43890
2026-01,VF3VPACXTU0031513,VST,2026,VST-PR,1.6T 하이브리드,AWD,스틸 그레이,US-GA,west,38500
2026-01,VF3VPFFXTU0031514,VST,2026,VST-PR,2.5 가솔린,FWD,선셋 레드,US-GA,south,38500
2026-01,VF3VPAHXTU0031515,VST,2026,VST-PR,2.5 가솔린,AWD,샌드 베이지,US-GA,south,38500
2026-01,VF3VSAAXTU0031516,VST,2026,VST-TR,2.5 가솔린,AWD,스노우 화이트,US-GA,south,43890
2026-01,VF3VPACXTU0031517,VST,2026,VST-PR,1.6T 하이브리드,AWD,스틸 그레이,US-GA,central,38500
2026-01,VF4ASAHXTU0031518,AUR,2026,AUR-MA,롱레인지,AWD,샌드 베이지,US-SV,northeast,67146
2026-01,VF4ACFCXTU0031519,AUR,2026,AUR-AI,스탠다드 레인지,FWD,스틸 그레이,US-SV,west,54188
2026-01,VF4ASFHXTU0031520,AUR,2026,AUR-MA,롱레인지,FWD,샌드 베이지,US-SV,northeast,67146
2026-01,VF4APFDXTU0031521,AUR,2026,AUR-RA,롱레인지,FWD,실버,US-SV,southeast,58900
2026-01,VF4APAFXTU0031522,AUR,2026,AUR-RA,롱레인지,AWD,선셋 레드,US-SV,west,58900
2026-01,VF4APFAXTU0031523,AUR,2026,AUR-RA,롱레인지,FWD,스노우 화이트,US-SV,south,58900
2026-01,VF4APACXTU0031524,AUR,2026,AUR-RA,롱레인지,AWD,스틸 그레이,US-SV,southeast,58900
2026-01,VF4ACABXTU0031525,AUR,2026,AUR-AI,롱레인지,AWD,미드나잇 블랙,US-SV,northeast,54188
2026-01,VF4APACXTU0031526,AUR,2026,AUR-RA,롱레인지,AWD,스틸 그레이,US-SV,southeast,58900
2026-01,VF4ACFCXTU0031527,AUR,2026,AUR-AI,스탠다드 레인지,FWD,스틸 그레이,US-SV,south,54188
2026-01,VF4ASAAXTU0031528,AUR,2026,AUR-MA,롱레인지,AWD,스노우 화이트,US-SV,west,67146
2026-01,VF4APACXTU0031529,AUR,2026,AUR-RA,스탠다드 레인지,AWD,스틸 그레이,US-SV,southeast,58900
2026-01,VF4ASAAXTU0031530,AUR,2026,AUR-MA,롱레인지,AWD,스노우 화이트,US-SV,northeast,67146
2026-01,VF4ACFGXTU0031531,AUR,2026,AUR-AI,롱레인지,FWD,포레스트 그린,US-SV,south,54188
2026-01,VF4APFHXTU0031532,AUR,2026,AUR-RA,스탠다드 레인지,FWD,샌드 베이지,US-SV,northeast,58900
2026-01,VF4ACAFXTU0031533,AUR,2026,AUR-AI,롱레인지,AWD,선셋 레드,US-SV,west,54188
2026-01,VF4APFCXTU0031534,AUR,2026,AUR-RA,스탠다드 레인지,FWD,스틸 그레이,US-SV,southeast,58900
2026-01,VF4APAHXTU0031535,AUR,2026,AUR-RA,롱레인지,AWD,샌드 베이지,US-SV,northeast,58900
2026-01,VF4APAEXTU0031536,AUR,2026,AUR-RA,롱레인지,AWD,오션 블루,US-SV,central,58900
2026-01,VF4ACAFXTU0031537,AUR,2026,AUR-AI,롱레인지,AWD,선셋 레드,US-SV,west,54188
2026-01,VF4ASFDXTU0031538,AUR,2026,AUR-MA,스탠다드 레인지,FWD,실버,US-SV,southeast,67146
2026-01,VF4ACFDXTU0031539,AUR,2026,AUR-AI,롱레인지,FWD,실버,US-SV,south,54188
2026-01,VF4APAAXTU0031540,AUR,2026,AUR-RA,롱레인지,AWD,스노우 화이트,US-SV,west,58900
2026-01,VF4ACFFXTU0031541,AUR,2026,AUR-AI,스탠다드 레인지,FWD,선셋 레드,US-SV,southeast,54188
2026-01,VF4ASFDXTU0031542,AUR,2026,AUR-MA,스탠다드 레인지,FWD,실버,US-SV,west,67146
2026-01,VF4APAEXTU0031543,AUR,2026,AUR-RA,롱레인지,AWD,오션 블루,US-SV,southeast,58900
2026-01,VF4ASACXTU0031544,AUR,2026,AUR-MA,스탠다드 레인지,AWD,스틸 그레이,US-SV,southeast,67146
2026-01,VF4APAEXTU0031545,AUR,2026,AUR-RA,스탠다드 레인지,AWD,오션 블루,US-SV,northeast,58900
2026-01,VF4ACAAXTU0031546,AUR,2026,AUR-AI,스탠다드 레인지,AWD,스노우 화이트,US-SV,northeast,54188
2026-01,VF4ASFEXTU0031547,AUR,2026,AUR-MA,스탠다드 레인지,FWD,오션 블루,US-SV,west,67146
2026-01,VF4ACFAXTU0031548,AUR,2026,AUR-AI,롱레인지,FWD,스노우 화이트,US-SV,west,54188
2026-01,VF4ACFAXTU0031549,AUR,2026,AUR-AI,롱레인지,FWD,스노우 화이트,US-SV,south,54188
2026-01,VF4APFGXTU0031550,AUR,2026,AUR-RA,스탠다드 레인지,FWD,포레스트 그린,US-SV,south,58900
2026-01,VF4ASFCXTU0031551,AUR,2026,AUR-MA,스탠다드 레인지,FWD,스틸 그레이,US-SV,west,67146
2026-01,VF4ACABXTU0031552,AUR,2026,AUR-AI,스탠다드 레인지,AWD,미드나잇 블랙,US-SV,southeast,54188
2026-01,VF4APABXTU0031553,AUR,2026,AUR-RA,스탠다드 레인지,AWD,미드나잇 블랙,US-SV,west,58900
2026-01,VF4ACFBXTU0031554,AUR,2026,AUR-AI,스탠다드 레인지,FWD,미드나잇 블랙,US-SV,south,54188
2026-01,VF4ASFDXTU0031555,AUR,2026,AUR-MA,스탠다드 레인지,FWD,실버,US-SV,west,67146
2026-01,VF4APABXTU0031556,AUR,2026,AUR-RA,롱레인지,AWD,미드나잇 블랙,US-SV,west,58900
2026-01,VF4ACAAXTU0031557,AUR,2026,AUR-AI,스탠다드 레인지,AWD,스노우 화이트,US-SV,west,54188
2026-01,VF4APABXTU0031558,AUR,2026,AUR-RA,롱레인지,AWD,미드나잇 블랙,US-SV,northeast,58900
2026-01,VF4ACFBXTU0031559,AUR,2026,AUR-AI,롱레인지,FWD,미드나잇 블랙,US-SV,northeast,54188
2026-01,VF4APAEXTU0031560,AUR,2026,AUR-RA,롱레인지,AWD,오션 블루,US-SV,south,58900
2026-01,VF4ASFAXTU0031561,AUR,2026,AUR-MA,롱레인지,FWD,스노우 화이트,US-SV,west,67146
2026-01,VF4ACFDXTU0031562,AUR,2026,AUR-AI,롱레인지,FWD,실버,US-SV,west,54188
2026-01,VF4APFCXTU0031563,AUR,2026,AUR-RA,스탠다드 레인지,FWD,스틸 그레이,US-SV,northeast,58900
2026-01,VF4ACAAXTU0031564,AUR,2026,AUR-AI,스탠다드 레인지,AWD,스노우 화이트,US-SV,central,54188
2026-01,VF4ASAAXTU0031565,AUR,2026,AUR-MA,스탠다드 레인지,AWD,스노우 화이트,US-SV,northeast,67146
2026-01,VF4ASAAXTU0031566,AUR,2026,AUR-MA,롱레인지,AWD,스노우 화이트,US-SV,west,67146
2026-01,VF4ACADXTU0031567,AUR,2026,AUR-AI,롱레인지,AWD,실버,US-SV,southeast,54188
2026-01,VF4ASFEXTU0031568,AUR,2026,AUR-MA,롱레인지,FWD,오션 블루,US-SV,southeast,67146
2026-01,VF4ACACXTU0031569,AUR,2026,AUR-AI,스탠다드 레인지,AWD,스틸 그레이,US-SV,west,54188
2026-01,VF4APFHXTU0031570,AUR,2026,AUR-RA,롱레인지,FWD,샌드 베이지,US-SV,west,58900
2026-01,VF4ASAFXTU0031571,AUR,2026,AUR-MA,롱레인지,AWD,선셋 레드,US-SV,northeast,67146
2026-01,VF4ASFFXTU0031572,AUR,2026,AUR-MA,롱레인지,FWD,선셋 레드,US-SV,southeast,67146
2026-01,VF4ASABXTU0031573,AUR,2026,AUR-MA,롱레인지,AWD,미드나잇 블랙,US-SV,south,67146
2026-01,VF4APAAXTU0031574,AUR,2026,AUR-RA,롱레인지,AWD,스노우 화이트,US-SV,west,58900
2026-01,VF4ACACXTU0031575,AUR,2026,AUR-AI,스탠다드 레인지,AWD,스틸 그레이,US-SV,central,54188
2026-01,VF4APFDXTU0031576,AUR,2026,AUR-RA,롱레인지,FWD,실버,US-SV,northeast,58900
2026-01,VF4ACACXTU0031577,AUR,2026,AUR-AI,롱레인지,AWD,스틸 그레이,US-SV,west,54188
2026-01,VF4ACAAXTU0031578,AUR,2026,AUR-AI,롱레인지,AWD,스노우 화이트,US-SV,northeast,54188
2026-01,VF4ACFFXTU0031579,AUR,2026,AUR-AI,롱레인지,FWD,선셋 레드,US-SV,west,54188
2026-01,VF4APABXTU0031580,AUR,2026,AUR-RA,롱레인지,AWD,미드나잇 블랙,US-SV,west,58900
2026-01,VF4ACFFXTU0031581,AUR,2026,AUR-AI,롱레인지,FWD,선셋 레드,US-SV,central,54188
2026-01,VF4ACFEXTU0031582,AUR,2026,AUR-AI,스탠다드 레인지,FWD,오션 블루,US-SV,southeast,54188
2026-01,VF4APABXTU0031583,AUR,2026,AUR-RA,스탠다드 레인지,AWD,미드나잇 블랙,US-SV,west,58900
2026-01,VF4ASFGXTU0031584,AUR,2026,AUR-MA,롱레인지,FWD,포레스트 그린,US-SV,southeast,67146
2026-01,VF4APFCXTU0031585,AUR,2026,AUR-RA,롱레인지,FWD,스틸 그레이,US-SV,west,58900
2026-01,VF4APABXTU0031586,AUR,2026,AUR-RA,스탠다드 레인지,AWD,미드나잇 블랙,US-SV,west,58900
2026-01,VF4APFBXTU0031587,AUR,2026,AUR-RA,롱레인지,FWD,미드나잇 블랙,US-SV,northeast,58900
2026-01,VF4APAAXTU0031588,AUR,2026,AUR-RA,스탠다드 레인지,AWD,스노우 화이트,US-SV,northeast,58900
2026-01,VF4ASFDXTU0031589,AUR,2026,AUR-MA,롱레인지,FWD,실버,US-SV,south,67146
2026-01,VF4APAEXTU0031590,AUR,2026,AUR-RA,롱레인지,AWD,오션 블루,US-SV,west,58900
2026-01,VF4APFBXTU0031591,AUR,2026,AUR-RA,롱레인지,FWD,미드나잇 블랙,US-SV,southeast,58900
2026-01,VF4APABXTU0031592,AUR,2026,AUR-RA,롱레인지,AWD,미드나잇 블랙,US-SV,central,58900
2026-01,VF4ASFCXTU0031593,AUR,2026,AUR-MA,롱레인지,FWD,스틸 그레이,US-SV,west,67146
2026-01,VF4APAAXTU0031594,AUR,2026,AUR-RA,롱레인지,AWD,스노우 화이트,US-SV,northeast,58900
2026-01,VF4ASAAXTU0031595,AUR,2026,AUR-MA,스탠다드 레인지,AWD,스노우 화이트,US-SV,northeast,67146
2026-01,VF4ASABXTU0031596,AUR,2026,AUR-MA,롱레인지,AWD,미드나잇 블랙,US-SV,west,67146
2026-01,VF4ACAAXTU0031597,AUR,2026,AUR-AI,롱레인지,AWD,스노우 화이트,US-SV,northeast,54188
2026-01,VF4APAHXTU0031598,AUR,2026,AUR-RA,롱레인지,AWD,샌드 베이지,US-SV,northeast,58900
2026-01,VF4ACFCXTU0031599,AUR,2026,AUR-AI,롱레인지,FWD,스틸 그레이,US-SV,south,54188
2026-01,VF4APFAXTU0031600,AUR,2026,AUR-RA,롱레인지,FWD,스노우 화이트,US-SV,central,58900
2026-01,VF4ACFFXTU0031601,AUR,2026,AUR-AI,롱레인지,FWD,선셋 레드,US-SV,northeast,54188
2026-01,VF4APFAXTU0031602,AUR,2026,AUR-RA,롱레인지,FWD,스노우 화이트,US-SV,southeast,58900
2026-01,VF4ACABXTU0031603,AUR,2026,AUR-AI,스탠다드 레인지,AWD,미드나잇 블랙,US-SV,northeast,54188
2026-01,VF4APAAXTU0031604,AUR,2026,AUR-RA,롱레인지,AWD,스노우 화이트,US-SV,south,58900
2026-01,VF4ACABXTU0031605,AUR,2026,AUR-AI,스탠다드 레인지,AWD,미드나잇 블랙,US-SV,northeast,54188
2026-01,VF4APFCXTU0031606,AUR,2026,AUR-RA,롱레인지,FWD,스틸 그레이,US-SV,south,58900
2026-01,VF4APFDXTU0031607,AUR,2026,AUR-RA,스탠다드 레인지,FWD,실버,US-SV,west,58900
2026-01,VF4APACXTU0031608,AUR,2026,AUR-RA,롱레인지,AWD,스틸 그레이,US-SV,northeast,58900
2026-01,VF4APFDXTU0031609,AUR,2026,AUR-RA,롱레인지,FWD,실버,US-SV,southeast,58900
2026-01,VF4APFDXTU0031610,AUR,2026,AUR-RA,롱레인지,FWD,실버,US-SV,northeast,58900
2026-01,VF4ACFBXTU0031611,AUR,2026,AUR-AI,롱레인지,FWD,미드나잇 블랙,US-SV,south,54188
2026-01,VF4ACFCXTU0031612,AUR,2026,AUR-AI,스탠다드 레인지,FWD,스틸 그레이,US-SV,south,54188
2026-01,VF4APABXTU0031613,AUR,2026,AUR-RA,스탠다드 레인지,AWD,미드나잇 블랙,US-SV,southeast,58900
2026-01,VF4ACFAXTU0031614,AUR,2026,AUR-AI,스탠다드 레인지,FWD,스노우 화이트,US-SV,south,54188
2026-01,VF4APADXTU0031615,AUR,2026,AUR-RA,롱레인지,AWD,실버,US-SV,south,58900
2026-01,VF4ASFFXTU0031616,AUR,2026,AUR-MA,스탠다드 레인지,FWD,선셋 레드,US-SV,west,67146
2026-01,VF4APAAXTU0031617,AUR,2026,AUR-RA,롱레인지,AWD,스노우 화이트,US-SV,southeast,58900
2026-01,VF4ACFFXTU0031618,AUR,2026,AUR-AI,스탠다드 레인지,FWD,선셋 레드,US-SV,west,54188
2026-01,VF4ASABXTU0031619,AUR,2026,AUR-MA,롱레인지,AWD,미드나잇 블랙,US-SV,northeast,67146
2026-01,VF4APFDXTU0031620,AUR,2026,AUR-RA,롱레인지,FWD,실버,US-SV,southeast,58900
2026-01,VF4ACFAXTU0031621,AUR,2026,AUR-AI,롱레인지,FWD,스노우 화이트,US-SV,west,54188
2026-01,VF4ASFCXTU0031622,AUR,2026,AUR-MA,롱레인지,FWD,스틸 그레이,US-SV,southeast,67146
2026-01,VF5MCFBXTM0032887,MRD,2026,MRD-CO,1.6T 하이브리드,FWD,미드나잇 블랙,MX-MT,south,28704
2026-01,VF5MSABXTM0032888,MRD,2026,MRD-SP,1.6T 하이브리드,AWD,미드나잇 블랙,MX-MT,northeast,35568
2026-01,VF5MPFBXTM0032889,MRD,2026,MRD-PR,2.0 가솔린,FWD,미드나잇 블랙,MX-MT,west,31200
2026-01,VF5MPFEXTM0032890,MRD,2026,MRD-PR,1.6T 하이브리드,FWD,오션 블루,MX-MT,west,31200
2026-01,VF5MCABXTM0032891,MRD,2026,MRD-CO,2.0 가솔린,AWD,미드나잇 블랙,MX-MT,central,28704
2026-01,VF5MPFFXTM0032892,MRD,2026,MRD-PR,1.6T 하이브리드,FWD,선셋 레드,MX-MT,south,31200
2026-01,VF5MCADXTM0032893,MRD,2026,MRD-CO,2.0 가솔린,AWD,실버,MX-MT,south,28704
2026-01,VF5MPFEXTM0032894,MRD,2026,MRD-PR,1.6T 하이브리드,FWD,오션 블루,MX-MT,central,31200
2026-01,VF5MSFAXTM0032895,MRD,2026,MRD-SP,2.0 가솔린,FWD,스노우 화이트,MX-MT,west,35568
2026-01,VF5MPFCXTM0032896,MRD,2026,MRD-PR,1.6T 하이브리드,FWD,스틸 그레이,MX-MT,south,31200
2026-01,VF5MCFBXTM0032897,MRD,2026,MRD-CO,1.6T 하이브리드,FWD,미드나잇 블랙,MX-MT,south,28704
2026-01,VF5MSFAXTM0032898,MRD,2026,MRD-SP,2.0 가솔린,FWD,스노우 화이트,MX-MT,northeast,35568
2026-01,VF5MCACXTM0032899,MRD,2026,MRD-CO,2.0 가솔린,AWD,스틸 그레이,MX-MT,west,28704
2026-01,VF5MSFAXTM0032900,MRD,2026,MRD-SP,2.0 가솔린,FWD,스노우 화이트,MX-MT,northeast,35568
2026-01,VF5MCFCXTM0032901,MRD,2026,MRD-CO,2.0 가솔린,FWD,스틸 그레이,MX-MT,southeast,28704
2026-01,VF5MPAAXTM0032902,MRD,2026,MRD-PR,2.0 가솔린,AWD,스노우 화이트,MX-MT,south,31200
2026-01,VF5MCFBXTM0032903,MRD,2026,MRD-CO,1.6T 하이브리드,FWD,미드나잇 블랙,MX-MT,south,28704
2026-01,VF5MPFAXTM0032904,MRD,2026,MRD-PR,2.0 가솔린,FWD,스노우 화이트,MX-MT,central,31200
2026-01,VF5MCFCXTM0032905,MRD,2026,MRD-CO,1.6T 하이브리드,FWD,스틸 그레이,MX-MT,southeast,28704
2026-01,VF5MPFFXTM0032906,MRD,2026,MRD-PR,1.6T 하이브리드,FWD,선셋 레드,MX-MT,south,31200
2026-01,VF5MCFCXTM0032907,MRD,2026,MRD-CO,1.6T 하이브리드,FWD,스틸 그레이,MX-MT,west,28704
2026-01,VF5MPADXTM0032908,MRD,2026,MRD-PR,2.0 가솔린,AWD,실버,MX-MT,west,31200
2026-01,VF5MPFCXTM0032909,MRD,2026,MRD-PR,2.0 가솔린,FWD,스틸 그레이,MX-MT,south,31200
2026-01,VF5MSFAXTM0032910,MRD,2026,MRD-SP,1.6T 하이브리드,FWD,스노우 화이트,MX-MT,west,35568
2026-01,VF5MPFGXTM0032911,MRD,2026,MRD-PR,2.0 가솔린,FWD,포레스트 그린,MX-MT,south,31200
2026-01,VF5MCABXTM0032912,MRD,2026,MRD-CO,1.6T 하이브리드,AWD,미드나잇 블랙,MX-MT,northeast,28704
2026-01,VF5MSAFXTM0032913,MRD,2026,MRD-SP,2.0 가솔린,AWD,선셋 레드,MX-MT,southeast,35568
2026-01,VF5MSFHXTM0032914,MRD,2026,MRD-SP,1.6T 하이브리드,FWD,샌드 베이지,MX-MT,west,35568
2026-01,VF5MCFCXTM0032915,MRD,2026,MRD-CO,1.6T 하이브리드,FWD,스틸 그레이,MX-MT,southeast,28704
2026-01,VF5MCFHXTM0032916,MRD,2026,MRD-CO,1.6T 하이브리드,FWD,샌드 베이지,MX-MT,southeast,28704
2026-01,VF5MPFAXTM0032917,MRD,2026,MRD-PR,1.6T 하이브리드,FWD,스노우 화이트,MX-MT,northeast,31200
2026-01,VF5MSFCXTM0032918,MRD,2026,MRD-SP,1.6T 하이브리드,FWD,스틸 그레이,MX-MT,central,35568
2026-01,VF5MCABXTM0032919,MRD,2026,MRD-CO,2.0 가솔린,AWD,미드나잇 블랙,MX-MT,west,28704
2026-01,VF5MPFAXTM0032920,MRD,2026,MRD-PR,2.0 가솔린,FWD,스노우 화이트,MX-MT,central,31200
2026-01,VF5MCFCXTM0032921,MRD,2026,MRD-CO,2.0 가솔린,FWD,스틸 그레이,MX-MT,south,28704
2026-01,VF5MPFBXTM0032922,MRD,2026,MRD-PR,1.6T 하이브리드,FWD,미드나잇 블랙,MX-MT,northeast,31200
2026-01,VF5MCAGXTM0032923,MRD,2026,MRD-CO,2.0 가솔린,AWD,포레스트 그린,MX-MT,south,28704
2026-01,VF5MPFCXTM0032924,MRD,2026,MRD-PR,1.6T 하이브리드,FWD,스틸 그레이,MX-MT,southeast,31200
2026-01,VF5MPFAXTM0032925,MRD,2026,MRD-PR,1.6T 하이브리드,FWD,스노우 화이트,MX-MT,northeast,31200
2026-01,VF5MCFAXTM0032926,MRD,2026,MRD-CO,1.6T 하이브리드,FWD,스노우 화이트,MX-MT,central,28704
2026-01,VF5MPFDXTM0032927,MRD,2026,MRD-PR,1.6T 하이브리드,FWD,실버,MX-MT,west,31200
2026-01,VF5MCFHXTM0032928,MRD,2026,MRD-CO,2.0 가솔린,FWD,샌드 베이지,MX-MT,central,28704
2026-01,VF5MCFFXTM0032929,MRD,2026,MRD-CO,2.0 가솔린,FWD,선셋 레드,MX-MT,central,28704
2026-01,VF5MSFFXTM0032930,MRD,2026,MRD-SP,1.6T 하이브리드,FWD,선셋 레드,MX-MT,southeast,35568
2026-01,VF5MPAAXTM0032931,MRD,2026,MRD-PR,2.0 가솔린,AWD,스노우 화이트,MX-MT,west,31200
2026-01,VF5MCABXTM0032932,MRD,2026,MRD-CO,1.6T 하이브리드,AWD,미드나잇 블랙,MX-MT,northeast,28704
2026-01,VF5MSFHXTM0032933,MRD,2026,MRD-SP,1.6T 하이브리드,FWD,샌드 베이지,MX-MT,west,35568
2026-01,VF5MPFCXTM0032934,MRD,2026,MRD-PR,2.0 가솔린,FWD,스틸 그레이,MX-MT,central,31200
2026-01,VF5MSADXTM0032935,MRD,2026,MRD-SP,2.0 가솔린,AWD,실버,MX-MT,central,35568
2026-01,VF5MSFFXTM0032936,MRD,2026,MRD-SP,1.6T 하이브리드,FWD,선셋 레드,MX-MT,northeast,35568
2026-01,VF5MPFCXTM0032937,MRD,2026,MRD-PR,1.6T 하이브리드,FWD,스틸 그레이,MX-MT,west,31200
2026-01,VF5MCFAXTM0032938,MRD,2026,MRD-CO,2.0 가솔린,FWD,스노우 화이트,MX-MT,south,28704
2026-01,VF5MCFFXTM0032939,MRD,2026,MRD-CO,2.0 가솔린,FWD,선셋 레드,MX-MT,central,28704
2026-01,VF5MPAAXTM0032940,MRD,2026,MRD-PR,2.0 가솔린,AWD,스노우 화이트,MX-MT,central,31200
2026-01,VF5MSFEXTM0032941,MRD,2026,MRD-SP,2.0 가솔린,FWD,오션 블루,MX-MT,northeast,35568
2026-01,VF5MPFDXTM0032942,MRD,2026,MRD-PR,1.6T 하이브리드,FWD,실버,MX-MT,west,31200
2026-01,VF5MPACXTM0032943,MRD,2026,MRD-PR,1.6T 하이브리드,AWD,스틸 그레이,MX-MT,west,31200
2026-01,VF5MSFFXTM0032944,MRD,2026,MRD-SP,1.6T 하이브리드,FWD,선셋 레드,MX-MT,west,35568
2026-01,VF5MPFFXTM0032945,MRD,2026,MRD-PR,1.6T 하이브리드,FWD,선셋 레드,MX-MT,northeast,31200
2026-01,VF5MPFEXTM0032946,MRD,2026,MRD-PR,1.6T 하이브리드,FWD,오션 블루,MX-MT,northeast,31200
2026-01,VF5MSAAXTM0032947,MRD,2026,MRD-SP,2.0 가솔린,AWD,스노우 화이트,MX-MT,west,35568
2026-01,VF5MPABXTM0032948,MRD,2026,MRD-PR,1.6T 하이브리드,AWD,미드나잇 블랙,MX-MT,southeast,31200
2026-01,VF5MPFGXTM0032949,MRD,2026,MRD-PR,1.6T 하이브리드,FWD,포레스트 그린,MX-MT,south,31200
2026-01,VF5MPFBXTM0032950,MRD,2026,MRD-PR,1.6T 하이브리드,FWD,미드나잇 블랙,MX-MT,west,31200
2026-01,VF5MPFBXTM0032951,MRD,2026,MRD-PR,2.0 가솔린,FWD,미드나잇 블랙,MX-MT,central,31200
2026-01,VF5MPFBXTM0032952,MRD,2026,MRD-PR,2.0 가솔린,FWD,미드나잇 블랙,MX-MT,south,31200
2026-01,VF5MPFFXTM0032953,MRD,2026,MRD-PR,1.6T 하이브리드,FWD,선셋 레드,MX-MT,southeast,31200
2026-01,VF5MSFBXTM0032954,MRD,2026,MRD-SP,1.6T 하이브리드,FWD,미드나잇 블랙,MX-MT,west,35568
2026-01,VF5MPFHXTM0032955,MRD,2026,MRD-PR,1.6T 하이브리드,FWD,샌드 베이지,MX-MT,south,31200
2026-01,VF5MCACXTM0032956,MRD,2026,MRD-CO,2.0 가솔린,AWD,스틸 그레이,MX-MT,northeast,28704
2026-01,VF5MSFDXTM0032957,MRD,2026,MRD-SP,2.0 가솔린,FWD,실버,MX-MT,northeast,35568
2026-01,VF5MPFBXTM0032958,MRD,2026,MRD-PR,1.6T 하이브리드,FWD,미드나잇 블랙,MX-MT,south,31200
2026-01,VF5MPABXTM0032959,MRD,2026,MRD-PR,1.6T 하이브리드,AWD,미드나잇 블랙,MX-MT,central,31200
2026-01,VF5MCABXTM0032960,MRD,2026,MRD-CO,2.0 가솔린,AWD,미드나잇 블랙,MX-MT,central,28704
2026-01,VF5MSFCXTM0032961,MRD,2026,MRD-SP,2.0 가솔린,FWD,스틸 그레이,MX-MT,west,35568
2026-01,VF5MPFAXTM0032962,MRD,2026,MRD-PR,1.6T 하이브리드,FWD,스노우 화이트,MX-MT,south,31200
2026-01,VF5MCFGXTM0032963,MRD,2026,MRD-CO,2.0 가솔린,FWD,포레스트 그린,MX-MT,central,28704
2026-01,VF5MSFDXTM0032964,MRD,2026,MRD-SP,1.6T 하이브리드,FWD,실버,MX-MT,northeast,35568
2026-01,VF5MPFDXTM0032965,MRD,2026,MRD-PR,1.6T 하이브리드,FWD,실버,MX-MT,west,31200
2026-01,VF5MSFAXTM0032966,MRD,2026,MRD-SP,2.0 가솔린,FWD,스노우 화이트,MX-MT,southeast,35568
2026-01,VF5MSFBXTM0032967,MRD,2026,MRD-SP,2.0 가솔린,FWD,미드나잇 블랙,MX-MT,south,35568
2026-01,VF5MCFBXTM0032968,MRD,2026,MRD-CO,1.6T 하이브리드,FWD,미드나잇 블랙,MX-MT,south,28704
2026-01,VF5MPFHXTM0032969,MRD,2026,MRD-PR,1.6T 하이브리드,FWD,샌드 베이지,MX-MT,southeast,31200
2026-01,VF5MPFAXTM0032970,MRD,2026,MRD-PR,1.6T 하이브리드,FWD,스노우 화이트,MX-MT,southeast,31200
2026-01,VF5MPFBXTM0032971,MRD,2026,MRD-PR,1.6T 하이브리드,FWD,미드나잇 블랙,MX-MT,south,31200
2026-01,VF5MPFBXTM0032972,MRD,2026,MRD-PR,2.0 가솔린,FWD,미드나잇 블랙,MX-MT,northeast,31200
2026-01,VF5MPFBXTM0032973,MRD,2026,MRD-PR,2.0 가솔린,FWD,미드나잇 블랙,MX-MT,south,31200
2026-01,VF5MCFEXTM0032974,MRD,2026,MRD-CO,1.6T 하이브리드,FWD,오션 블루,MX-MT,northeast,28704
2026-01,VF5MPACXTM0032975,MRD,2026,MRD-PR,2.0 가솔린,AWD,스틸 그레이,MX-MT,southeast,31200
2026-01,VF5MPFAXTM0032976,MRD,2026,MRD-PR,1.6T 하이브리드,FWD,스노우 화이트,MX-MT,southeast,31200
2026-01,VF5MPAHXTM0032977,MRD,2026,MRD-PR,1.6T 하이브리드,AWD,샌드 베이지,MX-MT,northeast,31200
2026-01,VF5MPFCXTM0032978,MRD,2026,MRD-PR,1.6T 하이브리드,FWD,스틸 그레이,MX-MT,central,31200
2026-01,VF5MPAHXTM0032979,MRD,2026,MRD-PR,1.6T 하이브리드,AWD,샌드 베이지,MX-MT,south,31200
2026-01,VF5MSFAXTM0032980,MRD,2026,MRD-SP,2.0 가솔린,FWD,스노우 화이트,MX-MT,south,35568
2026-01,VF5MPFEXTM0032981,MRD,2026,MRD-PR,1.6T 하이브리드,FWD,오션 블루,MX-MT,south,31200
2026-01,VF5MPFFXTM0032982,MRD,2026,MRD-PR,2.0 가솔린,FWD,선셋 레드,MX-MT,south,31200
2026-01,VF5MPFDXTM0032983,MRD,2026,MRD-PR,2.0 가솔린,FWD,실버,MX-MT,south,31200
2026-01,VF5MSFEXTM0032984,MRD,2026,MRD-SP,1.6T 하이브리드,FWD,오션 블루,MX-MT,south,35568
2026-01,VF5MPFAXTM0032985,MRD,2026,MRD-PR,1.6T 하이브리드,FWD,스노우 화이트,MX-MT,south,31200
2026-01,VF5MPFBXTM0032986,MRD,2026,MRD-PR,2.0 가솔린,FWD,미드나잇 블랙,MX-MT,south,31200
2026-01,VF5MCFAXTM0032987,MRD,2026,MRD-CO,2.0 가솔린,FWD,스노우 화이트,MX-MT,south,28704
2026-01,VF5MSFDXTM0032988,MRD,2026,MRD-SP,2.0 가솔린,FWD,실버,MX-MT,south,35568
2026-01,VF5MSFAXTM0032989,MRD,2026,MRD-SP,2.0 가솔린,FWD,스노우 화이트,MX-MT,southeast,35568
2026-01,VF5MSABXTM0032990,MRD,2026,MRD-SP,2.0 가솔린,AWD,미드나잇 블랙,MX-MT,west,35568
2026-01,VF5MCAHXTM0032991,MRD,2026,MRD-CO,1.6T 하이브리드,AWD,샌드 베이지,MX-MT,central,28704
2026-01,VF5MCFGXTM0032992,MRD,2026,MRD-CO,1.6T 하이브리드,FWD,포레스트 그린,MX-MT,south,28704
2026-01,VF5MCFBXTM0032993,MRD,2026,MRD-CO,1.6T 하이브리드,FWD,미드나잇 블랙,MX-MT,west,28704
2026-01,VF5MPADXTM0032994,MRD,2026,MRD-PR,2.0 가솔린,AWD,실버,MX-MT,central,31200
2026-01,VF5MCAEXTM0032995,MRD,2026,MRD-CO,2.0 가솔린,AWD,오션 블루,MX-MT,south,28704
2026-01,VF5MCFDXTM0032996,MRD,2026,MRD-CO,2.0 가솔린,FWD,실버,MX-MT,southeast,28704
2026-01,VF5MPFAXTM0032997,MRD,2026,MRD-PR,2.0 가솔린,FWD,스노우 화이트,MX-MT,central,31200
2026-01,VF5MPFDXTM0032998,MRD,2026,MRD-PR,1.6T 하이브리드,FWD,실버,MX-MT,central,31200
2026-01,VF5MPAAXTM0032999,MRD,2026,MRD-PR,1.6T 하이브리드,AWD,스노우 화이트,MX-MT,northeast,31200
2026-01,VF5MPAAXTM0033000,MRD,2026,MRD-PR,2.0 가솔린,AWD,스노우 화이트,MX-MT,west,31200
2026-01,VF5MPFBXTM0033001,MRD,2026,MRD-PR,2.0 가솔린,FWD,미드나잇 블랙,MX-MT,central,31200
2026-01,VF5MSAEXTM0033002,MRD,2026,MRD-SP,1.6T 하이브리드,AWD,오션 블루,MX-MT,central,35568
2026-01,VF5MPFFXTM0033003,MRD,2026,MRD-PR,2.0 가솔린,FWD,선셋 레드,MX-MT,west,31200
2026-01,VF5MSFGXTM0033004,MRD,2026,MRD-SP,2.0 가솔린,FWD,포레스트 그린,MX-MT,northeast,35568
2026-01,VF5MPAAXTM0033005,MRD,2026,MRD-PR,1.6T 하이브리드,AWD,스노우 화이트,MX-MT,northeast,31200
2026-01,VF5MPFDXTM0033006,MRD,2026,MRD-PR,1.6T 하이브리드,FWD,실버,MX-MT,southeast,31200
2026-01,VF5MPFDXTM0033007,MRD,2026,MRD-PR,2.0 가솔린,FWD,실버,MX-MT,west,31200
2026-01,VF5MSFCXTM0033008,MRD,2026,MRD-SP,2.0 가솔린,FWD,스틸 그레이,MX-MT,central,35568
2026-01,VF5MPFCXTM0033009,MRD,2026,MRD-PR,1.6T 하이브리드,FWD,스틸 그레이,MX-MT,central,31200
2026-01,VF5MPFDXTM0033010,MRD,2026,MRD-PR,1.6T 하이브리드,FWD,실버,MX-MT,southeast,31200
2026-01,VF5MPFEXTM0033011,MRD,2026,MRD-PR,1.6T 하이브리드,FWD,오션 블루,MX-MT,southeast,31200
2026-01,VF5MPFDXTM0033012,MRD,2026,MRD-PR,1.6T 하이브리드,FWD,실버,MX-MT,southeast,31200
2026-01,VF5MPFBXTM0033013,MRD,2026,MRD-PR,2.0 가솔린,FWD,미드나잇 블랙,MX-MT,northeast,31200
2026-01,VF5MCFFXTM0033014,MRD,2026,MRD-CO,2.0 가솔린,FWD,선셋 레드,MX-MT,south,28704
2026-01,VF5MCFAXTM0033015,MRD,2026,MRD-CO,1.6T 하이브리드,FWD,스노우 화이트,MX-MT,south,28704
2026-01,VF5MPFFXTM0033016,MRD,2026,MRD-PR,1.6T 하이브리드,FWD,선셋 레드,MX-MT,west,31200
2026-01,VF5MSFHXTM0033017,MRD,2026,MRD-SP,1.6T 하이브리드,FWD,샌드 베이지,MX-MT,northeast,35568
2026-01,VF5MSFBXTM0033018,MRD,2026,MRD-SP,1.6T 하이브리드,FWD,미드나잇 블랙,MX-MT,south,35568
2026-01,VF5MCABXTM0033019,MRD,2026,MRD-CO,1.6T 하이브리드,AWD,미드나잇 블랙,MX-MT,southeast,28704
2026-01,VF5MSFBXTM0033020,MRD,2026,MRD-SP,2.0 가솔린,FWD,미드나잇 블랙,MX-MT,central,35568
2026-01,VF5MPFAXTM0033021,MRD,2026,MRD-PR,2.0 가솔린,FWD,스노우 화이트,MX-MT,west,31200
2026-01,VF5MCFAXTM0033022,MRD,2026,MRD-CO,1.6T 하이브리드,FWD,스노우 화이트,MX-MT,south,28704
2026-01,VF5MSFGXTM0033023,MRD,2026,MRD-SP,1.6T 하이브리드,FWD,포레스트 그린,MX-MT,south,35568
2026-01,VF5MCFCXTM0033024,MRD,2026,MRD-CO,1.6T 하이브리드,FWD,스틸 그레이,MX-MT,southeast,28704
2026-01,VF5MPFAXTM0033025,MRD,2026,MRD-PR,1.6T 하이브리드,FWD,스노우 화이트,MX-MT,west,31200
2026-01,VF5MCFAXTM0033026,MRD,2026,MRD-CO,2.0 가솔린,FWD,스노우 화이트,MX-MT,south,28704
2026-01,VF5MCAAXTM0033027,MRD,2026,MRD-CO,1.6T 하이브리드,AWD,스노우 화이트,MX-MT,southeast,28704
2026-01,VF5MSFDXTM0033028,MRD,2026,MRD-SP,1.6T 하이브리드,FWD,실버,MX-MT,central,35568
2026-01,VF5MCFAXTM0033029,MRD,2026,MRD-CO,2.0 가솔린,FWD,스노우 화이트,MX-MT,southeast,28704
2026-01,VF5MCFHXTM0033030,MRD,2026,MRD-CO,2.0 가솔린,FWD,샌드 베이지,MX-MT,southeast,28704
2026-01,VF5MCFAXTM0033031,MRD,2026,MRD-CO,1.6T 하이브리드,FWD,스노우 화이트,MX-MT,west,28704
2026-01,VF5MPFDXTM0033032,MRD,2026,MRD-PR,1.6T 하이브리드,FWD,실버,MX-MT,south,31200
2026-01,VF5MPABXTM0033033,MRD,2026,MRD-PR,1.6T 하이브리드,AWD,미드나잇 블랙,MX-MT,northeast,31200
2026-01,VF5MCFAXTM0033034,MRD,2026,MRD-CO,1.6T 하이브리드,FWD,스노우 화이트,MX-MT,southeast,28704
2026-01,VF5MPFCXTM0033035,MRD,2026,MRD-PR,1.6T 하이브리드,FWD,스틸 그레이,MX-MT,central,31200
2026-01,VF5MCFBXTM0033036,MRD,2026,MRD-CO,2.0 가솔린,FWD,미드나잇 블랙,MX-MT,central,28704
2026-01,VF5MCFAXTM0033037,MRD,2026,MRD-CO,1.6T 하이브리드,FWD,스노우 화이트,MX-MT,south,28704
2026-01,VF5MSFEXTM0033038,MRD,2026,MRD-SP,2.0 가솔린,FWD,오션 블루,MX-MT,northeast,35568
2026-01,VF5MPFDXTM0033039,MRD,2026,MRD-PR,1.6T 하이브리드,FWD,실버,MX-MT,west,31200
2026-01,VF5MPFBXTM0033040,MRD,2026,MRD-PR,1.6T 하이브리드,FWD,미드나잇 블랙,MX-MT,central,31200
2026-01,VF5MCFBXTM0033041,MRD,2026,MRD-CO,2.0 가솔린,FWD,미드나잇 블랙,MX-MT,west,28704
2026-01,VF5MPFCXTM0033042,MRD,2026,MRD-PR,1.6T 하이브리드,FWD,스틸 그레이,MX-MT,south,31200
2026-01,VF5MCFCXTM0033043,MRD,2026,MRD-CO,2.0 가솔린,FWD,스틸 그레이,MX-MT,south,28704
2026-01,VF5MPFCXTM0033044,MRD,2026,MRD-PR,1.6T 하이브리드,FWD,스틸 그레이,MX-MT,west,31200
2026-01,VF5MCFBXTM0033045,MRD,2026,MRD-CO,1.6T 하이브리드,FWD,미드나잇 블랙,MX-MT,southeast,28704
2026-01,VF5MPACXTM0033046,MRD,2026,MRD-PR,1.6T 하이브리드,AWD,스틸 그레이,MX-MT,central,31200
2026-01,VF5MPFGXTM0033047,MRD,2026,MRD-PR,1.6T 하이브리드,FWD,포레스트 그린,MX-MT,northeast,31200
2026-01,VF5MSADXTM0033048,MRD,2026,MRD-SP,1.6T 하이브리드,AWD,실버,MX-MT,northeast,35568
2026-01,VF5MPACXTM0033049,MRD,2026,MRD-PR,1.6T 하이브리드,AWD,스틸 그레이,MX-MT,southeast,31200
2026-01,VF5MPABXTM0033050,MRD,2026,MRD-PR,1.6T 하이브리드,AWD,미드나잇 블랙,MX-MT,southeast,31200
2026-01,VF5MCFAXTM0033051,MRD,2026,MRD-CO,2.0 가솔린,FWD,스노우 화이트,MX-MT,northeast,28704
2026-01,VF5MSAHXTM0033052,MRD,2026,MRD-SP,2.0 가솔린,AWD,샌드 베이지,MX-MT,west,35568
2026-01,VF5MPFBXTM0033053,MRD,2026,MRD-PR,1.6T 하이브리드,FWD,미드나잇 블랙,MX-MT,northeast,31200
2026-01,VF5MCFCXTM0033054,MRD,2026,MRD-CO,2.0 가솔린,FWD,스틸 그레이,MX-MT,west,28704
2026-01,VF5MCFAXTM0033055,MRD,2026,MRD-CO,2.0 가솔린,FWD,스노우 화이트,MX-MT,northeast,28704
2026-01,VF5MPABXTM0033056,MRD,2026,MRD-PR,2.0 가솔린,AWD,미드나잇 블랙,MX-MT,west,31200
2026-01,VF5MSFCXTM0033057,MRD,2026,MRD-SP,1.6T 하이브리드,FWD,스틸 그레이,MX-MT,west,35568
2026-01,VF5MCFAXTM0033058,MRD,2026,MRD-CO,1.6T 하이브리드,FWD,스노우 화이트,MX-MT,northeast,28704
2026-01,VF5MSFEXTM0033059,MRD,2026,MRD-SP,2.0 가솔린,FWD,오션 블루,MX-MT,south,35568
2026-01,VF5MCFCXTM0033060,MRD,2026,MRD-CO,2.0 가솔린,FWD,스틸 그레이,MX-MT,northeast,28704
2026-01,VF5MPFBXTM0033061,MRD,2026,MRD-PR,2.0 가솔린,FWD,미드나잇 블랙,MX-MT,south,31200
2026-01,VF5MPFBXTM0033062,MRD,2026,MRD-PR,1.6T 하이브리드,FWD,미드나잇 블랙,MX-MT,west,31200
2026-01,VF5MSACXTM0033063,MRD,2026,MRD-SP,1.6T 하이브리드,AWD,스틸 그레이,MX-MT,central,35568
2026-01,VF5MCFCXTM0033064,MRD,2026,MRD-CO,1.6T 하이브리드,FWD,스틸 그레이,MX-MT,southeast,28704
2026-01,VF5MPAAXTM0033065,MRD,2026,MRD-PR,1.6T 하이브리드,AWD,스노우 화이트,MX-MT,northeast,31200
2026-01,VF5MPFAXTM0033066,MRD,2026,MRD-PR,2.0 가솔린,FWD,스노우 화이트,MX-MT,west,31200
2026-01,VF5MPFFXTM0033067,MRD,2026,MRD-PR,2.0 가솔린,FWD,선셋 레드,MX-MT,south,31200
2026-01,VF5MCFEXTM0033068,MRD,2026,MRD-CO,1.6T 하이브리드,FWD,오션 블루,MX-MT,south,28704
2026-01,VF5MSFFXTM0033069,MRD,2026,MRD-SP,2.0 가솔린,FWD,선셋 레드,MX-MT,west,35568
2026-01,VF5MPFEXTM0033070,MRD,2026,MRD-PR,2.0 가솔린,FWD,오션 블루,MX-MT,northeast,31200
2026-01,VF5MPFCXTM0033071,MRD,2026,MRD-PR,2.0 가솔린,FWD,스틸 그레이,MX-MT,south,31200
2026-01,VF5MPABXTM0033072,MRD,2026,MRD-PR,1.6T 하이브리드,AWD,미드나잇 블랙,MX-MT,northeast,31200
2026-01,VF5MSFAXTM0033073,MRD,2026,MRD-SP,2.0 가솔린,FWD,스노우 화이트,MX-MT,west,35568
2026-01,VF5MCFCXTM0033074,MRD,2026,MRD-CO,2.0 가솔린,FWD,스틸 그레이,MX-MT,northeast,28704
2026-01,VF5MPFEXTM0033075,MRD,2026,MRD-PR,2.0 가솔린,FWD,오션 블루,MX-MT,southeast,31200
2026-01,VF5MPFAXTM0033076,MRD,2026,MRD-PR,1.6T 하이브리드,FWD,스노우 화이트,MX-MT,west,31200
2026-01,VF5MCFHXTM0033077,MRD,2026,MRD-CO,2.0 가솔린,FWD,샌드 베이지,MX-MT,west,28704
2026-01,VF5MPFEXTM0033078,MRD,2026,MRD-PR,1.6T 하이브리드,FWD,오션 블루,MX-MT,northeast,31200
2026-01,VF5MCFAXTM0033079,MRD,2026,MRD-CO,1.6T 하이브리드,FWD,스노우 화이트,MX-MT,southeast,28704
2026-01,VF5MPABXTM0033080,MRD,2026,MRD-PR,1.6T 하이브리드,AWD,미드나잇 블랙,MX-MT,southeast,31200
2026-01,VF5MSFAXTM0033081,MRD,2026,MRD-SP,1.6T 하이브리드,FWD,스노우 화이트,MX-MT,northeast,35568
2026-01,VF2NPACXTK0034510,NOV,2026,NOV-PR,1.6T 하이브리드,AWD,스틸 그레이,KR-2,west,44300
2026-01,VF2NPAAXTK0034511,NOV,2026,NOV-PR,3.5 가솔린,AWD,스노우 화이트,KR-2,central,44300
2026-01,VF2NCADXTK0034512,NOV,2026,NOV-CO,3.5 가솔린,AWD,실버,KR-2,south,40756
2026-01,VF2NSFFXTK0034513,NOV,2026,NOV-LO,1.6T 하이브리드,FWD,선셋 레드,KR-2,south,50502
2026-01,VF2NCFDXTK0034514,NOV,2026,NOV-CO,3.5 가솔린,FWD,실버,KR-2,south,40756
2026-01,VF2NSFDXTK0034515,NOV,2026,NOV-LO,3.5 가솔린,FWD,실버,KR-2,west,50502
2026-01,VF2NCAAXTK0034516,NOV,2026,NOV-CO,1.6T 하이브리드,AWD,스노우 화이트,KR-2,central,40756
2026-01,VF2NPABXTK0034517,NOV,2026,NOV-PR,3.5 가솔린,AWD,미드나잇 블랙,KR-2,south,44300
2026-01,VF2NPFAXTK0034518,NOV,2026,NOV-PR,1.6T 하이브리드,FWD,스노우 화이트,KR-2,west,44300
2026-01,VF2NCFBXTK0034519,NOV,2026,NOV-CO,1.6T 하이브리드,FWD,미드나잇 블랙,KR-2,northeast,40756
2026-01,VF2NCFAXTK0034520,NOV,2026,NOV-CO,3.5 가솔린,FWD,스노우 화이트,KR-2,south,40756
2026-01,VF2NPFCXTK0034521,NOV,2026,NOV-PR,1.6T 하이브리드,FWD,스틸 그레이,KR-2,south,44300
2026-01,VF2NSFEXTK0034522,NOV,2026,NOV-LO,3.5 가솔린,FWD,오션 블루,KR-2,south,50502
2026-01,VF2NSFFXTK0034523,NOV,2026,NOV-LO,1.6T 하이브리드,FWD,선셋 레드,KR-2,west,50502
2026-01,VF2NPFHXTK0034524,NOV,2026,NOV-PR,3.5 가솔린,FWD,샌드 베이지,KR-2,south,44300
2026-01,VF2NPFAXTK0034525,NOV,2026,NOV-PR,1.6T 하이브리드,FWD,스노우 화이트,KR-2,central,44300
2026-01,VF2NCFDXTK0034526,NOV,2026,NOV-CO,1.6T 하이브리드,FWD,실버,KR-2,south,40756
2026-01,VF2NPFDXTK0034527,NOV,2026,NOV-PR,3.5 가솔린,FWD,실버,KR-2,south,44300
2026-01,VF2NSAAXTK0034528,NOV,2026,NOV-LO,1.6T 하이브리드,AWD,스노우 화이트,KR-2,south,50502
2026-01,VF2NCFFXTK0034529,NOV,2026,NOV-CO,3.5 가솔린,FWD,선셋 레드,KR-2,northeast,40756
2026-01,VF2NCFFXTK0034530,NOV,2026,NOV-CO,3.5 가솔린,FWD,선셋 레드,KR-2,southeast,40756
2026-01,VF2NPFFXTK0034531,NOV,2026,NOV-PR,3.5 가솔린,FWD,선셋 레드,KR-2,central,44300
2026-01,VF2NCFBXTK0034532,NOV,2026,NOV-CO,1.6T 하이브리드,FWD,미드나잇 블랙,KR-2,southeast,40756
2026-01,VF2NSFCXTK0034533,NOV,2026,NOV-LO,1.6T 하이브리드,FWD,스틸 그레이,KR-2,central,50502
2026-01,VF2NSFAXTK0034534,NOV,2026,NOV-LO,3.5 가솔린,FWD,스노우 화이트,KR-2,west,50502
2026-01,VF2NSFDXTK0034535,NOV,2026,NOV-LO,1.6T 하이브리드,FWD,실버,KR-2,south,50502
2026-01,VF2NCABXTK0034536,NOV,2026,NOV-CO,1.6T 하이브리드,AWD,미드나잇 블랙,KR-2,northeast,40756
2026-01,VF2NCFFXTK0034537,NOV,2026,NOV-CO,3.5 가솔린,FWD,선셋 레드,KR-2,west,40756
2026-01,VF2NSFAXTK0034538,NOV,2026,NOV-LO,3.5 가솔린,FWD,스노우 화이트,KR-2,west,50502
2026-01,VF2NPFBXTK0034539,NOV,2026,NOV-PR,3.5 가솔린,FWD,미드나잇 블랙,KR-2,central,44300
2026-01,VF2NSAAXTK0034540,NOV,2026,NOV-LO,3.5 가솔린,AWD,스노우 화이트,KR-2,west,50502
2026-01,VF2NCADXTK0034541,NOV,2026,NOV-CO,1.6T 하이브리드,AWD,실버,KR-2,central,40756
2026-01,VF2NPACXTK0034542,NOV,2026,NOV-PR,1.6T 하이브리드,AWD,스틸 그레이,KR-2,central,44300
2026-01,VF2NPADXTK0034543,NOV,2026,NOV-PR,3.5 가솔린,AWD,실버,KR-2,west,44300
2026-01,VF2NCFAXTK0034544,NOV,2026,NOV-CO,1.6T 하이브리드,FWD,스노우 화이트,KR-2,central,40756
2026-01,VF2NSFBXTK0034545,NOV,2026,NOV-LO,1.6T 하이브리드,FWD,미드나잇 블랙,KR-2,west,50502
2026-01,VF2NCFEXTK0034546,NOV,2026,NOV-CO,1.6T 하이브리드,FWD,오션 블루,KR-2,south,40756
2026-01,VF2NSFAXTK0034547,NOV,2026,NOV-LO,1.6T 하이브리드,FWD,스노우 화이트,KR-2,south,50502
2026-01,VF2NPAAXTK0034548,NOV,2026,NOV-PR,3.5 가솔린,AWD,스노우 화이트,KR-2,northeast,44300
2026-01,VF2NCFCXTK0034549,NOV,2026,NOV-CO,1.6T 하이브리드,FWD,스틸 그레이,KR-2,south,40756
2026-01,VF2NCAAXTK0034550,NOV,2026,NOV-CO,1.6T 하이브리드,AWD,스노우 화이트,KR-2,west,40756
2026-01,VF2NCFAXTK0034551,NOV,2026,NOV-CO,1.6T 하이브리드,FWD,스노우 화이트,KR-2,west,40756
2026-01,VF2NCACXTK0034552,NOV,2026,NOV-CO,1.6T 하이브리드,AWD,스틸 그레이,KR-2,northeast,40756
2026-01,VF2NCFDXTK0034553,NOV,2026,NOV-CO,1.6T 하이브리드,FWD,실버,KR-2,west,40756
2026-01,VF2NPAGXTK0034554,NOV,2026,NOV-PR,1.6T 하이브리드,AWD,포레스트 그린,KR-2,west,44300
2026-01,VF2NPADXTK0034555,NOV,2026,NOV-PR,3.5 가솔린,AWD,실버,KR-2,southeast,44300
2026-01,VF2NPFGXTK0034556,NOV,2026,NOV-PR,3.5 가솔린,FWD,포레스트 그린,KR-2,west,44300
2026-01,VF2NCFEXTK0034557,NOV,2026,NOV-CO,3.5 가솔린,FWD,오션 블루,KR-2,central,40756
2026-01,VF2NPFFXTK0034558,NOV,2026,NOV-PR,1.6T 하이브리드,FWD,선셋 레드,KR-2,west,44300
2026-01,VF2NPFAXTK0034559,NOV,2026,NOV-PR,3.5 가솔린,FWD,스노우 화이트,KR-2,southeast,44300
2026-01,VF2NCFAXTK0034560,NOV,2026,NOV-CO,1.6T 하이브리드,FWD,스노우 화이트,KR-2,central,40756
2026-01,VF2NCFCXTK0034561,NOV,2026,NOV-CO,3.5 가솔린,FWD,스틸 그레이,KR-2,southeast,40756
2026-01,VF2NPFCXTK0034562,NOV,2026,NOV-PR,1.6T 하이브리드,FWD,스틸 그레이,KR-2,southeast,44300
2026-01,VF2NPFBXTK0034563,NOV,2026,NOV-PR,3.5 가솔린,FWD,미드나잇 블랙,KR-2,central,44300
2026-01,VF2NCFEXTK0034564,NOV,2026,NOV-CO,1.6T 하이브리드,FWD,오션 블루,KR-2,south,40756
2026-01,VF2NPFFXTK0034565,NOV,2026,NOV-PR,1.6T 하이브리드,FWD,선셋 레드,KR-2,southeast,44300
2026-01,VF2NCFAXTK0034566,NOV,2026,NOV-CO,1.6T 하이브리드,FWD,스노우 화이트,KR-2,northeast,40756
2026-01,VF2NPADXTK0034567,NOV,2026,NOV-PR,3.5 가솔린,AWD,실버,KR-2,northeast,44300
2026-01,VF2NCFFXTK0034568,NOV,2026,NOV-CO,1.6T 하이브리드,FWD,선셋 레드,KR-2,southeast,40756
2026-01,VF2NSADXTK0034569,NOV,2026,NOV-LO,1.6T 하이브리드,AWD,실버,KR-2,northeast,50502
2026-01,VF2NSFDXTK0034570,NOV,2026,NOV-LO,3.5 가솔린,FWD,실버,KR-2,south,50502
2026-01,VF2NSAEXTK0034571,NOV,2026,NOV-LO,3.5 가솔린,AWD,오션 블루,KR-2,central,50502
2026-01,VF2NPFBXTK0034572,NOV,2026,NOV-PR,3.5 가솔린,FWD,미드나잇 블랙,KR-2,central,44300
2026-01,VF2NSFBXTK0034573,NOV,2026,NOV-LO,1.6T 하이브리드,FWD,미드나잇 블랙,KR-2,south,50502
2026-01,VF2NPFAXTK0034574,NOV,2026,NOV-PR,3.5 가솔린,FWD,스노우 화이트,KR-2,northeast,44300
2026-01,VF2NPFAXTK0034575,NOV,2026,NOV-PR,1.6T 하이브리드,FWD,스노우 화이트,KR-2,west,44300
2026-01,VF2NPFDXTK0034576,NOV,2026,NOV-PR,1.6T 하이브리드,FWD,실버,KR-2,southeast,44300
2026-01,VF2NSFAXTK0034577,NOV,2026,NOV-LO,1.6T 하이브리드,FWD,스노우 화이트,KR-2,west,50502
2026-01,VF2NCFBXTK0034578,NOV,2026,NOV-CO,3.5 가솔린,FWD,미드나잇 블랙,KR-2,west,40756
2026-01,VF2NCACXTK0034579,NOV,2026,NOV-CO,1.6T 하이브리드,AWD,스틸 그레이,KR-2,northeast,40756
2026-01,VF2NCFDXTK0034580,NOV,2026,NOV-CO,3.5 가솔린,FWD,실버,KR-2,southeast,40756
2026-01,VF2NPAGXTK0034581,NOV,2026,NOV-PR,1.6T 하이브리드,AWD,포레스트 그린,KR-2,southeast,44300
2026-01,VF2NCFDXTK0034582,NOV,2026,NOV-CO,1.6T 하이브리드,FWD,실버,KR-2,central,40756
2026-01,VF2NPFAXTK0034583,NOV,2026,NOV-PR,1.6T 하이브리드,FWD,스노우 화이트,KR-2,west,44300
2026-01,VF2NCFAXTK0034584,NOV,2026,NOV-CO,3.5 가솔린,FWD,스노우 화이트,KR-2,central,40756
2026-01,VF2NSFEXTK0034585,NOV,2026,NOV-LO,3.5 가솔린,FWD,오션 블루,KR-2,south,50502
2026-01,VF2NPFFXTK0034586,NOV,2026,NOV-PR,3.5 가솔린,FWD,선셋 레드,KR-2,central,44300
2026-01,VF2NCFGXTK0034587,NOV,2026,NOV-CO,3.5 가솔린,FWD,포레스트 그린,KR-2,central,40756
2026-01,VF2NCABXTK0034588,NOV,2026,NOV-CO,1.6T 하이브리드,AWD,미드나잇 블랙,KR-2,central,40756
2026-01,VF2NPFAXTK0034589,NOV,2026,NOV-PR,3.5 가솔린,FWD,스노우 화이트,KR-2,west,44300
2026-01,VF2NCAGXTK0034590,NOV,2026,NOV-CO,3.5 가솔린,AWD,포레스트 그린,KR-2,southeast,40756
2026-01,VF2NCAEXTK0034591,NOV,2026,NOV-CO,3.5 가솔린,AWD,오션 블루,KR-2,southeast,40756
2026-01,VF2NPFAXTK0034592,NOV,2026,NOV-PR,1.6T 하이브리드,FWD,스노우 화이트,KR-2,central,44300
2026-01,VF2NPACXTK0034593,NOV,2026,NOV-PR,3.5 가솔린,AWD,스틸 그레이,KR-2,central,44300
2026-01,VF2NCFCXTK0034594,NOV,2026,NOV-CO,3.5 가솔린,FWD,스틸 그레이,KR-2,southeast,40756
2026-01,VF2NPAHXTK0034595,NOV,2026,NOV-PR,3.5 가솔린,AWD,샌드 베이지,KR-2,central,44300
2026-01,VF2NPFBXTK0034596,NOV,2026,NOV-PR,1.6T 하이브리드,FWD,미드나잇 블랙,KR-2,northeast,44300
2026-01,VF2NCAAXTK0034597,NOV,2026,NOV-CO,1.6T 하이브리드,AWD,스노우 화이트,KR-2,south,40756
2026-01,VF2NSFDXTK0034598,NOV,2026,NOV-LO,3.5 가솔린,FWD,실버,KR-2,west,50502
2026-01,VF2NCFCXTK0034599,NOV,2026,NOV-CO,1.6T 하이브리드,FWD,스틸 그레이,KR-2,central,40756
2026-01,VF2NSFBXTK0034600,NOV,2026,NOV-LO,1.6T 하이브리드,FWD,미드나잇 블랙,KR-2,south,50502
2026-01,VF2NPFAXTK0034601,NOV,2026,NOV-PR,3.5 가솔린,FWD,스노우 화이트,KR-2,southeast,44300
2026-01,VF2NCFDXTK0034602,NOV,2026,NOV-CO,1.6T 하이브리드,FWD,실버,KR-2,central,40756
2026-01,VF2NCFDXTK0034603,NOV,2026,NOV-CO,3.5 가솔린,FWD,실버,KR-2,south,40756
2026-01,VF2NCFDXTK0034604,NOV,2026,NOV-CO,3.5 가솔린,FWD,실버,KR-2,south,40756
2026-01,VF2NCFBXTK0034605,NOV,2026,NOV-CO,1.6T 하이브리드,FWD,미드나잇 블랙,KR-2,central,40756
2026-01,VF2NSFCXTK0034606,NOV,2026,NOV-LO,1.6T 하이브리드,FWD,스틸 그레이,KR-2,west,50502
2026-01,VF2NCFCXTK0034607,NOV,2026,NOV-CO,3.5 가솔린,FWD,스틸 그레이,KR-2,central,40756
2026-01,VF2NSFAXTK0034608,NOV,2026,NOV-LO,3.5 가솔린,FWD,스노우 화이트,KR-2,south,50502
2026-01,VF2NSFDXTK0034609,NOV,2026,NOV-LO,1.6T 하이브리드,FWD,실버,KR-2,central,50502
2026-01,VF2NCAGXTK0034610,NOV,2026,NOV-CO,3.5 가솔린,AWD,포레스트 그린,KR-2,central,40756
2026-01,VF2NCFAXTK0034611,NOV,2026,NOV-CO,3.5 가솔린,FWD,스노우 화이트,KR-2,central,40756
2026-01,VF2NCFDXTK0034612,NOV,2026,NOV-CO,1.6T 하이브리드,FWD,실버,KR-2,southeast,40756
2026-01,VF2NPFCXTK0034613,NOV,2026,NOV-PR,1.6T 하이브리드,FWD,스틸 그레이,KR-2,northeast,44300
2026-01,VF2NPFCXTK0034614,NOV,2026,NOV-PR,1.6T 하이브리드,FWD,스틸 그레이,KR-2,northeast,44300
2026-01,VF2NSADXTK0034615,NOV,2026,NOV-LO,1.6T 하이브리드,AWD,실버,KR-2,west,50502
2026-01,VF2NSAEXTK0034616,NOV,2026,NOV-LO,1.6T 하이브리드,AWD,오션 블루,KR-2,central,50502
2026-01,VF2NPFGXTK0034617,NOV,2026,NOV-PR,1.6T 하이브리드,FWD,포레스트 그린,KR-2,south,44300
2026-01,VF2NPACXTK0034618,NOV,2026,NOV-PR,1.6T 하이브리드,AWD,스틸 그레이,KR-2,west,44300
2026-01,VF2NPFBXTK0034619,NOV,2026,NOV-PR,3.5 가솔린,FWD,미드나잇 블랙,KR-2,central,44300
2026-01,VF2NCFAXTK0034620,NOV,2026,NOV-CO,1.6T 하이브리드,FWD,스노우 화이트,KR-2,west,40756
2026-01,VF2NCFCXTK0034621,NOV,2026,NOV-CO,3.5 가솔린,FWD,스틸 그레이,KR-2,southeast,40756
2026-01,VF2NPACXTK0034622,NOV,2026,NOV-PR,3.5 가솔린,AWD,스틸 그레이,KR-2,central,44300
2026-01,VF2NPFHXTK0034623,NOV,2026,NOV-PR,1.6T 하이브리드,FWD,샌드 베이지,KR-2,south,44300
2026-01,VF2NCFCXTK0034624,NOV,2026,NOV-CO,3.5 가솔린,FWD,스틸 그레이,KR-2,central,40756
2026-01,VF2NPAAXTK0034625,NOV,2026,NOV-PR,3.5 가솔린,AWD,스노우 화이트,KR-2,northeast,44300
2026-01,VF2NPAEXTK0034626,NOV,2026,NOV-PR,1.6T 하이브리드,AWD,오션 블루,KR-2,west,44300
2026-01,VF2NCABXTK0034627,NOV,2026,NOV-CO,1.6T 하이브리드,AWD,미드나잇 블랙,KR-2,west,40756
2026-01,VF2NCFBXTK0034628,NOV,2026,NOV-CO,3.5 가솔린,FWD,미드나잇 블랙,KR-2,west,40756
2026-01,VF2NPAHXTK0034629,NOV,2026,NOV-PR,3.5 가솔린,AWD,샌드 베이지,KR-2,central,44300
2026-01,VF2NPFBXTK0034630,NOV,2026,NOV-PR,1.6T 하이브리드,FWD,미드나잇 블랙,KR-2,central,44300
2026-01,VF2NPFEXTK0034631,NOV,2026,NOV-PR,3.5 가솔린,FWD,오션 블루,KR-2,central,44300
2026-01,VF2NSFEXTK0034632,NOV,2026,NOV-LO,1.6T 하이브리드,FWD,오션 블루,KR-2,central,50502
2026-01,VF2NPFAXTK0034633,NOV,2026,NOV-PR,3.5 가솔린,FWD,스노우 화이트,KR-2,southeast,44300
2026-01,VF2NPFAXTK0034634,NOV,2026,NOV-PR,3.5 가솔린,FWD,스노우 화이트,KR-2,southeast,44300
2026-01,VF2NPAAXTK0034635,NOV,2026,NOV-PR,1.6T 하이브리드,AWD,스노우 화이트,KR-2,northeast,44300
2026-01,VF2NCFCXTK0034636,NOV,2026,NOV-CO,1.6T 하이브리드,FWD,스틸 그레이,KR-2,west,40756
2026-01,VF2NPFFXTK0034637,NOV,2026,NOV-PR,1.6T 하이브리드,FWD,선셋 레드,KR-2,west,44300
2026-01,VF2NSAAXTK0034638,NOV,2026,NOV-LO,1.6T 하이브리드,AWD,스노우 화이트,KR-2,northeast,50502
2026-01,VF2NSFBXTK0034639,NOV,2026,NOV-LO,1.6T 하이브리드,FWD,미드나잇 블랙,KR-2,west,50502
2026-01,VF2NCFCXTK0034640,NOV,2026,NOV-CO,1.6T 하이브리드,FWD,스틸 그레이,KR-2,northeast,40756
2026-01,VF2NPADXTK0034641,NOV,2026,NOV-PR,3.5 가솔린,AWD,실버,KR-2,northeast,44300
2026-01,VF2NPABXTK0034642,NOV,2026,NOV-PR,1.6T 하이브리드,AWD,미드나잇 블랙,KR-2,central,44300
2026-01,VF2NPAHXTK0034643,NOV,2026,NOV-PR,1.6T 하이브리드,AWD,샌드 베이지,KR-2,west,44300
2026-01,VF2NCAEXTK0034644,NOV,2026,NOV-CO,1.6T 하이브리드,AWD,오션 블루,KR-2,west,40756
2026-01,VF2NPACXTK0034645,NOV,2026,NOV-PR,3.5 가솔린,AWD,스틸 그레이,KR-2,south,44300
2026-01,VF2NPFDXTK0034646,NOV,2026,NOV-PR,3.5 가솔린,FWD,실버,KR-2,central,44300
2026-01,VF2NSAGXTK0034647,NOV,2026,NOV-LO,3.5 가솔린,AWD,포레스트 그린,KR-2,west,50502
2026-01,VF2NCFBXTK0034648,NOV,2026,NOV-CO,1.6T 하이브리드,FWD,미드나잇 블랙,KR-2,southeast,40756
2026-01,VF2NPAAXTK0034649,NOV,2026,NOV-PR,3.5 가솔린,AWD,스노우 화이트,KR-2,west,44300
2026-01,VF2NSABXTK0034650,NOV,2026,NOV-LO,1.6T 하이브리드,AWD,미드나잇 블랙,KR-2,west,50502
2026-01,VF2NSACXTK0034651,NOV,2026,NOV-LO,3.5 가솔린,AWD,스틸 그레이,KR-2,west,50502
2026-01,VF2NSFDXTK0034652,NOV,2026,NOV-LO,3.5 가솔린,FWD,실버,KR-2,central,50502
2026-01,VF2NCFDXTK0034653,NOV,2026,NOV-CO,1.6T 하이브리드,FWD,실버,KR-2,west,40756
2026-01,VF2NPFDXTK0034654,NOV,2026,NOV-PR,1.6T 하이브리드,FWD,실버,KR-2,central,44300
2026-01,VF2NCFDXTK0034655,NOV,2026,NOV-CO,3.5 가솔린,FWD,실버,KR-2,west,40756
2026-01,VF2NCAEXTK0034656,NOV,2026,NOV-CO,1.6T 하이브리드,AWD,오션 블루,KR-2,west,40756
2026-01,VF2NCFEXTK0034657,NOV,2026,NOV-CO,1.6T 하이브리드,FWD,오션 블루,KR-2,southeast,40756
2026-01,VF2NPFAXTK0034658,NOV,2026,NOV-PR,3.5 가솔린,FWD,스노우 화이트,KR-2,southeast,44300
2026-01,VF2NPABXTK0034659,NOV,2026,NOV-PR,1.6T 하이브리드,AWD,미드나잇 블랙,KR-2,west,44300
2026-01,VF2NCFAXTK0034660,NOV,2026,NOV-CO,3.5 가솔린,FWD,스노우 화이트,KR-2,west,40756
2026-01,VF2NCFAXTK0034661,NOV,2026,NOV-CO,1.6T 하이브리드,FWD,스노우 화이트,KR-2,west,40756
2026-01,VF2NSFAXTK0034662,NOV,2026,NOV-LO,3.5 가솔린,FWD,스노우 화이트,KR-2,south,50502
2026-01,VF2NSFAXTK0034663,NOV,2026,NOV-LO,1.6T 하이브리드,FWD,스노우 화이트,KR-2,west,50502
2026-01,VF2NPFDXTK0034664,NOV,2026,NOV-PR,1.6T 하이브리드,FWD,실버,KR-2,west,44300
2026-01,VF2NCFFXTK0034665,NOV,2026,NOV-CO,3.5 가솔린,FWD,선셋 레드,KR-2,west,40756
2026-01,VF2NSAFXTK0034666,NOV,2026,NOV-LO,3.5 가솔린,AWD,선셋 레드,KR-2,south,50502
2026-01,VF2NCFAXTK0034667,NOV,2026,NOV-CO,3.5 가솔린,FWD,스노우 화이트,KR-2,northeast,40756
2026-01,VF2NSFAXTK0034668,NOV,2026,NOV-LO,3.5 가솔린,FWD,스노우 화이트,KR-2,northeast,50502
2026-01,VF2NSAAXTK0034669,NOV,2026,NOV-LO,1.6T 하이브리드,AWD,스노우 화이트,KR-2,west,50502
2026-01,VF2NSFAXTK0034670,NOV,2026,NOV-LO,1.6T 하이브리드,FWD,스노우 화이트,KR-2,southeast,50502
2026-01,VF2NCAEXTK0034671,NOV,2026,NOV-CO,3.5 가솔린,AWD,오션 블루,KR-2,west,40756
2026-01,VF2NPAAXTK0034672,NOV,2026,NOV-PR,1.6T 하이브리드,AWD,스노우 화이트,KR-2,northeast,44300
2026-01,VF2NPABXTK0034673,NOV,2026,NOV-PR,1.6T 하이브리드,AWD,미드나잇 블랙,KR-2,west,44300
2026-01,VF2NCABXTK0034674,NOV,2026,NOV-CO,1.6T 하이브리드,AWD,미드나잇 블랙,KR-2,southeast,40756
2026-01,VF2NSAGXTK0034675,NOV,2026,NOV-LO,3.5 가솔린,AWD,포레스트 그린,KR-2,northeast,50502
2026-01,VF2NCFCXTK0034676,NOV,2026,NOV-CO,3.5 가솔린,FWD,스틸 그레이,KR-2,south,40756
2026-01,VF2NCFEXTK0034677,NOV,2026,NOV-CO,3.5 가솔린,FWD,오션 블루,KR-2,south,40756
2026-01,VF2NSFDXTK0034678,NOV,2026,NOV-LO,3.5 가솔린,FWD,실버,KR-2,south,50502
2026-01,VF2NSFDXTK0034679,NOV,2026,NOV-LO,3.5 가솔린,FWD,실버,KR-2,southeast,50502
2026-01,VF2NPFAXTK0034680,NOV,2026,NOV-PR,3.5 가솔린,FWD,스노우 화이트,KR-2,southeast,44300
2026-01,VF2NCFCXTK0034681,NOV,2026,NOV-CO,3.5 가솔린,FWD,스틸 그레이,KR-2,south,40756
2026-01,VF2NCFAXTK0034682,NOV,2026,NOV-CO,1.6T 하이브리드,FWD,스노우 화이트,KR-2,southeast,40756
2026-01,VF2NPFBXTK0034683,NOV,2026,NOV-PR,3.5 가솔린,FWD,미드나잇 블랙,KR-2,south,44300
2026-01,VF2NPFFXTK0034684,NOV,2026,NOV-PR,3.5 가솔린,FWD,선셋 레드,KR-2,south,44300
2026-01,VF2NSAFXTK0034685,NOV,2026,NOV-LO,1.6T 하이브리드,AWD,선셋 레드,KR-2,southeast,50502
2026-01,VF2NSFDXTK0034686,NOV,2026,NOV-LO,3.5 가솔린,FWD,실버,KR-2,central,50502
2026-01,VF2NCFHXTK0034687,NOV,2026,NOV-CO,1.6T 하이브리드,FWD,샌드 베이지,KR-2,south,40756
2026-01,VF2NPFDXTK0034688,NOV,2026,NOV-PR,3.5 가솔린,FWD,실버,KR-2,southeast,44300
2026-01,VF2NCABXTK0034689,NOV,2026,NOV-CO,3.5 가솔린,AWD,미드나잇 블랙,KR-2,central,40756
2026-01,VF2NCFBXTK0034690,NOV,2026,NOV-CO,3.5 가솔린,FWD,미드나잇 블랙,KR-2,south,40756
2026-01,VF2NCAGXTK0034691,NOV,2026,NOV-CO,3.5 가솔린,AWD,포레스트 그린,KR-2,south,40756
2026-01,VF2NPFFXTK0034692,NOV,2026,NOV-PR,1.6T 하이브리드,FWD,선셋 레드,KR-2,southeast,44300
2026-01,VF2NSACXTK0034693,NOV,2026,NOV-LO,3.5 가솔린,AWD,스틸 그레이,KR-2,northeast,50502
2026-01,VF2NCFCXTK0034694,NOV,2026,NOV-CO,1.6T 하이브리드,FWD,스틸 그레이,KR-2,south,40756
2026-01,VF2NSFAXTK0034695,NOV,2026,NOV-LO,3.5 가솔린,FWD,스노우 화이트,KR-2,southeast,50502
2026-01,VF2NPFCXTK0034696,NOV,2026,NOV-PR,1.6T 하이브리드,FWD,스틸 그레이,KR-2,southeast,44300
2026-01,VF2NCFDXTK0034697,NOV,2026,NOV-CO,3.5 가솔린,FWD,실버,KR-2,southeast,40756
2026-01,VF2NPACXTK0034698,NOV,2026,NOV-PR,3.5 가솔린,AWD,스틸 그레이,KR-2,central,44300
2026-01,VF2NPAEXTK0034699,NOV,2026,NOV-PR,3.5 가솔린,AWD,오션 블루,KR-2,northeast,44300
2026-01,VF2NCFEXTK0034700,NOV,2026,NOV-CO,3.5 가솔린,FWD,오션 블루,KR-2,west,40756
2026-01,VF2NPFDXTK0034701,NOV,2026,NOV-PR,1.6T 하이브리드,FWD,실버,KR-2,west,44300
2026-01,VF2NSFDXTK0034702,NOV,2026,NOV-LO,3.5 가솔린,FWD,실버,KR-2,west,50502
2026-01,VF2NSFDXTK0034703,NOV,2026,NOV-LO,3.5 가솔린,FWD,실버,KR-2,northeast,50502
2026-01,VF2NPFCXTK0034704,NOV,2026,NOV-PR,1.6T 하이브리드,FWD,스틸 그레이,KR-2,northeast,44300
2026-01,VF2NCFBXTK0034705,NOV,2026,NOV-CO,3.5 가솔린,FWD,미드나잇 블랙,KR-2,southeast,40756
2026-01,VF2NPFBXTK0034706,NOV,2026,NOV-PR,3.5 가솔린,FWD,미드나잇 블랙,KR-2,south,44300
2026-01,VF2NCFEXTK0034707,NOV,2026,NOV-CO,1.6T 하이브리드,FWD,오션 블루,KR-2,south,40756
2026-01,VF2NPFBXTK0034708,NOV,2026,NOV-PR,1.6T 하이브리드,FWD,미드나잇 블랙,KR-2,northeast,44300
2026-01,VF1LPABXTK0034709,LUM,2026,LUM-RA,롱레인지,AWD,미드나잇 블랙,KR-1,west,42700
2026-01,VF1LPFGXTK0034710,LUM,2026,LUM-RA,롱레인지,FWD,포레스트 그린,KR-1,west,42700
2026-01,VF1LSACXTK0034711,LUM,2026,LUM-SP,롱레인지,AWD,스틸 그레이,KR-1,west,48678
2026-01,VF1LCFAXTK0034712,LUM,2026,LUM-AI,스탠다드 레인지,FWD,스노우 화이트,KR-1,south,39284
2026-01,VF1LSAAXTK0034713,LUM,2026,LUM-SP,롱레인지,AWD,스노우 화이트,KR-1,west,48678
2026-01,VF1LCADXTK0034714,LUM,2026,LUM-AI,스탠다드 레인지,AWD,실버,KR-1,south,39284
2026-01,VF1LSAAXTK0034715,LUM,2026,LUM-SP,롱레인지,AWD,스노우 화이트,KR-1,northeast,48678
2026-01,VF1LPAHXTK0034716,LUM,2026,LUM-RA,스탠다드 레인지,AWD,샌드 베이지,KR-1,west,42700
2026-01,VF1LCFAXTK0034717,LUM,2026,LUM-AI,롱레인지,FWD,스노우 화이트,KR-1,south,39284
2026-01,VF1LPAAXTK0034718,LUM,2026,LUM-RA,롱레인지,AWD,스노우 화이트,KR-1,west,42700
2026-01,VF1LCAHXTK0034719,LUM,2026,LUM-AI,스탠다드 레인지,AWD,샌드 베이지,KR-1,south,39284
2026-01,VF1LCACXTK0034720,LUM,2026,LUM-AI,스탠다드 레인지,AWD,스틸 그레이,KR-1,northeast,39284
2026-01,VF1LPFDXTK0034721,LUM,2026,LUM-RA,롱레인지,FWD,실버,KR-1,west,42700
2026-01,VF1LSFBXTK0034722,LUM,2026,LUM-SP,스탠다드 레인지,FWD,미드나잇 블랙,KR-1,west,48678
2026-01,VF1LSFBXTK0034723,LUM,2026,LUM-SP,롱레인지,FWD,미드나잇 블랙,KR-1,northeast,48678
2026-01,VF1LPFAXTK0034724,LUM,2026,LUM-RA,롱레인지,FWD,스노우 화이트,KR-1,southeast,42700
2026-01,VF1LPFAXTK0034725,LUM,2026,LUM-RA,롱레인지,FWD,스노우 화이트,KR-1,central,42700
2026-01,VF1LPFHXTK0034726,LUM,2026,LUM-RA,롱레인지,FWD,샌드 베이지,KR-1,southeast,42700
2026-01,VF1LSFEXTK0034727,LUM,2026,LUM-SP,롱레인지,FWD,오션 블루,KR-1,southeast,48678
2026-01,VF1LSFCXTK0034728,LUM,2026,LUM-SP,롱레인지,FWD,스틸 그레이,KR-1,central,48678
2026-01,VF1LCACXTK0034729,LUM,2026,LUM-AI,롱레인지,AWD,스틸 그레이,KR-1,south,39284
2026-01,VF1LCADXTK0034730,LUM,2026,LUM-AI,롱레인지,AWD,실버,KR-1,west,39284
2026-01,VF1LCFBXTK0034731,LUM,2026,LUM-AI,롱레인지,FWD,미드나잇 블랙,KR-1,west,39284
2026-01,VF1LPFEXTK0034732,LUM,2026,LUM-RA,스탠다드 레인지,FWD,오션 블루,KR-1,west,42700
2026-01,VF1LPAFXTK0034733,LUM,2026,LUM-RA,롱레인지,AWD,선셋 레드,KR-1,west,42700
2026-01,VF1LCADXTK0034734,LUM,2026,LUM-AI,롱레인지,AWD,실버,KR-1,southeast,39284
2026-01,VF1LSAEXTK0034735,LUM,2026,LUM-SP,롱레인지,AWD,오션 블루,KR-1,southeast,48678
2026-01,VF1LCFCXTK0034736,LUM,2026,LUM-AI,스탠다드 레인지,FWD,스틸 그레이,KR-1,central,39284
2026-01,VF1LCAGXTK0034737,LUM,2026,LUM-AI,스탠다드 레인지,AWD,포레스트 그린,KR-1,central,39284
2026-01,VF1LPFHXTK0034738,LUM,2026,LUM-RA,스탠다드 레인지,FWD,샌드 베이지,KR-1,northeast,42700
2026-01,VF1LPFDXTK0034739,LUM,2026,LUM-RA,롱레인지,FWD,실버,KR-1,south,42700
2026-01,VF1LCFBXTK0034740,LUM,2026,LUM-AI,스탠다드 레인지,FWD,미드나잇 블랙,KR-1,northeast,39284
2026-01,VF1LCAEXTK0034741,LUM,2026,LUM-AI,롱레인지,AWD,오션 블루,KR-1,central,39284
2026-01,VF1LSFGXTK0034742,LUM,2026,LUM-SP,롱레인지,FWD,포레스트 그린,KR-1,west,48678
2026-01,VF1LCFEXTK0034743,LUM,2026,LUM-AI,롱레인지,FWD,오션 블루,KR-1,south,39284
2026-01,VF1LCAFXTK0034744,LUM,2026,LUM-AI,롱레인지,AWD,선셋 레드,KR-1,south,39284
2026-01,VF1LSABXTK0034745,LUM,2026,LUM-SP,스탠다드 레인지,AWD,미드나잇 블랙,KR-1,west,48678
2026-01,VF1LSFAXTK0034746,LUM,2026,LUM-SP,롱레인지,FWD,스노우 화이트,KR-1,south,48678
2026-01,VF1LSABXTK0034747,LUM,2026,LUM-SP,롱레인지,AWD,미드나잇 블랙,KR-1,west,48678
2026-01,VF1LPABXTK0034748,LUM,2026,LUM-RA,롱레인지,AWD,미드나잇 블랙,KR-1,west,42700
2026-01,VF1LSFAXTK0034749,LUM,2026,LUM-SP,롱레인지,FWD,스노우 화이트,KR-1,southeast,48678
2026-01,VF1LCFBXTK0034750,LUM,2026,LUM-AI,스탠다드 레인지,FWD,미드나잇 블랙,KR-1,south,39284
2026-01,VF1LSFDXTK0034751,LUM,2026,LUM-SP,롱레인지,FWD,실버,KR-1,west,48678
2026-01,VF1LCFBXTK0034752,LUM,2026,LUM-AI,스탠다드 레인지,FWD,미드나잇 블랙,KR-1,west,39284
2026-01,VF1LPFBXTK0034753,LUM,2026,LUM-RA,롱레인지,FWD,미드나잇 블랙,KR-1,northeast,42700
2026-01,VF1LCABXTK0034754,LUM,2026,LUM-AI,롱레인지,AWD,미드나잇 블랙,KR-1,southeast,39284
2026-01,VF1LSFEXTK0034755,LUM,2026,LUM-SP,스탠다드 레인지,FWD,오션 블루,KR-1,west,48678
2026-01,VF1LCFBXTK0034756,LUM,2026,LUM-AI,스탠다드 레인지,FWD,미드나잇 블랙,KR-1,west,39284
2026-01,VF1LSAEXTK0034757,LUM,2026,LUM-SP,스탠다드 레인지,AWD,오션 블루,KR-1,central,48678
2026-01,VF1LPACXTK0034758,LUM,2026,LUM-RA,롱레인지,AWD,스틸 그레이,KR-1,northeast,42700
2026-01,VF1LPFAXTK0034759,LUM,2026,LUM-RA,롱레인지,FWD,스노우 화이트,KR-1,central,42700
2026-01,VF1LCFDXTK0034760,LUM,2026,LUM-AI,스탠다드 레인지,FWD,실버,KR-1,southeast,39284
2026-01,VF1LSADXTK0034761,LUM,2026,LUM-SP,롱레인지,AWD,실버,KR-1,northeast,48678
2026-01,VF1LSFDXTK0034762,LUM,2026,LUM-SP,롱레인지,FWD,실버,KR-1,west,48678
2026-01,VF1LSFAXTK0034763,LUM,2026,LUM-SP,스탠다드 레인지,FWD,스노우 화이트,KR-1,south,48678
2026-01,VF1LSAAXTK0034764,LUM,2026,LUM-SP,스탠다드 레인지,AWD,스노우 화이트,KR-1,west,48678
2026-01,VF1LPACXTK0034765,LUM,2026,LUM-RA,스탠다드 레인지,AWD,스틸 그레이,KR-1,south,42700
2026-01,VF1LCACXTK0034766,LUM,2026,LUM-AI,스탠다드 레인지,AWD,스틸 그레이,KR-1,west,39284
2026-01,VF1LSADXTK0034767,LUM,2026,LUM-SP,스탠다드 레인지,AWD,실버,KR-1,central,48678
2026-01,VF1LPFDXTK0034768,LUM,2026,LUM-RA,롱레인지,FWD,실버,KR-1,southeast,42700
2026-01,VF1LPFBXTK0034769,LUM,2026,LUM-RA,롱레인지,FWD,미드나잇 블랙,KR-1,southeast,42700
2026-01,VF1LPAEXTK0034770,LUM,2026,LUM-RA,스탠다드 레인지,AWD,오션 블루,KR-1,southeast,42700
2026-01,VF1LSFHXTK0034771,LUM,2026,LUM-SP,롱레인지,FWD,샌드 베이지,KR-1,south,48678
2026-01,VF1LCFDXTK0034772,LUM,2026,LUM-AI,롱레인지,FWD,실버,KR-1,south,39284
2026-01,VF1LCABXTK0034773,LUM,2026,LUM-AI,롱레인지,AWD,미드나잇 블랙,KR-1,west,39284
2026-01,VF1LPFAXTK0034774,LUM,2026,LUM-RA,롱레인지,FWD,스노우 화이트,KR-1,west,42700
2026-01,VF1LCAGXTK0034775,LUM,2026,LUM-AI,롱레인지,AWD,포레스트 그린,KR-1,west,39284
2026-01,VF1LCFHXTK0034776,LUM,2026,LUM-AI,롱레인지,FWD,샌드 베이지,KR-1,west,39284
2026-01,VF1LCFDXTK0034777,LUM,2026,LUM-AI,롱레인지,FWD,실버,KR-1,west,39284
2026-01,VF1LSAEXTK0034778,LUM,2026,LUM-SP,스탠다드 레인지,AWD,오션 블루,KR-1,central,48678
2026-01,VF1LSAAXTK0034779,LUM,2026,LUM-SP,롱레인지,AWD,스노우 화이트,KR-1,central,48678
2026-01,VF1LCFFXTK0034780,LUM,2026,LUM-AI,롱레인지,FWD,선셋 레드,KR-1,northeast,39284
2026-01,VF1LCABXTK0034781,LUM,2026,LUM-AI,스탠다드 레인지,AWD,미드나잇 블랙,KR-1,west,39284
2026-01,VF1LPFCXTK0034782,LUM,2026,LUM-RA,롱레인지,FWD,스틸 그레이,KR-1,south,42700
2026-01,VF1LPADXTK0034783,LUM,2026,LUM-RA,롱레인지,AWD,실버,KR-1,west,42700
2026-01,VF1LCFGXTK0034784,LUM,2026,LUM-AI,스탠다드 레인지,FWD,포레스트 그린,KR-1,south,39284
2026-01,VF1LCADXTK0034785,LUM,2026,LUM-AI,롱레인지,AWD,실버,KR-1,southeast,39284
2026-01,VF1LPAAXTK0034786,LUM,2026,LUM-RA,스탠다드 레인지,AWD,스노우 화이트,KR-1,southeast,42700
2026-01,VF1LSFBXTK0034787,LUM,2026,LUM-SP,스탠다드 레인지,FWD,미드나잇 블랙,KR-1,northeast,48678
2026-01,VF1LSFHXTK0034788,LUM,2026,LUM-SP,스탠다드 레인지,FWD,샌드 베이지,KR-1,south,48678
2026-01,VF1LCACXTK0034789,LUM,2026,LUM-AI,롱레인지,AWD,스틸 그레이,KR-1,southeast,39284
2026-01,VF1LSAAXTK0034790,LUM,2026,LUM-SP,롱레인지,AWD,스노우 화이트,KR-1,west,48678
2026-01,VF1LPACXTK0034791,LUM,2026,LUM-RA,롱레인지,AWD,스틸 그레이,KR-1,central,42700
2026-01,VF1LPFAXTK0034792,LUM,2026,LUM-RA,롱레인지,FWD,스노우 화이트,KR-1,west,42700
2026-01,VF1LSFAXTK0034793,LUM,2026,LUM-SP,롱레인지,FWD,스노우 화이트,KR-1,south,48678
2026-01,VF1LPACXTK0034794,LUM,2026,LUM-RA,롱레인지,AWD,스틸 그레이,KR-1,south,42700
2026-01,VF1LPABXTK0034795,LUM,2026,LUM-RA,스탠다드 레인지,AWD,미드나잇 블랙,KR-1,south,42700
2026-01,VF1LPAAXTK0034796,LUM,2026,LUM-RA,롱레인지,AWD,스노우 화이트,KR-1,south,42700
2026-01,VF1LSAFXTK0034797,LUM,2026,LUM-SP,롱레인지,AWD,선셋 레드,KR-1,northeast,48678
2026-01,VF1LSFGXTK0034798,LUM,2026,LUM-SP,롱레인지,FWD,포레스트 그린,KR-1,south,48678
2026-01,VF1LSAFXTK0034799,LUM,2026,LUM-SP,스탠다드 레인지,AWD,선셋 레드,KR-1,northeast,48678
2026-01,VF1LCAAXTK0034800,LUM,2026,LUM-AI,스탠다드 레인지,AWD,스노우 화이트,KR-1,southeast,39284
2026-01,VF1LPAEXTK0034801,LUM,2026,LUM-RA,롱레인지,AWD,오션 블루,KR-1,northeast,42700
2026-01,VF1LCABXTK0034802,LUM,2026,LUM-AI,스탠다드 레인지,AWD,미드나잇 블랙,KR-1,northeast,39284
2026-01,VF1LCABXTK0034803,LUM,2026,LUM-AI,롱레인지,AWD,미드나잇 블랙,KR-1,central,39284
2026-01,VF1LPFAXTK0034804,LUM,2026,LUM-RA,롱레인지,FWD,스노우 화이트,KR-1,southeast,42700
2026-01,VF1LPACXTK0034805,LUM,2026,LUM-RA,롱레인지,AWD,스틸 그레이,KR-1,central,42700
2026-01,VF1LPFBXTK0034806,LUM,2026,LUM-RA,스탠다드 레인지,FWD,미드나잇 블랙,KR-1,south,42700
2026-01,VF1LSABXTK0034807,LUM,2026,LUM-SP,스탠다드 레인지,AWD,미드나잇 블랙,KR-1,west,48678
2026-01,VF1LPABXTK0034808,LUM,2026,LUM-RA,스탠다드 레인지,AWD,미드나잇 블랙,KR-1,west,42700
2026-01,VF1LPFAXTK0034809,LUM,2026,LUM-RA,스탠다드 레인지,FWD,스노우 화이트,KR-1,southeast,42700
2026-01,VF1LSFAXTK0034810,LUM,2026,LUM-SP,스탠다드 레인지,FWD,스노우 화이트,KR-1,south,48678
2026-01,VF1LCFBXTK0034811,LUM,2026,LUM-AI,롱레인지,FWD,미드나잇 블랙,KR-1,northeast,39284
2026-01,VF1LSFDXTK0034812,LUM,2026,LUM-SP,롱레인지,FWD,실버,KR-1,central,48678
2026-01,VF1LSAAXTK0034813,LUM,2026,LUM-SP,스탠다드 레인지,AWD,스노우 화이트,KR-1,northeast,48678
2026-01,VF1LCFDXTK0034814,LUM,2026,LUM-AI,롱레인지,FWD,실버,KR-1,west,39284
2026-01,VF1LPAAXTK0034815,LUM,2026,LUM-RA,롱레인지,AWD,스노우 화이트,KR-1,northeast,42700
2026-01,VF1LPFHXTK0034816,LUM,2026,LUM-RA,롱레인지,FWD,샌드 베이지,KR-1,south,42700
2026-01,VF1LPFBXTK0034817,LUM,2026,LUM-RA,롱레인지,FWD,미드나잇 블랙,KR-1,west,42700
2026-01,VF1LPABXTK0034818,LUM,2026,LUM-RA,롱레인지,AWD,미드나잇 블랙,KR-1,west,42700
2026-01,VF1LSADXTK0034819,LUM,2026,LUM-SP,스탠다드 레인지,AWD,실버,KR-1,south,48678
2026-01,VF1LCAHXTK0034820,LUM,2026,LUM-AI,롱레인지,AWD,샌드 베이지,KR-1,northeast,39284
2026-01,VF1LCFFXTK0034821,LUM,2026,LUM-AI,롱레인지,FWD,선셋 레드,KR-1,west,39284
2026-01,VF1LPFAXTK0034822,LUM,2026,LUM-RA,롱레인지,FWD,스노우 화이트,KR-1,west,42700
2026-01,VF1LSFCXTK0034823,LUM,2026,LUM-SP,롱레인지,FWD,스틸 그레이,KR-1,northeast,48678
2026-01,VF1LCFEXTK0034824,LUM,2026,LUM-AI,롱레인지,FWD,오션 블루,KR-1,northeast,39284
2026-01,VF1LCAEXTK0034825,LUM,2026,LUM-AI,롱레인지,AWD,오션 블루,KR-1,west,39284
2026-01,VF1LCFEXTK0034826,LUM,2026,LUM-AI,스탠다드 레인지,FWD,오션 블루,KR-1,west,39284
2026-01,VF1LCAAXTK0034827,LUM,2026,LUM-AI,롱레인지,AWD,스노우 화이트,KR-1,west,39284
2026-01,VF1LCFFXTK0034828,LUM,2026,LUM-AI,스탠다드 레인지,FWD,선셋 레드,KR-1,central,39284
2026-01,VF1LCAFXTK0034829,LUM,2026,LUM-AI,롱레인지,AWD,선셋 레드,KR-1,northeast,39284
2026-01,VF1LPAAXTK0034830,LUM,2026,LUM-RA,롱레인지,AWD,스노우 화이트,KR-1,south,42700
2026-01,VF1LPFHXTK0034831,LUM,2026,LUM-RA,롱레인지,FWD,샌드 베이지,KR-1,west,42700
2026-01,VF1LCFAXTK0034832,LUM,2026,LUM-AI,롱레인지,FWD,스노우 화이트,KR-1,west,39284
2026-01,VF1LPFCXTK0034833,LUM,2026,LUM-RA,롱레인지,FWD,스틸 그레이,KR-1,west,42700
2026-01,VF1LCAAXTK0034834,LUM,2026,LUM-AI,스탠다드 레인지,AWD,스노우 화이트,KR-1,southeast,39284
2026-01,VF1LCAEXTK0034835,LUM,2026,LUM-AI,롱레인지,AWD,오션 블루,KR-1,west,39284
2026-01,VF1LSABXTK0034836,LUM,2026,LUM-SP,롱레인지,AWD,미드나잇 블랙,KR-1,west,48678
2026-01,VF1LPAHXTK0034837,LUM,2026,LUM-RA,롱레인지,AWD,샌드 베이지,KR-1,west,42700
2026-01,VF1LPAHXTK0034838,LUM,2026,LUM-RA,롱레인지,AWD,샌드 베이지,KR-1,central,42700
2026-01,VF1LPFFXTK0034839,LUM,2026,LUM-RA,롱레인지,FWD,선셋 레드,KR-1,west,42700
2026-01,VF1LCABXTK0034840,LUM,2026,LUM-AI,롱레인지,AWD,미드나잇 블랙,KR-1,west,39284
2026-01,VF1LPFHXTK0034841,LUM,2026,LUM-RA,스탠다드 레인지,FWD,샌드 베이지,KR-1,west,42700
2026-01,VF1LCADXTK0034842,LUM,2026,LUM-AI,롱레인지,AWD,실버,KR-1,northeast,39284
2026-01,VF1LSAAXTK0034843,LUM,2026,LUM-SP,스탠다드 레인지,AWD,스노우 화이트,KR-1,northeast,48678
2026-01,VF1LPAFXTK0034844,LUM,2026,LUM-RA,롱레인지,AWD,선셋 레드,KR-1,northeast,42700
2026-01,VF1LSAFXTK0034845,LUM,2026,LUM-SP,롱레인지,AWD,선셋 레드,KR-1,northeast,48678
2026-01,VF1LPAEXTK0034846,LUM,2026,LUM-RA,롱레인지,AWD,오션 블루,KR-1,southeast,42700
2026-01,VF1LCFBXTK0034847,LUM,2026,LUM-AI,롱레인지,FWD,미드나잇 블랙,KR-1,west,39284
2026-01,VF1LCFCXTK0034848,LUM,2026,LUM-AI,롱레인지,FWD,스틸 그레이,KR-1,southeast,39284
2026-01,VF1LCFGXTK0034849,LUM,2026,LUM-AI,롱레인지,FWD,포레스트 그린,KR-1,northeast,39284
2026-01,VF1LSAAXTK0034850,LUM,2026,LUM-SP,스탠다드 레인지,AWD,스노우 화이트,KR-1,central,48678
2026-01,VF1LPACXTK0034851,LUM,2026,LUM-RA,롱레인지,AWD,스틸 그레이,KR-1,northeast,42700
2026-01,VF1LSADXTK0034852,LUM,2026,LUM-SP,스탠다드 레인지,AWD,실버,KR-1,south,48678
2026-01,VF1LCABXTK0034853,LUM,2026,LUM-AI,롱레인지,AWD,미드나잇 블랙,KR-1,northeast,39284
2026-01,VF1LPAAXTK0034854,LUM,2026,LUM-RA,롱레인지,AWD,스노우 화이트,KR-1,west,42700
2026-01,VF1LPFAXTK0034855,LUM,2026,LUM-RA,스탠다드 레인지,FWD,스노우 화이트,KR-1,southeast,42700
2026-01,VF1LCAAXTK0034856,LUM,2026,LUM-AI,롱레인지,AWD,스노우 화이트,KR-1,south,39284
2026-01,VF1LSAHXTK0034857,LUM,2026,LUM-SP,스탠다드 레인지,AWD,샌드 베이지,KR-1,west,48678
2026-01,VF1LCFCXTK0034858,LUM,2026,LUM-AI,롱레인지,FWD,스틸 그레이,KR-1,south,39284
2026-01,VF1LCFBXTK0034859,LUM,2026,LUM-AI,롱레인지,FWD,미드나잇 블랙,KR-1,southeast,39284
2026-01,VF1LPAEXTK0034860,LUM,2026,LUM-RA,롱레인지,AWD,오션 블루,KR-1,northeast,42700
2026-01,VF1LPFBXTK0034861,LUM,2026,LUM-RA,롱레인지,FWD,미드나잇 블랙,KR-1,south,42700
2026-01,VF1LPFBXTK0034862,LUM,2026,LUM-RA,롱레인지,FWD,미드나잇 블랙,KR-1,west,42700
2026-01,VF1LPFDXTK0034863,LUM,2026,LUM-RA,롱레인지,FWD,실버,KR-1,central,42700
2026-01,VF1LPFBXTK0034864,LUM,2026,LUM-RA,롱레인지,FWD,미드나잇 블랙,KR-1,northeast,42700
2026-01,VF1LCABXTK0034865,LUM,2026,LUM-AI,롱레인지,AWD,미드나잇 블랙,KR-1,northeast,39284
2026-01,VF1LPABXTK0034866,LUM,2026,LUM-RA,롱레인지,AWD,미드나잇 블랙,KR-1,west,42700
2026-01,VF1LPAFXTK0034867,LUM,2026,LUM-RA,롱레인지,AWD,선셋 레드,KR-1,west,42700
2026-01,VF1LPFBXTK0034868,LUM,2026,LUM-RA,롱레인지,FWD,미드나잇 블랙,KR-1,west,42700
2026-01,VF1LCFBXTK0034869,LUM,2026,LUM-AI,스탠다드 레인지,FWD,미드나잇 블랙,KR-1,west,39284
2026-01,VF1LPFCXTK0034870,LUM,2026,LUM-RA,롱레인지,FWD,스틸 그레이,KR-1,southeast,42700
2026-01,VF1LPFCXTK0034871,LUM,2026,LUM-RA,롱레인지,FWD,스틸 그레이,KR-1,west,42700
2026-01,VF1LSACXTK0034872,LUM,2026,LUM-SP,스탠다드 레인지,AWD,스틸 그레이,KR-1,northeast,48678
2026-01,VF1LCFCXTK0034873,LUM,2026,LUM-AI,스탠다드 레인지,FWD,스틸 그레이,KR-1,central,39284
2026-01,VF1LPACXTK0034874,LUM,2026,LUM-RA,롱레인지,AWD,스틸 그레이,KR-1,northeast,42700
2026-01,VF1LPABXTK0034875,LUM,2026,LUM-RA,롱레인지,AWD,미드나잇 블랙,KR-1,northeast,42700
2026-01,VF1LCADXTK0034876,LUM,2026,LUM-AI,스탠다드 레인지,AWD,실버,KR-1,central,39284
2026-01,VF1LSABXTK0034877,LUM,2026,LUM-SP,롱레인지,AWD,미드나잇 블랙,KR-1,west,48678
2026-01,VF1LPFBXTK0034878,LUM,2026,LUM-RA,스탠다드 레인지,FWD,미드나잇 블랙,KR-1,central,42700
2026-01,VF1LCAEXTK0034879,LUM,2026,LUM-AI,롱레인지,AWD,오션 블루,KR-1,south,39284
2026-01,VF1LCABXTK0034880,LUM,2026,LUM-AI,스탠다드 레인지,AWD,미드나잇 블랙,KR-1,northeast,39284
2026-01,VF1LCADXTK0034881,LUM,2026,LUM-AI,롱레인지,AWD,실버,KR-1,southeast,39284
2026-01,VF1LCFBXTK0034882,LUM,2026,LUM-AI,롱레인지,FWD,미드나잇 블랙,KR-1,northeast,39284
2026-01,VF1LPFAXTK0034883,LUM,2026,LUM-RA,롱레인지,FWD,스노우 화이트,KR-1,southeast,42700
2026-01,VF1LCAAXTK0034884,LUM,2026,LUM-AI,롱레인지,AWD,스노우 화이트,KR-1,west,39284
2026-01,VF1LPAEXTK0034885,LUM,2026,LUM-RA,롱레인지,AWD,오션 블루,KR-1,northeast,42700
2026-01,VF1LCAAXTK0034886,LUM,2026,LUM-AI,롱레인지,AWD,스노우 화이트,KR-1,southeast,39284
2026-01,VF1LCFAXTK0034887,LUM,2026,LUM-AI,롱레인지,FWD,스노우 화이트,KR-1,south,39284
2026-01,VF1LSABXTK0034888,LUM,2026,LUM-SP,스탠다드 레인지,AWD,미드나잇 블랙,KR-1,west,48678
2026-01,VF1LCFBXTK0034889,LUM,2026,LUM-AI,롱레인지,FWD,미드나잇 블랙,KR-1,south,39284
2026-01,VF1LPFCXTK0034890,LUM,2026,LUM-RA,롱레인지,FWD,스틸 그레이,KR-1,west,42700
2026-01,VF1LSAEXTK0034891,LUM,2026,LUM-SP,스탠다드 레인지,AWD,오션 블루,KR-1,northeast,48678
2026-01,VF1LCFBXTK0034892,LUM,2026,LUM-AI,롱레인지,FWD,미드나잇 블랙,KR-1,west,39284
2026-01,VF1LCFDXTK0034893,LUM,2026,LUM-AI,롱레인지,FWD,실버,KR-1,west,39284
2026-01,VF1LSFCXTK0034894,LUM,2026,LUM-SP,롱레인지,FWD,스틸 그레이,KR-1,south,48678
2026-01,VF1LSAAXTK0034895,LUM,2026,LUM-SP,롱레인지,AWD,스노우 화이트,KR-1,northeast,48678
2026-01,VF1LPFBXTK0034896,LUM,2026,LUM-RA,롱레인지,FWD,미드나잇 블랙,KR-1,central,42700
2026-01,VF1LPAGXTK0034897,LUM,2026,LUM-RA,롱레인지,AWD,포레스트 그린,KR-1,west,42700
2026-01,VF1LCFHXTK0034898,LUM,2026,LUM-AI,롱레인지,FWD,샌드 베이지,KR-1,northeast,39284
2026-01,VF1LPFBXTK0034899,LUM,2026,LUM-RA,롱레인지,FWD,미드나잇 블랙,KR-1,northeast,42700
2026-01,VF1LPFBXTK0034900,LUM,2026,LUM-RA,스탠다드 레인지,FWD,미드나잇 블랙,KR-1,south,42700
2026-01,VF1LPFAXTK0034901,LUM,2026,LUM-RA,스탠다드 레인지,FWD,스노우 화이트,KR-1,northeast,42700
2026-01,VF1LPFGXTK0034902,LUM,2026,LUM-RA,스탠다드 레인지,FWD,포레스트 그린,KR-1,west,42700
2026-01,VF1LPFCXTK0034903,LUM,2026,LUM-RA,롱레인지,FWD,스틸 그레이,KR-1,southeast,42700
2026-01,VF1LCACXTK0034904,LUM,2026,LUM-AI,롱레인지,AWD,스틸 그레이,KR-1,central,39284
2026-01,VF1LPAAXTK0034905,LUM,2026,LUM-RA,스탠다드 레인지,AWD,스노우 화이트,KR-1,southeast,42700
2026-01,VF1LSABXTK0034906,LUM,2026,LUM-SP,스탠다드 레인지,AWD,미드나잇 블랙,KR-1,northeast,48678
