prod_ym,vin,model_id,model_year,trim_id,engine,drivetrain,color,plant_id,dest_zone_id,msrp_usd
2026-05,VF3TCAAXTU0036329,TRN,2026,TRN-CO,3.5 가솔린,AWD,스노우 화이트,US-GA,central,47840
2026-05,VF3TSADXTU0036330,TRN,2026,TRN-SU,3.5 가솔린,AWD,실버,US-GA,southeast,59280
2026-05,VF3TSABXTU0036331,TRN,2026,TRN-SU,2.5T 하이브리드,AWD,미드나잇 블랙,US-GA,west,59280
2026-05,VF3TCFAXTU0036332,TRN,2026,TRN-CO,2.5T 하이브리드,FWD,스노우 화이트,US-GA,south,47840
2026-05,VF3TCFEXTU0036333,TRN,2026,TRN-CO,3.5 가솔린,FWD,오션 블루,US-GA,central,47840
2026-05,VF3TCAFXTU0036334,TRN,2026,TRN-CO,2.5T 하이브리드,AWD,선셋 레드,US-GA,central,47840
2026-05,VF3TCAFXTU0036335,TRN,2026,TRN-CO,2.5T 하이브리드,AWD,선셋 레드,US-GA,northeast,47840
2026-05,VF3TCABXTU0036336,TRN,2026,TRN-CO,3.5 가솔린,AWD,미드나잇 블랙,US-GA,west,47840
2026-05,VF3TSAAXTU0036337,TRN,2026,TRN-SU,3.5 가솔린,AWD,스노우 화이트,US-GA,south,59280
2026-05,VF3TCAHXTU0036338,TRN,2026,TRN-CO,2.5T 하이브리드,AWD,샌드 베이지,US-GA,central,47840
2026-05,VF3TPADXTU0036339,TRN,2026,TRN-PR,2.5T 하이브리드,AWD,실버,US-GA,south,52000
2026-05,VF3TCAHXTU0036340,TRN,2026,TRN-CO,2.5T 하이브리드,AWD,샌드 베이지,US-GA,west,47840
2026-05,VF3TCAAXTU0036341,TRN,2026,TRN-CO,3.5 가솔린,AWD,스노우 화이트,US-GA,northeast,47840
2026-05,VF3TPFGXTU0036342,TRN,2026,TRN-PR,2.5T 하이브리드,FWD,포레스트 그린,US-GA,south,52000
2026-05,VF3TSFAXTU0036343,TRN,2026,TRN-SU,2.5T 하이브리드,FWD,스노우 화이트,US-GA,southeast,59280
2026-05,VF3TSAAXTU0036344,TRN,2026,TRN-SU,3.5 가솔린,AWD,스노우 화이트,US-GA,northeast,59280
2026-05,VF3TPAEXTU0036345,TRN,2026,TRN-PR,2.5T 하이브리드,AWD,오션 블루,US-GA,central,52000
2026-05,VF3TSAFXTU0036346,TRN,2026,TRN-SU,2.5T 하이브리드,AWD,선셋 레드,US-GA,southeast,59280
2026-05,VF3TPAAXTU0036347,TRN,2026,TRN-PR,2.5T 하이브리드,AWD,스노우 화이트,US-GA,northeast,52000
2026-05,VF3TSABXTU0036348,TRN,2026,TRN-SU,2.5T 하이브리드,AWD,미드나잇 블랙,US-GA,northeast,59280
2026-05,VF3TCAAXTU0036349,TRN,2026,TRN-CO,2.5T 하이브리드,AWD,스노우 화이트,US-GA,west,47840
2026-05,VF3TPAAXTU0036350,TRN,2026,TRN-PR,2.5T 하이브리드,AWD,스노우 화이트,US-GA,central,52000
2026-05,VF3TCABXTU0036351,TRN,2026,TRN-CO,3.5 가솔린,AWD,미드나잇 블랙,US-GA,central,47840
2026-05,VF3TCFDXTU0036352,TRN,2026,TRN-CO,2.5T 하이브리드,FWD,실버,US-GA,southeast,47840
2026-05,VF3TSAGXTU0036353,TRN,2026,TRN-SU,3.5 가솔린,AWD,포레스트 그린,US-GA,west,59280
2026-05,VF3TCAFXTU0036354,TRN,2026,TRN-CO,3.5 가솔린,AWD,선셋 레드,US-GA,south,47840
2026-05,VF3TPAHXTU0036355,TRN,2026,TRN-PR,2.5T 하이브리드,AWD,샌드 베이지,US-GA,west,52000
2026-05,VF3TSFEXTU0036356,TRN,2026,TRN-SU,3.5 가솔린,FWD,오션 블루,US-GA,south,59280
2026-05,VF3TPAHXTU0036357,TRN,2026,TRN-PR,3.5 가솔린,AWD,샌드 베이지,US-GA,south,52000
2026-05,VF3TPACXTU0036358,TRN,2026,TRN-PR,3.5 가솔린,AWD,스틸 그레이,US-GA,west,52000
2026-05,VF3TPADXTU0036359,TRN,2026,TRN-PR,3.5 가솔린,AWD,실버,US-GA,south,52000
2026-05,VF3TSFAXTU0036360,TRN,2026,TRN-SU,2.5T 하이브리드,FWD,스노우 화이트,US-GA,southeast,59280
2026-05,VF3TPFDXTU0036361,TRN,2026,TRN-PR,3.5 가솔린,FWD,실버,US-GA,west,52000
2026-05,VF3TSFBXTU0036362,TRN,2026,TRN-SU,3.5 가솔린,FWD,미드나잇 블랙,US-GA,west,59280
2026-05,VF3TPAEXTU0036363,TRN,2026,TRN-PR,2.5T 하이브리드,AWD,오션 블루,US-GA,central,52000
2026-05,VF3TPAAXTU0036364,TRN,2026,TRN-PR,3.5 가솔린,AWD,스노우 화이트,US-GA,southeast,52000
2026-05,VF3TCADXTU0036365,TRN,2026,TRN-CO,2.5T 하이브리드,AWD,실버,US-GA,central,47840
2026-05,VF3TCFFXTU0036366,TRN,2026,TRN-CO,3.5 가솔린,FWD,선셋 레드,US-GA,southeast,47840
2026-05,VF3TCAEXTU0036367,TRN,2026,TRN-CO,3.5 가솔린,AWD,오션 블루,US-GA,southeast,47840
2026-05,VF3TCACXTU0036368,TRN,2026,TRN-CO,3.5 가솔린,AWD,스틸 그레이,US-GA,central,47840
2026-05,VF3TPADXTU0036369,TRN,2026,TRN-PR,2.5T 하이브리드,AWD,실버,US-GA,west,52000
2026-05,VF3TPACXTU0036370,TRN,2026,TRN-PR,3.5 가솔린,AWD,스틸 그레이,US-GA,central,52000
2026-05,VF3TCAEXTU0036371,TRN,2026,TRN-CO,3.5 가솔린,AWD,오션 블루,US-GA,west,47840
2026-05,VF3TPACXTU0036372,TRN,2026,TRN-PR,2.5T 하이브리드,AWD,스틸 그레이,US-GA,southeast,52000
2026-05,VF3TCACXTU0036373,TRN,2026,TRN-CO,2.5T 하이브리드,AWD,스틸 그레이,US-GA,southeast,47840
2026-05,VF3TPABXTU0036374,TRN,2026,TRN-PR,3.5 가솔린,AWD,미드나잇 블랙,US-GA,west,52000
2026-05,VF3TCABXTU0036375,TRN,2026,TRN-CO,3.5 가솔린,AWD,미드나잇 블랙,US-GA,northeast,47840
2026-05,VF3TPAFXTU0036376,TRN,2026,TRN-PR,2.5T 하이브리드,AWD,선셋 레드,US-GA,west,52000
2026-05,VF3TCACXTU0036377,TRN,2026,TRN-CO,3.5 가솔린,AWD,스틸 그레이,US-GA,central,47840
2026-05,VF3TCFDXTU0036378,TRN,2026,TRN-CO,2.5T 하이브리드,FWD,실버,US-GA,west,47840
2026-05,VF3TCADXTU0036379,TRN,2026,TRN-CO,3.5 가솔린,AWD,실버,US-GA,south,47840
2026-05,VF3TPAHXTU0036380,TRN,2026,TRN-PR,2.5T 하이브리드,AWD,샌드 베이지,US-GA,central,52000
2026-05,VF3TCFEXTU0036381,TRN,2026,TRN-CO,2.5T 하이브리드,FWD,오션 블루,US-GA,southeast,47840
2026-05,VF3TSACXTU0036382,TRN,2026,TRN-SU,2.5T 하이브리드,AWD,스틸 그레이,US-GA,northeast,59280
2026-05,VF3TSAEXTU0036383,TRN,2026,TRN-SU,2.5T 하이브리드,AWD,오션 블루,US-GA,west,59280
2026-05,VF3TCABXTU0036384,TRN,2026,TRN-CO,2.5T 하이브리드,AWD,미드나잇 블랙,US-GA,southeast,47840
2026-05,VF3TCABXTU0036385,TRN,2026,TRN-CO,2.5T 하이브리드,AWD,미드나잇 블랙,US-GA,southeast,47840
2026-05,VF3TCAGXTU0036386,TRN,2026,TRN-CO,3.5 가솔린,AWD,포레스트 그린,US-GA,west,47840
2026-05,VF3TPAAXTU0036387,TRN,2026,TRN-PR,2.5T 하이브리드,AWD,스노우 화이트,US-GA,southeast,52000
2026-05,VF3TCAFXTU0036388,TRN,2026,TRN-CO,2.5T 하이브리드,AWD,선셋 레드,US-GA,central,47840
2026-05,VF3TCFAXTU0036389,TRN,2026,TRN-CO,3.5 가솔린,FWD,스노우 화이트,US-GA,west,47840
2026-05,VF3TCABXTU0036390,TRN,2026,TRN-CO,2.5T 하이브리드,AWD,미드나잇 블랙,US-GA,south,47840
2026-05,VF3TSAHXTU0036391,TRN,2026,TRN-SU,3.5 가솔린,AWD,샌드 베이지,US-GA,south,59280
2026-05,VF3TPFEXTU0036392,TRN,2026,TRN-PR,3.5 가솔린,FWD,오션 블루,US-GA,south,52000
2026-05,VF3TPACXTU0036393,TRN,2026,TRN-PR,2.5T 하이브리드,AWD,스틸 그레이,US-GA,west,52000
2026-05,VF3TCFDXTU0036394,TRN,2026,TRN-CO,3.5 가솔린,FWD,실버,US-GA,south,47840
2026-05,VF3TPFCXTU0036395,TRN,2026,TRN-PR,2.5T 하이브리드,FWD,스틸 그레이,US-GA,west,52000
2026-05,VF3TPABXTU0036396,TRN,2026,TRN-PR,3.5 가솔린,AWD,미드나잇 블랙,US-GA,central,52000
2026-05,VF3TSADXTU0036397,TRN,2026,TRN-SU,2.5T 하이브리드,AWD,실버,US-GA,south,59280
2026-05,VF3TPABXTU0036398,TRN,2026,TRN-PR,2.5T 하이브리드,AWD,미드나잇 블랙,US-GA,southeast,52000
2026-05,VF3TCFBXTU0036399,TRN,2026,TRN-CO,3.5 가솔린,FWD,미드나잇 블랙,US-GA,south,47840
2026-05,VF3TPACXTU0036400,TRN,2026,TRN-PR,2.5T 하이브리드,AWD,스틸 그레이,US-GA,west,52000
2026-05,VF3TCFDXTU0036401,TRN,2026,TRN-CO,3.5 가솔린,FWD,실버,US-GA,south,47840
2026-05,VF3TPFBXTU0036402,TRN,2026,TRN-PR,2.5T 하이브리드,FWD,미드나잇 블랙,US-GA,west,52000
2026-05,VF3TSACXTU0036403,TRN,2026,TRN-SU,3.5 가솔린,AWD,스틸 그레이,US-GA,southeast,59280
2026-05,VF3TPAEXTU0036404,TRN,2026,TRN-PR,2.5T 하이브리드,AWD,오션 블루,US-GA,west,52000
2026-05,VF3TPFAXTU0036405,TRN,2026,TRN-PR,2.5T 하이브리드,FWD,스노우 화이트,US-GA,south,52000
2026-05,VF3TPAEXTU0036406,TRN,2026,TRN-PR,2.5T 하이브리드,AWD,오션 블루,US-GA,central,52000
2026-05,VF3TCADXTU0036407,TRN,2026,TRN-CO,2.5T 하이브리드,AWD,실버,US-GA,northeast,47840
2026-05,VF3TCAAXTU0036408,TRN,2026,TRN-CO,2.5T 하이브리드,AWD,스노우 화이트,US-GA,west,47840
2026-05,VF3TCAFXTU0036409,TRN,2026,TRN-CO,2.5T 하이브리드,AWD,선셋 레드,US-GA,northeast,47840
2026-05,VF3TCAFXTU0036410,TRN,2026,TRN-CO,3.5 가솔린,AWD,선셋 레드,US-GA,west,47840
2026-05,VF3TCACXTU0036411,TRN,2026,TRN-CO,2.5T 하이브리드,AWD,스틸 그레이,US-GA,northeast,47840
2026-05,VF3TPAEXTU0036412,TRN,2026,TRN-PR,3.5 가솔린,AWD,오션 블루,US-GA,south,52000
2026-05,VF3TPABXTU0036413,TRN,2026,TRN-PR,3.5 가솔린,AWD,미드나잇 블랙,US-GA,central,52000
2026-05,VF3TCFDXTU0036414,TRN,2026,TRN-CO,2.5T 하이브리드,FWD,실버,US-GA,south,47840
2026-05,VF3TCFEXTU0036415,TRN,2026,TRN-CO,3.5 가솔린,FWD,오션 블루,US-GA,west,47840
2026-05,VF3TPAEXTU0036416,TRN,2026,TRN-PR,2.5T 하이브리드,AWD,오션 블루,US-GA,southeast,52000
2026-05,VF3TSABXTU0036417,TRN,2026,TRN-SU,3.5 가솔린,AWD,미드나잇 블랙,US-GA,southeast,59280
2026-05,VF3TCABXTU0036418,TRN,2026,TRN-CO,2.5T 하이브리드,AWD,미드나잇 블랙,US-GA,central,47840
2026-05,VF3TCABXTU0036419,TRN,2026,TRN-CO,2.5T 하이브리드,AWD,미드나잇 블랙,US-GA,northeast,47840
2026-05,VF3TCFCXTU0036420,TRN,2026,TRN-CO,3.5 가솔린,FWD,스틸 그레이,US-GA,southeast,47840
2026-05,VF3TCAGXTU0036421,TRN,2026,TRN-CO,2.5T 하이브리드,AWD,포레스트 그린,US-GA,west,47840
2026-05,VF3TPFGXTU0036422,TRN,2026,TRN-PR,3.5 가솔린,FWD,포레스트 그린,US-GA,central,52000
2026-05,VF3TPAGXTU0036423,TRN,2026,TRN-PR,3.5 가솔린,AWD,포레스트 그린,US-GA,central,52000
2026-05,VF3TPAAXTU0036424,TRN,2026,TRN-PR,3.5 가솔린,AWD,스노우 화이트,US-GA,southeast,52000
2026-05,VF3TPAAXTU0036425,TRN,2026,TRN-PR,2.5T 하이브리드,AWD,스노우 화이트,US-GA,central,52000
2026-05,VF3TPFGXTU0036426,TRN,2026,TRN-PR,2.5T 하이브리드,FWD,포레스트 그린,US-GA,west,52000
2026-05,VF3TPFAXTU0036427,TRN,2026,TRN-PR,3.5 가솔린,FWD,스노우 화이트,US-GA,southeast,52000
2026-05,VF3TPAEXTU0036428,TRN,2026,TRN-PR,3.5 가솔린,AWD,오션 블루,US-GA,central,52000
2026-05,VF3TCADXTU0036429,TRN,2026,TRN-CO,2.5T 하이브리드,AWD,실버,US-GA,northeast,47840
2026-05,VF3TPAAXTU0036430,TRN,2026,TRN-PR,3.5 가솔린,AWD,스노우 화이트,US-GA,west,52000
2026-05,VF3TCFDXTU0036431,TRN,2026,TRN-CO,3.5 가솔린,FWD,실버,US-GA,southeast,47840
2026-05,VF3TPAAXTU0036432,TRN,2026,TRN-PR,3.5 가솔린,AWD,스노우 화이트,US-GA,northeast,52000
2026-05,VF3TCAAXTU0036433,TRN,2026,TRN-CO,3.5 가솔린,AWD,스노우 화이트,US-GA,west,47840
2026-05,VF3TCAAXTU0036434,TRN,2026,TRN-CO,2.5T 하이브리드,AWD,스노우 화이트,US-GA,southeast,47840
2026-05,VF3TCABXTU0036435,TRN,2026,TRN-CO,3.5 가솔린,AWD,미드나잇 블랙,US-GA,south,47840
2026-05,VF3TCACXTU0036436,TRN,2026,TRN-CO,2.5T 하이브리드,AWD,스틸 그레이,US-GA,west,47840
2026-05,VF3TCAEXTU0036437,TRN,2026,TRN-CO,2.5T 하이브리드,AWD,오션 블루,US-GA,west,47840
2026-05,VF3TCAGXTU0036438,TRN,2026,TRN-CO,3.5 가솔린,AWD,포레스트 그린,US-GA,west,47840
2026-05,VF3TSAAXTU0036439,TRN,2026,TRN-SU,3.5 가솔린,AWD,스노우 화이트,US-GA,northeast,59280
2026-05,VF3TPAEXTU0036440,TRN,2026,TRN-PR,2.5T 하이브리드,AWD,오션 블루,US-GA,central,52000
2026-05,VF3TPFDXTU0036441,TRN,2026,TRN-PR,2.5T 하이브리드,FWD,실버,US-GA,south,52000
2026-05,VF3TCADXTU0036442,TRN,2026,TRN-CO,2.5T 하이브리드,AWD,실버,US-GA,west,47840
2026-05,VF3TPABXTU0036443,TRN,2026,TRN-PR,2.5T 하이브리드,AWD,미드나잇 블랙,US-GA,northeast,52000
2026-05,VF3TCAAXTU0036444,TRN,2026,TRN-CO,2.5T 하이브리드,AWD,스노우 화이트,US-GA,west,47840
2026-05,VF3TPFAXTU0036445,TRN,2026,TRN-PR,3.5 가솔린,FWD,스노우 화이트,US-GA,west,52000
2026-05,VF3TSAAXTU0036446,TRN,2026,TRN-SU,3.5 가솔린,AWD,스노우 화이트,US-GA,northeast,59280
2026-05,VF3TCFDXTU0036447,TRN,2026,TRN-CO,3.5 가솔린,FWD,실버,US-GA,southeast,47840
2026-05,VF3TPAEXTU0036448,TRN,2026,TRN-PR,3.5 가솔린,AWD,오션 블루,US-GA,northeast,52000
2026-05,VF3TPFEXTU0036449,TRN,2026,TRN-PR,2.5T 하이브리드,FWD,오션 블루,US-GA,west,52000
2026-05,VF3TSABXTU0036450,TRN,2026,TRN-SU,3.5 가솔린,AWD,미드나잇 블랙,US-GA,west,59280
2026-05,VF3TPABXTU0036451,TRN,2026,TRN-PR,3.5 가솔린,AWD,미드나잇 블랙,US-GA,west,52000
2026-05,VF3TPFEXTU0036452,TRN,2026,TRN-PR,2.5T 하이브리드,FWD,오션 블루,US-GA,southeast,52000
2026-05,VF3TSAAXTU0036453,TRN,2026,TRN-SU,2.5T 하이브리드,AWD,스노우 화이트,US-GA,central,59280
2026-05,VF3TPFCXTU0036454,TRN,2026,TRN-PR,3.5 가솔린,FWD,스틸 그레이,US-GA,west,52000
2026-05,VF3TSAEXTU0036455,TRN,2026,TRN-SU,2.5T 하이브리드,AWD,오션 블루,US-GA,west,59280
2026-05,VF3TCADXTU0036456,TRN,2026,TRN-CO,3.5 가솔린,AWD,실버,US-GA,south,47840
2026-05,VF3TPACXTU0036457,TRN,2026,TRN-PR,2.5T 하이브리드,AWD,스틸 그레이,US-GA,west,52000
2026-05,VF3TCADXTU0036458,TRN,2026,TRN-CO,3.5 가솔린,AWD,실버,US-GA,west,47840
2026-05,VF3TPAEXTU0036459,TRN,2026,TRN-PR,2.5T 하이브리드,AWD,오션 블루,US-GA,west,52000
2026-05,VF3TPAAXTU0036460,TRN,2026,TRN-PR,3.5 가솔린,AWD,스노우 화이트,US-GA,south,52000
2026-05,VF3TSABXTU0036461,TRN,2026,TRN-SU,2.5T 하이브리드,AWD,미드나잇 블랙,US-GA,northeast,59280
2026-05,VF3TPACXTU0036462,TRN,2026,TRN-PR,3.5 가솔린,AWD,스틸 그레이,US-GA,northeast,52000
2026-05,VF3TPAAXTU0036463,TRN,2026,TRN-PR,2.5T 하이브리드,AWD,스노우 화이트,US-GA,south,52000
2026-05,VF3TPABXTU0036464,TRN,2026,TRN-PR,3.5 가솔린,AWD,미드나잇 블랙,US-GA,northeast,52000
2026-05,VF3TCACXTU0036465,TRN,2026,TRN-CO,3.5 가솔린,AWD,스틸 그레이,US-GA,southeast,47840
2026-05,VF3TCACXTU0036466,TRN,2026,TRN-CO,3.5 가솔린,AWD,스틸 그레이,US-GA,central,47840
2026-05,VF3TCACXTU0036467,TRN,2026,TRN-CO,3.5 가솔린,AWD,스틸 그레이,US-GA,south,47840
2026-05,VF3TPAGXTU0036468,TRN,2026,TRN-PR,2.5T 하이브리드,AWD,포레스트 그린,US-GA,central,52000
2026-05,VF3TCFAXTU0036469,TRN,2026,TRN-CO,2.5T 하이브리드,FWD,스노우 화이트,US-GA,west,47840
2026-05,VF3TSAGXTU0036470,TRN,2026,TRN-SU,3.5 가솔린,AWD,포레스트 그린,US-GA,southeast,59280
2026-05,VF3TPAFXTU0036471,TRN,2026,TRN-PR,3.5 가솔린,AWD,선셋 레드,US-GA,central,52000
2026-05,VF3TPAAXTU0036472,TRN,2026,TRN-PR,3.5 가솔린,AWD,스노우 화이트,US-GA,south,52000
2026-05,VF3TPADXTU0036473,TRN,2026,TRN-PR,2.5T 하이브리드,AWD,실버,US-GA,southeast,52000
2026-05,VF3TCAFXTU0036474,TRN,2026,TRN-CO,2.5T 하이브리드,AWD,선셋 레드,US-GA,south,47840
2026-05,VF3TCACXTU0036475,TRN,2026,TRN-CO,2.5T 하이브리드,AWD,스틸 그레이,US-GA,west,47840
2026-05,VF3TPAAXTU0036476,TRN,2026,TRN-PR,3.5 가솔린,AWD,스노우 화이트,US-GA,northeast,52000
2026-05,VF3TPACXTU0036477,TRN,2026,TRN-PR,2.5T 하이브리드,AWD,스틸 그레이,US-GA,southeast,52000
2026-05,VF3TPAAXTU0036478,TRN,2026,TRN-PR,3.5 가솔린,AWD,스노우 화이트,US-GA,south,52000
2026-05,VF3TSABXTU0036479,TRN,2026,TRN-SU,3.5 가솔린,AWD,미드나잇 블랙,US-GA,northeast,59280
2026-05,VF3TSAEXTU0036480,TRN,2026,TRN-SU,2.5T 하이브리드,AWD,오션 블루,US-GA,west,59280
2026-05,VF3TPAAXTU0036481,TRN,2026,TRN-PR,3.5 가솔린,AWD,스노우 화이트,US-GA,northeast,52000
2026-05,VF3TCFAXTU0036482,TRN,2026,TRN-CO,3.5 가솔린,FWD,스노우 화이트,US-GA,south,47840
2026-05,VF3TCFAXTU0036483,TRN,2026,TRN-CO,3.5 가솔린,FWD,스노우 화이트,US-GA,west,47840
2026-05,VF3TPAHXTU0036484,TRN,2026,TRN-PR,3.5 가솔린,AWD,샌드 베이지,US-GA,southeast,52000
2026-05,VF3TSFFXTU0036485,TRN,2026,TRN-SU,2.5T 하이브리드,FWD,선셋 레드,US-GA,southeast,59280
2026-05,VF3TPADXTU0036486,TRN,2026,TRN-PR,2.5T 하이브리드,AWD,실버,US-GA,west,52000
2026-05,VF3TPABXTU0036487,TRN,2026,TRN-PR,3.5 가솔린,AWD,미드나잇 블랙,US-GA,southeast,52000
2026-05,VF3TPADXTU0036488,TRN,2026,TRN-PR,2.5T 하이브리드,AWD,실버,US-GA,northeast,52000
2026-05,VF3TPACXTU0036489,TRN,2026,TRN-PR,2.5T 하이브리드,AWD,스틸 그레이,US-GA,west,52000
2026-05,VF3TSADXTU0036490,TRN,2026,TRN-SU,2.5T 하이브리드,AWD,실버,US-GA,central,59280
2026-05,VF3TPFBXTU0036491,TRN,2026,TRN-PR,2.5T 하이브리드,FWD,미드나잇 블랙,US-GA,south,52000
2026-05,VF3TPAEXTU0036492,TRN,2026,TRN-PR,3.5 가솔린,AWD,오션 블루,US-GA,northeast,52000
2026-05,VF3TPFGXTU0036493,TRN,2026,TRN-PR,3.5 가솔린,FWD,포레스트 그린,US-GA,southeast,52000
2026-05,VF3TSAEXTU0036494,TRN,2026,TRN-SU,3.5 가솔린,AWD,오션 블루,US-GA,southeast,59280
2026-05,VF3TCACXTU0036495,TRN,2026,TRN-CO,2.5T 하이브리드,AWD,스틸 그레이,US-GA,central,47840
2026-05,VF3TCAAXTU0036496,TRN,2026,TRN-CO,2.5T 하이브리드,AWD,스노우 화이트,US-GA,southeast,47840
2026-05,VF3TCAAXTU0036497,TRN,2026,TRN-CO,3.5 가솔린,AWD,스노우 화이트,US-GA,central,47840
2026-05,VF3TSAAXTU0036498,TRN,2026,TRN-SU,2.5T 하이브리드,AWD,스노우 화이트,US-GA,southeast,59280
2026-05,VF3TPACXTU0036499,TRN,2026,TRN-PR,2.5T 하이브리드,AWD,스틸 그레이,US-GA,central,52000
2026-05,VF3TSAAXTU0036500,TRN,2026,TRN-SU,2.5T 하이브리드,AWD,스노우 화이트,US-GA,west,59280
2026-05,VF3TCAAXTU0036501,TRN,2026,TRN-CO,3.5 가솔린,AWD,스노우 화이트,US-GA,west,47840
2026-05,VF3TCFAXTU0036502,TRN,2026,TRN-CO,3.5 가솔린,FWD,스노우 화이트,US-GA,central,47840
2026-05,VF3TCABXTU0036503,TRN,2026,TRN-CO,2.5T 하이브리드,AWD,미드나잇 블랙,US-GA,central,47840
2026-05,VF3TPFBXTU0036504,TRN,2026,TRN-PR,2.5T 하이브리드,FWD,미드나잇 블랙,US-GA,southeast,52000
2026-05,VF3TPFBXTU0036505,TRN,2026,TRN-PR,2.5T 하이브리드,FWD,미드나잇 블랙,US-GA,south,52000
2026-05,VF3TPABXTU0036506,TRN,2026,TRN-PR,3.5 가솔린,AWD,미드나잇 블랙,US-GA,central,52000
2026-05,VF3TCABXTU0036507,TRN,2026,TRN-CO,2.5T 하이브리드,AWD,미드나잇 블랙,US-GA,southeast,47840
2026-05,VF3TPAEXTU0036508,TRN,2026,TRN-PR,2.5T 하이브리드,AWD,오션 블루,US-GA,northeast,52000
2026-05,VF3TCAEXTU0036509,TRN,2026,TRN-CO,3.5 가솔린,AWD,오션 블루,US-GA,central,47840
2026-05,VF3TCACXTU0036510,TRN,2026,TRN-CO,2.5T 하이브리드,AWD,스틸 그레이,US-GA,south,47840
2026-05,VF3TCACXTU0036511,TRN,2026,TRN-CO,3.5 가솔린,AWD,스틸 그레이,US-GA,south,47840
2026-05,VF3TSADXTU0036512,TRN,2026,TRN-SU,2.5T 하이브리드,AWD,실버,US-GA,west,59280
2026-05,VF3TPFAXTU0036513,TRN,2026,TRN-PR,3.5 가솔린,FWD,스노우 화이트,US-GA,south,52000
2026-05,VF3TPAAXTU0036514,TRN,2026,TRN-PR,2.5T 하이브리드,AWD,스노우 화이트,US-GA,central,52000
2026-05,VF3TPABXTU0036515,TRN,2026,TRN-PR,2.5T 하이브리드,AWD,미드나잇 블랙,US-GA,south,52000
2026-05,VF3TPFCXTU0036516,TRN,2026,TRN-PR,2.5T 하이브리드,FWD,스틸 그레이,US-GA,west,52000
2026-05,VF3TCAAXTU0036517,TRN,2026,TRN-CO,2.5T 하이브리드,AWD,스노우 화이트,US-GA,southeast,47840
2026-05,VF3TCAAXTU0036518,TRN,2026,TRN-CO,3.5 가솔린,AWD,스노우 화이트,US-GA,southeast,47840
2026-05,VF3TCFAXTU0036519,TRN,2026,TRN-CO,2.5T 하이브리드,FWD,스노우 화이트,US-GA,west,47840
2026-05,VF3TCAAXTU0036520,TRN,2026,TRN-CO,2.5T 하이브리드,AWD,스노우 화이트,US-GA,central,47840
2026-05,VF3TSABXTU0036521,TRN,2026,TRN-SU,3.5 가솔린,AWD,미드나잇 블랙,US-GA,central,59280
2026-05,VF3TSACXTU0036522,TRN,2026,TRN-SU,2.5T 하이브리드,AWD,스틸 그레이,US-GA,west,59280
2026-05,VF3TPAEXTU0036523,TRN,2026,TRN-PR,3.5 가솔린,AWD,오션 블루,US-GA,central,52000
2026-05,VF3TPFBXTU0036524,TRN,2026,TRN-PR,3.5 가솔린,FWD,미드나잇 블랙,US-GA,southeast,52000
2026-05,VF3TCFFXTU0036525,TRN,2026,TRN-CO,3.5 가솔린,FWD,선셋 레드,US-GA,central,47840
2026-05,VF3TSABXTU0036526,TRN,2026,TRN-SU,3.5 가솔린,AWD,미드나잇 블랙,US-GA,west,59280
2026-05,VF3TPAEXTU0036527,TRN,2026,TRN-PR,3.5 가솔린,AWD,오션 블루,US-GA,northeast,52000
2026-05,VF3TCAEXTU0036528,TRN,2026,TRN-CO,3.5 가솔린,AWD,오션 블루,US-GA,central,47840
2026-05,VF3TPAHXTU0036529,TRN,2026,TRN-PR,3.5 가솔린,AWD,샌드 베이지,US-GA,central,52000
2026-05,VF3TCFHXTU0036530,TRN,2026,TRN-CO,3.5 가솔린,FWD,샌드 베이지,US-GA,southeast,47840
2026-05,VF3TCAFXTU0036531,TRN,2026,TRN-CO,2.5T 하이브리드,AWD,선셋 레드,US-GA,northeast,47840
2026-05,VF3TSAEXTU0036532,TRN,2026,TRN-SU,3.5 가솔린,AWD,오션 블루,US-GA,west,59280
2026-05,VF3TPAAXTU0036533,TRN,2026,TRN-PR,2.5T 하이브리드,AWD,스노우 화이트,US-GA,south,52000
2026-05,VF3TPFGXTU0036534,TRN,2026,TRN-PR,3.5 가솔린,FWD,포레스트 그린,US-GA,south,52000
2026-05,VF3TCABXTU0036535,TRN,2026,TRN-CO,2.5T 하이브리드,AWD,미드나잇 블랙,US-GA,southeast,47840
2026-05,VF3TPFAXTU0036536,TRN,2026,TRN-PR,2.5T 하이브리드,FWD,스노우 화이트,US-GA,south,52000
2026-05,VF3TCABXTU0036537,TRN,2026,TRN-CO,2.5T 하이브리드,AWD,미드나잇 블랙,US-GA,northeast,47840
2026-05,VF3TCFBXTU0036538,TRN,2026,TRN-CO,3.5 가솔린,FWD,미드나잇 블랙,US-GA,southeast,47840
2026-05,VF3TCFAXTU0036539,TRN,2026,TRN-CO,3.5 가솔린,FWD,스노우 화이트,US-GA,south,47840
2026-05,VF3TCAAXTU0036540,TRN,2026,TRN-CO,3.5 가솔린,AWD,스노우 화이트,US-GA,south,47840
2026-05,VF3TSAAXTU0036541,TRN,2026,TRN-SU,2.5T 하이브리드,AWD,스노우 화이트,US-GA,southeast,59280
2026-05,VF3TPAAXTU0036542,TRN,2026,TRN-PR,2.5T 하이브리드,AWD,스노우 화이트,US-GA,central,52000
2026-05,VF3TSAHXTU0036543,TRN,2026,TRN-SU,3.5 가솔린,AWD,샌드 베이지,US-GA,central,59280
2026-05,VF3TCAEXTU0036544,TRN,2026,TRN-CO,2.5T 하이브리드,AWD,오션 블루,US-GA,central,47840
2026-05,VF3TPACXTU0036545,TRN,2026,TRN-PR,2.5T 하이브리드,AWD,스틸 그레이,US-GA,southeast,52000
2026-05,VF3TPAEXTU0036546,TRN,2026,TRN-PR,3.5 가솔린,AWD,오션 블루,US-GA,central,52000
2026-05,VF3TCAAXTU0036547,TRN,2026,TRN-CO,2.5T 하이브리드,AWD,스노우 화이트,US-GA,south,47840
2026-05,VF3TPFEXTU0036548,TRN,2026,TRN-PR,2.5T 하이브리드,FWD,오션 블루,US-GA,central,52000
2026-05,VF3TCFGXTU0036549,TRN,2026,TRN-CO,2.5T 하이브리드,FWD,포레스트 그린,US-GA,west,47840
2026-05,VF3TPFEXTU0036550,TRN,2026,TRN-PR,3.5 가솔린,FWD,오션 블루,US-GA,south,52000
2026-05,VF3TCFBXTU0036551,TRN,2026,TRN-CO,2.5T 하이브리드,FWD,미드나잇 블랙,US-GA,south,47840
2026-05,VF3TSFBXTU0036552,TRN,2026,TRN-SU,3.5 가솔린,FWD,미드나잇 블랙,US-GA,south,59280
2026-05,VF3TSAFXTU0036553,TRN,2026,TRN-SU,3.5 가솔린,AWD,선셋 레드,US-GA,central,59280
2026-05,VF3TPFEXTU0036554,TRN,2026,TRN-PR,3.5 가솔린,FWD,오션 블루,US-GA,south,52000
2026-05,VF3TSAAXTU0036555,TRN,2026,TRN-SU,3.5 가솔린,AWD,스노우 화이트,US-GA,northeast,59280
2026-05,VF3TCAAXTU0036556,TRN,2026,TRN-CO,2.5T 하이브리드,AWD,스노우 화이트,US-GA,southeast,47840
2026-05,VF3TPABXTU0036557,TRN,2026,TRN-PR,3.5 가솔린,AWD,미드나잇 블랙,US-GA,south,52000
2026-05,VF3TCAAXTU0036558,TRN,2026,TRN-CO,3.5 가솔린,AWD,스노우 화이트,US-GA,central,47840
2026-05,VF3TSAHXTU0036559,TRN,2026,TRN-SU,3.5 가솔린,AWD,샌드 베이지,US-GA,south,59280
2026-05,VF3TPADXTU0036560,TRN,2026,TRN-PR,2.5T 하이브리드,AWD,실버,US-GA,central,52000
2026-05,VF3TSACXTU0036561,TRN,2026,TRN-SU,2.5T 하이브리드,AWD,스틸 그레이,US-GA,west,59280
2026-05,VF3TPAGXTU0036562,TRN,2026,TRN-PR,2.5T 하이브리드,AWD,포레스트 그린,US-GA,south,52000
2026-05,VF3TPFFXTU0036563,TRN,2026,TRN-PR,2.5T 하이브리드,FWD,선셋 레드,US-GA,south,52000
2026-05,VF3TPAAXTU0036564,TRN,2026,TRN-PR,2.5T 하이브리드,AWD,스노우 화이트,US-GA,south,52000
2026-05,VF3TSAEXTU0036565,TRN,2026,TRN-SU,3.5 가솔린,AWD,오션 블루,US-GA,central,59280
2026-05,VF3TPADXTU0036566,TRN,2026,TRN-PR,2.5T 하이브리드,AWD,실버,US-GA,west,52000
2026-05,VF3TCFCXTU0036567,TRN,2026,TRN-CO,3.5 가솔린,FWD,스틸 그레이,US-GA,south,47840
2026-05,VF3TCACXTU0036568,TRN,2026,TRN-CO,3.5 가솔린,AWD,스틸 그레이,US-GA,southeast,47840
2026-05,VF3TCFHXTU0036569,TRN,2026,TRN-CO,3.5 가솔린,FWD,샌드 베이지,US-GA,southeast,47840
2026-05,VF3TPAAXTU0036570,TRN,2026,TRN-PR,3.5 가솔린,AWD,스노우 화이트,US-GA,northeast,52000
2026-05,VF3TPFBXTU0036571,TRN,2026,TRN-PR,2.5T 하이브리드,FWD,미드나잇 블랙,US-GA,south,52000
2026-05,VF3TPABXTU0036572,TRN,2026,TRN-PR,2.5T 하이브리드,AWD,미드나잇 블랙,US-GA,west,52000
2026-05,VF3TCACXTU0036573,TRN,2026,TRN-CO,2.5T 하이브리드,AWD,스틸 그레이,US-GA,west,47840
2026-05,VF3TCACXTU0036574,TRN,2026,TRN-CO,2.5T 하이브리드,AWD,스틸 그레이,US-GA,south,47840
2026-05,VF3TCFAXTU0036575,TRN,2026,TRN-CO,2.5T 하이브리드,FWD,스노우 화이트,US-GA,west,47840
2026-05,VF3TCFFXTU0036576,TRN,2026,TRN-CO,3.5 가솔린,FWD,선셋 레드,US-GA,southeast,47840
2026-05,VF3TPABXTU0036577,TRN,2026,TRN-PR,3.5 가솔린,AWD,미드나잇 블랙,US-GA,central,52000
2026-05,VF3TCABXTU0036578,TRN,2026,TRN-CO,3.5 가솔린,AWD,미드나잇 블랙,US-GA,southeast,47840
2026-05,VF3TPAGXTU0036579,TRN,2026,TRN-PR,3.5 가솔린,AWD,포레스트 그린,US-GA,southeast,52000
2026-05,VF3TPAAXTU0036580,TRN,2026,TRN-PR,2.5T 하이브리드,AWD,스노우 화이트,US-GA,south,52000
2026-05,VF3TCACXTU0036581,TRN,2026,TRN-CO,3.5 가솔린,AWD,스틸 그레이,US-GA,south,47840
2026-05,VF3TCAEXTU0036582,TRN,2026,TRN-CO,2.5T 하이브리드,AWD,오션 블루,US-GA,central,47840
2026-05,VF3TSAAXTU0036583,TRN,2026,TRN-SU,3.5 가솔린,AWD,스노우 화이트,US-GA,west,59280
2026-05,VF3TCFFXTU0036584,TRN,2026,TRN-CO,2.5T 하이브리드,FWD,선셋 레드,US-GA,southeast,47840
2026-05,VF3TCFAXTU0036585,TRN,2026,TRN-CO,2.5T 하이브리드,FWD,스노우 화이트,US-GA,west,47840
2026-05,VF3TPAAXTU0036586,TRN,2026,TRN-PR,2.5T 하이브리드,AWD,스노우 화이트,US-GA,northeast,52000
2026-05,VF3TPABXTU0036587,TRN,2026,TRN-PR,2.5T 하이브리드,AWD,미드나잇 블랙,US-GA,southeast,52000
2026-05,VF3TPADXTU0036588,TRN,2026,TRN-PR,3.5 가솔린,AWD,실버,US-GA,west,52000
2026-05,VF3TPAFXTU0036589,TRN,2026,TRN-PR,2.5T 하이브리드,AWD,선셋 레드,US-GA,southeast,52000
2026-05,VF3TPACXTU0036590,TRN,2026,TRN-PR,2.5T 하이브리드,AWD,스틸 그레이,US-GA,southeast,52000
2026-05,VF3TPABXTU0036591,TRN,2026,TRN-PR,2.5T 하이브리드,AWD,미드나잇 블랙,US-GA,southeast,52000
2026-05,VF3TPADXTU0036592,TRN,2026,TRN-PR,2.5T 하이브리드,AWD,실버,US-GA,west,52000
2026-05,VF3TCAAXTU0036593,TRN,2026,TRN-CO,2.5T 하이브리드,AWD,스노우 화이트,US-GA,southeast,47840
2026-05,VF3TCAAXTU0036594,TRN,2026,TRN-CO,3.5 가솔린,AWD,스노우 화이트,US-GA,central,47840
2026-05,VF3TPAAXTU0036595,TRN,2026,TRN-PR,3.5 가솔린,AWD,스노우 화이트,US-GA,central,52000
2026-05,VF3TCAAXTU0036596,TRN,2026,TRN-CO,2.5T 하이브리드,AWD,스노우 화이트,US-GA,southeast,47840
2026-05,VF3TCABXTU0036597,TRN,2026,TRN-CO,2.5T 하이브리드,AWD,미드나잇 블랙,US-GA,west,47840
2026-05,VF3TCADXTU0036598,TRN,2026,TRN-CO,2.5T 하이브리드,AWD,실버,US-GA,west,47840
2026-05,VF3TPFAXTU0036599,TRN,2026,TRN-PR,3.5 가솔린,FWD,스노우 화이트,US-GA,southeast,52000
2026-05,VF3TCABXTU0036600,TRN,2026,TRN-CO,3.5 가솔린,AWD,미드나잇 블랙,US-GA,west,47840
2026-05,VF3TPFAXTU0036601,TRN,2026,TRN-PR,3.5 가솔린,FWD,스노우 화이트,US-GA,west,52000
2026-05,VF3TPFCXTU0036602,TRN,2026,TRN-PR,3.5 가솔린,FWD,스틸 그레이,US-GA,south,52000
2026-05,VF3TSACXTU0036603,TRN,2026,TRN-SU,3.5 가솔린,AWD,스틸 그레이,US-GA,northeast,59280
2026-05,VF3TCACXTU0036604,TRN,2026,TRN-CO,3.5 가솔린,AWD,스틸 그레이,US-GA,central,47840
2026-05,VF3TCFEXTU0036605,TRN,2026,TRN-CO,2.5T 하이브리드,FWD,오션 블루,US-GA,south,47840
2026-05,VF3TSFAXTU0036606,TRN,2026,TRN-SU,2.5T 하이브리드,FWD,스노우 화이트,US-GA,south,59280
2026-05,VF3TPAAXTU0036607,TRN,2026,TRN-PR,2.5T 하이브리드,AWD,스노우 화이트,US-GA,west,52000
2026-05,VF3TPFCXTU0036608,TRN,2026,TRN-PR,3.5 가솔린,FWD,스틸 그레이,US-GA,south,52000
2026-05,VF3TSAAXTU0036609,TRN,2026,TRN-SU,3.5 가솔린,AWD,스노우 화이트,US-GA,central,59280
2026-05,VF3TPFEXTU0036610,TRN,2026,TRN-PR,3.5 가솔린,FWD,오션 블루,US-GA,south,52000
2026-05,VF3TSAFXTU0036611,TRN,2026,TRN-SU,3.5 가솔린,AWD,선셋 레드,US-GA,west,59280
2026-05,VF3TPADXTU0036612,TRN,2026,TRN-PR,2.5T 하이브리드,AWD,실버,US-GA,south,52000
2026-05,VF3TSAEXTU0036613,TRN,2026,TRN-SU,3.5 가솔린,AWD,오션 블루,US-GA,west,59280
2026-05,VF3TPACXTU0036614,TRN,2026,TRN-PR,2.5T 하이브리드,AWD,스틸 그레이,US-GA,south,52000
2026-05,VF3TPACXTU0036615,TRN,2026,TRN-PR,3.5 가솔린,AWD,스틸 그레이,US-GA,southeast,52000
2026-05,VF3TPAFXTU0036616,TRN,2026,TRN-PR,2.5T 하이브리드,AWD,선셋 레드,US-GA,south,52000
2026-05,VF3TSADXTU0036617,TRN,2026,TRN-SU,2.5T 하이브리드,AWD,실버,US-GA,southeast,59280
2026-05,VF3TCAEXTU0036618,TRN,2026,TRN-CO,2.5T 하이브리드,AWD,오션 블루,US-GA,south,47840
2026-05,VF3TSACXTU0036619,TRN,2026,TRN-SU,2.5T 하이브리드,AWD,스틸 그레이,US-GA,northeast,59280
2026-05,VF3TCACXTU0036620,TRN,2026,TRN-CO,2.5T 하이브리드,AWD,스틸 그레이,US-GA,southeast,47840
2026-05,VF3TPAFXTU0036621,TRN,2026,TRN-PR,2.5T 하이브리드,AWD,선셋 레드,US-GA,west,52000
2026-05,VF3TPAAXTU0036622,TRN,2026,TRN-PR,3.5 가솔린,AWD,스노우 화이트,US-GA,northeast,52000
2026-05,VF3TSAAXTU0036623,TRN,2026,TRN-SU,2.5T 하이브리드,AWD,스노우 화이트,US-GA,west,59280
2026-05,VF3TPFCXTU0036624,TRN,2026,TRN-PR,2.5T 하이브리드,FWD,스틸 그레이,US-GA,west,52000
2026-05,VF3TCACXTU0036625,TRN,2026,TRN-CO,2.5T 하이브리드,AWD,스틸 그레이,US-GA,west,47840
2026-05,VF3TPAFXTU0036626,TRN,2026,TRN-PR,3.5 가솔린,AWD,선셋 레드,US-GA,northeast,52000
2026-05,VF3TSADXTU0036627,TRN,2026,TRN-SU,2.5T 하이브리드,AWD,실버,US-GA,central,59280
2026-05,VF3TSABXTU0036628,TRN,2026,TRN-SU,2.5T 하이브리드,AWD,미드나잇 블랙,US-GA,northeast,59280
2026-05,VF3TPFCXTU0036629,TRN,2026,TRN-PR,2.5T 하이브리드,FWD,스틸 그레이,US-GA,southeast,52000
2026-05,VF3TPFAXTU0036630,TRN,2026,TRN-PR,2.5T 하이브리드,FWD,스노우 화이트,US-GA,west,52000
2026-05,VF3TPFEXTU0036631,TRN,2026,TRN-PR,2.5T 하이브리드,FWD,오션 블루,US-GA,west,52000
2026-05,VF3TPAAXTU0036632,TRN,2026,TRN-PR,2.5T 하이브리드,AWD,스노우 화이트,US-GA,west,52000
2026-05,VF3TPABXTU0036633,TRN,2026,TRN-PR,3.5 가솔린,AWD,미드나잇 블랙,US-GA,southeast,52000
2026-05,VF3TPAAXTU0036634,TRN,2026,TRN-PR,2.5T 하이브리드,AWD,스노우 화이트,US-GA,northeast,52000
2026-05,VF3TPAHXTU0036635,TRN,2026,TRN-PR,3.5 가솔린,AWD,샌드 베이지,US-GA,west,52000
2026-05,VF3TPFGXTU0036636,TRN,2026,TRN-PR,2.5T 하이브리드,FWD,포레스트 그린,US-GA,southeast,52000
2026-05,VF3TPAEXTU0036637,TRN,2026,TRN-PR,3.5 가솔린,AWD,오션 블루,US-GA,west,52000
2026-05,VF3TPACXTU0036638,TRN,2026,TRN-PR,2.5T 하이브리드,AWD,스틸 그레이,US-GA,south,52000
2026-05,VF3TSFCXTU0036639,TRN,2026,TRN-SU,2.5T 하이브리드,FWD,스틸 그레이,US-GA,south,59280
2026-05,VF3TPAEXTU0036640,TRN,2026,TRN-PR,3.5 가솔린,AWD,오션 블루,US-GA,northeast,52000
2026-05,VF3TSAHXTU0036641,TRN,2026,TRN-SU,3.5 가솔린,AWD,샌드 베이지,US-GA,northeast,59280
2026-05,VF3TCADXTU0036642,TRN,2026,TRN-CO,3.5 가솔린,AWD,실버,US-GA,northeast,47840
2026-05,VF3TPACXTU0036643,TRN,2026,TRN-PR,3.5 가솔린,AWD,스틸 그레이,US-GA,south,52000
2026-05,VF3TCFGXTU0036644,TRN,2026,TRN-CO,3.5 가솔린,FWD,포레스트 그린,US-GA,south,47840
2026-05,VF3TPADXTU0036645,TRN,2026,TRN-PR,2.5T 하이브리드,AWD,실버,US-GA,northeast,52000
2026-05,VF3TCABXTU0036646,TRN,2026,TRN-CO,2.5T 하이브리드,AWD,미드나잇 블랙,US-GA,northeast,47840
2026-05,VF3TCAHXTU0036647,TRN,2026,TRN-CO,3.5 가솔린,AWD,샌드 베이지,US-GA,southeast,47840
2026-05,VF3TCAGXTU0036648,TRN,2026,TRN-CO,2.5T 하이브리드,AWD,포레스트 그린,US-GA,central,47840
2026-05,VF3TCAFXTU0036649,TRN,2026,TRN-CO,2.5T 하이브리드,AWD,선셋 레드,US-GA,west,47840
2026-05,VF3TCADXTU0036650,TRN,2026,TRN-CO,2.5T 하이브리드,AWD,실버,US-GA,central,47840
2026-05,VF3TPAEXTU0036651,TRN,2026,TRN-PR,3.5 가솔린,AWD,오션 블루,US-GA,south,52000
2026-05,VF3TSFAXTU0036652,TRN,2026,TRN-SU,2.5T 하이브리드,FWD,스노우 화이트,US-GA,south,59280
2026-05,VF3TPADXTU0036653,TRN,2026,TRN-PR,2.5T 하이브리드,AWD,실버,US-GA,northeast,52000
2026-05,VF3TSACXTU0036654,TRN,2026,TRN-SU,2.5T 하이브리드,AWD,스틸 그레이,US-GA,southeast,59280
2026-05,VF3TCAFXTU0036655,TRN,2026,TRN-CO,2.5T 하이브리드,AWD,선셋 레드,US-GA,west,47840
2026-05,VF3TPAFXTU0036656,TRN,2026,TRN-PR,3.5 가솔린,AWD,선셋 레드,US-GA,west,52000
2026-05,VF3TPAFXTU0036657,TRN,2026,TRN-PR,2.5T 하이브리드,AWD,선셋 레드,US-GA,southeast,52000
2026-05,VF3TCABXTU0036658,TRN,2026,TRN-CO,2.5T 하이브리드,AWD,미드나잇 블랙,US-GA,west,47840
2026-05,VF3TPAHXTU0036659,TRN,2026,TRN-PR,2.5T 하이브리드,AWD,샌드 베이지,US-GA,southeast,52000
2026-05,VF3TCABXTU0036660,TRN,2026,TRN-CO,3.5 가솔린,AWD,미드나잇 블랙,US-GA,northeast,47840
2026-05,VF3TSAGXTU0036661,TRN,2026,TRN-SU,3.5 가솔린,AWD,포레스트 그린,US-GA,west,59280
2026-05,VF3TCAAXTU0036662,TRN,2026,TRN-CO,3.5 가솔린,AWD,스노우 화이트,US-GA,northeast,47840
2026-05,VF3TCAAXTU0036663,TRN,2026,TRN-CO,3.5 가솔린,AWD,스노우 화이트,US-GA,west,47840
2026-05,VF3TPFAXTU0036664,TRN,2026,TRN-PR,2.5T 하이브리드,FWD,스노우 화이트,US-GA,south,52000
2026-05,VF3TCFBXTU0036665,TRN,2026,TRN-CO,2.5T 하이브리드,FWD,미드나잇 블랙,US-GA,west,47840
2026-05,VF3TPAFXTU0036666,TRN,2026,TRN-PR,2.5T 하이브리드,AWD,선셋 레드,US-GA,central,52000
2026-05,VF3TSABXTU0036667,TRN,2026,TRN-SU,2.5T 하이브리드,AWD,미드나잇 블랙,US-GA,west,59280
2026-05,VF3TSAAXTU0036668,TRN,2026,TRN-SU,2.5T 하이브리드,AWD,스노우 화이트,US-GA,south,59280
2026-05,VF3TCABXTU0036669,TRN,2026,TRN-CO,2.5T 하이브리드,AWD,미드나잇 블랙,US-GA,southeast,47840
2026-05,VF3TPABXTU0036670,TRN,2026,TRN-PR,3.5 가솔린,AWD,미드나잇 블랙,US-GA,northeast,52000
2026-05,VF3TSADXTU0036671,TRN,2026,TRN-SU,3.5 가솔린,AWD,실버,US-GA,south,59280
2026-05,VF3TCADXTU0036672,TRN,2026,TRN-CO,3.5 가솔린,AWD,실버,US-GA,southeast,47840
2026-05,VF3TPACXTU0036673,TRN,2026,TRN-PR,2.5T 하이브리드,AWD,스틸 그레이,US-GA,central,52000
2026-05,VF3TPAAXTU0036674,TRN,2026,TRN-PR,2.5T 하이브리드,AWD,스노우 화이트,US-GA,northeast,52000
2026-05,VF3TPACXTU0036675,TRN,2026,TRN-PR,3.5 가솔린,AWD,스틸 그레이,US-GA,southeast,52000
2026-05,VF3TCAHXTU0036676,TRN,2026,TRN-CO,3.5 가솔린,AWD,샌드 베이지,US-GA,northeast,47840
2026-05,VF3TCADXTU0036677,TRN,2026,TRN-CO,2.5T 하이브리드,AWD,실버,US-GA,northeast,47840
2026-05,VF3TSFCXTU0036678,TRN,2026,TRN-SU,2.5T 하이브리드,FWD,스틸 그레이,US-GA,southeast,59280
2026-05,VF3TCAAXTU0036679,TRN,2026,TRN-CO,2.5T 하이브리드,AWD,스노우 화이트,US-GA,west,47840
2026-05,VF3TPABXTU0036680,TRN,2026,TRN-PR,2.5T 하이브리드,AWD,미드나잇 블랙,US-GA,south,52000
2026-05,VF3TCAFXTU0036681,TRN,2026,TRN-CO,3.5 가솔린,AWD,선셋 레드,US-GA,central,47840
2026-05,VF3TPAFXTU0036682,TRN,2026,TRN-PR,3.5 가솔린,AWD,선셋 레드,US-GA,south,52000
2026-05,VF3TPABXTU0036683,TRN,2026,TRN-PR,3.5 가솔린,AWD,미드나잇 블랙,US-GA,northeast,52000
2026-05,VF3TSAAXTU0036684,TRN,2026,TRN-SU,2.5T 하이브리드,AWD,스노우 화이트,US-GA,northeast,59280
2026-05,VF3TPACXTU0036685,TRN,2026,TRN-PR,2.5T 하이브리드,AWD,스틸 그레이,US-GA,west,52000
2026-05,VF3TPADXTU0036686,TRN,2026,TRN-PR,2.5T 하이브리드,AWD,실버,US-GA,southeast,52000
2026-05,VF3TPABXTU0036687,TRN,2026,TRN-PR,2.5T 하이브리드,AWD,미드나잇 블랙,US-GA,northeast,52000
2026-05,VF3TCFBXTU0036688,TRN,2026,TRN-CO,2.5T 하이브리드,FWD,미드나잇 블랙,US-GA,south,47840
2026-05,VF3TSFAXTU0036689,TRN,2026,TRN-SU,2.5T 하이브리드,FWD,스노우 화이트,US-GA,southeast,59280
2026-05,VF3TCABXTU0036690,TRN,2026,TRN-CO,2.5T 하이브리드,AWD,미드나잇 블랙,US-GA,west,47840
2026-05,VF3TCADXTU0036691,TRN,2026,TRN-CO,3.5 가솔린,AWD,실버,US-GA,west,47840
2026-05,VF3TSAAXTU0036692,TRN,2026,TRN-SU,3.5 가솔린,AWD,스노우 화이트,US-GA,southeast,59280
2026-05,VF3TCFAXTU0036693,TRN,2026,TRN-CO,2.5T 하이브리드,FWD,스노우 화이트,US-GA,southeast,47840
2026-05,VF3TCFFXTU0036694,TRN,2026,TRN-CO,3.5 가솔린,FWD,선셋 레드,US-GA,west,47840
2026-05,VF3TCFGXTU0036695,TRN,2026,TRN-CO,3.5 가솔린,FWD,포레스트 그린,US-GA,south,47840
2026-05,VF3TCAAXTU0036696,TRN,2026,TRN-CO,3.5 가솔린,AWD,스노우 화이트,US-GA,west,47840
2026-05,VF3TCFBXTU0036697,TRN,2026,TRN-CO,2.5T 하이브리드,FWD,미드나잇 블랙,US-GA,southeast,47840
2026-05,VF3TCABXTU0036698,TRN,2026,TRN-CO,2.5T 하이브리드,AWD,미드나잇 블랙,US-GA,south,47840
2026-05,VF3TPAGXTU0036699,TRN,2026,TRN-PR,2.5T 하이브리드,AWD,포레스트 그린,US-GA,west,52000
2026-05,VF3TPAFXTU0036700,TRN,2026,TRN-PR,2.5T 하이브리드,AWD,선셋 레드,US-GA,central,52000
2026-05,VF3TPACXTU0036701,TRN,2026,TRN-PR,2.5T 하이브리드,AWD,스틸 그레이,US-GA,southeast,52000
2026-05,VF3TPFAXTU0036702,TRN,2026,TRN-PR,3.5 가솔린,FWD,스노우 화이트,US-GA,southeast,52000
2026-05,VF3TPFCXTU0036703,TRN,2026,TRN-PR,3.5 가솔린,FWD,스틸 그레이,US-GA,west,52000
2026-05,VF3TCACXTU0036704,TRN,2026,TRN-CO,2.5T 하이브리드,AWD,스틸 그레이,US-GA,west,47840
2026-05,VF3TPAAXTU0036705,TRN,2026,TRN-PR,2.5T 하이브리드,AWD,스노우 화이트,US-GA,west,52000
2026-05,VF3TPABXTU0036706,TRN,2026,TRN-PR,2.5T 하이브리드,AWD,미드나잇 블랙,US-GA,south,52000
2026-05,VF3TSFEXTU0036707,TRN,2026,TRN-SU,3.5 가솔린,FWD,오션 블루,US-GA,south,59280
2026-05,VF3TPFBXTU0036708,TRN,2026,TRN-PR,3.5 가솔린,FWD,미드나잇 블랙,US-GA,southeast,52000
2026-05,VF3TSFBXTU0036709,TRN,2026,TRN-SU,2.5T 하이브리드,FWD,미드나잇 블랙,US-GA,south,59280
2026-05,VF3TPFHXTU0036710,TRN,2026,TRN-PR,3.5 가솔린,FWD,샌드 베이지,US-GA,south,52000
2026-05,VF3TPFAXTU0036711,TRN,2026,TRN-PR,3.5 가솔린,FWD,스노우 화이트,US-GA,south,52000
2026-05,VF3TPFBXTU0036712,TRN,2026,TRN-PR,3.5 가솔린,FWD,미드나잇 블랙,US-GA,south,52000
2026-05,VF3VPABXTU0036713,VST,2026,VST-PR,1.6T 하이브리드,AWD,미드나잇 블랙,US-GA,northeast,38500
2026-05,VF3VSFDXTU0036714,VST,2026,VST-TR,2.5 가솔린,FWD,실버,US-GA,northeast,43890
2026-05,VF3VPABXTU0036715,VST,2026,VST-PR,2.5 가솔린,AWD,미드나잇 블랙,US-GA,south,38500
2026-05,VF3VCFHXTU0036716,VST,2026,VST-CO,1.6T 하이브리드,FWD,샌드 베이지,US-GA,southeast,35420
2026-05,VF3VCFCXTU0036717,VST,2026,VST-CO,1.6T 하이브리드,FWD,스틸 그레이,US-GA,west,35420
2026-05,VF3VPFAXTU0036718,VST,2026,VST-PR,1.6T 하이브리드,FWD,스노우 화이트,US-GA,west,38500
2026-05,VF3VPACXTU0036719,VST,2026,VST-PR,2.5 가솔린,AWD,스틸 그레이,US-GA,northeast,38500
2026-05,VF3VCAFXTU0036720,VST,2026,VST-CO,1.6T 하이브리드,AWD,선셋 레드,US-GA,northeast,35420
2026-05,VF3VSADXTU0036721,VST,2026,VST-TR,2.5 가솔린,AWD,실버,US-GA,central,43890
2026-05,VF3VPAGXTU0036722,VST,2026,VST-PR,2.5 가솔린,AWD,포레스트 그린,US-GA,central,38500
2026-05,VF3VCABXTU0036723,VST,2026,VST-CO,2.5 가솔린,AWD,미드나잇 블랙,US-GA,northeast,35420
2026-05,VF3VPAAXTU0036724,VST,2026,VST-PR,1.6T 하이브리드,AWD,스노우 화이트,US-GA,southeast,38500
2026-05,VF3VCFEXTU0036725,VST,2026,VST-CO,2.5 가솔린,FWD,오션 블루,US-GA,south,35420
2026-05,VF3VPABXTU0036726,VST,2026,VST-PR,2.5 가솔린,AWD,미드나잇 블랙,US-GA,southeast,38500
2026-05,VF3VPFAXTU0036727,VST,2026,VST-PR,2.5 가솔린,FWD,스노우 화이트,US-GA,south,38500
2026-05,VF3VCFAXTU0036728,VST,2026,VST-CO,2.5 가솔린,FWD,스노우 화이트,US-GA,south,35420
2026-05,VF3VCFFXTU0036729,VST,2026,VST-CO,2.5 가솔린,FWD,선셋 레드,US-GA,central,35420
2026-05,VF3VPAAXTU0036730,VST,2026,VST-PR,1.6T 하이브리드,AWD,스노우 화이트,US-GA,west,38500
2026-05,VF3VPFEXTU0036731,VST,2026,VST-PR,2.5 가솔린,FWD,오션 블루,US-GA,southeast,38500
2026-05,VF3VCAFXTU0036732,VST,2026,VST-CO,1.6T 하이브리드,AWD,선셋 레드,US-GA,west,35420
2026-05,VF3VPFEXTU0036733,VST,2026,VST-PR,2.5 가솔린,FWD,오션 블루,US-GA,south,38500
2026-05,VF3VCFAXTU0036734,VST,2026,VST-CO,2.5 가솔린,FWD,스노우 화이트,US-GA,south,35420
2026-05,VF3VCFHXTU0036735,VST,2026,VST-CO,2.5 가솔린,FWD,샌드 베이지,US-GA,southeast,35420
2026-05,VF3VCFFXTU0036736,VST,2026,VST-CO,1.6T 하이브리드,FWD,선셋 레드,US-GA,west,35420
2026-05,VF3VSABXTU0036737,VST,2026,VST-TR,2.5 가솔린,AWD,미드나잇 블랙,US-GA,northeast,43890
2026-05,VF3VPFBXTU0036738,VST,2026,VST-PR,2.5 가솔린,FWD,미드나잇 블랙,US-GA,west,38500
2026-05,VF3VSAAXTU0036739,VST,2026,VST-TR,1.6T 하이브리드,AWD,스노우 화이트,US-GA,west,43890
2026-05,VF3VCFCXTU0036740,VST,2026,VST-CO,1.6T 하이브리드,FWD,스틸 그레이,US-GA,northeast,35420
2026-05,VF3VCFCXTU0036741,VST,2026,VST-CO,1.6T 하이브리드,FWD,스틸 그레이,US-GA,northeast,35420
2026-05,VF3VSABXTU0036742,VST,2026,VST-TR,2.5 가솔린,AWD,미드나잇 블랙,US-GA,west,43890
2026-05,VF3VSFDXTU0036743,VST,2026,VST-TR,1.6T 하이브리드,FWD,실버,US-GA,west,43890
2026-05,VF3VPAAXTU0036744,VST,2026,VST-PR,1.6T 하이브리드,AWD,스노우 화이트,US-GA,west,38500
2026-05,VF3VSFFXTU0036745,VST,2026,VST-TR,1.6T 하이브리드,FWD,선셋 레드,US-GA,northeast,43890
2026-05,VF3VPAAXTU0036746,VST,2026,VST-PR,1.6T 하이브리드,AWD,스노우 화이트,US-GA,south,38500
2026-05,VF3VCFAXTU0036747,VST,2026,VST-CO,2.5 가솔린,FWD,스노우 화이트,US-GA,south,35420
2026-05,VF3VSFAXTU0036748,VST,2026,VST-TR,1.6T 하이브리드,FWD,스노우 화이트,US-GA,west,43890
2026-05,VF3VPACXTU0036749,VST,2026,VST-PR,1.6T 하이브리드,AWD,스틸 그레이,US-GA,southeast,38500
2026-05,VF3VCFDXTU0036750,VST,2026,VST-CO,2.5 가솔린,FWD,실버,US-GA,west,35420
2026-05,VF3VCFFXTU0036751,VST,2026,VST-CO,1.6T 하이브리드,FWD,선셋 레드,US-GA,southeast,35420
2026-05,VF3VPFDXTU0036752,VST,2026,VST-PR,1.6T 하이브리드,FWD,실버,US-GA,southeast,38500
2026-05,VF3VCFAXTU0036753,VST,2026,VST-CO,2.5 가솔린,FWD,스노우 화이트,US-GA,northeast,35420
2026-05,VF3VSFFXTU0036754,VST,2026,VST-TR,2.5 가솔린,FWD,선셋 레드,US-GA,south,43890
2026-05,VF3VSADXTU0036755,VST,2026,VST-TR,1.6T 하이브리드,AWD,실버,US-GA,northeast,43890
2026-05,VF3VCFBXTU0036756,VST,2026,VST-CO,2.5 가솔린,FWD,미드나잇 블랙,US-GA,south,35420
2026-05,VF3VSAAXTU0036757,VST,2026,VST-TR,1.6T 하이브리드,AWD,스노우 화이트,US-GA,northeast,43890
2026-05,VF3VPABXTU0036758,VST,2026,VST-PR,2.5 가솔린,AWD,미드나잇 블랙,US-GA,northeast,38500
2026-05,VF3VPFAXTU0036759,VST,2026,VST-PR,2.5 가솔린,FWD,스노우 화이트,US-GA,central,38500
2026-05,VF3VCADXTU0036760,VST,2026,VST-CO,2.5 가솔린,AWD,실버,US-GA,northeast,35420
2026-05,VF3VCAAXTU0036761,VST,2026,VST-CO,2.5 가솔린,AWD,스노우 화이트,US-GA,west,35420
2026-05,VF3VCAAXTU0036762,VST,2026,VST-CO,1.6T 하이브리드,AWD,스노우 화이트,US-GA,west,35420
2026-05,VF3VSACXTU0036763,VST,2026,VST-TR,2.5 가솔린,AWD,스틸 그레이,US-GA,southeast,43890
2026-05,VF3VCACXTU0036764,VST,2026,VST-CO,1.6T 하이브리드,AWD,스틸 그레이,US-GA,southeast,35420
2026-05,VF3VSFEXTU0036765,VST,2026,VST-TR,2.5 가솔린,FWD,오션 블루,US-GA,southeast,43890
2026-05,VF3VSFAXTU0036766,VST,2026,VST-TR,1.6T 하이브리드,FWD,스노우 화이트,US-GA,southeast,43890
2026-05,VF3VCABXTU0036767,VST,2026,VST-CO,1.6T 하이브리드,AWD,미드나잇 블랙,US-GA,central,35420
2026-05,VF3VPFGXTU0036768,VST,2026,VST-PR,1.6T 하이브리드,FWD,포레스트 그린,US-GA,northeast,38500
2026-05,VF3VPAEXTU0036769,VST,2026,VST-PR,2.5 가솔린,AWD,오션 블루,US-GA,southeast,38500
2026-05,VF3VPAHXTU0036770,VST,2026,VST-PR,1.6T 하이브리드,AWD,샌드 베이지,US-GA,central,38500
2026-05,VF3VCABXTU0036771,VST,2026,VST-CO,1.6T 하이브리드,AWD,미드나잇 블랙,US-GA,west,35420
2026-05,VF3VCFCXTU0036772,VST,2026,VST-CO,2.5 가솔린,FWD,스틸 그레이,US-GA,southeast,35420
2026-05,VF3VCAAXTU0036773,VST,2026,VST-CO,2.5 가솔린,AWD,스노우 화이트,US-GA,southeast,35420
2026-05,VF3VCABXTU0036774,VST,2026,VST-CO,2.5 가솔린,AWD,미드나잇 블랙,US-GA,central,35420
2026-05,VF3VCFCXTU0036775,VST,2026,VST-CO,2.5 가솔린,FWD,스틸 그레이,US-GA,northeast,35420
2026-05,VF3VSFGXTU0036776,VST,2026,VST-TR,2.5 가솔린,FWD,포레스트 그린,US-GA,northeast,43890
2026-05,VF3VPABXTU0036777,VST,2026,VST-PR,1.6T 하이브리드,AWD,미드나잇 블랙,US-GA,west,38500
2026-05,VF3VPACXTU0036778,VST,2026,VST-PR,1.6T 하이브리드,AWD,스틸 그레이,US-GA,central,38500
2026-05,VF3VPFHXTU0036779,VST,2026,VST-PR,2.5 가솔린,FWD,샌드 베이지,US-GA,central,38500
2026-05,VF3VSAAXTU0036780,VST,2026,VST-TR,1.6T 하이브리드,AWD,스노우 화이트,US-GA,south,43890
2026-05,VF3VCFCXTU0036781,VST,2026,VST-CO,1.6T 하이브리드,FWD,스틸 그레이,US-GA,west,35420
2026-05,VF3VSFDXTU0036782,VST,2026,VST-TR,2.5 가솔린,FWD,실버,US-GA,south,43890
2026-05,VF3VCABXTU0036783,VST,2026,VST-CO,1.6T 하이브리드,AWD,미드나잇 블랙,US-GA,northeast,35420
2026-05,VF3VCAEXTU0036784,VST,2026,VST-CO,2.5 가솔린,AWD,오션 블루,US-GA,southeast,35420
2026-05,VF3VPABXTU0036785,VST,2026,VST-PR,2.5 가솔린,AWD,미드나잇 블랙,US-GA,west,38500
2026-05,VF3VCFDXTU0036786,VST,2026,VST-CO,1.6T 하이브리드,FWD,실버,US-GA,southeast,35420
2026-05,VF3VPADXTU0036787,VST,2026,VST-PR,1.6T 하이브리드,AWD,실버,US-GA,central,38500
2026-05,VF3VCFFXTU0036788,VST,2026,VST-CO,1.6T 하이브리드,FWD,선셋 레드,US-GA,northeast,35420
2026-05,VF3VPFBXTU0036789,VST,2026,VST-PR,1.6T 하이브리드,FWD,미드나잇 블랙,US-GA,northeast,38500
2026-05,VF3VCAEXTU0036790,VST,2026,VST-CO,2.5 가솔린,AWD,오션 블루,US-GA,northeast,35420
2026-05,VF3VPFEXTU0036791,VST,2026,VST-PR,2.5 가솔린,FWD,오션 블루,US-GA,southeast,38500
2026-05,VF3VCFBXTU0036792,VST,2026,VST-CO,2.5 가솔린,FWD,미드나잇 블랙,US-GA,south,35420
2026-05,VF3VPAAXTU0036793,VST,2026,VST-PR,2.5 가솔린,AWD,스노우 화이트,US-GA,southeast,38500
2026-05,VF3VPADXTU0036794,VST,2026,VST-PR,1.6T 하이브리드,AWD,실버,US-GA,southeast,38500
2026-05,VF3VPAAXTU0036795,VST,2026,VST-PR,1.6T 하이브리드,AWD,스노우 화이트,US-GA,west,38500
2026-05,VF3VPFBXTU0036796,VST,2026,VST-PR,1.6T 하이브리드,FWD,미드나잇 블랙,US-GA,southeast,38500
2026-05,VF3VPADXTU0036797,VST,2026,VST-PR,2.5 가솔린,AWD,실버,US-GA,south,38500
2026-05,VF3VCADXTU0036798,VST,2026,VST-CO,1.6T 하이브리드,AWD,실버,US-GA,west,35420
2026-05,VF3VSFCXTU0036799,VST,2026,VST-TR,2.5 가솔린,FWD,스틸 그레이,US-GA,southeast,43890
2026-05,VF3VPAEXTU0036800,VST,2026,VST-PR,2.5 가솔린,AWD,오션 블루,US-GA,south,38500
2026-05,VF3VCAAXTU0036801,VST,2026,VST-CO,2.5 가솔린,AWD,스노우 화이트,US-GA,central,35420
2026-05,VF3VCABXTU0036802,VST,2026,VST-CO,1.6T 하이브리드,AWD,미드나잇 블랙,US-GA,central,35420
2026-05,VF3VSACXTU0036803,VST,2026,VST-TR,1.6T 하이브리드,AWD,스틸 그레이,US-GA,southeast,43890
2026-05,VF3VPFBXTU0036804,VST,2026,VST-PR,2.5 가솔린,FWD,미드나잇 블랙,US-GA,west,38500
2026-05,VF3VCAAXTU0036805,VST,2026,VST-CO,1.6T 하이브리드,AWD,스노우 화이트,US-GA,northeast,35420
2026-05,VF3VCAGXTU0036806,VST,2026,VST-CO,1.6T 하이브리드,AWD,포레스트 그린,US-GA,south,35420
2026-05,VF3VCFCXTU0036807,VST,2026,VST-CO,1.6T 하이브리드,FWD,스틸 그레이,US-GA,west,35420
2026-05,VF3VCAAXTU0036808,VST,2026,VST-CO,2.5 가솔린,AWD,스노우 화이트,US-GA,northeast,35420
2026-05,VF3VCABXTU0036809,VST,2026,VST-CO,1.6T 하이브리드,AWD,미드나잇 블랙,US-GA,northeast,35420
2026-05,VF3VCFAXTU0036810,VST,2026,VST-CO,1.6T 하이브리드,FWD,스노우 화이트,US-GA,southeast,35420
2026-05,VF3VSABXTU0036811,VST,2026,VST-TR,1.6T 하이브리드,AWD,미드나잇 블랙,US-GA,south,43890
2026-05,VF3VCAAXTU0036812,VST,2026,VST-CO,1.6T 하이브리드,AWD,스노우 화이트,US-GA,central,35420
2026-05,VF3VCACXTU0036813,VST,2026,VST-CO,1.6T 하이브리드,AWD,스틸 그레이,US-GA,west,35420
2026-05,VF3VPAEXTU0036814,VST,2026,VST-PR,2.5 가솔린,AWD,오션 블루,US-GA,northeast,38500
2026-05,VF3VPFHXTU0036815,VST,2026,VST-PR,1.6T 하이브리드,FWD,샌드 베이지,US-GA,west,38500
2026-05,VF3VSAFXTU0036816,VST,2026,VST-TR,2.5 가솔린,AWD,선셋 레드,US-GA,south,43890
2026-05,VF3VSAAXTU0036817,VST,2026,VST-TR,2.5 가솔린,AWD,스노우 화이트,US-GA,northeast,43890
2026-05,VF3VPAAXTU0036818,VST,2026,VST-PR,1.6T 하이브리드,AWD,스노우 화이트,US-GA,west,38500
2026-05,VF3VCAGXTU0036819,VST,2026,VST-CO,2.5 가솔린,AWD,포레스트 그린,US-GA,south,35420
2026-05,VF3VPFAXTU0036820,VST,2026,VST-PR,1.6T 하이브리드,FWD,스노우 화이트,US-GA,west,38500
2026-05,VF3VPFBXTU0036821,VST,2026,VST-PR,2.5 가솔린,FWD,미드나잇 블랙,US-GA,central,38500
2026-05,VF3VSAEXTU0036822,VST,2026,VST-TR,1.6T 하이브리드,AWD,오션 블루,US-GA,west,43890
2026-05,VF3VPAGXTU0036823,VST,2026,VST-PR,2.5 가솔린,AWD,포레스트 그린,US-GA,west,38500
2026-05,VF3VCFCXTU0036824,VST,2026,VST-CO,2.5 가솔린,FWD,스틸 그레이,US-GA,west,35420
2026-05,VF3VPFCXTU0036825,VST,2026,VST-PR,1.6T 하이브리드,FWD,스틸 그레이,US-GA,northeast,38500
2026-05,VF3VPFCXTU0036826,VST,2026,VST-PR,1.6T 하이브리드,FWD,스틸 그레이,US-GA,southeast,38500
2026-05,VF3VCFAXTU0036827,VST,2026,VST-CO,1.6T 하이브리드,FWD,스노우 화이트,US-GA,central,35420
2026-05,VF3VCADXTU0036828,VST,2026,VST-CO,2.5 가솔린,AWD,실버,US-GA,south,35420
2026-05,VF3VPFGXTU0036829,VST,2026,VST-PR,2.5 가솔린,FWD,포레스트 그린,US-GA,south,38500
2026-05,VF3VSABXTU0036830,VST,2026,VST-TR,1.6T 하이브리드,AWD,미드나잇 블랙,US-GA,southeast,43890
2026-05,VF3VPABXTU0036831,VST,2026,VST-PR,1.6T 하이브리드,AWD,미드나잇 블랙,US-GA,central,38500
2026-05,VF3VPFAXTU0036832,VST,2026,VST-PR,2.5 가솔린,FWD,스노우 화이트,US-GA,west,38500
2026-05,VF3VPADXTU0036833,VST,2026,VST-PR,2.5 가솔린,AWD,실버,US-GA,northeast,38500
2026-05,VF3VCFDXTU0036834,VST,2026,VST-CO,1.6T 하이브리드,FWD,실버,US-GA,southeast,35420
2026-05,VF3VSFAXTU0036835,VST,2026,VST-TR,1.6T 하이브리드,FWD,스노우 화이트,US-GA,southeast,43890
2026-05,VF3VPFDXTU0036836,VST,2026,VST-PR,2.5 가솔린,FWD,실버,US-GA,central,38500
2026-05,VF3VCFDXTU0036837,VST,2026,VST-CO,1.6T 하이브리드,FWD,실버,US-GA,southeast,35420
2026-05,VF3VPACXTU0036838,VST,2026,VST-PR,1.6T 하이브리드,AWD,스틸 그레이,US-GA,central,38500
2026-05,VF3VCFDXTU0036839,VST,2026,VST-CO,1.6T 하이브리드,FWD,실버,US-GA,south,35420
2026-05,VF3VSFBXTU0036840,VST,2026,VST-TR,2.5 가솔린,FWD,미드나잇 블랙,US-GA,west,43890
2026-05,VF3VCABXTU0036841,VST,2026,VST-CO,1.6T 하이브리드,AWD,미드나잇 블랙,US-GA,central,35420
2026-05,VF3VCFDXTU0036842,VST,2026,VST-CO,2.5 가솔린,FWD,실버,US-GA,west,35420
2026-05,VF3VPFCXTU0036843,VST,2026,VST-PR,2.5 가솔린,FWD,스틸 그레이,US-GA,central,38500
2026-05,VF3VPADXTU0036844,VST,2026,VST-PR,2.5 가솔린,AWD,실버,US-GA,west,38500
2026-05,VF3VPFBXTU0036845,VST,2026,VST-PR,1.6T 하이브리드,FWD,미드나잇 블랙,US-GA,northeast,38500
2026-05,VF3VSAFXTU0036846,VST,2026,VST-TR,1.6T 하이브리드,AWD,선셋 레드,US-GA,west,43890
2026-05,VF3VPABXTU0036847,VST,2026,VST-PR,2.5 가솔린,AWD,미드나잇 블랙,US-GA,southeast,38500
2026-05,VF3VPADXTU0036848,VST,2026,VST-PR,1.6T 하이브리드,AWD,실버,US-GA,southeast,38500
2026-05,VF3VPFAXTU0036849,VST,2026,VST-PR,1.6T 하이브리드,FWD,스노우 화이트,US-GA,south,38500
2026-05,VF3VPFCXTU0036850,VST,2026,VST-PR,2.5 가솔린,FWD,스틸 그레이,US-GA,southeast,38500
2026-05,VF3VPAAXTU0036851,VST,2026,VST-PR,1.6T 하이브리드,AWD,스노우 화이트,US-GA,south,38500
2026-05,VF3VSABXTU0036852,VST,2026,VST-TR,1.6T 하이브리드,AWD,미드나잇 블랙,US-GA,southeast,43890
2026-05,VF3VPADXTU0036853,VST,2026,VST-PR,2.5 가솔린,AWD,실버,US-GA,central,38500
2026-05,VF3VSAGXTU0036854,VST,2026,VST-TR,2.5 가솔린,AWD,포레스트 그린,US-GA,south,43890
2026-05,VF3VCFBXTU0036855,VST,2026,VST-CO,1.6T 하이브리드,FWD,미드나잇 블랙,US-GA,west,35420
2026-05,VF3VPFAXTU0036856,VST,2026,VST-PR,1.6T 하이브리드,FWD,스노우 화이트,US-GA,northeast,38500
2026-05,VF3VCACXTU0036857,VST,2026,VST-CO,1.6T 하이브리드,AWD,스틸 그레이,US-GA,central,35420
2026-05,VF3VCFGXTU0036858,VST,2026,VST-CO,2.5 가솔린,FWD,포레스트 그린,US-GA,south,35420
2026-05,VF3VCFAXTU0036859,VST,2026,VST-CO,1.6T 하이브리드,FWD,스노우 화이트,US-GA,south,35420
2026-05,VF3VPAEXTU0036860,VST,2026,VST-PR,1.6T 하이브리드,AWD,오션 블루,US-GA,southeast,38500
2026-05,VF3VCABXTU0036861,VST,2026,VST-CO,1.6T 하이브리드,AWD,미드나잇 블랙,US-GA,south,35420
2026-05,VF3VSAFXTU0036862,VST,2026,VST-TR,1.6T 하이브리드,AWD,선셋 레드,US-GA,west,43890
2026-05,VF3VPFDXTU0036863,VST,2026,VST-PR,1.6T 하이브리드,FWD,실버,US-GA,northeast,38500
2026-05,VF3VPFBXTU0036864,VST,2026,VST-PR,1.6T 하이브리드,FWD,미드나잇 블랙,US-GA,west,38500
2026-05,VF3VSAAXTU0036865,VST,2026,VST-TR,1.6T 하이브리드,AWD,스노우 화이트,US-GA,central,43890
2026-05,VF3VSFAXTU0036866,VST,2026,VST-TR,1.6T 하이브리드,FWD,스노우 화이트,US-GA,southeast,43890
2026-05,VF3VCABXTU0036867,VST,2026,VST-CO,1.6T 하이브리드,AWD,미드나잇 블랙,US-GA,west,35420
2026-05,VF3VPFAXTU0036868,VST,2026,VST-PR,2.5 가솔린,FWD,스노우 화이트,US-GA,northeast,38500
2026-05,VF3VPFEXTU0036869,VST,2026,VST-PR,1.6T 하이브리드,FWD,오션 블루,US-GA,west,38500
2026-05,VF3VPACXTU0036870,VST,2026,VST-PR,1.6T 하이브리드,AWD,스틸 그레이,US-GA,southeast,38500
2026-05,VF3VSFCXTU0036871,VST,2026,VST-TR,2.5 가솔린,FWD,스틸 그레이,US-GA,southeast,43890
2026-05,VF3VPFDXTU0036872,VST,2026,VST-PR,2.5 가솔린,FWD,실버,US-GA,west,38500
2026-05,VF3VCFAXTU0036873,VST,2026,VST-CO,2.5 가솔린,FWD,스노우 화이트,US-GA,southeast,35420
2026-05,VF3VCFAXTU0036874,VST,2026,VST-CO,1.6T 하이브리드,FWD,스노우 화이트,US-GA,west,35420
2026-05,VF3VPFBXTU0036875,VST,2026,VST-PR,1.6T 하이브리드,FWD,미드나잇 블랙,US-GA,south,38500
2026-05,VF3VSFDXTU0036876,VST,2026,VST-TR,2.5 가솔린,FWD,실버,US-GA,southeast,43890
2026-05,VF3VPFBXTU0036877,VST,2026,VST-PR,1.6T 하이브리드,FWD,미드나잇 블랙,US-GA,west,38500
2026-05,VF3VPFBXTU0036878,VST,2026,VST-PR,1.6T 하이브리드,FWD,미드나잇 블랙,US-GA,southeast,38500
2026-05,VF3VCAAXTU0036879,VST,2026,VST-CO,1.6T 하이브리드,AWD,스노우 화이트,US-GA,south,35420
2026-05,VF3VCFHXTU0036880,VST,2026,VST-CO,1.6T 하이브리드,FWD,샌드 베이지,US-GA,southeast,35420
2026-05,VF3VCFDXTU0036881,VST,2026,VST-CO,2.5 가솔린,FWD,실버,US-GA,central,35420
2026-05,VF3VSACXTU0036882,VST,2026,VST-TR,2.5 가솔린,AWD,스틸 그레이,US-GA,southeast,43890
2026-05,VF3VCFBXTU0036883,VST,2026,VST-CO,1.6T 하이브리드,FWD,미드나잇 블랙,US-GA,southeast,35420
2026-05,VF3VCFAXTU0036884,VST,2026,VST-CO,1.6T 하이브리드,FWD,스노우 화이트,US-GA,west,35420
2026-05,VF3VCFDXTU0036885,VST,2026,VST-CO,1.6T 하이브리드,FWD,실버,US-GA,west,35420
2026-05,VF3VCFCXTU0036886,VST,2026,VST-CO,1.6T 하이브리드,FWD,스틸 그레이,US-GA,south,35420
2026-05,VF3VSABXTU0036887,VST,2026,VST-TR,1.6T 하이브리드,AWD,미드나잇 블랙,US-GA,southeast,43890
2026-05,VF3VCFCXTU0036888,VST,2026,VST-CO,1.6T 하이브리드,FWD,스틸 그레이,US-GA,central,35420
2026-05,VF3VCFBXTU0036889,VST,2026,VST-CO,2.5 가솔린,FWD,미드나잇 블랙,US-GA,south,35420
2026-05,VF3VCFCXTU0036890,VST,2026,VST-CO,2.5 가솔린,FWD,스틸 그레이,US-GA,northeast,35420
2026-05,VF3VCFBXTU0036891,VST,2026,VST-CO,1.6T 하이브리드,FWD,미드나잇 블랙,US-GA,southeast,35420
2026-05,VF3VPAFXTU0036892,VST,2026,VST-PR,2.5 가솔린,AWD,선셋 레드,US-GA,west,38500
2026-05,VF3VCACXTU0036893,VST,2026,VST-CO,2.5 가솔린,AWD,스틸 그레이,US-GA,west,35420
2026-05,VF3VSFAXTU0036894,VST,2026,VST-TR,1.6T 하이브리드,FWD,스노우 화이트,US-GA,west,43890
2026-05,VF3VCAGXTU0036895,VST,2026,VST-CO,1.6T 하이브리드,AWD,포레스트 그린,US-GA,south,35420
2026-05,VF3VPFBXTU0036896,VST,2026,VST-PR,1.6T 하이브리드,FWD,미드나잇 블랙,US-GA,west,38500
2026-05,VF3VPFBXTU0036897,VST,2026,VST-PR,1.6T 하이브리드,FWD,미드나잇 블랙,US-GA,northeast,38500
2026-05,VF3VCFCXTU0036898,VST,2026,VST-CO,2.5 가솔린,FWD,스틸 그레이,US-GA,west,35420
2026-05,VF3VCABXTU0036899,VST,2026,VST-CO,1.6T 하이브리드,AWD,미드나잇 블랙,US-GA,central,35420
2026-05,VF3VPAEXTU0036900,VST,2026,VST-PR,2.5 가솔린,AWD,오션 블루,US-GA,central,38500
2026-05,VF3VCFDXTU0036901,VST,2026,VST-CO,2.5 가솔린,FWD,실버,US-GA,southeast,35420
2026-05,VF3VCAFXTU0036902,VST,2026,VST-CO,1.6T 하이브리드,AWD,선셋 레드,US-GA,southeast,35420
2026-05,VF3VSFBXTU0036903,VST,2026,VST-TR,1.6T 하이브리드,FWD,미드나잇 블랙,US-GA,west,43890
2026-05,VF3VCFEXTU0036904,VST,2026,VST-CO,1.6T 하이브리드,FWD,오션 블루,US-GA,west,35420
2026-05,VF3VPFBXTU0036905,VST,2026,VST-PR,1.6T 하이브리드,FWD,미드나잇 블랙,US-GA,west,38500
2026-05,VF3VPFEXTU0036906,VST,2026,VST-PR,2.5 가솔린,FWD,오션 블루,US-GA,southeast,38500
2026-05,VF3VPFBXTU0036907,VST,2026,VST-PR,1.6T 하이브리드,FWD,미드나잇 블랙,US-GA,central,38500
2026-05,VF3VCFCXTU0036908,VST,2026,VST-CO,2.5 가솔린,FWD,스틸 그레이,US-GA,west,35420
2026-05,VF3VPACXTU0036909,VST,2026,VST-PR,2.5 가솔린,AWD,스틸 그레이,US-GA,south,38500
2026-05,VF3VPAAXTU0036910,VST,2026,VST-PR,1.6T 하이브리드,AWD,스노우 화이트,US-GA,west,38500
2026-05,VF3VPAFXTU0036911,VST,2026,VST-PR,2.5 가솔린,AWD,선셋 레드,US-GA,south,38500
2026-05,VF3VCFAXTU0036912,VST,2026,VST-CO,1.6T 하이브리드,FWD,스노우 화이트,US-GA,southeast,35420
2026-05,VF3VPABXTU0036913,VST,2026,VST-PR,2.5 가솔린,AWD,미드나잇 블랙,US-GA,central,38500
2026-05,VF3VCFBXTU0036914,VST,2026,VST-CO,1.6T 하이브리드,FWD,미드나잇 블랙,US-GA,south,35420
2026-05,VF3VSFGXTU0036915,VST,2026,VST-TR,1.6T 하이브리드,FWD,포레스트 그린,US-GA,northeast,43890
2026-05,VF3VPFBXTU0036916,VST,2026,VST-PR,1.6T 하이브리드,FWD,미드나잇 블랙,US-GA,central,38500
2026-05,VF3VCAEXTU0036917,VST,2026,VST-CO,1.6T 하이브리드,AWD,오션 블루,US-GA,south,35420
2026-05,VF3VCFBXTU0036918,VST,2026,VST-CO,1.6T 하이브리드,FWD,미드나잇 블랙,US-GA,south,35420
2026-05,VF3VCAGXTU0036919,VST,2026,VST-CO,2.5 가솔린,AWD,포레스트 그린,US-GA,northeast,35420
2026-05,VF3VPAAXTU0036920,VST,2026,VST-PR,1.6T 하이브리드,AWD,스노우 화이트,US-GA,northeast,38500
2026-05,VF3VCAAXTU0036921,VST,2026,VST-CO,2.5 가솔린,AWD,스노우 화이트,US-GA,south,35420
2026-05,VF3VCFEXTU0036922,VST,2026,VST-CO,2.5 가솔린,FWD,오션 블루,US-GA,west,35420
2026-05,VF3VPFEXTU0036923,VST,2026,VST-PR,1.6T 하이브리드,FWD,오션 블루,US-GA,southeast,38500
2026-05,VF3VPAGXTU0036924,VST,2026,VST-PR,1.6T 하이브리드,AWD,포레스트 그린,US-GA,south,38500
2026-05,VF3VPACXTU0036925,VST,2026,VST-PR,1.6T 하이브리드,AWD,스틸 그레이,US-GA,central,38500
2026-05,VF3VPFHXTU0036926,VST,2026,VST-PR,2.5 가솔린,FWD,샌드 베이지,US-GA,west,38500
2026-05,VF3VCFDXTU0036927,VST,2026,VST-CO,2.5 가솔린,FWD,실버,US-GA,southeast,35420
2026-05,VF3VCABXTU0036928,VST,2026,VST-CO,2.5 가솔린,AWD,미드나잇 블랙,US-GA,northeast,35420
2026-05,VF3VSFBXTU0036929,VST,2026,VST-TR,1.6T 하이브리드,FWD,미드나잇 블랙,US-GA,south,43890
2026-05,VF3VSACXTU0036930,VST,2026,VST-TR,2.5 가솔린,AWD,스틸 그레이,US-GA,west,43890
2026-05,VF3VCFEXTU0036931,VST,2026,VST-CO,1.6T 하이브리드,FWD,오션 블루,US-GA,west,35420
2026-05,VF3VPABXTU0036932,VST,2026,VST-PR,2.5 가솔린,AWD,미드나잇 블랙,US-GA,south,38500
2026-05,VF3VPFAXTU0036933,VST,2026,VST-PR,2.5 가솔린,FWD,스노우 화이트,US-GA,west,38500
2026-05,VF3VCFGXTU0036934,VST,2026,VST-CO,2.5 가솔린,FWD,포레스트 그린,US-GA,southeast,35420
2026-05,VF3VCFBXTU0036935,VST,2026,VST-CO,2.5 가솔린,FWD,미드나잇 블랙,US-GA,south,35420
2026-05,VF3VCFDXTU0036936,VST,2026,VST-CO,2.5 가솔린,FWD,실버,US-GA,southeast,35420
2026-05,VF3VCFCXTU0036937,VST,2026,VST-CO,2.5 가솔린,FWD,스틸 그레이,US-GA,west,35420
2026-05,VF3VCACXTU0036938,VST,2026,VST-CO,1.6T 하이브리드,AWD,스틸 그레이,US-GA,west,35420
2026-05,VF3VCFAXTU0036939,VST,2026,VST-CO,2.5 가솔린,FWD,스노우 화이트,US-GA,northeast,35420
2026-05,VF3VCFAXTU0036940,VST,2026,VST-CO,1.6T 하이브리드,FWD,스노우 화이트,US-GA,southeast,35420
2026-05,VF3VPFBXTU0036941,VST,2026,VST-PR,2.5 가솔린,FWD,미드나잇 블랙,US-GA,northeast,38500
2026-05,VF3VSFBXTU0036942,VST,2026,VST-TR,2.5 가솔린,FWD,미드나잇 블랙,US-GA,west,43890
2026-05,VF3VCFEXTU0036943,VST,2026,VST-CO,2.5 가솔린,FWD,오션 블루,US-GA,northeast,35420
2026-05,VF3VPABXTU0036944,VST,2026,VST-PR,1.6T 하이브리드,AWD,미드나잇 블랙,US-GA,west,38500
2026-05,VF3VCAFXTU0036945,VST,2026,VST-CO,2.5 가솔린,AWD,선셋 레드,US-GA,west,35420
2026-05,VF3VPAAXTU0036946,VST,2026,VST-PR,2.5 가솔린,AWD,스노우 화이트,US-GA,south,38500
2026-05,VF3VPAEXTU0036947,VST,2026,VST-PR,1.6T 하이브리드,AWD,오션 블루,US-GA,central,38500
2026-05,VF3VCFCXTU0036948,VST,2026,VST-CO,2.5 가솔린,FWD,스틸 그레이,US-GA,south,35420
2026-05,VF3VPACXTU0036949,VST,2026,VST-PR,1.6T 하이브리드,AWD,스틸 그레이,US-GA,southeast,38500
2026-05,VF3VPABXTU0036950,VST,2026,VST-PR,2.5 가솔린,AWD,미드나잇 블랙,US-GA,northeast,38500
2026-05,VF3VSFDXTU0036951,VST,2026,VST-TR,1.6T 하이브리드,FWD,실버,US-GA,south,43890
2026-05,VF3VPFAXTU0036952,VST,2026,VST-PR,1.6T 하이브리드,FWD,스노우 화이트,US-GA,south,38500
2026-05,VF3VCABXTU0036953,VST,2026,VST-CO,1.6T 하이브리드,AWD,미드나잇 블랙,US-GA,northeast,35420
2026-05,VF3VPAGXTU0036954,VST,2026,VST-PR,2.5 가솔린,AWD,포레스트 그린,US-GA,west,38500
2026-05,VF3VCAGXTU0036955,VST,2026,VST-CO,1.6T 하이브리드,AWD,포레스트 그린,US-GA,northeast,35420
2026-05,VF3VSAGXTU0036956,VST,2026,VST-TR,1.6T 하이브리드,AWD,포레스트 그린,US-GA,south,43890
2026-05,VF3VCFDXTU0036957,VST,2026,VST-CO,2.5 가솔린,FWD,실버,US-GA,southeast,35420
2026-05,VF3VSFBXTU0036958,VST,2026,VST-TR,1.6T 하이브리드,FWD,미드나잇 블랙,US-GA,south,43890
2026-05,VF3VPFBXTU0036959,VST,2026,VST-PR,1.6T 하이브리드,FWD,미드나잇 블랙,US-GA,west,38500
2026-05,VF3VPFCXTU0036960,VST,2026,VST-PR,1.6T 하이브리드,FWD,스틸 그레이,US-GA,south,38500
2026-05,VF3VCAFXTU0036961,VST,2026,VST-CO,1.6T 하이브리드,AWD,선셋 레드,US-GA,southeast,35420
2026-05,VF3VCFBXTU0036962,VST,2026,VST-CO,2.5 가솔린,FWD,미드나잇 블랙,US-GA,central,35420
2026-05,VF3VSFAXTU0036963,VST,2026,VST-TR,2.5 가솔린,FWD,스노우 화이트,US-GA,south,43890
2026-05,VF3VPACXTU0036964,VST,2026,VST-PR,2.5 가솔린,AWD,스틸 그레이,US-GA,northeast,38500
2026-05,VF3VCFCXTU0036965,VST,2026,VST-CO,1.6T 하이브리드,FWD,스틸 그레이,US-GA,southeast,35420
2026-05,VF3VPFCXTU0036966,VST,2026,VST-PR,1.6T 하이브리드,FWD,스틸 그레이,US-GA,west,38500
2026-05,VF3VCABXTU0036967,VST,2026,VST-CO,2.5 가솔린,AWD,미드나잇 블랙,US-GA,south,35420
2026-05,VF3VCAFXTU0036968,VST,2026,VST-CO,2.5 가솔린,AWD,선셋 레드,US-GA,west,35420
2026-05,VF3VSFEXTU0036969,VST,2026,VST-TR,1.6T 하이브리드,FWD,오션 블루,US-GA,west,43890
2026-05,VF3VPABXTU0036970,VST,2026,VST-PR,1.6T 하이브리드,AWD,미드나잇 블랙,US-GA,northeast,38500
2026-05,VF3VPAAXTU0036971,VST,2026,VST-PR,1.6T 하이브리드,AWD,스노우 화이트,US-GA,southeast,38500
2026-05,VF3VPFCXTU0036972,VST,2026,VST-PR,1.6T 하이브리드,FWD,스틸 그레이,US-GA,southeast,38500
2026-05,VF3VSABXTU0036973,VST,2026,VST-TR,2.5 가솔린,AWD,미드나잇 블랙,US-GA,south,43890
2026-05,VF3VCFBXTU0036974,VST,2026,VST-CO,1.6T 하이브리드,FWD,미드나잇 블랙,US-GA,south,35420
2026-05,VF3VPAAXTU0036975,VST,2026,VST-PR,2.5 가솔린,AWD,스노우 화이트,US-GA,northeast,38500
2026-05,VF3VCFHXTU0036976,VST,2026,VST-CO,1.6T 하이브리드,FWD,샌드 베이지,US-GA,west,35420
2026-05,VF3VCFBXTU0036977,VST,2026,VST-CO,1.6T 하이브리드,FWD,미드나잇 블랙,US-GA,southeast,35420
2026-05,VF3VCABXTU0036978,VST,2026,VST-CO,2.5 가솔린,AWD,미드나잇 블랙,US-GA,west,35420
2026-05,VF3VSFCXTU0036979,VST,2026,VST-TR,1.6T 하이브리드,FWD,스틸 그레이,US-GA,central,43890
2026-05,VF3VCFFXTU0036980,VST,2026,VST-CO,2.5 가솔린,FWD,선셋 레드,US-GA,south,35420
2026-05,VF3VSFBXTU0036981,VST,2026,VST-TR,2.5 가솔린,FWD,미드나잇 블랙,US-GA,southeast,43890
2026-05,VF3VCFGXTU0036982,VST,2026,VST-CO,2.5 가솔린,FWD,포레스트 그린,US-GA,south,35420
2026-05,VF3VCFGXTU0036983,VST,2026,VST-CO,1.6T 하이브리드,FWD,포레스트 그린,US-GA,west,35420
2026-05,VF3VSFDXTU0036984,VST,2026,VST-TR,2.5 가솔린,FWD,실버,US-GA,southeast,43890
2026-05,VF3VSAGXTU0036985,VST,2026,VST-TR,2.5 가솔린,AWD,포레스트 그린,US-GA,south,43890
2026-05,VF3VPFDXTU0036986,VST,2026,VST-PR,1.6T 하이브리드,FWD,실버,US-GA,south,38500
2026-05,VF3VSFFXTU0036987,VST,2026,VST-TR,1.6T 하이브리드,FWD,선셋 레드,US-GA,west,43890
2026-05,VF3VPFBXTU0036988,VST,2026,VST-PR,1.6T 하이브리드,FWD,미드나잇 블랙,US-GA,southeast,38500
2026-05,VF3VSFFXTU0036989,VST,2026,VST-TR,2.5 가솔린,FWD,선셋 레드,US-GA,south,43890
2026-05,VF3VPFAXTU0036990,VST,2026,VST-PR,2.5 가솔린,FWD,스노우 화이트,US-GA,west,38500
2026-05,VF3VPFDXTU0036991,VST,2026,VST-PR,2.5 가솔린,FWD,실버,US-GA,west,38500
2026-05,VF3VPFEXTU0036992,VST,2026,VST-PR,1.6T 하이브리드,FWD,오션 블루,US-GA,west,38500
2026-05,VF3VSABXTU0036993,VST,2026,VST-TR,1.6T 하이브리드,AWD,미드나잇 블랙,US-GA,southeast,43890
2026-05,VF3VPFGXTU0036994,VST,2026,VST-PR,1.6T 하이브리드,FWD,포레스트 그린,US-GA,central,38500
2026-05,VF3VCFBXTU0036995,VST,2026,VST-CO,1.6T 하이브리드,FWD,미드나잇 블랙,US-GA,southeast,35420
2026-05,VF3VPFBXTU0036996,VST,2026,VST-PR,2.5 가솔린,FWD,미드나잇 블랙,US-GA,south,38500
2026-05,VF3VPADXTU0036997,VST,2026,VST-PR,2.5 가솔린,AWD,실버,US-GA,northeast,38500
2026-05,VF3VCAEXTU0036998,VST,2026,VST-CO,1.6T 하이브리드,AWD,오션 블루,US-GA,northeast,35420
2026-05,VF3VSFFXTU0036999,VST,2026,VST-TR,1.6T 하이브리드,FWD,선셋 레드,US-GA,south,43890
2026-05,VF3VSACXTU0037000,VST,2026,VST-TR,1.6T 하이브리드,AWD,스틸 그레이,US-GA,west,43890
2026-05,VF3VCAAXTU0037001,VST,2026,VST-CO,1.6T 하이브리드,AWD,스노우 화이트,US-GA,central,35420
2026-05,VF3VPAAXTU0037002,VST,2026,VST-PR,2.5 가솔린,AWD,스노우 화이트,US-GA,northeast,38500
2026-05,VF3VSFEXTU0037003,VST,2026,VST-TR,2.5 가솔린,FWD,오션 블루,US-GA,southeast,43890
2026-05,VF3VPABXTU0037004,VST,2026,VST-PR,1.6T 하이브리드,AWD,미드나잇 블랙,US-GA,central,38500
2026-05,VF3VCADXTU0037005,VST,2026,VST-CO,1.6T 하이브리드,AWD,실버,US-GA,south,35420
2026-05,VF3VPFDXTU0037006,VST,2026,VST-PR,2.5 가솔린,FWD,실버,US-GA,central,38500
2026-05,VF3VPFBXTU0037007,VST,2026,VST-PR,1.6T 하이브리드,FWD,미드나잇 블랙,US-GA,west,38500
2026-05,VF3VPFDXTU0037008,VST,2026,VST-PR,1.6T 하이브리드,FWD,실버,US-GA,south,38500
2026-05,VF3VCAAXTU0037009,VST,2026,VST-CO,2.5 가솔린,AWD,스노우 화이트,US-GA,northeast,35420
2026-05,VF3VPADXTU0037010,VST,2026,VST-PR,1.6T 하이브리드,AWD,실버,US-GA,west,38500
2026-05,VF3VPFBXTU0037011,VST,2026,VST-PR,1.6T 하이브리드,FWD,미드나잇 블랙,US-GA,central,38500
2026-05,VF3VPAAXTU0037012,VST,2026,VST-PR,1.6T 하이브리드,AWD,스노우 화이트,US-GA,central,38500
2026-05,VF3VPFGXTU0037013,VST,2026,VST-PR,1.6T 하이브리드,FWD,포레스트 그린,US-GA,southeast,38500
2026-05,VF3VPADXTU0037014,VST,2026,VST-PR,1.6T 하이브리드,AWD,실버,US-GA,northeast,38500
2026-05,VF3VCAFXTU0037015,VST,2026,VST-CO,2.5 가솔린,AWD,선셋 레드,US-GA,south,35420
2026-05,VF3VPFHXTU0037016,VST,2026,VST-PR,1.6T 하이브리드,FWD,샌드 베이지,US-GA,south,38500
2026-05,VF3VPAEXTU0037017,VST,2026,VST-PR,2.5 가솔린,AWD,오션 블루,US-GA,west,38500
2026-05,VF3VPABXTU0037018,VST,2026,VST-PR,1.6T 하이브리드,AWD,미드나잇 블랙,US-GA,west,38500
2026-05,VF3VCAAXTU0037019,VST,2026,VST-CO,2.5 가솔린,AWD,스노우 화이트,US-GA,northeast,35420
2026-05,VF3VSABXTU0037020,VST,2026,VST-TR,1.6T 하이브리드,AWD,미드나잇 블랙,US-GA,south,43890
2026-05,VF3VPAAXTU0037021,VST,2026,VST-PR,1.6T 하이브리드,AWD,스노우 화이트,US-GA,southeast,38500
2026-05,VF3VCACXTU0037022,VST,2026,VST-CO,1.6T 하이브리드,AWD,스틸 그레이,US-GA,west,35420
2026-05,VF3VPABXTU0037023,VST,2026,VST-PR,1.6T 하이브리드,AWD,미드나잇 블랙,US-GA,south,38500
2026-05,VF3VPADXTU0037024,VST,2026,VST-PR,2.5 가솔린,AWD,실버,US-GA,south,38500
2026-05,VF3VPADXTU0037025,VST,2026,VST-PR,2.5 가솔린,AWD,실버,US-GA,south,38500
2026-05,VF3VSFAXTU0037026,VST,2026,VST-TR,1.6T 하이브리드,FWD,스노우 화이트,US-GA,southeast,43890
2026-05,VF3VPABXTU0037027,VST,2026,VST-PR,1.6T 하이브리드,AWD,미드나잇 블랙,US-GA,central,38500
2026-05,VF3VCACXTU0037028,VST,2026,VST-CO,2.5 가솔린,AWD,스틸 그레이,US-GA,southeast,35420
2026-05,VF3VCFEXTU0037029,VST,2026,VST-CO,2.5 가솔린,FWD,오션 블루,US-GA,west,35420
2026-05,VF3VPFHXTU0037030,VST,2026,VST-PR,2.5 가솔린,FWD,샌드 베이지,US-GA,northeast,38500
2026-05,VF3VPADXTU0037031,VST,2026,VST-PR,1.6T 하이브리드,AWD,실버,US-GA,northeast,38500
2026-05,VF3VPAFXTU0037032,VST,2026,VST-PR,2.5 가솔린,AWD,선셋 레드,US-GA,central,38500
2026-05,VF3VPFBXTU0037033,VST,2026,VST-PR,1.6T 하이브리드,FWD,미드나잇 블랙,US-GA,southeast,38500
2026-05,VF3VCADXTU0037034,VST,2026,VST-CO,1.6T 하이브리드,AWD,실버,US-GA,west,35420
2026-05,VF3VCADXTU0037035,VST,2026,VST-CO,1.6T 하이브리드,AWD,실버,US-GA,northeast,35420
2026-05,VF3VPFAXTU0037036,VST,2026,VST-PR,2.5 가솔린,FWD,스노우 화이트,US-GA,west,38500
2026-05,VF3VPFAXTU0037037,VST,2026,VST-PR,1.6T 하이브리드,FWD,스노우 화이트,US-GA,south,38500
2026-05,VF3VCADXTU0037038,VST,2026,VST-CO,1.6T 하이브리드,AWD,실버,US-GA,northeast,35420
2026-05,VF3VCADXTU0037039,VST,2026,VST-CO,2.5 가솔린,AWD,실버,US-GA,central,35420
2026-05,VF3VCAGXTU0037040,VST,2026,VST-CO,1.6T 하이브리드,AWD,포레스트 그린,US-GA,northeast,35420
2026-05,VF3VCAAXTU0037041,VST,2026,VST-CO,1.6T 하이브리드,AWD,스노우 화이트,US-GA,southeast,35420
2026-05,VF3VSFFXTU0037042,VST,2026,VST-TR,1.6T 하이브리드,FWD,선셋 레드,US-GA,central,43890
2026-05,VF3VPABXTU0037043,VST,2026,VST-PR,1.6T 하이브리드,AWD,미드나잇 블랙,US-GA,northeast,38500
2026-05,VF3VPFFXTU0037044,VST,2026,VST-PR,2.5 가솔린,FWD,선셋 레드,US-GA,southeast,38500
2026-05,VF3VPFBXTU0037045,VST,2026,VST-PR,2.5 가솔린,FWD,미드나잇 블랙,US-GA,southeast,38500
2026-05,VF3VPFAXTU0037046,VST,2026,VST-PR,1.6T 하이브리드,FWD,스노우 화이트,US-GA,south,38500
2026-05,VF3VPAAXTU0037047,VST,2026,VST-PR,2.5 가솔린,AWD,스노우 화이트,US-GA,central,38500
2026-05,VF3VCADXTU0037048,VST,2026,VST-CO,1.6T 하이브리드,AWD,실버,US-GA,northeast,35420
2026-05,VF3VCAFXTU0037049,VST,2026,VST-CO,1.6T 하이브리드,AWD,선셋 레드,US-GA,west,35420
2026-05,VF3VCAGXTU0037050,VST,2026,VST-CO,2.5 가솔린,AWD,포레스트 그린,US-GA,northeast,35420
2026-05,VF3VPAAXTU0037051,VST,2026,VST-PR,1.6T 하이브리드,AWD,스노우 화이트,US-GA,northeast,38500
2026-05,VF3VCAFXTU0037052,VST,2026,VST-CO,2.5 가솔린,AWD,선셋 레드,US-GA,southeast,35420
2026-05,VF3VCFEXTU0037053,VST,2026,VST-CO,2.5 가솔린,FWD,오션 블루,US-GA,northeast,35420
2026-05,VF3VPAHXTU0037054,VST,2026,VST-PR,1.6T 하이브리드,AWD,샌드 베이지,US-GA,northeast,38500
2026-05,VF3VSADXTU0037055,VST,2026,VST-TR,1.6T 하이브리드,AWD,실버,US-GA,west,43890
2026-05,VF3VPADXTU0037056,VST,2026,VST-PR,2.5 가솔린,AWD,실버,US-GA,south,38500
2026-05,VF3VCFGXTU0037057,VST,2026,VST-CO,2.5 가솔린,FWD,포레스트 그린,US-GA,south,35420
2026-05,VF3VPADXTU0037058,VST,2026,VST-PR,2.5 가솔린,AWD,실버,US-GA,south,38500
2026-05,VF3VPAAXTU0037059,VST,2026,VST-PR,1.6T 하이브리드,AWD,스노우 화이트,US-GA,west,38500
2026-05,VF3VCAFXTU0037060,VST,2026,VST-CO,1.6T 하이브리드,AWD,선셋 레드,US-GA,central,35420
2026-05,VF3VCAAXTU0037061,VST,2026,VST-CO,1.6T 하이브리드,AWD,스노우 화이트,US-GA,south,35420
2026-05,VF3VCACXTU0037062,VST,2026,VST-CO,1.6T 하이브리드,AWD,스틸 그레이,US-GA,northeast,35420
2026-05,VF3VPFDXTU0037063,VST,2026,VST-PR,1.6T 하이브리드,FWD,실버,US-GA,northeast,38500
2026-05,VF3VCFDXTU0037064,VST,2026,VST-CO,1.6T 하이브리드,FWD,실버,US-GA,northeast,35420
2026-05,VF3VSAAXTU0037065,VST,2026,VST-TR,2.5 가솔린,AWD,스노우 화이트,US-GA,west,43890
2026-05,VF3VPAEXTU0037066,VST,2026,VST-PR,2.5 가솔린,AWD,오션 블루,US-GA,northeast,38500
2026-05,VF3VCFBXTU0037067,VST,2026,VST-CO,2.5 가솔린,FWD,미드나잇 블랙,US-GA,southeast,35420
2026-05,VF3VCAEXTU0037068,VST,2026,VST-CO,1.6T 하이브리드,AWD,오션 블루,US-GA,south,35420
2026-05,VF3VSAEXTU0037069,VST,2026,VST-TR,1.6T 하이브리드,AWD,오션 블루,US-GA,west,43890
2026-05,VF3VPACXTU0037070,VST,2026,VST-PR,2.5 가솔린,AWD,스틸 그레이,US-GA,southeast,38500
2026-05,VF3VPAFXTU0037071,VST,2026,VST-PR,1.6T 하이브리드,AWD,선셋 레드,US-GA,west,38500
2026-05,VF3VPAAXTU0037072,VST,2026,VST-PR,1.6T 하이브리드,AWD,스노우 화이트,US-GA,south,38500
2026-05,VF3VCFGXTU0037073,VST,2026,VST-CO,2.5 가솔린,FWD,포레스트 그린,US-GA,south,35420
2026-05,VF3VPAAXTU0037074,VST,2026,VST-PR,1.6T 하이브리드,AWD,스노우 화이트,US-GA,west,38500
2026-05,VF3VCABXTU0037075,VST,2026,VST-CO,2.5 가솔린,AWD,미드나잇 블랙,US-GA,south,35420
2026-05,VF3VSAAXTU0037076,VST,2026,VST-TR,2.5 가솔린,AWD,스노우 화이트,US-GA,central,43890
2026-05,VF3VPFEXTU0037077,VST,2026,VST-PR,1.6T 하이브리드,FWD,오션 블루,US-GA,west,38500
2026-05,VF3VPFAXTU0037078,VST,2026,VST-PR,1.6T 하이브리드,FWD,스노우 화이트,US-GA,south,38500
2026-05,VF3VCAAXTU0037079,VST,2026,VST-CO,2.5 가솔린,AWD,스노우 화이트,US-GA,southeast,35420
2026-05,VF3VPFBXTU0037080,VST,2026,VST-PR,2.5 가솔린,FWD,미드나잇 블랙,US-GA,southeast,38500
2026-05,VF3VSFBXTU0037081,VST,2026,VST-TR,2.5 가솔린,FWD,미드나잇 블랙,US-GA,west,43890
2026-05,VF3VPFAXTU0037082,VST,2026,VST-PR,2.5 가솔린,FWD,스노우 화이트,US-GA,west,38500
2026-05,VF3VCABXTU0037083,VST,2026,VST-CO,1.6T 하이브리드,AWD,미드나잇 블랙,US-GA,southeast,35420
2026-05,VF3VCAAXTU0037084,VST,2026,VST-CO,1.6T 하이브리드,AWD,스노우 화이트,US-GA,south,35420
2026-05,VF3VPAAXTU0037085,VST,2026,VST-PR,2.5 가솔린,AWD,스노우 화이트,US-GA,west,38500
2026-05,VF3VPFCXTU0037086,VST,2026,VST-PR,1.6T 하이브리드,FWD,스틸 그레이,US-GA,southeast,38500
2026-05,VF3VPABXTU0037087,VST,2026,VST-PR,1.6T 하이브리드,AWD,미드나잇 블랙,US-GA,west,38500
2026-05,VF3VPACXTU0037088,VST,2026,VST-PR,2.5 가솔린,AWD,스틸 그레이,US-GA,central,38500
2026-05,VF3VCAAXTU0037089,VST,2026,VST-CO,1.6T 하이브리드,AWD,스노우 화이트,US-GA,northeast,35420
2026-05,VF3VCAAXTU0037090,VST,2026,VST-CO,1.6T 하이브리드,AWD,스노우 화이트,US-GA,central,35420
2026-05,VF3VCFDXTU0037091,VST,2026,VST-CO,1.6T 하이브리드,FWD,실버,US-GA,south,35420
2026-05,VF3VPFDXTU0037092,VST,2026,VST-PR,1.6T 하이브리드,FWD,실버,US-GA,south,38500
2026-05,VF3VSFCXTU0037093,VST,2026,VST-TR,2.5 가솔린,FWD,스틸 그레이,US-GA,central,43890
2026-05,VF3VCACXTU0037094,VST,2026,VST-CO,2.5 가솔린,AWD,스틸 그레이,US-GA,south,35420
2026-05,VF3VCAAXTU0037095,VST,2026,VST-CO,2.5 가솔린,AWD,스노우 화이트,US-GA,southeast,35420
2026-05,VF3VCFCXTU0037096,VST,2026,VST-CO,2.5 가솔린,FWD,스틸 그레이,US-GA,south,35420
2026-05,VF3VPAAXTU0037097,VST,2026,VST-PR,1.6T 하이브리드,AWD,스노우 화이트,US-GA,west,38500
2026-05,VF3VCFBXTU0037098,VST,2026,VST-CO,1.6T 하이브리드,FWD,미드나잇 블랙,US-GA,south,35420
2026-05,VF3VCFAXTU0037099,VST,2026,VST-CO,1.6T 하이브리드,FWD,스노우 화이트,US-GA,central,35420
2026-05,VF3VSFAXTU0037100,VST,2026,VST-TR,2.5 가솔린,FWD,스노우 화이트,US-GA,west,43890
2026-05,VF3VCACXTU0037101,VST,2026,VST-CO,2.5 가솔린,AWD,스틸 그레이,US-GA,southeast,35420
2026-05,VF3VPFBXTU0037102,VST,2026,VST-PR,1.6T 하이브리드,FWD,미드나잇 블랙,US-GA,southeast,38500
2026-05,VF3VCABXTU0037103,VST,2026,VST-CO,2.5 가솔린,AWD,미드나잇 블랙,US-GA,northeast,35420
2026-05,VF3VCAFXTU0037104,VST,2026,VST-CO,2.5 가솔린,AWD,선셋 레드,US-GA,southeast,35420
2026-05,VF3VSFBXTU0037105,VST,2026,VST-TR,1.6T 하이브리드,FWD,미드나잇 블랙,US-GA,southeast,43890
2026-05,VF3VSFBXTU0037106,VST,2026,VST-TR,2.5 가솔린,FWD,미드나잇 블랙,US-GA,southeast,43890
2026-05,VF3VCAGXTU0037107,VST,2026,VST-CO,1.6T 하이브리드,AWD,포레스트 그린,US-GA,central,35420
2026-05,VF3VSFDXTU0037108,VST,2026,VST-TR,2.5 가솔린,FWD,실버,US-GA,central,43890
2026-05,VF3VPAAXTU0037109,VST,2026,VST-PR,2.5 가솔린,AWD,스노우 화이트,US-GA,west,38500
2026-05,VF3VSAAXTU0037110,VST,2026,VST-TR,1.6T 하이브리드,AWD,스노우 화이트,US-GA,south,43890
2026-05,VF3VCFBXTU0037111,VST,2026,VST-CO,1.6T 하이브리드,FWD,미드나잇 블랙,US-GA,west,35420
2026-05,VF3VCAEXTU0037112,VST,2026,VST-CO,2.5 가솔린,AWD,오션 블루,US-GA,central,35420
2026-05,VF3VCACXTU0037113,VST,2026,VST-CO,1.6T 하이브리드,AWD,스틸 그레이,US-GA,central,35420
2026-05,VF3VPFEXTU0037114,VST,2026,VST-PR,2.5 가솔린,FWD,오션 블루,US-GA,west,38500
2026-05,VF3VPABXTU0037115,VST,2026,VST-PR,1.6T 하이브리드,AWD,미드나잇 블랙,US-GA,south,38500
2026-05,VF3VPFAXTU0037116,VST,2026,VST-PR,2.5 가솔린,FWD,스노우 화이트,US-GA,west,38500
2026-05,VF3VCAAXTU0037117,VST,2026,VST-CO,2.5 가솔린,AWD,스노우 화이트,US-GA,northeast,35420
2026-05,VF3VCAHXTU0037118,VST,2026,VST-CO,2.5 가솔린,AWD,샌드 베이지,US-GA,west,35420
2026-05,VF3VSFBXTU0037119,VST,2026,VST-TR,1.6T 하이브리드,FWD,미드나잇 블랙,US-GA,southeast,43890
2026-05,VF3VPAAXTU0037120,VST,2026,VST-PR,2.5 가솔린,AWD,스노우 화이트,US-GA,central,38500
2026-05,VF4ACADXTU0037121,AUR,2026,AUR-AI,스탠다드 레인지,AWD,실버,US-SV,central,54188
2026-05,VF4ACAEXTU0037122,AUR,2026,AUR-AI,롱레인지,AWD,오션 블루,US-SV,northeast,54188
2026-05,VF4ASAHXTU0037123,AUR,2026,AUR-MA,스탠다드 레인지,AWD,샌드 베이지,US-SV,central,67146
2026-05,VF4ACFDXTU0037124,AUR,2026,AUR-AI,롱레인지,FWD,실버,US-SV,west,54188
2026-05,VF4APFFXTU0037125,AUR,2026,AUR-RA,롱레인지,FWD,선셋 레드,US-SV,northeast,58900
2026-05,VF4ASADXTU0037126,AUR,2026,AUR-MA,롱레인지,AWD,실버,US-SV,west,67146
2026-05,VF4ACABXTU0037127,AUR,2026,AUR-AI,롱레인지,AWD,미드나잇 블랙,US-SV,central,54188
2026-05,VF4APFEXTU0037128,AUR,2026,AUR-RA,롱레인지,FWD,오션 블루,US-SV,south,58900
2026-05,VF4ACFHXTU0037129,AUR,2026,AUR-AI,롱레인지,FWD,샌드 베이지,US-SV,southeast,54188
2026-05,VF4ACABXTU0037130,AUR,2026,AUR-AI,롱레인지,AWD,미드나잇 블랙,US-SV,west,54188
2026-05,VF4APADXTU0037131,AUR,2026,AUR-RA,롱레인지,AWD,실버,US-SV,northeast,58900
2026-05,VF4ACADXTU0037132,AUR,2026,AUR-AI,스탠다드 레인지,AWD,실버,US-SV,central,54188
2026-05,VF4APFBXTU0037133,AUR,2026,AUR-RA,스탠다드 레인지,FWD,미드나잇 블랙,US-SV,south,58900
2026-05,VF4APAEXTU0037134,AUR,2026,AUR-RA,롱레인지,AWD,오션 블루,US-SV,west,58900
2026-05,VF4APABXTU0037135,AUR,2026,AUR-RA,롱레인지,AWD,미드나잇 블랙,US-SV,southeast,58900
2026-05,VF4ACAAXTU0037136,AUR,2026,AUR-AI,롱레인지,AWD,스노우 화이트,US-SV,south,54188
2026-05,VF4APABXTU0037137,AUR,2026,AUR-RA,롱레인지,AWD,미드나잇 블랙,US-SV,central,58900
2026-05,VF4ACACXTU0037138,AUR,2026,AUR-AI,롱레인지,AWD,스틸 그레이,US-SV,northeast,54188
2026-05,VF4APACXTU0037139,AUR,2026,AUR-RA,스탠다드 레인지,AWD,스틸 그레이,US-SV,west,58900
2026-05,VF4ASABXTU0037140,AUR,2026,AUR-MA,롱레인지,AWD,미드나잇 블랙,US-SV,northeast,67146
2026-05,VF4APAAXTU0037141,AUR,2026,AUR-RA,스탠다드 레인지,AWD,스노우 화이트,US-SV,northeast,58900
2026-05,VF4APAEXTU0037142,AUR,2026,AUR-RA,스탠다드 레인지,AWD,오션 블루,US-SV,northeast,58900
2026-05,VF4ACFBXTU0037143,AUR,2026,AUR-AI,롱레인지,FWD,미드나잇 블랙,US-SV,southeast,54188
2026-05,VF4APADXTU0037144,AUR,2026,AUR-RA,롱레인지,AWD,실버,US-SV,northeast,58900
2026-05,VF4ASFHXTU0037145,AUR,2026,AUR-MA,롱레인지,FWD,샌드 베이지,US-SV,west,67146
2026-05,VF4ACABXTU0037146,AUR,2026,AUR-AI,스탠다드 레인지,AWD,미드나잇 블랙,US-SV,southeast,54188
2026-05,VF4APACXTU0037147,AUR,2026,AUR-RA,롱레인지,AWD,스틸 그레이,US-SV,northeast,58900
2026-05,VF4ACAFXTU0037148,AUR,2026,AUR-AI,롱레인지,AWD,선셋 레드,US-SV,northeast,54188
2026-05,VF4ACAEXTU0037149,AUR,2026,AUR-AI,롱레인지,AWD,오션 블루,US-SV,northeast,54188
2026-05,VF4APACXTU0037150,AUR,2026,AUR-RA,스탠다드 레인지,AWD,스틸 그레이,US-SV,northeast,58900
2026-05,VF4APAFXTU0037151,AUR,2026,AUR-RA,롱레인지,AWD,선셋 레드,US-SV,west,58900
2026-05,VF4ACFBXTU0037152,AUR,2026,AUR-AI,스탠다드 레인지,FWD,미드나잇 블랙,US-SV,west,54188
2026-05,VF4APFBXTU0037153,AUR,2026,AUR-RA,스탠다드 레인지,FWD,미드나잇 블랙,US-SV,northeast,58900
2026-05,VF4APAAXTU0037154,AUR,2026,AUR-RA,롱레인지,AWD,스노우 화이트,US-SV,northeast,58900
2026-05,VF4ACFAXTU0037155,AUR,2026,AUR-AI,롱레인지,FWD,스노우 화이트,US-SV,southeast,54188
2026-05,VF4APFEXTU0037156,AUR,2026,AUR-RA,롱레인지,FWD,오션 블루,US-SV,northeast,58900
2026-05,VF4ACFAXTU0037157,AUR,2026,AUR-AI,롱레인지,FWD,스노우 화이트,US-SV,south,54188
2026-05,VF4ACADXTU0037158,AUR,2026,AUR-AI,롱레인지,AWD,실버,US-SV,southeast,54188
2026-05,VF4ACAEXTU0037159,AUR,2026,AUR-AI,롱레인지,AWD,오션 블루,US-SV,northeast,54188
2026-05,VF4ASAFXTU0037160,AUR,2026,AUR-MA,롱레인지,AWD,선셋 레드,US-SV,southeast,67146
2026-05,VF4APACXTU0037161,AUR,2026,AUR-RA,롱레인지,AWD,스틸 그레이,US-SV,west,58900
2026-05,VF4APAFXTU0037162,AUR,2026,AUR-RA,롱레인지,AWD,선셋 레드,US-SV,central,58900
2026-05,VF4ACFFXTU0037163,AUR,2026,AUR-AI,스탠다드 레인지,FWD,선셋 레드,US-SV,southeast,54188
2026-05,VF4ACABXTU0037164,AUR,2026,AUR-AI,롱레인지,AWD,미드나잇 블랙,US-SV,west,54188
2026-05,VF4APFDXTU0037165,AUR,2026,AUR-RA,스탠다드 레인지,FWD,실버,US-SV,northeast,58900
2026-05,VF4ASACXTU0037166,AUR,2026,AUR-MA,롱레인지,AWD,스틸 그레이,US-SV,west,67146
2026-05,VF4APFCXTU0037167,AUR,2026,AUR-RA,롱레인지,FWD,스틸 그레이,US-SV,west,58900
2026-05,VF4APABXTU0037168,AUR,2026,AUR-RA,스탠다드 레인지,AWD,미드나잇 블랙,US-SV,northeast,58900
2026-05,VF4APACXTU0037169,AUR,2026,AUR-RA,롱레인지,AWD,스틸 그레이,US-SV,central,58900
2026-05,VF4APACXTU0037170,AUR,2026,AUR-RA,롱레인지,AWD,스틸 그레이,US-SV,southeast,58900
2026-05,VF4APADXTU0037171,AUR,2026,AUR-RA,스탠다드 레인지,AWD,실버,US-SV,northeast,58900
2026-05,VF4APAGXTU0037172,AUR,2026,AUR-RA,롱레인지,AWD,포레스트 그린,US-SV,west,58900
2026-05,VF4ACAEXTU0037173,AUR,2026,AUR-AI,스탠다드 레인지,AWD,오션 블루,US-SV,central,54188
2026-05,VF4APFHXTU0037174,AUR,2026,AUR-RA,롱레인지,FWD,샌드 베이지,US-SV,west,58900
2026-05,VF4ACABXTU0037175,AUR,2026,AUR-AI,스탠다드 레인지,AWD,미드나잇 블랙,US-SV,south,54188
2026-05,VF4APABXTU0037176,AUR,2026,AUR-RA,롱레인지,AWD,미드나잇 블랙,US-SV,northeast,58900
2026-05,VF4ACABXTU0037177,AUR,2026,AUR-AI,스탠다드 레인지,AWD,미드나잇 블랙,US-SV,south,54188
2026-05,VF4ACFEXTU0037178,AUR,2026,AUR-AI,롱레인지,FWD,오션 블루,US-SV,south,54188
2026-05,VF4APFBXTU0037179,AUR,2026,AUR-RA,스탠다드 레인지,FWD,미드나잇 블랙,US-SV,southeast,58900
2026-05,VF4ASFBXTU0037180,AUR,2026,AUR-MA,롱레인지,FWD,미드나잇 블랙,US-SV,northeast,67146
2026-05,VF4APAAXTU0037181,AUR,2026,AUR-RA,롱레인지,AWD,스노우 화이트,US-SV,northeast,58900
2026-05,VF4APFAXTU0037182,AUR,2026,AUR-RA,스탠다드 레인지,FWD,스노우 화이트,US-SV,northeast,58900
2026-05,VF4ACFBXTU0037183,AUR,2026,AUR-AI,롱레인지,FWD,미드나잇 블랙,US-SV,northeast,54188
2026-05,VF4APFCXTU0037184,AUR,2026,AUR-RA,롱레인지,FWD,스틸 그레이,US-SV,west,58900
2026-05,VF4APFBXTU0037185,AUR,2026,AUR-RA,롱레인지,FWD,미드나잇 블랙,US-SV,south,58900
2026-05,VF4ASABXTU0037186,AUR,2026,AUR-MA,스탠다드 레인지,AWD,미드나잇 블랙,US-SV,south,67146
2026-05,VF4APAEXTU0037187,AUR,2026,AUR-RA,롱레인지,AWD,오션 블루,US-SV,west,58900
2026-05,VF4APADXTU0037188,AUR,2026,AUR-RA,스탠다드 레인지,AWD,실버,US-SV,northeast,58900
2026-05,VF4APAEXTU0037189,AUR,2026,AUR-RA,롱레인지,AWD,오션 블루,US-SV,northeast,58900
2026-05,VF4ASFCXTU0037190,AUR,2026,AUR-MA,롱레인지,FWD,스틸 그레이,US-SV,west,67146
2026-05,VF4APFAXTU0037191,AUR,2026,AUR-RA,롱레인지,FWD,스노우 화이트,US-SV,south,58900
2026-05,VF4ACACXTU0037192,AUR,2026,AUR-AI,롱레인지,AWD,스틸 그레이,US-SV,northeast,54188
2026-05,VF4APFEXTU0037193,AUR,2026,AUR-RA,롱레인지,FWD,오션 블루,US-SV,northeast,58900
2026-05,VF4ACAAXTU0037194,AUR,2026,AUR-AI,스탠다드 레인지,AWD,스노우 화이트,US-SV,northeast,54188
2026-05,VF4ACFEXTU0037195,AUR,2026,AUR-AI,스탠다드 레인지,FWD,오션 블루,US-SV,west,54188
2026-05,VF4APAEXTU0037196,AUR,2026,AUR-RA,롱레인지,AWD,오션 블루,US-SV,west,58900
2026-05,VF4APAHXTU0037197,AUR,2026,AUR-RA,롱레인지,AWD,샌드 베이지,US-SV,northeast,58900
2026-05,VF4ACFBXTU0037198,AUR,2026,AUR-AI,롱레인지,FWD,미드나잇 블랙,US-SV,west,54188
2026-05,VF4ACFHXTU0037199,AUR,2026,AUR-AI,롱레인지,FWD,샌드 베이지,US-SV,west,54188
2026-05,VF4APAEXTU0037200,AUR,2026,AUR-RA,롱레인지,AWD,오션 블루,US-SV,west,58900
2026-05,VF4ACFBXTU0037201,AUR,2026,AUR-AI,롱레인지,FWD,미드나잇 블랙,US-SV,west,54188
2026-05,VF4ACFCXTU0037202,AUR,2026,AUR-AI,롱레인지,FWD,스틸 그레이,US-SV,west,54188
2026-05,VF4ASFDXTU0037203,AUR,2026,AUR-MA,스탠다드 레인지,FWD,실버,US-SV,south,67146
2026-05,VF4ACACXTU0037204,AUR,2026,AUR-AI,롱레인지,AWD,스틸 그레이,US-SV,northeast,54188
2026-05,VF4APFFXTU0037205,AUR,2026,AUR-RA,롱레인지,FWD,선셋 레드,US-SV,southeast,58900
2026-05,VF4ASACXTU0037206,AUR,2026,AUR-MA,스탠다드 레인지,AWD,스틸 그레이,US-SV,northeast,67146
2026-05,VF4APABXTU0037207,AUR,2026,AUR-RA,롱레인지,AWD,미드나잇 블랙,US-SV,northeast,58900
2026-05,VF4APFAXTU0037208,AUR,2026,AUR-RA,롱레인지,FWD,스노우 화이트,US-SV,west,58900
2026-05,VF4ACACXTU0037209,AUR,2026,AUR-AI,롱레인지,AWD,스틸 그레이,US-SV,south,54188
2026-05,VF4ACFDXTU0037210,AUR,2026,AUR-AI,스탠다드 레인지,FWD,실버,US-SV,southeast,54188
2026-05,VF4APFBXTU0037211,AUR,2026,AUR-RA,롱레인지,FWD,미드나잇 블랙,US-SV,west,58900
2026-05,VF4ACFDXTU0037212,AUR,2026,AUR-AI,스탠다드 레인지,FWD,실버,US-SV,southeast,54188
2026-05,VF4ACFAXTU0037213,AUR,2026,AUR-AI,롱레인지,FWD,스노우 화이트,US-SV,central,54188
2026-05,VF4ASABXTU0037214,AUR,2026,AUR-MA,롱레인지,AWD,미드나잇 블랙,US-SV,central,67146
2026-05,VF4ASFBXTU0037215,AUR,2026,AUR-MA,스탠다드 레인지,FWD,미드나잇 블랙,US-SV,south,67146
2026-05,VF4APACXTU0037216,AUR,2026,AUR-RA,스탠다드 레인지,AWD,스틸 그레이,US-SV,central,58900
2026-05,VF4ACAEXTU0037217,AUR,2026,AUR-AI,롱레인지,AWD,오션 블루,US-SV,northeast,54188
2026-05,VF4ACACXTU0037218,AUR,2026,AUR-AI,롱레인지,AWD,스틸 그레이,US-SV,south,54188
2026-05,VF4APACXTU0037219,AUR,2026,AUR-RA,롱레인지,AWD,스틸 그레이,US-SV,northeast,58900
2026-05,VF4ACFEXTU0037220,AUR,2026,AUR-AI,롱레인지,FWD,오션 블루,US-SV,southeast,54188
2026-05,VF4ASFCXTU0037221,AUR,2026,AUR-MA,스탠다드 레인지,FWD,스틸 그레이,US-SV,west,67146
2026-05,VF4ACFAXTU0037222,AUR,2026,AUR-AI,롱레인지,FWD,스노우 화이트,US-SV,southeast,54188
2026-05,VF4ASABXTU0037223,AUR,2026,AUR-MA,스탠다드 레인지,AWD,미드나잇 블랙,US-SV,northeast,67146
2026-05,VF4ASACXTU0037224,AUR,2026,AUR-MA,롱레인지,AWD,스틸 그레이,US-SV,central,67146
2026-05,VF4APFAXTU0037225,AUR,2026,AUR-RA,스탠다드 레인지,FWD,스노우 화이트,US-SV,south,58900
2026-05,VF4APFDXTU0037226,AUR,2026,AUR-RA,롱레인지,FWD,실버,US-SV,west,58900
2026-05,VF4ACFAXTU0037227,AUR,2026,AUR-AI,롱레인지,FWD,스노우 화이트,US-SV,northeast,54188
2026-05,VF4ACABXTU0037228,AUR,2026,AUR-AI,롱레인지,AWD,미드나잇 블랙,US-SV,northeast,54188
2026-05,VF4ASAHXTU0037229,AUR,2026,AUR-MA,롱레인지,AWD,샌드 베이지,US-SV,west,67146
2026-05,VF4ACFHXTU0037230,AUR,2026,AUR-AI,롱레인지,FWD,샌드 베이지,US-SV,northeast,54188
2026-05,VF4ACFCXTU0037231,AUR,2026,AUR-AI,롱레인지,FWD,스틸 그레이,US-SV,west,54188
2026-05,VF4ACFCXTU0037232,AUR,2026,AUR-AI,스탠다드 레인지,FWD,스틸 그레이,US-SV,northeast,54188
2026-05,VF4ACFFXTU0037233,AUR,2026,AUR-AI,롱레인지,FWD,선셋 레드,US-SV,south,54188
2026-05,VF4ACABXTU0037234,AUR,2026,AUR-AI,롱레인지,AWD,미드나잇 블랙,US-SV,west,54188
2026-05,VF4ASACXTU0037235,AUR,2026,AUR-MA,스탠다드 레인지,AWD,스틸 그레이,US-SV,northeast,67146
2026-05,VF4APADXTU0037236,AUR,2026,AUR-RA,롱레인지,AWD,실버,US-SV,south,58900
2026-05,VF4APADXTU0037237,AUR,2026,AUR-RA,롱레인지,AWD,실버,US-SV,northeast,58900
2026-05,VF4APAEXTU0037238,AUR,2026,AUR-RA,롱레인지,AWD,오션 블루,US-SV,west,58900
2026-05,VF4APFAXTU0037239,AUR,2026,AUR-RA,롱레인지,FWD,스노우 화이트,US-SV,central,58900
2026-05,VF4ACFFXTU0037240,AUR,2026,AUR-AI,롱레인지,FWD,선셋 레드,US-SV,southeast,54188
2026-05,VF4APFCXTU0037241,AUR,2026,AUR-RA,스탠다드 레인지,FWD,스틸 그레이,US-SV,south,58900
2026-05,VF4ACFBXTU0037242,AUR,2026,AUR-AI,롱레인지,FWD,미드나잇 블랙,US-SV,west,54188
2026-05,VF4ACABXTU0037243,AUR,2026,AUR-AI,스탠다드 레인지,AWD,미드나잇 블랙,US-SV,southeast,54188
2026-05,VF4APAAXTU0037244,AUR,2026,AUR-RA,롱레인지,AWD,스노우 화이트,US-SV,west,58900
2026-05,VF4ACFAXTU0037245,AUR,2026,AUR-AI,롱레인지,FWD,스노우 화이트,US-SV,south,54188
2026-05,VF4APAAXTU0037246,AUR,2026,AUR-RA,롱레인지,AWD,스노우 화이트,US-SV,northeast,58900
2026-05,VF4ACFBXTU0037247,AUR,2026,AUR-AI,스탠다드 레인지,FWD,미드나잇 블랙,US-SV,west,54188
2026-05,VF4APFCXTU0037248,AUR,2026,AUR-RA,롱레인지,FWD,스틸 그레이,US-SV,south,58900
2026-05,VF4ACAAXTU0037249,AUR,2026,AUR-AI,롱레인지,AWD,스노우 화이트,US-SV,west,54188
2026-05,VF4ASFCXTU0037250,AUR,2026,AUR-MA,롱레인지,FWD,스틸 그레이,US-SV,west,67146
2026-05,VF4APAGXTU0037251,AUR,2026,AUR-RA,롱레인지,AWD,포레스트 그린,US-SV,southeast,58900
2026-05,VF4ACAFXTU0037252,AUR,2026,AUR-AI,롱레인지,AWD,선셋 레드,US-SV,west,54188
2026-05,VF4APADXTU0037253,AUR,2026,AUR-RA,롱레인지,AWD,실버,US-SV,central,58900
2026-05,VF4ACAAXTU0037254,AUR,2026,AUR-AI,롱레인지,AWD,스노우 화이트,US-SV,central,54188
2026-05,VF4APAEXTU0037255,AUR,2026,AUR-RA,롱레인지,AWD,오션 블루,US-SV,west,58900
2026-05,VF4ASFCXTU0037256,AUR,2026,AUR-MA,롱레인지,FWD,스틸 그레이,US-SV,west,67146
2026-05,VF4ASACXTU0037257,AUR,2026,AUR-MA,스탠다드 레인지,AWD,스틸 그레이,US-SV,southeast,67146
2026-05,VF5MPFBXTM0038712,MRD,2026,MRD-PR,1.6T 하이브리드,FWD,미드나잇 블랙,MX-MT,south,31200
2026-05,VF5MPFBXTM0038713,MRD,2026,MRD-PR,1.6T 하이브리드,FWD,미드나잇 블랙,MX-MT,south,31200
2026-05,VF5MCFBXTM0038714,MRD,2026,MRD-CO,1.6T 하이브리드,FWD,미드나잇 블랙,MX-MT,south,28704
2026-05,VF5MSFDXTM0038715,MRD,2026,MRD-SP,1.6T 하이브리드,FWD,실버,MX-MT,northeast,35568
2026-05,VF5MPFHXTM0038716,MRD,2026,MRD-PR,1.6T 하이브리드,FWD,샌드 베이지,MX-MT,west,31200
2026-05,VF5MPFBXTM0038717,MRD,2026,MRD-PR,1.6T 하이브리드,FWD,미드나잇 블랙,MX-MT,south,31200
2026-05,VF5MCFAXTM0038718,MRD,2026,MRD-CO,1.6T 하이브리드,FWD,스노우 화이트,MX-MT,southeast,28704
2026-05,VF5MCFEXTM0038719,MRD,2026,MRD-CO,1.6T 하이브리드,FWD,오션 블루,MX-MT,central,28704
2026-05,VF5MSFBXTM0038720,MRD,2026,MRD-SP,1.6T 하이브리드,FWD,미드나잇 블랙,MX-MT,south,35568
2026-05,VF5MPFEXTM0038721,MRD,2026,MRD-PR,2.0 가솔린,FWD,오션 블루,MX-MT,south,31200
2026-05,VF5MPFAXTM0038722,MRD,2026,MRD-PR,2.0 가솔린,FWD,스노우 화이트,MX-MT,west,31200
2026-05,VF5MCFDXTM0038723,MRD,2026,MRD-CO,1.6T 하이브리드,FWD,실버,MX-MT,west,28704
2026-05,VF5MCFDXTM0038724,MRD,2026,MRD-CO,1.6T 하이브리드,FWD,실버,MX-MT,southeast,28704
2026-05,VF5MPABXTM0038725,MRD,2026,MRD-PR,2.0 가솔린,AWD,미드나잇 블랙,MX-MT,south,31200
2026-05,VF5MPFAXTM0038726,MRD,2026,MRD-PR,1.6T 하이브리드,FWD,스노우 화이트,MX-MT,central,31200
2026-05,VF5MPFCXTM0038727,MRD,2026,MRD-PR,1.6T 하이브리드,FWD,스틸 그레이,MX-MT,west,31200
2026-05,VF5MPFBXTM0038728,MRD,2026,MRD-PR,2.0 가솔린,FWD,미드나잇 블랙,MX-MT,west,31200
2026-05,VF5MPFBXTM0038729,MRD,2026,MRD-PR,2.0 가솔린,FWD,미드나잇 블랙,MX-MT,south,31200
2026-05,VF5MPFBXTM0038730,MRD,2026,MRD-PR,2.0 가솔린,FWD,미드나잇 블랙,MX-MT,northeast,31200
2026-05,VF5MSFFXTM0038731,MRD,2026,MRD-SP,2.0 가솔린,FWD,선셋 레드,MX-MT,southeast,35568
2026-05,VF5MPACXTM0038732,MRD,2026,MRD-PR,2.0 가솔린,AWD,스틸 그레이,MX-MT,west,31200
2026-05,VF5MPAEXTM0038733,MRD,2026,MRD-PR,1.6T 하이브리드,AWD,오션 블루,MX-MT,northeast,31200
2026-05,VF5MPFFXTM0038734,MRD,2026,MRD-PR,2.0 가솔린,FWD,선셋 레드,MX-MT,west,31200
2026-05,VF5MPFEXTM0038735,MRD,2026,MRD-PR,1.6T 하이브리드,FWD,오션 블루,MX-MT,south,31200
2026-05,VF5MSABXTM0038736,MRD,2026,MRD-SP,1.6T 하이브리드,AWD,미드나잇 블랙,MX-MT,southeast,35568
2026-05,VF5MPFGXTM0038737,MRD,2026,MRD-PR,1.6T 하이브리드,FWD,포레스트 그린,MX-MT,northeast,31200
2026-05,VF5MPFCXTM0038738,MRD,2026,MRD-PR,2.0 가솔린,FWD,스틸 그레이,MX-MT,south,31200
2026-05,VF5MPFCXTM0038739,MRD,2026,MRD-PR,1.6T 하이브리드,FWD,스틸 그레이,MX-MT,northeast,31200
2026-05,VF5MPAAXTM0038740,MRD,2026,MRD-PR,2.0 가솔린,AWD,스노우 화이트,MX-MT,southeast,31200
2026-05,VF5MPFAXTM0038741,MRD,2026,MRD-PR,2.0 가솔린,FWD,스노우 화이트,MX-MT,northeast,31200
2026-05,VF5MPFGXTM0038742,MRD,2026,MRD-PR,2.0 가솔린,FWD,포레스트 그린,MX-MT,central,31200
2026-05,VF5MPFCXTM0038743,MRD,2026,MRD-PR,2.0 가솔린,FWD,스틸 그레이,MX-MT,northeast,31200
2026-05,VF5MSFAXTM0038744,MRD,2026,MRD-SP,1.6T 하이브리드,FWD,스노우 화이트,MX-MT,northeast,35568
2026-05,VF5MPFEXTM0038745,MRD,2026,MRD-PR,2.0 가솔린,FWD,오션 블루,MX-MT,south,31200
2026-05,VF5MSFAXTM0038746,MRD,2026,MRD-SP,1.6T 하이브리드,FWD,스노우 화이트,MX-MT,south,35568
2026-05,VF5MPFDXTM0038747,MRD,2026,MRD-PR,2.0 가솔린,FWD,실버,MX-MT,west,31200
2026-05,VF5MCAAXTM0038748,MRD,2026,MRD-CO,2.0 가솔린,AWD,스노우 화이트,MX-MT,northeast,28704
2026-05,VF5MPFAXTM0038749,MRD,2026,MRD-PR,2.0 가솔린,FWD,스노우 화이트,MX-MT,central,31200
2026-05,VF5MPFCXTM0038750,MRD,2026,MRD-PR,2.0 가솔린,FWD,스틸 그레이,MX-MT,central,31200
2026-05,VF5MSFAXTM0038751,MRD,2026,MRD-SP,1.6T 하이브리드,FWD,스노우 화이트,MX-MT,west,35568
2026-05,VF5MSFDXTM0038752,MRD,2026,MRD-SP,1.6T 하이브리드,FWD,실버,MX-MT,south,35568
2026-05,VF5MCFEXTM0038753,MRD,2026,MRD-CO,1.6T 하이브리드,FWD,오션 블루,MX-MT,northeast,28704
2026-05,VF5MCFDXTM0038754,MRD,2026,MRD-CO,1.6T 하이브리드,FWD,실버,MX-MT,west,28704
2026-05,VF5MPADXTM0038755,MRD,2026,MRD-PR,1.6T 하이브리드,AWD,실버,MX-MT,southeast,31200
2026-05,VF5MPFBXTM0038756,MRD,2026,MRD-PR,2.0 가솔린,FWD,미드나잇 블랙,MX-MT,west,31200
2026-05,VF5MPFFXTM0038757,MRD,2026,MRD-PR,1.6T 하이브리드,FWD,선셋 레드,MX-MT,southeast,31200
2026-05,VF5MSFEXTM0038758,MRD,2026,MRD-SP,1.6T 하이브리드,FWD,오션 블루,MX-MT,west,35568
2026-05,VF5MPFCXTM0038759,MRD,2026,MRD-PR,1.6T 하이브리드,FWD,스틸 그레이,MX-MT,west,31200
2026-05,VF5MSFCXTM0038760,MRD,2026,MRD-SP,1.6T 하이브리드,FWD,스틸 그레이,MX-MT,central,35568
2026-05,VF5MSAAXTM0038761,MRD,2026,MRD-SP,1.6T 하이브리드,AWD,스노우 화이트,MX-MT,southeast,35568
2026-05,VF5MCFEXTM0038762,MRD,2026,MRD-CO,1.6T 하이브리드,FWD,오션 블루,MX-MT,southeast,28704
2026-05,VF5MPAAXTM0038763,MRD,2026,MRD-PR,2.0 가솔린,AWD,스노우 화이트,MX-MT,northeast,31200
2026-05,VF5MPFEXTM0038764,MRD,2026,MRD-PR,1.6T 하이브리드,FWD,오션 블루,MX-MT,south,31200
2026-05,VF5MPAFXTM0038765,MRD,2026,MRD-PR,1.6T 하이브리드,AWD,선셋 레드,MX-MT,northeast,31200
2026-05,VF5MCFCXTM0038766,MRD,2026,MRD-CO,2.0 가솔린,FWD,스틸 그레이,MX-MT,central,28704
2026-05,VF5MCFAXTM0038767,MRD,2026,MRD-CO,1.6T 하이브리드,FWD,스노우 화이트,MX-MT,central,28704
2026-05,VF5MCFAXTM0038768,MRD,2026,MRD-CO,1.6T 하이브리드,FWD,스노우 화이트,MX-MT,south,28704
2026-05,VF5MCFAXTM0038769,MRD,2026,MRD-CO,2.0 가솔린,FWD,스노우 화이트,MX-MT,west,28704
2026-05,VF5MPFEXTM0038770,MRD,2026,MRD-PR,2.0 가솔린,FWD,오션 블루,MX-MT,northeast,31200
2026-05,VF5MCFCXTM0038771,MRD,2026,MRD-CO,1.6T 하이브리드,FWD,스틸 그레이,MX-MT,northeast,28704
2026-05,VF5MCFCXTM0038772,MRD,2026,MRD-CO,1.6T 하이브리드,FWD,스틸 그레이,MX-MT,west,28704
2026-05,VF5MPADXTM0038773,MRD,2026,MRD-PR,2.0 가솔린,AWD,실버,MX-MT,west,31200
2026-05,VF5MCACXTM0038774,MRD,2026,MRD-CO,1.6T 하이브리드,AWD,스틸 그레이,MX-MT,west,28704
2026-05,VF5MSFBXTM0038775,MRD,2026,MRD-SP,1.6T 하이브리드,FWD,미드나잇 블랙,MX-MT,west,35568
2026-05,VF5MPADXTM0038776,MRD,2026,MRD-PR,2.0 가솔린,AWD,실버,MX-MT,central,31200
2026-05,VF5MCAAXTM0038777,MRD,2026,MRD-CO,1.6T 하이브리드,AWD,스노우 화이트,MX-MT,northeast,28704
2026-05,VF5MPFDXTM0038778,MRD,2026,MRD-PR,2.0 가솔린,FWD,실버,MX-MT,central,31200
2026-05,VF5MSFFXTM0038779,MRD,2026,MRD-SP,1.6T 하이브리드,FWD,선셋 레드,MX-MT,west,35568
2026-05,VF5MSFBXTM0038780,MRD,2026,MRD-SP,1.6T 하이브리드,FWD,미드나잇 블랙,MX-MT,south,35568
2026-05,VF5MCFEXTM0038781,MRD,2026,MRD-CO,2.0 가솔린,FWD,오션 블루,MX-MT,northeast,28704
2026-05,VF5MCFFXTM0038782,MRD,2026,MRD-CO,1.6T 하이브리드,FWD,선셋 레드,MX-MT,west,28704
2026-05,VF5MCFBXTM0038783,MRD,2026,MRD-CO,1.6T 하이브리드,FWD,미드나잇 블랙,MX-MT,south,28704
2026-05,VF5MCFAXTM0038784,MRD,2026,MRD-CO,2.0 가솔린,FWD,스노우 화이트,MX-MT,southeast,28704
2026-05,VF5MSAFXTM0038785,MRD,2026,MRD-SP,2.0 가솔린,AWD,선셋 레드,MX-MT,central,35568
2026-05,VF5MPFBXTM0038786,MRD,2026,MRD-PR,1.6T 하이브리드,FWD,미드나잇 블랙,MX-MT,south,31200
2026-05,VF5MPABXTM0038787,MRD,2026,MRD-PR,1.6T 하이브리드,AWD,미드나잇 블랙,MX-MT,west,31200
2026-05,VF5MCFBXTM0038788,MRD,2026,MRD-CO,1.6T 하이브리드,FWD,미드나잇 블랙,MX-MT,northeast,28704
2026-05,VF5MPFAXTM0038789,MRD,2026,MRD-PR,1.6T 하이브리드,FWD,스노우 화이트,MX-MT,west,31200
2026-05,VF5MPFBXTM0038790,MRD,2026,MRD-PR,1.6T 하이브리드,FWD,미드나잇 블랙,MX-MT,west,31200
2026-05,VF5MCFBXTM0038791,MRD,2026,MRD-CO,2.0 가솔린,FWD,미드나잇 블랙,MX-MT,central,28704
2026-05,VF5MPFFXTM0038792,MRD,2026,MRD-PR,2.0 가솔린,FWD,선셋 레드,MX-MT,central,31200
2026-05,VF5MPFGXTM0038793,MRD,2026,MRD-PR,2.0 가솔린,FWD,포레스트 그린,MX-MT,southeast,31200
2026-05,VF5MPFAXTM0038794,MRD,2026,MRD-PR,1.6T 하이브리드,FWD,스노우 화이트,MX-MT,west,31200
2026-05,VF5MPFDXTM0038795,MRD,2026,MRD-PR,1.6T 하이브리드,FWD,실버,MX-MT,west,31200
2026-05,VF5MPFCXTM0038796,MRD,2026,MRD-PR,1.6T 하이브리드,FWD,스틸 그레이,MX-MT,west,31200
2026-05,VF5MSFAXTM0038797,MRD,2026,MRD-SP,2.0 가솔린,FWD,스노우 화이트,MX-MT,south,35568
2026-05,VF5MCFDXTM0038798,MRD,2026,MRD-CO,1.6T 하이브리드,FWD,실버,MX-MT,west,28704
2026-05,VF5MPFAXTM0038799,MRD,2026,MRD-PR,1.6T 하이브리드,FWD,스노우 화이트,MX-MT,central,31200
2026-05,VF5MPFBXTM0038800,MRD,2026,MRD-PR,2.0 가솔린,FWD,미드나잇 블랙,MX-MT,central,31200
2026-05,VF5MPFAXTM0038801,MRD,2026,MRD-PR,1.6T 하이브리드,FWD,스노우 화이트,MX-MT,central,31200
2026-05,VF5MPFAXTM0038802,MRD,2026,MRD-PR,1.6T 하이브리드,FWD,스노우 화이트,MX-MT,northeast,31200
2026-05,VF5MPFEXTM0038803,MRD,2026,MRD-PR,1.6T 하이브리드,FWD,오션 블루,MX-MT,southeast,31200
2026-05,VF5MCFAXTM0038804,MRD,2026,MRD-CO,2.0 가솔린,FWD,스노우 화이트,MX-MT,south,28704
2026-05,VF5MCFBXTM0038805,MRD,2026,MRD-CO,2.0 가솔린,FWD,미드나잇 블랙,MX-MT,southeast,28704
2026-05,VF5MPFFXTM0038806,MRD,2026,MRD-PR,2.0 가솔린,FWD,선셋 레드,MX-MT,west,31200
2026-05,VF5MSFGXTM0038807,MRD,2026,MRD-SP,1.6T 하이브리드,FWD,포레스트 그린,MX-MT,central,35568
2026-05,VF5MPFDXTM0038808,MRD,2026,MRD-PR,2.0 가솔린,FWD,실버,MX-MT,southeast,31200
2026-05,VF5MPFAXTM0038809,MRD,2026,MRD-PR,2.0 가솔린,FWD,스노우 화이트,MX-MT,west,31200
2026-05,VF5MPFBXTM0038810,MRD,2026,MRD-PR,1.6T 하이브리드,FWD,미드나잇 블랙,MX-MT,southeast,31200
2026-05,VF5MPAEXTM0038811,MRD,2026,MRD-PR,1.6T 하이브리드,AWD,오션 블루,MX-MT,south,31200
2026-05,VF5MPAAXTM0038812,MRD,2026,MRD-PR,1.6T 하이브리드,AWD,스노우 화이트,MX-MT,west,31200
2026-05,VF5MPFAXTM0038813,MRD,2026,MRD-PR,1.6T 하이브리드,FWD,스노우 화이트,MX-MT,west,31200
2026-05,VF5MCFBXTM0038814,MRD,2026,MRD-CO,1.6T 하이브리드,FWD,미드나잇 블랙,MX-MT,south,28704
2026-05,VF5MCFBXTM0038815,MRD,2026,MRD-CO,2.0 가솔린,FWD,미드나잇 블랙,MX-MT,south,28704
2026-05,VF5MCFDXTM0038816,MRD,2026,MRD-CO,1.6T 하이브리드,FWD,실버,MX-MT,central,28704
2026-05,VF5MCACXTM0038817,MRD,2026,MRD-CO,1.6T 하이브리드,AWD,스틸 그레이,MX-MT,southeast,28704
2026-05,VF5MPFBXTM0038818,MRD,2026,MRD-PR,1.6T 하이브리드,FWD,미드나잇 블랙,MX-MT,southeast,31200
2026-05,VF5MCAAXTM0038819,MRD,2026,MRD-CO,1.6T 하이브리드,AWD,스노우 화이트,MX-MT,northeast,28704
2026-05,VF5MCFAXTM0038820,MRD,2026,MRD-CO,2.0 가솔린,FWD,스노우 화이트,MX-MT,southeast,28704
2026-05,VF5MSADXTM0038821,MRD,2026,MRD-SP,2.0 가솔린,AWD,실버,MX-MT,south,35568
2026-05,VF5MCFEXTM0038822,MRD,2026,MRD-CO,1.6T 하이브리드,FWD,오션 블루,MX-MT,southeast,28704
2026-05,VF5MCFGXTM0038823,MRD,2026,MRD-CO,1.6T 하이브리드,FWD,포레스트 그린,MX-MT,south,28704
2026-05,VF5MPFCXTM0038824,MRD,2026,MRD-PR,2.0 가솔린,FWD,스틸 그레이,MX-MT,central,31200
2026-05,VF5MCFGXTM0038825,MRD,2026,MRD-CO,1.6T 하이브리드,FWD,포레스트 그린,MX-MT,southeast,28704
2026-05,VF5MCFHXTM0038826,MRD,2026,MRD-CO,2.0 가솔린,FWD,샌드 베이지,MX-MT,central,28704
2026-05,VF5MSADXTM0038827,MRD,2026,MRD-SP,2.0 가솔린,AWD,실버,MX-MT,southeast,35568
2026-05,VF5MCFBXTM0038828,MRD,2026,MRD-CO,1.6T 하이브리드,FWD,미드나잇 블랙,MX-MT,northeast,28704
2026-05,VF5MCFAXTM0038829,MRD,2026,MRD-CO,1.6T 하이브리드,FWD,스노우 화이트,MX-MT,central,28704
2026-05,VF5MPAAXTM0038830,MRD,2026,MRD-PR,2.0 가솔린,AWD,스노우 화이트,MX-MT,west,31200
2026-05,VF5MSAHXTM0038831,MRD,2026,MRD-SP,2.0 가솔린,AWD,샌드 베이지,MX-MT,south,35568
2026-05,VF5MSFBXTM0038832,MRD,2026,MRD-SP,1.6T 하이브리드,FWD,미드나잇 블랙,MX-MT,northeast,35568
2026-05,VF5MCFAXTM0038833,MRD,2026,MRD-CO,1.6T 하이브리드,FWD,스노우 화이트,MX-MT,south,28704
2026-05,VF5MCFEXTM0038834,MRD,2026,MRD-CO,2.0 가솔린,FWD,오션 블루,MX-MT,west,28704
2026-05,VF5MPFCXTM0038835,MRD,2026,MRD-PR,2.0 가솔린,FWD,스틸 그레이,MX-MT,southeast,31200
2026-05,VF5MPFBXTM0038836,MRD,2026,MRD-PR,1.6T 하이브리드,FWD,미드나잇 블랙,MX-MT,southeast,31200
2026-05,VF5MSFDXTM0038837,MRD,2026,MRD-SP,2.0 가솔린,FWD,실버,MX-MT,west,35568
2026-05,VF5MSFEXTM0038838,MRD,2026,MRD-SP,1.6T 하이브리드,FWD,오션 블루,MX-MT,south,35568
2026-05,VF5MSFEXTM0038839,MRD,2026,MRD-SP,1.6T 하이브리드,FWD,오션 블루,MX-MT,northeast,35568
2026-05,VF5MPFAXTM0038840,MRD,2026,MRD-PR,2.0 가솔린,FWD,스노우 화이트,MX-MT,south,31200
2026-05,VF5MPFAXTM0038841,MRD,2026,MRD-PR,1.6T 하이브리드,FWD,스노우 화이트,MX-MT,southeast,31200
2026-05,VF5MCAFXTM0038842,MRD,2026,MRD-CO,2.0 가솔린,AWD,선셋 레드,MX-MT,central,28704
2026-05,VF5MSFAXTM0038843,MRD,2026,MRD-SP,1.6T 하이브리드,FWD,스노우 화이트,MX-MT,southeast,35568
2026-05,VF5MCFEXTM0038844,MRD,2026,MRD-CO,2.0 가솔린,FWD,오션 블루,MX-MT,south,28704
2026-05,VF5MCFAXTM0038845,MRD,2026,MRD-CO,1.6T 하이브리드,FWD,스노우 화이트,MX-MT,south,28704
2026-05,VF5MSFCXTM0038846,MRD,2026,MRD-SP,2.0 가솔린,FWD,스틸 그레이,MX-MT,southeast,35568
2026-05,VF5MCFCXTM0038847,MRD,2026,MRD-CO,1.6T 하이브리드,FWD,스틸 그레이,MX-MT,central,28704
2026-05,VF5MPFCXTM0038848,MRD,2026,MRD-PR,1.6T 하이브리드,FWD,스틸 그레이,MX-MT,west,31200
2026-05,VF5MCFAXTM0038849,MRD,2026,MRD-CO,1.6T 하이브리드,FWD,스노우 화이트,MX-MT,south,28704
2026-05,VF5MPAAXTM0038850,MRD,2026,MRD-PR,2.0 가솔린,AWD,스노우 화이트,MX-MT,west,31200
2026-05,VF5MCFFXTM0038851,MRD,2026,MRD-CO,1.6T 하이브리드,FWD,선셋 레드,MX-MT,west,28704
2026-05,VF5MCFBXTM0038852,MRD,2026,MRD-CO,2.0 가솔린,FWD,미드나잇 블랙,MX-MT,south,28704
2026-05,VF5MCFBXTM0038853,MRD,2026,MRD-CO,1.6T 하이브리드,FWD,미드나잇 블랙,MX-MT,central,28704
2026-05,VF5MCACXTM0038854,MRD,2026,MRD-CO,1.6T 하이브리드,AWD,스틸 그레이,MX-MT,south,28704
2026-05,VF5MPFFXTM0038855,MRD,2026,MRD-PR,1.6T 하이브리드,FWD,선셋 레드,MX-MT,northeast,31200
2026-05,VF5MCFFXTM0038856,MRD,2026,MRD-CO,2.0 가솔린,FWD,선셋 레드,MX-MT,south,28704
2026-05,VF5MPFFXTM0038857,MRD,2026,MRD-PR,2.0 가솔린,FWD,선셋 레드,MX-MT,south,31200
2026-05,VF5MPFBXTM0038858,MRD,2026,MRD-PR,1.6T 하이브리드,FWD,미드나잇 블랙,MX-MT,west,31200
2026-05,VF5MPFAXTM0038859,MRD,2026,MRD-PR,1.6T 하이브리드,FWD,스노우 화이트,MX-MT,west,31200
2026-05,VF5MCFAXTM0038860,MRD,2026,MRD-CO,2.0 가솔린,FWD,스노우 화이트,MX-MT,northeast,28704
2026-05,VF5MPFEXTM0038861,MRD,2026,MRD-PR,2.0 가솔린,FWD,오션 블루,MX-MT,south,31200
2026-05,VF5MPFBXTM0038862,MRD,2026,MRD-PR,2.0 가솔린,FWD,미드나잇 블랙,MX-MT,northeast,31200
2026-05,VF5MPFAXTM0038863,MRD,2026,MRD-PR,1.6T 하이브리드,FWD,스노우 화이트,MX-MT,central,31200
2026-05,VF5MCFAXTM0038864,MRD,2026,MRD-CO,1.6T 하이브리드,FWD,스노우 화이트,MX-MT,northeast,28704
2026-05,VF5MPFFXTM0038865,MRD,2026,MRD-PR,2.0 가솔린,FWD,선셋 레드,MX-MT,west,31200
2026-05,VF5MSAHXTM0038866,MRD,2026,MRD-SP,2.0 가솔린,AWD,샌드 베이지,MX-MT,southeast,35568
2026-05,VF5MSFDXTM0038867,MRD,2026,MRD-SP,2.0 가솔린,FWD,실버,MX-MT,west,35568
2026-05,VF5MPFCXTM0038868,MRD,2026,MRD-PR,1.6T 하이브리드,FWD,스틸 그레이,MX-MT,southeast,31200
2026-05,VF5MPFAXTM0038869,MRD,2026,MRD-PR,1.6T 하이브리드,FWD,스노우 화이트,MX-MT,south,31200
2026-05,VF5MSFDXTM0038870,MRD,2026,MRD-SP,2.0 가솔린,FWD,실버,MX-MT,west,35568
2026-05,VF5MCFEXTM0038871,MRD,2026,MRD-CO,2.0 가솔린,FWD,오션 블루,MX-MT,south,28704
2026-05,VF5MPFDXTM0038872,MRD,2026,MRD-PR,2.0 가솔린,FWD,실버,MX-MT,northeast,31200
2026-05,VF5MPFBXTM0038873,MRD,2026,MRD-PR,1.6T 하이브리드,FWD,미드나잇 블랙,MX-MT,west,31200
2026-05,VF5MCFDXTM0038874,MRD,2026,MRD-CO,2.0 가솔린,FWD,실버,MX-MT,south,28704
2026-05,VF5MPABXTM0038875,MRD,2026,MRD-PR,1.6T 하이브리드,AWD,미드나잇 블랙,MX-MT,northeast,31200
2026-05,VF5MSAHXTM0038876,MRD,2026,MRD-SP,1.6T 하이브리드,AWD,샌드 베이지,MX-MT,northeast,35568
2026-05,VF5MCFCXTM0038877,MRD,2026,MRD-CO,1.6T 하이브리드,FWD,스틸 그레이,MX-MT,central,28704
2026-05,VF5MPFCXTM0038878,MRD,2026,MRD-PR,2.0 가솔린,FWD,스틸 그레이,MX-MT,central,31200
2026-05,VF5MPAGXTM0038879,MRD,2026,MRD-PR,2.0 가솔린,AWD,포레스트 그린,MX-MT,south,31200
2026-05,VF5MCFBXTM0038880,MRD,2026,MRD-CO,1.6T 하이브리드,FWD,미드나잇 블랙,MX-MT,northeast,28704
2026-05,VF5MCFHXTM0038881,MRD,2026,MRD-CO,1.6T 하이브리드,FWD,샌드 베이지,MX-MT,south,28704
2026-05,VF5MCFGXTM0038882,MRD,2026,MRD-CO,2.0 가솔린,FWD,포레스트 그린,MX-MT,west,28704
2026-05,VF5MCACXTM0038883,MRD,2026,MRD-CO,2.0 가솔린,AWD,스틸 그레이,MX-MT,central,28704
2026-05,VF5MCFAXTM0038884,MRD,2026,MRD-CO,1.6T 하이브리드,FWD,스노우 화이트,MX-MT,southeast,28704
2026-05,VF5MSFHXTM0038885,MRD,2026,MRD-SP,2.0 가솔린,FWD,샌드 베이지,MX-MT,northeast,35568
2026-05,VF5MCFAXTM0038886,MRD,2026,MRD-CO,2.0 가솔린,FWD,스노우 화이트,MX-MT,west,28704
2026-05,VF5MCFBXTM0038887,MRD,2026,MRD-CO,2.0 가솔린,FWD,미드나잇 블랙,MX-MT,central,28704
2026-05,VF5MPFAXTM0038888,MRD,2026,MRD-PR,1.6T 하이브리드,FWD,스노우 화이트,MX-MT,southeast,31200
2026-05,VF5MSAAXTM0038889,MRD,2026,MRD-SP,1.6T 하이브리드,AWD,스노우 화이트,MX-MT,northeast,35568
2026-05,VF5MSFHXTM0038890,MRD,2026,MRD-SP,1.6T 하이브리드,FWD,샌드 베이지,MX-MT,central,35568
2026-05,VF5MSFBXTM0038891,MRD,2026,MRD-SP,2.0 가솔린,FWD,미드나잇 블랙,MX-MT,northeast,35568
2026-05,VF5MPFHXTM0038892,MRD,2026,MRD-PR,2.0 가솔린,FWD,샌드 베이지,MX-MT,south,31200
2026-05,VF5MPFDXTM0038893,MRD,2026,MRD-PR,1.6T 하이브리드,FWD,실버,MX-MT,west,31200
2026-05,VF5MPFGXTM0038894,MRD,2026,MRD-PR,2.0 가솔린,FWD,포레스트 그린,MX-MT,northeast,31200
2026-05,VF5MCAHXTM0038895,MRD,2026,MRD-CO,2.0 가솔린,AWD,샌드 베이지,MX-MT,central,28704
2026-05,VF5MPFCXTM0038896,MRD,2026,MRD-PR,2.0 가솔린,FWD,스틸 그레이,MX-MT,south,31200
2026-05,VF5MSFEXTM0038897,MRD,2026,MRD-SP,1.6T 하이브리드,FWD,오션 블루,MX-MT,south,35568
2026-05,VF5MSABXTM0038898,MRD,2026,MRD-SP,1.6T 하이브리드,AWD,미드나잇 블랙,MX-MT,central,35568
2026-05,VF5MPAAXTM0038899,MRD,2026,MRD-PR,2.0 가솔린,AWD,스노우 화이트,MX-MT,southeast,31200
2026-05,VF5MCFBXTM0038900,MRD,2026,MRD-CO,1.6T 하이브리드,FWD,미드나잇 블랙,MX-MT,central,28704
2026-05,VF5MPFFXTM0038901,MRD,2026,MRD-PR,2.0 가솔린,FWD,선셋 레드,MX-MT,south,31200
2026-05,VF5MCAAXTM0038902,MRD,2026,MRD-CO,2.0 가솔린,AWD,스노우 화이트,MX-MT,west,28704
2026-05,VF5MPFHXTM0038903,MRD,2026,MRD-PR,2.0 가솔린,FWD,샌드 베이지,MX-MT,southeast,31200
2026-05,VF5MPFBXTM0038904,MRD,2026,MRD-PR,1.6T 하이브리드,FWD,미드나잇 블랙,MX-MT,central,31200
2026-05,VF5MSFBXTM0038905,MRD,2026,MRD-SP,1.6T 하이브리드,FWD,미드나잇 블랙,MX-MT,south,35568
2026-05,VF5MCADXTM0038906,MRD,2026,MRD-CO,1.6T 하이브리드,AWD,실버,MX-MT,central,28704
2026-05,VF5MPFDXTM0038907,MRD,2026,MRD-PR,2.0 가솔린,FWD,실버,MX-MT,west,31200
2026-05,VF5MCFCXTM0038908,MRD,2026,MRD-CO,1.6T 하이브리드,FWD,스틸 그레이,MX-MT,central,28704
2026-05,VF5MCFBXTM0038909,MRD,2026,MRD-CO,1.6T 하이브리드,FWD,미드나잇 블랙,MX-MT,west,28704
2026-05,VF5MCFFXTM0038910,MRD,2026,MRD-CO,2.0 가솔린,FWD,선셋 레드,MX-MT,southeast,28704
2026-05,VF5MCFCXTM0038911,MRD,2026,MRD-CO,2.0 가솔린,FWD,스틸 그레이,MX-MT,northeast,28704
2026-05,VF5MCFEXTM0038912,MRD,2026,MRD-CO,1.6T 하이브리드,FWD,오션 블루,MX-MT,west,28704
2026-05,VF5MSFGXTM0038913,MRD,2026,MRD-SP,1.6T 하이브리드,FWD,포레스트 그린,MX-MT,central,35568
2026-05,VF5MCFBXTM0038914,MRD,2026,MRD-CO,1.6T 하이브리드,FWD,미드나잇 블랙,MX-MT,south,28704
2026-05,VF5MPACXTM0038915,MRD,2026,MRD-PR,1.6T 하이브리드,AWD,스틸 그레이,MX-MT,northeast,31200
2026-05,VF5MPFFXTM0038916,MRD,2026,MRD-PR,1.6T 하이브리드,FWD,선셋 레드,MX-MT,northeast,31200
2026-05,VF5MPFGXTM0038917,MRD,2026,MRD-PR,2.0 가솔린,FWD,포레스트 그린,MX-MT,central,31200
2026-05,VF5MPFBXTM0038918,MRD,2026,MRD-PR,2.0 가솔린,FWD,미드나잇 블랙,MX-MT,northeast,31200
2026-05,VF5MPFBXTM0038919,MRD,2026,MRD-PR,2.0 가솔린,FWD,미드나잇 블랙,MX-MT,south,31200
2026-05,VF5MPFDXTM0038920,MRD,2026,MRD-PR,2.0 가솔린,FWD,실버,MX-MT,central,31200
2026-05,VF5MPFBXTM0038921,MRD,2026,MRD-PR,1.6T 하이브리드,FWD,미드나잇 블랙,MX-MT,south,31200
2026-05,VF5MSFBXTM0038922,MRD,2026,MRD-SP,2.0 가솔린,FWD,미드나잇 블랙,MX-MT,central,35568
2026-05,VF5MSFAXTM0038923,MRD,2026,MRD-SP,2.0 가솔린,FWD,스노우 화이트,MX-MT,central,35568
2026-05,VF5MSFEXTM0038924,MRD,2026,MRD-SP,2.0 가솔린,FWD,오션 블루,MX-MT,northeast,35568
2026-05,VF5MCAGXTM0038925,MRD,2026,MRD-CO,2.0 가솔린,AWD,포레스트 그린,MX-MT,northeast,28704
2026-05,VF5MSADXTM0038926,MRD,2026,MRD-SP,2.0 가솔린,AWD,실버,MX-MT,central,35568
2026-05,VF5MPFDXTM0038927,MRD,2026,MRD-PR,2.0 가솔린,FWD,실버,MX-MT,southeast,31200
2026-05,VF5MCFAXTM0038928,MRD,2026,MRD-CO,2.0 가솔린,FWD,스노우 화이트,MX-MT,south,28704
2026-05,VF5MCFFXTM0038929,MRD,2026,MRD-CO,1.6T 하이브리드,FWD,선셋 레드,MX-MT,northeast,28704
2026-05,VF5MPFGXTM0038930,MRD,2026,MRD-PR,1.6T 하이브리드,FWD,포레스트 그린,MX-MT,south,31200
2026-05,VF5MPFAXTM0038931,MRD,2026,MRD-PR,1.6T 하이브리드,FWD,스노우 화이트,MX-MT,west,31200
2026-05,VF5MPAAXTM0038932,MRD,2026,MRD-PR,2.0 가솔린,AWD,스노우 화이트,MX-MT,central,31200
2026-05,VF5MPFAXTM0038933,MRD,2026,MRD-PR,1.6T 하이브리드,FWD,스노우 화이트,MX-MT,south,31200
2026-05,VF5MPFAXTM0038934,MRD,2026,MRD-PR,1.6T 하이브리드,FWD,스노우 화이트,MX-MT,northeast,31200
2026-05,VF5MPFHXTM0038935,MRD,2026,MRD-PR,2.0 가솔린,FWD,샌드 베이지,MX-MT,northeast,31200
2026-05,VF5MCADXTM0038936,MRD,2026,MRD-CO,2.0 가솔린,AWD,실버,MX-MT,central,28704
2026-05,VF2NCACXTK0040295,NOV,2026,NOV-CO,3.5 가솔린,AWD,스틸 그레이,KR-2,southeast,40756
2026-05,VF2NCFBXTK0040296,NOV,2026,NOV-CO,1.6T 하이브리드,FWD,미드나잇 블랙,KR-2,southeast,40756
2026-05,VF2NPFAXTK0040297,NOV,2026,NOV-PR,3.5 가솔린,FWD,스노우 화이트,KR-2,south,44300
2026-05,VF2NCADXTK0040298,NOV,2026,NOV-CO,1.6T 하이브리드,AWD,실버,KR-2,northeast,40756
2026-05,VF2NPACXTK0040299,NOV,2026,NOV-PR,3.5 가솔린,AWD,스틸 그레이,KR-2,northeast,44300
2026-05,VF2NCADXTK0040300,NOV,2026,NOV-CO,3.5 가솔린,AWD,실버,KR-2,central,40756
2026-05,VF2NPAGXTK0040301,NOV,2026,NOV-PR,3.5 가솔린,AWD,포레스트 그린,KR-2,central,44300
2026-05,VF2NCFDXTK0040302,NOV,2026,NOV-CO,3.5 가솔린,FWD,실버,KR-2,northeast,40756
2026-05,VF2NPFAXTK0040303,NOV,2026,NOV-PR,1.6T 하이브리드,FWD,스노우 화이트,KR-2,central,44300
2026-05,VF2NSFGXTK0040304,NOV,2026,NOV-LO,1.6T 하이브리드,FWD,포레스트 그린,KR-2,southeast,50502
2026-05,VF2NSAAXTK0040305,NOV,2026,NOV-LO,3.5 가솔린,AWD,스노우 화이트,KR-2,west,50502
2026-05,VF2NPFAXTK0040306,NOV,2026,NOV-PR,1.6T 하이브리드,FWD,스노우 화이트,KR-2,south,44300
2026-05,VF2NSAFXTK0040307,NOV,2026,NOV-LO,1.6T 하이브리드,AWD,선셋 레드,KR-2,west,50502
2026-05,VF2NCACXTK0040308,NOV,2026,NOV-CO,1.6T 하이브리드,AWD,스틸 그레이,KR-2,northeast,40756
2026-05,VF2NCFFXTK0040309,NOV,2026,NOV-CO,1.6T 하이브리드,FWD,선셋 레드,KR-2,southeast,40756
2026-05,VF2NCFBXTK0040310,NOV,2026,NOV-CO,3.5 가솔린,FWD,미드나잇 블랙,KR-2,northeast,40756
2026-05,VF2NCFCXTK0040311,NOV,2026,NOV-CO,3.5 가솔린,FWD,스틸 그레이,KR-2,west,40756
2026-05,VF2NCFBXTK0040312,NOV,2026,NOV-CO,3.5 가솔린,FWD,미드나잇 블랙,KR-2,northeast,40756
2026-05,VF2NSABXTK0040313,NOV,2026,NOV-LO,1.6T 하이브리드,AWD,미드나잇 블랙,KR-2,south,50502
2026-05,VF2NCADXTK0040314,NOV,2026,NOV-CO,3.5 가솔린,AWD,실버,KR-2,central,40756
2026-05,VF2NPFFXTK0040315,NOV,2026,NOV-PR,1.6T 하이브리드,FWD,선셋 레드,KR-2,south,44300
2026-05,VF2NCACXTK0040316,NOV,2026,NOV-CO,1.6T 하이브리드,AWD,스틸 그레이,KR-2,southeast,40756
2026-05,VF2NSACXTK0040317,NOV,2026,NOV-LO,3.5 가솔린,AWD,스틸 그레이,KR-2,central,50502
2026-05,VF2NCFAXTK0040318,NOV,2026,NOV-CO,3.5 가솔린,FWD,스노우 화이트,KR-2,west,40756
2026-05,VF2NPFAXTK0040319,NOV,2026,NOV-PR,3.5 가솔린,FWD,스노우 화이트,KR-2,northeast,44300
2026-05,VF2NPABXTK0040320,NOV,2026,NOV-PR,1.6T 하이브리드,AWD,미드나잇 블랙,KR-2,northeast,44300
2026-05,VF2NPABXTK0040321,NOV,2026,NOV-PR,1.6T 하이브리드,AWD,미드나잇 블랙,KR-2,southeast,44300
2026-05,VF2NCFCXTK0040322,NOV,2026,NOV-CO,3.5 가솔린,FWD,스틸 그레이,KR-2,southeast,40756
2026-05,VF2NPFHXTK0040323,NOV,2026,NOV-PR,1.6T 하이브리드,FWD,샌드 베이지,KR-2,central,44300
2026-05,VF2NCFAXTK0040324,NOV,2026,NOV-CO,1.6T 하이브리드,FWD,스노우 화이트,KR-2,west,40756
2026-05,VF2NPFFXTK0040325,NOV,2026,NOV-PR,1.6T 하이브리드,FWD,선셋 레드,KR-2,south,44300
2026-05,VF2NSFCXTK0040326,NOV,2026,NOV-LO,1.6T 하이브리드,FWD,스틸 그레이,KR-2,south,50502
2026-05,VF2NSAEXTK0040327,NOV,2026,NOV-LO,1.6T 하이브리드,AWD,오션 블루,KR-2,west,50502
2026-05,VF2NCABXTK0040328,NOV,2026,NOV-CO,1.6T 하이브리드,AWD,미드나잇 블랙,KR-2,northeast,40756
2026-05,VF2NCFAXTK0040329,NOV,2026,NOV-CO,3.5 가솔린,FWD,스노우 화이트,KR-2,south,40756
2026-05,VF2NSFCXTK0040330,NOV,2026,NOV-LO,3.5 가솔린,FWD,스틸 그레이,KR-2,southeast,50502
2026-05,VF2NPAEXTK0040331,NOV,2026,NOV-PR,1.6T 하이브리드,AWD,오션 블루,KR-2,south,44300
2026-05,VF2NPFFXTK0040332,NOV,2026,NOV-PR,3.5 가솔린,FWD,선셋 레드,KR-2,northeast,44300
2026-05,VF2NPABXTK0040333,NOV,2026,NOV-PR,3.5 가솔린,AWD,미드나잇 블랙,KR-2,central,44300
2026-05,VF2NPABXTK0040334,NOV,2026,NOV-PR,3.5 가솔린,AWD,미드나잇 블랙,KR-2,west,44300
2026-05,VF2NSFFXTK0040335,NOV,2026,NOV-LO,1.6T 하이브리드,FWD,선셋 레드,KR-2,southeast,50502
2026-05,VF2NPABXTK0040336,NOV,2026,NOV-PR,1.6T 하이브리드,AWD,미드나잇 블랙,KR-2,northeast,44300
2026-05,VF2NPAFXTK0040337,NOV,2026,NOV-PR,1.6T 하이브리드,AWD,선셋 레드,KR-2,south,44300
2026-05,VF2NPFAXTK0040338,NOV,2026,NOV-PR,1.6T 하이브리드,FWD,스노우 화이트,KR-2,northeast,44300
2026-05,VF2NPFAXTK0040339,NOV,2026,NOV-PR,1.6T 하이브리드,FWD,스노우 화이트,KR-2,west,44300
2026-05,VF2NPAAXTK0040340,NOV,2026,NOV-PR,3.5 가솔린,AWD,스노우 화이트,KR-2,southeast,44300
2026-05,VF2NSFAXTK0040341,NOV,2026,NOV-LO,1.6T 하이브리드,FWD,스노우 화이트,KR-2,south,50502
2026-05,VF2NPFFXTK0040342,NOV,2026,NOV-PR,1.6T 하이브리드,FWD,선셋 레드,KR-2,southeast,44300
2026-05,VF2NPFDXTK0040343,NOV,2026,NOV-PR,3.5 가솔린,FWD,실버,KR-2,northeast,44300
2026-05,VF2NPFHXTK0040344,NOV,2026,NOV-PR,3.5 가솔린,FWD,샌드 베이지,KR-2,south,44300
2026-05,VF2NSFCXTK0040345,NOV,2026,NOV-LO,3.5 가솔린,FWD,스틸 그레이,KR-2,central,50502
2026-05,VF2NSAEXTK0040346,NOV,2026,NOV-LO,3.5 가솔린,AWD,오션 블루,KR-2,west,50502
2026-05,VF2NPAFXTK0040347,NOV,2026,NOV-PR,1.6T 하이브리드,AWD,선셋 레드,KR-2,west,44300
2026-05,VF2NPFFXTK0040348,NOV,2026,NOV-PR,3.5 가솔린,FWD,선셋 레드,KR-2,west,44300
2026-05,VF2NCFAXTK0040349,NOV,2026,NOV-CO,1.6T 하이브리드,FWD,스노우 화이트,KR-2,west,40756
2026-05,VF2NPAGXTK0040350,NOV,2026,NOV-PR,3.5 가솔린,AWD,포레스트 그린,KR-2,northeast,44300
2026-05,VF2NPAEXTK0040351,NOV,2026,NOV-PR,1.6T 하이브리드,AWD,오션 블루,KR-2,west,44300
2026-05,VF2NCAAXTK0040352,NOV,2026,NOV-CO,3.5 가솔린,AWD,스노우 화이트,KR-2,central,40756
2026-05,VF2NCAAXTK0040353,NOV,2026,NOV-CO,1.6T 하이브리드,AWD,스노우 화이트,KR-2,west,40756
2026-05,VF2NCFFXTK0040354,NOV,2026,NOV-CO,1.6T 하이브리드,FWD,선셋 레드,KR-2,southeast,40756
2026-05,VF2NCFGXTK0040355,NOV,2026,NOV-CO,1.6T 하이브리드,FWD,포레스트 그린,KR-2,southeast,40756
2026-05,VF2NCFFXTK0040356,NOV,2026,NOV-CO,1.6T 하이브리드,FWD,선셋 레드,KR-2,south,40756
2026-05,VF2NPFAXTK0040357,NOV,2026,NOV-PR,1.6T 하이브리드,FWD,스노우 화이트,KR-2,southeast,44300
2026-05,VF2NPFEXTK0040358,NOV,2026,NOV-PR,3.5 가솔린,FWD,오션 블루,KR-2,south,44300
2026-05,VF2NPACXTK0040359,NOV,2026,NOV-PR,3.5 가솔린,AWD,스틸 그레이,KR-2,west,44300
2026-05,VF2NPFDXTK0040360,NOV,2026,NOV-PR,3.5 가솔린,FWD,실버,KR-2,central,44300
2026-05,VF2NCACXTK0040361,NOV,2026,NOV-CO,3.5 가솔린,AWD,스틸 그레이,KR-2,central,40756
2026-05,VF2NCFCXTK0040362,NOV,2026,NOV-CO,1.6T 하이브리드,FWD,스틸 그레이,KR-2,west,40756
2026-05,VF2NSABXTK0040363,NOV,2026,NOV-LO,1.6T 하이브리드,AWD,미드나잇 블랙,KR-2,west,50502
2026-05,VF2NCFFXTK0040364,NOV,2026,NOV-CO,1.6T 하이브리드,FWD,선셋 레드,KR-2,south,40756
2026-05,VF2NCFEXTK0040365,NOV,2026,NOV-CO,3.5 가솔린,FWD,오션 블루,KR-2,south,40756
2026-05,VF2NCFBXTK0040366,NOV,2026,NOV-CO,1.6T 하이브리드,FWD,미드나잇 블랙,KR-2,west,40756
2026-05,VF2NPFEXTK0040367,NOV,2026,NOV-PR,1.6T 하이브리드,FWD,오션 블루,KR-2,west,44300
2026-05,VF2NPFGXTK0040368,NOV,2026,NOV-PR,1.6T 하이브리드,FWD,포레스트 그린,KR-2,northeast,44300
2026-05,VF2NCACXTK0040369,NOV,2026,NOV-CO,3.5 가솔린,AWD,스틸 그레이,KR-2,south,40756
2026-05,VF2NCAEXTK0040370,NOV,2026,NOV-CO,1.6T 하이브리드,AWD,오션 블루,KR-2,northeast,40756
2026-05,VF2NPFAXTK0040371,NOV,2026,NOV-PR,3.5 가솔린,FWD,스노우 화이트,KR-2,northeast,44300
2026-05,VF2NCAAXTK0040372,NOV,2026,NOV-CO,1.6T 하이브리드,AWD,스노우 화이트,KR-2,central,40756
2026-05,VF2NPFHXTK0040373,NOV,2026,NOV-PR,1.6T 하이브리드,FWD,샌드 베이지,KR-2,west,44300
2026-05,VF2NPAEXTK0040374,NOV,2026,NOV-PR,1.6T 하이브리드,AWD,오션 블루,KR-2,northeast,44300
2026-05,VF2NCFBXTK0040375,NOV,2026,NOV-CO,3.5 가솔린,FWD,미드나잇 블랙,KR-2,southeast,40756
2026-05,VF2NCFCXTK0040376,NOV,2026,NOV-CO,3.5 가솔린,FWD,스틸 그레이,KR-2,south,40756
2026-05,VF2NPFBXTK0040377,NOV,2026,NOV-PR,1.6T 하이브리드,FWD,미드나잇 블랙,KR-2,south,44300
2026-05,VF2NPFFXTK0040378,NOV,2026,NOV-PR,3.5 가솔린,FWD,선셋 레드,KR-2,west,44300
2026-05,VF2NCFEXTK0040379,NOV,2026,NOV-CO,1.6T 하이브리드,FWD,오션 블루,KR-2,south,40756
2026-05,VF2NSAEXTK0040380,NOV,2026,NOV-LO,3.5 가솔린,AWD,오션 블루,KR-2,southeast,50502
2026-05,VF2NSFDXTK0040381,NOV,2026,NOV-LO,1.6T 하이브리드,FWD,실버,KR-2,central,50502
2026-05,VF2NCFEXTK0040382,NOV,2026,NOV-CO,1.6T 하이브리드,FWD,오션 블루,KR-2,west,40756
2026-05,VF2NCAAXTK0040383,NOV,2026,NOV-CO,3.5 가솔린,AWD,스노우 화이트,KR-2,southeast,40756
2026-05,VF2NCFAXTK0040384,NOV,2026,NOV-CO,1.6T 하이브리드,FWD,스노우 화이트,KR-2,central,40756
2026-05,VF2NSFAXTK0040385,NOV,2026,NOV-LO,1.6T 하이브리드,FWD,스노우 화이트,KR-2,central,50502
2026-05,VF2NPFEXTK0040386,NOV,2026,NOV-PR,3.5 가솔린,FWD,오션 블루,KR-2,south,44300
2026-05,VF2NCFBXTK0040387,NOV,2026,NOV-CO,1.6T 하이브리드,FWD,미드나잇 블랙,KR-2,central,40756
2026-05,VF2NPFCXTK0040388,NOV,2026,NOV-PR,1.6T 하이브리드,FWD,스틸 그레이,KR-2,northeast,44300
2026-05,VF2NSFCXTK0040389,NOV,2026,NOV-LO,3.5 가솔린,FWD,스틸 그레이,KR-2,south,50502
2026-05,VF2NCFAXTK0040390,NOV,2026,NOV-CO,1.6T 하이브리드,FWD,스노우 화이트,KR-2,west,40756
2026-05,VF2NPFDXTK0040391,NOV,2026,NOV-PR,3.5 가솔린,FWD,실버,KR-2,northeast,44300
2026-05,VF2NPFAXTK0040392,NOV,2026,NOV-PR,3.5 가솔린,FWD,스노우 화이트,KR-2,central,44300
2026-05,VF2NCFDXTK0040393,NOV,2026,NOV-CO,1.6T 하이브리드,FWD,실버,KR-2,south,40756
2026-05,VF2NCAEXTK0040394,NOV,2026,NOV-CO,1.6T 하이브리드,AWD,오션 블루,KR-2,west,40756
2026-05,VF2NCFEXTK0040395,NOV,2026,NOV-CO,3.5 가솔린,FWD,오션 블루,KR-2,southeast,40756
2026-05,VF2NPFCXTK0040396,NOV,2026,NOV-PR,1.6T 하이브리드,FWD,스틸 그레이,KR-2,central,44300
2026-05,VF2NPFAXTK0040397,NOV,2026,NOV-PR,1.6T 하이브리드,FWD,스노우 화이트,KR-2,west,44300
2026-05,VF2NPFDXTK0040398,NOV,2026,NOV-PR,1.6T 하이브리드,FWD,실버,KR-2,southeast,44300
2026-05,VF2NCACXTK0040399,NOV,2026,NOV-CO,1.6T 하이브리드,AWD,스틸 그레이,KR-2,west,40756
2026-05,VF2NPABXTK0040400,NOV,2026,NOV-PR,1.6T 하이브리드,AWD,미드나잇 블랙,KR-2,northeast,44300
2026-05,VF2NPAAXTK0040401,NOV,2026,NOV-PR,1.6T 하이브리드,AWD,스노우 화이트,KR-2,northeast,44300
2026-05,VF2NSFCXTK0040402,NOV,2026,NOV-LO,3.5 가솔린,FWD,스틸 그레이,KR-2,west,50502
2026-05,VF2NCFEXTK0040403,NOV,2026,NOV-CO,3.5 가솔린,FWD,오션 블루,KR-2,south,40756
2026-05,VF2NPADXTK0040404,NOV,2026,NOV-PR,3.5 가솔린,AWD,실버,KR-2,southeast,44300
2026-05,VF2NCFFXTK0040405,NOV,2026,NOV-CO,3.5 가솔린,FWD,선셋 레드,KR-2,northeast,40756
2026-05,VF2NCFFXTK0040406,NOV,2026,NOV-CO,1.6T 하이브리드,FWD,선셋 레드,KR-2,west,40756
2026-05,VF2NSFBXTK0040407,NOV,2026,NOV-LO,1.6T 하이브리드,FWD,미드나잇 블랙,KR-2,west,50502
2026-05,VF2NCFDXTK0040408,NOV,2026,NOV-CO,3.5 가솔린,FWD,실버,KR-2,west,40756
2026-05,VF2NPAFXTK0040409,NOV,2026,NOV-PR,1.6T 하이브리드,AWD,선셋 레드,KR-2,northeast,44300
2026-05,VF2NSFFXTK0040410,NOV,2026,NOV-LO,3.5 가솔린,FWD,선셋 레드,KR-2,south,50502
2026-05,VF2NCFEXTK0040411,NOV,2026,NOV-CO,3.5 가솔린,FWD,오션 블루,KR-2,southeast,40756
2026-05,VF2NSFAXTK0040412,NOV,2026,NOV-LO,3.5 가솔린,FWD,스노우 화이트,KR-2,southeast,50502
2026-05,VF2NPFHXTK0040413,NOV,2026,NOV-PR,1.6T 하이브리드,FWD,샌드 베이지,KR-2,south,44300
2026-05,VF2NCFEXTK0040414,NOV,2026,NOV-CO,1.6T 하이브리드,FWD,오션 블루,KR-2,northeast,40756
2026-05,VF2NPADXTK0040415,NOV,2026,NOV-PR,3.5 가솔린,AWD,실버,KR-2,west,44300
2026-05,VF2NCFFXTK0040416,NOV,2026,NOV-CO,1.6T 하이브리드,FWD,선셋 레드,KR-2,southeast,40756
2026-05,VF2NPAAXTK0040417,NOV,2026,NOV-PR,3.5 가솔린,AWD,스노우 화이트,KR-2,central,44300
2026-05,VF2NPFDXTK0040418,NOV,2026,NOV-PR,1.6T 하이브리드,FWD,실버,KR-2,northeast,44300
2026-05,VF2NCFAXTK0040419,NOV,2026,NOV-CO,1.6T 하이브리드,FWD,스노우 화이트,KR-2,northeast,40756
2026-05,VF2NCFHXTK0040420,NOV,2026,NOV-CO,1.6T 하이브리드,FWD,샌드 베이지,KR-2,west,40756
2026-05,VF2NPFAXTK0040421,NOV,2026,NOV-PR,3.5 가솔린,FWD,스노우 화이트,KR-2,south,44300
2026-05,VF2NCFDXTK0040422,NOV,2026,NOV-CO,1.6T 하이브리드,FWD,실버,KR-2,northeast,40756
2026-05,VF2NPAAXTK0040423,NOV,2026,NOV-PR,3.5 가솔린,AWD,스노우 화이트,KR-2,central,44300
2026-05,VF2NPFBXTK0040424,NOV,2026,NOV-PR,3.5 가솔린,FWD,미드나잇 블랙,KR-2,south,44300
2026-05,VF2NPACXTK0040425,NOV,2026,NOV-PR,1.6T 하이브리드,AWD,스틸 그레이,KR-2,northeast,44300
2026-05,VF2NCAEXTK0040426,NOV,2026,NOV-CO,3.5 가솔린,AWD,오션 블루,KR-2,northeast,40756
2026-05,VF2NCABXTK0040427,NOV,2026,NOV-CO,1.6T 하이브리드,AWD,미드나잇 블랙,KR-2,west,40756
2026-05,VF2NPFBXTK0040428,NOV,2026,NOV-PR,1.6T 하이브리드,FWD,미드나잇 블랙,KR-2,south,44300
2026-05,VF2NCFAXTK0040429,NOV,2026,NOV-CO,3.5 가솔린,FWD,스노우 화이트,KR-2,central,40756
2026-05,VF2NCAAXTK0040430,NOV,2026,NOV-CO,1.6T 하이브리드,AWD,스노우 화이트,KR-2,southeast,40756
2026-05,VF2NPFDXTK0040431,NOV,2026,NOV-PR,3.5 가솔린,FWD,실버,KR-2,west,44300
2026-05,VF2NCFCXTK0040432,NOV,2026,NOV-CO,3.5 가솔린,FWD,스틸 그레이,KR-2,southeast,40756
2026-05,VF2NPFDXTK0040433,NOV,2026,NOV-PR,1.6T 하이브리드,FWD,실버,KR-2,northeast,44300
2026-05,VF2NPFHXTK0040434,NOV,2026,NOV-PR,3.5 가솔린,FWD,샌드 베이지,KR-2,northeast,44300
2026-05,VF2NPFEXTK0040435,NOV,2026,NOV-PR,1.6T 하이브리드,FWD,오션 블루,KR-2,southeast,44300
2026-05,VF2NPACXTK0040436,NOV,2026,NOV-PR,3.5 가솔린,AWD,스틸 그레이,KR-2,west,44300
2026-05,VF2NCFAXTK0040437,NOV,2026,NOV-CO,3.5 가솔린,FWD,스노우 화이트,KR-2,west,40756
2026-05,VF2NPFFXTK0040438,NOV,2026,NOV-PR,1.6T 하이브리드,FWD,선셋 레드,KR-2,northeast,44300
2026-05,VF2NSFDXTK0040439,NOV,2026,NOV-LO,3.5 가솔린,FWD,실버,KR-2,west,50502
2026-05,VF2NPFDXTK0040440,NOV,2026,NOV-PR,3.5 가솔린,FWD,실버,KR-2,northeast,44300
2026-05,VF2NPAFXTK0040441,NOV,2026,NOV-PR,1.6T 하이브리드,AWD,선셋 레드,KR-2,northeast,44300
2026-05,VF2NPFCXTK0040442,NOV,2026,NOV-PR,3.5 가솔린,FWD,스틸 그레이,KR-2,west,44300
2026-05,VF2NPABXTK0040443,NOV,2026,NOV-PR,1.6T 하이브리드,AWD,미드나잇 블랙,KR-2,central,44300
2026-05,VF2NSFCXTK0040444,NOV,2026,NOV-LO,3.5 가솔린,FWD,스틸 그레이,KR-2,northeast,50502
2026-05,VF2NPFAXTK0040445,NOV,2026,NOV-PR,1.6T 하이브리드,FWD,스노우 화이트,KR-2,central,44300
2026-05,VF2NPFFXTK0040446,NOV,2026,NOV-PR,1.6T 하이브리드,FWD,선셋 레드,KR-2,southeast,44300
2026-05,VF2NPFCXTK0040447,NOV,2026,NOV-PR,1.6T 하이브리드,FWD,스틸 그레이,KR-2,south,44300
2026-05,VF2NCFHXTK0040448,NOV,2026,NOV-CO,1.6T 하이브리드,FWD,샌드 베이지,KR-2,west,40756
2026-05,VF2NSABXTK0040449,NOV,2026,NOV-LO,1.6T 하이브리드,AWD,미드나잇 블랙,KR-2,west,50502
2026-05,VF2NPAAXTK0040450,NOV,2026,NOV-PR,3.5 가솔린,AWD,스노우 화이트,KR-2,northeast,44300
2026-05,VF2NCFEXTK0040451,NOV,2026,NOV-CO,3.5 가솔린,FWD,오션 블루,KR-2,southeast,40756
2026-05,VF2NPABXTK0040452,NOV,2026,NOV-PR,3.5 가솔린,AWD,미드나잇 블랙,KR-2,northeast,44300
2026-05,VF2NPFDXTK0040453,NOV,2026,NOV-PR,1.6T 하이브리드,FWD,실버,KR-2,southeast,44300
2026-05,VF2NSABXTK0040454,NOV,2026,NOV-LO,1.6T 하이브리드,AWD,미드나잇 블랙,KR-2,northeast,50502
2026-05,VF2NSFGXTK0040455,NOV,2026,NOV-LO,3.5 가솔린,FWD,포레스트 그린,KR-2,southeast,50502
2026-05,VF2NCFDXTK0040456,NOV,2026,NOV-CO,3.5 가솔린,FWD,실버,KR-2,south,40756
2026-05,VF2NCFEXTK0040457,NOV,2026,NOV-CO,1.6T 하이브리드,FWD,오션 블루,KR-2,southeast,40756
2026-05,VF1LPAAXTK0040458,LUM,2026,LUM-RA,롱레인지,AWD,스노우 화이트,KR-1,central,42700
2026-05,VF1LCAGXTK0040459,LUM,2026,LUM-AI,롱레인지,AWD,포레스트 그린,KR-1,west,39284
2026-05,VF1LPFCXTK0040460,LUM,2026,LUM-RA,롱레인지,FWD,스틸 그레이,KR-1,west,42700
2026-05,VF1LCFEXTK0040461,LUM,2026,LUM-AI,롱레인지,FWD,오션 블루,KR-1,south,39284
2026-05,VF1LSABXTK0040462,LUM,2026,LUM-SP,스탠다드 레인지,AWD,미드나잇 블랙,KR-1,west,48678
2026-05,VF1LCFGXTK0040463,LUM,2026,LUM-AI,롱레인지,FWD,포레스트 그린,KR-1,west,39284
2026-05,VF1LCFBXTK0040464,LUM,2026,LUM-AI,롱레인지,FWD,미드나잇 블랙,KR-1,west,39284
2026-05,VF1LPFAXTK0040465,LUM,2026,LUM-RA,스탠다드 레인지,FWD,스노우 화이트,KR-1,northeast,42700
2026-05,VF1LCADXTK0040466,LUM,2026,LUM-AI,롱레인지,AWD,실버,KR-1,west,39284
2026-05,VF1LCFDXTK0040467,LUM,2026,LUM-AI,스탠다드 레인지,FWD,실버,KR-1,south,39284
2026-05,VF1LSFCXTK0040468,LUM,2026,LUM-SP,스탠다드 레인지,FWD,스틸 그레이,KR-1,west,48678
2026-05,VF1LPACXTK0040469,LUM,2026,LUM-RA,롱레인지,AWD,스틸 그레이,KR-1,southeast,42700
2026-05,VF1LPABXTK0040470,LUM,2026,LUM-RA,롱레인지,AWD,미드나잇 블랙,KR-1,southeast,42700
2026-05,VF1LSFAXTK0040471,LUM,2026,LUM-SP,롱레인지,FWD,스노우 화이트,KR-1,southeast,48678
2026-05,VF1LCFGXTK0040472,LUM,2026,LUM-AI,스탠다드 레인지,FWD,포레스트 그린,KR-1,northeast,39284
2026-05,VF1LPFCXTK0040473,LUM,2026,LUM-RA,롱레인지,FWD,스틸 그레이,KR-1,central,42700
2026-05,VF1LCAFXTK0040474,LUM,2026,LUM-AI,롱레인지,AWD,선셋 레드,KR-1,south,39284
2026-05,VF1LCFCXTK0040475,LUM,2026,LUM-AI,롱레인지,FWD,스틸 그레이,KR-1,west,39284
2026-05,VF1LCFCXTK0040476,LUM,2026,LUM-AI,스탠다드 레인지,FWD,스틸 그레이,KR-1,south,39284
2026-05,VF1LSFAXTK0040477,LUM,2026,LUM-SP,롱레인지,FWD,스노우 화이트,KR-1,west,48678
2026-05,VF1LSADXTK0040478,LUM,2026,LUM-SP,롱레인지,AWD,실버,KR-1,southeast,48678
2026-05,VF1LPFBXTK0040479,LUM,2026,LUM-RA,스탠다드 레인지,FWD,미드나잇 블랙,KR-1,northeast,42700
2026-05,VF1LCADXTK0040480,LUM,2026,LUM-AI,롱레인지,AWD,실버,KR-1,west,39284
2026-05,VF1LCAAXTK0040481,LUM,2026,LUM-AI,스탠다드 레인지,AWD,스노우 화이트,KR-1,west,39284
2026-05,VF1LCFDXTK0040482,LUM,2026,LUM-AI,스탠다드 레인지,FWD,실버,KR-1,west,39284
2026-05,VF1LSFGXTK0040483,LUM,2026,LUM-SP,롱레인지,FWD,포레스트 그린,KR-1,west,48678
2026-05,VF1LCAGXTK0040484,LUM,2026,LUM-AI,롱레인지,AWD,포레스트 그린,KR-1,west,39284
2026-05,VF1LPFAXTK0040485,LUM,2026,LUM-RA,롱레인지,FWD,스노우 화이트,KR-1,west,42700
2026-05,VF1LSAHXTK0040486,LUM,2026,LUM-SP,롱레인지,AWD,샌드 베이지,KR-1,west,48678
2026-05,VF1LSACXTK0040487,LUM,2026,LUM-SP,롱레인지,AWD,스틸 그레이,KR-1,west,48678
2026-05,VF1LSADXTK0040488,LUM,2026,LUM-SP,스탠다드 레인지,AWD,실버,KR-1,southeast,48678
2026-05,VF1LCAAXTK0040489,LUM,2026,LUM-AI,롱레인지,AWD,스노우 화이트,KR-1,central,39284
2026-05,VF1LSADXTK0040490,LUM,2026,LUM-SP,롱레인지,AWD,실버,KR-1,northeast,48678
2026-05,VF1LCFDXTK0040491,LUM,2026,LUM-AI,롱레인지,FWD,실버,KR-1,west,39284
2026-05,VF1LCFAXTK0040492,LUM,2026,LUM-AI,롱레인지,FWD,스노우 화이트,KR-1,south,39284
2026-05,VF1LPABXTK0040493,LUM,2026,LUM-RA,롱레인지,AWD,미드나잇 블랙,KR-1,west,42700
2026-05,VF1LPACXTK0040494,LUM,2026,LUM-RA,롱레인지,AWD,스틸 그레이,KR-1,northeast,42700
2026-05,VF1LCACXTK0040495,LUM,2026,LUM-AI,롱레인지,AWD,스틸 그레이,KR-1,west,39284
2026-05,VF1LPFAXTK0040496,LUM,2026,LUM-RA,롱레인지,FWD,스노우 화이트,KR-1,southeast,42700
2026-05,VF1LCACXTK0040497,LUM,2026,LUM-AI,롱레인지,AWD,스틸 그레이,KR-1,northeast,39284
2026-05,VF1LPACXTK0040498,LUM,2026,LUM-RA,롱레인지,AWD,스틸 그레이,KR-1,west,42700
2026-05,VF1LPABXTK0040499,LUM,2026,LUM-RA,스탠다드 레인지,AWD,미드나잇 블랙,KR-1,west,42700
2026-05,VF1LCABXTK0040500,LUM,2026,LUM-AI,롱레인지,AWD,미드나잇 블랙,KR-1,west,39284
2026-05,VF1LSFCXTK0040501,LUM,2026,LUM-SP,스탠다드 레인지,FWD,스틸 그레이,KR-1,northeast,48678
2026-05,VF1LSACXTK0040502,LUM,2026,LUM-SP,롱레인지,AWD,스틸 그레이,KR-1,northeast,48678
2026-05,VF1LCFBXTK0040503,LUM,2026,LUM-AI,스탠다드 레인지,FWD,미드나잇 블랙,KR-1,central,39284
2026-05,VF1LPFBXTK0040504,LUM,2026,LUM-RA,롱레인지,FWD,미드나잇 블랙,KR-1,west,42700
2026-05,VF1LSFCXTK0040505,LUM,2026,LUM-SP,스탠다드 레인지,FWD,스틸 그레이,KR-1,northeast,48678
2026-05,VF1LSFBXTK0040506,LUM,2026,LUM-SP,스탠다드 레인지,FWD,미드나잇 블랙,KR-1,central,48678
2026-05,VF1LCFCXTK0040507,LUM,2026,LUM-AI,스탠다드 레인지,FWD,스틸 그레이,KR-1,northeast,39284
2026-05,VF1LPAEXTK0040508,LUM,2026,LUM-RA,롱레인지,AWD,오션 블루,KR-1,west,42700
2026-05,VF1LCACXTK0040509,LUM,2026,LUM-AI,롱레인지,AWD,스틸 그레이,KR-1,west,39284
2026-05,VF1LCFEXTK0040510,LUM,2026,LUM-AI,롱레인지,FWD,오션 블루,KR-1,northeast,39284
2026-05,VF1LPFCXTK0040511,LUM,2026,LUM-RA,롱레인지,FWD,스틸 그레이,KR-1,northeast,42700
2026-05,VF1LSFEXTK0040512,LUM,2026,LUM-SP,롱레인지,FWD,오션 블루,KR-1,southeast,48678
2026-05,VF1LSFDXTK0040513,LUM,2026,LUM-SP,스탠다드 레인지,FWD,실버,KR-1,south,48678
2026-05,VF1LPACXTK0040514,LUM,2026,LUM-RA,스탠다드 레인지,AWD,스틸 그레이,KR-1,south,42700
2026-05,VF1LCFAXTK0040515,LUM,2026,LUM-AI,스탠다드 레인지,FWD,스노우 화이트,KR-1,west,39284
2026-05,VF1LCAEXTK0040516,LUM,2026,LUM-AI,롱레인지,AWD,오션 블루,KR-1,west,39284
2026-05,VF1LPABXTK0040517,LUM,2026,LUM-RA,롱레인지,AWD,미드나잇 블랙,KR-1,northeast,42700
2026-05,VF1LCABXTK0040518,LUM,2026,LUM-AI,롱레인지,AWD,미드나잇 블랙,KR-1,northeast,39284
2026-05,VF1LPFBXTK0040519,LUM,2026,LUM-RA,롱레인지,FWD,미드나잇 블랙,KR-1,south,42700
2026-05,VF1LCACXTK0040520,LUM,2026,LUM-AI,롱레인지,AWD,스틸 그레이,KR-1,southeast,39284
2026-05,VF1LCFAXTK0040521,LUM,2026,LUM-AI,롱레인지,FWD,스노우 화이트,KR-1,west,39284
2026-05,VF1LPFDXTK0040522,LUM,2026,LUM-RA,스탠다드 레인지,FWD,실버,KR-1,west,42700
2026-05,VF1LSFCXTK0040523,LUM,2026,LUM-SP,롱레인지,FWD,스틸 그레이,KR-1,northeast,48678
2026-05,VF1LCADXTK0040524,LUM,2026,LUM-AI,롱레인지,AWD,실버,KR-1,west,39284
2026-05,VF1LPFBXTK0040525,LUM,2026,LUM-RA,스탠다드 레인지,FWD,미드나잇 블랙,KR-1,west,42700
2026-05,VF1LPFBXTK0040526,LUM,2026,LUM-RA,스탠다드 레인지,FWD,미드나잇 블랙,KR-1,west,42700
2026-05,VF1LCFBXTK0040527,LUM,2026,LUM-AI,롱레인지,FWD,미드나잇 블랙,KR-1,west,39284
2026-05,VF1LPFAXTK0040528,LUM,2026,LUM-RA,스탠다드 레인지,FWD,스노우 화이트,KR-1,northeast,42700
2026-05,VF1LPFBXTK0040529,LUM,2026,LUM-RA,롱레인지,FWD,미드나잇 블랙,KR-1,west,42700
2026-05,VF1LSAAXTK0040530,LUM,2026,LUM-SP,롱레인지,AWD,스노우 화이트,KR-1,northeast,48678
2026-05,VF1LCACXTK0040531,LUM,2026,LUM-AI,롱레인지,AWD,스틸 그레이,KR-1,west,39284
2026-05,VF1LPAAXTK0040532,LUM,2026,LUM-RA,롱레인지,AWD,스노우 화이트,KR-1,southeast,42700
2026-05,VF1LCAFXTK0040533,LUM,2026,LUM-AI,스탠다드 레인지,AWD,선셋 레드,KR-1,southeast,39284
2026-05,VF1LPFBXTK0040534,LUM,2026,LUM-RA,롱레인지,FWD,미드나잇 블랙,KR-1,west,42700
2026-05,VF1LPAFXTK0040535,LUM,2026,LUM-RA,롱레인지,AWD,선셋 레드,KR-1,northeast,42700
2026-05,VF1LPABXTK0040536,LUM,2026,LUM-RA,롱레인지,AWD,미드나잇 블랙,KR-1,south,42700
2026-05,VF1LSABXTK0040537,LUM,2026,LUM-SP,스탠다드 레인지,AWD,미드나잇 블랙,KR-1,west,48678
2026-05,VF1LSFFXTK0040538,LUM,2026,LUM-SP,스탠다드 레인지,FWD,선셋 레드,KR-1,central,48678
2026-05,VF1LPFHXTK0040539,LUM,2026,LUM-RA,롱레인지,FWD,샌드 베이지,KR-1,west,42700
2026-05,VF1LPFAXTK0040540,LUM,2026,LUM-RA,롱레인지,FWD,스노우 화이트,KR-1,south,42700
2026-05,VF1LPADXTK0040541,LUM,2026,LUM-RA,스탠다드 레인지,AWD,실버,KR-1,southeast,42700
2026-05,VF1LPFGXTK0040542,LUM,2026,LUM-RA,스탠다드 레인지,FWD,포레스트 그린,KR-1,west,42700
2026-05,VF1LCFFXTK0040543,LUM,2026,LUM-AI,롱레인지,FWD,선셋 레드,KR-1,central,39284
2026-05,VF1LCFAXTK0040544,LUM,2026,LUM-AI,롱레인지,FWD,스노우 화이트,KR-1,northeast,39284
2026-05,VF1LSAFXTK0040545,LUM,2026,LUM-SP,롱레인지,AWD,선셋 레드,KR-1,northeast,48678
2026-05,VF1LCFAXTK0040546,LUM,2026,LUM-AI,스탠다드 레인지,FWD,스노우 화이트,KR-1,west,39284
2026-05,VF1LPFGXTK0040547,LUM,2026,LUM-RA,스탠다드 레인지,FWD,포레스트 그린,KR-1,west,42700
2026-05,VF1LPFDXTK0040548,LUM,2026,LUM-RA,롱레인지,FWD,실버,KR-1,west,42700
2026-05,VF1LSADXTK0040549,LUM,2026,LUM-SP,롱레인지,AWD,실버,KR-1,west,48678
2026-05,VF1LCADXTK0040550,LUM,2026,LUM-AI,스탠다드 레인지,AWD,실버,KR-1,southeast,39284
2026-05,VF1LSFAXTK0040551,LUM,2026,LUM-SP,롱레인지,FWD,스노우 화이트,KR-1,central,48678
2026-05,VF1LSAAXTK0040552,LUM,2026,LUM-SP,롱레인지,AWD,스노우 화이트,KR-1,central,48678
2026-05,VF1LCFDXTK0040553,LUM,2026,LUM-AI,롱레인지,FWD,실버,KR-1,south,39284
2026-05,VF1LCAHXTK0040554,LUM,2026,LUM-AI,롱레인지,AWD,샌드 베이지,KR-1,west,39284
2026-05,VF1LSACXTK0040555,LUM,2026,LUM-SP,롱레인지,AWD,스틸 그레이,KR-1,northeast,48678
2026-05,VF1LSAFXTK0040556,LUM,2026,LUM-SP,롱레인지,AWD,선셋 레드,KR-1,northeast,48678
2026-05,VF1LPFFXTK0040557,LUM,2026,LUM-RA,롱레인지,FWD,선셋 레드,KR-1,west,42700
2026-05,VF1LPABXTK0040558,LUM,2026,LUM-RA,롱레인지,AWD,미드나잇 블랙,KR-1,central,42700
2026-05,VF1LCADXTK0040559,LUM,2026,LUM-AI,스탠다드 레인지,AWD,실버,KR-1,southeast,39284
2026-05,VF1LCAHXTK0040560,LUM,2026,LUM-AI,롱레인지,AWD,샌드 베이지,KR-1,northeast,39284
2026-05,VF1LCFEXTK0040561,LUM,2026,LUM-AI,롱레인지,FWD,오션 블루,KR-1,central,39284
2026-05,VF1LCFEXTK0040562,LUM,2026,LUM-AI,스탠다드 레인지,FWD,오션 블루,KR-1,central,39284
2026-05,VF1LPABXTK0040563,LUM,2026,LUM-RA,롱레인지,AWD,미드나잇 블랙,KR-1,west,42700
2026-05,VF1LPFDXTK0040564,LUM,2026,LUM-RA,스탠다드 레인지,FWD,실버,KR-1,west,42700
2026-05,VF1LPFHXTK0040565,LUM,2026,LUM-RA,스탠다드 레인지,FWD,샌드 베이지,KR-1,northeast,42700
2026-05,VF1LPFCXTK0040566,LUM,2026,LUM-RA,롱레인지,FWD,스틸 그레이,KR-1,south,42700
2026-05,VF1LPABXTK0040567,LUM,2026,LUM-RA,스탠다드 레인지,AWD,미드나잇 블랙,KR-1,central,42700
2026-05,VF1LSFBXTK0040568,LUM,2026,LUM-SP,롱레인지,FWD,미드나잇 블랙,KR-1,south,48678
2026-05,VF1LCAAXTK0040569,LUM,2026,LUM-AI,롱레인지,AWD,스노우 화이트,KR-1,northeast,39284
2026-05,VF1LCFAXTK0040570,LUM,2026,LUM-AI,롱레인지,FWD,스노우 화이트,KR-1,central,39284
2026-05,VF1LCFAXTK0040571,LUM,2026,LUM-AI,롱레인지,FWD,스노우 화이트,KR-1,south,39284
2026-05,VF1LSFAXTK0040572,LUM,2026,LUM-SP,롱레인지,FWD,스노우 화이트,KR-1,south,48678
2026-05,VF1LPADXTK0040573,LUM,2026,LUM-RA,스탠다드 레인지,AWD,실버,KR-1,northeast,42700
2026-05,VF1LPACXTK0040574,LUM,2026,LUM-RA,롱레인지,AWD,스틸 그레이,KR-1,west,42700
2026-05,VF1LCAGXTK0040575,LUM,2026,LUM-AI,스탠다드 레인지,AWD,포레스트 그린,KR-1,northeast,39284
2026-05,VF1LSFEXTK0040576,LUM,2026,LUM-SP,롱레인지,FWD,오션 블루,KR-1,central,48678
2026-05,VF1LPFBXTK0040577,LUM,2026,LUM-RA,롱레인지,FWD,미드나잇 블랙,KR-1,west,42700
2026-05,VF1LCAAXTK0040578,LUM,2026,LUM-AI,스탠다드 레인지,AWD,스노우 화이트,KR-1,southeast,39284
2026-05,VF1LCFCXTK0040579,LUM,2026,LUM-AI,롱레인지,FWD,스틸 그레이,KR-1,northeast,39284
2026-05,VF1LSADXTK0040580,LUM,2026,LUM-SP,스탠다드 레인지,AWD,실버,KR-1,southeast,48678
2026-05,VF1LPAHXTK0040581,LUM,2026,LUM-RA,스탠다드 레인지,AWD,샌드 베이지,KR-1,central,42700
2026-05,VF1LSFAXTK0040582,LUM,2026,LUM-SP,스탠다드 레인지,FWD,스노우 화이트,KR-1,central,48678
2026-05,VF1LPFFXTK0040583,LUM,2026,LUM-RA,롱레인지,FWD,선셋 레드,KR-1,southeast,42700
2026-05,VF1LCABXTK0040584,LUM,2026,LUM-AI,스탠다드 레인지,AWD,미드나잇 블랙,KR-1,west,39284
2026-05,VF1LPACXTK0040585,LUM,2026,LUM-RA,스탠다드 레인지,AWD,스틸 그레이,KR-1,northeast,42700
2026-05,VF1LCFEXTK0040586,LUM,2026,LUM-AI,롱레인지,FWD,오션 블루,KR-1,west,39284
2026-05,VF1LCFCXTK0040587,LUM,2026,LUM-AI,롱레인지,FWD,스틸 그레이,KR-1,south,39284
2026-05,VF1LPFGXTK0040588,LUM,2026,LUM-RA,롱레인지,FWD,포레스트 그린,KR-1,west,42700
2026-05,VF1LCABXTK0040589,LUM,2026,LUM-AI,롱레인지,AWD,미드나잇 블랙,KR-1,northeast,39284
2026-05,VF1LPFBXTK0040590,LUM,2026,LUM-RA,스탠다드 레인지,FWD,미드나잇 블랙,KR-1,southeast,42700
2026-05,VF1LSFBXTK0040591,LUM,2026,LUM-SP,스탠다드 레인지,FWD,미드나잇 블랙,KR-1,west,48678
2026-05,VF1LCFBXTK0040592,LUM,2026,LUM-AI,롱레인지,FWD,미드나잇 블랙,KR-1,southeast,39284
2026-05,VF1LCAAXTK0040593,LUM,2026,LUM-AI,스탠다드 레인지,AWD,스노우 화이트,KR-1,west,39284
2026-05,VF1LSADXTK0040594,LUM,2026,LUM-SP,롱레인지,AWD,실버,KR-1,northeast,48678
2026-05,VF1LCFDXTK0040595,LUM,2026,LUM-AI,롱레인지,FWD,실버,KR-1,south,39284
2026-05,VF1LSABXTK0040596,LUM,2026,LUM-SP,롱레인지,AWD,미드나잇 블랙,KR-1,central,48678
2026-05,VF1LPFBXTK0040597,LUM,2026,LUM-RA,롱레인지,FWD,미드나잇 블랙,KR-1,central,42700
2026-05,VF1LCFHXTK0040598,LUM,2026,LUM-AI,롱레인지,FWD,샌드 베이지,KR-1,southeast,39284
2026-05,VF1LPAAXTK0040599,LUM,2026,LUM-RA,롱레인지,AWD,스노우 화이트,KR-1,northeast,42700
2026-05,VF1LSFCXTK0040600,LUM,2026,LUM-SP,롱레인지,FWD,스틸 그레이,KR-1,west,48678
2026-05,VF1LPFBXTK0040601,LUM,2026,LUM-RA,롱레인지,FWD,미드나잇 블랙,KR-1,west,42700
2026-05,VF1LCFBXTK0040602,LUM,2026,LUM-AI,롱레인지,FWD,미드나잇 블랙,KR-1,south,39284
2026-05,VF1LPFDXTK0040603,LUM,2026,LUM-RA,스탠다드 레인지,FWD,실버,KR-1,west,42700
2026-05,VF1LPFCXTK0040604,LUM,2026,LUM-RA,롱레인지,FWD,스틸 그레이,KR-1,west,42700
2026-05,VF1LPAAXTK0040605,LUM,2026,LUM-RA,롱레인지,AWD,스노우 화이트,KR-1,central,42700
2026-05,VF1LPFDXTK0040606,LUM,2026,LUM-RA,롱레인지,FWD,실버,KR-1,south,42700
2026-05,VF1LPADXTK0040607,LUM,2026,LUM-RA,롱레인지,AWD,실버,KR-1,southeast,42700
2026-05,VF1LCFEXTK0040608,LUM,2026,LUM-AI,스탠다드 레인지,FWD,오션 블루,KR-1,south,39284
2026-05,VF1LSAAXTK0040609,LUM,2026,LUM-SP,롱레인지,AWD,스노우 화이트,KR-1,northeast,48678
2026-05,VF1LPACXTK0040610,LUM,2026,LUM-RA,롱레인지,AWD,스틸 그레이,KR-1,northeast,42700
2026-05,VF1LCAGXTK0040611,LUM,2026,LUM-AI,롱레인지,AWD,포레스트 그린,KR-1,northeast,39284
2026-05,VF1LPFAXTK0040612,LUM,2026,LUM-RA,스탠다드 레인지,FWD,스노우 화이트,KR-1,south,42700
2026-05,VF1LSFHXTK0040613,LUM,2026,LUM-SP,롱레인지,FWD,샌드 베이지,KR-1,central,48678
2026-05,VF1LCFBXTK0040614,LUM,2026,LUM-AI,롱레인지,FWD,미드나잇 블랙,KR-1,northeast,39284
2026-05,VF1LPADXTK0040615,LUM,2026,LUM-RA,스탠다드 레인지,AWD,실버,KR-1,southeast,42700
2026-05,VF1LPFCXTK0040616,LUM,2026,LUM-RA,스탠다드 레인지,FWD,스틸 그레이,KR-1,northeast,42700
2026-05,VF1LPACXTK0040617,LUM,2026,LUM-RA,롱레인지,AWD,스틸 그레이,KR-1,northeast,42700
2026-05,VF1LCACXTK0040618,LUM,2026,LUM-AI,롱레인지,AWD,스틸 그레이,KR-1,west,39284
2026-05,VF1LCFAXTK0040619,LUM,2026,LUM-AI,롱레인지,FWD,스노우 화이트,KR-1,southeast,39284
2026-05,VF1LPFBXTK0040620,LUM,2026,LUM-RA,롱레인지,FWD,미드나잇 블랙,KR-1,south,42700
2026-05,VF1LPACXTK0040621,LUM,2026,LUM-RA,스탠다드 레인지,AWD,스틸 그레이,KR-1,west,42700
2026-05,VF1LPAAXTK0040622,LUM,2026,LUM-RA,롱레인지,AWD,스노우 화이트,KR-1,central,42700
2026-05,VF1LPAFXTK0040623,LUM,2026,LUM-RA,스탠다드 레인지,AWD,선셋 레드,KR-1,northeast,42700
2026-05,VF1LPADXTK0040624,LUM,2026,LUM-RA,롱레인지,AWD,실버,KR-1,west,42700
2026-05,VF1LCADXTK0040625,LUM,2026,LUM-AI,스탠다드 레인지,AWD,실버,KR-1,west,39284
2026-05,VF1LPFAXTK0040626,LUM,2026,LUM-RA,롱레인지,FWD,스노우 화이트,KR-1,west,42700
2026-05,VF1LPFGXTK0040627,LUM,2026,LUM-RA,롱레인지,FWD,포레스트 그린,KR-1,west,42700
2026-05,VF1LPFDXTK0040628,LUM,2026,LUM-RA,스탠다드 레인지,FWD,실버,KR-1,south,42700
2026-05,VF1LPAAXTK0040629,LUM,2026,LUM-RA,롱레인지,AWD,스노우 화이트,KR-1,central,42700
2026-05,VF1LSAAXTK0040630,LUM,2026,LUM-SP,스탠다드 레인지,AWD,스노우 화이트,KR-1,west,48678
2026-05,VF1LCFHXTK0040631,LUM,2026,LUM-AI,롱레인지,FWD,샌드 베이지,KR-1,southeast,39284
2026-05,VF1LSAAXTK0040632,LUM,2026,LUM-SP,스탠다드 레인지,AWD,스노우 화이트,KR-1,central,48678
2026-05,VF1LPAAXTK0040633,LUM,2026,LUM-RA,롱레인지,AWD,스노우 화이트,KR-1,southeast,42700
2026-05,VF1LPACXTK0040634,LUM,2026,LUM-RA,롱레인지,AWD,스틸 그레이,KR-1,northeast,42700
2026-05,VF1LPFHXTK0040635,LUM,2026,LUM-RA,롱레인지,FWD,샌드 베이지,KR-1,northeast,42700
2026-05,VF1LCFDXTK0040636,LUM,2026,LUM-AI,롱레인지,FWD,실버,KR-1,northeast,39284
2026-05,VF1LPFFXTK0040637,LUM,2026,LUM-RA,롱레인지,FWD,선셋 레드,KR-1,northeast,42700
2026-05,VF1LSAHXTK0040638,LUM,2026,LUM-SP,롱레인지,AWD,샌드 베이지,KR-1,northeast,48678
2026-05,VF1LPFBXTK0040639,LUM,2026,LUM-RA,롱레인지,FWD,미드나잇 블랙,KR-1,south,42700
2026-05,VF1LCAGXTK0040640,LUM,2026,LUM-AI,롱레인지,AWD,포레스트 그린,KR-1,west,39284
2026-05,VF1LCFCXTK0040641,LUM,2026,LUM-AI,스탠다드 레인지,FWD,스틸 그레이,KR-1,west,39284
2026-05,VF1LCFCXTK0040642,LUM,2026,LUM-AI,스탠다드 레인지,FWD,스틸 그레이,KR-1,west,39284
2026-05,VF1LPAAXTK0040643,LUM,2026,LUM-RA,스탠다드 레인지,AWD,스노우 화이트,KR-1,northeast,42700
2026-05,VF1LPAHXTK0040644,LUM,2026,LUM-RA,롱레인지,AWD,샌드 베이지,KR-1,central,42700
2026-05,VF1LSFDXTK0040645,LUM,2026,LUM-SP,롱레인지,FWD,실버,KR-1,west,48678
2026-05,VF1LCAFXTK0040646,LUM,2026,LUM-AI,롱레인지,AWD,선셋 레드,KR-1,northeast,39284
2026-05,VF1LCAGXTK0040647,LUM,2026,LUM-AI,롱레인지,AWD,포레스트 그린,KR-1,northeast,39284
2026-05,VF1LPAAXTK0040648,LUM,2026,LUM-RA,롱레인지,AWD,스노우 화이트,KR-1,south,42700
