ym,zone_id,model_id,model_year,trim_id,engine,drivetrain,color,retail_qty,wholesale_qty,variable_margin_usd,op_profit_usd,stock_qty,days_supply,csi_score
2024-10,west,TRN,2024,TRN-CO,3.5 가솔린,AWD,스노우 화이트,56,56,238342,95467,115,62,88.5
2024-10,west,TRN,2024,TRN-CO,3.5 가솔린,AWD,미드나잇 블랙,45,44,188688,75578,91,62,88.5
2024-10,west,TRN,2024,TRN-CO,3.5 가솔린,AWD,스틸 그레이,37,37,158895,63645,77,62,88.5
2024-10,west,TRN,2024,TRN-CO,3.5 가솔린,AWD,실버,30,30,129102,51712,62,62,88.5
2024-10,west,TRN,2024,TRN-CO,3.5 가솔린,AWD,오션 블루,23,23,99309,39778,48,62,88.5
2024-10,west,TRN,2024,TRN-CO,3.5 가솔린,AWD,선셋 레드,19,19,79447,31822,38,62,88.5
2024-10,west,TRN,2024,TRN-CO,3.5 가솔린,AWD,포레스트 그린,12,12,49655,19889,24,62,88.5
2024-10,west,TRN,2024,TRN-CO,3.5 가솔린,AWD,샌드 베이지,12,12,49655,19889,24,62,88.5
2024-10,west,TRN,2024,TRN-CO,3.5 가솔린,FWD,스노우 화이트,19,19,79447,31822,38,62,88.5
2024-10,west,TRN,2024,TRN-CO,3.5 가솔린,FWD,미드나잇 블랙,15,15,62896,25193,30,62,88.5
2024-10,west,TRN,2024,TRN-CO,3.5 가솔린,FWD,스틸 그레이,12,12,52965,21215,26,62,88.5
2024-10,west,TRN,2024,TRN-CO,3.5 가솔린,FWD,실버,10,10,43034,17237,21,62,88.5
2024-10,west,TRN,2024,TRN-CO,3.5 가솔린,FWD,오션 블루,8,8,33103,13259,16,62,88.5
2024-10,west,TRN,2024,TRN-CO,3.5 가솔린,FWD,선셋 레드,6,6,26482,10607,13,62,88.5
2024-10,west,TRN,2024,TRN-CO,3.5 가솔린,FWD,포레스트 그린,4,4,16552,6630,8,62,88.5
2024-10,west,TRN,2024,TRN-CO,3.5 가솔린,FWD,샌드 베이지,4,4,16552,6630,8,62,88.5
2024-10,west,TRN,2024,TRN-CO,2.5T 하이브리드,AWD,스노우 화이트,33,33,141184,56551,68,62,88.5
2024-10,west,TRN,2024,TRN-CO,2.5T 하이브리드,AWD,미드나잇 블랙,26,26,111770,44769,54,62,88.5
2024-10,west,TRN,2024,TRN-CO,2.5T 하이브리드,AWD,스틸 그레이,22,22,94122,37701,45,62,88.5
2024-10,west,TRN,2024,TRN-CO,2.5T 하이브리드,AWD,실버,18,18,76474,30632,37,62,88.5
2024-10,west,TRN,2024,TRN-CO,2.5T 하이브리드,AWD,오션 블루,14,14,58827,23563,28,62,88.5
2024-10,west,TRN,2024,TRN-CO,2.5T 하이브리드,AWD,선셋 레드,11,11,47061,18850,23,62,88.5
2024-10,west,TRN,2024,TRN-CO,2.5T 하이브리드,AWD,포레스트 그린,7,7,29413,11781,14,62,88.5
2024-10,west,TRN,2024,TRN-CO,2.5T 하이브리드,AWD,샌드 베이지,7,7,29413,11781,14,62,88.5
2024-10,west,TRN,2024,TRN-CO,2.5T 하이브리드,FWD,스노우 화이트,11,11,47061,18850,23,62,88.5
2024-10,west,TRN,2024,TRN-CO,2.5T 하이브리드,FWD,미드나잇 블랙,9,9,37257,14923,18,62,88.5
2024-10,west,TRN,2024,TRN-CO,2.5T 하이브리드,FWD,스틸 그레이,7,7,31374,12567,15,62,88.5
2024-10,west,TRN,2024,TRN-CO,2.5T 하이브리드,FWD,실버,6,6,25491,10211,12,62,88.5
2024-10,west,TRN,2024,TRN-CO,2.5T 하이브리드,FWD,오션 블루,5,5,19609,7854,9,62,88.5
2024-10,west,TRN,2024,TRN-CO,2.5T 하이브리드,FWD,선셋 레드,4,4,15687,6283,8,62,88.5
2024-10,west,TRN,2024,TRN-CO,2.5T 하이브리드,FWD,포레스트 그린,2,2,9804,3927,5,47,88.5
2024-10,west,TRN,2024,TRN-CO,2.5T 하이브리드,FWD,샌드 베이지,2,2,9804,3927,5,47,88.5
2024-10,west,TRN,2024,TRN-PR,3.5 가솔린,AWD,스노우 화이트,65,65,299973,134539,133,62,88.5
2024-10,west,TRN,2024,TRN-PR,3.5 가솔린,AWD,미드나잇 블랙,52,51,237479,106510,106,62,88.5
2024-10,west,TRN,2024,TRN-PR,3.5 가솔린,AWD,스틸 그레이,43,43,199982,89693,89,62,88.5
2024-10,west,TRN,2024,TRN-PR,3.5 가솔린,AWD,실버,35,35,162485,72875,72,62,88.5
2024-10,west,TRN,2024,TRN-PR,3.5 가솔린,AWD,오션 블루,27,27,124989,56058,56,62,88.5
2024-10,west,TRN,2024,TRN-PR,3.5 가솔린,AWD,선셋 레드,22,22,99991,44846,44,62,88.5
2024-10,west,TRN,2024,TRN-PR,3.5 가솔린,AWD,포레스트 그린,14,14,62494,28029,28,62,88.5
2024-10,west,TRN,2024,TRN-PR,3.5 가솔린,AWD,샌드 베이지,14,14,62494,28029,28,62,88.5
2024-10,west,TRN,2024,TRN-PR,3.5 가솔린,FWD,스노우 화이트,22,22,99991,44846,44,62,88.5
2024-10,west,TRN,2024,TRN-PR,3.5 가솔린,FWD,미드나잇 블랙,17,17,79160,35503,35,62,88.5
2024-10,west,TRN,2024,TRN-PR,3.5 가솔린,FWD,스틸 그레이,14,14,66661,29898,30,62,88.5
2024-10,west,TRN,2024,TRN-PR,3.5 가솔린,FWD,실버,12,12,54162,24292,24,62,88.5
2024-10,west,TRN,2024,TRN-PR,3.5 가솔린,FWD,오션 블루,9,9,41663,18686,19,62,88.5
2024-10,west,TRN,2024,TRN-PR,3.5 가솔린,FWD,선셋 레드,7,7,33330,14949,15,62,88.5
2024-10,west,TRN,2024,TRN-PR,3.5 가솔린,FWD,포레스트 그린,5,5,20831,9343,9,62,88.5
2024-10,west,TRN,2024,TRN-PR,3.5 가솔린,FWD,샌드 베이지,5,5,20831,9343,9,62,88.5
2024-10,west,TRN,2024,TRN-PR,2.5T 하이브리드,AWD,스노우 화이트,39,38,177691,79695,79,62,88.5
2024-10,west,TRN,2024,TRN-PR,2.5T 하이브리드,AWD,미드나잇 블랙,31,30,140672,63092,63,62,88.5
2024-10,west,TRN,2024,TRN-PR,2.5T 하이브리드,AWD,스틸 그레이,26,26,118461,53130,53,62,88.5
2024-10,west,TRN,2024,TRN-PR,2.5T 하이브리드,AWD,실버,21,21,96249,43168,43,62,88.5
2024-10,west,TRN,2024,TRN-PR,2.5T 하이브리드,AWD,오션 블루,16,16,74038,33206,33,62,88.5
2024-10,west,TRN,2024,TRN-PR,2.5T 하이브리드,AWD,선셋 레드,13,13,59230,26565,26,62,88.5
2024-10,west,TRN,2024,TRN-PR,2.5T 하이브리드,AWD,포레스트 그린,8,8,37019,16603,16,62,88.5
2024-10,west,TRN,2024,TRN-PR,2.5T 하이브리드,AWD,샌드 베이지,8,8,37019,16603,16,62,88.5
2024-10,west,TRN,2024,TRN-PR,2.5T 하이브리드,FWD,스노우 화이트,13,13,59230,26565,26,62,88.5
2024-10,west,TRN,2024,TRN-PR,2.5T 하이브리드,FWD,미드나잇 블랙,10,10,46891,21031,21,62,88.5
2024-10,west,TRN,2024,TRN-PR,2.5T 하이브리드,FWD,스틸 그레이,9,9,39487,17710,18,62,88.5
2024-10,west,TRN,2024,TRN-PR,2.5T 하이브리드,FWD,실버,7,7,32083,14389,14,62,88.5
2024-10,west,TRN,2024,TRN-PR,2.5T 하이브리드,FWD,오션 블루,5,5,24679,11069,11,62,88.5
2024-10,west,TRN,2024,TRN-PR,2.5T 하이브리드,FWD,선셋 레드,4,4,19743,8855,9,62,88.5
2024-10,west,TRN,2024,TRN-PR,2.5T 하이브리드,FWD,포레스트 그린,3,3,12340,5534,5,55,88.5
2024-10,west,TRN,2024,TRN-PR,2.5T 하이브리드,FWD,샌드 베이지,3,3,12340,5534,5,55,88.5
2024-10,west,TRN,2024,TRN-SU,3.5 가솔린,AWD,스노우 화이트,27,27,139897,72219,55,62,88.5
2024-10,west,TRN,2024,TRN-SU,3.5 가솔린,AWD,미드나잇 블랙,21,21,110751,57173,43,62,88.5
2024-10,west,TRN,2024,TRN-SU,3.5 가솔린,AWD,스틸 그레이,18,18,93264,48146,36,62,88.5
2024-10,west,TRN,2024,TRN-SU,3.5 가솔린,AWD,실버,14,14,75777,39119,30,62,88.5
2024-10,west,TRN,2024,TRN-SU,3.5 가솔린,AWD,오션 블루,11,11,58290,30091,23,62,88.5
2024-10,west,TRN,2024,TRN-SU,3.5 가솔린,AWD,선셋 레드,9,9,46632,24073,18,62,88.5
2024-10,west,TRN,2024,TRN-SU,3.5 가솔린,AWD,포레스트 그린,6,6,29145,15046,11,62,88.5
2024-10,west,TRN,2024,TRN-SU,3.5 가솔린,AWD,샌드 베이지,6,6,29145,15046,11,62,88.5
2024-10,west,TRN,2024,TRN-SU,3.5 가솔린,FWD,스노우 화이트,9,9,46632,24073,18,62,88.5
2024-10,west,TRN,2024,TRN-SU,3.5 가솔린,FWD,미드나잇 블랙,7,7,36917,19058,14,62,88.5
2024-10,west,TRN,2024,TRN-SU,3.5 가솔린,FWD,스틸 그레이,6,6,31088,16049,12,62,88.5
2024-10,west,TRN,2024,TRN-SU,3.5 가솔린,FWD,실버,5,5,25259,13040,10,62,88.5
2024-10,west,TRN,2024,TRN-SU,3.5 가솔린,FWD,오션 블루,4,4,19430,10030,8,62,88.5
2024-10,west,TRN,2024,TRN-SU,3.5 가솔린,FWD,선셋 레드,3,3,15544,8024,6,61,88.5
2024-10,west,TRN,2024,TRN-SU,3.5 가솔린,FWD,포레스트 그린,2,2,9715,5015,4,38,88.5
2024-10,west,TRN,2024,TRN-SU,3.5 가솔린,FWD,샌드 베이지,2,2,9715,5015,4,38,88.5
2024-10,west,TRN,2024,TRN-SU,2.5T 하이브리드,AWD,스노우 화이트,16,16,82869,42779,32,62,88.5
2024-10,west,TRN,2024,TRN-SU,2.5T 하이브리드,AWD,미드나잇 블랙,12,12,65604,33867,26,62,88.5
2024-10,west,TRN,2024,TRN-SU,2.5T 하이브리드,AWD,스틸 그레이,11,10,55246,28520,22,62,88.5
2024-10,west,TRN,2024,TRN-SU,2.5T 하이브리드,AWD,실버,9,9,44887,23172,17,62,88.5
2024-10,west,TRN,2024,TRN-SU,2.5T 하이브리드,AWD,오션 블루,7,7,34529,17825,13,62,88.5
2024-10,west,TRN,2024,TRN-SU,2.5T 하이브리드,AWD,선셋 레드,5,5,27623,14260,11,62,88.5
2024-10,west,TRN,2024,TRN-SU,2.5T 하이브리드,AWD,포레스트 그린,3,3,17264,8912,7,62,88.5
2024-10,west,TRN,2024,TRN-SU,2.5T 하이브리드,AWD,샌드 베이지,3,3,17264,8912,7,62,88.5
2024-10,west,TRN,2024,TRN-SU,2.5T 하이브리드,FWD,스노우 화이트,5,5,27623,14260,11,62,88.5
2024-10,west,TRN,2024,TRN-SU,2.5T 하이브리드,FWD,미드나잇 블랙,4,4,21868,11289,9,62,88.5
2024-10,west,TRN,2024,TRN-SU,2.5T 하이브리드,FWD,스틸 그레이,4,3,18415,9507,7,62,88.5
2024-10,west,TRN,2024,TRN-SU,2.5T 하이브리드,FWD,실버,3,3,14962,7724,6,58,88.5
2024-10,west,TRN,2024,TRN-SU,2.5T 하이브리드,FWD,오션 블루,2,2,11510,5942,4,45,88.5
2024-10,west,TRN,2024,TRN-SU,2.5T 하이브리드,FWD,선셋 레드,2,2,9208,4753,4,36,88.5
2024-10,west,TRN,2024,TRN-SU,2.5T 하이브리드,FWD,포레스트 그린,1,1,5755,2971,2,22,88.5
2024-10,west,TRN,2024,TRN-SU,2.5T 하이브리드,FWD,샌드 베이지,1,1,5755,2971,2,22,88.5
2024-10,west,TRN,2025,TRN-CO,3.5 가솔린,AWD,스노우 화이트,104,104,442636,177297,214,62,88.5
2024-10,west,TRN,2025,TRN-CO,3.5 가솔린,AWD,미드나잇 블랙,83,82,350420,140360,169,62,88.5
2024-10,west,TRN,2025,TRN-CO,3.5 가솔린,AWD,스틸 그레이,70,69,295091,118198,143,62,88.5
2024-10,west,TRN,2025,TRN-CO,3.5 가솔린,AWD,실버,57,56,239761,96036,116,62,88.5
2024-10,west,TRN,2025,TRN-CO,3.5 가솔린,AWD,오션 블루,44,43,184432,73874,89,62,88.5
2024-10,west,TRN,2025,TRN-CO,3.5 가솔린,AWD,선셋 레드,35,35,147545,59099,71,62,88.5
2024-10,west,TRN,2025,TRN-CO,3.5 가솔린,AWD,포레스트 그린,22,22,92216,36937,45,62,88.5
2024-10,west,TRN,2025,TRN-CO,3.5 가솔린,AWD,샌드 베이지,22,22,92216,36937,45,62,88.5
2024-10,west,TRN,2025,TRN-CO,3.5 가솔린,FWD,스노우 화이트,35,35,147545,59099,71,62,88.5
2024-10,west,TRN,2025,TRN-CO,3.5 가솔린,FWD,미드나잇 블랙,28,27,116807,46787,56,62,88.5
2024-10,west,TRN,2025,TRN-CO,3.5 가솔린,FWD,스틸 그레이,23,23,98364,39399,48,62,88.5
2024-10,west,TRN,2025,TRN-CO,3.5 가솔린,FWD,실버,19,19,79920,32012,39,62,88.5
2024-10,west,TRN,2025,TRN-CO,3.5 가솔린,FWD,오션 블루,15,14,61477,24625,30,62,88.5
2024-10,west,TRN,2025,TRN-CO,3.5 가솔린,FWD,선셋 레드,12,12,49182,19700,24,62,88.5
2024-10,west,TRN,2025,TRN-CO,3.5 가솔린,FWD,포레스트 그린,7,7,30739,12312,15,62,88.5
2024-10,west,TRN,2025,TRN-CO,3.5 가솔린,FWD,샌드 베이지,7,7,30739,12312,15,62,88.5
2024-10,west,TRN,2025,TRN-CO,2.5T 하이브리드,AWD,스노우 화이트,62,62,262198,105023,127,62,88.5
2024-10,west,TRN,2025,TRN-CO,2.5T 하이브리드,AWD,미드나잇 블랙,49,49,207574,83143,100,62,88.5
2024-10,west,TRN,2025,TRN-CO,2.5T 하이브리드,AWD,스틸 그레이,41,41,174799,70015,84,62,88.5
2024-10,west,TRN,2025,TRN-CO,2.5T 하이브리드,AWD,실버,34,33,142024,56887,69,62,88.5
2024-10,west,TRN,2025,TRN-CO,2.5T 하이브리드,AWD,오션 블루,26,26,109249,43760,53,62,88.5
2024-10,west,TRN,2025,TRN-CO,2.5T 하이브리드,AWD,선셋 레드,21,21,87399,35008,42,62,88.5
2024-10,west,TRN,2025,TRN-CO,2.5T 하이브리드,AWD,포레스트 그린,13,13,54625,21880,26,62,88.5
2024-10,west,TRN,2025,TRN-CO,2.5T 하이브리드,AWD,샌드 베이지,13,13,54625,21880,26,62,88.5
2024-10,west,TRN,2025,TRN-CO,2.5T 하이브리드,FWD,스노우 화이트,21,21,87399,35008,42,62,88.5
2024-10,west,TRN,2025,TRN-CO,2.5T 하이브리드,FWD,미드나잇 블랙,16,16,69191,27714,33,62,88.5
2024-10,west,TRN,2025,TRN-CO,2.5T 하이브리드,FWD,스틸 그레이,14,14,58266,23338,28,62,88.5
2024-10,west,TRN,2025,TRN-CO,2.5T 하이브리드,FWD,실버,11,11,47341,18962,23,62,88.5
2024-10,west,TRN,2025,TRN-CO,2.5T 하이브리드,FWD,오션 블루,9,9,36416,14587,18,62,88.5
2024-10,west,TRN,2025,TRN-CO,2.5T 하이브리드,FWD,선셋 레드,7,7,29133,11669,14,62,88.5
2024-10,west,TRN,2025,TRN-CO,2.5T 하이브리드,FWD,포레스트 그린,4,4,18208,7293,9,62,88.5
2024-10,west,TRN,2025,TRN-CO,2.5T 하이브리드,FWD,샌드 베이지,4,4,18208,7293,9,62,88.5
2024-10,west,TRN,2025,TRN-PR,3.5 가솔린,AWD,스노우 화이트,121,120,557093,249858,248,62,88.5
2024-10,west,TRN,2025,TRN-PR,3.5 가솔린,AWD,미드나잇 블랙,96,95,441032,197804,196,62,88.5
2024-10,west,TRN,2025,TRN-PR,3.5 가솔린,AWD,스틸 그레이,81,80,371395,166572,165,62,88.5
2024-10,west,TRN,2025,TRN-PR,3.5 가솔린,AWD,실버,66,65,301759,135340,134,62,88.5
2024-10,west,TRN,2025,TRN-PR,3.5 가솔린,AWD,오션 블루,50,50,232122,104108,103,62,88.5
2024-10,west,TRN,2025,TRN-PR,3.5 가솔린,AWD,선셋 레드,40,40,185698,83286,83,62,88.5
2024-10,west,TRN,2025,TRN-PR,3.5 가솔린,AWD,포레스트 그린,25,25,116061,52054,52,62,88.5
2024-10,west,TRN,2025,TRN-PR,3.5 가솔린,AWD,샌드 베이지,25,25,116061,52054,52,62,88.5
2024-10,west,TRN,2025,TRN-PR,3.5 가솔린,FWD,스노우 화이트,40,40,185698,83286,83,62,88.5
2024-10,west,TRN,2025,TRN-PR,3.5 가솔린,FWD,미드나잇 블랙,32,32,147011,65935,65,62,88.5
2024-10,west,TRN,2025,TRN-PR,3.5 가솔린,FWD,스틸 그레이,27,27,123798,55524,55,62,88.5
2024-10,west,TRN,2025,TRN-PR,3.5 가솔린,FWD,실버,22,22,100586,45113,45,62,88.5
2024-10,west,TRN,2025,TRN-PR,3.5 가솔린,FWD,오션 블루,17,17,77374,34703,34,62,88.5
2024-10,west,TRN,2025,TRN-PR,3.5 가솔린,FWD,선셋 레드,13,13,61899,27762,28,62,88.5
2024-10,west,TRN,2025,TRN-PR,3.5 가솔린,FWD,포레스트 그린,8,8,38687,17351,17,62,88.5
2024-10,west,TRN,2025,TRN-PR,3.5 가솔린,FWD,샌드 베이지,8,8,38687,17351,17,62,88.5
2024-10,west,TRN,2025,TRN-PR,2.5T 하이브리드,AWD,스노우 화이트,72,71,329998,148005,147,62,88.5
2024-10,west,TRN,2025,TRN-PR,2.5T 하이브리드,AWD,미드나잇 블랙,57,56,261248,117171,116,62,88.5
2024-10,west,TRN,2025,TRN-PR,2.5T 하이브리드,AWD,스틸 그레이,48,48,219999,98670,98,62,88.5
2024-10,west,TRN,2025,TRN-PR,2.5T 하이브리드,AWD,실버,39,39,178749,80169,79,62,88.5
2024-10,west,TRN,2025,TRN-PR,2.5T 하이브리드,AWD,오션 블루,30,30,137499,61669,61,62,88.5
2024-10,west,TRN,2025,TRN-PR,2.5T 하이브리드,AWD,선셋 레드,24,24,109999,49335,49,62,88.5
2024-10,west,TRN,2025,TRN-PR,2.5T 하이브리드,AWD,포레스트 그린,15,15,68750,30834,31,62,88.5
2024-10,west,TRN,2025,TRN-PR,2.5T 하이브리드,AWD,샌드 베이지,15,15,68750,30834,31,62,88.5
2024-10,west,TRN,2025,TRN-PR,2.5T 하이브리드,FWD,스노우 화이트,24,24,109999,49335,49,62,88.5
2024-10,west,TRN,2025,TRN-PR,2.5T 하이브리드,FWD,미드나잇 블랙,19,19,87083,39057,39,62,88.5
2024-10,west,TRN,2025,TRN-PR,2.5T 하이브리드,FWD,스틸 그레이,16,16,73333,32890,33,62,88.5
2024-10,west,TRN,2025,TRN-PR,2.5T 하이브리드,FWD,실버,13,13,59583,26723,26,62,88.5
2024-10,west,TRN,2025,TRN-PR,2.5T 하이브리드,FWD,오션 블루,10,10,45833,20556,20,62,88.5
2024-10,west,TRN,2025,TRN-PR,2.5T 하이브리드,FWD,선셋 레드,8,8,36666,16445,16,62,88.5
2024-10,west,TRN,2025,TRN-PR,2.5T 하이브리드,FWD,포레스트 그린,5,5,22917,10278,10,62,88.5
2024-10,west,TRN,2025,TRN-PR,2.5T 하이브리드,FWD,샌드 베이지,5,5,22917,10278,10,62,88.5
2024-10,west,TRN,2025,TRN-SU,3.5 가솔린,AWD,스노우 화이트,49,49,259808,134121,101,62,88.5
2024-10,west,TRN,2025,TRN-SU,3.5 가솔린,AWD,미드나잇 블랙,39,39,205681,106179,80,62,88.5
2024-10,west,TRN,2025,TRN-SU,3.5 가솔린,AWD,스틸 그레이,33,33,173205,89414,68,62,88.5
2024-10,west,TRN,2025,TRN-SU,3.5 가솔린,AWD,실버,27,27,140729,72649,55,62,88.5
2024-10,west,TRN,2025,TRN-SU,3.5 가솔린,AWD,오션 블루,21,21,108253,55884,42,62,88.5
2024-10,west,TRN,2025,TRN-SU,3.5 가솔린,AWD,선셋 레드,16,16,86603,44707,34,62,88.5
2024-10,west,TRN,2025,TRN-SU,3.5 가솔린,AWD,포레스트 그린,10,10,54127,27942,21,62,88.5
2024-10,west,TRN,2025,TRN-SU,3.5 가솔린,AWD,샌드 베이지,10,10,54127,27942,21,62,88.5
2024-10,west,TRN,2025,TRN-SU,3.5 가솔린,FWD,스노우 화이트,16,16,86603,44707,34,62,88.5
2024-10,west,TRN,2025,TRN-SU,3.5 가솔린,FWD,미드나잇 블랙,13,13,68560,35393,27,62,88.5
2024-10,west,TRN,2025,TRN-SU,3.5 가솔린,FWD,스틸 그레이,11,11,57735,29805,23,62,88.5
2024-10,west,TRN,2025,TRN-SU,3.5 가솔린,FWD,실버,9,9,46910,24216,18,62,88.5
2024-10,west,TRN,2025,TRN-SU,3.5 가솔린,FWD,오션 블루,7,7,36084,18628,14,62,88.5
2024-10,west,TRN,2025,TRN-SU,3.5 가솔린,FWD,선셋 레드,5,5,28868,14902,11,62,88.5
2024-10,west,TRN,2025,TRN-SU,3.5 가솔린,FWD,포레스트 그린,3,3,18042,9314,7,62,88.5
2024-10,west,TRN,2025,TRN-SU,3.5 가솔린,FWD,샌드 베이지,3,3,18042,9314,7,62,88.5
2024-10,west,TRN,2025,TRN-SU,2.5T 하이브리드,AWD,스노우 화이트,29,29,153899,79447,60,62,88.5
2024-10,west,TRN,2025,TRN-SU,2.5T 하이브리드,AWD,미드나잇 블랙,23,23,121837,62896,47,62,88.5
2024-10,west,TRN,2025,TRN-SU,2.5T 하이브리드,AWD,스틸 그레이,20,19,102599,52965,40,62,88.5
2024-10,west,TRN,2025,TRN-SU,2.5T 하이브리드,AWD,실버,16,16,83362,43034,32,62,88.5
2024-10,west,TRN,2025,TRN-SU,2.5T 하이브리드,AWD,오션 블루,12,12,64125,33103,25,62,88.5
2024-10,west,TRN,2025,TRN-SU,2.5T 하이브리드,AWD,선셋 레드,10,10,51300,26482,20,62,88.5
2024-10,west,TRN,2025,TRN-SU,2.5T 하이브리드,AWD,포레스트 그린,6,6,32062,16552,12,62,88.5
2024-10,west,TRN,2025,TRN-SU,2.5T 하이브리드,AWD,샌드 베이지,6,6,32062,16552,12,62,88.5
2024-10,west,TRN,2025,TRN-SU,2.5T 하이브리드,FWD,스노우 화이트,10,10,51300,26482,20,62,88.5
2024-10,west,TRN,2025,TRN-SU,2.5T 하이브리드,FWD,미드나잇 블랙,8,8,40612,20965,16,62,88.5
2024-10,west,TRN,2025,TRN-SU,2.5T 하이브리드,FWD,스틸 그레이,7,6,34200,17655,13,62,88.5
2024-10,west,TRN,2025,TRN-SU,2.5T 하이브리드,FWD,실버,5,5,27787,14345,11,62,88.5
2024-10,west,TRN,2025,TRN-SU,2.5T 하이브리드,FWD,오션 블루,4,4,21375,11034,8,62,88.5
2024-10,west,TRN,2025,TRN-SU,2.5T 하이브리드,FWD,선셋 레드,3,3,17100,8827,7,62,88.5
2024-10,west,TRN,2025,TRN-SU,2.5T 하이브리드,FWD,포레스트 그린,2,2,10687,5517,4,42,88.5
2024-10,west,TRN,2025,TRN-SU,2.5T 하이브리드,FWD,샌드 베이지,2,2,10687,5517,4,42,88.5
2024-10,central,TRN,2024,TRN-CO,3.5 가솔린,AWD,스노우 화이트,42,42,179215,71784,87,62,88.5
2024-10,central,TRN,2024,TRN-CO,3.5 가솔린,AWD,미드나잇 블랙,33,33,141879,56829,69,62,88.5
2024-10,central,TRN,2024,TRN-CO,3.5 가솔린,AWD,스틸 그레이,28,28,119477,47856,58,62,88.5
2024-10,central,TRN,2024,TRN-CO,3.5 가솔린,AWD,실버,23,23,97075,38883,47,62,88.5
2024-10,central,TRN,2024,TRN-CO,3.5 가솔린,AWD,오션 블루,18,18,74673,29910,36,62,88.5
2024-10,central,TRN,2024,TRN-CO,3.5 가솔린,AWD,선셋 레드,14,14,59738,23928,29,62,88.5
2024-10,central,TRN,2024,TRN-CO,3.5 가솔린,AWD,포레스트 그린,9,9,37336,14955,18,62,88.5
2024-10,central,TRN,2024,TRN-CO,3.5 가솔린,AWD,샌드 베이지,9,9,37336,14955,18,62,88.5
2024-10,central,TRN,2024,TRN-CO,3.5 가솔린,FWD,스노우 화이트,7,7,28571,11444,14,62,88.5
2024-10,central,TRN,2024,TRN-CO,3.5 가솔린,FWD,미드나잇 블랙,5,5,22618,9060,11,62,88.5
2024-10,central,TRN,2024,TRN-CO,3.5 가솔린,FWD,스틸 그레이,4,4,19047,7629,9,62,88.5
2024-10,central,TRN,2024,TRN-CO,3.5 가솔린,FWD,실버,4,4,15476,6199,7,62,88.5
2024-10,central,TRN,2024,TRN-CO,3.5 가솔린,FWD,오션 블루,3,3,11904,4768,6,57,88.5
2024-10,central,TRN,2024,TRN-CO,3.5 가솔린,FWD,선셋 레드,2,2,9524,3815,5,46,88.5
2024-10,central,TRN,2024,TRN-CO,3.5 가솔린,FWD,포레스트 그린,1,1,5952,2384,3,29,88.5
2024-10,central,TRN,2024,TRN-CO,3.5 가솔린,FWD,샌드 베이지,1,1,5952,2384,3,29,88.5
2024-10,central,TRN,2024,TRN-CO,2.5T 하이브리드,AWD,스노우 화이트,25,25,106159,42522,51,62,88.5
2024-10,central,TRN,2024,TRN-CO,2.5T 하이브리드,AWD,미드나잇 블랙,20,20,84043,33663,41,62,88.5
2024-10,central,TRN,2024,TRN-CO,2.5T 하이브리드,AWD,스틸 그레이,17,17,70773,28348,34,62,88.5
2024-10,central,TRN,2024,TRN-CO,2.5T 하이브리드,AWD,실버,14,14,57503,23033,28,62,88.5
2024-10,central,TRN,2024,TRN-CO,2.5T 하이브리드,AWD,오션 블루,10,10,44233,17717,21,62,88.5
2024-10,central,TRN,2024,TRN-CO,2.5T 하이브리드,AWD,선셋 레드,8,8,35386,14174,17,62,88.5
2024-10,central,TRN,2024,TRN-CO,2.5T 하이브리드,AWD,포레스트 그린,5,5,22117,8859,11,62,88.5
2024-10,central,TRN,2024,TRN-CO,2.5T 하이브리드,AWD,샌드 베이지,5,5,22117,8859,11,62,88.5
2024-10,central,TRN,2024,TRN-CO,2.5T 하이브리드,FWD,스노우 화이트,4,4,16924,6779,8,62,88.5
2024-10,central,TRN,2024,TRN-CO,2.5T 하이브리드,FWD,미드나잇 블랙,3,3,13398,5367,6,62,88.5
2024-10,central,TRN,2024,TRN-CO,2.5T 하이브리드,FWD,스틸 그레이,3,3,11283,4519,5,54,88.5
2024-10,central,TRN,2024,TRN-CO,2.5T 하이브리드,FWD,실버,2,2,9167,3672,4,44,88.5
2024-10,central,TRN,2024,TRN-CO,2.5T 하이브리드,FWD,오션 블루,2,2,7052,2825,3,34,88.5
2024-10,central,TRN,2024,TRN-CO,2.5T 하이브리드,FWD,선셋 레드,1,1,5641,2260,3,27,88.5
2024-10,central,TRN,2024,TRN-CO,2.5T 하이브리드,FWD,포레스트 그린,1,1,3526,1412,2,17,88.5
2024-10,central,TRN,2024,TRN-CO,2.5T 하이브리드,FWD,샌드 베이지,1,1,3526,1412,2,17,88.5
2024-10,central,TRN,2024,TRN-PR,3.5 가솔린,AWD,스노우 화이트,49,49,225557,101163,100,62,88.5
2024-10,central,TRN,2024,TRN-PR,3.5 가솔린,AWD,미드나잇 블랙,39,39,178566,80087,79,62,88.5
2024-10,central,TRN,2024,TRN-PR,3.5 가솔린,AWD,스틸 그레이,33,33,150371,67442,67,62,88.5
2024-10,central,TRN,2024,TRN-PR,3.5 가솔린,AWD,실버,27,26,122177,54797,54,62,88.5
2024-10,central,TRN,2024,TRN-PR,3.5 가솔린,AWD,오션 블루,20,20,93982,42151,42,62,88.5
2024-10,central,TRN,2024,TRN-PR,3.5 가솔린,AWD,선셋 레드,16,16,75186,33721,33,62,88.5
2024-10,central,TRN,2024,TRN-PR,3.5 가솔린,AWD,포레스트 그린,10,10,46991,21076,21,62,88.5
2024-10,central,TRN,2024,TRN-PR,3.5 가솔린,AWD,샌드 베이지,10,10,46991,21076,21,62,88.5
2024-10,central,TRN,2024,TRN-PR,3.5 가솔린,FWD,스노우 화이트,8,8,35958,16127,16,62,88.5
2024-10,central,TRN,2024,TRN-PR,3.5 가솔린,FWD,미드나잇 블랙,6,6,28467,12768,13,62,88.5
2024-10,central,TRN,2024,TRN-PR,3.5 가솔린,FWD,스틸 그레이,5,5,23972,10752,11,62,88.5
2024-10,central,TRN,2024,TRN-PR,3.5 가솔린,FWD,실버,4,4,19477,8736,9,62,88.5
2024-10,central,TRN,2024,TRN-PR,3.5 가솔린,FWD,오션 블루,3,3,14983,6720,7,62,88.5
2024-10,central,TRN,2024,TRN-PR,3.5 가솔린,FWD,선셋 레드,3,3,11986,5376,5,53,88.5
2024-10,central,TRN,2024,TRN-PR,3.5 가솔린,FWD,포레스트 그린,2,2,7491,3360,3,33,88.5
2024-10,central,TRN,2024,TRN-PR,3.5 가솔린,FWD,샌드 베이지,2,2,7491,3360,3,33,88.5
2024-10,central,TRN,2024,TRN-PR,2.5T 하이브리드,AWD,스노우 화이트,29,29,133610,59925,59,62,88.5
2024-10,central,TRN,2024,TRN-PR,2.5T 하이브리드,AWD,미드나잇 블랙,23,23,105775,47440,47,62,88.5
2024-10,central,TRN,2024,TRN-PR,2.5T 하이브리드,AWD,스틸 그레이,19,19,89073,39950,40,62,88.5
2024-10,central,TRN,2024,TRN-PR,2.5T 하이브리드,AWD,실버,16,16,72372,32459,32,62,88.5
2024-10,central,TRN,2024,TRN-PR,2.5T 하이브리드,AWD,오션 블루,12,12,55671,24969,25,62,88.5
2024-10,central,TRN,2024,TRN-PR,2.5T 하이브리드,AWD,선셋 레드,10,10,44537,19975,20,62,88.5
2024-10,central,TRN,2024,TRN-PR,2.5T 하이브리드,AWD,포레스트 그린,6,6,27835,12484,12,62,88.5
2024-10,central,TRN,2024,TRN-PR,2.5T 하이브리드,AWD,샌드 베이지,6,6,27835,12484,12,62,88.5
2024-10,central,TRN,2024,TRN-PR,2.5T 하이브리드,FWD,스노우 화이트,5,5,21300,9553,9,62,88.5
2024-10,central,TRN,2024,TRN-PR,2.5T 하이브리드,FWD,미드나잇 블랙,4,4,16863,7563,7,62,88.5
2024-10,central,TRN,2024,TRN-PR,2.5T 하이브리드,FWD,스틸 그레이,3,3,14200,6369,6,62,88.5
2024-10,central,TRN,2024,TRN-PR,2.5T 하이브리드,FWD,실버,3,2,11538,5175,5,51,88.5
2024-10,central,TRN,2024,TRN-PR,2.5T 하이브리드,FWD,오션 블루,2,2,8875,3980,4,39,88.5
2024-10,central,TRN,2024,TRN-PR,2.5T 하이브리드,FWD,선셋 레드,2,2,7100,3184,3,32,88.5
2024-10,central,TRN,2024,TRN-PR,2.5T 하이브리드,FWD,포레스트 그린,1,1,4438,1990,2,20,88.5
2024-10,central,TRN,2024,TRN-PR,2.5T 하이브리드,FWD,샌드 베이지,1,1,4438,1990,2,20,88.5
2024-10,central,TRN,2024,TRN-SU,3.5 가솔린,AWD,스노우 화이트,20,20,105191,54303,41,62,88.5
2024-10,central,TRN,2024,TRN-SU,3.5 가솔린,AWD,미드나잇 블랙,16,16,83277,42990,32,62,88.5
2024-10,central,TRN,2024,TRN-SU,3.5 가솔린,AWD,스틸 그레이,13,13,70128,36202,27,62,88.5
2024-10,central,TRN,2024,TRN-SU,3.5 가솔린,AWD,실버,11,11,56979,29414,22,62,88.5
2024-10,central,TRN,2024,TRN-SU,3.5 가솔린,AWD,오션 블루,8,8,43830,22626,17,62,88.5
2024-10,central,TRN,2024,TRN-SU,3.5 가솔린,AWD,선셋 레드,7,7,35064,18101,14,62,88.5
2024-10,central,TRN,2024,TRN-SU,3.5 가솔린,AWD,포레스트 그린,4,4,21915,11313,9,62,88.5
2024-10,central,TRN,2024,TRN-SU,3.5 가솔린,AWD,샌드 베이지,4,4,21915,11313,9,62,88.5
2024-10,central,TRN,2024,TRN-SU,3.5 가솔린,FWD,스노우 화이트,3,3,16770,8657,7,62,88.5
2024-10,central,TRN,2024,TRN-SU,3.5 가솔린,FWD,미드나잇 블랙,3,3,13276,6853,5,52,88.5
2024-10,central,TRN,2024,TRN-SU,3.5 가솔린,FWD,스틸 그레이,2,2,11180,5771,4,44,88.5
2024-10,central,TRN,2024,TRN-SU,3.5 가솔린,FWD,실버,2,2,9084,4689,4,35,88.5
2024-10,central,TRN,2024,TRN-SU,3.5 가솔린,FWD,오션 블루,1,1,6987,3607,3,27,88.5
2024-10,central,TRN,2024,TRN-SU,3.5 가솔린,FWD,선셋 레드,1,1,5590,2886,2,22,88.5
2024-10,central,TRN,2024,TRN-SU,3.5 가솔린,FWD,포레스트 그린,1,1,3494,1804,1,14,88.5
2024-10,central,TRN,2024,TRN-SU,3.5 가솔린,FWD,샌드 베이지,1,1,3494,1804,1,14,88.5
2024-10,central,TRN,2024,TRN-SU,2.5T 하이브리드,AWD,스노우 화이트,12,12,62311,32167,24,62,88.5
2024-10,central,TRN,2024,TRN-SU,2.5T 하이브리드,AWD,미드나잇 블랙,9,9,49329,25465,19,62,88.5
2024-10,central,TRN,2024,TRN-SU,2.5T 하이브리드,AWD,스틸 그레이,8,8,41541,21445,16,62,88.5
2024-10,central,TRN,2024,TRN-SU,2.5T 하이브리드,AWD,실버,6,6,33752,17424,13,62,88.5
2024-10,central,TRN,2024,TRN-SU,2.5T 하이브리드,AWD,오션 블루,5,5,25963,13403,10,62,88.5
2024-10,central,TRN,2024,TRN-SU,2.5T 하이브리드,AWD,선셋 레드,4,4,20770,10722,8,62,88.5
2024-10,central,TRN,2024,TRN-SU,2.5T 하이브리드,AWD,포레스트 그린,2,2,12981,6701,5,51,88.5
2024-10,central,TRN,2024,TRN-SU,2.5T 하이브리드,AWD,샌드 베이지,2,2,12981,6701,5,51,88.5
2024-10,central,TRN,2024,TRN-SU,2.5T 하이브리드,FWD,스노우 화이트,2,2,9934,5128,4,39,88.5
2024-10,central,TRN,2024,TRN-SU,2.5T 하이브리드,FWD,미드나잇 블랙,1,1,7864,4060,3,31,88.5
2024-10,central,TRN,2024,TRN-SU,2.5T 하이브리드,FWD,스틸 그레이,1,1,6622,3419,3,26,88.5
2024-10,central,TRN,2024,TRN-SU,2.5T 하이브리드,FWD,실버,1,1,5381,2778,2,21,88.5
2024-10,central,TRN,2024,TRN-SU,2.5T 하이브리드,FWD,오션 블루,1,1,4139,2137,2,16,88.5
2024-10,central,TRN,2024,TRN-SU,2.5T 하이브리드,FWD,선셋 레드,1,1,3311,1709,1,13,88.5
2024-10,central,TRN,2024,TRN-SU,2.5T 하이브리드,FWD,포레스트 그린,0,0,2070,1068,1,8,88.5
2024-10,central,TRN,2024,TRN-SU,2.5T 하이브리드,FWD,샌드 베이지,0,0,2070,1068,1,8,88.5
2024-10,central,TRN,2025,TRN-CO,3.5 가솔린,AWD,스노우 화이트,79,78,332828,133313,161,62,88.5
2024-10,central,TRN,2025,TRN-CO,3.5 가솔린,AWD,미드나잇 블랙,62,62,263489,105540,127,62,88.5
2024-10,central,TRN,2025,TRN-CO,3.5 가솔린,AWD,스틸 그레이,52,52,221885,88876,107,62,88.5
2024-10,central,TRN,2025,TRN-CO,3.5 가솔린,AWD,실버,43,42,180282,72211,87,62,88.5
2024-10,central,TRN,2025,TRN-CO,3.5 가솔린,AWD,오션 블루,33,33,138678,55547,67,62,88.5
2024-10,central,TRN,2025,TRN-CO,3.5 가솔린,AWD,선셋 레드,26,26,110943,44438,54,62,88.5
2024-10,central,TRN,2025,TRN-CO,3.5 가솔린,AWD,포레스트 그린,16,16,69339,27774,33,62,88.5
2024-10,central,TRN,2025,TRN-CO,3.5 가솔린,AWD,샌드 베이지,16,16,69339,27774,33,62,88.5
2024-10,central,TRN,2025,TRN-CO,3.5 가솔린,FWD,스노우 화이트,13,12,53060,21253,26,62,88.5
2024-10,central,TRN,2025,TRN-CO,3.5 가솔린,FWD,미드나잇 블랙,10,10,42005,16825,20,62,88.5
2024-10,central,TRN,2025,TRN-CO,3.5 가솔린,FWD,스틸 그레이,8,8,35373,14169,17,62,88.5
2024-10,central,TRN,2025,TRN-CO,3.5 가솔린,FWD,실버,7,7,28741,11512,14,62,88.5
2024-10,central,TRN,2025,TRN-CO,3.5 가솔린,FWD,오션 블루,5,5,22108,8855,11,62,88.5
2024-10,central,TRN,2025,TRN-CO,3.5 가솔린,FWD,선셋 레드,4,4,17687,7084,9,62,88.5
2024-10,central,TRN,2025,TRN-CO,3.5 가솔린,FWD,포레스트 그린,3,3,11054,4428,5,53,88.5
2024-10,central,TRN,2025,TRN-CO,3.5 가솔린,FWD,샌드 베이지,3,3,11054,4428,5,53,88.5
2024-10,central,TRN,2025,TRN-CO,2.5T 하이브리드,AWD,스노우 화이트,47,46,197153,78969,95,62,88.5
2024-10,central,TRN,2025,TRN-CO,2.5T 하이브리드,AWD,미드나잇 블랙,37,37,156079,62517,75,62,88.5
2024-10,central,TRN,2025,TRN-CO,2.5T 하이브리드,AWD,스틸 그레이,31,31,131435,52646,63,62,88.5
2024-10,central,TRN,2025,TRN-CO,2.5T 하이브리드,AWD,실버,25,25,106791,42775,52,62,88.5
2024-10,central,TRN,2025,TRN-CO,2.5T 하이브리드,AWD,오션 블루,19,19,82147,32904,40,62,88.5
2024-10,central,TRN,2025,TRN-CO,2.5T 하이브리드,AWD,선셋 레드,16,15,65718,26323,32,62,88.5
2024-10,central,TRN,2025,TRN-CO,2.5T 하이브리드,AWD,포레스트 그린,10,10,41074,16452,20,62,88.5
2024-10,central,TRN,2025,TRN-CO,2.5T 하이브리드,AWD,샌드 베이지,10,10,41074,16452,20,62,88.5
2024-10,central,TRN,2025,TRN-CO,2.5T 하이브리드,FWD,스노우 화이트,7,7,31430,12589,15,62,88.5
2024-10,central,TRN,2025,TRN-CO,2.5T 하이브리드,FWD,미드나잇 블랙,6,6,24882,9967,12,62,88.5
2024-10,central,TRN,2025,TRN-CO,2.5T 하이브리드,FWD,스틸 그레이,5,5,20953,8393,10,62,88.5
2024-10,central,TRN,2025,TRN-CO,2.5T 하이브리드,FWD,실버,4,4,17025,6819,8,62,88.5
2024-10,central,TRN,2025,TRN-CO,2.5T 하이브리드,FWD,오션 블루,3,3,13096,5246,6,62,88.5
2024-10,central,TRN,2025,TRN-CO,2.5T 하이브리드,FWD,선셋 레드,2,2,10477,4196,5,51,88.5
2024-10,central,TRN,2025,TRN-CO,2.5T 하이브리드,FWD,포레스트 그린,2,2,6548,2623,3,32,88.5
2024-10,central,TRN,2025,TRN-CO,2.5T 하이브리드,FWD,샌드 베이지,2,2,6548,2623,3,32,88.5
2024-10,central,TRN,2025,TRN-PR,3.5 가솔린,AWD,스노우 화이트,91,91,418891,187874,186,62,88.5
2024-10,central,TRN,2025,TRN-PR,3.5 가솔린,AWD,미드나잇 블랙,72,72,331622,148734,147,62,88.5
2024-10,central,TRN,2025,TRN-PR,3.5 가솔린,AWD,스틸 그레이,61,60,279261,125249,124,62,88.5
2024-10,central,TRN,2025,TRN-PR,3.5 가솔린,AWD,실버,49,49,226899,101765,101,62,88.5
2024-10,central,TRN,2025,TRN-PR,3.5 가솔린,AWD,오션 블루,38,38,174538,78281,78,62,88.5
2024-10,central,TRN,2025,TRN-PR,3.5 가솔린,AWD,선셋 레드,30,30,139630,62625,62,62,88.5
2024-10,central,TRN,2025,TRN-PR,3.5 가솔린,AWD,포레스트 그린,19,19,87269,39140,39,62,88.5
2024-10,central,TRN,2025,TRN-PR,3.5 가솔린,AWD,샌드 베이지,19,19,87269,39140,39,62,88.5
2024-10,central,TRN,2025,TRN-PR,3.5 가솔린,FWD,스노우 화이트,14,14,66780,29951,30,62,88.5
2024-10,central,TRN,2025,TRN-PR,3.5 가솔린,FWD,미드나잇 블랙,11,11,52867,23711,23,62,88.5
2024-10,central,TRN,2025,TRN-PR,3.5 가솔린,FWD,스틸 그레이,10,10,44520,19967,20,62,88.5
2024-10,central,TRN,2025,TRN-PR,3.5 가솔린,FWD,실버,8,8,36172,16223,16,62,88.5
2024-10,central,TRN,2025,TRN-PR,3.5 가솔린,FWD,오션 블루,6,6,27825,12480,12,62,88.5
2024-10,central,TRN,2025,TRN-PR,3.5 가솔린,FWD,선셋 레드,5,5,22260,9984,10,62,88.5
2024-10,central,TRN,2025,TRN-PR,3.5 가솔린,FWD,포레스트 그린,3,3,13912,6240,6,62,88.5
2024-10,central,TRN,2025,TRN-PR,3.5 가솔린,FWD,샌드 베이지,3,3,13912,6240,6,62,88.5
2024-10,central,TRN,2025,TRN-PR,2.5T 하이브리드,AWD,스노우 화이트,54,54,248133,111289,110,62,88.5
2024-10,central,TRN,2025,TRN-PR,2.5T 하이브리드,AWD,미드나잇 블랙,43,42,196439,88103,87,62,88.5
2024-10,central,TRN,2025,TRN-PR,2.5T 하이브리드,AWD,스틸 그레이,36,36,165422,74192,73,62,88.5
2024-10,central,TRN,2025,TRN-PR,2.5T 하이브리드,AWD,실버,29,29,134405,60281,60,62,88.5
2024-10,central,TRN,2025,TRN-PR,2.5T 하이브리드,AWD,오션 블루,22,22,103389,46370,46,62,88.5
2024-10,central,TRN,2025,TRN-PR,2.5T 하이브리드,AWD,선셋 레드,18,18,82711,37096,37,62,88.5
2024-10,central,TRN,2025,TRN-PR,2.5T 하이브리드,AWD,포레스트 그린,11,11,51694,23185,23,62,88.5
2024-10,central,TRN,2025,TRN-PR,2.5T 하이브리드,AWD,샌드 베이지,11,11,51694,23185,23,62,88.5
2024-10,central,TRN,2025,TRN-PR,2.5T 하이브리드,FWD,스노우 화이트,9,9,39557,17742,18,62,88.5
2024-10,central,TRN,2025,TRN-PR,2.5T 하이브리드,FWD,미드나잇 블랙,7,7,31316,14045,14,62,88.5
2024-10,central,TRN,2025,TRN-PR,2.5T 하이브리드,FWD,스틸 그레이,6,6,26372,11828,12,62,88.5
2024-10,central,TRN,2025,TRN-PR,2.5T 하이브리드,FWD,실버,5,5,21427,9610,10,62,88.5
2024-10,central,TRN,2025,TRN-PR,2.5T 하이브리드,FWD,오션 블루,4,4,16482,7392,7,62,88.5
2024-10,central,TRN,2025,TRN-PR,2.5T 하이브리드,FWD,선셋 레드,3,3,13186,5914,6,59,88.5
2024-10,central,TRN,2025,TRN-PR,2.5T 하이브리드,FWD,포레스트 그린,2,2,8241,3696,4,37,88.5
2024-10,central,TRN,2025,TRN-PR,2.5T 하이브리드,FWD,샌드 베이지,2,2,8241,3696,4,37,88.5
2024-10,central,TRN,2025,TRN-SU,3.5 가솔린,AWD,스노우 화이트,37,37,195356,100849,76,62,88.5
2024-10,central,TRN,2025,TRN-SU,3.5 가솔린,AWD,미드나잇 블랙,29,29,154657,79839,60,62,88.5
2024-10,central,TRN,2025,TRN-SU,3.5 가솔린,AWD,스틸 그레이,25,25,130237,67232,51,62,88.5
2024-10,central,TRN,2025,TRN-SU,3.5 가솔린,AWD,실버,20,20,105818,54626,41,62,88.5
2024-10,central,TRN,2025,TRN-SU,3.5 가솔린,AWD,오션 블루,16,15,81398,42020,32,62,88.5
2024-10,central,TRN,2025,TRN-SU,3.5 가솔린,AWD,선셋 레드,12,12,65119,33616,25,62,88.5
2024-10,central,TRN,2025,TRN-SU,3.5 가솔린,AWD,포레스트 그린,8,8,40699,21010,16,62,88.5
2024-10,central,TRN,2025,TRN-SU,3.5 가솔린,AWD,샌드 베이지,8,8,40699,21010,16,62,88.5
2024-10,central,TRN,2025,TRN-SU,3.5 가솔린,FWD,스노우 화이트,6,6,31144,16077,12,62,88.5
2024-10,central,TRN,2025,TRN-SU,3.5 가솔린,FWD,미드나잇 블랙,5,5,24655,12728,10,62,88.5
2024-10,central,TRN,2025,TRN-SU,3.5 가솔린,FWD,스틸 그레이,4,4,20762,10718,8,62,88.5
2024-10,central,TRN,2025,TRN-SU,3.5 가솔린,FWD,실버,3,3,16869,8709,7,62,88.5
2024-10,central,TRN,2025,TRN-SU,3.5 가솔린,FWD,오션 블루,2,2,12977,6699,5,51,88.5
2024-10,central,TRN,2025,TRN-SU,3.5 가솔린,FWD,선셋 레드,2,2,10381,5359,4,40,88.5
2024-10,central,TRN,2025,TRN-SU,3.5 가솔린,FWD,포레스트 그린,1,1,6488,3349,3,25,88.5
2024-10,central,TRN,2025,TRN-SU,3.5 가솔린,FWD,샌드 베이지,1,1,6488,3349,3,25,88.5
2024-10,central,TRN,2025,TRN-SU,2.5T 하이브리드,AWD,스노우 화이트,22,22,115720,59738,45,62,88.5
2024-10,central,TRN,2025,TRN-SU,2.5T 하이브리드,AWD,미드나잇 블랙,17,17,91612,47293,36,62,88.5
2024-10,central,TRN,2025,TRN-SU,2.5T 하이브리드,AWD,스틸 그레이,15,15,77147,39826,30,62,88.5
2024-10,central,TRN,2025,TRN-SU,2.5T 하이브리드,AWD,실버,12,12,62682,32358,24,62,88.5
2024-10,central,TRN,2025,TRN-SU,2.5T 하이브리드,AWD,오션 블루,9,9,48217,24891,19,62,88.5
2024-10,central,TRN,2025,TRN-SU,2.5T 하이브리드,AWD,선셋 레드,7,7,38573,19913,15,62,88.5
2024-10,central,TRN,2025,TRN-SU,2.5T 하이브리드,AWD,포레스트 그린,5,5,24108,12445,9,62,88.5
2024-10,central,TRN,2025,TRN-SU,2.5T 하이브리드,AWD,샌드 베이지,5,5,24108,12445,9,62,88.5
2024-10,central,TRN,2025,TRN-SU,2.5T 하이브리드,FWD,스노우 화이트,4,3,18448,9524,7,62,88.5
2024-10,central,TRN,2025,TRN-SU,2.5T 하이브리드,FWD,미드나잇 블랙,3,3,14605,7539,6,57,88.5
2024-10,central,TRN,2025,TRN-SU,2.5T 하이브리드,FWD,스틸 그레이,2,2,12299,6349,5,48,88.5
2024-10,central,TRN,2025,TRN-SU,2.5T 하이브리드,FWD,실버,2,2,9993,5159,4,39,88.5
2024-10,central,TRN,2025,TRN-SU,2.5T 하이브리드,FWD,오션 블루,1,1,7687,3968,3,30,88.5
2024-10,central,TRN,2025,TRN-SU,2.5T 하이브리드,FWD,선셋 레드,1,1,6149,3175,2,24,88.5
2024-10,central,TRN,2025,TRN-SU,2.5T 하이브리드,FWD,포레스트 그린,1,1,3843,1984,1,15,88.5
2024-10,central,TRN,2025,TRN-SU,2.5T 하이브리드,FWD,샌드 베이지,1,1,3843,1984,1,15,88.5
2024-10,south,TRN,2024,TRN-CO,3.5 가솔린,AWD,스노우 화이트,34,34,145205,58162,70,62,88.5
2024-10,south,TRN,2024,TRN-CO,3.5 가솔린,AWD,미드나잇 블랙,27,27,114954,46045,56,62,88.5
2024-10,south,TRN,2024,TRN-CO,3.5 가솔린,AWD,스틸 그레이,23,23,96804,38774,47,62,88.5
2024-10,south,TRN,2024,TRN-CO,3.5 가솔린,AWD,실버,19,18,78653,31504,38,62,88.5
2024-10,south,TRN,2024,TRN-CO,3.5 가솔린,AWD,오션 블루,14,14,60502,24234,29,62,88.5
2024-10,south,TRN,2024,TRN-CO,3.5 가솔린,AWD,선셋 레드,11,11,48402,19387,23,62,88.5
2024-10,south,TRN,2024,TRN-CO,3.5 가솔린,AWD,포레스트 그린,7,7,30251,12117,15,62,88.5
2024-10,south,TRN,2024,TRN-CO,3.5 가솔린,AWD,샌드 베이지,7,7,30251,12117,15,62,88.5
2024-10,south,TRN,2024,TRN-CO,3.5 가솔린,FWD,스노우 화이트,29,29,123694,49545,60,62,88.5
2024-10,south,TRN,2024,TRN-CO,3.5 가솔린,FWD,미드나잇 블랙,23,23,97924,39223,47,62,88.5
2024-10,south,TRN,2024,TRN-CO,3.5 가솔린,FWD,스틸 그레이,19,19,82462,33030,40,62,88.5
2024-10,south,TRN,2024,TRN-CO,3.5 가솔린,FWD,실버,16,16,67001,26837,32,62,88.5
2024-10,south,TRN,2024,TRN-CO,3.5 가솔린,FWD,오션 블루,12,12,51539,20644,25,62,88.5
2024-10,south,TRN,2024,TRN-CO,3.5 가솔린,FWD,선셋 레드,10,10,41231,16515,20,62,88.5
2024-10,south,TRN,2024,TRN-CO,3.5 가솔린,FWD,포레스트 그린,6,6,25769,10322,12,62,88.5
2024-10,south,TRN,2024,TRN-CO,3.5 가솔린,FWD,샌드 베이지,6,6,25769,10322,12,62,88.5
2024-10,south,TRN,2024,TRN-CO,2.5T 하이브리드,AWD,스노우 화이트,20,20,86013,34452,42,62,88.5
2024-10,south,TRN,2024,TRN-CO,2.5T 하이브리드,AWD,미드나잇 블랙,16,16,68094,27275,33,62,88.5
2024-10,south,TRN,2024,TRN-CO,2.5T 하이브리드,AWD,스틸 그레이,14,13,57342,22968,28,62,88.5
2024-10,south,TRN,2024,TRN-CO,2.5T 하이브리드,AWD,실버,11,11,46591,18662,23,62,88.5
2024-10,south,TRN,2024,TRN-CO,2.5T 하이브리드,AWD,오션 블루,8,8,35839,14355,17,62,88.5
2024-10,south,TRN,2024,TRN-CO,2.5T 하이브리드,AWD,선셋 레드,7,7,28671,11484,14,62,88.5
2024-10,south,TRN,2024,TRN-CO,2.5T 하이브리드,AWD,포레스트 그린,4,4,17919,7178,9,62,88.5
2024-10,south,TRN,2024,TRN-CO,2.5T 하이브리드,AWD,샌드 베이지,4,4,17919,7178,9,62,88.5
2024-10,south,TRN,2024,TRN-CO,2.5T 하이브리드,FWD,스노우 화이트,17,17,73271,29348,35,62,88.5
2024-10,south,TRN,2024,TRN-CO,2.5T 하이브리드,FWD,미드나잇 블랙,14,14,58006,23234,28,62,88.5
2024-10,south,TRN,2024,TRN-CO,2.5T 하이브리드,FWD,스틸 그레이,12,11,48847,19566,24,62,88.5
2024-10,south,TRN,2024,TRN-CO,2.5T 하이브리드,FWD,실버,9,9,39688,15897,19,62,88.5
2024-10,south,TRN,2024,TRN-CO,2.5T 하이브리드,FWD,오션 블루,7,7,30529,12228,15,62,88.5
2024-10,south,TRN,2024,TRN-CO,2.5T 하이브리드,FWD,선셋 레드,6,6,24424,9783,12,62,88.5
2024-10,south,TRN,2024,TRN-CO,2.5T 하이브리드,FWD,포레스트 그린,4,4,15265,6114,7,62,88.5
2024-10,south,TRN,2024,TRN-CO,2.5T 하이브리드,FWD,샌드 베이지,4,4,15265,6114,7,62,88.5
2024-10,south,TRN,2024,TRN-PR,3.5 가솔린,AWD,스노우 화이트,40,40,182753,81965,81,62,88.5
2024-10,south,TRN,2024,TRN-PR,3.5 가솔린,AWD,미드나잇 블랙,31,31,144679,64889,64,62,88.5
2024-10,south,TRN,2024,TRN-PR,3.5 가솔린,AWD,스틸 그레이,26,26,121835,54644,54,62,88.5
2024-10,south,TRN,2024,TRN-PR,3.5 가솔린,AWD,실버,21,21,98991,44398,44,62,88.5
2024-10,south,TRN,2024,TRN-PR,3.5 가솔린,AWD,오션 블루,17,16,76147,34152,34,62,88.5
2024-10,south,TRN,2024,TRN-PR,3.5 가솔린,AWD,선셋 레드,13,13,60918,27322,27,62,88.5
2024-10,south,TRN,2024,TRN-PR,3.5 가솔린,AWD,포레스트 그린,8,8,38074,17076,17,62,88.5
2024-10,south,TRN,2024,TRN-PR,3.5 가솔린,AWD,샌드 베이지,8,8,38074,17076,17,62,88.5
2024-10,south,TRN,2024,TRN-PR,3.5 가솔린,FWD,스노우 화이트,34,34,155678,69822,69,62,88.5
2024-10,south,TRN,2024,TRN-PR,3.5 가솔린,FWD,미드나잇 블랙,27,27,123245,55276,55,62,88.5
2024-10,south,TRN,2024,TRN-PR,3.5 가솔린,FWD,스틸 그레이,23,22,103786,46548,46,62,88.5
2024-10,south,TRN,2024,TRN-PR,3.5 가솔린,FWD,실버,18,18,84326,37820,37,62,88.5
2024-10,south,TRN,2024,TRN-PR,3.5 가솔린,FWD,오션 블루,14,14,64866,29093,29,62,88.5
2024-10,south,TRN,2024,TRN-PR,3.5 가솔린,FWD,선셋 레드,11,11,51893,23274,23,62,88.5
2024-10,south,TRN,2024,TRN-PR,3.5 가솔린,FWD,포레스트 그린,7,7,32433,14546,14,62,88.5
2024-10,south,TRN,2024,TRN-PR,3.5 가솔린,FWD,샌드 베이지,7,7,32433,14546,14,62,88.5
2024-10,south,TRN,2024,TRN-PR,2.5T 하이브리드,AWD,스노우 화이트,24,23,108255,48553,48,62,88.5
2024-10,south,TRN,2024,TRN-PR,2.5T 하이브리드,AWD,미드나잇 블랙,19,19,85702,38438,38,62,88.5
2024-10,south,TRN,2024,TRN-PR,2.5T 하이브리드,AWD,스틸 그레이,16,16,72170,32368,32,62,88.5
2024-10,south,TRN,2024,TRN-PR,2.5T 하이브리드,AWD,실버,13,13,58638,26299,26,62,88.5
2024-10,south,TRN,2024,TRN-PR,2.5T 하이브리드,AWD,오션 블루,10,10,45106,20230,20,62,88.5
2024-10,south,TRN,2024,TRN-PR,2.5T 하이브리드,AWD,선셋 레드,8,8,36085,16184,16,62,88.5
2024-10,south,TRN,2024,TRN-PR,2.5T 하이브리드,AWD,포레스트 그린,5,5,22553,10115,10,62,88.5
2024-10,south,TRN,2024,TRN-PR,2.5T 하이브리드,AWD,샌드 베이지,5,5,22553,10115,10,62,88.5
2024-10,south,TRN,2024,TRN-PR,2.5T 하이브리드,FWD,스노우 화이트,20,20,92217,41360,41,62,88.5
2024-10,south,TRN,2024,TRN-PR,2.5T 하이브리드,FWD,미드나잇 블랙,16,16,73005,32743,32,62,88.5
2024-10,south,TRN,2024,TRN-PR,2.5T 하이브리드,FWD,스틸 그레이,13,13,61478,27573,27,62,88.5
2024-10,south,TRN,2024,TRN-PR,2.5T 하이브리드,FWD,실버,11,11,49951,22403,22,62,88.5
2024-10,south,TRN,2024,TRN-PR,2.5T 하이브리드,FWD,오션 블루,8,8,38424,17233,17,62,88.5
2024-10,south,TRN,2024,TRN-PR,2.5T 하이브리드,FWD,선셋 레드,7,7,30739,13787,14,62,88.5
2024-10,south,TRN,2024,TRN-PR,2.5T 하이브리드,FWD,포레스트 그린,4,4,19212,8617,9,62,88.5
2024-10,south,TRN,2024,TRN-PR,2.5T 하이브리드,FWD,샌드 베이지,4,4,19212,8617,9,62,88.5
2024-10,south,TRN,2024,TRN-SU,3.5 가솔린,AWD,스노우 화이트,16,16,85229,43998,33,62,88.5
2024-10,south,TRN,2024,TRN-SU,3.5 가솔린,AWD,미드나잇 블랙,13,13,67473,34832,26,62,88.5
2024-10,south,TRN,2024,TRN-SU,3.5 가솔린,AWD,스틸 그레이,11,11,56820,29332,22,62,88.5
2024-10,south,TRN,2024,TRN-SU,3.5 가솔린,AWD,실버,9,9,46166,23832,18,62,88.5
2024-10,south,TRN,2024,TRN-SU,3.5 가솔린,AWD,오션 블루,7,7,35512,18333,14,62,88.5
2024-10,south,TRN,2024,TRN-SU,3.5 가솔린,AWD,선셋 레드,5,5,28410,14666,11,62,88.5
2024-10,south,TRN,2024,TRN-SU,3.5 가솔린,AWD,포레스트 그린,3,3,17756,9166,7,62,88.5
2024-10,south,TRN,2024,TRN-SU,3.5 가솔린,AWD,샌드 베이지,3,3,17756,9166,7,62,88.5
2024-10,south,TRN,2024,TRN-SU,3.5 가솔린,FWD,스노우 화이트,14,14,72603,37480,28,62,88.5
2024-10,south,TRN,2024,TRN-SU,3.5 가솔린,FWD,미드나잇 블랙,11,11,57477,29672,22,62,88.5
2024-10,south,TRN,2024,TRN-SU,3.5 가솔린,FWD,스틸 그레이,9,9,48402,24987,19,62,88.5
2024-10,south,TRN,2024,TRN-SU,3.5 가솔린,FWD,실버,7,7,39326,20302,15,62,88.5
2024-10,south,TRN,2024,TRN-SU,3.5 가솔린,FWD,오션 블루,6,6,30251,15617,12,62,88.5
2024-10,south,TRN,2024,TRN-SU,3.5 가솔린,FWD,선셋 레드,5,5,24201,12493,9,62,88.5
2024-10,south,TRN,2024,TRN-SU,3.5 가솔린,FWD,포레스트 그린,3,3,15126,7808,6,59,88.5
2024-10,south,TRN,2024,TRN-SU,3.5 가솔린,FWD,샌드 베이지,3,3,15126,7808,6,59,88.5
2024-10,south,TRN,2024,TRN-SU,2.5T 하이브리드,AWD,스노우 화이트,10,10,50486,26063,20,62,88.5
2024-10,south,TRN,2024,TRN-SU,2.5T 하이브리드,AWD,미드나잇 블랙,8,8,39968,20633,16,62,88.5
2024-10,south,TRN,2024,TRN-SU,2.5T 하이브리드,AWD,스틸 그레이,6,6,33657,17375,13,62,88.5
2024-10,south,TRN,2024,TRN-SU,2.5T 하이브리드,AWD,실버,5,5,27347,14117,11,62,88.5
2024-10,south,TRN,2024,TRN-SU,2.5T 하이브리드,AWD,오션 블루,4,4,21036,10859,8,62,88.5
2024-10,south,TRN,2024,TRN-SU,2.5T 하이브리드,AWD,선셋 레드,3,3,16829,8688,7,62,88.5
2024-10,south,TRN,2024,TRN-SU,2.5T 하이브리드,AWD,포레스트 그린,2,2,10518,5430,4,41,88.5
2024-10,south,TRN,2024,TRN-SU,2.5T 하이브리드,AWD,샌드 베이지,2,2,10518,5430,4,41,88.5
2024-10,south,TRN,2024,TRN-SU,2.5T 하이브리드,FWD,스노우 화이트,8,8,43007,22201,17,62,88.5
2024-10,south,TRN,2024,TRN-SU,2.5T 하이브리드,FWD,미드나잇 블랙,6,6,34047,17576,13,62,88.5
2024-10,south,TRN,2024,TRN-SU,2.5T 하이브리드,FWD,스틸 그레이,5,5,28671,14801,11,62,88.5
2024-10,south,TRN,2024,TRN-SU,2.5T 하이브리드,FWD,실버,4,4,23295,12026,9,62,88.5
2024-10,south,TRN,2024,TRN-SU,2.5T 하이브리드,FWD,오션 블루,3,3,17919,9251,7,62,88.5
2024-10,south,TRN,2024,TRN-SU,2.5T 하이브리드,FWD,선셋 레드,3,3,14336,7400,6,56,88.5
2024-10,south,TRN,2024,TRN-SU,2.5T 하이브리드,FWD,포레스트 그린,2,2,8960,4625,3,35,88.5
2024-10,south,TRN,2024,TRN-SU,2.5T 하이브리드,FWD,샌드 베이지,2,2,8960,4625,3,35,88.5
2024-10,south,TRN,2025,TRN-CO,3.5 가솔린,AWD,스노우 화이트,64,63,269667,108015,130,62,88.5
2024-10,south,TRN,2025,TRN-CO,3.5 가솔린,AWD,미드나잇 블랙,50,50,213487,85512,103,62,88.5
2024-10,south,TRN,2025,TRN-CO,3.5 가솔린,AWD,스틸 그레이,42,42,179778,72010,87,62,88.5
2024-10,south,TRN,2025,TRN-CO,3.5 가솔린,AWD,실버,34,34,146070,58508,71,62,88.5
2024-10,south,TRN,2025,TRN-CO,3.5 가솔린,AWD,오션 블루,27,26,112361,45006,54,62,88.5
2024-10,south,TRN,2025,TRN-CO,3.5 가솔린,AWD,선셋 레드,21,21,89889,36005,43,62,88.5
2024-10,south,TRN,2025,TRN-CO,3.5 가솔린,AWD,포레스트 그린,13,13,56181,22503,27,62,88.5
2024-10,south,TRN,2025,TRN-CO,3.5 가솔린,AWD,샌드 베이지,13,13,56181,22503,27,62,88.5
2024-10,south,TRN,2025,TRN-CO,3.5 가솔린,FWD,스노우 화이트,54,54,229717,92012,111,62,88.5
2024-10,south,TRN,2025,TRN-CO,3.5 가솔린,FWD,미드나잇 블랙,43,43,181859,72843,88,62,88.5
2024-10,south,TRN,2025,TRN-CO,3.5 가솔린,FWD,스틸 그레이,36,36,153144,61342,74,62,88.5
2024-10,south,TRN,2025,TRN-CO,3.5 가솔린,FWD,실버,29,29,124430,49840,60,62,88.5
2024-10,south,TRN,2025,TRN-CO,3.5 가솔린,FWD,오션 블루,23,22,95715,38338,46,62,88.5
2024-10,south,TRN,2025,TRN-CO,3.5 가솔린,FWD,선셋 레드,18,18,76572,30671,37,62,88.5
2024-10,south,TRN,2025,TRN-CO,3.5 가솔린,FWD,포레스트 그린,11,11,47858,19169,23,62,88.5
2024-10,south,TRN,2025,TRN-CO,3.5 가솔린,FWD,샌드 베이지,11,11,47858,19169,23,62,88.5
2024-10,south,TRN,2025,TRN-CO,2.5T 하이브리드,AWD,스노우 화이트,38,38,159739,63983,77,62,88.5
2024-10,south,TRN,2025,TRN-CO,2.5T 하이브리드,AWD,미드나잇 블랙,30,30,126460,50653,61,62,88.5
2024-10,south,TRN,2025,TRN-CO,2.5T 하이브리드,AWD,스틸 그레이,25,25,106493,42655,51,62,88.5
2024-10,south,TRN,2025,TRN-CO,2.5T 하이브리드,AWD,실버,20,20,86525,34658,42,62,88.5
2024-10,south,TRN,2025,TRN-CO,2.5T 하이브리드,AWD,오션 블루,16,16,66558,26660,32,62,88.5
2024-10,south,TRN,2025,TRN-CO,2.5T 하이브리드,AWD,선셋 레드,13,13,53246,21328,26,62,88.5
2024-10,south,TRN,2025,TRN-CO,2.5T 하이브리드,AWD,포레스트 그린,8,8,33279,13330,16,62,88.5
2024-10,south,TRN,2025,TRN-CO,2.5T 하이브리드,AWD,샌드 베이지,8,8,33279,13330,16,62,88.5
2024-10,south,TRN,2025,TRN-CO,2.5T 하이브리드,FWD,스노우 화이트,32,32,136074,54504,66,62,88.5
2024-10,south,TRN,2025,TRN-CO,2.5T 하이브리드,FWD,미드나잇 블랙,25,25,107725,43149,52,62,88.5
2024-10,south,TRN,2025,TRN-CO,2.5T 하이브리드,FWD,스틸 그레이,21,21,90716,36336,44,62,88.5
2024-10,south,TRN,2025,TRN-CO,2.5T 하이브리드,FWD,실버,17,17,73707,29523,36,62,88.5
2024-10,south,TRN,2025,TRN-CO,2.5T 하이브리드,FWD,오션 블루,13,13,56698,22710,27,62,88.5
2024-10,south,TRN,2025,TRN-CO,2.5T 하이브리드,FWD,선셋 레드,11,11,45358,18168,22,62,88.5
2024-10,south,TRN,2025,TRN-CO,2.5T 하이브리드,FWD,포레스트 그린,7,7,28349,11355,14,62,88.5
2024-10,south,TRN,2025,TRN-CO,2.5T 하이브리드,FWD,샌드 베이지,7,7,28349,11355,14,62,88.5
2024-10,south,TRN,2025,TRN-PR,3.5 가솔린,AWD,스노우 화이트,74,73,339398,152221,151,62,88.5
2024-10,south,TRN,2025,TRN-PR,3.5 가솔린,AWD,미드나잇 블랙,58,58,268690,120509,119,62,88.5
2024-10,south,TRN,2025,TRN-PR,3.5 가솔린,AWD,스틸 그레이,49,49,226266,101481,101,62,88.5
2024-10,south,TRN,2025,TRN-PR,3.5 가솔린,AWD,실버,40,40,183841,82453,82,62,88.5
2024-10,south,TRN,2025,TRN-PR,3.5 가솔린,AWD,오션 블루,31,31,141416,63426,63,62,88.5
2024-10,south,TRN,2025,TRN-PR,3.5 가솔린,AWD,선셋 레드,25,24,113133,50740,50,62,88.5
2024-10,south,TRN,2025,TRN-PR,3.5 가솔린,AWD,포레스트 그린,15,15,70708,31713,31,62,88.5
2024-10,south,TRN,2025,TRN-PR,3.5 가솔린,AWD,샌드 베이지,15,15,70708,31713,31,62,88.5
2024-10,south,TRN,2025,TRN-PR,3.5 가솔린,FWD,스노우 화이트,63,63,289117,129670,128,62,88.5
2024-10,south,TRN,2025,TRN-PR,3.5 가솔린,FWD,미드나잇 블랙,50,49,228884,102655,102,62,88.5
2024-10,south,TRN,2025,TRN-PR,3.5 가솔린,FWD,스틸 그레이,42,42,192745,86447,86,62,88.5
2024-10,south,TRN,2025,TRN-PR,3.5 가솔린,FWD,실버,34,34,156605,70238,70,62,88.5
2024-10,south,TRN,2025,TRN-PR,3.5 가솔린,FWD,오션 블루,26,26,120465,54029,54,62,88.5
2024-10,south,TRN,2025,TRN-PR,3.5 가솔린,FWD,선셋 레드,21,21,96372,43223,43,62,88.5
2024-10,south,TRN,2025,TRN-PR,3.5 가솔린,FWD,포레스트 그린,13,13,60233,27015,27,62,88.5
2024-10,south,TRN,2025,TRN-PR,3.5 가솔린,FWD,샌드 베이지,13,13,60233,27015,27,62,88.5
2024-10,south,TRN,2025,TRN-PR,2.5T 하이브리드,AWD,스노우 화이트,44,43,201045,90169,89,62,88.5
2024-10,south,TRN,2025,TRN-PR,2.5T 하이브리드,AWD,미드나잇 블랙,35,34,159160,71384,71,62,88.5
2024-10,south,TRN,2025,TRN-PR,2.5T 하이브리드,AWD,스틸 그레이,29,29,134030,60113,60,62,88.5
2024-10,south,TRN,2025,TRN-PR,2.5T 하이브리드,AWD,실버,24,24,108899,48842,48,62,88.5
2024-10,south,TRN,2025,TRN-PR,2.5T 하이브리드,AWD,오션 블루,18,18,83769,37571,37,62,88.5
2024-10,south,TRN,2025,TRN-PR,2.5T 하이브리드,AWD,선셋 레드,15,14,67015,30056,30,62,88.5
2024-10,south,TRN,2025,TRN-PR,2.5T 하이브리드,AWD,포레스트 그린,9,9,41884,18785,19,62,88.5
2024-10,south,TRN,2025,TRN-PR,2.5T 하이브리드,AWD,샌드 베이지,9,9,41884,18785,19,62,88.5
2024-10,south,TRN,2025,TRN-PR,2.5T 하이브리드,FWD,스노우 화이트,37,37,171260,76811,76,62,88.5
2024-10,south,TRN,2025,TRN-PR,2.5T 하이브리드,FWD,미드나잇 블랙,29,29,135581,60809,60,62,88.5
2024-10,south,TRN,2025,TRN-PR,2.5T 하이브리드,FWD,스틸 그레이,25,25,114174,51207,51,62,88.5
2024-10,south,TRN,2025,TRN-PR,2.5T 하이브리드,FWD,실버,20,20,92766,41606,41,62,88.5
2024-10,south,TRN,2025,TRN-PR,2.5T 하이브리드,FWD,오션 블루,15,15,71359,32005,32,62,88.5
2024-10,south,TRN,2025,TRN-PR,2.5T 하이브리드,FWD,선셋 레드,12,12,57087,25604,25,62,88.5
2024-10,south,TRN,2025,TRN-PR,2.5T 하이브리드,FWD,포레스트 그린,8,8,35679,16002,16,62,88.5
2024-10,south,TRN,2025,TRN-PR,2.5T 하이브리드,FWD,샌드 베이지,8,8,35679,16002,16,62,88.5
2024-10,south,TRN,2025,TRN-SU,3.5 가솔린,AWD,스노우 화이트,30,30,158283,81711,62,62,88.5
2024-10,south,TRN,2025,TRN-SU,3.5 가솔린,AWD,미드나잇 블랙,24,24,125307,64688,49,62,88.5
2024-10,south,TRN,2025,TRN-SU,3.5 가솔린,AWD,스틸 그레이,20,20,105522,54474,41,62,88.5
2024-10,south,TRN,2025,TRN-SU,3.5 가솔린,AWD,실버,16,16,85737,44260,33,62,88.5
2024-10,south,TRN,2025,TRN-SU,3.5 가솔린,AWD,오션 블루,13,13,65951,34046,26,62,88.5
2024-10,south,TRN,2025,TRN-SU,3.5 가솔린,AWD,선셋 레드,10,10,52761,27237,21,62,88.5
2024-10,south,TRN,2025,TRN-SU,3.5 가솔린,AWD,포레스트 그린,6,6,32976,17023,13,62,88.5
2024-10,south,TRN,2025,TRN-SU,3.5 가솔린,AWD,샌드 베이지,6,6,32976,17023,13,62,88.5
2024-10,south,TRN,2025,TRN-SU,3.5 가솔린,FWD,스노우 화이트,26,26,134834,69605,53,62,88.5
2024-10,south,TRN,2025,TRN-SU,3.5 가솔린,FWD,미드나잇 블랙,20,20,106743,55104,42,62,88.5
2024-10,south,TRN,2025,TRN-SU,3.5 가솔린,FWD,스틸 그레이,17,17,89889,46404,35,62,88.5
2024-10,south,TRN,2025,TRN-SU,3.5 가솔린,FWD,실버,14,14,73035,37703,28,62,88.5
2024-10,south,TRN,2025,TRN-SU,3.5 가솔린,FWD,오션 블루,11,11,56181,29002,22,62,88.5
2024-10,south,TRN,2025,TRN-SU,3.5 가솔린,FWD,선셋 레드,9,9,44945,23202,18,62,88.5
2024-10,south,TRN,2025,TRN-SU,3.5 가솔린,FWD,포레스트 그린,5,5,28090,14501,11,62,88.5
2024-10,south,TRN,2025,TRN-SU,3.5 가솔린,FWD,샌드 베이지,5,5,28090,14501,11,62,88.5
2024-10,south,TRN,2025,TRN-SU,2.5T 하이브리드,AWD,스노우 화이트,18,18,93760,48402,37,62,88.5
2024-10,south,TRN,2025,TRN-SU,2.5T 하이브리드,AWD,미드나잇 블랙,14,14,74227,38318,29,62,88.5
2024-10,south,TRN,2025,TRN-SU,2.5T 하이브리드,AWD,스틸 그레이,12,12,62507,32268,24,62,88.5
2024-10,south,TRN,2025,TRN-SU,2.5T 하이브리드,AWD,실버,10,10,50787,26218,20,62,88.5
2024-10,south,TRN,2025,TRN-SU,2.5T 하이브리드,AWD,오션 블루,7,7,39067,20167,15,62,88.5
2024-10,south,TRN,2025,TRN-SU,2.5T 하이브리드,AWD,선셋 레드,6,6,31253,16134,12,62,88.5
2024-10,south,TRN,2025,TRN-SU,2.5T 하이브리드,AWD,포레스트 그린,4,4,19533,10084,8,62,88.5
2024-10,south,TRN,2025,TRN-SU,2.5T 하이브리드,AWD,샌드 베이지,4,4,19533,10084,8,62,88.5
2024-10,south,TRN,2025,TRN-SU,2.5T 하이브리드,FWD,스노우 화이트,15,15,79870,41231,31,62,88.5
2024-10,south,TRN,2025,TRN-SU,2.5T 하이브리드,FWD,미드나잇 블랙,12,12,63230,32641,25,62,88.5
2024-10,south,TRN,2025,TRN-SU,2.5T 하이브리드,FWD,스틸 그레이,10,10,53246,27487,21,62,88.5
2024-10,south,TRN,2025,TRN-SU,2.5T 하이브리드,FWD,실버,8,8,43263,22334,17,62,88.5
2024-10,south,TRN,2025,TRN-SU,2.5T 하이브리드,FWD,오션 블루,6,6,33279,17180,13,62,88.5
2024-10,south,TRN,2025,TRN-SU,2.5T 하이브리드,FWD,선셋 레드,5,5,26623,13744,10,62,88.5
2024-10,south,TRN,2025,TRN-SU,2.5T 하이브리드,FWD,포레스트 그린,3,3,16640,8590,6,62,88.5
2024-10,south,TRN,2025,TRN-SU,2.5T 하이브리드,FWD,샌드 베이지,3,3,16640,8590,6,62,88.5
2024-10,northeast,TRN,2024,TRN-CO,3.5 가솔린,AWD,스노우 화이트,47,46,197396,79067,95,62,88.5
2024-10,northeast,TRN,2024,TRN-CO,3.5 가솔린,AWD,미드나잇 블랙,37,37,156272,62594,75,62,88.5
2024-10,northeast,TRN,2024,TRN-CO,3.5 가솔린,AWD,스틸 그레이,31,31,131598,52711,64,62,88.5
2024-10,northeast,TRN,2024,TRN-CO,3.5 가솔린,AWD,실버,25,25,106923,42828,52,62,88.5
2024-10,northeast,TRN,2024,TRN-CO,3.5 가솔린,AWD,오션 블루,19,19,82248,32944,40,62,88.5
2024-10,northeast,TRN,2024,TRN-CO,3.5 가솔린,AWD,선셋 레드,16,15,65799,26356,32,62,88.5
2024-10,northeast,TRN,2024,TRN-CO,3.5 가솔린,AWD,포레스트 그린,10,10,41124,16472,20,62,88.5
2024-10,northeast,TRN,2024,TRN-CO,3.5 가솔린,AWD,샌드 베이지,10,10,41124,16472,20,62,88.5
2024-10,northeast,TRN,2024,TRN-CO,3.5 가솔린,FWD,스노우 화이트,2,2,10389,4161,5,50,88.5
2024-10,northeast,TRN,2024,TRN-CO,3.5 가솔린,FWD,미드나잇 블랙,2,2,8225,3294,4,40,88.5
2024-10,northeast,TRN,2024,TRN-CO,3.5 가솔린,FWD,스틸 그레이,2,2,6926,2774,3,33,88.5
2024-10,northeast,TRN,2024,TRN-CO,3.5 가솔린,FWD,실버,1,1,5628,2254,3,27,88.5
2024-10,northeast,TRN,2024,TRN-CO,3.5 가솔린,FWD,오션 블루,1,1,4329,1734,2,21,88.5
2024-10,northeast,TRN,2024,TRN-CO,3.5 가솔린,FWD,선셋 레드,1,1,3463,1387,2,17,88.5
2024-10,northeast,TRN,2024,TRN-CO,3.5 가솔린,FWD,포레스트 그린,1,1,2164,867,1,10,88.5
2024-10,northeast,TRN,2024,TRN-CO,3.5 가솔린,FWD,샌드 베이지,1,1,2164,867,1,10,88.5
2024-10,northeast,TRN,2024,TRN-CO,2.5T 하이브리드,AWD,스노우 화이트,28,27,116929,46836,56,62,88.5
2024-10,northeast,TRN,2024,TRN-CO,2.5T 하이브리드,AWD,미드나잇 블랙,22,22,92569,37078,45,62,88.5
2024-10,northeast,TRN,2024,TRN-CO,2.5T 하이브리드,AWD,스틸 그레이,18,18,77953,31224,38,62,88.5
2024-10,northeast,TRN,2024,TRN-CO,2.5T 하이브리드,AWD,실버,15,15,63337,25369,31,62,88.5
2024-10,northeast,TRN,2024,TRN-CO,2.5T 하이브리드,AWD,오션 블루,11,11,48720,19515,24,62,88.5
2024-10,northeast,TRN,2024,TRN-CO,2.5T 하이브리드,AWD,선셋 레드,9,9,38976,15612,19,62,88.5
2024-10,northeast,TRN,2024,TRN-CO,2.5T 하이브리드,AWD,포레스트 그린,6,6,24360,9757,12,62,88.5
2024-10,northeast,TRN,2024,TRN-CO,2.5T 하이브리드,AWD,샌드 베이지,6,6,24360,9757,12,62,88.5
2024-10,northeast,TRN,2024,TRN-CO,2.5T 하이브리드,FWD,스노우 화이트,1,1,6154,2465,3,30,88.5
2024-10,northeast,TRN,2024,TRN-CO,2.5T 하이브리드,FWD,미드나잇 블랙,1,1,4872,1951,2,24,88.5
2024-10,northeast,TRN,2024,TRN-CO,2.5T 하이브리드,FWD,스틸 그레이,1,1,4103,1643,2,20,88.5
2024-10,northeast,TRN,2024,TRN-CO,2.5T 하이브리드,FWD,실버,1,1,3334,1335,2,16,88.5
2024-10,northeast,TRN,2024,TRN-CO,2.5T 하이브리드,FWD,오션 블루,1,1,2564,1027,1,12,88.5
2024-10,northeast,TRN,2024,TRN-CO,2.5T 하이브리드,FWD,선셋 레드,0,0,2051,822,1,10,88.5
2024-10,northeast,TRN,2024,TRN-CO,2.5T 하이브리드,FWD,포레스트 그린,0,0,1282,514,1,6,88.5
2024-10,northeast,TRN,2024,TRN-CO,2.5T 하이브리드,FWD,샌드 베이지,0,0,1282,514,1,6,88.5
2024-10,northeast,TRN,2024,TRN-PR,3.5 가솔린,AWD,스노우 화이트,54,54,248439,111426,110,62,88.5
2024-10,northeast,TRN,2024,TRN-PR,3.5 가솔린,AWD,미드나잇 블랙,43,43,196681,88212,87,62,88.5
2024-10,northeast,TRN,2024,TRN-PR,3.5 가솔린,AWD,스틸 그레이,36,36,165626,74284,74,62,88.5
2024-10,northeast,TRN,2024,TRN-PR,3.5 가솔린,AWD,실버,29,29,134571,60356,60,62,88.5
2024-10,northeast,TRN,2024,TRN-PR,3.5 가솔린,AWD,오션 블루,22,22,103516,46427,46,62,88.5
2024-10,northeast,TRN,2024,TRN-PR,3.5 가솔린,AWD,선셋 레드,18,18,82813,37142,37,62,88.5
2024-10,northeast,TRN,2024,TRN-PR,3.5 가솔린,AWD,포레스트 그린,11,11,51758,23214,23,62,88.5
2024-10,northeast,TRN,2024,TRN-PR,3.5 가솔린,AWD,샌드 베이지,11,11,51758,23214,23,62,88.5
2024-10,northeast,TRN,2024,TRN-PR,3.5 가솔린,FWD,스노우 화이트,3,3,13076,5865,6,58,88.5
2024-10,northeast,TRN,2024,TRN-PR,3.5 가솔린,FWD,미드나잇 블랙,2,2,10352,4643,5,46,88.5
2024-10,northeast,TRN,2024,TRN-PR,3.5 가솔린,FWD,스틸 그레이,2,2,8717,3910,4,39,88.5
2024-10,northeast,TRN,2024,TRN-PR,3.5 가솔린,FWD,실버,2,2,7083,3177,3,31,88.5
2024-10,northeast,TRN,2024,TRN-PR,3.5 가솔린,FWD,오션 블루,1,1,5448,2444,2,24,88.5
2024-10,northeast,TRN,2024,TRN-PR,3.5 가솔린,FWD,선셋 레드,1,1,4359,1955,2,19,88.5
2024-10,northeast,TRN,2024,TRN-PR,3.5 가솔린,FWD,포레스트 그린,1,1,2724,1222,1,12,88.5
2024-10,northeast,TRN,2024,TRN-PR,3.5 가솔린,FWD,샌드 베이지,1,1,2724,1222,1,12,88.5
2024-10,northeast,TRN,2024,TRN-PR,2.5T 하이브리드,AWD,스노우 화이트,32,32,147165,66004,65,62,88.5
2024-10,northeast,TRN,2024,TRN-PR,2.5T 하이브리드,AWD,미드나잇 블랙,25,25,116505,52253,52,62,88.5
2024-10,northeast,TRN,2024,TRN-PR,2.5T 하이브리드,AWD,스틸 그레이,21,21,98110,44003,44,62,88.5
2024-10,northeast,TRN,2024,TRN-PR,2.5T 하이브리드,AWD,실버,17,17,79714,35752,35,62,88.5
2024-10,northeast,TRN,2024,TRN-PR,2.5T 하이브리드,AWD,오션 블루,13,13,61319,27502,27,62,88.5
2024-10,northeast,TRN,2024,TRN-PR,2.5T 하이브리드,AWD,선셋 레드,11,11,49055,22001,22,62,88.5
2024-10,northeast,TRN,2024,TRN-PR,2.5T 하이브리드,AWD,포레스트 그린,7,7,30659,13751,14,62,88.5
2024-10,northeast,TRN,2024,TRN-PR,2.5T 하이브리드,AWD,샌드 베이지,7,7,30659,13751,14,62,88.5
2024-10,northeast,TRN,2024,TRN-PR,2.5T 하이브리드,FWD,스노우 화이트,2,2,7746,3474,3,34,88.5
2024-10,northeast,TRN,2024,TRN-PR,2.5T 하이브리드,FWD,미드나잇 블랙,1,1,6132,2750,3,27,88.5
2024-10,northeast,TRN,2024,TRN-PR,2.5T 하이브리드,FWD,스틸 그레이,1,1,5164,2316,2,23,88.5
2024-10,northeast,TRN,2024,TRN-PR,2.5T 하이브리드,FWD,실버,1,1,4195,1882,2,19,88.5
2024-10,northeast,TRN,2024,TRN-PR,2.5T 하이브리드,FWD,오션 블루,1,1,3227,1447,1,14,88.5
2024-10,northeast,TRN,2024,TRN-PR,2.5T 하이브리드,FWD,선셋 레드,1,1,2582,1158,1,11,88.5
2024-10,northeast,TRN,2024,TRN-PR,2.5T 하이브리드,FWD,포레스트 그린,0,0,1614,724,1,7,88.5
2024-10,northeast,TRN,2024,TRN-PR,2.5T 하이브리드,FWD,샌드 베이지,0,0,1614,724,1,7,88.5
2024-10,northeast,TRN,2024,TRN-SU,3.5 가솔린,AWD,스노우 화이트,22,22,115863,59812,45,62,88.5
2024-10,northeast,TRN,2024,TRN-SU,3.5 가솔린,AWD,미드나잇 블랙,17,17,91725,47351,36,62,88.5
2024-10,northeast,TRN,2024,TRN-SU,3.5 가솔린,AWD,스틸 그레이,15,15,77242,39875,30,62,88.5
2024-10,northeast,TRN,2024,TRN-SU,3.5 가솔린,AWD,실버,12,12,62759,32398,24,62,88.5
2024-10,northeast,TRN,2024,TRN-SU,3.5 가솔린,AWD,오션 블루,9,9,48276,24922,19,62,88.5
2024-10,northeast,TRN,2024,TRN-SU,3.5 가솔린,AWD,선셋 레드,7,7,38621,19937,15,62,88.5
2024-10,northeast,TRN,2024,TRN-SU,3.5 가솔린,AWD,포레스트 그린,5,5,24138,12461,9,62,88.5
2024-10,northeast,TRN,2024,TRN-SU,3.5 가솔린,AWD,샌드 베이지,5,5,24138,12461,9,62,88.5
2024-10,northeast,TRN,2024,TRN-SU,3.5 가솔린,FWD,스노우 화이트,1,1,6098,3148,2,24,88.5
2024-10,northeast,TRN,2024,TRN-SU,3.5 가솔린,FWD,미드나잇 블랙,1,1,4828,2492,2,19,88.5
2024-10,northeast,TRN,2024,TRN-SU,3.5 가솔린,FWD,스틸 그레이,1,1,4065,2099,2,16,88.5
2024-10,northeast,TRN,2024,TRN-SU,3.5 가솔린,FWD,실버,1,1,3303,1705,1,13,88.5
2024-10,northeast,TRN,2024,TRN-SU,3.5 가솔린,FWD,오션 블루,0,0,2541,1312,1,10,88.5
2024-10,northeast,TRN,2024,TRN-SU,3.5 가솔린,FWD,선셋 레드,0,0,2033,1049,1,8,88.5
2024-10,northeast,TRN,2024,TRN-SU,2.5T 하이브리드,AWD,스노우 화이트,13,13,68632,35430,27,62,88.5
2024-10,northeast,TRN,2024,TRN-SU,2.5T 하이브리드,AWD,미드나잇 블랙,10,10,54334,28049,21,62,88.5
2024-10,northeast,TRN,2024,TRN-SU,2.5T 하이브리드,AWD,스틸 그레이,9,9,45755,23620,18,62,88.5
2024-10,northeast,TRN,2024,TRN-SU,2.5T 하이브리드,AWD,실버,7,7,37176,19191,14,62,88.5
2024-10,northeast,TRN,2024,TRN-SU,2.5T 하이브리드,AWD,오션 블루,5,5,28597,14763,11,62,88.5
2024-10,northeast,TRN,2024,TRN-SU,2.5T 하이브리드,AWD,선셋 레드,4,4,22877,11810,9,62,88.5
2024-10,northeast,TRN,2024,TRN-SU,2.5T 하이브리드,AWD,포레스트 그린,3,3,14298,7381,6,56,88.5
2024-10,northeast,TRN,2024,TRN-SU,2.5T 하이브리드,AWD,샌드 베이지,3,3,14298,7381,6,56,88.5
2024-10,northeast,TRN,2024,TRN-SU,2.5T 하이브리드,FWD,스노우 화이트,1,1,3612,1865,1,14,88.5
2024-10,northeast,TRN,2024,TRN-SU,2.5T 하이브리드,FWD,미드나잇 블랙,1,1,2860,1476,1,11,88.5
2024-10,northeast,TRN,2024,TRN-SU,2.5T 하이브리드,FWD,스틸 그레이,0,0,2408,1243,1,9,88.5
2024-10,northeast,TRN,2024,TRN-SU,2.5T 하이브리드,FWD,실버,0,0,1957,1010,1,8,88.5
2024-10,northeast,TRN,2024,TRN-SU,2.5T 하이브리드,FWD,오션 블루,0,0,1505,777,1,6,88.5
2024-10,northeast,TRN,2025,TRN-CO,3.5 가솔린,AWD,스노우 화이트,87,86,366593,146838,177,62,88.5
2024-10,northeast,TRN,2025,TRN-CO,3.5 가솔린,AWD,미드나잇 블랙,68,68,290220,116247,140,62,88.5
2024-10,northeast,TRN,2025,TRN-CO,3.5 가솔린,AWD,스틸 그레이,58,57,244395,97892,118,62,88.5
2024-10,northeast,TRN,2025,TRN-CO,3.5 가솔린,AWD,실버,47,47,198571,79537,96,62,88.5
2024-10,northeast,TRN,2025,TRN-CO,3.5 가솔린,AWD,오션 블루,36,36,152747,61182,74,62,88.5
2024-10,northeast,TRN,2025,TRN-CO,3.5 가솔린,AWD,선셋 레드,29,29,122198,48946,59,62,88.5
2024-10,northeast,TRN,2025,TRN-CO,3.5 가솔린,AWD,포레스트 그린,18,18,76374,30591,37,62,88.5
2024-10,northeast,TRN,2025,TRN-CO,3.5 가솔린,AWD,샌드 베이지,18,18,76374,30591,37,62,88.5
2024-10,northeast,TRN,2025,TRN-CO,3.5 가솔린,FWD,스노우 화이트,5,5,19294,7728,9,62,88.5
2024-10,northeast,TRN,2025,TRN-CO,3.5 가솔린,FWD,미드나잇 블랙,4,4,15275,6118,7,62,88.5
2024-10,northeast,TRN,2025,TRN-CO,3.5 가솔린,FWD,스틸 그레이,3,3,12863,5152,6,62,88.5
2024-10,northeast,TRN,2025,TRN-CO,3.5 가솔린,FWD,실버,2,2,10451,4186,5,50,88.5
2024-10,northeast,TRN,2025,TRN-CO,3.5 가솔린,FWD,오션 블루,2,2,8039,3220,4,39,88.5
2024-10,northeast,TRN,2025,TRN-CO,3.5 가솔린,FWD,선셋 레드,2,2,6431,2576,3,31,88.5
2024-10,northeast,TRN,2025,TRN-CO,3.5 가솔린,FWD,포레스트 그린,1,1,4020,1610,2,19,88.5
2024-10,northeast,TRN,2025,TRN-CO,3.5 가솔린,FWD,샌드 베이지,1,1,4020,1610,2,19,88.5
2024-10,northeast,TRN,2025,TRN-CO,2.5T 하이브리드,AWD,스노우 화이트,51,51,217154,86980,105,62,88.5
2024-10,northeast,TRN,2025,TRN-CO,2.5T 하이브리드,AWD,미드나잇 블랙,41,40,171914,68860,83,62,88.5
2024-10,northeast,TRN,2025,TRN-CO,2.5T 하이브리드,AWD,스틸 그레이,34,34,144769,57987,70,62,88.5
2024-10,northeast,TRN,2025,TRN-CO,2.5T 하이브리드,AWD,실버,28,28,117625,47114,57,62,88.5
2024-10,northeast,TRN,2025,TRN-CO,2.5T 하이브리드,AWD,오션 블루,21,21,90481,36242,44,62,88.5
2024-10,northeast,TRN,2025,TRN-CO,2.5T 하이브리드,AWD,선셋 레드,17,17,72385,28993,35,62,88.5
2024-10,northeast,TRN,2025,TRN-CO,2.5T 하이브리드,AWD,포레스트 그린,11,11,45240,18121,22,62,88.5
2024-10,northeast,TRN,2025,TRN-CO,2.5T 하이브리드,AWD,샌드 베이지,11,11,45240,18121,22,62,88.5
2024-10,northeast,TRN,2025,TRN-CO,2.5T 하이브리드,FWD,스노우 화이트,3,3,11429,4578,6,55,88.5
2024-10,northeast,TRN,2025,TRN-CO,2.5T 하이브리드,FWD,미드나잇 블랙,2,2,9048,3624,4,44,88.5
2024-10,northeast,TRN,2025,TRN-CO,2.5T 하이브리드,FWD,스틸 그레이,2,2,7619,3052,4,37,88.5
2024-10,northeast,TRN,2025,TRN-CO,2.5T 하이브리드,FWD,실버,1,1,6191,2480,3,30,88.5
2024-10,northeast,TRN,2025,TRN-CO,2.5T 하이브리드,FWD,오션 블루,1,1,4762,1907,2,23,88.5
2024-10,northeast,TRN,2025,TRN-CO,2.5T 하이브리드,FWD,선셋 레드,1,1,3810,1526,2,18,88.5
2024-10,northeast,TRN,2025,TRN-CO,2.5T 하이브리드,FWD,포레스트 그린,1,1,2381,954,1,11,88.5
2024-10,northeast,TRN,2025,TRN-CO,2.5T 하이브리드,FWD,샌드 베이지,1,1,2381,954,1,11,88.5
2024-10,northeast,TRN,2025,TRN-PR,3.5 가솔린,AWD,스노우 화이트,100,100,461387,206934,205,62,88.5
2024-10,northeast,TRN,2025,TRN-PR,3.5 가솔린,AWD,미드나잇 블랙,79,79,365265,163823,162,62,88.5
2024-10,northeast,TRN,2025,TRN-PR,3.5 가솔린,AWD,스틸 그레이,67,67,307592,137956,137,62,88.5
2024-10,northeast,TRN,2025,TRN-PR,3.5 가솔린,AWD,실버,54,54,249918,112089,111,62,88.5
2024-10,northeast,TRN,2025,TRN-PR,3.5 가솔린,AWD,오션 블루,42,42,192245,86222,85,62,88.5
2024-10,northeast,TRN,2025,TRN-PR,3.5 가솔린,AWD,선셋 레드,33,33,153796,68978,68,62,88.5
2024-10,northeast,TRN,2025,TRN-PR,3.5 가솔린,AWD,포레스트 그린,21,21,96122,43111,43,62,88.5
2024-10,northeast,TRN,2025,TRN-PR,3.5 가솔린,AWD,샌드 베이지,21,21,96122,43111,43,62,88.5
2024-10,northeast,TRN,2025,TRN-PR,3.5 가솔린,FWD,스노우 화이트,5,5,24284,10891,11,62,88.5
2024-10,northeast,TRN,2025,TRN-PR,3.5 가솔린,FWD,미드나잇 블랙,4,4,19224,8622,9,62,88.5
2024-10,northeast,TRN,2025,TRN-PR,3.5 가솔린,FWD,스틸 그레이,4,4,16189,7261,7,62,88.5
2024-10,northeast,TRN,2025,TRN-PR,3.5 가솔린,FWD,실버,3,3,13154,5899,6,58,88.5
2024-10,northeast,TRN,2025,TRN-PR,3.5 가솔린,FWD,오션 블루,2,2,10118,4538,4,45,88.5
2024-10,northeast,TRN,2025,TRN-PR,3.5 가솔린,FWD,선셋 레드,2,2,8095,3630,4,36,88.5
2024-10,northeast,TRN,2025,TRN-PR,3.5 가솔린,FWD,포레스트 그린,1,1,5059,2269,2,22,88.5
2024-10,northeast,TRN,2025,TRN-PR,3.5 가솔린,FWD,샌드 베이지,1,1,5059,2269,2,22,88.5
2024-10,northeast,TRN,2025,TRN-PR,2.5T 하이브리드,AWD,스노우 화이트,59,59,273306,122579,121,62,88.5
2024-10,northeast,TRN,2025,TRN-PR,2.5T 하이브리드,AWD,미드나잇 블랙,47,47,216367,97041,96,62,88.5
2024-10,northeast,TRN,2025,TRN-PR,2.5T 하이브리드,AWD,스틸 그레이,40,39,182204,81719,81,62,88.5
2024-10,northeast,TRN,2025,TRN-PR,2.5T 하이브리드,AWD,실버,32,32,148041,66397,66,62,88.5
2024-10,northeast,TRN,2025,TRN-PR,2.5T 하이브리드,AWD,오션 블루,25,25,113877,51074,51,62,88.5
2024-10,northeast,TRN,2025,TRN-PR,2.5T 하이브리드,AWD,선셋 레드,20,20,91102,40860,40,62,88.5
2024-10,northeast,TRN,2025,TRN-PR,2.5T 하이브리드,AWD,포레스트 그린,12,12,56939,25537,25,62,88.5
2024-10,northeast,TRN,2025,TRN-PR,2.5T 하이브리드,AWD,샌드 베이지,12,12,56939,25537,25,62,88.5
2024-10,northeast,TRN,2025,TRN-PR,2.5T 하이브리드,FWD,스노우 화이트,3,3,14385,6452,6,62,88.5
2024-10,northeast,TRN,2025,TRN-PR,2.5T 하이브리드,FWD,미드나잇 블랙,2,2,11388,5107,5,51,88.5
2024-10,northeast,TRN,2025,TRN-PR,2.5T 하이브리드,FWD,스틸 그레이,2,2,9590,4301,4,43,88.5
2024-10,northeast,TRN,2025,TRN-PR,2.5T 하이브리드,FWD,실버,2,2,7792,3495,3,35,88.5
2024-10,northeast,TRN,2025,TRN-PR,2.5T 하이브리드,FWD,오션 블루,1,1,5994,2688,3,27,88.5
2024-10,northeast,TRN,2025,TRN-PR,2.5T 하이브리드,FWD,선셋 레드,1,1,4795,2151,2,21,88.5
2024-10,northeast,TRN,2025,TRN-PR,2.5T 하이브리드,FWD,포레스트 그린,1,1,2997,1344,1,13,88.5
2024-10,northeast,TRN,2025,TRN-PR,2.5T 하이브리드,FWD,샌드 베이지,1,1,2997,1344,1,13,88.5
2024-10,northeast,TRN,2025,TRN-SU,3.5 가솔린,AWD,스노우 화이트,41,41,215174,111080,84,62,88.5
2024-10,northeast,TRN,2025,TRN-SU,3.5 가솔린,AWD,미드나잇 블랙,32,32,170346,87938,66,62,88.5
2024-10,northeast,TRN,2025,TRN-SU,3.5 가솔린,AWD,스틸 그레이,27,27,143450,74053,56,62,88.5
2024-10,northeast,TRN,2025,TRN-SU,3.5 가솔린,AWD,실버,22,22,116553,60168,45,62,88.5
2024-10,northeast,TRN,2025,TRN-SU,3.5 가솔린,AWD,오션 블루,17,17,89656,46283,35,62,88.5
2024-10,northeast,TRN,2025,TRN-SU,3.5 가솔린,AWD,선셋 레드,14,14,71725,37027,28,62,88.5
2024-10,northeast,TRN,2025,TRN-SU,3.5 가솔린,AWD,포레스트 그린,9,9,44828,23142,17,62,88.5
2024-10,northeast,TRN,2025,TRN-SU,3.5 가솔린,AWD,샌드 베이지,9,9,44828,23142,17,62,88.5
2024-10,northeast,TRN,2025,TRN-SU,3.5 가솔린,FWD,스노우 화이트,2,2,11325,5846,4,44,88.5
2024-10,northeast,TRN,2025,TRN-SU,3.5 가솔린,FWD,미드나잇 블랙,2,2,8966,4628,3,35,88.5
2024-10,northeast,TRN,2025,TRN-SU,3.5 가솔린,FWD,스틸 그레이,1,1,7550,3898,3,29,88.5
2024-10,northeast,TRN,2025,TRN-SU,3.5 가솔린,FWD,실버,1,1,6134,3167,2,24,88.5
2024-10,northeast,TRN,2025,TRN-SU,3.5 가솔린,FWD,오션 블루,1,1,4719,2436,2,18,88.5
2024-10,northeast,TRN,2025,TRN-SU,3.5 가솔린,FWD,선셋 레드,1,1,3775,1949,1,15,88.5
2024-10,northeast,TRN,2025,TRN-SU,3.5 가솔린,FWD,포레스트 그린,0,0,2359,1218,1,9,88.5
2024-10,northeast,TRN,2025,TRN-SU,3.5 가솔린,FWD,샌드 베이지,0,0,2359,1218,1,9,88.5
2024-10,northeast,TRN,2025,TRN-SU,2.5T 하이브리드,AWD,스노우 화이트,24,24,127460,65799,50,62,88.5
2024-10,northeast,TRN,2025,TRN-SU,2.5T 하이브리드,AWD,미드나잇 블랙,19,19,100906,52091,39,62,88.5
2024-10,northeast,TRN,2025,TRN-SU,2.5T 하이브리드,AWD,스틸 그레이,16,16,84973,43866,33,62,88.5
2024-10,northeast,TRN,2025,TRN-SU,2.5T 하이브리드,AWD,실버,13,13,69041,35641,27,62,88.5
2024-10,northeast,TRN,2025,TRN-SU,2.5T 하이브리드,AWD,오션 블루,10,10,53108,27416,21,62,88.5
2024-10,northeast,TRN,2025,TRN-SU,2.5T 하이브리드,AWD,선셋 레드,8,8,42487,21933,17,62,88.5
2024-10,northeast,TRN,2025,TRN-SU,2.5T 하이브리드,AWD,포레스트 그린,5,5,26554,13708,10,62,88.5
2024-10,northeast,TRN,2025,TRN-SU,2.5T 하이브리드,AWD,샌드 베이지,5,5,26554,13708,10,62,88.5
2024-10,northeast,TRN,2025,TRN-SU,2.5T 하이브리드,FWD,스노우 화이트,1,1,6708,3463,3,26,88.5
2024-10,northeast,TRN,2025,TRN-SU,2.5T 하이브리드,FWD,미드나잇 블랙,1,1,5311,2742,2,21,88.5
2024-10,northeast,TRN,2025,TRN-SU,2.5T 하이브리드,FWD,스틸 그레이,1,1,4472,2309,2,17,88.5
2024-10,northeast,TRN,2025,TRN-SU,2.5T 하이브리드,FWD,실버,1,1,3634,1876,1,14,88.5
2024-10,northeast,TRN,2025,TRN-SU,2.5T 하이브리드,FWD,오션 블루,1,1,2795,1443,1,11,88.5
2024-10,northeast,TRN,2025,TRN-SU,2.5T 하이브리드,FWD,선셋 레드,0,0,2236,1154,1,9,88.5
2024-10,northeast,TRN,2025,TRN-SU,2.5T 하이브리드,FWD,포레스트 그린,0,0,1398,721,1,5,88.5
2024-10,northeast,TRN,2025,TRN-SU,2.5T 하이브리드,FWD,샌드 베이지,0,0,1398,721,1,5,88.5
2024-10,southeast,TRN,2024,TRN-CO,3.5 가솔린,AWD,스노우 화이트,33,33,140255,56179,68,62,88.5
2024-10,southeast,TRN,2024,TRN-CO,3.5 가솔린,AWD,미드나잇 블랙,26,26,111035,44475,54,62,88.5
2024-10,southeast,TRN,2024,TRN-CO,3.5 가솔린,AWD,스틸 그레이,22,22,93504,37453,45,62,88.5
2024-10,southeast,TRN,2024,TRN-CO,3.5 가솔린,AWD,실버,18,18,75972,30430,37,62,88.5
2024-10,southeast,TRN,2024,TRN-CO,3.5 가솔린,AWD,오션 블루,14,14,58440,23408,28,62,88.5
2024-10,southeast,TRN,2024,TRN-CO,3.5 가솔린,AWD,선셋 레드,11,11,46752,18726,23,62,88.5
2024-10,southeast,TRN,2024,TRN-CO,3.5 가솔린,AWD,포레스트 그린,7,7,29220,11704,14,62,88.5
2024-10,southeast,TRN,2024,TRN-CO,3.5 가솔린,AWD,샌드 베이지,7,7,29220,11704,14,62,88.5
2024-10,southeast,TRN,2024,TRN-CO,3.5 가솔린,FWD,스노우 화이트,19,19,79753,31945,39,62,88.5
2024-10,southeast,TRN,2024,TRN-CO,3.5 가솔린,FWD,미드나잇 블랙,15,15,63138,25290,30,62,88.5
2024-10,southeast,TRN,2024,TRN-CO,3.5 가솔린,FWD,스틸 그레이,13,12,53169,21297,26,62,88.5
2024-10,southeast,TRN,2024,TRN-CO,3.5 가솔린,FWD,실버,10,10,43200,17303,21,62,88.5
2024-10,southeast,TRN,2024,TRN-CO,3.5 가솔린,FWD,오션 블루,8,8,33230,13310,16,62,88.5
2024-10,southeast,TRN,2024,TRN-CO,3.5 가솔린,FWD,선셋 레드,6,6,26584,10648,13,62,88.5
2024-10,southeast,TRN,2024,TRN-CO,3.5 가솔린,FWD,포레스트 그린,4,4,16615,6655,8,62,88.5
2024-10,southeast,TRN,2024,TRN-CO,3.5 가솔린,FWD,샌드 베이지,4,4,16615,6655,8,62,88.5
2024-10,southeast,TRN,2024,TRN-CO,2.5T 하이브리드,AWD,스노우 화이트,20,20,83081,33278,40,62,88.5
2024-10,southeast,TRN,2024,TRN-CO,2.5T 하이브리드,AWD,미드나잇 블랙,16,15,65773,26345,32,62,88.5
2024-10,southeast,TRN,2024,TRN-CO,2.5T 하이브리드,AWD,스틸 그레이,13,13,55387,22185,27,62,88.5
2024-10,southeast,TRN,2024,TRN-CO,2.5T 하이브리드,AWD,실버,11,11,45002,18026,22,62,88.5
2024-10,southeast,TRN,2024,TRN-CO,2.5T 하이브리드,AWD,오션 블루,8,8,34617,13866,17,62,88.5
2024-10,southeast,TRN,2024,TRN-CO,2.5T 하이브리드,AWD,선셋 레드,7,7,27694,11093,13,62,88.5
2024-10,southeast,TRN,2024,TRN-CO,2.5T 하이브리드,AWD,포레스트 그린,4,4,17309,6933,8,62,88.5
2024-10,southeast,TRN,2024,TRN-CO,2.5T 하이브리드,AWD,샌드 베이지,4,4,17309,6933,8,62,88.5
2024-10,southeast,TRN,2024,TRN-CO,2.5T 하이브리드,FWD,스노우 화이트,11,11,47242,18923,23,62,88.5
2024-10,southeast,TRN,2024,TRN-CO,2.5T 하이브리드,FWD,미드나잇 블랙,9,9,37400,14981,18,62,88.5
2024-10,southeast,TRN,2024,TRN-CO,2.5T 하이브리드,FWD,스틸 그레이,7,7,31495,12615,15,62,88.5
2024-10,southeast,TRN,2024,TRN-CO,2.5T 하이브리드,FWD,실버,6,6,25590,10250,12,62,88.5
2024-10,southeast,TRN,2024,TRN-CO,2.5T 하이브리드,FWD,오션 블루,5,5,19684,7884,10,62,88.5
2024-10,southeast,TRN,2024,TRN-CO,2.5T 하이브리드,FWD,선셋 레드,4,4,15747,6308,8,62,88.5
2024-10,southeast,TRN,2024,TRN-CO,2.5T 하이브리드,FWD,포레스트 그린,2,2,9842,3942,5,48,88.5
2024-10,southeast,TRN,2024,TRN-CO,2.5T 하이브리드,FWD,샌드 베이지,2,2,9842,3942,5,48,88.5
2024-10,southeast,TRN,2024,TRN-PR,3.5 가솔린,AWD,스노우 화이트,38,38,176523,79171,78,62,88.5
2024-10,southeast,TRN,2024,TRN-PR,3.5 가솔린,AWD,미드나잇 블랙,30,30,139747,62677,62,62,88.5
2024-10,southeast,TRN,2024,TRN-PR,3.5 가솔린,AWD,스틸 그레이,26,25,117682,52781,52,62,88.5
2024-10,southeast,TRN,2024,TRN-PR,3.5 가솔린,AWD,실버,21,21,95616,42884,42,62,88.5
2024-10,southeast,TRN,2024,TRN-PR,3.5 가솔린,AWD,오션 블루,16,16,73551,32988,33,62,88.5
2024-10,southeast,TRN,2024,TRN-PR,3.5 가솔린,AWD,선셋 레드,13,13,58841,26390,26,62,88.5
2024-10,southeast,TRN,2024,TRN-PR,3.5 가솔린,AWD,포레스트 그린,8,8,36776,16494,16,62,88.5
2024-10,southeast,TRN,2024,TRN-PR,3.5 가솔린,AWD,샌드 베이지,8,8,36776,16494,16,62,88.5
2024-10,southeast,TRN,2024,TRN-PR,3.5 가솔린,FWD,스노우 화이트,22,22,100376,45019,45,62,88.5
2024-10,southeast,TRN,2024,TRN-PR,3.5 가솔린,FWD,미드나잇 블랙,17,17,79464,35640,35,62,88.5
2024-10,southeast,TRN,2024,TRN-PR,3.5 가솔린,FWD,스틸 그레이,15,14,66917,30013,30,62,88.5
2024-10,southeast,TRN,2024,TRN-PR,3.5 가솔린,FWD,실버,12,12,54370,24385,24,62,88.5
2024-10,southeast,TRN,2024,TRN-PR,3.5 가솔린,FWD,오션 블루,9,9,41823,18758,19,62,88.5
2024-10,southeast,TRN,2024,TRN-PR,3.5 가솔린,FWD,선셋 레드,7,7,33459,15006,15,62,88.5
2024-10,southeast,TRN,2024,TRN-PR,3.5 가솔린,FWD,포레스트 그린,5,5,20912,9379,9,62,88.5
2024-10,southeast,TRN,2024,TRN-PR,3.5 가솔린,FWD,샌드 베이지,5,5,20912,9379,9,62,88.5
2024-10,southeast,TRN,2024,TRN-PR,2.5T 하이브리드,AWD,스노우 화이트,23,23,104564,46898,46,62,88.5
2024-10,southeast,TRN,2024,TRN-PR,2.5T 하이브리드,AWD,미드나잇 블랙,18,18,82780,37127,37,62,88.5
2024-10,southeast,TRN,2024,TRN-PR,2.5T 하이브리드,AWD,스틸 그레이,15,15,69710,31265,31,62,88.5
2024-10,southeast,TRN,2024,TRN-PR,2.5T 하이브리드,AWD,실버,12,12,56639,25403,25,62,88.5
2024-10,southeast,TRN,2024,TRN-PR,2.5T 하이브리드,AWD,오션 블루,9,9,43569,19541,19,62,88.5
2024-10,southeast,TRN,2024,TRN-PR,2.5T 하이브리드,AWD,선셋 레드,8,8,34855,15633,15,62,88.5
2024-10,southeast,TRN,2024,TRN-PR,2.5T 하이브리드,AWD,포레스트 그린,5,5,21784,9770,10,62,88.5
2024-10,southeast,TRN,2024,TRN-PR,2.5T 하이브리드,AWD,샌드 베이지,5,5,21784,9770,10,62,88.5
2024-10,southeast,TRN,2024,TRN-PR,2.5T 하이브리드,FWD,스노우 화이트,13,13,59458,26667,26,62,88.5
2024-10,southeast,TRN,2024,TRN-PR,2.5T 하이브리드,FWD,미드나잇 블랙,10,10,47071,21112,21,62,88.5
2024-10,southeast,TRN,2024,TRN-PR,2.5T 하이브리드,FWD,스틸 그레이,9,9,39639,17778,18,62,88.5
2024-10,southeast,TRN,2024,TRN-PR,2.5T 하이브리드,FWD,실버,7,7,32207,14445,14,62,88.5
2024-10,southeast,TRN,2024,TRN-PR,2.5T 하이브리드,FWD,오션 블루,5,5,24774,11111,11,62,88.5
2024-10,southeast,TRN,2024,TRN-PR,2.5T 하이브리드,FWD,선셋 레드,4,4,19819,8889,9,62,88.5
2024-10,southeast,TRN,2024,TRN-PR,2.5T 하이브리드,FWD,포레스트 그린,3,3,12387,5556,6,55,88.5
2024-10,southeast,TRN,2024,TRN-PR,2.5T 하이브리드,FWD,샌드 베이지,3,3,12387,5556,6,55,88.5
2024-10,southeast,TRN,2024,TRN-SU,3.5 가솔린,AWD,스노우 화이트,16,16,82324,42498,32,62,88.5
2024-10,southeast,TRN,2024,TRN-SU,3.5 가솔린,AWD,미드나잇 블랙,12,12,65173,33644,25,62,88.5
2024-10,southeast,TRN,2024,TRN-SU,3.5 가솔린,AWD,스틸 그레이,10,10,54883,28332,21,62,88.5
2024-10,southeast,TRN,2024,TRN-SU,3.5 가솔린,AWD,실버,8,8,44592,23020,17,62,88.5
2024-10,southeast,TRN,2024,TRN-SU,3.5 가솔린,AWD,오션 블루,7,7,34302,17708,13,62,88.5
2024-10,southeast,TRN,2024,TRN-SU,3.5 가솔린,AWD,선셋 레드,5,5,27441,14166,11,62,88.5
2024-10,southeast,TRN,2024,TRN-SU,3.5 가솔린,AWD,포레스트 그린,3,3,17151,8854,7,62,88.5
2024-10,southeast,TRN,2024,TRN-SU,3.5 가솔린,AWD,샌드 베이지,3,3,17151,8854,7,62,88.5
2024-10,southeast,TRN,2024,TRN-SU,3.5 가솔린,FWD,스노우 화이트,9,9,46812,24166,18,62,88.5
2024-10,southeast,TRN,2024,TRN-SU,3.5 가솔린,FWD,미드나잇 블랙,7,7,37059,19131,14,62,88.5
2024-10,southeast,TRN,2024,TRN-SU,3.5 가솔린,FWD,스틸 그레이,6,6,31208,16110,12,62,88.5
2024-10,southeast,TRN,2024,TRN-SU,3.5 가솔린,FWD,실버,5,5,25356,13090,10,62,88.5
2024-10,southeast,TRN,2024,TRN-SU,3.5 가솔린,FWD,오션 블루,4,4,19505,10069,8,62,88.5
2024-10,southeast,TRN,2024,TRN-SU,3.5 가솔린,FWD,선셋 레드,3,3,15604,8055,6,61,88.5
2024-10,southeast,TRN,2024,TRN-SU,3.5 가솔린,FWD,포레스트 그린,2,2,9752,5034,4,38,88.5
2024-10,southeast,TRN,2024,TRN-SU,3.5 가솔린,FWD,샌드 베이지,2,2,9752,5034,4,38,88.5
2024-10,southeast,TRN,2024,TRN-SU,2.5T 하이브리드,AWD,스노우 화이트,9,9,48765,25174,19,62,88.5
2024-10,southeast,TRN,2024,TRN-SU,2.5T 하이브리드,AWD,미드나잇 블랙,7,7,38606,19929,15,62,88.5
2024-10,southeast,TRN,2024,TRN-SU,2.5T 하이브리드,AWD,스틸 그레이,6,6,32510,16783,13,62,88.5
2024-10,southeast,TRN,2024,TRN-SU,2.5T 하이브리드,AWD,실버,5,5,26414,13636,10,62,88.5
2024-10,southeast,TRN,2024,TRN-SU,2.5T 하이브리드,AWD,오션 블루,4,4,20319,10489,8,62,88.5
2024-10,southeast,TRN,2024,TRN-SU,2.5T 하이브리드,AWD,선셋 레드,3,3,16255,8391,6,62,88.5
2024-10,southeast,TRN,2024,TRN-SU,2.5T 하이브리드,AWD,포레스트 그린,2,2,10159,5245,4,40,88.5
2024-10,southeast,TRN,2024,TRN-SU,2.5T 하이브리드,AWD,샌드 베이지,2,2,10159,5245,4,40,88.5
2024-10,southeast,TRN,2024,TRN-SU,2.5T 하이브리드,FWD,스노우 화이트,5,5,27729,14315,11,62,88.5
2024-10,southeast,TRN,2024,TRN-SU,2.5T 하이브리드,FWD,미드나잇 블랙,4,4,21952,11332,9,62,88.5
2024-10,southeast,TRN,2024,TRN-SU,2.5T 하이브리드,FWD,스틸 그레이,4,4,18486,9543,7,62,88.5
2024-10,southeast,TRN,2024,TRN-SU,2.5T 하이브리드,FWD,실버,3,3,15020,7754,6,59,88.5
2024-10,southeast,TRN,2024,TRN-SU,2.5T 하이브리드,FWD,오션 블루,2,2,11554,5964,5,45,88.5
2024-10,southeast,TRN,2024,TRN-SU,2.5T 하이브리드,FWD,선셋 레드,2,2,9243,4772,4,36,88.5
2024-10,southeast,TRN,2024,TRN-SU,2.5T 하이브리드,FWD,포레스트 그린,1,1,5777,2982,2,23,88.5
2024-10,southeast,TRN,2024,TRN-SU,2.5T 하이브리드,FWD,샌드 베이지,1,1,5777,2982,2,23,88.5
2024-10,southeast,TRN,2025,TRN-CO,3.5 가솔린,AWD,스노우 화이트,61,61,260474,104332,126,62,88.5
2024-10,southeast,TRN,2025,TRN-CO,3.5 가솔린,AWD,미드나잇 블랙,49,48,206209,82596,100,62,88.5
2024-10,southeast,TRN,2025,TRN-CO,3.5 가솔린,AWD,스틸 그레이,41,41,173649,69555,84,62,88.5
2024-10,southeast,TRN,2025,TRN-CO,3.5 가솔린,AWD,실버,33,33,141090,56513,68,62,88.5
2024-10,southeast,TRN,2025,TRN-CO,3.5 가솔린,AWD,오션 블루,26,26,108531,43472,52,62,88.5
2024-10,southeast,TRN,2025,TRN-CO,3.5 가솔린,AWD,선셋 레드,20,20,86825,34777,42,62,88.5
2024-10,southeast,TRN,2025,TRN-CO,3.5 가솔린,AWD,포레스트 그린,13,13,54265,21736,26,62,88.5
2024-10,southeast,TRN,2025,TRN-CO,3.5 가솔린,AWD,샌드 베이지,13,13,54265,21736,26,62,88.5
2024-10,southeast,TRN,2025,TRN-CO,3.5 가솔린,FWD,스노우 화이트,35,35,148113,59326,72,62,88.5
2024-10,southeast,TRN,2025,TRN-CO,3.5 가솔린,FWD,미드나잇 블랙,28,28,117256,46967,57,62,88.5
2024-10,southeast,TRN,2025,TRN-CO,3.5 가솔린,FWD,스틸 그레이,23,23,98742,39551,48,62,88.5
2024-10,southeast,TRN,2025,TRN-CO,3.5 가솔린,FWD,실버,19,19,80228,32135,39,62,88.5
2024-10,southeast,TRN,2025,TRN-CO,3.5 가솔린,FWD,오션 블루,15,15,61714,24719,30,62,88.5
2024-10,southeast,TRN,2025,TRN-CO,3.5 가솔린,FWD,선셋 레드,12,12,49371,19775,24,62,88.5
2024-10,southeast,TRN,2025,TRN-CO,3.5 가솔린,FWD,포레스트 그린,7,7,30857,12360,15,62,88.5
2024-10,southeast,TRN,2025,TRN-CO,3.5 가솔린,FWD,샌드 베이지,7,7,30857,12360,15,62,88.5
2024-10,southeast,TRN,2025,TRN-CO,2.5T 하이브리드,AWD,스노우 화이트,36,36,154294,61802,75,62,88.5
2024-10,southeast,TRN,2025,TRN-CO,2.5T 하이브리드,AWD,미드나잇 블랙,29,29,122149,48927,59,62,88.5
2024-10,southeast,TRN,2025,TRN-CO,2.5T 하이브리드,AWD,스틸 그레이,24,24,102862,41201,50,62,88.5
2024-10,southeast,TRN,2025,TRN-CO,2.5T 하이브리드,AWD,실버,20,20,83576,33476,40,62,88.5
2024-10,southeast,TRN,2025,TRN-CO,2.5T 하이브리드,AWD,오션 블루,15,15,64289,25751,31,62,88.5
2024-10,southeast,TRN,2025,TRN-CO,2.5T 하이브리드,AWD,선셋 레드,12,12,51431,20601,25,62,88.5
2024-10,southeast,TRN,2025,TRN-CO,2.5T 하이브리드,AWD,포레스트 그린,8,8,32145,12875,16,62,88.5
2024-10,southeast,TRN,2025,TRN-CO,2.5T 하이브리드,AWD,샌드 베이지,8,8,32145,12875,16,62,88.5
2024-10,southeast,TRN,2025,TRN-CO,2.5T 하이브리드,FWD,스노우 화이트,21,21,87736,35142,42,62,88.5
2024-10,southeast,TRN,2025,TRN-CO,2.5T 하이브리드,FWD,미드나잇 블랙,16,16,69457,27821,34,62,88.5
2024-10,southeast,TRN,2025,TRN-CO,2.5T 하이브리드,FWD,스틸 그레이,14,14,58490,23428,28,62,88.5
2024-10,southeast,TRN,2025,TRN-CO,2.5T 하이브리드,FWD,실버,11,11,47523,19035,23,62,88.5
2024-10,southeast,TRN,2025,TRN-CO,2.5T 하이브리드,FWD,오션 블루,9,9,36556,14643,18,62,88.5
2024-10,southeast,TRN,2025,TRN-CO,2.5T 하이브리드,FWD,선셋 레드,7,7,29245,11714,14,62,88.5
2024-10,southeast,TRN,2025,TRN-CO,2.5T 하이브리드,FWD,포레스트 그린,4,4,18278,7321,9,62,88.5
2024-10,southeast,TRN,2025,TRN-CO,2.5T 하이브리드,FWD,샌드 베이지,4,4,18278,7321,9,62,88.5
2024-10,southeast,TRN,2025,TRN-PR,3.5 가솔린,AWD,스노우 화이트,71,71,327828,147032,146,62,88.5
2024-10,southeast,TRN,2025,TRN-PR,3.5 가솔린,AWD,미드나잇 블랙,56,56,259530,116400,115,62,88.5
2024-10,southeast,TRN,2025,TRN-PR,3.5 가솔린,AWD,스틸 그레이,47,47,218552,98021,97,62,88.5
2024-10,southeast,TRN,2025,TRN-PR,3.5 가솔린,AWD,실버,39,38,177573,79642,79,62,88.5
2024-10,southeast,TRN,2025,TRN-PR,3.5 가솔린,AWD,오션 블루,30,30,136595,61263,61,62,88.5
2024-10,southeast,TRN,2025,TRN-PR,3.5 가솔린,AWD,선셋 레드,24,24,109276,49011,49,62,88.5
2024-10,southeast,TRN,2025,TRN-PR,3.5 가솔린,AWD,포레스트 그린,15,15,68297,30632,30,62,88.5
2024-10,southeast,TRN,2025,TRN-PR,3.5 가솔린,AWD,샌드 베이지,15,15,68297,30632,30,62,88.5
2024-10,southeast,TRN,2025,TRN-PR,3.5 가솔린,FWD,스노우 화이트,40,40,186412,83606,83,62,88.5
2024-10,southeast,TRN,2025,TRN-PR,3.5 가솔린,FWD,미드나잇 블랙,32,32,147576,66188,66,62,88.5
2024-10,southeast,TRN,2025,TRN-PR,3.5 가솔린,FWD,스틸 그레이,27,27,124275,55738,55,62,88.5
2024-10,southeast,TRN,2025,TRN-PR,3.5 가솔린,FWD,실버,22,22,100973,45287,45,62,88.5
2024-10,southeast,TRN,2025,TRN-PR,3.5 가솔린,FWD,오션 블루,17,17,77672,34836,35,62,88.5
2024-10,southeast,TRN,2025,TRN-PR,3.5 가솔린,FWD,선셋 레드,13,13,62137,27869,28,62,88.5
2024-10,southeast,TRN,2025,TRN-PR,3.5 가솔린,FWD,포레스트 그린,8,8,38836,17418,17,62,88.5
2024-10,southeast,TRN,2025,TRN-PR,3.5 가솔린,FWD,샌드 베이지,8,8,38836,17418,17,62,88.5
2024-10,southeast,TRN,2025,TRN-PR,2.5T 하이브리드,AWD,스노우 화이트,42,42,194191,87095,86,62,88.5
2024-10,southeast,TRN,2025,TRN-PR,2.5T 하이브리드,AWD,미드나잇 블랙,33,33,153735,68951,68,62,88.5
2024-10,southeast,TRN,2025,TRN-PR,2.5T 하이브리드,AWD,스틸 그레이,28,28,129461,58064,58,62,88.5
2024-10,southeast,TRN,2025,TRN-PR,2.5T 하이브리드,AWD,실버,23,23,105187,47177,47,62,88.5
2024-10,southeast,TRN,2025,TRN-PR,2.5T 하이브리드,AWD,오션 블루,18,17,80913,36290,36,62,88.5
2024-10,southeast,TRN,2025,TRN-PR,2.5T 하이브리드,AWD,선셋 레드,14,14,64730,29032,29,62,88.5
2024-10,southeast,TRN,2025,TRN-PR,2.5T 하이브리드,AWD,포레스트 그린,9,9,40456,18145,18,62,88.5
2024-10,southeast,TRN,2025,TRN-PR,2.5T 하이브리드,AWD,샌드 베이지,9,9,40456,18145,18,62,88.5
2024-10,southeast,TRN,2025,TRN-PR,2.5T 하이브리드,FWD,스노우 화이트,24,24,110422,49525,49,62,88.5
2024-10,southeast,TRN,2025,TRN-PR,2.5T 하이브리드,FWD,미드나잇 블랙,19,19,87418,39207,39,62,88.5
2024-10,southeast,TRN,2025,TRN-PR,2.5T 하이브리드,FWD,스틸 그레이,16,16,73615,33017,33,62,88.5
2024-10,southeast,TRN,2025,TRN-PR,2.5T 하이브리드,FWD,실버,13,13,59812,26826,27,62,88.5
2024-10,southeast,TRN,2025,TRN-PR,2.5T 하이브리드,FWD,오션 블루,10,10,46009,20635,20,62,88.5
2024-10,southeast,TRN,2025,TRN-PR,2.5T 하이브리드,FWD,선셋 레드,8,8,36807,16508,16,62,88.5
2024-10,southeast,TRN,2025,TRN-PR,2.5T 하이브리드,FWD,포레스트 그린,5,5,23005,10318,10,62,88.5
2024-10,southeast,TRN,2025,TRN-PR,2.5T 하이브리드,FWD,샌드 베이지,5,5,23005,10318,10,62,88.5
2024-10,southeast,TRN,2025,TRN-SU,3.5 가솔린,AWD,스노우 화이트,29,29,152887,78925,60,62,88.5
2024-10,southeast,TRN,2025,TRN-SU,3.5 가솔린,AWD,미드나잇 블랙,23,23,121036,62482,47,62,88.5
2024-10,southeast,TRN,2025,TRN-SU,3.5 가솔린,AWD,스틸 그레이,19,19,101925,52617,40,62,88.5
2024-10,southeast,TRN,2025,TRN-SU,3.5 가솔린,AWD,실버,16,16,82814,42751,32,62,88.5
2024-10,southeast,TRN,2025,TRN-SU,3.5 가솔린,AWD,오션 블루,12,12,63703,32885,25,62,88.5
2024-10,southeast,TRN,2025,TRN-SU,3.5 가솔린,AWD,선셋 레드,10,10,50962,26308,20,62,88.5
2024-10,southeast,TRN,2025,TRN-SU,3.5 가솔린,AWD,포레스트 그린,6,6,31851,16443,12,62,88.5
2024-10,southeast,TRN,2025,TRN-SU,3.5 가솔린,AWD,샌드 베이지,6,6,31851,16443,12,62,88.5
2024-10,southeast,TRN,2025,TRN-SU,3.5 가솔린,FWD,스노우 화이트,17,16,86936,44879,34,62,88.5
2024-10,southeast,TRN,2025,TRN-SU,3.5 가솔린,FWD,미드나잇 블랙,13,13,68824,35529,27,62,88.5
2024-10,southeast,TRN,2025,TRN-SU,3.5 가솔린,FWD,스틸 그레이,11,11,57957,29919,23,62,88.5
2024-10,southeast,TRN,2025,TRN-SU,3.5 가솔린,FWD,실버,9,9,47090,24309,18,62,88.5
2024-10,southeast,TRN,2025,TRN-SU,3.5 가솔린,FWD,오션 블루,7,7,36223,18700,14,62,88.5
2024-10,southeast,TRN,2025,TRN-SU,3.5 가솔린,FWD,선셋 레드,6,5,28979,14960,11,62,88.5
2024-10,southeast,TRN,2025,TRN-SU,3.5 가솔린,FWD,포레스트 그린,3,3,18112,9350,7,62,88.5
2024-10,southeast,TRN,2025,TRN-SU,3.5 가솔린,FWD,샌드 베이지,3,3,18112,9350,7,62,88.5
2024-10,southeast,TRN,2025,TRN-SU,2.5T 하이브리드,AWD,스노우 화이트,17,17,90564,46752,35,62,88.5
2024-10,southeast,TRN,2025,TRN-SU,2.5T 하이브리드,AWD,미드나잇 블랙,14,14,71696,37012,28,62,88.5
2024-10,southeast,TRN,2025,TRN-SU,2.5T 하이브리드,AWD,스틸 그레이,11,11,60376,31168,24,62,88.5
2024-10,southeast,TRN,2025,TRN-SU,2.5T 하이브리드,AWD,실버,9,9,49055,25324,19,62,88.5
2024-10,southeast,TRN,2025,TRN-SU,2.5T 하이브리드,AWD,오션 블루,7,7,37735,19480,15,62,88.5
2024-10,southeast,TRN,2025,TRN-SU,2.5T 하이브리드,AWD,선셋 레드,6,6,30188,15584,12,62,88.5
2024-10,southeast,TRN,2025,TRN-SU,2.5T 하이브리드,AWD,포레스트 그린,4,4,18867,9740,7,62,88.5
2024-10,southeast,TRN,2025,TRN-SU,2.5T 하이브리드,AWD,샌드 베이지,4,4,18867,9740,7,62,88.5
2024-10,southeast,TRN,2025,TRN-SU,2.5T 하이브리드,FWD,스노우 화이트,10,10,51497,26584,20,62,88.5
2024-10,southeast,TRN,2025,TRN-SU,2.5T 하이브리드,FWD,미드나잇 블랙,8,8,40768,21046,16,62,88.5
2024-10,southeast,TRN,2025,TRN-SU,2.5T 하이브리드,FWD,스틸 그레이,7,7,34331,17723,13,62,88.5
2024-10,southeast,TRN,2025,TRN-SU,2.5T 하이브리드,FWD,실버,5,5,27894,14400,11,62,88.5
2024-10,southeast,TRN,2025,TRN-SU,2.5T 하이브리드,FWD,오션 블루,4,4,21457,11077,8,62,88.5
2024-10,southeast,TRN,2025,TRN-SU,2.5T 하이브리드,FWD,선셋 레드,3,3,17166,8861,7,62,88.5
2024-10,southeast,TRN,2025,TRN-SU,2.5T 하이브리드,FWD,포레스트 그린,2,2,10729,5538,4,42,88.5
2024-10,southeast,TRN,2025,TRN-SU,2.5T 하이브리드,FWD,샌드 베이지,2,2,10729,5538,4,42,88.5
2024-10,west,VST,2024,VST-CO,2.5 가솔린,AWD,스노우 화이트,35,34,108150,18315,74,65,88.5
2024-10,west,VST,2024,VST-CO,2.5 가솔린,AWD,미드나잇 블랙,28,27,85619,14500,59,65,88.5
2024-10,west,VST,2024,VST-CO,2.5 가솔린,AWD,스틸 그레이,23,23,72100,12210,49,65,88.5
2024-10,west,VST,2024,VST-CO,2.5 가솔린,AWD,실버,19,19,58581,9921,40,65,88.5
2024-10,west,VST,2024,VST-CO,2.5 가솔린,AWD,오션 블루,15,14,45062,7631,31,65,88.5
2024-10,west,VST,2024,VST-CO,2.5 가솔린,AWD,선셋 레드,12,11,36050,6105,25,65,88.5
2024-10,west,VST,2024,VST-CO,2.5 가솔린,AWD,포레스트 그린,7,7,22531,3816,15,65,88.5
2024-10,west,VST,2024,VST-CO,2.5 가솔린,AWD,샌드 베이지,7,7,22531,3816,15,65,88.5
2024-10,west,VST,2024,VST-CO,2.5 가솔린,FWD,스노우 화이트,43,42,132183,22385,91,65,88.5
2024-10,west,VST,2024,VST-CO,2.5 가솔린,FWD,미드나잇 블랙,34,33,104645,17722,72,65,88.5
2024-10,west,VST,2024,VST-CO,2.5 가솔린,FWD,스틸 그레이,28,28,88122,14924,60,65,88.5
2024-10,west,VST,2024,VST-CO,2.5 가솔린,FWD,실버,23,23,71599,12125,49,65,88.5
2024-10,west,VST,2024,VST-CO,2.5 가솔린,FWD,오션 블루,18,18,55076,9327,38,65,88.5
2024-10,west,VST,2024,VST-CO,2.5 가솔린,FWD,선셋 레드,14,14,44061,7462,30,65,88.5
2024-10,west,VST,2024,VST-CO,2.5 가솔린,FWD,포레스트 그린,9,9,27538,4664,19,65,88.5
2024-10,west,VST,2024,VST-CO,2.5 가솔린,FWD,샌드 베이지,9,9,27538,4664,19,65,88.5
2024-10,west,VST,2024,VST-CO,1.6T 하이브리드,AWD,스노우 화이트,21,20,64063,10849,44,65,88.5
2024-10,west,VST,2024,VST-CO,1.6T 하이브리드,AWD,미드나잇 블랙,16,16,50717,8589,35,65,88.5
2024-10,west,VST,2024,VST-CO,1.6T 하이브리드,AWD,스틸 그레이,14,14,42709,7233,29,65,88.5
2024-10,west,VST,2024,VST-CO,1.6T 하이브리드,AWD,실버,11,11,34701,5877,24,65,88.5
2024-10,west,VST,2024,VST-CO,1.6T 하이브리드,AWD,오션 블루,9,8,26693,4521,18,65,88.5
2024-10,west,VST,2024,VST-CO,1.6T 하이브리드,AWD,선셋 레드,7,7,21354,3616,15,65,88.5
2024-10,west,VST,2024,VST-CO,1.6T 하이브리드,AWD,포레스트 그린,4,4,13347,2260,9,65,88.5
2024-10,west,VST,2024,VST-CO,1.6T 하이브리드,AWD,샌드 베이지,4,4,13347,2260,9,65,88.5
2024-10,west,VST,2024,VST-CO,1.6T 하이브리드,FWD,스노우 화이트,25,25,78300,13260,54,65,88.5
2024-10,west,VST,2024,VST-CO,1.6T 하이브리드,FWD,미드나잇 블랙,20,20,61987,10498,42,65,88.5
2024-10,west,VST,2024,VST-CO,1.6T 하이브리드,FWD,스틸 그레이,17,17,52200,8840,36,65,88.5
2024-10,west,VST,2024,VST-CO,1.6T 하이브리드,FWD,실버,14,13,42412,7183,29,65,88.5
2024-10,west,VST,2024,VST-CO,1.6T 하이브리드,FWD,오션 블루,11,10,32625,5525,22,65,88.5
2024-10,west,VST,2024,VST-CO,1.6T 하이브리드,FWD,선셋 레드,8,8,26100,4420,18,65,88.5
2024-10,west,VST,2024,VST-CO,1.6T 하이브리드,FWD,포레스트 그린,5,5,16312,2763,11,65,88.5
2024-10,west,VST,2024,VST-CO,1.6T 하이브리드,FWD,샌드 베이지,5,5,16312,2763,11,65,88.5
2024-10,west,VST,2024,VST-PR,2.5 가솔린,AWD,스노우 화이트,40,40,136115,32096,86,65,88.5
2024-10,west,VST,2024,VST-PR,2.5 가솔린,AWD,미드나잇 블랙,32,32,107758,25410,68,65,88.5
2024-10,west,VST,2024,VST-PR,2.5 가솔린,AWD,스틸 그레이,27,27,90744,21398,57,65,88.5
2024-10,west,VST,2024,VST-PR,2.5 가솔린,AWD,실버,22,22,73729,17386,46,65,88.5
2024-10,west,VST,2024,VST-PR,2.5 가솔린,AWD,오션 블루,17,17,56715,13374,36,65,88.5
2024-10,west,VST,2024,VST-PR,2.5 가솔린,AWD,선셋 레드,13,13,45372,10699,29,65,88.5
2024-10,west,VST,2024,VST-PR,2.5 가솔린,AWD,포레스트 그린,8,8,28357,6687,18,65,88.5
2024-10,west,VST,2024,VST-PR,2.5 가솔린,AWD,샌드 베이지,8,8,28357,6687,18,65,88.5
2024-10,west,VST,2024,VST-PR,2.5 가솔린,FWD,스노우 화이트,49,49,166363,39229,105,65,88.5
2024-10,west,VST,2024,VST-PR,2.5 가솔린,FWD,미드나잇 블랙,39,39,131704,31056,83,65,88.5
2024-10,west,VST,2024,VST-PR,2.5 가솔린,FWD,스틸 그레이,33,32,110909,26153,70,65,88.5
2024-10,west,VST,2024,VST-PR,2.5 가솔린,FWD,실버,27,26,90113,21249,57,65,88.5
2024-10,west,VST,2024,VST-PR,2.5 가솔린,FWD,오션 블루,21,20,69318,16345,44,65,88.5
2024-10,west,VST,2024,VST-PR,2.5 가솔린,FWD,선셋 레드,16,16,55454,13076,35,65,88.5
2024-10,west,VST,2024,VST-PR,2.5 가솔린,FWD,포레스트 그린,10,10,34659,8173,22,65,88.5
2024-10,west,VST,2024,VST-PR,2.5 가솔린,FWD,샌드 베이지,10,10,34659,8173,22,65,88.5
2024-10,west,VST,2024,VST-PR,1.6T 하이브리드,AWD,스노우 화이트,24,24,80629,19013,51,65,88.5
2024-10,west,VST,2024,VST-PR,1.6T 하이브리드,AWD,미드나잇 블랙,19,19,63831,15052,40,65,88.5
2024-10,west,VST,2024,VST-PR,1.6T 하이브리드,AWD,스틸 그레이,16,16,53753,12675,34,65,88.5
2024-10,west,VST,2024,VST-PR,1.6T 하이브리드,AWD,실버,13,13,43674,10298,28,65,88.5
2024-10,west,VST,2024,VST-PR,1.6T 하이브리드,AWD,오션 블루,10,10,33595,7922,21,65,88.5
2024-10,west,VST,2024,VST-PR,1.6T 하이브리드,AWD,선셋 레드,8,8,26876,6338,17,65,88.5
2024-10,west,VST,2024,VST-PR,1.6T 하이브리드,AWD,포레스트 그린,5,5,16798,3961,11,65,88.5
2024-10,west,VST,2024,VST-PR,1.6T 하이브리드,AWD,샌드 베이지,5,5,16798,3961,11,65,88.5
2024-10,west,VST,2024,VST-PR,1.6T 하이브리드,FWD,스노우 화이트,29,29,98546,23238,62,65,88.5
2024-10,west,VST,2024,VST-PR,1.6T 하이브리드,FWD,미드나잇 블랙,23,23,78016,18396,49,65,88.5
2024-10,west,VST,2024,VST-PR,1.6T 하이브리드,FWD,스틸 그레이,19,19,65698,15492,41,65,88.5
2024-10,west,VST,2024,VST-PR,1.6T 하이브리드,FWD,실버,16,16,53379,12587,34,65,88.5
2024-10,west,VST,2024,VST-PR,1.6T 하이브리드,FWD,오션 블루,12,12,41061,9682,26,65,88.5
2024-10,west,VST,2024,VST-PR,1.6T 하이브리드,FWD,선셋 레드,10,10,32849,7746,21,65,88.5
2024-10,west,VST,2024,VST-PR,1.6T 하이브리드,FWD,포레스트 그린,6,6,20531,4841,13,65,88.5
2024-10,west,VST,2024,VST-PR,1.6T 하이브리드,FWD,샌드 베이지,6,6,20531,4841,13,65,88.5
2024-10,west,VST,2024,VST-TR,2.5 가솔린,AWD,스노우 화이트,17,16,63479,20926,35,65,88.5
2024-10,west,VST,2024,VST-TR,2.5 가솔린,AWD,미드나잇 블랙,13,13,50254,16566,28,65,88.5
2024-10,west,VST,2024,VST-TR,2.5 가솔린,AWD,스틸 그레이,11,11,42320,13951,23,65,88.5
2024-10,west,VST,2024,VST-TR,2.5 가솔린,AWD,실버,9,9,34385,11335,19,65,88.5
2024-10,west,VST,2024,VST-TR,2.5 가솔린,AWD,오션 블루,7,7,26450,8719,15,65,88.5
2024-10,west,VST,2024,VST-TR,2.5 가솔린,AWD,선셋 레드,6,5,21160,6975,12,65,88.5
2024-10,west,VST,2024,VST-TR,2.5 가솔린,AWD,포레스트 그린,3,3,13225,4360,7,65,88.5
2024-10,west,VST,2024,VST-TR,2.5 가솔린,AWD,샌드 베이지,3,3,13225,4360,7,65,88.5
2024-10,west,VST,2024,VST-TR,2.5 가솔린,FWD,스노우 화이트,20,20,77586,25576,43,65,88.5
2024-10,west,VST,2024,VST-TR,2.5 가솔린,FWD,미드나잇 블랙,16,16,61422,20248,34,65,88.5
2024-10,west,VST,2024,VST-TR,2.5 가솔린,FWD,스틸 그레이,13,13,51724,17051,29,65,88.5
2024-10,west,VST,2024,VST-TR,2.5 가솔린,FWD,실버,11,11,42026,13854,23,65,88.5
2024-10,west,VST,2024,VST-TR,2.5 가솔린,FWD,오션 블루,8,8,32327,10657,18,65,88.5
2024-10,west,VST,2024,VST-TR,2.5 가솔린,FWD,선셋 레드,7,7,25862,8525,14,65,88.5
2024-10,west,VST,2024,VST-TR,2.5 가솔린,FWD,포레스트 그린,4,4,16164,5328,9,65,88.5
2024-10,west,VST,2024,VST-TR,2.5 가솔린,FWD,샌드 베이지,4,4,16164,5328,9,65,88.5
2024-10,west,VST,2024,VST-TR,1.6T 하이브리드,AWD,스노우 화이트,10,10,37602,12396,21,65,88.5
2024-10,west,VST,2024,VST-TR,1.6T 하이브리드,AWD,미드나잇 블랙,8,8,29769,9813,16,65,88.5
2024-10,west,VST,2024,VST-TR,1.6T 하이브리드,AWD,스틸 그레이,7,6,25068,8264,14,65,88.5
2024-10,west,VST,2024,VST-TR,1.6T 하이브리드,AWD,실버,5,5,20368,6714,11,65,88.5
2024-10,west,VST,2024,VST-TR,1.6T 하이브리드,AWD,오션 블루,4,4,15668,5165,9,65,88.5
2024-10,west,VST,2024,VST-TR,1.6T 하이브리드,AWD,선셋 레드,3,3,12534,4132,7,65,88.5
2024-10,west,VST,2024,VST-TR,1.6T 하이브리드,AWD,포레스트 그린,2,2,7834,2582,4,43,88.5
2024-10,west,VST,2024,VST-TR,1.6T 하이브리드,AWD,샌드 베이지,2,2,7834,2582,4,43,88.5
2024-10,west,VST,2024,VST-TR,1.6T 하이브리드,FWD,스노우 화이트,12,12,45958,15150,25,65,88.5
2024-10,west,VST,2024,VST-TR,1.6T 하이브리드,FWD,미드나잇 블랙,9,9,36384,11994,20,65,88.5
2024-10,west,VST,2024,VST-TR,1.6T 하이브리드,FWD,스틸 그레이,8,8,30639,10100,17,65,88.5
2024-10,west,VST,2024,VST-TR,1.6T 하이브리드,FWD,실버,6,6,24894,8206,14,65,88.5
2024-10,west,VST,2024,VST-TR,1.6T 하이브리드,FWD,오션 블루,5,5,19149,6313,11,65,88.5
2024-10,west,VST,2024,VST-TR,1.6T 하이브리드,FWD,선셋 레드,4,4,15319,5050,8,65,88.5
2024-10,west,VST,2024,VST-TR,1.6T 하이브리드,FWD,포레스트 그린,2,2,9575,3156,5,53,88.5
2024-10,west,VST,2024,VST-TR,1.6T 하이브리드,FWD,샌드 베이지,2,2,9575,3156,5,53,88.5
2024-10,west,VST,2025,VST-CO,2.5 가솔린,AWD,스노우 화이트,65,64,200850,34014,138,65,88.5
2024-10,west,VST,2025,VST-CO,2.5 가솔린,AWD,미드나잇 블랙,51,51,159006,26928,109,65,88.5
2024-10,west,VST,2025,VST-CO,2.5 가솔린,AWD,스틸 그레이,43,43,133900,22676,92,65,88.5
2024-10,west,VST,2025,VST-CO,2.5 가솔린,AWD,실버,35,35,108794,18424,75,65,88.5
2024-10,west,VST,2025,VST-CO,2.5 가솔린,AWD,오션 블루,27,27,83687,14173,57,65,88.5
2024-10,west,VST,2025,VST-CO,2.5 가솔린,AWD,선셋 레드,22,21,66950,11338,46,65,88.5
2024-10,west,VST,2025,VST-CO,2.5 가솔린,AWD,포레스트 그린,13,13,41844,7086,29,65,88.5
2024-10,west,VST,2025,VST-CO,2.5 가솔린,AWD,샌드 베이지,13,13,41844,7086,29,65,88.5
2024-10,west,VST,2025,VST-CO,2.5 가솔린,FWD,스노우 화이트,79,78,245483,41573,168,65,88.5
2024-10,west,VST,2025,VST-CO,2.5 가솔린,FWD,미드나잇 블랙,63,62,194341,32912,133,65,88.5
2024-10,west,VST,2025,VST-CO,2.5 가솔린,FWD,스틸 그레이,53,52,163655,27715,112,65,88.5
2024-10,west,VST,2025,VST-CO,2.5 가솔린,FWD,실버,43,42,132970,22519,91,65,88.5
2024-10,west,VST,2025,VST-CO,2.5 가솔린,FWD,오션 블루,33,33,102285,17322,70,65,88.5
2024-10,west,VST,2025,VST-CO,2.5 가솔린,FWD,선셋 레드,26,26,81828,13858,56,65,88.5
2024-10,west,VST,2025,VST-CO,2.5 가솔린,FWD,포레스트 그린,16,16,51142,8661,35,65,88.5
2024-10,west,VST,2025,VST-CO,2.5 가솔린,FWD,샌드 베이지,16,16,51142,8661,35,65,88.5
2024-10,west,VST,2025,VST-CO,1.6T 하이브리드,AWD,스노우 화이트,38,38,118975,20149,81,65,88.5
2024-10,west,VST,2025,VST-CO,1.6T 하이브리드,AWD,미드나잇 블랙,30,30,94188,15951,64,65,88.5
2024-10,west,VST,2025,VST-CO,1.6T 하이브리드,AWD,스틸 그레이,26,25,79317,13432,54,65,88.5
2024-10,west,VST,2025,VST-CO,1.6T 하이브리드,AWD,실버,21,20,64445,10914,44,65,88.5
2024-10,west,VST,2025,VST-CO,1.6T 하이브리드,AWD,오션 블루,16,16,49573,8395,34,65,88.5
2024-10,west,VST,2025,VST-CO,1.6T 하이브리드,AWD,선셋 레드,13,13,39658,6716,27,65,88.5
2024-10,west,VST,2025,VST-CO,1.6T 하이브리드,AWD,포레스트 그린,8,8,24786,4198,17,65,88.5
2024-10,west,VST,2025,VST-CO,1.6T 하이브리드,AWD,샌드 베이지,8,8,24786,4198,17,65,88.5
2024-10,west,VST,2025,VST-CO,1.6T 하이브리드,FWD,스노우 화이트,47,46,145414,24626,100,65,88.5
2024-10,west,VST,2025,VST-CO,1.6T 하이브리드,FWD,미드나잇 블랙,37,37,115119,19496,79,65,88.5
2024-10,west,VST,2025,VST-CO,1.6T 하이브리드,FWD,스틸 그레이,31,31,96942,16417,66,65,88.5
2024-10,west,VST,2025,VST-CO,1.6T 하이브리드,FWD,실버,25,25,78766,13339,54,65,88.5
2024-10,west,VST,2025,VST-CO,1.6T 하이브리드,FWD,오션 블루,20,19,60589,10261,41,65,88.5
2024-10,west,VST,2025,VST-CO,1.6T 하이브리드,FWD,선셋 레드,16,15,48471,8209,33,65,88.5
2024-10,west,VST,2025,VST-CO,1.6T 하이브리드,FWD,포레스트 그린,10,10,30294,5130,21,65,88.5
2024-10,west,VST,2025,VST-CO,1.6T 하이브리드,FWD,샌드 베이지,10,10,30294,5130,21,65,88.5
2024-10,west,VST,2025,VST-PR,2.5 가솔린,AWD,스노우 화이트,75,74,252786,59608,159,65,88.5
2024-10,west,VST,2025,VST-PR,2.5 가솔린,AWD,미드나잇 블랙,59,59,200122,47189,126,65,88.5
2024-10,west,VST,2025,VST-PR,2.5 가솔린,AWD,스틸 그레이,50,49,168524,39739,106,65,88.5
2024-10,west,VST,2025,VST-PR,2.5 가솔린,AWD,실버,41,40,136926,32288,86,65,88.5
2024-10,west,VST,2025,VST-PR,2.5 가솔린,AWD,오션 블루,31,31,105327,24837,66,65,88.5
2024-10,west,VST,2025,VST-PR,2.5 가솔린,AWD,선셋 레드,25,25,84262,19869,53,65,88.5
2024-10,west,VST,2025,VST-PR,2.5 가솔린,AWD,포레스트 그린,16,15,52664,12418,33,65,88.5
2024-10,west,VST,2025,VST-PR,2.5 가솔린,AWD,샌드 베이지,16,15,52664,12418,33,65,88.5
2024-10,west,VST,2025,VST-PR,2.5 가솔린,FWD,스노우 화이트,92,90,308961,72854,195,65,88.5
2024-10,west,VST,2025,VST-PR,2.5 가솔린,FWD,미드나잇 블랙,73,72,244594,57676,154,65,88.5
2024-10,west,VST,2025,VST-PR,2.5 가솔린,FWD,스틸 그레이,61,60,205974,48569,130,65,88.5
2024-10,west,VST,2025,VST-PR,2.5 가솔린,FWD,실버,50,49,167354,39463,105,65,88.5
2024-10,west,VST,2025,VST-PR,2.5 가솔린,FWD,오션 블루,38,38,128734,30356,81,65,88.5
2024-10,west,VST,2025,VST-PR,2.5 가솔린,FWD,선셋 레드,31,30,102987,24285,65,65,88.5
2024-10,west,VST,2025,VST-PR,2.5 가솔린,FWD,포레스트 그린,19,19,64367,15178,41,65,88.5
2024-10,west,VST,2025,VST-PR,2.5 가솔린,FWD,샌드 베이지,19,19,64367,15178,41,65,88.5
2024-10,west,VST,2025,VST-PR,1.6T 하이브리드,AWD,스노우 화이트,44,44,149739,35309,94,65,88.5
2024-10,west,VST,2025,VST-PR,1.6T 하이브리드,AWD,미드나잇 블랙,35,35,118544,27953,75,65,88.5
2024-10,west,VST,2025,VST-PR,1.6T 하이브리드,AWD,스틸 그레이,30,29,99826,23539,63,65,88.5
2024-10,west,VST,2025,VST-PR,1.6T 하이브리드,AWD,실버,24,24,81109,19126,51,65,88.5
2024-10,west,VST,2025,VST-PR,1.6T 하이브리드,AWD,오션 블루,19,18,62391,14712,39,65,88.5
2024-10,west,VST,2025,VST-PR,1.6T 하이브리드,AWD,선셋 레드,15,15,49913,11770,31,65,88.5
2024-10,west,VST,2025,VST-PR,1.6T 하이브리드,AWD,포레스트 그린,9,9,31196,7356,20,65,88.5
2024-10,west,VST,2025,VST-PR,1.6T 하이브리드,AWD,샌드 베이지,9,9,31196,7356,20,65,88.5
2024-10,west,VST,2025,VST-PR,1.6T 하이브리드,FWD,스노우 화이트,54,54,183015,43156,115,65,88.5
2024-10,west,VST,2025,VST-PR,1.6T 하이브리드,FWD,미드나잇 블랙,43,42,144887,34165,91,65,88.5
2024-10,west,VST,2025,VST-PR,1.6T 하이브리드,FWD,스틸 그레이,36,36,122010,28770,77,65,88.5
2024-10,west,VST,2025,VST-PR,1.6T 하이브리드,FWD,실버,29,29,99133,23376,62,65,88.5
2024-10,west,VST,2025,VST-PR,1.6T 하이브리드,FWD,오션 블루,23,22,76256,17981,48,65,88.5
2024-10,west,VST,2025,VST-PR,1.6T 하이브리드,FWD,선셋 레드,18,18,61005,14385,38,65,88.5
2024-10,west,VST,2025,VST-PR,1.6T 하이브리드,FWD,포레스트 그린,11,11,38128,8991,24,65,88.5
2024-10,west,VST,2025,VST-PR,1.6T 하이브리드,FWD,샌드 베이지,11,11,38128,8991,24,65,88.5
2024-10,west,VST,2025,VST-TR,2.5 가솔린,AWD,스노우 화이트,31,30,117890,38863,65,65,88.5
2024-10,west,VST,2025,VST-TR,2.5 가솔린,AWD,미드나잇 블랙,24,24,93330,30766,52,65,88.5
2024-10,west,VST,2025,VST-TR,2.5 가솔린,AWD,스틸 그레이,20,20,78593,25908,43,65,88.5
2024-10,west,VST,2025,VST-TR,2.5 가솔린,AWD,실버,17,16,63857,21051,35,65,88.5
2024-10,west,VST,2025,VST-TR,2.5 가솔린,AWD,오션 블루,13,13,49121,16193,27,65,88.5
2024-10,west,VST,2025,VST-TR,2.5 가솔린,AWD,선셋 레드,10,10,39297,12954,22,65,88.5
2024-10,west,VST,2025,VST-TR,2.5 가솔린,AWD,포레스트 그린,6,6,24560,8096,14,65,88.5
2024-10,west,VST,2025,VST-TR,2.5 가솔린,AWD,샌드 베이지,6,6,24560,8096,14,65,88.5
2024-10,west,VST,2025,VST-TR,2.5 가솔린,FWD,스노우 화이트,37,37,144088,47499,80,65,88.5
2024-10,west,VST,2025,VST-TR,2.5 가솔린,FWD,미드나잇 블랙,30,29,114070,37603,63,65,88.5
2024-10,west,VST,2025,VST-TR,2.5 가솔린,FWD,스틸 그레이,25,25,96059,31666,53,65,88.5
2024-10,west,VST,2025,VST-TR,2.5 가솔린,FWD,실버,20,20,78048,25729,43,65,88.5
2024-10,west,VST,2025,VST-TR,2.5 가솔린,FWD,오션 블루,16,15,60037,19791,33,65,88.5
2024-10,west,VST,2025,VST-TR,2.5 가솔린,FWD,선셋 레드,12,12,48029,15833,27,65,88.5
2024-10,west,VST,2025,VST-TR,2.5 가솔린,FWD,포레스트 그린,8,8,30018,9896,17,65,88.5
2024-10,west,VST,2025,VST-TR,2.5 가솔린,FWD,샌드 베이지,8,8,30018,9896,17,65,88.5
2024-10,west,VST,2025,VST-TR,1.6T 하이브리드,AWD,스노우 화이트,18,18,69833,23021,39,65,88.5
2024-10,west,VST,2025,VST-TR,1.6T 하이브리드,AWD,미드나잇 블랙,14,14,55284,18225,31,65,88.5
2024-10,west,VST,2025,VST-TR,1.6T 하이브리드,AWD,스틸 그레이,12,12,46555,15347,26,65,88.5
2024-10,west,VST,2025,VST-TR,1.6T 하이브리드,AWD,실버,10,10,37826,12469,21,65,88.5
2024-10,west,VST,2025,VST-TR,1.6T 하이브리드,AWD,오션 블루,8,7,29097,9592,16,65,88.5
2024-10,west,VST,2025,VST-TR,1.6T 하이브리드,AWD,선셋 레드,6,6,23278,7674,13,65,88.5
2024-10,west,VST,2025,VST-TR,1.6T 하이브리드,AWD,포레스트 그린,4,4,14549,4796,8,65,88.5
2024-10,west,VST,2025,VST-TR,1.6T 하이브리드,AWD,샌드 베이지,4,4,14549,4796,8,65,88.5
2024-10,west,VST,2025,VST-TR,1.6T 하이브리드,FWD,스노우 화이트,22,22,85351,28136,47,65,88.5
2024-10,west,VST,2025,VST-TR,1.6T 하이브리드,FWD,미드나잇 블랙,18,17,67570,22275,37,65,88.5
2024-10,west,VST,2025,VST-TR,1.6T 하이브리드,FWD,스틸 그레이,15,15,56901,18758,31,65,88.5
2024-10,west,VST,2025,VST-TR,1.6T 하이브리드,FWD,실버,12,12,46232,15240,26,65,88.5
2024-10,west,VST,2025,VST-TR,1.6T 하이브리드,FWD,오션 블루,9,9,35563,11723,20,65,88.5
2024-10,west,VST,2025,VST-TR,1.6T 하이브리드,FWD,선셋 레드,7,7,28450,9379,16,65,88.5
2024-10,west,VST,2025,VST-TR,1.6T 하이브리드,FWD,포레스트 그린,5,5,17782,5862,10,65,88.5
2024-10,west,VST,2025,VST-TR,1.6T 하이브리드,FWD,샌드 베이지,5,5,17782,5862,10,65,88.5
2024-10,central,VST,2024,VST-CO,2.5 가솔린,AWD,스노우 화이트,26,26,81320,13772,56,65,88.5
2024-10,central,VST,2024,VST-CO,2.5 가솔린,AWD,미드나잇 블랙,21,20,64379,10903,44,65,88.5
2024-10,central,VST,2024,VST-CO,2.5 가솔린,AWD,스틸 그레이,17,17,54214,9181,37,65,88.5
2024-10,central,VST,2024,VST-CO,2.5 가솔린,AWD,실버,14,14,44049,7460,30,65,88.5
2024-10,central,VST,2024,VST-CO,2.5 가솔린,AWD,오션 블루,11,11,33884,5738,23,65,88.5
2024-10,central,VST,2024,VST-CO,2.5 가솔린,AWD,선셋 레드,9,9,27107,4591,19,65,88.5
2024-10,central,VST,2024,VST-CO,2.5 가솔린,AWD,포레스트 그린,5,5,16942,2869,12,65,88.5
2024-10,central,VST,2024,VST-CO,2.5 가솔린,AWD,샌드 베이지,5,5,16942,2869,12,65,88.5
2024-10,central,VST,2024,VST-CO,2.5 가솔린,FWD,스노우 화이트,24,24,75820,12840,52,65,88.5
2024-10,central,VST,2024,VST-CO,2.5 가솔린,FWD,미드나잇 블랙,19,19,60025,10165,41,65,88.5
2024-10,central,VST,2024,VST-CO,2.5 가솔린,FWD,스틸 그레이,16,16,50547,8560,35,65,88.5
2024-10,central,VST,2024,VST-CO,2.5 가솔린,FWD,실버,13,13,41069,6955,28,65,88.5
2024-10,central,VST,2024,VST-CO,2.5 가솔린,FWD,오션 블루,10,10,31592,5350,22,65,88.5
2024-10,central,VST,2024,VST-CO,2.5 가솔린,FWD,선셋 레드,8,8,25273,4280,17,65,88.5
2024-10,central,VST,2024,VST-CO,2.5 가솔린,FWD,포레스트 그린,5,5,15796,2675,11,65,88.5
2024-10,central,VST,2024,VST-CO,2.5 가솔린,FWD,샌드 베이지,5,5,15796,2675,11,65,88.5
2024-10,central,VST,2024,VST-CO,1.6T 하이브리드,AWD,스노우 화이트,16,15,48171,8158,33,65,88.5
2024-10,central,VST,2024,VST-CO,1.6T 하이브리드,AWD,미드나잇 블랙,12,12,38135,6458,26,65,88.5
2024-10,central,VST,2024,VST-CO,1.6T 하이브리드,AWD,스틸 그레이,10,10,32114,5439,22,65,88.5
2024-10,central,VST,2024,VST-CO,1.6T 하이브리드,AWD,실버,8,8,26092,4419,18,65,88.5
2024-10,central,VST,2024,VST-CO,1.6T 하이브리드,AWD,오션 블루,6,6,20071,3399,14,65,88.5
2024-10,central,VST,2024,VST-CO,1.6T 하이브리드,AWD,선셋 레드,5,5,16057,2719,11,65,88.5
2024-10,central,VST,2024,VST-CO,1.6T 하이브리드,AWD,포레스트 그린,3,3,10036,1700,7,65,88.5
2024-10,central,VST,2024,VST-CO,1.6T 하이브리드,AWD,샌드 베이지,3,3,10036,1700,7,65,88.5
2024-10,central,VST,2024,VST-CO,1.6T 하이브리드,FWD,스노우 화이트,14,14,44913,7606,31,65,88.5
2024-10,central,VST,2024,VST-CO,1.6T 하이브리드,FWD,미드나잇 블랙,11,11,35556,6021,24,65,88.5
2024-10,central,VST,2024,VST-CO,1.6T 하이브리드,FWD,스틸 그레이,10,10,29942,5071,21,65,88.5
2024-10,central,VST,2024,VST-CO,1.6T 하이브리드,FWD,실버,8,8,24328,4120,17,65,88.5
2024-10,central,VST,2024,VST-CO,1.6T 하이브리드,FWD,오션 블루,6,6,18714,3169,13,65,88.5
2024-10,central,VST,2024,VST-CO,1.6T 하이브리드,FWD,선셋 레드,5,5,14971,2535,10,65,88.5
2024-10,central,VST,2024,VST-CO,1.6T 하이브리드,FWD,포레스트 그린,3,3,9357,1585,6,64,88.5
2024-10,central,VST,2024,VST-CO,1.6T 하이브리드,FWD,샌드 베이지,3,3,9357,1585,6,64,88.5
2024-10,central,VST,2024,VST-PR,2.5 가솔린,AWD,스노우 화이트,30,30,102348,24134,64,65,88.5
2024-10,central,VST,2024,VST-PR,2.5 가솔린,AWD,미드나잇 블랙,24,24,81026,19106,51,65,88.5
2024-10,central,VST,2024,VST-PR,2.5 가솔린,AWD,스틸 그레이,20,20,68232,16089,43,65,88.5
2024-10,central,VST,2024,VST-PR,2.5 가솔린,AWD,실버,16,16,55439,13073,35,65,88.5
2024-10,central,VST,2024,VST-PR,2.5 가솔린,AWD,오션 블루,13,12,42645,10056,27,65,88.5
2024-10,central,VST,2024,VST-PR,2.5 가솔린,AWD,선셋 레드,10,10,34116,8045,21,65,88.5
2024-10,central,VST,2024,VST-PR,2.5 가솔린,AWD,포레스트 그린,6,6,21323,5028,13,65,88.5
2024-10,central,VST,2024,VST-PR,2.5 가솔린,AWD,샌드 베이지,6,6,21323,5028,13,65,88.5
2024-10,central,VST,2024,VST-PR,2.5 가솔린,FWD,스노우 화이트,28,28,95426,22502,60,65,88.5
2024-10,central,VST,2024,VST-PR,2.5 가솔린,FWD,미드나잇 블랙,22,22,75546,17814,48,65,88.5
2024-10,central,VST,2024,VST-PR,2.5 가솔린,FWD,스틸 그레이,19,19,63618,15001,40,65,88.5
2024-10,central,VST,2024,VST-PR,2.5 가솔린,FWD,실버,15,15,51689,12188,33,65,88.5
2024-10,central,VST,2024,VST-PR,2.5 가솔린,FWD,오션 블루,12,12,39761,9376,25,65,88.5
2024-10,central,VST,2024,VST-PR,2.5 가솔린,FWD,선셋 레드,9,9,31809,7501,20,65,88.5
2024-10,central,VST,2024,VST-PR,2.5 가솔린,FWD,포레스트 그린,6,6,19880,4688,13,65,88.5
2024-10,central,VST,2024,VST-PR,2.5 가솔린,FWD,샌드 베이지,6,6,19880,4688,13,65,88.5
2024-10,central,VST,2024,VST-PR,1.6T 하이브리드,AWD,스노우 화이트,18,18,60627,14296,38,65,88.5
2024-10,central,VST,2024,VST-PR,1.6T 하이브리드,AWD,미드나잇 블랙,14,14,47996,11318,30,65,88.5
2024-10,central,VST,2024,VST-PR,1.6T 하이브리드,AWD,스틸 그레이,12,12,40418,9531,25,65,88.5
2024-10,central,VST,2024,VST-PR,1.6T 하이브리드,AWD,실버,10,10,32839,7744,21,65,88.5
2024-10,central,VST,2024,VST-PR,1.6T 하이브리드,AWD,오션 블루,7,7,25261,5957,16,65,88.5
2024-10,central,VST,2024,VST-PR,1.6T 하이브리드,AWD,선셋 레드,6,6,20209,4765,13,65,88.5
2024-10,central,VST,2024,VST-PR,1.6T 하이브리드,AWD,포레스트 그린,4,4,12631,2978,8,65,88.5
2024-10,central,VST,2024,VST-PR,1.6T 하이브리드,AWD,샌드 베이지,4,4,12631,2978,8,65,88.5
2024-10,central,VST,2024,VST-PR,1.6T 하이브리드,FWD,스노우 화이트,17,17,56526,13329,36,65,88.5
2024-10,central,VST,2024,VST-PR,1.6T 하이브리드,FWD,미드나잇 블랙,13,13,44750,10552,28,65,88.5
2024-10,central,VST,2024,VST-PR,1.6T 하이브리드,FWD,스틸 그레이,11,11,37684,8886,24,65,88.5
2024-10,central,VST,2024,VST-PR,1.6T 하이브리드,FWD,실버,9,9,30618,7220,19,65,88.5
2024-10,central,VST,2024,VST-PR,1.6T 하이브리드,FWD,오션 블루,7,7,23553,5554,15,65,88.5
2024-10,central,VST,2024,VST-PR,1.6T 하이브리드,FWD,선셋 레드,6,6,18842,4443,12,65,88.5
2024-10,central,VST,2024,VST-PR,1.6T 하이브리드,FWD,포레스트 그린,3,3,11776,2777,7,65,88.5
2024-10,central,VST,2024,VST-PR,1.6T 하이브리드,FWD,샌드 베이지,3,3,11776,2777,7,65,88.5
2024-10,central,VST,2024,VST-TR,2.5 가솔린,AWD,스노우 화이트,12,12,47732,15735,26,65,88.5
2024-10,central,VST,2024,VST-TR,2.5 가솔린,AWD,미드나잇 블랙,10,10,37787,12457,21,65,88.5
2024-10,central,VST,2024,VST-TR,2.5 가솔린,AWD,스틸 그레이,8,8,31821,10490,18,65,88.5
2024-10,central,VST,2024,VST-TR,2.5 가솔린,AWD,실버,7,7,25855,8523,14,65,88.5
2024-10,central,VST,2024,VST-TR,2.5 가솔린,AWD,오션 블루,5,5,19888,6556,11,65,88.5
2024-10,central,VST,2024,VST-TR,2.5 가솔린,AWD,선셋 레드,4,4,15911,5245,9,65,88.5
2024-10,central,VST,2024,VST-TR,2.5 가솔린,AWD,포레스트 그린,3,3,9944,3278,5,55,88.5
2024-10,central,VST,2024,VST-TR,2.5 가솔린,AWD,샌드 베이지,3,3,9944,3278,5,55,88.5
2024-10,central,VST,2024,VST-TR,2.5 가솔린,FWD,스노우 화이트,12,11,44503,14671,25,65,88.5
2024-10,central,VST,2024,VST-TR,2.5 가솔린,FWD,미드나잇 블랙,9,9,35232,11614,19,65,88.5
2024-10,central,VST,2024,VST-TR,2.5 가솔린,FWD,스틸 그레이,8,8,29669,9780,16,65,88.5
2024-10,central,VST,2024,VST-TR,2.5 가솔린,FWD,실버,6,6,24106,7947,13,65,88.5
2024-10,central,VST,2024,VST-TR,2.5 가솔린,FWD,오션 블루,5,5,18543,6113,10,65,88.5
2024-10,central,VST,2024,VST-TR,2.5 가솔린,FWD,선셋 레드,4,4,14834,4890,8,65,88.5
2024-10,central,VST,2024,VST-TR,2.5 가솔린,FWD,포레스트 그린,2,2,9272,3056,5,51,88.5
2024-10,central,VST,2024,VST-TR,2.5 가솔린,FWD,샌드 베이지,2,2,9272,3056,5,51,88.5
2024-10,central,VST,2024,VST-TR,1.6T 하이브리드,AWD,스노우 화이트,7,7,28274,9321,16,65,88.5
2024-10,central,VST,2024,VST-TR,1.6T 하이브리드,AWD,미드나잇 블랙,6,6,22384,7379,12,65,88.5
2024-10,central,VST,2024,VST-TR,1.6T 하이브리드,AWD,스틸 그레이,5,5,18849,6214,10,65,88.5
2024-10,central,VST,2024,VST-TR,1.6T 하이브리드,AWD,실버,4,4,15315,5049,8,65,88.5
2024-10,central,VST,2024,VST-TR,1.6T 하이브리드,AWD,오션 블루,3,3,11781,3884,7,65,88.5
2024-10,central,VST,2024,VST-TR,1.6T 하이브리드,AWD,선셋 레드,2,2,9425,3107,5,52,88.5
2024-10,central,VST,2024,VST-TR,1.6T 하이브리드,AWD,포레스트 그린,2,2,5890,1942,3,33,88.5
2024-10,central,VST,2024,VST-TR,1.6T 하이브리드,AWD,샌드 베이지,2,2,5890,1942,3,33,88.5
2024-10,central,VST,2024,VST-TR,1.6T 하이브리드,FWD,스노우 화이트,7,7,26362,8690,15,65,88.5
2024-10,central,VST,2024,VST-TR,1.6T 하이브리드,FWD,미드나잇 블랙,5,5,20870,6880,12,65,88.5
2024-10,central,VST,2024,VST-TR,1.6T 하이브리드,FWD,스틸 그레이,5,5,17575,5793,10,65,88.5
2024-10,central,VST,2024,VST-TR,1.6T 하이브리드,FWD,실버,4,4,14279,4707,8,65,88.5
2024-10,central,VST,2024,VST-TR,1.6T 하이브리드,FWD,오션 블루,3,3,10984,3621,6,61,88.5
2024-10,central,VST,2024,VST-TR,1.6T 하이브리드,FWD,선셋 레드,2,2,8787,2897,5,49,88.5
2024-10,central,VST,2024,VST-TR,1.6T 하이브리드,FWD,포레스트 그린,1,1,5492,1810,3,30,88.5
2024-10,central,VST,2024,VST-TR,1.6T 하이브리드,FWD,샌드 베이지,1,1,5492,1810,3,30,88.5
2024-10,central,VST,2025,VST-CO,2.5 가솔린,AWD,스노우 화이트,49,48,151024,25576,103,65,88.5
2024-10,central,VST,2025,VST-CO,2.5 가솔린,AWD,미드나잇 블랙,39,38,119560,20248,82,65,88.5
2024-10,central,VST,2025,VST-CO,2.5 가솔린,AWD,스틸 그레이,32,32,100682,17051,69,65,88.5
2024-10,central,VST,2025,VST-CO,2.5 가솔린,AWD,실버,26,26,81804,13854,56,65,88.5
2024-10,central,VST,2025,VST-CO,2.5 가솔린,AWD,오션 블루,20,20,62927,10657,43,65,88.5
2024-10,central,VST,2025,VST-CO,2.5 가솔린,AWD,선셋 레드,16,16,50341,8525,34,65,88.5
2024-10,central,VST,2025,VST-CO,2.5 가솔린,AWD,포레스트 그린,10,10,31463,5328,22,65,88.5
2024-10,central,VST,2025,VST-CO,2.5 가솔린,AWD,샌드 베이지,10,10,31463,5328,22,65,88.5
2024-10,central,VST,2025,VST-CO,2.5 가솔린,FWD,스노우 화이트,45,45,140809,23846,96,65,88.5
2024-10,central,VST,2025,VST-CO,2.5 가솔린,FWD,미드나잇 블랙,36,35,111474,18878,76,65,88.5
2024-10,central,VST,2025,VST-CO,2.5 가솔린,FWD,스틸 그레이,30,30,93873,15898,64,65,88.5
2024-10,central,VST,2025,VST-CO,2.5 가솔린,FWD,실버,25,24,76272,12917,52,65,88.5
2024-10,central,VST,2025,VST-CO,2.5 가솔린,FWD,오션 블루,19,19,58671,9936,40,65,88.5
2024-10,central,VST,2025,VST-CO,2.5 가솔린,FWD,선셋 레드,15,15,46936,7949,32,65,88.5
2024-10,central,VST,2025,VST-CO,2.5 가솔린,FWD,포레스트 그린,9,9,29335,4968,20,65,88.5
2024-10,central,VST,2025,VST-CO,2.5 가솔린,FWD,샌드 베이지,9,9,29335,4968,20,65,88.5
2024-10,central,VST,2025,VST-CO,1.6T 하이브리드,AWD,스노우 화이트,29,28,89460,15150,61,65,88.5
2024-10,central,VST,2025,VST-CO,1.6T 하이브리드,AWD,미드나잇 블랙,23,23,70822,11994,48,65,88.5
2024-10,central,VST,2025,VST-CO,1.6T 하이브리드,AWD,스틸 그레이,19,19,59640,10100,41,65,88.5
2024-10,central,VST,2025,VST-CO,1.6T 하이브리드,AWD,실버,16,15,48457,8206,33,65,88.5
2024-10,central,VST,2025,VST-CO,1.6T 하이브리드,AWD,오션 블루,12,12,37275,6313,26,65,88.5
2024-10,central,VST,2025,VST-CO,1.6T 하이브리드,AWD,선셋 레드,10,9,29820,5050,20,65,88.5
2024-10,central,VST,2025,VST-CO,1.6T 하이브리드,AWD,포레스트 그린,6,6,18637,3156,13,65,88.5
2024-10,central,VST,2025,VST-CO,1.6T 하이브리드,AWD,샌드 베이지,6,6,18637,3156,13,65,88.5
2024-10,central,VST,2025,VST-CO,1.6T 하이브리드,FWD,스노우 화이트,27,27,83409,14126,57,65,88.5
2024-10,central,VST,2025,VST-CO,1.6T 하이브리드,FWD,미드나잇 블랙,21,21,66032,11183,45,65,88.5
2024-10,central,VST,2025,VST-CO,1.6T 하이브리드,FWD,스틸 그레이,18,18,55606,9417,38,65,88.5
2024-10,central,VST,2025,VST-CO,1.6T 하이브리드,FWD,실버,15,14,45180,7651,31,65,88.5
2024-10,central,VST,2025,VST-CO,1.6T 하이브리드,FWD,오션 블루,11,11,34754,5886,24,65,88.5
2024-10,central,VST,2025,VST-CO,1.6T 하이브리드,FWD,선셋 레드,9,9,27803,4709,19,65,88.5
2024-10,central,VST,2025,VST-CO,1.6T 하이브리드,FWD,포레스트 그린,6,6,17377,2943,12,65,88.5
2024-10,central,VST,2025,VST-CO,1.6T 하이브리드,FWD,샌드 베이지,6,6,17377,2943,12,65,88.5
2024-10,central,VST,2025,VST-PR,2.5 가솔린,AWD,스노우 화이트,56,56,190076,44820,120,65,88.5
2024-10,central,VST,2025,VST-PR,2.5 가솔린,AWD,미드나잇 블랙,45,44,150476,35483,95,65,88.5
2024-10,central,VST,2025,VST-PR,2.5 가솔린,AWD,스틸 그레이,38,37,126717,29880,80,65,88.5
2024-10,central,VST,2025,VST-PR,2.5 가솔린,AWD,실버,31,30,102958,24278,65,65,88.5
2024-10,central,VST,2025,VST-PR,2.5 가솔린,AWD,오션 블루,23,23,79198,18675,50,65,88.5
2024-10,central,VST,2025,VST-PR,2.5 가솔린,AWD,선셋 레드,19,19,63359,14940,40,65,88.5
2024-10,central,VST,2025,VST-PR,2.5 가솔린,AWD,포레스트 그린,12,12,39599,9338,25,65,88.5
2024-10,central,VST,2025,VST-PR,2.5 가솔린,AWD,샌드 베이지,12,12,39599,9338,25,65,88.5
2024-10,central,VST,2025,VST-PR,2.5 가솔린,FWD,스노우 화이트,53,52,177220,41789,112,65,88.5
2024-10,central,VST,2025,VST-PR,2.5 가솔린,FWD,미드나잇 블랙,42,41,140299,33083,88,65,88.5
2024-10,central,VST,2025,VST-PR,2.5 가솔린,FWD,스틸 그레이,35,35,118147,27859,74,65,88.5
2024-10,central,VST,2025,VST-PR,2.5 가솔린,FWD,실버,28,28,95994,22636,60,65,88.5
2024-10,central,VST,2025,VST-PR,2.5 가솔린,FWD,오션 블루,22,22,73842,17412,47,65,88.5
2024-10,central,VST,2025,VST-PR,2.5 가솔린,FWD,선셋 레드,18,17,59073,13930,37,65,88.5
2024-10,central,VST,2025,VST-PR,2.5 가솔린,FWD,포레스트 그린,11,11,36921,8706,23,65,88.5
2024-10,central,VST,2025,VST-PR,2.5 가솔린,FWD,샌드 베이지,11,11,36921,8706,23,65,88.5
2024-10,central,VST,2025,VST-PR,1.6T 하이브리드,AWD,스노우 화이트,33,33,112593,26550,71,65,88.5
2024-10,central,VST,2025,VST-PR,1.6T 하이브리드,AWD,미드나잇 블랙,26,26,89136,21019,56,65,88.5
2024-10,central,VST,2025,VST-PR,1.6T 하이브리드,AWD,스틸 그레이,22,22,75062,17700,47,65,88.5
2024-10,central,VST,2025,VST-PR,1.6T 하이브리드,AWD,실버,18,18,60988,14381,38,65,88.5
2024-10,central,VST,2025,VST-PR,1.6T 하이브리드,AWD,오션 블루,14,14,46914,11062,30,65,88.5
2024-10,central,VST,2025,VST-PR,1.6T 하이브리드,AWD,선셋 레드,11,11,37531,8850,24,65,88.5
2024-10,central,VST,2025,VST-PR,1.6T 하이브리드,AWD,포레스트 그린,7,7,23457,5531,15,65,88.5
2024-10,central,VST,2025,VST-PR,1.6T 하이브리드,AWD,샌드 베이지,7,7,23457,5531,15,65,88.5
2024-10,central,VST,2025,VST-PR,1.6T 하이브리드,FWD,스노우 화이트,31,31,104978,24754,66,65,88.5
2024-10,central,VST,2025,VST-PR,1.6T 하이브리드,FWD,미드나잇 블랙,25,24,83107,19597,52,65,88.5
2024-10,central,VST,2025,VST-PR,1.6T 하이브리드,FWD,스틸 그레이,21,20,69985,16503,44,65,88.5
2024-10,central,VST,2025,VST-PR,1.6T 하이브리드,FWD,실버,17,17,56863,13408,36,65,88.5
2024-10,central,VST,2025,VST-PR,1.6T 하이브리드,FWD,오션 블루,13,13,43741,10314,28,65,88.5
2024-10,central,VST,2025,VST-PR,1.6T 하이브리드,FWD,선셋 레드,10,10,34993,8251,22,65,88.5
2024-10,central,VST,2025,VST-PR,1.6T 하이브리드,FWD,포레스트 그린,6,6,21870,5157,14,65,88.5
2024-10,central,VST,2025,VST-PR,1.6T 하이브리드,FWD,샌드 베이지,6,6,21870,5157,14,65,88.5
2024-10,central,VST,2025,VST-TR,2.5 가솔린,AWD,스노우 화이트,23,23,88644,29222,49,65,88.5
2024-10,central,VST,2025,VST-TR,2.5 가솔린,AWD,미드나잇 블랙,18,18,70177,23134,39,65,88.5
2024-10,central,VST,2025,VST-TR,2.5 가솔린,AWD,스틸 그레이,15,15,59096,19481,33,65,88.5
2024-10,central,VST,2025,VST-TR,2.5 가솔린,AWD,실버,12,12,48016,15828,27,65,88.5
2024-10,central,VST,2025,VST-TR,2.5 가솔린,AWD,오션 블루,10,9,36935,12176,20,65,88.5
2024-10,central,VST,2025,VST-TR,2.5 가솔린,AWD,선셋 레드,8,8,29548,9741,16,65,88.5
2024-10,central,VST,2025,VST-TR,2.5 가솔린,AWD,포레스트 그린,5,5,18468,6088,10,65,88.5
2024-10,central,VST,2025,VST-TR,2.5 가솔린,AWD,샌드 베이지,5,5,18468,6088,10,65,88.5
2024-10,central,VST,2025,VST-TR,2.5 가솔린,FWD,스노우 화이트,22,21,82649,27245,46,65,88.5
2024-10,central,VST,2025,VST-TR,2.5 가솔린,FWD,미드나잇 블랙,17,17,65430,21569,36,65,88.5
2024-10,central,VST,2025,VST-TR,2.5 가솔린,FWD,스틸 그레이,14,14,55099,18164,30,65,88.5
2024-10,central,VST,2025,VST-TR,2.5 가솔린,FWD,실버,12,11,44768,14758,25,65,88.5
2024-10,central,VST,2025,VST-TR,2.5 가솔린,FWD,오션 블루,9,9,34437,11352,19,65,88.5
2024-10,central,VST,2025,VST-TR,2.5 가솔린,FWD,선셋 레드,7,7,27550,9082,15,65,88.5
2024-10,central,VST,2025,VST-TR,2.5 가솔린,FWD,포레스트 그린,4,4,17219,5676,10,65,88.5
2024-10,central,VST,2025,VST-TR,2.5 가솔린,FWD,샌드 베이지,4,4,17219,5676,10,65,88.5
2024-10,central,VST,2025,VST-TR,1.6T 하이브리드,AWD,스노우 화이트,14,13,52509,17310,29,65,88.5
2024-10,central,VST,2025,VST-TR,1.6T 하이브리드,AWD,미드나잇 블랙,11,11,41570,13704,23,65,88.5
2024-10,central,VST,2025,VST-TR,1.6T 하이브리드,AWD,스틸 그레이,9,9,35006,11540,19,65,88.5
2024-10,central,VST,2025,VST-TR,1.6T 하이브리드,AWD,실버,7,7,28442,9376,16,65,88.5
2024-10,central,VST,2025,VST-TR,1.6T 하이브리드,AWD,오션 블루,6,6,21879,7212,12,65,88.5
2024-10,central,VST,2025,VST-TR,1.6T 하이브리드,AWD,선셋 레드,5,4,17503,5770,10,65,88.5
2024-10,central,VST,2025,VST-TR,1.6T 하이브리드,AWD,포레스트 그린,3,3,10939,3606,6,60,88.5
2024-10,central,VST,2025,VST-TR,1.6T 하이브리드,AWD,샌드 베이지,3,3,10939,3606,6,60,88.5
2024-10,central,VST,2025,VST-TR,1.6T 하이브리드,FWD,스노우 화이트,13,13,48958,16139,27,65,88.5
2024-10,central,VST,2025,VST-TR,1.6T 하이브리드,FWD,미드나잇 블랙,10,10,38758,12777,21,65,88.5
2024-10,central,VST,2025,VST-TR,1.6T 하이브리드,FWD,스틸 그레이,8,8,32638,10759,18,65,88.5
2024-10,central,VST,2025,VST-TR,1.6T 하이브리드,FWD,실버,7,7,26519,8742,15,65,88.5
2024-10,central,VST,2025,VST-TR,1.6T 하이브리드,FWD,오션 블루,5,5,20399,6725,11,65,88.5
2024-10,central,VST,2025,VST-TR,1.6T 하이브리드,FWD,선셋 레드,4,4,16319,5380,9,65,88.5
2024-10,central,VST,2025,VST-TR,1.6T 하이브리드,FWD,포레스트 그린,3,3,10200,3362,6,56,88.5
2024-10,central,VST,2025,VST-TR,1.6T 하이브리드,FWD,샌드 베이지,3,3,10200,3362,6,56,88.5
2024-10,south,VST,2024,VST-CO,2.5 가솔린,AWD,스노우 화이트,21,21,65888,11158,45,65,88.5
2024-10,south,VST,2024,VST-CO,2.5 가솔린,AWD,미드나잇 블랙,17,17,52162,8834,36,65,88.5
2024-10,south,VST,2024,VST-CO,2.5 가솔린,AWD,스틸 그레이,14,14,43926,7439,30,65,88.5
2024-10,south,VST,2024,VST-CO,2.5 가솔린,AWD,실버,12,11,35689,6044,24,65,88.5
2024-10,south,VST,2024,VST-CO,2.5 가솔린,AWD,오션 블루,9,9,27453,4649,19,65,88.5
2024-10,south,VST,2024,VST-CO,2.5 가솔린,AWD,선셋 레드,7,7,21963,3719,15,65,88.5
2024-10,south,VST,2024,VST-CO,2.5 가솔린,AWD,포레스트 그린,4,4,13727,2325,9,65,88.5
2024-10,south,VST,2024,VST-CO,2.5 가솔린,AWD,샌드 베이지,4,4,13727,2325,9,65,88.5
2024-10,south,VST,2024,VST-CO,2.5 가솔린,FWD,스노우 화이트,44,44,137471,23281,94,65,88.5
2024-10,south,VST,2024,VST-CO,2.5 가솔린,FWD,미드나잇 블랙,35,35,108831,18431,75,65,88.5
2024-10,south,VST,2024,VST-CO,2.5 가솔린,FWD,스틸 그레이,30,29,91647,15521,63,65,88.5
2024-10,south,VST,2024,VST-CO,2.5 가솔린,FWD,실버,24,24,74463,12610,51,65,88.5
2024-10,south,VST,2024,VST-CO,2.5 가솔린,FWD,오션 블루,18,18,57279,9700,39,65,88.5
2024-10,south,VST,2024,VST-CO,2.5 가솔린,FWD,선셋 레드,15,15,45824,7760,31,65,88.5
2024-10,south,VST,2024,VST-CO,2.5 가솔린,FWD,포레스트 그린,9,9,28640,4850,20,65,88.5
2024-10,south,VST,2024,VST-CO,2.5 가솔린,FWD,샌드 베이지,9,9,28640,4850,20,65,88.5
2024-10,south,VST,2024,VST-CO,1.6T 하이브리드,AWD,스노우 화이트,13,12,39029,6610,27,65,88.5
2024-10,south,VST,2024,VST-CO,1.6T 하이브리드,AWD,미드나잇 블랙,10,10,30898,5233,21,65,88.5
2024-10,south,VST,2024,VST-CO,1.6T 하이브리드,AWD,스틸 그레이,8,8,26020,4406,18,65,88.5
2024-10,south,VST,2024,VST-CO,1.6T 하이브리드,AWD,실버,7,7,21141,3580,14,65,88.5
2024-10,south,VST,2024,VST-CO,1.6T 하이브리드,AWD,오션 블루,5,5,16262,2754,11,65,88.5
2024-10,south,VST,2024,VST-CO,1.6T 하이브리드,AWD,선셋 레드,4,4,13010,2203,9,65,88.5
2024-10,south,VST,2024,VST-CO,1.6T 하이브리드,AWD,포레스트 그린,3,3,8131,1377,6,56,88.5
2024-10,south,VST,2024,VST-CO,1.6T 하이브리드,AWD,샌드 베이지,3,3,8131,1377,6,56,88.5
2024-10,south,VST,2024,VST-CO,1.6T 하이브리드,FWD,스노우 화이트,26,26,81432,13791,56,65,88.5
2024-10,south,VST,2024,VST-CO,1.6T 하이브리드,FWD,미드나잇 블랙,21,21,64467,10918,44,65,88.5
2024-10,south,VST,2024,VST-CO,1.6T 하이브리드,FWD,스틸 그레이,18,17,54288,9194,37,65,88.5
2024-10,south,VST,2024,VST-CO,1.6T 하이브리드,FWD,실버,14,14,44109,7470,30,65,88.5
2024-10,south,VST,2024,VST-CO,1.6T 하이브리드,FWD,오션 블루,11,11,33930,5746,23,65,88.5
2024-10,south,VST,2024,VST-CO,1.6T 하이브리드,FWD,선셋 레드,9,9,27144,4597,19,65,88.5
2024-10,south,VST,2024,VST-CO,1.6T 하이브리드,FWD,포레스트 그린,5,5,16965,2873,12,65,88.5
2024-10,south,VST,2024,VST-CO,1.6T 하이브리드,FWD,샌드 베이지,5,5,16965,2873,12,65,88.5
2024-10,south,VST,2024,VST-PR,2.5 가솔린,AWD,스노우 화이트,25,24,82926,19554,52,65,88.5
2024-10,south,VST,2024,VST-PR,2.5 가솔린,AWD,미드나잇 블랙,19,19,65650,15480,41,65,88.5
2024-10,south,VST,2024,VST-PR,2.5 가솔린,AWD,스틸 그레이,16,16,55284,13036,35,65,88.5
2024-10,south,VST,2024,VST-PR,2.5 가솔린,AWD,실버,13,13,44918,10592,28,65,88.5
2024-10,south,VST,2024,VST-PR,2.5 가솔린,AWD,오션 블루,10,10,34552,8148,22,65,88.5
2024-10,south,VST,2024,VST-PR,2.5 가솔린,AWD,선셋 레드,8,8,27642,6518,17,65,88.5
2024-10,south,VST,2024,VST-PR,2.5 가솔린,AWD,포레스트 그린,5,5,17276,4074,11,65,88.5
2024-10,south,VST,2024,VST-PR,2.5 가솔린,AWD,샌드 베이지,5,5,17276,4074,11,65,88.5
2024-10,south,VST,2024,VST-PR,2.5 가솔린,FWD,스노우 화이트,51,51,173018,40798,109,65,88.5
2024-10,south,VST,2024,VST-PR,2.5 가솔린,FWD,미드나잇 블랙,41,40,136972,32299,86,65,88.5
2024-10,south,VST,2024,VST-PR,2.5 가솔린,FWD,스틸 그레이,34,34,115345,27199,73,65,88.5
2024-10,south,VST,2024,VST-PR,2.5 가솔린,FWD,실버,28,27,93718,22099,59,65,88.5
2024-10,south,VST,2024,VST-PR,2.5 가솔린,FWD,오션 블루,21,21,72091,16999,45,65,88.5
2024-10,south,VST,2024,VST-PR,2.5 가솔린,FWD,선셋 레드,17,17,57673,13599,36,65,88.5
2024-10,south,VST,2024,VST-PR,2.5 가솔린,FWD,포레스트 그린,11,11,36045,8500,23,65,88.5
2024-10,south,VST,2024,VST-PR,2.5 가솔린,FWD,샌드 베이지,11,11,36045,8500,23,65,88.5
2024-10,south,VST,2024,VST-PR,1.6T 하이브리드,AWD,스노우 화이트,15,14,49122,11583,31,65,88.5
2024-10,south,VST,2024,VST-PR,1.6T 하이브리드,AWD,미드나잇 블랙,12,11,38888,9170,24,65,88.5
2024-10,south,VST,2024,VST-PR,1.6T 하이브리드,AWD,스틸 그레이,10,10,32748,7722,21,65,88.5
2024-10,south,VST,2024,VST-PR,1.6T 하이브리드,AWD,실버,8,8,26608,6274,17,65,88.5
2024-10,south,VST,2024,VST-PR,1.6T 하이브리드,AWD,오션 블루,6,6,20467,4826,13,65,88.5
2024-10,south,VST,2024,VST-PR,1.6T 하이브리드,AWD,선셋 레드,5,5,16374,3861,10,65,88.5
2024-10,south,VST,2024,VST-PR,1.6T 하이브리드,AWD,포레스트 그린,3,3,10234,2413,6,64,88.5
2024-10,south,VST,2024,VST-PR,1.6T 하이브리드,AWD,샌드 베이지,3,3,10234,2413,6,64,88.5
2024-10,south,VST,2024,VST-PR,1.6T 하이브리드,FWD,스노우 화이트,30,30,102488,24167,65,65,88.5
2024-10,south,VST,2024,VST-PR,1.6T 하이브리드,FWD,미드나잇 블랙,24,24,81137,19132,51,65,88.5
2024-10,south,VST,2024,VST-PR,1.6T 하이브리드,FWD,스틸 그레이,20,20,68326,16111,43,65,88.5
2024-10,south,VST,2024,VST-PR,1.6T 하이브리드,FWD,실버,16,16,55514,13091,35,65,88.5
2024-10,south,VST,2024,VST-PR,1.6T 하이브리드,FWD,오션 블루,13,12,42703,10070,27,65,88.5
2024-10,south,VST,2024,VST-PR,1.6T 하이브리드,FWD,선셋 레드,10,10,34163,8056,22,65,88.5
2024-10,south,VST,2024,VST-PR,1.6T 하이브리드,FWD,포레스트 그린,6,6,21352,5035,13,65,88.5
2024-10,south,VST,2024,VST-PR,1.6T 하이브리드,FWD,샌드 베이지,6,6,21352,5035,13,65,88.5
2024-10,south,VST,2024,VST-TR,2.5 가솔린,AWD,스노우 화이트,10,10,38674,12749,21,65,88.5
2024-10,south,VST,2024,VST-TR,2.5 가솔린,AWD,미드나잇 블랙,8,8,30617,10093,17,65,88.5
2024-10,south,VST,2024,VST-TR,2.5 가솔린,AWD,스틸 그레이,7,7,25782,8499,14,65,88.5
2024-10,south,VST,2024,VST-TR,2.5 가솔린,AWD,실버,5,5,20948,6906,12,65,88.5
2024-10,south,VST,2024,VST-TR,2.5 가솔린,AWD,오션 블루,4,4,16114,5312,9,65,88.5
2024-10,south,VST,2024,VST-TR,2.5 가솔린,AWD,선셋 레드,3,3,12891,4250,7,65,88.5
2024-10,south,VST,2024,VST-TR,2.5 가솔린,AWD,포레스트 그린,2,2,8057,2656,4,45,88.5
2024-10,south,VST,2024,VST-TR,2.5 가솔린,AWD,샌드 베이지,2,2,8057,2656,4,45,88.5
2024-10,south,VST,2024,VST-TR,2.5 가솔린,FWD,스노우 화이트,21,21,80689,26599,45,65,88.5
2024-10,south,VST,2024,VST-TR,2.5 가솔린,FWD,미드나잇 블랙,17,16,63879,21058,35,65,88.5
2024-10,south,VST,2024,VST-TR,2.5 가솔린,FWD,스틸 그레이,14,14,53793,17733,30,65,88.5
2024-10,south,VST,2024,VST-TR,2.5 가솔린,FWD,실버,11,11,43707,14408,24,65,88.5
2024-10,south,VST,2024,VST-TR,2.5 가솔린,FWD,오션 블루,9,9,33621,11083,19,65,88.5
2024-10,south,VST,2024,VST-TR,2.5 가솔린,FWD,선셋 레드,7,7,26896,8866,15,65,88.5
2024-10,south,VST,2024,VST-TR,2.5 가솔린,FWD,포레스트 그린,4,4,16810,5542,9,65,88.5
2024-10,south,VST,2024,VST-TR,2.5 가솔린,FWD,샌드 베이지,4,4,16810,5542,9,65,88.5
2024-10,south,VST,2024,VST-TR,1.6T 하이브리드,AWD,스노우 화이트,6,6,22909,7552,13,65,88.5
2024-10,south,VST,2024,VST-TR,1.6T 하이브리드,AWD,미드나잇 블랙,5,5,18136,5979,10,65,88.5
2024-10,south,VST,2024,VST-TR,1.6T 하이브리드,AWD,스틸 그레이,4,4,15272,5035,8,65,88.5
2024-10,south,VST,2024,VST-TR,1.6T 하이브리드,AWD,실버,3,3,12409,4091,7,65,88.5
2024-10,south,VST,2024,VST-TR,1.6T 하이브리드,AWD,오션 블루,2,2,9545,3147,5,53,88.5
2024-10,south,VST,2024,VST-TR,1.6T 하이브리드,AWD,선셋 레드,2,2,7636,2517,4,42,88.5
2024-10,south,VST,2024,VST-TR,1.6T 하이브리드,AWD,포레스트 그린,1,1,4773,1573,3,26,88.5
2024-10,south,VST,2024,VST-TR,1.6T 하이브리드,AWD,샌드 베이지,1,1,4773,1573,3,26,88.5
2024-10,south,VST,2024,VST-TR,1.6T 하이브리드,FWD,스노우 화이트,12,12,47797,15756,26,65,88.5
2024-10,south,VST,2024,VST-TR,1.6T 하이브리드,FWD,미드나잇 블랙,10,10,37839,12474,21,65,88.5
2024-10,south,VST,2024,VST-TR,1.6T 하이브리드,FWD,스틸 그레이,8,8,31865,10504,18,65,88.5
2024-10,south,VST,2024,VST-TR,1.6T 하이브리드,FWD,실버,7,7,25890,8535,14,65,88.5
2024-10,south,VST,2024,VST-TR,1.6T 하이브리드,FWD,오션 블루,5,5,19915,6565,11,65,88.5
2024-10,south,VST,2024,VST-TR,1.6T 하이브리드,FWD,선셋 레드,4,4,15932,5252,9,65,88.5
2024-10,south,VST,2024,VST-TR,1.6T 하이브리드,FWD,포레스트 그린,3,3,9958,3283,6,55,88.5
2024-10,south,VST,2024,VST-TR,1.6T 하이브리드,FWD,샌드 베이지,3,3,9958,3283,6,55,88.5
2024-10,south,VST,2025,VST-CO,2.5 가솔린,AWD,스노우 화이트,39,39,122364,20723,84,65,88.5
2024-10,south,VST,2025,VST-CO,2.5 가솔린,AWD,미드나잇 블랙,31,31,96871,16405,66,65,88.5
2024-10,south,VST,2025,VST-CO,2.5 가솔린,AWD,스틸 그레이,26,26,81576,13815,56,65,88.5
2024-10,south,VST,2025,VST-CO,2.5 가솔린,AWD,실버,21,21,66280,11225,45,65,88.5
2024-10,south,VST,2025,VST-CO,2.5 가솔린,AWD,오션 블루,16,16,50985,8634,35,65,88.5
2024-10,south,VST,2025,VST-CO,2.5 가솔린,AWD,선셋 레드,13,13,40788,6908,28,65,88.5
2024-10,south,VST,2025,VST-CO,2.5 가솔린,AWD,포레스트 그린,8,8,25492,4317,17,65,88.5
2024-10,south,VST,2025,VST-CO,2.5 가솔린,AWD,샌드 베이지,8,8,25492,4317,17,65,88.5
2024-10,south,VST,2025,VST-CO,2.5 가솔린,FWD,스노우 화이트,82,81,255302,43236,175,65,88.5
2024-10,south,VST,2025,VST-CO,2.5 가솔린,FWD,미드나잇 블랙,65,64,202114,34228,138,65,88.5
2024-10,south,VST,2025,VST-CO,2.5 가솔린,FWD,스틸 그레이,55,54,170202,28824,117,65,88.5
2024-10,south,VST,2025,VST-CO,2.5 가솔린,FWD,실버,45,44,138289,23419,95,65,88.5
2024-10,south,VST,2025,VST-CO,2.5 가솔린,FWD,오션 블루,34,34,106376,18015,73,65,88.5
2024-10,south,VST,2025,VST-CO,2.5 가솔린,FWD,선셋 레드,27,27,85101,14412,58,65,88.5
2024-10,south,VST,2025,VST-CO,2.5 가솔린,FWD,포레스트 그린,17,17,53188,9007,36,65,88.5
2024-10,south,VST,2025,VST-CO,2.5 가솔린,FWD,샌드 베이지,17,17,53188,9007,36,65,88.5
2024-10,south,VST,2025,VST-CO,1.6T 하이브리드,AWD,스노우 화이트,23,23,72483,12275,50,65,88.5
2024-10,south,VST,2025,VST-CO,1.6T 하이브리드,AWD,미드나잇 블랙,19,18,57382,9718,39,65,88.5
2024-10,south,VST,2025,VST-CO,1.6T 하이브리드,AWD,스틸 그레이,16,15,48322,8183,33,65,88.5
2024-10,south,VST,2025,VST-CO,1.6T 하이브리드,AWD,실버,13,12,39262,6649,27,65,88.5
2024-10,south,VST,2025,VST-CO,1.6T 하이브리드,AWD,오션 블루,10,10,30201,5115,21,65,88.5
2024-10,south,VST,2025,VST-CO,1.6T 하이브리드,AWD,선셋 레드,8,8,24161,4092,17,65,88.5
2024-10,south,VST,2025,VST-CO,1.6T 하이브리드,AWD,포레스트 그린,5,5,15101,2557,10,65,88.5
2024-10,south,VST,2025,VST-CO,1.6T 하이브리드,AWD,샌드 베이지,5,5,15101,2557,10,65,88.5
2024-10,south,VST,2025,VST-CO,1.6T 하이브리드,FWD,스노우 화이트,49,48,151230,25611,104,65,88.5
2024-10,south,VST,2025,VST-CO,1.6T 하이브리드,FWD,미드나잇 블랙,39,38,119724,20275,82,65,88.5
2024-10,south,VST,2025,VST-CO,1.6T 하이브리드,FWD,스틸 그레이,33,32,100820,17074,69,65,88.5
2024-10,south,VST,2025,VST-CO,1.6T 하이브리드,FWD,실버,26,26,81916,13873,56,65,88.5
2024-10,south,VST,2025,VST-CO,1.6T 하이브리드,FWD,오션 블루,20,20,63013,10671,43,65,88.5
2024-10,south,VST,2025,VST-CO,1.6T 하이브리드,FWD,선셋 레드,16,16,50410,8537,35,65,88.5
2024-10,south,VST,2025,VST-CO,1.6T 하이브리드,FWD,포레스트 그린,10,10,31506,5336,22,65,88.5
2024-10,south,VST,2025,VST-CO,1.6T 하이브리드,FWD,샌드 베이지,10,10,31506,5336,22,65,88.5
2024-10,south,VST,2025,VST-PR,2.5 가솔린,AWD,스노우 화이트,46,45,154005,36315,97,65,88.5
2024-10,south,VST,2025,VST-PR,2.5 가솔린,AWD,미드나잇 블랙,36,36,121921,28749,77,65,88.5
2024-10,south,VST,2025,VST-PR,2.5 가솔린,AWD,스틸 그레이,30,30,102670,24210,65,65,88.5
2024-10,south,VST,2025,VST-PR,2.5 가솔린,AWD,실버,25,24,83419,19671,53,65,88.5
2024-10,south,VST,2025,VST-PR,2.5 가솔린,AWD,오션 블루,19,19,64169,15131,40,65,88.5
2024-10,south,VST,2025,VST-PR,2.5 가솔린,AWD,선셋 레드,15,15,51335,12105,32,65,88.5
2024-10,south,VST,2025,VST-PR,2.5 가솔린,AWD,포레스트 그린,10,9,32084,7566,20,65,88.5
2024-10,south,VST,2025,VST-PR,2.5 가솔린,AWD,샌드 베이지,10,9,32084,7566,20,65,88.5
2024-10,south,VST,2025,VST-PR,2.5 가솔린,FWD,스노우 화이트,95,94,321319,75768,202,65,88.5
2024-10,south,VST,2025,VST-PR,2.5 가솔린,FWD,미드나잇 블랙,75,74,254377,59983,160,65,88.5
2024-10,south,VST,2025,VST-PR,2.5 가솔린,FWD,스틸 그레이,64,63,214213,50512,135,65,88.5
2024-10,south,VST,2025,VST-PR,2.5 가솔린,FWD,실버,52,51,174048,41041,110,65,88.5
2024-10,south,VST,2025,VST-PR,2.5 가솔린,FWD,오션 블루,40,39,133883,31570,84,65,88.5
2024-10,south,VST,2025,VST-PR,2.5 가솔린,FWD,선셋 레드,32,31,107106,25256,67,65,88.5
2024-10,south,VST,2025,VST-PR,2.5 가솔린,FWD,포레스트 그린,20,20,66941,15785,42,65,88.5
2024-10,south,VST,2025,VST-PR,2.5 가솔린,FWD,샌드 베이지,20,20,66941,15785,42,65,88.5
2024-10,south,VST,2025,VST-PR,1.6T 하이브리드,AWD,스노우 화이트,27,27,91226,21511,57,65,88.5
2024-10,south,VST,2025,VST-PR,1.6T 하이브리드,AWD,미드나잇 블랙,21,21,72220,17030,45,65,88.5
2024-10,south,VST,2025,VST-PR,1.6T 하이브리드,AWD,스틸 그레이,18,18,60817,14341,38,65,88.5
2024-10,south,VST,2025,VST-PR,1.6T 하이브리드,AWD,실버,15,14,49414,11652,31,65,88.5
2024-10,south,VST,2025,VST-PR,1.6T 하이브리드,AWD,오션 블루,11,11,38011,8963,24,65,88.5
2024-10,south,VST,2025,VST-PR,1.6T 하이브리드,AWD,선셋 레드,9,9,30409,7170,19,65,88.5
2024-10,south,VST,2025,VST-PR,1.6T 하이브리드,AWD,포레스트 그린,6,6,19005,4482,12,65,88.5
2024-10,south,VST,2025,VST-PR,1.6T 하이브리드,AWD,샌드 베이지,6,6,19005,4482,12,65,88.5
2024-10,south,VST,2025,VST-PR,1.6T 하이브리드,FWD,스노우 화이트,56,56,190335,44882,120,65,88.5
2024-10,south,VST,2025,VST-PR,1.6T 하이브리드,FWD,미드나잇 블랙,45,44,150682,35531,95,65,88.5
2024-10,south,VST,2025,VST-PR,1.6T 하이브리드,FWD,스틸 그레이,38,37,126890,29921,80,65,88.5
2024-10,south,VST,2025,VST-PR,1.6T 하이브리드,FWD,실버,31,30,103098,24311,65,65,88.5
2024-10,south,VST,2025,VST-PR,1.6T 하이브리드,FWD,오션 블루,24,23,79306,18701,50,65,88.5
2024-10,south,VST,2025,VST-PR,1.6T 하이브리드,FWD,선셋 레드,19,19,63445,14961,40,65,88.5
2024-10,south,VST,2025,VST-PR,1.6T 하이브리드,FWD,포레스트 그린,12,12,39653,9350,25,65,88.5
2024-10,south,VST,2025,VST-PR,1.6T 하이브리드,FWD,샌드 베이지,12,12,39653,9350,25,65,88.5
2024-10,south,VST,2025,VST-TR,2.5 가솔린,AWD,스노우 화이트,19,18,71822,23676,40,65,88.5
2024-10,south,VST,2025,VST-TR,2.5 가솔린,AWD,미드나잇 블랙,15,15,56859,18744,31,65,88.5
2024-10,south,VST,2025,VST-TR,2.5 가솔린,AWD,스틸 그레이,12,12,47882,15784,26,65,88.5
2024-10,south,VST,2025,VST-TR,2.5 가솔린,AWD,실버,10,10,38904,12825,21,65,88.5
2024-10,south,VST,2025,VST-TR,2.5 가솔린,AWD,오션 블루,8,8,29926,9865,17,65,88.5
2024-10,south,VST,2025,VST-TR,2.5 가솔린,AWD,선셋 레드,6,6,23941,7892,13,65,88.5
2024-10,south,VST,2025,VST-TR,2.5 가솔린,AWD,포레스트 그린,4,4,14963,4933,8,65,88.5
2024-10,south,VST,2025,VST-TR,2.5 가솔린,AWD,샌드 베이지,4,4,14963,4933,8,65,88.5
2024-10,south,VST,2025,VST-TR,2.5 가솔린,FWD,스노우 화이트,39,38,149851,49399,83,65,88.5
2024-10,south,VST,2025,VST-TR,2.5 가솔린,FWD,미드나잇 블랙,31,30,118632,39107,66,65,88.5
2024-10,south,VST,2025,VST-TR,2.5 가솔린,FWD,스틸 그레이,26,26,99901,32933,55,65,88.5
2024-10,south,VST,2025,VST-TR,2.5 가솔린,FWD,실버,21,21,81170,26758,45,65,88.5
2024-10,south,VST,2025,VST-TR,2.5 가솔린,FWD,오션 블루,16,16,62438,20583,35,65,88.5
2024-10,south,VST,2025,VST-TR,2.5 가솔린,FWD,선셋 레드,13,13,49950,16466,28,65,88.5
2024-10,south,VST,2025,VST-TR,2.5 가솔린,FWD,포레스트 그린,8,8,31219,10291,17,65,88.5
2024-10,south,VST,2025,VST-TR,2.5 가솔린,FWD,샌드 베이지,8,8,31219,10291,17,65,88.5
2024-10,south,VST,2025,VST-TR,1.6T 하이브리드,AWD,스노우 화이트,11,11,42544,14025,24,65,88.5
2024-10,south,VST,2025,VST-TR,1.6T 하이브리드,AWD,미드나잇 블랙,9,9,33681,11103,19,65,88.5
2024-10,south,VST,2025,VST-TR,1.6T 하이브리드,AWD,스틸 그레이,7,7,28363,9350,16,65,88.5
2024-10,south,VST,2025,VST-TR,1.6T 하이브리드,AWD,실버,6,6,23045,7597,13,65,88.5
2024-10,south,VST,2025,VST-TR,1.6T 하이브리드,AWD,오션 블루,5,5,17727,5844,10,65,88.5
2024-10,south,VST,2025,VST-TR,1.6T 하이브리드,AWD,선셋 레드,4,4,14181,4675,8,65,88.5
2024-10,south,VST,2025,VST-TR,1.6T 하이브리드,AWD,포레스트 그린,2,2,8863,2922,5,49,88.5
2024-10,south,VST,2025,VST-TR,1.6T 하이브리드,AWD,샌드 베이지,2,2,8863,2922,5,49,88.5
2024-10,south,VST,2025,VST-TR,1.6T 하이브리드,FWD,스노우 화이트,23,23,88766,29262,49,65,88.5
2024-10,south,VST,2025,VST-TR,1.6T 하이브리드,FWD,미드나잇 블랙,18,18,70273,23166,39,65,88.5
2024-10,south,VST,2025,VST-TR,1.6T 하이브리드,FWD,스틸 그레이,15,15,59177,19508,33,65,88.5
2024-10,south,VST,2025,VST-TR,1.6T 하이브리드,FWD,실버,13,12,48081,15850,27,65,88.5
2024-10,south,VST,2025,VST-TR,1.6T 하이브리드,FWD,오션 블루,10,9,36986,12192,20,65,88.5
2024-10,south,VST,2025,VST-TR,1.6T 하이브리드,FWD,선셋 레드,8,8,29589,9754,16,65,88.5
2024-10,south,VST,2025,VST-TR,1.6T 하이브리드,FWD,포레스트 그린,5,5,18493,6096,10,65,88.5
2024-10,south,VST,2025,VST-TR,1.6T 하이브리드,FWD,샌드 베이지,5,5,18493,6096,10,65,88.5
2024-10,northeast,VST,2024,VST-CO,2.5 가솔린,AWD,스노우 화이트,30,29,91927,15568,63,65,88.5
2024-10,northeast,VST,2024,VST-CO,2.5 가솔린,AWD,미드나잇 블랙,23,23,72776,12325,50,65,88.5
2024-10,northeast,VST,2024,VST-CO,2.5 가솔린,AWD,스틸 그레이,20,19,61285,10379,42,65,88.5
2024-10,northeast,VST,2024,VST-CO,2.5 가솔린,AWD,실버,16,16,49794,8433,34,65,88.5
2024-10,northeast,VST,2024,VST-CO,2.5 가솔린,AWD,오션 블루,12,12,38303,6487,26,65,88.5
2024-10,northeast,VST,2024,VST-CO,2.5 가솔린,AWD,선셋 레드,10,10,30642,5189,21,65,88.5
2024-10,northeast,VST,2024,VST-CO,2.5 가솔린,AWD,포레스트 그린,6,6,19152,3243,13,65,88.5
2024-10,northeast,VST,2024,VST-CO,2.5 가솔린,AWD,샌드 베이지,6,6,19152,3243,13,65,88.5
2024-10,northeast,VST,2024,VST-CO,2.5 가솔린,FWD,스노우 화이트,21,21,65213,11044,45,65,88.5
2024-10,northeast,VST,2024,VST-CO,2.5 가솔린,FWD,미드나잇 블랙,17,16,51627,8743,35,65,88.5
2024-10,northeast,VST,2024,VST-CO,2.5 가솔린,FWD,스틸 그레이,14,14,43476,7363,30,65,88.5
2024-10,northeast,VST,2024,VST-CO,2.5 가솔린,FWD,실버,11,11,35324,5982,24,65,88.5
2024-10,northeast,VST,2024,VST-CO,2.5 가솔린,FWD,오션 블루,9,9,27172,4602,19,65,88.5
2024-10,northeast,VST,2024,VST-CO,2.5 가솔린,FWD,선셋 레드,7,7,21738,3681,15,65,88.5
2024-10,northeast,VST,2024,VST-CO,2.5 가솔린,FWD,포레스트 그린,4,4,13586,2301,9,65,88.5
2024-10,northeast,VST,2024,VST-CO,2.5 가솔린,FWD,샌드 베이지,4,4,13586,2301,9,65,88.5
2024-10,northeast,VST,2024,VST-CO,1.6T 하이브리드,AWD,스노우 화이트,18,17,54454,9222,37,65,88.5
2024-10,northeast,VST,2024,VST-CO,1.6T 하이브리드,AWD,미드나잇 블랙,14,14,43109,7301,30,65,88.5
2024-10,northeast,VST,2024,VST-CO,1.6T 하이브리드,AWD,스틸 그레이,12,12,36303,6148,25,65,88.5
2024-10,northeast,VST,2024,VST-CO,1.6T 하이브리드,AWD,실버,10,9,29496,4995,20,65,88.5
2024-10,northeast,VST,2024,VST-CO,1.6T 하이브리드,AWD,오션 블루,7,7,22689,3842,16,65,88.5
2024-10,northeast,VST,2024,VST-CO,1.6T 하이브리드,AWD,선셋 레드,6,6,18151,3074,12,65,88.5
2024-10,northeast,VST,2024,VST-CO,1.6T 하이브리드,AWD,포레스트 그린,4,4,11345,1921,8,65,88.5
2024-10,northeast,VST,2024,VST-CO,1.6T 하이브리드,AWD,샌드 베이지,4,4,11345,1921,8,65,88.5
2024-10,northeast,VST,2024,VST-CO,1.6T 하이브리드,FWD,스노우 화이트,12,12,38630,6542,26,65,88.5
2024-10,northeast,VST,2024,VST-CO,1.6T 하이브리드,FWD,미드나잇 블랙,10,10,30582,5179,21,65,88.5
2024-10,northeast,VST,2024,VST-CO,1.6T 하이브리드,FWD,스틸 그레이,8,8,25753,4361,18,65,88.5
2024-10,northeast,VST,2024,VST-CO,1.6T 하이브리드,FWD,실버,7,7,20924,3544,14,65,88.5
2024-10,northeast,VST,2024,VST-CO,1.6T 하이브리드,FWD,오션 블루,5,5,16096,2726,11,65,88.5
2024-10,northeast,VST,2024,VST-CO,1.6T 하이브리드,FWD,선셋 레드,4,4,12877,2181,9,65,88.5
2024-10,northeast,VST,2024,VST-CO,1.6T 하이브리드,FWD,포레스트 그린,3,3,8048,1363,6,55,88.5
2024-10,northeast,VST,2024,VST-CO,1.6T 하이브리드,FWD,샌드 베이지,3,3,8048,1363,6,55,88.5
2024-10,northeast,VST,2024,VST-PR,2.5 가솔린,AWD,스노우 화이트,34,34,115698,27282,73,65,88.5
2024-10,northeast,VST,2024,VST-PR,2.5 가솔린,AWD,미드나잇 블랙,27,27,91594,21598,58,65,88.5
2024-10,northeast,VST,2024,VST-PR,2.5 가솔린,AWD,스틸 그레이,23,23,77132,18188,49,65,88.5
2024-10,northeast,VST,2024,VST-PR,2.5 가솔린,AWD,실버,19,18,62670,14778,39,65,88.5
2024-10,northeast,VST,2024,VST-PR,2.5 가솔린,AWD,오션 블루,14,14,48208,11368,30,65,88.5
2024-10,northeast,VST,2024,VST-PR,2.5 가솔린,AWD,선셋 레드,11,11,38566,9094,24,65,88.5
2024-10,northeast,VST,2024,VST-PR,2.5 가솔린,AWD,포레스트 그린,7,7,24104,5684,15,65,88.5
2024-10,northeast,VST,2024,VST-PR,2.5 가솔린,AWD,샌드 베이지,7,7,24104,5684,15,65,88.5
2024-10,northeast,VST,2024,VST-PR,2.5 가솔린,FWD,스노우 화이트,24,24,82076,19354,52,65,88.5
2024-10,northeast,VST,2024,VST-PR,2.5 가솔린,FWD,미드나잇 블랙,19,19,64977,15322,41,65,88.5
2024-10,northeast,VST,2024,VST-PR,2.5 가솔린,FWD,스틸 그레이,16,16,54718,12903,34,65,88.5
2024-10,northeast,VST,2024,VST-PR,2.5 가솔린,FWD,실버,13,13,44458,10483,28,65,88.5
2024-10,northeast,VST,2024,VST-PR,2.5 가솔린,FWD,오션 블루,10,10,34199,8064,22,65,88.5
2024-10,northeast,VST,2024,VST-PR,2.5 가솔린,FWD,선셋 레드,8,8,27359,6451,17,65,88.5
2024-10,northeast,VST,2024,VST-PR,2.5 가솔린,FWD,포레스트 그린,5,5,17099,4032,11,65,88.5
2024-10,northeast,VST,2024,VST-PR,2.5 가솔린,FWD,샌드 베이지,5,5,17099,4032,11,65,88.5
2024-10,northeast,VST,2024,VST-PR,1.6T 하이브리드,AWD,스노우 화이트,20,20,68535,16161,43,65,88.5
2024-10,northeast,VST,2024,VST-PR,1.6T 하이브리드,AWD,미드나잇 블랙,16,16,54257,12794,34,65,88.5
2024-10,northeast,VST,2024,VST-PR,1.6T 하이브리드,AWD,스틸 그레이,14,13,45690,10774,29,65,88.5
2024-10,northeast,VST,2024,VST-PR,1.6T 하이브리드,AWD,실버,11,11,37123,8754,23,65,88.5
2024-10,northeast,VST,2024,VST-PR,1.6T 하이브리드,AWD,오션 블루,8,8,28556,6734,18,65,88.5
2024-10,northeast,VST,2024,VST-PR,1.6T 하이브리드,AWD,선셋 레드,7,7,22845,5387,14,65,88.5
2024-10,northeast,VST,2024,VST-PR,1.6T 하이브리드,AWD,포레스트 그린,4,4,14278,3367,9,65,88.5
2024-10,northeast,VST,2024,VST-PR,1.6T 하이브리드,AWD,샌드 베이지,4,4,14278,3367,9,65,88.5
2024-10,northeast,VST,2024,VST-PR,1.6T 하이브리드,FWD,스노우 화이트,14,14,48619,11464,31,65,88.5
2024-10,northeast,VST,2024,VST-PR,1.6T 하이브리드,FWD,미드나잇 블랙,11,11,38490,9076,24,65,88.5
2024-10,northeast,VST,2024,VST-PR,1.6T 하이브리드,FWD,스틸 그레이,10,9,32412,7643,20,65,88.5
2024-10,northeast,VST,2024,VST-PR,1.6T 하이브리드,FWD,실버,8,8,26335,6210,17,65,88.5
2024-10,northeast,VST,2024,VST-PR,1.6T 하이브리드,FWD,오션 블루,6,6,20258,4777,13,65,88.5
2024-10,northeast,VST,2024,VST-PR,1.6T 하이브리드,FWD,선셋 레드,5,5,16206,3821,10,65,88.5
2024-10,northeast,VST,2024,VST-PR,1.6T 하이브리드,FWD,포레스트 그린,3,3,10129,2388,6,64,88.5
2024-10,northeast,VST,2024,VST-PR,1.6T 하이브리드,FWD,샌드 베이지,3,3,10129,2388,6,64,88.5
2024-10,northeast,VST,2024,VST-TR,2.5 가솔린,AWD,스노우 화이트,14,14,53957,17787,30,65,88.5
2024-10,northeast,VST,2024,VST-TR,2.5 가솔린,AWD,미드나잇 블랙,11,11,42716,14082,24,65,88.5
2024-10,northeast,VST,2024,VST-TR,2.5 가솔린,AWD,스틸 그레이,9,9,35972,11858,20,65,88.5
2024-10,northeast,VST,2024,VST-TR,2.5 가솔린,AWD,실버,8,8,29227,9635,16,65,88.5
2024-10,northeast,VST,2024,VST-TR,2.5 가솔린,AWD,오션 블루,6,6,22482,7411,12,65,88.5
2024-10,northeast,VST,2024,VST-TR,2.5 가솔린,AWD,선셋 레드,5,5,17986,5929,10,65,88.5
2024-10,northeast,VST,2024,VST-TR,2.5 가솔린,AWD,포레스트 그린,3,3,11241,3706,6,62,88.5
2024-10,northeast,VST,2024,VST-TR,2.5 가솔린,AWD,샌드 베이지,3,3,11241,3706,6,62,88.5
2024-10,northeast,VST,2024,VST-TR,2.5 가솔린,FWD,스노우 화이트,10,10,38277,12618,21,65,88.5
2024-10,northeast,VST,2024,VST-TR,2.5 가솔린,FWD,미드나잇 블랙,8,8,30303,9989,17,65,88.5
2024-10,northeast,VST,2024,VST-TR,2.5 가솔린,FWD,스틸 그레이,7,7,25518,8412,14,65,88.5
2024-10,northeast,VST,2024,VST-TR,2.5 가솔린,FWD,실버,5,5,20734,6835,11,65,88.5
2024-10,northeast,VST,2024,VST-TR,2.5 가솔린,FWD,오션 블루,4,4,15949,5258,9,65,88.5
2024-10,northeast,VST,2024,VST-TR,2.5 가솔린,FWD,선셋 레드,3,3,12759,4206,7,65,88.5
2024-10,northeast,VST,2024,VST-TR,2.5 가솔린,FWD,포레스트 그린,2,2,7974,2629,4,44,88.5
2024-10,northeast,VST,2024,VST-TR,2.5 가솔린,FWD,샌드 베이지,2,2,7974,2629,4,44,88.5
2024-10,northeast,VST,2024,VST-TR,1.6T 하이브리드,AWD,스노우 화이트,8,8,31962,10536,18,65,88.5
2024-10,northeast,VST,2024,VST-TR,1.6T 하이브리드,AWD,미드나잇 블랙,7,6,25303,8341,14,65,88.5
2024-10,northeast,VST,2024,VST-TR,1.6T 하이브리드,AWD,스틸 그레이,6,5,21308,7024,12,65,88.5
2024-10,northeast,VST,2024,VST-TR,1.6T 하이브리드,AWD,실버,5,4,17313,5707,10,65,88.5
2024-10,northeast,VST,2024,VST-TR,1.6T 하이브리드,AWD,오션 블루,3,3,13318,4390,7,65,88.5
2024-10,northeast,VST,2024,VST-TR,1.6T 하이브리드,AWD,선셋 레드,3,3,10654,3512,6,59,88.5
2024-10,northeast,VST,2024,VST-TR,1.6T 하이브리드,AWD,포레스트 그린,2,2,6659,2195,4,37,88.5
2024-10,northeast,VST,2024,VST-TR,1.6T 하이브리드,AWD,샌드 베이지,2,2,6659,2195,4,37,88.5
2024-10,northeast,VST,2024,VST-TR,1.6T 하이브리드,FWD,스노우 화이트,6,6,22674,7475,13,65,88.5
2024-10,northeast,VST,2024,VST-TR,1.6T 하이브리드,FWD,미드나잇 블랙,5,5,17950,5917,10,65,88.5
2024-10,northeast,VST,2024,VST-TR,1.6T 하이브리드,FWD,스틸 그레이,4,4,15116,4983,8,65,88.5
2024-10,northeast,VST,2024,VST-TR,1.6T 하이브리드,FWD,실버,3,3,12282,4049,7,65,88.5
2024-10,northeast,VST,2024,VST-TR,1.6T 하이브리드,FWD,오션 블루,2,2,9447,3114,5,52,88.5
2024-10,northeast,VST,2024,VST-TR,1.6T 하이브리드,FWD,선셋 레드,2,2,7558,2492,4,42,88.5
2024-10,northeast,VST,2024,VST-TR,1.6T 하이브리드,FWD,포레스트 그린,1,1,4724,1557,3,26,88.5
2024-10,northeast,VST,2024,VST-TR,1.6T 하이브리드,FWD,샌드 베이지,1,1,4724,1557,3,26,88.5
2024-10,northeast,VST,2025,VST-CO,2.5 가솔린,AWD,스노우 화이트,55,54,170722,28912,117,65,88.5
2024-10,northeast,VST,2025,VST-CO,2.5 가솔린,AWD,미드나잇 블랙,44,43,135155,22889,93,65,88.5
2024-10,northeast,VST,2025,VST-CO,2.5 가솔린,AWD,스틸 그레이,37,36,113815,19275,78,65,88.5
2024-10,northeast,VST,2025,VST-CO,2.5 가솔린,AWD,실버,30,29,92475,15661,63,65,88.5
2024-10,northeast,VST,2025,VST-CO,2.5 가솔린,AWD,오션 블루,23,23,71134,12047,49,65,88.5
2024-10,northeast,VST,2025,VST-CO,2.5 가솔린,AWD,선셋 레드,18,18,56907,9637,39,65,88.5
2024-10,northeast,VST,2025,VST-CO,2.5 가솔린,AWD,포레스트 그린,11,11,35567,6023,24,65,88.5
2024-10,northeast,VST,2025,VST-CO,2.5 가솔린,AWD,샌드 베이지,11,11,35567,6023,24,65,88.5
2024-10,northeast,VST,2025,VST-CO,2.5 가솔린,FWD,스노우 화이트,39,39,121111,20510,83,65,88.5
2024-10,northeast,VST,2025,VST-CO,2.5 가솔린,FWD,미드나잇 블랙,31,30,95879,16237,66,65,88.5
2024-10,northeast,VST,2025,VST-CO,2.5 가솔린,FWD,스틸 그레이,26,26,80741,13674,55,65,88.5
2024-10,northeast,VST,2025,VST-CO,2.5 가솔린,FWD,실버,21,21,65602,11110,45,65,88.5
2024-10,northeast,VST,2025,VST-CO,2.5 가솔린,FWD,오션 블루,16,16,50463,8546,35,65,88.5
2024-10,northeast,VST,2025,VST-CO,2.5 가솔린,FWD,선셋 레드,13,13,40370,6837,28,65,88.5
2024-10,northeast,VST,2025,VST-CO,2.5 가솔린,FWD,포레스트 그린,8,8,25231,4273,17,65,88.5
2024-10,northeast,VST,2025,VST-CO,2.5 가솔린,FWD,샌드 베이지,8,8,25231,4273,17,65,88.5
2024-10,northeast,VST,2025,VST-CO,1.6T 하이브리드,AWD,스노우 화이트,33,32,101129,17126,69,65,88.5
2024-10,northeast,VST,2025,VST-CO,1.6T 하이브리드,AWD,미드나잇 블랙,26,25,80060,13558,55,65,88.5
2024-10,northeast,VST,2025,VST-CO,1.6T 하이브리드,AWD,스틸 그레이,22,21,67419,11418,46,65,88.5
2024-10,northeast,VST,2025,VST-CO,1.6T 하이브리드,AWD,실버,18,17,54778,9277,38,65,88.5
2024-10,northeast,VST,2025,VST-CO,1.6T 하이브리드,AWD,오션 블루,14,13,42137,7136,29,65,88.5
2024-10,northeast,VST,2025,VST-CO,1.6T 하이브리드,AWD,선셋 레드,11,11,33710,5709,23,65,88.5
2024-10,northeast,VST,2025,VST-CO,1.6T 하이브리드,AWD,포레스트 그린,7,7,21068,3568,14,65,88.5
2024-10,northeast,VST,2025,VST-CO,1.6T 하이브리드,AWD,샌드 베이지,7,7,21068,3568,14,65,88.5
2024-10,northeast,VST,2025,VST-CO,1.6T 하이브리드,FWD,스노우 화이트,23,23,71741,12149,49,65,88.5
2024-10,northeast,VST,2025,VST-CO,1.6T 하이브리드,FWD,미드나잇 블랙,18,18,56795,9618,39,65,88.5
2024-10,northeast,VST,2025,VST-CO,1.6T 하이브리드,FWD,스틸 그레이,15,15,47827,8100,33,65,88.5
2024-10,northeast,VST,2025,VST-CO,1.6T 하이브리드,FWD,실버,13,12,38860,6581,27,65,88.5
2024-10,northeast,VST,2025,VST-CO,1.6T 하이브리드,FWD,오션 블루,10,10,29892,5062,20,65,88.5
2024-10,northeast,VST,2025,VST-CO,1.6T 하이브리드,FWD,선셋 레드,8,8,23914,4050,16,65,88.5
2024-10,northeast,VST,2025,VST-CO,1.6T 하이브리드,FWD,포레스트 그린,5,5,14946,2531,10,65,88.5
2024-10,northeast,VST,2025,VST-CO,1.6T 하이브리드,FWD,샌드 베이지,5,5,14946,2531,10,65,88.5
2024-10,northeast,VST,2025,VST-PR,2.5 가솔린,AWD,스노우 화이트,64,63,214868,50667,135,65,88.5
2024-10,northeast,VST,2025,VST-PR,2.5 가솔린,AWD,미드나잇 블랙,50,50,170104,40111,107,65,88.5
2024-10,northeast,VST,2025,VST-PR,2.5 가솔린,AWD,스틸 그레이,42,42,143245,33778,90,65,88.5
2024-10,northeast,VST,2025,VST-PR,2.5 가솔린,AWD,실버,35,34,116387,27444,73,65,88.5
2024-10,northeast,VST,2025,VST-PR,2.5 가솔린,AWD,오션 블루,27,26,89528,21111,56,65,88.5
2024-10,northeast,VST,2025,VST-PR,2.5 가솔린,AWD,선셋 레드,21,21,71623,16889,45,65,88.5
2024-10,northeast,VST,2025,VST-PR,2.5 가솔린,AWD,포레스트 그린,13,13,44764,10556,28,65,88.5
2024-10,northeast,VST,2025,VST-PR,2.5 가솔린,AWD,샌드 베이지,13,13,44764,10556,28,65,88.5
2024-10,northeast,VST,2025,VST-PR,2.5 가솔린,FWD,스노우 화이트,45,45,152428,35943,96,65,88.5
2024-10,northeast,VST,2025,VST-PR,2.5 가솔린,FWD,미드나잇 블랙,36,35,120672,28455,76,65,88.5
2024-10,northeast,VST,2025,VST-PR,2.5 가솔린,FWD,스틸 그레이,30,30,101618,23962,64,65,88.5
2024-10,northeast,VST,2025,VST-PR,2.5 가솔린,FWD,실버,24,24,82565,19469,52,65,88.5
2024-10,northeast,VST,2025,VST-PR,2.5 가솔린,FWD,오션 블루,19,19,63512,14976,40,65,88.5
2024-10,northeast,VST,2025,VST-PR,2.5 가솔린,FWD,선셋 레드,15,15,50809,11981,32,65,88.5
2024-10,northeast,VST,2025,VST-PR,2.5 가솔린,FWD,포레스트 그린,9,9,31756,7488,20,65,88.5
2024-10,northeast,VST,2025,VST-PR,2.5 가솔린,FWD,샌드 베이지,9,9,31756,7488,20,65,88.5
2024-10,northeast,VST,2025,VST-PR,1.6T 하이브리드,AWD,스노우 화이트,38,37,127278,30013,80,65,88.5
2024-10,northeast,VST,2025,VST-PR,1.6T 하이브리드,AWD,미드나잇 블랙,30,29,100762,23760,63,65,88.5
2024-10,northeast,VST,2025,VST-PR,1.6T 하이브리드,AWD,스틸 그레이,25,25,84852,20008,53,65,88.5
2024-10,northeast,VST,2025,VST-PR,1.6T 하이브리드,AWD,실버,20,20,68943,16257,43,65,88.5
2024-10,northeast,VST,2025,VST-PR,1.6T 하이브리드,AWD,오션 블루,16,16,53033,12505,33,65,88.5
2024-10,northeast,VST,2025,VST-PR,1.6T 하이브리드,AWD,선셋 레드,13,12,42426,10004,27,65,88.5
2024-10,northeast,VST,2025,VST-PR,1.6T 하이브리드,AWD,포레스트 그린,8,8,26516,6253,17,65,88.5
2024-10,northeast,VST,2025,VST-PR,1.6T 하이브리드,AWD,샌드 베이지,8,8,26516,6253,17,65,88.5
2024-10,northeast,VST,2025,VST-PR,1.6T 하이브리드,FWD,스노우 화이트,27,26,90292,21291,57,65,88.5
2024-10,northeast,VST,2025,VST-PR,1.6T 하이브리드,FWD,미드나잇 블랙,21,21,71481,16855,45,65,88.5
2024-10,northeast,VST,2025,VST-PR,1.6T 하이브리드,FWD,스틸 그레이,18,18,60194,14194,38,65,88.5
2024-10,northeast,VST,2025,VST-PR,1.6T 하이브리드,FWD,실버,15,14,48908,11533,31,65,88.5
2024-10,northeast,VST,2025,VST-PR,1.6T 하이브리드,FWD,오션 블루,11,11,37621,8871,24,65,88.5
2024-10,northeast,VST,2025,VST-PR,1.6T 하이브리드,FWD,선셋 레드,9,9,30097,7097,19,65,88.5
2024-10,northeast,VST,2025,VST-PR,1.6T 하이브리드,FWD,포레스트 그린,6,6,18811,4436,12,65,88.5
2024-10,northeast,VST,2025,VST-PR,1.6T 하이브리드,FWD,샌드 베이지,6,6,18811,4436,12,65,88.5
2024-10,northeast,VST,2025,VST-TR,2.5 가솔린,AWD,스노우 화이트,26,26,100207,33033,55,65,88.5
2024-10,northeast,VST,2025,VST-TR,2.5 가솔린,AWD,미드나잇 블랙,21,20,79330,26151,44,65,88.5
2024-10,northeast,VST,2025,VST-TR,2.5 가솔린,AWD,스틸 그레이,17,17,66804,22022,37,65,88.5
2024-10,northeast,VST,2025,VST-TR,2.5 가솔린,AWD,실버,14,14,54279,17893,30,65,88.5
2024-10,northeast,VST,2025,VST-TR,2.5 가솔린,AWD,오션 블루,11,11,41753,13764,23,65,88.5
2024-10,northeast,VST,2025,VST-TR,2.5 가솔린,AWD,선셋 레드,9,9,33402,11011,18,65,88.5
2024-10,northeast,VST,2025,VST-TR,2.5 가솔린,AWD,포레스트 그린,5,5,20876,6882,12,65,88.5
2024-10,northeast,VST,2025,VST-TR,2.5 가솔린,AWD,샌드 베이지,5,5,20876,6882,12,65,88.5
2024-10,northeast,VST,2025,VST-TR,2.5 가솔린,FWD,스노우 화이트,19,18,71087,23434,39,65,88.5
2024-10,northeast,VST,2025,VST-TR,2.5 가솔린,FWD,미드나잇 블랙,15,14,56277,18552,31,65,88.5
2024-10,northeast,VST,2025,VST-TR,2.5 가솔린,FWD,스틸 그레이,12,12,47391,15623,26,65,88.5
2024-10,northeast,VST,2025,VST-TR,2.5 가솔린,FWD,실버,10,10,38505,12693,21,65,88.5
2024-10,northeast,VST,2025,VST-TR,2.5 가솔린,FWD,오션 블루,8,8,29619,9764,16,65,88.5
2024-10,northeast,VST,2025,VST-TR,2.5 가솔린,FWD,선셋 레드,6,6,23696,7811,13,65,88.5
2024-10,northeast,VST,2025,VST-TR,2.5 가솔린,FWD,포레스트 그린,4,4,14810,4882,8,65,88.5
2024-10,northeast,VST,2025,VST-TR,2.5 가솔린,FWD,샌드 베이지,4,4,14810,4882,8,65,88.5
2024-10,northeast,VST,2025,VST-TR,1.6T 하이브리드,AWD,스노우 화이트,15,15,59358,19568,33,65,88.5
2024-10,northeast,VST,2025,VST-TR,1.6T 하이브리드,AWD,미드나잇 블랙,12,12,46992,15491,26,65,88.5
2024-10,northeast,VST,2025,VST-TR,1.6T 하이브리드,AWD,스틸 그레이,10,10,39572,13045,22,65,88.5
2024-10,northeast,VST,2025,VST-TR,1.6T 하이브리드,AWD,실버,8,8,32152,10599,18,65,88.5
2024-10,northeast,VST,2025,VST-TR,1.6T 하이브리드,AWD,오션 블루,6,6,24733,8153,14,65,88.5
2024-10,northeast,VST,2025,VST-TR,1.6T 하이브리드,AWD,선셋 레드,5,5,19786,6523,11,65,88.5
2024-10,northeast,VST,2025,VST-TR,1.6T 하이브리드,AWD,포레스트 그린,3,3,12366,4077,7,65,88.5
2024-10,northeast,VST,2025,VST-TR,1.6T 하이브리드,AWD,샌드 베이지,3,3,12366,4077,7,65,88.5
2024-10,northeast,VST,2025,VST-TR,1.6T 하이브리드,FWD,스노우 화이트,11,11,42109,13881,23,65,88.5
2024-10,northeast,VST,2025,VST-TR,1.6T 하이브리드,FWD,미드나잇 블랙,9,9,33336,10989,18,65,88.5
2024-10,northeast,VST,2025,VST-TR,1.6T 하이브리드,FWD,스틸 그레이,7,7,28072,9254,16,65,88.5
2024-10,northeast,VST,2025,VST-TR,1.6T 하이브리드,FWD,실버,6,6,22809,7519,13,65,88.5
2024-10,northeast,VST,2025,VST-TR,1.6T 하이브리드,FWD,오션 블루,5,5,17545,5784,10,65,88.5
2024-10,northeast,VST,2025,VST-TR,1.6T 하이브리드,FWD,선셋 레드,4,4,14036,4627,8,65,88.5
2024-10,northeast,VST,2025,VST-TR,1.6T 하이브리드,FWD,포레스트 그린,2,2,8773,2892,5,48,88.5
2024-10,northeast,VST,2025,VST-TR,1.6T 하이브리드,FWD,샌드 베이지,2,2,8773,2892,5,48,88.5
2024-10,southeast,VST,2024,VST-CO,2.5 가솔린,AWD,스노우 화이트,21,20,63642,10778,44,65,88.5
2024-10,southeast,VST,2024,VST-CO,2.5 가솔린,AWD,미드나잇 블랙,16,16,50383,8532,35,65,88.5
2024-10,southeast,VST,2024,VST-CO,2.5 가솔린,AWD,스틸 그레이,14,13,42428,7185,29,65,88.5
2024-10,southeast,VST,2024,VST-CO,2.5 가솔린,AWD,실버,11,11,34473,5838,24,65,88.5
2024-10,southeast,VST,2024,VST-CO,2.5 가솔린,AWD,오션 블루,9,8,26518,4491,18,65,88.5
2024-10,southeast,VST,2024,VST-CO,2.5 가솔린,AWD,선셋 레드,7,7,21214,3593,15,65,88.5
2024-10,southeast,VST,2024,VST-CO,2.5 가솔린,AWD,포레스트 그린,4,4,13259,2245,9,65,88.5
2024-10,southeast,VST,2024,VST-CO,2.5 가솔린,AWD,샌드 베이지,4,4,13259,2245,9,65,88.5
2024-10,southeast,VST,2024,VST-CO,2.5 가솔린,FWD,스노우 화이트,33,33,102742,17400,70,65,88.5
2024-10,southeast,VST,2024,VST-CO,2.5 가솔린,FWD,미드나잇 블랙,26,26,81338,13775,56,65,88.5
2024-10,southeast,VST,2024,VST-CO,2.5 가솔린,FWD,스틸 그레이,22,22,68495,11600,47,65,88.5
2024-10,southeast,VST,2024,VST-CO,2.5 가솔린,FWD,실버,18,18,55652,9425,38,65,88.5
2024-10,southeast,VST,2024,VST-CO,2.5 가솔린,FWD,오션 블루,14,14,42809,7250,29,65,88.5
2024-10,southeast,VST,2024,VST-CO,2.5 가솔린,FWD,선셋 레드,11,11,34247,5800,23,65,88.5
2024-10,southeast,VST,2024,VST-CO,2.5 가솔린,FWD,포레스트 그린,7,7,21405,3625,15,65,88.5
2024-10,southeast,VST,2024,VST-CO,2.5 가솔린,FWD,샌드 베이지,7,7,21405,3625,15,65,88.5
2024-10,southeast,VST,2024,VST-CO,1.6T 하이브리드,AWD,스노우 화이트,12,12,37699,6384,26,65,88.5
2024-10,southeast,VST,2024,VST-CO,1.6T 하이브리드,AWD,미드나잇 블랙,10,9,29845,5054,20,65,88.5
2024-10,southeast,VST,2024,VST-CO,1.6T 하이브리드,AWD,스틸 그레이,8,8,25133,4256,17,65,88.5
2024-10,southeast,VST,2024,VST-CO,1.6T 하이브리드,AWD,실버,7,6,20420,3458,14,65,88.5
2024-10,southeast,VST,2024,VST-CO,1.6T 하이브리드,AWD,오션 블루,5,5,15708,2660,11,65,88.5
2024-10,southeast,VST,2024,VST-CO,1.6T 하이브리드,AWD,선셋 레드,4,4,12566,2128,9,65,88.5
2024-10,southeast,VST,2024,VST-CO,1.6T 하이브리드,AWD,포레스트 그린,3,2,7854,1330,5,54,88.5
2024-10,southeast,VST,2024,VST-CO,1.6T 하이브리드,AWD,샌드 베이지,3,2,7854,1330,5,54,88.5
2024-10,southeast,VST,2024,VST-CO,1.6T 하이브리드,FWD,스노우 화이트,20,19,60860,10307,42,65,88.5
2024-10,southeast,VST,2024,VST-CO,1.6T 하이브리드,FWD,미드나잇 블랙,16,15,48181,8160,33,65,88.5
2024-10,southeast,VST,2024,VST-CO,1.6T 하이브리드,FWD,스틸 그레이,13,13,40573,6871,28,65,88.5
2024-10,southeast,VST,2024,VST-CO,1.6T 하이브리드,FWD,실버,11,10,32966,5583,23,65,88.5
2024-10,southeast,VST,2024,VST-CO,1.6T 하이브리드,FWD,오션 블루,8,8,25358,4294,17,65,88.5
2024-10,southeast,VST,2024,VST-CO,1.6T 하이브리드,FWD,선셋 레드,7,6,20287,3436,14,65,88.5
2024-10,southeast,VST,2024,VST-CO,1.6T 하이브리드,FWD,포레스트 그린,4,4,12679,2147,9,65,88.5
2024-10,southeast,VST,2024,VST-CO,1.6T 하이브리드,FWD,샌드 베이지,4,4,12679,2147,9,65,88.5
2024-10,southeast,VST,2024,VST-PR,2.5 가솔린,AWD,스노우 화이트,24,23,80099,18888,50,65,88.5
2024-10,southeast,VST,2024,VST-PR,2.5 가솔린,AWD,미드나잇 블랙,19,19,63411,14953,40,65,88.5
2024-10,southeast,VST,2024,VST-PR,2.5 가솔린,AWD,스틸 그레이,16,16,53399,12592,34,65,88.5
2024-10,southeast,VST,2024,VST-PR,2.5 가솔린,AWD,실버,13,13,43387,10231,27,65,88.5
2024-10,southeast,VST,2024,VST-PR,2.5 가솔린,AWD,오션 블루,10,10,33374,7870,21,65,88.5
2024-10,southeast,VST,2024,VST-PR,2.5 가솔린,AWD,선셋 레드,8,8,26700,6296,17,65,88.5
2024-10,southeast,VST,2024,VST-PR,2.5 가솔린,AWD,포레스트 그린,5,5,16687,3935,11,65,88.5
2024-10,southeast,VST,2024,VST-PR,2.5 가솔린,AWD,샌드 베이지,5,5,16687,3935,11,65,88.5
2024-10,southeast,VST,2024,VST-PR,2.5 가솔린,FWD,스노우 화이트,38,38,129310,30492,81,65,88.5
2024-10,southeast,VST,2024,VST-PR,2.5 가솔린,FWD,미드나잇 블랙,30,30,102370,24139,64,65,88.5
2024-10,southeast,VST,2024,VST-PR,2.5 가솔린,FWD,스틸 그레이,26,25,86206,20328,54,65,88.5
2024-10,southeast,VST,2024,VST-PR,2.5 가솔린,FWD,실버,21,20,70043,16516,44,65,88.5
2024-10,southeast,VST,2024,VST-PR,2.5 가솔린,FWD,오션 블루,16,16,53879,12705,34,65,88.5
2024-10,southeast,VST,2024,VST-PR,2.5 가솔린,FWD,선셋 레드,13,13,43103,10164,27,65,88.5
2024-10,southeast,VST,2024,VST-PR,2.5 가솔린,FWD,포레스트 그린,8,8,26940,6352,17,65,88.5
2024-10,southeast,VST,2024,VST-PR,2.5 가솔린,FWD,샌드 베이지,8,8,26940,6352,17,65,88.5
2024-10,southeast,VST,2024,VST-PR,1.6T 하이브리드,AWD,스노우 화이트,14,14,47447,11188,30,65,88.5
2024-10,southeast,VST,2024,VST-PR,1.6T 하이브리드,AWD,미드나잇 블랙,11,11,37562,8857,24,65,88.5
2024-10,southeast,VST,2024,VST-PR,1.6T 하이브리드,AWD,스틸 그레이,9,9,31631,7459,20,65,88.5
2024-10,southeast,VST,2024,VST-PR,1.6T 하이브리드,AWD,실버,8,8,25700,6060,16,65,88.5
2024-10,southeast,VST,2024,VST-PR,1.6T 하이브리드,AWD,오션 블루,6,6,19770,4662,12,65,88.5
2024-10,southeast,VST,2024,VST-PR,1.6T 하이브리드,AWD,선셋 레드,5,5,15816,3729,10,65,88.5
2024-10,southeast,VST,2024,VST-PR,1.6T 하이브리드,AWD,포레스트 그린,3,3,9885,2331,6,62,88.5
2024-10,southeast,VST,2024,VST-PR,1.6T 하이브리드,AWD,샌드 베이지,3,3,9885,2331,6,62,88.5
2024-10,southeast,VST,2024,VST-PR,1.6T 하이브리드,FWD,스노우 화이트,23,22,76597,18062,48,65,88.5
2024-10,southeast,VST,2024,VST-PR,1.6T 하이브리드,FWD,미드나잇 블랙,18,18,60640,14299,38,65,88.5
2024-10,southeast,VST,2024,VST-PR,1.6T 하이브리드,FWD,스틸 그레이,15,15,51065,12041,32,65,88.5
2024-10,southeast,VST,2024,VST-PR,1.6T 하이브리드,FWD,실버,12,12,41490,9784,26,65,88.5
2024-10,southeast,VST,2024,VST-PR,1.6T 하이브리드,FWD,오션 블루,9,9,31916,7526,20,65,88.5
2024-10,southeast,VST,2024,VST-PR,1.6T 하이브리드,FWD,선셋 레드,8,7,25532,6021,16,65,88.5
2024-10,southeast,VST,2024,VST-PR,1.6T 하이브리드,FWD,포레스트 그린,5,5,15958,3763,10,65,88.5
2024-10,southeast,VST,2024,VST-PR,1.6T 하이브리드,FWD,샌드 베이지,5,5,15958,3763,10,65,88.5
2024-10,southeast,VST,2024,VST-TR,2.5 가솔린,AWD,스노우 화이트,10,10,37355,12314,21,65,88.5
2024-10,southeast,VST,2024,VST-TR,2.5 가솔린,AWD,미드나잇 블랙,8,8,29573,9749,16,65,88.5
2024-10,southeast,VST,2024,VST-TR,2.5 가솔린,AWD,스틸 그레이,6,6,24903,8209,14,65,88.5
2024-10,southeast,VST,2024,VST-TR,2.5 가솔린,AWD,실버,5,5,20234,6670,11,65,88.5
2024-10,southeast,VST,2024,VST-TR,2.5 가솔린,AWD,오션 블루,4,4,15565,5131,9,65,88.5
2024-10,southeast,VST,2024,VST-TR,2.5 가솔린,AWD,선셋 레드,3,3,12452,4105,7,65,88.5
2024-10,southeast,VST,2024,VST-TR,2.5 가솔린,AWD,포레스트 그린,2,2,7782,2565,4,43,88.5
2024-10,southeast,VST,2024,VST-TR,2.5 가솔린,AWD,샌드 베이지,2,2,7782,2565,4,43,88.5
2024-10,southeast,VST,2024,VST-TR,2.5 가솔린,FWD,스노우 화이트,16,15,60305,19880,33,65,88.5
2024-10,southeast,VST,2024,VST-TR,2.5 가솔린,FWD,미드나잇 블랙,12,12,47742,15738,26,65,88.5
2024-10,southeast,VST,2024,VST-TR,2.5 가솔린,FWD,스틸 그레이,10,10,40204,13253,22,65,88.5
2024-10,southeast,VST,2024,VST-TR,2.5 가솔린,FWD,실버,9,8,32665,10768,18,65,88.5
2024-10,southeast,VST,2024,VST-TR,2.5 가솔린,FWD,오션 블루,7,6,25127,8283,14,65,88.5
2024-10,southeast,VST,2024,VST-TR,2.5 가솔린,FWD,선셋 레드,5,5,20102,6627,11,65,88.5
2024-10,southeast,VST,2024,VST-TR,2.5 가솔린,FWD,포레스트 그린,3,3,12564,4142,7,65,88.5
2024-10,southeast,VST,2024,VST-TR,2.5 가솔린,FWD,샌드 베이지,3,3,12564,4142,7,65,88.5
2024-10,southeast,VST,2024,VST-TR,1.6T 하이브리드,AWD,스노우 화이트,6,6,22128,7294,12,65,88.5
2024-10,southeast,VST,2024,VST-TR,1.6T 하이브리드,AWD,미드나잇 블랙,5,4,17518,5775,10,65,88.5
2024-10,southeast,VST,2024,VST-TR,1.6T 하이브리드,AWD,스틸 그레이,4,4,14752,4863,8,65,88.5
2024-10,southeast,VST,2024,VST-TR,1.6T 하이브리드,AWD,실버,3,3,11986,3951,7,65,88.5
2024-10,southeast,VST,2024,VST-TR,1.6T 하이브리드,AWD,오션 블루,2,2,9220,3039,5,51,88.5
2024-10,southeast,VST,2024,VST-TR,1.6T 하이브리드,AWD,선셋 레드,2,2,7376,2431,4,41,88.5
2024-10,southeast,VST,2024,VST-TR,1.6T 하이브리드,AWD,포레스트 그린,1,1,4610,1520,3,25,88.5
2024-10,southeast,VST,2024,VST-TR,1.6T 하이브리드,AWD,샌드 베이지,1,1,4610,1520,3,25,88.5
2024-10,southeast,VST,2024,VST-TR,1.6T 하이브리드,FWD,스노우 화이트,9,9,35722,11776,20,65,88.5
2024-10,southeast,VST,2024,VST-TR,1.6T 하이브리드,FWD,미드나잇 블랙,7,7,28280,9323,16,65,88.5
2024-10,southeast,VST,2024,VST-TR,1.6T 하이브리드,FWD,스틸 그레이,6,6,23815,7851,13,65,88.5
2024-10,southeast,VST,2024,VST-TR,1.6T 하이브리드,FWD,실버,5,5,19350,6379,11,65,88.5
2024-10,southeast,VST,2024,VST-TR,1.6T 하이브리드,FWD,오션 블루,4,4,14884,4907,8,65,88.5
2024-10,southeast,VST,2024,VST-TR,1.6T 하이브리드,FWD,선셋 레드,3,3,11907,3925,7,65,88.5
2024-10,southeast,VST,2024,VST-TR,1.6T 하이브리드,FWD,포레스트 그린,2,2,7442,2453,4,41,88.5
2024-10,southeast,VST,2024,VST-TR,1.6T 하이브리드,FWD,샌드 베이지,2,2,7442,2453,4,41,88.5
2024-10,southeast,VST,2025,VST-CO,2.5 가솔린,AWD,스노우 화이트,38,38,118192,20016,81,65,88.5
2024-10,southeast,VST,2025,VST-CO,2.5 가솔린,AWD,미드나잇 블랙,30,30,93569,15846,64,65,88.5
2024-10,southeast,VST,2025,VST-CO,2.5 가솔린,AWD,스틸 그레이,25,25,78795,13344,54,65,88.5
2024-10,southeast,VST,2025,VST-CO,2.5 가솔린,AWD,실버,21,20,64021,10842,44,65,88.5
2024-10,southeast,VST,2025,VST-CO,2.5 가솔린,AWD,오션 블루,16,16,49247,8340,34,65,88.5
2024-10,southeast,VST,2025,VST-CO,2.5 가솔린,AWD,선셋 레드,13,13,39397,6672,27,65,88.5
2024-10,southeast,VST,2025,VST-CO,2.5 가솔린,AWD,포레스트 그린,8,8,24623,4170,17,65,88.5
2024-10,southeast,VST,2025,VST-CO,2.5 가솔린,AWD,샌드 베이지,8,8,24623,4170,17,65,88.5
2024-10,southeast,VST,2025,VST-CO,2.5 가솔린,FWD,스노우 화이트,62,61,190807,32314,131,65,88.5
2024-10,southeast,VST,2025,VST-CO,2.5 가솔린,FWD,미드나잇 블랙,49,48,151056,25582,103,65,88.5
2024-10,southeast,VST,2025,VST-CO,2.5 가솔린,FWD,스틸 그레이,41,40,127205,21542,87,65,88.5
2024-10,southeast,VST,2025,VST-CO,2.5 가솔린,FWD,실버,33,33,103354,17503,71,65,88.5
2024-10,southeast,VST,2025,VST-CO,2.5 가솔린,FWD,오션 블루,26,25,79503,13464,54,65,88.5
2024-10,southeast,VST,2025,VST-CO,2.5 가솔린,FWD,선셋 레드,21,20,63602,10771,44,65,88.5
2024-10,southeast,VST,2025,VST-CO,2.5 가솔린,FWD,포레스트 그린,13,13,39752,6732,27,65,88.5
2024-10,southeast,VST,2025,VST-CO,2.5 가솔린,FWD,샌드 베이지,13,13,39752,6732,27,65,88.5
2024-10,southeast,VST,2025,VST-CO,1.6T 하이브리드,AWD,스노우 화이트,23,22,70012,11857,48,65,88.5
2024-10,southeast,VST,2025,VST-CO,1.6T 하이브리드,AWD,미드나잇 블랙,18,18,55426,9387,38,65,88.5
2024-10,southeast,VST,2025,VST-CO,1.6T 하이브리드,AWD,스틸 그레이,15,15,46675,7904,32,65,88.5
2024-10,southeast,VST,2025,VST-CO,1.6T 하이브리드,AWD,실버,12,12,37923,6422,26,65,88.5
2024-10,southeast,VST,2025,VST-CO,1.6T 하이브리드,AWD,오션 블루,9,9,29172,4940,20,65,88.5
2024-10,southeast,VST,2025,VST-CO,1.6T 하이브리드,AWD,선셋 레드,8,7,23337,3952,16,65,88.5
2024-10,southeast,VST,2025,VST-CO,1.6T 하이브리드,AWD,포레스트 그린,5,5,14586,2470,10,65,88.5
2024-10,southeast,VST,2025,VST-CO,1.6T 하이브리드,AWD,샌드 베이지,5,5,14586,2470,10,65,88.5
2024-10,southeast,VST,2025,VST-CO,1.6T 하이브리드,FWD,스노우 화이트,36,36,113026,19141,77,65,88.5
2024-10,southeast,VST,2025,VST-CO,1.6T 하이브리드,FWD,미드나잇 블랙,29,28,89479,15153,61,65,88.5
2024-10,southeast,VST,2025,VST-CO,1.6T 하이브리드,FWD,스틸 그레이,24,24,75351,12761,52,65,88.5
2024-10,southeast,VST,2025,VST-CO,1.6T 하이브리드,FWD,실버,20,19,61222,10368,42,65,88.5
2024-10,southeast,VST,2025,VST-CO,1.6T 하이브리드,FWD,오션 블루,15,15,47094,7975,32,65,88.5
2024-10,southeast,VST,2025,VST-CO,1.6T 하이브리드,FWD,선셋 레드,12,12,37675,6380,26,65,88.5
2024-10,southeast,VST,2025,VST-CO,1.6T 하이브리드,FWD,포레스트 그린,8,7,23547,3988,16,65,88.5
2024-10,southeast,VST,2025,VST-CO,1.6T 하이브리드,FWD,샌드 베이지,8,7,23547,3988,16,65,88.5
2024-10,southeast,VST,2025,VST-PR,2.5 가솔린,AWD,스노우 화이트,44,44,148755,35077,94,65,88.5
2024-10,southeast,VST,2025,VST-PR,2.5 가솔린,AWD,미드나잇 블랙,35,34,117764,27769,74,65,88.5
2024-10,southeast,VST,2025,VST-PR,2.5 가솔린,AWD,스틸 그레이,29,29,99170,23385,62,65,88.5
2024-10,southeast,VST,2025,VST-PR,2.5 가솔린,AWD,실버,24,24,80575,19000,51,65,88.5
2024-10,southeast,VST,2025,VST-PR,2.5 가솔린,AWD,오션 블루,18,18,61981,14615,39,65,88.5
2024-10,southeast,VST,2025,VST-PR,2.5 가솔린,AWD,선셋 레드,15,15,49585,11692,31,65,88.5
2024-10,southeast,VST,2025,VST-PR,2.5 가솔린,AWD,포레스트 그린,9,9,30991,7308,20,65,88.5
2024-10,southeast,VST,2025,VST-PR,2.5 가솔린,AWD,샌드 베이지,9,9,30991,7308,20,65,88.5
2024-10,southeast,VST,2025,VST-PR,2.5 가솔린,FWD,스노우 화이트,71,70,240147,56627,151,65,88.5
2024-10,southeast,VST,2025,VST-PR,2.5 가솔린,FWD,미드나잇 블랙,56,56,190116,44830,120,65,88.5
2024-10,southeast,VST,2025,VST-PR,2.5 가솔린,FWD,스틸 그레이,47,47,160098,37752,101,65,88.5
2024-10,southeast,VST,2025,VST-PR,2.5 가솔린,FWD,실버,39,38,130079,30673,82,65,88.5
2024-10,southeast,VST,2025,VST-PR,2.5 가솔린,FWD,오션 블루,30,29,100061,23595,63,65,88.5
2024-10,southeast,VST,2025,VST-PR,2.5 가솔린,FWD,선셋 레드,24,23,80049,18876,50,65,88.5
2024-10,southeast,VST,2025,VST-PR,2.5 가솔린,FWD,포레스트 그린,15,15,50031,11797,32,65,88.5
2024-10,southeast,VST,2025,VST-PR,2.5 가솔린,FWD,샌드 베이지,15,15,50031,11797,32,65,88.5
2024-10,southeast,VST,2025,VST-PR,1.6T 하이브리드,AWD,스노우 화이트,26,26,88116,20778,56,65,88.5
2024-10,southeast,VST,2025,VST-PR,1.6T 하이브리드,AWD,미드나잇 블랙,21,20,69758,16449,44,65,88.5
2024-10,southeast,VST,2025,VST-PR,1.6T 하이브리드,AWD,스틸 그레이,17,17,58744,13852,37,65,88.5
2024-10,southeast,VST,2025,VST-PR,1.6T 하이브리드,AWD,실버,14,14,47729,11255,30,65,88.5
2024-10,southeast,VST,2025,VST-PR,1.6T 하이브리드,AWD,오션 블루,11,11,36715,8658,23,65,88.5
2024-10,southeast,VST,2025,VST-PR,1.6T 하이브리드,AWD,선셋 레드,9,9,29372,6926,19,65,88.5
2024-10,southeast,VST,2025,VST-PR,1.6T 하이브리드,AWD,포레스트 그린,5,5,18357,4329,12,65,88.5
2024-10,southeast,VST,2025,VST-PR,1.6T 하이브리드,AWD,샌드 베이지,5,5,18357,4329,12,65,88.5
2024-10,southeast,VST,2025,VST-PR,1.6T 하이브리드,FWD,스노우 화이트,42,42,142252,33544,90,65,88.5
2024-10,southeast,VST,2025,VST-PR,1.6T 하이브리드,FWD,미드나잇 블랙,33,33,112617,26555,71,65,88.5
2024-10,southeast,VST,2025,VST-PR,1.6T 하이브리드,FWD,스틸 그레이,28,28,94835,22362,60,65,88.5
2024-10,southeast,VST,2025,VST-PR,1.6T 하이브리드,FWD,실버,23,23,77053,18169,49,65,88.5
2024-10,southeast,VST,2025,VST-PR,1.6T 하이브리드,FWD,오션 블루,18,17,59272,13977,37,65,88.5
2024-10,southeast,VST,2025,VST-PR,1.6T 하이브리드,FWD,선셋 레드,14,14,47417,11181,30,65,88.5
2024-10,southeast,VST,2025,VST-PR,1.6T 하이브리드,FWD,포레스트 그린,9,9,29636,6988,19,65,88.5
2024-10,southeast,VST,2025,VST-PR,1.6T 하이브리드,FWD,샌드 베이지,9,9,29636,6988,19,65,88.5
2024-10,southeast,VST,2025,VST-TR,2.5 가솔린,AWD,스노우 화이트,18,18,69374,22869,38,65,88.5
2024-10,southeast,VST,2025,VST-TR,2.5 가솔린,AWD,미드나잇 블랙,14,14,54921,18105,30,65,88.5
2024-10,southeast,VST,2025,VST-TR,2.5 가솔린,AWD,스틸 그레이,12,12,46249,15246,26,65,88.5
2024-10,southeast,VST,2025,VST-TR,2.5 가솔린,AWD,실버,10,10,37577,12387,21,65,88.5
2024-10,southeast,VST,2025,VST-TR,2.5 가솔린,AWD,오션 블루,8,7,28906,9529,16,65,88.5
2024-10,southeast,VST,2025,VST-TR,2.5 가솔린,AWD,선셋 레드,6,6,23125,7623,13,65,88.5
2024-10,southeast,VST,2025,VST-TR,2.5 가솔린,AWD,포레스트 그린,4,4,14453,4764,8,65,88.5
2024-10,southeast,VST,2025,VST-TR,2.5 가솔린,AWD,샌드 베이지,4,4,14453,4764,8,65,88.5
2024-10,southeast,VST,2025,VST-TR,2.5 가솔린,FWD,스노우 화이트,29,29,111996,36920,62,65,88.5
2024-10,southeast,VST,2025,VST-TR,2.5 가솔린,FWD,미드나잇 블랙,23,23,88663,29228,49,65,88.5
2024-10,southeast,VST,2025,VST-TR,2.5 가솔린,FWD,스틸 그레이,19,19,74664,24613,41,65,88.5
2024-10,southeast,VST,2025,VST-TR,2.5 가솔린,FWD,실버,16,16,60664,19998,34,65,88.5
2024-10,southeast,VST,2025,VST-TR,2.5 가솔린,FWD,오션 블루,12,12,46665,15383,26,65,88.5
2024-10,southeast,VST,2025,VST-TR,2.5 가솔린,FWD,선셋 레드,10,10,37332,12307,21,65,88.5
2024-10,southeast,VST,2025,VST-TR,2.5 가솔린,FWD,포레스트 그린,6,6,23332,7692,13,65,88.5
2024-10,southeast,VST,2025,VST-TR,2.5 가솔린,FWD,샌드 베이지,6,6,23332,7692,13,65,88.5
2024-10,southeast,VST,2025,VST-TR,1.6T 하이브리드,AWD,스노우 화이트,11,11,41094,13547,23,65,88.5
2024-10,southeast,VST,2025,VST-TR,1.6T 하이브리드,AWD,미드나잇 블랙,8,8,32533,10724,18,65,88.5
2024-10,southeast,VST,2025,VST-TR,1.6T 하이브리드,AWD,스틸 그레이,7,7,27396,9031,15,65,88.5
2024-10,southeast,VST,2025,VST-TR,1.6T 하이브리드,AWD,실버,6,6,22259,7338,12,65,88.5
2024-10,southeast,VST,2025,VST-TR,1.6T 하이브리드,AWD,오션 블루,4,4,17123,5644,9,65,88.5
2024-10,southeast,VST,2025,VST-TR,1.6T 하이브리드,AWD,선셋 레드,4,4,13698,4516,8,65,88.5
2024-10,southeast,VST,2025,VST-TR,1.6T 하이브리드,AWD,포레스트 그린,2,2,8561,2822,5,47,88.5
2024-10,southeast,VST,2025,VST-TR,1.6T 하이브리드,AWD,샌드 베이지,2,2,8561,2822,5,47,88.5
2024-10,southeast,VST,2025,VST-TR,1.6T 하이브리드,FWD,스노우 화이트,17,17,66341,21870,37,65,88.5
2024-10,southeast,VST,2025,VST-TR,1.6T 하이브리드,FWD,미드나잇 블랙,14,13,52520,17313,29,65,88.5
2024-10,southeast,VST,2025,VST-TR,1.6T 하이브리드,FWD,스틸 그레이,12,11,44228,14580,24,65,88.5
2024-10,southeast,VST,2025,VST-TR,1.6T 하이브리드,FWD,실버,9,9,35935,11846,20,65,88.5
2024-10,southeast,VST,2025,VST-TR,1.6T 하이브리드,FWD,오션 블루,7,7,27642,9112,15,65,88.5
2024-10,southeast,VST,2025,VST-TR,1.6T 하이브리드,FWD,선셋 레드,6,6,22114,7290,12,65,88.5
2024-10,southeast,VST,2025,VST-TR,1.6T 하이브리드,FWD,포레스트 그린,4,4,13821,4556,8,65,88.5
2024-10,southeast,VST,2025,VST-TR,1.6T 하이브리드,FWD,샌드 베이지,4,4,13821,4556,8,65,88.5
2024-10,west,AUR,2024,AUR-AI,스탠다드 레인지,AWD,스노우 화이트,11,11,30379,88,22,64,88.5
2024-10,west,AUR,2024,AUR-AI,스탠다드 레인지,AWD,미드나잇 블랙,8,8,24050,70,18,64,88.5
2024-10,west,AUR,2024,AUR-AI,스탠다드 레인지,AWD,스틸 그레이,7,7,20253,59,15,64,88.5
2024-10,west,AUR,2024,AUR-AI,스탠다드 레인지,AWD,실버,6,6,16455,48,12,64,88.5
2024-10,west,AUR,2024,AUR-AI,스탠다드 레인지,AWD,오션 블루,4,4,12658,37,9,64,88.5
2024-10,west,AUR,2024,AUR-AI,스탠다드 레인지,AWD,선셋 레드,4,4,10126,29,7,64,88.5
2024-10,west,AUR,2024,AUR-AI,스탠다드 레인지,AWD,포레스트 그린,2,2,6329,18,5,46,88.5
2024-10,west,AUR,2024,AUR-AI,스탠다드 레인지,AWD,샌드 베이지,2,2,6329,18,5,46,88.5
2024-10,west,AUR,2024,AUR-AI,스탠다드 레인지,FWD,스노우 화이트,9,9,24856,72,18,64,88.5
2024-10,west,AUR,2024,AUR-AI,스탠다드 레인지,FWD,미드나잇 블랙,7,7,19677,57,14,64,88.5
2024-10,west,AUR,2024,AUR-AI,스탠다드 레인지,FWD,스틸 그레이,6,6,16570,48,12,64,88.5
2024-10,west,AUR,2024,AUR-AI,스탠다드 레인지,FWD,실버,5,5,13464,39,10,64,88.5
2024-10,west,AUR,2024,AUR-AI,스탠다드 레인지,FWD,오션 블루,4,4,10357,30,8,64,88.5
2024-10,west,AUR,2024,AUR-AI,스탠다드 레인지,FWD,선셋 레드,3,3,8285,24,6,61,88.5
2024-10,west,AUR,2024,AUR-AI,스탠다드 레인지,FWD,포레스트 그린,2,2,5178,15,4,38,88.5
2024-10,west,AUR,2024,AUR-AI,스탠다드 레인지,FWD,샌드 베이지,2,2,5178,15,4,38,88.5
2024-10,west,AUR,2024,AUR-AI,롱레인지,AWD,스노우 화이트,17,17,48733,141,36,64,88.5
2024-10,west,AUR,2024,AUR-AI,롱레인지,AWD,미드나잇 블랙,13,13,38581,112,28,64,88.5
2024-10,west,AUR,2024,AUR-AI,롱레인지,AWD,스틸 그레이,11,11,32489,94,24,64,88.5
2024-10,west,AUR,2024,AUR-AI,롱레인지,AWD,실버,9,9,26397,77,19,64,88.5
2024-10,west,AUR,2024,AUR-AI,롱레인지,AWD,오션 블루,7,7,20306,59,15,64,88.5
2024-10,west,AUR,2024,AUR-AI,롱레인지,AWD,선셋 레드,6,6,16244,47,12,64,88.5
2024-10,west,AUR,2024,AUR-AI,롱레인지,AWD,포레스트 그린,4,4,10153,29,7,64,88.5
2024-10,west,AUR,2024,AUR-AI,롱레인지,AWD,샌드 베이지,4,4,10153,29,7,64,88.5
2024-10,west,AUR,2024,AUR-AI,롱레인지,FWD,스노우 화이트,14,14,39873,116,29,64,88.5
2024-10,west,AUR,2024,AUR-AI,롱레인지,FWD,미드나잇 블랙,11,11,31566,92,23,64,88.5
2024-10,west,AUR,2024,AUR-AI,롱레인지,FWD,스틸 그레이,9,9,26582,77,20,64,88.5
2024-10,west,AUR,2024,AUR-AI,롱레인지,FWD,실버,8,8,21598,63,16,64,88.5
2024-10,west,AUR,2024,AUR-AI,롱레인지,FWD,오션 블루,6,6,16614,48,12,64,88.5
2024-10,west,AUR,2024,AUR-AI,롱레인지,FWD,선셋 레드,5,5,13291,39,10,64,88.5
2024-10,west,AUR,2024,AUR-AI,롱레인지,FWD,포레스트 그린,3,3,8307,24,6,61,88.5
2024-10,west,AUR,2024,AUR-AI,롱레인지,FWD,샌드 베이지,3,3,8307,24,6,61,88.5
2024-10,west,AUR,2024,AUR-RA,스탠다드 레인지,AWD,스노우 화이트,12,12,38235,3161,26,64,88.5
2024-10,west,AUR,2024,AUR-RA,스탠다드 레인지,AWD,미드나잇 블랙,10,10,30269,2502,20,64,88.5
2024-10,west,AUR,2024,AUR-RA,스탠다드 레인지,AWD,스틸 그레이,8,8,25490,2107,17,64,88.5
2024-10,west,AUR,2024,AUR-RA,스탠다드 레인지,AWD,실버,7,7,20710,1712,14,64,88.5
2024-10,west,AUR,2024,AUR-RA,스탠다드 레인지,AWD,오션 블루,5,5,15931,1317,11,64,88.5
2024-10,west,AUR,2024,AUR-RA,스탠다드 레인지,AWD,선셋 레드,4,4,12745,1054,9,64,88.5
2024-10,west,AUR,2024,AUR-RA,스탠다드 레인지,AWD,포레스트 그린,3,3,7966,659,5,54,88.5
2024-10,west,AUR,2024,AUR-RA,스탠다드 레인지,AWD,샌드 베이지,3,3,7966,659,5,54,88.5
2024-10,west,AUR,2024,AUR-RA,스탠다드 레인지,FWD,스노우 화이트,10,10,31283,2586,21,64,88.5
2024-10,west,AUR,2024,AUR-RA,스탠다드 레인지,FWD,미드나잇 블랙,8,8,24766,2047,17,64,88.5
2024-10,west,AUR,2024,AUR-RA,스탠다드 레인지,FWD,스틸 그레이,7,7,20855,1724,14,64,88.5
2024-10,west,AUR,2024,AUR-RA,스탠다드 레인지,FWD,실버,5,5,16945,1401,11,64,88.5
2024-10,west,AUR,2024,AUR-RA,스탠다드 레인지,FWD,오션 블루,4,4,13035,1078,9,64,88.5
2024-10,west,AUR,2024,AUR-RA,스탠다드 레인지,FWD,선셋 레드,3,3,10428,862,7,64,88.5
2024-10,west,AUR,2024,AUR-RA,스탠다드 레인지,FWD,포레스트 그린,2,2,6517,539,4,44,88.5
2024-10,west,AUR,2024,AUR-RA,스탠다드 레인지,FWD,샌드 베이지,2,2,6517,539,4,44,88.5
2024-10,west,AUR,2024,AUR-RA,롱레인지,AWD,스노우 화이트,20,20,61335,5071,41,64,88.5
2024-10,west,AUR,2024,AUR-RA,롱레인지,AWD,미드나잇 블랙,16,16,48557,4014,33,64,88.5
2024-10,west,AUR,2024,AUR-RA,롱레인지,AWD,스틸 그레이,13,13,40890,3380,28,64,88.5
2024-10,west,AUR,2024,AUR-RA,롱레인지,AWD,실버,11,11,33223,2747,22,64,88.5
2024-10,west,AUR,2024,AUR-RA,롱레인지,AWD,오션 블루,8,8,25556,2113,17,64,88.5
2024-10,west,AUR,2024,AUR-RA,롱레인지,AWD,선셋 레드,7,7,20445,1690,14,64,88.5
2024-10,west,AUR,2024,AUR-RA,롱레인지,AWD,포레스트 그린,4,4,12778,1056,9,64,88.5
2024-10,west,AUR,2024,AUR-RA,롱레인지,AWD,샌드 베이지,4,4,12778,1056,9,64,88.5
2024-10,west,AUR,2024,AUR-RA,롱레인지,FWD,스노우 화이트,16,16,50183,4149,34,64,88.5
2024-10,west,AUR,2024,AUR-RA,롱레인지,FWD,미드나잇 블랙,13,13,39728,3284,27,64,88.5
2024-10,west,AUR,2024,AUR-RA,롱레인지,FWD,스틸 그레이,11,11,33455,2766,23,64,88.5
2024-10,west,AUR,2024,AUR-RA,롱레인지,FWD,실버,9,9,27183,2247,18,64,88.5
2024-10,west,AUR,2024,AUR-RA,롱레인지,FWD,오션 블루,7,7,20910,1729,14,64,88.5
2024-10,west,AUR,2024,AUR-RA,롱레인지,FWD,선셋 레드,5,5,16728,1383,11,64,88.5
2024-10,west,AUR,2024,AUR-RA,롱레인지,FWD,포레스트 그린,3,3,10455,864,7,64,88.5
2024-10,west,AUR,2024,AUR-RA,롱레인지,FWD,샌드 베이지,3,3,10455,864,7,64,88.5
2024-10,west,AUR,2024,AUR-MA,스탠다드 레인지,AWD,스노우 화이트,5,5,17831,3483,11,64,88.5
2024-10,west,AUR,2024,AUR-MA,스탠다드 레인지,AWD,미드나잇 블랙,4,4,14116,2757,8,64,88.5
2024-10,west,AUR,2024,AUR-MA,스탠다드 레인지,AWD,스틸 그레이,3,3,11888,2322,7,64,88.5
2024-10,west,AUR,2024,AUR-MA,스탠다드 레인지,AWD,실버,3,3,9659,1887,6,57,88.5
2024-10,west,AUR,2024,AUR-MA,스탠다드 레인지,AWD,오션 블루,2,2,7430,1451,4,44,88.5
2024-10,west,AUR,2024,AUR-MA,스탠다드 레인지,AWD,선셋 레드,2,2,5944,1161,4,35,88.5
2024-10,west,AUR,2024,AUR-MA,스탠다드 레인지,AWD,포레스트 그린,1,1,3715,726,2,22,88.5
2024-10,west,AUR,2024,AUR-MA,스탠다드 레인지,AWD,샌드 베이지,1,1,3715,726,2,22,88.5
2024-10,west,AUR,2024,AUR-MA,스탠다드 레인지,FWD,스노우 화이트,4,4,14589,2850,9,64,88.5
2024-10,west,AUR,2024,AUR-MA,스탠다드 레인지,FWD,미드나잇 블랙,3,3,11550,2256,7,64,88.5
2024-10,west,AUR,2024,AUR-MA,스탠다드 레인지,FWD,스틸 그레이,3,3,9726,1900,6,58,88.5
2024-10,west,AUR,2024,AUR-MA,스탠다드 레인지,FWD,실버,2,2,7903,1544,5,47,88.5
2024-10,west,AUR,2024,AUR-MA,스탠다드 레인지,FWD,오션 블루,2,2,6079,1187,4,36,88.5
2024-10,west,AUR,2024,AUR-MA,스탠다드 레인지,FWD,선셋 레드,1,1,4863,950,3,29,88.5
2024-10,west,AUR,2024,AUR-MA,스탠다드 레인지,FWD,포레스트 그린,1,1,3039,594,2,18,88.5
2024-10,west,AUR,2024,AUR-MA,스탠다드 레인지,FWD,샌드 베이지,1,1,3039,594,2,18,88.5
2024-10,west,AUR,2024,AUR-MA,롱레인지,AWD,스노우 화이트,8,8,28604,5587,17,64,88.5
2024-10,west,AUR,2024,AUR-MA,롱레인지,AWD,미드나잇 블랙,6,6,22645,4423,13,64,88.5
2024-10,west,AUR,2024,AUR-MA,롱레인지,AWD,스틸 그레이,5,5,19070,3725,11,64,88.5
2024-10,west,AUR,2024,AUR-MA,롱레인지,AWD,실버,4,4,15494,3026,9,64,88.5
2024-10,west,AUR,2024,AUR-MA,롱레인지,AWD,오션 블루,3,3,11918,2328,7,64,88.5
2024-10,west,AUR,2024,AUR-MA,롱레인지,AWD,선셋 레드,3,3,9535,1862,6,56,88.5
2024-10,west,AUR,2024,AUR-MA,롱레인지,AWD,포레스트 그린,2,2,5959,1164,4,35,88.5
2024-10,west,AUR,2024,AUR-MA,롱레인지,AWD,샌드 베이지,2,2,5959,1164,4,35,88.5
2024-10,west,AUR,2024,AUR-MA,롱레인지,FWD,스노우 화이트,7,7,23404,4571,14,64,88.5
2024-10,west,AUR,2024,AUR-MA,롱레인지,FWD,미드나잇 블랙,5,5,18528,3619,11,64,88.5
2024-10,west,AUR,2024,AUR-MA,롱레인지,FWD,스틸 그레이,4,4,15602,3048,9,64,88.5
2024-10,west,AUR,2024,AUR-MA,롱레인지,FWD,실버,4,4,12677,2476,8,64,88.5
2024-10,west,AUR,2024,AUR-MA,롱레인지,FWD,오션 블루,3,3,9751,1905,6,58,88.5
2024-10,west,AUR,2024,AUR-MA,롱레인지,FWD,선셋 레드,2,2,7801,1524,5,46,88.5
2024-10,west,AUR,2024,AUR-MA,롱레인지,FWD,포레스트 그린,1,1,4876,952,3,29,88.5
2024-10,west,AUR,2024,AUR-MA,롱레인지,FWD,샌드 베이지,1,1,4876,952,3,29,88.5
2024-10,west,AUR,2025,AUR-AI,스탠다드 레인지,AWD,스노우 화이트,20,20,56419,164,41,64,88.5
2024-10,west,AUR,2025,AUR-AI,스탠다드 레인지,AWD,미드나잇 블랙,16,16,44665,130,33,64,88.5
2024-10,west,AUR,2025,AUR-AI,스탠다드 레인지,AWD,스틸 그레이,13,13,37612,109,28,64,88.5
2024-10,west,AUR,2025,AUR-AI,스탠다드 레인지,AWD,실버,11,11,30560,89,22,64,88.5
2024-10,west,AUR,2025,AUR-AI,스탠다드 레인지,AWD,오션 블루,8,8,23508,68,17,64,88.5
2024-10,west,AUR,2025,AUR-AI,스탠다드 레인지,AWD,선셋 레드,7,7,18806,55,14,64,88.5
2024-10,west,AUR,2025,AUR-AI,스탠다드 레인지,AWD,포레스트 그린,4,4,11754,34,9,64,88.5
2024-10,west,AUR,2025,AUR-AI,스탠다드 레인지,AWD,샌드 베이지,4,4,11754,34,9,64,88.5
2024-10,west,AUR,2025,AUR-AI,스탠다드 레인지,FWD,스노우 화이트,16,16,46161,134,34,64,88.5
2024-10,west,AUR,2025,AUR-AI,스탠다드 레인지,FWD,미드나잇 블랙,13,13,36544,106,27,64,88.5
2024-10,west,AUR,2025,AUR-AI,스탠다드 레인지,FWD,스틸 그레이,11,11,30774,89,23,64,88.5
2024-10,west,AUR,2025,AUR-AI,스탠다드 레인지,FWD,실버,9,9,25004,73,18,64,88.5
2024-10,west,AUR,2025,AUR-AI,스탠다드 레인지,FWD,오션 블루,7,7,19234,56,14,64,88.5
2024-10,west,AUR,2025,AUR-AI,스탠다드 레인지,FWD,선셋 레드,5,5,15387,45,11,64,88.5
2024-10,west,AUR,2025,AUR-AI,스탠다드 레인지,FWD,포레스트 그린,3,3,9617,28,7,64,88.5
2024-10,west,AUR,2025,AUR-AI,스탠다드 레인지,FWD,샌드 베이지,3,3,9617,28,7,64,88.5
2024-10,west,AUR,2025,AUR-AI,롱레인지,AWD,스노우 화이트,32,32,90505,263,66,64,88.5
2024-10,west,AUR,2025,AUR-AI,롱레인지,AWD,미드나잇 블랙,25,25,71650,208,53,64,88.5
2024-10,west,AUR,2025,AUR-AI,롱레인지,AWD,스틸 그레이,21,21,60337,175,44,64,88.5
2024-10,west,AUR,2025,AUR-AI,롱레인지,AWD,실버,17,17,49023,142,36,64,88.5
2024-10,west,AUR,2025,AUR-AI,롱레인지,AWD,오션 블루,13,13,37710,109,28,64,88.5
2024-10,west,AUR,2025,AUR-AI,롱레인지,AWD,선셋 레드,11,11,30168,88,22,64,88.5
2024-10,west,AUR,2025,AUR-AI,롱레인지,AWD,포레스트 그린,7,7,18855,55,14,64,88.5
2024-10,west,AUR,2025,AUR-AI,롱레인지,AWD,샌드 베이지,7,7,18855,55,14,64,88.5
2024-10,west,AUR,2025,AUR-AI,롱레인지,FWD,스노우 화이트,26,26,74049,215,54,64,88.5
2024-10,west,AUR,2025,AUR-AI,롱레인지,FWD,미드나잇 블랙,20,20,58622,170,43,64,88.5
2024-10,west,AUR,2025,AUR-AI,롱레인지,FWD,스틸 그레이,17,17,49366,143,36,64,88.5
2024-10,west,AUR,2025,AUR-AI,롱레인지,FWD,실버,14,14,40110,116,29,64,88.5
2024-10,west,AUR,2025,AUR-AI,롱레인지,FWD,오션 블루,11,11,30854,90,23,64,88.5
2024-10,west,AUR,2025,AUR-AI,롱레인지,FWD,선셋 레드,9,9,24683,72,18,64,88.5
2024-10,west,AUR,2025,AUR-AI,롱레인지,FWD,포레스트 그린,5,5,15427,45,11,64,88.5
2024-10,west,AUR,2025,AUR-AI,롱레인지,FWD,샌드 베이지,5,5,15427,45,11,64,88.5
2024-10,west,AUR,2025,AUR-RA,스탠다드 레인지,AWD,스노우 화이트,23,23,71007,5870,48,64,88.5
2024-10,west,AUR,2025,AUR-RA,스탠다드 레인지,AWD,미드나잇 블랙,18,18,56214,4647,38,64,88.5
2024-10,west,AUR,2025,AUR-RA,스탠다드 레인지,AWD,스틸 그레이,15,15,47338,3913,32,64,88.5
2024-10,west,AUR,2025,AUR-RA,스탠다드 레인지,AWD,실버,12,12,38462,3180,26,64,88.5
2024-10,west,AUR,2025,AUR-RA,스탠다드 레인지,AWD,오션 블루,10,9,29586,2446,20,64,88.5
2024-10,west,AUR,2025,AUR-RA,스탠다드 레인지,AWD,선셋 레드,8,8,23669,1957,16,64,88.5
2024-10,west,AUR,2025,AUR-RA,스탠다드 레인지,AWD,포레스트 그린,5,5,14793,1223,10,64,88.5
2024-10,west,AUR,2025,AUR-RA,스탠다드 레인지,AWD,샌드 베이지,5,5,14793,1223,10,64,88.5
2024-10,west,AUR,2025,AUR-RA,스탠다드 레인지,FWD,스노우 화이트,19,19,58097,4803,39,64,88.5
2024-10,west,AUR,2025,AUR-RA,스탠다드 레인지,FWD,미드나잇 블랙,15,15,45993,3802,31,64,88.5
2024-10,west,AUR,2025,AUR-RA,스탠다드 레인지,FWD,스틸 그레이,12,12,38731,3202,26,64,88.5
2024-10,west,AUR,2025,AUR-RA,스탠다드 레인지,FWD,실버,10,10,31469,2602,21,64,88.5
2024-10,west,AUR,2025,AUR-RA,스탠다드 레인지,FWD,오션 블루,8,8,24207,2001,16,64,88.5
2024-10,west,AUR,2025,AUR-RA,스탠다드 레인지,FWD,선셋 레드,6,6,19366,1601,13,64,88.5
2024-10,west,AUR,2025,AUR-RA,스탠다드 레인지,FWD,포레스트 그린,4,4,12104,1001,8,64,88.5
2024-10,west,AUR,2025,AUR-RA,스탠다드 레인지,FWD,샌드 베이지,4,4,12104,1001,8,64,88.5
2024-10,west,AUR,2025,AUR-RA,롱레인지,AWD,스노우 화이트,37,37,113908,9417,77,64,88.5
2024-10,west,AUR,2025,AUR-RA,롱레인지,AWD,미드나잇 블랙,29,29,90177,7455,61,64,88.5
2024-10,west,AUR,2025,AUR-RA,롱레인지,AWD,스틸 그레이,24,24,75938,6278,51,64,88.5
2024-10,west,AUR,2025,AUR-RA,롱레인지,AWD,실버,20,20,61700,5101,42,64,88.5
2024-10,west,AUR,2025,AUR-RA,롱레인지,AWD,오션 블루,15,15,47462,3924,32,64,88.5
2024-10,west,AUR,2025,AUR-RA,롱레인지,AWD,선셋 레드,12,12,37969,3139,26,64,88.5
2024-10,west,AUR,2025,AUR-RA,롱레인지,AWD,포레스트 그린,8,8,23731,1962,16,64,88.5
2024-10,west,AUR,2025,AUR-RA,롱레인지,AWD,샌드 베이지,8,8,23731,1962,16,64,88.5
2024-10,west,AUR,2025,AUR-RA,롱레인지,FWD,스노우 화이트,30,30,93197,7705,63,64,88.5
2024-10,west,AUR,2025,AUR-RA,롱레인지,FWD,미드나잇 블랙,24,24,73781,6100,50,64,88.5
2024-10,west,AUR,2025,AUR-RA,롱레인지,FWD,스틸 그레이,20,20,62131,5136,42,64,88.5
2024-10,west,AUR,2025,AUR-RA,롱레인지,FWD,실버,16,16,50482,4173,34,64,88.5
2024-10,west,AUR,2025,AUR-RA,롱레인지,FWD,오션 블루,12,12,38832,3210,26,64,88.5
2024-10,west,AUR,2025,AUR-RA,롱레인지,FWD,선셋 레드,10,10,31066,2568,21,64,88.5
2024-10,west,AUR,2025,AUR-RA,롱레인지,FWD,포레스트 그린,6,6,19416,1605,13,64,88.5
2024-10,west,AUR,2025,AUR-RA,롱레인지,FWD,샌드 베이지,6,6,19416,1605,13,64,88.5
2024-10,west,AUR,2025,AUR-MA,스탠다드 레인지,AWD,스노우 화이트,9,9,33115,6468,20,64,88.5
2024-10,west,AUR,2025,AUR-MA,스탠다드 레인지,AWD,미드나잇 블랙,7,7,26216,5121,16,64,88.5
2024-10,west,AUR,2025,AUR-MA,스탠다드 레인지,AWD,스틸 그레이,6,6,22077,4312,13,64,88.5
2024-10,west,AUR,2025,AUR-MA,스탠다드 레인지,AWD,실버,5,5,17937,3504,11,64,88.5
2024-10,west,AUR,2025,AUR-MA,스탠다드 레인지,AWD,오션 블루,4,4,13798,2695,8,64,88.5
2024-10,west,AUR,2025,AUR-MA,스탠다드 레인지,AWD,선셋 레드,3,3,11038,2156,7,64,88.5
2024-10,west,AUR,2025,AUR-MA,스탠다드 레인지,AWD,포레스트 그린,2,2,6899,1348,4,41,88.5
2024-10,west,AUR,2025,AUR-MA,스탠다드 레인지,AWD,샌드 베이지,2,2,6899,1348,4,41,88.5
2024-10,west,AUR,2025,AUR-MA,스탠다드 레인지,FWD,스노우 화이트,8,8,27094,5292,16,64,88.5
2024-10,west,AUR,2025,AUR-MA,스탠다드 레인지,FWD,미드나잇 블랙,6,6,21450,4190,13,64,88.5
2024-10,west,AUR,2025,AUR-MA,스탠다드 레인지,FWD,스틸 그레이,5,5,18063,3528,11,64,88.5
2024-10,west,AUR,2025,AUR-MA,스탠다드 레인지,FWD,실버,4,4,14676,2867,9,64,88.5
2024-10,west,AUR,2025,AUR-MA,스탠다드 레인지,FWD,오션 블루,3,3,11289,2205,7,64,88.5
2024-10,west,AUR,2025,AUR-MA,스탠다드 레인지,FWD,선셋 레드,3,3,9031,1764,5,53,88.5
2024-10,west,AUR,2025,AUR-MA,스탠다드 레인지,FWD,포레스트 그린,2,2,5645,1103,3,33,88.5
2024-10,west,AUR,2025,AUR-MA,스탠다드 레인지,FWD,샌드 베이지,2,2,5645,1103,3,33,88.5
2024-10,west,AUR,2025,AUR-MA,롱레인지,AWD,스노우 화이트,15,15,53122,10376,31,64,88.5
2024-10,west,AUR,2025,AUR-MA,롱레인지,AWD,미드나잇 블랙,12,12,42055,8214,25,64,88.5
2024-10,west,AUR,2025,AUR-MA,롱레인지,AWD,스틸 그레이,10,10,35415,6917,21,64,88.5
2024-10,west,AUR,2025,AUR-MA,롱레인지,AWD,실버,8,8,28775,5620,17,64,88.5
2024-10,west,AUR,2025,AUR-MA,롱레인지,AWD,오션 블루,6,6,22134,4323,13,64,88.5
2024-10,west,AUR,2025,AUR-MA,롱레인지,AWD,선셋 레드,5,5,17707,3459,10,64,88.5
2024-10,west,AUR,2025,AUR-MA,롱레인지,AWD,포레스트 그린,3,3,11067,2162,7,64,88.5
2024-10,west,AUR,2025,AUR-MA,롱레인지,AWD,샌드 베이지,3,3,11067,2162,7,64,88.5
2024-10,west,AUR,2025,AUR-MA,롱레인지,FWD,스노우 화이트,12,12,43464,8490,26,64,88.5
2024-10,west,AUR,2025,AUR-MA,롱레인지,FWD,미드나잇 블랙,10,10,34409,6721,20,64,88.5
2024-10,west,AUR,2025,AUR-MA,롱레인지,FWD,스틸 그레이,8,8,28976,5660,17,64,88.5
2024-10,west,AUR,2025,AUR-MA,롱레인지,FWD,실버,7,7,23543,4599,14,64,88.5
2024-10,west,AUR,2025,AUR-MA,롱레인지,FWD,오션 블루,5,5,18110,3537,11,64,88.5
2024-10,west,AUR,2025,AUR-MA,롱레인지,FWD,선셋 레드,4,4,14488,2830,9,64,88.5
2024-10,west,AUR,2025,AUR-MA,롱레인지,FWD,포레스트 그린,3,3,9055,1769,5,54,88.5
2024-10,west,AUR,2025,AUR-MA,롱레인지,FWD,샌드 베이지,3,3,9055,1769,5,54,88.5
2024-10,central,AUR,2024,AUR-AI,스탠다드 레인지,AWD,스노우 화이트,4,4,12690,37,9,64,88.5
2024-10,central,AUR,2024,AUR-AI,스탠다드 레인지,AWD,미드나잇 블랙,4,4,10047,29,7,64,88.5
2024-10,central,AUR,2024,AUR-AI,스탠다드 레인지,AWD,스틸 그레이,3,3,8460,25,6,62,88.5
2024-10,central,AUR,2024,AUR-AI,스탠다드 레인지,AWD,실버,2,2,6874,20,5,50,88.5
2024-10,central,AUR,2024,AUR-AI,스탠다드 레인지,AWD,오션 블루,2,2,5288,15,4,39,88.5
2024-10,central,AUR,2024,AUR-AI,스탠다드 레인지,AWD,선셋 레드,1,1,4230,12,3,31,88.5
2024-10,central,AUR,2024,AUR-AI,스탠다드 레인지,AWD,포레스트 그린,1,1,2644,8,2,19,88.5
2024-10,central,AUR,2024,AUR-AI,스탠다드 레인지,AWD,샌드 베이지,1,1,2644,8,2,19,88.5
2024-10,central,AUR,2024,AUR-AI,스탠다드 레인지,FWD,스노우 화이트,3,3,7374,21,5,54,88.5
2024-10,central,AUR,2024,AUR-AI,스탠다드 레인지,FWD,미드나잇 블랙,2,2,5837,17,4,43,88.5
2024-10,central,AUR,2024,AUR-AI,스탠다드 레인지,FWD,스틸 그레이,2,2,4916,14,4,36,88.5
2024-10,central,AUR,2024,AUR-AI,스탠다드 레인지,FWD,실버,1,1,3994,12,3,29,88.5
2024-10,central,AUR,2024,AUR-AI,스탠다드 레인지,FWD,오션 블루,1,1,3072,9,2,23,88.5
2024-10,central,AUR,2024,AUR-AI,스탠다드 레인지,FWD,선셋 레드,1,1,2458,7,2,18,88.5
2024-10,central,AUR,2024,AUR-AI,스탠다드 레인지,FWD,포레스트 그린,1,1,1536,4,1,11,88.5
2024-10,central,AUR,2024,AUR-AI,스탠다드 레인지,FWD,샌드 베이지,1,1,1536,4,1,11,88.5
2024-10,central,AUR,2024,AUR-AI,롱레인지,AWD,스노우 화이트,7,7,20358,59,15,64,88.5
2024-10,central,AUR,2024,AUR-AI,롱레인지,AWD,미드나잇 블랙,6,6,16116,47,12,64,88.5
2024-10,central,AUR,2024,AUR-AI,롱레인지,AWD,스틸 그레이,5,5,13572,39,10,64,88.5
2024-10,central,AUR,2024,AUR-AI,롱레인지,AWD,실버,4,4,11027,32,8,64,88.5
2024-10,central,AUR,2024,AUR-AI,롱레인지,AWD,오션 블루,3,3,8482,25,6,62,88.5
2024-10,central,AUR,2024,AUR-AI,롱레인지,AWD,선셋 레드,2,2,6786,20,5,50,88.5
2024-10,central,AUR,2024,AUR-AI,롱레인지,AWD,포레스트 그린,1,1,4241,12,3,31,88.5
2024-10,central,AUR,2024,AUR-AI,롱레인지,AWD,샌드 베이지,1,1,4241,12,3,31,88.5
2024-10,central,AUR,2024,AUR-AI,롱레인지,FWD,스노우 화이트,4,4,11828,34,9,64,88.5
2024-10,central,AUR,2024,AUR-AI,롱레인지,FWD,미드나잇 블랙,3,3,9364,27,7,64,88.5
2024-10,central,AUR,2024,AUR-AI,롱레인지,FWD,스틸 그레이,3,3,7886,23,6,58,88.5
2024-10,central,AUR,2024,AUR-AI,롱레인지,FWD,실버,2,2,6407,19,5,47,88.5
2024-10,central,AUR,2024,AUR-AI,롱레인지,FWD,오션 블루,2,2,4928,14,4,36,88.5
2024-10,central,AUR,2024,AUR-AI,롱레인지,FWD,선셋 레드,1,1,3943,11,3,29,88.5
2024-10,central,AUR,2024,AUR-AI,롱레인지,FWD,포레스트 그린,1,1,2464,7,2,18,88.5
2024-10,central,AUR,2024,AUR-AI,롱레인지,FWD,샌드 베이지,1,1,2464,7,2,18,88.5
2024-10,central,AUR,2024,AUR-RA,스탠다드 레인지,AWD,스노우 화이트,5,5,15972,1320,11,64,88.5
2024-10,central,AUR,2024,AUR-RA,스탠다드 레인지,AWD,미드나잇 블랙,4,4,12644,1045,9,64,88.5
2024-10,central,AUR,2024,AUR-RA,스탠다드 레인지,AWD,스틸 그레이,3,3,10648,880,7,64,88.5
2024-10,central,AUR,2024,AUR-RA,스탠다드 레인지,AWD,실버,3,3,8651,715,6,58,88.5
2024-10,central,AUR,2024,AUR-RA,스탠다드 레인지,AWD,오션 블루,2,2,6655,550,4,45,88.5
2024-10,central,AUR,2024,AUR-RA,스탠다드 레인지,AWD,선셋 레드,2,2,5324,440,4,36,88.5
2024-10,central,AUR,2024,AUR-RA,스탠다드 레인지,AWD,포레스트 그린,1,1,3327,275,2,22,88.5
2024-10,central,AUR,2024,AUR-RA,스탠다드 레인지,AWD,샌드 베이지,1,1,3327,275,2,22,88.5
2024-10,central,AUR,2024,AUR-RA,스탠다드 레인지,FWD,스노우 화이트,3,3,9280,767,6,63,88.5
2024-10,central,AUR,2024,AUR-RA,스탠다드 레인지,FWD,미드나잇 블랙,2,2,7347,607,5,50,88.5
2024-10,central,AUR,2024,AUR-RA,스탠다드 레인지,FWD,스틸 그레이,2,2,6187,511,4,42,88.5
2024-10,central,AUR,2024,AUR-RA,스탠다드 레인지,FWD,실버,2,2,5027,416,3,34,88.5
2024-10,central,AUR,2024,AUR-RA,스탠다드 레인지,FWD,오션 블루,1,1,3867,320,3,26,88.5
2024-10,central,AUR,2024,AUR-RA,스탠다드 레인지,FWD,선셋 레드,1,1,3093,256,2,21,88.5
2024-10,central,AUR,2024,AUR-RA,스탠다드 레인지,FWD,포레스트 그린,1,1,1933,160,1,13,88.5
2024-10,central,AUR,2024,AUR-RA,스탠다드 레인지,FWD,샌드 베이지,1,1,1933,160,1,13,88.5
2024-10,central,AUR,2024,AUR-RA,롱레인지,AWD,스노우 화이트,8,8,25622,2118,17,64,88.5
2024-10,central,AUR,2024,AUR-RA,롱레인지,AWD,미드나잇 블랙,7,7,20284,1677,14,64,88.5
2024-10,central,AUR,2024,AUR-RA,롱레인지,AWD,스틸 그레이,5,5,17081,1412,12,64,88.5
2024-10,central,AUR,2024,AUR-RA,롱레인지,AWD,실버,4,4,13878,1147,9,64,88.5
2024-10,central,AUR,2024,AUR-RA,롱레인지,AWD,오션 블루,3,3,10676,883,7,64,88.5
2024-10,central,AUR,2024,AUR-RA,롱레인지,AWD,선셋 레드,3,3,8541,706,6,58,88.5
2024-10,central,AUR,2024,AUR-RA,롱레인지,AWD,포레스트 그린,2,2,5338,441,4,36,88.5
2024-10,central,AUR,2024,AUR-RA,롱레인지,AWD,샌드 베이지,2,2,5338,441,4,36,88.5
2024-10,central,AUR,2024,AUR-RA,롱레인지,FWD,스노우 화이트,5,5,14887,1231,10,64,88.5
2024-10,central,AUR,2024,AUR-RA,롱레인지,FWD,미드나잇 블랙,4,4,11785,974,8,64,88.5
2024-10,central,AUR,2024,AUR-RA,롱레인지,FWD,스틸 그레이,3,3,9925,820,7,64,88.5
2024-10,central,AUR,2024,AUR-RA,롱레인지,FWD,실버,3,3,8064,667,5,54,88.5
2024-10,central,AUR,2024,AUR-RA,롱레인지,FWD,오션 블루,2,2,6203,513,4,42,88.5
2024-10,central,AUR,2024,AUR-RA,롱레인지,FWD,선셋 레드,2,2,4962,410,3,33,88.5
2024-10,central,AUR,2024,AUR-RA,롱레인지,FWD,포레스트 그린,1,1,3101,256,2,21,88.5
2024-10,central,AUR,2024,AUR-RA,롱레인지,FWD,샌드 베이지,1,1,3101,256,2,21,88.5
2024-10,central,AUR,2024,AUR-MA,스탠다드 레인지,AWD,스노우 화이트,2,2,7449,1455,4,44,88.5
2024-10,central,AUR,2024,AUR-MA,스탠다드 레인지,AWD,미드나잇 블랙,2,2,5897,1152,3,35,88.5
2024-10,central,AUR,2024,AUR-MA,스탠다드 레인지,AWD,스틸 그레이,1,1,4966,970,3,29,88.5
2024-10,central,AUR,2024,AUR-MA,스탠다드 레인지,AWD,실버,1,1,4035,788,2,24,88.5
2024-10,central,AUR,2024,AUR-MA,스탠다드 레인지,AWD,오션 블루,1,1,3104,606,2,18,88.5
2024-10,central,AUR,2024,AUR-MA,스탠다드 레인지,AWD,선셋 레드,1,1,2483,485,1,15,88.5
2024-10,central,AUR,2024,AUR-MA,스탠다드 레인지,AWD,포레스트 그린,0,0,1552,303,1,9,88.5
2024-10,central,AUR,2024,AUR-MA,스탠다드 레인지,AWD,샌드 베이지,0,0,1552,303,1,9,88.5
2024-10,central,AUR,2024,AUR-MA,스탠다드 레인지,FWD,스노우 화이트,1,1,4328,845,3,26,88.5
2024-10,central,AUR,2024,AUR-MA,스탠다드 레인지,FWD,미드나잇 블랙,1,1,3426,669,2,20,88.5
2024-10,central,AUR,2024,AUR-MA,스탠다드 레인지,FWD,스틸 그레이,1,1,2885,564,2,17,88.5
2024-10,central,AUR,2024,AUR-MA,스탠다드 레인지,FWD,실버,1,1,2344,458,1,14,88.5
2024-10,central,AUR,2024,AUR-MA,스탠다드 레인지,FWD,오션 블루,1,1,1803,352,1,11,88.5
2024-10,central,AUR,2024,AUR-MA,스탠다드 레인지,FWD,선셋 레드,0,0,1443,282,1,9,88.5
2024-10,central,AUR,2024,AUR-MA,스탠다드 레인지,FWD,포레스트 그린,0,0,902,176,1,5,88.5
2024-10,central,AUR,2024,AUR-MA,스탠다드 레인지,FWD,샌드 베이지,0,0,902,176,1,5,88.5
2024-10,central,AUR,2024,AUR-MA,롱레인지,AWD,스노우 화이트,3,3,11949,2334,7,64,88.5
2024-10,central,AUR,2024,AUR-MA,롱레인지,AWD,미드나잇 블랙,3,3,9460,1848,6,56,88.5
2024-10,central,AUR,2024,AUR-MA,롱레인지,AWD,스틸 그레이,2,2,7966,1556,5,47,88.5
2024-10,central,AUR,2024,AUR-MA,롱레인지,AWD,실버,2,2,6472,1264,4,38,88.5
2024-10,central,AUR,2024,AUR-MA,롱레인지,AWD,오션 블루,1,1,4979,972,3,29,88.5
2024-10,central,AUR,2024,AUR-MA,롱레인지,AWD,선셋 레드,1,1,3983,778,2,24,88.5
2024-10,central,AUR,2024,AUR-MA,롱레인지,AWD,포레스트 그린,1,1,2489,486,1,15,88.5
2024-10,central,AUR,2024,AUR-MA,롱레인지,AWD,샌드 베이지,1,1,2489,486,1,15,88.5
2024-10,central,AUR,2024,AUR-MA,롱레인지,FWD,스노우 화이트,2,2,6943,1356,4,41,88.5
2024-10,central,AUR,2024,AUR-MA,롱레인지,FWD,미드나잇 블랙,2,2,5496,1074,3,33,88.5
2024-10,central,AUR,2024,AUR-MA,롱레인지,FWD,스틸 그레이,1,1,4628,904,3,27,88.5
2024-10,central,AUR,2024,AUR-MA,롱레인지,FWD,실버,1,1,3761,735,2,22,88.5
2024-10,central,AUR,2024,AUR-MA,롱레인지,FWD,오션 블루,1,1,2893,565,2,17,88.5
2024-10,central,AUR,2024,AUR-MA,롱레인지,FWD,선셋 레드,1,1,2314,452,1,14,88.5
2024-10,central,AUR,2024,AUR-MA,롱레인지,FWD,포레스트 그린,0,0,1446,283,1,9,88.5
2024-10,central,AUR,2024,AUR-MA,롱레인지,FWD,샌드 베이지,0,0,1446,283,1,9,88.5
2024-10,central,AUR,2025,AUR-AI,스탠다드 레인지,AWD,스노우 화이트,8,8,23568,68,17,64,88.5
2024-10,central,AUR,2025,AUR-AI,스탠다드 레인지,AWD,미드나잇 블랙,7,7,18658,54,14,64,88.5
2024-10,central,AUR,2025,AUR-AI,스탠다드 레인지,AWD,스틸 그레이,5,5,15712,46,12,64,88.5
2024-10,central,AUR,2025,AUR-AI,스탠다드 레인지,AWD,실버,4,4,12766,37,9,64,88.5
2024-10,central,AUR,2025,AUR-AI,스탠다드 레인지,AWD,오션 블루,3,3,9820,29,7,64,88.5
2024-10,central,AUR,2025,AUR-AI,스탠다드 레인지,AWD,선셋 레드,3,3,7856,23,6,58,88.5
2024-10,central,AUR,2025,AUR-AI,스탠다드 레인지,AWD,포레스트 그린,2,2,4910,14,4,36,88.5
2024-10,central,AUR,2025,AUR-AI,스탠다드 레인지,AWD,샌드 베이지,2,2,4910,14,4,36,88.5
2024-10,central,AUR,2025,AUR-AI,스탠다드 레인지,FWD,스노우 화이트,5,5,13694,40,10,64,88.5
2024-10,central,AUR,2025,AUR-AI,스탠다드 레인지,FWD,미드나잇 블랙,4,4,10841,31,8,64,88.5
2024-10,central,AUR,2025,AUR-AI,스탠다드 레인지,FWD,스틸 그레이,3,3,9129,27,7,64,88.5
2024-10,central,AUR,2025,AUR-AI,스탠다드 레인지,FWD,실버,3,3,7417,22,5,54,88.5
2024-10,central,AUR,2025,AUR-AI,스탠다드 레인지,FWD,오션 블루,2,2,5706,17,4,42,88.5
2024-10,central,AUR,2025,AUR-AI,스탠다드 레인지,FWD,선셋 레드,2,2,4565,13,3,33,88.5
2024-10,central,AUR,2025,AUR-AI,스탠다드 레인지,FWD,포레스트 그린,1,1,2853,8,2,21,88.5
2024-10,central,AUR,2025,AUR-AI,스탠다드 레인지,FWD,샌드 베이지,1,1,2853,8,2,21,88.5
2024-10,central,AUR,2025,AUR-AI,롱레인지,AWD,스노우 화이트,13,13,37807,110,28,64,88.5
2024-10,central,AUR,2025,AUR-AI,롱레인지,AWD,미드나잇 블랙,10,10,29931,87,22,64,88.5
2024-10,central,AUR,2025,AUR-AI,롱레인지,AWD,스틸 그레이,9,9,25205,73,18,64,88.5
2024-10,central,AUR,2025,AUR-AI,롱레인지,AWD,실버,7,7,20479,59,15,64,88.5
2024-10,central,AUR,2025,AUR-AI,롱레인지,AWD,오션 블루,6,5,15753,46,12,64,88.5
2024-10,central,AUR,2025,AUR-AI,롱레인지,AWD,선셋 레드,4,4,12602,37,9,64,88.5
2024-10,central,AUR,2025,AUR-AI,롱레인지,AWD,포레스트 그린,3,3,7876,23,6,58,88.5
2024-10,central,AUR,2025,AUR-AI,롱레인지,AWD,샌드 베이지,3,3,7876,23,6,58,88.5
2024-10,central,AUR,2025,AUR-AI,롱레인지,FWD,스노우 화이트,8,8,21967,64,16,64,88.5
2024-10,central,AUR,2025,AUR-AI,롱레인지,FWD,미드나잇 블랙,6,6,17390,50,13,64,88.5
2024-10,central,AUR,2025,AUR-AI,롱레인지,FWD,스틸 그레이,5,5,14645,43,11,64,88.5
2024-10,central,AUR,2025,AUR-AI,롱레인지,FWD,실버,4,4,11899,35,9,64,88.5
2024-10,central,AUR,2025,AUR-AI,롱레인지,FWD,오션 블루,3,3,9153,27,7,64,88.5
2024-10,central,AUR,2025,AUR-AI,롱레인지,FWD,선셋 레드,3,3,7322,21,5,54,88.5
2024-10,central,AUR,2025,AUR-AI,롱레인지,FWD,포레스트 그린,2,2,4576,13,3,34,88.5
2024-10,central,AUR,2025,AUR-AI,롱레인지,FWD,샌드 베이지,2,2,4576,13,3,34,88.5
2024-10,central,AUR,2025,AUR-RA,스탠다드 레인지,AWD,스노우 화이트,10,10,29662,2452,20,64,88.5
2024-10,central,AUR,2025,AUR-RA,스탠다드 레인지,AWD,미드나잇 블랙,8,8,23483,1941,16,64,88.5
2024-10,central,AUR,2025,AUR-RA,스탠다드 레인지,AWD,스틸 그레이,6,6,19775,1635,13,64,88.5
2024-10,central,AUR,2025,AUR-RA,스탠다드 레인지,AWD,실버,5,5,16067,1328,11,64,88.5
2024-10,central,AUR,2025,AUR-RA,스탠다드 레인지,AWD,오션 블루,4,4,12359,1022,8,64,88.5
2024-10,central,AUR,2025,AUR-RA,스탠다드 레인지,AWD,선셋 레드,3,3,9887,817,7,64,88.5
2024-10,central,AUR,2025,AUR-RA,스탠다드 레인지,AWD,포레스트 그린,2,2,6180,511,4,42,88.5
2024-10,central,AUR,2025,AUR-RA,스탠다드 레인지,AWD,샌드 베이지,2,2,6180,511,4,42,88.5
2024-10,central,AUR,2025,AUR-RA,스탠다드 레인지,FWD,스노우 화이트,6,6,17235,1425,12,64,88.5
2024-10,central,AUR,2025,AUR-RA,스탠다드 레인지,FWD,미드나잇 블랙,4,4,13644,1128,9,64,88.5
2024-10,central,AUR,2025,AUR-RA,스탠다드 레인지,FWD,스틸 그레이,4,4,11490,950,8,64,88.5
2024-10,central,AUR,2025,AUR-RA,스탠다드 레인지,FWD,실버,3,3,9335,772,6,63,88.5
2024-10,central,AUR,2025,AUR-RA,스탠다드 레인지,FWD,오션 블루,2,2,7181,594,5,48,88.5
2024-10,central,AUR,2025,AUR-RA,스탠다드 레인지,FWD,선셋 레드,2,2,5745,475,4,39,88.5
2024-10,central,AUR,2025,AUR-RA,스탠다드 레인지,FWD,포레스트 그린,1,1,3591,297,2,24,88.5
2024-10,central,AUR,2025,AUR-RA,스탠다드 레인지,FWD,샌드 베이지,1,1,3591,297,2,24,88.5
2024-10,central,AUR,2025,AUR-RA,롱레인지,AWD,스노우 화이트,15,15,47583,3934,32,64,88.5
2024-10,central,AUR,2025,AUR-RA,롱레인지,AWD,미드나잇 블랙,12,12,37670,3114,25,64,88.5
2024-10,central,AUR,2025,AUR-RA,롱레인지,AWD,스틸 그레이,10,10,31722,2622,21,64,88.5
2024-10,central,AUR,2025,AUR-RA,롱레인지,AWD,실버,8,8,25774,2131,17,64,88.5
2024-10,central,AUR,2025,AUR-RA,롱레인지,AWD,오션 블루,6,6,19826,1639,13,64,88.5
2024-10,central,AUR,2025,AUR-RA,롱레인지,AWD,선셋 레드,5,5,15861,1311,11,64,88.5
2024-10,central,AUR,2025,AUR-RA,롱레인지,AWD,포레스트 그린,3,3,9913,820,7,64,88.5
2024-10,central,AUR,2025,AUR-RA,롱레인지,AWD,샌드 베이지,3,3,9913,820,7,64,88.5
2024-10,central,AUR,2025,AUR-RA,롱레인지,FWD,스노우 화이트,9,9,27647,2286,19,64,88.5
2024-10,central,AUR,2025,AUR-RA,롱레인지,FWD,미드나잇 블랙,7,7,21887,1809,15,64,88.5
2024-10,central,AUR,2025,AUR-RA,롱레인지,FWD,스틸 그레이,6,6,18431,1524,12,64,88.5
2024-10,central,AUR,2025,AUR-RA,롱레인지,FWD,실버,5,5,14976,1238,10,64,88.5
2024-10,central,AUR,2025,AUR-RA,롱레인지,FWD,오션 블루,4,4,11520,952,8,64,88.5
2024-10,central,AUR,2025,AUR-RA,롱레인지,FWD,선셋 레드,3,3,9216,762,6,62,88.5
2024-10,central,AUR,2025,AUR-RA,롱레인지,FWD,포레스트 그린,2,2,5760,476,4,39,88.5
2024-10,central,AUR,2025,AUR-RA,롱레인지,FWD,샌드 베이지,2,2,5760,476,4,39,88.5
2024-10,central,AUR,2025,AUR-MA,스탠다드 레인지,AWD,스노우 화이트,4,4,13833,2702,8,64,88.5
2024-10,central,AUR,2025,AUR-MA,스탠다드 레인지,AWD,미드나잇 블랙,3,3,10951,2139,6,64,88.5
2024-10,central,AUR,2025,AUR-MA,스탠다드 레인지,AWD,스틸 그레이,3,3,9222,1801,5,55,88.5
2024-10,central,AUR,2025,AUR-MA,스탠다드 레인지,AWD,실버,2,2,7493,1464,4,44,88.5
2024-10,central,AUR,2025,AUR-MA,스탠다드 레인지,AWD,오션 블루,2,2,5764,1126,3,34,88.5
2024-10,central,AUR,2025,AUR-MA,스탠다드 레인지,AWD,선셋 레드,1,1,4611,901,3,27,88.5
2024-10,central,AUR,2025,AUR-MA,스탠다드 레인지,AWD,포레스트 그린,1,1,2882,563,2,17,88.5
2024-10,central,AUR,2025,AUR-MA,스탠다드 레인지,AWD,샌드 베이지,1,1,2882,563,2,17,88.5
2024-10,central,AUR,2025,AUR-MA,스탠다드 레인지,FWD,스노우 화이트,2,2,8038,1570,5,48,88.5
2024-10,central,AUR,2025,AUR-MA,스탠다드 레인지,FWD,미드나잇 블랙,2,2,6363,1243,4,38,88.5
2024-10,central,AUR,2025,AUR-MA,스탠다드 레인지,FWD,스틸 그레이,2,2,5358,1047,3,32,88.5
2024-10,central,AUR,2025,AUR-MA,스탠다드 레인지,FWD,실버,1,1,4354,850,3,26,88.5
2024-10,central,AUR,2025,AUR-MA,스탠다드 레인지,FWD,오션 블루,1,1,3349,654,2,20,88.5
2024-10,central,AUR,2025,AUR-MA,스탠다드 레인지,FWD,선셋 레드,1,1,2679,523,2,16,88.5
2024-10,central,AUR,2025,AUR-MA,스탠다드 레인지,FWD,포레스트 그린,0,0,1674,327,1,10,88.5
2024-10,central,AUR,2025,AUR-MA,스탠다드 레인지,FWD,샌드 베이지,0,0,1674,327,1,10,88.5
2024-10,central,AUR,2025,AUR-MA,롱레인지,AWD,스노우 화이트,6,6,22191,4334,13,64,88.5
2024-10,central,AUR,2025,AUR-MA,롱레인지,AWD,미드나잇 블랙,5,5,17568,3431,10,64,88.5
2024-10,central,AUR,2025,AUR-MA,롱레인지,AWD,스틸 그레이,4,4,14794,2890,9,64,88.5
2024-10,central,AUR,2025,AUR-MA,롱레인지,AWD,실버,3,3,12020,2348,7,64,88.5
2024-10,central,AUR,2025,AUR-MA,롱레인지,AWD,오션 블루,3,3,9246,1806,5,55,88.5
2024-10,central,AUR,2025,AUR-MA,롱레인지,AWD,선셋 레드,2,2,7397,1445,4,44,88.5
2024-10,central,AUR,2025,AUR-MA,롱레인지,AWD,포레스트 그린,1,1,4623,903,3,27,88.5
2024-10,central,AUR,2025,AUR-MA,롱레인지,AWD,샌드 베이지,1,1,4623,903,3,27,88.5
2024-10,central,AUR,2025,AUR-MA,롱레인지,FWD,스노우 화이트,4,4,12894,2518,8,64,88.5
2024-10,central,AUR,2025,AUR-MA,롱레인지,FWD,미드나잇 블랙,3,3,10207,1994,6,60,88.5
2024-10,central,AUR,2025,AUR-MA,롱레인지,FWD,스틸 그레이,2,2,8596,1679,5,51,88.5
2024-10,central,AUR,2025,AUR-MA,롱레인지,FWD,실버,2,2,6984,1364,4,41,88.5
2024-10,central,AUR,2025,AUR-MA,롱레인지,FWD,오션 블루,2,2,5372,1049,3,32,88.5
2024-10,central,AUR,2025,AUR-MA,롱레인지,FWD,선셋 레드,1,1,4298,839,3,25,88.5
2024-10,central,AUR,2025,AUR-MA,롱레인지,FWD,포레스트 그린,1,1,2686,525,2,16,88.5
2024-10,central,AUR,2025,AUR-MA,롱레인지,FWD,샌드 베이지,1,1,2686,525,2,16,88.5
2024-10,south,AUR,2024,AUR-AI,스탠다드 레인지,AWD,스노우 화이트,4,4,10282,30,8,64,88.5
2024-10,south,AUR,2024,AUR-AI,스탠다드 레인지,AWD,미드나잇 블랙,3,3,8140,24,6,60,88.5
2024-10,south,AUR,2024,AUR-AI,스탠다드 레인지,AWD,스틸 그레이,2,2,6855,20,5,50,88.5
2024-10,south,AUR,2024,AUR-AI,스탠다드 레인지,AWD,실버,2,2,5570,16,4,41,88.5
2024-10,south,AUR,2024,AUR-AI,스탠다드 레인지,AWD,오션 블루,1,1,4284,12,3,31,88.5
2024-10,south,AUR,2024,AUR-AI,스탠다드 레인지,AWD,선셋 레드,1,1,3427,10,3,25,88.5
2024-10,south,AUR,2024,AUR-AI,스탠다드 레인지,AWD,포레스트 그린,1,1,2142,6,2,16,88.5
2024-10,south,AUR,2024,AUR-AI,스탠다드 레인지,AWD,샌드 베이지,1,1,2142,6,2,16,88.5
2024-10,south,AUR,2024,AUR-AI,스탠다드 레인지,FWD,스노우 화이트,5,5,15683,46,12,64,88.5
2024-10,south,AUR,2024,AUR-AI,스탠다드 레인지,FWD,미드나잇 블랙,4,4,12416,36,9,64,88.5
2024-10,south,AUR,2024,AUR-AI,스탠다드 레인지,FWD,스틸 그레이,4,4,10455,30,8,64,88.5
2024-10,south,AUR,2024,AUR-AI,스탠다드 레인지,FWD,실버,3,3,8495,25,6,62,88.5
2024-10,south,AUR,2024,AUR-AI,스탠다드 레인지,FWD,오션 블루,2,2,6535,19,5,48,88.5
2024-10,south,AUR,2024,AUR-AI,스탠다드 레인지,FWD,선셋 레드,2,2,5228,15,4,38,88.5
2024-10,south,AUR,2024,AUR-AI,스탠다드 레인지,FWD,포레스트 그린,1,1,3267,9,2,24,88.5
2024-10,south,AUR,2024,AUR-AI,스탠다드 레인지,FWD,샌드 베이지,1,1,3267,9,2,24,88.5
2024-10,south,AUR,2024,AUR-AI,롱레인지,AWD,스노우 화이트,6,6,16494,48,12,64,88.5
2024-10,south,AUR,2024,AUR-AI,롱레인지,AWD,미드나잇 블랙,5,5,13058,38,10,64,88.5
2024-10,south,AUR,2024,AUR-AI,롱레인지,AWD,스틸 그레이,4,4,10996,32,8,64,88.5
2024-10,south,AUR,2024,AUR-AI,롱레인지,AWD,실버,3,3,8934,26,7,64,88.5
2024-10,south,AUR,2024,AUR-AI,롱레인지,AWD,오션 블루,2,2,6873,20,5,50,88.5
2024-10,south,AUR,2024,AUR-AI,롱레인지,AWD,선셋 레드,2,2,5498,16,4,40,88.5
2024-10,south,AUR,2024,AUR-AI,롱레인지,AWD,포레스트 그린,1,1,3436,10,3,25,88.5
2024-10,south,AUR,2024,AUR-AI,롱레인지,AWD,샌드 베이지,1,1,3436,10,3,25,88.5
2024-10,south,AUR,2024,AUR-AI,롱레인지,FWD,스노우 화이트,9,9,25158,73,18,64,88.5
2024-10,south,AUR,2024,AUR-AI,롱레인지,FWD,미드나잇 블랙,7,7,19917,58,15,64,88.5
2024-10,south,AUR,2024,AUR-AI,롱레인지,FWD,스틸 그레이,6,6,16772,49,12,64,88.5
2024-10,south,AUR,2024,AUR-AI,롱레인지,FWD,실버,5,5,13627,40,10,64,88.5
2024-10,south,AUR,2024,AUR-AI,롱레인지,FWD,오션 블루,4,4,10483,30,8,64,88.5
2024-10,south,AUR,2024,AUR-AI,롱레인지,FWD,선셋 레드,3,3,8386,24,6,62,88.5
2024-10,south,AUR,2024,AUR-AI,롱레인지,FWD,포레스트 그린,2,2,5241,15,4,38,88.5
2024-10,south,AUR,2024,AUR-AI,롱레인지,FWD,샌드 베이지,2,2,5241,15,4,38,88.5
2024-10,south,AUR,2024,AUR-RA,스탠다드 레인지,AWD,스노우 화이트,4,4,12941,1070,9,64,88.5
2024-10,south,AUR,2024,AUR-RA,스탠다드 레인지,AWD,미드나잇 블랙,3,3,10245,847,7,64,88.5
2024-10,south,AUR,2024,AUR-RA,스탠다드 레인지,AWD,스틸 그레이,3,3,8627,713,6,58,88.5
2024-10,south,AUR,2024,AUR-RA,스탠다드 레인지,AWD,실버,2,2,7010,579,5,47,88.5
2024-10,south,AUR,2024,AUR-RA,스탠다드 레인지,AWD,오션 블루,2,2,5392,446,4,36,88.5
2024-10,south,AUR,2024,AUR-RA,스탠다드 레인지,AWD,선셋 레드,1,1,4314,357,3,29,88.5
2024-10,south,AUR,2024,AUR-RA,스탠다드 레인지,AWD,포레스트 그린,1,1,2696,223,2,18,88.5
2024-10,south,AUR,2024,AUR-RA,스탠다드 레인지,AWD,샌드 베이지,1,1,2696,223,2,18,88.5
2024-10,south,AUR,2024,AUR-RA,스탠다드 레인지,FWD,스노우 화이트,6,6,19738,1632,13,64,88.5
2024-10,south,AUR,2024,AUR-RA,스탠다드 레인지,FWD,미드나잇 블랙,5,5,15626,1292,11,64,88.5
2024-10,south,AUR,2024,AUR-RA,스탠다드 레인지,FWD,스틸 그레이,4,4,13159,1088,9,64,88.5
2024-10,south,AUR,2024,AUR-RA,스탠다드 레인지,FWD,실버,3,3,10692,884,7,64,88.5
2024-10,south,AUR,2024,AUR-RA,스탠다드 레인지,FWD,오션 블루,3,3,8224,680,6,56,88.5
2024-10,south,AUR,2024,AUR-RA,스탠다드 레인지,FWD,선셋 레드,2,2,6579,544,4,44,88.5
2024-10,south,AUR,2024,AUR-RA,스탠다드 레인지,FWD,포레스트 그린,1,1,4112,340,3,28,88.5
2024-10,south,AUR,2024,AUR-RA,스탠다드 레인지,FWD,샌드 베이지,1,1,4112,340,3,28,88.5
2024-10,south,AUR,2024,AUR-RA,롱레인지,AWD,스노우 화이트,7,7,20760,1716,14,64,88.5
2024-10,south,AUR,2024,AUR-RA,롱레인지,AWD,미드나잇 블랙,5,5,16435,1359,11,64,88.5
2024-10,south,AUR,2024,AUR-RA,롱레인지,AWD,스틸 그레이,4,4,13840,1144,9,64,88.5
2024-10,south,AUR,2024,AUR-RA,롱레인지,AWD,실버,4,4,11245,930,8,64,88.5
2024-10,south,AUR,2024,AUR-RA,롱레인지,AWD,오션 블루,3,3,8650,715,6,58,88.5
2024-10,south,AUR,2024,AUR-RA,롱레인지,AWD,선셋 레드,2,2,6920,572,5,47,88.5
2024-10,south,AUR,2024,AUR-RA,롱레인지,AWD,포레스트 그린,1,1,4325,358,3,29,88.5
2024-10,south,AUR,2024,AUR-RA,롱레인지,AWD,샌드 베이지,1,1,4325,358,3,29,88.5
2024-10,south,AUR,2024,AUR-RA,롱레인지,FWD,스노우 화이트,10,10,31663,2618,21,64,88.5
2024-10,south,AUR,2024,AUR-RA,롱레인지,FWD,미드나잇 블랙,8,8,25067,2072,17,64,88.5
2024-10,south,AUR,2024,AUR-RA,롱레인지,FWD,스틸 그레이,7,7,21109,1745,14,64,88.5
2024-10,south,AUR,2024,AUR-RA,롱레인지,FWD,실버,6,6,17151,1418,12,64,88.5
2024-10,south,AUR,2024,AUR-RA,롱레인지,FWD,오션 블루,4,4,13193,1091,9,64,88.5
2024-10,south,AUR,2024,AUR-RA,롱레인지,FWD,선셋 레드,3,3,10554,873,7,64,88.5
2024-10,south,AUR,2024,AUR-RA,롱레인지,FWD,포레스트 그린,2,2,6597,545,4,45,88.5
2024-10,south,AUR,2024,AUR-RA,롱레인지,FWD,샌드 베이지,2,2,6597,545,4,45,88.5
2024-10,south,AUR,2024,AUR-MA,스탠다드 레인지,AWD,스노우 화이트,2,2,6035,1179,4,36,88.5
2024-10,south,AUR,2024,AUR-MA,스탠다드 레인지,AWD,미드나잇 블랙,1,1,4778,933,3,28,88.5
2024-10,south,AUR,2024,AUR-MA,스탠다드 레인지,AWD,스틸 그레이,1,1,4023,786,2,24,88.5
2024-10,south,AUR,2024,AUR-MA,스탠다드 레인지,AWD,실버,1,1,3269,639,2,19,88.5
2024-10,south,AUR,2024,AUR-MA,스탠다드 레인지,AWD,오션 블루,1,1,2515,491,1,15,88.5
2024-10,south,AUR,2024,AUR-MA,스탠다드 레인지,AWD,선셋 레드,1,1,2012,393,1,12,88.5
2024-10,south,AUR,2024,AUR-MA,스탠다드 레인지,AWD,포레스트 그린,0,0,1257,246,1,7,88.5
2024-10,south,AUR,2024,AUR-MA,스탠다드 레인지,AWD,샌드 베이지,0,0,1257,246,1,7,88.5
2024-10,south,AUR,2024,AUR-MA,스탠다드 레인지,FWD,스노우 화이트,3,3,9205,1798,5,55,88.5
2024-10,south,AUR,2024,AUR-MA,스탠다드 레인지,FWD,미드나잇 블랙,2,2,7287,1423,4,43,88.5
2024-10,south,AUR,2024,AUR-MA,스탠다드 레인지,FWD,스틸 그레이,2,2,6137,1199,4,36,88.5
2024-10,south,AUR,2024,AUR-MA,스탠다드 레인지,FWD,실버,1,1,4986,974,3,30,88.5
2024-10,south,AUR,2024,AUR-MA,스탠다드 레인지,FWD,오션 블루,1,1,3836,749,2,23,88.5
2024-10,south,AUR,2024,AUR-MA,스탠다드 레인지,FWD,선셋 레드,1,1,3068,599,2,18,88.5
2024-10,south,AUR,2024,AUR-MA,스탠다드 레인지,FWD,포레스트 그린,1,1,1918,375,1,11,88.5
2024-10,south,AUR,2024,AUR-MA,스탠다드 레인지,FWD,샌드 베이지,1,1,1918,375,1,11,88.5
2024-10,south,AUR,2024,AUR-MA,롱레인지,AWD,스노우 화이트,3,3,9681,1891,6,57,88.5
2024-10,south,AUR,2024,AUR-MA,롱레인지,AWD,미드나잇 블랙,2,2,7665,1497,5,45,88.5
2024-10,south,AUR,2024,AUR-MA,롱레인지,AWD,스틸 그레이,2,2,6454,1261,4,38,88.5
2024-10,south,AUR,2024,AUR-MA,롱레인지,AWD,실버,1,1,5244,1024,3,31,88.5
2024-10,south,AUR,2024,AUR-MA,롱레인지,AWD,오션 블루,1,1,4034,788,2,24,88.5
2024-10,south,AUR,2024,AUR-MA,롱레인지,AWD,선셋 레드,1,1,3227,630,2,19,88.5
2024-10,south,AUR,2024,AUR-MA,롱레인지,AWD,포레스트 그린,1,1,2017,394,1,12,88.5
2024-10,south,AUR,2024,AUR-MA,롱레인지,AWD,샌드 베이지,1,1,2017,394,1,12,88.5
2024-10,south,AUR,2024,AUR-MA,롱레인지,FWD,스노우 화이트,4,4,14767,2884,9,64,88.5
2024-10,south,AUR,2024,AUR-MA,롱레인지,FWD,미드나잇 블랙,3,3,11690,2283,7,64,88.5
2024-10,south,AUR,2024,AUR-MA,롱레인지,FWD,스틸 그레이,3,3,9844,1923,6,58,88.5
2024-10,south,AUR,2024,AUR-MA,롱레인지,FWD,실버,2,2,7999,1562,5,47,88.5
2024-10,south,AUR,2024,AUR-MA,롱레인지,FWD,오션 블루,2,2,6153,1202,4,36,88.5
2024-10,south,AUR,2024,AUR-MA,롱레인지,FWD,선셋 레드,1,1,4922,961,3,29,88.5
2024-10,south,AUR,2024,AUR-MA,롱레인지,FWD,포레스트 그린,1,1,3076,601,2,18,88.5
2024-10,south,AUR,2024,AUR-MA,롱레인지,FWD,샌드 베이지,1,1,3076,601,2,18,88.5
2024-10,south,AUR,2025,AUR-AI,스탠다드 레인지,AWD,스노우 화이트,7,7,19096,55,14,64,88.5
2024-10,south,AUR,2025,AUR-AI,스탠다드 레인지,AWD,미드나잇 블랙,5,5,15117,44,11,64,88.5
2024-10,south,AUR,2025,AUR-AI,스탠다드 레인지,AWD,스틸 그레이,4,4,12730,37,9,64,88.5
2024-10,south,AUR,2025,AUR-AI,스탠다드 레인지,AWD,실버,4,4,10343,30,8,64,88.5
2024-10,south,AUR,2025,AUR-AI,스탠다드 레인지,AWD,오션 블루,3,3,7956,23,6,58,88.5
2024-10,south,AUR,2025,AUR-AI,스탠다드 레인지,AWD,선셋 레드,2,2,6365,18,5,47,88.5
2024-10,south,AUR,2025,AUR-AI,스탠다드 레인지,AWD,포레스트 그린,1,1,3978,12,3,29,88.5
2024-10,south,AUR,2025,AUR-AI,스탠다드 레인지,AWD,샌드 베이지,1,1,3978,12,3,29,88.5
2024-10,south,AUR,2025,AUR-AI,스탠다드 레인지,FWD,스노우 화이트,10,10,29125,85,21,64,88.5
2024-10,south,AUR,2025,AUR-AI,스탠다드 레인지,FWD,미드나잇 블랙,8,8,23058,67,17,64,88.5
2024-10,south,AUR,2025,AUR-AI,스탠다드 레인지,FWD,스틸 그레이,7,7,19417,56,14,64,88.5
2024-10,south,AUR,2025,AUR-AI,스탠다드 레인지,FWD,실버,6,6,15776,46,12,64,88.5
2024-10,south,AUR,2025,AUR-AI,스탠다드 레인지,FWD,오션 블루,4,4,12136,35,9,64,88.5
2024-10,south,AUR,2025,AUR-AI,스탠다드 레인지,FWD,선셋 레드,3,3,9708,28,7,64,88.5
2024-10,south,AUR,2025,AUR-AI,스탠다드 레인지,FWD,포레스트 그린,2,2,6068,18,4,45,88.5
2024-10,south,AUR,2025,AUR-AI,스탠다드 레인지,FWD,샌드 베이지,2,2,6068,18,4,45,88.5
2024-10,south,AUR,2025,AUR-AI,롱레인지,AWD,스노우 화이트,11,11,30632,89,22,64,88.5
2024-10,south,AUR,2025,AUR-AI,롱레인지,AWD,미드나잇 블랙,8,8,24251,70,18,64,88.5
2024-10,south,AUR,2025,AUR-AI,롱레인지,AWD,스틸 그레이,7,7,20422,59,15,64,88.5
2024-10,south,AUR,2025,AUR-AI,롱레인지,AWD,실버,6,6,16593,48,12,64,88.5
2024-10,south,AUR,2025,AUR-AI,롱레인지,AWD,오션 블루,4,4,12764,37,9,64,88.5
2024-10,south,AUR,2025,AUR-AI,롱레인지,AWD,선셋 레드,4,4,10211,30,7,64,88.5
2024-10,south,AUR,2025,AUR-AI,롱레인지,AWD,포레스트 그린,2,2,6382,19,5,47,88.5
2024-10,south,AUR,2025,AUR-AI,롱레인지,AWD,샌드 베이지,2,2,6382,19,5,47,88.5
2024-10,south,AUR,2025,AUR-AI,롱레인지,FWD,스노우 화이트,16,16,46722,136,34,64,88.5
2024-10,south,AUR,2025,AUR-AI,롱레인지,FWD,미드나잇 블랙,13,13,36988,107,27,64,88.5
2024-10,south,AUR,2025,AUR-AI,롱레인지,FWD,스틸 그레이,11,11,31148,90,23,64,88.5
2024-10,south,AUR,2025,AUR-AI,롱레인지,FWD,실버,9,9,25308,73,19,64,88.5
2024-10,south,AUR,2025,AUR-AI,롱레인지,FWD,오션 블루,7,7,19468,57,14,64,88.5
2024-10,south,AUR,2025,AUR-AI,롱레인지,FWD,선셋 레드,5,5,15574,45,11,64,88.5
2024-10,south,AUR,2025,AUR-AI,롱레인지,FWD,포레스트 그린,3,3,9734,28,7,64,88.5
2024-10,south,AUR,2025,AUR-AI,롱레인지,FWD,샌드 베이지,3,3,9734,28,7,64,88.5
2024-10,south,AUR,2025,AUR-RA,스탠다드 레인지,AWD,스노우 화이트,8,8,24033,1987,16,64,88.5
2024-10,south,AUR,2025,AUR-RA,스탠다드 레인지,AWD,미드나잇 블랙,6,6,19026,1573,13,64,88.5
2024-10,south,AUR,2025,AUR-RA,스탠다드 레인지,AWD,스틸 그레이,5,5,16022,1325,11,64,88.5
2024-10,south,AUR,2025,AUR-RA,스탠다드 레인지,AWD,실버,4,4,13018,1076,9,64,88.5
2024-10,south,AUR,2025,AUR-RA,스탠다드 레인지,AWD,오션 블루,3,3,10014,828,7,64,88.5
2024-10,south,AUR,2025,AUR-RA,스탠다드 레인지,AWD,선셋 레드,3,3,8011,662,5,54,88.5
2024-10,south,AUR,2025,AUR-RA,스탠다드 레인지,AWD,포레스트 그린,2,2,5007,414,3,34,88.5
2024-10,south,AUR,2025,AUR-RA,스탠다드 레인지,AWD,샌드 베이지,2,2,5007,414,3,34,88.5
2024-10,south,AUR,2025,AUR-RA,스탠다드 레인지,FWD,스노우 화이트,12,12,36657,3030,25,64,88.5
2024-10,south,AUR,2025,AUR-RA,스탠다드 레인지,FWD,미드나잇 블랙,9,9,29020,2399,20,64,88.5
2024-10,south,AUR,2025,AUR-RA,스탠다드 레인지,FWD,스틸 그레이,8,8,24438,2020,16,64,88.5
2024-10,south,AUR,2025,AUR-RA,스탠다드 레인지,FWD,실버,6,6,19856,1641,13,64,88.5
2024-10,south,AUR,2025,AUR-RA,스탠다드 레인지,FWD,오션 블루,5,5,15274,1263,10,64,88.5
2024-10,south,AUR,2025,AUR-RA,스탠다드 레인지,FWD,선셋 레드,4,4,12219,1010,8,64,88.5
2024-10,south,AUR,2025,AUR-RA,스탠다드 레인지,FWD,포레스트 그린,2,2,7637,631,5,52,88.5
2024-10,south,AUR,2025,AUR-RA,스탠다드 레인지,FWD,샌드 베이지,2,2,7637,631,5,52,88.5
2024-10,south,AUR,2025,AUR-RA,롱레인지,AWD,스노우 화이트,12,12,38553,3187,26,64,88.5
2024-10,south,AUR,2025,AUR-RA,롱레인지,AWD,미드나잇 블랙,10,10,30521,2523,21,64,88.5
2024-10,south,AUR,2025,AUR-RA,롱레인지,AWD,스틸 그레이,8,8,25702,2125,17,64,88.5
2024-10,south,AUR,2025,AUR-RA,롱레인지,AWD,실버,7,7,20883,1726,14,64,88.5
2024-10,south,AUR,2025,AUR-RA,롱레인지,AWD,오션 블루,5,5,16064,1328,11,64,88.5
2024-10,south,AUR,2025,AUR-RA,롱레인지,AWD,선셋 레드,4,4,12851,1062,9,64,88.5
2024-10,south,AUR,2025,AUR-RA,롱레인지,AWD,포레스트 그린,3,3,8032,664,5,54,88.5
2024-10,south,AUR,2025,AUR-RA,롱레인지,AWD,샌드 베이지,3,3,8032,664,5,54,88.5
2024-10,south,AUR,2025,AUR-RA,롱레인지,FWD,스노우 화이트,19,19,58804,4861,40,64,88.5
2024-10,south,AUR,2025,AUR-RA,롱레인지,FWD,미드나잇 블랙,15,15,46553,3849,31,64,88.5
2024-10,south,AUR,2025,AUR-RA,롱레인지,FWD,스틸 그레이,13,13,39202,3241,26,64,88.5
2024-10,south,AUR,2025,AUR-RA,롱레인지,FWD,실버,10,10,31852,2633,21,64,88.5
2024-10,south,AUR,2025,AUR-RA,롱레인지,FWD,오션 블루,8,8,24502,2026,17,64,88.5
2024-10,south,AUR,2025,AUR-RA,롱레인지,FWD,선셋 레드,6,6,19601,1620,13,64,88.5
2024-10,south,AUR,2025,AUR-RA,롱레인지,FWD,포레스트 그린,4,4,12251,1013,8,64,88.5
2024-10,south,AUR,2025,AUR-RA,롱레인지,FWD,샌드 베이지,4,4,12251,1013,8,64,88.5
2024-10,south,AUR,2025,AUR-MA,스탠다드 레인지,AWD,스노우 화이트,3,3,11208,2189,7,64,88.5
2024-10,south,AUR,2025,AUR-MA,스탠다드 레인지,AWD,미드나잇 블랙,3,2,8873,1733,5,53,88.5
2024-10,south,AUR,2025,AUR-MA,스탠다드 레인지,AWD,스틸 그레이,2,2,7472,1460,4,44,88.5
2024-10,south,AUR,2025,AUR-MA,스탠다드 레인지,AWD,실버,2,2,6071,1186,4,36,88.5
2024-10,south,AUR,2025,AUR-MA,스탠다드 레인지,AWD,오션 블루,1,1,4670,912,3,28,88.5
2024-10,south,AUR,2025,AUR-MA,스탠다드 레인지,AWD,선셋 레드,1,1,3736,730,2,22,88.5
2024-10,south,AUR,2025,AUR-MA,스탠다드 레인지,AWD,포레스트 그린,1,1,2335,456,1,14,88.5
2024-10,south,AUR,2025,AUR-MA,스탠다드 레인지,AWD,샌드 베이지,1,1,2335,456,1,14,88.5
2024-10,south,AUR,2025,AUR-MA,스탠다드 레인지,FWD,스노우 화이트,5,5,17095,3339,10,64,88.5
2024-10,south,AUR,2025,AUR-MA,스탠다드 레인지,FWD,미드나잇 블랙,4,4,13534,2644,8,64,88.5
2024-10,south,AUR,2025,AUR-MA,스탠다드 레인지,FWD,스틸 그레이,3,3,11397,2226,7,64,88.5
2024-10,south,AUR,2025,AUR-MA,스탠다드 레인지,FWD,실버,3,3,9260,1809,5,55,88.5
2024-10,south,AUR,2025,AUR-MA,스탠다드 레인지,FWD,오션 블루,2,2,7123,1391,4,42,88.5
2024-10,south,AUR,2025,AUR-MA,스탠다드 레인지,FWD,선셋 레드,2,2,5698,1113,3,34,88.5
2024-10,south,AUR,2025,AUR-MA,스탠다드 레인지,FWD,포레스트 그린,1,1,3562,696,2,21,88.5
2024-10,south,AUR,2025,AUR-MA,스탠다드 레인지,FWD,샌드 베이지,1,1,3562,696,2,21,88.5
2024-10,south,AUR,2025,AUR-MA,롱레인지,AWD,스노우 화이트,5,5,17980,3512,11,64,88.5
2024-10,south,AUR,2025,AUR-MA,롱레인지,AWD,미드나잇 블랙,4,4,14234,2780,8,64,88.5
2024-10,south,AUR,2025,AUR-MA,롱레인지,AWD,스틸 그레이,3,3,11987,2341,7,64,88.5
2024-10,south,AUR,2025,AUR-MA,롱레인지,AWD,실버,3,3,9739,1902,6,58,88.5
2024-10,south,AUR,2025,AUR-MA,롱레인지,AWD,오션 블루,2,2,7492,1463,4,44,88.5
2024-10,south,AUR,2025,AUR-MA,롱레인지,AWD,선셋 레드,2,2,5993,1171,4,35,88.5
2024-10,south,AUR,2025,AUR-MA,롱레인지,AWD,포레스트 그린,1,1,3746,732,2,22,88.5
2024-10,south,AUR,2025,AUR-MA,롱레인지,AWD,샌드 베이지,1,1,3746,732,2,22,88.5
2024-10,south,AUR,2025,AUR-MA,롱레인지,FWD,스노우 화이트,8,8,27424,5357,16,64,88.5
2024-10,south,AUR,2025,AUR-MA,롱레인지,FWD,미드나잇 블랙,6,6,21711,4241,13,64,88.5
2024-10,south,AUR,2025,AUR-MA,롱레인지,FWD,스틸 그레이,5,5,18283,3571,11,64,88.5
2024-10,south,AUR,2025,AUR-MA,롱레인지,FWD,실버,4,4,14855,2901,9,64,88.5
2024-10,south,AUR,2025,AUR-MA,롱레인지,FWD,오션 블루,3,3,11427,2232,7,64,88.5
2024-10,south,AUR,2025,AUR-MA,롱레인지,FWD,선셋 레드,3,3,9141,1786,5,54,88.5
2024-10,south,AUR,2025,AUR-MA,롱레인지,FWD,포레스트 그린,2,2,5713,1116,3,34,88.5
2024-10,south,AUR,2025,AUR-MA,롱레인지,FWD,샌드 베이지,2,2,5713,1116,3,34,88.5
2024-10,northeast,AUR,2024,AUR-AI,스탠다드 레인지,AWD,스노우 화이트,9,9,25822,75,19,64,88.5
2024-10,northeast,AUR,2024,AUR-AI,스탠다드 레인지,AWD,미드나잇 블랙,7,7,20443,59,15,64,88.5
2024-10,northeast,AUR,2024,AUR-AI,스탠다드 레인지,AWD,스틸 그레이,6,6,17215,50,13,64,88.5
2024-10,northeast,AUR,2024,AUR-AI,스탠다드 레인지,AWD,실버,5,5,13987,41,10,64,88.5
2024-10,northeast,AUR,2024,AUR-AI,스탠다드 레인지,AWD,오션 블루,4,4,10759,31,8,64,88.5
2024-10,northeast,AUR,2024,AUR-AI,스탠다드 레인지,AWD,선셋 레드,3,3,8607,25,6,63,88.5
2024-10,northeast,AUR,2024,AUR-AI,스탠다드 레인지,AWD,포레스트 그린,2,2,5380,16,4,39,88.5
2024-10,northeast,AUR,2024,AUR-AI,스탠다드 레인지,AWD,샌드 베이지,2,2,5380,16,4,39,88.5
2024-10,northeast,AUR,2024,AUR-AI,스탠다드 레인지,FWD,스노우 화이트,4,4,10293,30,8,64,88.5
2024-10,northeast,AUR,2024,AUR-AI,스탠다드 레인지,FWD,미드나잇 블랙,3,3,8148,24,6,60,88.5
2024-10,northeast,AUR,2024,AUR-AI,스탠다드 레인지,FWD,스틸 그레이,2,2,6862,20,5,50,88.5
2024-10,northeast,AUR,2024,AUR-AI,스탠다드 레인지,FWD,실버,2,2,5575,16,4,41,88.5
2024-10,northeast,AUR,2024,AUR-AI,스탠다드 레인지,FWD,오션 블루,1,1,4289,12,3,31,88.5
2024-10,northeast,AUR,2024,AUR-AI,스탠다드 레인지,FWD,선셋 레드,1,1,3431,10,3,25,88.5
2024-10,northeast,AUR,2024,AUR-AI,스탠다드 레인지,FWD,포레스트 그린,1,1,2144,6,2,16,88.5
2024-10,northeast,AUR,2024,AUR-AI,스탠다드 레인지,FWD,샌드 베이지,1,1,2144,6,2,16,88.5
2024-10,northeast,AUR,2024,AUR-AI,롱레인지,AWD,스노우 화이트,14,14,41423,120,30,64,88.5
2024-10,northeast,AUR,2024,AUR-AI,롱레인지,AWD,미드나잇 블랙,11,11,32793,95,24,64,88.5
2024-10,northeast,AUR,2024,AUR-AI,롱레인지,AWD,스틸 그레이,10,10,27616,80,20,64,88.5
2024-10,northeast,AUR,2024,AUR-AI,롱레인지,AWD,실버,8,8,22438,65,16,64,88.5
2024-10,northeast,AUR,2024,AUR-AI,롱레인지,AWD,오션 블루,6,6,17260,50,13,64,88.5
2024-10,northeast,AUR,2024,AUR-AI,롱레인지,AWD,선셋 레드,5,5,13808,40,10,64,88.5
2024-10,northeast,AUR,2024,AUR-AI,롱레인지,AWD,포레스트 그린,3,3,8630,25,6,63,88.5
2024-10,northeast,AUR,2024,AUR-AI,롱레인지,AWD,샌드 베이지,3,3,8630,25,6,63,88.5
2024-10,northeast,AUR,2024,AUR-AI,롱레인지,FWD,스노우 화이트,6,6,16511,48,12,64,88.5
2024-10,northeast,AUR,2024,AUR-AI,롱레인지,FWD,미드나잇 블랙,5,5,13072,38,10,64,88.5
2024-10,northeast,AUR,2024,AUR-AI,롱레인지,FWD,스틸 그레이,4,4,11008,32,8,64,88.5
2024-10,northeast,AUR,2024,AUR-AI,롱레인지,FWD,실버,3,3,8944,26,7,64,88.5
2024-10,northeast,AUR,2024,AUR-AI,롱레인지,FWD,오션 블루,2,2,6880,20,5,50,88.5
2024-10,northeast,AUR,2024,AUR-AI,롱레인지,FWD,선셋 레드,2,2,5504,16,4,40,88.5
2024-10,northeast,AUR,2024,AUR-AI,롱레인지,FWD,포레스트 그린,1,1,3440,10,3,25,88.5
2024-10,northeast,AUR,2024,AUR-AI,롱레인지,FWD,샌드 베이지,1,1,3440,10,3,25,88.5
2024-10,northeast,AUR,2024,AUR-RA,스탠다드 레인지,AWD,스노우 화이트,10,10,32500,2687,22,64,88.5
2024-10,northeast,AUR,2024,AUR-RA,스탠다드 레인지,AWD,미드나잇 블랙,8,8,25729,2127,17,64,88.5
2024-10,northeast,AUR,2024,AUR-RA,스탠다드 레인지,AWD,스틸 그레이,7,7,21666,1791,15,64,88.5
2024-10,northeast,AUR,2024,AUR-RA,스탠다드 레인지,AWD,실버,6,6,17604,1455,12,64,88.5
2024-10,northeast,AUR,2024,AUR-RA,스탠다드 레인지,AWD,오션 블루,4,4,13541,1119,9,64,88.5
2024-10,northeast,AUR,2024,AUR-RA,스탠다드 레인지,AWD,선셋 레드,3,3,10833,896,7,64,88.5
2024-10,northeast,AUR,2024,AUR-RA,스탠다드 레인지,AWD,포레스트 그린,2,2,6771,560,5,46,88.5
2024-10,northeast,AUR,2024,AUR-RA,스탠다드 레인지,AWD,샌드 베이지,2,2,6771,560,5,46,88.5
2024-10,northeast,AUR,2024,AUR-RA,스탠다드 레인지,FWD,스노우 화이트,4,4,12954,1071,9,64,88.5
2024-10,northeast,AUR,2024,AUR-RA,스탠다드 레인지,FWD,미드나잇 블랙,3,3,10256,848,7,64,88.5
2024-10,northeast,AUR,2024,AUR-RA,스탠다드 레인지,FWD,스틸 그레이,3,3,8636,714,6,58,88.5
2024-10,northeast,AUR,2024,AUR-RA,스탠다드 레인지,FWD,실버,2,2,7017,580,5,47,88.5
2024-10,northeast,AUR,2024,AUR-RA,스탠다드 레인지,FWD,오션 블루,2,2,5398,446,4,36,88.5
2024-10,northeast,AUR,2024,AUR-RA,스탠다드 레인지,FWD,선셋 레드,1,1,4318,357,3,29,88.5
2024-10,northeast,AUR,2024,AUR-RA,스탠다드 레인지,FWD,포레스트 그린,1,1,2699,223,2,18,88.5
2024-10,northeast,AUR,2024,AUR-RA,스탠다드 레인지,FWD,샌드 베이지,1,1,2699,223,2,18,88.5
2024-10,northeast,AUR,2024,AUR-RA,롱레인지,AWD,스노우 화이트,17,17,52135,4310,35,64,88.5
2024-10,northeast,AUR,2024,AUR-RA,롱레인지,AWD,미드나잇 블랙,13,13,41273,3412,28,64,88.5
2024-10,northeast,AUR,2024,AUR-RA,롱레인지,AWD,스틸 그레이,11,11,34756,2873,23,64,88.5
2024-10,northeast,AUR,2024,AUR-RA,롱레인지,AWD,실버,9,9,28240,2335,19,64,88.5
2024-10,northeast,AUR,2024,AUR-RA,롱레인지,AWD,오션 블루,7,7,21723,1796,15,64,88.5
2024-10,northeast,AUR,2024,AUR-RA,롱레인지,AWD,선셋 레드,6,6,17378,1437,12,64,88.5
2024-10,northeast,AUR,2024,AUR-RA,롱레인지,AWD,포레스트 그린,3,3,10861,898,7,64,88.5
2024-10,northeast,AUR,2024,AUR-RA,롱레인지,AWD,샌드 베이지,3,3,10861,898,7,64,88.5
2024-10,northeast,AUR,2024,AUR-RA,롱레인지,FWD,스노우 화이트,7,7,20781,1718,14,64,88.5
2024-10,northeast,AUR,2024,AUR-RA,롱레인지,FWD,미드나잇 블랙,5,5,16452,1360,11,64,88.5
2024-10,northeast,AUR,2024,AUR-RA,롱레인지,FWD,스틸 그레이,4,4,13854,1145,9,64,88.5
2024-10,northeast,AUR,2024,AUR-RA,롱레인지,FWD,실버,4,4,11256,931,8,64,88.5
2024-10,northeast,AUR,2024,AUR-RA,롱레인지,FWD,오션 블루,3,3,8659,716,6,58,88.5
2024-10,northeast,AUR,2024,AUR-RA,롱레인지,FWD,선셋 레드,2,2,6927,573,5,47,88.5
2024-10,northeast,AUR,2024,AUR-RA,롱레인지,FWD,포레스트 그린,1,1,4329,358,3,29,88.5
2024-10,northeast,AUR,2024,AUR-RA,롱레인지,FWD,샌드 베이지,1,1,4329,358,3,29,88.5
2024-10,northeast,AUR,2024,AUR-MA,스탠다드 레인지,AWD,스노우 화이트,4,4,15157,2960,9,64,88.5
2024-10,northeast,AUR,2024,AUR-MA,스탠다드 레인지,AWD,미드나잇 블랙,3,3,11999,2344,7,64,88.5
2024-10,northeast,AUR,2024,AUR-MA,스탠다드 레인지,AWD,스틸 그레이,3,3,10104,1974,6,60,88.5
2024-10,northeast,AUR,2024,AUR-MA,스탠다드 레인지,AWD,실버,2,2,8210,1604,5,49,88.5
2024-10,northeast,AUR,2024,AUR-MA,스탠다드 레인지,AWD,오션 블루,2,2,6315,1234,4,37,88.5
2024-10,northeast,AUR,2024,AUR-MA,스탠다드 레인지,AWD,선셋 레드,1,1,5052,987,3,30,88.5
2024-10,northeast,AUR,2024,AUR-MA,스탠다드 레인지,AWD,포레스트 그린,1,1,3158,617,2,19,88.5
2024-10,northeast,AUR,2024,AUR-MA,스탠다드 레인지,AWD,샌드 베이지,1,1,3158,617,2,19,88.5
2024-10,northeast,AUR,2024,AUR-MA,스탠다드 레인지,FWD,스노우 화이트,2,2,6041,1180,4,36,88.5
2024-10,northeast,AUR,2024,AUR-MA,스탠다드 레인지,FWD,미드나잇 블랙,1,1,4783,934,3,28,88.5
2024-10,northeast,AUR,2024,AUR-MA,스탠다드 레인지,FWD,스틸 그레이,1,1,4028,787,2,24,88.5
2024-10,northeast,AUR,2024,AUR-MA,스탠다드 레인지,FWD,실버,1,1,3272,639,2,19,88.5
2024-10,northeast,AUR,2024,AUR-MA,스탠다드 레인지,FWD,오션 블루,1,1,2517,492,1,15,88.5
2024-10,northeast,AUR,2024,AUR-MA,스탠다드 레인지,FWD,선셋 레드,1,1,2014,393,1,12,88.5
2024-10,northeast,AUR,2024,AUR-MA,스탠다드 레인지,FWD,포레스트 그린,0,0,1259,246,1,7,88.5
2024-10,northeast,AUR,2024,AUR-MA,스탠다드 레인지,FWD,샌드 베이지,0,0,1259,246,1,7,88.5
2024-10,northeast,AUR,2024,AUR-MA,롱레인지,AWD,스노우 화이트,7,7,24314,4749,14,64,88.5
2024-10,northeast,AUR,2024,AUR-MA,롱레인지,AWD,미드나잇 블랙,5,5,19248,3760,11,64,88.5
2024-10,northeast,AUR,2024,AUR-MA,롱레인지,AWD,스틸 그레이,5,5,16209,3166,10,64,88.5
2024-10,northeast,AUR,2024,AUR-MA,롱레인지,AWD,실버,4,4,13170,2572,8,64,88.5
2024-10,northeast,AUR,2024,AUR-MA,롱레인지,AWD,오션 블루,3,3,10131,1979,6,60,88.5
2024-10,northeast,AUR,2024,AUR-MA,롱레인지,AWD,선셋 레드,2,2,8105,1583,5,48,88.5
2024-10,northeast,AUR,2024,AUR-MA,롱레인지,AWD,포레스트 그린,1,1,5065,989,3,30,88.5
2024-10,northeast,AUR,2024,AUR-MA,롱레인지,AWD,샌드 베이지,1,1,5065,989,3,30,88.5
2024-10,northeast,AUR,2024,AUR-MA,롱레인지,FWD,스노우 화이트,3,3,9691,1893,6,57,88.5
2024-10,northeast,AUR,2024,AUR-MA,롱레인지,FWD,미드나잇 블랙,2,2,7672,1499,5,45,88.5
2024-10,northeast,AUR,2024,AUR-MA,롱레인지,FWD,스틸 그레이,2,2,6461,1262,4,38,88.5
2024-10,northeast,AUR,2024,AUR-MA,롱레인지,FWD,실버,1,1,5250,1025,3,31,88.5
2024-10,northeast,AUR,2024,AUR-MA,롱레인지,FWD,오션 블루,1,1,4038,789,2,24,88.5
2024-10,northeast,AUR,2024,AUR-MA,롱레인지,FWD,선셋 레드,1,1,3230,631,2,19,88.5
2024-10,northeast,AUR,2024,AUR-MA,롱레인지,FWD,포레스트 그린,1,1,2019,394,1,12,88.5
2024-10,northeast,AUR,2024,AUR-MA,롱레인지,FWD,샌드 베이지,1,1,2019,394,1,12,88.5
2024-10,northeast,AUR,2025,AUR-AI,스탠다드 레인지,AWD,스노우 화이트,17,17,47956,139,35,64,88.5
2024-10,northeast,AUR,2025,AUR-AI,스탠다드 레인지,AWD,미드나잇 블랙,13,13,37965,110,28,64,88.5
2024-10,northeast,AUR,2025,AUR-AI,스탠다드 레인지,AWD,스틸 그레이,11,11,31971,93,23,64,88.5
2024-10,northeast,AUR,2025,AUR-AI,스탠다드 레인지,AWD,실버,9,9,25976,75,19,64,88.5
2024-10,northeast,AUR,2025,AUR-AI,스탠다드 레인지,AWD,오션 블루,7,7,19982,58,15,64,88.5
2024-10,northeast,AUR,2025,AUR-AI,스탠다드 레인지,AWD,선셋 레드,6,6,15985,46,12,64,88.5
2024-10,northeast,AUR,2025,AUR-AI,스탠다드 레인지,AWD,포레스트 그린,3,3,9991,29,7,64,88.5
2024-10,northeast,AUR,2025,AUR-AI,스탠다드 레인지,AWD,샌드 베이지,3,3,9991,29,7,64,88.5
2024-10,northeast,AUR,2025,AUR-AI,스탠다드 레인지,FWD,스노우 화이트,7,7,19115,55,14,64,88.5
2024-10,northeast,AUR,2025,AUR-AI,스탠다드 레인지,FWD,미드나잇 블랙,5,5,15133,44,11,64,88.5
2024-10,northeast,AUR,2025,AUR-AI,스탠다드 레인지,FWD,스틸 그레이,4,4,12743,37,9,64,88.5
2024-10,northeast,AUR,2025,AUR-AI,스탠다드 레인지,FWD,실버,4,4,10354,30,8,64,88.5
2024-10,northeast,AUR,2025,AUR-AI,스탠다드 레인지,FWD,오션 블루,3,3,7965,23,6,58,88.5
2024-10,northeast,AUR,2025,AUR-AI,스탠다드 레인지,FWD,선셋 레드,2,2,6372,18,5,47,88.5
2024-10,northeast,AUR,2025,AUR-AI,스탠다드 레인지,FWD,포레스트 그린,1,1,3982,12,3,29,88.5
2024-10,northeast,AUR,2025,AUR-AI,스탠다드 레인지,FWD,샌드 베이지,1,1,3982,12,3,29,88.5
2024-10,northeast,AUR,2025,AUR-AI,롱레인지,AWD,스노우 화이트,27,27,76929,223,56,64,88.5
2024-10,northeast,AUR,2025,AUR-AI,롱레인지,AWD,미드나잇 블랙,21,21,60902,177,45,64,88.5
2024-10,northeast,AUR,2025,AUR-AI,롱레인지,AWD,스틸 그레이,18,18,51286,149,38,64,88.5
2024-10,northeast,AUR,2025,AUR-AI,롱레인지,AWD,실버,15,15,41670,121,31,64,88.5
2024-10,northeast,AUR,2025,AUR-AI,롱레인지,AWD,오션 블루,11,11,32054,93,24,64,88.5
2024-10,northeast,AUR,2025,AUR-AI,롱레인지,AWD,선셋 레드,9,9,25643,74,19,64,88.5
2024-10,northeast,AUR,2025,AUR-AI,롱레인지,AWD,포레스트 그린,6,6,16027,47,12,64,88.5
2024-10,northeast,AUR,2025,AUR-AI,롱레인지,AWD,샌드 베이지,6,6,16027,47,12,64,88.5
2024-10,northeast,AUR,2025,AUR-AI,롱레인지,FWD,스노우 화이트,11,11,30664,89,22,64,88.5
2024-10,northeast,AUR,2025,AUR-AI,롱레인지,FWD,미드나잇 블랙,8,8,24276,70,18,64,88.5
2024-10,northeast,AUR,2025,AUR-AI,롱레인지,FWD,스틸 그레이,7,7,20443,59,15,64,88.5
2024-10,northeast,AUR,2025,AUR-AI,롱레인지,FWD,실버,6,6,16610,48,12,64,88.5
2024-10,northeast,AUR,2025,AUR-AI,롱레인지,FWD,오션 블루,4,4,12777,37,9,64,88.5
2024-10,northeast,AUR,2025,AUR-AI,롱레인지,FWD,선셋 레드,4,4,10221,30,7,64,88.5
2024-10,northeast,AUR,2025,AUR-AI,롱레인지,FWD,포레스트 그린,2,2,6388,19,5,47,88.5
2024-10,northeast,AUR,2025,AUR-AI,롱레인지,FWD,샌드 베이지,2,2,6388,19,5,47,88.5
2024-10,northeast,AUR,2025,AUR-RA,스탠다드 레인지,AWD,스노우 화이트,19,19,60356,4990,41,64,88.5
2024-10,northeast,AUR,2025,AUR-RA,스탠다드 레인지,AWD,미드나잇 블랙,15,15,47782,3950,32,64,88.5
2024-10,northeast,AUR,2025,AUR-RA,스탠다드 레인지,AWD,스틸 그레이,13,13,40238,3326,27,64,88.5
2024-10,northeast,AUR,2025,AUR-RA,스탠다드 레인지,AWD,실버,11,10,32693,2703,22,64,88.5
2024-10,northeast,AUR,2025,AUR-RA,스탠다드 레인지,AWD,오션 블루,8,8,25148,2079,17,64,88.5
2024-10,northeast,AUR,2025,AUR-RA,스탠다드 레인지,AWD,선셋 레드,6,6,20119,1663,14,64,88.5
2024-10,northeast,AUR,2025,AUR-RA,스탠다드 레인지,AWD,포레스트 그린,4,4,12574,1040,8,64,88.5
2024-10,northeast,AUR,2025,AUR-RA,스탠다드 레인지,AWD,샌드 베이지,4,4,12574,1040,8,64,88.5
2024-10,northeast,AUR,2025,AUR-RA,스탠다드 레인지,FWD,스노우 화이트,8,8,24058,1989,16,64,88.5
2024-10,northeast,AUR,2025,AUR-RA,스탠다드 레인지,FWD,미드나잇 블랙,6,6,19046,1575,13,64,88.5
2024-10,northeast,AUR,2025,AUR-RA,스탠다드 레인지,FWD,스틸 그레이,5,5,16039,1326,11,64,88.5
2024-10,northeast,AUR,2025,AUR-RA,스탠다드 레인지,FWD,실버,4,4,13031,1077,9,64,88.5
2024-10,northeast,AUR,2025,AUR-RA,스탠다드 레인지,FWD,오션 블루,3,3,10024,829,7,64,88.5
2024-10,northeast,AUR,2025,AUR-RA,스탠다드 레인지,FWD,선셋 레드,3,3,8019,663,5,54,88.5
2024-10,northeast,AUR,2025,AUR-RA,스탠다드 레인지,FWD,포레스트 그린,2,2,5012,414,3,34,88.5
2024-10,northeast,AUR,2025,AUR-RA,스탠다드 레인지,FWD,샌드 베이지,2,2,5012,414,3,34,88.5
2024-10,northeast,AUR,2025,AUR-RA,롱레인지,AWD,스노우 화이트,31,31,96822,8004,65,64,88.5
2024-10,northeast,AUR,2025,AUR-RA,롱레인지,AWD,미드나잇 블랙,25,25,76650,6337,52,64,88.5
2024-10,northeast,AUR,2025,AUR-RA,롱레인지,AWD,스틸 그레이,21,21,64548,5336,44,64,88.5
2024-10,northeast,AUR,2025,AUR-RA,롱레인지,AWD,실버,17,17,52445,4336,35,64,88.5
2024-10,northeast,AUR,2025,AUR-RA,롱레인지,AWD,오션 블루,13,13,40342,3335,27,64,88.5
2024-10,northeast,AUR,2025,AUR-RA,롱레인지,AWD,선셋 레드,10,10,32274,2668,22,64,88.5
2024-10,northeast,AUR,2025,AUR-RA,롱레인지,AWD,포레스트 그린,6,6,20171,1668,14,64,88.5
2024-10,northeast,AUR,2025,AUR-RA,롱레인지,AWD,샌드 베이지,6,6,20171,1668,14,64,88.5
2024-10,northeast,AUR,2025,AUR-RA,롱레인지,FWD,스노우 화이트,12,12,38593,3191,26,64,88.5
2024-10,northeast,AUR,2025,AUR-RA,롱레인지,FWD,미드나잇 블랙,10,10,30553,2526,21,64,88.5
2024-10,northeast,AUR,2025,AUR-RA,롱레인지,FWD,스틸 그레이,8,8,25729,2127,17,64,88.5
2024-10,northeast,AUR,2025,AUR-RA,롱레인지,FWD,실버,7,7,20905,1728,14,64,88.5
2024-10,northeast,AUR,2025,AUR-RA,롱레인지,FWD,오션 블루,5,5,16080,1329,11,64,88.5
2024-10,northeast,AUR,2025,AUR-RA,롱레인지,FWD,선셋 레드,4,4,12864,1064,9,64,88.5
2024-10,northeast,AUR,2025,AUR-RA,롱레인지,FWD,포레스트 그린,3,3,8040,665,5,54,88.5
2024-10,northeast,AUR,2025,AUR-RA,롱레인지,FWD,샌드 베이지,3,3,8040,665,5,54,88.5
2024-10,northeast,AUR,2025,AUR-MA,스탠다드 레인지,AWD,스노우 화이트,8,8,28148,5498,17,64,88.5
2024-10,northeast,AUR,2025,AUR-MA,스탠다드 레인지,AWD,미드나잇 블랙,6,6,22284,4353,13,64,88.5
2024-10,northeast,AUR,2025,AUR-MA,스탠다드 레인지,AWD,스틸 그레이,5,5,18765,3665,11,64,88.5
2024-10,northeast,AUR,2025,AUR-MA,스탠다드 레인지,AWD,실버,4,4,15247,2978,9,64,88.5
2024-10,northeast,AUR,2025,AUR-MA,스탠다드 레인지,AWD,오션 블루,3,3,11728,2291,7,64,88.5
2024-10,northeast,AUR,2025,AUR-MA,스탠다드 레인지,AWD,선셋 레드,3,3,9383,1833,6,56,88.5
2024-10,northeast,AUR,2025,AUR-MA,스탠다드 레인지,AWD,포레스트 그린,2,2,5864,1145,3,35,88.5
2024-10,northeast,AUR,2025,AUR-MA,스탠다드 레인지,AWD,샌드 베이지,2,2,5864,1145,3,35,88.5
2024-10,northeast,AUR,2025,AUR-MA,스탠다드 레인지,FWD,스노우 화이트,3,3,11220,2192,7,64,88.5
2024-10,northeast,AUR,2025,AUR-MA,스탠다드 레인지,FWD,미드나잇 블랙,3,3,8882,1735,5,53,88.5
2024-10,northeast,AUR,2025,AUR-MA,스탠다드 레인지,FWD,스틸 그레이,2,2,7480,1461,4,44,88.5
2024-10,northeast,AUR,2025,AUR-MA,스탠다드 레인지,FWD,실버,2,2,6077,1187,4,36,88.5
2024-10,northeast,AUR,2025,AUR-MA,스탠다드 레인지,FWD,오션 블루,1,1,4675,913,3,28,88.5
2024-10,northeast,AUR,2025,AUR-MA,스탠다드 레인지,FWD,선셋 레드,1,1,3740,731,2,22,88.5
2024-10,northeast,AUR,2025,AUR-MA,스탠다드 레인지,FWD,포레스트 그린,1,1,2337,457,1,14,88.5
2024-10,northeast,AUR,2025,AUR-MA,스탠다드 레인지,FWD,샌드 베이지,1,1,2337,457,1,14,88.5
2024-10,northeast,AUR,2025,AUR-MA,롱레인지,AWD,스노우 화이트,13,13,45154,8820,27,64,88.5
2024-10,northeast,AUR,2025,AUR-MA,롱레인지,AWD,미드나잇 블랙,10,10,35747,6982,21,64,88.5
2024-10,northeast,AUR,2025,AUR-MA,롱레인지,AWD,스틸 그레이,8,8,30103,5880,18,64,88.5
2024-10,northeast,AUR,2025,AUR-MA,롱레인지,AWD,실버,7,7,24458,4777,14,64,88.5
2024-10,northeast,AUR,2025,AUR-MA,롱레인지,AWD,오션 블루,5,5,18814,3675,11,64,88.5
2024-10,northeast,AUR,2025,AUR-MA,롱레인지,AWD,선셋 레드,4,4,15051,2940,9,64,88.5
2024-10,northeast,AUR,2025,AUR-MA,롱레인지,AWD,포레스트 그린,3,3,9407,1837,6,56,88.5
2024-10,northeast,AUR,2025,AUR-MA,롱레인지,AWD,샌드 베이지,3,3,9407,1837,6,56,88.5
2024-10,northeast,AUR,2025,AUR-MA,롱레인지,FWD,스노우 화이트,5,5,17998,3516,11,64,88.5
2024-10,northeast,AUR,2025,AUR-MA,롱레인지,FWD,미드나잇 블랙,4,4,14249,2783,8,64,88.5
2024-10,northeast,AUR,2025,AUR-MA,롱레인지,FWD,스틸 그레이,3,3,11999,2344,7,64,88.5
2024-10,northeast,AUR,2025,AUR-MA,롱레인지,FWD,실버,3,3,9749,1904,6,58,88.5
2024-10,northeast,AUR,2025,AUR-MA,롱레인지,FWD,오션 블루,2,2,7499,1465,4,44,88.5
2024-10,northeast,AUR,2025,AUR-MA,롱레인지,FWD,선셋 레드,2,2,5999,1172,4,36,88.5
2024-10,northeast,AUR,2025,AUR-MA,롱레인지,FWD,포레스트 그린,1,1,3750,732,2,22,88.5
2024-10,northeast,AUR,2025,AUR-MA,롱레인지,FWD,샌드 베이지,1,1,3750,732,2,22,88.5
2024-10,southeast,AUR,2024,AUR-AI,스탠다드 레인지,AWD,스노우 화이트,5,5,13242,38,10,64,88.5
2024-10,southeast,AUR,2024,AUR-AI,스탠다드 레인지,AWD,미드나잇 블랙,4,4,10483,30,8,64,88.5
2024-10,southeast,AUR,2024,AUR-AI,스탠다드 레인지,AWD,스틸 그레이,3,3,8828,26,6,64,88.5
2024-10,southeast,AUR,2024,AUR-AI,스탠다드 레인지,AWD,실버,3,3,7173,21,5,53,88.5
2024-10,southeast,AUR,2024,AUR-AI,스탠다드 레인지,AWD,오션 블루,2,2,5518,16,4,40,88.5
2024-10,southeast,AUR,2024,AUR-AI,스탠다드 레인지,AWD,선셋 레드,2,2,4414,13,3,32,88.5
2024-10,southeast,AUR,2024,AUR-AI,스탠다드 레인지,AWD,포레스트 그린,1,1,2759,8,2,20,88.5
2024-10,southeast,AUR,2024,AUR-AI,스탠다드 레인지,AWD,샌드 베이지,1,1,2759,8,2,20,88.5
2024-10,southeast,AUR,2024,AUR-AI,스탠다드 레인지,FWD,스노우 화이트,5,5,15083,44,11,64,88.5
2024-10,southeast,AUR,2024,AUR-AI,스탠다드 레인지,FWD,미드나잇 블랙,4,4,11941,35,9,64,88.5
2024-10,southeast,AUR,2024,AUR-AI,스탠다드 레인지,FWD,스틸 그레이,4,4,10056,29,7,64,88.5
2024-10,southeast,AUR,2024,AUR-AI,스탠다드 레인지,FWD,실버,3,3,8170,24,6,60,88.5
2024-10,southeast,AUR,2024,AUR-AI,스탠다드 레인지,FWD,오션 블루,2,2,6285,18,5,46,88.5
2024-10,southeast,AUR,2024,AUR-AI,스탠다드 레인지,FWD,선셋 레드,2,2,5028,15,4,37,88.5
2024-10,southeast,AUR,2024,AUR-AI,스탠다드 레인지,FWD,포레스트 그린,1,1,3142,9,2,23,88.5
2024-10,southeast,AUR,2024,AUR-AI,스탠다드 레인지,FWD,샌드 베이지,1,1,3142,9,2,23,88.5
2024-10,southeast,AUR,2024,AUR-AI,롱레인지,AWD,스노우 화이트,7,7,21243,62,16,64,88.5
2024-10,southeast,AUR,2024,AUR-AI,롱레인지,AWD,미드나잇 블랙,6,6,16817,49,12,64,88.5
2024-10,southeast,AUR,2024,AUR-AI,롱레인지,AWD,스틸 그레이,5,5,14162,41,10,64,88.5
2024-10,southeast,AUR,2024,AUR-AI,롱레인지,AWD,실버,4,4,11506,33,8,64,88.5
2024-10,southeast,AUR,2024,AUR-AI,롱레인지,AWD,오션 블루,3,3,8851,26,6,64,88.5
2024-10,southeast,AUR,2024,AUR-AI,롱레인지,AWD,선셋 레드,2,2,7081,21,5,52,88.5
2024-10,southeast,AUR,2024,AUR-AI,롱레인지,AWD,포레스트 그린,2,2,4426,13,3,32,88.5
2024-10,southeast,AUR,2024,AUR-AI,롱레인지,AWD,샌드 베이지,2,2,4426,13,3,32,88.5
2024-10,southeast,AUR,2024,AUR-AI,롱레인지,FWD,스노우 화이트,8,8,24196,70,18,64,88.5
2024-10,southeast,AUR,2024,AUR-AI,롱레인지,FWD,미드나잇 블랙,7,7,19155,56,14,64,88.5
2024-10,southeast,AUR,2024,AUR-AI,롱레인지,FWD,스틸 그레이,6,6,16131,47,12,64,88.5
2024-10,southeast,AUR,2024,AUR-AI,롱레인지,FWD,실버,5,5,13106,38,10,64,88.5
2024-10,southeast,AUR,2024,AUR-AI,롱레인지,FWD,오션 블루,4,4,10082,29,7,64,88.5
2024-10,southeast,AUR,2024,AUR-AI,롱레인지,FWD,선셋 레드,3,3,8065,23,6,59,88.5
2024-10,southeast,AUR,2024,AUR-AI,롱레인지,FWD,포레스트 그린,2,2,5041,15,4,37,88.5
2024-10,southeast,AUR,2024,AUR-AI,롱레인지,FWD,샌드 베이지,2,2,5041,15,4,37,88.5
2024-10,southeast,AUR,2024,AUR-RA,스탠다드 레인지,AWD,스노우 화이트,5,5,16666,1378,11,64,88.5
2024-10,southeast,AUR,2024,AUR-RA,스탠다드 레인지,AWD,미드나잇 블랙,4,4,13194,1091,9,64,88.5
2024-10,southeast,AUR,2024,AUR-RA,스탠다드 레인지,AWD,스틸 그레이,4,4,11111,919,7,64,88.5
2024-10,southeast,AUR,2024,AUR-RA,스탠다드 레인지,AWD,실버,3,3,9028,746,6,61,88.5
2024-10,southeast,AUR,2024,AUR-RA,스탠다드 레인지,AWD,오션 블루,2,2,6944,574,5,47,88.5
2024-10,southeast,AUR,2024,AUR-RA,스탠다드 레인지,AWD,선셋 레드,2,2,5555,459,4,37,88.5
2024-10,southeast,AUR,2024,AUR-RA,스탠다드 레인지,AWD,포레스트 그린,1,1,3472,287,2,23,88.5
2024-10,southeast,AUR,2024,AUR-RA,스탠다드 레인지,AWD,샌드 베이지,1,1,3472,287,2,23,88.5
2024-10,southeast,AUR,2024,AUR-RA,스탠다드 레인지,FWD,스노우 화이트,6,6,18984,1569,13,64,88.5
2024-10,southeast,AUR,2024,AUR-RA,스탠다드 레인지,FWD,미드나잇 블랙,5,5,15029,1242,10,64,88.5
2024-10,southeast,AUR,2024,AUR-RA,스탠다드 레인지,FWD,스틸 그레이,4,4,12656,1046,9,64,88.5
2024-10,southeast,AUR,2024,AUR-RA,스탠다드 레인지,FWD,실버,3,3,10283,850,7,64,88.5
2024-10,southeast,AUR,2024,AUR-RA,스탠다드 레인지,FWD,오션 블루,3,3,7910,654,5,53,88.5
2024-10,southeast,AUR,2024,AUR-RA,스탠다드 레인지,FWD,선셋 레드,2,2,6328,523,4,43,88.5
2024-10,southeast,AUR,2024,AUR-RA,스탠다드 레인지,FWD,포레스트 그린,1,1,3955,327,3,27,88.5
2024-10,southeast,AUR,2024,AUR-RA,스탠다드 레인지,FWD,샌드 베이지,1,1,3955,327,3,27,88.5
2024-10,southeast,AUR,2024,AUR-RA,롱레인지,AWD,스노우 화이트,9,9,26736,2210,18,64,88.5
2024-10,southeast,AUR,2024,AUR-RA,롱레인지,AWD,미드나잇 블랙,7,7,21166,1750,14,64,88.5
2024-10,southeast,AUR,2024,AUR-RA,롱레인지,AWD,스틸 그레이,6,6,17824,1474,12,64,88.5
2024-10,southeast,AUR,2024,AUR-RA,롱레인지,AWD,실버,5,5,14482,1197,10,64,88.5
2024-10,southeast,AUR,2024,AUR-RA,롱레인지,AWD,오션 블루,4,4,11140,921,8,64,88.5
2024-10,southeast,AUR,2024,AUR-RA,롱레인지,AWD,선셋 레드,3,3,8912,737,6,60,88.5
2024-10,southeast,AUR,2024,AUR-RA,롱레인지,AWD,포레스트 그린,2,2,5570,460,4,38,88.5
2024-10,southeast,AUR,2024,AUR-RA,롱레인지,AWD,샌드 베이지,2,2,5570,460,4,38,88.5
2024-10,southeast,AUR,2024,AUR-RA,롱레인지,FWD,스노우 화이트,10,10,30453,2518,21,64,88.5
2024-10,southeast,AUR,2024,AUR-RA,롱레인지,FWD,미드나잇 블랙,8,8,24109,1993,16,64,88.5
2024-10,southeast,AUR,2024,AUR-RA,롱레인지,FWD,스틸 그레이,7,7,20302,1678,14,64,88.5
2024-10,southeast,AUR,2024,AUR-RA,롱레인지,FWD,실버,5,5,16495,1364,11,64,88.5
2024-10,southeast,AUR,2024,AUR-RA,롱레인지,FWD,오션 블루,4,4,12689,1049,9,64,88.5
2024-10,southeast,AUR,2024,AUR-RA,롱레인지,FWD,선셋 레드,3,3,10151,839,7,64,88.5
2024-10,southeast,AUR,2024,AUR-RA,롱레인지,FWD,포레스트 그린,2,2,6344,524,4,43,88.5
2024-10,southeast,AUR,2024,AUR-RA,롱레인지,FWD,샌드 베이지,2,2,6344,524,4,43,88.5
2024-10,southeast,AUR,2024,AUR-MA,스탠다드 레인지,AWD,스노우 화이트,2,2,7773,1518,5,46,88.5
2024-10,southeast,AUR,2024,AUR-MA,스탠다드 레인지,AWD,미드나잇 블랙,2,2,6153,1202,4,36,88.5
2024-10,southeast,AUR,2024,AUR-MA,스탠다드 레인지,AWD,스틸 그레이,1,1,5182,1012,3,31,88.5
2024-10,southeast,AUR,2024,AUR-MA,스탠다드 레인지,AWD,실버,1,1,4210,822,2,25,88.5
2024-10,southeast,AUR,2024,AUR-MA,스탠다드 레인지,AWD,오션 블루,1,1,3239,633,2,19,88.5
2024-10,southeast,AUR,2024,AUR-MA,스탠다드 레인지,AWD,선셋 레드,1,1,2591,506,2,15,88.5
2024-10,southeast,AUR,2024,AUR-MA,스탠다드 레인지,AWD,포레스트 그린,0,0,1619,316,1,10,88.5
2024-10,southeast,AUR,2024,AUR-MA,스탠다드 레인지,AWD,샌드 베이지,0,0,1619,316,1,10,88.5
2024-10,southeast,AUR,2024,AUR-MA,스탠다드 레인지,FWD,스노우 화이트,2,2,8853,1729,5,52,88.5
2024-10,southeast,AUR,2024,AUR-MA,스탠다드 레인지,FWD,미드나잇 블랙,2,2,7009,1369,4,41,88.5
2024-10,southeast,AUR,2024,AUR-MA,스탠다드 레인지,FWD,스틸 그레이,2,2,5902,1153,3,35,88.5
2024-10,southeast,AUR,2024,AUR-MA,스탠다드 레인지,FWD,실버,1,1,4796,937,3,28,88.5
2024-10,southeast,AUR,2024,AUR-MA,스탠다드 레인지,FWD,오션 블루,1,1,3689,721,2,22,88.5
2024-10,southeast,AUR,2024,AUR-MA,스탠다드 레인지,FWD,선셋 레드,1,1,2951,576,2,17,88.5
2024-10,southeast,AUR,2024,AUR-MA,스탠다드 레인지,FWD,포레스트 그린,1,1,1844,360,1,11,88.5
2024-10,southeast,AUR,2024,AUR-MA,스탠다드 레인지,FWD,샌드 베이지,1,1,1844,360,1,11,88.5
2024-10,southeast,AUR,2024,AUR-MA,롱레인지,AWD,스노우 화이트,4,4,12469,2435,7,64,88.5
2024-10,southeast,AUR,2024,AUR-MA,롱레인지,AWD,미드나잇 블랙,3,3,9871,1928,6,58,88.5
2024-10,southeast,AUR,2024,AUR-MA,롱레인지,AWD,스틸 그레이,2,2,8312,1624,5,49,88.5
2024-10,southeast,AUR,2024,AUR-MA,롱레인지,AWD,실버,2,2,6754,1319,4,40,88.5
2024-10,southeast,AUR,2024,AUR-MA,롱레인지,AWD,오션 블루,1,1,5195,1015,3,31,88.5
2024-10,southeast,AUR,2024,AUR-MA,롱레인지,AWD,선셋 레드,1,1,4156,812,2,25,88.5
2024-10,southeast,AUR,2024,AUR-MA,롱레인지,AWD,포레스트 그린,1,1,2598,507,2,15,88.5
2024-10,southeast,AUR,2024,AUR-MA,롱레인지,AWD,샌드 베이지,1,1,2598,507,2,15,88.5
2024-10,southeast,AUR,2024,AUR-MA,롱레인지,FWD,스노우 화이트,4,4,14202,2774,8,64,88.5
2024-10,southeast,AUR,2024,AUR-MA,롱레인지,FWD,미드나잇 블랙,3,3,11243,2196,7,64,88.5
2024-10,southeast,AUR,2024,AUR-MA,롱레인지,FWD,스틸 그레이,3,3,9468,1849,6,56,88.5
2024-10,southeast,AUR,2024,AUR-MA,롱레인지,FWD,실버,2,2,7693,1503,5,46,88.5
2024-10,southeast,AUR,2024,AUR-MA,롱레인지,FWD,오션 블루,2,2,5918,1156,4,35,88.5
2024-10,southeast,AUR,2024,AUR-MA,롱레인지,FWD,선셋 레드,1,1,4734,925,3,28,88.5
2024-10,southeast,AUR,2024,AUR-MA,롱레인지,FWD,포레스트 그린,1,1,2959,578,2,18,88.5
2024-10,southeast,AUR,2024,AUR-MA,롱레인지,FWD,샌드 베이지,1,1,2959,578,2,18,88.5
2024-10,southeast,AUR,2025,AUR-AI,스탠다드 레인지,AWD,스노우 화이트,9,9,24593,71,18,64,88.5
2024-10,southeast,AUR,2025,AUR-AI,스탠다드 레인지,AWD,미드나잇 블랙,7,7,19469,57,14,64,88.5
2024-10,southeast,AUR,2025,AUR-AI,스탠다드 레인지,AWD,스틸 그레이,6,6,16395,48,12,64,88.5
2024-10,southeast,AUR,2025,AUR-AI,스탠다드 레인지,AWD,실버,5,5,13321,39,10,64,88.5
2024-10,southeast,AUR,2025,AUR-AI,스탠다드 레인지,AWD,오션 블루,4,4,10247,30,8,64,88.5
2024-10,southeast,AUR,2025,AUR-AI,스탠다드 레인지,AWD,선셋 레드,3,3,8198,24,6,60,88.5
2024-10,southeast,AUR,2025,AUR-AI,스탠다드 레인지,AWD,포레스트 그린,2,2,5123,15,4,38,88.5
2024-10,southeast,AUR,2025,AUR-AI,스탠다드 레인지,AWD,샌드 베이지,2,2,5123,15,4,38,88.5
2024-10,southeast,AUR,2025,AUR-AI,스탠다드 레인지,FWD,스노우 화이트,10,10,28012,81,21,64,88.5
2024-10,southeast,AUR,2025,AUR-AI,스탠다드 레인지,FWD,미드나잇 블랙,8,8,22176,64,16,64,88.5
2024-10,southeast,AUR,2025,AUR-AI,스탠다드 레인지,FWD,스틸 그레이,7,7,18675,54,14,64,88.5
2024-10,southeast,AUR,2025,AUR-AI,스탠다드 레인지,FWD,실버,5,5,15173,44,11,64,88.5
2024-10,southeast,AUR,2025,AUR-AI,스탠다드 레인지,FWD,오션 블루,4,4,11672,34,9,64,88.5
2024-10,southeast,AUR,2025,AUR-AI,스탠다드 레인지,FWD,선셋 레드,3,3,9337,27,7,64,88.5
2024-10,southeast,AUR,2025,AUR-AI,스탠다드 레인지,FWD,포레스트 그린,2,2,5836,17,4,43,88.5
2024-10,southeast,AUR,2025,AUR-AI,스탠다드 레인지,FWD,샌드 베이지,2,2,5836,17,4,43,88.5
2024-10,southeast,AUR,2025,AUR-AI,롱레인지,AWD,스노우 화이트,14,14,39451,115,29,64,88.5
2024-10,southeast,AUR,2025,AUR-AI,롱레인지,AWD,미드나잇 블랙,11,11,31232,91,23,64,88.5
2024-10,southeast,AUR,2025,AUR-AI,롱레인지,AWD,스틸 그레이,9,9,26301,76,19,64,88.5
2024-10,southeast,AUR,2025,AUR-AI,롱레인지,AWD,실버,7,7,21369,62,16,64,88.5
2024-10,southeast,AUR,2025,AUR-AI,롱레인지,AWD,오션 블루,6,6,16438,48,12,64,88.5
2024-10,southeast,AUR,2025,AUR-AI,롱레인지,AWD,선셋 레드,5,5,13150,38,10,64,88.5
2024-10,southeast,AUR,2025,AUR-AI,롱레인지,AWD,포레스트 그린,3,3,8219,24,6,60,88.5
2024-10,southeast,AUR,2025,AUR-AI,롱레인지,AWD,샌드 베이지,3,3,8219,24,6,60,88.5
2024-10,southeast,AUR,2025,AUR-AI,롱레인지,FWD,스노우 화이트,16,16,44936,130,33,64,88.5
2024-10,southeast,AUR,2025,AUR-AI,롱레인지,FWD,미드나잇 블랙,12,12,35574,103,26,64,88.5
2024-10,southeast,AUR,2025,AUR-AI,롱레인지,FWD,스틸 그레이,10,10,29957,87,22,64,88.5
2024-10,southeast,AUR,2025,AUR-AI,롱레인지,FWD,실버,9,8,24340,71,18,64,88.5
2024-10,southeast,AUR,2025,AUR-AI,롱레인지,FWD,오션 블루,7,7,18723,54,14,64,88.5
2024-10,southeast,AUR,2025,AUR-AI,롱레인지,FWD,선셋 레드,5,5,14979,43,11,64,88.5
2024-10,southeast,AUR,2025,AUR-AI,롱레인지,FWD,포레스트 그린,3,3,9362,27,7,64,88.5
2024-10,southeast,AUR,2025,AUR-AI,롱레인지,FWD,샌드 베이지,3,3,9362,27,7,64,88.5
2024-10,southeast,AUR,2025,AUR-RA,스탠다드 레인지,AWD,스노우 화이트,10,10,30952,2559,21,64,88.5
2024-10,southeast,AUR,2025,AUR-RA,스탠다드 레인지,AWD,미드나잇 블랙,8,8,24504,2026,17,64,88.5
2024-10,southeast,AUR,2025,AUR-RA,스탠다드 레인지,AWD,스틸 그레이,7,7,20635,1706,14,64,88.5
2024-10,southeast,AUR,2025,AUR-RA,스탠다드 레인지,AWD,실버,5,5,16766,1386,11,64,88.5
2024-10,southeast,AUR,2025,AUR-RA,스탠다드 레인지,AWD,오션 블루,4,4,12897,1066,9,64,88.5
2024-10,southeast,AUR,2025,AUR-RA,스탠다드 레인지,AWD,선셋 레드,3,3,10317,853,7,64,88.5
2024-10,southeast,AUR,2025,AUR-RA,스탠다드 레인지,AWD,포레스트 그린,2,2,6448,533,4,44,88.5
2024-10,southeast,AUR,2025,AUR-RA,스탠다드 레인지,AWD,샌드 베이지,2,2,6448,533,4,44,88.5
2024-10,southeast,AUR,2025,AUR-RA,스탠다드 레인지,FWD,스노우 화이트,11,11,35255,2915,24,64,88.5
2024-10,southeast,AUR,2025,AUR-RA,스탠다드 레인지,FWD,미드나잇 블랙,9,9,27911,2307,19,64,88.5
2024-10,southeast,AUR,2025,AUR-RA,스탠다드 레인지,FWD,스틸 그레이,8,8,23504,1943,16,64,88.5
2024-10,southeast,AUR,2025,AUR-RA,스탠다드 레인지,FWD,실버,6,6,19097,1579,13,64,88.5
2024-10,southeast,AUR,2025,AUR-RA,스탠다드 레인지,FWD,오션 블루,5,5,14690,1214,10,64,88.5
2024-10,southeast,AUR,2025,AUR-RA,스탠다드 레인지,FWD,선셋 레드,4,4,11752,972,8,64,88.5
2024-10,southeast,AUR,2025,AUR-RA,스탠다드 레인지,FWD,포레스트 그린,2,2,7345,607,5,50,88.5
2024-10,southeast,AUR,2025,AUR-RA,스탠다드 레인지,FWD,샌드 베이지,2,2,7345,607,5,50,88.5
2024-10,southeast,AUR,2025,AUR-RA,롱레인지,AWD,스노우 화이트,16,16,49652,4105,34,64,88.5
2024-10,southeast,AUR,2025,AUR-RA,롱레인지,AWD,미드나잇 블랙,13,13,39308,3250,27,64,88.5
2024-10,southeast,AUR,2025,AUR-RA,롱레인지,AWD,스틸 그레이,11,11,33101,2737,22,64,88.5
2024-10,southeast,AUR,2025,AUR-RA,롱레인지,AWD,실버,9,9,26895,2223,18,64,88.5
2024-10,southeast,AUR,2025,AUR-RA,롱레인지,AWD,오션 블루,7,7,20688,1710,14,64,88.5
2024-10,southeast,AUR,2025,AUR-RA,롱레인지,AWD,선셋 레드,5,5,16551,1368,11,64,88.5
2024-10,southeast,AUR,2025,AUR-RA,롱레인지,AWD,포레스트 그린,3,3,10344,855,7,64,88.5
2024-10,southeast,AUR,2025,AUR-RA,롱레인지,AWD,샌드 베이지,3,3,10344,855,7,64,88.5
2024-10,southeast,AUR,2025,AUR-RA,롱레인지,FWD,스노우 화이트,18,18,56556,4675,38,64,88.5
2024-10,southeast,AUR,2025,AUR-RA,롱레인지,FWD,미드나잇 블랙,14,14,44773,3701,30,64,88.5
2024-10,southeast,AUR,2025,AUR-RA,롱레인지,FWD,스틸 그레이,12,12,37704,3117,25,64,88.5
2024-10,southeast,AUR,2025,AUR-RA,롱레인지,FWD,실버,10,10,30634,2533,21,64,88.5
2024-10,southeast,AUR,2025,AUR-RA,롱레인지,FWD,오션 블루,8,8,23565,1948,16,64,88.5
2024-10,southeast,AUR,2025,AUR-RA,롱레인지,FWD,선셋 레드,6,6,18852,1558,13,64,88.5
2024-10,southeast,AUR,2025,AUR-RA,롱레인지,FWD,포레스트 그린,4,4,11782,974,8,64,88.5
2024-10,southeast,AUR,2025,AUR-RA,롱레인지,FWD,샌드 베이지,4,4,11782,974,8,64,88.5
2024-10,southeast,AUR,2025,AUR-MA,스탠다드 레인지,AWD,스노우 화이트,4,4,14435,2819,9,64,88.5
2024-10,southeast,AUR,2025,AUR-MA,스탠다드 레인지,AWD,미드나잇 블랙,3,3,11428,2232,7,64,88.5
2024-10,southeast,AUR,2025,AUR-MA,스탠다드 레인지,AWD,스틸 그레이,3,3,9623,1880,6,57,88.5
2024-10,southeast,AUR,2025,AUR-MA,스탠다드 레인지,AWD,실버,2,2,7819,1527,5,46,88.5
2024-10,southeast,AUR,2025,AUR-MA,스탠다드 레인지,AWD,오션 블루,2,2,6015,1175,4,36,88.5
2024-10,southeast,AUR,2025,AUR-MA,스탠다드 레인지,AWD,선셋 레드,1,1,4812,940,3,28,88.5
2024-10,southeast,AUR,2025,AUR-MA,스탠다드 레인지,AWD,포레스트 그린,1,1,3007,587,2,18,88.5
2024-10,southeast,AUR,2025,AUR-MA,스탠다드 레인지,AWD,샌드 베이지,1,1,3007,587,2,18,88.5
2024-10,southeast,AUR,2025,AUR-MA,스탠다드 레인지,FWD,스노우 화이트,5,5,16442,3212,10,64,88.5
2024-10,southeast,AUR,2025,AUR-MA,스탠다드 레인지,FWD,미드나잇 블랙,4,4,13016,2542,8,64,88.5
2024-10,southeast,AUR,2025,AUR-MA,스탠다드 레인지,FWD,스틸 그레이,3,3,10961,2141,6,64,88.5
2024-10,southeast,AUR,2025,AUR-MA,스탠다드 레인지,FWD,실버,3,3,8906,1740,5,53,88.5
2024-10,southeast,AUR,2025,AUR-MA,스탠다드 레인지,FWD,오션 블루,2,2,6851,1338,4,41,88.5
2024-10,southeast,AUR,2025,AUR-MA,스탠다드 레인지,FWD,선셋 레드,2,2,5481,1071,3,32,88.5
2024-10,southeast,AUR,2025,AUR-MA,스탠다드 레인지,FWD,포레스트 그린,1,1,3425,669,2,20,88.5
2024-10,southeast,AUR,2025,AUR-MA,스탠다드 레인지,FWD,샌드 베이지,1,1,3425,669,2,20,88.5
2024-10,southeast,AUR,2025,AUR-MA,롱레인지,AWD,스노우 화이트,7,7,23156,4523,14,64,88.5
2024-10,southeast,AUR,2025,AUR-MA,롱레인지,AWD,미드나잇 블랙,5,5,18332,3581,11,64,88.5
2024-10,southeast,AUR,2025,AUR-MA,롱레인지,AWD,스틸 그레이,4,4,15437,3015,9,64,88.5
2024-10,southeast,AUR,2025,AUR-MA,롱레인지,AWD,실버,4,4,12543,2450,7,64,88.5
2024-10,southeast,AUR,2025,AUR-MA,롱레인지,AWD,오션 블루,3,3,9648,1885,6,57,88.5
2024-10,southeast,AUR,2025,AUR-MA,롱레인지,AWD,선셋 레드,2,2,7719,1508,5,46,88.5
2024-10,southeast,AUR,2025,AUR-MA,롱레인지,AWD,포레스트 그린,1,1,4824,942,3,29,88.5
2024-10,southeast,AUR,2025,AUR-MA,롱레인지,AWD,샌드 베이지,1,1,4824,942,3,29,88.5
2024-10,southeast,AUR,2025,AUR-MA,롱레인지,FWD,스노우 화이트,7,7,26375,5152,16,64,88.5
2024-10,southeast,AUR,2025,AUR-MA,롱레인지,FWD,미드나잇 블랙,6,6,20881,4079,12,64,88.5
2024-10,southeast,AUR,2025,AUR-MA,롱레인지,FWD,스틸 그레이,5,5,17584,3435,10,64,88.5
2024-10,southeast,AUR,2025,AUR-MA,롱레인지,FWD,실버,4,4,14287,2791,8,64,88.5
2024-10,southeast,AUR,2025,AUR-MA,롱레인지,FWD,오션 블루,3,3,10990,2147,7,64,88.5
2024-10,southeast,AUR,2025,AUR-MA,롱레인지,FWD,선셋 레드,2,2,8792,1717,5,52,88.5
2024-10,southeast,AUR,2025,AUR-MA,롱레인지,FWD,포레스트 그린,2,2,5495,1073,3,33,88.5
2024-10,southeast,AUR,2025,AUR-MA,롱레인지,FWD,샌드 베이지,2,2,5495,1073,3,33,88.5
2024-10,west,MRD,2024,MRD-CO,2.0 가솔린,AWD,스노우 화이트,10,10,23068,-4313,20,64,88.5
2024-10,west,MRD,2024,MRD-CO,2.0 가솔린,AWD,미드나잇 블랙,8,8,18262,-3414,16,64,88.5
2024-10,west,MRD,2024,MRD-CO,2.0 가솔린,AWD,스틸 그레이,6,6,15379,-2875,14,64,88.5
2024-10,west,MRD,2024,MRD-CO,2.0 가솔린,AWD,실버,5,5,12495,-2336,11,64,88.5
2024-10,west,MRD,2024,MRD-CO,2.0 가솔린,AWD,오션 블루,4,4,9612,-1797,9,64,88.5
2024-10,west,MRD,2024,MRD-CO,2.0 가솔린,AWD,선셋 레드,3,3,7689,-1438,7,64,88.5
2024-10,west,MRD,2024,MRD-CO,2.0 가솔린,AWD,포레스트 그린,2,2,4806,-898,4,43,88.5
2024-10,west,MRD,2024,MRD-CO,2.0 가솔린,AWD,샌드 베이지,2,2,4806,-898,4,43,88.5
2024-10,west,MRD,2024,MRD-CO,2.0 가솔린,FWD,스노우 화이트,39,38,92274,-17250,82,64,88.5
2024-10,west,MRD,2024,MRD-CO,2.0 가솔린,FWD,미드나잇 블랙,31,30,73050,-13657,65,64,88.5
2024-10,west,MRD,2024,MRD-CO,2.0 가솔린,FWD,스틸 그레이,26,26,61516,-11500,55,64,88.5
2024-10,west,MRD,2024,MRD-CO,2.0 가솔린,FWD,실버,21,21,49982,-9344,44,64,88.5
2024-10,west,MRD,2024,MRD-CO,2.0 가솔린,FWD,오션 블루,16,16,38447,-7188,34,64,88.5
2024-10,west,MRD,2024,MRD-CO,2.0 가솔린,FWD,선셋 레드,13,13,30758,-5750,27,64,88.5
2024-10,west,MRD,2024,MRD-CO,2.0 가솔린,FWD,포레스트 그린,8,8,19224,-3594,17,64,88.5
2024-10,west,MRD,2024,MRD-CO,2.0 가솔린,FWD,샌드 베이지,8,8,19224,-3594,17,64,88.5
2024-10,west,MRD,2024,MRD-CO,1.6T 하이브리드,AWD,스노우 화이트,6,6,13665,-2555,12,64,88.5
2024-10,west,MRD,2024,MRD-CO,1.6T 하이브리드,AWD,미드나잇 블랙,5,4,10818,-2022,10,64,88.5
2024-10,west,MRD,2024,MRD-CO,1.6T 하이브리드,AWD,스틸 그레이,4,4,9110,-1703,8,64,88.5
2024-10,west,MRD,2024,MRD-CO,1.6T 하이브리드,AWD,실버,3,3,7402,-1384,7,64,88.5
2024-10,west,MRD,2024,MRD-CO,1.6T 하이브리드,AWD,오션 블루,2,2,5694,-1064,5,50,88.5
2024-10,west,MRD,2024,MRD-CO,1.6T 하이브리드,AWD,선셋 레드,2,2,4555,-852,4,40,88.5
2024-10,west,MRD,2024,MRD-CO,1.6T 하이브리드,AWD,포레스트 그린,1,1,2847,-532,3,25,88.5
2024-10,west,MRD,2024,MRD-CO,1.6T 하이브리드,AWD,샌드 베이지,1,1,2847,-532,3,25,88.5
2024-10,west,MRD,2024,MRD-CO,1.6T 하이브리드,FWD,스노우 화이트,23,23,54659,-10218,48,64,88.5
2024-10,west,MRD,2024,MRD-CO,1.6T 하이브리드,FWD,미드나잇 블랙,18,18,43272,-8090,38,64,88.5
2024-10,west,MRD,2024,MRD-CO,1.6T 하이브리드,FWD,스틸 그레이,15,15,36439,-6812,32,64,88.5
2024-10,west,MRD,2024,MRD-CO,1.6T 하이브리드,FWD,실버,12,12,29607,-5535,26,64,88.5
2024-10,west,MRD,2024,MRD-CO,1.6T 하이브리드,FWD,오션 블루,10,9,22775,-4258,20,64,88.5
2024-10,west,MRD,2024,MRD-CO,1.6T 하이브리드,FWD,선셋 레드,8,8,18220,-3406,16,64,88.5
2024-10,west,MRD,2024,MRD-CO,1.6T 하이브리드,FWD,포레스트 그린,5,5,11387,-2129,10,64,88.5
2024-10,west,MRD,2024,MRD-CO,1.6T 하이브리드,FWD,샌드 베이지,5,5,11387,-2129,10,64,88.5
2024-10,west,MRD,2024,MRD-PR,2.0 가솔린,AWD,스노우 화이트,11,11,29033,-2671,24,64,88.5
2024-10,west,MRD,2024,MRD-PR,2.0 가솔린,AWD,미드나잇 블랙,9,9,22985,-2114,19,64,88.5
2024-10,west,MRD,2024,MRD-PR,2.0 가솔린,AWD,스틸 그레이,8,7,19356,-1781,16,64,88.5
2024-10,west,MRD,2024,MRD-PR,2.0 가솔린,AWD,실버,6,6,15726,-1447,13,64,88.5
2024-10,west,MRD,2024,MRD-PR,2.0 가솔린,AWD,오션 블루,5,5,12097,-1113,10,64,88.5
2024-10,west,MRD,2024,MRD-PR,2.0 가솔린,AWD,선셋 레드,4,4,9678,-890,8,64,88.5
2024-10,west,MRD,2024,MRD-PR,2.0 가솔린,AWD,포레스트 그린,2,2,6049,-556,5,49,88.5
2024-10,west,MRD,2024,MRD-PR,2.0 가솔린,AWD,샌드 베이지,2,2,6049,-556,5,49,88.5
2024-10,west,MRD,2024,MRD-PR,2.0 가솔린,FWD,스노우 화이트,45,44,116134,-10684,95,64,88.5
2024-10,west,MRD,2024,MRD-PR,2.0 가솔린,FWD,미드나잇 블랙,36,35,91939,-8458,75,64,88.5
2024-10,west,MRD,2024,MRD-PR,2.0 가솔린,FWD,스틸 그레이,30,30,77423,-7122,63,64,88.5
2024-10,west,MRD,2024,MRD-PR,2.0 가솔린,FWD,실버,24,24,62906,-5787,51,64,88.5
2024-10,west,MRD,2024,MRD-PR,2.0 가솔린,FWD,오션 블루,19,19,48389,-4451,39,64,88.5
2024-10,west,MRD,2024,MRD-PR,2.0 가솔린,FWD,선셋 레드,15,15,38711,-3561,32,64,88.5
2024-10,west,MRD,2024,MRD-PR,2.0 가솔린,FWD,포레스트 그린,9,9,24195,-2226,20,64,88.5
2024-10,west,MRD,2024,MRD-PR,2.0 가솔린,FWD,샌드 베이지,9,9,24195,-2226,20,64,88.5
2024-10,west,MRD,2024,MRD-PR,1.6T 하이브리드,AWD,스노우 화이트,7,7,17198,-1582,14,64,88.5
2024-10,west,MRD,2024,MRD-PR,1.6T 하이브리드,AWD,미드나잇 블랙,5,5,13615,-1253,11,64,88.5
2024-10,west,MRD,2024,MRD-PR,1.6T 하이브리드,AWD,스틸 그레이,4,4,11465,-1055,9,64,88.5
2024-10,west,MRD,2024,MRD-PR,1.6T 하이브리드,AWD,실버,4,4,9316,-857,8,64,88.5
2024-10,west,MRD,2024,MRD-PR,1.6T 하이브리드,AWD,오션 블루,3,3,7166,-659,6,58,88.5
2024-10,west,MRD,2024,MRD-PR,1.6T 하이브리드,AWD,선셋 레드,2,2,5733,-527,5,47,88.5
2024-10,west,MRD,2024,MRD-PR,1.6T 하이브리드,AWD,포레스트 그린,1,1,3583,-330,3,29,88.5
2024-10,west,MRD,2024,MRD-PR,1.6T 하이브리드,AWD,샌드 베이지,1,1,3583,-330,3,29,88.5
2024-10,west,MRD,2024,MRD-PR,1.6T 하이브리드,FWD,스노우 화이트,27,26,68793,-6328,56,64,88.5
2024-10,west,MRD,2024,MRD-PR,1.6T 하이브리드,FWD,미드나잇 블랙,21,21,54461,-5010,44,64,88.5
2024-10,west,MRD,2024,MRD-PR,1.6T 하이브리드,FWD,스틸 그레이,18,18,45862,-4219,37,64,88.5
2024-10,west,MRD,2024,MRD-PR,1.6T 하이브리드,FWD,실버,14,14,37263,-3428,30,64,88.5
2024-10,west,MRD,2024,MRD-PR,1.6T 하이브리드,FWD,오션 블루,11,11,28664,-2637,23,64,88.5
2024-10,west,MRD,2024,MRD-PR,1.6T 하이브리드,FWD,선셋 레드,9,9,22931,-2109,19,64,88.5
2024-10,west,MRD,2024,MRD-PR,1.6T 하이브리드,FWD,포레스트 그린,6,5,14332,-1318,12,64,88.5
2024-10,west,MRD,2024,MRD-PR,1.6T 하이브리드,FWD,샌드 베이지,6,5,14332,-1318,12,64,88.5
2024-10,west,MRD,2024,MRD-SP,2.0 가솔린,AWD,스노우 화이트,5,5,13540,570,10,64,88.5
2024-10,west,MRD,2024,MRD-SP,2.0 가솔린,AWD,미드나잇 블랙,4,4,10719,451,8,64,88.5
2024-10,west,MRD,2024,MRD-SP,2.0 가솔린,AWD,스틸 그레이,3,3,9027,380,6,64,88.5
2024-10,west,MRD,2024,MRD-SP,2.0 가솔린,AWD,실버,2,2,7334,309,5,52,88.5
2024-10,west,MRD,2024,MRD-SP,2.0 가솔린,AWD,오션 블루,2,2,5642,238,4,40,88.5
2024-10,west,MRD,2024,MRD-SP,2.0 가솔린,AWD,선셋 레드,2,2,4513,190,3,32,88.5
2024-10,west,MRD,2024,MRD-SP,2.0 가솔린,AWD,포레스트 그린,1,1,2821,119,2,20,88.5
2024-10,west,MRD,2024,MRD-SP,2.0 가솔린,AWD,샌드 베이지,1,1,2821,119,2,20,88.5
2024-10,west,MRD,2024,MRD-SP,2.0 가솔린,FWD,스노우 화이트,18,18,54161,2281,39,64,88.5
2024-10,west,MRD,2024,MRD-SP,2.0 가솔린,FWD,미드나잇 블랙,15,14,42877,1806,31,64,88.5
2024-10,west,MRD,2024,MRD-SP,2.0 가솔린,FWD,스틸 그레이,12,12,36107,1521,26,64,88.5
2024-10,west,MRD,2024,MRD-SP,2.0 가솔린,FWD,실버,10,10,29337,1235,21,64,88.5
2024-10,west,MRD,2024,MRD-SP,2.0 가솔린,FWD,오션 블루,8,8,22567,950,16,64,88.5
2024-10,west,MRD,2024,MRD-SP,2.0 가솔린,FWD,선셋 레드,6,6,18054,760,13,64,88.5
2024-10,west,MRD,2024,MRD-SP,2.0 가솔린,FWD,포레스트 그린,4,4,11283,475,8,64,88.5
2024-10,west,MRD,2024,MRD-SP,2.0 가솔린,FWD,샌드 베이지,4,4,11283,475,8,64,88.5
2024-10,west,MRD,2024,MRD-SP,1.6T 하이브리드,AWD,스노우 화이트,3,3,8021,338,6,57,88.5
2024-10,west,MRD,2024,MRD-SP,1.6T 하이브리드,AWD,미드나잇 블랙,2,2,6350,267,5,45,88.5
2024-10,west,MRD,2024,MRD-SP,1.6T 하이브리드,AWD,스틸 그레이,2,2,5347,225,4,38,88.5
2024-10,west,MRD,2024,MRD-SP,1.6T 하이브리드,AWD,실버,1,1,4344,183,3,31,88.5
2024-10,west,MRD,2024,MRD-SP,1.6T 하이브리드,AWD,오션 블루,1,1,3342,141,2,24,88.5
2024-10,west,MRD,2024,MRD-SP,1.6T 하이브리드,AWD,선셋 레드,1,1,2674,113,2,19,88.5
2024-10,west,MRD,2024,MRD-SP,1.6T 하이브리드,AWD,포레스트 그린,1,1,1671,70,1,12,88.5
2024-10,west,MRD,2024,MRD-SP,1.6T 하이브리드,AWD,샌드 베이지,1,1,1671,70,1,12,88.5
2024-10,west,MRD,2024,MRD-SP,1.6T 하이브리드,FWD,스노우 화이트,11,11,32082,1351,23,64,88.5
2024-10,west,MRD,2024,MRD-SP,1.6T 하이브리드,FWD,미드나잇 블랙,9,9,25399,1070,18,64,88.5
2024-10,west,MRD,2024,MRD-SP,1.6T 하이브리드,FWD,스틸 그레이,7,7,21388,901,15,64,88.5
2024-10,west,MRD,2024,MRD-SP,1.6T 하이브리드,FWD,실버,6,6,17378,732,12,64,88.5
2024-10,west,MRD,2024,MRD-SP,1.6T 하이브리드,FWD,오션 블루,5,4,13368,563,10,64,88.5
2024-10,west,MRD,2024,MRD-SP,1.6T 하이브리드,FWD,선셋 레드,4,4,10694,450,8,64,88.5
2024-10,west,MRD,2024,MRD-SP,1.6T 하이브리드,FWD,포레스트 그린,2,2,6684,281,5,48,88.5
2024-10,west,MRD,2024,MRD-SP,1.6T 하이브리드,FWD,샌드 베이지,2,2,6684,281,5,48,88.5
2024-10,west,MRD,2025,MRD-CO,2.0 가솔린,AWD,스노우 화이트,18,18,42841,-8009,38,64,88.5
2024-10,west,MRD,2025,MRD-CO,2.0 가솔린,AWD,미드나잇 블랙,14,14,33916,-6341,30,64,88.5
2024-10,west,MRD,2025,MRD-CO,2.0 가솔린,AWD,스틸 그레이,12,12,28561,-5339,25,64,88.5
2024-10,west,MRD,2025,MRD-CO,2.0 가솔린,AWD,실버,10,10,23206,-4338,21,64,88.5
2024-10,west,MRD,2025,MRD-CO,2.0 가솔린,AWD,오션 블루,8,7,17851,-3337,16,64,88.5
2024-10,west,MRD,2025,MRD-CO,2.0 가솔린,AWD,선셋 레드,6,6,14280,-2670,13,64,88.5
2024-10,west,MRD,2025,MRD-CO,2.0 가솔린,AWD,포레스트 그린,4,4,8925,-1669,8,64,88.5
2024-10,west,MRD,2025,MRD-CO,2.0 가솔린,AWD,샌드 베이지,4,4,8925,-1669,8,64,88.5
2024-10,west,MRD,2025,MRD-CO,2.0 가솔린,FWD,스노우 화이트,72,71,171365,-32037,152,64,88.5
2024-10,west,MRD,2025,MRD-CO,2.0 가솔린,FWD,미드나잇 블랙,57,56,135664,-25362,120,64,88.5
2024-10,west,MRD,2025,MRD-CO,2.0 가솔린,FWD,스틸 그레이,48,48,114243,-21358,101,64,88.5
2024-10,west,MRD,2025,MRD-CO,2.0 가솔린,FWD,실버,39,39,92823,-17353,82,64,88.5
2024-10,west,MRD,2025,MRD-CO,2.0 가솔린,FWD,오션 블루,30,30,71402,-13349,63,64,88.5
2024-10,west,MRD,2025,MRD-CO,2.0 가솔린,FWD,선셋 레드,24,24,57122,-10679,51,64,88.5
2024-10,west,MRD,2025,MRD-CO,2.0 가솔린,FWD,포레스트 그린,15,15,35701,-6674,32,64,88.5
2024-10,west,MRD,2025,MRD-CO,2.0 가솔린,FWD,샌드 베이지,15,15,35701,-6674,32,64,88.5
2024-10,west,MRD,2025,MRD-CO,1.6T 하이브리드,AWD,스노우 화이트,11,11,25377,-4744,22,64,88.5
2024-10,west,MRD,2025,MRD-CO,1.6T 하이브리드,AWD,미드나잇 블랙,8,8,20090,-3756,18,64,88.5
2024-10,west,MRD,2025,MRD-CO,1.6T 하이브리드,AWD,스틸 그레이,7,7,16918,-3163,15,64,88.5
2024-10,west,MRD,2025,MRD-CO,1.6T 하이브리드,AWD,실버,6,6,13746,-2570,12,64,88.5
2024-10,west,MRD,2025,MRD-CO,1.6T 하이브리드,AWD,오션 블루,4,4,10574,-1977,9,64,88.5
2024-10,west,MRD,2025,MRD-CO,1.6T 하이브리드,AWD,선셋 레드,4,4,8459,-1581,7,64,88.5
2024-10,west,MRD,2025,MRD-CO,1.6T 하이브리드,AWD,포레스트 그린,2,2,5287,-988,5,47,88.5
2024-10,west,MRD,2025,MRD-CO,1.6T 하이브리드,AWD,샌드 베이지,2,2,5287,-988,5,47,88.5
2024-10,west,MRD,2025,MRD-CO,1.6T 하이브리드,FWD,스노우 화이트,43,42,101509,-18977,90,64,88.5
2024-10,west,MRD,2025,MRD-CO,1.6T 하이브리드,FWD,미드나잇 블랙,34,33,80362,-15024,71,64,88.5
2024-10,west,MRD,2025,MRD-CO,1.6T 하이브리드,FWD,스틸 그레이,29,28,67673,-12651,60,64,88.5
2024-10,west,MRD,2025,MRD-CO,1.6T 하이브리드,FWD,실버,23,23,54984,-10279,49,64,88.5
2024-10,west,MRD,2025,MRD-CO,1.6T 하이브리드,FWD,오션 블루,18,18,42296,-7907,37,64,88.5
2024-10,west,MRD,2025,MRD-CO,1.6T 하이브리드,FWD,선셋 레드,14,14,33836,-6326,30,64,88.5
2024-10,west,MRD,2025,MRD-CO,1.6T 하이브리드,FWD,포레스트 그린,9,9,21148,-3954,19,64,88.5
2024-10,west,MRD,2025,MRD-CO,1.6T 하이브리드,FWD,샌드 베이지,9,9,21148,-3954,19,64,88.5
2024-10,west,MRD,2025,MRD-PR,2.0 가솔린,AWD,스노우 화이트,21,21,53919,-4960,44,64,88.5
2024-10,west,MRD,2025,MRD-PR,2.0 가솔린,AWD,미드나잇 블랙,17,16,42686,-3927,35,64,88.5
2024-10,west,MRD,2025,MRD-PR,2.0 가솔린,AWD,스틸 그레이,14,14,35946,-3307,29,64,88.5
2024-10,west,MRD,2025,MRD-PR,2.0 가솔린,AWD,실버,11,11,29206,-2687,24,64,88.5
2024-10,west,MRD,2025,MRD-PR,2.0 가솔린,AWD,오션 블루,9,9,22466,-2067,18,64,88.5
2024-10,west,MRD,2025,MRD-PR,2.0 가솔린,AWD,선셋 레드,7,7,17973,-1653,15,64,88.5
2024-10,west,MRD,2025,MRD-PR,2.0 가솔린,AWD,포레스트 그린,4,4,11233,-1033,9,64,88.5
2024-10,west,MRD,2025,MRD-PR,2.0 가솔린,AWD,샌드 베이지,4,4,11233,-1033,9,64,88.5
2024-10,west,MRD,2025,MRD-PR,2.0 가솔린,FWD,스노우 화이트,84,83,215677,-19841,176,64,88.5
2024-10,west,MRD,2025,MRD-PR,2.0 가솔린,FWD,미드나잇 블랙,66,65,170744,-15707,139,64,88.5
2024-10,west,MRD,2025,MRD-PR,2.0 가솔린,FWD,스틸 그레이,56,55,143785,-13227,117,64,88.5
2024-10,west,MRD,2025,MRD-PR,2.0 가솔린,FWD,실버,45,45,116825,-10747,95,64,88.5
2024-10,west,MRD,2025,MRD-PR,2.0 가솔린,FWD,오션 블루,35,34,89865,-8267,73,64,88.5
2024-10,west,MRD,2025,MRD-PR,2.0 가솔린,FWD,선셋 레드,28,28,71892,-6614,59,64,88.5
2024-10,west,MRD,2025,MRD-PR,2.0 가솔린,FWD,포레스트 그린,17,17,44933,-4133,37,64,88.5
2024-10,west,MRD,2025,MRD-PR,2.0 가솔린,FWD,샌드 베이지,17,17,44933,-4133,37,64,88.5
2024-10,west,MRD,2025,MRD-PR,1.6T 하이브리드,AWD,스노우 화이트,12,12,31939,-2938,26,64,88.5
2024-10,west,MRD,2025,MRD-PR,1.6T 하이브리드,AWD,미드나잇 블랙,10,10,25285,-2326,21,64,88.5
2024-10,west,MRD,2025,MRD-PR,1.6T 하이브리드,AWD,스틸 그레이,8,8,21293,-1959,17,64,88.5
2024-10,west,MRD,2025,MRD-PR,1.6T 하이브리드,AWD,실버,7,7,17301,-1592,14,64,88.5
2024-10,west,MRD,2025,MRD-PR,1.6T 하이브리드,AWD,오션 블루,5,5,13308,-1224,11,64,88.5
2024-10,west,MRD,2025,MRD-PR,1.6T 하이브리드,AWD,선셋 레드,4,4,10646,-979,9,64,88.5
2024-10,west,MRD,2025,MRD-PR,1.6T 하이브리드,AWD,포레스트 그린,3,3,6654,-612,5,54,88.5
2024-10,west,MRD,2025,MRD-PR,1.6T 하이브리드,AWD,샌드 베이지,3,3,6654,-612,5,54,88.5
2024-10,west,MRD,2025,MRD-PR,1.6T 하이브리드,FWD,스노우 화이트,50,49,127758,-11753,104,64,88.5
2024-10,west,MRD,2025,MRD-PR,1.6T 하이브리드,FWD,미드나잇 블랙,39,39,101142,-9304,82,64,88.5
2024-10,west,MRD,2025,MRD-PR,1.6T 하이브리드,FWD,스틸 그레이,33,33,85172,-7835,69,64,88.5
2024-10,west,MRD,2025,MRD-PR,1.6T 하이브리드,FWD,실버,27,26,69202,-6366,56,64,88.5
2024-10,west,MRD,2025,MRD-PR,1.6T 하이브리드,FWD,오션 블루,21,20,53232,-4897,43,64,88.5
2024-10,west,MRD,2025,MRD-PR,1.6T 하이브리드,FWD,선셋 레드,17,16,42586,-3918,35,64,88.5
2024-10,west,MRD,2025,MRD-PR,1.6T 하이브리드,FWD,포레스트 그린,10,10,26616,-2449,22,64,88.5
2024-10,west,MRD,2025,MRD-PR,1.6T 하이브리드,FWD,샌드 베이지,10,10,26616,-2449,22,64,88.5
2024-10,west,MRD,2025,MRD-SP,2.0 가솔린,AWD,스노우 화이트,9,8,25146,1059,18,64,88.5
2024-10,west,MRD,2025,MRD-SP,2.0 가솔린,AWD,미드나잇 블랙,7,7,19907,838,14,64,88.5
2024-10,west,MRD,2025,MRD-SP,2.0 가솔린,AWD,스틸 그레이,6,6,16764,706,12,64,88.5
2024-10,west,MRD,2025,MRD-SP,2.0 가솔린,AWD,실버,5,5,13621,574,10,64,88.5
2024-10,west,MRD,2025,MRD-SP,2.0 가솔린,AWD,오션 블루,4,4,10477,441,7,64,88.5
2024-10,west,MRD,2025,MRD-SP,2.0 가솔린,AWD,선셋 레드,3,3,8382,353,6,60,88.5
2024-10,west,MRD,2025,MRD-SP,2.0 가솔린,AWD,포레스트 그린,2,2,5239,221,4,37,88.5
2024-10,west,MRD,2025,MRD-SP,2.0 가솔린,AWD,샌드 베이지,2,2,5239,221,4,37,88.5
2024-10,west,MRD,2025,MRD-SP,2.0 가솔린,FWD,스노우 화이트,34,34,100584,4236,72,64,88.5
2024-10,west,MRD,2025,MRD-SP,2.0 가솔린,FWD,미드나잇 블랙,27,27,79629,3353,57,64,88.5
2024-10,west,MRD,2025,MRD-SP,2.0 가솔린,FWD,스틸 그레이,23,23,67056,2824,48,64,88.5
2024-10,west,MRD,2025,MRD-SP,2.0 가솔린,FWD,실버,19,18,54483,2294,39,64,88.5
2024-10,west,MRD,2025,MRD-SP,2.0 가솔린,FWD,오션 블루,14,14,41910,1765,30,64,88.5
2024-10,west,MRD,2025,MRD-SP,2.0 가솔린,FWD,선셋 레드,11,11,33528,1412,24,64,88.5
2024-10,west,MRD,2025,MRD-SP,2.0 가솔린,FWD,포레스트 그린,7,7,20955,882,15,64,88.5
2024-10,west,MRD,2025,MRD-SP,2.0 가솔린,FWD,샌드 베이지,7,7,20955,882,15,64,88.5
2024-10,west,MRD,2025,MRD-SP,1.6T 하이브리드,AWD,스노우 화이트,5,5,14895,627,11,64,88.5
2024-10,west,MRD,2025,MRD-SP,1.6T 하이브리드,AWD,미드나잇 블랙,4,4,11792,497,8,64,88.5
2024-10,west,MRD,2025,MRD-SP,1.6T 하이브리드,AWD,스틸 그레이,3,3,9930,418,7,64,88.5
2024-10,west,MRD,2025,MRD-SP,1.6T 하이브리드,AWD,실버,3,3,8068,340,6,58,88.5
2024-10,west,MRD,2025,MRD-SP,1.6T 하이브리드,AWD,오션 블루,2,2,6206,261,4,44,88.5
2024-10,west,MRD,2025,MRD-SP,1.6T 하이브리드,AWD,선셋 레드,2,2,4965,209,4,36,88.5
2024-10,west,MRD,2025,MRD-SP,1.6T 하이브리드,AWD,포레스트 그린,1,1,3103,131,2,22,88.5
2024-10,west,MRD,2025,MRD-SP,1.6T 하이브리드,AWD,샌드 베이지,1,1,3103,131,2,22,88.5
2024-10,west,MRD,2025,MRD-SP,1.6T 하이브리드,FWD,스노우 화이트,20,20,59582,2509,43,64,88.5
2024-10,west,MRD,2025,MRD-SP,1.6T 하이브리드,FWD,미드나잇 블랙,16,16,47169,1986,34,64,88.5
2024-10,west,MRD,2025,MRD-SP,1.6T 하이브리드,FWD,스틸 그레이,14,13,39721,1673,28,64,88.5
2024-10,west,MRD,2025,MRD-SP,1.6T 하이브리드,FWD,실버,11,11,32273,1359,23,64,88.5
2024-10,west,MRD,2025,MRD-SP,1.6T 하이브리드,FWD,오션 블루,8,8,24826,1045,18,64,88.5
2024-10,west,MRD,2025,MRD-SP,1.6T 하이브리드,FWD,선셋 레드,7,7,19861,836,14,64,88.5
2024-10,west,MRD,2025,MRD-SP,1.6T 하이브리드,FWD,포레스트 그린,4,4,12413,523,9,64,88.5
2024-10,west,MRD,2025,MRD-SP,1.6T 하이브리드,FWD,샌드 베이지,4,4,12413,523,9,64,88.5
2024-10,central,MRD,2024,MRD-CO,2.0 가솔린,AWD,스노우 화이트,7,7,17346,-3243,15,64,88.5
2024-10,central,MRD,2024,MRD-CO,2.0 가솔린,AWD,미드나잇 블랙,6,6,13732,-2567,12,64,88.5
2024-10,central,MRD,2024,MRD-CO,2.0 가솔린,AWD,스틸 그레이,5,5,11564,-2162,10,64,88.5
2024-10,central,MRD,2024,MRD-CO,2.0 가솔린,AWD,실버,4,4,9396,-1756,8,64,88.5
2024-10,central,MRD,2024,MRD-CO,2.0 가솔린,AWD,오션 블루,3,3,7227,-1351,6,64,88.5
2024-10,central,MRD,2024,MRD-CO,2.0 가솔린,AWD,선셋 레드,2,2,5782,-1081,5,51,88.5
2024-10,central,MRD,2024,MRD-CO,2.0 가솔린,AWD,포레스트 그린,2,2,3614,-676,3,32,88.5
2024-10,central,MRD,2024,MRD-CO,2.0 가솔린,AWD,샌드 베이지,2,2,3614,-676,3,32,88.5
2024-10,central,MRD,2024,MRD-CO,2.0 가솔린,FWD,스노우 화이트,24,24,58070,-10856,51,64,88.5
2024-10,central,MRD,2024,MRD-CO,2.0 가솔린,FWD,미드나잇 블랙,19,19,45972,-8594,41,64,88.5
2024-10,central,MRD,2024,MRD-CO,2.0 가솔린,FWD,스틸 그레이,16,16,38714,-7237,34,64,88.5
2024-10,central,MRD,2024,MRD-CO,2.0 가솔린,FWD,실버,13,13,31455,-5880,28,64,88.5
2024-10,central,MRD,2024,MRD-CO,2.0 가솔린,FWD,오션 블루,10,10,24196,-4523,21,64,88.5
2024-10,central,MRD,2024,MRD-CO,2.0 가솔린,FWD,선셋 레드,8,8,19357,-3619,17,64,88.5
2024-10,central,MRD,2024,MRD-CO,2.0 가솔린,FWD,포레스트 그린,5,5,12098,-2262,11,64,88.5
2024-10,central,MRD,2024,MRD-CO,2.0 가솔린,FWD,샌드 베이지,5,5,12098,-2262,11,64,88.5
2024-10,central,MRD,2024,MRD-CO,1.6T 하이브리드,AWD,스노우 화이트,4,4,10275,-1921,9,64,88.5
2024-10,central,MRD,2024,MRD-CO,1.6T 하이브리드,AWD,미드나잇 블랙,3,3,8134,-1521,7,64,88.5
2024-10,central,MRD,2024,MRD-CO,1.6T 하이브리드,AWD,스틸 그레이,3,3,6850,-1281,6,61,88.5
2024-10,central,MRD,2024,MRD-CO,1.6T 하이브리드,AWD,실버,2,2,5566,-1040,5,49,88.5
2024-10,central,MRD,2024,MRD-CO,1.6T 하이브리드,AWD,오션 블루,2,2,4281,-800,4,38,88.5
2024-10,central,MRD,2024,MRD-CO,1.6T 하이브리드,AWD,선셋 레드,1,1,3425,-640,3,30,88.5
2024-10,central,MRD,2024,MRD-CO,1.6T 하이브리드,AWD,포레스트 그린,1,1,2141,-400,2,19,88.5
2024-10,central,MRD,2024,MRD-CO,1.6T 하이브리드,AWD,샌드 베이지,1,1,2141,-400,2,19,88.5
2024-10,central,MRD,2024,MRD-CO,1.6T 하이브리드,FWD,스노우 화이트,14,14,34398,-6431,30,64,88.5
2024-10,central,MRD,2024,MRD-CO,1.6T 하이브리드,FWD,미드나잇 블랙,11,11,27232,-5091,24,64,88.5
2024-10,central,MRD,2024,MRD-CO,1.6T 하이브리드,FWD,스틸 그레이,10,10,22932,-4287,20,64,88.5
2024-10,central,MRD,2024,MRD-CO,1.6T 하이브리드,FWD,실버,8,8,18632,-3483,17,64,88.5
2024-10,central,MRD,2024,MRD-CO,1.6T 하이브리드,FWD,오션 블루,6,6,14333,-2679,13,64,88.5
2024-10,central,MRD,2024,MRD-CO,1.6T 하이브리드,FWD,선셋 레드,5,5,11466,-2144,10,64,88.5
2024-10,central,MRD,2024,MRD-CO,1.6T 하이브리드,FWD,포레스트 그린,3,3,7166,-1340,6,63,88.5
2024-10,central,MRD,2024,MRD-CO,1.6T 하이브리드,FWD,샌드 베이지,3,3,7166,-1340,6,63,88.5
2024-10,central,MRD,2024,MRD-PR,2.0 가솔린,AWD,스노우 화이트,8,8,21831,-2008,18,64,88.5
2024-10,central,MRD,2024,MRD-PR,2.0 가솔린,AWD,미드나잇 블랙,7,7,17283,-1590,14,64,88.5
2024-10,central,MRD,2024,MRD-PR,2.0 가솔린,AWD,스틸 그레이,6,6,14554,-1339,12,64,88.5
2024-10,central,MRD,2024,MRD-PR,2.0 가솔린,AWD,실버,5,5,11825,-1088,10,64,88.5
2024-10,central,MRD,2024,MRD-PR,2.0 가솔린,AWD,오션 블루,4,3,9096,-837,7,64,88.5
2024-10,central,MRD,2024,MRD-PR,2.0 가솔린,AWD,선셋 레드,3,3,7277,-669,6,59,88.5
2024-10,central,MRD,2024,MRD-PR,2.0 가솔린,AWD,포레스트 그린,2,2,4548,-418,4,37,88.5
2024-10,central,MRD,2024,MRD-PR,2.0 가솔린,AWD,샌드 베이지,2,2,4548,-418,4,37,88.5
2024-10,central,MRD,2024,MRD-PR,2.0 가솔린,FWD,스노우 화이트,28,28,73086,-6723,60,64,88.5
2024-10,central,MRD,2024,MRD-PR,2.0 가솔린,FWD,미드나잇 블랙,22,22,57860,-5323,47,64,88.5
2024-10,central,MRD,2024,MRD-PR,2.0 가솔린,FWD,스틸 그레이,19,19,48724,-4482,40,64,88.5
2024-10,central,MRD,2024,MRD-PR,2.0 가솔린,FWD,실버,15,15,39588,-3642,32,64,88.5
2024-10,central,MRD,2024,MRD-PR,2.0 가솔린,FWD,오션 블루,12,12,30453,-2801,25,64,88.5
2024-10,central,MRD,2024,MRD-PR,2.0 가솔린,FWD,선셋 레드,9,9,24362,-2241,20,64,88.5
2024-10,central,MRD,2024,MRD-PR,2.0 가솔린,FWD,포레스트 그린,6,6,15226,-1401,12,64,88.5
2024-10,central,MRD,2024,MRD-PR,2.0 가솔린,FWD,샌드 베이지,6,6,15226,-1401,12,64,88.5
2024-10,central,MRD,2024,MRD-PR,1.6T 하이브리드,AWD,스노우 화이트,5,5,12932,-1190,11,64,88.5
2024-10,central,MRD,2024,MRD-PR,1.6T 하이브리드,AWD,미드나잇 블랙,4,4,10238,-942,8,64,88.5
2024-10,central,MRD,2024,MRD-PR,1.6T 하이브리드,AWD,스틸 그레이,3,3,8621,-793,7,64,88.5
2024-10,central,MRD,2024,MRD-PR,1.6T 하이브리드,AWD,실버,3,3,7005,-644,6,57,88.5
2024-10,central,MRD,2024,MRD-PR,1.6T 하이브리드,AWD,오션 블루,2,2,5388,-496,4,44,88.5
2024-10,central,MRD,2024,MRD-PR,1.6T 하이브리드,AWD,선셋 레드,2,2,4311,-397,4,35,88.5
2024-10,central,MRD,2024,MRD-PR,1.6T 하이브리드,AWD,포레스트 그린,1,1,2694,-248,2,22,88.5
2024-10,central,MRD,2024,MRD-PR,1.6T 하이브리드,AWD,샌드 베이지,1,1,2694,-248,2,22,88.5
2024-10,central,MRD,2024,MRD-PR,1.6T 하이브리드,FWD,스노우 화이트,17,17,43293,-3983,35,64,88.5
2024-10,central,MRD,2024,MRD-PR,1.6T 하이브리드,FWD,미드나잇 블랙,13,13,34274,-3153,28,64,88.5
2024-10,central,MRD,2024,MRD-PR,1.6T 하이브리드,FWD,스틸 그레이,11,11,28862,-2655,24,64,88.5
2024-10,central,MRD,2024,MRD-PR,1.6T 하이브리드,FWD,실버,9,9,23450,-2157,19,64,88.5
2024-10,central,MRD,2024,MRD-PR,1.6T 하이브리드,FWD,오션 블루,7,7,18039,-1659,15,64,88.5
2024-10,central,MRD,2024,MRD-PR,1.6T 하이브리드,FWD,선셋 레드,6,6,14431,-1328,12,64,88.5
2024-10,central,MRD,2024,MRD-PR,1.6T 하이브리드,FWD,포레스트 그린,3,3,9019,-830,7,64,88.5
2024-10,central,MRD,2024,MRD-PR,1.6T 하이브리드,FWD,샌드 베이지,3,3,9019,-830,7,64,88.5
2024-10,central,MRD,2024,MRD-SP,2.0 가솔린,AWD,스노우 화이트,3,3,10181,429,7,64,88.5
2024-10,central,MRD,2024,MRD-SP,2.0 가솔린,AWD,미드나잇 블랙,3,3,8060,339,6,58,88.5
2024-10,central,MRD,2024,MRD-SP,2.0 가솔린,AWD,스틸 그레이,2,2,6787,286,5,49,88.5
2024-10,central,MRD,2024,MRD-SP,2.0 가솔린,AWD,실버,2,2,5515,232,4,39,88.5
2024-10,central,MRD,2024,MRD-SP,2.0 가솔린,AWD,오션 블루,1,1,4242,179,3,30,88.5
2024-10,central,MRD,2024,MRD-SP,2.0 가솔린,AWD,선셋 레드,1,1,3394,143,2,24,88.5
2024-10,central,MRD,2024,MRD-SP,2.0 가솔린,AWD,포레스트 그린,1,1,2121,89,2,15,88.5
2024-10,central,MRD,2024,MRD-SP,2.0 가솔린,AWD,샌드 베이지,1,1,2121,89,2,15,88.5
2024-10,central,MRD,2024,MRD-SP,2.0 가솔린,FWD,스노우 화이트,12,11,34085,1435,24,64,88.5
2024-10,central,MRD,2024,MRD-SP,2.0 가솔린,FWD,미드나잇 블랙,9,9,26984,1136,19,64,88.5
2024-10,central,MRD,2024,MRD-SP,2.0 가솔린,FWD,스틸 그레이,8,8,22723,957,16,64,88.5
2024-10,central,MRD,2024,MRD-SP,2.0 가솔린,FWD,실버,6,6,18463,777,13,64,88.5
2024-10,central,MRD,2024,MRD-SP,2.0 가솔린,FWD,오션 블루,5,5,14202,598,10,64,88.5
2024-10,central,MRD,2024,MRD-SP,2.0 가솔린,FWD,선셋 레드,4,4,11362,478,8,64,88.5
2024-10,central,MRD,2024,MRD-SP,2.0 가솔린,FWD,포레스트 그린,2,2,7101,299,5,51,88.5
2024-10,central,MRD,2024,MRD-SP,2.0 가솔린,FWD,샌드 베이지,2,2,7101,299,5,51,88.5
2024-10,central,MRD,2024,MRD-SP,1.6T 하이브리드,AWD,스노우 화이트,2,2,6031,254,4,43,88.5
2024-10,central,MRD,2024,MRD-SP,1.6T 하이브리드,AWD,미드나잇 블랙,2,2,4774,201,3,34,88.5
2024-10,central,MRD,2024,MRD-SP,1.6T 하이브리드,AWD,스틸 그레이,1,1,4021,169,3,29,88.5
2024-10,central,MRD,2024,MRD-SP,1.6T 하이브리드,AWD,실버,1,1,3267,138,2,23,88.5
2024-10,central,MRD,2024,MRD-SP,1.6T 하이브리드,AWD,오션 블루,1,1,2513,106,2,18,88.5
2024-10,central,MRD,2024,MRD-SP,1.6T 하이브리드,AWD,선셋 레드,1,1,2010,85,1,14,88.5
2024-10,central,MRD,2024,MRD-SP,1.6T 하이브리드,AWD,포레스트 그린,0,0,1256,53,1,9,88.5
2024-10,central,MRD,2024,MRD-SP,1.6T 하이브리드,AWD,샌드 베이지,0,0,1256,53,1,9,88.5
2024-10,central,MRD,2024,MRD-SP,1.6T 하이브리드,FWD,스노우 화이트,7,7,20190,850,14,64,88.5
2024-10,central,MRD,2024,MRD-SP,1.6T 하이브리드,FWD,미드나잇 블랙,5,5,15984,673,11,64,88.5
2024-10,central,MRD,2024,MRD-SP,1.6T 하이브리드,FWD,스틸 그레이,5,5,13460,567,10,64,88.5
2024-10,central,MRD,2024,MRD-SP,1.6T 하이브리드,FWD,실버,4,4,10936,461,8,64,88.5
2024-10,central,MRD,2024,MRD-SP,1.6T 하이브리드,FWD,오션 블루,3,3,8413,354,6,60,88.5
2024-10,central,MRD,2024,MRD-SP,1.6T 하이브리드,FWD,선셋 레드,2,2,6730,283,5,48,88.5
2024-10,central,MRD,2024,MRD-SP,1.6T 하이브리드,FWD,포레스트 그린,1,1,4206,177,3,30,88.5
2024-10,central,MRD,2024,MRD-SP,1.6T 하이브리드,FWD,샌드 베이지,1,1,4206,177,3,30,88.5
2024-10,central,MRD,2025,MRD-CO,2.0 가솔린,AWD,스노우 화이트,14,13,32213,-6022,29,64,88.5
2024-10,central,MRD,2025,MRD-CO,2.0 가솔린,AWD,미드나잇 블랙,11,11,25502,-4768,23,64,88.5
2024-10,central,MRD,2025,MRD-CO,2.0 가솔린,AWD,스틸 그레이,9,9,21476,-4015,19,64,88.5
2024-10,central,MRD,2025,MRD-CO,2.0 가솔린,AWD,실버,7,7,17449,-3262,15,64,88.5
2024-10,central,MRD,2025,MRD-CO,2.0 가솔린,AWD,오션 블루,6,6,13422,-2509,12,64,88.5
2024-10,central,MRD,2025,MRD-CO,2.0 가솔린,AWD,선셋 레드,5,4,10738,-2007,10,64,88.5
2024-10,central,MRD,2025,MRD-CO,2.0 가솔린,AWD,포레스트 그린,3,3,6711,-1255,6,59,88.5
2024-10,central,MRD,2025,MRD-CO,2.0 가솔린,AWD,샌드 베이지,3,3,6711,-1255,6,59,88.5
2024-10,central,MRD,2025,MRD-CO,2.0 가솔린,FWD,스노우 화이트,45,45,107845,-20161,96,64,88.5
2024-10,central,MRD,2025,MRD-CO,2.0 가솔린,FWD,미드나잇 블랙,36,36,85377,-15961,76,64,88.5
2024-10,central,MRD,2025,MRD-CO,2.0 가솔린,FWD,스틸 그레이,30,30,71897,-13441,64,64,88.5
2024-10,central,MRD,2025,MRD-CO,2.0 가솔린,FWD,실버,25,24,58416,-10921,52,64,88.5
2024-10,central,MRD,2025,MRD-CO,2.0 가솔린,FWD,오션 블루,19,19,44935,-8401,40,64,88.5
2024-10,central,MRD,2025,MRD-CO,2.0 가솔린,FWD,선셋 레드,15,15,35948,-6720,32,64,88.5
2024-10,central,MRD,2025,MRD-CO,2.0 가솔린,FWD,포레스트 그린,9,9,22468,-4200,20,64,88.5
2024-10,central,MRD,2025,MRD-CO,2.0 가솔린,FWD,샌드 베이지,9,9,22468,-4200,20,64,88.5
2024-10,central,MRD,2025,MRD-CO,1.6T 하이브리드,AWD,스노우 화이트,8,8,19082,-3567,17,64,88.5
2024-10,central,MRD,2025,MRD-CO,1.6T 하이브리드,AWD,미드나잇 블랙,6,6,15106,-2824,13,64,88.5
2024-10,central,MRD,2025,MRD-CO,1.6T 하이브리드,AWD,스틸 그레이,5,5,12721,-2378,11,64,88.5
2024-10,central,MRD,2025,MRD-CO,1.6T 하이브리드,AWD,실버,4,4,10336,-1932,9,64,88.5
2024-10,central,MRD,2025,MRD-CO,1.6T 하이브리드,AWD,오션 블루,3,3,7951,-1486,7,64,88.5
2024-10,central,MRD,2025,MRD-CO,1.6T 하이브리드,AWD,선셋 레드,3,3,6361,-1189,6,56,88.5
2024-10,central,MRD,2025,MRD-CO,1.6T 하이브리드,AWD,포레스트 그린,2,2,3975,-743,4,35,88.5
2024-10,central,MRD,2025,MRD-CO,1.6T 하이브리드,AWD,샌드 베이지,2,2,3975,-743,4,35,88.5
2024-10,central,MRD,2025,MRD-CO,1.6T 하이브리드,FWD,스노우 화이트,27,27,63883,-11943,57,64,88.5
2024-10,central,MRD,2025,MRD-CO,1.6T 하이브리드,FWD,미드나잇 블랙,21,21,50574,-9455,45,64,88.5
2024-10,central,MRD,2025,MRD-CO,1.6T 하이브리드,FWD,스틸 그레이,18,18,42588,-7962,38,64,88.5
2024-10,central,MRD,2025,MRD-CO,1.6T 하이브리드,FWD,실버,15,14,34603,-6469,31,64,88.5
2024-10,central,MRD,2025,MRD-CO,1.6T 하이브리드,FWD,오션 블루,11,11,26618,-4976,24,64,88.5
2024-10,central,MRD,2025,MRD-CO,1.6T 하이브리드,FWD,선셋 레드,9,9,21294,-3981,19,64,88.5
2024-10,central,MRD,2025,MRD-CO,1.6T 하이브리드,FWD,포레스트 그린,6,6,13309,-2488,12,64,88.5
2024-10,central,MRD,2025,MRD-CO,1.6T 하이브리드,FWD,샌드 베이지,6,6,13309,-2488,12,64,88.5
2024-10,central,MRD,2025,MRD-PR,2.0 가솔린,AWD,스노우 화이트,16,16,40543,-3730,33,64,88.5
2024-10,central,MRD,2025,MRD-PR,2.0 가솔린,AWD,미드나잇 블랙,12,12,32097,-2953,26,64,88.5
2024-10,central,MRD,2025,MRD-PR,2.0 가솔린,AWD,스틸 그레이,10,10,27029,-2486,22,64,88.5
2024-10,central,MRD,2025,MRD-PR,2.0 가솔린,AWD,실버,9,8,21961,-2020,18,64,88.5
2024-10,central,MRD,2025,MRD-PR,2.0 가솔린,AWD,오션 블루,7,6,16893,-1554,14,64,88.5
2024-10,central,MRD,2025,MRD-PR,2.0 가솔린,AWD,선셋 레드,5,5,13514,-1243,11,64,88.5
2024-10,central,MRD,2025,MRD-PR,2.0 가솔린,AWD,포레스트 그린,3,3,8446,-777,7,64,88.5
2024-10,central,MRD,2025,MRD-PR,2.0 가솔린,AWD,샌드 베이지,3,3,8446,-777,7,64,88.5
2024-10,central,MRD,2025,MRD-PR,2.0 가솔린,FWD,스노우 화이트,53,52,135731,-12486,111,64,88.5
2024-10,central,MRD,2025,MRD-PR,2.0 가솔린,FWD,미드나잇 블랙,42,41,107454,-9885,88,64,88.5
2024-10,central,MRD,2025,MRD-PR,2.0 가솔린,FWD,스틸 그레이,35,35,90488,-8324,74,64,88.5
2024-10,central,MRD,2025,MRD-PR,2.0 가솔린,FWD,실버,29,28,73521,-6763,60,64,88.5
2024-10,central,MRD,2025,MRD-PR,2.0 가솔린,FWD,오션 블루,22,22,56555,-5203,46,64,88.5
2024-10,central,MRD,2025,MRD-PR,2.0 가솔린,FWD,선셋 레드,18,17,45244,-4162,37,64,88.5
2024-10,central,MRD,2025,MRD-PR,2.0 가솔린,FWD,포레스트 그린,11,11,28277,-2601,23,64,88.5
2024-10,central,MRD,2025,MRD-PR,2.0 가솔린,FWD,샌드 베이지,11,11,28277,-2601,23,64,88.5
2024-10,central,MRD,2025,MRD-PR,1.6T 하이브리드,AWD,스노우 화이트,9,9,24016,-2209,20,64,88.5
2024-10,central,MRD,2025,MRD-PR,1.6T 하이브리드,AWD,미드나잇 블랙,7,7,19013,-1749,15,64,88.5
2024-10,central,MRD,2025,MRD-PR,1.6T 하이브리드,AWD,스틸 그레이,6,6,16011,-1473,13,64,88.5
2024-10,central,MRD,2025,MRD-PR,1.6T 하이브리드,AWD,실버,5,5,13009,-1197,11,64,88.5
2024-10,central,MRD,2025,MRD-PR,1.6T 하이브리드,AWD,오션 블루,4,4,10007,-921,8,64,88.5
2024-10,central,MRD,2025,MRD-PR,1.6T 하이브리드,AWD,선셋 레드,3,3,8005,-736,7,64,88.5
2024-10,central,MRD,2025,MRD-PR,1.6T 하이브리드,AWD,포레스트 그린,2,2,5003,-460,4,41,88.5
2024-10,central,MRD,2025,MRD-PR,1.6T 하이브리드,AWD,샌드 베이지,2,2,5003,-460,4,41,88.5
2024-10,central,MRD,2025,MRD-PR,1.6T 하이브리드,FWD,스노우 화이트,31,31,80401,-7396,66,64,88.5
2024-10,central,MRD,2025,MRD-PR,1.6T 하이브리드,FWD,미드나잇 블랙,25,24,63651,-5855,52,64,88.5
2024-10,central,MRD,2025,MRD-PR,1.6T 하이브리드,FWD,스틸 그레이,21,21,53601,-4931,44,64,88.5
2024-10,central,MRD,2025,MRD-PR,1.6T 하이브리드,FWD,실버,17,17,43551,-4006,36,64,88.5
2024-10,central,MRD,2025,MRD-PR,1.6T 하이브리드,FWD,오션 블루,13,13,33501,-3082,27,64,88.5
2024-10,central,MRD,2025,MRD-PR,1.6T 하이브리드,FWD,선셋 레드,10,10,26800,-2465,22,64,88.5
2024-10,central,MRD,2025,MRD-PR,1.6T 하이브리드,FWD,포레스트 그린,6,6,16750,-1541,14,64,88.5
2024-10,central,MRD,2025,MRD-PR,1.6T 하이브리드,FWD,샌드 베이지,6,6,16750,-1541,14,64,88.5
2024-10,central,MRD,2025,MRD-SP,2.0 가솔린,AWD,스노우 화이트,6,6,18908,796,14,64,88.5
2024-10,central,MRD,2025,MRD-SP,2.0 가솔린,AWD,미드나잇 블랙,5,5,14969,630,11,64,88.5
2024-10,central,MRD,2025,MRD-SP,2.0 가솔린,AWD,스틸 그레이,4,4,12605,531,9,64,88.5
2024-10,central,MRD,2025,MRD-SP,2.0 가솔린,AWD,실버,3,3,10242,431,7,64,88.5
2024-10,central,MRD,2025,MRD-SP,2.0 가솔린,AWD,오션 블루,3,3,7878,332,6,56,88.5
2024-10,central,MRD,2025,MRD-SP,2.0 가솔린,AWD,선셋 레드,2,2,6303,265,5,45,88.5
2024-10,central,MRD,2025,MRD-SP,2.0 가솔린,AWD,포레스트 그린,1,1,3939,166,3,28,88.5
2024-10,central,MRD,2025,MRD-SP,2.0 가솔린,AWD,샌드 베이지,1,1,3939,166,3,28,88.5
2024-10,central,MRD,2025,MRD-SP,2.0 가솔린,FWD,스노우 화이트,22,21,63300,2666,45,64,88.5
2024-10,central,MRD,2025,MRD-SP,2.0 가솔린,FWD,미드나잇 블랙,17,17,50113,2110,36,64,88.5
2024-10,central,MRD,2025,MRD-SP,2.0 가솔린,FWD,스틸 그레이,14,14,42200,1777,30,64,88.5
2024-10,central,MRD,2025,MRD-SP,2.0 가솔린,FWD,실버,12,12,34288,1444,25,64,88.5
2024-10,central,MRD,2025,MRD-SP,2.0 가솔린,FWD,오션 블루,9,9,26375,1111,19,64,88.5
2024-10,central,MRD,2025,MRD-SP,2.0 가솔린,FWD,선셋 레드,7,7,21100,889,15,64,88.5
2024-10,central,MRD,2025,MRD-SP,2.0 가솔린,FWD,포레스트 그린,4,4,13188,555,9,64,88.5
2024-10,central,MRD,2025,MRD-SP,2.0 가솔린,FWD,샌드 베이지,4,4,13188,555,9,64,88.5
2024-10,central,MRD,2025,MRD-SP,1.6T 하이브리드,AWD,스노우 화이트,4,4,11200,472,8,64,88.5
2024-10,central,MRD,2025,MRD-SP,1.6T 하이브리드,AWD,미드나잇 블랙,3,3,8867,373,6,63,88.5
2024-10,central,MRD,2025,MRD-SP,1.6T 하이브리드,AWD,스틸 그레이,3,3,7467,314,5,53,88.5
2024-10,central,MRD,2025,MRD-SP,1.6T 하이브리드,AWD,실버,2,2,6067,255,4,43,88.5
2024-10,central,MRD,2025,MRD-SP,1.6T 하이브리드,AWD,오션 블루,2,2,4667,197,3,33,88.5
2024-10,central,MRD,2025,MRD-SP,1.6T 하이브리드,AWD,선셋 레드,1,1,3733,157,3,27,88.5
2024-10,central,MRD,2025,MRD-SP,1.6T 하이브리드,AWD,포레스트 그린,1,1,2333,98,2,17,88.5
2024-10,central,MRD,2025,MRD-SP,1.6T 하이브리드,AWD,샌드 베이지,1,1,2333,98,2,17,88.5
2024-10,central,MRD,2025,MRD-SP,1.6T 하이브리드,FWD,스노우 화이트,13,13,37496,1579,27,64,88.5
2024-10,central,MRD,2025,MRD-SP,1.6T 하이브리드,FWD,미드나잇 블랙,10,10,29685,1250,21,64,88.5
2024-10,central,MRD,2025,MRD-SP,1.6T 하이브리드,FWD,스틸 그레이,9,8,24998,1053,18,64,88.5
2024-10,central,MRD,2025,MRD-SP,1.6T 하이브리드,FWD,실버,7,7,20310,855,15,64,88.5
2024-10,central,MRD,2025,MRD-SP,1.6T 하이브리드,FWD,오션 블루,5,5,15623,658,11,64,88.5
2024-10,central,MRD,2025,MRD-SP,1.6T 하이브리드,FWD,선셋 레드,4,4,12499,526,9,64,88.5
2024-10,central,MRD,2025,MRD-SP,1.6T 하이브리드,FWD,포레스트 그린,3,3,7812,329,6,56,88.5
2024-10,central,MRD,2025,MRD-SP,1.6T 하이브리드,FWD,샌드 베이지,3,3,7812,329,6,56,88.5
2024-10,south,MRD,2024,MRD-CO,2.0 가솔린,AWD,스노우 화이트,6,6,14054,-2627,12,64,88.5
2024-10,south,MRD,2024,MRD-CO,2.0 가솔린,AWD,미드나잇 블랙,5,5,11126,-2080,10,64,88.5
2024-10,south,MRD,2024,MRD-CO,2.0 가솔린,AWD,스틸 그레이,4,4,9369,-1752,8,64,88.5
2024-10,south,MRD,2024,MRD-CO,2.0 가솔린,AWD,실버,3,3,7613,-1423,7,64,88.5
2024-10,south,MRD,2024,MRD-CO,2.0 가솔린,AWD,오션 블루,2,2,5856,-1095,5,52,88.5
2024-10,south,MRD,2024,MRD-CO,2.0 가솔린,AWD,선셋 레드,2,2,4685,-876,4,42,88.5
2024-10,south,MRD,2024,MRD-CO,2.0 가솔린,AWD,포레스트 그린,1,1,2928,-547,3,26,88.5
2024-10,south,MRD,2024,MRD-CO,2.0 가솔린,AWD,샌드 베이지,1,1,2928,-547,3,26,88.5
2024-10,south,MRD,2024,MRD-CO,2.0 가솔린,FWD,스노우 화이트,35,35,83543,-15618,74,64,88.5
2024-10,south,MRD,2024,MRD-CO,2.0 가솔린,FWD,미드나잇 블랙,28,28,66138,-12364,59,64,88.5
2024-10,south,MRD,2024,MRD-CO,2.0 가솔린,FWD,스틸 그레이,23,23,55695,-10412,49,64,88.5
2024-10,south,MRD,2024,MRD-CO,2.0 가솔린,FWD,실버,19,19,45253,-8460,40,64,88.5
2024-10,south,MRD,2024,MRD-CO,2.0 가솔린,FWD,오션 블루,15,14,34810,-6508,31,64,88.5
2024-10,south,MRD,2024,MRD-CO,2.0 가솔린,FWD,선셋 레드,12,12,27848,-5206,25,64,88.5
2024-10,south,MRD,2024,MRD-CO,2.0 가솔린,FWD,포레스트 그린,7,7,17405,-3254,15,64,88.5
2024-10,south,MRD,2024,MRD-CO,2.0 가솔린,FWD,샌드 베이지,7,7,17405,-3254,15,64,88.5
2024-10,south,MRD,2024,MRD-CO,1.6T 하이브리드,AWD,스노우 화이트,4,3,8325,-1556,7,64,88.5
2024-10,south,MRD,2024,MRD-CO,1.6T 하이브리드,AWD,미드나잇 블랙,3,3,6591,-1232,6,58,88.5
2024-10,south,MRD,2024,MRD-CO,1.6T 하이브리드,AWD,스틸 그레이,2,2,5550,-1038,5,49,88.5
2024-10,south,MRD,2024,MRD-CO,1.6T 하이브리드,AWD,실버,2,2,4509,-843,4,40,88.5
2024-10,south,MRD,2024,MRD-CO,1.6T 하이브리드,AWD,오션 블루,1,1,3469,-648,3,31,88.5
2024-10,south,MRD,2024,MRD-CO,1.6T 하이브리드,AWD,선셋 레드,1,1,2775,-519,2,25,88.5
2024-10,south,MRD,2024,MRD-CO,1.6T 하이브리드,AWD,포레스트 그린,1,1,1734,-324,2,15,88.5
2024-10,south,MRD,2024,MRD-CO,1.6T 하이브리드,AWD,샌드 베이지,1,1,1734,-324,2,15,88.5
2024-10,south,MRD,2024,MRD-CO,1.6T 하이브리드,FWD,스노우 화이트,21,21,49487,-9252,44,64,88.5
2024-10,south,MRD,2024,MRD-CO,1.6T 하이브리드,FWD,미드나잇 블랙,17,16,39177,-7324,35,64,88.5
2024-10,south,MRD,2024,MRD-CO,1.6T 하이브리드,FWD,스틸 그레이,14,14,32992,-6168,29,64,88.5
2024-10,south,MRD,2024,MRD-CO,1.6T 하이브리드,FWD,실버,11,11,26806,-5011,24,64,88.5
2024-10,south,MRD,2024,MRD-CO,1.6T 하이브리드,FWD,오션 블루,9,9,20620,-3855,18,64,88.5
2024-10,south,MRD,2024,MRD-CO,1.6T 하이브리드,FWD,선셋 레드,7,7,16496,-3084,15,64,88.5
2024-10,south,MRD,2024,MRD-CO,1.6T 하이브리드,FWD,포레스트 그린,4,4,10310,-1927,9,64,88.5
2024-10,south,MRD,2024,MRD-CO,1.6T 하이브리드,FWD,샌드 베이지,4,4,10310,-1927,9,64,88.5
2024-10,south,MRD,2024,MRD-PR,2.0 가솔린,AWD,스노우 화이트,7,7,17688,-1627,14,64,88.5
2024-10,south,MRD,2024,MRD-PR,2.0 가솔린,AWD,미드나잇 블랙,5,5,14003,-1288,11,64,88.5
2024-10,south,MRD,2024,MRD-PR,2.0 가솔린,AWD,스틸 그레이,5,5,11792,-1085,10,64,88.5
2024-10,south,MRD,2024,MRD-PR,2.0 가솔린,AWD,실버,4,4,9581,-881,8,64,88.5
2024-10,south,MRD,2024,MRD-PR,2.0 가솔린,AWD,오션 블루,3,3,7370,-678,6,60,88.5
2024-10,south,MRD,2024,MRD-PR,2.0 가솔린,AWD,선셋 레드,2,2,5896,-542,5,48,88.5
2024-10,south,MRD,2024,MRD-PR,2.0 가솔린,AWD,포레스트 그린,1,1,3685,-339,3,30,88.5
2024-10,south,MRD,2024,MRD-PR,2.0 가솔린,AWD,샌드 베이지,1,1,3685,-339,3,30,88.5
2024-10,south,MRD,2024,MRD-PR,2.0 가솔린,FWD,스노우 화이트,41,40,105146,-9673,86,64,88.5
2024-10,south,MRD,2024,MRD-PR,2.0 가솔린,FWD,미드나잇 블랙,32,32,83240,-7658,68,64,88.5
2024-10,south,MRD,2024,MRD-PR,2.0 가솔린,FWD,스틸 그레이,27,27,70097,-6448,57,64,88.5
2024-10,south,MRD,2024,MRD-PR,2.0 가솔린,FWD,실버,22,22,56954,-5239,46,64,88.5
2024-10,south,MRD,2024,MRD-PR,2.0 가솔린,FWD,오션 블루,17,17,43811,-4030,36,64,88.5
2024-10,south,MRD,2024,MRD-PR,2.0 가솔린,FWD,선셋 레드,14,13,35049,-3224,29,64,88.5
2024-10,south,MRD,2024,MRD-PR,2.0 가솔린,FWD,포레스트 그린,8,8,21905,-2015,18,64,88.5
2024-10,south,MRD,2024,MRD-PR,2.0 가솔린,FWD,샌드 베이지,8,8,21905,-2015,18,64,88.5
2024-10,south,MRD,2024,MRD-PR,1.6T 하이브리드,AWD,스노우 화이트,4,4,10478,-964,9,64,88.5
2024-10,south,MRD,2024,MRD-PR,1.6T 하이브리드,AWD,미드나잇 블랙,3,3,8295,-763,7,64,88.5
2024-10,south,MRD,2024,MRD-PR,1.6T 하이브리드,AWD,스틸 그레이,3,3,6985,-643,6,57,88.5
2024-10,south,MRD,2024,MRD-PR,1.6T 하이브리드,AWD,실버,2,2,5675,-522,5,46,88.5
2024-10,south,MRD,2024,MRD-PR,1.6T 하이브리드,AWD,오션 블루,2,2,4366,-402,4,36,88.5
2024-10,south,MRD,2024,MRD-PR,1.6T 하이브리드,AWD,선셋 레드,1,1,3493,-321,3,28,88.5
2024-10,south,MRD,2024,MRD-PR,1.6T 하이브리드,AWD,포레스트 그린,1,1,2183,-201,2,18,88.5
2024-10,south,MRD,2024,MRD-PR,1.6T 하이브리드,AWD,샌드 베이지,1,1,2183,-201,2,18,88.5
2024-10,south,MRD,2024,MRD-PR,1.6T 하이브리드,FWD,스노우 화이트,24,24,62284,-5730,51,64,88.5
2024-10,south,MRD,2024,MRD-PR,1.6T 하이브리드,FWD,미드나잇 블랙,19,19,49308,-4536,40,64,88.5
2024-10,south,MRD,2024,MRD-PR,1.6T 하이브리드,FWD,스틸 그레이,16,16,41523,-3820,34,64,88.5
2024-10,south,MRD,2024,MRD-PR,1.6T 하이브리드,FWD,실버,13,13,33737,-3104,28,64,88.5
2024-10,south,MRD,2024,MRD-PR,1.6T 하이브리드,FWD,오션 블루,10,10,25952,-2387,21,64,88.5
2024-10,south,MRD,2024,MRD-PR,1.6T 하이브리드,FWD,선셋 레드,8,8,20761,-1910,17,64,88.5
2024-10,south,MRD,2024,MRD-PR,1.6T 하이브리드,FWD,포레스트 그린,5,5,12976,-1194,11,64,88.5
2024-10,south,MRD,2024,MRD-PR,1.6T 하이브리드,FWD,샌드 베이지,5,5,12976,-1194,11,64,88.5
2024-10,south,MRD,2024,MRD-SP,2.0 가솔린,AWD,스노우 화이트,3,3,8249,347,6,59,88.5
2024-10,south,MRD,2024,MRD-SP,2.0 가솔린,AWD,미드나잇 블랙,2,2,6531,275,5,47,88.5
2024-10,south,MRD,2024,MRD-SP,2.0 가솔린,AWD,스틸 그레이,2,2,5499,232,4,39,88.5
2024-10,south,MRD,2024,MRD-SP,2.0 가솔린,AWD,실버,2,1,4468,188,3,32,88.5
2024-10,south,MRD,2024,MRD-SP,2.0 가솔린,AWD,오션 블루,1,1,3437,145,2,25,88.5
2024-10,south,MRD,2024,MRD-SP,2.0 가솔린,AWD,선셋 레드,1,1,2750,116,2,20,88.5
2024-10,south,MRD,2024,MRD-SP,2.0 가솔린,AWD,포레스트 그린,1,1,1719,72,1,12,88.5
2024-10,south,MRD,2024,MRD-SP,2.0 가솔린,AWD,샌드 베이지,1,1,1719,72,1,12,88.5
2024-10,south,MRD,2024,MRD-SP,2.0 가솔린,FWD,스노우 화이트,17,16,49036,2065,35,64,88.5
2024-10,south,MRD,2024,MRD-SP,2.0 가솔린,FWD,미드나잇 블랙,13,13,38820,1635,28,64,88.5
2024-10,south,MRD,2024,MRD-SP,2.0 가솔린,FWD,스틸 그레이,11,11,32691,1377,23,64,88.5
2024-10,south,MRD,2024,MRD-SP,2.0 가솔린,FWD,실버,9,9,26561,1119,19,64,88.5
2024-10,south,MRD,2024,MRD-SP,2.0 가솔린,FWD,오션 블루,7,7,20432,860,15,64,88.5
2024-10,south,MRD,2024,MRD-SP,2.0 가솔린,FWD,선셋 레드,6,5,16345,688,12,64,88.5
2024-10,south,MRD,2024,MRD-SP,2.0 가솔린,FWD,포레스트 그린,3,3,10216,430,7,64,88.5
2024-10,south,MRD,2024,MRD-SP,2.0 가솔린,FWD,샌드 베이지,3,3,10216,430,7,64,88.5
2024-10,south,MRD,2024,MRD-SP,1.6T 하이브리드,AWD,스노우 화이트,2,2,4886,206,3,35,88.5
2024-10,south,MRD,2024,MRD-SP,1.6T 하이브리드,AWD,미드나잇 블랙,1,1,3868,163,3,28,88.5
2024-10,south,MRD,2024,MRD-SP,1.6T 하이브리드,AWD,스틸 그레이,1,1,3258,137,2,23,88.5
2024-10,south,MRD,2024,MRD-SP,1.6T 하이브리드,AWD,실버,1,1,2647,111,2,19,88.5
2024-10,south,MRD,2024,MRD-SP,1.6T 하이브리드,AWD,오션 블루,1,1,2036,86,1,15,88.5
2024-10,south,MRD,2024,MRD-SP,1.6T 하이브리드,AWD,선셋 레드,1,1,1629,69,1,12,88.5
2024-10,south,MRD,2024,MRD-SP,1.6T 하이브리드,AWD,포레스트 그린,0,0,1018,43,1,7,88.5
2024-10,south,MRD,2024,MRD-SP,1.6T 하이브리드,AWD,샌드 베이지,0,0,1018,43,1,7,88.5
2024-10,south,MRD,2024,MRD-SP,1.6T 하이브리드,FWD,스노우 화이트,10,10,29047,1223,21,64,88.5
2024-10,south,MRD,2024,MRD-SP,1.6T 하이브리드,FWD,미드나잇 블랙,8,8,22995,968,16,64,88.5
2024-10,south,MRD,2024,MRD-SP,1.6T 하이브리드,FWD,스틸 그레이,7,6,19365,815,14,64,88.5
2024-10,south,MRD,2024,MRD-SP,1.6T 하이브리드,FWD,실버,5,5,15734,663,11,64,88.5
2024-10,south,MRD,2024,MRD-SP,1.6T 하이브리드,FWD,오션 블루,4,4,12103,510,9,64,88.5
2024-10,south,MRD,2024,MRD-SP,1.6T 하이브리드,FWD,선셋 레드,3,3,9682,408,7,64,88.5
2024-10,south,MRD,2024,MRD-SP,1.6T 하이브리드,FWD,포레스트 그린,2,2,6051,255,4,43,88.5
2024-10,south,MRD,2024,MRD-SP,1.6T 하이브리드,FWD,샌드 베이지,2,2,6051,255,4,43,88.5
2024-10,south,MRD,2025,MRD-CO,2.0 가솔린,AWD,스노우 화이트,11,11,26100,-4879,23,64,88.5
2024-10,south,MRD,2025,MRD-CO,2.0 가솔린,AWD,미드나잇 블랙,9,9,20663,-3863,18,64,88.5
2024-10,south,MRD,2025,MRD-CO,2.0 가솔린,AWD,스틸 그레이,7,7,17400,-3253,15,64,88.5
2024-10,south,MRD,2025,MRD-CO,2.0 가솔린,AWD,실버,6,6,14138,-2643,13,64,88.5
2024-10,south,MRD,2025,MRD-CO,2.0 가솔린,AWD,오션 블루,5,5,10875,-2033,10,64,88.5
2024-10,south,MRD,2025,MRD-CO,2.0 가솔린,AWD,선셋 레드,4,4,8700,-1626,8,64,88.5
2024-10,south,MRD,2025,MRD-CO,2.0 가솔린,AWD,포레스트 그린,2,2,5438,-1017,5,48,88.5
2024-10,south,MRD,2025,MRD-CO,2.0 가솔린,AWD,샌드 베이지,2,2,5438,-1017,5,48,88.5
2024-10,south,MRD,2025,MRD-CO,2.0 가솔린,FWD,스노우 화이트,65,65,155151,-29005,137,64,88.5
2024-10,south,MRD,2025,MRD-CO,2.0 가솔린,FWD,미드나잇 블랙,52,51,122828,-22963,109,64,88.5
2024-10,south,MRD,2025,MRD-CO,2.0 가솔린,FWD,스틸 그레이,44,43,103434,-19337,92,64,88.5
2024-10,south,MRD,2025,MRD-CO,2.0 가솔린,FWD,실버,35,35,84040,-15711,74,64,88.5
2024-10,south,MRD,2025,MRD-CO,2.0 가솔린,FWD,오션 블루,27,27,64646,-12086,57,64,88.5
2024-10,south,MRD,2025,MRD-CO,2.0 가솔린,FWD,선셋 레드,22,22,51717,-9668,46,64,88.5
2024-10,south,MRD,2025,MRD-CO,2.0 가솔린,FWD,포레스트 그린,14,13,32323,-6043,29,64,88.5
2024-10,south,MRD,2025,MRD-CO,2.0 가솔린,FWD,샌드 베이지,14,13,32323,-6043,29,64,88.5
2024-10,south,MRD,2025,MRD-CO,1.6T 하이브리드,AWD,스노우 화이트,7,6,15461,-2890,14,64,88.5
2024-10,south,MRD,2025,MRD-CO,1.6T 하이브리드,AWD,미드나잇 블랙,5,5,12240,-2288,11,64,88.5
2024-10,south,MRD,2025,MRD-CO,1.6T 하이브리드,AWD,스틸 그레이,4,4,10307,-1927,9,64,88.5
2024-10,south,MRD,2025,MRD-CO,1.6T 하이브리드,AWD,실버,4,3,8375,-1566,7,64,88.5
2024-10,south,MRD,2025,MRD-CO,1.6T 하이브리드,AWD,오션 블루,3,3,6442,-1204,6,57,88.5
2024-10,south,MRD,2025,MRD-CO,1.6T 하이브리드,AWD,선셋 레드,2,2,5154,-963,5,46,88.5
2024-10,south,MRD,2025,MRD-CO,1.6T 하이브리드,AWD,포레스트 그린,1,1,3221,-602,3,29,88.5
2024-10,south,MRD,2025,MRD-CO,1.6T 하이브리드,AWD,샌드 베이지,1,1,3221,-602,3,29,88.5
2024-10,south,MRD,2025,MRD-CO,1.6T 하이브리드,FWD,스노우 화이트,39,38,91905,-17182,81,64,88.5
2024-10,south,MRD,2025,MRD-CO,1.6T 하이브리드,FWD,미드나잇 블랙,31,30,72758,-13602,64,64,88.5
2024-10,south,MRD,2025,MRD-CO,1.6T 하이브리드,FWD,스틸 그레이,26,25,61270,-11454,54,64,88.5
2024-10,south,MRD,2025,MRD-CO,1.6T 하이브리드,FWD,실버,21,21,49782,-9307,44,64,88.5
2024-10,south,MRD,2025,MRD-CO,1.6T 하이브리드,FWD,오션 블루,16,16,38294,-7159,34,64,88.5
2024-10,south,MRD,2025,MRD-CO,1.6T 하이브리드,FWD,선셋 레드,13,13,30635,-5727,27,64,88.5
2024-10,south,MRD,2025,MRD-CO,1.6T 하이브리드,FWD,포레스트 그린,8,8,19147,-3579,17,64,88.5
2024-10,south,MRD,2025,MRD-CO,1.6T 하이브리드,FWD,샌드 베이지,8,8,19147,-3579,17,64,88.5
2024-10,south,MRD,2025,MRD-PR,2.0 가솔린,AWD,스노우 화이트,13,13,32849,-3022,27,64,88.5
2024-10,south,MRD,2025,MRD-PR,2.0 가솔린,AWD,미드나잇 블랙,10,10,26006,-2392,21,64,88.5
2024-10,south,MRD,2025,MRD-PR,2.0 가솔린,AWD,스틸 그레이,8,8,21900,-2015,18,64,88.5
2024-10,south,MRD,2025,MRD-PR,2.0 가솔린,AWD,실버,7,7,17793,-1637,15,64,88.5
2024-10,south,MRD,2025,MRD-PR,2.0 가솔린,AWD,오션 블루,5,5,13687,-1259,11,64,88.5
2024-10,south,MRD,2025,MRD-PR,2.0 가솔린,AWD,선셋 레드,4,4,10950,-1007,9,64,88.5
2024-10,south,MRD,2025,MRD-PR,2.0 가솔린,AWD,포레스트 그린,3,3,6844,-630,6,56,88.5
2024-10,south,MRD,2025,MRD-PR,2.0 가솔린,AWD,샌드 베이지,3,3,6844,-630,6,56,88.5
2024-10,south,MRD,2025,MRD-PR,2.0 가솔린,FWD,스노우 화이트,76,75,195271,-17964,159,64,88.5
2024-10,south,MRD,2025,MRD-PR,2.0 가솔린,FWD,미드나잇 블랙,60,59,154589,-14221,126,64,88.5
2024-10,south,MRD,2025,MRD-PR,2.0 가솔린,FWD,스틸 그레이,50,50,130180,-11976,106,64,88.5
2024-10,south,MRD,2025,MRD-PR,2.0 가솔린,FWD,실버,41,40,105772,-9730,86,64,88.5
2024-10,south,MRD,2025,MRD-PR,2.0 가솔린,FWD,오션 블루,32,31,81363,-7485,66,64,88.5
2024-10,south,MRD,2025,MRD-PR,2.0 가솔린,FWD,선셋 레드,25,25,65090,-5988,53,64,88.5
2024-10,south,MRD,2025,MRD-PR,2.0 가솔린,FWD,포레스트 그린,16,16,40681,-3742,33,64,88.5
2024-10,south,MRD,2025,MRD-PR,2.0 가솔린,FWD,샌드 베이지,16,16,40681,-3742,33,64,88.5
2024-10,south,MRD,2025,MRD-PR,1.6T 하이브리드,AWD,스노우 화이트,8,7,19458,-1790,16,64,88.5
2024-10,south,MRD,2025,MRD-PR,1.6T 하이브리드,AWD,미드나잇 블랙,6,6,15405,-1417,13,64,88.5
2024-10,south,MRD,2025,MRD-PR,1.6T 하이브리드,AWD,스틸 그레이,5,5,12972,-1193,11,64,88.5
2024-10,south,MRD,2025,MRD-PR,1.6T 하이브리드,AWD,실버,4,4,10540,-970,9,64,88.5
2024-10,south,MRD,2025,MRD-PR,1.6T 하이브리드,AWD,오션 블루,3,3,8108,-746,7,64,88.5
2024-10,south,MRD,2025,MRD-PR,1.6T 하이브리드,AWD,선셋 레드,3,2,6486,-597,5,53,88.5
2024-10,south,MRD,2025,MRD-PR,1.6T 하이브리드,AWD,포레스트 그린,2,2,4054,-373,3,33,88.5
2024-10,south,MRD,2025,MRD-PR,1.6T 하이브리드,AWD,샌드 베이지,2,2,4054,-373,3,33,88.5
2024-10,south,MRD,2025,MRD-PR,1.6T 하이브리드,FWD,스노우 화이트,45,44,115670,-10641,94,64,88.5
2024-10,south,MRD,2025,MRD-PR,1.6T 하이브리드,FWD,미드나잇 블랙,36,35,91572,-8424,75,64,88.5
2024-10,south,MRD,2025,MRD-PR,1.6T 하이브리드,FWD,스틸 그레이,30,30,77113,-7094,63,64,88.5
2024-10,south,MRD,2025,MRD-PR,1.6T 하이브리드,FWD,실버,24,24,62655,-5764,51,64,88.5
2024-10,south,MRD,2025,MRD-PR,1.6T 하이브리드,FWD,오션 블루,19,18,48196,-4434,39,64,88.5
2024-10,south,MRD,2025,MRD-PR,1.6T 하이브리드,FWD,선셋 레드,15,15,38557,-3547,31,64,88.5
2024-10,south,MRD,2025,MRD-PR,1.6T 하이브리드,FWD,포레스트 그린,9,9,24098,-2217,20,64,88.5
2024-10,south,MRD,2025,MRD-PR,1.6T 하이브리드,FWD,샌드 베이지,9,9,24098,-2217,20,64,88.5
2024-10,south,MRD,2025,MRD-SP,2.0 가솔린,AWD,스노우 화이트,5,5,15320,645,11,64,88.5
2024-10,south,MRD,2025,MRD-SP,2.0 가솔린,AWD,미드나잇 블랙,4,4,12128,511,9,64,88.5
2024-10,south,MRD,2025,MRD-SP,2.0 가솔린,AWD,스틸 그레이,3,3,10213,430,7,64,88.5
2024-10,south,MRD,2025,MRD-SP,2.0 가솔린,AWD,실버,3,3,8298,349,6,59,88.5
2024-10,south,MRD,2025,MRD-SP,2.0 가솔린,AWD,오션 블루,2,2,6383,269,5,46,88.5
2024-10,south,MRD,2025,MRD-SP,2.0 가솔린,AWD,선셋 레드,2,2,5107,215,4,37,88.5
2024-10,south,MRD,2025,MRD-SP,2.0 가솔린,AWD,포레스트 그린,1,1,3192,134,2,23,88.5
2024-10,south,MRD,2025,MRD-SP,2.0 가솔린,AWD,샌드 베이지,1,1,3192,134,2,23,88.5
2024-10,south,MRD,2025,MRD-SP,2.0 가솔린,FWD,스노우 화이트,31,31,91067,3835,65,64,88.5
2024-10,south,MRD,2025,MRD-SP,2.0 가솔린,FWD,미드나잇 블랙,25,24,72095,3036,52,64,88.5
2024-10,south,MRD,2025,MRD-SP,2.0 가솔린,FWD,스틸 그레이,21,20,60711,2557,43,64,88.5
2024-10,south,MRD,2025,MRD-SP,2.0 가솔린,FWD,실버,17,17,49328,2077,35,64,88.5
2024-10,south,MRD,2025,MRD-SP,2.0 가솔린,FWD,오션 블루,13,13,37945,1598,27,64,88.5
2024-10,south,MRD,2025,MRD-SP,2.0 가솔린,FWD,선셋 레드,10,10,30356,1278,22,64,88.5
2024-10,south,MRD,2025,MRD-SP,2.0 가솔린,FWD,포레스트 그린,6,6,18972,799,14,64,88.5
2024-10,south,MRD,2025,MRD-SP,2.0 가솔린,FWD,샌드 베이지,6,6,18972,799,14,64,88.5
2024-10,south,MRD,2025,MRD-SP,1.6T 하이브리드,AWD,스노우 화이트,3,3,9075,382,6,64,88.5
2024-10,south,MRD,2025,MRD-SP,1.6T 하이브리드,AWD,미드나잇 블랙,2,2,7184,303,5,51,88.5
2024-10,south,MRD,2025,MRD-SP,1.6T 하이브리드,AWD,스틸 그레이,2,2,6050,255,4,43,88.5
2024-10,south,MRD,2025,MRD-SP,1.6T 하이브리드,AWD,실버,2,2,4915,207,4,35,88.5
2024-10,south,MRD,2025,MRD-SP,1.6T 하이브리드,AWD,오션 블루,1,1,3781,159,3,27,88.5
2024-10,south,MRD,2025,MRD-SP,1.6T 하이브리드,AWD,선셋 레드,1,1,3025,127,2,22,88.5
2024-10,south,MRD,2025,MRD-SP,1.6T 하이브리드,AWD,포레스트 그린,1,1,1891,80,1,14,88.5
2024-10,south,MRD,2025,MRD-SP,1.6T 하이브리드,AWD,샌드 베이지,1,1,1891,80,1,14,88.5
2024-10,south,MRD,2025,MRD-SP,1.6T 하이브리드,FWD,스노우 화이트,18,18,53944,2272,39,64,88.5
2024-10,south,MRD,2025,MRD-SP,1.6T 하이브리드,FWD,미드나잇 블랙,15,14,42706,1798,31,64,88.5
2024-10,south,MRD,2025,MRD-SP,1.6T 하이브리드,FWD,스틸 그레이,12,12,35963,1514,26,64,88.5
2024-10,south,MRD,2025,MRD-SP,1.6T 하이브리드,FWD,실버,10,10,29220,1230,21,64,88.5
2024-10,south,MRD,2025,MRD-SP,1.6T 하이브리드,FWD,오션 블루,8,8,22477,947,16,64,88.5
2024-10,south,MRD,2025,MRD-SP,1.6T 하이브리드,FWD,선셋 레드,6,6,17981,757,13,64,88.5
2024-10,south,MRD,2025,MRD-SP,1.6T 하이브리드,FWD,포레스트 그린,4,4,11238,473,8,64,88.5
2024-10,south,MRD,2025,MRD-SP,1.6T 하이브리드,FWD,샌드 베이지,4,4,11238,473,8,64,88.5
2024-10,northeast,MRD,2024,MRD-CO,2.0 가솔린,AWD,스노우 화이트,8,8,19608,-3666,17,64,88.5
2024-10,northeast,MRD,2024,MRD-CO,2.0 가솔린,AWD,미드나잇 블랙,7,6,15523,-2902,14,64,88.5
2024-10,northeast,MRD,2024,MRD-CO,2.0 가솔린,AWD,스틸 그레이,6,5,13072,-2444,12,64,88.5
2024-10,northeast,MRD,2024,MRD-CO,2.0 가솔린,AWD,실버,4,4,10621,-1986,9,64,88.5
2024-10,northeast,MRD,2024,MRD-CO,2.0 가솔린,AWD,오션 블루,3,3,8170,-1527,7,64,88.5
2024-10,northeast,MRD,2024,MRD-CO,2.0 가솔린,AWD,선셋 레드,3,3,6536,-1222,6,58,88.5
2024-10,northeast,MRD,2024,MRD-CO,2.0 가솔린,AWD,포레스트 그린,2,2,4085,-764,4,36,88.5
2024-10,northeast,MRD,2024,MRD-CO,2.0 가솔린,AWD,샌드 베이지,2,2,4085,-764,4,36,88.5
2024-10,northeast,MRD,2024,MRD-CO,2.0 가솔린,FWD,스노우 화이트,24,23,55808,-10433,49,64,88.5
2024-10,northeast,MRD,2024,MRD-CO,2.0 가솔린,FWD,미드나잇 블랙,19,18,44181,-8260,39,64,88.5
2024-10,northeast,MRD,2024,MRD-CO,2.0 가솔린,FWD,스틸 그레이,16,15,37205,-6955,33,64,88.5
2024-10,northeast,MRD,2024,MRD-CO,2.0 가솔린,FWD,실버,13,13,30229,-5651,27,64,88.5
2024-10,northeast,MRD,2024,MRD-CO,2.0 가솔린,FWD,오션 블루,10,10,23253,-4347,21,64,88.5
2024-10,northeast,MRD,2024,MRD-CO,2.0 가솔린,FWD,선셋 레드,8,8,18603,-3478,16,64,88.5
2024-10,northeast,MRD,2024,MRD-CO,2.0 가솔린,FWD,포레스트 그린,5,5,11627,-2174,10,64,88.5
2024-10,northeast,MRD,2024,MRD-CO,2.0 가솔린,FWD,샌드 베이지,5,5,11627,-2174,10,64,88.5
2024-10,northeast,MRD,2024,MRD-CO,1.6T 하이브리드,AWD,스노우 화이트,5,5,11615,-2171,10,64,88.5
2024-10,northeast,MRD,2024,MRD-CO,1.6T 하이브리드,AWD,미드나잇 블랙,4,4,9195,-1719,8,64,88.5
2024-10,northeast,MRD,2024,MRD-CO,1.6T 하이브리드,AWD,스틸 그레이,3,3,7743,-1448,7,64,88.5
2024-10,northeast,MRD,2024,MRD-CO,1.6T 하이브리드,AWD,실버,3,3,6291,-1176,6,56,88.5
2024-10,northeast,MRD,2024,MRD-CO,1.6T 하이브리드,AWD,오션 블루,2,2,4840,-905,4,43,88.5
2024-10,northeast,MRD,2024,MRD-CO,1.6T 하이브리드,AWD,선셋 레드,2,2,3872,-724,3,34,88.5
2024-10,northeast,MRD,2024,MRD-CO,1.6T 하이브리드,AWD,포레스트 그린,1,1,2420,-452,2,21,88.5
2024-10,northeast,MRD,2024,MRD-CO,1.6T 하이브리드,AWD,샌드 베이지,1,1,2420,-452,2,21,88.5
2024-10,northeast,MRD,2024,MRD-CO,1.6T 하이브리드,FWD,스노우 화이트,14,14,33058,-6180,29,64,88.5
2024-10,northeast,MRD,2024,MRD-CO,1.6T 하이브리드,FWD,미드나잇 블랙,11,11,26171,-4893,23,64,88.5
2024-10,northeast,MRD,2024,MRD-CO,1.6T 하이브리드,FWD,스틸 그레이,9,9,22039,-4120,20,64,88.5
2024-10,northeast,MRD,2024,MRD-CO,1.6T 하이브리드,FWD,실버,8,7,17906,-3348,16,64,88.5
2024-10,northeast,MRD,2024,MRD-CO,1.6T 하이브리드,FWD,오션 블루,6,6,13774,-2575,12,64,88.5
2024-10,northeast,MRD,2024,MRD-CO,1.6T 하이브리드,FWD,선셋 레드,5,5,11019,-2060,10,64,88.5
2024-10,northeast,MRD,2024,MRD-CO,1.6T 하이브리드,FWD,포레스트 그린,3,3,6887,-1288,6,61,88.5
2024-10,northeast,MRD,2024,MRD-CO,1.6T 하이브리드,FWD,샌드 베이지,3,3,6887,-1288,6,61,88.5
2024-10,northeast,MRD,2024,MRD-PR,2.0 가솔린,AWD,스노우 화이트,10,9,24678,-2270,20,64,88.5
2024-10,northeast,MRD,2024,MRD-PR,2.0 가솔린,AWD,미드나잇 블랙,8,7,19537,-1797,16,64,88.5
2024-10,northeast,MRD,2024,MRD-PR,2.0 가솔린,AWD,스틸 그레이,6,6,16452,-1513,13,64,88.5
2024-10,northeast,MRD,2024,MRD-PR,2.0 가솔린,AWD,실버,5,5,13367,-1230,11,64,88.5
2024-10,northeast,MRD,2024,MRD-PR,2.0 가솔린,AWD,오션 블루,4,4,10283,-946,8,64,88.5
2024-10,northeast,MRD,2024,MRD-PR,2.0 가솔린,AWD,선셋 레드,3,3,8226,-757,7,64,88.5
2024-10,northeast,MRD,2024,MRD-PR,2.0 가솔린,AWD,포레스트 그린,2,2,5141,-473,4,42,88.5
2024-10,northeast,MRD,2024,MRD-PR,2.0 가솔린,AWD,샌드 베이지,2,2,5141,-473,4,42,88.5
2024-10,northeast,MRD,2024,MRD-PR,2.0 가솔린,FWD,스노우 화이트,27,27,70239,-6461,57,64,88.5
2024-10,northeast,MRD,2024,MRD-PR,2.0 가솔린,FWD,미드나잇 블랙,22,21,55606,-5115,45,64,88.5
2024-10,northeast,MRD,2024,MRD-PR,2.0 가솔린,FWD,스틸 그레이,18,18,46826,-4308,38,64,88.5
2024-10,northeast,MRD,2024,MRD-PR,2.0 가솔린,FWD,실버,15,15,38046,-3500,31,64,88.5
2024-10,northeast,MRD,2024,MRD-PR,2.0 가솔린,FWD,오션 블루,11,11,29266,-2692,24,64,88.5
2024-10,northeast,MRD,2024,MRD-PR,2.0 가솔린,FWD,선셋 레드,9,9,23413,-2154,19,64,88.5
2024-10,northeast,MRD,2024,MRD-PR,2.0 가솔린,FWD,포레스트 그린,6,6,14633,-1346,12,64,88.5
2024-10,northeast,MRD,2024,MRD-PR,2.0 가솔린,FWD,샌드 베이지,6,6,14633,-1346,12,64,88.5
2024-10,northeast,MRD,2024,MRD-PR,1.6T 하이브리드,AWD,스노우 화이트,6,6,14618,-1345,12,64,88.5
2024-10,northeast,MRD,2024,MRD-PR,1.6T 하이브리드,AWD,미드나잇 블랙,4,4,11573,-1065,9,64,88.5
2024-10,northeast,MRD,2024,MRD-PR,1.6T 하이브리드,AWD,스틸 그레이,4,4,9746,-897,8,64,88.5
2024-10,northeast,MRD,2024,MRD-PR,1.6T 하이브리드,AWD,실버,3,3,7918,-728,6,64,88.5
2024-10,northeast,MRD,2024,MRD-PR,1.6T 하이브리드,AWD,오션 블루,2,2,6091,-560,5,50,88.5
2024-10,northeast,MRD,2024,MRD-PR,1.6T 하이브리드,AWD,선셋 레드,2,2,4873,-448,4,40,88.5
2024-10,northeast,MRD,2024,MRD-PR,1.6T 하이브리드,AWD,포레스트 그린,1,1,3046,-280,2,25,88.5
2024-10,northeast,MRD,2024,MRD-PR,1.6T 하이브리드,AWD,샌드 베이지,1,1,3046,-280,2,25,88.5
2024-10,northeast,MRD,2024,MRD-PR,1.6T 하이브리드,FWD,스노우 화이트,16,16,41606,-3827,34,64,88.5
2024-10,northeast,MRD,2024,MRD-PR,1.6T 하이브리드,FWD,미드나잇 블랙,13,13,32938,-3030,27,64,88.5
2024-10,northeast,MRD,2024,MRD-PR,1.6T 하이브리드,FWD,스틸 그레이,11,11,27738,-2552,23,64,88.5
2024-10,northeast,MRD,2024,MRD-PR,1.6T 하이브리드,FWD,실버,9,9,22537,-2073,18,64,88.5
2024-10,northeast,MRD,2024,MRD-PR,1.6T 하이브리드,FWD,오션 블루,7,7,17336,-1595,14,64,88.5
2024-10,northeast,MRD,2024,MRD-PR,1.6T 하이브리드,FWD,선셋 레드,5,5,13869,-1276,11,64,88.5
2024-10,northeast,MRD,2024,MRD-PR,1.6T 하이브리드,FWD,포레스트 그린,3,3,8668,-797,7,64,88.5
2024-10,northeast,MRD,2024,MRD-PR,1.6T 하이브리드,FWD,샌드 베이지,3,3,8668,-797,7,64,88.5
2024-10,northeast,MRD,2024,MRD-SP,2.0 가솔린,AWD,스노우 화이트,4,4,11509,485,8,64,88.5
2024-10,northeast,MRD,2024,MRD-SP,2.0 가솔린,AWD,미드나잇 블랙,3,3,9111,384,7,64,88.5
2024-10,northeast,MRD,2024,MRD-SP,2.0 가솔린,AWD,스틸 그레이,3,3,7673,323,5,55,88.5
2024-10,northeast,MRD,2024,MRD-SP,2.0 가솔린,AWD,실버,2,2,6234,263,4,45,88.5
2024-10,northeast,MRD,2024,MRD-SP,2.0 가솔린,AWD,오션 블루,2,2,4795,202,3,34,88.5
2024-10,northeast,MRD,2024,MRD-SP,2.0 가솔린,AWD,선셋 레드,1,1,3836,162,3,27,88.5
2024-10,northeast,MRD,2024,MRD-SP,2.0 가솔린,AWD,포레스트 그린,1,1,2398,101,2,17,88.5
2024-10,northeast,MRD,2024,MRD-SP,2.0 가솔린,AWD,샌드 베이지,1,1,2398,101,2,17,88.5
2024-10,northeast,MRD,2024,MRD-SP,2.0 가솔린,FWD,스노우 화이트,11,11,32757,1379,23,64,88.5
2024-10,northeast,MRD,2024,MRD-SP,2.0 가솔린,FWD,미드나잇 블랙,9,9,25932,1092,19,64,88.5
2024-10,northeast,MRD,2024,MRD-SP,2.0 가솔린,FWD,스틸 그레이,7,7,21838,920,16,64,88.5
2024-10,northeast,MRD,2024,MRD-SP,2.0 가솔린,FWD,실버,6,6,17743,747,13,64,88.5
2024-10,northeast,MRD,2024,MRD-SP,2.0 가솔린,FWD,오션 블루,5,5,13649,575,10,64,88.5
2024-10,northeast,MRD,2024,MRD-SP,2.0 가솔린,FWD,선셋 레드,4,4,10919,460,8,64,88.5
2024-10,northeast,MRD,2024,MRD-SP,2.0 가솔린,FWD,포레스트 그린,2,2,6824,287,5,49,88.5
2024-10,northeast,MRD,2024,MRD-SP,2.0 가솔린,FWD,샌드 베이지,2,2,6824,287,5,49,88.5
2024-10,northeast,MRD,2024,MRD-SP,1.6T 하이브리드,AWD,스노우 화이트,2,2,6818,287,5,49,88.5
2024-10,northeast,MRD,2024,MRD-SP,1.6T 하이브리드,AWD,미드나잇 블랙,2,2,5397,227,4,39,88.5
2024-10,northeast,MRD,2024,MRD-SP,1.6T 하이브리드,AWD,스틸 그레이,2,2,4545,191,3,32,88.5
2024-10,northeast,MRD,2024,MRD-SP,1.6T 하이브리드,AWD,실버,1,1,3693,156,3,26,88.5
2024-10,northeast,MRD,2024,MRD-SP,1.6T 하이브리드,AWD,오션 블루,1,1,2841,120,2,20,88.5
2024-10,northeast,MRD,2024,MRD-SP,1.6T 하이브리드,AWD,선셋 레드,1,1,2273,96,2,16,88.5
2024-10,northeast,MRD,2024,MRD-SP,1.6T 하이브리드,AWD,포레스트 그린,0,0,1420,60,1,10,88.5
2024-10,northeast,MRD,2024,MRD-SP,1.6T 하이브리드,AWD,샌드 베이지,0,0,1420,60,1,10,88.5
2024-10,northeast,MRD,2024,MRD-SP,1.6T 하이브리드,FWD,스노우 화이트,7,7,19404,817,14,64,88.5
2024-10,northeast,MRD,2024,MRD-SP,1.6T 하이브리드,FWD,미드나잇 블랙,5,5,15361,647,11,64,88.5
2024-10,northeast,MRD,2024,MRD-SP,1.6T 하이브리드,FWD,스틸 그레이,4,4,12936,545,9,64,88.5
2024-10,northeast,MRD,2024,MRD-SP,1.6T 하이브리드,FWD,실버,4,4,10510,443,8,64,88.5
2024-10,northeast,MRD,2024,MRD-SP,1.6T 하이브리드,FWD,오션 블루,3,3,8085,340,6,58,88.5
2024-10,northeast,MRD,2024,MRD-SP,1.6T 하이브리드,FWD,선셋 레드,2,2,6468,272,5,46,88.5
2024-10,northeast,MRD,2024,MRD-SP,1.6T 하이브리드,FWD,포레스트 그린,1,1,4042,170,3,29,88.5
2024-10,northeast,MRD,2024,MRD-SP,1.6T 하이브리드,FWD,샌드 베이지,1,1,4042,170,3,29,88.5
2024-10,northeast,MRD,2025,MRD-CO,2.0 가솔린,AWD,스노우 화이트,15,15,36415,-6808,32,64,88.5
2024-10,northeast,MRD,2025,MRD-CO,2.0 가솔린,AWD,미드나잇 블랙,12,12,28829,-5389,26,64,88.5
2024-10,northeast,MRD,2025,MRD-CO,2.0 가솔린,AWD,스틸 그레이,10,10,24277,-4539,22,64,88.5
2024-10,northeast,MRD,2025,MRD-CO,2.0 가솔린,AWD,실버,8,8,19725,-3688,17,64,88.5
2024-10,northeast,MRD,2025,MRD-CO,2.0 가솔린,AWD,오션 블루,6,6,15173,-2837,13,64,88.5
2024-10,northeast,MRD,2025,MRD-CO,2.0 가솔린,AWD,선셋 레드,5,5,12138,-2269,11,64,88.5
2024-10,northeast,MRD,2025,MRD-CO,2.0 가솔린,AWD,포레스트 그린,3,3,7586,-1418,7,64,88.5
2024-10,northeast,MRD,2025,MRD-CO,2.0 가솔린,AWD,샌드 베이지,3,3,7586,-1418,7,64,88.5
2024-10,northeast,MRD,2025,MRD-CO,2.0 가솔린,FWD,스노우 화이트,44,43,103643,-19376,92,64,88.5
2024-10,northeast,MRD,2025,MRD-CO,2.0 가솔린,FWD,미드나잇 블랙,35,34,82051,-15339,73,64,88.5
2024-10,northeast,MRD,2025,MRD-CO,2.0 가솔린,FWD,스틸 그레이,29,29,69095,-12917,61,64,88.5
2024-10,northeast,MRD,2025,MRD-CO,2.0 가솔린,FWD,실버,24,23,56140,-10495,50,64,88.5
2024-10,northeast,MRD,2025,MRD-CO,2.0 가솔린,FWD,오션 블루,18,18,43185,-8073,38,64,88.5
2024-10,northeast,MRD,2025,MRD-CO,2.0 가솔린,FWD,선셋 레드,15,14,34548,-6459,31,64,88.5
2024-10,northeast,MRD,2025,MRD-CO,2.0 가솔린,FWD,포레스트 그린,9,9,21592,-4037,19,64,88.5
2024-10,northeast,MRD,2025,MRD-CO,2.0 가솔린,FWD,샌드 베이지,9,9,21592,-4037,19,64,88.5
2024-10,northeast,MRD,2025,MRD-CO,1.6T 하이브리드,AWD,스노우 화이트,9,9,21571,-4033,19,64,88.5
2024-10,northeast,MRD,2025,MRD-CO,1.6T 하이브리드,AWD,미드나잇 블랙,7,7,17077,-3192,15,64,88.5
2024-10,northeast,MRD,2025,MRD-CO,1.6T 하이브리드,AWD,스틸 그레이,6,6,14380,-2688,13,64,88.5
2024-10,northeast,MRD,2025,MRD-CO,1.6T 하이브리드,AWD,실버,5,5,11684,-2184,10,64,88.5
2024-10,northeast,MRD,2025,MRD-CO,1.6T 하이브리드,AWD,오션 블루,4,4,8988,-1680,8,64,88.5
2024-10,northeast,MRD,2025,MRD-CO,1.6T 하이브리드,AWD,선셋 레드,3,3,7190,-1344,6,64,88.5
2024-10,northeast,MRD,2025,MRD-CO,1.6T 하이브리드,AWD,포레스트 그린,2,2,4494,-840,4,40,88.5
2024-10,northeast,MRD,2025,MRD-CO,1.6T 하이브리드,AWD,샌드 베이지,2,2,4494,-840,4,40,88.5
2024-10,northeast,MRD,2025,MRD-CO,1.6T 하이브리드,FWD,스노우 화이트,26,26,61394,-11477,54,64,88.5
2024-10,northeast,MRD,2025,MRD-CO,1.6T 하이브리드,FWD,미드나잇 블랙,20,20,48603,-9086,43,64,88.5
2024-10,northeast,MRD,2025,MRD-CO,1.6T 하이브리드,FWD,스틸 그레이,17,17,40929,-7652,36,64,88.5
2024-10,northeast,MRD,2025,MRD-CO,1.6T 하이브리드,FWD,실버,14,14,33255,-6217,29,64,88.5
2024-10,northeast,MRD,2025,MRD-CO,1.6T 하이브리드,FWD,오션 블루,11,11,25581,-4782,23,64,88.5
2024-10,northeast,MRD,2025,MRD-CO,1.6T 하이브리드,FWD,선셋 레드,9,9,20465,-3826,18,64,88.5
2024-10,northeast,MRD,2025,MRD-CO,1.6T 하이브리드,FWD,포레스트 그린,5,5,12790,-2391,11,64,88.5
2024-10,northeast,MRD,2025,MRD-CO,1.6T 하이브리드,FWD,샌드 베이지,5,5,12790,-2391,11,64,88.5
2024-10,northeast,MRD,2025,MRD-PR,2.0 가솔린,AWD,스노우 화이트,18,18,45831,-4216,37,64,88.5
2024-10,northeast,MRD,2025,MRD-PR,2.0 가솔린,AWD,미드나잇 블랙,14,14,36283,-3338,30,64,88.5
2024-10,northeast,MRD,2025,MRD-PR,2.0 가솔린,AWD,스틸 그레이,12,12,30554,-2811,25,64,88.5
2024-10,northeast,MRD,2025,MRD-PR,2.0 가솔린,AWD,실버,10,9,24825,-2284,20,64,88.5
2024-10,northeast,MRD,2025,MRD-PR,2.0 가솔린,AWD,오션 블루,7,7,19096,-1757,16,64,88.5
2024-10,northeast,MRD,2025,MRD-PR,2.0 가솔린,AWD,선셋 레드,6,6,15277,-1405,12,64,88.5
2024-10,northeast,MRD,2025,MRD-PR,2.0 가솔린,AWD,포레스트 그린,4,4,9548,-878,8,64,88.5
2024-10,northeast,MRD,2025,MRD-PR,2.0 가솔린,AWD,샌드 베이지,4,4,9548,-878,8,64,88.5
2024-10,northeast,MRD,2025,MRD-PR,2.0 가솔린,FWD,스노우 화이트,51,50,130443,-12000,106,64,88.5
2024-10,northeast,MRD,2025,MRD-PR,2.0 가솔린,FWD,미드나잇 블랙,40,40,103267,-9500,84,64,88.5
2024-10,northeast,MRD,2025,MRD-PR,2.0 가솔린,FWD,스틸 그레이,34,33,86962,-8000,71,64,88.5
2024-10,northeast,MRD,2025,MRD-PR,2.0 가솔린,FWD,실버,27,27,70657,-6500,58,64,88.5
2024-10,northeast,MRD,2025,MRD-PR,2.0 가솔린,FWD,오션 블루,21,21,54351,-5000,44,64,88.5
2024-10,northeast,MRD,2025,MRD-PR,2.0 가솔린,FWD,선셋 레드,17,17,43481,-4000,35,64,88.5
2024-10,northeast,MRD,2025,MRD-PR,2.0 가솔린,FWD,포레스트 그린,11,10,27176,-2500,22,64,88.5
2024-10,northeast,MRD,2025,MRD-PR,2.0 가솔린,FWD,샌드 베이지,11,10,27176,-2500,22,64,88.5
2024-10,northeast,MRD,2025,MRD-PR,1.6T 하이브리드,AWD,스노우 화이트,11,10,27149,-2497,22,64,88.5
2024-10,northeast,MRD,2025,MRD-PR,1.6T 하이브리드,AWD,미드나잇 블랙,8,8,21493,-1977,18,64,88.5
2024-10,northeast,MRD,2025,MRD-PR,1.6T 하이브리드,AWD,스틸 그레이,7,7,18099,-1665,15,64,88.5
2024-10,northeast,MRD,2025,MRD-PR,1.6T 하이브리드,AWD,실버,6,6,14705,-1353,12,64,88.5
2024-10,northeast,MRD,2025,MRD-PR,1.6T 하이브리드,AWD,오션 블루,4,4,11312,-1041,9,64,88.5
2024-10,northeast,MRD,2025,MRD-PR,1.6T 하이브리드,AWD,선셋 레드,4,3,9050,-832,7,64,88.5
2024-10,northeast,MRD,2025,MRD-PR,1.6T 하이브리드,AWD,포레스트 그린,2,2,5656,-520,5,46,88.5
2024-10,northeast,MRD,2025,MRD-PR,1.6T 하이브리드,AWD,샌드 베이지,2,2,5656,-520,5,46,88.5
2024-10,northeast,MRD,2025,MRD-PR,1.6T 하이브리드,FWD,스노우 화이트,30,30,77269,-7108,63,64,88.5
2024-10,northeast,MRD,2025,MRD-PR,1.6T 하이브리드,FWD,미드나잇 블랙,24,23,61171,-5627,50,64,88.5
2024-10,northeast,MRD,2025,MRD-PR,1.6T 하이브리드,FWD,스틸 그레이,20,20,51513,-4739,42,64,88.5
2024-10,northeast,MRD,2025,MRD-PR,1.6T 하이브리드,FWD,실버,16,16,41854,-3850,34,64,88.5
2024-10,northeast,MRD,2025,MRD-PR,1.6T 하이브리드,FWD,오션 블루,12,12,32195,-2962,26,64,88.5
2024-10,northeast,MRD,2025,MRD-PR,1.6T 하이브리드,FWD,선셋 레드,10,10,25756,-2369,21,64,88.5
2024-10,northeast,MRD,2025,MRD-PR,1.6T 하이브리드,FWD,포레스트 그린,6,6,16098,-1481,13,64,88.5
2024-10,northeast,MRD,2025,MRD-PR,1.6T 하이브리드,FWD,샌드 베이지,6,6,16098,-1481,13,64,88.5
2024-10,northeast,MRD,2025,MRD-SP,2.0 가솔린,AWD,스노우 화이트,7,7,21374,900,15,64,88.5
2024-10,northeast,MRD,2025,MRD-SP,2.0 가솔린,AWD,미드나잇 블랙,6,6,16921,713,12,64,88.5
2024-10,northeast,MRD,2025,MRD-SP,2.0 가솔린,AWD,스틸 그레이,5,5,14249,600,10,64,88.5
2024-10,northeast,MRD,2025,MRD-SP,2.0 가솔린,AWD,실버,4,4,11578,488,8,64,88.5
2024-10,northeast,MRD,2025,MRD-SP,2.0 가솔린,AWD,오션 블루,3,3,8906,375,6,64,88.5
2024-10,northeast,MRD,2025,MRD-SP,2.0 가솔린,AWD,선셋 레드,2,2,7125,300,5,51,88.5
2024-10,northeast,MRD,2025,MRD-SP,2.0 가솔린,AWD,포레스트 그린,2,1,4453,188,3,32,88.5
2024-10,northeast,MRD,2025,MRD-SP,2.0 가솔린,AWD,샌드 베이지,2,1,4453,188,3,32,88.5
2024-10,northeast,MRD,2025,MRD-SP,2.0 가솔린,FWD,스노우 화이트,21,20,60834,2562,44,64,88.5
2024-10,northeast,MRD,2025,MRD-SP,2.0 가솔린,FWD,미드나잇 블랙,16,16,48160,2028,34,64,88.5
2024-10,northeast,MRD,2025,MRD-SP,2.0 가솔린,FWD,스틸 그레이,14,14,40556,1708,29,64,88.5
2024-10,northeast,MRD,2025,MRD-SP,2.0 가솔린,FWD,실버,11,11,32952,1388,24,64,88.5
2024-10,northeast,MRD,2025,MRD-SP,2.0 가솔린,FWD,오션 블루,9,9,25347,1067,18,64,88.5
2024-10,northeast,MRD,2025,MRD-SP,2.0 가솔린,FWD,선셋 레드,7,7,20278,854,15,64,88.5
2024-10,northeast,MRD,2025,MRD-SP,2.0 가솔린,FWD,포레스트 그린,4,4,12674,534,9,64,88.5
2024-10,northeast,MRD,2025,MRD-SP,2.0 가솔린,FWD,샌드 베이지,4,4,12674,534,9,64,88.5
2024-10,northeast,MRD,2025,MRD-SP,1.6T 하이브리드,AWD,스노우 화이트,4,4,12661,533,9,64,88.5
2024-10,northeast,MRD,2025,MRD-SP,1.6T 하이브리드,AWD,미드나잇 블랙,3,3,10023,422,7,64,88.5
2024-10,northeast,MRD,2025,MRD-SP,1.6T 하이브리드,AWD,스틸 그레이,3,3,8441,355,6,60,88.5
2024-10,northeast,MRD,2025,MRD-SP,1.6T 하이브리드,AWD,실버,2,2,6858,289,5,49,88.5
2024-10,northeast,MRD,2025,MRD-SP,1.6T 하이브리드,AWD,오션 블루,2,2,5275,222,4,38,88.5
2024-10,northeast,MRD,2025,MRD-SP,1.6T 하이브리드,AWD,선셋 레드,1,1,4220,178,3,30,88.5
2024-10,northeast,MRD,2025,MRD-SP,1.6T 하이브리드,AWD,포레스트 그린,1,1,2638,111,2,19,88.5
2024-10,northeast,MRD,2025,MRD-SP,1.6T 하이브리드,AWD,샌드 베이지,1,1,2638,111,2,19,88.5
2024-10,northeast,MRD,2025,MRD-SP,1.6T 하이브리드,FWD,스노우 화이트,12,12,36035,1517,26,64,88.5
2024-10,northeast,MRD,2025,MRD-SP,1.6T 하이브리드,FWD,미드나잇 블랙,10,10,28528,1201,20,64,88.5
2024-10,northeast,MRD,2025,MRD-SP,1.6T 하이브리드,FWD,스틸 그레이,8,8,24024,1012,17,64,88.5
2024-10,northeast,MRD,2025,MRD-SP,1.6T 하이브리드,FWD,실버,7,7,19519,822,14,64,88.5
2024-10,northeast,MRD,2025,MRD-SP,1.6T 하이브리드,FWD,오션 블루,5,5,15015,632,11,64,88.5
2024-10,northeast,MRD,2025,MRD-SP,1.6T 하이브리드,FWD,선셋 레드,4,4,12012,506,9,64,88.5
2024-10,northeast,MRD,2025,MRD-SP,1.6T 하이브리드,FWD,포레스트 그린,3,3,7507,316,5,54,88.5
2024-10,northeast,MRD,2025,MRD-SP,1.6T 하이브리드,FWD,샌드 베이지,3,3,7507,316,5,54,88.5
2024-10,southeast,MRD,2024,MRD-CO,2.0 가솔린,AWD,스노우 화이트,6,6,13575,-2538,12,64,88.5
2024-10,southeast,MRD,2024,MRD-CO,2.0 가솔린,AWD,미드나잇 블랙,5,4,10747,-2009,10,64,88.5
2024-10,southeast,MRD,2024,MRD-CO,2.0 가솔린,AWD,스틸 그레이,4,4,9050,-1692,8,64,88.5
2024-10,southeast,MRD,2024,MRD-CO,2.0 가솔린,AWD,실버,3,3,7353,-1375,7,64,88.5
2024-10,southeast,MRD,2024,MRD-CO,2.0 가솔린,AWD,오션 블루,2,2,5656,-1057,5,50,88.5
2024-10,southeast,MRD,2024,MRD-CO,2.0 가솔린,AWD,선셋 레드,2,2,4525,-846,4,40,88.5
2024-10,southeast,MRD,2024,MRD-CO,2.0 가솔린,AWD,포레스트 그린,1,1,2828,-529,3,25,88.5
2024-10,southeast,MRD,2024,MRD-CO,2.0 가솔린,AWD,샌드 베이지,1,1,2828,-529,3,25,88.5
2024-10,southeast,MRD,2024,MRD-CO,2.0 가솔린,FWD,스노우 화이트,28,28,66277,-12390,59,64,88.5
2024-10,southeast,MRD,2024,MRD-CO,2.0 가솔린,FWD,미드나잇 블랙,22,22,52470,-9809,46,64,88.5
2024-10,southeast,MRD,2024,MRD-CO,2.0 가솔린,FWD,스틸 그레이,19,18,44185,-8260,39,64,88.5
2024-10,southeast,MRD,2024,MRD-CO,2.0 가솔린,FWD,실버,15,15,35900,-6712,32,64,88.5
2024-10,southeast,MRD,2024,MRD-CO,2.0 가솔린,FWD,오션 블루,12,11,27616,-5163,24,64,88.5
2024-10,southeast,MRD,2024,MRD-CO,2.0 가솔린,FWD,선셋 레드,9,9,22092,-4130,20,64,88.5
2024-10,southeast,MRD,2024,MRD-CO,2.0 가솔린,FWD,포레스트 그린,6,6,13808,-2581,12,64,88.5
2024-10,southeast,MRD,2024,MRD-CO,2.0 가솔린,FWD,샌드 베이지,6,6,13808,-2581,12,64,88.5
2024-10,southeast,MRD,2024,MRD-CO,1.6T 하이브리드,AWD,스노우 화이트,3,3,8041,-1503,7,64,88.5
2024-10,southeast,MRD,2024,MRD-CO,1.6T 하이브리드,AWD,미드나잇 블랙,3,3,6366,-1190,6,56,88.5
2024-10,southeast,MRD,2024,MRD-CO,1.6T 하이브리드,AWD,스틸 그레이,2,2,5361,-1002,5,47,88.5
2024-10,southeast,MRD,2024,MRD-CO,1.6T 하이브리드,AWD,실버,2,2,4356,-814,4,39,88.5
2024-10,southeast,MRD,2024,MRD-CO,1.6T 하이브리드,AWD,오션 블루,1,1,3350,-626,3,30,88.5
2024-10,southeast,MRD,2024,MRD-CO,1.6T 하이브리드,AWD,선셋 레드,1,1,2680,-501,2,24,88.5
2024-10,southeast,MRD,2024,MRD-CO,1.6T 하이브리드,AWD,포레스트 그린,1,1,1675,-313,1,15,88.5
2024-10,southeast,MRD,2024,MRD-CO,1.6T 하이브리드,AWD,샌드 베이지,1,1,1675,-313,1,15,88.5
2024-10,southeast,MRD,2024,MRD-CO,1.6T 하이브리드,FWD,스노우 화이트,17,16,39260,-7340,35,64,88.5
2024-10,southeast,MRD,2024,MRD-CO,1.6T 하이브리드,FWD,미드나잇 블랙,13,13,31081,-5810,28,64,88.5
2024-10,southeast,MRD,2024,MRD-CO,1.6T 하이브리드,FWD,스틸 그레이,11,11,26173,-4893,23,64,88.5
2024-10,southeast,MRD,2024,MRD-CO,1.6T 하이브리드,FWD,실버,9,9,21266,-3976,19,64,88.5
2024-10,southeast,MRD,2024,MRD-CO,1.6T 하이브리드,FWD,오션 블루,7,7,16358,-3058,14,64,88.5
2024-10,southeast,MRD,2024,MRD-CO,1.6T 하이브리드,FWD,선셋 레드,6,5,13087,-2447,12,64,88.5
2024-10,southeast,MRD,2024,MRD-CO,1.6T 하이브리드,FWD,포레스트 그린,3,3,8179,-1529,7,64,88.5
2024-10,southeast,MRD,2024,MRD-CO,1.6T 하이브리드,FWD,샌드 베이지,3,3,8179,-1529,7,64,88.5
2024-10,southeast,MRD,2024,MRD-PR,2.0 가솔린,AWD,스노우 화이트,7,7,17085,-1572,14,64,88.5
2024-10,southeast,MRD,2024,MRD-PR,2.0 가솔린,AWD,미드나잇 블랙,5,5,13526,-1244,11,64,88.5
2024-10,southeast,MRD,2024,MRD-PR,2.0 가솔린,AWD,스틸 그레이,4,4,11390,-1048,9,64,88.5
2024-10,southeast,MRD,2024,MRD-PR,2.0 가솔린,AWD,실버,4,4,9254,-851,8,64,88.5
2024-10,southeast,MRD,2024,MRD-PR,2.0 가솔린,AWD,오션 블루,3,3,7119,-655,6,58,88.5
2024-10,southeast,MRD,2024,MRD-PR,2.0 가솔린,AWD,선셋 레드,2,2,5695,-524,5,46,88.5
2024-10,southeast,MRD,2024,MRD-PR,2.0 가솔린,AWD,포레스트 그린,1,1,3559,-327,3,29,88.5
2024-10,southeast,MRD,2024,MRD-PR,2.0 가솔린,AWD,샌드 베이지,1,1,3559,-327,3,29,88.5
2024-10,southeast,MRD,2024,MRD-PR,2.0 가솔린,FWD,스노우 화이트,32,32,83415,-7674,68,64,88.5
2024-10,southeast,MRD,2024,MRD-PR,2.0 가솔린,FWD,미드나잇 블랙,26,25,66037,-6075,54,64,88.5
2024-10,southeast,MRD,2024,MRD-PR,2.0 가솔린,FWD,스틸 그레이,22,21,55610,-5116,45,64,88.5
2024-10,southeast,MRD,2024,MRD-PR,2.0 가솔린,FWD,실버,18,17,45183,-4157,37,64,88.5
2024-10,southeast,MRD,2024,MRD-PR,2.0 가솔린,FWD,오션 블루,13,13,34756,-3197,28,64,88.5
2024-10,southeast,MRD,2024,MRD-PR,2.0 가솔린,FWD,선셋 레드,11,11,27805,-2558,23,64,88.5
2024-10,southeast,MRD,2024,MRD-PR,2.0 가솔린,FWD,포레스트 그린,7,7,17378,-1599,14,64,88.5
2024-10,southeast,MRD,2024,MRD-PR,2.0 가솔린,FWD,샌드 베이지,7,7,17378,-1599,14,64,88.5
2024-10,southeast,MRD,2024,MRD-PR,1.6T 하이브리드,AWD,스노우 화이트,4,4,10120,-931,8,64,88.5
2024-10,southeast,MRD,2024,MRD-PR,1.6T 하이브리드,AWD,미드나잇 블랙,3,3,8012,-737,7,64,88.5
2024-10,southeast,MRD,2024,MRD-PR,1.6T 하이브리드,AWD,스틸 그레이,3,3,6747,-621,5,55,88.5
2024-10,southeast,MRD,2024,MRD-PR,1.6T 하이브리드,AWD,실버,2,2,5482,-504,4,45,88.5
2024-10,southeast,MRD,2024,MRD-PR,1.6T 하이브리드,AWD,오션 블루,2,2,4217,-388,3,34,88.5
2024-10,southeast,MRD,2024,MRD-PR,1.6T 하이브리드,AWD,선셋 레드,1,1,3373,-310,3,27,88.5
2024-10,southeast,MRD,2024,MRD-PR,1.6T 하이브리드,AWD,포레스트 그린,1,1,2108,-194,2,17,88.5
2024-10,southeast,MRD,2024,MRD-PR,1.6T 하이브리드,AWD,샌드 베이지,1,1,2108,-194,2,17,88.5
2024-10,southeast,MRD,2024,MRD-PR,1.6T 하이브리드,FWD,스노우 화이트,19,19,49412,-4546,40,64,88.5
2024-10,southeast,MRD,2024,MRD-PR,1.6T 하이브리드,FWD,미드나잇 블랙,15,15,39118,-3599,32,64,88.5
2024-10,southeast,MRD,2024,MRD-PR,1.6T 하이브리드,FWD,스틸 그레이,13,13,32941,-3030,27,64,88.5
2024-10,southeast,MRD,2024,MRD-PR,1.6T 하이브리드,FWD,실버,10,10,26765,-2462,22,64,88.5
2024-10,southeast,MRD,2024,MRD-PR,1.6T 하이브리드,FWD,오션 블루,8,8,20588,-1894,17,64,88.5
2024-10,southeast,MRD,2024,MRD-PR,1.6T 하이브리드,FWD,선셋 레드,6,6,16471,-1515,13,64,88.5
2024-10,southeast,MRD,2024,MRD-PR,1.6T 하이브리드,FWD,포레스트 그린,4,4,10294,-947,8,64,88.5
2024-10,southeast,MRD,2024,MRD-PR,1.6T 하이브리드,FWD,샌드 베이지,4,4,10294,-947,8,64,88.5
2024-10,southeast,MRD,2024,MRD-SP,2.0 가솔린,AWD,스노우 화이트,3,3,7968,336,6,57,88.5
2024-10,southeast,MRD,2024,MRD-SP,2.0 가솔린,AWD,미드나잇 블랙,2,2,6308,266,5,45,88.5
2024-10,southeast,MRD,2024,MRD-SP,2.0 가솔린,AWD,스틸 그레이,2,2,5312,224,4,38,88.5
2024-10,southeast,MRD,2024,MRD-SP,2.0 가솔린,AWD,실버,1,1,4316,182,3,31,88.5
2024-10,southeast,MRD,2024,MRD-SP,2.0 가솔린,AWD,오션 블루,1,1,3320,140,2,24,88.5
2024-10,southeast,MRD,2024,MRD-SP,2.0 가솔린,AWD,선셋 레드,1,1,2656,112,2,19,88.5
2024-10,southeast,MRD,2024,MRD-SP,2.0 가솔린,AWD,포레스트 그린,1,1,1660,70,1,12,88.5
2024-10,southeast,MRD,2024,MRD-SP,2.0 가솔린,AWD,샌드 베이지,1,1,1660,70,1,12,88.5
2024-10,southeast,MRD,2024,MRD-SP,2.0 가솔린,FWD,스노우 화이트,13,13,38902,1638,28,64,88.5
2024-10,southeast,MRD,2024,MRD-SP,2.0 가솔린,FWD,미드나잇 블랙,10,10,30797,1297,22,64,88.5
2024-10,southeast,MRD,2024,MRD-SP,2.0 가솔린,FWD,스틸 그레이,9,9,25935,1092,19,64,88.5
2024-10,southeast,MRD,2024,MRD-SP,2.0 가솔린,FWD,실버,7,7,21072,887,15,64,88.5
2024-10,southeast,MRD,2024,MRD-SP,2.0 가솔린,FWD,오션 블루,6,5,16209,683,12,64,88.5
2024-10,southeast,MRD,2024,MRD-SP,2.0 가솔린,FWD,선셋 레드,4,4,12967,546,9,64,88.5
2024-10,southeast,MRD,2024,MRD-SP,2.0 가솔린,FWD,포레스트 그린,3,3,8105,341,6,58,88.5
2024-10,southeast,MRD,2024,MRD-SP,2.0 가솔린,FWD,샌드 베이지,3,3,8105,341,6,58,88.5
2024-10,southeast,MRD,2024,MRD-SP,1.6T 하이브리드,AWD,스노우 화이트,2,2,4720,199,3,34,88.5
2024-10,southeast,MRD,2024,MRD-SP,1.6T 하이브리드,AWD,미드나잇 블랙,1,1,3737,157,3,27,88.5
2024-10,southeast,MRD,2024,MRD-SP,1.6T 하이브리드,AWD,스틸 그레이,1,1,3147,133,2,22,88.5
2024-10,southeast,MRD,2024,MRD-SP,1.6T 하이브리드,AWD,실버,1,1,2557,108,2,18,88.5
2024-10,southeast,MRD,2024,MRD-SP,1.6T 하이브리드,AWD,오션 블루,1,1,1967,83,1,14,88.5
2024-10,southeast,MRD,2024,MRD-SP,1.6T 하이브리드,AWD,선셋 레드,1,1,1573,66,1,11,88.5
2024-10,southeast,MRD,2024,MRD-SP,1.6T 하이브리드,AWD,포레스트 그린,0,0,983,41,1,7,88.5
2024-10,southeast,MRD,2024,MRD-SP,1.6T 하이브리드,AWD,샌드 베이지,0,0,983,41,1,7,88.5
2024-10,southeast,MRD,2024,MRD-SP,1.6T 하이브리드,FWD,스노우 화이트,8,8,23044,970,16,64,88.5
2024-10,southeast,MRD,2024,MRD-SP,1.6T 하이브리드,FWD,미드나잇 블랙,6,6,18243,768,13,64,88.5
2024-10,southeast,MRD,2024,MRD-SP,1.6T 하이브리드,FWD,스틸 그레이,5,5,15363,647,11,64,88.5
2024-10,southeast,MRD,2024,MRD-SP,1.6T 하이브리드,FWD,실버,4,4,12482,526,9,64,88.5
2024-10,southeast,MRD,2024,MRD-SP,1.6T 하이브리드,FWD,오션 블루,3,3,9602,404,7,64,88.5
2024-10,southeast,MRD,2024,MRD-SP,1.6T 하이브리드,FWD,선셋 레드,3,3,7681,323,5,55,88.5
2024-10,southeast,MRD,2024,MRD-SP,1.6T 하이브리드,FWD,포레스트 그린,2,2,4801,202,3,34,88.5
2024-10,southeast,MRD,2024,MRD-SP,1.6T 하이브리드,FWD,샌드 베이지,2,2,4801,202,3,34,88.5
2024-10,southeast,MRD,2025,MRD-CO,2.0 가솔린,AWD,스노우 화이트,11,10,25210,-4713,22,64,88.5
2024-10,southeast,MRD,2025,MRD-CO,2.0 가솔린,AWD,미드나잇 블랙,8,8,19958,-3731,18,64,88.5
2024-10,southeast,MRD,2025,MRD-CO,2.0 가솔린,AWD,스틸 그레이,7,7,16807,-3142,15,64,88.5
2024-10,southeast,MRD,2025,MRD-CO,2.0 가솔린,AWD,실버,6,6,13656,-2553,12,64,88.5
2024-10,southeast,MRD,2025,MRD-CO,2.0 가솔린,AWD,오션 블루,4,4,10504,-1964,9,64,88.5
2024-10,southeast,MRD,2025,MRD-CO,2.0 가솔린,AWD,선셋 레드,4,3,8403,-1571,7,64,88.5
2024-10,southeast,MRD,2025,MRD-CO,2.0 가솔린,AWD,포레스트 그린,2,2,5252,-982,5,47,88.5
2024-10,southeast,MRD,2025,MRD-CO,2.0 가솔린,AWD,샌드 베이지,2,2,5252,-982,5,47,88.5
2024-10,southeast,MRD,2025,MRD-CO,2.0 가솔린,FWD,스노우 화이트,52,51,123086,-23011,109,64,88.5
2024-10,southeast,MRD,2025,MRD-CO,2.0 가솔린,FWD,미드나잇 블랙,41,41,97443,-18217,86,64,88.5
2024-10,southeast,MRD,2025,MRD-CO,2.0 가솔린,FWD,스틸 그레이,35,34,82058,-15341,73,64,88.5
2024-10,southeast,MRD,2025,MRD-CO,2.0 가솔린,FWD,실버,28,28,66672,-12464,59,64,88.5
2024-10,southeast,MRD,2025,MRD-CO,2.0 가솔린,FWD,오션 블루,22,21,51286,-9588,45,64,88.5
2024-10,southeast,MRD,2025,MRD-CO,2.0 가솔린,FWD,선셋 레드,17,17,41029,-7670,36,64,88.5
2024-10,southeast,MRD,2025,MRD-CO,2.0 가솔린,FWD,포레스트 그린,11,11,25643,-4794,23,64,88.5
2024-10,southeast,MRD,2025,MRD-CO,2.0 가솔린,FWD,샌드 베이지,11,11,25643,-4794,23,64,88.5
2024-10,southeast,MRD,2025,MRD-CO,1.6T 하이브리드,AWD,스노우 화이트,6,6,14934,-2792,13,64,88.5
2024-10,southeast,MRD,2025,MRD-CO,1.6T 하이브리드,AWD,미드나잇 블랙,5,5,11822,-2210,10,64,88.5
2024-10,southeast,MRD,2025,MRD-CO,1.6T 하이브리드,AWD,스틸 그레이,4,4,9956,-1861,9,64,88.5
2024-10,southeast,MRD,2025,MRD-CO,1.6T 하이브리드,AWD,실버,3,3,8089,-1512,7,64,88.5
2024-10,southeast,MRD,2025,MRD-CO,1.6T 하이브리드,AWD,오션 블루,3,3,6222,-1163,6,55,88.5
2024-10,southeast,MRD,2025,MRD-CO,1.6T 하이브리드,AWD,선셋 레드,2,2,4978,-931,4,44,88.5
2024-10,southeast,MRD,2025,MRD-CO,1.6T 하이브리드,AWD,포레스트 그린,1,1,3111,-582,3,28,88.5
2024-10,southeast,MRD,2025,MRD-CO,1.6T 하이브리드,AWD,샌드 베이지,1,1,3111,-582,3,28,88.5
2024-10,southeast,MRD,2025,MRD-CO,1.6T 하이브리드,FWD,스노우 화이트,31,30,72911,-13631,65,64,88.5
2024-10,southeast,MRD,2025,MRD-CO,1.6T 하이브리드,FWD,미드나잇 블랙,24,24,57721,-10791,51,64,88.5
2024-10,southeast,MRD,2025,MRD-CO,1.6T 하이브리드,FWD,스틸 그레이,20,20,48607,-9087,43,64,88.5
2024-10,southeast,MRD,2025,MRD-CO,1.6T 하이브리드,FWD,실버,17,16,39493,-7383,35,64,88.5
2024-10,southeast,MRD,2025,MRD-CO,1.6T 하이브리드,FWD,오션 블루,13,13,30380,-5679,27,64,88.5
2024-10,southeast,MRD,2025,MRD-CO,1.6T 하이브리드,FWD,선셋 레드,10,10,24304,-4544,22,64,88.5
2024-10,southeast,MRD,2025,MRD-CO,1.6T 하이브리드,FWD,포레스트 그린,6,6,15190,-2840,13,64,88.5
2024-10,southeast,MRD,2025,MRD-CO,1.6T 하이브리드,FWD,샌드 베이지,6,6,15190,-2840,13,64,88.5
2024-10,southeast,MRD,2025,MRD-PR,2.0 가솔린,AWD,스노우 화이트,12,12,31729,-2919,26,64,88.5
2024-10,southeast,MRD,2025,MRD-PR,2.0 가솔린,AWD,미드나잇 블랙,10,10,25119,-2311,20,64,88.5
2024-10,southeast,MRD,2025,MRD-PR,2.0 가솔린,AWD,스틸 그레이,8,8,21153,-1946,17,64,88.5
2024-10,southeast,MRD,2025,MRD-PR,2.0 가솔린,AWD,실버,7,7,17187,-1581,14,64,88.5
2024-10,southeast,MRD,2025,MRD-PR,2.0 가솔린,AWD,오션 블루,5,5,13221,-1216,11,64,88.5
2024-10,southeast,MRD,2025,MRD-PR,2.0 가솔린,AWD,선셋 레드,4,4,10576,-973,9,64,88.5
2024-10,southeast,MRD,2025,MRD-PR,2.0 가솔린,AWD,포레스트 그린,3,3,6610,-608,5,54,88.5
2024-10,southeast,MRD,2025,MRD-PR,2.0 가솔린,AWD,샌드 베이지,3,3,6610,-608,5,54,88.5
2024-10,southeast,MRD,2025,MRD-PR,2.0 가솔린,FWD,스노우 화이트,60,59,154914,-14251,126,64,88.5
2024-10,southeast,MRD,2025,MRD-PR,2.0 가솔린,FWD,미드나잇 블랙,48,47,122640,-11282,100,64,88.5
2024-10,southeast,MRD,2025,MRD-PR,2.0 가솔린,FWD,스틸 그레이,40,40,103276,-9501,84,64,88.5
2024-10,southeast,MRD,2025,MRD-PR,2.0 가솔린,FWD,실버,33,32,83912,-7719,68,64,88.5
2024-10,southeast,MRD,2025,MRD-PR,2.0 가솔린,FWD,오션 블루,25,25,64548,-5938,53,64,88.5
2024-10,southeast,MRD,2025,MRD-PR,2.0 가솔린,FWD,선셋 레드,20,20,51638,-4750,42,64,88.5
2024-10,southeast,MRD,2025,MRD-PR,2.0 가솔린,FWD,포레스트 그린,13,12,32274,-2969,26,64,88.5
2024-10,southeast,MRD,2025,MRD-PR,2.0 가솔린,FWD,샌드 베이지,13,12,32274,-2969,26,64,88.5
2024-10,southeast,MRD,2025,MRD-PR,1.6T 하이브리드,AWD,스노우 화이트,7,7,18795,-1729,15,64,88.5
2024-10,southeast,MRD,2025,MRD-PR,1.6T 하이브리드,AWD,미드나잇 블랙,6,6,14879,-1369,12,64,88.5
2024-10,southeast,MRD,2025,MRD-PR,1.6T 하이브리드,AWD,스틸 그레이,5,5,12530,-1153,10,64,88.5
2024-10,southeast,MRD,2025,MRD-PR,1.6T 하이브리드,AWD,실버,4,4,10181,-937,8,64,88.5
2024-10,southeast,MRD,2025,MRD-PR,1.6T 하이브리드,AWD,오션 블루,3,3,7831,-720,6,64,88.5
2024-10,southeast,MRD,2025,MRD-PR,1.6T 하이브리드,AWD,선셋 레드,2,2,6265,-576,5,51,88.5
2024-10,southeast,MRD,2025,MRD-PR,1.6T 하이브리드,AWD,포레스트 그린,2,1,3916,-360,3,32,88.5
2024-10,southeast,MRD,2025,MRD-PR,1.6T 하이브리드,AWD,샌드 베이지,2,1,3916,-360,3,32,88.5
2024-10,southeast,MRD,2025,MRD-PR,1.6T 하이브리드,FWD,스노우 화이트,36,35,91764,-8442,75,64,88.5
2024-10,southeast,MRD,2025,MRD-PR,1.6T 하이브리드,FWD,미드나잇 블랙,28,28,72647,-6683,59,64,88.5
2024-10,southeast,MRD,2025,MRD-PR,1.6T 하이브리드,FWD,스틸 그레이,24,23,61176,-5628,50,64,88.5
2024-10,southeast,MRD,2025,MRD-PR,1.6T 하이브리드,FWD,실버,19,19,49706,-4573,41,64,88.5
2024-10,southeast,MRD,2025,MRD-PR,1.6T 하이브리드,FWD,오션 블루,15,15,38235,-3517,31,64,88.5
2024-10,southeast,MRD,2025,MRD-PR,1.6T 하이브리드,FWD,선셋 레드,12,12,30588,-2814,25,64,88.5
2024-10,southeast,MRD,2025,MRD-PR,1.6T 하이브리드,FWD,포레스트 그린,7,7,19118,-1759,16,64,88.5
2024-10,southeast,MRD,2025,MRD-PR,1.6T 하이브리드,FWD,샌드 베이지,7,7,19118,-1759,16,64,88.5
2024-10,southeast,MRD,2025,MRD-SP,2.0 가솔린,AWD,스노우 화이트,5,5,14797,623,11,64,88.5
2024-10,southeast,MRD,2025,MRD-SP,2.0 가솔린,AWD,미드나잇 블랙,4,4,11715,493,8,64,88.5
2024-10,southeast,MRD,2025,MRD-SP,2.0 가솔린,AWD,스틸 그레이,3,3,9865,415,7,64,88.5
2024-10,southeast,MRD,2025,MRD-SP,2.0 가솔린,AWD,실버,3,3,8015,338,6,57,88.5
2024-10,southeast,MRD,2025,MRD-SP,2.0 가솔린,AWD,오션 블루,2,2,6166,260,4,44,88.5
2024-10,southeast,MRD,2025,MRD-SP,2.0 가솔린,AWD,선셋 레드,2,2,4932,208,4,35,88.5
2024-10,southeast,MRD,2025,MRD-SP,2.0 가솔린,AWD,포레스트 그린,1,1,3083,130,2,22,88.5
2024-10,southeast,MRD,2025,MRD-SP,2.0 가솔린,AWD,샌드 베이지,1,1,3083,130,2,22,88.5
2024-10,southeast,MRD,2025,MRD-SP,2.0 가솔린,FWD,스노우 화이트,25,24,72246,3042,52,64,88.5
2024-10,southeast,MRD,2025,MRD-SP,2.0 가솔린,FWD,미드나잇 블랙,19,19,57195,2409,41,64,88.5
2024-10,southeast,MRD,2025,MRD-SP,2.0 가솔린,FWD,스틸 그레이,16,16,48164,2028,34,64,88.5
2024-10,southeast,MRD,2025,MRD-SP,2.0 가솔린,FWD,실버,13,13,39133,1648,28,64,88.5
2024-10,southeast,MRD,2025,MRD-SP,2.0 가솔린,FWD,오션 블루,10,10,30103,1268,22,64,88.5
2024-10,southeast,MRD,2025,MRD-SP,2.0 가솔린,FWD,선셋 레드,8,8,24082,1014,17,64,88.5
2024-10,southeast,MRD,2025,MRD-SP,2.0 가솔린,FWD,포레스트 그린,5,5,15051,634,11,64,88.5
2024-10,southeast,MRD,2025,MRD-SP,2.0 가솔린,FWD,샌드 베이지,5,5,15051,634,11,64,88.5
2024-10,southeast,MRD,2025,MRD-SP,1.6T 하이브리드,AWD,스노우 화이트,3,3,8765,369,6,63,88.5
2024-10,southeast,MRD,2025,MRD-SP,1.6T 하이브리드,AWD,미드나잇 블랙,2,2,6939,292,5,50,88.5
2024-10,southeast,MRD,2025,MRD-SP,1.6T 하이브리드,AWD,스틸 그레이,2,2,5844,246,4,42,88.5
2024-10,southeast,MRD,2025,MRD-SP,1.6T 하이브리드,AWD,실버,2,2,4748,200,3,34,88.5
2024-10,southeast,MRD,2025,MRD-SP,1.6T 하이브리드,AWD,오션 블루,1,1,3652,154,3,26,88.5
2024-10,southeast,MRD,2025,MRD-SP,1.6T 하이브리드,AWD,선셋 레드,1,1,2922,123,2,21,88.5
2024-10,southeast,MRD,2025,MRD-SP,1.6T 하이브리드,AWD,포레스트 그린,1,1,1826,77,1,13,88.5
2024-10,southeast,MRD,2025,MRD-SP,1.6T 하이브리드,AWD,샌드 베이지,1,1,1826,77,1,13,88.5
2024-10,southeast,MRD,2025,MRD-SP,1.6T 하이브리드,FWD,스노우 화이트,15,14,42796,1802,31,64,88.5
2024-10,southeast,MRD,2025,MRD-SP,1.6T 하이브리드,FWD,미드나잇 블랙,12,11,33880,1427,24,64,88.5
2024-10,southeast,MRD,2025,MRD-SP,1.6T 하이브리드,FWD,스틸 그레이,10,10,28530,1201,20,64,88.5
2024-10,southeast,MRD,2025,MRD-SP,1.6T 하이브리드,FWD,실버,8,8,23181,976,17,64,88.5
2024-10,southeast,MRD,2025,MRD-SP,1.6T 하이브리드,FWD,오션 블루,6,6,17832,751,13,64,88.5
2024-10,southeast,MRD,2025,MRD-SP,1.6T 하이브리드,FWD,선셋 레드,5,5,14265,601,10,64,88.5
2024-10,southeast,MRD,2025,MRD-SP,1.6T 하이브리드,FWD,포레스트 그린,3,3,8916,375,6,64,88.5
2024-10,southeast,MRD,2025,MRD-SP,1.6T 하이브리드,FWD,샌드 베이지,3,3,8916,375,6,64,88.5
2024-10,west,NOV,2024,NOV-CO,3.5 가솔린,AWD,스노우 화이트,13,13,46826,-2086,29,66,88.5
2024-10,west,NOV,2024,NOV-CO,3.5 가솔린,AWD,미드나잇 블랙,11,11,37071,-1651,23,66,88.5
2024-10,west,NOV,2024,NOV-CO,3.5 가솔린,AWD,스틸 그레이,9,9,31218,-1390,19,66,88.5
2024-10,west,NOV,2024,NOV-CO,3.5 가솔린,AWD,실버,7,7,25364,-1130,16,66,88.5
2024-10,west,NOV,2024,NOV-CO,3.5 가솔린,AWD,오션 블루,6,6,19511,-869,12,66,88.5
2024-10,west,NOV,2024,NOV-CO,3.5 가솔린,AWD,선셋 레드,4,4,15609,-695,10,66,88.5
2024-10,west,NOV,2024,NOV-CO,3.5 가솔린,AWD,포레스트 그린,3,3,9755,-434,6,60,88.5
2024-10,west,NOV,2024,NOV-CO,3.5 가솔린,AWD,샌드 베이지,3,3,9755,-434,6,60,88.5
2024-10,west,NOV,2024,NOV-CO,3.5 가솔린,FWD,스노우 화이트,25,25,86963,-3873,54,66,88.5
2024-10,west,NOV,2024,NOV-CO,3.5 가솔린,FWD,미드나잇 블랙,20,20,68846,-3066,43,66,88.5
2024-10,west,NOV,2024,NOV-CO,3.5 가솔린,FWD,스틸 그레이,17,16,57976,-2582,36,66,88.5
2024-10,west,NOV,2024,NOV-CO,3.5 가솔린,FWD,실버,13,13,47105,-2098,29,66,88.5
2024-10,west,NOV,2024,NOV-CO,3.5 가솔린,FWD,오션 블루,10,10,36235,-1614,22,66,88.5
2024-10,west,NOV,2024,NOV-CO,3.5 가솔린,FWD,선셋 레드,8,8,28988,-1291,18,66,88.5
2024-10,west,NOV,2024,NOV-CO,3.5 가솔린,FWD,포레스트 그린,5,5,18117,-807,11,66,88.5
2024-10,west,NOV,2024,NOV-CO,3.5 가솔린,FWD,샌드 베이지,5,5,18117,-807,11,66,88.5
2024-10,west,NOV,2024,NOV-CO,1.6T 하이브리드,AWD,스노우 화이트,8,8,27738,-1235,17,66,88.5
2024-10,west,NOV,2024,NOV-CO,1.6T 하이브리드,AWD,미드나잇 블랙,6,6,21959,-978,14,66,88.5
2024-10,west,NOV,2024,NOV-CO,1.6T 하이브리드,AWD,스틸 그레이,5,5,18492,-824,11,66,88.5
2024-10,west,NOV,2024,NOV-CO,1.6T 하이브리드,AWD,실버,4,4,15025,-669,9,66,88.5
2024-10,west,NOV,2024,NOV-CO,1.6T 하이브리드,AWD,오션 블루,3,3,11557,-515,7,66,88.5
2024-10,west,NOV,2024,NOV-CO,1.6T 하이브리드,AWD,선셋 레드,3,3,9246,-412,6,57,88.5
2024-10,west,NOV,2024,NOV-CO,1.6T 하이브리드,AWD,포레스트 그린,2,2,5779,-257,4,36,88.5
2024-10,west,NOV,2024,NOV-CO,1.6T 하이브리드,AWD,샌드 베이지,2,2,5779,-257,4,36,88.5
2024-10,west,NOV,2024,NOV-CO,1.6T 하이브리드,FWD,스노우 화이트,15,15,51513,-2294,32,66,88.5
2024-10,west,NOV,2024,NOV-CO,1.6T 하이브리드,FWD,미드나잇 블랙,12,12,40781,-1816,25,66,88.5
2024-10,west,NOV,2024,NOV-CO,1.6T 하이브리드,FWD,스틸 그레이,10,10,34342,-1530,21,66,88.5
2024-10,west,NOV,2024,NOV-CO,1.6T 하이브리드,FWD,실버,8,8,27903,-1243,17,66,88.5
2024-10,west,NOV,2024,NOV-CO,1.6T 하이브리드,FWD,오션 블루,6,6,21464,-956,13,66,88.5
2024-10,west,NOV,2024,NOV-CO,1.6T 하이브리드,FWD,선셋 레드,5,5,17171,-765,11,66,88.5
2024-10,west,NOV,2024,NOV-CO,1.6T 하이브리드,FWD,포레스트 그린,3,3,10732,-478,7,66,88.5
2024-10,west,NOV,2024,NOV-CO,1.6T 하이브리드,FWD,샌드 베이지,3,3,10732,-478,7,66,88.5
2024-10,west,NOV,2024,NOV-PR,3.5 가솔린,AWD,스노우 화이트,15,15,58935,2300,34,66,88.5
2024-10,west,NOV,2024,NOV-PR,3.5 가솔린,AWD,미드나잇 블랙,12,12,46657,1821,27,66,88.5
2024-10,west,NOV,2024,NOV-PR,3.5 가솔린,AWD,스틸 그레이,10,10,39290,1533,22,66,88.5
2024-10,west,NOV,2024,NOV-PR,3.5 가솔린,AWD,실버,8,8,31923,1246,18,66,88.5
2024-10,west,NOV,2024,NOV-PR,3.5 가솔린,AWD,오션 블루,6,6,24556,958,14,66,88.5
2024-10,west,NOV,2024,NOV-PR,3.5 가솔린,AWD,선셋 레드,5,5,19645,767,11,66,88.5
2024-10,west,NOV,2024,NOV-PR,3.5 가솔린,AWD,포레스트 그린,3,3,12278,479,7,66,88.5
2024-10,west,NOV,2024,NOV-PR,3.5 가솔린,AWD,샌드 베이지,3,3,12278,479,7,66,88.5
2024-10,west,NOV,2024,NOV-PR,3.5 가솔린,FWD,스노우 화이트,29,29,109450,4271,62,66,88.5
2024-10,west,NOV,2024,NOV-PR,3.5 가솔린,FWD,미드나잇 블랙,23,23,86648,3381,49,66,88.5
2024-10,west,NOV,2024,NOV-PR,3.5 가솔린,FWD,스틸 그레이,19,19,72967,2848,42,66,88.5
2024-10,west,NOV,2024,NOV-PR,3.5 가솔린,FWD,실버,16,16,59286,2314,34,66,88.5
2024-10,west,NOV,2024,NOV-PR,3.5 가솔린,FWD,오션 블루,12,12,45604,1780,26,66,88.5
2024-10,west,NOV,2024,NOV-PR,3.5 가솔린,FWD,선셋 레드,10,10,36483,1424,21,66,88.5
2024-10,west,NOV,2024,NOV-PR,3.5 가솔린,FWD,포레스트 그린,6,6,22802,890,13,66,88.5
2024-10,west,NOV,2024,NOV-PR,3.5 가솔린,FWD,샌드 베이지,6,6,22802,890,13,66,88.5
2024-10,west,NOV,2024,NOV-PR,1.6T 하이브리드,AWD,스노우 화이트,9,9,34910,1362,20,66,88.5
2024-10,west,NOV,2024,NOV-PR,1.6T 하이브리드,AWD,미드나잇 블랙,7,7,27637,1079,16,66,88.5
2024-10,west,NOV,2024,NOV-PR,1.6T 하이브리드,AWD,스틸 그레이,6,6,23274,908,13,66,88.5
2024-10,west,NOV,2024,NOV-PR,1.6T 하이브리드,AWD,실버,5,5,18910,738,11,66,88.5
2024-10,west,NOV,2024,NOV-PR,1.6T 하이브리드,AWD,오션 블루,4,4,14546,568,8,66,88.5
2024-10,west,NOV,2024,NOV-PR,1.6T 하이브리드,AWD,선셋 레드,3,3,11637,454,7,66,88.5
2024-10,west,NOV,2024,NOV-PR,1.6T 하이브리드,AWD,포레스트 그린,2,2,7273,284,4,41,88.5
2024-10,west,NOV,2024,NOV-PR,1.6T 하이브리드,AWD,샌드 베이지,2,2,7273,284,4,41,88.5
2024-10,west,NOV,2024,NOV-PR,1.6T 하이브리드,FWD,스노우 화이트,17,17,64834,2530,37,66,88.5
2024-10,west,NOV,2024,NOV-PR,1.6T 하이브리드,FWD,미드나잇 블랙,13,13,51327,2003,29,66,88.5
2024-10,west,NOV,2024,NOV-PR,1.6T 하이브리드,FWD,스틸 그레이,11,11,43222,1687,25,66,88.5
2024-10,west,NOV,2024,NOV-PR,1.6T 하이브리드,FWD,실버,9,9,35118,1370,20,66,88.5
2024-10,west,NOV,2024,NOV-PR,1.6T 하이브리드,FWD,오션 블루,7,7,27014,1054,15,66,88.5
2024-10,west,NOV,2024,NOV-PR,1.6T 하이브리드,FWD,선셋 레드,6,6,21611,843,12,66,88.5
2024-10,west,NOV,2024,NOV-PR,1.6T 하이브리드,FWD,포레스트 그린,4,4,13507,527,8,66,88.5
2024-10,west,NOV,2024,NOV-PR,1.6T 하이브리드,FWD,샌드 베이지,4,4,13507,527,8,66,88.5
2024-10,west,NOV,2024,NOV-LO,3.5 가솔린,AWD,스노우 화이트,6,6,27485,4316,14,66,88.5
2024-10,west,NOV,2024,NOV-LO,3.5 가솔린,AWD,미드나잇 블랙,5,5,21759,3417,11,66,88.5
2024-10,west,NOV,2024,NOV-LO,3.5 가솔린,AWD,스틸 그레이,4,4,18323,2877,9,66,88.5
2024-10,west,NOV,2024,NOV-LO,3.5 가솔린,AWD,실버,3,3,14888,2338,7,66,88.5
2024-10,west,NOV,2024,NOV-LO,3.5 가솔린,AWD,오션 블루,3,3,11452,1798,6,57,88.5
2024-10,west,NOV,2024,NOV-LO,3.5 가솔린,AWD,선셋 레드,2,2,9162,1439,5,46,88.5
2024-10,west,NOV,2024,NOV-LO,3.5 가솔린,AWD,포레스트 그린,1,1,5726,899,3,29,88.5
2024-10,west,NOV,2024,NOV-LO,3.5 가솔린,AWD,샌드 베이지,1,1,5726,899,3,29,88.5
2024-10,west,NOV,2024,NOV-LO,3.5 가솔린,FWD,스노우 화이트,12,12,51044,8016,26,66,88.5
2024-10,west,NOV,2024,NOV-LO,3.5 가솔린,FWD,미드나잇 블랙,9,9,40410,6346,20,66,88.5
2024-10,west,NOV,2024,NOV-LO,3.5 가솔린,FWD,스틸 그레이,8,8,34029,5344,17,66,88.5
2024-10,west,NOV,2024,NOV-LO,3.5 가솔린,FWD,실버,6,6,27649,4342,14,66,88.5
2024-10,west,NOV,2024,NOV-LO,3.5 가솔린,FWD,오션 블루,5,5,21268,3340,11,66,88.5
2024-10,west,NOV,2024,NOV-LO,3.5 가솔린,FWD,선셋 레드,4,4,17015,2672,9,66,88.5
2024-10,west,NOV,2024,NOV-LO,3.5 가솔린,FWD,포레스트 그린,2,2,10634,1670,5,53,88.5
2024-10,west,NOV,2024,NOV-LO,3.5 가솔린,FWD,샌드 베이지,2,2,10634,1670,5,53,88.5
2024-10,west,NOV,2024,NOV-LO,1.6T 하이브리드,AWD,스노우 화이트,4,4,16281,2557,8,66,88.5
2024-10,west,NOV,2024,NOV-LO,1.6T 하이브리드,AWD,미드나잇 블랙,3,3,12889,2024,6,64,88.5
2024-10,west,NOV,2024,NOV-LO,1.6T 하이브리드,AWD,스틸 그레이,3,2,10854,1705,5,54,88.5
2024-10,west,NOV,2024,NOV-LO,1.6T 하이브리드,AWD,실버,2,2,8819,1385,4,44,88.5
2024-10,west,NOV,2024,NOV-LO,1.6T 하이브리드,AWD,오션 블루,2,2,6784,1065,3,34,88.5
2024-10,west,NOV,2024,NOV-LO,1.6T 하이브리드,AWD,선셋 레드,1,1,5427,852,3,27,88.5
2024-10,west,NOV,2024,NOV-LO,1.6T 하이브리드,AWD,포레스트 그린,1,1,3392,533,2,17,88.5
2024-10,west,NOV,2024,NOV-LO,1.6T 하이브리드,AWD,샌드 베이지,1,1,3392,533,2,17,88.5
2024-10,west,NOV,2024,NOV-LO,1.6T 하이브리드,FWD,스노우 화이트,7,7,30236,4748,15,66,88.5
2024-10,west,NOV,2024,NOV-LO,1.6T 하이브리드,FWD,미드나잇 블랙,6,5,23937,3759,12,66,88.5
2024-10,west,NOV,2024,NOV-LO,1.6T 하이브리드,FWD,스틸 그레이,5,5,20157,3166,10,66,88.5
2024-10,west,NOV,2024,NOV-LO,1.6T 하이브리드,FWD,실버,4,4,16378,2572,8,66,88.5
2024-10,west,NOV,2024,NOV-LO,1.6T 하이브리드,FWD,오션 블루,3,3,12598,1978,6,63,88.5
2024-10,west,NOV,2024,NOV-LO,1.6T 하이브리드,FWD,선셋 레드,2,2,10079,1583,5,50,88.5
2024-10,west,NOV,2024,NOV-LO,1.6T 하이브리드,FWD,포레스트 그린,1,1,6299,989,3,32,88.5
2024-10,west,NOV,2024,NOV-LO,1.6T 하이브리드,FWD,샌드 베이지,1,1,6299,989,3,32,88.5
2024-10,west,NOV,2025,NOV-CO,3.5 가솔린,AWD,스노우 화이트,25,25,86963,-3873,54,66,88.5
2024-10,west,NOV,2025,NOV-CO,3.5 가솔린,AWD,미드나잇 블랙,20,20,68846,-3066,43,66,88.5
2024-10,west,NOV,2025,NOV-CO,3.5 가솔린,AWD,스틸 그레이,17,16,57976,-2582,36,66,88.5
2024-10,west,NOV,2025,NOV-CO,3.5 가솔린,AWD,실버,13,13,47105,-2098,29,66,88.5
2024-10,west,NOV,2025,NOV-CO,3.5 가솔린,AWD,오션 블루,10,10,36235,-1614,22,66,88.5
2024-10,west,NOV,2025,NOV-CO,3.5 가솔린,AWD,선셋 레드,8,8,28988,-1291,18,66,88.5
2024-10,west,NOV,2025,NOV-CO,3.5 가솔린,AWD,포레스트 그린,5,5,18117,-807,11,66,88.5
2024-10,west,NOV,2025,NOV-CO,3.5 가솔린,AWD,샌드 베이지,5,5,18117,-807,11,66,88.5
2024-10,west,NOV,2025,NOV-CO,3.5 가솔린,FWD,스노우 화이트,46,46,161503,-7193,100,66,88.5
2024-10,west,NOV,2025,NOV-CO,3.5 가솔린,FWD,미드나잇 블랙,37,36,127857,-5694,79,66,88.5
2024-10,west,NOV,2025,NOV-CO,3.5 가솔린,FWD,스틸 그레이,31,31,107669,-4795,67,66,88.5
2024-10,west,NOV,2025,NOV-CO,3.5 가솔린,FWD,실버,25,25,87481,-3896,54,66,88.5
2024-10,west,NOV,2025,NOV-CO,3.5 가솔린,FWD,오션 블루,19,19,67293,-2997,42,66,88.5
2024-10,west,NOV,2025,NOV-CO,3.5 가솔린,FWD,선셋 레드,15,15,53834,-2398,33,66,88.5
2024-10,west,NOV,2025,NOV-CO,3.5 가솔린,FWD,포레스트 그린,10,10,33647,-1499,21,66,88.5
2024-10,west,NOV,2025,NOV-CO,3.5 가솔린,FWD,샌드 베이지,10,10,33647,-1499,21,66,88.5
2024-10,west,NOV,2025,NOV-CO,1.6T 하이브리드,AWD,스노우 화이트,15,15,51513,-2294,32,66,88.5
2024-10,west,NOV,2025,NOV-CO,1.6T 하이브리드,AWD,미드나잇 블랙,12,12,40781,-1816,25,66,88.5
2024-10,west,NOV,2025,NOV-CO,1.6T 하이브리드,AWD,스틸 그레이,10,10,34342,-1530,21,66,88.5
2024-10,west,NOV,2025,NOV-CO,1.6T 하이브리드,AWD,실버,8,8,27903,-1243,17,66,88.5
2024-10,west,NOV,2025,NOV-CO,1.6T 하이브리드,AWD,오션 블루,6,6,21464,-956,13,66,88.5
2024-10,west,NOV,2025,NOV-CO,1.6T 하이브리드,AWD,선셋 레드,5,5,17171,-765,11,66,88.5
2024-10,west,NOV,2025,NOV-CO,1.6T 하이브리드,AWD,포레스트 그린,3,3,10732,-478,7,66,88.5
2024-10,west,NOV,2025,NOV-CO,1.6T 하이브리드,AWD,샌드 베이지,3,3,10732,-478,7,66,88.5
2024-10,west,NOV,2025,NOV-CO,1.6T 하이브리드,FWD,스노우 화이트,27,27,95668,-4261,59,66,88.5
2024-10,west,NOV,2025,NOV-CO,1.6T 하이브리드,FWD,미드나잇 블랙,22,22,75737,-3373,47,66,88.5
2024-10,west,NOV,2025,NOV-CO,1.6T 하이브리드,FWD,스틸 그레이,18,18,63778,-2841,40,66,88.5
2024-10,west,NOV,2025,NOV-CO,1.6T 하이브리드,FWD,실버,15,15,51820,-2308,32,66,88.5
2024-10,west,NOV,2025,NOV-CO,1.6T 하이브리드,FWD,오션 블루,11,11,39861,-1775,25,66,88.5
2024-10,west,NOV,2025,NOV-CO,1.6T 하이브리드,FWD,선셋 레드,9,9,31889,-1420,20,66,88.5
2024-10,west,NOV,2025,NOV-CO,1.6T 하이브리드,FWD,포레스트 그린,6,6,19931,-888,12,66,88.5
2024-10,west,NOV,2025,NOV-CO,1.6T 하이브리드,FWD,샌드 베이지,6,6,19931,-888,12,66,88.5
2024-10,west,NOV,2025,NOV-PR,3.5 가솔린,AWD,스노우 화이트,29,29,109450,4271,62,66,88.5
2024-10,west,NOV,2025,NOV-PR,3.5 가솔린,AWD,미드나잇 블랙,23,23,86648,3381,49,66,88.5
2024-10,west,NOV,2025,NOV-PR,3.5 가솔린,AWD,스틸 그레이,19,19,72967,2848,42,66,88.5
2024-10,west,NOV,2025,NOV-PR,3.5 가솔린,AWD,실버,16,16,59286,2314,34,66,88.5
2024-10,west,NOV,2025,NOV-PR,3.5 가솔린,AWD,오션 블루,12,12,45604,1780,26,66,88.5
2024-10,west,NOV,2025,NOV-PR,3.5 가솔린,AWD,선셋 레드,10,10,36483,1424,21,66,88.5
2024-10,west,NOV,2025,NOV-PR,3.5 가솔린,AWD,포레스트 그린,6,6,22802,890,13,66,88.5
2024-10,west,NOV,2025,NOV-PR,3.5 가솔린,AWD,샌드 베이지,6,6,22802,890,13,66,88.5
2024-10,west,NOV,2025,NOV-PR,3.5 가솔린,FWD,스노우 화이트,53,53,203265,7932,116,66,88.5
2024-10,west,NOV,2025,NOV-PR,3.5 가솔린,FWD,미드나잇 블랙,42,42,160918,6280,92,66,88.5
2024-10,west,NOV,2025,NOV-PR,3.5 가솔린,FWD,스틸 그레이,36,35,135510,5288,77,66,88.5
2024-10,west,NOV,2025,NOV-PR,3.5 가솔린,FWD,실버,29,29,110102,4297,63,66,88.5
2024-10,west,NOV,2025,NOV-PR,3.5 가솔린,FWD,오션 블루,22,22,84694,3305,48,66,88.5
2024-10,west,NOV,2025,NOV-PR,3.5 가솔린,FWD,선셋 레드,18,18,67755,2644,39,66,88.5
2024-10,west,NOV,2025,NOV-PR,3.5 가솔린,FWD,포레스트 그린,11,11,42347,1653,24,66,88.5
2024-10,west,NOV,2025,NOV-PR,3.5 가솔린,FWD,샌드 베이지,11,11,42347,1653,24,66,88.5
2024-10,west,NOV,2025,NOV-PR,1.6T 하이브리드,AWD,스노우 화이트,17,17,64834,2530,37,66,88.5
2024-10,west,NOV,2025,NOV-PR,1.6T 하이브리드,AWD,미드나잇 블랙,13,13,51327,2003,29,66,88.5
2024-10,west,NOV,2025,NOV-PR,1.6T 하이브리드,AWD,스틸 그레이,11,11,43222,1687,25,66,88.5
2024-10,west,NOV,2025,NOV-PR,1.6T 하이브리드,AWD,실버,9,9,35118,1370,20,66,88.5
2024-10,west,NOV,2025,NOV-PR,1.6T 하이브리드,AWD,오션 블루,7,7,27014,1054,15,66,88.5
2024-10,west,NOV,2025,NOV-PR,1.6T 하이브리드,AWD,선셋 레드,6,6,21611,843,12,66,88.5
2024-10,west,NOV,2025,NOV-PR,1.6T 하이브리드,AWD,포레스트 그린,4,4,13507,527,8,66,88.5
2024-10,west,NOV,2025,NOV-PR,1.6T 하이브리드,AWD,샌드 베이지,4,4,13507,527,8,66,88.5
2024-10,west,NOV,2025,NOV-PR,1.6T 하이브리드,FWD,스노우 화이트,32,32,120405,4699,69,66,88.5
2024-10,west,NOV,2025,NOV-PR,1.6T 하이브리드,FWD,미드나잇 블랙,25,25,95321,3720,54,66,88.5
2024-10,west,NOV,2025,NOV-PR,1.6T 하이브리드,FWD,스틸 그레이,21,21,80270,3133,46,66,88.5
2024-10,west,NOV,2025,NOV-PR,1.6T 하이브리드,FWD,실버,17,17,65220,2545,37,66,88.5
2024-10,west,NOV,2025,NOV-PR,1.6T 하이브리드,FWD,오션 블루,13,13,50169,1958,29,66,88.5
2024-10,west,NOV,2025,NOV-PR,1.6T 하이브리드,FWD,선셋 레드,11,11,40135,1566,23,66,88.5
2024-10,west,NOV,2025,NOV-PR,1.6T 하이브리드,FWD,포레스트 그린,7,7,25084,979,14,66,88.5
2024-10,west,NOV,2025,NOV-PR,1.6T 하이브리드,FWD,샌드 베이지,7,7,25084,979,14,66,88.5
2024-10,west,NOV,2025,NOV-LO,3.5 가솔린,AWD,스노우 화이트,12,12,51044,8016,26,66,88.5
2024-10,west,NOV,2025,NOV-LO,3.5 가솔린,AWD,미드나잇 블랙,9,9,40410,6346,20,66,88.5
2024-10,west,NOV,2025,NOV-LO,3.5 가솔린,AWD,스틸 그레이,8,8,34029,5344,17,66,88.5
2024-10,west,NOV,2025,NOV-LO,3.5 가솔린,AWD,실버,6,6,27649,4342,14,66,88.5
2024-10,west,NOV,2025,NOV-LO,3.5 가솔린,AWD,오션 블루,5,5,21268,3340,11,66,88.5
2024-10,west,NOV,2025,NOV-LO,3.5 가솔린,AWD,선셋 레드,4,4,17015,2672,9,66,88.5
2024-10,west,NOV,2025,NOV-LO,3.5 가솔린,AWD,포레스트 그린,2,2,10634,1670,5,53,88.5
2024-10,west,NOV,2025,NOV-LO,3.5 가솔린,AWD,샌드 베이지,2,2,10634,1670,5,53,88.5
2024-10,west,NOV,2025,NOV-LO,3.5 가솔린,FWD,스노우 화이트,22,22,94795,14887,47,66,88.5
2024-10,west,NOV,2025,NOV-LO,3.5 가솔린,FWD,미드나잇 블랙,17,17,75046,11785,38,66,88.5
2024-10,west,NOV,2025,NOV-LO,3.5 가솔린,FWD,스틸 그레이,15,15,63197,9924,32,66,88.5
2024-10,west,NOV,2025,NOV-LO,3.5 가솔린,FWD,실버,12,12,51347,8064,26,66,88.5
2024-10,west,NOV,2025,NOV-LO,3.5 가솔린,FWD,오션 블루,9,9,39498,6203,20,66,88.5
2024-10,west,NOV,2025,NOV-LO,3.5 가솔린,FWD,선셋 레드,7,7,31598,4962,16,66,88.5
2024-10,west,NOV,2025,NOV-LO,3.5 가솔린,FWD,포레스트 그린,5,5,19749,3101,10,66,88.5
2024-10,west,NOV,2025,NOV-LO,3.5 가솔린,FWD,샌드 베이지,5,5,19749,3101,10,66,88.5
2024-10,west,NOV,2025,NOV-LO,1.6T 하이브리드,AWD,스노우 화이트,7,7,30236,4748,15,66,88.5
2024-10,west,NOV,2025,NOV-LO,1.6T 하이브리드,AWD,미드나잇 블랙,6,5,23937,3759,12,66,88.5
2024-10,west,NOV,2025,NOV-LO,1.6T 하이브리드,AWD,스틸 그레이,5,5,20157,3166,10,66,88.5
2024-10,west,NOV,2025,NOV-LO,1.6T 하이브리드,AWD,실버,4,4,16378,2572,8,66,88.5
2024-10,west,NOV,2025,NOV-LO,1.6T 하이브리드,AWD,오션 블루,3,3,12598,1978,6,63,88.5
2024-10,west,NOV,2025,NOV-LO,1.6T 하이브리드,AWD,선셋 레드,2,2,10079,1583,5,50,88.5
2024-10,west,NOV,2025,NOV-LO,1.6T 하이브리드,AWD,포레스트 그린,1,1,6299,989,3,32,88.5
2024-10,west,NOV,2025,NOV-LO,1.6T 하이브리드,AWD,샌드 베이지,1,1,6299,989,3,32,88.5
2024-10,west,NOV,2025,NOV-LO,1.6T 하이브리드,FWD,스노우 화이트,13,13,56153,8818,28,66,88.5
2024-10,west,NOV,2025,NOV-LO,1.6T 하이브리드,FWD,미드나잇 블랙,10,10,44454,6981,22,66,88.5
2024-10,west,NOV,2025,NOV-LO,1.6T 하이브리드,FWD,스틸 그레이,9,9,37435,5879,19,66,88.5
2024-10,west,NOV,2025,NOV-LO,1.6T 하이브리드,FWD,실버,7,7,30416,4777,15,66,88.5
2024-10,west,NOV,2025,NOV-LO,1.6T 하이브리드,FWD,오션 블루,5,5,23397,3674,12,66,88.5
2024-10,west,NOV,2025,NOV-LO,1.6T 하이브리드,FWD,선셋 레드,4,4,18718,2939,9,66,88.5
2024-10,west,NOV,2025,NOV-LO,1.6T 하이브리드,FWD,포레스트 그린,3,3,11698,1837,6,59,88.5
2024-10,west,NOV,2025,NOV-LO,1.6T 하이브리드,FWD,샌드 베이지,3,3,11698,1837,6,59,88.5
2024-10,central,NOV,2024,NOV-CO,3.5 가솔린,AWD,스노우 화이트,10,10,35210,-1568,22,66,88.5
2024-10,central,NOV,2024,NOV-CO,3.5 가솔린,AWD,미드나잇 블랙,8,8,27874,-1241,17,66,88.5
2024-10,central,NOV,2024,NOV-CO,3.5 가솔린,AWD,스틸 그레이,7,7,23473,-1045,15,66,88.5
2024-10,central,NOV,2024,NOV-CO,3.5 가솔린,AWD,실버,5,5,19072,-849,12,66,88.5
2024-10,central,NOV,2024,NOV-CO,3.5 가솔린,AWD,오션 블루,4,4,14671,-653,9,66,88.5
2024-10,central,NOV,2024,NOV-CO,3.5 가솔린,AWD,선셋 레드,3,3,11737,-523,7,66,88.5
2024-10,central,NOV,2024,NOV-CO,3.5 가솔린,AWD,포레스트 그린,2,2,7335,-327,5,45,88.5
2024-10,central,NOV,2024,NOV-CO,3.5 가솔린,AWD,샌드 베이지,2,2,7335,-327,5,45,88.5
2024-10,central,NOV,2024,NOV-CO,3.5 가솔린,FWD,스노우 화이트,15,15,52268,-2328,32,66,88.5
2024-10,central,NOV,2024,NOV-CO,3.5 가솔린,FWD,미드나잇 블랙,12,12,41379,-1843,26,66,88.5
2024-10,central,NOV,2024,NOV-CO,3.5 가솔린,FWD,스틸 그레이,10,10,34845,-1552,22,66,88.5
2024-10,central,NOV,2024,NOV-CO,3.5 가솔린,FWD,실버,8,8,28312,-1261,18,66,88.5
2024-10,central,NOV,2024,NOV-CO,3.5 가솔린,FWD,오션 블루,6,6,21778,-970,13,66,88.5
2024-10,central,NOV,2024,NOV-CO,3.5 가솔린,FWD,선셋 레드,5,5,17423,-776,11,66,88.5
2024-10,central,NOV,2024,NOV-CO,3.5 가솔린,FWD,포레스트 그린,3,3,10889,-485,7,66,88.5
2024-10,central,NOV,2024,NOV-CO,3.5 가솔린,FWD,샌드 베이지,3,3,10889,-485,7,66,88.5
2024-10,central,NOV,2024,NOV-CO,1.6T 하이브리드,AWD,스노우 화이트,6,6,20857,-929,13,66,88.5
2024-10,central,NOV,2024,NOV-CO,1.6T 하이브리드,AWD,미드나잇 블랙,5,5,16512,-735,10,66,88.5
2024-10,central,NOV,2024,NOV-CO,1.6T 하이브리드,AWD,스틸 그레이,4,4,13905,-619,9,66,88.5
2024-10,central,NOV,2024,NOV-CO,1.6T 하이브리드,AWD,실버,3,3,11297,-503,7,66,88.5
2024-10,central,NOV,2024,NOV-CO,1.6T 하이브리드,AWD,오션 블루,2,2,8690,-387,5,54,88.5
2024-10,central,NOV,2024,NOV-CO,1.6T 하이브리드,AWD,선셋 레드,2,2,6952,-310,4,43,88.5
2024-10,central,NOV,2024,NOV-CO,1.6T 하이브리드,AWD,포레스트 그린,1,1,4345,-194,3,27,88.5
2024-10,central,NOV,2024,NOV-CO,1.6T 하이브리드,AWD,샌드 베이지,1,1,4345,-194,3,27,88.5
2024-10,central,NOV,2024,NOV-CO,1.6T 하이브리드,FWD,스노우 화이트,9,9,30961,-1379,19,66,88.5
2024-10,central,NOV,2024,NOV-CO,1.6T 하이브리드,FWD,미드나잇 블랙,7,7,24511,-1092,15,66,88.5
2024-10,central,NOV,2024,NOV-CO,1.6T 하이브리드,FWD,스틸 그레이,6,6,20641,-919,13,66,88.5
2024-10,central,NOV,2024,NOV-CO,1.6T 하이브리드,FWD,실버,5,5,16771,-747,10,66,88.5
2024-10,central,NOV,2024,NOV-CO,1.6T 하이브리드,FWD,오션 블루,4,4,12901,-575,8,66,88.5
2024-10,central,NOV,2024,NOV-CO,1.6T 하이브리드,FWD,선셋 레드,3,3,10320,-460,6,64,88.5
2024-10,central,NOV,2024,NOV-CO,1.6T 하이브리드,FWD,포레스트 그린,2,2,6450,-287,4,40,88.5
2024-10,central,NOV,2024,NOV-CO,1.6T 하이브리드,FWD,샌드 베이지,2,2,6450,-287,4,40,88.5
2024-10,central,NOV,2024,NOV-PR,3.5 가솔린,AWD,스노우 화이트,12,12,44314,1729,25,66,88.5
2024-10,central,NOV,2024,NOV-PR,3.5 가솔린,AWD,미드나잇 블랙,9,9,35082,1369,20,66,88.5
2024-10,central,NOV,2024,NOV-PR,3.5 가솔린,AWD,스틸 그레이,8,8,29543,1153,17,66,88.5
2024-10,central,NOV,2024,NOV-PR,3.5 가솔린,AWD,실버,6,6,24004,937,14,66,88.5
2024-10,central,NOV,2024,NOV-PR,3.5 가솔린,AWD,오션 블루,5,5,18464,721,11,66,88.5
2024-10,central,NOV,2024,NOV-PR,3.5 가솔린,AWD,선셋 레드,4,4,14771,576,8,66,88.5
2024-10,central,NOV,2024,NOV-PR,3.5 가솔린,AWD,포레스트 그린,2,2,9232,360,5,53,88.5
2024-10,central,NOV,2024,NOV-PR,3.5 가솔린,AWD,샌드 베이지,2,2,9232,360,5,53,88.5
2024-10,central,NOV,2024,NOV-PR,3.5 가솔린,FWD,스노우 화이트,17,17,65784,2567,38,66,88.5
2024-10,central,NOV,2024,NOV-PR,3.5 가솔린,FWD,미드나잇 블랙,14,14,52079,2032,30,66,88.5
2024-10,central,NOV,2024,NOV-PR,3.5 가솔린,FWD,스틸 그레이,12,11,43856,1711,25,66,88.5
2024-10,central,NOV,2024,NOV-PR,3.5 가솔린,FWD,실버,9,9,35633,1391,20,66,88.5
2024-10,central,NOV,2024,NOV-PR,3.5 가솔린,FWD,오션 블루,7,7,27410,1070,16,66,88.5
2024-10,central,NOV,2024,NOV-PR,3.5 가솔린,FWD,선셋 레드,6,6,21928,856,13,66,88.5
2024-10,central,NOV,2024,NOV-PR,3.5 가솔린,FWD,포레스트 그린,4,4,13705,535,8,66,88.5
2024-10,central,NOV,2024,NOV-PR,3.5 가솔린,FWD,샌드 베이지,4,4,13705,535,8,66,88.5
2024-10,central,NOV,2024,NOV-PR,1.6T 하이브리드,AWD,스노우 화이트,7,7,26250,1024,15,66,88.5
2024-10,central,NOV,2024,NOV-PR,1.6T 하이브리드,AWD,미드나잇 블랙,5,5,20781,811,12,66,88.5
2024-10,central,NOV,2024,NOV-PR,1.6T 하이브리드,AWD,스틸 그레이,5,5,17500,683,10,66,88.5
2024-10,central,NOV,2024,NOV-PR,1.6T 하이브리드,AWD,실버,4,4,14219,555,8,66,88.5
2024-10,central,NOV,2024,NOV-PR,1.6T 하이브리드,AWD,오션 블루,3,3,10937,427,6,62,88.5
2024-10,central,NOV,2024,NOV-PR,1.6T 하이브리드,AWD,선셋 레드,2,2,8750,341,5,50,88.5
2024-10,central,NOV,2024,NOV-PR,1.6T 하이브리드,AWD,포레스트 그린,1,1,5469,213,3,31,88.5
2024-10,central,NOV,2024,NOV-PR,1.6T 하이브리드,AWD,샌드 베이지,1,1,5469,213,3,31,88.5
2024-10,central,NOV,2024,NOV-PR,1.6T 하이브리드,FWD,스노우 화이트,10,10,38967,1521,22,66,88.5
2024-10,central,NOV,2024,NOV-PR,1.6T 하이브리드,FWD,미드나잇 블랙,8,8,30849,1204,18,66,88.5
2024-10,central,NOV,2024,NOV-PR,1.6T 하이브리드,FWD,스틸 그레이,7,7,25978,1014,15,66,88.5
2024-10,central,NOV,2024,NOV-PR,1.6T 하이브리드,FWD,실버,6,6,21107,824,12,66,88.5
2024-10,central,NOV,2024,NOV-PR,1.6T 하이브리드,FWD,오션 블루,4,4,16236,634,9,66,88.5
2024-10,central,NOV,2024,NOV-PR,1.6T 하이브리드,FWD,선셋 레드,3,3,12989,507,7,66,88.5
2024-10,central,NOV,2024,NOV-PR,1.6T 하이브리드,FWD,포레스트 그린,2,2,8118,317,5,46,88.5
2024-10,central,NOV,2024,NOV-PR,1.6T 하이브리드,FWD,샌드 베이지,2,2,8118,317,5,46,88.5
2024-10,central,NOV,2024,NOV-LO,3.5 가솔린,AWD,스노우 화이트,5,5,20667,3245,10,66,88.5
2024-10,central,NOV,2024,NOV-LO,3.5 가솔린,AWD,미드나잇 블랙,4,4,16361,2569,8,66,88.5
2024-10,central,NOV,2024,NOV-LO,3.5 가솔린,AWD,스틸 그레이,3,3,13778,2164,7,66,88.5
2024-10,central,NOV,2024,NOV-LO,3.5 가솔린,AWD,실버,3,3,11194,1758,6,56,88.5
2024-10,central,NOV,2024,NOV-LO,3.5 가솔린,AWD,오션 블루,2,2,8611,1352,4,43,88.5
2024-10,central,NOV,2024,NOV-LO,3.5 가솔린,AWD,선셋 레드,2,2,6889,1082,3,34,88.5
2024-10,central,NOV,2024,NOV-LO,3.5 가솔린,AWD,포레스트 그린,1,1,4306,676,2,22,88.5
2024-10,central,NOV,2024,NOV-LO,3.5 가솔린,AWD,샌드 베이지,1,1,4306,676,2,22,88.5
2024-10,central,NOV,2024,NOV-LO,3.5 가솔린,FWD,스노우 화이트,7,7,30679,4818,15,66,88.5
2024-10,central,NOV,2024,NOV-LO,3.5 가솔린,FWD,미드나잇 블랙,6,6,24288,3814,12,66,88.5
2024-10,central,NOV,2024,NOV-LO,3.5 가솔린,FWD,스틸 그레이,5,5,20453,3212,10,66,88.5
2024-10,central,NOV,2024,NOV-LO,3.5 가솔린,FWD,실버,4,4,16618,2610,8,66,88.5
2024-10,central,NOV,2024,NOV-LO,3.5 가솔린,FWD,오션 블루,3,3,12783,2007,6,64,88.5
2024-10,central,NOV,2024,NOV-LO,3.5 가솔린,FWD,선셋 레드,2,2,10226,1606,5,51,88.5
2024-10,central,NOV,2024,NOV-LO,3.5 가솔린,FWD,포레스트 그린,1,1,6391,1004,3,32,88.5
2024-10,central,NOV,2024,NOV-LO,3.5 가솔린,FWD,샌드 베이지,1,1,6391,1004,3,32,88.5
2024-10,central,NOV,2024,NOV-LO,1.6T 하이브리드,AWD,스노우 화이트,3,3,12242,1922,6,61,88.5
2024-10,central,NOV,2024,NOV-LO,1.6T 하이브리드,AWD,미드나잇 블랙,2,2,9692,1522,5,48,88.5
2024-10,central,NOV,2024,NOV-LO,1.6T 하이브리드,AWD,스틸 그레이,2,2,8161,1282,4,41,88.5
2024-10,central,NOV,2024,NOV-LO,1.6T 하이브리드,AWD,실버,2,2,6631,1041,3,33,88.5
2024-10,central,NOV,2024,NOV-LO,1.6T 하이브리드,AWD,오션 블루,1,1,5101,801,3,26,88.5
2024-10,central,NOV,2024,NOV-LO,1.6T 하이브리드,AWD,선셋 레드,1,1,4081,641,2,20,88.5
2024-10,central,NOV,2024,NOV-LO,1.6T 하이브리드,AWD,포레스트 그린,1,1,2550,401,1,13,88.5
2024-10,central,NOV,2024,NOV-LO,1.6T 하이브리드,AWD,샌드 베이지,1,1,2550,401,1,13,88.5
2024-10,central,NOV,2024,NOV-LO,1.6T 하이브리드,FWD,스노우 화이트,4,4,18173,2854,9,66,88.5
2024-10,central,NOV,2024,NOV-LO,1.6T 하이브리드,FWD,미드나잇 블랙,3,3,14387,2259,7,66,88.5
2024-10,central,NOV,2024,NOV-LO,1.6T 하이브리드,FWD,스틸 그레이,3,3,12115,1903,6,61,88.5
2024-10,central,NOV,2024,NOV-LO,1.6T 하이브리드,FWD,실버,2,2,9844,1546,5,49,88.5
2024-10,central,NOV,2024,NOV-LO,1.6T 하이브리드,FWD,오션 블루,2,2,7572,1189,4,38,88.5
2024-10,central,NOV,2024,NOV-LO,1.6T 하이브리드,FWD,선셋 레드,1,1,6058,951,3,30,88.5
2024-10,central,NOV,2024,NOV-LO,1.6T 하이브리드,FWD,포레스트 그린,1,1,3786,595,2,19,88.5
2024-10,central,NOV,2024,NOV-LO,1.6T 하이브리드,FWD,샌드 베이지,1,1,3786,595,2,19,88.5
2024-10,central,NOV,2025,NOV-CO,3.5 가솔린,AWD,스노우 화이트,19,19,65390,-2912,41,66,88.5
2024-10,central,NOV,2025,NOV-CO,3.5 가솔린,AWD,미드나잇 블랙,15,15,51767,-2306,32,66,88.5
2024-10,central,NOV,2025,NOV-CO,3.5 가솔린,AWD,스틸 그레이,12,12,43593,-1942,27,66,88.5
2024-10,central,NOV,2025,NOV-CO,3.5 가솔린,AWD,실버,10,10,35419,-1578,22,66,88.5
2024-10,central,NOV,2025,NOV-CO,3.5 가솔린,AWD,오션 블루,8,8,27246,-1213,17,66,88.5
2024-10,central,NOV,2025,NOV-CO,3.5 가솔린,AWD,선셋 레드,6,6,21797,-971,14,66,88.5
2024-10,central,NOV,2025,NOV-CO,3.5 가솔린,AWD,포레스트 그린,4,4,13623,-607,8,66,88.5
2024-10,central,NOV,2025,NOV-CO,3.5 가솔린,AWD,샌드 베이지,4,4,13623,-607,8,66,88.5
2024-10,central,NOV,2025,NOV-CO,3.5 가솔린,FWD,스노우 화이트,28,28,97069,-4323,60,66,88.5
2024-10,central,NOV,2025,NOV-CO,3.5 가솔린,FWD,미드나잇 블랙,22,22,76846,-3423,48,66,88.5
2024-10,central,NOV,2025,NOV-CO,3.5 가솔린,FWD,스틸 그레이,18,18,64713,-2882,40,66,88.5
2024-10,central,NOV,2025,NOV-CO,3.5 가솔린,FWD,실버,15,15,52579,-2342,33,66,88.5
2024-10,central,NOV,2025,NOV-CO,3.5 가솔린,FWD,오션 블루,12,12,40445,-1801,25,66,88.5
2024-10,central,NOV,2025,NOV-CO,3.5 가솔린,FWD,선셋 레드,9,9,32356,-1441,20,66,88.5
2024-10,central,NOV,2025,NOV-CO,3.5 가솔린,FWD,포레스트 그린,6,6,20223,-901,13,66,88.5
2024-10,central,NOV,2025,NOV-CO,3.5 가솔린,FWD,샌드 베이지,6,6,20223,-901,13,66,88.5
2024-10,central,NOV,2025,NOV-CO,1.6T 하이브리드,AWD,스노우 화이트,11,11,38734,-1725,24,66,88.5
2024-10,central,NOV,2025,NOV-CO,1.6T 하이브리드,AWD,미드나잇 블랙,9,9,30664,-1366,19,66,88.5
2024-10,central,NOV,2025,NOV-CO,1.6T 하이브리드,AWD,스틸 그레이,7,7,25823,-1150,16,66,88.5
2024-10,central,NOV,2025,NOV-CO,1.6T 하이브리드,AWD,실버,6,6,20981,-934,13,66,88.5
2024-10,central,NOV,2025,NOV-CO,1.6T 하이브리드,AWD,오션 블루,5,5,16139,-719,10,66,88.5
2024-10,central,NOV,2025,NOV-CO,1.6T 하이브리드,AWD,선셋 레드,4,4,12911,-575,8,66,88.5
2024-10,central,NOV,2025,NOV-CO,1.6T 하이브리드,AWD,포레스트 그린,2,2,8070,-359,5,50,88.5
2024-10,central,NOV,2025,NOV-CO,1.6T 하이브리드,AWD,샌드 베이지,2,2,8070,-359,5,50,88.5
2024-10,central,NOV,2025,NOV-CO,1.6T 하이브리드,FWD,스노우 화이트,16,16,57500,-2561,36,66,88.5
2024-10,central,NOV,2025,NOV-CO,1.6T 하이브리드,FWD,미드나잇 블랙,13,13,45520,-2027,28,66,88.5
2024-10,central,NOV,2025,NOV-CO,1.6T 하이브리드,FWD,스틸 그레이,11,11,38333,-1707,24,66,88.5
2024-10,central,NOV,2025,NOV-CO,1.6T 하이브리드,FWD,실버,9,9,31146,-1387,19,66,88.5
2024-10,central,NOV,2025,NOV-CO,1.6T 하이브리드,FWD,오션 블루,7,7,23958,-1067,15,66,88.5
2024-10,central,NOV,2025,NOV-CO,1.6T 하이브리드,FWD,선셋 레드,5,5,19167,-854,12,66,88.5
2024-10,central,NOV,2025,NOV-CO,1.6T 하이브리드,FWD,포레스트 그린,3,3,11979,-534,7,66,88.5
2024-10,central,NOV,2025,NOV-CO,1.6T 하이브리드,FWD,샌드 베이지,3,3,11979,-534,7,66,88.5
2024-10,central,NOV,2025,NOV-PR,3.5 가솔린,AWD,스노우 화이트,22,22,82298,3212,47,66,88.5
2024-10,central,NOV,2025,NOV-PR,3.5 가솔린,AWD,미드나잇 블랙,17,17,65153,2543,37,66,88.5
2024-10,central,NOV,2025,NOV-PR,3.5 가솔린,AWD,스틸 그레이,14,14,54865,2141,31,66,88.5
2024-10,central,NOV,2025,NOV-PR,3.5 가솔린,AWD,실버,12,12,44578,1740,25,66,88.5
2024-10,central,NOV,2025,NOV-PR,3.5 가솔린,AWD,오션 블루,9,9,34291,1338,20,66,88.5
2024-10,central,NOV,2025,NOV-PR,3.5 가솔린,AWD,선셋 레드,7,7,27433,1071,16,66,88.5
2024-10,central,NOV,2025,NOV-PR,3.5 가솔린,AWD,포레스트 그린,5,4,17145,669,10,66,88.5
2024-10,central,NOV,2025,NOV-PR,3.5 가솔린,AWD,샌드 베이지,5,4,17145,669,10,66,88.5
2024-10,central,NOV,2025,NOV-PR,3.5 가솔린,FWD,스노우 화이트,32,32,122169,4768,70,66,88.5
2024-10,central,NOV,2025,NOV-PR,3.5 가솔린,FWD,미드나잇 블랙,25,25,96717,3774,55,66,88.5
2024-10,central,NOV,2025,NOV-PR,3.5 가솔린,FWD,스틸 그레이,21,21,81446,3178,46,66,88.5
2024-10,central,NOV,2025,NOV-PR,3.5 가솔린,FWD,실버,17,17,66175,2582,38,66,88.5
2024-10,central,NOV,2025,NOV-PR,3.5 가솔린,FWD,오션 블루,13,13,50904,1987,29,66,88.5
2024-10,central,NOV,2025,NOV-PR,3.5 가솔린,FWD,선셋 레드,11,11,40723,1589,23,66,88.5
2024-10,central,NOV,2025,NOV-PR,3.5 가솔린,FWD,포레스트 그린,7,7,25452,993,15,66,88.5
2024-10,central,NOV,2025,NOV-PR,3.5 가솔린,FWD,샌드 베이지,7,7,25452,993,15,66,88.5
2024-10,central,NOV,2025,NOV-PR,1.6T 하이브리드,AWD,스노우 화이트,13,13,48750,1902,28,66,88.5
2024-10,central,NOV,2025,NOV-PR,1.6T 하이브리드,AWD,미드나잇 블랙,10,10,38594,1506,22,66,88.5
2024-10,central,NOV,2025,NOV-PR,1.6T 하이브리드,AWD,스틸 그레이,9,9,32500,1268,19,66,88.5
2024-10,central,NOV,2025,NOV-PR,1.6T 하이브리드,AWD,실버,7,7,26406,1031,15,66,88.5
2024-10,central,NOV,2025,NOV-PR,1.6T 하이브리드,AWD,오션 블루,5,5,20312,793,12,66,88.5
2024-10,central,NOV,2025,NOV-PR,1.6T 하이브리드,AWD,선셋 레드,4,4,16250,634,9,66,88.5
2024-10,central,NOV,2025,NOV-PR,1.6T 하이브리드,AWD,포레스트 그린,3,3,10156,396,6,58,88.5
2024-10,central,NOV,2025,NOV-PR,1.6T 하이브리드,AWD,샌드 베이지,3,3,10156,396,6,58,88.5
2024-10,central,NOV,2025,NOV-PR,1.6T 하이브리드,FWD,스노우 화이트,19,19,72368,2824,41,66,88.5
2024-10,central,NOV,2025,NOV-PR,1.6T 하이브리드,FWD,미드나잇 블랙,15,15,57291,2236,33,66,88.5
2024-10,central,NOV,2025,NOV-PR,1.6T 하이브리드,FWD,스틸 그레이,13,13,48245,1883,28,66,88.5
2024-10,central,NOV,2025,NOV-PR,1.6T 하이브리드,FWD,실버,10,10,39199,1530,22,66,88.5
2024-10,central,NOV,2025,NOV-PR,1.6T 하이브리드,FWD,오션 블루,8,8,30153,1177,17,66,88.5
2024-10,central,NOV,2025,NOV-PR,1.6T 하이브리드,FWD,선셋 레드,6,6,24123,941,14,66,88.5
2024-10,central,NOV,2025,NOV-PR,1.6T 하이브리드,FWD,포레스트 그린,4,4,15077,588,9,66,88.5
2024-10,central,NOV,2025,NOV-PR,1.6T 하이브리드,FWD,샌드 베이지,4,4,15077,588,9,66,88.5
2024-10,central,NOV,2025,NOV-LO,3.5 가솔린,AWD,스노우 화이트,9,9,38381,6027,19,66,88.5
2024-10,central,NOV,2025,NOV-LO,3.5 가솔린,AWD,미드나잇 블랙,7,7,30385,4772,15,66,88.5
2024-10,central,NOV,2025,NOV-LO,3.5 가솔린,AWD,스틸 그레이,6,6,25587,4018,13,66,88.5
2024-10,central,NOV,2025,NOV-LO,3.5 가솔린,AWD,실버,5,5,20790,3265,10,66,88.5
2024-10,central,NOV,2025,NOV-LO,3.5 가솔린,AWD,오션 블루,4,4,15992,2511,8,66,88.5
2024-10,central,NOV,2025,NOV-LO,3.5 가솔린,AWD,선셋 레드,3,3,12794,2009,6,64,88.5
2024-10,central,NOV,2025,NOV-LO,3.5 가솔린,AWD,포레스트 그린,2,2,7996,1256,4,40,88.5
2024-10,central,NOV,2025,NOV-LO,3.5 가솔린,AWD,샌드 베이지,2,2,7996,1256,4,40,88.5
2024-10,central,NOV,2025,NOV-LO,3.5 가솔린,FWD,스노우 화이트,13,13,56975,8947,29,66,88.5
2024-10,central,NOV,2025,NOV-LO,3.5 가솔린,FWD,미드나잇 블랙,10,10,45106,7083,23,66,88.5
2024-10,central,NOV,2025,NOV-LO,3.5 가솔린,FWD,스틸 그레이,9,9,37984,5965,19,66,88.5
2024-10,central,NOV,2025,NOV-LO,3.5 가솔린,FWD,실버,7,7,30862,4847,15,66,88.5
2024-10,central,NOV,2025,NOV-LO,3.5 가솔린,FWD,오션 블루,5,5,23740,3728,12,66,88.5
2024-10,central,NOV,2025,NOV-LO,3.5 가솔린,FWD,선셋 레드,4,4,18992,2982,10,66,88.5
2024-10,central,NOV,2025,NOV-LO,3.5 가솔린,FWD,포레스트 그린,3,3,11870,1864,6,59,88.5
2024-10,central,NOV,2025,NOV-LO,3.5 가솔린,FWD,샌드 베이지,3,3,11870,1864,6,59,88.5
2024-10,central,NOV,2025,NOV-LO,1.6T 하이브리드,AWD,스노우 화이트,5,5,22735,3570,11,66,88.5
2024-10,central,NOV,2025,NOV-LO,1.6T 하이브리드,AWD,미드나잇 블랙,4,4,17999,2827,9,66,88.5
2024-10,central,NOV,2025,NOV-LO,1.6T 하이브리드,AWD,스틸 그레이,3,3,15157,2380,8,66,88.5
2024-10,central,NOV,2025,NOV-LO,1.6T 하이브리드,AWD,실버,3,3,12315,1934,6,62,88.5
2024-10,central,NOV,2025,NOV-LO,1.6T 하이브리드,AWD,오션 블루,2,2,9473,1488,5,47,88.5
2024-10,central,NOV,2025,NOV-LO,1.6T 하이브리드,AWD,선셋 레드,2,2,7578,1190,4,38,88.5
2024-10,central,NOV,2025,NOV-LO,1.6T 하이브리드,AWD,포레스트 그린,1,1,4736,744,2,24,88.5
2024-10,central,NOV,2025,NOV-LO,1.6T 하이브리드,AWD,샌드 베이지,1,1,4736,744,2,24,88.5
2024-10,central,NOV,2025,NOV-LO,1.6T 하이브리드,FWD,스노우 화이트,8,8,33750,5300,17,66,88.5
2024-10,central,NOV,2025,NOV-LO,1.6T 하이브리드,FWD,미드나잇 블랙,6,6,26719,4196,13,66,88.5
2024-10,central,NOV,2025,NOV-LO,1.6T 하이브리드,FWD,스틸 그레이,5,5,22500,3533,11,66,88.5
2024-10,central,NOV,2025,NOV-LO,1.6T 하이브리드,FWD,실버,4,4,18281,2871,9,66,88.5
2024-10,central,NOV,2025,NOV-LO,1.6T 하이브리드,FWD,오션 블루,3,3,14062,2208,7,66,88.5
2024-10,central,NOV,2025,NOV-LO,1.6T 하이브리드,FWD,선셋 레드,3,3,11250,1767,6,56,88.5
2024-10,central,NOV,2025,NOV-LO,1.6T 하이브리드,FWD,포레스트 그린,2,2,7031,1104,4,35,88.5
2024-10,central,NOV,2025,NOV-LO,1.6T 하이브리드,FWD,샌드 베이지,2,2,7031,1104,4,35,88.5
2024-10,south,NOV,2024,NOV-CO,3.5 가솔린,AWD,스노우 화이트,8,8,28528,-1271,18,66,88.5
2024-10,south,NOV,2024,NOV-CO,3.5 가솔린,AWD,미드나잇 블랙,6,6,22585,-1006,14,66,88.5
2024-10,south,NOV,2024,NOV-CO,3.5 가솔린,AWD,스틸 그레이,5,5,19019,-847,12,66,88.5
2024-10,south,NOV,2024,NOV-CO,3.5 가솔린,AWD,실버,4,4,15453,-688,10,66,88.5
2024-10,south,NOV,2024,NOV-CO,3.5 가솔린,AWD,오션 블루,3,3,11887,-529,7,66,88.5
2024-10,south,NOV,2024,NOV-CO,3.5 가솔린,AWD,선셋 레드,3,3,9509,-424,6,59,88.5
2024-10,south,NOV,2024,NOV-CO,3.5 가솔린,AWD,포레스트 그린,2,2,5943,-265,4,37,88.5
2024-10,south,NOV,2024,NOV-CO,3.5 가솔린,AWD,샌드 베이지,2,2,5943,-265,4,37,88.5
2024-10,south,NOV,2024,NOV-CO,3.5 가솔린,FWD,스노우 화이트,24,24,84679,-3771,52,66,88.5
2024-10,south,NOV,2024,NOV-CO,3.5 가솔린,FWD,미드나잇 블랙,19,19,67037,-2986,42,66,88.5
2024-10,south,NOV,2024,NOV-CO,3.5 가솔린,FWD,스틸 그레이,16,16,56452,-2514,35,66,88.5
2024-10,south,NOV,2024,NOV-CO,3.5 가솔린,FWD,실버,13,13,45868,-2043,28,66,88.5
2024-10,south,NOV,2024,NOV-CO,3.5 가솔린,FWD,오션 블루,10,10,35283,-1571,22,66,88.5
2024-10,south,NOV,2024,NOV-CO,3.5 가솔린,FWD,선셋 레드,8,8,28226,-1257,17,66,88.5
2024-10,south,NOV,2024,NOV-CO,3.5 가솔린,FWD,포레스트 그린,5,5,17641,-786,11,66,88.5
2024-10,south,NOV,2024,NOV-CO,3.5 가솔린,FWD,샌드 베이지,5,5,17641,-786,11,66,88.5
2024-10,south,NOV,2024,NOV-CO,1.6T 하이브리드,AWD,스노우 화이트,5,5,16899,-753,10,66,88.5
2024-10,south,NOV,2024,NOV-CO,1.6T 하이브리드,AWD,미드나잇 블랙,4,4,13378,-596,8,66,88.5
2024-10,south,NOV,2024,NOV-CO,1.6T 하이브리드,AWD,스틸 그레이,3,3,11266,-502,7,66,88.5
2024-10,south,NOV,2024,NOV-CO,1.6T 하이브리드,AWD,실버,3,3,9154,-408,6,57,88.5
2024-10,south,NOV,2024,NOV-CO,1.6T 하이브리드,AWD,오션 블루,2,2,7041,-314,4,44,88.5
2024-10,south,NOV,2024,NOV-CO,1.6T 하이브리드,AWD,선셋 레드,2,2,5633,-251,3,35,88.5
2024-10,south,NOV,2024,NOV-CO,1.6T 하이브리드,AWD,포레스트 그린,1,1,3521,-157,2,22,88.5
2024-10,south,NOV,2024,NOV-CO,1.6T 하이브리드,AWD,샌드 베이지,1,1,3521,-157,2,22,88.5
2024-10,south,NOV,2024,NOV-CO,1.6T 하이브리드,FWD,스노우 화이트,14,14,50160,-2234,31,66,88.5
2024-10,south,NOV,2024,NOV-CO,1.6T 하이브리드,FWD,미드나잇 블랙,11,11,39710,-1769,25,66,88.5
2024-10,south,NOV,2024,NOV-CO,1.6T 하이브리드,FWD,스틸 그레이,10,10,33440,-1489,21,66,88.5
2024-10,south,NOV,2024,NOV-CO,1.6T 하이브리드,FWD,실버,8,8,27170,-1210,17,66,88.5
2024-10,south,NOV,2024,NOV-CO,1.6T 하이브리드,FWD,오션 블루,6,6,20900,-931,13,66,88.5
2024-10,south,NOV,2024,NOV-CO,1.6T 하이브리드,FWD,선셋 레드,5,5,16720,-745,10,66,88.5
2024-10,south,NOV,2024,NOV-CO,1.6T 하이브리드,FWD,포레스트 그린,3,3,10450,-465,6,65,88.5
2024-10,south,NOV,2024,NOV-CO,1.6T 하이브리드,FWD,샌드 베이지,3,3,10450,-465,6,65,88.5
2024-10,south,NOV,2024,NOV-PR,3.5 가솔린,AWD,스노우 화이트,9,9,35905,1401,20,66,88.5
2024-10,south,NOV,2024,NOV-PR,3.5 가솔린,AWD,미드나잇 블랙,7,7,28425,1109,16,66,88.5
2024-10,south,NOV,2024,NOV-PR,3.5 가솔린,AWD,스틸 그레이,6,6,23937,934,14,66,88.5
2024-10,south,NOV,2024,NOV-PR,3.5 가솔린,AWD,실버,5,5,19448,759,11,66,88.5
2024-10,south,NOV,2024,NOV-PR,3.5 가솔린,AWD,오션 블루,4,4,14960,584,9,66,88.5
2024-10,south,NOV,2024,NOV-PR,3.5 가솔린,AWD,선셋 레드,3,3,11968,467,7,66,88.5
2024-10,south,NOV,2024,NOV-PR,3.5 가솔린,AWD,포레스트 그린,2,2,7480,292,4,43,88.5
2024-10,south,NOV,2024,NOV-PR,3.5 가솔린,AWD,샌드 베이지,2,2,7480,292,4,43,88.5
2024-10,south,NOV,2024,NOV-PR,3.5 가솔린,FWD,스노우 화이트,28,28,106575,4159,61,66,88.5
2024-10,south,NOV,2024,NOV-PR,3.5 가솔린,FWD,미드나잇 블랙,22,22,84372,3293,48,66,88.5
2024-10,south,NOV,2024,NOV-PR,3.5 가솔린,FWD,스틸 그레이,19,19,71050,2773,41,66,88.5
2024-10,south,NOV,2024,NOV-PR,3.5 가솔린,FWD,실버,15,15,57728,2253,33,66,88.5
2024-10,south,NOV,2024,NOV-PR,3.5 가솔린,FWD,오션 블루,12,12,44406,1733,25,66,88.5
2024-10,south,NOV,2024,NOV-PR,3.5 가솔린,FWD,선셋 레드,9,9,35525,1386,20,66,88.5
2024-10,south,NOV,2024,NOV-PR,3.5 가솔린,FWD,포레스트 그린,6,6,22203,866,13,66,88.5
2024-10,south,NOV,2024,NOV-PR,3.5 가솔린,FWD,샌드 베이지,6,6,22203,866,13,66,88.5
2024-10,south,NOV,2024,NOV-PR,1.6T 하이브리드,AWD,스노우 화이트,6,6,21269,830,12,66,88.5
2024-10,south,NOV,2024,NOV-PR,1.6T 하이브리드,AWD,미드나잇 블랙,4,4,16838,657,10,66,88.5
2024-10,south,NOV,2024,NOV-PR,1.6T 하이브리드,AWD,스틸 그레이,4,4,14179,553,8,66,88.5
2024-10,south,NOV,2024,NOV-PR,1.6T 하이브리드,AWD,실버,3,3,11520,450,7,66,88.5
2024-10,south,NOV,2024,NOV-PR,1.6T 하이브리드,AWD,오션 블루,2,2,8862,346,5,51,88.5
2024-10,south,NOV,2024,NOV-PR,1.6T 하이브리드,AWD,선셋 레드,2,2,7090,277,4,40,88.5
2024-10,south,NOV,2024,NOV-PR,1.6T 하이브리드,AWD,포레스트 그린,1,1,4431,173,3,25,88.5
2024-10,south,NOV,2024,NOV-PR,1.6T 하이브리드,AWD,샌드 베이지,1,1,4431,173,3,25,88.5
2024-10,south,NOV,2024,NOV-PR,1.6T 하이브리드,FWD,스노우 화이트,17,17,63130,2464,36,66,88.5
2024-10,south,NOV,2024,NOV-PR,1.6T 하이브리드,FWD,미드나잇 블랙,13,13,49978,1950,29,66,88.5
2024-10,south,NOV,2024,NOV-PR,1.6T 하이브리드,FWD,스틸 그레이,11,11,42087,1642,24,66,88.5
2024-10,south,NOV,2024,NOV-PR,1.6T 하이브리드,FWD,실버,9,9,34196,1334,20,66,88.5
2024-10,south,NOV,2024,NOV-PR,1.6T 하이브리드,FWD,오션 블루,7,7,26304,1027,15,66,88.5
2024-10,south,NOV,2024,NOV-PR,1.6T 하이브리드,FWD,선셋 레드,6,6,21043,821,12,66,88.5
2024-10,south,NOV,2024,NOV-PR,1.6T 하이브리드,FWD,포레스트 그린,3,3,13152,513,8,66,88.5
2024-10,south,NOV,2024,NOV-PR,1.6T 하이브리드,FWD,샌드 베이지,3,3,13152,513,8,66,88.5
2024-10,south,NOV,2024,NOV-LO,3.5 가솔린,AWD,스노우 화이트,4,4,16745,2630,8,66,88.5
2024-10,south,NOV,2024,NOV-LO,3.5 가솔린,AWD,미드나잇 블랙,3,3,13256,2082,7,66,88.5
2024-10,south,NOV,2024,NOV-LO,3.5 가솔린,AWD,스틸 그레이,3,3,11163,1753,6,56,88.5
2024-10,south,NOV,2024,NOV-LO,3.5 가솔린,AWD,실버,2,2,9070,1424,5,45,88.5
2024-10,south,NOV,2024,NOV-LO,3.5 가솔린,AWD,오션 블루,2,2,6977,1096,3,35,88.5
2024-10,south,NOV,2024,NOV-LO,3.5 가솔린,AWD,선셋 레드,1,1,5582,877,3,28,88.5
2024-10,south,NOV,2024,NOV-LO,3.5 가솔린,AWD,포레스트 그린,1,1,3488,548,2,17,88.5
2024-10,south,NOV,2024,NOV-LO,3.5 가솔린,AWD,샌드 베이지,1,1,3488,548,2,17,88.5
2024-10,south,NOV,2024,NOV-LO,3.5 가솔린,FWD,스노우 화이트,11,11,49703,7805,25,66,88.5
2024-10,south,NOV,2024,NOV-LO,3.5 가솔린,FWD,미드나잇 블랙,9,9,39348,6179,20,66,88.5
2024-10,south,NOV,2024,NOV-LO,3.5 가솔린,FWD,스틸 그레이,8,8,33135,5204,17,66,88.5
2024-10,south,NOV,2024,NOV-LO,3.5 가솔린,FWD,실버,6,6,26922,4228,13,66,88.5
2024-10,south,NOV,2024,NOV-LO,3.5 가솔린,FWD,오션 블루,5,5,20709,3252,10,66,88.5
2024-10,south,NOV,2024,NOV-LO,3.5 가솔린,FWD,선셋 레드,4,4,16568,2602,8,66,88.5
2024-10,south,NOV,2024,NOV-LO,3.5 가솔린,FWD,포레스트 그린,2,2,10355,1626,5,52,88.5
2024-10,south,NOV,2024,NOV-LO,3.5 가솔린,FWD,샌드 베이지,2,2,10355,1626,5,52,88.5
2024-10,south,NOV,2024,NOV-LO,1.6T 하이브리드,AWD,스노우 화이트,2,2,9919,1558,5,50,88.5
2024-10,south,NOV,2024,NOV-LO,1.6T 하이브리드,AWD,미드나잇 블랙,2,2,7852,1233,4,39,88.5
2024-10,south,NOV,2024,NOV-LO,1.6T 하이브리드,AWD,스틸 그레이,2,2,6613,1038,3,33,88.5
2024-10,south,NOV,2024,NOV-LO,1.6T 하이브리드,AWD,실버,1,1,5373,844,3,27,88.5
2024-10,south,NOV,2024,NOV-LO,1.6T 하이브리드,AWD,오션 블루,1,1,4133,649,2,21,88.5
2024-10,south,NOV,2024,NOV-LO,1.6T 하이브리드,AWD,선셋 레드,1,1,3306,519,2,17,88.5
2024-10,south,NOV,2024,NOV-LO,1.6T 하이브리드,AWD,포레스트 그린,0,0,2066,325,1,10,88.5
2024-10,south,NOV,2024,NOV-LO,1.6T 하이브리드,AWD,샌드 베이지,0,0,2066,325,1,10,88.5
2024-10,south,NOV,2024,NOV-LO,1.6T 하이브리드,FWD,스노우 화이트,7,7,29442,4624,15,66,88.5
2024-10,south,NOV,2024,NOV-LO,1.6T 하이브리드,FWD,미드나잇 블랙,5,5,23308,3660,12,66,88.5
2024-10,south,NOV,2024,NOV-LO,1.6T 하이브리드,FWD,스틸 그레이,5,5,19628,3082,10,66,88.5
2024-10,south,NOV,2024,NOV-LO,1.6T 하이브리드,FWD,실버,4,4,15948,2504,8,66,88.5
2024-10,south,NOV,2024,NOV-LO,1.6T 하이브리드,FWD,오션 블루,3,3,12267,1926,6,61,88.5
2024-10,south,NOV,2024,NOV-LO,1.6T 하이브리드,FWD,선셋 레드,2,2,9814,1541,5,49,88.5
2024-10,south,NOV,2024,NOV-LO,1.6T 하이브리드,FWD,포레스트 그린,1,1,6134,963,3,31,88.5
2024-10,south,NOV,2024,NOV-LO,1.6T 하이브리드,FWD,샌드 베이지,1,1,6134,963,3,31,88.5
2024-10,south,NOV,2025,NOV-CO,3.5 가솔린,AWD,스노우 화이트,15,15,52981,-2360,33,66,88.5
2024-10,south,NOV,2025,NOV-CO,3.5 가솔린,AWD,미드나잇 블랙,12,12,41943,-1868,26,66,88.5
2024-10,south,NOV,2025,NOV-CO,3.5 가솔린,AWD,스틸 그레이,10,10,35320,-1573,22,66,88.5
2024-10,south,NOV,2025,NOV-CO,3.5 가솔린,AWD,실버,8,8,28698,-1278,18,66,88.5
2024-10,south,NOV,2025,NOV-CO,3.5 가솔린,AWD,오션 블루,6,6,22075,-983,14,66,88.5
2024-10,south,NOV,2025,NOV-CO,3.5 가솔린,AWD,선셋 레드,5,5,17660,-787,11,66,88.5
2024-10,south,NOV,2025,NOV-CO,3.5 가솔린,AWD,포레스트 그린,3,3,11038,-492,7,66,88.5
2024-10,south,NOV,2025,NOV-CO,3.5 가솔린,AWD,샌드 베이지,3,3,11038,-492,7,66,88.5
2024-10,south,NOV,2025,NOV-CO,3.5 가솔린,FWD,스노우 화이트,45,45,157260,-7004,97,66,88.5
2024-10,south,NOV,2025,NOV-CO,3.5 가솔린,FWD,미드나잇 블랙,36,35,124498,-5545,77,66,88.5
2024-10,south,NOV,2025,NOV-CO,3.5 가솔린,FWD,스틸 그레이,30,30,104840,-4669,65,66,88.5
2024-10,south,NOV,2025,NOV-CO,3.5 가솔린,FWD,실버,24,24,85183,-3794,53,66,88.5
2024-10,south,NOV,2025,NOV-CO,3.5 가솔린,FWD,오션 블루,19,19,65525,-2918,41,66,88.5
2024-10,south,NOV,2025,NOV-CO,3.5 가솔린,FWD,선셋 레드,15,15,52420,-2335,32,66,88.5
2024-10,south,NOV,2025,NOV-CO,3.5 가솔린,FWD,포레스트 그린,9,9,32763,-1459,20,66,88.5
2024-10,south,NOV,2025,NOV-CO,3.5 가솔린,FWD,샌드 베이지,9,9,32763,-1459,20,66,88.5
2024-10,south,NOV,2025,NOV-CO,1.6T 하이브리드,AWD,스노우 화이트,9,9,31383,-1398,19,66,88.5
2024-10,south,NOV,2025,NOV-CO,1.6T 하이브리드,AWD,미드나잇 블랙,7,7,24845,-1107,15,66,88.5
2024-10,south,NOV,2025,NOV-CO,1.6T 하이브리드,AWD,스틸 그레이,6,6,20922,-932,13,66,88.5
2024-10,south,NOV,2025,NOV-CO,1.6T 하이브리드,AWD,실버,5,5,16999,-757,11,66,88.5
2024-10,south,NOV,2025,NOV-CO,1.6T 하이브리드,AWD,오션 블루,4,4,13076,-582,8,66,88.5
2024-10,south,NOV,2025,NOV-CO,1.6T 하이브리드,AWD,선셋 레드,3,3,10461,-466,6,65,88.5
2024-10,south,NOV,2025,NOV-CO,1.6T 하이브리드,AWD,포레스트 그린,2,2,6538,-291,4,41,88.5
2024-10,south,NOV,2025,NOV-CO,1.6T 하이브리드,AWD,샌드 베이지,2,2,6538,-291,4,41,88.5
2024-10,south,NOV,2025,NOV-CO,1.6T 하이브리드,FWD,스노우 화이트,27,27,93154,-4149,58,66,88.5
2024-10,south,NOV,2025,NOV-CO,1.6T 하이브리드,FWD,미드나잇 블랙,21,21,73747,-3285,46,66,88.5
2024-10,south,NOV,2025,NOV-CO,1.6T 하이브리드,FWD,스틸 그레이,18,18,62103,-2766,38,66,88.5
2024-10,south,NOV,2025,NOV-CO,1.6T 하이브리드,FWD,실버,14,14,50458,-2247,31,66,88.5
2024-10,south,NOV,2025,NOV-CO,1.6T 하이브리드,FWD,오션 블루,11,11,38814,-1729,24,66,88.5
2024-10,south,NOV,2025,NOV-CO,1.6T 하이브리드,FWD,선셋 레드,9,9,31051,-1383,19,66,88.5
2024-10,south,NOV,2025,NOV-CO,1.6T 하이브리드,FWD,포레스트 그린,6,6,19407,-864,12,66,88.5
2024-10,south,NOV,2025,NOV-CO,1.6T 하이브리드,FWD,샌드 베이지,6,6,19407,-864,12,66,88.5
2024-10,south,NOV,2025,NOV-PR,3.5 가솔린,AWD,스노우 화이트,18,17,66681,2602,38,66,88.5
2024-10,south,NOV,2025,NOV-PR,3.5 가솔린,AWD,미드나잇 블랙,14,14,52789,2060,30,66,88.5
2024-10,south,NOV,2025,NOV-PR,3.5 가솔린,AWD,스틸 그레이,12,12,44454,1735,25,66,88.5
2024-10,south,NOV,2025,NOV-PR,3.5 가솔린,AWD,실버,9,9,36119,1410,21,66,88.5
2024-10,south,NOV,2025,NOV-PR,3.5 가솔린,AWD,오션 블루,7,7,27784,1084,16,66,88.5
2024-10,south,NOV,2025,NOV-PR,3.5 가솔린,AWD,선셋 레드,6,6,22227,867,13,66,88.5
2024-10,south,NOV,2025,NOV-PR,3.5 가솔린,AWD,포레스트 그린,4,4,13892,542,8,66,88.5
2024-10,south,NOV,2025,NOV-PR,3.5 가솔린,AWD,샌드 베이지,4,4,13892,542,8,66,88.5
2024-10,south,NOV,2025,NOV-PR,3.5 가솔린,FWD,스노우 화이트,52,52,197925,7724,113,66,88.5
2024-10,south,NOV,2025,NOV-PR,3.5 가솔린,FWD,미드나잇 블랙,41,41,156690,6115,89,66,88.5
2024-10,south,NOV,2025,NOV-PR,3.5 가솔린,FWD,스틸 그레이,35,35,131950,5149,75,66,88.5
2024-10,south,NOV,2025,NOV-PR,3.5 가솔린,FWD,실버,28,28,107209,4184,61,66,88.5
2024-10,south,NOV,2025,NOV-PR,3.5 가솔린,FWD,오션 블루,22,22,82469,3218,47,66,88.5
2024-10,south,NOV,2025,NOV-PR,3.5 가솔린,FWD,선셋 레드,17,17,65975,2575,38,66,88.5
2024-10,south,NOV,2025,NOV-PR,3.5 가솔린,FWD,포레스트 그린,11,11,41234,1609,24,66,88.5
2024-10,south,NOV,2025,NOV-PR,3.5 가솔린,FWD,샌드 베이지,11,11,41234,1609,24,66,88.5
2024-10,south,NOV,2025,NOV-PR,1.6T 하이브리드,AWD,스노우 화이트,10,10,39499,1541,23,66,88.5
2024-10,south,NOV,2025,NOV-PR,1.6T 하이브리드,AWD,미드나잇 블랙,8,8,31270,1220,18,66,88.5
2024-10,south,NOV,2025,NOV-PR,1.6T 하이브리드,AWD,스틸 그레이,7,7,26332,1028,15,66,88.5
2024-10,south,NOV,2025,NOV-PR,1.6T 하이브리드,AWD,실버,6,6,21395,835,12,66,88.5
2024-10,south,NOV,2025,NOV-PR,1.6T 하이브리드,AWD,오션 블루,4,4,16458,642,9,66,88.5
2024-10,south,NOV,2025,NOV-PR,1.6T 하이브리드,AWD,선셋 레드,3,3,13166,514,8,66,88.5
2024-10,south,NOV,2025,NOV-PR,1.6T 하이브리드,AWD,포레스트 그린,2,2,8229,321,5,47,88.5
2024-10,south,NOV,2025,NOV-PR,1.6T 하이브리드,AWD,샌드 베이지,2,2,8229,321,5,47,88.5
2024-10,south,NOV,2025,NOV-PR,1.6T 하이브리드,FWD,스노우 화이트,31,31,117242,4575,67,66,88.5
2024-10,south,NOV,2025,NOV-PR,1.6T 하이브리드,FWD,미드나잇 블랙,24,24,92817,3622,53,66,88.5
2024-10,south,NOV,2025,NOV-PR,1.6T 하이브리드,FWD,스틸 그레이,21,20,78161,3050,45,66,88.5
2024-10,south,NOV,2025,NOV-PR,1.6T 하이브리드,FWD,실버,17,17,63506,2478,36,66,88.5
2024-10,south,NOV,2025,NOV-PR,1.6T 하이브리드,FWD,오션 블루,13,13,48851,1906,28,66,88.5
2024-10,south,NOV,2025,NOV-PR,1.6T 하이브리드,FWD,선셋 레드,10,10,39081,1525,22,66,88.5
2024-10,south,NOV,2025,NOV-PR,1.6T 하이브리드,FWD,포레스트 그린,6,6,24425,953,14,66,88.5
2024-10,south,NOV,2025,NOV-PR,1.6T 하이브리드,FWD,샌드 베이지,6,6,24425,953,14,66,88.5
2024-10,south,NOV,2025,NOV-LO,3.5 가솔린,AWD,스노우 화이트,7,7,31097,4884,16,66,88.5
2024-10,south,NOV,2025,NOV-LO,3.5 가솔린,AWD,미드나잇 블랙,6,6,24619,3866,12,66,88.5
2024-10,south,NOV,2025,NOV-LO,3.5 가솔린,AWD,스틸 그레이,5,5,20732,3256,10,66,88.5
2024-10,south,NOV,2025,NOV-LO,3.5 가솔린,AWD,실버,4,4,16844,2645,8,66,88.5
2024-10,south,NOV,2025,NOV-LO,3.5 가솔린,AWD,오션 블루,3,3,12957,2035,6,65,88.5
2024-10,south,NOV,2025,NOV-LO,3.5 가솔린,AWD,선셋 레드,2,2,10366,1628,5,52,88.5
2024-10,south,NOV,2025,NOV-LO,3.5 가솔린,AWD,포레스트 그린,1,1,6479,1017,3,32,88.5
2024-10,south,NOV,2025,NOV-LO,3.5 가솔린,AWD,샌드 베이지,1,1,6479,1017,3,32,88.5
2024-10,south,NOV,2025,NOV-LO,3.5 가솔린,FWD,스노우 화이트,21,21,92305,14496,46,66,88.5
2024-10,south,NOV,2025,NOV-LO,3.5 가솔린,FWD,미드나잇 블랙,17,17,73075,11476,37,66,88.5
2024-10,south,NOV,2025,NOV-LO,3.5 가솔린,FWD,스틸 그레이,14,14,61537,9664,31,66,88.5
2024-10,south,NOV,2025,NOV-LO,3.5 가솔린,FWD,실버,12,11,49998,7852,25,66,88.5
2024-10,south,NOV,2025,NOV-LO,3.5 가솔린,FWD,오션 블루,9,9,38460,6040,19,66,88.5
2024-10,south,NOV,2025,NOV-LO,3.5 가솔린,FWD,선셋 레드,7,7,30768,4832,15,66,88.5
2024-10,south,NOV,2025,NOV-LO,3.5 가솔린,FWD,포레스트 그린,4,4,19230,3020,10,66,88.5
2024-10,south,NOV,2025,NOV-LO,3.5 가솔린,FWD,샌드 베이지,4,4,19230,3020,10,66,88.5
2024-10,south,NOV,2025,NOV-LO,1.6T 하이브리드,AWD,스노우 화이트,4,4,18421,2893,9,66,88.5
2024-10,south,NOV,2025,NOV-LO,1.6T 하이브리드,AWD,미드나잇 블랙,3,3,14583,2290,7,66,88.5
2024-10,south,NOV,2025,NOV-LO,1.6T 하이브리드,AWD,스틸 그레이,3,3,12280,1929,6,61,88.5
2024-10,south,NOV,2025,NOV-LO,1.6T 하이브리드,AWD,실버,2,2,9978,1567,5,50,88.5
2024-10,south,NOV,2025,NOV-LO,1.6T 하이브리드,AWD,오션 블루,2,2,7675,1205,4,38,88.5
2024-10,south,NOV,2025,NOV-LO,1.6T 하이브리드,AWD,선셋 레드,1,1,6140,964,3,31,88.5
2024-10,south,NOV,2025,NOV-LO,1.6T 하이브리드,AWD,포레스트 그린,1,1,3838,603,2,19,88.5
2024-10,south,NOV,2025,NOV-LO,1.6T 하이브리드,AWD,샌드 베이지,1,1,3838,603,2,19,88.5
2024-10,south,NOV,2025,NOV-LO,1.6T 하이브리드,FWD,스노우 화이트,13,13,54677,8587,27,66,88.5
2024-10,south,NOV,2025,NOV-LO,1.6T 하이브리드,FWD,미드나잇 블랙,10,10,43286,6798,22,66,88.5
2024-10,south,NOV,2025,NOV-LO,1.6T 하이브리드,FWD,스틸 그레이,8,8,36452,5724,18,66,88.5
2024-10,south,NOV,2025,NOV-LO,1.6T 하이브리드,FWD,실버,7,7,29617,4651,15,66,88.5
2024-10,south,NOV,2025,NOV-LO,1.6T 하이브리드,FWD,오션 블루,5,5,22782,3578,11,66,88.5
2024-10,south,NOV,2025,NOV-LO,1.6T 하이브리드,FWD,선셋 레드,4,4,18226,2862,9,66,88.5
2024-10,south,NOV,2025,NOV-LO,1.6T 하이브리드,FWD,포레스트 그린,3,3,11391,1789,6,57,88.5
2024-10,south,NOV,2025,NOV-LO,1.6T 하이브리드,FWD,샌드 베이지,3,3,11391,1789,6,57,88.5
2024-10,northeast,NOV,2024,NOV-CO,3.5 가솔린,AWD,스노우 화이트,11,11,39802,-1773,25,66,88.5
2024-10,northeast,NOV,2024,NOV-CO,3.5 가솔린,AWD,미드나잇 블랙,9,9,31510,-1403,20,66,88.5
2024-10,northeast,NOV,2024,NOV-CO,3.5 가솔린,AWD,스틸 그레이,8,8,26535,-1182,16,66,88.5
2024-10,northeast,NOV,2024,NOV-CO,3.5 가솔린,AWD,실버,6,6,21560,-960,13,66,88.5
2024-10,northeast,NOV,2024,NOV-CO,3.5 가솔린,AWD,오션 블루,5,5,16584,-739,10,66,88.5
2024-10,northeast,NOV,2024,NOV-CO,3.5 가솔린,AWD,선셋 레드,4,4,13267,-591,8,66,88.5
2024-10,northeast,NOV,2024,NOV-CO,3.5 가솔린,AWD,포레스트 그린,2,2,8292,-369,5,51,88.5
2024-10,northeast,NOV,2024,NOV-CO,3.5 가솔린,AWD,샌드 베이지,2,2,8292,-369,5,51,88.5
2024-10,northeast,NOV,2024,NOV-CO,3.5 가솔린,FWD,스노우 화이트,14,14,47675,-2123,30,66,88.5
2024-10,northeast,NOV,2024,NOV-CO,3.5 가솔린,FWD,미드나잇 블랙,11,11,37743,-1681,23,66,88.5
2024-10,northeast,NOV,2024,NOV-CO,3.5 가솔린,FWD,스틸 그레이,9,9,31784,-1416,20,66,88.5
2024-10,northeast,NOV,2024,NOV-CO,3.5 가솔린,FWD,실버,7,7,25824,-1150,16,66,88.5
2024-10,northeast,NOV,2024,NOV-CO,3.5 가솔린,FWD,오션 블루,6,6,19865,-885,12,66,88.5
2024-10,northeast,NOV,2024,NOV-CO,3.5 가솔린,FWD,선셋 레드,5,5,15892,-708,10,66,88.5
2024-10,northeast,NOV,2024,NOV-CO,3.5 가솔린,FWD,포레스트 그린,3,3,9932,-442,6,62,88.5
2024-10,northeast,NOV,2024,NOV-CO,3.5 가솔린,FWD,샌드 베이지,3,3,9932,-442,6,62,88.5
2024-10,northeast,NOV,2024,NOV-CO,1.6T 하이브리드,AWD,스노우 화이트,7,7,23577,-1050,15,66,88.5
2024-10,northeast,NOV,2024,NOV-CO,1.6T 하이브리드,AWD,미드나잇 블랙,5,5,18665,-831,12,66,88.5
2024-10,northeast,NOV,2024,NOV-CO,1.6T 하이브리드,AWD,스틸 그레이,4,4,15718,-700,10,66,88.5
2024-10,northeast,NOV,2024,NOV-CO,1.6T 하이브리드,AWD,실버,4,4,12771,-569,8,66,88.5
2024-10,northeast,NOV,2024,NOV-CO,1.6T 하이브리드,AWD,오션 블루,3,3,9824,-438,6,61,88.5
2024-10,northeast,NOV,2024,NOV-CO,1.6T 하이브리드,AWD,선셋 레드,2,2,7859,-350,5,49,88.5
2024-10,northeast,NOV,2024,NOV-CO,1.6T 하이브리드,AWD,포레스트 그린,1,1,4912,-219,3,30,88.5
2024-10,northeast,NOV,2024,NOV-CO,1.6T 하이브리드,AWD,샌드 베이지,1,1,4912,-219,3,30,88.5
2024-10,northeast,NOV,2024,NOV-CO,1.6T 하이브리드,FWD,스노우 화이트,8,8,28241,-1258,18,66,88.5
2024-10,northeast,NOV,2024,NOV-CO,1.6T 하이브리드,FWD,미드나잇 블랙,6,6,22357,-996,14,66,88.5
2024-10,northeast,NOV,2024,NOV-CO,1.6T 하이브리드,FWD,스틸 그레이,5,5,18827,-839,12,66,88.5
2024-10,northeast,NOV,2024,NOV-CO,1.6T 하이브리드,FWD,실버,4,4,15297,-681,9,66,88.5
2024-10,northeast,NOV,2024,NOV-CO,1.6T 하이브리드,FWD,오션 블루,3,3,11767,-524,7,66,88.5
2024-10,northeast,NOV,2024,NOV-CO,1.6T 하이브리드,FWD,선셋 레드,3,3,9414,-419,6,58,88.5
2024-10,northeast,NOV,2024,NOV-CO,1.6T 하이브리드,FWD,포레스트 그린,2,2,5884,-262,4,36,88.5
2024-10,northeast,NOV,2024,NOV-CO,1.6T 하이브리드,FWD,샌드 베이지,2,2,5884,-262,4,36,88.5
2024-10,northeast,NOV,2024,NOV-PR,3.5 가솔린,AWD,스노우 화이트,13,13,50095,1955,29,66,88.5
2024-10,northeast,NOV,2024,NOV-PR,3.5 가솔린,AWD,미드나잇 블랙,10,10,39658,1548,23,66,88.5
2024-10,northeast,NOV,2024,NOV-PR,3.5 가솔린,AWD,스틸 그레이,9,9,33396,1303,19,66,88.5
2024-10,northeast,NOV,2024,NOV-PR,3.5 가솔린,AWD,실버,7,7,27135,1059,15,66,88.5
2024-10,northeast,NOV,2024,NOV-PR,3.5 가솔린,AWD,오션 블루,5,5,20873,815,12,66,88.5
2024-10,northeast,NOV,2024,NOV-PR,3.5 가솔린,AWD,선셋 레드,4,4,16698,652,10,66,88.5
2024-10,northeast,NOV,2024,NOV-PR,3.5 가솔린,AWD,포레스트 그린,3,3,10436,407,6,60,88.5
2024-10,northeast,NOV,2024,NOV-PR,3.5 가솔린,AWD,샌드 베이지,3,3,10436,407,6,60,88.5
2024-10,northeast,NOV,2024,NOV-PR,3.5 가솔린,FWD,스노우 화이트,16,16,60003,2342,34,66,88.5
2024-10,northeast,NOV,2024,NOV-PR,3.5 가솔린,FWD,미드나잇 블랙,12,12,47503,1854,27,66,88.5
2024-10,northeast,NOV,2024,NOV-PR,3.5 가솔린,FWD,스틸 그레이,11,10,40002,1561,23,66,88.5
2024-10,northeast,NOV,2024,NOV-PR,3.5 가솔린,FWD,실버,9,9,32502,1268,19,66,88.5
2024-10,northeast,NOV,2024,NOV-PR,3.5 가솔린,FWD,오션 블루,7,7,25001,976,14,66,88.5
2024-10,northeast,NOV,2024,NOV-PR,3.5 가솔린,FWD,선셋 레드,5,5,20001,781,11,66,88.5
2024-10,northeast,NOV,2024,NOV-PR,3.5 가솔린,FWD,포레스트 그린,3,3,12501,488,7,66,88.5
2024-10,northeast,NOV,2024,NOV-PR,3.5 가솔린,FWD,샌드 베이지,3,3,12501,488,7,66,88.5
2024-10,northeast,NOV,2024,NOV-PR,1.6T 하이브리드,AWD,스노우 화이트,8,8,29674,1158,17,66,88.5
2024-10,northeast,NOV,2024,NOV-PR,1.6T 하이브리드,AWD,미드나잇 블랙,6,6,23492,917,13,66,88.5
2024-10,northeast,NOV,2024,NOV-PR,1.6T 하이브리드,AWD,스틸 그레이,5,5,19783,772,11,66,88.5
2024-10,northeast,NOV,2024,NOV-PR,1.6T 하이브리드,AWD,실버,4,4,16073,627,9,66,88.5
2024-10,northeast,NOV,2024,NOV-PR,1.6T 하이브리드,AWD,오션 블루,3,3,12364,483,7,66,88.5
2024-10,northeast,NOV,2024,NOV-PR,1.6T 하이브리드,AWD,선셋 레드,3,3,9891,386,6,56,88.5
2024-10,northeast,NOV,2024,NOV-PR,1.6T 하이브리드,AWD,포레스트 그린,2,2,6182,241,4,35,88.5
2024-10,northeast,NOV,2024,NOV-PR,1.6T 하이브리드,AWD,샌드 베이지,2,2,6182,241,4,35,88.5
2024-10,northeast,NOV,2024,NOV-PR,1.6T 하이브리드,FWD,스노우 화이트,9,9,35543,1387,20,66,88.5
2024-10,northeast,NOV,2024,NOV-PR,1.6T 하이브리드,FWD,미드나잇 블랙,7,7,28139,1098,16,66,88.5
2024-10,northeast,NOV,2024,NOV-PR,1.6T 하이브리드,FWD,스틸 그레이,6,6,23696,925,14,66,88.5
2024-10,northeast,NOV,2024,NOV-PR,1.6T 하이브리드,FWD,실버,5,5,19253,751,11,66,88.5
2024-10,northeast,NOV,2024,NOV-PR,1.6T 하이브리드,FWD,오션 블루,4,4,14810,578,8,66,88.5
2024-10,northeast,NOV,2024,NOV-PR,1.6T 하이브리드,FWD,선셋 레드,3,3,11848,462,7,66,88.5
2024-10,northeast,NOV,2024,NOV-PR,1.6T 하이브리드,FWD,포레스트 그린,2,2,7405,289,4,42,88.5
2024-10,northeast,NOV,2024,NOV-PR,1.6T 하이브리드,FWD,샌드 베이지,2,2,7405,289,4,42,88.5
2024-10,northeast,NOV,2024,NOV-LO,3.5 가솔린,AWD,스노우 화이트,5,5,23362,3669,12,66,88.5
2024-10,northeast,NOV,2024,NOV-LO,3.5 가솔린,AWD,미드나잇 블랙,4,4,18495,2904,9,66,88.5
2024-10,northeast,NOV,2024,NOV-LO,3.5 가솔린,AWD,스틸 그레이,4,4,15575,2446,8,66,88.5
2024-10,northeast,NOV,2024,NOV-LO,3.5 가솔린,AWD,실버,3,3,12655,1987,6,63,88.5
2024-10,northeast,NOV,2024,NOV-LO,3.5 가솔린,AWD,오션 블루,2,2,9734,1529,5,49,88.5
2024-10,northeast,NOV,2024,NOV-LO,3.5 가솔린,AWD,선셋 레드,2,2,7787,1223,4,39,88.5
2024-10,northeast,NOV,2024,NOV-LO,3.5 가솔린,AWD,포레스트 그린,1,1,4867,764,2,24,88.5
2024-10,northeast,NOV,2024,NOV-LO,3.5 가솔린,AWD,샌드 베이지,1,1,4867,764,2,24,88.5
2024-10,northeast,NOV,2024,NOV-LO,3.5 가솔린,FWD,스노우 화이트,6,6,27983,4395,14,66,88.5
2024-10,northeast,NOV,2024,NOV-LO,3.5 가솔린,FWD,미드나잇 블랙,5,5,22154,3479,11,66,88.5
2024-10,northeast,NOV,2024,NOV-LO,3.5 가솔린,FWD,스틸 그레이,4,4,18656,2930,9,66,88.5
2024-10,northeast,NOV,2024,NOV-LO,3.5 가솔린,FWD,실버,3,3,15158,2380,8,66,88.5
2024-10,northeast,NOV,2024,NOV-LO,3.5 가솔린,FWD,오션 블루,3,3,11660,1831,6,58,88.5
2024-10,northeast,NOV,2024,NOV-LO,3.5 가솔린,FWD,선셋 레드,2,2,9328,1465,5,47,88.5
2024-10,northeast,NOV,2024,NOV-LO,3.5 가솔린,FWD,포레스트 그린,1,1,5830,916,3,29,88.5
2024-10,northeast,NOV,2024,NOV-LO,3.5 가솔린,FWD,샌드 베이지,1,1,5830,916,3,29,88.5
2024-10,northeast,NOV,2024,NOV-LO,1.6T 하이브리드,AWD,스노우 화이트,3,3,13839,2173,7,66,88.5
2024-10,northeast,NOV,2024,NOV-LO,1.6T 하이브리드,AWD,미드나잇 블랙,3,3,10956,1720,5,55,88.5
2024-10,northeast,NOV,2024,NOV-LO,1.6T 하이브리드,AWD,스틸 그레이,2,2,9226,1449,5,46,88.5
2024-10,northeast,NOV,2024,NOV-LO,1.6T 하이브리드,AWD,실버,2,2,7496,1177,4,37,88.5
2024-10,northeast,NOV,2024,NOV-LO,1.6T 하이브리드,AWD,오션 블루,1,1,5766,906,3,29,88.5
2024-10,northeast,NOV,2024,NOV-LO,1.6T 하이브리드,AWD,선셋 레드,1,1,4613,724,2,23,88.5
2024-10,northeast,NOV,2024,NOV-LO,1.6T 하이브리드,AWD,포레스트 그린,1,1,2883,453,1,14,88.5
2024-10,northeast,NOV,2024,NOV-LO,1.6T 하이브리드,AWD,샌드 베이지,1,1,2883,453,1,14,88.5
2024-10,northeast,NOV,2024,NOV-LO,1.6T 하이브리드,FWD,스노우 화이트,4,4,16576,2603,8,66,88.5
2024-10,northeast,NOV,2024,NOV-LO,1.6T 하이브리드,FWD,미드나잇 블랙,3,3,13123,2061,7,66,88.5
2024-10,northeast,NOV,2024,NOV-LO,1.6T 하이브리드,FWD,스틸 그레이,3,3,11051,1735,6,55,88.5
2024-10,northeast,NOV,2024,NOV-LO,1.6T 하이브리드,FWD,실버,2,2,8979,1410,4,45,88.5
2024-10,northeast,NOV,2024,NOV-LO,1.6T 하이브리드,FWD,오션 블루,2,2,6907,1085,3,35,88.5
2024-10,northeast,NOV,2024,NOV-LO,1.6T 하이브리드,FWD,선셋 레드,1,1,5525,868,3,28,88.5
2024-10,northeast,NOV,2024,NOV-LO,1.6T 하이브리드,FWD,포레스트 그린,1,1,3453,542,2,17,88.5
2024-10,northeast,NOV,2024,NOV-LO,1.6T 하이브리드,FWD,샌드 베이지,1,1,3453,542,2,17,88.5
2024-10,northeast,NOV,2025,NOV-CO,3.5 가솔린,AWD,스노우 화이트,21,21,73919,-3292,46,66,88.5
2024-10,northeast,NOV,2025,NOV-CO,3.5 가솔린,AWD,미드나잇 블랙,17,17,58519,-2606,36,66,88.5
2024-10,northeast,NOV,2025,NOV-CO,3.5 가솔린,AWD,스틸 그레이,14,14,49279,-2195,31,66,88.5
2024-10,northeast,NOV,2025,NOV-CO,3.5 가솔린,AWD,실버,11,11,40039,-1783,25,66,88.5
2024-10,northeast,NOV,2025,NOV-CO,3.5 가솔린,AWD,오션 블루,9,9,30799,-1372,19,66,88.5
2024-10,northeast,NOV,2025,NOV-CO,3.5 가솔린,AWD,선셋 레드,7,7,24640,-1097,15,66,88.5
2024-10,northeast,NOV,2025,NOV-CO,3.5 가솔린,AWD,포레스트 그린,4,4,15400,-686,10,66,88.5
2024-10,northeast,NOV,2025,NOV-CO,3.5 가솔린,AWD,샌드 베이지,4,4,15400,-686,10,66,88.5
2024-10,northeast,NOV,2025,NOV-CO,3.5 가솔린,FWD,스노우 화이트,25,25,88540,-3943,55,66,88.5
2024-10,northeast,NOV,2025,NOV-CO,3.5 가솔린,FWD,미드나잇 블랙,20,20,70094,-3122,43,66,88.5
2024-10,northeast,NOV,2025,NOV-CO,3.5 가솔린,FWD,스틸 그레이,17,17,59027,-2629,37,66,88.5
2024-10,northeast,NOV,2025,NOV-CO,3.5 가솔린,FWD,실버,14,14,47959,-2136,30,66,88.5
2024-10,northeast,NOV,2025,NOV-CO,3.5 가솔린,FWD,오션 블루,11,10,36892,-1643,23,66,88.5
2024-10,northeast,NOV,2025,NOV-CO,3.5 가솔린,FWD,선셋 레드,8,8,29513,-1314,18,66,88.5
2024-10,northeast,NOV,2025,NOV-CO,3.5 가솔린,FWD,포레스트 그린,5,5,18446,-822,11,66,88.5
2024-10,northeast,NOV,2025,NOV-CO,3.5 가솔린,FWD,샌드 베이지,5,5,18446,-822,11,66,88.5
2024-10,northeast,NOV,2025,NOV-CO,1.6T 하이브리드,AWD,스노우 화이트,13,12,43786,-1950,27,66,88.5
2024-10,northeast,NOV,2025,NOV-CO,1.6T 하이브리드,AWD,미드나잇 블랙,10,10,34664,-1544,21,66,88.5
2024-10,northeast,NOV,2025,NOV-CO,1.6T 하이브리드,AWD,스틸 그레이,8,8,29191,-1300,18,66,88.5
2024-10,northeast,NOV,2025,NOV-CO,1.6T 하이브리드,AWD,실버,7,7,23718,-1056,15,66,88.5
2024-10,northeast,NOV,2025,NOV-CO,1.6T 하이브리드,AWD,오션 블루,5,5,18244,-813,11,66,88.5
2024-10,northeast,NOV,2025,NOV-CO,1.6T 하이브리드,AWD,선셋 레드,4,4,14595,-650,9,66,88.5
2024-10,northeast,NOV,2025,NOV-CO,1.6T 하이브리드,AWD,포레스트 그린,3,3,9122,-406,6,57,88.5
2024-10,northeast,NOV,2025,NOV-CO,1.6T 하이브리드,AWD,샌드 베이지,3,3,9122,-406,6,57,88.5
2024-10,northeast,NOV,2025,NOV-CO,1.6T 하이브리드,FWD,스노우 화이트,15,15,52447,-2336,33,66,88.5
2024-10,northeast,NOV,2025,NOV-CO,1.6T 하이브리드,FWD,미드나잇 블랙,12,12,41521,-1849,26,66,88.5
2024-10,northeast,NOV,2025,NOV-CO,1.6T 하이브리드,FWD,스틸 그레이,10,10,34965,-1557,22,66,88.5
2024-10,northeast,NOV,2025,NOV-CO,1.6T 하이브리드,FWD,실버,8,8,28409,-1265,18,66,88.5
2024-10,northeast,NOV,2025,NOV-CO,1.6T 하이브리드,FWD,오션 블루,6,6,21853,-973,14,66,88.5
2024-10,northeast,NOV,2025,NOV-CO,1.6T 하이브리드,FWD,선셋 레드,5,5,17482,-779,11,66,88.5
2024-10,northeast,NOV,2025,NOV-CO,1.6T 하이브리드,FWD,포레스트 그린,3,3,10927,-487,7,66,88.5
2024-10,northeast,NOV,2025,NOV-CO,1.6T 하이브리드,FWD,샌드 베이지,3,3,10927,-487,7,66,88.5
2024-10,northeast,NOV,2025,NOV-PR,3.5 가솔린,AWD,스노우 화이트,24,24,93033,3631,53,66,88.5
2024-10,northeast,NOV,2025,NOV-PR,3.5 가솔린,AWD,미드나잇 블랙,19,19,73651,2874,42,66,88.5
2024-10,northeast,NOV,2025,NOV-PR,3.5 가솔린,AWD,스틸 그레이,16,16,62022,2420,35,66,88.5
2024-10,northeast,NOV,2025,NOV-PR,3.5 가솔린,AWD,실버,13,13,50393,1967,29,66,88.5
2024-10,northeast,NOV,2025,NOV-PR,3.5 가솔린,AWD,오션 블루,10,10,38764,1513,22,66,88.5
2024-10,northeast,NOV,2025,NOV-PR,3.5 가솔린,AWD,선셋 레드,8,8,31011,1210,18,66,88.5
2024-10,northeast,NOV,2025,NOV-PR,3.5 가솔린,AWD,포레스트 그린,5,5,19382,756,11,66,88.5
2024-10,northeast,NOV,2025,NOV-PR,3.5 가솔린,AWD,샌드 베이지,5,5,19382,756,11,66,88.5
2024-10,northeast,NOV,2025,NOV-PR,3.5 가솔린,FWD,스노우 화이트,29,29,111435,4349,64,66,88.5
2024-10,northeast,NOV,2025,NOV-PR,3.5 가솔린,FWD,미드나잇 블랙,23,23,88219,3443,50,66,88.5
2024-10,northeast,NOV,2025,NOV-PR,3.5 가솔린,FWD,스틸 그레이,20,19,74290,2899,42,66,88.5
2024-10,northeast,NOV,2025,NOV-PR,3.5 가솔린,FWD,실버,16,16,60361,2356,34,66,88.5
2024-10,northeast,NOV,2025,NOV-PR,3.5 가솔린,FWD,오션 블루,12,12,46431,1812,26,66,88.5
2024-10,northeast,NOV,2025,NOV-PR,3.5 가솔린,FWD,선셋 레드,10,10,37145,1450,21,66,88.5
2024-10,northeast,NOV,2025,NOV-PR,3.5 가솔린,FWD,포레스트 그린,6,6,23216,906,13,66,88.5
2024-10,northeast,NOV,2025,NOV-PR,3.5 가솔린,FWD,샌드 베이지,6,6,23216,906,13,66,88.5
2024-10,northeast,NOV,2025,NOV-PR,1.6T 하이브리드,AWD,스노우 화이트,14,14,55109,2151,31,66,88.5
2024-10,northeast,NOV,2025,NOV-PR,1.6T 하이브리드,AWD,미드나잇 블랙,11,11,43628,1703,25,66,88.5
2024-10,northeast,NOV,2025,NOV-PR,1.6T 하이브리드,AWD,스틸 그레이,10,10,36739,1434,21,66,88.5
2024-10,northeast,NOV,2025,NOV-PR,1.6T 하이브리드,AWD,실버,8,8,29850,1165,17,66,88.5
2024-10,northeast,NOV,2025,NOV-PR,1.6T 하이브리드,AWD,오션 블루,6,6,22962,896,13,66,88.5
2024-10,northeast,NOV,2025,NOV-PR,1.6T 하이브리드,AWD,선셋 레드,5,5,18370,717,10,66,88.5
2024-10,northeast,NOV,2025,NOV-PR,1.6T 하이브리드,AWD,포레스트 그린,3,3,11481,448,7,65,88.5
2024-10,northeast,NOV,2025,NOV-PR,1.6T 하이브리드,AWD,샌드 베이지,3,3,11481,448,7,65,88.5
2024-10,northeast,NOV,2025,NOV-PR,1.6T 하이브리드,FWD,스노우 화이트,17,17,66009,2576,38,66,88.5
2024-10,northeast,NOV,2025,NOV-PR,1.6T 하이브리드,FWD,미드나잇 블랙,14,14,52257,2039,30,66,88.5
2024-10,northeast,NOV,2025,NOV-PR,1.6T 하이브리드,FWD,스틸 그레이,12,12,44006,1717,25,66,88.5
2024-10,northeast,NOV,2025,NOV-PR,1.6T 하이브리드,FWD,실버,9,9,35755,1395,20,66,88.5
2024-10,northeast,NOV,2025,NOV-PR,1.6T 하이브리드,FWD,오션 블루,7,7,27504,1073,16,66,88.5
2024-10,northeast,NOV,2025,NOV-PR,1.6T 하이브리드,FWD,선셋 레드,6,6,22003,859,13,66,88.5
2024-10,northeast,NOV,2025,NOV-PR,1.6T 하이브리드,FWD,포레스트 그린,4,4,13752,537,8,66,88.5
2024-10,northeast,NOV,2025,NOV-PR,1.6T 하이브리드,FWD,샌드 베이지,4,4,13752,537,8,66,88.5
2024-10,northeast,NOV,2025,NOV-LO,3.5 가솔린,AWD,스노우 화이트,10,10,43387,6813,22,66,88.5
2024-10,northeast,NOV,2025,NOV-LO,3.5 가솔린,AWD,미드나잇 블랙,8,8,34348,5394,17,66,88.5
2024-10,northeast,NOV,2025,NOV-LO,3.5 가솔린,AWD,스틸 그레이,7,7,28925,4542,14,66,88.5
2024-10,northeast,NOV,2025,NOV-LO,3.5 가솔린,AWD,실버,5,5,23501,3691,12,66,88.5
2024-10,northeast,NOV,2025,NOV-LO,3.5 가솔린,AWD,오션 블루,4,4,18078,2839,9,66,88.5
2024-10,northeast,NOV,2025,NOV-LO,3.5 가솔린,AWD,선셋 레드,3,3,14462,2271,7,66,88.5
2024-10,northeast,NOV,2025,NOV-LO,3.5 가솔린,AWD,포레스트 그린,2,2,9039,1419,5,45,88.5
2024-10,northeast,NOV,2025,NOV-LO,3.5 가솔린,AWD,샌드 베이지,2,2,9039,1419,5,45,88.5
2024-10,northeast,NOV,2025,NOV-LO,3.5 가솔린,FWD,스노우 화이트,12,12,51969,8161,26,66,88.5
2024-10,northeast,NOV,2025,NOV-LO,3.5 가솔린,FWD,미드나잇 블랙,9,9,41142,6461,21,66,88.5
2024-10,northeast,NOV,2025,NOV-LO,3.5 가솔린,FWD,스틸 그레이,8,8,34646,5441,17,66,88.5
2024-10,northeast,NOV,2025,NOV-LO,3.5 가솔린,FWD,실버,6,6,28150,4421,14,66,88.5
2024-10,northeast,NOV,2025,NOV-LO,3.5 가솔린,FWD,오션 블루,5,5,21654,3401,11,66,88.5
2024-10,northeast,NOV,2025,NOV-LO,3.5 가솔린,FWD,선셋 레드,4,4,17323,2720,9,66,88.5
2024-10,northeast,NOV,2025,NOV-LO,3.5 가솔린,FWD,포레스트 그린,2,2,10827,1700,5,54,88.5
2024-10,northeast,NOV,2025,NOV-LO,3.5 가솔린,FWD,샌드 베이지,2,2,10827,1700,5,54,88.5
2024-10,northeast,NOV,2025,NOV-LO,1.6T 하이브리드,AWD,스노우 화이트,6,6,25701,4036,13,66,88.5
2024-10,northeast,NOV,2025,NOV-LO,1.6T 하이브리드,AWD,미드나잇 블랙,5,5,20346,3195,10,66,88.5
2024-10,northeast,NOV,2025,NOV-LO,1.6T 하이브리드,AWD,스틸 그레이,4,4,17134,2691,9,66,88.5
2024-10,northeast,NOV,2025,NOV-LO,1.6T 하이브리드,AWD,실버,3,3,13921,2186,7,66,88.5
2024-10,northeast,NOV,2025,NOV-LO,1.6T 하이브리드,AWD,오션 블루,2,2,10709,1682,5,54,88.5
2024-10,northeast,NOV,2025,NOV-LO,1.6T 하이브리드,AWD,선셋 레드,2,2,8567,1345,4,43,88.5
2024-10,northeast,NOV,2025,NOV-LO,1.6T 하이브리드,AWD,포레스트 그린,1,1,5354,841,3,27,88.5
2024-10,northeast,NOV,2025,NOV-LO,1.6T 하이브리드,AWD,샌드 베이지,1,1,5354,841,3,27,88.5
2024-10,northeast,NOV,2025,NOV-LO,1.6T 하이브리드,FWD,스노우 화이트,7,7,30784,4834,15,66,88.5
2024-10,northeast,NOV,2025,NOV-LO,1.6T 하이브리드,FWD,미드나잇 블랙,6,6,24371,3827,12,66,88.5
2024-10,northeast,NOV,2025,NOV-LO,1.6T 하이브리드,FWD,스틸 그레이,5,5,20523,3223,10,66,88.5
2024-10,northeast,NOV,2025,NOV-LO,1.6T 하이브리드,FWD,실버,4,4,16675,2619,8,66,88.5
2024-10,northeast,NOV,2025,NOV-LO,1.6T 하이브리드,FWD,오션 블루,3,3,12827,2014,6,64,88.5
2024-10,northeast,NOV,2025,NOV-LO,1.6T 하이브리드,FWD,선셋 레드,2,2,10261,1611,5,51,88.5
2024-10,northeast,NOV,2025,NOV-LO,1.6T 하이브리드,FWD,포레스트 그린,1,1,6413,1007,3,32,88.5
2024-10,northeast,NOV,2025,NOV-LO,1.6T 하이브리드,FWD,샌드 베이지,1,1,6413,1007,3,32,88.5
2024-10,southeast,NOV,2024,NOV-CO,3.5 가솔린,AWD,스노우 화이트,8,8,27556,-1227,17,66,88.5
2024-10,southeast,NOV,2024,NOV-CO,3.5 가솔린,AWD,미드나잇 블랙,6,6,21815,-972,14,66,88.5
2024-10,southeast,NOV,2024,NOV-CO,3.5 가솔린,AWD,스틸 그레이,5,5,18370,-818,11,66,88.5
2024-10,southeast,NOV,2024,NOV-CO,3.5 가솔린,AWD,실버,4,4,14926,-665,9,66,88.5
2024-10,southeast,NOV,2024,NOV-CO,3.5 가솔린,AWD,오션 블루,3,3,11481,-511,7,66,88.5
2024-10,southeast,NOV,2024,NOV-CO,3.5 가솔린,AWD,선셋 레드,3,3,9185,-409,6,57,88.5
2024-10,southeast,NOV,2024,NOV-CO,3.5 가솔린,AWD,포레스트 그린,2,2,5741,-256,4,36,88.5
2024-10,southeast,NOV,2024,NOV-CO,3.5 가솔린,AWD,샌드 베이지,2,2,5741,-256,4,36,88.5
2024-10,southeast,NOV,2024,NOV-CO,3.5 가솔린,FWD,스노우 화이트,19,19,65068,-2898,40,66,88.5
2024-10,southeast,NOV,2024,NOV-CO,3.5 가솔린,FWD,미드나잇 블랙,15,15,51512,-2294,32,66,88.5
2024-10,southeast,NOV,2024,NOV-CO,3.5 가솔린,FWD,스틸 그레이,12,12,43379,-1932,27,66,88.5
2024-10,southeast,NOV,2024,NOV-CO,3.5 가솔린,FWD,실버,10,10,35245,-1570,22,66,88.5
2024-10,southeast,NOV,2024,NOV-CO,3.5 가솔린,FWD,오션 블루,8,8,27112,-1208,17,66,88.5
2024-10,southeast,NOV,2024,NOV-CO,3.5 가솔린,FWD,선셋 레드,6,6,21689,-966,13,66,88.5
2024-10,southeast,NOV,2024,NOV-CO,3.5 가솔린,FWD,포레스트 그린,4,4,13556,-604,8,66,88.5
2024-10,southeast,NOV,2024,NOV-CO,3.5 가솔린,FWD,샌드 베이지,4,4,13556,-604,8,66,88.5
2024-10,southeast,NOV,2024,NOV-CO,1.6T 하이브리드,AWD,스노우 화이트,5,5,16323,-727,10,66,88.5
2024-10,southeast,NOV,2024,NOV-CO,1.6T 하이브리드,AWD,미드나잇 블랙,4,4,12922,-576,8,66,88.5
2024-10,southeast,NOV,2024,NOV-CO,1.6T 하이브리드,AWD,스틸 그레이,3,3,10882,-485,7,66,88.5
2024-10,southeast,NOV,2024,NOV-CO,1.6T 하이브리드,AWD,실버,3,3,8841,-394,5,55,88.5
2024-10,southeast,NOV,2024,NOV-CO,1.6T 하이브리드,AWD,오션 블루,2,2,6801,-303,4,42,88.5
2024-10,southeast,NOV,2024,NOV-CO,1.6T 하이브리드,AWD,선셋 레드,2,2,5441,-242,3,34,88.5
2024-10,southeast,NOV,2024,NOV-CO,1.6T 하이브리드,AWD,포레스트 그린,1,1,3401,-151,2,21,88.5
2024-10,southeast,NOV,2024,NOV-CO,1.6T 하이브리드,AWD,샌드 베이지,1,1,3401,-151,2,21,88.5
2024-10,southeast,NOV,2024,NOV-CO,1.6T 하이브리드,FWD,스노우 화이트,11,11,38544,-1717,24,66,88.5
2024-10,southeast,NOV,2024,NOV-CO,1.6T 하이브리드,FWD,미드나잇 블랙,9,9,30514,-1359,19,66,88.5
2024-10,southeast,NOV,2024,NOV-CO,1.6T 하이브리드,FWD,스틸 그레이,7,7,25696,-1144,16,66,88.5
2024-10,southeast,NOV,2024,NOV-CO,1.6T 하이브리드,FWD,실버,6,6,20878,-930,13,66,88.5
2024-10,southeast,NOV,2024,NOV-CO,1.6T 하이브리드,FWD,오션 블루,5,5,16060,-715,10,66,88.5
2024-10,southeast,NOV,2024,NOV-CO,1.6T 하이브리드,FWD,선셋 레드,4,4,12848,-572,8,66,88.5
2024-10,southeast,NOV,2024,NOV-CO,1.6T 하이브리드,FWD,포레스트 그린,2,2,8030,-358,5,50,88.5
2024-10,southeast,NOV,2024,NOV-CO,1.6T 하이브리드,FWD,샌드 베이지,2,2,8030,-358,5,50,88.5
2024-10,southeast,NOV,2024,NOV-PR,3.5 가솔린,AWD,스노우 화이트,9,9,34681,1353,20,66,88.5
2024-10,southeast,NOV,2024,NOV-PR,3.5 가솔린,AWD,미드나잇 블랙,7,7,27456,1071,16,66,88.5
2024-10,southeast,NOV,2024,NOV-PR,3.5 가솔린,AWD,스틸 그레이,6,6,23121,902,13,66,88.5
2024-10,southeast,NOV,2024,NOV-PR,3.5 가솔린,AWD,실버,5,5,18785,733,11,66,88.5
2024-10,southeast,NOV,2024,NOV-PR,3.5 가솔린,AWD,오션 블루,4,4,14450,564,8,66,88.5
2024-10,southeast,NOV,2024,NOV-PR,3.5 가솔린,AWD,선셋 레드,3,3,11560,451,7,66,88.5
2024-10,southeast,NOV,2024,NOV-PR,3.5 가솔린,AWD,포레스트 그린,2,2,7225,282,4,41,88.5
2024-10,southeast,NOV,2024,NOV-PR,3.5 가솔린,AWD,샌드 베이지,2,2,7225,282,4,41,88.5
2024-10,southeast,NOV,2024,NOV-PR,3.5 가솔린,FWD,스노우 화이트,22,21,81893,3196,47,66,88.5
2024-10,southeast,NOV,2024,NOV-PR,3.5 가솔린,FWD,미드나잇 블랙,17,17,64832,2530,37,66,88.5
2024-10,southeast,NOV,2024,NOV-PR,3.5 가솔린,FWD,스틸 그레이,14,14,54596,2131,31,66,88.5
2024-10,southeast,NOV,2024,NOV-PR,3.5 가솔린,FWD,실버,12,12,44359,1731,25,66,88.5
2024-10,southeast,NOV,2024,NOV-PR,3.5 가솔린,FWD,오션 블루,9,9,34122,1332,19,66,88.5
2024-10,southeast,NOV,2024,NOV-PR,3.5 가솔린,FWD,선셋 레드,7,7,27298,1065,16,66,88.5
2024-10,southeast,NOV,2024,NOV-PR,3.5 가솔린,FWD,포레스트 그린,4,4,17061,666,10,66,88.5
2024-10,southeast,NOV,2024,NOV-PR,3.5 가솔린,FWD,샌드 베이지,4,4,17061,666,10,66,88.5
2024-10,southeast,NOV,2024,NOV-PR,1.6T 하이브리드,AWD,스노우 화이트,5,5,20543,802,12,66,88.5
2024-10,southeast,NOV,2024,NOV-PR,1.6T 하이브리드,AWD,미드나잇 블랙,4,4,16264,635,9,66,88.5
2024-10,southeast,NOV,2024,NOV-PR,1.6T 하이브리드,AWD,스틸 그레이,4,4,13696,534,8,66,88.5
2024-10,southeast,NOV,2024,NOV-PR,1.6T 하이브리드,AWD,실버,3,3,11128,434,6,63,88.5
2024-10,southeast,NOV,2024,NOV-PR,1.6T 하이브리드,AWD,오션 블루,2,2,8560,334,5,49,88.5
2024-10,southeast,NOV,2024,NOV-PR,1.6T 하이브리드,AWD,선셋 레드,2,2,6848,267,4,39,88.5
2024-10,southeast,NOV,2024,NOV-PR,1.6T 하이브리드,AWD,포레스트 그린,1,1,4280,167,2,24,88.5
2024-10,southeast,NOV,2024,NOV-PR,1.6T 하이브리드,AWD,샌드 베이지,1,1,4280,167,2,24,88.5
2024-10,southeast,NOV,2024,NOV-PR,1.6T 하이브리드,FWD,스노우 화이트,13,13,48510,1893,28,66,88.5
2024-10,southeast,NOV,2024,NOV-PR,1.6T 하이브리드,FWD,미드나잇 블랙,10,10,38404,1499,22,66,88.5
2024-10,southeast,NOV,2024,NOV-PR,1.6T 하이브리드,FWD,스틸 그레이,8,8,32340,1262,18,66,88.5
2024-10,southeast,NOV,2024,NOV-PR,1.6T 하이브리드,FWD,실버,7,7,26276,1025,15,66,88.5
2024-10,southeast,NOV,2024,NOV-PR,1.6T 하이브리드,FWD,오션 블루,5,5,20213,789,12,66,88.5
2024-10,southeast,NOV,2024,NOV-PR,1.6T 하이브리드,FWD,선셋 레드,4,4,16170,631,9,66,88.5
2024-10,southeast,NOV,2024,NOV-PR,1.6T 하이브리드,FWD,포레스트 그린,3,3,10106,394,6,58,88.5
2024-10,southeast,NOV,2024,NOV-PR,1.6T 하이브리드,FWD,샌드 베이지,3,3,10106,394,6,58,88.5
2024-10,southeast,NOV,2024,NOV-LO,3.5 가솔린,AWD,스노우 화이트,4,4,16174,2540,8,66,88.5
2024-10,southeast,NOV,2024,NOV-LO,3.5 가솔린,AWD,미드나잇 블랙,3,3,12804,2011,6,64,88.5
2024-10,southeast,NOV,2024,NOV-LO,3.5 가솔린,AWD,스틸 그레이,2,2,10783,1693,5,54,88.5
2024-10,southeast,NOV,2024,NOV-LO,3.5 가솔린,AWD,실버,2,2,8761,1376,4,44,88.5
2024-10,southeast,NOV,2024,NOV-LO,3.5 가솔린,AWD,오션 블루,2,2,6739,1058,3,34,88.5
2024-10,southeast,NOV,2024,NOV-LO,3.5 가솔린,AWD,선셋 레드,1,1,5391,847,3,27,88.5
2024-10,southeast,NOV,2024,NOV-LO,3.5 가솔린,AWD,포레스트 그린,1,1,3370,529,2,17,88.5
2024-10,southeast,NOV,2024,NOV-LO,3.5 가솔린,AWD,샌드 베이지,1,1,3370,529,2,17,88.5
2024-10,southeast,NOV,2024,NOV-LO,3.5 가솔린,FWD,스노우 화이트,9,9,38192,5998,19,66,88.5
2024-10,southeast,NOV,2024,NOV-LO,3.5 가솔린,FWD,미드나잇 블랙,7,7,30235,4748,15,66,88.5
2024-10,southeast,NOV,2024,NOV-LO,3.5 가솔린,FWD,스틸 그레이,6,6,25461,3998,13,66,88.5
2024-10,southeast,NOV,2024,NOV-LO,3.5 가솔린,FWD,실버,5,5,20687,3249,10,66,88.5
2024-10,southeast,NOV,2024,NOV-LO,3.5 가솔린,FWD,오션 블루,4,4,15913,2499,8,66,88.5
2024-10,southeast,NOV,2024,NOV-LO,3.5 가솔린,FWD,선셋 레드,3,3,12731,1999,6,64,88.5
2024-10,southeast,NOV,2024,NOV-LO,3.5 가솔린,FWD,포레스트 그린,2,2,7957,1250,4,40,88.5
2024-10,southeast,NOV,2024,NOV-LO,3.5 가솔린,FWD,샌드 베이지,2,2,7957,1250,4,40,88.5
2024-10,southeast,NOV,2024,NOV-LO,1.6T 하이브리드,AWD,스노우 화이트,2,2,9581,1505,5,48,88.5
2024-10,southeast,NOV,2024,NOV-LO,1.6T 하이브리드,AWD,미드나잇 블랙,2,2,7585,1191,4,38,88.5
2024-10,southeast,NOV,2024,NOV-LO,1.6T 하이브리드,AWD,스틸 그레이,1,1,6387,1003,3,32,88.5
2024-10,southeast,NOV,2024,NOV-LO,1.6T 하이브리드,AWD,실버,1,1,5190,815,3,26,88.5
2024-10,southeast,NOV,2024,NOV-LO,1.6T 하이브리드,AWD,오션 블루,1,1,3992,627,2,20,88.5
2024-10,southeast,NOV,2024,NOV-LO,1.6T 하이브리드,AWD,선셋 레드,1,1,3194,502,2,16,88.5
2024-10,southeast,NOV,2024,NOV-LO,1.6T 하이브리드,AWD,포레스트 그린,0,0,1996,313,1,10,88.5
2024-10,southeast,NOV,2024,NOV-LO,1.6T 하이브리드,AWD,샌드 베이지,0,0,1996,313,1,10,88.5
2024-10,southeast,NOV,2024,NOV-LO,1.6T 하이브리드,FWD,스노우 화이트,5,5,22623,3553,11,66,88.5
2024-10,southeast,NOV,2024,NOV-LO,1.6T 하이브리드,FWD,미드나잇 블랙,4,4,17910,2813,9,66,88.5
2024-10,southeast,NOV,2024,NOV-LO,1.6T 하이브리드,FWD,스틸 그레이,3,3,15082,2369,8,66,88.5
2024-10,southeast,NOV,2024,NOV-LO,1.6T 하이브리드,FWD,실버,3,3,12254,1924,6,61,88.5
2024-10,southeast,NOV,2024,NOV-LO,1.6T 하이브리드,FWD,오션 블루,2,2,9426,1480,5,47,88.5
2024-10,southeast,NOV,2024,NOV-LO,1.6T 하이브리드,FWD,선셋 레드,2,2,7541,1184,4,38,88.5
2024-10,southeast,NOV,2024,NOV-LO,1.6T 하이브리드,FWD,포레스트 그린,1,1,4713,740,2,24,88.5
2024-10,southeast,NOV,2024,NOV-LO,1.6T 하이브리드,FWD,샌드 베이지,1,1,4713,740,2,24,88.5
2024-10,southeast,NOV,2025,NOV-CO,3.5 가솔린,AWD,스노우 화이트,15,15,51175,-2279,32,66,88.5
2024-10,southeast,NOV,2025,NOV-CO,3.5 가솔린,AWD,미드나잇 블랙,12,12,40513,-1804,25,66,88.5
2024-10,southeast,NOV,2025,NOV-CO,3.5 가솔린,AWD,스틸 그레이,10,10,34116,-1519,21,66,88.5
2024-10,southeast,NOV,2025,NOV-CO,3.5 가솔린,AWD,실버,8,8,27720,-1235,17,66,88.5
2024-10,southeast,NOV,2025,NOV-CO,3.5 가솔린,AWD,오션 블루,6,6,21323,-950,13,66,88.5
2024-10,southeast,NOV,2025,NOV-CO,3.5 가솔린,AWD,선셋 레드,5,5,17058,-760,11,66,88.5
2024-10,southeast,NOV,2025,NOV-CO,3.5 가솔린,AWD,포레스트 그린,3,3,10661,-475,7,66,88.5
2024-10,southeast,NOV,2025,NOV-CO,3.5 가솔린,AWD,샌드 베이지,3,3,10661,-475,7,66,88.5
2024-10,southeast,NOV,2025,NOV-CO,3.5 가솔린,FWD,스노우 화이트,34,34,120841,-5382,75,66,88.5
2024-10,southeast,NOV,2025,NOV-CO,3.5 가솔린,FWD,미드나잇 블랙,27,27,95666,-4261,59,66,88.5
2024-10,southeast,NOV,2025,NOV-CO,3.5 가솔린,FWD,스틸 그레이,23,23,80560,-3588,50,66,88.5
2024-10,southeast,NOV,2025,NOV-CO,3.5 가솔린,FWD,실버,19,19,65455,-2915,41,66,88.5
2024-10,southeast,NOV,2025,NOV-CO,3.5 가솔린,FWD,오션 블루,14,14,50350,-2243,31,66,88.5
2024-10,southeast,NOV,2025,NOV-CO,3.5 가솔린,FWD,선셋 레드,11,11,40280,-1794,25,66,88.5
2024-10,southeast,NOV,2025,NOV-CO,3.5 가솔린,FWD,포레스트 그린,7,7,25175,-1121,16,66,88.5
2024-10,southeast,NOV,2025,NOV-CO,3.5 가솔린,FWD,샌드 베이지,7,7,25175,-1121,16,66,88.5
2024-10,southeast,NOV,2025,NOV-CO,1.6T 하이브리드,AWD,스노우 화이트,9,9,30314,-1350,19,66,88.5
2024-10,southeast,NOV,2025,NOV-CO,1.6T 하이브리드,AWD,미드나잇 블랙,7,7,23998,-1069,15,66,88.5
2024-10,southeast,NOV,2025,NOV-CO,1.6T 하이브리드,AWD,스틸 그레이,6,6,20209,-900,13,66,88.5
2024-10,southeast,NOV,2025,NOV-CO,1.6T 하이브리드,AWD,실버,5,5,16420,-731,10,66,88.5
2024-10,southeast,NOV,2025,NOV-CO,1.6T 하이브리드,AWD,오션 블루,4,4,12631,-563,8,66,88.5
2024-10,southeast,NOV,2025,NOV-CO,1.6T 하이브리드,AWD,선셋 레드,3,3,10105,-450,6,63,88.5
2024-10,southeast,NOV,2025,NOV-CO,1.6T 하이브리드,AWD,포레스트 그린,2,2,6315,-281,4,39,88.5
2024-10,southeast,NOV,2025,NOV-CO,1.6T 하이브리드,AWD,샌드 베이지,2,2,6315,-281,4,39,88.5
2024-10,southeast,NOV,2025,NOV-CO,1.6T 하이브리드,FWD,스노우 화이트,20,20,71581,-3188,44,66,88.5
2024-10,southeast,NOV,2025,NOV-CO,1.6T 하이브리드,FWD,미드나잇 블랙,16,16,56668,-2524,35,66,88.5
2024-10,southeast,NOV,2025,NOV-CO,1.6T 하이브리드,FWD,스틸 그레이,14,14,47721,-2125,30,66,88.5
2024-10,southeast,NOV,2025,NOV-CO,1.6T 하이브리드,FWD,실버,11,11,38773,-1727,24,66,88.5
2024-10,southeast,NOV,2025,NOV-CO,1.6T 하이브리드,FWD,오션 블루,9,8,29825,-1328,18,66,88.5
2024-10,southeast,NOV,2025,NOV-CO,1.6T 하이브리드,FWD,선셋 레드,7,7,23860,-1063,15,66,88.5
2024-10,southeast,NOV,2025,NOV-CO,1.6T 하이브리드,FWD,포레스트 그린,4,4,14913,-664,9,66,88.5
2024-10,southeast,NOV,2025,NOV-CO,1.6T 하이브리드,FWD,샌드 베이지,4,4,14913,-664,9,66,88.5
2024-10,southeast,NOV,2025,NOV-PR,3.5 가솔린,AWD,스노우 화이트,17,17,64407,2513,37,66,88.5
2024-10,southeast,NOV,2025,NOV-PR,3.5 가솔린,AWD,미드나잇 블랙,13,13,50989,1990,29,66,88.5
2024-10,southeast,NOV,2025,NOV-PR,3.5 가솔린,AWD,스틸 그레이,11,11,42938,1676,24,66,88.5
2024-10,southeast,NOV,2025,NOV-PR,3.5 가솔린,AWD,실버,9,9,34887,1361,20,66,88.5
2024-10,southeast,NOV,2025,NOV-PR,3.5 가솔린,AWD,오션 블루,7,7,26836,1047,15,66,88.5
2024-10,southeast,NOV,2025,NOV-PR,3.5 가솔린,AWD,선셋 레드,6,6,21469,838,12,66,88.5
2024-10,southeast,NOV,2025,NOV-PR,3.5 가솔린,AWD,포레스트 그린,4,4,13418,524,8,66,88.5
2024-10,southeast,NOV,2025,NOV-PR,3.5 가솔린,AWD,샌드 베이지,4,4,13418,524,8,66,88.5
2024-10,southeast,NOV,2025,NOV-PR,3.5 가솔린,FWD,스노우 화이트,40,40,152088,5935,87,66,88.5
2024-10,southeast,NOV,2025,NOV-PR,3.5 가솔린,FWD,미드나잇 블랙,32,32,120403,4699,69,66,88.5
2024-10,southeast,NOV,2025,NOV-PR,3.5 가솔린,FWD,스틸 그레이,27,27,101392,3957,58,66,88.5
2024-10,southeast,NOV,2025,NOV-PR,3.5 가솔린,FWD,실버,22,22,82381,3215,47,66,88.5
2024-10,southeast,NOV,2025,NOV-PR,3.5 가솔린,FWD,오션 블루,17,17,63370,2473,36,66,88.5
2024-10,southeast,NOV,2025,NOV-PR,3.5 가솔린,FWD,선셋 레드,13,13,50696,1978,29,66,88.5
2024-10,southeast,NOV,2025,NOV-PR,3.5 가솔린,FWD,포레스트 그린,8,8,31685,1237,18,66,88.5
2024-10,southeast,NOV,2025,NOV-PR,3.5 가솔린,FWD,샌드 베이지,8,8,31685,1237,18,66,88.5
2024-10,southeast,NOV,2025,NOV-PR,1.6T 하이브리드,AWD,스노우 화이트,10,10,38152,1489,22,66,88.5
2024-10,southeast,NOV,2025,NOV-PR,1.6T 하이브리드,AWD,미드나잇 블랙,8,8,30204,1179,17,66,88.5
2024-10,southeast,NOV,2025,NOV-PR,1.6T 하이브리드,AWD,스틸 그레이,7,7,25435,993,15,66,88.5
2024-10,southeast,NOV,2025,NOV-PR,1.6T 하이브리드,AWD,실버,5,5,20666,806,12,66,88.5
2024-10,southeast,NOV,2025,NOV-PR,1.6T 하이브리드,AWD,오션 블루,4,4,15897,620,9,66,88.5
2024-10,southeast,NOV,2025,NOV-PR,1.6T 하이브리드,AWD,선셋 레드,3,3,12717,496,7,66,88.5
2024-10,southeast,NOV,2025,NOV-PR,1.6T 하이브리드,AWD,포레스트 그린,2,2,7948,310,5,45,88.5
2024-10,southeast,NOV,2025,NOV-PR,1.6T 하이브리드,AWD,샌드 베이지,2,2,7948,310,5,45,88.5
2024-10,southeast,NOV,2025,NOV-PR,1.6T 하이브리드,FWD,스노우 화이트,24,24,90090,3516,51,66,88.5
2024-10,southeast,NOV,2025,NOV-PR,1.6T 하이브리드,FWD,미드나잇 블랙,19,19,71321,2783,41,66,88.5
2024-10,southeast,NOV,2025,NOV-PR,1.6T 하이브리드,FWD,스틸 그레이,16,16,60060,2344,34,66,88.5
2024-10,southeast,NOV,2025,NOV-PR,1.6T 하이브리드,FWD,실버,13,13,48799,1904,28,66,88.5
2024-10,southeast,NOV,2025,NOV-PR,1.6T 하이브리드,FWD,오션 블루,10,10,37538,1465,21,66,88.5
2024-10,southeast,NOV,2025,NOV-PR,1.6T 하이브리드,FWD,선셋 레드,8,8,30030,1172,17,66,88.5
2024-10,southeast,NOV,2025,NOV-PR,1.6T 하이브리드,FWD,포레스트 그린,5,5,18769,732,11,66,88.5
2024-10,southeast,NOV,2025,NOV-PR,1.6T 하이브리드,FWD,샌드 베이지,5,5,18769,732,11,66,88.5
2024-10,southeast,NOV,2025,NOV-LO,3.5 가솔린,AWD,스노우 화이트,7,7,30037,4717,15,66,88.5
2024-10,southeast,NOV,2025,NOV-LO,3.5 가솔린,AWD,미드나잇 블랙,5,5,23779,3734,12,66,88.5
2024-10,southeast,NOV,2025,NOV-LO,3.5 가솔린,AWD,스틸 그레이,5,5,20025,3145,10,66,88.5
2024-10,southeast,NOV,2025,NOV-LO,3.5 가솔린,AWD,실버,4,4,16270,2555,8,66,88.5
2024-10,southeast,NOV,2025,NOV-LO,3.5 가솔린,AWD,오션 블루,3,3,12516,1965,6,63,88.5
2024-10,southeast,NOV,2025,NOV-LO,3.5 가솔린,AWD,선셋 레드,2,2,10012,1572,5,50,88.5
2024-10,southeast,NOV,2025,NOV-LO,3.5 가솔린,AWD,포레스트 그린,1,1,6258,983,3,31,88.5
2024-10,southeast,NOV,2025,NOV-LO,3.5 가솔린,AWD,샌드 베이지,1,1,6258,983,3,31,88.5
2024-10,southeast,NOV,2025,NOV-LO,3.5 가솔린,FWD,스노우 화이트,16,16,70928,11139,35,66,88.5
2024-10,southeast,NOV,2025,NOV-LO,3.5 가솔린,FWD,미드나잇 블랙,13,13,56152,8818,28,66,88.5
2024-10,southeast,NOV,2025,NOV-LO,3.5 가솔린,FWD,스틸 그레이,11,11,47286,7426,24,66,88.5
2024-10,southeast,NOV,2025,NOV-LO,3.5 가솔린,FWD,실버,9,9,38419,6033,19,66,88.5
2024-10,southeast,NOV,2025,NOV-LO,3.5 가솔린,FWD,오션 블루,7,7,29553,4641,15,66,88.5
2024-10,southeast,NOV,2025,NOV-LO,3.5 가솔린,FWD,선셋 레드,5,5,23643,3713,12,66,88.5
2024-10,southeast,NOV,2025,NOV-LO,3.5 가솔린,FWD,포레스트 그린,3,3,14777,2321,7,66,88.5
2024-10,southeast,NOV,2025,NOV-LO,3.5 가솔린,FWD,샌드 베이지,3,3,14777,2321,7,66,88.5
2024-10,southeast,NOV,2025,NOV-LO,1.6T 하이브리드,AWD,스노우 화이트,4,4,17793,2794,9,66,88.5
2024-10,southeast,NOV,2025,NOV-LO,1.6T 하이브리드,AWD,미드나잇 블랙,3,3,14086,2212,7,66,88.5
2024-10,southeast,NOV,2025,NOV-LO,1.6T 하이브리드,AWD,스틸 그레이,3,3,11862,1863,6,59,88.5
2024-10,southeast,NOV,2025,NOV-LO,1.6T 하이브리드,AWD,실버,2,2,9638,1514,5,48,88.5
2024-10,southeast,NOV,2025,NOV-LO,1.6T 하이브리드,AWD,오션 블루,2,2,7414,1164,4,37,88.5
2024-10,southeast,NOV,2025,NOV-LO,1.6T 하이브리드,AWD,선셋 레드,1,1,5931,931,3,30,88.5
2024-10,southeast,NOV,2025,NOV-LO,1.6T 하이브리드,AWD,포레스트 그린,1,1,3707,582,2,19,88.5
2024-10,southeast,NOV,2025,NOV-LO,1.6T 하이브리드,AWD,샌드 베이지,1,1,3707,582,2,19,88.5
2024-10,southeast,NOV,2025,NOV-LO,1.6T 하이브리드,FWD,스노우 화이트,10,10,42015,6598,21,66,88.5
2024-10,southeast,NOV,2025,NOV-LO,1.6T 하이브리드,FWD,미드나잇 블랙,8,8,33262,5223,17,66,88.5
2024-10,southeast,NOV,2025,NOV-LO,1.6T 하이브리드,FWD,스틸 그레이,6,6,28010,4399,14,66,88.5
2024-10,southeast,NOV,2025,NOV-LO,1.6T 하이브리드,FWD,실버,5,5,22758,3574,11,66,88.5
2024-10,southeast,NOV,2025,NOV-LO,1.6T 하이브리드,FWD,오션 블루,4,4,17506,2749,9,66,88.5
2024-10,southeast,NOV,2025,NOV-LO,1.6T 하이브리드,FWD,선셋 레드,3,3,14005,2199,7,66,88.5
2024-10,southeast,NOV,2025,NOV-LO,1.6T 하이브리드,FWD,포레스트 그린,2,2,8753,1375,4,44,88.5
2024-10,southeast,NOV,2025,NOV-LO,1.6T 하이브리드,FWD,샌드 베이지,2,2,8753,1375,4,44,88.5
2024-10,west,LUM,2024,LUM-AI,스탠다드 레인지,AWD,스노우 화이트,14,14,38210,-17780,30,63,88.5
2024-10,west,LUM,2024,LUM-AI,스탠다드 레인지,AWD,미드나잇 블랙,11,11,30250,-14076,24,63,88.5
2024-10,west,LUM,2024,LUM-AI,스탠다드 레인지,AWD,스틸 그레이,10,9,25473,-11853,20,63,88.5
2024-10,west,LUM,2024,LUM-AI,스탠다드 레인지,AWD,실버,8,8,20697,-9631,16,63,88.5
2024-10,west,LUM,2024,LUM-AI,스탠다드 레인지,AWD,오션 블루,6,6,15921,-7408,12,63,88.5
2024-10,west,LUM,2024,LUM-AI,스탠다드 레인지,AWD,선셋 레드,5,5,12737,-5927,10,63,88.5
2024-10,west,LUM,2024,LUM-AI,스탠다드 레인지,AWD,포레스트 그린,3,3,7960,-3704,6,62,88.5
2024-10,west,LUM,2024,LUM-AI,스탠다드 레인지,AWD,샌드 베이지,3,3,7960,-3704,6,62,88.5
2024-10,west,LUM,2024,LUM-AI,스탠다드 레인지,FWD,스노우 화이트,18,17,46701,-21731,37,63,88.5
2024-10,west,LUM,2024,LUM-AI,스탠다드 레인지,FWD,미드나잇 블랙,14,14,36972,-17204,29,63,88.5
2024-10,west,LUM,2024,LUM-AI,스탠다드 레인지,FWD,스틸 그레이,12,12,31134,-14487,24,63,88.5
2024-10,west,LUM,2024,LUM-AI,스탠다드 레인지,FWD,실버,10,9,25296,-11771,20,63,88.5
2024-10,west,LUM,2024,LUM-AI,스탠다드 레인지,FWD,오션 블루,7,7,19459,-9055,15,63,88.5
2024-10,west,LUM,2024,LUM-AI,스탠다드 레인지,FWD,선셋 레드,6,6,15567,-7244,12,63,88.5
2024-10,west,LUM,2024,LUM-AI,스탠다드 레인지,FWD,포레스트 그린,4,4,9729,-4527,8,63,88.5
2024-10,west,LUM,2024,LUM-AI,스탠다드 레인지,FWD,샌드 베이지,4,4,9729,-4527,8,63,88.5
2024-10,west,LUM,2024,LUM-AI,롱레인지,AWD,스노우 화이트,23,23,61295,-28522,48,63,88.5
2024-10,west,LUM,2024,LUM-AI,롱레인지,AWD,미드나잇 블랙,18,18,48525,-22580,38,63,88.5
2024-10,west,LUM,2024,LUM-AI,롱레인지,AWD,스틸 그레이,15,15,40864,-19015,32,63,88.5
2024-10,west,LUM,2024,LUM-AI,롱레인지,AWD,실버,12,12,33202,-15449,26,63,88.5
2024-10,west,LUM,2024,LUM-AI,롱레인지,AWD,오션 블루,10,10,25540,-11884,20,63,88.5
2024-10,west,LUM,2024,LUM-AI,롱레인지,AWD,선셋 레드,8,8,20432,-9507,16,63,88.5
2024-10,west,LUM,2024,LUM-AI,롱레인지,AWD,포레스트 그린,5,5,12770,-5942,10,63,88.5
2024-10,west,LUM,2024,LUM-AI,롱레인지,AWD,샌드 베이지,5,5,12770,-5942,10,63,88.5
2024-10,west,LUM,2024,LUM-AI,롱레인지,FWD,스노우 화이트,28,28,74917,-34860,59,63,88.5
2024-10,west,LUM,2024,LUM-AI,롱레인지,FWD,미드나잇 블랙,22,22,59309,-27598,46,63,88.5
2024-10,west,LUM,2024,LUM-AI,롱레인지,FWD,스틸 그레이,19,19,49944,-23240,39,63,88.5
2024-10,west,LUM,2024,LUM-AI,롱레인지,FWD,실버,15,15,40580,-18883,32,63,88.5
2024-10,west,LUM,2024,LUM-AI,롱레인지,FWD,오션 블루,12,12,31215,-14525,24,63,88.5
2024-10,west,LUM,2024,LUM-AI,롱레인지,FWD,선셋 레드,9,9,24972,-11620,20,63,88.5
2024-10,west,LUM,2024,LUM-AI,롱레인지,FWD,포레스트 그린,6,6,15608,-7263,12,63,88.5
2024-10,west,LUM,2024,LUM-AI,롱레인지,FWD,샌드 베이지,6,6,15608,-7263,12,63,88.5
2024-10,west,LUM,2024,LUM-RA,스탠다드 레인지,AWD,스노우 화이트,17,16,48090,-16740,35,63,88.5
2024-10,west,LUM,2024,LUM-RA,스탠다드 레인지,AWD,미드나잇 블랙,13,13,38072,-13253,27,63,88.5
2024-10,west,LUM,2024,LUM-RA,스탠다드 레인지,AWD,스틸 그레이,11,11,32060,-11160,23,63,88.5
2024-10,west,LUM,2024,LUM-RA,스탠다드 레인지,AWD,실버,9,9,26049,-9068,19,63,88.5
2024-10,west,LUM,2024,LUM-RA,스탠다드 레인지,AWD,오션 블루,7,7,20038,-6975,14,63,88.5
2024-10,west,LUM,2024,LUM-RA,스탠다드 레인지,AWD,선셋 레드,6,5,16030,-5580,12,63,88.5
2024-10,west,LUM,2024,LUM-RA,스탠다드 레인지,AWD,포레스트 그린,3,3,10019,-3488,7,63,88.5
2024-10,west,LUM,2024,LUM-RA,스탠다드 레인지,AWD,샌드 베이지,3,3,10019,-3488,7,63,88.5
2024-10,west,LUM,2024,LUM-RA,스탠다드 레인지,FWD,스노우 화이트,20,20,58777,-20460,42,63,88.5
2024-10,west,LUM,2024,LUM-RA,스탠다드 레인지,FWD,미드나잇 블랙,16,16,46532,-16198,34,63,88.5
2024-10,west,LUM,2024,LUM-RA,스탠다드 레인지,FWD,스틸 그레이,14,13,39185,-13640,28,63,88.5
2024-10,west,LUM,2024,LUM-RA,스탠다드 레인지,FWD,실버,11,11,31838,-11083,23,63,88.5
2024-10,west,LUM,2024,LUM-RA,스탠다드 레인지,FWD,오션 블루,8,8,24491,-8525,18,63,88.5
2024-10,west,LUM,2024,LUM-RA,스탠다드 레인지,FWD,선셋 레드,7,7,19592,-6820,14,63,88.5
2024-10,west,LUM,2024,LUM-RA,스탠다드 레인지,FWD,포레스트 그린,4,4,12245,-4263,9,63,88.5
2024-10,west,LUM,2024,LUM-RA,스탠다드 레인지,FWD,샌드 베이지,4,4,12245,-4263,9,63,88.5
2024-10,west,LUM,2024,LUM-RA,롱레인지,AWD,스노우 화이트,27,26,77145,-26854,56,63,88.5
2024-10,west,LUM,2024,LUM-RA,롱레인지,AWD,미드나잇 블랙,21,21,61073,-21259,44,63,88.5
2024-10,west,LUM,2024,LUM-RA,롱레인지,AWD,스틸 그레이,18,18,51430,-17903,37,63,88.5
2024-10,west,LUM,2024,LUM-RA,롱레인지,AWD,실버,14,14,41787,-14546,30,63,88.5
2024-10,west,LUM,2024,LUM-RA,롱레인지,AWD,오션 블루,11,11,32144,-11189,23,63,88.5
2024-10,west,LUM,2024,LUM-RA,롱레인지,AWD,선셋 레드,9,9,25715,-8951,19,63,88.5
2024-10,west,LUM,2024,LUM-RA,롱레인지,AWD,포레스트 그린,6,6,16072,-5595,12,63,88.5
2024-10,west,LUM,2024,LUM-RA,롱레인지,AWD,샌드 베이지,6,6,16072,-5595,12,63,88.5
2024-10,west,LUM,2024,LUM-RA,롱레인지,FWD,스노우 화이트,33,32,94289,-32822,68,63,88.5
2024-10,west,LUM,2024,LUM-RA,롱레인지,FWD,미드나잇 블랙,26,26,74645,-25984,54,63,88.5
2024-10,west,LUM,2024,LUM-RA,롱레인지,FWD,스틸 그레이,22,22,62859,-21881,45,63,88.5
2024-10,west,LUM,2024,LUM-RA,롱레인지,FWD,실버,18,18,51073,-17778,37,63,88.5
2024-10,west,LUM,2024,LUM-RA,롱레인지,FWD,오션 블루,14,13,39287,-13676,28,63,88.5
2024-10,west,LUM,2024,LUM-RA,롱레인지,FWD,선셋 레드,11,11,31430,-10941,23,63,88.5
2024-10,west,LUM,2024,LUM-RA,롱레인지,FWD,포레스트 그린,7,7,19643,-6838,14,63,88.5
2024-10,west,LUM,2024,LUM-RA,롱레인지,FWD,샌드 베이지,7,7,19643,-6838,14,63,88.5
2024-10,west,LUM,2024,LUM-SP,스탠다드 레인지,AWD,스노우 화이트,7,7,22428,-4094,14,63,88.5
2024-10,west,LUM,2024,LUM-SP,스탠다드 레인지,AWD,미드나잇 블랙,5,5,17755,-3241,11,63,88.5
2024-10,west,LUM,2024,LUM-SP,스탠다드 레인지,AWD,스틸 그레이,5,4,14952,-2729,9,63,88.5
2024-10,west,LUM,2024,LUM-SP,스탠다드 레인지,AWD,실버,4,4,12148,-2218,8,63,88.5
2024-10,west,LUM,2024,LUM-SP,스탠다드 레인지,AWD,오션 블루,3,3,9345,-1706,6,59,88.5
2024-10,west,LUM,2024,LUM-SP,스탠다드 레인지,AWD,선셋 레드,2,2,7476,-1365,5,47,88.5
2024-10,west,LUM,2024,LUM-SP,스탠다드 레인지,AWD,포레스트 그린,1,1,4672,-853,3,30,88.5
2024-10,west,LUM,2024,LUM-SP,스탠다드 레인지,AWD,샌드 베이지,1,1,4672,-853,3,30,88.5
2024-10,west,LUM,2024,LUM-SP,스탠다드 레인지,FWD,스노우 화이트,8,8,27412,-5004,17,63,88.5
2024-10,west,LUM,2024,LUM-SP,스탠다드 레인지,FWD,미드나잇 블랙,7,7,21701,-3961,14,63,88.5
2024-10,west,LUM,2024,LUM-SP,스탠다드 레인지,FWD,스틸 그레이,6,5,18274,-3336,12,63,88.5
2024-10,west,LUM,2024,LUM-SP,스탠다드 레인지,FWD,실버,5,4,14848,-2710,9,63,88.5
2024-10,west,LUM,2024,LUM-SP,스탠다드 레인지,FWD,오션 블루,3,3,11421,-2085,7,63,88.5
2024-10,west,LUM,2024,LUM-SP,스탠다드 레인지,FWD,선셋 레드,3,3,9137,-1668,6,58,88.5
2024-10,west,LUM,2024,LUM-SP,스탠다드 레인지,FWD,포레스트 그린,2,2,5711,-1042,4,36,88.5
2024-10,west,LUM,2024,LUM-SP,스탠다드 레인지,FWD,샌드 베이지,2,2,5711,-1042,4,36,88.5
2024-10,west,LUM,2024,LUM-SP,롱레인지,AWD,스노우 화이트,11,11,35978,-6567,23,63,88.5
2024-10,west,LUM,2024,LUM-SP,롱레인지,AWD,미드나잇 블랙,9,9,28482,-5199,18,63,88.5
2024-10,west,LUM,2024,LUM-SP,롱레인지,AWD,스틸 그레이,7,7,23985,-4378,15,63,88.5
2024-10,west,LUM,2024,LUM-SP,롱레인지,AWD,실버,6,6,19488,-3557,12,63,88.5
2024-10,west,LUM,2024,LUM-SP,롱레인지,AWD,오션 블루,5,5,14991,-2736,9,63,88.5
2024-10,west,LUM,2024,LUM-SP,롱레인지,AWD,선셋 레드,4,4,11993,-2189,8,63,88.5
2024-10,west,LUM,2024,LUM-SP,롱레인지,AWD,포레스트 그린,2,2,7495,-1368,5,47,88.5
2024-10,west,LUM,2024,LUM-SP,롱레인지,AWD,샌드 베이지,2,2,7495,-1368,5,47,88.5
2024-10,west,LUM,2024,LUM-SP,롱레인지,FWD,스노우 화이트,13,13,43973,-8027,28,63,88.5
2024-10,west,LUM,2024,LUM-SP,롱레인지,FWD,미드나잇 블랙,11,10,34812,-6355,22,63,88.5
2024-10,west,LUM,2024,LUM-SP,롱레인지,FWD,스틸 그레이,9,9,29315,-5351,19,63,88.5
2024-10,west,LUM,2024,LUM-SP,롱레인지,FWD,실버,7,7,23819,-4348,15,63,88.5
2024-10,west,LUM,2024,LUM-SP,롱레인지,FWD,오션 블루,6,6,18322,-3345,12,63,88.5
2024-10,west,LUM,2024,LUM-SP,롱레인지,FWD,선셋 레드,4,4,14658,-2676,9,63,88.5
2024-10,west,LUM,2024,LUM-SP,롱레인지,FWD,포레스트 그린,3,3,9161,-1672,6,58,88.5
2024-10,west,LUM,2024,LUM-SP,롱레인지,FWD,샌드 베이지,3,3,9161,-1672,6,58,88.5
2024-10,west,LUM,2025,LUM-AI,스탠다드 레인지,AWD,스노우 화이트,27,26,70962,-33020,56,63,88.5
2024-10,west,LUM,2025,LUM-AI,스탠다드 레인지,AWD,미드나잇 블랙,21,21,56178,-26141,44,63,88.5
2024-10,west,LUM,2025,LUM-AI,스탠다드 레인지,AWD,스틸 그레이,18,18,47308,-22013,37,63,88.5
2024-10,west,LUM,2025,LUM-AI,스탠다드 레인지,AWD,실버,14,14,38438,-17886,30,63,88.5
2024-10,west,LUM,2025,LUM-AI,스탠다드 레인지,AWD,오션 블루,11,11,29567,-13758,23,63,88.5
2024-10,west,LUM,2025,LUM-AI,스탠다드 레인지,AWD,선셋 레드,9,9,23654,-11007,19,63,88.5
2024-10,west,LUM,2025,LUM-AI,스탠다드 레인지,AWD,포레스트 그린,6,6,14784,-6879,12,63,88.5
2024-10,west,LUM,2025,LUM-AI,스탠다드 레인지,AWD,샌드 베이지,6,6,14784,-6879,12,63,88.5
2024-10,west,LUM,2025,LUM-AI,스탠다드 레인지,FWD,스노우 화이트,33,32,86731,-40358,68,63,88.5
2024-10,west,LUM,2025,LUM-AI,스탠다드 레인지,FWD,미드나잇 블랙,26,26,68662,-31950,54,63,88.5
2024-10,west,LUM,2025,LUM-AI,스탠다드 레인지,FWD,스틸 그레이,22,22,57821,-26905,45,63,88.5
2024-10,west,LUM,2025,LUM-AI,스탠다드 레인지,FWD,실버,18,18,46979,-21860,37,63,88.5
2024-10,west,LUM,2025,LUM-AI,스탠다드 레인지,FWD,오션 블루,14,13,36138,-16816,28,63,88.5
2024-10,west,LUM,2025,LUM-AI,스탠다드 레인지,FWD,선셋 레드,11,11,28910,-13453,23,63,88.5
2024-10,west,LUM,2025,LUM-AI,스탠다드 레인지,FWD,포레스트 그린,7,7,18069,-8408,14,63,88.5
2024-10,west,LUM,2025,LUM-AI,스탠다드 레인지,FWD,샌드 베이지,7,7,18069,-8408,14,63,88.5
2024-10,west,LUM,2025,LUM-AI,롱레인지,AWD,스노우 화이트,43,42,113834,-52970,89,63,88.5
2024-10,west,LUM,2025,LUM-AI,롱레인지,AWD,미드나잇 블랙,34,34,90119,-41934,71,63,88.5
2024-10,west,LUM,2025,LUM-AI,롱레인지,AWD,스틸 그레이,29,28,75889,-35313,59,63,88.5
2024-10,west,LUM,2025,LUM-AI,롱레인지,AWD,실버,23,23,61660,-28692,48,63,88.5
2024-10,west,LUM,2025,LUM-AI,롱레인지,AWD,오션 블루,18,18,47431,-22071,37,63,88.5
2024-10,west,LUM,2025,LUM-AI,롱레인지,AWD,선셋 레드,14,14,37945,-17657,30,63,88.5
2024-10,west,LUM,2025,LUM-AI,롱레인지,AWD,포레스트 그린,9,9,23715,-11035,19,63,88.5
2024-10,west,LUM,2025,LUM-AI,롱레인지,AWD,샌드 베이지,9,9,23715,-11035,19,63,88.5
2024-10,west,LUM,2025,LUM-AI,롱레인지,FWD,스노우 화이트,52,52,139131,-64741,109,63,88.5
2024-10,west,LUM,2025,LUM-AI,롱레인지,FWD,미드나잇 블랙,41,41,110145,-51253,86,63,88.5
2024-10,west,LUM,2025,LUM-AI,롱레인지,FWD,스틸 그레이,35,35,92754,-43160,73,63,88.5
2024-10,west,LUM,2025,LUM-AI,롱레인지,FWD,실버,28,28,75362,-35068,59,63,88.5
2024-10,west,LUM,2025,LUM-AI,롱레인지,FWD,오션 블루,22,22,57971,-26975,45,63,88.5
2024-10,west,LUM,2025,LUM-AI,롱레인지,FWD,선셋 레드,17,17,46377,-21580,36,63,88.5
2024-10,west,LUM,2025,LUM-AI,롱레인지,FWD,포레스트 그린,11,11,28986,-13488,23,63,88.5
2024-10,west,LUM,2025,LUM-AI,롱레인지,FWD,샌드 베이지,11,11,28986,-13488,23,63,88.5
2024-10,west,LUM,2025,LUM-RA,스탠다드 레인지,AWD,스노우 화이트,31,31,89311,-31089,64,63,88.5
2024-10,west,LUM,2025,LUM-RA,스탠다드 레인지,AWD,미드나잇 블랙,24,24,70704,-24612,51,63,88.5
2024-10,west,LUM,2025,LUM-RA,스탠다드 레인지,AWD,스틸 그레이,21,20,59541,-20726,43,63,88.5
2024-10,west,LUM,2025,LUM-RA,스탠다드 레인지,AWD,실버,17,17,48377,-16840,35,63,88.5
2024-10,west,LUM,2025,LUM-RA,스탠다드 레인지,AWD,오션 블루,13,13,37213,-12954,27,63,88.5
2024-10,west,LUM,2025,LUM-RA,스탠다드 레인지,AWD,선셋 레드,10,10,29770,-10363,21,63,88.5
2024-10,west,LUM,2025,LUM-RA,스탠다드 레인지,AWD,포레스트 그린,6,6,18606,-6477,13,63,88.5
2024-10,west,LUM,2025,LUM-RA,스탠다드 레인지,AWD,샌드 베이지,6,6,18606,-6477,13,63,88.5
2024-10,west,LUM,2025,LUM-RA,스탠다드 레인지,FWD,스노우 화이트,38,37,109158,-37997,79,63,88.5
2024-10,west,LUM,2025,LUM-RA,스탠다드 레인지,FWD,미드나잇 블랙,30,30,86417,-30081,62,63,88.5
2024-10,west,LUM,2025,LUM-RA,스탠다드 레인지,FWD,스틸 그레이,25,25,72772,-25332,52,63,88.5
2024-10,west,LUM,2025,LUM-RA,스탠다드 레인지,FWD,실버,20,20,59127,-20582,43,63,88.5
2024-10,west,LUM,2025,LUM-RA,스탠다드 레인지,FWD,오션 블루,16,16,45482,-15832,33,63,88.5
2024-10,west,LUM,2025,LUM-RA,스탠다드 레인지,FWD,선셋 레드,13,12,36386,-12666,26,63,88.5
2024-10,west,LUM,2025,LUM-RA,스탠다드 레인지,FWD,포레스트 그린,8,8,22741,-7916,16,63,88.5
2024-10,west,LUM,2025,LUM-RA,스탠다드 레인지,FWD,샌드 베이지,8,8,22741,-7916,16,63,88.5
2024-10,west,LUM,2025,LUM-RA,롱레인지,AWD,스노우 화이트,50,49,143270,-49872,103,63,88.5
2024-10,west,LUM,2025,LUM-RA,롱레인지,AWD,미드나잇 블랙,39,39,113422,-39482,82,63,88.5
2024-10,west,LUM,2025,LUM-RA,롱레인지,AWD,스틸 그레이,33,33,95513,-33248,69,63,88.5
2024-10,west,LUM,2025,LUM-RA,롱레인지,AWD,실버,27,27,77604,-27014,56,63,88.5
2024-10,west,LUM,2025,LUM-RA,롱레인지,AWD,오션 블루,21,20,59696,-20780,43,63,88.5
2024-10,west,LUM,2025,LUM-RA,롱레인지,AWD,선셋 레드,17,16,47757,-16624,34,63,88.5
2024-10,west,LUM,2025,LUM-RA,롱레인지,AWD,포레스트 그린,10,10,29848,-10390,22,63,88.5
2024-10,west,LUM,2025,LUM-RA,롱레인지,AWD,샌드 베이지,10,10,29848,-10390,22,63,88.5
2024-10,west,LUM,2025,LUM-RA,롱레인지,FWD,스노우 화이트,61,60,175107,-60954,126,63,88.5
2024-10,west,LUM,2025,LUM-RA,롱레인지,FWD,미드나잇 블랙,48,48,138627,-48255,100,63,88.5
2024-10,west,LUM,2025,LUM-RA,롱레인지,FWD,스틸 그레이,40,40,116738,-40636,84,63,88.5
2024-10,west,LUM,2025,LUM-RA,롱레인지,FWD,실버,33,33,94850,-33017,68,63,88.5
2024-10,west,LUM,2025,LUM-RA,롱레인지,FWD,오션 블루,25,25,72961,-25398,53,63,88.5
2024-10,west,LUM,2025,LUM-RA,롱레인지,FWD,선셋 레드,20,20,58369,-20318,42,63,88.5
2024-10,west,LUM,2025,LUM-RA,롱레인지,FWD,포레스트 그린,13,13,36481,-12699,26,63,88.5
2024-10,west,LUM,2025,LUM-RA,롱레인지,FWD,샌드 베이지,13,13,36481,-12699,26,63,88.5
2024-10,west,LUM,2025,LUM-SP,스탠다드 레인지,AWD,스노우 화이트,13,13,41651,-7603,26,63,88.5
2024-10,west,LUM,2025,LUM-SP,스탠다드 레인지,AWD,미드나잇 블랙,10,10,32974,-6019,21,63,88.5
2024-10,west,LUM,2025,LUM-SP,스탠다드 레인지,AWD,스틸 그레이,8,8,27768,-5069,18,63,88.5
2024-10,west,LUM,2025,LUM-SP,스탠다드 레인지,AWD,실버,7,7,22561,-4118,14,63,88.5
2024-10,west,LUM,2025,LUM-SP,스탠다드 레인지,AWD,오션 블루,5,5,17355,-3168,11,63,88.5
2024-10,west,LUM,2025,LUM-SP,스탠다드 레인지,AWD,선셋 레드,4,4,13884,-2534,9,63,88.5
2024-10,west,LUM,2025,LUM-SP,스탠다드 레인지,AWD,포레스트 그린,3,3,8677,-1584,5,55,88.5
2024-10,west,LUM,2025,LUM-SP,스탠다드 레인지,AWD,샌드 베이지,3,3,8677,-1584,5,55,88.5
2024-10,west,LUM,2025,LUM-SP,스탠다드 레인지,FWD,스노우 화이트,15,15,50907,-9293,32,63,88.5
2024-10,west,LUM,2025,LUM-SP,스탠다드 레인지,FWD,미드나잇 블랙,12,12,40302,-7357,25,63,88.5
2024-10,west,LUM,2025,LUM-SP,스탠다드 레인지,FWD,스틸 그레이,10,10,33938,-6195,21,63,88.5
2024-10,west,LUM,2025,LUM-SP,스탠다드 레인지,FWD,실버,8,8,27575,-5034,17,63,88.5
2024-10,west,LUM,2025,LUM-SP,스탠다드 레인지,FWD,오션 블루,6,6,21211,-3872,13,63,88.5
2024-10,west,LUM,2025,LUM-SP,스탠다드 레인지,FWD,선셋 레드,5,5,16969,-3098,11,63,88.5
2024-10,west,LUM,2025,LUM-SP,스탠다드 레인지,FWD,포레스트 그린,3,3,10606,-1936,7,63,88.5
2024-10,west,LUM,2025,LUM-SP,스탠다드 레인지,FWD,샌드 베이지,3,3,10606,-1936,7,63,88.5
2024-10,west,LUM,2025,LUM-SP,롱레인지,AWD,스노우 화이트,20,20,66816,-12197,42,63,88.5
2024-10,west,LUM,2025,LUM-SP,롱레인지,AWD,미드나잇 블랙,16,16,52896,-9656,33,63,88.5
2024-10,west,LUM,2025,LUM-SP,롱레인지,AWD,스틸 그레이,14,13,44544,-8131,28,63,88.5
2024-10,west,LUM,2025,LUM-SP,롱레인지,AWD,실버,11,11,36192,-6607,23,63,88.5
2024-10,west,LUM,2025,LUM-SP,롱레인지,AWD,오션 블루,8,8,27840,-5082,18,63,88.5
2024-10,west,LUM,2025,LUM-SP,롱레인지,AWD,선셋 레드,7,7,22272,-4066,14,63,88.5
2024-10,west,LUM,2025,LUM-SP,롱레인지,AWD,포레스트 그린,4,4,13920,-2541,9,63,88.5
2024-10,west,LUM,2025,LUM-SP,롱레인지,AWD,샌드 베이지,4,4,13920,-2541,9,63,88.5
2024-10,west,LUM,2025,LUM-SP,롱레인지,FWD,스노우 화이트,25,25,81664,-14907,52,63,88.5
2024-10,west,LUM,2025,LUM-SP,롱레인지,FWD,미드나잇 블랙,20,19,64650,-11801,41,63,88.5
2024-10,west,LUM,2025,LUM-SP,롱레인지,FWD,스틸 그레이,17,16,54442,-9938,34,63,88.5
2024-10,west,LUM,2025,LUM-SP,롱레인지,FWD,실버,13,13,44234,-8075,28,63,88.5
2024-10,west,LUM,2025,LUM-SP,롱레인지,FWD,오션 블루,10,10,34027,-6211,22,63,88.5
2024-10,west,LUM,2025,LUM-SP,롱레인지,FWD,선셋 레드,8,8,27221,-4969,17,63,88.5
2024-10,west,LUM,2025,LUM-SP,롱레인지,FWD,포레스트 그린,5,5,17013,-3106,11,63,88.5
2024-10,west,LUM,2025,LUM-SP,롱레인지,FWD,샌드 베이지,5,5,17013,-3106,11,63,88.5
2024-10,central,LUM,2024,LUM-AI,스탠다드 레인지,AWD,스노우 화이트,6,6,15962,-7427,13,63,88.5
2024-10,central,LUM,2024,LUM-AI,스탠다드 레인지,AWD,미드나잇 블랙,5,5,12636,-5880,10,63,88.5
2024-10,central,LUM,2024,LUM-AI,스탠다드 레인지,AWD,스틸 그레이,4,4,10641,-4952,8,63,88.5
2024-10,central,LUM,2024,LUM-AI,스탠다드 레인지,AWD,실버,3,3,8646,-4023,7,63,88.5
2024-10,central,LUM,2024,LUM-AI,스탠다드 레인지,AWD,오션 블루,3,2,6651,-3095,5,52,88.5
2024-10,central,LUM,2024,LUM-AI,스탠다드 레인지,AWD,선셋 레드,2,2,5321,-2476,4,42,88.5
2024-10,central,LUM,2024,LUM-AI,스탠다드 레인지,AWD,포레스트 그린,1,1,3325,-1547,3,26,88.5
2024-10,central,LUM,2024,LUM-AI,스탠다드 레인지,AWD,샌드 베이지,1,1,3325,-1547,3,26,88.5
2024-10,central,LUM,2024,LUM-AI,스탠다드 레인지,FWD,스노우 화이트,6,6,14882,-6925,12,63,88.5
2024-10,central,LUM,2024,LUM-AI,스탠다드 레인지,FWD,미드나잇 블랙,4,4,11782,-5482,9,63,88.5
2024-10,central,LUM,2024,LUM-AI,스탠다드 레인지,FWD,스틸 그레이,4,4,9921,-4617,8,63,88.5
2024-10,central,LUM,2024,LUM-AI,스탠다드 레인지,FWD,실버,3,3,8061,-3751,6,63,88.5
2024-10,central,LUM,2024,LUM-AI,스탠다드 레인지,FWD,오션 블루,2,2,6201,-2885,5,49,88.5
2024-10,central,LUM,2024,LUM-AI,스탠다드 레인지,FWD,선셋 레드,2,2,4961,-2308,4,39,88.5
2024-10,central,LUM,2024,LUM-AI,스탠다드 레인지,FWD,포레스트 그린,1,1,3100,-1443,2,24,88.5
2024-10,central,LUM,2024,LUM-AI,스탠다드 레인지,FWD,샌드 베이지,1,1,3100,-1443,2,24,88.5
2024-10,central,LUM,2024,LUM-AI,롱레인지,AWD,스노우 화이트,10,10,25605,-11915,20,63,88.5
2024-10,central,LUM,2024,LUM-AI,롱레인지,AWD,미드나잇 블랙,8,8,20271,-9432,16,63,88.5
2024-10,central,LUM,2024,LUM-AI,롱레인지,AWD,스틸 그레이,6,6,17070,-7943,13,63,88.5
2024-10,central,LUM,2024,LUM-AI,롱레인지,AWD,실버,5,5,13869,-6454,11,63,88.5
2024-10,central,LUM,2024,LUM-AI,롱레인지,AWD,오션 블루,4,4,10669,-4964,8,63,88.5
2024-10,central,LUM,2024,LUM-AI,롱레인지,AWD,선셋 레드,3,3,8535,-3972,7,63,88.5
2024-10,central,LUM,2024,LUM-AI,롱레인지,AWD,포레스트 그린,2,2,5334,-2482,4,42,88.5
2024-10,central,LUM,2024,LUM-AI,롱레인지,AWD,샌드 베이지,2,2,5334,-2482,4,42,88.5
2024-10,central,LUM,2024,LUM-AI,롱레인지,FWD,스노우 화이트,9,9,23873,-11109,19,63,88.5
2024-10,central,LUM,2024,LUM-AI,롱레인지,FWD,미드나잇 블랙,7,7,18900,-8795,15,63,88.5
2024-10,central,LUM,2024,LUM-AI,롱레인지,FWD,스틸 그레이,6,6,15916,-7406,12,63,88.5
2024-10,central,LUM,2024,LUM-AI,롱레인지,FWD,실버,5,5,12931,-6017,10,63,88.5
2024-10,central,LUM,2024,LUM-AI,롱레인지,FWD,오션 블루,4,4,9947,-4629,8,63,88.5
2024-10,central,LUM,2024,LUM-AI,롱레인지,FWD,선셋 레드,3,3,7958,-3703,6,62,88.5
2024-10,central,LUM,2024,LUM-AI,롱레인지,FWD,포레스트 그린,2,2,4974,-2314,4,39,88.5
2024-10,central,LUM,2024,LUM-AI,롱레인지,FWD,샌드 베이지,2,2,4974,-2314,4,39,88.5
2024-10,central,LUM,2024,LUM-RA,스탠다드 레인지,AWD,스노우 화이트,7,7,20089,-6993,14,63,88.5
2024-10,central,LUM,2024,LUM-RA,스탠다드 레인지,AWD,미드나잇 블랙,6,5,15904,-5536,11,63,88.5
2024-10,central,LUM,2024,LUM-RA,스탠다드 레인지,AWD,스틸 그레이,5,5,13393,-4662,10,63,88.5
2024-10,central,LUM,2024,LUM-RA,스탠다드 레인지,AWD,실버,4,4,10882,-3788,8,63,88.5
2024-10,central,LUM,2024,LUM-RA,스탠다드 레인지,AWD,오션 블루,3,3,8370,-2914,6,60,88.5
2024-10,central,LUM,2024,LUM-RA,스탠다드 레인지,AWD,선셋 레드,2,2,6696,-2331,5,48,88.5
2024-10,central,LUM,2024,LUM-RA,스탠다드 레인지,AWD,포레스트 그린,1,1,4185,-1457,3,30,88.5
2024-10,central,LUM,2024,LUM-RA,스탠다드 레인지,AWD,샌드 베이지,1,1,4185,-1457,3,30,88.5
2024-10,central,LUM,2024,LUM-RA,스탠다드 레인지,FWD,스노우 화이트,6,6,18730,-6520,14,63,88.5
2024-10,central,LUM,2024,LUM-RA,스탠다드 레인지,FWD,미드나잇 블랙,5,5,14828,-5162,11,63,88.5
2024-10,central,LUM,2024,LUM-RA,스탠다드 레인지,FWD,스틸 그레이,4,4,12487,-4347,9,63,88.5
2024-10,central,LUM,2024,LUM-RA,스탠다드 레인지,FWD,실버,4,3,10146,-3532,7,63,88.5
2024-10,central,LUM,2024,LUM-RA,스탠다드 레인지,FWD,오션 블루,3,3,7804,-2717,6,56,88.5
2024-10,central,LUM,2024,LUM-RA,스탠다드 레인지,FWD,선셋 레드,2,2,6243,-2173,5,45,88.5
2024-10,central,LUM,2024,LUM-RA,스탠다드 레인지,FWD,포레스트 그린,1,1,3902,-1358,3,28,88.5
2024-10,central,LUM,2024,LUM-RA,스탠다드 레인지,FWD,샌드 베이지,1,1,3902,-1358,3,28,88.5
2024-10,central,LUM,2024,LUM-RA,롱레인지,AWD,스노우 화이트,11,11,32226,-11218,23,63,88.5
2024-10,central,LUM,2024,LUM-RA,롱레인지,AWD,미드나잇 블랙,9,9,25512,-8881,18,63,88.5
2024-10,central,LUM,2024,LUM-RA,롱레인지,AWD,스틸 그레이,7,7,21484,-7479,15,63,88.5
2024-10,central,LUM,2024,LUM-RA,롱레인지,AWD,실버,6,6,17456,-6076,13,63,88.5
2024-10,central,LUM,2024,LUM-RA,롱레인지,AWD,오션 블루,5,5,13428,-4674,10,63,88.5
2024-10,central,LUM,2024,LUM-RA,롱레인지,AWD,선셋 레드,4,4,10742,-3739,8,63,88.5
2024-10,central,LUM,2024,LUM-RA,롱레인지,AWD,포레스트 그린,2,2,6714,-2337,5,48,88.5
2024-10,central,LUM,2024,LUM-RA,롱레인지,AWD,샌드 베이지,2,2,6714,-2337,5,48,88.5
2024-10,central,LUM,2024,LUM-RA,롱레인지,FWD,스노우 화이트,10,10,30047,-10459,22,63,88.5
2024-10,central,LUM,2024,LUM-RA,롱레인지,FWD,미드나잇 블랙,8,8,23787,-8280,17,63,88.5
2024-10,central,LUM,2024,LUM-RA,롱레인지,FWD,스틸 그레이,7,7,20031,-6973,14,63,88.5
2024-10,central,LUM,2024,LUM-RA,롱레인지,FWD,실버,6,6,16275,-5665,12,63,88.5
2024-10,central,LUM,2024,LUM-RA,롱레인지,FWD,오션 블루,4,4,12519,-4358,9,63,88.5
2024-10,central,LUM,2024,LUM-RA,롱레인지,FWD,선셋 레드,3,3,10016,-3486,7,63,88.5
2024-10,central,LUM,2024,LUM-RA,롱레인지,FWD,포레스트 그린,2,2,6260,-2179,5,45,88.5
2024-10,central,LUM,2024,LUM-RA,롱레인지,FWD,샌드 베이지,2,2,6260,-2179,5,45,88.5
2024-10,central,LUM,2024,LUM-SP,스탠다드 레인지,AWD,스노우 화이트,3,3,9369,-1710,6,59,88.5
2024-10,central,LUM,2024,LUM-SP,스탠다드 레인지,AWD,미드나잇 블랙,2,2,7417,-1354,5,47,88.5
2024-10,central,LUM,2024,LUM-SP,스탠다드 레인지,AWD,스틸 그레이,2,2,6246,-1140,4,40,88.5
2024-10,central,LUM,2024,LUM-SP,스탠다드 레인지,AWD,실버,2,2,5075,-926,3,32,88.5
2024-10,central,LUM,2024,LUM-SP,스탠다드 레인지,AWD,오션 블루,1,1,3904,-713,2,25,88.5
2024-10,central,LUM,2024,LUM-SP,스탠다드 레인지,AWD,선셋 레드,1,1,3123,-570,2,20,88.5
2024-10,central,LUM,2024,LUM-SP,스탠다드 레인지,AWD,포레스트 그린,1,1,1952,-356,1,12,88.5
2024-10,central,LUM,2024,LUM-SP,스탠다드 레인지,AWD,샌드 베이지,1,1,1952,-356,1,12,88.5
2024-10,central,LUM,2024,LUM-SP,스탠다드 레인지,FWD,스노우 화이트,3,3,8735,-1595,6,55,88.5
2024-10,central,LUM,2024,LUM-SP,스탠다드 레인지,FWD,미드나잇 블랙,2,2,6915,-1262,4,44,88.5
2024-10,central,LUM,2024,LUM-SP,스탠다드 레인지,FWD,스틸 그레이,2,2,5823,-1063,4,37,88.5
2024-10,central,LUM,2024,LUM-SP,스탠다드 레인지,FWD,실버,1,1,4732,-864,3,30,88.5
2024-10,central,LUM,2024,LUM-SP,스탠다드 레인지,FWD,오션 블루,1,1,3640,-664,2,23,88.5
2024-10,central,LUM,2024,LUM-SP,스탠다드 레인지,FWD,선셋 레드,1,1,2912,-532,2,18,88.5
2024-10,central,LUM,2024,LUM-SP,스탠다드 레인지,FWD,포레스트 그린,1,1,1820,-332,1,12,88.5
2024-10,central,LUM,2024,LUM-SP,스탠다드 레인지,FWD,샌드 베이지,1,1,1820,-332,1,12,88.5
2024-10,central,LUM,2024,LUM-SP,롱레인지,AWD,스노우 화이트,5,5,15029,-2743,10,63,88.5
2024-10,central,LUM,2024,LUM-SP,롱레인지,AWD,미드나잇 블랙,4,4,11898,-2172,8,63,88.5
2024-10,central,LUM,2024,LUM-SP,롱레인지,AWD,스틸 그레이,3,3,10019,-1829,6,63,88.5
2024-10,central,LUM,2024,LUM-SP,롱레인지,AWD,실버,2,2,8141,-1486,5,51,88.5
2024-10,central,LUM,2024,LUM-SP,롱레인지,AWD,오션 블루,2,2,6262,-1143,4,40,88.5
2024-10,central,LUM,2024,LUM-SP,롱레인지,AWD,선셋 레드,2,2,5010,-914,3,32,88.5
2024-10,central,LUM,2024,LUM-SP,롱레인지,AWD,포레스트 그린,1,1,3131,-572,2,20,88.5
2024-10,central,LUM,2024,LUM-SP,롱레인지,AWD,샌드 베이지,1,1,3131,-572,2,20,88.5
2024-10,central,LUM,2024,LUM-SP,롱레인지,FWD,스노우 화이트,4,4,14013,-2558,9,63,88.5
2024-10,central,LUM,2024,LUM-SP,롱레인지,FWD,미드나잇 블랙,3,3,11093,-2025,7,63,88.5
2024-10,central,LUM,2024,LUM-SP,롱레인지,FWD,스틸 그레이,3,3,9342,-1705,6,59,88.5
2024-10,central,LUM,2024,LUM-SP,롱레인지,FWD,실버,2,2,7590,-1386,5,48,88.5
2024-10,central,LUM,2024,LUM-SP,롱레인지,FWD,오션 블루,2,2,5839,-1066,4,37,88.5
2024-10,central,LUM,2024,LUM-SP,롱레인지,FWD,선셋 레드,1,1,4671,-853,3,30,88.5
2024-10,central,LUM,2024,LUM-SP,롱레인지,FWD,포레스트 그린,1,1,2919,-533,2,18,88.5
2024-10,central,LUM,2024,LUM-SP,롱레인지,FWD,샌드 베이지,1,1,2919,-533,2,18,88.5
2024-10,central,LUM,2025,LUM-AI,스탠다드 레인지,AWD,스노우 화이트,11,11,29643,-13794,23,63,88.5
2024-10,central,LUM,2025,LUM-AI,스탠다드 레인지,AWD,미드나잇 블랙,9,9,23467,-10920,18,63,88.5
2024-10,central,LUM,2025,LUM-AI,스탠다드 레인지,AWD,스틸 그레이,7,7,19762,-9196,15,63,88.5
2024-10,central,LUM,2025,LUM-AI,스탠다드 레인지,AWD,실버,6,6,16057,-7472,13,63,88.5
2024-10,central,LUM,2025,LUM-AI,스탠다드 레인지,AWD,오션 블루,5,5,12351,-5747,10,63,88.5
2024-10,central,LUM,2025,LUM-AI,스탠다드 레인지,AWD,선셋 레드,4,4,9881,-4598,8,63,88.5
2024-10,central,LUM,2025,LUM-AI,스탠다드 레인지,AWD,포레스트 그린,2,2,6176,-2874,5,48,88.5
2024-10,central,LUM,2025,LUM-AI,스탠다드 레인지,AWD,샌드 베이지,2,2,6176,-2874,5,48,88.5
2024-10,central,LUM,2025,LUM-AI,스탠다드 레인지,FWD,스노우 화이트,10,10,27638,-12861,22,63,88.5
2024-10,central,LUM,2025,LUM-AI,스탠다드 레인지,FWD,미드나잇 블랙,8,8,21880,-10181,17,63,88.5
2024-10,central,LUM,2025,LUM-AI,스탠다드 레인지,FWD,스틸 그레이,7,7,18426,-8574,14,63,88.5
2024-10,central,LUM,2025,LUM-AI,스탠다드 레인지,FWD,실버,6,6,14971,-6966,12,63,88.5
2024-10,central,LUM,2025,LUM-AI,스탠다드 레인지,FWD,오션 블루,4,4,11516,-5359,9,63,88.5
2024-10,central,LUM,2025,LUM-AI,스탠다드 레인지,FWD,선셋 레드,3,3,9213,-4287,7,63,88.5
2024-10,central,LUM,2025,LUM-AI,스탠다드 레인지,FWD,포레스트 그린,2,2,5758,-2679,5,45,88.5
2024-10,central,LUM,2025,LUM-AI,스탠다드 레인지,FWD,샌드 베이지,2,2,5758,-2679,5,45,88.5
2024-10,central,LUM,2025,LUM-AI,롱레인지,AWD,스노우 화이트,18,18,47553,-22127,37,63,88.5
2024-10,central,LUM,2025,LUM-AI,롱레인지,AWD,미드나잇 블랙,14,14,37646,-17517,30,63,88.5
2024-10,central,LUM,2025,LUM-AI,롱레인지,AWD,스틸 그레이,12,12,31702,-14752,25,63,88.5
2024-10,central,LUM,2025,LUM-AI,롱레인지,AWD,실버,10,10,25758,-11986,20,63,88.5
2024-10,central,LUM,2025,LUM-AI,롱레인지,AWD,오션 블루,7,7,19814,-9220,16,63,88.5
2024-10,central,LUM,2025,LUM-AI,롱레인지,AWD,선셋 레드,6,6,15851,-7376,12,63,88.5
2024-10,central,LUM,2025,LUM-AI,롱레인지,AWD,포레스트 그린,4,4,9907,-4610,8,63,88.5
2024-10,central,LUM,2025,LUM-AI,롱레인지,AWD,샌드 베이지,4,4,9907,-4610,8,63,88.5
2024-10,central,LUM,2025,LUM-AI,롱레인지,FWD,스노우 화이트,17,17,44336,-20631,35,63,88.5
2024-10,central,LUM,2025,LUM-AI,롱레인지,FWD,미드나잇 블랙,13,13,35100,-16333,28,63,88.5
2024-10,central,LUM,2025,LUM-AI,롱레인지,FWD,스틸 그레이,11,11,29558,-13754,23,63,88.5
2024-10,central,LUM,2025,LUM-AI,롱레인지,FWD,실버,9,9,24016,-11175,19,63,88.5
2024-10,central,LUM,2025,LUM-AI,롱레인지,FWD,오션 블루,7,7,18474,-8596,14,63,88.5
2024-10,central,LUM,2025,LUM-AI,롱레인지,FWD,선셋 레드,6,6,14779,-6877,12,63,88.5
2024-10,central,LUM,2025,LUM-AI,롱레인지,FWD,포레스트 그린,3,3,9237,-4298,7,63,88.5
2024-10,central,LUM,2025,LUM-AI,롱레인지,FWD,샌드 베이지,3,3,9237,-4298,7,63,88.5
2024-10,central,LUM,2025,LUM-RA,스탠다드 레인지,AWD,스노우 화이트,13,13,37308,-12987,27,63,88.5
2024-10,central,LUM,2025,LUM-RA,스탠다드 레인지,AWD,미드나잇 블랙,10,10,29536,-10281,21,63,88.5
2024-10,central,LUM,2025,LUM-RA,스탠다드 레인지,AWD,스틸 그레이,9,9,24872,-8658,18,63,88.5
2024-10,central,LUM,2025,LUM-RA,스탠다드 레인지,AWD,실버,7,7,20209,-7035,15,63,88.5
2024-10,central,LUM,2025,LUM-RA,스탠다드 레인지,AWD,오션 블루,5,5,15545,-5411,11,63,88.5
2024-10,central,LUM,2025,LUM-RA,스탠다드 레인지,AWD,선셋 레드,4,4,12436,-4329,9,63,88.5
2024-10,central,LUM,2025,LUM-RA,스탠다드 레인지,AWD,포레스트 그린,3,3,7773,-2706,6,56,88.5
2024-10,central,LUM,2025,LUM-RA,스탠다드 레인지,AWD,샌드 베이지,3,3,7773,-2706,6,56,88.5
2024-10,central,LUM,2025,LUM-RA,스탠다드 레인지,FWD,스노우 화이트,12,12,34785,-12109,25,63,88.5
2024-10,central,LUM,2025,LUM-RA,스탠다드 레인지,FWD,미드나잇 블랙,10,9,27538,-9586,20,63,88.5
2024-10,central,LUM,2025,LUM-RA,스탠다드 레인지,FWD,스틸 그레이,8,8,23190,-8072,17,63,88.5
2024-10,central,LUM,2025,LUM-RA,스탠다드 레인지,FWD,실버,7,6,18842,-6559,14,63,88.5
2024-10,central,LUM,2025,LUM-RA,스탠다드 레인지,FWD,오션 블루,5,5,14494,-5045,10,63,88.5
2024-10,central,LUM,2025,LUM-RA,스탠다드 레인지,FWD,선셋 레드,4,4,11595,-4036,8,63,88.5
2024-10,central,LUM,2025,LUM-RA,스탠다드 레인지,FWD,포레스트 그린,3,2,7247,-2523,5,52,88.5
2024-10,central,LUM,2025,LUM-RA,스탠다드 레인지,FWD,샌드 베이지,3,2,7247,-2523,5,52,88.5
2024-10,central,LUM,2025,LUM-RA,롱레인지,AWD,스노우 화이트,21,21,59849,-20833,43,63,88.5
2024-10,central,LUM,2025,LUM-RA,롱레인지,AWD,미드나잇 블랙,16,16,47380,-16493,34,63,88.5
2024-10,central,LUM,2025,LUM-RA,롱레인지,AWD,스틸 그레이,14,14,39899,-13889,29,63,88.5
2024-10,central,LUM,2025,LUM-RA,롱레인지,AWD,실버,11,11,32418,-11285,23,63,88.5
2024-10,central,LUM,2025,LUM-RA,롱레인지,AWD,오션 블루,9,9,24937,-8680,18,63,88.5
2024-10,central,LUM,2025,LUM-RA,롱레인지,AWD,선셋 레드,7,7,19950,-6944,14,63,88.5
2024-10,central,LUM,2025,LUM-RA,롱레인지,AWD,포레스트 그린,4,4,12468,-4340,9,63,88.5
2024-10,central,LUM,2025,LUM-RA,롱레인지,AWD,샌드 베이지,4,4,12468,-4340,9,63,88.5
2024-10,central,LUM,2025,LUM-RA,롱레인지,FWD,스노우 화이트,19,19,55801,-19424,40,63,88.5
2024-10,central,LUM,2025,LUM-RA,롱레인지,FWD,미드나잇 블랙,15,15,44176,-15377,32,63,88.5
2024-10,central,LUM,2025,LUM-RA,롱레인지,FWD,스틸 그레이,13,13,37201,-12949,27,63,88.5
2024-10,central,LUM,2025,LUM-RA,롱레인지,FWD,실버,10,10,30226,-10521,22,63,88.5
2024-10,central,LUM,2025,LUM-RA,롱레인지,FWD,오션 블루,8,8,23250,-8093,17,63,88.5
2024-10,central,LUM,2025,LUM-RA,롱레인지,FWD,선셋 레드,6,6,18600,-6475,13,63,88.5
2024-10,central,LUM,2025,LUM-RA,롱레인지,FWD,포레스트 그린,4,4,11625,-4047,8,63,88.5
2024-10,central,LUM,2025,LUM-RA,롱레인지,FWD,샌드 베이지,4,4,11625,-4047,8,63,88.5
2024-10,central,LUM,2025,LUM-SP,스탠다드 레인지,AWD,스노우 화이트,5,5,17399,-3176,11,63,88.5
2024-10,central,LUM,2025,LUM-SP,스탠다드 레인지,AWD,미드나잇 블랙,4,4,13774,-2514,9,63,88.5
2024-10,central,LUM,2025,LUM-SP,스탠다드 레인지,AWD,스틸 그레이,4,3,11599,-2117,7,63,88.5
2024-10,central,LUM,2025,LUM-SP,스탠다드 레인지,AWD,실버,3,3,9425,-1720,6,60,88.5
2024-10,central,LUM,2025,LUM-SP,스탠다드 레인지,AWD,오션 블루,2,2,7250,-1323,5,46,88.5
2024-10,central,LUM,2025,LUM-SP,스탠다드 레인지,AWD,선셋 레드,2,2,5800,-1059,4,37,88.5
2024-10,central,LUM,2025,LUM-SP,스탠다드 레인지,AWD,포레스트 그린,1,1,3625,-662,2,23,88.5
2024-10,central,LUM,2025,LUM-SP,스탠다드 레인지,AWD,샌드 베이지,1,1,3625,-662,2,23,88.5
2024-10,central,LUM,2025,LUM-SP,스탠다드 레인지,FWD,스노우 화이트,5,5,16222,-2961,10,63,88.5
2024-10,central,LUM,2025,LUM-SP,스탠다드 레인지,FWD,미드나잇 블랙,4,4,12843,-2344,8,63,88.5
2024-10,central,LUM,2025,LUM-SP,스탠다드 레인지,FWD,스틸 그레이,3,3,10815,-1974,7,63,88.5
2024-10,central,LUM,2025,LUM-SP,스탠다드 레인지,FWD,실버,3,3,8787,-1604,6,56,88.5
2024-10,central,LUM,2025,LUM-SP,스탠다드 레인지,FWD,오션 블루,2,2,6759,-1234,4,43,88.5
2024-10,central,LUM,2025,LUM-SP,스탠다드 레인지,FWD,선셋 레드,2,2,5407,-987,3,34,88.5
2024-10,central,LUM,2025,LUM-SP,스탠다드 레인지,FWD,포레스트 그린,1,1,3380,-617,2,21,88.5
2024-10,central,LUM,2025,LUM-SP,스탠다드 레인지,FWD,샌드 베이지,1,1,3380,-617,2,21,88.5
2024-10,central,LUM,2025,LUM-SP,롱레인지,AWD,스노우 화이트,8,8,27911,-5095,18,63,88.5
2024-10,central,LUM,2025,LUM-SP,롱레인지,AWD,미드나잇 블랙,7,7,22096,-4034,14,63,88.5
2024-10,central,LUM,2025,LUM-SP,롱레인지,AWD,스틸 그레이,6,6,18608,-3397,12,63,88.5
2024-10,central,LUM,2025,LUM-SP,롱레인지,AWD,실버,5,5,15119,-2760,10,63,88.5
2024-10,central,LUM,2025,LUM-SP,롱레인지,AWD,오션 블루,4,3,11630,-2123,7,63,88.5
2024-10,central,LUM,2025,LUM-SP,롱레인지,AWD,선셋 레드,3,3,9304,-1698,6,59,88.5
2024-10,central,LUM,2025,LUM-SP,롱레인지,AWD,포레스트 그린,2,2,5815,-1061,4,37,88.5
2024-10,central,LUM,2025,LUM-SP,롱레인지,AWD,샌드 베이지,2,2,5815,-1061,4,37,88.5
2024-10,central,LUM,2025,LUM-SP,롱레인지,FWD,스노우 화이트,8,8,26024,-4750,16,63,88.5
2024-10,central,LUM,2025,LUM-SP,롱레인지,FWD,미드나잇 블랙,6,6,20602,-3761,13,63,88.5
2024-10,central,LUM,2025,LUM-SP,롱레인지,FWD,스틸 그레이,5,5,17349,-3167,11,63,88.5
2024-10,central,LUM,2025,LUM-SP,롱레인지,FWD,실버,4,4,14096,-2573,9,63,88.5
2024-10,central,LUM,2025,LUM-SP,롱레인지,FWD,오션 블루,3,3,10843,-1979,7,63,88.5
2024-10,central,LUM,2025,LUM-SP,롱레인지,FWD,선셋 레드,3,3,8675,-1583,5,55,88.5
2024-10,central,LUM,2025,LUM-SP,롱레인지,FWD,포레스트 그린,2,2,5422,-990,3,34,88.5
2024-10,central,LUM,2025,LUM-SP,롱레인지,FWD,샌드 베이지,2,2,5422,-990,3,34,88.5
2024-10,south,LUM,2024,LUM-AI,스탠다드 레인지,AWD,스노우 화이트,5,5,12933,-6018,10,63,88.5
2024-10,south,LUM,2024,LUM-AI,스탠다드 레인지,AWD,미드나잇 블랙,4,4,10238,-4764,8,63,88.5
2024-10,south,LUM,2024,LUM-AI,스탠다드 레인지,AWD,스틸 그레이,3,3,8622,-4012,7,63,88.5
2024-10,south,LUM,2024,LUM-AI,스탠다드 레인지,AWD,실버,3,3,7005,-3260,5,55,88.5
2024-10,south,LUM,2024,LUM-AI,스탠다드 레인지,AWD,오션 블루,2,2,5389,-2507,4,42,88.5
2024-10,south,LUM,2024,LUM-AI,스탠다드 레인지,AWD,선셋 레드,2,2,4311,-2006,3,34,88.5
2024-10,south,LUM,2024,LUM-AI,스탠다드 레인지,AWD,포레스트 그린,1,1,2694,-1254,2,21,88.5
2024-10,south,LUM,2024,LUM-AI,스탠다드 레인지,AWD,샌드 베이지,1,1,2694,-1254,2,21,88.5
2024-10,south,LUM,2024,LUM-AI,스탠다드 레인지,FWD,스노우 화이트,10,10,26983,-12556,21,63,88.5
2024-10,south,LUM,2024,LUM-AI,스탠다드 레인지,FWD,미드나잇 블랙,8,8,21361,-9940,17,63,88.5
2024-10,south,LUM,2024,LUM-AI,스탠다드 레인지,FWD,스틸 그레이,7,7,17989,-8371,14,63,88.5
2024-10,south,LUM,2024,LUM-AI,스탠다드 레인지,FWD,실버,5,5,14616,-6801,11,63,88.5
2024-10,south,LUM,2024,LUM-AI,스탠다드 레인지,FWD,오션 블루,4,4,11243,-5232,9,63,88.5
2024-10,south,LUM,2024,LUM-AI,스탠다드 레인지,FWD,선셋 레드,3,3,8994,-4185,7,63,88.5
2024-10,south,LUM,2024,LUM-AI,스탠다드 레인지,FWD,포레스트 그린,2,2,5621,-2616,4,44,88.5
2024-10,south,LUM,2024,LUM-AI,스탠다드 레인지,FWD,샌드 베이지,2,2,5621,-2616,4,44,88.5
2024-10,south,LUM,2024,LUM-AI,롱레인지,AWD,스노우 화이트,8,8,20746,-9654,16,63,88.5
2024-10,south,LUM,2024,LUM-AI,롱레인지,AWD,미드나잇 블랙,6,6,16424,-7642,13,63,88.5
2024-10,south,LUM,2024,LUM-AI,롱레인지,AWD,스틸 그레이,5,5,13831,-6436,11,63,88.5
2024-10,south,LUM,2024,LUM-AI,롱레인지,AWD,실버,4,4,11237,-5229,9,63,88.5
2024-10,south,LUM,2024,LUM-AI,롱레인지,AWD,오션 블루,3,3,8644,-4022,7,63,88.5
2024-10,south,LUM,2024,LUM-AI,롱레인지,AWD,선셋 레드,3,3,6915,-3218,5,54,88.5
2024-10,south,LUM,2024,LUM-AI,롱레인지,AWD,포레스트 그린,2,2,4322,-2011,3,34,88.5
2024-10,south,LUM,2024,LUM-AI,롱레인지,AWD,샌드 베이지,2,2,4322,-2011,3,34,88.5
2024-10,south,LUM,2024,LUM-AI,롱레인지,FWD,스노우 화이트,16,16,43285,-20142,34,63,88.5
2024-10,south,LUM,2024,LUM-AI,롱레인지,FWD,미드나잇 블랙,13,13,34267,-15945,27,63,88.5
2024-10,south,LUM,2024,LUM-AI,롱레인지,FWD,스틸 그레이,11,11,28857,-13428,23,63,88.5
2024-10,south,LUM,2024,LUM-AI,롱레인지,FWD,실버,9,9,23446,-10910,18,63,88.5
2024-10,south,LUM,2024,LUM-AI,롱레인지,FWD,오션 블루,7,7,18035,-8392,14,63,88.5
2024-10,south,LUM,2024,LUM-AI,롱레인지,FWD,선셋 레드,5,5,14428,-6714,11,63,88.5
2024-10,south,LUM,2024,LUM-AI,롱레인지,FWD,포레스트 그린,3,3,9018,-4196,7,63,88.5
2024-10,south,LUM,2024,LUM-AI,롱레인지,FWD,샌드 베이지,3,3,9018,-4196,7,63,88.5
2024-10,south,LUM,2024,LUM-RA,스탠다드 레인지,AWD,스노우 화이트,6,6,16277,-5666,12,63,88.5
2024-10,south,LUM,2024,LUM-RA,스탠다드 레인지,AWD,미드나잇 블랙,4,4,12886,-4486,9,63,88.5
2024-10,south,LUM,2024,LUM-RA,스탠다드 레인지,AWD,스틸 그레이,4,4,10851,-3777,8,63,88.5
2024-10,south,LUM,2024,LUM-RA,스탠다드 레인지,AWD,실버,3,3,8817,-3069,6,63,88.5
2024-10,south,LUM,2024,LUM-RA,스탠다드 레인지,AWD,오션 블루,2,2,6782,-2361,5,49,88.5
2024-10,south,LUM,2024,LUM-RA,스탠다드 레인지,AWD,선셋 레드,2,2,5426,-1889,4,39,88.5
2024-10,south,LUM,2024,LUM-RA,스탠다드 레인지,AWD,포레스트 그린,1,1,3391,-1180,2,24,88.5
2024-10,south,LUM,2024,LUM-RA,스탠다드 레인지,AWD,샌드 베이지,1,1,3391,-1180,2,24,88.5
2024-10,south,LUM,2024,LUM-RA,스탠다드 레인지,FWD,스노우 화이트,12,12,33960,-11821,24,63,88.5
2024-10,south,LUM,2024,LUM-RA,스탠다드 레인지,FWD,미드나잇 블랙,9,9,26885,-9359,19,63,88.5
2024-10,south,LUM,2024,LUM-RA,스탠다드 레인지,FWD,스틸 그레이,8,8,22640,-7881,16,63,88.5
2024-10,south,LUM,2024,LUM-RA,스탠다드 레인지,FWD,실버,6,6,18395,-6403,13,63,88.5
2024-10,south,LUM,2024,LUM-RA,스탠다드 레인지,FWD,오션 블루,5,5,14150,-4926,10,63,88.5
2024-10,south,LUM,2024,LUM-RA,스탠다드 레인지,FWD,선셋 레드,4,4,11320,-3940,8,63,88.5
2024-10,south,LUM,2024,LUM-RA,스탠다드 레인지,FWD,포레스트 그린,2,2,7075,-2463,5,51,88.5
2024-10,south,LUM,2024,LUM-RA,스탠다드 레인지,FWD,샌드 베이지,2,2,7075,-2463,5,51,88.5
2024-10,south,LUM,2024,LUM-RA,롱레인지,AWD,스노우 화이트,9,9,26111,-9089,19,63,88.5
2024-10,south,LUM,2024,LUM-RA,롱레인지,AWD,미드나잇 블랙,7,7,20671,-7195,15,63,88.5
2024-10,south,LUM,2024,LUM-RA,롱레인지,AWD,스틸 그레이,6,6,17407,-6059,13,63,88.5
2024-10,south,LUM,2024,LUM-RA,롱레인지,AWD,실버,5,5,14143,-4923,10,63,88.5
2024-10,south,LUM,2024,LUM-RA,롱레인지,AWD,오션 블루,4,4,10879,-3787,8,63,88.5
2024-10,south,LUM,2024,LUM-RA,롱레인지,AWD,선셋 레드,3,3,8704,-3030,6,63,88.5
2024-10,south,LUM,2024,LUM-RA,롱레인지,AWD,포레스트 그린,2,2,5440,-1894,4,39,88.5
2024-10,south,LUM,2024,LUM-RA,롱레인지,AWD,샌드 베이지,2,2,5440,-1894,4,39,88.5
2024-10,south,LUM,2024,LUM-RA,롱레인지,FWD,스노우 화이트,19,19,54478,-18964,39,63,88.5
2024-10,south,LUM,2024,LUM-RA,롱레인지,FWD,미드나잇 블랙,15,15,43128,-15013,31,63,88.5
2024-10,south,LUM,2024,LUM-RA,롱레인지,FWD,스틸 그레이,13,12,36319,-12642,26,63,88.5
2024-10,south,LUM,2024,LUM-RA,롱레인지,FWD,실버,10,10,29509,-10272,21,63,88.5
2024-10,south,LUM,2024,LUM-RA,롱레인지,FWD,오션 블루,8,8,22699,-7901,16,63,88.5
2024-10,south,LUM,2024,LUM-RA,롱레인지,FWD,선셋 레드,6,6,18159,-6321,13,63,88.5
2024-10,south,LUM,2024,LUM-RA,롱레인지,FWD,포레스트 그린,4,4,11350,-3951,8,63,88.5
2024-10,south,LUM,2024,LUM-RA,롱레인지,FWD,샌드 베이지,4,4,11350,-3951,8,63,88.5
2024-10,south,LUM,2024,LUM-SP,스탠다드 레인지,AWD,스노우 화이트,2,2,7591,-1386,5,48,88.5
2024-10,south,LUM,2024,LUM-SP,스탠다드 레인지,AWD,미드나잇 블랙,2,2,6009,-1097,4,38,88.5
2024-10,south,LUM,2024,LUM-SP,스탠다드 레인지,AWD,스틸 그레이,2,2,5061,-924,3,32,88.5
2024-10,south,LUM,2024,LUM-SP,스탠다드 레인지,AWD,실버,1,1,4112,-751,3,26,88.5
2024-10,south,LUM,2024,LUM-SP,스탠다드 레인지,AWD,오션 블루,1,1,3163,-577,2,20,88.5
2024-10,south,LUM,2024,LUM-SP,스탠다드 레인지,AWD,선셋 레드,1,1,2530,-462,2,16,88.5
2024-10,south,LUM,2024,LUM-SP,스탠다드 레인지,AWD,포레스트 그린,0,0,1581,-289,1,10,88.5
2024-10,south,LUM,2024,LUM-SP,스탠다드 레인지,AWD,샌드 베이지,0,0,1581,-289,1,10,88.5
2024-10,south,LUM,2024,LUM-SP,스탠다드 레인지,FWD,스노우 화이트,5,5,15838,-2891,10,63,88.5
2024-10,south,LUM,2024,LUM-SP,스탠다드 레인지,FWD,미드나잇 블랙,4,4,12538,-2289,8,63,88.5
2024-10,south,LUM,2024,LUM-SP,스탠다드 레인지,FWD,스틸 그레이,3,3,10559,-1927,7,63,88.5
2024-10,south,LUM,2024,LUM-SP,스탠다드 레인지,FWD,실버,3,3,8579,-1566,5,54,88.5
2024-10,south,LUM,2024,LUM-SP,스탠다드 레인지,FWD,오션 블루,2,2,6599,-1205,4,42,88.5
2024-10,south,LUM,2024,LUM-SP,스탠다드 레인지,FWD,선셋 레드,2,2,5279,-964,3,33,88.5
2024-10,south,LUM,2024,LUM-SP,스탠다드 레인지,FWD,포레스트 그린,1,1,3300,-602,2,21,88.5
2024-10,south,LUM,2024,LUM-SP,스탠다드 레인지,FWD,샌드 베이지,1,1,3300,-602,2,21,88.5
2024-10,south,LUM,2024,LUM-SP,롱레인지,AWD,스노우 화이트,4,4,12177,-2223,8,63,88.5
2024-10,south,LUM,2024,LUM-SP,롱레인지,AWD,미드나잇 블랙,3,3,9640,-1760,6,61,88.5
2024-10,south,LUM,2024,LUM-SP,롱레인지,AWD,스틸 그레이,2,2,8118,-1482,5,51,88.5
2024-10,south,LUM,2024,LUM-SP,롱레인지,AWD,실버,2,2,6596,-1204,4,42,88.5
2024-10,south,LUM,2024,LUM-SP,롱레인지,AWD,오션 블루,2,2,5074,-926,3,32,88.5
2024-10,south,LUM,2024,LUM-SP,롱레인지,AWD,선셋 레드,1,1,4059,-741,3,26,88.5
2024-10,south,LUM,2024,LUM-SP,롱레인지,AWD,포레스트 그린,1,1,2537,-463,2,16,88.5
2024-10,south,LUM,2024,LUM-SP,롱레인지,AWD,샌드 베이지,1,1,2537,-463,2,16,88.5
2024-10,south,LUM,2024,LUM-SP,롱레인지,FWD,스노우 화이트,8,8,25406,-4638,16,63,88.5
2024-10,south,LUM,2024,LUM-SP,롱레인지,FWD,미드나잇 블랙,6,6,20113,-3672,13,63,88.5
2024-10,south,LUM,2024,LUM-SP,롱레인지,FWD,스틸 그레이,5,5,16938,-3092,11,63,88.5
2024-10,south,LUM,2024,LUM-SP,롱레인지,FWD,실버,4,4,13762,-2512,9,63,88.5
2024-10,south,LUM,2024,LUM-SP,롱레인지,FWD,오션 블루,3,3,10586,-1932,7,63,88.5
2024-10,south,LUM,2024,LUM-SP,롱레인지,FWD,선셋 레드,3,3,8469,-1546,5,54,88.5
2024-10,south,LUM,2024,LUM-SP,롱레인지,FWD,포레스트 그린,2,2,5293,-966,3,33,88.5
2024-10,south,LUM,2024,LUM-SP,롱레인지,FWD,샌드 베이지,2,2,5293,-966,3,33,88.5
2024-10,south,LUM,2025,LUM-AI,스탠다드 레인지,AWD,스노우 화이트,9,9,24018,-11176,19,63,88.5
2024-10,south,LUM,2025,LUM-AI,스탠다드 레인지,AWD,미드나잇 블랙,7,7,19014,-8848,15,63,88.5
2024-10,south,LUM,2025,LUM-AI,스탠다드 레인지,AWD,스틸 그레이,6,6,16012,-7451,13,63,88.5
2024-10,south,LUM,2025,LUM-AI,스탠다드 레인지,AWD,실버,5,5,13010,-6054,10,63,88.5
2024-10,south,LUM,2025,LUM-AI,스탠다드 레인지,AWD,오션 블루,4,4,10007,-4657,8,63,88.5
2024-10,south,LUM,2025,LUM-AI,스탠다드 레인지,AWD,선셋 레드,3,3,8006,-3725,6,63,88.5
2024-10,south,LUM,2025,LUM-AI,스탠다드 레인지,AWD,포레스트 그린,2,2,5004,-2328,4,39,88.5
2024-10,south,LUM,2025,LUM-AI,스탠다드 레인지,AWD,샌드 베이지,2,2,5004,-2328,4,39,88.5
2024-10,south,LUM,2025,LUM-AI,스탠다드 레인지,FWD,스노우 화이트,19,19,50111,-23318,39,63,88.5
2024-10,south,LUM,2025,LUM-AI,스탠다드 레인지,FWD,미드나잇 블랙,15,15,39671,-18460,31,63,88.5
2024-10,south,LUM,2025,LUM-AI,스탠다드 레인지,FWD,스틸 그레이,13,12,33407,-15545,26,63,88.5
2024-10,south,LUM,2025,LUM-AI,스탠다드 레인지,FWD,실버,10,10,27144,-12631,21,63,88.5
2024-10,south,LUM,2025,LUM-AI,스탠다드 레인지,FWD,오션 블루,8,8,20880,-9716,16,63,88.5
2024-10,south,LUM,2025,LUM-AI,스탠다드 레인지,FWD,선셋 레드,6,6,16704,-7773,13,63,88.5
2024-10,south,LUM,2025,LUM-AI,스탠다드 레인지,FWD,포레스트 그린,4,4,10440,-4858,8,63,88.5
2024-10,south,LUM,2025,LUM-AI,스탠다드 레인지,FWD,샌드 베이지,4,4,10440,-4858,8,63,88.5
2024-10,south,LUM,2025,LUM-AI,롱레인지,AWD,스노우 화이트,14,14,38528,-17928,30,63,88.5
2024-10,south,LUM,2025,LUM-AI,롱레인지,AWD,미드나잇 블랙,11,11,30502,-14193,24,63,88.5
2024-10,south,LUM,2025,LUM-AI,롱레인지,AWD,스틸 그레이,10,10,25686,-11952,20,63,88.5
2024-10,south,LUM,2025,LUM-AI,롱레인지,AWD,실버,8,8,20870,-9711,16,63,88.5
2024-10,south,LUM,2025,LUM-AI,롱레인지,AWD,오션 블루,6,6,16054,-7470,13,63,88.5
2024-10,south,LUM,2025,LUM-AI,롱레인지,AWD,선셋 레드,5,5,12843,-5976,10,63,88.5
2024-10,south,LUM,2025,LUM-AI,롱레인지,AWD,포레스트 그린,3,3,8027,-3735,6,63,88.5
2024-10,south,LUM,2025,LUM-AI,롱레인지,AWD,샌드 베이지,3,3,8027,-3735,6,63,88.5
2024-10,south,LUM,2025,LUM-AI,롱레인지,FWD,스노우 화이트,30,30,80387,-37406,63,63,88.5
2024-10,south,LUM,2025,LUM-AI,롱레인지,FWD,미드나잇 블랙,24,24,63639,-29613,50,63,88.5
2024-10,south,LUM,2025,LUM-AI,롱레인지,FWD,스틸 그레이,20,20,53591,-24937,42,63,88.5
2024-10,south,LUM,2025,LUM-AI,롱레인지,FWD,실버,16,16,43543,-20261,34,63,88.5
2024-10,south,LUM,2025,LUM-AI,롱레인지,FWD,오션 블루,13,12,33494,-15586,26,63,88.5
2024-10,south,LUM,2025,LUM-AI,롱레인지,FWD,선셋 레드,10,10,26796,-12469,21,63,88.5
2024-10,south,LUM,2025,LUM-AI,롱레인지,FWD,포레스트 그린,6,6,16747,-7793,13,63,88.5
2024-10,south,LUM,2025,LUM-AI,롱레인지,FWD,샌드 베이지,6,6,16747,-7793,13,63,88.5
2024-10,south,LUM,2025,LUM-RA,스탠다드 레인지,AWD,스노우 화이트,10,10,30228,-10522,22,63,88.5
2024-10,south,LUM,2025,LUM-RA,스탠다드 레인지,AWD,미드나잇 블랙,8,8,23931,-8330,17,63,88.5
2024-10,south,LUM,2025,LUM-RA,스탠다드 레인지,AWD,스틸 그레이,7,7,20152,-7015,15,63,88.5
2024-10,south,LUM,2025,LUM-RA,스탠다드 레인지,AWD,실버,6,6,16374,-5700,12,63,88.5
2024-10,south,LUM,2025,LUM-RA,스탠다드 레인지,AWD,오션 블루,4,4,12595,-4384,9,63,88.5
2024-10,south,LUM,2025,LUM-RA,스탠다드 레인지,AWD,선셋 레드,3,3,10076,-3507,7,63,88.5
2024-10,south,LUM,2025,LUM-RA,스탠다드 레인지,AWD,포레스트 그린,2,2,6298,-2192,5,45,88.5
2024-10,south,LUM,2025,LUM-RA,스탠다드 레인지,AWD,샌드 베이지,2,2,6298,-2192,5,45,88.5
2024-10,south,LUM,2025,LUM-RA,스탠다드 레인지,FWD,스노우 화이트,22,22,63069,-21954,45,63,88.5
2024-10,south,LUM,2025,LUM-RA,스탠다드 레인지,FWD,미드나잇 블랙,17,17,49930,-17380,36,63,88.5
2024-10,south,LUM,2025,LUM-RA,스탠다드 레인지,FWD,스틸 그레이,15,14,42046,-14636,30,63,88.5
2024-10,south,LUM,2025,LUM-RA,스탠다드 레인지,FWD,실버,12,12,34162,-11892,25,63,88.5
2024-10,south,LUM,2025,LUM-RA,스탠다드 레인지,FWD,오션 블루,9,9,26279,-9148,19,63,88.5
2024-10,south,LUM,2025,LUM-RA,스탠다드 레인지,FWD,선셋 레드,7,7,21023,-7318,15,63,88.5
2024-10,south,LUM,2025,LUM-RA,스탠다드 레인지,FWD,포레스트 그린,5,5,13139,-4574,9,63,88.5
2024-10,south,LUM,2025,LUM-RA,스탠다드 레인지,FWD,샌드 베이지,5,5,13139,-4574,9,63,88.5
2024-10,south,LUM,2025,LUM-RA,롱레인지,AWD,스노우 화이트,17,17,48491,-16880,35,63,88.5
2024-10,south,LUM,2025,LUM-RA,롱레인지,AWD,미드나잇 블랙,13,13,38389,-13363,28,63,88.5
2024-10,south,LUM,2025,LUM-RA,롱레인지,AWD,스틸 그레이,11,11,32327,-11253,23,63,88.5
2024-10,south,LUM,2025,LUM-RA,롱레인지,AWD,실버,9,9,26266,-9143,19,63,88.5
2024-10,south,LUM,2025,LUM-RA,롱레인지,AWD,오션 블루,7,7,20205,-7033,15,63,88.5
2024-10,south,LUM,2025,LUM-RA,롱레인지,AWD,선셋 레드,6,6,16164,-5627,12,63,88.5
2024-10,south,LUM,2025,LUM-RA,롱레인지,AWD,포레스트 그린,3,3,10102,-3517,7,63,88.5
2024-10,south,LUM,2025,LUM-RA,롱레인지,AWD,샌드 베이지,3,3,10102,-3517,7,63,88.5
2024-10,south,LUM,2025,LUM-RA,롱레인지,FWD,스노우 화이트,35,35,101173,-35218,73,63,88.5
2024-10,south,LUM,2025,LUM-RA,롱레인지,FWD,미드나잇 블랙,28,27,80095,-27881,58,63,88.5
2024-10,south,LUM,2025,LUM-RA,롱레인지,FWD,스틸 그레이,23,23,67449,-23479,49,63,88.5
2024-10,south,LUM,2025,LUM-RA,롱레인지,FWD,실버,19,19,54802,-19076,40,63,88.5
2024-10,south,LUM,2025,LUM-RA,롱레인지,FWD,오션 블루,15,14,42155,-14674,30,63,88.5
2024-10,south,LUM,2025,LUM-RA,롱레인지,FWD,선셋 레드,12,12,33724,-11739,24,63,88.5
2024-10,south,LUM,2025,LUM-RA,롱레인지,FWD,포레스트 그린,7,7,21078,-7337,15,63,88.5
2024-10,south,LUM,2025,LUM-RA,롱레인지,FWD,샌드 베이지,7,7,21078,-7337,15,63,88.5
2024-10,south,LUM,2025,LUM-SP,스탠다드 레인지,AWD,스노우 화이트,4,4,14097,-2573,9,63,88.5
2024-10,south,LUM,2025,LUM-SP,스탠다드 레인지,AWD,미드나잇 블랙,3,3,11160,-2037,7,63,88.5
2024-10,south,LUM,2025,LUM-SP,스탠다드 레인지,AWD,스틸 그레이,3,3,9398,-1716,6,59,88.5
2024-10,south,LUM,2025,LUM-SP,스탠다드 레인지,AWD,실버,2,2,7636,-1394,5,48,88.5
2024-10,south,LUM,2025,LUM-SP,스탠다드 레인지,AWD,오션 블루,2,2,5874,-1072,4,37,88.5
2024-10,south,LUM,2025,LUM-SP,스탠다드 레인지,AWD,선셋 레드,1,1,4699,-858,3,30,88.5
2024-10,south,LUM,2025,LUM-SP,스탠다드 레인지,AWD,포레스트 그린,1,1,2937,-536,2,19,88.5
2024-10,south,LUM,2025,LUM-SP,스탠다드 레인지,AWD,샌드 베이지,1,1,2937,-536,2,19,88.5
2024-10,south,LUM,2025,LUM-SP,스탠다드 레인지,FWD,스노우 화이트,9,9,29413,-5369,19,63,88.5
2024-10,south,LUM,2025,LUM-SP,스탠다드 레인지,FWD,미드나잇 블랙,7,7,23285,-4251,15,63,88.5
2024-10,south,LUM,2025,LUM-SP,스탠다드 레인지,FWD,스틸 그레이,6,6,19609,-3579,12,63,88.5
2024-10,south,LUM,2025,LUM-SP,스탠다드 레인지,FWD,실버,5,5,15932,-2908,10,63,88.5
2024-10,south,LUM,2025,LUM-SP,스탠다드 레인지,FWD,오션 블루,4,4,12255,-2237,8,63,88.5
2024-10,south,LUM,2025,LUM-SP,스탠다드 레인지,FWD,선셋 레드,3,3,9804,-1790,6,62,88.5
2024-10,south,LUM,2025,LUM-SP,스탠다드 레인지,FWD,포레스트 그린,2,2,6128,-1119,4,39,88.5
2024-10,south,LUM,2025,LUM-SP,스탠다드 레인지,FWD,샌드 베이지,2,2,6128,-1119,4,39,88.5
2024-10,south,LUM,2025,LUM-SP,롱레인지,AWD,스노우 화이트,7,7,22615,-4128,14,63,88.5
2024-10,south,LUM,2025,LUM-SP,롱레인지,AWD,미드나잇 블랙,5,5,17903,-3268,11,63,88.5
2024-10,south,LUM,2025,LUM-SP,롱레인지,AWD,스틸 그레이,5,5,15076,-2752,10,63,88.5
2024-10,south,LUM,2025,LUM-SP,롱레인지,AWD,실버,4,4,12250,-2236,8,63,88.5
2024-10,south,LUM,2025,LUM-SP,롱레인지,AWD,오션 블루,3,3,9423,-1720,6,60,88.5
2024-10,south,LUM,2025,LUM-SP,롱레인지,AWD,선셋 레드,2,2,7538,-1376,5,48,88.5
2024-10,south,LUM,2025,LUM-SP,롱레인지,AWD,포레스트 그린,1,1,4711,-860,3,30,88.5
2024-10,south,LUM,2025,LUM-SP,롱레인지,AWD,샌드 베이지,1,1,4711,-860,3,30,88.5
2024-10,south,LUM,2025,LUM-SP,롱레인지,FWD,스노우 화이트,14,14,47183,-8613,30,63,88.5
2024-10,south,LUM,2025,LUM-SP,롱레인지,FWD,미드나잇 블랙,11,11,37354,-6819,24,63,88.5
2024-10,south,LUM,2025,LUM-SP,롱레인지,FWD,스틸 그레이,10,9,31456,-5742,20,63,88.5
2024-10,south,LUM,2025,LUM-SP,롱레인지,FWD,실버,8,8,25558,-4665,16,63,88.5
2024-10,south,LUM,2025,LUM-SP,롱레인지,FWD,오션 블루,6,6,19660,-3589,12,63,88.5
2024-10,south,LUM,2025,LUM-SP,롱레인지,FWD,선셋 레드,5,5,15728,-2871,10,63,88.5
2024-10,south,LUM,2025,LUM-SP,롱레인지,FWD,포레스트 그린,3,3,9830,-1794,6,62,88.5
2024-10,south,LUM,2025,LUM-SP,롱레인지,FWD,샌드 베이지,3,3,9830,-1794,6,62,88.5
2024-10,northeast,LUM,2024,LUM-AI,스탠다드 레인지,AWD,스노우 화이트,12,12,32479,-15113,25,63,88.5
2024-10,northeast,LUM,2024,LUM-AI,스탠다드 레인지,AWD,미드나잇 블랙,10,10,25712,-11964,20,63,88.5
2024-10,northeast,LUM,2024,LUM-AI,스탠다드 레인지,AWD,스틸 그레이,8,8,21652,-10075,17,63,88.5
2024-10,northeast,LUM,2024,LUM-AI,스탠다드 레인지,AWD,실버,7,7,17593,-8186,14,63,88.5
2024-10,northeast,LUM,2024,LUM-AI,스탠다드 레인지,AWD,오션 블루,5,5,13533,-6297,11,63,88.5
2024-10,northeast,LUM,2024,LUM-AI,스탠다드 레인지,AWD,선셋 레드,4,4,10826,-5038,8,63,88.5
2024-10,northeast,LUM,2024,LUM-AI,스탠다드 레인지,AWD,포레스트 그린,3,3,6766,-3149,5,53,88.5
2024-10,northeast,LUM,2024,LUM-AI,스탠다드 레인지,AWD,샌드 베이지,3,3,6766,-3149,5,53,88.5
2024-10,northeast,LUM,2024,LUM-AI,스탠다드 레인지,FWD,스노우 화이트,9,9,23040,-10721,18,63,88.5
2024-10,northeast,LUM,2024,LUM-AI,스탠다드 레인지,FWD,미드나잇 블랙,7,7,18240,-8488,14,63,88.5
2024-10,northeast,LUM,2024,LUM-AI,스탠다드 레인지,FWD,스틸 그레이,6,6,15360,-7147,12,63,88.5
2024-10,northeast,LUM,2024,LUM-AI,스탠다드 레인지,FWD,실버,5,5,12480,-5807,10,63,88.5
2024-10,northeast,LUM,2024,LUM-AI,스탠다드 레인지,FWD,오션 블루,4,4,9600,-4467,8,63,88.5
2024-10,northeast,LUM,2024,LUM-AI,스탠다드 레인지,FWD,선셋 레드,3,3,7680,-3574,6,60,88.5
2024-10,northeast,LUM,2024,LUM-AI,스탠다드 레인지,FWD,포레스트 그린,2,2,4800,-2234,4,38,88.5
2024-10,northeast,LUM,2024,LUM-AI,스탠다드 레인지,FWD,샌드 베이지,2,2,4800,-2234,4,38,88.5
2024-10,northeast,LUM,2024,LUM-AI,롱레인지,AWD,스노우 화이트,20,19,52101,-24244,41,63,88.5
2024-10,northeast,LUM,2024,LUM-AI,롱레인지,AWD,미드나잇 블랙,16,15,41247,-19193,32,63,88.5
2024-10,northeast,LUM,2024,LUM-AI,롱레인지,AWD,스틸 그레이,13,13,34734,-16163,27,63,88.5
2024-10,northeast,LUM,2024,LUM-AI,롱레인지,AWD,실버,11,11,28221,-13132,22,63,88.5
2024-10,northeast,LUM,2024,LUM-AI,롱레인지,AWD,오션 블루,8,8,21709,-10102,17,63,88.5
2024-10,northeast,LUM,2024,LUM-AI,롱레인지,AWD,선셋 레드,7,6,17367,-8081,14,63,88.5
2024-10,northeast,LUM,2024,LUM-AI,롱레인지,AWD,포레스트 그린,4,4,10854,-5051,9,63,88.5
2024-10,northeast,LUM,2024,LUM-AI,롱레인지,AWD,샌드 베이지,4,4,10854,-5051,9,63,88.5
2024-10,northeast,LUM,2024,LUM-AI,롱레인지,FWD,스노우 화이트,14,14,36961,-17199,29,63,88.5
2024-10,northeast,LUM,2024,LUM-AI,롱레인지,FWD,미드나잇 블랙,11,11,29260,-13616,23,63,88.5
2024-10,northeast,LUM,2024,LUM-AI,롱레인지,FWD,스틸 그레이,9,9,24640,-11466,19,63,88.5
2024-10,northeast,LUM,2024,LUM-AI,롱레인지,FWD,실버,8,7,20020,-9316,16,63,88.5
2024-10,northeast,LUM,2024,LUM-AI,롱레인지,FWD,오션 블루,6,6,15400,-7166,12,63,88.5
2024-10,northeast,LUM,2024,LUM-AI,롱레인지,FWD,선셋 레드,5,5,12320,-5733,10,63,88.5
2024-10,northeast,LUM,2024,LUM-AI,롱레인지,FWD,포레스트 그린,3,3,7700,-3583,6,60,88.5
2024-10,northeast,LUM,2024,LUM-AI,롱레인지,FWD,샌드 베이지,3,3,7700,-3583,6,60,88.5
2024-10,northeast,LUM,2024,LUM-RA,스탠다드 레인지,AWD,스노우 화이트,14,14,40877,-14229,29,63,88.5
2024-10,northeast,LUM,2024,LUM-RA,스탠다드 레인지,AWD,미드나잇 블랙,11,11,32361,-11265,23,63,88.5
2024-10,northeast,LUM,2024,LUM-RA,스탠다드 레인지,AWD,스틸 그레이,9,9,27251,-9486,20,63,88.5
2024-10,northeast,LUM,2024,LUM-RA,스탠다드 레인지,AWD,실버,8,8,22142,-7707,16,63,88.5
2024-10,northeast,LUM,2024,LUM-RA,스탠다드 레인지,AWD,오션 블루,6,6,17032,-5929,12,63,88.5
2024-10,northeast,LUM,2024,LUM-RA,스탠다드 레인지,AWD,선셋 레드,5,5,13626,-4743,10,63,88.5
2024-10,northeast,LUM,2024,LUM-RA,스탠다드 레인지,AWD,포레스트 그린,3,3,8516,-2964,6,61,88.5
2024-10,northeast,LUM,2024,LUM-RA,스탠다드 레인지,AWD,샌드 베이지,3,3,8516,-2964,6,61,88.5
2024-10,northeast,LUM,2024,LUM-RA,스탠다드 레인지,FWD,스노우 화이트,10,10,28998,-10094,21,63,88.5
2024-10,northeast,LUM,2024,LUM-RA,스탠다드 레인지,FWD,미드나잇 블랙,8,8,22957,-7991,17,63,88.5
2024-10,northeast,LUM,2024,LUM-RA,스탠다드 레인지,FWD,스틸 그레이,7,7,19332,-6729,14,63,88.5
2024-10,northeast,LUM,2024,LUM-RA,스탠다드 레인지,FWD,실버,5,5,15707,-5468,11,63,88.5
2024-10,northeast,LUM,2024,LUM-RA,스탠다드 레인지,FWD,오션 블루,4,4,12083,-4206,9,63,88.5
2024-10,northeast,LUM,2024,LUM-RA,스탠다드 레인지,FWD,선셋 레드,3,3,9666,-3365,7,63,88.5
2024-10,northeast,LUM,2024,LUM-RA,스탠다드 레인지,FWD,포레스트 그린,2,2,6041,-2103,4,44,88.5
2024-10,northeast,LUM,2024,LUM-RA,스탠다드 레인지,FWD,샌드 베이지,2,2,6041,-2103,4,44,88.5
2024-10,northeast,LUM,2024,LUM-RA,롱레인지,AWD,스노우 화이트,23,22,65573,-22826,47,63,88.5
2024-10,northeast,LUM,2024,LUM-RA,롱레인지,AWD,미드나잇 블랙,18,18,51912,-18071,37,63,88.5
2024-10,northeast,LUM,2024,LUM-RA,롱레인지,AWD,스틸 그레이,15,15,43716,-15217,32,63,88.5
2024-10,northeast,LUM,2024,LUM-RA,롱레인지,AWD,실버,12,12,35519,-12364,26,63,88.5
2024-10,northeast,LUM,2024,LUM-RA,롱레인지,AWD,오션 블루,9,9,27322,-9511,20,63,88.5
2024-10,northeast,LUM,2024,LUM-RA,롱레인지,AWD,선셋 레드,8,7,21858,-7609,16,63,88.5
2024-10,northeast,LUM,2024,LUM-RA,롱레인지,AWD,포레스트 그린,5,5,13661,-4755,10,63,88.5
2024-10,northeast,LUM,2024,LUM-RA,롱레인지,AWD,샌드 베이지,5,5,13661,-4755,10,63,88.5
2024-10,northeast,LUM,2024,LUM-RA,롱레인지,FWD,스노우 화이트,16,16,46518,-16193,34,63,88.5
2024-10,northeast,LUM,2024,LUM-RA,롱레인지,FWD,미드나잇 블랙,13,13,36827,-12819,27,63,88.5
2024-10,northeast,LUM,2024,LUM-RA,롱레인지,FWD,스틸 그레이,11,11,31012,-10795,22,63,88.5
2024-10,northeast,LUM,2024,LUM-RA,롱레인지,FWD,실버,9,9,25197,-8771,18,63,88.5
2024-10,northeast,LUM,2024,LUM-RA,롱레인지,FWD,오션 블루,7,7,19382,-6747,14,63,88.5
2024-10,northeast,LUM,2024,LUM-RA,롱레인지,FWD,선셋 레드,5,5,15506,-5398,11,63,88.5
2024-10,northeast,LUM,2024,LUM-RA,롱레인지,FWD,포레스트 그린,3,3,9691,-3373,7,63,88.5
2024-10,northeast,LUM,2024,LUM-RA,롱레인지,FWD,샌드 베이지,3,3,9691,-3373,7,63,88.5
2024-10,northeast,LUM,2024,LUM-SP,스탠다드 레인지,AWD,스노우 화이트,6,6,19064,-3480,12,63,88.5
2024-10,northeast,LUM,2024,LUM-SP,스탠다드 레인지,AWD,미드나잇 블랙,5,5,15092,-2755,10,63,88.5
2024-10,northeast,LUM,2024,LUM-SP,스탠다드 레인지,AWD,스틸 그레이,4,4,12709,-2320,8,63,88.5
2024-10,northeast,LUM,2024,LUM-SP,스탠다드 레인지,AWD,실버,3,3,10326,-1885,7,63,88.5
2024-10,northeast,LUM,2024,LUM-SP,스탠다드 레인지,AWD,오션 블루,2,2,7943,-1450,5,50,88.5
2024-10,northeast,LUM,2024,LUM-SP,스탠다드 레인지,AWD,선셋 레드,2,2,6355,-1160,4,40,88.5
2024-10,northeast,LUM,2024,LUM-SP,스탠다드 레인지,AWD,포레스트 그린,1,1,3972,-725,3,25,88.5
2024-10,northeast,LUM,2024,LUM-SP,스탠다드 레인지,AWD,샌드 베이지,1,1,3972,-725,3,25,88.5
2024-10,northeast,LUM,2024,LUM-SP,스탠다드 레인지,FWD,스노우 화이트,4,4,13524,-2469,9,63,88.5
2024-10,northeast,LUM,2024,LUM-SP,스탠다드 레인지,FWD,미드나잇 블랙,3,3,10706,-1954,7,63,88.5
2024-10,northeast,LUM,2024,LUM-SP,스탠다드 레인지,FWD,스틸 그레이,3,3,9016,-1646,6,57,88.5
2024-10,northeast,LUM,2024,LUM-SP,스탠다드 레인지,FWD,실버,2,2,7325,-1337,5,46,88.5
2024-10,northeast,LUM,2024,LUM-SP,스탠다드 레인지,FWD,오션 블루,2,2,5635,-1029,4,36,88.5
2024-10,northeast,LUM,2024,LUM-SP,스탠다드 레인지,FWD,선셋 레드,1,1,4508,-823,3,29,88.5
2024-10,northeast,LUM,2024,LUM-SP,스탠다드 레인지,FWD,포레스트 그린,1,1,2817,-514,2,18,88.5
2024-10,northeast,LUM,2024,LUM-SP,스탠다드 레인지,FWD,샌드 베이지,1,1,2817,-514,2,18,88.5
2024-10,northeast,LUM,2024,LUM-SP,롱레인지,AWD,스노우 화이트,9,9,30581,-5582,19,63,88.5
2024-10,northeast,LUM,2024,LUM-SP,롱레인지,AWD,미드나잇 블랙,7,7,24210,-4419,15,63,88.5
2024-10,northeast,LUM,2024,LUM-SP,롱레인지,AWD,스틸 그레이,6,6,20387,-3722,13,63,88.5
2024-10,northeast,LUM,2024,LUM-SP,롱레인지,AWD,실버,5,5,16565,-3024,10,63,88.5
2024-10,northeast,LUM,2024,LUM-SP,롱레인지,AWD,오션 블루,4,4,12742,-2326,8,63,88.5
2024-10,northeast,LUM,2024,LUM-SP,롱레인지,AWD,선셋 레드,3,3,10194,-1861,6,63,88.5
2024-10,northeast,LUM,2024,LUM-SP,롱레인지,AWD,포레스트 그린,2,2,6371,-1163,4,40,88.5
2024-10,northeast,LUM,2024,LUM-SP,롱레인지,AWD,샌드 베이지,2,2,6371,-1163,4,40,88.5
2024-10,northeast,LUM,2024,LUM-SP,롱레인지,FWD,스노우 화이트,7,7,21694,-3960,14,63,88.5
2024-10,northeast,LUM,2024,LUM-SP,롱레인지,FWD,미드나잇 블랙,5,5,17175,-3135,11,63,88.5
2024-10,northeast,LUM,2024,LUM-SP,롱레인지,FWD,스틸 그레이,4,4,14463,-2640,9,63,88.5
2024-10,northeast,LUM,2024,LUM-SP,롱레인지,FWD,실버,4,4,11751,-2145,7,63,88.5
2024-10,northeast,LUM,2024,LUM-SP,롱레인지,FWD,오션 블루,3,3,9039,-1650,6,57,88.5
2024-10,northeast,LUM,2024,LUM-SP,롱레인지,FWD,선셋 레드,2,2,7231,-1320,5,46,88.5
2024-10,northeast,LUM,2024,LUM-SP,롱레인지,FWD,포레스트 그린,1,1,4520,-825,3,29,88.5
2024-10,northeast,LUM,2024,LUM-SP,롱레인지,FWD,샌드 베이지,1,1,4520,-825,3,29,88.5
2024-10,northeast,LUM,2025,LUM-AI,스탠다드 레인지,AWD,스노우 화이트,23,22,60317,-28067,47,63,88.5
2024-10,northeast,LUM,2025,LUM-AI,스탠다드 레인지,AWD,미드나잇 블랙,18,18,47751,-22220,37,63,88.5
2024-10,northeast,LUM,2025,LUM-AI,스탠다드 레인지,AWD,스틸 그레이,15,15,40212,-18711,32,63,88.5
2024-10,northeast,LUM,2025,LUM-AI,스탠다드 레인지,AWD,실버,12,12,32672,-15203,26,63,88.5
2024-10,northeast,LUM,2025,LUM-AI,스탠다드 레인지,AWD,오션 블루,9,9,25132,-11695,20,63,88.5
2024-10,northeast,LUM,2025,LUM-AI,스탠다드 레인지,AWD,선셋 레드,8,7,20106,-9356,16,63,88.5
2024-10,northeast,LUM,2025,LUM-AI,스탠다드 레인지,AWD,포레스트 그린,5,5,12566,-5847,10,63,88.5
2024-10,northeast,LUM,2025,LUM-AI,스탠다드 레인지,AWD,샌드 베이지,5,5,12566,-5847,10,63,88.5
2024-10,northeast,LUM,2025,LUM-AI,스탠다드 레인지,FWD,스노우 화이트,16,16,42789,-19911,34,63,88.5
2024-10,northeast,LUM,2025,LUM-AI,스탠다드 레인지,FWD,미드나잇 블랙,13,13,33875,-15763,27,63,88.5
2024-10,northeast,LUM,2025,LUM-AI,스탠다드 레인지,FWD,스틸 그레이,11,11,28526,-13274,22,63,88.5
2024-10,northeast,LUM,2025,LUM-AI,스탠다드 레인지,FWD,실버,9,9,23177,-10785,18,63,88.5
2024-10,northeast,LUM,2025,LUM-AI,스탠다드 레인지,FWD,오션 블루,7,7,17829,-8296,14,63,88.5
2024-10,northeast,LUM,2025,LUM-AI,스탠다드 레인지,FWD,선셋 레드,5,5,14263,-6637,11,63,88.5
2024-10,northeast,LUM,2025,LUM-AI,스탠다드 레인지,FWD,포레스트 그린,3,3,8914,-4148,7,63,88.5
2024-10,northeast,LUM,2025,LUM-AI,스탠다드 레인지,FWD,샌드 베이지,3,3,8914,-4148,7,63,88.5
2024-10,northeast,LUM,2025,LUM-AI,롱레인지,AWD,스노우 화이트,36,36,96759,-45024,76,63,88.5
2024-10,northeast,LUM,2025,LUM-AI,롱레인지,AWD,미드나잇 블랙,29,29,76601,-35644,60,63,88.5
2024-10,northeast,LUM,2025,LUM-AI,롱레인지,AWD,스틸 그레이,24,24,64506,-30016,51,63,88.5
2024-10,northeast,LUM,2025,LUM-AI,롱레인지,AWD,실버,20,20,52411,-24388,41,63,88.5
2024-10,northeast,LUM,2025,LUM-AI,롱레인지,AWD,오션 블루,15,15,40316,-18760,32,63,88.5
2024-10,northeast,LUM,2025,LUM-AI,롱레인지,AWD,선셋 레드,12,12,32253,-15008,25,63,88.5
2024-10,northeast,LUM,2025,LUM-AI,롱레인지,AWD,포레스트 그린,8,8,20158,-9380,16,63,88.5
2024-10,northeast,LUM,2025,LUM-AI,롱레인지,AWD,샌드 베이지,8,8,20158,-9380,16,63,88.5
2024-10,northeast,LUM,2025,LUM-AI,롱레인지,FWD,스노우 화이트,26,26,68641,-31940,54,63,88.5
2024-10,northeast,LUM,2025,LUM-AI,롱레인지,FWD,미드나잇 블랙,20,20,54341,-25286,43,63,88.5
2024-10,northeast,LUM,2025,LUM-AI,롱레인지,FWD,스틸 그레이,17,17,45761,-21293,36,63,88.5
2024-10,northeast,LUM,2025,LUM-AI,롱레인지,FWD,실버,14,14,37181,-17301,29,63,88.5
2024-10,northeast,LUM,2025,LUM-AI,롱레인지,FWD,오션 블루,11,11,28600,-13308,22,63,88.5
2024-10,northeast,LUM,2025,LUM-AI,롱레인지,FWD,선셋 레드,9,9,22880,-10647,18,63,88.5
2024-10,northeast,LUM,2025,LUM-AI,롱레인지,FWD,포레스트 그린,5,5,14300,-6654,11,63,88.5
2024-10,northeast,LUM,2025,LUM-AI,롱레인지,FWD,샌드 베이지,5,5,14300,-6654,11,63,88.5
2024-10,northeast,LUM,2025,LUM-RA,스탠다드 레인지,AWD,스노우 화이트,26,26,75914,-26426,55,63,88.5
2024-10,northeast,LUM,2025,LUM-RA,스탠다드 레인지,AWD,미드나잇 블랙,21,21,60099,-20920,43,63,88.5
2024-10,northeast,LUM,2025,LUM-RA,스탠다드 레인지,AWD,스틸 그레이,18,17,50610,-17617,36,63,88.5
2024-10,northeast,LUM,2025,LUM-RA,스탠다드 레인지,AWD,실버,14,14,41120,-14314,30,63,88.5
2024-10,northeast,LUM,2025,LUM-RA,스탠다드 레인지,AWD,오션 블루,11,11,31631,-11011,23,63,88.5
2024-10,northeast,LUM,2025,LUM-RA,스탠다드 레인지,AWD,선셋 레드,9,9,25305,-8809,18,63,88.5
2024-10,northeast,LUM,2025,LUM-RA,스탠다드 레인지,AWD,포레스트 그린,5,5,15815,-5505,11,63,88.5
2024-10,northeast,LUM,2025,LUM-RA,스탠다드 레인지,AWD,샌드 베이지,5,5,15815,-5505,11,63,88.5
2024-10,northeast,LUM,2025,LUM-RA,스탠다드 레인지,FWD,스노우 화이트,19,18,53854,-18746,39,63,88.5
2024-10,northeast,LUM,2025,LUM-RA,스탠다드 레인지,FWD,미드나잇 블랙,15,15,42634,-14841,31,63,88.5
2024-10,northeast,LUM,2025,LUM-RA,스탠다드 레인지,FWD,스틸 그레이,12,12,35902,-12498,26,63,88.5
2024-10,northeast,LUM,2025,LUM-RA,스탠다드 레인지,FWD,실버,10,10,29171,-10154,21,63,88.5
2024-10,northeast,LUM,2025,LUM-RA,스탠다드 레인지,FWD,오션 블루,8,8,22439,-7811,16,63,88.5
2024-10,northeast,LUM,2025,LUM-RA,스탠다드 레인지,FWD,선셋 레드,6,6,17951,-6249,13,63,88.5
2024-10,northeast,LUM,2025,LUM-RA,스탠다드 레인지,FWD,포레스트 그린,4,4,11220,-3905,8,63,88.5
2024-10,northeast,LUM,2025,LUM-RA,스탠다드 레인지,FWD,샌드 베이지,4,4,11220,-3905,8,63,88.5
2024-10,northeast,LUM,2025,LUM-RA,롱레인지,AWD,스노우 화이트,42,42,121779,-42391,88,63,88.5
2024-10,northeast,LUM,2025,LUM-RA,롱레인지,AWD,미드나잇 블랙,33,33,96408,-33560,70,63,88.5
2024-10,northeast,LUM,2025,LUM-RA,롱레인지,AWD,스틸 그레이,28,28,81186,-28261,59,63,88.5
2024-10,northeast,LUM,2025,LUM-RA,롱레인지,AWD,실버,23,23,65964,-22962,48,63,88.5
2024-10,northeast,LUM,2025,LUM-RA,롱레인지,AWD,오션 블루,18,17,50741,-17663,37,63,88.5
2024-10,northeast,LUM,2025,LUM-RA,롱레인지,AWD,선셋 레드,14,14,40593,-14130,29,63,88.5
2024-10,northeast,LUM,2025,LUM-RA,롱레인지,AWD,포레스트 그린,9,9,25371,-8831,18,63,88.5
2024-10,northeast,LUM,2025,LUM-RA,롱레인지,AWD,샌드 베이지,9,9,25371,-8831,18,63,88.5
2024-10,northeast,LUM,2025,LUM-RA,롱레인지,FWD,스노우 화이트,30,30,86390,-30072,62,63,88.5
2024-10,northeast,LUM,2025,LUM-RA,롱레인지,FWD,미드나잇 블랙,24,23,68392,-23807,49,63,88.5
2024-10,northeast,LUM,2025,LUM-RA,롱레인지,FWD,스틸 그레이,20,20,57594,-20048,42,63,88.5
2024-10,northeast,LUM,2025,LUM-RA,롱레인지,FWD,실버,16,16,46795,-16289,34,63,88.5
2024-10,northeast,LUM,2025,LUM-RA,롱레인지,FWD,오션 블루,12,12,35996,-12530,26,63,88.5
2024-10,northeast,LUM,2025,LUM-RA,롱레인지,FWD,선셋 레드,10,10,28797,-10024,21,63,88.5
2024-10,northeast,LUM,2025,LUM-RA,롱레인지,FWD,포레스트 그린,6,6,17998,-6265,13,63,88.5
2024-10,northeast,LUM,2025,LUM-RA,롱레인지,FWD,샌드 베이지,6,6,17998,-6265,13,63,88.5
2024-10,northeast,LUM,2025,LUM-SP,스탠다드 레인지,AWD,스노우 화이트,11,11,35404,-6463,22,63,88.5
2024-10,northeast,LUM,2025,LUM-SP,스탠다드 레인지,AWD,미드나잇 블랙,9,8,28028,-5116,18,63,88.5
2024-10,northeast,LUM,2025,LUM-SP,스탠다드 레인지,AWD,스틸 그레이,7,7,23602,-4308,15,63,88.5
2024-10,northeast,LUM,2025,LUM-SP,스탠다드 레인지,AWD,실버,6,6,19177,-3501,12,63,88.5
2024-10,northeast,LUM,2025,LUM-SP,스탠다드 레인지,AWD,오션 블루,4,4,14752,-2693,9,63,88.5
2024-10,northeast,LUM,2025,LUM-SP,스탠다드 레인지,AWD,선셋 레드,4,4,11801,-2154,7,63,88.5
2024-10,northeast,LUM,2025,LUM-SP,스탠다드 레인지,AWD,포레스트 그린,2,2,7376,-1346,5,47,88.5
2024-10,northeast,LUM,2025,LUM-SP,스탠다드 레인지,AWD,샌드 베이지,2,2,7376,-1346,5,47,88.5
2024-10,northeast,LUM,2025,LUM-SP,스탠다드 레인지,FWD,스노우 화이트,8,8,25115,-4585,16,63,88.5
2024-10,northeast,LUM,2025,LUM-SP,스탠다드 레인지,FWD,미드나잇 블랙,6,6,19883,-3629,13,63,88.5
2024-10,northeast,LUM,2025,LUM-SP,스탠다드 레인지,FWD,스틸 그레이,5,5,16744,-3056,11,63,88.5
2024-10,northeast,LUM,2025,LUM-SP,스탠다드 레인지,FWD,실버,4,4,13604,-2483,9,63,88.5
2024-10,northeast,LUM,2025,LUM-SP,스탠다드 레인지,FWD,오션 블루,3,3,10465,-1910,7,63,88.5
2024-10,northeast,LUM,2025,LUM-SP,스탠다드 레인지,FWD,선셋 레드,3,3,8372,-1528,5,53,88.5
2024-10,northeast,LUM,2025,LUM-SP,스탠다드 레인지,FWD,포레스트 그린,2,2,5232,-955,3,33,88.5
2024-10,northeast,LUM,2025,LUM-SP,스탠다드 레인지,FWD,샌드 베이지,2,2,5232,-955,3,33,88.5
2024-10,northeast,LUM,2025,LUM-SP,롱레인지,AWD,스노우 화이트,17,17,56793,-10367,36,63,88.5
2024-10,northeast,LUM,2025,LUM-SP,롱레인지,AWD,미드나잇 블랙,14,14,44961,-8207,28,63,88.5
2024-10,northeast,LUM,2025,LUM-SP,롱레인지,AWD,스틸 그레이,11,11,37862,-6911,24,63,88.5
2024-10,northeast,LUM,2025,LUM-SP,롱레인지,AWD,실버,9,9,30763,-5616,19,63,88.5
2024-10,northeast,LUM,2025,LUM-SP,롱레인지,AWD,오션 블루,7,7,23664,-4320,15,63,88.5
2024-10,northeast,LUM,2025,LUM-SP,롱레인지,AWD,선셋 레드,6,6,18931,-3456,12,63,88.5
2024-10,northeast,LUM,2025,LUM-SP,롱레인지,AWD,포레스트 그린,4,4,11832,-2160,7,63,88.5
2024-10,northeast,LUM,2025,LUM-SP,롱레인지,AWD,샌드 베이지,4,4,11832,-2160,7,63,88.5
2024-10,northeast,LUM,2025,LUM-SP,롱레인지,FWD,스노우 화이트,12,12,40289,-7354,25,63,88.5
2024-10,northeast,LUM,2025,LUM-SP,롱레인지,FWD,미드나잇 블랙,10,10,31896,-5822,20,63,88.5
2024-10,northeast,LUM,2025,LUM-SP,롱레인지,FWD,스틸 그레이,8,8,26860,-4903,17,63,88.5
2024-10,northeast,LUM,2025,LUM-SP,롱레인지,FWD,실버,7,7,21823,-3984,14,63,88.5
2024-10,northeast,LUM,2025,LUM-SP,롱레인지,FWD,오션 블루,5,5,16787,-3064,11,63,88.5
2024-10,northeast,LUM,2025,LUM-SP,롱레인지,FWD,선셋 레드,4,4,13430,-2451,8,63,88.5
2024-10,northeast,LUM,2025,LUM-SP,롱레인지,FWD,포레스트 그린,3,3,8394,-1532,5,53,88.5
2024-10,northeast,LUM,2025,LUM-SP,롱레인지,FWD,샌드 베이지,3,3,8394,-1532,5,53,88.5
2024-10,southeast,LUM,2024,LUM-AI,스탠다드 레인지,AWD,스노우 화이트,6,6,16656,-7750,13,63,88.5
2024-10,southeast,LUM,2024,LUM-AI,스탠다드 레인지,AWD,미드나잇 블랙,5,5,13186,-6136,10,63,88.5
2024-10,southeast,LUM,2024,LUM-AI,스탠다드 레인지,AWD,스틸 그레이,4,4,11104,-5167,9,63,88.5
2024-10,southeast,LUM,2024,LUM-AI,스탠다드 레인지,AWD,실버,3,3,9022,-4198,7,63,88.5
2024-10,southeast,LUM,2024,LUM-AI,스탠다드 레인지,AWD,오션 블루,3,3,6940,-3229,5,54,88.5
2024-10,southeast,LUM,2024,LUM-AI,스탠다드 레인지,AWD,선셋 레드,2,2,5552,-2583,4,44,88.5
2024-10,southeast,LUM,2024,LUM-AI,스탠다드 레인지,AWD,포레스트 그린,1,1,3470,-1615,3,27,88.5
2024-10,southeast,LUM,2024,LUM-AI,스탠다드 레인지,AWD,샌드 베이지,1,1,3470,-1615,3,27,88.5
2024-10,southeast,LUM,2024,LUM-AI,스탠다드 레인지,FWD,스노우 화이트,10,10,26889,-12512,21,63,88.5
2024-10,southeast,LUM,2024,LUM-AI,스탠다드 레인지,FWD,미드나잇 블랙,8,8,21287,-9905,17,63,88.5
2024-10,southeast,LUM,2024,LUM-AI,스탠다드 레인지,FWD,스틸 그레이,7,7,17926,-8341,14,63,88.5
2024-10,southeast,LUM,2024,LUM-AI,스탠다드 레인지,FWD,실버,5,5,14565,-6777,11,63,88.5
2024-10,southeast,LUM,2024,LUM-AI,스탠다드 레인지,FWD,오션 블루,4,4,11204,-5213,9,63,88.5
2024-10,southeast,LUM,2024,LUM-AI,스탠다드 레인지,FWD,선셋 레드,3,3,8963,-4171,7,63,88.5
2024-10,southeast,LUM,2024,LUM-AI,스탠다드 레인지,FWD,포레스트 그린,2,2,5602,-2607,4,44,88.5
2024-10,southeast,LUM,2024,LUM-AI,스탠다드 레인지,FWD,샌드 베이지,2,2,5602,-2607,4,44,88.5
2024-10,southeast,LUM,2024,LUM-AI,롱레인지,AWD,스노우 화이트,10,10,26718,-12433,21,63,88.5
2024-10,southeast,LUM,2024,LUM-AI,롱레인지,AWD,미드나잇 블랙,8,8,21152,-9843,17,63,88.5
2024-10,southeast,LUM,2024,LUM-AI,롱레인지,AWD,스틸 그레이,7,7,17812,-8288,14,63,88.5
2024-10,southeast,LUM,2024,LUM-AI,롱레인지,AWD,실버,5,5,14473,-6734,11,63,88.5
2024-10,southeast,LUM,2024,LUM-AI,롱레인지,AWD,오션 블루,4,4,11133,-5180,9,63,88.5
2024-10,southeast,LUM,2024,LUM-AI,롱레인지,AWD,선셋 레드,3,3,8906,-4144,7,63,88.5
2024-10,southeast,LUM,2024,LUM-AI,롱레인지,AWD,포레스트 그린,2,2,5566,-2590,4,44,88.5
2024-10,southeast,LUM,2024,LUM-AI,롱레인지,AWD,샌드 베이지,2,2,5566,-2590,4,44,88.5
2024-10,southeast,LUM,2024,LUM-AI,롱레인지,FWD,스노우 화이트,16,16,43134,-20071,34,63,88.5
2024-10,southeast,LUM,2024,LUM-AI,롱레인지,FWD,미드나잇 블랙,13,13,34148,-15890,27,63,88.5
2024-10,southeast,LUM,2024,LUM-AI,롱레인지,FWD,스틸 그레이,11,11,28756,-13381,23,63,88.5
2024-10,southeast,LUM,2024,LUM-AI,롱레인지,FWD,실버,9,9,23364,-10872,18,63,88.5
2024-10,southeast,LUM,2024,LUM-AI,롱레인지,FWD,오션 블루,7,7,17972,-8363,14,63,88.5
2024-10,southeast,LUM,2024,LUM-AI,롱레인지,FWD,선셋 레드,5,5,14378,-6690,11,63,88.5
2024-10,southeast,LUM,2024,LUM-AI,롱레인지,FWD,포레스트 그린,3,3,8986,-4181,7,63,88.5
2024-10,southeast,LUM,2024,LUM-AI,롱레인지,FWD,샌드 베이지,3,3,8986,-4181,7,63,88.5
2024-10,southeast,LUM,2024,LUM-RA,스탠다드 레인지,AWD,스노우 화이트,7,7,20963,-7297,15,63,88.5
2024-10,southeast,LUM,2024,LUM-RA,스탠다드 레인지,AWD,미드나잇 블랙,6,6,16595,-5777,12,63,88.5
2024-10,southeast,LUM,2024,LUM-RA,스탠다드 레인지,AWD,스틸 그레이,5,5,13975,-4865,10,63,88.5
2024-10,southeast,LUM,2024,LUM-RA,스탠다드 레인지,AWD,실버,4,4,11355,-3953,8,63,88.5
2024-10,southeast,LUM,2024,LUM-RA,스탠다드 레인지,AWD,오션 블루,3,3,8734,-3040,6,63,88.5
2024-10,southeast,LUM,2024,LUM-RA,스탠다드 레인지,AWD,선셋 레드,2,2,6988,-2432,5,50,88.5
2024-10,southeast,LUM,2024,LUM-RA,스탠다드 레인지,AWD,포레스트 그린,2,1,4367,-1520,3,31,88.5
2024-10,southeast,LUM,2024,LUM-RA,스탠다드 레인지,AWD,샌드 베이지,2,1,4367,-1520,3,31,88.5
2024-10,southeast,LUM,2024,LUM-RA,스탠다드 레인지,FWD,스노우 화이트,12,12,33841,-11780,24,63,88.5
2024-10,southeast,LUM,2024,LUM-RA,스탠다드 레인지,FWD,미드나잇 블랙,9,9,26791,-9326,19,63,88.5
2024-10,southeast,LUM,2024,LUM-RA,스탠다드 레인지,FWD,스틸 그레이,8,8,22561,-7853,16,63,88.5
2024-10,southeast,LUM,2024,LUM-RA,스탠다드 레인지,FWD,실버,6,6,18331,-6381,13,63,88.5
2024-10,southeast,LUM,2024,LUM-RA,스탠다드 레인지,FWD,오션 블루,5,5,14101,-4908,10,63,88.5
2024-10,southeast,LUM,2024,LUM-RA,스탠다드 레인지,FWD,선셋 레드,4,4,11280,-3927,8,63,88.5
2024-10,southeast,LUM,2024,LUM-RA,스탠다드 레인지,FWD,포레스트 그린,2,2,7050,-2454,5,51,88.5
2024-10,southeast,LUM,2024,LUM-RA,스탠다드 레인지,FWD,샌드 베이지,2,2,7050,-2454,5,51,88.5
2024-10,southeast,LUM,2024,LUM-RA,롱레인지,AWD,스노우 화이트,12,12,33627,-11706,24,63,88.5
2024-10,southeast,LUM,2024,LUM-RA,롱레인지,AWD,미드나잇 블랙,9,9,26622,-9267,19,63,88.5
2024-10,southeast,LUM,2024,LUM-RA,롱레인지,AWD,스틸 그레이,8,8,22418,-7804,16,63,88.5
2024-10,southeast,LUM,2024,LUM-RA,롱레인지,AWD,실버,6,6,18215,-6341,13,63,88.5
2024-10,southeast,LUM,2024,LUM-RA,롱레인지,AWD,오션 블루,5,5,14011,-4877,10,63,88.5
2024-10,southeast,LUM,2024,LUM-RA,롱레인지,AWD,선셋 레드,4,4,11209,-3902,8,63,88.5
2024-10,southeast,LUM,2024,LUM-RA,롱레인지,AWD,포레스트 그린,2,2,7006,-2439,5,51,88.5
2024-10,southeast,LUM,2024,LUM-RA,롱레인지,AWD,샌드 베이지,2,2,7006,-2439,5,51,88.5
2024-10,southeast,LUM,2024,LUM-RA,롱레인지,FWD,스노우 화이트,19,19,54287,-18897,39,63,88.5
2024-10,southeast,LUM,2024,LUM-RA,롱레인지,FWD,미드나잇 블랙,15,15,42977,-14960,31,63,88.5
2024-10,southeast,LUM,2024,LUM-RA,롱레인지,FWD,스틸 그레이,13,12,36192,-12598,26,63,88.5
2024-10,southeast,LUM,2024,LUM-RA,롱레인지,FWD,실버,10,10,29406,-10236,21,63,88.5
2024-10,southeast,LUM,2024,LUM-RA,롱레인지,FWD,오션 블루,8,8,22620,-7874,16,63,88.5
2024-10,southeast,LUM,2024,LUM-RA,롱레인지,FWD,선셋 레드,6,6,18096,-6299,13,63,88.5
2024-10,southeast,LUM,2024,LUM-RA,롱레인지,FWD,포레스트 그린,4,4,11310,-3937,8,63,88.5
2024-10,southeast,LUM,2024,LUM-RA,롱레인지,FWD,샌드 베이지,4,4,11310,-3937,8,63,88.5
2024-10,southeast,LUM,2024,LUM-SP,스탠다드 레인지,AWD,스노우 화이트,3,3,9776,-1785,6,62,88.5
2024-10,southeast,LUM,2024,LUM-SP,스탠다드 레인지,AWD,미드나잇 블랙,2,2,7739,-1413,5,49,88.5
2024-10,southeast,LUM,2024,LUM-SP,스탠다드 레인지,AWD,스틸 그레이,2,2,6517,-1190,4,41,88.5
2024-10,southeast,LUM,2024,LUM-SP,스탠다드 레인지,AWD,실버,2,2,5295,-967,3,33,88.5
2024-10,southeast,LUM,2024,LUM-SP,스탠다드 레인지,AWD,오션 블루,1,1,4073,-744,3,26,88.5
2024-10,southeast,LUM,2024,LUM-SP,스탠다드 레인지,AWD,선셋 레드,1,1,3259,-595,2,21,88.5
2024-10,southeast,LUM,2024,LUM-SP,스탠다드 레인지,AWD,포레스트 그린,1,1,2037,-372,1,13,88.5
2024-10,southeast,LUM,2024,LUM-SP,스탠다드 레인지,AWD,샌드 베이지,1,1,2037,-372,1,13,88.5
2024-10,southeast,LUM,2024,LUM-SP,스탠다드 레인지,FWD,스노우 화이트,5,5,15782,-2881,10,63,88.5
2024-10,southeast,LUM,2024,LUM-SP,스탠다드 레인지,FWD,미드나잇 블랙,4,4,12494,-2281,8,63,88.5
2024-10,southeast,LUM,2024,LUM-SP,스탠다드 레인지,FWD,스틸 그레이,3,3,10522,-1921,7,63,88.5
2024-10,southeast,LUM,2024,LUM-SP,스탠다드 레인지,FWD,실버,3,3,8549,-1561,5,54,88.5
2024-10,southeast,LUM,2024,LUM-SP,스탠다드 레인지,FWD,오션 블루,2,2,6576,-1200,4,42,88.5
2024-10,southeast,LUM,2024,LUM-SP,스탠다드 레인지,FWD,선셋 레드,2,2,5261,-960,3,33,88.5
2024-10,southeast,LUM,2024,LUM-SP,스탠다드 레인지,FWD,포레스트 그린,1,1,3288,-600,2,21,88.5
2024-10,southeast,LUM,2024,LUM-SP,스탠다드 레인지,FWD,샌드 베이지,1,1,3288,-600,2,21,88.5
2024-10,southeast,LUM,2024,LUM-SP,롱레인지,AWD,스노우 화이트,5,5,15683,-2863,10,63,88.5
2024-10,southeast,LUM,2024,LUM-SP,롱레인지,AWD,미드나잇 블랙,4,4,12415,-2266,8,63,88.5
2024-10,southeast,LUM,2024,LUM-SP,롱레인지,AWD,스틸 그레이,3,3,10455,-1908,7,63,88.5
2024-10,southeast,LUM,2024,LUM-SP,롱레인지,AWD,실버,3,3,8495,-1551,5,54,88.5
2024-10,southeast,LUM,2024,LUM-SP,롱레인지,AWD,오션 블루,2,2,6534,-1193,4,41,88.5
2024-10,southeast,LUM,2024,LUM-SP,롱레인지,AWD,선셋 레드,2,2,5228,-954,3,33,88.5
2024-10,southeast,LUM,2024,LUM-SP,롱레인지,AWD,포레스트 그린,1,1,3267,-596,2,21,88.5
2024-10,southeast,LUM,2024,LUM-SP,롱레인지,AWD,샌드 베이지,1,1,3267,-596,2,21,88.5
2024-10,southeast,LUM,2024,LUM-SP,롱레인지,FWD,스노우 화이트,8,8,25318,-4622,16,63,88.5
2024-10,southeast,LUM,2024,LUM-SP,롱레인지,FWD,미드나잇 블랙,6,6,20043,-3659,13,63,88.5
2024-10,southeast,LUM,2024,LUM-SP,롱레인지,FWD,스틸 그레이,5,5,16878,-3081,11,63,88.5
2024-10,southeast,LUM,2024,LUM-SP,롱레인지,FWD,실버,4,4,13714,-2503,9,63,88.5
2024-10,southeast,LUM,2024,LUM-SP,롱레인지,FWD,오션 블루,3,3,10549,-1926,7,63,88.5
2024-10,southeast,LUM,2024,LUM-SP,롱레인지,FWD,선셋 레드,3,3,8439,-1541,5,53,88.5
2024-10,southeast,LUM,2024,LUM-SP,롱레인지,FWD,포레스트 그린,2,2,5275,-963,3,33,88.5
2024-10,southeast,LUM,2024,LUM-SP,롱레인지,FWD,샌드 베이지,2,2,5275,-963,3,33,88.5
2024-10,southeast,LUM,2025,LUM-AI,스탠다드 레인지,AWD,스노우 화이트,12,12,30932,-14393,24,63,88.5
2024-10,southeast,LUM,2025,LUM-AI,스탠다드 레인지,AWD,미드나잇 블랙,9,9,24488,-11395,19,63,88.5
2024-10,southeast,LUM,2025,LUM-AI,스탠다드 레인지,AWD,스틸 그레이,8,8,20621,-9596,16,63,88.5
2024-10,southeast,LUM,2025,LUM-AI,스탠다드 레인지,AWD,실버,6,6,16755,-7796,13,63,88.5
2024-10,southeast,LUM,2025,LUM-AI,스탠다드 레인지,AWD,오션 블루,5,5,12888,-5997,10,63,88.5
2024-10,southeast,LUM,2025,LUM-AI,스탠다드 레인지,AWD,선셋 레드,4,4,10311,-4798,8,63,88.5
2024-10,southeast,LUM,2025,LUM-AI,스탠다드 레인지,AWD,포레스트 그린,2,2,6444,-2999,5,51,88.5
2024-10,southeast,LUM,2025,LUM-AI,스탠다드 레인지,AWD,샌드 베이지,2,2,6444,-2999,5,51,88.5
2024-10,southeast,LUM,2025,LUM-AI,스탠다드 레인지,FWD,스노우 화이트,19,19,49936,-23236,39,63,88.5
2024-10,southeast,LUM,2025,LUM-AI,스탠다드 레인지,FWD,미드나잇 블랙,15,15,39533,-18395,31,63,88.5
2024-10,southeast,LUM,2025,LUM-AI,스탠다드 레인지,FWD,스틸 그레이,13,12,33291,-15491,26,63,88.5
2024-10,southeast,LUM,2025,LUM-AI,스탠다드 레인지,FWD,실버,10,10,27049,-12586,21,63,88.5
2024-10,southeast,LUM,2025,LUM-AI,스탠다드 레인지,FWD,오션 블루,8,8,20807,-9682,16,63,88.5
2024-10,southeast,LUM,2025,LUM-AI,스탠다드 레인지,FWD,선셋 레드,6,6,16645,-7745,13,63,88.5
2024-10,southeast,LUM,2025,LUM-AI,스탠다드 레인지,FWD,포레스트 그린,4,4,10403,-4841,8,63,88.5
2024-10,southeast,LUM,2025,LUM-AI,스탠다드 레인지,FWD,샌드 베이지,4,4,10403,-4841,8,63,88.5
2024-10,southeast,LUM,2025,LUM-AI,롱레인지,AWD,스노우 화이트,19,19,49620,-23089,39,63,88.5
2024-10,southeast,LUM,2025,LUM-AI,롱레인지,AWD,미드나잇 블랙,15,15,39283,-18279,31,63,88.5
2024-10,southeast,LUM,2025,LUM-AI,롱레인지,AWD,스틸 그레이,12,12,33080,-15393,26,63,88.5
2024-10,southeast,LUM,2025,LUM-AI,롱레인지,AWD,실버,10,10,26878,-12507,21,63,88.5
2024-10,southeast,LUM,2025,LUM-AI,롱레인지,AWD,오션 블루,8,8,20675,-9621,16,63,88.5
2024-10,southeast,LUM,2025,LUM-AI,롱레인지,AWD,선셋 레드,6,6,16540,-7696,13,63,88.5
2024-10,southeast,LUM,2025,LUM-AI,롱레인지,AWD,포레스트 그린,4,4,10338,-4810,8,63,88.5
2024-10,southeast,LUM,2025,LUM-AI,롱레인지,AWD,샌드 베이지,4,4,10338,-4810,8,63,88.5
2024-10,southeast,LUM,2025,LUM-AI,롱레인지,FWD,스노우 화이트,30,30,80106,-37275,63,63,88.5
2024-10,southeast,LUM,2025,LUM-AI,롱레인지,FWD,미드나잇 블랙,24,24,63417,-29509,50,63,88.5
2024-10,southeast,LUM,2025,LUM-AI,롱레인지,FWD,스틸 그레이,20,20,53404,-24850,42,63,88.5
2024-10,southeast,LUM,2025,LUM-AI,롱레인지,FWD,실버,16,16,43390,-20191,34,63,88.5
2024-10,southeast,LUM,2025,LUM-AI,롱레인지,FWD,오션 블루,13,12,33377,-15531,26,63,88.5
2024-10,southeast,LUM,2025,LUM-AI,롱레인지,FWD,선셋 레드,10,10,26702,-12425,21,63,88.5
2024-10,southeast,LUM,2025,LUM-AI,롱레인지,FWD,포레스트 그린,6,6,16689,-7766,13,63,88.5
2024-10,southeast,LUM,2025,LUM-AI,롱레인지,FWD,샌드 베이지,6,6,16689,-7766,13,63,88.5
2024-10,southeast,LUM,2025,LUM-RA,스탠다드 레인지,AWD,스노우 화이트,13,13,38930,-13552,28,63,88.5
2024-10,southeast,LUM,2025,LUM-RA,스탠다드 레인지,AWD,미드나잇 블랙,11,11,30820,-10728,22,63,88.5
2024-10,southeast,LUM,2025,LUM-RA,스탠다드 레인지,AWD,스틸 그레이,9,9,25954,-9034,19,63,88.5
2024-10,southeast,LUM,2025,LUM-RA,스탠다드 레인지,AWD,실버,7,7,21087,-7340,15,63,88.5
2024-10,southeast,LUM,2025,LUM-RA,스탠다드 레인지,AWD,오션 블루,6,6,16221,-5646,12,63,88.5
2024-10,southeast,LUM,2025,LUM-RA,스탠다드 레인지,AWD,선셋 레드,4,4,12977,-4517,9,63,88.5
2024-10,southeast,LUM,2025,LUM-RA,스탠다드 레인지,AWD,포레스트 그린,3,3,8110,-2823,6,58,88.5
2024-10,southeast,LUM,2025,LUM-RA,스탠다드 레인지,AWD,샌드 베이지,3,3,8110,-2823,6,58,88.5
2024-10,southeast,LUM,2025,LUM-RA,스탠다드 레인지,FWD,스노우 화이트,22,22,62848,-21877,45,63,88.5
2024-10,southeast,LUM,2025,LUM-RA,스탠다드 레인지,FWD,미드나잇 블랙,17,17,49755,-17320,36,63,88.5
2024-10,southeast,LUM,2025,LUM-RA,스탠다드 레인지,FWD,스틸 그레이,14,14,41899,-14585,30,63,88.5
2024-10,southeast,LUM,2025,LUM-RA,스탠다드 레인지,FWD,실버,12,12,34043,-11850,25,63,88.5
2024-10,southeast,LUM,2025,LUM-RA,스탠다드 레인지,FWD,오션 블루,9,9,26187,-9116,19,63,88.5
2024-10,southeast,LUM,2025,LUM-RA,스탠다드 레인지,FWD,선셋 레드,7,7,20949,-7292,15,63,88.5
2024-10,southeast,LUM,2025,LUM-RA,스탠다드 레인지,FWD,포레스트 그린,5,4,13093,-4558,9,63,88.5
2024-10,southeast,LUM,2025,LUM-RA,스탠다드 레인지,FWD,샌드 베이지,5,4,13093,-4558,9,63,88.5
2024-10,southeast,LUM,2025,LUM-RA,롱레인지,AWD,스노우 화이트,22,21,62451,-21739,45,63,88.5
2024-10,southeast,LUM,2025,LUM-RA,롱레인지,AWD,미드나잇 블랙,17,17,49440,-17210,36,63,88.5
2024-10,southeast,LUM,2025,LUM-RA,롱레인지,AWD,스틸 그레이,14,14,41634,-14493,30,63,88.5
2024-10,southeast,LUM,2025,LUM-RA,롱레인지,AWD,실버,12,12,33828,-11775,24,63,88.5
2024-10,southeast,LUM,2025,LUM-RA,롱레인지,AWD,오션 블루,9,9,26021,-9058,19,63,88.5
2024-10,southeast,LUM,2025,LUM-RA,롱레인지,AWD,선셋 레드,7,7,20817,-7246,15,63,88.5
2024-10,southeast,LUM,2025,LUM-RA,롱레인지,AWD,포레스트 그린,4,4,13011,-4529,9,63,88.5
2024-10,southeast,LUM,2025,LUM-RA,롱레인지,AWD,샌드 베이지,4,4,13011,-4529,9,63,88.5
2024-10,southeast,LUM,2025,LUM-RA,롱레인지,FWD,스노우 화이트,35,35,100819,-35095,73,63,88.5
2024-10,southeast,LUM,2025,LUM-RA,롱레인지,FWD,미드나잇 블랙,28,27,79815,-27783,58,63,88.5
2024-10,southeast,LUM,2025,LUM-RA,롱레인지,FWD,스틸 그레이,23,23,67213,-23397,48,63,88.5
2024-10,southeast,LUM,2025,LUM-RA,롱레인지,FWD,실버,19,19,54610,-19010,39,63,88.5
2024-10,southeast,LUM,2025,LUM-RA,롱레인지,FWD,오션 블루,15,14,42008,-14623,30,63,88.5
2024-10,southeast,LUM,2025,LUM-RA,롱레인지,FWD,선셋 레드,12,12,33606,-11698,24,63,88.5
2024-10,southeast,LUM,2025,LUM-RA,롱레인지,FWD,포레스트 그린,7,7,21004,-7311,15,63,88.5
2024-10,southeast,LUM,2025,LUM-RA,롱레인지,FWD,샌드 베이지,7,7,21004,-7311,15,63,88.5
2024-10,southeast,LUM,2025,LUM-SP,스탠다드 레인지,AWD,스노우 화이트,6,5,18156,-3314,11,63,88.5
2024-10,southeast,LUM,2025,LUM-SP,스탠다드 레인지,AWD,미드나잇 블랙,4,4,14373,-2624,9,63,88.5
2024-10,southeast,LUM,2025,LUM-SP,스탠다드 레인지,AWD,스틸 그레이,4,4,12104,-2209,8,63,88.5
2024-10,southeast,LUM,2025,LUM-SP,스탠다드 레인지,AWD,실버,3,3,9834,-1795,6,62,88.5
2024-10,southeast,LUM,2025,LUM-SP,스탠다드 레인지,AWD,오션 블루,2,2,7565,-1381,5,48,88.5
2024-10,southeast,LUM,2025,LUM-SP,스탠다드 레인지,AWD,선셋 레드,2,2,6052,-1105,4,38,88.5
2024-10,southeast,LUM,2025,LUM-SP,스탠다드 레인지,AWD,포레스트 그린,1,1,3782,-690,2,24,88.5
2024-10,southeast,LUM,2025,LUM-SP,스탠다드 레인지,AWD,샌드 베이지,1,1,3782,-690,2,24,88.5
2024-10,southeast,LUM,2025,LUM-SP,스탠다드 레인지,FWD,스노우 화이트,9,9,29310,-5350,19,63,88.5
2024-10,southeast,LUM,2025,LUM-SP,스탠다드 레인지,FWD,미드나잇 블랙,7,7,23204,-4236,15,63,88.5
2024-10,southeast,LUM,2025,LUM-SP,스탠다드 레인지,FWD,스틸 그레이,6,6,19540,-3567,12,63,88.5
2024-10,southeast,LUM,2025,LUM-SP,스탠다드 레인지,FWD,실버,5,5,15876,-2898,10,63,88.5
2024-10,southeast,LUM,2025,LUM-SP,스탠다드 레인지,FWD,오션 블루,4,4,12213,-2229,8,63,88.5
2024-10,southeast,LUM,2025,LUM-SP,스탠다드 레인지,FWD,선셋 레드,3,3,9770,-1783,6,62,88.5
2024-10,southeast,LUM,2025,LUM-SP,스탠다드 레인지,FWD,포레스트 그린,2,2,6106,-1115,4,39,88.5
2024-10,southeast,LUM,2025,LUM-SP,스탠다드 레인지,FWD,샌드 베이지,2,2,6106,-1115,4,39,88.5
2024-10,southeast,LUM,2025,LUM-SP,롱레인지,AWD,스노우 화이트,9,9,29125,-5316,18,63,88.5
2024-10,southeast,LUM,2025,LUM-SP,롱레인지,AWD,미드나잇 블랙,7,7,23057,-4209,15,63,88.5
2024-10,southeast,LUM,2025,LUM-SP,롱레인지,AWD,스틸 그레이,6,6,19417,-3544,12,63,88.5
2024-10,southeast,LUM,2025,LUM-SP,롱레인지,AWD,실버,5,5,15776,-2880,10,63,88.5
2024-10,southeast,LUM,2025,LUM-SP,롱레인지,AWD,오션 블루,4,4,12135,-2215,8,63,88.5
2024-10,southeast,LUM,2025,LUM-SP,롱레인지,AWD,선셋 레드,3,3,9708,-1772,6,61,88.5
2024-10,southeast,LUM,2025,LUM-SP,롱레인지,AWD,포레스트 그린,2,2,6068,-1108,4,38,88.5
2024-10,southeast,LUM,2025,LUM-SP,롱레인지,AWD,샌드 베이지,2,2,6068,-1108,4,38,88.5
2024-10,southeast,LUM,2025,LUM-SP,롱레인지,FWD,스노우 화이트,14,14,47018,-8583,30,63,88.5
2024-10,southeast,LUM,2025,LUM-SP,롱레인지,FWD,미드나잇 블랙,11,11,37223,-6795,24,63,88.5
2024-10,southeast,LUM,2025,LUM-SP,롱레인지,FWD,스틸 그레이,10,9,31346,-5722,20,63,88.5
2024-10,southeast,LUM,2025,LUM-SP,롱레인지,FWD,실버,8,8,25468,-4649,16,63,88.5
2024-10,southeast,LUM,2025,LUM-SP,롱레인지,FWD,오션 블루,6,6,19591,-3576,12,63,88.5
2024-10,southeast,LUM,2025,LUM-SP,롱레인지,FWD,선셋 레드,5,5,15673,-2861,10,63,88.5
2024-10,southeast,LUM,2025,LUM-SP,롱레인지,FWD,포레스트 그린,3,3,9796,-1788,6,62,88.5
2024-10,southeast,LUM,2025,LUM-SP,롱레인지,FWD,샌드 베이지,3,3,9796,-1788,6,62,88.5
