ym,zone_id,model_id,model_year,trim_id,engine,drivetrain,color,retail_qty,wholesale_qty,variable_margin_usd,op_profit_usd,stock_qty,days_supply,csi_score
2024-04,west,TRN,2024,TRN-CO,3.5 가솔린,AWD,스노우 화이트,180,193,822116,368897,330,56,88.5
2024-04,west,TRN,2024,TRN-CO,3.5 가솔린,AWD,미드나잇 블랙,142,153,650842,292043,261,56,88.5
2024-04,west,TRN,2024,TRN-CO,3.5 가솔린,AWD,스틸 그레이,120,129,548077,245931,220,56,88.5
2024-04,west,TRN,2024,TRN-CO,3.5 가솔린,AWD,실버,97,105,445313,199819,179,56,88.5
2024-04,west,TRN,2024,TRN-CO,3.5 가솔린,AWD,오션 블루,75,81,342548,153707,138,56,88.5
2024-04,west,TRN,2024,TRN-CO,3.5 가솔린,AWD,선셋 레드,60,64,274039,122966,110,56,88.5
2024-04,west,TRN,2024,TRN-CO,3.5 가솔린,AWD,포레스트 그린,37,40,171274,76854,69,56,88.5
2024-04,west,TRN,2024,TRN-CO,3.5 가솔린,AWD,샌드 베이지,37,40,171274,76854,69,56,88.5
2024-04,west,TRN,2024,TRN-CO,3.5 가솔린,FWD,스노우 화이트,60,64,274039,122966,110,56,88.5
2024-04,west,TRN,2024,TRN-CO,3.5 가솔린,FWD,미드나잇 블랙,47,51,216947,97348,87,56,88.5
2024-04,west,TRN,2024,TRN-CO,3.5 가솔린,FWD,스틸 그레이,40,43,182692,81977,73,56,88.5
2024-04,west,TRN,2024,TRN-CO,3.5 가솔린,FWD,실버,32,35,148438,66606,60,56,88.5
2024-04,west,TRN,2024,TRN-CO,3.5 가솔린,FWD,오션 블루,25,27,114183,51236,46,56,88.5
2024-04,west,TRN,2024,TRN-CO,3.5 가솔린,FWD,선셋 레드,20,21,91346,40989,37,56,88.5
2024-04,west,TRN,2024,TRN-CO,3.5 가솔린,FWD,포레스트 그린,12,13,57091,25618,23,56,88.5
2024-04,west,TRN,2024,TRN-CO,3.5 가솔린,FWD,샌드 베이지,12,13,57091,25618,23,56,88.5
2024-04,west,TRN,2024,TRN-CO,2.5T 하이브리드,AWD,스노우 화이트,86,93,394032,176809,158,56,88.5
2024-04,west,TRN,2024,TRN-CO,2.5T 하이브리드,AWD,미드나잇 블랙,68,73,311942,139974,125,56,88.5
2024-04,west,TRN,2024,TRN-CO,2.5T 하이브리드,AWD,스틸 그레이,57,62,262688,117872,105,56,88.5
2024-04,west,TRN,2024,TRN-CO,2.5T 하이브리드,AWD,실버,47,50,213434,95771,86,56,88.5
2024-04,west,TRN,2024,TRN-CO,2.5T 하이브리드,AWD,오션 블루,36,39,164180,73670,66,56,88.5
2024-04,west,TRN,2024,TRN-CO,2.5T 하이브리드,AWD,선셋 레드,29,31,131344,58936,53,56,88.5
2024-04,west,TRN,2024,TRN-CO,2.5T 하이브리드,AWD,포레스트 그린,18,19,82090,36835,33,56,88.5
2024-04,west,TRN,2024,TRN-CO,2.5T 하이브리드,AWD,샌드 베이지,18,19,82090,36835,33,56,88.5
2024-04,west,TRN,2024,TRN-CO,2.5T 하이브리드,FWD,스노우 화이트,29,31,131344,58936,53,56,88.5
2024-04,west,TRN,2024,TRN-CO,2.5T 하이브리드,FWD,미드나잇 블랙,23,24,103981,46658,42,56,88.5
2024-04,west,TRN,2024,TRN-CO,2.5T 하이브리드,FWD,스틸 그레이,19,21,87563,39291,35,56,88.5
2024-04,west,TRN,2024,TRN-CO,2.5T 하이브리드,FWD,실버,16,17,71145,31924,29,56,88.5
2024-04,west,TRN,2024,TRN-CO,2.5T 하이브리드,FWD,오션 블루,12,13,54727,24557,22,56,88.5
2024-04,west,TRN,2024,TRN-CO,2.5T 하이브리드,FWD,선셋 레드,10,10,43781,19645,18,56,88.5
2024-04,west,TRN,2024,TRN-CO,2.5T 하이브리드,FWD,포레스트 그린,6,6,27363,12278,11,56,88.5
2024-04,west,TRN,2024,TRN-CO,2.5T 하이브리드,FWD,샌드 베이지,6,6,27363,12278,11,56,88.5
2024-04,west,TRN,2024,TRN-PR,3.5 가솔린,AWD,스노우 화이트,208,224,1034700,509920,382,56,88.5
2024-04,west,TRN,2024,TRN-PR,3.5 가솔린,AWD,미드나잇 블랙,165,177,819137,403687,303,56,88.5
2024-04,west,TRN,2024,TRN-PR,3.5 가솔린,AWD,스틸 그레이,139,149,689800,339947,255,56,88.5
2024-04,west,TRN,2024,TRN-PR,3.5 가솔린,AWD,실버,113,121,560462,276207,207,56,88.5
2024-04,west,TRN,2024,TRN-PR,3.5 가솔린,AWD,오션 블루,87,93,431125,212467,159,56,88.5
2024-04,west,TRN,2024,TRN-PR,3.5 가솔린,AWD,선셋 레드,69,75,344900,169973,127,56,88.5
2024-04,west,TRN,2024,TRN-PR,3.5 가솔린,AWD,포레스트 그린,43,47,215562,106233,80,56,88.5
2024-04,west,TRN,2024,TRN-PR,3.5 가솔린,AWD,샌드 베이지,43,47,215562,106233,80,56,88.5
2024-04,west,TRN,2024,TRN-PR,3.5 가솔린,FWD,스노우 화이트,69,75,344900,169973,127,56,88.5
2024-04,west,TRN,2024,TRN-PR,3.5 가솔린,FWD,미드나잇 블랙,55,59,273046,134562,101,56,88.5
2024-04,west,TRN,2024,TRN-PR,3.5 가솔린,FWD,스틸 그레이,46,50,229933,113316,85,56,88.5
2024-04,west,TRN,2024,TRN-PR,3.5 가솔린,FWD,실버,38,40,186821,92069,69,56,88.5
2024-04,west,TRN,2024,TRN-PR,3.5 가솔린,FWD,오션 블루,29,31,143708,70822,53,56,88.5
2024-04,west,TRN,2024,TRN-PR,3.5 가솔린,FWD,선셋 레드,23,25,114967,56658,42,56,88.5
2024-04,west,TRN,2024,TRN-PR,3.5 가솔린,FWD,포레스트 그린,14,16,71854,35411,27,56,88.5
2024-04,west,TRN,2024,TRN-PR,3.5 가솔린,FWD,샌드 베이지,14,16,71854,35411,27,56,88.5
2024-04,west,TRN,2024,TRN-PR,2.5T 하이브리드,AWD,스노우 화이트,100,107,495921,244399,183,56,88.5
2024-04,west,TRN,2024,TRN-PR,2.5T 하이브리드,AWD,미드나잇 블랙,79,85,392604,193483,145,56,88.5
2024-04,west,TRN,2024,TRN-PR,2.5T 하이브리드,AWD,스틸 그레이,67,71,330614,162933,122,56,88.5
2024-04,west,TRN,2024,TRN-PR,2.5T 하이브리드,AWD,실버,54,58,268624,132383,99,56,88.5
2024-04,west,TRN,2024,TRN-PR,2.5T 하이브리드,AWD,오션 블루,42,45,206634,101833,76,56,88.5
2024-04,west,TRN,2024,TRN-PR,2.5T 하이브리드,AWD,선셋 레드,33,36,165307,81466,61,56,88.5
2024-04,west,TRN,2024,TRN-PR,2.5T 하이브리드,AWD,포레스트 그린,21,22,103317,50917,38,56,88.5
2024-04,west,TRN,2024,TRN-PR,2.5T 하이브리드,AWD,샌드 베이지,21,22,103317,50917,38,56,88.5
2024-04,west,TRN,2024,TRN-PR,2.5T 하이브리드,FWD,스노우 화이트,33,36,165307,81466,61,56,88.5
2024-04,west,TRN,2024,TRN-PR,2.5T 하이브리드,FWD,미드나잇 블랙,26,28,130868,64494,48,56,88.5
2024-04,west,TRN,2024,TRN-PR,2.5T 하이브리드,FWD,스틸 그레이,22,24,110205,54311,41,56,88.5
2024-04,west,TRN,2024,TRN-PR,2.5T 하이브리드,FWD,실버,18,19,89541,44128,33,56,88.5
2024-04,west,TRN,2024,TRN-PR,2.5T 하이브리드,FWD,오션 블루,14,15,68878,33944,25,56,88.5
2024-04,west,TRN,2024,TRN-PR,2.5T 하이브리드,FWD,선셋 레드,11,12,55102,27155,20,56,88.5
2024-04,west,TRN,2024,TRN-PR,2.5T 하이브리드,FWD,포레스트 그린,7,7,34439,16972,13,56,88.5
2024-04,west,TRN,2024,TRN-PR,2.5T 하이브리드,FWD,샌드 베이지,7,7,34439,16972,13,56,88.5
2024-04,west,TRN,2024,TRN-SU,3.5 가솔린,AWD,스노우 화이트,85,92,482546,267864,156,56,88.5
2024-04,west,TRN,2024,TRN-SU,3.5 가솔린,AWD,미드나잇 블랙,67,72,382016,212059,124,56,88.5
2024-04,west,TRN,2024,TRN-SU,3.5 가솔린,AWD,스틸 그레이,57,61,321698,178576,104,56,88.5
2024-04,west,TRN,2024,TRN-SU,3.5 가솔린,AWD,실버,46,50,261379,145093,85,56,88.5
2024-04,west,TRN,2024,TRN-SU,3.5 가솔린,AWD,오션 블루,36,38,201061,111610,65,56,88.5
2024-04,west,TRN,2024,TRN-SU,3.5 가솔린,AWD,선셋 레드,28,31,160849,89288,52,56,88.5
2024-04,west,TRN,2024,TRN-SU,3.5 가솔린,AWD,포레스트 그린,18,19,100530,55805,33,56,88.5
2024-04,west,TRN,2024,TRN-SU,3.5 가솔린,AWD,샌드 베이지,18,19,100530,55805,33,56,88.5
2024-04,west,TRN,2024,TRN-SU,3.5 가솔린,FWD,스노우 화이트,28,31,160849,89288,52,56,88.5
2024-04,west,TRN,2024,TRN-SU,3.5 가솔린,FWD,미드나잇 블랙,22,24,127339,70686,41,56,88.5
2024-04,west,TRN,2024,TRN-SU,3.5 가솔린,FWD,스틸 그레이,19,20,107233,59525,35,56,88.5
2024-04,west,TRN,2024,TRN-SU,3.5 가솔린,FWD,실버,15,17,87126,48364,28,56,88.5
2024-04,west,TRN,2024,TRN-SU,3.5 가솔린,FWD,오션 블루,12,13,67020,37203,22,56,88.5
2024-04,west,TRN,2024,TRN-SU,3.5 가솔린,FWD,선셋 레드,9,10,53616,29763,17,56,88.5
2024-04,west,TRN,2024,TRN-SU,3.5 가솔린,FWD,포레스트 그린,6,6,33510,18602,11,56,88.5
2024-04,west,TRN,2024,TRN-SU,3.5 가솔린,FWD,샌드 베이지,6,6,33510,18602,11,56,88.5
2024-04,west,TRN,2024,TRN-SU,2.5T 하이브리드,AWD,스노우 화이트,41,44,231280,128384,75,56,88.5
2024-04,west,TRN,2024,TRN-SU,2.5T 하이브리드,AWD,미드나잇 블랙,32,35,183096,101638,59,56,88.5
2024-04,west,TRN,2024,TRN-SU,2.5T 하이브리드,AWD,스틸 그레이,27,29,154186,85590,50,56,88.5
2024-04,west,TRN,2024,TRN-SU,2.5T 하이브리드,AWD,실버,22,24,125276,69542,41,56,88.5
2024-04,west,TRN,2024,TRN-SU,2.5T 하이브리드,AWD,오션 블루,17,18,96366,53493,31,56,88.5
2024-04,west,TRN,2024,TRN-SU,2.5T 하이브리드,AWD,선셋 레드,14,15,77093,42795,25,56,88.5
2024-04,west,TRN,2024,TRN-SU,2.5T 하이브리드,AWD,포레스트 그린,9,9,48183,26747,16,56,88.5
2024-04,west,TRN,2024,TRN-SU,2.5T 하이브리드,AWD,샌드 베이지,9,9,48183,26747,16,56,88.5
2024-04,west,TRN,2024,TRN-SU,2.5T 하이브리드,FWD,스노우 화이트,14,15,77093,42795,25,56,88.5
2024-04,west,TRN,2024,TRN-SU,2.5T 하이브리드,FWD,미드나잇 블랙,11,12,61032,33879,20,56,88.5
2024-04,west,TRN,2024,TRN-SU,2.5T 하이브리드,FWD,스틸 그레이,9,10,51395,28530,17,56,88.5
2024-04,west,TRN,2024,TRN-SU,2.5T 하이브리드,FWD,실버,7,8,41759,23181,14,56,88.5
2024-04,west,TRN,2024,TRN-SU,2.5T 하이브리드,FWD,오션 블루,6,6,32122,17831,10,56,88.5
2024-04,west,TRN,2024,TRN-SU,2.5T 하이브리드,FWD,선셋 레드,5,5,25698,14265,8,56,88.5
2024-04,west,TRN,2024,TRN-SU,2.5T 하이브리드,FWD,포레스트 그린,3,3,16061,8916,5,52,88.5
2024-04,west,TRN,2024,TRN-SU,2.5T 하이브리드,FWD,샌드 베이지,3,3,16061,8916,5,52,88.5
2024-04,central,TRN,2024,TRN-CO,3.5 가솔린,AWD,스노우 화이트,135,145,618168,277382,248,56,88.5
2024-04,central,TRN,2024,TRN-CO,3.5 가솔린,AWD,미드나잇 블랙,107,115,489383,219594,196,56,88.5
2024-04,central,TRN,2024,TRN-CO,3.5 가솔린,AWD,스틸 그레이,90,97,412112,184921,165,56,88.5
2024-04,central,TRN,2024,TRN-CO,3.5 가솔린,AWD,실버,73,79,334841,150249,134,56,88.5
2024-04,central,TRN,2024,TRN-CO,3.5 가솔린,AWD,오션 블루,56,61,257570,115576,103,56,88.5
2024-04,central,TRN,2024,TRN-CO,3.5 가솔린,AWD,선셋 레드,45,48,206056,92461,83,56,88.5
2024-04,central,TRN,2024,TRN-CO,3.5 가솔린,AWD,포레스트 그린,28,30,128785,57788,52,56,88.5
2024-04,central,TRN,2024,TRN-CO,3.5 가솔린,AWD,샌드 베이지,28,30,128785,57788,52,56,88.5
2024-04,central,TRN,2024,TRN-CO,3.5 가솔린,FWD,스노우 화이트,22,23,98549,44220,40,56,88.5
2024-04,central,TRN,2024,TRN-CO,3.5 가솔린,FWD,미드나잇 블랙,17,18,78018,35008,31,56,88.5
2024-04,central,TRN,2024,TRN-CO,3.5 가솔린,FWD,스틸 그레이,14,15,65699,29480,26,56,88.5
2024-04,central,TRN,2024,TRN-CO,3.5 가솔린,FWD,실버,12,13,53380,23953,21,56,88.5
2024-04,central,TRN,2024,TRN-CO,3.5 가솔린,FWD,오션 블루,9,10,41062,18425,16,56,88.5
2024-04,central,TRN,2024,TRN-CO,3.5 가솔린,FWD,선셋 레드,7,8,32850,14740,13,56,88.5
2024-04,central,TRN,2024,TRN-CO,3.5 가솔린,FWD,포레스트 그린,4,5,20531,9213,8,56,88.5
2024-04,central,TRN,2024,TRN-CO,3.5 가솔린,FWD,샌드 베이지,4,5,20531,9213,8,56,88.5
2024-04,central,TRN,2024,TRN-CO,2.5T 하이브리드,AWD,스노우 화이트,65,70,296282,132946,119,56,88.5
2024-04,central,TRN,2024,TRN-CO,2.5T 하이브리드,AWD,미드나잇 블랙,51,55,234556,105249,94,56,88.5
2024-04,central,TRN,2024,TRN-CO,2.5T 하이브리드,AWD,스틸 그레이,43,46,197521,88631,79,56,88.5
2024-04,central,TRN,2024,TRN-CO,2.5T 하이브리드,AWD,실버,35,38,160486,72013,64,56,88.5
2024-04,central,TRN,2024,TRN-CO,2.5T 하이브리드,AWD,오션 블루,27,29,123451,55394,50,56,88.5
2024-04,central,TRN,2024,TRN-CO,2.5T 하이브리드,AWD,선셋 레드,22,23,98761,44315,40,56,88.5
2024-04,central,TRN,2024,TRN-CO,2.5T 하이브리드,AWD,포레스트 그린,14,15,61725,27697,25,56,88.5
2024-04,central,TRN,2024,TRN-CO,2.5T 하이브리드,AWD,샌드 베이지,14,15,61725,27697,25,56,88.5
2024-04,central,TRN,2024,TRN-CO,2.5T 하이브리드,FWD,스노우 화이트,10,11,47233,21194,19,56,88.5
2024-04,central,TRN,2024,TRN-CO,2.5T 하이브리드,FWD,미드나잇 블랙,8,9,37393,16779,15,56,88.5
2024-04,central,TRN,2024,TRN-CO,2.5T 하이브리드,FWD,스틸 그레이,7,7,31489,14130,13,56,88.5
2024-04,central,TRN,2024,TRN-CO,2.5T 하이브리드,FWD,실버,6,6,25585,11480,10,56,88.5
2024-04,central,TRN,2024,TRN-CO,2.5T 하이브리드,FWD,오션 블루,4,5,19681,8831,8,56,88.5
2024-04,central,TRN,2024,TRN-CO,2.5T 하이브리드,FWD,선셋 레드,3,4,15744,7065,6,56,88.5
2024-04,central,TRN,2024,TRN-CO,2.5T 하이브리드,FWD,포레스트 그린,2,2,9840,4415,4,40,88.5
2024-04,central,TRN,2024,TRN-CO,2.5T 하이브리드,FWD,샌드 베이지,2,2,9840,4415,4,40,88.5
2024-04,central,TRN,2024,TRN-PR,3.5 가솔린,AWD,스노우 화이트,157,168,778015,383421,287,56,88.5
2024-04,central,TRN,2024,TRN-PR,3.5 가솔린,AWD,미드나잇 블랙,124,133,615928,303541,227,56,88.5
2024-04,central,TRN,2024,TRN-PR,3.5 가솔린,AWD,스틸 그레이,104,112,518676,255614,192,56,88.5
2024-04,central,TRN,2024,TRN-PR,3.5 가솔린,AWD,실버,85,91,421425,207686,156,56,88.5
2024-04,central,TRN,2024,TRN-PR,3.5 가솔린,AWD,오션 블루,65,70,324173,159759,120,56,88.5
2024-04,central,TRN,2024,TRN-PR,3.5 가솔린,AWD,선셋 레드,52,56,259338,127807,96,56,88.5
2024-04,central,TRN,2024,TRN-PR,3.5 가솔린,AWD,포레스트 그린,33,35,162086,79879,60,56,88.5
2024-04,central,TRN,2024,TRN-PR,3.5 가솔린,AWD,샌드 베이지,33,35,162086,79879,60,56,88.5
2024-04,central,TRN,2024,TRN-PR,3.5 가솔린,FWD,스노우 화이트,25,27,124031,61125,46,56,88.5
2024-04,central,TRN,2024,TRN-PR,3.5 가솔린,FWD,미드나잇 블랙,20,21,98191,48391,36,56,88.5
2024-04,central,TRN,2024,TRN-PR,3.5 가솔린,FWD,스틸 그레이,17,18,82688,40750,31,56,88.5
2024-04,central,TRN,2024,TRN-PR,3.5 가솔린,FWD,실버,14,15,67184,33109,25,56,88.5
2024-04,central,TRN,2024,TRN-PR,3.5 가솔린,FWD,오션 블루,10,11,51680,25469,19,56,88.5
2024-04,central,TRN,2024,TRN-PR,3.5 가솔린,FWD,선셋 레드,8,9,41344,20375,15,56,88.5
2024-04,central,TRN,2024,TRN-PR,3.5 가솔린,FWD,포레스트 그린,5,6,25840,12734,10,56,88.5
2024-04,central,TRN,2024,TRN-PR,3.5 가솔린,FWD,샌드 베이지,5,6,25840,12734,10,56,88.5
2024-04,central,TRN,2024,TRN-PR,2.5T 하이브리드,AWD,스노우 화이트,75,81,372895,183770,138,56,88.5
2024-04,central,TRN,2024,TRN-PR,2.5T 하이브리드,AWD,미드나잇 블랙,59,64,295208,145484,109,56,88.5
2024-04,central,TRN,2024,TRN-PR,2.5T 하이브리드,AWD,스틸 그레이,50,54,248596,122513,92,56,88.5
2024-04,central,TRN,2024,TRN-PR,2.5T 하이브리드,AWD,실버,41,44,201985,99542,75,56,88.5
2024-04,central,TRN,2024,TRN-PR,2.5T 하이브리드,AWD,오션 블루,31,34,155373,76571,57,56,88.5
2024-04,central,TRN,2024,TRN-PR,2.5T 하이브리드,AWD,선셋 레드,25,27,124298,61257,46,56,88.5
2024-04,central,TRN,2024,TRN-PR,2.5T 하이브리드,AWD,포레스트 그린,16,17,77686,38285,29,56,88.5
2024-04,central,TRN,2024,TRN-PR,2.5T 하이브리드,AWD,샌드 베이지,16,17,77686,38285,29,56,88.5
2024-04,central,TRN,2024,TRN-PR,2.5T 하이브리드,FWD,스노우 화이트,12,13,59447,29297,22,56,88.5
2024-04,central,TRN,2024,TRN-PR,2.5T 하이브리드,FWD,미드나잇 블랙,9,10,47062,23193,17,56,88.5
2024-04,central,TRN,2024,TRN-PR,2.5T 하이브리드,FWD,스틸 그레이,8,9,39631,19531,15,56,88.5
2024-04,central,TRN,2024,TRN-PR,2.5T 하이브리드,FWD,실버,6,7,32200,15869,12,56,88.5
2024-04,central,TRN,2024,TRN-PR,2.5T 하이브리드,FWD,오션 블루,5,5,24770,12207,9,56,88.5
2024-04,central,TRN,2024,TRN-PR,2.5T 하이브리드,FWD,선셋 레드,4,4,19816,9766,7,56,88.5
2024-04,central,TRN,2024,TRN-PR,2.5T 하이브리드,FWD,포레스트 그린,2,3,12385,6103,5,46,88.5
2024-04,central,TRN,2024,TRN-PR,2.5T 하이브리드,FWD,샌드 베이지,2,3,12385,6103,5,46,88.5
2024-04,central,TRN,2024,TRN-SU,3.5 가솔린,AWD,스노우 화이트,64,69,362838,201413,118,56,88.5
2024-04,central,TRN,2024,TRN-SU,3.5 가솔린,AWD,미드나잇 블랙,51,54,287247,159452,93,56,88.5
2024-04,central,TRN,2024,TRN-SU,3.5 가솔린,AWD,스틸 그레이,43,46,241892,134275,78,56,88.5
2024-04,central,TRN,2024,TRN-SU,3.5 가솔린,AWD,실버,35,37,196537,109099,64,56,88.5
2024-04,central,TRN,2024,TRN-SU,3.5 가솔린,AWD,오션 블루,27,29,151182,83922,49,56,88.5
2024-04,central,TRN,2024,TRN-SU,3.5 가솔린,AWD,선셋 레드,21,23,120946,67138,39,56,88.5
2024-04,central,TRN,2024,TRN-SU,3.5 가솔린,AWD,포레스트 그린,13,14,75591,41961,24,56,88.5
2024-04,central,TRN,2024,TRN-SU,3.5 가솔린,AWD,샌드 베이지,13,14,75591,41961,24,56,88.5
2024-04,central,TRN,2024,TRN-SU,3.5 가솔린,FWD,스노우 화이트,10,11,57844,32109,19,56,88.5
2024-04,central,TRN,2024,TRN-SU,3.5 가솔린,FWD,미드나잇 블랙,8,9,45793,25420,15,56,88.5
2024-04,central,TRN,2024,TRN-SU,3.5 가솔린,FWD,스틸 그레이,7,7,38562,21406,12,56,88.5
2024-04,central,TRN,2024,TRN-SU,3.5 가솔린,FWD,실버,6,6,31332,17393,10,56,88.5
2024-04,central,TRN,2024,TRN-SU,3.5 가솔린,FWD,오션 블루,4,5,24102,13379,8,56,88.5
2024-04,central,TRN,2024,TRN-SU,3.5 가솔린,FWD,선셋 레드,3,4,19281,10703,6,56,88.5
2024-04,central,TRN,2024,TRN-SU,3.5 가솔린,FWD,포레스트 그린,2,2,12051,6689,4,39,88.5
2024-04,central,TRN,2024,TRN-SU,3.5 가솔린,FWD,샌드 베이지,2,2,12051,6689,4,39,88.5
2024-04,central,TRN,2024,TRN-SU,2.5T 하이브리드,AWD,스노우 화이트,31,33,173904,96535,56,56,88.5
2024-04,central,TRN,2024,TRN-SU,2.5T 하이브리드,AWD,미드나잇 블랙,24,26,137674,76424,45,56,88.5
2024-04,central,TRN,2024,TRN-SU,2.5T 하이브리드,AWD,스틸 그레이,20,22,115936,64357,38,56,88.5
2024-04,central,TRN,2024,TRN-SU,2.5T 하이브리드,AWD,실버,17,18,94198,52290,31,56,88.5
2024-04,central,TRN,2024,TRN-SU,2.5T 하이브리드,AWD,오션 블루,13,14,72460,40223,23,56,88.5
2024-04,central,TRN,2024,TRN-SU,2.5T 하이브리드,AWD,선셋 레드,10,11,57968,32178,19,56,88.5
2024-04,central,TRN,2024,TRN-SU,2.5T 하이브리드,AWD,포레스트 그린,6,7,36230,20111,12,56,88.5
2024-04,central,TRN,2024,TRN-SU,2.5T 하이브리드,AWD,샌드 베이지,6,7,36230,20111,12,56,88.5
2024-04,central,TRN,2024,TRN-SU,2.5T 하이브리드,FWD,스노우 화이트,5,5,27724,15390,9,56,88.5
2024-04,central,TRN,2024,TRN-SU,2.5T 하이브리드,FWD,미드나잇 블랙,4,4,21948,12183,7,56,88.5
2024-04,central,TRN,2024,TRN-SU,2.5T 하이브리드,FWD,스틸 그레이,3,4,18483,10260,6,56,88.5
2024-04,central,TRN,2024,TRN-SU,2.5T 하이브리드,FWD,실버,3,3,15017,8336,5,49,88.5
2024-04,central,TRN,2024,TRN-SU,2.5T 하이브리드,FWD,오션 블루,2,2,11552,6412,4,37,88.5
2024-04,central,TRN,2024,TRN-SU,2.5T 하이브리드,FWD,선셋 레드,2,2,9241,5130,3,30,88.5
2024-04,central,TRN,2024,TRN-SU,2.5T 하이브리드,FWD,포레스트 그린,1,1,5776,3206,2,19,88.5
2024-04,central,TRN,2024,TRN-SU,2.5T 하이브리드,FWD,샌드 베이지,1,1,5776,3206,2,19,88.5
2024-04,south,TRN,2024,TRN-CO,3.5 가솔린,AWD,스노우 화이트,110,118,500858,224743,201,56,88.5
2024-04,south,TRN,2024,TRN-CO,3.5 가솔린,AWD,미드나잇 블랙,87,93,396513,177922,159,56,88.5
2024-04,south,TRN,2024,TRN-CO,3.5 가솔린,AWD,스틸 그레이,73,78,333906,149829,134,56,88.5
2024-04,south,TRN,2024,TRN-CO,3.5 가솔린,AWD,실버,59,64,271298,121736,109,56,88.5
2024-04,south,TRN,2024,TRN-CO,3.5 가솔린,AWD,오션 블루,46,49,208691,93643,84,56,88.5
2024-04,south,TRN,2024,TRN-CO,3.5 가솔린,AWD,선셋 레드,37,39,166953,74914,67,56,88.5
2024-04,south,TRN,2024,TRN-CO,3.5 가솔린,AWD,포레스트 그린,23,25,104345,46822,42,56,88.5
2024-04,south,TRN,2024,TRN-CO,3.5 가솔린,AWD,샌드 베이지,23,25,104345,46822,42,56,88.5
2024-04,south,TRN,2024,TRN-CO,3.5 가솔린,FWD,스노우 화이트,93,100,426657,191448,171,56,88.5
2024-04,south,TRN,2024,TRN-CO,3.5 가솔린,FWD,미드나잇 블랙,74,79,337770,151563,136,56,88.5
2024-04,south,TRN,2024,TRN-CO,3.5 가솔린,FWD,스틸 그레이,62,67,284438,127632,114,56,88.5
2024-04,south,TRN,2024,TRN-CO,3.5 가솔린,FWD,실버,51,54,231106,103701,93,56,88.5
2024-04,south,TRN,2024,TRN-CO,3.5 가솔린,FWD,오션 블루,39,42,177774,79770,71,56,88.5
2024-04,south,TRN,2024,TRN-CO,3.5 가솔린,FWD,선셋 레드,31,33,142219,63816,57,56,88.5
2024-04,south,TRN,2024,TRN-CO,3.5 가솔린,FWD,포레스트 그린,19,21,88887,39885,36,56,88.5
2024-04,south,TRN,2024,TRN-CO,3.5 가솔린,FWD,샌드 베이지,19,21,88887,39885,36,56,88.5
2024-04,south,TRN,2024,TRN-CO,2.5T 하이브리드,AWD,스노우 화이트,53,56,240056,107717,96,56,88.5
2024-04,south,TRN,2024,TRN-CO,2.5T 하이브리드,AWD,미드나잇 블랙,42,45,190045,85276,76,56,88.5
2024-04,south,TRN,2024,TRN-CO,2.5T 하이브리드,AWD,스틸 그레이,35,38,160038,71812,64,56,88.5
2024-04,south,TRN,2024,TRN-CO,2.5T 하이브리드,AWD,실버,28,31,130031,58347,52,56,88.5
2024-04,south,TRN,2024,TRN-CO,2.5T 하이브리드,AWD,오션 블루,22,24,100023,44882,40,56,88.5
2024-04,south,TRN,2024,TRN-CO,2.5T 하이브리드,AWD,선셋 레드,18,19,80019,35906,32,56,88.5
2024-04,south,TRN,2024,TRN-CO,2.5T 하이브리드,AWD,포레스트 그린,11,12,50012,22441,20,56,88.5
2024-04,south,TRN,2024,TRN-CO,2.5T 하이브리드,AWD,샌드 베이지,11,12,50012,22441,20,56,88.5
2024-04,south,TRN,2024,TRN-CO,2.5T 하이브리드,FWD,스노우 화이트,45,48,204492,91759,82,56,88.5
2024-04,south,TRN,2024,TRN-CO,2.5T 하이브리드,FWD,미드나잇 블랙,35,38,161890,72643,65,56,88.5
2024-04,south,TRN,2024,TRN-CO,2.5T 하이브리드,FWD,스틸 그레이,30,32,136328,61173,55,56,88.5
2024-04,south,TRN,2024,TRN-CO,2.5T 하이브리드,FWD,실버,24,26,110767,49703,44,56,88.5
2024-04,south,TRN,2024,TRN-CO,2.5T 하이브리드,FWD,오션 블루,19,20,85205,38233,34,56,88.5
2024-04,south,TRN,2024,TRN-CO,2.5T 하이브리드,FWD,선셋 레드,15,16,68164,30586,27,56,88.5
2024-04,south,TRN,2024,TRN-CO,2.5T 하이브리드,FWD,포레스트 그린,9,10,42603,19116,17,56,88.5
2024-04,south,TRN,2024,TRN-CO,2.5T 하이브리드,FWD,샌드 베이지,9,10,42603,19116,17,56,88.5
2024-04,south,TRN,2024,TRN-PR,3.5 가솔린,AWD,스노우 화이트,127,136,630371,310659,233,56,88.5
2024-04,south,TRN,2024,TRN-PR,3.5 가솔린,AWD,미드나잇 블랙,100,108,499044,245938,184,56,88.5
2024-04,south,TRN,2024,TRN-PR,3.5 가솔린,AWD,스틸 그레이,85,91,420247,207106,155,56,88.5
2024-04,south,TRN,2024,TRN-PR,3.5 가솔린,AWD,실버,69,74,341451,168274,126,56,88.5
2024-04,south,TRN,2024,TRN-PR,3.5 가솔린,AWD,오션 블루,53,57,262655,129441,97,56,88.5
2024-04,south,TRN,2024,TRN-PR,3.5 가솔린,AWD,선셋 레드,42,45,210124,103553,78,56,88.5
2024-04,south,TRN,2024,TRN-PR,3.5 가솔린,AWD,포레스트 그린,26,28,131327,64721,49,56,88.5
2024-04,south,TRN,2024,TRN-PR,3.5 가솔린,AWD,샌드 베이지,26,28,131327,64721,49,56,88.5
2024-04,south,TRN,2024,TRN-PR,3.5 가솔린,FWD,스노우 화이트,108,116,536983,264635,198,56,88.5
2024-04,south,TRN,2024,TRN-PR,3.5 가솔린,FWD,미드나잇 블랙,86,92,425111,209503,157,56,88.5
2024-04,south,TRN,2024,TRN-PR,3.5 가솔린,FWD,스틸 그레이,72,77,357988,176424,132,56,88.5
2024-04,south,TRN,2024,TRN-PR,3.5 가솔린,FWD,실버,59,63,290866,143344,107,56,88.5
2024-04,south,TRN,2024,TRN-PR,3.5 가솔린,FWD,오션 블루,45,48,223743,110265,83,56,88.5
2024-04,south,TRN,2024,TRN-PR,3.5 가솔린,FWD,선셋 레드,36,39,178994,88212,66,56,88.5
2024-04,south,TRN,2024,TRN-PR,3.5 가솔린,FWD,포레스트 그린,23,24,111871,55132,41,56,88.5
2024-04,south,TRN,2024,TRN-PR,3.5 가솔린,FWD,샌드 베이지,23,24,111871,55132,41,56,88.5
2024-04,south,TRN,2024,TRN-PR,2.5T 하이브리드,AWD,스노우 화이트,61,65,302130,148896,112,56,88.5
2024-04,south,TRN,2024,TRN-PR,2.5T 하이브리드,AWD,미드나잇 블랙,48,52,239187,117876,88,56,88.5
2024-04,south,TRN,2024,TRN-PR,2.5T 하이브리드,AWD,스틸 그레이,41,44,201420,99264,74,56,88.5
2024-04,south,TRN,2024,TRN-PR,2.5T 하이브리드,AWD,실버,33,35,163654,80652,60,56,88.5
2024-04,south,TRN,2024,TRN-PR,2.5T 하이브리드,AWD,오션 블루,25,27,125888,62040,46,56,88.5
2024-04,south,TRN,2024,TRN-PR,2.5T 하이브리드,AWD,선셋 레드,20,22,100710,49632,37,56,88.5
2024-04,south,TRN,2024,TRN-PR,2.5T 하이브리드,AWD,포레스트 그린,13,14,62944,31020,23,56,88.5
2024-04,south,TRN,2024,TRN-PR,2.5T 하이브리드,AWD,샌드 베이지,13,14,62944,31020,23,56,88.5
2024-04,south,TRN,2024,TRN-PR,2.5T 하이브리드,FWD,스노우 화이트,52,56,257370,126837,95,56,88.5
2024-04,south,TRN,2024,TRN-PR,2.5T 하이브리드,FWD,미드나잇 블랙,41,44,203752,100413,75,56,88.5
2024-04,south,TRN,2024,TRN-PR,2.5T 하이브리드,FWD,스틸 그레이,35,37,171580,84558,63,56,88.5
2024-04,south,TRN,2024,TRN-PR,2.5T 하이브리드,FWD,실버,28,30,139409,68703,51,56,88.5
2024-04,south,TRN,2024,TRN-PR,2.5T 하이브리드,FWD,오션 블루,22,23,107238,52849,40,56,88.5
2024-04,south,TRN,2024,TRN-PR,2.5T 하이브리드,FWD,선셋 레드,17,19,85790,42279,32,56,88.5
2024-04,south,TRN,2024,TRN-PR,2.5T 하이브리드,FWD,포레스트 그린,11,12,53619,26424,20,56,88.5
2024-04,south,TRN,2024,TRN-PR,2.5T 하이브리드,FWD,샌드 베이지,11,12,53619,26424,20,56,88.5
2024-04,south,TRN,2024,TRN-SU,3.5 가솔린,AWD,스노우 화이트,52,56,293982,163191,95,56,88.5
2024-04,south,TRN,2024,TRN-SU,3.5 가솔린,AWD,미드나잇 블랙,41,44,232736,129193,75,56,88.5
2024-04,south,TRN,2024,TRN-SU,3.5 가솔린,AWD,스틸 그레이,35,37,195988,108794,63,56,88.5
2024-04,south,TRN,2024,TRN-SU,3.5 가솔린,AWD,실버,28,30,159240,88395,52,56,88.5
2024-04,south,TRN,2024,TRN-SU,3.5 가솔린,AWD,오션 블루,22,23,122493,67996,40,56,88.5
2024-04,south,TRN,2024,TRN-SU,3.5 가솔린,AWD,선셋 레드,17,19,97994,54397,32,56,88.5
2024-04,south,TRN,2024,TRN-SU,3.5 가솔린,AWD,포레스트 그린,11,12,61246,33998,20,56,88.5
2024-04,south,TRN,2024,TRN-SU,3.5 가솔린,AWD,샌드 베이지,11,12,61246,33998,20,56,88.5
2024-04,south,TRN,2024,TRN-SU,3.5 가솔린,FWD,스노우 화이트,44,48,250429,139014,81,56,88.5
2024-04,south,TRN,2024,TRN-SU,3.5 가솔린,FWD,미드나잇 블랙,35,38,198256,110053,64,56,88.5
2024-04,south,TRN,2024,TRN-SU,3.5 가솔린,FWD,스틸 그레이,29,32,166953,92676,54,56,88.5
2024-04,south,TRN,2024,TRN-SU,3.5 가솔린,FWD,실버,24,26,135649,75299,44,56,88.5
2024-04,south,TRN,2024,TRN-SU,3.5 가솔린,FWD,오션 블루,18,20,104345,57923,34,56,88.5
2024-04,south,TRN,2024,TRN-SU,3.5 가솔린,FWD,선셋 레드,15,16,83476,46338,27,56,88.5
2024-04,south,TRN,2024,TRN-SU,3.5 가솔린,FWD,포레스트 그린,9,10,52173,28961,17,56,88.5
2024-04,south,TRN,2024,TRN-SU,3.5 가솔린,FWD,샌드 베이지,9,10,52173,28961,17,56,88.5
2024-04,south,TRN,2024,TRN-SU,2.5T 하이브리드,AWD,스노우 화이트,25,27,140903,78216,46,56,88.5
2024-04,south,TRN,2024,TRN-SU,2.5T 하이브리드,AWD,미드나잇 블랙,20,21,111548,61921,36,56,88.5
2024-04,south,TRN,2024,TRN-SU,2.5T 하이브리드,AWD,스틸 그레이,17,18,93935,52144,30,56,88.5
2024-04,south,TRN,2024,TRN-SU,2.5T 하이브리드,AWD,실버,13,14,76322,42367,25,56,88.5
2024-04,south,TRN,2024,TRN-SU,2.5T 하이브리드,AWD,오션 블루,10,11,58709,32590,19,56,88.5
2024-04,south,TRN,2024,TRN-SU,2.5T 하이브리드,AWD,선셋 레드,8,9,46968,26072,15,56,88.5
2024-04,south,TRN,2024,TRN-SU,2.5T 하이브리드,AWD,포레스트 그린,5,6,29355,16295,10,56,88.5
2024-04,south,TRN,2024,TRN-SU,2.5T 하이브리드,AWD,샌드 베이지,5,6,29355,16295,10,56,88.5
2024-04,south,TRN,2024,TRN-SU,2.5T 하이브리드,FWD,스노우 화이트,21,23,120028,66628,39,56,88.5
2024-04,south,TRN,2024,TRN-SU,2.5T 하이브리드,FWD,미드나잇 블랙,17,18,95022,52747,31,56,88.5
2024-04,south,TRN,2024,TRN-SU,2.5T 하이브리드,FWD,스틸 그레이,14,15,80019,44419,26,56,88.5
2024-04,south,TRN,2024,TRN-SU,2.5T 하이브리드,FWD,실버,11,12,65015,36090,21,56,88.5
2024-04,south,TRN,2024,TRN-SU,2.5T 하이브리드,FWD,오션 블루,9,9,50012,27762,16,56,88.5
2024-04,south,TRN,2024,TRN-SU,2.5T 하이브리드,FWD,선셋 레드,7,8,40009,22209,13,56,88.5
2024-04,south,TRN,2024,TRN-SU,2.5T 하이브리드,FWD,포레스트 그린,4,5,25006,13881,8,56,88.5
2024-04,south,TRN,2024,TRN-SU,2.5T 하이브리드,FWD,샌드 베이지,4,5,25006,13881,8,56,88.5
2024-04,northeast,TRN,2024,TRN-CO,3.5 가솔린,AWD,스노우 화이트,149,160,680881,305522,273,56,88.5
2024-04,northeast,TRN,2024,TRN-CO,3.5 가솔린,AWD,미드나잇 블랙,118,127,539030,241872,216,56,88.5
2024-04,northeast,TRN,2024,TRN-CO,3.5 가솔린,AWD,스틸 그레이,99,107,453920,203682,182,56,88.5
2024-04,northeast,TRN,2024,TRN-CO,3.5 가솔린,AWD,실버,81,87,368810,165491,148,56,88.5
2024-04,northeast,TRN,2024,TRN-CO,3.5 가솔린,AWD,오션 블루,62,67,283700,127301,114,56,88.5
2024-04,northeast,TRN,2024,TRN-CO,3.5 가솔린,AWD,선셋 레드,50,53,226960,101841,91,56,88.5
2024-04,northeast,TRN,2024,TRN-CO,3.5 가솔린,AWD,포레스트 그린,31,33,141850,63651,57,56,88.5
2024-04,northeast,TRN,2024,TRN-CO,3.5 가솔린,AWD,샌드 베이지,31,33,141850,63651,57,56,88.5
2024-04,northeast,TRN,2024,TRN-CO,3.5 가솔린,FWD,스노우 화이트,8,8,35836,16080,14,56,88.5
2024-04,northeast,TRN,2024,TRN-CO,3.5 가솔린,FWD,미드나잇 블랙,6,7,28370,12730,11,56,88.5
2024-04,northeast,TRN,2024,TRN-CO,3.5 가솔린,FWD,스틸 그레이,5,6,23891,10720,10,56,88.5
2024-04,northeast,TRN,2024,TRN-CO,3.5 가솔린,FWD,실버,4,5,19411,8710,8,56,88.5
2024-04,northeast,TRN,2024,TRN-CO,3.5 가솔린,FWD,오션 블루,3,4,14932,6700,6,56,88.5
2024-04,northeast,TRN,2024,TRN-CO,3.5 가솔린,FWD,선셋 레드,3,3,11945,5360,5,48,88.5
2024-04,northeast,TRN,2024,TRN-CO,3.5 가솔린,FWD,포레스트 그린,2,2,7466,3350,3,30,88.5
2024-04,northeast,TRN,2024,TRN-CO,3.5 가솔린,FWD,샌드 베이지,2,2,7466,3350,3,30,88.5
2024-04,northeast,TRN,2024,TRN-CO,2.5T 하이브리드,AWD,스노우 화이트,71,77,326339,146434,131,56,88.5
2024-04,northeast,TRN,2024,TRN-CO,2.5T 하이브리드,AWD,미드나잇 블랙,57,61,258352,115927,104,56,88.5
2024-04,northeast,TRN,2024,TRN-CO,2.5T 하이브리드,AWD,스틸 그레이,48,51,217559,97623,87,56,88.5
2024-04,northeast,TRN,2024,TRN-CO,2.5T 하이브리드,AWD,실버,39,42,176767,79318,71,56,88.5
2024-04,northeast,TRN,2024,TRN-CO,2.5T 하이브리드,AWD,오션 블루,30,32,135975,61014,55,56,88.5
2024-04,northeast,TRN,2024,TRN-CO,2.5T 하이브리드,AWD,선셋 레드,24,26,108780,48811,44,56,88.5
2024-04,northeast,TRN,2024,TRN-CO,2.5T 하이브리드,AWD,포레스트 그린,15,16,67987,30507,27,56,88.5
2024-04,northeast,TRN,2024,TRN-CO,2.5T 하이브리드,AWD,샌드 베이지,15,16,67987,30507,27,56,88.5
2024-04,northeast,TRN,2024,TRN-CO,2.5T 하이브리드,FWD,스노우 화이트,4,4,17176,7707,7,56,88.5
2024-04,northeast,TRN,2024,TRN-CO,2.5T 하이브리드,FWD,미드나잇 블랙,3,3,13597,6101,5,55,88.5
2024-04,northeast,TRN,2024,TRN-CO,2.5T 하이브리드,FWD,스틸 그레이,3,3,11450,5138,5,46,88.5
2024-04,northeast,TRN,2024,TRN-CO,2.5T 하이브리드,FWD,실버,2,2,9304,4175,4,37,88.5
2024-04,northeast,TRN,2024,TRN-CO,2.5T 하이브리드,FWD,오션 블루,2,2,7157,3211,3,29,88.5
2024-04,northeast,TRN,2024,TRN-CO,2.5T 하이브리드,FWD,선셋 레드,1,1,5725,2569,2,23,88.5
2024-04,northeast,TRN,2024,TRN-CO,2.5T 하이브리드,FWD,포레스트 그린,1,1,3578,1606,1,14,88.5
2024-04,northeast,TRN,2024,TRN-CO,2.5T 하이브리드,FWD,샌드 베이지,1,1,3578,1606,1,14,88.5
2024-04,northeast,TRN,2024,TRN-PR,3.5 가솔린,AWD,스노우 화이트,173,185,856944,422318,317,56,88.5
2024-04,northeast,TRN,2024,TRN-PR,3.5 가솔린,AWD,미드나잇 블랙,137,147,678414,334335,251,56,88.5
2024-04,northeast,TRN,2024,TRN-PR,3.5 가솔린,AWD,스틸 그레이,115,124,571296,281546,211,56,88.5
2024-04,northeast,TRN,2024,TRN-PR,3.5 가솔린,AWD,실버,93,100,464178,228756,171,56,88.5
2024-04,northeast,TRN,2024,TRN-PR,3.5 가솔린,AWD,오션 블루,72,77,357060,175966,132,56,88.5
2024-04,northeast,TRN,2024,TRN-PR,3.5 가솔린,AWD,선셋 레드,58,62,285648,140773,106,56,88.5
2024-04,northeast,TRN,2024,TRN-PR,3.5 가솔린,AWD,포레스트 그린,36,39,178530,87983,66,56,88.5
2024-04,northeast,TRN,2024,TRN-PR,3.5 가솔린,AWD,샌드 베이지,36,39,178530,87983,66,56,88.5
2024-04,northeast,TRN,2024,TRN-PR,3.5 가솔린,FWD,스노우 화이트,9,10,45102,22227,17,56,88.5
2024-04,northeast,TRN,2024,TRN-PR,3.5 가솔린,FWD,미드나잇 블랙,7,8,35706,17597,13,56,88.5
2024-04,northeast,TRN,2024,TRN-PR,3.5 가솔린,FWD,스틸 그레이,6,7,30068,14818,11,56,88.5
2024-04,northeast,TRN,2024,TRN-PR,3.5 가솔린,FWD,실버,5,5,24430,12040,9,56,88.5
2024-04,northeast,TRN,2024,TRN-PR,3.5 가솔린,FWD,오션 블루,4,4,18793,9261,7,56,88.5
2024-04,northeast,TRN,2024,TRN-PR,3.5 가솔린,FWD,선셋 레드,3,3,15034,7409,6,56,88.5
2024-04,northeast,TRN,2024,TRN-PR,3.5 가솔린,FWD,포레스트 그린,2,2,9396,4631,3,35,88.5
2024-04,northeast,TRN,2024,TRN-PR,3.5 가솔린,FWD,샌드 베이지,2,2,9396,4631,3,35,88.5
2024-04,northeast,TRN,2024,TRN-PR,2.5T 하이브리드,AWD,스노우 화이트,83,89,410724,202413,152,56,88.5
2024-04,northeast,TRN,2024,TRN-PR,2.5T 하이브리드,AWD,미드나잇 블랙,65,70,325157,160244,120,56,88.5
2024-04,northeast,TRN,2024,TRN-PR,2.5T 하이브리드,AWD,스틸 그레이,55,59,273816,134942,101,56,88.5
2024-04,northeast,TRN,2024,TRN-PR,2.5T 하이브리드,AWD,실버,45,48,222476,109640,82,56,88.5
2024-04,northeast,TRN,2024,TRN-PR,2.5T 하이브리드,AWD,오션 블루,34,37,171135,84339,63,56,88.5
2024-04,northeast,TRN,2024,TRN-PR,2.5T 하이브리드,AWD,선셋 레드,28,30,136908,67471,51,56,88.5
2024-04,northeast,TRN,2024,TRN-PR,2.5T 하이브리드,AWD,포레스트 그린,17,19,85568,42169,32,56,88.5
2024-04,northeast,TRN,2024,TRN-PR,2.5T 하이브리드,AWD,샌드 베이지,17,19,85568,42169,32,56,88.5
2024-04,northeast,TRN,2024,TRN-PR,2.5T 하이브리드,FWD,스노우 화이트,4,5,21617,10653,8,56,88.5
2024-04,northeast,TRN,2024,TRN-PR,2.5T 하이브리드,FWD,미드나잇 블랙,3,4,17114,8434,6,56,88.5
2024-04,northeast,TRN,2024,TRN-PR,2.5T 하이브리드,FWD,스틸 그레이,3,3,14411,7102,5,53,88.5
2024-04,northeast,TRN,2024,TRN-PR,2.5T 하이브리드,FWD,실버,2,3,11709,5771,4,43,88.5
2024-04,northeast,TRN,2024,TRN-PR,2.5T 하이브리드,FWD,오션 블루,2,2,9007,4439,3,33,88.5
2024-04,northeast,TRN,2024,TRN-PR,2.5T 하이브리드,FWD,선셋 레드,1,2,7206,3551,3,27,88.5
2024-04,northeast,TRN,2024,TRN-PR,2.5T 하이브리드,FWD,포레스트 그린,1,1,4504,2219,2,17,88.5
2024-04,northeast,TRN,2024,TRN-PR,2.5T 하이브리드,FWD,샌드 베이지,1,1,4504,2219,2,17,88.5
2024-04,northeast,TRN,2024,TRN-SU,3.5 가솔린,AWD,스노우 화이트,71,76,399647,221846,129,56,88.5
2024-04,northeast,TRN,2024,TRN-SU,3.5 가솔린,AWD,미드나잇 블랙,56,60,316387,175628,103,56,88.5
2024-04,northeast,TRN,2024,TRN-SU,3.5 가솔린,AWD,스틸 그레이,47,51,266432,147897,86,56,88.5
2024-04,northeast,TRN,2024,TRN-SU,3.5 가솔린,AWD,실버,38,41,216476,120167,70,56,88.5
2024-04,northeast,TRN,2024,TRN-SU,3.5 가솔린,AWD,오션 블루,29,32,166520,92436,54,56,88.5
2024-04,northeast,TRN,2024,TRN-SU,3.5 가솔린,AWD,선셋 레드,24,25,133216,73949,43,56,88.5
2024-04,northeast,TRN,2024,TRN-SU,3.5 가솔린,AWD,포레스트 그린,15,16,83260,46218,27,56,88.5
2024-04,northeast,TRN,2024,TRN-SU,3.5 가솔린,AWD,샌드 베이지,15,16,83260,46218,27,56,88.5
2024-04,northeast,TRN,2024,TRN-SU,3.5 가솔린,FWD,스노우 화이트,4,4,21034,11676,7,56,88.5
2024-04,northeast,TRN,2024,TRN-SU,3.5 가솔린,FWD,미드나잇 블랙,3,3,16652,9244,5,54,88.5
2024-04,northeast,TRN,2024,TRN-SU,3.5 가솔린,FWD,스틸 그레이,2,3,14023,7784,5,45,88.5
2024-04,northeast,TRN,2024,TRN-SU,3.5 가솔린,FWD,실버,2,2,11393,6325,4,37,88.5
2024-04,northeast,TRN,2024,TRN-SU,3.5 가솔린,FWD,오션 블루,2,2,8764,4865,3,28,88.5
2024-04,northeast,TRN,2024,TRN-SU,3.5 가솔린,FWD,선셋 레드,1,1,7011,3892,2,23,88.5
2024-04,northeast,TRN,2024,TRN-SU,3.5 가솔린,FWD,포레스트 그린,1,1,4382,2433,1,14,88.5
2024-04,northeast,TRN,2024,TRN-SU,3.5 가솔린,FWD,샌드 베이지,1,1,4382,2433,1,14,88.5
2024-04,northeast,TRN,2024,TRN-SU,2.5T 하이브리드,AWD,스노우 화이트,34,36,191547,106329,62,56,88.5
2024-04,northeast,TRN,2024,TRN-SU,2.5T 하이브리드,AWD,미드나잇 블랙,27,29,151641,84177,49,56,88.5
2024-04,northeast,TRN,2024,TRN-SU,2.5T 하이브리드,AWD,스틸 그레이,23,24,127698,70886,41,56,88.5
2024-04,northeast,TRN,2024,TRN-SU,2.5T 하이브리드,AWD,실버,18,20,103755,57595,34,56,88.5
2024-04,northeast,TRN,2024,TRN-SU,2.5T 하이브리드,AWD,오션 블루,14,15,79811,44304,26,56,88.5
2024-04,northeast,TRN,2024,TRN-SU,2.5T 하이브리드,AWD,선셋 레드,11,12,63849,35443,21,56,88.5
2024-04,northeast,TRN,2024,TRN-SU,2.5T 하이브리드,AWD,포레스트 그린,7,8,39906,22152,13,56,88.5
2024-04,northeast,TRN,2024,TRN-SU,2.5T 하이브리드,AWD,샌드 베이지,7,8,39906,22152,13,56,88.5
2024-04,northeast,TRN,2024,TRN-SU,2.5T 하이브리드,FWD,스노우 화이트,2,2,10081,5596,3,33,88.5
2024-04,northeast,TRN,2024,TRN-SU,2.5T 하이브리드,FWD,미드나잇 블랙,1,2,7981,4430,3,26,88.5
2024-04,northeast,TRN,2024,TRN-SU,2.5T 하이브리드,FWD,스틸 그레이,1,1,6721,3731,2,22,88.5
2024-04,northeast,TRN,2024,TRN-SU,2.5T 하이브리드,FWD,실버,1,1,5461,3031,2,18,88.5
2024-04,northeast,TRN,2024,TRN-SU,2.5T 하이브리드,FWD,오션 블루,1,1,4201,2332,1,14,88.5
2024-04,northeast,TRN,2024,TRN-SU,2.5T 하이브리드,FWD,선셋 레드,1,1,3360,1865,1,11,88.5
2024-04,northeast,TRN,2024,TRN-SU,2.5T 하이브리드,FWD,포레스트 그린,0,0,2100,1166,1,7,88.5
2024-04,northeast,TRN,2024,TRN-SU,2.5T 하이브리드,FWD,샌드 베이지,0,0,2100,1166,1,7,88.5
2024-04,southeast,TRN,2024,TRN-CO,3.5 가솔린,AWD,스노우 화이트,106,114,483784,217082,194,56,88.5
2024-04,southeast,TRN,2024,TRN-CO,3.5 가솔린,AWD,미드나잇 블랙,84,90,382995,171856,154,56,88.5
2024-04,southeast,TRN,2024,TRN-CO,3.5 가솔린,AWD,스틸 그레이,71,76,322522,144721,129,56,88.5
2024-04,southeast,TRN,2024,TRN-CO,3.5 가솔린,AWD,실버,57,62,262049,117586,105,56,88.5
2024-04,southeast,TRN,2024,TRN-CO,3.5 가솔린,AWD,오션 블루,44,47,201576,90451,81,56,88.5
2024-04,southeast,TRN,2024,TRN-CO,3.5 가솔린,AWD,선셋 레드,35,38,161261,72361,65,56,88.5
2024-04,southeast,TRN,2024,TRN-CO,3.5 가솔린,AWD,포레스트 그린,22,24,100788,45225,40,56,88.5
2024-04,southeast,TRN,2024,TRN-CO,3.5 가솔린,AWD,샌드 베이지,22,24,100788,45225,40,56,88.5
2024-04,southeast,TRN,2024,TRN-CO,3.5 가솔린,FWD,스노우 화이트,60,65,275093,123439,110,56,88.5
2024-04,southeast,TRN,2024,TRN-CO,3.5 가솔린,FWD,미드나잇 블랙,48,51,217782,97722,87,56,88.5
2024-04,southeast,TRN,2024,TRN-CO,3.5 가솔린,FWD,스틸 그레이,40,43,183395,82292,74,56,88.5
2024-04,southeast,TRN,2024,TRN-CO,3.5 가솔린,FWD,실버,33,35,149009,66863,60,56,88.5
2024-04,southeast,TRN,2024,TRN-CO,3.5 가솔린,FWD,오션 블루,25,27,114622,51433,46,56,88.5
2024-04,southeast,TRN,2024,TRN-CO,3.5 가솔린,FWD,선셋 레드,20,22,91698,41146,37,56,88.5
2024-04,southeast,TRN,2024,TRN-CO,3.5 가솔린,FWD,포레스트 그린,13,13,57311,25716,23,56,88.5
2024-04,southeast,TRN,2024,TRN-CO,3.5 가솔린,FWD,샌드 베이지,13,13,57311,25716,23,56,88.5
2024-04,southeast,TRN,2024,TRN-CO,2.5T 하이브리드,AWD,스노우 화이트,51,55,231873,104045,93,56,88.5
2024-04,southeast,TRN,2024,TRN-CO,2.5T 하이브리드,AWD,미드나잇 블랙,40,43,183566,82369,74,56,88.5
2024-04,southeast,TRN,2024,TRN-CO,2.5T 하이브리드,AWD,스틸 그레이,34,36,154582,69363,62,56,88.5
2024-04,southeast,TRN,2024,TRN-CO,2.5T 하이브리드,AWD,실버,27,30,125598,56358,50,56,88.5
2024-04,southeast,TRN,2024,TRN-CO,2.5T 하이브리드,AWD,오션 블루,21,23,96614,43352,39,56,88.5
2024-04,southeast,TRN,2024,TRN-CO,2.5T 하이브리드,AWD,선셋 레드,17,18,77291,34682,31,56,88.5
2024-04,southeast,TRN,2024,TRN-CO,2.5T 하이브리드,AWD,포레스트 그린,11,11,48307,21676,19,56,88.5
2024-04,southeast,TRN,2024,TRN-CO,2.5T 하이브리드,AWD,샌드 베이지,11,11,48307,21676,19,56,88.5
2024-04,southeast,TRN,2024,TRN-CO,2.5T 하이브리드,FWD,스노우 화이트,29,31,131849,59163,53,56,88.5
2024-04,southeast,TRN,2024,TRN-CO,2.5T 하이브리드,FWD,미드나잇 블랙,23,25,104381,46837,42,56,88.5
2024-04,southeast,TRN,2024,TRN-CO,2.5T 하이브리드,FWD,스틸 그레이,19,21,87899,39442,35,56,88.5
2024-04,southeast,TRN,2024,TRN-CO,2.5T 하이브리드,FWD,실버,16,17,71418,32047,29,56,88.5
2024-04,southeast,TRN,2024,TRN-CO,2.5T 하이브리드,FWD,오션 블루,12,13,54937,24651,22,56,88.5
2024-04,southeast,TRN,2024,TRN-CO,2.5T 하이브리드,FWD,선셋 레드,10,10,43950,19721,18,56,88.5
2024-04,southeast,TRN,2024,TRN-CO,2.5T 하이브리드,FWD,포레스트 그린,6,6,27469,12326,11,56,88.5
2024-04,southeast,TRN,2024,TRN-CO,2.5T 하이브리드,FWD,샌드 베이지,6,6,27469,12326,11,56,88.5
2024-04,southeast,TRN,2024,TRN-PR,3.5 가솔린,AWD,스노우 화이트,123,132,608881,300068,225,56,88.5
2024-04,southeast,TRN,2024,TRN-PR,3.5 가솔린,AWD,미드나잇 블랙,97,104,482031,237554,178,56,88.5
2024-04,southeast,TRN,2024,TRN-PR,3.5 가솔린,AWD,스틸 그레이,82,88,405921,200046,150,56,88.5
2024-04,southeast,TRN,2024,TRN-PR,3.5 가솔린,AWD,실버,66,71,329811,162537,122,56,88.5
2024-04,southeast,TRN,2024,TRN-PR,3.5 가솔린,AWD,오션 블루,51,55,253700,125028,94,56,88.5
2024-04,southeast,TRN,2024,TRN-PR,3.5 가솔린,AWD,선셋 레드,41,44,202960,100023,75,56,88.5
2024-04,southeast,TRN,2024,TRN-PR,3.5 가솔린,AWD,포레스트 그린,26,27,126850,62514,47,56,88.5
2024-04,southeast,TRN,2024,TRN-PR,3.5 가솔린,AWD,샌드 베이지,26,27,126850,62514,47,56,88.5
2024-04,southeast,TRN,2024,TRN-PR,3.5 가솔린,FWD,스노우 화이트,70,75,346226,170627,128,56,88.5
2024-04,southeast,TRN,2024,TRN-PR,3.5 가솔린,FWD,미드나잇 블랙,55,59,274096,135080,101,56,88.5
2024-04,southeast,TRN,2024,TRN-PR,3.5 가솔린,FWD,스틸 그레이,46,50,230818,113751,85,56,88.5
2024-04,southeast,TRN,2024,TRN-PR,3.5 가솔린,FWD,실버,38,41,187539,92423,69,56,88.5
2024-04,southeast,TRN,2024,TRN-PR,3.5 가솔린,FWD,오션 블루,29,31,144261,71095,53,56,88.5
2024-04,southeast,TRN,2024,TRN-PR,3.5 가솔린,FWD,선셋 레드,23,25,115409,56876,43,56,88.5
2024-04,southeast,TRN,2024,TRN-PR,3.5 가솔린,FWD,포레스트 그린,15,16,72131,35547,27,56,88.5
2024-04,southeast,TRN,2024,TRN-PR,3.5 가솔린,FWD,샌드 베이지,15,16,72131,35547,27,56,88.5
2024-04,southeast,TRN,2024,TRN-PR,2.5T 하이브리드,AWD,스노우 화이트,59,63,291831,143820,108,56,88.5
2024-04,southeast,TRN,2024,TRN-PR,2.5T 하이브리드,AWD,미드나잇 블랙,47,50,231032,113857,85,56,88.5
2024-04,southeast,TRN,2024,TRN-PR,2.5T 하이브리드,AWD,스틸 그레이,39,42,194554,95880,72,56,88.5
2024-04,southeast,TRN,2024,TRN-PR,2.5T 하이브리드,AWD,실버,32,34,158075,77902,58,56,88.5
2024-04,southeast,TRN,2024,TRN-PR,2.5T 하이브리드,AWD,오션 블루,24,26,121596,59925,45,56,88.5
2024-04,southeast,TRN,2024,TRN-PR,2.5T 하이브리드,AWD,선셋 레드,20,21,97277,47940,36,56,88.5
2024-04,southeast,TRN,2024,TRN-PR,2.5T 하이브리드,AWD,포레스트 그린,12,13,60798,29962,22,56,88.5
2024-04,southeast,TRN,2024,TRN-PR,2.5T 하이브리드,AWD,샌드 베이지,12,13,60798,29962,22,56,88.5
2024-04,southeast,TRN,2024,TRN-PR,2.5T 하이브리드,FWD,스노우 화이트,33,36,165943,81780,61,56,88.5
2024-04,southeast,TRN,2024,TRN-PR,2.5T 하이브리드,FWD,미드나잇 블랙,26,28,131371,64742,49,56,88.5
2024-04,southeast,TRN,2024,TRN-PR,2.5T 하이브리드,FWD,스틸 그레이,22,24,110629,54520,41,56,88.5
2024-04,southeast,TRN,2024,TRN-PR,2.5T 하이브리드,FWD,실버,18,19,89886,44297,33,56,88.5
2024-04,southeast,TRN,2024,TRN-PR,2.5T 하이브리드,FWD,오션 블루,14,15,69143,34075,26,56,88.5
2024-04,southeast,TRN,2024,TRN-PR,2.5T 하이브리드,FWD,선셋 레드,11,12,55314,27260,20,56,88.5
2024-04,southeast,TRN,2024,TRN-PR,2.5T 하이브리드,FWD,포레스트 그린,7,7,34571,17037,13,56,88.5
2024-04,southeast,TRN,2024,TRN-PR,2.5T 하이브리드,FWD,샌드 베이지,7,7,34571,17037,13,56,88.5
2024-04,southeast,TRN,2024,TRN-SU,3.5 가솔린,AWD,스노우 화이트,50,54,283960,157627,92,56,88.5
2024-04,southeast,TRN,2024,TRN-SU,3.5 가솔린,AWD,미드나잇 블랙,40,43,224802,124788,73,56,88.5
2024-04,southeast,TRN,2024,TRN-SU,3.5 가솔린,AWD,스틸 그레이,33,36,189307,105085,61,56,88.5
2024-04,southeast,TRN,2024,TRN-SU,3.5 가솔린,AWD,실버,27,29,153812,85382,50,56,88.5
2024-04,southeast,TRN,2024,TRN-SU,3.5 가솔린,AWD,오션 블루,21,22,118317,65678,38,56,88.5
2024-04,southeast,TRN,2024,TRN-SU,3.5 가솔린,AWD,선셋 레드,17,18,94653,52542,31,56,88.5
2024-04,southeast,TRN,2024,TRN-SU,3.5 가솔린,AWD,포레스트 그린,10,11,59158,32839,19,56,88.5
2024-04,southeast,TRN,2024,TRN-SU,3.5 가솔린,AWD,샌드 베이지,10,11,59158,32839,19,56,88.5
2024-04,southeast,TRN,2024,TRN-SU,3.5 가솔린,FWD,스노우 화이트,29,31,161467,89631,52,56,88.5
2024-04,southeast,TRN,2024,TRN-SU,3.5 가솔린,FWD,미드나잇 블랙,23,24,127828,70958,41,56,88.5
2024-04,southeast,TRN,2024,TRN-SU,3.5 가솔린,FWD,스틸 그레이,19,20,107645,59754,35,56,88.5
2024-04,southeast,TRN,2024,TRN-SU,3.5 가솔린,FWD,실버,15,17,87462,48550,28,56,88.5
2024-04,southeast,TRN,2024,TRN-SU,3.5 가솔린,FWD,오션 블루,12,13,67278,37346,22,56,88.5
2024-04,southeast,TRN,2024,TRN-SU,3.5 가솔린,FWD,선셋 레드,10,10,53822,29877,17,56,88.5
2024-04,southeast,TRN,2024,TRN-SU,3.5 가솔린,FWD,포레스트 그린,6,6,33639,18673,11,56,88.5
2024-04,southeast,TRN,2024,TRN-SU,3.5 가솔린,FWD,샌드 베이지,6,6,33639,18673,11,56,88.5
2024-04,southeast,TRN,2024,TRN-SU,2.5T 하이브리드,AWD,스노우 화이트,24,26,136099,75549,44,56,88.5
2024-04,southeast,TRN,2024,TRN-SU,2.5T 하이브리드,AWD,미드나잇 블랙,19,20,107745,59810,35,56,88.5
2024-04,southeast,TRN,2024,TRN-SU,2.5T 하이브리드,AWD,스틸 그레이,16,17,90733,50366,29,56,88.5
2024-04,southeast,TRN,2024,TRN-SU,2.5T 하이브리드,AWD,실버,13,14,73720,40923,24,56,88.5
2024-04,southeast,TRN,2024,TRN-SU,2.5T 하이브리드,AWD,오션 블루,10,11,56708,31479,18,56,88.5
2024-04,southeast,TRN,2024,TRN-SU,2.5T 하이브리드,AWD,선셋 레드,8,9,45366,25183,15,56,88.5
2024-04,southeast,TRN,2024,TRN-SU,2.5T 하이브리드,AWD,포레스트 그린,5,5,28354,15739,9,56,88.5
2024-04,southeast,TRN,2024,TRN-SU,2.5T 하이브리드,AWD,샌드 베이지,5,5,28354,15739,9,56,88.5
2024-04,southeast,TRN,2024,TRN-SU,2.5T 하이브리드,FWD,스노우 화이트,14,15,77390,42959,25,56,88.5
2024-04,southeast,TRN,2024,TRN-SU,2.5T 하이브리드,FWD,미드나잇 블랙,11,12,61267,34010,20,56,88.5
2024-04,southeast,TRN,2024,TRN-SU,2.5T 하이브리드,FWD,스틸 그레이,9,10,51593,28640,17,56,88.5
2024-04,southeast,TRN,2024,TRN-SU,2.5T 하이브리드,FWD,실버,7,8,41919,23270,14,56,88.5
2024-04,southeast,TRN,2024,TRN-SU,2.5T 하이브리드,FWD,오션 블루,6,6,32246,17900,10,56,88.5
2024-04,southeast,TRN,2024,TRN-SU,2.5T 하이브리드,FWD,선셋 레드,5,5,25797,14320,8,56,88.5
2024-04,southeast,TRN,2024,TRN-SU,2.5T 하이브리드,FWD,포레스트 그린,3,3,16123,8950,5,52,88.5
2024-04,southeast,TRN,2024,TRN-SU,2.5T 하이브리드,FWD,샌드 베이지,3,3,16123,8950,5,52,88.5
2024-04,west,VST,2024,VST-CO,2.5 가솔린,AWD,스노우 화이트,111,119,373640,89172,211,58,88.5
2024-04,west,VST,2024,VST-CO,2.5 가솔린,AWD,미드나잇 블랙,88,94,295798,70594,167,58,88.5
2024-04,west,VST,2024,VST-CO,2.5 가솔린,AWD,스틸 그레이,74,79,249093,59448,141,58,88.5
2024-04,west,VST,2024,VST-CO,2.5 가솔린,AWD,실버,60,64,202388,48301,114,58,88.5
2024-04,west,VST,2024,VST-CO,2.5 가솔린,AWD,오션 블루,46,50,155683,37155,88,58,88.5
2024-04,west,VST,2024,VST-CO,2.5 가솔린,AWD,선셋 레드,37,40,124547,29724,70,58,88.5
2024-04,west,VST,2024,VST-CO,2.5 가솔린,AWD,포레스트 그린,23,25,77842,18577,44,58,88.5
2024-04,west,VST,2024,VST-CO,2.5 가솔린,AWD,샌드 베이지,23,25,77842,18577,44,58,88.5
2024-04,west,VST,2024,VST-CO,2.5 가솔린,FWD,스노우 화이트,136,145,456671,108988,258,58,88.5
2024-04,west,VST,2024,VST-CO,2.5 가솔린,FWD,미드나잇 블랙,108,115,361531,86282,204,58,88.5
2024-04,west,VST,2024,VST-CO,2.5 가솔린,FWD,스틸 그레이,91,97,304447,72658,172,58,88.5
2024-04,west,VST,2024,VST-CO,2.5 가솔린,FWD,실버,74,79,247363,59035,140,58,88.5
2024-04,west,VST,2024,VST-CO,2.5 가솔린,FWD,오션 블루,57,61,190279,45412,107,58,88.5
2024-04,west,VST,2024,VST-CO,2.5 가솔린,FWD,선셋 레드,45,48,152224,36329,86,58,88.5
2024-04,west,VST,2024,VST-CO,2.5 가솔린,FWD,포레스트 그린,28,30,95140,22706,54,58,88.5
2024-04,west,VST,2024,VST-CO,2.5 가솔린,FWD,샌드 베이지,28,30,95140,22706,54,58,88.5
2024-04,west,VST,2024,VST-CO,1.6T 하이브리드,AWD,스노우 화이트,53,57,179082,42739,101,58,88.5
2024-04,west,VST,2024,VST-CO,1.6T 하이브리드,AWD,미드나잇 블랙,42,45,141773,33835,80,58,88.5
2024-04,west,VST,2024,VST-CO,1.6T 하이브리드,AWD,스틸 그레이,36,38,119388,28493,67,58,88.5
2024-04,west,VST,2024,VST-CO,1.6T 하이브리드,AWD,실버,29,31,97003,23150,55,58,88.5
2024-04,west,VST,2024,VST-CO,1.6T 하이브리드,AWD,오션 블루,22,24,74617,17808,42,58,88.5
2024-04,west,VST,2024,VST-CO,1.6T 하이브리드,AWD,선셋 레드,18,19,59694,14246,34,58,88.5
2024-04,west,VST,2024,VST-CO,1.6T 하이브리드,AWD,포레스트 그린,11,12,37309,8904,21,58,88.5
2024-04,west,VST,2024,VST-CO,1.6T 하이브리드,AWD,샌드 베이지,11,12,37309,8904,21,58,88.5
2024-04,west,VST,2024,VST-CO,1.6T 하이브리드,FWD,스노우 화이트,65,70,218878,52237,124,58,88.5
2024-04,west,VST,2024,VST-CO,1.6T 하이브리드,FWD,미드나잇 블랙,52,55,173278,41354,98,58,88.5
2024-04,west,VST,2024,VST-CO,1.6T 하이브리드,FWD,스틸 그레이,43,46,145918,34824,82,58,88.5
2024-04,west,VST,2024,VST-CO,1.6T 하이브리드,FWD,실버,35,38,118559,28295,67,58,88.5
2024-04,west,VST,2024,VST-CO,1.6T 하이브리드,FWD,오션 블루,27,29,91199,21765,52,58,88.5
2024-04,west,VST,2024,VST-CO,1.6T 하이브리드,FWD,선셋 레드,22,23,72959,17412,41,58,88.5
2024-04,west,VST,2024,VST-CO,1.6T 하이브리드,FWD,포레스트 그린,14,15,45599,10883,26,58,88.5
2024-04,west,VST,2024,VST-CO,1.6T 하이브리드,FWD,샌드 베이지,14,15,45599,10883,26,58,88.5
2024-04,west,VST,2024,VST-PR,2.5 가솔린,AWD,스노우 화이트,129,138,470256,140872,244,58,88.5
2024-04,west,VST,2024,VST-PR,2.5 가솔린,AWD,미드나잇 블랙,102,109,372286,111524,193,58,88.5
2024-04,west,VST,2024,VST-PR,2.5 가솔린,AWD,스틸 그레이,86,92,313504,93915,163,58,88.5
2024-04,west,VST,2024,VST-PR,2.5 가솔린,AWD,실버,70,75,254722,76306,132,58,88.5
2024-04,west,VST,2024,VST-PR,2.5 가솔린,AWD,오션 블루,54,57,195940,58697,102,58,88.5
2024-04,west,VST,2024,VST-PR,2.5 가솔린,AWD,선셋 레드,43,46,156752,46957,81,58,88.5
2024-04,west,VST,2024,VST-PR,2.5 가솔린,AWD,포레스트 그린,27,29,97970,29348,51,58,88.5
2024-04,west,VST,2024,VST-PR,2.5 가솔린,AWD,샌드 베이지,27,29,97970,29348,51,58,88.5
2024-04,west,VST,2024,VST-PR,2.5 가솔린,FWD,스노우 화이트,157,168,574757,172177,299,58,88.5
2024-04,west,VST,2024,VST-PR,2.5 가솔린,FWD,미드나잇 블랙,125,133,455016,136307,236,58,88.5
2024-04,west,VST,2024,VST-PR,2.5 가솔린,FWD,스틸 그레이,105,112,383171,114784,199,58,88.5
2024-04,west,VST,2024,VST-PR,2.5 가솔린,FWD,실버,85,91,311327,93262,162,58,88.5
2024-04,west,VST,2024,VST-PR,2.5 가솔린,FWD,오션 블루,66,70,239482,71740,124,58,88.5
2024-04,west,VST,2024,VST-PR,2.5 가솔린,FWD,선셋 레드,52,56,191586,57392,100,58,88.5
2024-04,west,VST,2024,VST-PR,2.5 가솔린,FWD,포레스트 그린,33,35,119741,35870,62,58,88.5
2024-04,west,VST,2024,VST-PR,2.5 가솔린,FWD,샌드 베이지,33,35,119741,35870,62,58,88.5
2024-04,west,VST,2024,VST-PR,1.6T 하이브리드,AWD,스노우 화이트,62,66,225389,67518,117,58,88.5
2024-04,west,VST,2024,VST-PR,1.6T 하이브리드,AWD,미드나잇 블랙,49,52,178433,53452,93,58,88.5
2024-04,west,VST,2024,VST-PR,1.6T 하이브리드,AWD,스틸 그레이,41,44,150259,45012,78,58,88.5
2024-04,west,VST,2024,VST-PR,1.6T 하이브리드,AWD,실버,33,36,122086,36573,63,58,88.5
2024-04,west,VST,2024,VST-PR,1.6T 하이브리드,AWD,오션 블루,26,27,93912,28133,49,58,88.5
2024-04,west,VST,2024,VST-PR,1.6T 하이브리드,AWD,선셋 레드,21,22,75130,22506,39,58,88.5
2024-04,west,VST,2024,VST-PR,1.6T 하이브리드,AWD,포레스트 그린,13,14,46956,14066,24,58,88.5
2024-04,west,VST,2024,VST-PR,1.6T 하이브리드,AWD,샌드 베이지,13,14,46956,14066,24,58,88.5
2024-04,west,VST,2024,VST-PR,1.6T 하이브리드,FWD,스노우 화이트,75,81,275475,82523,143,58,88.5
2024-04,west,VST,2024,VST-PR,1.6T 하이브리드,FWD,미드나잇 블랙,60,64,218085,65330,113,58,88.5
2024-04,west,VST,2024,VST-PR,1.6T 하이브리드,FWD,스틸 그레이,50,54,183650,55015,95,58,88.5
2024-04,west,VST,2024,VST-PR,1.6T 하이브리드,FWD,실버,41,44,149216,44700,78,58,88.5
2024-04,west,VST,2024,VST-PR,1.6T 하이브리드,FWD,오션 블루,31,34,114781,34384,60,58,88.5
2024-04,west,VST,2024,VST-PR,1.6T 하이브리드,FWD,선셋 레드,25,27,91825,27508,48,58,88.5
2024-04,west,VST,2024,VST-PR,1.6T 하이브리드,FWD,포레스트 그린,16,17,57391,17192,30,58,88.5
2024-04,west,VST,2024,VST-PR,1.6T 하이브리드,FWD,샌드 베이지,16,17,57391,17192,30,58,88.5
2024-04,west,VST,2024,VST-TR,2.5 가솔린,AWD,스노우 화이트,53,56,219310,84562,100,58,88.5
2024-04,west,VST,2024,VST-TR,2.5 가솔린,AWD,미드나잇 블랙,42,45,173621,66945,79,58,88.5
2024-04,west,VST,2024,VST-TR,2.5 가솔린,AWD,스틸 그레이,35,38,146207,56375,67,58,88.5
2024-04,west,VST,2024,VST-TR,2.5 가솔린,AWD,실버,29,30,118793,45805,54,58,88.5
2024-04,west,VST,2024,VST-TR,2.5 가솔린,AWD,오션 블루,22,23,91379,35234,42,58,88.5
2024-04,west,VST,2024,VST-TR,2.5 가솔린,AWD,선셋 레드,18,19,73103,28187,33,58,88.5
2024-04,west,VST,2024,VST-TR,2.5 가솔린,AWD,포레스트 그린,11,12,45690,17617,21,58,88.5
2024-04,west,VST,2024,VST-TR,2.5 가솔린,AWD,샌드 베이지,11,12,45690,17617,21,58,88.5
2024-04,west,VST,2024,VST-TR,2.5 가솔린,FWD,스노우 화이트,64,69,268046,103354,122,58,88.5
2024-04,west,VST,2024,VST-TR,2.5 가솔린,FWD,미드나잇 블랙,51,54,212203,81822,97,58,88.5
2024-04,west,VST,2024,VST-TR,2.5 가솔린,FWD,스틸 그레이,43,46,178697,68903,81,58,88.5
2024-04,west,VST,2024,VST-TR,2.5 가솔린,FWD,실버,35,37,145191,55983,66,58,88.5
2024-04,west,VST,2024,VST-TR,2.5 가솔린,FWD,오션 블루,27,29,111686,43064,51,58,88.5
2024-04,west,VST,2024,VST-TR,2.5 가솔린,FWD,선셋 레드,21,23,89349,34451,41,58,88.5
2024-04,west,VST,2024,VST-TR,2.5 가솔린,FWD,포레스트 그린,13,14,55843,21532,25,58,88.5
2024-04,west,VST,2024,VST-TR,2.5 가솔린,FWD,샌드 베이지,13,14,55843,21532,25,58,88.5
2024-04,west,VST,2024,VST-TR,1.6T 하이브리드,AWD,스노우 화이트,25,27,105113,40530,48,58,88.5
2024-04,west,VST,2024,VST-TR,1.6T 하이브리드,AWD,미드나잇 블랙,20,21,83215,32086,38,58,88.5
2024-04,west,VST,2024,VST-TR,1.6T 하이브리드,AWD,스틸 그레이,17,18,70075,27020,32,58,88.5
2024-04,west,VST,2024,VST-TR,1.6T 하이브리드,AWD,실버,14,15,56936,21954,26,58,88.5
2024-04,west,VST,2024,VST-TR,1.6T 하이브리드,AWD,오션 블루,11,11,43797,16887,20,58,88.5
2024-04,west,VST,2024,VST-TR,1.6T 하이브리드,AWD,선셋 레드,8,9,35038,13510,16,58,88.5
2024-04,west,VST,2024,VST-TR,1.6T 하이브리드,AWD,포레스트 그린,5,6,21899,8444,10,58,88.5
2024-04,west,VST,2024,VST-TR,1.6T 하이브리드,AWD,샌드 베이지,5,6,21899,8444,10,58,88.5
2024-04,west,VST,2024,VST-TR,1.6T 하이브리드,FWD,스노우 화이트,31,33,128472,49536,59,58,88.5
2024-04,west,VST,2024,VST-TR,1.6T 하이브리드,FWD,미드나잇 블랙,24,26,101707,39216,46,58,88.5
2024-04,west,VST,2024,VST-TR,1.6T 하이브리드,FWD,스틸 그레이,21,22,85648,33024,39,58,88.5
2024-04,west,VST,2024,VST-TR,1.6T 하이브리드,FWD,실버,17,18,69589,26832,32,58,88.5
2024-04,west,VST,2024,VST-TR,1.6T 하이브리드,FWD,오션 블루,13,14,53530,20640,24,58,88.5
2024-04,west,VST,2024,VST-TR,1.6T 하이브리드,FWD,선셋 레드,10,11,42824,16512,20,58,88.5
2024-04,west,VST,2024,VST-TR,1.6T 하이브리드,FWD,포레스트 그린,6,7,26765,10320,12,58,88.5
2024-04,west,VST,2024,VST-TR,1.6T 하이브리드,FWD,샌드 베이지,6,7,26765,10320,12,58,88.5
2024-04,central,VST,2024,VST-CO,2.5 가솔린,AWD,스노우 화이트,84,89,280948,67050,159,58,88.5
2024-04,central,VST,2024,VST-CO,2.5 가솔린,AWD,미드나잇 블랙,66,71,222417,53081,126,58,88.5
2024-04,central,VST,2024,VST-CO,2.5 가솔린,AWD,스틸 그레이,56,60,187299,44700,106,58,88.5
2024-04,central,VST,2024,VST-CO,2.5 가솔린,AWD,실버,45,48,152180,36319,86,58,88.5
2024-04,central,VST,2024,VST-CO,2.5 가솔린,AWD,오션 블루,35,37,117062,27938,66,58,88.5
2024-04,central,VST,2024,VST-CO,2.5 가솔린,AWD,선셋 레드,28,30,93649,22350,53,58,88.5
2024-04,central,VST,2024,VST-CO,2.5 가솔린,AWD,포레스트 그린,17,19,58531,13969,33,58,88.5
2024-04,central,VST,2024,VST-CO,2.5 가솔린,AWD,샌드 베이지,17,19,58531,13969,33,58,88.5
2024-04,central,VST,2024,VST-CO,2.5 가솔린,FWD,스노우 화이트,78,83,261947,62515,148,58,88.5
2024-04,central,VST,2024,VST-CO,2.5 가솔린,FWD,미드나잇 블랙,62,66,207375,49491,117,58,88.5
2024-04,central,VST,2024,VST-CO,2.5 가솔린,FWD,스틸 그레이,52,56,174631,41677,99,58,88.5
2024-04,central,VST,2024,VST-CO,2.5 가솔린,FWD,실버,42,45,141888,33863,80,58,88.5
2024-04,central,VST,2024,VST-CO,2.5 가솔린,FWD,오션 블루,32,35,109145,26048,62,58,88.5
2024-04,central,VST,2024,VST-CO,2.5 가솔린,FWD,선셋 레드,26,28,87316,20838,49,58,88.5
2024-04,central,VST,2024,VST-CO,2.5 가솔린,FWD,포레스트 그린,16,17,54572,13024,31,58,88.5
2024-04,central,VST,2024,VST-CO,2.5 가솔린,FWD,샌드 베이지,16,17,54572,13024,31,58,88.5
2024-04,central,VST,2024,VST-CO,1.6T 하이브리드,AWD,스노우 화이트,40,43,134656,32137,76,58,88.5
2024-04,central,VST,2024,VST-CO,1.6T 하이브리드,AWD,미드나잇 블랙,32,34,106602,25441,60,58,88.5
2024-04,central,VST,2024,VST-CO,1.6T 하이브리드,AWD,스틸 그레이,27,29,89770,21424,51,58,88.5
2024-04,central,VST,2024,VST-CO,1.6T 하이브리드,AWD,실버,22,23,72938,17407,41,58,88.5
2024-04,central,VST,2024,VST-CO,1.6T 하이브리드,AWD,오션 블루,17,18,56107,13390,32,58,88.5
2024-04,central,VST,2024,VST-CO,1.6T 하이브리드,AWD,선셋 레드,13,14,44885,10712,25,58,88.5
2024-04,central,VST,2024,VST-CO,1.6T 하이브리드,AWD,포레스트 그린,8,9,28053,6695,16,58,88.5
2024-04,central,VST,2024,VST-CO,1.6T 하이브리드,AWD,샌드 베이지,8,9,28053,6695,16,58,88.5
2024-04,central,VST,2024,VST-CO,1.6T 하이브리드,FWD,스노우 화이트,37,40,125548,29963,71,58,88.5
2024-04,central,VST,2024,VST-CO,1.6T 하이브리드,FWD,미드나잇 블랙,30,32,99393,23721,56,58,88.5
2024-04,central,VST,2024,VST-CO,1.6T 하이브리드,FWD,스틸 그레이,25,27,83699,19975,47,58,88.5
2024-04,central,VST,2024,VST-CO,1.6T 하이브리드,FWD,실버,20,22,68005,16230,38,58,88.5
2024-04,central,VST,2024,VST-CO,1.6T 하이브리드,FWD,오션 블루,16,17,52312,12485,30,58,88.5
2024-04,central,VST,2024,VST-CO,1.6T 하이브리드,FWD,선셋 레드,12,13,41849,9988,24,58,88.5
2024-04,central,VST,2024,VST-CO,1.6T 하이브리드,FWD,포레스트 그린,8,8,26156,6242,15,58,88.5
2024-04,central,VST,2024,VST-CO,1.6T 하이브리드,FWD,샌드 베이지,8,8,26156,6242,15,58,88.5
2024-04,central,VST,2024,VST-PR,2.5 가솔린,AWD,스노우 화이트,97,103,353596,105925,184,58,88.5
2024-04,central,VST,2024,VST-PR,2.5 가솔린,AWD,미드나잇 블랙,77,82,279930,83857,145,58,88.5
2024-04,central,VST,2024,VST-PR,2.5 가솔린,AWD,스틸 그레이,65,69,235731,70617,123,58,88.5
2024-04,central,VST,2024,VST-PR,2.5 가솔린,AWD,실버,52,56,191531,57376,100,58,88.5
2024-04,central,VST,2024,VST-PR,2.5 가솔린,AWD,오션 블루,40,43,147332,44135,77,58,88.5
2024-04,central,VST,2024,VST-PR,2.5 가솔린,AWD,선셋 레드,32,34,117865,35308,61,58,88.5
2024-04,central,VST,2024,VST-PR,2.5 가솔린,AWD,포레스트 그린,20,22,73666,22068,38,58,88.5
2024-04,central,VST,2024,VST-PR,2.5 가솔린,AWD,샌드 베이지,20,22,73666,22068,38,58,88.5
2024-04,central,VST,2024,VST-PR,2.5 가솔린,FWD,스노우 화이트,90,96,329681,98761,171,58,88.5
2024-04,central,VST,2024,VST-PR,2.5 가솔린,FWD,미드나잇 블랙,71,76,260998,78186,136,58,88.5
2024-04,central,VST,2024,VST-PR,2.5 가솔린,FWD,스틸 그레이,60,64,219788,65841,114,58,88.5
2024-04,central,VST,2024,VST-PR,2.5 가솔린,FWD,실버,49,52,178577,53495,93,58,88.5
2024-04,central,VST,2024,VST-PR,2.5 가솔린,FWD,오션 블루,38,40,137367,41150,71,58,88.5
2024-04,central,VST,2024,VST-PR,2.5 가솔린,FWD,선셋 레드,30,32,109894,32920,57,58,88.5
2024-04,central,VST,2024,VST-PR,2.5 가솔린,FWD,포레스트 그린,19,20,68684,20575,36,58,88.5
2024-04,central,VST,2024,VST-PR,2.5 가솔린,FWD,샌드 베이지,19,20,68684,20575,36,58,88.5
2024-04,central,VST,2024,VST-PR,1.6T 하이브리드,AWD,스노우 화이트,46,50,169475,50769,88,58,88.5
2024-04,central,VST,2024,VST-PR,1.6T 하이브리드,AWD,미드나잇 블랙,37,39,134168,40192,70,58,88.5
2024-04,central,VST,2024,VST-PR,1.6T 하이브리드,AWD,스틸 그레이,31,33,112983,33846,59,58,88.5
2024-04,central,VST,2024,VST-PR,1.6T 하이브리드,AWD,실버,25,27,91799,27500,48,58,88.5
2024-04,central,VST,2024,VST-PR,1.6T 하이브리드,AWD,오션 블루,19,21,70615,21154,37,58,88.5
2024-04,central,VST,2024,VST-PR,1.6T 하이브리드,AWD,선셋 레드,15,17,56492,16923,29,58,88.5
2024-04,central,VST,2024,VST-PR,1.6T 하이브리드,AWD,포레스트 그린,10,10,35307,10577,18,58,88.5
2024-04,central,VST,2024,VST-PR,1.6T 하이브리드,AWD,샌드 베이지,10,10,35307,10577,18,58,88.5
2024-04,central,VST,2024,VST-PR,1.6T 하이브리드,FWD,스노우 화이트,43,46,158013,47335,82,58,88.5
2024-04,central,VST,2024,VST-PR,1.6T 하이브리드,FWD,미드나잇 블랙,34,37,125094,37474,65,58,88.5
2024-04,central,VST,2024,VST-PR,1.6T 하이브리드,FWD,스틸 그레이,29,31,105342,31557,55,58,88.5
2024-04,central,VST,2024,VST-PR,1.6T 하이브리드,FWD,실버,23,25,85590,25640,44,58,88.5
2024-04,central,VST,2024,VST-PR,1.6T 하이브리드,FWD,오션 블루,18,19,65839,19723,34,58,88.5
2024-04,central,VST,2024,VST-PR,1.6T 하이브리드,FWD,선셋 레드,14,15,52671,15778,27,58,88.5
2024-04,central,VST,2024,VST-PR,1.6T 하이브리드,FWD,포레스트 그린,9,10,32919,9861,17,58,88.5
2024-04,central,VST,2024,VST-PR,1.6T 하이브리드,FWD,샌드 베이지,9,10,32919,9861,17,58,88.5
2024-04,central,VST,2024,VST-TR,2.5 가솔린,AWD,스노우 화이트,40,42,164904,63584,75,58,88.5
2024-04,central,VST,2024,VST-TR,2.5 가솔린,AWD,미드나잇 블랙,31,34,130549,50338,60,58,88.5
2024-04,central,VST,2024,VST-TR,2.5 가솔린,AWD,스틸 그레이,26,28,109936,42390,50,58,88.5
2024-04,central,VST,2024,VST-TR,2.5 가솔린,AWD,실버,21,23,89323,34441,41,58,88.5
2024-04,central,VST,2024,VST-TR,2.5 가솔린,AWD,오션 블루,17,18,68710,26493,31,58,88.5
2024-04,central,VST,2024,VST-TR,2.5 가솔린,AWD,선셋 레드,13,14,54968,21195,25,58,88.5
2024-04,central,VST,2024,VST-TR,2.5 가솔린,AWD,포레스트 그린,8,9,34355,13247,16,58,88.5
2024-04,central,VST,2024,VST-TR,2.5 가솔린,AWD,샌드 베이지,8,9,34355,13247,16,58,88.5
2024-04,central,VST,2024,VST-TR,2.5 가솔린,FWD,스노우 화이트,37,39,153751,59284,70,58,88.5
2024-04,central,VST,2024,VST-TR,2.5 가솔린,FWD,미드나잇 블랙,29,31,121720,46933,55,58,88.5
2024-04,central,VST,2024,VST-TR,2.5 가솔린,FWD,스틸 그레이,25,26,102501,39523,47,58,88.5
2024-04,central,VST,2024,VST-TR,2.5 가솔린,FWD,실버,20,21,83282,32112,38,58,88.5
2024-04,central,VST,2024,VST-TR,2.5 가솔린,FWD,오션 블루,15,16,64063,24702,29,58,88.5
2024-04,central,VST,2024,VST-TR,2.5 가솔린,FWD,선셋 레드,12,13,51250,19761,23,58,88.5
2024-04,central,VST,2024,VST-TR,2.5 가솔린,FWD,포레스트 그린,8,8,32032,12351,15,58,88.5
2024-04,central,VST,2024,VST-TR,2.5 가솔린,FWD,샌드 베이지,8,8,32032,12351,15,58,88.5
2024-04,central,VST,2024,VST-TR,1.6T 하이브리드,AWD,스노우 화이트,19,20,79037,30475,36,58,88.5
2024-04,central,VST,2024,VST-TR,1.6T 하이브리드,AWD,미드나잇 블랙,15,16,62571,24126,29,58,88.5
2024-04,central,VST,2024,VST-TR,1.6T 하이브리드,AWD,스틸 그레이,13,14,52691,20317,24,58,88.5
2024-04,central,VST,2024,VST-TR,1.6T 하이브리드,AWD,실버,10,11,42812,16507,20,58,88.5
2024-04,central,VST,2024,VST-TR,1.6T 하이브리드,AWD,오션 블루,8,8,32932,12698,15,58,88.5
2024-04,central,VST,2024,VST-TR,1.6T 하이브리드,AWD,선셋 레드,6,7,26346,10158,12,58,88.5
2024-04,central,VST,2024,VST-TR,1.6T 하이브리드,AWD,포레스트 그린,4,4,16466,6349,8,58,88.5
2024-04,central,VST,2024,VST-TR,1.6T 하이브리드,AWD,샌드 베이지,4,4,16466,6349,8,58,88.5
2024-04,central,VST,2024,VST-TR,1.6T 하이브리드,FWD,스노우 화이트,18,19,73692,28414,34,58,88.5
2024-04,central,VST,2024,VST-TR,1.6T 하이브리드,FWD,미드나잇 블랙,14,15,58339,22495,27,58,88.5
2024-04,central,VST,2024,VST-TR,1.6T 하이브리드,FWD,스틸 그레이,12,13,49128,18943,22,58,88.5
2024-04,central,VST,2024,VST-TR,1.6T 하이브리드,FWD,실버,10,10,39916,15391,18,58,88.5
2024-04,central,VST,2024,VST-TR,1.6T 하이브리드,FWD,오션 블루,7,8,30705,11839,14,58,88.5
2024-04,central,VST,2024,VST-TR,1.6T 하이브리드,FWD,선셋 레드,6,6,24564,9471,11,58,88.5
2024-04,central,VST,2024,VST-TR,1.6T 하이브리드,FWD,포레스트 그린,4,4,15352,5920,7,58,88.5
2024-04,central,VST,2024,VST-TR,1.6T 하이브리드,FWD,샌드 베이지,4,4,15352,5920,7,58,88.5
2024-04,south,VST,2024,VST-CO,2.5 가솔린,AWD,스노우 화이트,68,72,227633,54326,129,58,88.5
2024-04,south,VST,2024,VST-CO,2.5 가솔린,AWD,미드나잇 블랙,54,57,180209,43008,102,58,88.5
2024-04,south,VST,2024,VST-CO,2.5 가솔린,AWD,스틸 그레이,45,48,151755,36217,86,58,88.5
2024-04,south,VST,2024,VST-CO,2.5 가솔린,AWD,실버,37,39,123301,29427,70,58,88.5
2024-04,south,VST,2024,VST-CO,2.5 가솔린,AWD,오션 블루,28,30,94847,22636,54,58,88.5
2024-04,south,VST,2024,VST-CO,2.5 가솔린,AWD,선셋 레드,23,24,75878,18109,43,58,88.5
2024-04,south,VST,2024,VST-CO,2.5 가솔린,AWD,포레스트 그린,14,15,47423,11318,27,58,88.5
2024-04,south,VST,2024,VST-CO,2.5 가솔린,AWD,샌드 베이지,14,15,47423,11318,27,58,88.5
2024-04,south,VST,2024,VST-CO,2.5 가솔린,FWD,스노우 화이트,141,151,474937,113347,268,58,88.5
2024-04,south,VST,2024,VST-CO,2.5 가솔린,FWD,미드나잇 블랙,112,120,375992,89733,212,58,88.5
2024-04,south,VST,2024,VST-CO,2.5 가솔린,FWD,스틸 그레이,94,101,316625,75565,179,58,88.5
2024-04,south,VST,2024,VST-CO,2.5 가솔린,FWD,실버,77,82,257258,61396,145,58,88.5
2024-04,south,VST,2024,VST-CO,2.5 가솔린,FWD,오션 블루,59,63,197891,47228,112,58,88.5
2024-04,south,VST,2024,VST-CO,2.5 가솔린,FWD,선셋 레드,47,50,158312,37782,89,58,88.5
2024-04,south,VST,2024,VST-CO,2.5 가솔린,FWD,포레스트 그린,29,31,98945,23614,56,58,88.5
2024-04,south,VST,2024,VST-CO,2.5 가솔린,FWD,샌드 베이지,29,31,98945,23614,56,58,88.5
2024-04,south,VST,2024,VST-CO,1.6T 하이브리드,AWD,스노우 화이트,32,35,109102,26038,62,58,88.5
2024-04,south,VST,2024,VST-CO,1.6T 하이브리드,AWD,미드나잇 블랙,26,27,86372,20613,49,58,88.5
2024-04,south,VST,2024,VST-CO,1.6T 하이브리드,AWD,스틸 그레이,22,23,72735,17359,41,58,88.5
2024-04,south,VST,2024,VST-CO,1.6T 하이브리드,AWD,실버,18,19,59097,14104,33,58,88.5
2024-04,south,VST,2024,VST-CO,1.6T 하이브리드,AWD,오션 블루,14,14,45459,10849,26,58,88.5
2024-04,south,VST,2024,VST-CO,1.6T 하이브리드,AWD,선셋 레드,11,12,36367,8679,21,58,88.5
2024-04,south,VST,2024,VST-CO,1.6T 하이브리드,AWD,포레스트 그린,7,7,22730,5425,13,58,88.5
2024-04,south,VST,2024,VST-CO,1.6T 하이브리드,AWD,샌드 베이지,7,7,22730,5425,13,58,88.5
2024-04,south,VST,2024,VST-CO,1.6T 하이브리드,FWD,스노우 화이트,68,72,227633,54326,129,58,88.5
2024-04,south,VST,2024,VST-CO,1.6T 하이브리드,FWD,미드나잇 블랙,54,57,180209,43008,102,58,88.5
2024-04,south,VST,2024,VST-CO,1.6T 하이브리드,FWD,스틸 그레이,45,48,151755,36217,86,58,88.5
2024-04,south,VST,2024,VST-CO,1.6T 하이브리드,FWD,실버,37,39,123301,29427,70,58,88.5
2024-04,south,VST,2024,VST-CO,1.6T 하이브리드,FWD,오션 블루,28,30,94847,22636,54,58,88.5
2024-04,south,VST,2024,VST-CO,1.6T 하이브리드,FWD,선셋 레드,23,24,75878,18109,43,58,88.5
2024-04,south,VST,2024,VST-CO,1.6T 하이브리드,FWD,포레스트 그린,14,15,47423,11318,27,58,88.5
2024-04,south,VST,2024,VST-CO,1.6T 하이브리드,FWD,샌드 베이지,14,15,47423,11318,27,58,88.5
2024-04,south,VST,2024,VST-PR,2.5 가솔린,AWD,스노우 화이트,78,84,286494,85823,149,58,88.5
2024-04,south,VST,2024,VST-PR,2.5 가솔린,AWD,미드나잇 블랙,62,66,226808,67944,118,58,88.5
2024-04,south,VST,2024,VST-PR,2.5 가솔린,AWD,스틸 그레이,52,56,190996,57216,99,58,88.5
2024-04,south,VST,2024,VST-PR,2.5 가솔린,AWD,실버,42,45,155184,46488,81,58,88.5
2024-04,south,VST,2024,VST-PR,2.5 가솔린,AWD,오션 블루,33,35,119373,35760,62,58,88.5
2024-04,south,VST,2024,VST-PR,2.5 가솔린,AWD,선셋 레드,26,28,95498,28608,50,58,88.5
2024-04,south,VST,2024,VST-PR,2.5 가솔린,AWD,포레스트 그린,16,17,59686,17880,31,58,88.5
2024-04,south,VST,2024,VST-PR,2.5 가솔린,AWD,샌드 베이지,16,17,59686,17880,31,58,88.5
2024-04,south,VST,2024,VST-PR,2.5 가솔린,FWD,스노우 화이트,164,175,597747,179064,311,58,88.5
2024-04,south,VST,2024,VST-PR,2.5 가솔린,FWD,미드나잇 블랙,130,138,473217,141759,246,58,88.5
2024-04,south,VST,2024,VST-PR,2.5 가솔린,FWD,스틸 그레이,109,117,398498,119376,207,58,88.5
2024-04,south,VST,2024,VST-PR,2.5 가솔린,FWD,실버,89,95,323780,96993,168,58,88.5
2024-04,south,VST,2024,VST-PR,2.5 가솔린,FWD,오션 블루,68,73,249061,74610,129,58,88.5
2024-04,south,VST,2024,VST-PR,2.5 가솔린,FWD,선셋 레드,55,58,199249,59688,104,58,88.5
2024-04,south,VST,2024,VST-PR,2.5 가솔린,FWD,포레스트 그린,34,36,124531,37305,65,58,88.5
2024-04,south,VST,2024,VST-PR,2.5 가솔린,FWD,샌드 베이지,34,36,124531,37305,65,58,88.5
2024-04,south,VST,2024,VST-PR,1.6T 하이브리드,AWD,스노우 화이트,38,40,137314,41134,71,58,88.5
2024-04,south,VST,2024,VST-PR,1.6T 하이브리드,AWD,미드나잇 블랙,30,32,108707,32565,57,58,88.5
2024-04,south,VST,2024,VST-PR,1.6T 하이브리드,AWD,스틸 그레이,25,27,91543,27423,48,58,88.5
2024-04,south,VST,2024,VST-PR,1.6T 하이브리드,AWD,실버,20,22,74378,22281,39,58,88.5
2024-04,south,VST,2024,VST-PR,1.6T 하이브리드,AWD,오션 블루,16,17,57214,17139,30,58,88.5
2024-04,south,VST,2024,VST-PR,1.6T 하이브리드,AWD,선셋 레드,13,13,45771,13711,24,58,88.5
2024-04,south,VST,2024,VST-PR,1.6T 하이브리드,AWD,포레스트 그린,8,8,28607,8570,15,58,88.5
2024-04,south,VST,2024,VST-PR,1.6T 하이브리드,AWD,샌드 베이지,8,8,28607,8570,15,58,88.5
2024-04,south,VST,2024,VST-PR,1.6T 하이브리드,FWD,스노우 화이트,78,84,286494,85823,149,58,88.5
2024-04,south,VST,2024,VST-PR,1.6T 하이브리드,FWD,미드나잇 블랙,62,66,226808,67944,118,58,88.5
2024-04,south,VST,2024,VST-PR,1.6T 하이브리드,FWD,스틸 그레이,52,56,190996,57216,99,58,88.5
2024-04,south,VST,2024,VST-PR,1.6T 하이브리드,FWD,실버,42,45,155184,46488,81,58,88.5
2024-04,south,VST,2024,VST-PR,1.6T 하이브리드,FWD,오션 블루,33,35,119373,35760,62,58,88.5
2024-04,south,VST,2024,VST-PR,1.6T 하이브리드,FWD,선셋 레드,26,28,95498,28608,50,58,88.5
2024-04,south,VST,2024,VST-PR,1.6T 하이브리드,FWD,포레스트 그린,16,17,59686,17880,31,58,88.5
2024-04,south,VST,2024,VST-PR,1.6T 하이브리드,FWD,샌드 베이지,16,17,59686,17880,31,58,88.5
2024-04,south,VST,2024,VST-TR,2.5 가솔린,AWD,스노우 화이트,32,34,133610,51518,61,58,88.5
2024-04,south,VST,2024,VST-TR,2.5 가솔린,AWD,미드나잇 블랙,25,27,105775,40785,48,58,88.5
2024-04,south,VST,2024,VST-TR,2.5 가솔린,AWD,스틸 그레이,21,23,89074,34345,41,58,88.5
2024-04,south,VST,2024,VST-TR,2.5 가솔린,AWD,실버,17,19,72372,27906,33,58,88.5
2024-04,south,VST,2024,VST-TR,2.5 가솔린,AWD,오션 블루,13,14,55671,21466,25,58,88.5
2024-04,south,VST,2024,VST-TR,2.5 가솔린,AWD,선셋 레드,11,11,44537,17173,20,58,88.5
2024-04,south,VST,2024,VST-TR,2.5 가솔린,AWD,포레스트 그린,7,7,27836,10733,13,58,88.5
2024-04,south,VST,2024,VST-TR,2.5 가솔린,AWD,샌드 베이지,7,7,27836,10733,13,58,88.5
2024-04,south,VST,2024,VST-TR,2.5 가솔린,FWD,스노우 화이트,67,72,278768,107488,127,58,88.5
2024-04,south,VST,2024,VST-TR,2.5 가솔린,FWD,미드나잇 블랙,53,57,220691,85095,101,58,88.5
2024-04,south,VST,2024,VST-TR,2.5 가솔린,FWD,스틸 그레이,45,48,185845,71659,85,58,88.5
2024-04,south,VST,2024,VST-TR,2.5 가솔린,FWD,실버,36,39,150999,58223,69,58,88.5
2024-04,south,VST,2024,VST-TR,2.5 가솔린,FWD,오션 블루,28,30,116153,44787,53,58,88.5
2024-04,south,VST,2024,VST-TR,2.5 가솔린,FWD,선셋 레드,22,24,92923,35829,42,58,88.5
2024-04,south,VST,2024,VST-TR,2.5 가솔린,FWD,포레스트 그린,14,15,58077,22393,26,58,88.5
2024-04,south,VST,2024,VST-TR,2.5 가솔린,FWD,샌드 베이지,14,15,58077,22393,26,58,88.5
2024-04,south,VST,2024,VST-TR,1.6T 하이브리드,AWD,스노우 화이트,15,16,64038,24692,29,58,88.5
2024-04,south,VST,2024,VST-TR,1.6T 하이브리드,AWD,미드나잇 블랙,12,13,50697,19548,23,58,88.5
2024-04,south,VST,2024,VST-TR,1.6T 하이브리드,AWD,스틸 그레이,10,11,42692,16461,19,58,88.5
2024-04,south,VST,2024,VST-TR,1.6T 하이브리드,AWD,실버,8,9,34687,13375,16,58,88.5
2024-04,south,VST,2024,VST-TR,1.6T 하이브리드,AWD,오션 블루,6,7,26683,10288,12,58,88.5
2024-04,south,VST,2024,VST-TR,1.6T 하이브리드,AWD,선셋 레드,5,5,21346,8231,10,58,88.5
2024-04,south,VST,2024,VST-TR,1.6T 하이브리드,AWD,포레스트 그린,3,3,13341,5144,6,58,88.5
2024-04,south,VST,2024,VST-TR,1.6T 하이브리드,AWD,샌드 베이지,3,3,13341,5144,6,58,88.5
2024-04,south,VST,2024,VST-TR,1.6T 하이브리드,FWD,스노우 화이트,32,34,133610,51518,61,58,88.5
2024-04,south,VST,2024,VST-TR,1.6T 하이브리드,FWD,미드나잇 블랙,25,27,105775,40785,48,58,88.5
2024-04,south,VST,2024,VST-TR,1.6T 하이브리드,FWD,스틸 그레이,21,23,89074,34345,41,58,88.5
2024-04,south,VST,2024,VST-TR,1.6T 하이브리드,FWD,실버,17,19,72372,27906,33,58,88.5
2024-04,south,VST,2024,VST-TR,1.6T 하이브리드,FWD,오션 블루,13,14,55671,21466,25,58,88.5
2024-04,south,VST,2024,VST-TR,1.6T 하이브리드,FWD,선셋 레드,11,11,44537,17173,20,58,88.5
2024-04,south,VST,2024,VST-TR,1.6T 하이브리드,FWD,포레스트 그린,7,7,27836,10733,13,58,88.5
2024-04,south,VST,2024,VST-TR,1.6T 하이브리드,FWD,샌드 베이지,7,7,27836,10733,13,58,88.5
2024-04,northeast,VST,2024,VST-CO,2.5 가솔린,AWD,스노우 화이트,95,101,317594,75796,179,58,88.5
2024-04,northeast,VST,2024,VST-CO,2.5 가솔린,AWD,미드나잇 블랙,75,80,251428,60005,142,58,88.5
2024-04,northeast,VST,2024,VST-CO,2.5 가솔린,AWD,스틸 그레이,63,67,211729,50531,120,58,88.5
2024-04,northeast,VST,2024,VST-CO,2.5 가솔린,AWD,실버,51,55,172030,41056,97,58,88.5
2024-04,northeast,VST,2024,VST-CO,2.5 가솔린,AWD,오션 블루,39,42,132331,31582,75,58,88.5
2024-04,northeast,VST,2024,VST-CO,2.5 가솔린,AWD,선셋 레드,32,34,105865,25265,60,58,88.5
2024-04,northeast,VST,2024,VST-CO,2.5 가솔린,AWD,포레스트 그린,20,21,66165,15791,37,58,88.5
2024-04,northeast,VST,2024,VST-CO,2.5 가솔린,AWD,샌드 베이지,20,21,66165,15791,37,58,88.5
2024-04,northeast,VST,2024,VST-CO,2.5 가솔린,FWD,스노우 화이트,67,72,225301,53770,127,58,88.5
2024-04,northeast,VST,2024,VST-CO,2.5 가솔린,FWD,미드나잇 블랙,53,57,178364,42568,101,58,88.5
2024-04,northeast,VST,2024,VST-CO,2.5 가솔린,FWD,스틸 그레이,45,48,150201,35847,85,58,88.5
2024-04,northeast,VST,2024,VST-CO,2.5 가솔린,FWD,실버,36,39,122038,29125,69,58,88.5
2024-04,northeast,VST,2024,VST-CO,2.5 가솔린,FWD,오션 블루,28,30,93876,22404,53,58,88.5
2024-04,northeast,VST,2024,VST-CO,2.5 가솔린,FWD,선셋 레드,22,24,75100,17923,42,58,88.5
2024-04,northeast,VST,2024,VST-CO,2.5 가솔린,FWD,포레스트 그린,14,15,46938,11202,27,58,88.5
2024-04,northeast,VST,2024,VST-CO,2.5 가솔린,FWD,샌드 베이지,14,15,46938,11202,27,58,88.5
2024-04,northeast,VST,2024,VST-CO,1.6T 하이브리드,AWD,스노우 화이트,45,48,152219,36328,86,58,88.5
2024-04,northeast,VST,2024,VST-CO,1.6T 하이브리드,AWD,미드나잇 블랙,36,38,120507,28760,68,58,88.5
2024-04,northeast,VST,2024,VST-CO,1.6T 하이브리드,AWD,스틸 그레이,30,32,101480,24219,57,58,88.5
2024-04,northeast,VST,2024,VST-CO,1.6T 하이브리드,AWD,실버,25,26,82452,19678,47,58,88.5
2024-04,northeast,VST,2024,VST-CO,1.6T 하이브리드,AWD,오션 블루,19,20,63425,15137,36,58,88.5
2024-04,northeast,VST,2024,VST-CO,1.6T 하이브리드,AWD,선셋 레드,15,16,50740,12109,29,58,88.5
2024-04,northeast,VST,2024,VST-CO,1.6T 하이브리드,AWD,포레스트 그린,9,10,31712,7568,18,58,88.5
2024-04,northeast,VST,2024,VST-CO,1.6T 하이브리드,AWD,샌드 베이지,9,10,31712,7568,18,58,88.5
2024-04,northeast,VST,2024,VST-CO,1.6T 하이브리드,FWD,스노우 화이트,32,34,107985,25771,61,58,88.5
2024-04,northeast,VST,2024,VST-CO,1.6T 하이브리드,FWD,미드나잇 블랙,25,27,85488,20402,48,58,88.5
2024-04,northeast,VST,2024,VST-CO,1.6T 하이브리드,FWD,스틸 그레이,21,23,71990,17181,41,58,88.5
2024-04,northeast,VST,2024,VST-CO,1.6T 하이브리드,FWD,실버,17,19,58492,13959,33,58,88.5
2024-04,northeast,VST,2024,VST-CO,1.6T 하이브리드,FWD,오션 블루,13,14,44994,10738,25,58,88.5
2024-04,northeast,VST,2024,VST-CO,1.6T 하이브리드,FWD,선셋 레드,11,11,35995,8590,20,58,88.5
2024-04,northeast,VST,2024,VST-CO,1.6T 하이브리드,FWD,포레스트 그린,7,7,22497,5369,13,58,88.5
2024-04,northeast,VST,2024,VST-CO,1.6T 하이브리드,FWD,샌드 베이지,7,7,22497,5369,13,58,88.5
2024-04,northeast,VST,2024,VST-PR,2.5 가솔린,AWD,스노우 화이트,109,117,399717,119741,208,58,88.5
2024-04,northeast,VST,2024,VST-PR,2.5 가솔린,AWD,미드나잇 블랙,87,93,316443,94795,164,58,88.5
2024-04,northeast,VST,2024,VST-PR,2.5 가솔린,AWD,스틸 그레이,73,78,266478,79827,139,58,88.5
2024-04,northeast,VST,2024,VST-PR,2.5 가솔린,AWD,실버,59,63,216514,64860,113,58,88.5
2024-04,northeast,VST,2024,VST-PR,2.5 가솔린,AWD,오션 블루,46,49,166549,49892,87,58,88.5
2024-04,northeast,VST,2024,VST-PR,2.5 가솔린,AWD,선셋 레드,36,39,133239,39914,69,58,88.5
2024-04,northeast,VST,2024,VST-PR,2.5 가솔린,AWD,포레스트 그린,23,24,83274,24946,43,58,88.5
2024-04,northeast,VST,2024,VST-PR,2.5 가솔린,AWD,샌드 베이지,23,24,83274,24946,43,58,88.5
2024-04,northeast,VST,2024,VST-PR,2.5 가솔린,FWD,스노우 화이트,78,83,283560,84945,147,58,88.5
2024-04,northeast,VST,2024,VST-PR,2.5 가솔린,FWD,미드나잇 블랙,61,66,224485,67248,117,58,88.5
2024-04,northeast,VST,2024,VST-PR,2.5 가솔린,FWD,스틸 그레이,52,55,189040,56630,98,58,88.5
2024-04,northeast,VST,2024,VST-PR,2.5 가솔린,FWD,실버,42,45,153595,46012,80,58,88.5
2024-04,northeast,VST,2024,VST-PR,2.5 가솔린,FWD,오션 블루,32,35,118150,35394,61,58,88.5
2024-04,northeast,VST,2024,VST-PR,2.5 가솔린,FWD,선셋 레드,26,28,94520,28315,49,58,88.5
2024-04,northeast,VST,2024,VST-PR,2.5 가솔린,FWD,포레스트 그린,16,17,59075,17697,31,58,88.5
2024-04,northeast,VST,2024,VST-PR,2.5 가솔린,FWD,샌드 베이지,16,17,59075,17697,31,58,88.5
2024-04,northeast,VST,2024,VST-PR,1.6T 하이브리드,AWD,스노우 화이트,52,56,191581,57391,100,58,88.5
2024-04,northeast,VST,2024,VST-PR,1.6T 하이브리드,AWD,미드나잇 블랙,42,44,151668,45434,79,58,88.5
2024-04,northeast,VST,2024,VST-PR,1.6T 하이브리드,AWD,스틸 그레이,35,37,127720,38260,66,58,88.5
2024-04,northeast,VST,2024,VST-PR,1.6T 하이브리드,AWD,실버,28,30,103773,31087,54,58,88.5
2024-04,northeast,VST,2024,VST-PR,1.6T 하이브리드,AWD,오션 블루,22,23,79825,23913,41,58,88.5
2024-04,northeast,VST,2024,VST-PR,1.6T 하이브리드,AWD,선셋 레드,17,19,63860,19130,33,58,88.5
2024-04,northeast,VST,2024,VST-PR,1.6T 하이브리드,AWD,포레스트 그린,11,12,39913,11956,21,58,88.5
2024-04,northeast,VST,2024,VST-PR,1.6T 하이브리드,AWD,샌드 베이지,11,12,39913,11956,21,58,88.5
2024-04,northeast,VST,2024,VST-PR,1.6T 하이브리드,FWD,스노우 화이트,37,40,135908,40713,71,58,88.5
2024-04,northeast,VST,2024,VST-PR,1.6T 하이브리드,FWD,미드나잇 블랙,29,31,107593,32231,56,58,88.5
2024-04,northeast,VST,2024,VST-PR,1.6T 하이브리드,FWD,스틸 그레이,25,27,90605,27142,47,58,88.5
2024-04,northeast,VST,2024,VST-PR,1.6T 하이브리드,FWD,실버,20,22,73617,22053,38,58,88.5
2024-04,northeast,VST,2024,VST-PR,1.6T 하이브리드,FWD,오션 블루,16,17,56628,16964,29,58,88.5
2024-04,northeast,VST,2024,VST-PR,1.6T 하이브리드,FWD,선셋 레드,12,13,45303,13571,24,58,88.5
2024-04,northeast,VST,2024,VST-PR,1.6T 하이브리드,FWD,포레스트 그린,8,8,28314,8482,15,58,88.5
2024-04,northeast,VST,2024,VST-PR,1.6T 하이브리드,FWD,샌드 베이지,8,8,28314,8482,15,58,88.5
2024-04,northeast,VST,2024,VST-TR,2.5 가솔린,AWD,스노우 화이트,45,48,186414,71878,85,58,88.5
2024-04,northeast,VST,2024,VST-TR,2.5 가솔린,AWD,미드나잇 블랙,35,38,147577,56903,67,58,88.5
2024-04,northeast,VST,2024,VST-TR,2.5 가솔린,AWD,스틸 그레이,30,32,124276,47919,57,58,88.5
2024-04,northeast,VST,2024,VST-TR,2.5 가솔린,AWD,실버,24,26,100974,38934,46,58,88.5
2024-04,northeast,VST,2024,VST-TR,2.5 가솔린,AWD,오션 블루,19,20,77672,29949,35,58,88.5
2024-04,northeast,VST,2024,VST-TR,2.5 가솔린,AWD,선셋 레드,15,16,62138,23959,28,58,88.5
2024-04,northeast,VST,2024,VST-TR,2.5 가솔린,AWD,포레스트 그린,9,10,38836,14975,18,58,88.5
2024-04,northeast,VST,2024,VST-TR,2.5 가솔린,AWD,샌드 베이지,9,10,38836,14975,18,58,88.5
2024-04,northeast,VST,2024,VST-TR,2.5 가솔린,FWD,스노우 화이트,32,34,132242,50990,60,58,88.5
2024-04,northeast,VST,2024,VST-TR,2.5 가솔린,FWD,미드나잇 블랙,25,27,104692,40367,48,58,88.5
2024-04,northeast,VST,2024,VST-TR,2.5 가솔린,FWD,스틸 그레이,21,23,88161,33994,40,58,88.5
2024-04,northeast,VST,2024,VST-TR,2.5 가솔린,FWD,실버,17,18,71631,27620,33,58,88.5
2024-04,northeast,VST,2024,VST-TR,2.5 가솔린,FWD,오션 블루,13,14,55101,21246,25,58,88.5
2024-04,northeast,VST,2024,VST-TR,2.5 가솔린,FWD,선셋 레드,11,11,44081,16997,20,58,88.5
2024-04,northeast,VST,2024,VST-TR,2.5 가솔린,FWD,포레스트 그린,7,7,27550,10623,13,58,88.5
2024-04,northeast,VST,2024,VST-TR,2.5 가솔린,FWD,샌드 베이지,7,7,27550,10623,13,58,88.5
2024-04,northeast,VST,2024,VST-TR,1.6T 하이브리드,AWD,스노우 화이트,21,23,89346,34450,41,58,88.5
2024-04,northeast,VST,2024,VST-TR,1.6T 하이브리드,AWD,미드나잇 블랙,17,18,70732,27273,32,58,88.5
2024-04,northeast,VST,2024,VST-TR,1.6T 하이브리드,AWD,스틸 그레이,14,15,59564,22967,27,58,88.5
2024-04,northeast,VST,2024,VST-TR,1.6T 하이브리드,AWD,실버,12,12,48396,18661,22,58,88.5
2024-04,northeast,VST,2024,VST-TR,1.6T 하이브리드,AWD,오션 블루,9,10,37228,14354,17,58,88.5
2024-04,northeast,VST,2024,VST-TR,1.6T 하이브리드,AWD,선셋 레드,7,8,29782,11483,14,58,88.5
2024-04,northeast,VST,2024,VST-TR,1.6T 하이브리드,AWD,포레스트 그린,4,5,18614,7177,8,58,88.5
2024-04,northeast,VST,2024,VST-TR,1.6T 하이브리드,AWD,샌드 베이지,4,5,18614,7177,8,58,88.5
2024-04,northeast,VST,2024,VST-TR,1.6T 하이브리드,FWD,스노우 화이트,15,16,63382,24439,29,58,88.5
2024-04,northeast,VST,2024,VST-TR,1.6T 하이브리드,FWD,미드나잇 블랙,12,13,50178,19348,23,58,88.5
2024-04,northeast,VST,2024,VST-TR,1.6T 하이브리드,FWD,스틸 그레이,10,11,42255,16293,19,58,88.5
2024-04,northeast,VST,2024,VST-TR,1.6T 하이브리드,FWD,실버,8,9,34332,13238,16,58,88.5
2024-04,northeast,VST,2024,VST-TR,1.6T 하이브리드,FWD,오션 블루,6,7,26409,10183,12,58,88.5
2024-04,northeast,VST,2024,VST-TR,1.6T 하이브리드,FWD,선셋 레드,5,5,21127,8146,10,58,88.5
2024-04,northeast,VST,2024,VST-TR,1.6T 하이브리드,FWD,포레스트 그린,3,3,13205,5091,6,58,88.5
2024-04,northeast,VST,2024,VST-TR,1.6T 하이브리드,FWD,샌드 베이지,3,3,13205,5091,6,58,88.5
2024-04,southeast,VST,2024,VST-CO,2.5 가솔린,AWD,스노우 화이트,65,70,219872,52474,124,58,88.5
2024-04,southeast,VST,2024,VST-CO,2.5 가솔린,AWD,미드나잇 블랙,52,55,174066,41542,98,58,88.5
2024-04,southeast,VST,2024,VST-CO,2.5 가솔린,AWD,스틸 그레이,44,47,146582,34983,83,58,88.5
2024-04,southeast,VST,2024,VST-CO,2.5 가솔린,AWD,실버,35,38,119098,28423,67,58,88.5
2024-04,southeast,VST,2024,VST-CO,2.5 가솔린,AWD,오션 블루,27,29,91614,21864,52,58,88.5
2024-04,southeast,VST,2024,VST-CO,2.5 가솔린,AWD,선셋 레드,22,23,73291,17491,41,58,88.5
2024-04,southeast,VST,2024,VST-CO,2.5 가솔린,AWD,포레스트 그린,14,15,45807,10932,26,58,88.5
2024-04,southeast,VST,2024,VST-CO,2.5 가솔린,AWD,샌드 베이지,14,15,45807,10932,26,58,88.5
2024-04,southeast,VST,2024,VST-CO,2.5 가솔린,FWD,스노우 화이트,106,113,354958,84713,201,58,88.5
2024-04,southeast,VST,2024,VST-CO,2.5 가솔린,FWD,미드나잇 블랙,84,89,281008,67065,159,58,88.5
2024-04,southeast,VST,2024,VST-CO,2.5 가솔린,FWD,스틸 그레이,70,75,236638,56475,134,58,88.5
2024-04,southeast,VST,2024,VST-CO,2.5 가솔린,FWD,실버,57,61,192269,45886,109,58,88.5
2024-04,southeast,VST,2024,VST-CO,2.5 가솔린,FWD,오션 블루,44,47,147899,35297,84,58,88.5
2024-04,southeast,VST,2024,VST-CO,2.5 가솔린,FWD,선셋 레드,35,38,118319,28238,67,58,88.5
2024-04,southeast,VST,2024,VST-CO,2.5 가솔린,FWD,포레스트 그린,22,24,73949,17649,42,58,88.5
2024-04,southeast,VST,2024,VST-CO,2.5 가솔린,FWD,샌드 베이지,22,24,73949,17649,42,58,88.5
2024-04,southeast,VST,2024,VST-CO,1.6T 하이브리드,AWD,스노우 화이트,31,34,105383,25150,60,58,88.5
2024-04,southeast,VST,2024,VST-CO,1.6T 하이브리드,AWD,미드나잇 블랙,25,27,83428,19911,47,58,88.5
2024-04,southeast,VST,2024,VST-CO,1.6T 하이브리드,AWD,스틸 그레이,21,22,70255,16767,40,58,88.5
2024-04,southeast,VST,2024,VST-CO,1.6T 하이브리드,AWD,실버,17,18,57082,13623,32,58,88.5
2024-04,southeast,VST,2024,VST-CO,1.6T 하이브리드,AWD,오션 블루,13,14,43909,10479,25,58,88.5
2024-04,southeast,VST,2024,VST-CO,1.6T 하이브리드,AWD,선셋 레드,10,11,35128,8383,20,58,88.5
2024-04,southeast,VST,2024,VST-CO,1.6T 하이브리드,AWD,포레스트 그린,7,7,21955,5240,12,58,88.5
2024-04,southeast,VST,2024,VST-CO,1.6T 하이브리드,AWD,샌드 베이지,7,7,21955,5240,12,58,88.5
2024-04,southeast,VST,2024,VST-CO,1.6T 하이브리드,FWD,스노우 화이트,51,54,170128,40602,96,58,88.5
2024-04,southeast,VST,2024,VST-CO,1.6T 하이브리드,FWD,미드나잇 블랙,40,43,134684,32143,76,58,88.5
2024-04,southeast,VST,2024,VST-CO,1.6T 하이브리드,FWD,스틸 그레이,34,36,113418,27068,64,58,88.5
2024-04,southeast,VST,2024,VST-CO,1.6T 하이브리드,FWD,실버,27,29,92152,21993,52,58,88.5
2024-04,southeast,VST,2024,VST-CO,1.6T 하이브리드,FWD,오션 블루,21,23,70886,16918,40,58,88.5
2024-04,southeast,VST,2024,VST-CO,1.6T 하이브리드,FWD,선셋 레드,17,18,56709,13534,32,58,88.5
2024-04,southeast,VST,2024,VST-CO,1.6T 하이브리드,FWD,포레스트 그린,11,11,35443,8459,20,58,88.5
2024-04,southeast,VST,2024,VST-CO,1.6T 하이브리드,FWD,샌드 베이지,11,11,35443,8459,20,58,88.5
2024-04,southeast,VST,2024,VST-PR,2.5 가솔린,AWD,스노우 화이트,76,81,276727,82898,144,58,88.5
2024-04,southeast,VST,2024,VST-PR,2.5 가솔린,AWD,미드나잇 블랙,60,64,219076,65627,114,58,88.5
2024-04,southeast,VST,2024,VST-PR,2.5 가솔린,AWD,스틸 그레이,51,54,184485,55265,96,58,88.5
2024-04,southeast,VST,2024,VST-PR,2.5 가솔린,AWD,실버,41,44,149894,44903,78,58,88.5
2024-04,southeast,VST,2024,VST-PR,2.5 가솔린,AWD,오션 블루,32,34,115303,34541,60,58,88.5
2024-04,southeast,VST,2024,VST-PR,2.5 가솔린,AWD,선셋 레드,25,27,92242,27633,48,58,88.5
2024-04,southeast,VST,2024,VST-PR,2.5 가솔린,AWD,포레스트 그린,16,17,57652,17270,30,58,88.5
2024-04,southeast,VST,2024,VST-PR,2.5 가솔린,AWD,샌드 베이지,16,17,57652,17270,30,58,88.5
2024-04,southeast,VST,2024,VST-PR,2.5 가솔린,FWD,스노우 화이트,122,131,446743,133828,232,58,88.5
2024-04,southeast,VST,2024,VST-PR,2.5 가솔린,FWD,미드나잇 블랙,97,103,353671,105947,184,58,88.5
2024-04,southeast,VST,2024,VST-PR,2.5 가솔린,FWD,스틸 그레이,82,87,297829,89219,155,58,88.5
2024-04,southeast,VST,2024,VST-PR,2.5 가솔린,FWD,실버,66,71,241986,72490,126,58,88.5
2024-04,southeast,VST,2024,VST-PR,2.5 가솔린,FWD,오션 블루,51,54,186143,55762,97,58,88.5
2024-04,southeast,VST,2024,VST-PR,2.5 가솔린,FWD,선셋 레드,41,44,148914,44609,77,58,88.5
2024-04,southeast,VST,2024,VST-PR,2.5 가솔린,FWD,포레스트 그린,25,27,93071,27881,48,58,88.5
2024-04,southeast,VST,2024,VST-PR,2.5 가솔린,FWD,샌드 베이지,25,27,93071,27881,48,58,88.5
2024-04,southeast,VST,2024,VST-PR,1.6T 하이브리드,AWD,스노우 화이트,36,39,132633,39732,69,58,88.5
2024-04,southeast,VST,2024,VST-PR,1.6T 하이브리드,AWD,미드나잇 블랙,29,31,105001,31455,55,58,88.5
2024-04,southeast,VST,2024,VST-PR,1.6T 하이브리드,AWD,스틸 그레이,24,26,88422,26488,46,58,88.5
2024-04,southeast,VST,2024,VST-PR,1.6T 하이브리드,AWD,실버,20,21,71843,21522,37,58,88.5
2024-04,southeast,VST,2024,VST-PR,1.6T 하이브리드,AWD,오션 블루,15,16,55264,16555,29,58,88.5
2024-04,southeast,VST,2024,VST-PR,1.6T 하이브리드,AWD,선셋 레드,12,13,44211,13244,23,58,88.5
2024-04,southeast,VST,2024,VST-PR,1.6T 하이브리드,AWD,포레스트 그린,8,8,27632,8278,14,58,88.5
2024-04,southeast,VST,2024,VST-PR,1.6T 하이브리드,AWD,샌드 베이지,8,8,27632,8278,14,58,88.5
2024-04,southeast,VST,2024,VST-PR,1.6T 하이브리드,FWD,스노우 화이트,59,63,214119,64143,111,58,88.5
2024-04,southeast,VST,2024,VST-PR,1.6T 하이브리드,FWD,미드나잇 블랙,46,50,169511,50780,88,58,88.5
2024-04,southeast,VST,2024,VST-PR,1.6T 하이브리드,FWD,스틸 그레이,39,42,142746,42762,74,58,88.5
2024-04,southeast,VST,2024,VST-PR,1.6T 하이브리드,FWD,실버,32,34,115981,34744,60,58,88.5
2024-04,southeast,VST,2024,VST-PR,1.6T 하이브리드,FWD,오션 블루,24,26,89216,26726,46,58,88.5
2024-04,southeast,VST,2024,VST-PR,1.6T 하이브리드,FWD,선셋 레드,20,21,71373,21381,37,58,88.5
2024-04,southeast,VST,2024,VST-PR,1.6T 하이브리드,FWD,포레스트 그린,12,13,44608,13363,23,58,88.5
2024-04,southeast,VST,2024,VST-PR,1.6T 하이브리드,FWD,샌드 베이지,12,13,44608,13363,23,58,88.5
2024-04,southeast,VST,2024,VST-TR,2.5 가솔린,AWD,스노우 화이트,31,33,129056,49762,59,58,88.5
2024-04,southeast,VST,2024,VST-TR,2.5 가솔린,AWD,미드나잇 블랙,25,26,102169,39395,47,58,88.5
2024-04,southeast,VST,2024,VST-TR,2.5 가솔린,AWD,스틸 그레이,21,22,86037,33174,39,58,88.5
2024-04,southeast,VST,2024,VST-TR,2.5 가솔린,AWD,실버,17,18,69905,26954,32,58,88.5
2024-04,southeast,VST,2024,VST-TR,2.5 가솔린,AWD,오션 블루,13,14,53773,20734,25,58,88.5
2024-04,southeast,VST,2024,VST-TR,2.5 가솔린,AWD,선셋 레드,10,11,43019,16587,20,58,88.5
2024-04,southeast,VST,2024,VST-TR,2.5 가솔린,AWD,포레스트 그린,6,7,26887,10367,12,58,88.5
2024-04,southeast,VST,2024,VST-TR,2.5 가솔린,AWD,샌드 베이지,6,7,26887,10367,12,58,88.5
2024-04,southeast,VST,2024,VST-TR,2.5 가솔린,FWD,스노우 화이트,50,53,208345,80334,95,58,88.5
2024-04,southeast,VST,2024,VST-TR,2.5 가솔린,FWD,미드나잇 블랙,40,42,164940,63598,75,58,88.5
2024-04,southeast,VST,2024,VST-TR,2.5 가솔린,FWD,스틸 그레이,33,36,138896,53556,63,58,88.5
2024-04,southeast,VST,2024,VST-TR,2.5 가솔린,FWD,실버,27,29,112853,43514,51,58,88.5
2024-04,southeast,VST,2024,VST-TR,2.5 가솔린,FWD,오션 블루,21,22,86810,33473,40,58,88.5
2024-04,southeast,VST,2024,VST-TR,2.5 가솔린,FWD,선셋 레드,17,18,69448,26778,32,58,88.5
2024-04,southeast,VST,2024,VST-TR,2.5 가솔린,FWD,포레스트 그린,10,11,43405,16736,20,58,88.5
2024-04,southeast,VST,2024,VST-TR,2.5 가솔린,FWD,샌드 베이지,10,11,43405,16736,20,58,88.5
2024-04,southeast,VST,2024,VST-TR,1.6T 하이브리드,AWD,스노우 화이트,15,16,61855,23850,28,58,88.5
2024-04,southeast,VST,2024,VST-TR,1.6T 하이브리드,AWD,미드나잇 블랙,12,13,48969,18881,22,58,88.5
2024-04,southeast,VST,2024,VST-TR,1.6T 하이브리드,AWD,스틸 그레이,10,11,41237,15900,19,58,88.5
2024-04,southeast,VST,2024,VST-TR,1.6T 하이브리드,AWD,실버,8,9,33505,12919,15,58,88.5
2024-04,southeast,VST,2024,VST-TR,1.6T 하이브리드,AWD,오션 블루,6,7,25773,9938,12,58,88.5
2024-04,southeast,VST,2024,VST-TR,1.6T 하이브리드,AWD,선셋 레드,5,5,20618,7950,9,58,88.5
2024-04,southeast,VST,2024,VST-TR,1.6T 하이브리드,AWD,포레스트 그린,3,3,12886,4969,6,58,88.5
2024-04,southeast,VST,2024,VST-TR,1.6T 하이브리드,AWD,샌드 베이지,3,3,12886,4969,6,58,88.5
2024-04,southeast,VST,2024,VST-TR,1.6T 하이브리드,FWD,스노우 화이트,24,26,99857,38503,46,58,88.5
2024-04,southeast,VST,2024,VST-TR,1.6T 하이브리드,FWD,미드나잇 블랙,19,20,79054,30482,36,58,88.5
2024-04,southeast,VST,2024,VST-TR,1.6T 하이브리드,FWD,스틸 그레이,16,17,66572,25669,30,58,88.5
2024-04,southeast,VST,2024,VST-TR,1.6T 하이브리드,FWD,실버,13,14,54089,20856,25,58,88.5
2024-04,southeast,VST,2024,VST-TR,1.6T 하이브리드,FWD,오션 블루,10,11,41607,16043,19,58,88.5
2024-04,southeast,VST,2024,VST-TR,1.6T 하이브리드,FWD,선셋 레드,8,9,33286,12834,15,58,88.5
2024-04,southeast,VST,2024,VST-TR,1.6T 하이브리드,FWD,포레스트 그린,5,5,20804,8022,9,58,88.5
2024-04,southeast,VST,2024,VST-TR,1.6T 하이브리드,FWD,샌드 베이지,5,5,20804,8022,9,58,88.5
2024-04,west,AUR,2024,AUR-AI,스탠다드 레인지,AWD,스노우 화이트,32,35,99591,7395,62,59,88.5
2024-04,west,AUR,2024,AUR-AI,스탠다드 레인지,AWD,미드나잇 블랙,25,28,78843,5855,49,59,88.5
2024-04,west,AUR,2024,AUR-AI,스탠다드 레인지,AWD,스틸 그레이,21,23,66394,4930,42,59,88.5
2024-04,west,AUR,2024,AUR-AI,스탠다드 레인지,AWD,실버,17,19,53945,4006,34,59,88.5
2024-04,west,AUR,2024,AUR-AI,스탠다드 레인지,AWD,오션 블루,13,14,41496,3081,26,59,88.5
2024-04,west,AUR,2024,AUR-AI,스탠다드 레인지,AWD,선셋 레드,11,12,33197,2465,21,59,88.5
2024-04,west,AUR,2024,AUR-AI,스탠다드 레인지,AWD,포레스트 그린,7,7,20748,1541,13,59,88.5
2024-04,west,AUR,2024,AUR-AI,스탠다드 레인지,AWD,샌드 베이지,7,7,20748,1541,13,59,88.5
2024-04,west,AUR,2024,AUR-AI,스탠다드 레인지,FWD,스노우 화이트,26,28,81483,6051,51,59,88.5
2024-04,west,AUR,2024,AUR-AI,스탠다드 레인지,FWD,미드나잇 블랙,21,23,64508,4790,40,59,88.5
2024-04,west,AUR,2024,AUR-AI,스탠다드 레인지,FWD,스틸 그레이,18,19,54322,4034,34,59,88.5
2024-04,west,AUR,2024,AUR-AI,스탠다드 레인지,FWD,실버,14,15,44137,3277,28,59,88.5
2024-04,west,AUR,2024,AUR-AI,스탠다드 레인지,FWD,오션 블루,11,12,33951,2521,21,59,88.5
2024-04,west,AUR,2024,AUR-AI,스탠다드 레인지,FWD,선셋 레드,9,9,27161,2017,17,59,88.5
2024-04,west,AUR,2024,AUR-AI,스탠다드 레인지,FWD,포레스트 그린,5,6,16976,1261,11,59,88.5
2024-04,west,AUR,2024,AUR-AI,스탠다드 레인지,FWD,샌드 베이지,5,6,16976,1261,11,59,88.5
2024-04,west,AUR,2024,AUR-AI,롱레인지,AWD,스노우 화이트,47,50,144504,10731,91,59,88.5
2024-04,west,AUR,2024,AUR-AI,롱레인지,AWD,미드나잇 블랙,37,40,114399,8495,72,59,88.5
2024-04,west,AUR,2024,AUR-AI,롱레인지,AWD,스틸 그레이,31,34,96336,7154,60,59,88.5
2024-04,west,AUR,2024,AUR-AI,롱레인지,AWD,실버,25,27,78273,5812,49,59,88.5
2024-04,west,AUR,2024,AUR-AI,롱레인지,AWD,오션 블루,19,21,60210,4471,38,59,88.5
2024-04,west,AUR,2024,AUR-AI,롱레인지,AWD,선셋 레드,16,17,48168,3577,30,59,88.5
2024-04,west,AUR,2024,AUR-AI,롱레인지,AWD,포레스트 그린,10,11,30105,2236,19,59,88.5
2024-04,west,AUR,2024,AUR-AI,롱레인지,AWD,샌드 베이지,10,11,30105,2236,19,59,88.5
2024-04,west,AUR,2024,AUR-AI,롱레인지,FWD,스노우 화이트,38,41,118231,8780,74,59,88.5
2024-04,west,AUR,2024,AUR-AI,롱레인지,FWD,미드나잇 블랙,30,33,93599,6950,59,59,88.5
2024-04,west,AUR,2024,AUR-AI,롱레인지,FWD,스틸 그레이,25,27,78820,5853,49,59,88.5
2024-04,west,AUR,2024,AUR-AI,롱레인지,FWD,실버,21,22,64042,4756,40,59,88.5
2024-04,west,AUR,2024,AUR-AI,롱레인지,FWD,오션 블루,16,17,49263,3658,31,59,88.5
2024-04,west,AUR,2024,AUR-AI,롱레인지,FWD,선셋 레드,13,14,39410,2927,25,59,88.5
2024-04,west,AUR,2024,AUR-AI,롱레인지,FWD,포레스트 그린,8,9,24631,1829,15,59,88.5
2024-04,west,AUR,2024,AUR-AI,롱레인지,FWD,샌드 베이지,8,9,24631,1829,15,59,88.5
2024-04,west,AUR,2024,AUR-RA,스탠다드 레인지,AWD,스노우 화이트,37,40,125343,18591,72,59,88.5
2024-04,west,AUR,2024,AUR-RA,스탠다드 레인지,AWD,미드나잇 블랙,29,32,99230,14717,57,59,88.5
2024-04,west,AUR,2024,AUR-RA,스탠다드 레인지,AWD,스틸 그레이,25,27,83562,12394,48,59,88.5
2024-04,west,AUR,2024,AUR-RA,스탠다드 레인지,AWD,실버,20,22,67894,10070,39,59,88.5
2024-04,west,AUR,2024,AUR-RA,스탠다드 레인지,AWD,오션 블루,16,17,52226,7746,30,59,88.5
2024-04,west,AUR,2024,AUR-RA,스탠다드 레인지,AWD,선셋 레드,12,13,41781,6197,24,59,88.5
2024-04,west,AUR,2024,AUR-RA,스탠다드 레인지,AWD,포레스트 그린,8,8,26113,3873,15,59,88.5
2024-04,west,AUR,2024,AUR-RA,스탠다드 레인지,AWD,샌드 베이지,8,8,26113,3873,15,59,88.5
2024-04,west,AUR,2024,AUR-RA,스탠다드 레인지,FWD,스노우 화이트,30,33,102553,15210,59,59,88.5
2024-04,west,AUR,2024,AUR-RA,스탠다드 레인지,FWD,미드나잇 블랙,24,26,81188,12042,47,59,88.5
2024-04,west,AUR,2024,AUR-RA,스탠다드 레인지,FWD,스틸 그레이,20,22,68369,10140,39,59,88.5
2024-04,west,AUR,2024,AUR-RA,스탠다드 레인지,FWD,실버,16,18,55550,8239,32,59,88.5
2024-04,west,AUR,2024,AUR-RA,스탠다드 레인지,FWD,오션 블루,13,14,42731,6338,25,59,88.5
2024-04,west,AUR,2024,AUR-RA,스탠다드 레인지,FWD,선셋 레드,10,11,34184,5070,20,59,88.5
2024-04,west,AUR,2024,AUR-RA,스탠다드 레인지,FWD,포레스트 그린,6,7,21365,3169,12,59,88.5
2024-04,west,AUR,2024,AUR-RA,스탠다드 레인지,FWD,샌드 베이지,6,7,21365,3169,12,59,88.5
2024-04,west,AUR,2024,AUR-RA,롱레인지,AWD,스노우 화이트,54,58,181870,26974,105,59,88.5
2024-04,west,AUR,2024,AUR-RA,롱레인지,AWD,미드나잇 블랙,43,46,143981,21355,83,59,88.5
2024-04,west,AUR,2024,AUR-RA,롱레인지,AWD,스틸 그레이,36,39,121247,17983,70,59,88.5
2024-04,west,AUR,2024,AUR-RA,롱레인지,AWD,실버,29,32,98513,14611,57,59,88.5
2024-04,west,AUR,2024,AUR-RA,롱레인지,AWD,오션 블루,23,24,75779,11239,44,59,88.5
2024-04,west,AUR,2024,AUR-RA,롱레인지,AWD,선셋 레드,18,19,60623,8991,35,59,88.5
2024-04,west,AUR,2024,AUR-RA,롱레인지,AWD,포레스트 그린,11,12,37890,5620,22,59,88.5
2024-04,west,AUR,2024,AUR-RA,롱레인지,AWD,샌드 베이지,11,12,37890,5620,22,59,88.5
2024-04,west,AUR,2024,AUR-RA,롱레인지,FWD,스노우 화이트,44,48,148803,22070,86,59,88.5
2024-04,west,AUR,2024,AUR-RA,롱레인지,FWD,미드나잇 블랙,35,38,117802,17472,68,59,88.5
2024-04,west,AUR,2024,AUR-RA,롱레인지,FWD,스틸 그레이,29,32,99202,14713,57,59,88.5
2024-04,west,AUR,2024,AUR-RA,롱레인지,FWD,실버,24,26,80602,11955,47,59,88.5
2024-04,west,AUR,2024,AUR-RA,롱레인지,FWD,오션 블루,18,20,62001,9196,36,59,88.5
2024-04,west,AUR,2024,AUR-RA,롱레인지,FWD,선셋 레드,15,16,49601,7357,29,59,88.5
2024-04,west,AUR,2024,AUR-RA,롱레인지,FWD,포레스트 그린,9,10,31001,4598,18,59,88.5
2024-04,west,AUR,2024,AUR-RA,롱레인지,FWD,샌드 베이지,9,10,31001,4598,18,59,88.5
2024-04,west,AUR,2024,AUR-MA,스탠다드 레인지,AWD,스노우 화이트,15,16,58455,14784,30,59,88.5
2024-04,west,AUR,2024,AUR-MA,스탠다드 레인지,AWD,미드나잇 블랙,12,13,46277,11704,23,59,88.5
2024-04,west,AUR,2024,AUR-MA,스탠다드 레인지,AWD,스틸 그레이,10,11,38970,9856,20,59,88.5
2024-04,west,AUR,2024,AUR-MA,스탠다드 레인지,AWD,실버,8,9,31663,8008,16,59,88.5
2024-04,west,AUR,2024,AUR-MA,스탠다드 레인지,AWD,오션 블루,6,7,24356,6160,12,59,88.5
2024-04,west,AUR,2024,AUR-MA,스탠다드 레인지,AWD,선셋 레드,5,5,19485,4928,10,59,88.5
2024-04,west,AUR,2024,AUR-MA,스탠다드 레인지,AWD,포레스트 그린,3,3,12178,3080,6,59,88.5
2024-04,west,AUR,2024,AUR-MA,스탠다드 레인지,AWD,샌드 베이지,3,3,12178,3080,6,59,88.5
2024-04,west,AUR,2024,AUR-MA,스탠다드 레인지,FWD,스노우 화이트,12,13,47827,12096,24,59,88.5
2024-04,west,AUR,2024,AUR-MA,스탠다드 레인지,FWD,미드나잇 블랙,10,11,37863,9576,19,59,88.5
2024-04,west,AUR,2024,AUR-MA,스탠다드 레인지,FWD,스틸 그레이,8,9,31885,8064,16,59,88.5
2024-04,west,AUR,2024,AUR-MA,스탠다드 레인지,FWD,실버,7,7,25906,6552,13,59,88.5
2024-04,west,AUR,2024,AUR-MA,스탠다드 레인지,FWD,오션 블루,5,6,19928,5040,10,59,88.5
2024-04,west,AUR,2024,AUR-MA,스탠다드 레인지,FWD,선셋 레드,4,4,15942,4032,8,59,88.5
2024-04,west,AUR,2024,AUR-MA,스탠다드 레인지,FWD,포레스트 그린,3,3,9964,2520,5,50,88.5
2024-04,west,AUR,2024,AUR-MA,스탠다드 레인지,FWD,샌드 베이지,3,3,9964,2520,5,50,88.5
2024-04,west,AUR,2024,AUR-MA,롱레인지,AWD,스노우 화이트,22,24,84818,21451,43,59,88.5
2024-04,west,AUR,2024,AUR-MA,롱레인지,AWD,미드나잇 블랙,17,19,67147,16982,34,59,88.5
2024-04,west,AUR,2024,AUR-MA,롱레인지,AWD,스틸 그레이,15,16,56545,14301,29,59,88.5
2024-04,west,AUR,2024,AUR-MA,롱레인지,AWD,실버,12,13,45943,11619,23,59,88.5
2024-04,west,AUR,2024,AUR-MA,롱레인지,AWD,오션 블루,9,10,35341,8938,18,59,88.5
2024-04,west,AUR,2024,AUR-MA,롱레인지,AWD,선셋 레드,7,8,28273,7150,14,59,88.5
2024-04,west,AUR,2024,AUR-MA,롱레인지,AWD,포레스트 그린,5,5,17670,4469,9,59,88.5
2024-04,west,AUR,2024,AUR-MA,롱레인지,AWD,샌드 베이지,5,5,17670,4469,9,59,88.5
2024-04,west,AUR,2024,AUR-MA,롱레인지,FWD,스노우 화이트,18,20,69396,17551,35,59,88.5
2024-04,west,AUR,2024,AUR-MA,롱레인지,FWD,미드나잇 블랙,14,15,54939,13895,28,59,88.5
2024-04,west,AUR,2024,AUR-MA,롱레인지,FWD,스틸 그레이,12,13,46264,11701,23,59,88.5
2024-04,west,AUR,2024,AUR-MA,롱레인지,FWD,실버,10,11,37590,9507,19,59,88.5
2024-04,west,AUR,2024,AUR-MA,롱레인지,FWD,오션 블루,8,8,28915,7313,15,59,88.5
2024-04,west,AUR,2024,AUR-MA,롱레인지,FWD,선셋 레드,6,7,23132,5850,12,59,88.5
2024-04,west,AUR,2024,AUR-MA,롱레인지,FWD,포레스트 그린,4,4,14458,3656,7,59,88.5
2024-04,west,AUR,2024,AUR-MA,롱레인지,FWD,샌드 베이지,4,4,14458,3656,7,59,88.5
2024-04,central,AUR,2024,AUR-AI,스탠다드 레인지,AWD,스노우 화이트,13,15,41603,3089,26,59,88.5
2024-04,central,AUR,2024,AUR-AI,스탠다드 레인지,AWD,미드나잇 블랙,11,11,32935,2446,21,59,88.5
2024-04,central,AUR,2024,AUR-AI,스탠다드 레인지,AWD,스틸 그레이,9,10,27735,2060,17,59,88.5
2024-04,central,AUR,2024,AUR-AI,스탠다드 레인지,AWD,실버,7,8,22535,1673,14,59,88.5
2024-04,central,AUR,2024,AUR-AI,스탠다드 레인지,AWD,오션 블루,6,6,17334,1287,11,59,88.5
2024-04,central,AUR,2024,AUR-AI,스탠다드 레인지,AWD,선셋 레드,4,5,13868,1030,9,59,88.5
2024-04,central,AUR,2024,AUR-AI,스탠다드 레인지,AWD,포레스트 그린,3,3,8667,644,5,54,88.5
2024-04,central,AUR,2024,AUR-AI,스탠다드 레인지,AWD,샌드 베이지,3,3,8667,644,5,54,88.5
2024-04,central,AUR,2024,AUR-AI,스탠다드 레인지,FWD,스노우 화이트,8,8,24172,1795,15,59,88.5
2024-04,central,AUR,2024,AUR-AI,스탠다드 레인지,FWD,미드나잇 블랙,6,7,19136,1421,12,59,88.5
2024-04,central,AUR,2024,AUR-AI,스탠다드 레인지,FWD,스틸 그레이,5,6,16115,1197,10,59,88.5
2024-04,central,AUR,2024,AUR-AI,스탠다드 레인지,FWD,실버,4,5,13093,972,8,59,88.5
2024-04,central,AUR,2024,AUR-AI,스탠다드 레인지,FWD,오션 블루,3,4,10072,748,6,59,88.5
2024-04,central,AUR,2024,AUR-AI,스탠다드 레인지,FWD,선셋 레드,3,3,8057,598,5,51,88.5
2024-04,central,AUR,2024,AUR-AI,스탠다드 레인지,FWD,포레스트 그린,2,2,5036,374,3,32,88.5
2024-04,central,AUR,2024,AUR-AI,스탠다드 레인지,FWD,샌드 베이지,2,2,5036,374,3,32,88.5
2024-04,central,AUR,2024,AUR-AI,롱레인지,AWD,스노우 화이트,19,21,60364,4483,38,59,88.5
2024-04,central,AUR,2024,AUR-AI,롱레인지,AWD,미드나잇 블랙,15,17,47789,3549,30,59,88.5
2024-04,central,AUR,2024,AUR-AI,롱레인지,AWD,스틸 그레이,13,14,40243,2988,25,59,88.5
2024-04,central,AUR,2024,AUR-AI,롱레인지,AWD,실버,11,11,32697,2428,21,59,88.5
2024-04,central,AUR,2024,AUR-AI,롱레인지,AWD,오션 블루,8,9,25152,1868,16,59,88.5
2024-04,central,AUR,2024,AUR-AI,롱레인지,AWD,선셋 레드,6,7,20121,1494,13,59,88.5
2024-04,central,AUR,2024,AUR-AI,롱레인지,AWD,포레스트 그린,4,4,12576,934,8,59,88.5
2024-04,central,AUR,2024,AUR-AI,롱레인지,AWD,샌드 베이지,4,4,12576,934,8,59,88.5
2024-04,central,AUR,2024,AUR-AI,롱레인지,FWD,스노우 화이트,11,12,35073,2604,22,59,88.5
2024-04,central,AUR,2024,AUR-AI,롱레인지,FWD,미드나잇 블랙,9,10,27766,2062,17,59,88.5
2024-04,central,AUR,2024,AUR-AI,롱레인지,FWD,스틸 그레이,8,8,23382,1736,15,59,88.5
2024-04,central,AUR,2024,AUR-AI,롱레인지,FWD,실버,6,7,18998,1411,12,59,88.5
2024-04,central,AUR,2024,AUR-AI,롱레인지,FWD,오션 블루,5,5,14614,1085,9,59,88.5
2024-04,central,AUR,2024,AUR-AI,롱레인지,FWD,선셋 레드,4,4,11691,868,7,59,88.5
2024-04,central,AUR,2024,AUR-AI,롱레인지,FWD,포레스트 그린,2,3,7307,543,5,46,88.5
2024-04,central,AUR,2024,AUR-AI,롱레인지,FWD,샌드 베이지,2,3,7307,543,5,46,88.5
2024-04,central,AUR,2024,AUR-RA,스탠다드 레인지,AWD,스노우 화이트,16,17,52360,7766,30,59,88.5
2024-04,central,AUR,2024,AUR-RA,스탠다드 레인지,AWD,미드나잇 블랙,12,13,41452,6148,24,59,88.5
2024-04,central,AUR,2024,AUR-RA,스탠다드 레인지,AWD,스틸 그레이,10,11,34907,5177,20,59,88.5
2024-04,central,AUR,2024,AUR-RA,스탠다드 레인지,AWD,실버,8,9,28362,4207,16,59,88.5
2024-04,central,AUR,2024,AUR-RA,스탠다드 레인지,AWD,오션 블루,6,7,21817,3236,13,59,88.5
2024-04,central,AUR,2024,AUR-RA,스탠다드 레인지,AWD,선셋 레드,5,6,17453,2589,10,59,88.5
2024-04,central,AUR,2024,AUR-RA,스탠다드 레인지,AWD,포레스트 그린,3,4,10908,1618,6,59,88.5
2024-04,central,AUR,2024,AUR-RA,스탠다드 레인지,AWD,샌드 베이지,3,4,10908,1618,6,59,88.5
2024-04,central,AUR,2024,AUR-RA,스탠다드 레인지,FWD,스노우 화이트,9,10,30423,4512,18,59,88.5
2024-04,central,AUR,2024,AUR-RA,스탠다드 레인지,FWD,미드나잇 블랙,7,8,24085,3572,14,59,88.5
2024-04,central,AUR,2024,AUR-RA,스탠다드 레인지,FWD,스틸 그레이,6,7,20282,3008,12,59,88.5
2024-04,central,AUR,2024,AUR-RA,스탠다드 레인지,FWD,실버,5,5,16479,2444,10,59,88.5
2024-04,central,AUR,2024,AUR-RA,스탠다드 레인지,FWD,오션 블루,4,4,12676,1880,7,59,88.5
2024-04,central,AUR,2024,AUR-RA,스탠다드 레인지,FWD,선셋 레드,3,3,10141,1504,6,59,88.5
2024-04,central,AUR,2024,AUR-RA,스탠다드 레인지,FWD,포레스트 그린,2,2,6338,940,4,37,88.5
2024-04,central,AUR,2024,AUR-RA,스탠다드 레인지,FWD,샌드 베이지,2,2,6338,940,4,37,88.5
2024-04,central,AUR,2024,AUR-RA,롱레인지,AWD,스노우 화이트,23,24,75974,11268,44,59,88.5
2024-04,central,AUR,2024,AUR-RA,롱레인지,AWD,미드나잇 블랙,18,19,60146,8921,35,59,88.5
2024-04,central,AUR,2024,AUR-RA,롱레인지,AWD,스틸 그레이,15,16,50649,7512,29,59,88.5
2024-04,central,AUR,2024,AUR-RA,롱레인지,AWD,실버,12,13,41152,6104,24,59,88.5
2024-04,central,AUR,2024,AUR-RA,롱레인지,AWD,오션 블루,9,10,31656,4695,18,59,88.5
2024-04,central,AUR,2024,AUR-RA,롱레인지,AWD,선셋 레드,8,8,25325,3756,15,59,88.5
2024-04,central,AUR,2024,AUR-RA,롱레인지,AWD,포레스트 그린,5,5,15828,2348,9,59,88.5
2024-04,central,AUR,2024,AUR-RA,롱레인지,AWD,샌드 베이지,5,5,15828,2348,9,59,88.5
2024-04,central,AUR,2024,AUR-RA,롱레인지,FWD,스노우 화이트,13,14,44143,6547,25,59,88.5
2024-04,central,AUR,2024,AUR-RA,롱레인지,FWD,미드나잇 블랙,10,11,34946,5183,20,59,88.5
2024-04,central,AUR,2024,AUR-RA,롱레인지,FWD,스틸 그레이,9,9,29429,4365,17,59,88.5
2024-04,central,AUR,2024,AUR-RA,롱레인지,FWD,실버,7,8,23911,3546,14,59,88.5
2024-04,central,AUR,2024,AUR-RA,롱레인지,FWD,오션 블루,5,6,18393,2728,11,59,88.5
2024-04,central,AUR,2024,AUR-RA,롱레인지,FWD,선셋 레드,4,5,14714,2182,8,59,88.5
2024-04,central,AUR,2024,AUR-RA,롱레인지,FWD,포레스트 그린,3,3,9196,1364,5,53,88.5
2024-04,central,AUR,2024,AUR-RA,롱레인지,FWD,샌드 베이지,3,3,9196,1364,5,53,88.5
2024-04,central,AUR,2024,AUR-MA,스탠다드 레인지,AWD,스노우 화이트,6,7,24419,6176,12,59,88.5
2024-04,central,AUR,2024,AUR-MA,스탠다드 레인지,AWD,미드나잇 블랙,5,5,19332,4889,10,59,88.5
2024-04,central,AUR,2024,AUR-MA,스탠다드 레인지,AWD,스틸 그레이,4,5,16279,4117,8,59,88.5
2024-04,central,AUR,2024,AUR-MA,스탠다드 레인지,AWD,실버,3,4,13227,3345,7,59,88.5
2024-04,central,AUR,2024,AUR-MA,스탠다드 레인지,AWD,오션 블루,3,3,10175,2573,5,52,88.5
2024-04,central,AUR,2024,AUR-MA,스탠다드 레인지,AWD,선셋 레드,2,2,8140,2059,4,41,88.5
2024-04,central,AUR,2024,AUR-MA,스탠다드 레인지,AWD,포레스트 그린,1,1,5087,1287,3,26,88.5
2024-04,central,AUR,2024,AUR-MA,스탠다드 레인지,AWD,샌드 베이지,1,1,5087,1287,3,26,88.5
2024-04,central,AUR,2024,AUR-MA,스탠다드 레인지,FWD,스노우 화이트,4,4,14188,3588,7,59,88.5
2024-04,central,AUR,2024,AUR-MA,스탠다드 레인지,FWD,미드나잇 블랙,3,3,11232,2841,6,57,88.5
2024-04,central,AUR,2024,AUR-MA,스탠다드 레인지,FWD,스틸 그레이,2,3,9459,2392,5,48,88.5
2024-04,central,AUR,2024,AUR-MA,스탠다드 레인지,FWD,실버,2,2,7685,1944,4,39,88.5
2024-04,central,AUR,2024,AUR-MA,스탠다드 레인지,FWD,오션 블루,2,2,5912,1495,3,30,88.5
2024-04,central,AUR,2024,AUR-MA,스탠다드 레인지,FWD,선셋 레드,1,1,4729,1196,2,24,88.5
2024-04,central,AUR,2024,AUR-MA,스탠다드 레인지,FWD,포레스트 그린,1,1,2956,748,1,15,88.5
2024-04,central,AUR,2024,AUR-MA,스탠다드 레인지,FWD,샌드 베이지,1,1,2956,748,1,15,88.5
2024-04,central,AUR,2024,AUR-MA,롱레인지,AWD,스노우 화이트,9,10,35431,8961,18,59,88.5
2024-04,central,AUR,2024,AUR-MA,롱레인지,AWD,미드나잇 블랙,7,8,28050,7094,14,59,88.5
2024-04,central,AUR,2024,AUR-MA,롱레인지,AWD,스틸 그레이,6,7,23621,5974,12,59,88.5
2024-04,central,AUR,2024,AUR-MA,롱레인지,AWD,실버,5,5,19192,4854,10,59,88.5
2024-04,central,AUR,2024,AUR-MA,롱레인지,AWD,오션 블루,4,4,14763,3734,7,59,88.5
2024-04,central,AUR,2024,AUR-MA,롱레인지,AWD,선셋 레드,3,3,11810,2987,6,59,88.5
2024-04,central,AUR,2024,AUR-MA,롱레인지,AWD,포레스트 그린,2,2,7382,1867,4,37,88.5
2024-04,central,AUR,2024,AUR-MA,롱레인지,AWD,샌드 베이지,2,2,7382,1867,4,37,88.5
2024-04,central,AUR,2024,AUR-MA,롱레인지,FWD,스노우 화이트,5,6,20587,5207,10,59,88.5
2024-04,central,AUR,2024,AUR-MA,롱레인지,FWD,미드나잇 블랙,4,5,16298,4122,8,59,88.5
2024-04,central,AUR,2024,AUR-MA,롱레인지,FWD,스틸 그레이,4,4,13724,3471,7,59,88.5
2024-04,central,AUR,2024,AUR-MA,롱레인지,FWD,실버,3,3,11151,2820,6,56,88.5
2024-04,central,AUR,2024,AUR-MA,롱레인지,FWD,오션 블루,2,2,8578,2169,4,43,88.5
2024-04,central,AUR,2024,AUR-MA,롱레인지,FWD,선셋 레드,2,2,6862,1736,3,35,88.5
2024-04,central,AUR,2024,AUR-MA,롱레인지,FWD,포레스트 그린,1,1,4289,1085,2,22,88.5
2024-04,central,AUR,2024,AUR-MA,롱레인지,FWD,샌드 베이지,1,1,4289,1085,2,22,88.5
2024-04,south,AUR,2024,AUR-AI,스탠다드 레인지,AWD,스노우 화이트,11,12,33708,2503,21,59,88.5
2024-04,south,AUR,2024,AUR-AI,스탠다드 레인지,AWD,미드나잇 블랙,9,9,26685,1982,17,59,88.5
2024-04,south,AUR,2024,AUR-AI,스탠다드 레인지,AWD,스틸 그레이,7,8,22472,1669,14,59,88.5
2024-04,south,AUR,2024,AUR-AI,스탠다드 레인지,AWD,실버,6,6,18258,1356,11,59,88.5
2024-04,south,AUR,2024,AUR-AI,스탠다드 레인지,AWD,오션 블루,5,5,14045,1043,9,59,88.5
2024-04,south,AUR,2024,AUR-AI,스탠다드 레인지,AWD,선셋 레드,4,4,11236,834,7,59,88.5
2024-04,south,AUR,2024,AUR-AI,스탠다드 레인지,AWD,포레스트 그린,2,2,7022,521,4,44,88.5
2024-04,south,AUR,2024,AUR-AI,스탠다드 레인지,AWD,샌드 베이지,2,2,7022,521,4,44,88.5
2024-04,south,AUR,2024,AUR-AI,스탠다드 레인지,FWD,스노우 화이트,17,18,51413,3818,32,59,88.5
2024-04,south,AUR,2024,AUR-AI,스탠다드 레인지,FWD,미드나잇 블랙,13,14,40702,3022,26,59,88.5
2024-04,south,AUR,2024,AUR-AI,스탠다드 레인지,FWD,스틸 그레이,11,12,34275,2545,22,59,88.5
2024-04,south,AUR,2024,AUR-AI,스탠다드 레인지,FWD,실버,9,10,27849,2068,17,59,88.5
2024-04,south,AUR,2024,AUR-AI,스탠다드 레인지,FWD,오션 블루,7,7,21422,1591,13,59,88.5
2024-04,south,AUR,2024,AUR-AI,스탠다드 레인지,FWD,선셋 레드,6,6,17138,1273,11,59,88.5
2024-04,south,AUR,2024,AUR-AI,스탠다드 레인지,FWD,포레스트 그린,3,4,10711,795,7,59,88.5
2024-04,south,AUR,2024,AUR-AI,스탠다드 레인지,FWD,샌드 베이지,3,4,10711,795,7,59,88.5
2024-04,south,AUR,2024,AUR-AI,롱레인지,AWD,스노우 화이트,16,17,48909,3632,31,59,88.5
2024-04,south,AUR,2024,AUR-AI,롱레인지,AWD,미드나잇 블랙,12,14,38720,2875,24,59,88.5
2024-04,south,AUR,2024,AUR-AI,롱레인지,AWD,스틸 그레이,11,11,32606,2421,20,59,88.5
2024-04,south,AUR,2024,AUR-AI,롱레인지,AWD,실버,9,9,26492,1967,17,59,88.5
2024-04,south,AUR,2024,AUR-AI,롱레인지,AWD,오션 블루,7,7,20379,1513,13,59,88.5
2024-04,south,AUR,2024,AUR-AI,롱레인지,AWD,선셋 레드,5,6,16303,1211,10,59,88.5
2024-04,south,AUR,2024,AUR-AI,롱레인지,AWD,포레스트 그린,3,4,10189,757,6,59,88.5
2024-04,south,AUR,2024,AUR-AI,롱레인지,AWD,샌드 베이지,3,4,10189,757,6,59,88.5
2024-04,south,AUR,2024,AUR-AI,롱레인지,FWD,스노우 화이트,24,26,74599,5540,47,59,88.5
2024-04,south,AUR,2024,AUR-AI,롱레인지,FWD,미드나잇 블랙,19,21,59057,4385,37,59,88.5
2024-04,south,AUR,2024,AUR-AI,롱레인지,FWD,스틸 그레이,16,17,49732,3693,31,59,88.5
2024-04,south,AUR,2024,AUR-AI,롱레인지,FWD,실버,13,14,40408,3001,25,59,88.5
2024-04,south,AUR,2024,AUR-AI,롱레인지,FWD,오션 블루,10,11,31083,2308,19,59,88.5
2024-04,south,AUR,2024,AUR-AI,롱레인지,FWD,선셋 레드,8,9,24866,1847,16,59,88.5
2024-04,south,AUR,2024,AUR-AI,롱레인지,FWD,포레스트 그린,5,5,15541,1154,10,59,88.5
2024-04,south,AUR,2024,AUR-AI,롱레인지,FWD,샌드 베이지,5,5,15541,1154,10,59,88.5
2024-04,south,AUR,2024,AUR-RA,스탠다드 레인지,AWD,스노우 화이트,13,14,42424,6292,24,59,88.5
2024-04,south,AUR,2024,AUR-RA,스탠다드 레인지,AWD,미드나잇 블랙,10,11,33586,4981,19,59,88.5
2024-04,south,AUR,2024,AUR-RA,스탠다드 레인지,AWD,스틸 그레이,8,9,28283,4195,16,59,88.5
2024-04,south,AUR,2024,AUR-RA,스탠다드 레인지,AWD,실버,7,7,22980,3408,13,59,88.5
2024-04,south,AUR,2024,AUR-RA,스탠다드 레인지,AWD,오션 블루,5,6,17677,2622,10,59,88.5
2024-04,south,AUR,2024,AUR-RA,스탠다드 레인지,AWD,선셋 레드,4,5,14141,2097,8,59,88.5
2024-04,south,AUR,2024,AUR-RA,스탠다드 레인지,AWD,포레스트 그린,3,3,8838,1311,5,51,88.5
2024-04,south,AUR,2024,AUR-RA,스탠다드 레인지,AWD,샌드 베이지,3,3,8838,1311,5,51,88.5
2024-04,south,AUR,2024,AUR-RA,스탠다드 레인지,FWD,스노우 화이트,19,21,64707,9597,37,59,88.5
2024-04,south,AUR,2024,AUR-RA,스탠다드 레인지,FWD,미드나잇 블랙,15,16,51226,7598,30,59,88.5
2024-04,south,AUR,2024,AUR-RA,스탠다드 레인지,FWD,스틸 그레이,13,14,43138,6398,25,59,88.5
2024-04,south,AUR,2024,AUR-RA,스탠다드 레인지,FWD,실버,10,11,35050,5198,20,59,88.5
2024-04,south,AUR,2024,AUR-RA,스탠다드 레인지,FWD,오션 블루,8,9,26961,3999,16,59,88.5
2024-04,south,AUR,2024,AUR-RA,스탠다드 레인지,FWD,선셋 레드,6,7,21569,3199,12,59,88.5
2024-04,south,AUR,2024,AUR-RA,스탠다드 레인지,FWD,포레스트 그린,4,4,13481,1999,8,59,88.5
2024-04,south,AUR,2024,AUR-RA,스탠다드 레인지,FWD,샌드 베이지,4,4,13481,1999,8,59,88.5
2024-04,south,AUR,2024,AUR-RA,롱레인지,AWD,스노우 화이트,18,20,61556,9130,36,59,88.5
2024-04,south,AUR,2024,AUR-RA,롱레인지,AWD,미드나잇 블랙,14,16,48732,7228,28,59,88.5
2024-04,south,AUR,2024,AUR-RA,롱레인지,AWD,스틸 그레이,12,13,41037,6087,24,59,88.5
2024-04,south,AUR,2024,AUR-RA,롱레인지,AWD,실버,10,11,33343,4945,19,59,88.5
2024-04,south,AUR,2024,AUR-RA,롱레인지,AWD,오션 블루,8,8,25648,3804,15,59,88.5
2024-04,south,AUR,2024,AUR-RA,롱레인지,AWD,선셋 레드,6,7,20519,3043,12,59,88.5
2024-04,south,AUR,2024,AUR-RA,롱레인지,AWD,포레스트 그린,4,4,12824,1902,7,59,88.5
2024-04,south,AUR,2024,AUR-RA,롱레인지,AWD,샌드 베이지,4,4,12824,1902,7,59,88.5
2024-04,south,AUR,2024,AUR-RA,롱레인지,FWD,스노우 화이트,28,30,93889,13925,54,59,88.5
2024-04,south,AUR,2024,AUR-RA,롱레인지,FWD,미드나잇 블랙,22,24,74328,11024,43,59,88.5
2024-04,south,AUR,2024,AUR-RA,롱레인지,FWD,스틸 그레이,19,20,62592,9284,36,59,88.5
2024-04,south,AUR,2024,AUR-RA,롱레인지,FWD,실버,15,16,50856,7543,29,59,88.5
2024-04,south,AUR,2024,AUR-RA,롱레인지,FWD,오션 블루,12,13,39120,5802,23,59,88.5
2024-04,south,AUR,2024,AUR-RA,롱레인지,FWD,선셋 레드,9,10,31296,4642,18,59,88.5
2024-04,south,AUR,2024,AUR-RA,롱레인지,FWD,포레스트 그린,6,6,19560,2901,11,59,88.5
2024-04,south,AUR,2024,AUR-RA,롱레인지,FWD,샌드 베이지,6,6,19560,2901,11,59,88.5
2024-04,south,AUR,2024,AUR-MA,스탠다드 레인지,AWD,스노우 화이트,5,6,19785,5004,10,59,88.5
2024-04,south,AUR,2024,AUR-MA,스탠다드 레인지,AWD,미드나잇 블랙,4,4,15663,3961,8,59,88.5
2024-04,south,AUR,2024,AUR-MA,스탠다드 레인지,AWD,스틸 그레이,3,4,13190,3336,7,59,88.5
2024-04,south,AUR,2024,AUR-MA,스탠다드 레인지,AWD,실버,3,3,10717,2710,5,54,88.5
2024-04,south,AUR,2024,AUR-MA,스탠다드 레인지,AWD,오션 블루,2,2,8244,2085,4,42,88.5
2024-04,south,AUR,2024,AUR-MA,스탠다드 레인지,AWD,선셋 레드,2,2,6595,1668,3,33,88.5
2024-04,south,AUR,2024,AUR-MA,스탠다드 레인지,AWD,포레스트 그린,1,1,4122,1042,2,21,88.5
2024-04,south,AUR,2024,AUR-MA,스탠다드 레인지,AWD,샌드 베이지,1,1,4122,1042,2,21,88.5
2024-04,south,AUR,2024,AUR-MA,스탠다드 레인지,FWD,스노우 화이트,8,8,30177,7632,15,59,88.5
2024-04,south,AUR,2024,AUR-MA,스탠다드 레인지,FWD,미드나잇 블랙,6,7,23890,6042,12,59,88.5
2024-04,south,AUR,2024,AUR-MA,스탠다드 레인지,FWD,스틸 그레이,5,6,20118,5088,10,59,88.5
2024-04,south,AUR,2024,AUR-MA,스탠다드 레인지,FWD,실버,4,5,16346,4134,8,59,88.5
2024-04,south,AUR,2024,AUR-MA,스탠다드 레인지,FWD,오션 블루,3,4,12574,3180,6,59,88.5
2024-04,south,AUR,2024,AUR-MA,스탠다드 레인지,FWD,선셋 레드,3,3,10059,2544,5,51,88.5
2024-04,south,AUR,2024,AUR-MA,스탠다드 레인지,FWD,포레스트 그린,2,2,6287,1590,3,32,88.5
2024-04,south,AUR,2024,AUR-MA,스탠다드 레인지,FWD,샌드 베이지,2,2,6287,1590,3,32,88.5
2024-04,south,AUR,2024,AUR-MA,롱레인지,AWD,스노우 화이트,7,8,28708,7260,15,59,88.5
2024-04,south,AUR,2024,AUR-MA,롱레인지,AWD,미드나잇 블랙,6,6,22727,5748,12,59,88.5
2024-04,south,AUR,2024,AUR-MA,롱레인지,AWD,스틸 그레이,5,5,19138,4840,10,59,88.5
2024-04,south,AUR,2024,AUR-MA,롱레인지,AWD,실버,4,4,15550,3933,8,59,88.5
2024-04,south,AUR,2024,AUR-MA,롱레인지,AWD,오션 블루,3,3,11961,3025,6,59,88.5
2024-04,south,AUR,2024,AUR-MA,롱레인지,AWD,선셋 레드,2,3,9569,2420,5,48,88.5
2024-04,south,AUR,2024,AUR-MA,롱레인지,AWD,포레스트 그린,2,2,5981,1513,3,30,88.5
2024-04,south,AUR,2024,AUR-MA,롱레인지,AWD,샌드 베이지,2,2,5981,1513,3,30,88.5
2024-04,south,AUR,2024,AUR-MA,롱레인지,FWD,스노우 화이트,11,12,43786,11074,22,59,88.5
2024-04,south,AUR,2024,AUR-MA,롱레인지,FWD,미드나잇 블랙,9,10,34664,8767,18,59,88.5
2024-04,south,AUR,2024,AUR-MA,롱레인지,FWD,스틸 그레이,8,8,29191,7383,15,59,88.5
2024-04,south,AUR,2024,AUR-MA,롱레인지,FWD,실버,6,7,23718,5998,12,59,88.5
2024-04,south,AUR,2024,AUR-MA,롱레인지,FWD,오션 블루,5,5,18244,4614,9,59,88.5
2024-04,south,AUR,2024,AUR-MA,롱레인지,FWD,선셋 레드,4,4,14595,3691,7,59,88.5
2024-04,south,AUR,2024,AUR-MA,롱레인지,FWD,포레스트 그린,2,3,9122,2307,5,46,88.5
2024-04,south,AUR,2024,AUR-MA,롱레인지,FWD,샌드 베이지,2,3,9122,2307,5,46,88.5
2024-04,northeast,AUR,2024,AUR-AI,스탠다드 레인지,AWD,스노우 화이트,27,30,84652,6286,53,59,88.5
2024-04,northeast,AUR,2024,AUR-AI,스탠다드 레인지,AWD,미드나잇 블랙,22,23,67016,4976,42,59,88.5
2024-04,northeast,AUR,2024,AUR-AI,스탠다드 레인지,AWD,스틸 그레이,18,20,56435,4191,35,59,88.5
2024-04,northeast,AUR,2024,AUR-AI,스탠다드 레인지,AWD,실버,15,16,45853,3405,29,59,88.5
2024-04,northeast,AUR,2024,AUR-AI,스탠다드 레인지,AWD,오션 블루,11,12,35272,2619,22,59,88.5
2024-04,northeast,AUR,2024,AUR-AI,스탠다드 레인지,AWD,선셋 레드,9,10,28217,2095,18,59,88.5
2024-04,northeast,AUR,2024,AUR-AI,스탠다드 레인지,AWD,포레스트 그린,6,6,17636,1310,11,59,88.5
2024-04,northeast,AUR,2024,AUR-AI,스탠다드 레인지,AWD,샌드 베이지,6,6,17636,1310,11,59,88.5
2024-04,northeast,AUR,2024,AUR-AI,스탠다드 레인지,FWD,스노우 화이트,11,12,33742,2506,21,59,88.5
2024-04,northeast,AUR,2024,AUR-AI,스탠다드 레인지,FWD,미드나잇 블랙,9,9,26713,1984,17,59,88.5
2024-04,northeast,AUR,2024,AUR-AI,스탠다드 레인지,FWD,스틸 그레이,7,8,22495,1670,14,59,88.5
2024-04,northeast,AUR,2024,AUR-AI,스탠다드 레인지,FWD,실버,6,6,18277,1357,11,59,88.5
2024-04,northeast,AUR,2024,AUR-AI,스탠다드 레인지,FWD,오션 블루,5,5,14059,1044,9,59,88.5
2024-04,northeast,AUR,2024,AUR-AI,스탠다드 레인지,FWD,선셋 레드,4,4,11247,835,7,59,88.5
2024-04,northeast,AUR,2024,AUR-AI,스탠다드 레인지,FWD,포레스트 그린,2,2,7030,522,4,44,88.5
2024-04,northeast,AUR,2024,AUR-AI,스탠다드 레인지,FWD,샌드 베이지,2,2,7030,522,4,44,88.5
2024-04,northeast,AUR,2024,AUR-AI,롱레인지,AWD,스노우 화이트,40,43,122829,9121,77,59,88.5
2024-04,northeast,AUR,2024,AUR-AI,롱레인지,AWD,미드나잇 블랙,31,34,97239,7221,61,59,88.5
2024-04,northeast,AUR,2024,AUR-AI,롱레인지,AWD,스틸 그레이,26,29,81886,6081,51,59,88.5
2024-04,northeast,AUR,2024,AUR-AI,롱레인지,AWD,실버,21,23,66532,4941,42,59,88.5
2024-04,northeast,AUR,2024,AUR-AI,롱레인지,AWD,오션 블루,17,18,51179,3800,32,59,88.5
2024-04,northeast,AUR,2024,AUR-AI,롱레인지,AWD,선셋 레드,13,14,40943,3040,26,59,88.5
2024-04,northeast,AUR,2024,AUR-AI,롱레인지,AWD,포레스트 그린,8,9,25589,1900,16,59,88.5
2024-04,northeast,AUR,2024,AUR-AI,롱레인지,AWD,샌드 베이지,8,9,25589,1900,16,59,88.5
2024-04,northeast,AUR,2024,AUR-AI,롱레인지,FWD,스노우 화이트,16,17,48960,3636,31,59,88.5
2024-04,northeast,AUR,2024,AUR-AI,롱레인지,FWD,미드나잇 블랙,13,14,38760,2878,24,59,88.5
2024-04,northeast,AUR,2024,AUR-AI,롱레인지,FWD,스틸 그레이,11,11,32640,2424,20,59,88.5
2024-04,northeast,AUR,2024,AUR-AI,롱레인지,FWD,실버,9,9,26520,1969,17,59,88.5
2024-04,northeast,AUR,2024,AUR-AI,롱레인지,FWD,오션 블루,7,7,20400,1515,13,59,88.5
2024-04,northeast,AUR,2024,AUR-AI,롱레인지,FWD,선셋 레드,5,6,16320,1212,10,59,88.5
2024-04,northeast,AUR,2024,AUR-AI,롱레인지,FWD,포레스트 그린,3,4,10200,757,6,59,88.5
2024-04,northeast,AUR,2024,AUR-AI,롱레인지,FWD,샌드 베이지,3,4,10200,757,6,59,88.5
2024-04,northeast,AUR,2024,AUR-RA,스탠다드 레인지,AWD,스노우 화이트,32,34,106542,15802,61,59,88.5
2024-04,northeast,AUR,2024,AUR-RA,스탠다드 레인지,AWD,미드나잇 블랙,25,27,84345,12510,49,59,88.5
2024-04,northeast,AUR,2024,AUR-RA,스탠다드 레인지,AWD,스틸 그레이,21,23,71028,10535,41,59,88.5
2024-04,northeast,AUR,2024,AUR-RA,스탠다드 레인지,AWD,실버,17,19,57710,8559,33,59,88.5
2024-04,northeast,AUR,2024,AUR-RA,스탠다드 레인지,AWD,오션 블루,13,14,44392,6584,26,59,88.5
2024-04,northeast,AUR,2024,AUR-RA,스탠다드 레인지,AWD,선셋 레드,11,11,35514,5267,20,59,88.5
2024-04,northeast,AUR,2024,AUR-RA,스탠다드 레인지,AWD,포레스트 그린,7,7,22196,3292,13,59,88.5
2024-04,northeast,AUR,2024,AUR-RA,스탠다드 레인지,AWD,샌드 베이지,7,7,22196,3292,13,59,88.5
2024-04,northeast,AUR,2024,AUR-RA,스탠다드 레인지,FWD,스노우 화이트,13,14,42468,6299,25,59,88.5
2024-04,northeast,AUR,2024,AUR-RA,스탠다드 레인지,FWD,미드나잇 블랙,10,11,33620,4986,19,59,88.5
2024-04,northeast,AUR,2024,AUR-RA,스탠다드 레인지,FWD,스틸 그레이,8,9,28312,4199,16,59,88.5
2024-04,northeast,AUR,2024,AUR-RA,스탠다드 레인지,FWD,실버,7,7,23003,3412,13,59,88.5
2024-04,northeast,AUR,2024,AUR-RA,스탠다드 레인지,FWD,오션 블루,5,6,17695,2624,10,59,88.5
2024-04,northeast,AUR,2024,AUR-RA,스탠다드 레인지,FWD,선셋 레드,4,5,14156,2100,8,59,88.5
2024-04,northeast,AUR,2024,AUR-RA,스탠다드 레인지,FWD,포레스트 그린,3,3,8847,1312,5,51,88.5
2024-04,northeast,AUR,2024,AUR-RA,스탠다드 레인지,FWD,샌드 베이지,3,3,8847,1312,5,51,88.5
2024-04,northeast,AUR,2024,AUR-RA,롱레인지,AWD,스노우 화이트,46,50,154590,22928,89,59,88.5
2024-04,northeast,AUR,2024,AUR-RA,롱레인지,AWD,미드나잇 블랙,36,39,122384,18152,71,59,88.5
2024-04,northeast,AUR,2024,AUR-RA,롱레인지,AWD,스틸 그레이,31,33,103060,15286,59,59,88.5
2024-04,northeast,AUR,2024,AUR-RA,롱레인지,AWD,실버,25,27,83736,12419,48,59,88.5
2024-04,northeast,AUR,2024,AUR-RA,롱레인지,AWD,오션 블루,19,21,64412,9553,37,59,88.5
2024-04,northeast,AUR,2024,AUR-RA,롱레인지,AWD,선셋 레드,15,17,51530,7643,30,59,88.5
2024-04,northeast,AUR,2024,AUR-RA,롱레인지,AWD,포레스트 그린,10,10,32206,4777,19,59,88.5
2024-04,northeast,AUR,2024,AUR-RA,롱레인지,AWD,샌드 베이지,10,10,32206,4777,19,59,88.5
2024-04,northeast,AUR,2024,AUR-RA,롱레인지,FWD,스노우 화이트,18,20,61620,9139,36,59,88.5
2024-04,northeast,AUR,2024,AUR-RA,롱레인지,FWD,미드나잇 블랙,14,16,48782,7235,28,59,88.5
2024-04,northeast,AUR,2024,AUR-RA,롱레인지,FWD,스틸 그레이,12,13,41080,6093,24,59,88.5
2024-04,northeast,AUR,2024,AUR-RA,롱레인지,FWD,실버,10,11,33377,4950,19,59,88.5
2024-04,northeast,AUR,2024,AUR-RA,롱레인지,FWD,오션 블루,8,8,25675,3808,15,59,88.5
2024-04,northeast,AUR,2024,AUR-RA,롱레인지,FWD,선셋 레드,6,7,20540,3046,12,59,88.5
2024-04,northeast,AUR,2024,AUR-RA,롱레인지,FWD,포레스트 그린,4,4,12837,1904,7,59,88.5
2024-04,northeast,AUR,2024,AUR-RA,롱레인지,FWD,샌드 베이지,4,4,12837,1904,7,59,88.5
2024-04,northeast,AUR,2024,AUR-MA,스탠다드 레인지,AWD,스노우 화이트,13,14,49687,12566,25,59,88.5
2024-04,northeast,AUR,2024,AUR-MA,스탠다드 레인지,AWD,미드나잇 블랙,10,11,39336,9948,20,59,88.5
2024-04,northeast,AUR,2024,AUR-MA,스탠다드 레인지,AWD,스틸 그레이,9,9,33125,8378,17,59,88.5
2024-04,northeast,AUR,2024,AUR-MA,스탠다드 레인지,AWD,실버,7,8,26914,6807,14,59,88.5
2024-04,northeast,AUR,2024,AUR-MA,스탠다드 레인지,AWD,오션 블루,5,6,20703,5236,10,59,88.5
2024-04,northeast,AUR,2024,AUR-MA,스탠다드 레인지,AWD,선셋 레드,4,5,16562,4189,8,59,88.5
2024-04,northeast,AUR,2024,AUR-MA,스탠다드 레인지,AWD,포레스트 그린,3,3,10351,2618,5,52,88.5
2024-04,northeast,AUR,2024,AUR-MA,스탠다드 레인지,AWD,샌드 베이지,3,3,10351,2618,5,52,88.5
2024-04,northeast,AUR,2024,AUR-MA,스탠다드 레인지,FWD,스노우 화이트,5,6,19805,5009,10,59,88.5
2024-04,northeast,AUR,2024,AUR-MA,스탠다드 레인지,FWD,미드나잇 블랙,4,4,15679,3965,8,59,88.5
2024-04,northeast,AUR,2024,AUR-MA,스탠다드 레인지,FWD,스틸 그레이,3,4,13204,3339,7,59,88.5
2024-04,northeast,AUR,2024,AUR-MA,스탠다드 레인지,FWD,실버,3,3,10728,2713,5,54,88.5
2024-04,northeast,AUR,2024,AUR-MA,스탠다드 레인지,FWD,오션 블루,2,2,8252,2087,4,42,88.5
2024-04,northeast,AUR,2024,AUR-MA,스탠다드 레인지,FWD,선셋 레드,2,2,6602,1670,3,33,88.5
2024-04,northeast,AUR,2024,AUR-MA,스탠다드 레인지,FWD,포레스트 그린,1,1,4126,1044,2,21,88.5
2024-04,northeast,AUR,2024,AUR-MA,스탠다드 레인지,FWD,샌드 베이지,1,1,4126,1044,2,21,88.5
2024-04,northeast,AUR,2024,AUR-MA,롱레인지,AWD,스노우 화이트,19,20,72095,18234,36,59,88.5
2024-04,northeast,AUR,2024,AUR-MA,롱레인지,AWD,미드나잇 블랙,15,16,57075,14435,29,59,88.5
2024-04,northeast,AUR,2024,AUR-MA,롱레인지,AWD,스틸 그레이,13,14,48063,12156,24,59,88.5
2024-04,northeast,AUR,2024,AUR-MA,롱레인지,AWD,실버,10,11,39051,9876,20,59,88.5
2024-04,northeast,AUR,2024,AUR-MA,롱레인지,AWD,오션 블루,8,8,30040,7597,15,59,88.5
2024-04,northeast,AUR,2024,AUR-MA,롱레인지,AWD,선셋 레드,6,7,24032,6078,12,59,88.5
2024-04,northeast,AUR,2024,AUR-MA,롱레인지,AWD,포레스트 그린,4,4,15020,3799,8,59,88.5
2024-04,northeast,AUR,2024,AUR-MA,롱레인지,AWD,샌드 베이지,4,4,15020,3799,8,59,88.5
2024-04,northeast,AUR,2024,AUR-MA,롱레인지,FWD,스노우 화이트,7,8,28737,7268,15,59,88.5
2024-04,northeast,AUR,2024,AUR-MA,롱레인지,FWD,미드나잇 블랙,6,6,22750,5754,12,59,88.5
2024-04,northeast,AUR,2024,AUR-MA,롱레인지,FWD,스틸 그레이,5,5,19158,4845,10,59,88.5
2024-04,northeast,AUR,2024,AUR-MA,롱레인지,FWD,실버,4,4,15566,3937,8,59,88.5
2024-04,northeast,AUR,2024,AUR-MA,롱레인지,FWD,오션 블루,3,3,11974,3028,6,59,88.5
2024-04,northeast,AUR,2024,AUR-MA,롱레인지,FWD,선셋 레드,2,3,9579,2423,5,48,88.5
2024-04,northeast,AUR,2024,AUR-MA,롱레인지,FWD,포레스트 그린,2,2,5987,1514,3,30,88.5
2024-04,northeast,AUR,2024,AUR-MA,롱레인지,FWD,샌드 베이지,2,2,5987,1514,3,30,88.5
2024-04,southeast,AUR,2024,AUR-AI,스탠다드 레인지,AWD,스노우 화이트,14,15,43411,3224,27,59,88.5
2024-04,southeast,AUR,2024,AUR-AI,스탠다드 레인지,AWD,미드나잇 블랙,11,12,34367,2552,22,59,88.5
2024-04,southeast,AUR,2024,AUR-AI,스탠다드 레인지,AWD,스틸 그레이,9,10,28941,2149,18,59,88.5
2024-04,southeast,AUR,2024,AUR-AI,스탠다드 레인지,AWD,실버,8,8,23514,1746,15,59,88.5
2024-04,southeast,AUR,2024,AUR-AI,스탠다드 레인지,AWD,오션 블루,6,6,18088,1343,11,59,88.5
2024-04,southeast,AUR,2024,AUR-AI,스탠다드 레인지,AWD,선셋 레드,5,5,14470,1075,9,59,88.5
2024-04,southeast,AUR,2024,AUR-AI,스탠다드 레인지,AWD,포레스트 그린,3,3,9044,672,6,57,88.5
2024-04,southeast,AUR,2024,AUR-AI,스탠다드 레인지,AWD,샌드 베이지,3,3,9044,672,6,57,88.5
2024-04,southeast,AUR,2024,AUR-AI,스탠다드 레인지,FWD,스노우 화이트,16,17,49447,3672,31,59,88.5
2024-04,southeast,AUR,2024,AUR-AI,스탠다드 레인지,FWD,미드나잇 블랙,13,14,39146,2907,25,59,88.5
2024-04,southeast,AUR,2024,AUR-AI,스탠다드 레인지,FWD,스틸 그레이,11,11,32965,2448,21,59,88.5
2024-04,southeast,AUR,2024,AUR-AI,스탠다드 레인지,FWD,실버,9,9,26784,1989,17,59,88.5
2024-04,southeast,AUR,2024,AUR-AI,스탠다드 레인지,FWD,오션 블루,7,7,20603,1530,13,59,88.5
2024-04,southeast,AUR,2024,AUR-AI,스탠다드 레인지,FWD,선셋 레드,5,6,16482,1224,10,59,88.5
2024-04,southeast,AUR,2024,AUR-AI,스탠다드 레인지,FWD,포레스트 그린,3,4,10301,765,6,59,88.5
2024-04,southeast,AUR,2024,AUR-AI,스탠다드 레인지,FWD,샌드 베이지,3,4,10301,765,6,59,88.5
2024-04,southeast,AUR,2024,AUR-AI,롱레인지,AWD,스노우 화이트,20,22,62989,4677,40,59,88.5
2024-04,southeast,AUR,2024,AUR-AI,롱레인지,AWD,미드나잇 블랙,16,17,49866,3703,31,59,88.5
2024-04,southeast,AUR,2024,AUR-AI,롱레인지,AWD,스틸 그레이,14,15,41993,3118,26,59,88.5
2024-04,southeast,AUR,2024,AUR-AI,롱레인지,AWD,실버,11,12,34119,2534,21,59,88.5
2024-04,southeast,AUR,2024,AUR-AI,롱레인지,AWD,오션 블루,8,9,26245,1949,16,59,88.5
2024-04,southeast,AUR,2024,AUR-AI,롱레인지,AWD,선셋 레드,7,7,20996,1559,13,59,88.5
2024-04,southeast,AUR,2024,AUR-AI,롱레인지,AWD,포레스트 그린,4,5,13123,974,8,59,88.5
2024-04,southeast,AUR,2024,AUR-AI,롱레인지,AWD,샌드 베이지,4,5,13123,974,8,59,88.5
2024-04,southeast,AUR,2024,AUR-AI,롱레인지,FWD,스노우 화이트,23,25,71747,5328,45,59,88.5
2024-04,southeast,AUR,2024,AUR-AI,롱레인지,FWD,미드나잇 블랙,18,20,56800,4218,36,59,88.5
2024-04,southeast,AUR,2024,AUR-AI,롱레인지,FWD,스틸 그레이,15,17,47831,3552,30,59,88.5
2024-04,southeast,AUR,2024,AUR-AI,롱레인지,FWD,실버,13,14,38863,2886,24,59,88.5
2024-04,southeast,AUR,2024,AUR-AI,롱레인지,FWD,오션 블루,10,10,29895,2220,19,59,88.5
2024-04,southeast,AUR,2024,AUR-AI,롱레인지,FWD,선셋 레드,8,8,23916,1776,15,59,88.5
2024-04,southeast,AUR,2024,AUR-AI,롱레인지,FWD,포레스트 그린,5,5,14947,1110,9,59,88.5
2024-04,southeast,AUR,2024,AUR-AI,롱레인지,FWD,샌드 베이지,5,5,14947,1110,9,59,88.5
2024-04,southeast,AUR,2024,AUR-RA,스탠다드 레인지,AWD,스노우 화이트,16,18,54637,8104,32,59,88.5
2024-04,southeast,AUR,2024,AUR-RA,스탠다드 레인지,AWD,미드나잇 블랙,13,14,43254,6415,25,59,88.5
2024-04,southeast,AUR,2024,AUR-RA,스탠다드 레인지,AWD,스틸 그레이,11,12,36424,5402,21,59,88.5
2024-04,southeast,AUR,2024,AUR-RA,스탠다드 레인지,AWD,실버,9,9,29595,4389,17,59,88.5
2024-04,southeast,AUR,2024,AUR-RA,스탠다드 레인지,AWD,오션 블루,7,7,22765,3376,13,59,88.5
2024-04,southeast,AUR,2024,AUR-RA,스탠다드 레인지,AWD,선셋 레드,5,6,18212,2701,11,59,88.5
2024-04,southeast,AUR,2024,AUR-RA,스탠다드 레인지,AWD,포레스트 그린,3,4,11383,1688,7,59,88.5
2024-04,southeast,AUR,2024,AUR-RA,스탠다드 레인지,AWD,샌드 베이지,3,4,11383,1688,7,59,88.5
2024-04,southeast,AUR,2024,AUR-RA,스탠다드 레인지,FWD,스노우 화이트,18,20,62233,9230,36,59,88.5
2024-04,southeast,AUR,2024,AUR-RA,스탠다드 레인지,FWD,미드나잇 블랙,15,16,49268,7307,28,59,88.5
2024-04,southeast,AUR,2024,AUR-RA,스탠다드 레인지,FWD,스틸 그레이,12,13,41489,6154,24,59,88.5
2024-04,southeast,AUR,2024,AUR-RA,스탠다드 레인지,FWD,실버,10,11,33710,5000,19,59,88.5
2024-04,southeast,AUR,2024,AUR-RA,스탠다드 레인지,FWD,오션 블루,8,8,25931,3846,15,59,88.5
2024-04,southeast,AUR,2024,AUR-RA,스탠다드 레인지,FWD,선셋 레드,6,7,20744,3077,12,59,88.5
2024-04,southeast,AUR,2024,AUR-RA,스탠다드 레인지,FWD,포레스트 그린,4,4,12965,1923,7,59,88.5
2024-04,southeast,AUR,2024,AUR-RA,스탠다드 레인지,FWD,샌드 베이지,4,4,12965,1923,7,59,88.5
2024-04,southeast,AUR,2024,AUR-RA,롱레인지,AWD,스노우 화이트,24,25,79277,11758,46,59,88.5
2024-04,southeast,AUR,2024,AUR-RA,롱레인지,AWD,미드나잇 블랙,19,20,62761,9308,36,59,88.5
2024-04,southeast,AUR,2024,AUR-RA,롱레인지,AWD,스틸 그레이,16,17,52851,7839,31,59,88.5
2024-04,southeast,AUR,2024,AUR-RA,롱레인지,AWD,실버,13,14,42942,6369,25,59,88.5
2024-04,southeast,AUR,2024,AUR-RA,롱레인지,AWD,오션 블루,10,11,33032,4899,19,59,88.5
2024-04,southeast,AUR,2024,AUR-RA,롱레인지,AWD,선셋 레드,8,8,26426,3919,15,59,88.5
2024-04,southeast,AUR,2024,AUR-RA,롱레인지,AWD,포레스트 그린,5,5,16516,2450,10,59,88.5
2024-04,southeast,AUR,2024,AUR-RA,롱레인지,AWD,샌드 베이지,5,5,16516,2450,10,59,88.5
2024-04,southeast,AUR,2024,AUR-RA,롱레인지,FWD,스노우 화이트,27,29,90299,13393,52,59,88.5
2024-04,southeast,AUR,2024,AUR-RA,롱레인지,FWD,미드나잇 블랙,21,23,71487,10603,41,59,88.5
2024-04,southeast,AUR,2024,AUR-RA,롱레인지,FWD,스틸 그레이,18,19,60199,8929,35,59,88.5
2024-04,southeast,AUR,2024,AUR-RA,롱레인지,FWD,실버,15,16,48912,7254,28,59,88.5
2024-04,southeast,AUR,2024,AUR-RA,롱레인지,FWD,오션 블루,11,12,37625,5580,22,59,88.5
2024-04,southeast,AUR,2024,AUR-RA,롱레인지,FWD,선셋 레드,9,10,30100,4464,17,59,88.5
2024-04,southeast,AUR,2024,AUR-RA,롱레인지,FWD,포레스트 그린,6,6,18812,2790,11,59,88.5
2024-04,southeast,AUR,2024,AUR-RA,롱레인지,FWD,샌드 베이지,6,6,18812,2790,11,59,88.5
2024-04,southeast,AUR,2024,AUR-MA,스탠다드 레인지,AWD,스노우 화이트,7,7,25481,6444,13,59,88.5
2024-04,southeast,AUR,2024,AUR-MA,스탠다드 레인지,AWD,미드나잇 블랙,5,6,20172,5102,10,59,88.5
2024-04,southeast,AUR,2024,AUR-MA,스탠다드 레인지,AWD,스틸 그레이,4,5,16987,4296,9,59,88.5
2024-04,southeast,AUR,2024,AUR-MA,스탠다드 레인지,AWD,실버,4,4,13802,3491,7,59,88.5
2024-04,southeast,AUR,2024,AUR-MA,스탠다드 레인지,AWD,오션 블루,3,3,10617,2685,5,54,88.5
2024-04,southeast,AUR,2024,AUR-MA,스탠다드 레인지,AWD,선셋 레드,2,2,8494,2148,4,43,88.5
2024-04,southeast,AUR,2024,AUR-MA,스탠다드 레인지,AWD,포레스트 그린,1,1,5308,1343,3,27,88.5
2024-04,southeast,AUR,2024,AUR-MA,스탠다드 레인지,AWD,샌드 베이지,1,1,5308,1343,3,27,88.5
2024-04,southeast,AUR,2024,AUR-MA,스탠다드 레인지,FWD,스노우 화이트,8,8,29023,7340,15,59,88.5
2024-04,southeast,AUR,2024,AUR-MA,스탠다드 레인지,FWD,미드나잇 블랙,6,6,22977,5811,12,59,88.5
2024-04,southeast,AUR,2024,AUR-MA,스탠다드 레인지,FWD,스틸 그레이,5,5,19349,4894,10,59,88.5
2024-04,southeast,AUR,2024,AUR-MA,스탠다드 레인지,FWD,실버,4,4,15721,3976,8,59,88.5
2024-04,southeast,AUR,2024,AUR-MA,스탠다드 레인지,FWD,오션 블루,3,3,12093,3058,6,59,88.5
2024-04,southeast,AUR,2024,AUR-MA,스탠다드 레인지,FWD,선셋 레드,3,3,9674,2447,5,49,88.5
2024-04,southeast,AUR,2024,AUR-MA,스탠다드 레인지,FWD,포레스트 그린,2,2,6047,1529,3,31,88.5
2024-04,southeast,AUR,2024,AUR-MA,스탠다드 레인지,FWD,샌드 베이지,2,2,6047,1529,3,31,88.5
2024-04,southeast,AUR,2024,AUR-MA,롱레인지,AWD,스노우 화이트,10,10,36972,9351,19,59,88.5
2024-04,southeast,AUR,2024,AUR-MA,롱레인지,AWD,미드나잇 블랙,8,8,29269,7403,15,59,88.5
2024-04,southeast,AUR,2024,AUR-MA,롱레인지,AWD,스틸 그레이,6,7,24648,6234,12,59,88.5
2024-04,southeast,AUR,2024,AUR-MA,롱레인지,AWD,실버,5,6,20026,5065,10,59,88.5
2024-04,southeast,AUR,2024,AUR-MA,롱레인지,AWD,오션 블루,4,4,15405,3896,8,59,88.5
2024-04,southeast,AUR,2024,AUR-MA,롱레인지,AWD,선셋 레드,3,3,12324,3117,6,59,88.5
2024-04,southeast,AUR,2024,AUR-MA,롱레인지,AWD,포레스트 그린,2,2,7702,1948,4,39,88.5
2024-04,southeast,AUR,2024,AUR-MA,롱레인지,AWD,샌드 베이지,2,2,7702,1948,4,39,88.5
2024-04,southeast,AUR,2024,AUR-MA,롱레인지,FWD,스노우 화이트,11,12,42112,10651,21,59,88.5
2024-04,southeast,AUR,2024,AUR-MA,롱레인지,FWD,미드나잇 블랙,9,9,33339,8432,17,59,88.5
2024-04,southeast,AUR,2024,AUR-MA,롱레인지,FWD,스틸 그레이,7,8,28075,7100,14,59,88.5
2024-04,southeast,AUR,2024,AUR-MA,롱레인지,FWD,실버,6,6,22811,5769,12,59,88.5
2024-04,southeast,AUR,2024,AUR-MA,롱레인지,FWD,오션 블루,5,5,17547,4438,9,59,88.5
2024-04,southeast,AUR,2024,AUR-MA,롱레인지,FWD,선셋 레드,4,4,14037,3550,7,59,88.5
2024-04,southeast,AUR,2024,AUR-MA,롱레인지,FWD,포레스트 그린,2,2,8773,2219,4,44,88.5
2024-04,southeast,AUR,2024,AUR-MA,롱레인지,FWD,샌드 베이지,2,2,8773,2219,4,44,88.5
2024-04,west,MRD,2024,MRD-CO,2.0 가솔린,AWD,스노우 화이트,30,33,78947,-7240,57,57,88.5
2024-04,west,MRD,2024,MRD-CO,2.0 가솔린,AWD,미드나잇 블랙,24,26,62500,-5731,45,57,88.5
2024-04,west,MRD,2024,MRD-CO,2.0 가솔린,AWD,스틸 그레이,20,22,52631,-4826,38,57,88.5
2024-04,west,MRD,2024,MRD-CO,2.0 가솔린,AWD,실버,16,18,42763,-3921,31,57,88.5
2024-04,west,MRD,2024,MRD-CO,2.0 가솔린,AWD,오션 블루,13,14,32895,-3016,24,57,88.5
2024-04,west,MRD,2024,MRD-CO,2.0 가솔린,AWD,선셋 레드,10,11,26316,-2413,19,57,88.5
2024-04,west,MRD,2024,MRD-CO,2.0 가솔린,AWD,포레스트 그린,6,7,16447,-1508,12,57,88.5
2024-04,west,MRD,2024,MRD-CO,2.0 가솔린,AWD,샌드 베이지,6,7,16447,-1508,12,57,88.5
2024-04,west,MRD,2024,MRD-CO,2.0 가솔린,FWD,스노우 화이트,121,131,315789,-28958,228,57,88.5
2024-04,west,MRD,2024,MRD-CO,2.0 가솔린,FWD,미드나잇 블랙,96,104,249999,-22925,180,57,88.5
2024-04,west,MRD,2024,MRD-CO,2.0 가솔린,FWD,스틸 그레이,81,88,210526,-19305,152,57,88.5
2024-04,west,MRD,2024,MRD-CO,2.0 가솔린,FWD,실버,65,71,171052,-15686,123,57,88.5
2024-04,west,MRD,2024,MRD-CO,2.0 가솔린,FWD,오션 블루,50,55,131579,-12066,95,57,88.5
2024-04,west,MRD,2024,MRD-CO,2.0 가솔린,FWD,선셋 레드,40,44,105263,-9653,76,57,88.5
2024-04,west,MRD,2024,MRD-CO,2.0 가솔린,FWD,포레스트 그린,25,27,65789,-6033,47,57,88.5
2024-04,west,MRD,2024,MRD-CO,2.0 가솔린,FWD,샌드 베이지,25,27,65789,-6033,47,57,88.5
2024-04,west,MRD,2024,MRD-CO,1.6T 하이브리드,AWD,스노우 화이트,14,16,37839,-3470,27,57,88.5
2024-04,west,MRD,2024,MRD-CO,1.6T 하이브리드,AWD,미드나잇 블랙,11,12,29956,-2747,22,57,88.5
2024-04,west,MRD,2024,MRD-CO,1.6T 하이브리드,AWD,스틸 그레이,10,10,25226,-2313,18,57,88.5
2024-04,west,MRD,2024,MRD-CO,1.6T 하이브리드,AWD,실버,8,9,20496,-1879,15,57,88.5
2024-04,west,MRD,2024,MRD-CO,1.6T 하이브리드,AWD,오션 블루,6,7,15766,-1446,11,57,88.5
2024-04,west,MRD,2024,MRD-CO,1.6T 하이브리드,AWD,선셋 레드,5,5,12613,-1157,9,57,88.5
2024-04,west,MRD,2024,MRD-CO,1.6T 하이브리드,AWD,포레스트 그린,3,3,7883,-723,6,57,88.5
2024-04,west,MRD,2024,MRD-CO,1.6T 하이브리드,AWD,샌드 베이지,3,3,7883,-723,6,57,88.5
2024-04,west,MRD,2024,MRD-CO,1.6T 하이브리드,FWD,스노우 화이트,58,63,151354,-13879,109,57,88.5
2024-04,west,MRD,2024,MRD-CO,1.6T 하이브리드,FWD,미드나잇 블랙,46,50,119822,-10988,86,57,88.5
2024-04,west,MRD,2024,MRD-CO,1.6T 하이브리드,FWD,스틸 그레이,39,42,100903,-9253,73,57,88.5
2024-04,west,MRD,2024,MRD-CO,1.6T 하이브리드,FWD,실버,31,34,81984,-7518,59,57,88.5
2024-04,west,MRD,2024,MRD-CO,1.6T 하이브리드,FWD,오션 블루,24,26,63064,-5783,45,57,88.5
2024-04,west,MRD,2024,MRD-CO,1.6T 하이브리드,FWD,선셋 레드,19,21,50451,-4626,36,57,88.5
2024-04,west,MRD,2024,MRD-CO,1.6T 하이브리드,FWD,포레스트 그린,12,13,31532,-2892,23,57,88.5
2024-04,west,MRD,2024,MRD-CO,1.6T 하이브리드,FWD,샌드 베이지,12,13,31532,-2892,23,57,88.5
2024-04,west,MRD,2024,MRD-PR,2.0 가솔린,AWD,스노우 화이트,35,38,99361,-434,66,57,88.5
2024-04,west,MRD,2024,MRD-PR,2.0 가솔린,AWD,미드나잇 블랙,28,30,78661,-343,52,57,88.5
2024-04,west,MRD,2024,MRD-PR,2.0 가솔린,AWD,스틸 그레이,23,25,66241,-289,44,57,88.5
2024-04,west,MRD,2024,MRD-PR,2.0 가솔린,AWD,실버,19,21,53821,-235,36,57,88.5
2024-04,west,MRD,2024,MRD-PR,2.0 가솔린,AWD,오션 블루,15,16,41401,-181,27,57,88.5
2024-04,west,MRD,2024,MRD-PR,2.0 가솔린,AWD,선셋 레드,12,13,33120,-145,22,57,88.5
2024-04,west,MRD,2024,MRD-PR,2.0 가솔린,AWD,포레스트 그린,7,8,20700,-90,14,57,88.5
2024-04,west,MRD,2024,MRD-PR,2.0 가솔린,AWD,샌드 베이지,7,8,20700,-90,14,57,88.5
2024-04,west,MRD,2024,MRD-PR,2.0 가솔린,FWD,스노우 화이트,140,152,397446,-1735,263,57,88.5
2024-04,west,MRD,2024,MRD-PR,2.0 가솔린,FWD,미드나잇 블랙,111,120,314644,-1373,209,57,88.5
2024-04,west,MRD,2024,MRD-PR,2.0 가솔린,FWD,스틸 그레이,93,101,264964,-1157,176,57,88.5
2024-04,west,MRD,2024,MRD-PR,2.0 가솔린,FWD,실버,76,82,215283,-940,143,57,88.5
2024-04,west,MRD,2024,MRD-PR,2.0 가솔린,FWD,오션 블루,58,63,165602,-723,110,57,88.5
2024-04,west,MRD,2024,MRD-PR,2.0 가솔린,FWD,선셋 레드,47,51,132482,-578,88,57,88.5
2024-04,west,MRD,2024,MRD-PR,2.0 가솔린,FWD,포레스트 그린,29,32,82801,-361,55,57,88.5
2024-04,west,MRD,2024,MRD-PR,2.0 가솔린,FWD,샌드 베이지,29,32,82801,-361,55,57,88.5
2024-04,west,MRD,2024,MRD-PR,1.6T 하이브리드,AWD,스노우 화이트,17,18,47623,-208,32,57,88.5
2024-04,west,MRD,2024,MRD-PR,1.6T 하이브리드,AWD,미드나잇 블랙,13,14,37701,-165,25,57,88.5
2024-04,west,MRD,2024,MRD-PR,1.6T 하이브리드,AWD,스틸 그레이,11,12,31749,-139,21,57,88.5
2024-04,west,MRD,2024,MRD-PR,1.6T 하이브리드,AWD,실버,9,10,25796,-113,17,57,88.5
2024-04,west,MRD,2024,MRD-PR,1.6T 하이브리드,AWD,오션 블루,7,8,19843,-87,13,57,88.5
2024-04,west,MRD,2024,MRD-PR,1.6T 하이브리드,AWD,선셋 레드,6,6,15874,-69,11,57,88.5
2024-04,west,MRD,2024,MRD-PR,1.6T 하이브리드,AWD,포레스트 그린,3,4,9921,-43,7,57,88.5
2024-04,west,MRD,2024,MRD-PR,1.6T 하이브리드,AWD,샌드 베이지,3,4,9921,-43,7,57,88.5
2024-04,west,MRD,2024,MRD-PR,1.6T 하이브리드,FWD,스노우 화이트,67,73,190492,-832,126,57,88.5
2024-04,west,MRD,2024,MRD-PR,1.6T 하이브리드,FWD,미드나잇 블랙,53,58,150806,-658,100,57,88.5
2024-04,west,MRD,2024,MRD-PR,1.6T 하이브리드,FWD,스틸 그레이,45,49,126994,-554,84,57,88.5
2024-04,west,MRD,2024,MRD-PR,1.6T 하이브리드,FWD,실버,36,39,103183,-450,68,57,88.5
2024-04,west,MRD,2024,MRD-PR,1.6T 하이브리드,FWD,오션 블루,28,30,79372,-346,53,57,88.5
2024-04,west,MRD,2024,MRD-PR,1.6T 하이브리드,FWD,선셋 레드,22,24,63497,-277,42,57,88.5
2024-04,west,MRD,2024,MRD-PR,1.6T 하이브리드,FWD,포레스트 그린,14,15,39686,-173,26,57,88.5
2024-04,west,MRD,2024,MRD-PR,1.6T 하이브리드,FWD,샌드 베이지,14,15,39686,-173,26,57,88.5
2024-04,west,MRD,2024,MRD-SP,2.0 가솔린,AWD,스노우 화이트,14,16,46339,5513,27,57,88.5
2024-04,west,MRD,2024,MRD-SP,2.0 가솔린,AWD,미드나잇 블랙,11,12,36685,4365,21,57,88.5
2024-04,west,MRD,2024,MRD-SP,2.0 가솔린,AWD,스틸 그레이,10,10,30892,3676,18,57,88.5
2024-04,west,MRD,2024,MRD-SP,2.0 가솔린,AWD,실버,8,8,25100,2986,15,57,88.5
2024-04,west,MRD,2024,MRD-SP,2.0 가솔린,AWD,오션 블루,6,6,19308,2297,11,57,88.5
2024-04,west,MRD,2024,MRD-SP,2.0 가솔린,AWD,선셋 레드,5,5,15446,1838,9,57,88.5
2024-04,west,MRD,2024,MRD-SP,2.0 가솔린,AWD,포레스트 그린,3,3,9654,1149,6,56,88.5
2024-04,west,MRD,2024,MRD-SP,2.0 가솔린,AWD,샌드 베이지,3,3,9654,1149,6,56,88.5
2024-04,west,MRD,2024,MRD-SP,2.0 가솔린,FWD,스노우 화이트,57,62,185354,22053,108,57,88.5
2024-04,west,MRD,2024,MRD-SP,2.0 가솔린,FWD,미드나잇 블랙,45,49,146739,17459,85,57,88.5
2024-04,west,MRD,2024,MRD-SP,2.0 가솔린,FWD,스틸 그레이,38,41,123569,14702,72,57,88.5
2024-04,west,MRD,2024,MRD-SP,2.0 가솔린,FWD,실버,31,34,100400,11945,58,57,88.5
2024-04,west,MRD,2024,MRD-SP,2.0 가솔린,FWD,오션 블루,24,26,77231,9189,45,57,88.5
2024-04,west,MRD,2024,MRD-SP,2.0 가솔린,FWD,선셋 레드,19,21,61785,7351,36,57,88.5
2024-04,west,MRD,2024,MRD-SP,2.0 가솔린,FWD,포레스트 그린,12,13,38615,4594,22,57,88.5
2024-04,west,MRD,2024,MRD-SP,2.0 가솔린,FWD,샌드 베이지,12,13,38615,4594,22,57,88.5
2024-04,west,MRD,2024,MRD-SP,1.6T 하이브리드,AWD,스노우 화이트,7,7,22210,2642,13,57,88.5
2024-04,west,MRD,2024,MRD-SP,1.6T 하이브리드,AWD,미드나잇 블랙,5,6,17583,2092,10,57,88.5
2024-04,west,MRD,2024,MRD-SP,1.6T 하이브리드,AWD,스틸 그레이,5,5,14806,1762,9,57,88.5
2024-04,west,MRD,2024,MRD-SP,1.6T 하이브리드,AWD,실버,4,4,12030,1431,7,57,88.5
2024-04,west,MRD,2024,MRD-SP,1.6T 하이브리드,AWD,오션 블루,3,3,9254,1101,5,54,88.5
2024-04,west,MRD,2024,MRD-SP,1.6T 하이브리드,AWD,선셋 레드,2,2,7403,881,4,43,88.5
2024-04,west,MRD,2024,MRD-SP,1.6T 하이브리드,AWD,포레스트 그린,1,2,4627,551,3,27,88.5
2024-04,west,MRD,2024,MRD-SP,1.6T 하이브리드,AWD,샌드 베이지,1,2,4627,551,3,27,88.5
2024-04,west,MRD,2024,MRD-SP,1.6T 하이브리드,FWD,스노우 화이트,27,30,88838,10570,52,57,88.5
2024-04,west,MRD,2024,MRD-SP,1.6T 하이브리드,FWD,미드나잇 블랙,22,24,70330,8368,41,57,88.5
2024-04,west,MRD,2024,MRD-SP,1.6T 하이브리드,FWD,스틸 그레이,18,20,59226,7047,34,57,88.5
2024-04,west,MRD,2024,MRD-SP,1.6T 하이브리드,FWD,실버,15,16,48121,5725,28,57,88.5
2024-04,west,MRD,2024,MRD-SP,1.6T 하이브리드,FWD,오션 블루,11,12,37016,4404,22,57,88.5
2024-04,west,MRD,2024,MRD-SP,1.6T 하이브리드,FWD,선셋 레드,9,10,29613,3523,17,57,88.5
2024-04,west,MRD,2024,MRD-SP,1.6T 하이브리드,FWD,포레스트 그린,6,6,18508,2202,11,57,88.5
2024-04,west,MRD,2024,MRD-SP,1.6T 하이브리드,FWD,샌드 베이지,6,6,18508,2202,11,57,88.5
2024-04,central,MRD,2024,MRD-CO,2.0 가솔린,AWD,스노우 화이트,23,25,59362,-5444,43,57,88.5
2024-04,central,MRD,2024,MRD-CO,2.0 가솔린,AWD,미드나잇 블랙,18,20,46995,-4310,34,57,88.5
2024-04,central,MRD,2024,MRD-CO,2.0 가솔린,AWD,스틸 그레이,15,16,39575,-3629,29,57,88.5
2024-04,central,MRD,2024,MRD-CO,2.0 가솔린,AWD,실버,12,13,32155,-2949,23,57,88.5
2024-04,central,MRD,2024,MRD-CO,2.0 가솔린,AWD,오션 블루,9,10,24734,-2268,18,57,88.5
2024-04,central,MRD,2024,MRD-CO,2.0 가솔린,AWD,선셋 레드,8,8,19787,-1815,14,57,88.5
2024-04,central,MRD,2024,MRD-CO,2.0 가솔린,AWD,포레스트 그린,5,5,12367,-1134,9,57,88.5
2024-04,central,MRD,2024,MRD-CO,2.0 가솔린,AWD,샌드 베이지,5,5,12367,-1134,9,57,88.5
2024-04,central,MRD,2024,MRD-CO,2.0 가솔린,FWD,스노우 화이트,76,83,198734,-18224,143,57,88.5
2024-04,central,MRD,2024,MRD-CO,2.0 가솔린,FWD,미드나잇 블랙,60,65,157331,-14427,113,57,88.5
2024-04,central,MRD,2024,MRD-CO,2.0 가솔린,FWD,스틸 그레이,51,55,132489,-12149,95,57,88.5
2024-04,central,MRD,2024,MRD-CO,2.0 가솔린,FWD,실버,41,45,107648,-9871,78,57,88.5
2024-04,central,MRD,2024,MRD-CO,2.0 가솔린,FWD,오션 블루,32,34,82806,-7593,60,57,88.5
2024-04,central,MRD,2024,MRD-CO,2.0 가솔린,FWD,선셋 레드,25,28,66245,-6075,48,57,88.5
2024-04,central,MRD,2024,MRD-CO,2.0 가솔린,FWD,포레스트 그린,16,17,41403,-3797,30,57,88.5
2024-04,central,MRD,2024,MRD-CO,2.0 가솔린,FWD,샌드 베이지,16,17,41403,-3797,30,57,88.5
2024-04,central,MRD,2024,MRD-CO,1.6T 하이브리드,AWD,스노우 화이트,11,12,28452,-2609,21,57,88.5
2024-04,central,MRD,2024,MRD-CO,1.6T 하이브리드,AWD,미드나잇 블랙,9,9,22524,-2066,16,57,88.5
2024-04,central,MRD,2024,MRD-CO,1.6T 하이브리드,AWD,스틸 그레이,7,8,18968,-1739,14,57,88.5
2024-04,central,MRD,2024,MRD-CO,1.6T 하이브리드,AWD,실버,6,6,15411,-1413,11,57,88.5
2024-04,central,MRD,2024,MRD-CO,1.6T 하이브리드,AWD,오션 블루,5,5,11855,-1087,9,57,88.5
2024-04,central,MRD,2024,MRD-CO,1.6T 하이브리드,AWD,선셋 레드,4,4,9484,-870,7,57,88.5
2024-04,central,MRD,2024,MRD-CO,1.6T 하이브리드,AWD,포레스트 그린,2,2,5927,-544,4,43,88.5
2024-04,central,MRD,2024,MRD-CO,1.6T 하이브리드,AWD,샌드 베이지,2,2,5927,-544,4,43,88.5
2024-04,central,MRD,2024,MRD-CO,1.6T 하이브리드,FWD,스노우 화이트,36,40,95251,-8735,69,57,88.5
2024-04,central,MRD,2024,MRD-CO,1.6T 하이브리드,FWD,미드나잇 블랙,29,31,75407,-6915,54,57,88.5
2024-04,central,MRD,2024,MRD-CO,1.6T 하이브리드,FWD,스틸 그레이,24,26,63501,-5823,46,57,88.5
2024-04,central,MRD,2024,MRD-CO,1.6T 하이브리드,FWD,실버,20,21,51594,-4731,37,57,88.5
2024-04,central,MRD,2024,MRD-CO,1.6T 하이브리드,FWD,오션 블루,15,17,39688,-3639,29,57,88.5
2024-04,central,MRD,2024,MRD-CO,1.6T 하이브리드,FWD,선셋 레드,12,13,31750,-2912,23,57,88.5
2024-04,central,MRD,2024,MRD-CO,1.6T 하이브리드,FWD,포레스트 그린,8,8,19844,-1820,14,57,88.5
2024-04,central,MRD,2024,MRD-CO,1.6T 하이브리드,FWD,샌드 베이지,8,8,19844,-1820,14,57,88.5
2024-04,central,MRD,2024,MRD-PR,2.0 가솔린,AWD,스노우 화이트,26,29,74712,-326,50,57,88.5
2024-04,central,MRD,2024,MRD-PR,2.0 가솔린,AWD,미드나잇 블랙,21,23,59147,-258,39,57,88.5
2024-04,central,MRD,2024,MRD-PR,2.0 가솔린,AWD,스틸 그레이,18,19,49808,-217,33,57,88.5
2024-04,central,MRD,2024,MRD-PR,2.0 가솔린,AWD,실버,14,15,40469,-177,27,57,88.5
2024-04,central,MRD,2024,MRD-PR,2.0 가솔린,AWD,오션 블루,11,12,31130,-136,21,57,88.5
2024-04,central,MRD,2024,MRD-PR,2.0 가솔린,AWD,선셋 레드,9,10,24904,-109,17,57,88.5
2024-04,central,MRD,2024,MRD-PR,2.0 가솔린,AWD,포레스트 그린,5,6,15565,-68,10,57,88.5
2024-04,central,MRD,2024,MRD-PR,2.0 가솔린,AWD,샌드 베이지,5,6,15565,-68,10,57,88.5
2024-04,central,MRD,2024,MRD-PR,2.0 가솔린,FWD,스노우 화이트,88,96,250123,-1092,166,57,88.5
2024-04,central,MRD,2024,MRD-PR,2.0 가솔린,FWD,미드나잇 블랙,70,76,198014,-864,131,57,88.5
2024-04,central,MRD,2024,MRD-PR,2.0 가솔린,FWD,스틸 그레이,59,64,166749,-728,111,57,88.5
2024-04,central,MRD,2024,MRD-PR,2.0 가솔린,FWD,실버,48,52,135483,-591,90,57,88.5
2024-04,central,MRD,2024,MRD-PR,2.0 가솔린,FWD,오션 블루,37,40,104218,-455,69,57,88.5
2024-04,central,MRD,2024,MRD-PR,2.0 가솔린,FWD,선셋 레드,29,32,83374,-364,55,57,88.5
2024-04,central,MRD,2024,MRD-PR,2.0 가솔린,FWD,포레스트 그린,18,20,52109,-227,35,57,88.5
2024-04,central,MRD,2024,MRD-PR,2.0 가솔린,FWD,샌드 베이지,18,20,52109,-227,35,57,88.5
2024-04,central,MRD,2024,MRD-PR,1.6T 하이브리드,AWD,스노우 화이트,13,14,35809,-156,24,57,88.5
2024-04,central,MRD,2024,MRD-PR,1.6T 하이브리드,AWD,미드나잇 블랙,10,11,28349,-124,19,57,88.5
2024-04,central,MRD,2024,MRD-PR,1.6T 하이브리드,AWD,스틸 그레이,8,9,23873,-104,16,57,88.5
2024-04,central,MRD,2024,MRD-PR,1.6T 하이브리드,AWD,실버,7,7,19396,-85,13,57,88.5
2024-04,central,MRD,2024,MRD-PR,1.6T 하이브리드,AWD,오션 블루,5,6,14920,-65,10,57,88.5
2024-04,central,MRD,2024,MRD-PR,1.6T 하이브리드,AWD,선셋 레드,4,5,11936,-52,8,57,88.5
2024-04,central,MRD,2024,MRD-PR,1.6T 하이브리드,AWD,포레스트 그린,3,3,7460,-33,5,49,88.5
2024-04,central,MRD,2024,MRD-PR,1.6T 하이브리드,AWD,샌드 베이지,3,3,7460,-33,5,49,88.5
2024-04,central,MRD,2024,MRD-PR,1.6T 하이브리드,FWD,스노우 화이트,42,46,119882,-523,79,57,88.5
2024-04,central,MRD,2024,MRD-PR,1.6T 하이브리드,FWD,미드나잇 블랙,33,36,94906,-414,63,57,88.5
2024-04,central,MRD,2024,MRD-PR,1.6T 하이브리드,FWD,스틸 그레이,28,31,79921,-349,53,57,88.5
2024-04,central,MRD,2024,MRD-PR,1.6T 하이브리드,FWD,실버,23,25,64936,-283,43,57,88.5
2024-04,central,MRD,2024,MRD-PR,1.6T 하이브리드,FWD,오션 블루,18,19,49951,-218,33,57,88.5
2024-04,central,MRD,2024,MRD-PR,1.6T 하이브리드,FWD,선셋 레드,14,15,39961,-174,26,57,88.5
2024-04,central,MRD,2024,MRD-PR,1.6T 하이브리드,FWD,포레스트 그린,9,10,24975,-109,17,57,88.5
2024-04,central,MRD,2024,MRD-PR,1.6T 하이브리드,FWD,샌드 베이지,9,10,24975,-109,17,57,88.5
2024-04,central,MRD,2024,MRD-SP,2.0 가솔린,AWD,스노우 화이트,11,12,34843,4146,20,57,88.5
2024-04,central,MRD,2024,MRD-SP,2.0 가솔린,AWD,미드나잇 블랙,9,9,27584,3282,16,57,88.5
2024-04,central,MRD,2024,MRD-SP,2.0 가솔린,AWD,스틸 그레이,7,8,23229,2764,14,57,88.5
2024-04,central,MRD,2024,MRD-SP,2.0 가솔린,AWD,실버,6,6,18873,2246,11,57,88.5
2024-04,central,MRD,2024,MRD-SP,2.0 가솔린,AWD,오션 블루,4,5,14518,1727,8,57,88.5
2024-04,central,MRD,2024,MRD-SP,2.0 가솔린,AWD,선셋 레드,4,4,11614,1382,7,57,88.5
2024-04,central,MRD,2024,MRD-SP,2.0 가솔린,AWD,포레스트 그린,2,2,7259,864,4,42,88.5
2024-04,central,MRD,2024,MRD-SP,2.0 가솔린,AWD,샌드 베이지,2,2,7259,864,4,42,88.5
2024-04,central,MRD,2024,MRD-SP,2.0 가솔린,FWD,스노우 화이트,36,39,116648,13879,68,57,88.5
2024-04,central,MRD,2024,MRD-SP,2.0 가솔린,FWD,미드나잇 블랙,29,31,92347,10987,54,57,88.5
2024-04,central,MRD,2024,MRD-SP,2.0 가솔린,FWD,스틸 그레이,24,26,77766,9252,45,57,88.5
2024-04,central,MRD,2024,MRD-SP,2.0 가솔린,FWD,실버,20,21,63185,7518,37,57,88.5
2024-04,central,MRD,2024,MRD-SP,2.0 가솔린,FWD,오션 블루,15,16,48603,5783,28,57,88.5
2024-04,central,MRD,2024,MRD-SP,2.0 가솔린,FWD,선셋 레드,12,13,38883,4626,23,57,88.5
2024-04,central,MRD,2024,MRD-SP,2.0 가솔린,FWD,포레스트 그린,8,8,24302,2891,14,57,88.5
2024-04,central,MRD,2024,MRD-SP,2.0 가솔린,FWD,샌드 베이지,8,8,24302,2891,14,57,88.5
2024-04,central,MRD,2024,MRD-SP,1.6T 하이브리드,AWD,스노우 화이트,5,6,16700,1987,10,57,88.5
2024-04,central,MRD,2024,MRD-SP,1.6T 하이브리드,AWD,미드나잇 블랙,4,4,13221,1573,8,57,88.5
2024-04,central,MRD,2024,MRD-SP,1.6T 하이브리드,AWD,스틸 그레이,3,4,11133,1325,6,57,88.5
2024-04,central,MRD,2024,MRD-SP,1.6T 하이브리드,AWD,실버,3,3,9046,1076,5,53,88.5
2024-04,central,MRD,2024,MRD-SP,1.6T 하이브리드,AWD,오션 블루,2,2,6958,828,4,40,88.5
2024-04,central,MRD,2024,MRD-SP,1.6T 하이브리드,AWD,선셋 레드,2,2,5567,662,3,32,88.5
2024-04,central,MRD,2024,MRD-SP,1.6T 하이브리드,AWD,포레스트 그린,1,1,3479,414,2,20,88.5
2024-04,central,MRD,2024,MRD-SP,1.6T 하이브리드,AWD,샌드 베이지,1,1,3479,414,2,20,88.5
2024-04,central,MRD,2024,MRD-SP,1.6T 하이브리드,FWD,스노우 화이트,17,19,55908,6652,33,57,88.5
2024-04,central,MRD,2024,MRD-SP,1.6T 하이브리드,FWD,미드나잇 블랙,14,15,44261,5266,26,57,88.5
2024-04,central,MRD,2024,MRD-SP,1.6T 하이브리드,FWD,스틸 그레이,12,13,37272,4435,22,57,88.5
2024-04,central,MRD,2024,MRD-SP,1.6T 하이브리드,FWD,실버,9,10,30284,3603,18,57,88.5
2024-04,central,MRD,2024,MRD-SP,1.6T 하이브리드,FWD,오션 블루,7,8,23295,2772,14,57,88.5
2024-04,central,MRD,2024,MRD-SP,1.6T 하이브리드,FWD,선셋 레드,6,6,18636,2217,11,57,88.5
2024-04,central,MRD,2024,MRD-SP,1.6T 하이브리드,FWD,포레스트 그린,4,4,11648,1386,7,57,88.5
2024-04,central,MRD,2024,MRD-SP,1.6T 하이브리드,FWD,샌드 베이지,4,4,11648,1386,7,57,88.5
2024-04,south,MRD,2024,MRD-CO,2.0 가솔린,AWD,스노우 화이트,18,20,48097,-4411,35,57,88.5
2024-04,south,MRD,2024,MRD-CO,2.0 가솔린,AWD,미드나잇 블랙,15,16,38077,-3492,27,57,88.5
2024-04,south,MRD,2024,MRD-CO,2.0 가솔린,AWD,스틸 그레이,12,13,32065,-2940,23,57,88.5
2024-04,south,MRD,2024,MRD-CO,2.0 가솔린,AWD,실버,10,11,26053,-2389,19,57,88.5
2024-04,south,MRD,2024,MRD-CO,2.0 가솔린,AWD,오션 블루,8,8,20040,-1838,14,57,88.5
2024-04,south,MRD,2024,MRD-CO,2.0 가솔린,AWD,선셋 레드,6,7,16032,-1470,12,57,88.5
2024-04,south,MRD,2024,MRD-CO,2.0 가솔린,AWD,포레스트 그린,4,4,10020,-919,7,57,88.5
2024-04,south,MRD,2024,MRD-CO,2.0 가솔린,AWD,샌드 베이지,4,4,10020,-919,7,57,88.5
2024-04,south,MRD,2024,MRD-CO,2.0 가솔린,FWD,스노우 화이트,109,119,285910,-26218,206,57,88.5
2024-04,south,MRD,2024,MRD-CO,2.0 가솔린,FWD,미드나잇 블랙,87,94,226345,-20756,163,57,88.5
2024-04,south,MRD,2024,MRD-CO,2.0 가솔린,FWD,스틸 그레이,73,79,190607,-17479,137,57,88.5
2024-04,south,MRD,2024,MRD-CO,2.0 가솔린,FWD,실버,59,64,154868,-14202,112,57,88.5
2024-04,south,MRD,2024,MRD-CO,2.0 가솔린,FWD,오션 블루,46,50,119129,-10924,86,57,88.5
2024-04,south,MRD,2024,MRD-CO,2.0 가솔린,FWD,선셋 레드,36,40,95303,-8739,69,57,88.5
2024-04,south,MRD,2024,MRD-CO,2.0 가솔린,FWD,포레스트 그린,23,25,59565,-5462,43,57,88.5
2024-04,south,MRD,2024,MRD-CO,2.0 가솔린,FWD,샌드 베이지,23,25,59565,-5462,43,57,88.5
2024-04,south,MRD,2024,MRD-CO,1.6T 하이브리드,AWD,스노우 화이트,9,10,23052,-2114,17,57,88.5
2024-04,south,MRD,2024,MRD-CO,1.6T 하이브리드,AWD,미드나잇 블랙,7,8,18250,-1674,13,57,88.5
2024-04,south,MRD,2024,MRD-CO,1.6T 하이브리드,AWD,스틸 그레이,6,6,15368,-1409,11,57,88.5
2024-04,south,MRD,2024,MRD-CO,1.6T 하이브리드,AWD,실버,5,5,12487,-1145,9,57,88.5
2024-04,south,MRD,2024,MRD-CO,1.6T 하이브리드,AWD,오션 블루,4,4,9605,-881,7,57,88.5
2024-04,south,MRD,2024,MRD-CO,1.6T 하이브리드,AWD,선셋 레드,3,3,7684,-705,6,55,88.5
2024-04,south,MRD,2024,MRD-CO,1.6T 하이브리드,AWD,포레스트 그린,2,2,4803,-440,3,35,88.5
2024-04,south,MRD,2024,MRD-CO,1.6T 하이브리드,AWD,샌드 베이지,2,2,4803,-440,3,35,88.5
2024-04,south,MRD,2024,MRD-CO,1.6T 하이브리드,FWD,스노우 화이트,52,57,137034,-12566,99,57,88.5
2024-04,south,MRD,2024,MRD-CO,1.6T 하이브리드,FWD,미드나잇 블랙,42,45,108485,-9948,78,57,88.5
2024-04,south,MRD,2024,MRD-CO,1.6T 하이브리드,FWD,스틸 그레이,35,38,91356,-8377,66,57,88.5
2024-04,south,MRD,2024,MRD-CO,1.6T 하이브리드,FWD,실버,28,31,74227,-6807,53,57,88.5
2024-04,south,MRD,2024,MRD-CO,1.6T 하이브리드,FWD,오션 블루,22,24,57097,-5236,41,57,88.5
2024-04,south,MRD,2024,MRD-CO,1.6T 하이브리드,FWD,선셋 레드,17,19,45678,-4189,33,57,88.5
2024-04,south,MRD,2024,MRD-CO,1.6T 하이브리드,FWD,포레스트 그린,11,12,28549,-2618,21,57,88.5
2024-04,south,MRD,2024,MRD-CO,1.6T 하이브리드,FWD,샌드 베이지,11,12,28549,-2618,21,57,88.5
2024-04,south,MRD,2024,MRD-PR,2.0 가솔린,AWD,스노우 화이트,21,23,60534,-264,40,57,88.5
2024-04,south,MRD,2024,MRD-PR,2.0 가솔린,AWD,미드나잇 블랙,17,18,47923,-209,32,57,88.5
2024-04,south,MRD,2024,MRD-PR,2.0 가솔린,AWD,스틸 그레이,14,15,40356,-176,27,57,88.5
2024-04,south,MRD,2024,MRD-PR,2.0 가솔린,AWD,실버,12,13,32789,-143,22,57,88.5
2024-04,south,MRD,2024,MRD-PR,2.0 가솔린,AWD,오션 블루,9,10,25223,-110,17,57,88.5
2024-04,south,MRD,2024,MRD-PR,2.0 가솔린,AWD,선셋 레드,7,8,20178,-88,13,57,88.5
2024-04,south,MRD,2024,MRD-PR,2.0 가솔린,AWD,포레스트 그린,4,5,12611,-55,8,57,88.5
2024-04,south,MRD,2024,MRD-PR,2.0 가솔린,AWD,샌드 베이지,4,5,12611,-55,8,57,88.5
2024-04,south,MRD,2024,MRD-PR,2.0 가솔린,FWD,스노우 화이트,127,138,359841,-1571,239,57,88.5
2024-04,south,MRD,2024,MRD-PR,2.0 가솔린,FWD,미드나잇 블랙,100,109,284874,-1243,189,57,88.5
2024-04,south,MRD,2024,MRD-PR,2.0 가솔린,FWD,스틸 그레이,84,92,239894,-1047,159,57,88.5
2024-04,south,MRD,2024,MRD-PR,2.0 가솔린,FWD,실버,69,75,194914,-851,129,57,88.5
2024-04,south,MRD,2024,MRD-PR,2.0 가솔린,FWD,오션 블루,53,57,149934,-654,99,57,88.5
2024-04,south,MRD,2024,MRD-PR,2.0 가솔린,FWD,선셋 레드,42,46,119947,-524,80,57,88.5
2024-04,south,MRD,2024,MRD-PR,2.0 가솔린,FWD,포레스트 그린,26,29,74967,-327,50,57,88.5
2024-04,south,MRD,2024,MRD-PR,2.0 가솔린,FWD,샌드 베이지,26,29,74967,-327,50,57,88.5
2024-04,south,MRD,2024,MRD-PR,1.6T 하이브리드,AWD,스노우 화이트,10,11,29013,-127,19,57,88.5
2024-04,south,MRD,2024,MRD-PR,1.6T 하이브리드,AWD,미드나잇 블랙,8,9,22969,-100,15,57,88.5
2024-04,south,MRD,2024,MRD-PR,1.6T 하이브리드,AWD,스틸 그레이,7,7,19342,-84,13,57,88.5
2024-04,south,MRD,2024,MRD-PR,1.6T 하이브리드,AWD,실버,6,6,15716,-69,10,57,88.5
2024-04,south,MRD,2024,MRD-PR,1.6T 하이브리드,AWD,오션 블루,4,5,12089,-53,8,57,88.5
2024-04,south,MRD,2024,MRD-PR,1.6T 하이브리드,AWD,선셋 레드,3,4,9671,-42,6,57,88.5
2024-04,south,MRD,2024,MRD-PR,1.6T 하이브리드,AWD,포레스트 그린,2,2,6044,-26,4,40,88.5
2024-04,south,MRD,2024,MRD-PR,1.6T 하이브리드,AWD,샌드 베이지,2,2,6044,-26,4,40,88.5
2024-04,south,MRD,2024,MRD-PR,1.6T 하이브리드,FWD,스노우 화이트,61,66,172468,-753,114,57,88.5
2024-04,south,MRD,2024,MRD-PR,1.6T 하이브리드,FWD,미드나잇 블랙,48,52,136537,-596,91,57,88.5
2024-04,south,MRD,2024,MRD-PR,1.6T 하이브리드,FWD,스틸 그레이,40,44,114979,-502,76,57,88.5
2024-04,south,MRD,2024,MRD-PR,1.6T 하이브리드,FWD,실버,33,36,93420,-408,62,57,88.5
2024-04,south,MRD,2024,MRD-PR,1.6T 하이브리드,FWD,오션 블루,25,27,71862,-314,48,57,88.5
2024-04,south,MRD,2024,MRD-PR,1.6T 하이브리드,FWD,선셋 레드,20,22,57489,-251,38,57,88.5
2024-04,south,MRD,2024,MRD-PR,1.6T 하이브리드,FWD,포레스트 그린,13,14,35931,-157,24,57,88.5
2024-04,south,MRD,2024,MRD-PR,1.6T 하이브리드,FWD,샌드 베이지,13,14,35931,-157,24,57,88.5
2024-04,south,MRD,2024,MRD-SP,2.0 가솔린,AWD,스노우 화이트,9,9,28231,3359,16,57,88.5
2024-04,south,MRD,2024,MRD-SP,2.0 가솔린,AWD,미드나잇 블랙,7,8,22349,2659,13,57,88.5
2024-04,south,MRD,2024,MRD-SP,2.0 가솔린,AWD,스틸 그레이,6,6,18821,2239,11,57,88.5
2024-04,south,MRD,2024,MRD-SP,2.0 가솔린,AWD,실버,5,5,15292,1819,9,57,88.5
2024-04,south,MRD,2024,MRD-SP,2.0 가솔린,AWD,오션 블루,4,4,11763,1400,7,57,88.5
2024-04,south,MRD,2024,MRD-SP,2.0 가솔린,AWD,선셋 레드,3,3,9410,1120,5,55,88.5
2024-04,south,MRD,2024,MRD-SP,2.0 가솔린,AWD,포레스트 그린,2,2,5881,700,3,34,88.5
2024-04,south,MRD,2024,MRD-SP,2.0 가솔린,AWD,샌드 베이지,2,2,5881,700,3,34,88.5
2024-04,south,MRD,2024,MRD-SP,2.0 가솔린,FWD,스노우 화이트,52,56,167817,19967,98,57,88.5
2024-04,south,MRD,2024,MRD-SP,2.0 가솔린,FWD,미드나잇 블랙,41,45,132855,15807,77,57,88.5
2024-04,south,MRD,2024,MRD-SP,2.0 가솔린,FWD,스틸 그레이,35,38,111878,13311,65,57,88.5
2024-04,south,MRD,2024,MRD-SP,2.0 가솔린,FWD,실버,28,31,90901,10815,53,57,88.5
2024-04,south,MRD,2024,MRD-SP,2.0 가솔린,FWD,오션 블루,22,23,69924,8319,41,57,88.5
2024-04,south,MRD,2024,MRD-SP,2.0 가솔린,FWD,선셋 레드,17,19,55939,6656,33,57,88.5
2024-04,south,MRD,2024,MRD-SP,2.0 가솔린,FWD,포레스트 그린,11,12,34962,4160,20,57,88.5
2024-04,south,MRD,2024,MRD-SP,2.0 가솔린,FWD,샌드 베이지,11,12,34962,4160,20,57,88.5
2024-04,south,MRD,2024,MRD-SP,1.6T 하이브리드,AWD,스노우 화이트,4,5,13531,1610,8,57,88.5
2024-04,south,MRD,2024,MRD-SP,1.6T 하이브리드,AWD,미드나잇 블랙,3,4,10712,1274,6,57,88.5
2024-04,south,MRD,2024,MRD-SP,1.6T 하이브리드,AWD,스틸 그레이,3,3,9021,1073,5,52,88.5
2024-04,south,MRD,2024,MRD-SP,1.6T 하이브리드,AWD,실버,2,2,7329,872,4,43,88.5
2024-04,south,MRD,2024,MRD-SP,1.6T 하이브리드,AWD,오션 블루,2,2,5638,671,3,33,88.5
2024-04,south,MRD,2024,MRD-SP,1.6T 하이브리드,AWD,선셋 레드,1,2,4510,537,3,26,88.5
2024-04,south,MRD,2024,MRD-SP,1.6T 하이브리드,AWD,포레스트 그린,1,1,2819,335,2,16,88.5
2024-04,south,MRD,2024,MRD-SP,1.6T 하이브리드,AWD,샌드 베이지,1,1,2819,335,2,16,88.5
2024-04,south,MRD,2024,MRD-SP,1.6T 하이브리드,FWD,스노우 화이트,25,27,80433,9570,47,57,88.5
2024-04,south,MRD,2024,MRD-SP,1.6T 하이브리드,FWD,미드나잇 블랙,20,21,63676,7576,37,57,88.5
2024-04,south,MRD,2024,MRD-SP,1.6T 하이브리드,FWD,스틸 그레이,17,18,53622,6380,31,57,88.5
2024-04,south,MRD,2024,MRD-SP,1.6T 하이브리드,FWD,실버,13,15,43568,5184,25,57,88.5
2024-04,south,MRD,2024,MRD-SP,1.6T 하이브리드,FWD,오션 블루,10,11,33514,3987,19,57,88.5
2024-04,south,MRD,2024,MRD-SP,1.6T 하이브리드,FWD,선셋 레드,8,9,26811,3190,16,57,88.5
2024-04,south,MRD,2024,MRD-SP,1.6T 하이브리드,FWD,포레스트 그린,5,6,16757,1994,10,57,88.5
2024-04,south,MRD,2024,MRD-SP,1.6T 하이브리드,FWD,샌드 베이지,5,6,16757,1994,10,57,88.5
2024-04,northeast,MRD,2024,MRD-CO,2.0 가솔린,AWD,스노우 화이트,26,28,67105,-6154,48,57,88.5
2024-04,northeast,MRD,2024,MRD-CO,2.0 가솔린,AWD,미드나잇 블랙,20,22,53125,-4872,38,57,88.5
2024-04,northeast,MRD,2024,MRD-CO,2.0 가솔린,AWD,스틸 그레이,17,19,44737,-4102,32,57,88.5
2024-04,northeast,MRD,2024,MRD-CO,2.0 가솔린,AWD,실버,14,15,36349,-3333,26,57,88.5
2024-04,northeast,MRD,2024,MRD-CO,2.0 가솔린,AWD,오션 블루,11,12,27960,-2564,20,57,88.5
2024-04,northeast,MRD,2024,MRD-CO,2.0 가솔린,AWD,선셋 레드,9,9,22368,-2051,16,57,88.5
2024-04,northeast,MRD,2024,MRD-CO,2.0 가솔린,AWD,포레스트 그린,5,6,13980,-1282,10,57,88.5
2024-04,northeast,MRD,2024,MRD-CO,2.0 가솔린,AWD,샌드 베이지,5,6,13980,-1282,10,57,88.5
2024-04,northeast,MRD,2024,MRD-CO,2.0 가솔린,FWD,스노우 화이트,73,79,190991,-17514,138,57,88.5
2024-04,northeast,MRD,2024,MRD-CO,2.0 가솔린,FWD,미드나잇 블랙,58,63,151201,-13865,109,57,88.5
2024-04,northeast,MRD,2024,MRD-CO,2.0 가솔린,FWD,스틸 그레이,49,53,127328,-11676,92,57,88.5
2024-04,northeast,MRD,2024,MRD-CO,2.0 가솔린,FWD,실버,40,43,103454,-9487,75,57,88.5
2024-04,northeast,MRD,2024,MRD-CO,2.0 가솔린,FWD,오션 블루,30,33,79580,-7298,57,57,88.5
2024-04,northeast,MRD,2024,MRD-CO,2.0 가솔린,FWD,선셋 레드,24,26,63664,-5838,46,57,88.5
2024-04,northeast,MRD,2024,MRD-CO,2.0 가솔린,FWD,포레스트 그린,15,17,39790,-3649,29,57,88.5
2024-04,northeast,MRD,2024,MRD-CO,2.0 가솔린,FWD,샌드 베이지,15,17,39790,-3649,29,57,88.5
2024-04,northeast,MRD,2024,MRD-CO,1.6T 하이브리드,AWD,스노우 화이트,12,13,32163,-2949,23,57,88.5
2024-04,northeast,MRD,2024,MRD-CO,1.6T 하이브리드,AWD,미드나잇 블랙,10,11,25462,-2335,18,57,88.5
2024-04,northeast,MRD,2024,MRD-CO,1.6T 하이브리드,AWD,스틸 그레이,8,9,21442,-1966,15,57,88.5
2024-04,northeast,MRD,2024,MRD-CO,1.6T 하이브리드,AWD,실버,7,7,17422,-1598,13,57,88.5
2024-04,northeast,MRD,2024,MRD-CO,1.6T 하이브리드,AWD,오션 블루,5,6,13401,-1229,10,57,88.5
2024-04,northeast,MRD,2024,MRD-CO,1.6T 하이브리드,AWD,선셋 레드,4,4,10721,-983,8,57,88.5
2024-04,northeast,MRD,2024,MRD-CO,1.6T 하이브리드,AWD,포레스트 그린,3,3,6701,-614,5,48,88.5
2024-04,northeast,MRD,2024,MRD-CO,1.6T 하이브리드,AWD,샌드 베이지,3,3,6701,-614,5,48,88.5
2024-04,northeast,MRD,2024,MRD-CO,1.6T 하이브리드,FWD,스노우 화이트,35,38,91540,-8394,66,57,88.5
2024-04,northeast,MRD,2024,MRD-CO,1.6T 하이브리드,FWD,미드나잇 블랙,28,30,72469,-6646,52,57,88.5
2024-04,northeast,MRD,2024,MRD-CO,1.6T 하이브리드,FWD,스틸 그레이,23,25,61027,-5596,44,57,88.5
2024-04,northeast,MRD,2024,MRD-CO,1.6T 하이브리드,FWD,실버,19,21,49584,-4547,36,57,88.5
2024-04,northeast,MRD,2024,MRD-CO,1.6T 하이브리드,FWD,오션 블루,15,16,38142,-3498,27,57,88.5
2024-04,northeast,MRD,2024,MRD-CO,1.6T 하이브리드,FWD,선셋 레드,12,13,30513,-2798,22,57,88.5
2024-04,northeast,MRD,2024,MRD-CO,1.6T 하이브리드,FWD,포레스트 그린,7,8,19071,-1749,14,57,88.5
2024-04,northeast,MRD,2024,MRD-CO,1.6T 하이브리드,FWD,샌드 베이지,7,8,19071,-1749,14,57,88.5
2024-04,northeast,MRD,2024,MRD-PR,2.0 가솔린,AWD,스노우 화이트,30,32,84457,-369,56,57,88.5
2024-04,northeast,MRD,2024,MRD-PR,2.0 가솔린,AWD,미드나잇 블랙,24,26,66862,-292,44,57,88.5
2024-04,northeast,MRD,2024,MRD-PR,2.0 가솔린,AWD,스틸 그레이,20,22,56305,-246,37,57,88.5
2024-04,northeast,MRD,2024,MRD-PR,2.0 가솔린,AWD,실버,16,18,45748,-200,30,57,88.5
2024-04,northeast,MRD,2024,MRD-PR,2.0 가솔린,AWD,오션 블루,12,13,35190,-154,23,57,88.5
2024-04,northeast,MRD,2024,MRD-PR,2.0 가솔린,AWD,선셋 레드,10,11,28152,-123,19,57,88.5
2024-04,northeast,MRD,2024,MRD-PR,2.0 가솔린,AWD,포레스트 그린,6,7,17595,-77,12,57,88.5
2024-04,northeast,MRD,2024,MRD-PR,2.0 가솔린,AWD,샌드 베이지,6,7,17595,-77,12,57,88.5
2024-04,northeast,MRD,2024,MRD-PR,2.0 가솔린,FWD,스노우 화이트,85,92,240378,-1049,159,57,88.5
2024-04,northeast,MRD,2024,MRD-PR,2.0 가솔린,FWD,미드나잇 블랙,67,73,190299,-831,126,57,88.5
2024-04,northeast,MRD,2024,MRD-PR,2.0 가솔린,FWD,스틸 그레이,56,61,160252,-700,106,57,88.5
2024-04,northeast,MRD,2024,MRD-PR,2.0 가솔린,FWD,실버,46,50,130205,-568,86,57,88.5
2024-04,northeast,MRD,2024,MRD-PR,2.0 가솔린,FWD,오션 블루,35,38,100158,-437,66,57,88.5
2024-04,northeast,MRD,2024,MRD-PR,2.0 가솔린,FWD,선셋 레드,28,31,80126,-350,53,57,88.5
2024-04,northeast,MRD,2024,MRD-PR,2.0 가솔린,FWD,포레스트 그린,18,19,50079,-219,33,57,88.5
2024-04,northeast,MRD,2024,MRD-PR,2.0 가솔린,FWD,샌드 베이지,18,19,50079,-219,33,57,88.5
2024-04,northeast,MRD,2024,MRD-PR,1.6T 하이브리드,AWD,스노우 화이트,14,15,40479,-177,27,57,88.5
2024-04,northeast,MRD,2024,MRD-PR,1.6T 하이브리드,AWD,미드나잇 블랙,11,12,32046,-140,21,57,88.5
2024-04,northeast,MRD,2024,MRD-PR,1.6T 하이브리드,AWD,스틸 그레이,10,10,26986,-118,18,57,88.5
2024-04,northeast,MRD,2024,MRD-PR,1.6T 하이브리드,AWD,실버,8,8,21926,-96,15,57,88.5
2024-04,northeast,MRD,2024,MRD-PR,1.6T 하이브리드,AWD,오션 블루,6,6,16866,-74,11,57,88.5
2024-04,northeast,MRD,2024,MRD-PR,1.6T 하이브리드,AWD,선셋 레드,5,5,13493,-59,9,57,88.5
2024-04,northeast,MRD,2024,MRD-PR,1.6T 하이브리드,AWD,포레스트 그린,3,3,8433,-37,6,56,88.5
2024-04,northeast,MRD,2024,MRD-PR,1.6T 하이브리드,AWD,샌드 베이지,3,3,8433,-37,6,56,88.5
2024-04,northeast,MRD,2024,MRD-PR,1.6T 하이브리드,FWD,스노우 화이트,41,44,115211,-503,76,57,88.5
2024-04,northeast,MRD,2024,MRD-PR,1.6T 하이브리드,FWD,미드나잇 블랙,32,35,91209,-398,60,57,88.5
2024-04,northeast,MRD,2024,MRD-PR,1.6T 하이브리드,FWD,스틸 그레이,27,29,76807,-335,51,57,88.5
2024-04,northeast,MRD,2024,MRD-PR,1.6T 하이브리드,FWD,실버,22,24,62406,-272,41,57,88.5
2024-04,northeast,MRD,2024,MRD-PR,1.6T 하이브리드,FWD,오션 블루,17,18,48005,-210,32,57,88.5
2024-04,northeast,MRD,2024,MRD-PR,1.6T 하이브리드,FWD,선셋 레드,14,15,38404,-168,25,57,88.5
2024-04,northeast,MRD,2024,MRD-PR,1.6T 하이브리드,FWD,포레스트 그린,8,9,24002,-105,16,57,88.5
2024-04,northeast,MRD,2024,MRD-PR,1.6T 하이브리드,FWD,샌드 베이지,8,9,24002,-105,16,57,88.5
2024-04,northeast,MRD,2024,MRD-SP,2.0 가솔린,AWD,스노우 화이트,12,13,39388,4686,23,57,88.5
2024-04,northeast,MRD,2024,MRD-SP,2.0 가솔린,AWD,미드나잇 블랙,10,10,31182,3710,18,57,88.5
2024-04,northeast,MRD,2024,MRD-SP,2.0 가솔린,AWD,스틸 그레이,8,9,26259,3124,15,57,88.5
2024-04,northeast,MRD,2024,MRD-SP,2.0 가솔린,AWD,실버,7,7,21335,2538,12,57,88.5
2024-04,northeast,MRD,2024,MRD-SP,2.0 가솔린,AWD,오션 블루,5,6,16412,1953,10,57,88.5
2024-04,northeast,MRD,2024,MRD-SP,2.0 가솔린,AWD,선셋 레드,4,4,13129,1562,8,57,88.5
2024-04,northeast,MRD,2024,MRD-SP,2.0 가솔린,AWD,포레스트 그린,3,3,8206,976,5,48,88.5
2024-04,northeast,MRD,2024,MRD-SP,2.0 가솔린,AWD,샌드 베이지,3,3,8206,976,5,48,88.5
2024-04,northeast,MRD,2024,MRD-SP,2.0 가솔린,FWD,스노우 화이트,35,38,112104,13338,65,57,88.5
2024-04,northeast,MRD,2024,MRD-SP,2.0 가솔린,FWD,미드나잇 블랙,27,30,88749,10559,52,57,88.5
2024-04,northeast,MRD,2024,MRD-SP,2.0 가솔린,FWD,스틸 그레이,23,25,74736,8892,43,57,88.5
2024-04,northeast,MRD,2024,MRD-SP,2.0 가솔린,FWD,실버,19,20,60723,7225,35,57,88.5
2024-04,northeast,MRD,2024,MRD-SP,2.0 가솔린,FWD,오션 블루,14,16,46710,5557,27,57,88.5
2024-04,northeast,MRD,2024,MRD-SP,2.0 가솔린,FWD,선셋 레드,12,13,37368,4446,22,57,88.5
2024-04,northeast,MRD,2024,MRD-SP,2.0 가솔린,FWD,포레스트 그린,7,8,23355,2779,14,57,88.5
2024-04,northeast,MRD,2024,MRD-SP,2.0 가솔린,FWD,샌드 베이지,7,8,23355,2779,14,57,88.5
2024-04,northeast,MRD,2024,MRD-SP,1.6T 하이브리드,AWD,스노우 화이트,6,6,18878,2246,11,57,88.5
2024-04,northeast,MRD,2024,MRD-SP,1.6T 하이브리드,AWD,미드나잇 블랙,5,5,14945,1778,9,57,88.5
2024-04,northeast,MRD,2024,MRD-SP,1.6T 하이브리드,AWD,스틸 그레이,4,4,12585,1497,7,57,88.5
2024-04,northeast,MRD,2024,MRD-SP,1.6T 하이브리드,AWD,실버,3,3,10226,1217,6,57,88.5
2024-04,northeast,MRD,2024,MRD-SP,1.6T 하이브리드,AWD,오션 블루,2,3,7866,936,5,46,88.5
2024-04,northeast,MRD,2024,MRD-SP,1.6T 하이브리드,AWD,선셋 레드,2,2,6293,749,4,37,88.5
2024-04,northeast,MRD,2024,MRD-SP,1.6T 하이브리드,AWD,포레스트 그린,1,1,3933,468,2,23,88.5
2024-04,northeast,MRD,2024,MRD-SP,1.6T 하이브리드,AWD,샌드 베이지,1,1,3933,468,2,23,88.5
2024-04,northeast,MRD,2024,MRD-SP,1.6T 하이브리드,FWD,스노우 화이트,17,18,53730,6393,31,57,88.5
2024-04,northeast,MRD,2024,MRD-SP,1.6T 하이브리드,FWD,미드나잇 블랙,13,14,42536,5061,25,57,88.5
2024-04,northeast,MRD,2024,MRD-SP,1.6T 하이브리드,FWD,스틸 그레이,11,12,35820,4262,21,57,88.5
2024-04,northeast,MRD,2024,MRD-SP,1.6T 하이브리드,FWD,실버,9,10,29104,3463,17,57,88.5
2024-04,northeast,MRD,2024,MRD-SP,1.6T 하이브리드,FWD,오션 블루,7,8,22388,2664,13,57,88.5
2024-04,northeast,MRD,2024,MRD-SP,1.6T 하이브리드,FWD,선셋 레드,6,6,17910,2131,10,57,88.5
2024-04,northeast,MRD,2024,MRD-SP,1.6T 하이브리드,FWD,포레스트 그린,3,4,11194,1332,7,57,88.5
2024-04,northeast,MRD,2024,MRD-SP,1.6T 하이브리드,FWD,샌드 베이지,3,4,11194,1332,7,57,88.5
2024-04,southeast,MRD,2024,MRD-CO,2.0 가솔린,AWD,스노우 화이트,18,19,46457,-4260,33,57,88.5
2024-04,southeast,MRD,2024,MRD-CO,2.0 가솔린,AWD,미드나잇 블랙,14,15,36779,-3373,27,57,88.5
2024-04,southeast,MRD,2024,MRD-CO,2.0 가솔린,AWD,스틸 그레이,12,13,30972,-2840,22,57,88.5
2024-04,southeast,MRD,2024,MRD-CO,2.0 가솔린,AWD,실버,10,10,25164,-2308,18,57,88.5
2024-04,southeast,MRD,2024,MRD-CO,2.0 가솔린,AWD,오션 블루,7,8,19357,-1775,14,57,88.5
2024-04,southeast,MRD,2024,MRD-CO,2.0 가솔린,AWD,선셋 레드,6,6,15486,-1420,11,57,88.5
2024-04,southeast,MRD,2024,MRD-CO,2.0 가솔린,AWD,포레스트 그린,4,4,9679,-888,7,57,88.5
2024-04,southeast,MRD,2024,MRD-CO,2.0 가솔린,AWD,샌드 베이지,4,4,9679,-888,7,57,88.5
2024-04,southeast,MRD,2024,MRD-CO,2.0 가솔린,FWD,스노우 화이트,87,94,226821,-20800,163,57,88.5
2024-04,southeast,MRD,2024,MRD-CO,2.0 가솔린,FWD,미드나잇 블랙,69,75,179567,-16466,129,57,88.5
2024-04,southeast,MRD,2024,MRD-CO,2.0 가솔린,FWD,스틸 그레이,58,63,151214,-13867,109,57,88.5
2024-04,southeast,MRD,2024,MRD-CO,2.0 가솔린,FWD,실버,47,51,122861,-11267,89,57,88.5
2024-04,southeast,MRD,2024,MRD-CO,2.0 가솔린,FWD,오션 블루,36,39,94509,-8667,68,57,88.5
2024-04,southeast,MRD,2024,MRD-CO,2.0 가솔린,FWD,선셋 레드,29,31,75607,-6933,54,57,88.5
2024-04,southeast,MRD,2024,MRD-CO,2.0 가솔린,FWD,포레스트 그린,18,20,47254,-4333,34,57,88.5
2024-04,southeast,MRD,2024,MRD-CO,2.0 가솔린,FWD,샌드 베이지,18,20,47254,-4333,34,57,88.5
2024-04,southeast,MRD,2024,MRD-CO,1.6T 하이브리드,AWD,스노우 화이트,9,9,22267,-2042,16,57,88.5
2024-04,southeast,MRD,2024,MRD-CO,1.6T 하이브리드,AWD,미드나잇 블랙,7,7,17628,-1616,13,57,88.5
2024-04,southeast,MRD,2024,MRD-CO,1.6T 하이브리드,AWD,스틸 그레이,6,6,14844,-1361,11,57,88.5
2024-04,southeast,MRD,2024,MRD-CO,1.6T 하이브리드,AWD,실버,5,5,12061,-1106,9,57,88.5
2024-04,southeast,MRD,2024,MRD-CO,1.6T 하이브리드,AWD,오션 블루,4,4,9278,-851,7,57,88.5
2024-04,southeast,MRD,2024,MRD-CO,1.6T 하이브리드,AWD,선셋 레드,3,3,7422,-681,5,53,88.5
2024-04,southeast,MRD,2024,MRD-CO,1.6T 하이브리드,AWD,포레스트 그린,2,2,4639,-425,3,33,88.5
2024-04,southeast,MRD,2024,MRD-CO,1.6T 하이브리드,AWD,샌드 베이지,2,2,4639,-425,3,33,88.5
2024-04,southeast,MRD,2024,MRD-CO,1.6T 하이브리드,FWD,스노우 화이트,42,45,108713,-9969,78,57,88.5
2024-04,southeast,MRD,2024,MRD-CO,1.6T 하이브리드,FWD,미드나잇 블랙,33,36,86065,-7892,62,57,88.5
2024-04,southeast,MRD,2024,MRD-CO,1.6T 하이브리드,FWD,스틸 그레이,28,30,72475,-6646,52,57,88.5
2024-04,southeast,MRD,2024,MRD-CO,1.6T 하이브리드,FWD,실버,23,24,58886,-5400,42,57,88.5
2024-04,southeast,MRD,2024,MRD-CO,1.6T 하이브리드,FWD,오션 블루,17,19,45297,-4154,33,57,88.5
2024-04,southeast,MRD,2024,MRD-CO,1.6T 하이브리드,FWD,선셋 레드,14,15,36238,-3323,26,57,88.5
2024-04,southeast,MRD,2024,MRD-CO,1.6T 하이브리드,FWD,포레스트 그린,9,9,22649,-2077,16,57,88.5
2024-04,southeast,MRD,2024,MRD-CO,1.6T 하이브리드,FWD,샌드 베이지,9,9,22649,-2077,16,57,88.5
2024-04,southeast,MRD,2024,MRD-PR,2.0 가솔린,AWD,스노우 화이트,21,22,58470,-255,39,57,88.5
2024-04,southeast,MRD,2024,MRD-PR,2.0 가솔린,AWD,미드나잇 블랙,16,18,46289,-202,31,57,88.5
2024-04,southeast,MRD,2024,MRD-PR,2.0 가솔린,AWD,스틸 그레이,14,15,38980,-170,26,57,88.5
2024-04,southeast,MRD,2024,MRD-PR,2.0 가솔린,AWD,실버,11,12,31671,-138,21,57,88.5
2024-04,southeast,MRD,2024,MRD-PR,2.0 가솔린,AWD,오션 블루,9,9,24363,-106,16,57,88.5
2024-04,southeast,MRD,2024,MRD-PR,2.0 가솔린,AWD,선셋 레드,7,7,19490,-85,13,57,88.5
2024-04,southeast,MRD,2024,MRD-PR,2.0 가솔린,AWD,포레스트 그린,4,5,12181,-53,8,57,88.5
2024-04,southeast,MRD,2024,MRD-PR,2.0 가솔린,AWD,샌드 베이지,4,5,12181,-53,8,57,88.5
2024-04,southeast,MRD,2024,MRD-PR,2.0 가솔린,FWD,스노우 화이트,100,109,285473,-1246,189,57,88.5
2024-04,southeast,MRD,2024,MRD-PR,2.0 가솔린,FWD,미드나잇 블랙,80,86,225999,-987,150,57,88.5
2024-04,southeast,MRD,2024,MRD-PR,2.0 가솔린,FWD,스틸 그레이,67,73,190315,-831,126,57,88.5
2024-04,southeast,MRD,2024,MRD-PR,2.0 가솔린,FWD,실버,54,59,154631,-675,103,57,88.5
2024-04,southeast,MRD,2024,MRD-PR,2.0 가솔린,FWD,오션 블루,42,46,118947,-519,79,57,88.5
2024-04,southeast,MRD,2024,MRD-PR,2.0 가솔린,FWD,선셋 레드,33,36,95158,-415,63,57,88.5
2024-04,southeast,MRD,2024,MRD-PR,2.0 가솔린,FWD,포레스트 그린,21,23,59474,-260,39,57,88.5
2024-04,southeast,MRD,2024,MRD-PR,2.0 가솔린,FWD,샌드 베이지,21,23,59474,-260,39,57,88.5
2024-04,southeast,MRD,2024,MRD-PR,1.6T 하이브리드,AWD,스노우 화이트,10,11,28024,-122,19,57,88.5
2024-04,southeast,MRD,2024,MRD-PR,1.6T 하이브리드,AWD,미드나잇 블랙,8,8,22186,-97,15,57,88.5
2024-04,southeast,MRD,2024,MRD-PR,1.6T 하이브리드,AWD,스틸 그레이,7,7,18683,-82,12,57,88.5
2024-04,southeast,MRD,2024,MRD-PR,1.6T 하이브리드,AWD,실버,5,6,15180,-66,10,57,88.5
2024-04,southeast,MRD,2024,MRD-PR,1.6T 하이브리드,AWD,오션 블루,4,4,11677,-51,8,57,88.5
2024-04,southeast,MRD,2024,MRD-PR,1.6T 하이브리드,AWD,선셋 레드,3,4,9341,-41,6,57,88.5
2024-04,southeast,MRD,2024,MRD-PR,1.6T 하이브리드,AWD,포레스트 그린,2,2,5838,-25,4,39,88.5
2024-04,southeast,MRD,2024,MRD-PR,1.6T 하이브리드,AWD,샌드 베이지,2,2,5838,-25,4,39,88.5
2024-04,southeast,MRD,2024,MRD-PR,1.6T 하이브리드,FWD,스노우 화이트,48,52,136824,-597,91,57,88.5
2024-04,southeast,MRD,2024,MRD-PR,1.6T 하이브리드,FWD,미드나잇 블랙,38,41,108319,-473,72,57,88.5
2024-04,southeast,MRD,2024,MRD-PR,1.6T 하이브리드,FWD,스틸 그레이,32,35,91216,-398,60,57,88.5
2024-04,southeast,MRD,2024,MRD-PR,1.6T 하이브리드,FWD,실버,26,28,74113,-324,49,57,88.5
2024-04,southeast,MRD,2024,MRD-PR,1.6T 하이브리드,FWD,오션 블루,20,22,57010,-249,38,57,88.5
2024-04,southeast,MRD,2024,MRD-PR,1.6T 하이브리드,FWD,선셋 레드,16,17,45608,-199,30,57,88.5
2024-04,southeast,MRD,2024,MRD-PR,1.6T 하이브리드,FWD,포레스트 그린,10,11,28505,-124,19,57,88.5
2024-04,southeast,MRD,2024,MRD-PR,1.6T 하이브리드,FWD,샌드 베이지,10,11,28505,-124,19,57,88.5
2024-04,southeast,MRD,2024,MRD-SP,2.0 가솔린,AWD,스노우 화이트,8,9,27268,3244,16,57,88.5
2024-04,southeast,MRD,2024,MRD-SP,2.0 가솔린,AWD,미드나잇 블랙,7,7,21588,2568,13,57,88.5
2024-04,southeast,MRD,2024,MRD-SP,2.0 가솔린,AWD,스틸 그레이,6,6,18179,2163,11,57,88.5
2024-04,southeast,MRD,2024,MRD-SP,2.0 가솔린,AWD,실버,5,5,14770,1757,9,57,88.5
2024-04,southeast,MRD,2024,MRD-SP,2.0 가솔린,AWD,오션 블루,4,4,11362,1352,7,57,88.5
2024-04,southeast,MRD,2024,MRD-SP,2.0 가솔린,AWD,선셋 레드,3,3,9089,1081,5,53,88.5
2024-04,southeast,MRD,2024,MRD-SP,2.0 가솔린,AWD,포레스트 그린,2,2,5681,676,3,33,88.5
2024-04,southeast,MRD,2024,MRD-SP,2.0 가솔린,AWD,샌드 베이지,2,2,5681,676,3,33,88.5
2024-04,southeast,MRD,2024,MRD-SP,2.0 가솔린,FWD,스노우 화이트,41,45,133134,15840,77,57,88.5
2024-04,southeast,MRD,2024,MRD-SP,2.0 가솔린,FWD,미드나잇 블랙,33,35,105398,12540,61,57,88.5
2024-04,southeast,MRD,2024,MRD-SP,2.0 가솔린,FWD,스틸 그레이,27,30,88756,10560,52,57,88.5
2024-04,southeast,MRD,2024,MRD-SP,2.0 가솔린,FWD,실버,22,24,72114,8580,42,57,88.5
2024-04,southeast,MRD,2024,MRD-SP,2.0 가솔린,FWD,오션 블루,17,19,55473,6600,32,57,88.5
2024-04,southeast,MRD,2024,MRD-SP,2.0 가솔린,FWD,선셋 레드,14,15,44378,5280,26,57,88.5
2024-04,southeast,MRD,2024,MRD-SP,2.0 가솔린,FWD,포레스트 그린,9,9,27736,3300,16,57,88.5
2024-04,southeast,MRD,2024,MRD-SP,2.0 가솔린,FWD,샌드 베이지,9,9,27736,3300,16,57,88.5
2024-04,southeast,MRD,2024,MRD-SP,1.6T 하이브리드,AWD,스노우 화이트,4,4,13069,1555,8,57,88.5
2024-04,southeast,MRD,2024,MRD-SP,1.6T 하이브리드,AWD,미드나잇 블랙,3,3,10347,1231,6,57,88.5
2024-04,southeast,MRD,2024,MRD-SP,1.6T 하이브리드,AWD,스틸 그레이,3,3,8713,1037,5,51,88.5
2024-04,southeast,MRD,2024,MRD-SP,1.6T 하이브리드,AWD,실버,2,2,7079,842,4,41,88.5
2024-04,southeast,MRD,2024,MRD-SP,1.6T 하이브리드,AWD,오션 블루,2,2,5446,648,3,32,88.5
2024-04,southeast,MRD,2024,MRD-SP,1.6T 하이브리드,AWD,선셋 레드,1,1,4356,518,3,25,88.5
2024-04,southeast,MRD,2024,MRD-SP,1.6T 하이브리드,AWD,포레스트 그린,1,1,2723,324,2,16,88.5
2024-04,southeast,MRD,2024,MRD-SP,1.6T 하이브리드,AWD,샌드 베이지,1,1,2723,324,2,16,88.5
2024-04,southeast,MRD,2024,MRD-SP,1.6T 하이브리드,FWD,스노우 화이트,20,21,63810,7592,37,57,88.5
2024-04,southeast,MRD,2024,MRD-SP,1.6T 하이브리드,FWD,미드나잇 블랙,16,17,50516,6010,29,57,88.5
2024-04,southeast,MRD,2024,MRD-SP,1.6T 하이브리드,FWD,스틸 그레이,13,14,42540,5061,25,57,88.5
2024-04,southeast,MRD,2024,MRD-SP,1.6T 하이브리드,FWD,실버,11,12,34564,4112,20,57,88.5
2024-04,southeast,MRD,2024,MRD-SP,1.6T 하이브리드,FWD,오션 블루,8,9,26587,3163,15,57,88.5
2024-04,southeast,MRD,2024,MRD-SP,1.6T 하이브리드,FWD,선셋 레드,7,7,21270,2531,12,57,88.5
2024-04,southeast,MRD,2024,MRD-SP,1.6T 하이브리드,FWD,포레스트 그린,4,4,13294,1582,8,57,88.5
2024-04,southeast,MRD,2024,MRD-SP,1.6T 하이브리드,FWD,샌드 베이지,4,4,13294,1582,8,57,88.5
2024-04,west,NOV,2024,NOV-CO,3.5 가솔린,AWD,스노우 화이트,44,48,167951,4390,83,57,88.5
2024-04,west,NOV,2024,NOV-CO,3.5 가솔린,AWD,미드나잇 블랙,35,38,132961,3476,65,57,88.5
2024-04,west,NOV,2024,NOV-CO,3.5 가솔린,AWD,스틸 그레이,29,32,111967,2927,55,57,88.5
2024-04,west,NOV,2024,NOV-CO,3.5 가솔린,AWD,실버,24,26,90973,2378,45,57,88.5
2024-04,west,NOV,2024,NOV-CO,3.5 가솔린,AWD,오션 블루,18,20,69979,1829,34,57,88.5
2024-04,west,NOV,2024,NOV-CO,3.5 가솔린,AWD,선셋 레드,15,16,55984,1463,28,57,88.5
2024-04,west,NOV,2024,NOV-CO,3.5 가솔린,AWD,포레스트 그린,9,10,34990,915,17,57,88.5
2024-04,west,NOV,2024,NOV-CO,3.5 가솔린,AWD,샌드 베이지,9,10,34990,915,17,57,88.5
2024-04,west,NOV,2024,NOV-CO,3.5 가솔린,FWD,스노우 화이트,82,89,311908,8153,154,57,88.5
2024-04,west,NOV,2024,NOV-CO,3.5 가솔린,FWD,미드나잇 블랙,65,70,246927,6455,122,57,88.5
2024-04,west,NOV,2024,NOV-CO,3.5 가솔린,FWD,스틸 그레이,55,59,207939,5436,102,57,88.5
2024-04,west,NOV,2024,NOV-CO,3.5 가솔린,FWD,실버,44,48,168950,4416,83,57,88.5
2024-04,west,NOV,2024,NOV-CO,3.5 가솔린,FWD,오션 블루,34,37,129962,3397,64,57,88.5
2024-04,west,NOV,2024,NOV-CO,3.5 가솔린,FWD,선셋 레드,27,30,103969,2718,51,57,88.5
2024-04,west,NOV,2024,NOV-CO,3.5 가솔린,FWD,포레스트 그린,17,18,64981,1699,32,57,88.5
2024-04,west,NOV,2024,NOV-CO,3.5 가솔린,FWD,샌드 베이지,17,18,64981,1699,32,57,88.5
2024-04,west,NOV,2024,NOV-CO,1.6T 하이브리드,AWD,스노우 화이트,21,23,80497,2104,40,57,88.5
2024-04,west,NOV,2024,NOV-CO,1.6T 하이브리드,AWD,미드나잇 블랙,17,18,63727,1666,31,57,88.5
2024-04,west,NOV,2024,NOV-CO,1.6T 하이브리드,AWD,스틸 그레이,14,15,53665,1403,26,57,88.5
2024-04,west,NOV,2024,NOV-CO,1.6T 하이브리드,AWD,실버,11,12,43603,1140,21,57,88.5
2024-04,west,NOV,2024,NOV-CO,1.6T 하이브리드,AWD,오션 블루,9,10,33540,877,17,57,88.5
2024-04,west,NOV,2024,NOV-CO,1.6T 하이브리드,AWD,선셋 레드,7,8,26832,701,13,57,88.5
2024-04,west,NOV,2024,NOV-CO,1.6T 하이브리드,AWD,포레스트 그린,4,5,16770,438,8,57,88.5
2024-04,west,NOV,2024,NOV-CO,1.6T 하이브리드,AWD,샌드 베이지,4,5,16770,438,8,57,88.5
2024-04,west,NOV,2024,NOV-CO,1.6T 하이브리드,FWD,스노우 화이트,39,43,149495,3908,74,57,88.5
2024-04,west,NOV,2024,NOV-CO,1.6T 하이브리드,FWD,미드나잇 블랙,31,34,118350,3094,58,57,88.5
2024-04,west,NOV,2024,NOV-CO,1.6T 하이브리드,FWD,스틸 그레이,26,28,99663,2605,49,57,88.5
2024-04,west,NOV,2024,NOV-CO,1.6T 하이브리드,FWD,실버,21,23,80976,2117,40,57,88.5
2024-04,west,NOV,2024,NOV-CO,1.6T 하이브리드,FWD,오션 블루,16,18,62289,1628,31,57,88.5
2024-04,west,NOV,2024,NOV-CO,1.6T 하이브리드,FWD,선셋 레드,13,14,49832,1303,25,57,88.5
2024-04,west,NOV,2024,NOV-CO,1.6T 하이브리드,FWD,포레스트 그린,8,9,31145,814,15,57,88.5
2024-04,west,NOV,2024,NOV-CO,1.6T 하이브리드,FWD,샌드 베이지,8,9,31145,814,15,57,88.5
2024-04,west,NOV,2024,NOV-PR,3.5 가솔린,AWD,스노우 화이트,51,55,211380,21994,96,57,88.5
2024-04,west,NOV,2024,NOV-PR,3.5 가솔린,AWD,미드나잇 블랙,40,44,167342,17412,76,57,88.5
2024-04,west,NOV,2024,NOV-PR,3.5 가솔린,AWD,스틸 그레이,34,37,140920,14663,64,57,88.5
2024-04,west,NOV,2024,NOV-PR,3.5 가솔린,AWD,실버,28,30,114497,11913,52,57,88.5
2024-04,west,NOV,2024,NOV-PR,3.5 가솔린,AWD,오션 블루,21,23,88075,9164,40,57,88.5
2024-04,west,NOV,2024,NOV-PR,3.5 가솔린,AWD,선셋 레드,17,18,70460,7331,32,57,88.5
2024-04,west,NOV,2024,NOV-PR,3.5 가솔린,AWD,포레스트 그린,11,12,44037,4582,20,57,88.5
2024-04,west,NOV,2024,NOV-PR,3.5 가솔린,AWD,샌드 베이지,11,12,44037,4582,20,57,88.5
2024-04,west,NOV,2024,NOV-PR,3.5 가솔린,FWD,스노우 화이트,95,103,392562,40846,178,57,88.5
2024-04,west,NOV,2024,NOV-PR,3.5 가솔린,FWD,미드나잇 블랙,75,81,310778,32336,141,57,88.5
2024-04,west,NOV,2024,NOV-PR,3.5 가솔린,FWD,스틸 그레이,63,69,261708,27231,119,57,88.5
2024-04,west,NOV,2024,NOV-PR,3.5 가솔린,FWD,실버,51,56,212638,22125,96,57,88.5
2024-04,west,NOV,2024,NOV-PR,3.5 가솔린,FWD,오션 블루,40,43,163567,17019,74,57,88.5
2024-04,west,NOV,2024,NOV-PR,3.5 가솔린,FWD,선셋 레드,32,34,130854,13615,59,57,88.5
2024-04,west,NOV,2024,NOV-PR,3.5 가솔린,FWD,포레스트 그린,20,21,81784,8510,37,57,88.5
2024-04,west,NOV,2024,NOV-PR,3.5 가솔린,FWD,샌드 베이지,20,21,81784,8510,37,57,88.5
2024-04,west,NOV,2024,NOV-PR,1.6T 하이브리드,AWD,스노우 화이트,25,27,101312,10541,46,57,88.5
2024-04,west,NOV,2024,NOV-PR,1.6T 하이브리드,AWD,미드나잇 블랙,19,21,80205,8345,36,57,88.5
2024-04,west,NOV,2024,NOV-PR,1.6T 하이브리드,AWD,스틸 그레이,16,18,67541,7028,31,57,88.5
2024-04,west,NOV,2024,NOV-PR,1.6T 하이브리드,AWD,실버,13,14,54877,5710,25,57,88.5
2024-04,west,NOV,2024,NOV-PR,1.6T 하이브리드,AWD,오션 블루,10,11,42213,4392,19,57,88.5
2024-04,west,NOV,2024,NOV-PR,1.6T 하이브리드,AWD,선셋 레드,8,9,33771,3514,15,57,88.5
2024-04,west,NOV,2024,NOV-PR,1.6T 하이브리드,AWD,포레스트 그린,5,6,21107,2196,10,57,88.5
2024-04,west,NOV,2024,NOV-PR,1.6T 하이브리드,AWD,샌드 베이지,5,6,21107,2196,10,57,88.5
2024-04,west,NOV,2024,NOV-PR,1.6T 하이브리드,FWD,스노우 화이트,46,49,188151,19577,85,57,88.5
2024-04,west,NOV,2024,NOV-PR,1.6T 하이브리드,FWD,미드나잇 블랙,36,39,148953,15498,67,57,88.5
2024-04,west,NOV,2024,NOV-PR,1.6T 하이브리드,FWD,스틸 그레이,30,33,125434,13051,57,57,88.5
2024-04,west,NOV,2024,NOV-PR,1.6T 하이브리드,FWD,실버,25,27,101915,10604,46,57,88.5
2024-04,west,NOV,2024,NOV-PR,1.6T 하이브리드,FWD,오션 블루,19,21,78396,8157,36,57,88.5
2024-04,west,NOV,2024,NOV-PR,1.6T 하이브리드,FWD,선셋 레드,15,16,62717,6526,28,57,88.5
2024-04,west,NOV,2024,NOV-PR,1.6T 하이브리드,FWD,포레스트 그린,9,10,39198,4079,18,57,88.5
2024-04,west,NOV,2024,NOV-PR,1.6T 하이브리드,FWD,샌드 베이지,9,10,39198,4079,18,57,88.5
2024-04,west,NOV,2024,NOV-LO,3.5 가솔린,AWD,스노우 화이트,21,23,98580,21104,39,57,88.5
2024-04,west,NOV,2024,NOV-LO,3.5 가솔린,AWD,미드나잇 블랙,17,18,78042,16707,31,57,88.5
2024-04,west,NOV,2024,NOV-LO,3.5 가솔린,AWD,스틸 그레이,14,15,65720,14069,26,57,88.5
2024-04,west,NOV,2024,NOV-LO,3.5 가솔린,AWD,실버,11,12,53397,11431,21,57,88.5
2024-04,west,NOV,2024,NOV-LO,3.5 가솔린,AWD,오션 블루,9,9,41075,8793,16,57,88.5
2024-04,west,NOV,2024,NOV-LO,3.5 가솔린,AWD,선셋 레드,7,8,32860,7035,13,57,88.5
2024-04,west,NOV,2024,NOV-LO,3.5 가솔린,AWD,포레스트 그린,4,5,20537,4397,8,57,88.5
2024-04,west,NOV,2024,NOV-LO,3.5 가솔린,AWD,샌드 베이지,4,5,20537,4397,8,57,88.5
2024-04,west,NOV,2024,NOV-LO,3.5 가솔린,FWD,스노우 화이트,39,42,183077,39193,73,57,88.5
2024-04,west,NOV,2024,NOV-LO,3.5 가솔린,FWD,미드나잇 블랙,31,33,144936,31028,58,57,88.5
2024-04,west,NOV,2024,NOV-LO,3.5 가솔린,FWD,스틸 그레이,26,28,122051,26128,49,57,88.5
2024-04,west,NOV,2024,NOV-LO,3.5 가솔린,FWD,실버,21,23,99167,21229,39,57,88.5
2024-04,west,NOV,2024,NOV-LO,3.5 가솔린,FWD,오션 블루,16,18,76282,16330,30,57,88.5
2024-04,west,NOV,2024,NOV-LO,3.5 가솔린,FWD,선셋 레드,13,14,61026,13064,24,57,88.5
2024-04,west,NOV,2024,NOV-LO,3.5 가솔린,FWD,포레스트 그린,8,9,38141,8165,15,57,88.5
2024-04,west,NOV,2024,NOV-LO,3.5 가솔린,FWD,샌드 베이지,8,9,38141,8165,15,57,88.5
2024-04,west,NOV,2024,NOV-LO,1.6T 하이브리드,AWD,스노우 화이트,10,11,47248,10115,19,57,88.5
2024-04,west,NOV,2024,NOV-LO,1.6T 하이브리드,AWD,미드나잇 블랙,8,9,37405,8008,15,57,88.5
2024-04,west,NOV,2024,NOV-LO,1.6T 하이브리드,AWD,스틸 그레이,7,7,31499,6743,13,57,88.5
2024-04,west,NOV,2024,NOV-LO,1.6T 하이브리드,AWD,실버,5,6,25593,5479,10,57,88.5
2024-04,west,NOV,2024,NOV-LO,1.6T 하이브리드,AWD,오션 블루,4,5,19687,4215,8,57,88.5
2024-04,west,NOV,2024,NOV-LO,1.6T 하이브리드,AWD,선셋 레드,3,4,15749,3372,6,57,88.5
2024-04,west,NOV,2024,NOV-LO,1.6T 하이브리드,AWD,포레스트 그린,2,2,9843,2107,4,39,88.5
2024-04,west,NOV,2024,NOV-LO,1.6T 하이브리드,AWD,샌드 베이지,2,2,9843,2107,4,39,88.5
2024-04,west,NOV,2024,NOV-LO,1.6T 하이브리드,FWD,스노우 화이트,19,20,87747,18785,35,57,88.5
2024-04,west,NOV,2024,NOV-LO,1.6T 하이브리드,FWD,미드나잇 블랙,15,16,69466,14871,28,57,88.5
2024-04,west,NOV,2024,NOV-LO,1.6T 하이브리드,FWD,스틸 그레이,12,13,58498,12523,23,57,88.5
2024-04,west,NOV,2024,NOV-LO,1.6T 하이브리드,FWD,실버,10,11,47530,10175,19,57,88.5
2024-04,west,NOV,2024,NOV-LO,1.6T 하이브리드,FWD,오션 블루,8,8,36561,7827,15,57,88.5
2024-04,west,NOV,2024,NOV-LO,1.6T 하이브리드,FWD,선셋 레드,6,7,29249,6262,12,57,88.5
2024-04,west,NOV,2024,NOV-LO,1.6T 하이브리드,FWD,포레스트 그린,4,4,18281,3913,7,57,88.5
2024-04,west,NOV,2024,NOV-LO,1.6T 하이브리드,FWD,샌드 베이지,4,4,18281,3913,7,57,88.5
2024-04,central,NOV,2024,NOV-CO,3.5 가솔린,AWD,스노우 화이트,33,36,126286,3301,62,57,88.5
2024-04,central,NOV,2024,NOV-CO,3.5 가솔린,AWD,미드나잇 블랙,26,28,99976,2613,49,57,88.5
2024-04,central,NOV,2024,NOV-CO,3.5 가솔린,AWD,스틸 그레이,22,24,84191,2201,41,57,88.5
2024-04,central,NOV,2024,NOV-CO,3.5 가솔린,AWD,실버,18,19,68405,1788,34,57,88.5
2024-04,central,NOV,2024,NOV-CO,3.5 가솔린,AWD,오션 블루,14,15,52619,1375,26,57,88.5
2024-04,central,NOV,2024,NOV-CO,3.5 가솔린,AWD,선셋 레드,11,12,42095,1100,21,57,88.5
2024-04,central,NOV,2024,NOV-CO,3.5 가솔린,AWD,포레스트 그린,7,7,26310,688,13,57,88.5
2024-04,central,NOV,2024,NOV-CO,3.5 가솔린,AWD,샌드 베이지,7,7,26310,688,13,57,88.5
2024-04,central,NOV,2024,NOV-CO,3.5 가솔린,FWD,스노우 화이트,49,53,187468,4901,92,57,88.5
2024-04,central,NOV,2024,NOV-CO,3.5 가솔린,FWD,미드나잇 블랙,39,42,148412,3880,73,57,88.5
2024-04,central,NOV,2024,NOV-CO,3.5 가솔린,FWD,스틸 그레이,33,36,124979,3267,62,57,88.5
2024-04,central,NOV,2024,NOV-CO,3.5 가솔린,FWD,실버,27,29,101545,2654,50,57,88.5
2024-04,central,NOV,2024,NOV-CO,3.5 가솔린,FWD,오션 블루,21,22,78112,2042,38,57,88.5
2024-04,central,NOV,2024,NOV-CO,3.5 가솔린,FWD,선셋 레드,16,18,62489,1634,31,57,88.5
2024-04,central,NOV,2024,NOV-CO,3.5 가솔린,FWD,포레스트 그린,10,11,39056,1021,19,57,88.5
2024-04,central,NOV,2024,NOV-CO,3.5 가솔린,FWD,샌드 베이지,10,11,39056,1021,19,57,88.5
2024-04,central,NOV,2024,NOV-CO,1.6T 하이브리드,AWD,스노우 화이트,16,17,60528,1582,30,57,88.5
2024-04,central,NOV,2024,NOV-CO,1.6T 하이브리드,AWD,미드나잇 블랙,13,14,47918,1253,24,57,88.5
2024-04,central,NOV,2024,NOV-CO,1.6T 하이브리드,AWD,스틸 그레이,11,11,40352,1055,20,57,88.5
2024-04,central,NOV,2024,NOV-CO,1.6T 하이브리드,AWD,실버,9,9,32786,857,16,57,88.5
2024-04,central,NOV,2024,NOV-CO,1.6T 하이브리드,AWD,오션 블루,7,7,25220,659,12,57,88.5
2024-04,central,NOV,2024,NOV-CO,1.6T 하이브리드,AWD,선셋 레드,5,6,20176,527,10,57,88.5
2024-04,central,NOV,2024,NOV-CO,1.6T 하이브리드,AWD,포레스트 그린,3,4,12610,330,6,57,88.5
2024-04,central,NOV,2024,NOV-CO,1.6T 하이브리드,AWD,샌드 베이지,3,4,12610,330,6,57,88.5
2024-04,central,NOV,2024,NOV-CO,1.6T 하이브리드,FWD,스노우 화이트,24,26,89852,2349,44,57,88.5
2024-04,central,NOV,2024,NOV-CO,1.6T 하이브리드,FWD,미드나잇 블랙,19,20,71132,1859,35,57,88.5
2024-04,central,NOV,2024,NOV-CO,1.6T 하이브리드,FWD,스틸 그레이,16,17,59901,1566,30,57,88.5
2024-04,central,NOV,2024,NOV-CO,1.6T 하이브리드,FWD,실버,13,14,48670,1272,24,57,88.5
2024-04,central,NOV,2024,NOV-CO,1.6T 하이브리드,FWD,오션 블루,10,11,37438,979,18,57,88.5
2024-04,central,NOV,2024,NOV-CO,1.6T 하이브리드,FWD,선셋 레드,8,9,29951,783,15,57,88.5
2024-04,central,NOV,2024,NOV-CO,1.6T 하이브리드,FWD,포레스트 그린,5,5,18719,489,9,57,88.5
2024-04,central,NOV,2024,NOV-CO,1.6T 하이브리드,FWD,샌드 베이지,5,5,18719,489,9,57,88.5
2024-04,central,NOV,2024,NOV-PR,3.5 가솔린,AWD,스노우 화이트,38,42,158941,16538,72,57,88.5
2024-04,central,NOV,2024,NOV-PR,3.5 가솔린,AWD,미드나잇 블랙,30,33,125828,13092,57,57,88.5
2024-04,central,NOV,2024,NOV-PR,3.5 가솔린,AWD,스틸 그레이,26,28,105961,11025,48,57,88.5
2024-04,central,NOV,2024,NOV-PR,3.5 가솔린,AWD,실버,21,23,86093,8958,39,57,88.5
2024-04,central,NOV,2024,NOV-PR,3.5 가솔린,AWD,오션 블루,16,17,66225,6891,30,57,88.5
2024-04,central,NOV,2024,NOV-PR,3.5 가솔린,AWD,선셋 레드,13,14,52980,5513,24,57,88.5
2024-04,central,NOV,2024,NOV-PR,3.5 가솔린,AWD,포레스트 그린,8,9,33113,3445,15,57,88.5
2024-04,central,NOV,2024,NOV-PR,3.5 가솔린,AWD,샌드 베이지,8,9,33113,3445,15,57,88.5
2024-04,central,NOV,2024,NOV-PR,3.5 가솔린,FWD,스노우 화이트,57,62,235944,24550,107,57,88.5
2024-04,central,NOV,2024,NOV-PR,3.5 가솔린,FWD,미드나잇 블랙,45,49,186789,19435,85,57,88.5
2024-04,central,NOV,2024,NOV-PR,3.5 가솔린,FWD,스틸 그레이,38,41,157296,16367,71,57,88.5
2024-04,central,NOV,2024,NOV-PR,3.5 가솔린,FWD,실버,31,33,127803,13298,58,57,88.5
2024-04,central,NOV,2024,NOV-PR,3.5 가솔린,FWD,오션 블루,24,26,98310,10229,45,57,88.5
2024-04,central,NOV,2024,NOV-PR,3.5 가솔린,FWD,선셋 레드,19,21,78648,8183,36,57,88.5
2024-04,central,NOV,2024,NOV-PR,3.5 가솔린,FWD,포레스트 그린,12,13,49155,5115,22,57,88.5
2024-04,central,NOV,2024,NOV-PR,3.5 가솔린,FWD,샌드 베이지,12,13,49155,5115,22,57,88.5
2024-04,central,NOV,2024,NOV-PR,1.6T 하이브리드,AWD,스노우 화이트,18,20,76179,7926,35,57,88.5
2024-04,central,NOV,2024,NOV-PR,1.6T 하이브리드,AWD,미드나잇 블랙,15,16,60308,6275,27,57,88.5
2024-04,central,NOV,2024,NOV-PR,1.6T 하이브리드,AWD,스틸 그레이,12,13,50786,5284,23,57,88.5
2024-04,central,NOV,2024,NOV-PR,1.6T 하이브리드,AWD,실버,10,11,41264,4293,19,57,88.5
2024-04,central,NOV,2024,NOV-PR,1.6T 하이브리드,AWD,오션 블루,8,8,31741,3303,14,57,88.5
2024-04,central,NOV,2024,NOV-PR,1.6T 하이브리드,AWD,선셋 레드,6,7,25393,2642,12,57,88.5
2024-04,central,NOV,2024,NOV-PR,1.6T 하이브리드,AWD,포레스트 그린,4,4,15871,1651,7,57,88.5
2024-04,central,NOV,2024,NOV-PR,1.6T 하이브리드,AWD,샌드 베이지,4,4,15871,1651,7,57,88.5
2024-04,central,NOV,2024,NOV-PR,1.6T 하이브리드,FWD,스노우 화이트,27,30,113085,11766,51,57,88.5
2024-04,central,NOV,2024,NOV-PR,1.6T 하이브리드,FWD,미드나잇 블랙,22,23,89526,9315,41,57,88.5
2024-04,central,NOV,2024,NOV-PR,1.6T 하이브리드,FWD,스틸 그레이,18,20,75390,7844,34,57,88.5
2024-04,central,NOV,2024,NOV-PR,1.6T 하이브리드,FWD,실버,15,16,61255,6373,28,57,88.5
2024-04,central,NOV,2024,NOV-PR,1.6T 하이브리드,FWD,오션 블루,11,12,47119,4903,21,57,88.5
2024-04,central,NOV,2024,NOV-PR,1.6T 하이브리드,FWD,선셋 레드,9,10,37695,3922,17,57,88.5
2024-04,central,NOV,2024,NOV-PR,1.6T 하이브리드,FWD,포레스트 그린,6,6,23559,2451,11,57,88.5
2024-04,central,NOV,2024,NOV-PR,1.6T 하이브리드,FWD,샌드 베이지,6,6,23559,2451,11,57,88.5
2024-04,central,NOV,2024,NOV-LO,3.5 가솔린,AWD,스노우 화이트,16,17,74124,15868,29,57,88.5
2024-04,central,NOV,2024,NOV-LO,3.5 가솔린,AWD,미드나잇 블랙,12,13,58682,12562,23,57,88.5
2024-04,central,NOV,2024,NOV-LO,3.5 가솔린,AWD,스틸 그레이,10,11,49416,10579,20,57,88.5
2024-04,central,NOV,2024,NOV-LO,3.5 가솔린,AWD,실버,9,9,40151,8595,16,57,88.5
2024-04,central,NOV,2024,NOV-LO,3.5 가솔린,AWD,오션 블루,7,7,30885,6612,12,57,88.5
2024-04,central,NOV,2024,NOV-LO,3.5 가솔린,AWD,선셋 레드,5,6,24708,5289,10,57,88.5
2024-04,central,NOV,2024,NOV-LO,3.5 가솔린,AWD,포레스트 그린,3,4,15443,3306,6,57,88.5
2024-04,central,NOV,2024,NOV-LO,3.5 가솔린,AWD,샌드 베이지,3,4,15443,3306,6,57,88.5
2024-04,central,NOV,2024,NOV-LO,3.5 가솔린,FWD,스노우 화이트,23,25,110036,23556,44,57,88.5
2024-04,central,NOV,2024,NOV-LO,3.5 가솔린,FWD,미드나잇 블랙,18,20,87111,18649,35,57,88.5
2024-04,central,NOV,2024,NOV-LO,3.5 가솔린,FWD,스틸 그레이,16,17,73357,15704,29,57,88.5
2024-04,central,NOV,2024,NOV-LO,3.5 가솔린,FWD,실버,13,14,59603,12760,24,57,88.5
2024-04,central,NOV,2024,NOV-LO,3.5 가솔린,FWD,오션 블루,10,11,45848,9815,18,57,88.5
2024-04,central,NOV,2024,NOV-LO,3.5 가솔린,FWD,선셋 레드,8,8,36679,7852,15,57,88.5
2024-04,central,NOV,2024,NOV-LO,3.5 가솔린,FWD,포레스트 그린,5,5,22924,4908,9,57,88.5
2024-04,central,NOV,2024,NOV-LO,3.5 가솔린,FWD,샌드 베이지,5,5,22924,4908,9,57,88.5
2024-04,central,NOV,2024,NOV-LO,1.6T 하이브리드,AWD,스노우 화이트,8,8,35527,7606,14,57,88.5
2024-04,central,NOV,2024,NOV-LO,1.6T 하이브리드,AWD,미드나잇 블랙,6,6,28126,6021,11,57,88.5
2024-04,central,NOV,2024,NOV-LO,1.6T 하이브리드,AWD,스틸 그레이,5,5,23685,5070,9,57,88.5
2024-04,central,NOV,2024,NOV-LO,1.6T 하이브리드,AWD,실버,4,4,19244,4120,8,57,88.5
2024-04,central,NOV,2024,NOV-LO,1.6T 하이브리드,AWD,오션 블루,3,3,14803,3169,6,57,88.5
2024-04,central,NOV,2024,NOV-LO,1.6T 하이브리드,AWD,선셋 레드,3,3,11842,2535,5,47,88.5
2024-04,central,NOV,2024,NOV-LO,1.6T 하이브리드,AWD,포레스트 그린,2,2,7401,1584,3,29,88.5
2024-04,central,NOV,2024,NOV-LO,1.6T 하이브리드,AWD,샌드 베이지,2,2,7401,1584,3,29,88.5
2024-04,central,NOV,2024,NOV-LO,1.6T 하이브리드,FWD,스노우 화이트,11,12,52739,11290,21,57,88.5
2024-04,central,NOV,2024,NOV-LO,1.6T 하이브리드,FWD,미드나잇 블랙,9,10,41752,8938,17,57,88.5
2024-04,central,NOV,2024,NOV-LO,1.6T 하이브리드,FWD,스틸 그레이,7,8,35159,7527,14,57,88.5
2024-04,central,NOV,2024,NOV-LO,1.6T 하이브리드,FWD,실버,6,7,28567,6116,11,57,88.5
2024-04,central,NOV,2024,NOV-LO,1.6T 하이브리드,FWD,오션 블루,5,5,21975,4704,9,57,88.5
2024-04,central,NOV,2024,NOV-LO,1.6T 하이브리드,FWD,선셋 레드,4,4,17580,3763,7,57,88.5
2024-04,central,NOV,2024,NOV-LO,1.6T 하이브리드,FWD,포레스트 그린,2,3,10987,2352,4,44,88.5
2024-04,central,NOV,2024,NOV-LO,1.6T 하이브리드,FWD,샌드 베이지,2,3,10987,2352,4,44,88.5
2024-04,south,NOV,2024,NOV-CO,3.5 가솔린,AWD,스노우 화이트,27,29,102321,2675,50,57,88.5
2024-04,south,NOV,2024,NOV-CO,3.5 가솔린,AWD,미드나잇 블랙,21,23,81004,2117,40,57,88.5
2024-04,south,NOV,2024,NOV-CO,3.5 가솔린,AWD,스틸 그레이,18,19,68214,1783,34,57,88.5
2024-04,south,NOV,2024,NOV-CO,3.5 가솔린,AWD,실버,15,16,55424,1449,27,57,88.5
2024-04,south,NOV,2024,NOV-CO,3.5 가솔린,AWD,오션 블루,11,12,42634,1114,21,57,88.5
2024-04,south,NOV,2024,NOV-CO,3.5 가솔린,AWD,선셋 레드,9,10,34107,892,17,57,88.5
2024-04,south,NOV,2024,NOV-CO,3.5 가솔린,AWD,포레스트 그린,6,6,21317,557,10,57,88.5
2024-04,south,NOV,2024,NOV-CO,3.5 가솔린,AWD,샌드 베이지,6,6,21317,557,10,57,88.5
2024-04,south,NOV,2024,NOV-CO,3.5 가솔린,FWD,스노우 화이트,80,86,303714,7939,150,57,88.5
2024-04,south,NOV,2024,NOV-CO,3.5 가솔린,FWD,미드나잇 블랙,63,68,240440,6285,118,57,88.5
2024-04,south,NOV,2024,NOV-CO,3.5 가솔린,FWD,스틸 그레이,53,58,202476,5293,100,57,88.5
2024-04,south,NOV,2024,NOV-CO,3.5 가솔린,FWD,실버,43,47,164512,4300,81,57,88.5
2024-04,south,NOV,2024,NOV-CO,3.5 가솔린,FWD,오션 블루,33,36,126547,3308,62,57,88.5
2024-04,south,NOV,2024,NOV-CO,3.5 가솔린,FWD,선셋 레드,27,29,101238,2646,50,57,88.5
2024-04,south,NOV,2024,NOV-CO,3.5 가솔린,FWD,포레스트 그린,17,18,63274,1654,31,57,88.5
2024-04,south,NOV,2024,NOV-CO,3.5 가솔린,FWD,샌드 베이지,17,18,63274,1654,31,57,88.5
2024-04,south,NOV,2024,NOV-CO,1.6T 하이브리드,AWD,스노우 화이트,13,14,49041,1282,24,57,88.5
2024-04,south,NOV,2024,NOV-CO,1.6T 하이브리드,AWD,미드나잇 블랙,10,11,38824,1015,19,57,88.5
2024-04,south,NOV,2024,NOV-CO,1.6T 하이브리드,AWD,스틸 그레이,9,9,32694,855,16,57,88.5
2024-04,south,NOV,2024,NOV-CO,1.6T 하이브리드,AWD,실버,7,8,26564,694,13,57,88.5
2024-04,south,NOV,2024,NOV-CO,1.6T 하이브리드,AWD,오션 블루,5,6,20434,534,10,57,88.5
2024-04,south,NOV,2024,NOV-CO,1.6T 하이브리드,AWD,선셋 레드,4,5,16347,427,8,57,88.5
2024-04,south,NOV,2024,NOV-CO,1.6T 하이브리드,AWD,포레스트 그린,3,3,10217,267,5,50,88.5
2024-04,south,NOV,2024,NOV-CO,1.6T 하이브리드,AWD,샌드 베이지,3,3,10217,267,5,50,88.5
2024-04,south,NOV,2024,NOV-CO,1.6T 하이브리드,FWD,스노우 화이트,38,41,145567,3805,72,57,88.5
2024-04,south,NOV,2024,NOV-CO,1.6T 하이브리드,FWD,미드나잇 블랙,30,33,115241,3012,57,57,88.5
2024-04,south,NOV,2024,NOV-CO,1.6T 하이브리드,FWD,스틸 그레이,26,28,97045,2537,48,57,88.5
2024-04,south,NOV,2024,NOV-CO,1.6T 하이브리드,FWD,실버,21,22,78849,2061,39,57,88.5
2024-04,south,NOV,2024,NOV-CO,1.6T 하이브리드,FWD,오션 블루,16,17,60653,1585,30,57,88.5
2024-04,south,NOV,2024,NOV-CO,1.6T 하이브리드,FWD,선셋 레드,13,14,48522,1268,24,57,88.5
2024-04,south,NOV,2024,NOV-CO,1.6T 하이브리드,FWD,포레스트 그린,8,9,30326,793,15,57,88.5
2024-04,south,NOV,2024,NOV-CO,1.6T 하이브리드,FWD,샌드 베이지,8,9,30326,793,15,57,88.5
2024-04,south,NOV,2024,NOV-PR,3.5 가솔린,AWD,스노우 화이트,31,34,128779,13399,58,57,88.5
2024-04,south,NOV,2024,NOV-PR,3.5 가솔린,AWD,미드나잇 블랙,25,27,101950,10608,46,57,88.5
2024-04,south,NOV,2024,NOV-PR,3.5 가솔린,AWD,스틸 그레이,21,22,85853,8933,39,57,88.5
2024-04,south,NOV,2024,NOV-PR,3.5 가솔린,AWD,실버,17,18,69755,7258,32,57,88.5
2024-04,south,NOV,2024,NOV-PR,3.5 가솔린,AWD,오션 블루,13,14,53658,5583,24,57,88.5
2024-04,south,NOV,2024,NOV-PR,3.5 가솔린,AWD,선셋 레드,10,11,42926,4466,19,57,88.5
2024-04,south,NOV,2024,NOV-PR,3.5 가솔린,AWD,포레스트 그린,6,7,26829,2792,12,57,88.5
2024-04,south,NOV,2024,NOV-PR,3.5 가솔린,AWD,샌드 베이지,6,7,26829,2792,12,57,88.5
2024-04,south,NOV,2024,NOV-PR,3.5 가솔린,FWD,스노우 화이트,92,100,382248,39773,173,57,88.5
2024-04,south,NOV,2024,NOV-PR,3.5 가솔린,FWD,미드나잇 블랙,73,79,302613,31487,137,57,88.5
2024-04,south,NOV,2024,NOV-PR,3.5 가솔린,FWD,스틸 그레이,62,67,254832,26515,115,57,88.5
2024-04,south,NOV,2024,NOV-PR,3.5 가솔린,FWD,실버,50,54,207051,21544,94,57,88.5
2024-04,south,NOV,2024,NOV-PR,3.5 가솔린,FWD,오션 블루,39,42,159270,16572,72,57,88.5
2024-04,south,NOV,2024,NOV-PR,3.5 가솔린,FWD,선셋 레드,31,33,127416,13258,58,57,88.5
2024-04,south,NOV,2024,NOV-PR,3.5 가솔린,FWD,포레스트 그린,19,21,79635,8286,36,57,88.5
2024-04,south,NOV,2024,NOV-PR,3.5 가솔린,FWD,샌드 베이지,19,21,79635,8286,36,57,88.5
2024-04,south,NOV,2024,NOV-PR,1.6T 하이브리드,AWD,스노우 화이트,15,16,61722,6422,28,57,88.5
2024-04,south,NOV,2024,NOV-PR,1.6T 하이브리드,AWD,미드나잇 블랙,12,13,48864,5084,22,57,88.5
2024-04,south,NOV,2024,NOV-PR,1.6T 하이브리드,AWD,스틸 그레이,10,11,41148,4281,19,57,88.5
2024-04,south,NOV,2024,NOV-PR,1.6T 하이브리드,AWD,실버,8,9,33433,3479,15,57,88.5
2024-04,south,NOV,2024,NOV-PR,1.6T 하이브리드,AWD,오션 블루,6,7,25718,2676,12,57,88.5
2024-04,south,NOV,2024,NOV-PR,1.6T 하이브리드,AWD,선셋 레드,5,5,20574,2141,9,57,88.5
2024-04,south,NOV,2024,NOV-PR,1.6T 하이브리드,AWD,포레스트 그린,3,3,12859,1338,6,57,88.5
2024-04,south,NOV,2024,NOV-PR,1.6T 하이브리드,AWD,샌드 베이지,3,3,12859,1338,6,57,88.5
2024-04,south,NOV,2024,NOV-PR,1.6T 하이브리드,FWD,스노우 화이트,44,48,183208,19063,83,57,88.5
2024-04,south,NOV,2024,NOV-PR,1.6T 하이브리드,FWD,미드나잇 블랙,35,38,145040,15091,66,57,88.5
2024-04,south,NOV,2024,NOV-PR,1.6T 하이브리드,FWD,스틸 그레이,30,32,122139,12708,55,57,88.5
2024-04,south,NOV,2024,NOV-PR,1.6T 하이브리드,FWD,실버,24,26,99238,10326,45,57,88.5
2024-04,south,NOV,2024,NOV-PR,1.6T 하이브리드,FWD,오션 블루,18,20,76337,7943,35,57,88.5
2024-04,south,NOV,2024,NOV-PR,1.6T 하이브리드,FWD,선셋 레드,15,16,61069,6354,28,57,88.5
2024-04,south,NOV,2024,NOV-PR,1.6T 하이브리드,FWD,포레스트 그린,9,10,38168,3971,17,57,88.5
2024-04,south,NOV,2024,NOV-PR,1.6T 하이브리드,FWD,샌드 베이지,9,10,38168,3971,17,57,88.5
2024-04,south,NOV,2024,NOV-LO,3.5 가솔린,AWD,스노우 화이트,13,14,60058,12857,24,57,88.5
2024-04,south,NOV,2024,NOV-LO,3.5 가솔린,AWD,미드나잇 블랙,10,11,47546,10179,19,57,88.5
2024-04,south,NOV,2024,NOV-LO,3.5 가솔린,AWD,스틸 그레이,8,9,40039,8571,16,57,88.5
2024-04,south,NOV,2024,NOV-LO,3.5 가솔린,AWD,실버,7,7,32531,6964,13,57,88.5
2024-04,south,NOV,2024,NOV-LO,3.5 가솔린,AWD,오션 블루,5,6,25024,5357,10,57,88.5
2024-04,south,NOV,2024,NOV-LO,3.5 가솔린,AWD,선셋 레드,4,5,20019,4286,8,57,88.5
2024-04,south,NOV,2024,NOV-LO,3.5 가솔린,AWD,포레스트 그린,3,3,12512,2679,5,50,88.5
2024-04,south,NOV,2024,NOV-LO,3.5 가솔린,AWD,샌드 베이지,3,3,12512,2679,5,50,88.5
2024-04,south,NOV,2024,NOV-LO,3.5 가솔린,FWD,스노우 화이트,38,41,178267,38163,71,57,88.5
2024-04,south,NOV,2024,NOV-LO,3.5 가솔린,FWD,미드나잇 블랙,30,32,141128,30212,56,57,88.5
2024-04,south,NOV,2024,NOV-LO,3.5 가솔린,FWD,스틸 그레이,25,27,118845,25442,47,57,88.5
2024-04,south,NOV,2024,NOV-LO,3.5 가솔린,FWD,실버,20,22,96561,20672,38,57,88.5
2024-04,south,NOV,2024,NOV-LO,3.5 가솔린,FWD,오션 블루,16,17,74278,15901,30,57,88.5
2024-04,south,NOV,2024,NOV-LO,3.5 가솔린,FWD,선셋 레드,13,14,59422,12721,24,57,88.5
2024-04,south,NOV,2024,NOV-LO,3.5 가솔린,FWD,포레스트 그린,8,9,37139,7951,15,57,88.5
2024-04,south,NOV,2024,NOV-LO,3.5 가솔린,FWD,샌드 베이지,8,9,37139,7951,15,57,88.5
2024-04,south,NOV,2024,NOV-LO,1.6T 하이브리드,AWD,스노우 화이트,6,7,28785,6162,11,57,88.5
2024-04,south,NOV,2024,NOV-LO,1.6T 하이브리드,AWD,미드나잇 블랙,5,5,22788,4878,9,57,88.5
2024-04,south,NOV,2024,NOV-LO,1.6T 하이브리드,AWD,스틸 그레이,4,4,19190,4108,8,57,88.5
2024-04,south,NOV,2024,NOV-LO,1.6T 하이브리드,AWD,실버,3,4,15592,3338,6,57,88.5
2024-04,south,NOV,2024,NOV-LO,1.6T 하이브리드,AWD,오션 블루,3,3,11994,2568,5,48,88.5
2024-04,south,NOV,2024,NOV-LO,1.6T 하이브리드,AWD,선셋 레드,2,2,9595,2054,4,38,88.5
2024-04,south,NOV,2024,NOV-LO,1.6T 하이브리드,AWD,포레스트 그린,1,1,5997,1284,2,24,88.5
2024-04,south,NOV,2024,NOV-LO,1.6T 하이브리드,AWD,샌드 베이지,1,1,5997,1284,2,24,88.5
2024-04,south,NOV,2024,NOV-LO,1.6T 하이브리드,FWD,스노우 화이트,18,20,85441,18291,34,57,88.5
2024-04,south,NOV,2024,NOV-LO,1.6T 하이브리드,FWD,미드나잇 블랙,14,16,67641,14481,27,57,88.5
2024-04,south,NOV,2024,NOV-LO,1.6T 하이브리드,FWD,스틸 그레이,12,13,56961,12194,23,57,88.5
2024-04,south,NOV,2024,NOV-LO,1.6T 하이브리드,FWD,실버,10,11,46281,9908,18,57,88.5
2024-04,south,NOV,2024,NOV-LO,1.6T 하이브리드,FWD,오션 블루,8,8,35601,7621,14,57,88.5
2024-04,south,NOV,2024,NOV-LO,1.6T 하이브리드,FWD,선셋 레드,6,7,28480,6097,11,57,88.5
2024-04,south,NOV,2024,NOV-LO,1.6T 하이브리드,FWD,포레스트 그린,4,4,17800,3811,7,57,88.5
2024-04,south,NOV,2024,NOV-LO,1.6T 하이브리드,FWD,샌드 베이지,4,4,17800,3811,7,57,88.5
2024-04,northeast,NOV,2024,NOV-CO,3.5 가솔린,AWD,스노우 화이트,38,41,142758,3732,70,57,88.5
2024-04,northeast,NOV,2024,NOV-CO,3.5 가솔린,AWD,미드나잇 블랙,30,32,113017,2954,56,57,88.5
2024-04,northeast,NOV,2024,NOV-CO,3.5 가솔린,AWD,스틸 그레이,25,27,95172,2488,47,57,88.5
2024-04,northeast,NOV,2024,NOV-CO,3.5 가솔린,AWD,실버,20,22,77327,2021,38,57,88.5
2024-04,northeast,NOV,2024,NOV-CO,3.5 가솔린,AWD,오션 블루,16,17,59483,1555,29,57,88.5
2024-04,northeast,NOV,2024,NOV-CO,3.5 가솔린,AWD,선셋 레드,13,14,47586,1244,23,57,88.5
2024-04,northeast,NOV,2024,NOV-CO,3.5 가솔린,AWD,포레스트 그린,8,8,29741,777,15,57,88.5
2024-04,northeast,NOV,2024,NOV-CO,3.5 가솔린,AWD,샌드 베이지,8,8,29741,777,15,57,88.5
2024-04,northeast,NOV,2024,NOV-CO,3.5 가솔린,FWD,스노우 화이트,45,49,170996,4470,84,57,88.5
2024-04,northeast,NOV,2024,NOV-CO,3.5 가솔린,FWD,미드나잇 블랙,36,39,135372,3539,67,57,88.5
2024-04,northeast,NOV,2024,NOV-CO,3.5 가솔린,FWD,스틸 그레이,30,32,113997,2980,56,57,88.5
2024-04,northeast,NOV,2024,NOV-CO,3.5 가솔린,FWD,실버,24,26,92623,2421,46,57,88.5
2024-04,northeast,NOV,2024,NOV-CO,3.5 가솔린,FWD,오션 블루,19,20,71248,1862,35,57,88.5
2024-04,northeast,NOV,2024,NOV-CO,3.5 가솔린,FWD,선셋 레드,15,16,56999,1490,28,57,88.5
2024-04,northeast,NOV,2024,NOV-CO,3.5 가솔린,FWD,포레스트 그린,9,10,35624,931,18,57,88.5
2024-04,northeast,NOV,2024,NOV-CO,3.5 가솔린,FWD,샌드 베이지,9,10,35624,931,18,57,88.5
2024-04,northeast,NOV,2024,NOV-CO,1.6T 하이브리드,AWD,스노우 화이트,18,19,68422,1789,34,57,88.5
2024-04,northeast,NOV,2024,NOV-CO,1.6T 하이브리드,AWD,미드나잇 블랙,14,15,54168,1416,27,57,88.5
2024-04,northeast,NOV,2024,NOV-CO,1.6T 하이브리드,AWD,스틸 그레이,12,13,45615,1192,22,57,88.5
2024-04,northeast,NOV,2024,NOV-CO,1.6T 하이브리드,AWD,실버,10,11,37062,969,18,57,88.5
2024-04,northeast,NOV,2024,NOV-CO,1.6T 하이브리드,AWD,오션 블루,7,8,28509,745,14,57,88.5
2024-04,northeast,NOV,2024,NOV-CO,1.6T 하이브리드,AWD,선셋 레드,6,6,22807,596,11,57,88.5
2024-04,northeast,NOV,2024,NOV-CO,1.6T 하이브리드,AWD,포레스트 그린,4,4,14255,373,7,57,88.5
2024-04,northeast,NOV,2024,NOV-CO,1.6T 하이브리드,AWD,샌드 베이지,4,4,14255,373,7,57,88.5
2024-04,northeast,NOV,2024,NOV-CO,1.6T 하이브리드,FWD,스노우 화이트,22,23,81957,2142,40,57,88.5
2024-04,northeast,NOV,2024,NOV-CO,1.6T 하이브리드,FWD,미드나잇 블랙,17,18,64882,1696,32,57,88.5
2024-04,northeast,NOV,2024,NOV-CO,1.6T 하이브리드,FWD,스틸 그레이,14,16,54638,1428,27,57,88.5
2024-04,northeast,NOV,2024,NOV-CO,1.6T 하이브리드,FWD,실버,12,13,44393,1160,22,57,88.5
2024-04,northeast,NOV,2024,NOV-CO,1.6T 하이브리드,FWD,오션 블루,9,10,34149,893,17,57,88.5
2024-04,northeast,NOV,2024,NOV-CO,1.6T 하이브리드,FWD,선셋 레드,7,8,27319,714,13,57,88.5
2024-04,northeast,NOV,2024,NOV-CO,1.6T 하이브리드,FWD,포레스트 그린,4,5,17074,446,8,57,88.5
2024-04,northeast,NOV,2024,NOV-CO,1.6T 하이브리드,FWD,샌드 베이지,4,5,17074,446,8,57,88.5
2024-04,northeast,NOV,2024,NOV-PR,3.5 가솔린,AWD,스노우 화이트,43,47,179673,18695,81,57,88.5
2024-04,northeast,NOV,2024,NOV-PR,3.5 가솔린,AWD,미드나잇 블랙,34,37,142241,14800,64,57,88.5
2024-04,northeast,NOV,2024,NOV-PR,3.5 가솔린,AWD,스틸 그레이,29,31,119782,12463,54,57,88.5
2024-04,northeast,NOV,2024,NOV-PR,3.5 가솔린,AWD,실버,24,25,97323,10126,44,57,88.5
2024-04,northeast,NOV,2024,NOV-PR,3.5 가솔린,AWD,오션 블루,18,20,74864,7789,34,57,88.5
2024-04,northeast,NOV,2024,NOV-PR,3.5 가솔린,AWD,선셋 레드,14,16,59891,6232,27,57,88.5
2024-04,northeast,NOV,2024,NOV-PR,3.5 가솔린,AWD,포레스트 그린,9,10,37432,3895,17,57,88.5
2024-04,northeast,NOV,2024,NOV-PR,3.5 가솔린,AWD,샌드 베이지,9,10,37432,3895,17,57,88.5
2024-04,northeast,NOV,2024,NOV-PR,3.5 가솔린,FWD,스노우 화이트,52,56,215212,22393,98,57,88.5
2024-04,northeast,NOV,2024,NOV-PR,3.5 가솔린,FWD,미드나잇 블랙,41,45,170376,17728,77,57,88.5
2024-04,northeast,NOV,2024,NOV-PR,3.5 가솔린,FWD,스틸 그레이,35,38,143475,14928,65,57,88.5
2024-04,northeast,NOV,2024,NOV-PR,3.5 가솔린,FWD,실버,28,31,116573,12129,53,57,88.5
2024-04,northeast,NOV,2024,NOV-PR,3.5 가솔린,FWD,오션 블루,22,23,89672,9330,41,57,88.5
2024-04,northeast,NOV,2024,NOV-PR,3.5 가솔린,FWD,선셋 레드,17,19,71737,7464,33,57,88.5
2024-04,northeast,NOV,2024,NOV-PR,3.5 가솔린,FWD,포레스트 그린,11,12,44836,4665,20,57,88.5
2024-04,northeast,NOV,2024,NOV-PR,3.5 가솔린,FWD,샌드 베이지,11,12,44836,4665,20,57,88.5
2024-04,northeast,NOV,2024,NOV-PR,1.6T 하이브리드,AWD,스노우 화이트,21,23,86115,8960,39,57,88.5
2024-04,northeast,NOV,2024,NOV-PR,1.6T 하이브리드,AWD,미드나잇 블랙,16,18,68175,7094,31,57,88.5
2024-04,northeast,NOV,2024,NOV-PR,1.6T 하이브리드,AWD,스틸 그레이,14,15,57410,5973,26,57,88.5
2024-04,northeast,NOV,2024,NOV-PR,1.6T 하이브리드,AWD,실버,11,12,46646,4853,21,57,88.5
2024-04,northeast,NOV,2024,NOV-PR,1.6T 하이브리드,AWD,오션 블루,9,9,35881,3733,16,57,88.5
2024-04,northeast,NOV,2024,NOV-PR,1.6T 하이브리드,AWD,선셋 레드,7,8,28705,2987,13,57,88.5
2024-04,northeast,NOV,2024,NOV-PR,1.6T 하이브리드,AWD,포레스트 그린,4,5,17941,1867,8,57,88.5
2024-04,northeast,NOV,2024,NOV-PR,1.6T 하이브리드,AWD,샌드 베이지,4,5,17941,1867,8,57,88.5
2024-04,northeast,NOV,2024,NOV-PR,1.6T 하이브리드,FWD,스노우 화이트,25,27,103149,10733,47,57,88.5
2024-04,northeast,NOV,2024,NOV-PR,1.6T 하이브리드,FWD,미드나잇 블랙,20,21,81660,8497,37,57,88.5
2024-04,northeast,NOV,2024,NOV-PR,1.6T 하이브리드,FWD,스틸 그레이,17,18,68766,7155,31,57,88.5
2024-04,northeast,NOV,2024,NOV-PR,1.6T 하이브리드,FWD,실버,14,15,55872,5813,25,57,88.5
2024-04,northeast,NOV,2024,NOV-PR,1.6T 하이브리드,FWD,오션 블루,10,11,42979,4472,19,57,88.5
2024-04,northeast,NOV,2024,NOV-PR,1.6T 하이브리드,FWD,선셋 레드,8,9,34383,3578,16,57,88.5
2024-04,northeast,NOV,2024,NOV-PR,1.6T 하이브리드,FWD,포레스트 그린,5,6,21489,2236,10,57,88.5
2024-04,northeast,NOV,2024,NOV-PR,1.6T 하이브리드,FWD,샌드 베이지,5,6,21489,2236,10,57,88.5
2024-04,northeast,NOV,2024,NOV-LO,3.5 가솔린,AWD,스노우 화이트,18,19,83793,17938,33,57,88.5
2024-04,northeast,NOV,2024,NOV-LO,3.5 가솔린,AWD,미드나잇 블랙,14,15,66336,14201,26,57,88.5
2024-04,northeast,NOV,2024,NOV-LO,3.5 가솔린,AWD,스틸 그레이,12,13,55862,11959,22,57,88.5
2024-04,northeast,NOV,2024,NOV-LO,3.5 가솔린,AWD,실버,10,10,45388,9717,18,57,88.5
2024-04,northeast,NOV,2024,NOV-LO,3.5 가솔린,AWD,오션 블루,7,8,34914,7474,14,57,88.5
2024-04,northeast,NOV,2024,NOV-LO,3.5 가솔린,AWD,선셋 레드,6,6,27931,5979,11,57,88.5
2024-04,northeast,NOV,2024,NOV-LO,3.5 가솔린,AWD,포레스트 그린,4,4,17457,3737,7,57,88.5
2024-04,northeast,NOV,2024,NOV-LO,3.5 가솔린,AWD,샌드 베이지,4,4,17457,3737,7,57,88.5
2024-04,northeast,NOV,2024,NOV-LO,3.5 가솔린,FWD,스노우 화이트,21,23,100367,21486,40,57,88.5
2024-04,northeast,NOV,2024,NOV-LO,3.5 가솔린,FWD,미드나잇 블랙,17,18,79457,17010,32,57,88.5
2024-04,northeast,NOV,2024,NOV-LO,3.5 가솔린,FWD,스틸 그레이,14,15,66911,14324,27,57,88.5
2024-04,northeast,NOV,2024,NOV-LO,3.5 가솔린,FWD,실버,12,12,54366,11638,22,57,88.5
2024-04,northeast,NOV,2024,NOV-LO,3.5 가솔린,FWD,오션 블루,9,10,41820,8953,17,57,88.5
2024-04,northeast,NOV,2024,NOV-LO,3.5 가솔린,FWD,선셋 레드,7,8,33456,7162,13,57,88.5
2024-04,northeast,NOV,2024,NOV-LO,3.5 가솔린,FWD,포레스트 그린,4,5,20910,4476,8,57,88.5
2024-04,northeast,NOV,2024,NOV-LO,3.5 가솔린,FWD,샌드 베이지,4,5,20910,4476,8,57,88.5
2024-04,northeast,NOV,2024,NOV-LO,1.6T 하이브리드,AWD,스노우 화이트,9,9,40161,8598,16,57,88.5
2024-04,northeast,NOV,2024,NOV-LO,1.6T 하이브리드,AWD,미드나잇 블랙,7,7,31794,6806,13,57,88.5
2024-04,northeast,NOV,2024,NOV-LO,1.6T 하이브리드,AWD,스틸 그레이,6,6,26774,5732,11,57,88.5
2024-04,northeast,NOV,2024,NOV-LO,1.6T 하이브리드,AWD,실버,5,5,21754,4657,9,57,88.5
2024-04,northeast,NOV,2024,NOV-LO,1.6T 하이브리드,AWD,오션 블루,4,4,16734,3582,7,57,88.5
2024-04,northeast,NOV,2024,NOV-LO,1.6T 하이브리드,AWD,선셋 레드,3,3,13387,2866,5,53,88.5
2024-04,northeast,NOV,2024,NOV-LO,1.6T 하이브리드,AWD,포레스트 그린,2,2,8367,1791,3,33,88.5
2024-04,northeast,NOV,2024,NOV-LO,1.6T 하이브리드,AWD,샌드 베이지,2,2,8367,1791,3,33,88.5
2024-04,northeast,NOV,2024,NOV-LO,1.6T 하이브리드,FWD,스노우 화이트,10,11,48105,10298,19,57,88.5
2024-04,northeast,NOV,2024,NOV-LO,1.6T 하이브리드,FWD,미드나잇 블랙,8,9,38083,8153,15,57,88.5
2024-04,northeast,NOV,2024,NOV-LO,1.6T 하이브리드,FWD,스틸 그레이,7,7,32070,6865,13,57,88.5
2024-04,northeast,NOV,2024,NOV-LO,1.6T 하이브리드,FWD,실버,6,6,26057,5578,10,57,88.5
2024-04,northeast,NOV,2024,NOV-LO,1.6T 하이브리드,FWD,오션 블루,4,5,20044,4291,8,57,88.5
2024-04,northeast,NOV,2024,NOV-LO,1.6T 하이브리드,FWD,선셋 레드,3,4,16035,3433,6,57,88.5
2024-04,northeast,NOV,2024,NOV-LO,1.6T 하이브리드,FWD,포레스트 그린,2,2,10022,2145,4,40,88.5
2024-04,northeast,NOV,2024,NOV-LO,1.6T 하이브리드,FWD,샌드 베이지,2,2,10022,2145,4,40,88.5
2024-04,southeast,NOV,2024,NOV-CO,3.5 가솔린,AWD,스노우 화이트,26,28,98832,2584,49,57,88.5
2024-04,southeast,NOV,2024,NOV-CO,3.5 가솔린,AWD,미드나잇 블랙,21,22,78242,2045,39,57,88.5
2024-04,southeast,NOV,2024,NOV-CO,3.5 가솔린,AWD,스틸 그레이,17,19,65888,1722,32,57,88.5
2024-04,southeast,NOV,2024,NOV-CO,3.5 가솔린,AWD,실버,14,15,53534,1399,26,57,88.5
2024-04,southeast,NOV,2024,NOV-CO,3.5 가솔린,AWD,오션 블루,11,12,41180,1076,20,57,88.5
2024-04,southeast,NOV,2024,NOV-CO,3.5 가솔린,AWD,선셋 레드,9,9,32944,861,16,57,88.5
2024-04,southeast,NOV,2024,NOV-CO,3.5 가솔린,AWD,포레스트 그린,5,6,20590,538,10,57,88.5
2024-04,southeast,NOV,2024,NOV-CO,3.5 가솔린,AWD,샌드 베이지,5,6,20590,538,10,57,88.5
2024-04,southeast,NOV,2024,NOV-CO,3.5 가솔린,FWD,스노우 화이트,61,66,233378,6101,115,57,88.5
2024-04,southeast,NOV,2024,NOV-CO,3.5 가솔린,FWD,미드나잇 블랙,49,53,184757,4830,91,57,88.5
2024-04,southeast,NOV,2024,NOV-CO,3.5 가솔린,FWD,스틸 그레이,41,44,155585,4067,77,57,88.5
2024-04,southeast,NOV,2024,NOV-CO,3.5 가솔린,FWD,실버,33,36,126413,3304,62,57,88.5
2024-04,southeast,NOV,2024,NOV-CO,3.5 가솔린,FWD,오션 블루,26,28,97241,2542,48,57,88.5
2024-04,southeast,NOV,2024,NOV-CO,3.5 가솔린,FWD,선셋 레드,20,22,77793,2034,38,57,88.5
2024-04,southeast,NOV,2024,NOV-CO,3.5 가솔린,FWD,포레스트 그린,13,14,48620,1271,24,57,88.5
2024-04,southeast,NOV,2024,NOV-CO,3.5 가솔린,FWD,샌드 베이지,13,14,48620,1271,24,57,88.5
2024-04,southeast,NOV,2024,NOV-CO,1.6T 하이브리드,AWD,스노우 화이트,12,13,47369,1238,23,57,88.5
2024-04,southeast,NOV,2024,NOV-CO,1.6T 하이브리드,AWD,미드나잇 블랙,10,11,37501,980,18,57,88.5
2024-04,southeast,NOV,2024,NOV-CO,1.6T 하이브리드,AWD,스틸 그레이,8,9,31580,826,16,57,88.5
2024-04,southeast,NOV,2024,NOV-CO,1.6T 하이브리드,AWD,실버,7,7,25658,671,13,57,88.5
2024-04,southeast,NOV,2024,NOV-CO,1.6T 하이브리드,AWD,오션 블루,5,6,19737,516,10,57,88.5
2024-04,southeast,NOV,2024,NOV-CO,1.6T 하이브리드,AWD,선셋 레드,4,4,15790,413,8,57,88.5
2024-04,southeast,NOV,2024,NOV-CO,1.6T 하이브리드,AWD,포레스트 그린,3,3,9869,258,5,49,88.5
2024-04,southeast,NOV,2024,NOV-CO,1.6T 하이브리드,AWD,샌드 베이지,3,3,9869,258,5,49,88.5
2024-04,southeast,NOV,2024,NOV-CO,1.6T 하이브리드,FWD,스노우 화이트,29,32,111856,2924,55,57,88.5
2024-04,southeast,NOV,2024,NOV-CO,1.6T 하이브리드,FWD,미드나잇 블랙,23,25,88552,2315,44,57,88.5
2024-04,southeast,NOV,2024,NOV-CO,1.6T 하이브리드,FWD,스틸 그레이,20,21,74570,1949,37,57,88.5
2024-04,southeast,NOV,2024,NOV-CO,1.6T 하이브리드,FWD,실버,16,17,60588,1584,30,57,88.5
2024-04,southeast,NOV,2024,NOV-CO,1.6T 하이브리드,FWD,오션 블루,12,13,46606,1218,23,57,88.5
2024-04,southeast,NOV,2024,NOV-CO,1.6T 하이브리드,FWD,선셋 레드,10,11,37285,975,18,57,88.5
2024-04,southeast,NOV,2024,NOV-CO,1.6T 하이브리드,FWD,포레스트 그린,6,7,23303,609,11,57,88.5
2024-04,southeast,NOV,2024,NOV-CO,1.6T 하이브리드,FWD,샌드 베이지,6,7,23303,609,11,57,88.5
2024-04,southeast,NOV,2024,NOV-PR,3.5 가솔린,AWD,스노우 화이트,30,33,124389,12943,56,57,88.5
2024-04,southeast,NOV,2024,NOV-PR,3.5 가솔린,AWD,미드나잇 블랙,24,26,98474,10246,45,57,88.5
2024-04,southeast,NOV,2024,NOV-PR,3.5 가솔린,AWD,스틸 그레이,20,22,82926,8628,38,57,88.5
2024-04,southeast,NOV,2024,NOV-PR,3.5 가솔린,AWD,실버,16,18,67377,7011,31,57,88.5
2024-04,southeast,NOV,2024,NOV-PR,3.5 가솔린,AWD,오션 블루,13,14,51829,5393,23,57,88.5
2024-04,southeast,NOV,2024,NOV-PR,3.5 가솔린,AWD,선셋 레드,10,11,41463,4314,19,57,88.5
2024-04,southeast,NOV,2024,NOV-PR,3.5 가솔린,AWD,포레스트 그린,6,7,25914,2696,12,57,88.5
2024-04,southeast,NOV,2024,NOV-PR,3.5 가솔린,AWD,샌드 베이지,6,7,25914,2696,12,57,88.5
2024-04,southeast,NOV,2024,NOV-PR,3.5 가솔린,FWD,스노우 화이트,71,77,293725,30562,133,57,88.5
2024-04,southeast,NOV,2024,NOV-PR,3.5 가솔린,FWD,미드나잇 블랙,56,61,232532,24195,105,57,88.5
2024-04,southeast,NOV,2024,NOV-PR,3.5 가솔린,FWD,스틸 그레이,47,51,195816,20375,89,57,88.5
2024-04,southeast,NOV,2024,NOV-PR,3.5 가솔린,FWD,실버,38,42,159101,16554,72,57,88.5
2024-04,southeast,NOV,2024,NOV-PR,3.5 가솔린,FWD,오션 블루,30,32,122385,12734,55,57,88.5
2024-04,southeast,NOV,2024,NOV-PR,3.5 가솔린,FWD,선셋 레드,24,26,97908,10187,44,57,88.5
2024-04,southeast,NOV,2024,NOV-PR,3.5 가솔린,FWD,포레스트 그린,15,16,61193,6367,28,57,88.5
2024-04,southeast,NOV,2024,NOV-PR,3.5 가솔린,FWD,샌드 베이지,15,16,61193,6367,28,57,88.5
2024-04,southeast,NOV,2024,NOV-PR,1.6T 하이브리드,AWD,스노우 화이트,14,16,59618,6203,27,57,88.5
2024-04,southeast,NOV,2024,NOV-PR,1.6T 하이브리드,AWD,미드나잇 블랙,11,12,47198,4911,21,57,88.5
2024-04,southeast,NOV,2024,NOV-PR,1.6T 하이브리드,AWD,스틸 그레이,10,10,39746,4135,18,57,88.5
2024-04,southeast,NOV,2024,NOV-PR,1.6T 하이브리드,AWD,실버,8,8,32293,3360,15,57,88.5
2024-04,southeast,NOV,2024,NOV-PR,1.6T 하이브리드,AWD,오션 블루,6,7,24841,2585,11,57,88.5
2024-04,southeast,NOV,2024,NOV-PR,1.6T 하이브리드,AWD,선셋 레드,5,5,19873,2068,9,57,88.5
2024-04,southeast,NOV,2024,NOV-PR,1.6T 하이브리드,AWD,포레스트 그린,3,3,12420,1292,6,56,88.5
2024-04,southeast,NOV,2024,NOV-PR,1.6T 하이브리드,AWD,샌드 베이지,3,3,12420,1292,6,56,88.5
2024-04,southeast,NOV,2024,NOV-PR,1.6T 하이브리드,FWD,스노우 화이트,34,37,140779,14648,64,57,88.5
2024-04,southeast,NOV,2024,NOV-PR,1.6T 하이브리드,FWD,미드나잇 블랙,27,29,111450,11596,50,57,88.5
2024-04,southeast,NOV,2024,NOV-PR,1.6T 하이브리드,FWD,스틸 그레이,23,25,93853,9765,43,57,88.5
2024-04,southeast,NOV,2024,NOV-PR,1.6T 하이브리드,FWD,실버,18,20,76255,7934,35,57,88.5
2024-04,southeast,NOV,2024,NOV-PR,1.6T 하이브리드,FWD,오션 블루,14,15,58658,6103,27,57,88.5
2024-04,southeast,NOV,2024,NOV-PR,1.6T 하이브리드,FWD,선셋 레드,11,12,46926,4883,21,57,88.5
2024-04,southeast,NOV,2024,NOV-PR,1.6T 하이브리드,FWD,포레스트 그린,7,8,29329,3052,13,57,88.5
2024-04,southeast,NOV,2024,NOV-PR,1.6T 하이브리드,FWD,샌드 베이지,7,8,29329,3052,13,57,88.5
2024-04,southeast,NOV,2024,NOV-LO,3.5 가솔린,AWD,스노우 화이트,12,13,58010,12419,23,57,88.5
2024-04,southeast,NOV,2024,NOV-LO,3.5 가솔린,AWD,미드나잇 블랙,10,11,45925,9832,18,57,88.5
2024-04,southeast,NOV,2024,NOV-LO,3.5 가솔린,AWD,스틸 그레이,8,9,38674,8279,15,57,88.5
2024-04,southeast,NOV,2024,NOV-LO,3.5 가솔린,AWD,실버,7,7,31422,6727,12,57,88.5
2024-04,southeast,NOV,2024,NOV-LO,3.5 가솔린,AWD,오션 블루,5,6,24171,5174,10,57,88.5
2024-04,southeast,NOV,2024,NOV-LO,3.5 가솔린,AWD,선셋 레드,4,4,19337,4140,8,57,88.5
2024-04,southeast,NOV,2024,NOV-LO,3.5 가솔린,AWD,포레스트 그린,3,3,12085,2587,5,48,88.5
2024-04,southeast,NOV,2024,NOV-LO,3.5 가솔린,AWD,샌드 베이지,3,3,12085,2587,5,48,88.5
2024-04,southeast,NOV,2024,NOV-LO,3.5 가솔린,FWD,스노우 화이트,29,31,136982,29325,54,57,88.5
2024-04,southeast,NOV,2024,NOV-LO,3.5 가솔린,FWD,미드나잇 블랙,23,25,108444,23216,43,57,88.5
2024-04,southeast,NOV,2024,NOV-LO,3.5 가솔린,FWD,스틸 그레이,19,21,91322,19550,36,57,88.5
2024-04,southeast,NOV,2024,NOV-LO,3.5 가솔린,FWD,실버,16,17,74199,15884,29,57,88.5
2024-04,southeast,NOV,2024,NOV-LO,3.5 가솔린,FWD,오션 블루,12,13,57076,12219,23,57,88.5
2024-04,southeast,NOV,2024,NOV-LO,3.5 가솔린,FWD,선셋 레드,10,10,45661,9775,18,57,88.5
2024-04,southeast,NOV,2024,NOV-LO,3.5 가솔린,FWD,포레스트 그린,6,7,28538,6109,11,57,88.5
2024-04,southeast,NOV,2024,NOV-LO,3.5 가솔린,FWD,샌드 베이지,6,7,28538,6109,11,57,88.5
2024-04,southeast,NOV,2024,NOV-LO,1.6T 하이브리드,AWD,스노우 화이트,6,6,27804,5952,11,57,88.5
2024-04,southeast,NOV,2024,NOV-LO,1.6T 하이브리드,AWD,미드나잇 블랙,5,5,22011,4712,9,57,88.5
2024-04,southeast,NOV,2024,NOV-LO,1.6T 하이브리드,AWD,스틸 그레이,4,4,18536,3968,7,57,88.5
2024-04,southeast,NOV,2024,NOV-LO,1.6T 하이브리드,AWD,실버,3,3,15060,3224,6,57,88.5
2024-04,southeast,NOV,2024,NOV-LO,1.6T 하이브리드,AWD,오션 블루,2,3,11585,2480,5,46,88.5
2024-04,southeast,NOV,2024,NOV-LO,1.6T 하이브리드,AWD,선셋 레드,2,2,9268,1984,4,37,88.5
2024-04,southeast,NOV,2024,NOV-LO,1.6T 하이브리드,AWD,포레스트 그린,1,1,5792,1240,2,23,88.5
2024-04,southeast,NOV,2024,NOV-LO,1.6T 하이브리드,AWD,샌드 베이지,1,1,5792,1240,2,23,88.5
2024-04,southeast,NOV,2024,NOV-LO,1.6T 하이브리드,FWD,스노우 화이트,14,15,65654,14055,26,57,88.5
2024-04,southeast,NOV,2024,NOV-LO,1.6T 하이브리드,FWD,미드나잇 블랙,11,12,51976,11127,21,57,88.5
2024-04,southeast,NOV,2024,NOV-LO,1.6T 하이브리드,FWD,스틸 그레이,9,10,43770,9370,17,57,88.5
2024-04,southeast,NOV,2024,NOV-LO,1.6T 하이브리드,FWD,실버,8,8,35563,7613,14,57,88.5
2024-04,southeast,NOV,2024,NOV-LO,1.6T 하이브리드,FWD,오션 블루,6,6,27356,5856,11,57,88.5
2024-04,southeast,NOV,2024,NOV-LO,1.6T 하이브리드,FWD,선셋 레드,5,5,21885,4685,9,57,88.5
2024-04,southeast,NOV,2024,NOV-LO,1.6T 하이브리드,FWD,포레스트 그린,3,3,13678,2928,5,54,88.5
2024-04,southeast,NOV,2024,NOV-LO,1.6T 하이브리드,FWD,샌드 베이지,3,3,13678,2928,5,54,88.5
2024-04,west,LUM,2024,LUM-AI,스탠다드 레인지,AWD,스노우 화이트,43,45,121231,-49313,83,59,88.5
2024-04,west,LUM,2024,LUM-AI,스탠다드 레인지,AWD,미드나잇 블랙,34,36,95975,-39039,66,59,88.5
2024-04,west,LUM,2024,LUM-AI,스탠다드 레인지,AWD,스틸 그레이,28,30,80821,-32875,55,59,88.5
2024-04,west,LUM,2024,LUM-AI,스탠다드 레인지,AWD,실버,23,24,65667,-26711,45,59,88.5
2024-04,west,LUM,2024,LUM-AI,스탠다드 레인지,AWD,오션 블루,18,19,50513,-20547,35,59,88.5
2024-04,west,LUM,2024,LUM-AI,스탠다드 레인지,AWD,선셋 레드,14,15,40410,-16438,28,59,88.5
2024-04,west,LUM,2024,LUM-AI,스탠다드 레인지,AWD,포레스트 그린,9,9,25257,-10274,17,59,88.5
2024-04,west,LUM,2024,LUM-AI,스탠다드 레인지,AWD,샌드 베이지,9,9,25257,-10274,17,59,88.5
2024-04,west,LUM,2024,LUM-AI,스탠다드 레인지,FWD,스노우 화이트,52,55,148172,-60271,101,59,88.5
2024-04,west,LUM,2024,LUM-AI,스탠다드 레인지,FWD,미드나잇 블랙,41,44,117303,-47715,80,59,88.5
2024-04,west,LUM,2024,LUM-AI,스탠다드 레인지,FWD,스틸 그레이,35,37,98781,-40181,68,59,88.5
2024-04,west,LUM,2024,LUM-AI,스탠다드 레인지,FWD,실버,28,30,80260,-32647,55,59,88.5
2024-04,west,LUM,2024,LUM-AI,스탠다드 레인지,FWD,오션 블루,22,23,61738,-25113,42,59,88.5
2024-04,west,LUM,2024,LUM-AI,스탠다드 레인지,FWD,선셋 레드,17,18,49391,-20090,34,59,88.5
2024-04,west,LUM,2024,LUM-AI,스탠다드 레인지,FWD,포레스트 그린,11,12,30869,-12557,21,59,88.5
2024-04,west,LUM,2024,LUM-AI,스탠다드 레인지,FWD,샌드 베이지,11,12,30869,-12557,21,59,88.5
2024-04,west,LUM,2024,LUM-AI,롱레인지,AWD,스노우 화이트,62,66,175904,-71552,120,59,88.5
2024-04,west,LUM,2024,LUM-AI,롱레인지,AWD,미드나잇 블랙,49,52,139258,-56645,95,59,88.5
2024-04,west,LUM,2024,LUM-AI,롱레인지,AWD,스틸 그레이,41,44,117270,-47701,80,59,88.5
2024-04,west,LUM,2024,LUM-AI,롱레인지,AWD,실버,34,36,95281,-38757,65,59,88.5
2024-04,west,LUM,2024,LUM-AI,롱레인지,AWD,오션 블루,26,27,73293,-29813,50,59,88.5
2024-04,west,LUM,2024,LUM-AI,롱레인지,AWD,선셋 레드,21,22,58635,-23851,40,59,88.5
2024-04,west,LUM,2024,LUM-AI,롱레인지,AWD,포레스트 그린,13,14,36647,-14907,25,59,88.5
2024-04,west,LUM,2024,LUM-AI,롱레인지,AWD,샌드 베이지,13,14,36647,-14907,25,59,88.5
2024-04,west,LUM,2024,LUM-AI,롱레인지,FWD,스노우 화이트,76,80,214994,-87453,147,59,88.5
2024-04,west,LUM,2024,LUM-AI,롱레인지,FWD,미드나잇 블랙,60,63,170204,-69233,116,59,88.5
2024-04,west,LUM,2024,LUM-AI,롱레인지,FWD,스틸 그레이,51,53,143329,-58302,98,59,88.5
2024-04,west,LUM,2024,LUM-AI,롱레인지,FWD,실버,41,43,116455,-47370,80,59,88.5
2024-04,west,LUM,2024,LUM-AI,롱레인지,FWD,오션 블루,32,33,89581,-36439,61,59,88.5
2024-04,west,LUM,2024,LUM-AI,롱레인지,FWD,선셋 레드,25,27,71665,-29151,49,59,88.5
2024-04,west,LUM,2024,LUM-AI,롱레인지,FWD,포레스트 그린,16,17,44790,-18219,31,59,88.5
2024-04,west,LUM,2024,LUM-AI,롱레인지,FWD,샌드 베이지,16,17,44790,-18219,31,59,88.5
2024-04,west,LUM,2024,LUM-RA,스탠다드 레인지,AWD,스노우 화이트,49,52,152579,-44893,96,59,88.5
2024-04,west,LUM,2024,LUM-RA,스탠다드 레인지,AWD,미드나잇 블랙,39,41,120792,-35540,76,59,88.5
2024-04,west,LUM,2024,LUM-RA,스탠다드 레인지,AWD,스틸 그레이,33,35,101720,-29929,64,59,88.5
2024-04,west,LUM,2024,LUM-RA,스탠다드 레인지,AWD,실버,27,28,82647,-24317,52,59,88.5
2024-04,west,LUM,2024,LUM-RA,스탠다드 레인지,AWD,오션 블루,21,22,63575,-18705,40,59,88.5
2024-04,west,LUM,2024,LUM-RA,스탠다드 레인지,AWD,선셋 레드,16,17,50860,-14964,32,59,88.5
2024-04,west,LUM,2024,LUM-RA,스탠다드 레인지,AWD,포레스트 그린,10,11,31787,-9353,20,59,88.5
2024-04,west,LUM,2024,LUM-RA,스탠다드 레인지,AWD,샌드 베이지,10,11,31787,-9353,20,59,88.5
2024-04,west,LUM,2024,LUM-RA,스탠다드 레인지,FWD,스노우 화이트,60,64,186486,-54869,117,59,88.5
2024-04,west,LUM,2024,LUM-RA,스탠다드 레인지,FWD,미드나잇 블랙,48,51,147635,-43438,93,59,88.5
2024-04,west,LUM,2024,LUM-RA,스탠다드 레인지,FWD,스틸 그레이,40,43,124324,-36579,78,59,88.5
2024-04,west,LUM,2024,LUM-RA,스탠다드 레인지,FWD,실버,33,35,101013,-29721,64,59,88.5
2024-04,west,LUM,2024,LUM-RA,스탠다드 레인지,FWD,오션 블루,25,27,77703,-22862,49,59,88.5
2024-04,west,LUM,2024,LUM-RA,스탠다드 레인지,FWD,선셋 레드,20,21,62162,-18290,39,59,88.5
2024-04,west,LUM,2024,LUM-RA,스탠다드 레인지,FWD,포레스트 그린,13,13,38851,-11431,24,59,88.5
2024-04,west,LUM,2024,LUM-RA,스탠다드 레인지,FWD,샌드 베이지,13,13,38851,-11431,24,59,88.5
2024-04,west,LUM,2024,LUM-RA,롱레인지,AWD,스노우 화이트,72,76,221390,-65139,139,59,88.5
2024-04,west,LUM,2024,LUM-RA,롱레인지,AWD,미드나잇 블랙,57,60,175267,-51568,110,59,88.5
2024-04,west,LUM,2024,LUM-RA,롱레인지,AWD,스틸 그레이,48,51,147593,-43426,93,59,88.5
2024-04,west,LUM,2024,LUM-RA,롱레인지,AWD,실버,39,41,119919,-35283,75,59,88.5
2024-04,west,LUM,2024,LUM-RA,롱레인지,AWD,오션 블루,30,32,92246,-27141,58,59,88.5
2024-04,west,LUM,2024,LUM-RA,롱레인지,AWD,선셋 레드,24,25,73797,-21713,46,59,88.5
2024-04,west,LUM,2024,LUM-RA,롱레인지,AWD,포레스트 그린,15,16,46123,-13571,29,59,88.5
2024-04,west,LUM,2024,LUM-RA,롱레인지,AWD,샌드 베이지,15,16,46123,-13571,29,59,88.5
2024-04,west,LUM,2024,LUM-RA,롱레인지,FWD,스노우 화이트,88,93,270588,-79614,170,59,88.5
2024-04,west,LUM,2024,LUM-RA,롱레인지,FWD,미드나잇 블랙,69,73,214215,-63028,135,59,88.5
2024-04,west,LUM,2024,LUM-RA,롱레인지,FWD,스틸 그레이,58,62,180392,-53076,113,59,88.5
2024-04,west,LUM,2024,LUM-RA,롱레인지,FWD,실버,48,50,146568,-43124,92,59,88.5
2024-04,west,LUM,2024,LUM-RA,롱레인지,FWD,오션 블루,37,39,112745,-33172,71,59,88.5
2024-04,west,LUM,2024,LUM-RA,롱레인지,FWD,선셋 레드,29,31,90196,-26538,57,59,88.5
2024-04,west,LUM,2024,LUM-RA,롱레인지,FWD,포레스트 그린,18,19,56372,-16586,35,59,88.5
2024-04,west,LUM,2024,LUM-RA,롱레인지,FWD,샌드 베이지,18,19,56372,-16586,35,59,88.5
2024-04,west,LUM,2024,LUM-SP,스탠다드 레인지,AWD,스노우 화이트,20,21,71158,-9627,39,59,88.5
2024-04,west,LUM,2024,LUM-SP,스탠다드 레인지,AWD,미드나잇 블랙,16,17,56333,-7621,31,59,88.5
2024-04,west,LUM,2024,LUM-SP,스탠다드 레인지,AWD,스틸 그레이,13,14,47438,-6418,26,59,88.5
2024-04,west,LUM,2024,LUM-SP,스탠다드 레인지,AWD,실버,11,12,38544,-5214,21,59,88.5
2024-04,west,LUM,2024,LUM-SP,스탠다드 레인지,AWD,오션 블루,8,9,29649,-4011,16,59,88.5
2024-04,west,LUM,2024,LUM-SP,스탠다드 레인지,AWD,선셋 레드,7,7,23719,-3209,13,59,88.5
2024-04,west,LUM,2024,LUM-SP,스탠다드 레인지,AWD,포레스트 그린,4,4,14824,-2006,8,59,88.5
2024-04,west,LUM,2024,LUM-SP,스탠다드 레인지,AWD,샌드 베이지,4,4,14824,-2006,8,59,88.5
2024-04,west,LUM,2024,LUM-SP,스탠다드 레인지,FWD,스노우 화이트,25,26,86970,-11766,48,59,88.5
2024-04,west,LUM,2024,LUM-SP,스탠다드 레인지,FWD,미드나잇 블랙,20,21,68851,-9315,38,59,88.5
2024-04,west,LUM,2024,LUM-SP,스탠다드 레인지,FWD,스틸 그레이,16,17,57980,-7844,32,59,88.5
2024-04,west,LUM,2024,LUM-SP,스탠다드 레인지,FWD,실버,13,14,47109,-6373,26,59,88.5
2024-04,west,LUM,2024,LUM-SP,스탠다드 레인지,FWD,오션 블루,10,11,36238,-4902,20,59,88.5
2024-04,west,LUM,2024,LUM-SP,스탠다드 레인지,FWD,선셋 레드,8,9,28990,-3922,16,59,88.5
2024-04,west,LUM,2024,LUM-SP,스탠다드 레인지,FWD,포레스트 그린,5,5,18119,-2451,10,59,88.5
2024-04,west,LUM,2024,LUM-SP,스탠다드 레인지,FWD,샌드 베이지,5,5,18119,-2451,10,59,88.5
2024-04,west,LUM,2024,LUM-SP,롱레인지,AWD,스노우 화이트,29,31,103248,-13968,57,59,88.5
2024-04,west,LUM,2024,LUM-SP,롱레인지,AWD,미드나잇 블랙,23,25,81738,-11058,45,59,88.5
2024-04,west,LUM,2024,LUM-SP,롱레인지,AWD,스틸 그레이,20,21,68832,-9312,38,59,88.5
2024-04,west,LUM,2024,LUM-SP,롱레인지,AWD,실버,16,17,55926,-7566,31,59,88.5
2024-04,west,LUM,2024,LUM-SP,롱레인지,AWD,오션 블루,12,13,43020,-5820,24,59,88.5
2024-04,west,LUM,2024,LUM-SP,롱레인지,AWD,선셋 레드,10,10,34416,-4656,19,59,88.5
2024-04,west,LUM,2024,LUM-SP,롱레인지,AWD,포레스트 그린,6,6,21510,-2910,12,59,88.5
2024-04,west,LUM,2024,LUM-SP,롱레인지,AWD,샌드 베이지,6,6,21510,-2910,12,59,88.5
2024-04,west,LUM,2024,LUM-SP,롱레인지,FWD,스노우 화이트,36,38,126192,-17072,70,59,88.5
2024-04,west,LUM,2024,LUM-SP,롱레인지,FWD,미드나잇 블랙,28,30,99902,-13515,55,59,88.5
2024-04,west,LUM,2024,LUM-SP,롱레인지,FWD,스틸 그레이,24,25,84128,-11381,46,59,88.5
2024-04,west,LUM,2024,LUM-SP,롱레인지,FWD,실버,19,21,68354,-9247,38,59,88.5
2024-04,west,LUM,2024,LUM-SP,롱레인지,FWD,오션 블루,15,16,52580,-7113,29,59,88.5
2024-04,west,LUM,2024,LUM-SP,롱레인지,FWD,선셋 레드,12,13,42064,-5691,23,59,88.5
2024-04,west,LUM,2024,LUM-SP,롱레인지,FWD,포레스트 그린,7,8,26290,-3557,15,59,88.5
2024-04,west,LUM,2024,LUM-SP,롱레인지,FWD,샌드 베이지,7,8,26290,-3557,15,59,88.5
2024-04,central,LUM,2024,LUM-AI,스탠다드 레인지,AWD,스노우 화이트,18,19,50643,-20600,35,59,88.5
2024-04,central,LUM,2024,LUM-AI,스탠다드 레인지,AWD,미드나잇 블랙,14,15,40092,-16308,27,59,88.5
2024-04,central,LUM,2024,LUM-AI,스탠다드 레인지,AWD,스틸 그레이,12,13,33762,-13733,23,59,88.5
2024-04,central,LUM,2024,LUM-AI,스탠다드 레인지,AWD,실버,10,10,27431,-11158,19,59,88.5
2024-04,central,LUM,2024,LUM-AI,스탠다드 레인지,AWD,오션 블루,7,8,21101,-8583,14,59,88.5
2024-04,central,LUM,2024,LUM-AI,스탠다드 레인지,AWD,선셋 레드,6,6,16881,-6867,12,59,88.5
2024-04,central,LUM,2024,LUM-AI,스탠다드 레인지,AWD,포레스트 그린,4,4,10551,-4292,7,59,88.5
2024-04,central,LUM,2024,LUM-AI,스탠다드 레인지,AWD,샌드 베이지,4,4,10551,-4292,7,59,88.5
2024-04,central,LUM,2024,LUM-AI,스탠다드 레인지,FWD,스노우 화이트,17,18,47217,-19207,32,59,88.5
2024-04,central,LUM,2024,LUM-AI,스탠다드 레인지,FWD,미드나잇 블랙,13,14,37381,-15205,26,59,88.5
2024-04,central,LUM,2024,LUM-AI,스탠다드 레인지,FWD,스틸 그레이,11,12,31478,-12804,22,59,88.5
2024-04,central,LUM,2024,LUM-AI,스탠다드 레인지,FWD,실버,9,10,25576,-10404,17,59,88.5
2024-04,central,LUM,2024,LUM-AI,스탠다드 레인지,FWD,오션 블루,7,7,19674,-8003,13,59,88.5
2024-04,central,LUM,2024,LUM-AI,스탠다드 레인지,FWD,선셋 레드,6,6,15739,-6402,11,59,88.5
2024-04,central,LUM,2024,LUM-AI,스탠다드 레인지,FWD,포레스트 그린,3,4,9837,-4001,7,59,88.5
2024-04,central,LUM,2024,LUM-AI,스탠다드 레인지,FWD,샌드 베이지,3,4,9837,-4001,7,59,88.5
2024-04,central,LUM,2024,LUM-AI,롱레인지,AWD,스노우 화이트,26,27,73481,-29890,50,59,88.5
2024-04,central,LUM,2024,LUM-AI,롱레인지,AWD,미드나잇 블랙,21,22,58173,-23663,40,59,88.5
2024-04,central,LUM,2024,LUM-AI,롱레인지,AWD,스틸 그레이,17,18,48988,-19927,33,59,88.5
2024-04,central,LUM,2024,LUM-AI,롱레인지,AWD,실버,14,15,39802,-16190,27,59,88.5
2024-04,central,LUM,2024,LUM-AI,롱레인지,AWD,오션 블루,11,11,30617,-12454,21,59,88.5
2024-04,central,LUM,2024,LUM-AI,롱레인지,AWD,선셋 레드,9,9,24494,-9963,17,59,88.5
2024-04,central,LUM,2024,LUM-AI,롱레인지,AWD,포레스트 그린,5,6,15309,-6227,10,59,88.5
2024-04,central,LUM,2024,LUM-AI,롱레인지,AWD,샌드 베이지,5,6,15309,-6227,10,59,88.5
2024-04,central,LUM,2024,LUM-AI,롱레인지,FWD,스노우 화이트,24,26,68512,-27868,47,59,88.5
2024-04,central,LUM,2024,LUM-AI,롱레인지,FWD,미드나잇 블랙,19,20,54238,-22062,37,59,88.5
2024-04,central,LUM,2024,LUM-AI,롱레인지,FWD,스틸 그레이,16,17,45674,-18579,31,59,88.5
2024-04,central,LUM,2024,LUM-AI,롱레인지,FWD,실버,13,14,37110,-15095,25,59,88.5
2024-04,central,LUM,2024,LUM-AI,롱레인지,FWD,오션 블루,10,11,28547,-11612,20,59,88.5
2024-04,central,LUM,2024,LUM-AI,롱레인지,FWD,선셋 레드,8,9,22837,-9289,16,59,88.5
2024-04,central,LUM,2024,LUM-AI,롱레인지,FWD,포레스트 그린,5,5,14273,-5806,10,59,88.5
2024-04,central,LUM,2024,LUM-AI,롱레인지,FWD,샌드 베이지,5,5,14273,-5806,10,59,88.5
2024-04,central,LUM,2024,LUM-RA,스탠다드 레인지,AWD,스노우 화이트,21,22,63738,-18753,40,59,88.5
2024-04,central,LUM,2024,LUM-RA,스탠다드 레인지,AWD,미드나잇 블랙,16,17,50459,-14846,32,59,88.5
2024-04,central,LUM,2024,LUM-RA,스탠다드 레인지,AWD,스틸 그레이,14,15,42492,-12502,27,59,88.5
2024-04,central,LUM,2024,LUM-RA,스탠다드 레인지,AWD,실버,11,12,34525,-10158,22,59,88.5
2024-04,central,LUM,2024,LUM-RA,스탠다드 레인지,AWD,오션 블루,9,9,26557,-7814,17,59,88.5
2024-04,central,LUM,2024,LUM-RA,스탠다드 레인지,AWD,선셋 레드,7,7,21246,-6251,13,59,88.5
2024-04,central,LUM,2024,LUM-RA,스탠다드 레인지,AWD,포레스트 그린,4,5,13279,-3907,8,59,88.5
2024-04,central,LUM,2024,LUM-RA,스탠다드 레인지,AWD,샌드 베이지,4,5,13279,-3907,8,59,88.5
2024-04,central,LUM,2024,LUM-RA,스탠다드 레인지,FWD,스노우 화이트,19,20,59427,-17485,37,59,88.5
2024-04,central,LUM,2024,LUM-RA,스탠다드 레인지,FWD,미드나잇 블랙,15,16,47046,-13842,30,59,88.5
2024-04,central,LUM,2024,LUM-RA,스탠다드 레인지,FWD,스틸 그레이,13,14,39618,-11657,25,59,88.5
2024-04,central,LUM,2024,LUM-RA,스탠다드 레인지,FWD,실버,10,11,32190,-9471,20,59,88.5
2024-04,central,LUM,2024,LUM-RA,스탠다드 레인지,FWD,오션 블루,8,8,24761,-7285,16,59,88.5
2024-04,central,LUM,2024,LUM-RA,스탠다드 레인지,FWD,선셋 레드,6,7,19809,-5828,12,59,88.5
2024-04,central,LUM,2024,LUM-RA,스탠다드 레인지,FWD,포레스트 그린,4,4,12381,-3643,8,59,88.5
2024-04,central,LUM,2024,LUM-RA,스탠다드 레인지,FWD,샌드 베이지,4,4,12381,-3643,8,59,88.5
2024-04,central,LUM,2024,LUM-RA,롱레인지,AWD,스노우 화이트,30,32,92482,-27211,58,59,88.5
2024-04,central,LUM,2024,LUM-RA,롱레인지,AWD,미드나잇 블랙,24,25,73215,-21542,46,59,88.5
2024-04,central,LUM,2024,LUM-RA,롱레인지,AWD,스틸 그레이,20,21,61655,-18140,39,59,88.5
2024-04,central,LUM,2024,LUM-RA,롱레인지,AWD,실버,16,17,50095,-14739,32,59,88.5
2024-04,central,LUM,2024,LUM-RA,롱레인지,AWD,오션 블루,12,13,38534,-11338,24,59,88.5
2024-04,central,LUM,2024,LUM-RA,롱레인지,AWD,선셋 레드,10,11,30827,-9070,19,59,88.5
2024-04,central,LUM,2024,LUM-RA,롱레인지,AWD,포레스트 그린,6,7,19267,-5669,12,59,88.5
2024-04,central,LUM,2024,LUM-RA,롱레인지,AWD,샌드 베이지,6,7,19267,-5669,12,59,88.5
2024-04,central,LUM,2024,LUM-RA,롱레인지,FWD,스노우 화이트,28,30,86227,-25370,54,59,88.5
2024-04,central,LUM,2024,LUM-RA,롱레인지,FWD,미드나잇 블랙,22,23,68263,-20085,43,59,88.5
2024-04,central,LUM,2024,LUM-RA,롱레인지,FWD,스틸 그레이,19,20,57485,-16914,36,59,88.5
2024-04,central,LUM,2024,LUM-RA,롱레인지,FWD,실버,15,16,46707,-13742,29,59,88.5
2024-04,central,LUM,2024,LUM-RA,롱레인지,FWD,오션 블루,12,12,35928,-10571,23,59,88.5
2024-04,central,LUM,2024,LUM-RA,롱레인지,FWD,선셋 레드,9,10,28742,-8457,18,59,88.5
2024-04,central,LUM,2024,LUM-RA,롱레인지,FWD,포레스트 그린,6,6,17964,-5285,11,59,88.5
2024-04,central,LUM,2024,LUM-RA,롱레인지,FWD,샌드 베이지,6,6,17964,-5285,11,59,88.5
2024-04,central,LUM,2024,LUM-SP,스탠다드 레인지,AWD,스노우 화이트,8,9,29725,-4021,16,59,88.5
2024-04,central,LUM,2024,LUM-SP,스탠다드 레인지,AWD,미드나잇 블랙,7,7,23532,-3184,13,59,88.5
2024-04,central,LUM,2024,LUM-SP,스탠다드 레인지,AWD,스틸 그레이,6,6,19817,-2681,11,59,88.5
2024-04,central,LUM,2024,LUM-SP,스탠다드 레인지,AWD,실버,5,5,16101,-2178,9,59,88.5
2024-04,central,LUM,2024,LUM-SP,스탠다드 레인지,AWD,오션 블루,4,4,12385,-1676,7,59,88.5
2024-04,central,LUM,2024,LUM-SP,스탠다드 레인지,AWD,선셋 레드,3,3,9908,-1340,5,55,88.5
2024-04,central,LUM,2024,LUM-SP,스탠다드 레인지,AWD,포레스트 그린,2,2,6193,-838,3,34,88.5
2024-04,central,LUM,2024,LUM-SP,스탠다드 레인지,AWD,샌드 베이지,2,2,6193,-838,3,34,88.5
2024-04,central,LUM,2024,LUM-SP,스탠다드 레인지,FWD,스노우 화이트,8,8,27715,-3749,15,59,88.5
2024-04,central,LUM,2024,LUM-SP,스탠다드 레인지,FWD,미드나잇 블랙,6,7,21941,-2968,12,59,88.5
2024-04,central,LUM,2024,LUM-SP,스탠다드 레인지,FWD,스틸 그레이,5,6,18476,-2500,10,59,88.5
2024-04,central,LUM,2024,LUM-SP,스탠다드 레인지,FWD,실버,4,5,15012,-2031,8,59,88.5
2024-04,central,LUM,2024,LUM-SP,스탠다드 레인지,FWD,오션 블루,3,3,11548,-1562,6,59,88.5
2024-04,central,LUM,2024,LUM-SP,스탠다드 레인지,FWD,선셋 레드,3,3,9238,-1250,5,51,88.5
2024-04,central,LUM,2024,LUM-SP,스탠다드 레인지,FWD,포레스트 그린,2,2,5774,-781,3,32,88.5
2024-04,central,LUM,2024,LUM-SP,스탠다드 레인지,FWD,샌드 베이지,2,2,5774,-781,3,32,88.5
2024-04,central,LUM,2024,LUM-SP,롱레인지,AWD,스노우 화이트,12,13,43130,-5835,24,59,88.5
2024-04,central,LUM,2024,LUM-SP,롱레인지,AWD,미드나잇 블랙,10,10,34145,-4619,19,59,88.5
2024-04,central,LUM,2024,LUM-SP,롱레인지,AWD,스틸 그레이,8,9,28754,-3890,16,59,88.5
2024-04,central,LUM,2024,LUM-SP,롱레인지,AWD,실버,7,7,23362,-3161,13,59,88.5
2024-04,central,LUM,2024,LUM-SP,롱레인지,AWD,오션 블루,5,5,17971,-2431,10,59,88.5
2024-04,central,LUM,2024,LUM-SP,롱레인지,AWD,선셋 레드,4,4,14377,-1945,8,59,88.5
2024-04,central,LUM,2024,LUM-SP,롱레인지,AWD,포레스트 그린,3,3,8985,-1216,5,50,88.5
2024-04,central,LUM,2024,LUM-SP,롱레인지,AWD,샌드 베이지,3,3,8985,-1216,5,50,88.5
2024-04,central,LUM,2024,LUM-SP,롱레인지,FWD,스노우 화이트,11,12,40213,-5440,22,59,88.5
2024-04,central,LUM,2024,LUM-SP,롱레인지,FWD,미드나잇 블랙,9,10,31836,-4307,18,59,88.5
2024-04,central,LUM,2024,LUM-SP,롱레인지,FWD,스틸 그레이,8,8,26809,-3627,15,59,88.5
2024-04,central,LUM,2024,LUM-SP,롱레인지,FWD,실버,6,7,21782,-2947,12,59,88.5
2024-04,central,LUM,2024,LUM-SP,롱레인지,FWD,오션 블루,5,5,16756,-2267,9,59,88.5
2024-04,central,LUM,2024,LUM-SP,롱레인지,FWD,선셋 레드,4,4,13404,-1813,7,59,88.5
2024-04,central,LUM,2024,LUM-SP,롱레인지,FWD,포레스트 그린,2,3,8378,-1133,5,46,88.5
2024-04,central,LUM,2024,LUM-SP,롱레인지,FWD,샌드 베이지,2,3,8378,-1133,5,46,88.5
2024-04,south,LUM,2024,LUM-AI,스탠다드 레인지,AWD,스노우 화이트,14,15,41032,-16691,28,59,88.5
2024-04,south,LUM,2024,LUM-AI,스탠다드 레인지,AWD,미드나잇 블랙,11,12,32484,-13213,22,59,88.5
2024-04,south,LUM,2024,LUM-AI,스탠다드 레인지,AWD,스틸 그레이,10,10,27355,-11127,19,59,88.5
2024-04,south,LUM,2024,LUM-AI,스탠다드 레인지,AWD,실버,8,8,22226,-9041,15,59,88.5
2024-04,south,LUM,2024,LUM-AI,스탠다드 레인지,AWD,오션 블루,6,6,17097,-6954,12,59,88.5
2024-04,south,LUM,2024,LUM-AI,스탠다드 레인지,AWD,선셋 레드,5,5,13677,-5564,9,59,88.5
2024-04,south,LUM,2024,LUM-AI,스탠다드 레인지,AWD,포레스트 그린,3,3,8548,-3477,6,58,88.5
2024-04,south,LUM,2024,LUM-AI,스탠다드 레인지,AWD,샌드 베이지,3,3,8548,-3477,6,58,88.5
2024-04,south,LUM,2024,LUM-AI,스탠다드 레인지,FWD,스노우 화이트,30,32,85610,-34823,59,59,88.5
2024-04,south,LUM,2024,LUM-AI,스탠다드 레인지,FWD,미드나잇 블랙,24,25,67775,-27569,46,59,88.5
2024-04,south,LUM,2024,LUM-AI,스탠다드 레인지,FWD,스틸 그레이,20,21,57074,-23216,39,59,88.5
2024-04,south,LUM,2024,LUM-AI,스탠다드 레인지,FWD,실버,16,17,46372,-18863,32,59,88.5
2024-04,south,LUM,2024,LUM-AI,스탠다드 레인지,FWD,오션 블루,13,13,35671,-14510,24,59,88.5
2024-04,south,LUM,2024,LUM-AI,스탠다드 레인지,FWD,선셋 레드,10,11,28537,-11608,20,59,88.5
2024-04,south,LUM,2024,LUM-AI,스탠다드 레인지,FWD,포레스트 그린,6,7,17835,-7255,12,59,88.5
2024-04,south,LUM,2024,LUM-AI,스탠다드 레인지,FWD,샌드 베이지,6,7,17835,-7255,12,59,88.5
2024-04,south,LUM,2024,LUM-AI,롱레인지,AWD,스노우 화이트,21,22,59537,-24218,41,59,88.5
2024-04,south,LUM,2024,LUM-AI,롱레인지,AWD,미드나잇 블랙,17,18,47133,-19172,32,59,88.5
2024-04,south,LUM,2024,LUM-AI,롱레인지,AWD,스틸 그레이,14,15,39691,-16145,27,59,88.5
2024-04,south,LUM,2024,LUM-AI,롱레인지,AWD,실버,11,12,32249,-13118,22,59,88.5
2024-04,south,LUM,2024,LUM-AI,롱레인지,AWD,오션 블루,9,9,24807,-10091,17,59,88.5
2024-04,south,LUM,2024,LUM-AI,롱레인지,AWD,선셋 레드,7,7,19846,-8073,14,59,88.5
2024-04,south,LUM,2024,LUM-AI,롱레인지,AWD,포레스트 그린,4,5,12404,-5045,8,59,88.5
2024-04,south,LUM,2024,LUM-AI,롱레인지,AWD,샌드 베이지,4,5,12404,-5045,8,59,88.5
2024-04,south,LUM,2024,LUM-AI,롱레인지,FWD,스노우 화이트,44,46,124219,-50528,85,59,88.5
2024-04,south,LUM,2024,LUM-AI,롱레인지,FWD,미드나잇 블랙,35,37,98340,-40001,67,59,88.5
2024-04,south,LUM,2024,LUM-AI,롱레인지,FWD,스틸 그레이,29,31,82813,-33685,57,59,88.5
2024-04,south,LUM,2024,LUM-AI,롱레인지,FWD,실버,24,25,67285,-27369,46,59,88.5
2024-04,south,LUM,2024,LUM-AI,롱레인지,FWD,오션 블루,18,19,51758,-21053,35,59,88.5
2024-04,south,LUM,2024,LUM-AI,롱레인지,FWD,선셋 레드,15,15,41406,-16843,28,59,88.5
2024-04,south,LUM,2024,LUM-AI,롱레인지,FWD,포레스트 그린,9,10,25879,-10527,18,59,88.5
2024-04,south,LUM,2024,LUM-AI,롱레인지,FWD,샌드 베이지,9,10,25879,-10527,18,59,88.5
2024-04,south,LUM,2024,LUM-RA,스탠다드 레인지,AWD,스노우 화이트,17,18,51642,-15195,32,59,88.5
2024-04,south,LUM,2024,LUM-RA,스탠다드 레인지,AWD,미드나잇 블랙,13,14,40883,-12029,26,59,88.5
2024-04,south,LUM,2024,LUM-RA,스탠다드 레인지,AWD,스틸 그레이,11,12,34428,-10130,22,59,88.5
2024-04,south,LUM,2024,LUM-RA,스탠다드 레인지,AWD,실버,9,10,27973,-8230,18,59,88.5
2024-04,south,LUM,2024,LUM-RA,스탠다드 레인지,AWD,오션 블루,7,7,21518,-6331,14,59,88.5
2024-04,south,LUM,2024,LUM-RA,스탠다드 레인지,AWD,선셋 레드,6,6,17214,-5065,11,59,88.5
2024-04,south,LUM,2024,LUM-RA,스탠다드 레인지,AWD,포레스트 그린,3,4,10759,-3166,7,59,88.5
2024-04,south,LUM,2024,LUM-RA,스탠다드 레인지,AWD,샌드 베이지,3,4,10759,-3166,7,59,88.5
2024-04,south,LUM,2024,LUM-RA,스탠다드 레인지,FWD,스노우 화이트,35,37,107747,-31702,68,59,88.5
2024-04,south,LUM,2024,LUM-RA,스탠다드 레인지,FWD,미드나잇 블랙,28,29,85300,-25098,54,59,88.5
2024-04,south,LUM,2024,LUM-RA,스탠다드 레인지,FWD,스틸 그레이,23,25,71832,-21135,45,59,88.5
2024-04,south,LUM,2024,LUM-RA,스탠다드 레인지,FWD,실버,19,20,58363,-17172,37,59,88.5
2024-04,south,LUM,2024,LUM-RA,스탠다드 레인지,FWD,오션 블루,15,15,44895,-13209,28,59,88.5
2024-04,south,LUM,2024,LUM-RA,스탠다드 레인지,FWD,선셋 레드,12,12,35916,-10567,23,59,88.5
2024-04,south,LUM,2024,LUM-RA,스탠다드 레인지,FWD,포레스트 그린,7,8,22447,-6605,14,59,88.5
2024-04,south,LUM,2024,LUM-RA,스탠다드 레인지,FWD,샌드 베이지,7,8,22447,-6605,14,59,88.5
2024-04,south,LUM,2024,LUM-RA,롱레인지,AWD,스노우 화이트,24,26,74932,-22047,47,59,88.5
2024-04,south,LUM,2024,LUM-RA,롱레인지,AWD,미드나잇 블랙,19,20,59321,-17454,37,59,88.5
2024-04,south,LUM,2024,LUM-RA,롱레인지,AWD,스틸 그레이,16,17,49955,-14698,31,59,88.5
2024-04,south,LUM,2024,LUM-RA,롱레인지,AWD,실버,13,14,40588,-11942,26,59,88.5
2024-04,south,LUM,2024,LUM-RA,롱레인지,AWD,오션 블루,10,11,31222,-9186,20,59,88.5
2024-04,south,LUM,2024,LUM-RA,롱레인지,AWD,선셋 레드,8,9,24977,-7349,16,59,88.5
2024-04,south,LUM,2024,LUM-RA,롱레인지,AWD,포레스트 그린,5,5,15611,-4593,10,59,88.5
2024-04,south,LUM,2024,LUM-RA,롱레인지,AWD,샌드 베이지,5,5,15611,-4593,10,59,88.5
2024-04,south,LUM,2024,LUM-RA,롱레인지,FWD,스노우 화이트,51,54,156339,-45999,98,59,88.5
2024-04,south,LUM,2024,LUM-RA,롱레인지,FWD,미드나잇 블랙,40,42,123769,-36416,78,59,88.5
2024-04,south,LUM,2024,LUM-RA,롱레인지,FWD,스틸 그레이,34,36,104226,-30666,66,59,88.5
2024-04,south,LUM,2024,LUM-RA,롱레인지,FWD,실버,27,29,84684,-24916,53,59,88.5
2024-04,south,LUM,2024,LUM-RA,롱레인지,FWD,오션 블루,21,22,65141,-19166,41,59,88.5
2024-04,south,LUM,2024,LUM-RA,롱레인지,FWD,선셋 레드,17,18,52113,-15333,33,59,88.5
2024-04,south,LUM,2024,LUM-RA,롱레인지,FWD,포레스트 그린,11,11,32571,-9583,20,59,88.5
2024-04,south,LUM,2024,LUM-RA,롱레인지,FWD,샌드 베이지,11,11,32571,-9583,20,59,88.5
2024-04,south,LUM,2024,LUM-SP,스탠다드 레인지,AWD,스노우 화이트,7,7,24084,-3258,13,59,88.5
2024-04,south,LUM,2024,LUM-SP,스탠다드 레인지,AWD,미드나잇 블랙,5,6,19067,-2579,11,59,88.5
2024-04,south,LUM,2024,LUM-SP,스탠다드 레인지,AWD,스틸 그레이,5,5,16056,-2172,9,59,88.5
2024-04,south,LUM,2024,LUM-SP,스탠다드 레인지,AWD,실버,4,4,13046,-1765,7,59,88.5
2024-04,south,LUM,2024,LUM-SP,스탠다드 레인지,AWD,오션 블루,3,3,10035,-1358,6,55,88.5
2024-04,south,LUM,2024,LUM-SP,스탠다드 레인지,AWD,선셋 레드,2,2,8028,-1086,4,44,88.5
2024-04,south,LUM,2024,LUM-SP,스탠다드 레인지,AWD,포레스트 그린,1,2,5018,-679,3,28,88.5
2024-04,south,LUM,2024,LUM-SP,스탠다드 레인지,AWD,샌드 베이지,1,2,5018,-679,3,28,88.5
2024-04,south,LUM,2024,LUM-SP,스탠다드 레인지,FWD,스노우 화이트,14,15,50250,-6798,28,59,88.5
2024-04,south,LUM,2024,LUM-SP,스탠다드 레인지,FWD,미드나잇 블랙,11,12,39781,-5382,22,59,88.5
2024-04,south,LUM,2024,LUM-SP,스탠다드 레인지,FWD,스틸 그레이,10,10,33500,-4532,18,59,88.5
2024-04,south,LUM,2024,LUM-SP,스탠다드 레인지,FWD,실버,8,8,27218,-3682,15,59,88.5
2024-04,south,LUM,2024,LUM-SP,스탠다드 레인지,FWD,오션 블루,6,6,20937,-2833,12,59,88.5
2024-04,south,LUM,2024,LUM-SP,스탠다드 레인지,FWD,선셋 레드,5,5,16750,-2266,9,59,88.5
2024-04,south,LUM,2024,LUM-SP,스탠다드 레인지,FWD,포레스트 그린,3,3,10469,-1416,6,58,88.5
2024-04,south,LUM,2024,LUM-SP,스탠다드 레인지,FWD,샌드 베이지,3,3,10469,-1416,6,58,88.5
2024-04,south,LUM,2024,LUM-SP,롱레인지,AWD,스노우 화이트,10,11,34946,-4728,19,59,88.5
2024-04,south,LUM,2024,LUM-SP,롱레인지,AWD,미드나잇 블랙,8,8,27665,-3743,15,59,88.5
2024-04,south,LUM,2024,LUM-SP,롱레인지,AWD,스틸 그레이,7,7,23297,-3152,13,59,88.5
2024-04,south,LUM,2024,LUM-SP,롱레인지,AWD,실버,5,6,18929,-2561,10,59,88.5
2024-04,south,LUM,2024,LUM-SP,롱레인지,AWD,오션 블루,4,4,14561,-1970,8,59,88.5
2024-04,south,LUM,2024,LUM-SP,롱레인지,AWD,선셋 레드,3,4,11649,-1576,6,59,88.5
2024-04,south,LUM,2024,LUM-SP,롱레인지,AWD,포레스트 그린,2,2,7280,-985,4,40,88.5
2024-04,south,LUM,2024,LUM-SP,롱레인지,AWD,샌드 베이지,2,2,7280,-985,4,40,88.5
2024-04,south,LUM,2024,LUM-SP,롱레인지,FWD,스노우 화이트,21,22,72911,-9864,40,59,88.5
2024-04,south,LUM,2024,LUM-SP,롱레인지,FWD,미드나잇 블랙,16,17,57721,-7809,32,59,88.5
2024-04,south,LUM,2024,LUM-SP,롱레인지,FWD,스틸 그레이,14,15,48607,-6576,27,59,88.5
2024-04,south,LUM,2024,LUM-SP,롱레인지,FWD,실버,11,12,39493,-5343,22,59,88.5
2024-04,south,LUM,2024,LUM-SP,롱레인지,FWD,오션 블루,9,9,30380,-4110,17,59,88.5
2024-04,south,LUM,2024,LUM-SP,롱레인지,FWD,선셋 레드,7,7,24304,-3288,13,59,88.5
2024-04,south,LUM,2024,LUM-SP,롱레인지,FWD,포레스트 그린,4,5,15190,-2055,8,59,88.5
2024-04,south,LUM,2024,LUM-SP,롱레인지,FWD,샌드 베이지,4,5,15190,-2055,8,59,88.5
2024-04,northeast,LUM,2024,LUM-AI,스탠다드 레인지,AWD,스노우 화이트,36,38,103047,-41916,70,59,88.5
2024-04,northeast,LUM,2024,LUM-AI,스탠다드 레인지,AWD,미드나잇 블랙,29,30,81579,-33184,56,59,88.5
2024-04,northeast,LUM,2024,LUM-AI,스탠다드 레인지,AWD,스틸 그레이,24,26,68698,-27944,47,59,88.5
2024-04,northeast,LUM,2024,LUM-AI,스탠다드 레인지,AWD,실버,20,21,55817,-22705,38,59,88.5
2024-04,northeast,LUM,2024,LUM-AI,스탠다드 레인지,AWD,오션 블루,15,16,42936,-17465,29,59,88.5
2024-04,northeast,LUM,2024,LUM-AI,스탠다드 레인지,AWD,선셋 레드,12,13,34349,-13972,23,59,88.5
2024-04,northeast,LUM,2024,LUM-AI,스탠다드 레인지,AWD,포레스트 그린,8,8,21468,-8733,15,59,88.5
2024-04,northeast,LUM,2024,LUM-AI,스탠다드 레인지,AWD,샌드 베이지,8,8,21468,-8733,15,59,88.5
2024-04,northeast,LUM,2024,LUM-AI,스탠다드 레인지,FWD,스노우 화이트,26,27,73101,-29735,50,59,88.5
2024-04,northeast,LUM,2024,LUM-AI,스탠다드 레인지,FWD,미드나잇 블랙,20,22,57872,-23540,40,59,88.5
2024-04,northeast,LUM,2024,LUM-AI,스탠다드 레인지,FWD,스틸 그레이,17,18,48734,-19824,33,59,88.5
2024-04,northeast,LUM,2024,LUM-AI,스탠다드 레인지,FWD,실버,14,15,39597,-16107,27,59,88.5
2024-04,northeast,LUM,2024,LUM-AI,스탠다드 레인지,FWD,오션 블루,11,11,30459,-12390,21,59,88.5
2024-04,northeast,LUM,2024,LUM-AI,스탠다드 레인지,FWD,선셋 레드,9,9,24367,-9912,17,59,88.5
2024-04,northeast,LUM,2024,LUM-AI,스탠다드 레인지,FWD,포레스트 그린,5,6,15229,-6195,10,59,88.5
2024-04,northeast,LUM,2024,LUM-AI,스탠다드 레인지,FWD,샌드 베이지,5,6,15229,-6195,10,59,88.5
2024-04,northeast,LUM,2024,LUM-AI,롱레인지,AWD,스노우 화이트,53,56,149519,-60819,102,59,88.5
2024-04,northeast,LUM,2024,LUM-AI,롱레인지,AWD,미드나잇 블랙,42,44,118369,-48149,81,59,88.5
2024-04,northeast,LUM,2024,LUM-AI,롱레인지,AWD,스틸 그레이,35,37,99679,-40546,68,59,88.5
2024-04,northeast,LUM,2024,LUM-AI,롱레인지,AWD,실버,29,30,80989,-32944,55,59,88.5
2024-04,northeast,LUM,2024,LUM-AI,롱레인지,AWD,오션 블루,22,23,62299,-25341,43,59,88.5
2024-04,northeast,LUM,2024,LUM-AI,롱레인지,AWD,선셋 레드,18,19,49840,-20273,34,59,88.5
2024-04,northeast,LUM,2024,LUM-AI,롱레인지,AWD,포레스트 그린,11,12,31150,-12671,21,59,88.5
2024-04,northeast,LUM,2024,LUM-AI,롱레인지,AWD,샌드 베이지,11,12,31150,-12671,21,59,88.5
2024-04,northeast,LUM,2024,LUM-AI,롱레인지,FWD,스노우 화이트,37,40,106069,-43145,73,59,88.5
2024-04,northeast,LUM,2024,LUM-AI,롱레인지,FWD,미드나잇 블랙,30,31,83971,-34157,57,59,88.5
2024-04,northeast,LUM,2024,LUM-AI,롱레인지,FWD,스틸 그레이,25,26,70713,-28764,48,59,88.5
2024-04,northeast,LUM,2024,LUM-AI,롱레인지,FWD,실버,20,21,57454,-23370,39,59,88.5
2024-04,northeast,LUM,2024,LUM-AI,롱레인지,FWD,오션 블루,16,16,44195,-17977,30,59,88.5
2024-04,northeast,LUM,2024,LUM-AI,롱레인지,FWD,선셋 레드,12,13,35356,-14382,24,59,88.5
2024-04,northeast,LUM,2024,LUM-AI,롱레인지,FWD,포레스트 그린,8,8,22098,-8989,15,59,88.5
2024-04,northeast,LUM,2024,LUM-AI,롱레인지,FWD,샌드 베이지,8,8,22098,-8989,15,59,88.5
2024-04,northeast,LUM,2024,LUM-RA,스탠다드 레인지,AWD,스노우 화이트,42,44,129693,-38159,82,59,88.5
2024-04,northeast,LUM,2024,LUM-RA,스탠다드 레인지,AWD,미드나잇 블랙,33,35,102673,-30209,65,59,88.5
2024-04,northeast,LUM,2024,LUM-RA,스탠다드 레인지,AWD,스틸 그레이,28,30,86462,-25439,54,59,88.5
2024-04,northeast,LUM,2024,LUM-RA,스탠다드 레인지,AWD,실버,23,24,70250,-20669,44,59,88.5
2024-04,northeast,LUM,2024,LUM-RA,스탠다드 레인지,AWD,오션 블루,18,19,54039,-15900,34,59,88.5
2024-04,northeast,LUM,2024,LUM-RA,스탠다드 레인지,AWD,선셋 레드,14,15,43231,-12720,27,59,88.5
2024-04,northeast,LUM,2024,LUM-RA,스탠다드 레인지,AWD,포레스트 그린,9,9,27019,-7950,17,59,88.5
2024-04,northeast,LUM,2024,LUM-RA,스탠다드 레인지,AWD,샌드 베이지,9,9,27019,-7950,17,59,88.5
2024-04,northeast,LUM,2024,LUM-RA,스탠다드 레인지,FWD,스노우 화이트,30,32,92004,-27070,58,59,88.5
2024-04,northeast,LUM,2024,LUM-RA,스탠다드 레인지,FWD,미드나잇 블랙,24,25,72837,-21430,46,59,88.5
2024-04,northeast,LUM,2024,LUM-RA,스탠다드 레인지,FWD,스틸 그레이,20,21,61336,-18047,39,59,88.5
2024-04,northeast,LUM,2024,LUM-RA,스탠다드 레인지,FWD,실버,16,17,49836,-14663,31,59,88.5
2024-04,northeast,LUM,2024,LUM-RA,스탠다드 레인지,FWD,오션 블루,12,13,38335,-11279,24,59,88.5
2024-04,northeast,LUM,2024,LUM-RA,스탠다드 레인지,FWD,선셋 레드,10,11,30668,-9023,19,59,88.5
2024-04,northeast,LUM,2024,LUM-RA,스탠다드 레인지,FWD,포레스트 그린,6,7,19168,-5640,12,59,88.5
2024-04,northeast,LUM,2024,LUM-RA,스탠다드 레인지,FWD,샌드 베이지,6,7,19168,-5640,12,59,88.5
2024-04,northeast,LUM,2024,LUM-RA,롱레인지,AWD,스노우 화이트,61,65,188181,-55368,118,59,88.5
2024-04,northeast,LUM,2024,LUM-RA,롱레인지,AWD,미드나잇 블랙,48,51,148977,-43833,94,59,88.5
2024-04,northeast,LUM,2024,LUM-RA,롱레인지,AWD,스틸 그레이,41,43,125454,-36912,79,59,88.5
2024-04,northeast,LUM,2024,LUM-RA,롱레인지,AWD,실버,33,35,101932,-29991,64,59,88.5
2024-04,northeast,LUM,2024,LUM-RA,롱레인지,AWD,오션 블루,25,27,78409,-23070,49,59,88.5
2024-04,northeast,LUM,2024,LUM-RA,롱레인지,AWD,선셋 레드,20,22,62727,-18456,39,59,88.5
2024-04,northeast,LUM,2024,LUM-RA,롱레인지,AWD,포레스트 그린,13,13,39204,-11535,25,59,88.5
2024-04,northeast,LUM,2024,LUM-RA,롱레인지,AWD,샌드 베이지,13,13,39204,-11535,25,59,88.5
2024-04,northeast,LUM,2024,LUM-RA,롱레인지,FWD,스노우 화이트,43,46,133496,-39278,84,59,88.5
2024-04,northeast,LUM,2024,LUM-RA,롱레인지,FWD,미드나잇 블랙,34,36,105684,-31095,66,59,88.5
2024-04,northeast,LUM,2024,LUM-RA,롱레인지,FWD,스틸 그레이,29,31,88997,-26185,56,59,88.5
2024-04,northeast,LUM,2024,LUM-RA,롱레인지,FWD,실버,23,25,72310,-21276,45,59,88.5
2024-04,northeast,LUM,2024,LUM-RA,롱레인지,FWD,오션 블루,18,19,55623,-16366,35,59,88.5
2024-04,northeast,LUM,2024,LUM-RA,롱레인지,FWD,선셋 레드,14,15,44499,-13093,28,59,88.5
2024-04,northeast,LUM,2024,LUM-RA,롱레인지,FWD,포레스트 그린,9,10,27812,-8183,17,59,88.5
2024-04,northeast,LUM,2024,LUM-RA,롱레인지,FWD,샌드 베이지,9,10,27812,-8183,17,59,88.5
2024-04,northeast,LUM,2024,LUM-SP,스탠다드 레인지,AWD,스노우 화이트,17,18,60484,-8183,33,59,88.5
2024-04,northeast,LUM,2024,LUM-SP,스탠다드 레인지,AWD,미드나잇 블랙,14,14,47883,-6478,26,59,88.5
2024-04,northeast,LUM,2024,LUM-SP,스탠다드 레인지,AWD,스틸 그레이,11,12,40323,-5455,22,59,88.5
2024-04,northeast,LUM,2024,LUM-SP,스탠다드 레인지,AWD,실버,9,10,32762,-4432,18,59,88.5
2024-04,northeast,LUM,2024,LUM-SP,스탠다드 레인지,AWD,오션 블루,7,8,25202,-3409,14,59,88.5
2024-04,northeast,LUM,2024,LUM-SP,스탠다드 레인지,AWD,선셋 레드,6,6,20161,-2728,11,59,88.5
2024-04,northeast,LUM,2024,LUM-SP,스탠다드 레인지,AWD,포레스트 그린,4,4,12601,-1705,7,59,88.5
2024-04,northeast,LUM,2024,LUM-SP,스탠다드 레인지,AWD,샌드 베이지,4,4,12601,-1705,7,59,88.5
2024-04,northeast,LUM,2024,LUM-SP,스탠다드 레인지,FWD,스노우 화이트,12,13,42907,-5805,24,59,88.5
2024-04,northeast,LUM,2024,LUM-SP,스탠다드 레인지,FWD,미드나잇 블랙,10,10,33968,-4595,19,59,88.5
2024-04,northeast,LUM,2024,LUM-SP,스탠다드 레인지,FWD,스틸 그레이,8,9,28605,-3870,16,59,88.5
2024-04,northeast,LUM,2024,LUM-SP,스탠다드 레인지,FWD,실버,7,7,23241,-3144,13,59,88.5
2024-04,northeast,LUM,2024,LUM-SP,스탠다드 레인지,FWD,오션 블루,5,5,17878,-2419,10,59,88.5
2024-04,northeast,LUM,2024,LUM-SP,스탠다드 레인지,FWD,선셋 레드,4,4,14302,-1935,8,59,88.5
2024-04,northeast,LUM,2024,LUM-SP,스탠다드 레인지,FWD,포레스트 그린,3,3,8939,-1209,5,49,88.5
2024-04,northeast,LUM,2024,LUM-SP,스탠다드 레인지,FWD,샌드 베이지,3,3,8939,-1209,5,49,88.5
2024-04,northeast,LUM,2024,LUM-SP,롱레인지,AWD,스노우 화이트,25,26,87761,-11873,48,59,88.5
2024-04,northeast,LUM,2024,LUM-SP,롱레인지,AWD,미드나잇 블랙,20,21,69477,-9399,38,59,88.5
2024-04,northeast,LUM,2024,LUM-SP,롱레인지,AWD,스틸 그레이,17,18,58507,-7915,32,59,88.5
2024-04,northeast,LUM,2024,LUM-SP,롱레인지,AWD,실버,14,14,47537,-6431,26,59,88.5
2024-04,northeast,LUM,2024,LUM-SP,롱레인지,AWD,오션 블루,10,11,36567,-4947,20,59,88.5
2024-04,northeast,LUM,2024,LUM-SP,롱레인지,AWD,선셋 레드,8,9,29254,-3958,16,59,88.5
2024-04,northeast,LUM,2024,LUM-SP,롱레인지,AWD,포레스트 그린,5,6,18284,-2474,10,59,88.5
2024-04,northeast,LUM,2024,LUM-SP,롱레인지,AWD,샌드 베이지,5,6,18284,-2474,10,59,88.5
2024-04,northeast,LUM,2024,LUM-SP,롱레인지,FWD,스노우 화이트,18,19,62258,-8423,34,59,88.5
2024-04,northeast,LUM,2024,LUM-SP,롱레인지,FWD,미드나잇 블랙,14,15,49287,-6668,27,59,88.5
2024-04,northeast,LUM,2024,LUM-SP,롱레인지,FWD,스틸 그레이,12,12,41505,-5615,23,59,88.5
2024-04,northeast,LUM,2024,LUM-SP,롱레인지,FWD,실버,10,10,33723,-4562,19,59,88.5
2024-04,northeast,LUM,2024,LUM-SP,롱레인지,FWD,오션 블루,7,8,25941,-3509,14,59,88.5
2024-04,northeast,LUM,2024,LUM-SP,롱레인지,FWD,선셋 레드,6,6,20753,-2808,11,59,88.5
2024-04,northeast,LUM,2024,LUM-SP,롱레인지,FWD,포레스트 그린,4,4,12970,-1755,7,59,88.5
2024-04,northeast,LUM,2024,LUM-SP,롱레인지,FWD,샌드 베이지,4,4,12970,-1755,7,59,88.5
2024-04,southeast,LUM,2024,LUM-AI,스탠다드 레인지,AWD,스노우 화이트,19,20,52844,-21495,36,59,88.5
2024-04,southeast,LUM,2024,LUM-AI,스탠다드 레인지,AWD,미드나잇 블랙,15,16,41835,-17017,29,59,88.5
2024-04,southeast,LUM,2024,LUM-AI,스탠다드 레인지,AWD,스틸 그레이,12,13,35230,-14330,24,59,88.5
2024-04,southeast,LUM,2024,LUM-AI,스탠다드 레인지,AWD,실버,10,11,28624,-11643,20,59,88.5
2024-04,southeast,LUM,2024,LUM-AI,스탠다드 레인지,AWD,오션 블루,8,8,22019,-8956,15,59,88.5
2024-04,southeast,LUM,2024,LUM-AI,스탠다드 레인지,AWD,선셋 레드,6,7,17615,-7165,12,59,88.5
2024-04,southeast,LUM,2024,LUM-AI,스탠다드 레인지,AWD,포레스트 그린,4,4,11009,-4478,8,59,88.5
2024-04,southeast,LUM,2024,LUM-AI,스탠다드 레인지,AWD,샌드 베이지,4,4,11009,-4478,8,59,88.5
2024-04,southeast,LUM,2024,LUM-AI,스탠다드 레인지,FWD,스노우 화이트,30,32,85311,-34702,58,59,88.5
2024-04,southeast,LUM,2024,LUM-AI,스탠다드 레인지,FWD,미드나잇 블랙,24,25,67538,-27472,46,59,88.5
2024-04,southeast,LUM,2024,LUM-AI,스탠다드 레인지,FWD,스틸 그레이,20,21,56874,-23134,39,59,88.5
2024-04,southeast,LUM,2024,LUM-AI,스탠다드 레인지,FWD,실버,16,17,46210,-18797,32,59,88.5
2024-04,southeast,LUM,2024,LUM-AI,스탠다드 레인지,FWD,오션 블루,13,13,35546,-14459,24,59,88.5
2024-04,southeast,LUM,2024,LUM-AI,스탠다드 레인지,FWD,선셋 레드,10,11,28437,-11567,19,59,88.5
2024-04,southeast,LUM,2024,LUM-AI,스탠다드 레인지,FWD,포레스트 그린,6,7,17773,-7230,12,59,88.5
2024-04,southeast,LUM,2024,LUM-AI,스탠다드 레인지,FWD,샌드 베이지,6,7,17773,-7230,12,59,88.5
2024-04,southeast,LUM,2024,LUM-AI,롱레인지,AWD,스노우 화이트,27,29,76676,-31189,52,59,88.5
2024-04,southeast,LUM,2024,LUM-AI,롱레인지,AWD,미드나잇 블랙,21,23,60702,-24692,41,59,88.5
2024-04,southeast,LUM,2024,LUM-AI,롱레인지,AWD,스틸 그레이,18,19,51117,-20793,35,59,88.5
2024-04,southeast,LUM,2024,LUM-AI,롱레인지,AWD,실버,15,15,41533,-16894,28,59,88.5
2024-04,southeast,LUM,2024,LUM-AI,롱레인지,AWD,오션 블루,11,12,31948,-12996,22,59,88.5
2024-04,southeast,LUM,2024,LUM-AI,롱레인지,AWD,선셋 레드,9,10,25559,-10396,17,59,88.5
2024-04,southeast,LUM,2024,LUM-AI,롱레인지,AWD,포레스트 그린,6,6,15974,-6498,11,59,88.5
2024-04,southeast,LUM,2024,LUM-AI,롱레인지,AWD,샌드 베이지,6,6,15974,-6498,11,59,88.5
2024-04,southeast,LUM,2024,LUM-AI,롱레인지,FWD,스노우 화이트,44,46,123785,-50352,85,59,88.5
2024-04,southeast,LUM,2024,LUM-AI,롱레인지,FWD,미드나잇 블랙,35,37,97996,-39862,67,59,88.5
2024-04,southeast,LUM,2024,LUM-AI,롱레인지,FWD,스틸 그레이,29,31,82523,-33568,56,59,88.5
2024-04,southeast,LUM,2024,LUM-AI,롱레인지,FWD,실버,24,25,67050,-27274,46,59,88.5
2024-04,southeast,LUM,2024,LUM-AI,롱레인지,FWD,오션 블루,18,19,51577,-20980,35,59,88.5
2024-04,southeast,LUM,2024,LUM-AI,롱레인지,FWD,선셋 레드,15,15,41262,-16784,28,59,88.5
2024-04,southeast,LUM,2024,LUM-AI,롱레인지,FWD,포레스트 그린,9,10,25788,-10490,18,59,88.5
2024-04,southeast,LUM,2024,LUM-AI,롱레인지,FWD,샌드 베이지,9,10,25788,-10490,18,59,88.5
2024-04,southeast,LUM,2024,LUM-RA,스탠다드 레인지,AWD,스노우 화이트,22,23,66509,-19569,42,59,88.5
2024-04,southeast,LUM,2024,LUM-RA,스탠다드 레인지,AWD,미드나잇 블랙,17,18,52653,-15492,33,59,88.5
2024-04,southeast,LUM,2024,LUM-RA,스탠다드 레인지,AWD,스틸 그레이,14,15,44339,-13046,28,59,88.5
2024-04,southeast,LUM,2024,LUM-RA,스탠다드 레인지,AWD,실버,12,12,36026,-10600,23,59,88.5
2024-04,southeast,LUM,2024,LUM-RA,스탠다드 레인지,AWD,오션 블루,9,10,27712,-8154,17,59,88.5
2024-04,southeast,LUM,2024,LUM-RA,스탠다드 레인지,AWD,선셋 레드,7,8,22170,-6523,14,59,88.5
2024-04,southeast,LUM,2024,LUM-RA,스탠다드 레인지,AWD,포레스트 그린,4,5,13856,-4077,9,59,88.5
2024-04,southeast,LUM,2024,LUM-RA,스탠다드 레인지,AWD,샌드 베이지,4,5,13856,-4077,9,59,88.5
2024-04,southeast,LUM,2024,LUM-RA,스탠다드 레인지,FWD,스노우 화이트,35,37,107371,-31591,68,59,88.5
2024-04,southeast,LUM,2024,LUM-RA,스탠다드 레인지,FWD,미드나잇 블랙,28,29,85002,-25010,53,59,88.5
2024-04,southeast,LUM,2024,LUM-RA,스탠다드 레인지,FWD,스틸 그레이,23,25,71580,-21061,45,59,88.5
2024-04,southeast,LUM,2024,LUM-RA,스탠다드 레인지,FWD,실버,19,20,58159,-17112,37,59,88.5
2024-04,southeast,LUM,2024,LUM-RA,스탠다드 레인지,FWD,오션 블루,15,15,44738,-13163,28,59,88.5
2024-04,southeast,LUM,2024,LUM-RA,스탠다드 레인지,FWD,선셋 레드,12,12,35790,-10530,23,59,88.5
2024-04,southeast,LUM,2024,LUM-RA,스탠다드 레인지,FWD,포레스트 그린,7,8,22369,-6582,14,59,88.5
2024-04,southeast,LUM,2024,LUM-RA,스탠다드 레인지,FWD,샌드 베이지,7,8,22369,-6582,14,59,88.5
2024-04,southeast,LUM,2024,LUM-RA,롱레인지,AWD,스노우 화이트,31,33,96503,-28394,61,59,88.5
2024-04,southeast,LUM,2024,LUM-RA,롱레인지,AWD,미드나잇 블랙,25,26,76398,-22478,48,59,88.5
2024-04,southeast,LUM,2024,LUM-RA,롱레인지,AWD,스틸 그레이,21,22,64336,-18929,40,59,88.5
2024-04,southeast,LUM,2024,LUM-RA,롱레인지,AWD,실버,17,18,52273,-15380,33,59,88.5
2024-04,southeast,LUM,2024,LUM-RA,롱레인지,AWD,오션 블루,13,14,40210,-11831,25,59,88.5
2024-04,southeast,LUM,2024,LUM-RA,롱레인지,AWD,선셋 레드,10,11,32168,-9465,20,59,88.5
2024-04,southeast,LUM,2024,LUM-RA,롱레인지,AWD,포레스트 그린,7,7,20105,-5915,13,59,88.5
2024-04,southeast,LUM,2024,LUM-RA,롱레인지,AWD,샌드 베이지,7,7,20105,-5915,13,59,88.5
2024-04,southeast,LUM,2024,LUM-RA,롱레인지,FWD,스노우 화이트,51,53,155793,-45838,98,59,88.5
2024-04,southeast,LUM,2024,LUM-RA,롱레인지,FWD,미드나잇 블랙,40,42,123336,-36289,78,59,88.5
2024-04,southeast,LUM,2024,LUM-RA,롱레인지,FWD,스틸 그레이,34,36,103862,-30559,65,59,88.5
2024-04,southeast,LUM,2024,LUM-RA,롱레인지,FWD,실버,27,29,84388,-24829,53,59,88.5
2024-04,southeast,LUM,2024,LUM-RA,롱레인지,FWD,오션 블루,21,22,64914,-19099,41,59,88.5
2024-04,southeast,LUM,2024,LUM-RA,롱레인지,FWD,선셋 레드,17,18,51931,-15279,33,59,88.5
2024-04,southeast,LUM,2024,LUM-RA,롱레인지,FWD,포레스트 그린,11,11,32457,-9550,20,59,88.5
2024-04,southeast,LUM,2024,LUM-RA,롱레인지,FWD,샌드 베이지,11,11,32457,-9550,20,59,88.5
2024-04,southeast,LUM,2024,LUM-SP,스탠다드 레인지,AWD,스노우 화이트,9,9,31017,-4196,17,59,88.5
2024-04,southeast,LUM,2024,LUM-SP,스탠다드 레인지,AWD,미드나잇 블랙,7,7,24555,-3322,14,59,88.5
2024-04,southeast,LUM,2024,LUM-SP,스탠다드 레인지,AWD,스틸 그레이,6,6,20678,-2797,11,59,88.5
2024-04,southeast,LUM,2024,LUM-SP,스탠다드 레인지,AWD,실버,5,5,16801,-2273,9,59,88.5
2024-04,southeast,LUM,2024,LUM-SP,스탠다드 레인지,AWD,오션 블루,4,4,12924,-1748,7,59,88.5
2024-04,southeast,LUM,2024,LUM-SP,스탠다드 레인지,AWD,선셋 레드,3,3,10339,-1399,6,57,88.5
2024-04,southeast,LUM,2024,LUM-SP,스탠다드 레인지,AWD,포레스트 그린,2,2,6462,-874,4,36,88.5
2024-04,southeast,LUM,2024,LUM-SP,스탠다드 레인지,AWD,샌드 베이지,2,2,6462,-874,4,36,88.5
2024-04,southeast,LUM,2024,LUM-SP,스탠다드 레인지,FWD,스노우 화이트,14,15,50074,-6774,28,59,88.5
2024-04,southeast,LUM,2024,LUM-SP,스탠다드 레인지,FWD,미드나잇 블랙,11,12,39642,-5363,22,59,88.5
2024-04,southeast,LUM,2024,LUM-SP,스탠다드 레인지,FWD,스틸 그레이,9,10,33383,-4516,18,59,88.5
2024-04,southeast,LUM,2024,LUM-SP,스탠다드 레인지,FWD,실버,8,8,27123,-3669,15,59,88.5
2024-04,southeast,LUM,2024,LUM-SP,스탠다드 레인지,FWD,오션 블루,6,6,20864,-2823,12,59,88.5
2024-04,southeast,LUM,2024,LUM-SP,스탠다드 레인지,FWD,선셋 레드,5,5,16691,-2258,9,59,88.5
2024-04,southeast,LUM,2024,LUM-SP,스탠다드 레인지,FWD,포레스트 그린,3,3,10432,-1411,6,58,88.5
2024-04,southeast,LUM,2024,LUM-SP,스탠다드 레인지,FWD,샌드 베이지,3,3,10432,-1411,6,58,88.5
2024-04,southeast,LUM,2024,LUM-SP,롱레인지,AWD,스노우 화이트,13,14,45006,-6089,25,59,88.5
2024-04,southeast,LUM,2024,LUM-SP,롱레인지,AWD,미드나잇 블랙,10,11,35629,-4820,20,59,88.5
2024-04,southeast,LUM,2024,LUM-SP,롱레인지,AWD,스틸 그레이,9,9,30004,-4059,17,59,88.5
2024-04,southeast,LUM,2024,LUM-SP,롱레인지,AWD,실버,7,7,24378,-3298,13,59,88.5
2024-04,southeast,LUM,2024,LUM-SP,롱레인지,AWD,오션 블루,5,6,18752,-2537,10,59,88.5
2024-04,southeast,LUM,2024,LUM-SP,롱레인지,AWD,선셋 레드,4,5,15002,-2030,8,59,88.5
2024-04,southeast,LUM,2024,LUM-SP,롱레인지,AWD,포레스트 그린,3,3,9376,-1268,5,52,88.5
2024-04,southeast,LUM,2024,LUM-SP,롱레인지,AWD,샌드 베이지,3,3,9376,-1268,5,52,88.5
2024-04,southeast,LUM,2024,LUM-SP,롱레인지,FWD,스노우 화이트,21,22,72656,-9829,40,59,88.5
2024-04,southeast,LUM,2024,LUM-SP,롱레인지,FWD,미드나잇 블랙,16,17,57519,-7782,32,59,88.5
2024-04,southeast,LUM,2024,LUM-SP,롱레인지,FWD,스틸 그레이,14,15,48437,-6553,27,59,88.5
2024-04,southeast,LUM,2024,LUM-SP,롱레인지,FWD,실버,11,12,39355,-5324,22,59,88.5
2024-04,southeast,LUM,2024,LUM-SP,롱레인지,FWD,오션 블루,9,9,30273,-4096,17,59,88.5
2024-04,southeast,LUM,2024,LUM-SP,롱레인지,FWD,선셋 레드,7,7,24219,-3276,13,59,88.5
2024-04,southeast,LUM,2024,LUM-SP,롱레인지,FWD,포레스트 그린,4,5,15137,-2048,8,59,88.5
2024-04,southeast,LUM,2024,LUM-SP,롱레인지,FWD,샌드 베이지,4,5,15137,-2048,8,59,88.5
