ym,zone_id,model_id,model_year,trim_id,engine,drivetrain,color,retail_qty,wholesale_qty,variable_margin_usd,op_profit_usd,stock_qty,days_supply,csi_score
2025-06,west,TRN,2025,TRN-CO,3.5 가솔린,AWD,스노우 화이트,152,152,645702,268476,311,62,88.5
2025-06,west,TRN,2025,TRN-CO,3.5 가솔린,AWD,미드나잇 블랙,120,120,511181,212543,246,62,88.5
2025-06,west,TRN,2025,TRN-CO,3.5 가솔린,AWD,스틸 그레이,101,101,430468,178984,207,62,88.5
2025-06,west,TRN,2025,TRN-CO,3.5 가솔린,AWD,실버,82,82,349755,145424,169,62,88.5
2025-06,west,TRN,2025,TRN-CO,3.5 가솔린,AWD,오션 블루,63,63,269042,111865,130,62,88.5
2025-06,west,TRN,2025,TRN-CO,3.5 가솔린,AWD,선셋 레드,51,51,215234,89492,104,62,88.5
2025-06,west,TRN,2025,TRN-CO,3.5 가솔린,AWD,포레스트 그린,32,32,134521,55932,65,62,88.5
2025-06,west,TRN,2025,TRN-CO,3.5 가솔린,AWD,샌드 베이지,32,32,134521,55932,65,62,88.5
2025-06,west,TRN,2025,TRN-CO,3.5 가솔린,FWD,스노우 화이트,51,51,215234,89492,104,62,88.5
2025-06,west,TRN,2025,TRN-CO,3.5 가솔린,FWD,미드나잇 블랙,40,40,170394,70848,82,62,88.5
2025-06,west,TRN,2025,TRN-CO,3.5 가솔린,FWD,스틸 그레이,34,34,143489,59661,69,62,88.5
2025-06,west,TRN,2025,TRN-CO,3.5 가솔린,FWD,실버,27,27,116585,48475,56,62,88.5
2025-06,west,TRN,2025,TRN-CO,3.5 가솔린,FWD,오션 블루,21,21,89681,37288,43,62,88.5
2025-06,west,TRN,2025,TRN-CO,3.5 가솔린,FWD,선셋 레드,17,17,71745,29831,35,62,88.5
2025-06,west,TRN,2025,TRN-CO,3.5 가솔린,FWD,포레스트 그린,11,11,44840,18644,22,62,88.5
2025-06,west,TRN,2025,TRN-CO,3.5 가솔린,FWD,샌드 베이지,11,11,44840,18644,22,62,88.5
2025-06,west,TRN,2025,TRN-CO,2.5T 하이브리드,AWD,스노우 화이트,117,117,499160,207545,241,62,88.5
2025-06,west,TRN,2025,TRN-CO,2.5T 하이브리드,AWD,미드나잇 블랙,93,93,395168,164307,190,62,88.5
2025-06,west,TRN,2025,TRN-CO,2.5T 하이브리드,AWD,스틸 그레이,78,78,332773,138363,160,62,88.5
2025-06,west,TRN,2025,TRN-CO,2.5T 하이브리드,AWD,실버,64,64,270378,112420,130,62,88.5
2025-06,west,TRN,2025,TRN-CO,2.5T 하이브리드,AWD,오션 블루,49,49,207983,86477,100,62,88.5
2025-06,west,TRN,2025,TRN-CO,2.5T 하이브리드,AWD,선셋 레드,39,39,166387,69182,80,62,88.5
2025-06,west,TRN,2025,TRN-CO,2.5T 하이브리드,AWD,포레스트 그린,24,24,103992,43239,50,62,88.5
2025-06,west,TRN,2025,TRN-CO,2.5T 하이브리드,AWD,샌드 베이지,24,24,103992,43239,50,62,88.5
2025-06,west,TRN,2025,TRN-CO,2.5T 하이브리드,FWD,스노우 화이트,39,39,166387,69182,80,62,88.5
2025-06,west,TRN,2025,TRN-CO,2.5T 하이브리드,FWD,미드나잇 블랙,31,31,131723,54769,63,62,88.5
2025-06,west,TRN,2025,TRN-CO,2.5T 하이브리드,FWD,스틸 그레이,26,26,110924,46121,53,62,88.5
2025-06,west,TRN,2025,TRN-CO,2.5T 하이브리드,FWD,실버,21,21,90126,37473,43,62,88.5
2025-06,west,TRN,2025,TRN-CO,2.5T 하이브리드,FWD,오션 블루,16,16,69328,28826,33,62,88.5
2025-06,west,TRN,2025,TRN-CO,2.5T 하이브리드,FWD,선셋 레드,13,13,55462,23061,27,62,88.5
2025-06,west,TRN,2025,TRN-CO,2.5T 하이브리드,FWD,포레스트 그린,8,8,34664,14413,17,62,88.5
2025-06,west,TRN,2025,TRN-CO,2.5T 하이브리드,FWD,샌드 베이지,8,8,34664,14413,17,62,88.5
2025-06,west,TRN,2025,TRN-PR,3.5 가솔린,AWD,스노우 화이트,176,176,812668,375880,360,62,88.5
2025-06,west,TRN,2025,TRN-PR,3.5 가솔린,AWD,미드나잇 블랙,139,139,643362,297572,285,62,88.5
2025-06,west,TRN,2025,TRN-PR,3.5 가솔린,AWD,스틸 그레이,117,117,541779,250587,240,62,88.5
2025-06,west,TRN,2025,TRN-PR,3.5 가솔린,AWD,실버,95,95,440195,203602,195,62,88.5
2025-06,west,TRN,2025,TRN-PR,3.5 가솔린,AWD,오션 블루,73,73,338612,156617,150,62,88.5
2025-06,west,TRN,2025,TRN-PR,3.5 가솔린,AWD,선셋 레드,59,59,270889,125293,120,62,88.5
2025-06,west,TRN,2025,TRN-PR,3.5 가솔린,AWD,포레스트 그린,37,37,169306,78308,75,62,88.5
2025-06,west,TRN,2025,TRN-PR,3.5 가솔린,AWD,샌드 베이지,37,37,169306,78308,75,62,88.5
2025-06,west,TRN,2025,TRN-PR,3.5 가솔린,FWD,스노우 화이트,59,59,270889,125293,120,62,88.5
2025-06,west,TRN,2025,TRN-PR,3.5 가솔린,FWD,미드나잇 블랙,46,46,214454,99191,95,62,88.5
2025-06,west,TRN,2025,TRN-PR,3.5 가솔린,FWD,스틸 그레이,39,39,180593,83529,80,62,88.5
2025-06,west,TRN,2025,TRN-PR,3.5 가솔린,FWD,실버,32,32,146732,67867,65,62,88.5
2025-06,west,TRN,2025,TRN-PR,3.5 가솔린,FWD,오션 블루,24,24,112871,52206,50,62,88.5
2025-06,west,TRN,2025,TRN-PR,3.5 가솔린,FWD,선셋 레드,20,20,90296,41764,40,62,88.5
2025-06,west,TRN,2025,TRN-PR,3.5 가솔린,FWD,포레스트 그린,12,12,56435,26103,25,62,88.5
2025-06,west,TRN,2025,TRN-PR,3.5 가솔린,FWD,샌드 베이지,12,12,56435,26103,25,62,88.5
2025-06,west,TRN,2025,TRN-PR,2.5T 하이브리드,AWD,스노우 화이트,136,136,628233,290574,279,62,88.5
2025-06,west,TRN,2025,TRN-PR,2.5T 하이브리드,AWD,미드나잇 블랙,108,108,497351,230038,220,62,88.5
2025-06,west,TRN,2025,TRN-PR,2.5T 하이브리드,AWD,스틸 그레이,91,91,418822,193716,186,62,88.5
2025-06,west,TRN,2025,TRN-PR,2.5T 하이브리드,AWD,실버,74,74,340293,157394,151,62,88.5
2025-06,west,TRN,2025,TRN-PR,2.5T 하이브리드,AWD,오션 블루,57,57,261764,121073,116,62,88.5
2025-06,west,TRN,2025,TRN-PR,2.5T 하이브리드,AWD,선셋 레드,45,45,209411,96858,93,62,88.5
2025-06,west,TRN,2025,TRN-PR,2.5T 하이브리드,AWD,포레스트 그린,28,28,130882,60536,58,62,88.5
2025-06,west,TRN,2025,TRN-PR,2.5T 하이브리드,AWD,샌드 베이지,28,28,130882,60536,58,62,88.5
2025-06,west,TRN,2025,TRN-PR,2.5T 하이브리드,FWD,스노우 화이트,45,45,209411,96858,93,62,88.5
2025-06,west,TRN,2025,TRN-PR,2.5T 하이브리드,FWD,미드나잇 블랙,36,36,165784,76679,73,62,88.5
2025-06,west,TRN,2025,TRN-PR,2.5T 하이브리드,FWD,스틸 그레이,30,30,139607,64572,62,62,88.5
2025-06,west,TRN,2025,TRN-PR,2.5T 하이브리드,FWD,실버,25,25,113431,52465,50,62,88.5
2025-06,west,TRN,2025,TRN-PR,2.5T 하이브리드,FWD,오션 블루,19,19,87255,40358,39,62,88.5
2025-06,west,TRN,2025,TRN-PR,2.5T 하이브리드,FWD,선셋 레드,15,15,69804,32286,31,62,88.5
2025-06,west,TRN,2025,TRN-PR,2.5T 하이브리드,FWD,포레스트 그린,9,9,43627,20179,19,62,88.5
2025-06,west,TRN,2025,TRN-PR,2.5T 하이브리드,FWD,샌드 베이지,9,9,43627,20179,19,62,88.5
2025-06,west,TRN,2025,TRN-SU,3.5 가솔린,AWD,스노우 화이트,72,72,378999,200313,147,62,88.5
2025-06,west,TRN,2025,TRN-SU,3.5 가솔린,AWD,미드나잇 블랙,57,57,300041,158581,117,62,88.5
2025-06,west,TRN,2025,TRN-SU,3.5 가솔린,AWD,스틸 그레이,48,48,252666,133542,98,62,88.5
2025-06,west,TRN,2025,TRN-SU,3.5 가솔린,AWD,실버,39,39,205291,108503,80,62,88.5
2025-06,west,TRN,2025,TRN-SU,3.5 가솔린,AWD,오션 블루,30,30,157916,83464,61,62,88.5
2025-06,west,TRN,2025,TRN-SU,3.5 가솔린,AWD,선셋 레드,24,24,126333,66771,49,62,88.5
2025-06,west,TRN,2025,TRN-SU,3.5 가솔린,AWD,포레스트 그린,15,15,78958,41732,31,62,88.5
2025-06,west,TRN,2025,TRN-SU,3.5 가솔린,AWD,샌드 베이지,15,15,78958,41732,31,62,88.5
2025-06,west,TRN,2025,TRN-SU,3.5 가솔린,FWD,스노우 화이트,24,24,126333,66771,49,62,88.5
2025-06,west,TRN,2025,TRN-SU,3.5 가솔린,FWD,미드나잇 블랙,19,19,100014,52860,39,62,88.5
2025-06,west,TRN,2025,TRN-SU,3.5 가솔린,FWD,스틸 그레이,16,16,84222,44514,33,62,88.5
2025-06,west,TRN,2025,TRN-SU,3.5 가솔린,FWD,실버,13,13,68430,36168,27,62,88.5
2025-06,west,TRN,2025,TRN-SU,3.5 가솔린,FWD,오션 블루,10,10,52639,27821,20,62,88.5
2025-06,west,TRN,2025,TRN-SU,3.5 가솔린,FWD,선셋 레드,8,8,42111,22257,16,62,88.5
2025-06,west,TRN,2025,TRN-SU,3.5 가솔린,FWD,포레스트 그린,5,5,26319,13911,10,62,88.5
2025-06,west,TRN,2025,TRN-SU,3.5 가솔린,FWD,샌드 베이지,5,5,26319,13911,10,62,88.5
2025-06,west,TRN,2025,TRN-SU,2.5T 하이브리드,AWD,스노우 화이트,56,56,292985,154852,114,62,88.5
2025-06,west,TRN,2025,TRN-SU,2.5T 하이브리드,AWD,미드나잇 블랙,44,44,231946,122591,90,62,88.5
2025-06,west,TRN,2025,TRN-SU,2.5T 하이브리드,AWD,스틸 그레이,37,37,195323,103235,76,62,88.5
2025-06,west,TRN,2025,TRN-SU,2.5T 하이브리드,AWD,실버,30,30,158700,83878,62,62,88.5
2025-06,west,TRN,2025,TRN-SU,2.5T 하이브리드,AWD,오션 블루,23,23,122077,64522,47,62,88.5
2025-06,west,TRN,2025,TRN-SU,2.5T 하이브리드,AWD,선셋 레드,19,19,97662,51617,38,62,88.5
2025-06,west,TRN,2025,TRN-SU,2.5T 하이브리드,AWD,포레스트 그린,12,12,61039,32261,24,62,88.5
2025-06,west,TRN,2025,TRN-SU,2.5T 하이브리드,AWD,샌드 베이지,12,12,61039,32261,24,62,88.5
2025-06,west,TRN,2025,TRN-SU,2.5T 하이브리드,FWD,스노우 화이트,19,19,97662,51617,38,62,88.5
2025-06,west,TRN,2025,TRN-SU,2.5T 하이브리드,FWD,미드나잇 블랙,15,15,77315,40864,30,62,88.5
2025-06,west,TRN,2025,TRN-SU,2.5T 하이브리드,FWD,스틸 그레이,12,12,65108,34412,25,62,88.5
2025-06,west,TRN,2025,TRN-SU,2.5T 하이브리드,FWD,실버,10,10,52900,27959,21,62,88.5
2025-06,west,TRN,2025,TRN-SU,2.5T 하이브리드,FWD,오션 블루,8,8,40692,21507,16,62,88.5
2025-06,west,TRN,2025,TRN-SU,2.5T 하이브리드,FWD,선셋 레드,6,6,32554,17206,13,62,88.5
2025-06,west,TRN,2025,TRN-SU,2.5T 하이브리드,FWD,포레스트 그린,4,4,20346,10754,8,62,88.5
2025-06,west,TRN,2025,TRN-SU,2.5T 하이브리드,FWD,샌드 베이지,4,4,20346,10754,8,62,88.5
2025-06,central,TRN,2025,TRN-CO,3.5 가솔린,AWD,스노우 화이트,114,114,485518,201873,234,62,88.5
2025-06,central,TRN,2025,TRN-CO,3.5 가솔린,AWD,미드나잇 블랙,90,90,384368,159816,185,62,88.5
2025-06,central,TRN,2025,TRN-CO,3.5 가솔린,AWD,스틸 그레이,76,76,323679,134582,156,62,88.5
2025-06,central,TRN,2025,TRN-CO,3.5 가솔린,AWD,실버,62,62,262989,109348,127,62,88.5
2025-06,central,TRN,2025,TRN-CO,3.5 가솔린,AWD,오션 블루,48,48,202299,84114,97,62,88.5
2025-06,central,TRN,2025,TRN-CO,3.5 가솔린,AWD,선셋 레드,38,38,161839,67291,78,62,88.5
2025-06,central,TRN,2025,TRN-CO,3.5 가솔린,AWD,포레스트 그린,24,24,101150,42057,49,62,88.5
2025-06,central,TRN,2025,TRN-CO,3.5 가솔린,AWD,샌드 베이지,24,24,101150,42057,49,62,88.5
2025-06,central,TRN,2025,TRN-CO,3.5 가솔린,FWD,스노우 화이트,18,18,77401,32183,37,62,88.5
2025-06,central,TRN,2025,TRN-CO,3.5 가솔린,FWD,미드나잇 블랙,14,14,61276,25478,30,62,88.5
2025-06,central,TRN,2025,TRN-CO,3.5 가솔린,FWD,스틸 그레이,12,12,51601,21455,25,62,88.5
2025-06,central,TRN,2025,TRN-CO,3.5 가솔린,FWD,실버,10,10,41926,17432,20,62,88.5
2025-06,central,TRN,2025,TRN-CO,3.5 가솔린,FWD,오션 블루,8,8,32251,13409,16,62,88.5
2025-06,central,TRN,2025,TRN-CO,3.5 가솔린,FWD,선셋 레드,6,6,25800,10728,12,62,88.5
2025-06,central,TRN,2025,TRN-CO,3.5 가솔린,FWD,포레스트 그린,4,4,16125,6705,8,62,88.5
2025-06,central,TRN,2025,TRN-CO,3.5 가솔린,FWD,샌드 베이지,4,4,16125,6705,8,62,88.5
2025-06,central,TRN,2025,TRN-CO,2.5T 하이브리드,AWD,스노우 화이트,88,88,375330,156058,181,62,88.5
2025-06,central,TRN,2025,TRN-CO,2.5T 하이브리드,AWD,미드나잇 블랙,70,70,297136,123546,143,62,88.5
2025-06,central,TRN,2025,TRN-CO,2.5T 하이브리드,AWD,스틸 그레이,59,59,250220,104039,121,62,88.5
2025-06,central,TRN,2025,TRN-CO,2.5T 하이브리드,AWD,실버,48,48,203304,84531,98,62,88.5
2025-06,central,TRN,2025,TRN-CO,2.5T 하이브리드,AWD,오션 블루,37,37,156387,65024,75,62,88.5
2025-06,central,TRN,2025,TRN-CO,2.5T 하이브리드,AWD,선셋 레드,29,29,125110,52019,60,62,88.5
2025-06,central,TRN,2025,TRN-CO,2.5T 하이브리드,AWD,포레스트 그린,18,18,78194,32512,38,62,88.5
2025-06,central,TRN,2025,TRN-CO,2.5T 하이브리드,AWD,샌드 베이지,18,18,78194,32512,38,62,88.5
2025-06,central,TRN,2025,TRN-CO,2.5T 하이브리드,FWD,스노우 화이트,14,14,59835,24879,29,62,88.5
2025-06,central,TRN,2025,TRN-CO,2.5T 하이브리드,FWD,미드나잇 블랙,11,11,47369,19696,23,62,88.5
2025-06,central,TRN,2025,TRN-CO,2.5T 하이브리드,FWD,스틸 그레이,9,9,39890,16586,19,62,88.5
2025-06,central,TRN,2025,TRN-CO,2.5T 하이브리드,FWD,실버,8,8,32411,13476,16,62,88.5
2025-06,central,TRN,2025,TRN-CO,2.5T 하이브리드,FWD,오션 블루,6,6,24931,10366,12,62,88.5
2025-06,central,TRN,2025,TRN-CO,2.5T 하이브리드,FWD,선셋 레드,5,5,19945,8293,10,62,88.5
2025-06,central,TRN,2025,TRN-CO,2.5T 하이브리드,FWD,포레스트 그린,3,3,12466,5183,6,60,88.5
2025-06,central,TRN,2025,TRN-CO,2.5T 하이브리드,FWD,샌드 베이지,3,3,12466,5183,6,60,88.5
2025-06,central,TRN,2025,TRN-PR,3.5 가솔린,AWD,스노우 화이트,132,132,611064,282633,271,62,88.5
2025-06,central,TRN,2025,TRN-PR,3.5 가솔린,AWD,미드나잇 블랙,105,105,483759,223751,214,62,88.5
2025-06,central,TRN,2025,TRN-PR,3.5 가솔린,AWD,스틸 그레이,88,88,407376,188422,181,62,88.5
2025-06,central,TRN,2025,TRN-PR,3.5 가솔린,AWD,실버,72,72,330993,153093,147,62,88.5
2025-06,central,TRN,2025,TRN-PR,3.5 가솔린,AWD,오션 블루,55,55,254610,117764,113,62,88.5
2025-06,central,TRN,2025,TRN-PR,3.5 가솔린,AWD,선셋 레드,44,44,203688,94211,90,62,88.5
2025-06,central,TRN,2025,TRN-PR,3.5 가솔린,AWD,포레스트 그린,28,28,127305,58882,56,62,88.5
2025-06,central,TRN,2025,TRN-PR,3.5 가솔린,AWD,샌드 베이지,28,28,127305,58882,56,62,88.5
2025-06,central,TRN,2025,TRN-PR,3.5 가솔린,FWD,스노우 화이트,21,21,97416,45057,43,62,88.5
2025-06,central,TRN,2025,TRN-PR,3.5 가솔린,FWD,미드나잇 블랙,17,17,77121,35670,34,62,88.5
2025-06,central,TRN,2025,TRN-PR,3.5 가솔린,FWD,스틸 그레이,14,14,64944,30038,29,62,88.5
2025-06,central,TRN,2025,TRN-PR,3.5 가솔린,FWD,실버,11,11,52767,24406,23,62,88.5
2025-06,central,TRN,2025,TRN-PR,3.5 가솔린,FWD,오션 블루,9,9,40590,18774,18,62,88.5
2025-06,central,TRN,2025,TRN-PR,3.5 가솔린,FWD,선셋 레드,7,7,32472,15019,14,62,88.5
2025-06,central,TRN,2025,TRN-PR,3.5 가솔린,FWD,포레스트 그린,4,4,20295,9387,9,62,88.5
2025-06,central,TRN,2025,TRN-PR,3.5 가솔린,FWD,샌드 베이지,4,4,20295,9387,9,62,88.5
2025-06,central,TRN,2025,TRN-PR,2.5T 하이브리드,AWD,스노우 화이트,102,102,472383,218489,209,62,88.5
2025-06,central,TRN,2025,TRN-PR,2.5T 하이브리드,AWD,미드나잇 블랙,81,81,373970,172971,166,62,88.5
2025-06,central,TRN,2025,TRN-PR,2.5T 하이브리드,AWD,스틸 그레이,68,68,314922,145660,140,62,88.5
2025-06,central,TRN,2025,TRN-PR,2.5T 하이브리드,AWD,실버,55,55,255874,118348,113,62,88.5
2025-06,central,TRN,2025,TRN-PR,2.5T 하이브리드,AWD,오션 블루,43,43,196826,91037,87,62,88.5
2025-06,central,TRN,2025,TRN-PR,2.5T 하이브리드,AWD,선셋 레드,34,34,157461,72830,70,62,88.5
2025-06,central,TRN,2025,TRN-PR,2.5T 하이브리드,AWD,포레스트 그린,21,21,98413,45519,44,62,88.5
2025-06,central,TRN,2025,TRN-PR,2.5T 하이브리드,AWD,샌드 베이지,21,21,98413,45519,44,62,88.5
2025-06,central,TRN,2025,TRN-PR,2.5T 하이브리드,FWD,스노우 화이트,16,16,75307,34832,33,62,88.5
2025-06,central,TRN,2025,TRN-PR,2.5T 하이브리드,FWD,미드나잇 블랙,13,13,59618,27575,26,62,88.5
2025-06,central,TRN,2025,TRN-PR,2.5T 하이브리드,FWD,스틸 그레이,11,11,50205,23221,22,62,88.5
2025-06,central,TRN,2025,TRN-PR,2.5T 하이브리드,FWD,실버,9,9,40792,18867,18,62,88.5
2025-06,central,TRN,2025,TRN-PR,2.5T 하이브리드,FWD,오션 블루,7,7,31378,14513,14,62,88.5
2025-06,central,TRN,2025,TRN-PR,2.5T 하이브리드,FWD,선셋 레드,5,5,25102,11611,11,62,88.5
2025-06,central,TRN,2025,TRN-PR,2.5T 하이브리드,FWD,포레스트 그린,3,3,15689,7257,7,62,88.5
2025-06,central,TRN,2025,TRN-PR,2.5T 하이브리드,FWD,샌드 베이지,3,3,15689,7257,7,62,88.5
2025-06,central,TRN,2025,TRN-SU,3.5 가솔린,AWD,스노우 화이트,54,54,284978,150620,111,62,88.5
2025-06,central,TRN,2025,TRN-SU,3.5 가솔린,AWD,미드나잇 블랙,43,43,225608,119241,88,62,88.5
2025-06,central,TRN,2025,TRN-SU,3.5 가솔린,AWD,스틸 그레이,36,36,189985,100413,74,62,88.5
2025-06,central,TRN,2025,TRN-SU,3.5 가솔린,AWD,실버,29,29,154363,81586,60,62,88.5
2025-06,central,TRN,2025,TRN-SU,3.5 가솔린,AWD,오션 블루,23,23,118741,62758,46,62,88.5
2025-06,central,TRN,2025,TRN-SU,3.5 가솔린,AWD,선셋 레드,18,18,94993,50207,37,62,88.5
2025-06,central,TRN,2025,TRN-SU,3.5 가솔린,AWD,포레스트 그린,11,11,59370,31379,23,62,88.5
2025-06,central,TRN,2025,TRN-SU,3.5 가솔린,AWD,샌드 베이지,11,11,59370,31379,23,62,88.5
2025-06,central,TRN,2025,TRN-SU,3.5 가솔린,FWD,스노우 화이트,9,9,45431,24012,18,62,88.5
2025-06,central,TRN,2025,TRN-SU,3.5 가솔린,FWD,미드나잇 블랙,7,7,35966,19009,14,62,88.5
2025-06,central,TRN,2025,TRN-SU,3.5 가솔린,FWD,스틸 그레이,6,6,30288,16008,12,62,88.5
2025-06,central,TRN,2025,TRN-SU,3.5 가솔린,FWD,실버,5,5,24609,13006,10,62,88.5
2025-06,central,TRN,2025,TRN-SU,3.5 가솔린,FWD,오션 블루,4,4,18930,10005,7,62,88.5
2025-06,central,TRN,2025,TRN-SU,3.5 가솔린,FWD,선셋 레드,3,3,15144,8004,6,59,88.5
2025-06,central,TRN,2025,TRN-SU,3.5 가솔린,FWD,포레스트 그린,2,2,9465,5002,4,37,88.5
2025-06,central,TRN,2025,TRN-SU,3.5 가솔린,FWD,샌드 베이지,2,2,9465,5002,4,37,88.5
2025-06,central,TRN,2025,TRN-SU,2.5T 하이브리드,AWD,스노우 화이트,42,42,220302,116437,86,62,88.5
2025-06,central,TRN,2025,TRN-SU,2.5T 하이브리드,AWD,미드나잇 블랙,33,33,174406,92179,68,62,88.5
2025-06,central,TRN,2025,TRN-SU,2.5T 하이브리드,AWD,스틸 그레이,28,28,146868,77624,57,62,88.5
2025-06,central,TRN,2025,TRN-SU,2.5T 하이브리드,AWD,실버,23,23,119330,63070,46,62,88.5
2025-06,central,TRN,2025,TRN-SU,2.5T 하이브리드,AWD,오션 블루,17,17,91793,48515,36,62,88.5
2025-06,central,TRN,2025,TRN-SU,2.5T 하이브리드,AWD,선셋 레드,14,14,73434,38812,29,62,88.5
2025-06,central,TRN,2025,TRN-SU,2.5T 하이브리드,AWD,포레스트 그린,9,9,45896,24258,18,62,88.5
2025-06,central,TRN,2025,TRN-SU,2.5T 하이브리드,AWD,샌드 베이지,9,9,45896,24258,18,62,88.5
2025-06,central,TRN,2025,TRN-SU,2.5T 하이브리드,FWD,스노우 화이트,7,7,35121,18562,14,62,88.5
2025-06,central,TRN,2025,TRN-SU,2.5T 하이브리드,FWD,미드나잇 블랙,5,5,27804,14695,11,62,88.5
2025-06,central,TRN,2025,TRN-SU,2.5T 하이브리드,FWD,스틸 그레이,4,4,23414,12375,9,62,88.5
2025-06,central,TRN,2025,TRN-SU,2.5T 하이브리드,FWD,실버,4,4,19024,10055,7,62,88.5
2025-06,central,TRN,2025,TRN-SU,2.5T 하이브리드,FWD,오션 블루,3,3,14634,7734,6,57,88.5
2025-06,central,TRN,2025,TRN-SU,2.5T 하이브리드,FWD,선셋 레드,2,2,11707,6187,5,46,88.5
2025-06,central,TRN,2025,TRN-SU,2.5T 하이브리드,FWD,포레스트 그린,1,1,7317,3867,3,28,88.5
2025-06,central,TRN,2025,TRN-SU,2.5T 하이브리드,FWD,샌드 베이지,1,1,7317,3867,3,28,88.5
2025-06,south,TRN,2025,TRN-CO,3.5 가솔린,AWD,스노우 화이트,92,92,393381,163564,190,62,88.5
2025-06,south,TRN,2025,TRN-CO,3.5 가솔린,AWD,미드나잇 블랙,73,73,311427,129488,150,62,88.5
2025-06,south,TRN,2025,TRN-CO,3.5 가솔린,AWD,스틸 그레이,62,62,262254,109043,126,62,88.5
2025-06,south,TRN,2025,TRN-CO,3.5 가솔린,AWD,실버,50,50,213082,88597,103,62,88.5
2025-06,south,TRN,2025,TRN-CO,3.5 가솔린,AWD,오션 블루,39,39,163909,68152,79,62,88.5
2025-06,south,TRN,2025,TRN-CO,3.5 가솔린,AWD,선셋 레드,31,31,131127,54521,63,62,88.5
2025-06,south,TRN,2025,TRN-CO,3.5 가솔린,AWD,포레스트 그린,19,19,81954,34076,39,62,88.5
2025-06,south,TRN,2025,TRN-CO,3.5 가솔린,AWD,샌드 베이지,19,19,81954,34076,39,62,88.5
2025-06,south,TRN,2025,TRN-CO,3.5 가솔린,FWD,스노우 화이트,79,79,335103,139332,161,62,88.5
2025-06,south,TRN,2025,TRN-CO,3.5 가솔린,FWD,미드나잇 블랙,62,62,265290,110305,128,62,88.5
2025-06,south,TRN,2025,TRN-CO,3.5 가솔린,FWD,스틸 그레이,53,53,223402,92888,108,62,88.5
2025-06,south,TRN,2025,TRN-CO,3.5 가솔린,FWD,실버,43,43,181514,75472,87,62,88.5
2025-06,south,TRN,2025,TRN-CO,3.5 가솔린,FWD,오션 블루,33,33,139626,58055,67,62,88.5
2025-06,south,TRN,2025,TRN-CO,3.5 가솔린,FWD,선셋 레드,26,26,111701,46444,54,62,88.5
2025-06,south,TRN,2025,TRN-CO,3.5 가솔린,FWD,포레스트 그린,16,16,69813,29028,34,62,88.5
2025-06,south,TRN,2025,TRN-CO,3.5 가솔린,FWD,샌드 베이지,16,16,69813,29028,34,62,88.5
2025-06,south,TRN,2025,TRN-CO,2.5T 하이브리드,AWD,스노우 화이트,71,71,304103,126443,147,62,88.5
2025-06,south,TRN,2025,TRN-CO,2.5T 하이브리드,AWD,미드나잇 블랙,57,57,240748,100101,116,62,88.5
2025-06,south,TRN,2025,TRN-CO,2.5T 하이브리드,AWD,스틸 그레이,48,48,202736,84295,98,62,88.5
2025-06,south,TRN,2025,TRN-CO,2.5T 하이브리드,AWD,실버,39,39,164723,68490,79,62,88.5
2025-06,south,TRN,2025,TRN-CO,2.5T 하이브리드,AWD,오션 블루,30,30,126710,52685,61,62,88.5
2025-06,south,TRN,2025,TRN-CO,2.5T 하이브리드,AWD,선셋 레드,24,24,101368,42148,49,62,88.5
2025-06,south,TRN,2025,TRN-CO,2.5T 하이브리드,AWD,포레스트 그린,15,15,63355,26342,31,62,88.5
2025-06,south,TRN,2025,TRN-CO,2.5T 하이브리드,AWD,샌드 베이지,15,15,63355,26342,31,62,88.5
2025-06,south,TRN,2025,TRN-CO,2.5T 하이브리드,FWD,스노우 화이트,61,61,259051,107711,125,62,88.5
2025-06,south,TRN,2025,TRN-CO,2.5T 하이브리드,FWD,미드나잇 블랙,48,48,205082,85271,99,62,88.5
2025-06,south,TRN,2025,TRN-CO,2.5T 하이브리드,FWD,스틸 그레이,41,41,172701,71807,83,62,88.5
2025-06,south,TRN,2025,TRN-CO,2.5T 하이브리드,FWD,실버,33,33,140319,58343,68,62,88.5
2025-06,south,TRN,2025,TRN-CO,2.5T 하이브리드,FWD,오션 블루,25,25,107938,44879,52,62,88.5
2025-06,south,TRN,2025,TRN-CO,2.5T 하이브리드,FWD,선셋 레드,20,20,86350,35904,42,62,88.5
2025-06,south,TRN,2025,TRN-CO,2.5T 하이브리드,FWD,포레스트 그린,13,13,53969,22440,26,62,88.5
2025-06,south,TRN,2025,TRN-CO,2.5T 하이브리드,FWD,샌드 베이지,13,13,53969,22440,26,62,88.5
2025-06,south,TRN,2025,TRN-PR,3.5 가솔린,AWD,스노우 화이트,107,107,495102,228998,219,62,88.5
2025-06,south,TRN,2025,TRN-PR,3.5 가솔린,AWD,미드나잇 블랙,85,85,391956,181290,174,62,88.5
2025-06,south,TRN,2025,TRN-PR,3.5 가솔린,AWD,스틸 그레이,71,71,330068,152665,146,62,88.5
2025-06,south,TRN,2025,TRN-PR,3.5 가솔린,AWD,실버,58,58,268180,124040,119,62,88.5
2025-06,south,TRN,2025,TRN-PR,3.5 가솔린,AWD,오션 블루,45,45,206293,95416,91,62,88.5
2025-06,south,TRN,2025,TRN-PR,3.5 가솔린,AWD,선셋 레드,36,36,165034,76333,73,62,88.5
2025-06,south,TRN,2025,TRN-PR,3.5 가솔린,AWD,포레스트 그린,22,22,103146,47708,46,62,88.5
2025-06,south,TRN,2025,TRN-PR,3.5 가솔린,AWD,샌드 베이지,22,22,103146,47708,46,62,88.5
2025-06,south,TRN,2025,TRN-PR,3.5 가솔린,FWD,스노우 화이트,91,91,421754,195072,187,62,88.5
2025-06,south,TRN,2025,TRN-PR,3.5 가솔린,FWD,미드나잇 블랙,72,72,333889,154432,148,62,88.5
2025-06,south,TRN,2025,TRN-PR,3.5 가솔린,FWD,스틸 그레이,61,61,281169,130048,125,62,88.5
2025-06,south,TRN,2025,TRN-PR,3.5 가솔린,FWD,실버,49,49,228450,105664,101,62,88.5
2025-06,south,TRN,2025,TRN-PR,3.5 가솔린,FWD,오션 블루,38,38,175731,81280,78,62,88.5
2025-06,south,TRN,2025,TRN-PR,3.5 가솔린,FWD,선셋 레드,30,30,140585,65024,62,62,88.5
2025-06,south,TRN,2025,TRN-PR,3.5 가솔린,FWD,포레스트 그린,19,19,87865,40640,39,62,88.5
2025-06,south,TRN,2025,TRN-PR,3.5 가솔린,FWD,샌드 베이지,19,19,87865,40640,39,62,88.5
2025-06,south,TRN,2025,TRN-PR,2.5T 하이브리드,AWD,스노우 화이트,83,83,382739,177027,170,62,88.5
2025-06,south,TRN,2025,TRN-PR,2.5T 하이브리드,AWD,미드나잇 블랙,66,66,303002,140146,134,62,88.5
2025-06,south,TRN,2025,TRN-PR,2.5T 하이브리드,AWD,스틸 그레이,55,55,255159,118018,113,62,88.5
2025-06,south,TRN,2025,TRN-PR,2.5T 하이브리드,AWD,실버,45,45,207317,95889,92,62,88.5
2025-06,south,TRN,2025,TRN-PR,2.5T 하이브리드,AWD,오션 블루,34,34,159474,73761,71,62,88.5
2025-06,south,TRN,2025,TRN-PR,2.5T 하이브리드,AWD,선셋 레드,28,28,127580,59009,57,62,88.5
2025-06,south,TRN,2025,TRN-PR,2.5T 하이브리드,AWD,포레스트 그린,17,17,79737,36881,35,62,88.5
2025-06,south,TRN,2025,TRN-PR,2.5T 하이브리드,AWD,샌드 베이지,17,17,79737,36881,35,62,88.5
2025-06,south,TRN,2025,TRN-PR,2.5T 하이브리드,FWD,스노우 화이트,71,71,326037,150801,145,62,88.5
2025-06,south,TRN,2025,TRN-PR,2.5T 하이브리드,FWD,미드나잇 블랙,56,56,258112,119384,114,62,88.5
2025-06,south,TRN,2025,TRN-PR,2.5T 하이브리드,FWD,스틸 그레이,47,47,217358,100534,96,62,88.5
2025-06,south,TRN,2025,TRN-PR,2.5T 하이브리드,FWD,실버,38,38,176603,81684,78,62,88.5
2025-06,south,TRN,2025,TRN-PR,2.5T 하이브리드,FWD,오션 블루,29,29,135849,62834,60,62,88.5
2025-06,south,TRN,2025,TRN-PR,2.5T 하이브리드,FWD,선셋 레드,24,24,108679,50267,48,62,88.5
2025-06,south,TRN,2025,TRN-PR,2.5T 하이브리드,FWD,포레스트 그린,15,15,67924,31417,30,62,88.5
2025-06,south,TRN,2025,TRN-PR,2.5T 하이브리드,FWD,샌드 베이지,15,15,67924,31417,30,62,88.5
2025-06,south,TRN,2025,TRN-SU,3.5 가솔린,AWD,스노우 화이트,44,44,230898,122037,90,62,88.5
2025-06,south,TRN,2025,TRN-SU,3.5 가솔린,AWD,미드나잇 블랙,35,35,182794,96612,71,62,88.5
2025-06,south,TRN,2025,TRN-SU,3.5 가솔린,AWD,스틸 그레이,29,29,153932,81358,60,62,88.5
2025-06,south,TRN,2025,TRN-SU,3.5 가솔린,AWD,실버,24,24,125070,66103,49,62,88.5
2025-06,south,TRN,2025,TRN-SU,3.5 가솔린,AWD,오션 블루,18,18,96207,50849,37,62,88.5
2025-06,south,TRN,2025,TRN-SU,3.5 가솔린,AWD,선셋 레드,15,15,76966,40679,30,62,88.5
2025-06,south,TRN,2025,TRN-SU,3.5 가솔린,AWD,포레스트 그린,9,9,48104,25424,19,62,88.5
2025-06,south,TRN,2025,TRN-SU,3.5 가솔린,AWD,샌드 베이지,9,9,48104,25424,19,62,88.5
2025-06,south,TRN,2025,TRN-SU,3.5 가솔린,FWD,스노우 화이트,37,37,196691,103957,76,62,88.5
2025-06,south,TRN,2025,TRN-SU,3.5 가솔린,FWD,미드나잇 블랙,30,30,155713,82300,61,62,88.5
2025-06,south,TRN,2025,TRN-SU,3.5 가솔린,FWD,스틸 그레이,25,25,131127,69305,51,62,88.5
2025-06,south,TRN,2025,TRN-SU,3.5 가솔린,FWD,실버,20,20,106541,56310,41,62,88.5
2025-06,south,TRN,2025,TRN-SU,3.5 가솔린,FWD,오션 블루,16,16,81954,43316,32,62,88.5
2025-06,south,TRN,2025,TRN-SU,3.5 가솔린,FWD,선셋 레드,12,12,65564,34652,25,62,88.5
2025-06,south,TRN,2025,TRN-SU,3.5 가솔린,FWD,포레스트 그린,8,8,40977,21658,16,62,88.5
2025-06,south,TRN,2025,TRN-SU,3.5 가솔린,FWD,샌드 베이지,8,8,40977,21658,16,62,88.5
2025-06,south,TRN,2025,TRN-SU,2.5T 하이브리드,AWD,스노우 화이트,34,34,178495,94341,69,62,88.5
2025-06,south,TRN,2025,TRN-SU,2.5T 하이브리드,AWD,미드나잇 블랙,27,27,141309,74686,55,62,88.5
2025-06,south,TRN,2025,TRN-SU,2.5T 하이브리드,AWD,스틸 그레이,23,23,118997,62894,46,62,88.5
2025-06,south,TRN,2025,TRN-SU,2.5T 하이브리드,AWD,실버,18,18,96685,51101,38,62,88.5
2025-06,south,TRN,2025,TRN-SU,2.5T 하이브리드,AWD,오션 블루,14,14,74373,39309,29,62,88.5
2025-06,south,TRN,2025,TRN-SU,2.5T 하이브리드,AWD,선셋 레드,11,11,59498,31447,23,62,88.5
2025-06,south,TRN,2025,TRN-SU,2.5T 하이브리드,AWD,포레스트 그린,7,7,37187,19654,14,62,88.5
2025-06,south,TRN,2025,TRN-SU,2.5T 하이브리드,AWD,샌드 베이지,7,7,37187,19654,14,62,88.5
2025-06,south,TRN,2025,TRN-SU,2.5T 하이브리드,FWD,스노우 화이트,29,29,152052,80364,59,62,88.5
2025-06,south,TRN,2025,TRN-SU,2.5T 하이브리드,FWD,미드나잇 블랙,23,23,120374,63622,47,62,88.5
2025-06,south,TRN,2025,TRN-SU,2.5T 하이브리드,FWD,스틸 그레이,19,19,101368,53576,39,62,88.5
2025-06,south,TRN,2025,TRN-SU,2.5T 하이브리드,FWD,실버,16,16,82361,43531,32,62,88.5
2025-06,south,TRN,2025,TRN-SU,2.5T 하이브리드,FWD,오션 블루,12,12,63355,33485,25,62,88.5
2025-06,south,TRN,2025,TRN-SU,2.5T 하이브리드,FWD,선셋 레드,10,10,50684,26788,20,62,88.5
2025-06,south,TRN,2025,TRN-SU,2.5T 하이브리드,FWD,포레스트 그린,6,6,31677,16743,12,62,88.5
2025-06,south,TRN,2025,TRN-SU,2.5T 하이브리드,FWD,샌드 베이지,6,6,31677,16743,12,62,88.5
2025-06,northeast,TRN,2025,TRN-CO,3.5 가솔린,AWD,스노우 화이트,126,126,534774,222353,258,62,88.5
2025-06,northeast,TRN,2025,TRN-CO,3.5 가솔린,AWD,미드나잇 블랙,100,100,423362,176030,204,62,88.5
2025-06,northeast,TRN,2025,TRN-CO,3.5 가솔린,AWD,스틸 그레이,84,84,356516,148235,172,62,88.5
2025-06,northeast,TRN,2025,TRN-CO,3.5 가솔린,AWD,실버,68,68,289669,120441,140,62,88.5
2025-06,northeast,TRN,2025,TRN-CO,3.5 가솔린,AWD,오션 블루,52,52,222822,92647,107,62,88.5
2025-06,northeast,TRN,2025,TRN-CO,3.5 가솔린,AWD,선셋 레드,42,42,178258,74118,86,62,88.5
2025-06,northeast,TRN,2025,TRN-CO,3.5 가솔린,AWD,포레스트 그린,26,26,111411,46324,54,62,88.5
2025-06,northeast,TRN,2025,TRN-CO,3.5 가솔린,AWD,샌드 베이지,26,26,111411,46324,54,62,88.5
2025-06,northeast,TRN,2025,TRN-CO,3.5 가솔린,FWD,스노우 화이트,7,7,28146,11703,14,62,88.5
2025-06,northeast,TRN,2025,TRN-CO,3.5 가솔린,FWD,미드나잇 블랙,5,5,22282,9265,11,62,88.5
2025-06,northeast,TRN,2025,TRN-CO,3.5 가솔린,FWD,스틸 그레이,4,4,18764,7802,9,62,88.5
2025-06,northeast,TRN,2025,TRN-CO,3.5 가솔린,FWD,실버,4,4,15246,6339,7,62,88.5
2025-06,northeast,TRN,2025,TRN-CO,3.5 가솔린,FWD,오션 블루,3,3,11727,4876,6,57,88.5
2025-06,northeast,TRN,2025,TRN-CO,3.5 가솔린,FWD,선셋 레드,2,2,9382,3901,5,45,88.5
2025-06,northeast,TRN,2025,TRN-CO,3.5 가솔린,FWD,포레스트 그린,1,1,5864,2438,3,28,88.5
2025-06,northeast,TRN,2025,TRN-CO,3.5 가솔린,FWD,샌드 베이지,1,1,5864,2438,3,28,88.5
2025-06,northeast,TRN,2025,TRN-CO,2.5T 하이브리드,AWD,스노우 화이트,97,97,413406,171890,199,62,88.5
2025-06,northeast,TRN,2025,TRN-CO,2.5T 하이브리드,AWD,미드나잇 블랙,77,77,327280,136080,158,62,88.5
2025-06,northeast,TRN,2025,TRN-CO,2.5T 하이브리드,AWD,스틸 그레이,65,65,275604,114593,133,62,88.5
2025-06,northeast,TRN,2025,TRN-CO,2.5T 하이브리드,AWD,실버,53,53,223929,93107,108,62,88.5
2025-06,northeast,TRN,2025,TRN-CO,2.5T 하이브리드,AWD,오션 블루,40,40,172253,71621,83,62,88.5
2025-06,northeast,TRN,2025,TRN-CO,2.5T 하이브리드,AWD,선셋 레드,32,32,137802,57297,66,62,88.5
2025-06,northeast,TRN,2025,TRN-CO,2.5T 하이브리드,AWD,포레스트 그린,20,20,86126,35810,42,62,88.5
2025-06,northeast,TRN,2025,TRN-CO,2.5T 하이브리드,AWD,샌드 베이지,20,20,86126,35810,42,62,88.5
2025-06,northeast,TRN,2025,TRN-CO,2.5T 하이브리드,FWD,스노우 화이트,5,5,21758,9047,10,62,88.5
2025-06,northeast,TRN,2025,TRN-CO,2.5T 하이브리드,FWD,미드나잇 블랙,4,4,17225,7162,8,62,88.5
2025-06,northeast,TRN,2025,TRN-CO,2.5T 하이브리드,FWD,스틸 그레이,3,3,14505,6031,7,62,88.5
2025-06,northeast,TRN,2025,TRN-CO,2.5T 하이브리드,FWD,실버,3,3,11786,4900,6,57,88.5
2025-06,northeast,TRN,2025,TRN-CO,2.5T 하이브리드,FWD,오션 블루,2,2,9066,3770,4,44,88.5
2025-06,northeast,TRN,2025,TRN-CO,2.5T 하이브리드,FWD,선셋 레드,2,2,7253,3016,3,35,88.5
2025-06,northeast,TRN,2025,TRN-CO,2.5T 하이브리드,FWD,포레스트 그린,1,1,4533,1885,2,22,88.5
2025-06,northeast,TRN,2025,TRN-CO,2.5T 하이브리드,FWD,샌드 베이지,1,1,4533,1885,2,22,88.5
2025-06,northeast,TRN,2025,TRN-PR,3.5 가솔린,AWD,스노우 화이트,146,146,673056,311306,298,62,88.5
2025-06,northeast,TRN,2025,TRN-PR,3.5 가솔린,AWD,미드나잇 블랙,115,115,532836,246451,236,62,88.5
2025-06,northeast,TRN,2025,TRN-PR,3.5 가솔린,AWD,스틸 그레이,97,97,448704,207537,199,62,88.5
2025-06,northeast,TRN,2025,TRN-PR,3.5 가솔린,AWD,실버,79,79,364572,168624,162,62,88.5
2025-06,northeast,TRN,2025,TRN-PR,3.5 가솔린,AWD,오션 블루,61,61,280440,129711,124,62,88.5
2025-06,northeast,TRN,2025,TRN-PR,3.5 가솔린,AWD,선셋 레드,49,49,224352,103769,99,62,88.5
2025-06,northeast,TRN,2025,TRN-PR,3.5 가솔린,AWD,포레스트 그린,30,30,140220,64855,62,62,88.5
2025-06,northeast,TRN,2025,TRN-PR,3.5 가솔린,AWD,샌드 베이지,30,30,140220,64855,62,62,88.5
2025-06,northeast,TRN,2025,TRN-PR,3.5 가솔린,FWD,스노우 화이트,8,8,35424,16385,16,62,88.5
2025-06,northeast,TRN,2025,TRN-PR,3.5 가솔린,FWD,미드나잇 블랙,6,6,28044,12971,12,62,88.5
2025-06,northeast,TRN,2025,TRN-PR,3.5 가솔린,FWD,스틸 그레이,5,5,23616,10923,10,62,88.5
2025-06,northeast,TRN,2025,TRN-PR,3.5 가솔린,FWD,실버,4,4,19188,8875,9,62,88.5
2025-06,northeast,TRN,2025,TRN-PR,3.5 가솔린,FWD,오션 블루,3,3,14760,6827,7,62,88.5
2025-06,northeast,TRN,2025,TRN-PR,3.5 가솔린,FWD,선셋 레드,3,3,11808,5462,5,52,88.5
2025-06,northeast,TRN,2025,TRN-PR,3.5 가솔린,FWD,포레스트 그린,2,2,7380,3413,3,33,88.5
2025-06,northeast,TRN,2025,TRN-PR,3.5 가솔린,FWD,샌드 베이지,2,2,7380,3413,3,33,88.5
2025-06,northeast,TRN,2025,TRN-PR,2.5T 하이브리드,AWD,스노우 화이트,113,113,520306,240655,231,62,88.5
2025-06,northeast,TRN,2025,TRN-PR,2.5T 하이브리드,AWD,미드나잇 블랙,89,89,411909,190519,183,62,88.5
2025-06,northeast,TRN,2025,TRN-PR,2.5T 하이브리드,AWD,스틸 그레이,75,75,346870,160437,154,62,88.5
2025-06,northeast,TRN,2025,TRN-PR,2.5T 하이브리드,AWD,실버,61,61,281832,130355,125,62,88.5
2025-06,northeast,TRN,2025,TRN-PR,2.5T 하이브리드,AWD,오션 블루,47,47,216794,100273,96,62,88.5
2025-06,northeast,TRN,2025,TRN-PR,2.5T 하이브리드,AWD,선셋 레드,38,38,173435,80218,77,62,88.5
2025-06,northeast,TRN,2025,TRN-PR,2.5T 하이브리드,AWD,포레스트 그린,23,23,108397,50136,48,62,88.5
2025-06,northeast,TRN,2025,TRN-PR,2.5T 하이브리드,AWD,샌드 베이지,23,23,108397,50136,48,62,88.5
2025-06,northeast,TRN,2025,TRN-PR,2.5T 하이브리드,FWD,스노우 화이트,6,6,27385,12666,12,62,88.5
2025-06,northeast,TRN,2025,TRN-PR,2.5T 하이브리드,FWD,미드나잇 블랙,5,5,21679,10027,10,62,88.5
2025-06,northeast,TRN,2025,TRN-PR,2.5T 하이브리드,FWD,스틸 그레이,4,4,18256,8444,8,62,88.5
2025-06,northeast,TRN,2025,TRN-PR,2.5T 하이브리드,FWD,실버,3,3,14833,6861,7,62,88.5
2025-06,northeast,TRN,2025,TRN-PR,2.5T 하이브리드,FWD,오션 블루,2,2,11410,5278,5,51,88.5
2025-06,northeast,TRN,2025,TRN-PR,2.5T 하이브리드,FWD,선셋 레드,2,2,9128,4222,4,40,88.5
2025-06,northeast,TRN,2025,TRN-PR,2.5T 하이브리드,FWD,포레스트 그린,1,1,5705,2639,3,25,88.5
2025-06,northeast,TRN,2025,TRN-PR,2.5T 하이브리드,FWD,샌드 베이지,1,1,5705,2639,3,25,88.5
2025-06,northeast,TRN,2025,TRN-SU,3.5 가솔린,AWD,스노우 화이트,60,60,313889,165900,122,62,88.5
2025-06,northeast,TRN,2025,TRN-SU,3.5 가솔린,AWD,미드나잇 블랙,47,47,248495,131338,97,62,88.5
2025-06,northeast,TRN,2025,TRN-SU,3.5 가솔린,AWD,스틸 그레이,40,40,209259,110600,81,62,88.5
2025-06,northeast,TRN,2025,TRN-SU,3.5 가솔린,AWD,실버,32,32,170023,89863,66,62,88.5
2025-06,northeast,TRN,2025,TRN-SU,3.5 가솔린,AWD,오션 블루,25,25,130787,69125,51,62,88.5
2025-06,northeast,TRN,2025,TRN-SU,3.5 가솔린,AWD,선셋 레드,20,20,104630,55300,41,62,88.5
2025-06,northeast,TRN,2025,TRN-SU,3.5 가솔린,AWD,포레스트 그린,12,12,65393,34563,25,62,88.5
2025-06,northeast,TRN,2025,TRN-SU,3.5 가솔린,AWD,샌드 베이지,12,12,65393,34563,25,62,88.5
2025-06,northeast,TRN,2025,TRN-SU,3.5 가솔린,FWD,스노우 화이트,3,3,16520,8732,6,62,88.5
2025-06,northeast,TRN,2025,TRN-SU,3.5 가솔린,FWD,미드나잇 블랙,2,2,13079,6913,5,51,88.5
2025-06,northeast,TRN,2025,TRN-SU,3.5 가솔린,FWD,스틸 그레이,2,2,11014,5821,4,43,88.5
2025-06,northeast,TRN,2025,TRN-SU,3.5 가솔린,FWD,실버,2,2,8949,4730,3,35,88.5
2025-06,northeast,TRN,2025,TRN-SU,3.5 가솔린,FWD,오션 블루,1,1,6884,3638,3,27,88.5
2025-06,northeast,TRN,2025,TRN-SU,3.5 가솔린,FWD,선셋 레드,1,1,5507,2911,2,21,88.5
2025-06,northeast,TRN,2025,TRN-SU,3.5 가솔린,FWD,포레스트 그린,1,1,3442,1819,1,13,88.5
2025-06,northeast,TRN,2025,TRN-SU,3.5 가솔린,FWD,샌드 베이지,1,1,3442,1819,1,13,88.5
2025-06,northeast,TRN,2025,TRN-SU,2.5T 하이브리드,AWD,스노우 화이트,46,46,242652,128249,94,62,88.5
2025-06,northeast,TRN,2025,TRN-SU,2.5T 하이브리드,AWD,미드나잇 블랙,36,36,192099,101531,75,62,88.5
2025-06,northeast,TRN,2025,TRN-SU,2.5T 하이브리드,AWD,스틸 그레이,31,31,161768,85499,63,62,88.5
2025-06,northeast,TRN,2025,TRN-SU,2.5T 하이브리드,AWD,실버,25,25,131436,69468,51,62,88.5
2025-06,northeast,TRN,2025,TRN-SU,2.5T 하이브리드,AWD,오션 블루,19,19,101105,53437,39,62,88.5
2025-06,northeast,TRN,2025,TRN-SU,2.5T 하이브리드,AWD,선셋 레드,15,15,80884,42750,31,62,88.5
2025-06,northeast,TRN,2025,TRN-SU,2.5T 하이브리드,AWD,포레스트 그린,10,10,50552,26719,20,62,88.5
2025-06,northeast,TRN,2025,TRN-SU,2.5T 하이브리드,AWD,샌드 베이지,10,10,50552,26719,20,62,88.5
2025-06,northeast,TRN,2025,TRN-SU,2.5T 하이브리드,FWD,스노우 화이트,2,2,12771,6750,5,50,88.5
2025-06,northeast,TRN,2025,TRN-SU,2.5T 하이브리드,FWD,미드나잇 블랙,2,2,10110,5344,4,39,88.5
2025-06,northeast,TRN,2025,TRN-SU,2.5T 하이브리드,FWD,스틸 그레이,2,2,8514,4500,3,33,88.5
2025-06,northeast,TRN,2025,TRN-SU,2.5T 하이브리드,FWD,실버,1,1,6918,3656,3,27,88.5
2025-06,northeast,TRN,2025,TRN-SU,2.5T 하이브리드,FWD,오션 블루,1,1,5321,2812,2,21,88.5
2025-06,northeast,TRN,2025,TRN-SU,2.5T 하이브리드,FWD,선셋 레드,1,1,4257,2250,2,17,88.5
2025-06,northeast,TRN,2025,TRN-SU,2.5T 하이브리드,FWD,포레스트 그린,1,1,2661,1406,1,10,88.5
2025-06,northeast,TRN,2025,TRN-SU,2.5T 하이브리드,FWD,샌드 베이지,1,1,2661,1406,1,10,88.5
2025-06,southeast,TRN,2025,TRN-CO,3.5 가솔린,AWD,스노우 화이트,89,89,379971,157988,183,62,88.5
2025-06,southeast,TRN,2025,TRN-CO,3.5 가솔린,AWD,미드나잇 블랙,71,71,300810,125074,145,62,88.5
2025-06,southeast,TRN,2025,TRN-CO,3.5 가솔린,AWD,스틸 그레이,60,60,253314,105325,122,62,88.5
2025-06,southeast,TRN,2025,TRN-CO,3.5 가솔린,AWD,실버,48,48,205817,85577,99,62,88.5
2025-06,southeast,TRN,2025,TRN-CO,3.5 가솔린,AWD,오션 블루,37,37,158321,65828,76,62,88.5
2025-06,southeast,TRN,2025,TRN-CO,3.5 가솔린,AWD,선셋 레드,30,30,126657,52663,61,62,88.5
2025-06,southeast,TRN,2025,TRN-CO,3.5 가솔린,AWD,포레스트 그린,19,19,79161,32914,38,62,88.5
2025-06,southeast,TRN,2025,TRN-CO,3.5 가솔린,AWD,샌드 베이지,19,19,79161,32914,38,62,88.5
2025-06,southeast,TRN,2025,TRN-CO,3.5 가솔린,FWD,스노우 화이트,51,51,216062,89836,104,62,88.5
2025-06,southeast,TRN,2025,TRN-CO,3.5 가솔린,FWD,미드나잇 블랙,40,40,171049,71120,82,62,88.5
2025-06,southeast,TRN,2025,TRN-CO,3.5 가솔린,FWD,스틸 그레이,34,34,144041,59891,69,62,88.5
2025-06,southeast,TRN,2025,TRN-CO,3.5 가솔린,FWD,실버,28,28,117033,48661,56,62,88.5
2025-06,southeast,TRN,2025,TRN-CO,3.5 가솔린,FWD,오션 블루,21,21,90026,37432,43,62,88.5
2025-06,southeast,TRN,2025,TRN-CO,3.5 가솔린,FWD,선셋 레드,17,17,72021,29945,35,62,88.5
2025-06,southeast,TRN,2025,TRN-CO,3.5 가솔린,FWD,포레스트 그린,11,11,45013,18716,22,62,88.5
2025-06,southeast,TRN,2025,TRN-CO,3.5 가솔린,FWD,샌드 베이지,11,11,45013,18716,22,62,88.5
2025-06,southeast,TRN,2025,TRN-CO,2.5T 하이브리드,AWD,스노우 화이트,69,69,293736,122132,142,62,88.5
2025-06,southeast,TRN,2025,TRN-CO,2.5T 하이브리드,AWD,미드나잇 블랙,55,55,232541,96688,112,62,88.5
2025-06,southeast,TRN,2025,TRN-CO,2.5T 하이브리드,AWD,스틸 그레이,46,46,195824,81422,94,62,88.5
2025-06,southeast,TRN,2025,TRN-CO,2.5T 하이브리드,AWD,실버,37,37,159107,66155,77,62,88.5
2025-06,southeast,TRN,2025,TRN-CO,2.5T 하이브리드,AWD,오션 블루,29,29,122390,50888,59,62,88.5
2025-06,southeast,TRN,2025,TRN-CO,2.5T 하이브리드,AWD,선셋 레드,23,23,97912,40711,47,62,88.5
2025-06,southeast,TRN,2025,TRN-CO,2.5T 하이브리드,AWD,포레스트 그린,14,14,61195,25444,29,62,88.5
2025-06,southeast,TRN,2025,TRN-CO,2.5T 하이브리드,AWD,샌드 베이지,14,14,61195,25444,29,62,88.5
2025-06,southeast,TRN,2025,TRN-CO,2.5T 하이브리드,FWD,스노우 화이트,39,39,167026,69448,80,62,88.5
2025-06,southeast,TRN,2025,TRN-CO,2.5T 하이브리드,FWD,미드나잇 블랙,31,31,132229,54980,64,62,88.5
2025-06,southeast,TRN,2025,TRN-CO,2.5T 하이브리드,FWD,스틸 그레이,26,26,111351,46299,54,62,88.5
2025-06,southeast,TRN,2025,TRN-CO,2.5T 하이브리드,FWD,실버,21,21,90473,37618,44,62,88.5
2025-06,southeast,TRN,2025,TRN-CO,2.5T 하이브리드,FWD,오션 블루,16,16,69594,28937,34,62,88.5
2025-06,southeast,TRN,2025,TRN-CO,2.5T 하이브리드,FWD,선셋 레드,13,13,55675,23149,27,62,88.5
2025-06,southeast,TRN,2025,TRN-CO,2.5T 하이브리드,FWD,포레스트 그린,8,8,34797,14468,17,62,88.5
2025-06,southeast,TRN,2025,TRN-CO,2.5T 하이브리드,FWD,샌드 베이지,8,8,34797,14468,17,62,88.5
2025-06,southeast,TRN,2025,TRN-PR,3.5 가솔린,AWD,스노우 화이트,103,103,478224,221191,212,62,88.5
2025-06,southeast,TRN,2025,TRN-PR,3.5 가솔린,AWD,미드나잇 블랙,82,82,378594,175110,168,62,88.5
2025-06,southeast,TRN,2025,TRN-PR,3.5 가솔린,AWD,스틸 그레이,69,69,318816,147461,141,62,88.5
2025-06,southeast,TRN,2025,TRN-PR,3.5 가솔린,AWD,실버,56,56,259038,119812,115,62,88.5
2025-06,southeast,TRN,2025,TRN-PR,3.5 가솔린,AWD,오션 블루,43,43,199260,92163,88,62,88.5
2025-06,southeast,TRN,2025,TRN-PR,3.5 가솔린,AWD,선셋 레드,34,34,159408,73730,71,62,88.5
2025-06,southeast,TRN,2025,TRN-PR,3.5 가솔린,AWD,포레스트 그린,22,22,99630,46081,44,62,88.5
2025-06,southeast,TRN,2025,TRN-PR,3.5 가솔린,AWD,샌드 베이지,22,22,99630,46081,44,62,88.5
2025-06,southeast,TRN,2025,TRN-PR,3.5 가솔린,FWD,스노우 화이트,59,59,271931,125775,121,62,88.5
2025-06,southeast,TRN,2025,TRN-PR,3.5 가솔린,FWD,미드나잇 블랙,47,47,215279,99572,95,62,88.5
2025-06,southeast,TRN,2025,TRN-PR,3.5 가솔린,FWD,스틸 그레이,39,39,181288,83850,80,62,88.5
2025-06,southeast,TRN,2025,TRN-PR,3.5 가솔린,FWD,실버,32,32,147296,68128,65,62,88.5
2025-06,southeast,TRN,2025,TRN-PR,3.5 가솔린,FWD,오션 블루,25,25,113305,52406,50,62,88.5
2025-06,southeast,TRN,2025,TRN-PR,3.5 가솔린,FWD,선셋 레드,20,20,90644,41925,40,62,88.5
2025-06,southeast,TRN,2025,TRN-PR,3.5 가솔린,FWD,포레스트 그린,12,12,56652,26203,25,62,88.5
2025-06,southeast,TRN,2025,TRN-PR,3.5 가솔린,FWD,샌드 베이지,12,12,56652,26203,25,62,88.5
2025-06,southeast,TRN,2025,TRN-PR,2.5T 하이브리드,AWD,스노우 화이트,80,80,369691,170992,164,62,88.5
2025-06,southeast,TRN,2025,TRN-PR,2.5T 하이브리드,AWD,미드나잇 블랙,63,63,292672,135368,130,62,88.5
2025-06,southeast,TRN,2025,TRN-PR,2.5T 하이브리드,AWD,스틸 그레이,53,53,246461,113994,109,62,88.5
2025-06,southeast,TRN,2025,TRN-PR,2.5T 하이브리드,AWD,실버,43,43,200249,92620,89,62,88.5
2025-06,southeast,TRN,2025,TRN-PR,2.5T 하이브리드,AWD,오션 블루,33,33,154038,71247,68,62,88.5
2025-06,southeast,TRN,2025,TRN-PR,2.5T 하이브리드,AWD,선셋 레드,27,27,123230,56997,55,62,88.5
2025-06,southeast,TRN,2025,TRN-PR,2.5T 하이브리드,AWD,포레스트 그린,17,17,77019,35623,34,62,88.5
2025-06,southeast,TRN,2025,TRN-PR,2.5T 하이브리드,AWD,샌드 베이지,17,17,77019,35623,34,62,88.5
2025-06,southeast,TRN,2025,TRN-PR,2.5T 하이브리드,FWD,스노우 화이트,45,45,210216,97231,93,62,88.5
2025-06,southeast,TRN,2025,TRN-PR,2.5T 하이브리드,FWD,미드나잇 블랙,36,36,166421,76974,74,62,88.5
2025-06,southeast,TRN,2025,TRN-PR,2.5T 하이브리드,FWD,스틸 그레이,30,30,140144,64820,62,62,88.5
2025-06,southeast,TRN,2025,TRN-PR,2.5T 하이브리드,FWD,실버,25,25,113867,52667,50,62,88.5
2025-06,southeast,TRN,2025,TRN-PR,2.5T 하이브리드,FWD,오션 블루,19,19,87590,40513,39,62,88.5
2025-06,southeast,TRN,2025,TRN-PR,2.5T 하이브리드,FWD,선셋 레드,15,15,70072,32410,31,62,88.5
2025-06,southeast,TRN,2025,TRN-PR,2.5T 하이브리드,FWD,포레스트 그린,9,9,43795,20256,19,62,88.5
2025-06,southeast,TRN,2025,TRN-PR,2.5T 하이브리드,FWD,샌드 베이지,9,9,43795,20256,19,62,88.5
2025-06,southeast,TRN,2025,TRN-SU,3.5 가솔린,AWD,스노우 화이트,42,42,223026,117876,87,62,88.5
2025-06,southeast,TRN,2025,TRN-SU,3.5 가솔린,AWD,미드나잇 블랙,34,33,176562,93319,69,62,88.5
2025-06,southeast,TRN,2025,TRN-SU,3.5 가솔린,AWD,스틸 그레이,28,28,148684,78584,58,62,88.5
2025-06,southeast,TRN,2025,TRN-SU,3.5 가솔린,AWD,실버,23,23,120806,63850,47,62,88.5
2025-06,southeast,TRN,2025,TRN-SU,3.5 가솔린,AWD,오션 블루,18,18,92928,49115,36,62,88.5
2025-06,southeast,TRN,2025,TRN-SU,3.5 가솔린,AWD,선셋 레드,14,14,74342,39292,29,62,88.5
2025-06,southeast,TRN,2025,TRN-SU,3.5 가솔린,AWD,포레스트 그린,9,9,46464,24558,18,62,88.5
2025-06,southeast,TRN,2025,TRN-SU,3.5 가솔린,AWD,샌드 베이지,9,9,46464,24558,18,62,88.5
2025-06,southeast,TRN,2025,TRN-SU,3.5 가솔린,FWD,스노우 화이트,24,24,126819,67028,49,62,88.5
2025-06,southeast,TRN,2025,TRN-SU,3.5 가솔린,FWD,미드나잇 블랙,19,19,100398,53064,39,62,88.5
2025-06,southeast,TRN,2025,TRN-SU,3.5 가솔린,FWD,스틸 그레이,16,16,84546,44685,33,62,88.5
2025-06,southeast,TRN,2025,TRN-SU,3.5 가솔린,FWD,실버,13,13,68694,36307,27,62,88.5
2025-06,southeast,TRN,2025,TRN-SU,3.5 가솔린,FWD,오션 블루,10,10,52841,27928,21,62,88.5
2025-06,southeast,TRN,2025,TRN-SU,3.5 가솔린,FWD,선셋 레드,8,8,42273,22343,16,62,88.5
2025-06,southeast,TRN,2025,TRN-SU,3.5 가솔린,FWD,포레스트 그린,5,5,26421,13964,10,62,88.5
2025-06,southeast,TRN,2025,TRN-SU,3.5 가솔린,FWD,샌드 베이지,5,5,26421,13964,10,62,88.5
2025-06,southeast,TRN,2025,TRN-SU,2.5T 하이브리드,AWD,스노우 화이트,33,33,172410,91124,67,62,88.5
2025-06,southeast,TRN,2025,TRN-SU,2.5T 하이브리드,AWD,미드나잇 블랙,26,26,136492,72140,53,62,88.5
2025-06,southeast,TRN,2025,TRN-SU,2.5T 하이브리드,AWD,스틸 그레이,22,22,114940,60750,45,62,88.5
2025-06,southeast,TRN,2025,TRN-SU,2.5T 하이브리드,AWD,실버,18,18,93389,49359,36,62,88.5
2025-06,southeast,TRN,2025,TRN-SU,2.5T 하이브리드,AWD,오션 블루,14,14,71838,37968,28,62,88.5
2025-06,southeast,TRN,2025,TRN-SU,2.5T 하이브리드,AWD,선셋 레드,11,11,57470,30375,22,62,88.5
2025-06,southeast,TRN,2025,TRN-SU,2.5T 하이브리드,AWD,포레스트 그린,7,7,35919,18984,14,62,88.5
2025-06,southeast,TRN,2025,TRN-SU,2.5T 하이브리드,AWD,샌드 베이지,7,7,35919,18984,14,62,88.5
2025-06,southeast,TRN,2025,TRN-SU,2.5T 하이브리드,FWD,스노우 화이트,19,19,98037,51816,38,62,88.5
2025-06,southeast,TRN,2025,TRN-SU,2.5T 하이브리드,FWD,미드나잇 블랙,15,15,77613,41021,30,62,88.5
2025-06,southeast,TRN,2025,TRN-SU,2.5T 하이브리드,FWD,스틸 그레이,12,12,65358,34544,25,62,88.5
2025-06,southeast,TRN,2025,TRN-SU,2.5T 하이브리드,FWD,실버,10,10,53104,28067,21,62,88.5
2025-06,southeast,TRN,2025,TRN-SU,2.5T 하이브리드,FWD,오션 블루,8,8,40849,21590,16,62,88.5
2025-06,southeast,TRN,2025,TRN-SU,2.5T 하이브리드,FWD,선셋 레드,6,6,32679,17272,13,62,88.5
2025-06,southeast,TRN,2025,TRN-SU,2.5T 하이브리드,FWD,포레스트 그린,4,4,20424,10795,8,62,88.5
2025-06,southeast,TRN,2025,TRN-SU,2.5T 하이브리드,FWD,샌드 베이지,4,4,20424,10795,8,62,88.5
2025-06,west,VST,2025,VST-CO,2.5 가솔린,AWD,스노우 화이트,108,111,349122,87483,204,58,88.5
2025-06,west,VST,2025,VST-CO,2.5 가솔린,AWD,미드나잇 블랙,85,88,276388,69258,162,58,88.5
2025-06,west,VST,2025,VST-CO,2.5 가솔린,AWD,스틸 그레이,72,74,232748,58322,136,58,88.5
2025-06,west,VST,2025,VST-CO,2.5 가솔린,AWD,실버,58,60,189108,47387,111,58,88.5
2025-06,west,VST,2025,VST-CO,2.5 가솔린,AWD,오션 블루,45,46,145467,36451,85,58,88.5
2025-06,west,VST,2025,VST-CO,2.5 가솔린,AWD,선셋 레드,36,37,116374,29161,68,58,88.5
2025-06,west,VST,2025,VST-CO,2.5 가솔린,AWD,포레스트 그린,22,23,72734,18226,43,58,88.5
2025-06,west,VST,2025,VST-CO,2.5 가솔린,AWD,샌드 베이지,22,23,72734,18226,43,58,88.5
2025-06,west,VST,2025,VST-CO,2.5 가솔린,FWD,스노우 화이트,131,136,426705,106924,250,58,88.5
2025-06,west,VST,2025,VST-CO,2.5 가솔린,FWD,미드나잇 블랙,104,107,337808,84648,198,58,88.5
2025-06,west,VST,2025,VST-CO,2.5 가솔린,FWD,스틸 그레이,88,90,284470,71283,166,58,88.5
2025-06,west,VST,2025,VST-CO,2.5 가솔린,FWD,실버,71,74,231132,57917,135,58,88.5
2025-06,west,VST,2025,VST-CO,2.5 가솔린,FWD,오션 블루,55,57,177794,44552,104,58,88.5
2025-06,west,VST,2025,VST-CO,2.5 가솔린,FWD,선셋 레드,44,45,142235,35641,83,58,88.5
2025-06,west,VST,2025,VST-CO,2.5 가솔린,FWD,포레스트 그린,27,28,88897,22276,52,58,88.5
2025-06,west,VST,2025,VST-CO,2.5 가솔린,FWD,샌드 베이지,27,28,88897,22276,52,58,88.5
2025-06,west,VST,2025,VST-CO,1.6T 하이브리드,AWD,스노우 화이트,83,86,269889,67629,158,58,88.5
2025-06,west,VST,2025,VST-CO,1.6T 하이브리드,AWD,미드나잇 블랙,66,68,213662,53540,125,58,88.5
2025-06,west,VST,2025,VST-CO,1.6T 하이브리드,AWD,스틸 그레이,55,57,179926,45086,105,58,88.5
2025-06,west,VST,2025,VST-CO,1.6T 하이브리드,AWD,실버,45,46,146190,36632,86,58,88.5
2025-06,west,VST,2025,VST-CO,1.6T 하이브리드,AWD,오션 블루,35,36,112454,28179,66,58,88.5
2025-06,west,VST,2025,VST-CO,1.6T 하이브리드,AWD,선셋 레드,28,29,89963,22543,53,58,88.5
2025-06,west,VST,2025,VST-CO,1.6T 하이브리드,AWD,포레스트 그린,17,18,56227,14089,33,58,88.5
2025-06,west,VST,2025,VST-CO,1.6T 하이브리드,AWD,샌드 베이지,17,18,56227,14089,33,58,88.5
2025-06,west,VST,2025,VST-CO,1.6T 하이브리드,FWD,스노우 화이트,102,105,329864,82658,193,58,88.5
2025-06,west,VST,2025,VST-CO,1.6T 하이브리드,FWD,미드나잇 블랙,80,83,261142,65437,153,58,88.5
2025-06,west,VST,2025,VST-CO,1.6T 하이브리드,FWD,스틸 그레이,68,70,219909,55105,129,58,88.5
2025-06,west,VST,2025,VST-CO,1.6T 하이브리드,FWD,실버,55,57,178676,44773,105,58,88.5
2025-06,west,VST,2025,VST-CO,1.6T 하이브리드,FWD,오션 블루,42,44,137443,34441,80,58,88.5
2025-06,west,VST,2025,VST-CO,1.6T 하이브리드,FWD,선셋 레드,34,35,109955,27553,64,58,88.5
2025-06,west,VST,2025,VST-CO,1.6T 하이브리드,FWD,포레스트 그린,21,22,68722,17220,40,58,88.5
2025-06,west,VST,2025,VST-CO,1.6T 하이브리드,FWD,샌드 베이지,21,22,68722,17220,40,58,88.5
2025-06,west,VST,2025,VST-PR,2.5 가솔린,AWD,스노우 화이트,125,129,439398,136448,236,58,88.5
2025-06,west,VST,2025,VST-PR,2.5 가솔린,AWD,미드나잇 블랙,99,102,347857,108022,187,58,88.5
2025-06,west,VST,2025,VST-PR,2.5 가솔린,AWD,스틸 그레이,83,86,292932,90965,158,58,88.5
2025-06,west,VST,2025,VST-PR,2.5 가솔린,AWD,실버,67,70,238007,73909,128,58,88.5
2025-06,west,VST,2025,VST-PR,2.5 가솔린,AWD,오션 블루,52,54,183083,56853,99,58,88.5
2025-06,west,VST,2025,VST-PR,2.5 가솔린,AWD,선셋 레드,42,43,146466,45483,79,58,88.5
2025-06,west,VST,2025,VST-PR,2.5 가솔린,AWD,포레스트 그린,26,27,91541,28427,49,58,88.5
2025-06,west,VST,2025,VST-PR,2.5 가솔린,AWD,샌드 베이지,26,27,91541,28427,49,58,88.5
2025-06,west,VST,2025,VST-PR,2.5 가솔린,FWD,스노우 화이트,152,157,537042,166770,289,58,88.5
2025-06,west,VST,2025,VST-PR,2.5 가솔린,FWD,미드나잇 블랙,121,124,425158,132026,229,58,88.5
2025-06,west,VST,2025,VST-PR,2.5 가솔린,FWD,스틸 그레이,101,105,358028,111180,193,58,88.5
2025-06,west,VST,2025,VST-PR,2.5 가솔린,FWD,실버,82,85,290898,90334,157,58,88.5
2025-06,west,VST,2025,VST-PR,2.5 가솔린,FWD,오션 블루,63,65,223768,69488,120,58,88.5
2025-06,west,VST,2025,VST-PR,2.5 가솔린,FWD,선셋 레드,51,52,179014,55590,96,58,88.5
2025-06,west,VST,2025,VST-PR,2.5 가솔린,FWD,포레스트 그린,32,33,111884,34744,60,58,88.5
2025-06,west,VST,2025,VST-PR,2.5 가솔린,FWD,샌드 베이지,32,33,111884,34744,60,58,88.5
2025-06,west,VST,2025,VST-PR,1.6T 하이브리드,AWD,스노우 화이트,96,99,339677,105481,183,58,88.5
2025-06,west,VST,2025,VST-PR,1.6T 하이브리드,AWD,미드나잇 블랙,76,79,268911,83506,145,58,88.5
2025-06,west,VST,2025,VST-PR,1.6T 하이브리드,AWD,스틸 그레이,64,66,226451,70321,122,58,88.5
2025-06,west,VST,2025,VST-PR,1.6T 하이브리드,AWD,실버,52,54,183992,57136,99,58,88.5
2025-06,west,VST,2025,VST-PR,1.6T 하이브리드,AWD,오션 블루,40,41,141532,43951,76,58,88.5
2025-06,west,VST,2025,VST-PR,1.6T 하이브리드,AWD,선셋 레드,32,33,113226,35160,61,58,88.5
2025-06,west,VST,2025,VST-PR,1.6T 하이브리드,AWD,포레스트 그린,20,21,70766,21975,38,58,88.5
2025-06,west,VST,2025,VST-PR,1.6T 하이브리드,AWD,샌드 베이지,20,21,70766,21975,38,58,88.5
2025-06,west,VST,2025,VST-PR,1.6T 하이브리드,FWD,스노우 화이트,118,121,415160,128922,223,58,88.5
2025-06,west,VST,2025,VST-PR,1.6T 하이브리드,FWD,미드나잇 블랙,93,96,328669,102063,177,58,88.5
2025-06,west,VST,2025,VST-PR,1.6T 하이브리드,FWD,스틸 그레이,78,81,276774,85948,149,58,88.5
2025-06,west,VST,2025,VST-PR,1.6T 하이브리드,FWD,실버,64,66,224879,69832,121,58,88.5
2025-06,west,VST,2025,VST-PR,1.6T 하이브리드,FWD,오션 블루,49,51,172983,53717,93,58,88.5
2025-06,west,VST,2025,VST-PR,1.6T 하이브리드,FWD,선셋 레드,39,40,138387,42974,74,58,88.5
2025-06,west,VST,2025,VST-PR,1.6T 하이브리드,FWD,포레스트 그린,25,25,86492,26859,47,58,88.5
2025-06,west,VST,2025,VST-PR,1.6T 하이브리드,FWD,샌드 베이지,25,25,86492,26859,47,58,88.5
2025-06,west,VST,2025,VST-TR,2.5 가솔린,AWD,스노우 화이트,51,53,204919,80985,97,58,88.5
2025-06,west,VST,2025,VST-TR,2.5 가솔린,AWD,미드나잇 블랙,40,42,162228,64113,77,58,88.5
2025-06,west,VST,2025,VST-TR,2.5 가솔린,AWD,스틸 그레이,34,35,136613,53990,64,58,88.5
2025-06,west,VST,2025,VST-TR,2.5 가솔린,AWD,실버,28,28,110998,43867,52,58,88.5
2025-06,west,VST,2025,VST-TR,2.5 가솔린,AWD,오션 블루,21,22,85383,33744,40,58,88.5
2025-06,west,VST,2025,VST-TR,2.5 가솔린,AWD,선셋 레드,17,18,68306,26995,32,58,88.5
2025-06,west,VST,2025,VST-TR,2.5 가솔린,AWD,포레스트 그린,11,11,42692,16872,20,58,88.5
2025-06,west,VST,2025,VST-TR,2.5 가솔린,AWD,샌드 베이지,11,11,42692,16872,20,58,88.5
2025-06,west,VST,2025,VST-TR,2.5 가솔린,FWD,스노우 화이트,62,64,250457,98982,118,58,88.5
2025-06,west,VST,2025,VST-TR,2.5 가솔린,FWD,미드나잇 블랙,49,51,198278,78361,94,58,88.5
2025-06,west,VST,2025,VST-TR,2.5 가솔린,FWD,스틸 그레이,42,43,166971,65988,79,58,88.5
2025-06,west,VST,2025,VST-TR,2.5 가솔린,FWD,실버,34,35,135664,53615,64,58,88.5
2025-06,west,VST,2025,VST-TR,2.5 가솔린,FWD,오션 블루,26,27,104357,41242,49,58,88.5
2025-06,west,VST,2025,VST-TR,2.5 가솔린,FWD,선셋 레드,21,21,83486,32994,39,58,88.5
2025-06,west,VST,2025,VST-TR,2.5 가솔린,FWD,포레스트 그린,13,13,52179,20621,25,58,88.5
2025-06,west,VST,2025,VST-TR,2.5 가솔린,FWD,샌드 베이지,13,13,52179,20621,25,58,88.5
2025-06,west,VST,2025,VST-TR,1.6T 하이브리드,AWD,스노우 화이트,39,41,158413,62606,75,58,88.5
2025-06,west,VST,2025,VST-TR,1.6T 하이브리드,AWD,미드나잇 블랙,31,32,125410,49563,59,58,88.5
2025-06,west,VST,2025,VST-TR,1.6T 하이브리드,AWD,스틸 그레이,26,27,105609,41737,50,58,88.5
2025-06,west,VST,2025,VST-TR,1.6T 하이브리드,AWD,실버,21,22,85807,33911,41,58,88.5
2025-06,west,VST,2025,VST-TR,1.6T 하이브리드,AWD,오션 블루,16,17,66005,26086,31,58,88.5
2025-06,west,VST,2025,VST-TR,1.6T 하이브리드,AWD,선셋 레드,13,14,52804,20869,25,58,88.5
2025-06,west,VST,2025,VST-TR,1.6T 하이브리드,AWD,포레스트 그린,8,8,33003,13043,16,58,88.5
2025-06,west,VST,2025,VST-TR,1.6T 하이브리드,AWD,샌드 베이지,8,8,33003,13043,16,58,88.5
2025-06,west,VST,2025,VST-TR,1.6T 하이브리드,FWD,스노우 화이트,48,50,193616,76518,91,58,88.5
2025-06,west,VST,2025,VST-TR,1.6T 하이브리드,FWD,미드나잇 블랙,38,39,153279,60577,72,58,88.5
2025-06,west,VST,2025,VST-TR,1.6T 하이브리드,FWD,스틸 그레이,32,33,129077,51012,61,58,88.5
2025-06,west,VST,2025,VST-TR,1.6T 하이브리드,FWD,실버,26,27,104875,41447,50,58,88.5
2025-06,west,VST,2025,VST-TR,1.6T 하이브리드,FWD,오션 블루,20,21,80673,31882,38,58,88.5
2025-06,west,VST,2025,VST-TR,1.6T 하이브리드,FWD,선셋 레드,16,17,64539,25506,30,58,88.5
2025-06,west,VST,2025,VST-TR,1.6T 하이브리드,FWD,포레스트 그린,10,10,40337,15941,19,58,88.5
2025-06,west,VST,2025,VST-TR,1.6T 하이브리드,FWD,샌드 베이지,10,10,40337,15941,19,58,88.5
2025-06,central,VST,2025,VST-CO,2.5 가솔린,AWD,스노우 화이트,81,83,262513,65781,154,58,88.5
2025-06,central,VST,2025,VST-CO,2.5 가솔린,AWD,미드나잇 블랙,64,66,207823,52076,122,58,88.5
2025-06,central,VST,2025,VST-CO,2.5 가솔린,AWD,스틸 그레이,54,56,175009,43854,102,58,88.5
2025-06,central,VST,2025,VST-CO,2.5 가솔린,AWD,실버,44,45,142194,35631,83,58,88.5
2025-06,central,VST,2025,VST-CO,2.5 가솔린,AWD,오션 블루,34,35,109380,27409,64,58,88.5
2025-06,central,VST,2025,VST-CO,2.5 가솔린,AWD,선셋 레드,27,28,87504,21927,51,58,88.5
2025-06,central,VST,2025,VST-CO,2.5 가솔린,AWD,포레스트 그린,17,17,54690,13704,32,58,88.5
2025-06,central,VST,2025,VST-CO,2.5 가솔린,AWD,샌드 베이지,17,17,54690,13704,32,58,88.5
2025-06,central,VST,2025,VST-CO,2.5 가솔린,FWD,스노우 화이트,75,78,244758,61332,143,58,88.5
2025-06,central,VST,2025,VST-CO,2.5 가솔린,FWD,미드나잇 블랙,60,62,193767,48554,113,58,88.5
2025-06,central,VST,2025,VST-CO,2.5 가솔린,FWD,스틸 그레이,50,52,163172,40888,95,58,88.5
2025-06,central,VST,2025,VST-CO,2.5 가솔린,FWD,실버,41,42,132577,33221,78,58,88.5
2025-06,central,VST,2025,VST-CO,2.5 가솔린,FWD,오션 블루,31,32,101983,25555,60,58,88.5
2025-06,central,VST,2025,VST-CO,2.5 가솔린,FWD,선셋 레드,25,26,81586,20444,48,58,88.5
2025-06,central,VST,2025,VST-CO,2.5 가솔린,FWD,포레스트 그린,16,16,50991,12777,30,58,88.5
2025-06,central,VST,2025,VST-CO,2.5 가솔린,FWD,샌드 베이지,16,16,50991,12777,30,58,88.5
2025-06,central,VST,2025,VST-CO,1.6T 하이브리드,AWD,스노우 화이트,63,65,202935,50852,119,58,88.5
2025-06,central,VST,2025,VST-CO,1.6T 하이브리드,AWD,미드나잇 블랙,50,51,160657,40258,94,58,88.5
2025-06,central,VST,2025,VST-CO,1.6T 하이브리드,AWD,스틸 그레이,42,43,135290,33901,79,58,88.5
2025-06,central,VST,2025,VST-CO,1.6T 하이브리드,AWD,실버,34,35,109923,27545,64,58,88.5
2025-06,central,VST,2025,VST-CO,1.6T 하이브리드,AWD,오션 블루,26,27,84556,21188,49,58,88.5
2025-06,central,VST,2025,VST-CO,1.6T 하이브리드,AWD,선셋 레드,21,22,67645,16951,40,58,88.5
2025-06,central,VST,2025,VST-CO,1.6T 하이브리드,AWD,포레스트 그린,13,13,42278,10594,25,58,88.5
2025-06,central,VST,2025,VST-CO,1.6T 하이브리드,AWD,샌드 베이지,13,13,42278,10594,25,58,88.5
2025-06,central,VST,2025,VST-CO,1.6T 하이브리드,FWD,스노우 화이트,58,60,189210,47412,111,58,88.5
2025-06,central,VST,2025,VST-CO,1.6T 하이브리드,FWD,미드나잇 블랙,46,48,149792,37535,88,58,88.5
2025-06,central,VST,2025,VST-CO,1.6T 하이브리드,FWD,스틸 그레이,39,40,126140,31608,74,58,88.5
2025-06,central,VST,2025,VST-CO,1.6T 하이브리드,FWD,실버,32,33,102489,25682,60,58,88.5
2025-06,central,VST,2025,VST-CO,1.6T 하이브리드,FWD,오션 블루,24,25,78838,19755,46,58,88.5
2025-06,central,VST,2025,VST-CO,1.6T 하이브리드,FWD,선셋 레드,19,20,63070,15804,37,58,88.5
2025-06,central,VST,2025,VST-CO,1.6T 하이브리드,FWD,포레스트 그린,12,13,39419,9878,23,58,88.5
2025-06,central,VST,2025,VST-CO,1.6T 하이브리드,FWD,샌드 베이지,12,13,39419,9878,23,58,88.5
2025-06,central,VST,2025,VST-PR,2.5 가솔린,AWD,스노우 화이트,94,97,330394,102599,178,58,88.5
2025-06,central,VST,2025,VST-PR,2.5 가솔린,AWD,미드나잇 블랙,74,77,261562,81224,141,58,88.5
2025-06,central,VST,2025,VST-PR,2.5 가솔린,AWD,스틸 그레이,62,64,220262,68399,119,58,88.5
2025-06,central,VST,2025,VST-PR,2.5 가솔린,AWD,실버,51,52,178963,55574,96,58,88.5
2025-06,central,VST,2025,VST-PR,2.5 가솔린,AWD,오션 블루,39,40,137664,42749,74,58,88.5
2025-06,central,VST,2025,VST-PR,2.5 가솔린,AWD,선셋 레드,31,32,110131,34200,59,58,88.5
2025-06,central,VST,2025,VST-PR,2.5 가솔린,AWD,포레스트 그린,20,20,68832,21375,37,58,88.5
2025-06,central,VST,2025,VST-PR,2.5 가솔린,AWD,샌드 베이지,20,20,68832,21375,37,58,88.5
2025-06,central,VST,2025,VST-PR,2.5 가솔린,FWD,스노우 화이트,87,90,308048,95660,166,58,88.5
2025-06,central,VST,2025,VST-PR,2.5 가솔린,FWD,미드나잇 블랙,69,71,243872,75730,131,58,88.5
2025-06,central,VST,2025,VST-PR,2.5 가솔린,FWD,스틸 그레이,58,60,205365,63773,111,58,88.5
2025-06,central,VST,2025,VST-PR,2.5 가솔린,FWD,실버,47,49,166859,51816,90,58,88.5
2025-06,central,VST,2025,VST-PR,2.5 가솔린,FWD,오션 블루,36,38,128353,39858,69,58,88.5
2025-06,central,VST,2025,VST-PR,2.5 가솔린,FWD,선셋 레드,29,30,102683,31887,55,58,88.5
2025-06,central,VST,2025,VST-PR,2.5 가솔린,FWD,포레스트 그린,18,19,64177,19929,35,58,88.5
2025-06,central,VST,2025,VST-PR,2.5 가솔린,FWD,샌드 베이지,18,19,64177,19929,35,58,88.5
2025-06,central,VST,2025,VST-PR,1.6T 하이브리드,AWD,스노우 화이트,72,75,255411,79314,137,58,88.5
2025-06,central,VST,2025,VST-PR,1.6T 하이브리드,AWD,미드나잇 블랙,57,59,202200,62790,109,58,88.5
2025-06,central,VST,2025,VST-PR,1.6T 하이브리드,AWD,스틸 그레이,48,50,170274,52876,92,58,88.5
2025-06,central,VST,2025,VST-PR,1.6T 하이브리드,AWD,실버,39,40,138347,42962,74,58,88.5
2025-06,central,VST,2025,VST-PR,1.6T 하이브리드,AWD,오션 블루,30,31,106421,33047,57,58,88.5
2025-06,central,VST,2025,VST-PR,1.6T 하이브리드,AWD,선셋 레드,24,25,85137,26438,46,58,88.5
2025-06,central,VST,2025,VST-PR,1.6T 하이브리드,AWD,포레스트 그린,15,16,53211,16524,29,58,88.5
2025-06,central,VST,2025,VST-PR,1.6T 하이브리드,AWD,샌드 베이지,15,16,53211,16524,29,58,88.5
2025-06,central,VST,2025,VST-PR,1.6T 하이브리드,FWD,스노우 화이트,68,70,238137,73950,128,58,88.5
2025-06,central,VST,2025,VST-PR,1.6T 하이브리드,FWD,미드나잇 블랙,53,55,188525,58543,101,58,88.5
2025-06,central,VST,2025,VST-PR,1.6T 하이브리드,FWD,스틸 그레이,45,46,158758,49300,85,58,88.5
2025-06,central,VST,2025,VST-PR,1.6T 하이브리드,FWD,실버,37,38,128991,40056,69,58,88.5
2025-06,central,VST,2025,VST-PR,1.6T 하이브리드,FWD,오션 블루,28,29,99224,30812,53,58,88.5
2025-06,central,VST,2025,VST-PR,1.6T 하이브리드,FWD,선셋 레드,23,23,79379,24650,43,58,88.5
2025-06,central,VST,2025,VST-PR,1.6T 하이브리드,FWD,포레스트 그린,14,15,49612,15406,27,58,88.5
2025-06,central,VST,2025,VST-PR,1.6T 하이브리드,FWD,샌드 베이지,14,15,49612,15406,27,58,88.5
2025-06,central,VST,2025,VST-TR,2.5 가솔린,AWD,스노우 화이트,38,40,154084,60895,73,58,88.5
2025-06,central,VST,2025,VST-TR,2.5 가솔린,AWD,미드나잇 블랙,30,31,121983,48208,58,58,88.5
2025-06,central,VST,2025,VST-TR,2.5 가솔린,AWD,스틸 그레이,26,26,102722,40596,48,58,88.5
2025-06,central,VST,2025,VST-TR,2.5 가솔린,AWD,실버,21,21,83462,32985,39,58,88.5
2025-06,central,VST,2025,VST-TR,2.5 가솔린,AWD,오션 블루,16,16,64202,25373,30,58,88.5
2025-06,central,VST,2025,VST-TR,2.5 가솔린,AWD,선셋 레드,13,13,51361,20298,24,58,88.5
2025-06,central,VST,2025,VST-TR,2.5 가솔린,AWD,포레스트 그린,8,8,32101,12686,15,58,88.5
2025-06,central,VST,2025,VST-TR,2.5 가솔린,AWD,샌드 베이지,8,8,32101,12686,15,58,88.5
2025-06,central,VST,2025,VST-TR,2.5 가솔린,FWD,스노우 화이트,36,37,143662,56776,68,58,88.5
2025-06,central,VST,2025,VST-TR,2.5 가솔린,FWD,미드나잇 블랙,28,29,113733,44948,54,58,88.5
2025-06,central,VST,2025,VST-TR,2.5 가솔린,FWD,스틸 그레이,24,25,95775,37851,45,58,88.5
2025-06,central,VST,2025,VST-TR,2.5 가솔린,FWD,실버,19,20,77817,30754,37,58,88.5
2025-06,central,VST,2025,VST-TR,2.5 가솔린,FWD,오션 블루,15,15,59859,23657,28,58,88.5
2025-06,central,VST,2025,VST-TR,2.5 가솔린,FWD,선셋 레드,12,12,47887,18925,23,58,88.5
2025-06,central,VST,2025,VST-TR,2.5 가솔린,FWD,포레스트 그린,7,8,29930,11828,14,58,88.5
2025-06,central,VST,2025,VST-TR,2.5 가솔린,FWD,샌드 베이지,7,8,29930,11828,14,58,88.5
2025-06,central,VST,2025,VST-TR,1.6T 하이브리드,AWD,스노우 화이트,30,31,119114,47075,56,58,88.5
2025-06,central,VST,2025,VST-TR,1.6T 하이브리드,AWD,미드나잇 블랙,23,24,94299,37267,45,58,88.5
2025-06,central,VST,2025,VST-TR,1.6T 하이브리드,AWD,스틸 그레이,20,20,79410,31383,37,58,88.5
2025-06,central,VST,2025,VST-TR,1.6T 하이브리드,AWD,실버,16,17,64520,25499,30,58,88.5
2025-06,central,VST,2025,VST-TR,1.6T 하이브리드,AWD,오션 블루,12,13,49631,19614,23,58,88.5
2025-06,central,VST,2025,VST-TR,1.6T 하이브리드,AWD,선셋 레드,10,10,39705,15692,19,58,88.5
2025-06,central,VST,2025,VST-TR,1.6T 하이브리드,AWD,포레스트 그린,6,6,24815,9807,12,58,88.5
2025-06,central,VST,2025,VST-TR,1.6T 하이브리드,AWD,샌드 베이지,6,6,24815,9807,12,58,88.5
2025-06,central,VST,2025,VST-TR,1.6T 하이브리드,FWD,스노우 화이트,28,29,111058,43891,52,58,88.5
2025-06,central,VST,2025,VST-TR,1.6T 하이브리드,FWD,미드나잇 블랙,22,23,87921,34747,42,58,88.5
2025-06,central,VST,2025,VST-TR,1.6T 하이브리드,FWD,스틸 그레이,18,19,74039,29261,35,58,88.5
2025-06,central,VST,2025,VST-TR,1.6T 하이브리드,FWD,실버,15,15,60157,23774,28,58,88.5
2025-06,central,VST,2025,VST-TR,1.6T 하이브리드,FWD,오션 블루,12,12,46274,18288,22,58,88.5
2025-06,central,VST,2025,VST-TR,1.6T 하이브리드,FWD,선셋 레드,9,10,37019,14630,17,58,88.5
2025-06,central,VST,2025,VST-TR,1.6T 하이브리드,FWD,포레스트 그린,6,6,23137,9144,11,58,88.5
2025-06,central,VST,2025,VST-TR,1.6T 하이브리드,FWD,샌드 베이지,6,6,23137,9144,11,58,88.5
2025-06,south,VST,2025,VST-CO,2.5 가솔린,AWD,스노우 화이트,66,68,212696,53297,124,58,88.5
2025-06,south,VST,2025,VST-CO,2.5 가솔린,AWD,미드나잇 블랙,52,54,168384,42194,98,58,88.5
2025-06,south,VST,2025,VST-CO,2.5 가솔린,AWD,스틸 그레이,44,45,141797,35532,83,58,88.5
2025-06,south,VST,2025,VST-CO,2.5 가솔린,AWD,실버,35,37,115210,28869,67,58,88.5
2025-06,south,VST,2025,VST-CO,2.5 가솔린,AWD,오션 블루,27,28,88623,22207,52,58,88.5
2025-06,south,VST,2025,VST-CO,2.5 가솔린,AWD,선셋 레드,22,23,70899,17766,41,58,88.5
2025-06,south,VST,2025,VST-CO,2.5 가솔린,AWD,포레스트 그린,14,14,44312,11104,26,58,88.5
2025-06,south,VST,2025,VST-CO,2.5 가솔린,AWD,샌드 베이지,14,14,44312,11104,26,58,88.5
2025-06,south,VST,2025,VST-CO,2.5 가솔린,FWD,스노우 화이트,137,141,443773,111201,260,58,88.5
2025-06,south,VST,2025,VST-CO,2.5 가솔린,FWD,미드나잇 블랙,108,112,351320,88034,205,58,88.5
2025-06,south,VST,2025,VST-CO,2.5 가솔린,FWD,스틸 그레이,91,94,295848,74134,173,58,88.5
2025-06,south,VST,2025,VST-CO,2.5 가솔린,FWD,실버,74,76,240377,60234,141,58,88.5
2025-06,south,VST,2025,VST-CO,2.5 가솔린,FWD,오션 블루,57,59,184905,46334,108,58,88.5
2025-06,south,VST,2025,VST-CO,2.5 가솔린,FWD,선셋 레드,46,47,147924,37067,87,58,88.5
2025-06,south,VST,2025,VST-CO,2.5 가솔린,FWD,포레스트 그린,28,29,92453,23167,54,58,88.5
2025-06,south,VST,2025,VST-CO,2.5 가솔린,FWD,샌드 베이지,28,29,92453,23167,54,58,88.5
2025-06,south,VST,2025,VST-CO,1.6T 하이브리드,AWD,스노우 화이트,51,52,164424,41202,96,58,88.5
2025-06,south,VST,2025,VST-CO,1.6T 하이브리드,AWD,미드나잇 블랙,40,41,130169,32618,76,58,88.5
2025-06,south,VST,2025,VST-CO,1.6T 하이브리드,AWD,스틸 그레이,34,35,109616,27468,64,58,88.5
2025-06,south,VST,2025,VST-CO,1.6T 하이브리드,AWD,실버,27,28,89063,22318,52,58,88.5
2025-06,south,VST,2025,VST-CO,1.6T 하이브리드,AWD,오션 블루,21,22,68510,17167,40,58,88.5
2025-06,south,VST,2025,VST-CO,1.6T 하이브리드,AWD,선셋 레드,17,17,54808,13734,32,58,88.5
2025-06,south,VST,2025,VST-CO,1.6T 하이브리드,AWD,포레스트 그린,11,11,34255,8584,20,58,88.5
2025-06,south,VST,2025,VST-CO,1.6T 하이브리드,AWD,샌드 베이지,11,11,34255,8584,20,58,88.5
2025-06,south,VST,2025,VST-CO,1.6T 하이브리드,FWD,스노우 화이트,106,109,343058,85964,201,58,88.5
2025-06,south,VST,2025,VST-CO,1.6T 하이브리드,FWD,미드나잇 블랙,84,86,271588,68055,159,58,88.5
2025-06,south,VST,2025,VST-CO,1.6T 하이브리드,FWD,스틸 그레이,70,73,228706,57309,134,58,88.5
2025-06,south,VST,2025,VST-CO,1.6T 하이브리드,FWD,실버,57,59,185823,46564,109,58,88.5
2025-06,south,VST,2025,VST-CO,1.6T 하이브리드,FWD,오션 블루,44,45,142941,35818,84,58,88.5
2025-06,south,VST,2025,VST-CO,1.6T 하이브리드,FWD,선셋 레드,35,36,114353,28655,67,58,88.5
2025-06,south,VST,2025,VST-CO,1.6T 하이브리드,FWD,포레스트 그린,22,23,71470,17909,42,58,88.5
2025-06,south,VST,2025,VST-CO,1.6T 하이브리드,FWD,샌드 베이지,22,23,71470,17909,42,58,88.5
2025-06,south,VST,2025,VST-PR,2.5 가솔린,AWD,스노우 화이트,76,78,267695,83128,144,58,88.5
2025-06,south,VST,2025,VST-PR,2.5 가솔린,AWD,미드나잇 블랙,60,62,211925,65810,114,58,88.5
2025-06,south,VST,2025,VST-PR,2.5 가솔린,AWD,스틸 그레이,51,52,178463,55419,96,58,88.5
2025-06,south,VST,2025,VST-PR,2.5 가솔린,AWD,실버,41,42,145001,45028,78,58,88.5
2025-06,south,VST,2025,VST-PR,2.5 가솔린,AWD,오션 블루,32,33,111540,34637,60,58,88.5
2025-06,south,VST,2025,VST-PR,2.5 가솔린,AWD,선셋 레드,25,26,89232,27709,48,58,88.5
2025-06,south,VST,2025,VST-PR,2.5 가솔린,AWD,포레스트 그린,16,16,55770,17318,30,58,88.5
2025-06,south,VST,2025,VST-PR,2.5 가솔린,AWD,샌드 베이지,16,16,55770,17318,30,58,88.5
2025-06,south,VST,2025,VST-PR,2.5 가솔린,FWD,스노우 화이트,158,163,558524,173441,301,58,88.5
2025-06,south,VST,2025,VST-PR,2.5 가솔린,FWD,미드나잇 블랙,125,129,442165,137307,238,58,88.5
2025-06,south,VST,2025,VST-PR,2.5 가솔린,FWD,스틸 그레이,106,109,372349,115627,200,58,88.5
2025-06,south,VST,2025,VST-PR,2.5 가솔린,FWD,실버,86,89,302534,93947,163,58,88.5
2025-06,south,VST,2025,VST-PR,2.5 가솔린,FWD,오션 블루,66,68,232718,72267,125,58,88.5
2025-06,south,VST,2025,VST-PR,2.5 가솔린,FWD,선셋 레드,53,54,186175,57814,100,58,88.5
2025-06,south,VST,2025,VST-PR,2.5 가솔린,FWD,포레스트 그린,33,34,116359,36134,63,58,88.5
2025-06,south,VST,2025,VST-PR,2.5 가솔린,FWD,샌드 베이지,33,34,116359,36134,63,58,88.5
2025-06,south,VST,2025,VST-PR,1.6T 하이브리드,AWD,스노우 화이트,59,61,206941,64262,111,58,88.5
2025-06,south,VST,2025,VST-PR,1.6T 하이브리드,AWD,미드나잇 블랙,46,48,163829,50874,88,58,88.5
2025-06,south,VST,2025,VST-PR,1.6T 하이브리드,AWD,스틸 그레이,39,40,137961,42842,74,58,88.5
2025-06,south,VST,2025,VST-PR,1.6T 하이브리드,AWD,실버,32,33,112093,34809,60,58,88.5
2025-06,south,VST,2025,VST-PR,1.6T 하이브리드,AWD,오션 블루,24,25,86226,26776,46,58,88.5
2025-06,south,VST,2025,VST-PR,1.6T 하이브리드,AWD,선셋 레드,20,20,68980,21421,37,58,88.5
2025-06,south,VST,2025,VST-PR,1.6T 하이브리드,AWD,포레스트 그린,12,13,43113,13388,23,58,88.5
2025-06,south,VST,2025,VST-PR,1.6T 하이브리드,AWD,샌드 베이지,12,13,43113,13388,23,58,88.5
2025-06,south,VST,2025,VST-PR,1.6T 하이브리드,FWD,스노우 화이트,122,126,431767,134078,232,58,88.5
2025-06,south,VST,2025,VST-PR,1.6T 하이브리드,FWD,미드나잇 블랙,97,100,341815,106145,184,58,88.5
2025-06,south,VST,2025,VST-PR,1.6T 하이브리드,FWD,스틸 그레이,82,84,287845,89386,155,58,88.5
2025-06,south,VST,2025,VST-PR,1.6T 하이브리드,FWD,실버,66,68,233874,72626,126,58,88.5
2025-06,south,VST,2025,VST-PR,1.6T 하이브리드,FWD,오션 블루,51,53,179903,55866,97,58,88.5
2025-06,south,VST,2025,VST-PR,1.6T 하이브리드,FWD,선셋 레드,41,42,143922,44693,77,58,88.5
2025-06,south,VST,2025,VST-PR,1.6T 하이브리드,FWD,포레스트 그린,25,26,89951,27933,48,58,88.5
2025-06,south,VST,2025,VST-PR,1.6T 하이브리드,FWD,샌드 베이지,25,26,89951,27933,48,58,88.5
2025-06,south,VST,2025,VST-TR,2.5 가솔린,AWD,스노우 화이트,31,32,124843,49339,59,58,88.5
2025-06,south,VST,2025,VST-TR,2.5 가솔린,AWD,미드나잇 블랙,25,25,98834,39060,47,58,88.5
2025-06,south,VST,2025,VST-TR,2.5 가솔린,AWD,스틸 그레이,21,21,83229,32892,39,58,88.5
2025-06,south,VST,2025,VST-TR,2.5 가솔린,AWD,실버,17,17,67623,26725,32,58,88.5
2025-06,south,VST,2025,VST-TR,2.5 가솔린,AWD,오션 블루,13,13,52018,20558,25,58,88.5
2025-06,south,VST,2025,VST-TR,2.5 가솔린,AWD,선셋 레드,10,11,41614,16446,20,58,88.5
2025-06,south,VST,2025,VST-TR,2.5 가솔린,AWD,포레스트 그린,6,7,26009,10279,12,58,88.5
2025-06,south,VST,2025,VST-TR,2.5 가솔린,AWD,샌드 베이지,6,7,26009,10279,12,58,88.5
2025-06,south,VST,2025,VST-TR,2.5 가솔린,FWD,스노우 화이트,65,67,260475,102941,123,58,88.5
2025-06,south,VST,2025,VST-TR,2.5 가솔린,FWD,미드나잇 블랙,51,53,206210,81495,97,58,88.5
2025-06,south,VST,2025,VST-TR,2.5 가솔린,FWD,스틸 그레이,43,45,173650,68628,82,58,88.5
2025-06,south,VST,2025,VST-TR,2.5 가솔린,FWD,실버,35,36,141091,55760,67,58,88.5
2025-06,south,VST,2025,VST-TR,2.5 가솔린,FWD,오션 블루,27,28,108531,42892,51,58,88.5
2025-06,south,VST,2025,VST-TR,2.5 가솔린,FWD,선셋 레드,22,22,86825,34314,41,58,88.5
2025-06,south,VST,2025,VST-TR,2.5 가솔린,FWD,포레스트 그린,13,14,54266,21446,26,58,88.5
2025-06,south,VST,2025,VST-TR,2.5 가솔린,FWD,샌드 베이지,13,14,54266,21446,26,58,88.5
2025-06,south,VST,2025,VST-TR,1.6T 하이브리드,AWD,스노우 화이트,24,25,96510,38141,46,58,88.5
2025-06,south,VST,2025,VST-TR,1.6T 하이브리드,AWD,미드나잇 블랙,19,20,76404,30195,36,58,88.5
2025-06,south,VST,2025,VST-TR,1.6T 하이브리드,AWD,스틸 그레이,16,17,64340,25428,30,58,88.5
2025-06,south,VST,2025,VST-TR,1.6T 하이브리드,AWD,실버,13,13,52276,20660,25,58,88.5
2025-06,south,VST,2025,VST-TR,1.6T 하이브리드,AWD,오션 블루,10,10,40212,15892,19,58,88.5
2025-06,south,VST,2025,VST-TR,1.6T 하이브리드,AWD,선셋 레드,8,8,32170,12714,15,58,88.5
2025-06,south,VST,2025,VST-TR,1.6T 하이브리드,AWD,포레스트 그린,5,5,20106,7946,9,58,88.5
2025-06,south,VST,2025,VST-TR,1.6T 하이브리드,AWD,샌드 베이지,5,5,20106,7946,9,58,88.5
2025-06,south,VST,2025,VST-TR,1.6T 하이브리드,FWD,스노우 화이트,50,52,201360,79579,95,58,88.5
2025-06,south,VST,2025,VST-TR,1.6T 하이브리드,FWD,미드나잇 블랙,40,41,159410,63000,75,58,88.5
2025-06,south,VST,2025,VST-TR,1.6T 하이브리드,FWD,스틸 그레이,33,34,134240,53052,63,58,88.5
2025-06,south,VST,2025,VST-TR,1.6T 하이브리드,FWD,실버,27,28,109070,43105,51,58,88.5
2025-06,south,VST,2025,VST-TR,1.6T 하이브리드,FWD,오션 블루,21,22,83900,33158,40,58,88.5
2025-06,south,VST,2025,VST-TR,1.6T 하이브리드,FWD,선셋 레드,17,17,67120,26526,32,58,88.5
2025-06,south,VST,2025,VST-TR,1.6T 하이브리드,FWD,포레스트 그린,10,11,41950,16579,20,58,88.5
2025-06,south,VST,2025,VST-TR,1.6T 하이브리드,FWD,샌드 베이지,10,11,41950,16579,20,58,88.5
2025-06,northeast,VST,2025,VST-CO,2.5 가솔린,AWD,스노우 화이트,91,94,296754,74361,174,58,88.5
2025-06,northeast,VST,2025,VST-CO,2.5 가솔린,AWD,미드나잇 블랙,72,75,234930,58869,137,58,88.5
2025-06,northeast,VST,2025,VST-CO,2.5 가솔린,AWD,스틸 그레이,61,63,197836,49574,116,58,88.5
2025-06,northeast,VST,2025,VST-CO,2.5 가솔린,AWD,실버,50,51,160742,40279,94,58,88.5
2025-06,northeast,VST,2025,VST-CO,2.5 가솔린,AWD,오션 블루,38,39,123647,30984,72,58,88.5
2025-06,northeast,VST,2025,VST-CO,2.5 가솔린,AWD,선셋 레드,30,31,98918,24787,58,58,88.5
2025-06,northeast,VST,2025,VST-CO,2.5 가솔린,AWD,포레스트 그린,19,20,61824,15492,36,58,88.5
2025-06,northeast,VST,2025,VST-CO,2.5 가솔린,AWD,샌드 베이지,19,20,61824,15492,36,58,88.5
2025-06,northeast,VST,2025,VST-CO,2.5 가솔린,FWD,스노우 화이트,65,67,210518,52752,123,58,88.5
2025-06,northeast,VST,2025,VST-CO,2.5 가솔린,FWD,미드나잇 블랙,51,53,166660,41762,97,58,88.5
2025-06,northeast,VST,2025,VST-CO,2.5 가솔린,FWD,스틸 그레이,43,45,140345,35168,82,58,88.5
2025-06,northeast,VST,2025,VST-CO,2.5 가솔린,FWD,실버,35,36,114030,28574,67,58,88.5
2025-06,northeast,VST,2025,VST-CO,2.5 가솔린,FWD,오션 블루,27,28,87716,21980,51,58,88.5
2025-06,northeast,VST,2025,VST-CO,2.5 가솔린,FWD,선셋 레드,22,22,70173,17584,41,58,88.5
2025-06,northeast,VST,2025,VST-CO,2.5 가솔린,FWD,포레스트 그린,14,14,43858,10990,26,58,88.5
2025-06,northeast,VST,2025,VST-CO,2.5 가솔린,FWD,샌드 베이지,14,14,43858,10990,26,58,88.5
2025-06,northeast,VST,2025,VST-CO,1.6T 하이브리드,AWD,스노우 화이트,71,73,229405,57485,134,58,88.5
2025-06,northeast,VST,2025,VST-CO,1.6T 하이브리드,AWD,미드나잇 블랙,56,58,181613,45509,106,58,88.5
2025-06,northeast,VST,2025,VST-CO,1.6T 하이브리드,AWD,스틸 그레이,47,49,152937,38323,89,58,88.5
2025-06,northeast,VST,2025,VST-CO,1.6T 하이브리드,AWD,실버,38,40,124261,31137,73,58,88.5
2025-06,northeast,VST,2025,VST-CO,1.6T 하이브리드,AWD,오션 블루,29,30,95586,23952,56,58,88.5
2025-06,northeast,VST,2025,VST-CO,1.6T 하이브리드,AWD,선셋 레드,24,24,76468,19162,45,58,88.5
2025-06,northeast,VST,2025,VST-CO,1.6T 하이브리드,AWD,포레스트 그린,15,15,47793,11976,28,58,88.5
2025-06,northeast,VST,2025,VST-CO,1.6T 하이브리드,AWD,샌드 베이지,15,15,47793,11976,28,58,88.5
2025-06,northeast,VST,2025,VST-CO,1.6T 하이브리드,FWD,스노우 화이트,50,52,162740,40780,95,58,88.5
2025-06,northeast,VST,2025,VST-CO,1.6T 하이브리드,FWD,미드나잇 블랙,40,41,128836,32284,75,58,88.5
2025-06,northeast,VST,2025,VST-CO,1.6T 하이브리드,FWD,스틸 그레이,33,35,108494,27186,63,58,88.5
2025-06,northeast,VST,2025,VST-CO,1.6T 하이브리드,FWD,실버,27,28,88151,22089,52,58,88.5
2025-06,northeast,VST,2025,VST-CO,1.6T 하이브리드,FWD,오션 블루,21,22,67809,16992,40,58,88.5
2025-06,northeast,VST,2025,VST-CO,1.6T 하이브리드,FWD,선셋 레드,17,17,54247,13593,32,58,88.5
2025-06,northeast,VST,2025,VST-CO,1.6T 하이브리드,FWD,포레스트 그린,10,11,33904,8496,20,58,88.5
2025-06,northeast,VST,2025,VST-CO,1.6T 하이브리드,FWD,샌드 베이지,10,11,33904,8496,20,58,88.5
2025-06,northeast,VST,2025,VST-PR,2.5 가솔린,AWD,스노우 화이트,106,109,373489,115981,201,58,88.5
2025-06,northeast,VST,2025,VST-PR,2.5 가솔린,AWD,미드나잇 블랙,84,87,295678,91818,159,58,88.5
2025-06,northeast,VST,2025,VST-PR,2.5 가솔린,AWD,스틸 그레이,71,73,248992,77321,134,58,88.5
2025-06,northeast,VST,2025,VST-PR,2.5 가솔린,AWD,실버,57,59,202306,62823,109,58,88.5
2025-06,northeast,VST,2025,VST-PR,2.5 가솔린,AWD,오션 블루,44,46,155620,48325,84,58,88.5
2025-06,northeast,VST,2025,VST-PR,2.5 가솔린,AWD,선셋 레드,35,36,124496,38660,67,58,88.5
2025-06,northeast,VST,2025,VST-PR,2.5 가솔린,AWD,포레스트 그린,22,23,77810,24163,42,58,88.5
2025-06,northeast,VST,2025,VST-PR,2.5 가솔린,AWD,샌드 베이지,22,23,77810,24163,42,58,88.5
2025-06,northeast,VST,2025,VST-PR,2.5 가솔린,FWD,스노우 화이트,75,78,264953,82277,143,58,88.5
2025-06,northeast,VST,2025,VST-PR,2.5 가솔린,FWD,미드나잇 블랙,59,61,209755,65136,113,58,88.5
2025-06,northeast,VST,2025,VST-PR,2.5 가솔린,FWD,스틸 그레이,50,52,176636,54851,95,58,88.5
2025-06,northeast,VST,2025,VST-PR,2.5 가솔린,FWD,실버,41,42,143516,44567,77,58,88.5
2025-06,northeast,VST,2025,VST-PR,2.5 가솔린,FWD,오션 블루,31,32,110397,34282,59,58,88.5
2025-06,northeast,VST,2025,VST-PR,2.5 가솔린,FWD,선셋 레드,25,26,88318,27426,48,58,88.5
2025-06,northeast,VST,2025,VST-PR,2.5 가솔린,FWD,포레스트 그린,16,16,55199,17141,30,58,88.5
2025-06,northeast,VST,2025,VST-PR,2.5 가솔린,FWD,샌드 베이지,16,16,55199,17141,30,58,88.5
2025-06,northeast,VST,2025,VST-PR,1.6T 하이브리드,AWD,스노우 화이트,82,84,288725,89659,155,58,88.5
2025-06,northeast,VST,2025,VST-PR,1.6T 하이브리드,AWD,미드나잇 블랙,65,67,228574,70980,123,58,88.5
2025-06,northeast,VST,2025,VST-PR,1.6T 하이브리드,AWD,스틸 그레이,55,56,192483,59773,104,58,88.5
2025-06,northeast,VST,2025,VST-PR,1.6T 하이브리드,AWD,실버,44,46,156393,48565,84,58,88.5
2025-06,northeast,VST,2025,VST-PR,1.6T 하이브리드,AWD,오션 블루,34,35,120302,37358,65,58,88.5
2025-06,northeast,VST,2025,VST-PR,1.6T 하이브리드,AWD,선셋 레드,27,28,96242,29886,52,58,88.5
2025-06,northeast,VST,2025,VST-PR,1.6T 하이브리드,AWD,포레스트 그린,17,18,60151,18679,32,58,88.5
2025-06,northeast,VST,2025,VST-PR,1.6T 하이브리드,AWD,샌드 베이지,17,18,60151,18679,32,58,88.5
2025-06,northeast,VST,2025,VST-PR,1.6T 하이브리드,FWD,스노우 화이트,58,60,204822,63604,110,58,88.5
2025-06,northeast,VST,2025,VST-PR,1.6T 하이브리드,FWD,미드나잇 블랙,46,47,162151,50353,87,58,88.5
2025-06,northeast,VST,2025,VST-PR,1.6T 하이브리드,FWD,스틸 그레이,39,40,136548,42403,73,58,88.5
2025-06,northeast,VST,2025,VST-PR,1.6T 하이브리드,FWD,실버,31,32,110945,34452,60,58,88.5
2025-06,northeast,VST,2025,VST-PR,1.6T 하이브리드,FWD,오션 블루,24,25,85343,26502,46,58,88.5
2025-06,northeast,VST,2025,VST-PR,1.6T 하이브리드,FWD,선셋 레드,19,20,68274,21201,37,58,88.5
2025-06,northeast,VST,2025,VST-PR,1.6T 하이브리드,FWD,포레스트 그린,12,12,42671,13251,23,58,88.5
2025-06,northeast,VST,2025,VST-PR,1.6T 하이브리드,FWD,샌드 베이지,12,12,42671,13251,23,58,88.5
2025-06,northeast,VST,2025,VST-TR,2.5 가솔린,AWD,스노우 화이트,43,45,174181,68837,82,58,88.5
2025-06,northeast,VST,2025,VST-TR,2.5 가솔린,AWD,미드나잇 블랙,34,35,137894,54496,65,58,88.5
2025-06,northeast,VST,2025,VST-TR,2.5 가솔린,AWD,스틸 그레이,29,30,116121,45892,55,58,88.5
2025-06,northeast,VST,2025,VST-TR,2.5 가솔린,AWD,실버,23,24,94348,37287,45,58,88.5
2025-06,northeast,VST,2025,VST-TR,2.5 가솔린,AWD,오션 블루,18,19,72576,28682,34,58,88.5
2025-06,northeast,VST,2025,VST-TR,2.5 가솔린,AWD,선셋 레드,14,15,58060,22946,27,58,88.5
2025-06,northeast,VST,2025,VST-TR,2.5 가솔린,AWD,포레스트 그린,9,9,36288,14341,17,58,88.5
2025-06,northeast,VST,2025,VST-TR,2.5 가솔린,AWD,샌드 베이지,9,9,36288,14341,17,58,88.5
2025-06,northeast,VST,2025,VST-TR,2.5 가솔린,FWD,스노우 화이트,31,32,123565,48833,58,58,88.5
2025-06,northeast,VST,2025,VST-TR,2.5 가솔린,FWD,미드나잇 블랙,24,25,97822,38660,46,58,88.5
2025-06,northeast,VST,2025,VST-TR,2.5 가솔린,FWD,스틸 그레이,20,21,82376,32556,39,58,88.5
2025-06,northeast,VST,2025,VST-TR,2.5 가솔린,FWD,실버,17,17,66931,26451,32,58,88.5
2025-06,northeast,VST,2025,VST-TR,2.5 가솔린,FWD,오션 블루,13,13,51485,20347,24,58,88.5
2025-06,northeast,VST,2025,VST-TR,2.5 가솔린,FWD,선셋 레드,10,11,41188,16278,19,58,88.5
2025-06,northeast,VST,2025,VST-TR,2.5 가솔린,FWD,포레스트 그린,6,7,25743,10174,12,58,88.5
2025-06,northeast,VST,2025,VST-TR,2.5 가솔린,FWD,샌드 베이지,6,7,25743,10174,12,58,88.5
2025-06,northeast,VST,2025,VST-TR,1.6T 하이브리드,AWD,스노우 화이트,33,35,134651,53215,64,58,88.5
2025-06,northeast,VST,2025,VST-TR,1.6T 하이브리드,AWD,미드나잇 블랙,27,27,106599,42128,50,58,88.5
2025-06,northeast,VST,2025,VST-TR,1.6T 하이브리드,AWD,스틸 그레이,22,23,89767,35477,42,58,88.5
2025-06,northeast,VST,2025,VST-TR,1.6T 하이브리드,AWD,실버,18,19,72936,28825,34,58,88.5
2025-06,northeast,VST,2025,VST-TR,1.6T 하이브리드,AWD,오션 블루,14,14,56105,22173,26,58,88.5
2025-06,northeast,VST,2025,VST-TR,1.6T 하이브리드,AWD,선셋 레드,11,12,44884,17738,21,58,88.5
2025-06,northeast,VST,2025,VST-TR,1.6T 하이브리드,AWD,포레스트 그린,7,7,28052,11086,13,58,88.5
2025-06,northeast,VST,2025,VST-TR,1.6T 하이브리드,AWD,샌드 베이지,7,7,28052,11086,13,58,88.5
2025-06,northeast,VST,2025,VST-TR,1.6T 하이브리드,FWD,스노우 화이트,24,25,95522,37751,45,58,88.5
2025-06,northeast,VST,2025,VST-TR,1.6T 하이브리드,FWD,미드나잇 블랙,19,19,75621,29886,36,58,88.5
2025-06,northeast,VST,2025,VST-TR,1.6T 하이브리드,FWD,스틸 그레이,16,16,63681,25167,30,58,88.5
2025-06,northeast,VST,2025,VST-TR,1.6T 하이브리드,FWD,실버,13,13,51741,20448,24,58,88.5
2025-06,northeast,VST,2025,VST-TR,1.6T 하이브리드,FWD,오션 블루,10,10,39801,15729,19,58,88.5
2025-06,northeast,VST,2025,VST-TR,1.6T 하이브리드,FWD,선셋 레드,8,8,31841,12584,15,58,88.5
2025-06,northeast,VST,2025,VST-TR,1.6T 하이브리드,FWD,포레스트 그린,5,5,19900,7865,9,58,88.5
2025-06,northeast,VST,2025,VST-TR,1.6T 하이브리드,FWD,샌드 베이지,5,5,19900,7865,9,58,88.5
2025-06,southeast,VST,2025,VST-CO,2.5 가솔린,AWD,스노우 화이트,63,65,205445,51481,120,58,88.5
2025-06,southeast,VST,2025,VST-CO,2.5 가솔린,AWD,미드나잇 블랙,50,52,162644,40755,95,58,88.5
2025-06,southeast,VST,2025,VST-CO,2.5 가솔린,AWD,스틸 그레이,42,44,136963,34320,80,58,88.5
2025-06,southeast,VST,2025,VST-CO,2.5 가솔린,AWD,실버,34,35,111283,27885,65,58,88.5
2025-06,southeast,VST,2025,VST-CO,2.5 가솔린,AWD,오션 블루,26,27,85602,21450,50,58,88.5
2025-06,southeast,VST,2025,VST-CO,2.5 가솔린,AWD,선셋 레드,21,22,68482,17160,40,58,88.5
2025-06,southeast,VST,2025,VST-CO,2.5 가솔린,AWD,포레스트 그린,13,14,42801,10725,25,58,88.5
2025-06,southeast,VST,2025,VST-CO,2.5 가솔린,AWD,샌드 베이지,13,14,42801,10725,25,58,88.5
2025-06,southeast,VST,2025,VST-CO,2.5 가솔린,FWD,스노우 화이트,102,105,331666,83109,194,58,88.5
2025-06,southeast,VST,2025,VST-CO,2.5 가솔린,FWD,미드나잇 블랙,81,84,262569,65795,154,58,88.5
2025-06,southeast,VST,2025,VST-CO,2.5 가솔린,FWD,스틸 그레이,68,70,221111,55406,129,58,88.5
2025-06,southeast,VST,2025,VST-CO,2.5 가솔린,FWD,실버,55,57,179652,45017,105,58,88.5
2025-06,southeast,VST,2025,VST-CO,2.5 가솔린,FWD,오션 블루,43,44,138194,34629,81,58,88.5
2025-06,southeast,VST,2025,VST-CO,2.5 가솔린,FWD,선셋 레드,34,35,110555,27703,65,58,88.5
2025-06,southeast,VST,2025,VST-CO,2.5 가솔린,FWD,포레스트 그린,21,22,69097,17314,40,58,88.5
2025-06,southeast,VST,2025,VST-CO,2.5 가솔린,FWD,샌드 베이지,21,22,69097,17314,40,58,88.5
2025-06,southeast,VST,2025,VST-CO,1.6T 하이브리드,AWD,스노우 화이트,49,51,158819,39797,93,58,88.5
2025-06,southeast,VST,2025,VST-CO,1.6T 하이브리드,AWD,미드나잇 블랙,39,40,125732,31506,74,58,88.5
2025-06,southeast,VST,2025,VST-CO,1.6T 하이브리드,AWD,스틸 그레이,33,34,105879,26531,62,58,88.5
2025-06,southeast,VST,2025,VST-CO,1.6T 하이브리드,AWD,실버,27,27,86027,21557,50,58,88.5
2025-06,southeast,VST,2025,VST-CO,1.6T 하이브리드,AWD,오션 블루,20,21,66175,16582,39,58,88.5
2025-06,southeast,VST,2025,VST-CO,1.6T 하이브리드,AWD,선셋 레드,16,17,52940,13266,31,58,88.5
2025-06,southeast,VST,2025,VST-CO,1.6T 하이브리드,AWD,포레스트 그린,10,11,33087,8291,19,58,88.5
2025-06,southeast,VST,2025,VST-CO,1.6T 하이브리드,AWD,샌드 베이지,10,11,33087,8291,19,58,88.5
2025-06,southeast,VST,2025,VST-CO,1.6T 하이브리드,FWD,스노우 화이트,79,82,256394,64247,150,58,88.5
2025-06,southeast,VST,2025,VST-CO,1.6T 하이브리드,FWD,미드나잇 블랙,63,65,202979,50863,119,58,88.5
2025-06,southeast,VST,2025,VST-CO,1.6T 하이브리드,FWD,스틸 그레이,53,54,170929,42832,100,58,88.5
2025-06,southeast,VST,2025,VST-CO,1.6T 하이브리드,FWD,실버,43,44,138880,34801,81,58,88.5
2025-06,southeast,VST,2025,VST-CO,1.6T 하이브리드,FWD,오션 블루,33,34,106831,26770,62,58,88.5
2025-06,southeast,VST,2025,VST-CO,1.6T 하이브리드,FWD,선셋 레드,26,27,85465,21416,50,58,88.5
2025-06,southeast,VST,2025,VST-CO,1.6T 하이브리드,FWD,포레스트 그린,16,17,53415,13385,31,58,88.5
2025-06,southeast,VST,2025,VST-CO,1.6T 하이브리드,FWD,샌드 베이지,16,17,53415,13385,31,58,88.5
2025-06,southeast,VST,2025,VST-PR,2.5 가솔린,AWD,스노우 화이트,73,76,258569,80295,139,58,88.5
2025-06,southeast,VST,2025,VST-PR,2.5 가솔린,AWD,미드나잇 블랙,58,60,204700,63566,110,58,88.5
2025-06,southeast,VST,2025,VST-PR,2.5 가솔린,AWD,스틸 그레이,49,50,172379,53530,93,58,88.5
2025-06,southeast,VST,2025,VST-PR,2.5 가솔린,AWD,실버,40,41,140058,43493,75,58,88.5
2025-06,southeast,VST,2025,VST-PR,2.5 가솔린,AWD,오션 블루,31,32,107737,33456,58,58,88.5
2025-06,southeast,VST,2025,VST-PR,2.5 가솔린,AWD,선셋 레드,24,25,86190,26765,46,58,88.5
2025-06,southeast,VST,2025,VST-PR,2.5 가솔린,AWD,포레스트 그린,15,16,53869,16728,29,58,88.5
2025-06,southeast,VST,2025,VST-PR,2.5 가솔린,AWD,샌드 베이지,15,16,53869,16728,29,58,88.5
2025-06,southeast,VST,2025,VST-PR,2.5 가솔린,FWD,스노우 화이트,118,122,417428,129626,225,58,88.5
2025-06,southeast,VST,2025,VST-PR,2.5 가솔린,FWD,미드나잇 블랙,94,97,330464,102620,178,58,88.5
2025-06,southeast,VST,2025,VST-PR,2.5 가솔린,FWD,스틸 그레이,79,81,278286,86417,150,58,88.5
2025-06,southeast,VST,2025,VST-PR,2.5 가솔린,FWD,실버,64,66,226107,70214,122,58,88.5
2025-06,southeast,VST,2025,VST-PR,2.5 가솔린,FWD,오션 블루,49,51,173928,54011,94,58,88.5
2025-06,southeast,VST,2025,VST-PR,2.5 가솔린,FWD,선셋 레드,39,41,139143,43209,75,58,88.5
2025-06,southeast,VST,2025,VST-PR,2.5 가솔린,FWD,포레스트 그린,25,25,86964,27005,47,58,88.5
2025-06,southeast,VST,2025,VST-PR,2.5 가솔린,FWD,샌드 베이지,25,25,86964,27005,47,58,88.5
2025-06,southeast,VST,2025,VST-PR,1.6T 하이브리드,AWD,스노우 화이트,57,58,199887,62072,108,58,88.5
2025-06,southeast,VST,2025,VST-PR,1.6T 하이브리드,AWD,미드나잇 블랙,45,46,158244,49140,85,58,88.5
2025-06,southeast,VST,2025,VST-PR,1.6T 하이브리드,AWD,스틸 그레이,38,39,133258,41381,72,58,88.5
2025-06,southeast,VST,2025,VST-PR,1.6T 하이브리드,AWD,실버,31,32,108272,33622,58,58,88.5
2025-06,southeast,VST,2025,VST-PR,1.6T 하이브리드,AWD,오션 블루,24,24,83286,25863,45,58,88.5
2025-06,southeast,VST,2025,VST-PR,1.6T 하이브리드,AWD,선셋 레드,19,19,66629,20691,36,58,88.5
2025-06,southeast,VST,2025,VST-PR,1.6T 하이브리드,AWD,포레스트 그린,12,12,41643,12932,22,58,88.5
2025-06,southeast,VST,2025,VST-PR,1.6T 하이브리드,AWD,샌드 베이지,12,12,41643,12932,22,58,88.5
2025-06,southeast,VST,2025,VST-PR,1.6T 하이브리드,FWD,스노우 화이트,91,94,322693,100207,174,58,88.5
2025-06,southeast,VST,2025,VST-PR,1.6T 하이브리드,FWD,미드나잇 블랙,72,75,255465,79331,137,58,88.5
2025-06,southeast,VST,2025,VST-PR,1.6T 하이브리드,FWD,스틸 그레이,61,63,215129,66805,116,58,88.5
2025-06,southeast,VST,2025,VST-PR,1.6T 하이브리드,FWD,실버,50,51,174792,54279,94,58,88.5
2025-06,southeast,VST,2025,VST-PR,1.6T 하이브리드,FWD,오션 블루,38,39,134455,41753,72,58,88.5
2025-06,southeast,VST,2025,VST-PR,1.6T 하이브리드,FWD,선셋 레드,30,31,107564,33402,58,58,88.5
2025-06,southeast,VST,2025,VST-PR,1.6T 하이브리드,FWD,포레스트 그린,19,20,67228,20876,36,58,88.5
2025-06,southeast,VST,2025,VST-PR,1.6T 하이브리드,FWD,샌드 베이지,19,20,67228,20876,36,58,88.5
2025-06,southeast,VST,2025,VST-TR,2.5 가솔린,AWD,스노우 화이트,30,31,120587,47657,57,58,88.5
2025-06,southeast,VST,2025,VST-TR,2.5 가솔린,AWD,미드나잇 블랙,24,25,95465,37728,45,58,88.5
2025-06,southeast,VST,2025,VST-TR,2.5 가솔린,AWD,스틸 그레이,20,21,80391,31771,38,58,88.5
2025-06,southeast,VST,2025,VST-TR,2.5 가솔린,AWD,실버,16,17,65318,25814,31,58,88.5
2025-06,southeast,VST,2025,VST-TR,2.5 가솔린,AWD,오션 블루,12,13,50245,19857,24,58,88.5
2025-06,southeast,VST,2025,VST-TR,2.5 가솔린,AWD,선셋 레드,10,10,40196,15886,19,58,88.5
2025-06,southeast,VST,2025,VST-TR,2.5 가솔린,AWD,포레스트 그린,6,6,25122,9928,12,58,88.5
2025-06,southeast,VST,2025,VST-TR,2.5 가솔린,AWD,샌드 베이지,6,6,25122,9928,12,58,88.5
2025-06,southeast,VST,2025,VST-TR,2.5 가솔린,FWD,스노우 화이트,48,50,194673,76936,92,58,88.5
2025-06,southeast,VST,2025,VST-TR,2.5 가솔린,FWD,미드나잇 블랙,38,40,154116,60908,73,58,88.5
2025-06,southeast,VST,2025,VST-TR,2.5 가솔린,FWD,스틸 그레이,32,33,129782,51291,61,58,88.5
2025-06,southeast,VST,2025,VST-TR,2.5 가솔린,FWD,실버,26,27,105448,41674,50,58,88.5
2025-06,southeast,VST,2025,VST-TR,2.5 가솔린,FWD,오션 블루,20,21,81114,32057,38,58,88.5
2025-06,southeast,VST,2025,VST-TR,2.5 가솔린,FWD,선셋 레드,16,17,64891,25645,31,58,88.5
2025-06,southeast,VST,2025,VST-TR,2.5 가솔린,FWD,포레스트 그린,10,10,40557,16028,19,58,88.5
2025-06,southeast,VST,2025,VST-TR,2.5 가솔린,FWD,샌드 베이지,10,10,40557,16028,19,58,88.5
2025-06,southeast,VST,2025,VST-TR,1.6T 하이브리드,AWD,스노우 화이트,23,24,93220,36841,44,58,88.5
2025-06,southeast,VST,2025,VST-TR,1.6T 하이브리드,AWD,미드나잇 블랙,18,19,73799,29166,35,58,88.5
2025-06,southeast,VST,2025,VST-TR,1.6T 하이브리드,AWD,스틸 그레이,15,16,62147,24561,29,58,88.5
2025-06,southeast,VST,2025,VST-TR,1.6T 하이브리드,AWD,실버,13,13,50494,19956,24,58,88.5
2025-06,southeast,VST,2025,VST-TR,1.6T 하이브리드,AWD,오션 블루,10,10,38842,15350,18,58,88.5
2025-06,southeast,VST,2025,VST-TR,1.6T 하이브리드,AWD,선셋 레드,8,8,31073,12280,15,58,88.5
2025-06,southeast,VST,2025,VST-TR,1.6T 하이브리드,AWD,포레스트 그린,5,5,19421,7675,9,58,88.5
2025-06,southeast,VST,2025,VST-TR,1.6T 하이브리드,AWD,샌드 베이지,5,5,19421,7675,9,58,88.5
2025-06,southeast,VST,2025,VST-TR,1.6T 하이브리드,FWD,스노우 화이트,37,39,150492,59475,71,58,88.5
2025-06,southeast,VST,2025,VST-TR,1.6T 하이브리드,FWD,미드나잇 블랙,30,31,119140,47085,56,58,88.5
2025-06,southeast,VST,2025,VST-TR,1.6T 하이브리드,FWD,스틸 그레이,25,26,100328,39650,47,58,88.5
2025-06,southeast,VST,2025,VST-TR,1.6T 하이브리드,FWD,실버,20,21,81517,32216,38,58,88.5
2025-06,southeast,VST,2025,VST-TR,1.6T 하이브리드,FWD,오션 블루,16,16,62705,24781,30,58,88.5
2025-06,southeast,VST,2025,VST-TR,1.6T 하이브리드,FWD,선셋 레드,12,13,50164,19825,24,58,88.5
2025-06,southeast,VST,2025,VST-TR,1.6T 하이브리드,FWD,포레스트 그린,8,8,31353,12391,15,58,88.5
2025-06,southeast,VST,2025,VST-TR,1.6T 하이브리드,FWD,샌드 베이지,8,8,31353,12391,15,58,88.5
2025-06,west,AUR,2025,AUR-AI,스탠다드 레인지,AWD,스노우 화이트,33,33,94728,5640,67,62,88.5
2025-06,west,AUR,2025,AUR-AI,스탠다드 레인지,AWD,미드나잇 블랙,26,26,74993,4465,53,62,88.5
2025-06,west,AUR,2025,AUR-AI,스탠다드 레인지,AWD,스틸 그레이,22,22,63152,3760,45,62,88.5
2025-06,west,AUR,2025,AUR-AI,스탠다드 레인지,AWD,실버,18,18,51311,3055,36,62,88.5
2025-06,west,AUR,2025,AUR-AI,스탠다드 레인지,AWD,오션 블루,14,14,39470,2350,28,62,88.5
2025-06,west,AUR,2025,AUR-AI,스탠다드 레인지,AWD,선셋 레드,11,11,31576,1880,22,62,88.5
2025-06,west,AUR,2025,AUR-AI,스탠다드 레인지,AWD,포레스트 그린,7,7,19735,1175,14,62,88.5
2025-06,west,AUR,2025,AUR-AI,스탠다드 레인지,AWD,샌드 베이지,7,7,19735,1175,14,62,88.5
2025-06,west,AUR,2025,AUR-AI,스탠다드 레인지,FWD,스노우 화이트,27,27,77504,4614,55,62,88.5
2025-06,west,AUR,2025,AUR-AI,스탠다드 레인지,FWD,미드나잇 블랙,21,21,61358,3653,44,62,88.5
2025-06,west,AUR,2025,AUR-AI,스탠다드 레인지,FWD,스틸 그레이,18,18,51670,3076,37,62,88.5
2025-06,west,AUR,2025,AUR-AI,스탠다드 레인지,FWD,실버,15,15,41982,2499,30,62,88.5
2025-06,west,AUR,2025,AUR-AI,스탠다드 레인지,FWD,오션 블루,11,11,32294,1923,23,62,88.5
2025-06,west,AUR,2025,AUR-AI,스탠다드 레인지,FWD,선셋 레드,9,9,25835,1538,18,62,88.5
2025-06,west,AUR,2025,AUR-AI,스탠다드 레인지,FWD,포레스트 그린,6,6,16147,961,11,62,88.5
2025-06,west,AUR,2025,AUR-AI,스탠다드 레인지,FWD,샌드 베이지,6,6,16147,961,11,62,88.5
2025-06,west,AUR,2025,AUR-AI,롱레인지,AWD,스노우 화이트,60,61,174385,10382,124,62,88.5
2025-06,west,AUR,2025,AUR-AI,롱레인지,AWD,미드나잇 블랙,48,48,138055,8219,98,62,88.5
2025-06,west,AUR,2025,AUR-AI,롱레인지,AWD,스틸 그레이,40,41,116257,6921,83,62,88.5
2025-06,west,AUR,2025,AUR-AI,롱레인지,AWD,실버,33,33,94459,5624,67,62,88.5
2025-06,west,AUR,2025,AUR-AI,롱레인지,AWD,오션 블루,25,25,72660,4326,52,62,88.5
2025-06,west,AUR,2025,AUR-AI,롱레인지,AWD,선셋 레드,20,20,58128,3461,41,62,88.5
2025-06,west,AUR,2025,AUR-AI,롱레인지,AWD,포레스트 그린,13,13,36330,2163,26,62,88.5
2025-06,west,AUR,2025,AUR-AI,롱레인지,AWD,샌드 베이지,13,13,36330,2163,26,62,88.5
2025-06,west,AUR,2025,AUR-AI,롱레인지,FWD,스노우 화이트,49,50,142679,8494,101,62,88.5
2025-06,west,AUR,2025,AUR-AI,롱레인지,FWD,미드나잇 블랙,39,39,112954,6725,80,62,88.5
2025-06,west,AUR,2025,AUR-AI,롱레인지,FWD,스틸 그레이,33,33,95119,5663,68,62,88.5
2025-06,west,AUR,2025,AUR-AI,롱레인지,FWD,실버,27,27,77284,4601,55,62,88.5
2025-06,west,AUR,2025,AUR-AI,롱레인지,FWD,오션 블루,21,21,59449,3539,42,62,88.5
2025-06,west,AUR,2025,AUR-AI,롱레인지,FWD,선셋 레드,16,17,47560,2831,34,62,88.5
2025-06,west,AUR,2025,AUR-AI,롱레인지,FWD,포레스트 그린,10,10,29725,1770,21,62,88.5
2025-06,west,AUR,2025,AUR-AI,롱레인지,FWD,샌드 베이지,10,10,29725,1770,21,62,88.5
2025-06,west,AUR,2025,AUR-RA,스탠다드 레인지,AWD,스노우 화이트,38,38,119223,16068,78,62,88.5
2025-06,west,AUR,2025,AUR-RA,스탠다드 레인지,AWD,미드나잇 블랙,30,30,94384,12720,62,62,88.5
2025-06,west,AUR,2025,AUR-RA,스탠다드 레인지,AWD,스틸 그레이,25,26,79482,10712,52,62,88.5
2025-06,west,AUR,2025,AUR-RA,스탠다드 레인지,AWD,실버,21,21,64579,8703,42,62,88.5
2025-06,west,AUR,2025,AUR-RA,스탠다드 레인지,AWD,오션 블루,16,16,49676,6695,32,62,88.5
2025-06,west,AUR,2025,AUR-RA,스탠다드 레인지,AWD,선셋 레드,13,13,39741,5356,26,62,88.5
2025-06,west,AUR,2025,AUR-RA,스탠다드 레인지,AWD,포레스트 그린,8,8,24838,3347,16,62,88.5
2025-06,west,AUR,2025,AUR-RA,스탠다드 레인지,AWD,샌드 베이지,8,8,24838,3347,16,62,88.5
2025-06,west,AUR,2025,AUR-RA,스탠다드 레인지,FWD,스노우 화이트,31,31,97546,13146,64,62,88.5
2025-06,west,AUR,2025,AUR-RA,스탠다드 레인지,FWD,미드나잇 블랙,25,25,77224,10408,50,62,88.5
2025-06,west,AUR,2025,AUR-RA,스탠다드 레인지,FWD,스틸 그레이,21,21,65030,8764,42,62,88.5
2025-06,west,AUR,2025,AUR-RA,스탠다드 레인지,FWD,실버,17,17,52837,7121,35,62,88.5
2025-06,west,AUR,2025,AUR-RA,스탠다드 레인지,FWD,오션 블루,13,13,40644,5478,27,62,88.5
2025-06,west,AUR,2025,AUR-RA,스탠다드 레인지,FWD,선셋 레드,10,10,32515,4382,21,62,88.5
2025-06,west,AUR,2025,AUR-RA,스탠다드 레인지,FWD,포레스트 그린,6,7,20322,2739,13,62,88.5
2025-06,west,AUR,2025,AUR-RA,스탠다드 레인지,FWD,샌드 베이지,6,7,20322,2739,13,62,88.5
2025-06,west,AUR,2025,AUR-RA,롱레인지,AWD,스노우 화이트,70,70,219478,29580,143,62,88.5
2025-06,west,AUR,2025,AUR-RA,롱레인지,AWD,미드나잇 블랙,55,56,173753,23417,113,62,88.5
2025-06,west,AUR,2025,AUR-RA,롱레인지,AWD,스틸 그레이,47,47,146319,19720,96,62,88.5
2025-06,west,AUR,2025,AUR-RA,롱레인지,AWD,실버,38,38,118884,16022,78,62,88.5
2025-06,west,AUR,2025,AUR-RA,롱레인지,AWD,오션 블루,29,29,91449,12325,60,62,88.5
2025-06,west,AUR,2025,AUR-RA,롱레인지,AWD,선셋 레드,23,23,73159,9860,48,62,88.5
2025-06,west,AUR,2025,AUR-RA,롱레인지,AWD,포레스트 그린,15,15,45725,6162,30,62,88.5
2025-06,west,AUR,2025,AUR-RA,롱레인지,AWD,샌드 베이지,15,15,45725,6162,30,62,88.5
2025-06,west,AUR,2025,AUR-RA,롱레인지,FWD,스노우 화이트,57,58,179573,24201,117,62,88.5
2025-06,west,AUR,2025,AUR-RA,롱레인지,FWD,미드나잇 블랙,45,46,142162,19160,93,62,88.5
2025-06,west,AUR,2025,AUR-RA,롱레인지,FWD,스틸 그레이,38,38,119715,16134,78,62,88.5
2025-06,west,AUR,2025,AUR-RA,롱레인지,FWD,실버,31,31,97269,13109,64,62,88.5
2025-06,west,AUR,2025,AUR-RA,롱레인지,FWD,오션 블루,24,24,74822,10084,49,62,88.5
2025-06,west,AUR,2025,AUR-RA,롱레인지,FWD,선셋 레드,19,19,59858,8067,39,62,88.5
2025-06,west,AUR,2025,AUR-RA,롱레인지,FWD,포레스트 그린,12,12,37411,5042,24,62,88.5
2025-06,west,AUR,2025,AUR-RA,롱레인지,FWD,샌드 베이지,12,12,37411,5042,24,62,88.5
2025-06,west,AUR,2025,AUR-MA,스탠다드 레인지,AWD,스노우 화이트,16,16,55601,13401,32,62,88.5
2025-06,west,AUR,2025,AUR-MA,스탠다드 레인지,AWD,미드나잇 블랙,12,12,44017,10609,25,62,88.5
2025-06,west,AUR,2025,AUR-MA,스탠다드 레인지,AWD,스틸 그레이,10,10,37067,8934,21,62,88.5
2025-06,west,AUR,2025,AUR-MA,스탠다드 레인지,AWD,실버,8,8,30117,7259,17,62,88.5
2025-06,west,AUR,2025,AUR-MA,스탠다드 레인지,AWD,오션 블루,6,7,23167,5584,13,62,88.5
2025-06,west,AUR,2025,AUR-MA,스탠다드 레인지,AWD,선셋 레드,5,5,18534,4467,11,62,88.5
2025-06,west,AUR,2025,AUR-MA,스탠다드 레인지,AWD,포레스트 그린,3,3,11584,2792,7,62,88.5
2025-06,west,AUR,2025,AUR-MA,스탠다드 레인지,AWD,샌드 베이지,3,3,11584,2792,7,62,88.5
2025-06,west,AUR,2025,AUR-MA,스탠다드 레인지,FWD,스노우 화이트,13,13,45492,10965,26,62,88.5
2025-06,west,AUR,2025,AUR-MA,스탠다드 레인지,FWD,미드나잇 블랙,10,10,36014,8680,21,62,88.5
2025-06,west,AUR,2025,AUR-MA,스탠다드 레인지,FWD,스틸 그레이,8,9,30328,7310,17,62,88.5
2025-06,west,AUR,2025,AUR-MA,스탠다드 레인지,FWD,실버,7,7,24641,5939,14,62,88.5
2025-06,west,AUR,2025,AUR-MA,스탠다드 레인지,FWD,오션 블루,5,5,18955,4569,11,62,88.5
2025-06,west,AUR,2025,AUR-MA,스탠다드 레인지,FWD,선셋 레드,4,4,15164,3655,9,62,88.5
2025-06,west,AUR,2025,AUR-MA,스탠다드 레인지,FWD,포레스트 그린,3,3,9477,2284,5,54,88.5
2025-06,west,AUR,2025,AUR-MA,스탠다드 레인지,FWD,샌드 베이지,3,3,9477,2284,5,54,88.5
2025-06,west,AUR,2025,AUR-MA,롱레인지,AWD,스노우 화이트,29,29,102356,24671,59,62,88.5
2025-06,west,AUR,2025,AUR-MA,롱레인지,AWD,미드나잇 블랙,23,23,81032,19531,46,62,88.5
2025-06,west,AUR,2025,AUR-MA,롱레인지,AWD,스틸 그레이,19,19,68238,16447,39,62,88.5
2025-06,west,AUR,2025,AUR-MA,롱레인지,AWD,실버,16,16,55443,13363,32,62,88.5
2025-06,west,AUR,2025,AUR-MA,롱레인지,AWD,오션 블루,12,12,42649,10280,24,62,88.5
2025-06,west,AUR,2025,AUR-MA,롱레인지,AWD,선셋 레드,10,10,34119,8224,20,62,88.5
2025-06,west,AUR,2025,AUR-MA,롱레인지,AWD,포레스트 그린,6,6,21324,5140,12,62,88.5
2025-06,west,AUR,2025,AUR-MA,롱레인지,AWD,샌드 베이지,6,6,21324,5140,12,62,88.5
2025-06,west,AUR,2025,AUR-MA,롱레인지,FWD,스노우 화이트,23,24,83746,20185,48,62,88.5
2025-06,west,AUR,2025,AUR-MA,롱레인지,FWD,미드나잇 블랙,19,19,66299,15980,38,62,88.5
2025-06,west,AUR,2025,AUR-MA,롱레인지,FWD,스틸 그레이,16,16,55831,13457,32,62,88.5
2025-06,west,AUR,2025,AUR-MA,롱레인지,FWD,실버,13,13,45363,10934,26,62,88.5
2025-06,west,AUR,2025,AUR-MA,롱레인지,FWD,오션 블루,10,10,34894,8411,20,62,88.5
2025-06,west,AUR,2025,AUR-MA,롱레인지,FWD,선셋 레드,8,8,27915,6728,16,62,88.5
2025-06,west,AUR,2025,AUR-MA,롱레인지,FWD,포레스트 그린,5,5,17447,4205,10,62,88.5
2025-06,west,AUR,2025,AUR-MA,롱레인지,FWD,샌드 베이지,5,5,17447,4205,10,62,88.5
2025-06,central,AUR,2025,AUR-AI,스탠다드 레인지,AWD,스노우 화이트,14,14,39571,2356,28,62,88.5
2025-06,central,AUR,2025,AUR-AI,스탠다드 레인지,AWD,미드나잇 블랙,11,11,31327,1865,22,62,88.5
2025-06,central,AUR,2025,AUR-AI,스탠다드 레인지,AWD,스틸 그레이,9,9,26381,1571,19,62,88.5
2025-06,central,AUR,2025,AUR-AI,스탠다드 레인지,AWD,실버,7,7,21434,1276,15,62,88.5
2025-06,central,AUR,2025,AUR-AI,스탠다드 레인지,AWD,오션 블루,6,6,16488,982,12,62,88.5
2025-06,central,AUR,2025,AUR-AI,스탠다드 레인지,AWD,선셋 레드,5,5,13190,785,9,62,88.5
2025-06,central,AUR,2025,AUR-AI,스탠다드 레인지,AWD,포레스트 그린,3,3,8244,491,6,59,88.5
2025-06,central,AUR,2025,AUR-AI,스탠다드 레인지,AWD,샌드 베이지,3,3,8244,491,6,59,88.5
2025-06,central,AUR,2025,AUR-AI,스탠다드 레인지,FWD,스노우 화이트,8,8,22992,1369,16,62,88.5
2025-06,central,AUR,2025,AUR-AI,스탠다드 레인지,FWD,미드나잇 블랙,6,6,18202,1084,13,62,88.5
2025-06,central,AUR,2025,AUR-AI,스탠다드 레인지,FWD,스틸 그레이,5,5,15328,913,11,62,88.5
2025-06,central,AUR,2025,AUR-AI,스탠다드 레인지,FWD,실버,4,4,12454,741,9,62,88.5
2025-06,central,AUR,2025,AUR-AI,스탠다드 레인지,FWD,오션 블루,3,3,9580,570,7,62,88.5
2025-06,central,AUR,2025,AUR-AI,스탠다드 레인지,FWD,선셋 레드,3,3,7664,456,5,54,88.5
2025-06,central,AUR,2025,AUR-AI,스탠다드 레인지,FWD,포레스트 그린,2,2,4790,285,3,34,88.5
2025-06,central,AUR,2025,AUR-AI,스탠다드 레인지,FWD,샌드 베이지,2,2,4790,285,3,34,88.5
2025-06,central,AUR,2025,AUR-AI,롱레인지,AWD,스노우 화이트,25,25,72847,4337,52,62,88.5
2025-06,central,AUR,2025,AUR-AI,롱레인지,AWD,미드나잇 블랙,20,20,57670,3433,41,62,88.5
2025-06,central,AUR,2025,AUR-AI,롱레인지,AWD,스틸 그레이,17,17,48565,2891,34,62,88.5
2025-06,central,AUR,2025,AUR-AI,롱레인지,AWD,실버,14,14,39459,2349,28,62,88.5
2025-06,central,AUR,2025,AUR-AI,롱레인지,AWD,오션 블루,11,11,30353,1807,22,62,88.5
2025-06,central,AUR,2025,AUR-AI,롱레인지,AWD,선셋 레드,8,8,24282,1446,17,62,88.5
2025-06,central,AUR,2025,AUR-AI,롱레인지,AWD,포레스트 그린,5,5,15176,904,11,62,88.5
2025-06,central,AUR,2025,AUR-AI,롱레인지,AWD,샌드 베이지,5,5,15176,904,11,62,88.5
2025-06,central,AUR,2025,AUR-AI,롱레인지,FWD,스노우 화이트,15,15,42326,2520,30,62,88.5
2025-06,central,AUR,2025,AUR-AI,롱레인지,FWD,미드나잇 블랙,12,12,33508,1995,24,62,88.5
2025-06,central,AUR,2025,AUR-AI,롱레인지,FWD,스틸 그레이,10,10,28217,1680,20,62,88.5
2025-06,central,AUR,2025,AUR-AI,롱레인지,FWD,실버,8,8,22927,1365,16,62,88.5
2025-06,central,AUR,2025,AUR-AI,롱레인지,FWD,오션 블루,6,6,17636,1050,13,62,88.5
2025-06,central,AUR,2025,AUR-AI,롱레인지,FWD,선셋 레드,5,5,14109,840,10,62,88.5
2025-06,central,AUR,2025,AUR-AI,롱레인지,FWD,포레스트 그린,3,3,8818,525,6,62,88.5
2025-06,central,AUR,2025,AUR-AI,롱레인지,FWD,샌드 베이지,3,3,8818,525,6,62,88.5
2025-06,central,AUR,2025,AUR-RA,스탠다드 레인지,AWD,스노우 화이트,16,16,49803,6712,33,62,88.5
2025-06,central,AUR,2025,AUR-RA,스탠다드 레인지,AWD,미드나잇 블랙,13,13,39428,5314,26,62,88.5
2025-06,central,AUR,2025,AUR-RA,스탠다드 레인지,AWD,스틸 그레이,11,11,33202,4475,22,62,88.5
2025-06,central,AUR,2025,AUR-RA,스탠다드 레인지,AWD,실버,9,9,26977,3636,18,62,88.5
2025-06,central,AUR,2025,AUR-RA,스탠다드 레인지,AWD,오션 블루,7,7,20751,2797,14,62,88.5
2025-06,central,AUR,2025,AUR-RA,스탠다드 레인지,AWD,선셋 레드,5,5,16601,2237,11,62,88.5
2025-06,central,AUR,2025,AUR-RA,스탠다드 레인지,AWD,포레스트 그린,3,3,10376,1398,7,62,88.5
2025-06,central,AUR,2025,AUR-RA,스탠다드 레인지,AWD,샌드 베이지,3,3,10376,1398,7,62,88.5
2025-06,central,AUR,2025,AUR-RA,스탠다드 레인지,FWD,스노우 화이트,9,9,28937,3900,19,62,88.5
2025-06,central,AUR,2025,AUR-RA,스탠다드 레인지,FWD,미드나잇 블랙,7,7,22909,3087,15,62,88.5
2025-06,central,AUR,2025,AUR-RA,스탠다드 레인지,FWD,스틸 그레이,6,6,19291,2600,13,62,88.5
2025-06,central,AUR,2025,AUR-RA,스탠다드 레인지,FWD,실버,5,5,15674,2112,10,62,88.5
2025-06,central,AUR,2025,AUR-RA,스탠다드 레인지,FWD,오션 블루,4,4,12057,1625,8,62,88.5
2025-06,central,AUR,2025,AUR-RA,스탠다드 레인지,FWD,선셋 레드,3,3,9646,1300,6,62,88.5
2025-06,central,AUR,2025,AUR-RA,스탠다드 레인지,FWD,포레스트 그린,2,2,6029,812,4,39,88.5
2025-06,central,AUR,2025,AUR-RA,스탠다드 레인지,FWD,샌드 베이지,2,2,6029,812,4,39,88.5
2025-06,central,AUR,2025,AUR-RA,롱레인지,AWD,스노우 화이트,29,29,91684,12356,60,62,88.5
2025-06,central,AUR,2025,AUR-RA,롱레인지,AWD,미드나잇 블랙,23,23,72583,9782,47,62,88.5
2025-06,central,AUR,2025,AUR-RA,롱레인지,AWD,스틸 그레이,20,20,61122,8238,40,62,88.5
2025-06,central,AUR,2025,AUR-RA,롱레인지,AWD,실버,16,16,49662,6693,32,62,88.5
2025-06,central,AUR,2025,AUR-RA,롱레인지,AWD,오션 블루,12,12,38201,5149,25,62,88.5
2025-06,central,AUR,2025,AUR-RA,롱레인지,AWD,선셋 레드,10,10,30561,4119,20,62,88.5
2025-06,central,AUR,2025,AUR-RA,롱레인지,AWD,포레스트 그린,6,6,19101,2574,12,62,88.5
2025-06,central,AUR,2025,AUR-RA,롱레인지,AWD,샌드 베이지,6,6,19101,2574,12,62,88.5
2025-06,central,AUR,2025,AUR-RA,롱레인지,FWD,스노우 화이트,17,17,53271,7179,35,62,88.5
2025-06,central,AUR,2025,AUR-RA,롱레인지,FWD,미드나잇 블랙,13,14,42173,5684,28,62,88.5
2025-06,central,AUR,2025,AUR-RA,롱레인지,FWD,스틸 그레이,11,11,35514,4786,23,62,88.5
2025-06,central,AUR,2025,AUR-RA,롱레인지,FWD,실버,9,9,28855,3889,19,62,88.5
2025-06,central,AUR,2025,AUR-RA,롱레인지,FWD,오션 블루,7,7,22196,2991,14,62,88.5
2025-06,central,AUR,2025,AUR-RA,롱레인지,FWD,선셋 레드,6,6,17757,2393,12,62,88.5
2025-06,central,AUR,2025,AUR-RA,롱레인지,FWD,포레스트 그린,4,4,11098,1496,7,62,88.5
2025-06,central,AUR,2025,AUR-RA,롱레인지,FWD,샌드 베이지,4,4,11098,1496,7,62,88.5
2025-06,central,AUR,2025,AUR-MA,스탠다드 레인지,AWD,스노우 화이트,7,7,23227,5598,13,62,88.5
2025-06,central,AUR,2025,AUR-MA,스탠다드 레인지,AWD,미드나잇 블랙,5,5,18388,4432,11,62,88.5
2025-06,central,AUR,2025,AUR-MA,스탠다드 레인지,AWD,스틸 그레이,4,4,15484,3732,9,62,88.5
2025-06,central,AUR,2025,AUR-MA,스탠다드 레인지,AWD,실버,4,4,12581,3032,7,62,88.5
2025-06,central,AUR,2025,AUR-MA,스탠다드 레인지,AWD,오션 블루,3,3,9678,2333,6,55,88.5
2025-06,central,AUR,2025,AUR-MA,스탠다드 레인지,AWD,선셋 레드,2,2,7742,1866,4,44,88.5
2025-06,central,AUR,2025,AUR-MA,스탠다드 레인지,AWD,포레스트 그린,1,1,4839,1166,3,28,88.5
2025-06,central,AUR,2025,AUR-MA,스탠다드 레인지,AWD,샌드 베이지,1,1,4839,1166,3,28,88.5
2025-06,central,AUR,2025,AUR-MA,스탠다드 레인지,FWD,스노우 화이트,4,4,13495,3253,8,62,88.5
2025-06,central,AUR,2025,AUR-MA,스탠다드 레인지,FWD,미드나잇 블랙,3,3,10684,2575,6,61,88.5
2025-06,central,AUR,2025,AUR-MA,스탠다드 레인지,FWD,스틸 그레이,3,3,8997,2168,5,52,88.5
2025-06,central,AUR,2025,AUR-MA,스탠다드 레인지,FWD,실버,2,2,7310,1762,4,42,88.5
2025-06,central,AUR,2025,AUR-MA,스탠다드 레인지,FWD,오션 블루,2,2,5623,1355,3,32,88.5
2025-06,central,AUR,2025,AUR-MA,스탠다드 레인지,FWD,선셋 레드,1,1,4498,1084,3,26,88.5
2025-06,central,AUR,2025,AUR-MA,스탠다드 레인지,FWD,포레스트 그린,1,1,2812,678,2,16,88.5
2025-06,central,AUR,2025,AUR-MA,스탠다드 레인지,FWD,샌드 베이지,1,1,2812,678,2,16,88.5
2025-06,central,AUR,2025,AUR-MA,롱레인지,AWD,스노우 화이트,12,12,42758,10306,24,62,88.5
2025-06,central,AUR,2025,AUR-MA,롱레인지,AWD,미드나잇 블랙,9,10,33850,8159,19,62,88.5
2025-06,central,AUR,2025,AUR-MA,롱레인지,AWD,스틸 그레이,8,8,28505,6871,16,62,88.5
2025-06,central,AUR,2025,AUR-MA,롱레인지,AWD,실버,6,7,23161,5582,13,62,88.5
2025-06,central,AUR,2025,AUR-MA,롱레인지,AWD,오션 블루,5,5,17816,4294,10,62,88.5
2025-06,central,AUR,2025,AUR-MA,롱레인지,AWD,선셋 레드,4,4,14253,3435,8,62,88.5
2025-06,central,AUR,2025,AUR-MA,롱레인지,AWD,포레스트 그린,2,3,8908,2147,5,51,88.5
2025-06,central,AUR,2025,AUR-MA,롱레인지,AWD,샌드 베이지,2,3,8908,2147,5,51,88.5
2025-06,central,AUR,2025,AUR-MA,롱레인지,FWD,스노우 화이트,7,7,24844,5988,14,62,88.5
2025-06,central,AUR,2025,AUR-MA,롱레인지,FWD,미드나잇 블랙,6,6,19668,4740,11,62,88.5
2025-06,central,AUR,2025,AUR-MA,롱레인지,FWD,스틸 그레이,5,5,16562,3992,9,62,88.5
2025-06,central,AUR,2025,AUR-MA,롱레인지,FWD,실버,4,4,13457,3243,8,62,88.5
2025-06,central,AUR,2025,AUR-MA,롱레인지,FWD,오션 블루,3,3,10351,2495,6,59,88.5
2025-06,central,AUR,2025,AUR-MA,롱레인지,FWD,선셋 레드,2,2,8281,1996,5,47,88.5
2025-06,central,AUR,2025,AUR-MA,롱레인지,FWD,포레스트 그린,1,1,5176,1247,3,30,88.5
2025-06,central,AUR,2025,AUR-MA,롱레인지,FWD,샌드 베이지,1,1,5176,1247,3,30,88.5
2025-06,south,AUR,2025,AUR-AI,스탠다드 레인지,AWD,스노우 화이트,11,11,32062,1909,23,62,88.5
2025-06,south,AUR,2025,AUR-AI,스탠다드 레인지,AWD,미드나잇 블랙,9,9,25382,1511,18,62,88.5
2025-06,south,AUR,2025,AUR-AI,스탠다드 레인지,AWD,스틸 그레이,7,7,21374,1273,15,62,88.5
2025-06,south,AUR,2025,AUR-AI,스탠다드 레인지,AWD,실버,6,6,17367,1034,12,62,88.5
2025-06,south,AUR,2025,AUR-AI,스탠다드 레인지,AWD,오션 블루,5,5,13359,795,9,62,88.5
2025-06,south,AUR,2025,AUR-AI,스탠다드 레인지,AWD,선셋 레드,4,4,10687,636,8,62,88.5
2025-06,south,AUR,2025,AUR-AI,스탠다드 레인지,AWD,포레스트 그린,2,2,6680,398,5,47,88.5
2025-06,south,AUR,2025,AUR-AI,스탠다드 레인지,AWD,샌드 베이지,2,2,6680,398,5,47,88.5
2025-06,south,AUR,2025,AUR-AI,스탠다드 레인지,FWD,스노우 화이트,17,17,48902,2911,35,62,88.5
2025-06,south,AUR,2025,AUR-AI,스탠다드 레인지,FWD,미드나잇 블랙,13,14,38714,2305,27,62,88.5
2025-06,south,AUR,2025,AUR-AI,스탠다드 레인지,FWD,스틸 그레이,11,11,32601,1941,23,62,88.5
2025-06,south,AUR,2025,AUR-AI,스탠다드 레인지,FWD,실버,9,9,26489,1577,19,62,88.5
2025-06,south,AUR,2025,AUR-AI,스탠다드 레인지,FWD,오션 블루,7,7,20376,1213,14,62,88.5
2025-06,south,AUR,2025,AUR-AI,스탠다드 레인지,FWD,선셋 레드,6,6,16301,970,12,62,88.5
2025-06,south,AUR,2025,AUR-AI,스탠다드 레인지,FWD,포레스트 그린,4,4,10188,607,7,62,88.5
2025-06,south,AUR,2025,AUR-AI,스탠다드 레인지,FWD,샌드 베이지,4,4,10188,607,7,62,88.5
2025-06,south,AUR,2025,AUR-AI,롱레인지,AWD,스노우 화이트,20,21,59023,3514,42,62,88.5
2025-06,south,AUR,2025,AUR-AI,롱레인지,AWD,미드나잇 블랙,16,16,46726,2782,33,62,88.5
2025-06,south,AUR,2025,AUR-AI,롱레인지,AWD,스틸 그레이,14,14,39348,2343,28,62,88.5
2025-06,south,AUR,2025,AUR-AI,롱레인지,AWD,실버,11,11,31971,1903,23,62,88.5
2025-06,south,AUR,2025,AUR-AI,롱레인지,AWD,오션 블루,9,9,24593,1464,17,62,88.5
2025-06,south,AUR,2025,AUR-AI,롱레인지,AWD,선셋 레드,7,7,19674,1171,14,62,88.5
2025-06,south,AUR,2025,AUR-AI,롱레인지,AWD,포레스트 그린,4,4,12296,732,9,62,88.5
2025-06,south,AUR,2025,AUR-AI,롱레인지,AWD,샌드 베이지,4,4,12296,732,9,62,88.5
2025-06,south,AUR,2025,AUR-AI,롱레인지,FWD,스노우 화이트,31,31,90024,5360,64,62,88.5
2025-06,south,AUR,2025,AUR-AI,롱레인지,FWD,미드나잇 블랙,25,25,71269,4243,51,62,88.5
2025-06,south,AUR,2025,AUR-AI,롱레인지,FWD,스틸 그레이,21,21,60016,3573,43,62,88.5
2025-06,south,AUR,2025,AUR-AI,롱레인지,FWD,실버,17,17,48763,2903,35,62,88.5
2025-06,south,AUR,2025,AUR-AI,롱레인지,FWD,오션 블루,13,13,37510,2233,27,62,88.5
2025-06,south,AUR,2025,AUR-AI,롱레인지,FWD,선셋 레드,10,10,30008,1787,21,62,88.5
2025-06,south,AUR,2025,AUR-AI,롱레인지,FWD,포레스트 그린,7,7,18755,1117,13,62,88.5
2025-06,south,AUR,2025,AUR-AI,롱레인지,FWD,샌드 베이지,7,7,18755,1117,13,62,88.5
2025-06,south,AUR,2025,AUR-RA,스탠다드 레인지,AWD,스노우 화이트,13,13,40352,5438,26,62,88.5
2025-06,south,AUR,2025,AUR-RA,스탠다드 레인지,AWD,미드나잇 블랙,10,10,31946,4305,21,62,88.5
2025-06,south,AUR,2025,AUR-RA,스탠다드 레인지,AWD,스틸 그레이,9,9,26901,3626,18,62,88.5
2025-06,south,AUR,2025,AUR-RA,스탠다드 레인지,AWD,실버,7,7,21857,2946,14,62,88.5
2025-06,south,AUR,2025,AUR-RA,스탠다드 레인지,AWD,오션 블루,5,5,16813,2266,11,62,88.5
2025-06,south,AUR,2025,AUR-RA,스탠다드 레인지,AWD,선셋 레드,4,4,13451,1813,9,62,88.5
2025-06,south,AUR,2025,AUR-RA,스탠다드 레인지,AWD,포레스트 그린,3,3,8407,1133,5,55,88.5
2025-06,south,AUR,2025,AUR-RA,스탠다드 레인지,AWD,샌드 베이지,3,3,8407,1133,5,55,88.5
2025-06,south,AUR,2025,AUR-RA,스탠다드 레인지,FWD,스노우 화이트,20,20,61547,8295,40,62,88.5
2025-06,south,AUR,2025,AUR-RA,스탠다드 레인지,FWD,미드나잇 블랙,16,16,48725,6567,32,62,88.5
2025-06,south,AUR,2025,AUR-RA,스탠다드 레인지,FWD,스틸 그레이,13,13,41032,5530,27,62,88.5
2025-06,south,AUR,2025,AUR-RA,스탠다드 레인지,FWD,실버,11,11,33338,4493,22,62,88.5
2025-06,south,AUR,2025,AUR-RA,스탠다드 레인지,FWD,오션 블루,8,8,25645,3456,17,62,88.5
2025-06,south,AUR,2025,AUR-RA,스탠다드 레인지,FWD,선셋 레드,7,7,20516,2765,13,62,88.5
2025-06,south,AUR,2025,AUR-RA,스탠다드 레인지,FWD,포레스트 그린,4,4,12822,1728,8,62,88.5
2025-06,south,AUR,2025,AUR-RA,스탠다드 레인지,FWD,샌드 베이지,4,4,12822,1728,8,62,88.5
2025-06,south,AUR,2025,AUR-RA,롱레인지,AWD,스노우 화이트,24,24,74285,10012,49,62,88.5
2025-06,south,AUR,2025,AUR-RA,롱레인지,AWD,미드나잇 블랙,19,19,58809,7926,38,62,88.5
2025-06,south,AUR,2025,AUR-RA,롱레인지,AWD,스틸 그레이,16,16,49523,6674,32,62,88.5
2025-06,south,AUR,2025,AUR-RA,롱레인지,AWD,실버,13,13,40238,5423,26,62,88.5
2025-06,south,AUR,2025,AUR-RA,롱레인지,AWD,오션 블루,10,10,30952,4171,20,62,88.5
2025-06,south,AUR,2025,AUR-RA,롱레인지,AWD,선셋 레드,8,8,24762,3337,16,62,88.5
2025-06,south,AUR,2025,AUR-RA,롱레인지,AWD,포레스트 그린,5,5,15476,2086,10,62,88.5
2025-06,south,AUR,2025,AUR-RA,롱레인지,AWD,샌드 베이지,5,5,15476,2086,10,62,88.5
2025-06,south,AUR,2025,AUR-RA,롱레인지,FWD,스노우 화이트,36,36,113303,15270,74,62,88.5
2025-06,south,AUR,2025,AUR-RA,롱레인지,FWD,미드나잇 블랙,29,29,89698,12089,59,62,88.5
2025-06,south,AUR,2025,AUR-RA,롱레인지,FWD,스틸 그레이,24,24,75535,10180,49,62,88.5
2025-06,south,AUR,2025,AUR-RA,롱레인지,FWD,실버,20,20,61373,8271,40,62,88.5
2025-06,south,AUR,2025,AUR-RA,롱레인지,FWD,오션 블루,15,15,47210,6363,31,62,88.5
2025-06,south,AUR,2025,AUR-RA,롱레인지,FWD,선셋 레드,12,12,37768,5090,25,62,88.5
2025-06,south,AUR,2025,AUR-RA,롱레인지,FWD,포레스트 그린,8,8,23605,3181,15,62,88.5
2025-06,south,AUR,2025,AUR-RA,롱레인지,FWD,샌드 베이지,8,8,23605,3181,15,62,88.5
2025-06,south,AUR,2025,AUR-MA,스탠다드 레인지,AWD,스노우 화이트,5,5,18819,4536,11,62,88.5
2025-06,south,AUR,2025,AUR-MA,스탠다드 레인지,AWD,미드나잇 블랙,4,4,14898,3591,9,62,88.5
2025-06,south,AUR,2025,AUR-MA,스탠다드 레인지,AWD,스틸 그레이,4,4,12546,3024,7,62,88.5
2025-06,south,AUR,2025,AUR-MA,스탠다드 레인지,AWD,실버,3,3,10194,2457,6,58,88.5
2025-06,south,AUR,2025,AUR-MA,스탠다드 레인지,AWD,오션 블루,2,2,7841,1890,4,45,88.5
2025-06,south,AUR,2025,AUR-MA,스탠다드 레인지,AWD,선셋 레드,2,2,6273,1512,4,36,88.5
2025-06,south,AUR,2025,AUR-MA,스탠다드 레인지,AWD,포레스트 그린,1,1,3921,945,2,22,88.5
2025-06,south,AUR,2025,AUR-MA,스탠다드 레인지,AWD,샌드 베이지,1,1,3921,945,2,22,88.5
2025-06,south,AUR,2025,AUR-MA,스탠다드 레인지,FWD,스노우 화이트,8,8,28703,6918,16,62,88.5
2025-06,south,AUR,2025,AUR-MA,스탠다드 레인지,FWD,미드나잇 블랙,6,6,22724,5477,13,62,88.5
2025-06,south,AUR,2025,AUR-MA,스탠다드 레인지,FWD,스틸 그레이,5,5,19136,4612,11,62,88.5
2025-06,south,AUR,2025,AUR-MA,스탠다드 레인지,FWD,실버,4,4,15548,3747,9,62,88.5
2025-06,south,AUR,2025,AUR-MA,스탠다드 레인지,FWD,오션 블루,3,3,11960,2883,7,62,88.5
2025-06,south,AUR,2025,AUR-MA,스탠다드 레인지,FWD,선셋 레드,3,3,9568,2306,5,55,88.5
2025-06,south,AUR,2025,AUR-MA,스탠다드 레인지,FWD,포레스트 그린,2,2,5980,1441,3,34,88.5
2025-06,south,AUR,2025,AUR-MA,스탠다드 레인지,FWD,샌드 베이지,2,2,5980,1441,3,34,88.5
2025-06,south,AUR,2025,AUR-MA,롱레인지,AWD,스노우 화이트,10,10,34644,8350,20,62,88.5
2025-06,south,AUR,2025,AUR-MA,롱레인지,AWD,미드나잇 블랙,8,8,27426,6611,16,62,88.5
2025-06,south,AUR,2025,AUR-MA,롱레인지,AWD,스틸 그레이,6,7,23096,5567,13,62,88.5
2025-06,south,AUR,2025,AUR-MA,롱레인지,AWD,실버,5,5,18765,4523,11,62,88.5
2025-06,south,AUR,2025,AUR-MA,롱레인지,AWD,오션 블루,4,4,14435,3479,8,62,88.5
2025-06,south,AUR,2025,AUR-MA,롱레인지,AWD,선셋 레드,3,3,11548,2783,7,62,88.5
2025-06,south,AUR,2025,AUR-MA,롱레인지,AWD,포레스트 그린,2,2,7217,1740,4,41,88.5
2025-06,south,AUR,2025,AUR-MA,롱레인지,AWD,샌드 베이지,2,2,7217,1740,4,41,88.5
2025-06,south,AUR,2025,AUR-MA,롱레인지,FWD,스노우 화이트,15,15,52840,12736,30,62,88.5
2025-06,south,AUR,2025,AUR-MA,롱레인지,FWD,미드나잇 블랙,12,12,41832,10083,24,62,88.5
2025-06,south,AUR,2025,AUR-MA,롱레인지,FWD,스틸 그레이,10,10,35227,8491,20,62,88.5
2025-06,south,AUR,2025,AUR-MA,롱레인지,FWD,실버,8,8,28622,6899,16,62,88.5
2025-06,south,AUR,2025,AUR-MA,롱레인지,FWD,오션 블루,6,6,22017,5307,13,62,88.5
2025-06,south,AUR,2025,AUR-MA,롱레인지,FWD,선셋 레드,5,5,17613,4245,10,62,88.5
2025-06,south,AUR,2025,AUR-MA,롱레인지,FWD,포레스트 그린,3,3,11008,2653,6,62,88.5
2025-06,south,AUR,2025,AUR-MA,롱레인지,FWD,샌드 베이지,3,3,11008,2653,6,62,88.5
2025-06,northeast,AUR,2025,AUR-AI,스탠다드 레인지,AWD,스노우 화이트,28,28,80519,4794,57,62,88.5
2025-06,northeast,AUR,2025,AUR-AI,스탠다드 레인지,AWD,미드나잇 블랙,22,22,63744,3795,45,62,88.5
2025-06,northeast,AUR,2025,AUR-AI,스탠다드 레인지,AWD,스틸 그레이,19,19,53679,3196,38,62,88.5
2025-06,northeast,AUR,2025,AUR-AI,스탠다드 레인지,AWD,실버,15,15,43614,2597,31,62,88.5
2025-06,northeast,AUR,2025,AUR-AI,스탠다드 레인지,AWD,오션 블루,12,12,33549,1997,24,62,88.5
2025-06,northeast,AUR,2025,AUR-AI,스탠다드 레인지,AWD,선셋 레드,9,9,26840,1598,19,62,88.5
2025-06,northeast,AUR,2025,AUR-AI,스탠다드 레인지,AWD,포레스트 그린,6,6,16775,999,12,62,88.5
2025-06,northeast,AUR,2025,AUR-AI,스탠다드 레인지,AWD,샌드 베이지,6,6,16775,999,12,62,88.5
2025-06,northeast,AUR,2025,AUR-AI,스탠다드 레인지,FWD,스노우 화이트,11,11,32095,1911,23,62,88.5
2025-06,northeast,AUR,2025,AUR-AI,스탠다드 레인지,FWD,미드나잇 블랙,9,9,25408,1513,18,62,88.5
2025-06,northeast,AUR,2025,AUR-AI,스탠다드 레인지,FWD,스틸 그레이,7,7,21397,1274,15,62,88.5
2025-06,northeast,AUR,2025,AUR-AI,스탠다드 레인지,FWD,실버,6,6,17385,1035,12,62,88.5
2025-06,northeast,AUR,2025,AUR-AI,스탠다드 레인지,FWD,오션 블루,5,5,13373,796,9,62,88.5
2025-06,northeast,AUR,2025,AUR-AI,스탠다드 레인지,FWD,선셋 레드,4,4,10698,637,8,62,88.5
2025-06,northeast,AUR,2025,AUR-AI,스탠다드 레인지,FWD,포레스트 그린,2,2,6686,398,5,47,88.5
2025-06,northeast,AUR,2025,AUR-AI,스탠다드 레인지,FWD,샌드 베이지,2,2,6686,398,5,47,88.5
2025-06,northeast,AUR,2025,AUR-AI,롱레인지,AWD,스노우 화이트,51,52,148227,8825,105,62,88.5
2025-06,northeast,AUR,2025,AUR-AI,롱레인지,AWD,미드나잇 블랙,41,41,117347,6986,83,62,88.5
2025-06,northeast,AUR,2025,AUR-AI,롱레인지,AWD,스틸 그레이,34,34,98818,5883,70,62,88.5
2025-06,northeast,AUR,2025,AUR-AI,롱레인지,AWD,실버,28,28,80290,4780,57,62,88.5
2025-06,northeast,AUR,2025,AUR-AI,롱레인지,AWD,오션 블루,21,22,61761,3677,44,62,88.5
2025-06,northeast,AUR,2025,AUR-AI,롱레인지,AWD,선셋 레드,17,17,49409,2942,35,62,88.5
2025-06,northeast,AUR,2025,AUR-AI,롱레인지,AWD,포레스트 그린,11,11,30881,1838,22,62,88.5
2025-06,northeast,AUR,2025,AUR-AI,롱레인지,AWD,샌드 베이지,11,11,30881,1838,22,62,88.5
2025-06,northeast,AUR,2025,AUR-AI,롱레인지,FWD,스노우 화이트,20,21,59084,3518,42,62,88.5
2025-06,northeast,AUR,2025,AUR-AI,롱레인지,FWD,미드나잇 블랙,16,16,46775,2785,33,62,88.5
2025-06,northeast,AUR,2025,AUR-AI,롱레인지,FWD,스틸 그레이,14,14,39389,2345,28,62,88.5
2025-06,northeast,AUR,2025,AUR-AI,롱레인지,FWD,실버,11,11,32004,1905,23,62,88.5
2025-06,northeast,AUR,2025,AUR-AI,롱레인지,FWD,오션 블루,9,9,24618,1466,17,62,88.5
2025-06,northeast,AUR,2025,AUR-AI,롱레인지,FWD,선셋 레드,7,7,19695,1173,14,62,88.5
2025-06,northeast,AUR,2025,AUR-AI,롱레인지,FWD,포레스트 그린,4,4,12309,733,9,62,88.5
2025-06,northeast,AUR,2025,AUR-AI,롱레인지,FWD,샌드 베이지,4,4,12309,733,9,62,88.5
2025-06,northeast,AUR,2025,AUR-RA,스탠다드 레인지,AWD,스노우 화이트,32,33,101339,13658,66,62,88.5
2025-06,northeast,AUR,2025,AUR-RA,스탠다드 레인지,AWD,미드나잇 블랙,26,26,80227,10812,52,62,88.5
2025-06,northeast,AUR,2025,AUR-RA,스탠다드 레인지,AWD,스틸 그레이,22,22,67559,9105,44,62,88.5
2025-06,northeast,AUR,2025,AUR-RA,스탠다드 레인지,AWD,실버,18,18,54892,7398,36,62,88.5
2025-06,northeast,AUR,2025,AUR-RA,스탠다드 레인지,AWD,오션 블루,13,14,42225,5691,28,62,88.5
2025-06,northeast,AUR,2025,AUR-RA,스탠다드 레인지,AWD,선셋 레드,11,11,33780,4553,22,62,88.5
2025-06,northeast,AUR,2025,AUR-RA,스탠다드 레인지,AWD,포레스트 그린,7,7,21112,2845,14,62,88.5
2025-06,northeast,AUR,2025,AUR-RA,스탠다드 레인지,AWD,샌드 베이지,7,7,21112,2845,14,62,88.5
2025-06,northeast,AUR,2025,AUR-RA,스탠다드 레인지,FWD,스노우 화이트,13,13,40394,5444,26,62,88.5
2025-06,northeast,AUR,2025,AUR-RA,스탠다드 레인지,FWD,미드나잇 블랙,10,10,31979,4310,21,62,88.5
2025-06,northeast,AUR,2025,AUR-RA,스탠다드 레인지,FWD,스틸 그레이,9,9,26929,3629,18,62,88.5
2025-06,northeast,AUR,2025,AUR-RA,스탠다드 레인지,FWD,실버,7,7,21880,2949,14,62,88.5
2025-06,northeast,AUR,2025,AUR-RA,스탠다드 레인지,FWD,오션 블루,5,5,16831,2268,11,62,88.5
2025-06,northeast,AUR,2025,AUR-RA,스탠다드 레인지,FWD,선셋 레드,4,4,13465,1815,9,62,88.5
2025-06,northeast,AUR,2025,AUR-RA,스탠다드 레인지,FWD,포레스트 그린,3,3,8415,1134,5,55,88.5
2025-06,northeast,AUR,2025,AUR-RA,스탠다드 레인지,FWD,샌드 베이지,3,3,8415,1134,5,55,88.5
2025-06,northeast,AUR,2025,AUR-RA,롱레인지,AWD,스노우 화이트,60,60,186556,25143,122,62,88.5
2025-06,northeast,AUR,2025,AUR-RA,롱레인지,AWD,미드나잇 블랙,47,47,147690,19905,96,62,88.5
2025-06,northeast,AUR,2025,AUR-RA,롱레인지,AWD,스틸 그레이,40,40,124371,16762,81,62,88.5
2025-06,northeast,AUR,2025,AUR-RA,롱레인지,AWD,실버,32,32,101051,13619,66,62,88.5
2025-06,northeast,AUR,2025,AUR-RA,롱레인지,AWD,오션 블루,25,25,77732,10476,51,62,88.5
2025-06,northeast,AUR,2025,AUR-RA,롱레인지,AWD,선셋 레드,20,20,62185,8381,41,62,88.5
2025-06,northeast,AUR,2025,AUR-RA,롱레인지,AWD,포레스트 그린,12,12,38866,5238,25,62,88.5
2025-06,northeast,AUR,2025,AUR-RA,롱레인지,AWD,샌드 베이지,12,12,38866,5238,25,62,88.5
2025-06,northeast,AUR,2025,AUR-RA,롱레인지,FWD,스노우 화이트,24,24,74362,10022,49,62,88.5
2025-06,northeast,AUR,2025,AUR-RA,롱레인지,FWD,미드나잇 블랙,19,19,58870,7934,38,62,88.5
2025-06,northeast,AUR,2025,AUR-RA,롱레인지,FWD,스틸 그레이,16,16,49574,6681,32,62,88.5
2025-06,northeast,AUR,2025,AUR-RA,롱레인지,FWD,실버,13,13,40279,5429,26,62,88.5
2025-06,northeast,AUR,2025,AUR-RA,롱레인지,FWD,오션 블루,10,10,30984,4176,20,62,88.5
2025-06,northeast,AUR,2025,AUR-RA,롱레인지,FWD,선셋 레드,8,8,24787,3341,16,62,88.5
2025-06,northeast,AUR,2025,AUR-RA,롱레인지,FWD,포레스트 그린,5,5,15492,2088,10,62,88.5
2025-06,northeast,AUR,2025,AUR-RA,롱레인지,FWD,샌드 베이지,5,5,15492,2088,10,62,88.5
2025-06,northeast,AUR,2025,AUR-MA,스탠다드 레인지,AWD,스노우 화이트,13,13,47261,11391,27,62,88.5
2025-06,northeast,AUR,2025,AUR-MA,스탠다드 레인지,AWD,미드나잇 블랙,10,11,37415,9018,21,62,88.5
2025-06,northeast,AUR,2025,AUR-MA,스탠다드 레인지,AWD,스틸 그레이,9,9,31507,7594,18,62,88.5
2025-06,northeast,AUR,2025,AUR-MA,스탠다드 레인지,AWD,실버,7,7,25600,6170,15,62,88.5
2025-06,northeast,AUR,2025,AUR-MA,스탠다드 레인지,AWD,오션 블루,6,6,19692,4746,11,62,88.5
2025-06,northeast,AUR,2025,AUR-MA,스탠다드 레인지,AWD,선셋 레드,4,4,15754,3797,9,62,88.5
2025-06,northeast,AUR,2025,AUR-MA,스탠다드 레인지,AWD,포레스트 그린,3,3,9846,2373,6,56,88.5
2025-06,northeast,AUR,2025,AUR-MA,스탠다드 레인지,AWD,샌드 베이지,3,3,9846,2373,6,56,88.5
2025-06,northeast,AUR,2025,AUR-MA,스탠다드 레인지,FWD,스노우 화이트,5,5,18838,4541,11,62,88.5
2025-06,northeast,AUR,2025,AUR-MA,스탠다드 레인지,FWD,미드나잇 블랙,4,4,14914,3595,9,62,88.5
2025-06,northeast,AUR,2025,AUR-MA,스탠다드 레인지,FWD,스틸 그레이,4,4,12559,3027,7,62,88.5
2025-06,northeast,AUR,2025,AUR-MA,스탠다드 레인지,FWD,실버,3,3,10204,2459,6,58,88.5
2025-06,northeast,AUR,2025,AUR-MA,스탠다드 레인지,FWD,오션 블루,2,2,7849,1892,4,45,88.5
2025-06,northeast,AUR,2025,AUR-MA,스탠다드 레인지,FWD,선셋 레드,2,2,6279,1514,4,36,88.5
2025-06,northeast,AUR,2025,AUR-MA,스탠다드 레인지,FWD,포레스트 그린,1,1,3925,946,2,22,88.5
2025-06,northeast,AUR,2025,AUR-MA,스탠다드 레인지,FWD,샌드 베이지,1,1,3925,946,2,22,88.5
2025-06,northeast,AUR,2025,AUR-MA,롱레인지,AWD,스노우 화이트,24,24,87003,20970,50,62,88.5
2025-06,northeast,AUR,2025,AUR-MA,롱레인지,AWD,미드나잇 블랙,19,19,68877,16601,39,62,88.5
2025-06,northeast,AUR,2025,AUR-MA,롱레인지,AWD,스틸 그레이,16,16,58002,13980,33,62,88.5
2025-06,northeast,AUR,2025,AUR-MA,롱레인지,AWD,실버,13,13,47127,11359,27,62,88.5
2025-06,northeast,AUR,2025,AUR-MA,롱레인지,AWD,오션 블루,10,10,36251,8738,21,62,88.5
2025-06,northeast,AUR,2025,AUR-MA,롱레인지,AWD,선셋 레드,8,8,29001,6990,17,62,88.5
2025-06,northeast,AUR,2025,AUR-MA,롱레인지,AWD,포레스트 그린,5,5,18126,4369,10,62,88.5
2025-06,northeast,AUR,2025,AUR-MA,롱레인지,AWD,샌드 베이지,5,5,18126,4369,10,62,88.5
2025-06,northeast,AUR,2025,AUR-MA,롱레인지,FWD,스노우 화이트,10,10,34680,8359,20,62,88.5
2025-06,northeast,AUR,2025,AUR-MA,롱레인지,FWD,미드나잇 블랙,8,8,27455,6617,16,62,88.5
2025-06,northeast,AUR,2025,AUR-MA,롱레인지,FWD,스틸 그레이,6,7,23120,5573,13,62,88.5
2025-06,northeast,AUR,2025,AUR-MA,롱레인지,FWD,실버,5,5,18785,4528,11,62,88.5
2025-06,northeast,AUR,2025,AUR-MA,롱레인지,FWD,오션 블루,4,4,14450,3483,8,62,88.5
2025-06,northeast,AUR,2025,AUR-MA,롱레인지,FWD,선셋 레드,3,3,11560,2786,7,62,88.5
2025-06,northeast,AUR,2025,AUR-MA,롱레인지,FWD,포레스트 그린,2,2,7225,1741,4,41,88.5
2025-06,northeast,AUR,2025,AUR-MA,롱레인지,FWD,샌드 베이지,2,2,7225,1741,4,41,88.5
2025-06,southeast,AUR,2025,AUR-AI,스탠다드 레인지,AWD,스노우 화이트,14,14,41292,2458,29,62,88.5
2025-06,southeast,AUR,2025,AUR-AI,스탠다드 레인지,AWD,미드나잇 블랙,11,11,32689,1946,23,62,88.5
2025-06,southeast,AUR,2025,AUR-AI,스탠다드 레인지,AWD,스틸 그레이,10,10,27528,1639,20,62,88.5
2025-06,southeast,AUR,2025,AUR-AI,스탠다드 레인지,AWD,실버,8,8,22366,1332,16,62,88.5
2025-06,southeast,AUR,2025,AUR-AI,스탠다드 레인지,AWD,오션 블루,6,6,17205,1024,12,62,88.5
2025-06,southeast,AUR,2025,AUR-AI,스탠다드 레인지,AWD,선셋 레드,5,5,13764,819,10,62,88.5
2025-06,southeast,AUR,2025,AUR-AI,스탠다드 레인지,AWD,포레스트 그린,3,3,8602,512,6,61,88.5
2025-06,southeast,AUR,2025,AUR-AI,스탠다드 레인지,AWD,샌드 베이지,3,3,8602,512,6,61,88.5
2025-06,southeast,AUR,2025,AUR-AI,스탠다드 레인지,FWD,스노우 화이트,16,16,47033,2800,33,62,88.5
2025-06,southeast,AUR,2025,AUR-AI,스탠다드 레인지,FWD,미드나잇 블랙,13,13,37234,2217,26,62,88.5
2025-06,southeast,AUR,2025,AUR-AI,스탠다드 레인지,FWD,스틸 그레이,11,11,31355,1867,22,62,88.5
2025-06,southeast,AUR,2025,AUR-AI,스탠다드 레인지,FWD,실버,9,9,25476,1517,18,62,88.5
2025-06,southeast,AUR,2025,AUR-AI,스탠다드 레인지,FWD,오션 블루,7,7,19597,1167,14,62,88.5
2025-06,southeast,AUR,2025,AUR-AI,스탠다드 레인지,FWD,선셋 레드,5,5,15678,933,11,62,88.5
2025-06,southeast,AUR,2025,AUR-AI,스탠다드 레인지,FWD,포레스트 그린,3,3,9798,583,7,62,88.5
2025-06,southeast,AUR,2025,AUR-AI,스탠다드 레인지,FWD,샌드 베이지,3,3,9798,583,7,62,88.5
2025-06,southeast,AUR,2025,AUR-AI,롱레인지,AWD,스노우 화이트,26,27,76014,4526,54,62,88.5
2025-06,southeast,AUR,2025,AUR-AI,롱레인지,AWD,미드나잇 블랙,21,21,60178,3583,43,62,88.5
2025-06,southeast,AUR,2025,AUR-AI,롱레인지,AWD,스틸 그레이,18,18,50676,3017,36,62,88.5
2025-06,southeast,AUR,2025,AUR-AI,롱레인지,AWD,실버,14,14,41174,2451,29,62,88.5
2025-06,southeast,AUR,2025,AUR-AI,롱레인지,AWD,오션 블루,11,11,31673,1886,22,62,88.5
2025-06,southeast,AUR,2025,AUR-AI,롱레인지,AWD,선셋 레드,9,9,25338,1509,18,62,88.5
2025-06,southeast,AUR,2025,AUR-AI,롱레인지,AWD,포레스트 그린,5,6,15836,943,11,62,88.5
2025-06,southeast,AUR,2025,AUR-AI,롱레인지,AWD,샌드 베이지,5,6,15836,943,11,62,88.5
2025-06,southeast,AUR,2025,AUR-AI,롱레인지,FWD,스노우 화이트,30,30,86583,5155,61,62,88.5
2025-06,southeast,AUR,2025,AUR-AI,롱레인지,FWD,미드나잇 블랙,24,24,68545,4081,49,62,88.5
2025-06,southeast,AUR,2025,AUR-AI,롱레인지,FWD,스틸 그레이,20,20,57722,3436,41,62,88.5
2025-06,southeast,AUR,2025,AUR-AI,롱레인지,FWD,실버,16,16,46899,2792,33,62,88.5
2025-06,southeast,AUR,2025,AUR-AI,롱레인지,FWD,오션 블루,13,13,36076,2148,26,62,88.5
2025-06,southeast,AUR,2025,AUR-AI,롱레인지,FWD,선셋 레드,10,10,28861,1718,20,62,88.5
2025-06,southeast,AUR,2025,AUR-AI,롱레인지,FWD,포레스트 그린,6,6,18038,1074,13,62,88.5
2025-06,southeast,AUR,2025,AUR-AI,롱레인지,FWD,샌드 베이지,6,6,18038,1074,13,62,88.5
2025-06,southeast,AUR,2025,AUR-RA,스탠다드 레인지,AWD,스노우 화이트,17,17,51969,7004,34,62,88.5
2025-06,southeast,AUR,2025,AUR-RA,스탠다드 레인지,AWD,미드나잇 블랙,13,13,41142,5545,27,62,88.5
2025-06,southeast,AUR,2025,AUR-RA,스탠다드 레인지,AWD,스틸 그레이,11,11,34646,4669,23,62,88.5
2025-06,southeast,AUR,2025,AUR-RA,스탠다드 레인지,AWD,실버,9,9,28150,3794,18,62,88.5
2025-06,southeast,AUR,2025,AUR-RA,스탠다드 레인지,AWD,오션 블루,7,7,21654,2918,14,62,88.5
2025-06,southeast,AUR,2025,AUR-RA,스탠다드 레인지,AWD,선셋 레드,6,6,17323,2335,11,62,88.5
2025-06,southeast,AUR,2025,AUR-RA,스탠다드 레인지,AWD,포레스트 그린,3,3,10827,1459,7,62,88.5
2025-06,southeast,AUR,2025,AUR-RA,스탠다드 레인지,AWD,샌드 베이지,3,3,10827,1459,7,62,88.5
2025-06,southeast,AUR,2025,AUR-RA,스탠다드 레인지,FWD,스노우 화이트,19,19,59194,7978,39,62,88.5
2025-06,southeast,AUR,2025,AUR-RA,스탠다드 레인지,FWD,미드나잇 블랙,15,15,46862,6316,31,62,88.5
2025-06,southeast,AUR,2025,AUR-RA,스탠다드 레인지,FWD,스틸 그레이,13,13,39463,5319,26,62,88.5
2025-06,southeast,AUR,2025,AUR-RA,스탠다드 레인지,FWD,실버,10,10,32064,4321,21,62,88.5
2025-06,southeast,AUR,2025,AUR-RA,스탠다드 레인지,FWD,오션 블루,8,8,24664,3324,16,62,88.5
2025-06,southeast,AUR,2025,AUR-RA,스탠다드 레인지,FWD,선셋 레드,6,6,19731,2659,13,62,88.5
2025-06,southeast,AUR,2025,AUR-RA,스탠다드 레인지,FWD,포레스트 그린,4,4,12332,1662,8,62,88.5
2025-06,southeast,AUR,2025,AUR-RA,스탠다드 레인지,FWD,샌드 베이지,4,4,12332,1662,8,62,88.5
2025-06,southeast,AUR,2025,AUR-RA,롱레인지,AWD,스노우 화이트,31,31,95670,12894,62,62,88.5
2025-06,southeast,AUR,2025,AUR-RA,롱레인지,AWD,미드나잇 블랙,24,24,75739,10207,49,62,88.5
2025-06,southeast,AUR,2025,AUR-RA,롱레인지,AWD,스틸 그레이,20,20,63780,8596,42,62,88.5
2025-06,southeast,AUR,2025,AUR-RA,롱레인지,AWD,실버,17,17,51821,6984,34,62,88.5
2025-06,southeast,AUR,2025,AUR-RA,롱레인지,AWD,오션 블루,13,13,39862,5372,26,62,88.5
2025-06,southeast,AUR,2025,AUR-RA,롱레인지,AWD,선셋 레드,10,10,31890,4298,21,62,88.5
2025-06,southeast,AUR,2025,AUR-RA,롱레인지,AWD,포레스트 그린,6,6,19931,2686,13,62,88.5
2025-06,southeast,AUR,2025,AUR-RA,롱레인지,AWD,샌드 베이지,6,6,19931,2686,13,62,88.5
2025-06,southeast,AUR,2025,AUR-RA,롱레인지,FWD,스노우 화이트,35,35,108972,14686,71,62,88.5
2025-06,southeast,AUR,2025,AUR-RA,롱레인지,FWD,미드나잇 블랙,28,28,86269,11627,56,62,88.5
2025-06,southeast,AUR,2025,AUR-RA,롱레인지,FWD,스틸 그레이,23,23,72648,9791,47,62,88.5
2025-06,southeast,AUR,2025,AUR-RA,롱레인지,FWD,실버,19,19,59026,7955,39,62,88.5
2025-06,southeast,AUR,2025,AUR-RA,롱레인지,FWD,오션 블루,14,15,45405,6119,30,62,88.5
2025-06,southeast,AUR,2025,AUR-RA,롱레인지,FWD,선셋 레드,12,12,36324,4895,24,62,88.5
2025-06,southeast,AUR,2025,AUR-RA,롱레인지,FWD,포레스트 그린,7,7,22702,3060,15,62,88.5
2025-06,southeast,AUR,2025,AUR-RA,롱레인지,FWD,샌드 베이지,7,7,22702,3060,15,62,88.5
2025-06,southeast,AUR,2025,AUR-MA,스탠다드 레인지,AWD,스노우 화이트,7,7,24236,5842,14,62,88.5
2025-06,southeast,AUR,2025,AUR-MA,스탠다드 레인지,AWD,미드나잇 블랙,5,5,19187,4625,11,62,88.5
2025-06,southeast,AUR,2025,AUR-MA,스탠다드 레인지,AWD,스틸 그레이,5,5,16158,3894,9,62,88.5
2025-06,southeast,AUR,2025,AUR-MA,스탠다드 레인지,AWD,실버,4,4,13128,3164,8,62,88.5
2025-06,southeast,AUR,2025,AUR-MA,스탠다드 레인지,AWD,오션 블루,3,3,10098,2434,6,58,88.5
2025-06,southeast,AUR,2025,AUR-MA,스탠다드 레인지,AWD,선셋 레드,2,2,8079,1947,5,46,88.5
2025-06,southeast,AUR,2025,AUR-MA,스탠다드 레인지,AWD,포레스트 그린,1,1,5049,1217,3,29,88.5
2025-06,southeast,AUR,2025,AUR-MA,스탠다드 레인지,AWD,샌드 베이지,1,1,5049,1217,3,29,88.5
2025-06,southeast,AUR,2025,AUR-MA,스탠다드 레인지,FWD,스노우 화이트,8,8,27606,6654,16,62,88.5
2025-06,southeast,AUR,2025,AUR-MA,스탠다드 레인지,FWD,미드나잇 블랙,6,6,21855,5268,13,62,88.5
2025-06,southeast,AUR,2025,AUR-MA,스탠다드 레인지,FWD,스틸 그레이,5,5,18404,4436,11,62,88.5
2025-06,southeast,AUR,2025,AUR-MA,스탠다드 레인지,FWD,실버,4,4,14953,3604,9,62,88.5
2025-06,southeast,AUR,2025,AUR-MA,스탠다드 레인지,FWD,오션 블루,3,3,11503,2772,7,62,88.5
2025-06,southeast,AUR,2025,AUR-MA,스탠다드 레인지,FWD,선셋 레드,3,3,9202,2218,5,53,88.5
2025-06,southeast,AUR,2025,AUR-MA,스탠다드 레인지,FWD,포레스트 그린,2,2,5751,1386,3,33,88.5
2025-06,southeast,AUR,2025,AUR-MA,스탠다드 레인지,FWD,샌드 베이지,2,2,5751,1386,3,33,88.5
2025-06,southeast,AUR,2025,AUR-MA,롱레인지,AWD,스노우 화이트,12,13,44617,10754,26,62,88.5
2025-06,southeast,AUR,2025,AUR-MA,롱레인지,AWD,미드나잇 블랙,10,10,35322,8514,20,62,88.5
2025-06,southeast,AUR,2025,AUR-MA,롱레인지,AWD,스틸 그레이,8,8,29745,7169,17,62,88.5
2025-06,southeast,AUR,2025,AUR-MA,롱레인지,AWD,실버,7,7,24168,5825,14,62,88.5
2025-06,southeast,AUR,2025,AUR-MA,롱레인지,AWD,오션 블루,5,5,18590,4481,11,62,88.5
2025-06,southeast,AUR,2025,AUR-MA,롱레인지,AWD,선셋 레드,4,4,14872,3585,9,62,88.5
2025-06,southeast,AUR,2025,AUR-MA,롱레인지,AWD,포레스트 그린,3,3,9295,2240,5,53,88.5
2025-06,southeast,AUR,2025,AUR-MA,롱레인지,AWD,샌드 베이지,3,3,9295,2240,5,53,88.5
2025-06,southeast,AUR,2025,AUR-MA,롱레인지,FWD,스노우 화이트,14,14,50820,12249,29,62,88.5
2025-06,southeast,AUR,2025,AUR-MA,롱레인지,FWD,미드나잇 블랙,11,11,40233,9697,23,62,88.5
2025-06,southeast,AUR,2025,AUR-MA,롱레인지,FWD,스틸 그레이,9,10,33880,8166,19,62,88.5
2025-06,southeast,AUR,2025,AUR-MA,롱레인지,FWD,실버,8,8,27528,6635,16,62,88.5
2025-06,southeast,AUR,2025,AUR-MA,롱레인지,FWD,오션 블루,6,6,21175,5104,12,62,88.5
2025-06,southeast,AUR,2025,AUR-MA,롱레인지,FWD,선셋 레드,5,5,16940,4083,10,62,88.5
2025-06,southeast,AUR,2025,AUR-MA,롱레인지,FWD,포레스트 그린,3,3,10588,2552,6,61,88.5
2025-06,southeast,AUR,2025,AUR-MA,롱레인지,FWD,샌드 베이지,3,3,10588,2552,6,61,88.5
2025-06,west,MRD,2025,MRD-CO,2.0 가솔린,AWD,스노우 화이트,28,28,67262,-8387,55,60,88.5
2025-06,west,MRD,2025,MRD-CO,2.0 가솔린,AWD,미드나잇 블랙,22,22,53249,-6640,43,60,88.5
2025-06,west,MRD,2025,MRD-CO,2.0 가솔린,AWD,스틸 그레이,18,19,44841,-5592,37,60,88.5
2025-06,west,MRD,2025,MRD-CO,2.0 가솔린,AWD,실버,15,15,36433,-4543,30,60,88.5
2025-06,west,MRD,2025,MRD-CO,2.0 가솔린,AWD,오션 블루,12,12,28026,-3495,23,60,88.5
2025-06,west,MRD,2025,MRD-CO,2.0 가솔린,AWD,선셋 레드,9,9,22421,-2796,18,60,88.5
2025-06,west,MRD,2025,MRD-CO,2.0 가솔린,AWD,포레스트 그린,6,6,14013,-1747,11,60,88.5
2025-06,west,MRD,2025,MRD-CO,2.0 가솔린,AWD,샌드 베이지,6,6,14013,-1747,11,60,88.5
2025-06,west,MRD,2025,MRD-CO,2.0 가솔린,FWD,스노우 화이트,111,112,269047,-33549,219,60,88.5
2025-06,west,MRD,2025,MRD-CO,2.0 가솔린,FWD,미드나잇 블랙,88,89,212995,-26560,174,60,88.5
2025-06,west,MRD,2025,MRD-CO,2.0 가솔린,FWD,스틸 그레이,74,75,179364,-22366,146,60,88.5
2025-06,west,MRD,2025,MRD-CO,2.0 가솔린,FWD,실버,60,61,145734,-18172,119,60,88.5
2025-06,west,MRD,2025,MRD-CO,2.0 가솔린,FWD,오션 블루,46,47,112103,-13979,91,60,88.5
2025-06,west,MRD,2025,MRD-CO,2.0 가솔린,FWD,선셋 레드,37,37,89682,-11183,73,60,88.5
2025-06,west,MRD,2025,MRD-CO,2.0 가솔린,FWD,포레스트 그린,23,23,56051,-6989,46,60,88.5
2025-06,west,MRD,2025,MRD-CO,2.0 가솔린,FWD,샌드 베이지,23,23,56051,-6989,46,60,88.5
2025-06,west,MRD,2025,MRD-CO,1.6T 하이브리드,AWD,스노우 화이트,21,22,51997,-6484,42,60,88.5
2025-06,west,MRD,2025,MRD-CO,1.6T 하이브리드,AWD,미드나잇 블랙,17,17,41164,-5133,34,60,88.5
2025-06,west,MRD,2025,MRD-CO,1.6T 하이브리드,AWD,스틸 그레이,14,14,34664,-4323,28,60,88.5
2025-06,west,MRD,2025,MRD-CO,1.6T 하이브리드,AWD,실버,12,12,28165,-3512,23,60,88.5
2025-06,west,MRD,2025,MRD-CO,1.6T 하이브리드,AWD,오션 블루,9,9,21665,-2702,18,60,88.5
2025-06,west,MRD,2025,MRD-CO,1.6T 하이브리드,AWD,선셋 레드,7,7,17332,-2161,14,60,88.5
2025-06,west,MRD,2025,MRD-CO,1.6T 하이브리드,AWD,포레스트 그린,4,5,10833,-1351,9,60,88.5
2025-06,west,MRD,2025,MRD-CO,1.6T 하이브리드,AWD,샌드 베이지,4,5,10833,-1351,9,60,88.5
2025-06,west,MRD,2025,MRD-CO,1.6T 하이브리드,FWD,스노우 화이트,86,86,207986,-25935,169,60,88.5
2025-06,west,MRD,2025,MRD-CO,1.6T 하이브리드,FWD,미드나잇 블랙,68,68,164656,-20532,134,60,88.5
2025-06,west,MRD,2025,MRD-CO,1.6T 하이브리드,FWD,스틸 그레이,57,58,138658,-17290,113,60,88.5
2025-06,west,MRD,2025,MRD-CO,1.6T 하이브리드,FWD,실버,46,47,112659,-14048,92,60,88.5
2025-06,west,MRD,2025,MRD-CO,1.6T 하이브리드,FWD,오션 블루,36,36,86661,-10806,71,60,88.5
2025-06,west,MRD,2025,MRD-CO,1.6T 하이브리드,FWD,선셋 레드,29,29,69329,-8645,56,60,88.5
2025-06,west,MRD,2025,MRD-CO,1.6T 하이브리드,FWD,포레스트 그린,18,18,43330,-5403,35,60,88.5
2025-06,west,MRD,2025,MRD-CO,1.6T 하이브리드,FWD,샌드 베이지,18,18,43330,-5403,35,60,88.5
2025-06,west,MRD,2025,MRD-PR,2.0 가솔린,AWD,스노우 화이트,32,32,84654,-2939,63,60,88.5
2025-06,west,MRD,2025,MRD-PR,2.0 가솔린,AWD,미드나잇 블랙,25,26,67018,-2327,50,60,88.5
2025-06,west,MRD,2025,MRD-PR,2.0 가솔린,AWD,스틸 그레이,21,22,56436,-1959,42,60,88.5
2025-06,west,MRD,2025,MRD-PR,2.0 가솔린,AWD,실버,17,18,45854,-1592,34,60,88.5
2025-06,west,MRD,2025,MRD-PR,2.0 가솔린,AWD,오션 블루,13,13,35273,-1225,26,60,88.5
2025-06,west,MRD,2025,MRD-PR,2.0 가솔린,AWD,선셋 레드,11,11,28218,-980,21,60,88.5
2025-06,west,MRD,2025,MRD-PR,2.0 가솔린,AWD,포레스트 그린,7,7,17636,-612,13,60,88.5
2025-06,west,MRD,2025,MRD-PR,2.0 가솔린,AWD,샌드 베이지,7,7,17636,-612,13,60,88.5
2025-06,west,MRD,2025,MRD-PR,2.0 가솔린,FWD,스노우 화이트,128,130,338617,-11757,254,60,88.5
2025-06,west,MRD,2025,MRD-PR,2.0 가솔린,FWD,미드나잇 블랙,102,103,268072,-9308,201,60,88.5
2025-06,west,MRD,2025,MRD-PR,2.0 가솔린,FWD,스틸 그레이,86,86,225745,-7838,169,60,88.5
2025-06,west,MRD,2025,MRD-PR,2.0 가솔린,FWD,실버,69,70,183418,-6368,137,60,88.5
2025-06,west,MRD,2025,MRD-PR,2.0 가솔린,FWD,오션 블루,53,54,141090,-4899,106,60,88.5
2025-06,west,MRD,2025,MRD-PR,2.0 가솔린,FWD,선셋 레드,43,43,112872,-3919,85,60,88.5
2025-06,west,MRD,2025,MRD-PR,2.0 가솔린,FWD,포레스트 그린,27,27,70545,-2449,53,60,88.5
2025-06,west,MRD,2025,MRD-PR,2.0 가솔린,FWD,샌드 베이지,27,27,70545,-2449,53,60,88.5
2025-06,west,MRD,2025,MRD-PR,1.6T 하이브리드,AWD,스노우 화이트,25,25,65442,-2272,49,60,88.5
2025-06,west,MRD,2025,MRD-PR,1.6T 하이브리드,AWD,미드나잇 블랙,20,20,51808,-1799,39,60,88.5
2025-06,west,MRD,2025,MRD-PR,1.6T 하이브리드,AWD,스틸 그레이,17,17,43628,-1515,33,60,88.5
2025-06,west,MRD,2025,MRD-PR,1.6T 하이브리드,AWD,실버,13,14,35448,-1231,27,60,88.5
2025-06,west,MRD,2025,MRD-PR,1.6T 하이브리드,AWD,오션 블루,10,10,27267,-947,20,60,88.5
2025-06,west,MRD,2025,MRD-PR,1.6T 하이브리드,AWD,선셋 레드,8,8,21814,-757,16,60,88.5
2025-06,west,MRD,2025,MRD-PR,1.6T 하이브리드,AWD,포레스트 그린,5,5,13634,-473,10,60,88.5
2025-06,west,MRD,2025,MRD-PR,1.6T 하이브리드,AWD,샌드 베이지,5,5,13634,-473,10,60,88.5
2025-06,west,MRD,2025,MRD-PR,1.6T 하이브리드,FWD,스노우 화이트,99,100,261768,-9089,196,60,88.5
2025-06,west,MRD,2025,MRD-PR,1.6T 하이브리드,FWD,미드나잇 블랙,79,79,207233,-7195,155,60,88.5
2025-06,west,MRD,2025,MRD-PR,1.6T 하이브리드,FWD,스틸 그레이,66,67,174512,-6059,131,60,88.5
2025-06,west,MRD,2025,MRD-PR,1.6T 하이브리드,FWD,실버,54,54,141791,-4923,106,60,88.5
2025-06,west,MRD,2025,MRD-PR,1.6T 하이브리드,FWD,오션 블루,41,42,109070,-3787,82,60,88.5
2025-06,west,MRD,2025,MRD-PR,1.6T 하이브리드,FWD,선셋 레드,33,33,87256,-3030,65,60,88.5
2025-06,west,MRD,2025,MRD-PR,1.6T 하이브리드,FWD,포레스트 그린,21,21,54535,-1893,41,60,88.5
2025-06,west,MRD,2025,MRD-PR,1.6T 하이브리드,FWD,샌드 베이지,21,21,54535,-1893,41,60,88.5
2025-06,west,MRD,2025,MRD-SP,2.0 가솔린,AWD,스노우 화이트,13,13,39480,3646,26,60,88.5
2025-06,west,MRD,2025,MRD-SP,2.0 가솔린,AWD,미드나잇 블랙,10,10,31255,2886,21,60,88.5
2025-06,west,MRD,2025,MRD-SP,2.0 가솔린,AWD,스틸 그레이,9,9,26320,2431,17,60,88.5
2025-06,west,MRD,2025,MRD-SP,2.0 가솔린,AWD,실버,7,7,21385,1975,14,60,88.5
2025-06,west,MRD,2025,MRD-SP,2.0 가솔린,AWD,오션 블루,5,6,16450,1519,11,60,88.5
2025-06,west,MRD,2025,MRD-SP,2.0 가솔린,AWD,선셋 레드,4,4,13160,1215,9,60,88.5
2025-06,west,MRD,2025,MRD-SP,2.0 가솔린,AWD,포레스트 그린,3,3,8225,760,5,54,88.5
2025-06,west,MRD,2025,MRD-SP,2.0 가솔린,AWD,샌드 베이지,3,3,8225,760,5,54,88.5
2025-06,west,MRD,2025,MRD-SP,2.0 가솔린,FWD,스노우 화이트,52,53,157919,14584,104,60,88.5
2025-06,west,MRD,2025,MRD-SP,2.0 가솔린,FWD,미드나잇 블랙,42,42,125019,11546,82,60,88.5
2025-06,west,MRD,2025,MRD-SP,2.0 가솔린,FWD,스틸 그레이,35,35,105279,9723,69,60,88.5
2025-06,west,MRD,2025,MRD-SP,2.0 가솔린,FWD,실버,28,29,85539,7900,56,60,88.5
2025-06,west,MRD,2025,MRD-SP,2.0 가솔린,FWD,오션 블루,22,22,65799,6077,43,60,88.5
2025-06,west,MRD,2025,MRD-SP,2.0 가솔린,FWD,선셋 레드,17,18,52640,4861,35,60,88.5
2025-06,west,MRD,2025,MRD-SP,2.0 가솔린,FWD,포레스트 그린,11,11,32900,3038,22,60,88.5
2025-06,west,MRD,2025,MRD-SP,2.0 가솔린,FWD,샌드 베이지,11,11,32900,3038,22,60,88.5
2025-06,west,MRD,2025,MRD-SP,1.6T 하이브리드,AWD,스노우 화이트,10,10,30520,2819,20,60,88.5
2025-06,west,MRD,2025,MRD-SP,1.6T 하이브리드,AWD,미드나잇 블랙,8,8,24161,2231,16,60,88.5
2025-06,west,MRD,2025,MRD-SP,1.6T 하이브리드,AWD,스틸 그레이,7,7,20346,1879,13,60,88.5
2025-06,west,MRD,2025,MRD-SP,1.6T 하이브리드,AWD,실버,5,6,16532,1527,11,60,88.5
2025-06,west,MRD,2025,MRD-SP,1.6T 하이브리드,AWD,오션 블루,4,4,12717,1174,8,60,88.5
2025-06,west,MRD,2025,MRD-SP,1.6T 하이브리드,AWD,선셋 레드,3,3,10173,940,7,60,88.5
2025-06,west,MRD,2025,MRD-SP,1.6T 하이브리드,AWD,포레스트 그린,2,2,6358,587,4,42,88.5
2025-06,west,MRD,2025,MRD-SP,1.6T 하이브리드,AWD,샌드 베이지,2,2,6358,587,4,42,88.5
2025-06,west,MRD,2025,MRD-SP,1.6T 하이브리드,FWD,스노우 화이트,41,41,122079,11274,80,60,88.5
2025-06,west,MRD,2025,MRD-SP,1.6T 하이브리드,FWD,미드나잇 블랙,32,32,96646,8925,64,60,88.5
2025-06,west,MRD,2025,MRD-SP,1.6T 하이브리드,FWD,스틸 그레이,27,27,81386,7516,54,60,88.5
2025-06,west,MRD,2025,MRD-SP,1.6T 하이브리드,FWD,실버,22,22,66126,6107,43,60,88.5
2025-06,west,MRD,2025,MRD-SP,1.6T 하이브리드,FWD,오션 블루,17,17,50866,4698,33,60,88.5
2025-06,west,MRD,2025,MRD-SP,1.6T 하이브리드,FWD,선셋 레드,14,14,40693,3758,27,60,88.5
2025-06,west,MRD,2025,MRD-SP,1.6T 하이브리드,FWD,포레스트 그린,8,9,25433,2349,17,60,88.5
2025-06,west,MRD,2025,MRD-SP,1.6T 하이브리드,FWD,샌드 베이지,8,9,25433,2349,17,60,88.5
2025-06,central,MRD,2025,MRD-CO,2.0 가솔린,AWD,스노우 화이트,21,21,50576,-6307,41,60,88.5
2025-06,central,MRD,2025,MRD-CO,2.0 가솔린,AWD,미드나잇 블랙,16,17,40039,-4993,33,60,88.5
2025-06,central,MRD,2025,MRD-CO,2.0 가솔린,AWD,스틸 그레이,14,14,33717,-4204,27,60,88.5
2025-06,central,MRD,2025,MRD-CO,2.0 가솔린,AWD,실버,11,11,27395,-3416,22,60,88.5
2025-06,central,MRD,2025,MRD-CO,2.0 가솔린,AWD,오션 블루,9,9,21073,-2628,17,60,88.5
2025-06,central,MRD,2025,MRD-CO,2.0 가솔린,AWD,선셋 레드,7,7,16859,-2102,14,60,88.5
2025-06,central,MRD,2025,MRD-CO,2.0 가솔린,AWD,포레스트 그린,4,4,10537,-1314,9,60,88.5
2025-06,central,MRD,2025,MRD-CO,2.0 가솔린,AWD,샌드 베이지,4,4,10537,-1314,9,60,88.5
2025-06,central,MRD,2025,MRD-CO,2.0 가솔린,FWD,스노우 화이트,70,70,169318,-21113,138,60,88.5
2025-06,central,MRD,2025,MRD-CO,2.0 가솔린,FWD,미드나잇 블랙,55,56,134044,-16715,109,60,88.5
2025-06,central,MRD,2025,MRD-CO,2.0 가솔린,FWD,스틸 그레이,46,47,112879,-14076,92,60,88.5
2025-06,central,MRD,2025,MRD-CO,2.0 가솔린,FWD,실버,38,38,91714,-11436,75,60,88.5
2025-06,central,MRD,2025,MRD-CO,2.0 가솔린,FWD,오션 블루,29,29,70549,-8797,57,60,88.5
2025-06,central,MRD,2025,MRD-CO,2.0 가솔린,FWD,선셋 레드,23,23,56439,-7038,46,60,88.5
2025-06,central,MRD,2025,MRD-CO,2.0 가솔린,FWD,포레스트 그린,15,15,35275,-4399,29,60,88.5
2025-06,central,MRD,2025,MRD-CO,2.0 가솔린,FWD,샌드 베이지,15,15,35275,-4399,29,60,88.5
2025-06,central,MRD,2025,MRD-CO,1.6T 하이브리드,AWD,스노우 화이트,16,16,39097,-4875,32,60,88.5
2025-06,central,MRD,2025,MRD-CO,1.6T 하이브리드,AWD,미드나잇 블랙,13,13,30952,-3860,25,60,88.5
2025-06,central,MRD,2025,MRD-CO,1.6T 하이브리드,AWD,스틸 그레이,11,11,26065,-3250,21,60,88.5
2025-06,central,MRD,2025,MRD-CO,1.6T 하이브리드,AWD,실버,9,9,21178,-2641,17,60,88.5
2025-06,central,MRD,2025,MRD-CO,1.6T 하이브리드,AWD,오션 블루,7,7,16291,-2031,13,60,88.5
2025-06,central,MRD,2025,MRD-CO,1.6T 하이브리드,AWD,선셋 레드,5,5,13032,-1625,11,60,88.5
2025-06,central,MRD,2025,MRD-CO,1.6T 하이브리드,AWD,포레스트 그린,3,3,8145,-1016,7,60,88.5
2025-06,central,MRD,2025,MRD-CO,1.6T 하이브리드,AWD,샌드 베이지,3,3,8145,-1016,7,60,88.5
2025-06,central,MRD,2025,MRD-CO,1.6T 하이브리드,FWD,스노우 화이트,54,54,130891,-16322,107,60,88.5
2025-06,central,MRD,2025,MRD-CO,1.6T 하이브리드,FWD,미드나잇 블랙,43,43,103622,-12921,84,60,88.5
2025-06,central,MRD,2025,MRD-CO,1.6T 하이브리드,FWD,스틸 그레이,36,36,87261,-10881,71,60,88.5
2025-06,central,MRD,2025,MRD-CO,1.6T 하이브리드,FWD,실버,29,29,70900,-8841,58,60,88.5
2025-06,central,MRD,2025,MRD-CO,1.6T 하이브리드,FWD,오션 블루,22,23,54538,-6801,44,60,88.5
2025-06,central,MRD,2025,MRD-CO,1.6T 하이브리드,FWD,선셋 레드,18,18,43630,-5441,36,60,88.5
2025-06,central,MRD,2025,MRD-CO,1.6T 하이브리드,FWD,포레스트 그린,11,11,27269,-3400,22,60,88.5
2025-06,central,MRD,2025,MRD-CO,1.6T 하이브리드,FWD,샌드 베이지,11,11,27269,-3400,22,60,88.5
2025-06,central,MRD,2025,MRD-PR,2.0 가솔린,AWD,스노우 화이트,24,24,63653,-2210,48,60,88.5
2025-06,central,MRD,2025,MRD-PR,2.0 가솔린,AWD,미드나잇 블랙,19,19,50392,-1750,38,60,88.5
2025-06,central,MRD,2025,MRD-PR,2.0 가솔린,AWD,스틸 그레이,16,16,42436,-1473,32,60,88.5
2025-06,central,MRD,2025,MRD-PR,2.0 가솔린,AWD,실버,13,13,34479,-1197,26,60,88.5
2025-06,central,MRD,2025,MRD-PR,2.0 가솔린,AWD,오션 블루,10,10,26522,-921,20,60,88.5
2025-06,central,MRD,2025,MRD-PR,2.0 가솔린,AWD,선셋 레드,8,8,21218,-737,16,60,88.5
2025-06,central,MRD,2025,MRD-PR,2.0 가솔린,AWD,포레스트 그린,5,5,13261,-460,10,60,88.5
2025-06,central,MRD,2025,MRD-PR,2.0 가솔린,AWD,샌드 베이지,5,5,13261,-460,10,60,88.5
2025-06,central,MRD,2025,MRD-PR,2.0 가솔린,FWD,스노우 화이트,81,82,213101,-7399,160,60,88.5
2025-06,central,MRD,2025,MRD-PR,2.0 가솔린,FWD,미드나잇 블랙,64,65,168705,-5858,126,60,88.5
2025-06,central,MRD,2025,MRD-PR,2.0 가솔린,FWD,스틸 그레이,54,54,142067,-4933,106,60,88.5
2025-06,central,MRD,2025,MRD-PR,2.0 가솔린,FWD,실버,44,44,115430,-4008,87,60,88.5
2025-06,central,MRD,2025,MRD-PR,2.0 가솔린,FWD,오션 블루,34,34,88792,-3083,67,60,88.5
2025-06,central,MRD,2025,MRD-PR,2.0 가솔린,FWD,선셋 레드,27,27,71034,-2466,53,60,88.5
2025-06,central,MRD,2025,MRD-PR,2.0 가솔린,FWD,포레스트 그린,17,17,44396,-1541,33,60,88.5
2025-06,central,MRD,2025,MRD-PR,2.0 가솔린,FWD,샌드 베이지,17,17,44396,-1541,33,60,88.5
2025-06,central,MRD,2025,MRD-PR,1.6T 하이브리드,AWD,스노우 화이트,19,19,49207,-1709,37,60,88.5
2025-06,central,MRD,2025,MRD-PR,1.6T 하이브리드,AWD,미드나잇 블랙,15,15,38956,-1353,29,60,88.5
2025-06,central,MRD,2025,MRD-PR,1.6T 하이브리드,AWD,스틸 그레이,12,13,32805,-1139,25,60,88.5
2025-06,central,MRD,2025,MRD-PR,1.6T 하이브리드,AWD,실버,10,10,26654,-925,20,60,88.5
2025-06,central,MRD,2025,MRD-PR,1.6T 하이브리드,AWD,오션 블루,8,8,20503,-712,15,60,88.5
2025-06,central,MRD,2025,MRD-PR,1.6T 하이브리드,AWD,선셋 레드,6,6,16402,-570,12,60,88.5
2025-06,central,MRD,2025,MRD-PR,1.6T 하이브리드,AWD,포레스트 그린,4,4,10252,-356,8,60,88.5
2025-06,central,MRD,2025,MRD-PR,1.6T 하이브리드,AWD,샌드 베이지,4,4,10252,-356,8,60,88.5
2025-06,central,MRD,2025,MRD-PR,1.6T 하이브리드,FWD,스노우 화이트,62,63,164737,-5720,123,60,88.5
2025-06,central,MRD,2025,MRD-PR,1.6T 하이브리드,FWD,미드나잇 블랙,49,50,130417,-4528,98,60,88.5
2025-06,central,MRD,2025,MRD-PR,1.6T 하이브리드,FWD,스틸 그레이,42,42,109825,-3813,82,60,88.5
2025-06,central,MRD,2025,MRD-PR,1.6T 하이브리드,FWD,실버,34,34,89233,-3098,67,60,88.5
2025-06,central,MRD,2025,MRD-PR,1.6T 하이브리드,FWD,오션 블루,26,26,68641,-2383,51,60,88.5
2025-06,central,MRD,2025,MRD-PR,1.6T 하이브리드,FWD,선셋 레드,21,21,54912,-1907,41,60,88.5
2025-06,central,MRD,2025,MRD-PR,1.6T 하이브리드,FWD,포레스트 그린,13,13,34320,-1192,26,60,88.5
2025-06,central,MRD,2025,MRD-PR,1.6T 하이브리드,FWD,샌드 베이지,13,13,34320,-1192,26,60,88.5
2025-06,central,MRD,2025,MRD-SP,2.0 가솔린,AWD,스노우 화이트,10,10,29686,2741,20,60,88.5
2025-06,central,MRD,2025,MRD-SP,2.0 가솔린,AWD,미드나잇 블랙,8,8,23501,2170,15,60,88.5
2025-06,central,MRD,2025,MRD-SP,2.0 가솔린,AWD,스틸 그레이,7,7,19790,1828,13,60,88.5
2025-06,central,MRD,2025,MRD-SP,2.0 가솔린,AWD,실버,5,5,16080,1485,11,60,88.5
2025-06,central,MRD,2025,MRD-SP,2.0 가솔린,AWD,오션 블루,4,4,12369,1142,8,60,88.5
2025-06,central,MRD,2025,MRD-SP,2.0 가솔린,AWD,선셋 레드,3,3,9895,914,7,60,88.5
2025-06,central,MRD,2025,MRD-SP,2.0 가솔린,AWD,포레스트 그린,2,2,6185,571,4,41,88.5
2025-06,central,MRD,2025,MRD-SP,2.0 가솔린,AWD,샌드 베이지,2,2,6185,571,4,41,88.5
2025-06,central,MRD,2025,MRD-SP,2.0 가솔린,FWD,스노우 화이트,33,33,99382,9178,65,60,88.5
2025-06,central,MRD,2025,MRD-SP,2.0 가솔린,FWD,미드나잇 블랙,26,26,78678,7266,52,60,88.5
2025-06,central,MRD,2025,MRD-SP,2.0 가솔린,FWD,스틸 그레이,22,22,66255,6119,44,60,88.5
2025-06,central,MRD,2025,MRD-SP,2.0 가솔린,FWD,실버,18,18,53832,4971,35,60,88.5
2025-06,central,MRD,2025,MRD-SP,2.0 가솔린,FWD,오션 블루,14,14,41409,3824,27,60,88.5
2025-06,central,MRD,2025,MRD-SP,2.0 가솔린,FWD,선셋 레드,11,11,33127,3059,22,60,88.5
2025-06,central,MRD,2025,MRD-SP,2.0 가솔린,FWD,포레스트 그린,7,7,20705,1912,14,60,88.5
2025-06,central,MRD,2025,MRD-SP,2.0 가솔린,FWD,샌드 베이지,7,7,20705,1912,14,60,88.5
2025-06,central,MRD,2025,MRD-SP,1.6T 하이브리드,AWD,스노우 화이트,8,8,22948,2119,15,60,88.5
2025-06,central,MRD,2025,MRD-SP,1.6T 하이브리드,AWD,미드나잇 블랙,6,6,18168,1678,12,60,88.5
2025-06,central,MRD,2025,MRD-SP,1.6T 하이브리드,AWD,스틸 그레이,5,5,15299,1413,10,60,88.5
2025-06,central,MRD,2025,MRD-SP,1.6T 하이브리드,AWD,실버,4,4,12430,1148,8,60,88.5
2025-06,central,MRD,2025,MRD-SP,1.6T 하이브리드,AWD,오션 블루,3,3,9562,883,6,60,88.5
2025-06,central,MRD,2025,MRD-SP,1.6T 하이브리드,AWD,선셋 레드,3,3,7649,706,5,50,88.5
2025-06,central,MRD,2025,MRD-SP,1.6T 하이브리드,AWD,포레스트 그린,2,2,4781,442,3,31,88.5
2025-06,central,MRD,2025,MRD-SP,1.6T 하이브리드,AWD,샌드 베이지,2,2,4781,442,3,31,88.5
2025-06,central,MRD,2025,MRD-SP,1.6T 하이브리드,FWD,스노우 화이트,26,26,76828,7095,51,60,88.5
2025-06,central,MRD,2025,MRD-SP,1.6T 하이브리드,FWD,미드나잇 블랙,20,20,60822,5617,40,60,88.5
2025-06,central,MRD,2025,MRD-SP,1.6T 하이브리드,FWD,스틸 그레이,17,17,51218,4730,34,60,88.5
2025-06,central,MRD,2025,MRD-SP,1.6T 하이브리드,FWD,실버,14,14,41615,3843,27,60,88.5
2025-06,central,MRD,2025,MRD-SP,1.6T 하이브리드,FWD,오션 블루,11,11,32011,2956,21,60,88.5
2025-06,central,MRD,2025,MRD-SP,1.6T 하이브리드,FWD,선셋 레드,9,9,25609,2365,17,60,88.5
2025-06,central,MRD,2025,MRD-SP,1.6T 하이브리드,FWD,포레스트 그린,5,5,16006,1478,11,60,88.5
2025-06,central,MRD,2025,MRD-SP,1.6T 하이브리드,FWD,샌드 베이지,5,5,16006,1478,11,60,88.5
2025-06,south,MRD,2025,MRD-CO,2.0 가솔린,AWD,스노우 화이트,17,17,40978,-5110,33,60,88.5
2025-06,south,MRD,2025,MRD-CO,2.0 가솔린,AWD,미드나잇 블랙,13,13,32441,-4045,26,60,88.5
2025-06,south,MRD,2025,MRD-CO,2.0 가솔린,AWD,스틸 그레이,11,11,27319,-3407,22,60,88.5
2025-06,south,MRD,2025,MRD-CO,2.0 가솔린,AWD,실버,9,9,22196,-2768,18,60,88.5
2025-06,south,MRD,2025,MRD-CO,2.0 가솔린,AWD,오션 블루,7,7,17074,-2129,14,60,88.5
2025-06,south,MRD,2025,MRD-CO,2.0 가솔린,AWD,선셋 레드,6,6,13659,-1703,11,60,88.5
2025-06,south,MRD,2025,MRD-CO,2.0 가솔린,AWD,포레스트 그린,4,4,8537,-1065,7,60,88.5
2025-06,south,MRD,2025,MRD-CO,2.0 가솔린,AWD,샌드 베이지,4,4,8537,-1065,7,60,88.5
2025-06,south,MRD,2025,MRD-CO,2.0 가솔린,FWD,스노우 화이트,100,101,243591,-30375,198,60,88.5
2025-06,south,MRD,2025,MRD-CO,2.0 가솔린,FWD,미드나잇 블랙,79,80,192843,-24047,157,60,88.5
2025-06,south,MRD,2025,MRD-CO,2.0 가솔린,FWD,스틸 그레이,67,68,162394,-20250,132,60,88.5
2025-06,south,MRD,2025,MRD-CO,2.0 가솔린,FWD,실버,54,55,131945,-16453,107,60,88.5
2025-06,south,MRD,2025,MRD-CO,2.0 가솔린,FWD,오션 블루,42,42,101496,-12656,83,60,88.5
2025-06,south,MRD,2025,MRD-CO,2.0 가솔린,FWD,선셋 레드,33,34,81197,-10125,66,60,88.5
2025-06,south,MRD,2025,MRD-CO,2.0 가솔린,FWD,포레스트 그린,21,21,50748,-6328,41,60,88.5
2025-06,south,MRD,2025,MRD-CO,2.0 가솔린,FWD,샌드 베이지,21,21,50748,-6328,41,60,88.5
2025-06,south,MRD,2025,MRD-CO,1.6T 하이브리드,AWD,스노우 화이트,13,13,31678,-3950,26,60,88.5
2025-06,south,MRD,2025,MRD-CO,1.6T 하이브리드,AWD,미드나잇 블랙,10,10,25078,-3127,20,60,88.5
2025-06,south,MRD,2025,MRD-CO,1.6T 하이브리드,AWD,스틸 그레이,9,9,21119,-2633,17,60,88.5
2025-06,south,MRD,2025,MRD-CO,1.6T 하이브리드,AWD,실버,7,7,17159,-2140,14,60,88.5
2025-06,south,MRD,2025,MRD-CO,1.6T 하이브리드,AWD,오션 블루,5,5,13199,-1646,11,60,88.5
2025-06,south,MRD,2025,MRD-CO,1.6T 하이브리드,AWD,선셋 레드,4,4,10559,-1317,9,60,88.5
2025-06,south,MRD,2025,MRD-CO,1.6T 하이브리드,AWD,포레스트 그린,3,3,6600,-823,5,54,88.5
2025-06,south,MRD,2025,MRD-CO,1.6T 하이브리드,AWD,샌드 베이지,3,3,6600,-823,5,54,88.5
2025-06,south,MRD,2025,MRD-CO,1.6T 하이브리드,FWD,스노우 화이트,78,78,188308,-23481,153,60,88.5
2025-06,south,MRD,2025,MRD-CO,1.6T 하이브리드,FWD,미드나잇 블랙,61,62,149077,-18589,121,60,88.5
2025-06,south,MRD,2025,MRD-CO,1.6T 하이브리드,FWD,스틸 그레이,52,52,125538,-15654,102,60,88.5
2025-06,south,MRD,2025,MRD-CO,1.6T 하이브리드,FWD,실버,42,42,102000,-12719,83,60,88.5
2025-06,south,MRD,2025,MRD-CO,1.6T 하이브리드,FWD,오션 블루,32,33,78462,-9784,64,60,88.5
2025-06,south,MRD,2025,MRD-CO,1.6T 하이브리드,FWD,선셋 레드,26,26,62769,-7827,51,60,88.5
2025-06,south,MRD,2025,MRD-CO,1.6T 하이브리드,FWD,포레스트 그린,16,16,39231,-4892,32,60,88.5
2025-06,south,MRD,2025,MRD-CO,1.6T 하이브리드,FWD,샌드 베이지,16,16,39231,-4892,32,60,88.5
2025-06,south,MRD,2025,MRD-PR,2.0 가솔린,AWD,스노우 화이트,20,20,51574,-1791,39,60,88.5
2025-06,south,MRD,2025,MRD-PR,2.0 가솔린,AWD,미드나잇 블랙,15,16,40829,-1418,31,60,88.5
2025-06,south,MRD,2025,MRD-PR,2.0 가솔린,AWD,스틸 그레이,13,13,34383,-1194,26,60,88.5
2025-06,south,MRD,2025,MRD-PR,2.0 가솔린,AWD,실버,11,11,27936,-970,21,60,88.5
2025-06,south,MRD,2025,MRD-PR,2.0 가솔린,AWD,오션 블루,8,8,21489,-746,16,60,88.5
2025-06,south,MRD,2025,MRD-PR,2.0 가솔린,AWD,선셋 레드,7,7,17191,-597,13,60,88.5
2025-06,south,MRD,2025,MRD-PR,2.0 가솔린,AWD,포레스트 그린,4,4,10745,-373,8,60,88.5
2025-06,south,MRD,2025,MRD-PR,2.0 가솔린,AWD,샌드 베이지,4,4,10745,-373,8,60,88.5
2025-06,south,MRD,2025,MRD-PR,2.0 가솔린,FWD,스노우 화이트,116,117,306579,-10645,230,60,88.5
2025-06,south,MRD,2025,MRD-PR,2.0 가솔린,FWD,미드나잇 블랙,92,93,242708,-8427,182,60,88.5
2025-06,south,MRD,2025,MRD-PR,2.0 가솔린,FWD,스틸 그레이,77,78,204386,-7096,153,60,88.5
2025-06,south,MRD,2025,MRD-PR,2.0 가솔린,FWD,실버,63,64,166063,-5766,124,60,88.5
2025-06,south,MRD,2025,MRD-PR,2.0 가솔린,FWD,오션 블루,48,49,127741,-4435,96,60,88.5
2025-06,south,MRD,2025,MRD-PR,2.0 가솔린,FWD,선셋 레드,39,39,102193,-3548,77,60,88.5
2025-06,south,MRD,2025,MRD-PR,2.0 가솔린,FWD,포레스트 그린,24,24,63871,-2218,48,60,88.5
2025-06,south,MRD,2025,MRD-PR,2.0 가솔린,FWD,샌드 베이지,24,24,63871,-2218,48,60,88.5
2025-06,south,MRD,2025,MRD-PR,1.6T 하이브리드,AWD,스노우 화이트,15,15,39869,-1384,30,60,88.5
2025-06,south,MRD,2025,MRD-PR,1.6T 하이브리드,AWD,미드나잇 블랙,12,12,31563,-1096,24,60,88.5
2025-06,south,MRD,2025,MRD-PR,1.6T 하이브리드,AWD,스틸 그레이,10,10,26579,-923,20,60,88.5
2025-06,south,MRD,2025,MRD-PR,1.6T 하이브리드,AWD,실버,8,8,21596,-750,16,60,88.5
2025-06,south,MRD,2025,MRD-PR,1.6T 하이브리드,AWD,오션 블루,6,6,16612,-577,12,60,88.5
2025-06,south,MRD,2025,MRD-PR,1.6T 하이브리드,AWD,선셋 레드,5,5,13290,-461,10,60,88.5
2025-06,south,MRD,2025,MRD-PR,1.6T 하이브리드,AWD,포레스트 그린,3,3,8306,-288,6,60,88.5
2025-06,south,MRD,2025,MRD-PR,1.6T 하이브리드,AWD,샌드 베이지,3,3,8306,-288,6,60,88.5
2025-06,south,MRD,2025,MRD-PR,1.6T 하이브리드,FWD,스노우 화이트,90,91,237000,-8229,178,60,88.5
2025-06,south,MRD,2025,MRD-PR,1.6T 하이브리드,FWD,미드나잇 블랙,71,72,187625,-6514,141,60,88.5
2025-06,south,MRD,2025,MRD-PR,1.6T 하이브리드,FWD,스틸 그레이,60,60,158000,-5486,118,60,88.5
2025-06,south,MRD,2025,MRD-PR,1.6T 하이브리드,FWD,실버,49,49,128375,-4457,96,60,88.5
2025-06,south,MRD,2025,MRD-PR,1.6T 하이브리드,FWD,오션 블루,37,38,98750,-3429,74,60,88.5
2025-06,south,MRD,2025,MRD-PR,1.6T 하이브리드,FWD,선셋 레드,30,30,79000,-2743,59,60,88.5
2025-06,south,MRD,2025,MRD-PR,1.6T 하이브리드,FWD,포레스트 그린,19,19,49375,-1714,37,60,88.5
2025-06,south,MRD,2025,MRD-PR,1.6T 하이브리드,FWD,샌드 베이지,19,19,49375,-1714,37,60,88.5
2025-06,south,MRD,2025,MRD-SP,2.0 가솔린,AWD,스노우 화이트,8,8,24052,2221,16,60,88.5
2025-06,south,MRD,2025,MRD-SP,2.0 가솔린,AWD,미드나잇 블랙,6,6,19041,1758,13,60,88.5
2025-06,south,MRD,2025,MRD-SP,2.0 가솔린,AWD,스틸 그레이,5,5,16035,1481,11,60,88.5
2025-06,south,MRD,2025,MRD-SP,2.0 가솔린,AWD,실버,4,4,13028,1203,9,60,88.5
2025-06,south,MRD,2025,MRD-SP,2.0 가솔린,AWD,오션 블루,3,3,10022,926,7,60,88.5
2025-06,south,MRD,2025,MRD-SP,2.0 가솔린,AWD,선셋 레드,3,3,8017,740,5,53,88.5
2025-06,south,MRD,2025,MRD-SP,2.0 가솔린,AWD,포레스트 그린,2,2,5011,463,3,33,88.5
2025-06,south,MRD,2025,MRD-SP,2.0 가솔린,AWD,샌드 베이지,2,2,5011,463,3,33,88.5
2025-06,south,MRD,2025,MRD-SP,2.0 가솔린,FWD,스노우 화이트,48,48,142977,13204,94,60,88.5
2025-06,south,MRD,2025,MRD-SP,2.0 가솔린,FWD,미드나잇 블랙,38,38,113190,10453,74,60,88.5
2025-06,south,MRD,2025,MRD-SP,2.0 가솔린,FWD,스틸 그레이,32,32,95318,8803,63,60,88.5
2025-06,south,MRD,2025,MRD-SP,2.0 가솔린,FWD,실버,26,26,77446,7152,51,60,88.5
2025-06,south,MRD,2025,MRD-SP,2.0 가솔린,FWD,오션 블루,20,20,59574,5502,39,60,88.5
2025-06,south,MRD,2025,MRD-SP,2.0 가솔린,FWD,선셋 레드,16,16,47659,4401,31,60,88.5
2025-06,south,MRD,2025,MRD-SP,2.0 가솔린,FWD,포레스트 그린,10,10,29787,2751,20,60,88.5
2025-06,south,MRD,2025,MRD-SP,2.0 가솔린,FWD,샌드 베이지,10,10,29787,2751,20,60,88.5
2025-06,south,MRD,2025,MRD-SP,1.6T 하이브리드,AWD,스노우 화이트,6,6,18594,1717,12,60,88.5
2025-06,south,MRD,2025,MRD-SP,1.6T 하이브리드,AWD,미드나잇 블랙,5,5,14720,1359,10,60,88.5
2025-06,south,MRD,2025,MRD-SP,1.6T 하이브리드,AWD,스틸 그레이,4,4,12396,1145,8,60,88.5
2025-06,south,MRD,2025,MRD-SP,1.6T 하이브리드,AWD,실버,3,3,10072,930,7,60,88.5
2025-06,south,MRD,2025,MRD-SP,1.6T 하이브리드,AWD,오션 블루,3,3,7747,715,5,51,88.5
2025-06,south,MRD,2025,MRD-SP,1.6T 하이브리드,AWD,선셋 레드,2,2,6198,572,4,41,88.5
2025-06,south,MRD,2025,MRD-SP,1.6T 하이브리드,AWD,포레스트 그린,1,1,3874,358,3,25,88.5
2025-06,south,MRD,2025,MRD-SP,1.6T 하이브리드,AWD,샌드 베이지,1,1,3874,358,3,25,88.5
2025-06,south,MRD,2025,MRD-SP,1.6T 하이브리드,FWD,스노우 화이트,37,37,110528,10207,73,60,88.5
2025-06,south,MRD,2025,MRD-SP,1.6T 하이브리드,FWD,미드나잇 블랙,29,29,87502,8081,58,60,88.5
2025-06,south,MRD,2025,MRD-SP,1.6T 하이브리드,FWD,스틸 그레이,24,25,73686,6805,48,60,88.5
2025-06,south,MRD,2025,MRD-SP,1.6T 하이브리드,FWD,실버,20,20,59870,5529,39,60,88.5
2025-06,south,MRD,2025,MRD-SP,1.6T 하이브리드,FWD,오션 블루,15,15,46053,4253,30,60,88.5
2025-06,south,MRD,2025,MRD-SP,1.6T 하이브리드,FWD,선셋 레드,12,12,36843,3402,24,60,88.5
2025-06,south,MRD,2025,MRD-SP,1.6T 하이브리드,FWD,포레스트 그린,8,8,23027,2127,15,60,88.5
2025-06,south,MRD,2025,MRD-SP,1.6T 하이브리드,FWD,샌드 베이지,8,8,23027,2127,15,60,88.5
2025-06,northeast,MRD,2025,MRD-CO,2.0 가솔린,AWD,스노우 화이트,24,24,57172,-7129,47,60,88.5
2025-06,northeast,MRD,2025,MRD-CO,2.0 가솔린,AWD,미드나잇 블랙,19,19,45261,-5644,37,60,88.5
2025-06,northeast,MRD,2025,MRD-CO,2.0 가솔린,AWD,스틸 그레이,16,16,38115,-4753,31,60,88.5
2025-06,northeast,MRD,2025,MRD-CO,2.0 가솔린,AWD,실버,13,13,30968,-3862,25,60,88.5
2025-06,northeast,MRD,2025,MRD-CO,2.0 가솔린,AWD,오션 블루,10,10,23822,-2970,19,60,88.5
2025-06,northeast,MRD,2025,MRD-CO,2.0 가솔린,AWD,선셋 레드,8,8,19057,-2376,16,60,88.5
2025-06,northeast,MRD,2025,MRD-CO,2.0 가솔린,AWD,포레스트 그린,5,5,11911,-1485,10,60,88.5
2025-06,northeast,MRD,2025,MRD-CO,2.0 가솔린,AWD,샌드 베이지,5,5,11911,-1485,10,60,88.5
2025-06,northeast,MRD,2025,MRD-CO,2.0 가솔린,FWD,스노우 화이트,67,68,162721,-20291,133,60,88.5
2025-06,northeast,MRD,2025,MRD-CO,2.0 가솔린,FWD,미드나잇 블랙,53,54,128821,-16064,105,60,88.5
2025-06,northeast,MRD,2025,MRD-CO,2.0 가솔린,FWD,스틸 그레이,45,45,108481,-13527,88,60,88.5
2025-06,northeast,MRD,2025,MRD-CO,2.0 가솔린,FWD,실버,36,37,88141,-10991,72,60,88.5
2025-06,northeast,MRD,2025,MRD-CO,2.0 가솔린,FWD,오션 블루,28,28,67801,-8454,55,60,88.5
2025-06,northeast,MRD,2025,MRD-CO,2.0 가솔린,FWD,선셋 레드,22,23,54240,-6764,44,60,88.5
2025-06,northeast,MRD,2025,MRD-CO,2.0 가솔린,FWD,포레스트 그린,14,14,33900,-4227,28,60,88.5
2025-06,northeast,MRD,2025,MRD-CO,2.0 가솔린,FWD,샌드 베이지,14,14,33900,-4227,28,60,88.5
2025-06,northeast,MRD,2025,MRD-CO,1.6T 하이브리드,AWD,스노우 화이트,18,18,44197,-5511,36,60,88.5
2025-06,northeast,MRD,2025,MRD-CO,1.6T 하이브리드,AWD,미드나잇 블랙,14,15,34989,-4363,29,60,88.5
2025-06,northeast,MRD,2025,MRD-CO,1.6T 하이브리드,AWD,스틸 그레이,12,12,29465,-3674,24,60,88.5
2025-06,northeast,MRD,2025,MRD-CO,1.6T 하이브리드,AWD,실버,10,10,23940,-2985,20,60,88.5
2025-06,northeast,MRD,2025,MRD-CO,1.6T 하이브리드,AWD,오션 블루,8,8,18415,-2296,15,60,88.5
2025-06,northeast,MRD,2025,MRD-CO,1.6T 하이브리드,AWD,선셋 레드,6,6,14732,-1837,12,60,88.5
2025-06,northeast,MRD,2025,MRD-CO,1.6T 하이브리드,AWD,포레스트 그린,4,4,9208,-1148,8,60,88.5
2025-06,northeast,MRD,2025,MRD-CO,1.6T 하이브리드,AWD,샌드 베이지,4,4,9208,-1148,8,60,88.5
2025-06,northeast,MRD,2025,MRD-CO,1.6T 하이브리드,FWD,스노우 화이트,52,52,125792,-15686,102,60,88.5
2025-06,northeast,MRD,2025,MRD-CO,1.6T 하이브리드,FWD,미드나잇 블랙,41,41,99585,-12418,81,60,88.5
2025-06,northeast,MRD,2025,MRD-CO,1.6T 하이브리드,FWD,스틸 그레이,35,35,83861,-10457,68,60,88.5
2025-06,northeast,MRD,2025,MRD-CO,1.6T 하이브리드,FWD,실버,28,28,68137,-8496,56,60,88.5
2025-06,northeast,MRD,2025,MRD-CO,1.6T 하이브리드,FWD,오션 블루,22,22,52413,-6536,43,60,88.5
2025-06,northeast,MRD,2025,MRD-CO,1.6T 하이브리드,FWD,선셋 레드,17,17,41931,-5229,34,60,88.5
2025-06,northeast,MRD,2025,MRD-CO,1.6T 하이브리드,FWD,포레스트 그린,11,11,26207,-3268,21,60,88.5
2025-06,northeast,MRD,2025,MRD-CO,1.6T 하이브리드,FWD,샌드 베이지,11,11,26207,-3268,21,60,88.5
2025-06,northeast,MRD,2025,MRD-PR,2.0 가솔린,AWD,스노우 화이트,27,28,71956,-2498,54,60,88.5
2025-06,northeast,MRD,2025,MRD-PR,2.0 가솔린,AWD,미드나잇 블랙,22,22,56965,-1978,43,60,88.5
2025-06,northeast,MRD,2025,MRD-PR,2.0 가솔린,AWD,스틸 그레이,18,18,47971,-1666,36,60,88.5
2025-06,northeast,MRD,2025,MRD-PR,2.0 가솔린,AWD,실버,15,15,38976,-1353,29,60,88.5
2025-06,northeast,MRD,2025,MRD-PR,2.0 가솔린,AWD,오션 블루,11,11,29982,-1041,22,60,88.5
2025-06,northeast,MRD,2025,MRD-PR,2.0 가솔린,AWD,선셋 레드,9,9,23985,-833,18,60,88.5
2025-06,northeast,MRD,2025,MRD-PR,2.0 가솔린,AWD,포레스트 그린,6,6,14991,-520,11,60,88.5
2025-06,northeast,MRD,2025,MRD-PR,2.0 가솔린,AWD,샌드 베이지,6,6,14991,-520,11,60,88.5
2025-06,northeast,MRD,2025,MRD-PR,2.0 가솔린,FWD,스노우 화이트,78,78,204798,-7111,153,60,88.5
2025-06,northeast,MRD,2025,MRD-PR,2.0 가솔린,FWD,미드나잇 블랙,61,62,162132,-5629,122,60,88.5
2025-06,northeast,MRD,2025,MRD-PR,2.0 가솔린,FWD,스틸 그레이,52,52,136532,-4740,102,60,88.5
2025-06,northeast,MRD,2025,MRD-PR,2.0 가솔린,FWD,실버,42,42,110932,-3852,83,60,88.5
2025-06,northeast,MRD,2025,MRD-PR,2.0 가솔린,FWD,오션 블루,32,33,85333,-2963,64,60,88.5
2025-06,northeast,MRD,2025,MRD-PR,2.0 가솔린,FWD,선셋 레드,26,26,68266,-2370,51,60,88.5
2025-06,northeast,MRD,2025,MRD-PR,2.0 가솔린,FWD,포레스트 그린,16,16,42666,-1481,32,60,88.5
2025-06,northeast,MRD,2025,MRD-PR,2.0 가솔린,FWD,샌드 베이지,16,16,42666,-1481,32,60,88.5
2025-06,northeast,MRD,2025,MRD-PR,1.6T 하이브리드,AWD,스노우 화이트,21,21,55626,-1931,42,60,88.5
2025-06,northeast,MRD,2025,MRD-PR,1.6T 하이브리드,AWD,미드나잇 블랙,17,17,44037,-1529,33,60,88.5
2025-06,northeast,MRD,2025,MRD-PR,1.6T 하이브리드,AWD,스틸 그레이,14,14,37084,-1288,28,60,88.5
2025-06,northeast,MRD,2025,MRD-PR,1.6T 하이브리드,AWD,실버,11,12,30131,-1046,23,60,88.5
2025-06,northeast,MRD,2025,MRD-PR,1.6T 하이브리드,AWD,오션 블루,9,9,23177,-805,17,60,88.5
2025-06,northeast,MRD,2025,MRD-PR,1.6T 하이브리드,AWD,선셋 레드,7,7,18542,-644,14,60,88.5
2025-06,northeast,MRD,2025,MRD-PR,1.6T 하이브리드,AWD,포레스트 그린,4,4,11589,-402,9,60,88.5
2025-06,northeast,MRD,2025,MRD-PR,1.6T 하이브리드,AWD,샌드 베이지,4,4,11589,-402,9,60,88.5
2025-06,northeast,MRD,2025,MRD-PR,1.6T 하이브리드,FWD,스노우 화이트,60,61,158319,-5497,119,60,88.5
2025-06,northeast,MRD,2025,MRD-PR,1.6T 하이브리드,FWD,미드나잇 블랙,47,48,125336,-4352,94,60,88.5
2025-06,northeast,MRD,2025,MRD-PR,1.6T 하이브리드,FWD,스틸 그레이,40,40,105546,-3665,79,60,88.5
2025-06,northeast,MRD,2025,MRD-PR,1.6T 하이브리드,FWD,실버,32,33,85756,-2977,64,60,88.5
2025-06,northeast,MRD,2025,MRD-PR,1.6T 하이브리드,FWD,오션 블루,25,25,65966,-2290,49,60,88.5
2025-06,northeast,MRD,2025,MRD-PR,1.6T 하이브리드,FWD,선셋 레드,20,20,52773,-1832,40,60,88.5
2025-06,northeast,MRD,2025,MRD-PR,1.6T 하이브리드,FWD,포레스트 그린,12,13,32983,-1145,25,60,88.5
2025-06,northeast,MRD,2025,MRD-PR,1.6T 하이브리드,FWD,샌드 베이지,12,13,32983,-1145,25,60,88.5
2025-06,northeast,MRD,2025,MRD-SP,2.0 가솔린,AWD,스노우 화이트,11,11,33558,3099,22,60,88.5
2025-06,northeast,MRD,2025,MRD-SP,2.0 가솔린,AWD,미드나잇 블랙,9,9,26567,2453,17,60,88.5
2025-06,northeast,MRD,2025,MRD-SP,2.0 가솔린,AWD,스틸 그레이,7,8,22372,2066,15,60,88.5
2025-06,northeast,MRD,2025,MRD-SP,2.0 가솔린,AWD,실버,6,6,18177,1679,12,60,88.5
2025-06,northeast,MRD,2025,MRD-SP,2.0 가솔린,AWD,오션 블루,5,5,13982,1291,9,60,88.5
2025-06,northeast,MRD,2025,MRD-SP,2.0 가솔린,AWD,선셋 레드,4,4,11186,1033,7,60,88.5
2025-06,northeast,MRD,2025,MRD-SP,2.0 가솔린,AWD,포레스트 그린,2,2,6991,646,5,46,88.5
2025-06,northeast,MRD,2025,MRD-SP,2.0 가솔린,AWD,샌드 베이지,2,2,6991,646,5,46,88.5
2025-06,northeast,MRD,2025,MRD-SP,2.0 가솔린,FWD,스노우 화이트,32,32,95510,8820,63,60,88.5
2025-06,northeast,MRD,2025,MRD-SP,2.0 가솔린,FWD,미드나잇 블랙,25,25,75612,6983,50,60,88.5
2025-06,northeast,MRD,2025,MRD-SP,2.0 가솔린,FWD,스틸 그레이,21,21,63674,5880,42,60,88.5
2025-06,northeast,MRD,2025,MRD-SP,2.0 가솔린,FWD,실버,17,17,51735,4778,34,60,88.5
2025-06,northeast,MRD,2025,MRD-SP,2.0 가솔린,FWD,오션 블루,13,13,39796,3675,26,60,88.5
2025-06,northeast,MRD,2025,MRD-SP,2.0 가솔린,FWD,선셋 레드,11,11,31837,2940,21,60,88.5
2025-06,northeast,MRD,2025,MRD-SP,2.0 가솔린,FWD,포레스트 그린,7,7,19898,1838,13,60,88.5
2025-06,northeast,MRD,2025,MRD-SP,2.0 가솔린,FWD,샌드 베이지,7,7,19898,1838,13,60,88.5
2025-06,northeast,MRD,2025,MRD-SP,1.6T 하이브리드,AWD,스노우 화이트,9,9,25942,2396,17,60,88.5
2025-06,northeast,MRD,2025,MRD-SP,1.6T 하이브리드,AWD,미드나잇 블랙,7,7,20537,1897,14,60,88.5
2025-06,northeast,MRD,2025,MRD-SP,1.6T 하이브리드,AWD,스틸 그레이,6,6,17295,1597,11,60,88.5
2025-06,northeast,MRD,2025,MRD-SP,1.6T 하이브리드,AWD,실버,5,5,14052,1298,9,60,88.5
2025-06,northeast,MRD,2025,MRD-SP,1.6T 하이브리드,AWD,오션 블루,4,4,10809,998,7,60,88.5
2025-06,northeast,MRD,2025,MRD-SP,1.6T 하이브리드,AWD,선셋 레드,3,3,8647,799,6,57,88.5
2025-06,northeast,MRD,2025,MRD-SP,1.6T 하이브리드,AWD,포레스트 그린,2,2,5405,499,4,36,88.5
2025-06,northeast,MRD,2025,MRD-SP,1.6T 하이브리드,AWD,샌드 베이지,2,2,5405,499,4,36,88.5
2025-06,northeast,MRD,2025,MRD-SP,1.6T 하이브리드,FWD,스노우 화이트,25,25,73834,6819,49,60,88.5
2025-06,northeast,MRD,2025,MRD-SP,1.6T 하이브리드,FWD,미드나잇 블랙,19,20,58452,5398,38,60,88.5
2025-06,northeast,MRD,2025,MRD-SP,1.6T 하이브리드,FWD,스틸 그레이,16,17,49223,4546,32,60,88.5
2025-06,northeast,MRD,2025,MRD-SP,1.6T 하이브리드,FWD,실버,13,13,39994,3693,26,60,88.5
2025-06,northeast,MRD,2025,MRD-SP,1.6T 하이브리드,FWD,오션 블루,10,10,30764,2841,20,60,88.5
2025-06,northeast,MRD,2025,MRD-SP,1.6T 하이브리드,FWD,선셋 레드,8,8,24611,2273,16,60,88.5
2025-06,northeast,MRD,2025,MRD-SP,1.6T 하이브리드,FWD,포레스트 그린,5,5,15382,1421,10,60,88.5
2025-06,northeast,MRD,2025,MRD-SP,1.6T 하이브리드,FWD,샌드 베이지,5,5,15382,1421,10,60,88.5
2025-06,southeast,MRD,2025,MRD-CO,2.0 가솔린,AWD,스노우 화이트,16,16,39581,-4936,32,60,88.5
2025-06,southeast,MRD,2025,MRD-CO,2.0 가솔린,AWD,미드나잇 블랙,13,13,31335,-3907,26,60,88.5
2025-06,southeast,MRD,2025,MRD-CO,2.0 가솔린,AWD,스틸 그레이,11,11,26387,-3290,21,60,88.5
2025-06,southeast,MRD,2025,MRD-CO,2.0 가솔린,AWD,실버,9,9,21440,-2673,17,60,88.5
2025-06,southeast,MRD,2025,MRD-CO,2.0 가솔린,AWD,오션 블루,7,7,16492,-2056,13,60,88.5
2025-06,southeast,MRD,2025,MRD-CO,2.0 가솔린,AWD,선셋 레드,5,5,13194,-1645,11,60,88.5
2025-06,southeast,MRD,2025,MRD-CO,2.0 가솔린,AWD,포레스트 그린,3,3,8246,-1028,7,60,88.5
2025-06,southeast,MRD,2025,MRD-CO,2.0 가솔린,AWD,샌드 베이지,3,3,8246,-1028,7,60,88.5
2025-06,southeast,MRD,2025,MRD-CO,2.0 가솔린,FWD,스노우 화이트,80,80,193248,-24097,157,60,88.5
2025-06,southeast,MRD,2025,MRD-CO,2.0 가솔린,FWD,미드나잇 블랙,63,64,152988,-19077,125,60,88.5
2025-06,southeast,MRD,2025,MRD-CO,2.0 가솔린,FWD,스틸 그레이,53,54,128832,-16065,105,60,88.5
2025-06,southeast,MRD,2025,MRD-CO,2.0 가솔린,FWD,실버,43,44,104676,-13053,85,60,88.5
2025-06,southeast,MRD,2025,MRD-CO,2.0 가솔린,FWD,오션 블루,33,33,80520,-10041,66,60,88.5
2025-06,southeast,MRD,2025,MRD-CO,2.0 가솔린,FWD,선셋 레드,27,27,64416,-8032,52,60,88.5
2025-06,southeast,MRD,2025,MRD-CO,2.0 가솔린,FWD,포레스트 그린,17,17,40260,-5020,33,60,88.5
2025-06,southeast,MRD,2025,MRD-CO,2.0 가솔린,FWD,샌드 베이지,17,17,40260,-5020,33,60,88.5
2025-06,southeast,MRD,2025,MRD-CO,1.6T 하이브리드,AWD,스노우 화이트,13,13,30598,-3815,25,60,88.5
2025-06,southeast,MRD,2025,MRD-CO,1.6T 하이브리드,AWD,미드나잇 블랙,10,10,24223,-3021,20,60,88.5
2025-06,southeast,MRD,2025,MRD-CO,1.6T 하이브리드,AWD,스틸 그레이,8,8,20399,-2544,17,60,88.5
2025-06,southeast,MRD,2025,MRD-CO,1.6T 하이브리드,AWD,실버,7,7,16574,-2067,14,60,88.5
2025-06,southeast,MRD,2025,MRD-CO,1.6T 하이브리드,AWD,오션 블루,5,5,12749,-1590,10,60,88.5
2025-06,southeast,MRD,2025,MRD-CO,1.6T 하이브리드,AWD,선셋 레드,4,4,10199,-1272,8,60,88.5
2025-06,southeast,MRD,2025,MRD-CO,1.6T 하이브리드,AWD,포레스트 그린,3,3,6375,-795,5,52,88.5
2025-06,southeast,MRD,2025,MRD-CO,1.6T 하이브리드,AWD,샌드 베이지,3,3,6375,-795,5,52,88.5
2025-06,southeast,MRD,2025,MRD-CO,1.6T 하이브리드,FWD,스노우 화이트,62,62,149390,-18628,122,60,88.5
2025-06,southeast,MRD,2025,MRD-CO,1.6T 하이브리드,FWD,미드나잇 블랙,49,49,118267,-14747,96,60,88.5
2025-06,southeast,MRD,2025,MRD-CO,1.6T 하이브리드,FWD,스틸 그레이,41,41,99593,-12419,81,60,88.5
2025-06,southeast,MRD,2025,MRD-CO,1.6T 하이브리드,FWD,실버,33,34,80920,-10090,66,60,88.5
2025-06,southeast,MRD,2025,MRD-CO,1.6T 하이브리드,FWD,오션 블루,26,26,62246,-7762,51,60,88.5
2025-06,southeast,MRD,2025,MRD-CO,1.6T 하이브리드,FWD,선셋 레드,21,21,49797,-6209,41,60,88.5
2025-06,southeast,MRD,2025,MRD-CO,1.6T 하이브리드,FWD,포레스트 그린,13,13,31123,-3881,25,60,88.5
2025-06,southeast,MRD,2025,MRD-CO,1.6T 하이브리드,FWD,샌드 베이지,13,13,31123,-3881,25,60,88.5
2025-06,southeast,MRD,2025,MRD-PR,2.0 가솔린,AWD,스노우 화이트,19,19,49816,-1730,37,60,88.5
2025-06,southeast,MRD,2025,MRD-PR,2.0 가솔린,AWD,미드나잇 블랙,15,15,39437,-1369,30,60,88.5
2025-06,southeast,MRD,2025,MRD-PR,2.0 가솔린,AWD,스틸 그레이,13,13,33211,-1153,25,60,88.5
2025-06,southeast,MRD,2025,MRD-PR,2.0 가솔린,AWD,실버,10,10,26984,-937,20,60,88.5
2025-06,southeast,MRD,2025,MRD-PR,2.0 가솔린,AWD,오션 블루,8,8,20757,-721,16,60,88.5
2025-06,southeast,MRD,2025,MRD-PR,2.0 가솔린,AWD,선셋 레드,6,6,16605,-577,12,60,88.5
2025-06,southeast,MRD,2025,MRD-PR,2.0 가솔린,AWD,포레스트 그린,4,4,10378,-360,8,60,88.5
2025-06,southeast,MRD,2025,MRD-PR,2.0 가솔린,AWD,샌드 베이지,4,4,10378,-360,8,60,88.5
2025-06,southeast,MRD,2025,MRD-PR,2.0 가솔린,FWD,스노우 화이트,92,93,243218,-8445,182,60,88.5
2025-06,southeast,MRD,2025,MRD-PR,2.0 가솔린,FWD,미드나잇 블랙,73,74,192548,-6685,144,60,88.5
2025-06,southeast,MRD,2025,MRD-PR,2.0 가솔린,FWD,스틸 그레이,61,62,162145,-5630,122,60,88.5
2025-06,southeast,MRD,2025,MRD-PR,2.0 가솔린,FWD,실버,50,50,131743,-4574,99,60,88.5
2025-06,southeast,MRD,2025,MRD-PR,2.0 가솔린,FWD,오션 블루,38,39,101341,-3519,76,60,88.5
2025-06,southeast,MRD,2025,MRD-PR,2.0 가솔린,FWD,선셋 레드,31,31,81073,-2815,61,60,88.5
2025-06,southeast,MRD,2025,MRD-PR,2.0 가솔린,FWD,포레스트 그린,19,19,50670,-1759,38,60,88.5
2025-06,southeast,MRD,2025,MRD-PR,2.0 가솔린,FWD,샌드 베이지,19,19,50670,-1759,38,60,88.5
2025-06,southeast,MRD,2025,MRD-PR,1.6T 하이브리드,AWD,스노우 화이트,15,15,38510,-1337,29,60,88.5
2025-06,southeast,MRD,2025,MRD-PR,1.6T 하이브리드,AWD,미드나잇 블랙,12,12,30487,-1059,23,60,88.5
2025-06,southeast,MRD,2025,MRD-PR,1.6T 하이브리드,AWD,스틸 그레이,10,10,25673,-891,19,60,88.5
2025-06,southeast,MRD,2025,MRD-PR,1.6T 하이브리드,AWD,실버,8,8,20860,-724,16,60,88.5
2025-06,southeast,MRD,2025,MRD-PR,1.6T 하이브리드,AWD,오션 블루,6,6,16046,-557,12,60,88.5
2025-06,southeast,MRD,2025,MRD-PR,1.6T 하이브리드,AWD,선셋 레드,5,5,12837,-446,10,60,88.5
2025-06,southeast,MRD,2025,MRD-PR,1.6T 하이브리드,AWD,포레스트 그린,3,3,8023,-279,6,60,88.5
2025-06,southeast,MRD,2025,MRD-PR,1.6T 하이브리드,AWD,샌드 베이지,3,3,8023,-279,6,60,88.5
2025-06,southeast,MRD,2025,MRD-PR,1.6T 하이브리드,FWD,스노우 화이트,71,72,188020,-6528,141,60,88.5
2025-06,southeast,MRD,2025,MRD-PR,1.6T 하이브리드,FWD,미드나잇 블랙,56,57,148849,-5168,112,60,88.5
2025-06,southeast,MRD,2025,MRD-PR,1.6T 하이브리드,FWD,스틸 그레이,47,48,125346,-4352,94,60,88.5
2025-06,southeast,MRD,2025,MRD-PR,1.6T 하이브리드,FWD,실버,39,39,101844,-3536,76,60,88.5
2025-06,southeast,MRD,2025,MRD-PR,1.6T 하이브리드,FWD,오션 블루,30,30,78342,-2720,59,60,88.5
2025-06,southeast,MRD,2025,MRD-PR,1.6T 하이브리드,FWD,선셋 레드,24,24,62673,-2176,47,60,88.5
2025-06,southeast,MRD,2025,MRD-PR,1.6T 하이브리드,FWD,포레스트 그린,15,15,39171,-1360,29,60,88.5
2025-06,southeast,MRD,2025,MRD-PR,1.6T 하이브리드,FWD,샌드 베이지,15,15,39171,-1360,29,60,88.5
2025-06,southeast,MRD,2025,MRD-SP,2.0 가솔린,AWD,스노우 화이트,8,8,23232,2146,15,60,88.5
2025-06,southeast,MRD,2025,MRD-SP,2.0 가솔린,AWD,미드나잇 블랙,6,6,18392,1699,12,60,88.5
2025-06,southeast,MRD,2025,MRD-SP,2.0 가솔린,AWD,스틸 그레이,5,5,15488,1430,10,60,88.5
2025-06,southeast,MRD,2025,MRD-SP,2.0 가솔린,AWD,실버,4,4,12584,1162,8,60,88.5
2025-06,southeast,MRD,2025,MRD-SP,2.0 가솔린,AWD,오션 블루,3,3,9680,894,6,60,88.5
2025-06,southeast,MRD,2025,MRD-SP,2.0 가솔린,AWD,선셋 레드,3,3,7744,715,5,51,88.5
2025-06,southeast,MRD,2025,MRD-SP,2.0 가솔린,AWD,포레스트 그린,2,2,4840,447,3,32,88.5
2025-06,southeast,MRD,2025,MRD-SP,2.0 가솔린,AWD,샌드 베이지,2,2,4840,447,3,32,88.5
2025-06,southeast,MRD,2025,MRD-SP,2.0 가솔린,FWD,스노우 화이트,38,38,113428,10475,75,60,88.5
2025-06,southeast,MRD,2025,MRD-SP,2.0 가솔린,FWD,미드나잇 블랙,30,30,89797,8293,59,60,88.5
2025-06,southeast,MRD,2025,MRD-SP,2.0 가솔린,FWD,스틸 그레이,25,25,75619,6983,50,60,88.5
2025-06,southeast,MRD,2025,MRD-SP,2.0 가솔린,FWD,실버,20,21,61440,5674,40,60,88.5
2025-06,southeast,MRD,2025,MRD-SP,2.0 가솔린,FWD,오션 블루,16,16,47262,4365,31,60,88.5
2025-06,southeast,MRD,2025,MRD-SP,2.0 가솔린,FWD,선셋 레드,13,13,37809,3492,25,60,88.5
2025-06,southeast,MRD,2025,MRD-SP,2.0 가솔린,FWD,포레스트 그린,8,8,23631,2182,16,60,88.5
2025-06,southeast,MRD,2025,MRD-SP,2.0 가솔린,FWD,샌드 베이지,8,8,23631,2182,16,60,88.5
2025-06,southeast,MRD,2025,MRD-SP,1.6T 하이브리드,AWD,스노우 화이트,6,6,17960,1659,12,60,88.5
2025-06,southeast,MRD,2025,MRD-SP,1.6T 하이브리드,AWD,미드나잇 블랙,5,5,14218,1313,9,60,88.5
2025-06,southeast,MRD,2025,MRD-SP,1.6T 하이브리드,AWD,스틸 그레이,4,4,11973,1106,8,60,88.5
2025-06,southeast,MRD,2025,MRD-SP,1.6T 하이브리드,AWD,실버,3,3,9728,898,6,60,88.5
2025-06,southeast,MRD,2025,MRD-SP,1.6T 하이브리드,AWD,오션 블루,2,3,7483,691,5,49,88.5
2025-06,southeast,MRD,2025,MRD-SP,1.6T 하이브리드,AWD,선셋 레드,2,2,5987,553,4,39,88.5
2025-06,southeast,MRD,2025,MRD-SP,1.6T 하이브리드,AWD,포레스트 그린,1,1,3742,346,2,25,88.5
2025-06,southeast,MRD,2025,MRD-SP,1.6T 하이브리드,AWD,샌드 베이지,1,1,3742,346,2,25,88.5
2025-06,southeast,MRD,2025,MRD-SP,1.6T 하이브리드,FWD,스노우 화이트,29,29,87686,8098,58,60,88.5
2025-06,southeast,MRD,2025,MRD-SP,1.6T 하이브리드,FWD,미드나잇 블랙,23,23,69418,6411,46,60,88.5
2025-06,southeast,MRD,2025,MRD-SP,1.6T 하이브리드,FWD,스틸 그레이,19,20,58457,5399,38,60,88.5
2025-06,southeast,MRD,2025,MRD-SP,1.6T 하이브리드,FWD,실버,16,16,47496,4386,31,60,88.5
2025-06,southeast,MRD,2025,MRD-SP,1.6T 하이브리드,FWD,오션 블루,12,12,36536,3374,24,60,88.5
2025-06,southeast,MRD,2025,MRD-SP,1.6T 하이브리드,FWD,선셋 레드,10,10,29229,2699,19,60,88.5
2025-06,southeast,MRD,2025,MRD-SP,1.6T 하이브리드,FWD,포레스트 그린,6,6,18268,1687,12,60,88.5
2025-06,southeast,MRD,2025,MRD-SP,1.6T 하이브리드,FWD,샌드 베이지,6,6,18268,1687,12,60,88.5
2025-06,west,NOV,2025,NOV-CO,3.5 가솔린,AWD,스노우 화이트,39,39,138215,-15,79,62,88.5
2025-06,west,NOV,2025,NOV-CO,3.5 가솔린,AWD,미드나잇 블랙,31,31,109420,-12,62,62,88.5
2025-06,west,NOV,2025,NOV-CO,3.5 가솔린,AWD,스틸 그레이,26,26,92143,-10,53,62,88.5
2025-06,west,NOV,2025,NOV-CO,3.5 가솔린,AWD,실버,21,21,74866,-8,43,62,88.5
2025-06,west,NOV,2025,NOV-CO,3.5 가솔린,AWD,오션 블루,16,16,57589,-6,33,62,88.5
2025-06,west,NOV,2025,NOV-CO,3.5 가솔린,AWD,선셋 레드,13,13,46072,-5,26,62,88.5
2025-06,west,NOV,2025,NOV-CO,3.5 가솔린,AWD,포레스트 그린,8,8,28795,-3,16,62,88.5
2025-06,west,NOV,2025,NOV-CO,3.5 가솔린,AWD,샌드 베이지,8,8,28795,-3,16,62,88.5
2025-06,west,NOV,2025,NOV-CO,3.5 가솔린,FWD,스노우 화이트,72,73,256685,-29,146,62,88.5
2025-06,west,NOV,2025,NOV-CO,3.5 가솔린,FWD,미드나잇 블랙,57,58,203209,-23,116,62,88.5
2025-06,west,NOV,2025,NOV-CO,3.5 가솔린,FWD,스틸 그레이,48,49,171123,-19,98,62,88.5
2025-06,west,NOV,2025,NOV-CO,3.5 가솔린,FWD,실버,39,40,139037,-15,79,62,88.5
2025-06,west,NOV,2025,NOV-CO,3.5 가솔린,FWD,오션 블루,30,30,106952,-12,61,62,88.5
2025-06,west,NOV,2025,NOV-CO,3.5 가솔린,FWD,선셋 레드,24,24,85562,-10,49,62,88.5
2025-06,west,NOV,2025,NOV-CO,3.5 가솔린,FWD,포레스트 그린,15,15,53476,-6,31,62,88.5
2025-06,west,NOV,2025,NOV-CO,3.5 가솔린,FWD,샌드 베이지,15,15,53476,-6,31,62,88.5
2025-06,west,NOV,2025,NOV-CO,1.6T 하이브리드,AWD,스노우 화이트,30,30,106847,-12,61,62,88.5
2025-06,west,NOV,2025,NOV-CO,1.6T 하이브리드,AWD,미드나잇 블랙,24,24,84587,-9,48,62,88.5
2025-06,west,NOV,2025,NOV-CO,1.6T 하이브리드,AWD,스틸 그레이,20,20,71231,-8,41,62,88.5
2025-06,west,NOV,2025,NOV-CO,1.6T 하이브리드,AWD,실버,16,16,57875,-6,33,62,88.5
2025-06,west,NOV,2025,NOV-CO,1.6T 하이브리드,AWD,오션 블루,12,13,44520,-5,25,62,88.5
2025-06,west,NOV,2025,NOV-CO,1.6T 하이브리드,AWD,선셋 레드,10,10,35616,-4,20,62,88.5
2025-06,west,NOV,2025,NOV-CO,1.6T 하이브리드,AWD,포레스트 그린,6,6,22260,-2,13,62,88.5
2025-06,west,NOV,2025,NOV-CO,1.6T 하이브리드,AWD,샌드 베이지,6,6,22260,-2,13,62,88.5
2025-06,west,NOV,2025,NOV-CO,1.6T 하이브리드,FWD,스노우 화이트,56,56,198430,-22,113,62,88.5
2025-06,west,NOV,2025,NOV-CO,1.6T 하이브리드,FWD,미드나잇 블랙,44,45,157090,-17,90,62,88.5
2025-06,west,NOV,2025,NOV-CO,1.6T 하이브리드,FWD,스틸 그레이,37,38,132287,-15,75,62,88.5
2025-06,west,NOV,2025,NOV-CO,1.6T 하이브리드,FWD,실버,30,31,107483,-12,61,62,88.5
2025-06,west,NOV,2025,NOV-CO,1.6T 하이브리드,FWD,오션 블루,23,24,82679,-9,47,62,88.5
2025-06,west,NOV,2025,NOV-CO,1.6T 하이브리드,FWD,선셋 레드,19,19,66143,-7,38,62,88.5
2025-06,west,NOV,2025,NOV-CO,1.6T 하이브리드,FWD,포레스트 그린,12,12,41340,-5,24,62,88.5
2025-06,west,NOV,2025,NOV-CO,1.6T 하이브리드,FWD,샌드 베이지,12,12,41340,-5,24,62,88.5
2025-06,west,NOV,2025,NOV-PR,3.5 가솔린,AWD,스노우 화이트,45,46,173954,13899,91,62,88.5
2025-06,west,NOV,2025,NOV-PR,3.5 가솔린,AWD,미드나잇 블랙,35,36,137714,11003,72,62,88.5
2025-06,west,NOV,2025,NOV-PR,3.5 가솔린,AWD,스틸 그레이,30,30,115970,9266,61,62,88.5
2025-06,west,NOV,2025,NOV-PR,3.5 가솔린,AWD,실버,24,25,94225,7528,49,62,88.5
2025-06,west,NOV,2025,NOV-PR,3.5 가솔린,AWD,오션 블루,19,19,72481,5791,38,62,88.5
2025-06,west,NOV,2025,NOV-PR,3.5 가솔린,AWD,선셋 레드,15,15,57985,4633,30,62,88.5
2025-06,west,NOV,2025,NOV-PR,3.5 가솔린,AWD,포레스트 그린,9,9,36241,2896,19,62,88.5
2025-06,west,NOV,2025,NOV-PR,3.5 가솔린,AWD,샌드 베이지,9,9,36241,2896,19,62,88.5
2025-06,west,NOV,2025,NOV-PR,3.5 가솔린,FWD,스노우 화이트,83,85,323058,25812,170,62,88.5
2025-06,west,NOV,2025,NOV-PR,3.5 가솔린,FWD,미드나잇 블랙,66,67,255755,20434,134,62,88.5
2025-06,west,NOV,2025,NOV-PR,3.5 가솔린,FWD,스틸 그레이,55,56,215372,17208,113,62,88.5
2025-06,west,NOV,2025,NOV-PR,3.5 가솔린,FWD,실버,45,46,174990,13981,92,62,88.5
2025-06,west,NOV,2025,NOV-PR,3.5 가솔린,FWD,오션 블루,35,35,134608,10755,71,62,88.5
2025-06,west,NOV,2025,NOV-PR,3.5 가솔린,FWD,선셋 레드,28,28,107686,8604,57,62,88.5
2025-06,west,NOV,2025,NOV-PR,3.5 가솔린,FWD,포레스트 그린,17,18,67304,5377,35,62,88.5
2025-06,west,NOV,2025,NOV-PR,3.5 가솔린,FWD,샌드 베이지,17,18,67304,5377,35,62,88.5
2025-06,west,NOV,2025,NOV-PR,1.6T 하이브리드,AWD,스노우 화이트,35,35,134475,10744,71,62,88.5
2025-06,west,NOV,2025,NOV-PR,1.6T 하이브리드,AWD,미드나잇 블랙,27,28,106460,8506,56,62,88.5
2025-06,west,NOV,2025,NOV-PR,1.6T 하이브리드,AWD,스틸 그레이,23,23,89650,7163,47,62,88.5
2025-06,west,NOV,2025,NOV-PR,1.6T 하이브리드,AWD,실버,19,19,72841,5820,38,62,88.5
2025-06,west,NOV,2025,NOV-PR,1.6T 하이브리드,AWD,오션 블루,14,15,56031,4477,29,62,88.5
2025-06,west,NOV,2025,NOV-PR,1.6T 하이브리드,AWD,선셋 레드,12,12,44825,3581,24,62,88.5
2025-06,west,NOV,2025,NOV-PR,1.6T 하이브리드,AWD,포레스트 그린,7,7,28016,2238,15,62,88.5
2025-06,west,NOV,2025,NOV-PR,1.6T 하이브리드,AWD,샌드 베이지,7,7,28016,2238,15,62,88.5
2025-06,west,NOV,2025,NOV-PR,1.6T 하이브리드,FWD,스노우 화이트,64,65,249740,19954,131,62,88.5
2025-06,west,NOV,2025,NOV-PR,1.6T 하이브리드,FWD,미드나잇 블랙,51,52,197711,15797,104,62,88.5
2025-06,west,NOV,2025,NOV-PR,1.6T 하이브리드,FWD,스틸 그레이,43,44,166493,13302,87,62,88.5
2025-06,west,NOV,2025,NOV-PR,1.6T 하이브리드,FWD,실버,35,35,135276,10808,71,62,88.5
2025-06,west,NOV,2025,NOV-PR,1.6T 하이브리드,FWD,오션 블루,27,27,104058,8314,55,62,88.5
2025-06,west,NOV,2025,NOV-PR,1.6T 하이브리드,FWD,선셋 레드,21,22,83247,6651,44,62,88.5
2025-06,west,NOV,2025,NOV-PR,1.6T 하이브리드,FWD,포레스트 그린,13,14,52029,4157,27,62,88.5
2025-06,west,NOV,2025,NOV-PR,1.6T 하이브리드,FWD,샌드 베이지,13,14,52029,4157,27,62,88.5
2025-06,west,NOV,2025,NOV-LO,3.5 가솔린,AWD,스노우 화이트,18,19,81126,15649,37,62,88.5
2025-06,west,NOV,2025,NOV-LO,3.5 가솔린,AWD,미드나잇 블랙,15,15,64225,12388,30,62,88.5
2025-06,west,NOV,2025,NOV-LO,3.5 가솔린,AWD,스틸 그레이,12,12,54084,10432,25,62,88.5
2025-06,west,NOV,2025,NOV-LO,3.5 가솔린,AWD,실버,10,10,43943,8476,20,62,88.5
2025-06,west,NOV,2025,NOV-LO,3.5 가솔린,AWD,오션 블루,8,8,33803,6520,16,62,88.5
2025-06,west,NOV,2025,NOV-LO,3.5 가솔린,AWD,선셋 레드,6,6,27042,5216,12,62,88.5
2025-06,west,NOV,2025,NOV-LO,3.5 가솔린,AWD,포레스트 그린,4,4,16901,3260,8,62,88.5
2025-06,west,NOV,2025,NOV-LO,3.5 가솔린,AWD,샌드 베이지,4,4,16901,3260,8,62,88.5
2025-06,west,NOV,2025,NOV-LO,3.5 가솔린,FWD,스노우 화이트,34,35,150663,29062,69,62,88.5
2025-06,west,NOV,2025,NOV-LO,3.5 가솔린,FWD,미드나잇 블랙,27,27,119275,23007,55,62,88.5
2025-06,west,NOV,2025,NOV-LO,3.5 가솔린,FWD,스틸 그레이,23,23,100442,19374,46,62,88.5
2025-06,west,NOV,2025,NOV-LO,3.5 가솔린,FWD,실버,18,19,81609,15742,38,62,88.5
2025-06,west,NOV,2025,NOV-LO,3.5 가솔린,FWD,오션 블루,14,14,62776,12109,29,62,88.5
2025-06,west,NOV,2025,NOV-LO,3.5 가솔린,FWD,선셋 레드,11,12,50221,9687,23,62,88.5
2025-06,west,NOV,2025,NOV-LO,3.5 가솔린,FWD,포레스트 그린,7,7,31388,6055,14,62,88.5
2025-06,west,NOV,2025,NOV-LO,3.5 가솔린,FWD,샌드 베이지,7,7,31388,6055,14,62,88.5
2025-06,west,NOV,2025,NOV-LO,1.6T 하이브리드,AWD,스노우 화이트,14,14,62714,12097,29,62,88.5
2025-06,west,NOV,2025,NOV-LO,1.6T 하이브리드,AWD,미드나잇 블랙,11,11,49649,9577,23,62,88.5
2025-06,west,NOV,2025,NOV-LO,1.6T 하이브리드,AWD,스틸 그레이,9,10,41810,8065,19,62,88.5
2025-06,west,NOV,2025,NOV-LO,1.6T 하이브리드,AWD,실버,8,8,33970,6553,16,62,88.5
2025-06,west,NOV,2025,NOV-LO,1.6T 하이브리드,AWD,오션 블루,6,6,26131,5040,12,62,88.5
2025-06,west,NOV,2025,NOV-LO,1.6T 하이브리드,AWD,선셋 레드,5,5,20905,4032,10,62,88.5
2025-06,west,NOV,2025,NOV-LO,1.6T 하이브리드,AWD,포레스트 그린,3,3,13066,2520,6,60,88.5
2025-06,west,NOV,2025,NOV-LO,1.6T 하이브리드,AWD,샌드 베이지,3,3,13066,2520,6,60,88.5
2025-06,west,NOV,2025,NOV-LO,1.6T 하이브리드,FWD,스노우 화이트,26,27,116470,22466,54,62,88.5
2025-06,west,NOV,2025,NOV-LO,1.6T 하이브리드,FWD,미드나잇 블랙,21,21,92205,17786,42,62,88.5
2025-06,west,NOV,2025,NOV-LO,1.6T 하이브리드,FWD,스틸 그레이,18,18,77646,14977,36,62,88.5
2025-06,west,NOV,2025,NOV-LO,1.6T 하이브리드,FWD,실버,14,14,63088,12169,29,62,88.5
2025-06,west,NOV,2025,NOV-LO,1.6T 하이브리드,FWD,오션 블루,11,11,48529,9361,22,62,88.5
2025-06,west,NOV,2025,NOV-LO,1.6T 하이브리드,FWD,선셋 레드,9,9,38823,7489,18,62,88.5
2025-06,west,NOV,2025,NOV-LO,1.6T 하이브리드,FWD,포레스트 그린,5,6,24265,4680,11,62,88.5
2025-06,west,NOV,2025,NOV-LO,1.6T 하이브리드,FWD,샌드 베이지,5,6,24265,4680,11,62,88.5
2025-06,central,NOV,2025,NOV-CO,3.5 가솔린,AWD,스노우 화이트,29,30,103927,-12,59,62,88.5
2025-06,central,NOV,2025,NOV-CO,3.5 가솔린,AWD,미드나잇 블랙,23,23,82275,-9,47,62,88.5
2025-06,central,NOV,2025,NOV-CO,3.5 가솔린,AWD,스틸 그레이,19,20,69285,-8,40,62,88.5
2025-06,central,NOV,2025,NOV-CO,3.5 가솔린,AWD,실버,16,16,56294,-6,32,62,88.5
2025-06,central,NOV,2025,NOV-CO,3.5 가솔린,AWD,오션 블루,12,12,43303,-5,25,62,88.5
2025-06,central,NOV,2025,NOV-CO,3.5 가솔린,AWD,선셋 레드,10,10,34642,-4,20,62,88.5
2025-06,central,NOV,2025,NOV-CO,3.5 가솔린,AWD,포레스트 그린,6,6,21651,-2,12,62,88.5
2025-06,central,NOV,2025,NOV-CO,3.5 가솔린,AWD,샌드 베이지,6,6,21651,-2,12,62,88.5
2025-06,central,NOV,2025,NOV-CO,3.5 가솔린,FWD,스노우 화이트,43,44,154277,-17,88,62,88.5
2025-06,central,NOV,2025,NOV-CO,3.5 가솔린,FWD,미드나잇 블랙,34,35,122136,-14,70,62,88.5
2025-06,central,NOV,2025,NOV-CO,3.5 가솔린,FWD,스틸 그레이,29,29,102851,-11,59,62,88.5
2025-06,central,NOV,2025,NOV-CO,3.5 가솔린,FWD,실버,23,24,83566,-9,48,62,88.5
2025-06,central,NOV,2025,NOV-CO,3.5 가솔린,FWD,오션 블루,18,18,64282,-7,37,62,88.5
2025-06,central,NOV,2025,NOV-CO,3.5 가솔린,FWD,선셋 레드,14,15,51426,-6,29,62,88.5
2025-06,central,NOV,2025,NOV-CO,3.5 가솔린,FWD,포레스트 그린,9,9,32141,-4,18,62,88.5
2025-06,central,NOV,2025,NOV-CO,3.5 가솔린,FWD,샌드 베이지,9,9,32141,-4,18,62,88.5
2025-06,central,NOV,2025,NOV-CO,1.6T 하이브리드,AWD,스노우 화이트,22,23,80341,-9,46,62,88.5
2025-06,central,NOV,2025,NOV-CO,1.6T 하이브리드,AWD,미드나잇 블랙,18,18,63603,-7,36,62,88.5
2025-06,central,NOV,2025,NOV-CO,1.6T 하이브리드,AWD,스틸 그레이,15,15,53560,-6,31,62,88.5
2025-06,central,NOV,2025,NOV-CO,1.6T 하이브리드,AWD,실버,12,12,43518,-5,25,62,88.5
2025-06,central,NOV,2025,NOV-CO,1.6T 하이브리드,AWD,오션 블루,9,10,33475,-4,19,62,88.5
2025-06,central,NOV,2025,NOV-CO,1.6T 하이브리드,AWD,선셋 레드,7,8,26780,-3,15,62,88.5
2025-06,central,NOV,2025,NOV-CO,1.6T 하이브리드,AWD,포레스트 그린,5,5,16738,-2,10,62,88.5
2025-06,central,NOV,2025,NOV-CO,1.6T 하이브리드,AWD,샌드 베이지,5,5,16738,-2,10,62,88.5
2025-06,central,NOV,2025,NOV-CO,1.6T 하이브리드,FWD,스노우 화이트,33,34,119263,-13,68,62,88.5
2025-06,central,NOV,2025,NOV-CO,1.6T 하이브리드,FWD,미드나잇 블랙,26,27,94417,-10,54,62,88.5
2025-06,central,NOV,2025,NOV-CO,1.6T 하이브리드,FWD,스틸 그레이,22,23,79509,-9,45,62,88.5
2025-06,central,NOV,2025,NOV-CO,1.6T 하이브리드,FWD,실버,18,18,64601,-7,37,62,88.5
2025-06,central,NOV,2025,NOV-CO,1.6T 하이브리드,FWD,오션 블루,14,14,49693,-6,28,62,88.5
2025-06,central,NOV,2025,NOV-CO,1.6T 하이브리드,FWD,선셋 레드,11,11,39754,-4,23,62,88.5
2025-06,central,NOV,2025,NOV-CO,1.6T 하이브리드,FWD,포레스트 그린,7,7,24847,-3,14,62,88.5
2025-06,central,NOV,2025,NOV-CO,1.6T 하이브리드,FWD,샌드 베이지,7,7,24847,-3,14,62,88.5
2025-06,central,NOV,2025,NOV-PR,3.5 가솔린,AWD,스노우 화이트,34,34,130800,10451,69,62,88.5
2025-06,central,NOV,2025,NOV-PR,3.5 가솔린,AWD,미드나잇 블랙,27,27,103550,8273,54,62,88.5
2025-06,central,NOV,2025,NOV-PR,3.5 가솔린,AWD,스틸 그레이,22,23,87200,6967,46,62,88.5
2025-06,central,NOV,2025,NOV-PR,3.5 가솔린,AWD,실버,18,19,70850,5661,37,62,88.5
2025-06,central,NOV,2025,NOV-PR,3.5 가솔린,AWD,오션 블루,14,14,54500,4354,29,62,88.5
2025-06,central,NOV,2025,NOV-PR,3.5 가솔린,AWD,선셋 레드,11,11,43600,3484,23,62,88.5
2025-06,central,NOV,2025,NOV-PR,3.5 가솔린,AWD,포레스트 그린,7,7,27250,2177,14,62,88.5
2025-06,central,NOV,2025,NOV-PR,3.5 가솔린,AWD,샌드 베이지,7,7,27250,2177,14,62,88.5
2025-06,central,NOV,2025,NOV-PR,3.5 가솔린,FWD,스노우 화이트,50,51,194170,15514,102,62,88.5
2025-06,central,NOV,2025,NOV-PR,3.5 가솔린,FWD,미드나잇 블랙,40,40,153718,12282,81,62,88.5
2025-06,central,NOV,2025,NOV-PR,3.5 가솔린,FWD,스틸 그레이,33,34,129446,10342,68,62,88.5
2025-06,central,NOV,2025,NOV-PR,3.5 가솔린,FWD,실버,27,28,105175,8403,55,62,88.5
2025-06,central,NOV,2025,NOV-PR,3.5 가솔린,FWD,오션 블루,21,21,80904,6464,42,62,88.5
2025-06,central,NOV,2025,NOV-PR,3.5 가솔린,FWD,선셋 레드,17,17,64723,5171,34,62,88.5
2025-06,central,NOV,2025,NOV-PR,3.5 가솔린,FWD,포레스트 그린,10,11,40452,3232,21,62,88.5
2025-06,central,NOV,2025,NOV-PR,3.5 가솔린,FWD,샌드 베이지,10,11,40452,3232,21,62,88.5
2025-06,central,NOV,2025,NOV-PR,1.6T 하이브리드,AWD,스노우 화이트,26,26,101115,8079,53,62,88.5
2025-06,central,NOV,2025,NOV-PR,1.6T 하이브리드,AWD,미드나잇 블랙,21,21,80050,6396,42,62,88.5
2025-06,central,NOV,2025,NOV-PR,1.6T 하이브리드,AWD,스틸 그레이,17,18,67410,5386,35,62,88.5
2025-06,central,NOV,2025,NOV-PR,1.6T 하이브리드,AWD,실버,14,14,54771,4376,29,62,88.5
2025-06,central,NOV,2025,NOV-PR,1.6T 하이브리드,AWD,오션 블루,11,11,42131,3366,22,62,88.5
2025-06,central,NOV,2025,NOV-PR,1.6T 하이브리드,AWD,선셋 레드,9,9,33705,2693,18,62,88.5
2025-06,central,NOV,2025,NOV-PR,1.6T 하이브리드,AWD,포레스트 그린,5,6,21066,1683,11,62,88.5
2025-06,central,NOV,2025,NOV-PR,1.6T 하이브리드,AWD,샌드 베이지,5,6,21066,1683,11,62,88.5
2025-06,central,NOV,2025,NOV-PR,1.6T 하이브리드,FWD,스노우 화이트,39,39,150103,11993,79,62,88.5
2025-06,central,NOV,2025,NOV-PR,1.6T 하이브리드,FWD,미드나잇 블랙,31,31,118831,9494,62,62,88.5
2025-06,central,NOV,2025,NOV-PR,1.6T 하이브리드,FWD,스틸 그레이,26,26,100068,7995,53,62,88.5
2025-06,central,NOV,2025,NOV-PR,1.6T 하이브리드,FWD,실버,21,21,81306,6496,43,62,88.5
2025-06,central,NOV,2025,NOV-PR,1.6T 하이브리드,FWD,오션 블루,16,16,62543,4997,33,62,88.5
2025-06,central,NOV,2025,NOV-PR,1.6T 하이브리드,FWD,선셋 레드,13,13,50034,3998,26,62,88.5
2025-06,central,NOV,2025,NOV-PR,1.6T 하이브리드,FWD,포레스트 그린,8,8,31271,2499,16,62,88.5
2025-06,central,NOV,2025,NOV-PR,1.6T 하이브리드,FWD,샌드 베이지,8,8,31271,2499,16,62,88.5
2025-06,central,NOV,2025,NOV-LO,3.5 가솔린,AWD,스노우 화이트,14,14,61001,11767,28,62,88.5
2025-06,central,NOV,2025,NOV-LO,3.5 가솔린,AWD,미드나잇 블랙,11,11,48292,9315,22,62,88.5
2025-06,central,NOV,2025,NOV-LO,3.5 가솔린,AWD,스틸 그레이,9,9,40667,7844,19,62,88.5
2025-06,central,NOV,2025,NOV-LO,3.5 가솔린,AWD,실버,7,8,33042,6374,15,62,88.5
2025-06,central,NOV,2025,NOV-LO,3.5 가솔린,AWD,오션 블루,6,6,25417,4903,12,62,88.5
2025-06,central,NOV,2025,NOV-LO,3.5 가솔린,AWD,선셋 레드,5,5,20334,3922,9,62,88.5
2025-06,central,NOV,2025,NOV-LO,3.5 가솔린,AWD,포레스트 그린,3,3,12708,2451,6,59,88.5
2025-06,central,NOV,2025,NOV-LO,3.5 가솔린,AWD,샌드 베이지,3,3,12708,2451,6,59,88.5
2025-06,central,NOV,2025,NOV-LO,3.5 가솔린,FWD,스노우 화이트,20,21,90554,17467,42,62,88.5
2025-06,central,NOV,2025,NOV-LO,3.5 가솔린,FWD,미드나잇 블랙,16,16,71688,13828,33,62,88.5
2025-06,central,NOV,2025,NOV-LO,3.5 가솔린,FWD,스틸 그레이,14,14,60369,11645,28,62,88.5
2025-06,central,NOV,2025,NOV-LO,3.5 가솔린,FWD,실버,11,11,49050,9461,23,62,88.5
2025-06,central,NOV,2025,NOV-LO,3.5 가솔린,FWD,오션 블루,9,9,37731,7278,17,62,88.5
2025-06,central,NOV,2025,NOV-LO,3.5 가솔린,FWD,선셋 레드,7,7,30185,5822,14,62,88.5
2025-06,central,NOV,2025,NOV-LO,3.5 가솔린,FWD,포레스트 그린,4,4,18865,3639,9,62,88.5
2025-06,central,NOV,2025,NOV-LO,3.5 가솔린,FWD,샌드 베이지,4,4,18865,3639,9,62,88.5
2025-06,central,NOV,2025,NOV-LO,1.6T 하이브리드,AWD,스노우 화이트,11,11,47156,9096,22,62,88.5
2025-06,central,NOV,2025,NOV-LO,1.6T 하이브리드,AWD,미드나잇 블랙,8,9,37332,7201,17,62,88.5
2025-06,central,NOV,2025,NOV-LO,1.6T 하이브리드,AWD,스틸 그레이,7,7,31438,6064,14,62,88.5
2025-06,central,NOV,2025,NOV-LO,1.6T 하이브리드,AWD,실버,6,6,25543,4927,12,62,88.5
2025-06,central,NOV,2025,NOV-LO,1.6T 하이브리드,AWD,오션 블루,4,5,19649,3790,9,62,88.5
2025-06,central,NOV,2025,NOV-LO,1.6T 하이브리드,AWD,선셋 레드,4,4,15719,3032,7,62,88.5
2025-06,central,NOV,2025,NOV-LO,1.6T 하이브리드,AWD,포레스트 그린,2,2,9824,1895,5,45,88.5
2025-06,central,NOV,2025,NOV-LO,1.6T 하이브리드,AWD,샌드 베이지,2,2,9824,1895,5,45,88.5
2025-06,central,NOV,2025,NOV-LO,1.6T 하이브리드,FWD,스노우 화이트,16,16,70002,13503,32,62,88.5
2025-06,central,NOV,2025,NOV-LO,1.6T 하이브리드,FWD,미드나잇 블랙,13,13,55419,10690,26,62,88.5
2025-06,central,NOV,2025,NOV-LO,1.6T 하이브리드,FWD,스틸 그레이,11,11,46668,9002,21,62,88.5
2025-06,central,NOV,2025,NOV-LO,1.6T 하이브리드,FWD,실버,9,9,37918,7314,17,62,88.5
2025-06,central,NOV,2025,NOV-LO,1.6T 하이브리드,FWD,오션 블루,7,7,29168,5626,13,62,88.5
2025-06,central,NOV,2025,NOV-LO,1.6T 하이브리드,FWD,선셋 레드,5,5,23334,4501,11,62,88.5
2025-06,central,NOV,2025,NOV-LO,1.6T 하이브리드,FWD,포레스트 그린,3,3,14584,2813,7,62,88.5
2025-06,central,NOV,2025,NOV-LO,1.6T 하이브리드,FWD,샌드 베이지,3,3,14584,2813,7,62,88.5
2025-06,south,NOV,2025,NOV-CO,3.5 가솔린,AWD,스노우 화이트,24,24,84205,-9,48,62,88.5
2025-06,south,NOV,2025,NOV-CO,3.5 가솔린,AWD,미드나잇 블랙,19,19,66662,-7,38,62,88.5
2025-06,south,NOV,2025,NOV-CO,3.5 가솔린,AWD,스틸 그레이,16,16,56136,-6,32,62,88.5
2025-06,south,NOV,2025,NOV-CO,3.5 가솔린,AWD,실버,13,13,45611,-5,26,62,88.5
2025-06,south,NOV,2025,NOV-CO,3.5 가솔린,AWD,오션 블루,10,10,35085,-4,20,62,88.5
2025-06,south,NOV,2025,NOV-CO,3.5 가솔린,AWD,선셋 레드,8,8,28068,-3,16,62,88.5
2025-06,south,NOV,2025,NOV-CO,3.5 가솔린,AWD,포레스트 그린,5,5,17543,-2,10,62,88.5
2025-06,south,NOV,2025,NOV-CO,3.5 가솔린,AWD,샌드 베이지,5,5,17543,-2,10,62,88.5
2025-06,south,NOV,2025,NOV-CO,3.5 가솔린,FWD,스노우 화이트,70,71,249941,-28,143,62,88.5
2025-06,south,NOV,2025,NOV-CO,3.5 가솔린,FWD,미드나잇 블랙,55,56,197870,-22,113,62,88.5
2025-06,south,NOV,2025,NOV-CO,3.5 가솔린,FWD,스틸 그레이,47,47,166627,-19,95,62,88.5
2025-06,south,NOV,2025,NOV-CO,3.5 가솔린,FWD,실버,38,39,135385,-15,77,62,88.5
2025-06,south,NOV,2025,NOV-CO,3.5 가솔린,FWD,오션 블루,29,30,104142,-12,59,62,88.5
2025-06,south,NOV,2025,NOV-CO,3.5 가솔린,FWD,선셋 레드,23,24,83314,-9,48,62,88.5
2025-06,south,NOV,2025,NOV-CO,3.5 가솔린,FWD,포레스트 그린,15,15,52071,-6,30,62,88.5
2025-06,south,NOV,2025,NOV-CO,3.5 가솔린,FWD,샌드 베이지,15,15,52071,-6,30,62,88.5
2025-06,south,NOV,2025,NOV-CO,1.6T 하이브리드,AWD,스노우 화이트,18,19,65094,-7,37,62,88.5
2025-06,south,NOV,2025,NOV-CO,1.6T 하이브리드,AWD,미드나잇 블랙,14,15,51533,-6,29,62,88.5
2025-06,south,NOV,2025,NOV-CO,1.6T 하이브리드,AWD,스틸 그레이,12,12,43396,-5,25,62,88.5
2025-06,south,NOV,2025,NOV-CO,1.6T 하이브리드,AWD,실버,10,10,35259,-4,20,62,88.5
2025-06,south,NOV,2025,NOV-CO,1.6T 하이브리드,AWD,오션 블루,8,8,27123,-3,15,62,88.5
2025-06,south,NOV,2025,NOV-CO,1.6T 하이브리드,AWD,선셋 레드,6,6,21698,-2,12,62,88.5
2025-06,south,NOV,2025,NOV-CO,1.6T 하이브리드,AWD,포레스트 그린,4,4,13561,-2,8,62,88.5
2025-06,south,NOV,2025,NOV-CO,1.6T 하이브리드,AWD,샌드 베이지,4,4,13561,-2,8,62,88.5
2025-06,south,NOV,2025,NOV-CO,1.6T 하이브리드,FWD,스노우 화이트,54,55,193217,-21,110,62,88.5
2025-06,south,NOV,2025,NOV-CO,1.6T 하이브리드,FWD,미드나잇 블랙,43,44,152963,-17,87,62,88.5
2025-06,south,NOV,2025,NOV-CO,1.6T 하이브리드,FWD,스틸 그레이,36,37,128811,-14,74,62,88.5
2025-06,south,NOV,2025,NOV-CO,1.6T 하이브리드,FWD,실버,29,30,104659,-12,60,62,88.5
2025-06,south,NOV,2025,NOV-CO,1.6T 하이브리드,FWD,오션 블루,23,23,80507,-9,46,62,88.5
2025-06,south,NOV,2025,NOV-CO,1.6T 하이브리드,FWD,선셋 레드,18,18,64406,-7,37,62,88.5
2025-06,south,NOV,2025,NOV-CO,1.6T 하이브리드,FWD,포레스트 그린,11,11,40253,-4,23,62,88.5
2025-06,south,NOV,2025,NOV-CO,1.6T 하이브리드,FWD,샌드 베이지,11,11,40253,-4,23,62,88.5
2025-06,south,NOV,2025,NOV-PR,3.5 가솔린,AWD,스노우 화이트,27,28,105978,8467,56,62,88.5
2025-06,south,NOV,2025,NOV-PR,3.5 가솔린,AWD,미드나잇 블랙,22,22,83900,6703,44,62,88.5
2025-06,south,NOV,2025,NOV-PR,3.5 가솔린,AWD,스틸 그레이,18,18,70652,5645,37,62,88.5
2025-06,south,NOV,2025,NOV-PR,3.5 가솔린,AWD,실버,15,15,57405,4587,30,62,88.5
2025-06,south,NOV,2025,NOV-PR,3.5 가솔린,AWD,오션 블루,11,12,44158,3528,23,62,88.5
2025-06,south,NOV,2025,NOV-PR,3.5 가솔린,AWD,선셋 레드,9,9,35326,2822,19,62,88.5
2025-06,south,NOV,2025,NOV-PR,3.5 가솔린,AWD,포레스트 그린,6,6,22079,1764,12,62,88.5
2025-06,south,NOV,2025,NOV-PR,3.5 가솔린,AWD,샌드 베이지,6,6,22079,1764,12,62,88.5
2025-06,south,NOV,2025,NOV-PR,3.5 가솔린,FWD,스노우 화이트,81,82,314571,25134,165,62,88.5
2025-06,south,NOV,2025,NOV-PR,3.5 가솔린,FWD,미드나잇 블랙,64,65,249035,19897,131,62,88.5
2025-06,south,NOV,2025,NOV-PR,3.5 가솔린,FWD,스틸 그레이,54,55,209714,16756,110,62,88.5
2025-06,south,NOV,2025,NOV-PR,3.5 가솔린,FWD,실버,44,45,170393,13614,89,62,88.5
2025-06,south,NOV,2025,NOV-PR,3.5 가솔린,FWD,오션 블루,34,34,131071,10472,69,62,88.5
2025-06,south,NOV,2025,NOV-PR,3.5 가솔린,FWD,선셋 레드,27,27,104857,8378,55,62,88.5
2025-06,south,NOV,2025,NOV-PR,3.5 가솔린,FWD,포레스트 그린,17,17,65536,5236,34,62,88.5
2025-06,south,NOV,2025,NOV-PR,3.5 가솔린,FWD,샌드 베이지,17,17,65536,5236,34,62,88.5
2025-06,south,NOV,2025,NOV-PR,1.6T 하이브리드,AWD,스노우 화이트,21,21,81927,6546,43,62,88.5
2025-06,south,NOV,2025,NOV-PR,1.6T 하이브리드,AWD,미드나잇 블랙,17,17,64859,5182,34,62,88.5
2025-06,south,NOV,2025,NOV-PR,1.6T 하이브리드,AWD,스틸 그레이,14,14,54618,4364,29,62,88.5
2025-06,south,NOV,2025,NOV-PR,1.6T 하이브리드,AWD,실버,11,12,44377,3546,23,62,88.5
2025-06,south,NOV,2025,NOV-PR,1.6T 하이브리드,AWD,오션 블루,9,9,34136,2727,18,62,88.5
2025-06,south,NOV,2025,NOV-PR,1.6T 하이브리드,AWD,선셋 레드,7,7,27309,2182,14,62,88.5
2025-06,south,NOV,2025,NOV-PR,1.6T 하이브리드,AWD,포레스트 그린,4,4,17068,1364,9,62,88.5
2025-06,south,NOV,2025,NOV-PR,1.6T 하이브리드,AWD,샌드 베이지,4,4,17068,1364,9,62,88.5
2025-06,south,NOV,2025,NOV-PR,1.6T 하이브리드,FWD,스노우 화이트,63,64,243179,19429,128,62,88.5
2025-06,south,NOV,2025,NOV-PR,1.6T 하이브리드,FWD,미드나잇 블랙,50,50,192517,15382,101,62,88.5
2025-06,south,NOV,2025,NOV-PR,1.6T 하이브리드,FWD,스틸 그레이,42,42,162119,12953,85,62,88.5
2025-06,south,NOV,2025,NOV-PR,1.6T 하이브리드,FWD,실버,34,34,131722,10524,69,62,88.5
2025-06,south,NOV,2025,NOV-PR,1.6T 하이브리드,FWD,오션 블루,26,27,101325,8096,53,62,88.5
2025-06,south,NOV,2025,NOV-PR,1.6T 하이브리드,FWD,선셋 레드,21,21,81060,6476,43,62,88.5
2025-06,south,NOV,2025,NOV-PR,1.6T 하이브리드,FWD,포레스트 그린,13,13,50662,4048,27,62,88.5
2025-06,south,NOV,2025,NOV-PR,1.6T 하이브리드,FWD,샌드 베이지,13,13,50662,4048,27,62,88.5
2025-06,south,NOV,2025,NOV-LO,3.5 가솔린,AWD,스노우 화이트,11,11,49424,9534,23,62,88.5
2025-06,south,NOV,2025,NOV-LO,3.5 가솔린,AWD,미드나잇 블랙,9,9,39128,7547,18,62,88.5
2025-06,south,NOV,2025,NOV-LO,3.5 가솔린,AWD,스틸 그레이,7,8,32950,6356,15,62,88.5
2025-06,south,NOV,2025,NOV-LO,3.5 가솔린,AWD,실버,6,6,26772,5164,12,62,88.5
2025-06,south,NOV,2025,NOV-LO,3.5 가솔린,AWD,오션 블루,5,5,20594,3972,9,62,88.5
2025-06,south,NOV,2025,NOV-LO,3.5 가솔린,AWD,선셋 레드,4,4,16475,3178,8,62,88.5
2025-06,south,NOV,2025,NOV-LO,3.5 가솔린,AWD,포레스트 그린,2,2,10297,1986,5,47,88.5
2025-06,south,NOV,2025,NOV-LO,3.5 가솔린,AWD,샌드 베이지,2,2,10297,1986,5,47,88.5
2025-06,south,NOV,2025,NOV-LO,3.5 가솔린,FWD,스노우 화이트,33,34,146704,28298,68,62,88.5
2025-06,south,NOV,2025,NOV-LO,3.5 가솔린,FWD,미드나잇 블랙,26,27,116141,22403,53,62,88.5
2025-06,south,NOV,2025,NOV-LO,3.5 가솔린,FWD,스틸 그레이,22,22,97803,18865,45,62,88.5
2025-06,south,NOV,2025,NOV-LO,3.5 가솔린,FWD,실버,18,18,79465,15328,37,62,88.5
2025-06,south,NOV,2025,NOV-LO,3.5 가솔린,FWD,오션 블루,14,14,61127,11791,28,62,88.5
2025-06,south,NOV,2025,NOV-LO,3.5 가솔린,FWD,선셋 레드,11,11,48901,9433,23,62,88.5
2025-06,south,NOV,2025,NOV-LO,3.5 가솔린,FWD,포레스트 그린,7,7,30563,5895,14,62,88.5
2025-06,south,NOV,2025,NOV-LO,3.5 가솔린,FWD,샌드 베이지,7,7,30563,5895,14,62,88.5
2025-06,south,NOV,2025,NOV-LO,1.6T 하이브리드,AWD,스노우 화이트,9,9,38208,7370,18,62,88.5
2025-06,south,NOV,2025,NOV-LO,1.6T 하이브리드,AWD,미드나잇 블랙,7,7,30248,5835,14,62,88.5
2025-06,south,NOV,2025,NOV-LO,1.6T 하이브리드,AWD,스틸 그레이,6,6,25472,4913,12,62,88.5
2025-06,south,NOV,2025,NOV-LO,1.6T 하이브리드,AWD,실버,5,5,20696,3992,10,62,88.5
2025-06,south,NOV,2025,NOV-LO,1.6T 하이브리드,AWD,오션 블루,4,4,15920,3071,7,62,88.5
2025-06,south,NOV,2025,NOV-LO,1.6T 하이브리드,AWD,선셋 레드,3,3,12736,2457,6,59,88.5
2025-06,south,NOV,2025,NOV-LO,1.6T 하이브리드,AWD,포레스트 그린,2,2,7960,1535,4,37,88.5
2025-06,south,NOV,2025,NOV-LO,1.6T 하이브리드,AWD,샌드 베이지,2,2,7960,1535,4,37,88.5
2025-06,south,NOV,2025,NOV-LO,1.6T 하이브리드,FWD,스노우 화이트,26,26,113410,21876,52,62,88.5
2025-06,south,NOV,2025,NOV-LO,1.6T 하이브리드,FWD,미드나잇 블랙,20,21,89783,17318,41,62,88.5
2025-06,south,NOV,2025,NOV-LO,1.6T 하이브리드,FWD,스틸 그레이,17,17,75607,14584,35,62,88.5
2025-06,south,NOV,2025,NOV-LO,1.6T 하이브리드,FWD,실버,14,14,61430,11849,28,62,88.5
2025-06,south,NOV,2025,NOV-LO,1.6T 하이브리드,FWD,오션 블루,11,11,47254,9115,22,62,88.5
2025-06,south,NOV,2025,NOV-LO,1.6T 하이브리드,FWD,선셋 레드,9,9,37803,7292,17,62,88.5
2025-06,south,NOV,2025,NOV-LO,1.6T 하이브리드,FWD,포레스트 그린,5,5,23627,4557,11,62,88.5
2025-06,south,NOV,2025,NOV-LO,1.6T 하이브리드,FWD,샌드 베이지,5,5,23627,4557,11,62,88.5
2025-06,northeast,NOV,2025,NOV-CO,3.5 가솔린,AWD,스노우 화이트,33,33,117483,-13,67,62,88.5
2025-06,northeast,NOV,2025,NOV-CO,3.5 가솔린,AWD,미드나잇 블랙,26,26,93007,-10,53,62,88.5
2025-06,northeast,NOV,2025,NOV-CO,3.5 가솔린,AWD,스틸 그레이,22,22,78322,-9,45,62,88.5
2025-06,northeast,NOV,2025,NOV-CO,3.5 가솔린,AWD,실버,18,18,63636,-7,36,62,88.5
2025-06,northeast,NOV,2025,NOV-CO,3.5 가솔린,AWD,오션 블루,14,14,48951,-5,28,62,88.5
2025-06,northeast,NOV,2025,NOV-CO,3.5 가솔린,AWD,선셋 레드,11,11,39161,-4,22,62,88.5
2025-06,northeast,NOV,2025,NOV-CO,3.5 가솔린,AWD,포레스트 그린,7,7,24476,-3,14,62,88.5
2025-06,northeast,NOV,2025,NOV-CO,3.5 가솔린,AWD,샌드 베이지,7,7,24476,-3,14,62,88.5
2025-06,northeast,NOV,2025,NOV-CO,3.5 가솔린,FWD,스노우 화이트,39,40,140721,-16,80,62,88.5
2025-06,northeast,NOV,2025,NOV-CO,3.5 가솔린,FWD,미드나잇 블랙,31,32,111404,-12,64,62,88.5
2025-06,northeast,NOV,2025,NOV-CO,3.5 가솔린,FWD,스틸 그레이,26,27,93814,-10,54,62,88.5
2025-06,northeast,NOV,2025,NOV-CO,3.5 가솔린,FWD,실버,21,22,76224,-8,43,62,88.5
2025-06,northeast,NOV,2025,NOV-CO,3.5 가솔린,FWD,오션 블루,16,17,58634,-7,33,62,88.5
2025-06,northeast,NOV,2025,NOV-CO,3.5 가솔린,FWD,선셋 레드,13,13,46907,-5,27,62,88.5
2025-06,northeast,NOV,2025,NOV-CO,3.5 가솔린,FWD,포레스트 그린,8,8,29317,-3,17,62,88.5
2025-06,northeast,NOV,2025,NOV-CO,3.5 가솔린,FWD,샌드 베이지,8,8,29317,-3,17,62,88.5
2025-06,northeast,NOV,2025,NOV-CO,1.6T 하이브리드,AWD,스노우 화이트,25,26,90820,-10,52,62,88.5
2025-06,northeast,NOV,2025,NOV-CO,1.6T 하이브리드,AWD,미드나잇 블랙,20,20,71899,-8,41,62,88.5
2025-06,northeast,NOV,2025,NOV-CO,1.6T 하이브리드,AWD,스틸 그레이,17,17,60547,-7,35,62,88.5
2025-06,northeast,NOV,2025,NOV-CO,1.6T 하이브리드,AWD,실버,14,14,49194,-5,28,62,88.5
2025-06,northeast,NOV,2025,NOV-CO,1.6T 하이브리드,AWD,오션 블루,11,11,37842,-4,22,62,88.5
2025-06,northeast,NOV,2025,NOV-CO,1.6T 하이브리드,AWD,선셋 레드,8,9,30273,-3,17,62,88.5
2025-06,northeast,NOV,2025,NOV-CO,1.6T 하이브리드,AWD,포레스트 그린,5,5,18921,-2,11,62,88.5
2025-06,northeast,NOV,2025,NOV-CO,1.6T 하이브리드,AWD,샌드 베이지,5,5,18921,-2,11,62,88.5
2025-06,northeast,NOV,2025,NOV-CO,1.6T 하이브리드,FWD,스노우 화이트,30,31,108784,-12,62,62,88.5
2025-06,northeast,NOV,2025,NOV-CO,1.6T 하이브리드,FWD,미드나잇 블랙,24,25,86121,-10,49,62,88.5
2025-06,northeast,NOV,2025,NOV-CO,1.6T 하이브리드,FWD,스틸 그레이,20,21,72523,-8,41,62,88.5
2025-06,northeast,NOV,2025,NOV-CO,1.6T 하이브리드,FWD,실버,16,17,58925,-7,34,62,88.5
2025-06,northeast,NOV,2025,NOV-CO,1.6T 하이브리드,FWD,오션 블루,13,13,45327,-5,26,62,88.5
2025-06,northeast,NOV,2025,NOV-CO,1.6T 하이브리드,FWD,선셋 레드,10,10,36261,-4,21,62,88.5
2025-06,northeast,NOV,2025,NOV-CO,1.6T 하이브리드,FWD,포레스트 그린,6,6,22663,-3,13,62,88.5
2025-06,northeast,NOV,2025,NOV-CO,1.6T 하이브리드,FWD,샌드 베이지,6,6,22663,-3,13,62,88.5
2025-06,northeast,NOV,2025,NOV-PR,3.5 가솔린,AWD,스노우 화이트,38,39,147861,11814,78,62,88.5
2025-06,northeast,NOV,2025,NOV-PR,3.5 가솔린,AWD,미드나잇 블랙,30,31,117057,9353,61,62,88.5
2025-06,northeast,NOV,2025,NOV-PR,3.5 가솔린,AWD,스틸 그레이,25,26,98574,7876,52,62,88.5
2025-06,northeast,NOV,2025,NOV-PR,3.5 가솔린,AWD,실버,21,21,80092,6399,42,62,88.5
2025-06,northeast,NOV,2025,NOV-PR,3.5 가솔린,AWD,오션 블루,16,16,61609,4922,32,62,88.5
2025-06,northeast,NOV,2025,NOV-PR,3.5 가솔린,AWD,선셋 레드,13,13,49287,3938,26,62,88.5
2025-06,northeast,NOV,2025,NOV-PR,3.5 가솔린,AWD,포레스트 그린,8,8,30804,2461,16,62,88.5
2025-06,northeast,NOV,2025,NOV-PR,3.5 가솔린,AWD,샌드 베이지,8,8,30804,2461,16,62,88.5
2025-06,northeast,NOV,2025,NOV-PR,3.5 가솔린,FWD,스노우 화이트,46,46,177109,14151,93,62,88.5
2025-06,northeast,NOV,2025,NOV-PR,3.5 가솔린,FWD,미드나잇 블랙,36,37,140211,11203,74,62,88.5
2025-06,northeast,NOV,2025,NOV-PR,3.5 가솔린,FWD,스틸 그레이,30,31,118072,9434,62,62,88.5
2025-06,northeast,NOV,2025,NOV-PR,3.5 가솔린,FWD,실버,25,25,95934,7665,50,62,88.5
2025-06,northeast,NOV,2025,NOV-PR,3.5 가솔린,FWD,오션 블루,19,19,73795,5896,39,62,88.5
2025-06,northeast,NOV,2025,NOV-PR,3.5 가솔린,FWD,선셋 레드,15,15,59036,4717,31,62,88.5
2025-06,northeast,NOV,2025,NOV-PR,3.5 가솔린,FWD,포레스트 그린,10,10,36898,2948,19,62,88.5
2025-06,northeast,NOV,2025,NOV-PR,3.5 가솔린,FWD,샌드 베이지,10,10,36898,2948,19,62,88.5
2025-06,northeast,NOV,2025,NOV-PR,1.6T 하이브리드,AWD,스노우 화이트,29,30,114304,9133,60,62,88.5
2025-06,northeast,NOV,2025,NOV-PR,1.6T 하이브리드,AWD,미드나잇 블랙,23,24,90491,7230,48,62,88.5
2025-06,northeast,NOV,2025,NOV-PR,1.6T 하이브리드,AWD,스틸 그레이,20,20,76203,6088,40,62,88.5
2025-06,northeast,NOV,2025,NOV-PR,1.6T 하이브리드,AWD,실버,16,16,61915,4947,33,62,88.5
2025-06,northeast,NOV,2025,NOV-PR,1.6T 하이브리드,AWD,오션 블루,12,12,47627,3805,25,62,88.5
2025-06,northeast,NOV,2025,NOV-PR,1.6T 하이브리드,AWD,선셋 레드,10,10,38101,3044,20,62,88.5
2025-06,northeast,NOV,2025,NOV-PR,1.6T 하이브리드,AWD,포레스트 그린,6,6,23813,1903,13,62,88.5
2025-06,northeast,NOV,2025,NOV-PR,1.6T 하이브리드,AWD,샌드 베이지,6,6,23813,1903,13,62,88.5
2025-06,northeast,NOV,2025,NOV-PR,1.6T 하이브리드,FWD,스노우 화이트,35,36,136914,10939,72,62,88.5
2025-06,northeast,NOV,2025,NOV-PR,1.6T 하이브리드,FWD,미드나잇 블랙,28,28,108390,8660,57,62,88.5
2025-06,northeast,NOV,2025,NOV-PR,1.6T 하이브리드,FWD,스틸 그레이,24,24,91276,7293,48,62,88.5
2025-06,northeast,NOV,2025,NOV-PR,1.6T 하이브리드,FWD,실버,19,19,74162,5925,39,62,88.5
2025-06,northeast,NOV,2025,NOV-PR,1.6T 하이브리드,FWD,오션 블루,15,15,57047,4558,30,62,88.5
2025-06,northeast,NOV,2025,NOV-PR,1.6T 하이브리드,FWD,선셋 레드,12,12,45638,3646,24,62,88.5
2025-06,northeast,NOV,2025,NOV-PR,1.6T 하이브리드,FWD,포레스트 그린,7,7,28524,2279,15,62,88.5
2025-06,northeast,NOV,2025,NOV-PR,1.6T 하이브리드,FWD,샌드 베이지,7,7,28524,2279,15,62,88.5
2025-06,northeast,NOV,2025,NOV-LO,3.5 가솔린,AWD,스노우 화이트,16,16,68957,13301,32,62,88.5
2025-06,northeast,NOV,2025,NOV-LO,3.5 가솔린,AWD,미드나잇 블랙,12,13,54591,10530,25,62,88.5
2025-06,northeast,NOV,2025,NOV-LO,3.5 가솔린,AWD,스틸 그레이,10,11,45971,8868,21,62,88.5
2025-06,northeast,NOV,2025,NOV-LO,3.5 가솔린,AWD,실버,8,9,37352,7205,17,62,88.5
2025-06,northeast,NOV,2025,NOV-LO,3.5 가솔린,AWD,오션 블루,6,7,28732,5542,13,62,88.5
2025-06,northeast,NOV,2025,NOV-LO,3.5 가솔린,AWD,선셋 레드,5,5,22986,4434,11,62,88.5
2025-06,northeast,NOV,2025,NOV-LO,3.5 가솔린,AWD,포레스트 그린,3,3,14366,2771,7,62,88.5
2025-06,northeast,NOV,2025,NOV-LO,3.5 가솔린,AWD,샌드 베이지,3,3,14366,2771,7,62,88.5
2025-06,northeast,NOV,2025,NOV-LO,3.5 가솔린,FWD,스노우 화이트,19,19,82597,15932,38,62,88.5
2025-06,northeast,NOV,2025,NOV-LO,3.5 가솔린,FWD,미드나잇 블랙,15,15,65389,12613,30,62,88.5
2025-06,northeast,NOV,2025,NOV-LO,3.5 가솔린,FWD,스틸 그레이,12,13,55065,10622,25,62,88.5
2025-06,northeast,NOV,2025,NOV-LO,3.5 가솔린,FWD,실버,10,10,44740,8630,21,62,88.5
2025-06,northeast,NOV,2025,NOV-LO,3.5 가솔린,FWD,오션 블루,8,8,34415,6638,16,62,88.5
2025-06,northeast,NOV,2025,NOV-LO,3.5 가솔린,FWD,선셋 레드,6,6,27532,5311,13,62,88.5
2025-06,northeast,NOV,2025,NOV-LO,3.5 가솔린,FWD,포레스트 그린,4,4,17208,3319,8,62,88.5
2025-06,northeast,NOV,2025,NOV-LO,3.5 가솔린,FWD,샌드 베이지,4,4,17208,3319,8,62,88.5
2025-06,northeast,NOV,2025,NOV-LO,1.6T 하이브리드,AWD,스노우 화이트,12,12,53307,10283,25,62,88.5
2025-06,northeast,NOV,2025,NOV-LO,1.6T 하이브리드,AWD,미드나잇 블랙,10,10,42202,8140,19,62,88.5
2025-06,northeast,NOV,2025,NOV-LO,1.6T 하이브리드,AWD,스틸 그레이,8,8,35538,6855,16,62,88.5
2025-06,northeast,NOV,2025,NOV-LO,1.6T 하이브리드,AWD,실버,7,7,28875,5570,13,62,88.5
2025-06,northeast,NOV,2025,NOV-LO,1.6T 하이브리드,AWD,오션 블루,5,5,22211,4284,10,62,88.5
2025-06,northeast,NOV,2025,NOV-LO,1.6T 하이브리드,AWD,선셋 레드,4,4,17769,3428,8,62,88.5
2025-06,northeast,NOV,2025,NOV-LO,1.6T 하이브리드,AWD,포레스트 그린,3,3,11106,2142,5,51,88.5
2025-06,northeast,NOV,2025,NOV-LO,1.6T 하이브리드,AWD,샌드 베이지,3,3,11106,2142,5,51,88.5
2025-06,northeast,NOV,2025,NOV-LO,1.6T 하이브리드,FWD,스노우 화이트,14,15,63852,12317,29,62,88.5
2025-06,northeast,NOV,2025,NOV-LO,1.6T 하이브리드,FWD,미드나잇 블랙,11,12,50549,9751,23,62,88.5
2025-06,northeast,NOV,2025,NOV-LO,1.6T 하이브리드,FWD,스틸 그레이,10,10,42568,8211,20,62,88.5
2025-06,northeast,NOV,2025,NOV-LO,1.6T 하이브리드,FWD,실버,8,8,34586,6671,16,62,88.5
2025-06,northeast,NOV,2025,NOV-LO,1.6T 하이브리드,FWD,오션 블루,6,6,26605,5132,12,62,88.5
2025-06,northeast,NOV,2025,NOV-LO,1.6T 하이브리드,FWD,선셋 레드,5,5,21284,4106,10,62,88.5
2025-06,northeast,NOV,2025,NOV-LO,1.6T 하이브리드,FWD,포레스트 그린,3,3,13302,2566,6,61,88.5
2025-06,northeast,NOV,2025,NOV-LO,1.6T 하이브리드,FWD,샌드 베이지,3,3,13302,2566,6,61,88.5
2025-06,southeast,NOV,2025,NOV-CO,3.5 가솔린,AWD,스노우 화이트,23,23,81334,-9,46,62,88.5
2025-06,southeast,NOV,2025,NOV-CO,3.5 가솔린,AWD,미드나잇 블랙,18,18,64389,-7,37,62,88.5
2025-06,southeast,NOV,2025,NOV-CO,3.5 가솔린,AWD,스틸 그레이,15,15,54223,-6,31,62,88.5
2025-06,southeast,NOV,2025,NOV-CO,3.5 가솔린,AWD,실버,12,13,44056,-5,25,62,88.5
2025-06,southeast,NOV,2025,NOV-CO,3.5 가솔린,AWD,오션 블루,9,10,33889,-4,19,62,88.5
2025-06,southeast,NOV,2025,NOV-CO,3.5 가솔린,AWD,선셋 레드,8,8,27111,-3,15,62,88.5
2025-06,southeast,NOV,2025,NOV-CO,3.5 가솔린,AWD,포레스트 그린,5,5,16945,-2,10,62,88.5
2025-06,southeast,NOV,2025,NOV-CO,3.5 가솔린,AWD,샌드 베이지,5,5,16945,-2,10,62,88.5
2025-06,southeast,NOV,2025,NOV-CO,3.5 가솔린,FWD,스노우 화이트,54,55,192058,-21,110,62,88.5
2025-06,southeast,NOV,2025,NOV-CO,3.5 가솔린,FWD,미드나잇 블랙,43,43,152046,-17,87,62,88.5
2025-06,southeast,NOV,2025,NOV-CO,3.5 가솔린,FWD,스틸 그레이,36,36,128039,-14,73,62,88.5
2025-06,southeast,NOV,2025,NOV-CO,3.5 가솔린,FWD,실버,29,30,104031,-12,59,62,88.5
2025-06,southeast,NOV,2025,NOV-CO,3.5 가솔린,FWD,오션 블루,22,23,80024,-9,46,62,88.5
2025-06,southeast,NOV,2025,NOV-CO,3.5 가솔린,FWD,선셋 레드,18,18,64019,-7,37,62,88.5
2025-06,southeast,NOV,2025,NOV-CO,3.5 가솔린,FWD,포레스트 그린,11,11,40012,-4,23,62,88.5
2025-06,southeast,NOV,2025,NOV-CO,3.5 가솔린,FWD,샌드 베이지,11,11,40012,-4,23,62,88.5
2025-06,southeast,NOV,2025,NOV-CO,1.6T 하이브리드,AWD,스노우 화이트,18,18,62875,-7,36,62,88.5
2025-06,southeast,NOV,2025,NOV-CO,1.6T 하이브리드,AWD,미드나잇 블랙,14,14,49776,-6,28,62,88.5
2025-06,southeast,NOV,2025,NOV-CO,1.6T 하이브리드,AWD,스틸 그레이,12,12,41917,-5,24,62,88.5
2025-06,southeast,NOV,2025,NOV-CO,1.6T 하이브리드,AWD,실버,10,10,34057,-4,19,62,88.5
2025-06,southeast,NOV,2025,NOV-CO,1.6T 하이브리드,AWD,오션 블루,7,7,26198,-3,15,62,88.5
2025-06,southeast,NOV,2025,NOV-CO,1.6T 하이브리드,AWD,선셋 레드,6,6,20958,-2,12,62,88.5
2025-06,southeast,NOV,2025,NOV-CO,1.6T 하이브리드,AWD,포레스트 그린,4,4,13099,-1,7,62,88.5
2025-06,southeast,NOV,2025,NOV-CO,1.6T 하이브리드,AWD,샌드 베이지,4,4,13099,-1,7,62,88.5
2025-06,southeast,NOV,2025,NOV-CO,1.6T 하이브리드,FWD,스노우 화이트,42,42,148470,-16,85,62,88.5
2025-06,southeast,NOV,2025,NOV-CO,1.6T 하이브리드,FWD,미드나잇 블랙,33,33,117539,-13,67,62,88.5
2025-06,southeast,NOV,2025,NOV-CO,1.6T 하이브리드,FWD,스틸 그레이,28,28,98980,-11,56,62,88.5
2025-06,southeast,NOV,2025,NOV-CO,1.6T 하이브리드,FWD,실버,23,23,80421,-9,46,62,88.5
2025-06,southeast,NOV,2025,NOV-CO,1.6T 하이브리드,FWD,오션 블루,17,18,61863,-7,35,62,88.5
2025-06,southeast,NOV,2025,NOV-CO,1.6T 하이브리드,FWD,선셋 레드,14,14,49490,-5,28,62,88.5
2025-06,southeast,NOV,2025,NOV-CO,1.6T 하이브리드,FWD,포레스트 그린,9,9,30931,-3,18,62,88.5
2025-06,southeast,NOV,2025,NOV-CO,1.6T 하이브리드,FWD,샌드 베이지,9,9,30931,-3,18,62,88.5
2025-06,southeast,NOV,2025,NOV-PR,3.5 가솔린,AWD,스노우 화이트,26,27,102366,8179,54,62,88.5
2025-06,southeast,NOV,2025,NOV-PR,3.5 가솔린,AWD,미드나잇 블랙,21,21,81039,6475,43,62,88.5
2025-06,southeast,NOV,2025,NOV-PR,3.5 가솔린,AWD,스틸 그레이,18,18,68244,5453,36,62,88.5
2025-06,southeast,NOV,2025,NOV-PR,3.5 가솔린,AWD,실버,14,15,55448,4430,29,62,88.5
2025-06,southeast,NOV,2025,NOV-PR,3.5 가솔린,AWD,오션 블루,11,11,42652,3408,22,62,88.5
2025-06,southeast,NOV,2025,NOV-PR,3.5 가솔린,AWD,선셋 레드,9,9,34122,2726,18,62,88.5
2025-06,southeast,NOV,2025,NOV-PR,3.5 가솔린,AWD,포레스트 그린,5,6,21326,1704,11,62,88.5
2025-06,southeast,NOV,2025,NOV-PR,3.5 가솔린,AWD,샌드 베이지,5,6,21326,1704,11,62,88.5
2025-06,southeast,NOV,2025,NOV-PR,3.5 가솔린,FWD,스노우 화이트,62,63,241720,19313,127,62,88.5
2025-06,southeast,NOV,2025,NOV-PR,3.5 가솔린,FWD,미드나잇 블랙,49,50,191362,15289,100,62,88.5
2025-06,southeast,NOV,2025,NOV-PR,3.5 가솔린,FWD,스틸 그레이,42,42,161147,12875,85,62,88.5
2025-06,southeast,NOV,2025,NOV-PR,3.5 가솔린,FWD,실버,34,34,130932,10461,69,62,88.5
2025-06,southeast,NOV,2025,NOV-PR,3.5 가솔린,FWD,오션 블루,26,26,100717,8047,53,62,88.5
2025-06,southeast,NOV,2025,NOV-PR,3.5 가솔린,FWD,선셋 레드,21,21,80573,6438,42,62,88.5
2025-06,southeast,NOV,2025,NOV-PR,3.5 가솔린,FWD,포레스트 그린,13,13,50358,4024,26,62,88.5
2025-06,southeast,NOV,2025,NOV-PR,3.5 가솔린,FWD,샌드 베이지,13,13,50358,4024,26,62,88.5
2025-06,southeast,NOV,2025,NOV-PR,1.6T 하이브리드,AWD,스노우 화이트,20,21,79134,6323,42,62,88.5
2025-06,southeast,NOV,2025,NOV-PR,1.6T 하이브리드,AWD,미드나잇 블랙,16,16,62647,5005,33,62,88.5
2025-06,southeast,NOV,2025,NOV-PR,1.6T 하이브리드,AWD,스틸 그레이,14,14,52756,4215,28,62,88.5
2025-06,southeast,NOV,2025,NOV-PR,1.6T 하이브리드,AWD,실버,11,11,42864,3425,23,62,88.5
2025-06,southeast,NOV,2025,NOV-PR,1.6T 하이브리드,AWD,오션 블루,8,9,32972,2634,17,62,88.5
2025-06,southeast,NOV,2025,NOV-PR,1.6T 하이브리드,AWD,선셋 레드,7,7,26378,2108,14,62,88.5
2025-06,southeast,NOV,2025,NOV-PR,1.6T 하이브리드,AWD,포레스트 그린,4,4,16486,1317,9,62,88.5
2025-06,southeast,NOV,2025,NOV-PR,1.6T 하이브리드,AWD,샌드 베이지,4,4,16486,1317,9,62,88.5
2025-06,southeast,NOV,2025,NOV-PR,1.6T 하이브리드,FWD,스노우 화이트,48,49,186862,14930,98,62,88.5
2025-06,southeast,NOV,2025,NOV-PR,1.6T 하이브리드,FWD,미드나잇 블랙,38,39,147932,11819,78,62,88.5
2025-06,southeast,NOV,2025,NOV-PR,1.6T 하이브리드,FWD,스틸 그레이,32,33,124575,9953,65,62,88.5
2025-06,southeast,NOV,2025,NOV-PR,1.6T 하이브리드,FWD,실버,26,26,101217,8087,53,62,88.5
2025-06,southeast,NOV,2025,NOV-PR,1.6T 하이브리드,FWD,오션 블루,20,20,77859,6221,41,62,88.5
2025-06,southeast,NOV,2025,NOV-PR,1.6T 하이브리드,FWD,선셋 레드,16,16,62287,4977,33,62,88.5
2025-06,southeast,NOV,2025,NOV-PR,1.6T 하이브리드,FWD,포레스트 그린,10,10,38930,3110,20,62,88.5
2025-06,southeast,NOV,2025,NOV-PR,1.6T 하이브리드,FWD,샌드 베이지,10,10,38930,3110,20,62,88.5
2025-06,southeast,NOV,2025,NOV-LO,3.5 가솔린,AWD,스노우 화이트,11,11,47740,9209,22,62,88.5
2025-06,southeast,NOV,2025,NOV-LO,3.5 가솔린,AWD,미드나잇 블랙,9,9,37794,7290,17,62,88.5
2025-06,southeast,NOV,2025,NOV-LO,3.5 가솔린,AWD,스틸 그레이,7,7,31826,6139,15,62,88.5
2025-06,southeast,NOV,2025,NOV-LO,3.5 가솔린,AWD,실버,6,6,25859,4988,12,62,88.5
2025-06,southeast,NOV,2025,NOV-LO,3.5 가솔린,AWD,오션 블루,4,5,19891,3837,9,62,88.5
2025-06,southeast,NOV,2025,NOV-LO,3.5 가솔린,AWD,선셋 레드,4,4,15913,3070,7,62,88.5
2025-06,southeast,NOV,2025,NOV-LO,3.5 가솔린,AWD,포레스트 그린,2,2,9946,1918,5,46,88.5
2025-06,southeast,NOV,2025,NOV-LO,3.5 가솔린,AWD,샌드 베이지,2,2,9946,1918,5,46,88.5
2025-06,southeast,NOV,2025,NOV-LO,3.5 가솔린,FWD,스노우 화이트,25,26,112730,21745,52,62,88.5
2025-06,southeast,NOV,2025,NOV-LO,3.5 가솔린,FWD,미드나잇 블랙,20,20,89244,17215,41,62,88.5
2025-06,southeast,NOV,2025,NOV-LO,3.5 가솔린,FWD,스틸 그레이,17,17,75153,14496,35,62,88.5
2025-06,southeast,NOV,2025,NOV-LO,3.5 가솔린,FWD,실버,14,14,61062,11778,28,62,88.5
2025-06,southeast,NOV,2025,NOV-LO,3.5 가솔린,FWD,오션 블루,11,11,46971,9060,22,62,88.5
2025-06,southeast,NOV,2025,NOV-LO,3.5 가솔린,FWD,선셋 레드,8,9,37577,7248,17,62,88.5
2025-06,southeast,NOV,2025,NOV-LO,3.5 가솔린,FWD,포레스트 그린,5,5,23485,4530,11,62,88.5
2025-06,southeast,NOV,2025,NOV-LO,3.5 가솔린,FWD,샌드 베이지,5,5,23485,4530,11,62,88.5
2025-06,southeast,NOV,2025,NOV-LO,1.6T 하이브리드,AWD,스노우 화이트,8,8,36905,7119,17,62,88.5
2025-06,southeast,NOV,2025,NOV-LO,1.6T 하이브리드,AWD,미드나잇 블랙,7,7,29216,5636,13,62,88.5
2025-06,southeast,NOV,2025,NOV-LO,1.6T 하이브리드,AWD,스틸 그레이,6,6,24603,4746,11,62,88.5
2025-06,southeast,NOV,2025,NOV-LO,1.6T 하이브리드,AWD,실버,5,5,19990,3856,9,62,88.5
2025-06,southeast,NOV,2025,NOV-LO,1.6T 하이브리드,AWD,오션 블루,3,4,15377,2966,7,62,88.5
2025-06,southeast,NOV,2025,NOV-LO,1.6T 하이브리드,AWD,선셋 레드,3,3,12302,2373,6,57,88.5
2025-06,southeast,NOV,2025,NOV-LO,1.6T 하이브리드,AWD,포레스트 그린,2,2,7689,1483,4,35,88.5
2025-06,southeast,NOV,2025,NOV-LO,1.6T 하이브리드,AWD,샌드 베이지,2,2,7689,1483,4,35,88.5
2025-06,southeast,NOV,2025,NOV-LO,1.6T 하이브리드,FWD,스노우 화이트,20,20,87146,16810,40,62,88.5
2025-06,southeast,NOV,2025,NOV-LO,1.6T 하이브리드,FWD,미드나잇 블랙,16,16,68990,13308,32,62,88.5
2025-06,southeast,NOV,2025,NOV-LO,1.6T 하이브리드,FWD,스틸 그레이,13,13,58097,11206,27,62,88.5
2025-06,southeast,NOV,2025,NOV-LO,1.6T 하이브리드,FWD,실버,11,11,47204,9105,22,62,88.5
2025-06,southeast,NOV,2025,NOV-LO,1.6T 하이브리드,FWD,오션 블루,8,8,36311,7004,17,62,88.5
2025-06,southeast,NOV,2025,NOV-LO,1.6T 하이브리드,FWD,선셋 레드,7,7,29049,5603,13,62,88.5
2025-06,southeast,NOV,2025,NOV-LO,1.6T 하이브리드,FWD,포레스트 그린,4,4,18155,3502,8,62,88.5
2025-06,southeast,NOV,2025,NOV-LO,1.6T 하이브리드,FWD,샌드 베이지,4,4,18155,3502,8,62,88.5
2025-06,west,LUM,2025,LUM-AI,스탠다드 레인지,AWD,스노우 화이트,43,44,117752,-46942,83,59,88.5
2025-06,west,LUM,2025,LUM-AI,스탠다드 레인지,AWD,미드나잇 블랙,34,35,93220,-37162,66,59,88.5
2025-06,west,LUM,2025,LUM-AI,스탠다드 레인지,AWD,스틸 그레이,29,29,78501,-31295,56,59,88.5
2025-06,west,LUM,2025,LUM-AI,스탠다드 레인지,AWD,실버,23,24,63782,-25427,45,59,88.5
2025-06,west,LUM,2025,LUM-AI,스탠다드 레인지,AWD,오션 블루,18,18,49063,-19559,35,59,88.5
2025-06,west,LUM,2025,LUM-AI,스탠다드 레인지,AWD,선셋 레드,14,15,39251,-15647,28,59,88.5
2025-06,west,LUM,2025,LUM-AI,스탠다드 레인지,AWD,포레스트 그린,9,9,24532,-9780,17,59,88.5
2025-06,west,LUM,2025,LUM-AI,스탠다드 레인지,AWD,샌드 베이지,9,9,24532,-9780,17,59,88.5
2025-06,west,LUM,2025,LUM-AI,스탠다드 레인지,FWD,스노우 화이트,53,54,143919,-57373,102,59,88.5
2025-06,west,LUM,2025,LUM-AI,스탠다드 레인지,FWD,미드나잇 블랙,42,42,113936,-45421,81,59,88.5
2025-06,west,LUM,2025,LUM-AI,스탠다드 레인지,FWD,스틸 그레이,35,36,95946,-38249,68,59,88.5
2025-06,west,LUM,2025,LUM-AI,스탠다드 레인지,FWD,실버,29,29,77956,-31077,55,59,88.5
2025-06,west,LUM,2025,LUM-AI,스탠다드 레인지,FWD,오션 블루,22,22,59966,-23906,43,59,88.5
2025-06,west,LUM,2025,LUM-AI,스탠다드 레인지,FWD,선셋 레드,18,18,47973,-19124,34,59,88.5
2025-06,west,LUM,2025,LUM-AI,스탠다드 레인지,FWD,포레스트 그린,11,11,29983,-11953,21,59,88.5
2025-06,west,LUM,2025,LUM-AI,스탠다드 레인지,FWD,샌드 베이지,11,11,29983,-11953,21,59,88.5
2025-06,west,LUM,2025,LUM-AI,롱레인지,AWD,스노우 화이트,80,81,216771,-86416,154,59,88.5
2025-06,west,LUM,2025,LUM-AI,롱레인지,AWD,미드나잇 블랙,63,64,171610,-68412,122,59,88.5
2025-06,west,LUM,2025,LUM-AI,롱레인지,AWD,스틸 그레이,53,54,144514,-57610,102,59,88.5
2025-06,west,LUM,2025,LUM-AI,롱레인지,AWD,실버,43,44,117418,-46809,83,59,88.5
2025-06,west,LUM,2025,LUM-AI,롱레인지,AWD,오션 블루,33,34,90321,-36007,64,59,88.5
2025-06,west,LUM,2025,LUM-AI,롱레인지,AWD,선셋 레드,27,27,72257,-28805,51,59,88.5
2025-06,west,LUM,2025,LUM-AI,롱레인지,AWD,포레스트 그린,17,17,45161,-18003,32,59,88.5
2025-06,west,LUM,2025,LUM-AI,롱레인지,AWD,샌드 베이지,17,17,45161,-18003,32,59,88.5
2025-06,west,LUM,2025,LUM-AI,롱레인지,FWD,스노우 화이트,97,99,264942,-105619,188,59,88.5
2025-06,west,LUM,2025,LUM-AI,롱레인지,FWD,미드나잇 블랙,77,78,209746,-83615,149,59,88.5
2025-06,west,LUM,2025,LUM-AI,롱레인지,FWD,스틸 그레이,65,66,176628,-70413,125,59,88.5
2025-06,west,LUM,2025,LUM-AI,롱레인지,FWD,실버,53,54,143510,-57210,102,59,88.5
2025-06,west,LUM,2025,LUM-AI,롱레인지,FWD,오션 블루,41,41,110393,-44008,78,59,88.5
2025-06,west,LUM,2025,LUM-AI,롱레인지,FWD,선셋 레드,32,33,88314,-35206,63,59,88.5
2025-06,west,LUM,2025,LUM-AI,롱레인지,FWD,포레스트 그린,20,21,55196,-22004,39,59,88.5
2025-06,west,LUM,2025,LUM-AI,롱레인지,FWD,샌드 베이지,20,21,55196,-22004,39,59,88.5
2025-06,west,LUM,2025,LUM-RA,스탠다드 레인지,AWD,스노우 화이트,50,51,148201,-42498,97,59,88.5
2025-06,west,LUM,2025,LUM-RA,스탠다드 레인지,AWD,미드나잇 블랙,40,40,117325,-33644,77,59,88.5
2025-06,west,LUM,2025,LUM-RA,스탠다드 레인지,AWD,스틸 그레이,33,34,98800,-28332,64,59,88.5
2025-06,west,LUM,2025,LUM-RA,스탠다드 레인지,AWD,실버,27,28,80275,-23020,52,59,88.5
2025-06,west,LUM,2025,LUM-RA,스탠다드 레인지,AWD,오션 블루,21,21,61750,-17707,40,59,88.5
2025-06,west,LUM,2025,LUM-RA,스탠다드 레인지,AWD,선셋 레드,17,17,49400,-14166,32,59,88.5
2025-06,west,LUM,2025,LUM-RA,스탠다드 레인지,AWD,포레스트 그린,10,11,30875,-8854,20,59,88.5
2025-06,west,LUM,2025,LUM-RA,스탠다드 레인지,AWD,샌드 베이지,10,11,30875,-8854,20,59,88.5
2025-06,west,LUM,2025,LUM-RA,스탠다드 레인지,FWD,스노우 화이트,61,62,181134,-51942,118,59,88.5
2025-06,west,LUM,2025,LUM-RA,스탠다드 레인지,FWD,미드나잇 블랙,48,49,143398,-41120,94,59,88.5
2025-06,west,LUM,2025,LUM-RA,스탠다드 레인지,FWD,스틸 그레이,41,41,120756,-34628,79,59,88.5
2025-06,west,LUM,2025,LUM-RA,스탠다드 레인지,FWD,실버,33,34,98114,-28135,64,59,88.5
2025-06,west,LUM,2025,LUM-RA,스탠다드 레인지,FWD,오션 블루,25,26,75473,-21642,49,59,88.5
2025-06,west,LUM,2025,LUM-RA,스탠다드 레인지,FWD,선셋 레드,20,21,60378,-17314,39,59,88.5
2025-06,west,LUM,2025,LUM-RA,스탠다드 레인지,FWD,포레스트 그린,13,13,37736,-10821,25,59,88.5
2025-06,west,LUM,2025,LUM-RA,스탠다드 레인지,FWD,샌드 베이지,13,13,37736,-10821,25,59,88.5
2025-06,west,LUM,2025,LUM-RA,롱레인지,AWD,스노우 화이트,92,94,272824,-78234,178,59,88.5
2025-06,west,LUM,2025,LUM-RA,롱레인지,AWD,미드나잇 블랙,73,74,215985,-61936,141,59,88.5
2025-06,west,LUM,2025,LUM-RA,롱레인지,AWD,스틸 그레이,61,62,181882,-52156,119,59,88.5
2025-06,west,LUM,2025,LUM-RA,롱레인지,AWD,실버,50,51,147780,-42377,96,59,88.5
2025-06,west,LUM,2025,LUM-RA,롱레인지,AWD,오션 블루,38,39,113677,-32598,74,59,88.5
2025-06,west,LUM,2025,LUM-RA,롱레인지,AWD,선셋 레드,31,31,90941,-26078,59,59,88.5
2025-06,west,LUM,2025,LUM-RA,롱레인지,AWD,포레스트 그린,19,19,56838,-16299,37,59,88.5
2025-06,west,LUM,2025,LUM-RA,롱레인지,AWD,샌드 베이지,19,19,56838,-16299,37,59,88.5
2025-06,west,LUM,2025,LUM-RA,롱레인지,FWD,스노우 화이트,113,114,333451,-95620,217,59,88.5
2025-06,west,LUM,2025,LUM-RA,롱레인지,FWD,미드나잇 블랙,89,91,263982,-75699,172,59,88.5
2025-06,west,LUM,2025,LUM-RA,롱레인지,FWD,스틸 그레이,75,76,222301,-63747,145,59,88.5
2025-06,west,LUM,2025,LUM-RA,롱레인지,FWD,실버,61,62,180619,-51794,118,59,88.5
2025-06,west,LUM,2025,LUM-RA,롱레인지,FWD,오션 블루,47,48,138938,-39842,91,59,88.5
2025-06,west,LUM,2025,LUM-RA,롱레인지,FWD,선셋 레드,38,38,111150,-31873,72,59,88.5
2025-06,west,LUM,2025,LUM-RA,롱레인지,FWD,포레스트 그린,23,24,69469,-19921,45,59,88.5
2025-06,west,LUM,2025,LUM-RA,롱레인지,FWD,샌드 베이지,23,24,69469,-19921,45,59,88.5
2025-06,west,LUM,2025,LUM-SP,스탠다드 레인지,AWD,스노우 화이트,20,21,69115,-8898,40,59,88.5
2025-06,west,LUM,2025,LUM-SP,스탠다드 레인지,AWD,미드나잇 블랙,16,16,54716,-7044,31,59,88.5
2025-06,west,LUM,2025,LUM-SP,스탠다드 레인지,AWD,스틸 그레이,14,14,46077,-5932,26,59,88.5
2025-06,west,LUM,2025,LUM-SP,스탠다드 레인지,AWD,실버,11,11,37437,-4820,21,59,88.5
2025-06,west,LUM,2025,LUM-SP,스탠다드 레인지,AWD,오션 블루,9,9,28798,-3707,16,59,88.5
2025-06,west,LUM,2025,LUM-SP,스탠다드 레인지,AWD,선셋 레드,7,7,23038,-2966,13,59,88.5
2025-06,west,LUM,2025,LUM-SP,스탠다드 레인지,AWD,포레스트 그린,4,4,14399,-1854,8,59,88.5
2025-06,west,LUM,2025,LUM-SP,스탠다드 레인지,AWD,샌드 베이지,4,4,14399,-1854,8,59,88.5
2025-06,west,LUM,2025,LUM-SP,스탠다드 레인지,FWD,스노우 화이트,25,25,84474,-10875,48,59,88.5
2025-06,west,LUM,2025,LUM-SP,스탠다드 레인지,FWD,미드나잇 블랙,20,20,66876,-8609,38,59,88.5
2025-06,west,LUM,2025,LUM-SP,스탠다드 레인지,FWD,스틸 그레이,17,17,56316,-7250,32,59,88.5
2025-06,west,LUM,2025,LUM-SP,스탠다드 레인지,FWD,실버,14,14,45757,-5891,26,59,88.5
2025-06,west,LUM,2025,LUM-SP,스탠다드 레인지,FWD,오션 블루,10,11,35198,-4531,20,59,88.5
2025-06,west,LUM,2025,LUM-SP,스탠다드 레인지,FWD,선셋 레드,8,8,28158,-3625,16,59,88.5
2025-06,west,LUM,2025,LUM-SP,스탠다드 레인지,FWD,포레스트 그린,5,5,17599,-2266,10,59,88.5
2025-06,west,LUM,2025,LUM-SP,스탠다드 레인지,FWD,샌드 베이지,5,5,17599,-2266,10,59,88.5
2025-06,west,LUM,2025,LUM-SP,롱레인지,AWD,스노우 화이트,38,38,127235,-16380,73,59,88.5
2025-06,west,LUM,2025,LUM-SP,롱레인지,AWD,미드나잇 블랙,30,30,100728,-12967,58,59,88.5
2025-06,west,LUM,2025,LUM-SP,롱레인지,AWD,스틸 그레이,25,26,84823,-10920,49,59,88.5
2025-06,west,LUM,2025,LUM-SP,롱레인지,AWD,실버,20,21,68919,-8872,39,59,88.5
2025-06,west,LUM,2025,LUM-SP,롱레인지,AWD,오션 블루,16,16,53015,-6825,30,59,88.5
2025-06,west,LUM,2025,LUM-SP,롱레인지,AWD,선셋 레드,13,13,42412,-5460,24,59,88.5
2025-06,west,LUM,2025,LUM-SP,롱레인지,AWD,포레스트 그린,8,8,26507,-3412,15,59,88.5
2025-06,west,LUM,2025,LUM-SP,롱레인지,AWD,샌드 베이지,8,8,26507,-3412,15,59,88.5
2025-06,west,LUM,2025,LUM-SP,롱레인지,FWD,스노우 화이트,46,47,155510,-20020,89,59,88.5
2025-06,west,LUM,2025,LUM-SP,롱레인지,FWD,미드나잇 블랙,36,37,123112,-15849,70,59,88.5
2025-06,west,LUM,2025,LUM-SP,롱레인지,FWD,스틸 그레이,31,31,103673,-13346,59,59,88.5
2025-06,west,LUM,2025,LUM-SP,롱레인지,FWD,실버,25,25,84234,-10844,48,59,88.5
2025-06,west,LUM,2025,LUM-SP,롱레인지,FWD,오션 블루,19,19,64796,-8341,37,59,88.5
2025-06,west,LUM,2025,LUM-SP,롱레인지,FWD,선셋 레드,15,16,51837,-6673,30,59,88.5
2025-06,west,LUM,2025,LUM-SP,롱레인지,FWD,포레스트 그린,10,10,32398,-4171,19,59,88.5
2025-06,west,LUM,2025,LUM-SP,롱레인지,FWD,샌드 베이지,10,10,32398,-4171,19,59,88.5
2025-06,central,LUM,2025,LUM-AI,스탠다드 레인지,AWD,스노우 화이트,18,18,49189,-19609,35,59,88.5
2025-06,central,LUM,2025,LUM-AI,스탠다드 레인지,AWD,미드나잇 블랙,14,15,38941,-15524,28,59,88.5
2025-06,central,LUM,2025,LUM-AI,스탠다드 레인지,AWD,스틸 그레이,12,12,32793,-13073,23,59,88.5
2025-06,central,LUM,2025,LUM-AI,스탠다드 레인지,AWD,실버,10,10,26644,-10622,19,59,88.5
2025-06,central,LUM,2025,LUM-AI,스탠다드 레인지,AWD,오션 블루,8,8,20495,-8171,15,59,88.5
2025-06,central,LUM,2025,LUM-AI,스탠다드 레인지,AWD,선셋 레드,6,6,16396,-6536,12,59,88.5
2025-06,central,LUM,2025,LUM-AI,스탠다드 레인지,AWD,포레스트 그린,4,4,10248,-4085,7,59,88.5
2025-06,central,LUM,2025,LUM-AI,스탠다드 레인지,AWD,샌드 베이지,4,4,10248,-4085,7,59,88.5
2025-06,central,LUM,2025,LUM-AI,스탠다드 레인지,FWD,스노우 화이트,17,17,45862,-18283,33,59,88.5
2025-06,central,LUM,2025,LUM-AI,스탠다드 레인지,FWD,미드나잇 블랙,13,14,36308,-14474,26,59,88.5
2025-06,central,LUM,2025,LUM-AI,스탠다드 레인지,FWD,스틸 그레이,11,11,30575,-12189,22,59,88.5
2025-06,central,LUM,2025,LUM-AI,스탠다드 레인지,FWD,실버,9,9,24842,-9903,18,59,88.5
2025-06,central,LUM,2025,LUM-AI,스탠다드 레인지,FWD,오션 블루,7,7,19109,-7618,14,59,88.5
2025-06,central,LUM,2025,LUM-AI,스탠다드 레인지,FWD,선셋 레드,6,6,15287,-6094,11,59,88.5
2025-06,central,LUM,2025,LUM-AI,스탠다드 레인지,FWD,포레스트 그린,4,4,9555,-3809,7,59,88.5
2025-06,central,LUM,2025,LUM-AI,스탠다드 레인지,FWD,샌드 베이지,4,4,9555,-3809,7,59,88.5
2025-06,central,LUM,2025,LUM-AI,롱레인지,AWD,스노우 화이트,33,34,90553,-36099,64,59,88.5
2025-06,central,LUM,2025,LUM-AI,롱레인지,AWD,미드나잇 블랙,26,27,71688,-28578,51,59,88.5
2025-06,central,LUM,2025,LUM-AI,롱레인지,AWD,스틸 그레이,22,23,60369,-24066,43,59,88.5
2025-06,central,LUM,2025,LUM-AI,롱레인지,AWD,실버,18,18,49049,-19554,35,59,88.5
2025-06,central,LUM,2025,LUM-AI,롱레인지,AWD,오션 블루,14,14,37730,-15041,27,59,88.5
2025-06,central,LUM,2025,LUM-AI,롱레인지,AWD,선셋 레드,11,11,30184,-12033,21,59,88.5
2025-06,central,LUM,2025,LUM-AI,롱레인지,AWD,포레스트 그린,7,7,18865,-7521,13,59,88.5
2025-06,central,LUM,2025,LUM-AI,롱레인지,AWD,샌드 베이지,7,7,18865,-7521,13,59,88.5
2025-06,central,LUM,2025,LUM-AI,롱레인지,FWD,스노우 화이트,31,31,84428,-33657,60,59,88.5
2025-06,central,LUM,2025,LUM-AI,롱레인지,FWD,미드나잇 블랙,25,25,66839,-26645,47,59,88.5
2025-06,central,LUM,2025,LUM-AI,롱레인지,FWD,스틸 그레이,21,21,56286,-22438,40,59,88.5
2025-06,central,LUM,2025,LUM-AI,롱레인지,FWD,실버,17,17,45732,-18231,32,59,88.5
2025-06,central,LUM,2025,LUM-AI,롱레인지,FWD,오션 블루,13,13,35179,-14024,25,59,88.5
2025-06,central,LUM,2025,LUM-AI,롱레인지,FWD,선셋 레드,10,10,28143,-11219,20,59,88.5
2025-06,central,LUM,2025,LUM-AI,롱레인지,FWD,포레스트 그린,6,7,17589,-7012,12,59,88.5
2025-06,central,LUM,2025,LUM-AI,롱레인지,FWD,샌드 베이지,6,7,17589,-7012,12,59,88.5
2025-06,central,LUM,2025,LUM-RA,스탠다드 레인지,AWD,스노우 화이트,21,21,61909,-17753,40,59,88.5
2025-06,central,LUM,2025,LUM-RA,스탠다드 레인지,AWD,미드나잇 블랙,17,17,49011,-14054,32,59,88.5
2025-06,central,LUM,2025,LUM-RA,스탠다드 레인지,AWD,스틸 그레이,14,14,41272,-11835,27,59,88.5
2025-06,central,LUM,2025,LUM-RA,스탠다드 레인지,AWD,실버,11,12,33534,-9616,22,59,88.5
2025-06,central,LUM,2025,LUM-RA,스탠다드 레인지,AWD,오션 블루,9,9,25795,-7397,17,59,88.5
2025-06,central,LUM,2025,LUM-RA,스탠다드 레인지,AWD,선셋 레드,7,7,20636,-5918,13,59,88.5
2025-06,central,LUM,2025,LUM-RA,스탠다드 레인지,AWD,포레스트 그린,4,4,12898,-3698,8,59,88.5
2025-06,central,LUM,2025,LUM-RA,스탠다드 레인지,AWD,샌드 베이지,4,4,12898,-3698,8,59,88.5
2025-06,central,LUM,2025,LUM-RA,스탠다드 레인지,FWD,스노우 화이트,19,20,57722,-16552,38,59,88.5
2025-06,central,LUM,2025,LUM-RA,스탠다드 레인지,FWD,미드나잇 블랙,15,16,45696,-13104,30,59,88.5
2025-06,central,LUM,2025,LUM-RA,스탠다드 레인지,FWD,스틸 그레이,13,13,38481,-11035,25,59,88.5
2025-06,central,LUM,2025,LUM-RA,스탠다드 레인지,FWD,실버,11,11,31266,-8966,20,59,88.5
2025-06,central,LUM,2025,LUM-RA,스탠다드 레인지,FWD,오션 블루,8,8,24051,-6897,16,59,88.5
2025-06,central,LUM,2025,LUM-RA,스탠다드 레인지,FWD,선셋 레드,6,7,19241,-5517,13,59,88.5
2025-06,central,LUM,2025,LUM-RA,스탠다드 레인지,FWD,포레스트 그린,4,4,12025,-3448,8,59,88.5
2025-06,central,LUM,2025,LUM-RA,스탠다드 레인지,FWD,샌드 베이지,4,4,12025,-3448,8,59,88.5
2025-06,central,LUM,2025,LUM-RA,롱레인지,AWD,스노우 화이트,38,39,113968,-32681,74,59,88.5
2025-06,central,LUM,2025,LUM-RA,롱레인지,AWD,미드나잇 블랙,30,31,90225,-25873,59,59,88.5
2025-06,central,LUM,2025,LUM-RA,롱레인지,AWD,스틸 그레이,26,26,75979,-21788,50,59,88.5
2025-06,central,LUM,2025,LUM-RA,롱레인지,AWD,실버,21,21,61733,-17702,40,59,88.5
2025-06,central,LUM,2025,LUM-RA,롱레인지,AWD,오션 블루,16,16,47487,-13617,31,59,88.5
2025-06,central,LUM,2025,LUM-RA,롱레인지,AWD,선셋 레드,13,13,37989,-10894,25,59,88.5
2025-06,central,LUM,2025,LUM-RA,롱레인지,AWD,포레스트 그린,8,8,23743,-6809,15,59,88.5
2025-06,central,LUM,2025,LUM-RA,롱레인지,AWD,샌드 베이지,8,8,23743,-6809,15,59,88.5
2025-06,central,LUM,2025,LUM-RA,롱레인지,FWD,스노우 화이트,36,36,106260,-30471,69,59,88.5
2025-06,central,LUM,2025,LUM-RA,롱레인지,FWD,미드나잇 블랙,28,29,84123,-24123,55,59,88.5
2025-06,central,LUM,2025,LUM-RA,롱레인지,FWD,스틸 그레이,24,24,70840,-20314,46,59,88.5
2025-06,central,LUM,2025,LUM-RA,롱레인지,FWD,실버,19,20,57558,-16505,38,59,88.5
2025-06,central,LUM,2025,LUM-RA,롱레인지,FWD,오션 블루,15,15,44275,-12696,29,59,88.5
2025-06,central,LUM,2025,LUM-RA,롱레인지,FWD,선셋 레드,12,12,35420,-10157,23,59,88.5
2025-06,central,LUM,2025,LUM-RA,롱레인지,FWD,포레스트 그린,7,8,22138,-6348,14,59,88.5
2025-06,central,LUM,2025,LUM-RA,롱레인지,FWD,샌드 베이지,7,8,22138,-6348,14,59,88.5
2025-06,central,LUM,2025,LUM-SP,스탠다드 레인지,AWD,스노우 화이트,9,9,28872,-3717,17,59,88.5
2025-06,central,LUM,2025,LUM-SP,스탠다드 레인지,AWD,미드나잇 블랙,7,7,22857,-2942,13,59,88.5
2025-06,central,LUM,2025,LUM-SP,스탠다드 레인지,AWD,스틸 그레이,6,6,19248,-2478,11,59,88.5
2025-06,central,LUM,2025,LUM-SP,스탠다드 레인지,AWD,실버,5,5,15639,-2013,9,59,88.5
2025-06,central,LUM,2025,LUM-SP,스탠다드 레인지,AWD,오션 블루,4,4,12030,-1549,7,59,88.5
2025-06,central,LUM,2025,LUM-SP,스탠다드 레인지,AWD,선셋 레드,3,3,9624,-1239,6,55,88.5
2025-06,central,LUM,2025,LUM-SP,스탠다드 레인지,AWD,포레스트 그린,2,2,6015,-774,3,34,88.5
2025-06,central,LUM,2025,LUM-SP,스탠다드 레인지,AWD,샌드 베이지,2,2,6015,-774,3,34,88.5
2025-06,central,LUM,2025,LUM-SP,스탠다드 레인지,FWD,스노우 화이트,8,8,26919,-3465,15,59,88.5
2025-06,central,LUM,2025,LUM-SP,스탠다드 레인지,FWD,미드나잇 블랙,6,6,21311,-2743,12,59,88.5
2025-06,central,LUM,2025,LUM-SP,스탠다드 레인지,FWD,스틸 그레이,5,5,17946,-2310,10,59,88.5
2025-06,central,LUM,2025,LUM-SP,스탠다드 레인지,FWD,실버,4,4,14581,-1877,8,59,88.5
2025-06,central,LUM,2025,LUM-SP,스탠다드 레인지,FWD,오션 블루,3,3,11216,-1444,6,59,88.5
2025-06,central,LUM,2025,LUM-SP,스탠다드 레인지,FWD,선셋 레드,3,3,8973,-1155,5,51,88.5
2025-06,central,LUM,2025,LUM-SP,스탠다드 레인지,FWD,포레스트 그린,2,2,5608,-722,3,32,88.5
2025-06,central,LUM,2025,LUM-SP,스탠다드 레인지,FWD,샌드 베이지,2,2,5608,-722,3,32,88.5
2025-06,central,LUM,2025,LUM-SP,롱레인지,AWD,스노우 화이트,16,16,53151,-6842,30,59,88.5
2025-06,central,LUM,2025,LUM-SP,롱레인지,AWD,미드나잇 블랙,12,13,42078,-5417,24,59,88.5
2025-06,central,LUM,2025,LUM-SP,롱레인지,AWD,스틸 그레이,10,11,35434,-4562,20,59,88.5
2025-06,central,LUM,2025,LUM-SP,롱레인지,AWD,실버,9,9,28790,-3706,16,59,88.5
2025-06,central,LUM,2025,LUM-SP,롱레인지,AWD,오션 블루,7,7,22146,-2851,13,59,88.5
2025-06,central,LUM,2025,LUM-SP,롱레인지,AWD,선셋 레드,5,5,17717,-2281,10,59,88.5
2025-06,central,LUM,2025,LUM-SP,롱레인지,AWD,포레스트 그린,3,3,11073,-1425,6,59,88.5
2025-06,central,LUM,2025,LUM-SP,롱레인지,AWD,샌드 베이지,3,3,11073,-1425,6,59,88.5
2025-06,central,LUM,2025,LUM-SP,롱레인지,FWD,스노우 화이트,15,15,49556,-6380,28,59,88.5
2025-06,central,LUM,2025,LUM-SP,롱레인지,FWD,미드나잇 블랙,12,12,39232,-5050,22,59,88.5
2025-06,central,LUM,2025,LUM-SP,롱레인지,FWD,스틸 그레이,10,10,33037,-4253,19,59,88.5
2025-06,central,LUM,2025,LUM-SP,롱레인지,FWD,실버,8,8,26843,-3456,15,59,88.5
2025-06,central,LUM,2025,LUM-SP,롱레인지,FWD,오션 블루,6,6,20648,-2658,12,59,88.5
2025-06,central,LUM,2025,LUM-SP,롱레인지,FWD,선셋 레드,5,5,16519,-2127,9,59,88.5
2025-06,central,LUM,2025,LUM-SP,롱레인지,FWD,포레스트 그린,3,3,10324,-1329,6,59,88.5
2025-06,central,LUM,2025,LUM-SP,롱레인지,FWD,샌드 베이지,3,3,10324,-1329,6,59,88.5
2025-06,south,LUM,2025,LUM-AI,스탠다드 레인지,AWD,스노우 화이트,15,15,39855,-15888,28,59,88.5
2025-06,south,LUM,2025,LUM-AI,스탠다드 레인지,AWD,미드나잇 블랙,12,12,31552,-12578,22,59,88.5
2025-06,south,LUM,2025,LUM-AI,스탠다드 레인지,AWD,스틸 그레이,10,10,26570,-10592,19,59,88.5
2025-06,south,LUM,2025,LUM-AI,스탠다드 레인지,AWD,실버,8,8,21588,-8606,15,59,88.5
2025-06,south,LUM,2025,LUM-AI,스탠다드 레인지,AWD,오션 블루,6,6,16606,-6620,12,59,88.5
2025-06,south,LUM,2025,LUM-AI,스탠다드 레인지,AWD,선셋 레드,5,5,13285,-5296,9,59,88.5
2025-06,south,LUM,2025,LUM-AI,스탠다드 레인지,AWD,포레스트 그린,3,3,8303,-3310,6,59,88.5
2025-06,south,LUM,2025,LUM-AI,스탠다드 레인지,AWD,샌드 베이지,3,3,8303,-3310,6,59,88.5
2025-06,south,LUM,2025,LUM-AI,스탠다드 레인지,FWD,스노우 화이트,31,31,83153,-33149,59,59,88.5
2025-06,south,LUM,2025,LUM-AI,스탠다드 레인지,FWD,미드나잇 블랙,24,25,65830,-26243,47,59,88.5
2025-06,south,LUM,2025,LUM-AI,스탠다드 레인지,FWD,스틸 그레이,20,21,55436,-22099,39,59,88.5
2025-06,south,LUM,2025,LUM-AI,스탠다드 레인지,FWD,실버,17,17,45041,-17956,32,59,88.5
2025-06,south,LUM,2025,LUM-AI,스탠다드 레인지,FWD,오션 블루,13,13,34647,-13812,25,59,88.5
2025-06,south,LUM,2025,LUM-AI,스탠다드 레인지,FWD,선셋 레드,10,10,27718,-11050,20,59,88.5
2025-06,south,LUM,2025,LUM-AI,스탠다드 레인지,FWD,포레스트 그린,6,6,17324,-6906,12,59,88.5
2025-06,south,LUM,2025,LUM-AI,스탠다드 레인지,FWD,샌드 베이지,6,6,17324,-6906,12,59,88.5
2025-06,south,LUM,2025,LUM-AI,롱레인지,AWD,스노우 화이트,27,27,73369,-29248,52,59,88.5
2025-06,south,LUM,2025,LUM-AI,롱레인지,AWD,미드나잇 블랙,21,22,58083,-23155,41,59,88.5
2025-06,south,LUM,2025,LUM-AI,롱레인지,AWD,스틸 그레이,18,18,48912,-19499,35,59,88.5
2025-06,south,LUM,2025,LUM-AI,롱레인지,AWD,실버,15,15,39741,-15843,28,59,88.5
2025-06,south,LUM,2025,LUM-AI,롱레인지,AWD,오션 블루,11,11,30570,-12187,22,59,88.5
2025-06,south,LUM,2025,LUM-AI,롱레인지,AWD,선셋 레드,9,9,24456,-9749,17,59,88.5
2025-06,south,LUM,2025,LUM-AI,롱레인지,AWD,포레스트 그린,6,6,15285,-6093,11,59,88.5
2025-06,south,LUM,2025,LUM-AI,롱레인지,AWD,샌드 베이지,6,6,15285,-6093,11,59,88.5
2025-06,south,LUM,2025,LUM-AI,롱레인지,FWD,스노우 화이트,56,57,153078,-61024,108,59,88.5
2025-06,south,LUM,2025,LUM-AI,롱레인지,FWD,미드나잇 블랙,44,45,121187,-48311,86,59,88.5
2025-06,south,LUM,2025,LUM-AI,롱레인지,FWD,스틸 그레이,37,38,102052,-40683,72,59,88.5
2025-06,south,LUM,2025,LUM-AI,롱레인지,FWD,실버,30,31,82917,-33055,59,59,88.5
2025-06,south,LUM,2025,LUM-AI,롱레인지,FWD,오션 블루,23,24,63782,-25427,45,59,88.5
2025-06,south,LUM,2025,LUM-AI,롱레인지,FWD,선셋 레드,19,19,51026,-20341,36,59,88.5
2025-06,south,LUM,2025,LUM-AI,롱레인지,FWD,포레스트 그린,12,12,31891,-12713,23,59,88.5
2025-06,south,LUM,2025,LUM-AI,롱레인지,FWD,샌드 베이지,12,12,31891,-12713,23,59,88.5
2025-06,south,LUM,2025,LUM-RA,스탠다드 레인지,AWD,스노우 화이트,17,17,50160,-14384,33,59,88.5
2025-06,south,LUM,2025,LUM-RA,스탠다드 레인지,AWD,미드나잇 블랙,13,14,39710,-11387,26,59,88.5
2025-06,south,LUM,2025,LUM-RA,스탠다드 레인지,AWD,스틸 그레이,11,11,33440,-9589,22,59,88.5
2025-06,south,LUM,2025,LUM-RA,스탠다드 레인지,AWD,실버,9,9,27170,-7791,18,59,88.5
2025-06,south,LUM,2025,LUM-RA,스탠다드 레인지,AWD,오션 블루,7,7,20900,-5993,14,59,88.5
2025-06,south,LUM,2025,LUM-RA,스탠다드 레인지,AWD,선셋 레드,6,6,16720,-4795,11,59,88.5
2025-06,south,LUM,2025,LUM-RA,스탠다드 레인지,AWD,포레스트 그린,4,4,10450,-2997,7,59,88.5
2025-06,south,LUM,2025,LUM-RA,스탠다드 레인지,AWD,샌드 베이지,4,4,10450,-2997,7,59,88.5
2025-06,south,LUM,2025,LUM-RA,스탠다드 레인지,FWD,스노우 화이트,35,36,104655,-30011,68,59,88.5
2025-06,south,LUM,2025,LUM-RA,스탠다드 레인지,FWD,미드나잇 블랙,28,28,82852,-23758,54,59,88.5
2025-06,south,LUM,2025,LUM-RA,스탠다드 레인지,FWD,스틸 그레이,24,24,69770,-20007,45,59,88.5
2025-06,south,LUM,2025,LUM-RA,스탠다드 레인지,FWD,실버,19,19,56688,-16256,37,59,88.5
2025-06,south,LUM,2025,LUM-RA,스탠다드 레인지,FWD,오션 블루,15,15,43606,-12504,28,59,88.5
2025-06,south,LUM,2025,LUM-RA,스탠다드 레인지,FWD,선셋 레드,12,12,34885,-10004,23,59,88.5
2025-06,south,LUM,2025,LUM-RA,스탠다드 레인지,FWD,포레스트 그린,7,7,21803,-6252,14,59,88.5
2025-06,south,LUM,2025,LUM-RA,스탠다드 레인지,FWD,샌드 베이지,7,7,21803,-6252,14,59,88.5
2025-06,south,LUM,2025,LUM-RA,롱레인지,AWD,스노우 화이트,31,32,92340,-26479,60,59,88.5
2025-06,south,LUM,2025,LUM-RA,롱레인지,AWD,미드나잇 블랙,25,25,73103,-20963,48,59,88.5
2025-06,south,LUM,2025,LUM-RA,롱레인지,AWD,스틸 그레이,21,21,61560,-17653,40,59,88.5
2025-06,south,LUM,2025,LUM-RA,롱레인지,AWD,실버,17,17,50018,-14343,33,59,88.5
2025-06,south,LUM,2025,LUM-RA,롱레인지,AWD,오션 블루,13,13,38475,-11033,25,59,88.5
2025-06,south,LUM,2025,LUM-RA,롱레인지,AWD,선셋 레드,10,11,30780,-8826,20,59,88.5
2025-06,south,LUM,2025,LUM-RA,롱레인지,AWD,포레스트 그린,6,7,19238,-5517,13,59,88.5
2025-06,south,LUM,2025,LUM-RA,롱레인지,AWD,샌드 베이지,6,7,19238,-5517,13,59,88.5
2025-06,south,LUM,2025,LUM-RA,롱레인지,FWD,스노우 화이트,65,66,192661,-55247,126,59,88.5
2025-06,south,LUM,2025,LUM-RA,롱레인지,FWD,미드나잇 블랙,52,52,152523,-43737,99,59,88.5
2025-06,south,LUM,2025,LUM-RA,롱레인지,FWD,스틸 그레이,43,44,128440,-36831,84,59,88.5
2025-06,south,LUM,2025,LUM-RA,롱레인지,FWD,실버,35,36,104358,-29925,68,59,88.5
2025-06,south,LUM,2025,LUM-RA,롱레인지,FWD,오션 블루,27,28,80275,-23020,52,59,88.5
2025-06,south,LUM,2025,LUM-RA,롱레인지,FWD,선셋 레드,22,22,64220,-18416,42,59,88.5
2025-06,south,LUM,2025,LUM-RA,롱레인지,FWD,포레스트 그린,14,14,40138,-11510,26,59,88.5
2025-06,south,LUM,2025,LUM-RA,롱레인지,FWD,샌드 베이지,14,14,40138,-11510,26,59,88.5
2025-06,south,LUM,2025,LUM-SP,스탠다드 레인지,AWD,스노우 화이트,7,7,23393,-3011,13,59,88.5
2025-06,south,LUM,2025,LUM-SP,스탠다드 레인지,AWD,미드나잇 블랙,5,6,18519,-2384,11,59,88.5
2025-06,south,LUM,2025,LUM-SP,스탠다드 레인지,AWD,스틸 그레이,5,5,15595,-2008,9,59,88.5
2025-06,south,LUM,2025,LUM-SP,스탠다드 레인지,AWD,실버,4,4,12671,-1631,7,59,88.5
2025-06,south,LUM,2025,LUM-SP,스탠다드 레인지,AWD,오션 블루,3,3,9747,-1255,6,56,88.5
2025-06,south,LUM,2025,LUM-SP,스탠다드 레인지,AWD,선셋 레드,2,2,7798,-1004,4,45,88.5
2025-06,south,LUM,2025,LUM-SP,스탠다드 레인지,AWD,포레스트 그린,1,1,4874,-627,3,28,88.5
2025-06,south,LUM,2025,LUM-SP,스탠다드 레인지,AWD,샌드 베이지,1,1,4874,-627,3,28,88.5
2025-06,south,LUM,2025,LUM-SP,스탠다드 레인지,FWD,스노우 화이트,14,15,48807,-6283,28,59,88.5
2025-06,south,LUM,2025,LUM-SP,스탠다드 레인지,FWD,미드나잇 블랙,11,12,38639,-4974,22,59,88.5
2025-06,south,LUM,2025,LUM-SP,스탠다드 레인지,FWD,스틸 그레이,10,10,32538,-4189,19,59,88.5
2025-06,south,LUM,2025,LUM-SP,스탠다드 레인지,FWD,실버,8,8,26437,-3403,15,59,88.5
2025-06,south,LUM,2025,LUM-SP,스탠다드 레인지,FWD,오션 블루,6,6,20336,-2618,12,59,88.5
2025-06,south,LUM,2025,LUM-SP,스탠다드 레인지,FWD,선셋 레드,5,5,16269,-2094,9,59,88.5
2025-06,south,LUM,2025,LUM-SP,스탠다드 레인지,FWD,포레스트 그린,3,3,10168,-1309,6,58,88.5
2025-06,south,LUM,2025,LUM-SP,스탠다드 레인지,FWD,샌드 베이지,3,3,10168,-1309,6,58,88.5
2025-06,south,LUM,2025,LUM-SP,롱레인지,AWD,스노우 화이트,13,13,43064,-5544,25,59,88.5
2025-06,south,LUM,2025,LUM-SP,롱레인지,AWD,미드나잇 블랙,10,10,34092,-4389,19,59,88.5
2025-06,south,LUM,2025,LUM-SP,롱레인지,AWD,스틸 그레이,9,9,28709,-3696,16,59,88.5
2025-06,south,LUM,2025,LUM-SP,롱레인지,AWD,실버,7,7,23326,-3003,13,59,88.5
2025-06,south,LUM,2025,LUM-SP,롱레인지,AWD,오션 블루,5,5,17943,-2310,10,59,88.5
2025-06,south,LUM,2025,LUM-SP,롱레인지,AWD,선셋 레드,4,4,14355,-1848,8,59,88.5
2025-06,south,LUM,2025,LUM-SP,롱레인지,AWD,포레스트 그린,3,3,8972,-1155,5,51,88.5
2025-06,south,LUM,2025,LUM-SP,롱레인지,AWD,샌드 베이지,3,3,8972,-1155,5,51,88.5
2025-06,south,LUM,2025,LUM-SP,롱레인지,FWD,스노우 화이트,27,27,89850,-11567,51,59,88.5
2025-06,south,LUM,2025,LUM-SP,롱레인지,FWD,미드나잇 블랙,21,21,71131,-9157,41,59,88.5
2025-06,south,LUM,2025,LUM-SP,롱레인지,FWD,스틸 그레이,18,18,59900,-7711,34,59,88.5
2025-06,south,LUM,2025,LUM-SP,롱레인지,FWD,실버,14,15,48669,-6265,28,59,88.5
2025-06,south,LUM,2025,LUM-SP,롱레인지,FWD,오션 블루,11,11,37437,-4820,21,59,88.5
2025-06,south,LUM,2025,LUM-SP,롱레인지,FWD,선셋 레드,9,9,29950,-3856,17,59,88.5
2025-06,south,LUM,2025,LUM-SP,롱레인지,FWD,포레스트 그린,6,6,18719,-2410,11,59,88.5
2025-06,south,LUM,2025,LUM-SP,롱레인지,FWD,샌드 베이지,6,6,18719,-2410,11,59,88.5
2025-06,northeast,LUM,2025,LUM-AI,스탠다드 레인지,AWD,스노우 화이트,37,37,100089,-39901,71,59,88.5
2025-06,northeast,LUM,2025,LUM-AI,스탠다드 레인지,AWD,미드나잇 블랙,29,30,79237,-31588,56,59,88.5
2025-06,northeast,LUM,2025,LUM-AI,스탠다드 레인지,AWD,스틸 그레이,25,25,66726,-26600,47,59,88.5
2025-06,northeast,LUM,2025,LUM-AI,스탠다드 레인지,AWD,실버,20,20,54215,-21613,38,59,88.5
2025-06,northeast,LUM,2025,LUM-AI,스탠다드 레인지,AWD,오션 블루,15,16,41704,-16625,30,59,88.5
2025-06,northeast,LUM,2025,LUM-AI,스탠다드 레인지,AWD,선셋 레드,12,12,33363,-13300,24,59,88.5
2025-06,northeast,LUM,2025,LUM-AI,스탠다드 레인지,AWD,포레스트 그린,8,8,20852,-8313,15,59,88.5
2025-06,northeast,LUM,2025,LUM-AI,스탠다드 레인지,AWD,샌드 베이지,8,8,20852,-8313,15,59,88.5
2025-06,northeast,LUM,2025,LUM-AI,스탠다드 레인지,FWD,스노우 화이트,26,26,71003,-28306,50,59,88.5
2025-06,northeast,LUM,2025,LUM-AI,스탠다드 레인지,FWD,미드나잇 블랙,21,21,56211,-22409,40,59,88.5
2025-06,northeast,LUM,2025,LUM-AI,스탠다드 레인지,FWD,스틸 그레이,17,18,47336,-18870,34,59,88.5
2025-06,northeast,LUM,2025,LUM-AI,스탠다드 레인지,FWD,실버,14,14,38460,-15332,27,59,88.5
2025-06,northeast,LUM,2025,LUM-AI,스탠다드 레인지,FWD,오션 블루,11,11,29585,-11794,21,59,88.5
2025-06,northeast,LUM,2025,LUM-AI,스탠다드 레인지,FWD,선셋 레드,9,9,23668,-9435,17,59,88.5
2025-06,northeast,LUM,2025,LUM-AI,스탠다드 레인지,FWD,포레스트 그린,5,6,14792,-5897,10,59,88.5
2025-06,northeast,LUM,2025,LUM-AI,스탠다드 레인지,FWD,샌드 베이지,5,6,14792,-5897,10,59,88.5
2025-06,northeast,LUM,2025,LUM-AI,롱레인지,AWD,스노우 화이트,68,69,184255,-73453,131,59,88.5
2025-06,northeast,LUM,2025,LUM-AI,롱레인지,AWD,미드나잇 블랙,54,54,145869,-58151,103,59,88.5
2025-06,northeast,LUM,2025,LUM-AI,롱레인지,AWD,스틸 그레이,45,46,122837,-48969,87,59,88.5
2025-06,northeast,LUM,2025,LUM-AI,롱레인지,AWD,실버,37,37,99805,-39787,71,59,88.5
2025-06,northeast,LUM,2025,LUM-AI,롱레인지,AWD,오션 블루,28,29,76773,-30606,54,59,88.5
2025-06,northeast,LUM,2025,LUM-AI,롱레인지,AWD,선셋 레드,23,23,61418,-24484,44,59,88.5
2025-06,northeast,LUM,2025,LUM-AI,롱레인지,AWD,포레스트 그린,14,14,38387,-15303,27,59,88.5
2025-06,northeast,LUM,2025,LUM-AI,롱레인지,AWD,샌드 베이지,14,14,38387,-15303,27,59,88.5
2025-06,northeast,LUM,2025,LUM-AI,롱레인지,FWD,스노우 화이트,48,49,130711,-52108,93,59,88.5
2025-06,northeast,LUM,2025,LUM-AI,롱레인지,FWD,미드나잇 블랙,38,39,103480,-41252,73,59,88.5
2025-06,northeast,LUM,2025,LUM-AI,롱레인지,FWD,스틸 그레이,32,32,87141,-34739,62,59,88.5
2025-06,northeast,LUM,2025,LUM-AI,롱레인지,FWD,실버,26,26,70802,-28225,50,59,88.5
2025-06,northeast,LUM,2025,LUM-AI,롱레인지,FWD,오션 블루,20,20,54463,-21712,39,59,88.5
2025-06,northeast,LUM,2025,LUM-AI,롱레인지,FWD,선셋 레드,16,16,43570,-17369,31,59,88.5
2025-06,northeast,LUM,2025,LUM-AI,롱레인지,FWD,포레스트 그린,10,10,27231,-10856,19,59,88.5
2025-06,northeast,LUM,2025,LUM-AI,롱레인지,FWD,샌드 베이지,10,10,27231,-10856,19,59,88.5
2025-06,northeast,LUM,2025,LUM-RA,스탠다드 레인지,AWD,스노우 화이트,43,43,125970,-36123,82,59,88.5
2025-06,northeast,LUM,2025,LUM-RA,스탠다드 레인지,AWD,미드나잇 블랙,34,34,99727,-28597,65,59,88.5
2025-06,northeast,LUM,2025,LUM-RA,스탠다드 레인지,AWD,스틸 그레이,28,29,83980,-24082,55,59,88.5
2025-06,northeast,LUM,2025,LUM-RA,스탠다드 레인지,AWD,실버,23,23,68234,-19567,44,59,88.5
2025-06,northeast,LUM,2025,LUM-RA,스탠다드 레인지,AWD,오션 블루,18,18,52488,-15051,34,59,88.5
2025-06,northeast,LUM,2025,LUM-RA,스탠다드 레인지,AWD,선셋 레드,14,14,41990,-12041,27,59,88.5
2025-06,northeast,LUM,2025,LUM-RA,스탠다드 레인지,AWD,포레스트 그린,9,9,26244,-7526,17,59,88.5
2025-06,northeast,LUM,2025,LUM-RA,스탠다드 레인지,AWD,샌드 베이지,9,9,26244,-7526,17,59,88.5
2025-06,northeast,LUM,2025,LUM-RA,스탠다드 레인지,FWD,스노우 화이트,30,31,89364,-25626,58,59,88.5
2025-06,northeast,LUM,2025,LUM-RA,스탠다드 레인지,FWD,미드나잇 블랙,24,24,70746,-20287,46,59,88.5
2025-06,northeast,LUM,2025,LUM-RA,스탠다드 레인지,FWD,스틸 그레이,20,20,59576,-17084,39,59,88.5
2025-06,northeast,LUM,2025,LUM-RA,스탠다드 레인지,FWD,실버,16,17,48405,-13881,32,59,88.5
2025-06,northeast,LUM,2025,LUM-RA,스탠다드 레인지,FWD,오션 블루,13,13,37235,-10677,24,59,88.5
2025-06,northeast,LUM,2025,LUM-RA,스탠다드 레인지,FWD,선셋 레드,10,10,29788,-8542,19,59,88.5
2025-06,northeast,LUM,2025,LUM-RA,스탠다드 레인지,FWD,포레스트 그린,6,6,18617,-5339,12,59,88.5
2025-06,northeast,LUM,2025,LUM-RA,스탠다드 레인지,FWD,샌드 베이지,6,6,18617,-5339,12,59,88.5
2025-06,northeast,LUM,2025,LUM-RA,롱레인지,AWD,스노우 화이트,78,80,231900,-66499,151,59,88.5
2025-06,northeast,LUM,2025,LUM-RA,롱레인지,AWD,미드나잇 블랙,62,63,183588,-52645,120,59,88.5
2025-06,northeast,LUM,2025,LUM-RA,롱레인지,AWD,스틸 그레이,52,53,154600,-44333,101,59,88.5
2025-06,northeast,LUM,2025,LUM-RA,롱레인지,AWD,실버,42,43,125613,-36020,82,59,88.5
2025-06,northeast,LUM,2025,LUM-RA,롱레인지,AWD,오션 블루,33,33,96625,-27708,63,59,88.5
2025-06,northeast,LUM,2025,LUM-RA,롱레인지,AWD,선셋 레드,26,27,77300,-22166,50,59,88.5
2025-06,northeast,LUM,2025,LUM-RA,롱레인지,AWD,포레스트 그린,16,17,48313,-13854,32,59,88.5
2025-06,northeast,LUM,2025,LUM-RA,롱레인지,AWD,샌드 베이지,16,17,48313,-13854,32,59,88.5
2025-06,northeast,LUM,2025,LUM-RA,롱레인지,FWD,스노우 화이트,56,56,164510,-47175,107,59,88.5
2025-06,northeast,LUM,2025,LUM-RA,롱레인지,FWD,미드나잇 블랙,44,45,130237,-37347,85,59,88.5
2025-06,northeast,LUM,2025,LUM-RA,롱레인지,FWD,스틸 그레이,37,38,109674,-31450,72,59,88.5
2025-06,northeast,LUM,2025,LUM-RA,롱레인지,FWD,실버,30,31,89110,-25553,58,59,88.5
2025-06,northeast,LUM,2025,LUM-RA,롱레인지,FWD,오션 블루,23,24,68546,-19656,45,59,88.5
2025-06,northeast,LUM,2025,LUM-RA,롱레인지,FWD,선셋 레드,19,19,54837,-15725,36,59,88.5
2025-06,northeast,LUM,2025,LUM-RA,롱레인지,FWD,포레스트 그린,12,12,34273,-9828,22,59,88.5
2025-06,northeast,LUM,2025,LUM-RA,롱레인지,FWD,샌드 베이지,12,12,34273,-9828,22,59,88.5
2025-06,northeast,LUM,2025,LUM-SP,스탠다드 레인지,AWD,스노우 화이트,17,18,58748,-7563,34,59,88.5
2025-06,northeast,LUM,2025,LUM-SP,스탠다드 레인지,AWD,미드나잇 블랙,14,14,46509,-5987,27,59,88.5
2025-06,northeast,LUM,2025,LUM-SP,스탠다드 레인지,AWD,스틸 그레이,12,12,39165,-5042,22,59,88.5
2025-06,northeast,LUM,2025,LUM-SP,스탠다드 레인지,AWD,실버,9,10,31822,-4097,18,59,88.5
2025-06,northeast,LUM,2025,LUM-SP,스탠다드 레인지,AWD,오션 블루,7,7,24478,-3151,14,59,88.5
2025-06,northeast,LUM,2025,LUM-SP,스탠다드 레인지,AWD,선셋 레드,6,6,19583,-2521,11,59,88.5
2025-06,northeast,LUM,2025,LUM-SP,스탠다드 레인지,AWD,포레스트 그린,4,4,12239,-1576,7,59,88.5
2025-06,northeast,LUM,2025,LUM-SP,스탠다드 레인지,AWD,샌드 베이지,4,4,12239,-1576,7,59,88.5
2025-06,northeast,LUM,2025,LUM-SP,스탠다드 레인지,FWD,스노우 화이트,12,13,41676,-5365,24,59,88.5
2025-06,northeast,LUM,2025,LUM-SP,스탠다드 레인지,FWD,미드나잇 블랙,10,10,32993,-4247,19,59,88.5
2025-06,northeast,LUM,2025,LUM-SP,스탠다드 레인지,FWD,스틸 그레이,8,8,27784,-3577,16,59,88.5
2025-06,northeast,LUM,2025,LUM-SP,스탠다드 레인지,FWD,실버,7,7,22574,-2906,13,59,88.5
2025-06,northeast,LUM,2025,LUM-SP,스탠다드 레인지,FWD,오션 블루,5,5,17365,-2235,10,59,88.5
2025-06,northeast,LUM,2025,LUM-SP,스탠다드 레인지,FWD,선셋 레드,4,4,13892,-1788,8,59,88.5
2025-06,northeast,LUM,2025,LUM-SP,스탠다드 레인지,FWD,포레스트 그린,3,3,8682,-1118,5,50,88.5
2025-06,northeast,LUM,2025,LUM-SP,스탠다드 레인지,FWD,샌드 베이지,3,3,8682,-1118,5,50,88.5
2025-06,northeast,LUM,2025,LUM-SP,롱레인지,AWD,스노우 화이트,32,33,108150,-13923,62,59,88.5
2025-06,northeast,LUM,2025,LUM-SP,롱레인지,AWD,미드나잇 블랙,25,26,85619,-11022,49,59,88.5
2025-06,northeast,LUM,2025,LUM-SP,롱레인지,AWD,스틸 그레이,21,22,72100,-9282,41,59,88.5
2025-06,northeast,LUM,2025,LUM-SP,롱레인지,AWD,실버,17,18,58581,-7541,34,59,88.5
2025-06,northeast,LUM,2025,LUM-SP,롱레인지,AWD,오션 블루,13,14,45062,-5801,26,59,88.5
2025-06,northeast,LUM,2025,LUM-SP,롱레인지,AWD,선셋 레드,11,11,36050,-4641,21,59,88.5
2025-06,northeast,LUM,2025,LUM-SP,롱레인지,AWD,포레스트 그린,7,7,22531,-2901,13,59,88.5
2025-06,northeast,LUM,2025,LUM-SP,롱레인지,AWD,샌드 베이지,7,7,22531,-2901,13,59,88.5
2025-06,northeast,LUM,2025,LUM-SP,롱레인지,FWD,스노우 화이트,23,23,76722,-9877,44,59,88.5
2025-06,northeast,LUM,2025,LUM-SP,롱레인지,FWD,미드나잇 블랙,18,18,60738,-7819,35,59,88.5
2025-06,northeast,LUM,2025,LUM-SP,롱레인지,FWD,스틸 그레이,15,15,51148,-6585,29,59,88.5
2025-06,northeast,LUM,2025,LUM-SP,롱레인지,FWD,실버,12,13,41558,-5350,24,59,88.5
2025-06,northeast,LUM,2025,LUM-SP,롱레인지,FWD,오션 블루,9,10,31967,-4115,18,59,88.5
2025-06,northeast,LUM,2025,LUM-SP,롱레인지,FWD,선셋 레드,8,8,25574,-3292,15,59,88.5
2025-06,northeast,LUM,2025,LUM-SP,롱레인지,FWD,포레스트 그린,5,5,15984,-2058,9,59,88.5
2025-06,northeast,LUM,2025,LUM-SP,롱레인지,FWD,샌드 베이지,5,5,15984,-2058,9,59,88.5
2025-06,southeast,LUM,2025,LUM-AI,스탠다드 레인지,AWD,스노우 화이트,19,19,51328,-20462,36,59,88.5
2025-06,southeast,LUM,2025,LUM-AI,스탠다드 레인지,AWD,미드나잇 블랙,15,15,40635,-16199,29,59,88.5
2025-06,southeast,LUM,2025,LUM-AI,스탠다드 레인지,AWD,스틸 그레이,13,13,34219,-13641,24,59,88.5
2025-06,southeast,LUM,2025,LUM-AI,스탠다드 레인지,AWD,실버,10,10,27803,-11083,20,59,88.5
2025-06,southeast,LUM,2025,LUM-AI,스탠다드 레인지,AWD,오션 블루,8,8,21387,-8526,15,59,88.5
2025-06,southeast,LUM,2025,LUM-AI,스탠다드 레인지,AWD,선셋 레드,6,6,17109,-6821,12,59,88.5
2025-06,southeast,LUM,2025,LUM-AI,스탠다드 레인지,AWD,포레스트 그린,4,4,10693,-4263,8,59,88.5
2025-06,southeast,LUM,2025,LUM-AI,스탠다드 레인지,AWD,샌드 베이지,4,4,10693,-4263,8,59,88.5
2025-06,southeast,LUM,2025,LUM-AI,스탠다드 레인지,FWD,스노우 화이트,30,31,82863,-33033,59,59,88.5
2025-06,southeast,LUM,2025,LUM-AI,스탠다드 레인지,FWD,미드나잇 블랙,24,24,65600,-26151,46,59,88.5
2025-06,southeast,LUM,2025,LUM-AI,스탠다드 레인지,FWD,스틸 그레이,20,21,55242,-22022,39,59,88.5
2025-06,southeast,LUM,2025,LUM-AI,스탠다드 레인지,FWD,실버,16,17,44884,-17893,32,59,88.5
2025-06,southeast,LUM,2025,LUM-AI,스탠다드 레인지,FWD,오션 블루,13,13,34526,-13764,24,59,88.5
2025-06,southeast,LUM,2025,LUM-AI,스탠다드 레인지,FWD,선셋 레드,10,10,27621,-11011,20,59,88.5
2025-06,southeast,LUM,2025,LUM-AI,스탠다드 레인지,FWD,포레스트 그린,6,6,17263,-6882,12,59,88.5
2025-06,southeast,LUM,2025,LUM-AI,스탠다드 레인지,FWD,샌드 베이지,6,6,17263,-6882,12,59,88.5
2025-06,southeast,LUM,2025,LUM-AI,롱레인지,AWD,스노우 화이트,35,35,94490,-37668,67,59,88.5
2025-06,southeast,LUM,2025,LUM-AI,롱레인지,AWD,미드나잇 블랙,27,28,74804,-29821,53,59,88.5
2025-06,southeast,LUM,2025,LUM-AI,롱레인지,AWD,스틸 그레이,23,23,62993,-25112,45,59,88.5
2025-06,southeast,LUM,2025,LUM-AI,롱레인지,AWD,실버,19,19,51182,-20404,36,59,88.5
2025-06,southeast,LUM,2025,LUM-AI,롱레인지,AWD,오션 블루,14,15,39371,-15695,28,59,88.5
2025-06,southeast,LUM,2025,LUM-AI,롱레인지,AWD,선셋 레드,12,12,31497,-12556,22,59,88.5
2025-06,southeast,LUM,2025,LUM-AI,롱레인지,AWD,포레스트 그린,7,7,19685,-7848,14,59,88.5
2025-06,southeast,LUM,2025,LUM-AI,롱레인지,AWD,샌드 베이지,7,7,19685,-7848,14,59,88.5
2025-06,southeast,LUM,2025,LUM-AI,롱레인지,FWD,스노우 화이트,56,57,152542,-60811,108,59,88.5
2025-06,southeast,LUM,2025,LUM-AI,롱레인지,FWD,미드나잇 블랙,44,45,120763,-48142,86,59,88.5
2025-06,southeast,LUM,2025,LUM-AI,롱레인지,FWD,스틸 그레이,37,38,101695,-40541,72,59,88.5
2025-06,southeast,LUM,2025,LUM-AI,롱레인지,FWD,실버,30,31,82627,-32939,59,59,88.5
2025-06,southeast,LUM,2025,LUM-AI,롱레인지,FWD,오션 블루,23,24,63559,-25338,45,59,88.5
2025-06,southeast,LUM,2025,LUM-AI,롱레인지,FWD,선셋 레드,19,19,50847,-20270,36,59,88.5
2025-06,southeast,LUM,2025,LUM-AI,롱레인지,FWD,포레스트 그린,12,12,31780,-12669,23,59,88.5
2025-06,southeast,LUM,2025,LUM-AI,롱레인지,FWD,샌드 베이지,12,12,31780,-12669,23,59,88.5
2025-06,southeast,LUM,2025,LUM-RA,스탠다드 레인지,AWD,스노우 화이트,22,22,64600,-18525,42,59,88.5
2025-06,southeast,LUM,2025,LUM-RA,스탠다드 레인지,AWD,미드나잇 블랙,17,18,51142,-14665,33,59,88.5
2025-06,southeast,LUM,2025,LUM-RA,스탠다드 레인지,AWD,스틸 그레이,15,15,43067,-12350,28,59,88.5
2025-06,southeast,LUM,2025,LUM-RA,스탠다드 레인지,AWD,실버,12,12,34992,-10034,23,59,88.5
2025-06,southeast,LUM,2025,LUM-RA,스탠다드 레인지,AWD,오션 블루,9,9,26917,-7719,18,59,88.5
2025-06,southeast,LUM,2025,LUM-RA,스탠다드 레인지,AWD,선셋 레드,7,7,21533,-6175,14,59,88.5
2025-06,southeast,LUM,2025,LUM-RA,스탠다드 레인지,AWD,포레스트 그린,5,5,13458,-3859,9,59,88.5
2025-06,southeast,LUM,2025,LUM-RA,스탠다드 레인지,AWD,샌드 베이지,5,5,13458,-3859,9,59,88.5
2025-06,southeast,LUM,2025,LUM-RA,스탠다드 레인지,FWD,스노우 화이트,35,36,104289,-29906,68,59,88.5
2025-06,southeast,LUM,2025,LUM-RA,스탠다드 레인지,FWD,미드나잇 블랙,28,28,82562,-23675,54,59,88.5
2025-06,southeast,LUM,2025,LUM-RA,스탠다드 레인지,FWD,스틸 그레이,23,24,69526,-19937,45,59,88.5
2025-06,southeast,LUM,2025,LUM-RA,스탠다드 레인지,FWD,실버,19,19,56490,-16199,37,59,88.5
2025-06,southeast,LUM,2025,LUM-RA,스탠다드 레인지,FWD,오션 블루,15,15,43454,-12461,28,59,88.5
2025-06,southeast,LUM,2025,LUM-RA,스탠다드 레인지,FWD,선셋 레드,12,12,34763,-9969,23,59,88.5
2025-06,southeast,LUM,2025,LUM-RA,스탠다드 레인지,FWD,포레스트 그린,7,7,21727,-6230,14,59,88.5
2025-06,southeast,LUM,2025,LUM-RA,스탠다드 레인지,FWD,샌드 베이지,7,7,21727,-6230,14,59,88.5
2025-06,southeast,LUM,2025,LUM-RA,롱레인지,AWD,스노우 화이트,40,41,118923,-34102,78,59,88.5
2025-06,southeast,LUM,2025,LUM-RA,롱레인지,AWD,미드나잇 블랙,32,32,94148,-26998,61,59,88.5
2025-06,southeast,LUM,2025,LUM-RA,롱레인지,AWD,스틸 그레이,27,27,79282,-22735,52,59,88.5
2025-06,southeast,LUM,2025,LUM-RA,롱레인지,AWD,실버,22,22,64417,-18472,42,59,88.5
2025-06,southeast,LUM,2025,LUM-RA,롱레인지,AWD,오션 블루,17,17,49551,-14209,32,59,88.5
2025-06,southeast,LUM,2025,LUM-RA,롱레인지,AWD,선셋 레드,13,14,39641,-11367,26,59,88.5
2025-06,southeast,LUM,2025,LUM-RA,롱레인지,AWD,포레스트 그린,8,8,24776,-7105,16,59,88.5
2025-06,southeast,LUM,2025,LUM-RA,롱레인지,AWD,샌드 베이지,8,8,24776,-7105,16,59,88.5
2025-06,southeast,LUM,2025,LUM-RA,롱레인지,FWD,스노우 화이트,65,66,191987,-55054,125,59,88.5
2025-06,southeast,LUM,2025,LUM-RA,롱레인지,FWD,미드나잇 블랙,51,52,151990,-43584,99,59,88.5
2025-06,southeast,LUM,2025,LUM-RA,롱레인지,FWD,스틸 그레이,43,44,127991,-36703,83,59,88.5
2025-06,southeast,LUM,2025,LUM-RA,롱레인지,FWD,실버,35,36,103993,-29821,68,59,88.5
2025-06,southeast,LUM,2025,LUM-RA,롱레인지,FWD,오션 블루,27,27,79995,-22939,52,59,88.5
2025-06,southeast,LUM,2025,LUM-RA,롱레인지,FWD,선셋 레드,22,22,63996,-18351,42,59,88.5
2025-06,southeast,LUM,2025,LUM-RA,롱레인지,FWD,포레스트 그린,14,14,39997,-11470,26,59,88.5
2025-06,southeast,LUM,2025,LUM-RA,롱레인지,FWD,샌드 베이지,14,14,39997,-11470,26,59,88.5
2025-06,southeast,LUM,2025,LUM-SP,스탠다드 레인지,AWD,스노우 화이트,9,9,30127,-3878,17,59,88.5
2025-06,southeast,LUM,2025,LUM-SP,스탠다드 레인지,AWD,미드나잇 블랙,7,7,23851,-3070,14,59,88.5
2025-06,southeast,LUM,2025,LUM-SP,스탠다드 레인지,AWD,스틸 그레이,6,6,20085,-2586,11,59,88.5
2025-06,southeast,LUM,2025,LUM-SP,스탠다드 레인지,AWD,실버,5,5,16319,-2101,9,59,88.5
2025-06,southeast,LUM,2025,LUM-SP,스탠다드 레인지,AWD,오션 블루,4,4,12553,-1616,7,59,88.5
2025-06,southeast,LUM,2025,LUM-SP,스탠다드 레인지,AWD,선셋 레드,3,3,10042,-1293,6,57,88.5
2025-06,southeast,LUM,2025,LUM-SP,스탠다드 레인지,AWD,포레스트 그린,2,2,6277,-808,4,36,88.5
2025-06,southeast,LUM,2025,LUM-SP,스탠다드 레인지,AWD,샌드 베이지,2,2,6277,-808,4,36,88.5
2025-06,southeast,LUM,2025,LUM-SP,스탠다드 레인지,FWD,스노우 화이트,14,15,48637,-6261,28,59,88.5
2025-06,southeast,LUM,2025,LUM-SP,스탠다드 레인지,FWD,미드나잇 블랙,11,12,38504,-4957,22,59,88.5
2025-06,southeast,LUM,2025,LUM-SP,스탠다드 레인지,FWD,스틸 그레이,10,10,32424,-4174,19,59,88.5
2025-06,southeast,LUM,2025,LUM-SP,스탠다드 레인지,FWD,실버,8,8,26345,-3392,15,59,88.5
2025-06,southeast,LUM,2025,LUM-SP,스탠다드 레인지,FWD,오션 블루,6,6,20265,-2609,12,59,88.5
2025-06,southeast,LUM,2025,LUM-SP,스탠다드 레인지,FWD,선셋 레드,5,5,16212,-2087,9,59,88.5
2025-06,southeast,LUM,2025,LUM-SP,스탠다드 레인지,FWD,포레스트 그린,3,3,10133,-1304,6,58,88.5
2025-06,southeast,LUM,2025,LUM-SP,스탠다드 레인지,FWD,샌드 베이지,3,3,10133,-1304,6,58,88.5
2025-06,southeast,LUM,2025,LUM-SP,롱레인지,AWD,스노우 화이트,16,17,55461,-7140,32,59,88.5
2025-06,southeast,LUM,2025,LUM-SP,롱레인지,AWD,미드나잇 블랙,13,13,43907,-5652,25,59,88.5
2025-06,southeast,LUM,2025,LUM-SP,롱레인지,AWD,스틸 그레이,11,11,36974,-4760,21,59,88.5
2025-06,southeast,LUM,2025,LUM-SP,롱레인지,AWD,실버,9,9,30042,-3867,17,59,88.5
2025-06,southeast,LUM,2025,LUM-SP,롱레인지,AWD,오션 블루,7,7,23109,-2975,13,59,88.5
2025-06,southeast,LUM,2025,LUM-SP,롱레인지,AWD,선셋 레드,5,6,18487,-2380,11,59,88.5
2025-06,southeast,LUM,2025,LUM-SP,롱레인지,AWD,포레스트 그린,3,3,11554,-1487,7,59,88.5
2025-06,southeast,LUM,2025,LUM-SP,롱레인지,AWD,샌드 베이지,3,3,11554,-1487,7,59,88.5
2025-06,southeast,LUM,2025,LUM-SP,롱레인지,FWD,스노우 화이트,27,27,89536,-11526,51,59,88.5
2025-06,southeast,LUM,2025,LUM-SP,롱레인지,FWD,미드나잇 블랙,21,21,70883,-9125,41,59,88.5
2025-06,southeast,LUM,2025,LUM-SP,롱레인지,FWD,스틸 그레이,18,18,59691,-7684,34,59,88.5
2025-06,southeast,LUM,2025,LUM-SP,롱레인지,FWD,실버,14,15,48499,-6243,28,59,88.5
2025-06,southeast,LUM,2025,LUM-SP,롱레인지,FWD,오션 블루,11,11,37307,-4803,21,59,88.5
2025-06,southeast,LUM,2025,LUM-SP,롱레인지,FWD,선셋 레드,9,9,29845,-3842,17,59,88.5
2025-06,southeast,LUM,2025,LUM-SP,롱레인지,FWD,포레스트 그린,6,6,18653,-2401,11,59,88.5
2025-06,southeast,LUM,2025,LUM-SP,롱레인지,FWD,샌드 베이지,6,6,18653,-2401,11,59,88.5
