ym,zone_id,model_id,model_year,trim_id,engine,drivetrain,color,retail_qty,wholesale_qty,variable_margin_usd,op_profit_usd,stock_qty,days_supply,csi_score
2025-07,west,TRN,2025,TRN-CO,3.5 가솔린,AWD,스노우 화이트,149,148,631484,261246,306,62,88.5
2025-07,west,TRN,2025,TRN-CO,3.5 가솔린,AWD,미드나잇 블랙,118,118,499925,206820,242,62,88.5
2025-07,west,TRN,2025,TRN-CO,3.5 가솔린,AWD,스틸 그레이,100,99,420990,174164,204,62,88.5
2025-07,west,TRN,2025,TRN-CO,3.5 가솔린,AWD,실버,81,80,342054,141508,166,62,88.5
2025-07,west,TRN,2025,TRN-CO,3.5 가솔린,AWD,오션 블루,62,62,263119,108853,127,62,88.5
2025-07,west,TRN,2025,TRN-CO,3.5 가솔린,AWD,선셋 레드,50,49,210495,87082,102,62,88.5
2025-07,west,TRN,2025,TRN-CO,3.5 가솔린,AWD,포레스트 그린,31,31,131559,54426,64,62,88.5
2025-07,west,TRN,2025,TRN-CO,3.5 가솔린,AWD,샌드 베이지,31,31,131559,54426,64,62,88.5
2025-07,west,TRN,2025,TRN-CO,3.5 가솔린,FWD,스노우 화이트,50,49,210495,87082,102,62,88.5
2025-07,west,TRN,2025,TRN-CO,3.5 가솔린,FWD,미드나잇 블랙,39,39,166642,68940,81,62,88.5
2025-07,west,TRN,2025,TRN-CO,3.5 가솔린,FWD,스틸 그레이,33,33,140330,58055,68,62,88.5
2025-07,west,TRN,2025,TRN-CO,3.5 가솔린,FWD,실버,27,27,114018,47169,55,62,88.5
2025-07,west,TRN,2025,TRN-CO,3.5 가솔린,FWD,오션 블루,21,21,87706,36284,42,62,88.5
2025-07,west,TRN,2025,TRN-CO,3.5 가솔린,FWD,선셋 레드,17,16,70165,29027,34,62,88.5
2025-07,west,TRN,2025,TRN-CO,3.5 가솔린,FWD,포레스트 그린,10,10,43853,18142,21,62,88.5
2025-07,west,TRN,2025,TRN-CO,3.5 가솔린,FWD,샌드 베이지,10,10,43853,18142,21,62,88.5
2025-07,west,TRN,2025,TRN-CO,2.5T 하이브리드,AWD,스노우 화이트,119,119,504279,208621,244,62,88.5
2025-07,west,TRN,2025,TRN-CO,2.5T 하이브리드,AWD,미드나잇 블랙,94,94,399221,165158,193,62,88.5
2025-07,west,TRN,2025,TRN-CO,2.5T 하이브리드,AWD,스틸 그레이,80,79,336186,139081,163,62,88.5
2025-07,west,TRN,2025,TRN-CO,2.5T 하이브리드,AWD,실버,65,64,273151,113003,132,62,88.5
2025-07,west,TRN,2025,TRN-CO,2.5T 하이브리드,AWD,오션 블루,50,49,210116,86925,102,62,88.5
2025-07,west,TRN,2025,TRN-CO,2.5T 하이브리드,AWD,선셋 레드,40,40,168093,69540,81,62,88.5
2025-07,west,TRN,2025,TRN-CO,2.5T 하이브리드,AWD,포레스트 그린,25,25,105058,43463,51,62,88.5
2025-07,west,TRN,2025,TRN-CO,2.5T 하이브리드,AWD,샌드 베이지,25,25,105058,43463,51,62,88.5
2025-07,west,TRN,2025,TRN-CO,2.5T 하이브리드,FWD,스노우 화이트,40,40,168093,69540,81,62,88.5
2025-07,west,TRN,2025,TRN-CO,2.5T 하이브리드,FWD,미드나잇 블랙,31,31,133074,55053,64,62,88.5
2025-07,west,TRN,2025,TRN-CO,2.5T 하이브리드,FWD,스틸 그레이,27,26,112062,46360,54,62,88.5
2025-07,west,TRN,2025,TRN-CO,2.5T 하이브리드,FWD,실버,22,21,91050,37668,44,62,88.5
2025-07,west,TRN,2025,TRN-CO,2.5T 하이브리드,FWD,오션 블루,17,16,70039,28975,34,62,88.5
2025-07,west,TRN,2025,TRN-CO,2.5T 하이브리드,FWD,선셋 레드,13,13,56031,23180,27,62,88.5
2025-07,west,TRN,2025,TRN-CO,2.5T 하이브리드,FWD,포레스트 그린,8,8,35019,14488,17,62,88.5
2025-07,west,TRN,2025,TRN-CO,2.5T 하이브리드,FWD,샌드 베이지,8,8,35019,14488,17,62,88.5
2025-07,west,TRN,2025,TRN-PR,3.5 가솔린,AWD,스노우 화이트,173,172,794774,366077,354,62,88.5
2025-07,west,TRN,2025,TRN-PR,3.5 가솔린,AWD,미드나잇 블랙,137,136,629196,289811,280,62,88.5
2025-07,west,TRN,2025,TRN-PR,3.5 가솔린,AWD,스틸 그레이,115,115,529850,244052,236,62,88.5
2025-07,west,TRN,2025,TRN-PR,3.5 가솔린,AWD,실버,94,93,430503,198292,192,62,88.5
2025-07,west,TRN,2025,TRN-PR,3.5 가솔린,AWD,오션 블루,72,72,331156,152532,148,62,88.5
2025-07,west,TRN,2025,TRN-PR,3.5 가솔린,AWD,선셋 레드,58,57,264925,122026,118,62,88.5
2025-07,west,TRN,2025,TRN-PR,3.5 가솔린,AWD,포레스트 그린,36,36,165578,76266,74,62,88.5
2025-07,west,TRN,2025,TRN-PR,3.5 가솔린,AWD,샌드 베이지,36,36,165578,76266,74,62,88.5
2025-07,west,TRN,2025,TRN-PR,3.5 가솔린,FWD,스노우 화이트,58,57,264925,122026,118,62,88.5
2025-07,west,TRN,2025,TRN-PR,3.5 가솔린,FWD,미드나잇 블랙,46,45,209732,96604,93,62,88.5
2025-07,west,TRN,2025,TRN-PR,3.5 가솔린,FWD,스틸 그레이,38,38,176617,81351,79,62,88.5
2025-07,west,TRN,2025,TRN-PR,3.5 가솔린,FWD,실버,31,31,143501,66097,64,62,88.5
2025-07,west,TRN,2025,TRN-PR,3.5 가솔린,FWD,오션 블루,24,24,110385,50844,49,62,88.5
2025-07,west,TRN,2025,TRN-PR,3.5 가솔린,FWD,선셋 레드,19,19,88308,40675,39,62,88.5
2025-07,west,TRN,2025,TRN-PR,3.5 가솔린,FWD,포레스트 그린,12,12,55193,25422,25,62,88.5
2025-07,west,TRN,2025,TRN-PR,3.5 가솔린,FWD,샌드 베이지,12,12,55193,25422,25,62,88.5
2025-07,west,TRN,2025,TRN-PR,2.5T 하이브리드,AWD,스노우 화이트,138,137,634676,292335,283,62,88.5
2025-07,west,TRN,2025,TRN-PR,2.5T 하이브리드,AWD,미드나잇 블랙,109,109,502452,231432,224,62,88.5
2025-07,west,TRN,2025,TRN-PR,2.5T 하이브리드,AWD,스틸 그레이,92,92,423117,194890,188,62,88.5
2025-07,west,TRN,2025,TRN-PR,2.5T 하이브리드,AWD,실버,75,74,343783,158348,153,62,88.5
2025-07,west,TRN,2025,TRN-PR,2.5T 하이브리드,AWD,오션 블루,58,57,264448,121806,118,62,88.5
2025-07,west,TRN,2025,TRN-PR,2.5T 하이브리드,AWD,선셋 레드,46,46,211559,97445,94,62,88.5
2025-07,west,TRN,2025,TRN-PR,2.5T 하이브리드,AWD,포레스트 그린,29,29,132224,60903,59,62,88.5
2025-07,west,TRN,2025,TRN-PR,2.5T 하이브리드,AWD,샌드 베이지,29,29,132224,60903,59,62,88.5
2025-07,west,TRN,2025,TRN-PR,2.5T 하이브리드,FWD,스노우 화이트,46,46,211559,97445,94,62,88.5
2025-07,west,TRN,2025,TRN-PR,2.5T 하이브리드,FWD,미드나잇 블랙,36,36,167484,77144,75,62,88.5
2025-07,west,TRN,2025,TRN-PR,2.5T 하이브리드,FWD,스틸 그레이,31,31,141039,64963,63,62,88.5
2025-07,west,TRN,2025,TRN-PR,2.5T 하이브리드,FWD,실버,25,25,114594,52783,51,62,88.5
2025-07,west,TRN,2025,TRN-PR,2.5T 하이브리드,FWD,오션 블루,19,19,88149,40602,39,62,88.5
2025-07,west,TRN,2025,TRN-PR,2.5T 하이브리드,FWD,선셋 레드,15,15,70520,32482,31,62,88.5
2025-07,west,TRN,2025,TRN-PR,2.5T 하이브리드,FWD,포레스트 그린,10,10,44075,20301,20,62,88.5
2025-07,west,TRN,2025,TRN-PR,2.5T 하이브리드,FWD,샌드 베이지,10,10,44075,20301,20,62,88.5
2025-07,west,TRN,2025,TRN-SU,3.5 가솔린,AWD,스노우 화이트,71,70,370654,195278,145,62,88.5
2025-07,west,TRN,2025,TRN-SU,3.5 가솔린,AWD,미드나잇 블랙,56,56,293434,154595,115,62,88.5
2025-07,west,TRN,2025,TRN-SU,3.5 가솔린,AWD,스틸 그레이,47,47,247103,130185,97,62,88.5
2025-07,west,TRN,2025,TRN-SU,3.5 가솔린,AWD,실버,38,38,200771,105775,78,62,88.5
2025-07,west,TRN,2025,TRN-SU,3.5 가솔린,AWD,오션 블루,29,29,154439,81366,60,62,88.5
2025-07,west,TRN,2025,TRN-SU,3.5 가솔린,AWD,선셋 레드,24,23,123551,65093,48,62,88.5
2025-07,west,TRN,2025,TRN-SU,3.5 가솔린,AWD,포레스트 그린,15,15,77220,40683,30,62,88.5
2025-07,west,TRN,2025,TRN-SU,3.5 가솔린,AWD,샌드 베이지,15,15,77220,40683,30,62,88.5
2025-07,west,TRN,2025,TRN-SU,3.5 가솔린,FWD,스노우 화이트,24,23,123551,65093,48,62,88.5
2025-07,west,TRN,2025,TRN-SU,3.5 가솔린,FWD,미드나잇 블랙,19,19,97811,51532,38,62,88.5
2025-07,west,TRN,2025,TRN-SU,3.5 가솔린,FWD,스틸 그레이,16,16,82368,43395,32,62,88.5
2025-07,west,TRN,2025,TRN-SU,3.5 가솔린,FWD,실버,13,13,66924,35258,26,62,88.5
2025-07,west,TRN,2025,TRN-SU,3.5 가솔린,FWD,오션 블루,10,10,51480,27122,20,62,88.5
2025-07,west,TRN,2025,TRN-SU,3.5 가솔린,FWD,선셋 레드,8,8,41184,21698,16,62,88.5
2025-07,west,TRN,2025,TRN-SU,3.5 가솔린,FWD,포레스트 그린,5,5,25740,13561,10,62,88.5
2025-07,west,TRN,2025,TRN-SU,3.5 가솔린,FWD,샌드 베이지,5,5,25740,13561,10,62,88.5
2025-07,west,TRN,2025,TRN-SU,2.5T 하이브리드,AWD,스노우 화이트,57,56,295990,155941,116,62,88.5
2025-07,west,TRN,2025,TRN-SU,2.5T 하이브리드,AWD,미드나잇 블랙,45,44,234325,123454,92,62,88.5
2025-07,west,TRN,2025,TRN-SU,2.5T 하이브리드,AWD,스틸 그레이,38,37,197327,103961,77,62,88.5
2025-07,west,TRN,2025,TRN-SU,2.5T 하이브리드,AWD,실버,31,30,160328,84468,63,62,88.5
2025-07,west,TRN,2025,TRN-SU,2.5T 하이브리드,AWD,오션 블루,24,23,123329,64976,48,62,88.5
2025-07,west,TRN,2025,TRN-SU,2.5T 하이브리드,AWD,선셋 레드,19,19,98663,51980,39,62,88.5
2025-07,west,TRN,2025,TRN-SU,2.5T 하이브리드,AWD,포레스트 그린,12,12,61665,32488,24,62,88.5
2025-07,west,TRN,2025,TRN-SU,2.5T 하이브리드,AWD,샌드 베이지,12,12,61665,32488,24,62,88.5
2025-07,west,TRN,2025,TRN-SU,2.5T 하이브리드,FWD,스노우 화이트,19,19,98663,51980,39,62,88.5
2025-07,west,TRN,2025,TRN-SU,2.5T 하이브리드,FWD,미드나잇 블랙,15,15,78108,41151,31,62,88.5
2025-07,west,TRN,2025,TRN-SU,2.5T 하이브리드,FWD,스틸 그레이,13,12,65776,34654,26,62,88.5
2025-07,west,TRN,2025,TRN-SU,2.5T 하이브리드,FWD,실버,10,10,53443,28156,21,62,88.5
2025-07,west,TRN,2025,TRN-SU,2.5T 하이브리드,FWD,오션 블루,8,8,41110,21659,16,62,88.5
2025-07,west,TRN,2025,TRN-SU,2.5T 하이브리드,FWD,선셋 레드,6,6,32888,17327,13,62,88.5
2025-07,west,TRN,2025,TRN-SU,2.5T 하이브리드,FWD,포레스트 그린,4,4,20555,10829,8,62,88.5
2025-07,west,TRN,2025,TRN-SU,2.5T 하이브리드,FWD,샌드 베이지,4,4,20555,10829,8,62,88.5
2025-07,central,TRN,2025,TRN-CO,3.5 가솔린,AWD,스노우 화이트,112,112,474828,196437,230,62,88.5
2025-07,central,TRN,2025,TRN-CO,3.5 가솔린,AWD,미드나잇 블랙,89,88,375905,155513,182,62,88.5
2025-07,central,TRN,2025,TRN-CO,3.5 가솔린,AWD,스틸 그레이,75,74,316552,130958,153,62,88.5
2025-07,central,TRN,2025,TRN-CO,3.5 가솔린,AWD,실버,61,60,257198,106403,125,62,88.5
2025-07,central,TRN,2025,TRN-CO,3.5 가솔린,AWD,오션 블루,47,47,197845,81849,96,62,88.5
2025-07,central,TRN,2025,TRN-CO,3.5 가솔린,AWD,선셋 레드,37,37,158276,65479,77,62,88.5
2025-07,central,TRN,2025,TRN-CO,3.5 가솔린,AWD,포레스트 그린,23,23,98922,40924,48,62,88.5
2025-07,central,TRN,2025,TRN-CO,3.5 가솔린,AWD,샌드 베이지,23,23,98922,40924,48,62,88.5
2025-07,central,TRN,2025,TRN-CO,3.5 가솔린,FWD,스노우 화이트,18,18,75697,31316,37,62,88.5
2025-07,central,TRN,2025,TRN-CO,3.5 가솔린,FWD,미드나잇 블랙,14,14,59927,24792,29,62,88.5
2025-07,central,TRN,2025,TRN-CO,3.5 가솔린,FWD,스틸 그레이,12,12,50465,20877,24,62,88.5
2025-07,central,TRN,2025,TRN-CO,3.5 가솔린,FWD,실버,10,10,41003,16963,20,62,88.5
2025-07,central,TRN,2025,TRN-CO,3.5 가솔린,FWD,오션 블루,7,7,31540,13048,15,62,88.5
2025-07,central,TRN,2025,TRN-CO,3.5 가솔린,FWD,선셋 레드,6,6,25232,10439,12,62,88.5
2025-07,central,TRN,2025,TRN-CO,3.5 가솔린,FWD,포레스트 그린,4,4,15770,6524,8,62,88.5
2025-07,central,TRN,2025,TRN-CO,3.5 가솔린,FWD,샌드 베이지,4,4,15770,6524,8,62,88.5
2025-07,central,TRN,2025,TRN-CO,2.5T 하이브리드,AWD,스노우 화이트,90,89,379179,156867,184,62,88.5
2025-07,central,TRN,2025,TRN-CO,2.5T 하이브리드,AWD,미드나잇 블랙,71,71,300183,124186,145,62,88.5
2025-07,central,TRN,2025,TRN-CO,2.5T 하이브리드,AWD,스틸 그레이,60,59,252786,104578,122,62,88.5
2025-07,central,TRN,2025,TRN-CO,2.5T 하이브리드,AWD,실버,49,48,205389,84970,99,62,88.5
2025-07,central,TRN,2025,TRN-CO,2.5T 하이브리드,AWD,오션 블루,37,37,157991,65361,77,62,88.5
2025-07,central,TRN,2025,TRN-CO,2.5T 하이브리드,AWD,선셋 레드,30,30,126393,52289,61,62,88.5
2025-07,central,TRN,2025,TRN-CO,2.5T 하이브리드,AWD,포레스트 그린,19,19,78996,32681,38,62,88.5
2025-07,central,TRN,2025,TRN-CO,2.5T 하이브리드,AWD,샌드 베이지,19,19,78996,32681,38,62,88.5
2025-07,central,TRN,2025,TRN-CO,2.5T 하이브리드,FWD,스노우 화이트,14,14,60449,25008,29,62,88.5
2025-07,central,TRN,2025,TRN-CO,2.5T 하이브리드,FWD,미드나잇 블랙,11,11,47855,19798,23,62,88.5
2025-07,central,TRN,2025,TRN-CO,2.5T 하이브리드,FWD,스틸 그레이,10,9,40299,16672,20,62,88.5
2025-07,central,TRN,2025,TRN-CO,2.5T 하이브리드,FWD,실버,8,8,32743,13546,16,62,88.5
2025-07,central,TRN,2025,TRN-CO,2.5T 하이브리드,FWD,오션 블루,6,6,25187,10420,12,62,88.5
2025-07,central,TRN,2025,TRN-CO,2.5T 하이브리드,FWD,선셋 레드,5,5,20150,8336,10,62,88.5
2025-07,central,TRN,2025,TRN-CO,2.5T 하이브리드,FWD,포레스트 그린,3,3,12594,5210,6,61,88.5
2025-07,central,TRN,2025,TRN-CO,2.5T 하이브리드,FWD,샌드 베이지,3,3,12594,5210,6,61,88.5
2025-07,central,TRN,2025,TRN-PR,3.5 가솔린,AWD,스노우 화이트,130,129,597609,275262,266,62,88.5
2025-07,central,TRN,2025,TRN-PR,3.5 가솔린,AWD,미드나잇 블랙,103,102,473107,217916,211,62,88.5
2025-07,central,TRN,2025,TRN-PR,3.5 가솔린,AWD,스틸 그레이,87,86,398406,183508,177,62,88.5
2025-07,central,TRN,2025,TRN-PR,3.5 가솔린,AWD,실버,70,70,323705,149100,144,62,88.5
2025-07,central,TRN,2025,TRN-PR,3.5 가솔린,AWD,오션 블루,54,54,249004,114693,111,62,88.5
2025-07,central,TRN,2025,TRN-PR,3.5 가솔린,AWD,선셋 레드,43,43,199203,91754,89,62,88.5
2025-07,central,TRN,2025,TRN-PR,3.5 가솔린,AWD,포레스트 그린,27,27,124502,57346,55,62,88.5
2025-07,central,TRN,2025,TRN-PR,3.5 가솔린,AWD,샌드 베이지,27,27,124502,57346,55,62,88.5
2025-07,central,TRN,2025,TRN-PR,3.5 가솔린,FWD,스노우 화이트,21,21,95271,43882,42,62,88.5
2025-07,central,TRN,2025,TRN-PR,3.5 가솔린,FWD,미드나잇 블랙,16,16,75423,34740,34,62,88.5
2025-07,central,TRN,2025,TRN-PR,3.5 가솔린,FWD,스틸 그레이,14,14,63514,29255,28,62,88.5
2025-07,central,TRN,2025,TRN-PR,3.5 가솔린,FWD,실버,11,11,51605,23770,23,62,88.5
2025-07,central,TRN,2025,TRN-PR,3.5 가솔린,FWD,오션 블루,9,9,39696,18284,18,62,88.5
2025-07,central,TRN,2025,TRN-PR,3.5 가솔린,FWD,선셋 레드,7,7,31757,14627,14,62,88.5
2025-07,central,TRN,2025,TRN-PR,3.5 가솔린,FWD,포레스트 그린,4,4,19848,9142,9,62,88.5
2025-07,central,TRN,2025,TRN-PR,3.5 가솔린,FWD,샌드 베이지,4,4,19848,9142,9,62,88.5
2025-07,central,TRN,2025,TRN-PR,2.5T 하이브리드,AWD,스노우 화이트,104,103,477228,219814,213,62,88.5
2025-07,central,TRN,2025,TRN-PR,2.5T 하이브리드,AWD,미드나잇 블랙,82,82,377805,174019,168,62,88.5
2025-07,central,TRN,2025,TRN-PR,2.5T 하이브리드,AWD,스틸 그레이,69,69,318152,146542,142,62,88.5
2025-07,central,TRN,2025,TRN-PR,2.5T 하이브리드,AWD,실버,56,56,258498,119066,115,62,88.5
2025-07,central,TRN,2025,TRN-PR,2.5T 하이브리드,AWD,오션 블루,43,43,198845,91589,89,62,88.5
2025-07,central,TRN,2025,TRN-PR,2.5T 하이브리드,AWD,선셋 레드,35,34,159076,73271,71,62,88.5
2025-07,central,TRN,2025,TRN-PR,2.5T 하이브리드,AWD,포레스트 그린,22,22,99422,45794,44,62,88.5
2025-07,central,TRN,2025,TRN-PR,2.5T 하이브리드,AWD,샌드 베이지,22,22,99422,45794,44,62,88.5
2025-07,central,TRN,2025,TRN-PR,2.5T 하이브리드,FWD,스노우 화이트,17,16,76080,35043,34,62,88.5
2025-07,central,TRN,2025,TRN-PR,2.5T 하이브리드,FWD,미드나잇 블랙,13,13,60230,27742,27,62,88.5
2025-07,central,TRN,2025,TRN-PR,2.5T 하이브리드,FWD,스틸 그레이,11,11,50720,23362,23,62,88.5
2025-07,central,TRN,2025,TRN-PR,2.5T 하이브리드,FWD,실버,9,9,41210,18981,18,62,88.5
2025-07,central,TRN,2025,TRN-PR,2.5T 하이브리드,FWD,오션 블루,7,7,31700,14601,14,62,88.5
2025-07,central,TRN,2025,TRN-PR,2.5T 하이브리드,FWD,선셋 레드,6,5,25360,11681,11,62,88.5
2025-07,central,TRN,2025,TRN-PR,2.5T 하이브리드,FWD,포레스트 그린,3,3,15850,7301,7,62,88.5
2025-07,central,TRN,2025,TRN-PR,2.5T 하이브리드,FWD,샌드 베이지,3,3,15850,7301,7,62,88.5
2025-07,central,TRN,2025,TRN-SU,3.5 가솔린,AWD,스노우 화이트,53,53,278703,146834,109,62,88.5
2025-07,central,TRN,2025,TRN-SU,3.5 가솔린,AWD,미드나잇 블랙,42,42,220640,116243,86,62,88.5
2025-07,central,TRN,2025,TRN-SU,3.5 가솔린,AWD,스틸 그레이,35,35,185802,97889,73,62,88.5
2025-07,central,TRN,2025,TRN-SU,3.5 가솔린,AWD,실버,29,29,150964,79535,59,62,88.5
2025-07,central,TRN,2025,TRN-SU,3.5 가솔린,AWD,오션 블루,22,22,116126,61181,45,62,88.5
2025-07,central,TRN,2025,TRN-SU,3.5 가솔린,AWD,선셋 레드,18,18,92901,48945,36,62,88.5
2025-07,central,TRN,2025,TRN-SU,3.5 가솔린,AWD,포레스트 그린,11,11,58063,30590,23,62,88.5
2025-07,central,TRN,2025,TRN-SU,3.5 가솔린,AWD,샌드 베이지,11,11,58063,30590,23,62,88.5
2025-07,central,TRN,2025,TRN-SU,3.5 가솔린,FWD,스노우 화이트,8,8,44431,23408,17,62,88.5
2025-07,central,TRN,2025,TRN-SU,3.5 가솔린,FWD,미드나잇 블랙,7,7,35175,18532,14,62,88.5
2025-07,central,TRN,2025,TRN-SU,3.5 가솔린,FWD,스틸 그레이,6,6,29621,15606,12,62,88.5
2025-07,central,TRN,2025,TRN-SU,3.5 가솔린,FWD,실버,5,5,24067,12679,9,62,88.5
2025-07,central,TRN,2025,TRN-SU,3.5 가솔린,FWD,오션 블루,4,4,18513,9753,7,62,88.5
2025-07,central,TRN,2025,TRN-SU,3.5 가솔린,FWD,선셋 레드,3,3,14810,7803,6,58,88.5
2025-07,central,TRN,2025,TRN-SU,3.5 가솔린,FWD,포레스트 그린,2,2,9256,4877,4,36,88.5
2025-07,central,TRN,2025,TRN-SU,3.5 가솔린,FWD,샌드 베이지,2,2,9256,4877,4,36,88.5
2025-07,central,TRN,2025,TRN-SU,2.5T 하이브리드,AWD,스노우 화이트,42,42,222562,117256,87,62,88.5
2025-07,central,TRN,2025,TRN-SU,2.5T 하이브리드,AWD,미드나잇 블랙,34,33,176195,92828,69,62,88.5
2025-07,central,TRN,2025,TRN-SU,2.5T 하이브리드,AWD,스틸 그레이,28,28,148374,78171,58,62,88.5
2025-07,central,TRN,2025,TRN-SU,2.5T 하이브리드,AWD,실버,23,23,120554,63514,47,62,88.5
2025-07,central,TRN,2025,TRN-SU,2.5T 하이브리드,AWD,오션 블루,18,18,92734,48857,36,62,88.5
2025-07,central,TRN,2025,TRN-SU,2.5T 하이브리드,AWD,선셋 레드,14,14,74187,39085,29,62,88.5
2025-07,central,TRN,2025,TRN-SU,2.5T 하이브리드,AWD,포레스트 그린,9,9,46367,24428,18,62,88.5
2025-07,central,TRN,2025,TRN-SU,2.5T 하이브리드,AWD,샌드 베이지,9,9,46367,24428,18,62,88.5
2025-07,central,TRN,2025,TRN-SU,2.5T 하이브리드,FWD,스노우 화이트,7,7,35481,18693,14,62,88.5
2025-07,central,TRN,2025,TRN-SU,2.5T 하이브리드,FWD,미드나잇 블랙,5,5,28089,14799,11,62,88.5
2025-07,central,TRN,2025,TRN-SU,2.5T 하이브리드,FWD,스틸 그레이,5,4,23654,12462,9,62,88.5
2025-07,central,TRN,2025,TRN-SU,2.5T 하이브리드,FWD,실버,4,4,19219,10125,8,62,88.5
2025-07,central,TRN,2025,TRN-SU,2.5T 하이브리드,FWD,오션 블루,3,3,14784,7789,6,58,88.5
2025-07,central,TRN,2025,TRN-SU,2.5T 하이브리드,FWD,선셋 레드,2,2,11827,6231,5,46,88.5
2025-07,central,TRN,2025,TRN-SU,2.5T 하이브리드,FWD,포레스트 그린,1,1,7392,3894,3,29,88.5
2025-07,central,TRN,2025,TRN-SU,2.5T 하이브리드,FWD,샌드 베이지,1,1,7392,3894,3,29,88.5
2025-07,south,TRN,2025,TRN-CO,3.5 가솔린,AWD,스노우 화이트,91,90,384720,159159,186,62,88.5
2025-07,south,TRN,2025,TRN-CO,3.5 가솔린,AWD,미드나잇 블랙,72,72,304570,126001,147,62,88.5
2025-07,south,TRN,2025,TRN-CO,3.5 가솔린,AWD,스틸 그레이,61,60,256480,106106,124,62,88.5
2025-07,south,TRN,2025,TRN-CO,3.5 가솔린,AWD,실버,49,49,208390,86211,101,62,88.5
2025-07,south,TRN,2025,TRN-CO,3.5 가솔린,AWD,오션 블루,38,38,160300,66316,78,62,88.5
2025-07,south,TRN,2025,TRN-CO,3.5 가솔린,AWD,선셋 레드,30,30,128240,53053,62,62,88.5
2025-07,south,TRN,2025,TRN-CO,3.5 가솔린,AWD,포레스트 그린,19,19,80150,33158,39,62,88.5
2025-07,south,TRN,2025,TRN-CO,3.5 가솔린,AWD,샌드 베이지,19,19,80150,33158,39,62,88.5
2025-07,south,TRN,2025,TRN-CO,3.5 가솔린,FWD,스노우 화이트,78,77,327724,135580,159,62,88.5
2025-07,south,TRN,2025,TRN-CO,3.5 가솔린,FWD,미드나잇 블랙,61,61,259448,107334,126,62,88.5
2025-07,south,TRN,2025,TRN-CO,3.5 가솔린,FWD,스틸 그레이,52,51,218483,90387,106,62,88.5
2025-07,south,TRN,2025,TRN-CO,3.5 가솔린,FWD,실버,42,42,177517,73439,86,62,88.5
2025-07,south,TRN,2025,TRN-CO,3.5 가솔린,FWD,오션 블루,32,32,136552,56492,66,62,88.5
2025-07,south,TRN,2025,TRN-CO,3.5 가솔린,FWD,선셋 레드,26,26,109241,45193,53,62,88.5
2025-07,south,TRN,2025,TRN-CO,3.5 가솔린,FWD,포레스트 그린,16,16,68276,28246,33,62,88.5
2025-07,south,TRN,2025,TRN-CO,3.5 가솔린,FWD,샌드 베이지,16,16,68276,28246,33,62,88.5
2025-07,south,TRN,2025,TRN-CO,2.5T 하이브리드,AWD,스노우 화이트,73,72,307222,127098,149,62,88.5
2025-07,south,TRN,2025,TRN-CO,2.5T 하이브리드,AWD,미드나잇 블랙,58,57,243218,100619,118,62,88.5
2025-07,south,TRN,2025,TRN-CO,2.5T 하이브리드,AWD,스틸 그레이,48,48,204815,84732,99,62,88.5
2025-07,south,TRN,2025,TRN-CO,2.5T 하이브리드,AWD,실버,39,39,166412,68845,81,62,88.5
2025-07,south,TRN,2025,TRN-CO,2.5T 하이브리드,AWD,오션 블루,30,30,128009,52958,62,62,88.5
2025-07,south,TRN,2025,TRN-CO,2.5T 하이브리드,AWD,선셋 레드,24,24,102407,42366,50,62,88.5
2025-07,south,TRN,2025,TRN-CO,2.5T 하이브리드,AWD,포레스트 그린,15,15,64005,26479,31,62,88.5
2025-07,south,TRN,2025,TRN-CO,2.5T 하이브리드,AWD,샌드 베이지,15,15,64005,26479,31,62,88.5
2025-07,south,TRN,2025,TRN-CO,2.5T 하이브리드,FWD,스노우 화이트,62,62,261708,108269,127,62,88.5
2025-07,south,TRN,2025,TRN-CO,2.5T 하이브리드,FWD,미드나잇 블랙,49,49,207185,85713,100,62,88.5
2025-07,south,TRN,2025,TRN-CO,2.5T 하이브리드,FWD,스틸 그레이,41,41,174472,72179,84,62,88.5
2025-07,south,TRN,2025,TRN-CO,2.5T 하이브리드,FWD,실버,34,33,141758,58646,69,62,88.5
2025-07,south,TRN,2025,TRN-CO,2.5T 하이브리드,FWD,오션 블루,26,26,109045,45112,53,62,88.5
2025-07,south,TRN,2025,TRN-CO,2.5T 하이브리드,FWD,선셋 레드,21,21,87236,36090,42,62,88.5
2025-07,south,TRN,2025,TRN-CO,2.5T 하이브리드,FWD,포레스트 그린,13,13,54522,22556,26,62,88.5
2025-07,south,TRN,2025,TRN-CO,2.5T 하이브리드,FWD,샌드 베이지,13,13,54522,22556,26,62,88.5
2025-07,south,TRN,2025,TRN-PR,3.5 가솔린,AWD,스노우 화이트,105,105,484201,223026,216,62,88.5
2025-07,south,TRN,2025,TRN-PR,3.5 가솔린,AWD,미드나잇 블랙,83,83,383326,176562,171,62,88.5
2025-07,south,TRN,2025,TRN-PR,3.5 가솔린,AWD,스틸 그레이,70,70,322801,148684,144,62,88.5
2025-07,south,TRN,2025,TRN-PR,3.5 가솔린,AWD,실버,57,57,262276,120806,117,62,88.5
2025-07,south,TRN,2025,TRN-PR,3.5 가솔린,AWD,오션 블루,44,44,201750,92927,90,62,88.5
2025-07,south,TRN,2025,TRN-PR,3.5 가솔린,AWD,선셋 레드,35,35,161400,74342,72,62,88.5
2025-07,south,TRN,2025,TRN-PR,3.5 가솔린,AWD,포레스트 그린,22,22,100875,46464,45,62,88.5
2025-07,south,TRN,2025,TRN-PR,3.5 가솔린,AWD,샌드 베이지,22,22,100875,46464,45,62,88.5
2025-07,south,TRN,2025,TRN-PR,3.5 가솔린,FWD,스노우 화이트,90,89,412468,189985,184,62,88.5
2025-07,south,TRN,2025,TRN-PR,3.5 가솔린,FWD,미드나잇 블랙,71,71,326537,150405,145,62,88.5
2025-07,south,TRN,2025,TRN-PR,3.5 가솔린,FWD,스틸 그레이,60,59,274978,126657,122,62,88.5
2025-07,south,TRN,2025,TRN-PR,3.5 가솔린,FWD,실버,49,48,223420,102908,100,62,88.5
2025-07,south,TRN,2025,TRN-PR,3.5 가솔린,FWD,오션 블루,37,37,171861,79160,77,62,88.5
2025-07,south,TRN,2025,TRN-PR,3.5 가솔린,FWD,선셋 레드,30,30,137489,63328,61,62,88.5
2025-07,south,TRN,2025,TRN-PR,3.5 가솔린,FWD,포레스트 그린,19,19,85931,39580,38,62,88.5
2025-07,south,TRN,2025,TRN-PR,3.5 가솔린,FWD,샌드 베이지,19,19,85931,39580,38,62,88.5
2025-07,south,TRN,2025,TRN-PR,2.5T 하이브리드,AWD,스노우 화이트,84,84,386664,178100,172,62,88.5
2025-07,south,TRN,2025,TRN-PR,2.5T 하이브리드,AWD,미드나잇 블랙,67,66,306109,140995,136,62,88.5
2025-07,south,TRN,2025,TRN-PR,2.5T 하이브리드,AWD,스틸 그레이,56,56,257776,118733,115,62,88.5
2025-07,south,TRN,2025,TRN-PR,2.5T 하이브리드,AWD,실버,46,45,209443,96471,93,62,88.5
2025-07,south,TRN,2025,TRN-PR,2.5T 하이브리드,AWD,오션 블루,35,35,161110,74208,72,62,88.5
2025-07,south,TRN,2025,TRN-PR,2.5T 하이브리드,AWD,선셋 레드,28,28,128888,59367,57,62,88.5
2025-07,south,TRN,2025,TRN-PR,2.5T 하이브리드,AWD,포레스트 그린,18,17,80555,37104,36,62,88.5
2025-07,south,TRN,2025,TRN-PR,2.5T 하이브리드,AWD,샌드 베이지,18,17,80555,37104,36,62,88.5
2025-07,south,TRN,2025,TRN-PR,2.5T 하이브리드,FWD,스노우 화이트,72,71,329381,151714,147,62,88.5
2025-07,south,TRN,2025,TRN-PR,2.5T 하이브리드,FWD,미드나잇 블랙,57,56,260760,120107,116,62,88.5
2025-07,south,TRN,2025,TRN-PR,2.5T 하이브리드,FWD,스틸 그레이,48,47,219587,101143,98,62,88.5
2025-07,south,TRN,2025,TRN-PR,2.5T 하이브리드,FWD,실버,39,39,178414,82179,79,62,88.5
2025-07,south,TRN,2025,TRN-PR,2.5T 하이브리드,FWD,오션 블루,30,30,137242,63214,61,62,88.5
2025-07,south,TRN,2025,TRN-PR,2.5T 하이브리드,FWD,선셋 레드,24,24,109794,50571,49,62,88.5
2025-07,south,TRN,2025,TRN-PR,2.5T 하이브리드,FWD,포레스트 그린,15,15,68621,31607,31,62,88.5
2025-07,south,TRN,2025,TRN-PR,2.5T 하이브리드,FWD,샌드 베이지,15,15,68621,31607,31,62,88.5
2025-07,south,TRN,2025,TRN-SU,3.5 가솔린,AWD,스노우 화이트,43,43,225814,118969,88,62,88.5
2025-07,south,TRN,2025,TRN-SU,3.5 가솔린,AWD,미드나잇 블랙,34,34,178769,94184,70,62,88.5
2025-07,south,TRN,2025,TRN-SU,3.5 가솔린,AWD,스틸 그레이,29,29,150543,79313,59,62,88.5
2025-07,south,TRN,2025,TRN-SU,3.5 가솔린,AWD,실버,23,23,122316,64442,48,62,88.5
2025-07,south,TRN,2025,TRN-SU,3.5 가솔린,AWD,오션 블루,18,18,94089,49571,37,62,88.5
2025-07,south,TRN,2025,TRN-SU,3.5 가솔린,AWD,선셋 레드,14,14,75271,39656,29,62,88.5
2025-07,south,TRN,2025,TRN-SU,3.5 가솔린,AWD,포레스트 그린,9,9,47045,24785,18,62,88.5
2025-07,south,TRN,2025,TRN-SU,3.5 가솔린,AWD,샌드 베이지,9,9,47045,24785,18,62,88.5
2025-07,south,TRN,2025,TRN-SU,3.5 가솔린,FWD,스노우 화이트,37,36,192360,101344,75,62,88.5
2025-07,south,TRN,2025,TRN-SU,3.5 가솔린,FWD,미드나잇 블랙,29,29,152285,80231,60,62,88.5
2025-07,south,TRN,2025,TRN-SU,3.5 가솔린,FWD,스틸 그레이,24,24,128240,67563,50,62,88.5
2025-07,south,TRN,2025,TRN-SU,3.5 가솔린,FWD,실버,20,20,104195,54895,41,62,88.5
2025-07,south,TRN,2025,TRN-SU,3.5 가솔린,FWD,오션 블루,15,15,80150,42227,31,62,88.5
2025-07,south,TRN,2025,TRN-SU,3.5 가솔린,FWD,선셋 레드,12,12,64120,33781,25,62,88.5
2025-07,south,TRN,2025,TRN-SU,3.5 가솔린,FWD,포레스트 그린,8,8,40075,21113,16,62,88.5
2025-07,south,TRN,2025,TRN-SU,3.5 가솔린,FWD,샌드 베이지,8,8,40075,21113,16,62,88.5
2025-07,south,TRN,2025,TRN-SU,2.5T 하이브리드,AWD,스노우 화이트,34,34,180326,95004,70,62,88.5
2025-07,south,TRN,2025,TRN-SU,2.5T 하이브리드,AWD,미드나잇 블랙,27,27,142758,75212,56,62,88.5
2025-07,south,TRN,2025,TRN-SU,2.5T 하이브리드,AWD,스틸 그레이,23,23,120217,63336,47,62,88.5
2025-07,south,TRN,2025,TRN-SU,2.5T 하이브리드,AWD,실버,19,19,97677,51461,38,62,88.5
2025-07,south,TRN,2025,TRN-SU,2.5T 하이브리드,AWD,오션 블루,14,14,75136,39585,29,62,88.5
2025-07,south,TRN,2025,TRN-SU,2.5T 하이브리드,AWD,선셋 레드,11,11,60109,31668,23,62,88.5
2025-07,south,TRN,2025,TRN-SU,2.5T 하이브리드,AWD,포레스트 그린,7,7,37568,19793,15,62,88.5
2025-07,south,TRN,2025,TRN-SU,2.5T 하이브리드,AWD,샌드 베이지,7,7,37568,19793,15,62,88.5
2025-07,south,TRN,2025,TRN-SU,2.5T 하이브리드,FWD,스노우 화이트,29,29,153611,80930,60,62,88.5
2025-07,south,TRN,2025,TRN-SU,2.5T 하이브리드,FWD,미드나잇 블랙,23,23,121609,64069,48,62,88.5
2025-07,south,TRN,2025,TRN-SU,2.5T 하이브리드,FWD,스틸 그레이,20,19,102407,53953,40,62,88.5
2025-07,south,TRN,2025,TRN-SU,2.5T 하이브리드,FWD,실버,16,16,83206,43837,33,62,88.5
2025-07,south,TRN,2025,TRN-SU,2.5T 하이브리드,FWD,오션 블루,12,12,64005,33721,25,62,88.5
2025-07,south,TRN,2025,TRN-SU,2.5T 하이브리드,FWD,선셋 레드,10,10,51204,26977,20,62,88.5
2025-07,south,TRN,2025,TRN-SU,2.5T 하이브리드,FWD,포레스트 그린,6,6,32002,16860,13,62,88.5
2025-07,south,TRN,2025,TRN-SU,2.5T 하이브리드,FWD,샌드 베이지,6,6,32002,16860,13,62,88.5
2025-07,northeast,TRN,2025,TRN-CO,3.5 가솔린,AWD,스노우 화이트,124,123,522999,216365,253,62,88.5
2025-07,northeast,TRN,2025,TRN-CO,3.5 가솔린,AWD,미드나잇 블랙,98,97,414041,171289,200,62,88.5
2025-07,northeast,TRN,2025,TRN-CO,3.5 가솔린,AWD,스틸 그레이,82,82,348666,144244,169,62,88.5
2025-07,northeast,TRN,2025,TRN-CO,3.5 가솔린,AWD,실버,67,67,283291,117198,137,62,88.5
2025-07,northeast,TRN,2025,TRN-CO,3.5 가솔린,AWD,오션 블루,52,51,217916,90152,106,62,88.5
2025-07,northeast,TRN,2025,TRN-CO,3.5 가솔린,AWD,선셋 레드,41,41,174333,72122,84,62,88.5
2025-07,northeast,TRN,2025,TRN-CO,3.5 가솔린,AWD,포레스트 그린,26,26,108958,45076,53,62,88.5
2025-07,northeast,TRN,2025,TRN-CO,3.5 가솔린,AWD,샌드 베이지,26,26,108958,45076,53,62,88.5
2025-07,northeast,TRN,2025,TRN-CO,3.5 가솔린,FWD,스노우 화이트,7,6,27526,11388,13,62,88.5
2025-07,northeast,TRN,2025,TRN-CO,3.5 가솔린,FWD,미드나잇 블랙,5,5,21792,9015,11,62,88.5
2025-07,northeast,TRN,2025,TRN-CO,3.5 가솔린,FWD,스틸 그레이,4,4,18351,7592,9,62,88.5
2025-07,northeast,TRN,2025,TRN-CO,3.5 가솔린,FWD,실버,4,4,14910,6168,7,62,88.5
2025-07,northeast,TRN,2025,TRN-CO,3.5 가솔린,FWD,오션 블루,3,3,11469,4745,6,56,88.5
2025-07,northeast,TRN,2025,TRN-CO,3.5 가솔린,FWD,선셋 레드,2,2,9175,3796,4,44,88.5
2025-07,northeast,TRN,2025,TRN-CO,3.5 가솔린,FWD,포레스트 그린,1,1,5735,2372,3,28,88.5
2025-07,northeast,TRN,2025,TRN-CO,3.5 가솔린,FWD,샌드 베이지,1,1,5735,2372,3,28,88.5
2025-07,northeast,TRN,2025,TRN-CO,2.5T 하이브리드,AWD,스노우 화이트,99,98,417646,172781,202,62,88.5
2025-07,northeast,TRN,2025,TRN-CO,2.5T 하이브리드,AWD,미드나잇 블랙,78,78,330637,136785,160,62,88.5
2025-07,northeast,TRN,2025,TRN-CO,2.5T 하이브리드,AWD,스틸 그레이,66,65,278431,115187,135,62,88.5
2025-07,northeast,TRN,2025,TRN-CO,2.5T 하이브리드,AWD,실버,54,53,226225,93590,110,62,88.5
2025-07,northeast,TRN,2025,TRN-CO,2.5T 하이브리드,AWD,오션 블루,41,41,174019,71992,84,62,88.5
2025-07,northeast,TRN,2025,TRN-CO,2.5T 하이브리드,AWD,선셋 레드,33,33,139215,57594,67,62,88.5
2025-07,northeast,TRN,2025,TRN-CO,2.5T 하이브리드,AWD,포레스트 그린,21,20,87010,35996,42,62,88.5
2025-07,northeast,TRN,2025,TRN-CO,2.5T 하이브리드,AWD,샌드 베이지,21,20,87010,35996,42,62,88.5
2025-07,northeast,TRN,2025,TRN-CO,2.5T 하이브리드,FWD,스노우 화이트,5,5,21981,9094,11,62,88.5
2025-07,northeast,TRN,2025,TRN-CO,2.5T 하이브리드,FWD,미드나잇 블랙,4,4,17402,7199,8,62,88.5
2025-07,northeast,TRN,2025,TRN-CO,2.5T 하이브리드,FWD,스틸 그레이,3,3,14654,6062,7,62,88.5
2025-07,northeast,TRN,2025,TRN-CO,2.5T 하이브리드,FWD,실버,3,3,11907,4926,6,58,88.5
2025-07,northeast,TRN,2025,TRN-CO,2.5T 하이브리드,FWD,오션 블루,2,2,9159,3789,4,44,88.5
2025-07,northeast,TRN,2025,TRN-CO,2.5T 하이브리드,FWD,선셋 레드,2,2,7327,3031,4,35,88.5
2025-07,northeast,TRN,2025,TRN-CO,2.5T 하이브리드,FWD,포레스트 그린,1,1,4579,1895,2,22,88.5
2025-07,northeast,TRN,2025,TRN-CO,2.5T 하이브리드,FWD,샌드 베이지,1,1,4579,1895,2,22,88.5
2025-07,northeast,TRN,2025,TRN-PR,3.5 가솔린,AWD,스노우 화이트,143,142,658236,303187,293,62,88.5
2025-07,northeast,TRN,2025,TRN-PR,3.5 가솔린,AWD,미드나잇 블랙,113,113,521104,240023,232,62,88.5
2025-07,northeast,TRN,2025,TRN-PR,3.5 가솔린,AWD,스틸 그레이,96,95,438824,202125,195,62,88.5
2025-07,northeast,TRN,2025,TRN-PR,3.5 가솔린,AWD,실버,78,77,356545,164226,159,62,88.5
2025-07,northeast,TRN,2025,TRN-PR,3.5 가솔린,AWD,오션 블루,60,59,274265,126328,122,62,88.5
2025-07,northeast,TRN,2025,TRN-PR,3.5 가솔린,AWD,선셋 레드,48,47,219412,101062,98,62,88.5
2025-07,northeast,TRN,2025,TRN-PR,3.5 가솔린,AWD,포레스트 그린,30,30,137133,63164,61,62,88.5
2025-07,northeast,TRN,2025,TRN-PR,3.5 가솔린,AWD,샌드 베이지,30,30,137133,63164,61,62,88.5
2025-07,northeast,TRN,2025,TRN-PR,3.5 가솔린,FWD,스노우 화이트,8,7,34644,15957,15,62,88.5
2025-07,northeast,TRN,2025,TRN-PR,3.5 가솔린,FWD,미드나잇 블랙,6,6,27427,12633,12,62,88.5
2025-07,northeast,TRN,2025,TRN-PR,3.5 가솔린,FWD,스틸 그레이,5,5,23096,10638,10,62,88.5
2025-07,northeast,TRN,2025,TRN-PR,3.5 가솔린,FWD,실버,4,4,18766,8643,8,62,88.5
2025-07,northeast,TRN,2025,TRN-PR,3.5 가솔린,FWD,오션 블루,3,3,14435,6649,6,62,88.5
2025-07,northeast,TRN,2025,TRN-PR,3.5 가솔린,FWD,선셋 레드,3,2,11548,5319,5,51,88.5
2025-07,northeast,TRN,2025,TRN-PR,3.5 가솔린,FWD,포레스트 그린,2,2,7218,3324,3,32,88.5
2025-07,northeast,TRN,2025,TRN-PR,3.5 가솔린,FWD,샌드 베이지,2,2,7218,3324,3,32,88.5
2025-07,northeast,TRN,2025,TRN-PR,2.5T 하이브리드,AWD,스노우 화이트,114,114,525642,242113,234,62,88.5
2025-07,northeast,TRN,2025,TRN-PR,2.5T 하이브리드,AWD,미드나잇 블랙,91,90,416133,191673,185,62,88.5
2025-07,northeast,TRN,2025,TRN-PR,2.5T 하이브리드,AWD,스틸 그레이,76,76,350428,161409,156,62,88.5
2025-07,northeast,TRN,2025,TRN-PR,2.5T 하이브리드,AWD,실버,62,62,284723,131145,127,62,88.5
2025-07,northeast,TRN,2025,TRN-PR,2.5T 하이브리드,AWD,오션 블루,48,47,219017,100881,98,62,88.5
2025-07,northeast,TRN,2025,TRN-PR,2.5T 하이브리드,AWD,선셋 레드,38,38,175214,80704,78,62,88.5
2025-07,northeast,TRN,2025,TRN-PR,2.5T 하이브리드,AWD,포레스트 그린,24,24,109509,50440,49,62,88.5
2025-07,northeast,TRN,2025,TRN-PR,2.5T 하이브리드,AWD,샌드 베이지,24,24,109509,50440,49,62,88.5
2025-07,northeast,TRN,2025,TRN-PR,2.5T 하이브리드,FWD,스노우 화이트,6,6,27665,12743,12,62,88.5
2025-07,northeast,TRN,2025,TRN-PR,2.5T 하이브리드,FWD,미드나잇 블랙,5,5,21902,10088,10,62,88.5
2025-07,northeast,TRN,2025,TRN-PR,2.5T 하이브리드,FWD,스틸 그레이,4,4,18444,8495,8,62,88.5
2025-07,northeast,TRN,2025,TRN-PR,2.5T 하이브리드,FWD,실버,3,3,14985,6902,7,62,88.5
2025-07,northeast,TRN,2025,TRN-PR,2.5T 하이브리드,FWD,오션 블루,3,2,11527,5310,5,51,88.5
2025-07,northeast,TRN,2025,TRN-PR,2.5T 하이브리드,FWD,선셋 레드,2,2,9222,4248,4,41,88.5
2025-07,northeast,TRN,2025,TRN-PR,2.5T 하이브리드,FWD,포레스트 그린,1,1,5764,2655,3,26,88.5
2025-07,northeast,TRN,2025,TRN-PR,2.5T 하이브리드,FWD,샌드 베이지,1,1,5764,2655,3,26,88.5
2025-07,northeast,TRN,2025,TRN-SU,3.5 가솔린,AWD,스노우 화이트,59,58,306977,161730,120,62,88.5
2025-07,northeast,TRN,2025,TRN-SU,3.5 가솔린,AWD,미드나잇 블랙,46,46,243024,128036,95,62,88.5
2025-07,northeast,TRN,2025,TRN-SU,3.5 가솔린,AWD,스틸 그레이,39,39,204652,107820,80,62,88.5
2025-07,northeast,TRN,2025,TRN-SU,3.5 가솔린,AWD,실버,32,32,166279,87604,65,62,88.5
2025-07,northeast,TRN,2025,TRN-SU,3.5 가솔린,AWD,오션 블루,24,24,127907,67388,50,62,88.5
2025-07,northeast,TRN,2025,TRN-SU,3.5 가솔린,AWD,선셋 레드,20,19,102326,53910,40,62,88.5
2025-07,northeast,TRN,2025,TRN-SU,3.5 가솔린,AWD,포레스트 그린,12,12,63954,33694,25,62,88.5
2025-07,northeast,TRN,2025,TRN-SU,3.5 가솔린,AWD,샌드 베이지,12,12,63954,33694,25,62,88.5
2025-07,northeast,TRN,2025,TRN-SU,3.5 가솔린,FWD,스노우 화이트,3,3,16157,8512,6,62,88.5
2025-07,northeast,TRN,2025,TRN-SU,3.5 가솔린,FWD,미드나잇 블랙,2,2,12791,6739,5,50,88.5
2025-07,northeast,TRN,2025,TRN-SU,3.5 가솔린,FWD,스틸 그레이,2,2,10771,5675,4,42,88.5
2025-07,northeast,TRN,2025,TRN-SU,3.5 가솔린,FWD,실버,2,2,8752,4611,3,34,88.5
2025-07,northeast,TRN,2025,TRN-SU,3.5 가솔린,FWD,오션 블루,1,1,6732,3547,3,26,88.5
2025-07,northeast,TRN,2025,TRN-SU,3.5 가솔린,FWD,선셋 레드,1,1,5386,2837,2,21,88.5
2025-07,northeast,TRN,2025,TRN-SU,3.5 가솔린,FWD,포레스트 그린,1,1,3366,1773,1,13,88.5
2025-07,northeast,TRN,2025,TRN-SU,3.5 가솔린,FWD,샌드 베이지,1,1,3366,1773,1,13,88.5
2025-07,northeast,TRN,2025,TRN-SU,2.5T 하이브리드,AWD,스노우 화이트,47,47,245140,129151,96,62,88.5
2025-07,northeast,TRN,2025,TRN-SU,2.5T 하이브리드,AWD,미드나잇 블랙,37,37,194069,102245,76,62,88.5
2025-07,northeast,TRN,2025,TRN-SU,2.5T 하이브리드,AWD,스틸 그레이,31,31,163427,86101,64,62,88.5
2025-07,northeast,TRN,2025,TRN-SU,2.5T 하이브리드,AWD,실버,25,25,132784,69957,52,62,88.5
2025-07,northeast,TRN,2025,TRN-SU,2.5T 하이브리드,AWD,오션 블루,20,19,102142,53813,40,62,88.5
2025-07,northeast,TRN,2025,TRN-SU,2.5T 하이브리드,AWD,선셋 레드,16,16,81713,43050,32,62,88.5
2025-07,northeast,TRN,2025,TRN-SU,2.5T 하이브리드,AWD,포레스트 그린,10,10,51071,26907,20,62,88.5
2025-07,northeast,TRN,2025,TRN-SU,2.5T 하이브리드,AWD,샌드 베이지,10,10,51071,26907,20,62,88.5
2025-07,northeast,TRN,2025,TRN-SU,2.5T 하이브리드,FWD,스노우 화이트,2,2,12902,6797,5,50,88.5
2025-07,northeast,TRN,2025,TRN-SU,2.5T 하이브리드,FWD,미드나잇 블랙,2,2,10214,5381,4,40,88.5
2025-07,northeast,TRN,2025,TRN-SU,2.5T 하이브리드,FWD,스틸 그레이,2,2,8601,4532,3,34,88.5
2025-07,northeast,TRN,2025,TRN-SU,2.5T 하이브리드,FWD,실버,1,1,6989,3682,3,27,88.5
2025-07,northeast,TRN,2025,TRN-SU,2.5T 하이브리드,FWD,오션 블루,1,1,5376,2832,2,21,88.5
2025-07,northeast,TRN,2025,TRN-SU,2.5T 하이브리드,FWD,선셋 레드,1,1,4301,2266,2,17,88.5
2025-07,northeast,TRN,2025,TRN-SU,2.5T 하이브리드,FWD,포레스트 그린,1,1,2688,1416,1,11,88.5
2025-07,northeast,TRN,2025,TRN-SU,2.5T 하이브리드,FWD,샌드 베이지,1,1,2688,1416,1,11,88.5
2025-07,southeast,TRN,2025,TRN-CO,3.5 가솔린,AWD,스노우 화이트,88,87,371604,153733,180,62,88.5
2025-07,southeast,TRN,2025,TRN-CO,3.5 가솔린,AWD,미드나잇 블랙,70,69,294187,121705,142,62,88.5
2025-07,southeast,TRN,2025,TRN-CO,3.5 가솔린,AWD,스틸 그레이,59,58,247736,102489,120,62,88.5
2025-07,southeast,TRN,2025,TRN-CO,3.5 가솔린,AWD,실버,48,47,201286,83272,97,62,88.5
2025-07,southeast,TRN,2025,TRN-CO,3.5 가솔린,AWD,오션 블루,37,36,154835,64056,75,62,88.5
2025-07,southeast,TRN,2025,TRN-CO,3.5 가솔린,AWD,선셋 레드,29,29,123868,51244,60,62,88.5
2025-07,southeast,TRN,2025,TRN-CO,3.5 가솔린,AWD,포레스트 그린,18,18,77418,32028,37,62,88.5
2025-07,southeast,TRN,2025,TRN-CO,3.5 가솔린,AWD,샌드 베이지,18,18,77418,32028,37,62,88.5
2025-07,southeast,TRN,2025,TRN-CO,3.5 가솔린,FWD,스노우 화이트,50,50,211304,87417,102,62,88.5
2025-07,southeast,TRN,2025,TRN-CO,3.5 가솔린,FWD,미드나잇 블랙,40,39,167283,69205,81,62,88.5
2025-07,southeast,TRN,2025,TRN-CO,3.5 가솔린,FWD,스틸 그레이,33,33,140870,58278,68,62,88.5
2025-07,southeast,TRN,2025,TRN-CO,3.5 가솔린,FWD,실버,27,27,114457,47351,55,62,88.5
2025-07,southeast,TRN,2025,TRN-CO,3.5 가솔린,FWD,오션 블루,21,21,88044,36424,43,62,88.5
2025-07,southeast,TRN,2025,TRN-CO,3.5 가솔린,FWD,선셋 레드,17,17,70435,29139,34,62,88.5
2025-07,southeast,TRN,2025,TRN-CO,3.5 가솔린,FWD,포레스트 그린,10,10,44022,18212,21,62,88.5
2025-07,southeast,TRN,2025,TRN-CO,3.5 가솔린,FWD,샌드 베이지,10,10,44022,18212,21,62,88.5
2025-07,southeast,TRN,2025,TRN-CO,2.5T 하이브리드,AWD,스노우 화이트,70,70,296749,122765,144,62,88.5
2025-07,southeast,TRN,2025,TRN-CO,2.5T 하이브리드,AWD,미드나잇 블랙,56,55,234926,97189,114,62,88.5
2025-07,southeast,TRN,2025,TRN-CO,2.5T 하이브리드,AWD,스틸 그레이,47,47,197833,81844,96,62,88.5
2025-07,southeast,TRN,2025,TRN-CO,2.5T 하이브리드,AWD,실버,38,38,160739,66498,78,62,88.5
2025-07,southeast,TRN,2025,TRN-CO,2.5T 하이브리드,AWD,오션 블루,29,29,123645,51152,60,62,88.5
2025-07,southeast,TRN,2025,TRN-CO,2.5T 하이브리드,AWD,선셋 레드,23,23,98916,40922,48,62,88.5
2025-07,southeast,TRN,2025,TRN-CO,2.5T 하이브리드,AWD,포레스트 그린,15,15,61823,25576,30,62,88.5
2025-07,southeast,TRN,2025,TRN-CO,2.5T 하이브리드,AWD,샌드 베이지,15,15,61823,25576,30,62,88.5
2025-07,southeast,TRN,2025,TRN-CO,2.5T 하이브리드,FWD,스노우 화이트,40,40,168739,69808,82,62,88.5
2025-07,southeast,TRN,2025,TRN-CO,2.5T 하이브리드,FWD,미드나잇 블랙,32,31,133585,55264,65,62,88.5
2025-07,southeast,TRN,2025,TRN-CO,2.5T 하이브리드,FWD,스틸 그레이,27,26,112493,46539,54,62,88.5
2025-07,southeast,TRN,2025,TRN-CO,2.5T 하이브리드,FWD,실버,22,21,91401,37813,44,62,88.5
2025-07,southeast,TRN,2025,TRN-CO,2.5T 하이브리드,FWD,오션 블루,17,17,70308,29087,34,62,88.5
2025-07,southeast,TRN,2025,TRN-CO,2.5T 하이브리드,FWD,선셋 레드,13,13,56246,23269,27,62,88.5
2025-07,southeast,TRN,2025,TRN-CO,2.5T 하이브리드,FWD,포레스트 그린,8,8,35154,14543,17,62,88.5
2025-07,southeast,TRN,2025,TRN-CO,2.5T 하이브리드,FWD,샌드 베이지,8,8,35154,14543,17,62,88.5
2025-07,southeast,TRN,2025,TRN-PR,3.5 가솔린,AWD,스노우 화이트,102,101,467694,215422,208,62,88.5
2025-07,southeast,TRN,2025,TRN-PR,3.5 가솔린,AWD,미드나잇 블랙,81,80,370258,170543,165,62,88.5
2025-07,southeast,TRN,2025,TRN-PR,3.5 가솔린,AWD,스틸 그레이,68,67,311796,143615,139,62,88.5
2025-07,southeast,TRN,2025,TRN-PR,3.5 가솔린,AWD,실버,55,55,253334,116687,113,62,88.5
2025-07,southeast,TRN,2025,TRN-PR,3.5 가솔린,AWD,오션 블루,42,42,194873,89759,87,62,88.5
2025-07,southeast,TRN,2025,TRN-PR,3.5 가솔린,AWD,선셋 레드,34,34,155898,71807,69,62,88.5
2025-07,southeast,TRN,2025,TRN-PR,3.5 가솔린,AWD,포레스트 그린,21,21,97436,44880,43,62,88.5
2025-07,southeast,TRN,2025,TRN-PR,3.5 가솔린,AWD,샌드 베이지,21,21,97436,44880,43,62,88.5
2025-07,southeast,TRN,2025,TRN-PR,3.5 가솔린,FWD,스노우 화이트,58,58,265944,122495,118,62,88.5
2025-07,southeast,TRN,2025,TRN-PR,3.5 가솔린,FWD,미드나잇 블랙,46,46,210539,96975,94,62,88.5
2025-07,southeast,TRN,2025,TRN-PR,3.5 가솔린,FWD,스틸 그레이,39,38,177296,81663,79,62,88.5
2025-07,southeast,TRN,2025,TRN-PR,3.5 가솔린,FWD,실버,31,31,144053,66352,64,62,88.5
2025-07,southeast,TRN,2025,TRN-PR,3.5 가솔린,FWD,오션 블루,24,24,110810,51040,49,62,88.5
2025-07,southeast,TRN,2025,TRN-PR,3.5 가솔린,FWD,선셋 레드,19,19,88648,40832,39,62,88.5
2025-07,southeast,TRN,2025,TRN-PR,3.5 가솔린,FWD,포레스트 그린,12,12,55405,25520,25,62,88.5
2025-07,southeast,TRN,2025,TRN-PR,3.5 가솔린,FWD,샌드 베이지,12,12,55405,25520,25,62,88.5
2025-07,southeast,TRN,2025,TRN-PR,2.5T 하이브리드,AWD,스노우 화이트,81,81,373482,172028,166,62,88.5
2025-07,southeast,TRN,2025,TRN-PR,2.5T 하이브리드,AWD,미드나잇 블랙,64,64,295674,136189,132,62,88.5
2025-07,southeast,TRN,2025,TRN-PR,2.5T 하이브리드,AWD,스틸 그레이,54,54,248988,114685,111,62,88.5
2025-07,southeast,TRN,2025,TRN-PR,2.5T 하이브리드,AWD,실버,44,44,202303,93182,90,62,88.5
2025-07,southeast,TRN,2025,TRN-PR,2.5T 하이브리드,AWD,오션 블루,34,34,155618,71678,69,62,88.5
2025-07,southeast,TRN,2025,TRN-PR,2.5T 하이브리드,AWD,선셋 레드,27,27,124494,57343,55,62,88.5
2025-07,southeast,TRN,2025,TRN-PR,2.5T 하이브리드,AWD,포레스트 그린,17,17,77809,35839,35,62,88.5
2025-07,southeast,TRN,2025,TRN-PR,2.5T 하이브리드,AWD,샌드 베이지,17,17,77809,35839,35,62,88.5
2025-07,southeast,TRN,2025,TRN-PR,2.5T 하이브리드,FWD,스노우 화이트,46,46,212372,97820,95,62,88.5
2025-07,southeast,TRN,2025,TRN-PR,2.5T 하이브리드,FWD,미드나잇 블랙,37,36,168128,77441,75,62,88.5
2025-07,southeast,TRN,2025,TRN-PR,2.5T 하이브리드,FWD,스틸 그레이,31,31,141582,65213,63,62,88.5
2025-07,southeast,TRN,2025,TRN-PR,2.5T 하이브리드,FWD,실버,25,25,115035,52986,51,62,88.5
2025-07,southeast,TRN,2025,TRN-PR,2.5T 하이브리드,FWD,오션 블루,19,19,88488,40758,39,62,88.5
2025-07,southeast,TRN,2025,TRN-PR,2.5T 하이브리드,FWD,선셋 레드,15,15,70791,32607,32,62,88.5
2025-07,southeast,TRN,2025,TRN-PR,2.5T 하이브리드,FWD,포레스트 그린,10,10,44244,20379,20,62,88.5
2025-07,southeast,TRN,2025,TRN-PR,2.5T 하이브리드,FWD,샌드 베이지,10,10,44244,20379,20,62,88.5
2025-07,southeast,TRN,2025,TRN-SU,3.5 가솔린,AWD,스노우 화이트,42,41,218116,114913,85,62,88.5
2025-07,southeast,TRN,2025,TRN-SU,3.5 가솔린,AWD,미드나잇 블랙,33,33,172675,90973,67,62,88.5
2025-07,southeast,TRN,2025,TRN-SU,3.5 가솔린,AWD,스틸 그레이,28,28,145410,76609,57,62,88.5
2025-07,southeast,TRN,2025,TRN-SU,3.5 가솔린,AWD,실버,23,22,118146,62245,46,62,88.5
2025-07,southeast,TRN,2025,TRN-SU,3.5 가솔린,AWD,오션 블루,17,17,90881,47881,36,62,88.5
2025-07,southeast,TRN,2025,TRN-SU,3.5 가솔린,AWD,선셋 레드,14,14,72705,38304,28,62,88.5
2025-07,southeast,TRN,2025,TRN-SU,3.5 가솔린,AWD,포레스트 그린,9,9,45441,23940,18,62,88.5
2025-07,southeast,TRN,2025,TRN-SU,3.5 가솔린,AWD,샌드 베이지,9,9,45441,23940,18,62,88.5
2025-07,southeast,TRN,2025,TRN-SU,3.5 가솔린,FWD,스노우 화이트,24,24,124026,65343,48,62,88.5
2025-07,southeast,TRN,2025,TRN-SU,3.5 가솔린,FWD,미드나잇 블랙,19,19,98188,51730,38,62,88.5
2025-07,southeast,TRN,2025,TRN-SU,3.5 가솔린,FWD,스틸 그레이,16,16,82684,43562,32,62,88.5
2025-07,southeast,TRN,2025,TRN-SU,3.5 가솔린,FWD,실버,13,13,67181,35394,26,62,88.5
2025-07,southeast,TRN,2025,TRN-SU,3.5 가솔린,FWD,오션 블루,10,10,51678,27226,20,62,88.5
2025-07,southeast,TRN,2025,TRN-SU,3.5 가솔린,FWD,선셋 레드,8,8,41342,21781,16,62,88.5
2025-07,southeast,TRN,2025,TRN-SU,3.5 가솔린,FWD,포레스트 그린,5,5,25839,13613,10,62,88.5
2025-07,southeast,TRN,2025,TRN-SU,3.5 가솔린,FWD,샌드 베이지,5,5,25839,13613,10,62,88.5
2025-07,southeast,TRN,2025,TRN-SU,2.5T 하이브리드,AWD,스노우 화이트,33,33,174179,91765,68,62,88.5
2025-07,southeast,TRN,2025,TRN-SU,2.5T 하이브리드,AWD,미드나잇 블랙,26,26,137891,72648,54,62,88.5
2025-07,southeast,TRN,2025,TRN-SU,2.5T 하이브리드,AWD,스틸 그레이,22,22,116119,61177,45,62,88.5
2025-07,southeast,TRN,2025,TRN-SU,2.5T 하이브리드,AWD,실버,18,18,94347,49706,37,62,88.5
2025-07,southeast,TRN,2025,TRN-SU,2.5T 하이브리드,AWD,오션 블루,14,14,72574,38236,28,62,88.5
2025-07,southeast,TRN,2025,TRN-SU,2.5T 하이브리드,AWD,선셋 레드,11,11,58060,30588,23,62,88.5
2025-07,southeast,TRN,2025,TRN-SU,2.5T 하이브리드,AWD,포레스트 그린,7,7,36287,19118,14,62,88.5
2025-07,southeast,TRN,2025,TRN-SU,2.5T 하이브리드,AWD,샌드 베이지,7,7,36287,19118,14,62,88.5
2025-07,southeast,TRN,2025,TRN-SU,2.5T 하이브리드,FWD,스노우 화이트,19,19,99043,52180,39,62,88.5
2025-07,southeast,TRN,2025,TRN-SU,2.5T 하이브리드,FWD,미드나잇 블랙,15,15,78409,41309,31,62,88.5
2025-07,southeast,TRN,2025,TRN-SU,2.5T 하이브리드,FWD,스틸 그레이,13,13,66028,34787,26,62,88.5
2025-07,southeast,TRN,2025,TRN-SU,2.5T 하이브리드,FWD,실버,10,10,53648,28264,21,62,88.5
2025-07,southeast,TRN,2025,TRN-SU,2.5T 하이브리드,FWD,오션 블루,8,8,41268,21742,16,62,88.5
2025-07,southeast,TRN,2025,TRN-SU,2.5T 하이브리드,FWD,선셋 레드,6,6,33014,17393,13,62,88.5
2025-07,southeast,TRN,2025,TRN-SU,2.5T 하이브리드,FWD,포레스트 그린,4,4,20634,10871,8,62,88.5
2025-07,southeast,TRN,2025,TRN-SU,2.5T 하이브리드,FWD,샌드 베이지,4,4,20634,10871,8,62,88.5
2025-07,west,VST,2025,VST-CO,2.5 가솔린,AWD,스노우 화이트,97,98,308531,67187,202,63,88.5
2025-07,west,VST,2025,VST-CO,2.5 가솔린,AWD,미드나잇 블랙,77,78,244254,53189,160,63,88.5
2025-07,west,VST,2025,VST-CO,2.5 가솔린,AWD,스틸 그레이,65,65,205687,44791,135,63,88.5
2025-07,west,VST,2025,VST-CO,2.5 가솔린,AWD,실버,53,53,167121,36393,110,63,88.5
2025-07,west,VST,2025,VST-CO,2.5 가솔린,AWD,오션 블루,40,41,128555,27994,84,63,88.5
2025-07,west,VST,2025,VST-CO,2.5 가솔린,AWD,선셋 레드,32,33,102844,22396,67,63,88.5
2025-07,west,VST,2025,VST-CO,2.5 가솔린,AWD,포레스트 그린,20,20,64277,13997,42,63,88.5
2025-07,west,VST,2025,VST-CO,2.5 가솔린,AWD,샌드 베이지,20,20,64277,13997,42,63,88.5
2025-07,west,VST,2025,VST-CO,2.5 가솔린,FWD,스노우 화이트,119,120,377094,82117,247,63,88.5
2025-07,west,VST,2025,VST-CO,2.5 가솔린,FWD,미드나잇 블랙,94,95,298532,65009,196,63,88.5
2025-07,west,VST,2025,VST-CO,2.5 가솔린,FWD,스틸 그레이,79,80,251396,54745,165,63,88.5
2025-07,west,VST,2025,VST-CO,2.5 가솔린,FWD,실버,64,65,204259,44480,134,63,88.5
2025-07,west,VST,2025,VST-CO,2.5 가솔린,FWD,오션 블루,49,50,157122,34215,103,63,88.5
2025-07,west,VST,2025,VST-CO,2.5 가솔린,FWD,선셋 레드,40,40,125698,27372,82,63,88.5
2025-07,west,VST,2025,VST-CO,2.5 가솔린,FWD,포레스트 그린,25,25,78561,17108,52,63,88.5
2025-07,west,VST,2025,VST-CO,2.5 가솔린,FWD,샌드 베이지,25,25,78561,17108,52,63,88.5
2025-07,west,VST,2025,VST-CO,1.6T 하이브리드,AWD,스노우 화이트,78,78,246381,53653,162,63,88.5
2025-07,west,VST,2025,VST-CO,1.6T 하이브리드,AWD,미드나잇 블랙,61,62,195052,42475,128,63,88.5
2025-07,west,VST,2025,VST-CO,1.6T 하이브리드,AWD,스틸 그레이,52,52,164254,35768,108,63,88.5
2025-07,west,VST,2025,VST-CO,1.6T 하이브리드,AWD,실버,42,42,133456,29062,87,63,88.5
2025-07,west,VST,2025,VST-CO,1.6T 하이브리드,AWD,오션 블루,32,33,102659,22355,67,63,88.5
2025-07,west,VST,2025,VST-CO,1.6T 하이브리드,AWD,선셋 레드,26,26,82127,17884,54,63,88.5
2025-07,west,VST,2025,VST-CO,1.6T 하이브리드,AWD,포레스트 그린,16,16,51329,11178,34,63,88.5
2025-07,west,VST,2025,VST-CO,1.6T 하이브리드,AWD,샌드 베이지,16,16,51329,11178,34,63,88.5
2025-07,west,VST,2025,VST-CO,1.6T 하이브리드,FWD,스노우 화이트,95,96,301132,65575,197,63,88.5
2025-07,west,VST,2025,VST-CO,1.6T 하이브리드,FWD,미드나잇 블랙,75,76,238396,51914,156,63,88.5
2025-07,west,VST,2025,VST-CO,1.6T 하이브리드,FWD,스틸 그레이,63,64,200755,43717,132,63,88.5
2025-07,west,VST,2025,VST-CO,1.6T 하이브리드,FWD,실버,51,52,163113,35520,107,63,88.5
2025-07,west,VST,2025,VST-CO,1.6T 하이브리드,FWD,오션 블루,40,40,125472,27323,82,63,88.5
2025-07,west,VST,2025,VST-CO,1.6T 하이브리드,FWD,선셋 레드,32,32,100377,21858,66,63,88.5
2025-07,west,VST,2025,VST-CO,1.6T 하이브리드,FWD,포레스트 그린,20,20,62736,13662,41,63,88.5
2025-07,west,VST,2025,VST-CO,1.6T 하이브리드,FWD,샌드 베이지,20,20,62736,13662,41,63,88.5
2025-07,west,VST,2025,VST-PR,2.5 가솔린,AWD,스노우 화이트,113,114,388312,108860,234,63,88.5
2025-07,west,VST,2025,VST-PR,2.5 가솔린,AWD,미드나잇 블랙,89,90,307413,86181,185,63,88.5
2025-07,west,VST,2025,VST-PR,2.5 가솔린,AWD,스틸 그레이,75,76,258874,72573,156,63,88.5
2025-07,west,VST,2025,VST-PR,2.5 가솔린,AWD,실버,61,62,210335,58966,127,63,88.5
2025-07,west,VST,2025,VST-PR,2.5 가솔린,AWD,오션 블루,47,47,161796,45358,98,63,88.5
2025-07,west,VST,2025,VST-PR,2.5 가솔린,AWD,선셋 레드,38,38,129437,36287,78,63,88.5
2025-07,west,VST,2025,VST-PR,2.5 가솔린,AWD,포레스트 그린,23,24,80898,22679,49,63,88.5
2025-07,west,VST,2025,VST-PR,2.5 가솔린,AWD,샌드 베이지,23,24,80898,22679,49,63,88.5
2025-07,west,VST,2025,VST-PR,2.5 가솔린,FWD,스노우 화이트,138,139,474603,133051,286,63,88.5
2025-07,west,VST,2025,VST-PR,2.5 가솔린,FWD,미드나잇 블랙,109,110,375727,105332,227,63,88.5
2025-07,west,VST,2025,VST-PR,2.5 가솔린,FWD,스틸 그레이,92,93,316402,88701,191,63,88.5
2025-07,west,VST,2025,VST-PR,2.5 가솔린,FWD,실버,74,75,257077,72069,155,63,88.5
2025-07,west,VST,2025,VST-PR,2.5 가솔린,FWD,오션 블루,57,58,197751,55438,119,63,88.5
2025-07,west,VST,2025,VST-PR,2.5 가솔린,FWD,선셋 레드,46,46,158201,44350,95,63,88.5
2025-07,west,VST,2025,VST-PR,2.5 가솔린,FWD,포레스트 그린,29,29,98876,27719,60,63,88.5
2025-07,west,VST,2025,VST-PR,2.5 가솔린,FWD,샌드 베이지,29,29,98876,27719,60,63,88.5
2025-07,west,VST,2025,VST-PR,1.6T 하이브리드,AWD,스노우 화이트,90,91,310091,86931,187,63,88.5
2025-07,west,VST,2025,VST-PR,1.6T 하이브리드,AWD,미드나잇 블랙,71,72,245488,68821,148,63,88.5
2025-07,west,VST,2025,VST-PR,1.6T 하이브리드,AWD,스틸 그레이,60,60,206727,57954,125,63,88.5
2025-07,west,VST,2025,VST-PR,1.6T 하이브리드,AWD,실버,49,49,167966,47088,101,63,88.5
2025-07,west,VST,2025,VST-PR,1.6T 하이브리드,AWD,오션 블루,37,38,129204,36221,78,63,88.5
2025-07,west,VST,2025,VST-PR,1.6T 하이브리드,AWD,선셋 레드,30,30,103364,28977,62,63,88.5
2025-07,west,VST,2025,VST-PR,1.6T 하이브리드,AWD,포레스트 그린,19,19,64602,18111,39,63,88.5
2025-07,west,VST,2025,VST-PR,1.6T 하이브리드,AWD,샌드 베이지,19,19,64602,18111,39,63,88.5
2025-07,west,VST,2025,VST-PR,1.6T 하이브리드,FWD,스노우 화이트,110,111,379000,106249,229,63,88.5
2025-07,west,VST,2025,VST-PR,1.6T 하이브리드,FWD,미드나잇 블랙,87,88,300041,84114,181,63,88.5
2025-07,west,VST,2025,VST-PR,1.6T 하이브리드,FWD,스틸 그레이,73,74,252666,70833,152,63,88.5
2025-07,west,VST,2025,VST-PR,1.6T 하이브리드,FWD,실버,59,60,205291,57552,124,63,88.5
2025-07,west,VST,2025,VST-PR,1.6T 하이브리드,FWD,오션 블루,46,46,157916,44271,95,63,88.5
2025-07,west,VST,2025,VST-PR,1.6T 하이브리드,FWD,선셋 레드,37,37,126333,35416,76,63,88.5
2025-07,west,VST,2025,VST-PR,1.6T 하이브리드,FWD,포레스트 그린,23,23,78958,22135,48,63,88.5
2025-07,west,VST,2025,VST-PR,1.6T 하이브리드,FWD,샌드 베이지,23,23,78958,22135,48,63,88.5
2025-07,west,VST,2025,VST-TR,2.5 가솔린,AWD,스노우 화이트,46,46,181094,66773,96,63,88.5
2025-07,west,VST,2025,VST-TR,2.5 가솔린,AWD,미드나잇 블랙,36,37,143366,52862,76,63,88.5
2025-07,west,VST,2025,VST-TR,2.5 가솔린,AWD,스틸 그레이,31,31,120730,44516,64,63,88.5
2025-07,west,VST,2025,VST-TR,2.5 가솔린,AWD,실버,25,25,98093,36169,52,63,88.5
2025-07,west,VST,2025,VST-TR,2.5 가솔린,AWD,오션 블루,19,19,75456,27822,40,63,88.5
2025-07,west,VST,2025,VST-TR,2.5 가솔린,AWD,선셋 레드,15,15,60365,22258,32,63,88.5
2025-07,west,VST,2025,VST-TR,2.5 가솔린,AWD,포레스트 그린,10,10,37728,13911,20,63,88.5
2025-07,west,VST,2025,VST-TR,2.5 가솔린,AWD,샌드 베이지,10,10,37728,13911,20,63,88.5
2025-07,west,VST,2025,VST-TR,2.5 가솔린,FWD,스노우 화이트,56,57,221338,81612,117,63,88.5
2025-07,west,VST,2025,VST-TR,2.5 가솔린,FWD,미드나잇 블랙,45,45,175226,64609,93,63,88.5
2025-07,west,VST,2025,VST-TR,2.5 가솔린,FWD,스틸 그레이,38,38,147558,54408,78,63,88.5
2025-07,west,VST,2025,VST-TR,2.5 가솔린,FWD,실버,30,31,119891,44206,63,63,88.5
2025-07,west,VST,2025,VST-TR,2.5 가솔린,FWD,오션 블루,23,24,92224,34005,49,63,88.5
2025-07,west,VST,2025,VST-TR,2.5 가솔린,FWD,선셋 레드,19,19,73779,27204,39,63,88.5
2025-07,west,VST,2025,VST-TR,2.5 가솔린,FWD,포레스트 그린,12,12,46112,17002,24,63,88.5
2025-07,west,VST,2025,VST-TR,2.5 가솔린,FWD,샌드 베이지,12,12,46112,17002,24,63,88.5
2025-07,west,VST,2025,VST-TR,1.6T 하이브리드,AWD,스노우 화이트,37,37,144615,53323,77,63,88.5
2025-07,west,VST,2025,VST-TR,1.6T 하이브리드,AWD,미드나잇 블랙,29,29,114487,42214,61,63,88.5
2025-07,west,VST,2025,VST-TR,1.6T 하이브리드,AWD,스틸 그레이,25,25,96410,35548,51,63,88.5
2025-07,west,VST,2025,VST-TR,1.6T 하이브리드,AWD,실버,20,20,78333,28883,41,63,88.5
2025-07,west,VST,2025,VST-TR,1.6T 하이브리드,AWD,오션 블루,15,15,60256,22218,32,63,88.5
2025-07,west,VST,2025,VST-TR,1.6T 하이브리드,AWD,선셋 레드,12,12,48205,17774,26,63,88.5
2025-07,west,VST,2025,VST-TR,1.6T 하이브리드,AWD,포레스트 그린,8,8,30128,11109,16,63,88.5
2025-07,west,VST,2025,VST-TR,1.6T 하이브리드,AWD,샌드 베이지,8,8,30128,11109,16,63,88.5
2025-07,west,VST,2025,VST-TR,1.6T 하이브리드,FWD,스노우 화이트,45,45,176752,65172,94,63,88.5
2025-07,west,VST,2025,VST-TR,1.6T 하이브리드,FWD,미드나잇 블랙,36,36,139928,51595,74,63,88.5
2025-07,west,VST,2025,VST-TR,1.6T 하이브리드,FWD,스틸 그레이,30,30,117834,43448,62,63,88.5
2025-07,west,VST,2025,VST-TR,1.6T 하이브리드,FWD,실버,24,25,95740,35302,51,63,88.5
2025-07,west,VST,2025,VST-TR,1.6T 하이브리드,FWD,오션 블루,19,19,73646,27155,39,63,88.5
2025-07,west,VST,2025,VST-TR,1.6T 하이브리드,FWD,선셋 레드,15,15,58917,21724,31,63,88.5
2025-07,west,VST,2025,VST-TR,1.6T 하이브리드,FWD,포레스트 그린,9,9,36823,13578,19,63,88.5
2025-07,west,VST,2025,VST-TR,1.6T 하이브리드,FWD,샌드 베이지,9,9,36823,13578,19,63,88.5
2025-07,central,VST,2025,VST-CO,2.5 가솔린,AWD,스노우 화이트,73,74,231992,50519,152,63,88.5
2025-07,central,VST,2025,VST-CO,2.5 가솔린,AWD,미드나잇 블랙,58,58,183660,39994,120,63,88.5
2025-07,central,VST,2025,VST-CO,2.5 가솔린,AWD,스틸 그레이,49,49,154661,33679,101,63,88.5
2025-07,central,VST,2025,VST-CO,2.5 가솔린,AWD,실버,40,40,125662,27365,82,63,88.5
2025-07,central,VST,2025,VST-CO,2.5 가솔린,AWD,오션 블루,30,31,96663,21050,63,63,88.5
2025-07,central,VST,2025,VST-CO,2.5 가솔린,AWD,선셋 레드,24,25,77331,16840,51,63,88.5
2025-07,central,VST,2025,VST-CO,2.5 가솔린,AWD,포레스트 그린,15,15,48332,10525,32,63,88.5
2025-07,central,VST,2025,VST-CO,2.5 가솔린,AWD,샌드 베이지,15,15,48332,10525,32,63,88.5
2025-07,central,VST,2025,VST-CO,2.5 가솔린,FWD,스노우 화이트,68,69,216301,47102,142,63,88.5
2025-07,central,VST,2025,VST-CO,2.5 가솔린,FWD,미드나잇 블랙,54,54,171239,37289,112,63,88.5
2025-07,central,VST,2025,VST-CO,2.5 가솔린,FWD,스틸 그레이,45,46,144201,31402,95,63,88.5
2025-07,central,VST,2025,VST-CO,2.5 가솔린,FWD,실버,37,37,117163,25514,77,63,88.5
2025-07,central,VST,2025,VST-CO,2.5 가솔린,FWD,오션 블루,28,29,90126,19626,59,63,88.5
2025-07,central,VST,2025,VST-CO,2.5 가솔린,FWD,선셋 레드,23,23,72100,15701,47,63,88.5
2025-07,central,VST,2025,VST-CO,2.5 가솔린,FWD,포레스트 그린,14,14,45063,9813,30,63,88.5
2025-07,central,VST,2025,VST-CO,2.5 가솔린,FWD,샌드 베이지,14,14,45063,9813,30,63,88.5
2025-07,central,VST,2025,VST-CO,1.6T 하이브리드,AWD,스노우 화이트,58,59,185260,40343,121,63,88.5
2025-07,central,VST,2025,VST-CO,1.6T 하이브리드,AWD,미드나잇 블랙,46,47,146664,31938,96,63,88.5
2025-07,central,VST,2025,VST-CO,1.6T 하이브리드,AWD,스틸 그레이,39,39,123506,26895,81,63,88.5
2025-07,central,VST,2025,VST-CO,1.6T 하이브리드,AWD,실버,32,32,100349,21852,66,63,88.5
2025-07,central,VST,2025,VST-CO,1.6T 하이브리드,AWD,오션 블루,24,25,77191,16809,51,63,88.5
2025-07,central,VST,2025,VST-CO,1.6T 하이브리드,AWD,선셋 레드,19,20,61753,13448,40,63,88.5
2025-07,central,VST,2025,VST-CO,1.6T 하이브리드,AWD,포레스트 그린,12,12,38596,8405,25,63,88.5
2025-07,central,VST,2025,VST-CO,1.6T 하이브리드,AWD,샌드 베이지,12,12,38596,8405,25,63,88.5
2025-07,central,VST,2025,VST-CO,1.6T 하이브리드,FWD,스노우 화이트,54,55,172730,37614,113,63,88.5
2025-07,central,VST,2025,VST-CO,1.6T 하이브리드,FWD,미드나잇 블랙,43,43,136745,29778,90,63,88.5
2025-07,central,VST,2025,VST-CO,1.6T 하이브리드,FWD,스틸 그레이,36,37,115153,25076,75,63,88.5
2025-07,central,VST,2025,VST-CO,1.6T 하이브리드,FWD,실버,29,30,93562,20374,61,63,88.5
2025-07,central,VST,2025,VST-CO,1.6T 하이브리드,FWD,오션 블루,23,23,71971,15673,47,63,88.5
2025-07,central,VST,2025,VST-CO,1.6T 하이브리드,FWD,선셋 레드,18,18,57577,12538,38,63,88.5
2025-07,central,VST,2025,VST-CO,1.6T 하이브리드,FWD,포레스트 그린,11,11,35985,7836,24,63,88.5
2025-07,central,VST,2025,VST-CO,1.6T 하이브리드,FWD,샌드 베이지,11,11,35985,7836,24,63,88.5
2025-07,central,VST,2025,VST-PR,2.5 가솔린,AWD,스노우 화이트,85,85,291980,81854,176,63,88.5
2025-07,central,VST,2025,VST-PR,2.5 가솔린,AWD,미드나잇 블랙,67,68,231151,64801,139,63,88.5
2025-07,central,VST,2025,VST-PR,2.5 가솔린,AWD,스틸 그레이,56,57,194654,54570,117,63,88.5
2025-07,central,VST,2025,VST-PR,2.5 가솔린,AWD,실버,46,46,158156,44338,95,63,88.5
2025-07,central,VST,2025,VST-PR,2.5 가솔린,AWD,오션 블루,35,36,121659,34106,73,63,88.5
2025-07,central,VST,2025,VST-PR,2.5 가솔린,AWD,선셋 레드,28,28,97327,27285,59,63,88.5
2025-07,central,VST,2025,VST-PR,2.5 가솔린,AWD,포레스트 그린,18,18,60829,17053,37,63,88.5
2025-07,central,VST,2025,VST-PR,2.5 가솔린,AWD,샌드 베이지,18,18,60829,17053,37,63,88.5
2025-07,central,VST,2025,VST-PR,2.5 가솔린,FWD,스노우 화이트,79,80,272233,76318,164,63,88.5
2025-07,central,VST,2025,VST-PR,2.5 가솔린,FWD,미드나잇 블랙,62,63,215518,60419,130,63,88.5
2025-07,central,VST,2025,VST-PR,2.5 가솔린,FWD,스틸 그레이,53,53,181489,50879,109,63,88.5
2025-07,central,VST,2025,VST-PR,2.5 가솔린,FWD,실버,43,43,147460,41339,89,63,88.5
2025-07,central,VST,2025,VST-PR,2.5 가솔린,FWD,오션 블루,33,33,113430,31799,68,63,88.5
2025-07,central,VST,2025,VST-PR,2.5 가솔린,FWD,선셋 레드,26,27,90744,25439,55,63,88.5
2025-07,central,VST,2025,VST-PR,2.5 가솔린,FWD,포레스트 그린,16,17,56715,15900,34,63,88.5
2025-07,central,VST,2025,VST-PR,2.5 가솔린,FWD,샌드 베이지,16,17,56715,15900,34,63,88.5
2025-07,central,VST,2025,VST-PR,1.6T 하이브리드,AWD,스노우 화이트,68,68,233164,65366,141,63,88.5
2025-07,central,VST,2025,VST-PR,1.6T 하이브리드,AWD,미드나잇 블랙,53,54,184588,51748,111,63,88.5
2025-07,central,VST,2025,VST-PR,1.6T 하이브리드,AWD,스틸 그레이,45,45,155443,43577,94,63,88.5
2025-07,central,VST,2025,VST-PR,1.6T 하이브리드,AWD,실버,37,37,126297,35406,76,63,88.5
2025-07,central,VST,2025,VST-PR,1.6T 하이브리드,AWD,오션 블루,28,28,97152,27236,59,63,88.5
2025-07,central,VST,2025,VST-PR,1.6T 하이브리드,AWD,선셋 레드,23,23,77721,21789,47,63,88.5
2025-07,central,VST,2025,VST-PR,1.6T 하이브리드,AWD,포레스트 그린,14,14,48576,13618,29,63,88.5
2025-07,central,VST,2025,VST-PR,1.6T 하이브리드,AWD,샌드 베이지,14,14,48576,13618,29,63,88.5
2025-07,central,VST,2025,VST-PR,1.6T 하이브리드,FWD,스노우 화이트,63,64,217395,60945,131,63,88.5
2025-07,central,VST,2025,VST-PR,1.6T 하이브리드,FWD,미드나잇 블랙,50,50,172104,48248,104,63,88.5
2025-07,central,VST,2025,VST-PR,1.6T 하이브리드,FWD,스틸 그레이,42,42,144930,40630,87,63,88.5
2025-07,central,VST,2025,VST-PR,1.6T 하이브리드,FWD,실버,34,34,117755,33012,71,63,88.5
2025-07,central,VST,2025,VST-PR,1.6T 하이브리드,FWD,오션 블루,26,27,90581,25394,55,63,88.5
2025-07,central,VST,2025,VST-PR,1.6T 하이브리드,FWD,선셋 레드,21,21,72465,20315,44,63,88.5
2025-07,central,VST,2025,VST-PR,1.6T 하이브리드,FWD,포레스트 그린,13,13,45291,12697,27,63,88.5
2025-07,central,VST,2025,VST-PR,1.6T 하이브리드,FWD,샌드 베이지,13,13,45291,12697,27,63,88.5
2025-07,central,VST,2025,VST-TR,2.5 가솔린,AWD,스노우 화이트,35,35,136169,50208,72,63,88.5
2025-07,central,VST,2025,VST-TR,2.5 가솔린,AWD,미드나잇 블랙,27,28,107800,39748,57,63,88.5
2025-07,central,VST,2025,VST-TR,2.5 가솔린,AWD,스틸 그레이,23,23,90779,33472,48,63,88.5
2025-07,central,VST,2025,VST-TR,2.5 가솔린,AWD,실버,19,19,73758,27196,39,63,88.5
2025-07,central,VST,2025,VST-TR,2.5 가솔린,AWD,오션 블루,14,15,56737,20920,30,63,88.5
2025-07,central,VST,2025,VST-TR,2.5 가솔린,AWD,선셋 레드,12,12,45390,16736,24,63,88.5
2025-07,central,VST,2025,VST-TR,2.5 가솔린,AWD,포레스트 그린,7,7,28369,10460,15,63,88.5
2025-07,central,VST,2025,VST-TR,2.5 가솔린,AWD,샌드 베이지,7,7,28369,10460,15,63,88.5
2025-07,central,VST,2025,VST-TR,2.5 가솔린,FWD,스노우 화이트,32,33,126960,46813,67,63,88.5
2025-07,central,VST,2025,VST-TR,2.5 가솔린,FWD,미드나잇 블랙,26,26,100510,37060,53,63,88.5
2025-07,central,VST,2025,VST-TR,2.5 가솔린,FWD,스틸 그레이,22,22,84640,31208,45,63,88.5
2025-07,central,VST,2025,VST-TR,2.5 가솔린,FWD,실버,17,18,68770,25357,36,63,88.5
2025-07,central,VST,2025,VST-TR,2.5 가솔린,FWD,오션 블루,13,14,52900,19505,28,63,88.5
2025-07,central,VST,2025,VST-TR,2.5 가솔린,FWD,선셋 레드,11,11,42320,15604,22,63,88.5
2025-07,central,VST,2025,VST-TR,2.5 가솔린,FWD,포레스트 그린,7,7,26450,9753,14,63,88.5
2025-07,central,VST,2025,VST-TR,2.5 가솔린,FWD,샌드 베이지,7,7,26450,9753,14,63,88.5
2025-07,central,VST,2025,VST-TR,1.6T 하이브리드,AWD,스노우 화이트,28,28,108739,40094,58,63,88.5
2025-07,central,VST,2025,VST-TR,1.6T 하이브리드,AWD,미드나잇 블랙,22,22,86085,31741,46,63,88.5
2025-07,central,VST,2025,VST-TR,1.6T 하이브리드,AWD,스틸 그레이,18,19,72493,26730,38,63,88.5
2025-07,central,VST,2025,VST-TR,1.6T 하이브리드,AWD,실버,15,15,58900,21718,31,63,88.5
2025-07,central,VST,2025,VST-TR,1.6T 하이브리드,AWD,오션 블루,12,12,45308,16706,24,63,88.5
2025-07,central,VST,2025,VST-TR,1.6T 하이브리드,AWD,선셋 레드,9,9,36246,13365,19,63,88.5
2025-07,central,VST,2025,VST-TR,1.6T 하이브리드,AWD,포레스트 그린,6,6,22654,8353,12,63,88.5
2025-07,central,VST,2025,VST-TR,1.6T 하이브리드,AWD,샌드 베이지,6,6,22654,8353,12,63,88.5
2025-07,central,VST,2025,VST-TR,1.6T 하이브리드,FWD,스노우 화이트,26,26,101385,37383,54,63,88.5
2025-07,central,VST,2025,VST-TR,1.6T 하이브리드,FWD,미드나잇 블랙,20,21,80263,29595,42,63,88.5
2025-07,central,VST,2025,VST-TR,1.6T 하이브리드,FWD,스틸 그레이,17,17,67590,24922,36,63,88.5
2025-07,central,VST,2025,VST-TR,1.6T 하이브리드,FWD,실버,14,14,54917,20249,29,63,88.5
2025-07,central,VST,2025,VST-TR,1.6T 하이브리드,FWD,오션 블루,11,11,42244,15576,22,63,88.5
2025-07,central,VST,2025,VST-TR,1.6T 하이브리드,FWD,선셋 레드,9,9,33795,12461,18,63,88.5
2025-07,central,VST,2025,VST-TR,1.6T 하이브리드,FWD,포레스트 그린,5,5,21122,7788,11,63,88.5
2025-07,central,VST,2025,VST-TR,1.6T 하이브리드,FWD,샌드 베이지,5,5,21122,7788,11,63,88.5
2025-07,south,VST,2025,VST-CO,2.5 가솔린,AWD,스노우 화이트,59,60,187967,40932,123,63,88.5
2025-07,south,VST,2025,VST-CO,2.5 가솔린,AWD,미드나잇 블랙,47,47,148807,32405,98,63,88.5
2025-07,south,VST,2025,VST-CO,2.5 가솔린,AWD,스틸 그레이,39,40,125311,27288,82,63,88.5
2025-07,south,VST,2025,VST-CO,2.5 가솔린,AWD,실버,32,32,101815,22172,67,63,88.5
2025-07,south,VST,2025,VST-CO,2.5 가솔린,AWD,오션 블루,25,25,78319,17055,51,63,88.5
2025-07,south,VST,2025,VST-CO,2.5 가솔린,AWD,선셋 레드,20,20,62656,13644,41,63,88.5
2025-07,south,VST,2025,VST-CO,2.5 가솔린,AWD,포레스트 그린,12,12,39160,8528,26,63,88.5
2025-07,south,VST,2025,VST-CO,2.5 가솔린,AWD,샌드 베이지,12,12,39160,8528,26,63,88.5
2025-07,south,VST,2025,VST-CO,2.5 가솔린,FWD,스노우 화이트,124,125,392177,85402,257,63,88.5
2025-07,south,VST,2025,VST-CO,2.5 가솔린,FWD,미드나잇 블랙,98,99,310474,67610,204,63,88.5
2025-07,south,VST,2025,VST-CO,2.5 가솔린,FWD,스틸 그레이,82,83,261452,56934,171,63,88.5
2025-07,south,VST,2025,VST-CO,2.5 가솔린,FWD,실버,67,68,212429,46259,139,63,88.5
2025-07,south,VST,2025,VST-CO,2.5 가솔린,FWD,오션 블루,51,52,163407,35584,107,63,88.5
2025-07,south,VST,2025,VST-CO,2.5 가솔린,FWD,선셋 레드,41,42,130726,28467,86,63,88.5
2025-07,south,VST,2025,VST-CO,2.5 가솔린,FWD,포레스트 그린,26,26,81704,17792,54,63,88.5
2025-07,south,VST,2025,VST-CO,2.5 가솔린,FWD,샌드 베이지,26,26,81704,17792,54,63,88.5
2025-07,south,VST,2025,VST-CO,1.6T 하이브리드,AWD,스노우 화이트,47,48,150103,32687,98,63,88.5
2025-07,south,VST,2025,VST-CO,1.6T 하이브리드,AWD,미드나잇 블랙,37,38,118831,25877,78,63,88.5
2025-07,south,VST,2025,VST-CO,1.6T 하이브리드,AWD,스틸 그레이,32,32,100069,21791,66,63,88.5
2025-07,south,VST,2025,VST-CO,1.6T 하이브리드,AWD,실버,26,26,81306,17705,53,63,88.5
2025-07,south,VST,2025,VST-CO,1.6T 하이브리드,AWD,오션 블루,20,20,62543,13620,41,63,88.5
2025-07,south,VST,2025,VST-CO,1.6T 하이브리드,AWD,선셋 레드,16,16,50034,10896,33,63,88.5
2025-07,south,VST,2025,VST-CO,1.6T 하이브리드,AWD,포레스트 그린,10,10,31271,6810,21,63,88.5
2025-07,south,VST,2025,VST-CO,1.6T 하이브리드,AWD,샌드 베이지,10,10,31271,6810,21,63,88.5
2025-07,south,VST,2025,VST-CO,1.6T 하이브리드,FWD,스노우 화이트,99,100,313178,68199,205,63,88.5
2025-07,south,VST,2025,VST-CO,1.6T 하이브리드,FWD,미드나잇 블랙,78,79,247932,53990,163,63,88.5
2025-07,south,VST,2025,VST-CO,1.6T 하이브리드,FWD,스틸 그레이,66,66,208785,45466,137,63,88.5
2025-07,south,VST,2025,VST-CO,1.6T 하이브리드,FWD,실버,53,54,169638,36941,111,63,88.5
2025-07,south,VST,2025,VST-CO,1.6T 하이브리드,FWD,오션 블루,41,42,130491,28416,86,63,88.5
2025-07,south,VST,2025,VST-CO,1.6T 하이브리드,FWD,선셋 레드,33,33,104393,22733,68,63,88.5
2025-07,south,VST,2025,VST-CO,1.6T 하이브리드,FWD,포레스트 그린,21,21,65245,14208,43,63,88.5
2025-07,south,VST,2025,VST-CO,1.6T 하이브리드,FWD,샌드 베이지,21,21,65245,14208,43,63,88.5
2025-07,south,VST,2025,VST-PR,2.5 가솔린,AWD,스노우 화이트,69,69,236571,66321,143,63,88.5
2025-07,south,VST,2025,VST-PR,2.5 가솔린,AWD,미드나잇 블랙,54,55,187286,52504,113,63,88.5
2025-07,south,VST,2025,VST-PR,2.5 가솔린,AWD,스틸 그레이,46,46,157714,44214,95,63,88.5
2025-07,south,VST,2025,VST-PR,2.5 가솔린,AWD,실버,37,37,128143,35924,77,63,88.5
2025-07,south,VST,2025,VST-PR,2.5 가솔린,AWD,오션 블루,29,29,98571,27634,59,63,88.5
2025-07,south,VST,2025,VST-PR,2.5 가솔린,AWD,선셋 레드,23,23,78857,22107,48,63,88.5
2025-07,south,VST,2025,VST-PR,2.5 가솔린,AWD,포레스트 그린,14,14,49286,13817,30,63,88.5
2025-07,south,VST,2025,VST-PR,2.5 가솔린,AWD,샌드 베이지,14,14,49286,13817,30,63,88.5
2025-07,south,VST,2025,VST-PR,2.5 가솔린,FWD,스노우 화이트,143,144,493587,138373,298,63,88.5
2025-07,south,VST,2025,VST-PR,2.5 가솔린,FWD,미드나잇 블랙,113,114,390756,109545,236,63,88.5
2025-07,south,VST,2025,VST-PR,2.5 가솔린,FWD,스틸 그레이,95,96,329058,92249,198,63,88.5
2025-07,south,VST,2025,VST-PR,2.5 가솔린,FWD,실버,77,78,267360,74952,161,63,88.5
2025-07,south,VST,2025,VST-PR,2.5 가솔린,FWD,오션 블루,60,60,205661,57655,124,63,88.5
2025-07,south,VST,2025,VST-PR,2.5 가솔린,FWD,선셋 레드,48,48,164529,46124,99,63,88.5
2025-07,south,VST,2025,VST-PR,2.5 가솔린,FWD,포레스트 그린,30,30,102831,28828,62,63,88.5
2025-07,south,VST,2025,VST-PR,2.5 가솔린,FWD,샌드 베이지,30,30,102831,28828,62,63,88.5
2025-07,south,VST,2025,VST-PR,1.6T 하이브리드,AWD,스노우 화이트,55,55,188917,52961,114,63,88.5
2025-07,south,VST,2025,VST-PR,1.6T 하이브리드,AWD,미드나잇 블랙,43,44,149559,41928,90,63,88.5
2025-07,south,VST,2025,VST-PR,1.6T 하이브리드,AWD,스틸 그레이,36,37,125944,35308,76,63,88.5
2025-07,south,VST,2025,VST-PR,1.6T 하이브리드,AWD,실버,30,30,102330,28687,62,63,88.5
2025-07,south,VST,2025,VST-PR,1.6T 하이브리드,AWD,오션 블루,23,23,78715,22067,47,63,88.5
2025-07,south,VST,2025,VST-PR,1.6T 하이브리드,AWD,선셋 레드,18,18,62972,17654,38,63,88.5
2025-07,south,VST,2025,VST-PR,1.6T 하이브리드,AWD,포레스트 그린,11,12,39358,11034,24,63,88.5
2025-07,south,VST,2025,VST-PR,1.6T 하이브리드,AWD,샌드 베이지,11,12,39358,11034,24,63,88.5
2025-07,south,VST,2025,VST-PR,1.6T 하이브리드,FWD,스노우 화이트,114,115,394159,110499,238,63,88.5
2025-07,south,VST,2025,VST-PR,1.6T 하이브리드,FWD,미드나잇 블랙,90,91,312043,87479,188,63,88.5
2025-07,south,VST,2025,VST-PR,1.6T 하이브리드,FWD,스틸 그레이,76,77,262773,73666,158,63,88.5
2025-07,south,VST,2025,VST-PR,1.6T 하이브리드,FWD,실버,62,62,213503,59854,129,63,88.5
2025-07,south,VST,2025,VST-PR,1.6T 하이브리드,FWD,오션 블루,48,48,164233,46041,99,63,88.5
2025-07,south,VST,2025,VST-PR,1.6T 하이브리드,FWD,선셋 레드,38,38,131386,36833,79,63,88.5
2025-07,south,VST,2025,VST-PR,1.6T 하이브리드,FWD,포레스트 그린,24,24,82117,23021,50,63,88.5
2025-07,south,VST,2025,VST-PR,1.6T 하이브리드,FWD,샌드 베이지,24,24,82117,23021,50,63,88.5
2025-07,south,VST,2025,VST-TR,2.5 가솔린,AWD,스노우 화이트,28,28,110328,40680,58,63,88.5
2025-07,south,VST,2025,VST-TR,2.5 가솔린,AWD,미드나잇 블랙,22,22,87343,32205,46,63,88.5
2025-07,south,VST,2025,VST-TR,2.5 가솔린,AWD,스틸 그레이,19,19,73552,27120,39,63,88.5
2025-07,south,VST,2025,VST-TR,2.5 가솔린,AWD,실버,15,15,59761,22035,32,63,88.5
2025-07,south,VST,2025,VST-TR,2.5 가솔린,AWD,오션 블루,12,12,45970,16950,24,63,88.5
2025-07,south,VST,2025,VST-TR,2.5 가솔린,AWD,선셋 레드,9,9,36776,13560,19,63,88.5
2025-07,south,VST,2025,VST-TR,2.5 가솔린,AWD,포레스트 그린,6,6,22985,8475,12,63,88.5
2025-07,south,VST,2025,VST-TR,2.5 가솔린,AWD,샌드 베이지,6,6,22985,8475,12,63,88.5
2025-07,south,VST,2025,VST-TR,2.5 가솔린,FWD,스노우 화이트,59,59,230191,84876,122,63,88.5
2025-07,south,VST,2025,VST-TR,2.5 가솔린,FWD,미드나잇 블랙,46,47,182235,67194,96,63,88.5
2025-07,south,VST,2025,VST-TR,2.5 가솔린,FWD,스틸 그레이,39,39,153461,56584,81,63,88.5
2025-07,south,VST,2025,VST-TR,2.5 가솔린,FWD,실버,32,32,124687,45975,66,63,88.5
2025-07,south,VST,2025,VST-TR,2.5 가솔린,FWD,오션 블루,24,25,95913,35365,51,63,88.5
2025-07,south,VST,2025,VST-TR,2.5 가솔린,FWD,선셋 레드,20,20,76730,28292,41,63,88.5
2025-07,south,VST,2025,VST-TR,2.5 가솔린,FWD,포레스트 그린,12,12,47956,17683,25,63,88.5
2025-07,south,VST,2025,VST-TR,2.5 가솔린,FWD,샌드 베이지,12,12,47956,17683,25,63,88.5
2025-07,south,VST,2025,VST-TR,1.6T 하이브리드,AWD,스노우 화이트,22,23,88104,32486,47,63,88.5
2025-07,south,VST,2025,VST-TR,1.6T 하이브리드,AWD,미드나잇 블랙,18,18,69749,25718,37,63,88.5
2025-07,south,VST,2025,VST-TR,1.6T 하이브리드,AWD,스틸 그레이,15,15,58736,21657,31,63,88.5
2025-07,south,VST,2025,VST-TR,1.6T 하이브리드,AWD,실버,12,12,47723,17596,25,63,88.5
2025-07,south,VST,2025,VST-TR,1.6T 하이브리드,AWD,오션 블루,9,9,36710,13536,19,63,88.5
2025-07,south,VST,2025,VST-TR,1.6T 하이브리드,AWD,선셋 레드,7,8,29368,10829,16,63,88.5
2025-07,south,VST,2025,VST-TR,1.6T 하이브리드,AWD,포레스트 그린,5,5,18355,6768,10,63,88.5
2025-07,south,VST,2025,VST-TR,1.6T 하이브리드,AWD,샌드 베이지,5,5,18355,6768,10,63,88.5
2025-07,south,VST,2025,VST-TR,1.6T 하이브리드,FWD,스노우 화이트,47,47,183822,67779,97,63,88.5
2025-07,south,VST,2025,VST-TR,1.6T 하이브리드,FWD,미드나잇 블랙,37,37,145525,53658,77,63,88.5
2025-07,south,VST,2025,VST-TR,1.6T 하이브리드,FWD,스틸 그레이,31,31,122548,45186,65,63,88.5
2025-07,south,VST,2025,VST-TR,1.6T 하이브리드,FWD,실버,25,26,99570,36714,53,63,88.5
2025-07,south,VST,2025,VST-TR,1.6T 하이브리드,FWD,오션 블루,19,20,76592,28241,41,63,88.5
2025-07,south,VST,2025,VST-TR,1.6T 하이브리드,FWD,선셋 레드,16,16,61274,22593,32,63,88.5
2025-07,south,VST,2025,VST-TR,1.6T 하이브리드,FWD,포레스트 그린,10,10,38296,14121,20,63,88.5
2025-07,south,VST,2025,VST-TR,1.6T 하이브리드,FWD,샌드 베이지,10,10,38296,14121,20,63,88.5
2025-07,northeast,VST,2025,VST-CO,2.5 가솔린,AWD,스노우 화이트,83,83,262251,57109,172,63,88.5
2025-07,northeast,VST,2025,VST-CO,2.5 가솔린,AWD,미드나잇 블랙,65,66,207616,45211,136,63,88.5
2025-07,northeast,VST,2025,VST-CO,2.5 가솔린,AWD,스틸 그레이,55,56,174834,38072,115,63,88.5
2025-07,northeast,VST,2025,VST-CO,2.5 가솔린,AWD,실버,45,45,142053,30934,93,63,88.5
2025-07,northeast,VST,2025,VST-CO,2.5 가솔린,AWD,오션 블루,34,35,109271,23795,72,63,88.5
2025-07,northeast,VST,2025,VST-CO,2.5 가솔린,AWD,선셋 레드,28,28,87417,19036,57,63,88.5
2025-07,northeast,VST,2025,VST-CO,2.5 가솔린,AWD,포레스트 그린,17,17,54636,11898,36,63,88.5
2025-07,northeast,VST,2025,VST-CO,2.5 가솔린,AWD,샌드 베이지,17,17,54636,11898,36,63,88.5
2025-07,northeast,VST,2025,VST-CO,2.5 가솔린,FWD,스노우 화이트,59,59,186042,40513,122,63,88.5
2025-07,northeast,VST,2025,VST-CO,2.5 가솔린,FWD,미드나잇 블랙,46,47,147283,32073,97,63,88.5
2025-07,northeast,VST,2025,VST-CO,2.5 가솔린,FWD,스틸 그레이,39,39,124028,27009,81,63,88.5
2025-07,northeast,VST,2025,VST-CO,2.5 가솔린,FWD,실버,32,32,100773,21945,66,63,88.5
2025-07,northeast,VST,2025,VST-CO,2.5 가솔린,FWD,오션 블루,24,25,77517,16880,51,63,88.5
2025-07,northeast,VST,2025,VST-CO,2.5 가솔린,FWD,선셋 레드,20,20,62014,13504,41,63,88.5
2025-07,northeast,VST,2025,VST-CO,2.5 가솔린,FWD,포레스트 그린,12,12,38759,8440,25,63,88.5
2025-07,northeast,VST,2025,VST-CO,2.5 가솔린,FWD,샌드 베이지,12,12,38759,8440,25,63,88.5
2025-07,northeast,VST,2025,VST-CO,1.6T 하이브리드,AWD,스노우 화이트,66,67,209424,45605,137,63,88.5
2025-07,northeast,VST,2025,VST-CO,1.6T 하이브리드,AWD,미드나잇 블랙,52,53,165794,36104,109,63,88.5
2025-07,northeast,VST,2025,VST-CO,1.6T 하이브리드,AWD,스틸 그레이,44,44,139616,30403,92,63,88.5
2025-07,northeast,VST,2025,VST-CO,1.6T 하이브리드,AWD,실버,36,36,113438,24703,74,63,88.5
2025-07,northeast,VST,2025,VST-CO,1.6T 하이브리드,AWD,오션 블루,27,28,87260,19002,57,63,88.5
2025-07,northeast,VST,2025,VST-CO,1.6T 하이브리드,AWD,선셋 레드,22,22,69808,15202,46,63,88.5
2025-07,northeast,VST,2025,VST-CO,1.6T 하이브리드,AWD,포레스트 그린,14,14,43630,9501,29,63,88.5
2025-07,northeast,VST,2025,VST-CO,1.6T 하이브리드,AWD,샌드 베이지,14,14,43630,9501,29,63,88.5
2025-07,northeast,VST,2025,VST-CO,1.6T 하이브리드,FWD,스노우 화이트,47,47,148566,32352,97,63,88.5
2025-07,northeast,VST,2025,VST-CO,1.6T 하이브리드,FWD,미드나잇 블랙,37,37,117614,25612,77,63,88.5
2025-07,northeast,VST,2025,VST-CO,1.6T 하이브리드,FWD,스틸 그레이,31,31,99044,21568,65,63,88.5
2025-07,northeast,VST,2025,VST-CO,1.6T 하이브리드,FWD,실버,25,26,80473,17524,53,63,88.5
2025-07,northeast,VST,2025,VST-CO,1.6T 하이브리드,FWD,오션 블루,19,20,61902,13480,41,63,88.5
2025-07,northeast,VST,2025,VST-CO,1.6T 하이브리드,FWD,선셋 레드,16,16,49522,10784,32,63,88.5
2025-07,northeast,VST,2025,VST-CO,1.6T 하이브리드,FWD,포레스트 그린,10,10,30951,6740,20,63,88.5
2025-07,northeast,VST,2025,VST-CO,1.6T 하이브리드,FWD,샌드 베이지,10,10,30951,6740,20,63,88.5
2025-07,northeast,VST,2025,VST-PR,2.5 가솔린,AWD,스노우 화이트,96,97,330065,92531,199,63,88.5
2025-07,northeast,VST,2025,VST-PR,2.5 가솔린,AWD,미드나잇 블랙,76,76,261301,73254,158,63,88.5
2025-07,northeast,VST,2025,VST-PR,2.5 가솔린,AWD,스틸 그레이,64,64,220043,61687,133,63,88.5
2025-07,northeast,VST,2025,VST-PR,2.5 가솔린,AWD,실버,52,52,178785,50121,108,63,88.5
2025-07,northeast,VST,2025,VST-PR,2.5 가솔린,AWD,오션 블루,40,40,137527,38555,83,63,88.5
2025-07,northeast,VST,2025,VST-PR,2.5 가솔린,AWD,선셋 레드,32,32,110022,30844,66,63,88.5
2025-07,northeast,VST,2025,VST-PR,2.5 가솔린,AWD,포레스트 그린,20,20,68764,19277,41,63,88.5
2025-07,northeast,VST,2025,VST-PR,2.5 가솔린,AWD,샌드 베이지,20,20,68764,19277,41,63,88.5
2025-07,northeast,VST,2025,VST-PR,2.5 가솔린,FWD,스노우 화이트,68,69,234149,65642,141,63,88.5
2025-07,northeast,VST,2025,VST-PR,2.5 가솔린,FWD,미드나잇 블랙,54,54,185368,51966,112,63,88.5
2025-07,northeast,VST,2025,VST-PR,2.5 가솔린,FWD,스틸 그레이,45,46,156099,43761,94,63,88.5
2025-07,northeast,VST,2025,VST-PR,2.5 가솔린,FWD,실버,37,37,126830,35556,76,63,88.5
2025-07,northeast,VST,2025,VST-PR,2.5 가솔린,FWD,오션 블루,28,29,97562,27351,59,63,88.5
2025-07,northeast,VST,2025,VST-PR,2.5 가솔린,FWD,선셋 레드,23,23,78050,21881,47,63,88.5
2025-07,northeast,VST,2025,VST-PR,2.5 가솔린,FWD,포레스트 그린,14,14,48781,13675,29,63,88.5
2025-07,northeast,VST,2025,VST-PR,2.5 가솔린,FWD,샌드 베이지,14,14,48781,13675,29,63,88.5
2025-07,northeast,VST,2025,VST-PR,1.6T 하이브리드,AWD,스노우 화이트,76,77,263577,73892,159,63,88.5
2025-07,northeast,VST,2025,VST-PR,1.6T 하이브리드,AWD,미드나잇 블랙,60,61,208665,58498,126,63,88.5
2025-07,northeast,VST,2025,VST-PR,1.6T 하이브리드,AWD,스틸 그레이,51,51,175718,49261,106,63,88.5
2025-07,northeast,VST,2025,VST-PR,1.6T 하이브리드,AWD,실버,41,42,142771,40025,86,63,88.5
2025-07,northeast,VST,2025,VST-PR,1.6T 하이브리드,AWD,오션 블루,32,32,109824,30788,66,63,88.5
2025-07,northeast,VST,2025,VST-PR,1.6T 하이브리드,AWD,선셋 레드,25,26,87859,24631,53,63,88.5
2025-07,northeast,VST,2025,VST-PR,1.6T 하이브리드,AWD,포레스트 그린,16,16,54912,15394,33,63,88.5
2025-07,northeast,VST,2025,VST-PR,1.6T 하이브리드,AWD,샌드 베이지,16,16,54912,15394,33,63,88.5
2025-07,northeast,VST,2025,VST-PR,1.6T 하이브리드,FWD,스노우 화이트,54,55,186982,52419,113,63,88.5
2025-07,northeast,VST,2025,VST-PR,1.6T 하이브리드,FWD,미드나잇 블랙,43,43,148027,41498,89,63,88.5
2025-07,northeast,VST,2025,VST-PR,1.6T 하이브리드,FWD,스틸 그레이,36,36,124655,34946,75,63,88.5
2025-07,northeast,VST,2025,VST-PR,1.6T 하이브리드,FWD,실버,29,30,101282,28394,61,63,88.5
2025-07,northeast,VST,2025,VST-PR,1.6T 하이브리드,FWD,오션 블루,23,23,77909,21841,47,63,88.5
2025-07,northeast,VST,2025,VST-PR,1.6T 하이브리드,FWD,선셋 레드,18,18,62327,17473,38,63,88.5
2025-07,northeast,VST,2025,VST-PR,1.6T 하이브리드,FWD,포레스트 그린,11,11,38955,10921,23,63,88.5
2025-07,northeast,VST,2025,VST-PR,1.6T 하이브리드,FWD,샌드 베이지,11,11,38955,10921,23,63,88.5
2025-07,northeast,VST,2025,VST-TR,2.5 가솔린,AWD,스노우 화이트,39,40,153930,56757,81,63,88.5
2025-07,northeast,VST,2025,VST-TR,2.5 가솔린,AWD,미드나잇 블랙,31,31,121861,44933,64,63,88.5
2025-07,northeast,VST,2025,VST-TR,2.5 가솔린,AWD,스틸 그레이,26,26,102620,37838,54,63,88.5
2025-07,northeast,VST,2025,VST-TR,2.5 가솔린,AWD,실버,21,21,83379,30744,44,63,88.5
2025-07,northeast,VST,2025,VST-TR,2.5 가솔린,AWD,오션 블루,16,16,64138,23649,34,63,88.5
2025-07,northeast,VST,2025,VST-TR,2.5 가솔린,AWD,선셋 레드,13,13,51310,18919,27,63,88.5
2025-07,northeast,VST,2025,VST-TR,2.5 가솔린,AWD,포레스트 그린,8,8,32069,11824,17,63,88.5
2025-07,northeast,VST,2025,VST-TR,2.5 가솔린,AWD,샌드 베이지,8,8,32069,11824,17,63,88.5
2025-07,northeast,VST,2025,VST-TR,2.5 가솔린,FWD,스노우 화이트,28,28,109198,40264,58,63,88.5
2025-07,northeast,VST,2025,VST-TR,2.5 가솔린,FWD,미드나잇 블랙,22,22,86449,31875,46,63,88.5
2025-07,northeast,VST,2025,VST-TR,2.5 가솔린,FWD,스틸 그레이,19,19,72799,26842,39,63,88.5
2025-07,northeast,VST,2025,VST-TR,2.5 가솔린,FWD,실버,15,15,59149,21810,31,63,88.5
2025-07,northeast,VST,2025,VST-TR,2.5 가솔린,FWD,오션 블루,12,12,45499,16777,24,63,88.5
2025-07,northeast,VST,2025,VST-TR,2.5 가솔린,FWD,선셋 레드,9,9,36399,13421,19,63,88.5
2025-07,northeast,VST,2025,VST-TR,2.5 가솔린,FWD,포레스트 그린,6,6,22750,8388,12,63,88.5
2025-07,northeast,VST,2025,VST-TR,2.5 가솔린,FWD,샌드 베이지,6,6,22750,8388,12,63,88.5
2025-07,northeast,VST,2025,VST-TR,1.6T 하이브리드,AWD,스노우 화이트,31,32,122923,45324,65,63,88.5
2025-07,northeast,VST,2025,VST-TR,1.6T 하이브리드,AWD,미드나잇 블랙,25,25,97314,35882,51,63,88.5
2025-07,northeast,VST,2025,VST-TR,1.6T 하이브리드,AWD,스틸 그레이,21,21,81948,30216,43,63,88.5
2025-07,northeast,VST,2025,VST-TR,1.6T 하이브리드,AWD,실버,17,17,66583,24551,35,63,88.5
2025-07,northeast,VST,2025,VST-TR,1.6T 하이브리드,AWD,오션 블루,13,13,51218,18885,27,63,88.5
2025-07,northeast,VST,2025,VST-TR,1.6T 하이브리드,AWD,선셋 레드,10,11,40974,15108,22,63,88.5
2025-07,northeast,VST,2025,VST-TR,1.6T 하이브리드,AWD,포레스트 그린,7,7,25609,9443,14,63,88.5
2025-07,northeast,VST,2025,VST-TR,1.6T 하이브리드,AWD,샌드 베이지,7,7,25609,9443,14,63,88.5
2025-07,northeast,VST,2025,VST-TR,1.6T 하이브리드,FWD,스노우 화이트,22,22,87202,32153,46,63,88.5
2025-07,northeast,VST,2025,VST-TR,1.6T 하이브리드,FWD,미드나잇 블랙,18,18,69035,25455,37,63,88.5
2025-07,northeast,VST,2025,VST-TR,1.6T 하이브리드,FWD,스틸 그레이,15,15,58134,21435,31,63,88.5
2025-07,northeast,VST,2025,VST-TR,1.6T 하이브리드,FWD,실버,12,12,47234,17416,25,63,88.5
2025-07,northeast,VST,2025,VST-TR,1.6T 하이브리드,FWD,오션 블루,9,9,36334,13397,19,63,88.5
2025-07,northeast,VST,2025,VST-TR,1.6T 하이브리드,FWD,선셋 레드,7,7,29067,10718,15,63,88.5
2025-07,northeast,VST,2025,VST-TR,1.6T 하이브리드,FWD,포레스트 그린,5,5,18167,6699,10,63,88.5
2025-07,northeast,VST,2025,VST-TR,1.6T 하이브리드,FWD,샌드 베이지,5,5,18167,6699,10,63,88.5
2025-07,southeast,VST,2025,VST-CO,2.5 가솔린,AWD,스노우 화이트,57,58,181559,39537,119,63,88.5
2025-07,southeast,VST,2025,VST-CO,2.5 가솔린,AWD,미드나잇 블랙,45,46,143734,31300,94,63,88.5
2025-07,southeast,VST,2025,VST-CO,2.5 가솔린,AWD,스틸 그레이,38,38,121039,26358,79,63,88.5
2025-07,southeast,VST,2025,VST-CO,2.5 가솔린,AWD,실버,31,31,98344,21416,64,63,88.5
2025-07,southeast,VST,2025,VST-CO,2.5 가솔린,AWD,오션 블루,24,24,75649,16474,50,63,88.5
2025-07,southeast,VST,2025,VST-CO,2.5 가솔린,AWD,선셋 레드,19,19,60520,13179,40,63,88.5
2025-07,southeast,VST,2025,VST-CO,2.5 가솔린,AWD,포레스트 그린,12,12,37825,8237,25,63,88.5
2025-07,southeast,VST,2025,VST-CO,2.5 가솔린,AWD,샌드 베이지,12,12,37825,8237,25,63,88.5
2025-07,southeast,VST,2025,VST-CO,2.5 가솔린,FWD,스노우 화이트,92,93,293105,63827,192,63,88.5
2025-07,southeast,VST,2025,VST-CO,2.5 가솔린,FWD,미드나잇 블랙,73,74,232041,50530,152,63,88.5
2025-07,southeast,VST,2025,VST-CO,2.5 가솔린,FWD,스틸 그레이,62,62,195403,42552,128,63,88.5
2025-07,southeast,VST,2025,VST-CO,2.5 가솔린,FWD,실버,50,50,158765,34573,104,63,88.5
2025-07,southeast,VST,2025,VST-CO,2.5 가솔린,FWD,오션 블루,38,39,122127,26595,80,63,88.5
2025-07,southeast,VST,2025,VST-CO,2.5 가솔린,FWD,선셋 레드,31,31,97702,21276,64,63,88.5
2025-07,southeast,VST,2025,VST-CO,2.5 가솔린,FWD,포레스트 그린,19,19,61063,13297,40,63,88.5
2025-07,southeast,VST,2025,VST-CO,2.5 가솔린,FWD,샌드 베이지,19,19,61063,13297,40,63,88.5
2025-07,southeast,VST,2025,VST-CO,1.6T 하이브리드,AWD,스노우 화이트,46,46,144986,31573,95,63,88.5
2025-07,southeast,VST,2025,VST-CO,1.6T 하이브리드,AWD,미드나잇 블랙,36,37,114780,24995,75,63,88.5
2025-07,southeast,VST,2025,VST-CO,1.6T 하이브리드,AWD,스틸 그레이,30,31,96657,21048,63,63,88.5
2025-07,southeast,VST,2025,VST-CO,1.6T 하이브리드,AWD,실버,25,25,78534,17102,51,63,88.5
2025-07,southeast,VST,2025,VST-CO,1.6T 하이브리드,AWD,오션 블루,19,19,60411,13155,40,63,88.5
2025-07,southeast,VST,2025,VST-CO,1.6T 하이브리드,AWD,선셋 레드,15,15,48329,10524,32,63,88.5
2025-07,southeast,VST,2025,VST-CO,1.6T 하이브리드,AWD,포레스트 그린,10,10,30205,6578,20,63,88.5
2025-07,southeast,VST,2025,VST-CO,1.6T 하이브리드,AWD,샌드 베이지,10,10,30205,6578,20,63,88.5
2025-07,southeast,VST,2025,VST-CO,1.6T 하이브리드,FWD,스노우 화이트,74,74,234062,50970,153,63,88.5
2025-07,southeast,VST,2025,VST-CO,1.6T 하이브리드,FWD,미드나잇 블랙,58,59,185299,40351,121,63,88.5
2025-07,southeast,VST,2025,VST-CO,1.6T 하이브리드,FWD,스틸 그레이,49,50,156041,33980,102,63,88.5
2025-07,southeast,VST,2025,VST-CO,1.6T 하이브리드,FWD,실버,40,40,126784,27609,83,63,88.5
2025-07,southeast,VST,2025,VST-CO,1.6T 하이브리드,FWD,오션 블루,31,31,97526,21238,64,63,88.5
2025-07,southeast,VST,2025,VST-CO,1.6T 하이브리드,FWD,선셋 레드,25,25,78021,16990,51,63,88.5
2025-07,southeast,VST,2025,VST-CO,1.6T 하이브리드,FWD,포레스트 그린,15,16,48763,10619,32,63,88.5
2025-07,southeast,VST,2025,VST-CO,1.6T 하이브리드,FWD,샌드 베이지,15,16,48763,10619,32,63,88.5
2025-07,southeast,VST,2025,VST-PR,2.5 가솔린,AWD,스노우 화이트,66,67,228506,64060,138,63,88.5
2025-07,southeast,VST,2025,VST-PR,2.5 가솔린,AWD,미드나잇 블랙,52,53,180901,50714,109,63,88.5
2025-07,southeast,VST,2025,VST-PR,2.5 가솔린,AWD,스틸 그레이,44,45,152338,42707,92,63,88.5
2025-07,southeast,VST,2025,VST-PR,2.5 가솔린,AWD,실버,36,36,123774,34699,75,63,88.5
2025-07,southeast,VST,2025,VST-PR,2.5 가솔린,AWD,오션 블루,28,28,95211,26692,57,63,88.5
2025-07,southeast,VST,2025,VST-PR,2.5 가솔린,AWD,선셋 레드,22,22,76169,21353,46,63,88.5
2025-07,southeast,VST,2025,VST-PR,2.5 가솔린,AWD,포레스트 그린,14,14,47606,13346,29,63,88.5
2025-07,southeast,VST,2025,VST-PR,2.5 가솔린,AWD,샌드 베이지,14,14,47606,13346,29,63,88.5
2025-07,southeast,VST,2025,VST-PR,2.5 가솔린,FWD,스노우 화이트,107,108,368896,103417,222,63,88.5
2025-07,southeast,VST,2025,VST-PR,2.5 가솔린,FWD,미드나잇 블랙,85,85,292043,81872,176,63,88.5
2025-07,southeast,VST,2025,VST-PR,2.5 가솔린,FWD,스틸 그레이,71,72,245931,68945,148,63,88.5
2025-07,southeast,VST,2025,VST-PR,2.5 가솔린,FWD,실버,58,58,199819,56018,121,63,88.5
2025-07,southeast,VST,2025,VST-PR,2.5 가솔린,FWD,오션 블루,45,45,153707,43090,93,63,88.5
2025-07,southeast,VST,2025,VST-PR,2.5 가솔린,FWD,선셋 레드,36,36,122965,34472,74,63,88.5
2025-07,southeast,VST,2025,VST-PR,2.5 가솔린,FWD,포레스트 그린,22,22,76853,21545,46,63,88.5
2025-07,southeast,VST,2025,VST-PR,2.5 가솔린,FWD,샌드 베이지,22,22,76853,21545,46,63,88.5
2025-07,southeast,VST,2025,VST-PR,1.6T 하이브리드,AWD,스노우 화이트,53,53,182476,51156,110,63,88.5
2025-07,southeast,VST,2025,VST-PR,1.6T 하이브리드,AWD,미드나잇 블랙,42,42,144460,40498,87,63,88.5
2025-07,southeast,VST,2025,VST-PR,1.6T 하이브리드,AWD,스틸 그레이,35,36,121651,34104,73,63,88.5
2025-07,southeast,VST,2025,VST-PR,1.6T 하이브리드,AWD,실버,29,29,98841,27709,60,63,88.5
2025-07,southeast,VST,2025,VST-PR,1.6T 하이브리드,AWD,오션 블루,22,22,76032,21315,46,63,88.5
2025-07,southeast,VST,2025,VST-PR,1.6T 하이브리드,AWD,선셋 레드,18,18,60825,17052,37,63,88.5
2025-07,southeast,VST,2025,VST-PR,1.6T 하이브리드,AWD,포레스트 그린,11,11,38016,10657,23,63,88.5
2025-07,southeast,VST,2025,VST-PR,1.6T 하이브리드,AWD,샌드 베이지,11,11,38016,10657,23,63,88.5
2025-07,southeast,VST,2025,VST-PR,1.6T 하이브리드,FWD,스노우 화이트,85,86,294586,82585,178,63,88.5
2025-07,southeast,VST,2025,VST-PR,1.6T 하이브리드,FWD,미드나잇 블랙,68,68,233214,65380,141,63,88.5
2025-07,southeast,VST,2025,VST-PR,1.6T 하이브리드,FWD,스틸 그레이,57,57,196391,55057,118,63,88.5
2025-07,southeast,VST,2025,VST-PR,1.6T 하이브리드,FWD,실버,46,47,159567,44733,96,63,88.5
2025-07,southeast,VST,2025,VST-PR,1.6T 하이브리드,FWD,오션 블루,36,36,122744,34410,74,63,88.5
2025-07,southeast,VST,2025,VST-PR,1.6T 하이브리드,FWD,선셋 레드,28,29,98195,27528,59,63,88.5
2025-07,southeast,VST,2025,VST-PR,1.6T 하이브리드,FWD,포레스트 그린,18,18,61372,17205,37,63,88.5
2025-07,southeast,VST,2025,VST-PR,1.6T 하이브리드,FWD,샌드 베이지,18,18,61372,17205,37,63,88.5
2025-07,southeast,VST,2025,VST-TR,2.5 가솔린,AWD,스노우 화이트,27,27,106567,39294,56,63,88.5
2025-07,southeast,VST,2025,VST-TR,2.5 가솔린,AWD,미드나잇 블랙,21,22,84366,31107,45,63,88.5
2025-07,southeast,VST,2025,VST-TR,2.5 가솔린,AWD,스틸 그레이,18,18,71045,26196,38,63,88.5
2025-07,southeast,VST,2025,VST-TR,2.5 가솔린,AWD,실버,15,15,57724,21284,31,63,88.5
2025-07,southeast,VST,2025,VST-TR,2.5 가솔린,AWD,오션 블루,11,11,44403,16372,23,63,88.5
2025-07,southeast,VST,2025,VST-TR,2.5 가솔린,AWD,선셋 레드,9,9,35522,13098,19,63,88.5
2025-07,southeast,VST,2025,VST-TR,2.5 가솔린,AWD,포레스트 그린,6,6,22201,8186,12,63,88.5
2025-07,southeast,VST,2025,VST-TR,2.5 가솔린,AWD,샌드 베이지,6,6,22201,8186,12,63,88.5
2025-07,southeast,VST,2025,VST-TR,2.5 가솔린,FWD,스노우 화이트,44,44,172040,63435,91,63,88.5
2025-07,southeast,VST,2025,VST-TR,2.5 가솔린,FWD,미드나잇 블랙,35,35,136198,50219,72,63,88.5
2025-07,southeast,VST,2025,VST-TR,2.5 가솔린,FWD,스틸 그레이,29,29,114693,42290,61,63,88.5
2025-07,southeast,VST,2025,VST-TR,2.5 가솔린,FWD,실버,24,24,93188,34360,49,63,88.5
2025-07,southeast,VST,2025,VST-TR,2.5 가솔린,FWD,오션 블루,18,18,71683,26431,38,63,88.5
2025-07,southeast,VST,2025,VST-TR,2.5 가솔린,FWD,선셋 레드,15,15,57347,21145,30,63,88.5
2025-07,southeast,VST,2025,VST-TR,2.5 가솔린,FWD,포레스트 그린,9,9,35842,13216,19,63,88.5
2025-07,southeast,VST,2025,VST-TR,2.5 가솔린,FWD,샌드 베이지,9,9,35842,13216,19,63,88.5
2025-07,southeast,VST,2025,VST-TR,1.6T 하이브리드,AWD,스노우 화이트,22,22,85100,31378,45,63,88.5
2025-07,southeast,VST,2025,VST-TR,1.6T 하이브리드,AWD,미드나잇 블랙,17,17,67371,24841,36,63,88.5
2025-07,southeast,VST,2025,VST-TR,1.6T 하이브리드,AWD,스틸 그레이,14,15,56734,20919,30,63,88.5
2025-07,southeast,VST,2025,VST-TR,1.6T 하이브리드,AWD,실버,12,12,46096,16997,24,63,88.5
2025-07,southeast,VST,2025,VST-TR,1.6T 하이브리드,AWD,오션 블루,9,9,35458,13074,19,63,88.5
2025-07,southeast,VST,2025,VST-TR,1.6T 하이브리드,AWD,선셋 레드,7,7,28367,10459,15,63,88.5
2025-07,southeast,VST,2025,VST-TR,1.6T 하이브리드,AWD,포레스트 그린,5,5,17729,6537,9,63,88.5
2025-07,southeast,VST,2025,VST-TR,1.6T 하이브리드,AWD,샌드 베이지,5,5,17729,6537,9,63,88.5
2025-07,southeast,VST,2025,VST-TR,1.6T 하이브리드,FWD,스노우 화이트,35,35,137384,50656,73,63,88.5
2025-07,southeast,VST,2025,VST-TR,1.6T 하이브리드,FWD,미드나잇 블랙,28,28,108762,40103,58,63,88.5
2025-07,southeast,VST,2025,VST-TR,1.6T 하이브리드,FWD,스틸 그레이,23,24,91589,33771,48,63,88.5
2025-07,southeast,VST,2025,VST-TR,1.6T 하이브리드,FWD,실버,19,19,74416,27439,39,63,88.5
2025-07,southeast,VST,2025,VST-TR,1.6T 하이브리드,FWD,오션 블루,15,15,57243,21107,30,63,88.5
2025-07,southeast,VST,2025,VST-TR,1.6T 하이브리드,FWD,선셋 레드,12,12,45795,16885,24,63,88.5
2025-07,southeast,VST,2025,VST-TR,1.6T 하이브리드,FWD,포레스트 그린,7,7,28622,10553,15,63,88.5
2025-07,southeast,VST,2025,VST-TR,1.6T 하이브리드,FWD,샌드 베이지,7,7,28622,10553,15,63,88.5
2025-07,west,AUR,2025,AUR-AI,스탠다드 레인지,AWD,스노우 화이트,30,29,83916,910,65,66,88.5
2025-07,west,AUR,2025,AUR-AI,스탠다드 레인지,AWD,미드나잇 블랙,24,23,66433,720,52,66,88.5
2025-07,west,AUR,2025,AUR-AI,스탠다드 레인지,AWD,스틸 그레이,20,20,55944,606,44,66,88.5
2025-07,west,AUR,2025,AUR-AI,스탠다드 레인지,AWD,실버,16,16,45454,493,35,66,88.5
2025-07,west,AUR,2025,AUR-AI,스탠다드 레인지,AWD,오션 블루,13,12,34965,379,27,66,88.5
2025-07,west,AUR,2025,AUR-AI,스탠다드 레인지,AWD,선셋 레드,10,10,27972,303,22,66,88.5
2025-07,west,AUR,2025,AUR-AI,스탠다드 레인지,AWD,포레스트 그린,6,6,17482,189,14,66,88.5
2025-07,west,AUR,2025,AUR-AI,스탠다드 레인지,AWD,샌드 베이지,6,6,17482,189,14,66,88.5
2025-07,west,AUR,2025,AUR-AI,스탠다드 레인지,FWD,스노우 화이트,25,24,68659,744,54,66,88.5
2025-07,west,AUR,2025,AUR-AI,스탠다드 레인지,FWD,미드나잇 블랙,20,19,54355,589,42,66,88.5
2025-07,west,AUR,2025,AUR-AI,스탠다드 레인지,FWD,스틸 그레이,17,16,45772,496,36,66,88.5
2025-07,west,AUR,2025,AUR-AI,스탠다드 레인지,FWD,실버,13,13,37190,403,29,66,88.5
2025-07,west,AUR,2025,AUR-AI,스탠다드 레인지,FWD,오션 블루,10,10,28608,310,22,66,88.5
2025-07,west,AUR,2025,AUR-AI,스탠다드 레인지,FWD,선셋 레드,8,8,22886,248,18,66,88.5
2025-07,west,AUR,2025,AUR-AI,스탠다드 레인지,FWD,포레스트 그린,5,5,14304,155,11,66,88.5
2025-07,west,AUR,2025,AUR-AI,스탠다드 레인지,FWD,샌드 베이지,5,5,14304,155,11,66,88.5
2025-07,west,AUR,2025,AUR-AI,롱레인지,AWD,스노우 화이트,57,55,157222,1704,123,66,88.5
2025-07,west,AUR,2025,AUR-AI,롱레인지,AWD,미드나잇 블랙,45,43,124467,1349,97,66,88.5
2025-07,west,AUR,2025,AUR-AI,롱레인지,AWD,스틸 그레이,38,37,104815,1136,82,66,88.5
2025-07,west,AUR,2025,AUR-AI,롱레인지,AWD,실버,31,30,85162,923,66,66,88.5
2025-07,west,AUR,2025,AUR-AI,롱레인지,AWD,오션 블루,24,23,65509,710,51,66,88.5
2025-07,west,AUR,2025,AUR-AI,롱레인지,AWD,선셋 레드,19,18,52407,568,41,66,88.5
2025-07,west,AUR,2025,AUR-AI,롱레인지,AWD,포레스트 그린,12,11,32755,355,26,66,88.5
2025-07,west,AUR,2025,AUR-AI,롱레인지,AWD,샌드 베이지,12,11,32755,355,26,66,88.5
2025-07,west,AUR,2025,AUR-AI,롱레인지,FWD,스노우 화이트,46,45,128636,1394,100,66,88.5
2025-07,west,AUR,2025,AUR-AI,롱레인지,FWD,미드나잇 블랙,37,36,101837,1104,79,66,88.5
2025-07,west,AUR,2025,AUR-AI,롱레인지,FWD,스틸 그레이,31,30,85757,930,67,66,88.5
2025-07,west,AUR,2025,AUR-AI,롱레인지,FWD,실버,25,24,69678,755,54,66,88.5
2025-07,west,AUR,2025,AUR-AI,롱레인지,FWD,오션 블루,19,19,53598,581,42,66,88.5
2025-07,west,AUR,2025,AUR-AI,롱레인지,FWD,선셋 레드,15,15,42879,465,33,66,88.5
2025-07,west,AUR,2025,AUR-AI,롱레인지,FWD,포레스트 그린,10,9,26799,290,21,66,88.5
2025-07,west,AUR,2025,AUR-AI,롱레인지,FWD,샌드 베이지,10,9,26799,290,21,66,88.5
2025-07,west,AUR,2025,AUR-RA,스탠다드 레인지,AWD,스노우 화이트,35,34,105615,9502,76,66,88.5
2025-07,west,AUR,2025,AUR-RA,스탠다드 레인지,AWD,미드나잇 블랙,28,27,83612,7523,60,66,88.5
2025-07,west,AUR,2025,AUR-RA,스탠다드 레인지,AWD,스틸 그레이,23,23,70410,6335,51,66,88.5
2025-07,west,AUR,2025,AUR-RA,스탠다드 레인지,AWD,실버,19,18,57208,5147,41,66,88.5
2025-07,west,AUR,2025,AUR-RA,스탠다드 레인지,AWD,오션 블루,15,14,44006,3959,32,66,88.5
2025-07,west,AUR,2025,AUR-RA,스탠다드 레인지,AWD,선셋 레드,12,11,35205,3167,25,66,88.5
2025-07,west,AUR,2025,AUR-RA,스탠다드 레인지,AWD,포레스트 그린,7,7,22003,1980,16,66,88.5
2025-07,west,AUR,2025,AUR-RA,스탠다드 레인지,AWD,샌드 베이지,7,7,22003,1980,16,66,88.5
2025-07,west,AUR,2025,AUR-RA,스탠다드 레인지,FWD,스노우 화이트,29,28,86412,7775,62,66,88.5
2025-07,west,AUR,2025,AUR-RA,스탠다드 레인지,FWD,미드나잇 블랙,23,22,68410,6155,49,66,88.5
2025-07,west,AUR,2025,AUR-RA,스탠다드 레인지,FWD,스틸 그레이,19,18,57608,5183,41,66,88.5
2025-07,west,AUR,2025,AUR-RA,스탠다드 레인지,FWD,실버,16,15,46807,4211,34,66,88.5
2025-07,west,AUR,2025,AUR-RA,스탠다드 레인지,FWD,오션 블루,12,12,36005,3239,26,66,88.5
2025-07,west,AUR,2025,AUR-RA,스탠다드 레인지,FWD,선셋 레드,10,9,28804,2592,21,66,88.5
2025-07,west,AUR,2025,AUR-RA,스탠다드 레인지,FWD,포레스트 그린,6,6,18003,1620,13,66,88.5
2025-07,west,AUR,2025,AUR-RA,스탠다드 레인지,FWD,샌드 베이지,6,6,18003,1620,13,66,88.5
2025-07,west,AUR,2025,AUR-RA,롱레인지,AWD,스노우 화이트,66,63,197876,17803,142,66,88.5
2025-07,west,AUR,2025,AUR-RA,롱레인지,AWD,미드나잇 블랙,52,50,156652,14094,112,66,88.5
2025-07,west,AUR,2025,AUR-RA,롱레인지,AWD,스틸 그레이,44,42,131918,11869,95,66,88.5
2025-07,west,AUR,2025,AUR-RA,롱레인지,AWD,실버,36,34,107183,9643,77,66,88.5
2025-07,west,AUR,2025,AUR-RA,롱레인지,AWD,오션 블루,27,26,82449,7418,59,66,88.5
2025-07,west,AUR,2025,AUR-RA,롱레인지,AWD,선셋 레드,22,21,65959,5934,47,66,88.5
2025-07,west,AUR,2025,AUR-RA,롱레인지,AWD,포레스트 그린,14,13,41224,3709,30,66,88.5
2025-07,west,AUR,2025,AUR-RA,롱레인지,AWD,샌드 베이지,14,13,41224,3709,30,66,88.5
2025-07,west,AUR,2025,AUR-RA,롱레인지,FWD,스노우 화이트,54,52,161899,14566,116,66,88.5
2025-07,west,AUR,2025,AUR-RA,롱레인지,FWD,미드나잇 블랙,43,41,128170,11532,92,66,88.5
2025-07,west,AUR,2025,AUR-RA,롱레인지,FWD,스틸 그레이,36,35,107933,9711,78,66,88.5
2025-07,west,AUR,2025,AUR-RA,롱레인지,FWD,실버,29,28,87695,7890,63,66,88.5
2025-07,west,AUR,2025,AUR-RA,롱레인지,FWD,오션 블루,22,22,67458,6069,48,66,88.5
2025-07,west,AUR,2025,AUR-RA,롱레인지,FWD,선셋 레드,18,17,53966,4855,39,66,88.5
2025-07,west,AUR,2025,AUR-RA,롱레인지,FWD,포레스트 그린,11,11,33729,3035,24,66,88.5
2025-07,west,AUR,2025,AUR-RA,롱레인지,FWD,샌드 베이지,11,11,33729,3035,24,66,88.5
2025-07,west,AUR,2025,AUR-MA,스탠다드 레인지,AWD,스노우 화이트,14,14,49255,9936,31,66,88.5
2025-07,west,AUR,2025,AUR-MA,스탠다드 레인지,AWD,미드나잇 블랙,11,11,38994,7866,25,66,88.5
2025-07,west,AUR,2025,AUR-MA,스탠다드 레인지,AWD,스틸 그레이,10,9,32837,6624,21,66,88.5
2025-07,west,AUR,2025,AUR-MA,스탠다드 레인지,AWD,실버,8,8,26680,5382,17,66,88.5
2025-07,west,AUR,2025,AUR-MA,스탠다드 레인지,AWD,오션 블루,6,6,20523,4140,13,66,88.5
2025-07,west,AUR,2025,AUR-MA,스탠다드 레인지,AWD,선셋 레드,5,5,16418,3312,10,66,88.5
2025-07,west,AUR,2025,AUR-MA,스탠다드 레인지,AWD,포레스트 그린,3,3,10261,2070,6,65,88.5
2025-07,west,AUR,2025,AUR-MA,스탠다드 레인지,AWD,샌드 베이지,3,3,10261,2070,6,65,88.5
2025-07,west,AUR,2025,AUR-MA,스탠다드 레인지,FWD,스노우 화이트,12,11,40300,8130,25,66,88.5
2025-07,west,AUR,2025,AUR-MA,스탠다드 레인지,FWD,미드나잇 블랙,9,9,31904,6436,20,66,88.5
2025-07,west,AUR,2025,AUR-MA,스탠다드 레인지,FWD,스틸 그레이,8,8,26866,5420,17,66,88.5
2025-07,west,AUR,2025,AUR-MA,스탠다드 레인지,FWD,실버,6,6,21829,4404,14,66,88.5
2025-07,west,AUR,2025,AUR-MA,스탠다드 레인지,FWD,오션 블루,5,5,16791,3387,11,66,88.5
2025-07,west,AUR,2025,AUR-MA,스탠다드 레인지,FWD,선셋 레드,4,4,13433,2710,8,66,88.5
2025-07,west,AUR,2025,AUR-MA,스탠다드 레인지,FWD,포레스트 그린,2,2,8396,1694,5,53,88.5
2025-07,west,AUR,2025,AUR-MA,스탠다드 레인지,FWD,샌드 베이지,2,2,8396,1694,5,53,88.5
2025-07,west,AUR,2025,AUR-MA,롱레인지,AWD,스노우 화이트,27,26,92282,18616,58,66,88.5
2025-07,west,AUR,2025,AUR-MA,롱레인지,AWD,미드나잇 블랙,21,21,73057,14738,46,66,88.5
2025-07,west,AUR,2025,AUR-MA,롱레인지,AWD,스틸 그레이,18,17,61522,12411,39,66,88.5
2025-07,west,AUR,2025,AUR-MA,롱레인지,AWD,실버,15,14,49986,10084,31,66,88.5
2025-07,west,AUR,2025,AUR-MA,롱레인지,AWD,오션 블루,11,11,38451,7757,24,66,88.5
2025-07,west,AUR,2025,AUR-MA,롱레인지,AWD,선셋 레드,9,9,30761,6205,19,66,88.5
2025-07,west,AUR,2025,AUR-MA,롱레인지,AWD,포레스트 그린,6,5,19226,3878,12,66,88.5
2025-07,west,AUR,2025,AUR-MA,롱레인지,AWD,샌드 베이지,6,5,19226,3878,12,66,88.5
2025-07,west,AUR,2025,AUR-MA,롱레인지,FWD,스노우 화이트,22,21,75504,15231,48,66,88.5
2025-07,west,AUR,2025,AUR-MA,롱레인지,FWD,미드나잇 블랙,17,17,59774,12058,38,66,88.5
2025-07,west,AUR,2025,AUR-MA,롱레인지,FWD,스틸 그레이,15,14,50336,10154,32,66,88.5
2025-07,west,AUR,2025,AUR-MA,롱레인지,FWD,실버,12,12,40898,8250,26,66,88.5
2025-07,west,AUR,2025,AUR-MA,롱레인지,FWD,오션 블루,9,9,31460,6346,20,66,88.5
2025-07,west,AUR,2025,AUR-MA,롱레인지,FWD,선셋 레드,7,7,25168,5077,16,66,88.5
2025-07,west,AUR,2025,AUR-MA,롱레인지,FWD,포레스트 그린,5,4,15730,3173,10,66,88.5
2025-07,west,AUR,2025,AUR-MA,롱레인지,FWD,샌드 베이지,5,4,15730,3173,10,66,88.5
2025-07,central,AUR,2025,AUR-AI,스탠다드 레인지,AWD,스노우 화이트,13,12,35055,380,27,66,88.5
2025-07,central,AUR,2025,AUR-AI,스탠다드 레인지,AWD,미드나잇 블랙,10,10,27752,301,22,66,88.5
2025-07,central,AUR,2025,AUR-AI,스탠다드 레인지,AWD,스틸 그레이,8,8,23370,253,18,66,88.5
2025-07,central,AUR,2025,AUR-AI,스탠다드 레인지,AWD,실버,7,7,18988,206,15,66,88.5
2025-07,central,AUR,2025,AUR-AI,스탠다드 레인지,AWD,오션 블루,5,5,14606,158,11,66,88.5
2025-07,central,AUR,2025,AUR-AI,스탠다드 레인지,AWD,선셋 레드,4,4,11685,127,9,66,88.5
2025-07,central,AUR,2025,AUR-AI,스탠다드 레인지,AWD,포레스트 그린,3,3,7303,79,6,57,88.5
2025-07,central,AUR,2025,AUR-AI,스탠다드 레인지,AWD,샌드 베이지,3,3,7303,79,6,57,88.5
2025-07,central,AUR,2025,AUR-AI,스탠다드 레인지,FWD,스노우 화이트,7,7,20368,221,16,66,88.5
2025-07,central,AUR,2025,AUR-AI,스탠다드 레인지,FWD,미드나잇 블랙,6,6,16124,175,13,66,88.5
2025-07,central,AUR,2025,AUR-AI,스탠다드 레인지,FWD,스틸 그레이,5,5,13578,147,11,66,88.5
2025-07,central,AUR,2025,AUR-AI,스탠다드 레인지,FWD,실버,4,4,11033,120,9,66,88.5
2025-07,central,AUR,2025,AUR-AI,스탠다드 레인지,FWD,오션 블루,3,3,8487,92,7,66,88.5
2025-07,central,AUR,2025,AUR-AI,스탠다드 레인지,FWD,선셋 레드,2,2,6789,74,5,53,88.5
2025-07,central,AUR,2025,AUR-AI,스탠다드 레인지,FWD,포레스트 그린,2,1,4243,46,3,33,88.5
2025-07,central,AUR,2025,AUR-AI,스탠다드 레인지,FWD,샌드 베이지,2,1,4243,46,3,33,88.5
2025-07,central,AUR,2025,AUR-AI,롱레인지,AWD,스노우 화이트,24,23,65677,712,51,66,88.5
2025-07,central,AUR,2025,AUR-AI,롱레인지,AWD,미드나잇 블랙,19,18,51994,564,41,66,88.5
2025-07,central,AUR,2025,AUR-AI,롱레인지,AWD,스틸 그레이,16,15,43785,475,34,66,88.5
2025-07,central,AUR,2025,AUR-AI,롱레인지,AWD,실버,13,12,35575,386,28,66,88.5
2025-07,central,AUR,2025,AUR-AI,롱레인지,AWD,오션 블루,10,10,27365,297,21,66,88.5
2025-07,central,AUR,2025,AUR-AI,롱레인지,AWD,선셋 레드,8,8,21892,237,17,66,88.5
2025-07,central,AUR,2025,AUR-AI,롱레인지,AWD,포레스트 그린,5,5,13683,148,11,66,88.5
2025-07,central,AUR,2025,AUR-AI,롱레인지,AWD,샌드 베이지,5,5,13683,148,11,66,88.5
2025-07,central,AUR,2025,AUR-AI,롱레인지,FWD,스노우 화이트,14,13,38160,414,30,66,88.5
2025-07,central,AUR,2025,AUR-AI,롱레인지,FWD,미드나잇 블랙,11,11,30210,327,24,66,88.5
2025-07,central,AUR,2025,AUR-AI,롱레인지,FWD,스틸 그레이,9,9,25440,276,20,66,88.5
2025-07,central,AUR,2025,AUR-AI,롱레인지,FWD,실버,7,7,20670,224,16,66,88.5
2025-07,central,AUR,2025,AUR-AI,롱레인지,FWD,오션 블루,6,6,15900,172,12,66,88.5
2025-07,central,AUR,2025,AUR-AI,롱레인지,FWD,선셋 레드,5,4,12720,138,10,66,88.5
2025-07,central,AUR,2025,AUR-AI,롱레인지,FWD,포레스트 그린,3,3,7950,86,6,62,88.5
2025-07,central,AUR,2025,AUR-AI,롱레인지,FWD,샌드 베이지,3,3,7950,86,6,62,88.5
2025-07,central,AUR,2025,AUR-RA,스탠다드 레인지,AWD,스노우 화이트,15,14,44119,3969,32,66,88.5
2025-07,central,AUR,2025,AUR-RA,스탠다드 레인지,AWD,미드나잇 블랙,12,11,34928,3143,25,66,88.5
2025-07,central,AUR,2025,AUR-RA,스탠다드 레인지,AWD,스틸 그레이,10,9,29413,2646,21,66,88.5
2025-07,central,AUR,2025,AUR-RA,스탠다드 레인지,AWD,실버,8,8,23898,2150,17,66,88.5
2025-07,central,AUR,2025,AUR-RA,스탠다드 레인지,AWD,오션 블루,6,6,18383,1654,13,66,88.5
2025-07,central,AUR,2025,AUR-RA,스탠다드 레인지,AWD,선셋 레드,5,5,14706,1323,11,66,88.5
2025-07,central,AUR,2025,AUR-RA,스탠다드 레인지,AWD,포레스트 그린,3,3,9191,827,7,66,88.5
2025-07,central,AUR,2025,AUR-RA,스탠다드 레인지,AWD,샌드 베이지,3,3,9191,827,7,66,88.5
2025-07,central,AUR,2025,AUR-RA,스탠다드 레인지,FWD,스노우 화이트,9,8,25634,2306,18,66,88.5
2025-07,central,AUR,2025,AUR-RA,스탠다드 레인지,FWD,미드나잇 블랙,7,7,20294,1826,15,66,88.5
2025-07,central,AUR,2025,AUR-RA,스탠다드 레인지,FWD,스틸 그레이,6,5,17090,1538,12,66,88.5
2025-07,central,AUR,2025,AUR-RA,스탠다드 레인지,FWD,실버,5,4,13885,1249,10,66,88.5
2025-07,central,AUR,2025,AUR-RA,스탠다드 레인지,FWD,오션 블루,4,3,10681,961,8,66,88.5
2025-07,central,AUR,2025,AUR-RA,스탠다드 레인지,FWD,선셋 레드,3,3,8545,769,6,61,88.5
2025-07,central,AUR,2025,AUR-RA,스탠다드 레인지,FWD,포레스트 그린,2,2,5341,480,4,38,88.5
2025-07,central,AUR,2025,AUR-RA,스탠다드 레인지,FWD,샌드 베이지,2,2,5341,480,4,38,88.5
2025-07,central,AUR,2025,AUR-RA,롱레인지,AWD,스노우 화이트,27,27,82660,7437,59,66,88.5
2025-07,central,AUR,2025,AUR-RA,롱레인지,AWD,미드나잇 블랙,22,21,65439,5888,47,66,88.5
2025-07,central,AUR,2025,AUR-RA,롱레인지,AWD,스틸 그레이,18,18,55107,4958,40,66,88.5
2025-07,central,AUR,2025,AUR-RA,롱레인지,AWD,실버,15,14,44774,4028,32,66,88.5
2025-07,central,AUR,2025,AUR-RA,롱레인지,AWD,오션 블루,11,11,34442,3099,25,66,88.5
2025-07,central,AUR,2025,AUR-RA,롱레인지,AWD,선셋 레드,9,9,27553,2479,20,66,88.5
2025-07,central,AUR,2025,AUR-RA,롱레인지,AWD,포레스트 그린,6,6,17221,1549,12,66,88.5
2025-07,central,AUR,2025,AUR-RA,롱레인지,AWD,샌드 베이지,6,6,17221,1549,12,66,88.5
2025-07,central,AUR,2025,AUR-RA,롱레인지,FWD,스노우 화이트,16,15,48028,4321,34,66,88.5
2025-07,central,AUR,2025,AUR-RA,롱레인지,FWD,미드나잇 블랙,13,12,38022,3421,27,66,88.5
2025-07,central,AUR,2025,AUR-RA,롱레인지,FWD,스틸 그레이,11,10,32018,2881,23,66,88.5
2025-07,central,AUR,2025,AUR-RA,롱레인지,FWD,실버,9,8,26015,2341,19,66,88.5
2025-07,central,AUR,2025,AUR-RA,롱레인지,FWD,오션 블루,7,6,20012,1800,14,66,88.5
2025-07,central,AUR,2025,AUR-RA,롱레인지,FWD,선셋 레드,5,5,16009,1440,11,66,88.5
2025-07,central,AUR,2025,AUR-RA,롱레인지,FWD,포레스트 그린,3,3,10006,900,7,66,88.5
2025-07,central,AUR,2025,AUR-RA,롱레인지,FWD,샌드 베이지,3,3,10006,900,7,66,88.5
2025-07,central,AUR,2025,AUR-MA,스탠다드 레인지,AWD,스노우 화이트,6,6,20576,4151,13,66,88.5
2025-07,central,AUR,2025,AUR-MA,스탠다드 레인지,AWD,미드나잇 블랙,5,5,16289,3286,10,66,88.5
2025-07,central,AUR,2025,AUR-MA,스탠다드 레인지,AWD,스틸 그레이,4,4,13717,2767,9,66,88.5
2025-07,central,AUR,2025,AUR-MA,스탠다드 레인지,AWD,실버,3,3,11145,2248,7,66,88.5
2025-07,central,AUR,2025,AUR-MA,스탠다드 레인지,AWD,오션 블루,2,2,8573,1729,5,54,88.5
2025-07,central,AUR,2025,AUR-MA,스탠다드 레인지,AWD,선셋 레드,2,2,6859,1384,4,43,88.5
2025-07,central,AUR,2025,AUR-MA,스탠다드 레인지,AWD,포레스트 그린,1,1,4287,865,3,27,88.5
2025-07,central,AUR,2025,AUR-MA,스탠다드 레인지,AWD,샌드 베이지,1,1,4287,865,3,27,88.5
2025-07,central,AUR,2025,AUR-MA,스탠다드 레인지,FWD,스노우 화이트,3,3,11955,2412,8,66,88.5
2025-07,central,AUR,2025,AUR-MA,스탠다드 레인지,FWD,미드나잇 블랙,3,3,9464,1909,6,60,88.5
2025-07,central,AUR,2025,AUR-MA,스탠다드 레인지,FWD,스틸 그레이,2,2,7970,1608,5,50,88.5
2025-07,central,AUR,2025,AUR-MA,스탠다드 레인지,FWD,실버,2,2,6476,1306,4,41,88.5
2025-07,central,AUR,2025,AUR-MA,스탠다드 레인지,FWD,오션 블루,1,1,4981,1005,3,31,88.5
2025-07,central,AUR,2025,AUR-MA,스탠다드 레인지,FWD,선셋 레드,1,1,3985,804,3,25,88.5
2025-07,central,AUR,2025,AUR-MA,스탠다드 레인지,FWD,포레스트 그린,1,1,2491,502,2,16,88.5
2025-07,central,AUR,2025,AUR-MA,스탠다드 레인지,FWD,샌드 베이지,1,1,2491,502,2,16,88.5
2025-07,central,AUR,2025,AUR-MA,롱레인지,AWD,스노우 화이트,11,11,38550,7777,24,66,88.5
2025-07,central,AUR,2025,AUR-MA,롱레인지,AWD,미드나잇 블랙,9,9,30518,6156,19,66,88.5
2025-07,central,AUR,2025,AUR-MA,롱레인지,AWD,스틸 그레이,7,7,25700,5184,16,66,88.5
2025-07,central,AUR,2025,AUR-MA,롱레인지,AWD,실버,6,6,20881,4212,13,66,88.5
2025-07,central,AUR,2025,AUR-MA,롱레인지,AWD,오션 블루,5,5,16062,3240,10,66,88.5
2025-07,central,AUR,2025,AUR-MA,롱레인지,AWD,선셋 레드,4,4,12850,2592,8,66,88.5
2025-07,central,AUR,2025,AUR-MA,롱레인지,AWD,포레스트 그린,2,2,8031,1620,5,51,88.5
2025-07,central,AUR,2025,AUR-MA,롱레인지,AWD,샌드 베이지,2,2,8031,1620,5,51,88.5
2025-07,central,AUR,2025,AUR-MA,롱레인지,FWD,스노우 화이트,7,6,22398,4518,14,66,88.5
2025-07,central,AUR,2025,AUR-MA,롱레인지,FWD,미드나잇 블랙,5,5,17732,3577,11,66,88.5
2025-07,central,AUR,2025,AUR-MA,롱레인지,FWD,스틸 그레이,4,4,14932,3012,9,66,88.5
2025-07,central,AUR,2025,AUR-MA,롱레인지,FWD,실버,4,3,12132,2447,8,66,88.5
2025-07,central,AUR,2025,AUR-MA,롱레인지,FWD,오션 블루,3,3,9333,1883,6,59,88.5
2025-07,central,AUR,2025,AUR-MA,롱레인지,FWD,선셋 레드,2,2,7466,1506,5,47,88.5
2025-07,central,AUR,2025,AUR-MA,롱레인지,FWD,포레스트 그린,1,1,4666,941,3,29,88.5
2025-07,central,AUR,2025,AUR-MA,롱레인지,FWD,샌드 베이지,1,1,4666,941,3,29,88.5
2025-07,south,AUR,2025,AUR-AI,스탠다드 레인지,AWD,스노우 화이트,10,10,28402,308,22,66,88.5
2025-07,south,AUR,2025,AUR-AI,스탠다드 레인지,AWD,미드나잇 블랙,8,8,22485,244,18,66,88.5
2025-07,south,AUR,2025,AUR-AI,스탠다드 레인지,AWD,스틸 그레이,7,7,18935,205,15,66,88.5
2025-07,south,AUR,2025,AUR-AI,스탠다드 레인지,AWD,실버,6,5,15385,167,12,66,88.5
2025-07,south,AUR,2025,AUR-AI,스탠다드 레인지,AWD,오션 블루,4,4,11834,128,9,66,88.5
2025-07,south,AUR,2025,AUR-AI,스탠다드 레인지,AWD,선셋 레드,3,3,9467,103,7,66,88.5
2025-07,south,AUR,2025,AUR-AI,스탠다드 레인지,AWD,포레스트 그린,2,2,5917,64,5,46,88.5
2025-07,south,AUR,2025,AUR-AI,스탠다드 레인지,AWD,샌드 베이지,2,2,5917,64,5,46,88.5
2025-07,south,AUR,2025,AUR-AI,스탠다드 레인지,FWD,스노우 화이트,16,15,43321,470,34,66,88.5
2025-07,south,AUR,2025,AUR-AI,스탠다드 레인지,FWD,미드나잇 블랙,12,12,34296,372,27,66,88.5
2025-07,south,AUR,2025,AUR-AI,스탠다드 레인지,FWD,스틸 그레이,10,10,28880,313,23,66,88.5
2025-07,south,AUR,2025,AUR-AI,스탠다드 레인지,FWD,실버,8,8,23465,254,18,66,88.5
2025-07,south,AUR,2025,AUR-AI,스탠다드 레인지,FWD,오션 블루,7,6,18050,196,14,66,88.5
2025-07,south,AUR,2025,AUR-AI,스탠다드 레인지,FWD,선셋 레드,5,5,14440,157,11,66,88.5
2025-07,south,AUR,2025,AUR-AI,스탠다드 레인지,FWD,포레스트 그린,3,3,9025,98,7,66,88.5
2025-07,south,AUR,2025,AUR-AI,스탠다드 레인지,FWD,샌드 베이지,3,3,9025,98,7,66,88.5
2025-07,south,AUR,2025,AUR-AI,롱레인지,AWD,스노우 화이트,19,19,53214,577,42,66,88.5
2025-07,south,AUR,2025,AUR-AI,롱레인지,AWD,미드나잇 블랙,15,15,42127,457,33,66,88.5
2025-07,south,AUR,2025,AUR-AI,롱레인지,AWD,스틸 그레이,13,12,35476,385,28,66,88.5
2025-07,south,AUR,2025,AUR-AI,롱레인지,AWD,실버,10,10,28824,312,22,66,88.5
2025-07,south,AUR,2025,AUR-AI,롱레인지,AWD,오션 블루,8,8,22172,240,17,66,88.5
2025-07,south,AUR,2025,AUR-AI,롱레인지,AWD,선셋 레드,6,6,17738,192,14,66,88.5
2025-07,south,AUR,2025,AUR-AI,롱레인지,AWD,포레스트 그린,4,4,11086,120,9,66,88.5
2025-07,south,AUR,2025,AUR-AI,롱레인지,AWD,샌드 베이지,4,4,11086,120,9,66,88.5
2025-07,south,AUR,2025,AUR-AI,롱레인지,FWD,스노우 화이트,29,28,81164,880,63,66,88.5
2025-07,south,AUR,2025,AUR-AI,롱레인지,FWD,미드나잇 블랙,23,22,64255,696,50,66,88.5
2025-07,south,AUR,2025,AUR-AI,롱레인지,FWD,스틸 그레이,20,19,54109,586,42,66,88.5
2025-07,south,AUR,2025,AUR-AI,롱레인지,FWD,실버,16,15,43964,477,34,66,88.5
2025-07,south,AUR,2025,AUR-AI,롱레인지,FWD,오션 블루,12,12,33818,367,26,66,88.5
2025-07,south,AUR,2025,AUR-AI,롱레인지,FWD,선셋 레드,10,9,27055,293,21,66,88.5
2025-07,south,AUR,2025,AUR-AI,롱레인지,FWD,포레스트 그린,6,6,16909,183,13,66,88.5
2025-07,south,AUR,2025,AUR-AI,롱레인지,FWD,샌드 베이지,6,6,16909,183,13,66,88.5
2025-07,south,AUR,2025,AUR-RA,스탠다드 레인지,AWD,스노우 화이트,12,11,35747,3216,26,66,88.5
2025-07,south,AUR,2025,AUR-RA,스탠다드 레인지,AWD,미드나잇 블랙,9,9,28299,2546,20,66,88.5
2025-07,south,AUR,2025,AUR-RA,스탠다드 레인지,AWD,스틸 그레이,8,8,23831,2144,17,66,88.5
2025-07,south,AUR,2025,AUR-RA,스탠다드 레인지,AWD,실버,6,6,19363,1742,14,66,88.5
2025-07,south,AUR,2025,AUR-RA,스탠다드 레인지,AWD,오션 블루,5,5,14894,1340,11,66,88.5
2025-07,south,AUR,2025,AUR-RA,스탠다드 레인지,AWD,선셋 레드,4,4,11916,1072,9,66,88.5
2025-07,south,AUR,2025,AUR-RA,스탠다드 레인지,AWD,포레스트 그린,2,2,7447,670,5,53,88.5
2025-07,south,AUR,2025,AUR-RA,스탠다드 레인지,AWD,샌드 베이지,2,2,7447,670,5,53,88.5
2025-07,south,AUR,2025,AUR-RA,스탠다드 레인지,FWD,스노우 화이트,18,17,54523,4906,39,66,88.5
2025-07,south,AUR,2025,AUR-RA,스탠다드 레인지,FWD,미드나잇 블랙,14,14,43164,3884,31,66,88.5
2025-07,south,AUR,2025,AUR-RA,스탠다드 레인지,FWD,스틸 그레이,12,12,36348,3270,26,66,88.5
2025-07,south,AUR,2025,AUR-RA,스탠다드 레인지,FWD,실버,10,9,29533,2657,21,66,88.5
2025-07,south,AUR,2025,AUR-RA,스탠다드 레인지,FWD,오션 블루,8,7,22718,2044,16,66,88.5
2025-07,south,AUR,2025,AUR-RA,스탠다드 레인지,FWD,선셋 레드,6,6,18174,1635,13,66,88.5
2025-07,south,AUR,2025,AUR-RA,스탠다드 레인지,FWD,포레스트 그린,4,4,11359,1022,8,66,88.5
2025-07,south,AUR,2025,AUR-RA,스탠다드 레인지,FWD,샌드 베이지,4,4,11359,1022,8,66,88.5
2025-07,south,AUR,2025,AUR-RA,롱레인지,AWD,스노우 화이트,22,21,66974,6026,48,66,88.5
2025-07,south,AUR,2025,AUR-RA,롱레인지,AWD,미드나잇 블랙,18,17,53021,4770,38,66,88.5
2025-07,south,AUR,2025,AUR-RA,롱레인지,AWD,스틸 그레이,15,14,44649,4017,32,66,88.5
2025-07,south,AUR,2025,AUR-RA,롱레인지,AWD,실버,12,12,36277,3264,26,66,88.5
2025-07,south,AUR,2025,AUR-RA,롱레인지,AWD,오션 블루,9,9,27906,2511,20,66,88.5
2025-07,south,AUR,2025,AUR-RA,롱레인지,AWD,선셋 레드,7,7,22325,2009,16,66,88.5
2025-07,south,AUR,2025,AUR-RA,롱레인지,AWD,포레스트 그린,5,4,13953,1255,10,66,88.5
2025-07,south,AUR,2025,AUR-RA,롱레인지,AWD,샌드 베이지,5,4,13953,1255,10,66,88.5
2025-07,south,AUR,2025,AUR-RA,롱레인지,FWD,스노우 화이트,34,33,102152,9191,73,66,88.5
2025-07,south,AUR,2025,AUR-RA,롱레인지,FWD,미드나잇 블랙,27,26,80870,7276,58,66,88.5
2025-07,south,AUR,2025,AUR-RA,롱레인지,FWD,스틸 그레이,23,22,68101,6127,49,66,88.5
2025-07,south,AUR,2025,AUR-RA,롱레인지,FWD,실버,18,18,55332,4978,40,66,88.5
2025-07,south,AUR,2025,AUR-RA,롱레인지,FWD,오션 블루,14,14,42563,3829,31,66,88.5
2025-07,south,AUR,2025,AUR-RA,롱레인지,FWD,선셋 레드,11,11,34051,3064,24,66,88.5
2025-07,south,AUR,2025,AUR-RA,롱레인지,FWD,포레스트 그린,7,7,21282,1915,15,66,88.5
2025-07,south,AUR,2025,AUR-RA,롱레인지,FWD,샌드 베이지,7,7,21282,1915,15,66,88.5
2025-07,south,AUR,2025,AUR-MA,스탠다드 레인지,AWD,스노우 화이트,5,5,16671,3363,11,66,88.5
2025-07,south,AUR,2025,AUR-MA,스탠다드 레인지,AWD,미드나잇 블랙,4,4,13198,2662,8,66,88.5
2025-07,south,AUR,2025,AUR-MA,스탠다드 레인지,AWD,스틸 그레이,3,3,11114,2242,7,66,88.5
2025-07,south,AUR,2025,AUR-MA,스탠다드 레인지,AWD,실버,3,3,9030,1822,6,57,88.5
2025-07,south,AUR,2025,AUR-MA,스탠다드 레인지,AWD,오션 블루,2,2,6946,1401,4,44,88.5
2025-07,south,AUR,2025,AUR-MA,스탠다드 레인지,AWD,선셋 레드,2,2,5557,1121,4,35,88.5
2025-07,south,AUR,2025,AUR-MA,스탠다드 레인지,AWD,포레스트 그린,1,1,3473,701,2,22,88.5
2025-07,south,AUR,2025,AUR-MA,스탠다드 레인지,AWD,샌드 베이지,1,1,3473,701,2,22,88.5
2025-07,south,AUR,2025,AUR-MA,스탠다드 레인지,FWD,스노우 화이트,7,7,25427,5129,16,66,88.5
2025-07,south,AUR,2025,AUR-MA,스탠다드 레인지,FWD,미드나잇 블랙,6,6,20130,4061,13,66,88.5
2025-07,south,AUR,2025,AUR-MA,스탠다드 레인지,FWD,스틸 그레이,5,5,16952,3420,11,66,88.5
2025-07,south,AUR,2025,AUR-MA,스탠다드 레인지,FWD,실버,4,4,13773,2778,9,66,88.5
2025-07,south,AUR,2025,AUR-MA,스탠다드 레인지,FWD,오션 블루,3,3,10595,2137,7,66,88.5
2025-07,south,AUR,2025,AUR-MA,스탠다드 레인지,FWD,선셋 레드,2,2,8476,1710,5,53,88.5
2025-07,south,AUR,2025,AUR-MA,스탠다드 레인지,FWD,포레스트 그린,2,1,5297,1069,3,33,88.5
2025-07,south,AUR,2025,AUR-MA,스탠다드 레인지,FWD,샌드 베이지,2,1,5297,1069,3,33,88.5
2025-07,south,AUR,2025,AUR-MA,롱레인지,AWD,스노우 화이트,9,9,31234,6301,20,66,88.5
2025-07,south,AUR,2025,AUR-MA,롱레인지,AWD,미드나잇 블랙,7,7,24727,4988,16,66,88.5
2025-07,south,AUR,2025,AUR-MA,롱레인지,AWD,스틸 그레이,6,6,20823,4201,13,66,88.5
2025-07,south,AUR,2025,AUR-MA,롱레인지,AWD,실버,5,5,16918,3413,11,66,88.5
2025-07,south,AUR,2025,AUR-MA,롱레인지,AWD,오션 블루,4,4,13014,2625,8,66,88.5
2025-07,south,AUR,2025,AUR-MA,롱레인지,AWD,선셋 레드,3,3,10411,2100,7,66,88.5
2025-07,south,AUR,2025,AUR-MA,롱레인지,AWD,포레스트 그린,2,2,6507,1313,4,41,88.5
2025-07,south,AUR,2025,AUR-MA,롱레인지,AWD,샌드 베이지,2,2,6507,1313,4,41,88.5
2025-07,south,AUR,2025,AUR-MA,롱레인지,FWD,스노우 화이트,14,13,47640,9610,30,66,88.5
2025-07,south,AUR,2025,AUR-MA,롱레인지,FWD,미드나잇 블랙,11,11,37715,7608,24,66,88.5
2025-07,south,AUR,2025,AUR-MA,롱레인지,FWD,스틸 그레이,9,9,31760,6407,20,66,88.5
2025-07,south,AUR,2025,AUR-MA,롱레인지,FWD,실버,8,7,25805,5206,16,66,88.5
2025-07,south,AUR,2025,AUR-MA,롱레인지,FWD,오션 블루,6,6,19850,4004,13,66,88.5
2025-07,south,AUR,2025,AUR-MA,롱레인지,FWD,선셋 레드,5,4,15880,3203,10,66,88.5
2025-07,south,AUR,2025,AUR-MA,롱레인지,FWD,포레스트 그린,3,3,9925,2002,6,63,88.5
2025-07,south,AUR,2025,AUR-MA,롱레인지,FWD,샌드 베이지,3,3,9925,2002,6,63,88.5
2025-07,northeast,AUR,2025,AUR-AI,스탠다드 레인지,AWD,스노우 화이트,26,25,71329,773,56,66,88.5
2025-07,northeast,AUR,2025,AUR-AI,스탠다드 레인지,AWD,미드나잇 블랙,20,20,56468,612,44,66,88.5
2025-07,northeast,AUR,2025,AUR-AI,스탠다드 레인지,AWD,스틸 그레이,17,17,47552,515,37,66,88.5
2025-07,northeast,AUR,2025,AUR-AI,스탠다드 레인지,AWD,실버,14,13,38636,419,30,66,88.5
2025-07,northeast,AUR,2025,AUR-AI,스탠다드 레인지,AWD,오션 블루,11,10,29720,322,23,66,88.5
2025-07,northeast,AUR,2025,AUR-AI,스탠다드 레인지,AWD,선셋 레드,9,8,23776,258,19,66,88.5
2025-07,northeast,AUR,2025,AUR-AI,스탠다드 레인지,AWD,포레스트 그린,5,5,14860,161,12,66,88.5
2025-07,northeast,AUR,2025,AUR-AI,스탠다드 레인지,AWD,샌드 베이지,5,5,14860,161,12,66,88.5
2025-07,northeast,AUR,2025,AUR-AI,스탠다드 레인지,FWD,스노우 화이트,10,10,28432,308,22,66,88.5
2025-07,northeast,AUR,2025,AUR-AI,스탠다드 레인지,FWD,미드나잇 블랙,8,8,22508,244,18,66,88.5
2025-07,northeast,AUR,2025,AUR-AI,스탠다드 레인지,FWD,스틸 그레이,7,7,18954,205,15,66,88.5
2025-07,northeast,AUR,2025,AUR-AI,스탠다드 레인지,FWD,실버,6,5,15400,167,12,66,88.5
2025-07,northeast,AUR,2025,AUR-AI,스탠다드 레인지,FWD,오션 블루,4,4,11847,128,9,66,88.5
2025-07,northeast,AUR,2025,AUR-AI,스탠다드 레인지,FWD,선셋 레드,3,3,9477,103,7,66,88.5
2025-07,northeast,AUR,2025,AUR-AI,스탠다드 레인지,FWD,포레스트 그린,2,2,5923,64,5,46,88.5
2025-07,northeast,AUR,2025,AUR-AI,스탠다드 레인지,FWD,샌드 베이지,2,2,5923,64,5,46,88.5
2025-07,northeast,AUR,2025,AUR-AI,롱레인지,AWD,스노우 화이트,48,47,133639,1449,104,66,88.5
2025-07,northeast,AUR,2025,AUR-AI,롱레인지,AWD,미드나잇 블랙,38,37,105797,1147,83,66,88.5
2025-07,northeast,AUR,2025,AUR-AI,롱레인지,AWD,스틸 그레이,32,31,89092,966,70,66,88.5
2025-07,northeast,AUR,2025,AUR-AI,롱레인지,AWD,실버,26,25,72388,785,57,66,88.5
2025-07,northeast,AUR,2025,AUR-AI,롱레인지,AWD,오션 블루,20,19,55683,604,43,66,88.5
2025-07,northeast,AUR,2025,AUR-AI,롱레인지,AWD,선셋 레드,16,16,44546,483,35,66,88.5
2025-07,northeast,AUR,2025,AUR-AI,롱레인지,AWD,포레스트 그린,10,10,27841,302,22,66,88.5
2025-07,northeast,AUR,2025,AUR-AI,롱레인지,AWD,샌드 베이지,10,10,27841,302,22,66,88.5
2025-07,northeast,AUR,2025,AUR-AI,롱레인지,FWD,스노우 화이트,19,19,53269,577,42,66,88.5
2025-07,northeast,AUR,2025,AUR-AI,롱레인지,FWD,미드나잇 블랙,15,15,42171,457,33,66,88.5
2025-07,northeast,AUR,2025,AUR-AI,롱레인지,FWD,스틸 그레이,13,12,35512,385,28,66,88.5
2025-07,northeast,AUR,2025,AUR-AI,롱레인지,FWD,실버,10,10,28854,313,23,66,88.5
2025-07,northeast,AUR,2025,AUR-AI,롱레인지,FWD,오션 블루,8,8,22195,241,17,66,88.5
2025-07,northeast,AUR,2025,AUR-AI,롱레인지,FWD,선셋 레드,6,6,17756,192,14,66,88.5
2025-07,northeast,AUR,2025,AUR-AI,롱레인지,FWD,포레스트 그린,4,4,11098,120,9,66,88.5
2025-07,northeast,AUR,2025,AUR-AI,롱레인지,FWD,샌드 베이지,4,4,11098,120,9,66,88.5
2025-07,northeast,AUR,2025,AUR-RA,스탠다드 레인지,AWD,스노우 화이트,30,29,89773,8077,64,66,88.5
2025-07,northeast,AUR,2025,AUR-RA,스탠다드 레인지,AWD,미드나잇 블랙,24,23,71070,6394,51,66,88.5
2025-07,northeast,AUR,2025,AUR-RA,스탠다드 레인지,AWD,스틸 그레이,20,19,59849,5385,43,66,88.5
2025-07,northeast,AUR,2025,AUR-RA,스탠다드 레인지,AWD,실버,16,16,48627,4375,35,66,88.5
2025-07,northeast,AUR,2025,AUR-RA,스탠다드 레인지,AWD,오션 블루,12,12,37405,3365,27,66,88.5
2025-07,northeast,AUR,2025,AUR-RA,스탠다드 레인지,AWD,선셋 레드,10,10,29924,2692,21,66,88.5
2025-07,northeast,AUR,2025,AUR-RA,스탠다드 레인지,AWD,포레스트 그린,6,6,18703,1683,13,66,88.5
2025-07,northeast,AUR,2025,AUR-RA,스탠다드 레인지,AWD,샌드 베이지,6,6,18703,1683,13,66,88.5
2025-07,northeast,AUR,2025,AUR-RA,스탠다드 레인지,FWD,스노우 화이트,12,11,35784,3220,26,66,88.5
2025-07,northeast,AUR,2025,AUR-RA,스탠다드 레인지,FWD,미드나잇 블랙,9,9,28329,2549,20,66,88.5
2025-07,northeast,AUR,2025,AUR-RA,스탠다드 레인지,FWD,스틸 그레이,8,8,23856,2146,17,66,88.5
2025-07,northeast,AUR,2025,AUR-RA,스탠다드 레인지,FWD,실버,6,6,19383,1744,14,66,88.5
2025-07,northeast,AUR,2025,AUR-RA,스탠다드 레인지,FWD,오션 블루,5,5,14910,1341,11,66,88.5
2025-07,northeast,AUR,2025,AUR-RA,스탠다드 레인지,FWD,선셋 레드,4,4,11928,1073,9,66,88.5
2025-07,northeast,AUR,2025,AUR-RA,스탠다드 레인지,FWD,포레스트 그린,2,2,7455,671,5,54,88.5
2025-07,northeast,AUR,2025,AUR-RA,스탠다드 레인지,FWD,샌드 베이지,2,2,7455,671,5,54,88.5
2025-07,northeast,AUR,2025,AUR-RA,롱레인지,AWD,스노우 화이트,56,54,168195,15133,121,66,88.5
2025-07,northeast,AUR,2025,AUR-RA,롱레인지,AWD,미드나잇 블랙,44,43,133154,11980,96,66,88.5
2025-07,northeast,AUR,2025,AUR-RA,롱레인지,AWD,스틸 그레이,37,36,112130,10089,81,66,88.5
2025-07,northeast,AUR,2025,AUR-RA,롱레인지,AWD,실버,30,29,91106,8197,65,66,88.5
2025-07,northeast,AUR,2025,AUR-RA,롱레인지,AWD,오션 블루,23,22,70081,6305,50,66,88.5
2025-07,northeast,AUR,2025,AUR-RA,롱레인지,AWD,선셋 레드,19,18,56065,5044,40,66,88.5
2025-07,northeast,AUR,2025,AUR-RA,롱레인지,AWD,포레스트 그린,12,11,35041,3153,25,66,88.5
2025-07,northeast,AUR,2025,AUR-RA,롱레인지,AWD,샌드 베이지,12,11,35041,3153,25,66,88.5
2025-07,northeast,AUR,2025,AUR-RA,롱레인지,FWD,스노우 화이트,22,22,67043,6032,48,66,88.5
2025-07,northeast,AUR,2025,AUR-RA,롱레인지,FWD,미드나잇 블랙,18,17,53076,4775,38,66,88.5
2025-07,northeast,AUR,2025,AUR-RA,롱레인지,FWD,스틸 그레이,15,14,44695,4021,32,66,88.5
2025-07,northeast,AUR,2025,AUR-RA,롱레인지,FWD,실버,12,12,36315,3267,26,66,88.5
2025-07,northeast,AUR,2025,AUR-RA,롱레인지,FWD,오션 블루,9,9,27934,2513,20,66,88.5
2025-07,northeast,AUR,2025,AUR-RA,롱레인지,FWD,선셋 레드,7,7,22348,2011,16,66,88.5
2025-07,northeast,AUR,2025,AUR-RA,롱레인지,FWD,포레스트 그린,5,4,13967,1257,10,66,88.5
2025-07,northeast,AUR,2025,AUR-RA,롱레인지,FWD,샌드 베이지,5,4,13967,1257,10,66,88.5
2025-07,northeast,AUR,2025,AUR-MA,스탠다드 레인지,AWD,스노우 화이트,12,12,41867,8446,26,66,88.5
2025-07,northeast,AUR,2025,AUR-MA,스탠다드 레인지,AWD,미드나잇 블랙,10,9,33145,6686,21,66,88.5
2025-07,northeast,AUR,2025,AUR-MA,스탠다드 레인지,AWD,스틸 그레이,8,8,27911,5631,18,66,88.5
2025-07,northeast,AUR,2025,AUR-MA,스탠다드 레인지,AWD,실버,7,6,22678,4575,14,66,88.5
2025-07,northeast,AUR,2025,AUR-MA,스탠다드 레인지,AWD,오션 블루,5,5,17444,3519,11,66,88.5
2025-07,northeast,AUR,2025,AUR-MA,스탠다드 레인지,AWD,선셋 레드,4,4,13956,2815,9,66,88.5
2025-07,northeast,AUR,2025,AUR-MA,스탠다드 레인지,AWD,포레스트 그린,3,2,8722,1760,5,55,88.5
2025-07,northeast,AUR,2025,AUR-MA,스탠다드 레인지,AWD,샌드 베이지,3,2,8722,1760,5,55,88.5
2025-07,northeast,AUR,2025,AUR-MA,스탠다드 레인지,FWD,스노우 화이트,5,5,16688,3366,11,66,88.5
2025-07,northeast,AUR,2025,AUR-MA,스탠다드 레인지,FWD,미드나잇 블랙,4,4,13211,2665,8,66,88.5
2025-07,northeast,AUR,2025,AUR-MA,스탠다드 레인지,FWD,스틸 그레이,3,3,11125,2244,7,66,88.5
2025-07,northeast,AUR,2025,AUR-MA,스탠다드 레인지,FWD,실버,3,3,9039,1824,6,57,88.5
2025-07,northeast,AUR,2025,AUR-MA,스탠다드 레인지,FWD,오션 블루,2,2,6953,1403,4,44,88.5
2025-07,northeast,AUR,2025,AUR-MA,스탠다드 레인지,FWD,선셋 레드,2,2,5563,1122,4,35,88.5
2025-07,northeast,AUR,2025,AUR-MA,스탠다드 레인지,FWD,포레스트 그린,1,1,3477,701,2,22,88.5
2025-07,northeast,AUR,2025,AUR-MA,스탠다드 레인지,FWD,샌드 베이지,1,1,3477,701,2,22,88.5
2025-07,northeast,AUR,2025,AUR-MA,롱레인지,AWD,스노우 화이트,23,22,78440,15824,49,66,88.5
2025-07,northeast,AUR,2025,AUR-MA,롱레인지,AWD,미드나잇 블랙,18,17,62098,12527,39,66,88.5
2025-07,northeast,AUR,2025,AUR-MA,롱레인지,AWD,스틸 그레이,15,15,52293,10549,33,66,88.5
2025-07,northeast,AUR,2025,AUR-MA,롱레인지,AWD,실버,12,12,42488,8571,27,66,88.5
2025-07,northeast,AUR,2025,AUR-MA,롱레인지,AWD,오션 블루,10,9,32683,6593,21,66,88.5
2025-07,northeast,AUR,2025,AUR-MA,롱레인지,AWD,선셋 레드,8,7,26147,5275,16,66,88.5
2025-07,northeast,AUR,2025,AUR-MA,롱레인지,AWD,포레스트 그린,5,5,16342,3297,10,66,88.5
2025-07,northeast,AUR,2025,AUR-MA,롱레인지,AWD,샌드 베이지,5,5,16342,3297,10,66,88.5
2025-07,northeast,AUR,2025,AUR-MA,롱레인지,FWD,스노우 화이트,9,9,31266,6307,20,66,88.5
2025-07,northeast,AUR,2025,AUR-MA,롱레인지,FWD,미드나잇 블랙,7,7,24752,4993,16,66,88.5
2025-07,northeast,AUR,2025,AUR-MA,롱레인지,FWD,스틸 그레이,6,6,20844,4205,13,66,88.5
2025-07,northeast,AUR,2025,AUR-MA,롱레인지,FWD,실버,5,5,16936,3416,11,66,88.5
2025-07,northeast,AUR,2025,AUR-MA,롱레인지,FWD,오션 블루,4,4,13028,2628,8,66,88.5
2025-07,northeast,AUR,2025,AUR-MA,롱레인지,FWD,선셋 레드,3,3,10422,2102,7,66,88.5
2025-07,northeast,AUR,2025,AUR-MA,롱레인지,FWD,포레스트 그린,2,2,6514,1314,4,41,88.5
2025-07,northeast,AUR,2025,AUR-MA,롱레인지,FWD,샌드 베이지,2,2,6514,1314,4,41,88.5
2025-07,southeast,AUR,2025,AUR-AI,스탠다드 레인지,AWD,스노우 화이트,13,13,36579,396,29,66,88.5
2025-07,southeast,AUR,2025,AUR-AI,스탠다드 레인지,AWD,미드나잇 블랙,10,10,28958,314,23,66,88.5
2025-07,southeast,AUR,2025,AUR-AI,스탠다드 레인지,AWD,스틸 그레이,9,9,24386,264,19,66,88.5
2025-07,southeast,AUR,2025,AUR-AI,스탠다드 레인지,AWD,실버,7,7,19813,215,15,66,88.5
2025-07,southeast,AUR,2025,AUR-AI,스탠다드 레인지,AWD,오션 블루,5,5,15241,165,12,66,88.5
2025-07,southeast,AUR,2025,AUR-AI,스탠다드 레인지,AWD,선셋 레드,4,4,12193,132,10,66,88.5
2025-07,southeast,AUR,2025,AUR-AI,스탠다드 레인지,AWD,포레스트 그린,3,3,7621,83,6,59,88.5
2025-07,southeast,AUR,2025,AUR-AI,스탠다드 레인지,AWD,샌드 베이지,3,3,7621,83,6,59,88.5
2025-07,southeast,AUR,2025,AUR-AI,스탠다드 레인지,FWD,스노우 화이트,15,15,41665,452,33,66,88.5
2025-07,southeast,AUR,2025,AUR-AI,스탠다드 레인지,FWD,미드나잇 블랙,12,12,32984,358,26,66,88.5
2025-07,southeast,AUR,2025,AUR-AI,스탠다드 레인지,FWD,스틸 그레이,10,10,27776,301,22,66,88.5
2025-07,southeast,AUR,2025,AUR-AI,스탠다드 레인지,FWD,실버,8,8,22568,245,18,66,88.5
2025-07,southeast,AUR,2025,AUR-AI,스탠다드 레인지,FWD,오션 블루,6,6,17360,188,14,66,88.5
2025-07,southeast,AUR,2025,AUR-AI,스탠다드 레인지,FWD,선셋 레드,5,5,13888,151,11,66,88.5
2025-07,southeast,AUR,2025,AUR-AI,스탠다드 레인지,FWD,포레스트 그린,3,3,8680,94,7,66,88.5
2025-07,southeast,AUR,2025,AUR-AI,스탠다드 레인지,FWD,샌드 베이지,3,3,8680,94,7,66,88.5
2025-07,southeast,AUR,2025,AUR-AI,롱레인지,AWD,스노우 화이트,25,24,68533,743,53,66,88.5
2025-07,southeast,AUR,2025,AUR-AI,롱레인지,AWD,미드나잇 블랙,20,19,54255,588,42,66,88.5
2025-07,southeast,AUR,2025,AUR-AI,롱레인지,AWD,스틸 그레이,16,16,45688,495,36,66,88.5
2025-07,southeast,AUR,2025,AUR-AI,롱레인지,AWD,실버,13,13,37122,402,29,66,88.5
2025-07,southeast,AUR,2025,AUR-AI,롱레인지,AWD,오션 블루,10,10,28555,310,22,66,88.5
2025-07,southeast,AUR,2025,AUR-AI,롱레인지,AWD,선셋 레드,8,8,22844,248,18,66,88.5
2025-07,southeast,AUR,2025,AUR-AI,롱레인지,AWD,포레스트 그린,5,5,14278,155,11,66,88.5
2025-07,southeast,AUR,2025,AUR-AI,롱레인지,AWD,샌드 베이지,5,5,14278,155,11,66,88.5
2025-07,southeast,AUR,2025,AUR-AI,롱레인지,FWD,스노우 화이트,28,27,78061,846,61,66,88.5
2025-07,southeast,AUR,2025,AUR-AI,롱레인지,FWD,미드나잇 블랙,22,22,61798,670,48,66,88.5
2025-07,southeast,AUR,2025,AUR-AI,롱레인지,FWD,스틸 그레이,19,18,52041,564,41,66,88.5
2025-07,southeast,AUR,2025,AUR-AI,롱레인지,FWD,실버,15,15,42283,458,33,66,88.5
2025-07,southeast,AUR,2025,AUR-AI,롱레인지,FWD,오션 블루,12,11,32526,353,25,66,88.5
2025-07,southeast,AUR,2025,AUR-AI,롱레인지,FWD,선셋 레드,9,9,26020,282,20,66,88.5
2025-07,southeast,AUR,2025,AUR-AI,롱레인지,FWD,포레스트 그린,6,6,16263,176,13,66,88.5
2025-07,southeast,AUR,2025,AUR-AI,롱레인지,FWD,샌드 베이지,6,6,16263,176,13,66,88.5
2025-07,southeast,AUR,2025,AUR-RA,스탠다드 레인지,AWD,스노우 화이트,15,15,46037,4142,33,66,88.5
2025-07,southeast,AUR,2025,AUR-RA,스탠다드 레인지,AWD,미드나잇 블랙,12,12,36446,3279,26,66,88.5
2025-07,southeast,AUR,2025,AUR-RA,스탠다드 레인지,AWD,스틸 그레이,10,10,30692,2761,22,66,88.5
2025-07,southeast,AUR,2025,AUR-RA,스탠다드 레인지,AWD,실버,8,8,24937,2244,18,66,88.5
2025-07,southeast,AUR,2025,AUR-RA,스탠다드 레인지,AWD,오션 블루,6,6,19182,1726,14,66,88.5
2025-07,southeast,AUR,2025,AUR-RA,스탠다드 레인지,AWD,선셋 레드,5,5,15346,1381,11,66,88.5
2025-07,southeast,AUR,2025,AUR-RA,스탠다드 레인지,AWD,포레스트 그린,3,3,9591,863,7,66,88.5
2025-07,southeast,AUR,2025,AUR-RA,스탠다드 레인지,AWD,샌드 베이지,3,3,9591,863,7,66,88.5
2025-07,southeast,AUR,2025,AUR-RA,스탠다드 레인지,FWD,스노우 화이트,17,17,52438,4718,38,66,88.5
2025-07,southeast,AUR,2025,AUR-RA,스탠다드 레인지,FWD,미드나잇 블랙,14,13,41514,3735,30,66,88.5
2025-07,southeast,AUR,2025,AUR-RA,스탠다드 레인지,FWD,스틸 그레이,12,11,34959,3145,25,66,88.5
2025-07,southeast,AUR,2025,AUR-RA,스탠다드 레인지,FWD,실버,9,9,28404,2556,20,66,88.5
2025-07,southeast,AUR,2025,AUR-RA,스탠다드 레인지,FWD,오션 블루,7,7,21849,1966,16,66,88.5
2025-07,southeast,AUR,2025,AUR-RA,스탠다드 레인지,FWD,선셋 레드,6,6,17479,1573,13,66,88.5
2025-07,southeast,AUR,2025,AUR-RA,스탠다드 레인지,FWD,포레스트 그린,4,4,10925,983,8,66,88.5
2025-07,southeast,AUR,2025,AUR-RA,스탠다드 레인지,FWD,샌드 베이지,4,4,10925,983,8,66,88.5
2025-07,southeast,AUR,2025,AUR-RA,롱레인지,AWD,스노우 화이트,29,28,86254,7760,62,66,88.5
2025-07,southeast,AUR,2025,AUR-RA,롱레인지,AWD,미드나잇 블랙,23,22,68284,6144,49,66,88.5
2025-07,southeast,AUR,2025,AUR-RA,롱레인지,AWD,스틸 그레이,19,18,57503,5174,41,66,88.5
2025-07,southeast,AUR,2025,AUR-RA,롱레인지,AWD,실버,15,15,46721,4204,34,66,88.5
2025-07,southeast,AUR,2025,AUR-RA,롱레인지,AWD,오션 블루,12,12,35939,3234,26,66,88.5
2025-07,southeast,AUR,2025,AUR-RA,롱레인지,AWD,선셋 레드,10,9,28751,2587,21,66,88.5
2025-07,southeast,AUR,2025,AUR-RA,롱레인지,AWD,포레스트 그린,6,6,17970,1617,13,66,88.5
2025-07,southeast,AUR,2025,AUR-RA,롱레인지,AWD,샌드 베이지,6,6,17970,1617,13,66,88.5
2025-07,southeast,AUR,2025,AUR-RA,롱레인지,FWD,스노우 화이트,33,32,98246,8839,71,66,88.5
2025-07,southeast,AUR,2025,AUR-RA,롱레인지,FWD,미드나잇 블랙,26,25,77778,6998,56,66,88.5
2025-07,southeast,AUR,2025,AUR-RA,롱레인지,FWD,스틸 그레이,22,21,65498,5893,47,66,88.5
2025-07,southeast,AUR,2025,AUR-RA,롱레인지,FWD,실버,18,17,53217,4788,38,66,88.5
2025-07,southeast,AUR,2025,AUR-RA,롱레인지,FWD,오션 블루,14,13,40936,3683,29,66,88.5
2025-07,southeast,AUR,2025,AUR-RA,롱레인지,FWD,선셋 레드,11,11,32749,2946,24,66,88.5
2025-07,southeast,AUR,2025,AUR-RA,롱레인지,FWD,포레스트 그린,7,7,20468,1842,15,66,88.5
2025-07,southeast,AUR,2025,AUR-RA,롱레인지,FWD,샌드 베이지,7,7,20468,1842,15,66,88.5
2025-07,southeast,AUR,2025,AUR-MA,스탠다드 레인지,AWD,스노우 화이트,6,6,21470,4331,14,66,88.5
2025-07,southeast,AUR,2025,AUR-MA,스탠다드 레인지,AWD,미드나잇 블랙,5,5,16997,3429,11,66,88.5
2025-07,southeast,AUR,2025,AUR-MA,스탠다드 레인지,AWD,스틸 그레이,4,4,14313,2887,9,66,88.5
2025-07,southeast,AUR,2025,AUR-MA,스탠다드 레인지,AWD,실버,3,3,11630,2346,7,66,88.5
2025-07,southeast,AUR,2025,AUR-MA,스탠다드 레인지,AWD,오션 블루,3,3,8946,1805,6,56,88.5
2025-07,southeast,AUR,2025,AUR-MA,스탠다드 레인지,AWD,선셋 레드,2,2,7157,1444,5,45,88.5
2025-07,southeast,AUR,2025,AUR-MA,스탠다드 레인지,AWD,포레스트 그린,1,1,4473,902,3,28,88.5
2025-07,southeast,AUR,2025,AUR-MA,스탠다드 레인지,AWD,샌드 베이지,1,1,4473,902,3,28,88.5
2025-07,southeast,AUR,2025,AUR-MA,스탠다드 레인지,FWD,스노우 화이트,7,7,24455,4933,15,66,88.5
2025-07,southeast,AUR,2025,AUR-MA,스탠다드 레인지,FWD,미드나잇 블랙,6,5,19360,3906,12,66,88.5
2025-07,southeast,AUR,2025,AUR-MA,스탠다드 레인지,FWD,스틸 그레이,5,5,16304,3289,10,66,88.5
2025-07,southeast,AUR,2025,AUR-MA,스탠다드 레인지,FWD,실버,4,4,13247,2672,8,66,88.5
2025-07,southeast,AUR,2025,AUR-MA,스탠다드 레인지,FWD,오션 블루,3,3,10190,2056,6,64,88.5
2025-07,southeast,AUR,2025,AUR-MA,스탠다드 레인지,FWD,선셋 레드,2,2,8152,1644,5,51,88.5
2025-07,southeast,AUR,2025,AUR-MA,스탠다드 레인지,FWD,포레스트 그린,1,1,5095,1028,3,32,88.5
2025-07,southeast,AUR,2025,AUR-MA,스탠다드 레인지,FWD,샌드 베이지,1,1,5095,1028,3,32,88.5
2025-07,southeast,AUR,2025,AUR-MA,롱레인지,AWD,스노우 화이트,12,11,40226,8115,25,66,88.5
2025-07,southeast,AUR,2025,AUR-MA,롱레인지,AWD,미드나잇 블랙,9,9,31845,6424,20,66,88.5
2025-07,southeast,AUR,2025,AUR-MA,롱레인지,AWD,스틸 그레이,8,8,26817,5410,17,66,88.5
2025-07,southeast,AUR,2025,AUR-MA,롱레인지,AWD,실버,6,6,21789,4395,14,66,88.5
2025-07,southeast,AUR,2025,AUR-MA,롱레인지,AWD,오션 블루,5,5,16761,3381,11,66,88.5
2025-07,southeast,AUR,2025,AUR-MA,롱레인지,AWD,선셋 레드,4,4,13409,2705,8,66,88.5
2025-07,southeast,AUR,2025,AUR-MA,롱레인지,AWD,포레스트 그린,2,2,8380,1691,5,53,88.5
2025-07,southeast,AUR,2025,AUR-MA,롱레인지,AWD,샌드 베이지,2,2,8380,1691,5,53,88.5
2025-07,southeast,AUR,2025,AUR-MA,롱레인지,FWD,스노우 화이트,13,13,45819,9243,29,66,88.5
2025-07,southeast,AUR,2025,AUR-MA,롱레인지,FWD,미드나잇 블랙,11,10,36273,7317,23,66,88.5
2025-07,southeast,AUR,2025,AUR-MA,롱레인지,FWD,스틸 그레이,9,9,30546,6162,19,66,88.5
2025-07,southeast,AUR,2025,AUR-MA,롱레인지,FWD,실버,7,7,24818,5007,16,66,88.5
2025-07,southeast,AUR,2025,AUR-MA,롱레인지,FWD,오션 블루,6,5,19091,3851,12,66,88.5
2025-07,southeast,AUR,2025,AUR-MA,롱레인지,FWD,선셋 레드,4,4,15273,3081,10,66,88.5
2025-07,southeast,AUR,2025,AUR-MA,롱레인지,FWD,포레스트 그린,3,3,9546,1926,6,60,88.5
2025-07,southeast,AUR,2025,AUR-MA,롱레인지,FWD,샌드 베이지,3,3,9546,1926,6,60,88.5
2025-07,west,MRD,2025,MRD-CO,2.0 가솔린,AWD,스노우 화이트,27,27,65227,-8130,54,62,88.5
2025-07,west,MRD,2025,MRD-CO,2.0 가솔린,AWD,미드나잇 블랙,21,21,51638,-6436,43,62,88.5
2025-07,west,MRD,2025,MRD-CO,2.0 가솔린,AWD,스틸 그레이,18,18,43484,-5420,36,62,88.5
2025-07,west,MRD,2025,MRD-CO,2.0 가솔린,AWD,실버,14,15,35331,-4404,29,62,88.5
2025-07,west,MRD,2025,MRD-CO,2.0 가솔린,AWD,오션 블루,11,11,27178,-3387,23,62,88.5
2025-07,west,MRD,2025,MRD-CO,2.0 가솔린,AWD,선셋 레드,9,9,21742,-2710,18,62,88.5
2025-07,west,MRD,2025,MRD-CO,2.0 가솔린,AWD,포레스트 그린,6,6,13589,-1694,11,62,88.5
2025-07,west,MRD,2025,MRD-CO,2.0 가솔린,AWD,샌드 베이지,6,6,13589,-1694,11,62,88.5
2025-07,west,MRD,2025,MRD-CO,2.0 가솔린,FWD,스노우 화이트,107,109,260907,-32519,218,62,88.5
2025-07,west,MRD,2025,MRD-CO,2.0 가솔린,FWD,미드나잇 블랙,85,86,206551,-25744,172,62,88.5
2025-07,west,MRD,2025,MRD-CO,2.0 가솔린,FWD,스틸 그레이,71,72,173938,-21679,145,62,88.5
2025-07,west,MRD,2025,MRD-CO,2.0 가솔린,FWD,실버,58,59,141324,-17615,118,62,88.5
2025-07,west,MRD,2025,MRD-CO,2.0 가솔린,FWD,오션 블루,45,45,108711,-13550,91,62,88.5
2025-07,west,MRD,2025,MRD-CO,2.0 가솔린,FWD,선셋 레드,36,36,86969,-10840,73,62,88.5
2025-07,west,MRD,2025,MRD-CO,2.0 가솔린,FWD,포레스트 그린,22,23,54356,-6775,45,62,88.5
2025-07,west,MRD,2025,MRD-CO,2.0 가솔린,FWD,샌드 베이지,22,23,54356,-6775,45,62,88.5
2025-07,west,MRD,2025,MRD-CO,1.6T 하이브리드,AWD,스노우 화이트,21,22,52087,-6492,43,62,88.5
2025-07,west,MRD,2025,MRD-CO,1.6T 하이브리드,AWD,미드나잇 블랙,17,17,41236,-5140,34,62,88.5
2025-07,west,MRD,2025,MRD-CO,1.6T 하이브리드,AWD,스틸 그레이,14,14,34725,-4328,29,62,88.5
2025-07,west,MRD,2025,MRD-CO,1.6T 하이브리드,AWD,실버,12,12,28214,-3517,24,62,88.5
2025-07,west,MRD,2025,MRD-CO,1.6T 하이브리드,AWD,오션 블루,9,9,21703,-2705,18,62,88.5
2025-07,west,MRD,2025,MRD-CO,1.6T 하이브리드,AWD,선셋 레드,7,7,17362,-2164,14,62,88.5
2025-07,west,MRD,2025,MRD-CO,1.6T 하이브리드,AWD,포레스트 그린,4,5,10852,-1353,9,62,88.5
2025-07,west,MRD,2025,MRD-CO,1.6T 하이브리드,AWD,샌드 베이지,4,5,10852,-1353,9,62,88.5
2025-07,west,MRD,2025,MRD-CO,1.6T 하이브리드,FWD,스노우 화이트,85,87,208350,-25968,174,62,88.5
2025-07,west,MRD,2025,MRD-CO,1.6T 하이브리드,FWD,미드나잇 블랙,68,69,164944,-20558,138,62,88.5
2025-07,west,MRD,2025,MRD-CO,1.6T 하이브리드,FWD,스틸 그레이,57,58,138900,-17312,116,62,88.5
2025-07,west,MRD,2025,MRD-CO,1.6T 하이브리드,FWD,실버,46,47,112856,-14066,94,62,88.5
2025-07,west,MRD,2025,MRD-CO,1.6T 하이브리드,FWD,오션 블루,36,36,86812,-10820,72,62,88.5
2025-07,west,MRD,2025,MRD-CO,1.6T 하이브리드,FWD,선셋 레드,28,29,69450,-8656,58,62,88.5
2025-07,west,MRD,2025,MRD-CO,1.6T 하이브리드,FWD,포레스트 그린,18,18,43406,-5410,36,62,88.5
2025-07,west,MRD,2025,MRD-CO,1.6T 하이브리드,FWD,샌드 베이지,18,18,43406,-5410,36,62,88.5
2025-07,west,MRD,2025,MRD-PR,2.0 가솔린,AWD,스노우 화이트,31,31,82093,-2846,63,62,88.5
2025-07,west,MRD,2025,MRD-PR,2.0 가솔린,AWD,미드나잇 블랙,24,25,64990,-2253,50,62,88.5
2025-07,west,MRD,2025,MRD-PR,2.0 가솔린,AWD,스틸 그레이,21,21,54729,-1897,42,62,88.5
2025-07,west,MRD,2025,MRD-PR,2.0 가솔린,AWD,실버,17,17,44467,-1542,34,62,88.5
2025-07,west,MRD,2025,MRD-PR,2.0 가솔린,AWD,오션 블루,13,13,34205,-1186,26,62,88.5
2025-07,west,MRD,2025,MRD-PR,2.0 가솔린,AWD,선셋 레드,10,10,27364,-949,21,62,88.5
2025-07,west,MRD,2025,MRD-PR,2.0 가솔린,AWD,포레스트 그린,6,7,17103,-593,13,62,88.5
2025-07,west,MRD,2025,MRD-PR,2.0 가솔린,AWD,샌드 베이지,6,7,17103,-593,13,62,88.5
2025-07,west,MRD,2025,MRD-PR,2.0 가솔린,FWD,스노우 화이트,124,126,328372,-11384,252,62,88.5
2025-07,west,MRD,2025,MRD-PR,2.0 가솔린,FWD,미드나잇 블랙,98,99,259961,-9012,200,62,88.5
2025-07,west,MRD,2025,MRD-PR,2.0 가솔린,FWD,스틸 그레이,82,84,218915,-7589,168,62,88.5
2025-07,west,MRD,2025,MRD-PR,2.0 가솔린,FWD,실버,67,68,177868,-6166,137,62,88.5
2025-07,west,MRD,2025,MRD-PR,2.0 가솔린,FWD,오션 블루,52,52,136822,-4743,105,62,88.5
2025-07,west,MRD,2025,MRD-PR,2.0 가솔린,FWD,선셋 레드,41,42,109457,-3795,84,62,88.5
2025-07,west,MRD,2025,MRD-PR,2.0 가솔린,FWD,포레스트 그린,26,26,68411,-2372,53,62,88.5
2025-07,west,MRD,2025,MRD-PR,2.0 가솔린,FWD,샌드 베이지,26,26,68411,-2372,53,62,88.5
2025-07,west,MRD,2025,MRD-PR,1.6T 하이브리드,AWD,스노우 화이트,25,25,65556,-2273,50,62,88.5
2025-07,west,MRD,2025,MRD-PR,1.6T 하이브리드,AWD,미드나잇 블랙,20,20,51899,-1799,40,62,88.5
2025-07,west,MRD,2025,MRD-PR,1.6T 하이브리드,AWD,스틸 그레이,16,17,43704,-1515,34,62,88.5
2025-07,west,MRD,2025,MRD-PR,1.6T 하이브리드,AWD,실버,13,14,35510,-1231,27,62,88.5
2025-07,west,MRD,2025,MRD-PR,1.6T 하이브리드,AWD,오션 블루,10,10,27315,-947,21,62,88.5
2025-07,west,MRD,2025,MRD-PR,1.6T 하이브리드,AWD,선셋 레드,8,8,21852,-758,17,62,88.5
2025-07,west,MRD,2025,MRD-PR,1.6T 하이브리드,AWD,포레스트 그린,5,5,13658,-473,10,62,88.5
2025-07,west,MRD,2025,MRD-PR,1.6T 하이브리드,AWD,샌드 베이지,5,5,13658,-473,10,62,88.5
2025-07,west,MRD,2025,MRD-PR,1.6T 하이브리드,FWD,스노우 화이트,99,100,262225,-9091,201,62,88.5
2025-07,west,MRD,2025,MRD-PR,1.6T 하이브리드,FWD,미드나잇 블랙,78,79,207595,-7197,159,62,88.5
2025-07,west,MRD,2025,MRD-PR,1.6T 하이브리드,FWD,스틸 그레이,66,67,174817,-6060,134,62,88.5
2025-07,west,MRD,2025,MRD-PR,1.6T 하이브리드,FWD,실버,54,54,142039,-4924,109,62,88.5
2025-07,west,MRD,2025,MRD-PR,1.6T 하이브리드,FWD,오션 블루,41,42,109261,-3788,84,62,88.5
2025-07,west,MRD,2025,MRD-PR,1.6T 하이브리드,FWD,선셋 레드,33,33,87408,-3030,67,62,88.5
2025-07,west,MRD,2025,MRD-PR,1.6T 하이브리드,FWD,포레스트 그린,21,21,54630,-1894,42,62,88.5
2025-07,west,MRD,2025,MRD-PR,1.6T 하이브리드,FWD,샌드 베이지,21,21,54630,-1894,42,62,88.5
2025-07,west,MRD,2025,MRD-SP,2.0 가솔린,AWD,스노우 화이트,13,13,38285,3537,26,62,88.5
2025-07,west,MRD,2025,MRD-SP,2.0 가솔린,AWD,미드나잇 블랙,10,10,30309,2800,20,62,88.5
2025-07,west,MRD,2025,MRD-SP,2.0 가솔린,AWD,스틸 그레이,8,9,25523,2358,17,62,88.5
2025-07,west,MRD,2025,MRD-SP,2.0 가솔린,AWD,실버,7,7,20738,1916,14,62,88.5
2025-07,west,MRD,2025,MRD-SP,2.0 가솔린,AWD,오션 블루,5,5,15952,1474,11,62,88.5
2025-07,west,MRD,2025,MRD-SP,2.0 가솔린,AWD,선셋 레드,4,4,12762,1179,9,62,88.5
2025-07,west,MRD,2025,MRD-SP,2.0 가솔린,AWD,포레스트 그린,3,3,7976,737,5,54,88.5
2025-07,west,MRD,2025,MRD-SP,2.0 가솔린,AWD,샌드 베이지,3,3,7976,737,5,54,88.5
2025-07,west,MRD,2025,MRD-SP,2.0 가솔린,FWD,스노우 화이트,51,51,153141,14150,103,62,88.5
2025-07,west,MRD,2025,MRD-SP,2.0 가솔린,FWD,미드나잇 블랙,40,41,121237,11202,82,62,88.5
2025-07,west,MRD,2025,MRD-SP,2.0 가솔린,FWD,스틸 그레이,34,34,102094,9433,69,62,88.5
2025-07,west,MRD,2025,MRD-SP,2.0 가솔린,FWD,실버,27,28,82951,7664,56,62,88.5
2025-07,west,MRD,2025,MRD-SP,2.0 가솔린,FWD,오션 블루,21,21,63809,5896,43,62,88.5
2025-07,west,MRD,2025,MRD-SP,2.0 가솔린,FWD,선셋 레드,17,17,51047,4717,34,62,88.5
2025-07,west,MRD,2025,MRD-SP,2.0 가솔린,FWD,포레스트 그린,11,11,31904,2948,21,62,88.5
2025-07,west,MRD,2025,MRD-SP,2.0 가솔린,FWD,샌드 베이지,11,11,31904,2948,21,62,88.5
2025-07,west,MRD,2025,MRD-SP,1.6T 하이브리드,AWD,스노우 화이트,10,10,30573,2825,21,62,88.5
2025-07,west,MRD,2025,MRD-SP,1.6T 하이브리드,AWD,미드나잇 블랙,8,8,24204,2236,16,62,88.5
2025-07,west,MRD,2025,MRD-SP,1.6T 하이브리드,AWD,스틸 그레이,7,7,20382,1883,14,62,88.5
2025-07,west,MRD,2025,MRD-SP,1.6T 하이브리드,AWD,실버,5,6,16560,1530,11,62,88.5
2025-07,west,MRD,2025,MRD-SP,1.6T 하이브리드,AWD,오션 블루,4,4,12739,1177,9,62,88.5
2025-07,west,MRD,2025,MRD-SP,1.6T 하이브리드,AWD,선셋 레드,3,3,10191,942,7,62,88.5
2025-07,west,MRD,2025,MRD-SP,1.6T 하이브리드,AWD,포레스트 그린,2,2,6369,589,4,43,88.5
2025-07,west,MRD,2025,MRD-SP,1.6T 하이브리드,AWD,샌드 베이지,2,2,6369,589,4,43,88.5
2025-07,west,MRD,2025,MRD-SP,1.6T 하이브리드,FWD,스노우 화이트,40,41,122292,11299,82,62,88.5
2025-07,west,MRD,2025,MRD-SP,1.6T 하이브리드,FWD,미드나잇 블랙,32,32,96815,8945,65,62,88.5
2025-07,west,MRD,2025,MRD-SP,1.6T 하이브리드,FWD,스틸 그레이,27,27,81528,7533,55,62,88.5
2025-07,west,MRD,2025,MRD-SP,1.6T 하이브리드,FWD,실버,22,22,66242,6121,45,62,88.5
2025-07,west,MRD,2025,MRD-SP,1.6T 하이브리드,FWD,오션 블루,17,17,50955,4708,34,62,88.5
2025-07,west,MRD,2025,MRD-SP,1.6T 하이브리드,FWD,선셋 레드,13,14,40764,3766,27,62,88.5
2025-07,west,MRD,2025,MRD-SP,1.6T 하이브리드,FWD,포레스트 그린,8,9,25478,2354,17,62,88.5
2025-07,west,MRD,2025,MRD-SP,1.6T 하이브리드,FWD,샌드 베이지,8,9,25478,2354,17,62,88.5
2025-07,central,MRD,2025,MRD-CO,2.0 가솔린,AWD,스노우 화이트,20,20,49045,-6113,41,62,88.5
2025-07,central,MRD,2025,MRD-CO,2.0 가솔린,AWD,미드나잇 블랙,16,16,38828,-4839,32,62,88.5
2025-07,central,MRD,2025,MRD-CO,2.0 가솔린,AWD,스틸 그레이,13,14,32697,-4075,27,62,88.5
2025-07,central,MRD,2025,MRD-CO,2.0 가솔린,AWD,실버,11,11,26566,-3311,22,62,88.5
2025-07,central,MRD,2025,MRD-CO,2.0 가솔린,AWD,오션 블루,8,8,20436,-2547,17,62,88.5
2025-07,central,MRD,2025,MRD-CO,2.0 가솔린,AWD,선셋 레드,7,7,16348,-2038,14,62,88.5
2025-07,central,MRD,2025,MRD-CO,2.0 가솔린,AWD,포레스트 그린,4,4,10218,-1274,9,62,88.5
2025-07,central,MRD,2025,MRD-CO,2.0 가솔린,AWD,샌드 베이지,4,4,10218,-1274,9,62,88.5
2025-07,central,MRD,2025,MRD-CO,2.0 가솔린,FWD,스노우 화이트,67,68,164196,-20465,137,62,88.5
2025-07,central,MRD,2025,MRD-CO,2.0 가솔린,FWD,미드나잇 블랙,53,54,129988,-16202,108,62,88.5
2025-07,central,MRD,2025,MRD-CO,2.0 가솔린,FWD,스틸 그레이,45,46,109464,-13643,91,62,88.5
2025-07,central,MRD,2025,MRD-CO,2.0 가솔린,FWD,실버,36,37,88939,-11085,74,62,88.5
2025-07,central,MRD,2025,MRD-CO,2.0 가솔린,FWD,오션 블루,28,28,68415,-8527,57,62,88.5
2025-07,central,MRD,2025,MRD-CO,2.0 가솔린,FWD,선셋 레드,22,23,54732,-6822,46,62,88.5
2025-07,central,MRD,2025,MRD-CO,2.0 가솔린,FWD,포레스트 그린,14,14,34207,-4264,29,62,88.5
2025-07,central,MRD,2025,MRD-CO,2.0 가솔린,FWD,샌드 베이지,14,14,34207,-4264,29,62,88.5
2025-07,central,MRD,2025,MRD-CO,1.6T 하이브리드,AWD,스노우 화이트,16,16,39166,-4882,33,62,88.5
2025-07,central,MRD,2025,MRD-CO,1.6T 하이브리드,AWD,미드나잇 블랙,13,13,31006,-3865,26,62,88.5
2025-07,central,MRD,2025,MRD-CO,1.6T 하이브리드,AWD,스틸 그레이,11,11,26111,-3254,22,62,88.5
2025-07,central,MRD,2025,MRD-CO,1.6T 하이브리드,AWD,실버,9,9,21215,-2644,18,62,88.5
2025-07,central,MRD,2025,MRD-CO,1.6T 하이브리드,AWD,오션 블루,7,7,16319,-2034,14,62,88.5
2025-07,central,MRD,2025,MRD-CO,1.6T 하이브리드,AWD,선셋 레드,5,5,13055,-1627,11,62,88.5
2025-07,central,MRD,2025,MRD-CO,1.6T 하이브리드,AWD,포레스트 그린,3,3,8160,-1017,7,62,88.5
2025-07,central,MRD,2025,MRD-CO,1.6T 하이브리드,AWD,샌드 베이지,3,3,8160,-1017,7,62,88.5
2025-07,central,MRD,2025,MRD-CO,1.6T 하이브리드,FWD,스노우 화이트,54,55,131120,-16343,109,62,88.5
2025-07,central,MRD,2025,MRD-CO,1.6T 하이브리드,FWD,미드나잇 블랙,43,43,103804,-12938,87,62,88.5
2025-07,central,MRD,2025,MRD-CO,1.6T 하이브리드,FWD,스틸 그레이,36,36,87414,-10895,73,62,88.5
2025-07,central,MRD,2025,MRD-CO,1.6T 하이브리드,FWD,실버,29,30,71023,-8852,59,62,88.5
2025-07,central,MRD,2025,MRD-CO,1.6T 하이브리드,FWD,오션 블루,22,23,54633,-6809,46,62,88.5
2025-07,central,MRD,2025,MRD-CO,1.6T 하이브리드,FWD,선셋 레드,18,18,43707,-5448,36,62,88.5
2025-07,central,MRD,2025,MRD-CO,1.6T 하이브리드,FWD,포레스트 그린,11,11,27317,-3405,23,62,88.5
2025-07,central,MRD,2025,MRD-CO,1.6T 하이브리드,FWD,샌드 베이지,11,11,27317,-3405,23,62,88.5
2025-07,central,MRD,2025,MRD-PR,2.0 가솔린,AWD,스노우 화이트,23,24,61728,-2140,47,62,88.5
2025-07,central,MRD,2025,MRD-PR,2.0 가솔린,AWD,미드나잇 블랙,18,19,48868,-1694,38,62,88.5
2025-07,central,MRD,2025,MRD-PR,2.0 가솔린,AWD,스틸 그레이,16,16,41152,-1427,32,62,88.5
2025-07,central,MRD,2025,MRD-PR,2.0 가솔린,AWD,실버,13,13,33436,-1159,26,62,88.5
2025-07,central,MRD,2025,MRD-PR,2.0 가솔린,AWD,오션 블루,10,10,25720,-892,20,62,88.5
2025-07,central,MRD,2025,MRD-PR,2.0 가솔린,AWD,선셋 레드,8,8,20576,-713,16,62,88.5
2025-07,central,MRD,2025,MRD-PR,2.0 가솔린,AWD,포레스트 그린,5,5,12860,-446,10,62,88.5
2025-07,central,MRD,2025,MRD-PR,2.0 가솔린,AWD,샌드 베이지,5,5,12860,-446,10,62,88.5
2025-07,central,MRD,2025,MRD-PR,2.0 가솔린,FWD,스노우 화이트,78,79,206654,-7164,159,62,88.5
2025-07,central,MRD,2025,MRD-PR,2.0 가솔린,FWD,미드나잇 블랙,62,63,163601,-5672,126,62,88.5
2025-07,central,MRD,2025,MRD-PR,2.0 가솔린,FWD,스틸 그레이,52,53,137769,-4776,106,62,88.5
2025-07,central,MRD,2025,MRD-PR,2.0 가솔린,FWD,실버,42,43,111937,-3881,86,62,88.5
2025-07,central,MRD,2025,MRD-PR,2.0 가솔린,FWD,오션 블루,32,33,86106,-2985,66,62,88.5
2025-07,central,MRD,2025,MRD-PR,2.0 가솔린,FWD,선셋 레드,26,26,68885,-2388,53,62,88.5
2025-07,central,MRD,2025,MRD-PR,2.0 가솔린,FWD,포레스트 그린,16,16,43053,-1493,33,62,88.5
2025-07,central,MRD,2025,MRD-PR,2.0 가솔린,FWD,샌드 베이지,16,16,43053,-1493,33,62,88.5
2025-07,central,MRD,2025,MRD-PR,1.6T 하이브리드,AWD,스노우 화이트,19,19,49293,-1709,38,62,88.5
2025-07,central,MRD,2025,MRD-PR,1.6T 하이브리드,AWD,미드나잇 블랙,15,15,39024,-1353,30,62,88.5
2025-07,central,MRD,2025,MRD-PR,1.6T 하이브리드,AWD,스틸 그레이,12,13,32862,-1139,25,62,88.5
2025-07,central,MRD,2025,MRD-PR,1.6T 하이브리드,AWD,실버,10,10,26701,-926,20,62,88.5
2025-07,central,MRD,2025,MRD-PR,1.6T 하이브리드,AWD,오션 블루,8,8,20539,-712,16,62,88.5
2025-07,central,MRD,2025,MRD-PR,1.6T 하이브리드,AWD,선셋 레드,6,6,16431,-570,13,62,88.5
2025-07,central,MRD,2025,MRD-PR,1.6T 하이브리드,AWD,포레스트 그린,4,4,10269,-356,8,62,88.5
2025-07,central,MRD,2025,MRD-PR,1.6T 하이브리드,AWD,샌드 베이지,4,4,10269,-356,8,62,88.5
2025-07,central,MRD,2025,MRD-PR,1.6T 하이브리드,FWD,스노우 화이트,62,63,165025,-5721,127,62,88.5
2025-07,central,MRD,2025,MRD-PR,1.6T 하이브리드,FWD,미드나잇 블랙,49,50,130645,-4529,100,62,88.5
2025-07,central,MRD,2025,MRD-PR,1.6T 하이브리드,FWD,스틸 그레이,41,42,110017,-3814,84,62,88.5
2025-07,central,MRD,2025,MRD-PR,1.6T 하이브리드,FWD,실버,34,34,89389,-3099,69,62,88.5
2025-07,central,MRD,2025,MRD-PR,1.6T 하이브리드,FWD,오션 블루,26,26,68761,-2384,53,62,88.5
2025-07,central,MRD,2025,MRD-PR,1.6T 하이브리드,FWD,선셋 레드,21,21,55008,-1907,42,62,88.5
2025-07,central,MRD,2025,MRD-PR,1.6T 하이브리드,FWD,포레스트 그린,13,13,34380,-1192,26,62,88.5
2025-07,central,MRD,2025,MRD-PR,1.6T 하이브리드,FWD,샌드 베이지,13,13,34380,-1192,26,62,88.5
2025-07,central,MRD,2025,MRD-SP,2.0 가솔린,AWD,스노우 화이트,10,10,28788,2660,19,62,88.5
2025-07,central,MRD,2025,MRD-SP,2.0 가솔린,AWD,미드나잇 블랙,8,8,22790,2106,15,62,88.5
2025-07,central,MRD,2025,MRD-SP,2.0 가솔린,AWD,스틸 그레이,6,6,19192,1773,13,62,88.5
2025-07,central,MRD,2025,MRD-SP,2.0 가솔린,AWD,실버,5,5,15593,1441,11,62,88.5
2025-07,central,MRD,2025,MRD-SP,2.0 가솔린,AWD,오션 블루,4,4,11995,1108,8,62,88.5
2025-07,central,MRD,2025,MRD-SP,2.0 가솔린,AWD,선셋 레드,3,3,9596,887,6,62,88.5
2025-07,central,MRD,2025,MRD-SP,2.0 가솔린,AWD,포레스트 그린,2,2,5997,554,4,40,88.5
2025-07,central,MRD,2025,MRD-SP,2.0 가솔린,AWD,샌드 베이지,2,2,5997,554,4,40,88.5
2025-07,central,MRD,2025,MRD-SP,2.0 가솔린,FWD,스노우 화이트,32,32,96376,8905,65,62,88.5
2025-07,central,MRD,2025,MRD-SP,2.0 가솔린,FWD,미드나잇 블랙,25,26,76297,7050,51,62,88.5
2025-07,central,MRD,2025,MRD-SP,2.0 가솔린,FWD,스틸 그레이,21,22,64250,5937,43,62,88.5
2025-07,central,MRD,2025,MRD-SP,2.0 가솔린,FWD,실버,17,18,52204,4823,35,62,88.5
2025-07,central,MRD,2025,MRD-SP,2.0 가솔린,FWD,오션 블루,13,13,40157,3710,27,62,88.5
2025-07,central,MRD,2025,MRD-SP,2.0 가솔린,FWD,선셋 레드,11,11,32125,2968,22,62,88.5
2025-07,central,MRD,2025,MRD-SP,2.0 가솔린,FWD,포레스트 그린,7,7,20078,1855,14,62,88.5
2025-07,central,MRD,2025,MRD-SP,2.0 가솔린,FWD,샌드 베이지,7,7,20078,1855,14,62,88.5
2025-07,central,MRD,2025,MRD-SP,1.6T 하이브리드,AWD,스노우 화이트,8,8,22989,2124,15,62,88.5
2025-07,central,MRD,2025,MRD-SP,1.6T 하이브리드,AWD,미드나잇 블랙,6,6,18199,1682,12,62,88.5
2025-07,central,MRD,2025,MRD-SP,1.6T 하이브리드,AWD,스틸 그레이,5,5,15326,1416,10,62,88.5
2025-07,central,MRD,2025,MRD-SP,1.6T 하이브리드,AWD,실버,4,4,12452,1151,8,62,88.5
2025-07,central,MRD,2025,MRD-SP,1.6T 하이브리드,AWD,오션 블루,3,3,9579,885,6,62,88.5
2025-07,central,MRD,2025,MRD-SP,1.6T 하이브리드,AWD,선셋 레드,3,3,7663,708,5,52,88.5
2025-07,central,MRD,2025,MRD-SP,1.6T 하이브리드,AWD,포레스트 그린,2,2,4789,443,3,32,88.5
2025-07,central,MRD,2025,MRD-SP,1.6T 하이브리드,AWD,샌드 베이지,2,2,4789,443,3,32,88.5
2025-07,central,MRD,2025,MRD-SP,1.6T 하이브리드,FWD,스노우 화이트,25,26,76962,7111,52,62,88.5
2025-07,central,MRD,2025,MRD-SP,1.6T 하이브리드,FWD,미드나잇 블랙,20,20,60928,5630,41,62,88.5
2025-07,central,MRD,2025,MRD-SP,1.6T 하이브리드,FWD,스틸 그레이,17,17,51308,4741,35,62,88.5
2025-07,central,MRD,2025,MRD-SP,1.6T 하이브리드,FWD,실버,14,14,41688,3852,28,62,88.5
2025-07,central,MRD,2025,MRD-SP,1.6T 하이브리드,FWD,오션 블루,11,11,32067,2963,22,62,88.5
2025-07,central,MRD,2025,MRD-SP,1.6T 하이브리드,FWD,선셋 레드,8,9,25654,2370,17,62,88.5
2025-07,central,MRD,2025,MRD-SP,1.6T 하이브리드,FWD,포레스트 그린,5,5,16034,1481,11,62,88.5
2025-07,central,MRD,2025,MRD-SP,1.6T 하이브리드,FWD,샌드 베이지,5,5,16034,1481,11,62,88.5
2025-07,south,MRD,2025,MRD-CO,2.0 가솔린,AWD,스노우 화이트,16,17,39738,-4953,33,62,88.5
2025-07,south,MRD,2025,MRD-CO,2.0 가솔린,AWD,미드나잇 블랙,13,13,31459,-3921,26,62,88.5
2025-07,south,MRD,2025,MRD-CO,2.0 가솔린,AWD,스틸 그레이,11,11,26492,-3302,22,62,88.5
2025-07,south,MRD,2025,MRD-CO,2.0 가솔린,AWD,실버,9,9,21525,-2683,18,62,88.5
2025-07,south,MRD,2025,MRD-CO,2.0 가솔린,AWD,오션 블루,7,7,16558,-2064,14,62,88.5
2025-07,south,MRD,2025,MRD-CO,2.0 가솔린,AWD,선셋 레드,5,6,13246,-1651,11,62,88.5
2025-07,south,MRD,2025,MRD-CO,2.0 가솔린,AWD,포레스트 그린,3,3,8279,-1032,7,62,88.5
2025-07,south,MRD,2025,MRD-CO,2.0 가솔린,AWD,샌드 베이지,3,3,8279,-1032,7,62,88.5
2025-07,south,MRD,2025,MRD-CO,2.0 가솔린,FWD,스노우 화이트,97,98,236221,-29442,197,62,88.5
2025-07,south,MRD,2025,MRD-CO,2.0 가솔린,FWD,미드나잇 블랙,77,78,187008,-23308,156,62,88.5
2025-07,south,MRD,2025,MRD-CO,2.0 가솔린,FWD,스틸 그레이,64,65,157481,-19628,131,62,88.5
2025-07,south,MRD,2025,MRD-CO,2.0 가솔린,FWD,실버,52,53,127953,-15948,107,62,88.5
2025-07,south,MRD,2025,MRD-CO,2.0 가솔린,FWD,오션 블루,40,41,98425,-12268,82,62,88.5
2025-07,south,MRD,2025,MRD-CO,2.0 가솔린,FWD,선셋 레드,32,33,78740,-9814,66,62,88.5
2025-07,south,MRD,2025,MRD-CO,2.0 가솔린,FWD,포레스트 그린,20,20,49213,-6134,41,62,88.5
2025-07,south,MRD,2025,MRD-CO,2.0 가솔린,FWD,샌드 베이지,20,20,49213,-6134,41,62,88.5
2025-07,south,MRD,2025,MRD-CO,1.6T 하이브리드,AWD,스노우 화이트,13,13,31733,-3955,26,62,88.5
2025-07,south,MRD,2025,MRD-CO,1.6T 하이브리드,AWD,미드나잇 블랙,10,10,25122,-3131,21,62,88.5
2025-07,south,MRD,2025,MRD-CO,1.6T 하이브리드,AWD,스틸 그레이,9,9,21156,-2637,18,62,88.5
2025-07,south,MRD,2025,MRD-CO,1.6T 하이브리드,AWD,실버,7,7,17189,-2142,14,62,88.5
2025-07,south,MRD,2025,MRD-CO,1.6T 하이브리드,AWD,오션 블루,5,5,13222,-1648,11,62,88.5
2025-07,south,MRD,2025,MRD-CO,1.6T 하이브리드,AWD,선셋 레드,4,4,10578,-1318,9,62,88.5
2025-07,south,MRD,2025,MRD-CO,1.6T 하이브리드,AWD,포레스트 그린,3,3,6611,-824,6,55,88.5
2025-07,south,MRD,2025,MRD-CO,1.6T 하이브리드,AWD,샌드 베이지,3,3,6611,-824,6,55,88.5
2025-07,south,MRD,2025,MRD-CO,1.6T 하이브리드,FWD,스노우 화이트,77,78,188637,-23511,157,62,88.5
2025-07,south,MRD,2025,MRD-CO,1.6T 하이브리드,FWD,미드나잇 블랙,61,62,149338,-18613,125,62,88.5
2025-07,south,MRD,2025,MRD-CO,1.6T 하이브리드,FWD,스틸 그레이,52,52,125758,-15674,105,62,88.5
2025-07,south,MRD,2025,MRD-CO,1.6T 하이브리드,FWD,실버,42,42,102178,-12735,85,62,88.5
2025-07,south,MRD,2025,MRD-CO,1.6T 하이브리드,FWD,오션 블루,32,33,78599,-9796,66,62,88.5
2025-07,south,MRD,2025,MRD-CO,1.6T 하이브리드,FWD,선셋 레드,26,26,62879,-7837,52,62,88.5
2025-07,south,MRD,2025,MRD-CO,1.6T 하이브리드,FWD,포레스트 그린,16,16,39299,-4898,33,62,88.5
2025-07,south,MRD,2025,MRD-CO,1.6T 하이브리드,FWD,샌드 베이지,16,16,39299,-4898,33,62,88.5
2025-07,south,MRD,2025,MRD-PR,2.0 가솔린,AWD,스노우 화이트,19,19,50014,-1734,38,62,88.5
2025-07,south,MRD,2025,MRD-PR,2.0 가솔린,AWD,미드나잇 블랙,15,15,39594,-1373,30,62,88.5
2025-07,south,MRD,2025,MRD-PR,2.0 가솔린,AWD,스틸 그레이,13,13,33342,-1156,26,62,88.5
2025-07,south,MRD,2025,MRD-PR,2.0 가솔린,AWD,실버,10,10,27091,-939,21,62,88.5
2025-07,south,MRD,2025,MRD-PR,2.0 가솔린,AWD,오션 블루,8,8,20839,-722,16,62,88.5
2025-07,south,MRD,2025,MRD-PR,2.0 가솔린,AWD,선셋 레드,6,6,16671,-578,13,62,88.5
2025-07,south,MRD,2025,MRD-PR,2.0 가솔린,AWD,포레스트 그린,4,4,10420,-361,8,62,88.5
2025-07,south,MRD,2025,MRD-PR,2.0 가솔린,AWD,샌드 베이지,4,4,10420,-361,8,62,88.5
2025-07,south,MRD,2025,MRD-PR,2.0 가솔린,FWD,스노우 화이트,112,114,297303,-10307,228,62,88.5
2025-07,south,MRD,2025,MRD-PR,2.0 가솔린,FWD,미드나잇 블랙,89,90,235365,-8160,181,62,88.5
2025-07,south,MRD,2025,MRD-PR,2.0 가솔린,FWD,스틸 그레이,75,76,198202,-6871,152,62,88.5
2025-07,south,MRD,2025,MRD-PR,2.0 가솔린,FWD,실버,61,62,161039,-5583,124,62,88.5
2025-07,south,MRD,2025,MRD-PR,2.0 가솔린,FWD,오션 블루,47,47,123876,-4295,95,62,88.5
2025-07,south,MRD,2025,MRD-PR,2.0 가솔린,FWD,선셋 레드,37,38,99101,-3436,76,62,88.5
2025-07,south,MRD,2025,MRD-PR,2.0 가솔린,FWD,포레스트 그린,23,24,61938,-2147,48,62,88.5
2025-07,south,MRD,2025,MRD-PR,2.0 가솔린,FWD,샌드 베이지,23,24,61938,-2147,48,62,88.5
2025-07,south,MRD,2025,MRD-PR,1.6T 하이브리드,AWD,스노우 화이트,15,15,39939,-1385,31,62,88.5
2025-07,south,MRD,2025,MRD-PR,1.6T 하이브리드,AWD,미드나잇 블랙,12,12,31618,-1096,24,62,88.5
2025-07,south,MRD,2025,MRD-PR,1.6T 하이브리드,AWD,스틸 그레이,10,10,26626,-923,20,62,88.5
2025-07,south,MRD,2025,MRD-PR,1.6T 하이브리드,AWD,실버,8,8,21634,-750,17,62,88.5
2025-07,south,MRD,2025,MRD-PR,1.6T 하이브리드,AWD,오션 블루,6,6,16641,-577,13,62,88.5
2025-07,south,MRD,2025,MRD-PR,1.6T 하이브리드,AWD,선셋 레드,5,5,13313,-462,10,62,88.5
2025-07,south,MRD,2025,MRD-PR,1.6T 하이브리드,AWD,포레스트 그린,3,3,8321,-288,6,62,88.5
2025-07,south,MRD,2025,MRD-PR,1.6T 하이브리드,AWD,샌드 베이지,3,3,8321,-288,6,62,88.5
2025-07,south,MRD,2025,MRD-PR,1.6T 하이브리드,FWD,스노우 화이트,89,91,237415,-8231,182,62,88.5
2025-07,south,MRD,2025,MRD-PR,1.6T 하이브리드,FWD,미드나잇 블랙,71,72,187953,-6516,144,62,88.5
2025-07,south,MRD,2025,MRD-PR,1.6T 하이브리드,FWD,스틸 그레이,60,61,158277,-5487,122,62,88.5
2025-07,south,MRD,2025,MRD-PR,1.6T 하이브리드,FWD,실버,48,49,128600,-4458,99,62,88.5
2025-07,south,MRD,2025,MRD-PR,1.6T 하이브리드,FWD,오션 블루,37,38,98923,-3429,76,62,88.5
2025-07,south,MRD,2025,MRD-PR,1.6T 하이브리드,FWD,선셋 레드,30,30,79138,-2744,61,62,88.5
2025-07,south,MRD,2025,MRD-PR,1.6T 하이브리드,FWD,포레스트 그린,19,19,49461,-1715,38,62,88.5
2025-07,south,MRD,2025,MRD-PR,1.6T 하이브리드,FWD,샌드 베이지,19,19,49461,-1715,38,62,88.5
2025-07,south,MRD,2025,MRD-SP,2.0 가솔린,AWD,스노우 화이트,8,8,23325,2155,16,62,88.5
2025-07,south,MRD,2025,MRD-SP,2.0 가솔린,AWD,미드나잇 블랙,6,6,18465,1706,12,62,88.5
2025-07,south,MRD,2025,MRD-SP,2.0 가솔린,AWD,스틸 그레이,5,5,15550,1437,10,62,88.5
2025-07,south,MRD,2025,MRD-SP,2.0 가솔린,AWD,실버,4,4,12634,1167,9,62,88.5
2025-07,south,MRD,2025,MRD-SP,2.0 가솔린,AWD,오션 블루,3,3,9719,898,7,62,88.5
2025-07,south,MRD,2025,MRD-SP,2.0 가솔린,AWD,선셋 레드,3,3,7775,718,5,52,88.5
2025-07,south,MRD,2025,MRD-SP,2.0 가솔린,AWD,포레스트 그린,2,2,4859,449,3,33,88.5
2025-07,south,MRD,2025,MRD-SP,2.0 가솔린,AWD,샌드 베이지,2,2,4859,449,3,33,88.5
2025-07,south,MRD,2025,MRD-SP,2.0 가솔린,FWD,스노우 화이트,46,47,138651,12811,93,62,88.5
2025-07,south,MRD,2025,MRD-SP,2.0 가솔린,FWD,미드나잇 블랙,36,37,109766,10142,74,62,88.5
2025-07,south,MRD,2025,MRD-SP,2.0 가솔린,FWD,스틸 그레이,31,31,92434,8541,62,62,88.5
2025-07,south,MRD,2025,MRD-SP,2.0 가솔린,FWD,실버,25,25,75103,6939,51,62,88.5
2025-07,south,MRD,2025,MRD-SP,2.0 가솔린,FWD,오션 블루,19,19,57771,5338,39,62,88.5
2025-07,south,MRD,2025,MRD-SP,2.0 가솔린,FWD,선셋 레드,15,16,46217,4270,31,62,88.5
2025-07,south,MRD,2025,MRD-SP,2.0 가솔린,FWD,포레스트 그린,10,10,28886,2669,19,62,88.5
2025-07,south,MRD,2025,MRD-SP,2.0 가솔린,FWD,샌드 베이지,10,10,28886,2669,19,62,88.5
2025-07,south,MRD,2025,MRD-SP,1.6T 하이브리드,AWD,스노우 화이트,6,6,18626,1721,13,62,88.5
2025-07,south,MRD,2025,MRD-SP,1.6T 하이브리드,AWD,미드나잇 블랙,5,5,14746,1362,10,62,88.5
2025-07,south,MRD,2025,MRD-SP,1.6T 하이브리드,AWD,스틸 그레이,4,4,12417,1147,8,62,88.5
2025-07,south,MRD,2025,MRD-SP,1.6T 하이브리드,AWD,실버,3,3,10089,932,7,62,88.5
2025-07,south,MRD,2025,MRD-SP,1.6T 하이브리드,AWD,오션 블루,3,3,7761,717,5,52,88.5
2025-07,south,MRD,2025,MRD-SP,1.6T 하이브리드,AWD,선셋 레드,2,2,6209,574,4,42,88.5
2025-07,south,MRD,2025,MRD-SP,1.6T 하이브리드,AWD,포레스트 그린,1,1,3880,359,3,26,88.5
2025-07,south,MRD,2025,MRD-SP,1.6T 하이브리드,AWD,샌드 베이지,1,1,3880,359,3,26,88.5
2025-07,south,MRD,2025,MRD-SP,1.6T 하이브리드,FWD,스노우 화이트,37,37,110722,10230,75,62,88.5
2025-07,south,MRD,2025,MRD-SP,1.6T 하이브리드,FWD,미드나잇 블랙,29,29,87655,8099,59,62,88.5
2025-07,south,MRD,2025,MRD-SP,1.6T 하이브리드,FWD,스틸 그레이,24,25,73814,6820,50,62,88.5
2025-07,south,MRD,2025,MRD-SP,1.6T 하이브리드,FWD,실버,20,20,59974,5541,40,62,88.5
2025-07,south,MRD,2025,MRD-SP,1.6T 하이브리드,FWD,오션 블루,15,15,46134,4263,31,62,88.5
2025-07,south,MRD,2025,MRD-SP,1.6T 하이브리드,FWD,선셋 레드,12,12,36907,3410,25,62,88.5
2025-07,south,MRD,2025,MRD-SP,1.6T 하이브리드,FWD,포레스트 그린,8,8,23067,2131,16,62,88.5
2025-07,south,MRD,2025,MRD-SP,1.6T 하이브리드,FWD,샌드 베이지,8,8,23067,2131,16,62,88.5
2025-07,northeast,MRD,2025,MRD-CO,2.0 가솔린,AWD,스노우 화이트,23,23,55443,-6910,46,62,88.5
2025-07,northeast,MRD,2025,MRD-CO,2.0 가솔린,AWD,미드나잇 블랙,18,18,43892,-5471,37,62,88.5
2025-07,northeast,MRD,2025,MRD-CO,2.0 가솔린,AWD,스틸 그레이,15,15,36962,-4607,31,62,88.5
2025-07,northeast,MRD,2025,MRD-CO,2.0 가솔린,AWD,실버,12,12,30031,-3743,25,62,88.5
2025-07,northeast,MRD,2025,MRD-CO,2.0 가솔린,AWD,오션 블루,9,10,23101,-2879,19,62,88.5
2025-07,northeast,MRD,2025,MRD-CO,2.0 가솔린,AWD,선셋 레드,8,8,18481,-2303,15,62,88.5
2025-07,northeast,MRD,2025,MRD-CO,2.0 가솔린,AWD,포레스트 그린,5,5,11551,-1440,10,62,88.5
2025-07,northeast,MRD,2025,MRD-CO,2.0 가솔린,AWD,샌드 베이지,5,5,11551,-1440,10,62,88.5
2025-07,northeast,MRD,2025,MRD-CO,2.0 가솔린,FWD,스노우 화이트,65,66,157798,-19668,132,62,88.5
2025-07,northeast,MRD,2025,MRD-CO,2.0 가솔린,FWD,미드나잇 블랙,51,52,124924,-15570,104,62,88.5
2025-07,northeast,MRD,2025,MRD-CO,2.0 가솔린,FWD,스틸 그레이,43,44,105199,-13112,88,62,88.5
2025-07,northeast,MRD,2025,MRD-CO,2.0 가솔린,FWD,실버,35,36,85474,-10653,71,62,88.5
2025-07,northeast,MRD,2025,MRD-CO,2.0 가솔린,FWD,오션 블루,27,27,65749,-8195,55,62,88.5
2025-07,northeast,MRD,2025,MRD-CO,2.0 가솔린,FWD,선셋 레드,22,22,52599,-6556,44,62,88.5
2025-07,northeast,MRD,2025,MRD-CO,2.0 가솔린,FWD,포레스트 그린,13,14,32875,-4097,27,62,88.5
2025-07,northeast,MRD,2025,MRD-CO,2.0 가솔린,FWD,샌드 베이지,13,14,32875,-4097,27,62,88.5
2025-07,northeast,MRD,2025,MRD-CO,1.6T 하이브리드,AWD,스노우 화이트,18,18,44274,-5518,37,62,88.5
2025-07,northeast,MRD,2025,MRD-CO,1.6T 하이브리드,AWD,미드나잇 블랙,14,15,35051,-4369,29,62,88.5
2025-07,northeast,MRD,2025,MRD-CO,1.6T 하이브리드,AWD,스틸 그레이,12,12,29516,-3679,25,62,88.5
2025-07,northeast,MRD,2025,MRD-CO,1.6T 하이브리드,AWD,실버,10,10,23982,-2989,20,62,88.5
2025-07,northeast,MRD,2025,MRD-CO,1.6T 하이브리드,AWD,오션 블루,8,8,18448,-2299,15,62,88.5
2025-07,northeast,MRD,2025,MRD-CO,1.6T 하이브리드,AWD,선셋 레드,6,6,14758,-1839,12,62,88.5
2025-07,northeast,MRD,2025,MRD-CO,1.6T 하이브리드,AWD,포레스트 그린,4,4,9224,-1150,8,62,88.5
2025-07,northeast,MRD,2025,MRD-CO,1.6T 하이브리드,AWD,샌드 베이지,4,4,9224,-1150,8,62,88.5
2025-07,northeast,MRD,2025,MRD-CO,1.6T 하이브리드,FWD,스노우 화이트,52,52,126012,-15706,105,62,88.5
2025-07,northeast,MRD,2025,MRD-CO,1.6T 하이브리드,FWD,미드나잇 블랙,41,41,99759,-12434,83,62,88.5
2025-07,northeast,MRD,2025,MRD-CO,1.6T 하이브리드,FWD,스틸 그레이,34,35,84008,-10471,70,62,88.5
2025-07,northeast,MRD,2025,MRD-CO,1.6T 하이브리드,FWD,실버,28,28,68256,-8507,57,62,88.5
2025-07,northeast,MRD,2025,MRD-CO,1.6T 하이브리드,FWD,오션 블루,22,22,52505,-6544,44,62,88.5
2025-07,northeast,MRD,2025,MRD-CO,1.6T 하이브리드,FWD,선셋 레드,17,17,42004,-5235,35,62,88.5
2025-07,northeast,MRD,2025,MRD-CO,1.6T 하이브리드,FWD,포레스트 그린,11,11,26252,-3272,22,62,88.5
2025-07,northeast,MRD,2025,MRD-CO,1.6T 하이브리드,FWD,샌드 베이지,11,11,26252,-3272,22,62,88.5
2025-07,northeast,MRD,2025,MRD-PR,2.0 가솔린,AWD,스노우 화이트,26,27,69779,-2419,54,62,88.5
2025-07,northeast,MRD,2025,MRD-PR,2.0 가솔린,AWD,미드나잇 블랙,21,21,55242,-1915,42,62,88.5
2025-07,northeast,MRD,2025,MRD-PR,2.0 가솔린,AWD,스틸 그레이,18,18,46519,-1613,36,62,88.5
2025-07,northeast,MRD,2025,MRD-PR,2.0 가솔린,AWD,실버,14,14,37797,-1310,29,62,88.5
2025-07,northeast,MRD,2025,MRD-PR,2.0 가솔린,AWD,오션 블루,11,11,29075,-1008,22,62,88.5
2025-07,northeast,MRD,2025,MRD-PR,2.0 가솔린,AWD,선셋 레드,9,9,23260,-806,18,62,88.5
2025-07,northeast,MRD,2025,MRD-PR,2.0 가솔린,AWD,포레스트 그린,5,6,14537,-504,11,62,88.5
2025-07,northeast,MRD,2025,MRD-PR,2.0 가솔린,AWD,샌드 베이지,5,6,14537,-504,11,62,88.5
2025-07,northeast,MRD,2025,MRD-PR,2.0 가솔린,FWD,스노우 화이트,75,76,198602,-6885,152,62,88.5
2025-07,northeast,MRD,2025,MRD-PR,2.0 가솔린,FWD,미드나잇 블랙,59,60,157227,-5451,121,62,88.5
2025-07,northeast,MRD,2025,MRD-PR,2.0 가솔린,FWD,스틸 그레이,50,51,132401,-4590,102,62,88.5
2025-07,northeast,MRD,2025,MRD-PR,2.0 가솔린,FWD,실버,41,41,107576,-3729,83,62,88.5
2025-07,northeast,MRD,2025,MRD-PR,2.0 가솔린,FWD,오션 블루,31,32,82751,-2869,64,62,88.5
2025-07,northeast,MRD,2025,MRD-PR,2.0 가솔린,FWD,선셋 레드,25,25,66201,-2295,51,62,88.5
2025-07,northeast,MRD,2025,MRD-PR,2.0 가솔린,FWD,포레스트 그린,16,16,41375,-1434,32,62,88.5
2025-07,northeast,MRD,2025,MRD-PR,2.0 가솔린,FWD,샌드 베이지,16,16,41375,-1434,32,62,88.5
2025-07,northeast,MRD,2025,MRD-PR,1.6T 하이브리드,AWD,스노우 화이트,21,21,55723,-1932,43,62,88.5
2025-07,northeast,MRD,2025,MRD-PR,1.6T 하이브리드,AWD,미드나잇 블랙,17,17,44114,-1529,34,62,88.5
2025-07,northeast,MRD,2025,MRD-PR,1.6T 하이브리드,AWD,스틸 그레이,14,14,37149,-1288,29,62,88.5
2025-07,northeast,MRD,2025,MRD-PR,1.6T 하이브리드,AWD,실버,11,12,30183,-1046,23,62,88.5
2025-07,northeast,MRD,2025,MRD-PR,1.6T 하이브리드,AWD,오션 블루,9,9,23218,-805,18,62,88.5
2025-07,northeast,MRD,2025,MRD-PR,1.6T 하이브리드,AWD,선셋 레드,7,7,18574,-644,14,62,88.5
2025-07,northeast,MRD,2025,MRD-PR,1.6T 하이브리드,AWD,포레스트 그린,4,4,11609,-402,9,62,88.5
2025-07,northeast,MRD,2025,MRD-PR,1.6T 하이브리드,AWD,샌드 베이지,4,4,11609,-402,9,62,88.5
2025-07,northeast,MRD,2025,MRD-PR,1.6T 하이브리드,FWD,스노우 화이트,60,61,158596,-5498,122,62,88.5
2025-07,northeast,MRD,2025,MRD-PR,1.6T 하이브리드,FWD,미드나잇 블랙,47,48,125555,-4353,96,62,88.5
2025-07,northeast,MRD,2025,MRD-PR,1.6T 하이브리드,FWD,스틸 그레이,40,40,105731,-3665,81,62,88.5
2025-07,northeast,MRD,2025,MRD-PR,1.6T 하이브리드,FWD,실버,32,33,85906,-2978,66,62,88.5
2025-07,northeast,MRD,2025,MRD-PR,1.6T 하이브리드,FWD,오션 블루,25,25,66082,-2291,51,62,88.5
2025-07,northeast,MRD,2025,MRD-PR,1.6T 하이브리드,FWD,선셋 레드,20,20,52865,-1833,41,62,88.5
2025-07,northeast,MRD,2025,MRD-PR,1.6T 하이브리드,FWD,포레스트 그린,12,13,33041,-1145,25,62,88.5
2025-07,northeast,MRD,2025,MRD-PR,1.6T 하이브리드,FWD,샌드 베이지,12,13,33041,-1145,25,62,88.5
2025-07,northeast,MRD,2025,MRD-SP,2.0 가솔린,AWD,스노우 화이트,11,11,32542,3007,22,62,88.5
2025-07,northeast,MRD,2025,MRD-SP,2.0 가솔린,AWD,미드나잇 블랙,9,9,25763,2380,17,62,88.5
2025-07,northeast,MRD,2025,MRD-SP,2.0 가솔린,AWD,스틸 그레이,7,7,21695,2005,15,62,88.5
2025-07,northeast,MRD,2025,MRD-SP,2.0 가솔린,AWD,실버,6,6,17627,1629,12,62,88.5
2025-07,northeast,MRD,2025,MRD-SP,2.0 가솔린,AWD,오션 블루,4,5,13559,1253,9,62,88.5
2025-07,northeast,MRD,2025,MRD-SP,2.0 가솔린,AWD,선셋 레드,4,4,10847,1002,7,62,88.5
2025-07,northeast,MRD,2025,MRD-SP,2.0 가솔린,AWD,포레스트 그린,2,2,6780,626,5,46,88.5
2025-07,northeast,MRD,2025,MRD-SP,2.0 가솔린,AWD,샌드 베이지,2,2,6780,626,5,46,88.5
2025-07,northeast,MRD,2025,MRD-SP,2.0 가솔린,FWD,스노우 화이트,31,31,92621,8558,62,62,88.5
2025-07,northeast,MRD,2025,MRD-SP,2.0 가솔린,FWD,미드나잇 블랙,24,25,73325,6775,49,62,88.5
2025-07,northeast,MRD,2025,MRD-SP,2.0 가솔린,FWD,스틸 그레이,20,21,61747,5705,42,62,88.5
2025-07,northeast,MRD,2025,MRD-SP,2.0 가솔린,FWD,실버,17,17,50170,4636,34,62,88.5
2025-07,northeast,MRD,2025,MRD-SP,2.0 가솔린,FWD,오션 블루,13,13,38592,3566,26,62,88.5
2025-07,northeast,MRD,2025,MRD-SP,2.0 가솔린,FWD,선셋 레드,10,10,30874,2853,21,62,88.5
2025-07,northeast,MRD,2025,MRD-SP,2.0 가솔린,FWD,포레스트 그린,6,6,19296,1783,13,62,88.5
2025-07,northeast,MRD,2025,MRD-SP,2.0 가솔린,FWD,샌드 베이지,6,6,19296,1783,13,62,88.5
2025-07,northeast,MRD,2025,MRD-SP,1.6T 하이브리드,AWD,스노우 화이트,9,9,25987,2401,17,62,88.5
2025-07,northeast,MRD,2025,MRD-SP,1.6T 하이브리드,AWD,미드나잇 블랙,7,7,20573,1901,14,62,88.5
2025-07,northeast,MRD,2025,MRD-SP,1.6T 하이브리드,AWD,스틸 그레이,6,6,17325,1601,12,62,88.5
2025-07,northeast,MRD,2025,MRD-SP,1.6T 하이브리드,AWD,실버,5,5,14076,1301,9,62,88.5
2025-07,northeast,MRD,2025,MRD-SP,1.6T 하이브리드,AWD,오션 블루,4,4,10828,1000,7,62,88.5
2025-07,northeast,MRD,2025,MRD-SP,1.6T 하이브리드,AWD,선셋 레드,3,3,8662,800,6,58,88.5
2025-07,northeast,MRD,2025,MRD-SP,1.6T 하이브리드,AWD,포레스트 그린,2,2,5414,500,4,36,88.5
2025-07,northeast,MRD,2025,MRD-SP,1.6T 하이브리드,AWD,샌드 베이지,2,2,5414,500,4,36,88.5
2025-07,northeast,MRD,2025,MRD-SP,1.6T 하이브리드,FWD,스노우 화이트,24,25,73963,6834,50,62,88.5
2025-07,northeast,MRD,2025,MRD-SP,1.6T 하이브리드,FWD,미드나잇 블랙,19,20,58554,5410,39,62,88.5
2025-07,northeast,MRD,2025,MRD-SP,1.6T 하이브리드,FWD,스틸 그레이,16,17,49309,4556,33,62,88.5
2025-07,northeast,MRD,2025,MRD-SP,1.6T 하이브리드,FWD,실버,13,13,40063,3702,27,62,88.5
2025-07,northeast,MRD,2025,MRD-SP,1.6T 하이브리드,FWD,오션 블루,10,10,30818,2847,21,62,88.5
2025-07,northeast,MRD,2025,MRD-SP,1.6T 하이브리드,FWD,선셋 레드,8,8,24654,2278,17,62,88.5
2025-07,northeast,MRD,2025,MRD-SP,1.6T 하이브리드,FWD,포레스트 그린,5,5,15409,1424,10,62,88.5
2025-07,northeast,MRD,2025,MRD-SP,1.6T 하이브리드,FWD,샌드 베이지,5,5,15409,1424,10,62,88.5
2025-07,southeast,MRD,2025,MRD-CO,2.0 가솔린,AWD,스노우 화이트,16,16,38383,-4784,32,62,88.5
2025-07,southeast,MRD,2025,MRD-CO,2.0 가솔린,AWD,미드나잇 블랙,12,13,30387,-3787,25,62,88.5
2025-07,southeast,MRD,2025,MRD-CO,2.0 가솔린,AWD,스틸 그레이,10,11,25589,-3189,21,62,88.5
2025-07,southeast,MRD,2025,MRD-CO,2.0 가솔린,AWD,실버,9,9,20791,-2591,17,62,88.5
2025-07,southeast,MRD,2025,MRD-CO,2.0 가솔린,AWD,오션 블루,7,7,15993,-1993,13,62,88.5
2025-07,southeast,MRD,2025,MRD-CO,2.0 가솔린,AWD,선셋 레드,5,5,12794,-1595,11,62,88.5
2025-07,southeast,MRD,2025,MRD-CO,2.0 가솔린,AWD,포레스트 그린,3,3,7997,-997,7,62,88.5
2025-07,southeast,MRD,2025,MRD-CO,2.0 가솔린,AWD,샌드 베이지,3,3,7997,-997,7,62,88.5
2025-07,southeast,MRD,2025,MRD-CO,2.0 가솔린,FWD,스노우 화이트,77,78,187401,-23357,156,62,88.5
2025-07,southeast,MRD,2025,MRD-CO,2.0 가솔린,FWD,미드나잇 블랙,61,62,148359,-18491,124,62,88.5
2025-07,southeast,MRD,2025,MRD-CO,2.0 가솔린,FWD,스틸 그레이,51,52,124934,-15572,104,62,88.5
2025-07,southeast,MRD,2025,MRD-CO,2.0 가솔린,FWD,실버,42,42,101509,-12652,85,62,88.5
2025-07,southeast,MRD,2025,MRD-CO,2.0 가솔린,FWD,오션 블루,32,32,78084,-9732,65,62,88.5
2025-07,southeast,MRD,2025,MRD-CO,2.0 가솔린,FWD,선셋 레드,26,26,62467,-7786,52,62,88.5
2025-07,southeast,MRD,2025,MRD-CO,2.0 가솔린,FWD,포레스트 그린,16,16,39042,-4866,33,62,88.5
2025-07,southeast,MRD,2025,MRD-CO,2.0 가솔린,FWD,샌드 베이지,16,16,39042,-4866,33,62,88.5
2025-07,southeast,MRD,2025,MRD-CO,1.6T 하이브리드,AWD,스노우 화이트,13,13,30651,-3820,26,62,88.5
2025-07,southeast,MRD,2025,MRD-CO,1.6T 하이브리드,AWD,미드나잇 블랙,10,10,24266,-3024,20,62,88.5
2025-07,southeast,MRD,2025,MRD-CO,1.6T 하이브리드,AWD,스틸 그레이,8,8,20434,-2547,17,62,88.5
2025-07,southeast,MRD,2025,MRD-CO,1.6T 하이브리드,AWD,실버,7,7,16603,-2069,14,62,88.5
2025-07,southeast,MRD,2025,MRD-CO,1.6T 하이브리드,AWD,오션 블루,5,5,12771,-1592,11,62,88.5
2025-07,southeast,MRD,2025,MRD-CO,1.6T 하이브리드,AWD,선셋 레드,4,4,10217,-1273,9,62,88.5
2025-07,southeast,MRD,2025,MRD-CO,1.6T 하이브리드,AWD,포레스트 그린,3,3,6386,-796,5,53,88.5
2025-07,southeast,MRD,2025,MRD-CO,1.6T 하이브리드,AWD,샌드 베이지,3,3,6386,-796,5,53,88.5
2025-07,southeast,MRD,2025,MRD-CO,1.6T 하이브리드,FWD,스노우 화이트,61,62,149651,-18652,125,62,88.5
2025-07,southeast,MRD,2025,MRD-CO,1.6T 하이브리드,FWD,미드나잇 블랙,49,49,118474,-14766,99,62,88.5
2025-07,southeast,MRD,2025,MRD-CO,1.6T 하이브리드,FWD,스틸 그레이,41,41,99768,-12435,83,62,88.5
2025-07,southeast,MRD,2025,MRD-CO,1.6T 하이브리드,FWD,실버,33,34,81061,-10103,68,62,88.5
2025-07,southeast,MRD,2025,MRD-CO,1.6T 하이브리드,FWD,오션 블루,26,26,62355,-7772,52,62,88.5
2025-07,southeast,MRD,2025,MRD-CO,1.6T 하이브리드,FWD,선셋 레드,20,21,49884,-6217,42,62,88.5
2025-07,southeast,MRD,2025,MRD-CO,1.6T 하이브리드,FWD,포레스트 그린,13,13,31177,-3886,26,62,88.5
2025-07,southeast,MRD,2025,MRD-CO,1.6T 하이브리드,FWD,샌드 베이지,13,13,31177,-3886,26,62,88.5
2025-07,southeast,MRD,2025,MRD-PR,2.0 가솔린,AWD,스노우 화이트,18,18,48309,-1675,37,62,88.5
2025-07,southeast,MRD,2025,MRD-PR,2.0 가솔린,AWD,미드나잇 블랙,14,15,38244,-1326,29,62,88.5
2025-07,southeast,MRD,2025,MRD-PR,2.0 가솔린,AWD,스틸 그레이,12,12,32206,-1116,25,62,88.5
2025-07,southeast,MRD,2025,MRD-PR,2.0 가솔린,AWD,실버,10,10,26167,-907,20,62,88.5
2025-07,southeast,MRD,2025,MRD-PR,2.0 가솔린,AWD,오션 블루,8,8,20129,-698,15,62,88.5
2025-07,southeast,MRD,2025,MRD-PR,2.0 가솔린,AWD,선셋 레드,6,6,16103,-558,12,62,88.5
2025-07,southeast,MRD,2025,MRD-PR,2.0 가솔린,AWD,포레스트 그린,4,4,10064,-349,8,62,88.5
2025-07,southeast,MRD,2025,MRD-PR,2.0 가솔린,AWD,샌드 베이지,4,4,10064,-349,8,62,88.5
2025-07,southeast,MRD,2025,MRD-PR,2.0 가솔린,FWD,스노우 화이트,89,90,235860,-8177,181,62,88.5
2025-07,southeast,MRD,2025,MRD-PR,2.0 가솔린,FWD,미드나잇 블랙,70,71,186722,-6473,143,62,88.5
2025-07,southeast,MRD,2025,MRD-PR,2.0 가솔린,FWD,스틸 그레이,59,60,157240,-5451,121,62,88.5
2025-07,southeast,MRD,2025,MRD-PR,2.0 가솔린,FWD,실버,48,49,127757,-4429,98,62,88.5
2025-07,southeast,MRD,2025,MRD-PR,2.0 가솔린,FWD,오션 블루,37,38,98275,-3407,75,62,88.5
2025-07,southeast,MRD,2025,MRD-PR,2.0 가솔린,FWD,선셋 레드,30,30,78620,-2726,60,62,88.5
2025-07,southeast,MRD,2025,MRD-PR,2.0 가솔린,FWD,포레스트 그린,19,19,49137,-1703,38,62,88.5
2025-07,southeast,MRD,2025,MRD-PR,2.0 가솔린,FWD,샌드 베이지,19,19,49137,-1703,38,62,88.5
2025-07,southeast,MRD,2025,MRD-PR,1.6T 하이브리드,AWD,스노우 화이트,15,15,38577,-1337,30,62,88.5
2025-07,southeast,MRD,2025,MRD-PR,1.6T 하이브리드,AWD,미드나잇 블랙,12,12,30540,-1059,23,62,88.5
2025-07,southeast,MRD,2025,MRD-PR,1.6T 하이브리드,AWD,스틸 그레이,10,10,25718,-892,20,62,88.5
2025-07,southeast,MRD,2025,MRD-PR,1.6T 하이브리드,AWD,실버,8,8,20896,-724,16,62,88.5
2025-07,southeast,MRD,2025,MRD-PR,1.6T 하이브리드,AWD,오션 블루,6,6,16074,-557,12,62,88.5
2025-07,southeast,MRD,2025,MRD-PR,1.6T 하이브리드,AWD,선셋 레드,5,5,12859,-446,10,62,88.5
2025-07,southeast,MRD,2025,MRD-PR,1.6T 하이브리드,AWD,포레스트 그린,3,3,8037,-279,6,62,88.5
2025-07,southeast,MRD,2025,MRD-PR,1.6T 하이브리드,AWD,샌드 베이지,3,3,8037,-279,6,62,88.5
2025-07,southeast,MRD,2025,MRD-PR,1.6T 하이브리드,FWD,스노우 화이트,71,72,188348,-6530,145,62,88.5
2025-07,southeast,MRD,2025,MRD-PR,1.6T 하이브리드,FWD,미드나잇 블랙,56,57,149109,-5169,114,62,88.5
2025-07,southeast,MRD,2025,MRD-PR,1.6T 하이브리드,FWD,스틸 그레이,47,48,125566,-4353,96,62,88.5
2025-07,southeast,MRD,2025,MRD-PR,1.6T 하이브리드,FWD,실버,38,39,102022,-3537,78,62,88.5
2025-07,southeast,MRD,2025,MRD-PR,1.6T 하이브리드,FWD,오션 블루,30,30,78479,-2721,60,62,88.5
2025-07,southeast,MRD,2025,MRD-PR,1.6T 하이브리드,FWD,선셋 레드,24,24,62783,-2177,48,62,88.5
2025-07,southeast,MRD,2025,MRD-PR,1.6T 하이브리드,FWD,포레스트 그린,15,15,39239,-1360,30,62,88.5
2025-07,southeast,MRD,2025,MRD-PR,1.6T 하이브리드,FWD,샌드 베이지,15,15,39239,-1360,30,62,88.5
2025-07,southeast,MRD,2025,MRD-SP,2.0 가솔린,AWD,스노우 화이트,7,8,22529,2082,15,62,88.5
2025-07,southeast,MRD,2025,MRD-SP,2.0 가솔린,AWD,미드나잇 블랙,6,6,17836,1648,12,62,88.5
2025-07,southeast,MRD,2025,MRD-SP,2.0 가솔린,AWD,스틸 그레이,5,5,15020,1388,10,62,88.5
2025-07,southeast,MRD,2025,MRD-SP,2.0 가솔린,AWD,실버,4,4,12203,1128,8,62,88.5
2025-07,southeast,MRD,2025,MRD-SP,2.0 가솔린,AWD,오션 블루,3,3,9387,867,6,62,88.5
2025-07,southeast,MRD,2025,MRD-SP,2.0 가솔린,AWD,선셋 레드,2,3,7510,694,5,51,88.5
2025-07,southeast,MRD,2025,MRD-SP,2.0 가솔린,AWD,포레스트 그린,2,2,4694,434,3,32,88.5
2025-07,southeast,MRD,2025,MRD-SP,2.0 가솔린,AWD,샌드 베이지,2,2,4694,434,3,32,88.5
2025-07,southeast,MRD,2025,MRD-SP,2.0 가솔린,FWD,스노우 화이트,36,37,109996,10163,74,62,88.5
2025-07,southeast,MRD,2025,MRD-SP,2.0 가솔린,FWD,미드나잇 블랙,29,29,87080,8046,59,62,88.5
2025-07,southeast,MRD,2025,MRD-SP,2.0 가솔린,FWD,스틸 그레이,24,25,73331,6776,49,62,88.5
2025-07,southeast,MRD,2025,MRD-SP,2.0 가솔린,FWD,실버,20,20,59581,5505,40,62,88.5
2025-07,southeast,MRD,2025,MRD-SP,2.0 가솔린,FWD,오션 블루,15,15,45832,4235,31,62,88.5
2025-07,southeast,MRD,2025,MRD-SP,2.0 가솔린,FWD,선셋 레드,12,12,36665,3388,25,62,88.5
2025-07,southeast,MRD,2025,MRD-SP,2.0 가솔린,FWD,포레스트 그린,8,8,22916,2117,15,62,88.5
2025-07,southeast,MRD,2025,MRD-SP,2.0 가솔린,FWD,샌드 베이지,8,8,22916,2117,15,62,88.5
2025-07,southeast,MRD,2025,MRD-SP,1.6T 하이브리드,AWD,스노우 화이트,6,6,17991,1662,12,62,88.5
2025-07,southeast,MRD,2025,MRD-SP,1.6T 하이브리드,AWD,미드나잇 블랙,5,5,14243,1316,10,62,88.5
2025-07,southeast,MRD,2025,MRD-SP,1.6T 하이브리드,AWD,스틸 그레이,4,4,11994,1108,8,62,88.5
2025-07,southeast,MRD,2025,MRD-SP,1.6T 하이브리드,AWD,실버,3,3,9745,900,7,62,88.5
2025-07,southeast,MRD,2025,MRD-SP,1.6T 하이브리드,AWD,오션 블루,2,3,7496,693,5,50,88.5
2025-07,southeast,MRD,2025,MRD-SP,1.6T 하이브리드,AWD,선셋 레드,2,2,5997,554,4,40,88.5
2025-07,southeast,MRD,2025,MRD-SP,1.6T 하이브리드,AWD,포레스트 그린,1,1,3748,346,3,25,88.5
2025-07,southeast,MRD,2025,MRD-SP,1.6T 하이브리드,AWD,샌드 베이지,1,1,3748,346,3,25,88.5
2025-07,southeast,MRD,2025,MRD-SP,1.6T 하이브리드,FWD,스노우 화이트,29,29,87839,8116,59,62,88.5
2025-07,southeast,MRD,2025,MRD-SP,1.6T 하이브리드,FWD,미드나잇 블랙,23,23,69539,6425,47,62,88.5
2025-07,southeast,MRD,2025,MRD-SP,1.6T 하이브리드,FWD,스틸 그레이,19,20,58559,5411,39,62,88.5
2025-07,southeast,MRD,2025,MRD-SP,1.6T 하이브리드,FWD,실버,16,16,47579,4396,32,62,88.5
2025-07,southeast,MRD,2025,MRD-SP,1.6T 하이브리드,FWD,오션 블루,12,12,36600,3382,25,62,88.5
2025-07,southeast,MRD,2025,MRD-SP,1.6T 하이브리드,FWD,선셋 레드,10,10,29280,2705,20,62,88.5
2025-07,southeast,MRD,2025,MRD-SP,1.6T 하이브리드,FWD,포레스트 그린,6,6,18300,1691,12,62,88.5
2025-07,southeast,MRD,2025,MRD-SP,1.6T 하이브리드,FWD,샌드 베이지,6,6,18300,1691,12,62,88.5
2025-07,west,NOV,2025,NOV-CO,3.5 가솔린,AWD,스노우 화이트,36,36,125661,-3322,77,65,88.5
2025-07,west,NOV,2025,NOV-CO,3.5 가솔린,AWD,미드나잇 블랙,29,28,99482,-2630,61,65,88.5
2025-07,west,NOV,2025,NOV-CO,3.5 가솔린,AWD,스틸 그레이,24,24,83774,-2215,52,65,88.5
2025-07,west,NOV,2025,NOV-CO,3.5 가솔린,AWD,실버,20,19,68067,-1800,42,65,88.5
2025-07,west,NOV,2025,NOV-CO,3.5 가솔린,AWD,오션 블루,15,15,52359,-1384,32,65,88.5
2025-07,west,NOV,2025,NOV-CO,3.5 가솔린,AWD,선셋 레드,12,12,41887,-1107,26,65,88.5
2025-07,west,NOV,2025,NOV-CO,3.5 가솔린,AWD,포레스트 그린,8,7,26179,-692,16,65,88.5
2025-07,west,NOV,2025,NOV-CO,3.5 가솔린,AWD,샌드 베이지,8,7,26179,-692,16,65,88.5
2025-07,west,NOV,2025,NOV-CO,3.5 가솔린,FWD,스노우 화이트,67,66,233371,-6170,144,65,88.5
2025-07,west,NOV,2025,NOV-CO,3.5 가솔린,FWD,미드나잇 블랙,53,53,184752,-4885,114,65,88.5
2025-07,west,NOV,2025,NOV-CO,3.5 가솔린,FWD,스틸 그레이,45,44,155581,-4114,96,65,88.5
2025-07,west,NOV,2025,NOV-CO,3.5 가솔린,FWD,실버,36,36,126409,-3342,78,65,88.5
2025-07,west,NOV,2025,NOV-CO,3.5 가솔린,FWD,오션 블루,28,28,97238,-2571,60,65,88.5
2025-07,west,NOV,2025,NOV-CO,3.5 가솔린,FWD,선셋 레드,22,22,77790,-2057,48,65,88.5
2025-07,west,NOV,2025,NOV-CO,3.5 가솔린,FWD,포레스트 그린,14,14,48619,-1285,30,65,88.5
2025-07,west,NOV,2025,NOV-CO,3.5 가솔린,FWD,샌드 베이지,14,14,48619,-1285,30,65,88.5
2025-07,west,NOV,2025,NOV-CO,1.6T 하이브리드,AWD,스노우 화이트,29,29,100348,-2653,62,65,88.5
2025-07,west,NOV,2025,NOV-CO,1.6T 하이브리드,AWD,미드나잇 블랙,23,23,79442,-2100,49,65,88.5
2025-07,west,NOV,2025,NOV-CO,1.6T 하이브리드,AWD,스틸 그레이,19,19,66899,-1769,41,65,88.5
2025-07,west,NOV,2025,NOV-CO,1.6T 하이브리드,AWD,실버,16,15,54355,-1437,33,65,88.5
2025-07,west,NOV,2025,NOV-CO,1.6T 하이브리드,AWD,오션 블루,12,12,41812,-1105,26,65,88.5
2025-07,west,NOV,2025,NOV-CO,1.6T 하이브리드,AWD,선셋 레드,10,10,33449,-884,21,65,88.5
2025-07,west,NOV,2025,NOV-CO,1.6T 하이브리드,AWD,포레스트 그린,6,6,20906,-553,13,65,88.5
2025-07,west,NOV,2025,NOV-CO,1.6T 하이브리드,AWD,샌드 베이지,6,6,20906,-553,13,65,88.5
2025-07,west,NOV,2025,NOV-CO,1.6T 하이브리드,FWD,스노우 화이트,54,53,186361,-4927,115,65,88.5
2025-07,west,NOV,2025,NOV-CO,1.6T 하이브리드,FWD,미드나잇 블랙,42,42,147536,-3901,91,65,88.5
2025-07,west,NOV,2025,NOV-CO,1.6T 하이브리드,FWD,스틸 그레이,36,35,124241,-3285,77,65,88.5
2025-07,west,NOV,2025,NOV-CO,1.6T 하이브리드,FWD,실버,29,29,100946,-2669,62,65,88.5
2025-07,west,NOV,2025,NOV-CO,1.6T 하이브리드,FWD,오션 블루,22,22,77650,-2053,48,65,88.5
2025-07,west,NOV,2025,NOV-CO,1.6T 하이브리드,FWD,선셋 레드,18,18,62120,-1642,38,65,88.5
2025-07,west,NOV,2025,NOV-CO,1.6T 하이브리드,FWD,포레스트 그린,11,11,38825,-1027,24,65,88.5
2025-07,west,NOV,2025,NOV-CO,1.6T 하이브리드,FWD,샌드 베이지,11,11,38825,-1027,24,65,88.5
2025-07,west,NOV,2025,NOV-PR,3.5 가솔린,AWD,스노우 화이트,42,41,158155,8805,90,65,88.5
2025-07,west,NOV,2025,NOV-PR,3.5 가솔린,AWD,미드나잇 블랙,33,33,125206,6971,71,65,88.5
2025-07,west,NOV,2025,NOV-PR,3.5 가솔린,AWD,스틸 그레이,28,28,105437,5870,60,65,88.5
2025-07,west,NOV,2025,NOV-PR,3.5 가솔린,AWD,실버,23,22,85667,4770,49,65,88.5
2025-07,west,NOV,2025,NOV-PR,3.5 가솔린,AWD,오션 블루,17,17,65898,3669,37,65,88.5
2025-07,west,NOV,2025,NOV-PR,3.5 가솔린,AWD,선셋 레드,14,14,52718,2935,30,65,88.5
2025-07,west,NOV,2025,NOV-PR,3.5 가솔린,AWD,포레스트 그린,9,9,32949,1834,19,65,88.5
2025-07,west,NOV,2025,NOV-PR,3.5 가솔린,AWD,샌드 베이지,9,9,32949,1834,19,65,88.5
2025-07,west,NOV,2025,NOV-PR,3.5 가솔린,FWD,스노우 화이트,78,77,293717,16353,166,65,88.5
2025-07,west,NOV,2025,NOV-PR,3.5 가솔린,FWD,미드나잇 블랙,61,61,232526,12946,132,65,88.5
2025-07,west,NOV,2025,NOV-PR,3.5 가솔린,FWD,스틸 그레이,52,51,195811,10902,111,65,88.5
2025-07,west,NOV,2025,NOV-PR,3.5 가솔린,FWD,실버,42,42,159096,8858,90,65,88.5
2025-07,west,NOV,2025,NOV-PR,3.5 가솔린,FWD,오션 블루,32,32,122382,6814,69,65,88.5
2025-07,west,NOV,2025,NOV-PR,3.5 가솔린,FWD,선셋 레드,26,26,97906,5451,55,65,88.5
2025-07,west,NOV,2025,NOV-PR,3.5 가솔린,FWD,포레스트 그린,16,16,61191,3407,35,65,88.5
2025-07,west,NOV,2025,NOV-PR,3.5 가솔린,FWD,샌드 베이지,16,16,61191,3407,35,65,88.5
2025-07,west,NOV,2025,NOV-PR,1.6T 하이브리드,AWD,스노우 화이트,33,33,126296,7032,72,65,88.5
2025-07,west,NOV,2025,NOV-PR,1.6T 하이브리드,AWD,미드나잇 블랙,26,26,99985,5567,57,65,88.5
2025-07,west,NOV,2025,NOV-PR,1.6T 하이브리드,AWD,스틸 그레이,22,22,84198,4688,48,65,88.5
2025-07,west,NOV,2025,NOV-PR,1.6T 하이브리드,AWD,실버,18,18,68411,3809,39,65,88.5
2025-07,west,NOV,2025,NOV-PR,1.6T 하이브리드,AWD,오션 블루,14,14,52624,2930,30,65,88.5
2025-07,west,NOV,2025,NOV-PR,1.6T 하이브리드,AWD,선셋 레드,11,11,42099,2344,24,65,88.5
2025-07,west,NOV,2025,NOV-PR,1.6T 하이브리드,AWD,포레스트 그린,7,7,26312,1465,15,65,88.5
2025-07,west,NOV,2025,NOV-PR,1.6T 하이브리드,AWD,샌드 베이지,7,7,26312,1465,15,65,88.5
2025-07,west,NOV,2025,NOV-PR,1.6T 하이브리드,FWD,스노우 화이트,62,61,234551,13059,133,65,88.5
2025-07,west,NOV,2025,NOV-PR,1.6T 하이브리드,FWD,미드나잇 블랙,49,49,185686,10338,105,65,88.5
2025-07,west,NOV,2025,NOV-PR,1.6T 하이브리드,FWD,스틸 그레이,41,41,156367,8706,89,65,88.5
2025-07,west,NOV,2025,NOV-PR,1.6T 하이브리드,FWD,실버,34,33,127048,7073,72,65,88.5
2025-07,west,NOV,2025,NOV-PR,1.6T 하이브리드,FWD,오션 블루,26,26,97729,5441,55,65,88.5
2025-07,west,NOV,2025,NOV-PR,1.6T 하이브리드,FWD,선셋 레드,21,20,78184,4353,44,65,88.5
2025-07,west,NOV,2025,NOV-PR,1.6T 하이브리드,FWD,포레스트 그린,13,13,48865,2721,28,65,88.5
2025-07,west,NOV,2025,NOV-PR,1.6T 하이브리드,FWD,샌드 베이지,13,13,48865,2721,28,65,88.5
2025-07,west,NOV,2025,NOV-LO,3.5 가솔린,AWD,스노우 화이트,17,17,73758,12660,37,65,88.5
2025-07,west,NOV,2025,NOV-LO,3.5 가솔린,AWD,미드나잇 블랙,14,13,58392,10023,29,65,88.5
2025-07,west,NOV,2025,NOV-LO,3.5 가솔린,AWD,스틸 그레이,11,11,49172,8440,24,65,88.5
2025-07,west,NOV,2025,NOV-LO,3.5 가솔린,AWD,실버,9,9,39952,6858,20,65,88.5
2025-07,west,NOV,2025,NOV-LO,3.5 가솔린,AWD,오션 블루,7,7,30732,5275,15,65,88.5
2025-07,west,NOV,2025,NOV-LO,3.5 가솔린,AWD,선셋 레드,6,6,24586,4220,12,65,88.5
2025-07,west,NOV,2025,NOV-LO,3.5 가솔린,AWD,포레스트 그린,4,4,15366,2638,8,65,88.5
2025-07,west,NOV,2025,NOV-LO,3.5 가솔린,AWD,샌드 베이지,4,4,15366,2638,8,65,88.5
2025-07,west,NOV,2025,NOV-LO,3.5 가솔린,FWD,스노우 화이트,32,31,136979,23512,68,65,88.5
2025-07,west,NOV,2025,NOV-LO,3.5 가솔린,FWD,미드나잇 블랙,25,25,108441,18613,54,65,88.5
2025-07,west,NOV,2025,NOV-LO,3.5 가솔린,FWD,스틸 그레이,21,21,91319,15674,45,65,88.5
2025-07,west,NOV,2025,NOV-LO,3.5 가솔린,FWD,실버,17,17,74197,12736,37,65,88.5
2025-07,west,NOV,2025,NOV-LO,3.5 가솔린,FWD,오션 블루,13,13,57074,9797,28,65,88.5
2025-07,west,NOV,2025,NOV-LO,3.5 가솔린,FWD,선셋 레드,11,10,45660,7837,23,65,88.5
2025-07,west,NOV,2025,NOV-LO,3.5 가솔린,FWD,포레스트 그린,7,7,28537,4898,14,65,88.5
2025-07,west,NOV,2025,NOV-LO,3.5 가솔린,FWD,샌드 베이지,7,7,28537,4898,14,65,88.5
2025-07,west,NOV,2025,NOV-LO,1.6T 하이브리드,AWD,스노우 화이트,14,14,58900,10110,29,65,88.5
2025-07,west,NOV,2025,NOV-LO,1.6T 하이브리드,AWD,미드나잇 블랙,11,11,46629,8004,23,65,88.5
2025-07,west,NOV,2025,NOV-LO,1.6T 하이브리드,AWD,스틸 그레이,9,9,39267,6740,20,65,88.5
2025-07,west,NOV,2025,NOV-LO,1.6T 하이브리드,AWD,실버,7,7,31904,5476,16,65,88.5
2025-07,west,NOV,2025,NOV-LO,1.6T 하이브리드,AWD,오션 블루,6,6,24542,4212,12,65,88.5
2025-07,west,NOV,2025,NOV-LO,1.6T 하이브리드,AWD,선셋 레드,5,5,19633,3370,10,65,88.5
2025-07,west,NOV,2025,NOV-LO,1.6T 하이브리드,AWD,포레스트 그린,3,3,12271,2106,6,61,88.5
2025-07,west,NOV,2025,NOV-LO,1.6T 하이브리드,AWD,샌드 베이지,3,3,12271,2106,6,61,88.5
2025-07,west,NOV,2025,NOV-LO,1.6T 하이브리드,FWD,스노우 화이트,25,25,109386,18776,54,65,88.5
2025-07,west,NOV,2025,NOV-LO,1.6T 하이브리드,FWD,미드나잇 블랙,20,20,86597,14864,43,65,88.5
2025-07,west,NOV,2025,NOV-LO,1.6T 하이브리드,FWD,스틸 그레이,17,17,72924,12517,36,65,88.5
2025-07,west,NOV,2025,NOV-LO,1.6T 하이브리드,FWD,실버,14,14,59251,10170,29,65,88.5
2025-07,west,NOV,2025,NOV-LO,1.6T 하이브리드,FWD,오션 블루,11,10,45577,7823,23,65,88.5
2025-07,west,NOV,2025,NOV-LO,1.6T 하이브리드,FWD,선셋 레드,8,8,36462,6259,18,65,88.5
2025-07,west,NOV,2025,NOV-LO,1.6T 하이브리드,FWD,포레스트 그린,5,5,22789,3912,11,65,88.5
2025-07,west,NOV,2025,NOV-LO,1.6T 하이브리드,FWD,샌드 베이지,5,5,22789,3912,11,65,88.5
2025-07,central,NOV,2025,NOV-CO,3.5 가솔린,AWD,스노우 화이트,27,27,94488,-2498,58,65,88.5
2025-07,central,NOV,2025,NOV-CO,3.5 가솔린,AWD,미드나잇 블랙,21,21,74803,-1978,46,65,88.5
2025-07,central,NOV,2025,NOV-CO,3.5 가솔린,AWD,스틸 그레이,18,18,62992,-1665,39,65,88.5
2025-07,central,NOV,2025,NOV-CO,3.5 가솔린,AWD,실버,15,15,51181,-1353,32,65,88.5
2025-07,central,NOV,2025,NOV-CO,3.5 가솔린,AWD,오션 블루,11,11,39370,-1041,24,65,88.5
2025-07,central,NOV,2025,NOV-CO,3.5 가솔린,AWD,선셋 레드,9,9,31496,-833,19,65,88.5
2025-07,central,NOV,2025,NOV-CO,3.5 가솔린,AWD,포레스트 그린,6,6,19685,-520,12,65,88.5
2025-07,central,NOV,2025,NOV-CO,3.5 가솔린,AWD,샌드 베이지,6,6,19685,-520,12,65,88.5
2025-07,central,NOV,2025,NOV-CO,3.5 가솔린,FWD,스노우 화이트,40,40,140264,-3709,86,65,88.5
2025-07,central,NOV,2025,NOV-CO,3.5 가솔린,FWD,미드나잇 블랙,32,32,111043,-2936,68,65,88.5
2025-07,central,NOV,2025,NOV-CO,3.5 가솔린,FWD,스틸 그레이,27,27,93510,-2472,58,65,88.5
2025-07,central,NOV,2025,NOV-CO,3.5 가솔린,FWD,실버,22,22,75977,-2009,47,65,88.5
2025-07,central,NOV,2025,NOV-CO,3.5 가솔린,FWD,오션 블루,17,17,58443,-1545,36,65,88.5
2025-07,central,NOV,2025,NOV-CO,3.5 가솔린,FWD,선셋 레드,13,13,46755,-1236,29,65,88.5
2025-07,central,NOV,2025,NOV-CO,3.5 가솔린,FWD,포레스트 그린,8,8,29222,-773,18,65,88.5
2025-07,central,NOV,2025,NOV-CO,3.5 가솔린,FWD,샌드 베이지,8,8,29222,-773,18,65,88.5
2025-07,central,NOV,2025,NOV-CO,1.6T 하이브리드,AWD,스노우 화이트,22,21,75454,-1995,46,65,88.5
2025-07,central,NOV,2025,NOV-CO,1.6T 하이브리드,AWD,미드나잇 블랙,17,17,59735,-1579,37,65,88.5
2025-07,central,NOV,2025,NOV-CO,1.6T 하이브리드,AWD,스틸 그레이,14,14,50303,-1330,31,65,88.5
2025-07,central,NOV,2025,NOV-CO,1.6T 하이브리드,AWD,실버,12,12,40871,-1081,25,65,88.5
2025-07,central,NOV,2025,NOV-CO,1.6T 하이브리드,AWD,오션 블루,9,9,31439,-831,19,65,88.5
2025-07,central,NOV,2025,NOV-CO,1.6T 하이브리드,AWD,선셋 레드,7,7,25151,-665,15,65,88.5
2025-07,central,NOV,2025,NOV-CO,1.6T 하이브리드,AWD,포레스트 그린,5,4,15720,-416,10,65,88.5
2025-07,central,NOV,2025,NOV-CO,1.6T 하이브리드,AWD,샌드 베이지,5,4,15720,-416,10,65,88.5
2025-07,central,NOV,2025,NOV-CO,1.6T 하이브리드,FWD,스노우 화이트,32,32,112010,-2962,69,65,88.5
2025-07,central,NOV,2025,NOV-CO,1.6T 하이브리드,FWD,미드나잇 블랙,25,25,88674,-2345,55,65,88.5
2025-07,central,NOV,2025,NOV-CO,1.6T 하이브리드,FWD,스틸 그레이,21,21,74673,-1974,46,65,88.5
2025-07,central,NOV,2025,NOV-CO,1.6T 하이브리드,FWD,실버,17,17,60672,-1604,37,65,88.5
2025-07,central,NOV,2025,NOV-CO,1.6T 하이브리드,FWD,오션 블루,13,13,46671,-1234,29,65,88.5
2025-07,central,NOV,2025,NOV-CO,1.6T 하이브리드,FWD,선셋 레드,11,11,37337,-987,23,65,88.5
2025-07,central,NOV,2025,NOV-CO,1.6T 하이브리드,FWD,포레스트 그린,7,7,23335,-617,14,65,88.5
2025-07,central,NOV,2025,NOV-CO,1.6T 하이브리드,FWD,샌드 베이지,7,7,23335,-617,14,65,88.5
2025-07,central,NOV,2025,NOV-PR,3.5 가솔린,AWD,스노우 화이트,31,31,118920,6621,67,65,88.5
2025-07,central,NOV,2025,NOV-PR,3.5 가솔린,AWD,미드나잇 블랙,25,25,94145,5242,53,65,88.5
2025-07,central,NOV,2025,NOV-PR,3.5 가솔린,AWD,스틸 그레이,21,21,79280,4414,45,65,88.5
2025-07,central,NOV,2025,NOV-PR,3.5 가솔린,AWD,실버,17,17,64415,3586,37,65,88.5
2025-07,central,NOV,2025,NOV-PR,3.5 가솔린,AWD,오션 블루,13,13,49550,2759,28,65,88.5
2025-07,central,NOV,2025,NOV-PR,3.5 가솔린,AWD,선셋 레드,10,10,39640,2207,22,65,88.5
2025-07,central,NOV,2025,NOV-PR,3.5 가솔린,AWD,포레스트 그린,7,6,24775,1379,14,65,88.5
2025-07,central,NOV,2025,NOV-PR,3.5 가솔린,AWD,샌드 베이지,7,6,24775,1379,14,65,88.5
2025-07,central,NOV,2025,NOV-PR,3.5 가솔린,FWD,스노우 화이트,47,46,176534,9829,100,65,88.5
2025-07,central,NOV,2025,NOV-PR,3.5 가솔린,FWD,미드나잇 블랙,37,37,139756,7781,79,65,88.5
2025-07,central,NOV,2025,NOV-PR,3.5 가솔린,FWD,스틸 그레이,31,31,117689,6552,67,65,88.5
2025-07,central,NOV,2025,NOV-PR,3.5 가솔린,FWD,실버,25,25,95623,5324,54,65,88.5
2025-07,central,NOV,2025,NOV-PR,3.5 가솔린,FWD,오션 블루,19,19,73556,4095,42,65,88.5
2025-07,central,NOV,2025,NOV-PR,3.5 가솔린,FWD,선셋 레드,16,15,58845,3276,33,65,88.5
2025-07,central,NOV,2025,NOV-PR,3.5 가솔린,FWD,포레스트 그린,10,10,36778,2048,21,65,88.5
2025-07,central,NOV,2025,NOV-PR,3.5 가솔린,FWD,샌드 베이지,10,10,36778,2048,21,65,88.5
2025-07,central,NOV,2025,NOV-PR,1.6T 하이브리드,AWD,스노우 화이트,25,25,94965,5287,54,65,88.5
2025-07,central,NOV,2025,NOV-PR,1.6T 하이브리드,AWD,미드나잇 블랙,20,20,75181,4186,43,65,88.5
2025-07,central,NOV,2025,NOV-PR,1.6T 하이브리드,AWD,스틸 그레이,17,17,63310,3525,36,65,88.5
2025-07,central,NOV,2025,NOV-PR,1.6T 하이브리드,AWD,실버,14,13,51440,2864,29,65,88.5
2025-07,central,NOV,2025,NOV-PR,1.6T 하이브리드,AWD,오션 블루,10,10,39569,2203,22,65,88.5
2025-07,central,NOV,2025,NOV-PR,1.6T 하이브리드,AWD,선셋 레드,8,8,31655,1762,18,65,88.5
2025-07,central,NOV,2025,NOV-PR,1.6T 하이브리드,AWD,포레스트 그린,5,5,19784,1102,11,65,88.5
2025-07,central,NOV,2025,NOV-PR,1.6T 하이브리드,AWD,샌드 베이지,5,5,19784,1102,11,65,88.5
2025-07,central,NOV,2025,NOV-PR,1.6T 하이브리드,FWD,스노우 화이트,37,37,140973,7849,80,65,88.5
2025-07,central,NOV,2025,NOV-PR,1.6T 하이브리드,FWD,미드나잇 블랙,30,29,111604,6214,63,65,88.5
2025-07,central,NOV,2025,NOV-PR,1.6T 하이브리드,FWD,스틸 그레이,25,25,93982,5232,53,65,88.5
2025-07,central,NOV,2025,NOV-PR,1.6T 하이브리드,FWD,실버,20,20,76361,4251,43,65,88.5
2025-07,central,NOV,2025,NOV-PR,1.6T 하이브리드,FWD,오션 블루,16,15,58739,3270,33,65,88.5
2025-07,central,NOV,2025,NOV-PR,1.6T 하이브리드,FWD,선셋 레드,12,12,46991,2616,27,65,88.5
2025-07,central,NOV,2025,NOV-PR,1.6T 하이브리드,FWD,포레스트 그린,8,8,29369,1635,17,65,88.5
2025-07,central,NOV,2025,NOV-PR,1.6T 하이브리드,FWD,샌드 베이지,8,8,29369,1635,17,65,88.5
2025-07,central,NOV,2025,NOV-LO,3.5 가솔린,AWD,스노우 화이트,13,13,55460,9519,28,65,88.5
2025-07,central,NOV,2025,NOV-LO,3.5 가솔린,AWD,미드나잇 블랙,10,10,43906,7536,22,65,88.5
2025-07,central,NOV,2025,NOV-LO,3.5 가솔린,AWD,스틸 그레이,9,8,36973,6346,18,65,88.5
2025-07,central,NOV,2025,NOV-LO,3.5 가솔린,AWD,실버,7,7,30041,5156,15,65,88.5
2025-07,central,NOV,2025,NOV-LO,3.5 가솔린,AWD,오션 블루,5,5,23108,3966,11,65,88.5
2025-07,central,NOV,2025,NOV-LO,3.5 가솔린,AWD,선셋 레드,4,4,18487,3173,9,65,88.5
2025-07,central,NOV,2025,NOV-LO,3.5 가솔린,AWD,포레스트 그린,3,3,11554,1983,6,57,88.5
2025-07,central,NOV,2025,NOV-LO,3.5 가솔린,AWD,샌드 베이지,3,3,11554,1983,6,57,88.5
2025-07,central,NOV,2025,NOV-LO,3.5 가솔린,FWD,스노우 화이트,19,19,82329,14131,41,65,88.5
2025-07,central,NOV,2025,NOV-LO,3.5 가솔린,FWD,미드나잇 블랙,15,15,65177,11187,32,65,88.5
2025-07,central,NOV,2025,NOV-LO,3.5 가솔린,FWD,스틸 그레이,13,13,54886,9421,27,65,88.5
2025-07,central,NOV,2025,NOV-LO,3.5 가솔린,FWD,실버,10,10,44595,7654,22,65,88.5
2025-07,central,NOV,2025,NOV-LO,3.5 가솔린,FWD,오션 블루,8,8,34304,5888,17,65,88.5
2025-07,central,NOV,2025,NOV-LO,3.5 가솔린,FWD,선셋 레드,6,6,27443,4710,14,65,88.5
2025-07,central,NOV,2025,NOV-LO,3.5 가솔린,FWD,포레스트 그린,4,4,17152,2944,9,65,88.5
2025-07,central,NOV,2025,NOV-LO,3.5 가솔린,FWD,샌드 베이지,4,4,17152,2944,9,65,88.5
2025-07,central,NOV,2025,NOV-LO,1.6T 하이브리드,AWD,스노우 화이트,10,10,44288,7602,22,65,88.5
2025-07,central,NOV,2025,NOV-LO,1.6T 하이브리드,AWD,미드나잇 블랙,8,8,35062,6018,17,65,88.5
2025-07,central,NOV,2025,NOV-LO,1.6T 하이브리드,AWD,스틸 그레이,7,7,29526,5068,15,65,88.5
2025-07,central,NOV,2025,NOV-LO,1.6T 하이브리드,AWD,실버,6,6,23990,4118,12,65,88.5
2025-07,central,NOV,2025,NOV-LO,1.6T 하이브리드,AWD,오션 블루,4,4,18453,3167,9,65,88.5
2025-07,central,NOV,2025,NOV-LO,1.6T 하이브리드,AWD,선셋 레드,3,3,14763,2534,7,65,88.5
2025-07,central,NOV,2025,NOV-LO,1.6T 하이브리드,AWD,포레스트 그린,2,2,9227,1584,5,46,88.5
2025-07,central,NOV,2025,NOV-LO,1.6T 하이브리드,AWD,샌드 베이지,2,2,9227,1584,5,46,88.5
2025-07,central,NOV,2025,NOV-LO,1.6T 하이브리드,FWD,스노우 화이트,15,15,65745,11285,33,65,88.5
2025-07,central,NOV,2025,NOV-LO,1.6T 하이브리드,FWD,미드나잇 블랙,12,12,52048,8934,26,65,88.5
2025-07,central,NOV,2025,NOV-LO,1.6T 하이브리드,FWD,스틸 그레이,10,10,43830,7523,22,65,88.5
2025-07,central,NOV,2025,NOV-LO,1.6T 하이브리드,FWD,실버,8,8,35612,6113,18,65,88.5
2025-07,central,NOV,2025,NOV-LO,1.6T 하이브리드,FWD,오션 블루,6,6,27394,4702,14,65,88.5
2025-07,central,NOV,2025,NOV-LO,1.6T 하이브리드,FWD,선셋 레드,5,5,21915,3762,11,65,88.5
2025-07,central,NOV,2025,NOV-LO,1.6T 하이브리드,FWD,포레스트 그린,3,3,13697,2351,7,65,88.5
2025-07,central,NOV,2025,NOV-LO,1.6T 하이브리드,FWD,샌드 베이지,3,3,13697,2351,7,65,88.5
2025-07,south,NOV,2025,NOV-CO,3.5 가솔린,AWD,스노우 화이트,22,22,76557,-2024,47,65,88.5
2025-07,south,NOV,2025,NOV-CO,3.5 가솔린,AWD,미드나잇 블랙,17,17,60607,-1602,37,65,88.5
2025-07,south,NOV,2025,NOV-CO,3.5 가솔린,AWD,스틸 그레이,15,15,51038,-1349,31,65,88.5
2025-07,south,NOV,2025,NOV-CO,3.5 가솔린,AWD,실버,12,12,41468,-1096,26,65,88.5
2025-07,south,NOV,2025,NOV-CO,3.5 가솔린,AWD,오션 블루,9,9,31899,-843,20,65,88.5
2025-07,south,NOV,2025,NOV-CO,3.5 가솔린,AWD,선셋 레드,7,7,25519,-675,16,65,88.5
2025-07,south,NOV,2025,NOV-CO,3.5 가솔린,AWD,포레스트 그린,5,5,15949,-422,10,65,88.5
2025-07,south,NOV,2025,NOV-CO,3.5 가솔린,AWD,샌드 베이지,5,5,15949,-422,10,65,88.5
2025-07,south,NOV,2025,NOV-CO,3.5 가솔린,FWD,스노우 화이트,65,65,227240,-6008,140,65,88.5
2025-07,south,NOV,2025,NOV-CO,3.5 가솔린,FWD,미드나잇 블랙,52,51,179898,-4756,111,65,88.5
2025-07,south,NOV,2025,NOV-CO,3.5 가솔린,FWD,스틸 그레이,44,43,151493,-4005,93,65,88.5
2025-07,south,NOV,2025,NOV-CO,3.5 가솔린,FWD,실버,35,35,123088,-3254,76,65,88.5
2025-07,south,NOV,2025,NOV-CO,3.5 가솔린,FWD,오션 블루,27,27,94683,-2503,58,65,88.5
2025-07,south,NOV,2025,NOV-CO,3.5 가솔린,FWD,선셋 레드,22,22,75747,-2003,47,65,88.5
2025-07,south,NOV,2025,NOV-CO,3.5 가솔린,FWD,포레스트 그린,14,13,47342,-1252,29,65,88.5
2025-07,south,NOV,2025,NOV-CO,3.5 가솔린,FWD,샌드 베이지,14,13,47342,-1252,29,65,88.5
2025-07,south,NOV,2025,NOV-CO,1.6T 하이브리드,AWD,스노우 화이트,18,17,61135,-1616,38,65,88.5
2025-07,south,NOV,2025,NOV-CO,1.6T 하이브리드,AWD,미드나잇 블랙,14,14,48399,-1280,30,65,88.5
2025-07,south,NOV,2025,NOV-CO,1.6T 하이브리드,AWD,스틸 그레이,12,12,40757,-1078,25,65,88.5
2025-07,south,NOV,2025,NOV-CO,1.6T 하이브리드,AWD,실버,10,9,33115,-876,20,65,88.5
2025-07,south,NOV,2025,NOV-CO,1.6T 하이브리드,AWD,오션 블루,7,7,25473,-674,16,65,88.5
2025-07,south,NOV,2025,NOV-CO,1.6T 하이브리드,AWD,선셋 레드,6,6,20378,-539,13,65,88.5
2025-07,south,NOV,2025,NOV-CO,1.6T 하이브리드,AWD,포레스트 그린,4,4,12737,-337,8,65,88.5
2025-07,south,NOV,2025,NOV-CO,1.6T 하이브리드,AWD,샌드 베이지,4,4,12737,-337,8,65,88.5
2025-07,south,NOV,2025,NOV-CO,1.6T 하이브리드,FWD,스노우 화이트,52,52,181465,-4798,112,65,88.5
2025-07,south,NOV,2025,NOV-CO,1.6T 하이브리드,FWD,미드나잇 블랙,41,41,143660,-3798,88,65,88.5
2025-07,south,NOV,2025,NOV-CO,1.6T 하이브리드,FWD,스틸 그레이,35,34,120977,-3199,75,65,88.5
2025-07,south,NOV,2025,NOV-CO,1.6T 하이브리드,FWD,실버,28,28,98294,-2599,61,65,88.5
2025-07,south,NOV,2025,NOV-CO,1.6T 하이브리드,FWD,오션 블루,22,22,75610,-1999,47,65,88.5
2025-07,south,NOV,2025,NOV-CO,1.6T 하이브리드,FWD,선셋 레드,17,17,60488,-1599,37,65,88.5
2025-07,south,NOV,2025,NOV-CO,1.6T 하이브리드,FWD,포레스트 그린,11,11,37805,-1000,23,65,88.5
2025-07,south,NOV,2025,NOV-CO,1.6T 하이브리드,FWD,샌드 베이지,11,11,37805,-1000,23,65,88.5
2025-07,south,NOV,2025,NOV-PR,3.5 가솔린,AWD,스노우 화이트,25,25,96353,5364,55,65,88.5
2025-07,south,NOV,2025,NOV-PR,3.5 가솔린,AWD,미드나잇 블랙,20,20,76279,4247,43,65,88.5
2025-07,south,NOV,2025,NOV-PR,3.5 가솔린,AWD,스틸 그레이,17,17,64235,3576,36,65,88.5
2025-07,south,NOV,2025,NOV-PR,3.5 가솔린,AWD,실버,14,14,52191,2906,30,65,88.5
2025-07,south,NOV,2025,NOV-PR,3.5 가솔린,AWD,오션 블루,11,11,40147,2235,23,65,88.5
2025-07,south,NOV,2025,NOV-PR,3.5 가솔린,AWD,선셋 레드,8,8,32118,1788,18,65,88.5
2025-07,south,NOV,2025,NOV-PR,3.5 가솔린,AWD,포레스트 그린,5,5,20074,1118,11,65,88.5
2025-07,south,NOV,2025,NOV-PR,3.5 가솔린,AWD,샌드 베이지,5,5,20074,1118,11,65,88.5
2025-07,south,NOV,2025,NOV-PR,3.5 가솔린,FWD,스노우 화이트,76,75,286000,15923,162,65,88.5
2025-07,south,NOV,2025,NOV-PR,3.5 가솔린,FWD,미드나잇 블랙,60,59,226417,12606,128,65,88.5
2025-07,south,NOV,2025,NOV-PR,3.5 가솔린,FWD,스틸 그레이,50,50,190667,10615,108,65,88.5
2025-07,south,NOV,2025,NOV-PR,3.5 가솔린,FWD,실버,41,41,154917,8625,88,65,88.5
2025-07,south,NOV,2025,NOV-PR,3.5 가솔린,FWD,오션 블루,31,31,119167,6635,68,65,88.5
2025-07,south,NOV,2025,NOV-PR,3.5 가솔린,FWD,선셋 레드,25,25,95333,5308,54,65,88.5
2025-07,south,NOV,2025,NOV-PR,3.5 가솔린,FWD,포레스트 그린,16,16,59583,3317,34,65,88.5
2025-07,south,NOV,2025,NOV-PR,3.5 가솔린,FWD,샌드 베이지,16,16,59583,3317,34,65,88.5
2025-07,south,NOV,2025,NOV-PR,1.6T 하이브리드,AWD,스노우 화이트,20,20,76944,4284,44,65,88.5
2025-07,south,NOV,2025,NOV-PR,1.6T 하이브리드,AWD,미드나잇 블랙,16,16,60914,3391,35,65,88.5
2025-07,south,NOV,2025,NOV-PR,1.6T 하이브리드,AWD,스틸 그레이,14,13,51296,2856,29,65,88.5
2025-07,south,NOV,2025,NOV-PR,1.6T 하이브리드,AWD,실버,11,11,41678,2320,24,65,88.5
2025-07,south,NOV,2025,NOV-PR,1.6T 하이브리드,AWD,오션 블루,8,8,32060,1785,18,65,88.5
2025-07,south,NOV,2025,NOV-PR,1.6T 하이브리드,AWD,선셋 레드,7,7,25648,1428,15,65,88.5
2025-07,south,NOV,2025,NOV-PR,1.6T 하이브리드,AWD,포레스트 그린,4,4,16030,892,9,65,88.5
2025-07,south,NOV,2025,NOV-PR,1.6T 하이브리드,AWD,샌드 베이지,4,4,16030,892,9,65,88.5
2025-07,south,NOV,2025,NOV-PR,1.6T 하이브리드,FWD,스노우 화이트,60,60,228388,12716,129,65,88.5
2025-07,south,NOV,2025,NOV-PR,1.6T 하이브리드,FWD,미드나잇 블랙,48,47,180808,10067,102,65,88.5
2025-07,south,NOV,2025,NOV-PR,1.6T 하이브리드,FWD,스틸 그레이,40,40,152259,8477,86,65,88.5
2025-07,south,NOV,2025,NOV-PR,1.6T 하이브리드,FWD,실버,33,32,123710,6888,70,65,88.5
2025-07,south,NOV,2025,NOV-PR,1.6T 하이브리드,FWD,오션 블루,25,25,95162,5298,54,65,88.5
2025-07,south,NOV,2025,NOV-PR,1.6T 하이브리드,FWD,선셋 레드,20,20,76129,4239,43,65,88.5
2025-07,south,NOV,2025,NOV-PR,1.6T 하이브리드,FWD,포레스트 그린,13,12,47581,2649,27,65,88.5
2025-07,south,NOV,2025,NOV-PR,1.6T 하이브리드,FWD,샌드 베이지,13,12,47581,2649,27,65,88.5
2025-07,south,NOV,2025,NOV-LO,3.5 가솔린,AWD,스노우 화이트,10,10,44935,7713,22,65,88.5
2025-07,south,NOV,2025,NOV-LO,3.5 가솔린,AWD,미드나잇 블랙,8,8,35574,6106,18,65,88.5
2025-07,south,NOV,2025,NOV-LO,3.5 가솔린,AWD,스틸 그레이,7,7,29957,5142,15,65,88.5
2025-07,south,NOV,2025,NOV-LO,3.5 가솔린,AWD,실버,6,6,24340,4178,12,65,88.5
2025-07,south,NOV,2025,NOV-LO,3.5 가솔린,AWD,오션 블루,4,4,18723,3214,9,65,88.5
2025-07,south,NOV,2025,NOV-LO,3.5 가솔린,AWD,선셋 레드,3,3,14978,2571,7,65,88.5
2025-07,south,NOV,2025,NOV-LO,3.5 가솔린,AWD,포레스트 그린,2,2,9362,1607,5,47,88.5
2025-07,south,NOV,2025,NOV-LO,3.5 가솔린,AWD,샌드 베이지,2,2,9362,1607,5,47,88.5
2025-07,south,NOV,2025,NOV-LO,3.5 가솔린,FWD,스노우 화이트,31,31,133380,22894,66,65,88.5
2025-07,south,NOV,2025,NOV-LO,3.5 가솔린,FWD,미드나잇 블랙,24,24,105592,18124,52,65,88.5
2025-07,south,NOV,2025,NOV-LO,3.5 가솔린,FWD,스틸 그레이,21,20,88920,15263,44,65,88.5
2025-07,south,NOV,2025,NOV-LO,3.5 가솔린,FWD,실버,17,17,72247,12401,36,65,88.5
2025-07,south,NOV,2025,NOV-LO,3.5 가솔린,FWD,오션 블루,13,13,55575,9539,28,65,88.5
2025-07,south,NOV,2025,NOV-LO,3.5 가솔린,FWD,선셋 레드,10,10,44460,7631,22,65,88.5
2025-07,south,NOV,2025,NOV-LO,3.5 가솔린,FWD,포레스트 그린,6,6,27787,4770,14,65,88.5
2025-07,south,NOV,2025,NOV-LO,3.5 가솔린,FWD,샌드 베이지,6,6,27787,4770,14,65,88.5
2025-07,south,NOV,2025,NOV-LO,1.6T 하이브리드,AWD,스노우 화이트,8,8,35884,6159,18,65,88.5
2025-07,south,NOV,2025,NOV-LO,1.6T 하이브리드,AWD,미드나잇 블랙,7,7,28408,4876,14,65,88.5
2025-07,south,NOV,2025,NOV-LO,1.6T 하이브리드,AWD,스틸 그레이,6,5,23922,4106,12,65,88.5
2025-07,south,NOV,2025,NOV-LO,1.6T 하이브리드,AWD,실버,5,4,19437,3336,10,65,88.5
2025-07,south,NOV,2025,NOV-LO,1.6T 하이브리드,AWD,오션 블루,3,3,14952,2566,7,65,88.5
2025-07,south,NOV,2025,NOV-LO,1.6T 하이브리드,AWD,선셋 레드,3,3,11961,2053,6,59,88.5
2025-07,south,NOV,2025,NOV-LO,1.6T 하이브리드,AWD,포레스트 그린,2,2,7476,1283,4,37,88.5
2025-07,south,NOV,2025,NOV-LO,1.6T 하이브리드,AWD,샌드 베이지,2,2,7476,1283,4,37,88.5
2025-07,south,NOV,2025,NOV-LO,1.6T 하이브리드,FWD,스노우 화이트,25,24,106512,18282,53,65,88.5
2025-07,south,NOV,2025,NOV-LO,1.6T 하이브리드,FWD,미드나잇 블랙,20,19,84322,14473,42,65,88.5
2025-07,south,NOV,2025,NOV-LO,1.6T 하이브리드,FWD,스틸 그레이,16,16,71008,12188,35,65,88.5
2025-07,south,NOV,2025,NOV-LO,1.6T 하이브리드,FWD,실버,13,13,57694,9903,29,65,88.5
2025-07,south,NOV,2025,NOV-LO,1.6T 하이브리드,FWD,오션 블루,10,10,44380,7618,22,65,88.5
2025-07,south,NOV,2025,NOV-LO,1.6T 하이브리드,FWD,선셋 레드,8,8,35504,6094,18,65,88.5
2025-07,south,NOV,2025,NOV-LO,1.6T 하이브리드,FWD,포레스트 그린,5,5,22190,3809,11,65,88.5
2025-07,south,NOV,2025,NOV-LO,1.6T 하이브리드,FWD,샌드 베이지,5,5,22190,3809,11,65,88.5
2025-07,northeast,NOV,2025,NOV-CO,3.5 가솔린,AWD,스노우 화이트,31,30,106812,-2824,66,65,88.5
2025-07,northeast,NOV,2025,NOV-CO,3.5 가솔린,AWD,미드나잇 블랙,24,24,84560,-2236,52,65,88.5
2025-07,northeast,NOV,2025,NOV-CO,3.5 가솔린,AWD,스틸 그레이,20,20,71208,-1883,44,65,88.5
2025-07,northeast,NOV,2025,NOV-CO,3.5 가솔린,AWD,실버,17,16,57857,-1530,36,65,88.5
2025-07,northeast,NOV,2025,NOV-CO,3.5 가솔린,AWD,오션 블루,13,13,44505,-1177,27,65,88.5
2025-07,northeast,NOV,2025,NOV-CO,3.5 가솔린,AWD,선셋 레드,10,10,35604,-941,22,65,88.5
2025-07,northeast,NOV,2025,NOV-CO,3.5 가솔린,AWD,포레스트 그린,6,6,22253,-588,14,65,88.5
2025-07,northeast,NOV,2025,NOV-CO,3.5 가솔린,AWD,샌드 베이지,6,6,22253,-588,14,65,88.5
2025-07,northeast,NOV,2025,NOV-CO,3.5 가솔린,FWD,스노우 화이트,37,36,127940,-3383,79,65,88.5
2025-07,northeast,NOV,2025,NOV-CO,3.5 가솔린,FWD,미드나잇 블랙,29,29,101286,-2678,62,65,88.5
2025-07,northeast,NOV,2025,NOV-CO,3.5 가솔린,FWD,스틸 그레이,25,24,85293,-2255,53,65,88.5
2025-07,northeast,NOV,2025,NOV-CO,3.5 가솔린,FWD,실버,20,20,69301,-1832,43,65,88.5
2025-07,northeast,NOV,2025,NOV-CO,3.5 가솔린,FWD,오션 블루,15,15,53308,-1409,33,65,88.5
2025-07,northeast,NOV,2025,NOV-CO,3.5 가솔린,FWD,선셋 레드,12,12,42647,-1128,26,65,88.5
2025-07,northeast,NOV,2025,NOV-CO,3.5 가솔린,FWD,포레스트 그린,8,8,26654,-705,16,65,88.5
2025-07,northeast,NOV,2025,NOV-CO,3.5 가솔린,FWD,샌드 베이지,8,8,26654,-705,16,65,88.5
2025-07,northeast,NOV,2025,NOV-CO,1.6T 하이브리드,AWD,스노우 화이트,25,24,85296,-2255,53,65,88.5
2025-07,northeast,NOV,2025,NOV-CO,1.6T 하이브리드,AWD,미드나잇 블랙,19,19,67526,-1785,42,65,88.5
2025-07,northeast,NOV,2025,NOV-CO,1.6T 하이브리드,AWD,스틸 그레이,16,16,56864,-1503,35,65,88.5
2025-07,northeast,NOV,2025,NOV-CO,1.6T 하이브리드,AWD,실버,13,13,46202,-1222,28,65,88.5
2025-07,northeast,NOV,2025,NOV-CO,1.6T 하이브리드,AWD,오션 블루,10,10,35540,-940,22,65,88.5
2025-07,northeast,NOV,2025,NOV-CO,1.6T 하이브리드,AWD,선셋 레드,8,8,28432,-752,18,65,88.5
2025-07,northeast,NOV,2025,NOV-CO,1.6T 하이브리드,AWD,포레스트 그린,5,5,17770,-470,11,65,88.5
2025-07,northeast,NOV,2025,NOV-CO,1.6T 하이브리드,AWD,샌드 베이지,5,5,17770,-470,11,65,88.5
2025-07,northeast,NOV,2025,NOV-CO,1.6T 하이브리드,FWD,스노우 화이트,29,29,102168,-2701,63,65,88.5
2025-07,northeast,NOV,2025,NOV-CO,1.6T 하이브리드,FWD,미드나잇 블랙,23,23,80883,-2139,50,65,88.5
2025-07,northeast,NOV,2025,NOV-CO,1.6T 하이브리드,FWD,스틸 그레이,20,19,68112,-1801,42,65,88.5
2025-07,northeast,NOV,2025,NOV-CO,1.6T 하이브리드,FWD,실버,16,16,55341,-1463,34,65,88.5
2025-07,northeast,NOV,2025,NOV-CO,1.6T 하이브리드,FWD,오션 블루,12,12,42570,-1126,26,65,88.5
2025-07,northeast,NOV,2025,NOV-CO,1.6T 하이브리드,FWD,선셋 레드,10,10,34056,-900,21,65,88.5
2025-07,northeast,NOV,2025,NOV-CO,1.6T 하이브리드,FWD,포레스트 그린,6,6,21285,-563,13,65,88.5
2025-07,northeast,NOV,2025,NOV-CO,1.6T 하이브리드,FWD,샌드 베이지,6,6,21285,-563,13,65,88.5
2025-07,northeast,NOV,2025,NOV-PR,3.5 가솔린,AWD,스노우 화이트,36,35,134432,7485,76,65,88.5
2025-07,northeast,NOV,2025,NOV-PR,3.5 가솔린,AWD,미드나잇 블랙,28,28,106425,5925,60,65,88.5
2025-07,northeast,NOV,2025,NOV-PR,3.5 가솔린,AWD,스틸 그레이,24,23,89621,4990,51,65,88.5
2025-07,northeast,NOV,2025,NOV-PR,3.5 가솔린,AWD,실버,19,19,72817,4054,41,65,88.5
2025-07,northeast,NOV,2025,NOV-PR,3.5 가솔린,AWD,오션 블루,15,15,56013,3119,32,65,88.5
2025-07,northeast,NOV,2025,NOV-PR,3.5 가솔린,AWD,선셋 레드,12,12,44811,2495,25,65,88.5
2025-07,northeast,NOV,2025,NOV-PR,3.5 가솔린,AWD,포레스트 그린,7,7,28007,1559,16,65,88.5
2025-07,northeast,NOV,2025,NOV-PR,3.5 가솔린,AWD,샌드 베이지,7,7,28007,1559,16,65,88.5
2025-07,northeast,NOV,2025,NOV-PR,3.5 가솔린,FWD,스노우 화이트,43,42,161023,8965,91,65,88.5
2025-07,northeast,NOV,2025,NOV-PR,3.5 가솔린,FWD,미드나잇 블랙,34,33,127476,7097,72,65,88.5
2025-07,northeast,NOV,2025,NOV-PR,3.5 가솔린,FWD,스틸 그레이,28,28,107348,5977,61,65,88.5
2025-07,northeast,NOV,2025,NOV-PR,3.5 가솔린,FWD,실버,23,23,87221,4856,49,65,88.5
2025-07,northeast,NOV,2025,NOV-PR,3.5 가솔린,FWD,오션 블루,18,18,67093,3735,38,65,88.5
2025-07,northeast,NOV,2025,NOV-PR,3.5 가솔린,FWD,선셋 레드,14,14,53674,2988,30,65,88.5
2025-07,northeast,NOV,2025,NOV-PR,3.5 가솔린,FWD,포레스트 그린,9,9,33546,1868,19,65,88.5
2025-07,northeast,NOV,2025,NOV-PR,3.5 가솔린,FWD,샌드 베이지,9,9,33546,1868,19,65,88.5
2025-07,northeast,NOV,2025,NOV-PR,1.6T 하이브리드,AWD,스노우 화이트,28,28,107352,5977,61,65,88.5
2025-07,northeast,NOV,2025,NOV-PR,1.6T 하이브리드,AWD,미드나잇 블랙,22,22,84987,4732,48,65,88.5
2025-07,northeast,NOV,2025,NOV-PR,1.6T 하이브리드,AWD,스틸 그레이,19,19,71568,3985,41,65,88.5
2025-07,northeast,NOV,2025,NOV-PR,1.6T 하이브리드,AWD,실버,15,15,58149,3237,33,65,88.5
2025-07,northeast,NOV,2025,NOV-PR,1.6T 하이브리드,AWD,오션 블루,12,12,44730,2490,25,65,88.5
2025-07,northeast,NOV,2025,NOV-PR,1.6T 하이브리드,AWD,선셋 레드,9,9,35784,1992,20,65,88.5
2025-07,northeast,NOV,2025,NOV-PR,1.6T 하이브리드,AWD,포레스트 그린,6,6,22365,1245,13,65,88.5
2025-07,northeast,NOV,2025,NOV-PR,1.6T 하이브리드,AWD,샌드 베이지,6,6,22365,1245,13,65,88.5
2025-07,northeast,NOV,2025,NOV-PR,1.6T 하이브리드,FWD,스노우 화이트,34,34,128586,7159,73,65,88.5
2025-07,northeast,NOV,2025,NOV-PR,1.6T 하이브리드,FWD,미드나잇 블랙,27,27,101798,5668,58,65,88.5
2025-07,northeast,NOV,2025,NOV-PR,1.6T 하이브리드,FWD,스틸 그레이,23,22,85724,4773,49,65,88.5
2025-07,northeast,NOV,2025,NOV-PR,1.6T 하이브리드,FWD,실버,18,18,69651,3878,39,65,88.5
2025-07,northeast,NOV,2025,NOV-PR,1.6T 하이브리드,FWD,오션 블루,14,14,53578,2983,30,65,88.5
2025-07,northeast,NOV,2025,NOV-PR,1.6T 하이브리드,FWD,선셋 레드,11,11,42862,2386,24,65,88.5
2025-07,northeast,NOV,2025,NOV-PR,1.6T 하이브리드,FWD,포레스트 그린,7,7,26789,1491,15,65,88.5
2025-07,northeast,NOV,2025,NOV-PR,1.6T 하이브리드,FWD,샌드 베이지,7,7,26789,1491,15,65,88.5
2025-07,northeast,NOV,2025,NOV-LO,3.5 가솔린,AWD,스노우 화이트,15,14,62694,10761,31,65,88.5
2025-07,northeast,NOV,2025,NOV-LO,3.5 가솔린,AWD,미드나잇 블랙,12,11,49633,8519,25,65,88.5
2025-07,northeast,NOV,2025,NOV-LO,3.5 가솔린,AWD,스틸 그레이,10,10,41796,7174,21,65,88.5
2025-07,northeast,NOV,2025,NOV-LO,3.5 가솔린,AWD,실버,8,8,33959,5829,17,65,88.5
2025-07,northeast,NOV,2025,NOV-LO,3.5 가솔린,AWD,오션 블루,6,6,26123,4484,13,65,88.5
2025-07,northeast,NOV,2025,NOV-LO,3.5 가솔린,AWD,선셋 레드,5,5,20898,3587,10,65,88.5
2025-07,northeast,NOV,2025,NOV-LO,3.5 가솔린,AWD,포레스트 그린,3,3,13061,2242,6,65,88.5
2025-07,northeast,NOV,2025,NOV-LO,3.5 가솔린,AWD,샌드 베이지,3,3,13061,2242,6,65,88.5
2025-07,northeast,NOV,2025,NOV-LO,3.5 가솔린,FWD,스노우 화이트,17,17,75095,12890,37,65,88.5
2025-07,northeast,NOV,2025,NOV-LO,3.5 가솔린,FWD,미드나잇 블랙,14,14,59450,10204,30,65,88.5
2025-07,northeast,NOV,2025,NOV-LO,3.5 가솔린,FWD,스틸 그레이,12,11,50063,8593,25,65,88.5
2025-07,northeast,NOV,2025,NOV-LO,3.5 가솔린,FWD,실버,9,9,40677,6982,20,65,88.5
2025-07,northeast,NOV,2025,NOV-LO,3.5 가솔린,FWD,오션 블루,7,7,31290,5371,16,65,88.5
2025-07,northeast,NOV,2025,NOV-LO,3.5 가솔린,FWD,선셋 레드,6,6,25032,4297,12,65,88.5
2025-07,northeast,NOV,2025,NOV-LO,3.5 가솔린,FWD,포레스트 그린,4,4,15645,2685,8,65,88.5
2025-07,northeast,NOV,2025,NOV-LO,3.5 가솔린,FWD,샌드 베이지,4,4,15645,2685,8,65,88.5
2025-07,northeast,NOV,2025,NOV-LO,1.6T 하이브리드,AWD,스노우 화이트,12,11,50065,8593,25,65,88.5
2025-07,northeast,NOV,2025,NOV-LO,1.6T 하이브리드,AWD,미드나잇 블랙,9,9,39635,6803,20,65,88.5
2025-07,northeast,NOV,2025,NOV-LO,1.6T 하이브리드,AWD,스틸 그레이,8,8,33377,5729,17,65,88.5
2025-07,northeast,NOV,2025,NOV-LO,1.6T 하이브리드,AWD,실버,6,6,27119,4655,13,65,88.5
2025-07,northeast,NOV,2025,NOV-LO,1.6T 하이브리드,AWD,오션 블루,5,5,20860,3581,10,65,88.5
2025-07,northeast,NOV,2025,NOV-LO,1.6T 하이브리드,AWD,선셋 레드,4,4,16688,2864,8,65,88.5
2025-07,northeast,NOV,2025,NOV-LO,1.6T 하이브리드,AWD,포레스트 그린,2,2,10430,1790,5,52,88.5
2025-07,northeast,NOV,2025,NOV-LO,1.6T 하이브리드,AWD,샌드 베이지,2,2,10430,1790,5,52,88.5
2025-07,northeast,NOV,2025,NOV-LO,1.6T 하이브리드,FWD,스노우 화이트,14,14,59968,10293,30,65,88.5
2025-07,northeast,NOV,2025,NOV-LO,1.6T 하이브리드,FWD,미드나잇 블랙,11,11,47475,8149,24,65,88.5
2025-07,northeast,NOV,2025,NOV-LO,1.6T 하이브리드,FWD,스틸 그레이,9,9,39979,6862,20,65,88.5
2025-07,northeast,NOV,2025,NOV-LO,1.6T 하이브리드,FWD,실버,8,7,32483,5575,16,65,88.5
2025-07,northeast,NOV,2025,NOV-LO,1.6T 하이브리드,FWD,오션 블루,6,6,24987,4289,12,65,88.5
2025-07,northeast,NOV,2025,NOV-LO,1.6T 하이브리드,FWD,선셋 레드,5,5,19989,3431,10,65,88.5
2025-07,northeast,NOV,2025,NOV-LO,1.6T 하이브리드,FWD,포레스트 그린,3,3,12493,2144,6,62,88.5
2025-07,northeast,NOV,2025,NOV-LO,1.6T 하이브리드,FWD,샌드 베이지,3,3,12493,2144,6,62,88.5
2025-07,southeast,NOV,2025,NOV-CO,3.5 가솔린,AWD,스노우 화이트,21,21,73947,-1955,46,65,88.5
2025-07,southeast,NOV,2025,NOV-CO,3.5 가솔린,AWD,미드나잇 블랙,17,17,58541,-1548,36,65,88.5
2025-07,southeast,NOV,2025,NOV-CO,3.5 가솔린,AWD,스틸 그레이,14,14,49298,-1303,30,65,88.5
2025-07,southeast,NOV,2025,NOV-CO,3.5 가솔린,AWD,실버,12,11,40055,-1059,25,65,88.5
2025-07,southeast,NOV,2025,NOV-CO,3.5 가솔린,AWD,오션 블루,9,9,30811,-815,19,65,88.5
2025-07,southeast,NOV,2025,NOV-CO,3.5 가솔린,AWD,선셋 레드,7,7,24649,-652,15,65,88.5
2025-07,southeast,NOV,2025,NOV-CO,3.5 가솔린,AWD,포레스트 그린,4,4,15406,-407,9,65,88.5
2025-07,southeast,NOV,2025,NOV-CO,3.5 가솔린,AWD,샌드 베이지,4,4,15406,-407,9,65,88.5
2025-07,southeast,NOV,2025,NOV-CO,3.5 가솔린,FWD,스노우 화이트,50,50,174614,-4617,108,65,88.5
2025-07,southeast,NOV,2025,NOV-CO,3.5 가솔린,FWD,미드나잇 블랙,40,39,138236,-3655,85,65,88.5
2025-07,southeast,NOV,2025,NOV-CO,3.5 가솔린,FWD,스틸 그레이,33,33,116409,-3078,72,65,88.5
2025-07,southeast,NOV,2025,NOV-CO,3.5 가솔린,FWD,실버,27,27,94583,-2501,58,65,88.5
2025-07,southeast,NOV,2025,NOV-CO,3.5 가솔린,FWD,오션 블루,21,21,72756,-1924,45,65,88.5
2025-07,southeast,NOV,2025,NOV-CO,3.5 가솔린,FWD,선셋 레드,17,17,58205,-1539,36,65,88.5
2025-07,southeast,NOV,2025,NOV-CO,3.5 가솔린,FWD,포레스트 그린,10,10,36378,-962,22,65,88.5
2025-07,southeast,NOV,2025,NOV-CO,3.5 가솔린,FWD,샌드 베이지,10,10,36378,-962,22,65,88.5
2025-07,southeast,NOV,2025,NOV-CO,1.6T 하이브리드,AWD,스노우 화이트,17,17,59051,-1561,36,65,88.5
2025-07,southeast,NOV,2025,NOV-CO,1.6T 하이브리드,AWD,미드나잇 블랙,13,13,46749,-1236,29,65,88.5
2025-07,southeast,NOV,2025,NOV-CO,1.6T 하이브리드,AWD,스틸 그레이,11,11,39367,-1041,24,65,88.5
2025-07,southeast,NOV,2025,NOV-CO,1.6T 하이브리드,AWD,실버,9,9,31986,-846,20,65,88.5
2025-07,southeast,NOV,2025,NOV-CO,1.6T 하이브리드,AWD,오션 블루,7,7,24605,-651,15,65,88.5
2025-07,southeast,NOV,2025,NOV-CO,1.6T 하이브리드,AWD,선셋 레드,6,6,19684,-520,12,65,88.5
2025-07,southeast,NOV,2025,NOV-CO,1.6T 하이브리드,AWD,포레스트 그린,4,4,12302,-325,8,65,88.5
2025-07,southeast,NOV,2025,NOV-CO,1.6T 하이브리드,AWD,샌드 베이지,4,4,12302,-325,8,65,88.5
2025-07,southeast,NOV,2025,NOV-CO,1.6T 하이브리드,FWD,스노우 화이트,40,40,139440,-3687,86,65,88.5
2025-07,southeast,NOV,2025,NOV-CO,1.6T 하이브리드,FWD,미드나잇 블랙,32,31,110390,-2919,68,65,88.5
2025-07,southeast,NOV,2025,NOV-CO,1.6T 하이브리드,FWD,스틸 그레이,27,26,92960,-2458,57,65,88.5
2025-07,southeast,NOV,2025,NOV-CO,1.6T 하이브리드,FWD,실버,22,21,75530,-1997,47,65,88.5
2025-07,southeast,NOV,2025,NOV-CO,1.6T 하이브리드,FWD,오션 블루,17,17,58100,-1536,36,65,88.5
2025-07,southeast,NOV,2025,NOV-CO,1.6T 하이브리드,FWD,선셋 레드,13,13,46480,-1229,29,65,88.5
2025-07,southeast,NOV,2025,NOV-CO,1.6T 하이브리드,FWD,포레스트 그린,8,8,29050,-768,18,65,88.5
2025-07,southeast,NOV,2025,NOV-CO,1.6T 하이브리드,FWD,샌드 베이지,8,8,29050,-768,18,65,88.5
2025-07,southeast,NOV,2025,NOV-PR,3.5 가솔린,AWD,스노우 화이트,25,24,93068,5182,53,65,88.5
2025-07,southeast,NOV,2025,NOV-PR,3.5 가솔린,AWD,미드나잇 블랙,19,19,73679,4102,42,65,88.5
2025-07,southeast,NOV,2025,NOV-PR,3.5 가솔린,AWD,스틸 그레이,16,16,62045,3454,35,65,88.5
2025-07,southeast,NOV,2025,NOV-PR,3.5 가솔린,AWD,실버,13,13,50412,2807,29,65,88.5
2025-07,southeast,NOV,2025,NOV-PR,3.5 가솔린,AWD,오션 블루,10,10,38778,2159,22,65,88.5
2025-07,southeast,NOV,2025,NOV-PR,3.5 가솔린,AWD,선셋 레드,8,8,31023,1727,18,65,88.5
2025-07,southeast,NOV,2025,NOV-PR,3.5 가솔린,AWD,포레스트 그린,5,5,19389,1080,11,65,88.5
2025-07,southeast,NOV,2025,NOV-PR,3.5 가솔린,AWD,샌드 베이지,5,5,19389,1080,11,65,88.5
2025-07,southeast,NOV,2025,NOV-PR,3.5 가솔린,FWD,스노우 화이트,58,58,219766,12236,125,65,88.5
2025-07,southeast,NOV,2025,NOV-PR,3.5 가솔린,FWD,미드나잇 블랙,46,46,173981,9686,99,65,88.5
2025-07,southeast,NOV,2025,NOV-PR,3.5 가솔린,FWD,스틸 그레이,39,38,146511,8157,83,65,88.5
2025-07,southeast,NOV,2025,NOV-PR,3.5 가솔린,FWD,실버,31,31,119040,6628,67,65,88.5
2025-07,southeast,NOV,2025,NOV-PR,3.5 가솔린,FWD,오션 블루,24,24,91569,5098,52,65,88.5
2025-07,southeast,NOV,2025,NOV-PR,3.5 가솔린,FWD,선셋 레드,19,19,73255,4079,42,65,88.5
2025-07,southeast,NOV,2025,NOV-PR,3.5 가솔린,FWD,포레스트 그린,12,12,45785,2549,26,65,88.5
2025-07,southeast,NOV,2025,NOV-PR,3.5 가솔린,FWD,샌드 베이지,12,12,45785,2549,26,65,88.5
2025-07,southeast,NOV,2025,NOV-PR,1.6T 하이브리드,AWD,스노우 화이트,20,19,74321,4138,42,65,88.5
2025-07,southeast,NOV,2025,NOV-PR,1.6T 하이브리드,AWD,미드나잇 블랙,16,15,58837,3276,33,65,88.5
2025-07,southeast,NOV,2025,NOV-PR,1.6T 하이브리드,AWD,스틸 그레이,13,13,49547,2759,28,65,88.5
2025-07,southeast,NOV,2025,NOV-PR,1.6T 하이브리드,AWD,실버,11,11,40257,2241,23,65,88.5
2025-07,southeast,NOV,2025,NOV-PR,1.6T 하이브리드,AWD,오션 블루,8,8,30967,1724,18,65,88.5
2025-07,southeast,NOV,2025,NOV-PR,1.6T 하이브리드,AWD,선셋 레드,7,6,24774,1379,14,65,88.5
2025-07,southeast,NOV,2025,NOV-PR,1.6T 하이브리드,AWD,포레스트 그린,4,4,15483,862,9,65,88.5
2025-07,southeast,NOV,2025,NOV-PR,1.6T 하이브리드,AWD,샌드 베이지,4,4,15483,862,9,65,88.5
2025-07,southeast,NOV,2025,NOV-PR,1.6T 하이브리드,FWD,스노우 화이트,46,46,175497,9771,99,65,88.5
2025-07,southeast,NOV,2025,NOV-PR,1.6T 하이브리드,FWD,미드나잇 블랙,37,36,138935,7735,79,65,88.5
2025-07,southeast,NOV,2025,NOV-PR,1.6T 하이브리드,FWD,스틸 그레이,31,31,116998,6514,66,65,88.5
2025-07,southeast,NOV,2025,NOV-PR,1.6T 하이브리드,FWD,실버,25,25,95061,5293,54,65,88.5
2025-07,southeast,NOV,2025,NOV-PR,1.6T 하이브리드,FWD,오션 블루,19,19,73124,4071,41,65,88.5
2025-07,southeast,NOV,2025,NOV-PR,1.6T 하이브리드,FWD,선셋 레드,15,15,58499,3257,33,65,88.5
2025-07,southeast,NOV,2025,NOV-PR,1.6T 하이브리드,FWD,포레스트 그린,10,10,36562,2036,21,65,88.5
2025-07,southeast,NOV,2025,NOV-PR,1.6T 하이브리드,FWD,샌드 베이지,10,10,36562,2036,21,65,88.5
2025-07,southeast,NOV,2025,NOV-LO,3.5 가솔린,AWD,스노우 화이트,10,10,43404,7450,22,65,88.5
2025-07,southeast,NOV,2025,NOV-LO,3.5 가솔린,AWD,미드나잇 블랙,8,8,34361,5898,17,65,88.5
2025-07,southeast,NOV,2025,NOV-LO,3.5 가솔린,AWD,스틸 그레이,7,7,28936,4967,14,65,88.5
2025-07,southeast,NOV,2025,NOV-LO,3.5 가솔린,AWD,실버,5,5,23510,4035,12,65,88.5
2025-07,southeast,NOV,2025,NOV-LO,3.5 가솔린,AWD,오션 블루,4,4,18085,3104,9,65,88.5
2025-07,southeast,NOV,2025,NOV-LO,3.5 가솔린,AWD,선셋 레드,3,3,14468,2483,7,65,88.5
2025-07,southeast,NOV,2025,NOV-LO,3.5 가솔린,AWD,포레스트 그린,2,2,9042,1552,4,45,88.5
2025-07,southeast,NOV,2025,NOV-LO,3.5 가솔린,AWD,샌드 베이지,2,2,9042,1552,4,45,88.5
2025-07,southeast,NOV,2025,NOV-LO,3.5 가솔린,FWD,스노우 화이트,24,24,102491,17592,51,65,88.5
2025-07,southeast,NOV,2025,NOV-LO,3.5 가솔린,FWD,미드나잇 블랙,19,19,81139,13927,40,65,88.5
2025-07,southeast,NOV,2025,NOV-LO,3.5 가솔린,FWD,스틸 그레이,16,16,68327,11728,34,65,88.5
2025-07,southeast,NOV,2025,NOV-LO,3.5 가솔린,FWD,실버,13,13,55516,9529,28,65,88.5
2025-07,southeast,NOV,2025,NOV-LO,3.5 가솔린,FWD,오션 블루,10,10,42705,7330,21,65,88.5
2025-07,southeast,NOV,2025,NOV-LO,3.5 가솔린,FWD,선셋 레드,8,8,34164,5864,17,65,88.5
2025-07,southeast,NOV,2025,NOV-LO,3.5 가솔린,FWD,포레스트 그린,5,5,21352,3665,11,65,88.5
2025-07,southeast,NOV,2025,NOV-LO,3.5 가솔린,FWD,샌드 베이지,5,5,21352,3665,11,65,88.5
2025-07,southeast,NOV,2025,NOV-LO,1.6T 하이브리드,AWD,스노우 화이트,8,8,34660,5949,17,65,88.5
2025-07,southeast,NOV,2025,NOV-LO,1.6T 하이브리드,AWD,미드나잇 블랙,6,6,27440,4710,14,65,88.5
2025-07,southeast,NOV,2025,NOV-LO,1.6T 하이브리드,AWD,스틸 그레이,5,5,23107,3966,11,65,88.5
2025-07,southeast,NOV,2025,NOV-LO,1.6T 하이브리드,AWD,실버,4,4,18774,3223,9,65,88.5
2025-07,southeast,NOV,2025,NOV-LO,1.6T 하이브리드,AWD,오션 블루,3,3,14442,2479,7,65,88.5
2025-07,southeast,NOV,2025,NOV-LO,1.6T 하이브리드,AWD,선셋 레드,3,3,11553,1983,6,57,88.5
2025-07,southeast,NOV,2025,NOV-LO,1.6T 하이브리드,AWD,포레스트 그린,2,2,7221,1239,4,36,88.5
2025-07,southeast,NOV,2025,NOV-LO,1.6T 하이브리드,AWD,샌드 베이지,2,2,7221,1239,4,36,88.5
2025-07,southeast,NOV,2025,NOV-LO,1.6T 하이브리드,FWD,스노우 화이트,19,19,81845,14048,41,65,88.5
2025-07,southeast,NOV,2025,NOV-LO,1.6T 하이브리드,FWD,미드나잇 블랙,15,15,64794,11122,32,65,88.5
2025-07,southeast,NOV,2025,NOV-LO,1.6T 하이브리드,FWD,스틸 그레이,13,13,54563,9366,27,65,88.5
2025-07,southeast,NOV,2025,NOV-LO,1.6T 하이브리드,FWD,실버,10,10,44333,7610,22,65,88.5
2025-07,southeast,NOV,2025,NOV-LO,1.6T 하이브리드,FWD,오션 블루,8,8,34102,5853,17,65,88.5
2025-07,southeast,NOV,2025,NOV-LO,1.6T 하이브리드,FWD,선셋 레드,6,6,27282,4683,14,65,88.5
2025-07,southeast,NOV,2025,NOV-LO,1.6T 하이브리드,FWD,포레스트 그린,4,4,17051,2927,8,65,88.5
2025-07,southeast,NOV,2025,NOV-LO,1.6T 하이브리드,FWD,샌드 베이지,4,4,17051,2927,8,65,88.5
2025-07,west,LUM,2025,LUM-AI,스탠다드 레인지,AWD,스노우 화이트,42,43,116012,-45592,83,60,88.5
2025-07,west,LUM,2025,LUM-AI,스탠다드 레인지,AWD,미드나잇 블랙,33,34,91843,-36093,66,60,88.5
2025-07,west,LUM,2025,LUM-AI,스탠다드 레인지,AWD,스틸 그레이,28,29,77342,-30395,56,60,88.5
2025-07,west,LUM,2025,LUM-AI,스탠다드 레인지,AWD,실버,23,23,62840,-24696,45,60,88.5
2025-07,west,LUM,2025,LUM-AI,스탠다드 레인지,AWD,오션 블루,18,18,48338,-18997,35,60,88.5
2025-07,west,LUM,2025,LUM-AI,스탠다드 레인지,AWD,선셋 레드,14,14,38671,-15197,28,60,88.5
2025-07,west,LUM,2025,LUM-AI,스탠다드 레인지,AWD,포레스트 그린,9,9,24169,-9498,17,60,88.5
2025-07,west,LUM,2025,LUM-AI,스탠다드 레인지,AWD,샌드 베이지,9,9,24169,-9498,17,60,88.5
2025-07,west,LUM,2025,LUM-AI,스탠다드 레인지,FWD,스노우 화이트,52,53,141793,-55723,102,60,88.5
2025-07,west,LUM,2025,LUM-AI,스탠다드 레인지,FWD,미드나잇 블랙,41,42,112253,-44114,81,60,88.5
2025-07,west,LUM,2025,LUM-AI,스탠다드 레인지,FWD,스틸 그레이,34,35,94529,-37149,68,60,88.5
2025-07,west,LUM,2025,LUM-AI,스탠다드 레인지,FWD,실버,28,29,76804,-30183,55,60,88.5
2025-07,west,LUM,2025,LUM-AI,스탠다드 레인지,FWD,오션 블루,22,22,59080,-23218,43,60,88.5
2025-07,west,LUM,2025,LUM-AI,스탠다드 레인지,FWD,선셋 레드,17,18,47264,-18574,34,60,88.5
2025-07,west,LUM,2025,LUM-AI,스탠다드 레인지,FWD,포레스트 그린,11,11,29540,-11609,21,60,88.5
2025-07,west,LUM,2025,LUM-AI,스탠다드 레인지,FWD,샌드 베이지,11,11,29540,-11609,21,60,88.5
2025-07,west,LUM,2025,LUM-AI,롱레인지,AWD,스노우 화이트,79,81,217356,-85419,156,60,88.5
2025-07,west,LUM,2025,LUM-AI,롱레인지,AWD,미드나잇 블랙,63,64,172074,-67623,124,60,88.5
2025-07,west,LUM,2025,LUM-AI,롱레인지,AWD,스틸 그레이,53,54,144904,-56946,104,60,88.5
2025-07,west,LUM,2025,LUM-AI,롱레인지,AWD,실버,43,44,117735,-46269,85,60,88.5
2025-07,west,LUM,2025,LUM-AI,롱레인지,AWD,오션 블루,33,34,90565,-35591,65,60,88.5
2025-07,west,LUM,2025,LUM-AI,롱레인지,AWD,선셋 레드,26,27,72452,-28473,52,60,88.5
2025-07,west,LUM,2025,LUM-AI,롱레인지,AWD,포레스트 그린,16,17,45283,-17796,33,60,88.5
2025-07,west,LUM,2025,LUM-AI,롱레인지,AWD,샌드 베이지,16,17,45283,-17796,33,60,88.5
2025-07,west,LUM,2025,LUM-AI,롱레인지,FWD,스노우 화이트,97,99,265658,-104401,191,60,88.5
2025-07,west,LUM,2025,LUM-AI,롱레인지,FWD,미드나잇 블랙,77,78,210312,-82651,151,60,88.5
2025-07,west,LUM,2025,LUM-AI,롱레인지,FWD,스틸 그레이,65,66,177105,-69601,127,60,88.5
2025-07,west,LUM,2025,LUM-AI,롱레인지,FWD,실버,52,54,143898,-56551,104,60,88.5
2025-07,west,LUM,2025,LUM-AI,롱레인지,FWD,오션 블루,40,41,110691,-43500,80,60,88.5
2025-07,west,LUM,2025,LUM-AI,롱레인지,FWD,선셋 레드,32,33,88553,-34800,64,60,88.5
2025-07,west,LUM,2025,LUM-AI,롱레인지,FWD,포레스트 그린,20,21,55345,-21750,40,60,88.5
2025-07,west,LUM,2025,LUM-AI,롱레인지,FWD,샌드 베이지,20,21,55345,-21750,40,60,88.5
2025-07,west,LUM,2025,LUM-RA,스탠다드 레인지,AWD,스노우 화이트,49,50,146011,-41110,97,60,88.5
2025-07,west,LUM,2025,LUM-RA,스탠다드 레인지,AWD,미드나잇 블랙,39,40,115592,-32545,77,60,88.5
2025-07,west,LUM,2025,LUM-RA,스탠다드 레인지,AWD,스틸 그레이,33,33,97341,-27406,64,60,88.5
2025-07,west,LUM,2025,LUM-RA,스탠다드 레인지,AWD,실버,27,27,79089,-22268,52,60,88.5
2025-07,west,LUM,2025,LUM-RA,스탠다드 레인지,AWD,오션 블루,20,21,60838,-17129,40,60,88.5
2025-07,west,LUM,2025,LUM-RA,스탠다드 레인지,AWD,선셋 레드,16,17,48670,-13703,32,60,88.5
2025-07,west,LUM,2025,LUM-RA,스탠다드 레인지,AWD,포레스트 그린,10,10,30419,-8564,20,60,88.5
2025-07,west,LUM,2025,LUM-RA,스탠다드 레인지,AWD,샌드 베이지,10,10,30419,-8564,20,60,88.5
2025-07,west,LUM,2025,LUM-RA,스탠다드 레인지,FWD,스노우 화이트,60,61,178458,-50245,118,60,88.5
2025-07,west,LUM,2025,LUM-RA,스탠다드 레인지,FWD,미드나잇 블랙,47,48,141279,-39777,94,60,88.5
2025-07,west,LUM,2025,LUM-RA,스탠다드 레인지,FWD,스틸 그레이,40,41,118972,-33497,79,60,88.5
2025-07,west,LUM,2025,LUM-RA,스탠다드 레인지,FWD,실버,32,33,96665,-27216,64,60,88.5
2025-07,west,LUM,2025,LUM-RA,스탠다드 레인지,FWD,오션 블루,25,26,74357,-20935,49,60,88.5
2025-07,west,LUM,2025,LUM-RA,스탠다드 레인지,FWD,선셋 레드,20,20,59486,-16748,39,60,88.5
2025-07,west,LUM,2025,LUM-RA,스탠다드 레인지,FWD,포레스트 그린,12,13,37179,-10468,25,60,88.5
2025-07,west,LUM,2025,LUM-RA,스탠다드 레인지,FWD,샌드 베이지,12,13,37179,-10468,25,60,88.5
2025-07,west,LUM,2025,LUM-RA,롱레인지,AWD,스노우 화이트,92,94,273561,-77021,181,60,88.5
2025-07,west,LUM,2025,LUM-RA,롱레인지,AWD,미드나잇 블랙,73,74,216569,-60975,143,60,88.5
2025-07,west,LUM,2025,LUM-RA,롱레인지,AWD,스틸 그레이,61,63,182374,-51348,121,60,88.5
2025-07,west,LUM,2025,LUM-RA,롱레인지,AWD,실버,50,51,148179,-41720,98,60,88.5
2025-07,west,LUM,2025,LUM-RA,롱레인지,AWD,오션 블루,38,39,113984,-32092,75,60,88.5
2025-07,west,LUM,2025,LUM-RA,롱레인지,AWD,선셋 레드,31,31,91187,-25674,60,60,88.5
2025-07,west,LUM,2025,LUM-RA,롱레인지,AWD,포레스트 그린,19,20,56992,-16046,38,60,88.5
2025-07,west,LUM,2025,LUM-RA,롱레인지,AWD,샌드 베이지,19,20,56992,-16046,38,60,88.5
2025-07,west,LUM,2025,LUM-RA,롱레인지,FWD,스노우 화이트,112,115,334352,-94137,221,60,88.5
2025-07,west,LUM,2025,LUM-RA,롱레인지,FWD,미드나잇 블랙,89,91,264695,-74525,175,60,88.5
2025-07,west,LUM,2025,LUM-RA,롱레인지,FWD,스틸 그레이,75,76,222901,-62758,148,60,88.5
2025-07,west,LUM,2025,LUM-RA,롱레인지,FWD,실버,61,62,181107,-50991,120,60,88.5
2025-07,west,LUM,2025,LUM-RA,롱레인지,FWD,오션 블루,47,48,139313,-39224,92,60,88.5
2025-07,west,LUM,2025,LUM-RA,롱레인지,FWD,선셋 레드,37,38,111451,-31379,74,60,88.5
2025-07,west,LUM,2025,LUM-RA,롱레인지,FWD,포레스트 그린,23,24,69657,-19612,46,60,88.5
2025-07,west,LUM,2025,LUM-RA,롱레인지,FWD,샌드 베이지,23,24,69657,-19612,46,60,88.5
2025-07,west,LUM,2025,LUM-SP,스탠다드 레인지,AWD,스노우 화이트,20,20,68094,-8455,40,60,88.5
2025-07,west,LUM,2025,LUM-SP,스탠다드 레인지,AWD,미드나잇 블랙,16,16,53908,-6694,31,60,88.5
2025-07,west,LUM,2025,LUM-SP,스탠다드 레인지,AWD,스틸 그레이,13,14,45396,-5637,26,60,88.5
2025-07,west,LUM,2025,LUM-SP,스탠다드 레인지,AWD,실버,11,11,36884,-4580,21,60,88.5
2025-07,west,LUM,2025,LUM-SP,스탠다드 레인지,AWD,오션 블루,8,9,28373,-3523,16,60,88.5
2025-07,west,LUM,2025,LUM-SP,스탠다드 레인지,AWD,선셋 레드,7,7,22698,-2818,13,60,88.5
2025-07,west,LUM,2025,LUM-SP,스탠다드 레인지,AWD,포레스트 그린,4,4,14186,-1761,8,60,88.5
2025-07,west,LUM,2025,LUM-SP,스탠다드 레인지,AWD,샌드 베이지,4,4,14186,-1761,8,60,88.5
2025-07,west,LUM,2025,LUM-SP,스탠다드 레인지,FWD,스노우 화이트,24,25,83226,-10334,48,60,88.5
2025-07,west,LUM,2025,LUM-SP,스탠다드 레인지,FWD,미드나잇 블랙,19,20,65887,-8181,38,60,88.5
2025-07,west,LUM,2025,LUM-SP,스탠다드 레인지,FWD,스틸 그레이,16,17,55484,-6889,32,60,88.5
2025-07,west,LUM,2025,LUM-SP,스탠다드 레인지,FWD,실버,13,14,45081,-5598,26,60,88.5
2025-07,west,LUM,2025,LUM-SP,스탠다드 레인지,FWD,오션 블루,10,10,34678,-4306,20,60,88.5
2025-07,west,LUM,2025,LUM-SP,스탠다드 레인지,FWD,선셋 레드,8,8,27742,-3445,16,60,88.5
2025-07,west,LUM,2025,LUM-SP,스탠다드 레인지,FWD,포레스트 그린,5,5,17339,-2153,10,60,88.5
2025-07,west,LUM,2025,LUM-SP,스탠다드 레인지,FWD,샌드 베이지,5,5,17339,-2153,10,60,88.5
2025-07,west,LUM,2025,LUM-SP,롱레인지,AWD,스노우 화이트,38,38,127579,-15841,74,60,88.5
2025-07,west,LUM,2025,LUM-SP,롱레인지,AWD,미드나잇 블랙,30,30,101000,-12541,59,60,88.5
2025-07,west,LUM,2025,LUM-SP,롱레인지,AWD,스틸 그레이,25,26,85052,-10561,49,60,88.5
2025-07,west,LUM,2025,LUM-SP,롱레인지,AWD,실버,20,21,69105,-8581,40,60,88.5
2025-07,west,LUM,2025,LUM-SP,롱레인지,AWD,오션 블루,16,16,53158,-6600,31,60,88.5
2025-07,west,LUM,2025,LUM-SP,롱레인지,AWD,선셋 레드,13,13,42526,-5280,25,60,88.5
2025-07,west,LUM,2025,LUM-SP,롱레인지,AWD,포레스트 그린,8,8,26579,-3300,15,60,88.5
2025-07,west,LUM,2025,LUM-SP,롱레인지,AWD,샌드 베이지,8,8,26579,-3300,15,60,88.5
2025-07,west,LUM,2025,LUM-SP,롱레인지,FWD,스노우 화이트,46,47,155930,-19361,91,60,88.5
2025-07,west,LUM,2025,LUM-SP,롱레인지,FWD,미드나잇 블랙,36,37,123444,-15328,72,60,88.5
2025-07,west,LUM,2025,LUM-SP,롱레인지,FWD,스틸 그레이,31,31,103953,-12908,60,60,88.5
2025-07,west,LUM,2025,LUM-SP,롱레인지,FWD,실버,25,25,84462,-10487,49,60,88.5
2025-07,west,LUM,2025,LUM-SP,롱레인지,FWD,오션 블루,19,20,64971,-8067,38,60,88.5
2025-07,west,LUM,2025,LUM-SP,롱레인지,FWD,선셋 레드,15,16,51977,-6454,30,60,88.5
2025-07,west,LUM,2025,LUM-SP,롱레인지,FWD,포레스트 그린,10,10,32485,-4034,19,60,88.5
2025-07,west,LUM,2025,LUM-SP,롱레인지,FWD,샌드 베이지,10,10,32485,-4034,19,60,88.5
2025-07,central,LUM,2025,LUM-AI,스탠다드 레인지,AWD,스노우 화이트,18,18,48462,-19045,35,60,88.5
2025-07,central,LUM,2025,LUM-AI,스탠다드 레인지,AWD,미드나잇 블랙,14,14,38366,-15078,28,60,88.5
2025-07,central,LUM,2025,LUM-AI,스탠다드 레인지,AWD,스틸 그레이,12,12,32308,-12697,23,60,88.5
2025-07,central,LUM,2025,LUM-AI,스탠다드 레인지,AWD,실버,10,10,26250,-10316,19,60,88.5
2025-07,central,LUM,2025,LUM-AI,스탠다드 레인지,AWD,오션 블루,7,8,20193,-7936,15,60,88.5
2025-07,central,LUM,2025,LUM-AI,스탠다드 레인지,AWD,선셋 레드,6,6,16154,-6348,12,60,88.5
2025-07,central,LUM,2025,LUM-AI,스탠다드 레인지,AWD,포레스트 그린,4,4,10096,-3968,7,60,88.5
2025-07,central,LUM,2025,LUM-AI,스탠다드 레인지,AWD,샌드 베이지,4,4,10096,-3968,7,60,88.5
2025-07,central,LUM,2025,LUM-AI,스탠다드 레인지,FWD,스노우 화이트,16,17,45185,-17757,33,60,88.5
2025-07,central,LUM,2025,LUM-AI,스탠다드 레인지,FWD,미드나잇 블랙,13,13,35771,-14058,26,60,88.5
2025-07,central,LUM,2025,LUM-AI,스탠다드 레인지,FWD,스틸 그레이,11,11,30123,-11838,22,60,88.5
2025-07,central,LUM,2025,LUM-AI,스탠다드 레인지,FWD,실버,9,9,24475,-9618,18,60,88.5
2025-07,central,LUM,2025,LUM-AI,스탠다드 레인지,FWD,오션 블루,7,7,18827,-7399,14,60,88.5
2025-07,central,LUM,2025,LUM-AI,스탠다드 레인지,FWD,선셋 레드,5,6,15062,-5919,11,60,88.5
2025-07,central,LUM,2025,LUM-AI,스탠다드 레인지,FWD,포레스트 그린,3,4,9413,-3699,7,60,88.5
2025-07,central,LUM,2025,LUM-AI,스탠다드 레인지,FWD,샌드 베이지,3,4,9413,-3699,7,60,88.5
2025-07,central,LUM,2025,LUM-AI,롱레인지,AWD,스노우 화이트,33,34,90797,-35683,65,60,88.5
2025-07,central,LUM,2025,LUM-AI,롱레인지,AWD,미드나잇 블랙,26,27,71881,-28249,52,60,88.5
2025-07,central,LUM,2025,LUM-AI,롱레인지,AWD,스틸 그레이,22,23,60532,-23788,44,60,88.5
2025-07,central,LUM,2025,LUM-AI,롱레인지,AWD,실버,18,18,49182,-19328,35,60,88.5
2025-07,central,LUM,2025,LUM-AI,롱레인지,AWD,오션 블루,14,14,37832,-14868,27,60,88.5
2025-07,central,LUM,2025,LUM-AI,롱레인지,AWD,선셋 레드,11,11,30266,-11894,22,60,88.5
2025-07,central,LUM,2025,LUM-AI,롱레인지,AWD,포레스트 그린,7,7,18916,-7434,14,60,88.5
2025-07,central,LUM,2025,LUM-AI,롱레인지,AWD,샌드 베이지,7,7,18916,-7434,14,60,88.5
2025-07,central,LUM,2025,LUM-AI,롱레인지,FWD,스노우 화이트,31,32,84656,-33269,61,60,88.5
2025-07,central,LUM,2025,LUM-AI,롱레인지,FWD,미드나잇 블랙,24,25,67020,-26338,48,60,88.5
2025-07,central,LUM,2025,LUM-AI,롱레인지,FWD,스틸 그레이,21,21,56438,-22179,41,60,88.5
2025-07,central,LUM,2025,LUM-AI,롱레인지,FWD,실버,17,17,45856,-18021,33,60,88.5
2025-07,central,LUM,2025,LUM-AI,롱레인지,FWD,오션 블루,13,13,35274,-13862,25,60,88.5
2025-07,central,LUM,2025,LUM-AI,롱레인지,FWD,선셋 레드,10,11,28219,-11090,20,60,88.5
2025-07,central,LUM,2025,LUM-AI,롱레인지,FWD,포레스트 그린,6,7,17637,-6931,13,60,88.5
2025-07,central,LUM,2025,LUM-AI,롱레인지,FWD,샌드 베이지,6,7,17637,-6931,13,60,88.5
2025-07,central,LUM,2025,LUM-RA,스탠다드 레인지,AWD,스노우 화이트,20,21,60994,-17173,40,60,88.5
2025-07,central,LUM,2025,LUM-RA,스탠다드 레인지,AWD,미드나잇 블랙,16,17,48287,-13595,32,60,88.5
2025-07,central,LUM,2025,LUM-RA,스탠다드 레인지,AWD,스틸 그레이,14,14,40663,-11449,27,60,88.5
2025-07,central,LUM,2025,LUM-RA,스탠다드 레인지,AWD,실버,11,11,33038,-9302,22,60,88.5
2025-07,central,LUM,2025,LUM-RA,스탠다드 레인지,AWD,오션 블루,9,9,25414,-7155,17,60,88.5
2025-07,central,LUM,2025,LUM-RA,스탠다드 레인지,AWD,선셋 레드,7,7,20331,-5724,13,60,88.5
2025-07,central,LUM,2025,LUM-RA,스탠다드 레인지,AWD,포레스트 그린,4,4,12707,-3578,8,60,88.5
2025-07,central,LUM,2025,LUM-RA,스탠다드 레인지,AWD,샌드 베이지,4,4,12707,-3578,8,60,88.5
2025-07,central,LUM,2025,LUM-RA,스탠다드 레인지,FWD,스노우 화이트,19,20,56869,-16011,38,60,88.5
2025-07,central,LUM,2025,LUM-RA,스탠다드 레인지,FWD,미드나잇 블랙,15,15,45021,-12676,30,60,88.5
2025-07,central,LUM,2025,LUM-RA,스탠다드 레인지,FWD,스틸 그레이,13,13,37912,-10674,25,60,88.5
2025-07,central,LUM,2025,LUM-RA,스탠다드 레인지,FWD,실버,10,11,30804,-8673,20,60,88.5
2025-07,central,LUM,2025,LUM-RA,스탠다드 레인지,FWD,오션 블루,8,8,23695,-6671,16,60,88.5
2025-07,central,LUM,2025,LUM-RA,스탠다드 레인지,FWD,선셋 레드,6,7,18956,-5337,13,60,88.5
2025-07,central,LUM,2025,LUM-RA,스탠다드 레인지,FWD,포레스트 그린,4,4,11848,-3336,8,60,88.5
2025-07,central,LUM,2025,LUM-RA,스탠다드 레인지,FWD,샌드 베이지,4,4,11848,-3336,8,60,88.5
2025-07,central,LUM,2025,LUM-RA,롱레인지,AWD,스노우 화이트,38,39,114276,-32175,76,60,88.5
2025-07,central,LUM,2025,LUM-RA,롱레인지,AWD,미드나잇 블랙,30,31,90468,-25472,60,60,88.5
2025-07,central,LUM,2025,LUM-RA,롱레인지,AWD,스틸 그레이,26,26,76184,-21450,50,60,88.5
2025-07,central,LUM,2025,LUM-RA,롱레인지,AWD,실버,21,21,61899,-17428,41,60,88.5
2025-07,central,LUM,2025,LUM-RA,롱레인지,AWD,오션 블루,16,16,47615,-13406,32,60,88.5
2025-07,central,LUM,2025,LUM-RA,롱레인지,AWD,선셋 레드,13,13,38092,-10725,25,60,88.5
2025-07,central,LUM,2025,LUM-RA,롱레인지,AWD,포레스트 그린,8,8,23807,-6703,16,60,88.5
2025-07,central,LUM,2025,LUM-RA,롱레인지,AWD,샌드 베이지,8,8,23807,-6703,16,60,88.5
2025-07,central,LUM,2025,LUM-RA,롱레인지,FWD,스노우 화이트,36,37,106547,-29998,71,60,88.5
2025-07,central,LUM,2025,LUM-RA,롱레인지,FWD,미드나잇 블랙,28,29,84350,-23749,56,60,88.5
2025-07,central,LUM,2025,LUM-RA,롱레인지,FWD,스틸 그레이,24,24,71031,-19999,47,60,88.5
2025-07,central,LUM,2025,LUM-RA,롱레인지,FWD,실버,19,20,57713,-16249,38,60,88.5
2025-07,central,LUM,2025,LUM-RA,롱레인지,FWD,오션 블루,15,15,44395,-12499,29,60,88.5
2025-07,central,LUM,2025,LUM-RA,롱레인지,FWD,선셋 레드,12,12,35516,-9999,24,60,88.5
2025-07,central,LUM,2025,LUM-RA,롱레인지,FWD,포레스트 그린,7,8,22197,-6250,15,60,88.5
2025-07,central,LUM,2025,LUM-RA,롱레인지,FWD,샌드 베이지,7,8,22197,-6250,15,60,88.5
2025-07,central,LUM,2025,LUM-SP,스탠다드 레인지,AWD,스노우 화이트,8,9,28445,-3532,17,60,88.5
2025-07,central,LUM,2025,LUM-SP,스탠다드 레인지,AWD,미드나잇 블랙,7,7,22519,-2796,13,60,88.5
2025-07,central,LUM,2025,LUM-SP,스탠다드 레인지,AWD,스틸 그레이,6,6,18964,-2355,11,60,88.5
2025-07,central,LUM,2025,LUM-SP,스탠다드 레인지,AWD,실버,5,5,15408,-1913,9,60,88.5
2025-07,central,LUM,2025,LUM-SP,스탠다드 레인지,AWD,오션 블루,3,4,11852,-1472,7,60,88.5
2025-07,central,LUM,2025,LUM-SP,스탠다드 레인지,AWD,선셋 레드,3,3,9482,-1177,6,55,88.5
2025-07,central,LUM,2025,LUM-SP,스탠다드 레인지,AWD,포레스트 그린,2,2,5926,-736,3,34,88.5
2025-07,central,LUM,2025,LUM-SP,스탠다드 레인지,AWD,샌드 베이지,2,2,5926,-736,3,34,88.5
2025-07,central,LUM,2025,LUM-SP,스탠다드 레인지,FWD,스노우 화이트,8,8,26521,-3293,15,60,88.5
2025-07,central,LUM,2025,LUM-SP,스탠다드 레인지,FWD,미드나잇 블랙,6,6,20996,-2607,12,60,88.5
2025-07,central,LUM,2025,LUM-SP,스탠다드 레인지,FWD,스틸 그레이,5,5,17681,-2195,10,60,88.5
2025-07,central,LUM,2025,LUM-SP,스탠다드 레인지,FWD,실버,4,4,14366,-1784,8,60,88.5
2025-07,central,LUM,2025,LUM-SP,스탠다드 레인지,FWD,오션 블루,3,3,11051,-1372,6,60,88.5
2025-07,central,LUM,2025,LUM-SP,스탠다드 레인지,FWD,선셋 레드,3,3,8840,-1098,5,51,88.5
2025-07,central,LUM,2025,LUM-SP,스탠다드 레인지,FWD,포레스트 그린,2,2,5525,-686,3,32,88.5
2025-07,central,LUM,2025,LUM-SP,스탠다드 레인지,FWD,샌드 베이지,2,2,5525,-686,3,32,88.5
2025-07,central,LUM,2025,LUM-SP,롱레인지,AWD,스노우 화이트,16,16,53294,-6617,31,60,88.5
2025-07,central,LUM,2025,LUM-SP,롱레인지,AWD,미드나잇 블랙,12,13,42191,-5239,25,60,88.5
2025-07,central,LUM,2025,LUM-SP,롱레인지,AWD,스틸 그레이,10,11,35529,-4412,21,60,88.5
2025-07,central,LUM,2025,LUM-SP,롱레인지,AWD,실버,8,9,28868,-3584,17,60,88.5
2025-07,central,LUM,2025,LUM-SP,롱레인지,AWD,오션 블루,7,7,22206,-2757,13,60,88.5
2025-07,central,LUM,2025,LUM-SP,롱레인지,AWD,선셋 레드,5,5,17765,-2206,10,60,88.5
2025-07,central,LUM,2025,LUM-SP,롱레인지,AWD,포레스트 그린,3,3,11103,-1379,6,60,88.5
2025-07,central,LUM,2025,LUM-SP,롱레인지,AWD,샌드 베이지,3,3,11103,-1379,6,60,88.5
2025-07,central,LUM,2025,LUM-SP,롱레인지,FWD,스노우 화이트,15,15,49690,-6170,29,60,88.5
2025-07,central,LUM,2025,LUM-SP,롱레인지,FWD,미드나잇 블랙,12,12,39338,-4884,23,60,88.5
2025-07,central,LUM,2025,LUM-SP,롱레인지,FWD,스틸 그레이,10,10,33126,-4113,19,60,88.5
2025-07,central,LUM,2025,LUM-SP,롱레인지,FWD,실버,8,8,26915,-3342,16,60,88.5
2025-07,central,LUM,2025,LUM-SP,롱레인지,FWD,오션 블루,6,6,20704,-2571,12,60,88.5
2025-07,central,LUM,2025,LUM-SP,롱레인지,FWD,선셋 레드,5,5,16563,-2057,10,60,88.5
2025-07,central,LUM,2025,LUM-SP,롱레인지,FWD,포레스트 그린,3,3,10352,-1285,6,60,88.5
2025-07,central,LUM,2025,LUM-SP,롱레인지,FWD,샌드 베이지,3,3,10352,-1285,6,60,88.5
2025-07,south,LUM,2025,LUM-AI,스탠다드 레인지,AWD,스노우 화이트,14,15,39266,-15431,28,60,88.5
2025-07,south,LUM,2025,LUM-AI,스탠다드 레인지,AWD,미드나잇 블랙,11,12,31085,-12216,22,60,88.5
2025-07,south,LUM,2025,LUM-AI,스탠다드 레인지,AWD,스틸 그레이,10,10,26177,-10287,19,60,88.5
2025-07,south,LUM,2025,LUM-AI,스탠다드 레인지,AWD,실버,8,8,21269,-8358,15,60,88.5
2025-07,south,LUM,2025,LUM-AI,스탠다드 레인지,AWD,오션 블루,6,6,16361,-6430,12,60,88.5
2025-07,south,LUM,2025,LUM-AI,스탠다드 레인지,AWD,선셋 레드,5,5,13089,-5144,9,60,88.5
2025-07,south,LUM,2025,LUM-AI,스탠다드 레인지,AWD,포레스트 그린,3,3,8180,-3215,6,59,88.5
2025-07,south,LUM,2025,LUM-AI,스탠다드 레인지,AWD,샌드 베이지,3,3,8180,-3215,6,59,88.5
2025-07,south,LUM,2025,LUM-AI,스탠다드 레인지,FWD,스노우 화이트,30,31,81925,-32196,59,60,88.5
2025-07,south,LUM,2025,LUM-AI,스탠다드 레인지,FWD,미드나잇 블랙,24,24,64857,-25488,47,60,88.5
2025-07,south,LUM,2025,LUM-AI,스탠다드 레인지,FWD,스틸 그레이,20,20,54616,-21464,39,60,88.5
2025-07,south,LUM,2025,LUM-AI,스탠다드 레인지,FWD,실버,16,17,44376,-17439,32,60,88.5
2025-07,south,LUM,2025,LUM-AI,스탠다드 레인지,FWD,오션 블루,12,13,34135,-13415,25,60,88.5
2025-07,south,LUM,2025,LUM-AI,스탠다드 레인지,FWD,선셋 레드,10,10,27308,-10732,20,60,88.5
2025-07,south,LUM,2025,LUM-AI,스탠다드 레인지,FWD,포레스트 그린,6,6,17068,-6707,12,60,88.5
2025-07,south,LUM,2025,LUM-AI,스탠다드 레인지,FWD,샌드 베이지,6,6,17068,-6707,12,60,88.5
2025-07,south,LUM,2025,LUM-AI,롱레인지,AWD,스노우 화이트,27,27,73567,-28911,53,60,88.5
2025-07,south,LUM,2025,LUM-AI,롱레인지,AWD,미드나잇 블랙,21,22,58240,-22888,42,60,88.5
2025-07,south,LUM,2025,LUM-AI,롱레인지,AWD,스틸 그레이,18,18,49045,-19274,35,60,88.5
2025-07,south,LUM,2025,LUM-AI,롱레인지,AWD,실버,15,15,39849,-15660,29,60,88.5
2025-07,south,LUM,2025,LUM-AI,롱레인지,AWD,오션 블루,11,11,30653,-12046,22,60,88.5
2025-07,south,LUM,2025,LUM-AI,롱레인지,AWD,선셋 레드,9,9,24522,-9637,18,60,88.5
2025-07,south,LUM,2025,LUM-AI,롱레인지,AWD,포레스트 그린,6,6,15326,-6023,11,60,88.5
2025-07,south,LUM,2025,LUM-AI,롱레인지,AWD,샌드 베이지,6,6,15326,-6023,11,60,88.5
2025-07,south,LUM,2025,LUM-AI,롱레인지,FWD,스노우 화이트,56,57,153491,-60321,110,60,88.5
2025-07,south,LUM,2025,LUM-AI,롱레인지,FWD,미드나잇 블랙,44,45,121514,-47754,87,60,88.5
2025-07,south,LUM,2025,LUM-AI,롱레인지,FWD,스틸 그레이,37,38,102327,-40214,74,60,88.5
2025-07,south,LUM,2025,LUM-AI,롱레인지,FWD,실버,30,31,83141,-32674,60,60,88.5
2025-07,south,LUM,2025,LUM-AI,롱레인지,FWD,오션 블루,23,24,63955,-25134,46,60,88.5
2025-07,south,LUM,2025,LUM-AI,롱레인지,FWD,선셋 레드,19,19,51164,-20107,37,60,88.5
2025-07,south,LUM,2025,LUM-AI,롱레인지,FWD,포레스트 그린,12,12,31977,-12567,23,60,88.5
2025-07,south,LUM,2025,LUM-AI,롱레인지,FWD,샌드 베이지,12,12,31977,-12567,23,60,88.5
2025-07,south,LUM,2025,LUM-RA,스탠다드 레인지,AWD,스노우 화이트,17,17,49419,-13914,33,60,88.5
2025-07,south,LUM,2025,LUM-RA,스탠다드 레인지,AWD,미드나잇 블랙,13,13,39123,-11015,26,60,88.5
2025-07,south,LUM,2025,LUM-RA,스탠다드 레인지,AWD,스틸 그레이,11,11,32946,-9276,22,60,88.5
2025-07,south,LUM,2025,LUM-RA,스탠다드 레인지,AWD,실버,9,9,26769,-7537,18,60,88.5
2025-07,south,LUM,2025,LUM-RA,스탠다드 레인지,AWD,오션 블루,7,7,20591,-5798,14,60,88.5
2025-07,south,LUM,2025,LUM-RA,스탠다드 레인지,AWD,선셋 레드,6,6,16473,-4638,11,60,88.5
2025-07,south,LUM,2025,LUM-RA,스탠다드 레인지,AWD,포레스트 그린,3,4,10296,-2899,7,60,88.5
2025-07,south,LUM,2025,LUM-RA,스탠다드 레인지,AWD,샌드 베이지,3,4,10296,-2899,7,60,88.5
2025-07,south,LUM,2025,LUM-RA,스탠다드 레인지,FWD,스노우 화이트,35,35,103109,-29030,68,60,88.5
2025-07,south,LUM,2025,LUM-RA,스탠다드 레인지,FWD,미드나잇 블랙,27,28,81628,-22982,54,60,88.5
2025-07,south,LUM,2025,LUM-RA,스탠다드 레인지,FWD,스틸 그레이,23,24,68739,-19354,46,60,88.5
2025-07,south,LUM,2025,LUM-RA,스탠다드 레인지,FWD,실버,19,19,55851,-15725,37,60,88.5
2025-07,south,LUM,2025,LUM-RA,스탠다드 레인지,FWD,오션 블루,14,15,42962,-12096,28,60,88.5
2025-07,south,LUM,2025,LUM-RA,스탠다드 레인지,FWD,선셋 레드,12,12,34370,-9677,23,60,88.5
2025-07,south,LUM,2025,LUM-RA,스탠다드 레인지,FWD,포레스트 그린,7,7,21481,-6048,14,60,88.5
2025-07,south,LUM,2025,LUM-RA,스탠다드 레인지,FWD,샌드 베이지,7,7,21481,-6048,14,60,88.5
2025-07,south,LUM,2025,LUM-RA,롱레인지,AWD,스노우 화이트,31,32,92590,-26069,61,60,88.5
2025-07,south,LUM,2025,LUM-RA,롱레인지,AWD,미드나잇 블랙,25,25,73300,-20638,49,60,88.5
2025-07,south,LUM,2025,LUM-RA,롱레인지,AWD,스틸 그레이,21,21,61727,-17379,41,60,88.5
2025-07,south,LUM,2025,LUM-RA,롱레인지,AWD,실버,17,17,50153,-14121,33,60,88.5
2025-07,south,LUM,2025,LUM-RA,롱레인지,AWD,오션 블루,13,13,38579,-10862,26,60,88.5
2025-07,south,LUM,2025,LUM-RA,롱레인지,AWD,선셋 레드,10,11,30863,-8690,20,60,88.5
2025-07,south,LUM,2025,LUM-RA,롱레인지,AWD,포레스트 그린,6,7,19290,-5431,13,60,88.5
2025-07,south,LUM,2025,LUM-RA,롱레인지,AWD,샌드 베이지,6,7,19290,-5431,13,60,88.5
2025-07,south,LUM,2025,LUM-RA,롱레인지,FWD,스노우 화이트,65,66,193181,-54390,128,60,88.5
2025-07,south,LUM,2025,LUM-RA,롱레인지,FWD,미드나잇 블랙,51,52,152935,-43059,101,60,88.5
2025-07,south,LUM,2025,LUM-RA,롱레인지,FWD,스틸 그레이,43,44,128787,-36260,85,60,88.5
2025-07,south,LUM,2025,LUM-RA,롱레인지,FWD,실버,35,36,104640,-29461,69,60,88.5
2025-07,south,LUM,2025,LUM-RA,롱레인지,FWD,오션 블루,27,28,80492,-22663,53,60,88.5
2025-07,south,LUM,2025,LUM-RA,롱레인지,FWD,선셋 레드,22,22,64394,-18130,43,60,88.5
2025-07,south,LUM,2025,LUM-RA,롱레인지,FWD,포레스트 그린,13,14,40246,-11331,27,60,88.5
2025-07,south,LUM,2025,LUM-RA,롱레인지,FWD,샌드 베이지,13,14,40246,-11331,27,60,88.5
2025-07,south,LUM,2025,LUM-SP,스탠다드 레인지,AWD,스노우 화이트,7,7,23047,-2862,13,60,88.5
2025-07,south,LUM,2025,LUM-SP,스탠다드 레인지,AWD,미드나잇 블랙,5,5,18246,-2266,11,60,88.5
2025-07,south,LUM,2025,LUM-SP,스탠다드 레인지,AWD,스틸 그레이,5,5,15365,-1908,9,60,88.5
2025-07,south,LUM,2025,LUM-SP,스탠다드 레인지,AWD,실버,4,4,12484,-1550,7,60,88.5
2025-07,south,LUM,2025,LUM-SP,스탠다드 레인지,AWD,오션 블루,3,3,9603,-1192,6,56,88.5
2025-07,south,LUM,2025,LUM-SP,스탠다드 레인지,AWD,선셋 레드,2,2,7682,-954,4,45,88.5
2025-07,south,LUM,2025,LUM-SP,스탠다드 레인지,AWD,포레스트 그린,1,1,4802,-596,3,28,88.5
2025-07,south,LUM,2025,LUM-SP,스탠다드 레인지,AWD,샌드 베이지,1,1,4802,-596,3,28,88.5
2025-07,south,LUM,2025,LUM-SP,스탠다드 레인지,FWD,스노우 화이트,14,14,48086,-5971,28,60,88.5
2025-07,south,LUM,2025,LUM-SP,스탠다드 레인지,FWD,미드나잇 블랙,11,11,38068,-4727,22,60,88.5
2025-07,south,LUM,2025,LUM-SP,스탠다드 레인지,FWD,스틸 그레이,9,10,32058,-3981,19,60,88.5
2025-07,south,LUM,2025,LUM-SP,스탠다드 레인지,FWD,실버,8,8,26047,-3234,15,60,88.5
2025-07,south,LUM,2025,LUM-SP,스탠다드 레인지,FWD,오션 블루,6,6,20036,-2488,12,60,88.5
2025-07,south,LUM,2025,LUM-SP,스탠다드 레인지,FWD,선셋 레드,5,5,16029,-1990,9,60,88.5
2025-07,south,LUM,2025,LUM-SP,스탠다드 레인지,FWD,포레스트 그린,3,3,10018,-1244,6,58,88.5
2025-07,south,LUM,2025,LUM-SP,스탠다드 레인지,FWD,샌드 베이지,3,3,10018,-1244,6,58,88.5
2025-07,south,LUM,2025,LUM-SP,롱레인지,AWD,스노우 화이트,13,13,43180,-5362,25,60,88.5
2025-07,south,LUM,2025,LUM-SP,롱레인지,AWD,미드나잇 블랙,10,10,34185,-4245,20,60,88.5
2025-07,south,LUM,2025,LUM-SP,롱레인지,AWD,스틸 그레이,8,9,28787,-3574,17,60,88.5
2025-07,south,LUM,2025,LUM-SP,롱레인지,AWD,실버,7,7,23389,-2904,14,60,88.5
2025-07,south,LUM,2025,LUM-SP,롱레인지,AWD,오션 블루,5,5,17992,-2234,10,60,88.5
2025-07,south,LUM,2025,LUM-SP,롱레인지,AWD,선셋 레드,4,4,14393,-1787,8,60,88.5
2025-07,south,LUM,2025,LUM-SP,롱레인지,AWD,포레스트 그린,3,3,8996,-1117,5,52,88.5
2025-07,south,LUM,2025,LUM-SP,롱레인지,AWD,샌드 베이지,3,3,8996,-1117,5,52,88.5
2025-07,south,LUM,2025,LUM-SP,롱레인지,FWD,스노우 화이트,26,27,90093,-11187,52,60,88.5
2025-07,south,LUM,2025,LUM-SP,롱레인지,FWD,미드나잇 블랙,21,21,71323,-8856,41,60,88.5
2025-07,south,LUM,2025,LUM-SP,롱레인지,FWD,스틸 그레이,18,18,60062,-7458,35,60,88.5
2025-07,south,LUM,2025,LUM-SP,롱레인지,FWD,실버,14,15,48800,-6059,28,60,88.5
2025-07,south,LUM,2025,LUM-SP,롱레인지,FWD,오션 블루,11,11,37539,-4661,22,60,88.5
2025-07,south,LUM,2025,LUM-SP,롱레인지,FWD,선셋 레드,9,9,30031,-3729,17,60,88.5
2025-07,south,LUM,2025,LUM-SP,롱레인지,FWD,포레스트 그린,6,6,18769,-2331,11,60,88.5
2025-07,south,LUM,2025,LUM-SP,롱레인지,FWD,샌드 베이지,6,6,18769,-2331,11,60,88.5
2025-07,northeast,LUM,2025,LUM-AI,스탠다드 레인지,AWD,스노우 화이트,36,37,98610,-38753,71,60,88.5
2025-07,northeast,LUM,2025,LUM-AI,스탠다드 레인지,AWD,미드나잇 블랙,28,29,78067,-30679,56,60,88.5
2025-07,northeast,LUM,2025,LUM-AI,스탠다드 레인지,AWD,스틸 그레이,24,25,65740,-25835,47,60,88.5
2025-07,northeast,LUM,2025,LUM-AI,스탠다드 레인지,AWD,실버,19,20,53414,-20991,38,60,88.5
2025-07,northeast,LUM,2025,LUM-AI,스탠다드 레인지,AWD,오션 블루,15,15,41088,-16147,30,60,88.5
2025-07,northeast,LUM,2025,LUM-AI,스탠다드 레인지,AWD,선셋 레드,12,12,32870,-12918,24,60,88.5
2025-07,northeast,LUM,2025,LUM-AI,스탠다드 레인지,AWD,포레스트 그린,7,8,20544,-8074,15,60,88.5
2025-07,northeast,LUM,2025,LUM-AI,스탠다드 레인지,AWD,샌드 베이지,7,8,20544,-8074,15,60,88.5
2025-07,northeast,LUM,2025,LUM-AI,스탠다드 레인지,FWD,스노우 화이트,25,26,69954,-27491,50,60,88.5
2025-07,northeast,LUM,2025,LUM-AI,스탠다드 레인지,FWD,미드나잇 블랙,20,21,55381,-21764,40,60,88.5
2025-07,northeast,LUM,2025,LUM-AI,스탠다드 레인지,FWD,스틸 그레이,17,17,46636,-18328,34,60,88.5
2025-07,northeast,LUM,2025,LUM-AI,스탠다드 레인지,FWD,실버,14,14,37892,-14891,27,60,88.5
2025-07,northeast,LUM,2025,LUM-AI,스탠다드 레인지,FWD,오션 블루,11,11,29148,-11455,21,60,88.5
2025-07,northeast,LUM,2025,LUM-AI,스탠다드 레인지,FWD,선셋 레드,8,9,23318,-9164,17,60,88.5
2025-07,northeast,LUM,2025,LUM-AI,스탠다드 레인지,FWD,포레스트 그린,5,5,14574,-5727,10,60,88.5
2025-07,northeast,LUM,2025,LUM-AI,스탠다드 레인지,FWD,샌드 베이지,5,5,14574,-5727,10,60,88.5
2025-07,northeast,LUM,2025,LUM-AI,롱레인지,AWD,스노우 화이트,67,69,184753,-72606,133,60,88.5
2025-07,northeast,LUM,2025,LUM-AI,롱레인지,AWD,미드나잇 블랙,53,55,146263,-57480,105,60,88.5
2025-07,northeast,LUM,2025,LUM-AI,롱레인지,AWD,스틸 그레이,45,46,123169,-48404,89,60,88.5
2025-07,northeast,LUM,2025,LUM-AI,롱레인지,AWD,실버,36,37,100074,-39328,72,60,88.5
2025-07,northeast,LUM,2025,LUM-AI,롱레인지,AWD,오션 블루,28,29,76980,-30253,55,60,88.5
2025-07,northeast,LUM,2025,LUM-AI,롱레인지,AWD,선셋 레드,22,23,61584,-24202,44,60,88.5
2025-07,northeast,LUM,2025,LUM-AI,롱레인지,AWD,포레스트 그린,14,14,38490,-15126,28,60,88.5
2025-07,northeast,LUM,2025,LUM-AI,롱레인지,AWD,샌드 베이지,14,14,38490,-15126,28,60,88.5
2025-07,northeast,LUM,2025,LUM-AI,롱레인지,FWD,스노우 화이트,48,49,131064,-51507,94,60,88.5
2025-07,northeast,LUM,2025,LUM-AI,롱레인지,FWD,미드나잇 블랙,38,39,103759,-40776,75,60,88.5
2025-07,northeast,LUM,2025,LUM-AI,롱레인지,FWD,스틸 그레이,32,33,87376,-34338,63,60,88.5
2025-07,northeast,LUM,2025,LUM-AI,롱레인지,FWD,실버,26,26,70993,-27900,51,60,88.5
2025-07,northeast,LUM,2025,LUM-AI,롱레인지,FWD,오션 블루,20,20,54610,-21461,39,60,88.5
2025-07,northeast,LUM,2025,LUM-AI,롱레인지,FWD,선셋 레드,16,16,43688,-17169,31,60,88.5
2025-07,northeast,LUM,2025,LUM-AI,롱레인지,FWD,포레스트 그린,10,10,27305,-10731,20,60,88.5
2025-07,northeast,LUM,2025,LUM-AI,롱레인지,FWD,샌드 베이지,10,10,27305,-10731,20,60,88.5
2025-07,northeast,LUM,2025,LUM-RA,스탠다드 레인지,AWD,스노우 화이트,42,43,124109,-34943,82,60,88.5
2025-07,northeast,LUM,2025,LUM-RA,스탠다드 레인지,AWD,미드나잇 블랙,33,34,98253,-27663,65,60,88.5
2025-07,northeast,LUM,2025,LUM-RA,스탠다드 레인지,AWD,스틸 그레이,28,28,82740,-23295,55,60,88.5
2025-07,northeast,LUM,2025,LUM-RA,스탠다드 레인지,AWD,실버,23,23,67226,-18928,45,60,88.5
2025-07,northeast,LUM,2025,LUM-RA,스탠다드 레인지,AWD,오션 블루,17,18,51712,-14560,34,60,88.5
2025-07,northeast,LUM,2025,LUM-RA,스탠다드 레인지,AWD,선셋 레드,14,14,41370,-11648,27,60,88.5
2025-07,northeast,LUM,2025,LUM-RA,스탠다드 레인지,AWD,포레스트 그린,9,9,25856,-7280,17,60,88.5
2025-07,northeast,LUM,2025,LUM-RA,스탠다드 레인지,AWD,샌드 베이지,9,9,25856,-7280,17,60,88.5
2025-07,northeast,LUM,2025,LUM-RA,스탠다드 레인지,FWD,스노우 화이트,30,30,88043,-24789,58,60,88.5
2025-07,northeast,LUM,2025,LUM-RA,스탠다드 레인지,FWD,미드나잇 블랙,23,24,69701,-19624,46,60,88.5
2025-07,northeast,LUM,2025,LUM-RA,스탠다드 레인지,FWD,스틸 그레이,20,20,58696,-16526,39,60,88.5
2025-07,northeast,LUM,2025,LUM-RA,스탠다드 레인지,FWD,실버,16,16,47690,-13427,32,60,88.5
2025-07,northeast,LUM,2025,LUM-RA,스탠다드 레인지,FWD,오션 블루,12,13,36685,-10329,24,60,88.5
2025-07,northeast,LUM,2025,LUM-RA,스탠다드 레인지,FWD,선셋 레드,10,10,29348,-8263,19,60,88.5
2025-07,northeast,LUM,2025,LUM-RA,스탠다드 레인지,FWD,포레스트 그린,6,6,18342,-5164,12,60,88.5
2025-07,northeast,LUM,2025,LUM-RA,스탠다드 레인지,FWD,샌드 베이지,6,6,18342,-5164,12,60,88.5
2025-07,northeast,LUM,2025,LUM-RA,롱레인지,AWD,스노우 화이트,78,80,232527,-65468,154,60,88.5
2025-07,northeast,LUM,2025,LUM-RA,롱레인지,AWD,미드나잇 블랙,62,63,184084,-51829,122,60,88.5
2025-07,northeast,LUM,2025,LUM-RA,롱레인지,AWD,스틸 그레이,52,53,155018,-43645,103,60,88.5
2025-07,northeast,LUM,2025,LUM-RA,롱레인지,AWD,실버,42,43,125952,-35462,83,60,88.5
2025-07,northeast,LUM,2025,LUM-RA,롱레인지,AWD,오션 블루,32,33,96886,-27278,64,60,88.5
2025-07,northeast,LUM,2025,LUM-RA,롱레인지,AWD,선셋 레드,26,27,77509,-21823,51,60,88.5
2025-07,northeast,LUM,2025,LUM-RA,롱레인지,AWD,포레스트 그린,16,17,48443,-13639,32,60,88.5
2025-07,northeast,LUM,2025,LUM-RA,롱레인지,AWD,샌드 베이지,16,17,48443,-13639,32,60,88.5
2025-07,northeast,LUM,2025,LUM-RA,롱레인지,FWD,스노우 화이트,55,57,164955,-46443,109,60,88.5
2025-07,northeast,LUM,2025,LUM-RA,롱레인지,FWD,미드나잇 블랙,44,45,130589,-36768,86,60,88.5
2025-07,northeast,LUM,2025,LUM-RA,롱레인지,FWD,스틸 그레이,37,38,109970,-30962,73,60,88.5
2025-07,northeast,LUM,2025,LUM-RA,롱레인지,FWD,실버,30,31,89350,-25157,59,60,88.5
2025-07,northeast,LUM,2025,LUM-RA,롱레인지,FWD,오션 블루,23,24,68731,-19351,46,60,88.5
2025-07,northeast,LUM,2025,LUM-RA,롱레인지,FWD,선셋 레드,18,19,54985,-15481,36,60,88.5
2025-07,northeast,LUM,2025,LUM-RA,롱레인지,FWD,포레스트 그린,12,12,34366,-9676,23,60,88.5
2025-07,northeast,LUM,2025,LUM-RA,롱레인지,FWD,샌드 베이지,12,12,34366,-9676,23,60,88.5
2025-07,northeast,LUM,2025,LUM-SP,스탠다드 레인지,AWD,스노우 화이트,17,17,57880,-7187,34,60,88.5
2025-07,northeast,LUM,2025,LUM-SP,스탠다드 레인지,AWD,미드나잇 블랙,13,14,45822,-5690,27,60,88.5
2025-07,northeast,LUM,2025,LUM-SP,스탠다드 레인지,AWD,스틸 그레이,11,12,38587,-4791,22,60,88.5
2025-07,northeast,LUM,2025,LUM-SP,스탠다드 레인지,AWD,실버,9,9,31352,-3893,18,60,88.5
2025-07,northeast,LUM,2025,LUM-SP,스탠다드 레인지,AWD,오션 블루,7,7,24117,-2995,14,60,88.5
2025-07,northeast,LUM,2025,LUM-SP,스탠다드 레인지,AWD,선셋 레드,6,6,19293,-2396,11,60,88.5
2025-07,northeast,LUM,2025,LUM-SP,스탠다드 레인지,AWD,포레스트 그린,4,4,12058,-1497,7,60,88.5
2025-07,northeast,LUM,2025,LUM-SP,스탠다드 레인지,AWD,샌드 베이지,4,4,12058,-1497,7,60,88.5
2025-07,northeast,LUM,2025,LUM-SP,스탠다드 레인지,FWD,스노우 화이트,12,12,41060,-5098,24,60,88.5
2025-07,northeast,LUM,2025,LUM-SP,스탠다드 레인지,FWD,미드나잇 블랙,10,10,32506,-4036,19,60,88.5
2025-07,northeast,LUM,2025,LUM-SP,스탠다드 레인지,FWD,스틸 그레이,8,8,27373,-3399,16,60,88.5
2025-07,northeast,LUM,2025,LUM-SP,스탠다드 레인지,FWD,실버,7,7,22241,-2762,13,60,88.5
2025-07,northeast,LUM,2025,LUM-SP,스탠다드 레인지,FWD,오션 블루,5,5,17108,-2124,10,60,88.5
2025-07,northeast,LUM,2025,LUM-SP,스탠다드 레인지,FWD,선셋 레드,4,4,13687,-1699,8,60,88.5
2025-07,northeast,LUM,2025,LUM-SP,스탠다드 레인지,FWD,포레스트 그린,3,3,8554,-1062,5,50,88.5
2025-07,northeast,LUM,2025,LUM-SP,스탠다드 레인지,FWD,샌드 베이지,3,3,8554,-1062,5,50,88.5
2025-07,northeast,LUM,2025,LUM-SP,롱레인지,AWD,스노우 화이트,32,33,108442,-13465,63,60,88.5
2025-07,northeast,LUM,2025,LUM-SP,롱레인지,AWD,미드나잇 블랙,25,26,85850,-10660,50,60,88.5
2025-07,northeast,LUM,2025,LUM-SP,롱레인지,AWD,스틸 그레이,21,22,72295,-8977,42,60,88.5
2025-07,northeast,LUM,2025,LUM-SP,롱레인지,AWD,실버,17,18,58739,-7294,34,60,88.5
2025-07,northeast,LUM,2025,LUM-SP,롱레인지,AWD,오션 블루,13,14,45184,-5610,26,60,88.5
2025-07,northeast,LUM,2025,LUM-SP,롱레인지,AWD,선셋 레드,11,11,36147,-4488,21,60,88.5
2025-07,northeast,LUM,2025,LUM-SP,롱레인지,AWD,포레스트 그린,7,7,22592,-2805,13,60,88.5
2025-07,northeast,LUM,2025,LUM-SP,롱레인지,AWD,샌드 베이지,7,7,22592,-2805,13,60,88.5
2025-07,northeast,LUM,2025,LUM-SP,롱레인지,FWD,스노우 화이트,23,23,76929,-9552,45,60,88.5
2025-07,northeast,LUM,2025,LUM-SP,롱레인지,FWD,미드나잇 블랙,18,18,60902,-7562,35,60,88.5
2025-07,northeast,LUM,2025,LUM-SP,롱레인지,FWD,스틸 그레이,15,15,51286,-6368,30,60,88.5
2025-07,northeast,LUM,2025,LUM-SP,롱레인지,FWD,실버,12,13,41670,-5174,24,60,88.5
2025-07,northeast,LUM,2025,LUM-SP,롱레인지,FWD,오션 블루,9,10,32054,-3980,19,60,88.5
2025-07,northeast,LUM,2025,LUM-SP,롱레인지,FWD,선셋 레드,8,8,25643,-3184,15,60,88.5
2025-07,northeast,LUM,2025,LUM-SP,롱레인지,FWD,포레스트 그린,5,5,16027,-1990,9,60,88.5
2025-07,northeast,LUM,2025,LUM-SP,롱레인지,FWD,샌드 베이지,5,5,16027,-1990,9,60,88.5
2025-07,southeast,LUM,2025,LUM-AI,스탠다드 레인지,AWD,스노우 화이트,18,19,50569,-19873,36,60,88.5
2025-07,southeast,LUM,2025,LUM-AI,스탠다드 레인지,AWD,미드나잇 블랙,15,15,40034,-15733,29,60,88.5
2025-07,southeast,LUM,2025,LUM-AI,스탠다드 레인지,AWD,스틸 그레이,12,13,33713,-13249,24,60,88.5
2025-07,southeast,LUM,2025,LUM-AI,스탠다드 레인지,AWD,실버,10,10,27392,-10765,20,60,88.5
2025-07,southeast,LUM,2025,LUM-AI,스탠다드 레인지,AWD,오션 블루,8,8,21071,-8281,15,60,88.5
2025-07,southeast,LUM,2025,LUM-AI,스탠다드 레인지,AWD,선셋 레드,6,6,16856,-6624,12,60,88.5
2025-07,southeast,LUM,2025,LUM-AI,스탠다드 레인지,AWD,포레스트 그린,4,4,10535,-4140,8,60,88.5
2025-07,southeast,LUM,2025,LUM-AI,스탠다드 레인지,AWD,샌드 베이지,4,4,10535,-4140,8,60,88.5
2025-07,southeast,LUM,2025,LUM-AI,스탠다드 레인지,FWD,스노우 화이트,30,30,81638,-32083,59,60,88.5
2025-07,southeast,LUM,2025,LUM-AI,스탠다드 레인지,FWD,미드나잇 블랙,24,24,64630,-25399,47,60,88.5
2025-07,southeast,LUM,2025,LUM-AI,스탠다드 레인지,FWD,스틸 그레이,20,20,54426,-21389,39,60,88.5
2025-07,southeast,LUM,2025,LUM-AI,스탠다드 레인지,FWD,실버,16,16,44221,-17378,32,60,88.5
2025-07,southeast,LUM,2025,LUM-AI,스탠다드 레인지,FWD,오션 블루,12,13,34016,-13368,24,60,88.5
2025-07,southeast,LUM,2025,LUM-AI,스탠다드 레인지,FWD,선셋 레드,10,10,27213,-10694,20,60,88.5
2025-07,southeast,LUM,2025,LUM-AI,스탠다드 레인지,FWD,포레스트 그린,6,6,17008,-6684,12,60,88.5
2025-07,southeast,LUM,2025,LUM-AI,스탠다드 레인지,FWD,샌드 베이지,6,6,17008,-6684,12,60,88.5
2025-07,southeast,LUM,2025,LUM-AI,롱레인지,AWD,스노우 화이트,35,35,94745,-37234,68,60,88.5
2025-07,southeast,LUM,2025,LUM-AI,롱레인지,AWD,미드나잇 블랙,27,28,75007,-29477,54,60,88.5
2025-07,southeast,LUM,2025,LUM-AI,롱레인지,AWD,스틸 그레이,23,24,63163,-24823,45,60,88.5
2025-07,southeast,LUM,2025,LUM-AI,롱레인지,AWD,실버,19,19,51320,-20168,37,60,88.5
2025-07,southeast,LUM,2025,LUM-AI,롱레인지,AWD,오션 블루,14,15,39477,-15514,28,60,88.5
2025-07,southeast,LUM,2025,LUM-AI,롱레인지,AWD,선셋 레드,12,12,31582,-12411,23,60,88.5
2025-07,southeast,LUM,2025,LUM-AI,롱레인지,AWD,포레스트 그린,7,7,19739,-7757,14,60,88.5
2025-07,southeast,LUM,2025,LUM-AI,롱레인지,AWD,샌드 베이지,7,7,19739,-7757,14,60,88.5
2025-07,southeast,LUM,2025,LUM-AI,롱레인지,FWD,스노우 화이트,56,57,152954,-60110,110,60,88.5
2025-07,southeast,LUM,2025,LUM-AI,롱레인지,FWD,미드나잇 블랙,44,45,121089,-47587,87,60,88.5
2025-07,southeast,LUM,2025,LUM-AI,롱레인지,FWD,스틸 그레이,37,38,101970,-40073,73,60,88.5
2025-07,southeast,LUM,2025,LUM-AI,롱레인지,FWD,실버,30,31,82850,-32559,60,60,88.5
2025-07,southeast,LUM,2025,LUM-AI,롱레인지,FWD,오션 블루,23,24,63731,-25046,46,60,88.5
2025-07,southeast,LUM,2025,LUM-AI,롱레인지,FWD,선셋 레드,19,19,50985,-20037,37,60,88.5
2025-07,southeast,LUM,2025,LUM-AI,롱레인지,FWD,포레스트 그린,12,12,31866,-12523,23,60,88.5
2025-07,southeast,LUM,2025,LUM-AI,롱레인지,FWD,샌드 베이지,12,12,31866,-12523,23,60,88.5
2025-07,southeast,LUM,2025,LUM-RA,스탠다드 레인지,AWD,스노우 화이트,21,22,63646,-17920,42,60,88.5
2025-07,southeast,LUM,2025,LUM-RA,스탠다드 레인지,AWD,미드나잇 블랙,17,17,50386,-14186,33,60,88.5
2025-07,southeast,LUM,2025,LUM-RA,스탠다드 레인지,AWD,스틸 그레이,14,15,42431,-11946,28,60,88.5
2025-07,southeast,LUM,2025,LUM-RA,스탠다드 레인지,AWD,실버,12,12,34475,-9706,23,60,88.5
2025-07,southeast,LUM,2025,LUM-RA,스탠다드 레인지,AWD,오션 블루,9,9,26519,-7466,18,60,88.5
2025-07,southeast,LUM,2025,LUM-RA,스탠다드 레인지,AWD,선셋 레드,7,7,21215,-5973,14,60,88.5
2025-07,southeast,LUM,2025,LUM-RA,스탠다드 레인지,AWD,포레스트 그린,4,5,13260,-3733,9,60,88.5
2025-07,southeast,LUM,2025,LUM-RA,스탠다드 레인지,AWD,샌드 베이지,4,5,13260,-3733,9,60,88.5
2025-07,southeast,LUM,2025,LUM-RA,스탠다드 레인지,FWD,스노우 화이트,34,35,102748,-28929,68,60,88.5
2025-07,southeast,LUM,2025,LUM-RA,스탠다드 레인지,FWD,미드나잇 블랙,27,28,81342,-22902,54,60,88.5
2025-07,southeast,LUM,2025,LUM-RA,스탠다드 레인지,FWD,스틸 그레이,23,23,68499,-19286,45,60,88.5
2025-07,southeast,LUM,2025,LUM-RA,스탠다드 레인지,FWD,실버,19,19,55655,-15670,37,60,88.5
2025-07,southeast,LUM,2025,LUM-RA,스탠다드 레인지,FWD,오션 블루,14,15,42812,-12054,28,60,88.5
2025-07,southeast,LUM,2025,LUM-RA,스탠다드 레인지,FWD,선셋 레드,11,12,34249,-9643,23,60,88.5
2025-07,southeast,LUM,2025,LUM-RA,스탠다드 레인지,FWD,포레스트 그린,7,7,21406,-6027,14,60,88.5
2025-07,southeast,LUM,2025,LUM-RA,스탠다드 레인지,FWD,샌드 베이지,7,7,21406,-6027,14,60,88.5
2025-07,southeast,LUM,2025,LUM-RA,롱레인지,AWD,스노우 화이트,40,41,119244,-33573,79,60,88.5
2025-07,southeast,LUM,2025,LUM-RA,롱레인지,AWD,미드나잇 블랙,32,32,94402,-26579,63,60,88.5
2025-07,southeast,LUM,2025,LUM-RA,롱레인지,AWD,스틸 그레이,27,27,79496,-22382,53,60,88.5
2025-07,southeast,LUM,2025,LUM-RA,롱레인지,AWD,실버,22,22,64591,-18186,43,60,88.5
2025-07,southeast,LUM,2025,LUM-RA,롱레인지,AWD,오션 블루,17,17,49685,-13989,33,60,88.5
2025-07,southeast,LUM,2025,LUM-RA,롱레인지,AWD,선셋 레드,13,14,39748,-11191,26,60,88.5
2025-07,southeast,LUM,2025,LUM-RA,롱레인지,AWD,포레스트 그린,8,9,24843,-6994,16,60,88.5
2025-07,southeast,LUM,2025,LUM-RA,롱레인지,AWD,샌드 베이지,8,9,24843,-6994,16,60,88.5
2025-07,southeast,LUM,2025,LUM-RA,롱레인지,FWD,스노우 화이트,65,66,192506,-54200,127,60,88.5
2025-07,southeast,LUM,2025,LUM-RA,롱레인지,FWD,미드나잇 블랙,51,52,152400,-42909,101,60,88.5
2025-07,southeast,LUM,2025,LUM-RA,롱레인지,FWD,스틸 그레이,43,44,128337,-36133,85,60,88.5
2025-07,southeast,LUM,2025,LUM-RA,롱레인지,FWD,실버,35,36,104274,-29358,69,60,88.5
2025-07,southeast,LUM,2025,LUM-RA,롱레인지,FWD,오션 블루,27,28,80211,-22583,53,60,88.5
2025-07,southeast,LUM,2025,LUM-RA,롱레인지,FWD,선셋 레드,22,22,64169,-18067,42,60,88.5
2025-07,southeast,LUM,2025,LUM-RA,롱레인지,FWD,포레스트 그린,13,14,40105,-11292,27,60,88.5
2025-07,southeast,LUM,2025,LUM-RA,롱레인지,FWD,샌드 베이지,13,14,40105,-11292,27,60,88.5
2025-07,southeast,LUM,2025,LUM-SP,스탠다드 레인지,AWD,스노우 화이트,9,9,29682,-3686,17,60,88.5
2025-07,southeast,LUM,2025,LUM-SP,스탠다드 레인지,AWD,미드나잇 블랙,7,7,23498,-2918,14,60,88.5
2025-07,southeast,LUM,2025,LUM-SP,스탠다드 레인지,AWD,스틸 그레이,6,6,19788,-2457,11,60,88.5
2025-07,southeast,LUM,2025,LUM-SP,스탠다드 레인지,AWD,실버,5,5,16078,-1996,9,60,88.5
2025-07,southeast,LUM,2025,LUM-SP,스탠다드 레인지,AWD,오션 블루,4,4,12368,-1536,7,60,88.5
2025-07,southeast,LUM,2025,LUM-SP,스탠다드 레인지,AWD,선셋 레드,3,3,9894,-1229,6,57,88.5
2025-07,southeast,LUM,2025,LUM-SP,스탠다드 레인지,AWD,포레스트 그린,2,2,6184,-768,4,36,88.5
2025-07,southeast,LUM,2025,LUM-SP,스탠다드 레인지,AWD,샌드 베이지,2,2,6184,-768,4,36,88.5
2025-07,southeast,LUM,2025,LUM-SP,스탠다드 레인지,FWD,스노우 화이트,14,14,47918,-5950,28,60,88.5
2025-07,southeast,LUM,2025,LUM-SP,스탠다드 레인지,FWD,미드나잇 블랙,11,11,37935,-4710,22,60,88.5
2025-07,southeast,LUM,2025,LUM-SP,스탠다드 레인지,FWD,스틸 그레이,9,10,31945,-3967,19,60,88.5
2025-07,southeast,LUM,2025,LUM-SP,스탠다드 레인지,FWD,실버,8,8,25956,-3223,15,60,88.5
2025-07,southeast,LUM,2025,LUM-SP,스탠다드 레인지,FWD,오션 블루,6,6,19966,-2479,12,60,88.5
2025-07,southeast,LUM,2025,LUM-SP,스탠다드 레인지,FWD,선셋 레드,5,5,15973,-1983,9,60,88.5
2025-07,southeast,LUM,2025,LUM-SP,스탠다드 레인지,FWD,포레스트 그린,3,3,9983,-1240,6,58,88.5
2025-07,southeast,LUM,2025,LUM-SP,스탠다드 레인지,FWD,샌드 베이지,3,3,9983,-1240,6,58,88.5
2025-07,southeast,LUM,2025,LUM-SP,롱레인지,AWD,스노우 화이트,16,17,55611,-6905,32,60,88.5
2025-07,southeast,LUM,2025,LUM-SP,롱레인지,AWD,미드나잇 블랙,13,13,44026,-5467,26,60,88.5
2025-07,southeast,LUM,2025,LUM-SP,롱레인지,AWD,스틸 그레이,11,11,37074,-4603,22,60,88.5
2025-07,southeast,LUM,2025,LUM-SP,롱레인지,AWD,실버,9,9,30123,-3740,17,60,88.5
2025-07,southeast,LUM,2025,LUM-SP,롱레인지,AWD,오션 블루,7,7,23171,-2877,13,60,88.5
2025-07,southeast,LUM,2025,LUM-SP,롱레인지,AWD,선셋 레드,5,6,18537,-2302,11,60,88.5
2025-07,southeast,LUM,2025,LUM-SP,롱레인지,AWD,포레스트 그린,3,3,11586,-1439,7,60,88.5
2025-07,southeast,LUM,2025,LUM-SP,롱레인지,AWD,샌드 베이지,3,3,11586,-1439,7,60,88.5
2025-07,southeast,LUM,2025,LUM-SP,롱레인지,FWD,스노우 화이트,26,27,89778,-11148,52,60,88.5
2025-07,southeast,LUM,2025,LUM-SP,롱레인지,FWD,미드나잇 블랙,21,21,71074,-8825,41,60,88.5
2025-07,southeast,LUM,2025,LUM-SP,롱레인지,FWD,스틸 그레이,18,18,59852,-7432,35,60,88.5
2025-07,southeast,LUM,2025,LUM-SP,롱레인지,FWD,실버,14,15,48630,-6038,28,60,88.5
2025-07,southeast,LUM,2025,LUM-SP,롱레인지,FWD,오션 블루,11,11,37407,-4645,22,60,88.5
2025-07,southeast,LUM,2025,LUM-SP,롱레인지,FWD,선셋 레드,9,9,29926,-3716,17,60,88.5
2025-07,southeast,LUM,2025,LUM-SP,롱레인지,FWD,포레스트 그린,5,6,18704,-2322,11,60,88.5
2025-07,southeast,LUM,2025,LUM-SP,롱레인지,FWD,샌드 베이지,5,6,18704,-2322,11,60,88.5
