ym,zone_id,model_id,model_year,trim_id,engine,drivetrain,color,retail_qty,wholesale_qty,variable_margin_usd,op_profit_usd,stock_qty,days_supply,csi_score
2026-07,west,TRN,2026,TRN-CO,3.5 가솔린,AWD,스노우 화이트,128,126,536418,222866,266,63,88.5
2026-07,west,TRN,2026,TRN-CO,3.5 가솔린,AWD,미드나잇 블랙,101,100,424664,176436,211,63,88.5
2026-07,west,TRN,2026,TRN-CO,3.5 가솔린,AWD,스틸 그레이,85,84,357612,148577,177,63,88.5
2026-07,west,TRN,2026,TRN-CO,3.5 가솔린,AWD,실버,69,68,290560,120719,144,63,88.5
2026-07,west,TRN,2026,TRN-CO,3.5 가솔린,AWD,오션 블루,53,53,223508,92861,111,63,88.5
2026-07,west,TRN,2026,TRN-CO,3.5 가솔린,AWD,선셋 레드,43,42,178806,74289,89,63,88.5
2026-07,west,TRN,2026,TRN-CO,3.5 가솔린,AWD,포레스트 그린,27,26,111754,46430,55,63,88.5
2026-07,west,TRN,2026,TRN-CO,3.5 가솔린,AWD,샌드 베이지,27,26,111754,46430,55,63,88.5
2026-07,west,TRN,2026,TRN-CO,3.5 가솔린,FWD,스노우 화이트,43,42,178806,74289,89,63,88.5
2026-07,west,TRN,2026,TRN-CO,3.5 가솔린,FWD,미드나잇 블랙,34,33,141555,58812,70,63,88.5
2026-07,west,TRN,2026,TRN-CO,3.5 가솔린,FWD,스틸 그레이,28,28,119204,49526,59,63,88.5
2026-07,west,TRN,2026,TRN-CO,3.5 가솔린,FWD,실버,23,23,96853,40240,48,63,88.5
2026-07,west,TRN,2026,TRN-CO,3.5 가솔린,FWD,오션 블루,18,18,74503,30954,37,63,88.5
2026-07,west,TRN,2026,TRN-CO,3.5 가솔린,FWD,선셋 레드,14,14,59602,24763,30,63,88.5
2026-07,west,TRN,2026,TRN-CO,3.5 가솔린,FWD,포레스트 그린,9,9,37251,15477,18,63,88.5
2026-07,west,TRN,2026,TRN-CO,3.5 가솔린,FWD,샌드 베이지,9,9,37251,15477,18,63,88.5
2026-07,west,TRN,2026,TRN-CO,2.5T 하이브리드,AWD,스노우 화이트,150,148,629708,261625,312,63,88.5
2026-07,west,TRN,2026,TRN-CO,2.5T 하이브리드,AWD,미드나잇 블랙,119,117,498519,207120,247,63,88.5
2026-07,west,TRN,2026,TRN-CO,2.5T 하이브리드,AWD,스틸 그레이,100,99,419806,174417,208,63,88.5
2026-07,west,TRN,2026,TRN-CO,2.5T 하이브리드,AWD,실버,81,80,341092,141714,169,63,88.5
2026-07,west,TRN,2026,TRN-CO,2.5T 하이브리드,AWD,오션 블루,63,62,262379,109011,130,63,88.5
2026-07,west,TRN,2026,TRN-CO,2.5T 하이브리드,AWD,선셋 레드,50,49,209903,87208,104,63,88.5
2026-07,west,TRN,2026,TRN-CO,2.5T 하이브리드,AWD,포레스트 그린,31,31,131189,54505,65,63,88.5
2026-07,west,TRN,2026,TRN-CO,2.5T 하이브리드,AWD,샌드 베이지,31,31,131189,54505,65,63,88.5
2026-07,west,TRN,2026,TRN-CO,2.5T 하이브리드,FWD,스노우 화이트,50,49,209903,87208,104,63,88.5
2026-07,west,TRN,2026,TRN-CO,2.5T 하이브리드,FWD,미드나잇 블랙,40,39,166173,69040,82,63,88.5
2026-07,west,TRN,2026,TRN-CO,2.5T 하이브리드,FWD,스틸 그레이,33,33,139935,58139,69,63,88.5
2026-07,west,TRN,2026,TRN-CO,2.5T 하이브리드,FWD,실버,27,27,113697,47238,56,63,88.5
2026-07,west,TRN,2026,TRN-CO,2.5T 하이브리드,FWD,오션 블루,21,21,87460,36337,43,63,88.5
2026-07,west,TRN,2026,TRN-CO,2.5T 하이브리드,FWD,선셋 레드,17,16,69968,29069,35,63,88.5
2026-07,west,TRN,2026,TRN-CO,2.5T 하이브리드,FWD,포레스트 그린,10,10,43730,18168,22,63,88.5
2026-07,west,TRN,2026,TRN-CO,2.5T 하이브리드,FWD,샌드 베이지,10,10,43730,18168,22,63,88.5
2026-07,west,TRN,2026,TRN-PR,3.5 가솔린,AWD,스노우 화이트,148,146,675126,312065,308,63,88.5
2026-07,west,TRN,2026,TRN-PR,3.5 가솔린,AWD,미드나잇 블랙,117,116,534475,247052,244,63,88.5
2026-07,west,TRN,2026,TRN-PR,3.5 가솔린,AWD,스틸 그레이,99,97,450084,208044,205,63,88.5
2026-07,west,TRN,2026,TRN-PR,3.5 가솔린,AWD,실버,80,79,365693,169035,167,63,88.5
2026-07,west,TRN,2026,TRN-PR,3.5 가솔린,AWD,오션 블루,62,61,281303,130027,128,63,88.5
2026-07,west,TRN,2026,TRN-PR,3.5 가솔린,AWD,선셋 레드,49,49,225042,104022,103,63,88.5
2026-07,west,TRN,2026,TRN-PR,3.5 가솔린,AWD,포레스트 그린,31,30,140651,65014,64,63,88.5
2026-07,west,TRN,2026,TRN-PR,3.5 가솔린,AWD,샌드 베이지,31,30,140651,65014,64,63,88.5
2026-07,west,TRN,2026,TRN-PR,3.5 가솔린,FWD,스노우 화이트,49,49,225042,104022,103,63,88.5
2026-07,west,TRN,2026,TRN-PR,3.5 가솔린,FWD,미드나잇 블랙,39,39,178158,82351,81,63,88.5
2026-07,west,TRN,2026,TRN-PR,3.5 가솔린,FWD,스틸 그레이,33,32,150028,69348,68,63,88.5
2026-07,west,TRN,2026,TRN-PR,3.5 가솔린,FWD,실버,27,26,121898,56345,56,63,88.5
2026-07,west,TRN,2026,TRN-PR,3.5 가솔린,FWD,오션 블루,21,20,93768,43342,43,63,88.5
2026-07,west,TRN,2026,TRN-PR,3.5 가솔린,FWD,선셋 레드,16,16,75014,34674,34,63,88.5
2026-07,west,TRN,2026,TRN-PR,3.5 가솔린,FWD,포레스트 그린,10,10,46884,21671,21,63,88.5
2026-07,west,TRN,2026,TRN-PR,3.5 가솔린,FWD,샌드 베이지,10,10,46884,21671,21,63,88.5
2026-07,west,TRN,2026,TRN-PR,2.5T 하이브리드,AWD,스노우 화이트,174,171,792539,366338,362,63,88.5
2026-07,west,TRN,2026,TRN-PR,2.5T 하이브리드,AWD,미드나잇 블랙,138,136,627427,290017,286,63,88.5
2026-07,west,TRN,2026,TRN-PR,2.5T 하이브리드,AWD,스틸 그레이,116,114,528359,244225,241,63,88.5
2026-07,west,TRN,2026,TRN-PR,2.5T 하이브리드,AWD,실버,94,93,429292,198433,196,63,88.5
2026-07,west,TRN,2026,TRN-PR,2.5T 하이브리드,AWD,오션 블루,73,71,330225,152641,151,63,88.5
2026-07,west,TRN,2026,TRN-PR,2.5T 하이브리드,AWD,선셋 레드,58,57,264180,122113,121,63,88.5
2026-07,west,TRN,2026,TRN-PR,2.5T 하이브리드,AWD,포레스트 그린,36,36,165112,76320,75,63,88.5
2026-07,west,TRN,2026,TRN-PR,2.5T 하이브리드,AWD,샌드 베이지,36,36,165112,76320,75,63,88.5
2026-07,west,TRN,2026,TRN-PR,2.5T 하이브리드,FWD,스노우 화이트,58,57,264180,122113,121,63,88.5
2026-07,west,TRN,2026,TRN-PR,2.5T 하이브리드,FWD,미드나잇 블랙,46,45,209142,96672,95,63,88.5
2026-07,west,TRN,2026,TRN-PR,2.5T 하이브리드,FWD,스틸 그레이,39,38,176120,81408,80,63,88.5
2026-07,west,TRN,2026,TRN-PR,2.5T 하이브리드,FWD,실버,31,31,143097,66144,65,63,88.5
2026-07,west,TRN,2026,TRN-PR,2.5T 하이브리드,FWD,오션 블루,24,24,110075,50880,50,63,88.5
2026-07,west,TRN,2026,TRN-PR,2.5T 하이브리드,FWD,선셋 레드,19,19,88060,40704,40,63,88.5
2026-07,west,TRN,2026,TRN-PR,2.5T 하이브리드,FWD,포레스트 그린,12,12,55037,25440,25,63,88.5
2026-07,west,TRN,2026,TRN-PR,2.5T 하이브리드,FWD,샌드 베이지,12,12,55037,25440,25,63,88.5
2026-07,west,TRN,2026,TRN-SU,3.5 가솔린,AWD,스노우 화이트,61,60,314854,166329,126,63,88.5
2026-07,west,TRN,2026,TRN-SU,3.5 가솔린,AWD,미드나잇 블랙,48,47,249260,131677,100,63,88.5
2026-07,west,TRN,2026,TRN-SU,3.5 가솔린,AWD,스틸 그레이,40,40,209903,110886,84,63,88.5
2026-07,west,TRN,2026,TRN-SU,3.5 가솔린,AWD,실버,33,32,170546,90095,68,63,88.5
2026-07,west,TRN,2026,TRN-SU,3.5 가솔린,AWD,오션 블루,25,25,131189,69304,53,63,88.5
2026-07,west,TRN,2026,TRN-SU,3.5 가솔린,AWD,선셋 레드,20,20,104951,55443,42,63,88.5
2026-07,west,TRN,2026,TRN-SU,3.5 가솔린,AWD,포레스트 그린,13,12,65595,34652,26,63,88.5
2026-07,west,TRN,2026,TRN-SU,3.5 가솔린,AWD,샌드 베이지,13,12,65595,34652,26,63,88.5
2026-07,west,TRN,2026,TRN-SU,3.5 가솔린,FWD,스노우 화이트,20,20,104951,55443,42,63,88.5
2026-07,west,TRN,2026,TRN-SU,3.5 가솔린,FWD,미드나잇 블랙,16,16,83087,43892,33,63,88.5
2026-07,west,TRN,2026,TRN-SU,3.5 가솔린,FWD,스틸 그레이,13,13,69968,36962,28,63,88.5
2026-07,west,TRN,2026,TRN-SU,3.5 가솔린,FWD,실버,11,11,56849,30032,23,63,88.5
2026-07,west,TRN,2026,TRN-SU,3.5 가솔린,FWD,오션 블루,8,8,43730,23101,18,63,88.5
2026-07,west,TRN,2026,TRN-SU,3.5 가솔린,FWD,선셋 레드,7,7,34984,18481,14,63,88.5
2026-07,west,TRN,2026,TRN-SU,3.5 가솔린,FWD,포레스트 그린,4,4,21865,11551,9,63,88.5
2026-07,west,TRN,2026,TRN-SU,3.5 가솔린,FWD,샌드 베이지,4,4,21865,11551,9,63,88.5
2026-07,west,TRN,2026,TRN-SU,2.5T 하이브리드,AWD,스노우 화이트,71,70,369611,195256,148,63,88.5
2026-07,west,TRN,2026,TRN-SU,2.5T 하이브리드,AWD,미드나잇 블랙,56,56,292609,154578,117,63,88.5
2026-07,west,TRN,2026,TRN-SU,2.5T 하이브리드,AWD,스틸 그레이,48,47,246408,130171,99,63,88.5
2026-07,west,TRN,2026,TRN-SU,2.5T 하이브리드,AWD,실버,39,38,200206,105764,80,63,88.5
2026-07,west,TRN,2026,TRN-SU,2.5T 하이브리드,AWD,오션 블루,30,29,154005,81357,62,63,88.5
2026-07,west,TRN,2026,TRN-SU,2.5T 하이브리드,AWD,선셋 레드,24,23,123204,65085,49,63,88.5
2026-07,west,TRN,2026,TRN-SU,2.5T 하이브리드,AWD,포레스트 그린,15,15,77002,40678,31,63,88.5
2026-07,west,TRN,2026,TRN-SU,2.5T 하이브리드,AWD,샌드 베이지,15,15,77002,40678,31,63,88.5
2026-07,west,TRN,2026,TRN-SU,2.5T 하이브리드,FWD,스노우 화이트,24,23,123204,65085,49,63,88.5
2026-07,west,TRN,2026,TRN-SU,2.5T 하이브리드,FWD,미드나잇 블랙,19,19,97536,51526,39,63,88.5
2026-07,west,TRN,2026,TRN-SU,2.5T 하이브리드,FWD,스틸 그레이,16,16,82136,43390,33,63,88.5
2026-07,west,TRN,2026,TRN-SU,2.5T 하이브리드,FWD,실버,13,13,66735,35255,27,63,88.5
2026-07,west,TRN,2026,TRN-SU,2.5T 하이브리드,FWD,오션 블루,10,10,51335,27119,21,63,88.5
2026-07,west,TRN,2026,TRN-SU,2.5T 하이브리드,FWD,선셋 레드,8,8,41068,21695,16,63,88.5
2026-07,west,TRN,2026,TRN-SU,2.5T 하이브리드,FWD,포레스트 그린,5,5,25667,13559,10,63,88.5
2026-07,west,TRN,2026,TRN-SU,2.5T 하이브리드,FWD,샌드 베이지,5,5,25667,13559,10,63,88.5
2026-07,central,TRN,2026,TRN-CO,3.5 가솔린,AWD,스노우 화이트,96,95,403345,167578,200,63,88.5
2026-07,central,TRN,2026,TRN-CO,3.5 가솔린,AWD,미드나잇 블랙,76,75,319315,132666,158,63,88.5
2026-07,central,TRN,2026,TRN-CO,3.5 가솔린,AWD,스틸 그레이,64,63,268897,111719,133,63,88.5
2026-07,central,TRN,2026,TRN-CO,3.5 가솔린,AWD,실버,52,51,218479,90771,108,63,88.5
2026-07,central,TRN,2026,TRN-CO,3.5 가솔린,AWD,오션 블루,40,40,168061,69824,83,63,88.5
2026-07,central,TRN,2026,TRN-CO,3.5 가솔린,AWD,선셋 레드,32,32,134448,55859,67,63,88.5
2026-07,central,TRN,2026,TRN-CO,3.5 가솔린,AWD,포레스트 그린,20,20,84030,34912,42,63,88.5
2026-07,central,TRN,2026,TRN-CO,3.5 가솔린,AWD,샌드 베이지,20,20,84030,34912,42,63,88.5
2026-07,central,TRN,2026,TRN-CO,3.5 가솔린,FWD,스노우 화이트,15,15,64301,26715,32,63,88.5
2026-07,central,TRN,2026,TRN-CO,3.5 가솔린,FWD,미드나잇 블랙,12,12,50905,21150,25,63,88.5
2026-07,central,TRN,2026,TRN-CO,3.5 가솔린,FWD,스틸 그레이,10,10,42868,17810,21,63,88.5
2026-07,central,TRN,2026,TRN-CO,3.5 가솔린,FWD,실버,8,8,34830,14471,17,63,88.5
2026-07,central,TRN,2026,TRN-CO,3.5 가솔린,FWD,오션 블루,6,6,26792,11131,13,63,88.5
2026-07,central,TRN,2026,TRN-CO,3.5 가솔린,FWD,선셋 레드,5,5,21434,8905,11,63,88.5
2026-07,central,TRN,2026,TRN-CO,3.5 가솔린,FWD,포레스트 그린,3,3,13396,5566,7,63,88.5
2026-07,central,TRN,2026,TRN-CO,3.5 가솔린,FWD,샌드 베이지,3,3,13396,5566,7,63,88.5
2026-07,central,TRN,2026,TRN-CO,2.5T 하이브리드,AWD,스노우 화이트,113,111,473492,196722,235,63,88.5
2026-07,central,TRN,2026,TRN-CO,2.5T 하이브리드,AWD,미드나잇 블랙,90,88,374848,155738,186,63,88.5
2026-07,central,TRN,2026,TRN-CO,2.5T 하이브리드,AWD,스틸 그레이,75,74,315662,131148,157,63,88.5
2026-07,central,TRN,2026,TRN-CO,2.5T 하이브리드,AWD,실버,61,60,256475,106558,127,63,88.5
2026-07,central,TRN,2026,TRN-CO,2.5T 하이브리드,AWD,오션 블루,47,46,197288,81968,98,63,88.5
2026-07,central,TRN,2026,TRN-CO,2.5T 하이브리드,AWD,선셋 레드,38,37,157831,65574,78,63,88.5
2026-07,central,TRN,2026,TRN-CO,2.5T 하이브리드,AWD,포레스트 그린,24,23,98644,40984,49,63,88.5
2026-07,central,TRN,2026,TRN-CO,2.5T 하이브리드,AWD,샌드 베이지,24,23,98644,40984,49,63,88.5
2026-07,central,TRN,2026,TRN-CO,2.5T 하이브리드,FWD,스노우 화이트,18,18,75484,31361,37,63,88.5
2026-07,central,TRN,2026,TRN-CO,2.5T 하이브리드,FWD,미드나잇 블랙,14,14,59758,24828,30,63,88.5
2026-07,central,TRN,2026,TRN-CO,2.5T 하이브리드,FWD,스틸 그레이,12,12,50323,20908,25,63,88.5
2026-07,central,TRN,2026,TRN-CO,2.5T 하이브리드,FWD,실버,10,10,40887,16987,20,63,88.5
2026-07,central,TRN,2026,TRN-CO,2.5T 하이브리드,FWD,오션 블루,8,7,31452,13067,16,63,88.5
2026-07,central,TRN,2026,TRN-CO,2.5T 하이브리드,FWD,선셋 레드,6,6,25161,10454,12,63,88.5
2026-07,central,TRN,2026,TRN-CO,2.5T 하이브리드,FWD,포레스트 그린,4,4,15726,6534,8,63,88.5
2026-07,central,TRN,2026,TRN-CO,2.5T 하이브리드,FWD,샌드 베이지,4,4,15726,6534,8,63,88.5
2026-07,central,TRN,2026,TRN-PR,3.5 가솔린,AWD,스노우 화이트,112,110,507643,234649,232,63,88.5
2026-07,central,TRN,2026,TRN-PR,3.5 가솔린,AWD,미드나잇 블랙,88,87,401884,185764,183,63,88.5
2026-07,central,TRN,2026,TRN-PR,3.5 가솔린,AWD,스틸 그레이,74,73,338429,156433,154,63,88.5
2026-07,central,TRN,2026,TRN-PR,3.5 가솔린,AWD,실버,60,59,274973,127102,126,63,88.5
2026-07,central,TRN,2026,TRN-PR,3.5 가솔린,AWD,오션 블루,46,46,211518,97771,97,63,88.5
2026-07,central,TRN,2026,TRN-PR,3.5 가솔린,AWD,선셋 레드,37,37,169214,78216,77,63,88.5
2026-07,central,TRN,2026,TRN-PR,3.5 가솔린,AWD,포레스트 그린,23,23,105759,48885,48,63,88.5
2026-07,central,TRN,2026,TRN-PR,3.5 가솔린,AWD,샌드 베이지,23,23,105759,48885,48,63,88.5
2026-07,central,TRN,2026,TRN-PR,3.5 가솔린,FWD,스노우 화이트,18,18,80929,37408,37,63,88.5
2026-07,central,TRN,2026,TRN-PR,3.5 가솔린,FWD,미드나잇 블랙,14,14,64068,29615,29,63,88.5
2026-07,central,TRN,2026,TRN-PR,3.5 가솔린,FWD,스틸 그레이,12,12,53952,24939,25,63,88.5
2026-07,central,TRN,2026,TRN-PR,3.5 가솔린,FWD,실버,10,9,43836,20263,20,63,88.5
2026-07,central,TRN,2026,TRN-PR,3.5 가솔린,FWD,오션 블루,7,7,33720,15587,15,63,88.5
2026-07,central,TRN,2026,TRN-PR,3.5 가솔린,FWD,선셋 레드,6,6,26976,12469,12,63,88.5
2026-07,central,TRN,2026,TRN-PR,3.5 가솔린,FWD,포레스트 그린,4,4,16860,7793,8,63,88.5
2026-07,central,TRN,2026,TRN-PR,3.5 가솔린,FWD,샌드 베이지,4,4,16860,7793,8,63,88.5
2026-07,central,TRN,2026,TRN-PR,2.5T 하이브리드,AWD,스노우 화이트,131,129,595929,275458,272,63,88.5
2026-07,central,TRN,2026,TRN-PR,2.5T 하이브리드,AWD,미드나잇 블랙,104,102,471777,218071,215,63,88.5
2026-07,central,TRN,2026,TRN-PR,2.5T 하이브리드,AWD,스틸 그레이,87,86,397286,183639,181,63,88.5
2026-07,central,TRN,2026,TRN-PR,2.5T 하이브리드,AWD,실버,71,70,322795,149206,147,63,88.5
2026-07,central,TRN,2026,TRN-PR,2.5T 하이브리드,AWD,오션 블루,55,54,248304,114774,113,63,88.5
2026-07,central,TRN,2026,TRN-PR,2.5T 하이브리드,AWD,선셋 레드,44,43,198643,91819,91,63,88.5
2026-07,central,TRN,2026,TRN-PR,2.5T 하이브리드,AWD,포레스트 그린,27,27,124152,57387,57,63,88.5
2026-07,central,TRN,2026,TRN-PR,2.5T 하이브리드,AWD,샌드 베이지,27,27,124152,57387,57,63,88.5
2026-07,central,TRN,2026,TRN-PR,2.5T 하이브리드,FWD,스노우 화이트,21,21,95003,43914,43,63,88.5
2026-07,central,TRN,2026,TRN-PR,2.5T 하이브리드,FWD,미드나잇 블랙,17,16,75211,34765,34,63,88.5
2026-07,central,TRN,2026,TRN-PR,2.5T 하이브리드,FWD,스틸 그레이,14,14,63335,29276,29,63,88.5
2026-07,central,TRN,2026,TRN-PR,2.5T 하이브리드,FWD,실버,11,11,51460,23787,23,63,88.5
2026-07,central,TRN,2026,TRN-PR,2.5T 하이브리드,FWD,오션 블루,9,9,39585,18297,18,63,88.5
2026-07,central,TRN,2026,TRN-PR,2.5T 하이브리드,FWD,선셋 레드,7,7,31668,14638,14,63,88.5
2026-07,central,TRN,2026,TRN-PR,2.5T 하이브리드,FWD,포레스트 그린,4,4,19792,9149,9,63,88.5
2026-07,central,TRN,2026,TRN-PR,2.5T 하이브리드,FWD,샌드 베이지,4,4,19792,9149,9,63,88.5
2026-07,central,TRN,2026,TRN-SU,3.5 가솔린,AWD,스노우 화이트,46,45,236746,125067,95,63,88.5
2026-07,central,TRN,2026,TRN-SU,3.5 가솔린,AWD,미드나잇 블랙,36,36,187424,99011,75,63,88.5
2026-07,central,TRN,2026,TRN-SU,3.5 가솔린,AWD,스틸 그레이,30,30,157831,83378,63,63,88.5
2026-07,central,TRN,2026,TRN-SU,3.5 가솔린,AWD,실버,25,24,128238,67745,51,63,88.5
2026-07,central,TRN,2026,TRN-SU,3.5 가솔린,AWD,오션 블루,19,19,98644,52111,39,63,88.5
2026-07,central,TRN,2026,TRN-SU,3.5 가솔린,AWD,선셋 레드,15,15,78915,41689,32,63,88.5
2026-07,central,TRN,2026,TRN-SU,3.5 가솔린,AWD,포레스트 그린,10,9,49322,26056,20,63,88.5
2026-07,central,TRN,2026,TRN-SU,3.5 가솔린,AWD,샌드 베이지,10,9,49322,26056,20,63,88.5
2026-07,central,TRN,2026,TRN-SU,3.5 가솔린,FWD,스노우 화이트,7,7,37742,19938,15,63,88.5
2026-07,central,TRN,2026,TRN-SU,3.5 가솔린,FWD,미드나잇 블랙,6,6,29879,15784,12,63,88.5
2026-07,central,TRN,2026,TRN-SU,3.5 가솔린,FWD,스틸 그레이,5,5,25161,13292,10,63,88.5
2026-07,central,TRN,2026,TRN-SU,3.5 가솔린,FWD,실버,4,4,20444,10800,8,63,88.5
2026-07,central,TRN,2026,TRN-SU,3.5 가솔린,FWD,오션 블루,3,3,15726,8308,6,63,88.5
2026-07,central,TRN,2026,TRN-SU,3.5 가솔린,FWD,선셋 레드,2,2,12581,6646,5,50,88.5
2026-07,central,TRN,2026,TRN-SU,3.5 가솔린,FWD,포레스트 그린,2,1,7863,4154,3,31,88.5
2026-07,central,TRN,2026,TRN-SU,3.5 가솔린,FWD,샌드 베이지,2,1,7863,4154,3,31,88.5
2026-07,central,TRN,2026,TRN-SU,2.5T 하이브리드,AWD,스노우 화이트,54,53,277919,146818,111,63,88.5
2026-07,central,TRN,2026,TRN-SU,2.5T 하이브리드,AWD,미드나잇 블랙,42,42,220020,116231,88,63,88.5
2026-07,central,TRN,2026,TRN-SU,2.5T 하이브리드,AWD,스틸 그레이,36,35,185280,97878,74,63,88.5
2026-07,central,TRN,2026,TRN-SU,2.5T 하이브리드,AWD,실버,29,29,150540,79526,60,63,88.5
2026-07,central,TRN,2026,TRN-SU,2.5T 하이브리드,AWD,오션 블루,22,22,115800,61174,46,63,88.5
2026-07,central,TRN,2026,TRN-SU,2.5T 하이브리드,AWD,선셋 레드,18,18,92640,48939,37,63,88.5
2026-07,central,TRN,2026,TRN-SU,2.5T 하이브리드,AWD,포레스트 그린,11,11,57900,30587,23,63,88.5
2026-07,central,TRN,2026,TRN-SU,2.5T 하이브리드,AWD,샌드 베이지,11,11,57900,30587,23,63,88.5
2026-07,central,TRN,2026,TRN-SU,2.5T 하이브리드,FWD,스노우 화이트,9,8,44306,23406,18,63,88.5
2026-07,central,TRN,2026,TRN-SU,2.5T 하이브리드,FWD,미드나잇 블랙,7,7,35076,18530,14,63,88.5
2026-07,central,TRN,2026,TRN-SU,2.5T 하이브리드,FWD,스틸 그레이,6,6,29537,15604,12,63,88.5
2026-07,central,TRN,2026,TRN-SU,2.5T 하이브리드,FWD,실버,5,5,23999,12678,10,63,88.5
2026-07,central,TRN,2026,TRN-SU,2.5T 하이브리드,FWD,오션 블루,4,4,18461,9752,7,63,88.5
2026-07,central,TRN,2026,TRN-SU,2.5T 하이브리드,FWD,선셋 레드,3,3,14769,7802,6,59,88.5
2026-07,central,TRN,2026,TRN-SU,2.5T 하이브리드,FWD,포레스트 그린,2,2,9230,4876,4,37,88.5
2026-07,central,TRN,2026,TRN-SU,2.5T 하이브리드,FWD,샌드 베이지,2,2,9230,4876,4,37,88.5
2026-07,south,TRN,2026,TRN-CO,3.5 가솔린,AWD,스노우 화이트,78,77,326803,135777,162,63,88.5
2026-07,south,TRN,2026,TRN-CO,3.5 가솔린,AWD,미드나잇 블랙,62,61,258719,107490,128,63,88.5
2026-07,south,TRN,2026,TRN-CO,3.5 가솔린,AWD,스틸 그레이,52,51,217868,90518,108,63,88.5
2026-07,south,TRN,2026,TRN-CO,3.5 가솔린,AWD,실버,42,42,177018,73546,88,63,88.5
2026-07,south,TRN,2026,TRN-CO,3.5 가솔린,AWD,오션 블루,33,32,136168,56574,68,63,88.5
2026-07,south,TRN,2026,TRN-CO,3.5 가솔린,AWD,선셋 레드,26,26,108934,45259,54,63,88.5
2026-07,south,TRN,2026,TRN-CO,3.5 가솔린,AWD,포레스트 그린,16,16,68084,28287,34,63,88.5
2026-07,south,TRN,2026,TRN-CO,3.5 가솔린,AWD,샌드 베이지,16,16,68084,28287,34,63,88.5
2026-07,south,TRN,2026,TRN-CO,3.5 가솔린,FWD,스노우 화이트,67,65,278387,115662,138,63,88.5
2026-07,south,TRN,2026,TRN-CO,3.5 가솔린,FWD,미드나잇 블랙,53,52,220390,91566,109,63,88.5
2026-07,south,TRN,2026,TRN-CO,3.5 가솔린,FWD,스틸 그레이,44,44,185592,77108,92,63,88.5
2026-07,south,TRN,2026,TRN-CO,3.5 가솔린,FWD,실버,36,35,150793,62650,75,63,88.5
2026-07,south,TRN,2026,TRN-CO,3.5 가솔린,FWD,오션 블루,28,27,115995,48192,58,63,88.5
2026-07,south,TRN,2026,TRN-CO,3.5 가솔린,FWD,선셋 레드,22,22,92796,38554,46,63,88.5
2026-07,south,TRN,2026,TRN-CO,3.5 가솔린,FWD,포레스트 그린,14,14,57997,24096,29,63,88.5
2026-07,south,TRN,2026,TRN-CO,3.5 가솔린,FWD,샌드 베이지,14,14,57997,24096,29,63,88.5
2026-07,south,TRN,2026,TRN-CO,2.5T 하이브리드,AWD,스노우 화이트,92,90,383638,159390,190,63,88.5
2026-07,south,TRN,2026,TRN-CO,2.5T 하이브리드,AWD,미드나잇 블랙,73,71,303713,126184,151,63,88.5
2026-07,south,TRN,2026,TRN-CO,2.5T 하이브리드,AWD,스틸 그레이,61,60,255759,106260,127,63,88.5
2026-07,south,TRN,2026,TRN-CO,2.5T 하이브리드,AWD,실버,50,49,207804,86336,103,63,88.5
2026-07,south,TRN,2026,TRN-CO,2.5T 하이브리드,AWD,오션 블루,38,38,159849,66413,79,63,88.5
2026-07,south,TRN,2026,TRN-CO,2.5T 하이브리드,AWD,선셋 레드,31,30,127879,53130,63,63,88.5
2026-07,south,TRN,2026,TRN-CO,2.5T 하이브리드,AWD,포레스트 그린,19,19,79925,33206,40,63,88.5
2026-07,south,TRN,2026,TRN-CO,2.5T 하이브리드,AWD,샌드 베이지,19,19,79925,33206,40,63,88.5
2026-07,south,TRN,2026,TRN-CO,2.5T 하이브리드,FWD,스노우 화이트,78,77,326803,135777,162,63,88.5
2026-07,south,TRN,2026,TRN-CO,2.5T 하이브리드,FWD,미드나잇 블랙,62,61,258719,107490,128,63,88.5
2026-07,south,TRN,2026,TRN-CO,2.5T 하이브리드,FWD,스틸 그레이,52,51,217868,90518,108,63,88.5
2026-07,south,TRN,2026,TRN-CO,2.5T 하이브리드,FWD,실버,42,42,177018,73546,88,63,88.5
2026-07,south,TRN,2026,TRN-CO,2.5T 하이브리드,FWD,오션 블루,33,32,136168,56574,68,63,88.5
2026-07,south,TRN,2026,TRN-CO,2.5T 하이브리드,FWD,선셋 레드,26,26,108934,45259,54,63,88.5
2026-07,south,TRN,2026,TRN-CO,2.5T 하이브리드,FWD,포레스트 그린,16,16,68084,28287,34,63,88.5
2026-07,south,TRN,2026,TRN-CO,2.5T 하이브리드,FWD,샌드 베이지,16,16,68084,28287,34,63,88.5
2026-07,south,TRN,2026,TRN-PR,3.5 가솔린,AWD,스노우 화이트,90,89,411308,190120,188,63,88.5
2026-07,south,TRN,2026,TRN-PR,3.5 가솔린,AWD,미드나잇 블랙,72,70,325618,150512,149,63,88.5
2026-07,south,TRN,2026,TRN-PR,3.5 가솔린,AWD,스틸 그레이,60,59,274205,126747,125,63,88.5
2026-07,south,TRN,2026,TRN-PR,3.5 가솔린,AWD,실버,49,48,222792,102982,102,63,88.5
2026-07,south,TRN,2026,TRN-PR,3.5 가솔린,AWD,오션 블루,38,37,171378,79217,78,63,88.5
2026-07,south,TRN,2026,TRN-PR,3.5 가솔린,AWD,선셋 레드,30,30,137103,63373,63,63,88.5
2026-07,south,TRN,2026,TRN-PR,3.5 가솔린,AWD,포레스트 그린,19,19,85689,39608,39,63,88.5
2026-07,south,TRN,2026,TRN-PR,3.5 가솔린,AWD,샌드 베이지,19,19,85689,39608,39,63,88.5
2026-07,south,TRN,2026,TRN-PR,3.5 가솔린,FWD,스노우 화이트,77,76,350373,161954,160,63,88.5
2026-07,south,TRN,2026,TRN-PR,3.5 가솔린,FWD,미드나잇 블랙,61,60,277379,128214,127,63,88.5
2026-07,south,TRN,2026,TRN-PR,3.5 가솔린,FWD,스틸 그레이,51,51,233582,107969,107,63,88.5
2026-07,south,TRN,2026,TRN-PR,3.5 가솔린,FWD,실버,42,41,189785,87725,87,63,88.5
2026-07,south,TRN,2026,TRN-PR,3.5 가솔린,FWD,오션 블루,32,32,145989,67481,67,63,88.5
2026-07,south,TRN,2026,TRN-PR,3.5 가솔린,FWD,선셋 레드,26,25,116791,53985,53,63,88.5
2026-07,south,TRN,2026,TRN-PR,3.5 가솔린,FWD,포레스트 그린,16,16,72994,33740,33,63,88.5
2026-07,south,TRN,2026,TRN-PR,3.5 가솔린,FWD,샌드 베이지,16,16,72994,33740,33,63,88.5
2026-07,south,TRN,2026,TRN-PR,2.5T 하이브리드,AWD,스노우 화이트,106,104,482839,223184,220,63,88.5
2026-07,south,TRN,2026,TRN-PR,2.5T 하이브리드,AWD,미드나잇 블랙,84,83,382248,176688,174,63,88.5
2026-07,south,TRN,2026,TRN-PR,2.5T 하이브리드,AWD,스틸 그레이,71,70,321893,148789,147,63,88.5
2026-07,south,TRN,2026,TRN-PR,2.5T 하이브리드,AWD,실버,57,57,261538,120891,119,63,88.5
2026-07,south,TRN,2026,TRN-PR,2.5T 하이브리드,AWD,오션 블루,44,44,201183,92993,92,63,88.5
2026-07,south,TRN,2026,TRN-PR,2.5T 하이브리드,AWD,선셋 레드,35,35,160946,74395,73,63,88.5
2026-07,south,TRN,2026,TRN-PR,2.5T 하이브리드,AWD,포레스트 그린,22,22,100592,46497,46,63,88.5
2026-07,south,TRN,2026,TRN-PR,2.5T 하이브리드,AWD,샌드 베이지,22,22,100592,46497,46,63,88.5
2026-07,south,TRN,2026,TRN-PR,2.5T 하이브리드,FWD,스노우 화이트,90,89,411308,190120,188,63,88.5
2026-07,south,TRN,2026,TRN-PR,2.5T 하이브리드,FWD,미드나잇 블랙,72,70,325618,150512,149,63,88.5
2026-07,south,TRN,2026,TRN-PR,2.5T 하이브리드,FWD,스틸 그레이,60,59,274205,126747,125,63,88.5
2026-07,south,TRN,2026,TRN-PR,2.5T 하이브리드,FWD,실버,49,48,222792,102982,102,63,88.5
2026-07,south,TRN,2026,TRN-PR,2.5T 하이브리드,FWD,오션 블루,38,37,171378,79217,78,63,88.5
2026-07,south,TRN,2026,TRN-PR,2.5T 하이브리드,FWD,선셋 레드,30,30,137103,63373,63,63,88.5
2026-07,south,TRN,2026,TRN-PR,2.5T 하이브리드,FWD,포레스트 그린,19,19,85689,39608,39,63,88.5
2026-07,south,TRN,2026,TRN-PR,2.5T 하이브리드,FWD,샌드 베이지,19,19,85689,39608,39,63,88.5
2026-07,south,TRN,2026,TRN-SU,3.5 가솔린,AWD,스노우 화이트,37,36,191819,101333,77,63,88.5
2026-07,south,TRN,2026,TRN-SU,3.5 가솔린,AWD,미드나잇 블랙,29,29,151857,80222,61,63,88.5
2026-07,south,TRN,2026,TRN-SU,3.5 가솔린,AWD,스틸 그레이,25,24,127879,67555,51,63,88.5
2026-07,south,TRN,2026,TRN-SU,3.5 가솔린,AWD,실버,20,20,103902,54889,42,63,88.5
2026-07,south,TRN,2026,TRN-SU,3.5 가솔린,AWD,오션 블루,15,15,79925,42222,32,63,88.5
2026-07,south,TRN,2026,TRN-SU,3.5 가솔린,AWD,선셋 레드,12,12,63940,33778,26,63,88.5
2026-07,south,TRN,2026,TRN-SU,3.5 가솔린,AWD,포레스트 그린,8,8,39962,21111,16,63,88.5
2026-07,south,TRN,2026,TRN-SU,3.5 가솔린,AWD,샌드 베이지,8,8,39962,21111,16,63,88.5
2026-07,south,TRN,2026,TRN-SU,3.5 가솔린,FWD,스노우 화이트,32,31,163401,86321,65,63,88.5
2026-07,south,TRN,2026,TRN-SU,3.5 가솔린,FWD,미드나잇 블랙,25,25,129359,68337,52,63,88.5
2026-07,south,TRN,2026,TRN-SU,3.5 가솔린,FWD,스틸 그레이,21,21,108934,57547,44,63,88.5
2026-07,south,TRN,2026,TRN-SU,3.5 가솔린,FWD,실버,17,17,88509,46757,35,63,88.5
2026-07,south,TRN,2026,TRN-SU,3.5 가솔린,FWD,오션 블루,13,13,68084,35967,27,63,88.5
2026-07,south,TRN,2026,TRN-SU,3.5 가솔린,FWD,선셋 레드,11,10,54467,28774,22,63,88.5
2026-07,south,TRN,2026,TRN-SU,3.5 가솔린,FWD,포레스트 그린,7,6,34042,17983,14,63,88.5
2026-07,south,TRN,2026,TRN-SU,3.5 가솔린,FWD,샌드 베이지,7,6,34042,17983,14,63,88.5
2026-07,south,TRN,2026,TRN-SU,2.5T 하이브리드,AWD,스노우 화이트,43,43,225179,118956,90,63,88.5
2026-07,south,TRN,2026,TRN-SU,2.5T 하이브리드,AWD,미드나잇 블랙,34,34,178266,94174,71,63,88.5
2026-07,south,TRN,2026,TRN-SU,2.5T 하이브리드,AWD,스틸 그레이,29,28,150119,79304,60,63,88.5
2026-07,south,TRN,2026,TRN-SU,2.5T 하이브리드,AWD,실버,24,23,121972,64435,49,63,88.5
2026-07,south,TRN,2026,TRN-SU,2.5T 하이브리드,AWD,오션 블루,18,18,93824,49565,38,63,88.5
2026-07,south,TRN,2026,TRN-SU,2.5T 하이브리드,AWD,선셋 레드,14,14,75060,39652,30,63,88.5
2026-07,south,TRN,2026,TRN-SU,2.5T 하이브리드,AWD,포레스트 그린,9,9,46912,24783,19,63,88.5
2026-07,south,TRN,2026,TRN-SU,2.5T 하이브리드,AWD,샌드 베이지,9,9,46912,24783,19,63,88.5
2026-07,south,TRN,2026,TRN-SU,2.5T 하이브리드,FWD,스노우 화이트,37,36,191819,101333,77,63,88.5
2026-07,south,TRN,2026,TRN-SU,2.5T 하이브리드,FWD,미드나잇 블랙,29,29,151857,80222,61,63,88.5
2026-07,south,TRN,2026,TRN-SU,2.5T 하이브리드,FWD,스틸 그레이,25,24,127879,67555,51,63,88.5
2026-07,south,TRN,2026,TRN-SU,2.5T 하이브리드,FWD,실버,20,20,103902,54889,42,63,88.5
2026-07,south,TRN,2026,TRN-SU,2.5T 하이브리드,FWD,오션 블루,15,15,79925,42222,32,63,88.5
2026-07,south,TRN,2026,TRN-SU,2.5T 하이브리드,FWD,선셋 레드,12,12,63940,33778,26,63,88.5
2026-07,south,TRN,2026,TRN-SU,2.5T 하이브리드,FWD,포레스트 그린,8,8,39962,21111,16,63,88.5
2026-07,south,TRN,2026,TRN-SU,2.5T 하이브리드,FWD,샌드 베이지,8,8,39962,21111,16,63,88.5
2026-07,northeast,TRN,2026,TRN-CO,3.5 가솔린,AWD,스노우 화이트,106,104,444264,184579,220,63,88.5
2026-07,northeast,TRN,2026,TRN-CO,3.5 가솔린,AWD,미드나잇 블랙,84,83,351709,146125,175,63,88.5
2026-07,northeast,TRN,2026,TRN-CO,3.5 가솔린,AWD,스틸 그레이,71,70,296176,123053,147,63,88.5
2026-07,northeast,TRN,2026,TRN-CO,3.5 가솔린,AWD,실버,57,57,240643,99980,119,63,88.5
2026-07,northeast,TRN,2026,TRN-CO,3.5 가솔린,AWD,오션 블루,44,44,185110,76908,92,63,88.5
2026-07,northeast,TRN,2026,TRN-CO,3.5 가솔린,AWD,선셋 레드,35,35,148088,61526,73,63,88.5
2026-07,northeast,TRN,2026,TRN-CO,3.5 가솔린,AWD,포레스트 그린,22,22,92555,38454,46,63,88.5
2026-07,northeast,TRN,2026,TRN-CO,3.5 가솔린,AWD,샌드 베이지,22,22,92555,38454,46,63,88.5
2026-07,northeast,TRN,2026,TRN-CO,3.5 가솔린,FWD,스노우 화이트,6,5,23382,9715,12,63,88.5
2026-07,northeast,TRN,2026,TRN-CO,3.5 가솔린,FWD,미드나잇 블랙,4,4,18511,7691,9,63,88.5
2026-07,northeast,TRN,2026,TRN-CO,3.5 가솔린,FWD,스틸 그레이,4,4,15588,6476,8,63,88.5
2026-07,northeast,TRN,2026,TRN-CO,3.5 가솔린,FWD,실버,3,3,12665,5262,6,63,88.5
2026-07,northeast,TRN,2026,TRN-CO,3.5 가솔린,FWD,오션 블루,2,2,9743,4048,5,48,88.5
2026-07,northeast,TRN,2026,TRN-CO,3.5 가솔린,FWD,선셋 레드,2,2,7794,3238,4,39,88.5
2026-07,northeast,TRN,2026,TRN-CO,3.5 가솔린,FWD,포레스트 그린,1,1,4871,2024,2,24,88.5
2026-07,northeast,TRN,2026,TRN-CO,3.5 가솔린,FWD,샌드 베이지,1,1,4871,2024,2,24,88.5
2026-07,northeast,TRN,2026,TRN-CO,2.5T 하이브리드,AWD,스노우 화이트,125,123,521528,216679,259,63,88.5
2026-07,northeast,TRN,2026,TRN-CO,2.5T 하이브리드,AWD,미드나잇 블랙,99,97,412876,171538,205,63,88.5
2026-07,northeast,TRN,2026,TRN-CO,2.5T 하이브리드,AWD,스틸 그레이,83,82,347685,144453,173,63,88.5
2026-07,northeast,TRN,2026,TRN-CO,2.5T 하이브리드,AWD,실버,67,66,282494,117368,140,63,88.5
2026-07,northeast,TRN,2026,TRN-CO,2.5T 하이브리드,AWD,오션 블루,52,51,217303,90283,108,63,88.5
2026-07,northeast,TRN,2026,TRN-CO,2.5T 하이브리드,AWD,선셋 레드,42,41,173843,72226,86,63,88.5
2026-07,northeast,TRN,2026,TRN-CO,2.5T 하이브리드,AWD,포레스트 그린,26,26,108652,45142,54,63,88.5
2026-07,northeast,TRN,2026,TRN-CO,2.5T 하이브리드,AWD,샌드 베이지,26,26,108652,45142,54,63,88.5
2026-07,northeast,TRN,2026,TRN-CO,2.5T 하이브리드,FWD,스노우 화이트,7,6,27449,11404,14,63,88.5
2026-07,northeast,TRN,2026,TRN-CO,2.5T 하이브리드,FWD,미드나잇 블랙,5,5,21730,9028,11,63,88.5
2026-07,northeast,TRN,2026,TRN-CO,2.5T 하이브리드,FWD,스틸 그레이,4,4,18299,7603,9,63,88.5
2026-07,northeast,TRN,2026,TRN-CO,2.5T 하이브리드,FWD,실버,4,3,14868,6177,7,63,88.5
2026-07,northeast,TRN,2026,TRN-CO,2.5T 하이브리드,FWD,오션 블루,3,3,11437,4752,6,57,88.5
2026-07,northeast,TRN,2026,TRN-CO,2.5T 하이브리드,FWD,선셋 레드,2,2,9150,3801,5,45,88.5
2026-07,northeast,TRN,2026,TRN-CO,2.5T 하이브리드,FWD,포레스트 그린,1,1,5719,2376,3,28,88.5
2026-07,northeast,TRN,2026,TRN-CO,2.5T 하이브리드,FWD,샌드 베이지,1,1,5719,2376,3,28,88.5
2026-07,northeast,TRN,2026,TRN-PR,3.5 가솔린,AWD,스노우 화이트,123,121,559143,258454,255,63,88.5
2026-07,northeast,TRN,2026,TRN-PR,3.5 가솔린,AWD,미드나잇 블랙,97,96,442655,204610,202,63,88.5
2026-07,northeast,TRN,2026,TRN-PR,3.5 가솔린,AWD,스틸 그레이,82,81,372762,172303,170,63,88.5
2026-07,northeast,TRN,2026,TRN-PR,3.5 가솔린,AWD,실버,67,65,302869,139996,138,63,88.5
2026-07,northeast,TRN,2026,TRN-PR,3.5 가솔린,AWD,오션 블루,51,50,232976,107689,106,63,88.5
2026-07,northeast,TRN,2026,TRN-PR,3.5 가솔린,AWD,선셋 레드,41,40,186381,86151,85,63,88.5
2026-07,northeast,TRN,2026,TRN-PR,3.5 가솔린,AWD,포레스트 그린,26,25,116488,53845,53,63,88.5
2026-07,northeast,TRN,2026,TRN-PR,3.5 가솔린,AWD,샌드 베이지,26,25,116488,53845,53,63,88.5
2026-07,northeast,TRN,2026,TRN-PR,3.5 가솔린,FWD,스노우 화이트,6,6,29429,13603,13,63,88.5
2026-07,northeast,TRN,2026,TRN-PR,3.5 가솔린,FWD,미드나잇 블랙,5,5,23298,10769,11,63,88.5
2026-07,northeast,TRN,2026,TRN-PR,3.5 가솔린,FWD,스틸 그레이,4,4,19619,9069,9,63,88.5
2026-07,northeast,TRN,2026,TRN-PR,3.5 가솔린,FWD,실버,4,3,15940,7368,7,63,88.5
2026-07,northeast,TRN,2026,TRN-PR,3.5 가솔린,FWD,오션 블루,3,3,12262,5668,6,56,88.5
2026-07,northeast,TRN,2026,TRN-PR,3.5 가솔린,FWD,선셋 레드,2,2,9810,4534,4,45,88.5
2026-07,northeast,TRN,2026,TRN-PR,3.5 가솔린,FWD,포레스트 그린,1,1,6131,2834,3,28,88.5
2026-07,northeast,TRN,2026,TRN-PR,3.5 가솔린,FWD,샌드 베이지,1,1,6131,2834,3,28,88.5
2026-07,northeast,TRN,2026,TRN-PR,2.5T 하이브리드,AWD,스노우 화이트,144,142,656385,303403,300,63,88.5
2026-07,northeast,TRN,2026,TRN-PR,2.5T 하이브리드,AWD,미드나잇 블랙,114,112,519638,240194,237,63,88.5
2026-07,northeast,TRN,2026,TRN-PR,2.5T 하이브리드,AWD,스틸 그레이,96,95,437590,202269,200,63,88.5
2026-07,northeast,TRN,2026,TRN-PR,2.5T 하이브리드,AWD,실버,78,77,355542,164343,162,63,88.5
2026-07,northeast,TRN,2026,TRN-PR,2.5T 하이브리드,AWD,오션 블루,60,59,273494,126418,125,63,88.5
2026-07,northeast,TRN,2026,TRN-PR,2.5T 하이브리드,AWD,선셋 레드,48,47,218795,101134,100,63,88.5
2026-07,northeast,TRN,2026,TRN-PR,2.5T 하이브리드,AWD,포레스트 그린,30,30,136747,63209,62,63,88.5
2026-07,northeast,TRN,2026,TRN-PR,2.5T 하이브리드,AWD,샌드 베이지,30,30,136747,63209,62,63,88.5
2026-07,northeast,TRN,2026,TRN-PR,2.5T 하이브리드,FWD,스노우 화이트,8,7,34547,15969,16,63,88.5
2026-07,northeast,TRN,2026,TRN-PR,2.5T 하이브리드,FWD,미드나잇 블랙,6,6,27349,12642,12,63,88.5
2026-07,northeast,TRN,2026,TRN-PR,2.5T 하이브리드,FWD,스틸 그레이,5,5,23031,10646,11,63,88.5
2026-07,northeast,TRN,2026,TRN-PR,2.5T 하이브리드,FWD,실버,4,4,18713,8650,9,63,88.5
2026-07,northeast,TRN,2026,TRN-PR,2.5T 하이브리드,FWD,오션 블루,3,3,14394,6654,7,63,88.5
2026-07,northeast,TRN,2026,TRN-PR,2.5T 하이브리드,FWD,선셋 레드,3,2,11516,5323,5,53,88.5
2026-07,northeast,TRN,2026,TRN-PR,2.5T 하이브리드,FWD,포레스트 그린,2,2,7197,3327,3,33,88.5
2026-07,northeast,TRN,2026,TRN-PR,2.5T 하이브리드,FWD,샌드 베이지,2,2,7197,3327,3,33,88.5
2026-07,northeast,TRN,2026,TRN-SU,3.5 가솔린,AWD,스노우 화이트,50,49,260764,137755,104,63,88.5
2026-07,northeast,TRN,2026,TRN-SU,3.5 가솔린,AWD,미드나잇 블랙,40,39,206438,109056,83,63,88.5
2026-07,northeast,TRN,2026,TRN-SU,3.5 가솔린,AWD,스틸 그레이,34,33,173843,91837,70,63,88.5
2026-07,northeast,TRN,2026,TRN-SU,3.5 가솔린,AWD,실버,27,27,141247,74617,57,63,88.5
2026-07,northeast,TRN,2026,TRN-SU,3.5 가솔린,AWD,오션 블루,21,21,108652,57398,44,63,88.5
2026-07,northeast,TRN,2026,TRN-SU,3.5 가솔린,AWD,선셋 레드,17,16,86921,45918,35,63,88.5
2026-07,northeast,TRN,2026,TRN-SU,3.5 가솔린,AWD,포레스트 그린,10,10,54326,28699,22,63,88.5
2026-07,northeast,TRN,2026,TRN-SU,3.5 가솔린,AWD,샌드 베이지,10,10,54326,28699,22,63,88.5
2026-07,northeast,TRN,2026,TRN-SU,3.5 가솔린,FWD,스노우 화이트,3,3,13724,7250,5,55,88.5
2026-07,northeast,TRN,2026,TRN-SU,3.5 가솔린,FWD,미드나잇 블랙,2,2,10865,5740,4,44,88.5
2026-07,northeast,TRN,2026,TRN-SU,3.5 가솔린,FWD,스틸 그레이,2,2,9150,4834,4,37,88.5
2026-07,northeast,TRN,2026,TRN-SU,3.5 가솔린,FWD,실버,1,1,7434,3927,3,30,88.5
2026-07,northeast,TRN,2026,TRN-SU,3.5 가솔린,FWD,오션 블루,1,1,5719,3021,2,23,88.5
2026-07,northeast,TRN,2026,TRN-SU,3.5 가솔린,FWD,선셋 레드,1,1,4575,2417,2,18,88.5
2026-07,northeast,TRN,2026,TRN-SU,3.5 가솔린,FWD,포레스트 그린,1,1,2859,1510,1,11,88.5
2026-07,northeast,TRN,2026,TRN-SU,3.5 가솔린,FWD,샌드 베이지,1,1,2859,1510,1,11,88.5
2026-07,northeast,TRN,2026,TRN-SU,2.5T 하이브리드,AWD,스노우 화이트,59,58,306114,161712,123,63,88.5
2026-07,northeast,TRN,2026,TRN-SU,2.5T 하이브리드,AWD,미드나잇 블랙,47,46,242340,128022,97,63,88.5
2026-07,northeast,TRN,2026,TRN-SU,2.5T 하이브리드,AWD,스틸 그레이,39,39,204076,107808,82,63,88.5
2026-07,northeast,TRN,2026,TRN-SU,2.5T 하이브리드,AWD,실버,32,31,165812,87594,66,63,88.5
2026-07,northeast,TRN,2026,TRN-SU,2.5T 하이브리드,AWD,오션 블루,25,24,127548,67380,51,63,88.5
2026-07,northeast,TRN,2026,TRN-SU,2.5T 하이브리드,AWD,선셋 레드,20,19,102038,53904,41,63,88.5
2026-07,northeast,TRN,2026,TRN-SU,2.5T 하이브리드,AWD,포레스트 그린,12,12,63774,33690,26,63,88.5
2026-07,northeast,TRN,2026,TRN-SU,2.5T 하이브리드,AWD,샌드 베이지,12,12,63774,33690,26,63,88.5
2026-07,northeast,TRN,2026,TRN-SU,2.5T 하이브리드,FWD,스노우 화이트,3,3,16111,8511,6,63,88.5
2026-07,northeast,TRN,2026,TRN-SU,2.5T 하이브리드,FWD,미드나잇 블랙,2,2,12755,6738,5,51,88.5
2026-07,northeast,TRN,2026,TRN-SU,2.5T 하이브리드,FWD,스틸 그레이,2,2,10741,5674,4,43,88.5
2026-07,northeast,TRN,2026,TRN-SU,2.5T 하이브리드,FWD,실버,2,2,8727,4610,3,35,88.5
2026-07,northeast,TRN,2026,TRN-SU,2.5T 하이브리드,FWD,오션 블루,1,1,6713,3546,3,27,88.5
2026-07,northeast,TRN,2026,TRN-SU,2.5T 하이브리드,FWD,선셋 레드,1,1,5370,2837,2,22,88.5
2026-07,northeast,TRN,2026,TRN-SU,2.5T 하이브리드,FWD,포레스트 그린,1,1,3357,1773,1,13,88.5
2026-07,northeast,TRN,2026,TRN-SU,2.5T 하이브리드,FWD,샌드 베이지,1,1,3357,1773,1,13,88.5
2026-07,southeast,TRN,2026,TRN-CO,3.5 가솔린,AWD,스노우 화이트,75,74,315662,131148,157,63,88.5
2026-07,southeast,TRN,2026,TRN-CO,3.5 가솔린,AWD,미드나잇 블랙,60,59,249899,103826,124,63,88.5
2026-07,southeast,TRN,2026,TRN-CO,3.5 가솔린,AWD,스틸 그레이,50,49,210441,87432,104,63,88.5
2026-07,southeast,TRN,2026,TRN-CO,3.5 가솔린,AWD,실버,41,40,170983,71039,85,63,88.5
2026-07,southeast,TRN,2026,TRN-CO,3.5 가솔린,AWD,오션 블루,31,31,131526,54645,65,63,88.5
2026-07,southeast,TRN,2026,TRN-CO,3.5 가솔린,AWD,선셋 레드,25,25,105221,43716,52,63,88.5
2026-07,southeast,TRN,2026,TRN-CO,3.5 가솔린,AWD,포레스트 그린,16,15,65763,27323,33,63,88.5
2026-07,southeast,TRN,2026,TRN-CO,3.5 가솔린,AWD,샌드 베이지,16,15,65763,27323,33,63,88.5
2026-07,southeast,TRN,2026,TRN-CO,3.5 가솔린,FWD,스노우 화이트,43,42,179494,74574,89,63,88.5
2026-07,southeast,TRN,2026,TRN-CO,3.5 가솔린,FWD,미드나잇 블랙,34,33,142099,59038,71,63,88.5
2026-07,southeast,TRN,2026,TRN-CO,3.5 가솔린,FWD,스틸 그레이,29,28,119663,49716,59,63,88.5
2026-07,southeast,TRN,2026,TRN-CO,3.5 가솔린,FWD,실버,23,23,97226,40394,48,63,88.5
2026-07,southeast,TRN,2026,TRN-CO,3.5 가솔린,FWD,오션 블루,18,18,74789,31073,37,63,88.5
2026-07,southeast,TRN,2026,TRN-CO,3.5 가솔린,FWD,선셋 레드,14,14,59831,24858,30,63,88.5
2026-07,southeast,TRN,2026,TRN-CO,3.5 가솔린,FWD,포레스트 그린,9,9,37395,15536,19,63,88.5
2026-07,southeast,TRN,2026,TRN-CO,3.5 가솔린,FWD,샌드 베이지,9,9,37395,15536,19,63,88.5
2026-07,southeast,TRN,2026,TRN-CO,2.5T 하이브리드,AWD,스노우 화이트,89,87,370559,153956,184,63,88.5
2026-07,southeast,TRN,2026,TRN-CO,2.5T 하이브리드,AWD,미드나잇 블랙,70,69,293359,121882,146,63,88.5
2026-07,southeast,TRN,2026,TRN-CO,2.5T 하이브리드,AWD,스틸 그레이,59,58,247039,102638,123,63,88.5
2026-07,southeast,TRN,2026,TRN-CO,2.5T 하이브리드,AWD,실버,48,47,200720,83393,100,63,88.5
2026-07,southeast,TRN,2026,TRN-CO,2.5T 하이브리드,AWD,오션 블루,37,36,154400,64149,77,63,88.5
2026-07,southeast,TRN,2026,TRN-CO,2.5T 하이브리드,AWD,선셋 레드,30,29,123520,51319,61,63,88.5
2026-07,southeast,TRN,2026,TRN-CO,2.5T 하이브리드,AWD,포레스트 그린,18,18,77200,32074,38,63,88.5
2026-07,southeast,TRN,2026,TRN-CO,2.5T 하이브리드,AWD,샌드 베이지,18,18,77200,32074,38,63,88.5
2026-07,southeast,TRN,2026,TRN-CO,2.5T 하이브리드,FWD,스노우 화이트,50,50,210710,87544,105,63,88.5
2026-07,southeast,TRN,2026,TRN-CO,2.5T 하이브리드,FWD,미드나잇 블랙,40,39,166812,69306,83,63,88.5
2026-07,southeast,TRN,2026,TRN-CO,2.5T 하이브리드,FWD,스틸 그레이,34,33,140473,58363,70,63,88.5
2026-07,southeast,TRN,2026,TRN-CO,2.5T 하이브리드,FWD,실버,27,27,114135,47420,57,63,88.5
2026-07,southeast,TRN,2026,TRN-CO,2.5T 하이브리드,FWD,오션 블루,21,21,87796,36477,44,63,88.5
2026-07,southeast,TRN,2026,TRN-CO,2.5T 하이브리드,FWD,선셋 레드,17,17,70237,29181,35,63,88.5
2026-07,southeast,TRN,2026,TRN-CO,2.5T 하이브리드,FWD,포레스트 그린,10,10,43898,18238,22,63,88.5
2026-07,southeast,TRN,2026,TRN-CO,2.5T 하이브리드,FWD,샌드 베이지,10,10,43898,18238,22,63,88.5
2026-07,southeast,TRN,2026,TRN-PR,3.5 가솔린,AWD,스노우 화이트,87,86,397286,183639,181,63,88.5
2026-07,southeast,TRN,2026,TRN-PR,3.5 가솔린,AWD,미드나잇 블랙,69,68,314518,145381,144,63,88.5
2026-07,southeast,TRN,2026,TRN-PR,3.5 가솔린,AWD,스틸 그레이,58,57,264857,122426,121,63,88.5
2026-07,southeast,TRN,2026,TRN-PR,3.5 가솔린,AWD,실버,47,47,215196,99471,98,63,88.5
2026-07,southeast,TRN,2026,TRN-PR,3.5 가솔린,AWD,오션 블루,36,36,165536,76516,76,63,88.5
2026-07,southeast,TRN,2026,TRN-PR,3.5 가솔린,AWD,선셋 레드,29,29,132429,61213,60,63,88.5
2026-07,southeast,TRN,2026,TRN-PR,3.5 가솔린,AWD,포레스트 그린,18,18,82768,38258,38,63,88.5
2026-07,southeast,TRN,2026,TRN-PR,3.5 가솔린,AWD,샌드 베이지,18,18,82768,38258,38,63,88.5
2026-07,southeast,TRN,2026,TRN-PR,3.5 가솔린,FWD,스노우 화이트,50,49,225908,104422,103,63,88.5
2026-07,southeast,TRN,2026,TRN-PR,3.5 가솔린,FWD,미드나잇 블랙,39,39,178843,82667,82,63,88.5
2026-07,southeast,TRN,2026,TRN-PR,3.5 가솔린,FWD,스틸 그레이,33,33,150605,69615,69,63,88.5
2026-07,southeast,TRN,2026,TRN-PR,3.5 가솔린,FWD,실버,27,26,122367,56562,56,63,88.5
2026-07,southeast,TRN,2026,TRN-PR,3.5 가솔린,FWD,오션 블루,21,20,94128,43509,43,63,88.5
2026-07,southeast,TRN,2026,TRN-PR,3.5 가솔린,FWD,선셋 레드,17,16,75303,34807,34,63,88.5
2026-07,southeast,TRN,2026,TRN-PR,3.5 가솔린,FWD,포레스트 그린,10,10,47064,21755,21,63,88.5
2026-07,southeast,TRN,2026,TRN-PR,3.5 가솔린,FWD,샌드 베이지,10,10,47064,21755,21,63,88.5
2026-07,southeast,TRN,2026,TRN-PR,2.5T 하이브리드,AWD,스노우 화이트,103,101,466379,215576,213,63,88.5
2026-07,southeast,TRN,2026,TRN-PR,2.5T 하이브리드,AWD,미드나잇 블랙,81,80,369217,170664,169,63,88.5
2026-07,southeast,TRN,2026,TRN-PR,2.5T 하이브리드,AWD,스틸 그레이,68,67,310919,143717,142,63,88.5
2026-07,southeast,TRN,2026,TRN-PR,2.5T 하이브리드,AWD,실버,56,55,252622,116770,115,63,88.5
2026-07,southeast,TRN,2026,TRN-PR,2.5T 하이브리드,AWD,오션 블루,43,42,194325,89823,89,63,88.5
2026-07,southeast,TRN,2026,TRN-PR,2.5T 하이브리드,AWD,선셋 레드,34,34,155460,71859,71,63,88.5
2026-07,southeast,TRN,2026,TRN-PR,2.5T 하이브리드,AWD,포레스트 그린,21,21,97162,44912,44,63,88.5
2026-07,southeast,TRN,2026,TRN-PR,2.5T 하이브리드,AWD,샌드 베이지,21,21,97162,44912,44,63,88.5
2026-07,southeast,TRN,2026,TRN-PR,2.5T 하이브리드,FWD,스노우 화이트,58,57,265196,122582,121,63,88.5
2026-07,southeast,TRN,2026,TRN-PR,2.5T 하이브리드,FWD,미드나잇 블랙,46,45,209947,97044,96,63,88.5
2026-07,southeast,TRN,2026,TRN-PR,2.5T 하이브리드,FWD,스틸 그레이,39,38,176797,81721,81,63,88.5
2026-07,southeast,TRN,2026,TRN-PR,2.5T 하이브리드,FWD,실버,32,31,143648,66399,66,63,88.5
2026-07,southeast,TRN,2026,TRN-PR,2.5T 하이브리드,FWD,오션 블루,24,24,110498,51076,50,63,88.5
2026-07,southeast,TRN,2026,TRN-PR,2.5T 하이브리드,FWD,선셋 레드,19,19,88399,40861,40,63,88.5
2026-07,southeast,TRN,2026,TRN-PR,2.5T 하이브리드,FWD,포레스트 그린,12,12,55249,25538,25,63,88.5
2026-07,southeast,TRN,2026,TRN-PR,2.5T 하이브리드,FWD,샌드 베이지,12,12,55249,25538,25,63,88.5
2026-07,southeast,TRN,2026,TRN-SU,3.5 가솔린,AWD,스노우 화이트,36,35,185280,97878,74,63,88.5
2026-07,southeast,TRN,2026,TRN-SU,3.5 가솔린,AWD,미드나잇 블랙,28,28,146680,77487,59,63,88.5
2026-07,southeast,TRN,2026,TRN-SU,3.5 가솔린,AWD,스틸 그레이,24,23,123520,65252,49,63,88.5
2026-07,southeast,TRN,2026,TRN-SU,3.5 가솔린,AWD,실버,19,19,100360,53018,40,63,88.5
2026-07,southeast,TRN,2026,TRN-SU,3.5 가솔린,AWD,오션 블루,15,15,77200,40783,31,63,88.5
2026-07,southeast,TRN,2026,TRN-SU,3.5 가솔린,AWD,선셋 레드,12,12,61760,32626,25,63,88.5
2026-07,southeast,TRN,2026,TRN-SU,3.5 가솔린,AWD,포레스트 그린,7,7,38600,20391,15,63,88.5
2026-07,southeast,TRN,2026,TRN-SU,3.5 가솔린,AWD,샌드 베이지,7,7,38600,20391,15,63,88.5
2026-07,southeast,TRN,2026,TRN-SU,3.5 가솔린,FWD,스노우 화이트,20,20,105355,55656,42,63,88.5
2026-07,southeast,TRN,2026,TRN-SU,3.5 가솔린,FWD,미드나잇 블랙,16,16,83406,44061,33,63,88.5
2026-07,southeast,TRN,2026,TRN-SU,3.5 가솔린,FWD,스틸 그레이,14,13,70237,37104,28,63,88.5
2026-07,southeast,TRN,2026,TRN-SU,3.5 가솔린,FWD,실버,11,11,57067,30147,23,63,88.5
2026-07,southeast,TRN,2026,TRN-SU,3.5 가솔린,FWD,오션 블루,8,8,43898,23190,18,63,88.5
2026-07,southeast,TRN,2026,TRN-SU,3.5 가솔린,FWD,선셋 레드,7,7,35118,18552,14,63,88.5
2026-07,southeast,TRN,2026,TRN-SU,3.5 가솔린,FWD,포레스트 그린,4,4,21949,11595,9,63,88.5
2026-07,southeast,TRN,2026,TRN-SU,3.5 가솔린,FWD,샌드 베이지,4,4,21949,11595,9,63,88.5
2026-07,southeast,TRN,2026,TRN-SU,2.5T 하이브리드,AWD,스노우 화이트,42,41,217502,114901,87,63,88.5
2026-07,southeast,TRN,2026,TRN-SU,2.5T 하이브리드,AWD,미드나잇 블랙,33,33,172189,90963,69,63,88.5
2026-07,southeast,TRN,2026,TRN-SU,2.5T 하이브리드,AWD,스틸 그레이,28,28,145001,76601,58,63,88.5
2026-07,southeast,TRN,2026,TRN-SU,2.5T 하이브리드,AWD,실버,23,22,117814,62238,47,63,88.5
2026-07,southeast,TRN,2026,TRN-SU,2.5T 하이브리드,AWD,오션 블루,17,17,90626,47875,36,63,88.5
2026-07,southeast,TRN,2026,TRN-SU,2.5T 하이브리드,AWD,선셋 레드,14,14,72501,38300,29,63,88.5
2026-07,southeast,TRN,2026,TRN-SU,2.5T 하이브리드,AWD,포레스트 그린,9,9,45313,23938,18,63,88.5
2026-07,southeast,TRN,2026,TRN-SU,2.5T 하이브리드,AWD,샌드 베이지,9,9,45313,23938,18,63,88.5
2026-07,southeast,TRN,2026,TRN-SU,2.5T 하이브리드,FWD,스노우 화이트,24,23,123678,65336,50,63,88.5
2026-07,southeast,TRN,2026,TRN-SU,2.5T 하이브리드,FWD,미드나잇 블랙,19,19,97912,51724,39,63,88.5
2026-07,southeast,TRN,2026,TRN-SU,2.5T 하이브리드,FWD,스틸 그레이,16,16,82452,43557,33,63,88.5
2026-07,southeast,TRN,2026,TRN-SU,2.5T 하이브리드,FWD,실버,13,13,66992,35390,27,63,88.5
2026-07,southeast,TRN,2026,TRN-SU,2.5T 하이브리드,FWD,오션 블루,10,10,51532,27223,21,63,88.5
2026-07,southeast,TRN,2026,TRN-SU,2.5T 하이브리드,FWD,선셋 레드,8,8,41226,21779,17,63,88.5
2026-07,southeast,TRN,2026,TRN-SU,2.5T 하이브리드,FWD,포레스트 그린,5,5,25766,13612,10,63,88.5
2026-07,southeast,TRN,2026,TRN-SU,2.5T 하이브리드,FWD,샌드 베이지,5,5,25766,13612,10,63,88.5
2026-07,west,VST,2026,VST-CO,2.5 가솔린,AWD,스노우 화이트,82,81,254174,52467,175,65,88.5
2026-07,west,VST,2026,VST-CO,2.5 가솔린,AWD,미드나잇 블랙,65,64,201221,41537,138,65,88.5
2026-07,west,VST,2026,VST-CO,2.5 가솔린,AWD,스틸 그레이,55,54,169450,34978,116,65,88.5
2026-07,west,VST,2026,VST-CO,2.5 가솔린,AWD,실버,44,44,137678,28420,95,65,88.5
2026-07,west,VST,2026,VST-CO,2.5 가솔린,AWD,오션 블루,34,34,105906,21861,73,65,88.5
2026-07,west,VST,2026,VST-CO,2.5 가솔린,AWD,선셋 레드,27,27,84725,17489,58,65,88.5
2026-07,west,VST,2026,VST-CO,2.5 가솔린,AWD,포레스트 그린,17,17,52953,10931,36,65,88.5
2026-07,west,VST,2026,VST-CO,2.5 가솔린,AWD,샌드 베이지,17,17,52953,10931,36,65,88.5
2026-07,west,VST,2026,VST-CO,2.5 가솔린,FWD,스노우 화이트,100,99,310658,64127,214,65,88.5
2026-07,west,VST,2026,VST-CO,2.5 가솔린,FWD,미드나잇 블랙,79,78,245937,50767,169,65,88.5
2026-07,west,VST,2026,VST-CO,2.5 가솔린,FWD,스틸 그레이,67,66,207105,42751,142,65,88.5
2026-07,west,VST,2026,VST-CO,2.5 가솔린,FWD,실버,54,54,168273,34735,116,65,88.5
2026-07,west,VST,2026,VST-CO,2.5 가솔린,FWD,오션 블루,42,41,129441,26719,89,65,88.5
2026-07,west,VST,2026,VST-CO,2.5 가솔린,FWD,선셋 레드,33,33,103553,21376,71,65,88.5
2026-07,west,VST,2026,VST-CO,2.5 가솔린,FWD,포레스트 그린,21,21,64720,13360,44,65,88.5
2026-07,west,VST,2026,VST-CO,2.5 가솔린,FWD,샌드 베이지,21,21,64720,13360,44,65,88.5
2026-07,west,VST,2026,VST-CO,1.6T 하이브리드,AWD,스노우 화이트,96,95,298379,61592,205,65,88.5
2026-07,west,VST,2026,VST-CO,1.6T 하이브리드,AWD,미드나잇 블랙,76,75,236216,48760,162,65,88.5
2026-07,west,VST,2026,VST-CO,1.6T 하이브리드,AWD,스틸 그레이,64,63,198919,41061,137,65,88.5
2026-07,west,VST,2026,VST-CO,1.6T 하이브리드,AWD,실버,52,51,161622,33362,111,65,88.5
2026-07,west,VST,2026,VST-CO,1.6T 하이브리드,AWD,오션 블루,40,40,124324,25663,85,65,88.5
2026-07,west,VST,2026,VST-CO,1.6T 하이브리드,AWD,선셋 레드,32,32,99460,20531,68,65,88.5
2026-07,west,VST,2026,VST-CO,1.6T 하이브리드,AWD,포레스트 그린,20,20,62162,12832,43,65,88.5
2026-07,west,VST,2026,VST-CO,1.6T 하이브리드,AWD,샌드 베이지,20,20,62162,12832,43,65,88.5
2026-07,west,VST,2026,VST-CO,1.6T 하이브리드,FWD,스노우 화이트,118,116,364685,75279,251,65,88.5
2026-07,west,VST,2026,VST-CO,1.6T 하이브리드,FWD,미드나잇 블랙,93,92,288709,59596,198,65,88.5
2026-07,west,VST,2026,VST-CO,1.6T 하이브리드,FWD,스틸 그레이,78,77,243123,50186,167,65,88.5
2026-07,west,VST,2026,VST-CO,1.6T 하이브리드,FWD,실버,64,63,197538,40776,136,65,88.5
2026-07,west,VST,2026,VST-CO,1.6T 하이브리드,FWD,오션 블루,49,48,151952,31366,104,65,88.5
2026-07,west,VST,2026,VST-CO,1.6T 하이브리드,FWD,선셋 레드,39,39,121562,25093,84,65,88.5
2026-07,west,VST,2026,VST-CO,1.6T 하이브리드,FWD,포레스트 그린,25,24,75976,15683,52,65,88.5
2026-07,west,VST,2026,VST-CO,1.6T 하이브리드,FWD,샌드 베이지,25,24,75976,15683,52,65,88.5
2026-07,west,VST,2026,VST-PR,2.5 가솔린,AWD,스노우 화이트,95,94,319899,86344,202,65,88.5
2026-07,west,VST,2026,VST-PR,2.5 가솔린,AWD,미드나잇 블랙,75,74,253253,68355,160,65,88.5
2026-07,west,VST,2026,VST-PR,2.5 가솔린,AWD,스틸 그레이,63,62,213266,57562,135,65,88.5
2026-07,west,VST,2026,VST-PR,2.5 가솔린,AWD,실버,51,51,173279,46769,110,65,88.5
2026-07,west,VST,2026,VST-PR,2.5 가솔린,AWD,오션 블루,40,39,133291,35976,84,65,88.5
2026-07,west,VST,2026,VST-PR,2.5 가솔린,AWD,선셋 레드,32,31,106633,28781,67,65,88.5
2026-07,west,VST,2026,VST-PR,2.5 가솔린,AWD,포레스트 그린,20,19,66646,17988,42,65,88.5
2026-07,west,VST,2026,VST-PR,2.5 가솔린,AWD,샌드 베이지,20,19,66646,17988,42,65,88.5
2026-07,west,VST,2026,VST-PR,2.5 가솔린,FWD,스노우 화이트,116,114,390988,105531,247,65,88.5
2026-07,west,VST,2026,VST-PR,2.5 가솔린,FWD,미드나잇 블랙,92,91,309532,83545,196,65,88.5
2026-07,west,VST,2026,VST-PR,2.5 가솔린,FWD,스틸 그레이,77,76,260659,70354,165,65,88.5
2026-07,west,VST,2026,VST-PR,2.5 가솔린,FWD,실버,63,62,211785,57163,134,65,88.5
2026-07,west,VST,2026,VST-PR,2.5 가솔린,FWD,오션 블루,48,48,162912,43971,103,65,88.5
2026-07,west,VST,2026,VST-PR,2.5 가솔린,FWD,선셋 레드,39,38,130329,35177,82,65,88.5
2026-07,west,VST,2026,VST-PR,2.5 가솔린,FWD,포레스트 그린,24,24,81456,21986,52,65,88.5
2026-07,west,VST,2026,VST-PR,2.5 가솔린,FWD,샌드 베이지,24,24,81456,21986,52,65,88.5
2026-07,west,VST,2026,VST-PR,1.6T 하이브리드,AWD,스노우 화이트,111,110,375534,101360,238,65,88.5
2026-07,west,VST,2026,VST-PR,1.6T 하이브리드,AWD,미드나잇 블랙,88,87,297298,80243,188,65,88.5
2026-07,west,VST,2026,VST-PR,1.6T 하이브리드,AWD,스틸 그레이,74,73,250356,67573,158,65,88.5
2026-07,west,VST,2026,VST-PR,1.6T 하이브리드,AWD,실버,60,60,203414,54903,129,65,88.5
2026-07,west,VST,2026,VST-PR,1.6T 하이브리드,AWD,오션 블루,46,46,156472,42233,99,65,88.5
2026-07,west,VST,2026,VST-PR,1.6T 하이브리드,AWD,선셋 레드,37,37,125178,33787,79,65,88.5
2026-07,west,VST,2026,VST-PR,1.6T 하이브리드,AWD,포레스트 그린,23,23,78236,21117,49,65,88.5
2026-07,west,VST,2026,VST-PR,1.6T 하이브리드,AWD,샌드 베이지,23,23,78236,21117,49,65,88.5
2026-07,west,VST,2026,VST-PR,1.6T 하이브리드,FWD,스노우 화이트,136,134,458986,123884,290,65,88.5
2026-07,west,VST,2026,VST-PR,1.6T 하이브리드,FWD,미드나잇 블랙,108,106,363364,98075,230,65,88.5
2026-07,west,VST,2026,VST-PR,1.6T 하이브리드,FWD,스틸 그레이,91,90,305990,82590,194,65,88.5
2026-07,west,VST,2026,VST-PR,1.6T 하이브리드,FWD,실버,74,73,248617,67104,157,65,88.5
2026-07,west,VST,2026,VST-PR,1.6T 하이브리드,FWD,오션 블루,57,56,191244,51618,121,65,88.5
2026-07,west,VST,2026,VST-PR,1.6T 하이브리드,FWD,선셋 레드,45,45,152995,41295,97,65,88.5
2026-07,west,VST,2026,VST-PR,1.6T 하이브리드,FWD,포레스트 그린,28,28,95622,25809,60,65,88.5
2026-07,west,VST,2026,VST-PR,1.6T 하이브리드,FWD,샌드 베이지,28,28,95622,25809,60,65,88.5
2026-07,west,VST,2026,VST-TR,2.5 가솔린,AWD,스노우 화이트,39,38,149189,53644,83,65,88.5
2026-07,west,VST,2026,VST-TR,2.5 가솔린,AWD,미드나잇 블랙,31,30,118108,42468,66,65,88.5
2026-07,west,VST,2026,VST-TR,2.5 가솔린,AWD,스틸 그레이,26,26,99460,35763,55,65,88.5
2026-07,west,VST,2026,VST-TR,2.5 가솔린,AWD,실버,21,21,80811,29057,45,65,88.5
2026-07,west,VST,2026,VST-TR,2.5 가솔린,AWD,오션 블루,16,16,62162,22352,34,65,88.5
2026-07,west,VST,2026,VST-TR,2.5 가솔린,AWD,선셋 레드,13,13,49730,17881,28,65,88.5
2026-07,west,VST,2026,VST-TR,2.5 가솔린,AWD,포레스트 그린,8,8,31081,11176,17,65,88.5
2026-07,west,VST,2026,VST-TR,2.5 가솔린,AWD,샌드 베이지,8,8,31081,11176,17,65,88.5
2026-07,west,VST,2026,VST-TR,2.5 가솔린,FWD,스노우 화이트,47,47,182343,65565,101,65,88.5
2026-07,west,VST,2026,VST-TR,2.5 가솔린,FWD,미드나잇 블랙,38,37,144354,51905,80,65,88.5
2026-07,west,VST,2026,VST-TR,2.5 가솔린,FWD,스틸 그레이,32,31,121562,43710,67,65,88.5
2026-07,west,VST,2026,VST-TR,2.5 가솔린,FWD,실버,26,25,98769,35514,55,65,88.5
2026-07,west,VST,2026,VST-TR,2.5 가솔린,FWD,오션 블루,20,19,75976,27319,42,65,88.5
2026-07,west,VST,2026,VST-TR,2.5 가솔린,FWD,선셋 레드,16,16,60781,21855,34,65,88.5
2026-07,west,VST,2026,VST-TR,2.5 가솔린,FWD,포레스트 그린,10,10,37988,13659,21,65,88.5
2026-07,west,VST,2026,VST-TR,2.5 가솔린,FWD,샌드 베이지,10,10,37988,13659,21,65,88.5
2026-07,west,VST,2026,VST-TR,1.6T 하이브리드,AWD,스노우 화이트,46,45,175135,62973,97,65,88.5
2026-07,west,VST,2026,VST-TR,1.6T 하이브리드,AWD,미드나잇 블랙,36,36,138649,49854,77,65,88.5
2026-07,west,VST,2026,VST-TR,1.6T 하이브리드,AWD,스틸 그레이,30,30,116757,41982,65,65,88.5
2026-07,west,VST,2026,VST-TR,1.6T 하이브리드,AWD,실버,25,24,94865,34111,53,65,88.5
2026-07,west,VST,2026,VST-TR,1.6T 하이브리드,AWD,오션 블루,19,19,72973,26239,40,65,88.5
2026-07,west,VST,2026,VST-TR,1.6T 하이브리드,AWD,선셋 레드,15,15,58378,20991,32,65,88.5
2026-07,west,VST,2026,VST-TR,1.6T 하이브리드,AWD,포레스트 그린,10,9,36487,13119,20,65,88.5
2026-07,west,VST,2026,VST-TR,1.6T 하이브리드,AWD,샌드 베이지,10,9,36487,13119,20,65,88.5
2026-07,west,VST,2026,VST-TR,1.6T 하이브리드,FWD,스노우 화이트,56,55,214054,76967,119,65,88.5
2026-07,west,VST,2026,VST-TR,1.6T 하이브리드,FWD,미드나잇 블랙,44,43,169460,60932,94,65,88.5
2026-07,west,VST,2026,VST-TR,1.6T 하이브리드,FWD,스틸 그레이,37,37,142703,51312,79,65,88.5
2026-07,west,VST,2026,VST-TR,1.6T 하이브리드,FWD,실버,30,30,115946,41691,64,65,88.5
2026-07,west,VST,2026,VST-TR,1.6T 하이브리드,FWD,오션 블루,23,23,89189,32070,49,65,88.5
2026-07,west,VST,2026,VST-TR,1.6T 하이브리드,FWD,선셋 레드,19,18,71351,25656,40,65,88.5
2026-07,west,VST,2026,VST-TR,1.6T 하이브리드,FWD,포레스트 그린,12,11,44595,16035,25,65,88.5
2026-07,west,VST,2026,VST-TR,1.6T 하이브리드,FWD,샌드 베이지,12,11,44595,16035,25,65,88.5
2026-07,central,VST,2026,VST-CO,2.5 가솔린,AWD,스노우 화이트,62,61,191120,39451,131,65,88.5
2026-07,central,VST,2026,VST-CO,2.5 가솔린,AWD,미드나잇 블랙,49,48,151303,31232,104,65,88.5
2026-07,central,VST,2026,VST-CO,2.5 가솔린,AWD,스틸 그레이,41,41,127413,26301,88,65,88.5
2026-07,central,VST,2026,VST-CO,2.5 가솔린,AWD,실버,33,33,103523,21370,71,65,88.5
2026-07,central,VST,2026,VST-CO,2.5 가솔린,AWD,오션 블루,26,25,79633,16438,55,65,88.5
2026-07,central,VST,2026,VST-CO,2.5 가솔린,AWD,선셋 레드,21,20,63707,13150,44,65,88.5
2026-07,central,VST,2026,VST-CO,2.5 가솔린,AWD,포레스트 그린,13,13,39817,8219,27,65,88.5
2026-07,central,VST,2026,VST-CO,2.5 가솔린,AWD,샌드 베이지,13,13,39817,8219,27,65,88.5
2026-07,central,VST,2026,VST-CO,2.5 가솔린,FWD,스노우 화이트,58,57,178194,36783,123,65,88.5
2026-07,central,VST,2026,VST-CO,2.5 가솔린,FWD,미드나잇 블랙,46,45,141070,29120,97,65,88.5
2026-07,central,VST,2026,VST-CO,2.5 가솔린,FWD,스틸 그레이,38,38,118796,24522,82,65,88.5
2026-07,central,VST,2026,VST-CO,2.5 가솔린,FWD,실버,31,31,96522,19924,66,65,88.5
2026-07,central,VST,2026,VST-CO,2.5 가솔린,FWD,오션 블루,24,24,74247,15326,51,65,88.5
2026-07,central,VST,2026,VST-CO,2.5 가솔린,FWD,선셋 레드,19,19,59398,12261,41,65,88.5
2026-07,central,VST,2026,VST-CO,2.5 가솔린,FWD,포레스트 그린,12,12,37124,7663,26,65,88.5
2026-07,central,VST,2026,VST-CO,2.5 가솔린,FWD,샌드 베이지,12,12,37124,7663,26,65,88.5
2026-07,central,VST,2026,VST-CO,1.6T 하이브리드,AWD,스노우 화이트,72,71,224358,46313,154,65,88.5
2026-07,central,VST,2026,VST-CO,1.6T 하이브리드,AWD,미드나잇 블랙,57,56,177617,36664,122,65,88.5
2026-07,central,VST,2026,VST-CO,1.6T 하이브리드,AWD,스틸 그레이,48,48,149572,30875,103,65,88.5
2026-07,central,VST,2026,VST-CO,1.6T 하이브리드,AWD,실버,39,39,121527,25086,84,65,88.5
2026-07,central,VST,2026,VST-CO,1.6T 하이브리드,AWD,오션 블루,30,30,93482,19297,64,65,88.5
2026-07,central,VST,2026,VST-CO,1.6T 하이브리드,AWD,선셋 레드,24,24,74786,15438,51,65,88.5
2026-07,central,VST,2026,VST-CO,1.6T 하이브리드,AWD,포레스트 그린,15,15,46741,9648,32,65,88.5
2026-07,central,VST,2026,VST-CO,1.6T 하이브리드,AWD,샌드 베이지,15,15,46741,9648,32,65,88.5
2026-07,central,VST,2026,VST-CO,1.6T 하이브리드,FWD,스노우 화이트,68,67,209184,43180,144,65,88.5
2026-07,central,VST,2026,VST-CO,1.6T 하이브리드,FWD,미드나잇 블랙,53,53,165604,34184,114,65,88.5
2026-07,central,VST,2026,VST-CO,1.6T 하이브리드,FWD,스틸 그레이,45,44,139456,28787,96,65,88.5
2026-07,central,VST,2026,VST-CO,1.6T 하이브리드,FWD,실버,37,36,113308,23389,78,65,88.5
2026-07,central,VST,2026,VST-CO,1.6T 하이브리드,FWD,오션 블루,28,28,87160,17992,60,65,88.5
2026-07,central,VST,2026,VST-CO,1.6T 하이브리드,FWD,선셋 레드,23,22,69728,14393,48,65,88.5
2026-07,central,VST,2026,VST-CO,1.6T 하이브리드,FWD,포레스트 그린,14,14,43580,8996,30,65,88.5
2026-07,central,VST,2026,VST-CO,1.6T 하이브리드,FWD,샌드 베이지,14,14,43580,8996,30,65,88.5
2026-07,central,VST,2026,VST-PR,2.5 가솔린,AWD,스노우 화이트,71,70,240540,64924,152,65,88.5
2026-07,central,VST,2026,VST-PR,2.5 가솔린,AWD,미드나잇 블랙,57,56,190427,51398,120,65,88.5
2026-07,central,VST,2026,VST-PR,2.5 가솔린,AWD,스틸 그레이,48,47,160360,43282,101,65,88.5
2026-07,central,VST,2026,VST-PR,2.5 가솔린,AWD,실버,39,38,130292,35167,82,65,88.5
2026-07,central,VST,2026,VST-PR,2.5 가솔린,AWD,오션 블루,30,29,100225,27052,63,65,88.5
2026-07,central,VST,2026,VST-PR,2.5 가솔린,AWD,선셋 레드,24,23,80180,21641,51,65,88.5
2026-07,central,VST,2026,VST-PR,2.5 가솔린,AWD,포레스트 그린,15,15,50112,13526,32,65,88.5
2026-07,central,VST,2026,VST-PR,2.5 가솔린,AWD,샌드 베이지,15,15,50112,13526,32,65,88.5
2026-07,central,VST,2026,VST-PR,2.5 가솔린,FWD,스노우 화이트,67,66,224271,60533,142,65,88.5
2026-07,central,VST,2026,VST-PR,2.5 가솔린,FWD,미드나잇 블랙,53,52,177548,47922,112,65,88.5
2026-07,central,VST,2026,VST-PR,2.5 가솔린,FWD,스틸 그레이,44,44,149514,40355,95,65,88.5
2026-07,central,VST,2026,VST-PR,2.5 가솔린,FWD,실버,36,36,121480,32789,77,65,88.5
2026-07,central,VST,2026,VST-PR,2.5 가솔린,FWD,오션 블루,28,27,93446,25222,59,65,88.5
2026-07,central,VST,2026,VST-PR,2.5 가솔린,FWD,선셋 레드,22,22,74757,20178,47,65,88.5
2026-07,central,VST,2026,VST-PR,2.5 가솔린,FWD,포레스트 그린,14,14,46723,12611,30,65,88.5
2026-07,central,VST,2026,VST-PR,2.5 가솔린,FWD,샌드 베이지,14,14,46723,12611,30,65,88.5
2026-07,central,VST,2026,VST-PR,1.6T 하이브리드,AWD,스노우 화이트,84,83,282373,76215,179,65,88.5
2026-07,central,VST,2026,VST-PR,1.6T 하이브리드,AWD,미드나잇 블랙,66,65,223545,60337,141,65,88.5
2026-07,central,VST,2026,VST-PR,1.6T 하이브리드,AWD,스틸 그레이,56,55,188248,50810,119,65,88.5
2026-07,central,VST,2026,VST-PR,1.6T 하이브리드,AWD,실버,45,45,152952,41283,97,65,88.5
2026-07,central,VST,2026,VST-PR,1.6T 하이브리드,AWD,오션 블루,35,34,117655,31756,74,65,88.5
2026-07,central,VST,2026,VST-PR,1.6T 하이브리드,AWD,선셋 레드,28,28,94124,25405,60,65,88.5
2026-07,central,VST,2026,VST-PR,1.6T 하이브리드,AWD,포레스트 그린,17,17,58828,15878,37,65,88.5
2026-07,central,VST,2026,VST-PR,1.6T 하이브리드,AWD,샌드 베이지,17,17,58828,15878,37,65,88.5
2026-07,central,VST,2026,VST-PR,1.6T 하이브리드,FWD,스노우 화이트,78,77,263275,71060,167,65,88.5
2026-07,central,VST,2026,VST-PR,1.6T 하이브리드,FWD,미드나잇 블랙,62,61,208426,56256,132,65,88.5
2026-07,central,VST,2026,VST-PR,1.6T 하이브리드,FWD,스틸 그레이,52,51,175517,47373,111,65,88.5
2026-07,central,VST,2026,VST-PR,1.6T 하이브리드,FWD,실버,42,42,142607,38491,90,65,88.5
2026-07,central,VST,2026,VST-PR,1.6T 하이브리드,FWD,오션 블루,33,32,109698,29608,69,65,88.5
2026-07,central,VST,2026,VST-PR,1.6T 하이브리드,FWD,선셋 레드,26,26,87758,23687,56,65,88.5
2026-07,central,VST,2026,VST-PR,1.6T 하이브리드,FWD,포레스트 그린,16,16,54849,14804,35,65,88.5
2026-07,central,VST,2026,VST-PR,1.6T 하이브리드,FWD,샌드 베이지,16,16,54849,14804,35,65,88.5
2026-07,central,VST,2026,VST-TR,2.5 가솔린,AWD,스노우 화이트,29,29,112179,40336,62,65,88.5
2026-07,central,VST,2026,VST-TR,2.5 가솔린,AWD,미드나잇 블랙,23,23,88808,31933,49,65,88.5
2026-07,central,VST,2026,VST-TR,2.5 가솔린,AWD,스틸 그레이,19,19,74786,26891,41,65,88.5
2026-07,central,VST,2026,VST-TR,2.5 가솔린,AWD,실버,16,16,60764,21849,34,65,88.5
2026-07,central,VST,2026,VST-TR,2.5 가솔린,AWD,오션 블루,12,12,46741,16807,26,65,88.5
2026-07,central,VST,2026,VST-TR,2.5 가솔린,AWD,선셋 레드,10,10,37393,13445,21,65,88.5
2026-07,central,VST,2026,VST-TR,2.5 가솔린,AWD,포레스트 그린,6,6,23371,8403,13,65,88.5
2026-07,central,VST,2026,VST-TR,2.5 가솔린,AWD,샌드 베이지,6,6,23371,8403,13,65,88.5
2026-07,central,VST,2026,VST-TR,2.5 가솔린,FWD,스노우 화이트,27,27,104592,37608,58,65,88.5
2026-07,central,VST,2026,VST-TR,2.5 가솔린,FWD,미드나잇 블랙,22,21,82802,29773,46,65,88.5
2026-07,central,VST,2026,VST-TR,2.5 가솔린,FWD,스틸 그레이,18,18,69728,25072,39,65,88.5
2026-07,central,VST,2026,VST-TR,2.5 가솔린,FWD,실버,15,15,56654,20371,31,65,88.5
2026-07,central,VST,2026,VST-TR,2.5 가솔린,FWD,오션 블루,11,11,43580,15670,24,65,88.5
2026-07,central,VST,2026,VST-TR,2.5 가솔린,FWD,선셋 레드,9,9,34864,12536,19,65,88.5
2026-07,central,VST,2026,VST-TR,2.5 가솔린,FWD,포레스트 그린,6,6,21790,7835,12,65,88.5
2026-07,central,VST,2026,VST-TR,2.5 가솔린,FWD,샌드 베이지,6,6,21790,7835,12,65,88.5
2026-07,central,VST,2026,VST-TR,1.6T 하이브리드,AWD,스노우 화이트,34,34,131688,47351,73,65,88.5
2026-07,central,VST,2026,VST-TR,1.6T 하이브리드,AWD,미드나잇 블랙,27,27,104253,37486,58,65,88.5
2026-07,central,VST,2026,VST-TR,1.6T 하이브리드,AWD,스틸 그레이,23,23,87792,31567,49,65,88.5
2026-07,central,VST,2026,VST-TR,1.6T 하이브리드,AWD,실버,19,18,71331,25648,40,65,88.5
2026-07,central,VST,2026,VST-TR,1.6T 하이브리드,AWD,오션 블루,14,14,54870,19730,30,65,88.5
2026-07,central,VST,2026,VST-TR,1.6T 하이브리드,AWD,선셋 레드,11,11,43896,15784,24,65,88.5
2026-07,central,VST,2026,VST-TR,1.6T 하이브리드,AWD,포레스트 그린,7,7,27435,9865,15,65,88.5
2026-07,central,VST,2026,VST-TR,1.6T 하이브리드,AWD,샌드 베이지,7,7,27435,9865,15,65,88.5
2026-07,central,VST,2026,VST-TR,1.6T 하이브리드,FWD,스노우 화이트,32,32,122782,44149,68,65,88.5
2026-07,central,VST,2026,VST-TR,1.6T 하이브리드,FWD,미드나잇 블랙,25,25,97202,34951,54,65,88.5
2026-07,central,VST,2026,VST-TR,1.6T 하이브리드,FWD,스틸 그레이,21,21,81855,29432,45,65,88.5
2026-07,central,VST,2026,VST-TR,1.6T 하이브리드,FWD,실버,17,17,66507,23914,37,65,88.5
2026-07,central,VST,2026,VST-TR,1.6T 하이브리드,FWD,오션 블루,13,13,51159,18395,28,65,88.5
2026-07,central,VST,2026,VST-TR,1.6T 하이브리드,FWD,선셋 레드,11,11,40927,14716,23,65,88.5
2026-07,central,VST,2026,VST-TR,1.6T 하이브리드,FWD,포레스트 그린,7,7,25580,9198,14,65,88.5
2026-07,central,VST,2026,VST-TR,1.6T 하이브리드,FWD,샌드 베이지,7,7,25580,9198,14,65,88.5
2026-07,south,VST,2026,VST-CO,2.5 가솔린,AWD,스노우 화이트,72,71,222551,45940,153,65,88.5
2026-07,south,VST,2026,VST-CO,2.5 가솔린,AWD,미드나잇 블랙,57,56,176186,36369,121,65,88.5
2026-07,south,VST,2026,VST-CO,2.5 가솔린,AWD,스틸 그레이,48,47,148367,30626,102,65,88.5
2026-07,south,VST,2026,VST-CO,2.5 가솔린,AWD,실버,39,38,120548,24884,83,65,88.5
2026-07,south,VST,2026,VST-CO,2.5 가솔린,AWD,오션 블루,30,29,92730,19141,64,65,88.5
2026-07,south,VST,2026,VST-CO,2.5 가솔린,AWD,선셋 레드,24,24,74184,15313,51,65,88.5
2026-07,south,VST,2026,VST-CO,2.5 가솔린,AWD,포레스트 그린,15,15,46365,9571,32,65,88.5
2026-07,south,VST,2026,VST-CO,2.5 가솔린,AWD,샌드 베이지,15,15,46365,9571,32,65,88.5
2026-07,south,VST,2026,VST-CO,2.5 가솔린,FWD,스노우 화이트,82,81,255384,52717,176,65,88.5
2026-07,south,VST,2026,VST-CO,2.5 가솔린,FWD,미드나잇 블랙,65,64,202179,41734,139,65,88.5
2026-07,south,VST,2026,VST-CO,2.5 가솔린,FWD,스틸 그레이,55,54,170256,35145,117,65,88.5
2026-07,south,VST,2026,VST-CO,2.5 가솔린,FWD,실버,45,44,138333,28555,95,65,88.5
2026-07,south,VST,2026,VST-CO,2.5 가솔린,FWD,오션 블루,34,34,106410,21965,73,65,88.5
2026-07,south,VST,2026,VST-CO,2.5 가솔린,FWD,선셋 레드,27,27,85128,17572,59,65,88.5
2026-07,south,VST,2026,VST-CO,2.5 가솔린,FWD,포레스트 그린,17,17,53205,10983,37,65,88.5
2026-07,south,VST,2026,VST-CO,2.5 가솔린,FWD,샌드 베이지,17,17,53205,10983,37,65,88.5
2026-07,south,VST,2026,VST-CO,1.6T 하이브리드,AWD,스노우 화이트,84,83,261255,53929,180,65,88.5
2026-07,south,VST,2026,VST-CO,1.6T 하이브리드,AWD,미드나잇 블랙,67,66,206827,42694,142,65,88.5
2026-07,south,VST,2026,VST-CO,1.6T 하이브리드,AWD,스틸 그레이,56,55,174170,35953,120,65,88.5
2026-07,south,VST,2026,VST-CO,1.6T 하이브리드,AWD,실버,46,45,141513,29212,97,65,88.5
2026-07,south,VST,2026,VST-CO,1.6T 하이브리드,AWD,오션 블루,35,35,108856,22470,75,65,88.5
2026-07,south,VST,2026,VST-CO,1.6T 하이브리드,AWD,선셋 레드,28,28,87085,17976,60,65,88.5
2026-07,south,VST,2026,VST-CO,1.6T 하이브리드,AWD,포레스트 그린,18,17,54428,11235,37,65,88.5
2026-07,south,VST,2026,VST-CO,1.6T 하이브리드,AWD,샌드 베이지,18,17,54428,11235,37,65,88.5
2026-07,south,VST,2026,VST-CO,1.6T 하이브리드,FWD,스노우 화이트,97,95,299799,61885,206,65,88.5
2026-07,south,VST,2026,VST-CO,1.6T 하이브리드,FWD,미드나잇 블랙,77,75,237341,48992,163,65,88.5
2026-07,south,VST,2026,VST-CO,1.6T 하이브리드,FWD,스틸 그레이,65,64,199866,41257,137,65,88.5
2026-07,south,VST,2026,VST-CO,1.6T 하이브리드,FWD,실버,52,52,162391,33521,112,65,88.5
2026-07,south,VST,2026,VST-CO,1.6T 하이브리드,FWD,오션 블루,40,40,124916,25785,86,65,88.5
2026-07,south,VST,2026,VST-CO,1.6T 하이브리드,FWD,선셋 레드,32,32,99933,20628,69,65,88.5
2026-07,south,VST,2026,VST-CO,1.6T 하이브리드,FWD,포레스트 그린,20,20,62458,12893,43,65,88.5
2026-07,south,VST,2026,VST-CO,1.6T 하이브리드,FWD,샌드 베이지,20,20,62458,12893,43,65,88.5
2026-07,south,VST,2026,VST-PR,2.5 가솔린,AWD,스노우 화이트,83,82,280098,75601,177,65,88.5
2026-07,south,VST,2026,VST-PR,2.5 가솔린,AWD,미드나잇 블랙,66,65,221744,59851,140,65,88.5
2026-07,south,VST,2026,VST-PR,2.5 가솔린,AWD,스틸 그레이,55,55,186732,50401,118,65,88.5
2026-07,south,VST,2026,VST-PR,2.5 가솔린,AWD,실버,45,44,151720,40951,96,65,88.5
2026-07,south,VST,2026,VST-PR,2.5 가솔린,AWD,오션 블루,35,34,116708,31500,74,65,88.5
2026-07,south,VST,2026,VST-PR,2.5 가솔린,AWD,선셋 레드,28,27,93366,25200,59,65,88.5
2026-07,south,VST,2026,VST-PR,2.5 가솔린,AWD,포레스트 그린,17,17,58354,15750,37,65,88.5
2026-07,south,VST,2026,VST-PR,2.5 가솔린,AWD,샌드 베이지,17,17,58354,15750,37,65,88.5
2026-07,south,VST,2026,VST-PR,2.5 가솔린,FWD,스노우 화이트,95,94,321421,86754,203,65,88.5
2026-07,south,VST,2026,VST-PR,2.5 가솔린,FWD,미드나잇 블랙,76,74,254459,68681,161,65,88.5
2026-07,south,VST,2026,VST-PR,2.5 가솔린,FWD,스틸 그레이,64,63,214281,57836,136,65,88.5
2026-07,south,VST,2026,VST-PR,2.5 가솔린,FWD,실버,52,51,174103,46992,110,65,88.5
2026-07,south,VST,2026,VST-PR,2.5 가솔린,FWD,오션 블루,40,39,133926,36148,85,65,88.5
2026-07,south,VST,2026,VST-PR,2.5 가솔린,FWD,선셋 레드,32,31,107140,28918,68,65,88.5
2026-07,south,VST,2026,VST-PR,2.5 가솔린,FWD,포레스트 그린,20,20,66963,18074,42,65,88.5
2026-07,south,VST,2026,VST-PR,2.5 가솔린,FWD,샌드 베이지,20,20,66963,18074,42,65,88.5
2026-07,south,VST,2026,VST-PR,1.6T 하이브리드,AWD,스노우 화이트,98,96,328811,88749,208,65,88.5
2026-07,south,VST,2026,VST-PR,1.6T 하이브리드,AWD,미드나잇 블랙,77,76,260309,70260,165,65,88.5
2026-07,south,VST,2026,VST-PR,1.6T 하이브리드,AWD,스틸 그레이,65,64,219207,59166,139,65,88.5
2026-07,south,VST,2026,VST-PR,1.6T 하이브리드,AWD,실버,53,52,178106,48072,113,65,88.5
2026-07,south,VST,2026,VST-PR,1.6T 하이브리드,AWD,오션 블루,41,40,137005,36979,87,65,88.5
2026-07,south,VST,2026,VST-PR,1.6T 하이브리드,AWD,선셋 레드,33,32,109604,29583,69,65,88.5
2026-07,south,VST,2026,VST-PR,1.6T 하이브리드,AWD,포레스트 그린,20,20,68502,18489,43,65,88.5
2026-07,south,VST,2026,VST-PR,1.6T 하이브리드,AWD,샌드 베이지,20,20,68502,18489,43,65,88.5
2026-07,south,VST,2026,VST-PR,1.6T 하이브리드,FWD,스노우 화이트,112,110,377321,101842,239,65,88.5
2026-07,south,VST,2026,VST-PR,1.6T 하이브리드,FWD,미드나잇 블랙,89,87,298712,80625,189,65,88.5
2026-07,south,VST,2026,VST-PR,1.6T 하이브리드,FWD,스틸 그레이,75,74,251547,67895,159,65,88.5
2026-07,south,VST,2026,VST-PR,1.6T 하이브리드,FWD,실버,61,60,204382,55165,129,65,88.5
2026-07,south,VST,2026,VST-PR,1.6T 하이브리드,FWD,오션 블루,47,46,157217,42434,99,65,88.5
2026-07,south,VST,2026,VST-PR,1.6T 하이브리드,FWD,선셋 레드,37,37,125774,33947,80,65,88.5
2026-07,south,VST,2026,VST-PR,1.6T 하이브리드,FWD,포레스트 그린,23,23,78609,21217,50,65,88.5
2026-07,south,VST,2026,VST-PR,1.6T 하이브리드,FWD,샌드 베이지,23,23,78609,21217,50,65,88.5
2026-07,south,VST,2026,VST-TR,2.5 가솔린,AWD,스노우 화이트,34,34,130628,46970,72,65,88.5
2026-07,south,VST,2026,VST-TR,2.5 가솔린,AWD,미드나잇 블랙,27,27,103414,37184,57,65,88.5
2026-07,south,VST,2026,VST-TR,2.5 가솔린,AWD,스틸 그레이,23,22,87085,31313,48,65,88.5
2026-07,south,VST,2026,VST-TR,2.5 가솔린,AWD,실버,18,18,70757,25442,39,65,88.5
2026-07,south,VST,2026,VST-TR,2.5 가솔린,AWD,오션 블루,14,14,54428,19571,30,65,88.5
2026-07,south,VST,2026,VST-TR,2.5 가솔린,AWD,선셋 레드,11,11,43543,15657,24,65,88.5
2026-07,south,VST,2026,VST-TR,2.5 가솔린,AWD,포레스트 그린,7,7,27214,9785,15,65,88.5
2026-07,south,VST,2026,VST-TR,2.5 가솔린,AWD,샌드 베이지,7,7,27214,9785,15,65,88.5
2026-07,south,VST,2026,VST-TR,2.5 가솔린,FWD,스노우 화이트,39,38,149899,53899,83,65,88.5
2026-07,south,VST,2026,VST-TR,2.5 가솔린,FWD,미드나잇 블랙,31,30,118670,42670,66,65,88.5
2026-07,south,VST,2026,VST-TR,2.5 가솔린,FWD,스틸 그레이,26,26,99933,35933,55,65,88.5
2026-07,south,VST,2026,VST-TR,2.5 가솔린,FWD,실버,21,21,81195,29195,45,65,88.5
2026-07,south,VST,2026,VST-TR,2.5 가솔린,FWD,오션 블루,16,16,62458,22458,35,65,88.5
2026-07,south,VST,2026,VST-TR,2.5 가솔린,FWD,선셋 레드,13,13,49966,17966,28,65,88.5
2026-07,south,VST,2026,VST-TR,2.5 가솔린,FWD,포레스트 그린,8,8,31229,11229,17,65,88.5
2026-07,south,VST,2026,VST-TR,2.5 가솔린,FWD,샌드 베이지,8,8,31229,11229,17,65,88.5
2026-07,south,VST,2026,VST-TR,1.6T 하이브리드,AWD,스노우 화이트,40,39,153346,55138,85,65,88.5
2026-07,south,VST,2026,VST-TR,1.6T 하이브리드,AWD,미드나잇 블랙,32,31,121399,43651,67,65,88.5
2026-07,south,VST,2026,VST-TR,1.6T 하이브리드,AWD,스틸 그레이,27,26,102230,36759,57,65,88.5
2026-07,south,VST,2026,VST-TR,1.6T 하이브리드,AWD,실버,22,21,83062,29867,46,65,88.5
2026-07,south,VST,2026,VST-TR,1.6T 하이브리드,AWD,오션 블루,17,16,63894,22974,35,65,88.5
2026-07,south,VST,2026,VST-TR,1.6T 하이브리드,AWD,선셋 레드,13,13,51115,18379,28,65,88.5
2026-07,south,VST,2026,VST-TR,1.6T 하이브리드,AWD,포레스트 그린,8,8,31947,11487,18,65,88.5
2026-07,south,VST,2026,VST-TR,1.6T 하이브리드,AWD,샌드 베이지,8,8,31947,11487,18,65,88.5
2026-07,south,VST,2026,VST-TR,1.6T 하이브리드,FWD,스노우 화이트,46,45,175969,63273,98,65,88.5
2026-07,south,VST,2026,VST-TR,1.6T 하이브리드,FWD,미드나잇 블랙,36,36,139309,50091,77,65,88.5
2026-07,south,VST,2026,VST-TR,1.6T 하이브리드,FWD,스틸 그레이,31,30,117312,42182,65,65,88.5
2026-07,south,VST,2026,VST-TR,1.6T 하이브리드,FWD,실버,25,24,95316,34273,53,65,88.5
2026-07,south,VST,2026,VST-TR,1.6T 하이브리드,FWD,오션 블루,19,19,73320,26364,41,65,88.5
2026-07,south,VST,2026,VST-TR,1.6T 하이브리드,FWD,선셋 레드,15,15,58656,21091,33,65,88.5
2026-07,south,VST,2026,VST-TR,1.6T 하이브리드,FWD,포레스트 그린,10,9,36660,13182,20,65,88.5
2026-07,south,VST,2026,VST-TR,1.6T 하이브리드,FWD,샌드 베이지,10,9,36660,13182,20,65,88.5
2026-07,northeast,VST,2026,VST-CO,2.5 가솔린,AWD,스노우 화이트,70,69,216048,44597,149,65,88.5
2026-07,northeast,VST,2026,VST-CO,2.5 가솔린,AWD,미드나잇 블랙,55,54,171038,35306,118,65,88.5
2026-07,northeast,VST,2026,VST-CO,2.5 가솔린,AWD,스틸 그레이,46,46,144032,29731,99,65,88.5
2026-07,northeast,VST,2026,VST-CO,2.5 가솔린,AWD,실버,38,37,117026,24157,80,65,88.5
2026-07,northeast,VST,2026,VST-CO,2.5 가솔린,AWD,오션 블루,29,29,90020,18582,62,65,88.5
2026-07,northeast,VST,2026,VST-CO,2.5 가솔린,AWD,선셋 레드,23,23,72016,14866,50,65,88.5
2026-07,northeast,VST,2026,VST-CO,2.5 가솔린,AWD,포레스트 그린,15,14,45010,9291,31,65,88.5
2026-07,northeast,VST,2026,VST-CO,2.5 가솔린,AWD,샌드 베이지,15,14,45010,9291,31,65,88.5
2026-07,northeast,VST,2026,VST-CO,2.5 가솔린,FWD,스노우 화이트,49,49,153265,31637,105,65,88.5
2026-07,northeast,VST,2026,VST-CO,2.5 가솔린,FWD,미드나잇 블랙,39,39,121335,25046,83,65,88.5
2026-07,northeast,VST,2026,VST-CO,2.5 가솔린,FWD,스틸 그레이,33,32,102177,21092,70,65,88.5
2026-07,northeast,VST,2026,VST-CO,2.5 가솔린,FWD,실버,27,26,83019,17137,57,65,88.5
2026-07,northeast,VST,2026,VST-CO,2.5 가솔린,FWD,오션 블루,21,20,63860,13182,44,65,88.5
2026-07,northeast,VST,2026,VST-CO,2.5 가솔린,FWD,선셋 레드,16,16,51088,10546,35,65,88.5
2026-07,northeast,VST,2026,VST-CO,2.5 가솔린,FWD,포레스트 그린,10,10,31930,6591,22,65,88.5
2026-07,northeast,VST,2026,VST-CO,2.5 가솔린,FWD,샌드 베이지,10,10,31930,6591,22,65,88.5
2026-07,northeast,VST,2026,VST-CO,1.6T 하이브리드,AWD,스노우 화이트,82,81,253622,52353,174,65,88.5
2026-07,northeast,VST,2026,VST-CO,1.6T 하이브리드,AWD,미드나잇 블랙,65,64,200784,41446,138,65,88.5
2026-07,northeast,VST,2026,VST-CO,1.6T 하이브리드,AWD,스틸 그레이,55,54,169081,34902,116,65,88.5
2026-07,northeast,VST,2026,VST-CO,1.6T 하이브리드,AWD,실버,44,44,137379,28358,94,65,88.5
2026-07,northeast,VST,2026,VST-CO,1.6T 하이브리드,AWD,오션 블루,34,34,105676,21814,73,65,88.5
2026-07,northeast,VST,2026,VST-CO,1.6T 하이브리드,AWD,선셋 레드,27,27,84541,17451,58,65,88.5
2026-07,northeast,VST,2026,VST-CO,1.6T 하이브리드,AWD,포레스트 그린,17,17,52838,10907,36,65,88.5
2026-07,northeast,VST,2026,VST-CO,1.6T 하이브리드,AWD,샌드 베이지,17,17,52838,10907,36,65,88.5
2026-07,northeast,VST,2026,VST-CO,1.6T 하이브리드,FWD,스노우 화이트,58,57,179920,37140,124,65,88.5
2026-07,northeast,VST,2026,VST-CO,1.6T 하이브리드,FWD,미드나잇 블랙,46,45,142436,29402,98,65,88.5
2026-07,northeast,VST,2026,VST-CO,1.6T 하이브리드,FWD,스틸 그레이,39,38,119947,24760,82,65,88.5
2026-07,northeast,VST,2026,VST-CO,1.6T 하이브리드,FWD,실버,31,31,97457,20117,67,65,88.5
2026-07,northeast,VST,2026,VST-CO,1.6T 하이브리드,FWD,오션 블루,24,24,74967,15475,52,65,88.5
2026-07,northeast,VST,2026,VST-CO,1.6T 하이브리드,FWD,선셋 레드,19,19,59973,12380,41,65,88.5
2026-07,northeast,VST,2026,VST-CO,1.6T 하이브리드,FWD,포레스트 그린,12,12,37483,7737,26,65,88.5
2026-07,northeast,VST,2026,VST-CO,1.6T 하이브리드,FWD,샌드 베이지,12,12,37483,7737,26,65,88.5
2026-07,northeast,VST,2026,VST-PR,2.5 가솔린,AWD,스노우 화이트,81,80,271914,73392,172,65,88.5
2026-07,northeast,VST,2026,VST-PR,2.5 가솔린,AWD,미드나잇 블랙,64,63,215265,58102,136,65,88.5
2026-07,northeast,VST,2026,VST-PR,2.5 가솔린,AWD,스틸 그레이,54,53,181276,48928,115,65,88.5
2026-07,northeast,VST,2026,VST-PR,2.5 가솔린,AWD,실버,44,43,147287,39754,93,65,88.5
2026-07,northeast,VST,2026,VST-PR,2.5 가솔린,AWD,오션 블루,34,33,113298,30580,72,65,88.5
2026-07,northeast,VST,2026,VST-PR,2.5 가솔린,AWD,선셋 레드,27,27,90638,24464,57,65,88.5
2026-07,northeast,VST,2026,VST-PR,2.5 가솔린,AWD,포레스트 그린,17,17,56649,15290,36,65,88.5
2026-07,northeast,VST,2026,VST-PR,2.5 가솔린,AWD,샌드 베이지,17,17,56649,15290,36,65,88.5
2026-07,northeast,VST,2026,VST-PR,2.5 가솔린,FWD,스노우 화이트,57,56,192896,52064,122,65,88.5
2026-07,northeast,VST,2026,VST-PR,2.5 가솔린,FWD,미드나잇 블랙,45,45,152710,41218,97,65,88.5
2026-07,northeast,VST,2026,VST-PR,2.5 가솔린,FWD,스틸 그레이,38,38,128598,34710,81,65,88.5
2026-07,northeast,VST,2026,VST-PR,2.5 가솔린,FWD,실버,31,31,104486,28202,66,65,88.5
2026-07,northeast,VST,2026,VST-PR,2.5 가솔린,FWD,오션 블루,24,24,80374,21694,51,65,88.5
2026-07,northeast,VST,2026,VST-PR,2.5 가솔린,FWD,선셋 레드,19,19,64299,17355,41,65,88.5
2026-07,northeast,VST,2026,VST-PR,2.5 가솔린,FWD,포레스트 그린,12,12,40187,10847,25,65,88.5
2026-07,northeast,VST,2026,VST-PR,2.5 가솔린,FWD,샌드 베이지,12,12,40187,10847,25,65,88.5
2026-07,northeast,VST,2026,VST-PR,1.6T 하이브리드,AWD,스노우 화이트,95,93,319204,86156,202,65,88.5
2026-07,northeast,VST,2026,VST-PR,1.6T 하이브리드,AWD,미드나잇 블랙,75,74,252703,68207,160,65,88.5
2026-07,northeast,VST,2026,VST-PR,1.6T 하이브리드,AWD,스틸 그레이,63,62,212802,57437,135,65,88.5
2026-07,northeast,VST,2026,VST-PR,1.6T 하이브리드,AWD,실버,51,51,172902,46668,109,65,88.5
2026-07,northeast,VST,2026,VST-PR,1.6T 하이브리드,AWD,오션 블루,39,39,133002,35898,84,65,88.5
2026-07,northeast,VST,2026,VST-PR,1.6T 하이브리드,AWD,선셋 레드,32,31,106401,28719,67,65,88.5
2026-07,northeast,VST,2026,VST-PR,1.6T 하이브리드,AWD,포레스트 그린,20,19,66501,17949,42,65,88.5
2026-07,northeast,VST,2026,VST-PR,1.6T 하이브리드,AWD,샌드 베이지,20,19,66501,17949,42,65,88.5
2026-07,northeast,VST,2026,VST-PR,1.6T 하이브리드,FWD,스노우 화이트,67,66,226444,61119,143,65,88.5
2026-07,northeast,VST,2026,VST-PR,1.6T 하이브리드,FWD,미드나잇 블랙,53,52,179268,48386,113,65,88.5
2026-07,northeast,VST,2026,VST-PR,1.6T 하이브리드,FWD,스틸 그레이,45,44,150962,40746,95,65,88.5
2026-07,northeast,VST,2026,VST-PR,1.6T 하이브리드,FWD,실버,36,36,122657,33106,78,65,88.5
2026-07,northeast,VST,2026,VST-PR,1.6T 하이브리드,FWD,오션 블루,28,28,94352,25466,60,65,88.5
2026-07,northeast,VST,2026,VST-PR,1.6T 하이브리드,FWD,선셋 레드,22,22,75481,20373,48,65,88.5
2026-07,northeast,VST,2026,VST-PR,1.6T 하이브리드,FWD,포레스트 그린,14,14,47176,12733,30,65,88.5
2026-07,northeast,VST,2026,VST-PR,1.6T 하이브리드,FWD,샌드 베이지,14,14,47176,12733,30,65,88.5
2026-07,northeast,VST,2026,VST-TR,2.5 가솔린,AWD,스노우 화이트,33,33,126811,45597,70,65,88.5
2026-07,northeast,VST,2026,VST-TR,2.5 가솔린,AWD,미드나잇 블랙,26,26,100392,36098,56,65,88.5
2026-07,northeast,VST,2026,VST-TR,2.5 가솔린,AWD,스틸 그레이,22,22,84541,30398,47,65,88.5
2026-07,northeast,VST,2026,VST-TR,2.5 가솔린,AWD,실버,18,18,68689,24699,38,65,88.5
2026-07,northeast,VST,2026,VST-TR,2.5 가솔린,AWD,오션 블루,14,14,52838,18999,29,65,88.5
2026-07,northeast,VST,2026,VST-TR,2.5 가솔린,AWD,선셋 레드,11,11,42270,15199,23,65,88.5
2026-07,northeast,VST,2026,VST-TR,2.5 가솔린,AWD,포레스트 그린,7,7,26419,9499,15,65,88.5
2026-07,northeast,VST,2026,VST-TR,2.5 가솔린,AWD,샌드 베이지,7,7,26419,9499,15,65,88.5
2026-07,northeast,VST,2026,VST-TR,2.5 가솔린,FWD,스노우 화이트,23,23,89960,32347,50,65,88.5
2026-07,northeast,VST,2026,VST-TR,2.5 가솔린,FWD,미드나잇 블랙,19,18,71218,25608,40,65,88.5
2026-07,northeast,VST,2026,VST-TR,2.5 가솔린,FWD,스틸 그레이,16,15,59973,21565,33,65,88.5
2026-07,northeast,VST,2026,VST-TR,2.5 가솔린,FWD,실버,13,13,48728,17521,27,65,88.5
2026-07,northeast,VST,2026,VST-TR,2.5 가솔린,FWD,오션 블루,10,10,37483,13478,21,65,88.5
2026-07,northeast,VST,2026,VST-TR,2.5 가솔린,FWD,선셋 레드,8,8,29987,10782,17,65,88.5
2026-07,northeast,VST,2026,VST-TR,2.5 가솔린,FWD,포레스트 그린,5,5,18742,6739,10,65,88.5
2026-07,northeast,VST,2026,VST-TR,2.5 가솔린,FWD,샌드 베이지,5,5,18742,6739,10,65,88.5
2026-07,northeast,VST,2026,VST-TR,1.6T 하이브리드,AWD,스노우 화이트,39,38,148865,53527,83,65,88.5
2026-07,northeast,VST,2026,VST-TR,1.6T 하이브리드,AWD,미드나잇 블랙,31,30,117851,42376,65,65,88.5
2026-07,northeast,VST,2026,VST-TR,1.6T 하이브리드,AWD,스틸 그레이,26,25,99243,35685,55,65,88.5
2026-07,northeast,VST,2026,VST-TR,1.6T 하이브리드,AWD,실버,21,21,80635,28994,45,65,88.5
2026-07,northeast,VST,2026,VST-TR,1.6T 하이브리드,AWD,오션 블루,16,16,62027,22303,34,65,88.5
2026-07,northeast,VST,2026,VST-TR,1.6T 하이브리드,AWD,선셋 레드,13,13,49622,17842,28,65,88.5
2026-07,northeast,VST,2026,VST-TR,1.6T 하이브리드,AWD,포레스트 그린,8,8,31014,11152,17,65,88.5
2026-07,northeast,VST,2026,VST-TR,1.6T 하이브리드,AWD,샌드 베이지,8,8,31014,11152,17,65,88.5
2026-07,northeast,VST,2026,VST-TR,1.6T 하이브리드,FWD,스노우 화이트,28,27,105605,37972,59,65,88.5
2026-07,northeast,VST,2026,VST-TR,1.6T 하이브리드,FWD,미드나잇 블랙,22,21,83604,30061,46,65,88.5
2026-07,northeast,VST,2026,VST-TR,1.6T 하이브리드,FWD,스틸 그레이,18,18,70403,25315,39,65,88.5
2026-07,northeast,VST,2026,VST-TR,1.6T 하이브리드,FWD,실버,15,15,57203,20568,32,65,88.5
2026-07,northeast,VST,2026,VST-TR,1.6T 하이브리드,FWD,오션 블루,11,11,44002,15822,24,65,88.5
2026-07,northeast,VST,2026,VST-TR,1.6T 하이브리드,FWD,선셋 레드,9,9,35202,12657,20,65,88.5
2026-07,northeast,VST,2026,VST-TR,1.6T 하이브리드,FWD,포레스트 그린,6,6,22001,7911,12,65,88.5
2026-07,northeast,VST,2026,VST-TR,1.6T 하이브리드,FWD,샌드 베이지,6,6,22001,7911,12,65,88.5
2026-07,southeast,VST,2026,VST-CO,2.5 가솔린,AWD,스노우 화이트,67,66,207127,42756,142,65,88.5
2026-07,southeast,VST,2026,VST-CO,2.5 가솔린,AWD,미드나잇 블랙,53,52,163976,33848,113,65,88.5
2026-07,southeast,VST,2026,VST-CO,2.5 가솔린,AWD,스틸 그레이,45,44,138085,28504,95,65,88.5
2026-07,southeast,VST,2026,VST-CO,2.5 가솔린,AWD,실버,36,36,112194,23159,77,65,88.5
2026-07,southeast,VST,2026,VST-CO,2.5 가솔린,AWD,오션 블루,28,27,86303,17815,59,65,88.5
2026-07,southeast,VST,2026,VST-CO,2.5 가솔린,AWD,선셋 레드,22,22,69042,14252,47,65,88.5
2026-07,southeast,VST,2026,VST-CO,2.5 가솔린,AWD,포레스트 그린,14,14,43152,8907,30,65,88.5
2026-07,southeast,VST,2026,VST-CO,2.5 가솔린,AWD,샌드 베이지,14,14,43152,8907,30,65,88.5
2026-07,southeast,VST,2026,VST-CO,2.5 가솔린,FWD,스노우 화이트,59,58,183910,37963,126,65,88.5
2026-07,southeast,VST,2026,VST-CO,2.5 가솔린,FWD,미드나잇 블랙,47,46,145596,30054,100,65,88.5
2026-07,southeast,VST,2026,VST-CO,2.5 가솔린,FWD,스틸 그레이,40,39,122607,25309,84,65,88.5
2026-07,southeast,VST,2026,VST-CO,2.5 가솔린,FWD,실버,32,32,99618,20563,68,65,88.5
2026-07,southeast,VST,2026,VST-CO,2.5 가솔린,FWD,오션 블루,25,24,76629,15818,53,65,88.5
2026-07,southeast,VST,2026,VST-CO,2.5 가솔린,FWD,선셋 레드,20,19,61303,12654,42,65,88.5
2026-07,southeast,VST,2026,VST-CO,2.5 가솔린,FWD,포레스트 그린,12,12,38315,7909,26,65,88.5
2026-07,southeast,VST,2026,VST-CO,2.5 가솔린,FWD,샌드 베이지,12,12,38315,7909,26,65,88.5
2026-07,southeast,VST,2026,VST-CO,1.6T 하이브리드,AWD,스노우 화이트,78,77,243150,50192,167,65,88.5
2026-07,southeast,VST,2026,VST-CO,1.6T 하이브리드,AWD,미드나잇 블랙,62,61,192493,39735,132,65,88.5
2026-07,southeast,VST,2026,VST-CO,1.6T 하이브리드,AWD,스틸 그레이,52,52,162100,33461,111,65,88.5
2026-07,southeast,VST,2026,VST-CO,1.6T 하이브리드,AWD,실버,43,42,131706,27187,91,65,88.5
2026-07,southeast,VST,2026,VST-CO,1.6T 하이브리드,AWD,오션 블루,33,32,101312,20913,70,65,88.5
2026-07,southeast,VST,2026,VST-CO,1.6T 하이브리드,AWD,선셋 레드,26,26,81050,16731,56,65,88.5
2026-07,southeast,VST,2026,VST-CO,1.6T 하이브리드,AWD,포레스트 그린,16,16,50656,10457,35,65,88.5
2026-07,southeast,VST,2026,VST-CO,1.6T 하이브리드,AWD,샌드 베이지,16,16,50656,10457,35,65,88.5
2026-07,southeast,VST,2026,VST-CO,1.6T 하이브리드,FWD,스노우 화이트,70,69,215895,44566,148,65,88.5
2026-07,southeast,VST,2026,VST-CO,1.6T 하이브리드,FWD,미드나잇 블랙,55,54,170917,35281,118,65,88.5
2026-07,southeast,VST,2026,VST-CO,1.6T 하이브리드,FWD,스틸 그레이,46,46,143930,29710,99,65,88.5
2026-07,southeast,VST,2026,VST-CO,1.6T 하이브리드,FWD,실버,38,37,116943,24140,80,65,88.5
2026-07,southeast,VST,2026,VST-CO,1.6T 하이브리드,FWD,오션 블루,29,29,89956,18569,62,65,88.5
2026-07,southeast,VST,2026,VST-CO,1.6T 하이브리드,FWD,선셋 레드,23,23,71965,14855,49,65,88.5
2026-07,southeast,VST,2026,VST-CO,1.6T 하이브리드,FWD,포레스트 그린,15,14,44978,9284,31,65,88.5
2026-07,southeast,VST,2026,VST-CO,1.6T 하이브리드,FWD,샌드 베이지,15,14,44978,9284,31,65,88.5
2026-07,southeast,VST,2026,VST-PR,2.5 가솔린,AWD,스노우 화이트,77,76,260687,70362,165,65,88.5
2026-07,southeast,VST,2026,VST-PR,2.5 가솔린,AWD,미드나잇 블랙,61,60,206377,55703,131,65,88.5
2026-07,southeast,VST,2026,VST-PR,2.5 가솔린,AWD,스틸 그레이,52,51,173791,46908,110,65,88.5
2026-07,southeast,VST,2026,VST-PR,2.5 가솔린,AWD,실버,42,41,141205,38113,89,65,88.5
2026-07,southeast,VST,2026,VST-PR,2.5 가솔린,AWD,오션 블루,32,32,108619,29317,69,65,88.5
2026-07,southeast,VST,2026,VST-PR,2.5 가솔린,AWD,선셋 레드,26,25,86896,23454,55,65,88.5
2026-07,southeast,VST,2026,VST-PR,2.5 가솔린,AWD,포레스트 그린,16,16,54310,14659,34,65,88.5
2026-07,southeast,VST,2026,VST-PR,2.5 가솔린,AWD,샌드 베이지,16,16,54310,14659,34,65,88.5
2026-07,southeast,VST,2026,VST-PR,2.5 가솔린,FWD,스노우 화이트,69,68,231466,62475,146,65,88.5
2026-07,southeast,VST,2026,VST-PR,2.5 가솔린,FWD,미드나잇 블랙,54,54,183244,49459,116,65,88.5
2026-07,southeast,VST,2026,VST-PR,2.5 가솔린,FWD,스틸 그레이,46,45,154311,41650,98,65,88.5
2026-07,southeast,VST,2026,VST-PR,2.5 가솔린,FWD,실버,37,37,125377,33840,79,65,88.5
2026-07,southeast,VST,2026,VST-PR,2.5 가솔린,FWD,오션 블루,29,28,96444,26031,61,65,88.5
2026-07,southeast,VST,2026,VST-PR,2.5 가솔린,FWD,선셋 레드,23,23,77155,20825,49,65,88.5
2026-07,southeast,VST,2026,VST-PR,2.5 가솔린,FWD,포레스트 그린,14,14,48222,13016,31,65,88.5
2026-07,southeast,VST,2026,VST-PR,2.5 가솔린,FWD,샌드 베이지,14,14,48222,13016,31,65,88.5
2026-07,southeast,VST,2026,VST-PR,1.6T 하이브리드,AWD,스노우 화이트,91,90,306023,82598,194,65,88.5
2026-07,southeast,VST,2026,VST-PR,1.6T 하이브리드,AWD,미드나잇 블랙,72,71,242269,65390,153,65,88.5
2026-07,southeast,VST,2026,VST-PR,1.6T 하이브리드,AWD,스틸 그레이,61,60,204016,55066,129,65,88.5
2026-07,southeast,VST,2026,VST-PR,1.6T 하이브리드,AWD,실버,49,49,165763,44741,105,65,88.5
2026-07,southeast,VST,2026,VST-PR,1.6T 하이브리드,AWD,오션 블루,38,37,127510,34416,81,65,88.5
2026-07,southeast,VST,2026,VST-PR,1.6T 하이브리드,AWD,선셋 레드,30,30,102008,27533,65,65,88.5
2026-07,southeast,VST,2026,VST-PR,1.6T 하이브리드,AWD,포레스트 그린,19,19,63755,17208,40,65,88.5
2026-07,southeast,VST,2026,VST-PR,1.6T 하이브리드,AWD,샌드 베이지,19,19,63755,17208,40,65,88.5
2026-07,southeast,VST,2026,VST-PR,1.6T 하이브리드,FWD,스노우 화이트,81,80,271721,73340,172,65,88.5
2026-07,southeast,VST,2026,VST-PR,1.6T 하이브리드,FWD,미드나잇 블랙,64,63,215112,58061,136,65,88.5
2026-07,southeast,VST,2026,VST-PR,1.6T 하이브리드,FWD,스틸 그레이,54,53,181147,48893,115,65,88.5
2026-07,southeast,VST,2026,VST-PR,1.6T 하이브리드,FWD,실버,44,43,147182,39726,93,65,88.5
2026-07,southeast,VST,2026,VST-PR,1.6T 하이브리드,FWD,오션 블루,34,33,113217,30558,72,65,88.5
2026-07,southeast,VST,2026,VST-PR,1.6T 하이브리드,FWD,선셋 레드,27,27,90574,24447,57,65,88.5
2026-07,southeast,VST,2026,VST-PR,1.6T 하이브리드,FWD,포레스트 그린,17,17,56609,15279,36,65,88.5
2026-07,southeast,VST,2026,VST-PR,1.6T 하이브리드,FWD,샌드 베이지,17,17,56609,15279,36,65,88.5
2026-07,southeast,VST,2026,VST-TR,2.5 가솔린,AWD,스노우 화이트,32,31,121575,43715,67,65,88.5
2026-07,southeast,VST,2026,VST-TR,2.5 가솔린,AWD,미드나잇 블랙,25,25,96247,34607,53,65,88.5
2026-07,southeast,VST,2026,VST-TR,2.5 가솔린,AWD,스틸 그레이,21,21,81050,29143,45,65,88.5
2026-07,southeast,VST,2026,VST-TR,2.5 가솔린,AWD,실버,17,17,65853,23679,37,65,88.5
2026-07,southeast,VST,2026,VST-TR,2.5 가솔린,AWD,오션 블루,13,13,50656,18214,28,65,88.5
2026-07,southeast,VST,2026,VST-TR,2.5 가솔린,AWD,선셋 레드,11,10,40525,14572,22,65,88.5
2026-07,southeast,VST,2026,VST-TR,2.5 가솔린,AWD,포레스트 그린,7,7,25328,9107,14,65,88.5
2026-07,southeast,VST,2026,VST-TR,2.5 가솔린,AWD,샌드 베이지,7,7,25328,9107,14,65,88.5
2026-07,southeast,VST,2026,VST-TR,2.5 가솔린,FWD,스노우 화이트,28,28,107947,38815,60,65,88.5
2026-07,southeast,VST,2026,VST-TR,2.5 가솔린,FWD,미드나잇 블랙,22,22,85458,30728,47,65,88.5
2026-07,southeast,VST,2026,VST-TR,2.5 가솔린,FWD,스틸 그레이,19,18,71965,25876,40,65,88.5
2026-07,southeast,VST,2026,VST-TR,2.5 가솔린,FWD,실버,15,15,58471,21025,32,65,88.5
2026-07,southeast,VST,2026,VST-TR,2.5 가솔린,FWD,오션 블루,12,12,44978,16173,25,65,88.5
2026-07,southeast,VST,2026,VST-TR,2.5 가솔린,FWD,선셋 레드,9,9,35982,12938,20,65,88.5
2026-07,southeast,VST,2026,VST-TR,2.5 가솔린,FWD,포레스트 그린,6,6,22489,8086,12,65,88.5
2026-07,southeast,VST,2026,VST-TR,2.5 가솔린,FWD,샌드 베이지,6,6,22489,8086,12,65,88.5
2026-07,southeast,VST,2026,VST-TR,1.6T 하이브리드,AWD,스노우 화이트,37,37,142718,51317,79,65,88.5
2026-07,southeast,VST,2026,VST-TR,1.6T 하이브리드,AWD,미드나잇 블랙,29,29,112985,40626,63,65,88.5
2026-07,southeast,VST,2026,VST-TR,1.6T 하이브리드,AWD,스틸 그레이,25,24,95145,34211,53,65,88.5
2026-07,southeast,VST,2026,VST-TR,1.6T 하이브리드,AWD,실버,20,20,77306,27797,43,65,88.5
2026-07,southeast,VST,2026,VST-TR,1.6T 하이브리드,AWD,오션 블루,15,15,59466,21382,33,65,88.5
2026-07,southeast,VST,2026,VST-TR,1.6T 하이브리드,AWD,선셋 레드,12,12,47573,17106,26,65,88.5
2026-07,southeast,VST,2026,VST-TR,1.6T 하이브리드,AWD,포레스트 그린,8,8,29733,10691,16,65,88.5
2026-07,southeast,VST,2026,VST-TR,1.6T 하이브리드,AWD,샌드 베이지,8,8,29733,10691,16,65,88.5
2026-07,southeast,VST,2026,VST-TR,1.6T 하이브리드,FWD,스노우 화이트,33,33,126721,45565,70,65,88.5
2026-07,southeast,VST,2026,VST-TR,1.6T 하이브리드,FWD,미드나잇 블랙,26,26,100321,36072,56,65,88.5
2026-07,southeast,VST,2026,VST-TR,1.6T 하이브리드,FWD,스틸 그레이,22,22,84480,30377,47,65,88.5
2026-07,southeast,VST,2026,VST-TR,1.6T 하이브리드,FWD,실버,18,18,68640,24681,38,65,88.5
2026-07,southeast,VST,2026,VST-TR,1.6T 하이브리드,FWD,오션 블루,14,14,52800,18985,29,65,88.5
2026-07,southeast,VST,2026,VST-TR,1.6T 하이브리드,FWD,선셋 레드,11,11,42240,15188,23,65,88.5
2026-07,southeast,VST,2026,VST-TR,1.6T 하이브리드,FWD,포레스트 그린,7,7,26400,9493,15,65,88.5
2026-07,southeast,VST,2026,VST-TR,1.6T 하이브리드,FWD,샌드 베이지,7,7,26400,9493,15,65,88.5
2026-07,west,AUR,2026,AUR-AI,스탠다드 레인지,AWD,스노우 화이트,16,16,46588,2712,34,65,88.5
2026-07,west,AUR,2026,AUR-AI,스탠다드 레인지,AWD,미드나잇 블랙,22,22,63227,3681,47,65,88.5
2026-07,west,AUR,2026,AUR-AI,스탠다드 레인지,AWD,스틸 그레이,30,30,86521,5037,64,65,88.5
2026-07,west,AUR,2026,AUR-AI,스탠다드 레인지,AWD,실버,15,15,43260,2518,32,65,88.5
2026-07,west,AUR,2026,AUR-AI,스탠다드 레인지,AWD,오션 블루,12,12,33277,1937,25,65,88.5
2026-07,west,AUR,2026,AUR-AI,스탠다드 레인지,AWD,선셋 레드,9,9,26622,1550,20,65,88.5
2026-07,west,AUR,2026,AUR-AI,스탠다드 레인지,AWD,포레스트 그린,6,6,16639,969,12,65,88.5
2026-07,west,AUR,2026,AUR-AI,스탠다드 레인지,AWD,샌드 베이지,6,6,16639,969,12,65,88.5
2026-07,west,AUR,2026,AUR-AI,스탠다드 레인지,FWD,스노우 화이트,13,13,38117,2219,28,65,88.5
2026-07,west,AUR,2026,AUR-AI,스탠다드 레인지,FWD,미드나잇 블랙,18,18,51731,3012,38,65,88.5
2026-07,west,AUR,2026,AUR-AI,스탠다드 레인지,FWD,스틸 그레이,25,25,70790,4121,52,65,88.5
2026-07,west,AUR,2026,AUR-AI,스탠다드 레인지,FWD,실버,12,12,35395,2061,26,65,88.5
2026-07,west,AUR,2026,AUR-AI,스탠다드 레인지,FWD,오션 블루,9,9,27227,1585,20,65,88.5
2026-07,west,AUR,2026,AUR-AI,스탠다드 레인지,FWD,선셋 레드,8,8,21781,1268,16,65,88.5
2026-07,west,AUR,2026,AUR-AI,스탠다드 레인지,FWD,포레스트 그린,5,5,13613,793,10,65,88.5
2026-07,west,AUR,2026,AUR-AI,스탠다드 레인지,FWD,샌드 베이지,5,5,13613,793,10,65,88.5
2026-07,west,AUR,2026,AUR-AI,롱레인지,AWD,스노우 화이트,38,38,108705,6328,80,65,88.5
2026-07,west,AUR,2026,AUR-AI,롱레인지,AWD,미드나잇 블랙,51,51,147529,8588,109,65,88.5
2026-07,west,AUR,2026,AUR-AI,롱레인지,AWD,스틸 그레이,70,70,201881,11753,149,65,88.5
2026-07,west,AUR,2026,AUR-AI,롱레인지,AWD,실버,35,35,100941,5876,75,65,88.5
2026-07,west,AUR,2026,AUR-AI,롱레인지,AWD,오션 블루,27,27,77647,4520,57,65,88.5
2026-07,west,AUR,2026,AUR-AI,롱레인지,AWD,선셋 레드,22,22,62117,3616,46,65,88.5
2026-07,west,AUR,2026,AUR-AI,롱레인지,AWD,포레스트 그린,13,14,38823,2260,29,65,88.5
2026-07,west,AUR,2026,AUR-AI,롱레인지,AWD,샌드 베이지,13,14,38823,2260,29,65,88.5
2026-07,west,AUR,2026,AUR-AI,롱레인지,FWD,스노우 화이트,31,31,88941,5178,66,65,88.5
2026-07,west,AUR,2026,AUR-AI,롱레인지,FWD,미드나잇 블랙,42,42,120705,7027,89,65,88.5
2026-07,west,AUR,2026,AUR-AI,롱레인지,FWD,스틸 그레이,57,58,165176,9616,122,65,88.5
2026-07,west,AUR,2026,AUR-AI,롱레인지,FWD,실버,29,29,82588,4808,61,65,88.5
2026-07,west,AUR,2026,AUR-AI,롱레인지,FWD,오션 블루,22,22,63529,3698,47,65,88.5
2026-07,west,AUR,2026,AUR-AI,롱레인지,FWD,선셋 레드,18,18,50823,2959,38,65,88.5
2026-07,west,AUR,2026,AUR-AI,롱레인지,FWD,포레스트 그린,11,11,31765,1849,24,65,88.5
2026-07,west,AUR,2026,AUR-AI,롱레인지,FWD,샌드 베이지,11,11,31765,1849,24,65,88.5
2026-07,west,AUR,2026,AUR-RA,스탠다드 레인지,AWD,스노우 화이트,19,19,58635,7831,40,65,88.5
2026-07,west,AUR,2026,AUR-RA,스탠다드 레인지,AWD,미드나잇 블랙,25,26,79576,10628,54,65,88.5
2026-07,west,AUR,2026,AUR-RA,스탠다드 레인지,AWD,스틸 그레이,35,35,108893,14544,74,65,88.5
2026-07,west,AUR,2026,AUR-RA,스탠다드 레인지,AWD,실버,17,17,54447,7272,37,65,88.5
2026-07,west,AUR,2026,AUR-RA,스탠다드 레인지,AWD,오션 블루,13,13,41882,5594,29,65,88.5
2026-07,west,AUR,2026,AUR-RA,스탠다드 레인지,AWD,선셋 레드,11,11,33506,4475,23,65,88.5
2026-07,west,AUR,2026,AUR-RA,스탠다드 레인지,AWD,포레스트 그린,7,7,20941,2797,14,65,88.5
2026-07,west,AUR,2026,AUR-RA,스탠다드 레인지,AWD,샌드 베이지,7,7,20941,2797,14,65,88.5
2026-07,west,AUR,2026,AUR-RA,스탠다드 레인지,FWD,스노우 화이트,15,15,47974,6407,33,65,88.5
2026-07,west,AUR,2026,AUR-RA,스탠다드 레인지,FWD,미드나잇 블랙,21,21,65107,8696,44,65,88.5
2026-07,west,AUR,2026,AUR-RA,스탠다드 레인지,FWD,스틸 그레이,28,29,89094,11899,61,65,88.5
2026-07,west,AUR,2026,AUR-RA,스탠다드 레인지,FWD,실버,14,14,44547,5950,30,65,88.5
2026-07,west,AUR,2026,AUR-RA,스탠다드 레인지,FWD,오션 블루,11,11,34267,4577,23,65,88.5
2026-07,west,AUR,2026,AUR-RA,스탠다드 레인지,FWD,선셋 레드,9,9,27414,3661,19,65,88.5
2026-07,west,AUR,2026,AUR-RA,스탠다드 레인지,FWD,포레스트 그린,5,5,17134,2288,12,65,88.5
2026-07,west,AUR,2026,AUR-RA,스탠다드 레인지,FWD,샌드 베이지,5,5,17134,2288,12,65,88.5
2026-07,west,AUR,2026,AUR-RA,롱레인지,AWD,스노우 화이트,44,44,136815,18273,93,65,88.5
2026-07,west,AUR,2026,AUR-RA,롱레인지,AWD,미드나잇 블랙,59,60,185677,24799,126,65,88.5
2026-07,west,AUR,2026,AUR-RA,롱레인지,AWD,스틸 그레이,81,82,254084,33935,173,65,88.5
2026-07,west,AUR,2026,AUR-RA,롱레인지,AWD,실버,41,41,127042,16967,87,65,88.5
2026-07,west,AUR,2026,AUR-RA,롱레인지,AWD,오션 블루,31,31,97725,13052,67,65,88.5
2026-07,west,AUR,2026,AUR-RA,롱레인지,AWD,선셋 레드,25,25,78180,10442,53,65,88.5
2026-07,west,AUR,2026,AUR-RA,롱레인지,AWD,포레스트 그린,16,16,48862,6526,33,65,88.5
2026-07,west,AUR,2026,AUR-RA,롱레인지,AWD,샌드 베이지,16,16,48862,6526,33,65,88.5
2026-07,west,AUR,2026,AUR-RA,롱레인지,FWD,스노우 화이트,36,36,111939,14950,76,65,88.5
2026-07,west,AUR,2026,AUR-RA,롱레인지,FWD,미드나잇 블랙,49,49,151917,20290,103,65,88.5
2026-07,west,AUR,2026,AUR-RA,롱레인지,FWD,스틸 그레이,66,67,207887,27765,142,65,88.5
2026-07,west,AUR,2026,AUR-RA,롱레인지,FWD,실버,33,33,103944,13882,71,65,88.5
2026-07,west,AUR,2026,AUR-RA,롱레인지,FWD,오션 블루,26,26,79957,10679,54,65,88.5
2026-07,west,AUR,2026,AUR-RA,롱레인지,FWD,선셋 레드,20,21,63965,8543,44,65,88.5
2026-07,west,AUR,2026,AUR-RA,롱레인지,FWD,포레스트 그린,13,13,39978,5339,27,65,88.5
2026-07,west,AUR,2026,AUR-RA,롱레인지,FWD,샌드 베이지,13,13,39978,5339,27,65,88.5
2026-07,west,AUR,2026,AUR-MA,스탠다드 레인지,AWD,스노우 화이트,8,8,27345,6562,16,65,88.5
2026-07,west,AUR,2026,AUR-MA,스탠다드 레인지,AWD,미드나잇 블랙,10,10,37111,8905,22,65,88.5
2026-07,west,AUR,2026,AUR-MA,스탠다드 레인지,AWD,스틸 그레이,14,14,50784,12186,30,65,88.5
2026-07,west,AUR,2026,AUR-MA,스탠다드 레인지,AWD,실버,7,7,25392,6093,15,65,88.5
2026-07,west,AUR,2026,AUR-MA,스탠다드 레인지,AWD,오션 블루,5,5,19532,4687,12,65,88.5
2026-07,west,AUR,2026,AUR-MA,스탠다드 레인지,AWD,선셋 레드,4,4,15626,3750,9,65,88.5
2026-07,west,AUR,2026,AUR-MA,스탠다드 레인지,AWD,포레스트 그린,3,3,9766,2344,6,58,88.5
2026-07,west,AUR,2026,AUR-MA,스탠다드 레인지,AWD,샌드 베이지,3,3,9766,2344,6,58,88.5
2026-07,west,AUR,2026,AUR-MA,스탠다드 레인지,FWD,스노우 화이트,6,6,22373,5369,13,65,88.5
2026-07,west,AUR,2026,AUR-MA,스탠다드 레인지,FWD,미드나잇 블랙,9,9,30364,7286,18,65,88.5
2026-07,west,AUR,2026,AUR-MA,스탠다드 레인지,FWD,스틸 그레이,12,12,41550,9971,25,65,88.5
2026-07,west,AUR,2026,AUR-MA,스탠다드 레인지,FWD,실버,6,6,20775,4985,12,65,88.5
2026-07,west,AUR,2026,AUR-MA,스탠다드 레인지,FWD,오션 블루,4,4,15981,3835,10,65,88.5
2026-07,west,AUR,2026,AUR-MA,스탠다드 레인지,FWD,선셋 레드,4,4,12785,3068,8,65,88.5
2026-07,west,AUR,2026,AUR-MA,스탠다드 레인지,FWD,포레스트 그린,2,2,7990,1917,5,48,88.5
2026-07,west,AUR,2026,AUR-MA,스탠다드 레인지,FWD,샌드 베이지,2,2,7990,1917,5,48,88.5
2026-07,west,AUR,2026,AUR-MA,롱레인지,AWD,스노우 화이트,18,18,63805,15311,38,65,88.5
2026-07,west,AUR,2026,AUR-MA,롱레인지,AWD,미드나잇 블랙,24,24,86593,20779,52,65,88.5
2026-07,west,AUR,2026,AUR-MA,롱레인지,AWD,스틸 그레이,33,33,118496,28435,71,65,88.5
2026-07,west,AUR,2026,AUR-MA,롱레인지,AWD,실버,17,17,59248,14217,35,65,88.5
2026-07,west,AUR,2026,AUR-MA,롱레인지,AWD,오션 블루,13,13,45575,10936,27,65,88.5
2026-07,west,AUR,2026,AUR-MA,롱레인지,AWD,선셋 레드,10,10,36460,8749,22,65,88.5
2026-07,west,AUR,2026,AUR-MA,롱레인지,AWD,포레스트 그린,6,6,22788,5468,14,65,88.5
2026-07,west,AUR,2026,AUR-MA,롱레인지,AWD,샌드 베이지,6,6,22788,5468,14,65,88.5
2026-07,west,AUR,2026,AUR-MA,롱레인지,FWD,스노우 화이트,15,15,52204,12527,31,65,88.5
2026-07,west,AUR,2026,AUR-MA,롱레인지,FWD,미드나잇 블랙,20,20,70849,17001,42,65,88.5
2026-07,west,AUR,2026,AUR-MA,롱레인지,FWD,스틸 그레이,27,27,96951,23265,58,65,88.5
2026-07,west,AUR,2026,AUR-MA,롱레인지,FWD,실버,14,14,48475,11632,29,65,88.5
2026-07,west,AUR,2026,AUR-MA,롱레인지,FWD,오션 블루,10,10,37289,8948,22,65,88.5
2026-07,west,AUR,2026,AUR-MA,롱레인지,FWD,선셋 레드,8,8,29831,7158,18,65,88.5
2026-07,west,AUR,2026,AUR-MA,롱레인지,FWD,포레스트 그린,5,5,18644,4474,11,65,88.5
2026-07,west,AUR,2026,AUR-MA,롱레인지,FWD,샌드 베이지,5,5,18644,4474,11,65,88.5
2026-07,central,AUR,2026,AUR-AI,스탠다드 레인지,AWD,스노우 화이트,12,12,33362,1942,25,65,88.5
2026-07,central,AUR,2026,AUR-AI,스탠다드 레인지,AWD,미드나잇 블랙,9,9,26412,1538,20,65,88.5
2026-07,central,AUR,2026,AUR-AI,스탠다드 레인지,AWD,스틸 그레이,8,8,22242,1295,16,65,88.5
2026-07,central,AUR,2026,AUR-AI,스탠다드 레인지,AWD,실버,6,6,18071,1052,13,65,88.5
2026-07,central,AUR,2026,AUR-AI,스탠다드 레인지,AWD,오션 블루,5,5,13901,809,10,65,88.5
2026-07,central,AUR,2026,AUR-AI,스탠다드 레인지,AWD,선셋 레드,4,4,11121,647,8,65,88.5
2026-07,central,AUR,2026,AUR-AI,스탠다드 레인지,AWD,포레스트 그린,2,2,6951,405,5,51,88.5
2026-07,central,AUR,2026,AUR-AI,스탠다드 레인지,AWD,샌드 베이지,2,2,6951,405,5,51,88.5
2026-07,central,AUR,2026,AUR-AI,스탠다드 레인지,FWD,스노우 화이트,7,7,19385,1128,14,65,88.5
2026-07,central,AUR,2026,AUR-AI,스탠다드 레인지,FWD,미드나잇 블랙,5,5,15346,893,11,65,88.5
2026-07,central,AUR,2026,AUR-AI,스탠다드 레인지,FWD,스틸 그레이,4,5,12923,752,10,65,88.5
2026-07,central,AUR,2026,AUR-AI,스탠다드 레인지,FWD,실버,4,4,10500,611,8,65,88.5
2026-07,central,AUR,2026,AUR-AI,스탠다드 레인지,FWD,오션 블루,3,3,8077,470,6,60,88.5
2026-07,central,AUR,2026,AUR-AI,스탠다드 레인지,FWD,선셋 레드,2,2,6462,376,5,48,88.5
2026-07,central,AUR,2026,AUR-AI,스탠다드 레인지,FWD,포레스트 그린,1,1,4038,235,3,30,88.5
2026-07,central,AUR,2026,AUR-AI,스탠다드 레인지,FWD,샌드 베이지,1,1,4038,235,3,30,88.5
2026-07,central,AUR,2026,AUR-AI,롱레인지,AWD,스노우 화이트,27,27,77846,4532,58,65,88.5
2026-07,central,AUR,2026,AUR-AI,롱레인지,AWD,미드나잇 블랙,21,21,61628,3588,46,65,88.5
2026-07,central,AUR,2026,AUR-AI,롱레인지,AWD,스틸 그레이,18,18,51897,3021,38,65,88.5
2026-07,central,AUR,2026,AUR-AI,롱레인지,AWD,실버,15,15,42166,2455,31,65,88.5
2026-07,central,AUR,2026,AUR-AI,롱레인지,AWD,오션 블루,11,11,32436,1888,24,65,88.5
2026-07,central,AUR,2026,AUR-AI,롱레인지,AWD,선셋 레드,9,9,25949,1511,19,65,88.5
2026-07,central,AUR,2026,AUR-AI,롱레인지,AWD,포레스트 그린,6,6,16218,944,12,65,88.5
2026-07,central,AUR,2026,AUR-AI,롱레인지,AWD,샌드 베이지,6,6,16218,944,12,65,88.5
2026-07,central,AUR,2026,AUR-AI,롱레인지,FWD,스노우 화이트,16,16,45231,2633,33,65,88.5
2026-07,central,AUR,2026,AUR-AI,롱레인지,FWD,미드나잇 블랙,12,12,35808,2085,27,65,88.5
2026-07,central,AUR,2026,AUR-AI,롱레인지,FWD,스틸 그레이,10,11,30154,1755,22,65,88.5
2026-07,central,AUR,2026,AUR-AI,롱레인지,FWD,실버,9,9,24500,1426,18,65,88.5
2026-07,central,AUR,2026,AUR-AI,롱레인지,FWD,오션 블루,7,7,18846,1097,14,65,88.5
2026-07,central,AUR,2026,AUR-AI,롱레인지,FWD,선셋 레드,5,5,15077,878,11,65,88.5
2026-07,central,AUR,2026,AUR-AI,롱레인지,FWD,포레스트 그린,3,3,9423,549,7,65,88.5
2026-07,central,AUR,2026,AUR-AI,롱레인지,FWD,샌드 베이지,3,3,9423,549,7,65,88.5
2026-07,central,AUR,2026,AUR-RA,스탠다드 레인지,AWD,스노우 화이트,13,13,41989,5608,29,65,88.5
2026-07,central,AUR,2026,AUR-RA,스탠다드 레인지,AWD,미드나잇 블랙,11,11,33242,4440,23,65,88.5
2026-07,central,AUR,2026,AUR-RA,스탠다드 레인지,AWD,스틸 그레이,9,9,27993,3739,19,65,88.5
2026-07,central,AUR,2026,AUR-RA,스탠다드 레인지,AWD,실버,7,7,22744,3038,15,65,88.5
2026-07,central,AUR,2026,AUR-RA,스탠다드 레인지,AWD,오션 블루,6,6,17496,2337,12,65,88.5
2026-07,central,AUR,2026,AUR-RA,스탠다드 레인지,AWD,선셋 레드,4,4,13996,1869,10,65,88.5
2026-07,central,AUR,2026,AUR-RA,스탠다드 레인지,AWD,포레스트 그린,3,3,8748,1168,6,60,88.5
2026-07,central,AUR,2026,AUR-RA,스탠다드 레인지,AWD,샌드 베이지,3,3,8748,1168,6,60,88.5
2026-07,central,AUR,2026,AUR-RA,스탠다드 레인지,FWD,스노우 화이트,8,8,24397,3258,17,65,88.5
2026-07,central,AUR,2026,AUR-RA,스탠다드 레인지,FWD,미드나잇 블랙,6,6,19314,2580,13,65,88.5
2026-07,central,AUR,2026,AUR-RA,스탠다드 레인지,FWD,스틸 그레이,5,5,16265,2172,11,65,88.5
2026-07,central,AUR,2026,AUR-RA,스탠다드 레인지,FWD,실버,4,4,13215,1765,9,65,88.5
2026-07,central,AUR,2026,AUR-RA,스탠다드 레인지,FWD,오션 블루,3,3,10165,1358,7,65,88.5
2026-07,central,AUR,2026,AUR-RA,스탠다드 레인지,FWD,선셋 레드,3,3,8132,1086,6,55,88.5
2026-07,central,AUR,2026,AUR-RA,스탠다드 레인지,FWD,포레스트 그린,2,2,5083,679,3,35,88.5
2026-07,central,AUR,2026,AUR-RA,스탠다드 레인지,FWD,샌드 베이지,2,2,5083,679,3,35,88.5
2026-07,central,AUR,2026,AUR-RA,롱레인지,AWD,스노우 화이트,31,31,97975,13085,67,65,88.5
2026-07,central,AUR,2026,AUR-RA,롱레인지,AWD,미드나잇 블랙,25,25,77564,10359,53,65,88.5
2026-07,central,AUR,2026,AUR-RA,롱레인지,AWD,스틸 그레이,21,21,65317,8724,44,65,88.5
2026-07,central,AUR,2026,AUR-RA,롱레인지,AWD,실버,17,17,53070,7088,36,65,88.5
2026-07,central,AUR,2026,AUR-RA,롱레인지,AWD,오션 블루,13,13,40823,5452,28,65,88.5
2026-07,central,AUR,2026,AUR-RA,롱레인지,AWD,선셋 레드,10,10,32658,4362,22,65,88.5
2026-07,central,AUR,2026,AUR-RA,롱레인지,AWD,포레스트 그린,7,7,20412,2726,14,65,88.5
2026-07,central,AUR,2026,AUR-RA,롱레인지,AWD,샌드 베이지,7,7,20412,2726,14,65,88.5
2026-07,central,AUR,2026,AUR-RA,롱레인지,FWD,스노우 화이트,18,18,56926,7603,39,65,88.5
2026-07,central,AUR,2026,AUR-RA,롱레인지,FWD,미드나잇 블랙,14,14,45067,6019,31,65,88.5
2026-07,central,AUR,2026,AUR-RA,롱레인지,FWD,스틸 그레이,12,12,37951,5069,26,65,88.5
2026-07,central,AUR,2026,AUR-RA,롱레인지,FWD,실버,10,10,30835,4118,21,65,88.5
2026-07,central,AUR,2026,AUR-RA,롱레인지,FWD,오션 블루,8,8,23719,3168,16,65,88.5
2026-07,central,AUR,2026,AUR-RA,롱레인지,FWD,선셋 레드,6,6,18975,2534,13,65,88.5
2026-07,central,AUR,2026,AUR-RA,롱레인지,FWD,포레스트 그린,4,4,11860,1584,8,65,88.5
2026-07,central,AUR,2026,AUR-RA,롱레인지,FWD,샌드 베이지,4,4,11860,1584,8,65,88.5
2026-07,central,AUR,2026,AUR-MA,스탠다드 레인지,AWD,스노우 화이트,5,6,19582,4699,12,65,88.5
2026-07,central,AUR,2026,AUR-MA,스탠다드 레인지,AWD,미드나잇 블랙,4,4,15503,3720,9,65,88.5
2026-07,central,AUR,2026,AUR-MA,스탠다드 레인지,AWD,스틸 그레이,4,4,13055,3133,8,65,88.5
2026-07,central,AUR,2026,AUR-MA,스탠다드 레인지,AWD,실버,3,3,10607,2545,6,63,88.5
2026-07,central,AUR,2026,AUR-MA,스탠다드 레인지,AWD,오션 블루,2,2,8159,1958,5,49,88.5
2026-07,central,AUR,2026,AUR-MA,스탠다드 레인지,AWD,선셋 레드,2,2,6527,1566,4,39,88.5
2026-07,central,AUR,2026,AUR-MA,스탠다드 레인지,AWD,포레스트 그린,1,1,4080,979,2,24,88.5
2026-07,central,AUR,2026,AUR-MA,스탠다드 레인지,AWD,샌드 베이지,1,1,4080,979,2,24,88.5
2026-07,central,AUR,2026,AUR-MA,스탠다드 레인지,FWD,스노우 화이트,3,3,11378,2730,7,65,88.5
2026-07,central,AUR,2026,AUR-MA,스탠다드 레인지,FWD,미드나잇 블랙,3,3,9007,2161,5,54,88.5
2026-07,central,AUR,2026,AUR-MA,스탠다드 레인지,FWD,스틸 그레이,2,2,7585,1820,5,45,88.5
2026-07,central,AUR,2026,AUR-MA,스탠다드 레인지,FWD,실버,2,2,6163,1479,4,37,88.5
2026-07,central,AUR,2026,AUR-MA,스탠다드 레인지,FWD,오션 블루,1,1,4741,1138,3,28,88.5
2026-07,central,AUR,2026,AUR-MA,스탠다드 레인지,FWD,선셋 레드,1,1,3793,910,2,23,88.5
2026-07,central,AUR,2026,AUR-MA,스탠다드 레인지,FWD,포레스트 그린,1,1,2370,569,1,14,88.5
2026-07,central,AUR,2026,AUR-MA,스탠다드 레인지,FWD,샌드 베이지,1,1,2370,569,1,14,88.5
2026-07,central,AUR,2026,AUR-MA,롱레인지,AWD,스노우 화이트,13,13,45692,10964,27,65,88.5
2026-07,central,AUR,2026,AUR-MA,롱레인지,AWD,미드나잇 블랙,10,10,36173,8680,22,65,88.5
2026-07,central,AUR,2026,AUR-MA,롱레인지,AWD,스틸 그레이,9,9,30461,7310,18,65,88.5
2026-07,central,AUR,2026,AUR-MA,롱레인지,AWD,실버,7,7,24750,5939,15,65,88.5
2026-07,central,AUR,2026,AUR-MA,롱레인지,AWD,오션 블루,5,5,19038,4569,11,65,88.5
2026-07,central,AUR,2026,AUR-MA,롱레인지,AWD,선셋 레드,4,4,15231,3655,9,65,88.5
2026-07,central,AUR,2026,AUR-MA,롱레인지,AWD,포레스트 그린,3,3,9519,2284,6,57,88.5
2026-07,central,AUR,2026,AUR-MA,롱레인지,AWD,샌드 베이지,3,3,9519,2284,6,57,88.5
2026-07,central,AUR,2026,AUR-MA,롱레인지,FWD,스노우 화이트,7,7,26548,6371,16,65,88.5
2026-07,central,AUR,2026,AUR-MA,롱레인지,FWD,미드나잇 블랙,6,6,21017,5043,13,65,88.5
2026-07,central,AUR,2026,AUR-MA,롱레인지,FWD,스틸 그레이,5,5,17699,4247,11,65,88.5
2026-07,central,AUR,2026,AUR-MA,롱레인지,FWD,실버,4,4,14380,3451,9,65,88.5
2026-07,central,AUR,2026,AUR-MA,롱레인지,FWD,오션 블루,3,3,11062,2654,7,65,88.5
2026-07,central,AUR,2026,AUR-MA,롱레인지,FWD,선셋 레드,2,2,8849,2124,5,53,88.5
2026-07,central,AUR,2026,AUR-MA,롱레인지,FWD,포레스트 그린,2,2,5531,1327,3,33,88.5
2026-07,central,AUR,2026,AUR-MA,롱레인지,FWD,샌드 베이지,2,2,5531,1327,3,33,88.5
2026-07,south,AUR,2026,AUR-AI,스탠다드 레인지,AWD,스노우 화이트,9,9,27031,1574,20,65,88.5
2026-07,south,AUR,2026,AUR-AI,스탠다드 레인지,AWD,미드나잇 블랙,7,7,21400,1246,16,65,88.5
2026-07,south,AUR,2026,AUR-AI,스탠다드 레인지,AWD,스틸 그레이,6,6,18021,1049,13,65,88.5
2026-07,south,AUR,2026,AUR-AI,스탠다드 레인지,AWD,실버,5,5,14642,852,11,65,88.5
2026-07,south,AUR,2026,AUR-AI,스탠다드 레인지,AWD,오션 블루,4,4,11263,656,8,65,88.5
2026-07,south,AUR,2026,AUR-AI,스탠다드 레인지,AWD,선셋 레드,3,3,9010,525,7,65,88.5
2026-07,south,AUR,2026,AUR-AI,스탠다드 레인지,AWD,포레스트 그린,2,2,5632,328,4,42,88.5
2026-07,south,AUR,2026,AUR-AI,스탠다드 레인지,AWD,샌드 베이지,2,2,5632,328,4,42,88.5
2026-07,south,AUR,2026,AUR-AI,스탠다드 레인지,FWD,스노우 화이트,14,14,41230,2400,31,65,88.5
2026-07,south,AUR,2026,AUR-AI,스탠다드 레인지,FWD,미드나잇 블랙,11,11,32640,1900,24,65,88.5
2026-07,south,AUR,2026,AUR-AI,스탠다드 레인지,FWD,스틸 그레이,10,10,27486,1600,20,65,88.5
2026-07,south,AUR,2026,AUR-AI,스탠다드 레인지,FWD,실버,8,8,22333,1300,17,65,88.5
2026-07,south,AUR,2026,AUR-AI,스탠다드 레인지,FWD,오션 블루,6,6,17179,1000,13,65,88.5
2026-07,south,AUR,2026,AUR-AI,스탠다드 레인지,FWD,선셋 레드,5,5,13743,800,10,65,88.5
2026-07,south,AUR,2026,AUR-AI,스탠다드 레인지,FWD,포레스트 그린,3,3,8589,500,6,64,88.5
2026-07,south,AUR,2026,AUR-AI,스탠다드 레인지,FWD,샌드 베이지,3,3,8589,500,6,64,88.5
2026-07,south,AUR,2026,AUR-AI,롱레인지,AWD,스노우 화이트,22,22,63073,3672,47,65,88.5
2026-07,south,AUR,2026,AUR-AI,롱레인지,AWD,미드나잇 블랙,17,17,49933,2907,37,65,88.5
2026-07,south,AUR,2026,AUR-AI,롱레인지,AWD,스틸 그레이,15,15,42049,2448,31,65,88.5
2026-07,south,AUR,2026,AUR-AI,롱레인지,AWD,실버,12,12,34165,1989,25,65,88.5
2026-07,south,AUR,2026,AUR-AI,롱레인지,AWD,오션 블루,9,9,26280,1530,19,65,88.5
2026-07,south,AUR,2026,AUR-AI,롱레인지,AWD,선셋 레드,7,7,21024,1224,16,65,88.5
2026-07,south,AUR,2026,AUR-AI,롱레인지,AWD,포레스트 그린,5,5,13140,765,10,65,88.5
2026-07,south,AUR,2026,AUR-AI,롱레인지,AWD,샌드 베이지,5,5,13140,765,10,65,88.5
2026-07,south,AUR,2026,AUR-AI,롱레인지,FWD,스노우 화이트,33,34,96202,5600,71,65,88.5
2026-07,south,AUR,2026,AUR-AI,롱레인지,FWD,미드나잇 블랙,26,27,76160,4434,56,65,88.5
2026-07,south,AUR,2026,AUR-AI,롱레인지,FWD,스틸 그레이,22,22,64135,3734,47,65,88.5
2026-07,south,AUR,2026,AUR-AI,롱레인지,FWD,실버,18,18,52110,3034,39,65,88.5
2026-07,south,AUR,2026,AUR-AI,롱레인지,FWD,오션 블루,14,14,40084,2334,30,65,88.5
2026-07,south,AUR,2026,AUR-AI,롱레인지,FWD,선셋 레드,11,11,32067,1867,24,65,88.5
2026-07,south,AUR,2026,AUR-AI,롱레인지,FWD,포레스트 그린,7,7,20042,1167,15,65,88.5
2026-07,south,AUR,2026,AUR-AI,롱레인지,FWD,샌드 베이지,7,7,20042,1167,15,65,88.5
2026-07,south,AUR,2026,AUR-RA,스탠다드 레인지,AWD,스노우 화이트,11,11,34021,4544,23,65,88.5
2026-07,south,AUR,2026,AUR-RA,스탠다드 레인지,AWD,미드나잇 블랙,9,9,26933,3597,18,65,88.5
2026-07,south,AUR,2026,AUR-RA,스탠다드 레인지,AWD,스틸 그레이,7,7,22681,3029,15,65,88.5
2026-07,south,AUR,2026,AUR-RA,스탠다드 레인지,AWD,실버,6,6,18428,2461,13,65,88.5
2026-07,south,AUR,2026,AUR-RA,스탠다드 레인지,AWD,오션 블루,5,5,14175,1893,10,65,88.5
2026-07,south,AUR,2026,AUR-RA,스탠다드 레인지,AWD,선셋 레드,4,4,11340,1515,8,65,88.5
2026-07,south,AUR,2026,AUR-RA,스탠다드 레인지,AWD,포레스트 그린,2,2,7088,947,5,48,88.5
2026-07,south,AUR,2026,AUR-RA,스탠다드 레인지,AWD,샌드 베이지,2,2,7088,947,5,48,88.5
2026-07,south,AUR,2026,AUR-RA,스탠다드 레인지,FWD,스노우 화이트,17,17,51891,6930,35,65,88.5
2026-07,south,AUR,2026,AUR-RA,스탠다드 레인지,FWD,미드나잇 블랙,13,13,41080,5487,28,65,88.5
2026-07,south,AUR,2026,AUR-RA,스탠다드 레인지,FWD,스틸 그레이,11,11,34594,4620,24,65,88.5
2026-07,south,AUR,2026,AUR-RA,스탠다드 레인지,FWD,실버,9,9,28107,3754,19,65,88.5
2026-07,south,AUR,2026,AUR-RA,스탠다드 레인지,FWD,오션 블루,7,7,21621,2888,15,65,88.5
2026-07,south,AUR,2026,AUR-RA,스탠다드 레인지,FWD,선셋 레드,6,6,17297,2310,12,65,88.5
2026-07,south,AUR,2026,AUR-RA,스탠다드 레인지,FWD,포레스트 그린,3,3,10811,1444,7,65,88.5
2026-07,south,AUR,2026,AUR-RA,스탠다드 레인지,FWD,샌드 베이지,3,3,10811,1444,7,65,88.5
2026-07,south,AUR,2026,AUR-RA,롱레인지,AWD,스노우 화이트,25,25,79383,10602,54,65,88.5
2026-07,south,AUR,2026,AUR-RA,롱레인지,AWD,미드나잇 블랙,20,20,62845,8393,43,65,88.5
2026-07,south,AUR,2026,AUR-RA,롱레인지,AWD,스틸 그레이,17,17,52922,7068,36,65,88.5
2026-07,south,AUR,2026,AUR-RA,롱레인지,AWD,실버,14,14,42999,5743,29,65,88.5
2026-07,south,AUR,2026,AUR-RA,롱레인지,AWD,오션 블루,11,11,33076,4418,23,65,88.5
2026-07,south,AUR,2026,AUR-RA,롱레인지,AWD,선셋 레드,8,8,26461,3534,18,65,88.5
2026-07,south,AUR,2026,AUR-RA,롱레인지,AWD,포레스트 그린,5,5,16538,2209,11,65,88.5
2026-07,south,AUR,2026,AUR-RA,롱레인지,AWD,샌드 베이지,5,5,16538,2209,11,65,88.5
2026-07,south,AUR,2026,AUR-RA,롱레인지,FWD,스노우 화이트,39,39,121078,16171,82,65,88.5
2026-07,south,AUR,2026,AUR-RA,롱레인지,FWD,미드나잇 블랙,31,31,95854,12802,65,65,88.5
2026-07,south,AUR,2026,AUR-RA,롱레인지,FWD,스틸 그레이,26,26,80719,10781,55,65,88.5
2026-07,south,AUR,2026,AUR-RA,롱레인지,FWD,실버,21,21,65584,8759,45,65,88.5
2026-07,south,AUR,2026,AUR-RA,롱레인지,FWD,오션 블루,16,16,50449,6738,34,65,88.5
2026-07,south,AUR,2026,AUR-RA,롱레인지,FWD,선셋 레드,13,13,40359,5390,27,65,88.5
2026-07,south,AUR,2026,AUR-RA,롱레인지,FWD,포레스트 그린,8,8,25225,3369,17,65,88.5
2026-07,south,AUR,2026,AUR-RA,롱레인지,FWD,샌드 베이지,8,8,25225,3369,17,65,88.5
2026-07,south,AUR,2026,AUR-MA,스탠다드 레인지,AWD,스노우 화이트,4,4,15866,3807,9,65,88.5
2026-07,south,AUR,2026,AUR-MA,스탠다드 레인지,AWD,미드나잇 블랙,4,4,12561,3014,8,65,88.5
2026-07,south,AUR,2026,AUR-MA,스탠다드 레인지,AWD,스틸 그레이,3,3,10577,2538,6,63,88.5
2026-07,south,AUR,2026,AUR-MA,스탠다드 레인지,AWD,실버,2,2,8594,2062,5,51,88.5
2026-07,south,AUR,2026,AUR-MA,스탠다드 레인지,AWD,오션 블루,2,2,6611,1586,4,40,88.5
2026-07,south,AUR,2026,AUR-MA,스탠다드 레인지,AWD,선셋 레드,1,1,5289,1269,3,32,88.5
2026-07,south,AUR,2026,AUR-MA,스탠다드 레인지,AWD,포레스트 그린,1,1,3305,793,2,20,88.5
2026-07,south,AUR,2026,AUR-MA,스탠다드 레인지,AWD,샌드 베이지,1,1,3305,793,2,20,88.5
2026-07,south,AUR,2026,AUR-MA,스탠다드 레인지,FWD,스노우 화이트,7,7,24200,5807,14,65,88.5
2026-07,south,AUR,2026,AUR-MA,스탠다드 레인지,FWD,미드나잇 블랙,5,5,19158,4597,11,65,88.5
2026-07,south,AUR,2026,AUR-MA,스탠다드 레인지,FWD,스틸 그레이,5,5,16133,3871,10,65,88.5
2026-07,south,AUR,2026,AUR-MA,스탠다드 레인지,FWD,실버,4,4,13108,3146,8,65,88.5
2026-07,south,AUR,2026,AUR-MA,스탠다드 레인지,FWD,오션 블루,3,3,10083,2420,6,60,88.5
2026-07,south,AUR,2026,AUR-MA,스탠다드 레인지,FWD,선셋 레드,2,2,8067,1936,5,48,88.5
2026-07,south,AUR,2026,AUR-MA,스탠다드 레인지,FWD,포레스트 그린,1,1,5042,1210,3,30,88.5
2026-07,south,AUR,2026,AUR-MA,스탠다드 레인지,FWD,샌드 베이지,1,1,5042,1210,3,30,88.5
2026-07,south,AUR,2026,AUR-MA,롱레인지,AWD,스노우 화이트,10,10,37021,8884,22,65,88.5
2026-07,south,AUR,2026,AUR-MA,롱레인지,AWD,미드나잇 블랙,8,8,29308,7033,18,65,88.5
2026-07,south,AUR,2026,AUR-MA,롱레인지,AWD,스틸 그레이,7,7,24681,5922,15,65,88.5
2026-07,south,AUR,2026,AUR-MA,롱레인지,AWD,실버,6,6,20053,4812,12,65,88.5
2026-07,south,AUR,2026,AUR-MA,롱레인지,AWD,오션 블루,4,4,15425,3702,9,65,88.5
2026-07,south,AUR,2026,AUR-MA,롱레인지,AWD,선셋 레드,3,3,12340,2961,7,65,88.5
2026-07,south,AUR,2026,AUR-MA,롱레인지,AWD,포레스트 그린,2,2,7713,1851,5,46,88.5
2026-07,south,AUR,2026,AUR-MA,롱레인지,AWD,샌드 베이지,2,2,7713,1851,5,46,88.5
2026-07,south,AUR,2026,AUR-MA,롱레인지,FWD,스노우 화이트,16,16,56467,13550,34,65,88.5
2026-07,south,AUR,2026,AUR-MA,롱레인지,FWD,미드나잇 블랙,13,13,44703,10727,27,65,88.5
2026-07,south,AUR,2026,AUR-MA,롱레인지,FWD,스틸 그레이,11,11,37644,9033,22,65,88.5
2026-07,south,AUR,2026,AUR-MA,롱레인지,FWD,실버,9,9,30586,7340,18,65,88.5
2026-07,south,AUR,2026,AUR-MA,롱레인지,FWD,오션 블루,7,7,23528,5646,14,65,88.5
2026-07,south,AUR,2026,AUR-MA,롱레인지,FWD,선셋 레드,5,5,18822,4517,11,65,88.5
2026-07,south,AUR,2026,AUR-MA,롱레인지,FWD,포레스트 그린,3,3,11764,2823,7,65,88.5
2026-07,south,AUR,2026,AUR-MA,롱레인지,FWD,샌드 베이지,3,3,11764,2823,7,65,88.5
2026-07,northeast,AUR,2026,AUR-AI,스탠다드 레인지,AWD,스노우 화이트,14,14,39600,2305,29,65,88.5
2026-07,northeast,AUR,2026,AUR-AI,스탠다드 레인지,AWD,미드나잇 블랙,19,19,53743,3129,40,65,88.5
2026-07,northeast,AUR,2026,AUR-AI,스탠다드 레인지,AWD,스틸 그레이,26,26,73543,4281,54,65,88.5
2026-07,northeast,AUR,2026,AUR-AI,스탠다드 레인지,AWD,실버,13,13,36771,2141,27,65,88.5
2026-07,northeast,AUR,2026,AUR-AI,스탠다드 레인지,AWD,오션 블루,10,10,28286,1647,21,65,88.5
2026-07,northeast,AUR,2026,AUR-AI,스탠다드 레인지,AWD,선셋 레드,8,8,22628,1317,17,65,88.5
2026-07,northeast,AUR,2026,AUR-AI,스탠다드 레인지,AWD,포레스트 그린,5,5,14143,823,10,65,88.5
2026-07,northeast,AUR,2026,AUR-AI,스탠다드 레인지,AWD,샌드 베이지,5,5,14143,823,10,65,88.5
2026-07,northeast,AUR,2026,AUR-AI,스탠다드 레인지,FWD,스노우 화이트,5,6,15785,919,12,65,88.5
2026-07,northeast,AUR,2026,AUR-AI,스탠다드 레인지,FWD,미드나잇 블랙,7,7,21422,1247,16,65,88.5
2026-07,northeast,AUR,2026,AUR-AI,스탠다드 레인지,FWD,스틸 그레이,10,10,29314,1707,22,65,88.5
2026-07,northeast,AUR,2026,AUR-AI,스탠다드 레인지,FWD,실버,5,5,14657,853,11,65,88.5
2026-07,northeast,AUR,2026,AUR-AI,스탠다드 레인지,FWD,오션 블루,4,4,11275,656,8,65,88.5
2026-07,northeast,AUR,2026,AUR-AI,스탠다드 레인지,FWD,선셋 레드,3,3,9020,525,7,65,88.5
2026-07,northeast,AUR,2026,AUR-AI,스탠다드 레인지,FWD,포레스트 그린,2,2,5637,328,4,42,88.5
2026-07,northeast,AUR,2026,AUR-AI,스탠다드 레인지,FWD,샌드 베이지,2,2,5637,328,4,42,88.5
2026-07,northeast,AUR,2026,AUR-AI,롱레인지,AWD,스노우 화이트,32,32,92400,5379,68,65,88.5
2026-07,northeast,AUR,2026,AUR-AI,롱레인지,AWD,미드나잇 블랙,44,44,125399,7300,93,65,88.5
2026-07,northeast,AUR,2026,AUR-AI,롱레인지,AWD,스틸 그레이,60,60,171599,9990,127,65,88.5
2026-07,northeast,AUR,2026,AUR-AI,롱레인지,AWD,실버,30,30,85800,4995,64,65,88.5
2026-07,northeast,AUR,2026,AUR-AI,롱레인지,AWD,오션 블루,23,23,66000,3842,49,65,88.5
2026-07,northeast,AUR,2026,AUR-AI,롱레인지,AWD,선셋 레드,18,18,52800,3074,39,65,88.5
2026-07,northeast,AUR,2026,AUR-AI,롱레인지,AWD,포레스트 그린,11,12,33000,1921,24,65,88.5
2026-07,northeast,AUR,2026,AUR-AI,롱레인지,AWD,샌드 베이지,11,12,33000,1921,24,65,88.5
2026-07,northeast,AUR,2026,AUR-AI,롱레인지,FWD,스노우 화이트,13,13,36831,2144,27,65,88.5
2026-07,northeast,AUR,2026,AUR-AI,롱레인지,FWD,미드나잇 블랙,17,17,49984,2910,37,65,88.5
2026-07,northeast,AUR,2026,AUR-AI,롱레인지,FWD,스틸 그레이,24,24,68400,3982,51,65,88.5
2026-07,northeast,AUR,2026,AUR-AI,롱레인지,FWD,실버,12,12,34200,1991,25,65,88.5
2026-07,northeast,AUR,2026,AUR-AI,롱레인지,FWD,오션 블루,9,9,26308,1531,19,65,88.5
2026-07,northeast,AUR,2026,AUR-AI,롱레인지,FWD,선셋 레드,7,7,21046,1225,16,65,88.5
2026-07,northeast,AUR,2026,AUR-AI,롱레인지,FWD,포레스트 그린,5,5,13154,766,10,65,88.5
2026-07,northeast,AUR,2026,AUR-AI,롱레인지,FWD,샌드 베이지,5,5,13154,766,10,65,88.5
2026-07,northeast,AUR,2026,AUR-RA,스탠다드 레인지,AWD,스노우 화이트,16,16,49840,6656,34,65,88.5
2026-07,northeast,AUR,2026,AUR-RA,스탠다드 레인지,AWD,미드나잇 블랙,22,22,67639,9034,46,65,88.5
2026-07,northeast,AUR,2026,AUR-RA,스탠다드 레인지,AWD,스틸 그레이,30,30,92559,12362,63,65,88.5
2026-07,northeast,AUR,2026,AUR-RA,스탠다드 레인지,AWD,실버,15,15,46280,6181,32,65,88.5
2026-07,northeast,AUR,2026,AUR-RA,스탠다드 레인지,AWD,오션 블루,11,11,35600,4755,24,65,88.5
2026-07,northeast,AUR,2026,AUR-RA,스탠다드 레인지,AWD,선셋 레드,9,9,28480,3804,19,65,88.5
2026-07,northeast,AUR,2026,AUR-RA,스탠다드 레인지,AWD,포레스트 그린,6,6,17800,2377,12,65,88.5
2026-07,northeast,AUR,2026,AUR-RA,스탠다드 레인지,AWD,샌드 베이지,6,6,17800,2377,12,65,88.5
2026-07,northeast,AUR,2026,AUR-RA,스탠다드 레인지,FWD,스노우 화이트,6,6,19866,2653,14,65,88.5
2026-07,northeast,AUR,2026,AUR-RA,스탠다드 레인지,FWD,미드나잇 블랙,9,9,26961,3601,18,65,88.5
2026-07,northeast,AUR,2026,AUR-RA,스탠다드 레인지,FWD,스틸 그레이,12,12,36894,4928,25,65,88.5
2026-07,northeast,AUR,2026,AUR-RA,스탠다드 레인지,FWD,실버,6,6,18447,2464,13,65,88.5
2026-07,northeast,AUR,2026,AUR-RA,스탠다드 레인지,FWD,오션 블루,5,5,14190,1895,10,65,88.5
2026-07,northeast,AUR,2026,AUR-RA,스탠다드 레인지,FWD,선셋 레드,4,4,11352,1516,8,65,88.5
2026-07,northeast,AUR,2026,AUR-RA,스탠다드 레인지,FWD,포레스트 그린,2,2,7095,948,5,48,88.5
2026-07,northeast,AUR,2026,AUR-RA,스탠다드 레인지,FWD,샌드 베이지,2,2,7095,948,5,48,88.5
2026-07,northeast,AUR,2026,AUR-RA,롱레인지,AWD,스노우 화이트,37,37,116292,15532,79,65,88.5
2026-07,northeast,AUR,2026,AUR-RA,롱레인지,AWD,미드나잇 블랙,50,51,157825,21079,108,65,88.5
2026-07,northeast,AUR,2026,AUR-RA,롱레인지,AWD,스틸 그레이,69,69,215972,28845,147,65,88.5
2026-07,northeast,AUR,2026,AUR-RA,롱레인지,AWD,실버,34,35,107986,14422,74,65,88.5
2026-07,northeast,AUR,2026,AUR-RA,롱레인지,AWD,오션 블루,27,27,83066,11094,57,65,88.5
2026-07,northeast,AUR,2026,AUR-RA,롱레인지,AWD,선셋 레드,21,21,66453,8875,45,65,88.5
2026-07,northeast,AUR,2026,AUR-RA,롱레인지,AWD,포레스트 그린,13,13,41533,5547,28,65,88.5
2026-07,northeast,AUR,2026,AUR-RA,롱레인지,AWD,샌드 베이지,13,13,41533,5547,28,65,88.5
2026-07,northeast,AUR,2026,AUR-RA,롱레인지,FWD,스노우 화이트,15,15,46354,6191,32,65,88.5
2026-07,northeast,AUR,2026,AUR-RA,롱레인지,FWD,미드나잇 블랙,20,20,62909,8402,43,65,88.5
2026-07,northeast,AUR,2026,AUR-RA,롱레인지,FWD,스틸 그레이,27,28,86087,11498,59,65,88.5
2026-07,northeast,AUR,2026,AUR-RA,롱레인지,FWD,실버,14,14,43043,5749,29,65,88.5
2026-07,northeast,AUR,2026,AUR-RA,롱레인지,FWD,오션 블루,11,11,33110,4422,23,65,88.5
2026-07,northeast,AUR,2026,AUR-RA,롱레인지,FWD,선셋 레드,8,9,26488,3538,18,65,88.5
2026-07,northeast,AUR,2026,AUR-RA,롱레인지,FWD,포레스트 그린,5,5,16555,2211,11,65,88.5
2026-07,northeast,AUR,2026,AUR-RA,롱레인지,FWD,샌드 베이지,5,5,16555,2211,11,65,88.5
2026-07,northeast,AUR,2026,AUR-MA,스탠다드 레인지,AWD,스노우 화이트,7,7,23243,5578,14,65,88.5
2026-07,northeast,AUR,2026,AUR-MA,스탠다드 레인지,AWD,미드나잇 블랙,9,9,31545,7570,19,65,88.5
2026-07,northeast,AUR,2026,AUR-MA,스탠다드 레인지,AWD,스틸 그레이,12,12,43166,10358,26,65,88.5
2026-07,northeast,AUR,2026,AUR-MA,스탠다드 레인지,AWD,실버,6,6,21583,5179,13,65,88.5
2026-07,northeast,AUR,2026,AUR-MA,스탠다드 레인지,AWD,오션 블루,5,5,16602,3984,10,65,88.5
2026-07,northeast,AUR,2026,AUR-MA,스탠다드 레인지,AWD,선셋 레드,4,4,13282,3187,8,65,88.5
2026-07,northeast,AUR,2026,AUR-MA,스탠다드 레인지,AWD,포레스트 그린,2,2,8301,1992,5,50,88.5
2026-07,northeast,AUR,2026,AUR-MA,스탠다드 레인지,AWD,샌드 베이지,2,2,8301,1992,5,50,88.5
2026-07,northeast,AUR,2026,AUR-MA,스탠다드 레인지,FWD,스노우 화이트,3,3,9265,2223,6,55,88.5
2026-07,northeast,AUR,2026,AUR-MA,스탠다드 레인지,FWD,미드나잇 블랙,4,4,12574,3017,8,65,88.5
2026-07,northeast,AUR,2026,AUR-MA,스탠다드 레인지,FWD,스틸 그레이,5,5,17206,4129,10,65,88.5
2026-07,northeast,AUR,2026,AUR-MA,스탠다드 레인지,FWD,실버,2,2,8603,2064,5,51,88.5
2026-07,northeast,AUR,2026,AUR-MA,스탠다드 레인지,FWD,오션 블루,2,2,6618,1588,4,40,88.5
2026-07,northeast,AUR,2026,AUR-MA,스탠다드 레인지,FWD,선셋 레드,1,1,5294,1270,3,32,88.5
2026-07,northeast,AUR,2026,AUR-MA,스탠다드 레인지,FWD,포레스트 그린,1,1,3309,794,2,20,88.5
2026-07,northeast,AUR,2026,AUR-MA,스탠다드 레인지,FWD,샌드 베이지,1,1,3309,794,2,20,88.5
2026-07,northeast,AUR,2026,AUR-MA,롱레인지,AWD,스노우 화이트,15,15,54235,13014,32,65,88.5
2026-07,northeast,AUR,2026,AUR-MA,롱레인지,AWD,미드나잇 블랙,21,21,73604,17662,44,65,88.5
2026-07,northeast,AUR,2026,AUR-MA,롱레인지,AWD,스틸 그레이,28,28,100721,24169,60,65,88.5
2026-07,northeast,AUR,2026,AUR-MA,롱레인지,AWD,실버,14,14,50361,12085,30,65,88.5
2026-07,northeast,AUR,2026,AUR-MA,롱레인지,AWD,오션 블루,11,11,38739,9296,23,65,88.5
2026-07,northeast,AUR,2026,AUR-MA,롱레인지,AWD,선셋 레드,9,9,30991,7437,19,65,88.5
2026-07,northeast,AUR,2026,AUR-MA,롱레인지,AWD,포레스트 그린,5,5,19369,4648,12,65,88.5
2026-07,northeast,AUR,2026,AUR-MA,롱레인지,AWD,샌드 베이지,5,5,19369,4648,12,65,88.5
2026-07,northeast,AUR,2026,AUR-MA,롱레인지,FWD,스노우 화이트,6,6,21618,5188,13,65,88.5
2026-07,northeast,AUR,2026,AUR-MA,롱레인지,FWD,미드나잇 블랙,8,8,29339,7040,18,65,88.5
2026-07,northeast,AUR,2026,AUR-MA,롱레인지,FWD,스틸 그레이,11,11,40148,9634,24,65,88.5
2026-07,northeast,AUR,2026,AUR-MA,롱레인지,FWD,실버,6,6,20074,4817,12,65,88.5
2026-07,northeast,AUR,2026,AUR-MA,롱레인지,FWD,오션 블루,4,4,15441,3705,9,65,88.5
2026-07,northeast,AUR,2026,AUR-MA,롱레인지,FWD,선셋 레드,3,3,12353,2964,7,65,88.5
2026-07,northeast,AUR,2026,AUR-MA,롱레인지,FWD,포레스트 그린,2,2,7721,1853,5,46,88.5
2026-07,northeast,AUR,2026,AUR-MA,롱레인지,FWD,샌드 베이지,2,2,7721,1853,5,46,88.5
2026-07,southeast,AUR,2026,AUR-AI,스탠다드 레인지,AWD,스노우 화이트,12,12,34813,2027,26,65,88.5
2026-07,southeast,AUR,2026,AUR-AI,스탠다드 레인지,AWD,미드나잇 블랙,10,10,27560,1604,20,65,88.5
2026-07,southeast,AUR,2026,AUR-AI,스탠다드 레인지,AWD,스틸 그레이,8,8,23209,1351,17,65,88.5
2026-07,southeast,AUR,2026,AUR-AI,스탠다드 레인지,AWD,실버,7,7,18857,1098,14,65,88.5
2026-07,southeast,AUR,2026,AUR-AI,스탠다드 레인지,AWD,오션 블루,5,5,14505,844,11,65,88.5
2026-07,southeast,AUR,2026,AUR-AI,스탠다드 레인지,AWD,선셋 레드,4,4,11604,676,9,65,88.5
2026-07,southeast,AUR,2026,AUR-AI,스탠다드 레인지,AWD,포레스트 그린,3,3,7253,422,5,54,88.5
2026-07,southeast,AUR,2026,AUR-AI,스탠다드 레인지,AWD,샌드 베이지,3,3,7253,422,5,54,88.5
2026-07,southeast,AUR,2026,AUR-AI,스탠다드 레인지,FWD,스노우 화이트,14,14,39653,2308,29,65,88.5
2026-07,southeast,AUR,2026,AUR-AI,스탠다드 레인지,FWD,미드나잇 블랙,11,11,31392,1827,23,65,88.5
2026-07,southeast,AUR,2026,AUR-AI,스탠다드 레인지,FWD,스틸 그레이,9,9,26436,1539,20,65,88.5
2026-07,southeast,AUR,2026,AUR-AI,스탠다드 레인지,FWD,실버,7,7,21479,1250,16,65,88.5
2026-07,southeast,AUR,2026,AUR-AI,스탠다드 레인지,FWD,오션 블루,6,6,16522,962,12,65,88.5
2026-07,southeast,AUR,2026,AUR-AI,스탠다드 레인지,FWD,선셋 레드,5,5,13218,769,10,65,88.5
2026-07,southeast,AUR,2026,AUR-AI,스탠다드 레인지,FWD,포레스트 그린,3,3,8261,481,6,61,88.5
2026-07,southeast,AUR,2026,AUR-AI,스탠다드 레인지,FWD,샌드 베이지,3,3,8261,481,6,61,88.5
2026-07,southeast,AUR,2026,AUR-AI,롱레인지,AWD,스노우 화이트,28,28,81230,4729,60,65,88.5
2026-07,southeast,AUR,2026,AUR-AI,롱레인지,AWD,미드나잇 블랙,22,22,64307,3744,48,65,88.5
2026-07,southeast,AUR,2026,AUR-AI,롱레인지,AWD,스틸 그레이,19,19,54154,3153,40,65,88.5
2026-07,southeast,AUR,2026,AUR-AI,롱레인지,AWD,실버,15,15,44000,2561,33,65,88.5
2026-07,southeast,AUR,2026,AUR-AI,롱레인지,AWD,오션 블루,12,12,33846,1970,25,65,88.5
2026-07,southeast,AUR,2026,AUR-AI,롱레인지,AWD,선셋 레드,9,9,27077,1576,20,65,88.5
2026-07,southeast,AUR,2026,AUR-AI,롱레인지,AWD,포레스트 그린,6,6,16923,985,13,65,88.5
2026-07,southeast,AUR,2026,AUR-AI,롱레인지,AWD,샌드 베이지,6,6,16923,985,13,65,88.5
2026-07,southeast,AUR,2026,AUR-AI,롱레인지,FWD,스노우 화이트,32,32,92524,5386,69,65,88.5
2026-07,southeast,AUR,2026,AUR-AI,롱레인지,FWD,미드나잇 블랙,25,26,73249,4264,54,65,88.5
2026-07,southeast,AUR,2026,AUR-AI,롱레인지,FWD,스틸 그레이,21,22,61683,3591,46,65,88.5
2026-07,southeast,AUR,2026,AUR-AI,롱레인지,FWD,실버,17,17,50117,2918,37,65,88.5
2026-07,southeast,AUR,2026,AUR-AI,롱레인지,FWD,오션 블루,13,13,38552,2244,29,65,88.5
2026-07,southeast,AUR,2026,AUR-AI,롱레인지,FWD,선셋 레드,11,11,30841,1795,23,65,88.5
2026-07,southeast,AUR,2026,AUR-AI,롱레인지,FWD,포레스트 그린,7,7,19276,1122,14,65,88.5
2026-07,southeast,AUR,2026,AUR-AI,롱레인지,FWD,샌드 베이지,7,7,19276,1122,14,65,88.5
2026-07,southeast,AUR,2026,AUR-RA,스탠다드 레인지,AWD,스노우 화이트,14,14,43815,5852,30,65,88.5
2026-07,southeast,AUR,2026,AUR-RA,스탠다드 레인지,AWD,미드나잇 블랙,11,11,34687,4633,24,65,88.5
2026-07,southeast,AUR,2026,AUR-RA,스탠다드 레인지,AWD,스틸 그레이,9,9,29210,3901,20,65,88.5
2026-07,southeast,AUR,2026,AUR-RA,스탠다드 레인지,AWD,실버,8,8,23733,3170,16,65,88.5
2026-07,southeast,AUR,2026,AUR-RA,스탠다드 레인지,AWD,오션 블루,6,6,18256,2438,12,65,88.5
2026-07,southeast,AUR,2026,AUR-RA,스탠다드 레인지,AWD,선셋 레드,5,5,14605,1951,10,65,88.5
2026-07,southeast,AUR,2026,AUR-RA,스탠다드 레인지,AWD,포레스트 그린,3,3,9128,1219,6,62,88.5
2026-07,southeast,AUR,2026,AUR-RA,스탠다드 레인지,AWD,샌드 베이지,3,3,9128,1219,6,62,88.5
2026-07,southeast,AUR,2026,AUR-RA,스탠다드 레인지,FWD,스노우 화이트,16,16,49907,6665,34,65,88.5
2026-07,southeast,AUR,2026,AUR-RA,스탠다드 레인지,FWD,미드나잇 블랙,13,13,39510,5277,27,65,88.5
2026-07,southeast,AUR,2026,AUR-RA,스탠다드 레인지,FWD,스틸 그레이,11,11,33271,4444,23,65,88.5
2026-07,southeast,AUR,2026,AUR-RA,스탠다드 레인지,FWD,실버,9,9,27033,3610,18,65,88.5
2026-07,southeast,AUR,2026,AUR-RA,스탠다드 레인지,FWD,오션 블루,7,7,20795,2777,14,65,88.5
2026-07,southeast,AUR,2026,AUR-RA,스탠다드 레인지,FWD,선셋 레드,5,5,16636,2222,11,65,88.5
2026-07,southeast,AUR,2026,AUR-RA,스탠다드 레인지,FWD,포레스트 그린,3,3,10397,1389,7,65,88.5
2026-07,southeast,AUR,2026,AUR-RA,스탠다드 레인지,FWD,샌드 베이지,3,3,10397,1389,7,65,88.5
2026-07,southeast,AUR,2026,AUR-RA,롱레인지,AWD,스노우 화이트,33,33,102235,13654,70,65,88.5
2026-07,southeast,AUR,2026,AUR-RA,롱레인지,AWD,미드나잇 블랙,26,26,80936,10810,55,65,88.5
2026-07,southeast,AUR,2026,AUR-RA,롱레인지,AWD,스틸 그레이,22,22,68157,9103,46,65,88.5
2026-07,southeast,AUR,2026,AUR-RA,롱레인지,AWD,실버,18,18,55377,7396,38,65,88.5
2026-07,southeast,AUR,2026,AUR-RA,롱레인지,AWD,오션 블루,14,14,42598,5689,29,65,88.5
2026-07,southeast,AUR,2026,AUR-RA,롱레인지,AWD,선셋 레드,11,11,34078,4551,23,65,88.5
2026-07,southeast,AUR,2026,AUR-RA,롱레인지,AWD,포레스트 그린,7,7,21299,2845,15,65,88.5
2026-07,southeast,AUR,2026,AUR-RA,롱레인지,AWD,샌드 베이지,7,7,21299,2845,15,65,88.5
2026-07,southeast,AUR,2026,AUR-RA,롱레인지,FWD,스노우 화이트,37,37,116450,15553,79,65,88.5
2026-07,southeast,AUR,2026,AUR-RA,롱레인지,FWD,미드나잇 블랙,29,30,92189,12313,63,65,88.5
2026-07,southeast,AUR,2026,AUR-RA,롱레인지,FWD,스틸 그레이,25,25,77633,10368,53,65,88.5
2026-07,southeast,AUR,2026,AUR-RA,롱레인지,FWD,실버,20,20,63077,8424,43,65,88.5
2026-07,southeast,AUR,2026,AUR-RA,롱레인지,FWD,오션 블루,15,16,48521,6480,33,65,88.5
2026-07,southeast,AUR,2026,AUR-RA,롱레인지,FWD,선셋 레드,12,12,38817,5184,26,65,88.5
2026-07,southeast,AUR,2026,AUR-RA,롱레인지,FWD,포레스트 그린,8,8,24260,3240,17,65,88.5
2026-07,southeast,AUR,2026,AUR-RA,롱레인지,FWD,샌드 베이지,8,8,24260,3240,17,65,88.5
2026-07,southeast,AUR,2026,AUR-MA,스탠다드 레인지,AWD,스노우 화이트,6,6,20434,4903,12,65,88.5
2026-07,southeast,AUR,2026,AUR-MA,스탠다드 레인지,AWD,미드나잇 블랙,5,5,16177,3882,10,65,88.5
2026-07,southeast,AUR,2026,AUR-MA,스탠다드 레인지,AWD,스틸 그레이,4,4,13622,3269,8,65,88.5
2026-07,southeast,AUR,2026,AUR-MA,스탠다드 레인지,AWD,실버,3,3,11068,2656,7,65,88.5
2026-07,southeast,AUR,2026,AUR-MA,스탠다드 레인지,AWD,오션 블루,2,2,8514,2043,5,51,88.5
2026-07,southeast,AUR,2026,AUR-MA,스탠다드 레인지,AWD,선셋 레드,2,2,6811,1634,4,41,88.5
2026-07,southeast,AUR,2026,AUR-MA,스탠다드 레인지,AWD,포레스트 그린,1,1,4257,1022,3,25,88.5
2026-07,southeast,AUR,2026,AUR-MA,스탠다드 레인지,AWD,샌드 베이지,1,1,4257,1022,3,25,88.5
2026-07,southeast,AUR,2026,AUR-MA,스탠다드 레인지,FWD,스노우 화이트,7,7,23275,5585,14,65,88.5
2026-07,southeast,AUR,2026,AUR-MA,스탠다드 레인지,FWD,미드나잇 블랙,5,5,18426,4422,11,65,88.5
2026-07,southeast,AUR,2026,AUR-MA,스탠다드 레인지,FWD,스틸 그레이,4,4,15517,3723,9,65,88.5
2026-07,southeast,AUR,2026,AUR-MA,스탠다드 레인지,FWD,실버,4,4,12607,3025,8,65,88.5
2026-07,southeast,AUR,2026,AUR-MA,스탠다드 레인지,FWD,오션 블루,3,3,9698,2327,6,58,88.5
2026-07,southeast,AUR,2026,AUR-MA,스탠다드 레인지,FWD,선셋 레드,2,2,7758,1862,5,46,88.5
2026-07,southeast,AUR,2026,AUR-MA,스탠다드 레인지,FWD,포레스트 그린,1,1,4849,1164,3,29,88.5
2026-07,southeast,AUR,2026,AUR-MA,스탠다드 레인지,FWD,샌드 베이지,1,1,4849,1164,3,29,88.5
2026-07,southeast,AUR,2026,AUR-MA,롱레인지,AWD,스노우 화이트,13,13,47679,11441,28,65,88.5
2026-07,southeast,AUR,2026,AUR-MA,롱레인지,AWD,미드나잇 블랙,11,11,37746,9058,23,65,88.5
2026-07,southeast,AUR,2026,AUR-MA,롱레인지,AWD,스틸 그레이,9,9,31786,7627,19,65,88.5
2026-07,southeast,AUR,2026,AUR-MA,롱레인지,AWD,실버,7,7,25826,6197,15,65,88.5
2026-07,southeast,AUR,2026,AUR-MA,롱레인지,AWD,오션 블루,6,6,19866,4767,12,65,88.5
2026-07,southeast,AUR,2026,AUR-MA,롱레인지,AWD,선셋 레드,4,4,15893,3814,9,65,88.5
2026-07,southeast,AUR,2026,AUR-MA,롱레인지,AWD,포레스트 그린,3,3,9933,2384,6,59,88.5
2026-07,southeast,AUR,2026,AUR-MA,롱레인지,AWD,샌드 베이지,3,3,9933,2384,6,59,88.5
2026-07,southeast,AUR,2026,AUR-MA,롱레인지,FWD,스노우 화이트,15,15,54308,13032,32,65,88.5
2026-07,southeast,AUR,2026,AUR-MA,롱레인지,FWD,미드나잇 블랙,12,12,42994,10317,26,65,88.5
2026-07,southeast,AUR,2026,AUR-MA,롱레인지,FWD,스틸 그레이,10,10,36205,8688,22,65,88.5
2026-07,southeast,AUR,2026,AUR-MA,롱레인지,FWD,실버,8,8,29417,7059,18,65,88.5
2026-07,southeast,AUR,2026,AUR-MA,롱레인지,FWD,오션 블루,6,6,22628,5430,14,65,88.5
2026-07,southeast,AUR,2026,AUR-MA,롱레인지,FWD,선셋 레드,5,5,18103,4344,11,65,88.5
2026-07,southeast,AUR,2026,AUR-MA,롱레인지,FWD,포레스트 그린,3,3,11314,2715,7,65,88.5
2026-07,southeast,AUR,2026,AUR-MA,롱레인지,FWD,샌드 베이지,3,3,11314,2715,7,65,88.5
2026-07,west,MRD,2026,MRD-CO,2.0 가솔린,AWD,스노우 화이트,24,24,58599,-5706,48,61,88.5
2026-07,west,MRD,2026,MRD-CO,2.0 가솔린,AWD,미드나잇 블랙,19,19,46391,-4517,38,61,88.5
2026-07,west,MRD,2026,MRD-CO,2.0 가솔린,AWD,스틸 그레이,16,16,39066,-3804,32,61,88.5
2026-07,west,MRD,2026,MRD-CO,2.0 가솔린,AWD,실버,13,13,31741,-3090,26,61,88.5
2026-07,west,MRD,2026,MRD-CO,2.0 가솔린,AWD,오션 블루,10,10,24416,-2377,20,61,88.5
2026-07,west,MRD,2026,MRD-CO,2.0 가솔린,AWD,선셋 레드,8,8,19533,-1902,16,61,88.5
2026-07,west,MRD,2026,MRD-CO,2.0 가솔린,AWD,포레스트 그린,5,5,12208,-1189,10,61,88.5
2026-07,west,MRD,2026,MRD-CO,2.0 가솔린,AWD,샌드 베이지,5,5,12208,-1189,10,61,88.5
2026-07,west,MRD,2026,MRD-CO,2.0 가솔린,FWD,스노우 화이트,96,97,234396,-22822,193,61,88.5
2026-07,west,MRD,2026,MRD-CO,2.0 가솔린,FWD,미드나잇 블랙,76,77,185563,-18067,153,61,88.5
2026-07,west,MRD,2026,MRD-CO,2.0 가솔린,FWD,스틸 그레이,64,65,156264,-15215,128,61,88.5
2026-07,west,MRD,2026,MRD-CO,2.0 가솔린,FWD,실버,52,53,126964,-12362,104,61,88.5
2026-07,west,MRD,2026,MRD-CO,2.0 가솔린,FWD,오션 블루,40,41,97665,-9509,80,61,88.5
2026-07,west,MRD,2026,MRD-CO,2.0 가솔린,FWD,선셋 레드,32,32,78132,-7607,64,61,88.5
2026-07,west,MRD,2026,MRD-CO,2.0 가솔린,FWD,포레스트 그린,20,20,48832,-4755,40,61,88.5
2026-07,west,MRD,2026,MRD-CO,2.0 가솔린,FWD,샌드 베이지,20,20,48832,-4755,40,61,88.5
2026-07,west,MRD,2026,MRD-CO,1.6T 하이브리드,AWD,스노우 화이트,28,29,68790,-6698,57,61,88.5
2026-07,west,MRD,2026,MRD-CO,1.6T 하이브리드,AWD,미드나잇 블랙,22,23,54459,-5302,45,61,88.5
2026-07,west,MRD,2026,MRD-CO,1.6T 하이브리드,AWD,스틸 그레이,19,19,45860,-4465,38,61,88.5
2026-07,west,MRD,2026,MRD-CO,1.6T 하이브리드,AWD,실버,15,15,37261,-3628,31,61,88.5
2026-07,west,MRD,2026,MRD-CO,1.6T 하이브리드,AWD,오션 블루,12,12,28663,-2791,24,61,88.5
2026-07,west,MRD,2026,MRD-CO,1.6T 하이브리드,AWD,선셋 레드,9,10,22930,-2233,19,61,88.5
2026-07,west,MRD,2026,MRD-CO,1.6T 하이브리드,AWD,포레스트 그린,6,6,14331,-1395,12,61,88.5
2026-07,west,MRD,2026,MRD-CO,1.6T 하이브리드,AWD,샌드 베이지,6,6,14331,-1395,12,61,88.5
2026-07,west,MRD,2026,MRD-CO,1.6T 하이브리드,FWD,스노우 화이트,112,114,275160,-26791,226,61,88.5
2026-07,west,MRD,2026,MRD-CO,1.6T 하이브리드,FWD,미드나잇 블랙,89,91,217835,-21210,179,61,88.5
2026-07,west,MRD,2026,MRD-CO,1.6T 하이브리드,FWD,스틸 그레이,75,76,183440,-17861,151,61,88.5
2026-07,west,MRD,2026,MRD-CO,1.6T 하이브리드,FWD,실버,61,62,149045,-14512,122,61,88.5
2026-07,west,MRD,2026,MRD-CO,1.6T 하이브리드,FWD,오션 블루,47,48,114650,-11163,94,61,88.5
2026-07,west,MRD,2026,MRD-CO,1.6T 하이브리드,FWD,선셋 레드,37,38,91720,-8930,75,61,88.5
2026-07,west,MRD,2026,MRD-CO,1.6T 하이브리드,FWD,포레스트 그린,23,24,57325,-5581,47,61,88.5
2026-07,west,MRD,2026,MRD-CO,1.6T 하이브리드,FWD,샌드 베이지,23,24,57325,-5581,47,61,88.5
2026-07,west,MRD,2026,MRD-PR,2.0 가솔린,AWD,스노우 화이트,28,28,73752,-706,56,61,88.5
2026-07,west,MRD,2026,MRD-PR,2.0 가솔린,AWD,미드나잇 블랙,22,22,58387,-559,44,61,88.5
2026-07,west,MRD,2026,MRD-PR,2.0 가솔린,AWD,스틸 그레이,18,19,49168,-471,37,61,88.5
2026-07,west,MRD,2026,MRD-PR,2.0 가솔린,AWD,실버,15,15,39949,-383,30,61,88.5
2026-07,west,MRD,2026,MRD-PR,2.0 가솔린,AWD,오션 블루,12,12,30730,-294,23,61,88.5
2026-07,west,MRD,2026,MRD-PR,2.0 가솔린,AWD,선셋 레드,9,9,24584,-235,19,61,88.5
2026-07,west,MRD,2026,MRD-PR,2.0 가솔린,AWD,포레스트 그린,6,6,15365,-147,12,61,88.5
2026-07,west,MRD,2026,MRD-PR,2.0 가솔린,AWD,샌드 베이지,6,6,15365,-147,12,61,88.5
2026-07,west,MRD,2026,MRD-PR,2.0 가솔린,FWD,스노우 화이트,111,113,295006,-2825,223,61,88.5
2026-07,west,MRD,2026,MRD-PR,2.0 가솔린,FWD,미드나잇 블랙,88,89,233547,-2237,177,61,88.5
2026-07,west,MRD,2026,MRD-PR,2.0 가솔린,FWD,스틸 그레이,74,75,196671,-1883,149,61,88.5
2026-07,west,MRD,2026,MRD-PR,2.0 가솔린,FWD,실버,60,61,159795,-1530,121,61,88.5
2026-07,west,MRD,2026,MRD-PR,2.0 가솔린,FWD,오션 블루,46,47,122919,-1177,93,61,88.5
2026-07,west,MRD,2026,MRD-PR,2.0 가솔린,FWD,선셋 레드,37,38,98335,-942,74,61,88.5
2026-07,west,MRD,2026,MRD-PR,2.0 가솔린,FWD,포레스트 그린,23,24,61460,-589,46,61,88.5
2026-07,west,MRD,2026,MRD-PR,2.0 가솔린,FWD,샌드 베이지,23,24,61460,-589,46,61,88.5
2026-07,west,MRD,2026,MRD-PR,1.6T 하이브리드,AWD,스노우 화이트,32,33,86578,-829,65,61,88.5
2026-07,west,MRD,2026,MRD-PR,1.6T 하이브리드,AWD,미드나잇 블랙,26,26,68541,-656,52,61,88.5
2026-07,west,MRD,2026,MRD-PR,1.6T 하이브리드,AWD,스틸 그레이,22,22,57719,-553,44,61,88.5
2026-07,west,MRD,2026,MRD-PR,1.6T 하이브리드,AWD,실버,18,18,46896,-449,35,61,88.5
2026-07,west,MRD,2026,MRD-PR,1.6T 하이브리드,AWD,오션 블루,14,14,36074,-345,27,61,88.5
2026-07,west,MRD,2026,MRD-PR,1.6T 하이브리드,AWD,선셋 레드,11,11,28859,-276,22,61,88.5
2026-07,west,MRD,2026,MRD-PR,1.6T 하이브리드,AWD,포레스트 그린,7,7,18037,-173,14,61,88.5
2026-07,west,MRD,2026,MRD-PR,1.6T 하이브리드,AWD,샌드 베이지,7,7,18037,-173,14,61,88.5
2026-07,west,MRD,2026,MRD-PR,1.6T 하이브리드,FWD,스노우 화이트,130,133,346312,-3316,262,61,88.5
2026-07,west,MRD,2026,MRD-PR,1.6T 하이브리드,FWD,미드나잇 블랙,103,105,274163,-2625,207,61,88.5
2026-07,west,MRD,2026,MRD-PR,1.6T 하이브리드,FWD,스틸 그레이,87,88,230874,-2211,175,61,88.5
2026-07,west,MRD,2026,MRD-PR,1.6T 하이브리드,FWD,실버,70,72,187585,-1796,142,61,88.5
2026-07,west,MRD,2026,MRD-PR,1.6T 하이브리드,FWD,오션 블루,54,55,144296,-1382,109,61,88.5
2026-07,west,MRD,2026,MRD-PR,1.6T 하이브리드,FWD,선셋 레드,43,44,115437,-1105,87,61,88.5
2026-07,west,MRD,2026,MRD-PR,1.6T 하이브리드,FWD,포레스트 그린,27,28,72148,-691,55,61,88.5
2026-07,west,MRD,2026,MRD-PR,1.6T 하이브리드,FWD,샌드 베이지,27,28,72148,-691,55,61,88.5
2026-07,west,MRD,2026,MRD-SP,2.0 가솔린,AWD,스노우 화이트,11,12,34395,3935,23,61,88.5
2026-07,west,MRD,2026,MRD-SP,2.0 가솔린,AWD,미드나잇 블랙,9,9,27229,3115,18,61,88.5
2026-07,west,MRD,2026,MRD-SP,2.0 가솔린,AWD,스틸 그레이,8,8,22930,2623,15,61,88.5
2026-07,west,MRD,2026,MRD-SP,2.0 가솔린,AWD,실버,6,6,18631,2131,12,61,88.5
2026-07,west,MRD,2026,MRD-SP,2.0 가솔린,AWD,오션 블루,5,5,14331,1640,10,61,88.5
2026-07,west,MRD,2026,MRD-SP,2.0 가솔린,AWD,선셋 레드,4,4,11465,1312,8,61,88.5
2026-07,west,MRD,2026,MRD-SP,2.0 가솔린,AWD,포레스트 그린,2,2,7166,820,5,48,88.5
2026-07,west,MRD,2026,MRD-SP,2.0 가솔린,AWD,샌드 베이지,2,2,7166,820,5,48,88.5
2026-07,west,MRD,2026,MRD-SP,2.0 가솔린,FWD,스노우 화이트,45,46,137580,15740,91,61,88.5
2026-07,west,MRD,2026,MRD-SP,2.0 가솔린,FWD,미드나잇 블랙,36,37,108918,12461,72,61,88.5
2026-07,west,MRD,2026,MRD-SP,2.0 가솔린,FWD,스틸 그레이,30,31,91720,10493,61,61,88.5
2026-07,west,MRD,2026,MRD-SP,2.0 가솔린,FWD,실버,25,25,74523,8526,49,61,88.5
2026-07,west,MRD,2026,MRD-SP,2.0 가솔린,FWD,오션 블루,19,19,57325,6558,38,61,88.5
2026-07,west,MRD,2026,MRD-SP,2.0 가솔린,FWD,선셋 레드,15,15,45860,5247,30,61,88.5
2026-07,west,MRD,2026,MRD-SP,2.0 가솔린,FWD,포레스트 그린,9,10,28663,3279,19,61,88.5
2026-07,west,MRD,2026,MRD-SP,2.0 가솔린,FWD,샌드 베이지,9,10,28663,3279,19,61,88.5
2026-07,west,MRD,2026,MRD-SP,1.6T 하이브리드,AWD,스노우 화이트,13,14,40377,4619,27,61,88.5
2026-07,west,MRD,2026,MRD-SP,1.6T 하이브리드,AWD,미드나잇 블랙,11,11,31965,3657,21,61,88.5
2026-07,west,MRD,2026,MRD-SP,1.6T 하이브리드,AWD,스틸 그레이,9,9,26918,3080,18,61,88.5
2026-07,west,MRD,2026,MRD-SP,1.6T 하이브리드,AWD,실버,7,7,21871,2502,15,61,88.5
2026-07,west,MRD,2026,MRD-SP,1.6T 하이브리드,AWD,오션 블루,6,6,16824,1925,11,61,88.5
2026-07,west,MRD,2026,MRD-SP,1.6T 하이브리드,AWD,선셋 레드,4,5,13459,1540,9,61,88.5
2026-07,west,MRD,2026,MRD-SP,1.6T 하이브리드,AWD,포레스트 그린,3,3,8412,962,6,56,88.5
2026-07,west,MRD,2026,MRD-SP,1.6T 하이브리드,AWD,샌드 베이지,3,3,8412,962,6,56,88.5
2026-07,west,MRD,2026,MRD-SP,1.6T 하이브리드,FWD,스노우 화이트,53,54,161507,18477,107,61,88.5
2026-07,west,MRD,2026,MRD-SP,1.6T 하이브리드,FWD,미드나잇 블랙,42,43,127860,14628,85,61,88.5
2026-07,west,MRD,2026,MRD-SP,1.6T 하이브리드,FWD,스틸 그레이,35,36,107671,12318,71,61,88.5
2026-07,west,MRD,2026,MRD-SP,1.6T 하이브리드,FWD,실버,29,29,87483,10009,58,61,88.5
2026-07,west,MRD,2026,MRD-SP,1.6T 하이브리드,FWD,오션 블루,22,23,67295,7699,45,61,88.5
2026-07,west,MRD,2026,MRD-SP,1.6T 하이브리드,FWD,선셋 레드,18,18,53836,6159,36,61,88.5
2026-07,west,MRD,2026,MRD-SP,1.6T 하이브리드,FWD,포레스트 그린,11,11,33647,3849,22,61,88.5
2026-07,west,MRD,2026,MRD-SP,1.6T 하이브리드,FWD,샌드 베이지,11,11,33647,3849,22,61,88.5
2026-07,central,MRD,2026,MRD-CO,2.0 가솔린,AWD,스노우 화이트,18,18,44062,-4290,36,61,88.5
2026-07,central,MRD,2026,MRD-CO,2.0 가솔린,AWD,미드나잇 블랙,14,15,34882,-3396,29,61,88.5
2026-07,central,MRD,2026,MRD-CO,2.0 가솔린,AWD,스틸 그레이,12,12,29375,-2860,24,61,88.5
2026-07,central,MRD,2026,MRD-CO,2.0 가솔린,AWD,실버,10,10,23867,-2324,20,61,88.5
2026-07,central,MRD,2026,MRD-CO,2.0 가솔린,AWD,오션 블루,7,8,18359,-1788,15,61,88.5
2026-07,central,MRD,2026,MRD-CO,2.0 가솔린,AWD,선셋 레드,6,6,14687,-1430,12,61,88.5
2026-07,central,MRD,2026,MRD-CO,2.0 가솔린,AWD,포레스트 그린,4,4,9180,-894,8,61,88.5
2026-07,central,MRD,2026,MRD-CO,2.0 가솔린,AWD,샌드 베이지,4,4,9180,-894,8,61,88.5
2026-07,central,MRD,2026,MRD-CO,2.0 가솔린,FWD,스노우 화이트,60,61,147512,-14363,121,61,88.5
2026-07,central,MRD,2026,MRD-CO,2.0 가솔린,FWD,미드나잇 블랙,48,49,116780,-11370,96,61,88.5
2026-07,central,MRD,2026,MRD-CO,2.0 가솔린,FWD,스틸 그레이,40,41,98341,-9575,81,61,88.5
2026-07,central,MRD,2026,MRD-CO,2.0 가솔린,FWD,실버,33,33,79902,-7780,66,61,88.5
2026-07,central,MRD,2026,MRD-CO,2.0 가솔린,FWD,오션 블루,25,26,61463,-5984,51,61,88.5
2026-07,central,MRD,2026,MRD-CO,2.0 가솔린,FWD,선셋 레드,20,20,49171,-4788,40,61,88.5
2026-07,central,MRD,2026,MRD-CO,2.0 가솔린,FWD,포레스트 그린,13,13,30732,-2992,25,61,88.5
2026-07,central,MRD,2026,MRD-CO,2.0 가솔린,FWD,샌드 베이지,13,13,30732,-2992,25,61,88.5
2026-07,central,MRD,2026,MRD-CO,1.6T 하이브리드,AWD,스노우 화이트,21,22,51725,-5036,43,61,88.5
2026-07,central,MRD,2026,MRD-CO,1.6T 하이브리드,AWD,미드나잇 블랙,17,17,40949,-3987,34,61,88.5
2026-07,central,MRD,2026,MRD-CO,1.6T 하이브리드,AWD,스틸 그레이,14,14,34483,-3357,28,61,88.5
2026-07,central,MRD,2026,MRD-CO,1.6T 하이브리드,AWD,실버,11,12,28018,-2728,23,61,88.5
2026-07,central,MRD,2026,MRD-CO,1.6T 하이브리드,AWD,오션 블루,9,9,21552,-2098,18,61,88.5
2026-07,central,MRD,2026,MRD-CO,1.6T 하이브리드,AWD,선셋 레드,7,7,17242,-1679,14,61,88.5
2026-07,central,MRD,2026,MRD-CO,1.6T 하이브리드,AWD,포레스트 그린,4,4,10776,-1049,9,61,88.5
2026-07,central,MRD,2026,MRD-CO,1.6T 하이브리드,AWD,샌드 베이지,4,4,10776,-1049,9,61,88.5
2026-07,central,MRD,2026,MRD-CO,1.6T 하이브리드,FWD,스노우 화이트,71,72,173166,-16860,142,61,88.5
2026-07,central,MRD,2026,MRD-CO,1.6T 하이브리드,FWD,미드나잇 블랙,56,57,137090,-13348,113,61,88.5
2026-07,central,MRD,2026,MRD-CO,1.6T 하이브리드,FWD,스틸 그레이,47,48,115444,-11240,95,61,88.5
2026-07,central,MRD,2026,MRD-CO,1.6T 하이브리드,FWD,실버,38,39,93798,-9133,77,61,88.5
2026-07,central,MRD,2026,MRD-CO,1.6T 하이브리드,FWD,오션 블루,29,30,72152,-7025,59,61,88.5
2026-07,central,MRD,2026,MRD-CO,1.6T 하이브리드,FWD,선셋 레드,24,24,57722,-5620,47,61,88.5
2026-07,central,MRD,2026,MRD-CO,1.6T 하이브리드,FWD,포레스트 그린,15,15,36076,-3513,30,61,88.5
2026-07,central,MRD,2026,MRD-CO,1.6T 하이브리드,FWD,샌드 베이지,15,15,36076,-3513,30,61,88.5
2026-07,central,MRD,2026,MRD-PR,2.0 가솔린,AWD,스노우 화이트,21,21,55455,-531,42,61,88.5
2026-07,central,MRD,2026,MRD-PR,2.0 가솔린,AWD,미드나잇 블랙,16,17,43902,-420,33,61,88.5
2026-07,central,MRD,2026,MRD-PR,2.0 가솔린,AWD,스틸 그레이,14,14,36970,-354,28,61,88.5
2026-07,central,MRD,2026,MRD-PR,2.0 가솔린,AWD,실버,11,11,30038,-288,23,61,88.5
2026-07,central,MRD,2026,MRD-PR,2.0 가솔린,AWD,오션 블루,9,9,23106,-221,17,61,88.5
2026-07,central,MRD,2026,MRD-PR,2.0 가솔린,AWD,선셋 레드,7,7,18485,-177,14,61,88.5
2026-07,central,MRD,2026,MRD-PR,2.0 가솔린,AWD,포레스트 그린,4,4,11553,-111,9,61,88.5
2026-07,central,MRD,2026,MRD-PR,2.0 가솔린,AWD,샌드 베이지,4,4,11553,-111,9,61,88.5
2026-07,central,MRD,2026,MRD-PR,2.0 가솔린,FWD,스노우 화이트,70,71,185655,-1778,140,61,88.5
2026-07,central,MRD,2026,MRD-PR,2.0 가솔린,FWD,미드나잇 블랙,55,56,146977,-1408,111,61,88.5
2026-07,central,MRD,2026,MRD-PR,2.0 가솔린,FWD,스틸 그레이,46,47,123770,-1185,94,61,88.5
2026-07,central,MRD,2026,MRD-PR,2.0 가솔린,FWD,실버,38,38,100563,-963,76,61,88.5
2026-07,central,MRD,2026,MRD-PR,2.0 가솔린,FWD,오션 블루,29,30,77356,-741,58,61,88.5
2026-07,central,MRD,2026,MRD-PR,2.0 가솔린,FWD,선셋 레드,23,24,61885,-593,47,61,88.5
2026-07,central,MRD,2026,MRD-PR,2.0 가솔린,FWD,포레스트 그린,15,15,38678,-370,29,61,88.5
2026-07,central,MRD,2026,MRD-PR,2.0 가솔린,FWD,샌드 베이지,15,15,38678,-370,29,61,88.5
2026-07,central,MRD,2026,MRD-PR,1.6T 하이브리드,AWD,스노우 화이트,24,25,65100,-623,49,61,88.5
2026-07,central,MRD,2026,MRD-PR,1.6T 하이브리드,AWD,미드나잇 블랙,19,20,51537,-494,39,61,88.5
2026-07,central,MRD,2026,MRD-PR,1.6T 하이브리드,AWD,스틸 그레이,16,17,43400,-416,33,61,88.5
2026-07,central,MRD,2026,MRD-PR,1.6T 하이브리드,AWD,실버,13,13,35262,-338,27,61,88.5
2026-07,central,MRD,2026,MRD-PR,1.6T 하이브리드,AWD,오션 블루,10,10,27125,-260,21,61,88.5
2026-07,central,MRD,2026,MRD-PR,1.6T 하이브리드,AWD,선셋 레드,8,8,21700,-208,16,61,88.5
2026-07,central,MRD,2026,MRD-PR,1.6T 하이브리드,AWD,포레스트 그린,5,5,13562,-130,10,61,88.5
2026-07,central,MRD,2026,MRD-PR,1.6T 하이브리드,AWD,샌드 베이지,5,5,13562,-130,10,61,88.5
2026-07,central,MRD,2026,MRD-PR,1.6T 하이브리드,FWD,스노우 화이트,82,83,217943,-2087,165,61,88.5
2026-07,central,MRD,2026,MRD-PR,1.6T 하이브리드,FWD,미드나잇 블랙,65,66,172538,-1652,130,61,88.5
2026-07,central,MRD,2026,MRD-PR,1.6T 하이브리드,FWD,스틸 그레이,55,56,145295,-1391,110,61,88.5
2026-07,central,MRD,2026,MRD-PR,1.6T 하이브리드,FWD,실버,44,45,118053,-1131,89,61,88.5
2026-07,central,MRD,2026,MRD-PR,1.6T 하이브리드,FWD,오션 블루,34,35,90810,-870,69,61,88.5
2026-07,central,MRD,2026,MRD-PR,1.6T 하이브리드,FWD,선셋 레드,27,28,72648,-696,55,61,88.5
2026-07,central,MRD,2026,MRD-PR,1.6T 하이브리드,FWD,포레스트 그린,17,17,45405,-435,34,61,88.5
2026-07,central,MRD,2026,MRD-PR,1.6T 하이브리드,FWD,샌드 베이지,17,17,45405,-435,34,61,88.5
2026-07,central,MRD,2026,MRD-SP,2.0 가솔린,AWD,스노우 화이트,9,9,25862,2959,17,61,88.5
2026-07,central,MRD,2026,MRD-SP,2.0 가솔린,AWD,미드나잇 블랙,7,7,20474,2342,14,61,88.5
2026-07,central,MRD,2026,MRD-SP,2.0 가솔린,AWD,스틸 그레이,6,6,17242,1973,11,61,88.5
2026-07,central,MRD,2026,MRD-SP,2.0 가솔린,AWD,실버,5,5,14009,1603,9,61,88.5
2026-07,central,MRD,2026,MRD-SP,2.0 가솔린,AWD,오션 블루,4,4,10776,1233,7,61,88.5
2026-07,central,MRD,2026,MRD-SP,2.0 가솔린,AWD,선셋 레드,3,3,8621,986,6,57,88.5
2026-07,central,MRD,2026,MRD-SP,2.0 가솔린,AWD,포레스트 그린,2,2,5388,616,4,36,88.5
2026-07,central,MRD,2026,MRD-SP,2.0 가솔린,AWD,샌드 베이지,2,2,5388,616,4,36,88.5
2026-07,central,MRD,2026,MRD-SP,2.0 가솔린,FWD,스노우 화이트,29,29,86583,9906,57,61,88.5
2026-07,central,MRD,2026,MRD-SP,2.0 가솔린,FWD,미드나잇 블랙,23,23,68545,7842,45,61,88.5
2026-07,central,MRD,2026,MRD-SP,2.0 가솔린,FWD,스틸 그레이,19,19,57722,6604,38,61,88.5
2026-07,central,MRD,2026,MRD-SP,2.0 가솔린,FWD,실버,15,16,46899,5366,31,61,88.5
2026-07,central,MRD,2026,MRD-SP,2.0 가솔린,FWD,오션 블루,12,12,36076,4127,24,61,88.5
2026-07,central,MRD,2026,MRD-SP,2.0 가솔린,FWD,선셋 레드,10,10,28861,3302,19,61,88.5
2026-07,central,MRD,2026,MRD-SP,2.0 가솔린,FWD,포레스트 그린,6,6,18038,2064,12,61,88.5
2026-07,central,MRD,2026,MRD-SP,2.0 가솔린,FWD,샌드 베이지,6,6,18038,2064,12,61,88.5
2026-07,central,MRD,2026,MRD-SP,1.6T 하이브리드,AWD,스노우 화이트,10,10,30360,3473,20,61,88.5
2026-07,central,MRD,2026,MRD-SP,1.6T 하이브리드,AWD,미드나잇 블랙,8,8,24035,2750,16,61,88.5
2026-07,central,MRD,2026,MRD-SP,1.6T 하이브리드,AWD,스틸 그레이,7,7,20240,2316,13,61,88.5
2026-07,central,MRD,2026,MRD-SP,1.6T 하이브리드,AWD,실버,5,6,16445,1881,11,61,88.5
2026-07,central,MRD,2026,MRD-SP,1.6T 하이브리드,AWD,오션 블루,4,4,12650,1447,8,61,88.5
2026-07,central,MRD,2026,MRD-SP,1.6T 하이브리드,AWD,선셋 레드,3,3,10120,1158,7,61,88.5
2026-07,central,MRD,2026,MRD-SP,1.6T 하이브리드,AWD,포레스트 그린,2,2,6325,724,4,42,88.5
2026-07,central,MRD,2026,MRD-SP,1.6T 하이브리드,AWD,샌드 베이지,2,2,6325,724,4,42,88.5
2026-07,central,MRD,2026,MRD-SP,1.6T 하이브리드,FWD,스노우 화이트,33,34,101641,11628,67,61,88.5
2026-07,central,MRD,2026,MRD-SP,1.6T 하이브리드,FWD,미드나잇 블랙,26,27,80466,9206,53,61,88.5
2026-07,central,MRD,2026,MRD-SP,1.6T 하이브리드,FWD,스틸 그레이,22,23,67761,7752,45,61,88.5
2026-07,central,MRD,2026,MRD-SP,1.6T 하이브리드,FWD,실버,18,18,55055,6299,37,61,88.5
2026-07,central,MRD,2026,MRD-SP,1.6T 하이브리드,FWD,오션 블루,14,14,42350,4845,28,61,88.5
2026-07,central,MRD,2026,MRD-SP,1.6T 하이브리드,FWD,선셋 레드,11,11,33880,3876,22,61,88.5
2026-07,central,MRD,2026,MRD-SP,1.6T 하이브리드,FWD,포레스트 그린,7,7,21175,2423,14,61,88.5
2026-07,central,MRD,2026,MRD-SP,1.6T 하이브리드,FWD,샌드 베이지,7,7,21175,2423,14,61,88.5
2026-07,south,MRD,2026,MRD-CO,2.0 가솔린,AWD,스노우 화이트,15,15,35700,-3476,29,61,88.5
2026-07,south,MRD,2026,MRD-CO,2.0 가솔린,AWD,미드나잇 블랙,12,12,28263,-2752,23,61,88.5
2026-07,south,MRD,2026,MRD-CO,2.0 가솔린,AWD,스틸 그레이,10,10,23800,-2317,20,61,88.5
2026-07,south,MRD,2026,MRD-CO,2.0 가솔린,AWD,실버,8,8,19338,-1883,16,61,88.5
2026-07,south,MRD,2026,MRD-CO,2.0 가솔린,AWD,오션 블루,6,6,14875,-1448,12,61,88.5
2026-07,south,MRD,2026,MRD-CO,2.0 가솔린,AWD,선셋 레드,5,5,11900,-1159,10,61,88.5
2026-07,south,MRD,2026,MRD-CO,2.0 가솔린,AWD,포레스트 그린,3,3,7438,-724,6,61,88.5
2026-07,south,MRD,2026,MRD-CO,2.0 가솔린,AWD,샌드 베이지,3,3,7438,-724,6,61,88.5
2026-07,south,MRD,2026,MRD-CO,2.0 가솔린,FWD,스노우 화이트,87,88,212218,-20663,174,61,88.5
2026-07,south,MRD,2026,MRD-CO,2.0 가솔린,FWD,미드나잇 블랙,69,70,168006,-16358,138,61,88.5
2026-07,south,MRD,2026,MRD-CO,2.0 가솔린,FWD,스틸 그레이,58,59,141479,-13775,116,61,88.5
2026-07,south,MRD,2026,MRD-CO,2.0 가솔린,FWD,실버,47,48,114952,-11192,94,61,88.5
2026-07,south,MRD,2026,MRD-CO,2.0 가솔린,FWD,오션 블루,36,37,88424,-8609,73,61,88.5
2026-07,south,MRD,2026,MRD-CO,2.0 가솔린,FWD,선셋 레드,29,29,70739,-6888,58,61,88.5
2026-07,south,MRD,2026,MRD-CO,2.0 가솔린,FWD,포레스트 그린,18,18,44212,-4305,36,61,88.5
2026-07,south,MRD,2026,MRD-CO,2.0 가솔린,FWD,샌드 베이지,18,18,44212,-4305,36,61,88.5
2026-07,south,MRD,2026,MRD-CO,1.6T 하이브리드,AWD,스노우 화이트,17,17,41909,-4080,34,61,88.5
2026-07,south,MRD,2026,MRD-CO,1.6T 하이브리드,AWD,미드나잇 블랙,14,14,33178,-3230,27,61,88.5
2026-07,south,MRD,2026,MRD-CO,1.6T 하이브리드,AWD,스틸 그레이,11,12,27939,-2720,23,61,88.5
2026-07,south,MRD,2026,MRD-CO,1.6T 하이브리드,AWD,실버,9,9,22701,-2210,19,61,88.5
2026-07,south,MRD,2026,MRD-CO,1.6T 하이브리드,AWD,오션 블루,7,7,17462,-1700,14,61,88.5
2026-07,south,MRD,2026,MRD-CO,1.6T 하이브리드,AWD,선셋 레드,6,6,13970,-1360,11,61,88.5
2026-07,south,MRD,2026,MRD-CO,1.6T 하이브리드,AWD,포레스트 그린,4,4,8731,-850,7,61,88.5
2026-07,south,MRD,2026,MRD-CO,1.6T 하이브리드,AWD,샌드 베이지,4,4,8731,-850,7,61,88.5
2026-07,south,MRD,2026,MRD-CO,1.6T 하이브리드,FWD,스노우 화이트,102,104,249126,-24256,205,61,88.5
2026-07,south,MRD,2026,MRD-CO,1.6T 하이브리드,FWD,미드나잇 블랙,80,82,197225,-19203,162,61,88.5
2026-07,south,MRD,2026,MRD-CO,1.6T 하이브리드,FWD,스틸 그레이,68,69,166084,-16171,136,61,88.5
2026-07,south,MRD,2026,MRD-CO,1.6T 하이브리드,FWD,실버,55,56,134943,-13139,111,61,88.5
2026-07,south,MRD,2026,MRD-CO,1.6T 하이브리드,FWD,오션 블루,42,43,103802,-10107,85,61,88.5
2026-07,south,MRD,2026,MRD-CO,1.6T 하이브리드,FWD,선셋 레드,34,35,83042,-8085,68,61,88.5
2026-07,south,MRD,2026,MRD-CO,1.6T 하이브리드,FWD,포레스트 그린,21,22,51901,-5053,43,61,88.5
2026-07,south,MRD,2026,MRD-CO,1.6T 하이브리드,FWD,샌드 베이지,21,22,51901,-5053,43,61,88.5
2026-07,south,MRD,2026,MRD-PR,2.0 가솔린,AWD,스노우 화이트,17,17,44932,-430,34,61,88.5
2026-07,south,MRD,2026,MRD-PR,2.0 가솔린,AWD,미드나잇 블랙,13,14,35571,-341,27,61,88.5
2026-07,south,MRD,2026,MRD-PR,2.0 가솔린,AWD,스틸 그레이,11,11,29954,-287,23,61,88.5
2026-07,south,MRD,2026,MRD-PR,2.0 가솔린,AWD,실버,9,9,24338,-233,18,61,88.5
2026-07,south,MRD,2026,MRD-PR,2.0 가솔린,AWD,오션 블루,7,7,18722,-179,14,61,88.5
2026-07,south,MRD,2026,MRD-PR,2.0 가솔린,AWD,선셋 레드,6,6,14977,-143,11,61,88.5
2026-07,south,MRD,2026,MRD-PR,2.0 가솔린,AWD,포레스트 그린,4,4,9361,-90,7,61,88.5
2026-07,south,MRD,2026,MRD-PR,2.0 가솔린,AWD,샌드 베이지,4,4,9361,-90,7,61,88.5
2026-07,south,MRD,2026,MRD-PR,2.0 가솔린,FWD,스노우 화이트,100,102,267094,-2558,202,61,88.5
2026-07,south,MRD,2026,MRD-PR,2.0 가솔린,FWD,미드나잇 블랙,79,81,211449,-2025,160,61,88.5
2026-07,south,MRD,2026,MRD-PR,2.0 가솔린,FWD,스틸 그레이,67,68,178063,-1705,135,61,88.5
2026-07,south,MRD,2026,MRD-PR,2.0 가솔린,FWD,실버,54,55,144676,-1385,109,61,88.5
2026-07,south,MRD,2026,MRD-PR,2.0 가솔린,FWD,오션 블루,42,43,111289,-1066,84,61,88.5
2026-07,south,MRD,2026,MRD-PR,2.0 가솔린,FWD,선셋 레드,33,34,89031,-853,67,61,88.5
2026-07,south,MRD,2026,MRD-PR,2.0 가솔린,FWD,포레스트 그린,21,21,55645,-533,42,61,88.5
2026-07,south,MRD,2026,MRD-PR,2.0 가솔린,FWD,샌드 베이지,21,21,55645,-533,42,61,88.5
2026-07,south,MRD,2026,MRD-PR,1.6T 하이브리드,AWD,스노우 화이트,20,20,52746,-505,40,61,88.5
2026-07,south,MRD,2026,MRD-PR,1.6T 하이브리드,AWD,미드나잇 블랙,16,16,41757,-400,32,61,88.5
2026-07,south,MRD,2026,MRD-PR,1.6T 하이브리드,AWD,스틸 그레이,13,13,35164,-337,27,61,88.5
2026-07,south,MRD,2026,MRD-PR,1.6T 하이브리드,AWD,실버,11,11,28571,-274,22,61,88.5
2026-07,south,MRD,2026,MRD-PR,1.6T 하이브리드,AWD,오션 블루,8,8,21977,-210,17,61,88.5
2026-07,south,MRD,2026,MRD-PR,1.6T 하이브리드,AWD,선셋 레드,7,7,17582,-168,13,61,88.5
2026-07,south,MRD,2026,MRD-PR,1.6T 하이브리드,AWD,포레스트 그린,4,4,10989,-105,8,61,88.5
2026-07,south,MRD,2026,MRD-PR,1.6T 하이브리드,AWD,샌드 베이지,4,4,10989,-105,8,61,88.5
2026-07,south,MRD,2026,MRD-PR,1.6T 하이브리드,FWD,스노우 화이트,118,120,313545,-3003,237,61,88.5
2026-07,south,MRD,2026,MRD-PR,1.6T 하이브리드,FWD,미드나잇 블랙,93,95,248223,-2377,188,61,88.5
2026-07,south,MRD,2026,MRD-PR,1.6T 하이브리드,FWD,스틸 그레이,78,80,209030,-2002,158,61,88.5
2026-07,south,MRD,2026,MRD-PR,1.6T 하이브리드,FWD,실버,64,65,169837,-1626,128,61,88.5
2026-07,south,MRD,2026,MRD-PR,1.6T 하이브리드,FWD,오션 블루,49,50,130644,-1251,99,61,88.5
2026-07,south,MRD,2026,MRD-PR,1.6T 하이브리드,FWD,선셋 레드,39,40,104515,-1001,79,61,88.5
2026-07,south,MRD,2026,MRD-PR,1.6T 하이브리드,FWD,포레스트 그린,25,25,65322,-626,49,61,88.5
2026-07,south,MRD,2026,MRD-PR,1.6T 하이브리드,FWD,샌드 베이지,25,25,65322,-626,49,61,88.5
2026-07,south,MRD,2026,MRD-SP,2.0 가솔린,AWD,스노우 화이트,7,7,20955,2397,14,61,88.5
2026-07,south,MRD,2026,MRD-SP,2.0 가솔린,AWD,미드나잇 블랙,5,6,16589,1898,11,61,88.5
2026-07,south,MRD,2026,MRD-SP,2.0 가솔린,AWD,스틸 그레이,5,5,13970,1598,9,61,88.5
2026-07,south,MRD,2026,MRD-SP,2.0 가솔린,AWD,실버,4,4,11350,1299,8,61,88.5
2026-07,south,MRD,2026,MRD-SP,2.0 가솔린,AWD,오션 블루,3,3,8731,999,6,58,88.5
2026-07,south,MRD,2026,MRD-SP,2.0 가솔린,AWD,선셋 레드,2,2,6985,799,5,46,88.5
2026-07,south,MRD,2026,MRD-SP,2.0 가솔린,AWD,포레스트 그린,1,1,4366,499,3,29,88.5
2026-07,south,MRD,2026,MRD-SP,2.0 가솔린,AWD,샌드 베이지,1,1,4366,499,3,29,88.5
2026-07,south,MRD,2026,MRD-SP,2.0 가솔린,FWD,스노우 화이트,41,42,124563,14251,83,61,88.5
2026-07,south,MRD,2026,MRD-SP,2.0 가솔린,FWD,미드나잇 블랙,32,33,98612,11282,65,61,88.5
2026-07,south,MRD,2026,MRD-SP,2.0 가솔린,FWD,스틸 그레이,27,28,83042,9501,55,61,88.5
2026-07,south,MRD,2026,MRD-SP,2.0 가솔린,FWD,실버,22,23,67472,7719,45,61,88.5
2026-07,south,MRD,2026,MRD-SP,2.0 가솔린,FWD,오션 블루,17,17,51901,5938,34,61,88.5
2026-07,south,MRD,2026,MRD-SP,2.0 가솔린,FWD,선셋 레드,14,14,41521,4750,28,61,88.5
2026-07,south,MRD,2026,MRD-SP,2.0 가솔린,FWD,포레스트 그린,9,9,25951,2969,17,61,88.5
2026-07,south,MRD,2026,MRD-SP,2.0 가솔린,FWD,샌드 베이지,9,9,25951,2969,17,61,88.5
2026-07,south,MRD,2026,MRD-SP,1.6T 하이브리드,AWD,스노우 화이트,8,8,24599,2814,16,61,88.5
2026-07,south,MRD,2026,MRD-SP,1.6T 하이브리드,AWD,미드나잇 블랙,6,7,19474,2228,13,61,88.5
2026-07,south,MRD,2026,MRD-SP,1.6T 하이브리드,AWD,스틸 그레이,5,6,16399,1876,11,61,88.5
2026-07,south,MRD,2026,MRD-SP,1.6T 하이브리드,AWD,실버,4,4,13324,1524,9,61,88.5
2026-07,south,MRD,2026,MRD-SP,1.6T 하이브리드,AWD,오션 블루,3,3,10249,1173,7,61,88.5
2026-07,south,MRD,2026,MRD-SP,1.6T 하이브리드,AWD,선셋 레드,3,3,8200,938,5,54,88.5
2026-07,south,MRD,2026,MRD-SP,1.6T 하이브리드,AWD,포레스트 그린,2,2,5125,586,3,34,88.5
2026-07,south,MRD,2026,MRD-SP,1.6T 하이브리드,AWD,샌드 베이지,2,2,5125,586,3,34,88.5
2026-07,south,MRD,2026,MRD-SP,1.6T 하이브리드,FWD,스노우 화이트,48,49,146226,16729,97,61,88.5
2026-07,south,MRD,2026,MRD-SP,1.6T 하이브리드,FWD,미드나잇 블랙,38,39,115762,13244,77,61,88.5
2026-07,south,MRD,2026,MRD-SP,1.6T 하이브리드,FWD,스틸 그레이,32,33,97484,11153,65,61,88.5
2026-07,south,MRD,2026,MRD-SP,1.6T 하이브리드,FWD,실버,26,27,79206,9062,53,61,88.5
2026-07,south,MRD,2026,MRD-SP,1.6T 하이브리드,FWD,오션 블루,20,20,60928,6971,40,61,88.5
2026-07,south,MRD,2026,MRD-SP,1.6T 하이브리드,FWD,선셋 레드,16,16,48742,5576,32,61,88.5
2026-07,south,MRD,2026,MRD-SP,1.6T 하이브리드,FWD,포레스트 그린,10,10,30464,3485,20,61,88.5
2026-07,south,MRD,2026,MRD-SP,1.6T 하이브리드,FWD,샌드 베이지,10,10,30464,3485,20,61,88.5
2026-07,northeast,MRD,2026,MRD-CO,2.0 가솔린,AWD,스노우 화이트,20,21,49809,-4850,41,61,88.5
2026-07,northeast,MRD,2026,MRD-CO,2.0 가솔린,AWD,미드나잇 블랙,16,16,39432,-3839,32,61,88.5
2026-07,northeast,MRD,2026,MRD-CO,2.0 가솔린,AWD,스틸 그레이,14,14,33206,-3233,27,61,88.5
2026-07,northeast,MRD,2026,MRD-CO,2.0 가솔린,AWD,실버,11,11,26980,-2627,22,61,88.5
2026-07,northeast,MRD,2026,MRD-CO,2.0 가솔린,AWD,오션 블루,8,9,20754,-2021,17,61,88.5
2026-07,northeast,MRD,2026,MRD-CO,2.0 가솔린,AWD,선셋 레드,7,7,16603,-1617,14,61,88.5
2026-07,northeast,MRD,2026,MRD-CO,2.0 가솔린,AWD,포레스트 그린,4,4,10377,-1010,9,61,88.5
2026-07,northeast,MRD,2026,MRD-CO,2.0 가솔린,AWD,샌드 베이지,4,4,10377,-1010,9,61,88.5
2026-07,northeast,MRD,2026,MRD-CO,2.0 가솔린,FWD,스노우 화이트,58,59,141764,-13803,117,61,88.5
2026-07,northeast,MRD,2026,MRD-CO,2.0 가솔린,FWD,미드나잇 블랙,46,47,112230,-10927,92,61,88.5
2026-07,northeast,MRD,2026,MRD-CO,2.0 가솔린,FWD,스틸 그레이,39,39,94510,-9202,78,61,88.5
2026-07,northeast,MRD,2026,MRD-CO,2.0 가솔린,FWD,실버,31,32,76789,-7477,63,61,88.5
2026-07,northeast,MRD,2026,MRD-CO,2.0 가솔린,FWD,오션 블루,24,25,59068,-5751,49,61,88.5
2026-07,northeast,MRD,2026,MRD-CO,2.0 가솔린,FWD,선셋 레드,19,20,47255,-4601,39,61,88.5
2026-07,northeast,MRD,2026,MRD-CO,2.0 가솔린,FWD,포레스트 그린,12,12,29534,-2876,24,61,88.5
2026-07,northeast,MRD,2026,MRD-CO,2.0 가솔린,FWD,샌드 베이지,12,12,29534,-2876,24,61,88.5
2026-07,northeast,MRD,2026,MRD-CO,1.6T 하이브리드,AWD,스노우 화이트,24,24,58472,-5693,48,61,88.5
2026-07,northeast,MRD,2026,MRD-CO,1.6T 하이브리드,AWD,미드나잇 블랙,19,19,46290,-4507,38,61,88.5
2026-07,northeast,MRD,2026,MRD-CO,1.6T 하이브리드,AWD,스틸 그레이,16,16,38981,-3795,32,61,88.5
2026-07,northeast,MRD,2026,MRD-CO,1.6T 하이브리드,AWD,실버,13,13,31672,-3084,26,61,88.5
2026-07,northeast,MRD,2026,MRD-CO,1.6T 하이브리드,AWD,오션 블루,10,10,24363,-2372,20,61,88.5
2026-07,northeast,MRD,2026,MRD-CO,1.6T 하이브리드,AWD,선셋 레드,8,8,19491,-1898,16,61,88.5
2026-07,northeast,MRD,2026,MRD-CO,1.6T 하이브리드,AWD,포레스트 그린,5,5,12182,-1186,10,61,88.5
2026-07,northeast,MRD,2026,MRD-CO,1.6T 하이브리드,AWD,샌드 베이지,5,5,12182,-1186,10,61,88.5
2026-07,northeast,MRD,2026,MRD-CO,1.6T 하이브리드,FWD,스노우 화이트,68,69,166419,-16203,137,61,88.5
2026-07,northeast,MRD,2026,MRD-CO,1.6T 하이브리드,FWD,미드나잇 블랙,54,55,131748,-12828,108,61,88.5
2026-07,northeast,MRD,2026,MRD-CO,1.6T 하이브리드,FWD,스틸 그레이,45,46,110946,-10802,91,61,88.5
2026-07,northeast,MRD,2026,MRD-CO,1.6T 하이브리드,FWD,실버,37,37,90144,-8777,74,61,88.5
2026-07,northeast,MRD,2026,MRD-CO,1.6T 하이브리드,FWD,오션 블루,28,29,69341,-6751,57,61,88.5
2026-07,northeast,MRD,2026,MRD-CO,1.6T 하이브리드,FWD,선셋 레드,23,23,55473,-5401,46,61,88.5
2026-07,northeast,MRD,2026,MRD-CO,1.6T 하이브리드,FWD,포레스트 그린,14,14,34671,-3376,28,61,88.5
2026-07,northeast,MRD,2026,MRD-CO,1.6T 하이브리드,FWD,샌드 베이지,14,14,34671,-3376,28,61,88.5
2026-07,northeast,MRD,2026,MRD-PR,2.0 가솔린,AWD,스노우 화이트,24,24,62689,-600,47,61,88.5
2026-07,northeast,MRD,2026,MRD-PR,2.0 가솔린,AWD,미드나잇 블랙,19,19,49629,-475,38,61,88.5
2026-07,northeast,MRD,2026,MRD-PR,2.0 가솔린,AWD,스틸 그레이,16,16,41793,-400,32,61,88.5
2026-07,northeast,MRD,2026,MRD-PR,2.0 가솔린,AWD,실버,13,13,33956,-325,26,61,88.5
2026-07,northeast,MRD,2026,MRD-PR,2.0 가솔린,AWD,오션 블루,10,10,26120,-250,20,61,88.5
2026-07,northeast,MRD,2026,MRD-PR,2.0 가솔린,AWD,선셋 레드,8,8,20896,-200,16,61,88.5
2026-07,northeast,MRD,2026,MRD-PR,2.0 가솔린,AWD,포레스트 그린,5,5,13060,-125,10,61,88.5
2026-07,northeast,MRD,2026,MRD-PR,2.0 가솔린,AWD,샌드 베이지,5,5,13060,-125,10,61,88.5
2026-07,northeast,MRD,2026,MRD-PR,2.0 가솔린,FWD,스노우 화이트,67,68,178422,-1709,135,61,88.5
2026-07,northeast,MRD,2026,MRD-PR,2.0 가솔린,FWD,미드나잇 블랙,53,54,141251,-1353,107,61,88.5
2026-07,northeast,MRD,2026,MRD-PR,2.0 가솔린,FWD,스틸 그레이,45,46,118948,-1139,90,61,88.5
2026-07,northeast,MRD,2026,MRD-PR,2.0 가솔린,FWD,실버,36,37,96645,-926,73,61,88.5
2026-07,northeast,MRD,2026,MRD-PR,2.0 가솔린,FWD,오션 블루,28,28,74342,-712,56,61,88.5
2026-07,northeast,MRD,2026,MRD-PR,2.0 가솔린,FWD,선셋 레드,22,23,59474,-570,45,61,88.5
2026-07,northeast,MRD,2026,MRD-PR,2.0 가솔린,FWD,포레스트 그린,14,14,37171,-356,28,61,88.5
2026-07,northeast,MRD,2026,MRD-PR,2.0 가솔린,FWD,샌드 베이지,14,14,37171,-356,28,61,88.5
2026-07,northeast,MRD,2026,MRD-PR,1.6T 하이브리드,AWD,스노우 화이트,28,28,73591,-705,56,61,88.5
2026-07,northeast,MRD,2026,MRD-PR,1.6T 하이브리드,AWD,미드나잇 블랙,22,22,58260,-558,44,61,88.5
2026-07,northeast,MRD,2026,MRD-PR,1.6T 하이브리드,AWD,스틸 그레이,18,19,49061,-470,37,61,88.5
2026-07,northeast,MRD,2026,MRD-PR,1.6T 하이브리드,AWD,실버,15,15,39862,-382,30,61,88.5
2026-07,northeast,MRD,2026,MRD-PR,1.6T 하이브리드,AWD,오션 블루,12,12,30663,-294,23,61,88.5
2026-07,northeast,MRD,2026,MRD-PR,1.6T 하이브리드,AWD,선셋 레드,9,9,24530,-235,19,61,88.5
2026-07,northeast,MRD,2026,MRD-PR,1.6T 하이브리드,AWD,포레스트 그린,6,6,15332,-147,12,61,88.5
2026-07,northeast,MRD,2026,MRD-PR,1.6T 하이브리드,AWD,샌드 베이지,6,6,15332,-147,12,61,88.5
2026-07,northeast,MRD,2026,MRD-PR,1.6T 하이브리드,FWD,스노우 화이트,79,80,209452,-2006,158,61,88.5
2026-07,northeast,MRD,2026,MRD-PR,1.6T 하이브리드,FWD,미드나잇 블랙,62,63,165816,-1588,125,61,88.5
2026-07,northeast,MRD,2026,MRD-PR,1.6T 하이브리드,FWD,스틸 그레이,52,53,139635,-1337,106,61,88.5
2026-07,northeast,MRD,2026,MRD-PR,1.6T 하이브리드,FWD,실버,43,43,113453,-1086,86,61,88.5
2026-07,northeast,MRD,2026,MRD-PR,1.6T 하이브리드,FWD,오션 블루,33,33,87272,-836,66,61,88.5
2026-07,northeast,MRD,2026,MRD-PR,1.6T 하이브리드,FWD,선셋 레드,26,27,69817,-669,53,61,88.5
2026-07,northeast,MRD,2026,MRD-PR,1.6T 하이브리드,FWD,포레스트 그린,16,17,43636,-418,33,61,88.5
2026-07,northeast,MRD,2026,MRD-PR,1.6T 하이브리드,FWD,샌드 베이지,16,17,43636,-418,33,61,88.5
2026-07,northeast,MRD,2026,MRD-SP,2.0 가솔린,AWD,스노우 화이트,10,10,29236,3345,19,61,88.5
2026-07,northeast,MRD,2026,MRD-SP,2.0 가솔린,AWD,미드나잇 블랙,8,8,23145,2648,15,61,88.5
2026-07,northeast,MRD,2026,MRD-SP,2.0 가솔린,AWD,스틸 그레이,6,7,19491,2230,13,61,88.5
2026-07,northeast,MRD,2026,MRD-SP,2.0 가솔린,AWD,실버,5,5,15836,1812,11,61,88.5
2026-07,northeast,MRD,2026,MRD-SP,2.0 가솔린,AWD,오션 블루,4,4,12182,1394,8,61,88.5
2026-07,northeast,MRD,2026,MRD-SP,2.0 가솔린,AWD,선셋 레드,3,3,9745,1115,6,61,88.5
2026-07,northeast,MRD,2026,MRD-SP,2.0 가솔린,AWD,포레스트 그린,2,2,6091,697,4,40,88.5
2026-07,northeast,MRD,2026,MRD-SP,2.0 가솔린,AWD,샌드 베이지,2,2,6091,697,4,40,88.5
2026-07,northeast,MRD,2026,MRD-SP,2.0 가솔린,FWD,스노우 화이트,27,28,83210,9520,55,61,88.5
2026-07,northeast,MRD,2026,MRD-SP,2.0 가솔린,FWD,미드나잇 블랙,22,22,65874,7536,44,61,88.5
2026-07,northeast,MRD,2026,MRD-SP,2.0 가솔린,FWD,스틸 그레이,18,19,55473,6346,37,61,88.5
2026-07,northeast,MRD,2026,MRD-SP,2.0 가솔린,FWD,실버,15,15,45072,5157,30,61,88.5
2026-07,northeast,MRD,2026,MRD-SP,2.0 가솔린,FWD,오션 블루,11,12,34671,3967,23,61,88.5
2026-07,northeast,MRD,2026,MRD-SP,2.0 가솔린,FWD,선셋 레드,9,9,27737,3173,18,61,88.5
2026-07,northeast,MRD,2026,MRD-SP,2.0 가솔린,FWD,포레스트 그린,6,6,17335,1983,11,61,88.5
2026-07,northeast,MRD,2026,MRD-SP,2.0 가솔린,FWD,샌드 베이지,6,6,17335,1983,11,61,88.5
2026-07,northeast,MRD,2026,MRD-SP,1.6T 하이브리드,AWD,스노우 화이트,11,12,34320,3926,23,61,88.5
2026-07,northeast,MRD,2026,MRD-SP,1.6T 하이브리드,AWD,미드나잇 블랙,9,9,27170,3108,18,61,88.5
2026-07,northeast,MRD,2026,MRD-SP,1.6T 하이브리드,AWD,스틸 그레이,8,8,22880,2618,15,61,88.5
2026-07,northeast,MRD,2026,MRD-SP,1.6T 하이브리드,AWD,실버,6,6,18590,2127,12,61,88.5
2026-07,northeast,MRD,2026,MRD-SP,1.6T 하이브리드,AWD,오션 블루,5,5,14300,1636,9,61,88.5
2026-07,northeast,MRD,2026,MRD-SP,1.6T 하이브리드,AWD,선셋 레드,4,4,11440,1309,8,61,88.5
2026-07,northeast,MRD,2026,MRD-SP,1.6T 하이브리드,AWD,포레스트 그린,2,2,7150,818,5,47,88.5
2026-07,northeast,MRD,2026,MRD-SP,1.6T 하이브리드,AWD,샌드 베이지,2,2,7150,818,5,47,88.5
2026-07,northeast,MRD,2026,MRD-SP,1.6T 하이브리드,FWD,스노우 화이트,32,33,97681,11175,65,61,88.5
2026-07,northeast,MRD,2026,MRD-SP,1.6T 하이브리드,FWD,미드나잇 블랙,25,26,77331,8847,51,61,88.5
2026-07,northeast,MRD,2026,MRD-SP,1.6T 하이브리드,FWD,스틸 그레이,21,22,65120,7450,43,61,88.5
2026-07,northeast,MRD,2026,MRD-SP,1.6T 하이브리드,FWD,실버,17,18,52910,6053,35,61,88.5
2026-07,northeast,MRD,2026,MRD-SP,1.6T 하이브리드,FWD,오션 블루,13,14,40700,4656,27,61,88.5
2026-07,northeast,MRD,2026,MRD-SP,1.6T 하이브리드,FWD,선셋 레드,11,11,32560,3725,22,61,88.5
2026-07,northeast,MRD,2026,MRD-SP,1.6T 하이브리드,FWD,포레스트 그린,7,7,20350,2328,13,61,88.5
2026-07,northeast,MRD,2026,MRD-SP,1.6T 하이브리드,FWD,샌드 베이지,7,7,20350,2328,13,61,88.5
2026-07,southeast,MRD,2026,MRD-CO,2.0 가솔린,AWD,스노우 화이트,14,14,34483,-3357,28,61,88.5
2026-07,southeast,MRD,2026,MRD-CO,2.0 가솔린,AWD,미드나잇 블랙,11,11,27299,-2658,22,61,88.5
2026-07,southeast,MRD,2026,MRD-CO,2.0 가솔린,AWD,스틸 그레이,9,10,22989,-2238,19,61,88.5
2026-07,southeast,MRD,2026,MRD-CO,2.0 가솔린,AWD,실버,8,8,18678,-1819,15,61,88.5
2026-07,southeast,MRD,2026,MRD-CO,2.0 가솔린,AWD,오션 블루,6,6,14368,-1399,12,61,88.5
2026-07,southeast,MRD,2026,MRD-CO,2.0 가솔린,AWD,선셋 레드,5,5,11494,-1119,9,61,88.5
2026-07,southeast,MRD,2026,MRD-CO,2.0 가솔린,AWD,포레스트 그린,3,3,7184,-699,6,59,88.5
2026-07,southeast,MRD,2026,MRD-CO,2.0 가솔린,AWD,샌드 베이지,3,3,7184,-699,6,59,88.5
2026-07,southeast,MRD,2026,MRD-CO,2.0 가솔린,FWD,스노우 화이트,69,70,168359,-16392,138,61,88.5
2026-07,southeast,MRD,2026,MRD-CO,2.0 가솔린,FWD,미드나잇 블랙,54,55,133284,-12977,110,61,88.5
2026-07,southeast,MRD,2026,MRD-CO,2.0 가솔린,FWD,스틸 그레이,46,47,112240,-10928,92,61,88.5
2026-07,southeast,MRD,2026,MRD-CO,2.0 가솔린,FWD,실버,37,38,91195,-8879,75,61,88.5
2026-07,southeast,MRD,2026,MRD-CO,2.0 가솔린,FWD,오션 블루,29,29,70150,-6830,58,61,88.5
2026-07,southeast,MRD,2026,MRD-CO,2.0 가솔린,FWD,선셋 레드,23,23,56120,-5464,46,61,88.5
2026-07,southeast,MRD,2026,MRD-CO,2.0 가솔린,FWD,포레스트 그린,14,15,35075,-3415,29,61,88.5
2026-07,southeast,MRD,2026,MRD-CO,2.0 가솔린,FWD,샌드 베이지,14,15,35075,-3415,29,61,88.5
2026-07,southeast,MRD,2026,MRD-CO,1.6T 하이브리드,AWD,스노우 화이트,17,17,40480,-3941,33,61,88.5
2026-07,southeast,MRD,2026,MRD-CO,1.6T 하이브리드,AWD,미드나잇 블랙,13,13,32047,-3120,26,61,88.5
2026-07,southeast,MRD,2026,MRD-CO,1.6T 하이브리드,AWD,스틸 그레이,11,11,26987,-2628,22,61,88.5
2026-07,southeast,MRD,2026,MRD-CO,1.6T 하이브리드,AWD,실버,9,9,21927,-2135,18,61,88.5
2026-07,southeast,MRD,2026,MRD-CO,1.6T 하이브리드,AWD,오션 블루,7,7,16867,-1642,14,61,88.5
2026-07,southeast,MRD,2026,MRD-CO,1.6T 하이브리드,AWD,선셋 레드,6,6,13493,-1314,11,61,88.5
2026-07,southeast,MRD,2026,MRD-CO,1.6T 하이브리드,AWD,포레스트 그린,3,4,8433,-821,7,61,88.5
2026-07,southeast,MRD,2026,MRD-CO,1.6T 하이브리드,AWD,샌드 베이지,3,4,8433,-821,7,61,88.5
2026-07,southeast,MRD,2026,MRD-CO,1.6T 하이브리드,FWD,스노우 화이트,81,82,197639,-19243,162,61,88.5
2026-07,southeast,MRD,2026,MRD-CO,1.6T 하이브리드,FWD,미드나잇 블랙,64,65,156464,-15234,129,61,88.5
2026-07,southeast,MRD,2026,MRD-CO,1.6T 하이브리드,FWD,스틸 그레이,54,55,131759,-12829,108,61,88.5
2026-07,southeast,MRD,2026,MRD-CO,1.6T 하이브리드,FWD,실버,44,45,107055,-10423,88,61,88.5
2026-07,southeast,MRD,2026,MRD-CO,1.6T 하이브리드,FWD,오션 블루,34,34,82350,-8018,68,61,88.5
2026-07,southeast,MRD,2026,MRD-CO,1.6T 하이브리드,FWD,선셋 레드,27,27,65880,-6414,54,61,88.5
2026-07,southeast,MRD,2026,MRD-CO,1.6T 하이브리드,FWD,포레스트 그린,17,17,41175,-4009,34,61,88.5
2026-07,southeast,MRD,2026,MRD-CO,1.6T 하이브리드,FWD,샌드 베이지,17,17,41175,-4009,34,61,88.5
2026-07,southeast,MRD,2026,MRD-PR,2.0 가솔린,AWD,스노우 화이트,16,17,43400,-416,33,61,88.5
2026-07,southeast,MRD,2026,MRD-PR,2.0 가솔린,AWD,미드나잇 블랙,13,13,34358,-329,26,61,88.5
2026-07,southeast,MRD,2026,MRD-PR,2.0 가솔린,AWD,스틸 그레이,11,11,28933,-277,22,61,88.5
2026-07,southeast,MRD,2026,MRD-PR,2.0 가솔린,AWD,실버,9,9,23508,-225,18,61,88.5
2026-07,southeast,MRD,2026,MRD-PR,2.0 가솔린,AWD,오션 블루,7,7,18083,-173,14,61,88.5
2026-07,southeast,MRD,2026,MRD-PR,2.0 가솔린,AWD,선셋 레드,5,6,14467,-139,11,61,88.5
2026-07,southeast,MRD,2026,MRD-PR,2.0 가솔린,AWD,포레스트 그린,3,3,9042,-87,7,61,88.5
2026-07,southeast,MRD,2026,MRD-PR,2.0 가솔린,AWD,샌드 베이지,3,3,9042,-87,7,61,88.5
2026-07,southeast,MRD,2026,MRD-PR,2.0 가솔린,FWD,스노우 화이트,80,81,211894,-2029,160,61,88.5
2026-07,southeast,MRD,2026,MRD-PR,2.0 가솔린,FWD,미드나잇 블랙,63,64,167749,-1606,127,61,88.5
2026-07,southeast,MRD,2026,MRD-PR,2.0 가솔린,FWD,스틸 그레이,53,54,141263,-1353,107,61,88.5
2026-07,southeast,MRD,2026,MRD-PR,2.0 가솔린,FWD,실버,43,44,114776,-1099,87,61,88.5
2026-07,southeast,MRD,2026,MRD-PR,2.0 가솔린,FWD,오션 블루,33,34,88289,-845,67,61,88.5
2026-07,southeast,MRD,2026,MRD-PR,2.0 가솔린,FWD,선셋 레드,27,27,70631,-676,53,61,88.5
2026-07,southeast,MRD,2026,MRD-PR,2.0 가솔린,FWD,포레스트 그린,17,17,44145,-423,33,61,88.5
2026-07,southeast,MRD,2026,MRD-PR,2.0 가솔린,FWD,샌드 베이지,17,17,44145,-423,33,61,88.5
2026-07,southeast,MRD,2026,MRD-PR,1.6T 하이브리드,AWD,스노우 화이트,19,19,50948,-488,39,61,88.5
2026-07,southeast,MRD,2026,MRD-PR,1.6T 하이브리드,AWD,미드나잇 블랙,15,15,40334,-386,30,61,88.5
2026-07,southeast,MRD,2026,MRD-PR,1.6T 하이브리드,AWD,스틸 그레이,13,13,33965,-325,26,61,88.5
2026-07,southeast,MRD,2026,MRD-PR,1.6T 하이브리드,AWD,실버,10,11,27597,-264,21,61,88.5
2026-07,southeast,MRD,2026,MRD-PR,1.6T 하이브리드,AWD,오션 블루,8,8,21228,-203,16,61,88.5
2026-07,southeast,MRD,2026,MRD-PR,1.6T 하이브리드,AWD,선셋 레드,6,6,16983,-163,13,61,88.5
2026-07,southeast,MRD,2026,MRD-PR,1.6T 하이브리드,AWD,포레스트 그린,4,4,10614,-102,8,61,88.5
2026-07,southeast,MRD,2026,MRD-PR,1.6T 하이브리드,AWD,샌드 베이지,4,4,10614,-102,8,61,88.5
2026-07,southeast,MRD,2026,MRD-PR,1.6T 하이브리드,FWD,스노우 화이트,93,95,248745,-2382,188,61,88.5
2026-07,southeast,MRD,2026,MRD-PR,1.6T 하이브리드,FWD,미드나잇 블랙,74,75,196923,-1886,149,61,88.5
2026-07,southeast,MRD,2026,MRD-PR,1.6T 하이브리드,FWD,스틸 그레이,62,63,165830,-1588,125,61,88.5
2026-07,southeast,MRD,2026,MRD-PR,1.6T 하이브리드,FWD,실버,51,52,134737,-1290,102,61,88.5
2026-07,southeast,MRD,2026,MRD-PR,1.6T 하이브리드,FWD,오션 블루,39,40,103644,-993,78,61,88.5
2026-07,southeast,MRD,2026,MRD-PR,1.6T 하이브리드,FWD,선셋 레드,31,32,82915,-794,63,61,88.5
2026-07,southeast,MRD,2026,MRD-PR,1.6T 하이브리드,FWD,포레스트 그린,19,20,51822,-496,39,61,88.5
2026-07,southeast,MRD,2026,MRD-PR,1.6T 하이브리드,FWD,샌드 베이지,19,20,51822,-496,39,61,88.5
2026-07,southeast,MRD,2026,MRD-SP,2.0 가솔린,AWD,스노우 화이트,7,7,20240,2316,13,61,88.5
2026-07,southeast,MRD,2026,MRD-SP,2.0 가솔린,AWD,미드나잇 블랙,5,5,16023,1833,11,61,88.5
2026-07,southeast,MRD,2026,MRD-SP,2.0 가솔린,AWD,스틸 그레이,4,5,13493,1544,9,61,88.5
2026-07,southeast,MRD,2026,MRD-SP,2.0 가솔린,AWD,실버,4,4,10963,1254,7,61,88.5
2026-07,southeast,MRD,2026,MRD-SP,2.0 가솔린,AWD,오션 블루,3,3,8433,965,6,56,88.5
2026-07,southeast,MRD,2026,MRD-SP,2.0 가솔린,AWD,선셋 레드,2,2,6747,772,4,45,88.5
2026-07,southeast,MRD,2026,MRD-SP,2.0 가솔린,AWD,포레스트 그린,1,1,4217,482,3,28,88.5
2026-07,southeast,MRD,2026,MRD-SP,2.0 가솔린,AWD,샌드 베이지,1,1,4217,482,3,28,88.5
2026-07,southeast,MRD,2026,MRD-SP,2.0 가솔린,FWD,스노우 화이트,33,33,98820,11306,66,61,88.5
2026-07,southeast,MRD,2026,MRD-SP,2.0 가솔린,FWD,미드나잇 블랙,26,26,78232,8950,52,61,88.5
2026-07,southeast,MRD,2026,MRD-SP,2.0 가솔린,FWD,스틸 그레이,22,22,65880,7537,44,61,88.5
2026-07,southeast,MRD,2026,MRD-SP,2.0 가솔린,FWD,실버,18,18,53527,6124,36,61,88.5
2026-07,southeast,MRD,2026,MRD-SP,2.0 가솔린,FWD,오션 블루,14,14,41175,4711,27,61,88.5
2026-07,southeast,MRD,2026,MRD-SP,2.0 가솔린,FWD,선셋 레드,11,11,32940,3769,22,61,88.5
2026-07,southeast,MRD,2026,MRD-SP,2.0 가솔린,FWD,포레스트 그린,7,7,20587,2355,14,61,88.5
2026-07,southeast,MRD,2026,MRD-SP,2.0 가솔린,FWD,샌드 베이지,7,7,20587,2355,14,61,88.5
2026-07,southeast,MRD,2026,MRD-SP,1.6T 하이브리드,AWD,스노우 화이트,8,8,23760,2718,16,61,88.5
2026-07,southeast,MRD,2026,MRD-SP,1.6T 하이브리드,AWD,미드나잇 블랙,6,6,18810,2152,12,61,88.5
2026-07,southeast,MRD,2026,MRD-SP,1.6T 하이브리드,AWD,스틸 그레이,5,5,15840,1812,11,61,88.5
2026-07,southeast,MRD,2026,MRD-SP,1.6T 하이브리드,AWD,실버,4,4,12870,1472,9,61,88.5
2026-07,southeast,MRD,2026,MRD-SP,1.6T 하이브리드,AWD,오션 블루,3,3,9900,1133,7,61,88.5
2026-07,southeast,MRD,2026,MRD-SP,1.6T 하이브리드,AWD,선셋 레드,3,3,7920,906,5,53,88.5
2026-07,southeast,MRD,2026,MRD-SP,1.6T 하이브리드,AWD,포레스트 그린,2,2,4950,566,3,33,88.5
2026-07,southeast,MRD,2026,MRD-SP,1.6T 하이브리드,AWD,샌드 베이지,2,2,4950,566,3,33,88.5
2026-07,southeast,MRD,2026,MRD-SP,1.6T 하이브리드,FWD,스노우 화이트,38,39,116006,13272,77,61,88.5
2026-07,southeast,MRD,2026,MRD-SP,1.6T 하이브리드,FWD,미드나잇 블랙,30,31,91838,10507,61,61,88.5
2026-07,southeast,MRD,2026,MRD-SP,1.6T 하이브리드,FWD,스틸 그레이,25,26,77337,8848,51,61,88.5
2026-07,southeast,MRD,2026,MRD-SP,1.6T 하이브리드,FWD,실버,21,21,62836,7189,42,61,88.5
2026-07,southeast,MRD,2026,MRD-SP,1.6T 하이브리드,FWD,오션 블루,16,16,48336,5530,32,61,88.5
2026-07,southeast,MRD,2026,MRD-SP,1.6T 하이브리드,FWD,선셋 레드,13,13,38669,4424,26,61,88.5
2026-07,southeast,MRD,2026,MRD-SP,1.6T 하이브리드,FWD,포레스트 그린,8,8,24168,2765,16,61,88.5
2026-07,southeast,MRD,2026,MRD-SP,1.6T 하이브리드,FWD,샌드 베이지,8,8,24168,2765,16,61,88.5
2026-07,west,NOV,2026,NOV-CO,3.5 가솔린,AWD,스노우 화이트,32,31,109667,-2432,68,64,88.5
2026-07,west,NOV,2026,NOV-CO,3.5 가솔린,AWD,미드나잇 블랙,25,25,86820,-1925,54,64,88.5
2026-07,west,NOV,2026,NOV-CO,3.5 가솔린,AWD,스틸 그레이,21,21,73112,-1621,45,64,88.5
2026-07,west,NOV,2026,NOV-CO,3.5 가솔린,AWD,실버,17,17,59403,-1317,37,64,88.5
2026-07,west,NOV,2026,NOV-CO,3.5 가솔린,AWD,오션 블루,13,13,45695,-1013,28,64,88.5
2026-07,west,NOV,2026,NOV-CO,3.5 가솔린,AWD,선셋 레드,11,10,36556,-811,23,64,88.5
2026-07,west,NOV,2026,NOV-CO,3.5 가솔린,AWD,포레스트 그린,7,7,22847,-507,14,64,88.5
2026-07,west,NOV,2026,NOV-CO,3.5 가솔린,AWD,샌드 베이지,7,7,22847,-507,14,64,88.5
2026-07,west,NOV,2026,NOV-CO,3.5 가솔린,FWD,스노우 화이트,60,58,203668,-4516,127,64,88.5
2026-07,west,NOV,2026,NOV-CO,3.5 가솔린,FWD,미드나잇 블랙,47,46,161237,-3575,100,64,88.5
2026-07,west,NOV,2026,NOV-CO,3.5 가솔린,FWD,스틸 그레이,40,39,135779,-3010,84,64,88.5
2026-07,west,NOV,2026,NOV-CO,3.5 가솔린,FWD,실버,32,31,110320,-2446,69,64,88.5
2026-07,west,NOV,2026,NOV-CO,3.5 가솔린,FWD,오션 블루,25,24,84862,-1882,53,64,88.5
2026-07,west,NOV,2026,NOV-CO,3.5 가솔린,FWD,선셋 레드,20,19,67889,-1505,42,64,88.5
2026-07,west,NOV,2026,NOV-CO,3.5 가솔린,FWD,포레스트 그린,12,12,42431,-941,26,64,88.5
2026-07,west,NOV,2026,NOV-CO,3.5 가솔린,FWD,샌드 베이지,12,12,42431,-941,26,64,88.5
2026-07,west,NOV,2026,NOV-CO,1.6T 하이브리드,AWD,스노우 화이트,38,37,128740,-2854,80,64,88.5
2026-07,west,NOV,2026,NOV-CO,1.6T 하이브리드,AWD,미드나잇 블랙,30,29,101919,-2260,63,64,88.5
2026-07,west,NOV,2026,NOV-CO,1.6T 하이브리드,AWD,스틸 그레이,25,24,85827,-1903,53,64,88.5
2026-07,west,NOV,2026,NOV-CO,1.6T 하이브리드,AWD,실버,20,20,69734,-1546,43,64,88.5
2026-07,west,NOV,2026,NOV-CO,1.6T 하이브리드,AWD,오션 블루,16,15,53642,-1189,33,64,88.5
2026-07,west,NOV,2026,NOV-CO,1.6T 하이브리드,AWD,선셋 레드,13,12,42913,-951,27,64,88.5
2026-07,west,NOV,2026,NOV-CO,1.6T 하이브리드,AWD,포레스트 그린,8,8,26821,-595,17,64,88.5
2026-07,west,NOV,2026,NOV-CO,1.6T 하이브리드,AWD,샌드 베이지,8,8,26821,-595,17,64,88.5
2026-07,west,NOV,2026,NOV-CO,1.6T 하이브리드,FWD,스노우 화이트,70,68,239088,-5301,149,64,88.5
2026-07,west,NOV,2026,NOV-CO,1.6T 하이브리드,FWD,미드나잇 블랙,56,54,189278,-4197,118,64,88.5
2026-07,west,NOV,2026,NOV-CO,1.6T 하이브리드,FWD,스틸 그레이,47,45,159392,-3534,99,64,88.5
2026-07,west,NOV,2026,NOV-CO,1.6T 하이브리드,FWD,실버,38,37,129506,-2871,81,64,88.5
2026-07,west,NOV,2026,NOV-CO,1.6T 하이브리드,FWD,오션 블루,29,28,99620,-2209,62,64,88.5
2026-07,west,NOV,2026,NOV-CO,1.6T 하이브리드,FWD,선셋 레드,23,23,79696,-1767,50,64,88.5
2026-07,west,NOV,2026,NOV-CO,1.6T 하이브리드,FWD,포레스트 그린,15,14,49810,-1104,31,64,88.5
2026-07,west,NOV,2026,NOV-CO,1.6T 하이브리드,FWD,샌드 베이지,15,14,49810,-1104,31,64,88.5
2026-07,west,NOV,2026,NOV-PR,3.5 가솔린,AWD,스노우 화이트,37,36,138025,8227,79,64,88.5
2026-07,west,NOV,2026,NOV-PR,3.5 가솔린,AWD,미드나잇 블랙,29,29,109270,6513,63,64,88.5
2026-07,west,NOV,2026,NOV-PR,3.5 가솔린,AWD,스틸 그레이,25,24,92017,5484,53,64,88.5
2026-07,west,NOV,2026,NOV-PR,3.5 가솔린,AWD,실버,20,20,74764,4456,43,64,88.5
2026-07,west,NOV,2026,NOV-PR,3.5 가솔린,AWD,오션 블루,16,15,57511,3428,33,64,88.5
2026-07,west,NOV,2026,NOV-PR,3.5 가솔린,AWD,선셋 레드,12,12,46008,2742,26,64,88.5
2026-07,west,NOV,2026,NOV-PR,3.5 가솔린,AWD,포레스트 그린,8,8,28755,1714,16,64,88.5
2026-07,west,NOV,2026,NOV-PR,3.5 가솔린,AWD,샌드 베이지,8,8,28755,1714,16,64,88.5
2026-07,west,NOV,2026,NOV-PR,3.5 가솔린,FWD,스노우 화이트,69,67,256333,15278,147,64,88.5
2026-07,west,NOV,2026,NOV-PR,3.5 가솔린,FWD,미드나잇 블랙,55,53,202930,12095,116,64,88.5
2026-07,west,NOV,2026,NOV-PR,3.5 가솔린,FWD,스틸 그레이,46,45,170888,10185,98,64,88.5
2026-07,west,NOV,2026,NOV-PR,3.5 가솔린,FWD,실버,37,36,138847,8276,79,64,88.5
2026-07,west,NOV,2026,NOV-PR,3.5 가솔린,FWD,오션 블루,29,28,106805,6366,61,64,88.5
2026-07,west,NOV,2026,NOV-PR,3.5 가솔린,FWD,선셋 레드,23,22,85444,5093,49,64,88.5
2026-07,west,NOV,2026,NOV-PR,3.5 가솔린,FWD,포레스트 그린,14,14,53403,3183,31,64,88.5
2026-07,west,NOV,2026,NOV-PR,3.5 가솔린,FWD,샌드 베이지,14,14,53403,3183,31,64,88.5
2026-07,west,NOV,2026,NOV-PR,1.6T 하이브리드,AWD,스노우 화이트,44,42,162030,9657,93,64,88.5
2026-07,west,NOV,2026,NOV-PR,1.6T 하이브리드,AWD,미드나잇 블랙,35,34,128273,7645,73,64,88.5
2026-07,west,NOV,2026,NOV-PR,1.6T 하이브리드,AWD,스틸 그레이,29,28,108020,6438,62,64,88.5
2026-07,west,NOV,2026,NOV-PR,1.6T 하이브리드,AWD,실버,24,23,87766,5231,50,64,88.5
2026-07,west,NOV,2026,NOV-PR,1.6T 하이브리드,AWD,오션 블루,18,18,67512,4024,39,64,88.5
2026-07,west,NOV,2026,NOV-PR,1.6T 하이브리드,AWD,선셋 레드,15,14,54010,3219,31,64,88.5
2026-07,west,NOV,2026,NOV-PR,1.6T 하이브리드,AWD,포레스트 그린,9,9,33756,2012,19,64,88.5
2026-07,west,NOV,2026,NOV-PR,1.6T 하이브리드,AWD,샌드 베이지,9,9,33756,2012,19,64,88.5
2026-07,west,NOV,2026,NOV-PR,1.6T 하이브리드,FWD,스노우 화이트,81,79,300912,17935,172,64,88.5
2026-07,west,NOV,2026,NOV-PR,1.6T 하이브리드,FWD,미드나잇 블랙,64,62,238222,14199,136,64,88.5
2026-07,west,NOV,2026,NOV-PR,1.6T 하이브리드,FWD,스틸 그레이,54,53,200608,11957,115,64,88.5
2026-07,west,NOV,2026,NOV-PR,1.6T 하이브리드,FWD,실버,44,43,162994,9715,93,64,88.5
2026-07,west,NOV,2026,NOV-PR,1.6T 하이브리드,FWD,오션 블루,34,33,125380,7473,72,64,88.5
2026-07,west,NOV,2026,NOV-PR,1.6T 하이브리드,FWD,선셋 레드,27,26,100304,5978,57,64,88.5
2026-07,west,NOV,2026,NOV-PR,1.6T 하이브리드,FWD,포레스트 그린,17,16,62690,3736,36,64,88.5
2026-07,west,NOV,2026,NOV-PR,1.6T 하이브리드,FWD,샌드 베이지,17,16,62690,3736,36,64,88.5
2026-07,west,NOV,2026,NOV-LO,3.5 가솔린,AWD,스노우 화이트,15,15,64370,11270,32,64,88.5
2026-07,west,NOV,2026,NOV-LO,3.5 가솔린,AWD,미드나잇 블랙,12,12,50960,8922,26,64,88.5
2026-07,west,NOV,2026,NOV-LO,3.5 가솔린,AWD,스틸 그레이,10,10,42913,7514,22,64,88.5
2026-07,west,NOV,2026,NOV-LO,3.5 가솔린,AWD,실버,8,8,34867,6105,18,64,88.5
2026-07,west,NOV,2026,NOV-LO,3.5 가솔린,AWD,오션 블루,6,6,26821,4696,13,64,88.5
2026-07,west,NOV,2026,NOV-LO,3.5 가솔린,AWD,선셋 레드,5,5,21457,3757,11,64,88.5
2026-07,west,NOV,2026,NOV-LO,3.5 가솔린,AWD,포레스트 그린,3,3,13410,2348,7,64,88.5
2026-07,west,NOV,2026,NOV-LO,3.5 가솔린,AWD,샌드 베이지,3,3,13410,2348,7,64,88.5
2026-07,west,NOV,2026,NOV-LO,3.5 가솔린,FWD,스노우 화이트,28,27,119544,20931,60,64,88.5
2026-07,west,NOV,2026,NOV-LO,3.5 가솔린,FWD,미드나잇 블랙,22,22,94639,16570,48,64,88.5
2026-07,west,NOV,2026,NOV-LO,3.5 가솔린,FWD,스틸 그레이,19,18,79696,13954,40,64,88.5
2026-07,west,NOV,2026,NOV-LO,3.5 가솔린,FWD,실버,15,15,64753,11338,33,64,88.5
2026-07,west,NOV,2026,NOV-LO,3.5 가솔린,FWD,오션 블루,12,11,49810,8721,25,64,88.5
2026-07,west,NOV,2026,NOV-LO,3.5 가솔린,FWD,선셋 레드,9,9,39848,6977,20,64,88.5
2026-07,west,NOV,2026,NOV-LO,3.5 가솔린,FWD,포레스트 그린,6,6,24905,4361,13,64,88.5
2026-07,west,NOV,2026,NOV-LO,3.5 가솔린,FWD,샌드 베이지,6,6,24905,4361,13,64,88.5
2026-07,west,NOV,2026,NOV-LO,1.6T 하이브리드,AWD,스노우 화이트,18,17,75565,13231,38,64,88.5
2026-07,west,NOV,2026,NOV-LO,1.6T 하이브리드,AWD,미드나잇 블랙,14,14,59822,10474,30,64,88.5
2026-07,west,NOV,2026,NOV-LO,1.6T 하이브리드,AWD,스틸 그레이,12,12,50376,8820,25,64,88.5
2026-07,west,NOV,2026,NOV-LO,1.6T 하이브리드,AWD,실버,10,9,40931,7167,21,64,88.5
2026-07,west,NOV,2026,NOV-LO,1.6T 하이브리드,AWD,오션 블루,7,7,31485,5513,16,64,88.5
2026-07,west,NOV,2026,NOV-LO,1.6T 하이브리드,AWD,선셋 레드,6,6,25188,4410,13,64,88.5
2026-07,west,NOV,2026,NOV-LO,1.6T 하이브리드,AWD,포레스트 그린,4,4,15743,2756,8,64,88.5
2026-07,west,NOV,2026,NOV-LO,1.6T 하이브리드,AWD,샌드 베이지,4,4,15743,2756,8,64,88.5
2026-07,west,NOV,2026,NOV-LO,1.6T 하이브리드,FWD,스노우 화이트,33,32,140334,24571,70,64,88.5
2026-07,west,NOV,2026,NOV-LO,1.6T 하이브리드,FWD,미드나잇 블랙,26,26,111098,19452,56,64,88.5
2026-07,west,NOV,2026,NOV-LO,1.6T 하이브리드,FWD,스틸 그레이,22,21,93556,16381,47,64,88.5
2026-07,west,NOV,2026,NOV-LO,1.6T 하이브리드,FWD,실버,18,17,76015,13309,38,64,88.5
2026-07,west,NOV,2026,NOV-LO,1.6T 하이브리드,FWD,오션 블루,14,13,58473,10238,29,64,88.5
2026-07,west,NOV,2026,NOV-LO,1.6T 하이브리드,FWD,선셋 레드,11,11,46778,8190,23,64,88.5
2026-07,west,NOV,2026,NOV-LO,1.6T 하이브리드,FWD,포레스트 그린,7,7,29236,5119,15,64,88.5
2026-07,west,NOV,2026,NOV-LO,1.6T 하이브리드,FWD,샌드 베이지,7,7,29236,5119,15,64,88.5
2026-07,central,NOV,2026,NOV-CO,3.5 가솔린,AWD,스노우 화이트,24,23,82461,-1828,51,64,88.5
2026-07,central,NOV,2026,NOV-CO,3.5 가솔린,AWD,미드나잇 블랙,19,19,65282,-1447,41,64,88.5
2026-07,central,NOV,2026,NOV-CO,3.5 가솔린,AWD,스틸 그레이,16,16,54974,-1219,34,64,88.5
2026-07,central,NOV,2026,NOV-CO,3.5 가솔린,AWD,실버,13,13,44667,-990,28,64,88.5
2026-07,central,NOV,2026,NOV-CO,3.5 가솔린,AWD,오션 블루,10,10,34359,-762,21,64,88.5
2026-07,central,NOV,2026,NOV-CO,3.5 가솔린,AWD,선셋 레드,8,8,27487,-609,17,64,88.5
2026-07,central,NOV,2026,NOV-CO,3.5 가솔린,AWD,포레스트 그린,5,5,17179,-381,11,64,88.5
2026-07,central,NOV,2026,NOV-CO,3.5 가솔린,AWD,샌드 베이지,5,5,17179,-381,11,64,88.5
2026-07,central,NOV,2026,NOV-CO,3.5 가솔린,FWD,스노우 화이트,36,35,122412,-2714,76,64,88.5
2026-07,central,NOV,2026,NOV-CO,3.5 가솔린,FWD,미드나잇 블랙,28,28,96909,-2149,60,64,88.5
2026-07,central,NOV,2026,NOV-CO,3.5 가솔린,FWD,스틸 그레이,24,23,81608,-1809,51,64,88.5
2026-07,central,NOV,2026,NOV-CO,3.5 가솔린,FWD,실버,19,19,66306,-1470,41,64,88.5
2026-07,central,NOV,2026,NOV-CO,3.5 가솔린,FWD,오션 블루,15,15,51005,-1131,32,64,88.5
2026-07,central,NOV,2026,NOV-CO,3.5 가솔린,FWD,선셋 레드,12,12,40804,-905,25,64,88.5
2026-07,central,NOV,2026,NOV-CO,3.5 가솔린,FWD,포레스트 그린,7,7,25502,-565,16,64,88.5
2026-07,central,NOV,2026,NOV-CO,3.5 가솔린,FWD,샌드 베이지,7,7,25502,-565,16,64,88.5
2026-07,central,NOV,2026,NOV-CO,1.6T 하이브리드,AWD,스노우 화이트,28,28,96802,-2146,60,64,88.5
2026-07,central,NOV,2026,NOV-CO,1.6T 하이브리드,AWD,미드나잇 블랙,22,22,76635,-1699,48,64,88.5
2026-07,central,NOV,2026,NOV-CO,1.6T 하이브리드,AWD,스틸 그레이,19,18,64535,-1431,40,64,88.5
2026-07,central,NOV,2026,NOV-CO,1.6T 하이브리드,AWD,실버,15,15,52435,-1163,33,64,88.5
2026-07,central,NOV,2026,NOV-CO,1.6T 하이브리드,AWD,오션 블루,12,11,40334,-894,25,64,88.5
2026-07,central,NOV,2026,NOV-CO,1.6T 하이브리드,AWD,선셋 레드,9,9,32267,-715,20,64,88.5
2026-07,central,NOV,2026,NOV-CO,1.6T 하이브리드,AWD,포레스트 그린,6,6,20167,-447,13,64,88.5
2026-07,central,NOV,2026,NOV-CO,1.6T 하이브리드,AWD,샌드 베이지,6,6,20167,-447,13,64,88.5
2026-07,central,NOV,2026,NOV-CO,1.6T 하이브리드,FWD,스노우 화이트,42,41,143701,-3186,89,64,88.5
2026-07,central,NOV,2026,NOV-CO,1.6T 하이브리드,FWD,미드나잇 블랙,33,32,113763,-2522,71,64,88.5
2026-07,central,NOV,2026,NOV-CO,1.6T 하이브리드,FWD,스틸 그레이,28,27,95800,-2124,60,64,88.5
2026-07,central,NOV,2026,NOV-CO,1.6T 하이브리드,FWD,실버,23,22,77838,-1726,48,64,88.5
2026-07,central,NOV,2026,NOV-CO,1.6T 하이브리드,FWD,오션 블루,18,17,59875,-1328,37,64,88.5
2026-07,central,NOV,2026,NOV-CO,1.6T 하이브리드,FWD,선셋 레드,14,14,47900,-1062,30,64,88.5
2026-07,central,NOV,2026,NOV-CO,1.6T 하이브리드,FWD,포레스트 그린,9,9,29938,-664,19,64,88.5
2026-07,central,NOV,2026,NOV-CO,1.6T 하이브리드,FWD,샌드 베이지,9,9,29938,-664,19,64,88.5
2026-07,central,NOV,2026,NOV-PR,3.5 가솔린,AWD,스노우 화이트,28,27,103784,6186,59,64,88.5
2026-07,central,NOV,2026,NOV-PR,3.5 가솔린,AWD,미드나잇 블랙,22,22,82163,4897,47,64,88.5
2026-07,central,NOV,2026,NOV-PR,3.5 가솔린,AWD,스틸 그레이,19,18,69190,4124,40,64,88.5
2026-07,central,NOV,2026,NOV-PR,3.5 가솔린,AWD,실버,15,15,56217,3351,32,64,88.5
2026-07,central,NOV,2026,NOV-PR,3.5 가솔린,AWD,오션 블루,12,11,43243,2577,25,64,88.5
2026-07,central,NOV,2026,NOV-PR,3.5 가솔린,AWD,선셋 레드,9,9,34595,2062,20,64,88.5
2026-07,central,NOV,2026,NOV-PR,3.5 가솔린,AWD,포레스트 그린,6,6,21622,1289,12,64,88.5
2026-07,central,NOV,2026,NOV-PR,3.5 가솔린,AWD,샌드 베이지,6,6,21622,1289,12,64,88.5
2026-07,central,NOV,2026,NOV-PR,3.5 가솔린,FWD,스노우 화이트,42,40,154065,9183,88,64,88.5
2026-07,central,NOV,2026,NOV-PR,3.5 가솔린,FWD,미드나잇 블랙,33,32,121968,7270,70,64,88.5
2026-07,central,NOV,2026,NOV-PR,3.5 가솔린,FWD,스틸 그레이,28,27,102710,6122,59,64,88.5
2026-07,central,NOV,2026,NOV-PR,3.5 가솔린,FWD,실버,23,22,83452,4974,48,64,88.5
2026-07,central,NOV,2026,NOV-PR,3.5 가솔린,FWD,오션 블루,17,17,64194,3826,37,64,88.5
2026-07,central,NOV,2026,NOV-PR,3.5 가솔린,FWD,선셋 레드,14,13,51355,3061,29,64,88.5
2026-07,central,NOV,2026,NOV-PR,3.5 가솔린,FWD,포레스트 그린,9,8,32097,1913,18,64,88.5
2026-07,central,NOV,2026,NOV-PR,3.5 가솔린,FWD,샌드 베이지,9,8,32097,1913,18,64,88.5
2026-07,central,NOV,2026,NOV-PR,1.6T 하이브리드,AWD,스노우 화이트,33,32,121834,7262,70,64,88.5
2026-07,central,NOV,2026,NOV-PR,1.6T 하이브리드,AWD,미드나잇 블랙,26,25,96452,5749,55,64,88.5
2026-07,central,NOV,2026,NOV-PR,1.6T 하이브리드,AWD,스틸 그레이,22,21,81223,4841,46,64,88.5
2026-07,central,NOV,2026,NOV-PR,1.6T 하이브리드,AWD,실버,18,17,65993,3933,38,64,88.5
2026-07,central,NOV,2026,NOV-PR,1.6T 하이브리드,AWD,오션 블루,14,13,50764,3026,29,64,88.5
2026-07,central,NOV,2026,NOV-PR,1.6T 하이브리드,AWD,선셋 레드,11,11,40611,2421,23,64,88.5
2026-07,central,NOV,2026,NOV-PR,1.6T 하이브리드,AWD,포레스트 그린,7,7,25382,1513,15,64,88.5
2026-07,central,NOV,2026,NOV-PR,1.6T 하이브리드,AWD,샌드 베이지,7,7,25382,1513,15,64,88.5
2026-07,central,NOV,2026,NOV-PR,1.6T 하이브리드,FWD,스노우 화이트,49,47,180859,10780,104,64,88.5
2026-07,central,NOV,2026,NOV-PR,1.6T 하이브리드,FWD,미드나잇 블랙,39,37,143180,8534,82,64,88.5
2026-07,central,NOV,2026,NOV-PR,1.6T 하이브리드,FWD,스틸 그레이,33,32,120573,7186,69,64,88.5
2026-07,central,NOV,2026,NOV-PR,1.6T 하이브리드,FWD,실버,26,26,97965,5839,56,64,88.5
2026-07,central,NOV,2026,NOV-PR,1.6T 하이브리드,FWD,오션 블루,20,20,75358,4491,43,64,88.5
2026-07,central,NOV,2026,NOV-PR,1.6T 하이브리드,FWD,선셋 레드,16,16,60286,3593,35,64,88.5
2026-07,central,NOV,2026,NOV-PR,1.6T 하이브리드,FWD,포레스트 그린,10,10,37679,2246,22,64,88.5
2026-07,central,NOV,2026,NOV-PR,1.6T 하이브리드,FWD,샌드 베이지,10,10,37679,2246,22,64,88.5
2026-07,central,NOV,2026,NOV-LO,3.5 가솔린,AWD,스노우 화이트,11,11,48401,8475,24,64,88.5
2026-07,central,NOV,2026,NOV-LO,3.5 가솔린,AWD,미드나잇 블랙,9,9,38318,6709,19,64,88.5
2026-07,central,NOV,2026,NOV-LO,3.5 가솔린,AWD,스틸 그레이,8,7,32267,5650,16,64,88.5
2026-07,central,NOV,2026,NOV-LO,3.5 가솔린,AWD,실버,6,6,26217,4590,13,64,88.5
2026-07,central,NOV,2026,NOV-LO,3.5 가솔린,AWD,오션 블루,5,5,20167,3531,10,64,88.5
2026-07,central,NOV,2026,NOV-LO,3.5 가솔린,AWD,선셋 레드,4,4,16134,2825,8,64,88.5
2026-07,central,NOV,2026,NOV-LO,3.5 가솔린,AWD,포레스트 그린,2,2,10084,1766,5,51,88.5
2026-07,central,NOV,2026,NOV-LO,3.5 가솔린,AWD,샌드 베이지,2,2,10084,1766,5,51,88.5
2026-07,central,NOV,2026,NOV-LO,3.5 가솔린,FWD,스노우 화이트,17,16,71850,12580,36,64,88.5
2026-07,central,NOV,2026,NOV-LO,3.5 가솔린,FWD,미드나잇 블랙,13,13,56881,9959,29,64,88.5
2026-07,central,NOV,2026,NOV-LO,3.5 가솔린,FWD,스틸 그레이,11,11,47900,8387,24,64,88.5
2026-07,central,NOV,2026,NOV-LO,3.5 가솔린,FWD,실버,9,9,38919,6814,20,64,88.5
2026-07,central,NOV,2026,NOV-LO,3.5 가솔린,FWD,오션 블루,7,7,29938,5242,15,64,88.5
2026-07,central,NOV,2026,NOV-LO,3.5 가솔린,FWD,선셋 레드,6,5,23950,4193,12,64,88.5
2026-07,central,NOV,2026,NOV-LO,3.5 가솔린,FWD,포레스트 그린,4,3,14969,2621,8,64,88.5
2026-07,central,NOV,2026,NOV-LO,3.5 가솔린,FWD,샌드 베이지,4,3,14969,2621,8,64,88.5
2026-07,central,NOV,2026,NOV-LO,1.6T 하이브리드,AWD,스노우 화이트,13,13,56819,9948,29,64,88.5
2026-07,central,NOV,2026,NOV-LO,1.6T 하이브리드,AWD,미드나잇 블랙,11,10,44982,7876,23,64,88.5
2026-07,central,NOV,2026,NOV-LO,1.6T 하이브리드,AWD,스틸 그레이,9,9,37879,6632,19,64,88.5
2026-07,central,NOV,2026,NOV-LO,1.6T 하이브리드,AWD,실버,7,7,30777,5389,15,64,88.5
2026-07,central,NOV,2026,NOV-LO,1.6T 하이브리드,AWD,오션 블루,6,5,23675,4145,12,64,88.5
2026-07,central,NOV,2026,NOV-LO,1.6T 하이브리드,AWD,선셋 레드,4,4,18940,3316,10,64,88.5
2026-07,central,NOV,2026,NOV-LO,1.6T 하이브리드,AWD,포레스트 그린,3,3,11837,2073,6,59,88.5
2026-07,central,NOV,2026,NOV-LO,1.6T 하이브리드,AWD,샌드 베이지,3,3,11837,2073,6,59,88.5
2026-07,central,NOV,2026,NOV-LO,1.6T 하이브리드,FWD,스노우 화이트,20,19,84346,14768,42,64,88.5
2026-07,central,NOV,2026,NOV-LO,1.6T 하이브리드,FWD,미드나잇 블랙,16,15,66774,11691,34,64,88.5
2026-07,central,NOV,2026,NOV-LO,1.6T 하이브리드,FWD,스틸 그레이,13,13,56231,9845,28,64,88.5
2026-07,central,NOV,2026,NOV-LO,1.6T 하이브리드,FWD,실버,11,10,45687,7999,23,64,88.5
2026-07,central,NOV,2026,NOV-LO,1.6T 하이브리드,FWD,오션 블루,8,8,35144,6153,18,64,88.5
2026-07,central,NOV,2026,NOV-LO,1.6T 하이브리드,FWD,선셋 레드,7,6,28115,4923,14,64,88.5
2026-07,central,NOV,2026,NOV-LO,1.6T 하이브리드,FWD,포레스트 그린,4,4,17572,3077,9,64,88.5
2026-07,central,NOV,2026,NOV-LO,1.6T 하이브리드,FWD,샌드 베이지,4,4,17572,3077,9,64,88.5
2026-07,south,NOV,2026,NOV-CO,3.5 가솔린,AWD,스노우 화이트,20,19,66813,-1481,42,64,88.5
2026-07,south,NOV,2026,NOV-CO,3.5 가솔린,AWD,미드나잇 블랙,16,15,52893,-1173,33,64,88.5
2026-07,south,NOV,2026,NOV-CO,3.5 가솔린,AWD,스틸 그레이,13,13,44542,-988,28,64,88.5
2026-07,south,NOV,2026,NOV-CO,3.5 가솔린,AWD,실버,11,10,36190,-802,23,64,88.5
2026-07,south,NOV,2026,NOV-CO,3.5 가솔린,AWD,오션 블루,8,8,27839,-617,17,64,88.5
2026-07,south,NOV,2026,NOV-CO,3.5 가솔린,AWD,선셋 레드,7,6,22271,-494,14,64,88.5
2026-07,south,NOV,2026,NOV-CO,3.5 가솔린,AWD,포레스트 그린,4,4,13919,-309,9,64,88.5
2026-07,south,NOV,2026,NOV-CO,3.5 가솔린,AWD,샌드 베이지,4,4,13919,-309,9,64,88.5
2026-07,south,NOV,2026,NOV-CO,3.5 가솔린,FWD,스노우 화이트,58,56,198317,-4397,123,64,88.5
2026-07,south,NOV,2026,NOV-CO,3.5 가솔린,FWD,미드나잇 블랙,46,45,157001,-3481,98,64,88.5
2026-07,south,NOV,2026,NOV-CO,3.5 가솔린,FWD,스틸 그레이,39,38,132211,-2931,82,64,88.5
2026-07,south,NOV,2026,NOV-CO,3.5 가솔린,FWD,실버,32,31,107422,-2382,67,64,88.5
2026-07,south,NOV,2026,NOV-CO,3.5 가솔린,FWD,오션 블루,24,24,82632,-1832,51,64,88.5
2026-07,south,NOV,2026,NOV-CO,3.5 가솔린,FWD,선셋 레드,19,19,66106,-1466,41,64,88.5
2026-07,south,NOV,2026,NOV-CO,3.5 가솔린,FWD,포레스트 그린,12,12,41316,-916,26,64,88.5
2026-07,south,NOV,2026,NOV-CO,3.5 가솔린,FWD,샌드 베이지,12,12,41316,-916,26,64,88.5
2026-07,south,NOV,2026,NOV-CO,1.6T 하이브리드,AWD,스노우 화이트,23,22,78432,-1739,49,64,88.5
2026-07,south,NOV,2026,NOV-CO,1.6T 하이브리드,AWD,미드나잇 블랙,18,18,62092,-1377,39,64,88.5
2026-07,south,NOV,2026,NOV-CO,1.6T 하이브리드,AWD,스틸 그레이,15,15,52288,-1159,33,64,88.5
2026-07,south,NOV,2026,NOV-CO,1.6T 하이브리드,AWD,실버,12,12,42484,-942,26,64,88.5
2026-07,south,NOV,2026,NOV-CO,1.6T 하이브리드,AWD,오션 블루,10,9,32680,-725,20,64,88.5
2026-07,south,NOV,2026,NOV-CO,1.6T 하이브리드,AWD,선셋 레드,8,7,26144,-580,16,64,88.5
2026-07,south,NOV,2026,NOV-CO,1.6T 하이브리드,AWD,포레스트 그린,5,5,16340,-362,10,64,88.5
2026-07,south,NOV,2026,NOV-CO,1.6T 하이브리드,AWD,샌드 베이지,5,5,16340,-362,10,64,88.5
2026-07,south,NOV,2026,NOV-CO,1.6T 하이브리드,FWD,스노우 화이트,68,66,232807,-5162,145,64,88.5
2026-07,south,NOV,2026,NOV-CO,1.6T 하이브리드,FWD,미드나잇 블랙,54,52,184306,-4086,115,64,88.5
2026-07,south,NOV,2026,NOV-CO,1.6T 하이브리드,FWD,스틸 그레이,46,44,155205,-3441,97,64,88.5
2026-07,south,NOV,2026,NOV-CO,1.6T 하이브리드,FWD,실버,37,36,126104,-2796,78,64,88.5
2026-07,south,NOV,2026,NOV-CO,1.6T 하이브리드,FWD,오션 블루,28,28,97003,-2151,60,64,88.5
2026-07,south,NOV,2026,NOV-CO,1.6T 하이브리드,FWD,선셋 레드,23,22,77602,-1721,48,64,88.5
2026-07,south,NOV,2026,NOV-CO,1.6T 하이브리드,FWD,포레스트 그린,14,14,48501,-1075,30,64,88.5
2026-07,south,NOV,2026,NOV-CO,1.6T 하이브리드,FWD,샌드 베이지,14,14,48501,-1075,30,64,88.5
2026-07,south,NOV,2026,NOV-PR,3.5 가솔린,AWD,스노우 화이트,23,22,84089,5012,48,64,88.5
2026-07,south,NOV,2026,NOV-PR,3.5 가솔린,AWD,미드나잇 블랙,18,17,66571,3968,38,64,88.5
2026-07,south,NOV,2026,NOV-PR,3.5 가솔린,AWD,스틸 그레이,15,15,56059,3341,32,64,88.5
2026-07,south,NOV,2026,NOV-PR,3.5 가솔린,AWD,실버,12,12,45548,2715,26,64,88.5
2026-07,south,NOV,2026,NOV-PR,3.5 가솔린,AWD,오션 블루,9,9,35037,2088,20,64,88.5
2026-07,south,NOV,2026,NOV-PR,3.5 가솔린,AWD,선셋 레드,8,7,28030,1671,16,64,88.5
2026-07,south,NOV,2026,NOV-PR,3.5 가솔린,AWD,포레스트 그린,5,5,17519,1044,10,64,88.5
2026-07,south,NOV,2026,NOV-PR,3.5 가솔린,AWD,샌드 베이지,5,5,17519,1044,10,64,88.5
2026-07,south,NOV,2026,NOV-PR,3.5 가솔린,FWD,스노우 화이트,67,65,249598,14877,143,64,88.5
2026-07,south,NOV,2026,NOV-PR,3.5 가솔린,FWD,미드나잇 블랙,53,52,197599,11777,113,64,88.5
2026-07,south,NOV,2026,NOV-PR,3.5 가솔린,FWD,스틸 그레이,45,44,166399,9918,95,64,88.5
2026-07,south,NOV,2026,NOV-PR,3.5 가솔린,FWD,실버,36,35,135199,8058,77,64,88.5
2026-07,south,NOV,2026,NOV-PR,3.5 가솔린,FWD,오션 블루,28,27,103999,6199,60,64,88.5
2026-07,south,NOV,2026,NOV-PR,3.5 가솔린,FWD,선셋 레드,22,22,83199,4959,48,64,88.5
2026-07,south,NOV,2026,NOV-PR,3.5 가솔린,FWD,포레스트 그린,14,14,52000,3099,30,64,88.5
2026-07,south,NOV,2026,NOV-PR,3.5 가솔린,FWD,샌드 베이지,14,14,52000,3099,30,64,88.5
2026-07,south,NOV,2026,NOV-PR,1.6T 하이브리드,AWD,스노우 화이트,27,26,98713,5884,57,64,88.5
2026-07,south,NOV,2026,NOV-PR,1.6T 하이브리드,AWD,미드나잇 블랙,21,20,78148,4658,45,64,88.5
2026-07,south,NOV,2026,NOV-PR,1.6T 하이브리드,AWD,스틸 그레이,18,17,65809,3922,38,64,88.5
2026-07,south,NOV,2026,NOV-PR,1.6T 하이브리드,AWD,실버,14,14,53470,3187,31,64,88.5
2026-07,south,NOV,2026,NOV-PR,1.6T 하이브리드,AWD,오션 블루,11,11,41131,2451,24,64,88.5
2026-07,south,NOV,2026,NOV-PR,1.6T 하이브리드,AWD,선셋 레드,9,9,32904,1961,19,64,88.5
2026-07,south,NOV,2026,NOV-PR,1.6T 하이브리드,AWD,포레스트 그린,6,5,20565,1226,12,64,88.5
2026-07,south,NOV,2026,NOV-PR,1.6T 하이브리드,AWD,샌드 베이지,6,5,20565,1226,12,64,88.5
2026-07,south,NOV,2026,NOV-PR,1.6T 하이브리드,FWD,스노우 화이트,79,77,293007,17464,168,64,88.5
2026-07,south,NOV,2026,NOV-PR,1.6T 하이브리드,FWD,미드나잇 블랙,63,61,231963,13825,133,64,88.5
2026-07,south,NOV,2026,NOV-PR,1.6T 하이브리드,FWD,스틸 그레이,53,51,195338,11643,112,64,88.5
2026-07,south,NOV,2026,NOV-PR,1.6T 하이브리드,FWD,실버,43,42,158712,9460,91,64,88.5
2026-07,south,NOV,2026,NOV-PR,1.6T 하이브리드,FWD,오션 블루,33,32,122086,7277,70,64,88.5
2026-07,south,NOV,2026,NOV-PR,1.6T 하이브리드,FWD,선셋 레드,26,26,97669,5821,56,64,88.5
2026-07,south,NOV,2026,NOV-PR,1.6T 하이브리드,FWD,포레스트 그린,16,16,61043,3638,35,64,88.5
2026-07,south,NOV,2026,NOV-PR,1.6T 하이브리드,FWD,샌드 베이지,16,16,61043,3638,35,64,88.5
2026-07,south,NOV,2026,NOV-LO,3.5 가솔린,AWD,스노우 화이트,9,9,39216,6866,20,64,88.5
2026-07,south,NOV,2026,NOV-LO,3.5 가솔린,AWD,미드나잇 블랙,7,7,31046,5436,16,64,88.5
2026-07,south,NOV,2026,NOV-LO,3.5 가솔린,AWD,스틸 그레이,6,6,26144,4578,13,64,88.5
2026-07,south,NOV,2026,NOV-LO,3.5 가솔린,AWD,실버,5,5,21242,3719,11,64,88.5
2026-07,south,NOV,2026,NOV-LO,3.5 가솔린,AWD,오션 블루,4,4,16340,2861,8,64,88.5
2026-07,south,NOV,2026,NOV-LO,3.5 가솔린,AWD,선셋 레드,3,3,13072,2289,7,64,88.5
2026-07,south,NOV,2026,NOV-LO,3.5 가솔린,AWD,포레스트 그린,2,2,8170,1430,4,41,88.5
2026-07,south,NOV,2026,NOV-LO,3.5 가솔린,AWD,샌드 베이지,2,2,8170,1430,4,41,88.5
2026-07,south,NOV,2026,NOV-LO,3.5 가솔린,FWD,스노우 화이트,28,27,116403,20381,58,64,88.5
2026-07,south,NOV,2026,NOV-LO,3.5 가솔린,FWD,미드나잇 블랙,22,21,92153,16135,46,64,88.5
2026-07,south,NOV,2026,NOV-LO,3.5 가솔린,FWD,스틸 그레이,18,18,77602,13587,39,64,88.5
2026-07,south,NOV,2026,NOV-LO,3.5 가솔린,FWD,실버,15,14,63052,11040,32,64,88.5
2026-07,south,NOV,2026,NOV-LO,3.5 가솔린,FWD,오션 블루,11,11,48501,8492,24,64,88.5
2026-07,south,NOV,2026,NOV-LO,3.5 가솔린,FWD,선셋 레드,9,9,38801,6794,19,64,88.5
2026-07,south,NOV,2026,NOV-LO,3.5 가솔린,FWD,포레스트 그린,6,6,24251,4246,12,64,88.5
2026-07,south,NOV,2026,NOV-LO,3.5 가솔린,FWD,샌드 베이지,6,6,24251,4246,12,64,88.5
2026-07,south,NOV,2026,NOV-LO,1.6T 하이브리드,AWD,스노우 화이트,11,11,46036,8060,23,64,88.5
2026-07,south,NOV,2026,NOV-LO,1.6T 하이브리드,AWD,미드나잇 블랙,9,8,36445,6381,18,64,88.5
2026-07,south,NOV,2026,NOV-LO,1.6T 하이브리드,AWD,스틸 그레이,7,7,30691,5374,15,64,88.5
2026-07,south,NOV,2026,NOV-LO,1.6T 하이브리드,AWD,실버,6,6,24936,4366,13,64,88.5
2026-07,south,NOV,2026,NOV-LO,1.6T 하이브리드,AWD,오션 블루,5,4,19182,3359,10,64,88.5
2026-07,south,NOV,2026,NOV-LO,1.6T 하이브리드,AWD,선셋 레드,4,4,15345,2687,8,64,88.5
2026-07,south,NOV,2026,NOV-LO,1.6T 하이브리드,AWD,포레스트 그린,2,2,9591,1679,5,48,88.5
2026-07,south,NOV,2026,NOV-LO,1.6T 하이브리드,AWD,샌드 베이지,2,2,9591,1679,5,48,88.5
2026-07,south,NOV,2026,NOV-LO,1.6T 하이브리드,FWD,스노우 화이트,32,31,136648,23926,69,64,88.5
2026-07,south,NOV,2026,NOV-LO,1.6T 하이브리드,FWD,미드나잇 블랙,26,25,108179,18941,54,64,88.5
2026-07,south,NOV,2026,NOV-LO,1.6T 하이브리드,FWD,스틸 그레이,22,21,91098,15950,46,64,88.5
2026-07,south,NOV,2026,NOV-LO,1.6T 하이브리드,FWD,실버,18,17,74017,12960,37,64,88.5
2026-07,south,NOV,2026,NOV-LO,1.6T 하이브리드,FWD,오션 블루,13,13,56936,9969,29,64,88.5
2026-07,south,NOV,2026,NOV-LO,1.6T 하이브리드,FWD,선셋 레드,11,10,45549,7975,23,64,88.5
2026-07,south,NOV,2026,NOV-LO,1.6T 하이브리드,FWD,포레스트 그린,7,7,28468,4984,14,64,88.5
2026-07,south,NOV,2026,NOV-LO,1.6T 하이브리드,FWD,샌드 베이지,7,7,28468,4984,14,64,88.5
2026-07,northeast,NOV,2026,NOV-CO,3.5 가솔린,AWD,스노우 화이트,27,27,93217,-2067,58,64,88.5
2026-07,northeast,NOV,2026,NOV-CO,3.5 가솔린,AWD,미드나잇 블랙,22,21,73797,-1636,46,64,88.5
2026-07,northeast,NOV,2026,NOV-CO,3.5 가솔린,AWD,스틸 그레이,18,18,62145,-1378,39,64,88.5
2026-07,northeast,NOV,2026,NOV-CO,3.5 가솔린,AWD,실버,15,14,50493,-1120,31,64,88.5
2026-07,northeast,NOV,2026,NOV-CO,3.5 가솔린,AWD,오션 블루,11,11,38841,-861,24,64,88.5
2026-07,northeast,NOV,2026,NOV-CO,3.5 가솔린,AWD,선셋 레드,9,9,31072,-689,19,64,88.5
2026-07,northeast,NOV,2026,NOV-CO,3.5 가솔린,AWD,포레스트 그린,6,6,19420,-431,12,64,88.5
2026-07,northeast,NOV,2026,NOV-CO,3.5 가솔린,AWD,샌드 베이지,6,6,19420,-431,12,64,88.5
2026-07,northeast,NOV,2026,NOV-CO,3.5 가솔린,FWD,스노우 화이트,33,32,111656,-2476,69,64,88.5
2026-07,northeast,NOV,2026,NOV-CO,3.5 가솔린,FWD,미드나잇 블랙,26,25,88394,-1960,55,64,88.5
2026-07,northeast,NOV,2026,NOV-CO,3.5 가솔린,FWD,스틸 그레이,22,21,74437,-1650,46,64,88.5
2026-07,northeast,NOV,2026,NOV-CO,3.5 가솔린,FWD,실버,18,17,60480,-1341,38,64,88.5
2026-07,northeast,NOV,2026,NOV-CO,3.5 가솔린,FWD,오션 블루,14,13,46523,-1032,29,64,88.5
2026-07,northeast,NOV,2026,NOV-CO,3.5 가솔린,FWD,선셋 레드,11,11,37219,-825,23,64,88.5
2026-07,northeast,NOV,2026,NOV-CO,3.5 가솔린,FWD,포레스트 그린,7,7,23262,-516,14,64,88.5
2026-07,northeast,NOV,2026,NOV-CO,3.5 가솔린,FWD,샌드 베이지,7,7,23262,-516,14,64,88.5
2026-07,northeast,NOV,2026,NOV-CO,1.6T 하이브리드,AWD,스노우 화이트,32,31,109429,-2426,68,64,88.5
2026-07,northeast,NOV,2026,NOV-CO,1.6T 하이브리드,AWD,미드나잇 블랙,25,25,86631,-1921,54,64,88.5
2026-07,northeast,NOV,2026,NOV-CO,1.6T 하이브리드,AWD,스틸 그레이,21,21,72953,-1617,45,64,88.5
2026-07,northeast,NOV,2026,NOV-CO,1.6T 하이브리드,AWD,실버,17,17,59274,-1314,37,64,88.5
2026-07,northeast,NOV,2026,NOV-CO,1.6T 하이브리드,AWD,오션 블루,13,13,45595,-1011,28,64,88.5
2026-07,northeast,NOV,2026,NOV-CO,1.6T 하이브리드,AWD,선셋 레드,11,10,36476,-809,23,64,88.5
2026-07,northeast,NOV,2026,NOV-CO,1.6T 하이브리드,AWD,포레스트 그린,7,6,22798,-505,14,64,88.5
2026-07,northeast,NOV,2026,NOV-CO,1.6T 하이브리드,AWD,샌드 베이지,7,6,22798,-505,14,64,88.5
2026-07,northeast,NOV,2026,NOV-CO,1.6T 하이브리드,FWD,스노우 화이트,38,37,131074,-2906,82,64,88.5
2026-07,northeast,NOV,2026,NOV-CO,1.6T 하이브리드,FWD,미드나잇 블랙,30,30,103767,-2301,65,64,88.5
2026-07,northeast,NOV,2026,NOV-CO,1.6T 하이브리드,FWD,스틸 그레이,26,25,87383,-1937,54,64,88.5
2026-07,northeast,NOV,2026,NOV-CO,1.6T 하이브리드,FWD,실버,21,20,70999,-1574,44,64,88.5
2026-07,northeast,NOV,2026,NOV-CO,1.6T 하이브리드,FWD,오션 블루,16,16,54614,-1211,34,64,88.5
2026-07,northeast,NOV,2026,NOV-CO,1.6T 하이브리드,FWD,선셋 레드,13,12,43691,-969,27,64,88.5
2026-07,northeast,NOV,2026,NOV-CO,1.6T 하이브리드,FWD,포레스트 그린,8,8,27307,-605,17,64,88.5
2026-07,northeast,NOV,2026,NOV-CO,1.6T 하이브리드,FWD,샌드 베이지,8,8,27307,-605,17,64,88.5
2026-07,northeast,NOV,2026,NOV-PR,3.5 가솔린,AWD,스노우 화이트,32,31,117321,6993,67,64,88.5
2026-07,northeast,NOV,2026,NOV-PR,3.5 가솔린,AWD,미드나잇 블랙,25,24,92879,5536,53,64,88.5
2026-07,northeast,NOV,2026,NOV-PR,3.5 가솔린,AWD,스틸 그레이,21,20,78214,4662,45,64,88.5
2026-07,northeast,NOV,2026,NOV-PR,3.5 가솔린,AWD,실버,17,17,63549,3788,36,64,88.5
2026-07,northeast,NOV,2026,NOV-PR,3.5 가솔린,AWD,오션 블루,13,13,48884,2914,28,64,88.5
2026-07,northeast,NOV,2026,NOV-PR,3.5 가솔린,AWD,선셋 레드,11,10,39107,2331,22,64,88.5
2026-07,northeast,NOV,2026,NOV-PR,3.5 가솔린,AWD,포레스트 그린,7,6,24442,1457,14,64,88.5
2026-07,northeast,NOV,2026,NOV-PR,3.5 가솔린,AWD,샌드 베이지,7,6,24442,1457,14,64,88.5
2026-07,northeast,NOV,2026,NOV-PR,3.5 가솔린,FWD,스노우 화이트,38,37,140528,8376,80,64,88.5
2026-07,northeast,NOV,2026,NOV-PR,3.5 가솔린,FWD,미드나잇 블랙,30,29,111251,6631,64,64,88.5
2026-07,northeast,NOV,2026,NOV-PR,3.5 가솔린,FWD,스틸 그레이,25,25,93685,5584,54,64,88.5
2026-07,northeast,NOV,2026,NOV-PR,3.5 가솔린,FWD,실버,21,20,76119,4537,44,64,88.5
2026-07,northeast,NOV,2026,NOV-PR,3.5 가솔린,FWD,오션 블루,16,15,58553,3490,34,64,88.5
2026-07,northeast,NOV,2026,NOV-PR,3.5 가솔린,FWD,선셋 레드,13,12,46843,2792,27,64,88.5
2026-07,northeast,NOV,2026,NOV-PR,3.5 가솔린,FWD,포레스트 그린,8,8,29277,1745,17,64,88.5
2026-07,northeast,NOV,2026,NOV-PR,3.5 가솔린,FWD,샌드 베이지,8,8,29277,1745,17,64,88.5
2026-07,northeast,NOV,2026,NOV-PR,1.6T 하이브리드,AWD,스노우 화이트,37,36,137725,8209,79,64,88.5
2026-07,northeast,NOV,2026,NOV-PR,1.6T 하이브리드,AWD,미드나잇 블랙,29,29,109032,6499,62,64,88.5
2026-07,northeast,NOV,2026,NOV-PR,1.6T 하이브리드,AWD,스틸 그레이,25,24,91817,5472,53,64,88.5
2026-07,northeast,NOV,2026,NOV-PR,1.6T 하이브리드,AWD,실버,20,20,74601,4446,43,64,88.5
2026-07,northeast,NOV,2026,NOV-PR,1.6T 하이브리드,AWD,오션 블루,15,15,57385,3420,33,64,88.5
2026-07,northeast,NOV,2026,NOV-PR,1.6T 하이브리드,AWD,선셋 레드,12,12,45908,2736,26,64,88.5
2026-07,northeast,NOV,2026,NOV-PR,1.6T 하이브리드,AWD,포레스트 그린,8,8,28693,1710,16,64,88.5
2026-07,northeast,NOV,2026,NOV-PR,1.6T 하이브리드,AWD,샌드 베이지,8,8,28693,1710,16,64,88.5
2026-07,northeast,NOV,2026,NOV-PR,1.6T 하이브리드,FWD,스노우 화이트,45,43,164968,9832,94,64,88.5
2026-07,northeast,NOV,2026,NOV-PR,1.6T 하이브리드,FWD,미드나잇 블랙,35,34,130599,7784,75,64,88.5
2026-07,northeast,NOV,2026,NOV-PR,1.6T 하이브리드,FWD,스틸 그레이,30,29,109978,6555,63,64,88.5
2026-07,northeast,NOV,2026,NOV-PR,1.6T 하이브리드,FWD,실버,24,23,89357,5326,51,64,88.5
2026-07,northeast,NOV,2026,NOV-PR,1.6T 하이브리드,FWD,오션 블루,19,18,68736,4097,39,64,88.5
2026-07,northeast,NOV,2026,NOV-PR,1.6T 하이브리드,FWD,선셋 레드,15,14,54989,3277,31,64,88.5
2026-07,northeast,NOV,2026,NOV-PR,1.6T 하이브리드,FWD,포레스트 그린,9,9,34368,2048,20,64,88.5
2026-07,northeast,NOV,2026,NOV-PR,1.6T 하이브리드,FWD,샌드 베이지,9,9,34368,2048,20,64,88.5
2026-07,northeast,NOV,2026,NOV-LO,3.5 가솔린,AWD,스노우 화이트,13,13,54714,9580,27,64,88.5
2026-07,northeast,NOV,2026,NOV-LO,3.5 가솔린,AWD,미드나잇 블랙,10,10,43316,7584,22,64,88.5
2026-07,northeast,NOV,2026,NOV-LO,3.5 가솔린,AWD,스틸 그레이,9,8,36476,6387,18,64,88.5
2026-07,northeast,NOV,2026,NOV-LO,3.5 가솔린,AWD,실버,7,7,29637,5189,15,64,88.5
2026-07,northeast,NOV,2026,NOV-LO,3.5 가솔린,AWD,오션 블루,5,5,22798,3992,11,64,88.5
2026-07,northeast,NOV,2026,NOV-LO,3.5 가솔린,AWD,선셋 레드,4,4,18238,3193,9,64,88.5
2026-07,northeast,NOV,2026,NOV-LO,3.5 가솔린,AWD,포레스트 그린,3,3,11399,1996,6,57,88.5
2026-07,northeast,NOV,2026,NOV-LO,3.5 가솔린,AWD,샌드 베이지,3,3,11399,1996,6,57,88.5
2026-07,northeast,NOV,2026,NOV-LO,3.5 가솔린,FWD,스노우 화이트,16,15,65537,11475,33,64,88.5
2026-07,northeast,NOV,2026,NOV-LO,3.5 가솔린,FWD,미드나잇 블랙,12,12,51884,9084,26,64,88.5
2026-07,northeast,NOV,2026,NOV-LO,3.5 가솔린,FWD,스틸 그레이,10,10,43691,7650,22,64,88.5
2026-07,northeast,NOV,2026,NOV-LO,3.5 가솔린,FWD,실버,8,8,35499,6216,18,64,88.5
2026-07,northeast,NOV,2026,NOV-LO,3.5 가솔린,FWD,오션 블루,6,6,27307,4781,14,64,88.5
2026-07,northeast,NOV,2026,NOV-LO,3.5 가솔린,FWD,선셋 레드,5,5,21846,3825,11,64,88.5
2026-07,northeast,NOV,2026,NOV-LO,3.5 가솔린,FWD,포레스트 그린,3,3,13654,2391,7,64,88.5
2026-07,northeast,NOV,2026,NOV-LO,3.5 가솔린,FWD,샌드 베이지,3,3,13654,2391,7,64,88.5
2026-07,northeast,NOV,2026,NOV-LO,1.6T 하이브리드,AWD,스노우 화이트,15,15,64230,11246,32,64,88.5
2026-07,northeast,NOV,2026,NOV-LO,1.6T 하이브리드,AWD,미드나잇 블랙,12,12,50849,8903,26,64,88.5
2026-07,northeast,NOV,2026,NOV-LO,1.6T 하이브리드,AWD,스틸 그레이,10,10,42820,7497,22,64,88.5
2026-07,northeast,NOV,2026,NOV-LO,1.6T 하이브리드,AWD,실버,8,8,34791,6092,17,64,88.5
2026-07,northeast,NOV,2026,NOV-LO,1.6T 하이브리드,AWD,오션 블루,6,6,26763,4686,13,64,88.5
2026-07,northeast,NOV,2026,NOV-LO,1.6T 하이브리드,AWD,선셋 레드,5,5,21410,3749,11,64,88.5
2026-07,northeast,NOV,2026,NOV-LO,1.6T 하이브리드,AWD,포레스트 그린,3,3,13381,2343,7,64,88.5
2026-07,northeast,NOV,2026,NOV-LO,1.6T 하이브리드,AWD,샌드 베이지,3,3,13381,2343,7,64,88.5
2026-07,northeast,NOV,2026,NOV-LO,1.6T 하이브리드,FWD,스노우 화이트,18,18,76935,13470,39,64,88.5
2026-07,northeast,NOV,2026,NOV-LO,1.6T 하이브리드,FWD,미드나잇 블랙,14,14,60907,10664,31,64,88.5
2026-07,northeast,NOV,2026,NOV-LO,1.6T 하이브리드,FWD,스틸 그레이,12,12,51290,8980,26,64,88.5
2026-07,northeast,NOV,2026,NOV-LO,1.6T 하이브리드,FWD,실버,10,10,41673,7297,21,64,88.5
2026-07,northeast,NOV,2026,NOV-LO,1.6T 하이브리드,FWD,오션 블루,8,7,32056,5613,16,64,88.5
2026-07,northeast,NOV,2026,NOV-LO,1.6T 하이브리드,FWD,선셋 레드,6,6,25645,4490,13,64,88.5
2026-07,northeast,NOV,2026,NOV-LO,1.6T 하이브리드,FWD,포레스트 그린,4,4,16028,2806,8,64,88.5
2026-07,northeast,NOV,2026,NOV-LO,1.6T 하이브리드,FWD,샌드 베이지,4,4,16028,2806,8,64,88.5
2026-07,southeast,NOV,2026,NOV-CO,3.5 가솔린,AWD,스노우 화이트,19,18,64535,-1431,40,64,88.5
2026-07,southeast,NOV,2026,NOV-CO,3.5 가솔린,AWD,미드나잇 블랙,15,15,51090,-1133,32,64,88.5
2026-07,southeast,NOV,2026,NOV-CO,3.5 가솔린,AWD,스틸 그레이,13,12,43023,-954,27,64,88.5
2026-07,southeast,NOV,2026,NOV-CO,3.5 가솔린,AWD,실버,10,10,34956,-775,22,64,88.5
2026-07,southeast,NOV,2026,NOV-CO,3.5 가솔린,AWD,오션 블루,8,8,26890,-596,17,64,88.5
2026-07,southeast,NOV,2026,NOV-CO,3.5 가솔린,AWD,선셋 레드,6,6,21512,-477,13,64,88.5
2026-07,southeast,NOV,2026,NOV-CO,3.5 가솔린,AWD,포레스트 그린,4,4,13445,-298,8,64,88.5
2026-07,southeast,NOV,2026,NOV-CO,3.5 가솔린,AWD,샌드 베이지,4,4,13445,-298,8,64,88.5
2026-07,southeast,NOV,2026,NOV-CO,3.5 가솔린,FWD,스노우 화이트,45,43,152389,-3379,95,64,88.5
2026-07,southeast,NOV,2026,NOV-CO,3.5 가솔린,FWD,미드나잇 블랙,35,34,120642,-2675,75,64,88.5
2026-07,southeast,NOV,2026,NOV-CO,3.5 가솔린,FWD,스틸 그레이,30,29,101593,-2252,63,64,88.5
2026-07,southeast,NOV,2026,NOV-CO,3.5 가솔린,FWD,실버,24,23,82544,-1830,51,64,88.5
2026-07,southeast,NOV,2026,NOV-CO,3.5 가솔린,FWD,오션 블루,19,18,63496,-1408,40,64,88.5
2026-07,southeast,NOV,2026,NOV-CO,3.5 가솔린,FWD,선셋 레드,15,14,50796,-1126,32,64,88.5
2026-07,southeast,NOV,2026,NOV-CO,3.5 가솔린,FWD,포레스트 그린,9,9,31748,-704,20,64,88.5
2026-07,southeast,NOV,2026,NOV-CO,3.5 가솔린,FWD,샌드 베이지,9,9,31748,-704,20,64,88.5
2026-07,southeast,NOV,2026,NOV-CO,1.6T 하이브리드,AWD,스노우 화이트,22,22,75758,-1680,47,64,88.5
2026-07,southeast,NOV,2026,NOV-CO,1.6T 하이브리드,AWD,미드나잇 블랙,18,17,59975,-1330,37,64,88.5
2026-07,southeast,NOV,2026,NOV-CO,1.6T 하이브리드,AWD,스틸 그레이,15,14,50506,-1120,31,64,88.5
2026-07,southeast,NOV,2026,NOV-CO,1.6T 하이브리드,AWD,실버,12,12,41036,-910,26,64,88.5
2026-07,southeast,NOV,2026,NOV-CO,1.6T 하이브리드,AWD,오션 블루,9,9,31566,-700,20,64,88.5
2026-07,southeast,NOV,2026,NOV-CO,1.6T 하이브리드,AWD,선셋 레드,7,7,25253,-560,16,64,88.5
2026-07,southeast,NOV,2026,NOV-CO,1.6T 하이브리드,AWD,포레스트 그린,5,4,15783,-350,10,64,88.5
2026-07,southeast,NOV,2026,NOV-CO,1.6T 하이브리드,AWD,샌드 베이지,5,4,15783,-350,10,64,88.5
2026-07,southeast,NOV,2026,NOV-CO,1.6T 하이브리드,FWD,스노우 화이트,52,51,178892,-3966,111,64,88.5
2026-07,southeast,NOV,2026,NOV-CO,1.6T 하이브리드,FWD,미드나잇 블랙,42,40,141623,-3140,88,64,88.5
2026-07,southeast,NOV,2026,NOV-CO,1.6T 하이브리드,FWD,스틸 그레이,35,34,119261,-2644,74,64,88.5
2026-07,southeast,NOV,2026,NOV-CO,1.6T 하이브리드,FWD,실버,28,28,96900,-2148,60,64,88.5
2026-07,southeast,NOV,2026,NOV-CO,1.6T 하이브리드,FWD,오션 블루,22,21,74538,-1653,46,64,88.5
2026-07,southeast,NOV,2026,NOV-CO,1.6T 하이브리드,FWD,선셋 레드,17,17,59631,-1322,37,64,88.5
2026-07,southeast,NOV,2026,NOV-CO,1.6T 하이브리드,FWD,포레스트 그린,11,11,37269,-826,23,64,88.5
2026-07,southeast,NOV,2026,NOV-CO,1.6T 하이브리드,FWD,샌드 베이지,11,11,37269,-826,23,64,88.5
2026-07,southeast,NOV,2026,NOV-PR,3.5 가솔린,AWD,스노우 화이트,22,21,81223,4841,46,64,88.5
2026-07,southeast,NOV,2026,NOV-PR,3.5 가솔린,AWD,미드나잇 블랙,17,17,64301,3832,37,64,88.5
2026-07,southeast,NOV,2026,NOV-PR,3.5 가솔린,AWD,스틸 그레이,15,14,54148,3227,31,64,88.5
2026-07,southeast,NOV,2026,NOV-PR,3.5 가솔린,AWD,실버,12,12,43996,2622,25,64,88.5
2026-07,southeast,NOV,2026,NOV-PR,3.5 가솔린,AWD,오션 블루,9,9,33843,2017,19,64,88.5
2026-07,southeast,NOV,2026,NOV-PR,3.5 가솔린,AWD,선셋 레드,7,7,27074,1614,15,64,88.5
2026-07,southeast,NOV,2026,NOV-PR,3.5 가솔린,AWD,포레스트 그린,5,4,16921,1009,10,64,88.5
2026-07,southeast,NOV,2026,NOV-PR,3.5 가솔린,AWD,샌드 베이지,5,4,16921,1009,10,64,88.5
2026-07,southeast,NOV,2026,NOV-PR,3.5 가솔린,FWD,스노우 화이트,52,50,191794,11431,110,64,88.5
2026-07,southeast,NOV,2026,NOV-PR,3.5 가솔린,FWD,미드나잇 블랙,41,40,151837,9050,87,64,88.5
2026-07,southeast,NOV,2026,NOV-PR,3.5 가솔린,FWD,스틸 그레이,35,33,127863,7621,73,64,88.5
2026-07,southeast,NOV,2026,NOV-PR,3.5 가솔린,FWD,실버,28,27,103889,6192,59,64,88.5
2026-07,southeast,NOV,2026,NOV-PR,3.5 가솔린,FWD,오션 블루,22,21,79914,4763,46,64,88.5
2026-07,southeast,NOV,2026,NOV-PR,3.5 가솔린,FWD,선셋 레드,17,17,63931,3810,37,64,88.5
2026-07,southeast,NOV,2026,NOV-PR,3.5 가솔린,FWD,포레스트 그린,11,10,39957,2382,23,64,88.5
2026-07,southeast,NOV,2026,NOV-PR,3.5 가솔린,FWD,샌드 베이지,11,10,39957,2382,23,64,88.5
2026-07,southeast,NOV,2026,NOV-PR,1.6T 하이브리드,AWD,스노우 화이트,26,25,95348,5683,55,64,88.5
2026-07,southeast,NOV,2026,NOV-PR,1.6T 하이브리드,AWD,미드나잇 블랙,20,20,75484,4499,43,64,88.5
2026-07,southeast,NOV,2026,NOV-PR,1.6T 하이브리드,AWD,스틸 그레이,17,17,63565,3789,36,64,88.5
2026-07,southeast,NOV,2026,NOV-PR,1.6T 하이브리드,AWD,실버,14,14,51647,3078,30,64,88.5
2026-07,southeast,NOV,2026,NOV-PR,1.6T 하이브리드,AWD,오션 블루,11,10,39728,2368,23,64,88.5
2026-07,southeast,NOV,2026,NOV-PR,1.6T 하이브리드,AWD,선셋 레드,9,8,31783,1894,18,64,88.5
2026-07,southeast,NOV,2026,NOV-PR,1.6T 하이브리드,AWD,포레스트 그린,5,5,19864,1184,11,64,88.5
2026-07,southeast,NOV,2026,NOV-PR,1.6T 하이브리드,AWD,샌드 베이지,5,5,19864,1184,11,64,88.5
2026-07,southeast,NOV,2026,NOV-PR,1.6T 하이브리드,FWD,스노우 화이트,61,59,225150,13419,129,64,88.5
2026-07,southeast,NOV,2026,NOV-PR,1.6T 하이브리드,FWD,미드나잇 블랙,48,47,178244,10624,102,64,88.5
2026-07,southeast,NOV,2026,NOV-PR,1.6T 하이브리드,FWD,스틸 그레이,41,39,150100,8946,86,64,88.5
2026-07,southeast,NOV,2026,NOV-PR,1.6T 하이브리드,FWD,실버,33,32,121956,7269,70,64,88.5
2026-07,southeast,NOV,2026,NOV-PR,1.6T 하이브리드,FWD,오션 블루,25,25,93812,5591,54,64,88.5
2026-07,southeast,NOV,2026,NOV-PR,1.6T 하이브리드,FWD,선셋 레드,20,20,75050,4473,43,64,88.5
2026-07,southeast,NOV,2026,NOV-PR,1.6T 하이브리드,FWD,포레스트 그린,13,12,46906,2796,27,64,88.5
2026-07,southeast,NOV,2026,NOV-PR,1.6T 하이브리드,FWD,샌드 베이지,13,12,46906,2796,27,64,88.5
2026-07,southeast,NOV,2026,NOV-LO,3.5 가솔린,AWD,스노우 화이트,9,9,37879,6632,19,64,88.5
2026-07,southeast,NOV,2026,NOV-LO,3.5 가솔린,AWD,미드나잇 블랙,7,7,29988,5251,15,64,88.5
2026-07,southeast,NOV,2026,NOV-LO,3.5 가솔린,AWD,스틸 그레이,6,6,25253,4422,13,64,88.5
2026-07,southeast,NOV,2026,NOV-LO,3.5 가솔린,AWD,실버,5,5,20518,3592,10,64,88.5
2026-07,southeast,NOV,2026,NOV-LO,3.5 가솔린,AWD,오션 블루,4,4,15783,2763,8,64,88.5
2026-07,southeast,NOV,2026,NOV-LO,3.5 가솔린,AWD,선셋 레드,3,3,12626,2211,6,63,88.5
2026-07,southeast,NOV,2026,NOV-LO,3.5 가솔린,AWD,포레스트 그린,2,2,7892,1382,4,40,88.5
2026-07,southeast,NOV,2026,NOV-LO,3.5 가솔린,AWD,샌드 베이지,2,2,7892,1382,4,40,88.5
2026-07,southeast,NOV,2026,NOV-LO,3.5 가솔린,FWD,스노우 화이트,21,21,89446,15661,45,64,88.5
2026-07,southeast,NOV,2026,NOV-LO,3.5 가솔린,FWD,미드나잇 블랙,17,16,70811,12398,36,64,88.5
2026-07,southeast,NOV,2026,NOV-LO,3.5 가솔린,FWD,스틸 그레이,14,14,59631,10441,30,64,88.5
2026-07,southeast,NOV,2026,NOV-LO,3.5 가솔린,FWD,실버,11,11,48450,8483,24,64,88.5
2026-07,southeast,NOV,2026,NOV-LO,3.5 가솔린,FWD,오션 블루,9,9,37269,6525,19,64,88.5
2026-07,southeast,NOV,2026,NOV-LO,3.5 가솔린,FWD,선셋 레드,7,7,29815,5220,15,64,88.5
2026-07,southeast,NOV,2026,NOV-LO,3.5 가솔린,FWD,포레스트 그린,4,4,18635,3263,9,64,88.5
2026-07,southeast,NOV,2026,NOV-LO,3.5 가솔린,FWD,샌드 베이지,4,4,18635,3263,9,64,88.5
2026-07,southeast,NOV,2026,NOV-LO,1.6T 하이브리드,AWD,스노우 화이트,11,10,44467,7786,22,64,88.5
2026-07,southeast,NOV,2026,NOV-LO,1.6T 하이브리드,AWD,미드나잇 블랙,8,8,35203,6164,18,64,88.5
2026-07,southeast,NOV,2026,NOV-LO,1.6T 하이브리드,AWD,스틸 그레이,7,7,29645,5190,15,64,88.5
2026-07,southeast,NOV,2026,NOV-LO,1.6T 하이브리드,AWD,실버,6,6,24086,4217,12,64,88.5
2026-07,southeast,NOV,2026,NOV-LO,1.6T 하이브리드,AWD,오션 블루,4,4,18528,3244,9,64,88.5
2026-07,southeast,NOV,2026,NOV-LO,1.6T 하이브리드,AWD,선셋 레드,4,3,14822,2595,7,64,88.5
2026-07,southeast,NOV,2026,NOV-LO,1.6T 하이브리드,AWD,포레스트 그린,2,2,9264,1622,5,47,88.5
2026-07,southeast,NOV,2026,NOV-LO,1.6T 하이브리드,AWD,샌드 베이지,2,2,9264,1622,5,47,88.5
2026-07,southeast,NOV,2026,NOV-LO,1.6T 하이브리드,FWD,스노우 화이트,25,24,105002,18385,53,64,88.5
2026-07,southeast,NOV,2026,NOV-LO,1.6T 하이브리드,FWD,미드나잇 블랙,20,19,83126,14555,42,64,88.5
2026-07,southeast,NOV,2026,NOV-LO,1.6T 하이브리드,FWD,스틸 그레이,17,16,70001,12256,35,64,88.5
2026-07,southeast,NOV,2026,NOV-LO,1.6T 하이브리드,FWD,실버,13,13,56876,9958,29,64,88.5
2026-07,southeast,NOV,2026,NOV-LO,1.6T 하이브리드,FWD,오션 블루,10,10,43751,7660,22,64,88.5
2026-07,southeast,NOV,2026,NOV-LO,1.6T 하이브리드,FWD,선셋 레드,8,8,35001,6128,18,64,88.5
2026-07,southeast,NOV,2026,NOV-LO,1.6T 하이브리드,FWD,포레스트 그린,5,5,21875,3830,11,64,88.5
2026-07,southeast,NOV,2026,NOV-LO,1.6T 하이브리드,FWD,샌드 베이지,5,5,21875,3830,11,64,88.5
2026-07,west,LUM,2026,LUM-AI,스탠다드 레인지,AWD,스노우 화이트,23,23,61197,-23645,46,63,88.5
2026-07,west,LUM,2026,LUM-AI,스탠다드 레인지,AWD,미드나잇 블랙,31,31,83052,-32089,63,63,88.5
2026-07,west,LUM,2026,LUM-AI,스탠다드 레인지,AWD,스틸 그레이,42,42,113651,-43912,86,63,88.5
2026-07,west,LUM,2026,LUM-AI,스탠다드 레인지,AWD,실버,21,21,56825,-21956,43,63,88.5
2026-07,west,LUM,2026,LUM-AI,스탠다드 레인지,AWD,오션 블루,16,16,43712,-16889,33,63,88.5
2026-07,west,LUM,2026,LUM-AI,스탠다드 레인지,AWD,선셋 레드,13,13,34969,-13511,26,63,88.5
2026-07,west,LUM,2026,LUM-AI,스탠다드 레인지,AWD,포레스트 그린,8,8,21856,-8445,17,63,88.5
2026-07,west,LUM,2026,LUM-AI,스탠다드 레인지,AWD,샌드 베이지,8,8,21856,-8445,17,63,88.5
2026-07,west,LUM,2026,LUM-AI,스탠다드 레인지,FWD,스노우 화이트,28,28,74796,-28899,57,63,88.5
2026-07,west,LUM,2026,LUM-AI,스탠다드 레인지,FWD,미드나잇 블랙,37,38,101509,-39220,77,63,88.5
2026-07,west,LUM,2026,LUM-AI,스탠다드 레인지,FWD,스틸 그레이,51,52,138906,-53670,105,63,88.5
2026-07,west,LUM,2026,LUM-AI,스탠다드 레인지,FWD,실버,26,26,69453,-26835,53,63,88.5
2026-07,west,LUM,2026,LUM-AI,스탠다드 레인지,FWD,오션 블루,20,20,53426,-20642,40,63,88.5
2026-07,west,LUM,2026,LUM-AI,스탠다드 레인지,FWD,선셋 레드,16,16,42740,-16514,32,63,88.5
2026-07,west,LUM,2026,LUM-AI,스탠다드 레인지,FWD,포레스트 그린,10,10,26713,-10321,20,63,88.5
2026-07,west,LUM,2026,LUM-AI,스탠다드 레인지,FWD,샌드 베이지,10,10,26713,-10321,20,63,88.5
2026-07,west,LUM,2026,LUM-AI,롱레인지,AWD,스노우 화이트,53,53,142792,-55171,108,63,88.5
2026-07,west,LUM,2026,LUM-AI,롱레인지,AWD,미드나잇 블랙,71,72,193789,-74875,147,63,88.5
2026-07,west,LUM,2026,LUM-AI,롱레인지,AWD,스틸 그레이,98,99,265185,-102461,201,63,88.5
2026-07,west,LUM,2026,LUM-AI,롱레인지,AWD,실버,49,49,132593,-51230,100,63,88.5
2026-07,west,LUM,2026,LUM-AI,롱레인지,AWD,오션 블루,38,38,101994,-39408,77,63,88.5
2026-07,west,LUM,2026,LUM-AI,롱레인지,AWD,선셋 레드,30,30,81595,-31526,62,63,88.5
2026-07,west,LUM,2026,LUM-AI,롱레인지,AWD,포레스트 그린,19,19,50997,-19704,39,63,88.5
2026-07,west,LUM,2026,LUM-AI,롱레인지,AWD,샌드 베이지,19,19,50997,-19704,39,63,88.5
2026-07,west,LUM,2026,LUM-AI,롱레인지,FWD,스노우 화이트,64,65,174524,-67431,132,63,88.5
2026-07,west,LUM,2026,LUM-AI,롱레인지,FWD,미드나잇 블랙,87,88,236853,-91514,179,63,88.5
2026-07,west,LUM,2026,LUM-AI,롱레인지,FWD,스틸 그레이,119,121,324115,-125230,246,63,88.5
2026-07,west,LUM,2026,LUM-AI,롱레인지,FWD,실버,60,60,162058,-62615,123,63,88.5
2026-07,west,LUM,2026,LUM-AI,롱레인지,FWD,오션 블루,46,46,124660,-48165,94,63,88.5
2026-07,west,LUM,2026,LUM-AI,롱레인지,FWD,선셋 레드,37,37,99728,-38532,76,63,88.5
2026-07,west,LUM,2026,LUM-AI,롱레인지,FWD,포레스트 그린,23,23,62330,-24083,47,63,88.5
2026-07,west,LUM,2026,LUM-AI,롱레인지,FWD,샌드 베이지,23,23,62330,-24083,47,63,88.5
2026-07,west,LUM,2026,LUM-RA,스탠다드 레인지,AWD,스노우 화이트,26,26,77021,-21216,54,63,88.5
2026-07,west,LUM,2026,LUM-RA,스탠다드 레인지,AWD,미드나잇 블랙,35,36,104528,-28794,73,63,88.5
2026-07,west,LUM,2026,LUM-RA,스탠다드 레인지,AWD,스틸 그레이,48,49,143039,-39402,100,63,88.5
2026-07,west,LUM,2026,LUM-RA,스탠다드 레인지,AWD,실버,24,25,71519,-19701,50,63,88.5
2026-07,west,LUM,2026,LUM-RA,스탠다드 레인지,AWD,오션 블루,19,19,55015,-15155,38,63,88.5
2026-07,west,LUM,2026,LUM-RA,스탠다드 레인지,AWD,선셋 레드,15,15,44012,-12124,31,63,88.5
2026-07,west,LUM,2026,LUM-RA,스탠다드 레인지,AWD,포레스트 그린,9,9,27507,-7577,19,63,88.5
2026-07,west,LUM,2026,LUM-RA,스탠다드 레인지,AWD,샌드 베이지,9,9,27507,-7577,19,63,88.5
2026-07,west,LUM,2026,LUM-RA,스탠다드 레인지,FWD,스노우 화이트,32,32,94137,-25931,66,63,88.5
2026-07,west,LUM,2026,LUM-RA,스탠다드 레인지,FWD,미드나잇 블랙,43,44,127757,-35192,89,63,88.5
2026-07,west,LUM,2026,LUM-RA,스탠다드 레인지,FWD,스틸 그레이,59,60,174825,-48158,122,63,88.5
2026-07,west,LUM,2026,LUM-RA,스탠다드 레인지,FWD,실버,30,30,87413,-24079,61,63,88.5
2026-07,west,LUM,2026,LUM-RA,스탠다드 레인지,FWD,오션 블루,23,23,67240,-18522,47,63,88.5
2026-07,west,LUM,2026,LUM-RA,스탠다드 레인지,FWD,선셋 레드,18,18,53792,-14818,37,63,88.5
2026-07,west,LUM,2026,LUM-RA,스탠다드 레인지,FWD,포레스트 그린,11,12,33620,-9261,23,63,88.5
2026-07,west,LUM,2026,LUM-RA,스탠다드 레인지,FWD,샌드 베이지,11,12,33620,-9261,23,63,88.5
2026-07,west,LUM,2026,LUM-RA,롱레인지,AWD,스노우 화이트,61,62,179715,-49505,125,63,88.5
2026-07,west,LUM,2026,LUM-RA,롱레인지,AWD,미드나잇 블랙,83,84,243899,-67185,170,63,88.5
2026-07,west,LUM,2026,LUM-RA,롱레인지,AWD,스틸 그레이,113,114,333757,-91938,233,63,88.5
2026-07,west,LUM,2026,LUM-RA,롱레인지,AWD,실버,56,57,166878,-45969,116,63,88.5
2026-07,west,LUM,2026,LUM-RA,롱레인지,AWD,오션 블루,43,44,128368,-35361,89,63,88.5
2026-07,west,LUM,2026,LUM-RA,롱레인지,AWD,선셋 레드,35,35,102694,-28289,72,63,88.5
2026-07,west,LUM,2026,LUM-RA,롱레인지,AWD,포레스트 그린,22,22,64184,-17680,45,63,88.5
2026-07,west,LUM,2026,LUM-RA,롱레인지,AWD,샌드 베이지,22,22,64184,-17680,45,63,88.5
2026-07,west,LUM,2026,LUM-RA,롱레인지,FWD,스노우 화이트,74,75,219652,-60506,153,63,88.5
2026-07,west,LUM,2026,LUM-RA,롱레인지,FWD,미드나잇 블랙,101,102,298099,-82116,208,63,88.5
2026-07,west,LUM,2026,LUM-RA,롱레인지,FWD,스틸 그레이,138,140,407925,-112369,284,63,88.5
2026-07,west,LUM,2026,LUM-RA,롱레인지,FWD,실버,69,70,203963,-56184,142,63,88.5
2026-07,west,LUM,2026,LUM-RA,롱레인지,FWD,오션 블루,53,54,156894,-43219,109,63,88.5
2026-07,west,LUM,2026,LUM-RA,롱레인지,FWD,선셋 레드,42,43,125515,-34575,87,63,88.5
2026-07,west,LUM,2026,LUM-RA,롱레인지,FWD,포레스트 그린,27,27,78447,-21609,55,63,88.5
2026-07,west,LUM,2026,LUM-RA,롱레인지,FWD,샌드 베이지,27,27,78447,-21609,55,63,88.5
2026-07,west,LUM,2026,LUM-SP,스탠다드 레인지,AWD,스노우 화이트,11,11,35920,-4268,22,63,88.5
2026-07,west,LUM,2026,LUM-SP,스탠다드 레인지,AWD,미드나잇 블랙,14,15,48748,-5793,30,63,88.5
2026-07,west,LUM,2026,LUM-SP,스탠다드 레인지,AWD,스틸 그레이,20,20,66708,-7927,41,63,88.5
2026-07,west,LUM,2026,LUM-SP,스탠다드 레인지,AWD,실버,10,10,33354,-3963,20,63,88.5
2026-07,west,LUM,2026,LUM-SP,스탠다드 레인지,AWD,오션 블루,8,8,25657,-3049,16,63,88.5
2026-07,west,LUM,2026,LUM-SP,스탠다드 레인지,AWD,선셋 레드,6,6,20526,-2439,13,63,88.5
2026-07,west,LUM,2026,LUM-SP,스탠다드 레인지,AWD,포레스트 그린,4,4,12828,-1524,8,63,88.5
2026-07,west,LUM,2026,LUM-SP,스탠다드 레인지,AWD,샌드 베이지,4,4,12828,-1524,8,63,88.5
2026-07,west,LUM,2026,LUM-SP,스탠다드 레인지,FWD,스노우 화이트,13,13,43902,-5217,27,63,88.5
2026-07,west,LUM,2026,LUM-SP,스탠다드 레인지,FWD,미드나잇 블랙,18,18,59581,-7080,36,63,88.5
2026-07,west,LUM,2026,LUM-SP,스탠다드 레인지,FWD,스틸 그레이,24,25,81532,-9688,50,63,88.5
2026-07,west,LUM,2026,LUM-SP,스탠다드 레인지,FWD,실버,12,12,40766,-4844,25,63,88.5
2026-07,west,LUM,2026,LUM-SP,스탠다드 레인지,FWD,오션 블루,9,9,31358,-3726,19,63,88.5
2026-07,west,LUM,2026,LUM-SP,스탠다드 레인지,FWD,선셋 레드,7,8,25087,-2981,15,63,88.5
2026-07,west,LUM,2026,LUM-SP,스탠다드 레인지,FWD,포레스트 그린,5,5,15679,-1863,10,63,88.5
2026-07,west,LUM,2026,LUM-SP,스탠다드 레인지,FWD,샌드 베이지,5,5,15679,-1863,10,63,88.5
2026-07,west,LUM,2026,LUM-SP,롱레인지,AWD,스노우 화이트,25,25,83813,-9959,51,63,88.5
2026-07,west,LUM,2026,LUM-SP,롱레인지,AWD,미드나잇 블랙,34,34,113746,-13516,70,63,88.5
2026-07,west,LUM,2026,LUM-SP,롱레인지,AWD,스틸 그레이,46,47,155652,-18496,95,63,88.5
2026-07,west,LUM,2026,LUM-SP,롱레인지,AWD,실버,23,23,77826,-9248,48,63,88.5
2026-07,west,LUM,2026,LUM-SP,롱레인지,AWD,오션 블루,18,18,59866,-7114,37,63,88.5
2026-07,west,LUM,2026,LUM-SP,롱레인지,AWD,선셋 레드,14,14,47893,-5691,29,63,88.5
2026-07,west,LUM,2026,LUM-SP,롱레인지,AWD,포레스트 그린,9,9,29933,-3557,18,63,88.5
2026-07,west,LUM,2026,LUM-SP,롱레인지,AWD,샌드 베이지,9,9,29933,-3557,18,63,88.5
2026-07,west,LUM,2026,LUM-SP,롱레인지,FWD,스노우 화이트,30,31,102438,-12172,63,63,88.5
2026-07,west,LUM,2026,LUM-SP,롱레인지,FWD,미드나잇 블랙,41,42,139023,-16520,85,63,88.5
2026-07,west,LUM,2026,LUM-SP,롱레인지,FWD,스틸 그레이,56,57,190241,-22606,116,63,88.5
2026-07,west,LUM,2026,LUM-SP,롱레인지,FWD,실버,28,29,95121,-11303,58,63,88.5
2026-07,west,LUM,2026,LUM-SP,롱레인지,FWD,오션 블루,22,22,73170,-8695,45,63,88.5
2026-07,west,LUM,2026,LUM-SP,롱레인지,FWD,선셋 레드,17,18,58536,-6956,36,63,88.5
2026-07,west,LUM,2026,LUM-SP,롱레인지,FWD,포레스트 그린,11,11,36585,-4347,22,63,88.5
2026-07,west,LUM,2026,LUM-SP,롱레인지,FWD,샌드 베이지,11,11,36585,-4347,22,63,88.5
2026-07,central,LUM,2026,LUM-AI,스탠다드 레인지,AWD,스노우 화이트,16,16,43824,-16932,33,63,88.5
2026-07,central,LUM,2026,LUM-AI,스탠다드 레인지,AWD,미드나잇 블랙,13,13,34694,-13405,26,63,88.5
2026-07,central,LUM,2026,LUM-AI,스탠다드 레인지,AWD,스틸 그레이,11,11,29216,-11288,22,63,88.5
2026-07,central,LUM,2026,LUM-AI,스탠다드 레인지,AWD,실버,9,9,23738,-9172,18,63,88.5
2026-07,central,LUM,2026,LUM-AI,스탠다드 레인지,AWD,오션 블루,7,7,18260,-7055,14,63,88.5
2026-07,central,LUM,2026,LUM-AI,스탠다드 레인지,AWD,선셋 레드,5,5,14608,-5644,11,63,88.5
2026-07,central,LUM,2026,LUM-AI,스탠다드 레인지,AWD,포레스트 그린,3,3,9130,-3528,7,63,88.5
2026-07,central,LUM,2026,LUM-AI,스탠다드 레인지,AWD,샌드 베이지,3,3,9130,-3528,7,63,88.5
2026-07,central,LUM,2026,LUM-AI,스탠다드 레인지,FWD,스노우 화이트,15,15,40860,-15787,31,63,88.5
2026-07,central,LUM,2026,LUM-AI,스탠다드 레인지,FWD,미드나잇 블랙,12,12,32347,-12498,25,63,88.5
2026-07,central,LUM,2026,LUM-AI,스탠다드 레인지,FWD,스틸 그레이,10,10,27240,-10525,21,63,88.5
2026-07,central,LUM,2026,LUM-AI,스탠다드 레인지,FWD,실버,8,8,22132,-8551,17,63,88.5
2026-07,central,LUM,2026,LUM-AI,스탠다드 레인지,FWD,오션 블루,6,6,17025,-6578,13,63,88.5
2026-07,central,LUM,2026,LUM-AI,스탠다드 레인지,FWD,선셋 레드,5,5,13620,-5262,10,63,88.5
2026-07,central,LUM,2026,LUM-AI,스탠다드 레인지,FWD,포레스트 그린,3,3,8512,-3289,6,63,88.5
2026-07,central,LUM,2026,LUM-AI,스탠다드 레인지,FWD,샌드 베이지,3,3,8512,-3289,6,63,88.5
2026-07,central,LUM,2026,LUM-AI,롱레인지,AWD,스노우 화이트,38,38,102256,-39509,77,63,88.5
2026-07,central,LUM,2026,LUM-AI,롱레인지,AWD,미드나잇 블랙,30,30,80952,-31278,61,63,88.5
2026-07,central,LUM,2026,LUM-AI,롱레인지,AWD,스틸 그레이,25,25,68171,-26339,52,63,88.5
2026-07,central,LUM,2026,LUM-AI,롱레인지,AWD,실버,20,21,55389,-21401,42,63,88.5
2026-07,central,LUM,2026,LUM-AI,롱레인지,AWD,오션 블루,16,16,42607,-16462,32,63,88.5
2026-07,central,LUM,2026,LUM-AI,롱레인지,AWD,선셋 레드,13,13,34085,-13170,26,63,88.5
2026-07,central,LUM,2026,LUM-AI,롱레인지,AWD,포레스트 그린,8,8,21303,-8231,16,63,88.5
2026-07,central,LUM,2026,LUM-AI,롱레인지,AWD,샌드 베이지,8,8,21303,-8231,16,63,88.5
2026-07,central,LUM,2026,LUM-AI,롱레인지,FWD,스노우 화이트,35,36,95340,-36837,72,63,88.5
2026-07,central,LUM,2026,LUM-AI,롱레인지,FWD,미드나잇 블랙,28,28,75477,-29163,57,63,88.5
2026-07,central,LUM,2026,LUM-AI,롱레인지,FWD,스틸 그레이,23,24,63560,-24558,48,63,88.5
2026-07,central,LUM,2026,LUM-AI,롱레인지,FWD,실버,19,19,51642,-19953,39,63,88.5
2026-07,central,LUM,2026,LUM-AI,롱레인지,FWD,오션 블루,15,15,39725,-15349,30,63,88.5
2026-07,central,LUM,2026,LUM-AI,롱레인지,FWD,선셋 레드,12,12,31780,-12279,24,63,88.5
2026-07,central,LUM,2026,LUM-AI,롱레인지,FWD,포레스트 그린,7,7,19862,-7674,15,63,88.5
2026-07,central,LUM,2026,LUM-AI,롱레인지,FWD,샌드 베이지,7,7,19862,-7674,15,63,88.5
2026-07,central,LUM,2026,LUM-RA,스탠다드 레인지,AWD,스노우 화이트,19,19,55156,-15193,38,63,88.5
2026-07,central,LUM,2026,LUM-RA,스탠다드 레인지,AWD,미드나잇 블랙,15,15,43665,-12028,30,63,88.5
2026-07,central,LUM,2026,LUM-RA,스탠다드 레인지,AWD,스틸 그레이,12,13,36771,-10129,26,63,88.5
2026-07,central,LUM,2026,LUM-RA,스탠다드 레인지,AWD,실버,10,10,29876,-8230,21,63,88.5
2026-07,central,LUM,2026,LUM-RA,스탠다드 레인지,AWD,오션 블루,8,8,22982,-6331,16,63,88.5
2026-07,central,LUM,2026,LUM-RA,스탠다드 레인지,AWD,선셋 레드,6,6,18385,-5064,13,63,88.5
2026-07,central,LUM,2026,LUM-RA,스탠다드 레인지,AWD,포레스트 그린,4,4,11491,-3165,8,63,88.5
2026-07,central,LUM,2026,LUM-RA,스탠다드 레인지,AWD,샌드 베이지,4,4,11491,-3165,8,63,88.5
2026-07,central,LUM,2026,LUM-RA,스탠다드 레인지,FWD,스노우 화이트,17,18,51426,-14166,36,63,88.5
2026-07,central,LUM,2026,LUM-RA,스탠다드 레인지,FWD,미드나잇 블랙,14,14,40712,-11215,28,63,88.5
2026-07,central,LUM,2026,LUM-RA,스탠다드 레인지,FWD,스틸 그레이,12,12,34284,-9444,24,63,88.5
2026-07,central,LUM,2026,LUM-RA,스탠다드 레인지,FWD,실버,9,10,27856,-7673,19,63,88.5
2026-07,central,LUM,2026,LUM-RA,스탠다드 레인지,FWD,오션 블루,7,7,21427,-5902,15,63,88.5
2026-07,central,LUM,2026,LUM-RA,스탠다드 레인지,FWD,선셋 레드,6,6,17142,-4722,12,63,88.5
2026-07,central,LUM,2026,LUM-RA,스탠다드 레인지,FWD,포레스트 그린,4,4,10714,-2951,7,63,88.5
2026-07,central,LUM,2026,LUM-RA,스탠다드 레인지,FWD,샌드 베이지,4,4,10714,-2951,7,63,88.5
2026-07,central,LUM,2026,LUM-RA,롱레인지,AWD,스노우 화이트,44,44,128697,-35451,90,63,88.5
2026-07,central,LUM,2026,LUM-RA,롱레인지,AWD,미드나잇 블랙,34,35,101885,-28066,71,63,88.5
2026-07,central,LUM,2026,LUM-RA,롱레인지,AWD,스틸 그레이,29,29,85798,-23634,60,63,88.5
2026-07,central,LUM,2026,LUM-RA,롱레인지,AWD,실버,24,24,69711,-19203,49,63,88.5
2026-07,central,LUM,2026,LUM-RA,롱레인지,AWD,오션 블루,18,18,53624,-14771,37,63,88.5
2026-07,central,LUM,2026,LUM-RA,롱레인지,AWD,선셋 레드,15,15,42899,-11817,30,63,88.5
2026-07,central,LUM,2026,LUM-RA,롱레인지,AWD,포레스트 그린,9,9,26812,-7386,19,63,88.5
2026-07,central,LUM,2026,LUM-RA,롱레인지,AWD,샌드 베이지,9,9,26812,-7386,19,63,88.5
2026-07,central,LUM,2026,LUM-RA,롱레인지,FWD,스노우 화이트,41,41,119993,-33054,84,63,88.5
2026-07,central,LUM,2026,LUM-RA,롱레인지,FWD,미드나잇 블랙,32,33,94994,-26168,66,63,88.5
2026-07,central,LUM,2026,LUM-RA,롱레인지,FWD,스틸 그레이,27,27,79995,-22036,56,63,88.5
2026-07,central,LUM,2026,LUM-RA,롱레인지,FWD,실버,22,22,64996,-17904,45,63,88.5
2026-07,central,LUM,2026,LUM-RA,롱레인지,FWD,오션 블루,17,17,49997,-13772,35,63,88.5
2026-07,central,LUM,2026,LUM-RA,롱레인지,FWD,선셋 레드,14,14,39998,-11018,28,63,88.5
2026-07,central,LUM,2026,LUM-RA,롱레인지,FWD,포레스트 그린,8,9,24999,-6886,17,63,88.5
2026-07,central,LUM,2026,LUM-RA,롱레인지,FWD,샌드 베이지,8,9,24999,-6886,17,63,88.5
2026-07,central,LUM,2026,LUM-SP,스탠다드 레인지,AWD,스노우 화이트,8,8,25723,-3057,16,63,88.5
2026-07,central,LUM,2026,LUM-SP,스탠다드 레인지,AWD,미드나잇 블랙,6,6,20364,-2420,12,63,88.5
2026-07,central,LUM,2026,LUM-SP,스탠다드 레인지,AWD,스틸 그레이,5,5,17148,-2038,10,63,88.5
2026-07,central,LUM,2026,LUM-SP,스탠다드 레인지,AWD,실버,4,4,13933,-1656,9,63,88.5
2026-07,central,LUM,2026,LUM-SP,스탠다드 레인지,AWD,오션 블루,3,3,10718,-1274,7,63,88.5
2026-07,central,LUM,2026,LUM-SP,스탠다드 레인지,AWD,선셋 레드,3,3,8574,-1019,5,52,88.5
2026-07,central,LUM,2026,LUM-SP,스탠다드 레인지,AWD,포레스트 그린,2,2,5359,-637,3,33,88.5
2026-07,central,LUM,2026,LUM-SP,스탠다드 레인지,AWD,샌드 베이지,2,2,5359,-637,3,33,88.5
2026-07,central,LUM,2026,LUM-SP,스탠다드 레인지,FWD,스노우 화이트,7,7,23983,-2850,15,63,88.5
2026-07,central,LUM,2026,LUM-SP,스탠다드 레인지,FWD,미드나잇 블랙,6,6,18987,-2256,12,63,88.5
2026-07,central,LUM,2026,LUM-SP,스탠다드 레인지,FWD,스틸 그레이,5,5,15989,-1900,10,63,88.5
2026-07,central,LUM,2026,LUM-SP,스탠다드 레인지,FWD,실버,4,4,12991,-1544,8,63,88.5
2026-07,central,LUM,2026,LUM-SP,스탠다드 레인지,FWD,오션 블루,3,3,9993,-1187,6,61,88.5
2026-07,central,LUM,2026,LUM-SP,스탠다드 레인지,FWD,선셋 레드,2,2,7994,-950,5,49,88.5
2026-07,central,LUM,2026,LUM-SP,스탠다드 레인지,FWD,포레스트 그린,1,2,4996,-594,3,31,88.5
2026-07,central,LUM,2026,LUM-SP,스탠다드 레인지,FWD,샌드 베이지,1,2,4996,-594,3,31,88.5
2026-07,central,LUM,2026,LUM-SP,롱레인지,AWD,스노우 화이트,18,18,60020,-7132,37,63,88.5
2026-07,central,LUM,2026,LUM-SP,롱레인지,AWD,미드나잇 블랙,14,14,47516,-5646,29,63,88.5
2026-07,central,LUM,2026,LUM-SP,롱레인지,AWD,스틸 그레이,12,12,40013,-4755,24,63,88.5
2026-07,central,LUM,2026,LUM-SP,롱레인지,AWD,실버,10,10,32511,-3863,20,63,88.5
2026-07,central,LUM,2026,LUM-SP,롱레인지,AWD,오션 블루,7,8,25008,-2972,15,63,88.5
2026-07,central,LUM,2026,LUM-SP,롱레인지,AWD,선셋 레드,6,6,20007,-2377,12,63,88.5
2026-07,central,LUM,2026,LUM-SP,롱레인지,AWD,포레스트 그린,4,4,12504,-1486,8,63,88.5
2026-07,central,LUM,2026,LUM-SP,롱레인지,AWD,샌드 베이지,4,4,12504,-1486,8,63,88.5
2026-07,central,LUM,2026,LUM-SP,롱레인지,FWD,스노우 화이트,17,17,55960,-6650,34,63,88.5
2026-07,central,LUM,2026,LUM-SP,롱레인지,FWD,미드나잇 블랙,13,13,44302,-5264,27,63,88.5
2026-07,central,LUM,2026,LUM-SP,롱레인지,FWD,스틸 그레이,11,11,37307,-4433,23,63,88.5
2026-07,central,LUM,2026,LUM-SP,롱레인지,FWD,실버,9,9,30312,-3602,19,63,88.5
2026-07,central,LUM,2026,LUM-SP,롱레인지,FWD,오션 블루,7,7,23317,-2771,14,63,88.5
2026-07,central,LUM,2026,LUM-SP,롱레인지,FWD,선셋 레드,6,6,18653,-2217,11,63,88.5
2026-07,central,LUM,2026,LUM-SP,롱레인지,FWD,포레스트 그린,3,4,11658,-1385,7,63,88.5
2026-07,central,LUM,2026,LUM-SP,롱레인지,FWD,샌드 베이지,3,4,11658,-1385,7,63,88.5
2026-07,south,LUM,2026,LUM-AI,스탠다드 레인지,AWD,스노우 화이트,13,13,35507,-13719,27,63,88.5
2026-07,south,LUM,2026,LUM-AI,스탠다드 레인지,AWD,미드나잇 블랙,10,10,28110,-10861,21,63,88.5
2026-07,south,LUM,2026,LUM-AI,스탠다드 레인지,AWD,스틸 그레이,9,9,23672,-9146,18,63,88.5
2026-07,south,LUM,2026,LUM-AI,스탠다드 레인지,AWD,실버,7,7,19233,-7431,15,63,88.5
2026-07,south,LUM,2026,LUM-AI,스탠다드 레인지,AWD,오션 블루,5,6,14795,-5716,11,63,88.5
2026-07,south,LUM,2026,LUM-AI,스탠다드 레인지,AWD,선셋 레드,4,4,11836,-4573,9,63,88.5
2026-07,south,LUM,2026,LUM-AI,스탠다드 레인지,AWD,포레스트 그린,3,3,7397,-2858,6,56,88.5
2026-07,south,LUM,2026,LUM-AI,스탠다드 레인지,AWD,샌드 베이지,3,3,7397,-2858,6,56,88.5
2026-07,south,LUM,2026,LUM-AI,스탠다드 레인지,FWD,스노우 화이트,27,28,74083,-28624,56,63,88.5
2026-07,south,LUM,2026,LUM-AI,스탠다드 레인지,FWD,미드나잇 블랙,22,22,58649,-22661,44,63,88.5
2026-07,south,LUM,2026,LUM-AI,스탠다드 레인지,FWD,스틸 그레이,18,18,49389,-19083,37,63,88.5
2026-07,south,LUM,2026,LUM-AI,스탠다드 레인지,FWD,실버,15,15,40129,-15505,30,63,88.5
2026-07,south,LUM,2026,LUM-AI,스탠다드 레인지,FWD,오션 블루,11,12,30868,-11927,23,63,88.5
2026-07,south,LUM,2026,LUM-AI,스탠다드 레인지,FWD,선셋 레드,9,9,24694,-9541,19,63,88.5
2026-07,south,LUM,2026,LUM-AI,스탠다드 레인지,FWD,포레스트 그린,6,6,15434,-5963,12,63,88.5
2026-07,south,LUM,2026,LUM-AI,스탠다드 레인지,FWD,샌드 베이지,6,6,15434,-5963,12,63,88.5
2026-07,south,LUM,2026,LUM-AI,롱레인지,AWD,스노우 화이트,30,31,82851,-32011,63,63,88.5
2026-07,south,LUM,2026,LUM-AI,롱레인지,AWD,미드나잇 블랙,24,24,65590,-25342,50,63,88.5
2026-07,south,LUM,2026,LUM-AI,롱레인지,AWD,스틸 그레이,20,21,55234,-21341,42,63,88.5
2026-07,south,LUM,2026,LUM-AI,롱레인지,AWD,실버,17,17,44877,-17339,34,63,88.5
2026-07,south,LUM,2026,LUM-AI,롱레인지,AWD,오션 블루,13,13,34521,-13338,26,63,88.5
2026-07,south,LUM,2026,LUM-AI,롱레인지,AWD,선셋 레드,10,10,27617,-10670,21,63,88.5
2026-07,south,LUM,2026,LUM-AI,롱레인지,AWD,포레스트 그린,6,6,17261,-6669,13,63,88.5
2026-07,south,LUM,2026,LUM-AI,롱레인지,AWD,샌드 베이지,6,6,17261,-6669,13,63,88.5
2026-07,south,LUM,2026,LUM-AI,롱레인지,FWD,스노우 화이트,64,64,172861,-66789,131,63,88.5
2026-07,south,LUM,2026,LUM-AI,롱레인지,FWD,미드나잇 블랙,50,51,136849,-52875,104,63,88.5
2026-07,south,LUM,2026,LUM-AI,롱레인지,FWD,스틸 그레이,42,43,115241,-44526,87,63,88.5
2026-07,south,LUM,2026,LUM-AI,롱레인지,FWD,실버,34,35,93633,-36177,71,63,88.5
2026-07,south,LUM,2026,LUM-AI,롱레인지,FWD,오션 블루,26,27,72026,-27829,55,63,88.5
2026-07,south,LUM,2026,LUM-AI,롱레인지,FWD,선셋 레드,21,21,57620,-22263,44,63,88.5
2026-07,south,LUM,2026,LUM-AI,롱레인지,FWD,포레스트 그린,13,13,36013,-13914,27,63,88.5
2026-07,south,LUM,2026,LUM-AI,롱레인지,FWD,샌드 베이지,13,13,36013,-13914,27,63,88.5
2026-07,south,LUM,2026,LUM-RA,스탠다드 레인지,AWD,스노우 화이트,15,15,44689,-12310,31,63,88.5
2026-07,south,LUM,2026,LUM-RA,스탠다드 레인지,AWD,미드나잇 블랙,12,12,35379,-9746,25,63,88.5
2026-07,south,LUM,2026,LUM-RA,스탠다드 레인지,AWD,스틸 그레이,10,10,29793,-8207,21,63,88.5
2026-07,south,LUM,2026,LUM-RA,스탠다드 레인지,AWD,실버,8,8,24207,-6668,17,63,88.5
2026-07,south,LUM,2026,LUM-RA,스탠다드 레인지,AWD,오션 블루,6,6,18620,-5129,13,63,88.5
2026-07,south,LUM,2026,LUM-RA,스탠다드 레인지,AWD,선셋 레드,5,5,14896,-4103,10,63,88.5
2026-07,south,LUM,2026,LUM-RA,스탠다드 레인지,AWD,포레스트 그린,3,3,9310,-2565,6,63,88.5
2026-07,south,LUM,2026,LUM-RA,스탠다드 레인지,AWD,샌드 베이지,3,3,9310,-2565,6,63,88.5
2026-07,south,LUM,2026,LUM-RA,스탠다드 레인지,FWD,스노우 화이트,32,32,93240,-25684,65,63,88.5
2026-07,south,LUM,2026,LUM-RA,스탠다드 레인지,FWD,미드나잇 블랙,25,25,73815,-20333,51,63,88.5
2026-07,south,LUM,2026,LUM-RA,스탠다드 레인지,FWD,스틸 그레이,21,21,62160,-17123,43,63,88.5
2026-07,south,LUM,2026,LUM-RA,스탠다드 레인지,FWD,실버,17,17,50505,-13912,35,63,88.5
2026-07,south,LUM,2026,LUM-RA,스탠다드 레인지,FWD,오션 블루,13,13,38850,-10702,27,63,88.5
2026-07,south,LUM,2026,LUM-RA,스탠다드 레인지,FWD,선셋 레드,11,11,31080,-8561,22,63,88.5
2026-07,south,LUM,2026,LUM-RA,스탠다드 레인지,FWD,포레스트 그린,7,7,19425,-5351,14,63,88.5
2026-07,south,LUM,2026,LUM-RA,스탠다드 레인지,FWD,샌드 베이지,7,7,19425,-5351,14,63,88.5
2026-07,south,LUM,2026,LUM-RA,롱레인지,AWD,스노우 화이트,35,36,104274,-28724,73,63,88.5
2026-07,south,LUM,2026,LUM-RA,롱레인지,AWD,미드나잇 블랙,28,28,82551,-22740,58,63,88.5
2026-07,south,LUM,2026,LUM-RA,롱레인지,AWD,스틸 그레이,24,24,69516,-19149,48,63,88.5
2026-07,south,LUM,2026,LUM-RA,롱레인지,AWD,실버,19,19,56482,-15559,39,63,88.5
2026-07,south,LUM,2026,LUM-RA,롱레인지,AWD,오션 블루,15,15,43448,-11968,30,63,88.5
2026-07,south,LUM,2026,LUM-RA,롱레인지,AWD,선셋 레드,12,12,34758,-9575,24,63,88.5
2026-07,south,LUM,2026,LUM-RA,롱레인지,AWD,포레스트 그린,7,7,21724,-5984,15,63,88.5
2026-07,south,LUM,2026,LUM-RA,롱레인지,AWD,샌드 베이지,7,7,21724,-5984,15,63,88.5
2026-07,south,LUM,2026,LUM-RA,롱레인지,FWD,스노우 화이트,74,75,217560,-59930,152,63,88.5
2026-07,south,LUM,2026,LUM-RA,롱레인지,FWD,미드나잇 블랙,58,59,172235,-47445,120,63,88.5
2026-07,south,LUM,2026,LUM-RA,롱레인지,FWD,스틸 그레이,49,50,145040,-39953,101,63,88.5
2026-07,south,LUM,2026,LUM-RA,롱레인지,FWD,실버,40,40,117845,-32462,82,63,88.5
2026-07,south,LUM,2026,LUM-RA,롱레인지,FWD,오션 블루,31,31,90650,-24971,63,63,88.5
2026-07,south,LUM,2026,LUM-RA,롱레인지,FWD,선셋 레드,25,25,72520,-19977,51,63,88.5
2026-07,south,LUM,2026,LUM-RA,롱레인지,FWD,포레스트 그린,15,16,45325,-12485,32,63,88.5
2026-07,south,LUM,2026,LUM-RA,롱레인지,FWD,샌드 베이지,15,16,45325,-12485,32,63,88.5
2026-07,south,LUM,2026,LUM-SP,스탠다드 레인지,AWD,스노우 화이트,6,6,20841,-2477,13,63,88.5
2026-07,south,LUM,2026,LUM-SP,스탠다드 레인지,AWD,미드나잇 블랙,5,5,16499,-1961,10,63,88.5
2026-07,south,LUM,2026,LUM-SP,스탠다드 레인지,AWD,스틸 그레이,4,4,13894,-1651,8,63,88.5
2026-07,south,LUM,2026,LUM-SP,스탠다드 레인지,AWD,실버,3,3,11289,-1341,7,63,88.5
2026-07,south,LUM,2026,LUM-SP,스탠다드 레인지,AWD,오션 블루,3,3,8684,-1032,5,53,88.5
2026-07,south,LUM,2026,LUM-SP,스탠다드 레인지,AWD,선셋 레드,2,2,6947,-826,4,42,88.5
2026-07,south,LUM,2026,LUM-SP,스탠다드 레인지,AWD,포레스트 그린,1,1,4342,-516,3,27,88.5
2026-07,south,LUM,2026,LUM-SP,스탠다드 레인지,AWD,샌드 베이지,1,1,4342,-516,3,27,88.5
2026-07,south,LUM,2026,LUM-SP,스탠다드 레인지,FWD,스노우 화이트,13,13,43484,-5167,27,63,88.5
2026-07,south,LUM,2026,LUM-SP,스탠다드 레인지,FWD,미드나잇 블랙,10,10,34425,-4091,21,63,88.5
2026-07,south,LUM,2026,LUM-SP,스탠다드 레인지,FWD,스틸 그레이,9,9,28989,-3445,18,63,88.5
2026-07,south,LUM,2026,LUM-SP,스탠다드 레인지,FWD,실버,7,7,23554,-2799,14,63,88.5
2026-07,south,LUM,2026,LUM-SP,스탠다드 레인지,FWD,오션 블루,5,5,18118,-2153,11,63,88.5
2026-07,south,LUM,2026,LUM-SP,스탠다드 레인지,FWD,선셋 레드,4,4,14495,-1722,9,63,88.5
2026-07,south,LUM,2026,LUM-SP,스탠다드 레인지,FWD,포레스트 그린,3,3,9059,-1076,6,55,88.5
2026-07,south,LUM,2026,LUM-SP,스탠다드 레인지,FWD,샌드 베이지,3,3,9059,-1076,6,55,88.5
2026-07,south,LUM,2026,LUM-SP,롱레인지,AWD,스노우 화이트,14,15,48630,-5779,30,63,88.5
2026-07,south,LUM,2026,LUM-SP,롱레인지,AWD,미드나잇 블랙,11,12,38499,-4575,24,63,88.5
2026-07,south,LUM,2026,LUM-SP,롱레인지,AWD,스틸 그레이,10,10,32420,-3852,20,63,88.5
2026-07,south,LUM,2026,LUM-SP,롱레인지,AWD,실버,8,8,26341,-3130,16,63,88.5
2026-07,south,LUM,2026,LUM-SP,롱레인지,AWD,오션 블루,6,6,20262,-2408,12,63,88.5
2026-07,south,LUM,2026,LUM-SP,롱레인지,AWD,선셋 레드,5,5,16210,-1926,10,63,88.5
2026-07,south,LUM,2026,LUM-SP,롱레인지,AWD,포레스트 그린,3,3,10131,-1204,6,62,88.5
2026-07,south,LUM,2026,LUM-SP,롱레인지,AWD,샌드 베이지,3,3,10131,-1204,6,62,88.5
2026-07,south,LUM,2026,LUM-SP,롱레인지,FWD,스노우 화이트,30,31,101462,-12057,62,63,88.5
2026-07,south,LUM,2026,LUM-SP,롱레인지,FWD,미드나잇 블랙,24,24,80324,-9545,49,63,88.5
2026-07,south,LUM,2026,LUM-SP,롱레인지,FWD,스틸 그레이,20,20,67641,-8038,41,63,88.5
2026-07,south,LUM,2026,LUM-SP,롱레인지,FWD,실버,16,17,54959,-6531,34,63,88.5
2026-07,south,LUM,2026,LUM-SP,롱레인지,FWD,오션 블루,13,13,42276,-5024,26,63,88.5
2026-07,south,LUM,2026,LUM-SP,롱레인지,FWD,선셋 레드,10,10,33821,-4019,21,63,88.5
2026-07,south,LUM,2026,LUM-SP,롱레인지,FWD,포레스트 그린,6,6,21138,-2512,13,63,88.5
2026-07,south,LUM,2026,LUM-SP,롱레인지,FWD,샌드 베이지,6,6,21138,-2512,13,63,88.5
2026-07,northeast,LUM,2026,LUM-AI,스탠다드 레인지,AWD,스노우 화이트,19,19,52017,-20098,39,63,88.5
2026-07,northeast,LUM,2026,LUM-AI,스탠다드 레인지,AWD,미드나잇 블랙,26,26,70595,-27276,53,63,88.5
2026-07,northeast,LUM,2026,LUM-AI,스탠다드 레인지,AWD,스틸 그레이,36,36,96603,-37325,73,63,88.5
2026-07,northeast,LUM,2026,LUM-AI,스탠다드 레인지,AWD,실버,18,18,48302,-18662,37,63,88.5
2026-07,northeast,LUM,2026,LUM-AI,스탠다드 레인지,AWD,오션 블루,14,14,37155,-14356,28,63,88.5
2026-07,northeast,LUM,2026,LUM-AI,스탠다드 레인지,AWD,선셋 레드,11,11,29724,-11485,23,63,88.5
2026-07,northeast,LUM,2026,LUM-AI,스탠다드 레인지,AWD,포레스트 그린,7,7,18578,-7178,14,63,88.5
2026-07,northeast,LUM,2026,LUM-AI,스탠다드 레인지,AWD,샌드 베이지,7,7,18578,-7178,14,63,88.5
2026-07,northeast,LUM,2026,LUM-AI,스탠다드 레인지,FWD,스노우 화이트,14,14,36901,-14258,28,63,88.5
2026-07,northeast,LUM,2026,LUM-AI,스탠다드 레인지,FWD,미드나잇 블랙,18,19,50080,-19350,38,63,88.5
2026-07,northeast,LUM,2026,LUM-AI,스탠다드 레인지,FWD,스틸 그레이,25,26,68530,-26478,52,63,88.5
2026-07,northeast,LUM,2026,LUM-AI,스탠다드 레인지,FWD,실버,13,13,34265,-13239,26,63,88.5
2026-07,northeast,LUM,2026,LUM-AI,스탠다드 레인지,FWD,오션 블루,10,10,26358,-10184,20,63,88.5
2026-07,northeast,LUM,2026,LUM-AI,스탠다드 레인지,FWD,선셋 레드,8,8,21086,-8147,16,63,88.5
2026-07,northeast,LUM,2026,LUM-AI,스탠다드 레인지,FWD,포레스트 그린,5,5,13179,-5092,10,63,88.5
2026-07,northeast,LUM,2026,LUM-AI,스탠다드 레인지,FWD,샌드 베이지,5,5,13179,-5092,10,63,88.5
2026-07,northeast,LUM,2026,LUM-AI,롱레인지,AWD,스노우 화이트,45,45,121373,-46895,92,63,88.5
2026-07,northeast,LUM,2026,LUM-AI,롱레인지,AWD,미드나잇 블랙,61,61,164721,-63644,125,63,88.5
2026-07,northeast,LUM,2026,LUM-AI,롱레인지,AWD,스틸 그레이,83,84,225407,-87091,171,63,88.5
2026-07,northeast,LUM,2026,LUM-AI,롱레인지,AWD,실버,41,42,112704,-43546,85,63,88.5
2026-07,northeast,LUM,2026,LUM-AI,롱레인지,AWD,오션 블루,32,32,86695,-33497,66,63,88.5
2026-07,northeast,LUM,2026,LUM-AI,롱레인지,AWD,선셋 레드,26,26,69356,-26797,53,63,88.5
2026-07,northeast,LUM,2026,LUM-AI,롱레인지,AWD,포레스트 그린,16,16,43348,-16748,33,63,88.5
2026-07,northeast,LUM,2026,LUM-AI,롱레인지,AWD,샌드 베이지,16,16,43348,-16748,33,63,88.5
2026-07,northeast,LUM,2026,LUM-AI,롱레인지,FWD,스노우 화이트,32,32,86102,-33268,65,63,88.5
2026-07,northeast,LUM,2026,LUM-AI,롱레인지,FWD,미드나잇 블랙,43,44,116853,-45149,89,63,88.5
2026-07,northeast,LUM,2026,LUM-AI,롱레인지,FWD,스틸 그레이,59,60,159904,-61783,121,63,88.5
2026-07,northeast,LUM,2026,LUM-AI,롱레인지,FWD,실버,29,30,79952,-30891,61,63,88.5
2026-07,northeast,LUM,2026,LUM-AI,롱레인지,FWD,오션 블루,23,23,61502,-23763,47,63,88.5
2026-07,northeast,LUM,2026,LUM-AI,롱레인지,FWD,선셋 레드,18,18,49201,-19010,37,63,88.5
2026-07,northeast,LUM,2026,LUM-AI,롱레인지,FWD,포레스트 그린,11,11,30751,-11881,23,63,88.5
2026-07,northeast,LUM,2026,LUM-AI,롱레인지,FWD,샌드 베이지,11,11,30751,-11881,23,63,88.5
2026-07,northeast,LUM,2026,LUM-RA,스탠다드 레인지,AWD,스노우 화이트,22,22,65468,-18034,46,63,88.5
2026-07,northeast,LUM,2026,LUM-RA,스탠다드 레인지,AWD,미드나잇 블랙,30,30,88849,-24475,62,63,88.5
2026-07,northeast,LUM,2026,LUM-RA,스탠다드 레인지,AWD,스틸 그레이,41,42,121583,-33492,85,63,88.5
2026-07,northeast,LUM,2026,LUM-RA,스탠다드 레인지,AWD,실버,21,21,60791,-16746,42,63,88.5
2026-07,northeast,LUM,2026,LUM-RA,스탠다드 레인지,AWD,오션 블루,16,16,46763,-12881,33,63,88.5
2026-07,northeast,LUM,2026,LUM-RA,스탠다드 레인지,AWD,선셋 레드,13,13,37410,-10305,26,63,88.5
2026-07,northeast,LUM,2026,LUM-RA,스탠다드 레인지,AWD,포레스트 그린,8,8,23381,-6441,16,63,88.5
2026-07,northeast,LUM,2026,LUM-RA,스탠다드 레인지,AWD,샌드 베이지,8,8,23381,-6441,16,63,88.5
2026-07,northeast,LUM,2026,LUM-RA,스탠다드 레인지,FWD,스노우 화이트,16,16,46443,-12793,32,63,88.5
2026-07,northeast,LUM,2026,LUM-RA,스탠다드 레인지,FWD,미드나잇 블랙,21,22,63030,-17362,44,63,88.5
2026-07,northeast,LUM,2026,LUM-RA,스탠다드 레인지,FWD,스틸 그레이,29,30,86251,-23759,60,63,88.5
2026-07,northeast,LUM,2026,LUM-RA,스탠다드 레인지,FWD,실버,15,15,43126,-11880,30,63,88.5
2026-07,northeast,LUM,2026,LUM-RA,스탠다드 레인지,FWD,오션 블루,11,11,33174,-9138,23,63,88.5
2026-07,northeast,LUM,2026,LUM-RA,스탠다드 레인지,FWD,선셋 레드,9,9,26539,-7310,18,63,88.5
2026-07,northeast,LUM,2026,LUM-RA,스탠다드 레인지,FWD,포레스트 그린,6,6,16587,-4569,12,63,88.5
2026-07,northeast,LUM,2026,LUM-RA,스탠다드 레인지,FWD,샌드 베이지,6,6,16587,-4569,12,63,88.5
2026-07,northeast,LUM,2026,LUM-RA,롱레인지,AWD,스노우 화이트,52,52,152758,-42079,106,63,88.5
2026-07,northeast,LUM,2026,LUM-RA,롱레인지,AWD,미드나잇 블랙,70,71,207314,-57108,145,63,88.5
2026-07,northeast,LUM,2026,LUM-RA,롱레인지,AWD,스틸 그레이,96,97,283693,-78147,198,63,88.5
2026-07,northeast,LUM,2026,LUM-RA,롱레인지,AWD,실버,48,49,141847,-39074,99,63,88.5
2026-07,northeast,LUM,2026,LUM-RA,롱레인지,AWD,오션 블루,37,37,109113,-30057,76,63,88.5
2026-07,northeast,LUM,2026,LUM-RA,롱레인지,AWD,선셋 레드,30,30,87290,-24045,61,63,88.5
2026-07,northeast,LUM,2026,LUM-RA,롱레인지,AWD,포레스트 그린,18,19,54556,-15028,38,63,88.5
2026-07,northeast,LUM,2026,LUM-RA,롱레인지,AWD,샌드 베이지,18,19,54556,-15028,38,63,88.5
2026-07,northeast,LUM,2026,LUM-RA,롱레인지,FWD,스노우 화이트,37,37,108367,-29851,76,63,88.5
2026-07,northeast,LUM,2026,LUM-RA,롱레인지,FWD,미드나잇 블랙,50,50,147069,-40512,103,63,88.5
2026-07,northeast,LUM,2026,LUM-RA,롱레인지,FWD,스틸 그레이,68,69,201253,-55438,140,63,88.5
2026-07,northeast,LUM,2026,LUM-RA,롱레인지,FWD,실버,34,35,100626,-27719,70,63,88.5
2026-07,northeast,LUM,2026,LUM-RA,롱레인지,FWD,오션 블루,26,27,77405,-21322,54,63,88.5
2026-07,northeast,LUM,2026,LUM-RA,롱레인지,FWD,선셋 레드,21,21,61924,-17058,43,63,88.5
2026-07,northeast,LUM,2026,LUM-RA,롱레인지,FWD,포레스트 그린,13,13,38702,-10661,27,63,88.5
2026-07,northeast,LUM,2026,LUM-RA,롱레인지,FWD,샌드 베이지,13,13,38702,-10661,27,63,88.5
2026-07,northeast,LUM,2026,LUM-SP,스탠다드 레인지,AWD,스노우 화이트,9,9,30532,-3628,19,63,88.5
2026-07,northeast,LUM,2026,LUM-SP,스탠다드 레인지,AWD,미드나잇 블랙,12,12,41436,-4924,25,63,88.5
2026-07,northeast,LUM,2026,LUM-SP,스탠다드 레인지,AWD,스틸 그레이,17,17,56702,-6738,35,63,88.5
2026-07,northeast,LUM,2026,LUM-SP,스탠다드 레인지,AWD,실버,8,9,28351,-3369,17,63,88.5
2026-07,northeast,LUM,2026,LUM-SP,스탠다드 레인지,AWD,오션 블루,6,7,21808,-2591,13,63,88.5
2026-07,northeast,LUM,2026,LUM-SP,스탠다드 레인지,AWD,선셋 레드,5,5,17447,-2073,11,63,88.5
2026-07,northeast,LUM,2026,LUM-SP,스탠다드 레인지,AWD,포레스트 그린,3,3,10904,-1296,7,63,88.5
2026-07,northeast,LUM,2026,LUM-SP,스탠다드 레인지,AWD,샌드 베이지,3,3,10904,-1296,7,63,88.5
2026-07,northeast,LUM,2026,LUM-SP,스탠다드 레인지,FWD,스노우 화이트,6,7,21659,-2574,13,63,88.5
2026-07,northeast,LUM,2026,LUM-SP,스탠다드 레인지,FWD,미드나잇 블랙,9,9,29395,-3493,18,63,88.5
2026-07,northeast,LUM,2026,LUM-SP,스탠다드 레인지,FWD,스틸 그레이,12,12,40224,-4780,25,63,88.5
2026-07,northeast,LUM,2026,LUM-SP,스탠다드 레인지,FWD,실버,6,6,20112,-2390,12,63,88.5
2026-07,northeast,LUM,2026,LUM-SP,스탠다드 레인지,FWD,오션 블루,5,5,15471,-1838,9,63,88.5
2026-07,northeast,LUM,2026,LUM-SP,스탠다드 레인지,FWD,선셋 레드,4,4,12377,-1471,8,63,88.5
2026-07,northeast,LUM,2026,LUM-SP,스탠다드 레인지,FWD,포레스트 그린,2,2,7735,-919,5,47,88.5
2026-07,northeast,LUM,2026,LUM-SP,스탠다드 레인지,FWD,샌드 베이지,2,2,7735,-919,5,47,88.5
2026-07,northeast,LUM,2026,LUM-SP,롱레인지,AWD,스노우 화이트,21,21,71241,-8465,44,63,88.5
2026-07,northeast,LUM,2026,LUM-SP,롱레인지,AWD,미드나잇 블랙,29,29,96684,-11489,59,63,88.5
2026-07,northeast,LUM,2026,LUM-SP,롱레인지,AWD,스틸 그레이,39,40,132304,-15721,81,63,88.5
2026-07,northeast,LUM,2026,LUM-SP,롱레인지,AWD,실버,20,20,66152,-7861,40,63,88.5
2026-07,northeast,LUM,2026,LUM-SP,롱레인지,AWD,오션 블루,15,15,50886,-6047,31,63,88.5
2026-07,northeast,LUM,2026,LUM-SP,롱레인지,AWD,선셋 레드,12,12,40709,-4837,25,63,88.5
2026-07,northeast,LUM,2026,LUM-SP,롱레인지,AWD,포레스트 그린,8,8,25443,-3023,16,63,88.5
2026-07,northeast,LUM,2026,LUM-SP,롱레인지,AWD,샌드 베이지,8,8,25443,-3023,16,63,88.5
2026-07,northeast,LUM,2026,LUM-SP,롱레인지,FWD,스노우 화이트,15,15,50538,-6005,31,63,88.5
2026-07,northeast,LUM,2026,LUM-SP,롱레인지,FWD,미드나잇 블랙,20,21,68588,-8150,42,63,88.5
2026-07,northeast,LUM,2026,LUM-SP,롱레인지,FWD,스틸 그레이,28,28,93857,-11153,57,63,88.5
2026-07,northeast,LUM,2026,LUM-SP,롱레인지,FWD,실버,14,14,46928,-5576,29,63,88.5
2026-07,northeast,LUM,2026,LUM-SP,롱레인지,FWD,오션 블루,11,11,36099,-4290,22,63,88.5
2026-07,northeast,LUM,2026,LUM-SP,롱레인지,FWD,선셋 레드,9,9,28879,-3432,18,63,88.5
2026-07,northeast,LUM,2026,LUM-SP,롱레인지,FWD,포레스트 그린,5,5,18049,-2145,11,63,88.5
2026-07,northeast,LUM,2026,LUM-SP,롱레인지,FWD,샌드 베이지,5,5,18049,-2145,11,63,88.5
2026-07,southeast,LUM,2026,LUM-AI,스탠다드 레인지,AWD,스노우 화이트,17,17,45729,-17669,35,63,88.5
2026-07,southeast,LUM,2026,LUM-AI,스탠다드 레인지,AWD,미드나잇 블랙,13,13,36202,-13988,27,63,88.5
2026-07,southeast,LUM,2026,LUM-AI,스탠다드 레인지,AWD,스틸 그레이,11,11,30486,-11779,23,63,88.5
2026-07,southeast,LUM,2026,LUM-AI,스탠다드 레인지,AWD,실버,9,9,24770,-9570,19,63,88.5
2026-07,southeast,LUM,2026,LUM-AI,스탠다드 레인지,AWD,오션 블루,7,7,19054,-7362,14,63,88.5
2026-07,southeast,LUM,2026,LUM-AI,스탠다드 레인지,AWD,선셋 레드,6,6,15243,-5890,12,63,88.5
2026-07,southeast,LUM,2026,LUM-AI,스탠다드 레인지,AWD,포레스트 그린,4,4,9527,-3681,7,63,88.5
2026-07,southeast,LUM,2026,LUM-AI,스탠다드 레인지,AWD,샌드 베이지,4,4,9527,-3681,7,63,88.5
2026-07,southeast,LUM,2026,LUM-AI,스탠다드 레인지,FWD,스노우 화이트,27,28,73824,-28524,56,63,88.5
2026-07,southeast,LUM,2026,LUM-AI,스탠다드 레인지,FWD,미드나잇 블랙,21,22,58444,-22581,44,63,88.5
2026-07,southeast,LUM,2026,LUM-AI,스탠다드 레인지,FWD,스틸 그레이,18,18,49216,-19016,37,63,88.5
2026-07,southeast,LUM,2026,LUM-AI,스탠다드 레인지,FWD,실버,15,15,39988,-15450,30,63,88.5
2026-07,southeast,LUM,2026,LUM-AI,스탠다드 레인지,FWD,오션 블루,11,11,30760,-11885,23,63,88.5
2026-07,southeast,LUM,2026,LUM-AI,스탠다드 레인지,FWD,선셋 레드,9,9,24608,-9508,19,63,88.5
2026-07,southeast,LUM,2026,LUM-AI,스탠다드 레인지,FWD,포레스트 그린,6,6,15380,-5942,12,63,88.5
2026-07,southeast,LUM,2026,LUM-AI,스탠다드 레인지,FWD,샌드 베이지,6,6,15380,-5942,12,63,88.5
2026-07,southeast,LUM,2026,LUM-AI,롱레인지,AWD,스노우 화이트,39,40,106702,-41227,81,63,88.5
2026-07,southeast,LUM,2026,LUM-AI,롱레인지,AWD,미드나잇 블랙,31,31,84472,-32638,64,63,88.5
2026-07,southeast,LUM,2026,LUM-AI,롱레인지,AWD,스틸 그레이,26,27,71134,-27484,54,63,88.5
2026-07,southeast,LUM,2026,LUM-AI,롱레인지,AWD,실버,21,22,57797,-22331,44,63,88.5
2026-07,southeast,LUM,2026,LUM-AI,롱레인지,AWD,오션 블루,16,17,44459,-17178,34,63,88.5
2026-07,southeast,LUM,2026,LUM-AI,롱레인지,AWD,선셋 레드,13,13,35567,-13742,27,63,88.5
2026-07,southeast,LUM,2026,LUM-AI,롱레인지,AWD,포레스트 그린,8,8,22230,-8589,17,63,88.5
2026-07,southeast,LUM,2026,LUM-AI,롱레인지,AWD,샌드 베이지,8,8,22230,-8589,17,63,88.5
2026-07,southeast,LUM,2026,LUM-AI,롱레인지,FWD,스노우 화이트,63,64,172257,-66556,131,63,88.5
2026-07,southeast,LUM,2026,LUM-AI,롱레인지,FWD,미드나잇 블랙,50,51,136370,-52690,103,63,88.5
2026-07,southeast,LUM,2026,LUM-AI,롱레인지,FWD,스틸 그레이,42,43,114838,-44370,87,63,88.5
2026-07,southeast,LUM,2026,LUM-AI,롱레인지,FWD,실버,34,35,93306,-36051,71,63,88.5
2026-07,southeast,LUM,2026,LUM-AI,롱레인지,FWD,오션 블루,26,27,71774,-27731,54,63,88.5
2026-07,southeast,LUM,2026,LUM-AI,롱레인지,FWD,선셋 레드,21,21,57419,-22185,44,63,88.5
2026-07,southeast,LUM,2026,LUM-AI,롱레인지,FWD,포레스트 그린,13,13,35887,-13866,27,63,88.5
2026-07,southeast,LUM,2026,LUM-AI,롱레인지,FWD,샌드 베이지,13,13,35887,-13866,27,63,88.5
2026-07,southeast,LUM,2026,LUM-RA,스탠다드 레인지,AWD,스노우 화이트,19,20,57554,-15854,40,63,88.5
2026-07,southeast,LUM,2026,LUM-RA,스탠다드 레인지,AWD,미드나잇 블랙,15,16,45564,-12551,32,63,88.5
2026-07,southeast,LUM,2026,LUM-RA,스탠다드 레인지,AWD,스틸 그레이,13,13,38369,-10569,27,63,88.5
2026-07,southeast,LUM,2026,LUM-RA,스탠다드 레인지,AWD,실버,11,11,31175,-8588,22,63,88.5
2026-07,southeast,LUM,2026,LUM-RA,스탠다드 레인지,AWD,오션 블루,8,8,23981,-6606,17,63,88.5
2026-07,southeast,LUM,2026,LUM-RA,스탠다드 레인지,AWD,선셋 레드,6,7,19185,-5285,13,63,88.5
2026-07,southeast,LUM,2026,LUM-RA,스탠다드 레인지,AWD,포레스트 그린,4,4,11990,-3303,8,63,88.5
2026-07,southeast,LUM,2026,LUM-RA,스탠다드 레인지,AWD,샌드 베이지,4,4,11990,-3303,8,63,88.5
2026-07,southeast,LUM,2026,LUM-RA,스탠다드 레인지,FWD,스노우 화이트,31,32,92914,-25594,65,63,88.5
2026-07,southeast,LUM,2026,LUM-RA,스탠다드 레인지,FWD,미드나잇 블랙,25,25,73557,-20262,51,63,88.5
2026-07,southeast,LUM,2026,LUM-RA,스탠다드 레인지,FWD,스틸 그레이,21,21,61943,-17063,43,63,88.5
2026-07,southeast,LUM,2026,LUM-RA,스탠다드 레인지,FWD,실버,17,17,50328,-13864,35,63,88.5
2026-07,southeast,LUM,2026,LUM-RA,스탠다드 레인지,FWD,오션 블루,13,13,38714,-10664,27,63,88.5
2026-07,southeast,LUM,2026,LUM-RA,스탠다드 레인지,FWD,선셋 레드,10,11,30971,-8531,22,63,88.5
2026-07,southeast,LUM,2026,LUM-RA,스탠다드 레인지,FWD,포레스트 그린,7,7,19357,-5332,13,63,88.5
2026-07,southeast,LUM,2026,LUM-RA,스탠다드 레인지,FWD,샌드 베이지,7,7,19357,-5332,13,63,88.5
2026-07,southeast,LUM,2026,LUM-RA,롱레인지,AWD,스노우 화이트,45,46,134293,-36993,94,63,88.5
2026-07,southeast,LUM,2026,LUM-RA,롱레인지,AWD,미드나잇 블랙,36,36,106315,-29286,74,63,88.5
2026-07,southeast,LUM,2026,LUM-RA,롱레인지,AWD,스틸 그레이,30,31,89528,-24662,62,63,88.5
2026-07,southeast,LUM,2026,LUM-RA,롱레인지,AWD,실버,25,25,72742,-20038,51,63,88.5
2026-07,southeast,LUM,2026,LUM-RA,롱레인지,AWD,오션 블루,19,19,55955,-15414,39,63,88.5
2026-07,southeast,LUM,2026,LUM-RA,롱레인지,AWD,선셋 레드,15,15,44764,-12331,31,63,88.5
2026-07,southeast,LUM,2026,LUM-RA,롱레인지,AWD,포레스트 그린,9,10,27978,-7707,20,63,88.5
2026-07,southeast,LUM,2026,LUM-RA,롱레인지,AWD,샌드 베이지,9,10,27978,-7707,20,63,88.5
2026-07,southeast,LUM,2026,LUM-RA,롱레인지,FWD,스노우 화이트,73,74,216799,-59720,151,63,88.5
2026-07,southeast,LUM,2026,LUM-RA,롱레인지,FWD,미드나잇 블랙,58,59,171633,-47279,120,63,88.5
2026-07,southeast,LUM,2026,LUM-RA,롱레인지,FWD,스틸 그레이,49,50,144533,-39814,101,63,88.5
2026-07,southeast,LUM,2026,LUM-RA,롱레인지,FWD,실버,40,40,117433,-32349,82,63,88.5
2026-07,southeast,LUM,2026,LUM-RA,롱레인지,FWD,오션 블루,31,31,90333,-24883,63,63,88.5
2026-07,southeast,LUM,2026,LUM-RA,롱레인지,FWD,선셋 레드,24,25,72266,-19907,50,63,88.5
2026-07,southeast,LUM,2026,LUM-RA,롱레인지,FWD,포레스트 그린,15,15,45167,-12442,31,63,88.5
2026-07,southeast,LUM,2026,LUM-RA,롱레인지,FWD,샌드 베이지,15,15,45167,-12442,31,63,88.5
2026-07,southeast,LUM,2026,LUM-SP,스탠다드 레인지,AWD,스노우 화이트,8,8,26841,-3189,16,63,88.5
2026-07,southeast,LUM,2026,LUM-SP,스탠다드 레인지,AWD,미드나잇 블랙,6,6,21249,-2525,13,63,88.5
2026-07,southeast,LUM,2026,LUM-SP,스탠다드 레인지,AWD,스틸 그레이,5,5,17894,-2126,11,63,88.5
2026-07,southeast,LUM,2026,LUM-SP,스탠다드 레인지,AWD,실버,4,4,14539,-1728,9,63,88.5
2026-07,southeast,LUM,2026,LUM-SP,스탠다드 레인지,AWD,오션 블루,3,3,11184,-1329,7,63,88.5
2026-07,southeast,LUM,2026,LUM-SP,스탠다드 레인지,AWD,선셋 레드,3,3,8947,-1063,5,55,88.5
2026-07,southeast,LUM,2026,LUM-SP,스탠다드 레인지,AWD,포레스트 그린,2,2,5592,-664,3,34,88.5
2026-07,southeast,LUM,2026,LUM-SP,스탠다드 레인지,AWD,샌드 베이지,2,2,5592,-664,3,34,88.5
2026-07,southeast,LUM,2026,LUM-SP,스탠다드 레인지,FWD,스노우 화이트,13,13,43332,-5149,26,63,88.5
2026-07,southeast,LUM,2026,LUM-SP,스탠다드 레인지,FWD,미드나잇 블랙,10,10,34304,-4076,21,63,88.5
2026-07,southeast,LUM,2026,LUM-SP,스탠다드 레인지,FWD,스틸 그레이,9,9,28888,-3433,18,63,88.5
2026-07,southeast,LUM,2026,LUM-SP,스탠다드 레인지,FWD,실버,7,7,23471,-2789,14,63,88.5
2026-07,southeast,LUM,2026,LUM-SP,스탠다드 레인지,FWD,오션 블루,5,5,18055,-2145,11,63,88.5
2026-07,southeast,LUM,2026,LUM-SP,스탠다드 레인지,FWD,선셋 레드,4,4,14444,-1716,9,63,88.5
2026-07,southeast,LUM,2026,LUM-SP,스탠다드 레인지,FWD,포레스트 그린,3,3,9027,-1073,6,55,88.5
2026-07,southeast,LUM,2026,LUM-SP,스탠다드 레인지,FWD,샌드 베이지,3,3,9027,-1073,6,55,88.5
2026-07,southeast,LUM,2026,LUM-SP,롱레인지,AWD,스노우 화이트,19,19,62629,-7442,38,63,88.5
2026-07,southeast,LUM,2026,LUM-SP,롱레인지,AWD,미드나잇 블랙,15,15,49581,-5892,30,63,88.5
2026-07,southeast,LUM,2026,LUM-SP,롱레인지,AWD,스틸 그레이,12,13,41753,-4961,26,63,88.5
2026-07,southeast,LUM,2026,LUM-SP,롱레인지,AWD,실버,10,10,33924,-4031,21,63,88.5
2026-07,southeast,LUM,2026,LUM-SP,롱레인지,AWD,오션 블루,8,8,26096,-3101,16,63,88.5
2026-07,southeast,LUM,2026,LUM-SP,롱레인지,AWD,선셋 레드,6,6,20876,-2481,13,63,88.5
2026-07,southeast,LUM,2026,LUM-SP,롱레인지,AWD,포레스트 그린,4,4,13048,-1550,8,63,88.5
2026-07,southeast,LUM,2026,LUM-SP,롱레인지,AWD,샌드 베이지,4,4,13048,-1550,8,63,88.5
2026-07,southeast,LUM,2026,LUM-SP,롱레인지,FWD,스노우 화이트,30,30,101107,-12014,62,63,88.5
2026-07,southeast,LUM,2026,LUM-SP,롱레인지,FWD,미드나잇 블랙,24,24,80043,-9511,49,63,88.5
2026-07,southeast,LUM,2026,LUM-SP,롱레인지,FWD,스틸 그레이,20,20,67405,-8010,41,63,88.5
2026-07,southeast,LUM,2026,LUM-SP,롱레인지,FWD,실버,16,16,54766,-6508,33,63,88.5
2026-07,southeast,LUM,2026,LUM-SP,롱레인지,FWD,오션 블루,13,13,42128,-5006,26,63,88.5
2026-07,southeast,LUM,2026,LUM-SP,롱레인지,FWD,선셋 레드,10,10,33702,-4005,21,63,88.5
2026-07,southeast,LUM,2026,LUM-SP,롱레인지,FWD,포레스트 그린,6,6,21064,-2503,13,63,88.5
2026-07,southeast,LUM,2026,LUM-SP,롱레인지,FWD,샌드 베이지,6,6,21064,-2503,13,63,88.5
