ym,zone_id,model_id,model_year,trim_id,engine,drivetrain,color,bp_retail_qty,bp_wholesale_qty,bp_op_profit_usd
2024-12,west,TRN,2024,TRN-CO,3.5 가솔린,AWD,스노우 화이트,9,9,16626
2024-12,west,TRN,2024,TRN-CO,3.5 가솔린,AWD,미드나잇 블랙,7,7,13163
2024-12,west,TRN,2024,TRN-CO,3.5 가솔린,AWD,스틸 그레이,6,6,11084
2024-12,west,TRN,2024,TRN-CO,3.5 가솔린,AWD,실버,5,5,9006
2024-12,west,TRN,2024,TRN-CO,3.5 가솔린,AWD,오션 블루,4,4,6928
2024-12,west,TRN,2024,TRN-CO,3.5 가솔린,AWD,선셋 레드,3,3,5542
2024-12,west,TRN,2024,TRN-CO,3.5 가솔린,AWD,포레스트 그린,2,2,3464
2024-12,west,TRN,2024,TRN-CO,3.5 가솔린,AWD,샌드 베이지,2,2,3464
2024-12,west,TRN,2024,TRN-CO,3.5 가솔린,FWD,스노우 화이트,3,3,5542
2024-12,west,TRN,2024,TRN-CO,3.5 가솔린,FWD,미드나잇 블랙,2,2,4388
2024-12,west,TRN,2024,TRN-CO,3.5 가솔린,FWD,스틸 그레이,2,2,3695
2024-12,west,TRN,2024,TRN-CO,3.5 가솔린,FWD,실버,2,2,3002
2024-12,west,TRN,2024,TRN-CO,3.5 가솔린,FWD,오션 블루,1,1,2309
2024-12,west,TRN,2024,TRN-CO,3.5 가솔린,FWD,선셋 레드,1,1,1847
2024-12,west,TRN,2024,TRN-CO,3.5 가솔린,FWD,포레스트 그린,1,1,1155
2024-12,west,TRN,2024,TRN-CO,3.5 가솔린,FWD,샌드 베이지,1,1,1155
2024-12,west,TRN,2024,TRN-CO,2.5T 하이브리드,AWD,스노우 화이트,6,6,10541
2024-12,west,TRN,2024,TRN-CO,2.5T 하이브리드,AWD,미드나잇 블랙,4,4,8345
2024-12,west,TRN,2024,TRN-CO,2.5T 하이브리드,AWD,스틸 그레이,4,4,7027
2024-12,west,TRN,2024,TRN-CO,2.5T 하이브리드,AWD,실버,3,3,5710
2024-12,west,TRN,2024,TRN-CO,2.5T 하이브리드,AWD,오션 블루,2,2,4392
2024-12,west,TRN,2024,TRN-CO,2.5T 하이브리드,AWD,선셋 레드,2,2,3514
2024-12,west,TRN,2024,TRN-CO,2.5T 하이브리드,AWD,포레스트 그린,1,1,2196
2024-12,west,TRN,2024,TRN-CO,2.5T 하이브리드,AWD,샌드 베이지,1,1,2196
2024-12,west,TRN,2024,TRN-CO,2.5T 하이브리드,FWD,스노우 화이트,2,2,3514
2024-12,west,TRN,2024,TRN-CO,2.5T 하이브리드,FWD,미드나잇 블랙,1,1,2782
2024-12,west,TRN,2024,TRN-CO,2.5T 하이브리드,FWD,스틸 그레이,1,1,2342
2024-12,west,TRN,2024,TRN-CO,2.5T 하이브리드,FWD,실버,1,1,1903
2024-12,west,TRN,2024,TRN-CO,2.5T 하이브리드,FWD,오션 블루,1,1,1464
2024-12,west,TRN,2024,TRN-CO,2.5T 하이브리드,FWD,선셋 레드,1,1,1171
2024-12,west,TRN,2024,TRN-PR,3.5 가솔린,AWD,스노우 화이트,10,10,23080
2024-12,west,TRN,2024,TRN-PR,3.5 가솔린,AWD,미드나잇 블랙,8,8,18271
2024-12,west,TRN,2024,TRN-PR,3.5 가솔린,AWD,스틸 그레이,7,7,15386
2024-12,west,TRN,2024,TRN-PR,3.5 가솔린,AWD,실버,5,6,12501
2024-12,west,TRN,2024,TRN-PR,3.5 가솔린,AWD,오션 블루,4,4,9616
2024-12,west,TRN,2024,TRN-PR,3.5 가솔린,AWD,선셋 레드,3,3,7693
2024-12,west,TRN,2024,TRN-PR,3.5 가솔린,AWD,포레스트 그린,2,2,4808
2024-12,west,TRN,2024,TRN-PR,3.5 가솔린,AWD,샌드 베이지,2,2,4808
2024-12,west,TRN,2024,TRN-PR,3.5 가솔린,FWD,스노우 화이트,3,3,7693
2024-12,west,TRN,2024,TRN-PR,3.5 가솔린,FWD,미드나잇 블랙,3,3,6090
2024-12,west,TRN,2024,TRN-PR,3.5 가솔린,FWD,스틸 그레이,2,2,5129
2024-12,west,TRN,2024,TRN-PR,3.5 가솔린,FWD,실버,2,2,4167
2024-12,west,TRN,2024,TRN-PR,3.5 가솔린,FWD,오션 블루,1,1,3205
2024-12,west,TRN,2024,TRN-PR,3.5 가솔린,FWD,선셋 레드,1,1,2564
2024-12,west,TRN,2024,TRN-PR,3.5 가솔린,FWD,포레스트 그린,1,1,1603
2024-12,west,TRN,2024,TRN-PR,3.5 가솔린,FWD,샌드 베이지,1,1,1603
2024-12,west,TRN,2024,TRN-PR,2.5T 하이브리드,AWD,스노우 화이트,6,7,14632
2024-12,west,TRN,2024,TRN-PR,2.5T 하이브리드,AWD,미드나잇 블랙,5,5,11584
2024-12,west,TRN,2024,TRN-PR,2.5T 하이브리드,AWD,스틸 그레이,4,4,9755
2024-12,west,TRN,2024,TRN-PR,2.5T 하이브리드,AWD,실버,3,4,7926
2024-12,west,TRN,2024,TRN-PR,2.5T 하이브리드,AWD,오션 블루,3,3,6097
2024-12,west,TRN,2024,TRN-PR,2.5T 하이브리드,AWD,선셋 레드,2,2,4877
2024-12,west,TRN,2024,TRN-PR,2.5T 하이브리드,AWD,포레스트 그린,1,1,3048
2024-12,west,TRN,2024,TRN-PR,2.5T 하이브리드,AWD,샌드 베이지,1,1,3048
2024-12,west,TRN,2024,TRN-PR,2.5T 하이브리드,FWD,스노우 화이트,2,2,4877
2024-12,west,TRN,2024,TRN-PR,2.5T 하이브리드,FWD,미드나잇 블랙,2,2,3861
2024-12,west,TRN,2024,TRN-PR,2.5T 하이브리드,FWD,스틸 그레이,1,1,3252
2024-12,west,TRN,2024,TRN-PR,2.5T 하이브리드,FWD,실버,1,1,2642
2024-12,west,TRN,2024,TRN-PR,2.5T 하이브리드,FWD,오션 블루,1,1,2032
2024-12,west,TRN,2024,TRN-PR,2.5T 하이브리드,FWD,선셋 레드,1,1,1626
2024-12,west,TRN,2024,TRN-SU,3.5 가솔린,AWD,스노우 화이트,4,4,12182
2024-12,west,TRN,2024,TRN-SU,3.5 가솔린,AWD,미드나잇 블랙,3,3,9644
2024-12,west,TRN,2024,TRN-SU,3.5 가솔린,AWD,스틸 그레이,3,3,8121
2024-12,west,TRN,2024,TRN-SU,3.5 가솔린,AWD,실버,2,2,6599
2024-12,west,TRN,2024,TRN-SU,3.5 가솔린,AWD,오션 블루,2,2,5076
2024-12,west,TRN,2024,TRN-SU,3.5 가솔린,AWD,선셋 레드,1,1,4061
2024-12,west,TRN,2024,TRN-SU,3.5 가솔린,AWD,포레스트 그린,1,1,2538
2024-12,west,TRN,2024,TRN-SU,3.5 가솔린,AWD,샌드 베이지,1,1,2538
2024-12,west,TRN,2024,TRN-SU,3.5 가솔린,FWD,스노우 화이트,1,1,4061
2024-12,west,TRN,2024,TRN-SU,3.5 가솔린,FWD,미드나잇 블랙,1,1,3215
2024-12,west,TRN,2024,TRN-SU,3.5 가솔린,FWD,스틸 그레이,1,1,2707
2024-12,west,TRN,2024,TRN-SU,3.5 가솔린,FWD,실버,1,1,2200
2024-12,west,TRN,2024,TRN-SU,3.5 가솔린,FWD,오션 블루,1,1,1692
2024-12,west,TRN,2024,TRN-SU,2.5T 하이브리드,AWD,스노우 화이트,3,3,7723
2024-12,west,TRN,2024,TRN-SU,2.5T 하이브리드,AWD,미드나잇 블랙,2,2,6114
2024-12,west,TRN,2024,TRN-SU,2.5T 하이브리드,AWD,스틸 그레이,2,2,5149
2024-12,west,TRN,2024,TRN-SU,2.5T 하이브리드,AWD,실버,1,1,4183
2024-12,west,TRN,2024,TRN-SU,2.5T 하이브리드,AWD,오션 블루,1,1,3218
2024-12,west,TRN,2024,TRN-SU,2.5T 하이브리드,AWD,선셋 레드,1,1,2574
2024-12,west,TRN,2024,TRN-SU,2.5T 하이브리드,AWD,포레스트 그린,1,1,1609
2024-12,west,TRN,2024,TRN-SU,2.5T 하이브리드,AWD,샌드 베이지,1,1,1609
2024-12,west,TRN,2024,TRN-SU,2.5T 하이브리드,FWD,스노우 화이트,1,1,2574
2024-12,west,TRN,2024,TRN-SU,2.5T 하이브리드,FWD,미드나잇 블랙,1,1,2038
2024-12,west,TRN,2024,TRN-SU,2.5T 하이브리드,FWD,스틸 그레이,1,1,1716
2024-12,west,TRN,2025,TRN-CO,3.5 가솔린,AWD,스노우 화이트,166,170,315902
2024-12,west,TRN,2025,TRN-CO,3.5 가솔린,AWD,미드나잇 블랙,132,134,250089
2024-12,west,TRN,2025,TRN-CO,3.5 가솔린,AWD,스틸 그레이,111,113,210601
2024-12,west,TRN,2025,TRN-CO,3.5 가솔린,AWD,실버,90,92,171114
2024-12,west,TRN,2025,TRN-CO,3.5 가솔린,AWD,오션 블루,69,71,131626
2024-12,west,TRN,2025,TRN-CO,3.5 가솔린,AWD,선셋 레드,55,57,105301
2024-12,west,TRN,2025,TRN-CO,3.5 가솔린,AWD,포레스트 그린,35,35,65813
2024-12,west,TRN,2025,TRN-CO,3.5 가솔린,AWD,샌드 베이지,35,35,65813
2024-12,west,TRN,2025,TRN-CO,3.5 가솔린,FWD,스노우 화이트,55,57,105301
2024-12,west,TRN,2025,TRN-CO,3.5 가솔린,FWD,미드나잇 블랙,44,45,83363
2024-12,west,TRN,2025,TRN-CO,3.5 가솔린,FWD,스틸 그레이,37,38,70200
2024-12,west,TRN,2025,TRN-CO,3.5 가솔린,FWD,실버,30,31,57038
2024-12,west,TRN,2025,TRN-CO,3.5 가솔린,FWD,오션 블루,23,24,43875
2024-12,west,TRN,2025,TRN-CO,3.5 가솔린,FWD,선셋 레드,18,19,35100
2024-12,west,TRN,2025,TRN-CO,3.5 가솔린,FWD,포레스트 그린,12,12,21938
2024-12,west,TRN,2025,TRN-CO,3.5 가솔린,FWD,샌드 베이지,12,12,21938
2024-12,west,TRN,2025,TRN-CO,2.5T 하이브리드,AWD,스노우 화이트,106,108,200278
2024-12,west,TRN,2025,TRN-CO,2.5T 하이브리드,AWD,미드나잇 블랙,84,85,158553
2024-12,west,TRN,2025,TRN-CO,2.5T 하이브리드,AWD,스틸 그레이,70,72,133518
2024-12,west,TRN,2025,TRN-CO,2.5T 하이브리드,AWD,실버,57,58,108484
2024-12,west,TRN,2025,TRN-CO,2.5T 하이브리드,AWD,오션 블루,44,45,83449
2024-12,west,TRN,2025,TRN-CO,2.5T 하이브리드,AWD,선셋 레드,35,36,66759
2024-12,west,TRN,2025,TRN-CO,2.5T 하이브리드,AWD,포레스트 그린,22,22,41725
2024-12,west,TRN,2025,TRN-CO,2.5T 하이브리드,AWD,샌드 베이지,22,22,41725
2024-12,west,TRN,2025,TRN-CO,2.5T 하이브리드,FWD,스노우 화이트,35,36,66759
2024-12,west,TRN,2025,TRN-CO,2.5T 하이브리드,FWD,미드나잇 블랙,28,28,52851
2024-12,west,TRN,2025,TRN-CO,2.5T 하이브리드,FWD,스틸 그레이,23,24,44506
2024-12,west,TRN,2025,TRN-CO,2.5T 하이브리드,FWD,실버,19,19,36161
2024-12,west,TRN,2025,TRN-CO,2.5T 하이브리드,FWD,오션 블루,15,15,27816
2024-12,west,TRN,2025,TRN-CO,2.5T 하이브리드,FWD,선셋 레드,12,12,22253
2024-12,west,TRN,2025,TRN-CO,2.5T 하이브리드,FWD,포레스트 그린,7,7,13908
2024-12,west,TRN,2025,TRN-CO,2.5T 하이브리드,FWD,샌드 베이지,7,7,13908
2024-12,west,TRN,2025,TRN-PR,3.5 가솔린,AWD,스노우 화이트,193,197,438511
2024-12,west,TRN,2025,TRN-PR,3.5 가솔린,AWD,미드나잇 블랙,153,156,347154
2024-12,west,TRN,2025,TRN-PR,3.5 가솔린,AWD,스틸 그레이,129,131,292341
2024-12,west,TRN,2025,TRN-PR,3.5 가솔린,AWD,실버,104,106,237527
2024-12,west,TRN,2025,TRN-PR,3.5 가솔린,AWD,오션 블루,80,82,182713
2024-12,west,TRN,2025,TRN-PR,3.5 가솔린,AWD,선셋 레드,64,66,146170
2024-12,west,TRN,2025,TRN-PR,3.5 가솔린,AWD,포레스트 그린,40,41,91356
2024-12,west,TRN,2025,TRN-PR,3.5 가솔린,AWD,샌드 베이지,40,41,91356
2024-12,west,TRN,2025,TRN-PR,3.5 가솔린,FWD,스노우 화이트,64,66,146170
2024-12,west,TRN,2025,TRN-PR,3.5 가솔린,FWD,미드나잇 블랙,51,52,115718
2024-12,west,TRN,2025,TRN-PR,3.5 가솔린,FWD,스틸 그레이,43,44,97447
2024-12,west,TRN,2025,TRN-PR,3.5 가솔린,FWD,실버,35,35,79176
2024-12,west,TRN,2025,TRN-PR,3.5 가솔린,FWD,오션 블루,27,27,60904
2024-12,west,TRN,2025,TRN-PR,3.5 가솔린,FWD,선셋 레드,21,22,48723
2024-12,west,TRN,2025,TRN-PR,3.5 가솔린,FWD,포레스트 그린,13,14,30452
2024-12,west,TRN,2025,TRN-PR,3.5 가솔린,FWD,샌드 베이지,13,14,30452
2024-12,west,TRN,2025,TRN-PR,2.5T 하이브리드,AWD,스노우 화이트,122,125,278010
2024-12,west,TRN,2025,TRN-PR,2.5T 하이브리드,AWD,미드나잇 블랙,97,99,220091
2024-12,west,TRN,2025,TRN-PR,2.5T 하이브리드,AWD,스틸 그레이,81,83,185340
2024-12,west,TRN,2025,TRN-PR,2.5T 하이브리드,AWD,실버,66,68,150589
2024-12,west,TRN,2025,TRN-PR,2.5T 하이브리드,AWD,오션 블루,51,52,115838
2024-12,west,TRN,2025,TRN-PR,2.5T 하이브리드,AWD,선셋 레드,41,42,92670
2024-12,west,TRN,2025,TRN-PR,2.5T 하이브리드,AWD,포레스트 그린,25,26,57919
2024-12,west,TRN,2025,TRN-PR,2.5T 하이브리드,AWD,샌드 베이지,25,26,57919
2024-12,west,TRN,2025,TRN-PR,2.5T 하이브리드,FWD,스노우 화이트,41,42,92670
2024-12,west,TRN,2025,TRN-PR,2.5T 하이브리드,FWD,미드나잇 블랙,32,33,73364
2024-12,west,TRN,2025,TRN-PR,2.5T 하이브리드,FWD,스틸 그레이,27,28,61780
2024-12,west,TRN,2025,TRN-PR,2.5T 하이브리드,FWD,실버,22,23,50196
2024-12,west,TRN,2025,TRN-PR,2.5T 하이브리드,FWD,오션 블루,17,17,38613
2024-12,west,TRN,2025,TRN-PR,2.5T 하이브리드,FWD,선셋 레드,14,14,30890
2024-12,west,TRN,2025,TRN-PR,2.5T 하이브리드,FWD,포레스트 그린,8,9,19306
2024-12,west,TRN,2025,TRN-PR,2.5T 하이브리드,FWD,샌드 베이지,8,9,19306
2024-12,west,TRN,2025,TRN-SU,3.5 가솔린,AWD,스노우 화이트,79,80,231459
2024-12,west,TRN,2025,TRN-SU,3.5 가솔린,AWD,미드나잇 블랙,62,64,183238
2024-12,west,TRN,2025,TRN-SU,3.5 가솔린,AWD,스틸 그레이,53,54,154306
2024-12,west,TRN,2025,TRN-SU,3.5 가솔린,AWD,실버,43,44,125373
2024-12,west,TRN,2025,TRN-SU,3.5 가솔린,AWD,오션 블루,33,34,96441
2024-12,west,TRN,2025,TRN-SU,3.5 가솔린,AWD,선셋 레드,26,27,77153
2024-12,west,TRN,2025,TRN-SU,3.5 가솔린,AWD,포레스트 그린,16,17,48221
2024-12,west,TRN,2025,TRN-SU,3.5 가솔린,AWD,샌드 베이지,16,17,48221
2024-12,west,TRN,2025,TRN-SU,3.5 가솔린,FWD,스노우 화이트,26,27,77153
2024-12,west,TRN,2025,TRN-SU,3.5 가솔린,FWD,미드나잇 블랙,21,21,61079
2024-12,west,TRN,2025,TRN-SU,3.5 가솔린,FWD,스틸 그레이,18,18,51435
2024-12,west,TRN,2025,TRN-SU,3.5 가솔린,FWD,실버,14,15,41791
2024-12,west,TRN,2025,TRN-SU,3.5 가솔린,FWD,오션 블루,11,11,32147
2024-12,west,TRN,2025,TRN-SU,3.5 가솔린,FWD,선셋 레드,9,9,25718
2024-12,west,TRN,2025,TRN-SU,3.5 가솔린,FWD,포레스트 그린,5,6,16074
2024-12,west,TRN,2025,TRN-SU,3.5 가솔린,FWD,샌드 베이지,5,6,16074
2024-12,west,TRN,2025,TRN-SU,2.5T 하이브리드,AWD,스노우 화이트,50,51,146742
2024-12,west,TRN,2025,TRN-SU,2.5T 하이브리드,AWD,미드나잇 블랙,40,40,116171
2024-12,west,TRN,2025,TRN-SU,2.5T 하이브리드,AWD,스틸 그레이,33,34,97828
2024-12,west,TRN,2025,TRN-SU,2.5T 하이브리드,AWD,실버,27,28,79485
2024-12,west,TRN,2025,TRN-SU,2.5T 하이브리드,AWD,오션 블루,21,21,61142
2024-12,west,TRN,2025,TRN-SU,2.5T 하이브리드,AWD,선셋 레드,17,17,48914
2024-12,west,TRN,2025,TRN-SU,2.5T 하이브리드,AWD,포레스트 그린,10,11,30571
2024-12,west,TRN,2025,TRN-SU,2.5T 하이브리드,AWD,샌드 베이지,10,11,30571
2024-12,west,TRN,2025,TRN-SU,2.5T 하이브리드,FWD,스노우 화이트,17,17,48914
2024-12,west,TRN,2025,TRN-SU,2.5T 하이브리드,FWD,미드나잇 블랙,13,13,38724
2024-12,west,TRN,2025,TRN-SU,2.5T 하이브리드,FWD,스틸 그레이,11,11,32609
2024-12,west,TRN,2025,TRN-SU,2.5T 하이브리드,FWD,실버,9,9,26495
2024-12,west,TRN,2025,TRN-SU,2.5T 하이브리드,FWD,오션 블루,7,7,20381
2024-12,west,TRN,2025,TRN-SU,2.5T 하이브리드,FWD,선셋 레드,6,6,16305
2024-12,west,TRN,2025,TRN-SU,2.5T 하이브리드,FWD,포레스트 그린,3,4,10190
2024-12,west,TRN,2025,TRN-SU,2.5T 하이브리드,FWD,샌드 베이지,3,4,10190
2024-12,central,TRN,2024,TRN-CO,3.5 가솔린,AWD,스노우 화이트,7,7,12502
2024-12,central,TRN,2024,TRN-CO,3.5 가솔린,AWD,미드나잇 블랙,5,5,9897
2024-12,central,TRN,2024,TRN-CO,3.5 가솔린,AWD,스틸 그레이,4,4,8335
2024-12,central,TRN,2024,TRN-CO,3.5 가솔린,AWD,실버,4,4,6772
2024-12,central,TRN,2024,TRN-CO,3.5 가솔린,AWD,오션 블루,3,3,5209
2024-12,central,TRN,2024,TRN-CO,3.5 가솔린,AWD,선셋 레드,2,2,4167
2024-12,central,TRN,2024,TRN-CO,3.5 가솔린,AWD,포레스트 그린,1,1,2605
2024-12,central,TRN,2024,TRN-CO,3.5 가솔린,AWD,샌드 베이지,1,1,2605
2024-12,central,TRN,2024,TRN-CO,3.5 가솔린,FWD,스노우 화이트,1,1,1993
2024-12,central,TRN,2024,TRN-CO,3.5 가솔린,FWD,미드나잇 블랙,1,1,1578
2024-12,central,TRN,2024,TRN-CO,3.5 가솔린,FWD,스틸 그레이,1,1,1329
2024-12,central,TRN,2024,TRN-CO,3.5 가솔린,FWD,실버,1,1,1080
2024-12,central,TRN,2024,TRN-CO,2.5T 하이브리드,AWD,스노우 화이트,4,4,7926
2024-12,central,TRN,2024,TRN-CO,2.5T 하이브리드,AWD,미드나잇 블랙,3,3,6275
2024-12,central,TRN,2024,TRN-CO,2.5T 하이브리드,AWD,스틸 그레이,3,3,5284
2024-12,central,TRN,2024,TRN-CO,2.5T 하이브리드,AWD,실버,2,2,4293
2024-12,central,TRN,2024,TRN-CO,2.5T 하이브리드,AWD,오션 블루,2,2,3302
2024-12,central,TRN,2024,TRN-CO,2.5T 하이브리드,AWD,선셋 레드,1,1,2642
2024-12,central,TRN,2024,TRN-CO,2.5T 하이브리드,AWD,포레스트 그린,1,1,1651
2024-12,central,TRN,2024,TRN-CO,2.5T 하이브리드,AWD,샌드 베이지,1,1,1651
2024-12,central,TRN,2024,TRN-CO,2.5T 하이브리드,FWD,스노우 화이트,1,1,1264
2024-12,central,TRN,2024,TRN-CO,2.5T 하이브리드,FWD,미드나잇 블랙,1,1,1000
2024-12,central,TRN,2024,TRN-PR,3.5 가솔린,AWD,스노우 화이트,8,8,17354
2024-12,central,TRN,2024,TRN-PR,3.5 가솔린,AWD,미드나잇 블랙,6,6,13739
2024-12,central,TRN,2024,TRN-PR,3.5 가솔린,AWD,스틸 그레이,5,5,11569
2024-12,central,TRN,2024,TRN-PR,3.5 가솔린,AWD,실버,4,4,9400
2024-12,central,TRN,2024,TRN-PR,3.5 가솔린,AWD,오션 블루,3,3,7231
2024-12,central,TRN,2024,TRN-PR,3.5 가솔린,AWD,선셋 레드,3,3,5785
2024-12,central,TRN,2024,TRN-PR,3.5 가솔린,AWD,포레스트 그린,2,2,3615
2024-12,central,TRN,2024,TRN-PR,3.5 가솔린,AWD,샌드 베이지,2,2,3615
2024-12,central,TRN,2024,TRN-PR,3.5 가솔린,FWD,스노우 화이트,1,1,2767
2024-12,central,TRN,2024,TRN-PR,3.5 가솔린,FWD,미드나잇 블랙,1,1,2190
2024-12,central,TRN,2024,TRN-PR,3.5 가솔린,FWD,스틸 그레이,1,1,1844
2024-12,central,TRN,2024,TRN-PR,3.5 가솔린,FWD,실버,1,1,1499
2024-12,central,TRN,2024,TRN-PR,3.5 가솔린,FWD,오션 블루,1,1,1153
2024-12,central,TRN,2024,TRN-PR,2.5T 하이브리드,AWD,스노우 화이트,5,5,11002
2024-12,central,TRN,2024,TRN-PR,2.5T 하이브리드,AWD,미드나잇 블랙,4,4,8710
2024-12,central,TRN,2024,TRN-PR,2.5T 하이브리드,AWD,스틸 그레이,3,3,7335
2024-12,central,TRN,2024,TRN-PR,2.5T 하이브리드,AWD,실버,3,3,5960
2024-12,central,TRN,2024,TRN-PR,2.5T 하이브리드,AWD,오션 블루,2,2,4584
2024-12,central,TRN,2024,TRN-PR,2.5T 하이브리드,AWD,선셋 레드,2,2,3667
2024-12,central,TRN,2024,TRN-PR,2.5T 하이브리드,AWD,포레스트 그린,1,1,2292
2024-12,central,TRN,2024,TRN-PR,2.5T 하이브리드,AWD,샌드 베이지,1,1,2292
2024-12,central,TRN,2024,TRN-PR,2.5T 하이브리드,FWD,스노우 화이트,1,1,1754
2024-12,central,TRN,2024,TRN-PR,2.5T 하이브리드,FWD,미드나잇 블랙,1,1,1389
2024-12,central,TRN,2024,TRN-PR,2.5T 하이브리드,FWD,스틸 그레이,1,1,1169
2024-12,central,TRN,2024,TRN-SU,3.5 가솔린,AWD,스노우 화이트,3,3,9160
2024-12,central,TRN,2024,TRN-SU,3.5 가솔린,AWD,미드나잇 블랙,2,3,7252
2024-12,central,TRN,2024,TRN-SU,3.5 가솔린,AWD,스틸 그레이,2,2,6107
2024-12,central,TRN,2024,TRN-SU,3.5 가솔린,AWD,실버,2,2,4962
2024-12,central,TRN,2024,TRN-SU,3.5 가솔린,AWD,오션 블루,1,1,3817
2024-12,central,TRN,2024,TRN-SU,3.5 가솔린,AWD,선셋 레드,1,1,3053
2024-12,central,TRN,2024,TRN-SU,3.5 가솔린,AWD,포레스트 그린,1,1,1908
2024-12,central,TRN,2024,TRN-SU,3.5 가솔린,AWD,샌드 베이지,1,1,1908
2024-12,central,TRN,2024,TRN-SU,2.5T 하이브리드,AWD,스노우 화이트,2,2,5807
2024-12,central,TRN,2024,TRN-SU,2.5T 하이브리드,AWD,미드나잇 블랙,2,2,4597
2024-12,central,TRN,2024,TRN-SU,2.5T 하이브리드,AWD,스틸 그레이,1,1,3872
2024-12,central,TRN,2024,TRN-SU,2.5T 하이브리드,AWD,실버,1,1,3146
2024-12,central,TRN,2024,TRN-SU,2.5T 하이브리드,AWD,오션 블루,1,1,2420
2024-12,central,TRN,2024,TRN-SU,2.5T 하이브리드,AWD,선셋 레드,1,1,1936
2024-12,central,TRN,2025,TRN-CO,3.5 가솔린,AWD,스노우 화이트,125,128,237534
2024-12,central,TRN,2025,TRN-CO,3.5 가솔린,AWD,미드나잇 블랙,99,101,188048
2024-12,central,TRN,2025,TRN-CO,3.5 가솔린,AWD,스틸 그레이,83,85,158356
2024-12,central,TRN,2025,TRN-CO,3.5 가솔린,AWD,실버,68,69,128664
2024-12,central,TRN,2025,TRN-CO,3.5 가솔린,AWD,오션 블루,52,53,98972
2024-12,central,TRN,2025,TRN-CO,3.5 가솔린,AWD,선셋 레드,42,43,79178
2024-12,central,TRN,2025,TRN-CO,3.5 가솔린,AWD,포레스트 그린,26,27,49486
2024-12,central,TRN,2025,TRN-CO,3.5 가솔린,AWD,샌드 베이지,26,27,49486
2024-12,central,TRN,2025,TRN-CO,3.5 가솔린,FWD,스노우 화이트,20,20,37868
2024-12,central,TRN,2025,TRN-CO,3.5 가솔린,FWD,미드나잇 블랙,16,16,29979
2024-12,central,TRN,2025,TRN-CO,3.5 가솔린,FWD,스틸 그레이,13,14,25245
2024-12,central,TRN,2025,TRN-CO,3.5 가솔린,FWD,실버,11,11,20512
2024-12,central,TRN,2025,TRN-CO,3.5 가솔린,FWD,오션 블루,8,8,15778
2024-12,central,TRN,2025,TRN-CO,3.5 가솔린,FWD,선셋 레드,7,7,12623
2024-12,central,TRN,2025,TRN-CO,3.5 가솔린,FWD,포레스트 그린,4,4,7889
2024-12,central,TRN,2025,TRN-CO,3.5 가솔린,FWD,샌드 베이지,4,4,7889
2024-12,central,TRN,2025,TRN-CO,2.5T 하이브리드,AWD,스노우 화이트,79,81,150593
2024-12,central,TRN,2025,TRN-CO,2.5T 하이브리드,AWD,미드나잇 블랙,63,64,119220
2024-12,central,TRN,2025,TRN-CO,2.5T 하이브리드,AWD,스틸 그레이,53,54,100396
2024-12,central,TRN,2025,TRN-CO,2.5T 하이브리드,AWD,실버,43,44,81571
2024-12,central,TRN,2025,TRN-CO,2.5T 하이브리드,AWD,오션 블루,33,34,62747
2024-12,central,TRN,2025,TRN-CO,2.5T 하이브리드,AWD,선셋 레드,26,27,50198
2024-12,central,TRN,2025,TRN-CO,2.5T 하이브리드,AWD,포레스트 그린,17,17,31374
2024-12,central,TRN,2025,TRN-CO,2.5T 하이브리드,AWD,샌드 베이지,17,17,31374
2024-12,central,TRN,2025,TRN-CO,2.5T 하이브리드,FWD,스노우 화이트,13,13,24008
2024-12,central,TRN,2025,TRN-CO,2.5T 하이브리드,FWD,미드나잇 블랙,10,10,19006
2024-12,central,TRN,2025,TRN-CO,2.5T 하이브리드,FWD,스틸 그레이,8,9,16005
2024-12,central,TRN,2025,TRN-CO,2.5T 하이브리드,FWD,실버,7,7,13004
2024-12,central,TRN,2025,TRN-CO,2.5T 하이브리드,FWD,오션 블루,5,5,10003
2024-12,central,TRN,2025,TRN-CO,2.5T 하이브리드,FWD,선셋 레드,4,4,8003
2024-12,central,TRN,2025,TRN-CO,2.5T 하이브리드,FWD,포레스트 그린,3,3,5002
2024-12,central,TRN,2025,TRN-CO,2.5T 하이브리드,FWD,샌드 베이지,3,3,5002
2024-12,central,TRN,2025,TRN-PR,3.5 가솔린,AWD,스노우 화이트,145,148,329726
2024-12,central,TRN,2025,TRN-PR,3.5 가솔린,AWD,미드나잇 블랙,115,117,261033
2024-12,central,TRN,2025,TRN-PR,3.5 가솔린,AWD,스틸 그레이,97,99,219818
2024-12,central,TRN,2025,TRN-PR,3.5 가솔린,AWD,실버,79,80,178602
2024-12,central,TRN,2025,TRN-PR,3.5 가솔린,AWD,오션 블루,60,62,137386
2024-12,central,TRN,2025,TRN-PR,3.5 가솔린,AWD,선셋 레드,48,49,109909
2024-12,central,TRN,2025,TRN-PR,3.5 가솔린,AWD,포레스트 그린,30,31,68693
2024-12,central,TRN,2025,TRN-PR,3.5 가솔린,AWD,샌드 베이지,30,31,68693
2024-12,central,TRN,2025,TRN-PR,3.5 가솔린,FWD,스노우 화이트,23,24,52565
2024-12,central,TRN,2025,TRN-PR,3.5 가솔린,FWD,미드나잇 블랙,18,19,41614
2024-12,central,TRN,2025,TRN-PR,3.5 가솔린,FWD,스틸 그레이,15,16,35043
2024-12,central,TRN,2025,TRN-PR,3.5 가솔린,FWD,실버,13,13,28473
2024-12,central,TRN,2025,TRN-PR,3.5 가솔린,FWD,오션 블루,10,10,21902
2024-12,central,TRN,2025,TRN-PR,3.5 가솔린,FWD,선셋 레드,8,8,17522
2024-12,central,TRN,2025,TRN-PR,3.5 가솔린,FWD,포레스트 그린,5,5,10951
2024-12,central,TRN,2025,TRN-PR,3.5 가솔린,FWD,샌드 베이지,5,5,10951
2024-12,central,TRN,2025,TRN-PR,2.5T 하이브리드,AWD,스노우 화이트,92,94,209042
2024-12,central,TRN,2025,TRN-PR,2.5T 하이브리드,AWD,미드나잇 블랙,73,74,165492
2024-12,central,TRN,2025,TRN-PR,2.5T 하이브리드,AWD,스틸 그레이,61,62,139361
2024-12,central,TRN,2025,TRN-PR,2.5T 하이브리드,AWD,실버,50,51,113231
2024-12,central,TRN,2025,TRN-PR,2.5T 하이브리드,AWD,오션 블루,38,39,87101
2024-12,central,TRN,2025,TRN-PR,2.5T 하이브리드,AWD,선셋 레드,31,31,69681
2024-12,central,TRN,2025,TRN-PR,2.5T 하이브리드,AWD,포레스트 그린,19,20,43550
2024-12,central,TRN,2025,TRN-PR,2.5T 하이브리드,AWD,샌드 베이지,19,20,43550
2024-12,central,TRN,2025,TRN-PR,2.5T 하이브리드,FWD,스노우 화이트,15,15,33326
2024-12,central,TRN,2025,TRN-PR,2.5T 하이브리드,FWD,미드나잇 블랙,12,12,26383
2024-12,central,TRN,2025,TRN-PR,2.5T 하이브리드,FWD,스틸 그레이,10,10,22217
2024-12,central,TRN,2025,TRN-PR,2.5T 하이브리드,FWD,실버,8,8,18051
2024-12,central,TRN,2025,TRN-PR,2.5T 하이브리드,FWD,오션 블루,6,6,13886
2024-12,central,TRN,2025,TRN-PR,2.5T 하이브리드,FWD,선셋 레드,5,5,11109
2024-12,central,TRN,2025,TRN-PR,2.5T 하이브리드,FWD,포레스트 그린,3,3,6943
2024-12,central,TRN,2025,TRN-PR,2.5T 하이브리드,FWD,샌드 베이지,3,3,6943
2024-12,central,TRN,2025,TRN-SU,3.5 가솔린,AWD,스노우 화이트,59,60,174039
2024-12,central,TRN,2025,TRN-SU,3.5 가솔린,AWD,미드나잇 블랙,47,48,137781
2024-12,central,TRN,2025,TRN-SU,3.5 가솔린,AWD,스틸 그레이,40,40,116026
2024-12,central,TRN,2025,TRN-SU,3.5 가솔린,AWD,실버,32,33,94271
2024-12,central,TRN,2025,TRN-SU,3.5 가솔린,AWD,오션 블루,25,25,72516
2024-12,central,TRN,2025,TRN-SU,3.5 가솔린,AWD,선셋 레드,20,20,58013
2024-12,central,TRN,2025,TRN-SU,3.5 가솔린,AWD,포레스트 그린,12,13,36258
2024-12,central,TRN,2025,TRN-SU,3.5 가솔린,AWD,샌드 베이지,12,13,36258
2024-12,central,TRN,2025,TRN-SU,3.5 가솔린,FWD,스노우 화이트,9,10,27745
2024-12,central,TRN,2025,TRN-SU,3.5 가솔린,FWD,미드나잇 블랙,7,8,21965
2024-12,central,TRN,2025,TRN-SU,3.5 가솔린,FWD,스틸 그레이,6,6,18497
2024-12,central,TRN,2025,TRN-SU,3.5 가솔린,FWD,실버,5,5,15029
2024-12,central,TRN,2025,TRN-SU,3.5 가솔린,FWD,오션 블루,4,4,11561
2024-12,central,TRN,2025,TRN-SU,3.5 가솔린,FWD,선셋 레드,3,3,9248
2024-12,central,TRN,2025,TRN-SU,3.5 가솔린,FWD,포레스트 그린,2,2,5780
2024-12,central,TRN,2025,TRN-SU,3.5 가솔린,FWD,샌드 베이지,2,2,5780
2024-12,central,TRN,2025,TRN-SU,2.5T 하이브리드,AWD,스노우 화이트,38,38,110339
2024-12,central,TRN,2025,TRN-SU,2.5T 하이브리드,AWD,미드나잇 블랙,30,30,87351
2024-12,central,TRN,2025,TRN-SU,2.5T 하이브리드,AWD,스틸 그레이,25,26,73559
2024-12,central,TRN,2025,TRN-SU,2.5T 하이브리드,AWD,실버,20,21,59767
2024-12,central,TRN,2025,TRN-SU,2.5T 하이브리드,AWD,오션 블루,16,16,45974
2024-12,central,TRN,2025,TRN-SU,2.5T 하이브리드,AWD,선셋 레드,13,13,36780
2024-12,central,TRN,2025,TRN-SU,2.5T 하이브리드,AWD,포레스트 그린,8,8,22987
2024-12,central,TRN,2025,TRN-SU,2.5T 하이브리드,AWD,샌드 베이지,8,8,22987
2024-12,central,TRN,2025,TRN-SU,2.5T 하이브리드,FWD,스노우 화이트,6,6,17590
2024-12,central,TRN,2025,TRN-SU,2.5T 하이브리드,FWD,미드나잇 블랙,5,5,13926
2024-12,central,TRN,2025,TRN-SU,2.5T 하이브리드,FWD,스틸 그레이,4,4,11727
2024-12,central,TRN,2025,TRN-SU,2.5T 하이브리드,FWD,실버,3,3,9528
2024-12,central,TRN,2025,TRN-SU,2.5T 하이브리드,FWD,오션 블루,2,3,7329
2024-12,central,TRN,2025,TRN-SU,2.5T 하이브리드,FWD,선셋 레드,2,2,5863
2024-12,central,TRN,2025,TRN-SU,2.5T 하이브리드,FWD,포레스트 그린,1,1,3665
2024-12,central,TRN,2025,TRN-SU,2.5T 하이브리드,FWD,샌드 베이지,1,1,3665
2024-12,south,TRN,2024,TRN-CO,3.5 가솔린,AWD,스노우 화이트,5,5,10129
2024-12,south,TRN,2024,TRN-CO,3.5 가솔린,AWD,미드나잇 블랙,4,4,8019
2024-12,south,TRN,2024,TRN-CO,3.5 가솔린,AWD,스틸 그레이,4,4,6753
2024-12,south,TRN,2024,TRN-CO,3.5 가솔린,AWD,실버,3,3,5487
2024-12,south,TRN,2024,TRN-CO,3.5 가솔린,AWD,오션 블루,2,2,4221
2024-12,south,TRN,2024,TRN-CO,3.5 가솔린,AWD,선셋 레드,2,2,3376
2024-12,south,TRN,2024,TRN-CO,3.5 가솔린,AWD,포레스트 그린,1,1,2110
2024-12,south,TRN,2024,TRN-CO,3.5 가솔린,AWD,샌드 베이지,1,1,2110
2024-12,south,TRN,2024,TRN-CO,3.5 가솔린,FWD,스노우 화이트,5,5,8629
2024-12,south,TRN,2024,TRN-CO,3.5 가솔린,FWD,미드나잇 블랙,4,4,6831
2024-12,south,TRN,2024,TRN-CO,3.5 가솔린,FWD,스틸 그레이,3,3,5752
2024-12,south,TRN,2024,TRN-CO,3.5 가솔린,FWD,실버,2,3,4674
2024-12,south,TRN,2024,TRN-CO,3.5 가솔린,FWD,오션 블루,2,2,3595
2024-12,south,TRN,2024,TRN-CO,3.5 가솔린,FWD,선셋 레드,2,2,2876
2024-12,south,TRN,2024,TRN-CO,3.5 가솔린,FWD,포레스트 그린,1,1,1798
2024-12,south,TRN,2024,TRN-CO,3.5 가솔린,FWD,샌드 베이지,1,1,1798
2024-12,south,TRN,2024,TRN-CO,2.5T 하이브리드,AWD,스노우 화이트,3,3,6422
2024-12,south,TRN,2024,TRN-CO,2.5T 하이브리드,AWD,미드나잇 블랙,3,3,5084
2024-12,south,TRN,2024,TRN-CO,2.5T 하이브리드,AWD,스틸 그레이,2,2,4281
2024-12,south,TRN,2024,TRN-CO,2.5T 하이브리드,AWD,실버,2,2,3479
2024-12,south,TRN,2024,TRN-CO,2.5T 하이브리드,AWD,오션 블루,1,1,2676
2024-12,south,TRN,2024,TRN-CO,2.5T 하이브리드,AWD,선셋 레드,1,1,2141
2024-12,south,TRN,2024,TRN-CO,2.5T 하이브리드,AWD,포레스트 그린,1,1,1338
2024-12,south,TRN,2024,TRN-CO,2.5T 하이브리드,AWD,샌드 베이지,1,1,1338
2024-12,south,TRN,2024,TRN-CO,2.5T 하이브리드,FWD,스노우 화이트,3,3,5470
2024-12,south,TRN,2024,TRN-CO,2.5T 하이브리드,FWD,미드나잇 블랙,2,2,4331
2024-12,south,TRN,2024,TRN-CO,2.5T 하이브리드,FWD,스틸 그레이,2,2,3647
2024-12,south,TRN,2024,TRN-CO,2.5T 하이브리드,FWD,실버,2,2,2963
2024-12,south,TRN,2024,TRN-CO,2.5T 하이브리드,FWD,오션 블루,1,1,2279
2024-12,south,TRN,2024,TRN-CO,2.5T 하이브리드,FWD,선셋 레드,1,1,1823
2024-12,south,TRN,2024,TRN-CO,2.5T 하이브리드,FWD,포레스트 그린,1,1,1140
2024-12,south,TRN,2024,TRN-CO,2.5T 하이브리드,FWD,샌드 베이지,1,1,1140
2024-12,south,TRN,2024,TRN-PR,3.5 가솔린,AWD,스노우 화이트,6,6,14061
2024-12,south,TRN,2024,TRN-PR,3.5 가솔린,AWD,미드나잇 블랙,5,5,11131
2024-12,south,TRN,2024,TRN-PR,3.5 가솔린,AWD,스틸 그레이,4,4,9374
2024-12,south,TRN,2024,TRN-PR,3.5 가솔린,AWD,실버,3,3,7616
2024-12,south,TRN,2024,TRN-PR,3.5 가솔린,AWD,오션 블루,3,3,5859
2024-12,south,TRN,2024,TRN-PR,3.5 가솔린,AWD,선셋 레드,2,2,4687
2024-12,south,TRN,2024,TRN-PR,3.5 가솔린,AWD,포레스트 그린,1,1,2929
2024-12,south,TRN,2024,TRN-PR,3.5 가솔린,AWD,샌드 베이지,1,1,2929
2024-12,south,TRN,2024,TRN-PR,3.5 가솔린,FWD,스노우 화이트,5,5,11978
2024-12,south,TRN,2024,TRN-PR,3.5 가솔린,FWD,미드나잇 블랙,4,4,9482
2024-12,south,TRN,2024,TRN-PR,3.5 가솔린,FWD,스틸 그레이,4,4,7985
2024-12,south,TRN,2024,TRN-PR,3.5 가솔린,FWD,실버,3,3,6488
2024-12,south,TRN,2024,TRN-PR,3.5 가솔린,FWD,오션 블루,2,2,4991
2024-12,south,TRN,2024,TRN-PR,3.5 가솔린,FWD,선셋 레드,2,2,3993
2024-12,south,TRN,2024,TRN-PR,3.5 가솔린,FWD,포레스트 그린,1,1,2495
2024-12,south,TRN,2024,TRN-PR,3.5 가솔린,FWD,샌드 베이지,1,1,2495
2024-12,south,TRN,2024,TRN-PR,2.5T 하이브리드,AWD,스노우 화이트,4,4,8914
2024-12,south,TRN,2024,TRN-PR,2.5T 하이브리드,AWD,미드나잇 블랙,3,3,7057
2024-12,south,TRN,2024,TRN-PR,2.5T 하이브리드,AWD,스틸 그레이,3,3,5943
2024-12,south,TRN,2024,TRN-PR,2.5T 하이브리드,AWD,실버,2,2,4829
2024-12,south,TRN,2024,TRN-PR,2.5T 하이브리드,AWD,오션 블루,2,2,3714
2024-12,south,TRN,2024,TRN-PR,2.5T 하이브리드,AWD,선셋 레드,1,1,2971
2024-12,south,TRN,2024,TRN-PR,2.5T 하이브리드,AWD,포레스트 그린,1,1,1857
2024-12,south,TRN,2024,TRN-PR,2.5T 하이브리드,AWD,샌드 베이지,1,1,1857
2024-12,south,TRN,2024,TRN-PR,2.5T 하이브리드,FWD,스노우 화이트,3,3,7594
2024-12,south,TRN,2024,TRN-PR,2.5T 하이브리드,FWD,미드나잇 블랙,3,3,6012
2024-12,south,TRN,2024,TRN-PR,2.5T 하이브리드,FWD,스틸 그레이,2,2,5062
2024-12,south,TRN,2024,TRN-PR,2.5T 하이브리드,FWD,실버,2,2,4113
2024-12,south,TRN,2024,TRN-PR,2.5T 하이브리드,FWD,오션 블루,1,1,3164
2024-12,south,TRN,2024,TRN-PR,2.5T 하이브리드,FWD,선셋 레드,1,1,2531
2024-12,south,TRN,2024,TRN-PR,2.5T 하이브리드,FWD,포레스트 그린,1,1,1582
2024-12,south,TRN,2024,TRN-PR,2.5T 하이브리드,FWD,샌드 베이지,1,1,1582
2024-12,south,TRN,2024,TRN-SU,3.5 가솔린,AWD,스노우 화이트,3,3,7422
2024-12,south,TRN,2024,TRN-SU,3.5 가솔린,AWD,미드나잇 블랙,2,2,5875
2024-12,south,TRN,2024,TRN-SU,3.5 가솔린,AWD,스틸 그레이,2,2,4948
2024-12,south,TRN,2024,TRN-SU,3.5 가솔린,AWD,실버,1,1,4020
2024-12,south,TRN,2024,TRN-SU,3.5 가솔린,AWD,오션 블루,1,1,3092
2024-12,south,TRN,2024,TRN-SU,3.5 가솔린,AWD,선셋 레드,1,1,2474
2024-12,south,TRN,2024,TRN-SU,3.5 가솔린,AWD,포레스트 그린,1,1,1546
2024-12,south,TRN,2024,TRN-SU,3.5 가솔린,AWD,샌드 베이지,1,1,1546
2024-12,south,TRN,2024,TRN-SU,3.5 가솔린,FWD,스노우 화이트,2,2,6322
2024-12,south,TRN,2024,TRN-SU,3.5 가솔린,FWD,미드나잇 블랙,2,2,5005
2024-12,south,TRN,2024,TRN-SU,3.5 가솔린,FWD,스틸 그레이,1,1,4215
2024-12,south,TRN,2024,TRN-SU,3.5 가솔린,FWD,실버,1,1,3425
2024-12,south,TRN,2024,TRN-SU,3.5 가솔린,FWD,오션 블루,1,1,2634
2024-12,south,TRN,2024,TRN-SU,3.5 가솔린,FWD,선셋 레드,1,1,2107
2024-12,south,TRN,2024,TRN-SU,2.5T 하이브리드,AWD,스노우 화이트,2,2,4705
2024-12,south,TRN,2024,TRN-SU,2.5T 하이브리드,AWD,미드나잇 블랙,1,1,3725
2024-12,south,TRN,2024,TRN-SU,2.5T 하이브리드,AWD,스틸 그레이,1,1,3137
2024-12,south,TRN,2024,TRN-SU,2.5T 하이브리드,AWD,실버,1,1,2549
2024-12,south,TRN,2024,TRN-SU,2.5T 하이브리드,AWD,오션 블루,1,1,1961
2024-12,south,TRN,2024,TRN-SU,2.5T 하이브리드,AWD,선셋 레드,1,1,1568
2024-12,south,TRN,2024,TRN-SU,2.5T 하이브리드,FWD,스노우 화이트,1,1,4008
2024-12,south,TRN,2024,TRN-SU,2.5T 하이브리드,FWD,미드나잇 블랙,1,1,3173
2024-12,south,TRN,2024,TRN-SU,2.5T 하이브리드,FWD,스틸 그레이,1,1,2672
2024-12,south,TRN,2024,TRN-SU,2.5T 하이브리드,FWD,실버,1,1,2171
2024-12,south,TRN,2024,TRN-SU,2.5T 하이브리드,FWD,오션 블루,1,1,1670
2024-12,south,TRN,2025,TRN-CO,3.5 가솔린,AWD,스노우 화이트,101,103,192457
2024-12,south,TRN,2025,TRN-CO,3.5 가솔린,AWD,미드나잇 블랙,80,82,152362
2024-12,south,TRN,2025,TRN-CO,3.5 가솔린,AWD,스틸 그레이,68,69,128305
2024-12,south,TRN,2025,TRN-CO,3.5 가솔린,AWD,실버,55,56,104248
2024-12,south,TRN,2025,TRN-CO,3.5 가솔린,AWD,오션 블루,42,43,80190
2024-12,south,TRN,2025,TRN-CO,3.5 가솔린,AWD,선셋 레드,34,34,64152
2024-12,south,TRN,2025,TRN-CO,3.5 가솔린,AWD,포레스트 그린,21,22,40095
2024-12,south,TRN,2025,TRN-CO,3.5 가솔린,AWD,샌드 베이지,21,22,40095
2024-12,south,TRN,2025,TRN-CO,3.5 가솔린,FWD,스노우 화이트,86,88,163945
2024-12,south,TRN,2025,TRN-CO,3.5 가솔린,FWD,미드나잇 블랙,68,70,129790
2024-12,south,TRN,2025,TRN-CO,3.5 가솔린,FWD,스틸 그레이,58,59,109297
2024-12,south,TRN,2025,TRN-CO,3.5 가솔린,FWD,실버,47,48,88804
2024-12,south,TRN,2025,TRN-CO,3.5 가솔린,FWD,오션 블루,36,37,68310
2024-12,south,TRN,2025,TRN-CO,3.5 가솔린,FWD,선셋 레드,29,29,54648
2024-12,south,TRN,2025,TRN-CO,3.5 가솔린,FWD,포레스트 그린,18,18,34155
2024-12,south,TRN,2025,TRN-CO,3.5 가솔린,FWD,샌드 베이지,18,18,34155
2024-12,south,TRN,2025,TRN-CO,2.5T 하이브리드,AWD,스노우 화이트,64,66,122015
2024-12,south,TRN,2025,TRN-CO,2.5T 하이브리드,AWD,미드나잇 블랙,51,52,96595
2024-12,south,TRN,2025,TRN-CO,2.5T 하이브리드,AWD,스틸 그레이,43,44,81344
2024-12,south,TRN,2025,TRN-CO,2.5T 하이브리드,AWD,실버,35,36,66092
2024-12,south,TRN,2025,TRN-CO,2.5T 하이브리드,AWD,오션 블루,27,27,50840
2024-12,south,TRN,2025,TRN-CO,2.5T 하이브리드,AWD,선셋 레드,21,22,40672
2024-12,south,TRN,2025,TRN-CO,2.5T 하이브리드,AWD,포레스트 그린,13,14,25420
2024-12,south,TRN,2025,TRN-CO,2.5T 하이브리드,AWD,샌드 베이지,13,14,25420
2024-12,south,TRN,2025,TRN-CO,2.5T 하이브리드,FWD,스노우 화이트,55,56,103939
2024-12,south,TRN,2025,TRN-CO,2.5T 하이브리드,FWD,미드나잇 블랙,43,44,82285
2024-12,south,TRN,2025,TRN-CO,2.5T 하이브리드,FWD,스틸 그레이,37,37,69293
2024-12,south,TRN,2025,TRN-CO,2.5T 하이브리드,FWD,실버,30,30,56300
2024-12,south,TRN,2025,TRN-CO,2.5T 하이브리드,FWD,오션 블루,23,23,43308
2024-12,south,TRN,2025,TRN-CO,2.5T 하이브리드,FWD,선셋 레드,18,19,34646
2024-12,south,TRN,2025,TRN-CO,2.5T 하이브리드,FWD,포레스트 그린,11,12,21654
2024-12,south,TRN,2025,TRN-CO,2.5T 하이브리드,FWD,샌드 베이지,11,12,21654
2024-12,south,TRN,2025,TRN-PR,3.5 가솔린,AWD,스노우 화이트,117,120,267154
2024-12,south,TRN,2025,TRN-PR,3.5 가솔린,AWD,미드나잇 블랙,93,95,211497
2024-12,south,TRN,2025,TRN-PR,3.5 가솔린,AWD,스틸 그레이,78,80,178103
2024-12,south,TRN,2025,TRN-PR,3.5 가솔린,AWD,실버,64,65,144709
2024-12,south,TRN,2025,TRN-PR,3.5 가솔린,AWD,오션 블루,49,50,111314
2024-12,south,TRN,2025,TRN-PR,3.5 가솔린,AWD,선셋 레드,39,40,89051
2024-12,south,TRN,2025,TRN-PR,3.5 가솔린,AWD,포레스트 그린,24,25,55657
2024-12,south,TRN,2025,TRN-PR,3.5 가솔린,AWD,샌드 베이지,24,25,55657
2024-12,south,TRN,2025,TRN-PR,3.5 가솔린,FWD,스노우 화이트,100,102,227576
2024-12,south,TRN,2025,TRN-PR,3.5 가솔린,FWD,미드나잇 블랙,79,81,180164
2024-12,south,TRN,2025,TRN-PR,3.5 가솔린,FWD,스틸 그레이,67,68,151717
2024-12,south,TRN,2025,TRN-PR,3.5 가솔린,FWD,실버,54,55,123270
2024-12,south,TRN,2025,TRN-PR,3.5 가솔린,FWD,오션 블루,42,43,94823
2024-12,south,TRN,2025,TRN-PR,3.5 가솔린,FWD,선셋 레드,33,34,75859
2024-12,south,TRN,2025,TRN-PR,3.5 가솔린,FWD,포레스트 그린,21,21,47412
2024-12,south,TRN,2025,TRN-PR,3.5 가솔린,FWD,샌드 베이지,21,21,47412
2024-12,south,TRN,2025,TRN-PR,2.5T 하이브리드,AWD,스노우 화이트,74,76,169372
2024-12,south,TRN,2025,TRN-PR,2.5T 하이브리드,AWD,미드나잇 블랙,59,60,134086
2024-12,south,TRN,2025,TRN-PR,2.5T 하이브리드,AWD,스틸 그레이,50,51,112915
2024-12,south,TRN,2025,TRN-PR,2.5T 하이브리드,AWD,실버,40,41,91743
2024-12,south,TRN,2025,TRN-PR,2.5T 하이브리드,AWD,오션 블루,31,32,70572
2024-12,south,TRN,2025,TRN-PR,2.5T 하이브리드,AWD,선셋 레드,25,25,56457
2024-12,south,TRN,2025,TRN-PR,2.5T 하이브리드,AWD,포레스트 그린,16,16,35286
2024-12,south,TRN,2025,TRN-PR,2.5T 하이브리드,AWD,샌드 베이지,16,16,35286
2024-12,south,TRN,2025,TRN-PR,2.5T 하이브리드,FWD,스노우 화이트,63,65,144280
2024-12,south,TRN,2025,TRN-PR,2.5T 하이브리드,FWD,미드나잇 블랙,50,51,114222
2024-12,south,TRN,2025,TRN-PR,2.5T 하이브리드,FWD,스틸 그레이,42,43,96187
2024-12,south,TRN,2025,TRN-PR,2.5T 하이브리드,FWD,실버,34,35,78152
2024-12,south,TRN,2025,TRN-PR,2.5T 하이브리드,FWD,오션 블루,26,27,60117
2024-12,south,TRN,2025,TRN-PR,2.5T 하이브리드,FWD,선셋 레드,21,22,48093
2024-12,south,TRN,2025,TRN-PR,2.5T 하이브리드,FWD,포레스트 그린,13,13,30058
2024-12,south,TRN,2025,TRN-PR,2.5T 하이브리드,FWD,샌드 베이지,13,13,30058
2024-12,south,TRN,2025,TRN-SU,3.5 가솔린,AWD,스노우 화이트,48,49,141012
2024-12,south,TRN,2025,TRN-SU,3.5 가솔린,AWD,미드나잇 블랙,38,39,111634
2024-12,south,TRN,2025,TRN-SU,3.5 가솔린,AWD,스틸 그레이,32,33,94008
2024-12,south,TRN,2025,TRN-SU,3.5 가솔린,AWD,실버,26,27,76381
2024-12,south,TRN,2025,TRN-SU,3.5 가솔린,AWD,오션 블루,20,20,58755
2024-12,south,TRN,2025,TRN-SU,3.5 가솔린,AWD,선셋 레드,16,16,47004
2024-12,south,TRN,2025,TRN-SU,3.5 가솔린,AWD,포레스트 그린,10,10,29377
2024-12,south,TRN,2025,TRN-SU,3.5 가솔린,AWD,샌드 베이지,10,10,29377
2024-12,south,TRN,2025,TRN-SU,3.5 가솔린,FWD,스노우 화이트,41,42,120121
2024-12,south,TRN,2025,TRN-SU,3.5 가솔린,FWD,미드나잇 블랙,32,33,95096
2024-12,south,TRN,2025,TRN-SU,3.5 가솔린,FWD,스틸 그레이,27,28,80081
2024-12,south,TRN,2025,TRN-SU,3.5 가솔린,FWD,실버,22,23,65066
2024-12,south,TRN,2025,TRN-SU,3.5 가솔린,FWD,오션 블루,17,17,50050
2024-12,south,TRN,2025,TRN-SU,3.5 가솔린,FWD,선셋 레드,14,14,40040
2024-12,south,TRN,2025,TRN-SU,3.5 가솔린,FWD,포레스트 그린,9,9,25025
2024-12,south,TRN,2025,TRN-SU,3.5 가솔린,FWD,샌드 베이지,9,9,25025
2024-12,south,TRN,2025,TRN-SU,2.5T 하이브리드,AWD,스노우 화이트,30,31,89400
2024-12,south,TRN,2025,TRN-SU,2.5T 하이브리드,AWD,미드나잇 블랙,24,25,70775
2024-12,south,TRN,2025,TRN-SU,2.5T 하이브리드,AWD,스틸 그레이,20,21,59600
2024-12,south,TRN,2025,TRN-SU,2.5T 하이브리드,AWD,실버,16,17,48425
2024-12,south,TRN,2025,TRN-SU,2.5T 하이브리드,AWD,오션 블루,13,13,37250
2024-12,south,TRN,2025,TRN-SU,2.5T 하이브리드,AWD,선셋 레드,10,10,29800
2024-12,south,TRN,2025,TRN-SU,2.5T 하이브리드,AWD,포레스트 그린,6,6,18625
2024-12,south,TRN,2025,TRN-SU,2.5T 하이브리드,AWD,샌드 베이지,6,6,18625
2024-12,south,TRN,2025,TRN-SU,2.5T 하이브리드,FWD,스노우 화이트,26,26,76155
2024-12,south,TRN,2025,TRN-SU,2.5T 하이브리드,FWD,미드나잇 블랙,21,21,60290
2024-12,south,TRN,2025,TRN-SU,2.5T 하이브리드,FWD,스틸 그레이,17,18,50770
2024-12,south,TRN,2025,TRN-SU,2.5T 하이브리드,FWD,실버,14,14,41251
2024-12,south,TRN,2025,TRN-SU,2.5T 하이브리드,FWD,오션 블루,11,11,31731
2024-12,south,TRN,2025,TRN-SU,2.5T 하이브리드,FWD,선셋 레드,9,9,25385
2024-12,south,TRN,2025,TRN-SU,2.5T 하이브리드,FWD,포레스트 그린,5,6,15866
2024-12,south,TRN,2025,TRN-SU,2.5T 하이브리드,FWD,샌드 베이지,5,6,15866
2024-12,northeast,TRN,2024,TRN-CO,3.5 가솔린,AWD,스노우 화이트,7,7,13770
2024-12,northeast,TRN,2024,TRN-CO,3.5 가솔린,AWD,미드나잇 블랙,6,6,10901
2024-12,northeast,TRN,2024,TRN-CO,3.5 가솔린,AWD,스틸 그레이,5,5,9180
2024-12,northeast,TRN,2024,TRN-CO,3.5 가솔린,AWD,실버,4,4,7459
2024-12,northeast,TRN,2024,TRN-CO,3.5 가솔린,AWD,오션 블루,3,3,5738
2024-12,northeast,TRN,2024,TRN-CO,3.5 가솔린,AWD,선셋 레드,2,2,4590
2024-12,northeast,TRN,2024,TRN-CO,3.5 가솔린,AWD,포레스트 그린,2,2,2869
2024-12,northeast,TRN,2024,TRN-CO,3.5 가솔린,AWD,샌드 베이지,2,2,2869
2024-12,northeast,TRN,2024,TRN-CO,2.5T 하이브리드,AWD,스노우 화이트,5,5,8730
2024-12,northeast,TRN,2024,TRN-CO,2.5T 하이브리드,AWD,미드나잇 블랙,4,4,6911
2024-12,northeast,TRN,2024,TRN-CO,2.5T 하이브리드,AWD,스틸 그레이,3,3,5820
2024-12,northeast,TRN,2024,TRN-CO,2.5T 하이브리드,AWD,실버,2,3,4729
2024-12,northeast,TRN,2024,TRN-CO,2.5T 하이브리드,AWD,오션 블루,2,2,3638
2024-12,northeast,TRN,2024,TRN-CO,2.5T 하이브리드,AWD,선셋 레드,2,2,2910
2024-12,northeast,TRN,2024,TRN-CO,2.5T 하이브리드,AWD,포레스트 그린,1,1,1819
2024-12,northeast,TRN,2024,TRN-CO,2.5T 하이브리드,AWD,샌드 베이지,1,1,1819
2024-12,northeast,TRN,2024,TRN-PR,3.5 가솔린,AWD,스노우 화이트,8,9,19115
2024-12,northeast,TRN,2024,TRN-PR,3.5 가솔린,AWD,미드나잇 블랙,7,7,15132
2024-12,northeast,TRN,2024,TRN-PR,3.5 가솔린,AWD,스틸 그레이,6,6,12743
2024-12,northeast,TRN,2024,TRN-PR,3.5 가솔린,AWD,실버,5,5,10354
2024-12,northeast,TRN,2024,TRN-PR,3.5 가솔린,AWD,오션 블루,4,4,7964
2024-12,northeast,TRN,2024,TRN-PR,3.5 가솔린,AWD,선셋 레드,3,3,6372
2024-12,northeast,TRN,2024,TRN-PR,3.5 가솔린,AWD,포레스트 그린,2,2,3982
2024-12,northeast,TRN,2024,TRN-PR,3.5 가솔린,AWD,샌드 베이지,2,2,3982
2024-12,northeast,TRN,2024,TRN-PR,2.5T 하이브리드,AWD,스노우 화이트,5,5,12118
2024-12,northeast,TRN,2024,TRN-PR,2.5T 하이브리드,AWD,미드나잇 블랙,4,4,9594
2024-12,northeast,TRN,2024,TRN-PR,2.5T 하이브리드,AWD,스틸 그레이,4,4,8079
2024-12,northeast,TRN,2024,TRN-PR,2.5T 하이브리드,AWD,실버,3,3,6564
2024-12,northeast,TRN,2024,TRN-PR,2.5T 하이브리드,AWD,오션 블루,2,2,5049
2024-12,northeast,TRN,2024,TRN-PR,2.5T 하이브리드,AWD,선셋 레드,2,2,4039
2024-12,northeast,TRN,2024,TRN-PR,2.5T 하이브리드,AWD,포레스트 그린,1,1,2525
2024-12,northeast,TRN,2024,TRN-PR,2.5T 하이브리드,AWD,샌드 베이지,1,1,2525
2024-12,northeast,TRN,2024,TRN-SU,3.5 가솔린,AWD,스노우 화이트,3,4,10089
2024-12,northeast,TRN,2024,TRN-SU,3.5 가솔린,AWD,미드나잇 블랙,3,3,7987
2024-12,northeast,TRN,2024,TRN-SU,3.5 가솔린,AWD,스틸 그레이,2,2,6726
2024-12,northeast,TRN,2024,TRN-SU,3.5 가솔린,AWD,실버,2,2,5465
2024-12,northeast,TRN,2024,TRN-SU,3.5 가솔린,AWD,오션 블루,1,1,4204
2024-12,northeast,TRN,2024,TRN-SU,3.5 가솔린,AWD,선셋 레드,1,1,3363
2024-12,northeast,TRN,2024,TRN-SU,3.5 가솔린,AWD,포레스트 그린,1,1,2102
2024-12,northeast,TRN,2024,TRN-SU,3.5 가솔린,AWD,샌드 베이지,1,1,2102
2024-12,northeast,TRN,2024,TRN-SU,2.5T 하이브리드,AWD,스노우 화이트,2,2,6396
2024-12,northeast,TRN,2024,TRN-SU,2.5T 하이브리드,AWD,미드나잇 블랙,2,2,5064
2024-12,northeast,TRN,2024,TRN-SU,2.5T 하이브리드,AWD,스틸 그레이,1,1,4264
2024-12,northeast,TRN,2024,TRN-SU,2.5T 하이브리드,AWD,실버,1,1,3465
2024-12,northeast,TRN,2024,TRN-SU,2.5T 하이브리드,AWD,오션 블루,1,1,2665
2024-12,northeast,TRN,2024,TRN-SU,2.5T 하이브리드,AWD,선셋 레드,1,1,2132
2024-12,northeast,TRN,2025,TRN-CO,3.5 가솔린,AWD,스노우 화이트,138,141,261632
2024-12,northeast,TRN,2025,TRN-CO,3.5 가솔린,AWD,미드나잇 블랙,109,111,207125
2024-12,northeast,TRN,2025,TRN-CO,3.5 가솔린,AWD,스틸 그레이,92,94,174421
2024-12,northeast,TRN,2025,TRN-CO,3.5 가솔린,AWD,실버,75,76,141717
2024-12,northeast,TRN,2025,TRN-CO,3.5 가솔린,AWD,오션 블루,57,59,109013
2024-12,northeast,TRN,2025,TRN-CO,3.5 가솔린,AWD,선셋 레드,46,47,87211
2024-12,northeast,TRN,2025,TRN-CO,3.5 가솔린,AWD,포레스트 그린,29,29,54507
2024-12,northeast,TRN,2025,TRN-CO,3.5 가솔린,AWD,샌드 베이지,29,29,54507
2024-12,northeast,TRN,2025,TRN-CO,3.5 가솔린,FWD,스노우 화이트,7,7,13770
2024-12,northeast,TRN,2025,TRN-CO,3.5 가솔린,FWD,미드나잇 블랙,6,6,10901
2024-12,northeast,TRN,2025,TRN-CO,3.5 가솔린,FWD,스틸 그레이,5,5,9180
2024-12,northeast,TRN,2025,TRN-CO,3.5 가솔린,FWD,실버,4,4,7459
2024-12,northeast,TRN,2025,TRN-CO,3.5 가솔린,FWD,오션 블루,3,3,5738
2024-12,northeast,TRN,2025,TRN-CO,3.5 가솔린,FWD,선셋 레드,2,2,4590
2024-12,northeast,TRN,2025,TRN-CO,3.5 가솔린,FWD,포레스트 그린,2,2,2869
2024-12,northeast,TRN,2025,TRN-CO,3.5 가솔린,FWD,샌드 베이지,2,2,2869
2024-12,northeast,TRN,2025,TRN-CO,2.5T 하이브리드,AWD,스노우 화이트,87,89,165871
2024-12,northeast,TRN,2025,TRN-CO,2.5T 하이브리드,AWD,미드나잇 블랙,69,71,131315
2024-12,northeast,TRN,2025,TRN-CO,2.5T 하이브리드,AWD,스틸 그레이,58,59,110581
2024-12,northeast,TRN,2025,TRN-CO,2.5T 하이브리드,AWD,실버,47,48,89847
2024-12,northeast,TRN,2025,TRN-CO,2.5T 하이브리드,AWD,오션 블루,36,37,69113
2024-12,northeast,TRN,2025,TRN-CO,2.5T 하이브리드,AWD,선셋 레드,29,30,55290
2024-12,northeast,TRN,2025,TRN-CO,2.5T 하이브리드,AWD,포레스트 그린,18,19,34556
2024-12,northeast,TRN,2025,TRN-CO,2.5T 하이브리드,AWD,샌드 베이지,18,19,34556
2024-12,northeast,TRN,2025,TRN-CO,2.5T 하이브리드,FWD,스노우 화이트,5,5,8730
2024-12,northeast,TRN,2025,TRN-CO,2.5T 하이브리드,FWD,미드나잇 블랙,4,4,6911
2024-12,northeast,TRN,2025,TRN-CO,2.5T 하이브리드,FWD,스틸 그레이,3,3,5820
2024-12,northeast,TRN,2025,TRN-CO,2.5T 하이브리드,FWD,실버,2,3,4729
2024-12,northeast,TRN,2025,TRN-CO,2.5T 하이브리드,FWD,오션 블루,2,2,3638
2024-12,northeast,TRN,2025,TRN-CO,2.5T 하이브리드,FWD,선셋 레드,2,2,2910
2024-12,northeast,TRN,2025,TRN-CO,2.5T 하이브리드,FWD,포레스트 그린,1,1,1819
2024-12,northeast,TRN,2025,TRN-CO,2.5T 하이브리드,FWD,샌드 베이지,1,1,1819
2024-12,northeast,TRN,2025,TRN-PR,3.5 가솔린,AWD,스노우 화이트,160,163,363177
2024-12,northeast,TRN,2025,TRN-PR,3.5 가솔린,AWD,미드나잇 블랙,126,129,287515
2024-12,northeast,TRN,2025,TRN-PR,3.5 가솔린,AWD,스틸 그레이,106,109,242118
2024-12,northeast,TRN,2025,TRN-PR,3.5 가솔린,AWD,실버,86,88,196721
2024-12,northeast,TRN,2025,TRN-PR,3.5 가솔린,AWD,오션 블루,67,68,151324
2024-12,northeast,TRN,2025,TRN-PR,3.5 가솔린,AWD,선셋 레드,53,54,121059
2024-12,northeast,TRN,2025,TRN-PR,3.5 가솔린,AWD,포레스트 그린,33,34,75662
2024-12,northeast,TRN,2025,TRN-PR,3.5 가솔린,AWD,샌드 베이지,33,34,75662
2024-12,northeast,TRN,2025,TRN-PR,3.5 가솔린,FWD,스노우 화이트,8,9,19115
2024-12,northeast,TRN,2025,TRN-PR,3.5 가솔린,FWD,미드나잇 블랙,7,7,15132
2024-12,northeast,TRN,2025,TRN-PR,3.5 가솔린,FWD,스틸 그레이,6,6,12743
2024-12,northeast,TRN,2025,TRN-PR,3.5 가솔린,FWD,실버,5,5,10354
2024-12,northeast,TRN,2025,TRN-PR,3.5 가솔린,FWD,오션 블루,4,4,7964
2024-12,northeast,TRN,2025,TRN-PR,3.5 가솔린,FWD,선셋 레드,3,3,6372
2024-12,northeast,TRN,2025,TRN-PR,3.5 가솔린,FWD,포레스트 그린,2,2,3982
2024-12,northeast,TRN,2025,TRN-PR,3.5 가솔린,FWD,샌드 베이지,2,2,3982
2024-12,northeast,TRN,2025,TRN-PR,2.5T 하이브리드,AWD,스노우 화이트,101,103,230249
2024-12,northeast,TRN,2025,TRN-PR,2.5T 하이브리드,AWD,미드나잇 블랙,80,82,182281
2024-12,northeast,TRN,2025,TRN-PR,2.5T 하이브리드,AWD,스틸 그레이,67,69,153500
2024-12,northeast,TRN,2025,TRN-PR,2.5T 하이브리드,AWD,실버,55,56,124718
2024-12,northeast,TRN,2025,TRN-PR,2.5T 하이브리드,AWD,오션 블루,42,43,95937
2024-12,northeast,TRN,2025,TRN-PR,2.5T 하이브리드,AWD,선셋 레드,34,34,76750
2024-12,northeast,TRN,2025,TRN-PR,2.5T 하이브리드,AWD,포레스트 그린,21,22,47969
2024-12,northeast,TRN,2025,TRN-PR,2.5T 하이브리드,AWD,샌드 베이지,21,22,47969
2024-12,northeast,TRN,2025,TRN-PR,2.5T 하이브리드,FWD,스노우 화이트,5,5,12118
2024-12,northeast,TRN,2025,TRN-PR,2.5T 하이브리드,FWD,미드나잇 블랙,4,4,9594
2024-12,northeast,TRN,2025,TRN-PR,2.5T 하이브리드,FWD,스틸 그레이,4,4,8079
2024-12,northeast,TRN,2025,TRN-PR,2.5T 하이브리드,FWD,실버,3,3,6564
2024-12,northeast,TRN,2025,TRN-PR,2.5T 하이브리드,FWD,오션 블루,2,2,5049
2024-12,northeast,TRN,2025,TRN-PR,2.5T 하이브리드,FWD,선셋 레드,2,2,4039
2024-12,northeast,TRN,2025,TRN-PR,2.5T 하이브리드,FWD,포레스트 그린,1,1,2525
2024-12,northeast,TRN,2025,TRN-PR,2.5T 하이브리드,FWD,샌드 베이지,1,1,2525
2024-12,northeast,TRN,2025,TRN-SU,3.5 가솔린,AWD,스노우 화이트,65,67,191695
2024-12,northeast,TRN,2025,TRN-SU,3.5 가솔린,AWD,미드나잇 블랙,52,53,151759
2024-12,northeast,TRN,2025,TRN-SU,3.5 가솔린,AWD,스틸 그레이,44,44,127797
2024-12,northeast,TRN,2025,TRN-SU,3.5 가솔린,AWD,실버,35,36,103835
2024-12,northeast,TRN,2025,TRN-SU,3.5 가솔린,AWD,오션 블루,27,28,79873
2024-12,northeast,TRN,2025,TRN-SU,3.5 가솔린,AWD,선셋 레드,22,22,63898
2024-12,northeast,TRN,2025,TRN-SU,3.5 가솔린,AWD,포레스트 그린,14,14,39937
2024-12,northeast,TRN,2025,TRN-SU,3.5 가솔린,AWD,샌드 베이지,14,14,39937
2024-12,northeast,TRN,2025,TRN-SU,3.5 가솔린,FWD,스노우 화이트,3,4,10089
2024-12,northeast,TRN,2025,TRN-SU,3.5 가솔린,FWD,미드나잇 블랙,3,3,7987
2024-12,northeast,TRN,2025,TRN-SU,3.5 가솔린,FWD,스틸 그레이,2,2,6726
2024-12,northeast,TRN,2025,TRN-SU,3.5 가솔린,FWD,실버,2,2,5465
2024-12,northeast,TRN,2025,TRN-SU,3.5 가솔린,FWD,오션 블루,1,1,4204
2024-12,northeast,TRN,2025,TRN-SU,3.5 가솔린,FWD,선셋 레드,1,1,3363
2024-12,northeast,TRN,2025,TRN-SU,3.5 가솔린,FWD,포레스트 그린,1,1,2102
2024-12,northeast,TRN,2025,TRN-SU,3.5 가솔린,FWD,샌드 베이지,1,1,2102
2024-12,northeast,TRN,2025,TRN-SU,2.5T 하이브리드,AWD,스노우 화이트,41,42,121532
2024-12,northeast,TRN,2025,TRN-SU,2.5T 하이브리드,AWD,미드나잇 블랙,33,33,96213
2024-12,northeast,TRN,2025,TRN-SU,2.5T 하이브리드,AWD,스틸 그레이,28,28,81022
2024-12,northeast,TRN,2025,TRN-SU,2.5T 하이브리드,AWD,실버,22,23,65830
2024-12,northeast,TRN,2025,TRN-SU,2.5T 하이브리드,AWD,오션 블루,17,18,50638
2024-12,northeast,TRN,2025,TRN-SU,2.5T 하이브리드,AWD,선셋 레드,14,14,40511
2024-12,northeast,TRN,2025,TRN-SU,2.5T 하이브리드,AWD,포레스트 그린,9,9,25319
2024-12,northeast,TRN,2025,TRN-SU,2.5T 하이브리드,AWD,샌드 베이지,9,9,25319
2024-12,northeast,TRN,2025,TRN-SU,2.5T 하이브리드,FWD,스노우 화이트,2,2,6396
2024-12,northeast,TRN,2025,TRN-SU,2.5T 하이브리드,FWD,미드나잇 블랙,2,2,5064
2024-12,northeast,TRN,2025,TRN-SU,2.5T 하이브리드,FWD,스틸 그레이,1,1,4264
2024-12,northeast,TRN,2025,TRN-SU,2.5T 하이브리드,FWD,실버,1,1,3465
2024-12,northeast,TRN,2025,TRN-SU,2.5T 하이브리드,FWD,오션 블루,1,1,2665
2024-12,northeast,TRN,2025,TRN-SU,2.5T 하이브리드,FWD,선셋 레드,1,1,2132
2024-12,southeast,TRN,2024,TRN-CO,3.5 가솔린,AWD,스노우 화이트,5,5,9784
2024-12,southeast,TRN,2024,TRN-CO,3.5 가솔린,AWD,미드나잇 블랙,4,4,7746
2024-12,southeast,TRN,2024,TRN-CO,3.5 가솔린,AWD,스틸 그레이,3,4,6523
2024-12,southeast,TRN,2024,TRN-CO,3.5 가솔린,AWD,실버,3,3,5300
2024-12,southeast,TRN,2024,TRN-CO,3.5 가솔린,AWD,오션 블루,2,2,4077
2024-12,southeast,TRN,2024,TRN-CO,3.5 가솔린,AWD,선셋 레드,2,2,3261
2024-12,southeast,TRN,2024,TRN-CO,3.5 가솔린,AWD,포레스트 그린,1,1,2038
2024-12,southeast,TRN,2024,TRN-CO,3.5 가솔린,AWD,샌드 베이지,1,1,2038
2024-12,southeast,TRN,2024,TRN-CO,3.5 가솔린,FWD,스노우 화이트,3,3,5563
2024-12,southeast,TRN,2024,TRN-CO,3.5 가솔린,FWD,미드나잇 블랙,2,2,4404
2024-12,southeast,TRN,2024,TRN-CO,3.5 가솔린,FWD,스틸 그레이,2,2,3709
2024-12,southeast,TRN,2024,TRN-CO,3.5 가솔린,FWD,실버,2,2,3014
2024-12,southeast,TRN,2024,TRN-CO,3.5 가솔린,FWD,오션 블루,1,1,2318
2024-12,southeast,TRN,2024,TRN-CO,3.5 가솔린,FWD,선셋 레드,1,1,1854
2024-12,southeast,TRN,2024,TRN-CO,3.5 가솔린,FWD,포레스트 그린,1,1,1159
2024-12,southeast,TRN,2024,TRN-CO,3.5 가솔린,FWD,샌드 베이지,1,1,1159
2024-12,southeast,TRN,2024,TRN-CO,2.5T 하이브리드,AWD,스노우 화이트,3,3,6203
2024-12,southeast,TRN,2024,TRN-CO,2.5T 하이브리드,AWD,미드나잇 블랙,3,3,4911
2024-12,southeast,TRN,2024,TRN-CO,2.5T 하이브리드,AWD,스틸 그레이,2,2,4135
2024-12,southeast,TRN,2024,TRN-CO,2.5T 하이브리드,AWD,실버,2,2,3360
2024-12,southeast,TRN,2024,TRN-CO,2.5T 하이브리드,AWD,오션 블루,1,1,2585
2024-12,southeast,TRN,2024,TRN-CO,2.5T 하이브리드,AWD,선셋 레드,1,1,2068
2024-12,southeast,TRN,2024,TRN-CO,2.5T 하이브리드,AWD,포레스트 그린,1,1,1292
2024-12,southeast,TRN,2024,TRN-CO,2.5T 하이브리드,AWD,샌드 베이지,1,1,1292
2024-12,southeast,TRN,2024,TRN-CO,2.5T 하이브리드,FWD,스노우 화이트,2,2,3527
2024-12,southeast,TRN,2024,TRN-CO,2.5T 하이브리드,FWD,미드나잇 블랙,1,2,2792
2024-12,southeast,TRN,2024,TRN-CO,2.5T 하이브리드,FWD,스틸 그레이,1,1,2351
2024-12,southeast,TRN,2024,TRN-CO,2.5T 하이브리드,FWD,실버,1,1,1911
2024-12,southeast,TRN,2024,TRN-CO,2.5T 하이브리드,FWD,오션 블루,1,1,1470
2024-12,southeast,TRN,2024,TRN-CO,2.5T 하이브리드,FWD,선셋 레드,1,1,1176
2024-12,southeast,TRN,2024,TRN-PR,3.5 가솔린,AWD,스노우 화이트,6,6,13581
2024-12,southeast,TRN,2024,TRN-PR,3.5 가솔린,AWD,미드나잇 블랙,5,5,10752
2024-12,southeast,TRN,2024,TRN-PR,3.5 가솔린,AWD,스틸 그레이,4,4,9054
2024-12,southeast,TRN,2024,TRN-PR,3.5 가솔린,AWD,실버,3,3,7357
2024-12,southeast,TRN,2024,TRN-PR,3.5 가솔린,AWD,오션 블루,2,3,5659
2024-12,southeast,TRN,2024,TRN-PR,3.5 가솔린,AWD,선셋 레드,2,2,4527
2024-12,southeast,TRN,2024,TRN-PR,3.5 가솔린,AWD,포레스트 그린,1,1,2829
2024-12,southeast,TRN,2024,TRN-PR,3.5 가솔린,AWD,샌드 베이지,1,1,2829
2024-12,southeast,TRN,2024,TRN-PR,3.5 가솔린,FWD,스노우 화이트,3,3,7723
2024-12,southeast,TRN,2024,TRN-PR,3.5 가솔린,FWD,미드나잇 블랙,3,3,6114
2024-12,southeast,TRN,2024,TRN-PR,3.5 가솔린,FWD,스틸 그레이,2,2,5149
2024-12,southeast,TRN,2024,TRN-PR,3.5 가솔린,FWD,실버,2,2,4183
2024-12,southeast,TRN,2024,TRN-PR,3.5 가솔린,FWD,오션 블루,1,1,3218
2024-12,southeast,TRN,2024,TRN-PR,3.5 가솔린,FWD,선셋 레드,1,1,2574
2024-12,southeast,TRN,2024,TRN-PR,3.5 가솔린,FWD,포레스트 그린,1,1,1609
2024-12,southeast,TRN,2024,TRN-PR,3.5 가솔린,FWD,샌드 베이지,1,1,1609
2024-12,southeast,TRN,2024,TRN-PR,2.5T 하이브리드,AWD,스노우 화이트,4,4,8610
2024-12,southeast,TRN,2024,TRN-PR,2.5T 하이브리드,AWD,미드나잇 블랙,3,3,6817
2024-12,southeast,TRN,2024,TRN-PR,2.5T 하이브리드,AWD,스틸 그레이,3,3,5740
2024-12,southeast,TRN,2024,TRN-PR,2.5T 하이브리드,AWD,실버,2,2,4664
2024-12,southeast,TRN,2024,TRN-PR,2.5T 하이브리드,AWD,오션 블루,2,2,3588
2024-12,southeast,TRN,2024,TRN-PR,2.5T 하이브리드,AWD,선셋 레드,1,1,2870
2024-12,southeast,TRN,2024,TRN-PR,2.5T 하이브리드,AWD,포레스트 그린,1,1,1794
2024-12,southeast,TRN,2024,TRN-PR,2.5T 하이브리드,AWD,샌드 베이지,1,1,1794
2024-12,southeast,TRN,2024,TRN-PR,2.5T 하이브리드,FWD,스노우 화이트,2,2,4896
2024-12,southeast,TRN,2024,TRN-PR,2.5T 하이브리드,FWD,미드나잇 블랙,2,2,3876
2024-12,southeast,TRN,2024,TRN-PR,2.5T 하이브리드,FWD,스틸 그레이,1,1,3264
2024-12,southeast,TRN,2024,TRN-PR,2.5T 하이브리드,FWD,실버,1,1,2652
2024-12,southeast,TRN,2024,TRN-PR,2.5T 하이브리드,FWD,오션 블루,1,1,2040
2024-12,southeast,TRN,2024,TRN-PR,2.5T 하이브리드,FWD,선셋 레드,1,1,1632
2024-12,southeast,TRN,2024,TRN-SU,3.5 가솔린,AWD,스노우 화이트,2,2,7169
2024-12,southeast,TRN,2024,TRN-SU,3.5 가솔린,AWD,미드나잇 블랙,2,2,5675
2024-12,southeast,TRN,2024,TRN-SU,3.5 가솔린,AWD,스틸 그레이,2,2,4779
2024-12,southeast,TRN,2024,TRN-SU,3.5 가솔린,AWD,실버,1,1,3883
2024-12,southeast,TRN,2024,TRN-SU,3.5 가솔린,AWD,오션 블루,1,1,2987
2024-12,southeast,TRN,2024,TRN-SU,3.5 가솔린,AWD,선셋 레드,1,1,2390
2024-12,southeast,TRN,2024,TRN-SU,3.5 가솔린,AWD,포레스트 그린,1,1,1493
2024-12,southeast,TRN,2024,TRN-SU,3.5 가솔린,AWD,샌드 베이지,1,1,1493
2024-12,southeast,TRN,2024,TRN-SU,3.5 가솔린,FWD,스노우 화이트,1,1,4076
2024-12,southeast,TRN,2024,TRN-SU,3.5 가솔린,FWD,미드나잇 블랙,1,1,3227
2024-12,southeast,TRN,2024,TRN-SU,3.5 가솔린,FWD,스틸 그레이,1,1,2718
2024-12,southeast,TRN,2024,TRN-SU,3.5 가솔린,FWD,실버,1,1,2208
2024-12,southeast,TRN,2024,TRN-SU,3.5 가솔린,FWD,오션 블루,1,1,1698
2024-12,southeast,TRN,2024,TRN-SU,2.5T 하이브리드,AWD,스노우 화이트,2,2,4545
2024-12,southeast,TRN,2024,TRN-SU,2.5T 하이브리드,AWD,미드나잇 블랙,1,1,3598
2024-12,southeast,TRN,2024,TRN-SU,2.5T 하이브리드,AWD,스틸 그레이,1,1,3030
2024-12,southeast,TRN,2024,TRN-SU,2.5T 하이브리드,AWD,실버,1,1,2462
2024-12,southeast,TRN,2024,TRN-SU,2.5T 하이브리드,AWD,오션 블루,1,1,1894
2024-12,southeast,TRN,2024,TRN-SU,2.5T 하이브리드,AWD,선셋 레드,1,1,1515
2024-12,southeast,TRN,2024,TRN-SU,2.5T 하이브리드,FWD,스노우 화이트,1,1,2584
2024-12,southeast,TRN,2024,TRN-SU,2.5T 하이브리드,FWD,미드나잇 블랙,1,1,2046
2024-12,southeast,TRN,2024,TRN-SU,2.5T 하이브리드,FWD,스틸 그레이,1,1,1723
2024-12,southeast,TRN,2025,TRN-CO,3.5 가솔린,AWD,스노우 화이트,98,100,185896
2024-12,southeast,TRN,2025,TRN-CO,3.5 가솔린,AWD,미드나잇 블랙,78,79,147168
2024-12,southeast,TRN,2025,TRN-CO,3.5 가솔린,AWD,스틸 그레이,65,67,123931
2024-12,southeast,TRN,2025,TRN-CO,3.5 가솔린,AWD,실버,53,54,100694
2024-12,southeast,TRN,2025,TRN-CO,3.5 가솔린,AWD,오션 블루,41,42,77457
2024-12,southeast,TRN,2025,TRN-CO,3.5 가솔린,AWD,선셋 레드,33,33,61965
2024-12,southeast,TRN,2025,TRN-CO,3.5 가솔린,AWD,포레스트 그린,20,21,38728
2024-12,southeast,TRN,2025,TRN-CO,3.5 가솔린,AWD,샌드 베이지,20,21,38728
2024-12,southeast,TRN,2025,TRN-CO,3.5 가솔린,FWD,스노우 화이트,56,57,105706
2024-12,southeast,TRN,2025,TRN-CO,3.5 가솔린,FWD,미드나잇 블랙,44,45,83684
2024-12,southeast,TRN,2025,TRN-CO,3.5 가솔린,FWD,스틸 그레이,37,38,70470
2024-12,southeast,TRN,2025,TRN-CO,3.5 가솔린,FWD,실버,30,31,57257
2024-12,southeast,TRN,2025,TRN-CO,3.5 가솔린,FWD,오션 블루,23,24,44044
2024-12,southeast,TRN,2025,TRN-CO,3.5 가솔린,FWD,선셋 레드,19,19,35235
2024-12,southeast,TRN,2025,TRN-CO,3.5 가솔린,FWD,포레스트 그린,12,12,22022
2024-12,southeast,TRN,2025,TRN-CO,3.5 가솔린,FWD,샌드 베이지,12,12,22022
2024-12,southeast,TRN,2025,TRN-CO,2.5T 하이브리드,AWD,스노우 화이트,62,63,117856
2024-12,southeast,TRN,2025,TRN-CO,2.5T 하이브리드,AWD,미드나잇 블랙,49,50,93302
2024-12,southeast,TRN,2025,TRN-CO,2.5T 하이브리드,AWD,스틸 그레이,41,42,78570
2024-12,southeast,TRN,2025,TRN-CO,2.5T 하이브리드,AWD,실버,34,34,63839
2024-12,southeast,TRN,2025,TRN-CO,2.5T 하이브리드,AWD,오션 블루,26,26,49107
2024-12,southeast,TRN,2025,TRN-CO,2.5T 하이브리드,AWD,선셋 레드,21,21,39285
2024-12,southeast,TRN,2025,TRN-CO,2.5T 하이브리드,AWD,포레스트 그린,13,13,24553
2024-12,southeast,TRN,2025,TRN-CO,2.5T 하이브리드,AWD,샌드 베이지,13,13,24553
2024-12,southeast,TRN,2025,TRN-CO,2.5T 하이브리드,FWD,스노우 화이트,35,36,67016
2024-12,southeast,TRN,2025,TRN-CO,2.5T 하이브리드,FWD,미드나잇 블랙,28,29,53054
2024-12,southeast,TRN,2025,TRN-CO,2.5T 하이브리드,FWD,스틸 그레이,24,24,44677
2024-12,southeast,TRN,2025,TRN-CO,2.5T 하이브리드,FWD,실버,19,20,36300
2024-12,southeast,TRN,2025,TRN-CO,2.5T 하이브리드,FWD,오션 블루,15,15,27923
2024-12,southeast,TRN,2025,TRN-CO,2.5T 하이브리드,FWD,선셋 레드,12,12,22339
2024-12,southeast,TRN,2025,TRN-CO,2.5T 하이브리드,FWD,포레스트 그린,7,8,13962
2024-12,southeast,TRN,2025,TRN-CO,2.5T 하이브리드,FWD,샌드 베이지,7,8,13962
2024-12,southeast,TRN,2025,TRN-PR,3.5 가솔린,AWD,스노우 화이트,113,116,258047
2024-12,southeast,TRN,2025,TRN-PR,3.5 가솔린,AWD,미드나잇 블랙,90,92,204287
2024-12,southeast,TRN,2025,TRN-PR,3.5 가솔린,AWD,스틸 그레이,76,77,172031
2024-12,southeast,TRN,2025,TRN-PR,3.5 가솔린,AWD,실버,61,63,139775
2024-12,southeast,TRN,2025,TRN-PR,3.5 가솔린,AWD,오션 블루,47,48,107519
2024-12,southeast,TRN,2025,TRN-PR,3.5 가솔린,AWD,선셋 레드,38,39,86016
2024-12,southeast,TRN,2025,TRN-PR,3.5 가솔린,AWD,포레스트 그린,24,24,53760
2024-12,southeast,TRN,2025,TRN-PR,3.5 가솔린,AWD,샌드 베이지,24,24,53760
2024-12,southeast,TRN,2025,TRN-PR,3.5 가솔린,FWD,스노우 화이트,64,66,146732
2024-12,southeast,TRN,2025,TRN-PR,3.5 가솔린,FWD,미드나잇 블랙,51,52,116163
2024-12,southeast,TRN,2025,TRN-PR,3.5 가솔린,FWD,스틸 그레이,43,44,97822
2024-12,southeast,TRN,2025,TRN-PR,3.5 가솔린,FWD,실버,35,36,79480
2024-12,southeast,TRN,2025,TRN-PR,3.5 가솔린,FWD,오션 블루,27,27,61139
2024-12,southeast,TRN,2025,TRN-PR,3.5 가솔린,FWD,선셋 레드,21,22,48911
2024-12,southeast,TRN,2025,TRN-PR,3.5 가솔린,FWD,포레스트 그린,13,14,30569
2024-12,southeast,TRN,2025,TRN-PR,3.5 가솔린,FWD,샌드 베이지,13,14,30569
2024-12,southeast,TRN,2025,TRN-PR,2.5T 하이브리드,AWD,스노우 화이트,72,73,163598
2024-12,southeast,TRN,2025,TRN-PR,2.5T 하이브리드,AWD,미드나잇 블랙,57,58,129515
2024-12,southeast,TRN,2025,TRN-PR,2.5T 하이브리드,AWD,스틸 그레이,48,49,109066
2024-12,southeast,TRN,2025,TRN-PR,2.5T 하이브리드,AWD,실버,39,40,88616
2024-12,southeast,TRN,2025,TRN-PR,2.5T 하이브리드,AWD,오션 블루,30,31,68166
2024-12,southeast,TRN,2025,TRN-PR,2.5T 하이브리드,AWD,선셋 레드,24,24,54533
2024-12,southeast,TRN,2025,TRN-PR,2.5T 하이브리드,AWD,포레스트 그린,15,15,34083
2024-12,southeast,TRN,2025,TRN-PR,2.5T 하이브리드,AWD,샌드 베이지,15,15,34083
2024-12,southeast,TRN,2025,TRN-PR,2.5T 하이브리드,FWD,스노우 화이트,41,42,93026
2024-12,southeast,TRN,2025,TRN-PR,2.5T 하이브리드,FWD,미드나잇 블랙,32,33,73646
2024-12,southeast,TRN,2025,TRN-PR,2.5T 하이브리드,FWD,스틸 그레이,27,28,62018
2024-12,southeast,TRN,2025,TRN-PR,2.5T 하이브리드,FWD,실버,22,23,50389
2024-12,southeast,TRN,2025,TRN-PR,2.5T 하이브리드,FWD,오션 블루,17,17,38761
2024-12,southeast,TRN,2025,TRN-PR,2.5T 하이브리드,FWD,선셋 레드,14,14,31009
2024-12,southeast,TRN,2025,TRN-PR,2.5T 하이브리드,FWD,포레스트 그린,9,9,19381
2024-12,southeast,TRN,2025,TRN-PR,2.5T 하이브리드,FWD,샌드 베이지,9,9,19381
2024-12,southeast,TRN,2025,TRN-SU,3.5 가솔린,AWD,스노우 화이트,46,47,136205
2024-12,southeast,TRN,2025,TRN-SU,3.5 가솔린,AWD,미드나잇 블랙,37,37,107829
2024-12,southeast,TRN,2025,TRN-SU,3.5 가솔린,AWD,스틸 그레이,31,32,90803
2024-12,southeast,TRN,2025,TRN-SU,3.5 가솔린,AWD,실버,25,26,73777
2024-12,southeast,TRN,2025,TRN-SU,3.5 가솔린,AWD,오션 블루,19,20,56752
2024-12,southeast,TRN,2025,TRN-SU,3.5 가솔린,AWD,선셋 레드,15,16,45402
2024-12,southeast,TRN,2025,TRN-SU,3.5 가솔린,AWD,포레스트 그린,10,10,28376
2024-12,southeast,TRN,2025,TRN-SU,3.5 가솔린,AWD,샌드 베이지,10,10,28376
2024-12,southeast,TRN,2025,TRN-SU,3.5 가솔린,FWD,스노우 화이트,26,27,77450
2024-12,southeast,TRN,2025,TRN-SU,3.5 가솔린,FWD,미드나잇 블랙,21,21,61314
2024-12,southeast,TRN,2025,TRN-SU,3.5 가솔린,FWD,스틸 그레이,18,18,51633
2024-12,southeast,TRN,2025,TRN-SU,3.5 가솔린,FWD,실버,14,15,41952
2024-12,southeast,TRN,2025,TRN-SU,3.5 가솔린,FWD,오션 블루,11,11,32271
2024-12,southeast,TRN,2025,TRN-SU,3.5 가솔린,FWD,선셋 레드,9,9,25817
2024-12,southeast,TRN,2025,TRN-SU,3.5 가솔린,FWD,포레스트 그린,5,6,16135
2024-12,southeast,TRN,2025,TRN-SU,3.5 가솔린,FWD,샌드 베이지,5,6,16135
2024-12,southeast,TRN,2025,TRN-SU,2.5T 하이브리드,AWD,스노우 화이트,29,30,86352
2024-12,southeast,TRN,2025,TRN-SU,2.5T 하이브리드,AWD,미드나잇 블랙,23,24,68362
2024-12,southeast,TRN,2025,TRN-SU,2.5T 하이브리드,AWD,스틸 그레이,20,20,57568
2024-12,southeast,TRN,2025,TRN-SU,2.5T 하이브리드,AWD,실버,16,16,46774
2024-12,southeast,TRN,2025,TRN-SU,2.5T 하이브리드,AWD,오션 블루,12,13,35980
2024-12,southeast,TRN,2025,TRN-SU,2.5T 하이브리드,AWD,선셋 레드,10,10,28784
2024-12,southeast,TRN,2025,TRN-SU,2.5T 하이브리드,AWD,포레스트 그린,6,6,17990
2024-12,southeast,TRN,2025,TRN-SU,2.5T 하이브리드,AWD,샌드 베이지,6,6,17990
2024-12,southeast,TRN,2025,TRN-SU,2.5T 하이브리드,FWD,스노우 화이트,17,17,49102
2024-12,southeast,TRN,2025,TRN-SU,2.5T 하이브리드,FWD,미드나잇 블랙,13,14,38872
2024-12,southeast,TRN,2025,TRN-SU,2.5T 하이브리드,FWD,스틸 그레이,11,11,32735
2024-12,southeast,TRN,2025,TRN-SU,2.5T 하이브리드,FWD,실버,9,9,26597
2024-12,southeast,TRN,2025,TRN-SU,2.5T 하이브리드,FWD,오션 블루,7,7,20459
2024-12,southeast,TRN,2025,TRN-SU,2.5T 하이브리드,FWD,선셋 레드,6,6,16367
2024-12,southeast,TRN,2025,TRN-SU,2.5T 하이브리드,FWD,포레스트 그린,3,4,10230
2024-12,southeast,TRN,2025,TRN-SU,2.5T 하이브리드,FWD,샌드 베이지,3,4,10230
2024-12,west,VST,2024,VST-CO,2.5 가솔린,AWD,스노우 화이트,6,6,4361
2024-12,west,VST,2024,VST-CO,2.5 가솔린,AWD,미드나잇 블랙,5,5,3452
2024-12,west,VST,2024,VST-CO,2.5 가솔린,AWD,스틸 그레이,4,4,2907
2024-12,west,VST,2024,VST-CO,2.5 가솔린,AWD,실버,3,3,2362
2024-12,west,VST,2024,VST-CO,2.5 가솔린,AWD,오션 블루,2,2,1817
2024-12,west,VST,2024,VST-CO,2.5 가솔린,AWD,선셋 레드,2,2,1454
2024-12,west,VST,2024,VST-CO,2.5 가솔린,AWD,포레스트 그린,1,1,908
2024-12,west,VST,2024,VST-CO,2.5 가솔린,AWD,샌드 베이지,1,1,908
2024-12,west,VST,2024,VST-CO,2.5 가솔린,FWD,스노우 화이트,7,7,5330
2024-12,west,VST,2024,VST-CO,2.5 가솔린,FWD,미드나잇 블랙,6,6,4219
2024-12,west,VST,2024,VST-CO,2.5 가솔린,FWD,스틸 그레이,5,5,3553
2024-12,west,VST,2024,VST-CO,2.5 가솔린,FWD,실버,4,4,2887
2024-12,west,VST,2024,VST-CO,2.5 가솔린,FWD,오션 블루,3,3,2221
2024-12,west,VST,2024,VST-CO,2.5 가솔린,FWD,선셋 레드,2,2,1777
2024-12,west,VST,2024,VST-CO,2.5 가솔린,FWD,포레스트 그린,1,1,1110
2024-12,west,VST,2024,VST-CO,2.5 가솔린,FWD,샌드 베이지,1,1,1110
2024-12,west,VST,2024,VST-CO,1.6T 하이브리드,AWD,스노우 화이트,4,4,2765
2024-12,west,VST,2024,VST-CO,1.6T 하이브리드,AWD,미드나잇 블랙,3,3,2189
2024-12,west,VST,2024,VST-CO,1.6T 하이브리드,AWD,스틸 그레이,2,2,1843
2024-12,west,VST,2024,VST-CO,1.6T 하이브리드,AWD,실버,2,2,1497
2024-12,west,VST,2024,VST-CO,1.6T 하이브리드,AWD,오션 블루,2,2,1152
2024-12,west,VST,2024,VST-CO,1.6T 하이브리드,AWD,선셋 레드,1,1,922
2024-12,west,VST,2024,VST-CO,1.6T 하이브리드,AWD,포레스트 그린,1,1,576
2024-12,west,VST,2024,VST-CO,1.6T 하이브리드,AWD,샌드 베이지,1,1,576
2024-12,west,VST,2024,VST-CO,1.6T 하이브리드,FWD,스노우 화이트,4,5,3379
2024-12,west,VST,2024,VST-CO,1.6T 하이브리드,FWD,미드나잇 블랙,3,4,2675
2024-12,west,VST,2024,VST-CO,1.6T 하이브리드,FWD,스틸 그레이,3,3,2253
2024-12,west,VST,2024,VST-CO,1.6T 하이브리드,FWD,실버,2,2,1830
2024-12,west,VST,2024,VST-CO,1.6T 하이브리드,FWD,오션 블루,2,2,1408
2024-12,west,VST,2024,VST-CO,1.6T 하이브리드,FWD,선셋 레드,1,2,1126
2024-12,west,VST,2024,VST-CO,1.6T 하이브리드,FWD,포레스트 그린,1,1,704
2024-12,west,VST,2024,VST-CO,1.6T 하이브리드,FWD,샌드 베이지,1,1,704
2024-12,west,VST,2024,VST-PR,2.5 가솔린,AWD,스노우 화이트,7,7,6888
2024-12,west,VST,2024,VST-PR,2.5 가솔린,AWD,미드나잇 블랙,5,5,5453
2024-12,west,VST,2024,VST-PR,2.5 가솔린,AWD,스틸 그레이,4,4,4592
2024-12,west,VST,2024,VST-PR,2.5 가솔린,AWD,실버,4,4,3731
2024-12,west,VST,2024,VST-PR,2.5 가솔린,AWD,오션 블루,3,3,2870
2024-12,west,VST,2024,VST-PR,2.5 가솔린,AWD,선셋 레드,2,2,2296
2024-12,west,VST,2024,VST-PR,2.5 가솔린,AWD,포레스트 그린,1,1,1435
2024-12,west,VST,2024,VST-PR,2.5 가솔린,AWD,샌드 베이지,1,1,1435
2024-12,west,VST,2024,VST-PR,2.5 가솔린,FWD,스노우 화이트,8,8,8419
2024-12,west,VST,2024,VST-PR,2.5 가솔린,FWD,미드나잇 블랙,6,7,6665
2024-12,west,VST,2024,VST-PR,2.5 가솔린,FWD,스틸 그레이,5,5,5613
2024-12,west,VST,2024,VST-PR,2.5 가솔린,FWD,실버,4,4,4560
2024-12,west,VST,2024,VST-PR,2.5 가솔린,FWD,오션 블루,3,3,3508
2024-12,west,VST,2024,VST-PR,2.5 가솔린,FWD,선셋 레드,3,3,2806
2024-12,west,VST,2024,VST-PR,2.5 가솔린,FWD,포레스트 그린,2,2,1754
2024-12,west,VST,2024,VST-PR,2.5 가솔린,FWD,샌드 베이지,2,2,1754
2024-12,west,VST,2024,VST-PR,1.6T 하이브리드,AWD,스노우 화이트,4,4,4367
2024-12,west,VST,2024,VST-PR,1.6T 하이브리드,AWD,미드나잇 블랙,3,3,3457
2024-12,west,VST,2024,VST-PR,1.6T 하이브리드,AWD,스틸 그레이,3,3,2911
2024-12,west,VST,2024,VST-PR,1.6T 하이브리드,AWD,실버,2,2,2365
2024-12,west,VST,2024,VST-PR,1.6T 하이브리드,AWD,오션 블루,2,2,1820
2024-12,west,VST,2024,VST-PR,1.6T 하이브리드,AWD,선셋 레드,1,1,1456
2024-12,west,VST,2024,VST-PR,1.6T 하이브리드,AWD,포레스트 그린,1,1,910
2024-12,west,VST,2024,VST-PR,1.6T 하이브리드,AWD,샌드 베이지,1,1,910
2024-12,west,VST,2024,VST-PR,1.6T 하이브리드,FWD,스노우 화이트,5,5,5338
2024-12,west,VST,2024,VST-PR,1.6T 하이브리드,FWD,미드나잇 블랙,4,4,4226
2024-12,west,VST,2024,VST-PR,1.6T 하이브리드,FWD,스틸 그레이,3,3,3558
2024-12,west,VST,2024,VST-PR,1.6T 하이브리드,FWD,실버,3,3,2891
2024-12,west,VST,2024,VST-PR,1.6T 하이브리드,FWD,오션 블루,2,2,2224
2024-12,west,VST,2024,VST-PR,1.6T 하이브리드,FWD,선셋 레드,2,2,1779
2024-12,west,VST,2024,VST-PR,1.6T 하이브리드,FWD,포레스트 그린,1,1,1112
2024-12,west,VST,2024,VST-PR,1.6T 하이브리드,FWD,샌드 베이지,1,1,1112
2024-12,west,VST,2024,VST-TR,2.5 가솔린,AWD,스노우 화이트,3,3,4135
2024-12,west,VST,2024,VST-TR,2.5 가솔린,AWD,미드나잇 블랙,2,2,3273
2024-12,west,VST,2024,VST-TR,2.5 가솔린,AWD,스틸 그레이,2,2,2756
2024-12,west,VST,2024,VST-TR,2.5 가솔린,AWD,실버,1,1,2240
2024-12,west,VST,2024,VST-TR,2.5 가솔린,AWD,오션 블루,1,1,1723
2024-12,west,VST,2024,VST-TR,2.5 가솔린,AWD,선셋 레드,1,1,1378
2024-12,west,VST,2024,VST-TR,2.5 가솔린,AWD,포레스트 그린,1,1,861
2024-12,west,VST,2024,VST-TR,2.5 가솔린,AWD,샌드 베이지,1,1,861
2024-12,west,VST,2024,VST-TR,2.5 가솔린,FWD,스노우 화이트,3,3,5053
2024-12,west,VST,2024,VST-TR,2.5 가솔린,FWD,미드나잇 블랙,3,3,4001
2024-12,west,VST,2024,VST-TR,2.5 가솔린,FWD,스틸 그레이,2,2,3369
2024-12,west,VST,2024,VST-TR,2.5 가솔린,FWD,실버,2,2,2737
2024-12,west,VST,2024,VST-TR,2.5 가솔린,FWD,오션 블루,1,1,2106
2024-12,west,VST,2024,VST-TR,2.5 가솔린,FWD,선셋 레드,1,1,1684
2024-12,west,VST,2024,VST-TR,2.5 가솔린,FWD,포레스트 그린,1,1,1053
2024-12,west,VST,2024,VST-TR,2.5 가솔린,FWD,샌드 베이지,1,1,1053
2024-12,west,VST,2024,VST-TR,1.6T 하이브리드,AWD,스노우 화이트,2,2,2621
2024-12,west,VST,2024,VST-TR,1.6T 하이브리드,AWD,미드나잇 블랙,1,1,2075
2024-12,west,VST,2024,VST-TR,1.6T 하이브리드,AWD,스틸 그레이,1,1,1747
2024-12,west,VST,2024,VST-TR,1.6T 하이브리드,AWD,실버,1,1,1420
2024-12,west,VST,2024,VST-TR,1.6T 하이브리드,AWD,오션 블루,1,1,1092
2024-12,west,VST,2024,VST-TR,1.6T 하이브리드,AWD,선셋 레드,1,1,874
2024-12,west,VST,2024,VST-TR,1.6T 하이브리드,FWD,스노우 화이트,2,2,3204
2024-12,west,VST,2024,VST-TR,1.6T 하이브리드,FWD,미드나잇 블랙,2,2,2536
2024-12,west,VST,2024,VST-TR,1.6T 하이브리드,FWD,스틸 그레이,1,1,2136
2024-12,west,VST,2024,VST-TR,1.6T 하이브리드,FWD,실버,1,1,1735
2024-12,west,VST,2024,VST-TR,1.6T 하이브리드,FWD,오션 블루,1,1,1335
2024-12,west,VST,2024,VST-TR,1.6T 하이브리드,FWD,선셋 레드,1,1,1068
2024-12,west,VST,2025,VST-CO,2.5 가솔린,AWD,스노우 화이트,108,110,82853
2024-12,west,VST,2025,VST-CO,2.5 가솔린,AWD,미드나잇 블랙,86,87,65592
2024-12,west,VST,2025,VST-CO,2.5 가솔린,AWD,스틸 그레이,72,74,55235
2024-12,west,VST,2025,VST-CO,2.5 가솔린,AWD,실버,59,60,44879
2024-12,west,VST,2025,VST-CO,2.5 가솔린,AWD,오션 블루,45,46,34522
2024-12,west,VST,2025,VST-CO,2.5 가솔린,AWD,선셋 레드,36,37,27618
2024-12,west,VST,2025,VST-CO,2.5 가솔린,AWD,포레스트 그린,23,23,17261
2024-12,west,VST,2025,VST-CO,2.5 가솔린,AWD,샌드 베이지,23,23,17261
2024-12,west,VST,2025,VST-CO,2.5 가솔린,FWD,스노우 화이트,132,135,101265
2024-12,west,VST,2025,VST-CO,2.5 가솔린,FWD,미드나잇 블랙,105,107,80168
2024-12,west,VST,2025,VST-CO,2.5 가솔린,FWD,스틸 그레이,88,90,67510
2024-12,west,VST,2025,VST-CO,2.5 가솔린,FWD,실버,72,73,54852
2024-12,west,VST,2025,VST-CO,2.5 가솔린,FWD,오션 블루,55,56,42194
2024-12,west,VST,2025,VST-CO,2.5 가솔린,FWD,선셋 레드,44,45,33755
2024-12,west,VST,2025,VST-CO,2.5 가솔린,FWD,포레스트 그린,28,28,21097
2024-12,west,VST,2025,VST-CO,2.5 가솔린,FWD,샌드 베이지,28,28,21097
2024-12,west,VST,2025,VST-CO,1.6T 하이브리드,AWD,스노우 화이트,69,70,52528
2024-12,west,VST,2025,VST-CO,1.6T 하이브리드,AWD,미드나잇 블랙,54,55,41584
2024-12,west,VST,2025,VST-CO,1.6T 하이브리드,AWD,스틸 그레이,46,47,35018
2024-12,west,VST,2025,VST-CO,1.6T 하이브리드,AWD,실버,37,38,28452
2024-12,west,VST,2025,VST-CO,1.6T 하이브리드,AWD,오션 블루,29,29,21887
2024-12,west,VST,2025,VST-CO,1.6T 하이브리드,AWD,선셋 레드,23,23,17509
2024-12,west,VST,2025,VST-CO,1.6T 하이브리드,AWD,포레스트 그린,14,15,10943
2024-12,west,VST,2025,VST-CO,1.6T 하이브리드,AWD,샌드 베이지,14,15,10943
2024-12,west,VST,2025,VST-CO,1.6T 하이브리드,FWD,스노우 화이트,84,86,64200
2024-12,west,VST,2025,VST-CO,1.6T 하이브리드,FWD,미드나잇 블랙,66,68,50825
2024-12,west,VST,2025,VST-CO,1.6T 하이브리드,FWD,스틸 그레이,56,57,42800
2024-12,west,VST,2025,VST-CO,1.6T 하이브리드,FWD,실버,45,46,34775
2024-12,west,VST,2025,VST-CO,1.6T 하이브리드,FWD,오션 블루,35,36,26750
2024-12,west,VST,2025,VST-CO,1.6T 하이브리드,FWD,선셋 레드,28,29,21400
2024-12,west,VST,2025,VST-CO,1.6T 하이브리드,FWD,포레스트 그린,17,18,13375
2024-12,west,VST,2025,VST-CO,1.6T 하이브리드,FWD,샌드 베이지,17,18,13375
2024-12,west,VST,2025,VST-PR,2.5 가솔린,AWD,스노우 화이트,125,128,130877
2024-12,west,VST,2025,VST-PR,2.5 가솔린,AWD,미드나잇 블랙,99,101,103611
2024-12,west,VST,2025,VST-PR,2.5 가솔린,AWD,스틸 그레이,84,85,87251
2024-12,west,VST,2025,VST-PR,2.5 가솔린,AWD,실버,68,69,70892
2024-12,west,VST,2025,VST-PR,2.5 가솔린,AWD,오션 블루,52,53,54532
2024-12,west,VST,2025,VST-PR,2.5 가솔린,AWD,선셋 레드,42,43,43626
2024-12,west,VST,2025,VST-PR,2.5 가솔린,AWD,포레스트 그린,26,27,27266
2024-12,west,VST,2025,VST-PR,2.5 가솔린,AWD,샌드 베이지,26,27,27266
2024-12,west,VST,2025,VST-PR,2.5 가솔린,FWD,스노우 화이트,153,156,159960
2024-12,west,VST,2025,VST-PR,2.5 가솔린,FWD,미드나잇 블랙,121,124,126635
2024-12,west,VST,2025,VST-PR,2.5 가솔린,FWD,스틸 그레이,102,104,106640
2024-12,west,VST,2025,VST-PR,2.5 가솔린,FWD,실버,83,85,86645
2024-12,west,VST,2025,VST-PR,2.5 가솔린,FWD,오션 블루,64,65,66650
2024-12,west,VST,2025,VST-PR,2.5 가솔린,FWD,선셋 레드,51,52,53320
2024-12,west,VST,2025,VST-PR,2.5 가솔린,FWD,포레스트 그린,32,33,33325
2024-12,west,VST,2025,VST-PR,2.5 가솔린,FWD,샌드 베이지,32,33,33325
2024-12,west,VST,2025,VST-PR,1.6T 하이브리드,AWD,스노우 화이트,79,81,82974
2024-12,west,VST,2025,VST-PR,1.6T 하이브리드,AWD,미드나잇 블랙,63,64,65688
2024-12,west,VST,2025,VST-PR,1.6T 하이브리드,AWD,스틸 그레이,53,54,55316
2024-12,west,VST,2025,VST-PR,1.6T 하이브리드,AWD,실버,43,44,44944
2024-12,west,VST,2025,VST-PR,1.6T 하이브리드,AWD,오션 블루,33,34,34573
2024-12,west,VST,2025,VST-PR,1.6T 하이브리드,AWD,선셋 레드,26,27,27658
2024-12,west,VST,2025,VST-PR,1.6T 하이브리드,AWD,포레스트 그린,17,17,17286
2024-12,west,VST,2025,VST-PR,1.6T 하이브리드,AWD,샌드 베이지,17,17,17286
2024-12,west,VST,2025,VST-PR,1.6T 하이브리드,FWD,스노우 화이트,97,99,101413
2024-12,west,VST,2025,VST-PR,1.6T 하이브리드,FWD,미드나잇 블랙,77,78,80285
2024-12,west,VST,2025,VST-PR,1.6T 하이브리드,FWD,스틸 그레이,65,66,67609
2024-12,west,VST,2025,VST-PR,1.6T 하이브리드,FWD,실버,53,54,54932
2024-12,west,VST,2025,VST-PR,1.6T 하이브리드,FWD,오션 블루,40,41,42255
2024-12,west,VST,2025,VST-PR,1.6T 하이브리드,FWD,선셋 레드,32,33,33804
2024-12,west,VST,2025,VST-PR,1.6T 하이브리드,FWD,포레스트 그린,20,21,21128
2024-12,west,VST,2025,VST-PR,1.6T 하이브리드,FWD,샌드 베이지,20,21,21128
2024-12,west,VST,2025,VST-TR,2.5 가솔린,AWD,스노우 화이트,51,52,78556
2024-12,west,VST,2025,VST-TR,2.5 가솔린,AWD,미드나잇 블랙,41,41,62190
2024-12,west,VST,2025,VST-TR,2.5 가솔린,AWD,스틸 그레이,34,35,52370
2024-12,west,VST,2025,VST-TR,2.5 가솔린,AWD,실버,28,28,42551
2024-12,west,VST,2025,VST-TR,2.5 가솔린,AWD,오션 블루,21,22,32732
2024-12,west,VST,2025,VST-TR,2.5 가솔린,AWD,선셋 레드,17,17,26185
2024-12,west,VST,2025,VST-TR,2.5 가솔린,AWD,포레스트 그린,11,11,16366
2024-12,west,VST,2025,VST-TR,2.5 가솔린,AWD,샌드 베이지,11,11,16366
2024-12,west,VST,2025,VST-TR,2.5 가솔린,FWD,스노우 화이트,63,64,96013
2024-12,west,VST,2025,VST-TR,2.5 가솔린,FWD,미드나잇 블랙,50,51,76010
2024-12,west,VST,2025,VST-TR,2.5 가솔린,FWD,스틸 그레이,42,43,64008
2024-12,west,VST,2025,VST-TR,2.5 가솔린,FWD,실버,34,35,52007
2024-12,west,VST,2025,VST-TR,2.5 가솔린,FWD,오션 블루,26,27,40005
2024-12,west,VST,2025,VST-TR,2.5 가솔린,FWD,선셋 레드,21,21,32004
2024-12,west,VST,2025,VST-TR,2.5 가솔린,FWD,포레스트 그린,13,13,20003
2024-12,west,VST,2025,VST-TR,2.5 가솔린,FWD,샌드 베이지,13,13,20003
2024-12,west,VST,2025,VST-TR,1.6T 하이브리드,AWD,스노우 화이트,32,33,49803
2024-12,west,VST,2025,VST-TR,1.6T 하이브리드,AWD,미드나잇 블랙,26,26,39428
2024-12,west,VST,2025,VST-TR,1.6T 하이브리드,AWD,스틸 그레이,22,22,33202
2024-12,west,VST,2025,VST-TR,1.6T 하이브리드,AWD,실버,18,18,26977
2024-12,west,VST,2025,VST-TR,1.6T 하이브리드,AWD,오션 블루,14,14,20751
2024-12,west,VST,2025,VST-TR,1.6T 하이브리드,AWD,선셋 레드,11,11,16601
2024-12,west,VST,2025,VST-TR,1.6T 하이브리드,AWD,포레스트 그린,7,7,10376
2024-12,west,VST,2025,VST-TR,1.6T 하이브리드,AWD,샌드 베이지,7,7,10376
2024-12,west,VST,2025,VST-TR,1.6T 하이브리드,FWD,스노우 화이트,40,41,60871
2024-12,west,VST,2025,VST-TR,1.6T 하이브리드,FWD,미드나잇 블랙,31,32,48189
2024-12,west,VST,2025,VST-TR,1.6T 하이브리드,FWD,스틸 그레이,26,27,40580
2024-12,west,VST,2025,VST-TR,1.6T 하이브리드,FWD,실버,22,22,32972
2024-12,west,VST,2025,VST-TR,1.6T 하이브리드,FWD,오션 블루,17,17,25363
2024-12,west,VST,2025,VST-TR,1.6T 하이브리드,FWD,선셋 레드,13,14,20290
2024-12,west,VST,2025,VST-TR,1.6T 하이브리드,FWD,포레스트 그린,8,8,12681
2024-12,west,VST,2025,VST-TR,1.6T 하이브리드,FWD,샌드 베이지,8,8,12681
2024-12,central,VST,2024,VST-CO,2.5 가솔린,AWD,스노우 화이트,4,4,3279
2024-12,central,VST,2024,VST-CO,2.5 가솔린,AWD,미드나잇 블랙,3,3,2596
2024-12,central,VST,2024,VST-CO,2.5 가솔린,AWD,스틸 그레이,3,3,2186
2024-12,central,VST,2024,VST-CO,2.5 가솔린,AWD,실버,2,2,1776
2024-12,central,VST,2024,VST-CO,2.5 가솔린,AWD,오션 블루,2,2,1366
2024-12,central,VST,2024,VST-CO,2.5 가솔린,AWD,선셋 레드,1,1,1093
2024-12,central,VST,2024,VST-CO,2.5 가솔린,AWD,포레스트 그린,1,1,683
2024-12,central,VST,2024,VST-CO,2.5 가솔린,AWD,샌드 베이지,1,1,683
2024-12,central,VST,2024,VST-CO,2.5 가솔린,FWD,스노우 화이트,4,4,3057
2024-12,central,VST,2024,VST-CO,2.5 가솔린,FWD,미드나잇 블랙,3,3,2420
2024-12,central,VST,2024,VST-CO,2.5 가솔린,FWD,스틸 그레이,3,3,2038
2024-12,central,VST,2024,VST-CO,2.5 가솔린,FWD,실버,2,2,1656
2024-12,central,VST,2024,VST-CO,2.5 가솔린,FWD,오션 블루,2,2,1274
2024-12,central,VST,2024,VST-CO,2.5 가솔린,FWD,선셋 레드,1,1,1019
2024-12,central,VST,2024,VST-CO,2.5 가솔린,FWD,포레스트 그린,1,1,637
2024-12,central,VST,2024,VST-CO,2.5 가솔린,FWD,샌드 베이지,1,1,637
2024-12,central,VST,2024,VST-CO,1.6T 하이브리드,AWD,스노우 화이트,3,3,2079
2024-12,central,VST,2024,VST-CO,1.6T 하이브리드,AWD,미드나잇 블랙,2,2,1646
2024-12,central,VST,2024,VST-CO,1.6T 하이브리드,AWD,스틸 그레이,2,2,1386
2024-12,central,VST,2024,VST-CO,1.6T 하이브리드,AWD,실버,1,1,1126
2024-12,central,VST,2024,VST-CO,1.6T 하이브리드,AWD,오션 블루,1,1,866
2024-12,central,VST,2024,VST-CO,1.6T 하이브리드,AWD,선셋 레드,1,1,693
2024-12,central,VST,2024,VST-CO,1.6T 하이브리드,AWD,포레스트 그린,1,1,433
2024-12,central,VST,2024,VST-CO,1.6T 하이브리드,AWD,샌드 베이지,1,1,433
2024-12,central,VST,2024,VST-CO,1.6T 하이브리드,FWD,스노우 화이트,3,3,1938
2024-12,central,VST,2024,VST-CO,1.6T 하이브리드,FWD,미드나잇 블랙,2,2,1534
2024-12,central,VST,2024,VST-CO,1.6T 하이브리드,FWD,스틸 그레이,2,2,1292
2024-12,central,VST,2024,VST-CO,1.6T 하이브리드,FWD,실버,1,1,1050
2024-12,central,VST,2024,VST-CO,1.6T 하이브리드,FWD,오션 블루,1,1,808
2024-12,central,VST,2024,VST-CO,1.6T 하이브리드,FWD,선셋 레드,1,1,646
2024-12,central,VST,2024,VST-CO,1.6T 하이브리드,FWD,포레스트 그린,1,1,404
2024-12,central,VST,2024,VST-CO,1.6T 하이브리드,FWD,샌드 베이지,1,1,404
2024-12,central,VST,2024,VST-PR,2.5 가솔린,AWD,스노우 화이트,5,5,5179
2024-12,central,VST,2024,VST-PR,2.5 가솔린,AWD,미드나잇 블랙,4,4,4100
2024-12,central,VST,2024,VST-PR,2.5 가솔린,AWD,스틸 그레이,3,3,3453
2024-12,central,VST,2024,VST-PR,2.5 가솔린,AWD,실버,3,3,2806
2024-12,central,VST,2024,VST-PR,2.5 가솔린,AWD,오션 블루,2,2,2158
2024-12,central,VST,2024,VST-PR,2.5 가솔린,AWD,선셋 레드,2,2,1726
2024-12,central,VST,2024,VST-PR,2.5 가솔린,AWD,포레스트 그린,1,1,1079
2024-12,central,VST,2024,VST-PR,2.5 가솔린,AWD,샌드 베이지,1,1,1079
2024-12,central,VST,2024,VST-PR,2.5 가솔린,FWD,스노우 화이트,5,5,4829
2024-12,central,VST,2024,VST-PR,2.5 가솔린,FWD,미드나잇 블랙,4,4,3823
2024-12,central,VST,2024,VST-PR,2.5 가솔린,FWD,스틸 그레이,3,3,3219
2024-12,central,VST,2024,VST-PR,2.5 가솔린,FWD,실버,3,3,2616
2024-12,central,VST,2024,VST-PR,2.5 가솔린,FWD,오션 블루,2,2,2012
2024-12,central,VST,2024,VST-PR,2.5 가솔린,FWD,선셋 레드,2,2,1610
2024-12,central,VST,2024,VST-PR,2.5 가솔린,FWD,포레스트 그린,1,1,1006
2024-12,central,VST,2024,VST-PR,2.5 가솔린,FWD,샌드 베이지,1,1,1006
2024-12,central,VST,2024,VST-PR,1.6T 하이브리드,AWD,스노우 화이트,3,3,3284
2024-12,central,VST,2024,VST-PR,1.6T 하이브리드,AWD,미드나잇 블랙,2,3,2600
2024-12,central,VST,2024,VST-PR,1.6T 하이브리드,AWD,스틸 그레이,2,2,2189
2024-12,central,VST,2024,VST-PR,1.6T 하이브리드,AWD,실버,2,2,1779
2024-12,central,VST,2024,VST-PR,1.6T 하이브리드,AWD,오션 블루,1,1,1368
2024-12,central,VST,2024,VST-PR,1.6T 하이브리드,AWD,선셋 레드,1,1,1095
2024-12,central,VST,2024,VST-PR,1.6T 하이브리드,AWD,포레스트 그린,1,1,684
2024-12,central,VST,2024,VST-PR,1.6T 하이브리드,AWD,샌드 베이지,1,1,684
2024-12,central,VST,2024,VST-PR,1.6T 하이브리드,FWD,스노우 화이트,3,3,3062
2024-12,central,VST,2024,VST-PR,1.6T 하이브리드,FWD,미드나잇 블랙,2,2,2424
2024-12,central,VST,2024,VST-PR,1.6T 하이브리드,FWD,스틸 그레이,2,2,2041
2024-12,central,VST,2024,VST-PR,1.6T 하이브리드,FWD,실버,2,2,1658
2024-12,central,VST,2024,VST-PR,1.6T 하이브리드,FWD,오션 블루,1,1,1276
2024-12,central,VST,2024,VST-PR,1.6T 하이브리드,FWD,선셋 레드,1,1,1021
2024-12,central,VST,2024,VST-PR,1.6T 하이브리드,FWD,포레스트 그린,1,1,638
2024-12,central,VST,2024,VST-PR,1.6T 하이브리드,FWD,샌드 베이지,1,1,638
2024-12,central,VST,2024,VST-TR,2.5 가솔린,AWD,스노우 화이트,2,2,3109
2024-12,central,VST,2024,VST-TR,2.5 가솔린,AWD,미드나잇 블랙,2,2,2461
2024-12,central,VST,2024,VST-TR,2.5 가솔린,AWD,스틸 그레이,1,1,2073
2024-12,central,VST,2024,VST-TR,2.5 가솔린,AWD,실버,1,1,1684
2024-12,central,VST,2024,VST-TR,2.5 가솔린,AWD,오션 블루,1,1,1295
2024-12,central,VST,2024,VST-TR,2.5 가솔린,AWD,선셋 레드,1,1,1036
2024-12,central,VST,2024,VST-TR,2.5 가솔린,FWD,스노우 화이트,2,2,2899
2024-12,central,VST,2024,VST-TR,2.5 가솔린,FWD,미드나잇 블랙,1,2,2295
2024-12,central,VST,2024,VST-TR,2.5 가솔린,FWD,스틸 그레이,1,1,1932
2024-12,central,VST,2024,VST-TR,2.5 가솔린,FWD,실버,1,1,1570
2024-12,central,VST,2024,VST-TR,2.5 가솔린,FWD,오션 블루,1,1,1208
2024-12,central,VST,2024,VST-TR,2.5 가솔린,FWD,선셋 레드,1,1,966
2024-12,central,VST,2024,VST-TR,1.6T 하이브리드,AWD,스노우 화이트,1,1,1971
2024-12,central,VST,2024,VST-TR,1.6T 하이브리드,AWD,미드나잇 블랙,1,1,1560
2024-12,central,VST,2024,VST-TR,1.6T 하이브리드,AWD,스틸 그레이,1,1,1314
2024-12,central,VST,2024,VST-TR,1.6T 하이브리드,AWD,실버,1,1,1068
2024-12,central,VST,2024,VST-TR,1.6T 하이브리드,AWD,오션 블루,1,1,821
2024-12,central,VST,2024,VST-TR,1.6T 하이브리드,FWD,스노우 화이트,1,1,1838
2024-12,central,VST,2024,VST-TR,1.6T 하이브리드,FWD,미드나잇 블랙,1,1,1455
2024-12,central,VST,2024,VST-TR,1.6T 하이브리드,FWD,스틸 그레이,1,1,1225
2024-12,central,VST,2024,VST-TR,1.6T 하이브리드,FWD,실버,1,1,995
2024-12,central,VST,2025,VST-CO,2.5 가솔린,AWD,스노우 화이트,81,83,62299
2024-12,central,VST,2025,VST-CO,2.5 가솔린,AWD,미드나잇 블랙,64,66,49320
2024-12,central,VST,2025,VST-CO,2.5 가솔린,AWD,스틸 그레이,54,55,41533
2024-12,central,VST,2025,VST-CO,2.5 가솔린,AWD,실버,44,45,33745
2024-12,central,VST,2025,VST-CO,2.5 가솔린,AWD,오션 블루,34,35,25958
2024-12,central,VST,2025,VST-CO,2.5 가솔린,AWD,선셋 레드,27,28,20766
2024-12,central,VST,2025,VST-CO,2.5 가솔린,AWD,포레스트 그린,17,17,12979
2024-12,central,VST,2025,VST-CO,2.5 가솔린,AWD,샌드 베이지,17,17,12979
2024-12,central,VST,2025,VST-CO,2.5 가솔린,FWD,스노우 화이트,76,77,58086
2024-12,central,VST,2025,VST-CO,2.5 가솔린,FWD,미드나잇 블랙,60,61,45984
2024-12,central,VST,2025,VST-CO,2.5 가솔린,FWD,스틸 그레이,51,52,38724
2024-12,central,VST,2025,VST-CO,2.5 가솔린,FWD,실버,41,42,31463
2024-12,central,VST,2025,VST-CO,2.5 가솔린,FWD,오션 블루,32,32,24202
2024-12,central,VST,2025,VST-CO,2.5 가솔린,FWD,선셋 레드,25,26,19362
2024-12,central,VST,2025,VST-CO,2.5 가솔린,FWD,포레스트 그린,16,16,12101
2024-12,central,VST,2025,VST-CO,2.5 가솔린,FWD,샌드 베이지,16,16,12101
2024-12,central,VST,2025,VST-CO,1.6T 하이브리드,AWD,스노우 화이트,52,53,39497
2024-12,central,VST,2025,VST-CO,1.6T 하이브리드,AWD,미드나잇 블랙,41,42,31268
2024-12,central,VST,2025,VST-CO,1.6T 하이브리드,AWD,스틸 그레이,34,35,26331
2024-12,central,VST,2025,VST-CO,1.6T 하이브리드,AWD,실버,28,28,21394
2024-12,central,VST,2025,VST-CO,1.6T 하이브리드,AWD,오션 블루,21,22,16457
2024-12,central,VST,2025,VST-CO,1.6T 하이브리드,AWD,선셋 레드,17,18,13166
2024-12,central,VST,2025,VST-CO,1.6T 하이브리드,AWD,포레스트 그린,11,11,8228
2024-12,central,VST,2025,VST-CO,1.6T 하이브리드,AWD,샌드 베이지,11,11,8228
2024-12,central,VST,2025,VST-CO,1.6T 하이브리드,FWD,스노우 화이트,48,49,36825
2024-12,central,VST,2025,VST-CO,1.6T 하이브리드,FWD,미드나잇 블랙,38,39,29153
2024-12,central,VST,2025,VST-CO,1.6T 하이브리드,FWD,스틸 그레이,32,33,24550
2024-12,central,VST,2025,VST-CO,1.6T 하이브리드,FWD,실버,26,27,19947
2024-12,central,VST,2025,VST-CO,1.6T 하이브리드,FWD,오션 블루,20,20,15344
2024-12,central,VST,2025,VST-CO,1.6T 하이브리드,FWD,선셋 레드,16,16,12275
2024-12,central,VST,2025,VST-CO,1.6T 하이브리드,FWD,포레스트 그린,10,10,7672
2024-12,central,VST,2025,VST-CO,1.6T 하이브리드,FWD,샌드 베이지,10,10,7672
2024-12,central,VST,2025,VST-PR,2.5 가솔린,AWD,스노우 화이트,94,96,98409
2024-12,central,VST,2025,VST-PR,2.5 가솔린,AWD,미드나잇 블랙,75,76,77907
2024-12,central,VST,2025,VST-PR,2.5 가솔린,AWD,스틸 그레이,63,64,65606
2024-12,central,VST,2025,VST-PR,2.5 가솔린,AWD,실버,51,52,53305
2024-12,central,VST,2025,VST-PR,2.5 가솔린,AWD,오션 블루,39,40,41004
2024-12,central,VST,2025,VST-PR,2.5 가솔린,AWD,선셋 레드,31,32,32803
2024-12,central,VST,2025,VST-PR,2.5 가솔린,AWD,포레스트 그린,20,20,20502
2024-12,central,VST,2025,VST-PR,2.5 가솔린,AWD,샌드 베이지,20,20,20502
2024-12,central,VST,2025,VST-PR,2.5 가솔린,FWD,스노우 화이트,88,90,91754
2024-12,central,VST,2025,VST-PR,2.5 가솔린,FWD,미드나잇 블랙,70,71,72638
2024-12,central,VST,2025,VST-PR,2.5 가솔린,FWD,스틸 그레이,59,60,61169
2024-12,central,VST,2025,VST-PR,2.5 가솔린,FWD,실버,48,49,49700
2024-12,central,VST,2025,VST-PR,2.5 가솔린,FWD,오션 블루,37,37,38231
2024-12,central,VST,2025,VST-PR,2.5 가솔린,FWD,선셋 레드,29,30,30585
2024-12,central,VST,2025,VST-PR,2.5 가솔린,FWD,포레스트 그린,18,19,19115
2024-12,central,VST,2025,VST-PR,2.5 가솔린,FWD,샌드 베이지,18,19,19115
2024-12,central,VST,2025,VST-PR,1.6T 하이브리드,AWD,스노우 화이트,60,61,62390
2024-12,central,VST,2025,VST-PR,1.6T 하이브리드,AWD,미드나잇 블랙,47,48,49392
2024-12,central,VST,2025,VST-PR,1.6T 하이브리드,AWD,스틸 그레이,40,41,41593
2024-12,central,VST,2025,VST-PR,1.6T 하이브리드,AWD,실버,32,33,33795
2024-12,central,VST,2025,VST-PR,1.6T 하이브리드,AWD,오션 블루,25,25,25996
2024-12,central,VST,2025,VST-PR,1.6T 하이브리드,AWD,선셋 레드,20,20,20797
2024-12,central,VST,2025,VST-PR,1.6T 하이브리드,AWD,포레스트 그린,12,13,12998
2024-12,central,VST,2025,VST-PR,1.6T 하이브리드,AWD,샌드 베이지,12,13,12998
2024-12,central,VST,2025,VST-PR,1.6T 하이브리드,FWD,스노우 화이트,56,57,58171
2024-12,central,VST,2025,VST-PR,1.6T 하이브리드,FWD,미드나잇 블랙,44,45,46052
2024-12,central,VST,2025,VST-PR,1.6T 하이브리드,FWD,스틸 그레이,37,38,38780
2024-12,central,VST,2025,VST-PR,1.6T 하이브리드,FWD,실버,30,31,31509
2024-12,central,VST,2025,VST-PR,1.6T 하이브리드,FWD,오션 블루,23,24,24238
2024-12,central,VST,2025,VST-PR,1.6T 하이브리드,FWD,선셋 레드,19,19,19390
2024-12,central,VST,2025,VST-PR,1.6T 하이브리드,FWD,포레스트 그린,12,12,12119
2024-12,central,VST,2025,VST-PR,1.6T 하이브리드,FWD,샌드 베이지,12,12,12119
2024-12,central,VST,2025,VST-TR,2.5 가솔린,AWD,스노우 화이트,39,39,59068
2024-12,central,VST,2025,VST-TR,2.5 가솔린,AWD,미드나잇 블랙,31,31,46762
2024-12,central,VST,2025,VST-TR,2.5 가솔린,AWD,스틸 그레이,26,26,39379
2024-12,central,VST,2025,VST-TR,2.5 가솔린,AWD,실버,21,21,31995
2024-12,central,VST,2025,VST-TR,2.5 가솔린,AWD,오션 블루,16,16,24612
2024-12,central,VST,2025,VST-TR,2.5 가솔린,AWD,선셋 레드,13,13,19689
2024-12,central,VST,2025,VST-TR,2.5 가솔린,AWD,포레스트 그린,8,8,12306
2024-12,central,VST,2025,VST-TR,2.5 가솔린,AWD,샌드 베이지,8,8,12306
2024-12,central,VST,2025,VST-TR,2.5 가솔린,FWD,스노우 화이트,36,37,55073
2024-12,central,VST,2025,VST-TR,2.5 가솔린,FWD,미드나잇 블랙,28,29,43599
2024-12,central,VST,2025,VST-TR,2.5 가솔린,FWD,스틸 그레이,24,24,36715
2024-12,central,VST,2025,VST-TR,2.5 가솔린,FWD,실버,19,20,29831
2024-12,central,VST,2025,VST-TR,2.5 가솔린,FWD,오션 블루,15,15,22947
2024-12,central,VST,2025,VST-TR,2.5 가솔린,FWD,선셋 레드,12,12,18358
2024-12,central,VST,2025,VST-TR,2.5 가솔린,FWD,포레스트 그린,7,8,11474
2024-12,central,VST,2025,VST-TR,2.5 가솔린,FWD,샌드 베이지,7,8,11474
2024-12,central,VST,2025,VST-TR,1.6T 하이브리드,AWD,스노우 화이트,24,25,37448
2024-12,central,VST,2025,VST-TR,1.6T 하이브리드,AWD,미드나잇 블랙,19,20,29647
2024-12,central,VST,2025,VST-TR,1.6T 하이브리드,AWD,스틸 그레이,16,17,24965
2024-12,central,VST,2025,VST-TR,1.6T 하이브리드,AWD,실버,13,13,20284
2024-12,central,VST,2025,VST-TR,1.6T 하이브리드,AWD,오션 블루,10,10,15603
2024-12,central,VST,2025,VST-TR,1.6T 하이브리드,AWD,선셋 레드,8,8,12483
2024-12,central,VST,2025,VST-TR,1.6T 하이브리드,AWD,포레스트 그린,5,5,7802
2024-12,central,VST,2025,VST-TR,1.6T 하이브리드,AWD,샌드 베이지,5,5,7802
2024-12,central,VST,2025,VST-TR,1.6T 하이브리드,FWD,스노우 화이트,23,23,34916
2024-12,central,VST,2025,VST-TR,1.6T 하이브리드,FWD,미드나잇 블랙,18,18,27641
2024-12,central,VST,2025,VST-TR,1.6T 하이브리드,FWD,스틸 그레이,15,15,23277
2024-12,central,VST,2025,VST-TR,1.6T 하이브리드,FWD,실버,12,13,18913
2024-12,central,VST,2025,VST-TR,1.6T 하이브리드,FWD,오션 블루,9,10,14548
2024-12,central,VST,2025,VST-TR,1.6T 하이브리드,FWD,선셋 레드,8,8,11639
2024-12,central,VST,2025,VST-TR,1.6T 하이브리드,FWD,포레스트 그린,5,5,7274
2024-12,central,VST,2025,VST-TR,1.6T 하이브리드,FWD,샌드 베이지,5,5,7274
2024-12,south,VST,2024,VST-CO,2.5 가솔린,AWD,스노우 화이트,3,4,2657
2024-12,south,VST,2024,VST-CO,2.5 가솔린,AWD,미드나잇 블랙,3,3,2103
2024-12,south,VST,2024,VST-CO,2.5 가솔린,AWD,스틸 그레이,2,2,1771
2024-12,south,VST,2024,VST-CO,2.5 가솔린,AWD,실버,2,2,1439
2024-12,south,VST,2024,VST-CO,2.5 가솔린,AWD,오션 블루,1,1,1107
2024-12,south,VST,2024,VST-CO,2.5 가솔린,AWD,선셋 레드,1,1,886
2024-12,south,VST,2024,VST-CO,2.5 가솔린,AWD,포레스트 그린,1,1,553
2024-12,south,VST,2024,VST-CO,2.5 가솔린,AWD,샌드 베이지,1,1,553
2024-12,south,VST,2024,VST-CO,2.5 가솔린,FWD,스노우 화이트,7,7,5543
2024-12,south,VST,2024,VST-CO,2.5 가솔린,FWD,미드나잇 블랙,6,6,4388
2024-12,south,VST,2024,VST-CO,2.5 가솔린,FWD,스틸 그레이,5,5,3695
2024-12,south,VST,2024,VST-CO,2.5 가솔린,FWD,실버,4,4,3002
2024-12,south,VST,2024,VST-CO,2.5 가솔린,FWD,오션 블루,3,3,2310
2024-12,south,VST,2024,VST-CO,2.5 가솔린,FWD,선셋 레드,2,2,1848
2024-12,south,VST,2024,VST-CO,2.5 가솔린,FWD,포레스트 그린,2,2,1155
2024-12,south,VST,2024,VST-CO,2.5 가솔린,FWD,샌드 베이지,2,2,1155
2024-12,south,VST,2024,VST-CO,1.6T 하이브리드,AWD,스노우 화이트,2,2,1684
2024-12,south,VST,2024,VST-CO,1.6T 하이브리드,AWD,미드나잇 블랙,2,2,1333
2024-12,south,VST,2024,VST-CO,1.6T 하이브리드,AWD,스틸 그레이,1,1,1123
2024-12,south,VST,2024,VST-CO,1.6T 하이브리드,AWD,실버,1,1,912
2024-12,south,VST,2024,VST-CO,1.6T 하이브리드,AWD,오션 블루,1,1,702
2024-12,south,VST,2024,VST-CO,1.6T 하이브리드,AWD,선셋 레드,1,1,561
2024-12,south,VST,2024,VST-CO,1.6T 하이브리드,FWD,스노우 화이트,5,5,3514
2024-12,south,VST,2024,VST-CO,1.6T 하이브리드,FWD,미드나잇 블랙,4,4,2782
2024-12,south,VST,2024,VST-CO,1.6T 하이브리드,FWD,스틸 그레이,3,3,2343
2024-12,south,VST,2024,VST-CO,1.6T 하이브리드,FWD,실버,2,3,1903
2024-12,south,VST,2024,VST-CO,1.6T 하이브리드,FWD,오션 블루,2,2,1464
2024-12,south,VST,2024,VST-CO,1.6T 하이브리드,FWD,선셋 레드,2,2,1171
2024-12,south,VST,2024,VST-CO,1.6T 하이브리드,FWD,포레스트 그린,1,1,732
2024-12,south,VST,2024,VST-CO,1.6T 하이브리드,FWD,샌드 베이지,1,1,732
2024-12,south,VST,2024,VST-PR,2.5 가솔린,AWD,스노우 화이트,4,4,4197
2024-12,south,VST,2024,VST-PR,2.5 가솔린,AWD,미드나잇 블랙,3,3,3322
2024-12,south,VST,2024,VST-PR,2.5 가솔린,AWD,스틸 그레이,3,3,2798
2024-12,south,VST,2024,VST-PR,2.5 가솔린,AWD,실버,2,2,2273
2024-12,south,VST,2024,VST-PR,2.5 가솔린,AWD,오션 블루,2,2,1749
2024-12,south,VST,2024,VST-PR,2.5 가솔린,AWD,선셋 레드,1,1,1399
2024-12,south,VST,2024,VST-PR,2.5 가솔린,AWD,포레스트 그린,1,1,874
2024-12,south,VST,2024,VST-PR,2.5 가솔린,AWD,샌드 베이지,1,1,874
2024-12,south,VST,2024,VST-PR,2.5 가솔린,FWD,스노우 화이트,8,9,8756
2024-12,south,VST,2024,VST-PR,2.5 가솔린,FWD,미드나잇 블랙,7,7,6932
2024-12,south,VST,2024,VST-PR,2.5 가솔린,FWD,스틸 그레이,6,6,5837
2024-12,south,VST,2024,VST-PR,2.5 가솔린,FWD,실버,5,5,4743
2024-12,south,VST,2024,VST-PR,2.5 가솔린,FWD,오션 블루,3,4,3648
2024-12,south,VST,2024,VST-PR,2.5 가솔린,FWD,선셋 레드,3,3,2919
2024-12,south,VST,2024,VST-PR,2.5 가솔린,FWD,포레스트 그린,2,2,1824
2024-12,south,VST,2024,VST-PR,2.5 가솔린,FWD,샌드 베이지,2,2,1824
2024-12,south,VST,2024,VST-PR,1.6T 하이브리드,AWD,스노우 화이트,3,3,2661
2024-12,south,VST,2024,VST-PR,1.6T 하이브리드,AWD,미드나잇 블랙,2,2,2106
2024-12,south,VST,2024,VST-PR,1.6T 하이브리드,AWD,스틸 그레이,2,2,1774
2024-12,south,VST,2024,VST-PR,1.6T 하이브리드,AWD,실버,1,1,1441
2024-12,south,VST,2024,VST-PR,1.6T 하이브리드,AWD,오션 블루,1,1,1109
2024-12,south,VST,2024,VST-PR,1.6T 하이브리드,AWD,선셋 레드,1,1,887
2024-12,south,VST,2024,VST-PR,1.6T 하이브리드,AWD,포레스트 그린,1,1,554
2024-12,south,VST,2024,VST-PR,1.6T 하이브리드,AWD,샌드 베이지,1,1,554
2024-12,south,VST,2024,VST-PR,1.6T 하이브리드,FWD,스노우 화이트,5,5,5551
2024-12,south,VST,2024,VST-PR,1.6T 하이브리드,FWD,미드나잇 블랙,4,4,4395
2024-12,south,VST,2024,VST-PR,1.6T 하이브리드,FWD,스틸 그레이,4,4,3701
2024-12,south,VST,2024,VST-PR,1.6T 하이브리드,FWD,실버,3,3,3007
2024-12,south,VST,2024,VST-PR,1.6T 하이브리드,FWD,오션 블루,2,2,2313
2024-12,south,VST,2024,VST-PR,1.6T 하이브리드,FWD,선셋 레드,2,2,1850
2024-12,south,VST,2024,VST-PR,1.6T 하이브리드,FWD,포레스트 그린,1,1,1156
2024-12,south,VST,2024,VST-PR,1.6T 하이브리드,FWD,샌드 베이지,1,1,1156
2024-12,south,VST,2024,VST-TR,2.5 가솔린,AWD,스노우 화이트,2,2,2519
2024-12,south,VST,2024,VST-TR,2.5 가솔린,AWD,미드나잇 블랙,1,1,1994
2024-12,south,VST,2024,VST-TR,2.5 가솔린,AWD,스틸 그레이,1,1,1679
2024-12,south,VST,2024,VST-TR,2.5 가솔린,AWD,실버,1,1,1364
2024-12,south,VST,2024,VST-TR,2.5 가솔린,AWD,오션 블루,1,1,1050
2024-12,south,VST,2024,VST-TR,2.5 가솔린,AWD,선셋 레드,1,1,840
2024-12,south,VST,2024,VST-TR,2.5 가솔린,FWD,스노우 화이트,3,3,5255
2024-12,south,VST,2024,VST-TR,2.5 가솔린,FWD,미드나잇 블랙,3,3,4161
2024-12,south,VST,2024,VST-TR,2.5 가솔린,FWD,스틸 그레이,2,2,3504
2024-12,south,VST,2024,VST-TR,2.5 가솔린,FWD,실버,2,2,2847
2024-12,south,VST,2024,VST-TR,2.5 가솔린,FWD,오션 블루,1,1,2190
2024-12,south,VST,2024,VST-TR,2.5 가솔린,FWD,선셋 레드,1,1,1752
2024-12,south,VST,2024,VST-TR,2.5 가솔린,FWD,포레스트 그린,1,1,1095
2024-12,south,VST,2024,VST-TR,2.5 가솔린,FWD,샌드 베이지,1,1,1095
2024-12,south,VST,2024,VST-TR,1.6T 하이브리드,AWD,스노우 화이트,1,1,1597
2024-12,south,VST,2024,VST-TR,1.6T 하이브리드,AWD,미드나잇 블랙,1,1,1264
2024-12,south,VST,2024,VST-TR,1.6T 하이브리드,AWD,스틸 그레이,1,1,1065
2024-12,south,VST,2024,VST-TR,1.6T 하이브리드,AWD,실버,1,1,865
2024-12,south,VST,2024,VST-TR,1.6T 하이브리드,FWD,스노우 화이트,2,2,3332
2024-12,south,VST,2024,VST-TR,1.6T 하이브리드,FWD,미드나잇 블랙,2,2,2638
2024-12,south,VST,2024,VST-TR,1.6T 하이브리드,FWD,스틸 그레이,1,1,2221
2024-12,south,VST,2024,VST-TR,1.6T 하이브리드,FWD,실버,1,1,1805
2024-12,south,VST,2024,VST-TR,1.6T 하이브리드,FWD,오션 블루,1,1,1388
2024-12,south,VST,2024,VST-TR,1.6T 하이브리드,FWD,선셋 레드,1,1,1111
2024-12,south,VST,2025,VST-CO,2.5 가솔린,AWD,스노우 화이트,66,67,50477
2024-12,south,VST,2025,VST-CO,2.5 가솔린,AWD,미드나잇 블랙,52,53,39961
2024-12,south,VST,2025,VST-CO,2.5 가솔린,AWD,스틸 그레이,44,45,33651
2024-12,south,VST,2025,VST-CO,2.5 가솔린,AWD,실버,36,36,27341
2024-12,south,VST,2025,VST-CO,2.5 가솔린,AWD,오션 블루,27,28,21032
2024-12,south,VST,2025,VST-CO,2.5 가솔린,AWD,선셋 레드,22,22,16826
2024-12,south,VST,2025,VST-CO,2.5 가솔린,AWD,포레스트 그린,14,14,10516
2024-12,south,VST,2025,VST-CO,2.5 가솔린,AWD,샌드 베이지,14,14,10516
2024-12,south,VST,2025,VST-CO,2.5 가솔린,FWD,스노우 화이트,138,140,105315
2024-12,south,VST,2025,VST-CO,2.5 가솔린,FWD,미드나잇 블랙,109,111,83375
2024-12,south,VST,2025,VST-CO,2.5 가솔린,FWD,스틸 그레이,92,94,70210
2024-12,south,VST,2025,VST-CO,2.5 가솔린,FWD,실버,75,76,57046
2024-12,south,VST,2025,VST-CO,2.5 가솔린,FWD,오션 블루,57,58,43881
2024-12,south,VST,2025,VST-CO,2.5 가솔린,FWD,선셋 레드,46,47,35105
2024-12,south,VST,2025,VST-CO,2.5 가솔린,FWD,포레스트 그린,29,29,21941
2024-12,south,VST,2025,VST-CO,2.5 가솔린,FWD,샌드 베이지,29,29,21941
2024-12,south,VST,2025,VST-CO,1.6T 하이브리드,AWD,스노우 화이트,42,43,32001
2024-12,south,VST,2025,VST-CO,1.6T 하이브리드,AWD,미드나잇 블랙,33,34,25334
2024-12,south,VST,2025,VST-CO,1.6T 하이브리드,AWD,스틸 그레이,28,28,21334
2024-12,south,VST,2025,VST-CO,1.6T 하이브리드,AWD,실버,23,23,17334
2024-12,south,VST,2025,VST-CO,1.6T 하이브리드,AWD,오션 블루,17,18,13334
2024-12,south,VST,2025,VST-CO,1.6T 하이브리드,AWD,선셋 레드,14,14,10667
2024-12,south,VST,2025,VST-CO,1.6T 하이브리드,AWD,포레스트 그린,9,9,6667
2024-12,south,VST,2025,VST-CO,1.6T 하이브리드,AWD,샌드 베이지,9,9,6667
2024-12,south,VST,2025,VST-CO,1.6T 하이브리드,FWD,스노우 화이트,87,89,66768
2024-12,south,VST,2025,VST-CO,1.6T 하이브리드,FWD,미드나잇 블랙,69,70,52858
2024-12,south,VST,2025,VST-CO,1.6T 하이브리드,FWD,스틸 그레이,58,59,44512
2024-12,south,VST,2025,VST-CO,1.6T 하이브리드,FWD,실버,47,48,36166
2024-12,south,VST,2025,VST-CO,1.6T 하이브리드,FWD,오션 블루,36,37,27820
2024-12,south,VST,2025,VST-CO,1.6T 하이브리드,FWD,선셋 레드,29,30,22256
2024-12,south,VST,2025,VST-CO,1.6T 하이브리드,FWD,포레스트 그린,18,19,13910
2024-12,south,VST,2025,VST-CO,1.6T 하이브리드,FWD,샌드 베이지,18,19,13910
2024-12,south,VST,2025,VST-PR,2.5 가솔린,AWD,스노우 화이트,76,78,79734
2024-12,south,VST,2025,VST-PR,2.5 가솔린,AWD,미드나잇 블랙,60,62,63123
2024-12,south,VST,2025,VST-PR,2.5 가솔린,AWD,스틸 그레이,51,52,53156
2024-12,south,VST,2025,VST-PR,2.5 가솔린,AWD,실버,41,42,43189
2024-12,south,VST,2025,VST-PR,2.5 가솔린,AWD,오션 블루,32,32,33223
2024-12,south,VST,2025,VST-PR,2.5 가솔린,AWD,선셋 레드,25,26,26578
2024-12,south,VST,2025,VST-PR,2.5 가솔린,AWD,포레스트 그린,16,16,16611
2024-12,south,VST,2025,VST-PR,2.5 가솔린,AWD,샌드 베이지,16,16,16611
2024-12,south,VST,2025,VST-PR,2.5 가솔린,FWD,스노우 화이트,159,162,166359
2024-12,south,VST,2025,VST-PR,2.5 가솔린,FWD,미드나잇 블랙,126,129,131701
2024-12,south,VST,2025,VST-PR,2.5 가솔린,FWD,스틸 그레이,106,108,110906
2024-12,south,VST,2025,VST-PR,2.5 가솔린,FWD,실버,86,88,90111
2024-12,south,VST,2025,VST-PR,2.5 가솔린,FWD,오션 블루,66,68,69316
2024-12,south,VST,2025,VST-PR,2.5 가솔린,FWD,선셋 레드,53,54,55453
2024-12,south,VST,2025,VST-PR,2.5 가솔린,FWD,포레스트 그린,33,34,34658
2024-12,south,VST,2025,VST-PR,2.5 가솔린,FWD,샌드 베이지,33,34,34658
2024-12,south,VST,2025,VST-PR,1.6T 하이브리드,AWD,스노우 화이트,48,49,50550
2024-12,south,VST,2025,VST-PR,1.6T 하이브리드,AWD,미드나잇 블랙,38,39,40019
2024-12,south,VST,2025,VST-PR,1.6T 하이브리드,AWD,스틸 그레이,32,33,33700
2024-12,south,VST,2025,VST-PR,1.6T 하이브리드,AWD,실버,26,27,27381
2024-12,south,VST,2025,VST-PR,1.6T 하이브리드,AWD,오션 블루,20,21,21063
2024-12,south,VST,2025,VST-PR,1.6T 하이브리드,AWD,선셋 레드,16,16,16850
2024-12,south,VST,2025,VST-PR,1.6T 하이브리드,AWD,포레스트 그린,10,10,10531
2024-12,south,VST,2025,VST-PR,1.6T 하이브리드,AWD,샌드 베이지,10,10,10531
2024-12,south,VST,2025,VST-PR,1.6T 하이브리드,FWD,스노우 화이트,101,103,105469
2024-12,south,VST,2025,VST-PR,1.6T 하이브리드,FWD,미드나잇 블랙,80,82,83497
2024-12,south,VST,2025,VST-PR,1.6T 하이브리드,FWD,스틸 그레이,67,69,70313
2024-12,south,VST,2025,VST-PR,1.6T 하이브리드,FWD,실버,55,56,57129
2024-12,south,VST,2025,VST-PR,1.6T 하이브리드,FWD,오션 블루,42,43,43946
2024-12,south,VST,2025,VST-PR,1.6T 하이브리드,FWD,선셋 레드,34,34,35156
2024-12,south,VST,2025,VST-PR,1.6T 하이브리드,FWD,포레스트 그린,21,21,21973
2024-12,south,VST,2025,VST-PR,1.6T 하이브리드,FWD,샌드 베이지,21,21,21973
2024-12,south,VST,2025,VST-TR,2.5 가솔린,AWD,스노우 화이트,31,32,47859
2024-12,south,VST,2025,VST-TR,2.5 가솔린,AWD,미드나잇 블랙,25,25,37888
2024-12,south,VST,2025,VST-TR,2.5 가솔린,AWD,스틸 그레이,21,21,31906
2024-12,south,VST,2025,VST-TR,2.5 가솔린,AWD,실버,17,17,25923
2024-12,south,VST,2025,VST-TR,2.5 가솔린,AWD,오션 블루,13,13,19941
2024-12,south,VST,2025,VST-TR,2.5 가솔린,AWD,선셋 레드,10,11,15953
2024-12,south,VST,2025,VST-TR,2.5 가솔린,AWD,포레스트 그린,7,7,9971
2024-12,south,VST,2025,VST-TR,2.5 가솔린,AWD,샌드 베이지,7,7,9971
2024-12,south,VST,2025,VST-TR,2.5 가솔린,FWD,스노우 화이트,65,66,99853
2024-12,south,VST,2025,VST-TR,2.5 가솔린,FWD,미드나잇 블랙,52,53,79050
2024-12,south,VST,2025,VST-TR,2.5 가솔린,FWD,스틸 그레이,43,44,66569
2024-12,south,VST,2025,VST-TR,2.5 가솔린,FWD,실버,35,36,54087
2024-12,south,VST,2025,VST-TR,2.5 가솔린,FWD,오션 블루,27,28,41605
2024-12,south,VST,2025,VST-TR,2.5 가솔린,FWD,선셋 레드,22,22,33284
2024-12,south,VST,2025,VST-TR,2.5 가솔린,FWD,포레스트 그린,14,14,20803
2024-12,south,VST,2025,VST-TR,2.5 가솔린,FWD,샌드 베이지,14,14,20803
2024-12,south,VST,2025,VST-TR,1.6T 하이브리드,AWD,스노우 화이트,20,20,30342
2024-12,south,VST,2025,VST-TR,1.6T 하이브리드,AWD,미드나잇 블랙,16,16,24021
2024-12,south,VST,2025,VST-TR,1.6T 하이브리드,AWD,스틸 그레이,13,13,20228
2024-12,south,VST,2025,VST-TR,1.6T 하이브리드,AWD,실버,11,11,16435
2024-12,south,VST,2025,VST-TR,1.6T 하이브리드,AWD,오션 블루,8,8,12642
2024-12,south,VST,2025,VST-TR,1.6T 하이브리드,AWD,선셋 레드,7,7,10114
2024-12,south,VST,2025,VST-TR,1.6T 하이브리드,AWD,포레스트 그린,4,4,6321
2024-12,south,VST,2025,VST-TR,1.6T 하이브리드,AWD,샌드 베이지,4,4,6321
2024-12,south,VST,2025,VST-TR,1.6T 하이브리드,FWD,스노우 화이트,41,42,63306
2024-12,south,VST,2025,VST-TR,1.6T 하이브리드,FWD,미드나잇 블랙,33,33,50117
2024-12,south,VST,2025,VST-TR,1.6T 하이브리드,FWD,스틸 그레이,28,28,42204
2024-12,south,VST,2025,VST-TR,1.6T 하이브리드,FWD,실버,22,23,34290
2024-12,south,VST,2025,VST-TR,1.6T 하이브리드,FWD,오션 블루,17,18,26377
2024-12,south,VST,2025,VST-TR,1.6T 하이브리드,FWD,선셋 레드,14,14,21102
2024-12,south,VST,2025,VST-TR,1.6T 하이브리드,FWD,포레스트 그린,9,9,13189
2024-12,south,VST,2025,VST-TR,1.6T 하이브리드,FWD,샌드 베이지,9,9,13189
2024-12,northeast,VST,2024,VST-CO,2.5 가솔린,AWD,스노우 화이트,5,5,3707
2024-12,northeast,VST,2024,VST-CO,2.5 가솔린,AWD,미드나잇 블랙,4,4,2934
2024-12,northeast,VST,2024,VST-CO,2.5 가솔린,AWD,스틸 그레이,3,3,2471
2024-12,northeast,VST,2024,VST-CO,2.5 가솔린,AWD,실버,3,3,2008
2024-12,northeast,VST,2024,VST-CO,2.5 가솔린,AWD,오션 블루,2,2,1544
2024-12,northeast,VST,2024,VST-CO,2.5 가솔린,AWD,선셋 레드,2,2,1236
2024-12,northeast,VST,2024,VST-CO,2.5 가솔린,AWD,포레스트 그린,1,1,772
2024-12,northeast,VST,2024,VST-CO,2.5 가솔린,AWD,샌드 베이지,1,1,772
2024-12,northeast,VST,2024,VST-CO,2.5 가솔린,FWD,스노우 화이트,3,4,2629
2024-12,northeast,VST,2024,VST-CO,2.5 가솔린,FWD,미드나잇 블랙,3,3,2082
2024-12,northeast,VST,2024,VST-CO,2.5 가솔린,FWD,스틸 그레이,2,2,1753
2024-12,northeast,VST,2024,VST-CO,2.5 가솔린,FWD,실버,2,2,1424
2024-12,northeast,VST,2024,VST-CO,2.5 가솔린,FWD,오션 블루,1,1,1096
2024-12,northeast,VST,2024,VST-CO,2.5 가솔린,FWD,선셋 레드,1,1,876
2024-12,northeast,VST,2024,VST-CO,2.5 가솔린,FWD,포레스트 그린,1,1,548
2024-12,northeast,VST,2024,VST-CO,2.5 가솔린,FWD,샌드 베이지,1,1,548
2024-12,northeast,VST,2024,VST-CO,1.6T 하이브리드,AWD,스노우 화이트,3,3,2350
2024-12,northeast,VST,2024,VST-CO,1.6T 하이브리드,AWD,미드나잇 블랙,2,2,1860
2024-12,northeast,VST,2024,VST-CO,1.6T 하이브리드,AWD,스틸 그레이,2,2,1567
2024-12,northeast,VST,2024,VST-CO,1.6T 하이브리드,AWD,실버,2,2,1273
2024-12,northeast,VST,2024,VST-CO,1.6T 하이브리드,AWD,오션 블루,1,1,979
2024-12,northeast,VST,2024,VST-CO,1.6T 하이브리드,AWD,선셋 레드,1,1,783
2024-12,northeast,VST,2024,VST-CO,1.6T 하이브리드,AWD,포레스트 그린,1,1,490
2024-12,northeast,VST,2024,VST-CO,1.6T 하이브리드,AWD,샌드 베이지,1,1,490
2024-12,northeast,VST,2024,VST-CO,1.6T 하이브리드,FWD,스노우 화이트,2,2,1667
2024-12,northeast,VST,2024,VST-CO,1.6T 하이브리드,FWD,미드나잇 블랙,2,2,1320
2024-12,northeast,VST,2024,VST-CO,1.6T 하이브리드,FWD,스틸 그레이,1,1,1111
2024-12,northeast,VST,2024,VST-CO,1.6T 하이브리드,FWD,실버,1,1,903
2024-12,northeast,VST,2024,VST-CO,1.6T 하이브리드,FWD,오션 블루,1,1,695
2024-12,northeast,VST,2024,VST-CO,1.6T 하이브리드,FWD,선셋 레드,1,1,556
2024-12,northeast,VST,2024,VST-PR,2.5 가솔린,AWD,스노우 화이트,6,6,5855
2024-12,northeast,VST,2024,VST-PR,2.5 가솔린,AWD,미드나잇 블랙,4,5,4635
2024-12,northeast,VST,2024,VST-PR,2.5 가솔린,AWD,스틸 그레이,4,4,3903
2024-12,northeast,VST,2024,VST-PR,2.5 가솔린,AWD,실버,3,3,3171
2024-12,northeast,VST,2024,VST-PR,2.5 가솔린,AWD,오션 블루,2,2,2440
2024-12,northeast,VST,2024,VST-PR,2.5 가솔린,AWD,선셋 레드,2,2,1952
2024-12,northeast,VST,2024,VST-PR,2.5 가솔린,AWD,포레스트 그린,1,1,1220
2024-12,northeast,VST,2024,VST-PR,2.5 가솔린,AWD,샌드 베이지,1,1,1220
2024-12,northeast,VST,2024,VST-PR,2.5 가솔린,FWD,스노우 화이트,4,4,4154
2024-12,northeast,VST,2024,VST-PR,2.5 가솔린,FWD,미드나잇 블랙,3,3,3288
2024-12,northeast,VST,2024,VST-PR,2.5 가솔린,FWD,스틸 그레이,3,3,2769
2024-12,northeast,VST,2024,VST-PR,2.5 가솔린,FWD,실버,2,2,2250
2024-12,northeast,VST,2024,VST-PR,2.5 가솔린,FWD,오션 블루,2,2,1731
2024-12,northeast,VST,2024,VST-PR,2.5 가솔린,FWD,선셋 레드,1,1,1385
2024-12,northeast,VST,2024,VST-PR,2.5 가솔린,FWD,포레스트 그린,1,1,865
2024-12,northeast,VST,2024,VST-PR,2.5 가솔린,FWD,샌드 베이지,1,1,865
2024-12,northeast,VST,2024,VST-PR,1.6T 하이브리드,AWD,스노우 화이트,4,4,3712
2024-12,northeast,VST,2024,VST-PR,1.6T 하이브리드,AWD,미드나잇 블랙,3,3,2939
2024-12,northeast,VST,2024,VST-PR,1.6T 하이브리드,AWD,스틸 그레이,2,2,2475
2024-12,northeast,VST,2024,VST-PR,1.6T 하이브리드,AWD,실버,2,2,2011
2024-12,northeast,VST,2024,VST-PR,1.6T 하이브리드,AWD,오션 블루,1,2,1547
2024-12,northeast,VST,2024,VST-PR,1.6T 하이브리드,AWD,선셋 레드,1,1,1237
2024-12,northeast,VST,2024,VST-PR,1.6T 하이브리드,AWD,포레스트 그린,1,1,773
2024-12,northeast,VST,2024,VST-PR,1.6T 하이브리드,AWD,샌드 베이지,1,1,773
2024-12,northeast,VST,2024,VST-PR,1.6T 하이브리드,FWD,스노우 화이트,3,3,2633
2024-12,northeast,VST,2024,VST-PR,1.6T 하이브리드,FWD,미드나잇 블랙,2,2,2085
2024-12,northeast,VST,2024,VST-PR,1.6T 하이브리드,FWD,스틸 그레이,2,2,1756
2024-12,northeast,VST,2024,VST-PR,1.6T 하이브리드,FWD,실버,1,1,1426
2024-12,northeast,VST,2024,VST-PR,1.6T 하이브리드,FWD,오션 블루,1,1,1097
2024-12,northeast,VST,2024,VST-PR,1.6T 하이브리드,FWD,선셋 레드,1,1,878
2024-12,northeast,VST,2024,VST-PR,1.6T 하이브리드,FWD,포레스트 그린,1,1,549
2024-12,northeast,VST,2024,VST-PR,1.6T 하이브리드,FWD,샌드 베이지,1,1,549
2024-12,northeast,VST,2024,VST-TR,2.5 가솔린,AWD,스노우 화이트,2,2,3514
2024-12,northeast,VST,2024,VST-TR,2.5 가솔린,AWD,미드나잇 블랙,2,2,2782
2024-12,northeast,VST,2024,VST-TR,2.5 가솔린,AWD,스틸 그레이,2,2,2343
2024-12,northeast,VST,2024,VST-TR,2.5 가솔린,AWD,실버,1,1,1904
2024-12,northeast,VST,2024,VST-TR,2.5 가솔린,AWD,오션 블루,1,1,1464
2024-12,northeast,VST,2024,VST-TR,2.5 가솔린,AWD,선셋 레드,1,1,1171
2024-12,northeast,VST,2024,VST-TR,2.5 가솔린,FWD,스노우 화이트,2,2,2493
2024-12,northeast,VST,2024,VST-TR,2.5 가솔린,FWD,미드나잇 블랙,1,1,1974
2024-12,northeast,VST,2024,VST-TR,2.5 가솔린,FWD,스틸 그레이,1,1,1662
2024-12,northeast,VST,2024,VST-TR,2.5 가솔린,FWD,실버,1,1,1350
2024-12,northeast,VST,2024,VST-TR,2.5 가솔린,FWD,오션 블루,1,1,1039
2024-12,northeast,VST,2024,VST-TR,2.5 가솔린,FWD,선셋 레드,1,1,831
2024-12,northeast,VST,2024,VST-TR,1.6T 하이브리드,AWD,스노우 화이트,1,1,2228
2024-12,northeast,VST,2024,VST-TR,1.6T 하이브리드,AWD,미드나잇 블랙,1,1,1764
2024-12,northeast,VST,2024,VST-TR,1.6T 하이브리드,AWD,스틸 그레이,1,1,1485
2024-12,northeast,VST,2024,VST-TR,1.6T 하이브리드,AWD,실버,1,1,1207
2024-12,northeast,VST,2024,VST-TR,1.6T 하이브리드,AWD,오션 블루,1,1,928
2024-12,northeast,VST,2024,VST-TR,1.6T 하이브리드,FWD,스노우 화이트,1,1,1581
2024-12,northeast,VST,2024,VST-TR,1.6T 하이브리드,FWD,미드나잇 블랙,1,1,1251
2024-12,northeast,VST,2024,VST-TR,1.6T 하이브리드,FWD,스틸 그레이,1,1,1054
2024-12,northeast,VST,2024,VST-TR,1.6T 하이브리드,FWD,실버,1,1,856
2024-12,northeast,VST,2025,VST-CO,2.5 가솔린,AWD,스노우 화이트,92,94,70425
2024-12,northeast,VST,2025,VST-CO,2.5 가솔린,AWD,미드나잇 블랙,73,74,55753
2024-12,northeast,VST,2025,VST-CO,2.5 가솔린,AWD,스틸 그레이,61,63,46950
2024-12,northeast,VST,2025,VST-CO,2.5 가솔린,AWD,실버,50,51,38147
2024-12,northeast,VST,2025,VST-CO,2.5 가솔린,AWD,오션 블루,38,39,29344
2024-12,northeast,VST,2025,VST-CO,2.5 가솔린,AWD,선셋 레드,31,31,23475
2024-12,northeast,VST,2025,VST-CO,2.5 가솔린,AWD,포레스트 그린,19,20,14672
2024-12,northeast,VST,2025,VST-CO,2.5 가솔린,AWD,샌드 베이지,19,20,14672
2024-12,northeast,VST,2025,VST-CO,2.5 가솔린,FWD,스노우 화이트,65,67,49960
2024-12,northeast,VST,2025,VST-CO,2.5 가솔린,FWD,미드나잇 블랙,52,53,39551
2024-12,northeast,VST,2025,VST-CO,2.5 가솔린,FWD,스틸 그레이,43,44,33306
2024-12,northeast,VST,2025,VST-CO,2.5 가솔린,FWD,실버,35,36,27061
2024-12,northeast,VST,2025,VST-CO,2.5 가솔린,FWD,오션 블루,27,28,20816
2024-12,northeast,VST,2025,VST-CO,2.5 가솔린,FWD,선셋 레드,22,22,16653
2024-12,northeast,VST,2025,VST-CO,2.5 가솔린,FWD,포레스트 그린,14,14,10408
2024-12,northeast,VST,2025,VST-CO,2.5 가솔린,FWD,샌드 베이지,14,14,10408
2024-12,northeast,VST,2025,VST-CO,1.6T 하이브리드,AWD,스노우 화이트,58,59,44648
2024-12,northeast,VST,2025,VST-CO,1.6T 하이브리드,AWD,미드나잇 블랙,46,47,35347
2024-12,northeast,VST,2025,VST-CO,1.6T 하이브리드,AWD,스틸 그레이,39,40,29766
2024-12,northeast,VST,2025,VST-CO,1.6T 하이브리드,AWD,실버,32,32,24185
2024-12,northeast,VST,2025,VST-CO,1.6T 하이브리드,AWD,오션 블루,24,25,18604
2024-12,northeast,VST,2025,VST-CO,1.6T 하이브리드,AWD,선셋 레드,19,20,14883
2024-12,northeast,VST,2025,VST-CO,1.6T 하이브리드,AWD,포레스트 그린,12,12,9302
2024-12,northeast,VST,2025,VST-CO,1.6T 하이브리드,AWD,샌드 베이지,12,12,9302
2024-12,northeast,VST,2025,VST-CO,1.6T 하이브리드,FWD,스노우 화이트,41,42,31674
2024-12,northeast,VST,2025,VST-CO,1.6T 하이브리드,FWD,미드나잇 블랙,33,33,25075
2024-12,northeast,VST,2025,VST-CO,1.6T 하이브리드,FWD,스틸 그레이,28,28,21116
2024-12,northeast,VST,2025,VST-CO,1.6T 하이브리드,FWD,실버,22,23,17157
2024-12,northeast,VST,2025,VST-CO,1.6T 하이브리드,FWD,오션 블루,17,18,13197
2024-12,northeast,VST,2025,VST-CO,1.6T 하이브리드,FWD,선셋 레드,14,14,10558
2024-12,northeast,VST,2025,VST-CO,1.6T 하이브리드,FWD,포레스트 그린,9,9,6599
2024-12,northeast,VST,2025,VST-CO,1.6T 하이브리드,FWD,샌드 베이지,9,9,6599
2024-12,northeast,VST,2025,VST-PR,2.5 가솔린,AWD,스노우 화이트,106,109,111245
2024-12,northeast,VST,2025,VST-PR,2.5 가솔린,AWD,미드나잇 블랙,84,86,88069
2024-12,northeast,VST,2025,VST-PR,2.5 가솔린,AWD,스틸 그레이,71,72,74163
2024-12,northeast,VST,2025,VST-PR,2.5 가솔린,AWD,실버,58,59,60258
2024-12,northeast,VST,2025,VST-PR,2.5 가솔린,AWD,오션 블루,44,45,46352
2024-12,northeast,VST,2025,VST-PR,2.5 가솔린,AWD,선셋 레드,35,36,37082
2024-12,northeast,VST,2025,VST-PR,2.5 가솔린,AWD,포레스트 그린,22,23,23176
2024-12,northeast,VST,2025,VST-PR,2.5 가솔린,AWD,샌드 베이지,22,23,23176
2024-12,northeast,VST,2025,VST-PR,2.5 가솔린,FWD,스노우 화이트,76,77,78918
2024-12,northeast,VST,2025,VST-PR,2.5 가솔린,FWD,미드나잇 블랙,60,61,62476
2024-12,northeast,VST,2025,VST-PR,2.5 가솔린,FWD,스틸 그레이,50,51,52612
2024-12,northeast,VST,2025,VST-PR,2.5 가솔린,FWD,실버,41,42,42747
2024-12,northeast,VST,2025,VST-PR,2.5 가솔린,FWD,오션 블루,31,32,32882
2024-12,northeast,VST,2025,VST-PR,2.5 가솔린,FWD,선셋 레드,25,26,26306
2024-12,northeast,VST,2025,VST-PR,2.5 가솔린,FWD,포레스트 그린,16,16,16441
2024-12,northeast,VST,2025,VST-PR,2.5 가솔린,FWD,샌드 베이지,16,16,16441
2024-12,northeast,VST,2025,VST-PR,1.6T 하이브리드,AWD,스노우 화이트,68,69,70528
2024-12,northeast,VST,2025,VST-PR,1.6T 하이브리드,AWD,미드나잇 블랙,53,55,55835
2024-12,northeast,VST,2025,VST-PR,1.6T 하이브리드,AWD,스틸 그레이,45,46,47019
2024-12,northeast,VST,2025,VST-PR,1.6T 하이브리드,AWD,실버,37,37,38203
2024-12,northeast,VST,2025,VST-PR,1.6T 하이브리드,AWD,오션 블루,28,29,29387
2024-12,northeast,VST,2025,VST-PR,1.6T 하이브리드,AWD,선셋 레드,23,23,23509
2024-12,northeast,VST,2025,VST-PR,1.6T 하이브리드,AWD,포레스트 그린,14,14,14693
2024-12,northeast,VST,2025,VST-PR,1.6T 하이브리드,AWD,샌드 베이지,14,14,14693
2024-12,northeast,VST,2025,VST-PR,1.6T 하이브리드,FWD,스노우 화이트,48,49,50033
2024-12,northeast,VST,2025,VST-PR,1.6T 하이브리드,FWD,미드나잇 블랙,38,39,39609
2024-12,northeast,VST,2025,VST-PR,1.6T 하이브리드,FWD,스틸 그레이,32,33,33355
2024-12,northeast,VST,2025,VST-PR,1.6T 하이브리드,FWD,실버,26,26,27101
2024-12,northeast,VST,2025,VST-PR,1.6T 하이브리드,FWD,오션 블루,20,20,20847
2024-12,northeast,VST,2025,VST-PR,1.6T 하이브리드,FWD,선셋 레드,16,16,16678
2024-12,northeast,VST,2025,VST-PR,1.6T 하이브리드,FWD,포레스트 그린,10,10,10423
2024-12,northeast,VST,2025,VST-PR,1.6T 하이브리드,FWD,샌드 베이지,10,10,10423
2024-12,northeast,VST,2025,VST-TR,2.5 가솔린,AWD,스노우 화이트,44,44,66772
2024-12,northeast,VST,2025,VST-TR,2.5 가솔린,AWD,미드나잇 블랙,34,35,52861
2024-12,northeast,VST,2025,VST-TR,2.5 가솔린,AWD,스틸 그레이,29,30,44515
2024-12,northeast,VST,2025,VST-TR,2.5 가솔린,AWD,실버,24,24,36168
2024-12,northeast,VST,2025,VST-TR,2.5 가솔린,AWD,오션 블루,18,19,27822
2024-12,northeast,VST,2025,VST-TR,2.5 가솔린,AWD,선셋 레드,15,15,22257
2024-12,northeast,VST,2025,VST-TR,2.5 가솔린,AWD,포레스트 그린,9,9,13911
2024-12,northeast,VST,2025,VST-TR,2.5 가솔린,AWD,샌드 베이지,9,9,13911
2024-12,northeast,VST,2025,VST-TR,2.5 가솔린,FWD,스노우 화이트,31,32,47368
2024-12,northeast,VST,2025,VST-TR,2.5 가솔린,FWD,미드나잇 블랙,24,25,37500
2024-12,northeast,VST,2025,VST-TR,2.5 가솔린,FWD,스틸 그레이,21,21,31579
2024-12,northeast,VST,2025,VST-TR,2.5 가솔린,FWD,실버,17,17,25658
2024-12,northeast,VST,2025,VST-TR,2.5 가솔린,FWD,오션 블루,13,13,19737
2024-12,northeast,VST,2025,VST-TR,2.5 가솔린,FWD,선셋 레드,10,11,15789
2024-12,northeast,VST,2025,VST-TR,2.5 가솔린,FWD,포레스트 그린,6,7,9868
2024-12,northeast,VST,2025,VST-TR,2.5 가솔린,FWD,샌드 베이지,6,7,9868
2024-12,northeast,VST,2025,VST-TR,1.6T 하이브리드,AWD,스노우 화이트,28,28,42333
2024-12,northeast,VST,2025,VST-TR,1.6T 하이브리드,AWD,미드나잇 블랙,22,22,33513
2024-12,northeast,VST,2025,VST-TR,1.6T 하이브리드,AWD,스틸 그레이,18,19,28222
2024-12,northeast,VST,2025,VST-TR,1.6T 하이브리드,AWD,실버,15,15,22930
2024-12,northeast,VST,2025,VST-TR,1.6T 하이브리드,AWD,오션 블루,12,12,17639
2024-12,northeast,VST,2025,VST-TR,1.6T 하이브리드,AWD,선셋 레드,9,9,14111
2024-12,northeast,VST,2025,VST-TR,1.6T 하이브리드,AWD,포레스트 그린,6,6,8819
2024-12,northeast,VST,2025,VST-TR,1.6T 하이브리드,AWD,샌드 베이지,6,6,8819
2024-12,northeast,VST,2025,VST-TR,1.6T 하이브리드,FWD,스노우 화이트,20,20,30031
2024-12,northeast,VST,2025,VST-TR,1.6T 하이브리드,FWD,미드나잇 블랙,16,16,23775
2024-12,northeast,VST,2025,VST-TR,1.6T 하이브리드,FWD,스틸 그레이,13,13,20021
2024-12,northeast,VST,2025,VST-TR,1.6T 하이브리드,FWD,실버,11,11,16267
2024-12,northeast,VST,2025,VST-TR,1.6T 하이브리드,FWD,오션 블루,8,8,12513
2024-12,northeast,VST,2025,VST-TR,1.6T 하이브리드,FWD,선셋 레드,7,7,10010
2024-12,northeast,VST,2025,VST-TR,1.6T 하이브리드,FWD,포레스트 그린,4,4,6256
2024-12,northeast,VST,2025,VST-TR,1.6T 하이브리드,FWD,샌드 베이지,4,4,6256
2024-12,southeast,VST,2024,VST-CO,2.5 가솔린,AWD,스노우 화이트,3,3,2566
2024-12,southeast,VST,2024,VST-CO,2.5 가솔린,AWD,미드나잇 블랙,3,3,2031
2024-12,southeast,VST,2024,VST-CO,2.5 가솔린,AWD,스틸 그레이,2,2,1711
2024-12,southeast,VST,2024,VST-CO,2.5 가솔린,AWD,실버,2,2,1390
2024-12,southeast,VST,2024,VST-CO,2.5 가솔린,AWD,오션 블루,1,1,1069
2024-12,southeast,VST,2024,VST-CO,2.5 가솔린,AWD,선셋 레드,1,1,855
2024-12,southeast,VST,2024,VST-CO,2.5 가솔린,AWD,포레스트 그린,1,1,535
2024-12,southeast,VST,2024,VST-CO,2.5 가솔린,AWD,샌드 베이지,1,1,535
2024-12,southeast,VST,2024,VST-CO,2.5 가솔린,FWD,스노우 화이트,5,6,4143
2024-12,southeast,VST,2024,VST-CO,2.5 가솔린,FWD,미드나잇 블랙,4,4,3280
2024-12,southeast,VST,2024,VST-CO,2.5 가솔린,FWD,스틸 그레이,4,4,2762
2024-12,southeast,VST,2024,VST-CO,2.5 가솔린,FWD,실버,3,3,2244
2024-12,southeast,VST,2024,VST-CO,2.5 가솔린,FWD,오션 블루,2,2,1726
2024-12,southeast,VST,2024,VST-CO,2.5 가솔린,FWD,선셋 레드,2,2,1381
2024-12,southeast,VST,2024,VST-CO,2.5 가솔린,FWD,포레스트 그린,1,1,863
2024-12,southeast,VST,2024,VST-CO,2.5 가솔린,FWD,샌드 베이지,1,1,863
2024-12,southeast,VST,2024,VST-CO,1.6T 하이브리드,AWD,스노우 화이트,2,2,1627
2024-12,southeast,VST,2024,VST-CO,1.6T 하이브리드,AWD,미드나잇 블랙,2,2,1288
2024-12,southeast,VST,2024,VST-CO,1.6T 하이브리드,AWD,스틸 그레이,1,1,1085
2024-12,southeast,VST,2024,VST-CO,1.6T 하이브리드,AWD,실버,1,1,881
2024-12,southeast,VST,2024,VST-CO,1.6T 하이브리드,AWD,오션 블루,1,1,678
2024-12,southeast,VST,2024,VST-CO,1.6T 하이브리드,AWD,선셋 레드,1,1,542
2024-12,southeast,VST,2024,VST-CO,1.6T 하이브리드,FWD,스노우 화이트,3,3,2626
2024-12,southeast,VST,2024,VST-CO,1.6T 하이브리드,FWD,미드나잇 블랙,3,3,2079
2024-12,southeast,VST,2024,VST-CO,1.6T 하이브리드,FWD,스틸 그레이,2,2,1751
2024-12,southeast,VST,2024,VST-CO,1.6T 하이브리드,FWD,실버,2,2,1423
2024-12,southeast,VST,2024,VST-CO,1.6T 하이브리드,FWD,오션 블루,1,1,1094
2024-12,southeast,VST,2024,VST-CO,1.6T 하이브리드,FWD,선셋 레드,1,1,875
2024-12,southeast,VST,2024,VST-CO,1.6T 하이브리드,FWD,포레스트 그린,1,1,547
2024-12,southeast,VST,2024,VST-CO,1.6T 하이브리드,FWD,샌드 베이지,1,1,547
2024-12,southeast,VST,2024,VST-PR,2.5 가솔린,AWD,스노우 화이트,4,4,4053
2024-12,southeast,VST,2024,VST-PR,2.5 가솔린,AWD,미드나잇 블랙,3,3,3209
2024-12,southeast,VST,2024,VST-PR,2.5 가솔린,AWD,스틸 그레이,3,3,2702
2024-12,southeast,VST,2024,VST-PR,2.5 가솔린,AWD,실버,2,2,2196
2024-12,southeast,VST,2024,VST-PR,2.5 가솔린,AWD,오션 블루,2,2,1689
2024-12,southeast,VST,2024,VST-PR,2.5 가솔린,AWD,선셋 레드,1,1,1351
2024-12,southeast,VST,2024,VST-PR,2.5 가솔린,AWD,포레스트 그린,1,1,844
2024-12,southeast,VST,2024,VST-PR,2.5 가솔린,AWD,샌드 베이지,1,1,844
2024-12,southeast,VST,2024,VST-PR,2.5 가솔린,FWD,스노우 화이트,6,6,6544
2024-12,southeast,VST,2024,VST-PR,2.5 가솔린,FWD,미드나잇 블랙,5,5,5181
2024-12,southeast,VST,2024,VST-PR,2.5 가솔린,FWD,스틸 그레이,4,4,4363
2024-12,southeast,VST,2024,VST-PR,2.5 가솔린,FWD,실버,3,3,3545
2024-12,southeast,VST,2024,VST-PR,2.5 가솔린,FWD,오션 블루,3,3,2727
2024-12,southeast,VST,2024,VST-PR,2.5 가솔린,FWD,선셋 레드,2,2,2181
2024-12,southeast,VST,2024,VST-PR,2.5 가솔린,FWD,포레스트 그린,1,1,1363
2024-12,southeast,VST,2024,VST-PR,2.5 가솔린,FWD,샌드 베이지,1,1,1363
2024-12,southeast,VST,2024,VST-PR,1.6T 하이브리드,AWD,스노우 화이트,2,3,2570
2024-12,southeast,VST,2024,VST-PR,1.6T 하이브리드,AWD,미드나잇 블랙,2,2,2034
2024-12,southeast,VST,2024,VST-PR,1.6T 하이브리드,AWD,스틸 그레이,2,2,1713
2024-12,southeast,VST,2024,VST-PR,1.6T 하이브리드,AWD,실버,1,1,1392
2024-12,southeast,VST,2024,VST-PR,1.6T 하이브리드,AWD,오션 블루,1,1,1071
2024-12,southeast,VST,2024,VST-PR,1.6T 하이브리드,AWD,선셋 레드,1,1,857
2024-12,southeast,VST,2024,VST-PR,1.6T 하이브리드,AWD,포레스트 그린,1,1,535
2024-12,southeast,VST,2024,VST-PR,1.6T 하이브리드,AWD,샌드 베이지,1,1,535
2024-12,southeast,VST,2024,VST-PR,1.6T 하이브리드,FWD,스노우 화이트,4,4,4149
2024-12,southeast,VST,2024,VST-PR,1.6T 하이브리드,FWD,미드나잇 블랙,3,3,3284
2024-12,southeast,VST,2024,VST-PR,1.6T 하이브리드,FWD,스틸 그레이,3,3,2766
2024-12,southeast,VST,2024,VST-PR,1.6T 하이브리드,FWD,실버,2,2,2247
2024-12,southeast,VST,2024,VST-PR,1.6T 하이브리드,FWD,오션 블루,2,2,1729
2024-12,southeast,VST,2024,VST-PR,1.6T 하이브리드,FWD,선셋 레드,1,1,1383
2024-12,southeast,VST,2024,VST-PR,1.6T 하이브리드,FWD,포레스트 그린,1,1,864
2024-12,southeast,VST,2024,VST-PR,1.6T 하이브리드,FWD,샌드 베이지,1,1,864
2024-12,southeast,VST,2024,VST-TR,2.5 가솔린,AWD,스노우 화이트,2,2,2433
2024-12,southeast,VST,2024,VST-TR,2.5 가솔린,AWD,미드나잇 블랙,1,1,1926
2024-12,southeast,VST,2024,VST-TR,2.5 가솔린,AWD,스틸 그레이,1,1,1622
2024-12,southeast,VST,2024,VST-TR,2.5 가솔린,AWD,실버,1,1,1318
2024-12,southeast,VST,2024,VST-TR,2.5 가솔린,AWD,오션 블루,1,1,1014
2024-12,southeast,VST,2024,VST-TR,2.5 가솔린,AWD,선셋 레드,1,1,811
2024-12,southeast,VST,2024,VST-TR,2.5 가솔린,FWD,스노우 화이트,3,3,3928
2024-12,southeast,VST,2024,VST-TR,2.5 가솔린,FWD,미드나잇 블랙,2,2,3109
2024-12,southeast,VST,2024,VST-TR,2.5 가솔린,FWD,스틸 그레이,2,2,2619
2024-12,southeast,VST,2024,VST-TR,2.5 가솔린,FWD,실버,1,1,2128
2024-12,southeast,VST,2024,VST-TR,2.5 가솔린,FWD,오션 블루,1,1,1637
2024-12,southeast,VST,2024,VST-TR,2.5 가솔린,FWD,선셋 레드,1,1,1309
2024-12,southeast,VST,2024,VST-TR,2.5 가솔린,FWD,포레스트 그린,1,1,818
2024-12,southeast,VST,2024,VST-TR,2.5 가솔린,FWD,샌드 베이지,1,1,818
2024-12,southeast,VST,2024,VST-TR,1.6T 하이브리드,AWD,스노우 화이트,1,1,1542
2024-12,southeast,VST,2024,VST-TR,1.6T 하이브리드,AWD,미드나잇 블랙,1,1,1221
2024-12,southeast,VST,2024,VST-TR,1.6T 하이브리드,AWD,스틸 그레이,1,1,1028
2024-12,southeast,VST,2024,VST-TR,1.6T 하이브리드,AWD,실버,1,1,836
2024-12,southeast,VST,2024,VST-TR,1.6T 하이브리드,FWD,스노우 화이트,2,2,2490
2024-12,southeast,VST,2024,VST-TR,1.6T 하이브리드,FWD,미드나잇 블랙,1,1,1971
2024-12,southeast,VST,2024,VST-TR,1.6T 하이브리드,FWD,스틸 그레이,1,1,1660
2024-12,southeast,VST,2024,VST-TR,1.6T 하이브리드,FWD,실버,1,1,1349
2024-12,southeast,VST,2024,VST-TR,1.6T 하이브리드,FWD,오션 블루,1,1,1038
2024-12,southeast,VST,2024,VST-TR,1.6T 하이브리드,FWD,선셋 레드,1,1,830
2024-12,southeast,VST,2025,VST-CO,2.5 가솔린,AWD,스노우 화이트,64,65,48756
2024-12,southeast,VST,2025,VST-CO,2.5 가솔린,AWD,미드나잇 블랙,50,51,38598
2024-12,southeast,VST,2025,VST-CO,2.5 가솔린,AWD,스틸 그레이,42,43,32504
2024-12,southeast,VST,2025,VST-CO,2.5 가솔린,AWD,실버,34,35,26409
2024-12,southeast,VST,2025,VST-CO,2.5 가솔린,AWD,오션 블루,27,27,20315
2024-12,southeast,VST,2025,VST-CO,2.5 가솔린,AWD,선셋 레드,21,22,16252
2024-12,southeast,VST,2025,VST-CO,2.5 가솔린,AWD,포레스트 그린,13,14,10157
2024-12,southeast,VST,2025,VST-CO,2.5 가솔린,AWD,샌드 베이지,13,14,10157
2024-12,southeast,VST,2025,VST-CO,2.5 가솔린,FWD,스노우 화이트,103,105,78710
2024-12,southeast,VST,2025,VST-CO,2.5 가솔린,FWD,미드나잇 블랙,81,83,62312
2024-12,southeast,VST,2025,VST-CO,2.5 가솔린,FWD,스틸 그레이,69,70,52473
2024-12,southeast,VST,2025,VST-CO,2.5 가솔린,FWD,실버,56,57,42635
2024-12,southeast,VST,2025,VST-CO,2.5 가솔린,FWD,오션 블루,43,44,32796
2024-12,southeast,VST,2025,VST-CO,2.5 가솔린,FWD,선셋 레드,34,35,26237
2024-12,southeast,VST,2025,VST-CO,2.5 가솔린,FWD,포레스트 그린,21,22,16398
2024-12,southeast,VST,2025,VST-CO,2.5 가솔린,FWD,샌드 베이지,21,22,16398
2024-12,southeast,VST,2025,VST-CO,1.6T 하이브리드,AWD,스노우 화이트,40,41,30910
2024-12,southeast,VST,2025,VST-CO,1.6T 하이브리드,AWD,미드나잇 블랙,32,33,24471
2024-12,southeast,VST,2025,VST-CO,1.6T 하이브리드,AWD,스틸 그레이,27,27,20607
2024-12,southeast,VST,2025,VST-CO,1.6T 하이브리드,AWD,실버,22,22,16743
2024-12,southeast,VST,2025,VST-CO,1.6T 하이브리드,AWD,오션 블루,17,17,12879
2024-12,southeast,VST,2025,VST-CO,1.6T 하이브리드,AWD,선셋 레드,13,14,10303
2024-12,southeast,VST,2025,VST-CO,1.6T 하이브리드,AWD,포레스트 그린,8,9,6440
2024-12,southeast,VST,2025,VST-CO,1.6T 하이브리드,AWD,샌드 베이지,8,9,6440
2024-12,southeast,VST,2025,VST-CO,1.6T 하이브리드,FWD,스노우 화이트,65,66,49901
2024-12,southeast,VST,2025,VST-CO,1.6T 하이브리드,FWD,미드나잇 블랙,52,53,39505
2024-12,southeast,VST,2025,VST-CO,1.6T 하이브리드,FWD,스틸 그레이,43,44,33267
2024-12,southeast,VST,2025,VST-CO,1.6T 하이브리드,FWD,실버,35,36,27030
2024-12,southeast,VST,2025,VST-CO,1.6T 하이브리드,FWD,오션 블루,27,28,20792
2024-12,southeast,VST,2025,VST-CO,1.6T 하이브리드,FWD,선셋 레드,22,22,16634
2024-12,southeast,VST,2025,VST-CO,1.6T 하이브리드,FWD,포레스트 그린,14,14,10396
2024-12,southeast,VST,2025,VST-CO,1.6T 하이브리드,FWD,샌드 베이지,14,14,10396
2024-12,southeast,VST,2025,VST-PR,2.5 가솔린,AWD,스노우 화이트,74,75,77016
2024-12,southeast,VST,2025,VST-PR,2.5 가솔린,AWD,미드나잇 블랙,58,60,60971
2024-12,southeast,VST,2025,VST-PR,2.5 가솔린,AWD,스틸 그레이,49,50,51344
2024-12,southeast,VST,2025,VST-PR,2.5 가솔린,AWD,실버,40,41,41717
2024-12,southeast,VST,2025,VST-PR,2.5 가솔린,AWD,오션 블루,31,31,32090
2024-12,southeast,VST,2025,VST-PR,2.5 가솔린,AWD,선셋 레드,25,25,25672
2024-12,southeast,VST,2025,VST-PR,2.5 가솔린,AWD,포레스트 그린,15,16,16045
2024-12,southeast,VST,2025,VST-PR,2.5 가솔린,AWD,샌드 베이지,15,16,16045
2024-12,southeast,VST,2025,VST-PR,2.5 가솔린,FWD,스노우 화이트,119,121,124333
2024-12,southeast,VST,2025,VST-PR,2.5 가솔린,FWD,미드나잇 블랙,94,96,98430
2024-12,southeast,VST,2025,VST-PR,2.5 가솔린,FWD,스틸 그레이,79,81,82889
2024-12,southeast,VST,2025,VST-PR,2.5 가솔린,FWD,실버,64,66,67347
2024-12,southeast,VST,2025,VST-PR,2.5 가솔린,FWD,오션 블루,50,51,51805
2024-12,southeast,VST,2025,VST-PR,2.5 가솔린,FWD,선셋 레드,40,40,41444
2024-12,southeast,VST,2025,VST-PR,2.5 가솔린,FWD,포레스트 그린,25,25,25903
2024-12,southeast,VST,2025,VST-PR,2.5 가솔린,FWD,샌드 베이지,25,25,25903
2024-12,southeast,VST,2025,VST-PR,1.6T 하이브리드,AWD,스노우 화이트,47,48,48827
2024-12,southeast,VST,2025,VST-PR,1.6T 하이브리드,AWD,미드나잇 블랙,37,38,38655
2024-12,southeast,VST,2025,VST-PR,1.6T 하이브리드,AWD,스틸 그레이,31,32,32551
2024-12,southeast,VST,2025,VST-PR,1.6T 하이브리드,AWD,실버,25,26,26448
2024-12,southeast,VST,2025,VST-PR,1.6T 하이브리드,AWD,오션 블루,19,20,20345
2024-12,southeast,VST,2025,VST-PR,1.6T 하이브리드,AWD,선셋 레드,16,16,16276
2024-12,southeast,VST,2025,VST-PR,1.6T 하이브리드,AWD,포레스트 그린,10,10,10172
2024-12,southeast,VST,2025,VST-PR,1.6T 하이브리드,AWD,샌드 베이지,10,10,10172
2024-12,southeast,VST,2025,VST-PR,1.6T 하이브리드,FWD,스노우 화이트,75,77,78825
2024-12,southeast,VST,2025,VST-PR,1.6T 하이브리드,FWD,미드나잇 블랙,60,61,62403
2024-12,southeast,VST,2025,VST-PR,1.6T 하이브리드,FWD,스틸 그레이,50,51,52550
2024-12,southeast,VST,2025,VST-PR,1.6T 하이브리드,FWD,실버,41,42,42697
2024-12,southeast,VST,2025,VST-PR,1.6T 하이브리드,FWD,오션 블루,31,32,32844
2024-12,southeast,VST,2025,VST-PR,1.6T 하이브리드,FWD,선셋 레드,25,26,26275
2024-12,southeast,VST,2025,VST-PR,1.6T 하이브리드,FWD,포레스트 그린,16,16,16422
2024-12,southeast,VST,2025,VST-PR,1.6T 하이브리드,FWD,샌드 베이지,16,16,16422
2024-12,southeast,VST,2025,VST-TR,2.5 가솔린,AWD,스노우 화이트,30,31,46227
2024-12,southeast,VST,2025,VST-TR,2.5 가솔린,AWD,미드나잇 블랙,24,24,36596
2024-12,southeast,VST,2025,VST-TR,2.5 가솔린,AWD,스틸 그레이,20,21,30818
2024-12,southeast,VST,2025,VST-TR,2.5 가솔린,AWD,실버,16,17,25040
2024-12,southeast,VST,2025,VST-TR,2.5 가솔린,AWD,오션 블루,13,13,19261
2024-12,southeast,VST,2025,VST-TR,2.5 가솔린,AWD,선셋 레드,10,10,15409
2024-12,southeast,VST,2025,VST-TR,2.5 가솔린,AWD,포레스트 그린,6,6,9631
2024-12,southeast,VST,2025,VST-TR,2.5 가솔린,AWD,샌드 베이지,6,6,9631
2024-12,southeast,VST,2025,VST-TR,2.5 가솔린,FWD,스노우 화이트,49,50,74628
2024-12,southeast,VST,2025,VST-TR,2.5 가솔린,FWD,미드나잇 블랙,39,39,59080
2024-12,southeast,VST,2025,VST-TR,2.5 가솔린,FWD,스틸 그레이,32,33,49752
2024-12,southeast,VST,2025,VST-TR,2.5 가솔린,FWD,실버,26,27,40423
2024-12,southeast,VST,2025,VST-TR,2.5 가솔린,FWD,오션 블루,20,21,31095
2024-12,southeast,VST,2025,VST-TR,2.5 가솔린,FWD,선셋 레드,16,17,24876
2024-12,southeast,VST,2025,VST-TR,2.5 가솔린,FWD,포레스트 그린,10,10,15547
2024-12,southeast,VST,2025,VST-TR,2.5 가솔린,FWD,샌드 베이지,10,10,15547
2024-12,southeast,VST,2025,VST-TR,1.6T 하이브리드,AWD,스노우 화이트,19,20,29307
2024-12,southeast,VST,2025,VST-TR,1.6T 하이브리드,AWD,미드나잇 블랙,15,15,23202
2024-12,southeast,VST,2025,VST-TR,1.6T 하이브리드,AWD,스틸 그레이,13,13,19538
2024-12,southeast,VST,2025,VST-TR,1.6T 하이브리드,AWD,실버,10,11,15875
2024-12,southeast,VST,2025,VST-TR,1.6T 하이브리드,AWD,오션 블루,8,8,12211
2024-12,southeast,VST,2025,VST-TR,1.6T 하이브리드,AWD,선셋 레드,6,7,9769
2024-12,southeast,VST,2025,VST-TR,1.6T 하이브리드,AWD,포레스트 그린,4,4,6106
2024-12,southeast,VST,2025,VST-TR,1.6T 하이브리드,AWD,샌드 베이지,4,4,6106
2024-12,southeast,VST,2025,VST-TR,1.6T 하이브리드,FWD,스노우 화이트,31,31,47313
2024-12,southeast,VST,2025,VST-TR,1.6T 하이브리드,FWD,미드나잇 블랙,24,25,37456
2024-12,southeast,VST,2025,VST-TR,1.6T 하이브리드,FWD,스틸 그레이,21,21,31542
2024-12,southeast,VST,2025,VST-TR,1.6T 하이브리드,FWD,실버,17,17,25628
2024-12,southeast,VST,2025,VST-TR,1.6T 하이브리드,FWD,오션 블루,13,13,19714
2024-12,southeast,VST,2025,VST-TR,1.6T 하이브리드,FWD,선셋 레드,10,10,15771
2024-12,southeast,VST,2025,VST-TR,1.6T 하이브리드,FWD,포레스트 그린,6,7,9857
2024-12,southeast,VST,2025,VST-TR,1.6T 하이브리드,FWD,샌드 베이지,6,7,9857
2024-12,west,AUR,2024,AUR-AI,스탠다드 레인지,AWD,스노우 화이트,2,2,814
2024-12,west,AUR,2024,AUR-AI,스탠다드 레인지,AWD,미드나잇 블랙,1,1,645
2024-12,west,AUR,2024,AUR-AI,스탠다드 레인지,AWD,스틸 그레이,1,1,543
2024-12,west,AUR,2024,AUR-AI,스탠다드 레인지,AWD,실버,1,1,441
2024-12,west,AUR,2024,AUR-AI,스탠다드 레인지,AWD,오션 블루,1,1,339
2024-12,west,AUR,2024,AUR-AI,스탠다드 레인지,AWD,선셋 레드,1,1,271
2024-12,west,AUR,2024,AUR-AI,스탠다드 레인지,FWD,스노우 화이트,1,1,666
2024-12,west,AUR,2024,AUR-AI,스탠다드 레인지,FWD,미드나잇 블랙,1,1,527
2024-12,west,AUR,2024,AUR-AI,스탠다드 레인지,FWD,스틸 그레이,1,1,444
2024-12,west,AUR,2024,AUR-AI,스탠다드 레인지,FWD,실버,1,1,361
2024-12,west,AUR,2024,AUR-AI,스탠다드 레인지,FWD,오션 블루,1,1,278
2024-12,west,AUR,2024,AUR-AI,롱레인지,AWD,스노우 화이트,3,3,1351
2024-12,west,AUR,2024,AUR-AI,롱레인지,AWD,미드나잇 블랙,2,2,1070
2024-12,west,AUR,2024,AUR-AI,롱레인지,AWD,스틸 그레이,2,2,901
2024-12,west,AUR,2024,AUR-AI,롱레인지,AWD,실버,2,2,732
2024-12,west,AUR,2024,AUR-AI,롱레인지,AWD,오션 블루,1,1,563
2024-12,west,AUR,2024,AUR-AI,롱레인지,AWD,선셋 레드,1,1,450
2024-12,west,AUR,2024,AUR-AI,롱레인지,AWD,포레스트 그린,1,1,282
2024-12,west,AUR,2024,AUR-AI,롱레인지,AWD,샌드 베이지,1,1,282
2024-12,west,AUR,2024,AUR-AI,롱레인지,FWD,스노우 화이트,2,2,1106
2024-12,west,AUR,2024,AUR-AI,롱레인지,FWD,미드나잇 블랙,2,2,875
2024-12,west,AUR,2024,AUR-AI,롱레인지,FWD,스틸 그레이,2,2,737
2024-12,west,AUR,2024,AUR-AI,롱레인지,FWD,실버,1,1,599
2024-12,west,AUR,2024,AUR-AI,롱레인지,FWD,오션 블루,1,1,461
2024-12,west,AUR,2024,AUR-AI,롱레인지,FWD,선셋 레드,1,1,369
2024-12,west,AUR,2024,AUR-RA,스탠다드 레인지,AWD,스노우 화이트,2,2,1440
2024-12,west,AUR,2024,AUR-RA,스탠다드 레인지,AWD,미드나잇 블랙,2,2,1140
2024-12,west,AUR,2024,AUR-RA,스탠다드 레인지,AWD,스틸 그레이,1,1,960
2024-12,west,AUR,2024,AUR-RA,스탠다드 레인지,AWD,실버,1,1,780
2024-12,west,AUR,2024,AUR-RA,스탠다드 레인지,AWD,오션 블루,1,1,600
2024-12,west,AUR,2024,AUR-RA,스탠다드 레인지,AWD,선셋 레드,1,1,480
2024-12,west,AUR,2024,AUR-RA,스탠다드 레인지,FWD,스노우 화이트,2,2,1178
2024-12,west,AUR,2024,AUR-RA,스탠다드 레인지,FWD,미드나잇 블랙,1,1,932
2024-12,west,AUR,2024,AUR-RA,스탠다드 레인지,FWD,스틸 그레이,1,1,785
2024-12,west,AUR,2024,AUR-RA,스탠다드 레인지,FWD,실버,1,1,638
2024-12,west,AUR,2024,AUR-RA,스탠다드 레인지,FWD,오션 블루,1,1,491
2024-12,west,AUR,2024,AUR-RA,스탠다드 레인지,FWD,선셋 레드,1,1,393
2024-12,west,AUR,2024,AUR-RA,롱레인지,AWD,스노우 화이트,3,3,2389
2024-12,west,AUR,2024,AUR-RA,롱레인지,AWD,미드나잇 블랙,3,3,1891
2024-12,west,AUR,2024,AUR-RA,롱레인지,AWD,스틸 그레이,2,2,1593
2024-12,west,AUR,2024,AUR-RA,롱레인지,AWD,실버,2,2,1294
2024-12,west,AUR,2024,AUR-RA,롱레인지,AWD,오션 블루,1,1,995
2024-12,west,AUR,2024,AUR-RA,롱레인지,AWD,선셋 레드,1,1,796
2024-12,west,AUR,2024,AUR-RA,롱레인지,AWD,포레스트 그린,1,1,498
2024-12,west,AUR,2024,AUR-RA,롱레인지,AWD,샌드 베이지,1,1,498
2024-12,west,AUR,2024,AUR-RA,롱레인지,FWD,스노우 화이트,3,3,1955
2024-12,west,AUR,2024,AUR-RA,롱레인지,FWD,미드나잇 블랙,2,2,1547
2024-12,west,AUR,2024,AUR-RA,롱레인지,FWD,스틸 그레이,2,2,1303
2024-12,west,AUR,2024,AUR-RA,롱레인지,FWD,실버,1,1,1059
2024-12,west,AUR,2024,AUR-RA,롱레인지,FWD,오션 블루,1,1,814
2024-12,west,AUR,2024,AUR-RA,롱레인지,FWD,선셋 레드,1,1,652
2024-12,west,AUR,2024,AUR-RA,롱레인지,FWD,포레스트 그린,1,1,407
2024-12,west,AUR,2024,AUR-RA,롱레인지,FWD,샌드 베이지,1,1,407
2024-12,west,AUR,2024,AUR-MA,스탠다드 레인지,AWD,스노우 화이트,1,1,945
2024-12,west,AUR,2024,AUR-MA,스탠다드 레인지,AWD,미드나잇 블랙,1,1,748
2024-12,west,AUR,2024,AUR-MA,스탠다드 레인지,AWD,스틸 그레이,1,1,630
2024-12,west,AUR,2024,AUR-MA,스탠다드 레인지,FWD,스노우 화이트,1,1,773
2024-12,west,AUR,2024,AUR-MA,스탠다드 레인지,FWD,미드나잇 블랙,1,1,612
2024-12,west,AUR,2024,AUR-MA,롱레인지,AWD,스노우 화이트,1,1,1567
2024-12,west,AUR,2024,AUR-MA,롱레인지,AWD,미드나잇 블랙,1,1,1241
2024-12,west,AUR,2024,AUR-MA,롱레인지,AWD,스틸 그레이,1,1,1045
2024-12,west,AUR,2024,AUR-MA,롱레인지,AWD,실버,1,1,849
2024-12,west,AUR,2024,AUR-MA,롱레인지,AWD,오션 블루,1,1,653
2024-12,west,AUR,2024,AUR-MA,롱레인지,FWD,스노우 화이트,1,1,1282
2024-12,west,AUR,2024,AUR-MA,롱레인지,FWD,미드나잇 블랙,1,1,1015
2024-12,west,AUR,2024,AUR-MA,롱레인지,FWD,스틸 그레이,1,1,855
2024-12,west,AUR,2024,AUR-MA,롱레인지,FWD,실버,1,1,695
2024-12,west,AUR,2025,AUR-AI,스탠다드 레인지,AWD,스노우 화이트,32,33,15472
2024-12,west,AUR,2025,AUR-AI,스탠다드 레인지,AWD,미드나잇 블랙,25,26,12249
2024-12,west,AUR,2025,AUR-AI,스탠다드 레인지,AWD,스틸 그레이,21,22,10315
2024-12,west,AUR,2025,AUR-AI,스탠다드 레인지,AWD,실버,17,18,8381
2024-12,west,AUR,2025,AUR-AI,스탠다드 레인지,AWD,오션 블루,13,14,6447
2024-12,west,AUR,2025,AUR-AI,스탠다드 레인지,AWD,선셋 레드,11,11,5157
2024-12,west,AUR,2025,AUR-AI,스탠다드 레인지,AWD,포레스트 그린,7,7,3223
2024-12,west,AUR,2025,AUR-AI,스탠다드 레인지,AWD,샌드 베이지,7,7,3223
2024-12,west,AUR,2025,AUR-AI,스탠다드 레인지,FWD,스노우 화이트,26,27,12659
2024-12,west,AUR,2025,AUR-AI,스탠다드 레인지,FWD,미드나잇 블랙,21,21,10022
2024-12,west,AUR,2025,AUR-AI,스탠다드 레인지,FWD,스틸 그레이,17,18,8439
2024-12,west,AUR,2025,AUR-AI,스탠다드 레인지,FWD,실버,14,14,6857
2024-12,west,AUR,2025,AUR-AI,스탠다드 레인지,FWD,오션 블루,11,11,5275
2024-12,west,AUR,2025,AUR-AI,스탠다드 레인지,FWD,선셋 레드,9,9,4220
2024-12,west,AUR,2025,AUR-AI,스탠다드 레인지,FWD,포레스트 그린,5,6,2637
2024-12,west,AUR,2025,AUR-AI,스탠다드 레인지,FWD,샌드 베이지,5,6,2637
2024-12,west,AUR,2025,AUR-AI,롱레인지,AWD,스노우 화이트,53,54,25677
2024-12,west,AUR,2025,AUR-AI,롱레인지,AWD,미드나잇 블랙,42,43,20328
2024-12,west,AUR,2025,AUR-AI,롱레인지,AWD,스틸 그레이,35,36,17118
2024-12,west,AUR,2025,AUR-AI,롱레인지,AWD,실버,29,29,13908
2024-12,west,AUR,2025,AUR-AI,롱레인지,AWD,오션 블루,22,23,10699
2024-12,west,AUR,2025,AUR-AI,롱레인지,AWD,선셋 레드,18,18,8559
2024-12,west,AUR,2025,AUR-AI,롱레인지,AWD,포레스트 그린,11,11,5349
2024-12,west,AUR,2025,AUR-AI,롱레인지,AWD,샌드 베이지,11,11,5349
2024-12,west,AUR,2025,AUR-AI,롱레인지,FWD,스노우 화이트,44,44,21008
2024-12,west,AUR,2025,AUR-AI,롱레인지,FWD,미드나잇 블랙,34,35,16632
2024-12,west,AUR,2025,AUR-AI,롱레인지,FWD,스틸 그레이,29,30,14006
2024-12,west,AUR,2025,AUR-AI,롱레인지,FWD,실버,24,24,11380
2024-12,west,AUR,2025,AUR-AI,롱레인지,FWD,오션 블루,18,18,8753
2024-12,west,AUR,2025,AUR-AI,롱레인지,FWD,선셋 레드,15,15,7003
2024-12,west,AUR,2025,AUR-AI,롱레인지,FWD,포레스트 그린,9,9,4377
2024-12,west,AUR,2025,AUR-AI,롱레인지,FWD,샌드 베이지,9,9,4377
2024-12,west,AUR,2025,AUR-RA,스탠다드 레인지,AWD,스노우 화이트,37,38,27352
2024-12,west,AUR,2025,AUR-RA,스탠다드 레인지,AWD,미드나잇 블랙,29,30,21654
2024-12,west,AUR,2025,AUR-RA,스탠다드 레인지,AWD,스틸 그레이,25,25,18235
2024-12,west,AUR,2025,AUR-RA,스탠다드 레인지,AWD,실버,20,21,14816
2024-12,west,AUR,2025,AUR-RA,스탠다드 레인지,AWD,오션 블루,15,16,11397
2024-12,west,AUR,2025,AUR-RA,스탠다드 레인지,AWD,선셋 레드,12,13,9117
2024-12,west,AUR,2025,AUR-RA,스탠다드 레인지,AWD,포레스트 그린,8,8,5698
2024-12,west,AUR,2025,AUR-RA,스탠다드 레인지,AWD,샌드 베이지,8,8,5698
2024-12,west,AUR,2025,AUR-RA,스탠다드 레인지,FWD,스노우 화이트,30,31,22379
2024-12,west,AUR,2025,AUR-RA,스탠다드 레인지,FWD,미드나잇 블랙,24,25,17717
2024-12,west,AUR,2025,AUR-RA,스탠다드 레인지,FWD,스틸 그레이,20,21,14919
2024-12,west,AUR,2025,AUR-RA,스탠다드 레인지,FWD,실버,16,17,12122
2024-12,west,AUR,2025,AUR-RA,스탠다드 레인지,FWD,오션 블루,13,13,9325
2024-12,west,AUR,2025,AUR-RA,스탠다드 레인지,FWD,선셋 레드,10,10,7460
2024-12,west,AUR,2025,AUR-RA,스탠다드 레인지,FWD,포레스트 그린,6,6,4662
2024-12,west,AUR,2025,AUR-RA,스탠다드 레인지,FWD,샌드 베이지,6,6,4662
2024-12,west,AUR,2025,AUR-RA,롱레인지,AWD,스노우 화이트,62,63,45393
2024-12,west,AUR,2025,AUR-RA,롱레인지,AWD,미드나잇 블랙,49,50,35936
2024-12,west,AUR,2025,AUR-RA,롱레인지,AWD,스틸 그레이,41,42,30262
2024-12,west,AUR,2025,AUR-RA,롱레인지,AWD,실버,33,34,24588
2024-12,west,AUR,2025,AUR-RA,롱레인지,AWD,오션 블루,26,26,18914
2024-12,west,AUR,2025,AUR-RA,롱레인지,AWD,선셋 레드,21,21,15131
2024-12,west,AUR,2025,AUR-RA,롱레인지,AWD,포레스트 그린,13,13,9457
2024-12,west,AUR,2025,AUR-RA,롱레인지,AWD,샌드 베이지,13,13,9457
2024-12,west,AUR,2025,AUR-RA,롱레인지,FWD,스노우 화이트,50,51,37139
2024-12,west,AUR,2025,AUR-RA,롱레인지,FWD,미드나잇 블랙,40,41,29402
2024-12,west,AUR,2025,AUR-RA,롱레인지,FWD,스틸 그레이,34,34,24760
2024-12,west,AUR,2025,AUR-RA,롱레인지,FWD,실버,27,28,20117
2024-12,west,AUR,2025,AUR-RA,롱레인지,FWD,오션 블루,21,21,15475
2024-12,west,AUR,2025,AUR-RA,롱레인지,FWD,선셋 레드,17,17,12380
2024-12,west,AUR,2025,AUR-RA,롱레인지,FWD,포레스트 그린,10,11,7737
2024-12,west,AUR,2025,AUR-RA,롱레인지,FWD,샌드 베이지,10,11,7737
2024-12,west,AUR,2025,AUR-MA,스탠다드 레인지,AWD,스노우 화이트,15,15,17946
2024-12,west,AUR,2025,AUR-MA,스탠다드 레인지,AWD,미드나잇 블랙,12,12,14207
2024-12,west,AUR,2025,AUR-MA,스탠다드 레인지,AWD,스틸 그레이,10,10,11964
2024-12,west,AUR,2025,AUR-MA,스탠다드 레인지,AWD,실버,8,8,9720
2024-12,west,AUR,2025,AUR-MA,스탠다드 레인지,AWD,오션 블루,6,6,7477
2024-12,west,AUR,2025,AUR-MA,스탠다드 레인지,AWD,선셋 레드,5,5,5982
2024-12,west,AUR,2025,AUR-MA,스탠다드 레인지,AWD,포레스트 그린,3,3,3739
2024-12,west,AUR,2025,AUR-MA,스탠다드 레인지,AWD,샌드 베이지,3,3,3739
2024-12,west,AUR,2025,AUR-MA,스탠다드 레인지,FWD,스노우 화이트,12,13,14683
2024-12,west,AUR,2025,AUR-MA,스탠다드 레인지,FWD,미드나잇 블랙,10,10,11624
2024-12,west,AUR,2025,AUR-MA,스탠다드 레인지,FWD,스틸 그레이,8,8,9788
2024-12,west,AUR,2025,AUR-MA,스탠다드 레인지,FWD,실버,7,7,7953
2024-12,west,AUR,2025,AUR-MA,스탠다드 레인지,FWD,오션 블루,5,5,6118
2024-12,west,AUR,2025,AUR-MA,스탠다드 레인지,FWD,선셋 레드,4,4,4894
2024-12,west,AUR,2025,AUR-MA,스탠다드 레인지,FWD,포레스트 그린,3,3,3059
2024-12,west,AUR,2025,AUR-MA,스탠다드 레인지,FWD,샌드 베이지,3,3,3059
2024-12,west,AUR,2025,AUR-MA,롱레인지,AWD,스노우 화이트,25,26,29782
2024-12,west,AUR,2025,AUR-MA,롱레인지,AWD,미드나잇 블랙,20,20,23577
2024-12,west,AUR,2025,AUR-MA,롱레인지,AWD,스틸 그레이,17,17,19855
2024-12,west,AUR,2025,AUR-MA,롱레인지,AWD,실버,14,14,16132
2024-12,west,AUR,2025,AUR-MA,롱레인지,AWD,오션 블루,10,11,12409
2024-12,west,AUR,2025,AUR-MA,롱레인지,AWD,선셋 레드,8,9,9927
2024-12,west,AUR,2025,AUR-MA,롱레인지,AWD,포레스트 그린,5,5,6205
2024-12,west,AUR,2025,AUR-MA,롱레인지,AWD,샌드 베이지,5,5,6205
2024-12,west,AUR,2025,AUR-MA,롱레인지,FWD,스노우 화이트,21,21,24367
2024-12,west,AUR,2025,AUR-MA,롱레인지,FWD,미드나잇 블랙,16,17,19291
2024-12,west,AUR,2025,AUR-MA,롱레인지,FWD,스틸 그레이,14,14,16245
2024-12,west,AUR,2025,AUR-MA,롱레인지,FWD,실버,11,11,13199
2024-12,west,AUR,2025,AUR-MA,롱레인지,FWD,오션 블루,9,9,10153
2024-12,west,AUR,2025,AUR-MA,롱레인지,FWD,선셋 레드,7,7,8122
2024-12,west,AUR,2025,AUR-MA,롱레인지,FWD,포레스트 그린,4,4,5076
2024-12,west,AUR,2025,AUR-MA,롱레인지,FWD,샌드 베이지,4,4,5076
2024-12,central,AUR,2024,AUR-AI,스탠다드 레인지,AWD,스노우 화이트,1,1,340
2024-12,central,AUR,2024,AUR-AI,스탠다드 레인지,AWD,미드나잇 블랙,1,1,269
2024-12,central,AUR,2024,AUR-AI,롱레인지,AWD,스노우 화이트,1,1,565
2024-12,central,AUR,2024,AUR-AI,롱레인지,AWD,미드나잇 블랙,1,1,447
2024-12,central,AUR,2024,AUR-AI,롱레인지,AWD,스틸 그레이,1,1,376
2024-12,central,AUR,2024,AUR-AI,롱레인지,AWD,실버,1,1,306
2024-12,central,AUR,2024,AUR-AI,롱레인지,FWD,스노우 화이트,1,1,328
2024-12,central,AUR,2024,AUR-AI,롱레인지,FWD,미드나잇 블랙,1,1,260
2024-12,central,AUR,2024,AUR-RA,스탠다드 레인지,AWD,스노우 화이트,1,1,601
2024-12,central,AUR,2024,AUR-RA,스탠다드 레인지,AWD,미드나잇 블랙,1,1,476
2024-12,central,AUR,2024,AUR-RA,스탠다드 레인지,AWD,스틸 그레이,1,1,401
2024-12,central,AUR,2024,AUR-RA,롱레인지,AWD,스노우 화이트,1,1,998
2024-12,central,AUR,2024,AUR-RA,롱레인지,AWD,미드나잇 블랙,1,1,790
2024-12,central,AUR,2024,AUR-RA,롱레인지,AWD,스틸 그레이,1,1,665
2024-12,central,AUR,2024,AUR-RA,롱레인지,AWD,실버,1,1,541
2024-12,central,AUR,2024,AUR-RA,롱레인지,AWD,오션 블루,1,1,416
2024-12,central,AUR,2024,AUR-RA,롱레인지,FWD,스노우 화이트,1,1,580
2024-12,central,AUR,2024,AUR-RA,롱레인지,FWD,미드나잇 블랙,1,1,459
2024-12,central,AUR,2024,AUR-RA,롱레인지,FWD,스틸 그레이,1,1,387
2024-12,central,AUR,2024,AUR-MA,롱레인지,AWD,스노우 화이트,1,1,655
2024-12,central,AUR,2025,AUR-AI,스탠다드 레인지,AWD,스노우 화이트,13,14,6463
2024-12,central,AUR,2025,AUR-AI,스탠다드 레인지,AWD,미드나잇 블랙,11,11,5117
2024-12,central,AUR,2025,AUR-AI,스탠다드 레인지,AWD,스틸 그레이,9,9,4309
2024-12,central,AUR,2025,AUR-AI,스탠다드 레인지,AWD,실버,7,7,3501
2024-12,central,AUR,2025,AUR-AI,스탠다드 레인지,AWD,오션 블루,6,6,2693
2024-12,central,AUR,2025,AUR-AI,스탠다드 레인지,AWD,선셋 레드,4,5,2154
2024-12,central,AUR,2025,AUR-AI,스탠다드 레인지,AWD,포레스트 그린,3,3,1346
2024-12,central,AUR,2025,AUR-AI,스탠다드 레인지,AWD,샌드 베이지,3,3,1346
2024-12,central,AUR,2025,AUR-AI,스탠다드 레인지,FWD,스노우 화이트,8,8,3755
2024-12,central,AUR,2025,AUR-AI,스탠다드 레인지,FWD,미드나잇 블랙,6,6,2973
2024-12,central,AUR,2025,AUR-AI,스탠다드 레인지,FWD,스틸 그레이,5,5,2504
2024-12,central,AUR,2025,AUR-AI,스탠다드 레인지,FWD,실버,4,4,2034
2024-12,central,AUR,2025,AUR-AI,스탠다드 레인지,FWD,오션 블루,3,3,1565
2024-12,central,AUR,2025,AUR-AI,스탠다드 레인지,FWD,선셋 레드,3,3,1252
2024-12,central,AUR,2025,AUR-AI,스탠다드 레인지,FWD,포레스트 그린,2,2,782
2024-12,central,AUR,2025,AUR-AI,스탠다드 레인지,FWD,샌드 베이지,2,2,782
2024-12,central,AUR,2025,AUR-AI,롱레인지,AWD,스노우 화이트,22,23,10726
2024-12,central,AUR,2025,AUR-AI,롱레인지,AWD,미드나잇 블랙,18,18,8492
2024-12,central,AUR,2025,AUR-AI,롱레인지,AWD,스틸 그레이,15,15,7151
2024-12,central,AUR,2025,AUR-AI,롱레인지,AWD,실버,12,12,5810
2024-12,central,AUR,2025,AUR-AI,롱레인지,AWD,오션 블루,9,9,4469
2024-12,central,AUR,2025,AUR-AI,롱레인지,AWD,선셋 레드,7,8,3575
2024-12,central,AUR,2025,AUR-AI,롱레인지,AWD,포레스트 그린,5,5,2235
2024-12,central,AUR,2025,AUR-AI,롱레인지,AWD,샌드 베이지,5,5,2235
2024-12,central,AUR,2025,AUR-AI,롱레인지,FWD,스노우 화이트,13,13,6232
2024-12,central,AUR,2025,AUR-AI,롱레인지,FWD,미드나잇 블랙,10,10,4934
2024-12,central,AUR,2025,AUR-AI,롱레인지,FWD,스틸 그레이,9,9,4155
2024-12,central,AUR,2025,AUR-AI,롱레인지,FWD,실버,7,7,3376
2024-12,central,AUR,2025,AUR-AI,롱레인지,FWD,오션 블루,5,5,2597
2024-12,central,AUR,2025,AUR-AI,롱레인지,FWD,선셋 레드,4,4,2077
2024-12,central,AUR,2025,AUR-AI,롱레인지,FWD,포레스트 그린,3,3,1298
2024-12,central,AUR,2025,AUR-AI,롱레인지,FWD,샌드 베이지,3,3,1298
2024-12,central,AUR,2025,AUR-RA,스탠다드 레인지,AWD,스노우 화이트,16,16,11426
2024-12,central,AUR,2025,AUR-RA,스탠다드 레인지,AWD,미드나잇 블랙,12,13,9045
2024-12,central,AUR,2025,AUR-RA,스탠다드 레인지,AWD,스틸 그레이,10,11,7617
2024-12,central,AUR,2025,AUR-RA,스탠다드 레인지,AWD,실버,8,9,6189
2024-12,central,AUR,2025,AUR-RA,스탠다드 레인지,AWD,오션 블루,6,7,4761
2024-12,central,AUR,2025,AUR-RA,스탠다드 레인지,AWD,선셋 레드,5,5,3809
2024-12,central,AUR,2025,AUR-RA,스탠다드 레인지,AWD,포레스트 그린,3,3,2380
2024-12,central,AUR,2025,AUR-RA,스탠다드 레인지,AWD,샌드 베이지,3,3,2380
2024-12,central,AUR,2025,AUR-RA,스탠다드 레인지,FWD,스노우 화이트,9,9,6639
2024-12,central,AUR,2025,AUR-RA,스탠다드 레인지,FWD,미드나잇 블랙,7,7,5256
2024-12,central,AUR,2025,AUR-RA,스탠다드 레인지,FWD,스틸 그레이,6,6,4426
2024-12,central,AUR,2025,AUR-RA,스탠다드 레인지,FWD,실버,5,5,3596
2024-12,central,AUR,2025,AUR-RA,스탠다드 레인지,FWD,오션 블루,4,4,2766
2024-12,central,AUR,2025,AUR-RA,스탠다드 레인지,FWD,선셋 레드,3,3,2213
2024-12,central,AUR,2025,AUR-RA,스탠다드 레인지,FWD,포레스트 그린,2,2,1383
2024-12,central,AUR,2025,AUR-RA,스탠다드 레인지,FWD,샌드 베이지,2,2,1383
2024-12,central,AUR,2025,AUR-RA,롱레인지,AWD,스노우 화이트,26,26,18962
2024-12,central,AUR,2025,AUR-RA,롱레인지,AWD,미드나잇 블랙,20,21,15012
2024-12,central,AUR,2025,AUR-RA,롱레인지,AWD,스틸 그레이,17,17,12641
2024-12,central,AUR,2025,AUR-RA,롱레인지,AWD,실버,14,14,10271
2024-12,central,AUR,2025,AUR-RA,롱레인지,AWD,오션 블루,11,11,7901
2024-12,central,AUR,2025,AUR-RA,롱레인지,AWD,선셋 레드,9,9,6321
2024-12,central,AUR,2025,AUR-RA,롱레인지,AWD,포레스트 그린,5,5,3950
2024-12,central,AUR,2025,AUR-RA,롱레인지,AWD,샌드 베이지,5,5,3950
2024-12,central,AUR,2025,AUR-RA,롱레인지,FWD,스노우 화이트,15,15,11018
2024-12,central,AUR,2025,AUR-RA,롱레인지,FWD,미드나잇 블랙,12,12,8722
2024-12,central,AUR,2025,AUR-RA,롱레인지,FWD,스틸 그레이,10,10,7345
2024-12,central,AUR,2025,AUR-RA,롱레인지,FWD,실버,8,8,5968
2024-12,central,AUR,2025,AUR-RA,롱레인지,FWD,오션 블루,6,6,4591
2024-12,central,AUR,2025,AUR-RA,롱레인지,FWD,선셋 레드,5,5,3673
2024-12,central,AUR,2025,AUR-RA,롱레인지,FWD,포레스트 그린,3,3,2295
2024-12,central,AUR,2025,AUR-RA,롱레인지,FWD,샌드 베이지,3,3,2295
2024-12,central,AUR,2025,AUR-MA,스탠다드 레인지,AWD,스노우 화이트,6,6,7496
2024-12,central,AUR,2025,AUR-MA,스탠다드 레인지,AWD,미드나잇 블랙,5,5,5935
2024-12,central,AUR,2025,AUR-MA,스탠다드 레인지,AWD,스틸 그레이,4,4,4998
2024-12,central,AUR,2025,AUR-MA,스탠다드 레인지,AWD,실버,3,4,4061
2024-12,central,AUR,2025,AUR-MA,스탠다드 레인지,AWD,오션 블루,3,3,3124
2024-12,central,AUR,2025,AUR-MA,스탠다드 레인지,AWD,선셋 레드,2,2,2499
2024-12,central,AUR,2025,AUR-MA,스탠다드 레인지,AWD,포레스트 그린,1,1,1562
2024-12,central,AUR,2025,AUR-MA,스탠다드 레인지,AWD,샌드 베이지,1,1,1562
2024-12,central,AUR,2025,AUR-MA,스탠다드 레인지,FWD,스노우 화이트,4,4,4356
2024-12,central,AUR,2025,AUR-MA,스탠다드 레인지,FWD,미드나잇 블랙,3,3,3448
2024-12,central,AUR,2025,AUR-MA,스탠다드 레인지,FWD,스틸 그레이,2,3,2904
2024-12,central,AUR,2025,AUR-MA,스탠다드 레인지,FWD,실버,2,2,2359
2024-12,central,AUR,2025,AUR-MA,스탠다드 레인지,FWD,오션 블루,2,2,1815
2024-12,central,AUR,2025,AUR-MA,스탠다드 레인지,FWD,선셋 레드,1,1,1452
2024-12,central,AUR,2025,AUR-MA,스탠다드 레인지,FWD,포레스트 그린,1,1,907
2024-12,central,AUR,2025,AUR-MA,스탠다드 레인지,FWD,샌드 베이지,1,1,907
2024-12,central,AUR,2025,AUR-MA,롱레인지,AWD,스노우 화이트,11,11,12441
2024-12,central,AUR,2025,AUR-MA,롱레인지,AWD,미드나잇 블랙,8,8,9849
2024-12,central,AUR,2025,AUR-MA,롱레인지,AWD,스틸 그레이,7,7,8294
2024-12,central,AUR,2025,AUR-MA,롱레인지,AWD,실버,6,6,6739
2024-12,central,AUR,2025,AUR-MA,롱레인지,AWD,오션 블루,4,4,5184
2024-12,central,AUR,2025,AUR-MA,롱레인지,AWD,선셋 레드,4,4,4147
2024-12,central,AUR,2025,AUR-MA,롱레인지,AWD,포레스트 그린,2,2,2592
2024-12,central,AUR,2025,AUR-MA,롱레인지,AWD,샌드 베이지,2,2,2592
2024-12,central,AUR,2025,AUR-MA,롱레인지,FWD,스노우 화이트,6,6,7229
2024-12,central,AUR,2025,AUR-MA,롱레인지,FWD,미드나잇 블랙,5,5,5723
2024-12,central,AUR,2025,AUR-MA,롱레인지,FWD,스틸 그레이,4,4,4819
2024-12,central,AUR,2025,AUR-MA,롱레인지,FWD,실버,3,3,3915
2024-12,central,AUR,2025,AUR-MA,롱레인지,FWD,오션 블루,3,3,3012
2024-12,central,AUR,2025,AUR-MA,롱레인지,FWD,선셋 레드,2,2,2410
2024-12,central,AUR,2025,AUR-MA,롱레인지,FWD,포레스트 그린,1,1,1506
2024-12,central,AUR,2025,AUR-MA,롱레인지,FWD,샌드 베이지,1,1,1506
2024-12,south,AUR,2024,AUR-AI,스탠다드 레인지,AWD,스노우 화이트,1,1,276
2024-12,south,AUR,2024,AUR-AI,스탠다드 레인지,FWD,스노우 화이트,1,1,420
2024-12,south,AUR,2024,AUR-AI,스탠다드 레인지,FWD,미드나잇 블랙,1,1,333
2024-12,south,AUR,2024,AUR-AI,스탠다드 레인지,FWD,스틸 그레이,1,1,280
2024-12,south,AUR,2024,AUR-AI,롱레인지,AWD,스노우 화이트,1,1,457
2024-12,south,AUR,2024,AUR-AI,롱레인지,AWD,미드나잇 블랙,1,1,362
2024-12,south,AUR,2024,AUR-AI,롱레인지,AWD,스틸 그레이,1,1,305
2024-12,south,AUR,2024,AUR-AI,롱레인지,AWD,실버,1,1,248
2024-12,south,AUR,2024,AUR-AI,롱레인지,FWD,스노우 화이트,1,1,698
2024-12,south,AUR,2024,AUR-AI,롱레인지,FWD,미드나잇 블랙,1,1,552
2024-12,south,AUR,2024,AUR-AI,롱레인지,FWD,스틸 그레이,1,1,465
2024-12,south,AUR,2024,AUR-AI,롱레인지,FWD,실버,1,1,378
2024-12,south,AUR,2024,AUR-AI,롱레인지,FWD,오션 블루,1,1,291
2024-12,south,AUR,2024,AUR-RA,스탠다드 레인지,AWD,스노우 화이트,1,1,487
2024-12,south,AUR,2024,AUR-RA,스탠다드 레인지,AWD,미드나잇 블랙,1,1,386
2024-12,south,AUR,2024,AUR-RA,스탠다드 레인지,FWD,스노우 화이트,1,1,743
2024-12,south,AUR,2024,AUR-RA,스탠다드 레인지,FWD,미드나잇 블랙,1,1,588
2024-12,south,AUR,2024,AUR-RA,스탠다드 레인지,FWD,스틸 그레이,1,1,495
2024-12,south,AUR,2024,AUR-RA,스탠다드 레인지,FWD,실버,1,1,403
2024-12,south,AUR,2024,AUR-RA,롱레인지,AWD,스노우 화이트,1,1,809
2024-12,south,AUR,2024,AUR-RA,롱레인지,AWD,미드나잇 블랙,1,1,640
2024-12,south,AUR,2024,AUR-RA,롱레인지,AWD,스틸 그레이,1,1,539
2024-12,south,AUR,2024,AUR-RA,롱레인지,AWD,실버,1,1,438
2024-12,south,AUR,2024,AUR-RA,롱레인지,FWD,스노우 화이트,2,2,1233
2024-12,south,AUR,2024,AUR-RA,롱레인지,FWD,미드나잇 블랙,1,1,976
2024-12,south,AUR,2024,AUR-RA,롱레인지,FWD,스틸 그레이,1,1,822
2024-12,south,AUR,2024,AUR-RA,롱레인지,FWD,실버,1,1,668
2024-12,south,AUR,2024,AUR-RA,롱레인지,FWD,오션 블루,1,1,514
2024-12,south,AUR,2024,AUR-RA,롱레인지,FWD,선셋 레드,1,1,411
2024-12,south,AUR,2024,AUR-MA,롱레인지,FWD,스노우 화이트,1,1,809
2024-12,south,AUR,2024,AUR-MA,롱레인지,FWD,미드나잇 블랙,1,1,641
2024-12,south,AUR,2025,AUR-AI,스탠다드 레인지,AWD,스노우 화이트,11,11,5237
2024-12,south,AUR,2025,AUR-AI,스탠다드 레인지,AWD,미드나잇 블랙,9,9,4146
2024-12,south,AUR,2025,AUR-AI,스탠다드 레인지,AWD,스틸 그레이,7,7,3491
2024-12,south,AUR,2025,AUR-AI,스탠다드 레인지,AWD,실버,6,6,2837
2024-12,south,AUR,2025,AUR-AI,스탠다드 레인지,AWD,오션 블루,5,5,2182
2024-12,south,AUR,2025,AUR-AI,스탠다드 레인지,AWD,선셋 레드,4,4,1746
2024-12,south,AUR,2025,AUR-AI,스탠다드 레인지,AWD,포레스트 그린,2,2,1091
2024-12,south,AUR,2025,AUR-AI,스탠다드 레인지,AWD,샌드 베이지,2,2,1091
2024-12,south,AUR,2025,AUR-AI,스탠다드 레인지,FWD,스노우 화이트,17,17,7987
2024-12,south,AUR,2025,AUR-AI,스탠다드 레인지,FWD,미드나잇 블랙,13,13,6323
2024-12,south,AUR,2025,AUR-AI,스탠다드 레인지,FWD,스틸 그레이,11,11,5325
2024-12,south,AUR,2025,AUR-AI,스탠다드 레인지,FWD,실버,9,9,4326
2024-12,south,AUR,2025,AUR-AI,스탠다드 레인지,FWD,오션 블루,7,7,3328
2024-12,south,AUR,2025,AUR-AI,스탠다드 레인지,FWD,선셋 레드,6,6,2662
2024-12,south,AUR,2025,AUR-AI,스탠다드 레인지,FWD,포레스트 그린,3,4,1664
2024-12,south,AUR,2025,AUR-AI,스탠다드 레인지,FWD,샌드 베이지,3,4,1664
2024-12,south,AUR,2025,AUR-AI,롱레인지,AWD,스노우 화이트,18,18,8691
2024-12,south,AUR,2025,AUR-AI,롱레인지,AWD,미드나잇 블랙,14,15,6880
2024-12,south,AUR,2025,AUR-AI,롱레인지,AWD,스틸 그레이,12,12,5794
2024-12,south,AUR,2025,AUR-AI,롱레인지,AWD,실버,10,10,4707
2024-12,south,AUR,2025,AUR-AI,롱레인지,AWD,오션 블루,8,8,3621
2024-12,south,AUR,2025,AUR-AI,롱레인지,AWD,선셋 레드,6,6,2897
2024-12,south,AUR,2025,AUR-AI,롱레인지,AWD,포레스트 그린,4,4,1811
2024-12,south,AUR,2025,AUR-AI,롱레인지,AWD,샌드 베이지,4,4,1811
2024-12,south,AUR,2025,AUR-AI,롱레인지,FWD,스노우 화이트,27,28,13255
2024-12,south,AUR,2025,AUR-AI,롱레인지,FWD,미드나잇 블랙,22,22,10494
2024-12,south,AUR,2025,AUR-AI,롱레인지,FWD,스틸 그레이,18,19,8837
2024-12,south,AUR,2025,AUR-AI,롱레인지,FWD,실버,15,15,7180
2024-12,south,AUR,2025,AUR-AI,롱레인지,FWD,오션 블루,11,12,5523
2024-12,south,AUR,2025,AUR-AI,롱레인지,FWD,선셋 레드,9,9,4418
2024-12,south,AUR,2025,AUR-AI,롱레인지,FWD,포레스트 그린,6,6,2762
2024-12,south,AUR,2025,AUR-AI,롱레인지,FWD,샌드 베이지,6,6,2762
2024-12,south,AUR,2025,AUR-RA,스탠다드 레인지,AWD,스노우 화이트,13,13,9258
2024-12,south,AUR,2025,AUR-RA,스탠다드 레인지,AWD,미드나잇 블랙,10,10,7329
2024-12,south,AUR,2025,AUR-RA,스탠다드 레인지,AWD,스틸 그레이,8,9,6172
2024-12,south,AUR,2025,AUR-RA,스탠다드 레인지,AWD,실버,7,7,5015
2024-12,south,AUR,2025,AUR-RA,스탠다드 레인지,AWD,오션 블루,5,5,3857
2024-12,south,AUR,2025,AUR-RA,스탠다드 레인지,AWD,선셋 레드,4,4,3086
2024-12,south,AUR,2025,AUR-RA,스탠다드 레인지,AWD,포레스트 그린,3,3,1929
2024-12,south,AUR,2025,AUR-RA,스탠다드 레인지,AWD,샌드 베이지,3,3,1929
2024-12,south,AUR,2025,AUR-RA,스탠다드 레인지,FWD,스노우 화이트,19,20,14120
2024-12,south,AUR,2025,AUR-RA,스탠다드 레인지,FWD,미드나잇 블랙,15,15,11178
2024-12,south,AUR,2025,AUR-RA,스탠다드 레인지,FWD,스틸 그레이,13,13,9413
2024-12,south,AUR,2025,AUR-RA,스탠다드 레인지,FWD,실버,10,11,7648
2024-12,south,AUR,2025,AUR-RA,스탠다드 레인지,FWD,오션 블루,8,8,5883
2024-12,south,AUR,2025,AUR-RA,스탠다드 레인지,FWD,선셋 레드,6,7,4707
2024-12,south,AUR,2025,AUR-RA,스탠다드 레인지,FWD,포레스트 그린,4,4,2942
2024-12,south,AUR,2025,AUR-RA,스탠다드 레인지,FWD,샌드 베이지,4,4,2942
2024-12,south,AUR,2025,AUR-RA,롱레인지,AWD,스노우 화이트,21,21,15364
2024-12,south,AUR,2025,AUR-RA,롱레인지,AWD,미드나잇 블랙,17,17,12163
2024-12,south,AUR,2025,AUR-RA,롱레인지,AWD,스틸 그레이,14,14,10242
2024-12,south,AUR,2025,AUR-RA,롱레인지,AWD,실버,11,12,8322
2024-12,south,AUR,2025,AUR-RA,롱레인지,AWD,오션 블루,9,9,6402
2024-12,south,AUR,2025,AUR-RA,롱레인지,AWD,선셋 레드,7,7,5121
2024-12,south,AUR,2025,AUR-RA,롱레인지,AWD,포레스트 그린,4,4,3201
2024-12,south,AUR,2025,AUR-RA,롱레인지,AWD,샌드 베이지,4,4,3201
2024-12,south,AUR,2025,AUR-RA,롱레인지,FWD,스노우 화이트,32,32,23433
2024-12,south,AUR,2025,AUR-RA,롱레인지,FWD,미드나잇 블랙,25,26,18551
2024-12,south,AUR,2025,AUR-RA,롱레인지,FWD,스틸 그레이,21,22,15622
2024-12,south,AUR,2025,AUR-RA,롱레인지,FWD,실버,17,18,12693
2024-12,south,AUR,2025,AUR-RA,롱레인지,FWD,오션 블루,13,14,9764
2024-12,south,AUR,2025,AUR-RA,롱레인지,FWD,선셋 레드,11,11,7811
2024-12,south,AUR,2025,AUR-RA,롱레인지,FWD,포레스트 그린,7,7,4882
2024-12,south,AUR,2025,AUR-RA,롱레인지,FWD,샌드 베이지,7,7,4882
2024-12,south,AUR,2025,AUR-MA,스탠다드 레인지,AWD,스노우 화이트,5,5,6074
2024-12,south,AUR,2025,AUR-MA,스탠다드 레인지,AWD,미드나잇 블랙,4,4,4808
2024-12,south,AUR,2025,AUR-MA,스탠다드 레인지,AWD,스틸 그레이,3,3,4049
2024-12,south,AUR,2025,AUR-MA,스탠다드 레인지,AWD,실버,3,3,3290
2024-12,south,AUR,2025,AUR-MA,스탠다드 레인지,AWD,오션 블루,2,2,2531
2024-12,south,AUR,2025,AUR-MA,스탠다드 레인지,AWD,선셋 레드,2,2,2025
2024-12,south,AUR,2025,AUR-MA,스탠다드 레인지,AWD,포레스트 그린,1,1,1265
2024-12,south,AUR,2025,AUR-MA,스탠다드 레인지,AWD,샌드 베이지,1,1,1265
2024-12,south,AUR,2025,AUR-MA,스탠다드 레인지,FWD,스노우 화이트,8,8,9264
2024-12,south,AUR,2025,AUR-MA,스탠다드 레인지,FWD,미드나잇 블랙,6,6,7334
2024-12,south,AUR,2025,AUR-MA,스탠다드 레인지,FWD,스틸 그레이,5,5,6176
2024-12,south,AUR,2025,AUR-MA,스탠다드 레인지,FWD,실버,4,4,5018
2024-12,south,AUR,2025,AUR-MA,스탠다드 레인지,FWD,오션 블루,3,3,3860
2024-12,south,AUR,2025,AUR-MA,스탠다드 레인지,FWD,선셋 레드,3,3,3088
2024-12,south,AUR,2025,AUR-MA,스탠다드 레인지,FWD,포레스트 그린,2,2,1930
2024-12,south,AUR,2025,AUR-MA,스탠다드 레인지,FWD,샌드 베이지,2,2,1930
2024-12,south,AUR,2025,AUR-MA,롱레인지,AWD,스노우 화이트,9,9,10080
2024-12,south,AUR,2025,AUR-MA,롱레인지,AWD,미드나잇 블랙,7,7,7980
2024-12,south,AUR,2025,AUR-MA,롱레인지,AWD,스틸 그레이,6,6,6720
2024-12,south,AUR,2025,AUR-MA,롱레인지,AWD,실버,5,5,5460
2024-12,south,AUR,2025,AUR-MA,롱레인지,AWD,오션 블루,4,4,4200
2024-12,south,AUR,2025,AUR-MA,롱레인지,AWD,선셋 레드,3,3,3360
2024-12,south,AUR,2025,AUR-MA,롱레인지,AWD,포레스트 그린,2,2,2100
2024-12,south,AUR,2025,AUR-MA,롱레인지,AWD,샌드 베이지,2,2,2100
2024-12,south,AUR,2025,AUR-MA,롱레인지,FWD,스노우 화이트,13,13,15375
2024-12,south,AUR,2025,AUR-MA,롱레인지,FWD,미드나잇 블랙,10,11,12172
2024-12,south,AUR,2025,AUR-MA,롱레인지,FWD,스틸 그레이,9,9,10250
2024-12,south,AUR,2025,AUR-MA,롱레인지,FWD,실버,7,7,8328
2024-12,south,AUR,2025,AUR-MA,롱레인지,FWD,오션 블루,5,6,6406
2024-12,south,AUR,2025,AUR-MA,롱레인지,FWD,선셋 레드,4,4,5125
2024-12,south,AUR,2025,AUR-MA,롱레인지,FWD,포레스트 그린,3,3,3203
2024-12,south,AUR,2025,AUR-MA,롱레인지,FWD,샌드 베이지,3,3,3203
2024-12,northeast,AUR,2024,AUR-AI,스탠다드 레인지,AWD,스노우 화이트,1,1,692
2024-12,northeast,AUR,2024,AUR-AI,스탠다드 레인지,AWD,미드나잇 블랙,1,1,548
2024-12,northeast,AUR,2024,AUR-AI,스탠다드 레인지,AWD,스틸 그레이,1,1,461
2024-12,northeast,AUR,2024,AUR-AI,스탠다드 레인지,AWD,실버,1,1,375
2024-12,northeast,AUR,2024,AUR-AI,스탠다드 레인지,AWD,오션 블루,1,1,288
2024-12,northeast,AUR,2024,AUR-AI,스탠다드 레인지,FWD,스노우 화이트,1,1,276
2024-12,northeast,AUR,2024,AUR-AI,롱레인지,AWD,스노우 화이트,2,2,1149
2024-12,northeast,AUR,2024,AUR-AI,롱레인지,AWD,미드나잇 블랙,2,2,909
2024-12,northeast,AUR,2024,AUR-AI,롱레인지,AWD,스틸 그레이,2,2,766
2024-12,northeast,AUR,2024,AUR-AI,롱레인지,AWD,실버,1,1,622
2024-12,northeast,AUR,2024,AUR-AI,롱레인지,AWD,오션 블루,1,1,479
2024-12,northeast,AUR,2024,AUR-AI,롱레인지,AWD,선셋 레드,1,1,383
2024-12,northeast,AUR,2024,AUR-AI,롱레인지,FWD,스노우 화이트,1,1,458
2024-12,northeast,AUR,2024,AUR-AI,롱레인지,FWD,미드나잇 블랙,1,1,362
2024-12,northeast,AUR,2024,AUR-AI,롱레인지,FWD,스틸 그레이,1,1,305
2024-12,northeast,AUR,2024,AUR-AI,롱레인지,FWD,실버,1,1,248
2024-12,northeast,AUR,2024,AUR-RA,스탠다드 레인지,AWD,스노우 화이트,2,2,1224
2024-12,northeast,AUR,2024,AUR-RA,스탠다드 레인지,AWD,미드나잇 블랙,1,1,969
2024-12,northeast,AUR,2024,AUR-RA,스탠다드 레인지,AWD,스틸 그레이,1,1,816
2024-12,northeast,AUR,2024,AUR-RA,스탠다드 레인지,AWD,실버,1,1,663
2024-12,northeast,AUR,2024,AUR-RA,스탠다드 레인지,AWD,오션 블루,1,1,510
2024-12,northeast,AUR,2024,AUR-RA,스탠다드 레인지,AWD,선셋 레드,1,1,408
2024-12,northeast,AUR,2024,AUR-RA,스탠다드 레인지,FWD,스노우 화이트,1,1,488
2024-12,northeast,AUR,2024,AUR-RA,스탠다드 레인지,FWD,미드나잇 블랙,1,1,386
2024-12,northeast,AUR,2024,AUR-RA,롱레인지,AWD,스노우 화이트,3,3,2031
2024-12,northeast,AUR,2024,AUR-RA,롱레인지,AWD,미드나잇 블랙,2,2,1608
2024-12,northeast,AUR,2024,AUR-RA,롱레인지,AWD,스틸 그레이,2,2,1354
2024-12,northeast,AUR,2024,AUR-RA,롱레인지,AWD,실버,1,2,1100
2024-12,northeast,AUR,2024,AUR-RA,롱레인지,AWD,오션 블루,1,1,846
2024-12,northeast,AUR,2024,AUR-RA,롱레인지,AWD,선셋 레드,1,1,677
2024-12,northeast,AUR,2024,AUR-RA,롱레인지,AWD,포레스트 그린,1,1,423
2024-12,northeast,AUR,2024,AUR-RA,롱레인지,AWD,샌드 베이지,1,1,423
2024-12,northeast,AUR,2024,AUR-RA,롱레인지,FWD,스노우 화이트,1,1,809
2024-12,northeast,AUR,2024,AUR-RA,롱레인지,FWD,미드나잇 블랙,1,1,641
2024-12,northeast,AUR,2024,AUR-RA,롱레인지,FWD,스틸 그레이,1,1,540
2024-12,northeast,AUR,2024,AUR-RA,롱레인지,FWD,실버,1,1,438
2024-12,northeast,AUR,2024,AUR-MA,스탠다드 레인지,AWD,스노우 화이트,1,1,803
2024-12,northeast,AUR,2024,AUR-MA,스탠다드 레인지,AWD,미드나잇 블랙,1,1,636
2024-12,northeast,AUR,2024,AUR-MA,롱레인지,AWD,스노우 화이트,1,1,1332
2024-12,northeast,AUR,2024,AUR-MA,롱레인지,AWD,미드나잇 블랙,1,1,1055
2024-12,northeast,AUR,2024,AUR-MA,롱레인지,AWD,스틸 그레이,1,1,888
2024-12,northeast,AUR,2024,AUR-MA,롱레인지,AWD,실버,1,1,722
2024-12,northeast,AUR,2025,AUR-AI,스탠다드 레인지,AWD,스노우 화이트,27,28,13151
2024-12,northeast,AUR,2025,AUR-AI,스탠다드 레인지,AWD,미드나잇 블랙,22,22,10411
2024-12,northeast,AUR,2025,AUR-AI,스탠다드 레인지,AWD,스틸 그레이,18,19,8767
2024-12,northeast,AUR,2025,AUR-AI,스탠다드 레인지,AWD,실버,15,15,7124
2024-12,northeast,AUR,2025,AUR-AI,스탠다드 레인지,AWD,오션 블루,11,12,5480
2024-12,northeast,AUR,2025,AUR-AI,스탠다드 레인지,AWD,선셋 레드,9,9,4384
2024-12,northeast,AUR,2025,AUR-AI,스탠다드 레인지,AWD,포레스트 그린,6,6,2740
2024-12,northeast,AUR,2025,AUR-AI,스탠다드 레인지,AWD,샌드 베이지,6,6,2740
2024-12,northeast,AUR,2025,AUR-AI,스탠다드 레인지,FWD,스노우 화이트,11,11,5242
2024-12,northeast,AUR,2025,AUR-AI,스탠다드 레인지,FWD,미드나잇 블랙,9,9,4150
2024-12,northeast,AUR,2025,AUR-AI,스탠다드 레인지,FWD,스틸 그레이,7,7,3495
2024-12,northeast,AUR,2025,AUR-AI,스탠다드 레인지,FWD,실버,6,6,2839
2024-12,northeast,AUR,2025,AUR-AI,스탠다드 레인지,FWD,오션 블루,5,5,2184
2024-12,northeast,AUR,2025,AUR-AI,스탠다드 레인지,FWD,선셋 레드,4,4,1747
2024-12,northeast,AUR,2025,AUR-AI,스탠다드 레인지,FWD,포레스트 그린,2,2,1092
2024-12,northeast,AUR,2025,AUR-AI,스탠다드 레인지,FWD,샌드 베이지,2,2,1092
2024-12,northeast,AUR,2025,AUR-AI,롱레인지,AWD,스노우 화이트,45,46,21825
2024-12,northeast,AUR,2025,AUR-AI,롱레인지,AWD,미드나잇 블랙,36,37,17278
2024-12,northeast,AUR,2025,AUR-AI,롱레인지,AWD,스틸 그레이,30,31,14550
2024-12,northeast,AUR,2025,AUR-AI,롱레인지,AWD,실버,24,25,11822
2024-12,northeast,AUR,2025,AUR-AI,롱레인지,AWD,오션 블루,19,19,9094
2024-12,northeast,AUR,2025,AUR-AI,롱레인지,AWD,선셋 레드,15,15,7275
2024-12,northeast,AUR,2025,AUR-AI,롱레인지,AWD,포레스트 그린,9,10,4547
2024-12,northeast,AUR,2025,AUR-AI,롱레인지,AWD,샌드 베이지,9,10,4547
2024-12,northeast,AUR,2025,AUR-AI,롱레인지,FWD,스노우 화이트,18,18,8700
2024-12,northeast,AUR,2025,AUR-AI,롱레인지,FWD,미드나잇 블랙,14,15,6887
2024-12,northeast,AUR,2025,AUR-AI,롱레인지,FWD,스틸 그레이,12,12,5800
2024-12,northeast,AUR,2025,AUR-AI,롱레인지,FWD,실버,10,10,4712
2024-12,northeast,AUR,2025,AUR-AI,롱레인지,FWD,오션 블루,8,8,3625
2024-12,northeast,AUR,2025,AUR-AI,롱레인지,FWD,선셋 레드,6,6,2900
2024-12,northeast,AUR,2025,AUR-AI,롱레인지,FWD,포레스트 그린,4,4,1812
2024-12,northeast,AUR,2025,AUR-AI,롱레인지,FWD,샌드 베이지,4,4,1812
2024-12,northeast,AUR,2025,AUR-RA,스탠다드 레인지,AWD,스노우 화이트,32,32,23249
2024-12,northeast,AUR,2025,AUR-RA,스탠다드 레인지,AWD,미드나잇 블랙,25,25,18406
2024-12,northeast,AUR,2025,AUR-RA,스탠다드 레인지,AWD,스틸 그레이,21,21,15499
2024-12,northeast,AUR,2025,AUR-RA,스탠다드 레인지,AWD,실버,17,17,12593
2024-12,northeast,AUR,2025,AUR-RA,스탠다드 레인지,AWD,오션 블루,13,13,9687
2024-12,northeast,AUR,2025,AUR-RA,스탠다드 레인지,AWD,선셋 레드,11,11,7750
2024-12,northeast,AUR,2025,AUR-RA,스탠다드 레인지,AWD,포레스트 그린,7,7,4844
2024-12,northeast,AUR,2025,AUR-RA,스탠다드 레인지,AWD,샌드 베이지,7,7,4844
2024-12,northeast,AUR,2025,AUR-RA,스탠다드 레인지,FWD,스노우 화이트,13,13,9267
2024-12,northeast,AUR,2025,AUR-RA,스탠다드 레인지,FWD,미드나잇 블랙,10,10,7336
2024-12,northeast,AUR,2025,AUR-RA,스탠다드 레인지,FWD,스틸 그레이,8,9,6178
2024-12,northeast,AUR,2025,AUR-RA,스탠다드 레인지,FWD,실버,7,7,5020
2024-12,northeast,AUR,2025,AUR-RA,스탠다드 레인지,FWD,오션 블루,5,5,3861
2024-12,northeast,AUR,2025,AUR-RA,스탠다드 레인지,FWD,선셋 레드,4,4,3089
2024-12,northeast,AUR,2025,AUR-RA,스탠다드 레인지,FWD,포레스트 그린,3,3,1931
2024-12,northeast,AUR,2025,AUR-RA,스탠다드 레인지,FWD,샌드 베이지,3,3,1931
2024-12,northeast,AUR,2025,AUR-RA,롱레인지,AWD,스노우 화이트,52,53,38584
2024-12,northeast,AUR,2025,AUR-RA,롱레인지,AWD,미드나잇 블랙,41,42,30545
2024-12,northeast,AUR,2025,AUR-RA,롱레인지,AWD,스틸 그레이,35,36,25723
2024-12,northeast,AUR,2025,AUR-RA,롱레인지,AWD,실버,28,29,20900
2024-12,northeast,AUR,2025,AUR-RA,롱레인지,AWD,오션 블루,22,22,16077
2024-12,northeast,AUR,2025,AUR-RA,롱레인지,AWD,선셋 레드,17,18,12861
2024-12,northeast,AUR,2025,AUR-RA,롱레인지,AWD,포레스트 그린,11,11,8038
2024-12,northeast,AUR,2025,AUR-RA,롱레인지,AWD,샌드 베이지,11,11,8038
2024-12,northeast,AUR,2025,AUR-RA,롱레인지,FWD,스노우 화이트,21,21,15380
2024-12,northeast,AUR,2025,AUR-RA,롱레인지,FWD,미드나잇 블랙,17,17,12175
2024-12,northeast,AUR,2025,AUR-RA,롱레인지,FWD,스틸 그레이,14,14,10253
2024-12,northeast,AUR,2025,AUR-RA,롱레인지,FWD,실버,11,12,8331
2024-12,northeast,AUR,2025,AUR-RA,롱레인지,FWD,오션 블루,9,9,6408
2024-12,northeast,AUR,2025,AUR-RA,롱레인지,FWD,선셋 레드,7,7,5127
2024-12,northeast,AUR,2025,AUR-RA,롱레인지,FWD,포레스트 그린,4,4,3204
2024-12,northeast,AUR,2025,AUR-RA,롱레인지,FWD,샌드 베이지,4,4,3204
2024-12,northeast,AUR,2025,AUR-MA,스탠다드 레인지,AWD,스노우 화이트,13,13,15254
2024-12,northeast,AUR,2025,AUR-MA,스탠다드 레인지,AWD,미드나잇 블랙,10,10,12076
2024-12,northeast,AUR,2025,AUR-MA,스탠다드 레인지,AWD,스틸 그레이,9,9,10169
2024-12,northeast,AUR,2025,AUR-MA,스탠다드 레인지,AWD,실버,7,7,8262
2024-12,northeast,AUR,2025,AUR-MA,스탠다드 레인지,AWD,오션 블루,5,5,6356
2024-12,northeast,AUR,2025,AUR-MA,스탠다드 레인지,AWD,선셋 레드,4,4,5085
2024-12,northeast,AUR,2025,AUR-MA,스탠다드 레인지,AWD,포레스트 그린,3,3,3178
2024-12,northeast,AUR,2025,AUR-MA,스탠다드 레인지,AWD,샌드 베이지,3,3,3178
2024-12,northeast,AUR,2025,AUR-MA,스탠다드 레인지,FWD,스노우 화이트,5,5,6080
2024-12,northeast,AUR,2025,AUR-MA,스탠다드 레인지,FWD,미드나잇 블랙,4,4,4813
2024-12,northeast,AUR,2025,AUR-MA,스탠다드 레인지,FWD,스틸 그레이,3,3,4053
2024-12,northeast,AUR,2025,AUR-MA,스탠다드 레인지,FWD,실버,3,3,3293
2024-12,northeast,AUR,2025,AUR-MA,스탠다드 레인지,FWD,오션 블루,2,2,2533
2024-12,northeast,AUR,2025,AUR-MA,스탠다드 레인지,FWD,선셋 레드,2,2,2027
2024-12,northeast,AUR,2025,AUR-MA,스탠다드 레인지,FWD,포레스트 그린,1,1,1267
2024-12,northeast,AUR,2025,AUR-MA,스탠다드 레인지,FWD,샌드 베이지,1,1,1267
2024-12,northeast,AUR,2025,AUR-MA,롱레인지,AWD,스노우 화이트,21,22,25315
2024-12,northeast,AUR,2025,AUR-MA,롱레인지,AWD,미드나잇 블랙,17,17,20041
2024-12,northeast,AUR,2025,AUR-MA,롱레인지,AWD,스틸 그레이,14,15,16876
2024-12,northeast,AUR,2025,AUR-MA,롱레인지,AWD,실버,12,12,13712
2024-12,northeast,AUR,2025,AUR-MA,롱레인지,AWD,오션 블루,9,9,10548
2024-12,northeast,AUR,2025,AUR-MA,롱레인지,AWD,선셋 레드,7,7,8438
2024-12,northeast,AUR,2025,AUR-MA,롱레인지,AWD,포레스트 그린,4,5,5274
2024-12,northeast,AUR,2025,AUR-MA,롱레인지,AWD,샌드 베이지,4,5,5274
2024-12,northeast,AUR,2025,AUR-MA,롱레인지,FWD,스노우 화이트,9,9,10090
2024-12,northeast,AUR,2025,AUR-MA,롱레인지,FWD,미드나잇 블랙,7,7,7988
2024-12,northeast,AUR,2025,AUR-MA,롱레인지,FWD,스틸 그레이,6,6,6727
2024-12,northeast,AUR,2025,AUR-MA,롱레인지,FWD,실버,5,5,5466
2024-12,northeast,AUR,2025,AUR-MA,롱레인지,FWD,오션 블루,4,4,4204
2024-12,northeast,AUR,2025,AUR-MA,롱레인지,FWD,선셋 레드,3,3,3363
2024-12,northeast,AUR,2025,AUR-MA,롱레인지,FWD,포레스트 그린,2,2,2102
2024-12,northeast,AUR,2025,AUR-MA,롱레인지,FWD,샌드 베이지,2,2,2102
2024-12,southeast,AUR,2024,AUR-AI,스탠다드 레인지,AWD,스노우 화이트,1,1,355
2024-12,southeast,AUR,2024,AUR-AI,스탠다드 레인지,AWD,미드나잇 블랙,1,1,281
2024-12,southeast,AUR,2024,AUR-AI,스탠다드 레인지,FWD,스노우 화이트,1,1,404
2024-12,southeast,AUR,2024,AUR-AI,스탠다드 레인지,FWD,미드나잇 블랙,1,1,320
2024-12,southeast,AUR,2024,AUR-AI,스탠다드 레인지,FWD,스틸 그레이,1,1,270
2024-12,southeast,AUR,2024,AUR-AI,롱레인지,AWD,스노우 화이트,1,1,589
2024-12,southeast,AUR,2024,AUR-AI,롱레인지,AWD,미드나잇 블랙,1,1,466
2024-12,southeast,AUR,2024,AUR-AI,롱레인지,AWD,스틸 그레이,1,1,393
2024-12,southeast,AUR,2024,AUR-AI,롱레인지,AWD,실버,1,1,319
2024-12,southeast,AUR,2024,AUR-AI,롱레인지,AWD,오션 블루,1,1,245
2024-12,southeast,AUR,2024,AUR-AI,롱레인지,FWD,스노우 화이트,1,1,671
2024-12,southeast,AUR,2024,AUR-AI,롱레인지,FWD,미드나잇 블랙,1,1,531
2024-12,southeast,AUR,2024,AUR-AI,롱레인지,FWD,스틸 그레이,1,1,447
2024-12,southeast,AUR,2024,AUR-AI,롱레인지,FWD,실버,1,1,363
2024-12,southeast,AUR,2024,AUR-AI,롱레인지,FWD,오션 블루,1,1,280
2024-12,southeast,AUR,2024,AUR-RA,스탠다드 레인지,AWD,스노우 화이트,1,1,628
2024-12,southeast,AUR,2024,AUR-RA,스탠다드 레인지,AWD,미드나잇 블랙,1,1,497
2024-12,southeast,AUR,2024,AUR-RA,스탠다드 레인지,AWD,스틸 그레이,1,1,418
2024-12,southeast,AUR,2024,AUR-RA,스탠다드 레인지,FWD,스노우 화이트,1,1,715
2024-12,southeast,AUR,2024,AUR-RA,스탠다드 레인지,FWD,미드나잇 블랙,1,1,566
2024-12,southeast,AUR,2024,AUR-RA,스탠다드 레인지,FWD,스틸 그레이,1,1,477
2024-12,southeast,AUR,2024,AUR-RA,스탠다드 레인지,FWD,실버,1,1,387
2024-12,southeast,AUR,2024,AUR-RA,롱레인지,AWD,스노우 화이트,1,1,1041
2024-12,southeast,AUR,2024,AUR-RA,롱레인지,AWD,미드나잇 블랙,1,1,824
2024-12,southeast,AUR,2024,AUR-RA,롱레인지,AWD,스틸 그레이,1,1,694
2024-12,southeast,AUR,2024,AUR-RA,롱레인지,AWD,실버,1,1,564
2024-12,southeast,AUR,2024,AUR-RA,롱레인지,AWD,오션 블루,1,1,434
2024-12,southeast,AUR,2024,AUR-RA,롱레인지,FWD,스노우 화이트,2,2,1186
2024-12,southeast,AUR,2024,AUR-RA,롱레인지,FWD,미드나잇 블랙,1,1,939
2024-12,southeast,AUR,2024,AUR-RA,롱레인지,FWD,스틸 그레이,1,1,791
2024-12,southeast,AUR,2024,AUR-RA,롱레인지,FWD,실버,1,1,643
2024-12,southeast,AUR,2024,AUR-RA,롱레인지,FWD,오션 블루,1,1,494
2024-12,southeast,AUR,2024,AUR-RA,롱레인지,FWD,선셋 레드,1,1,395
2024-12,southeast,AUR,2024,AUR-MA,롱레인지,AWD,스노우 화이트,1,1,683
2024-12,southeast,AUR,2024,AUR-MA,롱레인지,FWD,스노우 화이트,1,1,778
2024-12,southeast,AUR,2024,AUR-MA,롱레인지,FWD,미드나잇 블랙,1,1,616
2024-12,southeast,AUR,2025,AUR-AI,스탠다드 레인지,AWD,스노우 화이트,14,14,6744
2024-12,southeast,AUR,2025,AUR-AI,스탠다드 레인지,AWD,미드나잇 블랙,11,11,5339
2024-12,southeast,AUR,2025,AUR-AI,스탠다드 레인지,AWD,스틸 그레이,9,10,4496
2024-12,southeast,AUR,2025,AUR-AI,스탠다드 레인지,AWD,실버,8,8,3653
2024-12,southeast,AUR,2025,AUR-AI,스탠다드 레인지,AWD,오션 블루,6,6,2810
2024-12,southeast,AUR,2025,AUR-AI,스탠다드 레인지,AWD,선셋 레드,5,5,2248
2024-12,southeast,AUR,2025,AUR-AI,스탠다드 레인지,AWD,포레스트 그린,3,3,1405
2024-12,southeast,AUR,2025,AUR-AI,스탠다드 레인지,AWD,샌드 베이지,3,3,1405
2024-12,southeast,AUR,2025,AUR-AI,스탠다드 레인지,FWD,스노우 화이트,16,16,7682
2024-12,southeast,AUR,2025,AUR-AI,스탠다드 레인지,FWD,미드나잇 블랙,13,13,6081
2024-12,southeast,AUR,2025,AUR-AI,스탠다드 레인지,FWD,스틸 그레이,11,11,5121
2024-12,southeast,AUR,2025,AUR-AI,스탠다드 레인지,FWD,실버,9,9,4161
2024-12,southeast,AUR,2025,AUR-AI,스탠다드 레인지,FWD,오션 블루,7,7,3201
2024-12,southeast,AUR,2025,AUR-AI,스탠다드 레인지,FWD,선셋 레드,5,5,2561
2024-12,southeast,AUR,2025,AUR-AI,스탠다드 레인지,FWD,포레스트 그린,3,3,1600
2024-12,southeast,AUR,2025,AUR-AI,스탠다드 레인지,FWD,샌드 베이지,3,3,1600
2024-12,southeast,AUR,2025,AUR-AI,롱레인지,AWD,스노우 화이트,23,24,11192
2024-12,southeast,AUR,2025,AUR-AI,롱레인지,AWD,미드나잇 블랙,18,19,8861
2024-12,southeast,AUR,2025,AUR-AI,롱레인지,AWD,스틸 그레이,15,16,7462
2024-12,southeast,AUR,2025,AUR-AI,롱레인지,AWD,실버,13,13,6063
2024-12,southeast,AUR,2025,AUR-AI,롱레인지,AWD,오션 블루,10,10,4664
2024-12,southeast,AUR,2025,AUR-AI,롱레인지,AWD,선셋 레드,8,8,3731
2024-12,southeast,AUR,2025,AUR-AI,롱레인지,AWD,포레스트 그린,5,5,2332
2024-12,southeast,AUR,2025,AUR-AI,롱레인지,AWD,샌드 베이지,5,5,2332
2024-12,southeast,AUR,2025,AUR-AI,롱레인지,FWD,스노우 화이트,26,27,12749
2024-12,southeast,AUR,2025,AUR-AI,롱레인지,FWD,미드나잇 블랙,21,21,10093
2024-12,southeast,AUR,2025,AUR-AI,롱레인지,FWD,스틸 그레이,18,18,8499
2024-12,southeast,AUR,2025,AUR-AI,롱레인지,FWD,실버,14,15,6906
2024-12,southeast,AUR,2025,AUR-AI,롱레인지,FWD,오션 블루,11,11,5312
2024-12,southeast,AUR,2025,AUR-AI,롱레인지,FWD,선셋 레드,9,9,4250
2024-12,southeast,AUR,2025,AUR-AI,롱레인지,FWD,포레스트 그린,6,6,2656
2024-12,southeast,AUR,2025,AUR-AI,롱레인지,FWD,샌드 베이지,6,6,2656
2024-12,southeast,AUR,2025,AUR-RA,스탠다드 레인지,AWD,스노우 화이트,16,17,11923
2024-12,southeast,AUR,2025,AUR-RA,스탠다드 레인지,AWD,미드나잇 블랙,13,13,9439
2024-12,southeast,AUR,2025,AUR-RA,스탠다드 레인지,AWD,스틸 그레이,11,11,7948
2024-12,southeast,AUR,2025,AUR-RA,스탠다드 레인지,AWD,실버,9,9,6458
2024-12,southeast,AUR,2025,AUR-RA,스탠다드 레인지,AWD,오션 블루,7,7,4968
2024-12,southeast,AUR,2025,AUR-RA,스탠다드 레인지,AWD,선셋 레드,5,6,3974
2024-12,southeast,AUR,2025,AUR-RA,스탠다드 레인지,AWD,포레스트 그린,3,3,2484
2024-12,southeast,AUR,2025,AUR-RA,스탠다드 레인지,AWD,샌드 베이지,3,3,2484
2024-12,southeast,AUR,2025,AUR-RA,스탠다드 레인지,FWD,스노우 화이트,18,19,13580
2024-12,southeast,AUR,2025,AUR-RA,스탠다드 레인지,FWD,미드나잇 블랙,15,15,10751
2024-12,southeast,AUR,2025,AUR-RA,스탠다드 레인지,FWD,스틸 그레이,12,13,9054
2024-12,southeast,AUR,2025,AUR-RA,스탠다드 레인지,FWD,실버,10,10,7356
2024-12,southeast,AUR,2025,AUR-RA,스탠다드 레인지,FWD,오션 블루,8,8,5658
2024-12,southeast,AUR,2025,AUR-RA,스탠다드 레인지,FWD,선셋 레드,6,6,4527
2024-12,southeast,AUR,2025,AUR-RA,스탠다드 레인지,FWD,포레스트 그린,4,4,2829
2024-12,southeast,AUR,2025,AUR-RA,스탠다드 레인지,FWD,샌드 베이지,4,4,2829
2024-12,southeast,AUR,2025,AUR-RA,롱레인지,AWD,스노우 화이트,27,27,19787
2024-12,southeast,AUR,2025,AUR-RA,롱레인지,AWD,미드나잇 블랙,21,22,15664
2024-12,southeast,AUR,2025,AUR-RA,롱레인지,AWD,스틸 그레이,18,18,13191
2024-12,southeast,AUR,2025,AUR-RA,롱레인지,AWD,실버,15,15,10718
2024-12,southeast,AUR,2025,AUR-RA,롱레인지,AWD,오션 블루,11,11,8244
2024-12,southeast,AUR,2025,AUR-RA,롱레인지,AWD,선셋 레드,9,9,6596
2024-12,southeast,AUR,2025,AUR-RA,롱레인지,AWD,포레스트 그린,6,6,4122
2024-12,southeast,AUR,2025,AUR-RA,롱레인지,AWD,샌드 베이지,6,6,4122
2024-12,southeast,AUR,2025,AUR-RA,롱레인지,FWD,스노우 화이트,31,31,22538
2024-12,southeast,AUR,2025,AUR-RA,롱레인지,FWD,미드나잇 블랙,24,25,17842
2024-12,southeast,AUR,2025,AUR-RA,롱레인지,FWD,스틸 그레이,20,21,15025
2024-12,southeast,AUR,2025,AUR-RA,롱레인지,FWD,실버,17,17,12208
2024-12,southeast,AUR,2025,AUR-RA,롱레인지,FWD,오션 블루,13,13,9391
2024-12,southeast,AUR,2025,AUR-RA,롱레인지,FWD,선셋 레드,10,10,7513
2024-12,southeast,AUR,2025,AUR-RA,롱레인지,FWD,포레스트 그린,6,6,4695
2024-12,southeast,AUR,2025,AUR-RA,롱레인지,FWD,샌드 베이지,6,6,4695
2024-12,southeast,AUR,2025,AUR-MA,스탠다드 레인지,AWD,스노우 화이트,7,7,7822
2024-12,southeast,AUR,2025,AUR-MA,스탠다드 레인지,AWD,미드나잇 블랙,5,5,6193
2024-12,southeast,AUR,2025,AUR-MA,스탠다드 레인지,AWD,스틸 그레이,4,5,5215
2024-12,southeast,AUR,2025,AUR-MA,스탠다드 레인지,AWD,실버,4,4,4237
2024-12,southeast,AUR,2025,AUR-MA,스탠다드 레인지,AWD,오션 블루,3,3,3259
2024-12,southeast,AUR,2025,AUR-MA,스탠다드 레인지,AWD,선셋 레드,2,2,2607
2024-12,southeast,AUR,2025,AUR-MA,스탠다드 레인지,AWD,포레스트 그린,1,1,1630
2024-12,southeast,AUR,2025,AUR-MA,스탠다드 레인지,AWD,샌드 베이지,1,1,1630
2024-12,southeast,AUR,2025,AUR-MA,스탠다드 레인지,FWD,스노우 화이트,8,8,8910
2024-12,southeast,AUR,2025,AUR-MA,스탠다드 레인지,FWD,미드나잇 블랙,6,6,7054
2024-12,southeast,AUR,2025,AUR-MA,스탠다드 레인지,FWD,스틸 그레이,5,5,5940
2024-12,southeast,AUR,2025,AUR-MA,스탠다드 레인지,FWD,실버,4,4,4826
2024-12,southeast,AUR,2025,AUR-MA,스탠다드 레인지,FWD,오션 블루,3,3,3713
2024-12,southeast,AUR,2025,AUR-MA,스탠다드 레인지,FWD,선셋 레드,3,3,2970
2024-12,southeast,AUR,2025,AUR-MA,스탠다드 레인지,FWD,포레스트 그린,2,2,1856
2024-12,southeast,AUR,2025,AUR-MA,스탠다드 레인지,FWD,샌드 베이지,2,2,1856
2024-12,southeast,AUR,2025,AUR-MA,롱레인지,AWD,스노우 화이트,11,11,12982
2024-12,southeast,AUR,2025,AUR-MA,롱레인지,AWD,미드나잇 블랙,9,9,10277
2024-12,southeast,AUR,2025,AUR-MA,롱레인지,AWD,스틸 그레이,7,7,8655
2024-12,southeast,AUR,2025,AUR-MA,롱레인지,AWD,실버,6,6,7032
2024-12,southeast,AUR,2025,AUR-MA,롱레인지,AWD,오션 블루,5,5,5409
2024-12,southeast,AUR,2025,AUR-MA,롱레인지,AWD,선셋 레드,4,4,4327
2024-12,southeast,AUR,2025,AUR-MA,롱레인지,AWD,포레스트 그린,2,2,2705
2024-12,southeast,AUR,2025,AUR-MA,롱레인지,AWD,샌드 베이지,2,2,2705
2024-12,southeast,AUR,2025,AUR-MA,롱레인지,FWD,스노우 화이트,13,13,14787
2024-12,southeast,AUR,2025,AUR-MA,롱레인지,FWD,미드나잇 블랙,10,10,11706
2024-12,southeast,AUR,2025,AUR-MA,롱레인지,FWD,스틸 그레이,8,9,9858
2024-12,southeast,AUR,2025,AUR-MA,롱레인지,FWD,실버,7,7,8010
2024-12,southeast,AUR,2025,AUR-MA,롱레인지,FWD,오션 블루,5,5,6161
2024-12,southeast,AUR,2025,AUR-MA,롱레인지,FWD,선셋 레드,4,4,4929
2024-12,southeast,AUR,2025,AUR-MA,롱레인지,FWD,포레스트 그린,3,3,3081
2024-12,southeast,AUR,2025,AUR-MA,롱레인지,FWD,샌드 베이지,3,3,3081
2024-12,west,MRD,2024,MRD-CO,2.0 가솔린,AWD,스노우 화이트,2,2,-396
2024-12,west,MRD,2024,MRD-CO,2.0 가솔린,AWD,미드나잇 블랙,1,1,-313
2024-12,west,MRD,2024,MRD-CO,2.0 가솔린,AWD,스틸 그레이,1,1,-264
2024-12,west,MRD,2024,MRD-CO,2.0 가솔린,AWD,실버,1,1,-214
2024-12,west,MRD,2024,MRD-CO,2.0 가솔린,AWD,오션 블루,1,1,-165
2024-12,west,MRD,2024,MRD-CO,2.0 가솔린,AWD,선셋 레드,1,1,-132
2024-12,west,MRD,2024,MRD-CO,2.0 가솔린,FWD,스노우 화이트,6,6,-1583
2024-12,west,MRD,2024,MRD-CO,2.0 가솔린,FWD,미드나잇 블랙,5,5,-1253
2024-12,west,MRD,2024,MRD-CO,2.0 가솔린,FWD,스틸 그레이,4,4,-1056
2024-12,west,MRD,2024,MRD-CO,2.0 가솔린,FWD,실버,3,3,-858
2024-12,west,MRD,2024,MRD-CO,2.0 가솔린,FWD,오션 블루,3,3,-660
2024-12,west,MRD,2024,MRD-CO,2.0 가솔린,FWD,선셋 레드,2,2,-528
2024-12,west,MRD,2024,MRD-CO,2.0 가솔린,FWD,포레스트 그린,1,1,-330
2024-12,west,MRD,2024,MRD-CO,2.0 가솔린,FWD,샌드 베이지,1,1,-330
2024-12,west,MRD,2024,MRD-CO,1.6T 하이브리드,AWD,스노우 화이트,1,1,-251
2024-12,west,MRD,2024,MRD-CO,1.6T 하이브리드,AWD,미드나잇 블랙,1,1,-199
2024-12,west,MRD,2024,MRD-CO,1.6T 하이브리드,AWD,스틸 그레이,1,1,-167
2024-12,west,MRD,2024,MRD-CO,1.6T 하이브리드,AWD,실버,1,1,-136
2024-12,west,MRD,2024,MRD-CO,1.6T 하이브리드,FWD,스노우 화이트,4,4,-1004
2024-12,west,MRD,2024,MRD-CO,1.6T 하이브리드,FWD,미드나잇 블랙,3,3,-795
2024-12,west,MRD,2024,MRD-CO,1.6T 하이브리드,FWD,스틸 그레이,3,3,-669
2024-12,west,MRD,2024,MRD-CO,1.6T 하이브리드,FWD,실버,2,2,-544
2024-12,west,MRD,2024,MRD-CO,1.6T 하이브리드,FWD,오션 블루,2,2,-418
2024-12,west,MRD,2024,MRD-CO,1.6T 하이브리드,FWD,선셋 레드,1,1,-335
2024-12,west,MRD,2024,MRD-CO,1.6T 하이브리드,FWD,포레스트 그린,1,1,-209
2024-12,west,MRD,2024,MRD-CO,1.6T 하이브리드,FWD,샌드 베이지,1,1,-209
2024-12,west,MRD,2024,MRD-PR,2.0 가솔린,AWD,스노우 화이트,2,2,-74
2024-12,west,MRD,2024,MRD-PR,2.0 가솔린,AWD,미드나잇 블랙,1,1,-58
2024-12,west,MRD,2024,MRD-PR,2.0 가솔린,AWD,스틸 그레이,1,1,-49
2024-12,west,MRD,2024,MRD-PR,2.0 가솔린,AWD,실버,1,1,-40
2024-12,west,MRD,2024,MRD-PR,2.0 가솔린,AWD,오션 블루,1,1,-31
2024-12,west,MRD,2024,MRD-PR,2.0 가솔린,AWD,선셋 레드,1,1,-25
2024-12,west,MRD,2024,MRD-PR,2.0 가솔린,FWD,스노우 화이트,7,7,-295
2024-12,west,MRD,2024,MRD-PR,2.0 가솔린,FWD,미드나잇 블랙,6,6,-233
2024-12,west,MRD,2024,MRD-PR,2.0 가솔린,FWD,스틸 그레이,5,5,-197
2024-12,west,MRD,2024,MRD-PR,2.0 가솔린,FWD,실버,4,4,-160
2024-12,west,MRD,2024,MRD-PR,2.0 가솔린,FWD,오션 블루,3,3,-123
2024-12,west,MRD,2024,MRD-PR,2.0 가솔린,FWD,선셋 레드,2,2,-98
2024-12,west,MRD,2024,MRD-PR,2.0 가솔린,FWD,포레스트 그린,2,2,-61
2024-12,west,MRD,2024,MRD-PR,2.0 가솔린,FWD,샌드 베이지,2,2,-61
2024-12,west,MRD,2024,MRD-PR,1.6T 하이브리드,AWD,스노우 화이트,1,1,-47
2024-12,west,MRD,2024,MRD-PR,1.6T 하이브리드,AWD,미드나잇 블랙,1,1,-37
2024-12,west,MRD,2024,MRD-PR,1.6T 하이브리드,AWD,스틸 그레이,1,1,-31
2024-12,west,MRD,2024,MRD-PR,1.6T 하이브리드,AWD,실버,1,1,-25
2024-12,west,MRD,2024,MRD-PR,1.6T 하이브리드,FWD,스노우 화이트,5,5,-187
2024-12,west,MRD,2024,MRD-PR,1.6T 하이브리드,FWD,미드나잇 블랙,4,4,-148
2024-12,west,MRD,2024,MRD-PR,1.6T 하이브리드,FWD,스틸 그레이,3,3,-125
2024-12,west,MRD,2024,MRD-PR,1.6T 하이브리드,FWD,실버,2,3,-101
2024-12,west,MRD,2024,MRD-PR,1.6T 하이브리드,FWD,오션 블루,2,2,-78
2024-12,west,MRD,2024,MRD-PR,1.6T 하이브리드,FWD,선셋 레드,2,2,-62
2024-12,west,MRD,2024,MRD-PR,1.6T 하이브리드,FWD,포레스트 그린,1,1,-39
2024-12,west,MRD,2024,MRD-PR,1.6T 하이브리드,FWD,샌드 베이지,1,1,-39
2024-12,west,MRD,2024,MRD-SP,2.0 가솔린,AWD,스노우 화이트,1,1,245
2024-12,west,MRD,2024,MRD-SP,2.0 가솔린,AWD,미드나잇 블랙,1,1,194
2024-12,west,MRD,2024,MRD-SP,2.0 가솔린,FWD,스노우 화이트,3,3,981
2024-12,west,MRD,2024,MRD-SP,2.0 가솔린,FWD,미드나잇 블랙,2,2,777
2024-12,west,MRD,2024,MRD-SP,2.0 가솔린,FWD,스틸 그레이,2,2,654
2024-12,west,MRD,2024,MRD-SP,2.0 가솔린,FWD,실버,2,2,531
2024-12,west,MRD,2024,MRD-SP,2.0 가솔린,FWD,오션 블루,1,1,409
2024-12,west,MRD,2024,MRD-SP,2.0 가솔린,FWD,선셋 레드,1,1,327
2024-12,west,MRD,2024,MRD-SP,2.0 가솔린,FWD,포레스트 그린,1,1,204
2024-12,west,MRD,2024,MRD-SP,2.0 가솔린,FWD,샌드 베이지,1,1,204
2024-12,west,MRD,2024,MRD-SP,1.6T 하이브리드,FWD,스노우 화이트,2,2,622
2024-12,west,MRD,2024,MRD-SP,1.6T 하이브리드,FWD,미드나잇 블랙,1,2,492
2024-12,west,MRD,2024,MRD-SP,1.6T 하이브리드,FWD,스틸 그레이,1,1,415
2024-12,west,MRD,2024,MRD-SP,1.6T 하이브리드,FWD,실버,1,1,337
2024-12,west,MRD,2024,MRD-SP,1.6T 하이브리드,FWD,오션 블루,1,1,259
2024-12,west,MRD,2024,MRD-SP,1.6T 하이브리드,FWD,선셋 레드,1,1,207
2024-12,west,MRD,2025,MRD-CO,2.0 가솔린,AWD,스노우 화이트,30,30,-7521
2024-12,west,MRD,2025,MRD-CO,2.0 가솔린,AWD,미드나잇 블랙,23,24,-5954
2024-12,west,MRD,2025,MRD-CO,2.0 가솔린,AWD,스틸 그레이,20,20,-5014
2024-12,west,MRD,2025,MRD-CO,2.0 가솔린,AWD,실버,16,16,-4074
2024-12,west,MRD,2025,MRD-CO,2.0 가솔린,AWD,오션 블루,12,13,-3134
2024-12,west,MRD,2025,MRD-CO,2.0 가솔린,AWD,선셋 레드,10,10,-2507
2024-12,west,MRD,2025,MRD-CO,2.0 가솔린,AWD,포레스트 그린,6,6,-1567
2024-12,west,MRD,2025,MRD-CO,2.0 가솔린,AWD,샌드 베이지,6,6,-1567
2024-12,west,MRD,2025,MRD-CO,2.0 가솔린,FWD,스노우 화이트,118,121,-30084
2024-12,west,MRD,2025,MRD-CO,2.0 가솔린,FWD,미드나잇 블랙,94,96,-23816
2024-12,west,MRD,2025,MRD-CO,2.0 가솔린,FWD,스틸 그레이,79,80,-20056
2024-12,west,MRD,2025,MRD-CO,2.0 가솔린,FWD,실버,64,65,-16295
2024-12,west,MRD,2025,MRD-CO,2.0 가솔린,FWD,오션 블루,49,50,-12535
2024-12,west,MRD,2025,MRD-CO,2.0 가솔린,FWD,선셋 레드,39,40,-10028
2024-12,west,MRD,2025,MRD-CO,2.0 가솔린,FWD,포레스트 그린,25,25,-6267
2024-12,west,MRD,2025,MRD-CO,2.0 가솔린,FWD,샌드 베이지,25,25,-6267
2024-12,west,MRD,2025,MRD-CO,1.6T 하이브리드,AWD,스노우 화이트,19,19,-4768
2024-12,west,MRD,2025,MRD-CO,1.6T 하이브리드,AWD,미드나잇 블랙,15,15,-3775
2024-12,west,MRD,2025,MRD-CO,1.6T 하이브리드,AWD,스틸 그레이,13,13,-3179
2024-12,west,MRD,2025,MRD-CO,1.6T 하이브리드,AWD,실버,10,10,-2583
2024-12,west,MRD,2025,MRD-CO,1.6T 하이브리드,AWD,오션 블루,8,8,-1987
2024-12,west,MRD,2025,MRD-CO,1.6T 하이브리드,AWD,선셋 레드,6,6,-1589
2024-12,west,MRD,2025,MRD-CO,1.6T 하이브리드,AWD,포레스트 그린,4,4,-993
2024-12,west,MRD,2025,MRD-CO,1.6T 하이브리드,AWD,샌드 베이지,4,4,-993
2024-12,west,MRD,2025,MRD-CO,1.6T 하이브리드,FWD,스노우 화이트,75,77,-19073
2024-12,west,MRD,2025,MRD-CO,1.6T 하이브리드,FWD,미드나잇 블랙,59,61,-15099
2024-12,west,MRD,2025,MRD-CO,1.6T 하이브리드,FWD,스틸 그레이,50,51,-12715
2024-12,west,MRD,2025,MRD-CO,1.6T 하이브리드,FWD,실버,41,41,-10331
2024-12,west,MRD,2025,MRD-CO,1.6T 하이브리드,FWD,오션 블루,31,32,-7947
2024-12,west,MRD,2025,MRD-CO,1.6T 하이브리드,FWD,선셋 레드,25,26,-6358
2024-12,west,MRD,2025,MRD-CO,1.6T 하이브리드,FWD,포레스트 그린,16,16,-3973
2024-12,west,MRD,2025,MRD-CO,1.6T 하이브리드,FWD,샌드 베이지,16,16,-3973
2024-12,west,MRD,2025,MRD-PR,2.0 가솔린,AWD,스노우 화이트,34,35,-1400
2024-12,west,MRD,2025,MRD-PR,2.0 가솔린,AWD,미드나잇 블랙,27,28,-1109
2024-12,west,MRD,2025,MRD-PR,2.0 가솔린,AWD,스틸 그레이,23,23,-934
2024-12,west,MRD,2025,MRD-PR,2.0 가솔린,AWD,실버,19,19,-759
2024-12,west,MRD,2025,MRD-PR,2.0 가솔린,AWD,오션 블루,14,15,-583
2024-12,west,MRD,2025,MRD-PR,2.0 가솔린,AWD,선셋 레드,11,12,-467
2024-12,west,MRD,2025,MRD-PR,2.0 가솔린,AWD,포레스트 그린,7,7,-292
2024-12,west,MRD,2025,MRD-PR,2.0 가솔린,AWD,샌드 베이지,7,7,-292
2024-12,west,MRD,2025,MRD-PR,2.0 가솔린,FWD,스노우 화이트,137,140,-5601
2024-12,west,MRD,2025,MRD-PR,2.0 가솔린,FWD,미드나잇 블랙,109,111,-4434
2024-12,west,MRD,2025,MRD-PR,2.0 가솔린,FWD,스틸 그레이,91,93,-3734
2024-12,west,MRD,2025,MRD-PR,2.0 가솔린,FWD,실버,74,76,-3034
2024-12,west,MRD,2025,MRD-PR,2.0 가솔린,FWD,오션 블루,57,58,-2334
2024-12,west,MRD,2025,MRD-PR,2.0 가솔린,FWD,선셋 레드,46,47,-1867
2024-12,west,MRD,2025,MRD-PR,2.0 가솔린,FWD,포레스트 그린,29,29,-1167
2024-12,west,MRD,2025,MRD-PR,2.0 가솔린,FWD,샌드 베이지,29,29,-1167
2024-12,west,MRD,2025,MRD-PR,1.6T 하이브리드,AWD,스노우 화이트,22,22,-888
2024-12,west,MRD,2025,MRD-PR,1.6T 하이브리드,AWD,미드나잇 블랙,17,18,-703
2024-12,west,MRD,2025,MRD-PR,1.6T 하이브리드,AWD,스틸 그레이,14,15,-592
2024-12,west,MRD,2025,MRD-PR,1.6T 하이브리드,AWD,실버,12,12,-481
2024-12,west,MRD,2025,MRD-PR,1.6T 하이브리드,AWD,오션 블루,9,9,-370
2024-12,west,MRD,2025,MRD-PR,1.6T 하이브리드,AWD,선셋 레드,7,7,-296
2024-12,west,MRD,2025,MRD-PR,1.6T 하이브리드,AWD,포레스트 그린,5,5,-185
2024-12,west,MRD,2025,MRD-PR,1.6T 하이브리드,AWD,샌드 베이지,5,5,-185
2024-12,west,MRD,2025,MRD-PR,1.6T 하이브리드,FWD,스노우 화이트,87,89,-3551
2024-12,west,MRD,2025,MRD-PR,1.6T 하이브리드,FWD,미드나잇 블랙,69,70,-2811
2024-12,west,MRD,2025,MRD-PR,1.6T 하이브리드,FWD,스틸 그레이,58,59,-2367
2024-12,west,MRD,2025,MRD-PR,1.6T 하이브리드,FWD,실버,47,48,-1924
2024-12,west,MRD,2025,MRD-PR,1.6T 하이브리드,FWD,오션 블루,36,37,-1480
2024-12,west,MRD,2025,MRD-PR,1.6T 하이브리드,FWD,선셋 레드,29,30,-1184
2024-12,west,MRD,2025,MRD-PR,1.6T 하이브리드,FWD,포레스트 그린,18,18,-740
2024-12,west,MRD,2025,MRD-PR,1.6T 하이브리드,FWD,샌드 베이지,18,18,-740
2024-12,west,MRD,2025,MRD-SP,2.0 가솔린,AWD,스노우 화이트,14,14,4659
2024-12,west,MRD,2025,MRD-SP,2.0 가솔린,AWD,미드나잇 블랙,11,11,3688
2024-12,west,MRD,2025,MRD-SP,2.0 가솔린,AWD,스틸 그레이,9,10,3106
2024-12,west,MRD,2025,MRD-SP,2.0 가솔린,AWD,실버,8,8,2524
2024-12,west,MRD,2025,MRD-SP,2.0 가솔린,AWD,오션 블루,6,6,1941
2024-12,west,MRD,2025,MRD-SP,2.0 가솔린,AWD,선셋 레드,5,5,1553
2024-12,west,MRD,2025,MRD-SP,2.0 가솔린,AWD,포레스트 그린,3,3,971
2024-12,west,MRD,2025,MRD-SP,2.0 가솔린,AWD,샌드 베이지,3,3,971
2024-12,west,MRD,2025,MRD-SP,2.0 가솔린,FWD,스노우 화이트,56,57,18636
2024-12,west,MRD,2025,MRD-SP,2.0 가솔린,FWD,미드나잇 블랙,44,45,14754
2024-12,west,MRD,2025,MRD-SP,2.0 가솔린,FWD,스틸 그레이,37,38,12424
2024-12,west,MRD,2025,MRD-SP,2.0 가솔린,FWD,실버,30,31,10095
2024-12,west,MRD,2025,MRD-SP,2.0 가솔린,FWD,오션 블루,23,24,7765
2024-12,west,MRD,2025,MRD-SP,2.0 가솔린,FWD,선셋 레드,19,19,6212
2024-12,west,MRD,2025,MRD-SP,2.0 가솔린,FWD,포레스트 그린,12,12,3883
2024-12,west,MRD,2025,MRD-SP,2.0 가솔린,FWD,샌드 베이지,12,12,3883
2024-12,west,MRD,2025,MRD-SP,1.6T 하이브리드,AWD,스노우 화이트,9,9,2954
2024-12,west,MRD,2025,MRD-SP,1.6T 하이브리드,AWD,미드나잇 블랙,7,7,2338
2024-12,west,MRD,2025,MRD-SP,1.6T 하이브리드,AWD,스틸 그레이,6,6,1969
2024-12,west,MRD,2025,MRD-SP,1.6T 하이브리드,AWD,실버,5,5,1600
2024-12,west,MRD,2025,MRD-SP,1.6T 하이브리드,AWD,오션 블루,4,4,1231
2024-12,west,MRD,2025,MRD-SP,1.6T 하이브리드,AWD,선셋 레드,3,3,985
2024-12,west,MRD,2025,MRD-SP,1.6T 하이브리드,AWD,포레스트 그린,2,2,615
2024-12,west,MRD,2025,MRD-SP,1.6T 하이브리드,AWD,샌드 베이지,2,2,615
2024-12,west,MRD,2025,MRD-SP,1.6T 하이브리드,FWD,스노우 화이트,36,36,11815
2024-12,west,MRD,2025,MRD-SP,1.6T 하이브리드,FWD,미드나잇 블랙,28,29,9354
2024-12,west,MRD,2025,MRD-SP,1.6T 하이브리드,FWD,스틸 그레이,24,24,7877
2024-12,west,MRD,2025,MRD-SP,1.6T 하이브리드,FWD,실버,19,20,6400
2024-12,west,MRD,2025,MRD-SP,1.6T 하이브리드,FWD,오션 블루,15,15,4923
2024-12,west,MRD,2025,MRD-SP,1.6T 하이브리드,FWD,선셋 레드,12,12,3938
2024-12,west,MRD,2025,MRD-SP,1.6T 하이브리드,FWD,포레스트 그린,7,8,2461
2024-12,west,MRD,2025,MRD-SP,1.6T 하이브리드,FWD,샌드 베이지,7,8,2461
2024-12,central,MRD,2024,MRD-CO,2.0 가솔린,AWD,스노우 화이트,1,1,-298
2024-12,central,MRD,2024,MRD-CO,2.0 가솔린,AWD,미드나잇 블랙,1,1,-236
2024-12,central,MRD,2024,MRD-CO,2.0 가솔린,AWD,스틸 그레이,1,1,-198
2024-12,central,MRD,2024,MRD-CO,2.0 가솔린,AWD,실버,1,1,-161
2024-12,central,MRD,2024,MRD-CO,2.0 가솔린,FWD,스노우 화이트,4,4,-996
2024-12,central,MRD,2024,MRD-CO,2.0 가솔린,FWD,미드나잇 블랙,3,3,-789
2024-12,central,MRD,2024,MRD-CO,2.0 가솔린,FWD,스틸 그레이,3,3,-664
2024-12,central,MRD,2024,MRD-CO,2.0 가솔린,FWD,실버,2,2,-540
2024-12,central,MRD,2024,MRD-CO,2.0 가솔린,FWD,오션 블루,2,2,-415
2024-12,central,MRD,2024,MRD-CO,2.0 가솔린,FWD,선셋 레드,1,1,-332
2024-12,central,MRD,2024,MRD-CO,2.0 가솔린,FWD,포레스트 그린,1,1,-208
2024-12,central,MRD,2024,MRD-CO,2.0 가솔린,FWD,샌드 베이지,1,1,-208
2024-12,central,MRD,2024,MRD-CO,1.6T 하이브리드,AWD,스노우 화이트,1,1,-189
2024-12,central,MRD,2024,MRD-CO,1.6T 하이브리드,AWD,미드나잇 블랙,1,1,-149
2024-12,central,MRD,2024,MRD-CO,1.6T 하이브리드,FWD,스노우 화이트,2,3,-632
2024-12,central,MRD,2024,MRD-CO,1.6T 하이브리드,FWD,미드나잇 블랙,2,2,-500
2024-12,central,MRD,2024,MRD-CO,1.6T 하이브리드,FWD,스틸 그레이,2,2,-421
2024-12,central,MRD,2024,MRD-CO,1.6T 하이브리드,FWD,실버,1,1,-342
2024-12,central,MRD,2024,MRD-CO,1.6T 하이브리드,FWD,오션 블루,1,1,-263
2024-12,central,MRD,2024,MRD-CO,1.6T 하이브리드,FWD,선셋 레드,1,1,-211
2024-12,central,MRD,2024,MRD-CO,1.6T 하이브리드,FWD,포레스트 그린,1,1,-132
2024-12,central,MRD,2024,MRD-CO,1.6T 하이브리드,FWD,샌드 베이지,1,1,-132
2024-12,central,MRD,2024,MRD-PR,2.0 가솔린,AWD,스노우 화이트,1,1,-55
2024-12,central,MRD,2024,MRD-PR,2.0 가솔린,AWD,미드나잇 블랙,1,1,-44
2024-12,central,MRD,2024,MRD-PR,2.0 가솔린,AWD,스틸 그레이,1,1,-37
2024-12,central,MRD,2024,MRD-PR,2.0 가솔린,AWD,실버,1,1,-30
2024-12,central,MRD,2024,MRD-PR,2.0 가솔린,AWD,오션 블루,1,1,-23
2024-12,central,MRD,2024,MRD-PR,2.0 가솔린,FWD,스노우 화이트,5,5,-186
2024-12,central,MRD,2024,MRD-PR,2.0 가솔린,FWD,미드나잇 블랙,4,4,-147
2024-12,central,MRD,2024,MRD-PR,2.0 가솔린,FWD,스틸 그레이,3,3,-124
2024-12,central,MRD,2024,MRD-PR,2.0 가솔린,FWD,실버,2,3,-100
2024-12,central,MRD,2024,MRD-PR,2.0 가솔린,FWD,오션 블루,2,2,-77
2024-12,central,MRD,2024,MRD-PR,2.0 가솔린,FWD,선셋 레드,2,2,-62
2024-12,central,MRD,2024,MRD-PR,2.0 가솔린,FWD,포레스트 그린,1,1,-39
2024-12,central,MRD,2024,MRD-PR,2.0 가솔린,FWD,샌드 베이지,1,1,-39
2024-12,central,MRD,2024,MRD-PR,1.6T 하이브리드,AWD,스노우 화이트,1,1,-35
2024-12,central,MRD,2024,MRD-PR,1.6T 하이브리드,AWD,미드나잇 블랙,1,1,-28
2024-12,central,MRD,2024,MRD-PR,1.6T 하이브리드,AWD,스틸 그레이,1,1,-23
2024-12,central,MRD,2024,MRD-PR,1.6T 하이브리드,FWD,스노우 화이트,3,3,-118
2024-12,central,MRD,2024,MRD-PR,1.6T 하이브리드,FWD,미드나잇 블랙,2,2,-93
2024-12,central,MRD,2024,MRD-PR,1.6T 하이브리드,FWD,스틸 그레이,2,2,-78
2024-12,central,MRD,2024,MRD-PR,1.6T 하이브리드,FWD,실버,2,2,-64
2024-12,central,MRD,2024,MRD-PR,1.6T 하이브리드,FWD,오션 블루,1,1,-49
2024-12,central,MRD,2024,MRD-PR,1.6T 하이브리드,FWD,선셋 레드,1,1,-39
2024-12,central,MRD,2024,MRD-PR,1.6T 하이브리드,FWD,포레스트 그린,1,1,-25
2024-12,central,MRD,2024,MRD-PR,1.6T 하이브리드,FWD,샌드 베이지,1,1,-25
2024-12,central,MRD,2024,MRD-SP,2.0 가솔린,AWD,스노우 화이트,1,1,184
2024-12,central,MRD,2024,MRD-SP,2.0 가솔린,FWD,스노우 화이트,2,2,617
2024-12,central,MRD,2024,MRD-SP,2.0 가솔린,FWD,미드나잇 블랙,1,1,489
2024-12,central,MRD,2024,MRD-SP,2.0 가솔린,FWD,스틸 그레이,1,1,412
2024-12,central,MRD,2024,MRD-SP,2.0 가솔린,FWD,실버,1,1,334
2024-12,central,MRD,2024,MRD-SP,2.0 가솔린,FWD,오션 블루,1,1,257
2024-12,central,MRD,2024,MRD-SP,2.0 가솔린,FWD,선셋 레드,1,1,206
2024-12,central,MRD,2024,MRD-SP,1.6T 하이브리드,FWD,스노우 화이트,1,1,391
2024-12,central,MRD,2024,MRD-SP,1.6T 하이브리드,FWD,미드나잇 블랙,1,1,310
2024-12,central,MRD,2024,MRD-SP,1.6T 하이브리드,FWD,스틸 그레이,1,1,261
2024-12,central,MRD,2024,MRD-SP,1.6T 하이브리드,FWD,실버,1,1,212
2024-12,central,MRD,2025,MRD-CO,2.0 가솔린,AWD,스노우 화이트,22,23,-5655
2024-12,central,MRD,2025,MRD-CO,2.0 가솔린,AWD,미드나잇 블랙,18,18,-4477
2024-12,central,MRD,2025,MRD-CO,2.0 가솔린,AWD,스틸 그레이,15,15,-3770
2024-12,central,MRD,2025,MRD-CO,2.0 가솔린,AWD,실버,12,12,-3063
2024-12,central,MRD,2025,MRD-CO,2.0 가솔린,AWD,오션 블루,9,9,-2356
2024-12,central,MRD,2025,MRD-CO,2.0 가솔린,AWD,선셋 레드,7,8,-1885
2024-12,central,MRD,2025,MRD-CO,2.0 가솔린,AWD,포레스트 그린,5,5,-1178
2024-12,central,MRD,2025,MRD-CO,2.0 가솔린,AWD,샌드 베이지,5,5,-1178
2024-12,central,MRD,2025,MRD-CO,2.0 가솔린,FWD,스노우 화이트,74,76,-18933
2024-12,central,MRD,2025,MRD-CO,2.0 가솔린,FWD,미드나잇 블랙,59,60,-14988
2024-12,central,MRD,2025,MRD-CO,2.0 가솔린,FWD,스틸 그레이,50,51,-12622
2024-12,central,MRD,2025,MRD-CO,2.0 가솔린,FWD,실버,40,41,-10255
2024-12,central,MRD,2025,MRD-CO,2.0 가솔린,FWD,오션 블루,31,32,-7889
2024-12,central,MRD,2025,MRD-CO,2.0 가솔린,FWD,선셋 레드,25,25,-6311
2024-12,central,MRD,2025,MRD-CO,2.0 가솔린,FWD,포레스트 그린,16,16,-3944
2024-12,central,MRD,2025,MRD-CO,2.0 가솔린,FWD,샌드 베이지,16,16,-3944
2024-12,central,MRD,2025,MRD-CO,1.6T 하이브리드,AWD,스노우 화이트,14,14,-3585
2024-12,central,MRD,2025,MRD-CO,1.6T 하이브리드,AWD,미드나잇 블랙,11,11,-2838
2024-12,central,MRD,2025,MRD-CO,1.6T 하이브리드,AWD,스틸 그레이,9,10,-2390
2024-12,central,MRD,2025,MRD-CO,1.6T 하이브리드,AWD,실버,8,8,-1942
2024-12,central,MRD,2025,MRD-CO,1.6T 하이브리드,AWD,오션 블루,6,6,-1494
2024-12,central,MRD,2025,MRD-CO,1.6T 하이브리드,AWD,선셋 레드,5,5,-1195
2024-12,central,MRD,2025,MRD-CO,1.6T 하이브리드,AWD,포레스트 그린,3,3,-747
2024-12,central,MRD,2025,MRD-CO,1.6T 하이브리드,AWD,샌드 베이지,3,3,-747
2024-12,central,MRD,2025,MRD-CO,1.6T 하이브리드,FWD,스노우 화이트,47,48,-12003
2024-12,central,MRD,2025,MRD-CO,1.6T 하이브리드,FWD,미드나잇 블랙,37,38,-9502
2024-12,central,MRD,2025,MRD-CO,1.6T 하이브리드,FWD,스틸 그레이,31,32,-8002
2024-12,central,MRD,2025,MRD-CO,1.6T 하이브리드,FWD,실버,26,26,-6502
2024-12,central,MRD,2025,MRD-CO,1.6T 하이브리드,FWD,오션 블루,20,20,-5001
2024-12,central,MRD,2025,MRD-CO,1.6T 하이브리드,FWD,선셋 레드,16,16,-4001
2024-12,central,MRD,2025,MRD-CO,1.6T 하이브리드,FWD,포레스트 그린,10,10,-2501
2024-12,central,MRD,2025,MRD-CO,1.6T 하이브리드,FWD,샌드 베이지,10,10,-2501
2024-12,central,MRD,2025,MRD-PR,2.0 가솔린,AWD,스노우 화이트,26,26,-1053
2024-12,central,MRD,2025,MRD-PR,2.0 가솔린,AWD,미드나잇 블랙,20,21,-834
2024-12,central,MRD,2025,MRD-PR,2.0 가솔린,AWD,스틸 그레이,17,18,-702
2024-12,central,MRD,2025,MRD-PR,2.0 가솔린,AWD,실버,14,14,-570
2024-12,central,MRD,2025,MRD-PR,2.0 가솔린,AWD,오션 블루,11,11,-439
2024-12,central,MRD,2025,MRD-PR,2.0 가솔린,AWD,선셋 레드,9,9,-351
2024-12,central,MRD,2025,MRD-PR,2.0 가솔린,AWD,포레스트 그린,5,5,-219
2024-12,central,MRD,2025,MRD-PR,2.0 가솔린,AWD,샌드 베이지,5,5,-219
2024-12,central,MRD,2025,MRD-PR,2.0 가솔린,FWD,스노우 화이트,86,88,-3525
2024-12,central,MRD,2025,MRD-PR,2.0 가솔린,FWD,미드나잇 블랙,68,70,-2791
2024-12,central,MRD,2025,MRD-PR,2.0 가솔린,FWD,스틸 그레이,58,59,-2350
2024-12,central,MRD,2025,MRD-PR,2.0 가솔린,FWD,실버,47,48,-1909
2024-12,central,MRD,2025,MRD-PR,2.0 가솔린,FWD,오션 블루,36,37,-1469
2024-12,central,MRD,2025,MRD-PR,2.0 가솔린,FWD,선셋 레드,29,29,-1175
2024-12,central,MRD,2025,MRD-PR,2.0 가솔린,FWD,포레스트 그린,18,18,-734
2024-12,central,MRD,2025,MRD-PR,2.0 가솔린,FWD,샌드 베이지,18,18,-734
2024-12,central,MRD,2025,MRD-PR,1.6T 하이브리드,AWD,스노우 화이트,16,17,-668
2024-12,central,MRD,2025,MRD-PR,1.6T 하이브리드,AWD,미드나잇 블랙,13,13,-528
2024-12,central,MRD,2025,MRD-PR,1.6T 하이브리드,AWD,스틸 그레이,11,11,-445
2024-12,central,MRD,2025,MRD-PR,1.6T 하이브리드,AWD,실버,9,9,-362
2024-12,central,MRD,2025,MRD-PR,1.6T 하이브리드,AWD,오션 블루,7,7,-278
2024-12,central,MRD,2025,MRD-PR,1.6T 하이브리드,AWD,선셋 레드,5,6,-223
2024-12,central,MRD,2025,MRD-PR,1.6T 하이브리드,AWD,포레스트 그린,3,3,-139
2024-12,central,MRD,2025,MRD-PR,1.6T 하이브리드,AWD,샌드 베이지,3,3,-139
2024-12,central,MRD,2025,MRD-PR,1.6T 하이브리드,FWD,스노우 화이트,55,56,-2235
2024-12,central,MRD,2025,MRD-PR,1.6T 하이브리드,FWD,미드나잇 블랙,43,44,-1769
2024-12,central,MRD,2025,MRD-PR,1.6T 하이브리드,FWD,스틸 그레이,36,37,-1490
2024-12,central,MRD,2025,MRD-PR,1.6T 하이브리드,FWD,실버,30,30,-1211
2024-12,central,MRD,2025,MRD-PR,1.6T 하이브리드,FWD,오션 블루,23,23,-931
2024-12,central,MRD,2025,MRD-PR,1.6T 하이브리드,FWD,선셋 레드,18,19,-745
2024-12,central,MRD,2025,MRD-PR,1.6T 하이브리드,FWD,포레스트 그린,11,12,-466
2024-12,central,MRD,2025,MRD-PR,1.6T 하이브리드,FWD,샌드 베이지,11,12,-466
2024-12,central,MRD,2025,MRD-SP,2.0 가솔린,AWD,스노우 화이트,11,11,3503
2024-12,central,MRD,2025,MRD-SP,2.0 가솔린,AWD,미드나잇 블랙,8,9,2773
2024-12,central,MRD,2025,MRD-SP,2.0 가솔린,AWD,스틸 그레이,7,7,2336
2024-12,central,MRD,2025,MRD-SP,2.0 가솔린,AWD,실버,6,6,1898
2024-12,central,MRD,2025,MRD-SP,2.0 가솔린,AWD,오션 블루,4,4,1460
2024-12,central,MRD,2025,MRD-SP,2.0 가솔린,AWD,선셋 레드,4,4,1168
2024-12,central,MRD,2025,MRD-SP,2.0 가솔린,AWD,포레스트 그린,2,2,730
2024-12,central,MRD,2025,MRD-SP,2.0 가솔린,AWD,샌드 베이지,2,2,730
2024-12,central,MRD,2025,MRD-SP,2.0 가솔린,FWD,스노우 화이트,35,36,11728
2024-12,central,MRD,2025,MRD-SP,2.0 가솔린,FWD,미드나잇 블랙,28,28,9285
2024-12,central,MRD,2025,MRD-SP,2.0 가솔린,FWD,스틸 그레이,24,24,7819
2024-12,central,MRD,2025,MRD-SP,2.0 가솔린,FWD,실버,19,19,6353
2024-12,central,MRD,2025,MRD-SP,2.0 가솔린,FWD,오션 블루,15,15,4887
2024-12,central,MRD,2025,MRD-SP,2.0 가솔린,FWD,선셋 레드,12,12,3909
2024-12,central,MRD,2025,MRD-SP,2.0 가솔린,FWD,포레스트 그린,7,7,2443
2024-12,central,MRD,2025,MRD-SP,2.0 가솔린,FWD,샌드 베이지,7,7,2443
2024-12,central,MRD,2025,MRD-SP,1.6T 하이브리드,AWD,스노우 화이트,7,7,2221
2024-12,central,MRD,2025,MRD-SP,1.6T 하이브리드,AWD,미드나잇 블랙,5,5,1758
2024-12,central,MRD,2025,MRD-SP,1.6T 하이브리드,AWD,스틸 그레이,4,5,1481
2024-12,central,MRD,2025,MRD-SP,1.6T 하이브리드,AWD,실버,4,4,1203
2024-12,central,MRD,2025,MRD-SP,1.6T 하이브리드,AWD,오션 블루,3,3,925
2024-12,central,MRD,2025,MRD-SP,1.6T 하이브리드,AWD,선셋 레드,2,2,740
2024-12,central,MRD,2025,MRD-SP,1.6T 하이브리드,AWD,포레스트 그린,1,1,463
2024-12,central,MRD,2025,MRD-SP,1.6T 하이브리드,AWD,샌드 베이지,1,1,463
2024-12,central,MRD,2025,MRD-SP,1.6T 하이브리드,FWD,스노우 화이트,22,23,7436
2024-12,central,MRD,2025,MRD-SP,1.6T 하이브리드,FWD,미드나잇 블랙,18,18,5887
2024-12,central,MRD,2025,MRD-SP,1.6T 하이브리드,FWD,스틸 그레이,15,15,4957
2024-12,central,MRD,2025,MRD-SP,1.6T 하이브리드,FWD,실버,12,12,4028
2024-12,central,MRD,2025,MRD-SP,1.6T 하이브리드,FWD,오션 블루,9,10,3098
2024-12,central,MRD,2025,MRD-SP,1.6T 하이브리드,FWD,선셋 레드,7,8,2479
2024-12,central,MRD,2025,MRD-SP,1.6T 하이브리드,FWD,포레스트 그린,5,5,1549
2024-12,central,MRD,2025,MRD-SP,1.6T 하이브리드,FWD,샌드 베이지,5,5,1549
2024-12,south,MRD,2024,MRD-CO,2.0 가솔린,AWD,스노우 화이트,1,1,-241
2024-12,south,MRD,2024,MRD-CO,2.0 가솔린,AWD,미드나잇 블랙,1,1,-191
2024-12,south,MRD,2024,MRD-CO,2.0 가솔린,AWD,스틸 그레이,1,1,-161
2024-12,south,MRD,2024,MRD-CO,2.0 가솔린,AWD,실버,1,1,-131
2024-12,south,MRD,2024,MRD-CO,2.0 가솔린,FWD,스노우 화이트,6,6,-1434
2024-12,south,MRD,2024,MRD-CO,2.0 가솔린,FWD,미드나잇 블랙,4,5,-1135
2024-12,south,MRD,2024,MRD-CO,2.0 가솔린,FWD,스틸 그레이,4,4,-956
2024-12,south,MRD,2024,MRD-CO,2.0 가솔린,FWD,실버,3,3,-777
2024-12,south,MRD,2024,MRD-CO,2.0 가솔린,FWD,오션 블루,2,2,-597
2024-12,south,MRD,2024,MRD-CO,2.0 가솔린,FWD,선셋 레드,2,2,-478
2024-12,south,MRD,2024,MRD-CO,2.0 가솔린,FWD,포레스트 그린,1,1,-299
2024-12,south,MRD,2024,MRD-CO,2.0 가솔린,FWD,샌드 베이지,1,1,-299
2024-12,south,MRD,2024,MRD-CO,1.6T 하이브리드,AWD,스노우 화이트,1,1,-153
2024-12,south,MRD,2024,MRD-CO,1.6T 하이브리드,FWD,스노우 화이트,4,4,-909
2024-12,south,MRD,2024,MRD-CO,1.6T 하이브리드,FWD,미드나잇 블랙,3,3,-720
2024-12,south,MRD,2024,MRD-CO,1.6T 하이브리드,FWD,스틸 그레이,2,2,-606
2024-12,south,MRD,2024,MRD-CO,1.6T 하이브리드,FWD,실버,2,2,-492
2024-12,south,MRD,2024,MRD-CO,1.6T 하이브리드,FWD,오션 블루,1,2,-379
2024-12,south,MRD,2024,MRD-CO,1.6T 하이브리드,FWD,선셋 레드,1,1,-303
2024-12,south,MRD,2024,MRD-CO,1.6T 하이브리드,FWD,포레스트 그린,1,1,-189
2024-12,south,MRD,2024,MRD-CO,1.6T 하이브리드,FWD,샌드 베이지,1,1,-189
2024-12,south,MRD,2024,MRD-PR,2.0 가솔린,AWD,스노우 화이트,1,1,-45
2024-12,south,MRD,2024,MRD-PR,2.0 가솔린,AWD,미드나잇 블랙,1,1,-36
2024-12,south,MRD,2024,MRD-PR,2.0 가솔린,AWD,스틸 그레이,1,1,-30
2024-12,south,MRD,2024,MRD-PR,2.0 가솔린,AWD,실버,1,1,-24
2024-12,south,MRD,2024,MRD-PR,2.0 가솔린,FWD,스노우 화이트,7,7,-267
2024-12,south,MRD,2024,MRD-PR,2.0 가솔린,FWD,미드나잇 블랙,5,5,-211
2024-12,south,MRD,2024,MRD-PR,2.0 가솔린,FWD,스틸 그레이,4,4,-178
2024-12,south,MRD,2024,MRD-PR,2.0 가솔린,FWD,실버,4,4,-145
2024-12,south,MRD,2024,MRD-PR,2.0 가솔린,FWD,오션 블루,3,3,-111
2024-12,south,MRD,2024,MRD-PR,2.0 가솔린,FWD,선셋 레드,2,2,-89
2024-12,south,MRD,2024,MRD-PR,2.0 가솔린,FWD,포레스트 그린,1,1,-56
2024-12,south,MRD,2024,MRD-PR,2.0 가솔린,FWD,샌드 베이지,1,1,-56
2024-12,south,MRD,2024,MRD-PR,1.6T 하이브리드,AWD,스노우 화이트,1,1,-28
2024-12,south,MRD,2024,MRD-PR,1.6T 하이브리드,AWD,미드나잇 블랙,1,1,-23
2024-12,south,MRD,2024,MRD-PR,1.6T 하이브리드,FWD,스노우 화이트,4,4,-169
2024-12,south,MRD,2024,MRD-PR,1.6T 하이브리드,FWD,미드나잇 블랙,3,3,-134
2024-12,south,MRD,2024,MRD-PR,1.6T 하이브리드,FWD,스틸 그레이,3,3,-113
2024-12,south,MRD,2024,MRD-PR,1.6T 하이브리드,FWD,실버,2,2,-92
2024-12,south,MRD,2024,MRD-PR,1.6T 하이브리드,FWD,오션 블루,2,2,-71
2024-12,south,MRD,2024,MRD-PR,1.6T 하이브리드,FWD,선셋 레드,1,1,-56
2024-12,south,MRD,2024,MRD-PR,1.6T 하이브리드,FWD,포레스트 그린,1,1,-35
2024-12,south,MRD,2024,MRD-PR,1.6T 하이브리드,FWD,샌드 베이지,1,1,-35
2024-12,south,MRD,2024,MRD-SP,2.0 가솔린,FWD,스노우 화이트,3,3,888
2024-12,south,MRD,2024,MRD-SP,2.0 가솔린,FWD,미드나잇 블랙,2,2,703
2024-12,south,MRD,2024,MRD-SP,2.0 가솔린,FWD,스틸 그레이,2,2,592
2024-12,south,MRD,2024,MRD-SP,2.0 가솔린,FWD,실버,1,1,481
2024-12,south,MRD,2024,MRD-SP,2.0 가솔린,FWD,오션 블루,1,1,370
2024-12,south,MRD,2024,MRD-SP,2.0 가솔린,FWD,선셋 레드,1,1,296
2024-12,south,MRD,2024,MRD-SP,2.0 가솔린,FWD,포레스트 그린,1,1,185
2024-12,south,MRD,2024,MRD-SP,2.0 가솔린,FWD,샌드 베이지,1,1,185
2024-12,south,MRD,2024,MRD-SP,1.6T 하이브리드,FWD,스노우 화이트,2,2,563
2024-12,south,MRD,2024,MRD-SP,1.6T 하이브리드,FWD,미드나잇 블랙,1,1,446
2024-12,south,MRD,2024,MRD-SP,1.6T 하이브리드,FWD,스틸 그레이,1,1,375
2024-12,south,MRD,2024,MRD-SP,1.6T 하이브리드,FWD,실버,1,1,305
2024-12,south,MRD,2024,MRD-SP,1.6T 하이브리드,FWD,오션 블루,1,1,235
2024-12,south,MRD,2024,MRD-SP,1.6T 하이브리드,FWD,선셋 레드,1,1,188
2024-12,south,MRD,2025,MRD-CO,2.0 가솔린,AWD,스노우 화이트,18,18,-4582
2024-12,south,MRD,2025,MRD-CO,2.0 가솔린,AWD,미드나잇 블랙,14,15,-3627
2024-12,south,MRD,2025,MRD-CO,2.0 가솔린,AWD,스틸 그레이,12,12,-3055
2024-12,south,MRD,2025,MRD-CO,2.0 가솔린,AWD,실버,10,10,-2482
2024-12,south,MRD,2025,MRD-CO,2.0 가솔린,AWD,오션 블루,8,8,-1909
2024-12,south,MRD,2025,MRD-CO,2.0 가솔린,AWD,선셋 레드,6,6,-1527
2024-12,south,MRD,2025,MRD-CO,2.0 가솔린,AWD,포레스트 그린,4,4,-955
2024-12,south,MRD,2025,MRD-CO,2.0 가솔린,AWD,샌드 베이지,4,4,-955
2024-12,south,MRD,2025,MRD-CO,2.0 가솔린,FWD,스노우 화이트,107,109,-27237
2024-12,south,MRD,2025,MRD-CO,2.0 가솔린,FWD,미드나잇 블랙,85,87,-21563
2024-12,south,MRD,2025,MRD-CO,2.0 가솔린,FWD,스틸 그레이,71,73,-18158
2024-12,south,MRD,2025,MRD-CO,2.0 가솔린,FWD,실버,58,59,-14754
2024-12,south,MRD,2025,MRD-CO,2.0 가솔린,FWD,오션 블루,45,46,-11349
2024-12,south,MRD,2025,MRD-CO,2.0 가솔린,FWD,선셋 레드,36,36,-9079
2024-12,south,MRD,2025,MRD-CO,2.0 가솔린,FWD,포레스트 그린,22,23,-5674
2024-12,south,MRD,2025,MRD-CO,2.0 가솔린,FWD,샌드 베이지,22,23,-5674
2024-12,south,MRD,2025,MRD-CO,1.6T 하이브리드,AWD,스노우 화이트,11,12,-2905
2024-12,south,MRD,2025,MRD-CO,1.6T 하이브리드,AWD,미드나잇 블랙,9,9,-2300
2024-12,south,MRD,2025,MRD-CO,1.6T 하이브리드,AWD,스틸 그레이,8,8,-1937
2024-12,south,MRD,2025,MRD-CO,1.6T 하이브리드,AWD,실버,6,6,-1573
2024-12,south,MRD,2025,MRD-CO,1.6T 하이브리드,AWD,오션 블루,5,5,-1210
2024-12,south,MRD,2025,MRD-CO,1.6T 하이브리드,AWD,선셋 레드,4,4,-968
2024-12,south,MRD,2025,MRD-CO,1.6T 하이브리드,AWD,포레스트 그린,2,2,-605
2024-12,south,MRD,2025,MRD-CO,1.6T 하이브리드,AWD,샌드 베이지,2,2,-605
2024-12,south,MRD,2025,MRD-CO,1.6T 하이브리드,FWD,스노우 화이트,68,69,-17268
2024-12,south,MRD,2025,MRD-CO,1.6T 하이브리드,FWD,미드나잇 블랙,54,55,-13671
2024-12,south,MRD,2025,MRD-CO,1.6T 하이브리드,FWD,스틸 그레이,45,46,-11512
2024-12,south,MRD,2025,MRD-CO,1.6T 하이브리드,FWD,실버,37,38,-9354
2024-12,south,MRD,2025,MRD-CO,1.6T 하이브리드,FWD,오션 블루,28,29,-7195
2024-12,south,MRD,2025,MRD-CO,1.6T 하이브리드,FWD,선셋 레드,23,23,-5756
2024-12,south,MRD,2025,MRD-CO,1.6T 하이브리드,FWD,포레스트 그린,14,14,-3598
2024-12,south,MRD,2025,MRD-CO,1.6T 하이브리드,FWD,샌드 베이지,14,14,-3598
2024-12,south,MRD,2025,MRD-PR,2.0 가솔린,AWD,스노우 화이트,21,21,-853
2024-12,south,MRD,2025,MRD-PR,2.0 가솔린,AWD,미드나잇 블랙,17,17,-675
2024-12,south,MRD,2025,MRD-PR,2.0 가솔린,AWD,스틸 그레이,14,14,-569
2024-12,south,MRD,2025,MRD-PR,2.0 가솔린,AWD,실버,11,12,-462
2024-12,south,MRD,2025,MRD-PR,2.0 가솔린,AWD,오션 블루,9,9,-355
2024-12,south,MRD,2025,MRD-PR,2.0 가솔린,AWD,선셋 레드,7,7,-284
2024-12,south,MRD,2025,MRD-PR,2.0 가솔린,AWD,포레스트 그린,4,4,-178
2024-12,south,MRD,2025,MRD-PR,2.0 가솔린,AWD,샌드 베이지,4,4,-178
2024-12,south,MRD,2025,MRD-PR,2.0 가솔린,FWD,스노우 화이트,124,127,-5071
2024-12,south,MRD,2025,MRD-PR,2.0 가솔린,FWD,미드나잇 블랙,98,100,-4015
2024-12,south,MRD,2025,MRD-PR,2.0 가솔린,FWD,스틸 그레이,83,84,-3381
2024-12,south,MRD,2025,MRD-PR,2.0 가솔린,FWD,실버,67,69,-2747
2024-12,south,MRD,2025,MRD-PR,2.0 가솔린,FWD,오션 블루,52,53,-2113
2024-12,south,MRD,2025,MRD-PR,2.0 가솔린,FWD,선셋 레드,41,42,-1690
2024-12,south,MRD,2025,MRD-PR,2.0 가솔린,FWD,포레스트 그린,26,26,-1057
2024-12,south,MRD,2025,MRD-PR,2.0 가솔린,FWD,샌드 베이지,26,26,-1057
2024-12,south,MRD,2025,MRD-PR,1.6T 하이브리드,AWD,스노우 화이트,13,14,-541
2024-12,south,MRD,2025,MRD-PR,1.6T 하이브리드,AWD,미드나잇 블랙,10,11,-428
2024-12,south,MRD,2025,MRD-PR,1.6T 하이브리드,AWD,스틸 그레이,9,9,-361
2024-12,south,MRD,2025,MRD-PR,1.6T 하이브리드,AWD,실버,7,7,-293
2024-12,south,MRD,2025,MRD-PR,1.6T 하이브리드,AWD,오션 블루,6,6,-225
2024-12,south,MRD,2025,MRD-PR,1.6T 하이브리드,AWD,선셋 레드,4,5,-180
2024-12,south,MRD,2025,MRD-PR,1.6T 하이브리드,AWD,포레스트 그린,3,3,-113
2024-12,south,MRD,2025,MRD-PR,1.6T 하이브리드,AWD,샌드 베이지,3,3,-113
2024-12,south,MRD,2025,MRD-PR,1.6T 하이브리드,FWD,스노우 화이트,79,80,-3215
2024-12,south,MRD,2025,MRD-PR,1.6T 하이브리드,FWD,미드나잇 블랙,62,64,-2545
2024-12,south,MRD,2025,MRD-PR,1.6T 하이브리드,FWD,스틸 그레이,52,54,-2143
2024-12,south,MRD,2025,MRD-PR,1.6T 하이브리드,FWD,실버,43,43,-1742
2024-12,south,MRD,2025,MRD-PR,1.6T 하이브리드,FWD,오션 블루,33,33,-1340
2024-12,south,MRD,2025,MRD-PR,1.6T 하이브리드,FWD,선셋 레드,26,27,-1072
2024-12,south,MRD,2025,MRD-PR,1.6T 하이브리드,FWD,포레스트 그린,16,17,-670
2024-12,south,MRD,2025,MRD-PR,1.6T 하이브리드,FWD,샌드 베이지,16,17,-670
2024-12,south,MRD,2025,MRD-SP,2.0 가솔린,AWD,스노우 화이트,9,9,2838
2024-12,south,MRD,2025,MRD-SP,2.0 가솔린,AWD,미드나잇 블랙,7,7,2247
2024-12,south,MRD,2025,MRD-SP,2.0 가솔린,AWD,스틸 그레이,6,6,1892
2024-12,south,MRD,2025,MRD-SP,2.0 가솔린,AWD,실버,5,5,1537
2024-12,south,MRD,2025,MRD-SP,2.0 가솔린,AWD,오션 블루,4,4,1183
2024-12,south,MRD,2025,MRD-SP,2.0 가솔린,AWD,선셋 레드,3,3,946
2024-12,south,MRD,2025,MRD-SP,2.0 가솔린,AWD,포레스트 그린,2,2,591
2024-12,south,MRD,2025,MRD-SP,2.0 가솔린,AWD,샌드 베이지,2,2,591
2024-12,south,MRD,2025,MRD-SP,2.0 가솔린,FWD,스노우 화이트,51,52,16873
2024-12,south,MRD,2025,MRD-SP,2.0 가솔린,FWD,미드나잇 블랙,40,41,13358
2024-12,south,MRD,2025,MRD-SP,2.0 가솔린,FWD,스틸 그레이,34,35,11249
2024-12,south,MRD,2025,MRD-SP,2.0 가솔린,FWD,실버,27,28,9140
2024-12,south,MRD,2025,MRD-SP,2.0 가솔린,FWD,오션 블루,21,22,7030
2024-12,south,MRD,2025,MRD-SP,2.0 가솔린,FWD,선셋 레드,17,17,5624
2024-12,south,MRD,2025,MRD-SP,2.0 가솔린,FWD,포레스트 그린,11,11,3515
2024-12,south,MRD,2025,MRD-SP,2.0 가솔린,FWD,샌드 베이지,11,11,3515
2024-12,south,MRD,2025,MRD-SP,1.6T 하이브리드,AWD,스노우 화이트,5,6,1800
2024-12,south,MRD,2025,MRD-SP,1.6T 하이브리드,AWD,미드나잇 블랙,4,4,1425
2024-12,south,MRD,2025,MRD-SP,1.6T 하이브리드,AWD,스틸 그레이,4,4,1200
2024-12,south,MRD,2025,MRD-SP,1.6T 하이브리드,AWD,실버,3,3,975
2024-12,south,MRD,2025,MRD-SP,1.6T 하이브리드,AWD,오션 블루,2,2,750
2024-12,south,MRD,2025,MRD-SP,1.6T 하이브리드,AWD,선셋 레드,2,2,600
2024-12,south,MRD,2025,MRD-SP,1.6T 하이브리드,AWD,포레스트 그린,1,1,375
2024-12,south,MRD,2025,MRD-SP,1.6T 하이브리드,AWD,샌드 베이지,1,1,375
2024-12,south,MRD,2025,MRD-SP,1.6T 하이브리드,FWD,스노우 화이트,32,33,10697
2024-12,south,MRD,2025,MRD-SP,1.6T 하이브리드,FWD,미드나잇 블랙,25,26,8469
2024-12,south,MRD,2025,MRD-SP,1.6T 하이브리드,FWD,스틸 그레이,21,22,7131
2024-12,south,MRD,2025,MRD-SP,1.6T 하이브리드,FWD,실버,17,18,5794
2024-12,south,MRD,2025,MRD-SP,1.6T 하이브리드,FWD,오션 블루,13,14,4457
2024-12,south,MRD,2025,MRD-SP,1.6T 하이브리드,FWD,선셋 레드,11,11,3566
2024-12,south,MRD,2025,MRD-SP,1.6T 하이브리드,FWD,포레스트 그린,7,7,2229
2024-12,south,MRD,2025,MRD-SP,1.6T 하이브리드,FWD,샌드 베이지,7,7,2229
2024-12,northeast,MRD,2024,MRD-CO,2.0 가솔린,AWD,스노우 화이트,1,1,-336
2024-12,northeast,MRD,2024,MRD-CO,2.0 가솔린,AWD,미드나잇 블랙,1,1,-266
2024-12,northeast,MRD,2024,MRD-CO,2.0 가솔린,AWD,스틸 그레이,1,1,-224
2024-12,northeast,MRD,2024,MRD-CO,2.0 가솔린,AWD,실버,1,1,-182
2024-12,northeast,MRD,2024,MRD-CO,2.0 가솔린,AWD,오션 블루,1,1,-140
2024-12,northeast,MRD,2024,MRD-CO,2.0 가솔린,FWD,스노우 화이트,4,4,-958
2024-12,northeast,MRD,2024,MRD-CO,2.0 가솔린,FWD,미드나잇 블랙,3,3,-758
2024-12,northeast,MRD,2024,MRD-CO,2.0 가솔린,FWD,스틸 그레이,3,3,-638
2024-12,northeast,MRD,2024,MRD-CO,2.0 가솔린,FWD,실버,2,2,-519
2024-12,northeast,MRD,2024,MRD-CO,2.0 가솔린,FWD,오션 블루,2,2,-399
2024-12,northeast,MRD,2024,MRD-CO,2.0 가솔린,FWD,선셋 레드,1,1,-319
2024-12,northeast,MRD,2024,MRD-CO,2.0 가솔린,FWD,포레스트 그린,1,1,-200
2024-12,northeast,MRD,2024,MRD-CO,2.0 가솔린,FWD,샌드 베이지,1,1,-200
2024-12,northeast,MRD,2024,MRD-CO,1.6T 하이브리드,AWD,스노우 화이트,1,1,-213
2024-12,northeast,MRD,2024,MRD-CO,1.6T 하이브리드,AWD,미드나잇 블랙,1,1,-169
2024-12,northeast,MRD,2024,MRD-CO,1.6T 하이브리드,AWD,스틸 그레이,1,1,-142
2024-12,northeast,MRD,2024,MRD-CO,1.6T 하이브리드,FWD,스노우 화이트,2,2,-607
2024-12,northeast,MRD,2024,MRD-CO,1.6T 하이브리드,FWD,미드나잇 블랙,2,2,-481
2024-12,northeast,MRD,2024,MRD-CO,1.6T 하이브리드,FWD,스틸 그레이,2,2,-405
2024-12,northeast,MRD,2024,MRD-CO,1.6T 하이브리드,FWD,실버,1,1,-329
2024-12,northeast,MRD,2024,MRD-CO,1.6T 하이브리드,FWD,오션 블루,1,1,-253
2024-12,northeast,MRD,2024,MRD-CO,1.6T 하이브리드,FWD,선셋 레드,1,1,-202
2024-12,northeast,MRD,2024,MRD-PR,2.0 가솔린,AWD,스노우 화이트,2,2,-63
2024-12,northeast,MRD,2024,MRD-PR,2.0 가솔린,AWD,미드나잇 블랙,1,1,-50
2024-12,northeast,MRD,2024,MRD-PR,2.0 가솔린,AWD,스틸 그레이,1,1,-42
2024-12,northeast,MRD,2024,MRD-PR,2.0 가솔린,AWD,실버,1,1,-34
2024-12,northeast,MRD,2024,MRD-PR,2.0 가솔린,AWD,오션 블루,1,1,-26
2024-12,northeast,MRD,2024,MRD-PR,2.0 가솔린,AWD,선셋 레드,1,1,-21
2024-12,northeast,MRD,2024,MRD-PR,2.0 가솔린,FWD,스노우 화이트,4,4,-178
2024-12,northeast,MRD,2024,MRD-PR,2.0 가솔린,FWD,미드나잇 블랙,3,4,-141
2024-12,northeast,MRD,2024,MRD-PR,2.0 가솔린,FWD,스틸 그레이,3,3,-119
2024-12,northeast,MRD,2024,MRD-PR,2.0 가솔린,FWD,실버,2,2,-97
2024-12,northeast,MRD,2024,MRD-PR,2.0 가솔린,FWD,오션 블루,2,2,-74
2024-12,northeast,MRD,2024,MRD-PR,2.0 가솔린,FWD,선셋 레드,1,1,-59
2024-12,northeast,MRD,2024,MRD-PR,2.0 가솔린,FWD,포레스트 그린,1,1,-37
2024-12,northeast,MRD,2024,MRD-PR,2.0 가솔린,FWD,샌드 베이지,1,1,-37
2024-12,northeast,MRD,2024,MRD-PR,1.6T 하이브리드,AWD,스노우 화이트,1,1,-40
2024-12,northeast,MRD,2024,MRD-PR,1.6T 하이브리드,AWD,미드나잇 블랙,1,1,-31
2024-12,northeast,MRD,2024,MRD-PR,1.6T 하이브리드,AWD,스틸 그레이,1,1,-26
2024-12,northeast,MRD,2024,MRD-PR,1.6T 하이브리드,AWD,실버,1,1,-22
2024-12,northeast,MRD,2024,MRD-PR,1.6T 하이브리드,FWD,스노우 화이트,3,3,-113
2024-12,northeast,MRD,2024,MRD-PR,1.6T 하이브리드,FWD,미드나잇 블랙,2,2,-89
2024-12,northeast,MRD,2024,MRD-PR,1.6T 하이브리드,FWD,스틸 그레이,2,2,-75
2024-12,northeast,MRD,2024,MRD-PR,1.6T 하이브리드,FWD,실버,1,2,-61
2024-12,northeast,MRD,2024,MRD-PR,1.6T 하이브리드,FWD,오션 블루,1,1,-47
2024-12,northeast,MRD,2024,MRD-PR,1.6T 하이브리드,FWD,선셋 레드,1,1,-38
2024-12,northeast,MRD,2024,MRD-PR,1.6T 하이브리드,FWD,포레스트 그린,1,1,-24
2024-12,northeast,MRD,2024,MRD-PR,1.6T 하이브리드,FWD,샌드 베이지,1,1,-24
2024-12,northeast,MRD,2024,MRD-SP,2.0 가솔린,AWD,스노우 화이트,1,1,208
2024-12,northeast,MRD,2024,MRD-SP,2.0 가솔린,FWD,스노우 화이트,2,2,593
2024-12,northeast,MRD,2024,MRD-SP,2.0 가솔린,FWD,미드나잇 블랙,1,1,470
2024-12,northeast,MRD,2024,MRD-SP,2.0 가솔린,FWD,스틸 그레이,1,1,395
2024-12,northeast,MRD,2024,MRD-SP,2.0 가솔린,FWD,실버,1,1,321
2024-12,northeast,MRD,2024,MRD-SP,2.0 가솔린,FWD,오션 블루,1,1,247
2024-12,northeast,MRD,2024,MRD-SP,2.0 가솔린,FWD,선셋 레드,1,1,198
2024-12,northeast,MRD,2024,MRD-SP,1.6T 하이브리드,FWD,스노우 화이트,1,1,376
2024-12,northeast,MRD,2024,MRD-SP,1.6T 하이브리드,FWD,미드나잇 블랙,1,1,298
2024-12,northeast,MRD,2024,MRD-SP,1.6T 하이브리드,FWD,스틸 그레이,1,1,251
2024-12,northeast,MRD,2024,MRD-SP,1.6T 하이브리드,FWD,실버,1,1,204
2024-12,northeast,MRD,2025,MRD-CO,2.0 가솔린,AWD,스노우 화이트,25,26,-6393
2024-12,northeast,MRD,2025,MRD-CO,2.0 가솔린,AWD,미드나잇 블랙,20,20,-5061
2024-12,northeast,MRD,2025,MRD-CO,2.0 가솔린,AWD,스틸 그레이,17,17,-4262
2024-12,northeast,MRD,2025,MRD-CO,2.0 가솔린,AWD,실버,14,14,-3463
2024-12,northeast,MRD,2025,MRD-CO,2.0 가솔린,AWD,오션 블루,10,11,-2664
2024-12,northeast,MRD,2025,MRD-CO,2.0 가솔린,AWD,선셋 레드,8,9,-2131
2024-12,northeast,MRD,2025,MRD-CO,2.0 가솔린,AWD,포레스트 그린,5,5,-1332
2024-12,northeast,MRD,2025,MRD-CO,2.0 가솔린,AWD,샌드 베이지,5,5,-1332
2024-12,northeast,MRD,2025,MRD-CO,2.0 가솔린,FWD,스노우 화이트,72,73,-18195
2024-12,northeast,MRD,2025,MRD-CO,2.0 가솔린,FWD,미드나잇 블랙,57,58,-14404
2024-12,northeast,MRD,2025,MRD-CO,2.0 가솔린,FWD,스틸 그레이,48,49,-12130
2024-12,northeast,MRD,2025,MRD-CO,2.0 가솔린,FWD,실버,39,40,-9856
2024-12,northeast,MRD,2025,MRD-CO,2.0 가솔린,FWD,오션 블루,30,30,-7581
2024-12,northeast,MRD,2025,MRD-CO,2.0 가솔린,FWD,선셋 레드,24,24,-6065
2024-12,northeast,MRD,2025,MRD-CO,2.0 가솔린,FWD,포레스트 그린,15,15,-3791
2024-12,northeast,MRD,2025,MRD-CO,2.0 가솔린,FWD,샌드 베이지,15,15,-3791
2024-12,northeast,MRD,2025,MRD-CO,1.6T 하이브리드,AWD,스노우 화이트,16,16,-4053
2024-12,northeast,MRD,2025,MRD-CO,1.6T 하이브리드,AWD,미드나잇 블랙,13,13,-3209
2024-12,northeast,MRD,2025,MRD-CO,1.6T 하이브리드,AWD,스틸 그레이,11,11,-2702
2024-12,northeast,MRD,2025,MRD-CO,1.6T 하이브리드,AWD,실버,9,9,-2195
2024-12,northeast,MRD,2025,MRD-CO,1.6T 하이브리드,AWD,오션 블루,7,7,-1689
2024-12,northeast,MRD,2025,MRD-CO,1.6T 하이브리드,AWD,선셋 레드,5,5,-1351
2024-12,northeast,MRD,2025,MRD-CO,1.6T 하이브리드,AWD,포레스트 그린,3,3,-844
2024-12,northeast,MRD,2025,MRD-CO,1.6T 하이브리드,AWD,샌드 베이지,3,3,-844
2024-12,northeast,MRD,2025,MRD-CO,1.6T 하이브리드,FWD,스노우 화이트,45,46,-11535
2024-12,northeast,MRD,2025,MRD-CO,1.6T 하이브리드,FWD,미드나잇 블랙,36,37,-9132
2024-12,northeast,MRD,2025,MRD-CO,1.6T 하이브리드,FWD,스틸 그레이,30,31,-7690
2024-12,northeast,MRD,2025,MRD-CO,1.6T 하이브리드,FWD,실버,25,25,-6248
2024-12,northeast,MRD,2025,MRD-CO,1.6T 하이브리드,FWD,오션 블루,19,19,-4806
2024-12,northeast,MRD,2025,MRD-CO,1.6T 하이브리드,FWD,선셋 레드,15,15,-3845
2024-12,northeast,MRD,2025,MRD-CO,1.6T 하이브리드,FWD,포레스트 그린,9,10,-2403
2024-12,northeast,MRD,2025,MRD-CO,1.6T 하이브리드,FWD,샌드 베이지,9,10,-2403
2024-12,northeast,MRD,2025,MRD-PR,2.0 가솔린,AWD,스노우 화이트,29,30,-1190
2024-12,northeast,MRD,2025,MRD-PR,2.0 가솔린,AWD,미드나잇 블랙,23,24,-942
2024-12,northeast,MRD,2025,MRD-PR,2.0 가솔린,AWD,스틸 그레이,19,20,-794
2024-12,northeast,MRD,2025,MRD-PR,2.0 가솔린,AWD,실버,16,16,-645
2024-12,northeast,MRD,2025,MRD-PR,2.0 가솔린,AWD,오션 블루,12,12,-496
2024-12,northeast,MRD,2025,MRD-PR,2.0 가솔린,AWD,선셋 레드,10,10,-397
2024-12,northeast,MRD,2025,MRD-PR,2.0 가솔린,AWD,포레스트 그린,6,6,-248
2024-12,northeast,MRD,2025,MRD-PR,2.0 가솔린,AWD,샌드 베이지,6,6,-248
2024-12,northeast,MRD,2025,MRD-PR,2.0 가솔린,FWD,스노우 화이트,83,85,-3388
2024-12,northeast,MRD,2025,MRD-PR,2.0 가솔린,FWD,미드나잇 블랙,66,67,-2682
2024-12,northeast,MRD,2025,MRD-PR,2.0 가솔린,FWD,스틸 그레이,55,56,-2259
2024-12,northeast,MRD,2025,MRD-PR,2.0 가솔린,FWD,실버,45,46,-1835
2024-12,northeast,MRD,2025,MRD-PR,2.0 가솔린,FWD,오션 블루,35,35,-1412
2024-12,northeast,MRD,2025,MRD-PR,2.0 가솔린,FWD,선셋 레드,28,28,-1129
2024-12,northeast,MRD,2025,MRD-PR,2.0 가솔린,FWD,포레스트 그린,17,18,-706
2024-12,northeast,MRD,2025,MRD-PR,2.0 가솔린,FWD,샌드 베이지,17,18,-706
2024-12,northeast,MRD,2025,MRD-PR,1.6T 하이브리드,AWD,스노우 화이트,18,19,-755
2024-12,northeast,MRD,2025,MRD-PR,1.6T 하이브리드,AWD,미드나잇 블랙,15,15,-597
2024-12,northeast,MRD,2025,MRD-PR,1.6T 하이브리드,AWD,스틸 그레이,12,13,-503
2024-12,northeast,MRD,2025,MRD-PR,1.6T 하이브리드,AWD,실버,10,10,-409
2024-12,northeast,MRD,2025,MRD-PR,1.6T 하이브리드,AWD,오션 블루,8,8,-314
2024-12,northeast,MRD,2025,MRD-PR,1.6T 하이브리드,AWD,선셋 레드,6,6,-252
2024-12,northeast,MRD,2025,MRD-PR,1.6T 하이브리드,AWD,포레스트 그린,4,4,-157
2024-12,northeast,MRD,2025,MRD-PR,1.6T 하이브리드,AWD,샌드 베이지,4,4,-157
2024-12,northeast,MRD,2025,MRD-PR,1.6T 하이브리드,FWD,스노우 화이트,53,54,-2148
2024-12,northeast,MRD,2025,MRD-PR,1.6T 하이브리드,FWD,미드나잇 블랙,42,42,-1700
2024-12,northeast,MRD,2025,MRD-PR,1.6T 하이브리드,FWD,스틸 그레이,35,36,-1432
2024-12,northeast,MRD,2025,MRD-PR,1.6T 하이브리드,FWD,실버,28,29,-1163
2024-12,northeast,MRD,2025,MRD-PR,1.6T 하이브리드,FWD,오션 블루,22,22,-895
2024-12,northeast,MRD,2025,MRD-PR,1.6T 하이브리드,FWD,선셋 레드,18,18,-716
2024-12,northeast,MRD,2025,MRD-PR,1.6T 하이브리드,FWD,포레스트 그린,11,11,-447
2024-12,northeast,MRD,2025,MRD-PR,1.6T 하이브리드,FWD,샌드 베이지,11,11,-447
2024-12,northeast,MRD,2025,MRD-SP,2.0 가솔린,AWD,스노우 화이트,12,12,3960
2024-12,northeast,MRD,2025,MRD-SP,2.0 가솔린,AWD,미드나잇 블랙,9,10,3135
2024-12,northeast,MRD,2025,MRD-SP,2.0 가솔린,AWD,스틸 그레이,8,8,2640
2024-12,northeast,MRD,2025,MRD-SP,2.0 가솔린,AWD,실버,6,7,2145
2024-12,northeast,MRD,2025,MRD-SP,2.0 가솔린,AWD,오션 블루,5,5,1650
2024-12,northeast,MRD,2025,MRD-SP,2.0 가솔린,AWD,선셋 레드,4,4,1320
2024-12,northeast,MRD,2025,MRD-SP,2.0 가솔린,AWD,포레스트 그린,2,3,825
2024-12,northeast,MRD,2025,MRD-SP,2.0 가솔린,AWD,샌드 베이지,2,3,825
2024-12,northeast,MRD,2025,MRD-SP,2.0 가솔린,FWD,스노우 화이트,34,35,11271
2024-12,northeast,MRD,2025,MRD-SP,2.0 가솔린,FWD,미드나잇 블랙,27,27,8923
2024-12,northeast,MRD,2025,MRD-SP,2.0 가솔린,FWD,스틸 그레이,23,23,7514
2024-12,northeast,MRD,2025,MRD-SP,2.0 가솔린,FWD,실버,18,19,6105
2024-12,northeast,MRD,2025,MRD-SP,2.0 가솔린,FWD,오션 블루,14,14,4696
2024-12,northeast,MRD,2025,MRD-SP,2.0 가솔린,FWD,선셋 레드,11,12,3757
2024-12,northeast,MRD,2025,MRD-SP,2.0 가솔린,FWD,포레스트 그린,7,7,2348
2024-12,northeast,MRD,2025,MRD-SP,2.0 가솔린,FWD,샌드 베이지,7,7,2348
2024-12,northeast,MRD,2025,MRD-SP,1.6T 하이브리드,AWD,스노우 화이트,8,8,2511
2024-12,northeast,MRD,2025,MRD-SP,1.6T 하이브리드,AWD,미드나잇 블랙,6,6,1988
2024-12,northeast,MRD,2025,MRD-SP,1.6T 하이브리드,AWD,스틸 그레이,5,5,1674
2024-12,northeast,MRD,2025,MRD-SP,1.6T 하이브리드,AWD,실버,4,4,1360
2024-12,northeast,MRD,2025,MRD-SP,1.6T 하이브리드,AWD,오션 블루,3,3,1046
2024-12,northeast,MRD,2025,MRD-SP,1.6T 하이브리드,AWD,선셋 레드,3,3,837
2024-12,northeast,MRD,2025,MRD-SP,1.6T 하이브리드,AWD,포레스트 그린,2,2,523
2024-12,northeast,MRD,2025,MRD-SP,1.6T 하이브리드,AWD,샌드 베이지,2,2,523
2024-12,northeast,MRD,2025,MRD-SP,1.6T 하이브리드,FWD,스노우 화이트,22,22,7146
2024-12,northeast,MRD,2025,MRD-SP,1.6T 하이브리드,FWD,미드나잇 블랙,17,17,5657
2024-12,northeast,MRD,2025,MRD-SP,1.6T 하이브리드,FWD,스틸 그레이,14,15,4764
2024-12,northeast,MRD,2025,MRD-SP,1.6T 하이브리드,FWD,실버,12,12,3871
2024-12,northeast,MRD,2025,MRD-SP,1.6T 하이브리드,FWD,오션 블루,9,9,2977
2024-12,northeast,MRD,2025,MRD-SP,1.6T 하이브리드,FWD,선셋 레드,7,7,2382
2024-12,northeast,MRD,2025,MRD-SP,1.6T 하이브리드,FWD,포레스트 그린,4,5,1489
2024-12,northeast,MRD,2025,MRD-SP,1.6T 하이브리드,FWD,샌드 베이지,4,5,1489
2024-12,southeast,MRD,2024,MRD-CO,2.0 가솔린,AWD,스노우 화이트,1,1,-233
2024-12,southeast,MRD,2024,MRD-CO,2.0 가솔린,AWD,미드나잇 블랙,1,1,-184
2024-12,southeast,MRD,2024,MRD-CO,2.0 가솔린,AWD,스틸 그레이,1,1,-155
2024-12,southeast,MRD,2024,MRD-CO,2.0 가솔린,FWD,스노우 화이트,4,5,-1137
2024-12,southeast,MRD,2024,MRD-CO,2.0 가솔린,FWD,미드나잇 블랙,4,4,-900
2024-12,southeast,MRD,2024,MRD-CO,2.0 가솔린,FWD,스틸 그레이,3,3,-758
2024-12,southeast,MRD,2024,MRD-CO,2.0 가솔린,FWD,실버,2,2,-616
2024-12,southeast,MRD,2024,MRD-CO,2.0 가솔린,FWD,오션 블루,2,2,-474
2024-12,southeast,MRD,2024,MRD-CO,2.0 가솔린,FWD,선셋 레드,1,2,-379
2024-12,southeast,MRD,2024,MRD-CO,2.0 가솔린,FWD,포레스트 그린,1,1,-237
2024-12,southeast,MRD,2024,MRD-CO,2.0 가솔린,FWD,샌드 베이지,1,1,-237
2024-12,southeast,MRD,2024,MRD-CO,1.6T 하이브리드,AWD,스노우 화이트,1,1,-148
2024-12,southeast,MRD,2024,MRD-CO,1.6T 하이브리드,FWD,스노우 화이트,3,3,-721
2024-12,southeast,MRD,2024,MRD-CO,1.6T 하이브리드,FWD,미드나잇 블랙,2,2,-571
2024-12,southeast,MRD,2024,MRD-CO,1.6T 하이브리드,FWD,스틸 그레이,2,2,-481
2024-12,southeast,MRD,2024,MRD-CO,1.6T 하이브리드,FWD,실버,2,2,-391
2024-12,southeast,MRD,2024,MRD-CO,1.6T 하이브리드,FWD,오션 블루,1,1,-300
2024-12,southeast,MRD,2024,MRD-CO,1.6T 하이브리드,FWD,선셋 레드,1,1,-240
2024-12,southeast,MRD,2024,MRD-CO,1.6T 하이브리드,FWD,포레스트 그린,1,1,-150
2024-12,southeast,MRD,2024,MRD-CO,1.6T 하이브리드,FWD,샌드 베이지,1,1,-150
2024-12,southeast,MRD,2024,MRD-PR,2.0 가솔린,AWD,스노우 화이트,1,1,-43
2024-12,southeast,MRD,2024,MRD-PR,2.0 가솔린,AWD,미드나잇 블랙,1,1,-34
2024-12,southeast,MRD,2024,MRD-PR,2.0 가솔린,AWD,스틸 그레이,1,1,-29
2024-12,southeast,MRD,2024,MRD-PR,2.0 가솔린,AWD,실버,1,1,-23
2024-12,southeast,MRD,2024,MRD-PR,2.0 가솔린,FWD,스노우 화이트,5,5,-212
2024-12,southeast,MRD,2024,MRD-PR,2.0 가솔린,FWD,미드나잇 블랙,4,4,-168
2024-12,southeast,MRD,2024,MRD-PR,2.0 가솔린,FWD,스틸 그레이,3,4,-141
2024-12,southeast,MRD,2024,MRD-PR,2.0 가솔린,FWD,실버,3,3,-115
2024-12,southeast,MRD,2024,MRD-PR,2.0 가솔린,FWD,오션 블루,2,2,-88
2024-12,southeast,MRD,2024,MRD-PR,2.0 가솔린,FWD,선셋 레드,2,2,-71
2024-12,southeast,MRD,2024,MRD-PR,2.0 가솔린,FWD,포레스트 그린,1,1,-44
2024-12,southeast,MRD,2024,MRD-PR,2.0 가솔린,FWD,샌드 베이지,1,1,-44
2024-12,southeast,MRD,2024,MRD-PR,1.6T 하이브리드,AWD,스노우 화이트,1,1,-27
2024-12,southeast,MRD,2024,MRD-PR,1.6T 하이브리드,AWD,미드나잇 블랙,1,1,-22
2024-12,southeast,MRD,2024,MRD-PR,1.6T 하이브리드,FWD,스노우 화이트,3,3,-134
2024-12,southeast,MRD,2024,MRD-PR,1.6T 하이브리드,FWD,미드나잇 블랙,3,3,-106
2024-12,southeast,MRD,2024,MRD-PR,1.6T 하이브리드,FWD,스틸 그레이,2,2,-89
2024-12,southeast,MRD,2024,MRD-PR,1.6T 하이브리드,FWD,실버,2,2,-73
2024-12,southeast,MRD,2024,MRD-PR,1.6T 하이브리드,FWD,오션 블루,1,1,-56
2024-12,southeast,MRD,2024,MRD-PR,1.6T 하이브리드,FWD,선셋 레드,1,1,-45
2024-12,southeast,MRD,2024,MRD-PR,1.6T 하이브리드,FWD,포레스트 그린,1,1,-28
2024-12,southeast,MRD,2024,MRD-PR,1.6T 하이브리드,FWD,샌드 베이지,1,1,-28
2024-12,southeast,MRD,2024,MRD-SP,2.0 가솔린,FWD,스노우 화이트,2,2,705
2024-12,southeast,MRD,2024,MRD-SP,2.0 가솔린,FWD,미드나잇 블랙,2,2,558
2024-12,southeast,MRD,2024,MRD-SP,2.0 가솔린,FWD,스틸 그레이,1,1,470
2024-12,southeast,MRD,2024,MRD-SP,2.0 가솔린,FWD,실버,1,1,382
2024-12,southeast,MRD,2024,MRD-SP,2.0 가솔린,FWD,오션 블루,1,1,294
2024-12,southeast,MRD,2024,MRD-SP,2.0 가솔린,FWD,선셋 레드,1,1,235
2024-12,southeast,MRD,2024,MRD-SP,1.6T 하이브리드,FWD,스노우 화이트,1,1,447
2024-12,southeast,MRD,2024,MRD-SP,1.6T 하이브리드,FWD,미드나잇 블랙,1,1,354
2024-12,southeast,MRD,2024,MRD-SP,1.6T 하이브리드,FWD,스틸 그레이,1,1,298
2024-12,southeast,MRD,2024,MRD-SP,1.6T 하이브리드,FWD,실버,1,1,242
2024-12,southeast,MRD,2024,MRD-SP,1.6T 하이브리드,FWD,오션 블루,1,1,186
2024-12,southeast,MRD,2025,MRD-CO,2.0 가솔린,AWD,스노우 화이트,17,18,-4426
2024-12,southeast,MRD,2025,MRD-CO,2.0 가솔린,AWD,미드나잇 블랙,14,14,-3504
2024-12,southeast,MRD,2025,MRD-CO,2.0 가솔린,AWD,스틸 그레이,12,12,-2951
2024-12,southeast,MRD,2025,MRD-CO,2.0 가솔린,AWD,실버,9,10,-2397
2024-12,southeast,MRD,2025,MRD-CO,2.0 가솔린,AWD,오션 블루,7,7,-1844
2024-12,southeast,MRD,2025,MRD-CO,2.0 가솔린,AWD,선셋 레드,6,6,-1475
2024-12,southeast,MRD,2025,MRD-CO,2.0 가솔린,AWD,포레스트 그린,4,4,-922
2024-12,southeast,MRD,2025,MRD-CO,2.0 가솔린,AWD,샌드 베이지,4,4,-922
2024-12,southeast,MRD,2025,MRD-CO,2.0 가솔린,FWD,스노우 화이트,85,87,-21608
2024-12,southeast,MRD,2025,MRD-CO,2.0 가솔린,FWD,미드나잇 블랙,67,69,-17107
2024-12,southeast,MRD,2025,MRD-CO,2.0 가솔린,FWD,스틸 그레이,57,58,-14406
2024-12,southeast,MRD,2025,MRD-CO,2.0 가솔린,FWD,실버,46,47,-11704
2024-12,southeast,MRD,2025,MRD-CO,2.0 가솔린,FWD,오션 블루,35,36,-9003
2024-12,southeast,MRD,2025,MRD-CO,2.0 가솔린,FWD,선셋 레드,28,29,-7203
2024-12,southeast,MRD,2025,MRD-CO,2.0 가솔린,FWD,포레스트 그린,18,18,-4502
2024-12,southeast,MRD,2025,MRD-CO,2.0 가솔린,FWD,샌드 베이지,18,18,-4502
2024-12,southeast,MRD,2025,MRD-CO,1.6T 하이브리드,AWD,스노우 화이트,11,11,-2806
2024-12,southeast,MRD,2025,MRD-CO,1.6T 하이브리드,AWD,미드나잇 블랙,9,9,-2221
2024-12,southeast,MRD,2025,MRD-CO,1.6T 하이브리드,AWD,스틸 그레이,7,8,-1871
2024-12,southeast,MRD,2025,MRD-CO,1.6T 하이브리드,AWD,실버,6,6,-1520
2024-12,southeast,MRD,2025,MRD-CO,1.6T 하이브리드,AWD,오션 블루,5,5,-1169
2024-12,southeast,MRD,2025,MRD-CO,1.6T 하이브리드,AWD,선셋 레드,4,4,-935
2024-12,southeast,MRD,2025,MRD-CO,1.6T 하이브리드,AWD,포레스트 그린,2,2,-585
2024-12,southeast,MRD,2025,MRD-CO,1.6T 하이브리드,AWD,샌드 베이지,2,2,-585
2024-12,southeast,MRD,2025,MRD-CO,1.6T 하이브리드,FWD,스노우 화이트,54,55,-13699
2024-12,southeast,MRD,2025,MRD-CO,1.6T 하이브리드,FWD,미드나잇 블랙,43,44,-10845
2024-12,southeast,MRD,2025,MRD-CO,1.6T 하이브리드,FWD,스틸 그레이,36,37,-9133
2024-12,southeast,MRD,2025,MRD-CO,1.6T 하이브리드,FWD,실버,29,30,-7420
2024-12,southeast,MRD,2025,MRD-CO,1.6T 하이브리드,FWD,오션 블루,22,23,-5708
2024-12,southeast,MRD,2025,MRD-CO,1.6T 하이브리드,FWD,선셋 레드,18,18,-4566
2024-12,southeast,MRD,2025,MRD-CO,1.6T 하이브리드,FWD,포레스트 그린,11,11,-2854
2024-12,southeast,MRD,2025,MRD-CO,1.6T 하이브리드,FWD,샌드 베이지,11,11,-2854
2024-12,southeast,MRD,2025,MRD-PR,2.0 가솔린,AWD,스노우 화이트,20,21,-824
2024-12,southeast,MRD,2025,MRD-PR,2.0 가솔린,AWD,미드나잇 블랙,16,16,-652
2024-12,southeast,MRD,2025,MRD-PR,2.0 가솔린,AWD,스틸 그레이,13,14,-549
2024-12,southeast,MRD,2025,MRD-PR,2.0 가솔린,AWD,실버,11,11,-446
2024-12,southeast,MRD,2025,MRD-PR,2.0 가솔린,AWD,오션 블루,8,9,-343
2024-12,southeast,MRD,2025,MRD-PR,2.0 가솔린,AWD,선셋 레드,7,7,-275
2024-12,southeast,MRD,2025,MRD-PR,2.0 가솔린,AWD,포레스트 그린,4,4,-172
2024-12,southeast,MRD,2025,MRD-PR,2.0 가솔린,AWD,샌드 베이지,4,4,-172
2024-12,southeast,MRD,2025,MRD-PR,2.0 가솔린,FWD,스노우 화이트,98,100,-4023
2024-12,southeast,MRD,2025,MRD-PR,2.0 가솔린,FWD,미드나잇 블랙,78,79,-3185
2024-12,southeast,MRD,2025,MRD-PR,2.0 가솔린,FWD,스틸 그레이,66,67,-2682
2024-12,southeast,MRD,2025,MRD-PR,2.0 가솔린,FWD,실버,53,54,-2179
2024-12,southeast,MRD,2025,MRD-PR,2.0 가솔린,FWD,오션 블루,41,42,-1676
2024-12,southeast,MRD,2025,MRD-PR,2.0 가솔린,FWD,선셋 레드,33,33,-1341
2024-12,southeast,MRD,2025,MRD-PR,2.0 가솔린,FWD,포레스트 그린,21,21,-838
2024-12,southeast,MRD,2025,MRD-PR,2.0 가솔린,FWD,샌드 베이지,21,21,-838
2024-12,southeast,MRD,2025,MRD-PR,1.6T 하이브리드,AWD,스노우 화이트,13,13,-522
2024-12,southeast,MRD,2025,MRD-PR,1.6T 하이브리드,AWD,미드나잇 블랙,10,10,-414
2024-12,southeast,MRD,2025,MRD-PR,1.6T 하이브리드,AWD,스틸 그레이,9,9,-348
2024-12,southeast,MRD,2025,MRD-PR,1.6T 하이브리드,AWD,실버,7,7,-283
2024-12,southeast,MRD,2025,MRD-PR,1.6T 하이브리드,AWD,오션 블루,5,5,-218
2024-12,southeast,MRD,2025,MRD-PR,1.6T 하이브리드,AWD,선셋 레드,4,4,-174
2024-12,southeast,MRD,2025,MRD-PR,1.6T 하이브리드,AWD,포레스트 그린,3,3,-109
2024-12,southeast,MRD,2025,MRD-PR,1.6T 하이브리드,AWD,샌드 베이지,3,3,-109
2024-12,southeast,MRD,2025,MRD-PR,1.6T 하이브리드,FWD,스노우 화이트,62,64,-2551
2024-12,southeast,MRD,2025,MRD-PR,1.6T 하이브리드,FWD,미드나잇 블랙,49,50,-2019
2024-12,southeast,MRD,2025,MRD-PR,1.6T 하이브리드,FWD,스틸 그레이,42,42,-1700
2024-12,southeast,MRD,2025,MRD-PR,1.6T 하이브리드,FWD,실버,34,34,-1382
2024-12,southeast,MRD,2025,MRD-PR,1.6T 하이브리드,FWD,오션 블루,26,27,-1063
2024-12,southeast,MRD,2025,MRD-PR,1.6T 하이브리드,FWD,선셋 레드,21,21,-850
2024-12,southeast,MRD,2025,MRD-PR,1.6T 하이브리드,FWD,포레스트 그린,13,13,-531
2024-12,southeast,MRD,2025,MRD-PR,1.6T 하이브리드,FWD,샌드 베이지,13,13,-531
2024-12,southeast,MRD,2025,MRD-SP,2.0 가솔린,AWD,스노우 화이트,8,8,2742
2024-12,southeast,MRD,2025,MRD-SP,2.0 가솔린,AWD,미드나잇 블랙,7,7,2170
2024-12,southeast,MRD,2025,MRD-SP,2.0 가솔린,AWD,스틸 그레이,5,6,1828
2024-12,southeast,MRD,2025,MRD-SP,2.0 가솔린,AWD,실버,4,5,1485
2024-12,southeast,MRD,2025,MRD-SP,2.0 가솔린,AWD,오션 블루,3,4,1142
2024-12,southeast,MRD,2025,MRD-SP,2.0 가솔린,AWD,선셋 레드,3,3,914
2024-12,southeast,MRD,2025,MRD-SP,2.0 가솔린,AWD,포레스트 그린,2,2,571
2024-12,southeast,MRD,2025,MRD-SP,2.0 가솔린,AWD,샌드 베이지,2,2,571
2024-12,southeast,MRD,2025,MRD-SP,2.0 가솔린,FWD,스노우 화이트,40,41,13386
2024-12,southeast,MRD,2025,MRD-SP,2.0 가솔린,FWD,미드나잇 블랙,32,33,10597
2024-12,southeast,MRD,2025,MRD-SP,2.0 가솔린,FWD,스틸 그레이,27,27,8924
2024-12,southeast,MRD,2025,MRD-SP,2.0 가솔린,FWD,실버,22,22,7251
2024-12,southeast,MRD,2025,MRD-SP,2.0 가솔린,FWD,오션 블루,17,17,5577
2024-12,southeast,MRD,2025,MRD-SP,2.0 가솔린,FWD,선셋 레드,13,14,4462
2024-12,southeast,MRD,2025,MRD-SP,2.0 가솔린,FWD,포레스트 그린,8,9,2789
2024-12,southeast,MRD,2025,MRD-SP,2.0 가솔린,FWD,샌드 베이지,8,9,2789
2024-12,southeast,MRD,2025,MRD-SP,1.6T 하이브리드,AWD,스노우 화이트,5,5,1738
2024-12,southeast,MRD,2025,MRD-SP,1.6T 하이브리드,AWD,미드나잇 블랙,4,4,1376
2024-12,southeast,MRD,2025,MRD-SP,1.6T 하이브리드,AWD,스틸 그레이,3,4,1159
2024-12,southeast,MRD,2025,MRD-SP,1.6T 하이브리드,AWD,실버,3,3,942
2024-12,southeast,MRD,2025,MRD-SP,1.6T 하이브리드,AWD,오션 블루,2,2,724
2024-12,southeast,MRD,2025,MRD-SP,1.6T 하이브리드,AWD,선셋 레드,2,2,579
2024-12,southeast,MRD,2025,MRD-SP,1.6T 하이브리드,AWD,포레스트 그린,1,1,362
2024-12,southeast,MRD,2025,MRD-SP,1.6T 하이브리드,AWD,샌드 베이지,1,1,362
2024-12,southeast,MRD,2025,MRD-SP,1.6T 하이브리드,FWD,스노우 화이트,26,26,8486
2024-12,southeast,MRD,2025,MRD-SP,1.6T 하이브리드,FWD,미드나잇 블랙,20,21,6718
2024-12,southeast,MRD,2025,MRD-SP,1.6T 하이브리드,FWD,스틸 그레이,17,17,5658
2024-12,southeast,MRD,2025,MRD-SP,1.6T 하이브리드,FWD,실버,14,14,4597
2024-12,southeast,MRD,2025,MRD-SP,1.6T 하이브리드,FWD,오션 블루,11,11,3536
2024-12,southeast,MRD,2025,MRD-SP,1.6T 하이브리드,FWD,선셋 레드,9,9,2829
2024-12,southeast,MRD,2025,MRD-SP,1.6T 하이브리드,FWD,포레스트 그린,5,5,1768
2024-12,southeast,MRD,2025,MRD-SP,1.6T 하이브리드,FWD,샌드 베이지,5,5,1768
2024-12,west,NOV,2024,NOV-CO,3.5 가솔린,AWD,스노우 화이트,2,2,114
2024-12,west,NOV,2024,NOV-CO,3.5 가솔린,AWD,미드나잇 블랙,2,2,91
2024-12,west,NOV,2024,NOV-CO,3.5 가솔린,AWD,스틸 그레이,1,2,76
2024-12,west,NOV,2024,NOV-CO,3.5 가솔린,AWD,실버,1,1,62
2024-12,west,NOV,2024,NOV-CO,3.5 가솔린,AWD,오션 블루,1,1,48
2024-12,west,NOV,2024,NOV-CO,3.5 가솔린,AWD,선셋 레드,1,1,38
2024-12,west,NOV,2024,NOV-CO,3.5 가솔린,FWD,스노우 화이트,4,4,212
2024-12,west,NOV,2024,NOV-CO,3.5 가솔린,FWD,미드나잇 블랙,3,3,168
2024-12,west,NOV,2024,NOV-CO,3.5 가솔린,FWD,스틸 그레이,3,3,142
2024-12,west,NOV,2024,NOV-CO,3.5 가솔린,FWD,실버,2,2,115
2024-12,west,NOV,2024,NOV-CO,3.5 가솔린,FWD,오션 블루,2,2,88
2024-12,west,NOV,2024,NOV-CO,3.5 가솔린,FWD,선셋 레드,1,1,71
2024-12,west,NOV,2024,NOV-CO,3.5 가솔린,FWD,포레스트 그린,1,1,44
2024-12,west,NOV,2024,NOV-CO,3.5 가솔린,FWD,샌드 베이지,1,1,44
2024-12,west,NOV,2024,NOV-CO,1.6T 하이브리드,AWD,스노우 화이트,1,1,72
2024-12,west,NOV,2024,NOV-CO,1.6T 하이브리드,AWD,미드나잇 블랙,1,1,57
2024-12,west,NOV,2024,NOV-CO,1.6T 하이브리드,AWD,스틸 그레이,1,1,48
2024-12,west,NOV,2024,NOV-CO,1.6T 하이브리드,AWD,실버,1,1,39
2024-12,west,NOV,2024,NOV-CO,1.6T 하이브리드,AWD,오션 블루,1,1,30
2024-12,west,NOV,2024,NOV-CO,1.6T 하이브리드,FWD,스노우 화이트,3,3,135
2024-12,west,NOV,2024,NOV-CO,1.6T 하이브리드,FWD,미드나잇 블랙,2,2,107
2024-12,west,NOV,2024,NOV-CO,1.6T 하이브리드,FWD,스틸 그레이,2,2,90
2024-12,west,NOV,2024,NOV-CO,1.6T 하이브리드,FWD,실버,1,1,73
2024-12,west,NOV,2024,NOV-CO,1.6T 하이브리드,FWD,오션 블루,1,1,56
2024-12,west,NOV,2024,NOV-CO,1.6T 하이브리드,FWD,선셋 레드,1,1,45
2024-12,west,NOV,2024,NOV-CO,1.6T 하이브리드,FWD,포레스트 그린,1,1,28
2024-12,west,NOV,2024,NOV-CO,1.6T 하이브리드,FWD,샌드 베이지,1,1,28
2024-12,west,NOV,2024,NOV-PR,3.5 가솔린,AWD,스노우 화이트,3,3,932
2024-12,west,NOV,2024,NOV-PR,3.5 가솔린,AWD,미드나잇 블랙,2,2,738
2024-12,west,NOV,2024,NOV-PR,3.5 가솔린,AWD,스틸 그레이,2,2,621
2024-12,west,NOV,2024,NOV-PR,3.5 가솔린,AWD,실버,1,1,505
2024-12,west,NOV,2024,NOV-PR,3.5 가솔린,AWD,오션 블루,1,1,388
2024-12,west,NOV,2024,NOV-PR,3.5 가솔린,AWD,선셋 레드,1,1,311
2024-12,west,NOV,2024,NOV-PR,3.5 가솔린,AWD,포레스트 그린,1,1,194
2024-12,west,NOV,2024,NOV-PR,3.5 가솔린,AWD,샌드 베이지,1,1,194
2024-12,west,NOV,2024,NOV-PR,3.5 가솔린,FWD,스노우 화이트,5,5,1730
2024-12,west,NOV,2024,NOV-PR,3.5 가솔린,FWD,미드나잇 블랙,4,4,1370
2024-12,west,NOV,2024,NOV-PR,3.5 가솔린,FWD,스틸 그레이,3,3,1154
2024-12,west,NOV,2024,NOV-PR,3.5 가솔린,FWD,실버,3,3,937
2024-12,west,NOV,2024,NOV-PR,3.5 가솔린,FWD,오션 블루,2,2,721
2024-12,west,NOV,2024,NOV-PR,3.5 가솔린,FWD,선셋 레드,2,2,577
2024-12,west,NOV,2024,NOV-PR,3.5 가솔린,FWD,포레스트 그린,1,1,360
2024-12,west,NOV,2024,NOV-PR,3.5 가솔린,FWD,샌드 베이지,1,1,360
2024-12,west,NOV,2024,NOV-PR,1.6T 하이브리드,AWD,스노우 화이트,2,2,591
2024-12,west,NOV,2024,NOV-PR,1.6T 하이브리드,AWD,미드나잇 블랙,1,1,468
2024-12,west,NOV,2024,NOV-PR,1.6T 하이브리드,AWD,스틸 그레이,1,1,394
2024-12,west,NOV,2024,NOV-PR,1.6T 하이브리드,AWD,실버,1,1,320
2024-12,west,NOV,2024,NOV-PR,1.6T 하이브리드,AWD,오션 블루,1,1,246
2024-12,west,NOV,2024,NOV-PR,1.6T 하이브리드,AWD,선셋 레드,1,1,197
2024-12,west,NOV,2024,NOV-PR,1.6T 하이브리드,FWD,스노우 화이트,3,3,1097
2024-12,west,NOV,2024,NOV-PR,1.6T 하이브리드,FWD,미드나잇 블랙,2,2,868
2024-12,west,NOV,2024,NOV-PR,1.6T 하이브리드,FWD,스틸 그레이,2,2,731
2024-12,west,NOV,2024,NOV-PR,1.6T 하이브리드,FWD,실버,2,2,594
2024-12,west,NOV,2024,NOV-PR,1.6T 하이브리드,FWD,오션 블루,1,1,457
2024-12,west,NOV,2024,NOV-PR,1.6T 하이브리드,FWD,선셋 레드,1,1,366
2024-12,west,NOV,2024,NOV-PR,1.6T 하이브리드,FWD,포레스트 그린,1,1,229
2024-12,west,NOV,2024,NOV-PR,1.6T 하이브리드,FWD,샌드 베이지,1,1,229
2024-12,west,NOV,2024,NOV-LO,3.5 가솔린,AWD,스노우 화이트,1,1,953
2024-12,west,NOV,2024,NOV-LO,3.5 가솔린,AWD,미드나잇 블랙,1,1,755
2024-12,west,NOV,2024,NOV-LO,3.5 가솔린,AWD,스틸 그레이,1,1,636
2024-12,west,NOV,2024,NOV-LO,3.5 가솔린,AWD,실버,1,1,516
2024-12,west,NOV,2024,NOV-LO,3.5 가솔린,FWD,스노우 화이트,2,2,1771
2024-12,west,NOV,2024,NOV-LO,3.5 가솔린,FWD,미드나잇 블랙,2,2,1402
2024-12,west,NOV,2024,NOV-LO,3.5 가솔린,FWD,스틸 그레이,1,1,1180
2024-12,west,NOV,2024,NOV-LO,3.5 가솔린,FWD,실버,1,1,959
2024-12,west,NOV,2024,NOV-LO,3.5 가솔린,FWD,오션 블루,1,1,738
2024-12,west,NOV,2024,NOV-LO,3.5 가솔린,FWD,선셋 레드,1,1,590
2024-12,west,NOV,2024,NOV-LO,1.6T 하이브리드,AWD,스노우 화이트,1,1,604
2024-12,west,NOV,2024,NOV-LO,1.6T 하이브리드,AWD,미드나잇 블랙,1,1,479
2024-12,west,NOV,2024,NOV-LO,1.6T 하이브리드,FWD,스노우 화이트,1,1,1123
2024-12,west,NOV,2024,NOV-LO,1.6T 하이브리드,FWD,미드나잇 블랙,1,1,889
2024-12,west,NOV,2024,NOV-LO,1.6T 하이브리드,FWD,스틸 그레이,1,1,748
2024-12,west,NOV,2024,NOV-LO,1.6T 하이브리드,FWD,실버,1,1,608
2024-12,west,NOV,2024,NOV-LO,1.6T 하이브리드,FWD,오션 블루,1,1,468
2024-12,west,NOV,2025,NOV-CO,3.5 가솔린,AWD,스노우 화이트,42,43,2173
2024-12,west,NOV,2025,NOV-CO,3.5 가솔린,AWD,미드나잇 블랙,33,34,1720
2024-12,west,NOV,2025,NOV-CO,3.5 가솔린,AWD,스틸 그레이,28,29,1448
2024-12,west,NOV,2025,NOV-CO,3.5 가솔린,AWD,실버,23,23,1177
2024-12,west,NOV,2025,NOV-CO,3.5 가솔린,AWD,오션 블루,18,18,905
2024-12,west,NOV,2025,NOV-CO,3.5 가솔린,AWD,선셋 레드,14,14,724
2024-12,west,NOV,2025,NOV-CO,3.5 가솔린,AWD,포레스트 그린,9,9,453
2024-12,west,NOV,2025,NOV-CO,3.5 가솔린,AWD,샌드 베이지,9,9,453
2024-12,west,NOV,2025,NOV-CO,3.5 가솔린,FWD,스노우 화이트,78,80,4035
2024-12,west,NOV,2025,NOV-CO,3.5 가솔린,FWD,미드나잇 블랙,62,63,3194
2024-12,west,NOV,2025,NOV-CO,3.5 가솔린,FWD,스틸 그레이,52,53,2690
2024-12,west,NOV,2025,NOV-CO,3.5 가솔린,FWD,실버,42,43,2186
2024-12,west,NOV,2025,NOV-CO,3.5 가솔린,FWD,오션 블루,33,33,1681
2024-12,west,NOV,2025,NOV-CO,3.5 가솔린,FWD,선셋 레드,26,27,1345
2024-12,west,NOV,2025,NOV-CO,3.5 가솔린,FWD,포레스트 그린,16,17,841
2024-12,west,NOV,2025,NOV-CO,3.5 가솔린,FWD,샌드 베이지,16,17,841
2024-12,west,NOV,2025,NOV-CO,1.6T 하이브리드,AWD,스노우 화이트,27,27,1377
2024-12,west,NOV,2025,NOV-CO,1.6T 하이브리드,AWD,미드나잇 블랙,21,22,1090
2024-12,west,NOV,2025,NOV-CO,1.6T 하이브리드,AWD,스틸 그레이,18,18,918
2024-12,west,NOV,2025,NOV-CO,1.6T 하이브리드,AWD,실버,14,15,746
2024-12,west,NOV,2025,NOV-CO,1.6T 하이브리드,AWD,오션 블루,11,11,574
2024-12,west,NOV,2025,NOV-CO,1.6T 하이브리드,AWD,선셋 레드,9,9,459
2024-12,west,NOV,2025,NOV-CO,1.6T 하이브리드,AWD,포레스트 그린,6,6,287
2024-12,west,NOV,2025,NOV-CO,1.6T 하이브리드,AWD,샌드 베이지,6,6,287
2024-12,west,NOV,2025,NOV-CO,1.6T 하이브리드,FWD,스노우 화이트,50,51,2558
2024-12,west,NOV,2025,NOV-CO,1.6T 하이브리드,FWD,미드나잇 블랙,39,40,2025
2024-12,west,NOV,2025,NOV-CO,1.6T 하이브리드,FWD,스틸 그레이,33,34,1705
2024-12,west,NOV,2025,NOV-CO,1.6T 하이브리드,FWD,실버,27,27,1386
2024-12,west,NOV,2025,NOV-CO,1.6T 하이브리드,FWD,오션 블루,21,21,1066
2024-12,west,NOV,2025,NOV-CO,1.6T 하이브리드,FWD,선셋 레드,17,17,853
2024-12,west,NOV,2025,NOV-CO,1.6T 하이브리드,FWD,포레스트 그린,10,11,533
2024-12,west,NOV,2025,NOV-CO,1.6T 하이브리드,FWD,샌드 베이지,10,11,533
2024-12,west,NOV,2025,NOV-PR,3.5 가솔린,AWD,스노우 화이트,49,50,17703
2024-12,west,NOV,2025,NOV-PR,3.5 가솔린,AWD,미드나잇 블랙,39,39,14015
2024-12,west,NOV,2025,NOV-PR,3.5 가솔린,AWD,스틸 그레이,32,33,11802
2024-12,west,NOV,2025,NOV-PR,3.5 가솔린,AWD,실버,26,27,9589
2024-12,west,NOV,2025,NOV-PR,3.5 가솔린,AWD,오션 블루,20,21,7376
2024-12,west,NOV,2025,NOV-PR,3.5 가솔린,AWD,선셋 레드,16,17,5901
2024-12,west,NOV,2025,NOV-PR,3.5 가솔린,AWD,포레스트 그린,10,10,3688
2024-12,west,NOV,2025,NOV-PR,3.5 가솔린,AWD,샌드 베이지,10,10,3688
2024-12,west,NOV,2025,NOV-PR,3.5 가솔린,FWD,스노우 화이트,90,92,32877
2024-12,west,NOV,2025,NOV-PR,3.5 가솔린,FWD,미드나잇 블랙,72,73,26027
2024-12,west,NOV,2025,NOV-PR,3.5 가솔린,FWD,스틸 그레이,60,62,21918
2024-12,west,NOV,2025,NOV-PR,3.5 가솔린,FWD,실버,49,50,17808
2024-12,west,NOV,2025,NOV-PR,3.5 가솔린,FWD,오션 블루,38,38,13699
2024-12,west,NOV,2025,NOV-PR,3.5 가솔린,FWD,선셋 레드,30,31,10959
2024-12,west,NOV,2025,NOV-PR,3.5 가솔린,FWD,포레스트 그린,19,19,6849
2024-12,west,NOV,2025,NOV-PR,3.5 가솔린,FWD,샌드 베이지,19,19,6849
2024-12,west,NOV,2025,NOV-PR,1.6T 하이브리드,AWD,스노우 화이트,31,32,11223
2024-12,west,NOV,2025,NOV-PR,1.6T 하이브리드,AWD,미드나잇 블랙,24,25,8885
2024-12,west,NOV,2025,NOV-PR,1.6T 하이브리드,AWD,스틸 그레이,21,21,7482
2024-12,west,NOV,2025,NOV-PR,1.6T 하이브리드,AWD,실버,17,17,6079
2024-12,west,NOV,2025,NOV-PR,1.6T 하이브리드,AWD,오션 블루,13,13,4676
2024-12,west,NOV,2025,NOV-PR,1.6T 하이브리드,AWD,선셋 레드,10,11,3741
2024-12,west,NOV,2025,NOV-PR,1.6T 하이브리드,AWD,포레스트 그린,6,7,2338
2024-12,west,NOV,2025,NOV-PR,1.6T 하이브리드,AWD,샌드 베이지,6,7,2338
2024-12,west,NOV,2025,NOV-PR,1.6T 하이브리드,FWD,스노우 화이트,57,59,20843
2024-12,west,NOV,2025,NOV-PR,1.6T 하이브리드,FWD,미드나잇 블랙,45,46,16501
2024-12,west,NOV,2025,NOV-PR,1.6T 하이브리드,FWD,스틸 그레이,38,39,13896
2024-12,west,NOV,2025,NOV-PR,1.6T 하이브리드,FWD,실버,31,32,11290
2024-12,west,NOV,2025,NOV-PR,1.6T 하이브리드,FWD,오션 블루,24,24,8685
2024-12,west,NOV,2025,NOV-PR,1.6T 하이브리드,FWD,선셋 레드,19,20,6948
2024-12,west,NOV,2025,NOV-PR,1.6T 하이브리드,FWD,포레스트 그린,12,12,4342
2024-12,west,NOV,2025,NOV-PR,1.6T 하이브리드,FWD,샌드 베이지,12,12,4342
2024-12,west,NOV,2025,NOV-LO,3.5 가솔린,AWD,스노우 화이트,20,20,18115
2024-12,west,NOV,2025,NOV-LO,3.5 가솔린,AWD,미드나잇 블랙,16,16,14341
2024-12,west,NOV,2025,NOV-LO,3.5 가솔린,AWD,스틸 그레이,13,14,12076
2024-12,west,NOV,2025,NOV-LO,3.5 가솔린,AWD,실버,11,11,9812
2024-12,west,NOV,2025,NOV-LO,3.5 가솔린,AWD,오션 블루,8,8,7548
2024-12,west,NOV,2025,NOV-LO,3.5 가솔린,AWD,선셋 레드,7,7,6038
2024-12,west,NOV,2025,NOV-LO,3.5 가솔린,AWD,포레스트 그린,4,4,3774
2024-12,west,NOV,2025,NOV-LO,3.5 가솔린,AWD,샌드 베이지,4,4,3774
2024-12,west,NOV,2025,NOV-LO,3.5 가솔린,FWD,스노우 화이트,37,38,33642
2024-12,west,NOV,2025,NOV-LO,3.5 가솔린,FWD,미드나잇 블랙,29,30,26633
2024-12,west,NOV,2025,NOV-LO,3.5 가솔린,FWD,스틸 그레이,25,25,22428
2024-12,west,NOV,2025,NOV-LO,3.5 가솔린,FWD,실버,20,20,18222
2024-12,west,NOV,2025,NOV-LO,3.5 가솔린,FWD,오션 블루,15,16,14017
2024-12,west,NOV,2025,NOV-LO,3.5 가솔린,FWD,선셋 레드,12,13,11214
2024-12,west,NOV,2025,NOV-LO,3.5 가솔린,FWD,포레스트 그린,8,8,7009
2024-12,west,NOV,2025,NOV-LO,3.5 가솔린,FWD,샌드 베이지,8,8,7009
2024-12,west,NOV,2025,NOV-LO,1.6T 하이브리드,AWD,스노우 화이트,13,13,11484
2024-12,west,NOV,2025,NOV-LO,1.6T 하이브리드,AWD,미드나잇 블랙,10,10,9092
2024-12,west,NOV,2025,NOV-LO,1.6T 하이브리드,AWD,스틸 그레이,8,9,7656
2024-12,west,NOV,2025,NOV-LO,1.6T 하이브리드,AWD,실버,7,7,6221
2024-12,west,NOV,2025,NOV-LO,1.6T 하이브리드,AWD,오션 블루,5,5,4785
2024-12,west,NOV,2025,NOV-LO,1.6T 하이브리드,AWD,선셋 레드,4,4,3828
2024-12,west,NOV,2025,NOV-LO,1.6T 하이브리드,AWD,포레스트 그린,3,3,2393
2024-12,west,NOV,2025,NOV-LO,1.6T 하이브리드,AWD,샌드 베이지,3,3,2393
2024-12,west,NOV,2025,NOV-LO,1.6T 하이브리드,FWD,스노우 화이트,23,24,21328
2024-12,west,NOV,2025,NOV-LO,1.6T 하이브리드,FWD,미드나잇 블랙,19,19,16885
2024-12,west,NOV,2025,NOV-LO,1.6T 하이브리드,FWD,스틸 그레이,16,16,14219
2024-12,west,NOV,2025,NOV-LO,1.6T 하이브리드,FWD,실버,13,13,11553
2024-12,west,NOV,2025,NOV-LO,1.6T 하이브리드,FWD,오션 블루,10,10,8887
2024-12,west,NOV,2025,NOV-LO,1.6T 하이브리드,FWD,선셋 레드,8,8,7109
2024-12,west,NOV,2025,NOV-LO,1.6T 하이브리드,FWD,포레스트 그린,5,5,4443
2024-12,west,NOV,2025,NOV-LO,1.6T 하이브리드,FWD,샌드 베이지,5,5,4443
2024-12,central,NOV,2024,NOV-CO,3.5 가솔린,AWD,스노우 화이트,2,2,86
2024-12,central,NOV,2024,NOV-CO,3.5 가솔린,AWD,미드나잇 블랙,1,1,68
2024-12,central,NOV,2024,NOV-CO,3.5 가솔린,AWD,스틸 그레이,1,1,57
2024-12,central,NOV,2024,NOV-CO,3.5 가솔린,AWD,실버,1,1,47
2024-12,central,NOV,2024,NOV-CO,3.5 가솔린,AWD,오션 블루,1,1,36
2024-12,central,NOV,2024,NOV-CO,3.5 가솔린,AWD,선셋 레드,1,1,29
2024-12,central,NOV,2024,NOV-CO,3.5 가솔린,FWD,스노우 화이트,2,3,128
2024-12,central,NOV,2024,NOV-CO,3.5 가솔린,FWD,미드나잇 블랙,2,2,101
2024-12,central,NOV,2024,NOV-CO,3.5 가솔린,FWD,스틸 그레이,2,2,85
2024-12,central,NOV,2024,NOV-CO,3.5 가솔린,FWD,실버,1,1,69
2024-12,central,NOV,2024,NOV-CO,3.5 가솔린,FWD,오션 블루,1,1,53
2024-12,central,NOV,2024,NOV-CO,3.5 가솔린,FWD,선셋 레드,1,1,43
2024-12,central,NOV,2024,NOV-CO,3.5 가솔린,FWD,포레스트 그린,1,1,27
2024-12,central,NOV,2024,NOV-CO,3.5 가솔린,FWD,샌드 베이지,1,1,27
2024-12,central,NOV,2024,NOV-CO,1.6T 하이브리드,AWD,스노우 화이트,1,1,55
2024-12,central,NOV,2024,NOV-CO,1.6T 하이브리드,AWD,미드나잇 블랙,1,1,43
2024-12,central,NOV,2024,NOV-CO,1.6T 하이브리드,AWD,스틸 그레이,1,1,36
2024-12,central,NOV,2024,NOV-CO,1.6T 하이브리드,AWD,실버,1,1,30
2024-12,central,NOV,2024,NOV-CO,1.6T 하이브리드,FWD,스노우 화이트,2,2,81
2024-12,central,NOV,2024,NOV-CO,1.6T 하이브리드,FWD,미드나잇 블랙,1,1,64
2024-12,central,NOV,2024,NOV-CO,1.6T 하이브리드,FWD,스틸 그레이,1,1,54
2024-12,central,NOV,2024,NOV-CO,1.6T 하이브리드,FWD,실버,1,1,44
2024-12,central,NOV,2024,NOV-CO,1.6T 하이브리드,FWD,오션 블루,1,1,34
2024-12,central,NOV,2024,NOV-CO,1.6T 하이브리드,FWD,선셋 레드,1,1,27
2024-12,central,NOV,2024,NOV-PR,3.5 가솔린,AWD,스노우 화이트,2,2,701
2024-12,central,NOV,2024,NOV-PR,3.5 가솔린,AWD,미드나잇 블랙,2,2,555
2024-12,central,NOV,2024,NOV-PR,3.5 가솔린,AWD,스틸 그레이,1,1,467
2024-12,central,NOV,2024,NOV-PR,3.5 가솔린,AWD,실버,1,1,379
2024-12,central,NOV,2024,NOV-PR,3.5 가솔린,AWD,오션 블루,1,1,292
2024-12,central,NOV,2024,NOV-PR,3.5 가솔린,AWD,선셋 레드,1,1,234
2024-12,central,NOV,2024,NOV-PR,3.5 가솔린,FWD,스노우 화이트,3,3,1040
2024-12,central,NOV,2024,NOV-PR,3.5 가솔린,FWD,미드나잇 블랙,2,2,823
2024-12,central,NOV,2024,NOV-PR,3.5 가솔린,FWD,스틸 그레이,2,2,693
2024-12,central,NOV,2024,NOV-PR,3.5 가솔린,FWD,실버,2,2,563
2024-12,central,NOV,2024,NOV-PR,3.5 가솔린,FWD,오션 블루,1,1,433
2024-12,central,NOV,2024,NOV-PR,3.5 가솔린,FWD,선셋 레드,1,1,347
2024-12,central,NOV,2024,NOV-PR,3.5 가솔린,FWD,포레스트 그린,1,1,217
2024-12,central,NOV,2024,NOV-PR,3.5 가솔린,FWD,샌드 베이지,1,1,217
2024-12,central,NOV,2024,NOV-PR,1.6T 하이브리드,AWD,스노우 화이트,1,1,444
2024-12,central,NOV,2024,NOV-PR,1.6T 하이브리드,AWD,미드나잇 블랙,1,1,352
2024-12,central,NOV,2024,NOV-PR,1.6T 하이브리드,AWD,스틸 그레이,1,1,296
2024-12,central,NOV,2024,NOV-PR,1.6T 하이브리드,AWD,실버,1,1,241
2024-12,central,NOV,2024,NOV-PR,1.6T 하이브리드,AWD,오션 블루,1,1,185
2024-12,central,NOV,2024,NOV-PR,1.6T 하이브리드,FWD,스노우 화이트,2,2,659
2024-12,central,NOV,2024,NOV-PR,1.6T 하이브리드,FWD,미드나잇 블랙,1,1,522
2024-12,central,NOV,2024,NOV-PR,1.6T 하이브리드,FWD,스틸 그레이,1,1,440
2024-12,central,NOV,2024,NOV-PR,1.6T 하이브리드,FWD,실버,1,1,357
2024-12,central,NOV,2024,NOV-PR,1.6T 하이브리드,FWD,오션 블루,1,1,275
2024-12,central,NOV,2024,NOV-PR,1.6T 하이브리드,FWD,선셋 레드,1,1,220
2024-12,central,NOV,2024,NOV-LO,3.5 가솔린,AWD,스노우 화이트,1,1,717
2024-12,central,NOV,2024,NOV-LO,3.5 가솔린,AWD,미드나잇 블랙,1,1,568
2024-12,central,NOV,2024,NOV-LO,3.5 가솔린,AWD,스틸 그레이,1,1,478
2024-12,central,NOV,2024,NOV-LO,3.5 가솔린,FWD,스노우 화이트,1,1,1064
2024-12,central,NOV,2024,NOV-LO,3.5 가솔린,FWD,미드나잇 블랙,1,1,842
2024-12,central,NOV,2024,NOV-LO,3.5 가솔린,FWD,스틸 그레이,1,1,709
2024-12,central,NOV,2024,NOV-LO,3.5 가솔린,FWD,실버,1,1,576
2024-12,central,NOV,2024,NOV-LO,1.6T 하이브리드,AWD,스노우 화이트,1,1,454
2024-12,central,NOV,2024,NOV-LO,1.6T 하이브리드,FWD,스노우 화이트,1,1,675
2024-12,central,NOV,2024,NOV-LO,1.6T 하이브리드,FWD,미드나잇 블랙,1,1,534
2024-12,central,NOV,2025,NOV-CO,3.5 가솔린,AWD,스노우 화이트,32,32,1634
2024-12,central,NOV,2025,NOV-CO,3.5 가솔린,AWD,미드나잇 블랙,25,26,1293
2024-12,central,NOV,2025,NOV-CO,3.5 가솔린,AWD,스틸 그레이,21,22,1089
2024-12,central,NOV,2025,NOV-CO,3.5 가솔린,AWD,실버,17,17,885
2024-12,central,NOV,2025,NOV-CO,3.5 가솔린,AWD,오션 블루,13,13,681
2024-12,central,NOV,2025,NOV-CO,3.5 가솔린,AWD,선셋 레드,11,11,545
2024-12,central,NOV,2025,NOV-CO,3.5 가솔린,AWD,포레스트 그린,7,7,340
2024-12,central,NOV,2025,NOV-CO,3.5 가솔린,AWD,샌드 베이지,7,7,340
2024-12,central,NOV,2025,NOV-CO,3.5 가솔린,FWD,스노우 화이트,47,48,2425
2024-12,central,NOV,2025,NOV-CO,3.5 가솔린,FWD,미드나잇 블랙,37,38,1920
2024-12,central,NOV,2025,NOV-CO,3.5 가솔린,FWD,스틸 그레이,31,32,1617
2024-12,central,NOV,2025,NOV-CO,3.5 가솔린,FWD,실버,25,26,1314
2024-12,central,NOV,2025,NOV-CO,3.5 가솔린,FWD,오션 블루,20,20,1010
2024-12,central,NOV,2025,NOV-CO,3.5 가솔린,FWD,선셋 레드,16,16,808
2024-12,central,NOV,2025,NOV-CO,3.5 가솔린,FWD,포레스트 그린,10,10,505
2024-12,central,NOV,2025,NOV-CO,3.5 가솔린,FWD,샌드 베이지,10,10,505
2024-12,central,NOV,2025,NOV-CO,1.6T 하이브리드,AWD,스노우 화이트,20,20,1036
2024-12,central,NOV,2025,NOV-CO,1.6T 하이브리드,AWD,미드나잇 블랙,16,16,820
2024-12,central,NOV,2025,NOV-CO,1.6T 하이브리드,AWD,스틸 그레이,13,14,690
2024-12,central,NOV,2025,NOV-CO,1.6T 하이브리드,AWD,실버,11,11,561
2024-12,central,NOV,2025,NOV-CO,1.6T 하이브리드,AWD,오션 블루,8,9,432
2024-12,central,NOV,2025,NOV-CO,1.6T 하이브리드,AWD,선셋 레드,7,7,345
2024-12,central,NOV,2025,NOV-CO,1.6T 하이브리드,AWD,포레스트 그린,4,4,216
2024-12,central,NOV,2025,NOV-CO,1.6T 하이브리드,AWD,샌드 베이지,4,4,216
2024-12,central,NOV,2025,NOV-CO,1.6T 하이브리드,FWD,스노우 화이트,30,30,1537
2024-12,central,NOV,2025,NOV-CO,1.6T 하이브리드,FWD,미드나잇 블랙,24,24,1217
2024-12,central,NOV,2025,NOV-CO,1.6T 하이브리드,FWD,스틸 그레이,20,20,1025
2024-12,central,NOV,2025,NOV-CO,1.6T 하이브리드,FWD,실버,16,16,833
2024-12,central,NOV,2025,NOV-CO,1.6T 하이브리드,FWD,오션 블루,12,13,641
2024-12,central,NOV,2025,NOV-CO,1.6T 하이브리드,FWD,선셋 레드,10,10,512
2024-12,central,NOV,2025,NOV-CO,1.6T 하이브리드,FWD,포레스트 그린,6,6,320
2024-12,central,NOV,2025,NOV-CO,1.6T 하이브리드,FWD,샌드 베이지,6,6,320
2024-12,central,NOV,2025,NOV-PR,3.5 가솔린,AWD,스노우 화이트,37,37,13311
2024-12,central,NOV,2025,NOV-PR,3.5 가솔린,AWD,미드나잇 블랙,29,30,10538
2024-12,central,NOV,2025,NOV-PR,3.5 가솔린,AWD,스틸 그레이,24,25,8874
2024-12,central,NOV,2025,NOV-PR,3.5 가솔린,AWD,실버,20,20,7210
2024-12,central,NOV,2025,NOV-PR,3.5 가솔린,AWD,오션 블루,15,16,5546
2024-12,central,NOV,2025,NOV-PR,3.5 가솔린,AWD,선셋 레드,12,12,4437
2024-12,central,NOV,2025,NOV-PR,3.5 가솔린,AWD,포레스트 그린,8,8,2773
2024-12,central,NOV,2025,NOV-PR,3.5 가솔린,AWD,샌드 베이지,8,8,2773
2024-12,central,NOV,2025,NOV-PR,3.5 가솔린,FWD,스노우 화이트,54,55,19760
2024-12,central,NOV,2025,NOV-PR,3.5 가솔린,FWD,미드나잇 블랙,43,44,15643
2024-12,central,NOV,2025,NOV-PR,3.5 가솔린,FWD,스틸 그레이,36,37,13173
2024-12,central,NOV,2025,NOV-PR,3.5 가솔린,FWD,실버,29,30,10703
2024-12,central,NOV,2025,NOV-PR,3.5 가솔린,FWD,오션 블루,23,23,8233
2024-12,central,NOV,2025,NOV-PR,3.5 가솔린,FWD,선셋 레드,18,18,6587
2024-12,central,NOV,2025,NOV-PR,3.5 가솔린,FWD,포레스트 그린,11,12,4117
2024-12,central,NOV,2025,NOV-PR,3.5 가솔린,FWD,샌드 베이지,11,12,4117
2024-12,central,NOV,2025,NOV-PR,1.6T 하이브리드,AWD,스노우 화이트,23,24,8439
2024-12,central,NOV,2025,NOV-PR,1.6T 하이브리드,AWD,미드나잇 블랙,18,19,6681
2024-12,central,NOV,2025,NOV-PR,1.6T 하이브리드,AWD,스틸 그레이,15,16,5626
2024-12,central,NOV,2025,NOV-PR,1.6T 하이브리드,AWD,실버,13,13,4571
2024-12,central,NOV,2025,NOV-PR,1.6T 하이브리드,AWD,오션 블루,10,10,3516
2024-12,central,NOV,2025,NOV-PR,1.6T 하이브리드,AWD,선셋 레드,8,8,2813
2024-12,central,NOV,2025,NOV-PR,1.6T 하이브리드,AWD,포레스트 그린,5,5,1758
2024-12,central,NOV,2025,NOV-PR,1.6T 하이브리드,AWD,샌드 베이지,5,5,1758
2024-12,central,NOV,2025,NOV-PR,1.6T 하이브리드,FWD,스노우 화이트,34,35,12528
2024-12,central,NOV,2025,NOV-PR,1.6T 하이브리드,FWD,미드나잇 블랙,27,28,9918
2024-12,central,NOV,2025,NOV-PR,1.6T 하이브리드,FWD,스틸 그레이,23,23,8352
2024-12,central,NOV,2025,NOV-PR,1.6T 하이브리드,FWD,실버,19,19,6786
2024-12,central,NOV,2025,NOV-PR,1.6T 하이브리드,FWD,오션 블루,14,15,5220
2024-12,central,NOV,2025,NOV-PR,1.6T 하이브리드,FWD,선셋 레드,11,12,4176
2024-12,central,NOV,2025,NOV-PR,1.6T 하이브리드,FWD,포레스트 그린,7,7,2610
2024-12,central,NOV,2025,NOV-PR,1.6T 하이브리드,FWD,샌드 베이지,7,7,2610
2024-12,central,NOV,2025,NOV-LO,3.5 가솔린,AWD,스노우 화이트,15,15,13621
2024-12,central,NOV,2025,NOV-LO,3.5 가솔린,AWD,미드나잇 블랙,12,12,10783
2024-12,central,NOV,2025,NOV-LO,3.5 가솔린,AWD,스틸 그레이,10,10,9081
2024-12,central,NOV,2025,NOV-LO,3.5 가솔린,AWD,실버,8,8,7378
2024-12,central,NOV,2025,NOV-LO,3.5 가솔린,AWD,오션 블루,6,6,5675
2024-12,central,NOV,2025,NOV-LO,3.5 가솔린,AWD,선셋 레드,5,5,4540
2024-12,central,NOV,2025,NOV-LO,3.5 가솔린,AWD,포레스트 그린,3,3,2838
2024-12,central,NOV,2025,NOV-LO,3.5 가솔린,AWD,샌드 베이지,3,3,2838
2024-12,central,NOV,2025,NOV-LO,3.5 가솔린,FWD,스노우 화이트,22,23,20220
2024-12,central,NOV,2025,NOV-LO,3.5 가솔린,FWD,미드나잇 블랙,18,18,16007
2024-12,central,NOV,2025,NOV-LO,3.5 가솔린,FWD,스틸 그레이,15,15,13480
2024-12,central,NOV,2025,NOV-LO,3.5 가솔린,FWD,실버,12,12,10952
2024-12,central,NOV,2025,NOV-LO,3.5 가솔린,FWD,오션 블루,9,9,8425
2024-12,central,NOV,2025,NOV-LO,3.5 가솔린,FWD,선셋 레드,7,8,6740
2024-12,central,NOV,2025,NOV-LO,3.5 가솔린,FWD,포레스트 그린,5,5,4212
2024-12,central,NOV,2025,NOV-LO,3.5 가솔린,FWD,샌드 베이지,5,5,4212
2024-12,central,NOV,2025,NOV-LO,1.6T 하이브리드,AWD,스노우 화이트,10,10,8635
2024-12,central,NOV,2025,NOV-LO,1.6T 하이브리드,AWD,미드나잇 블랙,8,8,6836
2024-12,central,NOV,2025,NOV-LO,1.6T 하이브리드,AWD,스틸 그레이,6,6,5757
2024-12,central,NOV,2025,NOV-LO,1.6T 하이브리드,AWD,실버,5,5,4678
2024-12,central,NOV,2025,NOV-LO,1.6T 하이브리드,AWD,오션 블루,4,4,3598
2024-12,central,NOV,2025,NOV-LO,1.6T 하이브리드,AWD,선셋 레드,3,3,2878
2024-12,central,NOV,2025,NOV-LO,1.6T 하이브리드,AWD,포레스트 그린,2,2,1799
2024-12,central,NOV,2025,NOV-LO,1.6T 하이브리드,AWD,샌드 베이지,2,2,1799
2024-12,central,NOV,2025,NOV-LO,1.6T 하이브리드,FWD,스노우 화이트,14,14,12819
2024-12,central,NOV,2025,NOV-LO,1.6T 하이브리드,FWD,미드나잇 블랙,11,11,10148
2024-12,central,NOV,2025,NOV-LO,1.6T 하이브리드,FWD,스틸 그레이,9,10,8546
2024-12,central,NOV,2025,NOV-LO,1.6T 하이브리드,FWD,실버,8,8,6944
2024-12,central,NOV,2025,NOV-LO,1.6T 하이브리드,FWD,오션 블루,6,6,5341
2024-12,central,NOV,2025,NOV-LO,1.6T 하이브리드,FWD,선셋 레드,5,5,4273
2024-12,central,NOV,2025,NOV-LO,1.6T 하이브리드,FWD,포레스트 그린,3,3,2671
2024-12,central,NOV,2025,NOV-LO,1.6T 하이브리드,FWD,샌드 베이지,3,3,2671
2024-12,south,NOV,2024,NOV-CO,3.5 가솔린,AWD,스노우 화이트,1,1,70
2024-12,south,NOV,2024,NOV-CO,3.5 가솔린,AWD,미드나잇 블랙,1,1,55
2024-12,south,NOV,2024,NOV-CO,3.5 가솔린,AWD,스틸 그레이,1,1,46
2024-12,south,NOV,2024,NOV-CO,3.5 가솔린,AWD,실버,1,1,38
2024-12,south,NOV,2024,NOV-CO,3.5 가솔린,AWD,오션 블루,1,1,29
2024-12,south,NOV,2024,NOV-CO,3.5 가솔린,FWD,스노우 화이트,4,4,207
2024-12,south,NOV,2024,NOV-CO,3.5 가솔린,FWD,미드나잇 블랙,3,3,164
2024-12,south,NOV,2024,NOV-CO,3.5 가솔린,FWD,스틸 그레이,3,3,138
2024-12,south,NOV,2024,NOV-CO,3.5 가솔린,FWD,실버,2,2,112
2024-12,south,NOV,2024,NOV-CO,3.5 가솔린,FWD,오션 블루,2,2,86
2024-12,south,NOV,2024,NOV-CO,3.5 가솔린,FWD,선셋 레드,1,1,69
2024-12,south,NOV,2024,NOV-CO,3.5 가솔린,FWD,포레스트 그린,1,1,43
2024-12,south,NOV,2024,NOV-CO,3.5 가솔린,FWD,샌드 베이지,1,1,43
2024-12,south,NOV,2024,NOV-CO,1.6T 하이브리드,AWD,스노우 화이트,1,1,44
2024-12,south,NOV,2024,NOV-CO,1.6T 하이브리드,AWD,미드나잇 블랙,1,1,35
2024-12,south,NOV,2024,NOV-CO,1.6T 하이브리드,AWD,스틸 그레이,1,1,29
2024-12,south,NOV,2024,NOV-CO,1.6T 하이브리드,FWD,스노우 화이트,3,3,131
2024-12,south,NOV,2024,NOV-CO,1.6T 하이브리드,FWD,미드나잇 블랙,2,2,104
2024-12,south,NOV,2024,NOV-CO,1.6T 하이브리드,FWD,스틸 그레이,2,2,87
2024-12,south,NOV,2024,NOV-CO,1.6T 하이브리드,FWD,실버,1,1,71
2024-12,south,NOV,2024,NOV-CO,1.6T 하이브리드,FWD,오션 블루,1,1,55
2024-12,south,NOV,2024,NOV-CO,1.6T 하이브리드,FWD,선셋 레드,1,1,44
2024-12,south,NOV,2024,NOV-CO,1.6T 하이브리드,FWD,포레스트 그린,1,1,27
2024-12,south,NOV,2024,NOV-CO,1.6T 하이브리드,FWD,샌드 베이지,1,1,27
2024-12,south,NOV,2024,NOV-PR,3.5 가솔린,AWD,스노우 화이트,2,2,568
2024-12,south,NOV,2024,NOV-PR,3.5 가솔린,AWD,미드나잇 블랙,1,1,449
2024-12,south,NOV,2024,NOV-PR,3.5 가솔린,AWD,스틸 그레이,1,1,378
2024-12,south,NOV,2024,NOV-PR,3.5 가솔린,AWD,실버,1,1,307
2024-12,south,NOV,2024,NOV-PR,3.5 가솔린,AWD,오션 블루,1,1,237
2024-12,south,NOV,2024,NOV-PR,3.5 가솔린,AWD,선셋 레드,1,1,189
2024-12,south,NOV,2024,NOV-PR,3.5 가솔린,FWD,스노우 화이트,5,5,1685
2024-12,south,NOV,2024,NOV-PR,3.5 가솔린,FWD,미드나잇 블랙,4,4,1334
2024-12,south,NOV,2024,NOV-PR,3.5 가솔린,FWD,스틸 그레이,3,3,1123
2024-12,south,NOV,2024,NOV-PR,3.5 가솔린,FWD,실버,3,3,913
2024-12,south,NOV,2024,NOV-PR,3.5 가솔린,FWD,오션 블루,2,2,702
2024-12,south,NOV,2024,NOV-PR,3.5 가솔린,FWD,선셋 레드,2,2,562
2024-12,south,NOV,2024,NOV-PR,3.5 가솔린,FWD,포레스트 그린,1,1,351
2024-12,south,NOV,2024,NOV-PR,3.5 가솔린,FWD,샌드 베이지,1,1,351
2024-12,south,NOV,2024,NOV-PR,1.6T 하이브리드,AWD,스노우 화이트,1,1,360
2024-12,south,NOV,2024,NOV-PR,1.6T 하이브리드,AWD,미드나잇 블랙,1,1,285
2024-12,south,NOV,2024,NOV-PR,1.6T 하이브리드,AWD,스틸 그레이,1,1,240
2024-12,south,NOV,2024,NOV-PR,1.6T 하이브리드,AWD,실버,1,1,195
2024-12,south,NOV,2024,NOV-PR,1.6T 하이브리드,FWD,스노우 화이트,3,3,1068
2024-12,south,NOV,2024,NOV-PR,1.6T 하이브리드,FWD,미드나잇 블랙,2,2,846
2024-12,south,NOV,2024,NOV-PR,1.6T 하이브리드,FWD,스틸 그레이,2,2,712
2024-12,south,NOV,2024,NOV-PR,1.6T 하이브리드,FWD,실버,2,2,579
2024-12,south,NOV,2024,NOV-PR,1.6T 하이브리드,FWD,오션 블루,1,1,445
2024-12,south,NOV,2024,NOV-PR,1.6T 하이브리드,FWD,선셋 레드,1,1,356
2024-12,south,NOV,2024,NOV-PR,1.6T 하이브리드,FWD,포레스트 그린,1,1,223
2024-12,south,NOV,2024,NOV-PR,1.6T 하이브리드,FWD,샌드 베이지,1,1,223
2024-12,south,NOV,2024,NOV-LO,3.5 가솔린,AWD,스노우 화이트,1,1,581
2024-12,south,NOV,2024,NOV-LO,3.5 가솔린,AWD,미드나잇 블랙,1,1,460
2024-12,south,NOV,2024,NOV-LO,3.5 가솔린,FWD,스노우 화이트,2,2,1724
2024-12,south,NOV,2024,NOV-LO,3.5 가솔린,FWD,미드나잇 블랙,2,2,1365
2024-12,south,NOV,2024,NOV-LO,3.5 가솔린,FWD,스틸 그레이,1,1,1149
2024-12,south,NOV,2024,NOV-LO,3.5 가솔린,FWD,실버,1,1,934
2024-12,south,NOV,2024,NOV-LO,3.5 가솔린,FWD,오션 블루,1,1,718
2024-12,south,NOV,2024,NOV-LO,3.5 가솔린,FWD,선셋 레드,1,1,575
2024-12,south,NOV,2024,NOV-LO,1.6T 하이브리드,FWD,스노우 화이트,1,1,1093
2024-12,south,NOV,2024,NOV-LO,1.6T 하이브리드,FWD,미드나잇 블랙,1,1,865
2024-12,south,NOV,2024,NOV-LO,1.6T 하이브리드,FWD,스틸 그레이,1,1,729
2024-12,south,NOV,2024,NOV-LO,1.6T 하이브리드,FWD,실버,1,1,592
2024-12,south,NOV,2024,NOV-LO,1.6T 하이브리드,FWD,오션 블루,1,1,455
2024-12,south,NOV,2025,NOV-CO,3.5 가솔린,AWD,스노우 화이트,26,26,1324
2024-12,south,NOV,2025,NOV-CO,3.5 가솔린,AWD,미드나잇 블랙,20,21,1048
2024-12,south,NOV,2025,NOV-CO,3.5 가솔린,AWD,스틸 그레이,17,17,882
2024-12,south,NOV,2025,NOV-CO,3.5 가솔린,AWD,실버,14,14,717
2024-12,south,NOV,2025,NOV-CO,3.5 가솔린,AWD,오션 블루,11,11,552
2024-12,south,NOV,2025,NOV-CO,3.5 가솔린,AWD,선셋 레드,9,9,441
2024-12,south,NOV,2025,NOV-CO,3.5 가솔린,AWD,포레스트 그린,5,5,276
2024-12,south,NOV,2025,NOV-CO,3.5 가솔린,AWD,샌드 베이지,5,5,276
2024-12,south,NOV,2025,NOV-CO,3.5 가솔린,FWD,스노우 화이트,76,78,3929
2024-12,south,NOV,2025,NOV-CO,3.5 가솔린,FWD,미드나잇 블랙,60,61,3110
2024-12,south,NOV,2025,NOV-CO,3.5 가솔린,FWD,스틸 그레이,51,52,2619
2024-12,south,NOV,2025,NOV-CO,3.5 가솔린,FWD,실버,41,42,2128
2024-12,south,NOV,2025,NOV-CO,3.5 가솔린,FWD,오션 블루,32,32,1637
2024-12,south,NOV,2025,NOV-CO,3.5 가솔린,FWD,선셋 레드,25,26,1310
2024-12,south,NOV,2025,NOV-CO,3.5 가솔린,FWD,포레스트 그린,16,16,819
2024-12,south,NOV,2025,NOV-CO,3.5 가솔린,FWD,샌드 베이지,16,16,819
2024-12,south,NOV,2025,NOV-CO,1.6T 하이브리드,AWD,스노우 화이트,16,17,839
2024-12,south,NOV,2025,NOV-CO,1.6T 하이브리드,AWD,미드나잇 블랙,13,13,664
2024-12,south,NOV,2025,NOV-CO,1.6T 하이브리드,AWD,스틸 그레이,11,11,559
2024-12,south,NOV,2025,NOV-CO,1.6T 하이브리드,AWD,실버,9,9,455
2024-12,south,NOV,2025,NOV-CO,1.6T 하이브리드,AWD,오션 블루,7,7,350
2024-12,south,NOV,2025,NOV-CO,1.6T 하이브리드,AWD,선셋 레드,5,6,280
2024-12,south,NOV,2025,NOV-CO,1.6T 하이브리드,AWD,포레스트 그린,3,3,175
2024-12,south,NOV,2025,NOV-CO,1.6T 하이브리드,AWD,샌드 베이지,3,3,175
2024-12,south,NOV,2025,NOV-CO,1.6T 하이브리드,FWD,스노우 화이트,48,49,2491
2024-12,south,NOV,2025,NOV-CO,1.6T 하이브리드,FWD,미드나잇 블랙,38,39,1972
2024-12,south,NOV,2025,NOV-CO,1.6T 하이브리드,FWD,스틸 그레이,32,33,1661
2024-12,south,NOV,2025,NOV-CO,1.6T 하이브리드,FWD,실버,26,27,1349
2024-12,south,NOV,2025,NOV-CO,1.6T 하이브리드,FWD,오션 블루,20,21,1038
2024-12,south,NOV,2025,NOV-CO,1.6T 하이브리드,FWD,선셋 레드,16,16,830
2024-12,south,NOV,2025,NOV-CO,1.6T 하이브리드,FWD,포레스트 그린,10,10,519
2024-12,south,NOV,2025,NOV-CO,1.6T 하이브리드,FWD,샌드 베이지,10,10,519
2024-12,south,NOV,2025,NOV-PR,3.5 가솔린,AWD,스노우 화이트,30,30,10785
2024-12,south,NOV,2025,NOV-PR,3.5 가솔린,AWD,미드나잇 블랙,23,24,8538
2024-12,south,NOV,2025,NOV-PR,3.5 가솔린,AWD,스틸 그레이,20,20,7190
2024-12,south,NOV,2025,NOV-PR,3.5 가솔린,AWD,실버,16,16,5842
2024-12,south,NOV,2025,NOV-PR,3.5 가솔린,AWD,오션 블루,12,13,4494
2024-12,south,NOV,2025,NOV-PR,3.5 가솔린,AWD,선셋 레드,10,10,3595
2024-12,south,NOV,2025,NOV-PR,3.5 가솔린,AWD,포레스트 그린,6,6,2247
2024-12,south,NOV,2025,NOV-PR,3.5 가솔린,AWD,샌드 베이지,6,6,2247
2024-12,south,NOV,2025,NOV-PR,3.5 가솔린,FWD,스노우 화이트,88,90,32013
2024-12,south,NOV,2025,NOV-PR,3.5 가솔린,FWD,미드나잇 블랙,70,71,25344
2024-12,south,NOV,2025,NOV-PR,3.5 가솔린,FWD,스틸 그레이,59,60,21342
2024-12,south,NOV,2025,NOV-PR,3.5 가솔린,FWD,실버,48,49,17340
2024-12,south,NOV,2025,NOV-PR,3.5 가솔린,FWD,오션 블루,37,37,13339
2024-12,south,NOV,2025,NOV-PR,3.5 가솔린,FWD,선셋 레드,29,30,10671
2024-12,south,NOV,2025,NOV-PR,3.5 가솔린,FWD,포레스트 그린,18,19,6669
2024-12,south,NOV,2025,NOV-PR,3.5 가솔린,FWD,샌드 베이지,18,19,6669
2024-12,south,NOV,2025,NOV-PR,1.6T 하이브리드,AWD,스노우 화이트,19,19,6838
2024-12,south,NOV,2025,NOV-PR,1.6T 하이브리드,AWD,미드나잇 블랙,15,15,5413
2024-12,south,NOV,2025,NOV-PR,1.6T 하이브리드,AWD,스틸 그레이,13,13,4558
2024-12,south,NOV,2025,NOV-PR,1.6T 하이브리드,AWD,실버,10,10,3704
2024-12,south,NOV,2025,NOV-PR,1.6T 하이브리드,AWD,오션 블루,8,8,2849
2024-12,south,NOV,2025,NOV-PR,1.6T 하이브리드,AWD,선셋 레드,6,6,2279
2024-12,south,NOV,2025,NOV-PR,1.6T 하이브리드,AWD,포레스트 그린,4,4,1425
2024-12,south,NOV,2025,NOV-PR,1.6T 하이브리드,AWD,샌드 베이지,4,4,1425
2024-12,south,NOV,2025,NOV-PR,1.6T 하이브리드,FWD,스노우 화이트,56,57,20296
2024-12,south,NOV,2025,NOV-PR,1.6T 하이브리드,FWD,미드나잇 블랙,44,45,16067
2024-12,south,NOV,2025,NOV-PR,1.6T 하이브리드,FWD,스틸 그레이,37,38,13531
2024-12,south,NOV,2025,NOV-PR,1.6T 하이브리드,FWD,실버,30,31,10994
2024-12,south,NOV,2025,NOV-PR,1.6T 하이브리드,FWD,오션 블루,23,24,8457
2024-12,south,NOV,2025,NOV-PR,1.6T 하이브리드,FWD,선셋 레드,19,19,6765
2024-12,south,NOV,2025,NOV-PR,1.6T 하이브리드,FWD,포레스트 그린,12,12,4228
2024-12,south,NOV,2025,NOV-PR,1.6T 하이브리드,FWD,샌드 베이지,12,12,4228
2024-12,south,NOV,2025,NOV-LO,3.5 가솔린,AWD,스노우 화이트,12,12,11036
2024-12,south,NOV,2025,NOV-LO,3.5 가솔린,AWD,미드나잇 블랙,10,10,8737
2024-12,south,NOV,2025,NOV-LO,3.5 가솔린,AWD,스틸 그레이,8,8,7357
2024-12,south,NOV,2025,NOV-LO,3.5 가솔린,AWD,실버,7,7,5978
2024-12,south,NOV,2025,NOV-LO,3.5 가솔린,AWD,오션 블루,5,5,4598
2024-12,south,NOV,2025,NOV-LO,3.5 가솔린,AWD,선셋 레드,4,4,3679
2024-12,south,NOV,2025,NOV-LO,3.5 가솔린,AWD,포레스트 그린,3,3,2299
2024-12,south,NOV,2025,NOV-LO,3.5 가솔린,AWD,샌드 베이지,3,3,2299
2024-12,south,NOV,2025,NOV-LO,3.5 가솔린,FWD,스노우 화이트,36,37,32758
2024-12,south,NOV,2025,NOV-LO,3.5 가솔린,FWD,미드나잇 블랙,29,29,25933
2024-12,south,NOV,2025,NOV-LO,3.5 가솔린,FWD,스틸 그레이,24,25,21838
2024-12,south,NOV,2025,NOV-LO,3.5 가솔린,FWD,실버,20,20,17744
2024-12,south,NOV,2025,NOV-LO,3.5 가솔린,FWD,오션 블루,15,15,13649
2024-12,south,NOV,2025,NOV-LO,3.5 가솔린,FWD,선셋 레드,12,12,10919
2024-12,south,NOV,2025,NOV-LO,3.5 가솔린,FWD,포레스트 그린,8,8,6825
2024-12,south,NOV,2025,NOV-LO,3.5 가솔린,FWD,샌드 베이지,8,8,6825
2024-12,south,NOV,2025,NOV-LO,1.6T 하이브리드,AWD,스노우 화이트,8,8,6997
2024-12,south,NOV,2025,NOV-LO,1.6T 하이브리드,AWD,미드나잇 블랙,6,6,5539
2024-12,south,NOV,2025,NOV-LO,1.6T 하이브리드,AWD,스틸 그레이,5,5,4664
2024-12,south,NOV,2025,NOV-LO,1.6T 하이브리드,AWD,실버,4,4,3790
2024-12,south,NOV,2025,NOV-LO,1.6T 하이브리드,AWD,오션 블루,3,3,2915
2024-12,south,NOV,2025,NOV-LO,1.6T 하이브리드,AWD,선셋 레드,3,3,2332
2024-12,south,NOV,2025,NOV-LO,1.6T 하이브리드,AWD,포레스트 그린,2,2,1458
2024-12,south,NOV,2025,NOV-LO,1.6T 하이브리드,AWD,샌드 베이지,2,2,1458
2024-12,south,NOV,2025,NOV-LO,1.6T 하이브리드,FWD,스노우 화이트,23,23,20768
2024-12,south,NOV,2025,NOV-LO,1.6T 하이브리드,FWD,미드나잇 블랙,18,18,16441
2024-12,south,NOV,2025,NOV-LO,1.6T 하이브리드,FWD,스틸 그레이,15,16,13845
2024-12,south,NOV,2025,NOV-LO,1.6T 하이브리드,FWD,실버,12,13,11249
2024-12,south,NOV,2025,NOV-LO,1.6T 하이브리드,FWD,오션 블루,10,10,8653
2024-12,south,NOV,2025,NOV-LO,1.6T 하이브리드,FWD,선셋 레드,8,8,6923
2024-12,south,NOV,2025,NOV-LO,1.6T 하이브리드,FWD,포레스트 그린,5,5,4327
2024-12,south,NOV,2025,NOV-LO,1.6T 하이브리드,FWD,샌드 베이지,5,5,4327
2024-12,northeast,NOV,2024,NOV-CO,3.5 가솔린,AWD,스노우 화이트,2,2,97
2024-12,northeast,NOV,2024,NOV-CO,3.5 가솔린,AWD,미드나잇 블랙,1,2,77
2024-12,northeast,NOV,2024,NOV-CO,3.5 가솔린,AWD,스틸 그레이,1,1,65
2024-12,northeast,NOV,2024,NOV-CO,3.5 가솔린,AWD,실버,1,1,53
2024-12,northeast,NOV,2024,NOV-CO,3.5 가솔린,AWD,오션 블루,1,1,40
2024-12,northeast,NOV,2024,NOV-CO,3.5 가솔린,AWD,선셋 레드,1,1,32
2024-12,northeast,NOV,2024,NOV-CO,3.5 가솔린,FWD,스노우 화이트,2,2,116
2024-12,northeast,NOV,2024,NOV-CO,3.5 가솔린,FWD,미드나잇 블랙,2,2,92
2024-12,northeast,NOV,2024,NOV-CO,3.5 가솔린,FWD,스틸 그레이,2,2,78
2024-12,northeast,NOV,2024,NOV-CO,3.5 가솔린,FWD,실버,1,1,63
2024-12,northeast,NOV,2024,NOV-CO,3.5 가솔린,FWD,오션 블루,1,1,49
2024-12,northeast,NOV,2024,NOV-CO,3.5 가솔린,FWD,선셋 레드,1,1,39
2024-12,northeast,NOV,2024,NOV-CO,1.6T 하이브리드,AWD,스노우 화이트,1,1,62
2024-12,northeast,NOV,2024,NOV-CO,1.6T 하이브리드,AWD,미드나잇 블랙,1,1,49
2024-12,northeast,NOV,2024,NOV-CO,1.6T 하이브리드,AWD,스틸 그레이,1,1,41
2024-12,northeast,NOV,2024,NOV-CO,1.6T 하이브리드,AWD,실버,1,1,33
2024-12,northeast,NOV,2024,NOV-CO,1.6T 하이브리드,FWD,스노우 화이트,1,1,74
2024-12,northeast,NOV,2024,NOV-CO,1.6T 하이브리드,FWD,미드나잇 블랙,1,1,58
2024-12,northeast,NOV,2024,NOV-CO,1.6T 하이브리드,FWD,스틸 그레이,1,1,49
2024-12,northeast,NOV,2024,NOV-CO,1.6T 하이브리드,FWD,실버,1,1,40
2024-12,northeast,NOV,2024,NOV-CO,1.6T 하이브리드,FWD,오션 블루,1,1,31
2024-12,northeast,NOV,2024,NOV-PR,3.5 가솔린,AWD,스노우 화이트,2,2,792
2024-12,northeast,NOV,2024,NOV-PR,3.5 가솔린,AWD,미드나잇 블랙,2,2,627
2024-12,northeast,NOV,2024,NOV-PR,3.5 가솔린,AWD,스틸 그레이,1,1,528
2024-12,northeast,NOV,2024,NOV-PR,3.5 가솔린,AWD,실버,1,1,429
2024-12,northeast,NOV,2024,NOV-PR,3.5 가솔린,AWD,오션 블루,1,1,330
2024-12,northeast,NOV,2024,NOV-PR,3.5 가솔린,AWD,선셋 레드,1,1,264
2024-12,northeast,NOV,2024,NOV-PR,3.5 가솔린,FWD,스노우 화이트,3,3,949
2024-12,northeast,NOV,2024,NOV-PR,3.5 가솔린,FWD,미드나잇 블랙,2,2,751
2024-12,northeast,NOV,2024,NOV-PR,3.5 가솔린,FWD,스틸 그레이,2,2,632
2024-12,northeast,NOV,2024,NOV-PR,3.5 가솔린,FWD,실버,1,1,514
2024-12,northeast,NOV,2024,NOV-PR,3.5 가솔린,FWD,오션 블루,1,1,395
2024-12,northeast,NOV,2024,NOV-PR,3.5 가솔린,FWD,선셋 레드,1,1,316
2024-12,northeast,NOV,2024,NOV-PR,3.5 가솔린,FWD,포레스트 그린,1,1,198
2024-12,northeast,NOV,2024,NOV-PR,3.5 가솔린,FWD,샌드 베이지,1,1,198
2024-12,northeast,NOV,2024,NOV-PR,1.6T 하이브리드,AWD,스노우 화이트,1,1,502
2024-12,northeast,NOV,2024,NOV-PR,1.6T 하이브리드,AWD,미드나잇 블랙,1,1,397
2024-12,northeast,NOV,2024,NOV-PR,1.6T 하이브리드,AWD,스틸 그레이,1,1,335
2024-12,northeast,NOV,2024,NOV-PR,1.6T 하이브리드,AWD,실버,1,1,272
2024-12,northeast,NOV,2024,NOV-PR,1.6T 하이브리드,AWD,오션 블루,1,1,209
2024-12,northeast,NOV,2024,NOV-PR,1.6T 하이브리드,FWD,스노우 화이트,2,2,601
2024-12,northeast,NOV,2024,NOV-PR,1.6T 하이브리드,FWD,미드나잇 블랙,1,1,476
2024-12,northeast,NOV,2024,NOV-PR,1.6T 하이브리드,FWD,스틸 그레이,1,1,401
2024-12,northeast,NOV,2024,NOV-PR,1.6T 하이브리드,FWD,실버,1,1,326
2024-12,northeast,NOV,2024,NOV-PR,1.6T 하이브리드,FWD,오션 블루,1,1,251
2024-12,northeast,NOV,2024,NOV-PR,1.6T 하이브리드,FWD,선셋 레드,1,1,200
2024-12,northeast,NOV,2024,NOV-LO,3.5 가솔린,AWD,스노우 화이트,1,1,810
2024-12,northeast,NOV,2024,NOV-LO,3.5 가솔린,AWD,미드나잇 블랙,1,1,642
2024-12,northeast,NOV,2024,NOV-LO,3.5 가솔린,AWD,스틸 그레이,1,1,540
2024-12,northeast,NOV,2024,NOV-LO,3.5 가솔린,FWD,스노우 화이트,1,1,971
2024-12,northeast,NOV,2024,NOV-LO,3.5 가솔린,FWD,미드나잇 블랙,1,1,768
2024-12,northeast,NOV,2024,NOV-LO,3.5 가솔린,FWD,스틸 그레이,1,1,647
2024-12,northeast,NOV,2024,NOV-LO,3.5 가솔린,FWD,실버,1,1,526
2024-12,northeast,NOV,2024,NOV-LO,1.6T 하이브리드,AWD,스노우 화이트,1,1,514
2024-12,northeast,NOV,2024,NOV-LO,1.6T 하이브리드,FWD,스노우 화이트,1,1,615
2024-12,northeast,NOV,2024,NOV-LO,1.6T 하이브리드,FWD,미드나잇 블랙,1,1,487
2024-12,northeast,NOV,2025,NOV-CO,3.5 가솔린,AWD,스노우 화이트,36,36,1847
2024-12,northeast,NOV,2025,NOV-CO,3.5 가솔린,AWD,미드나잇 블랙,28,29,1462
2024-12,northeast,NOV,2025,NOV-CO,3.5 가솔린,AWD,스틸 그레이,24,24,1231
2024-12,northeast,NOV,2025,NOV-CO,3.5 가솔린,AWD,실버,19,20,1000
2024-12,northeast,NOV,2025,NOV-CO,3.5 가솔린,AWD,오션 블루,15,15,769
2024-12,northeast,NOV,2025,NOV-CO,3.5 가솔린,AWD,선셋 레드,12,12,616
2024-12,northeast,NOV,2025,NOV-CO,3.5 가솔린,AWD,포레스트 그린,7,8,385
2024-12,northeast,NOV,2025,NOV-CO,3.5 가솔린,AWD,샌드 베이지,7,8,385
2024-12,northeast,NOV,2025,NOV-CO,3.5 가솔린,FWD,스노우 화이트,43,44,2212
2024-12,northeast,NOV,2025,NOV-CO,3.5 가솔린,FWD,미드나잇 블랙,34,35,1751
2024-12,northeast,NOV,2025,NOV-CO,3.5 가솔린,FWD,스틸 그레이,29,29,1475
2024-12,northeast,NOV,2025,NOV-CO,3.5 가솔린,FWD,실버,23,24,1198
2024-12,northeast,NOV,2025,NOV-CO,3.5 가솔린,FWD,오션 블루,18,18,922
2024-12,northeast,NOV,2025,NOV-CO,3.5 가솔린,FWD,선셋 레드,14,15,737
2024-12,northeast,NOV,2025,NOV-CO,3.5 가솔린,FWD,포레스트 그린,9,9,461
2024-12,northeast,NOV,2025,NOV-CO,3.5 가솔린,FWD,샌드 베이지,9,9,461
2024-12,northeast,NOV,2025,NOV-CO,1.6T 하이브리드,AWD,스노우 화이트,23,23,1171
2024-12,northeast,NOV,2025,NOV-CO,1.6T 하이브리드,AWD,미드나잇 블랙,18,18,927
2024-12,northeast,NOV,2025,NOV-CO,1.6T 하이브리드,AWD,스틸 그레이,15,15,781
2024-12,northeast,NOV,2025,NOV-CO,1.6T 하이브리드,AWD,실버,12,13,634
2024-12,northeast,NOV,2025,NOV-CO,1.6T 하이브리드,AWD,오션 블루,9,10,488
2024-12,northeast,NOV,2025,NOV-CO,1.6T 하이브리드,AWD,선셋 레드,8,8,390
2024-12,northeast,NOV,2025,NOV-CO,1.6T 하이브리드,AWD,포레스트 그린,5,5,244
2024-12,northeast,NOV,2025,NOV-CO,1.6T 하이브리드,AWD,샌드 베이지,5,5,244
2024-12,northeast,NOV,2025,NOV-CO,1.6T 하이브리드,FWD,스노우 화이트,27,28,1402
2024-12,northeast,NOV,2025,NOV-CO,1.6T 하이브리드,FWD,미드나잇 블랙,22,22,1110
2024-12,northeast,NOV,2025,NOV-CO,1.6T 하이브리드,FWD,스틸 그레이,18,18,935
2024-12,northeast,NOV,2025,NOV-CO,1.6T 하이브리드,FWD,실버,15,15,760
2024-12,northeast,NOV,2025,NOV-CO,1.6T 하이브리드,FWD,오션 블루,11,12,584
2024-12,northeast,NOV,2025,NOV-CO,1.6T 하이브리드,FWD,선셋 레드,9,9,467
2024-12,northeast,NOV,2025,NOV-CO,1.6T 하이브리드,FWD,포레스트 그린,6,6,292
2024-12,northeast,NOV,2025,NOV-CO,1.6T 하이브리드,FWD,샌드 베이지,6,6,292
2024-12,northeast,NOV,2025,NOV-PR,3.5 가솔린,AWD,스노우 화이트,41,42,15047
2024-12,northeast,NOV,2025,NOV-PR,3.5 가솔린,AWD,미드나잇 블랙,33,33,11913
2024-12,northeast,NOV,2025,NOV-PR,3.5 가솔린,AWD,스틸 그레이,28,28,10032
2024-12,northeast,NOV,2025,NOV-PR,3.5 가솔린,AWD,실버,22,23,8151
2024-12,northeast,NOV,2025,NOV-PR,3.5 가솔린,AWD,오션 블루,17,18,6270
2024-12,northeast,NOV,2025,NOV-PR,3.5 가솔린,AWD,선셋 레드,14,14,5016
2024-12,northeast,NOV,2025,NOV-PR,3.5 가솔린,AWD,포레스트 그린,9,9,3135
2024-12,northeast,NOV,2025,NOV-PR,3.5 가솔린,AWD,샌드 베이지,9,9,3135
2024-12,northeast,NOV,2025,NOV-PR,3.5 가솔린,FWD,스노우 화이트,50,51,18024
2024-12,northeast,NOV,2025,NOV-PR,3.5 가솔린,FWD,미드나잇 블랙,39,40,14269
2024-12,northeast,NOV,2025,NOV-PR,3.5 가솔린,FWD,스틸 그레이,33,34,12016
2024-12,northeast,NOV,2025,NOV-PR,3.5 가솔린,FWD,실버,27,27,9763
2024-12,northeast,NOV,2025,NOV-PR,3.5 가솔린,FWD,오션 블루,21,21,7510
2024-12,northeast,NOV,2025,NOV-PR,3.5 가솔린,FWD,선셋 레드,17,17,6008
2024-12,northeast,NOV,2025,NOV-PR,3.5 가솔린,FWD,포레스트 그린,10,11,3755
2024-12,northeast,NOV,2025,NOV-PR,3.5 가솔린,FWD,샌드 베이지,10,11,3755
2024-12,northeast,NOV,2025,NOV-PR,1.6T 하이브리드,AWD,스노우 화이트,26,27,9540
2024-12,northeast,NOV,2025,NOV-PR,1.6T 하이브리드,AWD,미드나잇 블랙,21,21,7552
2024-12,northeast,NOV,2025,NOV-PR,1.6T 하이브리드,AWD,스틸 그레이,18,18,6360
2024-12,northeast,NOV,2025,NOV-PR,1.6T 하이브리드,AWD,실버,14,15,5167
2024-12,northeast,NOV,2025,NOV-PR,1.6T 하이브리드,AWD,오션 블루,11,11,3975
2024-12,northeast,NOV,2025,NOV-PR,1.6T 하이브리드,AWD,선셋 레드,9,9,3180
2024-12,northeast,NOV,2025,NOV-PR,1.6T 하이브리드,AWD,포레스트 그린,5,6,1987
2024-12,northeast,NOV,2025,NOV-PR,1.6T 하이브리드,AWD,샌드 베이지,5,6,1987
2024-12,northeast,NOV,2025,NOV-PR,1.6T 하이브리드,FWD,스노우 화이트,31,32,11427
2024-12,northeast,NOV,2025,NOV-PR,1.6T 하이브리드,FWD,미드나잇 블랙,25,25,9046
2024-12,northeast,NOV,2025,NOV-PR,1.6T 하이브리드,FWD,스틸 그레이,21,21,7618
2024-12,northeast,NOV,2025,NOV-PR,1.6T 하이브리드,FWD,실버,17,17,6190
2024-12,northeast,NOV,2025,NOV-PR,1.6T 하이브리드,FWD,오션 블루,13,13,4761
2024-12,northeast,NOV,2025,NOV-PR,1.6T 하이브리드,FWD,선셋 레드,10,11,3809
2024-12,northeast,NOV,2025,NOV-PR,1.6T 하이브리드,FWD,포레스트 그린,7,7,2381
2024-12,northeast,NOV,2025,NOV-PR,1.6T 하이브리드,FWD,샌드 베이지,7,7,2381
2024-12,northeast,NOV,2025,NOV-LO,3.5 가솔린,AWD,스노우 화이트,17,17,15397
2024-12,northeast,NOV,2025,NOV-LO,3.5 가솔린,AWD,미드나잇 블랙,13,14,12190
2024-12,northeast,NOV,2025,NOV-LO,3.5 가솔린,AWD,스틸 그레이,11,12,10265
2024-12,northeast,NOV,2025,NOV-LO,3.5 가솔린,AWD,실버,9,9,8340
2024-12,northeast,NOV,2025,NOV-LO,3.5 가솔린,AWD,오션 블루,7,7,6416
2024-12,northeast,NOV,2025,NOV-LO,3.5 가솔린,AWD,선셋 레드,6,6,5132
2024-12,northeast,NOV,2025,NOV-LO,3.5 가솔린,AWD,포레스트 그린,4,4,3208
2024-12,northeast,NOV,2025,NOV-LO,3.5 가솔린,AWD,샌드 베이지,4,4,3208
2024-12,northeast,NOV,2025,NOV-LO,3.5 가솔린,FWD,스노우 화이트,20,21,18443
2024-12,northeast,NOV,2025,NOV-LO,3.5 가솔린,FWD,미드나잇 블랙,16,16,14601
2024-12,northeast,NOV,2025,NOV-LO,3.5 가솔린,FWD,스틸 그레이,14,14,12295
2024-12,northeast,NOV,2025,NOV-LO,3.5 가솔린,FWD,실버,11,11,9990
2024-12,northeast,NOV,2025,NOV-LO,3.5 가솔린,FWD,오션 블루,8,9,7685
2024-12,northeast,NOV,2025,NOV-LO,3.5 가솔린,FWD,선셋 레드,7,7,6148
2024-12,northeast,NOV,2025,NOV-LO,3.5 가솔린,FWD,포레스트 그린,4,4,3842
2024-12,northeast,NOV,2025,NOV-LO,3.5 가솔린,FWD,샌드 베이지,4,4,3842
2024-12,northeast,NOV,2025,NOV-LO,1.6T 하이브리드,AWD,스노우 화이트,11,11,9762
2024-12,northeast,NOV,2025,NOV-LO,1.6T 하이브리드,AWD,미드나잇 블랙,9,9,7728
2024-12,northeast,NOV,2025,NOV-LO,1.6T 하이브리드,AWD,스틸 그레이,7,7,6508
2024-12,northeast,NOV,2025,NOV-LO,1.6T 하이브리드,AWD,실버,6,6,5288
2024-12,northeast,NOV,2025,NOV-LO,1.6T 하이브리드,AWD,오션 블루,4,5,4067
2024-12,northeast,NOV,2025,NOV-LO,1.6T 하이브리드,AWD,선셋 레드,4,4,3254
2024-12,northeast,NOV,2025,NOV-LO,1.6T 하이브리드,AWD,포레스트 그린,2,2,2034
2024-12,northeast,NOV,2025,NOV-LO,1.6T 하이브리드,AWD,샌드 베이지,2,2,2034
2024-12,northeast,NOV,2025,NOV-LO,1.6T 하이브리드,FWD,스노우 화이트,13,13,11693
2024-12,northeast,NOV,2025,NOV-LO,1.6T 하이브리드,FWD,미드나잇 블랙,10,10,9257
2024-12,northeast,NOV,2025,NOV-LO,1.6T 하이브리드,FWD,스틸 그레이,9,9,7795
2024-12,northeast,NOV,2025,NOV-LO,1.6T 하이브리드,FWD,실버,7,7,6334
2024-12,northeast,NOV,2025,NOV-LO,1.6T 하이브리드,FWD,오션 블루,5,5,4872
2024-12,northeast,NOV,2025,NOV-LO,1.6T 하이브리드,FWD,선셋 레드,4,4,3898
2024-12,northeast,NOV,2025,NOV-LO,1.6T 하이브리드,FWD,포레스트 그린,3,3,2436
2024-12,northeast,NOV,2025,NOV-LO,1.6T 하이브리드,FWD,샌드 베이지,3,3,2436
2024-12,southeast,NOV,2024,NOV-CO,3.5 가솔린,AWD,스노우 화이트,1,1,67
2024-12,southeast,NOV,2024,NOV-CO,3.5 가솔린,AWD,미드나잇 블랙,1,1,53
2024-12,southeast,NOV,2024,NOV-CO,3.5 가솔린,AWD,스틸 그레이,1,1,45
2024-12,southeast,NOV,2024,NOV-CO,3.5 가솔린,AWD,실버,1,1,36
2024-12,southeast,NOV,2024,NOV-CO,3.5 가솔린,AWD,오션 블루,1,1,28
2024-12,southeast,NOV,2024,NOV-CO,3.5 가솔린,FWD,스노우 화이트,3,3,159
2024-12,southeast,NOV,2024,NOV-CO,3.5 가솔린,FWD,미드나잇 블랙,2,2,126
2024-12,southeast,NOV,2024,NOV-CO,3.5 가솔린,FWD,스틸 그레이,2,2,106
2024-12,southeast,NOV,2024,NOV-CO,3.5 가솔린,FWD,실버,2,2,86
2024-12,southeast,NOV,2024,NOV-CO,3.5 가솔린,FWD,오션 블루,1,1,66
2024-12,southeast,NOV,2024,NOV-CO,3.5 가솔린,FWD,선셋 레드,1,1,53
2024-12,southeast,NOV,2024,NOV-CO,3.5 가솔린,FWD,포레스트 그린,1,1,33
2024-12,southeast,NOV,2024,NOV-CO,3.5 가솔린,FWD,샌드 베이지,1,1,33
2024-12,southeast,NOV,2024,NOV-CO,1.6T 하이브리드,AWD,스노우 화이트,1,1,43
2024-12,southeast,NOV,2024,NOV-CO,1.6T 하이브리드,AWD,미드나잇 블랙,1,1,34
2024-12,southeast,NOV,2024,NOV-CO,1.6T 하이브리드,AWD,스틸 그레이,1,1,28
2024-12,southeast,NOV,2024,NOV-CO,1.6T 하이브리드,FWD,스노우 화이트,2,2,101
2024-12,southeast,NOV,2024,NOV-CO,1.6T 하이브리드,FWD,미드나잇 블랙,2,2,80
2024-12,southeast,NOV,2024,NOV-CO,1.6T 하이브리드,FWD,스틸 그레이,1,1,67
2024-12,southeast,NOV,2024,NOV-CO,1.6T 하이브리드,FWD,실버,1,1,55
2024-12,southeast,NOV,2024,NOV-CO,1.6T 하이브리드,FWD,오션 블루,1,1,42
2024-12,southeast,NOV,2024,NOV-CO,1.6T 하이브리드,FWD,선셋 레드,1,1,34
2024-12,southeast,NOV,2024,NOV-PR,3.5 가솔린,AWD,스노우 화이트,2,2,548
2024-12,southeast,NOV,2024,NOV-PR,3.5 가솔린,AWD,미드나잇 블랙,1,1,434
2024-12,southeast,NOV,2024,NOV-PR,3.5 가솔린,AWD,스틸 그레이,1,1,366
2024-12,southeast,NOV,2024,NOV-PR,3.5 가솔린,AWD,실버,1,1,297
2024-12,southeast,NOV,2024,NOV-PR,3.5 가솔린,AWD,오션 블루,1,1,228
2024-12,southeast,NOV,2024,NOV-PR,3.5 가솔린,AWD,선셋 레드,1,1,183
2024-12,southeast,NOV,2024,NOV-PR,3.5 가솔린,FWD,스노우 화이트,4,4,1295
2024-12,southeast,NOV,2024,NOV-PR,3.5 가솔린,FWD,미드나잇 블랙,3,3,1025
2024-12,southeast,NOV,2024,NOV-PR,3.5 가솔린,FWD,스틸 그레이,2,2,863
2024-12,southeast,NOV,2024,NOV-PR,3.5 가솔린,FWD,실버,2,2,701
2024-12,southeast,NOV,2024,NOV-PR,3.5 가솔린,FWD,오션 블루,1,2,539
2024-12,southeast,NOV,2024,NOV-PR,3.5 가솔린,FWD,선셋 레드,1,1,432
2024-12,southeast,NOV,2024,NOV-PR,3.5 가솔린,FWD,포레스트 그린,1,1,270
2024-12,southeast,NOV,2024,NOV-PR,3.5 가솔린,FWD,샌드 베이지,1,1,270
2024-12,southeast,NOV,2024,NOV-PR,1.6T 하이브리드,AWD,스노우 화이트,1,1,348
2024-12,southeast,NOV,2024,NOV-PR,1.6T 하이브리드,AWD,미드나잇 블랙,1,1,275
2024-12,southeast,NOV,2024,NOV-PR,1.6T 하이브리드,AWD,스틸 그레이,1,1,232
2024-12,southeast,NOV,2024,NOV-PR,1.6T 하이브리드,AWD,실버,1,1,188
2024-12,southeast,NOV,2024,NOV-PR,1.6T 하이브리드,FWD,스노우 화이트,2,2,821
2024-12,southeast,NOV,2024,NOV-PR,1.6T 하이브리드,FWD,미드나잇 블랙,2,2,650
2024-12,southeast,NOV,2024,NOV-PR,1.6T 하이브리드,FWD,스틸 그레이,2,2,547
2024-12,southeast,NOV,2024,NOV-PR,1.6T 하이브리드,FWD,실버,1,1,445
2024-12,southeast,NOV,2024,NOV-PR,1.6T 하이브리드,FWD,오션 블루,1,1,342
2024-12,southeast,NOV,2024,NOV-PR,1.6T 하이브리드,FWD,선셋 레드,1,1,274
2024-12,southeast,NOV,2024,NOV-LO,3.5 가솔린,AWD,스노우 화이트,1,1,561
2024-12,southeast,NOV,2024,NOV-LO,3.5 가솔린,FWD,스노우 화이트,1,1,1325
2024-12,southeast,NOV,2024,NOV-LO,3.5 가솔린,FWD,미드나잇 블랙,1,1,1049
2024-12,southeast,NOV,2024,NOV-LO,3.5 가솔린,FWD,스틸 그레이,1,1,883
2024-12,southeast,NOV,2024,NOV-LO,3.5 가솔린,FWD,실버,1,1,718
2024-12,southeast,NOV,2024,NOV-LO,3.5 가솔린,FWD,오션 블루,1,1,552
2024-12,southeast,NOV,2024,NOV-LO,1.6T 하이브리드,FWD,스노우 화이트,1,1,840
2024-12,southeast,NOV,2024,NOV-LO,1.6T 하이브리드,FWD,미드나잇 블랙,1,1,665
2024-12,southeast,NOV,2024,NOV-LO,1.6T 하이브리드,FWD,스틸 그레이,1,1,560
2024-12,southeast,NOV,2024,NOV-LO,1.6T 하이브리드,FWD,실버,1,1,455
2024-12,southeast,NOV,2025,NOV-CO,3.5 가솔린,AWD,스노우 화이트,25,25,1278
2024-12,southeast,NOV,2025,NOV-CO,3.5 가솔린,AWD,미드나잇 블랙,20,20,1012
2024-12,southeast,NOV,2025,NOV-CO,3.5 가솔린,AWD,스틸 그레이,17,17,852
2024-12,southeast,NOV,2025,NOV-CO,3.5 가솔린,AWD,실버,13,14,693
2024-12,southeast,NOV,2025,NOV-CO,3.5 가솔린,AWD,오션 블루,10,11,533
2024-12,southeast,NOV,2025,NOV-CO,3.5 가솔린,AWD,선셋 레드,8,8,426
2024-12,southeast,NOV,2025,NOV-CO,3.5 가솔린,AWD,포레스트 그린,5,5,266
2024-12,southeast,NOV,2025,NOV-CO,3.5 가솔린,AWD,샌드 베이지,5,5,266
2024-12,southeast,NOV,2025,NOV-CO,3.5 가솔린,FWD,스노우 화이트,58,60,3019
2024-12,southeast,NOV,2025,NOV-CO,3.5 가솔린,FWD,미드나잇 블랙,46,47,2390
2024-12,southeast,NOV,2025,NOV-CO,3.5 가솔린,FWD,스틸 그레이,39,40,2013
2024-12,southeast,NOV,2025,NOV-CO,3.5 가솔린,FWD,실버,32,32,1635
2024-12,southeast,NOV,2025,NOV-CO,3.5 가솔린,FWD,오션 블루,24,25,1258
2024-12,southeast,NOV,2025,NOV-CO,3.5 가솔린,FWD,선셋 레드,19,20,1006
2024-12,southeast,NOV,2025,NOV-CO,3.5 가솔린,FWD,포레스트 그린,12,12,629
2024-12,southeast,NOV,2025,NOV-CO,3.5 가솔린,FWD,샌드 베이지,12,12,629
2024-12,southeast,NOV,2025,NOV-CO,1.6T 하이브리드,AWD,스노우 화이트,16,16,811
2024-12,southeast,NOV,2025,NOV-CO,1.6T 하이브리드,AWD,미드나잇 블랙,12,13,642
2024-12,southeast,NOV,2025,NOV-CO,1.6T 하이브리드,AWD,스틸 그레이,10,11,540
2024-12,southeast,NOV,2025,NOV-CO,1.6T 하이브리드,AWD,실버,9,9,439
2024-12,southeast,NOV,2025,NOV-CO,1.6T 하이브리드,AWD,오션 블루,7,7,338
2024-12,southeast,NOV,2025,NOV-CO,1.6T 하이브리드,AWD,선셋 레드,5,5,270
2024-12,southeast,NOV,2025,NOV-CO,1.6T 하이브리드,AWD,포레스트 그린,3,3,169
2024-12,southeast,NOV,2025,NOV-CO,1.6T 하이브리드,AWD,샌드 베이지,3,3,169
2024-12,southeast,NOV,2025,NOV-CO,1.6T 하이브리드,FWD,스노우 화이트,37,38,1914
2024-12,southeast,NOV,2025,NOV-CO,1.6T 하이브리드,FWD,미드나잇 블랙,29,30,1515
2024-12,southeast,NOV,2025,NOV-CO,1.6T 하이브리드,FWD,스틸 그레이,25,25,1276
2024-12,southeast,NOV,2025,NOV-CO,1.6T 하이브리드,FWD,실버,20,20,1037
2024-12,southeast,NOV,2025,NOV-CO,1.6T 하이브리드,FWD,오션 블루,15,16,797
2024-12,southeast,NOV,2025,NOV-CO,1.6T 하이브리드,FWD,선셋 레드,12,13,638
2024-12,southeast,NOV,2025,NOV-CO,1.6T 하이브리드,FWD,포레스트 그린,8,8,399
2024-12,southeast,NOV,2025,NOV-CO,1.6T 하이브리드,FWD,샌드 베이지,8,8,399
2024-12,southeast,NOV,2025,NOV-PR,3.5 가솔린,AWD,스노우 화이트,29,29,10417
2024-12,southeast,NOV,2025,NOV-PR,3.5 가솔린,AWD,미드나잇 블랙,23,23,8247
2024-12,southeast,NOV,2025,NOV-PR,3.5 가솔린,AWD,스틸 그레이,19,19,6945
2024-12,southeast,NOV,2025,NOV-PR,3.5 가솔린,AWD,실버,16,16,5643
2024-12,southeast,NOV,2025,NOV-PR,3.5 가솔린,AWD,오션 블루,12,12,4341
2024-12,southeast,NOV,2025,NOV-PR,3.5 가솔린,AWD,선셋 레드,10,10,3472
2024-12,southeast,NOV,2025,NOV-PR,3.5 가솔린,AWD,포레스트 그린,6,6,2170
2024-12,southeast,NOV,2025,NOV-PR,3.5 가솔린,AWD,샌드 베이지,6,6,2170
2024-12,southeast,NOV,2025,NOV-PR,3.5 가솔린,FWD,스노우 화이트,68,69,24599
2024-12,southeast,NOV,2025,NOV-PR,3.5 가솔린,FWD,미드나잇 블랙,54,55,19474
2024-12,southeast,NOV,2025,NOV-PR,3.5 가솔린,FWD,스틸 그레이,45,46,16399
2024-12,southeast,NOV,2025,NOV-PR,3.5 가솔린,FWD,실버,37,37,13325
2024-12,southeast,NOV,2025,NOV-PR,3.5 가솔린,FWD,오션 블루,28,29,10250
2024-12,southeast,NOV,2025,NOV-PR,3.5 가솔린,FWD,선셋 레드,23,23,8200
2024-12,southeast,NOV,2025,NOV-PR,3.5 가솔린,FWD,포레스트 그린,14,14,5125
2024-12,southeast,NOV,2025,NOV-PR,3.5 가솔린,FWD,샌드 베이지,14,14,5125
2024-12,southeast,NOV,2025,NOV-PR,1.6T 하이브리드,AWD,스노우 화이트,18,19,6605
2024-12,southeast,NOV,2025,NOV-PR,1.6T 하이브리드,AWD,미드나잇 블랙,14,15,5229
2024-12,southeast,NOV,2025,NOV-PR,1.6T 하이브리드,AWD,스틸 그레이,12,12,4403
2024-12,southeast,NOV,2025,NOV-PR,1.6T 하이브리드,AWD,실버,10,10,3577
2024-12,southeast,NOV,2025,NOV-PR,1.6T 하이브리드,AWD,오션 블루,8,8,2752
2024-12,southeast,NOV,2025,NOV-PR,1.6T 하이브리드,AWD,선셋 레드,6,6,2202
2024-12,southeast,NOV,2025,NOV-PR,1.6T 하이브리드,AWD,포레스트 그린,4,4,1376
2024-12,southeast,NOV,2025,NOV-PR,1.6T 하이브리드,AWD,샌드 베이지,4,4,1376
2024-12,southeast,NOV,2025,NOV-PR,1.6T 하이브리드,FWD,스노우 화이트,43,44,15596
2024-12,southeast,NOV,2025,NOV-PR,1.6T 하이브리드,FWD,미드나잇 블랙,34,35,12346
2024-12,southeast,NOV,2025,NOV-PR,1.6T 하이브리드,FWD,스틸 그레이,29,29,10397
2024-12,southeast,NOV,2025,NOV-PR,1.6T 하이브리드,FWD,실버,23,24,8448
2024-12,southeast,NOV,2025,NOV-PR,1.6T 하이브리드,FWD,오션 블루,18,18,6498
2024-12,southeast,NOV,2025,NOV-PR,1.6T 하이브리드,FWD,선셋 레드,14,15,5199
2024-12,southeast,NOV,2025,NOV-PR,1.6T 하이브리드,FWD,포레스트 그린,9,9,3249
2024-12,southeast,NOV,2025,NOV-PR,1.6T 하이브리드,FWD,샌드 베이지,9,9,3249
2024-12,southeast,NOV,2025,NOV-LO,3.5 가솔린,AWD,스노우 화이트,12,12,10660
2024-12,southeast,NOV,2025,NOV-LO,3.5 가솔린,AWD,미드나잇 블랙,9,9,8439
2024-12,southeast,NOV,2025,NOV-LO,3.5 가솔린,AWD,스틸 그레이,8,8,7107
2024-12,southeast,NOV,2025,NOV-LO,3.5 가솔린,AWD,실버,6,6,5774
2024-12,southeast,NOV,2025,NOV-LO,3.5 가솔린,AWD,오션 블루,5,5,4442
2024-12,southeast,NOV,2025,NOV-LO,3.5 가솔린,AWD,선셋 레드,4,4,3553
2024-12,southeast,NOV,2025,NOV-LO,3.5 가솔린,AWD,포레스트 그린,2,2,2221
2024-12,southeast,NOV,2025,NOV-LO,3.5 가솔린,AWD,샌드 베이지,2,2,2221
2024-12,southeast,NOV,2025,NOV-LO,3.5 가솔린,FWD,스노우 화이트,28,28,25171
2024-12,southeast,NOV,2025,NOV-LO,3.5 가솔린,FWD,미드나잇 블랙,22,22,19927
2024-12,southeast,NOV,2025,NOV-LO,3.5 가솔린,FWD,스틸 그레이,18,19,16781
2024-12,southeast,NOV,2025,NOV-LO,3.5 가솔린,FWD,실버,15,15,13635
2024-12,southeast,NOV,2025,NOV-LO,3.5 가솔린,FWD,오션 블루,12,12,10488
2024-12,southeast,NOV,2025,NOV-LO,3.5 가솔린,FWD,선셋 레드,9,9,8390
2024-12,southeast,NOV,2025,NOV-LO,3.5 가솔린,FWD,포레스트 그린,6,6,5244
2024-12,southeast,NOV,2025,NOV-LO,3.5 가솔린,FWD,샌드 베이지,6,6,5244
2024-12,southeast,NOV,2025,NOV-LO,1.6T 하이브리드,AWD,스노우 화이트,7,8,6758
2024-12,southeast,NOV,2025,NOV-LO,1.6T 하이브리드,AWD,미드나잇 블랙,6,6,5350
2024-12,southeast,NOV,2025,NOV-LO,1.6T 하이브리드,AWD,스틸 그레이,5,5,4505
2024-12,southeast,NOV,2025,NOV-LO,1.6T 하이브리드,AWD,실버,4,4,3661
2024-12,southeast,NOV,2025,NOV-LO,1.6T 하이브리드,AWD,오션 블루,3,3,2816
2024-12,southeast,NOV,2025,NOV-LO,1.6T 하이브리드,AWD,선셋 레드,2,3,2253
2024-12,southeast,NOV,2025,NOV-LO,1.6T 하이브리드,AWD,포레스트 그린,2,2,1408
2024-12,southeast,NOV,2025,NOV-LO,1.6T 하이브리드,AWD,샌드 베이지,2,2,1408
2024-12,southeast,NOV,2025,NOV-LO,1.6T 하이브리드,FWD,스노우 화이트,18,18,15958
2024-12,southeast,NOV,2025,NOV-LO,1.6T 하이브리드,FWD,미드나잇 블랙,14,14,12634
2024-12,southeast,NOV,2025,NOV-LO,1.6T 하이브리드,FWD,스틸 그레이,12,12,10639
2024-12,southeast,NOV,2025,NOV-LO,1.6T 하이브리드,FWD,실버,10,10,8644
2024-12,southeast,NOV,2025,NOV-LO,1.6T 하이브리드,FWD,오션 블루,7,7,6649
2024-12,southeast,NOV,2025,NOV-LO,1.6T 하이브리드,FWD,선셋 레드,6,6,5319
2024-12,southeast,NOV,2025,NOV-LO,1.6T 하이브리드,FWD,포레스트 그린,4,4,3325
2024-12,southeast,NOV,2025,NOV-LO,1.6T 하이브리드,FWD,샌드 베이지,4,4,3325
2024-12,west,LUM,2024,LUM-AI,스탠다드 레인지,AWD,스노우 화이트,2,2,-1788
2024-12,west,LUM,2024,LUM-AI,스탠다드 레인지,AWD,미드나잇 블랙,2,2,-1416
2024-12,west,LUM,2024,LUM-AI,스탠다드 레인지,AWD,스틸 그레이,1,2,-1192
2024-12,west,LUM,2024,LUM-AI,스탠다드 레인지,AWD,실버,1,1,-969
2024-12,west,LUM,2024,LUM-AI,스탠다드 레인지,AWD,오션 블루,1,1,-745
2024-12,west,LUM,2024,LUM-AI,스탠다드 레인지,AWD,선셋 레드,1,1,-596
2024-12,west,LUM,2024,LUM-AI,스탠다드 레인지,FWD,스노우 화이트,3,3,-2186
2024-12,west,LUM,2024,LUM-AI,스탠다드 레인지,FWD,미드나잇 블랙,2,2,-1730
2024-12,west,LUM,2024,LUM-AI,스탠다드 레인지,FWD,스틸 그레이,2,2,-1457
2024-12,west,LUM,2024,LUM-AI,스탠다드 레인지,FWD,실버,1,2,-1184
2024-12,west,LUM,2024,LUM-AI,스탠다드 레인지,FWD,오션 블루,1,1,-911
2024-12,west,LUM,2024,LUM-AI,스탠다드 레인지,FWD,선셋 레드,1,1,-729
2024-12,west,LUM,2024,LUM-AI,스탠다드 레인지,FWD,포레스트 그린,1,1,-455
2024-12,west,LUM,2024,LUM-AI,스탠다드 레인지,FWD,샌드 베이지,1,1,-455
2024-12,west,LUM,2024,LUM-AI,롱레인지,AWD,스노우 화이트,4,4,-2968
2024-12,west,LUM,2024,LUM-AI,롱레인지,AWD,미드나잇 블랙,3,3,-2350
2024-12,west,LUM,2024,LUM-AI,롱레인지,AWD,스틸 그레이,2,3,-1979
2024-12,west,LUM,2024,LUM-AI,롱레인지,AWD,실버,2,2,-1608
2024-12,west,LUM,2024,LUM-AI,롱레인지,AWD,오션 블루,2,2,-1237
2024-12,west,LUM,2024,LUM-AI,롱레인지,AWD,선셋 레드,1,1,-989
2024-12,west,LUM,2024,LUM-AI,롱레인지,AWD,포레스트 그린,1,1,-618
2024-12,west,LUM,2024,LUM-AI,롱레인지,AWD,샌드 베이지,1,1,-618
2024-12,west,LUM,2024,LUM-AI,롱레인지,FWD,스노우 화이트,5,5,-3627
2024-12,west,LUM,2024,LUM-AI,롱레인지,FWD,미드나잇 블랙,4,4,-2872
2024-12,west,LUM,2024,LUM-AI,롱레인지,FWD,스틸 그레이,3,3,-2418
2024-12,west,LUM,2024,LUM-AI,롱레인지,FWD,실버,2,3,-1965
2024-12,west,LUM,2024,LUM-AI,롱레인지,FWD,오션 블루,2,2,-1511
2024-12,west,LUM,2024,LUM-AI,롱레인지,FWD,선셋 레드,2,2,-1209
2024-12,west,LUM,2024,LUM-AI,롱레인지,FWD,포레스트 그린,1,1,-756
2024-12,west,LUM,2024,LUM-AI,롱레인지,FWD,샌드 베이지,1,1,-756
2024-12,west,LUM,2024,LUM-RA,스탠다드 레인지,AWD,스노우 화이트,3,3,-1453
2024-12,west,LUM,2024,LUM-RA,스탠다드 레인지,AWD,미드나잇 블랙,2,2,-1150
2024-12,west,LUM,2024,LUM-RA,스탠다드 레인지,AWD,스틸 그레이,2,2,-969
2024-12,west,LUM,2024,LUM-RA,스탠다드 레인지,AWD,실버,1,1,-787
2024-12,west,LUM,2024,LUM-RA,스탠다드 레인지,AWD,오션 블루,1,1,-605
2024-12,west,LUM,2024,LUM-RA,스탠다드 레인지,AWD,선셋 레드,1,1,-484
2024-12,west,LUM,2024,LUM-RA,스탠다드 레인지,AWD,포레스트 그린,1,1,-303
2024-12,west,LUM,2024,LUM-RA,스탠다드 레인지,AWD,샌드 베이지,1,1,-303
2024-12,west,LUM,2024,LUM-RA,스탠다드 레인지,FWD,스노우 화이트,3,3,-1776
2024-12,west,LUM,2024,LUM-RA,스탠다드 레인지,FWD,미드나잇 블랙,3,3,-1406
2024-12,west,LUM,2024,LUM-RA,스탠다드 레인지,FWD,스틸 그레이,2,2,-1184
2024-12,west,LUM,2024,LUM-RA,스탠다드 레인지,FWD,실버,2,2,-962
2024-12,west,LUM,2024,LUM-RA,스탠다드 레인지,FWD,오션 블루,1,1,-740
2024-12,west,LUM,2024,LUM-RA,스탠다드 레인지,FWD,선셋 레드,1,1,-592
2024-12,west,LUM,2024,LUM-RA,스탠다드 레인지,FWD,포레스트 그린,1,1,-370
2024-12,west,LUM,2024,LUM-RA,스탠다드 레인지,FWD,샌드 베이지,1,1,-370
2024-12,west,LUM,2024,LUM-RA,롱레인지,AWD,스노우 화이트,4,4,-2411
2024-12,west,LUM,2024,LUM-RA,롱레인지,AWD,미드나잇 블랙,3,3,-1909
2024-12,west,LUM,2024,LUM-RA,롱레인지,AWD,스틸 그레이,3,3,-1607
2024-12,west,LUM,2024,LUM-RA,롱레인지,AWD,실버,2,2,-1306
2024-12,west,LUM,2024,LUM-RA,롱레인지,AWD,오션 블루,2,2,-1005
2024-12,west,LUM,2024,LUM-RA,롱레인지,AWD,선셋 레드,1,1,-804
2024-12,west,LUM,2024,LUM-RA,롱레인지,AWD,포레스트 그린,1,1,-502
2024-12,west,LUM,2024,LUM-RA,롱레인지,AWD,샌드 베이지,1,1,-502
2024-12,west,LUM,2024,LUM-RA,롱레인지,FWD,스노우 화이트,5,5,-2947
2024-12,west,LUM,2024,LUM-RA,롱레인지,FWD,미드나잇 블랙,4,4,-2333
2024-12,west,LUM,2024,LUM-RA,롱레인지,FWD,스틸 그레이,4,4,-1965
2024-12,west,LUM,2024,LUM-RA,롱레인지,FWD,실버,3,3,-1596
2024-12,west,LUM,2024,LUM-RA,롱레인지,FWD,오션 블루,2,2,-1228
2024-12,west,LUM,2024,LUM-RA,롱레인지,FWD,선셋 레드,2,2,-982
2024-12,west,LUM,2024,LUM-RA,롱레인지,FWD,포레스트 그린,1,1,-614
2024-12,west,LUM,2024,LUM-RA,롱레인지,FWD,샌드 베이지,1,1,-614
2024-12,west,LUM,2024,LUM-SP,스탠다드 레인지,AWD,스노우 화이트,1,1,-152
2024-12,west,LUM,2024,LUM-SP,스탠다드 레인지,AWD,미드나잇 블랙,1,1,-120
2024-12,west,LUM,2024,LUM-SP,스탠다드 레인지,AWD,스틸 그레이,1,1,-101
2024-12,west,LUM,2024,LUM-SP,스탠다드 레인지,AWD,실버,1,1,-82
2024-12,west,LUM,2024,LUM-SP,스탠다드 레인지,FWD,스노우 화이트,1,1,-186
2024-12,west,LUM,2024,LUM-SP,스탠다드 레인지,FWD,미드나잇 블랙,1,1,-147
2024-12,west,LUM,2024,LUM-SP,스탠다드 레인지,FWD,스틸 그레이,1,1,-124
2024-12,west,LUM,2024,LUM-SP,스탠다드 레인지,FWD,실버,1,1,-101
2024-12,west,LUM,2024,LUM-SP,스탠다드 레인지,FWD,오션 블루,1,1,-77
2024-12,west,LUM,2024,LUM-SP,롱레인지,AWD,스노우 화이트,2,2,-252
2024-12,west,LUM,2024,LUM-SP,롱레인지,AWD,미드나잇 블랙,1,1,-200
2024-12,west,LUM,2024,LUM-SP,롱레인지,AWD,스틸 그레이,1,1,-168
2024-12,west,LUM,2024,LUM-SP,롱레인지,AWD,실버,1,1,-137
2024-12,west,LUM,2024,LUM-SP,롱레인지,AWD,오션 블루,1,1,-105
2024-12,west,LUM,2024,LUM-SP,롱레인지,AWD,선셋 레드,1,1,-84
2024-12,west,LUM,2024,LUM-SP,롱레인지,FWD,스노우 화이트,2,2,-309
2024-12,west,LUM,2024,LUM-SP,롱레인지,FWD,미드나잇 블랙,2,2,-244
2024-12,west,LUM,2024,LUM-SP,롱레인지,FWD,스틸 그레이,1,1,-206
2024-12,west,LUM,2024,LUM-SP,롱레인지,FWD,실버,1,1,-167
2024-12,west,LUM,2024,LUM-SP,롱레인지,FWD,오션 블루,1,1,-129
2024-12,west,LUM,2024,LUM-SP,롱레인지,FWD,선셋 레드,1,1,-103
2024-12,west,LUM,2025,LUM-AI,스탠다드 레인지,AWD,스노우 화이트,43,43,-33978
2024-12,west,LUM,2025,LUM-AI,스탠다드 레인지,AWD,미드나잇 블랙,34,34,-26899
2024-12,west,LUM,2025,LUM-AI,스탠다드 레인지,AWD,스틸 그레이,28,29,-22652
2024-12,west,LUM,2025,LUM-AI,스탠다드 레인지,AWD,실버,23,24,-18405
2024-12,west,LUM,2025,LUM-AI,스탠다드 레인지,AWD,오션 블루,18,18,-14158
2024-12,west,LUM,2025,LUM-AI,스탠다드 레인지,AWD,선셋 레드,14,14,-11326
2024-12,west,LUM,2025,LUM-AI,스탠다드 레인지,AWD,포레스트 그린,9,9,-7079
2024-12,west,LUM,2025,LUM-AI,스탠다드 레인지,AWD,샌드 베이지,9,9,-7079
2024-12,west,LUM,2025,LUM-AI,스탠다드 레인지,FWD,스노우 화이트,52,53,-41529
2024-12,west,LUM,2025,LUM-AI,스탠다드 레인지,FWD,미드나잇 블랙,41,42,-32877
2024-12,west,LUM,2025,LUM-AI,스탠다드 레인지,FWD,스틸 그레이,35,35,-27686
2024-12,west,LUM,2025,LUM-AI,스탠다드 레인지,FWD,실버,28,29,-22495
2024-12,west,LUM,2025,LUM-AI,스탠다드 레인지,FWD,오션 블루,22,22,-17304
2024-12,west,LUM,2025,LUM-AI,스탠다드 레인지,FWD,선셋 레드,17,18,-13843
2024-12,west,LUM,2025,LUM-AI,스탠다드 레인지,FWD,포레스트 그린,11,11,-8652
2024-12,west,LUM,2025,LUM-AI,스탠다드 레인지,FWD,샌드 베이지,11,11,-8652
2024-12,west,LUM,2025,LUM-AI,롱레인지,AWD,스노우 화이트,71,72,-56389
2024-12,west,LUM,2025,LUM-AI,롱레인지,AWD,미드나잇 블랙,56,57,-44642
2024-12,west,LUM,2025,LUM-AI,롱레인지,AWD,스틸 그레이,47,48,-37593
2024-12,west,LUM,2025,LUM-AI,롱레인지,AWD,실버,38,39,-30544
2024-12,west,LUM,2025,LUM-AI,롱레인지,AWD,오션 블루,29,30,-23496
2024-12,west,LUM,2025,LUM-AI,롱레인지,AWD,선셋 레드,24,24,-18796
2024-12,west,LUM,2025,LUM-AI,롱레인지,AWD,포레스트 그린,15,15,-11748
2024-12,west,LUM,2025,LUM-AI,롱레인지,AWD,샌드 베이지,15,15,-11748
2024-12,west,LUM,2025,LUM-AI,롱레인지,FWD,스노우 화이트,86,88,-68920
2024-12,west,LUM,2025,LUM-AI,롱레인지,FWD,미드나잇 블랙,68,70,-54562
2024-12,west,LUM,2025,LUM-AI,롱레인지,FWD,스틸 그레이,58,59,-45947
2024-12,west,LUM,2025,LUM-AI,롱레인지,FWD,실버,47,48,-37332
2024-12,west,LUM,2025,LUM-AI,롱레인지,FWD,오션 블루,36,37,-28717
2024-12,west,LUM,2025,LUM-AI,롱레인지,FWD,선셋 레드,29,29,-22973
2024-12,west,LUM,2025,LUM-AI,롱레인지,FWD,포레스트 그린,18,18,-14358
2024-12,west,LUM,2025,LUM-AI,롱레인지,FWD,샌드 베이지,18,18,-14358
2024-12,west,LUM,2025,LUM-RA,스탠다드 레인지,AWD,스노우 화이트,49,50,-27606
2024-12,west,LUM,2025,LUM-RA,스탠다드 레인지,AWD,미드나잇 블랙,39,40,-21855
2024-12,west,LUM,2025,LUM-RA,스탠다드 레인지,AWD,스틸 그레이,33,34,-18404
2024-12,west,LUM,2025,LUM-RA,스탠다드 레인지,AWD,실버,27,27,-14953
2024-12,west,LUM,2025,LUM-RA,스탠다드 레인지,AWD,오션 블루,21,21,-11502
2024-12,west,LUM,2025,LUM-RA,스탠다드 레인지,AWD,선셋 레드,16,17,-9202
2024-12,west,LUM,2025,LUM-RA,스탠다드 레인지,AWD,포레스트 그린,10,10,-5751
2024-12,west,LUM,2025,LUM-RA,스탠다드 레인지,AWD,샌드 베이지,10,10,-5751
2024-12,west,LUM,2025,LUM-RA,스탠다드 레인지,FWD,스노우 화이트,60,62,-33740
2024-12,west,LUM,2025,LUM-RA,스탠다드 레인지,FWD,미드나잇 블랙,48,49,-26711
2024-12,west,LUM,2025,LUM-RA,스탠다드 레인지,FWD,스틸 그레이,40,41,-22494
2024-12,west,LUM,2025,LUM-RA,스탠다드 레인지,FWD,실버,33,33,-18276
2024-12,west,LUM,2025,LUM-RA,스탠다드 레인지,FWD,오션 블루,25,26,-14058
2024-12,west,LUM,2025,LUM-RA,스탠다드 레인지,FWD,선셋 레드,20,21,-11247
2024-12,west,LUM,2025,LUM-RA,스탠다드 레인지,FWD,포레스트 그린,13,13,-7029
2024-12,west,LUM,2025,LUM-RA,스탠다드 레인지,FWD,샌드 베이지,13,13,-7029
2024-12,west,LUM,2025,LUM-RA,롱레인지,AWD,스노우 화이트,82,84,-45814
2024-12,west,LUM,2025,LUM-RA,롱레인지,AWD,미드나잇 블랙,65,66,-36269
2024-12,west,LUM,2025,LUM-RA,롱레인지,AWD,스틸 그레이,55,56,-30542
2024-12,west,LUM,2025,LUM-RA,롱레인지,AWD,실버,44,45,-24816
2024-12,west,LUM,2025,LUM-RA,롱레인지,AWD,오션 블루,34,35,-19089
2024-12,west,LUM,2025,LUM-RA,롱레인지,AWD,선셋 레드,27,28,-15271
2024-12,west,LUM,2025,LUM-RA,롱레인지,AWD,포레스트 그린,17,17,-9545
2024-12,west,LUM,2025,LUM-RA,롱레인지,AWD,샌드 베이지,17,17,-9545
2024-12,west,LUM,2025,LUM-RA,롱레인지,FWD,스노우 화이트,100,102,-55995
2024-12,west,LUM,2025,LUM-RA,롱레인지,FWD,미드나잇 블랙,79,81,-44329
2024-12,west,LUM,2025,LUM-RA,롱레인지,FWD,스틸 그레이,67,68,-37330
2024-12,west,LUM,2025,LUM-RA,롱레인지,FWD,실버,54,55,-30330
2024-12,west,LUM,2025,LUM-RA,롱레인지,FWD,오션 블루,42,43,-23331
2024-12,west,LUM,2025,LUM-RA,롱레인지,FWD,선셋 레드,33,34,-18665
2024-12,west,LUM,2025,LUM-RA,롱레인지,FWD,포레스트 그린,21,21,-11666
2024-12,west,LUM,2025,LUM-RA,롱레인지,FWD,샌드 베이지,21,21,-11666
2024-12,west,LUM,2025,LUM-SP,스탠다드 레인지,AWD,스노우 화이트,20,21,-2890
2024-12,west,LUM,2025,LUM-SP,스탠다드 레인지,AWD,미드나잇 블랙,16,16,-2288
2024-12,west,LUM,2025,LUM-SP,스탠다드 레인지,AWD,스틸 그레이,13,14,-1927
2024-12,west,LUM,2025,LUM-SP,스탠다드 레인지,AWD,실버,11,11,-1566
2024-12,west,LUM,2025,LUM-SP,스탠다드 레인지,AWD,오션 블루,8,9,-1204
2024-12,west,LUM,2025,LUM-SP,스탠다드 레인지,AWD,선셋 레드,7,7,-963
2024-12,west,LUM,2025,LUM-SP,스탠다드 레인지,AWD,포레스트 그린,4,4,-602
2024-12,west,LUM,2025,LUM-SP,스탠다드 레인지,AWD,샌드 베이지,4,4,-602
2024-12,west,LUM,2025,LUM-SP,스탠다드 레인지,FWD,스노우 화이트,25,25,-3533
2024-12,west,LUM,2025,LUM-SP,스탠다드 레인지,FWD,미드나잇 블랙,20,20,-2797
2024-12,west,LUM,2025,LUM-SP,스탠다드 레인지,FWD,스틸 그레이,16,17,-2355
2024-12,west,LUM,2025,LUM-SP,스탠다드 레인지,FWD,실버,13,14,-1913
2024-12,west,LUM,2025,LUM-SP,스탠다드 레인지,FWD,오션 블루,10,10,-1472
2024-12,west,LUM,2025,LUM-SP,스탠다드 레인지,FWD,선셋 레드,8,8,-1178
2024-12,west,LUM,2025,LUM-SP,스탠다드 레인지,FWD,포레스트 그린,5,5,-736
2024-12,west,LUM,2025,LUM-SP,스탠다드 레인지,FWD,샌드 베이지,5,5,-736
2024-12,west,LUM,2025,LUM-SP,롱레인지,AWD,스노우 화이트,33,34,-4797
2024-12,west,LUM,2025,LUM-SP,롱레인지,AWD,미드나잇 블랙,27,27,-3797
2024-12,west,LUM,2025,LUM-SP,롱레인지,AWD,스틸 그레이,22,23,-3198
2024-12,west,LUM,2025,LUM-SP,롱레인지,AWD,실버,18,19,-2598
2024-12,west,LUM,2025,LUM-SP,롱레인지,AWD,오션 블루,14,14,-1999
2024-12,west,LUM,2025,LUM-SP,롱레인지,AWD,선셋 레드,11,11,-1599
2024-12,west,LUM,2025,LUM-SP,롱레인지,AWD,포레스트 그린,7,7,-999
2024-12,west,LUM,2025,LUM-SP,롱레인지,AWD,샌드 베이지,7,7,-999
2024-12,west,LUM,2025,LUM-SP,롱레인지,FWD,스노우 화이트,41,42,-5862
2024-12,west,LUM,2025,LUM-SP,롱레인지,FWD,미드나잇 블랙,32,33,-4641
2024-12,west,LUM,2025,LUM-SP,롱레인지,FWD,스틸 그레이,27,28,-3908
2024-12,west,LUM,2025,LUM-SP,롱레인지,FWD,실버,22,23,-3175
2024-12,west,LUM,2025,LUM-SP,롱레인지,FWD,오션 블루,17,17,-2443
2024-12,west,LUM,2025,LUM-SP,롱레인지,FWD,선셋 레드,14,14,-1954
2024-12,west,LUM,2025,LUM-SP,롱레인지,FWD,포레스트 그린,9,9,-1221
2024-12,west,LUM,2025,LUM-SP,롱레인지,FWD,샌드 베이지,9,9,-1221
2024-12,central,LUM,2024,LUM-AI,스탠다드 레인지,AWD,스노우 화이트,1,1,-747
2024-12,central,LUM,2024,LUM-AI,스탠다드 레인지,AWD,미드나잇 블랙,1,1,-591
2024-12,central,LUM,2024,LUM-AI,스탠다드 레인지,AWD,스틸 그레이,1,1,-498
2024-12,central,LUM,2024,LUM-AI,스탠다드 레인지,AWD,실버,1,1,-405
2024-12,central,LUM,2024,LUM-AI,스탠다드 레인지,FWD,스노우 화이트,1,1,-697
2024-12,central,LUM,2024,LUM-AI,스탠다드 레인지,FWD,미드나잇 블랙,1,1,-551
2024-12,central,LUM,2024,LUM-AI,스탠다드 레인지,FWD,스틸 그레이,1,1,-464
2024-12,central,LUM,2024,LUM-AI,롱레인지,AWD,스노우 화이트,2,2,-1240
2024-12,central,LUM,2024,LUM-AI,롱레인지,AWD,미드나잇 블랙,1,1,-981
2024-12,central,LUM,2024,LUM-AI,롱레인지,AWD,스틸 그레이,1,1,-827
2024-12,central,LUM,2024,LUM-AI,롱레인지,AWD,실버,1,1,-672
2024-12,central,LUM,2024,LUM-AI,롱레인지,AWD,오션 블루,1,1,-517
2024-12,central,LUM,2024,LUM-AI,롱레인지,AWD,선셋 레드,1,1,-413
2024-12,central,LUM,2024,LUM-AI,롱레인지,FWD,스노우 화이트,1,1,-1156
2024-12,central,LUM,2024,LUM-AI,롱레인지,FWD,미드나잇 블랙,1,1,-915
2024-12,central,LUM,2024,LUM-AI,롱레인지,FWD,스틸 그레이,1,1,-771
2024-12,central,LUM,2024,LUM-AI,롱레인지,FWD,실버,1,1,-626
2024-12,central,LUM,2024,LUM-AI,롱레인지,FWD,오션 블루,1,1,-482
2024-12,central,LUM,2024,LUM-RA,스탠다드 레인지,AWD,스노우 화이트,1,1,-607
2024-12,central,LUM,2024,LUM-RA,스탠다드 레인지,AWD,미드나잇 블랙,1,1,-480
2024-12,central,LUM,2024,LUM-RA,스탠다드 레인지,AWD,스틸 그레이,1,1,-405
2024-12,central,LUM,2024,LUM-RA,스탠다드 레인지,AWD,실버,1,1,-329
2024-12,central,LUM,2024,LUM-RA,스탠다드 레인지,FWD,스노우 화이트,1,1,-566
2024-12,central,LUM,2024,LUM-RA,스탠다드 레인지,FWD,미드나잇 블랙,1,1,-448
2024-12,central,LUM,2024,LUM-RA,스탠다드 레인지,FWD,스틸 그레이,1,1,-377
2024-12,central,LUM,2024,LUM-RA,스탠다드 레인지,FWD,실버,1,1,-307
2024-12,central,LUM,2024,LUM-RA,롱레인지,AWD,스노우 화이트,2,2,-1007
2024-12,central,LUM,2024,LUM-RA,롱레인지,AWD,미드나잇 블랙,1,1,-797
2024-12,central,LUM,2024,LUM-RA,롱레인지,AWD,스틸 그레이,1,1,-672
2024-12,central,LUM,2024,LUM-RA,롱레인지,AWD,실버,1,1,-546
2024-12,central,LUM,2024,LUM-RA,롱레인지,AWD,오션 블루,1,1,-420
2024-12,central,LUM,2024,LUM-RA,롱레인지,AWD,선셋 레드,1,1,-336
2024-12,central,LUM,2024,LUM-RA,롱레인지,FWD,스노우 화이트,2,2,-939
2024-12,central,LUM,2024,LUM-RA,롱레인지,FWD,미드나잇 블랙,1,1,-743
2024-12,central,LUM,2024,LUM-RA,롱레인지,FWD,스틸 그레이,1,1,-626
2024-12,central,LUM,2024,LUM-RA,롱레인지,FWD,실버,1,1,-509
2024-12,central,LUM,2024,LUM-RA,롱레인지,FWD,오션 블루,1,1,-391
2024-12,central,LUM,2024,LUM-RA,롱레인지,FWD,선셋 레드,1,1,-313
2024-12,central,LUM,2024,LUM-SP,롱레인지,AWD,스노우 화이트,1,1,-105
2024-12,central,LUM,2024,LUM-SP,롱레인지,AWD,미드나잇 블랙,1,1,-83
2024-12,central,LUM,2024,LUM-SP,롱레인지,FWD,스노우 화이트,1,1,-98
2024-12,central,LUM,2024,LUM-SP,롱레인지,FWD,미드나잇 블랙,1,1,-78
2024-12,central,LUM,2025,LUM-AI,스탠다드 레인지,AWD,스노우 화이트,18,18,-14194
2024-12,central,LUM,2025,LUM-AI,스탠다드 레인지,AWD,미드나잇 블랙,14,14,-11237
2024-12,central,LUM,2025,LUM-AI,스탠다드 레인지,AWD,스틸 그레이,12,12,-9463
2024-12,central,LUM,2025,LUM-AI,스탠다드 레인지,AWD,실버,10,10,-7688
2024-12,central,LUM,2025,LUM-AI,스탠다드 레인지,AWD,오션 블루,7,8,-5914
2024-12,central,LUM,2025,LUM-AI,스탠다드 레인지,AWD,선셋 레드,6,6,-4731
2024-12,central,LUM,2025,LUM-AI,스탠다드 레인지,AWD,포레스트 그린,4,4,-2957
2024-12,central,LUM,2025,LUM-AI,스탠다드 레인지,AWD,샌드 베이지,4,4,-2957
2024-12,central,LUM,2025,LUM-AI,스탠다드 레인지,FWD,스노우 화이트,17,17,-13234
2024-12,central,LUM,2025,LUM-AI,스탠다드 레인지,FWD,미드나잇 블랙,13,13,-10477
2024-12,central,LUM,2025,LUM-AI,스탠다드 레인지,FWD,스틸 그레이,11,11,-8823
2024-12,central,LUM,2025,LUM-AI,스탠다드 레인지,FWD,실버,9,9,-7168
2024-12,central,LUM,2025,LUM-AI,스탠다드 레인지,FWD,오션 블루,7,7,-5514
2024-12,central,LUM,2025,LUM-AI,스탠다드 레인지,FWD,선셋 레드,6,6,-4411
2024-12,central,LUM,2025,LUM-AI,스탠다드 레인지,FWD,포레스트 그린,3,4,-2757
2024-12,central,LUM,2025,LUM-AI,스탠다드 레인지,FWD,샌드 베이지,3,4,-2757
2024-12,central,LUM,2025,LUM-AI,롱레인지,AWD,스노우 화이트,30,30,-23556
2024-12,central,LUM,2025,LUM-AI,롱레인지,AWD,미드나잇 블랙,23,24,-18648
2024-12,central,LUM,2025,LUM-AI,롱레인지,AWD,스틸 그레이,20,20,-15704
2024-12,central,LUM,2025,LUM-AI,롱레인지,AWD,실버,16,16,-12759
2024-12,central,LUM,2025,LUM-AI,롱레인지,AWD,오션 블루,12,13,-9815
2024-12,central,LUM,2025,LUM-AI,롱레인지,AWD,선셋 레드,10,10,-7852
2024-12,central,LUM,2025,LUM-AI,롱레인지,AWD,포레스트 그린,6,6,-4907
2024-12,central,LUM,2025,LUM-AI,롱레인지,AWD,샌드 베이지,6,6,-4907
2024-12,central,LUM,2025,LUM-AI,롱레인지,FWD,스노우 화이트,28,28,-21963
2024-12,central,LUM,2025,LUM-AI,롱레인지,FWD,미드나잇 블랙,22,22,-17387
2024-12,central,LUM,2025,LUM-AI,롱레인지,FWD,스틸 그레이,18,19,-14642
2024-12,central,LUM,2025,LUM-AI,롱레인지,FWD,실버,15,15,-11896
2024-12,central,LUM,2025,LUM-AI,롱레인지,FWD,오션 블루,11,12,-9151
2024-12,central,LUM,2025,LUM-AI,롱레인지,FWD,선셋 레드,9,9,-7321
2024-12,central,LUM,2025,LUM-AI,롱레인지,FWD,포레스트 그린,6,6,-4576
2024-12,central,LUM,2025,LUM-AI,롱레인지,FWD,샌드 베이지,6,6,-4576
2024-12,central,LUM,2025,LUM-RA,스탠다드 레인지,AWD,스노우 화이트,21,21,-11532
2024-12,central,LUM,2025,LUM-RA,스탠다드 레인지,AWD,미드나잇 블랙,16,17,-9129
2024-12,central,LUM,2025,LUM-RA,스탠다드 레인지,AWD,스틸 그레이,14,14,-7688
2024-12,central,LUM,2025,LUM-RA,스탠다드 레인지,AWD,실버,11,11,-6246
2024-12,central,LUM,2025,LUM-RA,스탠다드 레인지,AWD,오션 블루,9,9,-4805
2024-12,central,LUM,2025,LUM-RA,스탠다드 레인지,AWD,선셋 레드,7,7,-3844
2024-12,central,LUM,2025,LUM-RA,스탠다드 레인지,AWD,포레스트 그린,4,4,-2402
2024-12,central,LUM,2025,LUM-RA,스탠다드 레인지,AWD,샌드 베이지,4,4,-2402
2024-12,central,LUM,2025,LUM-RA,스탠다드 레인지,FWD,스노우 화이트,19,20,-10752
2024-12,central,LUM,2025,LUM-RA,스탠다드 레인지,FWD,미드나잇 블랙,15,16,-8512
2024-12,central,LUM,2025,LUM-RA,스탠다드 레인지,FWD,스틸 그레이,13,13,-7168
2024-12,central,LUM,2025,LUM-RA,스탠다드 레인지,FWD,실버,10,11,-5824
2024-12,central,LUM,2025,LUM-RA,스탠다드 레인지,FWD,오션 블루,8,8,-4480
2024-12,central,LUM,2025,LUM-RA,스탠다드 레인지,FWD,선셋 레드,6,7,-3584
2024-12,central,LUM,2025,LUM-RA,스탠다드 레인지,FWD,포레스트 그린,4,4,-2240
2024-12,central,LUM,2025,LUM-RA,스탠다드 레인지,FWD,샌드 베이지,4,4,-2240
2024-12,central,LUM,2025,LUM-RA,롱레인지,AWD,스노우 화이트,34,35,-19138
2024-12,central,LUM,2025,LUM-RA,롱레인지,AWD,미드나잇 블랙,27,28,-15151
2024-12,central,LUM,2025,LUM-RA,롱레인지,AWD,스틸 그레이,23,23,-12759
2024-12,central,LUM,2025,LUM-RA,롱레인지,AWD,실버,19,19,-10366
2024-12,central,LUM,2025,LUM-RA,롱레인지,AWD,오션 블루,14,15,-7974
2024-12,central,LUM,2025,LUM-RA,롱레인지,AWD,선셋 레드,11,12,-6379
2024-12,central,LUM,2025,LUM-RA,롱레인지,AWD,포레스트 그린,7,7,-3987
2024-12,central,LUM,2025,LUM-RA,롱레인지,AWD,샌드 베이지,7,7,-3987
2024-12,central,LUM,2025,LUM-RA,롱레인지,FWD,스노우 화이트,32,33,-17844
2024-12,central,LUM,2025,LUM-RA,롱레인지,FWD,미드나잇 블랙,25,26,-14126
2024-12,central,LUM,2025,LUM-RA,롱레인지,FWD,스틸 그레이,21,22,-11896
2024-12,central,LUM,2025,LUM-RA,롱레인지,FWD,실버,17,18,-9665
2024-12,central,LUM,2025,LUM-RA,롱레인지,FWD,오션 블루,13,14,-7435
2024-12,central,LUM,2025,LUM-RA,롱레인지,FWD,선셋 레드,11,11,-5948
2024-12,central,LUM,2025,LUM-RA,롱레인지,FWD,포레스트 그린,7,7,-3717
2024-12,central,LUM,2025,LUM-RA,롱레인지,FWD,샌드 베이지,7,7,-3717
2024-12,central,LUM,2025,LUM-SP,스탠다드 레인지,AWD,스노우 화이트,8,9,-1207
2024-12,central,LUM,2025,LUM-SP,스탠다드 레인지,AWD,미드나잇 블랙,7,7,-956
2024-12,central,LUM,2025,LUM-SP,스탠다드 레인지,AWD,스틸 그레이,6,6,-805
2024-12,central,LUM,2025,LUM-SP,스탠다드 레인지,AWD,실버,5,5,-654
2024-12,central,LUM,2025,LUM-SP,스탠다드 레인지,AWD,오션 블루,4,4,-503
2024-12,central,LUM,2025,LUM-SP,스탠다드 레인지,AWD,선셋 레드,3,3,-402
2024-12,central,LUM,2025,LUM-SP,스탠다드 레인지,AWD,포레스트 그린,2,2,-252
2024-12,central,LUM,2025,LUM-SP,스탠다드 레인지,AWD,샌드 베이지,2,2,-252
2024-12,central,LUM,2025,LUM-SP,스탠다드 레인지,FWD,스노우 화이트,8,8,-1126
2024-12,central,LUM,2025,LUM-SP,스탠다드 레인지,FWD,미드나잇 블랙,6,6,-891
2024-12,central,LUM,2025,LUM-SP,스탠다드 레인지,FWD,스틸 그레이,5,5,-750
2024-12,central,LUM,2025,LUM-SP,스탠다드 레인지,FWD,실버,4,4,-610
2024-12,central,LUM,2025,LUM-SP,스탠다드 레인지,FWD,오션 블루,3,3,-469
2024-12,central,LUM,2025,LUM-SP,스탠다드 레인지,FWD,선셋 레드,3,3,-375
2024-12,central,LUM,2025,LUM-SP,스탠다드 레인지,FWD,포레스트 그린,2,2,-235
2024-12,central,LUM,2025,LUM-SP,스탠다드 레인지,FWD,샌드 베이지,2,2,-235
2024-12,central,LUM,2025,LUM-SP,롱레인지,AWD,스노우 화이트,14,14,-2004
2024-12,central,LUM,2025,LUM-SP,롱레인지,AWD,미드나잇 블랙,11,11,-1586
2024-12,central,LUM,2025,LUM-SP,롱레인지,AWD,스틸 그레이,9,10,-1336
2024-12,central,LUM,2025,LUM-SP,롱레인지,AWD,실버,8,8,-1085
2024-12,central,LUM,2025,LUM-SP,롱레인지,AWD,오션 블루,6,6,-835
2024-12,central,LUM,2025,LUM-SP,롱레인지,AWD,선셋 레드,5,5,-668
2024-12,central,LUM,2025,LUM-SP,롱레인지,AWD,포레스트 그린,3,3,-417
2024-12,central,LUM,2025,LUM-SP,롱레인지,AWD,샌드 베이지,3,3,-417
2024-12,central,LUM,2025,LUM-SP,롱레인지,FWD,스노우 화이트,13,13,-1868
2024-12,central,LUM,2025,LUM-SP,롱레인지,FWD,미드나잇 블랙,10,11,-1479
2024-12,central,LUM,2025,LUM-SP,롱레인지,FWD,스틸 그레이,9,9,-1245
2024-12,central,LUM,2025,LUM-SP,롱레인지,FWD,실버,7,7,-1012
2024-12,central,LUM,2025,LUM-SP,롱레인지,FWD,오션 블루,5,6,-778
2024-12,central,LUM,2025,LUM-SP,롱레인지,FWD,선셋 레드,4,4,-623
2024-12,central,LUM,2025,LUM-SP,롱레인지,FWD,포레스트 그린,3,3,-389
2024-12,central,LUM,2025,LUM-SP,롱레인지,FWD,샌드 베이지,3,3,-389
2024-12,south,LUM,2024,LUM-AI,스탠다드 레인지,AWD,스노우 화이트,1,1,-605
2024-12,south,LUM,2024,LUM-AI,스탠다드 레인지,AWD,미드나잇 블랙,1,1,-479
2024-12,south,LUM,2024,LUM-AI,스탠다드 레인지,AWD,스틸 그레이,1,1,-404
2024-12,south,LUM,2024,LUM-AI,스탠다드 레인지,FWD,스노우 화이트,2,2,-1263
2024-12,south,LUM,2024,LUM-AI,스탠다드 레인지,FWD,미드나잇 블랙,1,1,-1000
2024-12,south,LUM,2024,LUM-AI,스탠다드 레인지,FWD,스틸 그레이,1,1,-842
2024-12,south,LUM,2024,LUM-AI,스탠다드 레인지,FWD,실버,1,1,-684
2024-12,south,LUM,2024,LUM-AI,스탠다드 레인지,FWD,오션 블루,1,1,-526
2024-12,south,LUM,2024,LUM-AI,스탠다드 레인지,FWD,선셋 레드,1,1,-421
2024-12,south,LUM,2024,LUM-AI,롱레인지,AWD,스노우 화이트,1,1,-1005
2024-12,south,LUM,2024,LUM-AI,롱레인지,AWD,미드나잇 블랙,1,1,-795
2024-12,south,LUM,2024,LUM-AI,롱레인지,AWD,스틸 그레이,1,1,-670
2024-12,south,LUM,2024,LUM-AI,롱레인지,AWD,실버,1,1,-544
2024-12,south,LUM,2024,LUM-AI,롱레인지,AWD,오션 블루,1,1,-419
2024-12,south,LUM,2024,LUM-AI,롱레인지,FWD,스노우 화이트,3,3,-2096
2024-12,south,LUM,2024,LUM-AI,롱레인지,FWD,미드나잇 블랙,2,2,-1659
2024-12,south,LUM,2024,LUM-AI,롱레인지,FWD,스틸 그레이,2,2,-1397
2024-12,south,LUM,2024,LUM-AI,롱레인지,FWD,실버,1,1,-1135
2024-12,south,LUM,2024,LUM-AI,롱레인지,FWD,오션 블루,1,1,-873
2024-12,south,LUM,2024,LUM-AI,롱레인지,FWD,선셋 레드,1,1,-699
2024-12,south,LUM,2024,LUM-AI,롱레인지,FWD,포레스트 그린,1,1,-437
2024-12,south,LUM,2024,LUM-AI,롱레인지,FWD,샌드 베이지,1,1,-437
2024-12,south,LUM,2024,LUM-RA,스탠다드 레인지,AWD,스노우 화이트,1,1,-492
2024-12,south,LUM,2024,LUM-RA,스탠다드 레인지,AWD,미드나잇 블랙,1,1,-389
2024-12,south,LUM,2024,LUM-RA,스탠다드 레인지,AWD,스틸 그레이,1,1,-328
2024-12,south,LUM,2024,LUM-RA,스탠다드 레인지,FWD,스노우 화이트,2,2,-1026
2024-12,south,LUM,2024,LUM-RA,스탠다드 레인지,FWD,미드나잇 블랙,1,1,-812
2024-12,south,LUM,2024,LUM-RA,스탠다드 레인지,FWD,스틸 그레이,1,1,-684
2024-12,south,LUM,2024,LUM-RA,스탠다드 레인지,FWD,실버,1,1,-556
2024-12,south,LUM,2024,LUM-RA,스탠다드 레인지,FWD,오션 블루,1,1,-428
2024-12,south,LUM,2024,LUM-RA,스탠다드 레인지,FWD,선셋 레드,1,1,-342
2024-12,south,LUM,2024,LUM-RA,롱레인지,AWD,스노우 화이트,1,1,-816
2024-12,south,LUM,2024,LUM-RA,롱레인지,AWD,미드나잇 블랙,1,1,-646
2024-12,south,LUM,2024,LUM-RA,롱레인지,AWD,스틸 그레이,1,1,-544
2024-12,south,LUM,2024,LUM-RA,롱레인지,AWD,실버,1,1,-442
2024-12,south,LUM,2024,LUM-RA,롱레인지,AWD,오션 블루,1,1,-340
2024-12,south,LUM,2024,LUM-RA,롱레인지,FWD,스노우 화이트,3,3,-1703
2024-12,south,LUM,2024,LUM-RA,롱레인지,FWD,미드나잇 블랙,2,2,-1348
2024-12,south,LUM,2024,LUM-RA,롱레인지,FWD,스틸 그레이,2,2,-1135
2024-12,south,LUM,2024,LUM-RA,롱레인지,FWD,실버,2,2,-922
2024-12,south,LUM,2024,LUM-RA,롱레인지,FWD,오션 블루,1,1,-709
2024-12,south,LUM,2024,LUM-RA,롱레인지,FWD,선셋 레드,1,1,-568
2024-12,south,LUM,2024,LUM-RA,롱레인지,FWD,포레스트 그린,1,1,-355
2024-12,south,LUM,2024,LUM-RA,롱레인지,FWD,샌드 베이지,1,1,-355
2024-12,south,LUM,2024,LUM-SP,스탠다드 레인지,FWD,스노우 화이트,1,1,-107
2024-12,south,LUM,2024,LUM-SP,스탠다드 레인지,FWD,미드나잇 블랙,1,1,-85
2024-12,south,LUM,2024,LUM-SP,스탠다드 레인지,FWD,스틸 그레이,1,1,-72
2024-12,south,LUM,2024,LUM-SP,롱레인지,AWD,스노우 화이트,1,1,-85
2024-12,south,LUM,2024,LUM-SP,롱레인지,FWD,스노우 화이트,1,1,-178
2024-12,south,LUM,2024,LUM-SP,롱레인지,FWD,미드나잇 블랙,1,1,-141
2024-12,south,LUM,2024,LUM-SP,롱레인지,FWD,스틸 그레이,1,1,-119
2024-12,south,LUM,2024,LUM-SP,롱레인지,FWD,실버,1,1,-97
2024-12,south,LUM,2024,LUM-SP,롱레인지,FWD,오션 블루,1,1,-74
2024-12,south,LUM,2025,LUM-AI,스탠다드 레인지,AWD,스노우 화이트,14,15,-11500
2024-12,south,LUM,2025,LUM-AI,스탠다드 레인지,AWD,미드나잇 블랙,11,12,-9104
2024-12,south,LUM,2025,LUM-AI,스탠다드 레인지,AWD,스틸 그레이,10,10,-7667
2024-12,south,LUM,2025,LUM-AI,스탠다드 레인지,AWD,실버,8,8,-6229
2024-12,south,LUM,2025,LUM-AI,스탠다드 레인지,AWD,오션 블루,6,6,-4792
2024-12,south,LUM,2025,LUM-AI,스탠다드 레인지,AWD,선셋 레드,5,5,-3833
2024-12,south,LUM,2025,LUM-AI,스탠다드 레인지,AWD,포레스트 그린,3,3,-2396
2024-12,south,LUM,2025,LUM-AI,스탠다드 레인지,AWD,샌드 베이지,3,3,-2396
2024-12,south,LUM,2025,LUM-AI,스탠다드 레인지,FWD,스노우 화이트,30,31,-23995
2024-12,south,LUM,2025,LUM-AI,스탠다드 레인지,FWD,미드나잇 블랙,24,24,-18996
2024-12,south,LUM,2025,LUM-AI,스탠다드 레인지,FWD,스틸 그레이,20,20,-15996
2024-12,south,LUM,2025,LUM-AI,스탠다드 레인지,FWD,실버,16,17,-12997
2024-12,south,LUM,2025,LUM-AI,스탠다드 레인지,FWD,오션 블루,13,13,-9998
2024-12,south,LUM,2025,LUM-AI,스탠다드 레인지,FWD,선셋 레드,10,10,-7998
2024-12,south,LUM,2025,LUM-AI,스탠다드 레인지,FWD,포레스트 그린,6,6,-4999
2024-12,south,LUM,2025,LUM-AI,스탠다드 레인지,FWD,샌드 베이지,6,6,-4999
2024-12,south,LUM,2025,LUM-AI,롱레인지,AWD,스노우 화이트,24,24,-19086
2024-12,south,LUM,2025,LUM-AI,롱레인지,AWD,미드나잇 블랙,19,19,-15109
2024-12,south,LUM,2025,LUM-AI,롱레인지,AWD,스틸 그레이,16,16,-12724
2024-12,south,LUM,2025,LUM-AI,롱레인지,AWD,실버,13,13,-10338
2024-12,south,LUM,2025,LUM-AI,롱레인지,AWD,오션 블루,10,10,-7952
2024-12,south,LUM,2025,LUM-AI,롱레인지,AWD,선셋 레드,8,8,-6362
2024-12,south,LUM,2025,LUM-AI,롱레인지,AWD,포레스트 그린,5,5,-3976
2024-12,south,LUM,2025,LUM-AI,롱레인지,AWD,샌드 베이지,5,5,-3976
2024-12,south,LUM,2025,LUM-AI,롱레인지,FWD,스노우 화이트,50,51,-39821
2024-12,south,LUM,2025,LUM-AI,롱레인지,FWD,미드나잇 블랙,40,40,-31525
2024-12,south,LUM,2025,LUM-AI,롱레인지,FWD,스틸 그레이,33,34,-26547
2024-12,south,LUM,2025,LUM-AI,롱레인지,FWD,실버,27,28,-21570
2024-12,south,LUM,2025,LUM-AI,롱레인지,FWD,오션 블루,21,21,-16592
2024-12,south,LUM,2025,LUM-AI,롱레인지,FWD,선셋 레드,17,17,-13274
2024-12,south,LUM,2025,LUM-AI,롱레인지,FWD,포레스트 그린,10,11,-8296
2024-12,south,LUM,2025,LUM-AI,롱레인지,FWD,샌드 베이지,10,11,-8296
2024-12,south,LUM,2025,LUM-RA,스탠다드 레인지,AWD,스노우 화이트,17,17,-9343
2024-12,south,LUM,2025,LUM-RA,스탠다드 레인지,AWD,미드나잇 블랙,13,13,-7397
2024-12,south,LUM,2025,LUM-RA,스탠다드 레인지,AWD,스틸 그레이,11,11,-6229
2024-12,south,LUM,2025,LUM-RA,스탠다드 레인지,AWD,실버,9,9,-5061
2024-12,south,LUM,2025,LUM-RA,스탠다드 레인지,AWD,오션 블루,7,7,-3893
2024-12,south,LUM,2025,LUM-RA,스탠다드 레인지,AWD,선셋 레드,6,6,-3114
2024-12,south,LUM,2025,LUM-RA,스탠다드 레인지,AWD,포레스트 그린,3,4,-1947
2024-12,south,LUM,2025,LUM-RA,스탠다드 레인지,AWD,샌드 베이지,3,4,-1947
2024-12,south,LUM,2025,LUM-RA,스탠다드 레인지,FWD,스노우 화이트,35,36,-19494
2024-12,south,LUM,2025,LUM-RA,스탠다드 레인지,FWD,미드나잇 블랙,28,28,-15433
2024-12,south,LUM,2025,LUM-RA,스탠다드 레인지,FWD,스틸 그레이,23,24,-12996
2024-12,south,LUM,2025,LUM-RA,스탠다드 레인지,FWD,실버,19,19,-10559
2024-12,south,LUM,2025,LUM-RA,스탠다드 레인지,FWD,오션 블루,15,15,-8123
2024-12,south,LUM,2025,LUM-RA,스탠다드 레인지,FWD,선셋 레드,12,12,-6498
2024-12,south,LUM,2025,LUM-RA,스탠다드 레인지,FWD,포레스트 그린,7,7,-4061
2024-12,south,LUM,2025,LUM-RA,스탠다드 레인지,FWD,샌드 베이지,7,7,-4061
2024-12,south,LUM,2025,LUM-RA,롱레인지,AWD,스노우 화이트,28,28,-15506
2024-12,south,LUM,2025,LUM-RA,롱레인지,AWD,미드나잇 블랙,22,22,-12276
2024-12,south,LUM,2025,LUM-RA,롱레인지,AWD,스틸 그레이,18,19,-10337
2024-12,south,LUM,2025,LUM-RA,롱레인지,AWD,실버,15,15,-8399
2024-12,south,LUM,2025,LUM-RA,롱레인지,AWD,오션 블루,12,12,-6461
2024-12,south,LUM,2025,LUM-RA,롱레인지,AWD,선셋 레드,9,9,-5169
2024-12,south,LUM,2025,LUM-RA,롱레인지,AWD,포레스트 그린,6,6,-3230
2024-12,south,LUM,2025,LUM-RA,롱레인지,AWD,샌드 베이지,6,6,-3230
2024-12,south,LUM,2025,LUM-RA,롱레인지,FWD,스노우 화이트,58,59,-32352
2024-12,south,LUM,2025,LUM-RA,롱레인지,FWD,미드나잇 블랙,46,47,-25612
2024-12,south,LUM,2025,LUM-RA,롱레인지,FWD,스틸 그레이,39,39,-21568
2024-12,south,LUM,2025,LUM-RA,롱레인지,FWD,실버,31,32,-17524
2024-12,south,LUM,2025,LUM-RA,롱레인지,FWD,오션 블루,24,25,-13480
2024-12,south,LUM,2025,LUM-RA,롱레인지,FWD,선셋 레드,19,20,-10784
2024-12,south,LUM,2025,LUM-RA,롱레인지,FWD,포레스트 그린,12,12,-6740
2024-12,south,LUM,2025,LUM-RA,롱레인지,FWD,샌드 베이지,12,12,-6740
2024-12,south,LUM,2025,LUM-SP,스탠다드 레인지,AWD,스노우 화이트,7,7,-978
2024-12,south,LUM,2025,LUM-SP,스탠다드 레인지,AWD,미드나잇 블랙,5,6,-774
2024-12,south,LUM,2025,LUM-SP,스탠다드 레인지,AWD,스틸 그레이,5,5,-652
2024-12,south,LUM,2025,LUM-SP,스탠다드 레인지,AWD,실버,4,4,-530
2024-12,south,LUM,2025,LUM-SP,스탠다드 레인지,AWD,오션 블루,3,3,-408
2024-12,south,LUM,2025,LUM-SP,스탠다드 레인지,AWD,선셋 레드,2,2,-326
2024-12,south,LUM,2025,LUM-SP,스탠다드 레인지,AWD,포레스트 그린,1,1,-204
2024-12,south,LUM,2025,LUM-SP,스탠다드 레인지,AWD,샌드 베이지,1,1,-204
2024-12,south,LUM,2025,LUM-SP,스탠다드 레인지,FWD,스노우 화이트,14,15,-2041
2024-12,south,LUM,2025,LUM-SP,스탠다드 레인지,FWD,미드나잇 블랙,11,12,-1616
2024-12,south,LUM,2025,LUM-SP,스탠다드 레인지,FWD,스틸 그레이,10,10,-1361
2024-12,south,LUM,2025,LUM-SP,스탠다드 레인지,FWD,실버,8,8,-1106
2024-12,south,LUM,2025,LUM-SP,스탠다드 레인지,FWD,오션 블루,6,6,-850
2024-12,south,LUM,2025,LUM-SP,스탠다드 레인지,FWD,선셋 레드,5,5,-680
2024-12,south,LUM,2025,LUM-SP,스탠다드 레인지,FWD,포레스트 그린,3,3,-425
2024-12,south,LUM,2025,LUM-SP,스탠다드 레인지,FWD,샌드 베이지,3,3,-425
2024-12,south,LUM,2025,LUM-SP,롱레인지,AWD,스노우 화이트,11,12,-1623
2024-12,south,LUM,2025,LUM-SP,롱레인지,AWD,미드나잇 블랙,9,9,-1285
2024-12,south,LUM,2025,LUM-SP,롱레인지,AWD,스틸 그레이,8,8,-1082
2024-12,south,LUM,2025,LUM-SP,롱레인지,AWD,실버,6,6,-879
2024-12,south,LUM,2025,LUM-SP,롱레인지,AWD,오션 블루,5,5,-676
2024-12,south,LUM,2025,LUM-SP,롱레인지,AWD,선셋 레드,4,4,-541
2024-12,south,LUM,2025,LUM-SP,롱레인지,AWD,포레스트 그린,2,2,-338
2024-12,south,LUM,2025,LUM-SP,롱레인지,AWD,샌드 베이지,2,2,-338
2024-12,south,LUM,2025,LUM-SP,롱레인지,FWD,스노우 화이트,24,24,-3387
2024-12,south,LUM,2025,LUM-SP,롱레인지,FWD,미드나잇 블랙,19,19,-2682
2024-12,south,LUM,2025,LUM-SP,롱레인지,FWD,스틸 그레이,16,16,-2258
2024-12,south,LUM,2025,LUM-SP,롱레인지,FWD,실버,13,13,-1835
2024-12,south,LUM,2025,LUM-SP,롱레인지,FWD,오션 블루,10,10,-1411
2024-12,south,LUM,2025,LUM-SP,롱레인지,FWD,선셋 레드,8,8,-1129
2024-12,south,LUM,2025,LUM-SP,롱레인지,FWD,포레스트 그린,5,5,-706
2024-12,south,LUM,2025,LUM-SP,롱레인지,FWD,샌드 베이지,5,5,-706
2024-12,northeast,LUM,2024,LUM-AI,스탠다드 레인지,AWD,스노우 화이트,2,2,-1520
2024-12,northeast,LUM,2024,LUM-AI,스탠다드 레인지,AWD,미드나잇 블랙,2,2,-1203
2024-12,northeast,LUM,2024,LUM-AI,스탠다드 레인지,AWD,스틸 그레이,1,1,-1013
2024-12,northeast,LUM,2024,LUM-AI,스탠다드 레인지,AWD,실버,1,1,-823
2024-12,northeast,LUM,2024,LUM-AI,스탠다드 레인지,AWD,오션 블루,1,1,-633
2024-12,northeast,LUM,2024,LUM-AI,스탠다드 레인지,AWD,선셋 레드,1,1,-507
2024-12,northeast,LUM,2024,LUM-AI,스탠다드 레인지,FWD,스노우 화이트,1,1,-1078
2024-12,northeast,LUM,2024,LUM-AI,스탠다드 레인지,FWD,미드나잇 블랙,1,1,-854
2024-12,northeast,LUM,2024,LUM-AI,스탠다드 레인지,FWD,스틸 그레이,1,1,-719
2024-12,northeast,LUM,2024,LUM-AI,스탠다드 레인지,FWD,실버,1,1,-584
2024-12,northeast,LUM,2024,LUM-AI,스탠다드 레인지,FWD,오션 블루,1,1,-449
2024-12,northeast,LUM,2024,LUM-AI,롱레인지,AWD,스노우 화이트,3,3,-2523
2024-12,northeast,LUM,2024,LUM-AI,롱레인지,AWD,미드나잇 블랙,3,3,-1997
2024-12,northeast,LUM,2024,LUM-AI,롱레인지,AWD,스틸 그레이,2,2,-1682
2024-12,northeast,LUM,2024,LUM-AI,롱레인지,AWD,실버,2,2,-1366
2024-12,northeast,LUM,2024,LUM-AI,롱레인지,AWD,오션 블루,1,1,-1051
2024-12,northeast,LUM,2024,LUM-AI,롱레인지,AWD,선셋 레드,1,1,-841
2024-12,northeast,LUM,2024,LUM-AI,롱레인지,AWD,포레스트 그린,1,1,-526
2024-12,northeast,LUM,2024,LUM-AI,롱레인지,AWD,샌드 베이지,1,1,-526
2024-12,northeast,LUM,2024,LUM-AI,롱레인지,FWD,스노우 화이트,2,2,-1790
2024-12,northeast,LUM,2024,LUM-AI,롱레인지,FWD,미드나잇 블랙,2,2,-1417
2024-12,northeast,LUM,2024,LUM-AI,롱레인지,FWD,스틸 그레이,1,2,-1193
2024-12,northeast,LUM,2024,LUM-AI,롱레인지,FWD,실버,1,1,-969
2024-12,northeast,LUM,2024,LUM-AI,롱레인지,FWD,오션 블루,1,1,-746
2024-12,northeast,LUM,2024,LUM-AI,롱레인지,FWD,선셋 레드,1,1,-597
2024-12,northeast,LUM,2024,LUM-RA,스탠다드 레인지,AWD,스노우 화이트,2,2,-1235
2024-12,northeast,LUM,2024,LUM-RA,스탠다드 레인지,AWD,미드나잇 블랙,2,2,-978
2024-12,northeast,LUM,2024,LUM-RA,스탠다드 레인지,AWD,스틸 그레이,1,2,-823
2024-12,northeast,LUM,2024,LUM-RA,스탠다드 레인지,AWD,실버,1,1,-669
2024-12,northeast,LUM,2024,LUM-RA,스탠다드 레인지,AWD,오션 블루,1,1,-515
2024-12,northeast,LUM,2024,LUM-RA,스탠다드 레인지,AWD,선셋 레드,1,1,-412
2024-12,northeast,LUM,2024,LUM-RA,스탠다드 레인지,FWD,스노우 화이트,2,2,-876
2024-12,northeast,LUM,2024,LUM-RA,스탠다드 레인지,FWD,미드나잇 블랙,1,1,-694
2024-12,northeast,LUM,2024,LUM-RA,스탠다드 레인지,FWD,스틸 그레이,1,1,-584
2024-12,northeast,LUM,2024,LUM-RA,스탠다드 레인지,FWD,실버,1,1,-475
2024-12,northeast,LUM,2024,LUM-RA,스탠다드 레인지,FWD,오션 블루,1,1,-365
2024-12,northeast,LUM,2024,LUM-RA,스탠다드 레인지,FWD,선셋 레드,1,1,-292
2024-12,northeast,LUM,2024,LUM-RA,롱레인지,AWD,스노우 화이트,4,4,-2050
2024-12,northeast,LUM,2024,LUM-RA,롱레인지,AWD,미드나잇 블랙,3,3,-1623
2024-12,northeast,LUM,2024,LUM-RA,롱레인지,AWD,스틸 그레이,2,2,-1366
2024-12,northeast,LUM,2024,LUM-RA,롱레인지,AWD,실버,2,2,-1110
2024-12,northeast,LUM,2024,LUM-RA,롱레인지,AWD,오션 블루,2,2,-854
2024-12,northeast,LUM,2024,LUM-RA,롱레인지,AWD,선셋 레드,1,1,-683
2024-12,northeast,LUM,2024,LUM-RA,롱레인지,AWD,포레스트 그린,1,1,-427
2024-12,northeast,LUM,2024,LUM-RA,롱레인지,AWD,샌드 베이지,1,1,-427
2024-12,northeast,LUM,2024,LUM-RA,롱레인지,FWD,스노우 화이트,3,3,-1454
2024-12,northeast,LUM,2024,LUM-RA,롱레인지,FWD,미드나잇 블랙,2,2,-1151
2024-12,northeast,LUM,2024,LUM-RA,롱레인지,FWD,스틸 그레이,2,2,-969
2024-12,northeast,LUM,2024,LUM-RA,롱레인지,FWD,실버,1,1,-788
2024-12,northeast,LUM,2024,LUM-RA,롱레인지,FWD,오션 블루,1,1,-606
2024-12,northeast,LUM,2024,LUM-RA,롱레인지,FWD,선셋 레드,1,1,-485
2024-12,northeast,LUM,2024,LUM-RA,롱레인지,FWD,포레스트 그린,1,1,-303
2024-12,northeast,LUM,2024,LUM-RA,롱레인지,FWD,샌드 베이지,1,1,-303
2024-12,northeast,LUM,2024,LUM-SP,스탠다드 레인지,AWD,스노우 화이트,1,1,-129
2024-12,northeast,LUM,2024,LUM-SP,스탠다드 레인지,AWD,미드나잇 블랙,1,1,-102
2024-12,northeast,LUM,2024,LUM-SP,스탠다드 레인지,AWD,스틸 그레이,1,1,-86
2024-12,northeast,LUM,2024,LUM-SP,스탠다드 레인지,FWD,스노우 화이트,1,1,-92
2024-12,northeast,LUM,2024,LUM-SP,스탠다드 레인지,FWD,미드나잇 블랙,1,1,-73
2024-12,northeast,LUM,2024,LUM-SP,롱레인지,AWD,스노우 화이트,1,2,-215
2024-12,northeast,LUM,2024,LUM-SP,롱레인지,AWD,미드나잇 블랙,1,1,-170
2024-12,northeast,LUM,2024,LUM-SP,롱레인지,AWD,스틸 그레이,1,1,-143
2024-12,northeast,LUM,2024,LUM-SP,롱레인지,AWD,실버,1,1,-116
2024-12,northeast,LUM,2024,LUM-SP,롱레인지,AWD,오션 블루,1,1,-89
2024-12,northeast,LUM,2024,LUM-SP,롱레인지,FWD,스노우 화이트,1,1,-152
2024-12,northeast,LUM,2024,LUM-SP,롱레인지,FWD,미드나잇 블랙,1,1,-121
2024-12,northeast,LUM,2024,LUM-SP,롱레인지,FWD,스틸 그레이,1,1,-101
2024-12,northeast,LUM,2024,LUM-SP,롱레인지,FWD,실버,1,1,-82
2024-12,northeast,LUM,2025,LUM-AI,스탠다드 레인지,AWD,스노우 화이트,36,37,-28882
2024-12,northeast,LUM,2025,LUM-AI,스탠다드 레인지,AWD,미드나잇 블랙,29,29,-22865
2024-12,northeast,LUM,2025,LUM-AI,스탠다드 레인지,AWD,스틸 그레이,24,25,-19254
2024-12,northeast,LUM,2025,LUM-AI,스탠다드 레인지,AWD,실버,20,20,-15644
2024-12,northeast,LUM,2025,LUM-AI,스탠다드 레인지,AWD,오션 블루,15,15,-12034
2024-12,northeast,LUM,2025,LUM-AI,스탠다드 레인지,AWD,선셋 레드,12,12,-9627
2024-12,northeast,LUM,2025,LUM-AI,스탠다드 레인지,AWD,포레스트 그린,8,8,-6017
2024-12,northeast,LUM,2025,LUM-AI,스탠다드 레인지,AWD,샌드 베이지,8,8,-6017
2024-12,northeast,LUM,2025,LUM-AI,스탠다드 레인지,FWD,스노우 화이트,26,26,-20489
2024-12,northeast,LUM,2025,LUM-AI,스탠다드 레인지,FWD,미드나잇 블랙,20,21,-16220
2024-12,northeast,LUM,2025,LUM-AI,스탠다드 레인지,FWD,스틸 그레이,17,17,-13659
2024-12,northeast,LUM,2025,LUM-AI,스탠다드 레인지,FWD,실버,14,14,-11098
2024-12,northeast,LUM,2025,LUM-AI,스탠다드 레인지,FWD,오션 블루,11,11,-8537
2024-12,northeast,LUM,2025,LUM-AI,스탠다드 레인지,FWD,선셋 레드,9,9,-6830
2024-12,northeast,LUM,2025,LUM-AI,스탠다드 레인지,FWD,포레스트 그린,5,5,-4268
2024-12,northeast,LUM,2025,LUM-AI,스탠다드 레인지,FWD,샌드 베이지,5,5,-4268
2024-12,northeast,LUM,2025,LUM-AI,롱레인지,AWD,스노우 화이트,60,61,-47931
2024-12,northeast,LUM,2025,LUM-AI,롱레인지,AWD,미드나잇 블랙,48,49,-37945
2024-12,northeast,LUM,2025,LUM-AI,롱레인지,AWD,스틸 그레이,40,41,-31954
2024-12,northeast,LUM,2025,LUM-AI,롱레인지,AWD,실버,33,33,-25963
2024-12,northeast,LUM,2025,LUM-AI,롱레인지,AWD,오션 블루,25,26,-19971
2024-12,northeast,LUM,2025,LUM-AI,롱레인지,AWD,선셋 레드,20,20,-15977
2024-12,northeast,LUM,2025,LUM-AI,롱레인지,AWD,포레스트 그린,13,13,-9986
2024-12,northeast,LUM,2025,LUM-AI,롱레인지,AWD,샌드 베이지,13,13,-9986
2024-12,northeast,LUM,2025,LUM-AI,롱레인지,FWD,스노우 화이트,43,43,-34002
2024-12,northeast,LUM,2025,LUM-AI,롱레인지,FWD,미드나잇 블랙,34,34,-26919
2024-12,northeast,LUM,2025,LUM-AI,롱레인지,FWD,스틸 그레이,28,29,-22668
2024-12,northeast,LUM,2025,LUM-AI,롱레인지,FWD,실버,23,24,-18418
2024-12,northeast,LUM,2025,LUM-AI,롱레인지,FWD,오션 블루,18,18,-14168
2024-12,northeast,LUM,2025,LUM-AI,롱레인지,FWD,선셋 레드,14,14,-11334
2024-12,northeast,LUM,2025,LUM-AI,롱레인지,FWD,포레스트 그린,9,9,-7084
2024-12,northeast,LUM,2025,LUM-AI,롱레인지,FWD,샌드 베이지,9,9,-7084
2024-12,northeast,LUM,2025,LUM-RA,스탠다드 레인지,AWD,스노우 화이트,42,43,-23465
2024-12,northeast,LUM,2025,LUM-RA,스탠다드 레인지,AWD,미드나잇 블랙,33,34,-18576
2024-12,northeast,LUM,2025,LUM-RA,스탠다드 레인지,AWD,스틸 그레이,28,29,-15643
2024-12,northeast,LUM,2025,LUM-RA,스탠다드 레인지,AWD,실버,23,23,-12710
2024-12,northeast,LUM,2025,LUM-RA,스탠다드 레인지,AWD,오션 블루,17,18,-9777
2024-12,northeast,LUM,2025,LUM-RA,스탠다드 레인지,AWD,선셋 레드,14,14,-7822
2024-12,northeast,LUM,2025,LUM-RA,스탠다드 레인지,AWD,포레스트 그린,9,9,-4889
2024-12,northeast,LUM,2025,LUM-RA,스탠다드 레인지,AWD,샌드 베이지,9,9,-4889
2024-12,northeast,LUM,2025,LUM-RA,스탠다드 레인지,FWD,스노우 화이트,30,30,-16646
2024-12,northeast,LUM,2025,LUM-RA,스탠다드 레인지,FWD,미드나잇 블랙,24,24,-13178
2024-12,northeast,LUM,2025,LUM-RA,스탠다드 레인지,FWD,스틸 그레이,20,20,-11097
2024-12,northeast,LUM,2025,LUM-RA,스탠다드 레인지,FWD,실버,16,16,-9017
2024-12,northeast,LUM,2025,LUM-RA,스탠다드 레인지,FWD,오션 블루,12,13,-6936
2024-12,northeast,LUM,2025,LUM-RA,스탠다드 레인지,FWD,선셋 레드,10,10,-5549
2024-12,northeast,LUM,2025,LUM-RA,스탠다드 레인지,FWD,포레스트 그린,6,6,-3468
2024-12,northeast,LUM,2025,LUM-RA,스탠다드 레인지,FWD,샌드 베이지,6,6,-3468
2024-12,northeast,LUM,2025,LUM-RA,롱레인지,AWD,스노우 화이트,70,71,-38942
2024-12,northeast,LUM,2025,LUM-RA,롱레인지,AWD,미드나잇 블랙,55,56,-30829
2024-12,northeast,LUM,2025,LUM-RA,롱레인지,AWD,스틸 그레이,46,47,-25961
2024-12,northeast,LUM,2025,LUM-RA,롱레인지,AWD,실버,38,38,-21093
2024-12,northeast,LUM,2025,LUM-RA,롱레인지,AWD,오션 블루,29,30,-16226
2024-12,northeast,LUM,2025,LUM-RA,롱레인지,AWD,선셋 레드,23,24,-12981
2024-12,northeast,LUM,2025,LUM-RA,롱레인지,AWD,포레스트 그린,15,15,-8113
2024-12,northeast,LUM,2025,LUM-RA,롱레인지,AWD,샌드 베이지,15,15,-8113
2024-12,northeast,LUM,2025,LUM-RA,롱레인지,FWD,스노우 화이트,49,50,-27625
2024-12,northeast,LUM,2025,LUM-RA,롱레인지,FWD,미드나잇 블랙,39,40,-21870
2024-12,northeast,LUM,2025,LUM-RA,롱레인지,FWD,스틸 그레이,33,34,-18417
2024-12,northeast,LUM,2025,LUM-RA,롱레인지,FWD,실버,27,27,-14964
2024-12,northeast,LUM,2025,LUM-RA,롱레인지,FWD,오션 블루,21,21,-11511
2024-12,northeast,LUM,2025,LUM-RA,롱레인지,FWD,선셋 레드,16,17,-9208
2024-12,northeast,LUM,2025,LUM-RA,롱레인지,FWD,포레스트 그린,10,10,-5755
2024-12,northeast,LUM,2025,LUM-RA,롱레인지,FWD,샌드 베이지,10,10,-5755
2024-12,northeast,LUM,2025,LUM-SP,스탠다드 레인지,AWD,스노우 화이트,17,18,-2457
2024-12,northeast,LUM,2025,LUM-SP,스탠다드 레인지,AWD,미드나잇 블랙,14,14,-1945
2024-12,northeast,LUM,2025,LUM-SP,스탠다드 레인지,AWD,스틸 그레이,11,12,-1638
2024-12,northeast,LUM,2025,LUM-SP,스탠다드 레인지,AWD,실버,9,9,-1331
2024-12,northeast,LUM,2025,LUM-SP,스탠다드 레인지,AWD,오션 블루,7,7,-1024
2024-12,northeast,LUM,2025,LUM-SP,스탠다드 레인지,AWD,선셋 레드,6,6,-819
2024-12,northeast,LUM,2025,LUM-SP,스탠다드 레인지,AWD,포레스트 그린,4,4,-512
2024-12,northeast,LUM,2025,LUM-SP,스탠다드 레인지,AWD,샌드 베이지,4,4,-512
2024-12,northeast,LUM,2025,LUM-SP,스탠다드 레인지,FWD,스노우 화이트,12,12,-1743
2024-12,northeast,LUM,2025,LUM-SP,스탠다드 레인지,FWD,미드나잇 블랙,10,10,-1380
2024-12,northeast,LUM,2025,LUM-SP,스탠다드 레인지,FWD,스틸 그레이,8,8,-1162
2024-12,northeast,LUM,2025,LUM-SP,스탠다드 레인지,FWD,실버,7,7,-944
2024-12,northeast,LUM,2025,LUM-SP,스탠다드 레인지,FWD,오션 블루,5,5,-726
2024-12,northeast,LUM,2025,LUM-SP,스탠다드 레인지,FWD,선셋 레드,4,4,-581
2024-12,northeast,LUM,2025,LUM-SP,스탠다드 레인지,FWD,포레스트 그린,3,3,-363
2024-12,northeast,LUM,2025,LUM-SP,스탠다드 레인지,FWD,샌드 베이지,3,3,-363
2024-12,northeast,LUM,2025,LUM-SP,롱레인지,AWD,스노우 화이트,28,29,-4077
2024-12,northeast,LUM,2025,LUM-SP,롱레인지,AWD,미드나잇 블랙,23,23,-3228
2024-12,northeast,LUM,2025,LUM-SP,롱레인지,AWD,스틸 그레이,19,19,-2718
2024-12,northeast,LUM,2025,LUM-SP,롱레인지,AWD,실버,15,16,-2208
2024-12,northeast,LUM,2025,LUM-SP,롱레인지,AWD,오션 블루,12,12,-1699
2024-12,northeast,LUM,2025,LUM-SP,롱레인지,AWD,선셋 레드,9,10,-1359
2024-12,northeast,LUM,2025,LUM-SP,롱레인지,AWD,포레스트 그린,6,6,-849
2024-12,northeast,LUM,2025,LUM-SP,롱레인지,AWD,샌드 베이지,6,6,-849
2024-12,northeast,LUM,2025,LUM-SP,롱레인지,FWD,스노우 화이트,20,21,-2892
2024-12,northeast,LUM,2025,LUM-SP,롱레인지,FWD,미드나잇 블랙,16,16,-2290
2024-12,northeast,LUM,2025,LUM-SP,롱레인지,FWD,스틸 그레이,13,14,-1928
2024-12,northeast,LUM,2025,LUM-SP,롱레인지,FWD,실버,11,11,-1567
2024-12,northeast,LUM,2025,LUM-SP,롱레인지,FWD,오션 블루,8,9,-1205
2024-12,northeast,LUM,2025,LUM-SP,롱레인지,FWD,선셋 레드,7,7,-964
2024-12,northeast,LUM,2025,LUM-SP,롱레인지,FWD,포레스트 그린,4,4,-603
2024-12,northeast,LUM,2025,LUM-SP,롱레인지,FWD,샌드 베이지,4,4,-603
2024-12,southeast,LUM,2024,LUM-AI,스탠다드 레인지,AWD,스노우 화이트,1,1,-780
2024-12,southeast,LUM,2024,LUM-AI,스탠다드 레인지,AWD,미드나잇 블랙,1,1,-617
2024-12,southeast,LUM,2024,LUM-AI,스탠다드 레인지,AWD,스틸 그레이,1,1,-520
2024-12,southeast,LUM,2024,LUM-AI,스탠다드 레인지,AWD,실버,1,1,-422
2024-12,southeast,LUM,2024,LUM-AI,스탠다드 레인지,FWD,스노우 화이트,2,2,-1258
2024-12,southeast,LUM,2024,LUM-AI,스탠다드 레인지,FWD,미드나잇 블랙,1,1,-996
2024-12,southeast,LUM,2024,LUM-AI,스탠다드 레인지,FWD,스틸 그레이,1,1,-839
2024-12,southeast,LUM,2024,LUM-AI,스탠다드 레인지,FWD,실버,1,1,-682
2024-12,southeast,LUM,2024,LUM-AI,스탠다드 레인지,FWD,오션 블루,1,1,-524
2024-12,southeast,LUM,2024,LUM-AI,스탠다드 레인지,FWD,선셋 레드,1,1,-419
2024-12,southeast,LUM,2024,LUM-AI,롱레인지,AWD,스노우 화이트,2,2,-1294
2024-12,southeast,LUM,2024,LUM-AI,롱레인지,AWD,미드나잇 블랙,1,1,-1024
2024-12,southeast,LUM,2024,LUM-AI,롱레인지,AWD,스틸 그레이,1,1,-862
2024-12,southeast,LUM,2024,LUM-AI,롱레인지,AWD,실버,1,1,-701
2024-12,southeast,LUM,2024,LUM-AI,롱레인지,AWD,오션 블루,1,1,-539
2024-12,southeast,LUM,2024,LUM-AI,롱레인지,AWD,선셋 레드,1,1,-431
2024-12,southeast,LUM,2024,LUM-AI,롱레인지,FWD,스노우 화이트,3,3,-2088
2024-12,southeast,LUM,2024,LUM-AI,롱레인지,FWD,미드나잇 블랙,2,2,-1653
2024-12,southeast,LUM,2024,LUM-AI,롱레인지,FWD,스틸 그레이,2,2,-1392
2024-12,southeast,LUM,2024,LUM-AI,롱레인지,FWD,실버,1,1,-1131
2024-12,southeast,LUM,2024,LUM-AI,롱레인지,FWD,오션 블루,1,1,-870
2024-12,southeast,LUM,2024,LUM-AI,롱레인지,FWD,선셋 레드,1,1,-696
2024-12,southeast,LUM,2024,LUM-AI,롱레인지,FWD,포레스트 그린,1,1,-435
2024-12,southeast,LUM,2024,LUM-AI,롱레인지,FWD,샌드 베이지,1,1,-435
2024-12,southeast,LUM,2024,LUM-RA,스탠다드 레인지,AWD,스노우 화이트,1,1,-633
2024-12,southeast,LUM,2024,LUM-RA,스탠다드 레인지,AWD,미드나잇 블랙,1,1,-501
2024-12,southeast,LUM,2024,LUM-RA,스탠다드 레인지,AWD,스틸 그레이,1,1,-422
2024-12,southeast,LUM,2024,LUM-RA,스탠다드 레인지,AWD,실버,1,1,-343
2024-12,southeast,LUM,2024,LUM-RA,스탠다드 레인지,FWD,스노우 화이트,2,2,-1022
2024-12,southeast,LUM,2024,LUM-RA,스탠다드 레인지,FWD,미드나잇 블랙,1,1,-809
2024-12,southeast,LUM,2024,LUM-RA,스탠다드 레인지,FWD,스틸 그레이,1,1,-682
2024-12,southeast,LUM,2024,LUM-RA,스탠다드 레인지,FWD,실버,1,1,-554
2024-12,southeast,LUM,2024,LUM-RA,스탠다드 레인지,FWD,오션 블루,1,1,-426
2024-12,southeast,LUM,2024,LUM-RA,스탠다드 레인지,FWD,선셋 레드,1,1,-341
2024-12,southeast,LUM,2024,LUM-RA,롱레인지,AWD,스노우 화이트,2,2,-1051
2024-12,southeast,LUM,2024,LUM-RA,롱레인지,AWD,미드나잇 블랙,1,2,-832
2024-12,southeast,LUM,2024,LUM-RA,롱레인지,AWD,스틸 그레이,1,1,-701
2024-12,southeast,LUM,2024,LUM-RA,롱레인지,AWD,실버,1,1,-569
2024-12,southeast,LUM,2024,LUM-RA,롱레인지,AWD,오션 블루,1,1,-438
2024-12,southeast,LUM,2024,LUM-RA,롱레인지,AWD,선셋 레드,1,1,-350
2024-12,southeast,LUM,2024,LUM-RA,롱레인지,FWD,스노우 화이트,3,3,-1697
2024-12,southeast,LUM,2024,LUM-RA,롱레인지,FWD,미드나잇 블랙,2,2,-1343
2024-12,southeast,LUM,2024,LUM-RA,롱레인지,FWD,스틸 그레이,2,2,-1131
2024-12,southeast,LUM,2024,LUM-RA,롱레인지,FWD,실버,2,2,-919
2024-12,southeast,LUM,2024,LUM-RA,롱레인지,FWD,오션 블루,1,1,-707
2024-12,southeast,LUM,2024,LUM-RA,롱레인지,FWD,선셋 레드,1,1,-566
2024-12,southeast,LUM,2024,LUM-RA,롱레인지,FWD,포레스트 그린,1,1,-354
2024-12,southeast,LUM,2024,LUM-RA,롱레인지,FWD,샌드 베이지,1,1,-354
2024-12,southeast,LUM,2024,LUM-SP,스탠다드 레인지,FWD,스노우 화이트,1,1,-107
2024-12,southeast,LUM,2024,LUM-SP,스탠다드 레인지,FWD,미드나잇 블랙,1,1,-85
2024-12,southeast,LUM,2024,LUM-SP,롱레인지,AWD,스노우 화이트,1,1,-110
2024-12,southeast,LUM,2024,LUM-SP,롱레인지,AWD,미드나잇 블랙,1,1,-87
2024-12,southeast,LUM,2024,LUM-SP,롱레인지,AWD,스틸 그레이,1,1,-73
2024-12,southeast,LUM,2024,LUM-SP,롱레인지,FWD,스노우 화이트,1,1,-178
2024-12,southeast,LUM,2024,LUM-SP,롱레인지,FWD,미드나잇 블랙,1,1,-141
2024-12,southeast,LUM,2024,LUM-SP,롱레인지,FWD,스틸 그레이,1,1,-118
2024-12,southeast,LUM,2024,LUM-SP,롱레인지,FWD,실버,1,1,-96
2024-12,southeast,LUM,2024,LUM-SP,롱레인지,FWD,오션 블루,1,1,-74
2024-12,southeast,LUM,2025,LUM-AI,스탠다드 레인지,AWD,스노우 화이트,19,19,-14811
2024-12,southeast,LUM,2025,LUM-AI,스탠다드 레인지,AWD,미드나잇 블랙,15,15,-11725
2024-12,southeast,LUM,2025,LUM-AI,스탠다드 레인지,AWD,스틸 그레이,12,13,-9874
2024-12,southeast,LUM,2025,LUM-AI,스탠다드 레인지,AWD,실버,10,10,-8023
2024-12,southeast,LUM,2025,LUM-AI,스탠다드 레인지,AWD,오션 블루,8,8,-6171
2024-12,southeast,LUM,2025,LUM-AI,스탠다드 레인지,AWD,선셋 레드,6,6,-4937
2024-12,southeast,LUM,2025,LUM-AI,스탠다드 레인지,AWD,포레스트 그린,4,4,-3086
2024-12,southeast,LUM,2025,LUM-AI,스탠다드 레인지,AWD,샌드 베이지,4,4,-3086
2024-12,southeast,LUM,2025,LUM-AI,스탠다드 레인지,FWD,스노우 화이트,30,31,-23911
2024-12,southeast,LUM,2025,LUM-AI,스탠다드 레인지,FWD,미드나잇 블랙,24,24,-18929
2024-12,southeast,LUM,2025,LUM-AI,스탠다드 레인지,FWD,스틸 그레이,20,20,-15940
2024-12,southeast,LUM,2025,LUM-AI,스탠다드 레인지,FWD,실버,16,17,-12952
2024-12,southeast,LUM,2025,LUM-AI,스탠다드 레인지,FWD,오션 블루,12,13,-9963
2024-12,southeast,LUM,2025,LUM-AI,스탠다드 레인지,FWD,선셋 레드,10,10,-7970
2024-12,southeast,LUM,2025,LUM-AI,스탠다드 레인지,FWD,포레스트 그린,6,6,-4981
2024-12,southeast,LUM,2025,LUM-AI,스탠다드 레인지,FWD,샌드 베이지,6,6,-4981
2024-12,southeast,LUM,2025,LUM-AI,롱레인지,AWD,스노우 화이트,31,31,-24580
2024-12,southeast,LUM,2025,LUM-AI,롱레인지,AWD,미드나잇 블랙,24,25,-19459
2024-12,southeast,LUM,2025,LUM-AI,롱레인지,AWD,스틸 그레이,21,21,-16387
2024-12,southeast,LUM,2025,LUM-AI,롱레인지,AWD,실버,17,17,-13314
2024-12,southeast,LUM,2025,LUM-AI,롱레인지,AWD,오션 블루,13,13,-10242
2024-12,southeast,LUM,2025,LUM-AI,롱레인지,AWD,선셋 레드,10,10,-8193
2024-12,southeast,LUM,2025,LUM-AI,롱레인지,AWD,포레스트 그린,6,7,-5121
2024-12,southeast,LUM,2025,LUM-AI,롱레인지,AWD,샌드 베이지,6,7,-5121
2024-12,southeast,LUM,2025,LUM-AI,롱레인지,FWD,스노우 화이트,50,51,-39681
2024-12,southeast,LUM,2025,LUM-AI,롱레인지,FWD,미드나잇 블랙,39,40,-31414
2024-12,southeast,LUM,2025,LUM-AI,롱레인지,FWD,스틸 그레이,33,34,-26454
2024-12,southeast,LUM,2025,LUM-AI,롱레인지,FWD,실버,27,27,-21494
2024-12,southeast,LUM,2025,LUM-AI,롱레인지,FWD,오션 블루,21,21,-16534
2024-12,southeast,LUM,2025,LUM-AI,롱레인지,FWD,선셋 레드,17,17,-13227
2024-12,southeast,LUM,2025,LUM-AI,롱레인지,FWD,포레스트 그린,10,11,-8267
2024-12,southeast,LUM,2025,LUM-AI,롱레인지,FWD,샌드 베이지,10,11,-8267
2024-12,southeast,LUM,2025,LUM-RA,스탠다드 레인지,AWD,스노우 화이트,22,22,-12033
2024-12,southeast,LUM,2025,LUM-RA,스탠다드 레인지,AWD,미드나잇 블랙,17,17,-9526
2024-12,southeast,LUM,2025,LUM-RA,스탠다드 레인지,AWD,스틸 그레이,14,15,-8022
2024-12,southeast,LUM,2025,LUM-RA,스탠다드 레인지,AWD,실버,12,12,-6518
2024-12,southeast,LUM,2025,LUM-RA,스탠다드 레인지,AWD,오션 블루,9,9,-5014
2024-12,southeast,LUM,2025,LUM-RA,스탠다드 레인지,AWD,선셋 레드,7,7,-4011
2024-12,southeast,LUM,2025,LUM-RA,스탠다드 레인지,AWD,포레스트 그린,4,5,-2507
2024-12,southeast,LUM,2025,LUM-RA,스탠다드 레인지,AWD,샌드 베이지,4,5,-2507
2024-12,southeast,LUM,2025,LUM-RA,스탠다드 레인지,FWD,스노우 화이트,35,35,-19426
2024-12,southeast,LUM,2025,LUM-RA,스탠다드 레인지,FWD,미드나잇 블랙,27,28,-15379
2024-12,southeast,LUM,2025,LUM-RA,스탠다드 레인지,FWD,스틸 그레이,23,24,-12951
2024-12,southeast,LUM,2025,LUM-RA,스탠다드 레인지,FWD,실버,19,19,-10523
2024-12,southeast,LUM,2025,LUM-RA,스탠다드 레인지,FWD,오션 블루,14,15,-8094
2024-12,southeast,LUM,2025,LUM-RA,스탠다드 레인지,FWD,선셋 레드,12,12,-6475
2024-12,southeast,LUM,2025,LUM-RA,스탠다드 레인지,FWD,포레스트 그린,7,7,-4047
2024-12,southeast,LUM,2025,LUM-RA,스탠다드 레인지,FWD,샌드 베이지,7,7,-4047
2024-12,southeast,LUM,2025,LUM-RA,롱레인지,AWD,스노우 화이트,36,36,-19970
2024-12,southeast,LUM,2025,LUM-RA,롱레인지,AWD,미드나잇 블랙,28,29,-15810
2024-12,southeast,LUM,2025,LUM-RA,롱레인지,AWD,스틸 그레이,24,24,-13313
2024-12,southeast,LUM,2025,LUM-RA,롱레인지,AWD,실버,19,20,-10817
2024-12,southeast,LUM,2025,LUM-RA,롱레인지,AWD,오션 블루,15,15,-8321
2024-12,southeast,LUM,2025,LUM-RA,롱레인지,AWD,선셋 레드,12,12,-6657
2024-12,southeast,LUM,2025,LUM-RA,롱레인지,AWD,포레스트 그린,7,8,-4160
2024-12,southeast,LUM,2025,LUM-RA,롱레인지,AWD,샌드 베이지,7,8,-4160
2024-12,southeast,LUM,2025,LUM-RA,롱레인지,FWD,스노우 화이트,58,59,-32239
2024-12,southeast,LUM,2025,LUM-RA,롱레인지,FWD,미드나잇 블랙,46,47,-25523
2024-12,southeast,LUM,2025,LUM-RA,롱레인지,FWD,스틸 그레이,38,39,-21493
2024-12,southeast,LUM,2025,LUM-RA,롱레인지,FWD,실버,31,32,-17463
2024-12,southeast,LUM,2025,LUM-RA,롱레인지,FWD,오션 블루,24,24,-13433
2024-12,southeast,LUM,2025,LUM-RA,롱레인지,FWD,선셋 레드,19,20,-10746
2024-12,southeast,LUM,2025,LUM-RA,롱레인지,FWD,포레스트 그린,12,12,-6717
2024-12,southeast,LUM,2025,LUM-RA,롱레인지,FWD,샌드 베이지,12,12,-6717
2024-12,southeast,LUM,2025,LUM-SP,스탠다드 레인지,AWD,스노우 화이트,9,9,-1260
2024-12,southeast,LUM,2025,LUM-SP,스탠다드 레인지,AWD,미드나잇 블랙,7,7,-997
2024-12,southeast,LUM,2025,LUM-SP,스탠다드 레인지,AWD,스틸 그레이,6,6,-840
2024-12,southeast,LUM,2025,LUM-SP,스탠다드 레인지,AWD,실버,5,5,-682
2024-12,southeast,LUM,2025,LUM-SP,스탠다드 레인지,AWD,오션 블루,4,4,-525
2024-12,southeast,LUM,2025,LUM-SP,스탠다드 레인지,AWD,선셋 레드,3,3,-420
2024-12,southeast,LUM,2025,LUM-SP,스탠다드 레인지,AWD,포레스트 그린,2,2,-262
2024-12,southeast,LUM,2025,LUM-SP,스탠다드 레인지,AWD,샌드 베이지,2,2,-262
2024-12,southeast,LUM,2025,LUM-SP,스탠다드 레인지,FWD,스노우 화이트,14,14,-2034
2024-12,southeast,LUM,2025,LUM-SP,스탠다드 레인지,FWD,미드나잇 블랙,11,11,-1610
2024-12,southeast,LUM,2025,LUM-SP,스탠다드 레인지,FWD,스틸 그레이,9,10,-1356
2024-12,southeast,LUM,2025,LUM-SP,스탠다드 레인지,FWD,실버,8,8,-1102
2024-12,southeast,LUM,2025,LUM-SP,스탠다드 레인지,FWD,오션 블루,6,6,-847
2024-12,southeast,LUM,2025,LUM-SP,스탠다드 레인지,FWD,선셋 레드,5,5,-678
2024-12,southeast,LUM,2025,LUM-SP,스탠다드 레인지,FWD,포레스트 그린,3,3,-424
2024-12,southeast,LUM,2025,LUM-SP,스탠다드 레인지,FWD,샌드 베이지,3,3,-424
2024-12,southeast,LUM,2025,LUM-SP,롱레인지,AWD,스노우 화이트,15,15,-2091
2024-12,southeast,LUM,2025,LUM-SP,롱레인지,AWD,미드나잇 블랙,12,12,-1655
2024-12,southeast,LUM,2025,LUM-SP,롱레인지,AWD,스틸 그레이,10,10,-1394
2024-12,southeast,LUM,2025,LUM-SP,롱레인지,AWD,실버,8,8,-1133
2024-12,southeast,LUM,2025,LUM-SP,롱레인지,AWD,오션 블루,6,6,-871
2024-12,southeast,LUM,2025,LUM-SP,롱레인지,AWD,선셋 레드,5,5,-697
2024-12,southeast,LUM,2025,LUM-SP,롱레인지,AWD,포레스트 그린,3,3,-436
2024-12,southeast,LUM,2025,LUM-SP,롱레인지,AWD,샌드 베이지,3,3,-436
2024-12,southeast,LUM,2025,LUM-SP,롱레인지,FWD,스노우 화이트,24,24,-3375
2024-12,southeast,LUM,2025,LUM-SP,롱레인지,FWD,미드나잇 블랙,19,19,-2672
2024-12,southeast,LUM,2025,LUM-SP,롱레인지,FWD,스틸 그레이,16,16,-2250
2024-12,southeast,LUM,2025,LUM-SP,롱레인지,FWD,실버,13,13,-1828
2024-12,southeast,LUM,2025,LUM-SP,롱레인지,FWD,오션 블루,10,10,-1406
2024-12,southeast,LUM,2025,LUM-SP,롱레인지,FWD,선셋 레드,8,8,-1125
2024-12,southeast,LUM,2025,LUM-SP,롱레인지,FWD,포레스트 그린,5,5,-703
2024-12,southeast,LUM,2025,LUM-SP,롱레인지,FWD,샌드 베이지,5,5,-703
