ym,zone_id,model_id,model_year,trim_id,engine,drivetrain,color,bp_retail_qty,bp_wholesale_qty,bp_op_profit_usd
2024-06,west,TRN,2024,TRN-CO,3.5 가솔린,AWD,스노우 화이트,164,168,305672
2024-06,west,TRN,2024,TRN-CO,3.5 가솔린,AWD,미드나잇 블랙,130,133,241990
2024-06,west,TRN,2024,TRN-CO,3.5 가솔린,AWD,스틸 그레이,110,112,203781
2024-06,west,TRN,2024,TRN-CO,3.5 가솔린,AWD,실버,89,91,165572
2024-06,west,TRN,2024,TRN-CO,3.5 가솔린,AWD,오션 블루,68,70,127363
2024-06,west,TRN,2024,TRN-CO,3.5 가솔린,AWD,선셋 레드,55,56,101891
2024-06,west,TRN,2024,TRN-CO,3.5 가솔린,AWD,포레스트 그린,34,35,63682
2024-06,west,TRN,2024,TRN-CO,3.5 가솔린,AWD,샌드 베이지,34,35,63682
2024-06,west,TRN,2024,TRN-CO,3.5 가솔린,FWD,스노우 화이트,55,56,101891
2024-06,west,TRN,2024,TRN-CO,3.5 가솔린,FWD,미드나잇 블랙,43,44,80663
2024-06,west,TRN,2024,TRN-CO,3.5 가솔린,FWD,스틸 그레이,37,37,67927
2024-06,west,TRN,2024,TRN-CO,3.5 가솔린,FWD,실버,30,30,55191
2024-06,west,TRN,2024,TRN-CO,3.5 가솔린,FWD,오션 블루,23,23,42454
2024-06,west,TRN,2024,TRN-CO,3.5 가솔린,FWD,선셋 레드,18,19,33964
2024-06,west,TRN,2024,TRN-CO,3.5 가솔린,FWD,포레스트 그린,11,12,21227
2024-06,west,TRN,2024,TRN-CO,3.5 가솔린,FWD,샌드 베이지,11,12,21227
2024-06,west,TRN,2024,TRN-CO,2.5T 하이브리드,AWD,스노우 화이트,85,86,157467
2024-06,west,TRN,2024,TRN-CO,2.5T 하이브리드,AWD,미드나잇 블랙,67,68,124662
2024-06,west,TRN,2024,TRN-CO,2.5T 하이브리드,AWD,스틸 그레이,56,58,104978
2024-06,west,TRN,2024,TRN-CO,2.5T 하이브리드,AWD,실버,46,47,85295
2024-06,west,TRN,2024,TRN-CO,2.5T 하이브리드,AWD,오션 블루,35,36,65611
2024-06,west,TRN,2024,TRN-CO,2.5T 하이브리드,AWD,선셋 레드,28,29,52489
2024-06,west,TRN,2024,TRN-CO,2.5T 하이브리드,AWD,포레스트 그린,18,18,32806
2024-06,west,TRN,2024,TRN-CO,2.5T 하이브리드,AWD,샌드 베이지,18,18,32806
2024-06,west,TRN,2024,TRN-CO,2.5T 하이브리드,FWD,스노우 화이트,28,29,52489
2024-06,west,TRN,2024,TRN-CO,2.5T 하이브리드,FWD,미드나잇 블랙,22,23,41554
2024-06,west,TRN,2024,TRN-CO,2.5T 하이브리드,FWD,스틸 그레이,19,19,34993
2024-06,west,TRN,2024,TRN-CO,2.5T 하이브리드,FWD,실버,15,16,28432
2024-06,west,TRN,2024,TRN-CO,2.5T 하이브리드,FWD,오션 블루,12,12,21870
2024-06,west,TRN,2024,TRN-CO,2.5T 하이브리드,FWD,선셋 레드,9,10,17496
2024-06,west,TRN,2024,TRN-CO,2.5T 하이브리드,FWD,포레스트 그린,6,6,10935
2024-06,west,TRN,2024,TRN-CO,2.5T 하이브리드,FWD,샌드 베이지,6,6,10935
2024-06,west,TRN,2024,TRN-PR,3.5 가솔린,AWD,스노우 화이트,190,194,425729
2024-06,west,TRN,2024,TRN-PR,3.5 가솔린,AWD,미드나잇 블랙,151,154,337035
2024-06,west,TRN,2024,TRN-PR,3.5 가솔린,AWD,스틸 그레이,127,129,283819
2024-06,west,TRN,2024,TRN-PR,3.5 가솔린,AWD,실버,103,105,230603
2024-06,west,TRN,2024,TRN-PR,3.5 가솔린,AWD,오션 블루,79,81,177387
2024-06,west,TRN,2024,TRN-PR,3.5 가솔린,AWD,선셋 레드,63,65,141910
2024-06,west,TRN,2024,TRN-PR,3.5 가솔린,AWD,포레스트 그린,40,40,88694
2024-06,west,TRN,2024,TRN-PR,3.5 가솔린,AWD,샌드 베이지,40,40,88694
2024-06,west,TRN,2024,TRN-PR,3.5 가솔린,FWD,스노우 화이트,63,65,141910
2024-06,west,TRN,2024,TRN-PR,3.5 가솔린,FWD,미드나잇 블랙,50,51,112345
2024-06,west,TRN,2024,TRN-PR,3.5 가솔린,FWD,스틸 그레이,42,43,94606
2024-06,west,TRN,2024,TRN-PR,3.5 가솔린,FWD,실버,34,35,76868
2024-06,west,TRN,2024,TRN-PR,3.5 가솔린,FWD,오션 블루,26,27,59129
2024-06,west,TRN,2024,TRN-PR,3.5 가솔린,FWD,선셋 레드,21,22,47303
2024-06,west,TRN,2024,TRN-PR,3.5 가솔린,FWD,포레스트 그린,13,13,29565
2024-06,west,TRN,2024,TRN-PR,3.5 가솔린,FWD,샌드 베이지,13,13,29565
2024-06,west,TRN,2024,TRN-PR,2.5T 하이브리드,AWD,스노우 화이트,98,100,219315
2024-06,west,TRN,2024,TRN-PR,2.5T 하이브리드,AWD,미드나잇 블랙,78,79,173624
2024-06,west,TRN,2024,TRN-PR,2.5T 하이브리드,AWD,스틸 그레이,65,67,146210
2024-06,west,TRN,2024,TRN-PR,2.5T 하이브리드,AWD,실버,53,54,118796
2024-06,west,TRN,2024,TRN-PR,2.5T 하이브리드,AWD,오션 블루,41,42,91381
2024-06,west,TRN,2024,TRN-PR,2.5T 하이브리드,AWD,선셋 레드,33,33,73105
2024-06,west,TRN,2024,TRN-PR,2.5T 하이브리드,AWD,포레스트 그린,20,21,45691
2024-06,west,TRN,2024,TRN-PR,2.5T 하이브리드,AWD,샌드 베이지,20,21,45691
2024-06,west,TRN,2024,TRN-PR,2.5T 하이브리드,FWD,스노우 화이트,33,33,73105
2024-06,west,TRN,2024,TRN-PR,2.5T 하이브리드,FWD,미드나잇 블랙,26,26,57875
2024-06,west,TRN,2024,TRN-PR,2.5T 하이브리드,FWD,스틸 그레이,22,22,48737
2024-06,west,TRN,2024,TRN-PR,2.5T 하이브리드,FWD,실버,18,18,39599
2024-06,west,TRN,2024,TRN-PR,2.5T 하이브리드,FWD,오션 블루,14,14,30460
2024-06,west,TRN,2024,TRN-PR,2.5T 하이브리드,FWD,선셋 레드,11,11,24368
2024-06,west,TRN,2024,TRN-PR,2.5T 하이브리드,FWD,포레스트 그린,7,7,15230
2024-06,west,TRN,2024,TRN-PR,2.5T 하이브리드,FWD,샌드 베이지,7,7,15230
2024-06,west,TRN,2024,TRN-SU,3.5 가솔린,AWD,스노우 화이트,78,79,225559
2024-06,west,TRN,2024,TRN-SU,3.5 가솔린,AWD,미드나잇 블랙,62,63,178568
2024-06,west,TRN,2024,TRN-SU,3.5 가솔린,AWD,스틸 그레이,52,53,150373
2024-06,west,TRN,2024,TRN-SU,3.5 가솔린,AWD,실버,42,43,122178
2024-06,west,TRN,2024,TRN-SU,3.5 가솔린,AWD,오션 블루,32,33,93983
2024-06,west,TRN,2024,TRN-SU,3.5 가솔린,AWD,선셋 레드,26,26,75186
2024-06,west,TRN,2024,TRN-SU,3.5 가솔린,AWD,포레스트 그린,16,17,46991
2024-06,west,TRN,2024,TRN-SU,3.5 가솔린,AWD,샌드 베이지,16,17,46991
2024-06,west,TRN,2024,TRN-SU,3.5 가솔린,FWD,스노우 화이트,26,26,75186
2024-06,west,TRN,2024,TRN-SU,3.5 가솔린,FWD,미드나잇 블랙,21,21,59523
2024-06,west,TRN,2024,TRN-SU,3.5 가솔린,FWD,스틸 그레이,17,18,50124
2024-06,west,TRN,2024,TRN-SU,3.5 가솔린,FWD,실버,14,14,40726
2024-06,west,TRN,2024,TRN-SU,3.5 가솔린,FWD,오션 블루,11,11,31328
2024-06,west,TRN,2024,TRN-SU,3.5 가솔린,FWD,선셋 레드,9,9,25062
2024-06,west,TRN,2024,TRN-SU,3.5 가솔린,FWD,포레스트 그린,5,6,15664
2024-06,west,TRN,2024,TRN-SU,3.5 가솔린,FWD,샌드 베이지,5,6,15664
2024-06,west,TRN,2024,TRN-SU,2.5T 하이브리드,AWD,스노우 화이트,40,41,116197
2024-06,west,TRN,2024,TRN-SU,2.5T 하이브리드,AWD,미드나잇 블랙,32,32,91989
2024-06,west,TRN,2024,TRN-SU,2.5T 하이브리드,AWD,스틸 그레이,27,27,77465
2024-06,west,TRN,2024,TRN-SU,2.5T 하이브리드,AWD,실버,22,22,62940
2024-06,west,TRN,2024,TRN-SU,2.5T 하이브리드,AWD,오션 블루,17,17,48415
2024-06,west,TRN,2024,TRN-SU,2.5T 하이브리드,AWD,선셋 레드,13,14,38732
2024-06,west,TRN,2024,TRN-SU,2.5T 하이브리드,AWD,포레스트 그린,8,9,24208
2024-06,west,TRN,2024,TRN-SU,2.5T 하이브리드,AWD,샌드 베이지,8,9,24208
2024-06,west,TRN,2024,TRN-SU,2.5T 하이브리드,FWD,스노우 화이트,13,14,38732
2024-06,west,TRN,2024,TRN-SU,2.5T 하이브리드,FWD,미드나잇 블랙,11,11,30663
2024-06,west,TRN,2024,TRN-SU,2.5T 하이브리드,FWD,스틸 그레이,9,9,25822
2024-06,west,TRN,2024,TRN-SU,2.5T 하이브리드,FWD,실버,7,7,20980
2024-06,west,TRN,2024,TRN-SU,2.5T 하이브리드,FWD,오션 블루,6,6,16138
2024-06,west,TRN,2024,TRN-SU,2.5T 하이브리드,FWD,선셋 레드,4,5,12911
2024-06,west,TRN,2024,TRN-SU,2.5T 하이브리드,FWD,포레스트 그린,3,3,8069
2024-06,west,TRN,2024,TRN-SU,2.5T 하이브리드,FWD,샌드 베이지,3,3,8069
2024-06,central,TRN,2024,TRN-CO,3.5 가솔린,AWD,스노우 화이트,124,126,229842
2024-06,central,TRN,2024,TRN-CO,3.5 가솔린,AWD,미드나잇 블랙,98,100,181958
2024-06,central,TRN,2024,TRN-CO,3.5 가솔린,AWD,스틸 그레이,82,84,153228
2024-06,central,TRN,2024,TRN-CO,3.5 가솔린,AWD,실버,67,68,124498
2024-06,central,TRN,2024,TRN-CO,3.5 가솔린,AWD,오션 블루,51,53,95767
2024-06,central,TRN,2024,TRN-CO,3.5 가솔린,AWD,선셋 레드,41,42,76614
2024-06,central,TRN,2024,TRN-CO,3.5 가솔린,AWD,포레스트 그린,26,26,47884
2024-06,central,TRN,2024,TRN-CO,3.5 가솔린,AWD,샌드 베이지,26,26,47884
2024-06,central,TRN,2024,TRN-CO,3.5 가솔린,FWD,스노우 화이트,20,20,36641
2024-06,central,TRN,2024,TRN-CO,3.5 가솔린,FWD,미드나잇 블랙,16,16,29008
2024-06,central,TRN,2024,TRN-CO,3.5 가솔린,FWD,스틸 그레이,13,13,24428
2024-06,central,TRN,2024,TRN-CO,3.5 가솔린,FWD,실버,11,11,19847
2024-06,central,TRN,2024,TRN-CO,3.5 가솔린,FWD,오션 블루,8,8,15267
2024-06,central,TRN,2024,TRN-CO,3.5 가솔린,FWD,선셋 레드,7,7,12214
2024-06,central,TRN,2024,TRN-CO,3.5 가솔린,FWD,포레스트 그린,4,4,7634
2024-06,central,TRN,2024,TRN-CO,3.5 가솔린,FWD,샌드 베이지,4,4,7634
2024-06,central,TRN,2024,TRN-CO,2.5T 하이브리드,AWD,스노우 화이트,64,65,118403
2024-06,central,TRN,2024,TRN-CO,2.5T 하이브리드,AWD,미드나잇 블랙,50,51,93736
2024-06,central,TRN,2024,TRN-CO,2.5T 하이브리드,AWD,스틸 그레이,42,43,78936
2024-06,central,TRN,2024,TRN-CO,2.5T 하이브리드,AWD,실버,34,35,64135
2024-06,central,TRN,2024,TRN-CO,2.5T 하이브리드,AWD,오션 블루,27,27,49335
2024-06,central,TRN,2024,TRN-CO,2.5T 하이브리드,AWD,선셋 레드,21,22,39468
2024-06,central,TRN,2024,TRN-CO,2.5T 하이브리드,AWD,포레스트 그린,13,14,24667
2024-06,central,TRN,2024,TRN-CO,2.5T 하이브리드,AWD,샌드 베이지,13,14,24667
2024-06,central,TRN,2024,TRN-CO,2.5T 하이브리드,FWD,스노우 화이트,10,10,18876
2024-06,central,TRN,2024,TRN-CO,2.5T 하이브리드,FWD,미드나잇 블랙,8,8,14943
2024-06,central,TRN,2024,TRN-CO,2.5T 하이브리드,FWD,스틸 그레이,7,7,12584
2024-06,central,TRN,2024,TRN-CO,2.5T 하이브리드,FWD,실버,5,6,10224
2024-06,central,TRN,2024,TRN-CO,2.5T 하이브리드,FWD,오션 블루,4,4,7865
2024-06,central,TRN,2024,TRN-CO,2.5T 하이브리드,FWD,선셋 레드,3,3,6292
2024-06,central,TRN,2024,TRN-CO,2.5T 하이브리드,FWD,포레스트 그린,2,2,3932
2024-06,central,TRN,2024,TRN-CO,2.5T 하이브리드,FWD,샌드 베이지,2,2,3932
2024-06,central,TRN,2024,TRN-PR,3.5 가솔린,AWD,스노우 화이트,143,146,320115
2024-06,central,TRN,2024,TRN-PR,3.5 가솔린,AWD,미드나잇 블랙,113,116,253425
2024-06,central,TRN,2024,TRN-PR,3.5 가솔린,AWD,스틸 그레이,95,97,213410
2024-06,central,TRN,2024,TRN-PR,3.5 가솔린,AWD,실버,77,79,173396
2024-06,central,TRN,2024,TRN-PR,3.5 가솔린,AWD,오션 블루,60,61,133381
2024-06,central,TRN,2024,TRN-PR,3.5 가솔린,AWD,선셋 레드,48,49,106705
2024-06,central,TRN,2024,TRN-PR,3.5 가솔린,AWD,포레스트 그린,30,30,66691
2024-06,central,TRN,2024,TRN-PR,3.5 가솔린,AWD,샌드 베이지,30,30,66691
2024-06,central,TRN,2024,TRN-PR,3.5 가솔린,FWD,스노우 화이트,23,23,51033
2024-06,central,TRN,2024,TRN-PR,3.5 가솔린,FWD,미드나잇 블랙,18,18,40401
2024-06,central,TRN,2024,TRN-PR,3.5 가솔린,FWD,스틸 그레이,15,16,34022
2024-06,central,TRN,2024,TRN-PR,3.5 가솔린,FWD,실버,12,13,27643
2024-06,central,TRN,2024,TRN-PR,3.5 가솔린,FWD,오션 블루,10,10,21264
2024-06,central,TRN,2024,TRN-PR,3.5 가솔린,FWD,선셋 레드,8,8,17011
2024-06,central,TRN,2024,TRN-PR,3.5 가솔린,FWD,포레스트 그린,5,5,10632
2024-06,central,TRN,2024,TRN-PR,3.5 가솔린,FWD,샌드 베이지,5,5,10632
2024-06,central,TRN,2024,TRN-PR,2.5T 하이브리드,AWD,스노우 화이트,74,75,164908
2024-06,central,TRN,2024,TRN-PR,2.5T 하이브리드,AWD,미드나잇 블랙,58,60,130552
2024-06,central,TRN,2024,TRN-PR,2.5T 하이브리드,AWD,스틸 그레이,49,50,109939
2024-06,central,TRN,2024,TRN-PR,2.5T 하이브리드,AWD,실버,40,41,89325
2024-06,central,TRN,2024,TRN-PR,2.5T 하이브리드,AWD,오션 블루,31,31,68712
2024-06,central,TRN,2024,TRN-PR,2.5T 하이브리드,AWD,선셋 레드,25,25,54969
2024-06,central,TRN,2024,TRN-PR,2.5T 하이브리드,AWD,포레스트 그린,15,16,34356
2024-06,central,TRN,2024,TRN-PR,2.5T 하이브리드,AWD,샌드 베이지,15,16,34356
2024-06,central,TRN,2024,TRN-PR,2.5T 하이브리드,FWD,스노우 화이트,12,12,26290
2024-06,central,TRN,2024,TRN-PR,2.5T 하이브리드,FWD,미드나잇 블랙,9,9,20813
2024-06,central,TRN,2024,TRN-PR,2.5T 하이브리드,FWD,스틸 그레이,8,8,17526
2024-06,central,TRN,2024,TRN-PR,2.5T 하이브리드,FWD,실버,6,6,14240
2024-06,central,TRN,2024,TRN-PR,2.5T 하이브리드,FWD,오션 블루,5,5,10954
2024-06,central,TRN,2024,TRN-PR,2.5T 하이브리드,FWD,선셋 레드,4,4,8763
2024-06,central,TRN,2024,TRN-PR,2.5T 하이브리드,FWD,포레스트 그린,2,2,5477
2024-06,central,TRN,2024,TRN-PR,2.5T 하이브리드,FWD,샌드 베이지,2,2,5477
2024-06,central,TRN,2024,TRN-SU,3.5 가솔린,AWD,스노우 화이트,59,60,169603
2024-06,central,TRN,2024,TRN-SU,3.5 가솔린,AWD,미드나잇 블랙,46,47,134269
2024-06,central,TRN,2024,TRN-SU,3.5 가솔린,AWD,스틸 그레이,39,40,113069
2024-06,central,TRN,2024,TRN-SU,3.5 가솔린,AWD,실버,32,32,91868
2024-06,central,TRN,2024,TRN-SU,3.5 가솔린,AWD,오션 블루,24,25,70668
2024-06,central,TRN,2024,TRN-SU,3.5 가솔린,AWD,선셋 레드,20,20,56534
2024-06,central,TRN,2024,TRN-SU,3.5 가솔린,AWD,포레스트 그린,12,12,35334
2024-06,central,TRN,2024,TRN-SU,3.5 가솔린,AWD,샌드 베이지,12,12,35334
2024-06,central,TRN,2024,TRN-SU,3.5 가솔린,FWD,스노우 화이트,9,10,27038
2024-06,central,TRN,2024,TRN-SU,3.5 가솔린,FWD,미드나잇 블랙,7,8,21405
2024-06,central,TRN,2024,TRN-SU,3.5 가솔린,FWD,스틸 그레이,6,6,18025
2024-06,central,TRN,2024,TRN-SU,3.5 가솔린,FWD,실버,5,5,14646
2024-06,central,TRN,2024,TRN-SU,3.5 가솔린,FWD,오션 블루,4,4,11266
2024-06,central,TRN,2024,TRN-SU,3.5 가솔린,FWD,선셋 레드,3,3,9013
2024-06,central,TRN,2024,TRN-SU,3.5 가솔린,FWD,포레스트 그린,2,2,5633
2024-06,central,TRN,2024,TRN-SU,3.5 가솔린,FWD,샌드 베이지,2,2,5633
2024-06,central,TRN,2024,TRN-SU,2.5T 하이브리드,AWD,스노우 화이트,30,31,87371
2024-06,central,TRN,2024,TRN-SU,2.5T 하이브리드,AWD,미드나잇 블랙,24,24,69169
2024-06,central,TRN,2024,TRN-SU,2.5T 하이브리드,AWD,스틸 그레이,20,21,58248
2024-06,central,TRN,2024,TRN-SU,2.5T 하이브리드,AWD,실버,16,17,47326
2024-06,central,TRN,2024,TRN-SU,2.5T 하이브리드,AWD,오션 블루,13,13,36405
2024-06,central,TRN,2024,TRN-SU,2.5T 하이브리드,AWD,선셋 레드,10,10,29124
2024-06,central,TRN,2024,TRN-SU,2.5T 하이브리드,AWD,포레스트 그린,6,6,18202
2024-06,central,TRN,2024,TRN-SU,2.5T 하이브리드,AWD,샌드 베이지,6,6,18202
2024-06,central,TRN,2024,TRN-SU,2.5T 하이브리드,FWD,스노우 화이트,5,5,13929
2024-06,central,TRN,2024,TRN-SU,2.5T 하이브리드,FWD,미드나잇 블랙,4,4,11027
2024-06,central,TRN,2024,TRN-SU,2.5T 하이브리드,FWD,스틸 그레이,3,3,9286
2024-06,central,TRN,2024,TRN-SU,2.5T 하이브리드,FWD,실버,3,3,7545
2024-06,central,TRN,2024,TRN-SU,2.5T 하이브리드,FWD,오션 블루,2,2,5804
2024-06,central,TRN,2024,TRN-SU,2.5T 하이브리드,FWD,선셋 레드,2,2,4643
2024-06,central,TRN,2024,TRN-SU,2.5T 하이브리드,FWD,포레스트 그린,1,1,2902
2024-06,central,TRN,2024,TRN-SU,2.5T 하이브리드,FWD,샌드 베이지,1,1,2902
2024-06,south,TRN,2024,TRN-CO,3.5 가솔린,AWD,스노우 화이트,100,102,186225
2024-06,south,TRN,2024,TRN-CO,3.5 가솔린,AWD,미드나잇 블랙,79,81,147428
2024-06,south,TRN,2024,TRN-CO,3.5 가솔린,AWD,스틸 그레이,67,68,124150
2024-06,south,TRN,2024,TRN-CO,3.5 가솔린,AWD,실버,54,55,100872
2024-06,south,TRN,2024,TRN-CO,3.5 가솔린,AWD,오션 블루,42,43,77594
2024-06,south,TRN,2024,TRN-CO,3.5 가솔린,AWD,선셋 레드,33,34,62075
2024-06,south,TRN,2024,TRN-CO,3.5 가솔린,AWD,포레스트 그린,21,21,38797
2024-06,south,TRN,2024,TRN-CO,3.5 가솔린,AWD,샌드 베이지,21,21,38797
2024-06,south,TRN,2024,TRN-CO,3.5 가솔린,FWD,스노우 화이트,85,87,158636
2024-06,south,TRN,2024,TRN-CO,3.5 가솔린,FWD,미드나잇 블랙,68,69,125587
2024-06,south,TRN,2024,TRN-CO,3.5 가솔린,FWD,스틸 그레이,57,58,105757
2024-06,south,TRN,2024,TRN-CO,3.5 가솔린,FWD,실버,46,47,85928
2024-06,south,TRN,2024,TRN-CO,3.5 가솔린,FWD,오션 블루,36,36,66098
2024-06,south,TRN,2024,TRN-CO,3.5 가솔린,FWD,선셋 레드,28,29,52879
2024-06,south,TRN,2024,TRN-CO,3.5 가솔린,FWD,포레스트 그린,18,18,33049
2024-06,south,TRN,2024,TRN-CO,3.5 가솔린,FWD,샌드 베이지,18,18,33049
2024-06,south,TRN,2024,TRN-CO,2.5T 하이브리드,AWD,스노우 화이트,52,53,95934
2024-06,south,TRN,2024,TRN-CO,2.5T 하이브리드,AWD,미드나잇 블랙,41,42,75948
2024-06,south,TRN,2024,TRN-CO,2.5T 하이브리드,AWD,스틸 그레이,34,35,63956
2024-06,south,TRN,2024,TRN-CO,2.5T 하이브리드,AWD,실버,28,28,51964
2024-06,south,TRN,2024,TRN-CO,2.5T 하이브리드,AWD,오션 블루,21,22,39972
2024-06,south,TRN,2024,TRN-CO,2.5T 하이브리드,AWD,선셋 레드,17,18,31978
2024-06,south,TRN,2024,TRN-CO,2.5T 하이브리드,AWD,포레스트 그린,11,11,19986
2024-06,south,TRN,2024,TRN-CO,2.5T 하이브리드,AWD,샌드 베이지,11,11,19986
2024-06,south,TRN,2024,TRN-CO,2.5T 하이브리드,FWD,스노우 화이트,44,45,81721
2024-06,south,TRN,2024,TRN-CO,2.5T 하이브리드,FWD,미드나잇 블랙,35,35,64696
2024-06,south,TRN,2024,TRN-CO,2.5T 하이브리드,FWD,스틸 그레이,29,30,54481
2024-06,south,TRN,2024,TRN-CO,2.5T 하이브리드,FWD,실버,24,24,44266
2024-06,south,TRN,2024,TRN-CO,2.5T 하이브리드,FWD,오션 블루,18,19,34051
2024-06,south,TRN,2024,TRN-CO,2.5T 하이브리드,FWD,선셋 레드,15,15,27240
2024-06,south,TRN,2024,TRN-CO,2.5T 하이브리드,FWD,포레스트 그린,9,9,17025
2024-06,south,TRN,2024,TRN-CO,2.5T 하이브리드,FWD,샌드 베이지,9,9,17025
2024-06,south,TRN,2024,TRN-PR,3.5 가솔린,AWD,스노우 화이트,116,118,259367
2024-06,south,TRN,2024,TRN-PR,3.5 가솔린,AWD,미드나잇 블랙,92,94,205332
2024-06,south,TRN,2024,TRN-PR,3.5 가솔린,AWD,스틸 그레이,77,79,172911
2024-06,south,TRN,2024,TRN-PR,3.5 가솔린,AWD,실버,63,64,140491
2024-06,south,TRN,2024,TRN-PR,3.5 가솔린,AWD,오션 블루,48,49,108070
2024-06,south,TRN,2024,TRN-PR,3.5 가솔린,AWD,선셋 레드,39,39,86456
2024-06,south,TRN,2024,TRN-PR,3.5 가솔린,AWD,포레스트 그린,24,25,54035
2024-06,south,TRN,2024,TRN-PR,3.5 가솔린,AWD,샌드 베이지,24,25,54035
2024-06,south,TRN,2024,TRN-PR,3.5 가솔린,FWD,스노우 화이트,99,101,220942
2024-06,south,TRN,2024,TRN-PR,3.5 가솔린,FWD,미드나잇 블랙,78,80,174913
2024-06,south,TRN,2024,TRN-PR,3.5 가솔린,FWD,스틸 그레이,66,67,147295
2024-06,south,TRN,2024,TRN-PR,3.5 가솔린,FWD,실버,53,55,119677
2024-06,south,TRN,2024,TRN-PR,3.5 가솔린,FWD,오션 블루,41,42,92059
2024-06,south,TRN,2024,TRN-PR,3.5 가솔린,FWD,선셋 레드,33,34,73647
2024-06,south,TRN,2024,TRN-PR,3.5 가솔린,FWD,포레스트 그린,21,21,46030
2024-06,south,TRN,2024,TRN-PR,3.5 가솔린,FWD,샌드 베이지,21,21,46030
2024-06,south,TRN,2024,TRN-PR,2.5T 하이브리드,AWD,스노우 화이트,60,61,133613
2024-06,south,TRN,2024,TRN-PR,2.5T 하이브리드,AWD,미드나잇 블랙,47,48,105777
2024-06,south,TRN,2024,TRN-PR,2.5T 하이브리드,AWD,스틸 그레이,40,41,89076
2024-06,south,TRN,2024,TRN-PR,2.5T 하이브리드,AWD,실버,32,33,72374
2024-06,south,TRN,2024,TRN-PR,2.5T 하이브리드,AWD,오션 블루,25,25,55672
2024-06,south,TRN,2024,TRN-PR,2.5T 하이브리드,AWD,선셋 레드,20,20,44538
2024-06,south,TRN,2024,TRN-PR,2.5T 하이브리드,AWD,포레스트 그린,12,13,27836
2024-06,south,TRN,2024,TRN-PR,2.5T 하이브리드,AWD,샌드 베이지,12,13,27836
2024-06,south,TRN,2024,TRN-PR,2.5T 하이브리드,FWD,스노우 화이트,51,52,113819
2024-06,south,TRN,2024,TRN-PR,2.5T 하이브리드,FWD,미드나잇 블랙,40,41,90107
2024-06,south,TRN,2024,TRN-PR,2.5T 하이브리드,FWD,스틸 그레이,34,35,75879
2024-06,south,TRN,2024,TRN-PR,2.5T 하이브리드,FWD,실버,28,28,61652
2024-06,south,TRN,2024,TRN-PR,2.5T 하이브리드,FWD,오션 블루,21,22,47424
2024-06,south,TRN,2024,TRN-PR,2.5T 하이브리드,FWD,선셋 레드,17,17,37940
2024-06,south,TRN,2024,TRN-PR,2.5T 하이브리드,FWD,포레스트 그린,11,11,23712
2024-06,south,TRN,2024,TRN-PR,2.5T 하이브리드,FWD,샌드 베이지,11,11,23712
2024-06,south,TRN,2024,TRN-SU,3.5 가솔린,AWD,스노우 화이트,47,48,137418
2024-06,south,TRN,2024,TRN-SU,3.5 가솔린,AWD,미드나잇 블랙,38,38,108789
2024-06,south,TRN,2024,TRN-SU,3.5 가솔린,AWD,스틸 그레이,32,32,91612
2024-06,south,TRN,2024,TRN-SU,3.5 가솔린,AWD,실버,26,26,74435
2024-06,south,TRN,2024,TRN-SU,3.5 가솔린,AWD,오션 블루,20,20,57257
2024-06,south,TRN,2024,TRN-SU,3.5 가솔린,AWD,선셋 레드,16,16,45806
2024-06,south,TRN,2024,TRN-SU,3.5 가솔린,AWD,포레스트 그린,10,10,28629
2024-06,south,TRN,2024,TRN-SU,3.5 가솔린,AWD,샌드 베이지,10,10,28629
2024-06,south,TRN,2024,TRN-SU,3.5 가솔린,FWD,스노우 화이트,40,41,117059
2024-06,south,TRN,2024,TRN-SU,3.5 가솔린,FWD,미드나잇 블랙,32,33,92672
2024-06,south,TRN,2024,TRN-SU,3.5 가솔린,FWD,스틸 그레이,27,27,78040
2024-06,south,TRN,2024,TRN-SU,3.5 가솔린,FWD,실버,22,22,63407
2024-06,south,TRN,2024,TRN-SU,3.5 가솔린,FWD,오션 블루,17,17,48775
2024-06,south,TRN,2024,TRN-SU,3.5 가솔린,FWD,선셋 레드,13,14,39020
2024-06,south,TRN,2024,TRN-SU,3.5 가솔린,FWD,포레스트 그린,8,9,24387
2024-06,south,TRN,2024,TRN-SU,3.5 가솔린,FWD,샌드 베이지,8,9,24387
2024-06,south,TRN,2024,TRN-SU,2.5T 하이브리드,AWD,스노우 화이트,24,25,70791
2024-06,south,TRN,2024,TRN-SU,2.5T 하이브리드,AWD,미드나잇 블랙,19,20,56043
2024-06,south,TRN,2024,TRN-SU,2.5T 하이브리드,AWD,스틸 그레이,16,17,47194
2024-06,south,TRN,2024,TRN-SU,2.5T 하이브리드,AWD,실버,13,13,38345
2024-06,south,TRN,2024,TRN-SU,2.5T 하이브리드,AWD,오션 블루,10,10,29496
2024-06,south,TRN,2024,TRN-SU,2.5T 하이브리드,AWD,선셋 레드,8,8,23597
2024-06,south,TRN,2024,TRN-SU,2.5T 하이브리드,AWD,포레스트 그린,5,5,14748
2024-06,south,TRN,2024,TRN-SU,2.5T 하이브리드,AWD,샌드 베이지,5,5,14748
2024-06,south,TRN,2024,TRN-SU,2.5T 하이브리드,FWD,스노우 화이트,21,21,60303
2024-06,south,TRN,2024,TRN-SU,2.5T 하이브리드,FWD,미드나잇 블랙,16,17,47740
2024-06,south,TRN,2024,TRN-SU,2.5T 하이브리드,FWD,스틸 그레이,14,14,40202
2024-06,south,TRN,2024,TRN-SU,2.5T 하이브리드,FWD,실버,11,11,32664
2024-06,south,TRN,2024,TRN-SU,2.5T 하이브리드,FWD,오션 블루,9,9,25126
2024-06,south,TRN,2024,TRN-SU,2.5T 하이브리드,FWD,선셋 레드,7,7,20101
2024-06,south,TRN,2024,TRN-SU,2.5T 하이브리드,FWD,포레스트 그린,4,4,12563
2024-06,south,TRN,2024,TRN-SU,2.5T 하이브리드,FWD,샌드 베이지,4,4,12563
2024-06,northeast,TRN,2024,TRN-CO,3.5 가솔린,AWD,스노우 화이트,136,139,253159
2024-06,northeast,TRN,2024,TRN-CO,3.5 가솔린,AWD,미드나잇 블랙,108,110,200417
2024-06,northeast,TRN,2024,TRN-CO,3.5 가솔린,AWD,스틸 그레이,91,93,168773
2024-06,northeast,TRN,2024,TRN-CO,3.5 가솔린,AWD,실버,74,75,137128
2024-06,northeast,TRN,2024,TRN-CO,3.5 가솔린,AWD,오션 블루,57,58,105483
2024-06,northeast,TRN,2024,TRN-CO,3.5 가솔린,AWD,선셋 레드,45,46,84386
2024-06,northeast,TRN,2024,TRN-CO,3.5 가솔린,AWD,포레스트 그린,28,29,52741
2024-06,northeast,TRN,2024,TRN-CO,3.5 가솔린,AWD,샌드 베이지,28,29,52741
2024-06,northeast,TRN,2024,TRN-CO,3.5 가솔린,FWD,스노우 화이트,7,7,13324
2024-06,northeast,TRN,2024,TRN-CO,3.5 가솔린,FWD,미드나잇 블랙,6,6,10548
2024-06,northeast,TRN,2024,TRN-CO,3.5 가솔린,FWD,스틸 그레이,5,5,8883
2024-06,northeast,TRN,2024,TRN-CO,3.5 가솔린,FWD,실버,4,4,7217
2024-06,northeast,TRN,2024,TRN-CO,3.5 가솔린,FWD,오션 블루,3,3,5552
2024-06,northeast,TRN,2024,TRN-CO,3.5 가솔린,FWD,선셋 레드,2,2,4441
2024-06,northeast,TRN,2024,TRN-CO,3.5 가솔린,FWD,포레스트 그린,1,2,2776
2024-06,northeast,TRN,2024,TRN-CO,3.5 가솔린,FWD,샌드 베이지,1,2,2776
2024-06,northeast,TRN,2024,TRN-CO,2.5T 하이브리드,AWD,스노우 화이트,70,72,130415
2024-06,northeast,TRN,2024,TRN-CO,2.5T 하이브리드,AWD,미드나잇 블랙,56,57,103245
2024-06,northeast,TRN,2024,TRN-CO,2.5T 하이브리드,AWD,스틸 그레이,47,48,86943
2024-06,northeast,TRN,2024,TRN-CO,2.5T 하이브리드,AWD,실버,38,39,70642
2024-06,northeast,TRN,2024,TRN-CO,2.5T 하이브리드,AWD,오션 블루,29,30,54340
2024-06,northeast,TRN,2024,TRN-CO,2.5T 하이브리드,AWD,선셋 레드,23,24,43472
2024-06,northeast,TRN,2024,TRN-CO,2.5T 하이브리드,AWD,포레스트 그린,15,15,27170
2024-06,northeast,TRN,2024,TRN-CO,2.5T 하이브리드,AWD,샌드 베이지,15,15,27170
2024-06,northeast,TRN,2024,TRN-CO,2.5T 하이브리드,FWD,스노우 화이트,4,4,6864
2024-06,northeast,TRN,2024,TRN-CO,2.5T 하이브리드,FWD,미드나잇 블랙,3,3,5434
2024-06,northeast,TRN,2024,TRN-CO,2.5T 하이브리드,FWD,스틸 그레이,2,3,4576
2024-06,northeast,TRN,2024,TRN-CO,2.5T 하이브리드,FWD,실버,2,2,3718
2024-06,northeast,TRN,2024,TRN-CO,2.5T 하이브리드,FWD,오션 블루,2,2,2860
2024-06,northeast,TRN,2024,TRN-CO,2.5T 하이브리드,FWD,선셋 레드,1,1,2288
2024-06,northeast,TRN,2024,TRN-CO,2.5T 하이브리드,FWD,포레스트 그린,1,1,1430
2024-06,northeast,TRN,2024,TRN-CO,2.5T 하이브리드,FWD,샌드 베이지,1,1,1430
2024-06,northeast,TRN,2024,TRN-PR,3.5 가솔린,AWD,스노우 화이트,158,161,352591
2024-06,northeast,TRN,2024,TRN-PR,3.5 가솔린,AWD,미드나잇 블랙,125,127,279134
2024-06,northeast,TRN,2024,TRN-PR,3.5 가솔린,AWD,스틸 그레이,105,107,235061
2024-06,northeast,TRN,2024,TRN-PR,3.5 가솔린,AWD,실버,85,87,190987
2024-06,northeast,TRN,2024,TRN-PR,3.5 가솔린,AWD,오션 블루,66,67,146913
2024-06,northeast,TRN,2024,TRN-PR,3.5 가솔린,AWD,선셋 레드,53,54,117530
2024-06,northeast,TRN,2024,TRN-PR,3.5 가솔린,AWD,포레스트 그린,33,33,73456
2024-06,northeast,TRN,2024,TRN-PR,3.5 가솔린,AWD,샌드 베이지,33,33,73456
2024-06,northeast,TRN,2024,TRN-PR,3.5 가솔린,FWD,스노우 화이트,8,8,18557
2024-06,northeast,TRN,2024,TRN-PR,3.5 가솔린,FWD,미드나잇 블랙,7,7,14691
2024-06,northeast,TRN,2024,TRN-PR,3.5 가솔린,FWD,스틸 그레이,6,6,12372
2024-06,northeast,TRN,2024,TRN-PR,3.5 가솔린,FWD,실버,4,5,10052
2024-06,northeast,TRN,2024,TRN-PR,3.5 가솔린,FWD,오션 블루,3,4,7732
2024-06,northeast,TRN,2024,TRN-PR,3.5 가솔린,FWD,선셋 레드,3,3,6186
2024-06,northeast,TRN,2024,TRN-PR,3.5 가솔린,FWD,포레스트 그린,2,2,3866
2024-06,northeast,TRN,2024,TRN-PR,3.5 가솔린,FWD,샌드 베이지,2,2,3866
2024-06,northeast,TRN,2024,TRN-PR,2.5T 하이브리드,AWD,스노우 화이트,81,83,181638
2024-06,northeast,TRN,2024,TRN-PR,2.5T 하이브리드,AWD,미드나잇 블랙,64,66,143796
2024-06,northeast,TRN,2024,TRN-PR,2.5T 하이브리드,AWD,스틸 그레이,54,55,121092
2024-06,northeast,TRN,2024,TRN-PR,2.5T 하이브리드,AWD,실버,44,45,98387
2024-06,northeast,TRN,2024,TRN-PR,2.5T 하이브리드,AWD,오션 블루,34,35,75682
2024-06,northeast,TRN,2024,TRN-PR,2.5T 하이브리드,AWD,선셋 레드,27,28,60546
2024-06,northeast,TRN,2024,TRN-PR,2.5T 하이브리드,AWD,포레스트 그린,17,17,37841
2024-06,northeast,TRN,2024,TRN-PR,2.5T 하이브리드,AWD,샌드 베이지,17,17,37841
2024-06,northeast,TRN,2024,TRN-PR,2.5T 하이브리드,FWD,스노우 화이트,4,4,9560
2024-06,northeast,TRN,2024,TRN-PR,2.5T 하이브리드,FWD,미드나잇 블랙,3,3,7568
2024-06,northeast,TRN,2024,TRN-PR,2.5T 하이브리드,FWD,스틸 그레이,3,3,6373
2024-06,northeast,TRN,2024,TRN-PR,2.5T 하이브리드,FWD,실버,2,2,5178
2024-06,northeast,TRN,2024,TRN-PR,2.5T 하이브리드,FWD,오션 블루,2,2,3983
2024-06,northeast,TRN,2024,TRN-PR,2.5T 하이브리드,FWD,선셋 레드,1,1,3187
2024-06,northeast,TRN,2024,TRN-PR,2.5T 하이브리드,FWD,포레스트 그린,1,1,1992
2024-06,northeast,TRN,2024,TRN-PR,2.5T 하이브리드,FWD,샌드 베이지,1,1,1992
2024-06,northeast,TRN,2024,TRN-SU,3.5 가솔린,AWD,스노우 화이트,64,66,186809
2024-06,northeast,TRN,2024,TRN-SU,3.5 가솔린,AWD,미드나잇 블랙,51,52,147891
2024-06,northeast,TRN,2024,TRN-SU,3.5 가솔린,AWD,스틸 그레이,43,44,124539
2024-06,northeast,TRN,2024,TRN-SU,3.5 가솔린,AWD,실버,35,36,101188
2024-06,northeast,TRN,2024,TRN-SU,3.5 가솔린,AWD,오션 블루,27,27,77837
2024-06,northeast,TRN,2024,TRN-SU,3.5 가솔린,AWD,선셋 레드,21,22,62270
2024-06,northeast,TRN,2024,TRN-SU,3.5 가솔린,AWD,포레스트 그린,13,14,38919
2024-06,northeast,TRN,2024,TRN-SU,3.5 가솔린,AWD,샌드 베이지,13,14,38919
2024-06,northeast,TRN,2024,TRN-SU,3.5 가솔린,FWD,스노우 화이트,3,3,9832
2024-06,northeast,TRN,2024,TRN-SU,3.5 가솔린,FWD,미드나잇 블랙,3,3,7784
2024-06,northeast,TRN,2024,TRN-SU,3.5 가솔린,FWD,스틸 그레이,2,2,6555
2024-06,northeast,TRN,2024,TRN-SU,3.5 가솔린,FWD,실버,2,2,5326
2024-06,northeast,TRN,2024,TRN-SU,3.5 가솔린,FWD,오션 블루,1,1,4097
2024-06,northeast,TRN,2024,TRN-SU,3.5 가솔린,FWD,선셋 레드,1,1,3277
2024-06,northeast,TRN,2024,TRN-SU,3.5 가솔린,FWD,포레스트 그린,1,1,2048
2024-06,northeast,TRN,2024,TRN-SU,3.5 가솔린,FWD,샌드 베이지,1,1,2048
2024-06,northeast,TRN,2024,TRN-SU,2.5T 하이브리드,AWD,스노우 화이트,33,34,96235
2024-06,northeast,TRN,2024,TRN-SU,2.5T 하이브리드,AWD,미드나잇 블랙,26,27,76186
2024-06,northeast,TRN,2024,TRN-SU,2.5T 하이브리드,AWD,스틸 그레이,22,23,64157
2024-06,northeast,TRN,2024,TRN-SU,2.5T 하이브리드,AWD,실버,18,18,52127
2024-06,northeast,TRN,2024,TRN-SU,2.5T 하이브리드,AWD,오션 블루,14,14,40098
2024-06,northeast,TRN,2024,TRN-SU,2.5T 하이브리드,AWD,선셋 레드,11,11,32078
2024-06,northeast,TRN,2024,TRN-SU,2.5T 하이브리드,AWD,포레스트 그린,7,7,20049
2024-06,northeast,TRN,2024,TRN-SU,2.5T 하이브리드,AWD,샌드 베이지,7,7,20049
2024-06,northeast,TRN,2024,TRN-SU,2.5T 하이브리드,FWD,스노우 화이트,2,2,5065
2024-06,northeast,TRN,2024,TRN-SU,2.5T 하이브리드,FWD,미드나잇 블랙,1,1,4010
2024-06,northeast,TRN,2024,TRN-SU,2.5T 하이브리드,FWD,스틸 그레이,1,1,3377
2024-06,northeast,TRN,2024,TRN-SU,2.5T 하이브리드,FWD,실버,1,1,2744
2024-06,northeast,TRN,2024,TRN-SU,2.5T 하이브리드,FWD,오션 블루,1,1,2110
2024-06,northeast,TRN,2024,TRN-SU,2.5T 하이브리드,FWD,선셋 레드,1,1,1688
2024-06,southeast,TRN,2024,TRN-CO,3.5 가솔린,AWD,스노우 화이트,97,99,179876
2024-06,southeast,TRN,2024,TRN-CO,3.5 가솔린,AWD,미드나잇 블랙,77,78,142402
2024-06,southeast,TRN,2024,TRN-CO,3.5 가솔린,AWD,스틸 그레이,64,66,119917
2024-06,southeast,TRN,2024,TRN-CO,3.5 가솔린,AWD,실버,52,53,97433
2024-06,southeast,TRN,2024,TRN-CO,3.5 가솔린,AWD,오션 블루,40,41,74948
2024-06,southeast,TRN,2024,TRN-CO,3.5 가솔린,AWD,선셋 레드,32,33,59959
2024-06,southeast,TRN,2024,TRN-CO,3.5 가솔린,AWD,포레스트 그린,20,21,37474
2024-06,southeast,TRN,2024,TRN-CO,3.5 가솔린,AWD,샌드 베이지,20,21,37474
2024-06,southeast,TRN,2024,TRN-CO,3.5 가솔린,FWD,스노우 화이트,55,56,102282
2024-06,southeast,TRN,2024,TRN-CO,3.5 가솔린,FWD,미드나잇 블랙,44,44,80974
2024-06,southeast,TRN,2024,TRN-CO,3.5 가솔린,FWD,스틸 그레이,37,37,68188
2024-06,southeast,TRN,2024,TRN-CO,3.5 가솔린,FWD,실버,30,30,55403
2024-06,southeast,TRN,2024,TRN-CO,3.5 가솔린,FWD,오션 블루,23,23,42618
2024-06,southeast,TRN,2024,TRN-CO,3.5 가솔린,FWD,선셋 레드,18,19,34094
2024-06,southeast,TRN,2024,TRN-CO,3.5 가솔린,FWD,포레스트 그린,11,12,21309
2024-06,southeast,TRN,2024,TRN-CO,3.5 가솔린,FWD,샌드 베이지,11,12,21309
2024-06,southeast,TRN,2024,TRN-CO,2.5T 하이브리드,AWD,스노우 화이트,50,51,92663
2024-06,southeast,TRN,2024,TRN-CO,2.5T 하이브리드,AWD,미드나잇 블랙,39,40,73359
2024-06,southeast,TRN,2024,TRN-CO,2.5T 하이브리드,AWD,스틸 그레이,33,34,61776
2024-06,southeast,TRN,2024,TRN-CO,2.5T 하이브리드,AWD,실버,27,28,50193
2024-06,southeast,TRN,2024,TRN-CO,2.5T 하이브리드,AWD,오션 블루,21,21,38610
2024-06,southeast,TRN,2024,TRN-CO,2.5T 하이브리드,AWD,선셋 레드,17,17,30888
2024-06,southeast,TRN,2024,TRN-CO,2.5T 하이브리드,AWD,포레스트 그린,10,11,19305
2024-06,southeast,TRN,2024,TRN-CO,2.5T 하이브리드,AWD,샌드 베이지,10,11,19305
2024-06,southeast,TRN,2024,TRN-CO,2.5T 하이브리드,FWD,스노우 화이트,28,29,52691
2024-06,southeast,TRN,2024,TRN-CO,2.5T 하이브리드,FWD,미드나잇 블랙,22,23,41714
2024-06,southeast,TRN,2024,TRN-CO,2.5T 하이브리드,FWD,스틸 그레이,19,19,35127
2024-06,southeast,TRN,2024,TRN-CO,2.5T 하이브리드,FWD,실버,15,16,28541
2024-06,southeast,TRN,2024,TRN-CO,2.5T 하이브리드,FWD,오션 블루,12,12,21955
2024-06,southeast,TRN,2024,TRN-CO,2.5T 하이브리드,FWD,선셋 레드,9,10,17564
2024-06,southeast,TRN,2024,TRN-CO,2.5T 하이브리드,FWD,포레스트 그린,6,6,10977
2024-06,southeast,TRN,2024,TRN-CO,2.5T 하이브리드,FWD,샌드 베이지,6,6,10977
2024-06,southeast,TRN,2024,TRN-PR,3.5 가솔린,AWD,스노우 화이트,112,114,250525
2024-06,southeast,TRN,2024,TRN-PR,3.5 가솔린,AWD,미드나잇 블랙,89,90,198332
2024-06,southeast,TRN,2024,TRN-PR,3.5 가솔린,AWD,스틸 그레이,75,76,167017
2024-06,southeast,TRN,2024,TRN-PR,3.5 가솔린,AWD,실버,61,62,135701
2024-06,southeast,TRN,2024,TRN-PR,3.5 가솔린,AWD,오션 블루,47,48,104385
2024-06,southeast,TRN,2024,TRN-PR,3.5 가솔린,AWD,선셋 레드,37,38,83508
2024-06,southeast,TRN,2024,TRN-PR,3.5 가솔린,AWD,포레스트 그린,23,24,52193
2024-06,southeast,TRN,2024,TRN-PR,3.5 가솔린,AWD,샌드 베이지,23,24,52193
2024-06,southeast,TRN,2024,TRN-PR,3.5 가솔린,FWD,스노우 화이트,64,65,142455
2024-06,southeast,TRN,2024,TRN-PR,3.5 가솔린,FWD,미드나잇 블랙,50,51,112777
2024-06,southeast,TRN,2024,TRN-PR,3.5 가솔린,FWD,스틸 그레이,42,43,94970
2024-06,southeast,TRN,2024,TRN-PR,3.5 가솔린,FWD,실버,34,35,77163
2024-06,southeast,TRN,2024,TRN-PR,3.5 가솔린,FWD,오션 블루,27,27,59356
2024-06,southeast,TRN,2024,TRN-PR,3.5 가솔린,FWD,선셋 레드,21,22,47485
2024-06,southeast,TRN,2024,TRN-PR,3.5 가솔린,FWD,포레스트 그린,13,14,29678
2024-06,southeast,TRN,2024,TRN-PR,3.5 가솔린,FWD,샌드 베이지,13,14,29678
2024-06,southeast,TRN,2024,TRN-PR,2.5T 하이브리드,AWD,스노우 화이트,58,59,129058
2024-06,southeast,TRN,2024,TRN-PR,2.5T 하이브리드,AWD,미드나잇 블랙,46,47,102171
2024-06,southeast,TRN,2024,TRN-PR,2.5T 하이브리드,AWD,스틸 그레이,38,39,86039
2024-06,southeast,TRN,2024,TRN-PR,2.5T 하이브리드,AWD,실버,31,32,69907
2024-06,southeast,TRN,2024,TRN-PR,2.5T 하이브리드,AWD,오션 블루,24,25,53774
2024-06,southeast,TRN,2024,TRN-PR,2.5T 하이브리드,AWD,선셋 레드,19,20,43019
2024-06,southeast,TRN,2024,TRN-PR,2.5T 하이브리드,AWD,포레스트 그린,12,12,26887
2024-06,southeast,TRN,2024,TRN-PR,2.5T 하이브리드,AWD,샌드 베이지,12,12,26887
2024-06,southeast,TRN,2024,TRN-PR,2.5T 하이브리드,FWD,스노우 화이트,33,33,73386
2024-06,southeast,TRN,2024,TRN-PR,2.5T 하이브리드,FWD,미드나잇 블랙,26,26,58097
2024-06,southeast,TRN,2024,TRN-PR,2.5T 하이브리드,FWD,스틸 그레이,22,22,48924
2024-06,southeast,TRN,2024,TRN-PR,2.5T 하이브리드,FWD,실버,18,18,39751
2024-06,southeast,TRN,2024,TRN-PR,2.5T 하이브리드,FWD,오션 블루,14,14,30578
2024-06,southeast,TRN,2024,TRN-PR,2.5T 하이브리드,FWD,선셋 레드,11,11,24462
2024-06,southeast,TRN,2024,TRN-PR,2.5T 하이브리드,FWD,포레스트 그린,7,7,15289
2024-06,southeast,TRN,2024,TRN-PR,2.5T 하이브리드,FWD,샌드 베이지,7,7,15289
2024-06,southeast,TRN,2024,TRN-SU,3.5 가솔린,AWD,스노우 화이트,46,47,132733
2024-06,southeast,TRN,2024,TRN-SU,3.5 가솔린,AWD,미드나잇 블랙,36,37,105080
2024-06,southeast,TRN,2024,TRN-SU,3.5 가솔린,AWD,스틸 그레이,31,31,88489
2024-06,southeast,TRN,2024,TRN-SU,3.5 가솔린,AWD,실버,25,25,71897
2024-06,southeast,TRN,2024,TRN-SU,3.5 가솔린,AWD,오션 블루,19,19,55305
2024-06,southeast,TRN,2024,TRN-SU,3.5 가솔린,AWD,선셋 레드,15,16,44244
2024-06,southeast,TRN,2024,TRN-SU,3.5 가솔린,AWD,포레스트 그린,10,10,27653
2024-06,southeast,TRN,2024,TRN-SU,3.5 가솔린,AWD,샌드 베이지,10,10,27653
2024-06,southeast,TRN,2024,TRN-SU,3.5 가솔린,FWD,스노우 화이트,26,27,75476
2024-06,southeast,TRN,2024,TRN-SU,3.5 가솔린,FWD,미드나잇 블랙,21,21,59751
2024-06,southeast,TRN,2024,TRN-SU,3.5 가솔린,FWD,스틸 그레이,17,18,50317
2024-06,southeast,TRN,2024,TRN-SU,3.5 가솔린,FWD,실버,14,14,40883
2024-06,southeast,TRN,2024,TRN-SU,3.5 가솔린,FWD,오션 블루,11,11,31448
2024-06,southeast,TRN,2024,TRN-SU,3.5 가솔린,FWD,선셋 레드,9,9,25159
2024-06,southeast,TRN,2024,TRN-SU,3.5 가솔린,FWD,포레스트 그린,5,6,15724
2024-06,southeast,TRN,2024,TRN-SU,3.5 가솔린,FWD,샌드 베이지,5,6,15724
2024-06,southeast,TRN,2024,TRN-SU,2.5T 하이브리드,AWD,스노우 화이트,24,24,68378
2024-06,southeast,TRN,2024,TRN-SU,2.5T 하이브리드,AWD,미드나잇 블랙,19,19,54132
2024-06,southeast,TRN,2024,TRN-SU,2.5T 하이브리드,AWD,스틸 그레이,16,16,45585
2024-06,southeast,TRN,2024,TRN-SU,2.5T 하이브리드,AWD,실버,13,13,37038
2024-06,southeast,TRN,2024,TRN-SU,2.5T 하이브리드,AWD,오션 블루,10,10,28491
2024-06,southeast,TRN,2024,TRN-SU,2.5T 하이브리드,AWD,선셋 레드,8,8,22793
2024-06,southeast,TRN,2024,TRN-SU,2.5T 하이브리드,AWD,포레스트 그린,5,5,14245
2024-06,southeast,TRN,2024,TRN-SU,2.5T 하이브리드,AWD,샌드 베이지,5,5,14245
2024-06,southeast,TRN,2024,TRN-SU,2.5T 하이브리드,FWD,스노우 화이트,13,14,38881
2024-06,southeast,TRN,2024,TRN-SU,2.5T 하이브리드,FWD,미드나잇 블랙,11,11,30781
2024-06,southeast,TRN,2024,TRN-SU,2.5T 하이브리드,FWD,스틸 그레이,9,9,25921
2024-06,southeast,TRN,2024,TRN-SU,2.5T 하이브리드,FWD,실버,7,7,21061
2024-06,southeast,TRN,2024,TRN-SU,2.5T 하이브리드,FWD,오션 블루,6,6,16201
2024-06,southeast,TRN,2024,TRN-SU,2.5T 하이브리드,FWD,선셋 레드,4,5,12960
2024-06,southeast,TRN,2024,TRN-SU,2.5T 하이브리드,FWD,포레스트 그린,3,3,8100
2024-06,southeast,TRN,2024,TRN-SU,2.5T 하이브리드,FWD,샌드 베이지,3,3,8100
2024-06,west,VST,2024,VST-CO,2.5 가솔린,AWD,스노우 화이트,107,109,77781
2024-06,west,VST,2024,VST-CO,2.5 가솔린,AWD,미드나잇 블랙,85,86,61576
2024-06,west,VST,2024,VST-CO,2.5 가솔린,AWD,스틸 그레이,71,73,51854
2024-06,west,VST,2024,VST-CO,2.5 가솔린,AWD,실버,58,59,42131
2024-06,west,VST,2024,VST-CO,2.5 가솔린,AWD,오션 블루,45,45,32409
2024-06,west,VST,2024,VST-CO,2.5 가솔린,AWD,선셋 레드,36,36,25927
2024-06,west,VST,2024,VST-CO,2.5 가솔린,AWD,포레스트 그린,22,23,16204
2024-06,west,VST,2024,VST-CO,2.5 가솔린,AWD,샌드 베이지,22,23,16204
2024-06,west,VST,2024,VST-CO,2.5 가솔린,FWD,스노우 화이트,131,133,95065
2024-06,west,VST,2024,VST-CO,2.5 가솔린,FWD,미드나잇 블랙,103,105,75260
2024-06,west,VST,2024,VST-CO,2.5 가솔린,FWD,스틸 그레이,87,89,63377
2024-06,west,VST,2024,VST-CO,2.5 가솔린,FWD,실버,71,72,51494
2024-06,west,VST,2024,VST-CO,2.5 가솔린,FWD,오션 블루,54,55,39610
2024-06,west,VST,2024,VST-CO,2.5 가솔린,FWD,선셋 레드,44,44,31688
2024-06,west,VST,2024,VST-CO,2.5 가솔린,FWD,포레스트 그린,27,28,19805
2024-06,west,VST,2024,VST-CO,2.5 가솔린,FWD,샌드 베이지,27,28,19805
2024-06,west,VST,2024,VST-CO,1.6T 하이브리드,AWD,스노우 화이트,55,56,40069
2024-06,west,VST,2024,VST-CO,1.6T 하이브리드,AWD,미드나잇 블랙,44,44,31721
2024-06,west,VST,2024,VST-CO,1.6T 하이브리드,AWD,스틸 그레이,37,37,26713
2024-06,west,VST,2024,VST-CO,1.6T 하이브리드,AWD,실버,30,30,21704
2024-06,west,VST,2024,VST-CO,1.6T 하이브리드,AWD,오션 블루,23,23,16695
2024-06,west,VST,2024,VST-CO,1.6T 하이브리드,AWD,선셋 레드,18,19,13356
2024-06,west,VST,2024,VST-CO,1.6T 하이브리드,AWD,포레스트 그린,11,12,8348
2024-06,west,VST,2024,VST-CO,1.6T 하이브리드,AWD,샌드 베이지,11,12,8348
2024-06,west,VST,2024,VST-CO,1.6T 하이브리드,FWD,스노우 화이트,67,69,48973
2024-06,west,VST,2024,VST-CO,1.6T 하이브리드,FWD,미드나잇 블랙,53,54,38770
2024-06,west,VST,2024,VST-CO,1.6T 하이브리드,FWD,스틸 그레이,45,46,32649
2024-06,west,VST,2024,VST-CO,1.6T 하이브리드,FWD,실버,36,37,26527
2024-06,west,VST,2024,VST-CO,1.6T 하이브리드,FWD,오션 블루,28,29,20405
2024-06,west,VST,2024,VST-CO,1.6T 하이브리드,FWD,선셋 레드,22,23,16324
2024-06,west,VST,2024,VST-CO,1.6T 하이브리드,FWD,포레스트 그린,14,14,10203
2024-06,west,VST,2024,VST-CO,1.6T 하이브리드,FWD,샌드 베이지,14,14,10203
2024-06,west,VST,2024,VST-PR,2.5 가솔린,AWD,스노우 화이트,124,126,124554
2024-06,west,VST,2024,VST-PR,2.5 가솔린,AWD,미드나잇 블랙,98,100,98605
2024-06,west,VST,2024,VST-PR,2.5 가솔린,AWD,스틸 그레이,82,84,83036
2024-06,west,VST,2024,VST-PR,2.5 가솔린,AWD,실버,67,68,67467
2024-06,west,VST,2024,VST-PR,2.5 가솔린,AWD,오션 블루,52,53,51897
2024-06,west,VST,2024,VST-PR,2.5 가솔린,AWD,선셋 레드,41,42,41518
2024-06,west,VST,2024,VST-PR,2.5 가솔린,AWD,포레스트 그린,26,26,25949
2024-06,west,VST,2024,VST-PR,2.5 가솔린,AWD,샌드 베이지,26,26,25949
2024-06,west,VST,2024,VST-PR,2.5 가솔린,FWD,스노우 화이트,151,154,152232
2024-06,west,VST,2024,VST-PR,2.5 가솔린,FWD,미드나잇 블랙,120,122,120517
2024-06,west,VST,2024,VST-PR,2.5 가솔린,FWD,스틸 그레이,101,103,101488
2024-06,west,VST,2024,VST-PR,2.5 가솔린,FWD,실버,82,84,82459
2024-06,west,VST,2024,VST-PR,2.5 가솔린,FWD,오션 블루,63,64,63430
2024-06,west,VST,2024,VST-PR,2.5 가솔린,FWD,선셋 레드,50,51,50744
2024-06,west,VST,2024,VST-PR,2.5 가솔린,FWD,포레스트 그린,31,32,31715
2024-06,west,VST,2024,VST-PR,2.5 가솔린,FWD,샌드 베이지,31,32,31715
2024-06,west,VST,2024,VST-PR,1.6T 하이브리드,AWD,스노우 화이트,64,65,64164
2024-06,west,VST,2024,VST-PR,1.6T 하이브리드,AWD,미드나잇 블랙,50,51,50796
2024-06,west,VST,2024,VST-PR,1.6T 하이브리드,AWD,스틸 그레이,42,43,42776
2024-06,west,VST,2024,VST-PR,1.6T 하이브리드,AWD,실버,35,35,34755
2024-06,west,VST,2024,VST-PR,1.6T 하이브리드,AWD,오션 블루,27,27,26735
2024-06,west,VST,2024,VST-PR,1.6T 하이브리드,AWD,선셋 레드,21,22,21388
2024-06,west,VST,2024,VST-PR,1.6T 하이브리드,AWD,포레스트 그린,13,14,13367
2024-06,west,VST,2024,VST-PR,1.6T 하이브리드,AWD,샌드 베이지,13,14,13367
2024-06,west,VST,2024,VST-PR,1.6T 하이브리드,FWD,스노우 화이트,78,79,78423
2024-06,west,VST,2024,VST-PR,1.6T 하이브리드,FWD,미드나잇 블랙,62,63,62085
2024-06,west,VST,2024,VST-PR,1.6T 하이브리드,FWD,스틸 그레이,52,53,52282
2024-06,west,VST,2024,VST-PR,1.6T 하이브리드,FWD,실버,42,43,42479
2024-06,west,VST,2024,VST-PR,1.6T 하이브리드,FWD,오션 블루,32,33,32676
2024-06,west,VST,2024,VST-PR,1.6T 하이브리드,FWD,선셋 레드,26,26,26141
2024-06,west,VST,2024,VST-PR,1.6T 하이브리드,FWD,포레스트 그린,16,17,16338
2024-06,west,VST,2024,VST-PR,1.6T 하이브리드,FWD,샌드 베이지,16,17,16338
2024-06,west,VST,2024,VST-TR,2.5 가솔린,AWD,스노우 화이트,51,52,75647
2024-06,west,VST,2024,VST-TR,2.5 가솔린,AWD,미드나잇 블랙,40,41,59887
2024-06,west,VST,2024,VST-TR,2.5 가솔린,AWD,스틸 그레이,34,34,50431
2024-06,west,VST,2024,VST-TR,2.5 가솔린,AWD,실버,27,28,40975
2024-06,west,VST,2024,VST-TR,2.5 가솔린,AWD,오션 블루,21,22,31519
2024-06,west,VST,2024,VST-TR,2.5 가솔린,AWD,선셋 레드,17,17,25216
2024-06,west,VST,2024,VST-TR,2.5 가솔린,AWD,포레스트 그린,11,11,15760
2024-06,west,VST,2024,VST-TR,2.5 가솔린,AWD,샌드 베이지,11,11,15760
2024-06,west,VST,2024,VST-TR,2.5 가솔린,FWD,스노우 화이트,62,63,92457
2024-06,west,VST,2024,VST-TR,2.5 가솔린,FWD,미드나잇 블랙,49,50,73195
2024-06,west,VST,2024,VST-TR,2.5 가솔린,FWD,스틸 그레이,41,42,61638
2024-06,west,VST,2024,VST-TR,2.5 가솔린,FWD,실버,33,34,50081
2024-06,west,VST,2024,VST-TR,2.5 가솔린,FWD,오션 블루,26,26,38524
2024-06,west,VST,2024,VST-TR,2.5 가솔린,FWD,선셋 레드,21,21,30819
2024-06,west,VST,2024,VST-TR,2.5 가솔린,FWD,포레스트 그린,13,13,19262
2024-06,west,VST,2024,VST-TR,2.5 가솔린,FWD,샌드 베이지,13,13,19262
2024-06,west,VST,2024,VST-TR,1.6T 하이브리드,AWD,스노우 화이트,26,27,38970
2024-06,west,VST,2024,VST-TR,1.6T 하이브리드,AWD,미드나잇 블랙,21,21,30851
2024-06,west,VST,2024,VST-TR,1.6T 하이브리드,AWD,스틸 그레이,17,18,25980
2024-06,west,VST,2024,VST-TR,1.6T 하이브리드,AWD,실버,14,14,21109
2024-06,west,VST,2024,VST-TR,1.6T 하이브리드,AWD,오션 블루,11,11,16237
2024-06,west,VST,2024,VST-TR,1.6T 하이브리드,AWD,선셋 레드,9,9,12990
2024-06,west,VST,2024,VST-TR,1.6T 하이브리드,AWD,포레스트 그린,5,6,8119
2024-06,west,VST,2024,VST-TR,1.6T 하이브리드,AWD,샌드 베이지,5,6,8119
2024-06,west,VST,2024,VST-TR,1.6T 하이브리드,FWD,스노우 화이트,32,32,47629
2024-06,west,VST,2024,VST-TR,1.6T 하이브리드,FWD,미드나잇 블랙,25,26,37707
2024-06,west,VST,2024,VST-TR,1.6T 하이브리드,FWD,스틸 그레이,21,22,31753
2024-06,west,VST,2024,VST-TR,1.6T 하이브리드,FWD,실버,17,18,25799
2024-06,west,VST,2024,VST-TR,1.6T 하이브리드,FWD,오션 블루,13,14,19846
2024-06,west,VST,2024,VST-TR,1.6T 하이브리드,FWD,선셋 레드,11,11,15876
2024-06,west,VST,2024,VST-TR,1.6T 하이브리드,FWD,포레스트 그린,7,7,9923
2024-06,west,VST,2024,VST-TR,1.6T 하이브리드,FWD,샌드 베이지,7,7,9923
2024-06,central,VST,2024,VST-CO,2.5 가솔린,AWD,스노우 화이트,80,82,58485
2024-06,central,VST,2024,VST-CO,2.5 가솔린,AWD,미드나잇 블랙,64,65,46301
2024-06,central,VST,2024,VST-CO,2.5 가솔린,AWD,스틸 그레이,54,55,38990
2024-06,central,VST,2024,VST-CO,2.5 가솔린,AWD,실버,44,44,31679
2024-06,central,VST,2024,VST-CO,2.5 가솔린,AWD,오션 블루,33,34,24369
2024-06,central,VST,2024,VST-CO,2.5 가솔린,AWD,선셋 레드,27,27,19495
2024-06,central,VST,2024,VST-CO,2.5 가솔린,AWD,포레스트 그린,17,17,12184
2024-06,central,VST,2024,VST-CO,2.5 가솔린,AWD,샌드 베이지,17,17,12184
2024-06,central,VST,2024,VST-CO,2.5 가솔린,FWD,스노우 화이트,75,76,54529
2024-06,central,VST,2024,VST-CO,2.5 가솔린,FWD,미드나잇 블랙,59,60,43169
2024-06,central,VST,2024,VST-CO,2.5 가솔린,FWD,스틸 그레이,50,51,36353
2024-06,central,VST,2024,VST-CO,2.5 가솔린,FWD,실버,41,41,29537
2024-06,central,VST,2024,VST-CO,2.5 가솔린,FWD,오션 블루,31,32,22721
2024-06,central,VST,2024,VST-CO,2.5 가솔린,FWD,선셋 레드,25,25,18176
2024-06,central,VST,2024,VST-CO,2.5 가솔린,FWD,포레스트 그린,16,16,11360
2024-06,central,VST,2024,VST-CO,2.5 가솔린,FWD,샌드 베이지,16,16,11360
2024-06,central,VST,2024,VST-CO,1.6T 하이브리드,AWD,스노우 화이트,41,42,30129
2024-06,central,VST,2024,VST-CO,1.6T 하이브리드,AWD,미드나잇 블랙,33,33,23852
2024-06,central,VST,2024,VST-CO,1.6T 하이브리드,AWD,스틸 그레이,28,28,20086
2024-06,central,VST,2024,VST-CO,1.6T 하이브리드,AWD,실버,22,23,16320
2024-06,central,VST,2024,VST-CO,1.6T 하이브리드,AWD,오션 블루,17,18,12554
2024-06,central,VST,2024,VST-CO,1.6T 하이브리드,AWD,선셋 레드,14,14,10043
2024-06,central,VST,2024,VST-CO,1.6T 하이브리드,AWD,포레스트 그린,9,9,6277
2024-06,central,VST,2024,VST-CO,1.6T 하이브리드,AWD,샌드 베이지,9,9,6277
2024-06,central,VST,2024,VST-CO,1.6T 하이브리드,FWD,스노우 화이트,39,39,28091
2024-06,central,VST,2024,VST-CO,1.6T 하이브리드,FWD,미드나잇 블랙,31,31,22239
2024-06,central,VST,2024,VST-CO,1.6T 하이브리드,FWD,스틸 그레이,26,26,18727
2024-06,central,VST,2024,VST-CO,1.6T 하이브리드,FWD,실버,21,21,15216
2024-06,central,VST,2024,VST-CO,1.6T 하이브리드,FWD,오션 블루,16,16,11705
2024-06,central,VST,2024,VST-CO,1.6T 하이브리드,FWD,선셋 레드,13,13,9364
2024-06,central,VST,2024,VST-CO,1.6T 하이브리드,FWD,포레스트 그린,8,8,5852
2024-06,central,VST,2024,VST-CO,1.6T 하이브리드,FWD,샌드 베이지,8,8,5852
2024-06,central,VST,2024,VST-PR,2.5 가솔린,AWD,스노우 화이트,93,95,93655
2024-06,central,VST,2024,VST-PR,2.5 가솔린,AWD,미드나잇 블랙,74,75,74143
2024-06,central,VST,2024,VST-PR,2.5 가솔린,AWD,스틸 그레이,62,63,62436
2024-06,central,VST,2024,VST-PR,2.5 가솔린,AWD,실버,50,51,50730
2024-06,central,VST,2024,VST-PR,2.5 가솔린,AWD,오션 블루,39,40,39023
2024-06,central,VST,2024,VST-PR,2.5 가솔린,AWD,선셋 레드,31,32,31218
2024-06,central,VST,2024,VST-PR,2.5 가솔린,AWD,포레스트 그린,19,20,19511
2024-06,central,VST,2024,VST-PR,2.5 가솔린,AWD,샌드 베이지,19,20,19511
2024-06,central,VST,2024,VST-PR,2.5 가솔린,FWD,스노우 화이트,87,88,87321
2024-06,central,VST,2024,VST-PR,2.5 가솔린,FWD,미드나잇 블랙,69,70,69129
2024-06,central,VST,2024,VST-PR,2.5 가솔린,FWD,스틸 그레이,58,59,58214
2024-06,central,VST,2024,VST-PR,2.5 가솔린,FWD,실버,47,48,47299
2024-06,central,VST,2024,VST-PR,2.5 가솔린,FWD,오션 블루,36,37,36384
2024-06,central,VST,2024,VST-PR,2.5 가솔린,FWD,선셋 레드,29,29,29107
2024-06,central,VST,2024,VST-PR,2.5 가솔린,FWD,포레스트 그린,18,18,18192
2024-06,central,VST,2024,VST-PR,2.5 가솔린,FWD,샌드 베이지,18,18,18192
2024-06,central,VST,2024,VST-PR,1.6T 하이브리드,AWD,스노우 화이트,48,49,48246
2024-06,central,VST,2024,VST-PR,1.6T 하이브리드,AWD,미드나잇 블랙,38,39,38195
2024-06,central,VST,2024,VST-PR,1.6T 하이브리드,AWD,스틸 그레이,32,33,32164
2024-06,central,VST,2024,VST-PR,1.6T 하이브리드,AWD,실버,26,26,26133
2024-06,central,VST,2024,VST-PR,1.6T 하이브리드,AWD,오션 블루,20,20,20103
2024-06,central,VST,2024,VST-PR,1.6T 하이브리드,AWD,선셋 레드,16,16,16082
2024-06,central,VST,2024,VST-PR,1.6T 하이브리드,AWD,포레스트 그린,10,10,10051
2024-06,central,VST,2024,VST-PR,1.6T 하이브리드,AWD,샌드 베이지,10,10,10051
2024-06,central,VST,2024,VST-PR,1.6T 하이브리드,FWD,스노우 화이트,45,46,44983
2024-06,central,VST,2024,VST-PR,1.6T 하이브리드,FWD,미드나잇 블랙,35,36,35612
2024-06,central,VST,2024,VST-PR,1.6T 하이브리드,FWD,스틸 그레이,30,30,29989
2024-06,central,VST,2024,VST-PR,1.6T 하이브리드,FWD,실버,24,25,24366
2024-06,central,VST,2024,VST-PR,1.6T 하이브리드,FWD,오션 블루,19,19,18743
2024-06,central,VST,2024,VST-PR,1.6T 하이브리드,FWD,선셋 레드,15,15,14994
2024-06,central,VST,2024,VST-PR,1.6T 하이브리드,FWD,포레스트 그린,9,9,9372
2024-06,central,VST,2024,VST-PR,1.6T 하이브리드,FWD,샌드 베이지,9,9,9372
2024-06,central,VST,2024,VST-TR,2.5 가솔린,AWD,스노우 화이트,38,39,56881
2024-06,central,VST,2024,VST-TR,2.5 가솔린,AWD,미드나잇 블랙,30,31,45030
2024-06,central,VST,2024,VST-TR,2.5 가솔린,AWD,스틸 그레이,25,26,37920
2024-06,central,VST,2024,VST-TR,2.5 가솔린,AWD,실버,21,21,30810
2024-06,central,VST,2024,VST-TR,2.5 가솔린,AWD,오션 블루,16,16,23700
2024-06,central,VST,2024,VST-TR,2.5 가솔린,AWD,선셋 레드,13,13,18960
2024-06,central,VST,2024,VST-TR,2.5 가솔린,AWD,포레스트 그린,8,8,11850
2024-06,central,VST,2024,VST-TR,2.5 가솔린,AWD,샌드 베이지,8,8,11850
2024-06,central,VST,2024,VST-TR,2.5 가솔린,FWD,스노우 화이트,35,36,53034
2024-06,central,VST,2024,VST-TR,2.5 가솔린,FWD,미드나잇 블랙,28,29,41985
2024-06,central,VST,2024,VST-TR,2.5 가솔린,FWD,스틸 그레이,24,24,35356
2024-06,central,VST,2024,VST-TR,2.5 가솔린,FWD,실버,19,20,28727
2024-06,central,VST,2024,VST-TR,2.5 가솔린,FWD,오션 블루,15,15,22097
2024-06,central,VST,2024,VST-TR,2.5 가솔린,FWD,선셋 레드,12,12,17678
2024-06,central,VST,2024,VST-TR,2.5 가솔린,FWD,포레스트 그린,7,8,11049
2024-06,central,VST,2024,VST-TR,2.5 가솔린,FWD,샌드 베이지,7,8,11049
2024-06,central,VST,2024,VST-TR,1.6T 하이브리드,AWD,스노우 화이트,20,20,29302
2024-06,central,VST,2024,VST-TR,1.6T 하이브리드,AWD,미드나잇 블랙,16,16,23198
2024-06,central,VST,2024,VST-TR,1.6T 하이브리드,AWD,스틸 그레이,13,13,19535
2024-06,central,VST,2024,VST-TR,1.6T 하이브리드,AWD,실버,11,11,15872
2024-06,central,VST,2024,VST-TR,1.6T 하이브리드,AWD,오션 블루,8,8,12209
2024-06,central,VST,2024,VST-TR,1.6T 하이브리드,AWD,선셋 레드,7,7,9767
2024-06,central,VST,2024,VST-TR,1.6T 하이브리드,AWD,포레스트 그린,4,4,6105
2024-06,central,VST,2024,VST-TR,1.6T 하이브리드,AWD,샌드 베이지,4,4,6105
2024-06,central,VST,2024,VST-TR,1.6T 하이브리드,FWD,스노우 화이트,18,19,27320
2024-06,central,VST,2024,VST-TR,1.6T 하이브리드,FWD,미드나잇 블랙,14,15,21629
2024-06,central,VST,2024,VST-TR,1.6T 하이브리드,FWD,스틸 그레이,12,12,18214
2024-06,central,VST,2024,VST-TR,1.6T 하이브리드,FWD,실버,10,10,14799
2024-06,central,VST,2024,VST-TR,1.6T 하이브리드,FWD,오션 블루,8,8,11383
2024-06,central,VST,2024,VST-TR,1.6T 하이브리드,FWD,선셋 레드,6,6,9107
2024-06,central,VST,2024,VST-TR,1.6T 하이브리드,FWD,포레스트 그린,4,4,5692
2024-06,central,VST,2024,VST-TR,1.6T 하이브리드,FWD,샌드 베이지,4,4,5692
2024-06,south,VST,2024,VST-CO,2.5 가솔린,AWD,스노우 화이트,65,66,47386
2024-06,south,VST,2024,VST-CO,2.5 가솔린,AWD,미드나잇 블랙,52,53,37514
2024-06,south,VST,2024,VST-CO,2.5 가솔린,AWD,스틸 그레이,43,44,31591
2024-06,south,VST,2024,VST-CO,2.5 가솔린,AWD,실버,35,36,25668
2024-06,south,VST,2024,VST-CO,2.5 가솔린,AWD,오션 블루,27,28,19744
2024-06,south,VST,2024,VST-CO,2.5 가솔린,AWD,선셋 레드,22,22,15795
2024-06,south,VST,2024,VST-CO,2.5 가솔린,AWD,포레스트 그린,14,14,9872
2024-06,south,VST,2024,VST-CO,2.5 가솔린,AWD,샌드 베이지,14,14,9872
2024-06,south,VST,2024,VST-CO,2.5 가솔린,FWD,스노우 화이트,136,138,98868
2024-06,south,VST,2024,VST-CO,2.5 가솔린,FWD,미드나잇 블랙,107,110,78270
2024-06,south,VST,2024,VST-CO,2.5 가솔린,FWD,스틸 그레이,91,92,65912
2024-06,south,VST,2024,VST-CO,2.5 가솔린,FWD,실버,74,75,53553
2024-06,south,VST,2024,VST-CO,2.5 가솔린,FWD,오션 블루,57,58,41195
2024-06,south,VST,2024,VST-CO,2.5 가솔린,FWD,선셋 레드,45,46,32956
2024-06,south,VST,2024,VST-CO,2.5 가솔린,FWD,포레스트 그린,28,29,20597
2024-06,south,VST,2024,VST-CO,2.5 가솔린,FWD,샌드 베이지,28,29,20597
2024-06,south,VST,2024,VST-CO,1.6T 하이브리드,AWD,스노우 화이트,34,34,24411
2024-06,south,VST,2024,VST-CO,1.6T 하이브리드,AWD,미드나잇 블랙,27,27,19325
2024-06,south,VST,2024,VST-CO,1.6T 하이브리드,AWD,스틸 그레이,22,23,16274
2024-06,south,VST,2024,VST-CO,1.6T 하이브리드,AWD,실버,18,19,13223
2024-06,south,VST,2024,VST-CO,1.6T 하이브리드,AWD,오션 블루,14,14,10171
2024-06,south,VST,2024,VST-CO,1.6T 하이브리드,AWD,선셋 레드,11,11,8137
2024-06,south,VST,2024,VST-CO,1.6T 하이브리드,AWD,포레스트 그린,7,7,5086
2024-06,south,VST,2024,VST-CO,1.6T 하이브리드,AWD,샌드 베이지,7,7,5086
2024-06,south,VST,2024,VST-CO,1.6T 하이브리드,FWD,스노우 화이트,70,71,50932
2024-06,south,VST,2024,VST-CO,1.6T 하이브리드,FWD,미드나잇 블랙,55,56,40321
2024-06,south,VST,2024,VST-CO,1.6T 하이브리드,FWD,스틸 그레이,47,48,33955
2024-06,south,VST,2024,VST-CO,1.6T 하이브리드,FWD,실버,38,39,27588
2024-06,south,VST,2024,VST-CO,1.6T 하이브리드,FWD,오션 블루,29,30,21222
2024-06,south,VST,2024,VST-CO,1.6T 하이브리드,FWD,선셋 레드,23,24,16977
2024-06,south,VST,2024,VST-CO,1.6T 하이브리드,FWD,포레스트 그린,15,15,10611
2024-06,south,VST,2024,VST-CO,1.6T 하이브리드,FWD,샌드 베이지,15,15,10611
2024-06,south,VST,2024,VST-PR,2.5 가솔린,AWD,스노우 화이트,75,77,75882
2024-06,south,VST,2024,VST-PR,2.5 가솔린,AWD,미드나잇 블랙,60,61,60073
2024-06,south,VST,2024,VST-PR,2.5 가솔린,AWD,스틸 그레이,50,51,50588
2024-06,south,VST,2024,VST-PR,2.5 가솔린,AWD,실버,41,42,41103
2024-06,south,VST,2024,VST-PR,2.5 가솔린,AWD,오션 블루,31,32,31617
2024-06,south,VST,2024,VST-PR,2.5 가솔린,AWD,선셋 레드,25,26,25294
2024-06,south,VST,2024,VST-PR,2.5 가솔린,AWD,포레스트 그린,16,16,15809
2024-06,south,VST,2024,VST-PR,2.5 가솔린,AWD,샌드 베이지,16,16,15809
2024-06,south,VST,2024,VST-PR,2.5 가솔린,FWD,스노우 화이트,157,160,158321
2024-06,south,VST,2024,VST-PR,2.5 가솔린,FWD,미드나잇 블랙,124,127,125338
2024-06,south,VST,2024,VST-PR,2.5 가솔린,FWD,스틸 그레이,105,107,105548
2024-06,south,VST,2024,VST-PR,2.5 가솔린,FWD,실버,85,87,85757
2024-06,south,VST,2024,VST-PR,2.5 가솔린,FWD,오션 블루,66,67,65967
2024-06,south,VST,2024,VST-PR,2.5 가솔린,FWD,선셋 레드,52,53,52774
2024-06,south,VST,2024,VST-PR,2.5 가솔린,FWD,포레스트 그린,33,33,32984
2024-06,south,VST,2024,VST-PR,2.5 가솔린,FWD,샌드 베이지,33,33,32984
2024-06,south,VST,2024,VST-PR,1.6T 하이브리드,AWD,스노우 화이트,39,40,39091
2024-06,south,VST,2024,VST-PR,1.6T 하이브리드,AWD,미드나잇 블랙,31,31,30947
2024-06,south,VST,2024,VST-PR,1.6T 하이브리드,AWD,스틸 그레이,26,26,26060
2024-06,south,VST,2024,VST-PR,1.6T 하이브리드,AWD,실버,21,21,21174
2024-06,south,VST,2024,VST-PR,1.6T 하이브리드,AWD,오션 블루,16,16,16288
2024-06,south,VST,2024,VST-PR,1.6T 하이브리드,AWD,선셋 레드,13,13,13030
2024-06,south,VST,2024,VST-PR,1.6T 하이브리드,AWD,포레스트 그린,8,8,8144
2024-06,south,VST,2024,VST-PR,1.6T 하이브리드,AWD,샌드 베이지,8,8,8144
2024-06,south,VST,2024,VST-PR,1.6T 하이브리드,FWD,스노우 화이트,81,83,81560
2024-06,south,VST,2024,VST-PR,1.6T 하이브리드,FWD,미드나잇 블랙,64,65,64568
2024-06,south,VST,2024,VST-PR,1.6T 하이브리드,FWD,스틸 그레이,54,55,54373
2024-06,south,VST,2024,VST-PR,1.6T 하이브리드,FWD,실버,44,45,44178
2024-06,south,VST,2024,VST-PR,1.6T 하이브리드,FWD,오션 블루,34,34,33983
2024-06,south,VST,2024,VST-PR,1.6T 하이브리드,FWD,선셋 레드,27,28,27187
2024-06,south,VST,2024,VST-PR,1.6T 하이브리드,FWD,포레스트 그린,17,17,16992
2024-06,south,VST,2024,VST-PR,1.6T 하이브리드,FWD,샌드 베이지,17,17,16992
2024-06,south,VST,2024,VST-TR,2.5 가솔린,AWD,스노우 화이트,31,31,46086
2024-06,south,VST,2024,VST-TR,2.5 가솔린,AWD,미드나잇 블랙,24,25,36485
2024-06,south,VST,2024,VST-TR,2.5 가솔린,AWD,스틸 그레이,21,21,30724
2024-06,south,VST,2024,VST-TR,2.5 가솔린,AWD,실버,17,17,24963
2024-06,south,VST,2024,VST-TR,2.5 가솔린,AWD,오션 블루,13,13,19203
2024-06,south,VST,2024,VST-TR,2.5 가솔린,AWD,선셋 레드,10,10,15362
2024-06,south,VST,2024,VST-TR,2.5 가솔린,AWD,포레스트 그린,6,7,9601
2024-06,south,VST,2024,VST-TR,2.5 가솔린,AWD,샌드 베이지,6,7,9601
2024-06,south,VST,2024,VST-TR,2.5 가솔린,FWD,스노우 화이트,64,66,96155
2024-06,south,VST,2024,VST-TR,2.5 가솔린,FWD,미드나잇 블랙,51,52,76123
2024-06,south,VST,2024,VST-TR,2.5 가솔린,FWD,스틸 그레이,43,44,64104
2024-06,south,VST,2024,VST-TR,2.5 가솔린,FWD,실버,35,36,52084
2024-06,south,VST,2024,VST-TR,2.5 가솔린,FWD,오션 블루,27,27,40065
2024-06,south,VST,2024,VST-TR,2.5 가솔린,FWD,선셋 레드,21,22,32052
2024-06,south,VST,2024,VST-TR,2.5 가솔린,FWD,포레스트 그린,13,14,20032
2024-06,south,VST,2024,VST-TR,2.5 가솔린,FWD,샌드 베이지,13,14,20032
2024-06,south,VST,2024,VST-TR,1.6T 하이브리드,AWD,스노우 화이트,16,16,23741
2024-06,south,VST,2024,VST-TR,1.6T 하이브리드,AWD,미드나잇 블랙,13,13,18795
2024-06,south,VST,2024,VST-TR,1.6T 하이브리드,AWD,스틸 그레이,11,11,15828
2024-06,south,VST,2024,VST-TR,1.6T 하이브리드,AWD,실버,9,9,12860
2024-06,south,VST,2024,VST-TR,1.6T 하이브리드,AWD,오션 블루,7,7,9892
2024-06,south,VST,2024,VST-TR,1.6T 하이브리드,AWD,선셋 레드,5,5,7914
2024-06,south,VST,2024,VST-TR,1.6T 하이브리드,AWD,포레스트 그린,3,3,4946
2024-06,south,VST,2024,VST-TR,1.6T 하이브리드,AWD,샌드 베이지,3,3,4946
2024-06,south,VST,2024,VST-TR,1.6T 하이브리드,FWD,스노우 화이트,33,34,49535
2024-06,south,VST,2024,VST-TR,1.6T 하이브리드,FWD,미드나잇 블랙,26,27,39215
2024-06,south,VST,2024,VST-TR,1.6T 하이브리드,FWD,스틸 그레이,22,23,33023
2024-06,south,VST,2024,VST-TR,1.6T 하이브리드,FWD,실버,18,18,26831
2024-06,south,VST,2024,VST-TR,1.6T 하이브리드,FWD,오션 블루,14,14,20639
2024-06,south,VST,2024,VST-TR,1.6T 하이브리드,FWD,선셋 레드,11,11,16512
2024-06,south,VST,2024,VST-TR,1.6T 하이브리드,FWD,포레스트 그린,7,7,10320
2024-06,south,VST,2024,VST-TR,1.6T 하이브리드,FWD,샌드 베이지,7,7,10320
2024-06,northeast,VST,2024,VST-CO,2.5 가솔린,AWD,스노우 화이트,91,93,66113
2024-06,northeast,VST,2024,VST-CO,2.5 가솔린,AWD,미드나잇 블랙,72,73,52340
2024-06,northeast,VST,2024,VST-CO,2.5 가솔린,AWD,스틸 그레이,61,62,44076
2024-06,northeast,VST,2024,VST-CO,2.5 가솔린,AWD,실버,49,50,35811
2024-06,northeast,VST,2024,VST-CO,2.5 가솔린,AWD,오션 블루,38,39,27547
2024-06,northeast,VST,2024,VST-CO,2.5 가솔린,AWD,선셋 레드,30,31,22038
2024-06,northeast,VST,2024,VST-CO,2.5 가솔린,AWD,포레스트 그린,19,19,13774
2024-06,northeast,VST,2024,VST-CO,2.5 가솔린,AWD,샌드 베이지,19,19,13774
2024-06,northeast,VST,2024,VST-CO,2.5 가솔린,FWD,스노우 화이트,64,66,46901
2024-06,northeast,VST,2024,VST-CO,2.5 가솔린,FWD,미드나잇 블랙,51,52,37130
2024-06,northeast,VST,2024,VST-CO,2.5 가솔린,FWD,스틸 그레이,43,44,31267
2024-06,northeast,VST,2024,VST-CO,2.5 가솔린,FWD,실버,35,36,25405
2024-06,northeast,VST,2024,VST-CO,2.5 가솔린,FWD,오션 블루,27,27,19542
2024-06,northeast,VST,2024,VST-CO,2.5 가솔린,FWD,선셋 레드,21,22,15634
2024-06,northeast,VST,2024,VST-CO,2.5 가솔린,FWD,포레스트 그린,13,14,9771
2024-06,northeast,VST,2024,VST-CO,2.5 가솔린,FWD,샌드 베이지,13,14,9771
2024-06,northeast,VST,2024,VST-CO,1.6T 하이브리드,AWD,스노우 화이트,47,48,34058
2024-06,northeast,VST,2024,VST-CO,1.6T 하이브리드,AWD,미드나잇 블랙,37,38,26963
2024-06,northeast,VST,2024,VST-CO,1.6T 하이브리드,AWD,스틸 그레이,31,32,22706
2024-06,northeast,VST,2024,VST-CO,1.6T 하이브리드,AWD,실버,25,26,18448
2024-06,northeast,VST,2024,VST-CO,1.6T 하이브리드,AWD,오션 블루,19,20,14191
2024-06,northeast,VST,2024,VST-CO,1.6T 하이브리드,AWD,선셋 레드,16,16,11353
2024-06,northeast,VST,2024,VST-CO,1.6T 하이브리드,AWD,포레스트 그린,10,10,7096
2024-06,northeast,VST,2024,VST-CO,1.6T 하이브리드,AWD,샌드 베이지,10,10,7096
2024-06,northeast,VST,2024,VST-CO,1.6T 하이브리드,FWD,스노우 화이트,33,34,24161
2024-06,northeast,VST,2024,VST-CO,1.6T 하이브리드,FWD,미드나잇 블랙,26,27,19128
2024-06,northeast,VST,2024,VST-CO,1.6T 하이브리드,FWD,스틸 그레이,22,23,16107
2024-06,northeast,VST,2024,VST-CO,1.6T 하이브리드,FWD,실버,18,18,13087
2024-06,northeast,VST,2024,VST-CO,1.6T 하이브리드,FWD,오션 블루,14,14,10067
2024-06,northeast,VST,2024,VST-CO,1.6T 하이브리드,FWD,선셋 레드,11,11,8054
2024-06,northeast,VST,2024,VST-CO,1.6T 하이브리드,FWD,포레스트 그린,7,7,5034
2024-06,northeast,VST,2024,VST-CO,1.6T 하이브리드,FWD,샌드 베이지,7,7,5034
2024-06,northeast,VST,2024,VST-PR,2.5 가솔린,AWD,스노우 화이트,105,107,105871
2024-06,northeast,VST,2024,VST-PR,2.5 가솔린,AWD,미드나잇 블랙,83,85,83814
2024-06,northeast,VST,2024,VST-PR,2.5 가솔린,AWD,스틸 그레이,70,71,70580
2024-06,northeast,VST,2024,VST-PR,2.5 가솔린,AWD,실버,57,58,57347
2024-06,northeast,VST,2024,VST-PR,2.5 가솔린,AWD,오션 블루,44,45,44113
2024-06,northeast,VST,2024,VST-PR,2.5 가솔린,AWD,선셋 레드,35,36,35290
2024-06,northeast,VST,2024,VST-PR,2.5 가솔린,AWD,포레스트 그린,22,22,22056
2024-06,northeast,VST,2024,VST-PR,2.5 가솔린,AWD,샌드 베이지,22,22,22056
2024-06,northeast,VST,2024,VST-PR,2.5 가솔린,FWD,스노우 화이트,75,76,75105
2024-06,northeast,VST,2024,VST-PR,2.5 가솔린,FWD,미드나잇 블랙,59,60,59458
2024-06,northeast,VST,2024,VST-PR,2.5 가솔린,FWD,스틸 그레이,50,51,50070
2024-06,northeast,VST,2024,VST-PR,2.5 가솔린,FWD,실버,40,41,40682
2024-06,northeast,VST,2024,VST-PR,2.5 가솔린,FWD,오션 블루,31,32,31294
2024-06,northeast,VST,2024,VST-PR,2.5 가솔린,FWD,선셋 레드,25,25,25035
2024-06,northeast,VST,2024,VST-PR,2.5 가솔린,FWD,포레스트 그린,16,16,15647
2024-06,northeast,VST,2024,VST-PR,2.5 가솔린,FWD,샌드 베이지,16,16,15647
2024-06,northeast,VST,2024,VST-PR,1.6T 하이브리드,AWD,스노우 화이트,54,55,54539
2024-06,northeast,VST,2024,VST-PR,1.6T 하이브리드,AWD,미드나잇 블랙,43,44,43177
2024-06,northeast,VST,2024,VST-PR,1.6T 하이브리드,AWD,스틸 그레이,36,37,36360
2024-06,northeast,VST,2024,VST-PR,1.6T 하이브리드,AWD,실버,29,30,29542
2024-06,northeast,VST,2024,VST-PR,1.6T 하이브리드,AWD,오션 블루,23,23,22725
2024-06,northeast,VST,2024,VST-PR,1.6T 하이브리드,AWD,선셋 레드,18,18,18180
2024-06,northeast,VST,2024,VST-PR,1.6T 하이브리드,AWD,포레스트 그린,11,12,11362
2024-06,northeast,VST,2024,VST-PR,1.6T 하이브리드,AWD,샌드 베이지,11,12,11362
2024-06,northeast,VST,2024,VST-PR,1.6T 하이브리드,FWD,스노우 화이트,38,39,38690
2024-06,northeast,VST,2024,VST-PR,1.6T 하이브리드,FWD,미드나잇 블랙,30,31,30630
2024-06,northeast,VST,2024,VST-PR,1.6T 하이브리드,FWD,스틸 그레이,26,26,25794
2024-06,northeast,VST,2024,VST-PR,1.6T 하이브리드,FWD,실버,21,21,20957
2024-06,northeast,VST,2024,VST-PR,1.6T 하이브리드,FWD,오션 블루,16,16,16121
2024-06,northeast,VST,2024,VST-PR,1.6T 하이브리드,FWD,선셋 레드,13,13,12897
2024-06,northeast,VST,2024,VST-PR,1.6T 하이브리드,FWD,포레스트 그린,8,8,8060
2024-06,northeast,VST,2024,VST-PR,1.6T 하이브리드,FWD,샌드 베이지,8,8,8060
2024-06,northeast,VST,2024,VST-TR,2.5 가솔린,AWD,스노우 화이트,43,44,64300
2024-06,northeast,VST,2024,VST-TR,2.5 가솔린,AWD,미드나잇 블랙,34,35,50904
2024-06,northeast,VST,2024,VST-TR,2.5 가솔린,AWD,스틸 그레이,29,29,42867
2024-06,northeast,VST,2024,VST-TR,2.5 가솔린,AWD,실버,23,24,34829
2024-06,northeast,VST,2024,VST-TR,2.5 가솔린,AWD,오션 블루,18,18,26792
2024-06,northeast,VST,2024,VST-TR,2.5 가솔린,AWD,선셋 레드,14,15,21433
2024-06,northeast,VST,2024,VST-TR,2.5 가솔린,AWD,포레스트 그린,9,9,13396
2024-06,northeast,VST,2024,VST-TR,2.5 가솔린,AWD,샌드 베이지,9,9,13396
2024-06,northeast,VST,2024,VST-TR,2.5 가솔린,FWD,스노우 화이트,31,31,45614
2024-06,northeast,VST,2024,VST-TR,2.5 가솔린,FWD,미드나잇 블랙,24,25,36111
2024-06,northeast,VST,2024,VST-TR,2.5 가솔린,FWD,스틸 그레이,20,21,30410
2024-06,northeast,VST,2024,VST-TR,2.5 가솔린,FWD,실버,17,17,24708
2024-06,northeast,VST,2024,VST-TR,2.5 가솔린,FWD,오션 블루,13,13,19006
2024-06,northeast,VST,2024,VST-TR,2.5 가솔린,FWD,선셋 레드,10,10,15205
2024-06,northeast,VST,2024,VST-TR,2.5 가솔린,FWD,포레스트 그린,6,6,9503
2024-06,northeast,VST,2024,VST-TR,2.5 가솔린,FWD,샌드 베이지,6,6,9503
2024-06,northeast,VST,2024,VST-TR,1.6T 하이브리드,AWD,스노우 화이트,22,23,33124
2024-06,northeast,VST,2024,VST-TR,1.6T 하이브리드,AWD,미드나잇 블랙,18,18,26223
2024-06,northeast,VST,2024,VST-TR,1.6T 하이브리드,AWD,스틸 그레이,15,15,22083
2024-06,northeast,VST,2024,VST-TR,1.6T 하이브리드,AWD,실버,12,12,17942
2024-06,northeast,VST,2024,VST-TR,1.6T 하이브리드,AWD,오션 블루,9,9,13802
2024-06,northeast,VST,2024,VST-TR,1.6T 하이브리드,AWD,선셋 레드,7,8,11041
2024-06,northeast,VST,2024,VST-TR,1.6T 하이브리드,AWD,포레스트 그린,5,5,6901
2024-06,northeast,VST,2024,VST-TR,1.6T 하이브리드,AWD,샌드 베이지,5,5,6901
2024-06,northeast,VST,2024,VST-TR,1.6T 하이브리드,FWD,스노우 화이트,16,16,23498
2024-06,northeast,VST,2024,VST-TR,1.6T 하이브리드,FWD,미드나잇 블랙,12,13,18603
2024-06,northeast,VST,2024,VST-TR,1.6T 하이브리드,FWD,스틸 그레이,10,11,15666
2024-06,northeast,VST,2024,VST-TR,1.6T 하이브리드,FWD,실버,9,9,12728
2024-06,northeast,VST,2024,VST-TR,1.6T 하이브리드,FWD,오션 블루,7,7,9791
2024-06,northeast,VST,2024,VST-TR,1.6T 하이브리드,FWD,선셋 레드,5,5,7833
2024-06,northeast,VST,2024,VST-TR,1.6T 하이브리드,FWD,포레스트 그린,3,3,4895
2024-06,northeast,VST,2024,VST-TR,1.6T 하이브리드,FWD,샌드 베이지,3,3,4895
2024-06,southeast,VST,2024,VST-CO,2.5 가솔린,AWD,스노우 화이트,63,64,45771
2024-06,southeast,VST,2024,VST-CO,2.5 가솔린,AWD,미드나잇 블랙,50,51,36235
2024-06,southeast,VST,2024,VST-CO,2.5 가솔린,AWD,스틸 그레이,42,43,30514
2024-06,southeast,VST,2024,VST-CO,2.5 가솔린,AWD,실버,34,35,24793
2024-06,southeast,VST,2024,VST-CO,2.5 가솔린,AWD,오션 블루,26,27,19071
2024-06,southeast,VST,2024,VST-CO,2.5 가솔린,AWD,선셋 레드,21,21,15257
2024-06,southeast,VST,2024,VST-CO,2.5 가솔린,AWD,포레스트 그린,13,13,9536
2024-06,southeast,VST,2024,VST-CO,2.5 가솔린,AWD,샌드 베이지,13,13,9536
2024-06,southeast,VST,2024,VST-CO,2.5 가솔린,FWD,스노우 화이트,101,103,73891
2024-06,southeast,VST,2024,VST-CO,2.5 가솔린,FWD,미드나잇 블랙,80,82,58497
2024-06,southeast,VST,2024,VST-CO,2.5 가솔린,FWD,스틸 그레이,68,69,49261
2024-06,southeast,VST,2024,VST-CO,2.5 가솔린,FWD,실버,55,56,40025
2024-06,southeast,VST,2024,VST-CO,2.5 가솔린,FWD,오션 블루,42,43,30788
2024-06,southeast,VST,2024,VST-CO,2.5 가솔린,FWD,선셋 레드,34,34,24630
2024-06,southeast,VST,2024,VST-CO,2.5 가솔린,FWD,포레스트 그린,21,22,15394
2024-06,southeast,VST,2024,VST-CO,2.5 가솔린,FWD,샌드 베이지,21,22,15394
2024-06,southeast,VST,2024,VST-CO,1.6T 하이브리드,AWD,스노우 화이트,32,33,23579
2024-06,southeast,VST,2024,VST-CO,1.6T 하이브리드,AWD,미드나잇 블랙,26,26,18667
2024-06,southeast,VST,2024,VST-CO,1.6T 하이브리드,AWD,스틸 그레이,22,22,15719
2024-06,southeast,VST,2024,VST-CO,1.6T 하이브리드,AWD,실버,18,18,12772
2024-06,southeast,VST,2024,VST-CO,1.6T 하이브리드,AWD,오션 블루,13,14,9825
2024-06,southeast,VST,2024,VST-CO,1.6T 하이브리드,AWD,선셋 레드,11,11,7860
2024-06,southeast,VST,2024,VST-CO,1.6T 하이브리드,AWD,포레스트 그린,7,7,4912
2024-06,southeast,VST,2024,VST-CO,1.6T 하이브리드,AWD,샌드 베이지,7,7,4912
2024-06,southeast,VST,2024,VST-CO,1.6T 하이브리드,FWD,스노우 화이트,52,53,38065
2024-06,southeast,VST,2024,VST-CO,1.6T 하이브리드,FWD,미드나잇 블랙,41,42,30135
2024-06,southeast,VST,2024,VST-CO,1.6T 하이브리드,FWD,스틸 그레이,35,36,25377
2024-06,southeast,VST,2024,VST-CO,1.6T 하이브리드,FWD,실버,28,29,20619
2024-06,southeast,VST,2024,VST-CO,1.6T 하이브리드,FWD,오션 블루,22,22,15861
2024-06,southeast,VST,2024,VST-CO,1.6T 하이브리드,FWD,선셋 레드,17,18,12688
2024-06,southeast,VST,2024,VST-CO,1.6T 하이브리드,FWD,포레스트 그린,11,11,7930
2024-06,southeast,VST,2024,VST-CO,1.6T 하이브리드,FWD,샌드 베이지,11,11,7930
2024-06,southeast,VST,2024,VST-PR,2.5 가솔린,AWD,스노우 화이트,73,74,73295
2024-06,southeast,VST,2024,VST-PR,2.5 가솔린,AWD,미드나잇 블랙,58,59,58025
2024-06,southeast,VST,2024,VST-PR,2.5 가솔린,AWD,스틸 그레이,49,49,48863
2024-06,southeast,VST,2024,VST-PR,2.5 가솔린,AWD,실버,39,40,39701
2024-06,southeast,VST,2024,VST-PR,2.5 가솔린,AWD,오션 블루,30,31,30540
2024-06,southeast,VST,2024,VST-PR,2.5 가솔린,AWD,선셋 레드,24,25,24432
2024-06,southeast,VST,2024,VST-PR,2.5 가솔린,AWD,포레스트 그린,15,15,15270
2024-06,southeast,VST,2024,VST-PR,2.5 가솔린,AWD,샌드 베이지,15,15,15270
2024-06,southeast,VST,2024,VST-PR,2.5 가솔린,FWD,스노우 화이트,117,120,118326
2024-06,southeast,VST,2024,VST-PR,2.5 가솔린,FWD,미드나잇 블랙,93,95,93675
2024-06,southeast,VST,2024,VST-PR,2.5 가솔린,FWD,스틸 그레이,78,80,78884
2024-06,southeast,VST,2024,VST-PR,2.5 가솔린,FWD,실버,64,65,64093
2024-06,southeast,VST,2024,VST-PR,2.5 가솔린,FWD,오션 블루,49,50,49302
2024-06,southeast,VST,2024,VST-PR,2.5 가솔린,FWD,선셋 레드,39,40,39442
2024-06,southeast,VST,2024,VST-PR,2.5 가솔린,FWD,포레스트 그린,24,25,24651
2024-06,southeast,VST,2024,VST-PR,2.5 가솔린,FWD,샌드 베이지,24,25,24651
2024-06,southeast,VST,2024,VST-PR,1.6T 하이브리드,AWD,스노우 화이트,37,38,37758
2024-06,southeast,VST,2024,VST-PR,1.6T 하이브리드,AWD,미드나잇 블랙,30,30,29892
2024-06,southeast,VST,2024,VST-PR,1.6T 하이브리드,AWD,스틸 그레이,25,25,25172
2024-06,southeast,VST,2024,VST-PR,1.6T 하이브리드,AWD,실버,20,21,20452
2024-06,southeast,VST,2024,VST-PR,1.6T 하이브리드,AWD,오션 블루,16,16,15733
2024-06,southeast,VST,2024,VST-PR,1.6T 하이브리드,AWD,선셋 레드,12,13,12586
2024-06,southeast,VST,2024,VST-PR,1.6T 하이브리드,AWD,포레스트 그린,8,8,7866
2024-06,southeast,VST,2024,VST-PR,1.6T 하이브리드,AWD,샌드 베이지,8,8,7866
2024-06,southeast,VST,2024,VST-PR,1.6T 하이브리드,FWD,스노우 화이트,61,62,60956
2024-06,southeast,VST,2024,VST-PR,1.6T 하이브리드,FWD,미드나잇 블랙,48,49,48257
2024-06,southeast,VST,2024,VST-PR,1.6T 하이브리드,FWD,스틸 그레이,40,41,40637
2024-06,southeast,VST,2024,VST-PR,1.6T 하이브리드,FWD,실버,33,33,33018
2024-06,southeast,VST,2024,VST-PR,1.6T 하이브리드,FWD,오션 블루,25,26,25398
2024-06,southeast,VST,2024,VST-PR,1.6T 하이브리드,FWD,선셋 레드,20,21,20319
2024-06,southeast,VST,2024,VST-PR,1.6T 하이브리드,FWD,포레스트 그린,13,13,12699
2024-06,southeast,VST,2024,VST-PR,1.6T 하이브리드,FWD,샌드 베이지,13,13,12699
2024-06,southeast,VST,2024,VST-TR,2.5 가솔린,AWD,스노우 화이트,30,30,44515
2024-06,southeast,VST,2024,VST-TR,2.5 가솔린,AWD,미드나잇 블랙,24,24,35241
2024-06,southeast,VST,2024,VST-TR,2.5 가솔린,AWD,스틸 그레이,20,20,29677
2024-06,southeast,VST,2024,VST-TR,2.5 가솔린,AWD,실버,16,16,24112
2024-06,southeast,VST,2024,VST-TR,2.5 가솔린,AWD,오션 블루,12,13,18548
2024-06,southeast,VST,2024,VST-TR,2.5 가솔린,AWD,선셋 레드,10,10,14838
2024-06,southeast,VST,2024,VST-TR,2.5 가솔린,AWD,포레스트 그린,6,6,9274
2024-06,southeast,VST,2024,VST-TR,2.5 가솔린,AWD,샌드 베이지,6,6,9274
2024-06,southeast,VST,2024,VST-TR,2.5 가솔린,FWD,스노우 화이트,48,49,71864
2024-06,southeast,VST,2024,VST-TR,2.5 가솔린,FWD,미드나잇 블랙,38,39,56893
2024-06,southeast,VST,2024,VST-TR,2.5 가솔린,FWD,스틸 그레이,32,33,47910
2024-06,southeast,VST,2024,VST-TR,2.5 가솔린,FWD,실버,26,27,38927
2024-06,southeast,VST,2024,VST-TR,2.5 가솔린,FWD,오션 블루,20,20,29944
2024-06,southeast,VST,2024,VST-TR,2.5 가솔린,FWD,선셋 레드,16,16,23955
2024-06,southeast,VST,2024,VST-TR,2.5 가솔린,FWD,포레스트 그린,10,10,14972
2024-06,southeast,VST,2024,VST-TR,2.5 가솔린,FWD,샌드 베이지,10,10,14972
2024-06,southeast,VST,2024,VST-TR,1.6T 하이브리드,AWD,스노우 화이트,15,16,22932
2024-06,southeast,VST,2024,VST-TR,1.6T 하이브리드,AWD,미드나잇 블랙,12,12,18155
2024-06,southeast,VST,2024,VST-TR,1.6T 하이브리드,AWD,스틸 그레이,10,10,15288
2024-06,southeast,VST,2024,VST-TR,1.6T 하이브리드,AWD,실버,8,8,12422
2024-06,southeast,VST,2024,VST-TR,1.6T 하이브리드,AWD,오션 블루,6,7,9555
2024-06,southeast,VST,2024,VST-TR,1.6T 하이브리드,AWD,선셋 레드,5,5,7644
2024-06,southeast,VST,2024,VST-TR,1.6T 하이브리드,AWD,포레스트 그린,3,3,4778
2024-06,southeast,VST,2024,VST-TR,1.6T 하이브리드,AWD,샌드 베이지,3,3,4778
2024-06,southeast,VST,2024,VST-TR,1.6T 하이브리드,FWD,스노우 화이트,25,25,37021
2024-06,southeast,VST,2024,VST-TR,1.6T 하이브리드,FWD,미드나잇 블랙,20,20,29308
2024-06,southeast,VST,2024,VST-TR,1.6T 하이브리드,FWD,스틸 그레이,17,17,24681
2024-06,southeast,VST,2024,VST-TR,1.6T 하이브리드,FWD,실버,13,14,20053
2024-06,southeast,VST,2024,VST-TR,1.6T 하이브리드,FWD,오션 블루,10,11,15425
2024-06,southeast,VST,2024,VST-TR,1.6T 하이브리드,FWD,선셋 레드,8,8,12340
2024-06,southeast,VST,2024,VST-TR,1.6T 하이브리드,FWD,포레스트 그린,5,5,7713
2024-06,southeast,VST,2024,VST-TR,1.6T 하이브리드,FWD,샌드 베이지,5,5,7713
2024-06,west,AUR,2024,AUR-AI,스탠다드 레인지,AWD,스노우 화이트,31,32,13896
2024-06,west,AUR,2024,AUR-AI,스탠다드 레인지,AWD,미드나잇 블랙,25,25,11001
2024-06,west,AUR,2024,AUR-AI,스탠다드 레인지,AWD,스틸 그레이,21,21,9264
2024-06,west,AUR,2024,AUR-AI,스탠다드 레인지,AWD,실버,17,17,7527
2024-06,west,AUR,2024,AUR-AI,스탠다드 레인지,AWD,오션 블루,13,13,5790
2024-06,west,AUR,2024,AUR-AI,스탠다드 레인지,AWD,선셋 레드,10,11,4632
2024-06,west,AUR,2024,AUR-AI,스탠다드 레인지,AWD,포레스트 그린,7,7,2895
2024-06,west,AUR,2024,AUR-AI,스탠다드 레인지,AWD,샌드 베이지,7,7,2895
2024-06,west,AUR,2024,AUR-AI,스탠다드 레인지,FWD,스노우 화이트,26,26,11369
2024-06,west,AUR,2024,AUR-AI,스탠다드 레인지,FWD,미드나잇 블랙,20,21,9001
2024-06,west,AUR,2024,AUR-AI,스탠다드 레인지,FWD,스틸 그레이,17,17,7579
2024-06,west,AUR,2024,AUR-AI,스탠다드 레인지,FWD,실버,14,14,6158
2024-06,west,AUR,2024,AUR-AI,스탠다드 레인지,FWD,오션 블루,11,11,4737
2024-06,west,AUR,2024,AUR-AI,스탠다드 레인지,FWD,선셋 레드,9,9,3790
2024-06,west,AUR,2024,AUR-AI,스탠다드 레인지,FWD,포레스트 그린,5,5,2369
2024-06,west,AUR,2024,AUR-AI,스탠다드 레인지,FWD,샌드 베이지,5,5,2369
2024-06,west,AUR,2024,AUR-AI,롱레인지,AWD,스노우 화이트,47,48,20843
2024-06,west,AUR,2024,AUR-AI,롱레인지,AWD,미드나잇 블랙,37,38,16501
2024-06,west,AUR,2024,AUR-AI,롱레인지,AWD,스틸 그레이,31,32,13896
2024-06,west,AUR,2024,AUR-AI,롱레인지,AWD,실버,25,26,11290
2024-06,west,AUR,2024,AUR-AI,롱레인지,AWD,오션 블루,20,20,8685
2024-06,west,AUR,2024,AUR-AI,롱레인지,AWD,선셋 레드,16,16,6948
2024-06,west,AUR,2024,AUR-AI,롱레인지,AWD,포레스트 그린,10,10,4342
2024-06,west,AUR,2024,AUR-AI,롱레인지,AWD,샌드 베이지,10,10,4342
2024-06,west,AUR,2024,AUR-AI,롱레인지,FWD,스노우 화이트,38,39,17054
2024-06,west,AUR,2024,AUR-AI,롱레인지,FWD,미드나잇 블랙,30,31,13501
2024-06,west,AUR,2024,AUR-AI,롱레인지,FWD,스틸 그레이,26,26,11369
2024-06,west,AUR,2024,AUR-AI,롱레인지,FWD,실버,21,21,9237
2024-06,west,AUR,2024,AUR-AI,롱레인지,FWD,오션 블루,16,16,7106
2024-06,west,AUR,2024,AUR-AI,롱레인지,FWD,선셋 레드,13,13,5685
2024-06,west,AUR,2024,AUR-AI,롱레인지,FWD,포레스트 그린,8,8,3553
2024-06,west,AUR,2024,AUR-AI,롱레인지,FWD,샌드 베이지,8,8,3553
2024-06,west,AUR,2024,AUR-RA,스탠다드 레인지,AWD,스노우 화이트,36,37,25279
2024-06,west,AUR,2024,AUR-RA,스탠다드 레인지,AWD,미드나잇 블랙,29,29,20013
2024-06,west,AUR,2024,AUR-RA,스탠다드 레인지,AWD,스틸 그레이,24,25,16853
2024-06,west,AUR,2024,AUR-RA,스탠다드 레인지,AWD,실버,20,20,13693
2024-06,west,AUR,2024,AUR-RA,스탠다드 레인지,AWD,오션 블루,15,15,10533
2024-06,west,AUR,2024,AUR-RA,스탠다드 레인지,AWD,선셋 레드,12,12,8426
2024-06,west,AUR,2024,AUR-RA,스탠다드 레인지,AWD,포레스트 그린,8,8,5266
2024-06,west,AUR,2024,AUR-RA,스탠다드 레인지,AWD,샌드 베이지,8,8,5266
2024-06,west,AUR,2024,AUR-RA,스탠다드 레인지,FWD,스노우 화이트,30,30,20683
2024-06,west,AUR,2024,AUR-RA,스탠다드 레인지,FWD,미드나잇 블랙,23,24,16374
2024-06,west,AUR,2024,AUR-RA,스탠다드 레인지,FWD,스틸 그레이,20,20,13789
2024-06,west,AUR,2024,AUR-RA,스탠다드 레인지,FWD,실버,16,16,11203
2024-06,west,AUR,2024,AUR-RA,스탠다드 레인지,FWD,오션 블루,12,13,8618
2024-06,west,AUR,2024,AUR-RA,스탠다드 레인지,FWD,선셋 레드,10,10,6894
2024-06,west,AUR,2024,AUR-RA,스탠다드 레인지,FWD,포레스트 그린,6,6,4309
2024-06,west,AUR,2024,AUR-RA,스탠다드 레인지,FWD,샌드 베이지,6,6,4309
2024-06,west,AUR,2024,AUR-RA,롱레인지,AWD,스노우 화이트,54,55,37918
2024-06,west,AUR,2024,AUR-RA,롱레인지,AWD,미드나잇 블랙,43,44,30019
2024-06,west,AUR,2024,AUR-RA,롱레인지,AWD,스틸 그레이,36,37,25279
2024-06,west,AUR,2024,AUR-RA,롱레인지,AWD,실버,29,30,20539
2024-06,west,AUR,2024,AUR-RA,롱레인지,AWD,오션 블루,23,23,15799
2024-06,west,AUR,2024,AUR-RA,롱레인지,AWD,선셋 레드,18,18,12639
2024-06,west,AUR,2024,AUR-RA,롱레인지,AWD,포레스트 그린,11,12,7900
2024-06,west,AUR,2024,AUR-RA,롱레인지,AWD,샌드 베이지,11,12,7900
2024-06,west,AUR,2024,AUR-RA,롱레인지,FWD,스노우 화이트,44,45,31024
2024-06,west,AUR,2024,AUR-RA,롱레인지,FWD,미드나잇 블랙,35,36,24561
2024-06,west,AUR,2024,AUR-RA,롱레인지,FWD,스틸 그레이,30,30,20683
2024-06,west,AUR,2024,AUR-RA,롱레인지,FWD,실버,24,25,16805
2024-06,west,AUR,2024,AUR-RA,롱레인지,FWD,오션 블루,18,19,12927
2024-06,west,AUR,2024,AUR-RA,롱레인지,FWD,선셋 레드,15,15,10341
2024-06,west,AUR,2024,AUR-RA,롱레인지,FWD,포레스트 그린,9,9,6463
2024-06,west,AUR,2024,AUR-RA,롱레인지,FWD,샌드 베이지,9,9,6463
2024-06,west,AUR,2024,AUR-MA,스탠다드 레인지,AWD,스노우 화이트,15,15,16920
2024-06,west,AUR,2024,AUR-MA,스탠다드 레인지,AWD,미드나잇 블랙,12,12,13395
2024-06,west,AUR,2024,AUR-MA,스탠다드 레인지,AWD,스틸 그레이,10,10,11280
2024-06,west,AUR,2024,AUR-MA,스탠다드 레인지,AWD,실버,8,8,9165
2024-06,west,AUR,2024,AUR-MA,스탠다드 레인지,AWD,오션 블루,6,6,7050
2024-06,west,AUR,2024,AUR-MA,스탠다드 레인지,AWD,선셋 레드,5,5,5640
2024-06,west,AUR,2024,AUR-MA,스탠다드 레인지,AWD,포레스트 그린,3,3,3525
2024-06,west,AUR,2024,AUR-MA,스탠다드 레인지,AWD,샌드 베이지,3,3,3525
2024-06,west,AUR,2024,AUR-MA,스탠다드 레인지,FWD,스노우 화이트,12,12,13844
2024-06,west,AUR,2024,AUR-MA,스탠다드 레인지,FWD,미드나잇 블랙,10,10,10960
2024-06,west,AUR,2024,AUR-MA,스탠다드 레인지,FWD,스틸 그레이,8,8,9229
2024-06,west,AUR,2024,AUR-MA,스탠다드 레인지,FWD,실버,7,7,7499
2024-06,west,AUR,2024,AUR-MA,스탠다드 레인지,FWD,오션 블루,5,5,5768
2024-06,west,AUR,2024,AUR-MA,스탠다드 레인지,FWD,선셋 레드,4,4,4615
2024-06,west,AUR,2024,AUR-MA,스탠다드 레인지,FWD,포레스트 그린,3,3,2884
2024-06,west,AUR,2024,AUR-MA,스탠다드 레인지,FWD,샌드 베이지,3,3,2884
2024-06,west,AUR,2024,AUR-MA,롱레인지,AWD,스노우 화이트,22,23,25380
2024-06,west,AUR,2024,AUR-MA,롱레인지,AWD,미드나잇 블랙,18,18,20093
2024-06,west,AUR,2024,AUR-MA,롱레인지,AWD,스틸 그레이,15,15,16920
2024-06,west,AUR,2024,AUR-MA,롱레인지,AWD,실버,12,12,13748
2024-06,west,AUR,2024,AUR-MA,롱레인지,AWD,오션 블루,9,9,10575
2024-06,west,AUR,2024,AUR-MA,롱레인지,AWD,선셋 레드,7,8,8460
2024-06,west,AUR,2024,AUR-MA,롱레인지,AWD,포레스트 그린,5,5,5288
2024-06,west,AUR,2024,AUR-MA,롱레인지,AWD,샌드 베이지,5,5,5288
2024-06,west,AUR,2024,AUR-MA,롱레인지,FWD,스노우 화이트,18,19,20766
2024-06,west,AUR,2024,AUR-MA,롱레인지,FWD,미드나잇 블랙,14,15,16440
2024-06,west,AUR,2024,AUR-MA,롱레인지,FWD,스틸 그레이,12,12,13844
2024-06,west,AUR,2024,AUR-MA,롱레인지,FWD,실버,10,10,11248
2024-06,west,AUR,2024,AUR-MA,롱레인지,FWD,오션 블루,8,8,8652
2024-06,west,AUR,2024,AUR-MA,롱레인지,FWD,선셋 레드,6,6,6922
2024-06,west,AUR,2024,AUR-MA,롱레인지,FWD,포레스트 그린,4,4,4326
2024-06,west,AUR,2024,AUR-MA,롱레인지,FWD,샌드 베이지,4,4,4326
2024-06,central,AUR,2024,AUR-AI,스탠다드 레인지,AWD,스노우 화이트,13,13,5805
2024-06,central,AUR,2024,AUR-AI,스탠다드 레인지,AWD,미드나잇 블랙,10,11,4595
2024-06,central,AUR,2024,AUR-AI,스탠다드 레인지,AWD,스틸 그레이,9,9,3870
2024-06,central,AUR,2024,AUR-AI,스탠다드 레인지,AWD,실버,7,7,3144
2024-06,central,AUR,2024,AUR-AI,스탠다드 레인지,AWD,오션 블루,5,6,2419
2024-06,central,AUR,2024,AUR-AI,스탠다드 레인지,AWD,선셋 레드,4,4,1935
2024-06,central,AUR,2024,AUR-AI,스탠다드 레인지,AWD,포레스트 그린,3,3,1209
2024-06,central,AUR,2024,AUR-AI,스탠다드 레인지,AWD,샌드 베이지,3,3,1209
2024-06,central,AUR,2024,AUR-AI,스탠다드 레인지,FWD,스노우 화이트,8,8,3373
2024-06,central,AUR,2024,AUR-AI,스탠다드 레인지,FWD,미드나잇 블랙,6,6,2670
2024-06,central,AUR,2024,AUR-AI,스탠다드 레인지,FWD,스틸 그레이,5,5,2248
2024-06,central,AUR,2024,AUR-AI,스탠다드 레인지,FWD,실버,4,4,1827
2024-06,central,AUR,2024,AUR-AI,스탠다드 레인지,FWD,오션 블루,3,3,1405
2024-06,central,AUR,2024,AUR-AI,스탠다드 레인지,FWD,선셋 레드,3,3,1124
2024-06,central,AUR,2024,AUR-AI,스탠다드 레인지,FWD,포레스트 그린,2,2,703
2024-06,central,AUR,2024,AUR-AI,스탠다드 레인지,FWD,샌드 베이지,2,2,703
2024-06,central,AUR,2024,AUR-AI,롱레인지,AWD,스노우 화이트,20,20,8707
2024-06,central,AUR,2024,AUR-AI,롱레인지,AWD,미드나잇 블랙,15,16,6893
2024-06,central,AUR,2024,AUR-AI,롱레인지,AWD,스틸 그레이,13,13,5805
2024-06,central,AUR,2024,AUR-AI,롱레인지,AWD,실버,11,11,4716
2024-06,central,AUR,2024,AUR-AI,롱레인지,AWD,오션 블루,8,8,3628
2024-06,central,AUR,2024,AUR-AI,롱레인지,AWD,선셋 레드,7,7,2902
2024-06,central,AUR,2024,AUR-AI,롱레인지,AWD,포레스트 그린,4,4,1814
2024-06,central,AUR,2024,AUR-AI,롱레인지,AWD,샌드 베이지,4,4,1814
2024-06,central,AUR,2024,AUR-AI,롱레인지,FWD,스노우 화이트,11,12,5059
2024-06,central,AUR,2024,AUR-AI,롱레인지,FWD,미드나잇 블랙,9,9,4005
2024-06,central,AUR,2024,AUR-AI,롱레인지,FWD,스틸 그레이,8,8,3373
2024-06,central,AUR,2024,AUR-AI,롱레인지,FWD,실버,6,6,2740
2024-06,central,AUR,2024,AUR-AI,롱레인지,FWD,오션 블루,5,5,2108
2024-06,central,AUR,2024,AUR-AI,롱레인지,FWD,선셋 레드,4,4,1686
2024-06,central,AUR,2024,AUR-AI,롱레인지,FWD,포레스트 그린,2,2,1054
2024-06,central,AUR,2024,AUR-AI,롱레인지,FWD,샌드 베이지,2,2,1054
2024-06,central,AUR,2024,AUR-RA,스탠다드 레인지,AWD,스노우 화이트,15,15,10560
2024-06,central,AUR,2024,AUR-RA,스탠다드 레인지,AWD,미드나잇 블랙,12,12,8360
2024-06,central,AUR,2024,AUR-RA,스탠다드 레인지,AWD,스틸 그레이,10,10,7040
2024-06,central,AUR,2024,AUR-RA,스탠다드 레인지,AWD,실버,8,8,5720
2024-06,central,AUR,2024,AUR-RA,스탠다드 레인지,AWD,오션 블루,6,6,4400
2024-06,central,AUR,2024,AUR-RA,스탠다드 레인지,AWD,선셋 레드,5,5,3520
2024-06,central,AUR,2024,AUR-RA,스탠다드 레인지,AWD,포레스트 그린,3,3,2200
2024-06,central,AUR,2024,AUR-RA,스탠다드 레인지,AWD,샌드 베이지,3,3,2200
2024-06,central,AUR,2024,AUR-RA,스탠다드 레인지,FWD,스노우 화이트,9,9,6136
2024-06,central,AUR,2024,AUR-RA,스탠다드 레인지,FWD,미드나잇 블랙,7,7,4857
2024-06,central,AUR,2024,AUR-RA,스탠다드 레인지,FWD,스틸 그레이,6,6,4090
2024-06,central,AUR,2024,AUR-RA,스탠다드 레인지,FWD,실버,5,5,3323
2024-06,central,AUR,2024,AUR-RA,스탠다드 레인지,FWD,오션 블루,4,4,2557
2024-06,central,AUR,2024,AUR-RA,스탠다드 레인지,FWD,선셋 레드,3,3,2045
2024-06,central,AUR,2024,AUR-RA,스탠다드 레인지,FWD,포레스트 그린,2,2,1278
2024-06,central,AUR,2024,AUR-RA,스탠다드 레인지,FWD,샌드 베이지,2,2,1278
2024-06,central,AUR,2024,AUR-RA,롱레인지,AWD,스노우 화이트,23,23,15840
2024-06,central,AUR,2024,AUR-RA,롱레인지,AWD,미드나잇 블랙,18,18,12540
2024-06,central,AUR,2024,AUR-RA,롱레인지,AWD,스틸 그레이,15,15,10560
2024-06,central,AUR,2024,AUR-RA,롱레인지,AWD,실버,12,13,8580
2024-06,central,AUR,2024,AUR-RA,롱레인지,AWD,오션 블루,9,10,6600
2024-06,central,AUR,2024,AUR-RA,롱레인지,AWD,선셋 레드,8,8,5280
2024-06,central,AUR,2024,AUR-RA,롱레인지,AWD,포레스트 그린,5,5,3300
2024-06,central,AUR,2024,AUR-RA,롱레인지,AWD,샌드 베이지,5,5,3300
2024-06,central,AUR,2024,AUR-RA,롱레인지,FWD,스노우 화이트,13,13,9203
2024-06,central,AUR,2024,AUR-RA,롱레인지,FWD,미드나잇 블랙,10,11,7286
2024-06,central,AUR,2024,AUR-RA,롱레인지,FWD,스틸 그레이,9,9,6136
2024-06,central,AUR,2024,AUR-RA,롱레인지,FWD,실버,7,7,4985
2024-06,central,AUR,2024,AUR-RA,롱레인지,FWD,오션 블루,5,6,3835
2024-06,central,AUR,2024,AUR-RA,롱레인지,FWD,선셋 레드,4,4,3068
2024-06,central,AUR,2024,AUR-RA,롱레인지,FWD,포레스트 그린,3,3,1917
2024-06,central,AUR,2024,AUR-RA,롱레인지,FWD,샌드 베이지,3,3,1917
2024-06,central,AUR,2024,AUR-MA,스탠다드 레인지,AWD,스노우 화이트,6,6,7068
2024-06,central,AUR,2024,AUR-MA,스탠다드 레인지,AWD,미드나잇 블랙,5,5,5596
2024-06,central,AUR,2024,AUR-MA,스탠다드 레인지,AWD,스틸 그레이,4,4,4712
2024-06,central,AUR,2024,AUR-MA,스탠다드 레인지,AWD,실버,3,3,3829
2024-06,central,AUR,2024,AUR-MA,스탠다드 레인지,AWD,오션 블루,3,3,2945
2024-06,central,AUR,2024,AUR-MA,스탠다드 레인지,AWD,선셋 레드,2,2,2356
2024-06,central,AUR,2024,AUR-MA,스탠다드 레인지,AWD,포레스트 그린,1,1,1473
2024-06,central,AUR,2024,AUR-MA,스탠다드 레인지,AWD,샌드 베이지,1,1,1473
2024-06,central,AUR,2024,AUR-MA,스탠다드 레인지,FWD,스노우 화이트,4,4,4107
2024-06,central,AUR,2024,AUR-MA,스탠다드 레인지,FWD,미드나잇 블랙,3,3,3251
2024-06,central,AUR,2024,AUR-MA,스탠다드 레인지,FWD,스틸 그레이,2,2,2738
2024-06,central,AUR,2024,AUR-MA,스탠다드 레인지,FWD,실버,2,2,2225
2024-06,central,AUR,2024,AUR-MA,스탠다드 레인지,FWD,오션 블루,1,2,1711
2024-06,central,AUR,2024,AUR-MA,스탠다드 레인지,FWD,선셋 레드,1,1,1369
2024-06,central,AUR,2024,AUR-MA,스탠다드 레인지,FWD,포레스트 그린,1,1,856
2024-06,central,AUR,2024,AUR-MA,스탠다드 레인지,FWD,샌드 베이지,1,1,856
2024-06,central,AUR,2024,AUR-MA,롱레인지,AWD,스노우 화이트,9,9,10602
2024-06,central,AUR,2024,AUR-MA,롱레인지,AWD,미드나잇 블랙,7,7,8393
2024-06,central,AUR,2024,AUR-MA,롱레인지,AWD,스틸 그레이,6,6,7068
2024-06,central,AUR,2024,AUR-MA,롱레인지,AWD,실버,5,5,5743
2024-06,central,AUR,2024,AUR-MA,롱레인지,AWD,오션 블루,4,4,4418
2024-06,central,AUR,2024,AUR-MA,롱레인지,AWD,선셋 레드,3,3,3534
2024-06,central,AUR,2024,AUR-MA,롱레인지,AWD,포레스트 그린,2,2,2209
2024-06,central,AUR,2024,AUR-MA,롱레인지,AWD,샌드 베이지,2,2,2209
2024-06,central,AUR,2024,AUR-MA,롱레인지,FWD,스노우 화이트,5,5,6160
2024-06,central,AUR,2024,AUR-MA,롱레인지,FWD,미드나잇 블랙,4,4,4877
2024-06,central,AUR,2024,AUR-MA,롱레인지,FWD,스틸 그레이,4,4,4107
2024-06,central,AUR,2024,AUR-MA,롱레인지,FWD,실버,3,3,3337
2024-06,central,AUR,2024,AUR-MA,롱레인지,FWD,오션 블루,2,2,2567
2024-06,central,AUR,2024,AUR-MA,롱레인지,FWD,선셋 레드,2,2,2053
2024-06,central,AUR,2024,AUR-MA,롱레인지,FWD,포레스트 그린,1,1,1283
2024-06,central,AUR,2024,AUR-MA,롱레인지,FWD,샌드 베이지,1,1,1283
2024-06,south,AUR,2024,AUR-AI,스탠다드 레인지,AWD,스노우 화이트,11,11,4703
2024-06,south,AUR,2024,AUR-AI,스탠다드 레인지,AWD,미드나잇 블랙,8,9,3723
2024-06,south,AUR,2024,AUR-AI,스탠다드 레인지,AWD,스틸 그레이,7,7,3135
2024-06,south,AUR,2024,AUR-AI,스탠다드 레인지,AWD,실버,6,6,2548
2024-06,south,AUR,2024,AUR-AI,스탠다드 레인지,AWD,오션 블루,4,4,1960
2024-06,south,AUR,2024,AUR-AI,스탠다드 레인지,AWD,선셋 레드,4,4,1568
2024-06,south,AUR,2024,AUR-AI,스탠다드 레인지,AWD,포레스트 그린,2,2,980
2024-06,south,AUR,2024,AUR-AI,스탠다드 레인지,AWD,샌드 베이지,2,2,980
2024-06,south,AUR,2024,AUR-AI,스탠다드 레인지,FWD,스노우 화이트,16,16,7173
2024-06,south,AUR,2024,AUR-AI,스탠다드 레인지,FWD,미드나잇 블랙,13,13,5679
2024-06,south,AUR,2024,AUR-AI,스탠다드 레인지,FWD,스틸 그레이,11,11,4782
2024-06,south,AUR,2024,AUR-AI,스탠다드 레인지,FWD,실버,9,9,3886
2024-06,south,AUR,2024,AUR-AI,스탠다드 레인지,FWD,오션 블루,7,7,2989
2024-06,south,AUR,2024,AUR-AI,스탠다드 레인지,FWD,선셋 레드,5,5,2391
2024-06,south,AUR,2024,AUR-AI,스탠다드 레인지,FWD,포레스트 그린,3,3,1494
2024-06,south,AUR,2024,AUR-AI,스탠다드 레인지,FWD,샌드 베이지,3,3,1494
2024-06,south,AUR,2024,AUR-AI,롱레인지,AWD,스노우 화이트,16,16,7055
2024-06,south,AUR,2024,AUR-AI,롱레인지,AWD,미드나잇 블랙,13,13,5585
2024-06,south,AUR,2024,AUR-AI,롱레인지,AWD,스틸 그레이,11,11,4703
2024-06,south,AUR,2024,AUR-AI,롱레인지,AWD,실버,9,9,3821
2024-06,south,AUR,2024,AUR-AI,롱레인지,AWD,오션 블루,7,7,2939
2024-06,south,AUR,2024,AUR-AI,롱레인지,AWD,선셋 레드,5,5,2352
2024-06,south,AUR,2024,AUR-AI,롱레인지,AWD,포레스트 그린,3,3,1470
2024-06,south,AUR,2024,AUR-AI,롱레인지,AWD,샌드 베이지,3,3,1470
2024-06,south,AUR,2024,AUR-AI,롱레인지,FWD,스노우 화이트,24,25,10760
2024-06,south,AUR,2024,AUR-AI,롱레인지,FWD,미드나잇 블랙,19,20,8518
2024-06,south,AUR,2024,AUR-AI,롱레인지,FWD,스틸 그레이,16,16,7173
2024-06,south,AUR,2024,AUR-AI,롱레인지,FWD,실버,13,13,5828
2024-06,south,AUR,2024,AUR-AI,롱레인지,FWD,오션 블루,10,10,4483
2024-06,south,AUR,2024,AUR-AI,롱레인지,FWD,선셋 레드,8,8,3587
2024-06,south,AUR,2024,AUR-AI,롱레인지,FWD,포레스트 그린,5,5,2242
2024-06,south,AUR,2024,AUR-AI,롱레인지,FWD,샌드 베이지,5,5,2242
2024-06,south,AUR,2024,AUR-RA,스탠다드 레인지,AWD,스노우 화이트,12,12,8556
2024-06,south,AUR,2024,AUR-RA,스탠다드 레인지,AWD,미드나잇 블랙,10,10,6773
2024-06,south,AUR,2024,AUR-RA,스탠다드 레인지,AWD,스틸 그레이,8,8,5704
2024-06,south,AUR,2024,AUR-RA,스탠다드 레인지,AWD,실버,7,7,4634
2024-06,south,AUR,2024,AUR-RA,스탠다드 레인지,AWD,오션 블루,5,5,3565
2024-06,south,AUR,2024,AUR-RA,스탠다드 레인지,AWD,선셋 레드,4,4,2852
2024-06,south,AUR,2024,AUR-RA,스탠다드 레인지,AWD,포레스트 그린,3,3,1782
2024-06,south,AUR,2024,AUR-RA,스탠다드 레인지,AWD,샌드 베이지,3,3,1782
2024-06,south,AUR,2024,AUR-RA,스탠다드 레인지,FWD,스노우 화이트,19,19,13050
2024-06,south,AUR,2024,AUR-RA,스탠다드 레인지,FWD,미드나잇 블랙,15,15,10331
2024-06,south,AUR,2024,AUR-RA,스탠다드 레인지,FWD,스틸 그레이,12,13,8700
2024-06,south,AUR,2024,AUR-RA,스탠다드 레인지,FWD,실버,10,10,7069
2024-06,south,AUR,2024,AUR-RA,스탠다드 레인지,FWD,오션 블루,8,8,5438
2024-06,south,AUR,2024,AUR-RA,스탠다드 레인지,FWD,선셋 레드,6,6,4350
2024-06,south,AUR,2024,AUR-RA,스탠다드 레인지,FWD,포레스트 그린,4,4,2719
2024-06,south,AUR,2024,AUR-RA,스탠다드 레인지,FWD,샌드 베이지,4,4,2719
2024-06,south,AUR,2024,AUR-RA,롱레인지,AWD,스노우 화이트,18,19,12834
2024-06,south,AUR,2024,AUR-RA,롱레인지,AWD,미드나잇 블랙,15,15,10160
2024-06,south,AUR,2024,AUR-RA,롱레인지,AWD,스틸 그레이,12,12,8556
2024-06,south,AUR,2024,AUR-RA,롱레인지,AWD,실버,10,10,6952
2024-06,south,AUR,2024,AUR-RA,롱레인지,AWD,오션 블루,8,8,5347
2024-06,south,AUR,2024,AUR-RA,롱레인지,AWD,선셋 레드,6,6,4278
2024-06,south,AUR,2024,AUR-RA,롱레인지,AWD,포레스트 그린,4,4,2674
2024-06,south,AUR,2024,AUR-RA,롱레인지,AWD,샌드 베이지,4,4,2674
2024-06,south,AUR,2024,AUR-RA,롱레인지,FWD,스노우 화이트,28,29,19575
2024-06,south,AUR,2024,AUR-RA,롱레인지,FWD,미드나잇 블랙,22,23,15497
2024-06,south,AUR,2024,AUR-RA,롱레인지,FWD,스틸 그레이,19,19,13050
2024-06,south,AUR,2024,AUR-RA,롱레인지,FWD,실버,15,15,10603
2024-06,south,AUR,2024,AUR-RA,롱레인지,FWD,오션 블루,12,12,8156
2024-06,south,AUR,2024,AUR-RA,롱레인지,FWD,선셋 레드,9,10,6525
2024-06,south,AUR,2024,AUR-RA,롱레인지,FWD,포레스트 그린,6,6,4078
2024-06,south,AUR,2024,AUR-RA,롱레인지,FWD,샌드 베이지,6,6,4078
2024-06,south,AUR,2024,AUR-MA,스탠다드 레인지,AWD,스노우 화이트,5,5,5727
2024-06,south,AUR,2024,AUR-MA,스탠다드 레인지,AWD,미드나잇 블랙,4,4,4534
2024-06,south,AUR,2024,AUR-MA,스탠다드 레인지,AWD,스틸 그레이,3,3,3818
2024-06,south,AUR,2024,AUR-MA,스탠다드 레인지,AWD,실버,3,3,3102
2024-06,south,AUR,2024,AUR-MA,스탠다드 레인지,AWD,오션 블루,2,2,2386
2024-06,south,AUR,2024,AUR-MA,스탠다드 레인지,AWD,선셋 레드,2,2,1909
2024-06,south,AUR,2024,AUR-MA,스탠다드 레인지,AWD,포레스트 그린,1,1,1193
2024-06,south,AUR,2024,AUR-MA,스탠다드 레인지,AWD,샌드 베이지,1,1,1193
2024-06,south,AUR,2024,AUR-MA,스탠다드 레인지,FWD,스노우 화이트,8,8,8735
2024-06,south,AUR,2024,AUR-MA,스탠다드 레인지,FWD,미드나잇 블랙,6,6,6915
2024-06,south,AUR,2024,AUR-MA,스탠다드 레인지,FWD,스틸 그레이,5,5,5823
2024-06,south,AUR,2024,AUR-MA,스탠다드 레인지,FWD,실버,4,4,4731
2024-06,south,AUR,2024,AUR-MA,스탠다드 레인지,FWD,오션 블루,3,3,3640
2024-06,south,AUR,2024,AUR-MA,스탠다드 레인지,FWD,선셋 레드,3,3,2912
2024-06,south,AUR,2024,AUR-MA,스탠다드 레인지,FWD,포레스트 그린,2,2,1820
2024-06,south,AUR,2024,AUR-MA,스탠다드 레인지,FWD,샌드 베이지,2,2,1820
2024-06,south,AUR,2024,AUR-MA,롱레인지,AWD,스노우 화이트,8,8,8590
2024-06,south,AUR,2024,AUR-MA,롱레인지,AWD,미드나잇 블랙,6,6,6801
2024-06,south,AUR,2024,AUR-MA,롱레인지,AWD,스틸 그레이,5,5,5727
2024-06,south,AUR,2024,AUR-MA,롱레인지,AWD,실버,4,4,4653
2024-06,south,AUR,2024,AUR-MA,롱레인지,AWD,오션 블루,3,3,3579
2024-06,south,AUR,2024,AUR-MA,롱레인지,AWD,선셋 레드,3,3,2863
2024-06,south,AUR,2024,AUR-MA,롱레인지,AWD,포레스트 그린,2,2,1790
2024-06,south,AUR,2024,AUR-MA,롱레인지,AWD,샌드 베이지,2,2,1790
2024-06,south,AUR,2024,AUR-MA,롱레인지,FWD,스노우 화이트,11,12,13102
2024-06,south,AUR,2024,AUR-MA,롱레인지,FWD,미드나잇 블랙,9,9,10373
2024-06,south,AUR,2024,AUR-MA,롱레인지,FWD,스틸 그레이,8,8,8735
2024-06,south,AUR,2024,AUR-MA,롱레인지,FWD,실버,6,6,7097
2024-06,south,AUR,2024,AUR-MA,롱레인지,FWD,오션 블루,5,5,5459
2024-06,south,AUR,2024,AUR-MA,롱레인지,FWD,선셋 레드,4,4,4367
2024-06,south,AUR,2024,AUR-MA,롱레인지,FWD,포레스트 그린,2,2,2730
2024-06,south,AUR,2024,AUR-MA,롱레인지,FWD,샌드 베이지,2,2,2730
2024-06,northeast,AUR,2024,AUR-AI,스탠다드 레인지,AWD,스노우 화이트,27,27,11811
2024-06,northeast,AUR,2024,AUR-AI,스탠다드 레인지,AWD,미드나잇 블랙,21,21,9351
2024-06,northeast,AUR,2024,AUR-AI,스탠다드 레인지,AWD,스틸 그레이,18,18,7874
2024-06,northeast,AUR,2024,AUR-AI,스탠다드 레인지,AWD,실버,14,15,6398
2024-06,northeast,AUR,2024,AUR-AI,스탠다드 레인지,AWD,오션 블루,11,11,4921
2024-06,northeast,AUR,2024,AUR-AI,스탠다드 레인지,AWD,선셋 레드,9,9,3937
2024-06,northeast,AUR,2024,AUR-AI,스탠다드 레인지,AWD,포레스트 그린,6,6,2461
2024-06,northeast,AUR,2024,AUR-AI,스탠다드 레인지,AWD,샌드 베이지,6,6,2461
2024-06,northeast,AUR,2024,AUR-AI,스탠다드 레인지,FWD,스노우 화이트,11,11,4708
2024-06,northeast,AUR,2024,AUR-AI,스탠다드 레인지,FWD,미드나잇 블랙,8,9,3727
2024-06,northeast,AUR,2024,AUR-AI,스탠다드 레인지,FWD,스틸 그레이,7,7,3139
2024-06,northeast,AUR,2024,AUR-AI,스탠다드 레인지,FWD,실버,6,6,2550
2024-06,northeast,AUR,2024,AUR-AI,스탠다드 레인지,FWD,오션 블루,4,4,1962
2024-06,northeast,AUR,2024,AUR-AI,스탠다드 레인지,FWD,선셋 레드,4,4,1569
2024-06,northeast,AUR,2024,AUR-AI,스탠다드 레인지,FWD,포레스트 그린,2,2,981
2024-06,northeast,AUR,2024,AUR-AI,스탠다드 레인지,FWD,샌드 베이지,2,2,981
2024-06,northeast,AUR,2024,AUR-AI,롱레인지,AWD,스노우 화이트,40,41,17717
2024-06,northeast,AUR,2024,AUR-AI,롱레인지,AWD,미드나잇 블랙,32,32,14026
2024-06,northeast,AUR,2024,AUR-AI,롱레인지,AWD,스틸 그레이,27,27,11811
2024-06,northeast,AUR,2024,AUR-AI,롱레인지,AWD,실버,22,22,9597
2024-06,northeast,AUR,2024,AUR-AI,롱레인지,AWD,오션 블루,17,17,7382
2024-06,northeast,AUR,2024,AUR-AI,롱레인지,AWD,선셋 레드,13,14,5906
2024-06,northeast,AUR,2024,AUR-AI,롱레인지,AWD,포레스트 그린,8,8,3691
2024-06,northeast,AUR,2024,AUR-AI,롱레인지,AWD,샌드 베이지,8,8,3691
2024-06,northeast,AUR,2024,AUR-AI,롱레인지,FWD,스노우 화이트,16,16,7062
2024-06,northeast,AUR,2024,AUR-AI,롱레인지,FWD,미드나잇 블랙,13,13,5591
2024-06,northeast,AUR,2024,AUR-AI,롱레인지,FWD,스틸 그레이,11,11,4708
2024-06,northeast,AUR,2024,AUR-AI,롱레인지,FWD,실버,9,9,3825
2024-06,northeast,AUR,2024,AUR-AI,롱레인지,FWD,오션 블루,7,7,2942
2024-06,northeast,AUR,2024,AUR-AI,롱레인지,FWD,선셋 레드,5,5,2354
2024-06,northeast,AUR,2024,AUR-AI,롱레인지,FWD,포레스트 그린,3,3,1471
2024-06,northeast,AUR,2024,AUR-AI,롱레인지,FWD,샌드 베이지,3,3,1471
2024-06,northeast,AUR,2024,AUR-RA,스탠다드 레인지,AWD,스노우 화이트,31,31,21487
2024-06,northeast,AUR,2024,AUR-RA,스탠다드 레인지,AWD,미드나잇 블랙,24,25,17011
2024-06,northeast,AUR,2024,AUR-RA,스탠다드 레인지,AWD,스틸 그레이,20,21,14325
2024-06,northeast,AUR,2024,AUR-RA,스탠다드 레인지,AWD,실버,17,17,11639
2024-06,northeast,AUR,2024,AUR-RA,스탠다드 레인지,AWD,오션 블루,13,13,8953
2024-06,northeast,AUR,2024,AUR-RA,스탠다드 레인지,AWD,선셋 레드,10,10,7162
2024-06,northeast,AUR,2024,AUR-RA,스탠다드 레인지,AWD,포레스트 그린,6,7,4476
2024-06,northeast,AUR,2024,AUR-RA,스탠다드 레인지,AWD,샌드 베이지,6,7,4476
2024-06,northeast,AUR,2024,AUR-RA,스탠다드 레인지,FWD,스노우 화이트,12,12,8565
2024-06,northeast,AUR,2024,AUR-RA,스탠다드 레인지,FWD,미드나잇 블랙,10,10,6780
2024-06,northeast,AUR,2024,AUR-RA,스탠다드 레인지,FWD,스틸 그레이,8,8,5710
2024-06,northeast,AUR,2024,AUR-RA,스탠다드 레인지,FWD,실버,7,7,4639
2024-06,northeast,AUR,2024,AUR-RA,스탠다드 레인지,FWD,오션 블루,5,5,3569
2024-06,northeast,AUR,2024,AUR-RA,스탠다드 레인지,FWD,선셋 레드,4,4,2855
2024-06,northeast,AUR,2024,AUR-RA,스탠다드 레인지,FWD,포레스트 그린,3,3,1784
2024-06,northeast,AUR,2024,AUR-RA,스탠다드 레인지,FWD,샌드 베이지,3,3,1784
2024-06,northeast,AUR,2024,AUR-RA,롱레인지,AWD,스노우 화이트,46,47,32231
2024-06,northeast,AUR,2024,AUR-RA,롱레인지,AWD,미드나잇 블랙,36,37,25516
2024-06,northeast,AUR,2024,AUR-RA,롱레인지,AWD,스틸 그레이,31,31,21487
2024-06,northeast,AUR,2024,AUR-RA,롱레인지,AWD,실버,25,25,17458
2024-06,northeast,AUR,2024,AUR-RA,롱레인지,AWD,오션 블루,19,20,13429
2024-06,northeast,AUR,2024,AUR-RA,롱레인지,AWD,선셋 레드,15,16,10744
2024-06,northeast,AUR,2024,AUR-RA,롱레인지,AWD,포레스트 그린,10,10,6715
2024-06,northeast,AUR,2024,AUR-RA,롱레인지,AWD,샌드 베이지,10,10,6715
2024-06,northeast,AUR,2024,AUR-RA,롱레인지,FWD,스노우 화이트,18,19,12847
2024-06,northeast,AUR,2024,AUR-RA,롱레인지,FWD,미드나잇 블랙,15,15,10171
2024-06,northeast,AUR,2024,AUR-RA,롱레인지,FWD,스틸 그레이,12,12,8565
2024-06,northeast,AUR,2024,AUR-RA,롱레인지,FWD,실버,10,10,6959
2024-06,northeast,AUR,2024,AUR-RA,롱레인지,FWD,오션 블루,8,8,5353
2024-06,northeast,AUR,2024,AUR-RA,롱레인지,FWD,선셋 레드,6,6,4282
2024-06,northeast,AUR,2024,AUR-RA,롱레인지,FWD,포레스트 그린,4,4,2677
2024-06,northeast,AUR,2024,AUR-RA,롱레인지,FWD,샌드 베이지,4,4,2677
2024-06,northeast,AUR,2024,AUR-MA,스탠다드 레인지,AWD,스노우 화이트,13,13,14382
2024-06,northeast,AUR,2024,AUR-MA,스탠다드 레인지,AWD,미드나잇 블랙,10,10,11386
2024-06,northeast,AUR,2024,AUR-MA,스탠다드 레인지,AWD,스틸 그레이,8,9,9588
2024-06,northeast,AUR,2024,AUR-MA,스탠다드 레인지,AWD,실버,7,7,7790
2024-06,northeast,AUR,2024,AUR-MA,스탠다드 레인지,AWD,오션 블루,5,5,5993
2024-06,northeast,AUR,2024,AUR-MA,스탠다드 레인지,AWD,선셋 레드,4,4,4794
2024-06,northeast,AUR,2024,AUR-MA,스탠다드 레인지,AWD,포레스트 그린,3,3,2996
2024-06,northeast,AUR,2024,AUR-MA,스탠다드 레인지,AWD,샌드 베이지,3,3,2996
2024-06,northeast,AUR,2024,AUR-MA,스탠다드 레인지,FWD,스노우 화이트,5,5,5733
2024-06,northeast,AUR,2024,AUR-MA,스탠다드 레인지,FWD,미드나잇 블랙,4,4,4538
2024-06,northeast,AUR,2024,AUR-MA,스탠다드 레인지,FWD,스틸 그레이,3,3,3822
2024-06,northeast,AUR,2024,AUR-MA,스탠다드 레인지,FWD,실버,3,3,3105
2024-06,northeast,AUR,2024,AUR-MA,스탠다드 레인지,FWD,오션 블루,2,2,2389
2024-06,northeast,AUR,2024,AUR-MA,스탠다드 레인지,FWD,선셋 레드,2,2,1911
2024-06,northeast,AUR,2024,AUR-MA,스탠다드 레인지,FWD,포레스트 그린,1,1,1194
2024-06,northeast,AUR,2024,AUR-MA,스탠다드 레인지,FWD,샌드 베이지,1,1,1194
2024-06,northeast,AUR,2024,AUR-MA,롱레인지,AWD,스노우 화이트,19,19,21573
2024-06,northeast,AUR,2024,AUR-MA,롱레인지,AWD,미드나잇 블랙,15,15,17079
2024-06,northeast,AUR,2024,AUR-MA,롱레인지,AWD,스틸 그레이,13,13,14382
2024-06,northeast,AUR,2024,AUR-MA,롱레인지,AWD,실버,10,10,11686
2024-06,northeast,AUR,2024,AUR-MA,롱레인지,AWD,오션 블루,8,8,8989
2024-06,northeast,AUR,2024,AUR-MA,롱레인지,AWD,선셋 레드,6,6,7191
2024-06,northeast,AUR,2024,AUR-MA,롱레인지,AWD,포레스트 그린,4,4,4494
2024-06,northeast,AUR,2024,AUR-MA,롱레인지,AWD,샌드 베이지,4,4,4494
2024-06,northeast,AUR,2024,AUR-MA,롱레인지,FWD,스노우 화이트,8,8,8599
2024-06,northeast,AUR,2024,AUR-MA,롱레인지,FWD,미드나잇 블랙,6,6,6808
2024-06,northeast,AUR,2024,AUR-MA,롱레인지,FWD,스틸 그레이,5,5,5733
2024-06,northeast,AUR,2024,AUR-MA,롱레인지,FWD,실버,4,4,4658
2024-06,northeast,AUR,2024,AUR-MA,롱레인지,FWD,오션 블루,3,3,3583
2024-06,northeast,AUR,2024,AUR-MA,롱레인지,FWD,선셋 레드,3,3,2866
2024-06,northeast,AUR,2024,AUR-MA,롱레인지,FWD,포레스트 그린,2,2,1791
2024-06,northeast,AUR,2024,AUR-MA,롱레인지,FWD,샌드 베이지,2,2,1791
2024-06,southeast,AUR,2024,AUR-AI,스탠다드 레인지,AWD,스노우 화이트,14,14,6057
2024-06,southeast,AUR,2024,AUR-AI,스탠다드 레인지,AWD,미드나잇 블랙,11,11,4795
2024-06,southeast,AUR,2024,AUR-AI,스탠다드 레인지,AWD,스틸 그레이,9,9,4038
2024-06,southeast,AUR,2024,AUR-AI,스탠다드 레인지,AWD,실버,7,8,3281
2024-06,southeast,AUR,2024,AUR-AI,스탠다드 레인지,AWD,오션 블루,6,6,2524
2024-06,southeast,AUR,2024,AUR-AI,스탠다드 레인지,AWD,선셋 레드,5,5,2019
2024-06,southeast,AUR,2024,AUR-AI,스탠다드 레인지,AWD,포레스트 그린,3,3,1262
2024-06,southeast,AUR,2024,AUR-AI,스탠다드 레인지,AWD,샌드 베이지,3,3,1262
2024-06,southeast,AUR,2024,AUR-AI,스탠다드 레인지,FWD,스노우 화이트,15,16,6899
2024-06,southeast,AUR,2024,AUR-AI,스탠다드 레인지,FWD,미드나잇 블랙,12,13,5462
2024-06,southeast,AUR,2024,AUR-AI,스탠다드 레인지,FWD,스틸 그레이,10,11,4599
2024-06,southeast,AUR,2024,AUR-AI,스탠다드 레인지,FWD,실버,8,9,3737
2024-06,southeast,AUR,2024,AUR-AI,스탠다드 레인지,FWD,오션 블루,6,7,2875
2024-06,southeast,AUR,2024,AUR-AI,스탠다드 레인지,FWD,선셋 레드,5,5,2300
2024-06,southeast,AUR,2024,AUR-AI,스탠다드 레인지,FWD,포레스트 그린,3,3,1437
2024-06,southeast,AUR,2024,AUR-AI,스탠다드 레인지,FWD,샌드 베이지,3,3,1437
2024-06,southeast,AUR,2024,AUR-AI,롱레인지,AWD,스노우 화이트,20,21,9086
2024-06,southeast,AUR,2024,AUR-AI,롱레인지,AWD,미드나잇 블랙,16,16,7193
2024-06,southeast,AUR,2024,AUR-AI,롱레인지,AWD,스틸 그레이,14,14,6057
2024-06,southeast,AUR,2024,AUR-AI,롱레인지,AWD,실버,11,11,4921
2024-06,southeast,AUR,2024,AUR-AI,롱레인지,AWD,오션 블루,9,9,3786
2024-06,southeast,AUR,2024,AUR-AI,롱레인지,AWD,선셋 레드,7,7,3029
2024-06,southeast,AUR,2024,AUR-AI,롱레인지,AWD,포레스트 그린,4,4,1893
2024-06,southeast,AUR,2024,AUR-AI,롱레인지,AWD,샌드 베이지,4,4,1893
2024-06,southeast,AUR,2024,AUR-AI,롱레인지,FWD,스노우 화이트,23,24,10349
2024-06,southeast,AUR,2024,AUR-AI,롱레인지,FWD,미드나잇 블랙,18,19,8193
2024-06,southeast,AUR,2024,AUR-AI,롱레인지,FWD,스틸 그레이,15,16,6899
2024-06,southeast,AUR,2024,AUR-AI,롱레인지,FWD,실버,13,13,5606
2024-06,southeast,AUR,2024,AUR-AI,롱레인지,FWD,오션 블루,10,10,4312
2024-06,southeast,AUR,2024,AUR-AI,롱레인지,FWD,선셋 레드,8,8,3450
2024-06,southeast,AUR,2024,AUR-AI,롱레인지,FWD,포레스트 그린,5,5,2156
2024-06,southeast,AUR,2024,AUR-AI,롱레인지,FWD,샌드 베이지,5,5,2156
2024-06,southeast,AUR,2024,AUR-RA,스탠다드 레인지,AWD,스노우 화이트,16,16,11019
2024-06,southeast,AUR,2024,AUR-RA,스탠다드 레인지,AWD,미드나잇 블랙,12,13,8723
2024-06,southeast,AUR,2024,AUR-RA,스탠다드 레인지,AWD,스틸 그레이,11,11,7346
2024-06,southeast,AUR,2024,AUR-RA,스탠다드 레인지,AWD,실버,9,9,5969
2024-06,southeast,AUR,2024,AUR-RA,스탠다드 레인지,AWD,오션 블루,7,7,4591
2024-06,southeast,AUR,2024,AUR-RA,스탠다드 레인지,AWD,선셋 레드,5,5,3673
2024-06,southeast,AUR,2024,AUR-RA,스탠다드 레인지,AWD,포레스트 그린,3,3,2296
2024-06,southeast,AUR,2024,AUR-RA,스탠다드 레인지,AWD,샌드 베이지,3,3,2296
2024-06,southeast,AUR,2024,AUR-RA,스탠다드 레인지,FWD,스노우 화이트,18,18,12551
2024-06,southeast,AUR,2024,AUR-RA,스탠다드 레인지,FWD,미드나잇 블랙,14,14,9936
2024-06,southeast,AUR,2024,AUR-RA,스탠다드 레인지,FWD,스틸 그레이,12,12,8367
2024-06,southeast,AUR,2024,AUR-RA,스탠다드 레인지,FWD,실버,10,10,6799
2024-06,southeast,AUR,2024,AUR-RA,스탠다드 레인지,FWD,오션 블루,7,8,5230
2024-06,southeast,AUR,2024,AUR-RA,스탠다드 레인지,FWD,선셋 레드,6,6,4184
2024-06,southeast,AUR,2024,AUR-RA,스탠다드 레인지,FWD,포레스트 그린,4,4,2615
2024-06,southeast,AUR,2024,AUR-RA,스탠다드 레인지,FWD,샌드 베이지,4,4,2615
2024-06,southeast,AUR,2024,AUR-RA,롱레인지,AWD,스노우 화이트,24,24,16529
2024-06,southeast,AUR,2024,AUR-RA,롱레인지,AWD,미드나잇 블랙,19,19,13085
2024-06,southeast,AUR,2024,AUR-RA,롱레인지,AWD,스틸 그레이,16,16,11019
2024-06,southeast,AUR,2024,AUR-RA,롱레인지,AWD,실버,13,13,8953
2024-06,southeast,AUR,2024,AUR-RA,롱레인지,AWD,오션 블루,10,10,6887
2024-06,southeast,AUR,2024,AUR-RA,롱레인지,AWD,선셋 레드,8,8,5510
2024-06,southeast,AUR,2024,AUR-RA,롱레인지,AWD,포레스트 그린,5,5,3443
2024-06,southeast,AUR,2024,AUR-RA,롱레인지,AWD,샌드 베이지,5,5,3443
2024-06,southeast,AUR,2024,AUR-RA,롱레인지,FWD,스노우 화이트,27,27,18827
2024-06,southeast,AUR,2024,AUR-RA,롱레인지,FWD,미드나잇 블랙,21,22,14904
2024-06,southeast,AUR,2024,AUR-RA,롱레인지,FWD,스틸 그레이,18,18,12551
2024-06,southeast,AUR,2024,AUR-RA,롱레인지,FWD,실버,15,15,10198
2024-06,southeast,AUR,2024,AUR-RA,롱레인지,FWD,오션 블루,11,11,7844
2024-06,southeast,AUR,2024,AUR-RA,롱레인지,FWD,선셋 레드,9,9,6276
2024-06,southeast,AUR,2024,AUR-RA,롱레인지,FWD,포레스트 그린,6,6,3922
2024-06,southeast,AUR,2024,AUR-RA,롱레인지,FWD,샌드 베이지,6,6,3922
2024-06,southeast,AUR,2024,AUR-MA,스탠다드 레인지,AWD,스노우 화이트,6,7,7375
2024-06,southeast,AUR,2024,AUR-MA,스탠다드 레인지,AWD,미드나잇 블랙,5,5,5839
2024-06,southeast,AUR,2024,AUR-MA,스탠다드 레인지,AWD,스틸 그레이,4,4,4917
2024-06,southeast,AUR,2024,AUR-MA,스탠다드 레인지,AWD,실버,3,4,3995
2024-06,southeast,AUR,2024,AUR-MA,스탠다드 레인지,AWD,오션 블루,3,3,3073
2024-06,southeast,AUR,2024,AUR-MA,스탠다드 레인지,AWD,선셋 레드,2,2,2458
2024-06,southeast,AUR,2024,AUR-MA,스탠다드 레인지,AWD,포레스트 그린,1,1,1537
2024-06,southeast,AUR,2024,AUR-MA,스탠다드 레인지,AWD,샌드 베이지,1,1,1537
2024-06,southeast,AUR,2024,AUR-MA,스탠다드 레인지,FWD,스노우 화이트,7,7,8401
2024-06,southeast,AUR,2024,AUR-MA,스탠다드 레인지,FWD,미드나잇 블랙,6,6,6651
2024-06,southeast,AUR,2024,AUR-MA,스탠다드 레인지,FWD,스틸 그레이,5,5,5601
2024-06,southeast,AUR,2024,AUR-MA,스탠다드 레인지,FWD,실버,4,4,4551
2024-06,southeast,AUR,2024,AUR-MA,스탠다드 레인지,FWD,오션 블루,3,3,3500
2024-06,southeast,AUR,2024,AUR-MA,스탠다드 레인지,FWD,선셋 레드,2,2,2800
2024-06,southeast,AUR,2024,AUR-MA,스탠다드 레인지,FWD,포레스트 그린,2,2,1750
2024-06,southeast,AUR,2024,AUR-MA,스탠다드 레인지,FWD,샌드 베이지,2,2,1750
2024-06,southeast,AUR,2024,AUR-MA,롱레인지,AWD,스노우 화이트,10,10,11063
2024-06,southeast,AUR,2024,AUR-MA,롱레인지,AWD,미드나잇 블랙,8,8,8758
2024-06,southeast,AUR,2024,AUR-MA,롱레인지,AWD,스틸 그레이,6,7,7375
2024-06,southeast,AUR,2024,AUR-MA,롱레인지,AWD,실버,5,5,5993
2024-06,southeast,AUR,2024,AUR-MA,롱레인지,AWD,오션 블루,4,4,4610
2024-06,southeast,AUR,2024,AUR-MA,롱레인지,AWD,선셋 레드,3,3,3688
2024-06,southeast,AUR,2024,AUR-MA,롱레인지,AWD,포레스트 그린,2,2,2305
2024-06,southeast,AUR,2024,AUR-MA,롱레인지,AWD,샌드 베이지,2,2,2305
2024-06,southeast,AUR,2024,AUR-MA,롱레인지,FWD,스노우 화이트,11,11,12601
2024-06,southeast,AUR,2024,AUR-MA,롱레인지,FWD,미드나잇 블랙,9,9,9976
2024-06,southeast,AUR,2024,AUR-MA,롱레인지,FWD,스틸 그레이,7,7,8401
2024-06,southeast,AUR,2024,AUR-MA,롱레인지,FWD,실버,6,6,6826
2024-06,southeast,AUR,2024,AUR-MA,롱레인지,FWD,오션 블루,5,5,5251
2024-06,southeast,AUR,2024,AUR-MA,롱레인지,FWD,선셋 레드,4,4,4200
2024-06,southeast,AUR,2024,AUR-MA,롱레인지,FWD,포레스트 그린,2,2,2625
2024-06,southeast,AUR,2024,AUR-MA,롱레인지,FWD,샌드 베이지,2,2,2625
2024-06,west,MRD,2024,MRD-CO,2.0 가솔린,AWD,스노우 화이트,29,30,-8520
2024-06,west,MRD,2024,MRD-CO,2.0 가솔린,AWD,미드나잇 블랙,23,24,-6745
2024-06,west,MRD,2024,MRD-CO,2.0 가솔린,AWD,스틸 그레이,19,20,-5680
2024-06,west,MRD,2024,MRD-CO,2.0 가솔린,AWD,실버,16,16,-4615
2024-06,west,MRD,2024,MRD-CO,2.0 가솔린,AWD,오션 블루,12,12,-3550
2024-06,west,MRD,2024,MRD-CO,2.0 가솔린,AWD,선셋 레드,10,10,-2840
2024-06,west,MRD,2024,MRD-CO,2.0 가솔린,AWD,포레스트 그린,6,6,-1775
2024-06,west,MRD,2024,MRD-CO,2.0 가솔린,AWD,샌드 베이지,6,6,-1775
2024-06,west,MRD,2024,MRD-CO,2.0 가솔린,FWD,스노우 화이트,117,119,-34078
2024-06,west,MRD,2024,MRD-CO,2.0 가솔린,FWD,미드나잇 블랙,93,94,-26979
2024-06,west,MRD,2024,MRD-CO,2.0 가솔린,FWD,스틸 그레이,78,79,-22719
2024-06,west,MRD,2024,MRD-CO,2.0 가솔린,FWD,실버,63,65,-18459
2024-06,west,MRD,2024,MRD-CO,2.0 가솔린,FWD,오션 블루,49,50,-14199
2024-06,west,MRD,2024,MRD-CO,2.0 가솔린,FWD,선셋 레드,39,40,-11359
2024-06,west,MRD,2024,MRD-CO,2.0 가솔린,FWD,포레스트 그린,24,25,-7100
2024-06,west,MRD,2024,MRD-CO,2.0 가솔린,FWD,샌드 베이지,24,25,-7100
2024-06,west,MRD,2024,MRD-CO,1.6T 하이브리드,AWD,스노우 화이트,15,15,-4389
2024-06,west,MRD,2024,MRD-CO,1.6T 하이브리드,AWD,미드나잇 블랙,12,12,-3475
2024-06,west,MRD,2024,MRD-CO,1.6T 하이브리드,AWD,스틸 그레이,10,10,-2926
2024-06,west,MRD,2024,MRD-CO,1.6T 하이브리드,AWD,실버,8,8,-2377
2024-06,west,MRD,2024,MRD-CO,1.6T 하이브리드,AWD,오션 블루,6,6,-1829
2024-06,west,MRD,2024,MRD-CO,1.6T 하이브리드,AWD,선셋 레드,5,5,-1463
2024-06,west,MRD,2024,MRD-CO,1.6T 하이브리드,AWD,포레스트 그린,3,3,-914
2024-06,west,MRD,2024,MRD-CO,1.6T 하이브리드,AWD,샌드 베이지,3,3,-914
2024-06,west,MRD,2024,MRD-CO,1.6T 하이브리드,FWD,스노우 화이트,60,61,-17556
2024-06,west,MRD,2024,MRD-CO,1.6T 하이브리드,FWD,미드나잇 블랙,48,49,-13898
2024-06,west,MRD,2024,MRD-CO,1.6T 하이브리드,FWD,스틸 그레이,40,41,-11704
2024-06,west,MRD,2024,MRD-CO,1.6T 하이브리드,FWD,실버,33,33,-9509
2024-06,west,MRD,2024,MRD-CO,1.6T 하이브리드,FWD,오션 블루,25,26,-7315
2024-06,west,MRD,2024,MRD-CO,1.6T 하이브리드,FWD,선셋 레드,20,20,-5852
2024-06,west,MRD,2024,MRD-CO,1.6T 하이브리드,FWD,포레스트 그린,13,13,-3657
2024-06,west,MRD,2024,MRD-CO,1.6T 하이브리드,FWD,샌드 베이지,13,13,-3657
2024-06,west,MRD,2024,MRD-PR,2.0 가솔린,AWD,스노우 화이트,34,35,-2651
2024-06,west,MRD,2024,MRD-PR,2.0 가솔린,AWD,미드나잇 블랙,27,27,-2099
2024-06,west,MRD,2024,MRD-PR,2.0 가솔린,AWD,스틸 그레이,23,23,-1767
2024-06,west,MRD,2024,MRD-PR,2.0 가솔린,AWD,실버,18,19,-1436
2024-06,west,MRD,2024,MRD-PR,2.0 가솔린,AWD,오션 블루,14,14,-1104
2024-06,west,MRD,2024,MRD-PR,2.0 가솔린,AWD,선셋 레드,11,12,-884
2024-06,west,MRD,2024,MRD-PR,2.0 가솔린,AWD,포레스트 그린,7,7,-552
2024-06,west,MRD,2024,MRD-PR,2.0 가솔린,AWD,샌드 베이지,7,7,-552
2024-06,west,MRD,2024,MRD-PR,2.0 가솔린,FWD,스노우 화이트,135,138,-10603
2024-06,west,MRD,2024,MRD-PR,2.0 가솔린,FWD,미드나잇 블랙,107,109,-8394
2024-06,west,MRD,2024,MRD-PR,2.0 가솔린,FWD,스틸 그레이,90,92,-7069
2024-06,west,MRD,2024,MRD-PR,2.0 가솔린,FWD,실버,73,75,-5743
2024-06,west,MRD,2024,MRD-PR,2.0 가솔린,FWD,오션 블루,56,58,-4418
2024-06,west,MRD,2024,MRD-PR,2.0 가솔린,FWD,선셋 레드,45,46,-3534
2024-06,west,MRD,2024,MRD-PR,2.0 가솔린,FWD,포레스트 그린,28,29,-2209
2024-06,west,MRD,2024,MRD-PR,2.0 가솔린,FWD,샌드 베이지,28,29,-2209
2024-06,west,MRD,2024,MRD-PR,1.6T 하이브리드,AWD,스노우 화이트,17,18,-1366
2024-06,west,MRD,2024,MRD-PR,1.6T 하이브리드,AWD,미드나잇 블랙,14,14,-1081
2024-06,west,MRD,2024,MRD-PR,1.6T 하이브리드,AWD,스틸 그레이,12,12,-910
2024-06,west,MRD,2024,MRD-PR,1.6T 하이브리드,AWD,실버,9,10,-740
2024-06,west,MRD,2024,MRD-PR,1.6T 하이브리드,AWD,오션 블루,7,7,-569
2024-06,west,MRD,2024,MRD-PR,1.6T 하이브리드,AWD,선셋 레드,6,6,-455
2024-06,west,MRD,2024,MRD-PR,1.6T 하이브리드,AWD,포레스트 그린,4,4,-284
2024-06,west,MRD,2024,MRD-PR,1.6T 하이브리드,AWD,샌드 베이지,4,4,-284
2024-06,west,MRD,2024,MRD-PR,1.6T 하이브리드,FWD,스노우 화이트,70,71,-5462
2024-06,west,MRD,2024,MRD-PR,1.6T 하이브리드,FWD,미드나잇 블랙,55,56,-4324
2024-06,west,MRD,2024,MRD-PR,1.6T 하이브리드,FWD,스틸 그레이,46,47,-3641
2024-06,west,MRD,2024,MRD-PR,1.6T 하이브리드,FWD,실버,38,39,-2959
2024-06,west,MRD,2024,MRD-PR,1.6T 하이브리드,FWD,오션 블루,29,30,-2276
2024-06,west,MRD,2024,MRD-PR,1.6T 하이브리드,FWD,선셋 레드,23,24,-1821
2024-06,west,MRD,2024,MRD-PR,1.6T 하이브리드,FWD,포레스트 그린,15,15,-1138
2024-06,west,MRD,2024,MRD-PR,1.6T 하이브리드,FWD,샌드 베이지,15,15,-1138
2024-06,west,MRD,2024,MRD-SP,2.0 가솔린,AWD,스노우 화이트,14,14,4080
2024-06,west,MRD,2024,MRD-SP,2.0 가솔린,AWD,미드나잇 블랙,11,11,3230
2024-06,west,MRD,2024,MRD-SP,2.0 가솔린,AWD,스틸 그레이,9,9,2720
2024-06,west,MRD,2024,MRD-SP,2.0 가솔린,AWD,실버,7,8,2210
2024-06,west,MRD,2024,MRD-SP,2.0 가솔린,AWD,오션 블루,6,6,1700
2024-06,west,MRD,2024,MRD-SP,2.0 가솔린,AWD,선셋 레드,5,5,1360
2024-06,west,MRD,2024,MRD-SP,2.0 가솔린,AWD,포레스트 그린,3,3,850
2024-06,west,MRD,2024,MRD-SP,2.0 가솔린,AWD,샌드 베이지,3,3,850
2024-06,west,MRD,2024,MRD-SP,2.0 가솔린,FWD,스노우 화이트,55,56,16321
2024-06,west,MRD,2024,MRD-SP,2.0 가솔린,FWD,미드나잇 블랙,44,45,12920
2024-06,west,MRD,2024,MRD-SP,2.0 가솔린,FWD,스틸 그레이,37,38,10880
2024-06,west,MRD,2024,MRD-SP,2.0 가솔린,FWD,실버,30,31,8840
2024-06,west,MRD,2024,MRD-SP,2.0 가솔린,FWD,오션 블루,23,24,6800
2024-06,west,MRD,2024,MRD-SP,2.0 가솔린,FWD,선셋 레드,18,19,5440
2024-06,west,MRD,2024,MRD-SP,2.0 가솔린,FWD,포레스트 그린,12,12,3400
2024-06,west,MRD,2024,MRD-SP,2.0 가솔린,FWD,샌드 베이지,12,12,3400
2024-06,west,MRD,2024,MRD-SP,1.6T 하이브리드,AWD,스노우 화이트,7,7,2102
2024-06,west,MRD,2024,MRD-SP,1.6T 하이브리드,AWD,미드나잇 블랙,6,6,1664
2024-06,west,MRD,2024,MRD-SP,1.6T 하이브리드,AWD,스틸 그레이,5,5,1401
2024-06,west,MRD,2024,MRD-SP,1.6T 하이브리드,AWD,실버,4,4,1139
2024-06,west,MRD,2024,MRD-SP,1.6T 하이브리드,AWD,오션 블루,3,3,876
2024-06,west,MRD,2024,MRD-SP,1.6T 하이브리드,AWD,선셋 레드,2,2,701
2024-06,west,MRD,2024,MRD-SP,1.6T 하이브리드,AWD,포레스트 그린,1,2,438
2024-06,west,MRD,2024,MRD-SP,1.6T 하이브리드,AWD,샌드 베이지,1,2,438
2024-06,west,MRD,2024,MRD-SP,1.6T 하이브리드,FWD,스노우 화이트,29,29,8408
2024-06,west,MRD,2024,MRD-SP,1.6T 하이브리드,FWD,미드나잇 블랙,23,23,6656
2024-06,west,MRD,2024,MRD-SP,1.6T 하이브리드,FWD,스틸 그레이,19,19,5605
2024-06,west,MRD,2024,MRD-SP,1.6T 하이브리드,FWD,실버,15,16,4554
2024-06,west,MRD,2024,MRD-SP,1.6T 하이브리드,FWD,오션 블루,12,12,3503
2024-06,west,MRD,2024,MRD-SP,1.6T 하이브리드,FWD,선셋 레드,10,10,2803
2024-06,west,MRD,2024,MRD-SP,1.6T 하이브리드,FWD,포레스트 그린,6,6,1752
2024-06,west,MRD,2024,MRD-SP,1.6T 하이브리드,FWD,샌드 베이지,6,6,1752
2024-06,central,MRD,2024,MRD-CO,2.0 가솔린,AWD,스노우 화이트,22,22,-6406
2024-06,central,MRD,2024,MRD-CO,2.0 가솔린,AWD,미드나잇 블랙,17,18,-5071
2024-06,central,MRD,2024,MRD-CO,2.0 가솔린,AWD,스틸 그레이,15,15,-4271
2024-06,central,MRD,2024,MRD-CO,2.0 가솔린,AWD,실버,12,12,-3470
2024-06,central,MRD,2024,MRD-CO,2.0 가솔린,AWD,오션 블루,9,9,-2669
2024-06,central,MRD,2024,MRD-CO,2.0 가솔린,AWD,선셋 레드,7,7,-2135
2024-06,central,MRD,2024,MRD-CO,2.0 가솔린,AWD,포레스트 그린,5,5,-1335
2024-06,central,MRD,2024,MRD-CO,2.0 가솔린,AWD,샌드 베이지,5,5,-1335
2024-06,central,MRD,2024,MRD-CO,2.0 가솔린,FWD,스노우 화이트,74,75,-21446
2024-06,central,MRD,2024,MRD-CO,2.0 가솔린,FWD,미드나잇 블랙,58,59,-16978
2024-06,central,MRD,2024,MRD-CO,2.0 가솔린,FWD,스틸 그레이,49,50,-14298
2024-06,central,MRD,2024,MRD-CO,2.0 가솔린,FWD,실버,40,41,-11617
2024-06,central,MRD,2024,MRD-CO,2.0 가솔린,FWD,오션 블루,31,31,-8936
2024-06,central,MRD,2024,MRD-CO,2.0 가솔린,FWD,선셋 레드,25,25,-7149
2024-06,central,MRD,2024,MRD-CO,2.0 가솔린,FWD,포레스트 그린,15,16,-4468
2024-06,central,MRD,2024,MRD-CO,2.0 가솔린,FWD,샌드 베이지,15,16,-4468
2024-06,central,MRD,2024,MRD-CO,1.6T 하이브리드,AWD,스노우 화이트,11,12,-3300
2024-06,central,MRD,2024,MRD-CO,1.6T 하이브리드,AWD,미드나잇 블랙,9,9,-2613
2024-06,central,MRD,2024,MRD-CO,1.6T 하이브리드,AWD,스틸 그레이,8,8,-2200
2024-06,central,MRD,2024,MRD-CO,1.6T 하이브리드,AWD,실버,6,6,-1788
2024-06,central,MRD,2024,MRD-CO,1.6T 하이브리드,AWD,오션 블루,5,5,-1375
2024-06,central,MRD,2024,MRD-CO,1.6T 하이브리드,AWD,선셋 레드,4,4,-1100
2024-06,central,MRD,2024,MRD-CO,1.6T 하이브리드,AWD,포레스트 그린,2,2,-688
2024-06,central,MRD,2024,MRD-CO,1.6T 하이브리드,AWD,샌드 베이지,2,2,-688
2024-06,central,MRD,2024,MRD-CO,1.6T 하이브리드,FWD,스노우 화이트,38,39,-11048
2024-06,central,MRD,2024,MRD-CO,1.6T 하이브리드,FWD,미드나잇 블랙,30,31,-8746
2024-06,central,MRD,2024,MRD-CO,1.6T 하이브리드,FWD,스틸 그레이,25,26,-7365
2024-06,central,MRD,2024,MRD-CO,1.6T 하이브리드,FWD,실버,21,21,-5984
2024-06,central,MRD,2024,MRD-CO,1.6T 하이브리드,FWD,오션 블루,16,16,-4603
2024-06,central,MRD,2024,MRD-CO,1.6T 하이브리드,FWD,선셋 레드,13,13,-3683
2024-06,central,MRD,2024,MRD-CO,1.6T 하이브리드,FWD,포레스트 그린,8,8,-2302
2024-06,central,MRD,2024,MRD-CO,1.6T 하이브리드,FWD,샌드 베이지,8,8,-2302
2024-06,central,MRD,2024,MRD-PR,2.0 가솔린,AWD,스노우 화이트,25,26,-1993
2024-06,central,MRD,2024,MRD-PR,2.0 가솔린,AWD,미드나잇 블랙,20,21,-1578
2024-06,central,MRD,2024,MRD-PR,2.0 가솔린,AWD,스틸 그레이,17,17,-1329
2024-06,central,MRD,2024,MRD-PR,2.0 가솔린,AWD,실버,14,14,-1080
2024-06,central,MRD,2024,MRD-PR,2.0 가솔린,AWD,오션 블루,11,11,-830
2024-06,central,MRD,2024,MRD-PR,2.0 가솔린,AWD,선셋 레드,8,9,-664
2024-06,central,MRD,2024,MRD-PR,2.0 가솔린,AWD,포레스트 그린,5,5,-415
2024-06,central,MRD,2024,MRD-PR,2.0 가솔린,AWD,샌드 베이지,5,5,-415
2024-06,central,MRD,2024,MRD-PR,2.0 가솔린,FWD,스노우 화이트,85,87,-6673
2024-06,central,MRD,2024,MRD-PR,2.0 가솔린,FWD,미드나잇 블랙,67,69,-5283
2024-06,central,MRD,2024,MRD-PR,2.0 가솔린,FWD,스틸 그레이,57,58,-4449
2024-06,central,MRD,2024,MRD-PR,2.0 가솔린,FWD,실버,46,47,-3614
2024-06,central,MRD,2024,MRD-PR,2.0 가솔린,FWD,오션 블루,35,36,-2780
2024-06,central,MRD,2024,MRD-PR,2.0 가솔린,FWD,선셋 레드,28,29,-2224
2024-06,central,MRD,2024,MRD-PR,2.0 가솔린,FWD,포레스트 그린,18,18,-1390
2024-06,central,MRD,2024,MRD-PR,2.0 가솔린,FWD,샌드 베이지,18,18,-1390
2024-06,central,MRD,2024,MRD-PR,1.6T 하이브리드,AWD,스노우 화이트,13,13,-1027
2024-06,central,MRD,2024,MRD-PR,1.6T 하이브리드,AWD,미드나잇 블랙,10,11,-813
2024-06,central,MRD,2024,MRD-PR,1.6T 하이브리드,AWD,스틸 그레이,9,9,-685
2024-06,central,MRD,2024,MRD-PR,1.6T 하이브리드,AWD,실버,7,7,-556
2024-06,central,MRD,2024,MRD-PR,1.6T 하이브리드,AWD,오션 블루,5,6,-428
2024-06,central,MRD,2024,MRD-PR,1.6T 하이브리드,AWD,선셋 레드,4,4,-342
2024-06,central,MRD,2024,MRD-PR,1.6T 하이브리드,AWD,포레스트 그린,3,3,-214
2024-06,central,MRD,2024,MRD-PR,1.6T 하이브리드,AWD,샌드 베이지,3,3,-214
2024-06,central,MRD,2024,MRD-PR,1.6T 하이브리드,FWD,스노우 화이트,44,45,-3438
2024-06,central,MRD,2024,MRD-PR,1.6T 하이브리드,FWD,미드나잇 블랙,35,35,-2721
2024-06,central,MRD,2024,MRD-PR,1.6T 하이브리드,FWD,스틸 그레이,29,30,-2292
2024-06,central,MRD,2024,MRD-PR,1.6T 하이브리드,FWD,실버,24,24,-1862
2024-06,central,MRD,2024,MRD-PR,1.6T 하이브리드,FWD,오션 블루,18,19,-1432
2024-06,central,MRD,2024,MRD-PR,1.6T 하이브리드,FWD,선셋 레드,15,15,-1146
2024-06,central,MRD,2024,MRD-PR,1.6T 하이브리드,FWD,포레스트 그린,9,9,-716
2024-06,central,MRD,2024,MRD-PR,1.6T 하이브리드,FWD,샌드 베이지,9,9,-716
2024-06,central,MRD,2024,MRD-SP,2.0 가솔린,AWD,스노우 화이트,10,11,3068
2024-06,central,MRD,2024,MRD-SP,2.0 가솔린,AWD,미드나잇 블랙,8,8,2429
2024-06,central,MRD,2024,MRD-SP,2.0 가솔린,AWD,스틸 그레이,7,7,2045
2024-06,central,MRD,2024,MRD-SP,2.0 가솔린,AWD,실버,6,6,1662
2024-06,central,MRD,2024,MRD-SP,2.0 가솔린,AWD,오션 블루,4,4,1278
2024-06,central,MRD,2024,MRD-SP,2.0 가솔린,AWD,선셋 레드,3,4,1023
2024-06,central,MRD,2024,MRD-SP,2.0 가솔린,AWD,포레스트 그린,2,2,639
2024-06,central,MRD,2024,MRD-SP,2.0 가솔린,AWD,샌드 베이지,2,2,639
2024-06,central,MRD,2024,MRD-SP,2.0 가솔린,FWD,스노우 화이트,35,36,10271
2024-06,central,MRD,2024,MRD-SP,2.0 가솔린,FWD,미드나잇 블랙,28,28,8131
2024-06,central,MRD,2024,MRD-SP,2.0 가솔린,FWD,스틸 그레이,23,24,6847
2024-06,central,MRD,2024,MRD-SP,2.0 가솔린,FWD,실버,19,19,5563
2024-06,central,MRD,2024,MRD-SP,2.0 가솔린,FWD,오션 블루,15,15,4280
2024-06,central,MRD,2024,MRD-SP,2.0 가솔린,FWD,선셋 레드,12,12,3424
2024-06,central,MRD,2024,MRD-SP,2.0 가솔린,FWD,포레스트 그린,7,7,2140
2024-06,central,MRD,2024,MRD-SP,2.0 가솔린,FWD,샌드 베이지,7,7,2140
2024-06,central,MRD,2024,MRD-SP,1.6T 하이브리드,AWD,스노우 화이트,5,5,1580
2024-06,central,MRD,2024,MRD-SP,1.6T 하이브리드,AWD,미드나잇 블랙,4,4,1251
2024-06,central,MRD,2024,MRD-SP,1.6T 하이브리드,AWD,스틸 그레이,4,4,1054
2024-06,central,MRD,2024,MRD-SP,1.6T 하이브리드,AWD,실버,3,3,856
2024-06,central,MRD,2024,MRD-SP,1.6T 하이브리드,AWD,오션 블루,2,2,659
2024-06,central,MRD,2024,MRD-SP,1.6T 하이브리드,AWD,선셋 레드,2,2,527
2024-06,central,MRD,2024,MRD-SP,1.6T 하이브리드,AWD,포레스트 그린,1,1,329
2024-06,central,MRD,2024,MRD-SP,1.6T 하이브리드,AWD,샌드 베이지,1,1,329
2024-06,central,MRD,2024,MRD-SP,1.6T 하이브리드,FWD,스노우 화이트,18,18,5291
2024-06,central,MRD,2024,MRD-SP,1.6T 하이브리드,FWD,미드나잇 블랙,14,14,4189
2024-06,central,MRD,2024,MRD-SP,1.6T 하이브리드,FWD,스틸 그레이,12,12,3527
2024-06,central,MRD,2024,MRD-SP,1.6T 하이브리드,FWD,실버,10,10,2866
2024-06,central,MRD,2024,MRD-SP,1.6T 하이브리드,FWD,오션 블루,7,8,2205
2024-06,central,MRD,2024,MRD-SP,1.6T 하이브리드,FWD,선셋 레드,6,6,1764
2024-06,central,MRD,2024,MRD-SP,1.6T 하이브리드,FWD,포레스트 그린,4,4,1102
2024-06,central,MRD,2024,MRD-SP,1.6T 하이브리드,FWD,샌드 베이지,4,4,1102
2024-06,south,MRD,2024,MRD-CO,2.0 가솔린,AWD,스노우 화이트,18,18,-5190
2024-06,south,MRD,2024,MRD-CO,2.0 가솔린,AWD,미드나잇 블랙,14,14,-4109
2024-06,south,MRD,2024,MRD-CO,2.0 가솔린,AWD,스틸 그레이,12,12,-3460
2024-06,south,MRD,2024,MRD-CO,2.0 가솔린,AWD,실버,10,10,-2811
2024-06,south,MRD,2024,MRD-CO,2.0 가솔린,AWD,오션 블루,7,8,-2163
2024-06,south,MRD,2024,MRD-CO,2.0 가솔린,AWD,선셋 레드,6,6,-1730
2024-06,south,MRD,2024,MRD-CO,2.0 가솔린,AWD,포레스트 그린,4,4,-1081
2024-06,south,MRD,2024,MRD-CO,2.0 가솔린,AWD,샌드 베이지,4,4,-1081
2024-06,south,MRD,2024,MRD-CO,2.0 가솔린,FWD,스노우 화이트,106,108,-30854
2024-06,south,MRD,2024,MRD-CO,2.0 가솔린,FWD,미드나잇 블랙,84,85,-24426
2024-06,south,MRD,2024,MRD-CO,2.0 가솔린,FWD,스틸 그레이,71,72,-20569
2024-06,south,MRD,2024,MRD-CO,2.0 가솔린,FWD,실버,57,58,-16713
2024-06,south,MRD,2024,MRD-CO,2.0 가솔린,FWD,오션 블루,44,45,-12856
2024-06,south,MRD,2024,MRD-CO,2.0 가솔린,FWD,선셋 레드,35,36,-10285
2024-06,south,MRD,2024,MRD-CO,2.0 가솔린,FWD,포레스트 그린,22,22,-6428
2024-06,south,MRD,2024,MRD-CO,2.0 가솔린,FWD,샌드 베이지,22,22,-6428
2024-06,south,MRD,2024,MRD-CO,1.6T 하이브리드,AWD,스노우 화이트,9,9,-2674
2024-06,south,MRD,2024,MRD-CO,1.6T 하이브리드,AWD,미드나잇 블랙,7,7,-2117
2024-06,south,MRD,2024,MRD-CO,1.6T 하이브리드,AWD,스틸 그레이,6,6,-1783
2024-06,south,MRD,2024,MRD-CO,1.6T 하이브리드,AWD,실버,5,5,-1448
2024-06,south,MRD,2024,MRD-CO,1.6T 하이브리드,AWD,오션 블루,4,4,-1114
2024-06,south,MRD,2024,MRD-CO,1.6T 하이브리드,AWD,선셋 레드,3,3,-891
2024-06,south,MRD,2024,MRD-CO,1.6T 하이브리드,AWD,포레스트 그린,2,2,-557
2024-06,south,MRD,2024,MRD-CO,1.6T 하이브리드,AWD,샌드 베이지,2,2,-557
2024-06,south,MRD,2024,MRD-CO,1.6T 하이브리드,FWD,스노우 화이트,55,56,-15894
2024-06,south,MRD,2024,MRD-CO,1.6T 하이브리드,FWD,미드나잇 블랙,43,44,-12583
2024-06,south,MRD,2024,MRD-CO,1.6T 하이브리드,FWD,스틸 그레이,36,37,-10596
2024-06,south,MRD,2024,MRD-CO,1.6T 하이브리드,FWD,실버,30,30,-8610
2024-06,south,MRD,2024,MRD-CO,1.6T 하이브리드,FWD,오션 블루,23,23,-6623
2024-06,south,MRD,2024,MRD-CO,1.6T 하이브리드,FWD,선셋 레드,18,19,-5298
2024-06,south,MRD,2024,MRD-CO,1.6T 하이브리드,FWD,포레스트 그린,11,12,-3311
2024-06,south,MRD,2024,MRD-CO,1.6T 하이브리드,FWD,샌드 베이지,11,12,-3311
2024-06,south,MRD,2024,MRD-PR,2.0 가솔린,AWD,스노우 화이트,21,21,-1615
2024-06,south,MRD,2024,MRD-PR,2.0 가솔린,AWD,미드나잇 블랙,16,17,-1278
2024-06,south,MRD,2024,MRD-PR,2.0 가솔린,AWD,스틸 그레이,14,14,-1077
2024-06,south,MRD,2024,MRD-PR,2.0 가솔린,AWD,실버,11,11,-875
2024-06,south,MRD,2024,MRD-PR,2.0 가솔린,AWD,오션 블루,9,9,-673
2024-06,south,MRD,2024,MRD-PR,2.0 가솔린,AWD,선셋 레드,7,7,-538
2024-06,south,MRD,2024,MRD-PR,2.0 가솔린,AWD,포레스트 그린,4,4,-336
2024-06,south,MRD,2024,MRD-PR,2.0 가솔린,AWD,샌드 베이지,4,4,-336
2024-06,south,MRD,2024,MRD-PR,2.0 가솔린,FWD,스노우 화이트,123,125,-9600
2024-06,south,MRD,2024,MRD-PR,2.0 가솔린,FWD,미드나잇 블랙,97,99,-7600
2024-06,south,MRD,2024,MRD-PR,2.0 가솔린,FWD,스틸 그레이,82,83,-6400
2024-06,south,MRD,2024,MRD-PR,2.0 가솔린,FWD,실버,66,68,-5200
2024-06,south,MRD,2024,MRD-PR,2.0 가솔린,FWD,오션 블루,51,52,-4000
2024-06,south,MRD,2024,MRD-PR,2.0 가솔린,FWD,선셋 레드,41,42,-3200
2024-06,south,MRD,2024,MRD-PR,2.0 가솔린,FWD,포레스트 그린,26,26,-2000
2024-06,south,MRD,2024,MRD-PR,2.0 가솔린,FWD,샌드 베이지,26,26,-2000
2024-06,south,MRD,2024,MRD-PR,1.6T 하이브리드,AWD,스노우 화이트,11,11,-832
2024-06,south,MRD,2024,MRD-PR,1.6T 하이브리드,AWD,미드나잇 블랙,8,9,-659
2024-06,south,MRD,2024,MRD-PR,1.6T 하이브리드,AWD,스틸 그레이,7,7,-555
2024-06,south,MRD,2024,MRD-PR,1.6T 하이브리드,AWD,실버,6,6,-451
2024-06,south,MRD,2024,MRD-PR,1.6T 하이브리드,AWD,오션 블루,4,5,-347
2024-06,south,MRD,2024,MRD-PR,1.6T 하이브리드,AWD,선셋 레드,4,4,-277
2024-06,south,MRD,2024,MRD-PR,1.6T 하이브리드,AWD,포레스트 그린,2,2,-173
2024-06,south,MRD,2024,MRD-PR,1.6T 하이브리드,AWD,샌드 베이지,2,2,-173
2024-06,south,MRD,2024,MRD-PR,1.6T 하이브리드,FWD,스노우 화이트,63,64,-4945
2024-06,south,MRD,2024,MRD-PR,1.6T 하이브리드,FWD,미드나잇 블랙,50,51,-3915
2024-06,south,MRD,2024,MRD-PR,1.6T 하이브리드,FWD,스틸 그레이,42,43,-3297
2024-06,south,MRD,2024,MRD-PR,1.6T 하이브리드,FWD,실버,34,35,-2679
2024-06,south,MRD,2024,MRD-PR,1.6T 하이브리드,FWD,오션 블루,26,27,-2061
2024-06,south,MRD,2024,MRD-PR,1.6T 하이브리드,FWD,선셋 레드,21,21,-1648
2024-06,south,MRD,2024,MRD-PR,1.6T 하이브리드,FWD,포레스트 그린,13,13,-1030
2024-06,south,MRD,2024,MRD-PR,1.6T 하이브리드,FWD,샌드 베이지,13,13,-1030
2024-06,south,MRD,2024,MRD-SP,2.0 가솔린,AWD,스노우 화이트,8,9,2486
2024-06,south,MRD,2024,MRD-SP,2.0 가솔린,AWD,미드나잇 블랙,7,7,1968
2024-06,south,MRD,2024,MRD-SP,2.0 가솔린,AWD,스틸 그레이,6,6,1657
2024-06,south,MRD,2024,MRD-SP,2.0 가솔린,AWD,실버,5,5,1346
2024-06,south,MRD,2024,MRD-SP,2.0 가솔린,AWD,오션 블루,4,4,1036
2024-06,south,MRD,2024,MRD-SP,2.0 가솔린,AWD,선셋 레드,3,3,829
2024-06,south,MRD,2024,MRD-SP,2.0 가솔린,AWD,포레스트 그린,2,2,518
2024-06,south,MRD,2024,MRD-SP,2.0 가솔린,AWD,샌드 베이지,2,2,518
2024-06,south,MRD,2024,MRD-SP,2.0 가솔린,FWD,스노우 화이트,50,51,14776
2024-06,south,MRD,2024,MRD-SP,2.0 가솔린,FWD,미드나잇 블랙,40,40,11698
2024-06,south,MRD,2024,MRD-SP,2.0 가솔린,FWD,스틸 그레이,33,34,9851
2024-06,south,MRD,2024,MRD-SP,2.0 가솔린,FWD,실버,27,28,8004
2024-06,south,MRD,2024,MRD-SP,2.0 가솔린,FWD,오션 블루,21,21,6157
2024-06,south,MRD,2024,MRD-SP,2.0 가솔린,FWD,선셋 레드,17,17,4925
2024-06,south,MRD,2024,MRD-SP,2.0 가솔린,FWD,포레스트 그린,10,11,3078
2024-06,south,MRD,2024,MRD-SP,2.0 가솔린,FWD,샌드 베이지,10,11,3078
2024-06,south,MRD,2024,MRD-SP,1.6T 하이브리드,AWD,스노우 화이트,4,4,1281
2024-06,south,MRD,2024,MRD-SP,1.6T 하이브리드,AWD,미드나잇 블랙,3,4,1014
2024-06,south,MRD,2024,MRD-SP,1.6T 하이브리드,AWD,스틸 그레이,3,3,854
2024-06,south,MRD,2024,MRD-SP,1.6T 하이브리드,AWD,실버,2,2,694
2024-06,south,MRD,2024,MRD-SP,1.6T 하이브리드,AWD,오션 블루,2,2,534
2024-06,south,MRD,2024,MRD-SP,1.6T 하이브리드,AWD,선셋 레드,1,1,427
2024-06,south,MRD,2024,MRD-SP,1.6T 하이브리드,AWD,포레스트 그린,1,1,267
2024-06,south,MRD,2024,MRD-SP,1.6T 하이브리드,AWD,샌드 베이지,1,1,267
2024-06,south,MRD,2024,MRD-SP,1.6T 하이브리드,FWD,스노우 화이트,26,26,7612
2024-06,south,MRD,2024,MRD-SP,1.6T 하이브리드,FWD,미드나잇 블랙,20,21,6026
2024-06,south,MRD,2024,MRD-SP,1.6T 하이브리드,FWD,스틸 그레이,17,18,5075
2024-06,south,MRD,2024,MRD-SP,1.6T 하이브리드,FWD,실버,14,14,4123
2024-06,south,MRD,2024,MRD-SP,1.6T 하이브리드,FWD,오션 블루,11,11,3172
2024-06,south,MRD,2024,MRD-SP,1.6T 하이브리드,FWD,선셋 레드,9,9,2537
2024-06,south,MRD,2024,MRD-SP,1.6T 하이브리드,FWD,포레스트 그린,5,5,1586
2024-06,south,MRD,2024,MRD-SP,1.6T 하이브리드,FWD,샌드 베이지,5,5,1586
2024-06,northeast,MRD,2024,MRD-CO,2.0 가솔린,AWD,스노우 화이트,25,25,-7242
2024-06,northeast,MRD,2024,MRD-CO,2.0 가솔린,AWD,미드나잇 블랙,20,20,-5733
2024-06,northeast,MRD,2024,MRD-CO,2.0 가솔린,AWD,스틸 그레이,17,17,-4828
2024-06,northeast,MRD,2024,MRD-CO,2.0 가솔린,AWD,실버,13,14,-3923
2024-06,northeast,MRD,2024,MRD-CO,2.0 가솔린,AWD,오션 블루,10,11,-3017
2024-06,northeast,MRD,2024,MRD-CO,2.0 가솔린,AWD,선셋 레드,8,8,-2414
2024-06,northeast,MRD,2024,MRD-CO,2.0 가솔린,AWD,포레스트 그린,5,5,-1509
2024-06,northeast,MRD,2024,MRD-CO,2.0 가솔린,AWD,샌드 베이지,5,5,-1509
2024-06,northeast,MRD,2024,MRD-CO,2.0 가솔린,FWD,스노우 화이트,71,72,-20611
2024-06,northeast,MRD,2024,MRD-CO,2.0 가솔린,FWD,미드나잇 블랙,56,57,-16317
2024-06,northeast,MRD,2024,MRD-CO,2.0 가솔린,FWD,스틸 그레이,47,48,-13741
2024-06,northeast,MRD,2024,MRD-CO,2.0 가솔린,FWD,실버,38,39,-11164
2024-06,northeast,MRD,2024,MRD-CO,2.0 가솔린,FWD,오션 블루,29,30,-8588
2024-06,northeast,MRD,2024,MRD-CO,2.0 가솔린,FWD,선셋 레드,24,24,-6870
2024-06,northeast,MRD,2024,MRD-CO,2.0 가솔린,FWD,포레스트 그린,15,15,-4294
2024-06,northeast,MRD,2024,MRD-CO,2.0 가솔린,FWD,샌드 베이지,15,15,-4294
2024-06,northeast,MRD,2024,MRD-CO,1.6T 하이브리드,AWD,스노우 화이트,13,13,-3731
2024-06,northeast,MRD,2024,MRD-CO,1.6T 하이브리드,AWD,미드나잇 블랙,10,10,-2953
2024-06,northeast,MRD,2024,MRD-CO,1.6T 하이브리드,AWD,스틸 그레이,9,9,-2487
2024-06,northeast,MRD,2024,MRD-CO,1.6T 하이브리드,AWD,실버,7,7,-2021
2024-06,northeast,MRD,2024,MRD-CO,1.6T 하이브리드,AWD,오션 블루,5,5,-1554
2024-06,northeast,MRD,2024,MRD-CO,1.6T 하이브리드,AWD,선셋 레드,4,4,-1244
2024-06,northeast,MRD,2024,MRD-CO,1.6T 하이브리드,AWD,포레스트 그린,3,3,-777
2024-06,northeast,MRD,2024,MRD-CO,1.6T 하이브리드,AWD,샌드 베이지,3,3,-777
2024-06,northeast,MRD,2024,MRD-CO,1.6T 하이브리드,FWD,스노우 화이트,36,37,-10618
2024-06,northeast,MRD,2024,MRD-CO,1.6T 하이브리드,FWD,미드나잇 블랙,29,29,-8406
2024-06,northeast,MRD,2024,MRD-CO,1.6T 하이브리드,FWD,스틸 그레이,24,25,-7078
2024-06,northeast,MRD,2024,MRD-CO,1.6T 하이브리드,FWD,실버,20,20,-5751
2024-06,northeast,MRD,2024,MRD-CO,1.6T 하이브리드,FWD,오션 블루,15,15,-4424
2024-06,northeast,MRD,2024,MRD-CO,1.6T 하이브리드,FWD,선셋 레드,12,12,-3539
2024-06,northeast,MRD,2024,MRD-CO,1.6T 하이브리드,FWD,포레스트 그린,8,8,-2212
2024-06,northeast,MRD,2024,MRD-CO,1.6T 하이브리드,FWD,샌드 베이지,8,8,-2212
2024-06,northeast,MRD,2024,MRD-PR,2.0 가솔린,AWD,스노우 화이트,29,29,-2253
2024-06,northeast,MRD,2024,MRD-PR,2.0 가솔린,AWD,미드나잇 블랙,23,23,-1784
2024-06,northeast,MRD,2024,MRD-PR,2.0 가솔린,AWD,스틸 그레이,19,20,-1502
2024-06,northeast,MRD,2024,MRD-PR,2.0 가솔린,AWD,실버,16,16,-1220
2024-06,northeast,MRD,2024,MRD-PR,2.0 가솔린,AWD,오션 블루,12,12,-939
2024-06,northeast,MRD,2024,MRD-PR,2.0 가솔린,AWD,선셋 레드,10,10,-751
2024-06,northeast,MRD,2024,MRD-PR,2.0 가솔린,AWD,포레스트 그린,6,6,-469
2024-06,northeast,MRD,2024,MRD-PR,2.0 가솔린,AWD,샌드 베이지,6,6,-469
2024-06,northeast,MRD,2024,MRD-PR,2.0 가솔린,FWD,스노우 화이트,82,83,-6413
2024-06,northeast,MRD,2024,MRD-PR,2.0 가솔린,FWD,미드나잇 블랙,65,66,-5077
2024-06,northeast,MRD,2024,MRD-PR,2.0 가솔린,FWD,스틸 그레이,55,56,-4275
2024-06,northeast,MRD,2024,MRD-PR,2.0 가솔린,FWD,실버,44,45,-3474
2024-06,northeast,MRD,2024,MRD-PR,2.0 가솔린,FWD,오션 블루,34,35,-2672
2024-06,northeast,MRD,2024,MRD-PR,2.0 가솔린,FWD,선셋 레드,27,28,-2138
2024-06,northeast,MRD,2024,MRD-PR,2.0 가솔린,FWD,포레스트 그린,17,17,-1336
2024-06,northeast,MRD,2024,MRD-PR,2.0 가솔린,FWD,샌드 베이지,17,17,-1336
2024-06,northeast,MRD,2024,MRD-PR,1.6T 하이브리드,AWD,스노우 화이트,15,15,-1161
2024-06,northeast,MRD,2024,MRD-PR,1.6T 하이브리드,AWD,미드나잇 블랙,12,12,-919
2024-06,northeast,MRD,2024,MRD-PR,1.6T 하이브리드,AWD,스틸 그레이,10,10,-774
2024-06,northeast,MRD,2024,MRD-PR,1.6T 하이브리드,AWD,실버,8,8,-629
2024-06,northeast,MRD,2024,MRD-PR,1.6T 하이브리드,AWD,오션 블루,6,6,-484
2024-06,northeast,MRD,2024,MRD-PR,1.6T 하이브리드,AWD,선셋 레드,5,5,-387
2024-06,northeast,MRD,2024,MRD-PR,1.6T 하이브리드,AWD,포레스트 그린,3,3,-242
2024-06,northeast,MRD,2024,MRD-PR,1.6T 하이브리드,AWD,샌드 베이지,3,3,-242
2024-06,northeast,MRD,2024,MRD-PR,1.6T 하이브리드,FWD,스노우 화이트,42,43,-3304
2024-06,northeast,MRD,2024,MRD-PR,1.6T 하이브리드,FWD,미드나잇 블랙,33,34,-2615
2024-06,northeast,MRD,2024,MRD-PR,1.6T 하이브리드,FWD,스틸 그레이,28,29,-2202
2024-06,northeast,MRD,2024,MRD-PR,1.6T 하이브리드,FWD,실버,23,23,-1789
2024-06,northeast,MRD,2024,MRD-PR,1.6T 하이브리드,FWD,오션 블루,18,18,-1377
2024-06,northeast,MRD,2024,MRD-PR,1.6T 하이브리드,FWD,선셋 레드,14,14,-1101
2024-06,northeast,MRD,2024,MRD-PR,1.6T 하이브리드,FWD,포레스트 그린,9,9,-688
2024-06,northeast,MRD,2024,MRD-PR,1.6T 하이브리드,FWD,샌드 베이지,9,9,-688
2024-06,northeast,MRD,2024,MRD-SP,2.0 가솔린,AWD,스노우 화이트,12,12,3468
2024-06,northeast,MRD,2024,MRD-SP,2.0 가솔린,AWD,미드나잇 블랙,9,9,2746
2024-06,northeast,MRD,2024,MRD-SP,2.0 가솔린,AWD,스틸 그레이,8,8,2312
2024-06,northeast,MRD,2024,MRD-SP,2.0 가솔린,AWD,실버,6,6,1879
2024-06,northeast,MRD,2024,MRD-SP,2.0 가솔린,AWD,오션 블루,5,5,1445
2024-06,northeast,MRD,2024,MRD-SP,2.0 가솔린,AWD,선셋 레드,4,4,1156
2024-06,northeast,MRD,2024,MRD-SP,2.0 가솔린,AWD,포레스트 그린,2,2,723
2024-06,northeast,MRD,2024,MRD-SP,2.0 가솔린,AWD,샌드 베이지,2,2,723
2024-06,northeast,MRD,2024,MRD-SP,2.0 가솔린,FWD,스노우 화이트,33,34,9871
2024-06,northeast,MRD,2024,MRD-SP,2.0 가솔린,FWD,미드나잇 블랙,27,27,7814
2024-06,northeast,MRD,2024,MRD-SP,2.0 가솔린,FWD,스틸 그레이,22,23,6581
2024-06,northeast,MRD,2024,MRD-SP,2.0 가솔린,FWD,실버,18,18,5347
2024-06,northeast,MRD,2024,MRD-SP,2.0 가솔린,FWD,오션 블루,14,14,4113
2024-06,northeast,MRD,2024,MRD-SP,2.0 가솔린,FWD,선셋 레드,11,11,3290
2024-06,northeast,MRD,2024,MRD-SP,2.0 가솔린,FWD,포레스트 그린,7,7,2056
2024-06,northeast,MRD,2024,MRD-SP,2.0 가솔린,FWD,샌드 베이지,7,7,2056
2024-06,northeast,MRD,2024,MRD-SP,1.6T 하이브리드,AWD,스노우 화이트,6,6,1787
2024-06,northeast,MRD,2024,MRD-SP,1.6T 하이브리드,AWD,미드나잇 블랙,5,5,1414
2024-06,northeast,MRD,2024,MRD-SP,1.6T 하이브리드,AWD,스틸 그레이,4,4,1191
2024-06,northeast,MRD,2024,MRD-SP,1.6T 하이브리드,AWD,실버,3,3,968
2024-06,northeast,MRD,2024,MRD-SP,1.6T 하이브리드,AWD,오션 블루,3,3,744
2024-06,northeast,MRD,2024,MRD-SP,1.6T 하이브리드,AWD,선셋 레드,2,2,596
2024-06,northeast,MRD,2024,MRD-SP,1.6T 하이브리드,AWD,포레스트 그린,1,1,372
2024-06,northeast,MRD,2024,MRD-SP,1.6T 하이브리드,AWD,샌드 베이지,1,1,372
2024-06,northeast,MRD,2024,MRD-SP,1.6T 하이브리드,FWD,스노우 화이트,17,18,5085
2024-06,northeast,MRD,2024,MRD-SP,1.6T 하이브리드,FWD,미드나잇 블랙,14,14,4026
2024-06,northeast,MRD,2024,MRD-SP,1.6T 하이브리드,FWD,스틸 그레이,11,12,3390
2024-06,northeast,MRD,2024,MRD-SP,1.6T 하이브리드,FWD,실버,9,10,2754
2024-06,northeast,MRD,2024,MRD-SP,1.6T 하이브리드,FWD,오션 블루,7,7,2119
2024-06,northeast,MRD,2024,MRD-SP,1.6T 하이브리드,FWD,선셋 레드,6,6,1695
2024-06,northeast,MRD,2024,MRD-SP,1.6T 하이브리드,FWD,포레스트 그린,4,4,1059
2024-06,northeast,MRD,2024,MRD-SP,1.6T 하이브리드,FWD,샌드 베이지,4,4,1059
2024-06,southeast,MRD,2024,MRD-CO,2.0 가솔린,AWD,스노우 화이트,17,18,-5013
2024-06,southeast,MRD,2024,MRD-CO,2.0 가솔린,AWD,미드나잇 블랙,14,14,-3969
2024-06,southeast,MRD,2024,MRD-CO,2.0 가솔린,AWD,스틸 그레이,11,12,-3342
2024-06,southeast,MRD,2024,MRD-CO,2.0 가솔린,AWD,실버,9,9,-2716
2024-06,southeast,MRD,2024,MRD-CO,2.0 가솔린,AWD,오션 블루,7,7,-2089
2024-06,southeast,MRD,2024,MRD-CO,2.0 가솔린,AWD,선셋 레드,6,6,-1671
2024-06,southeast,MRD,2024,MRD-CO,2.0 가솔린,AWD,포레스트 그린,4,4,-1044
2024-06,southeast,MRD,2024,MRD-CO,2.0 가솔린,AWD,샌드 베이지,4,4,-1044
2024-06,southeast,MRD,2024,MRD-CO,2.0 가솔린,FWD,스노우 화이트,84,86,-24477
2024-06,southeast,MRD,2024,MRD-CO,2.0 가솔린,FWD,미드나잇 블랙,66,68,-19378
2024-06,southeast,MRD,2024,MRD-CO,2.0 가솔린,FWD,스틸 그레이,56,57,-16318
2024-06,southeast,MRD,2024,MRD-CO,2.0 가솔린,FWD,실버,45,46,-13259
2024-06,southeast,MRD,2024,MRD-CO,2.0 가솔린,FWD,오션 블루,35,36,-10199
2024-06,southeast,MRD,2024,MRD-CO,2.0 가솔린,FWD,선셋 레드,28,29,-8159
2024-06,southeast,MRD,2024,MRD-CO,2.0 가솔린,FWD,포레스트 그린,17,18,-5099
2024-06,southeast,MRD,2024,MRD-CO,2.0 가솔린,FWD,샌드 베이지,17,18,-5099
2024-06,southeast,MRD,2024,MRD-CO,1.6T 하이브리드,AWD,스노우 화이트,9,9,-2583
2024-06,southeast,MRD,2024,MRD-CO,1.6T 하이브리드,AWD,미드나잇 블랙,7,7,-2045
2024-06,southeast,MRD,2024,MRD-CO,1.6T 하이브리드,AWD,스틸 그레이,6,6,-1722
2024-06,southeast,MRD,2024,MRD-CO,1.6T 하이브리드,AWD,실버,5,5,-1399
2024-06,southeast,MRD,2024,MRD-CO,1.6T 하이브리드,AWD,오션 블루,4,4,-1076
2024-06,southeast,MRD,2024,MRD-CO,1.6T 하이브리드,AWD,선셋 레드,3,3,-861
2024-06,southeast,MRD,2024,MRD-CO,1.6T 하이브리드,AWD,포레스트 그린,2,2,-538
2024-06,southeast,MRD,2024,MRD-CO,1.6T 하이브리드,AWD,샌드 베이지,2,2,-538
2024-06,southeast,MRD,2024,MRD-CO,1.6T 하이브리드,FWD,스노우 화이트,43,44,-12610
2024-06,southeast,MRD,2024,MRD-CO,1.6T 하이브리드,FWD,미드나잇 블랙,34,35,-9983
2024-06,southeast,MRD,2024,MRD-CO,1.6T 하이브리드,FWD,스틸 그레이,29,29,-8406
2024-06,southeast,MRD,2024,MRD-CO,1.6T 하이브리드,FWD,실버,23,24,-6830
2024-06,southeast,MRD,2024,MRD-CO,1.6T 하이브리드,FWD,오션 블루,18,18,-5254
2024-06,southeast,MRD,2024,MRD-CO,1.6T 하이브리드,FWD,선셋 레드,14,15,-4203
2024-06,southeast,MRD,2024,MRD-CO,1.6T 하이브리드,FWD,포레스트 그린,9,9,-2627
2024-06,southeast,MRD,2024,MRD-CO,1.6T 하이브리드,FWD,샌드 베이지,9,9,-2627
2024-06,southeast,MRD,2024,MRD-PR,2.0 가솔린,AWD,스노우 화이트,20,20,-1560
2024-06,southeast,MRD,2024,MRD-PR,2.0 가솔린,AWD,미드나잇 블랙,16,16,-1235
2024-06,southeast,MRD,2024,MRD-PR,2.0 가솔린,AWD,스틸 그레이,13,14,-1040
2024-06,southeast,MRD,2024,MRD-PR,2.0 가솔린,AWD,실버,11,11,-845
2024-06,southeast,MRD,2024,MRD-PR,2.0 가솔린,AWD,오션 블루,8,8,-650
2024-06,southeast,MRD,2024,MRD-PR,2.0 가솔린,AWD,선셋 레드,7,7,-520
2024-06,southeast,MRD,2024,MRD-PR,2.0 가솔린,AWD,포레스트 그린,4,4,-325
2024-06,southeast,MRD,2024,MRD-PR,2.0 가솔린,AWD,샌드 베이지,4,4,-325
2024-06,southeast,MRD,2024,MRD-PR,2.0 가솔린,FWD,스노우 화이트,97,99,-7616
2024-06,southeast,MRD,2024,MRD-PR,2.0 가솔린,FWD,미드나잇 블랙,77,78,-6029
2024-06,southeast,MRD,2024,MRD-PR,2.0 가솔린,FWD,스틸 그레이,65,66,-5077
2024-06,southeast,MRD,2024,MRD-PR,2.0 가솔린,FWD,실버,53,54,-4125
2024-06,southeast,MRD,2024,MRD-PR,2.0 가솔린,FWD,오션 블루,40,41,-3173
2024-06,southeast,MRD,2024,MRD-PR,2.0 가솔린,FWD,선셋 레드,32,33,-2539
2024-06,southeast,MRD,2024,MRD-PR,2.0 가솔린,FWD,포레스트 그린,20,21,-1587
2024-06,southeast,MRD,2024,MRD-PR,2.0 가솔린,FWD,샌드 베이지,20,21,-1587
2024-06,southeast,MRD,2024,MRD-PR,1.6T 하이브리드,AWD,스노우 화이트,10,10,-804
2024-06,southeast,MRD,2024,MRD-PR,1.6T 하이브리드,AWD,미드나잇 블랙,8,8,-636
2024-06,southeast,MRD,2024,MRD-PR,1.6T 하이브리드,AWD,스틸 그레이,7,7,-536
2024-06,southeast,MRD,2024,MRD-PR,1.6T 하이브리드,AWD,실버,6,6,-435
2024-06,southeast,MRD,2024,MRD-PR,1.6T 하이브리드,AWD,오션 블루,4,4,-335
2024-06,southeast,MRD,2024,MRD-PR,1.6T 하이브리드,AWD,선셋 레드,3,3,-268
2024-06,southeast,MRD,2024,MRD-PR,1.6T 하이브리드,AWD,포레스트 그린,2,2,-167
2024-06,southeast,MRD,2024,MRD-PR,1.6T 하이브리드,AWD,샌드 베이지,2,2,-167
2024-06,southeast,MRD,2024,MRD-PR,1.6T 하이브리드,FWD,스노우 화이트,50,51,-3923
2024-06,southeast,MRD,2024,MRD-PR,1.6T 하이브리드,FWD,미드나잇 블랙,40,40,-3106
2024-06,southeast,MRD,2024,MRD-PR,1.6T 하이브리드,FWD,스틸 그레이,33,34,-2616
2024-06,southeast,MRD,2024,MRD-PR,1.6T 하이브리드,FWD,실버,27,28,-2125
2024-06,southeast,MRD,2024,MRD-PR,1.6T 하이브리드,FWD,오션 블루,21,21,-1635
2024-06,southeast,MRD,2024,MRD-PR,1.6T 하이브리드,FWD,선셋 레드,17,17,-1308
2024-06,southeast,MRD,2024,MRD-PR,1.6T 하이브리드,FWD,포레스트 그린,10,11,-817
2024-06,southeast,MRD,2024,MRD-PR,1.6T 하이브리드,FWD,샌드 베이지,10,11,-817
2024-06,southeast,MRD,2024,MRD-SP,2.0 가솔린,AWD,스노우 화이트,8,8,2401
2024-06,southeast,MRD,2024,MRD-SP,2.0 가솔린,AWD,미드나잇 블랙,6,7,1901
2024-06,southeast,MRD,2024,MRD-SP,2.0 가솔린,AWD,스틸 그레이,5,6,1601
2024-06,southeast,MRD,2024,MRD-SP,2.0 가솔린,AWD,실버,4,4,1301
2024-06,southeast,MRD,2024,MRD-SP,2.0 가솔린,AWD,오션 블루,3,3,1000
2024-06,southeast,MRD,2024,MRD-SP,2.0 가솔린,AWD,선셋 레드,3,3,800
2024-06,southeast,MRD,2024,MRD-SP,2.0 가솔린,AWD,포레스트 그린,2,2,500
2024-06,southeast,MRD,2024,MRD-SP,2.0 가솔린,AWD,샌드 베이지,2,2,500
2024-06,southeast,MRD,2024,MRD-SP,2.0 가솔린,FWD,스노우 화이트,40,41,11723
2024-06,southeast,MRD,2024,MRD-SP,2.0 가솔린,FWD,미드나잇 블랙,31,32,9280
2024-06,southeast,MRD,2024,MRD-SP,2.0 가솔린,FWD,스틸 그레이,27,27,7815
2024-06,southeast,MRD,2024,MRD-SP,2.0 가솔린,FWD,실버,22,22,6350
2024-06,southeast,MRD,2024,MRD-SP,2.0 가솔린,FWD,오션 블루,17,17,4884
2024-06,southeast,MRD,2024,MRD-SP,2.0 가솔린,FWD,선셋 레드,13,14,3908
2024-06,southeast,MRD,2024,MRD-SP,2.0 가솔린,FWD,포레스트 그린,8,8,2442
2024-06,southeast,MRD,2024,MRD-SP,2.0 가솔린,FWD,샌드 베이지,8,8,2442
2024-06,southeast,MRD,2024,MRD-SP,1.6T 하이브리드,AWD,스노우 화이트,4,4,1237
2024-06,southeast,MRD,2024,MRD-SP,1.6T 하이브리드,AWD,미드나잇 블랙,3,3,979
2024-06,southeast,MRD,2024,MRD-SP,1.6T 하이브리드,AWD,스틸 그레이,3,3,825
2024-06,southeast,MRD,2024,MRD-SP,1.6T 하이브리드,AWD,실버,2,2,670
2024-06,southeast,MRD,2024,MRD-SP,1.6T 하이브리드,AWD,오션 블루,2,2,515
2024-06,southeast,MRD,2024,MRD-SP,1.6T 하이브리드,AWD,선셋 레드,1,1,412
2024-06,southeast,MRD,2024,MRD-SP,1.6T 하이브리드,AWD,포레스트 그린,1,1,258
2024-06,southeast,MRD,2024,MRD-SP,1.6T 하이브리드,AWD,샌드 베이지,1,1,258
2024-06,southeast,MRD,2024,MRD-SP,1.6T 하이브리드,FWD,스노우 화이트,20,21,6039
2024-06,southeast,MRD,2024,MRD-SP,1.6T 하이브리드,FWD,미드나잇 블랙,16,17,4781
2024-06,southeast,MRD,2024,MRD-SP,1.6T 하이브리드,FWD,스틸 그레이,14,14,4026
2024-06,southeast,MRD,2024,MRD-SP,1.6T 하이브리드,FWD,실버,11,11,3271
2024-06,southeast,MRD,2024,MRD-SP,1.6T 하이브리드,FWD,오션 블루,9,9,2516
2024-06,southeast,MRD,2024,MRD-SP,1.6T 하이브리드,FWD,선셋 레드,7,7,2013
2024-06,southeast,MRD,2024,MRD-SP,1.6T 하이브리드,FWD,포레스트 그린,4,4,1258
2024-06,southeast,MRD,2024,MRD-SP,1.6T 하이브리드,FWD,샌드 베이지,4,4,1258
2024-06,west,NOV,2024,NOV-CO,3.5 가솔린,AWD,스노우 화이트,42,42,587
2024-06,west,NOV,2024,NOV-CO,3.5 가솔린,AWD,미드나잇 블랙,33,34,465
2024-06,west,NOV,2024,NOV-CO,3.5 가솔린,AWD,스틸 그레이,28,28,391
2024-06,west,NOV,2024,NOV-CO,3.5 가솔린,AWD,실버,22,23,318
2024-06,west,NOV,2024,NOV-CO,3.5 가솔린,AWD,오션 블루,17,18,245
2024-06,west,NOV,2024,NOV-CO,3.5 가솔린,AWD,선셋 레드,14,14,196
2024-06,west,NOV,2024,NOV-CO,3.5 가솔린,AWD,포레스트 그린,9,9,122
2024-06,west,NOV,2024,NOV-CO,3.5 가솔린,AWD,샌드 베이지,9,9,122
2024-06,west,NOV,2024,NOV-CO,3.5 가솔린,FWD,스노우 화이트,77,79,1090
2024-06,west,NOV,2024,NOV-CO,3.5 가솔린,FWD,미드나잇 블랙,61,62,863
2024-06,west,NOV,2024,NOV-CO,3.5 가솔린,FWD,스틸 그레이,51,52,727
2024-06,west,NOV,2024,NOV-CO,3.5 가솔린,FWD,실버,42,43,590
2024-06,west,NOV,2024,NOV-CO,3.5 가솔린,FWD,오션 블루,32,33,454
2024-06,west,NOV,2024,NOV-CO,3.5 가솔린,FWD,선셋 레드,26,26,363
2024-06,west,NOV,2024,NOV-CO,3.5 가솔린,FWD,포레스트 그린,16,16,227
2024-06,west,NOV,2024,NOV-CO,3.5 가솔린,FWD,샌드 베이지,16,16,227
2024-06,west,NOV,2024,NOV-CO,1.6T 하이브리드,AWD,스노우 화이트,21,22,302
2024-06,west,NOV,2024,NOV-CO,1.6T 하이브리드,AWD,미드나잇 블랙,17,17,239
2024-06,west,NOV,2024,NOV-CO,1.6T 하이브리드,AWD,스틸 그레이,14,15,202
2024-06,west,NOV,2024,NOV-CO,1.6T 하이브리드,AWD,실버,12,12,164
2024-06,west,NOV,2024,NOV-CO,1.6T 하이브리드,AWD,오션 블루,9,9,126
2024-06,west,NOV,2024,NOV-CO,1.6T 하이브리드,AWD,선셋 레드,7,7,101
2024-06,west,NOV,2024,NOV-CO,1.6T 하이브리드,AWD,포레스트 그린,4,5,63
2024-06,west,NOV,2024,NOV-CO,1.6T 하이브리드,AWD,샌드 베이지,4,5,63
2024-06,west,NOV,2024,NOV-CO,1.6T 하이브리드,FWD,스노우 화이트,40,41,562
2024-06,west,NOV,2024,NOV-CO,1.6T 하이브리드,FWD,미드나잇 블랙,31,32,445
2024-06,west,NOV,2024,NOV-CO,1.6T 하이브리드,FWD,스틸 그레이,26,27,374
2024-06,west,NOV,2024,NOV-CO,1.6T 하이브리드,FWD,실버,22,22,304
2024-06,west,NOV,2024,NOV-CO,1.6T 하이브리드,FWD,오션 블루,17,17,234
2024-06,west,NOV,2024,NOV-CO,1.6T 하이브리드,FWD,선셋 레드,13,14,187
2024-06,west,NOV,2024,NOV-CO,1.6T 하이브리드,FWD,포레스트 그린,8,8,117
2024-06,west,NOV,2024,NOV-CO,1.6T 하이브리드,FWD,샌드 베이지,8,8,117
2024-06,west,NOV,2024,NOV-PR,3.5 가솔린,AWD,스노우 화이트,48,49,15671
2024-06,west,NOV,2024,NOV-PR,3.5 가솔린,AWD,미드나잇 블랙,38,39,12406
2024-06,west,NOV,2024,NOV-PR,3.5 가솔린,AWD,스틸 그레이,32,33,10447
2024-06,west,NOV,2024,NOV-PR,3.5 가솔린,AWD,실버,26,27,8489
2024-06,west,NOV,2024,NOV-PR,3.5 가솔린,AWD,오션 블루,20,20,6530
2024-06,west,NOV,2024,NOV-PR,3.5 가솔린,AWD,선셋 레드,16,16,5224
2024-06,west,NOV,2024,NOV-PR,3.5 가솔린,AWD,포레스트 그린,10,10,3265
2024-06,west,NOV,2024,NOV-PR,3.5 가솔린,AWD,샌드 베이지,10,10,3265
2024-06,west,NOV,2024,NOV-PR,3.5 가솔린,FWD,스노우 화이트,89,91,29104
2024-06,west,NOV,2024,NOV-PR,3.5 가솔린,FWD,미드나잇 블랙,71,72,23040
2024-06,west,NOV,2024,NOV-PR,3.5 가솔린,FWD,스틸 그레이,60,61,19402
2024-06,west,NOV,2024,NOV-PR,3.5 가솔린,FWD,실버,48,49,15765
2024-06,west,NOV,2024,NOV-PR,3.5 가솔린,FWD,오션 블루,37,38,12127
2024-06,west,NOV,2024,NOV-PR,3.5 가솔린,FWD,선셋 레드,30,30,9701
2024-06,west,NOV,2024,NOV-PR,3.5 가솔린,FWD,포레스트 그린,19,19,6063
2024-06,west,NOV,2024,NOV-PR,3.5 가솔린,FWD,샌드 베이지,19,19,6063
2024-06,west,NOV,2024,NOV-PR,1.6T 하이브리드,AWD,스노우 화이트,25,25,8073
2024-06,west,NOV,2024,NOV-PR,1.6T 하이브리드,AWD,미드나잇 블랙,20,20,6391
2024-06,west,NOV,2024,NOV-PR,1.6T 하이브리드,AWD,스틸 그레이,17,17,5382
2024-06,west,NOV,2024,NOV-PR,1.6T 하이브리드,AWD,실버,13,14,4373
2024-06,west,NOV,2024,NOV-PR,1.6T 하이브리드,AWD,오션 블루,10,11,3364
2024-06,west,NOV,2024,NOV-PR,1.6T 하이브리드,AWD,선셋 레드,8,8,2691
2024-06,west,NOV,2024,NOV-PR,1.6T 하이브리드,AWD,포레스트 그린,5,5,1682
2024-06,west,NOV,2024,NOV-PR,1.6T 하이브리드,AWD,샌드 베이지,5,5,1682
2024-06,west,NOV,2024,NOV-PR,1.6T 하이브리드,FWD,스노우 화이트,46,47,14993
2024-06,west,NOV,2024,NOV-PR,1.6T 하이브리드,FWD,미드나잇 블랙,36,37,11869
2024-06,west,NOV,2024,NOV-PR,1.6T 하이브리드,FWD,스틸 그레이,31,31,9995
2024-06,west,NOV,2024,NOV-PR,1.6T 하이브리드,FWD,실버,25,25,8121
2024-06,west,NOV,2024,NOV-PR,1.6T 하이브리드,FWD,오션 블루,19,20,6247
2024-06,west,NOV,2024,NOV-PR,1.6T 하이브리드,FWD,선셋 레드,15,16,4998
2024-06,west,NOV,2024,NOV-PR,1.6T 하이브리드,FWD,포레스트 그린,10,10,3124
2024-06,west,NOV,2024,NOV-PR,1.6T 하이브리드,FWD,샌드 베이지,10,10,3124
2024-06,west,NOV,2024,NOV-LO,3.5 가솔린,AWD,스노우 화이트,20,20,17144
2024-06,west,NOV,2024,NOV-LO,3.5 가솔린,AWD,미드나잇 블랙,16,16,13572
2024-06,west,NOV,2024,NOV-LO,3.5 가솔린,AWD,스틸 그레이,13,13,11429
2024-06,west,NOV,2024,NOV-LO,3.5 가솔린,AWD,실버,11,11,9286
2024-06,west,NOV,2024,NOV-LO,3.5 가솔린,AWD,오션 블루,8,8,7143
2024-06,west,NOV,2024,NOV-LO,3.5 가솔린,AWD,선셋 레드,7,7,5715
2024-06,west,NOV,2024,NOV-LO,3.5 가솔린,AWD,포레스트 그린,4,4,3572
2024-06,west,NOV,2024,NOV-LO,3.5 가솔린,AWD,샌드 베이지,4,4,3572
2024-06,west,NOV,2024,NOV-LO,3.5 가솔린,FWD,스노우 화이트,37,37,31838
2024-06,west,NOV,2024,NOV-LO,3.5 가솔린,FWD,미드나잇 블랙,29,30,25205
2024-06,west,NOV,2024,NOV-LO,3.5 가솔린,FWD,스틸 그레이,24,25,21225
2024-06,west,NOV,2024,NOV-LO,3.5 가솔린,FWD,실버,20,20,17246
2024-06,west,NOV,2024,NOV-LO,3.5 가솔린,FWD,오션 블루,15,16,13266
2024-06,west,NOV,2024,NOV-LO,3.5 가솔린,FWD,선셋 레드,12,12,10613
2024-06,west,NOV,2024,NOV-LO,3.5 가솔린,FWD,포레스트 그린,8,8,6633
2024-06,west,NOV,2024,NOV-LO,3.5 가솔린,FWD,샌드 베이지,8,8,6633
2024-06,west,NOV,2024,NOV-LO,1.6T 하이브리드,AWD,스노우 화이트,10,10,8832
2024-06,west,NOV,2024,NOV-LO,1.6T 하이브리드,AWD,미드나잇 블랙,8,8,6992
2024-06,west,NOV,2024,NOV-LO,1.6T 하이브리드,AWD,스틸 그레이,7,7,5888
2024-06,west,NOV,2024,NOV-LO,1.6T 하이브리드,AWD,실버,5,6,4784
2024-06,west,NOV,2024,NOV-LO,1.6T 하이브리드,AWD,오션 블루,4,4,3680
2024-06,west,NOV,2024,NOV-LO,1.6T 하이브리드,AWD,선셋 레드,3,3,2944
2024-06,west,NOV,2024,NOV-LO,1.6T 하이브리드,AWD,포레스트 그린,2,2,1840
2024-06,west,NOV,2024,NOV-LO,1.6T 하이브리드,AWD,샌드 베이지,2,2,1840
2024-06,west,NOV,2024,NOV-LO,1.6T 하이브리드,FWD,스노우 화이트,19,19,16401
2024-06,west,NOV,2024,NOV-LO,1.6T 하이브리드,FWD,미드나잇 블랙,15,15,12984
2024-06,west,NOV,2024,NOV-LO,1.6T 하이브리드,FWD,스틸 그레이,13,13,10934
2024-06,west,NOV,2024,NOV-LO,1.6T 하이브리드,FWD,실버,10,10,8884
2024-06,west,NOV,2024,NOV-LO,1.6T 하이브리드,FWD,오션 블루,8,8,6834
2024-06,west,NOV,2024,NOV-LO,1.6T 하이브리드,FWD,선셋 레드,6,6,5467
2024-06,west,NOV,2024,NOV-LO,1.6T 하이브리드,FWD,포레스트 그린,4,4,3417
2024-06,west,NOV,2024,NOV-LO,1.6T 하이브리드,FWD,샌드 베이지,4,4,3417
2024-06,central,NOV,2024,NOV-CO,3.5 가솔린,AWD,스노우 화이트,31,32,441
2024-06,central,NOV,2024,NOV-CO,3.5 가솔린,AWD,미드나잇 블랙,25,25,349
2024-06,central,NOV,2024,NOV-CO,3.5 가솔린,AWD,스틸 그레이,21,21,294
2024-06,central,NOV,2024,NOV-CO,3.5 가솔린,AWD,실버,17,17,239
2024-06,central,NOV,2024,NOV-CO,3.5 가솔린,AWD,오션 블루,13,13,184
2024-06,central,NOV,2024,NOV-CO,3.5 가솔린,AWD,선셋 레드,10,11,147
2024-06,central,NOV,2024,NOV-CO,3.5 가솔린,AWD,포레스트 그린,7,7,92
2024-06,central,NOV,2024,NOV-CO,3.5 가솔린,AWD,샌드 베이지,7,7,92
2024-06,central,NOV,2024,NOV-CO,3.5 가솔린,FWD,스노우 화이트,46,47,655
2024-06,central,NOV,2024,NOV-CO,3.5 가솔린,FWD,미드나잇 블랙,37,37,519
2024-06,central,NOV,2024,NOV-CO,3.5 가솔린,FWD,스틸 그레이,31,32,437
2024-06,central,NOV,2024,NOV-CO,3.5 가솔린,FWD,실버,25,26,355
2024-06,central,NOV,2024,NOV-CO,3.5 가솔린,FWD,오션 블루,19,20,273
2024-06,central,NOV,2024,NOV-CO,3.5 가솔린,FWD,선셋 레드,15,16,218
2024-06,central,NOV,2024,NOV-CO,3.5 가솔린,FWD,포레스트 그린,10,10,136
2024-06,central,NOV,2024,NOV-CO,3.5 가솔린,FWD,샌드 베이지,10,10,136
2024-06,central,NOV,2024,NOV-CO,1.6T 하이브리드,AWD,스노우 화이트,16,16,227
2024-06,central,NOV,2024,NOV-CO,1.6T 하이브리드,AWD,미드나잇 블랙,13,13,180
2024-06,central,NOV,2024,NOV-CO,1.6T 하이브리드,AWD,스틸 그레이,11,11,152
2024-06,central,NOV,2024,NOV-CO,1.6T 하이브리드,AWD,실버,9,9,123
2024-06,central,NOV,2024,NOV-CO,1.6T 하이브리드,AWD,오션 블루,7,7,95
2024-06,central,NOV,2024,NOV-CO,1.6T 하이브리드,AWD,선셋 레드,5,5,76
2024-06,central,NOV,2024,NOV-CO,1.6T 하이브리드,AWD,포레스트 그린,3,3,47
2024-06,central,NOV,2024,NOV-CO,1.6T 하이브리드,AWD,샌드 베이지,3,3,47
2024-06,central,NOV,2024,NOV-CO,1.6T 하이브리드,FWD,스노우 화이트,24,24,338
2024-06,central,NOV,2024,NOV-CO,1.6T 하이브리드,FWD,미드나잇 블랙,19,19,267
2024-06,central,NOV,2024,NOV-CO,1.6T 하이브리드,FWD,스틸 그레이,16,16,225
2024-06,central,NOV,2024,NOV-CO,1.6T 하이브리드,FWD,실버,13,13,183
2024-06,central,NOV,2024,NOV-CO,1.6T 하이브리드,FWD,오션 블루,10,10,141
2024-06,central,NOV,2024,NOV-CO,1.6T 하이브리드,FWD,선셋 레드,8,8,113
2024-06,central,NOV,2024,NOV-CO,1.6T 하이브리드,FWD,포레스트 그린,5,5,70
2024-06,central,NOV,2024,NOV-CO,1.6T 하이브리드,FWD,샌드 베이지,5,5,70
2024-06,central,NOV,2024,NOV-PR,3.5 가솔린,AWD,스노우 화이트,36,37,11784
2024-06,central,NOV,2024,NOV-PR,3.5 가솔린,AWD,미드나잇 블랙,29,29,9329
2024-06,central,NOV,2024,NOV-PR,3.5 가솔린,AWD,스틸 그레이,24,25,7856
2024-06,central,NOV,2024,NOV-PR,3.5 가솔린,AWD,실버,20,20,6383
2024-06,central,NOV,2024,NOV-PR,3.5 가솔린,AWD,오션 블루,15,15,4910
2024-06,central,NOV,2024,NOV-PR,3.5 가솔린,AWD,선셋 레드,12,12,3928
2024-06,central,NOV,2024,NOV-PR,3.5 가솔린,AWD,포레스트 그린,8,8,2455
2024-06,central,NOV,2024,NOV-PR,3.5 가솔린,AWD,샌드 베이지,8,8,2455
2024-06,central,NOV,2024,NOV-PR,3.5 가솔린,FWD,스노우 화이트,54,55,17492
2024-06,central,NOV,2024,NOV-PR,3.5 가솔린,FWD,미드나잇 블랙,43,43,13848
2024-06,central,NOV,2024,NOV-PR,3.5 가솔린,FWD,스틸 그레이,36,37,11662
2024-06,central,NOV,2024,NOV-PR,3.5 가솔린,FWD,실버,29,30,9475
2024-06,central,NOV,2024,NOV-PR,3.5 가솔린,FWD,오션 블루,22,23,7288
2024-06,central,NOV,2024,NOV-PR,3.5 가솔린,FWD,선셋 레드,18,18,5831
2024-06,central,NOV,2024,NOV-PR,3.5 가솔린,FWD,포레스트 그린,11,11,3644
2024-06,central,NOV,2024,NOV-PR,3.5 가솔린,FWD,샌드 베이지,11,11,3644
2024-06,central,NOV,2024,NOV-PR,1.6T 하이브리드,AWD,스노우 화이트,19,19,6070
2024-06,central,NOV,2024,NOV-PR,1.6T 하이브리드,AWD,미드나잇 블랙,15,15,4806
2024-06,central,NOV,2024,NOV-PR,1.6T 하이브리드,AWD,스틸 그레이,12,13,4047
2024-06,central,NOV,2024,NOV-PR,1.6T 하이브리드,AWD,실버,10,10,3288
2024-06,central,NOV,2024,NOV-PR,1.6T 하이브리드,AWD,오션 블루,8,8,2529
2024-06,central,NOV,2024,NOV-PR,1.6T 하이브리드,AWD,선셋 레드,6,6,2023
2024-06,central,NOV,2024,NOV-PR,1.6T 하이브리드,AWD,포레스트 그린,4,4,1265
2024-06,central,NOV,2024,NOV-PR,1.6T 하이브리드,AWD,샌드 베이지,4,4,1265
2024-06,central,NOV,2024,NOV-PR,1.6T 하이브리드,FWD,스노우 화이트,28,28,9011
2024-06,central,NOV,2024,NOV-PR,1.6T 하이브리드,FWD,미드나잇 블랙,22,22,7134
2024-06,central,NOV,2024,NOV-PR,1.6T 하이브리드,FWD,스틸 그레이,18,19,6007
2024-06,central,NOV,2024,NOV-PR,1.6T 하이브리드,FWD,실버,15,15,4881
2024-06,central,NOV,2024,NOV-PR,1.6T 하이브리드,FWD,오션 블루,12,12,3755
2024-06,central,NOV,2024,NOV-PR,1.6T 하이브리드,FWD,선셋 레드,9,9,3004
2024-06,central,NOV,2024,NOV-PR,1.6T 하이브리드,FWD,포레스트 그린,6,6,1877
2024-06,central,NOV,2024,NOV-PR,1.6T 하이브리드,FWD,샌드 베이지,6,6,1877
2024-06,central,NOV,2024,NOV-LO,3.5 가솔린,AWD,스노우 화이트,15,15,12891
2024-06,central,NOV,2024,NOV-LO,3.5 가솔린,AWD,미드나잇 블랙,12,12,10205
2024-06,central,NOV,2024,NOV-LO,3.5 가솔린,AWD,스틸 그레이,10,10,8594
2024-06,central,NOV,2024,NOV-LO,3.5 가솔린,AWD,실버,8,8,6982
2024-06,central,NOV,2024,NOV-LO,3.5 가솔린,AWD,오션 블루,6,6,5371
2024-06,central,NOV,2024,NOV-LO,3.5 가솔린,AWD,선셋 레드,5,5,4297
2024-06,central,NOV,2024,NOV-LO,3.5 가솔린,AWD,포레스트 그린,3,3,2686
2024-06,central,NOV,2024,NOV-LO,3.5 가솔린,AWD,샌드 베이지,3,3,2686
2024-06,central,NOV,2024,NOV-LO,3.5 가솔린,FWD,스노우 화이트,22,22,19136
2024-06,central,NOV,2024,NOV-LO,3.5 가솔린,FWD,미드나잇 블랙,17,18,15149
2024-06,central,NOV,2024,NOV-LO,3.5 가솔린,FWD,스틸 그레이,15,15,12757
2024-06,central,NOV,2024,NOV-LO,3.5 가솔린,FWD,실버,12,12,10365
2024-06,central,NOV,2024,NOV-LO,3.5 가솔린,FWD,오션 블루,9,9,7973
2024-06,central,NOV,2024,NOV-LO,3.5 가솔린,FWD,선셋 레드,7,7,6379
2024-06,central,NOV,2024,NOV-LO,3.5 가솔린,FWD,포레스트 그린,5,5,3987
2024-06,central,NOV,2024,NOV-LO,3.5 가솔린,FWD,샌드 베이지,5,5,3987
2024-06,central,NOV,2024,NOV-LO,1.6T 하이브리드,AWD,스노우 화이트,8,8,6641
2024-06,central,NOV,2024,NOV-LO,1.6T 하이브리드,AWD,미드나잇 블랙,6,6,5257
2024-06,central,NOV,2024,NOV-LO,1.6T 하이브리드,AWD,스틸 그레이,5,5,4427
2024-06,central,NOV,2024,NOV-LO,1.6T 하이브리드,AWD,실버,4,4,3597
2024-06,central,NOV,2024,NOV-LO,1.6T 하이브리드,AWD,오션 블루,3,3,2767
2024-06,central,NOV,2024,NOV-LO,1.6T 하이브리드,AWD,선셋 레드,3,3,2214
2024-06,central,NOV,2024,NOV-LO,1.6T 하이브리드,AWD,포레스트 그린,2,2,1383
2024-06,central,NOV,2024,NOV-LO,1.6T 하이브리드,AWD,샌드 베이지,2,2,1383
2024-06,central,NOV,2024,NOV-LO,1.6T 하이브리드,FWD,스노우 화이트,11,12,9858
2024-06,central,NOV,2024,NOV-LO,1.6T 하이브리드,FWD,미드나잇 블랙,9,9,7804
2024-06,central,NOV,2024,NOV-LO,1.6T 하이브리드,FWD,스틸 그레이,8,8,6572
2024-06,central,NOV,2024,NOV-LO,1.6T 하이브리드,FWD,실버,6,6,5340
2024-06,central,NOV,2024,NOV-LO,1.6T 하이브리드,FWD,오션 블루,5,5,4107
2024-06,central,NOV,2024,NOV-LO,1.6T 하이브리드,FWD,선셋 레드,4,4,3286
2024-06,central,NOV,2024,NOV-LO,1.6T 하이브리드,FWD,포레스트 그린,2,2,2054
2024-06,central,NOV,2024,NOV-LO,1.6T 하이브리드,FWD,샌드 베이지,2,2,2054
2024-06,south,NOV,2024,NOV-CO,3.5 가솔린,AWD,스노우 화이트,25,26,358
2024-06,south,NOV,2024,NOV-CO,3.5 가솔린,AWD,미드나잇 블랙,20,20,283
2024-06,south,NOV,2024,NOV-CO,3.5 가솔린,AWD,스틸 그레이,17,17,238
2024-06,south,NOV,2024,NOV-CO,3.5 가솔린,AWD,실버,14,14,194
2024-06,south,NOV,2024,NOV-CO,3.5 가솔린,AWD,오션 블루,11,11,149
2024-06,south,NOV,2024,NOV-CO,3.5 가솔린,AWD,선셋 레드,8,9,119
2024-06,south,NOV,2024,NOV-CO,3.5 가솔린,AWD,포레스트 그린,5,5,75
2024-06,south,NOV,2024,NOV-CO,3.5 가솔린,AWD,샌드 베이지,5,5,75
2024-06,south,NOV,2024,NOV-CO,3.5 가솔린,FWD,스노우 화이트,75,77,1061
2024-06,south,NOV,2024,NOV-CO,3.5 가솔린,FWD,미드나잇 블랙,59,61,840
2024-06,south,NOV,2024,NOV-CO,3.5 가솔린,FWD,스틸 그레이,50,51,708
2024-06,south,NOV,2024,NOV-CO,3.5 가솔린,FWD,실버,41,42,575
2024-06,south,NOV,2024,NOV-CO,3.5 가솔린,FWD,오션 블루,31,32,442
2024-06,south,NOV,2024,NOV-CO,3.5 가솔린,FWD,선셋 레드,25,26,354
2024-06,south,NOV,2024,NOV-CO,3.5 가솔린,FWD,포레스트 그린,16,16,221
2024-06,south,NOV,2024,NOV-CO,3.5 가솔린,FWD,샌드 베이지,16,16,221
2024-06,south,NOV,2024,NOV-CO,1.6T 하이브리드,AWD,스노우 화이트,13,13,184
2024-06,south,NOV,2024,NOV-CO,1.6T 하이브리드,AWD,미드나잇 블랙,10,11,146
2024-06,south,NOV,2024,NOV-CO,1.6T 하이브리드,AWD,스틸 그레이,9,9,123
2024-06,south,NOV,2024,NOV-CO,1.6T 하이브리드,AWD,실버,7,7,100
2024-06,south,NOV,2024,NOV-CO,1.6T 하이브리드,AWD,오션 블루,5,6,77
2024-06,south,NOV,2024,NOV-CO,1.6T 하이브리드,AWD,선셋 레드,4,4,61
2024-06,south,NOV,2024,NOV-CO,1.6T 하이브리드,AWD,포레스트 그린,3,3,38
2024-06,south,NOV,2024,NOV-CO,1.6T 하이브리드,AWD,샌드 베이지,3,3,38
2024-06,south,NOV,2024,NOV-CO,1.6T 하이브리드,FWD,스노우 화이트,39,39,547
2024-06,south,NOV,2024,NOV-CO,1.6T 하이브리드,FWD,미드나잇 블랙,31,31,433
2024-06,south,NOV,2024,NOV-CO,1.6T 하이브리드,FWD,스틸 그레이,26,26,365
2024-06,south,NOV,2024,NOV-CO,1.6T 하이브리드,FWD,실버,21,21,296
2024-06,south,NOV,2024,NOV-CO,1.6T 하이브리드,FWD,오션 블루,16,16,228
2024-06,south,NOV,2024,NOV-CO,1.6T 하이브리드,FWD,선셋 레드,13,13,182
2024-06,south,NOV,2024,NOV-CO,1.6T 하이브리드,FWD,포레스트 그린,8,8,114
2024-06,south,NOV,2024,NOV-CO,1.6T 하이브리드,FWD,샌드 베이지,8,8,114
2024-06,south,NOV,2024,NOV-PR,3.5 가솔린,AWD,스노우 화이트,29,30,9547
2024-06,south,NOV,2024,NOV-PR,3.5 가솔린,AWD,미드나잇 블랙,23,24,7558
2024-06,south,NOV,2024,NOV-PR,3.5 가솔린,AWD,스틸 그레이,20,20,6365
2024-06,south,NOV,2024,NOV-PR,3.5 가솔린,AWD,실버,16,16,5172
2024-06,south,NOV,2024,NOV-PR,3.5 가솔린,AWD,오션 블루,12,12,3978
2024-06,south,NOV,2024,NOV-PR,3.5 가솔린,AWD,선셋 레드,10,10,3182
2024-06,south,NOV,2024,NOV-PR,3.5 가솔린,AWD,포레스트 그린,6,6,1989
2024-06,south,NOV,2024,NOV-PR,3.5 가솔린,AWD,샌드 베이지,6,6,1989
2024-06,south,NOV,2024,NOV-PR,3.5 가솔린,FWD,스노우 화이트,87,89,28339
2024-06,south,NOV,2024,NOV-PR,3.5 가솔린,FWD,미드나잇 블랙,69,70,22435
2024-06,south,NOV,2024,NOV-PR,3.5 가솔린,FWD,스틸 그레이,58,59,18893
2024-06,south,NOV,2024,NOV-PR,3.5 가솔린,FWD,실버,47,48,15350
2024-06,south,NOV,2024,NOV-PR,3.5 가솔린,FWD,오션 블루,36,37,11808
2024-06,south,NOV,2024,NOV-PR,3.5 가솔린,FWD,선셋 레드,29,30,9446
2024-06,south,NOV,2024,NOV-PR,3.5 가솔린,FWD,포레스트 그린,18,18,5904
2024-06,south,NOV,2024,NOV-PR,3.5 가솔린,FWD,샌드 베이지,18,18,5904
2024-06,south,NOV,2024,NOV-PR,1.6T 하이브리드,AWD,스노우 화이트,15,15,4918
2024-06,south,NOV,2024,NOV-PR,1.6T 하이브리드,AWD,미드나잇 블랙,12,12,3894
2024-06,south,NOV,2024,NOV-PR,1.6T 하이브리드,AWD,스틸 그레이,10,10,3279
2024-06,south,NOV,2024,NOV-PR,1.6T 하이브리드,AWD,실버,8,8,2664
2024-06,south,NOV,2024,NOV-PR,1.6T 하이브리드,AWD,오션 블루,6,6,2049
2024-06,south,NOV,2024,NOV-PR,1.6T 하이브리드,AWD,선셋 레드,5,5,1639
2024-06,south,NOV,2024,NOV-PR,1.6T 하이브리드,AWD,포레스트 그린,3,3,1025
2024-06,south,NOV,2024,NOV-PR,1.6T 하이브리드,AWD,샌드 베이지,3,3,1025
2024-06,south,NOV,2024,NOV-PR,1.6T 하이브리드,FWD,스노우 화이트,45,46,14599
2024-06,south,NOV,2024,NOV-PR,1.6T 하이브리드,FWD,미드나잇 블랙,35,36,11557
2024-06,south,NOV,2024,NOV-PR,1.6T 하이브리드,FWD,스틸 그레이,30,30,9733
2024-06,south,NOV,2024,NOV-PR,1.6T 하이브리드,FWD,실버,24,25,7908
2024-06,south,NOV,2024,NOV-PR,1.6T 하이브리드,FWD,오션 블루,19,19,6083
2024-06,south,NOV,2024,NOV-PR,1.6T 하이브리드,FWD,선셋 레드,15,15,4866
2024-06,south,NOV,2024,NOV-PR,1.6T 하이브리드,FWD,포레스트 그린,9,10,3041
2024-06,south,NOV,2024,NOV-PR,1.6T 하이브리드,FWD,샌드 베이지,9,10,3041
2024-06,south,NOV,2024,NOV-LO,3.5 가솔린,AWD,스노우 화이트,12,12,10444
2024-06,south,NOV,2024,NOV-LO,3.5 가솔린,AWD,미드나잇 블랙,9,10,8268
2024-06,south,NOV,2024,NOV-LO,3.5 가솔린,AWD,스틸 그레이,8,8,6963
2024-06,south,NOV,2024,NOV-LO,3.5 가솔린,AWD,실버,6,7,5657
2024-06,south,NOV,2024,NOV-LO,3.5 가솔린,AWD,오션 블루,5,5,4352
2024-06,south,NOV,2024,NOV-LO,3.5 가솔린,AWD,선셋 레드,4,4,3481
2024-06,south,NOV,2024,NOV-LO,3.5 가솔린,AWD,포레스트 그린,2,3,2176
2024-06,south,NOV,2024,NOV-LO,3.5 가솔린,AWD,샌드 베이지,2,3,2176
2024-06,south,NOV,2024,NOV-LO,3.5 가솔린,FWD,스노우 화이트,36,36,31002
2024-06,south,NOV,2024,NOV-LO,3.5 가솔린,FWD,미드나잇 블랙,28,29,24543
2024-06,south,NOV,2024,NOV-LO,3.5 가솔린,FWD,스틸 그레이,24,24,20668
2024-06,south,NOV,2024,NOV-LO,3.5 가솔린,FWD,실버,19,20,16793
2024-06,south,NOV,2024,NOV-LO,3.5 가솔린,FWD,오션 블루,15,15,12917
2024-06,south,NOV,2024,NOV-LO,3.5 가솔린,FWD,선셋 레드,12,12,10334
2024-06,south,NOV,2024,NOV-LO,3.5 가솔린,FWD,포레스트 그린,7,8,6459
2024-06,south,NOV,2024,NOV-LO,3.5 가솔린,FWD,샌드 베이지,7,8,6459
2024-06,south,NOV,2024,NOV-LO,1.6T 하이브리드,AWD,스노우 화이트,6,6,5380
2024-06,south,NOV,2024,NOV-LO,1.6T 하이브리드,AWD,미드나잇 블랙,5,5,4260
2024-06,south,NOV,2024,NOV-LO,1.6T 하이브리드,AWD,스틸 그레이,4,4,3587
2024-06,south,NOV,2024,NOV-LO,1.6T 하이브리드,AWD,실버,3,3,2914
2024-06,south,NOV,2024,NOV-LO,1.6T 하이브리드,AWD,오션 블루,3,3,2242
2024-06,south,NOV,2024,NOV-LO,1.6T 하이브리드,AWD,선셋 레드,2,2,1793
2024-06,south,NOV,2024,NOV-LO,1.6T 하이브리드,AWD,포레스트 그린,1,1,1121
2024-06,south,NOV,2024,NOV-LO,1.6T 하이브리드,AWD,샌드 베이지,1,1,1121
2024-06,south,NOV,2024,NOV-LO,1.6T 하이브리드,FWD,스노우 화이트,18,19,15971
2024-06,south,NOV,2024,NOV-LO,1.6T 하이브리드,FWD,미드나잇 블랙,15,15,12643
2024-06,south,NOV,2024,NOV-LO,1.6T 하이브리드,FWD,스틸 그레이,12,12,10647
2024-06,south,NOV,2024,NOV-LO,1.6T 하이브리드,FWD,실버,10,10,8651
2024-06,south,NOV,2024,NOV-LO,1.6T 하이브리드,FWD,오션 블루,8,8,6654
2024-06,south,NOV,2024,NOV-LO,1.6T 하이브리드,FWD,선셋 레드,6,6,5324
2024-06,south,NOV,2024,NOV-LO,1.6T 하이브리드,FWD,포레스트 그린,4,4,3327
2024-06,south,NOV,2024,NOV-LO,1.6T 하이브리드,FWD,샌드 베이지,4,4,3327
2024-06,northeast,NOV,2024,NOV-CO,3.5 가솔린,AWD,스노우 화이트,35,36,499
2024-06,northeast,NOV,2024,NOV-CO,3.5 가솔린,AWD,미드나잇 블랙,28,29,395
2024-06,northeast,NOV,2024,NOV-CO,3.5 가솔린,AWD,스틸 그레이,24,24,333
2024-06,northeast,NOV,2024,NOV-CO,3.5 가솔린,AWD,실버,19,20,270
2024-06,northeast,NOV,2024,NOV-CO,3.5 가솔린,AWD,오션 블루,15,15,208
2024-06,northeast,NOV,2024,NOV-CO,3.5 가솔린,AWD,선셋 레드,12,12,166
2024-06,northeast,NOV,2024,NOV-CO,3.5 가솔린,AWD,포레스트 그린,7,8,104
2024-06,northeast,NOV,2024,NOV-CO,3.5 가솔린,AWD,샌드 베이지,7,8,104
2024-06,northeast,NOV,2024,NOV-CO,3.5 가솔린,FWD,스노우 화이트,42,43,598
2024-06,northeast,NOV,2024,NOV-CO,3.5 가솔린,FWD,미드나잇 블랙,33,34,473
2024-06,northeast,NOV,2024,NOV-CO,3.5 가솔린,FWD,스틸 그레이,28,29,398
2024-06,northeast,NOV,2024,NOV-CO,3.5 가솔린,FWD,실버,23,23,324
2024-06,northeast,NOV,2024,NOV-CO,3.5 가솔린,FWD,오션 블루,18,18,249
2024-06,northeast,NOV,2024,NOV-CO,3.5 가솔린,FWD,선셋 레드,14,14,199
2024-06,northeast,NOV,2024,NOV-CO,3.5 가솔린,FWD,포레스트 그린,9,9,125
2024-06,northeast,NOV,2024,NOV-CO,3.5 가솔린,FWD,샌드 베이지,9,9,125
2024-06,northeast,NOV,2024,NOV-CO,1.6T 하이브리드,AWD,스노우 화이트,18,19,257
2024-06,northeast,NOV,2024,NOV-CO,1.6T 하이브리드,AWD,미드나잇 블랙,14,15,203
2024-06,northeast,NOV,2024,NOV-CO,1.6T 하이브리드,AWD,스틸 그레이,12,12,171
2024-06,northeast,NOV,2024,NOV-CO,1.6T 하이브리드,AWD,실버,10,10,139
2024-06,northeast,NOV,2024,NOV-CO,1.6T 하이브리드,AWD,오션 블루,8,8,107
2024-06,northeast,NOV,2024,NOV-CO,1.6T 하이브리드,AWD,선셋 레드,6,6,86
2024-06,northeast,NOV,2024,NOV-CO,1.6T 하이브리드,AWD,포레스트 그린,4,4,54
2024-06,northeast,NOV,2024,NOV-CO,1.6T 하이브리드,AWD,샌드 베이지,4,4,54
2024-06,northeast,NOV,2024,NOV-CO,1.6T 하이브리드,FWD,스노우 화이트,22,22,308
2024-06,northeast,NOV,2024,NOV-CO,1.6T 하이브리드,FWD,미드나잇 블랙,17,18,244
2024-06,northeast,NOV,2024,NOV-CO,1.6T 하이브리드,FWD,스틸 그레이,15,15,205
2024-06,northeast,NOV,2024,NOV-CO,1.6T 하이브리드,FWD,실버,12,12,167
2024-06,northeast,NOV,2024,NOV-CO,1.6T 하이브리드,FWD,오션 블루,9,9,128
2024-06,northeast,NOV,2024,NOV-CO,1.6T 하이브리드,FWD,선셋 레드,7,7,103
2024-06,northeast,NOV,2024,NOV-CO,1.6T 하이브리드,FWD,포레스트 그린,5,5,64
2024-06,northeast,NOV,2024,NOV-CO,1.6T 하이브리드,FWD,샌드 베이지,5,5,64
2024-06,northeast,NOV,2024,NOV-PR,3.5 가솔린,AWD,스노우 화이트,41,42,13321
2024-06,northeast,NOV,2024,NOV-PR,3.5 가솔린,AWD,미드나잇 블랙,32,33,10545
2024-06,northeast,NOV,2024,NOV-PR,3.5 가솔린,AWD,스틸 그레이,27,28,8880
2024-06,northeast,NOV,2024,NOV-PR,3.5 가솔린,AWD,실버,22,23,7215
2024-06,northeast,NOV,2024,NOV-PR,3.5 가솔린,AWD,오션 블루,17,17,5550
2024-06,northeast,NOV,2024,NOV-PR,3.5 가솔린,AWD,선셋 레드,14,14,4440
2024-06,northeast,NOV,2024,NOV-PR,3.5 가솔린,AWD,포레스트 그린,9,9,2775
2024-06,northeast,NOV,2024,NOV-PR,3.5 가솔린,AWD,샌드 베이지,9,9,2775
2024-06,northeast,NOV,2024,NOV-PR,3.5 가솔린,FWD,스노우 화이트,49,50,15955
2024-06,northeast,NOV,2024,NOV-PR,3.5 가솔린,FWD,미드나잇 블랙,39,40,12631
2024-06,northeast,NOV,2024,NOV-PR,3.5 가솔린,FWD,스틸 그레이,33,33,10637
2024-06,northeast,NOV,2024,NOV-PR,3.5 가솔린,FWD,실버,27,27,8642
2024-06,northeast,NOV,2024,NOV-PR,3.5 가솔린,FWD,오션 블루,20,21,6648
2024-06,northeast,NOV,2024,NOV-PR,3.5 가솔린,FWD,선셋 레드,16,17,5318
2024-06,northeast,NOV,2024,NOV-PR,3.5 가솔린,FWD,포레스트 그린,10,10,3324
2024-06,northeast,NOV,2024,NOV-PR,3.5 가솔린,FWD,샌드 베이지,10,10,3324
2024-06,northeast,NOV,2024,NOV-PR,1.6T 하이브리드,AWD,스노우 화이트,21,21,6862
2024-06,northeast,NOV,2024,NOV-PR,1.6T 하이브리드,AWD,미드나잇 블랙,17,17,5432
2024-06,northeast,NOV,2024,NOV-PR,1.6T 하이브리드,AWD,스틸 그레이,14,14,4575
2024-06,northeast,NOV,2024,NOV-PR,1.6T 하이브리드,AWD,실버,11,12,3717
2024-06,northeast,NOV,2024,NOV-PR,1.6T 하이브리드,AWD,오션 블루,9,9,2859
2024-06,northeast,NOV,2024,NOV-PR,1.6T 하이브리드,AWD,선셋 레드,7,7,2287
2024-06,northeast,NOV,2024,NOV-PR,1.6T 하이브리드,AWD,포레스트 그린,4,4,1430
2024-06,northeast,NOV,2024,NOV-PR,1.6T 하이브리드,AWD,샌드 베이지,4,4,1430
2024-06,northeast,NOV,2024,NOV-PR,1.6T 하이브리드,FWD,스노우 화이트,25,26,8219
2024-06,northeast,NOV,2024,NOV-PR,1.6T 하이브리드,FWD,미드나잇 블랙,20,20,6507
2024-06,northeast,NOV,2024,NOV-PR,1.6T 하이브리드,FWD,스틸 그레이,17,17,5480
2024-06,northeast,NOV,2024,NOV-PR,1.6T 하이브리드,FWD,실버,14,14,4452
2024-06,northeast,NOV,2024,NOV-PR,1.6T 하이브리드,FWD,오션 블루,11,11,3425
2024-06,northeast,NOV,2024,NOV-PR,1.6T 하이브리드,FWD,선셋 레드,8,9,2740
2024-06,northeast,NOV,2024,NOV-PR,1.6T 하이브리드,FWD,포레스트 그린,5,5,1712
2024-06,northeast,NOV,2024,NOV-PR,1.6T 하이브리드,FWD,샌드 베이지,5,5,1712
2024-06,northeast,NOV,2024,NOV-LO,3.5 가솔린,AWD,스노우 화이트,17,17,14572
2024-06,northeast,NOV,2024,NOV-LO,3.5 가솔린,AWD,미드나잇 블랙,13,14,11536
2024-06,northeast,NOV,2024,NOV-LO,3.5 가솔린,AWD,스틸 그레이,11,11,9715
2024-06,northeast,NOV,2024,NOV-LO,3.5 가솔린,AWD,실버,9,9,7893
2024-06,northeast,NOV,2024,NOV-LO,3.5 가솔린,AWD,오션 블루,7,7,6072
2024-06,northeast,NOV,2024,NOV-LO,3.5 가솔린,AWD,선셋 레드,6,6,4857
2024-06,northeast,NOV,2024,NOV-LO,3.5 가솔린,AWD,포레스트 그린,3,4,3036
2024-06,northeast,NOV,2024,NOV-LO,3.5 가솔린,AWD,샌드 베이지,3,4,3036
2024-06,northeast,NOV,2024,NOV-LO,3.5 가솔린,FWD,스노우 화이트,20,20,17454
2024-06,northeast,NOV,2024,NOV-LO,3.5 가솔린,FWD,미드나잇 블랙,16,16,13818
2024-06,northeast,NOV,2024,NOV-LO,3.5 가솔린,FWD,스틸 그레이,13,14,11636
2024-06,northeast,NOV,2024,NOV-LO,3.5 가솔린,FWD,실버,11,11,9454
2024-06,northeast,NOV,2024,NOV-LO,3.5 가솔린,FWD,오션 블루,8,9,7273
2024-06,northeast,NOV,2024,NOV-LO,3.5 가솔린,FWD,선셋 레드,7,7,5818
2024-06,northeast,NOV,2024,NOV-LO,3.5 가솔린,FWD,포레스트 그린,4,4,3636
2024-06,northeast,NOV,2024,NOV-LO,3.5 가솔린,FWD,샌드 베이지,4,4,3636
2024-06,northeast,NOV,2024,NOV-LO,1.6T 하이브리드,AWD,스노우 화이트,9,9,7507
2024-06,northeast,NOV,2024,NOV-LO,1.6T 하이브리드,AWD,미드나잇 블랙,7,7,5943
2024-06,northeast,NOV,2024,NOV-LO,1.6T 하이브리드,AWD,스틸 그레이,6,6,5005
2024-06,northeast,NOV,2024,NOV-LO,1.6T 하이브리드,AWD,실버,5,5,4066
2024-06,northeast,NOV,2024,NOV-LO,1.6T 하이브리드,AWD,오션 블루,4,4,3128
2024-06,northeast,NOV,2024,NOV-LO,1.6T 하이브리드,AWD,선셋 레드,3,3,2502
2024-06,northeast,NOV,2024,NOV-LO,1.6T 하이브리드,AWD,포레스트 그린,2,2,1564
2024-06,northeast,NOV,2024,NOV-LO,1.6T 하이브리드,AWD,샌드 베이지,2,2,1564
2024-06,northeast,NOV,2024,NOV-LO,1.6T 하이브리드,FWD,스노우 화이트,10,11,8992
2024-06,northeast,NOV,2024,NOV-LO,1.6T 하이브리드,FWD,미드나잇 블랙,8,8,7118
2024-06,northeast,NOV,2024,NOV-LO,1.6T 하이브리드,FWD,스틸 그레이,7,7,5994
2024-06,northeast,NOV,2024,NOV-LO,1.6T 하이브리드,FWD,실버,6,6,4870
2024-06,northeast,NOV,2024,NOV-LO,1.6T 하이브리드,FWD,오션 블루,4,4,3747
2024-06,northeast,NOV,2024,NOV-LO,1.6T 하이브리드,FWD,선셋 레드,3,4,2997
2024-06,northeast,NOV,2024,NOV-LO,1.6T 하이브리드,FWD,포레스트 그린,2,2,1873
2024-06,northeast,NOV,2024,NOV-LO,1.6T 하이브리드,FWD,샌드 베이지,2,2,1873
2024-06,southeast,NOV,2024,NOV-CO,3.5 가솔린,AWD,스노우 화이트,24,25,345
2024-06,southeast,NOV,2024,NOV-CO,3.5 가솔린,AWD,미드나잇 블랙,19,20,273
2024-06,southeast,NOV,2024,NOV-CO,3.5 가솔린,AWD,스틸 그레이,16,17,230
2024-06,southeast,NOV,2024,NOV-CO,3.5 가솔린,AWD,실버,13,14,187
2024-06,southeast,NOV,2024,NOV-CO,3.5 가솔린,AWD,오션 블루,10,10,144
2024-06,southeast,NOV,2024,NOV-CO,3.5 가솔린,AWD,선셋 레드,8,8,115
2024-06,southeast,NOV,2024,NOV-CO,3.5 가솔린,AWD,포레스트 그린,5,5,72
2024-06,southeast,NOV,2024,NOV-CO,3.5 가솔린,AWD,샌드 베이지,5,5,72
2024-06,southeast,NOV,2024,NOV-CO,3.5 가솔린,FWD,스노우 화이트,58,59,816
2024-06,southeast,NOV,2024,NOV-CO,3.5 가솔린,FWD,미드나잇 블랙,46,47,646
2024-06,southeast,NOV,2024,NOV-CO,3.5 가솔린,FWD,스틸 그레이,38,39,544
2024-06,southeast,NOV,2024,NOV-CO,3.5 가솔린,FWD,실버,31,32,442
2024-06,southeast,NOV,2024,NOV-CO,3.5 가솔린,FWD,오션 블루,24,25,340
2024-06,southeast,NOV,2024,NOV-CO,3.5 가솔린,FWD,선셋 레드,19,20,272
2024-06,southeast,NOV,2024,NOV-CO,3.5 가솔린,FWD,포레스트 그린,12,12,170
2024-06,southeast,NOV,2024,NOV-CO,3.5 가솔린,FWD,샌드 베이지,12,12,170
2024-06,southeast,NOV,2024,NOV-CO,1.6T 하이브리드,AWD,스노우 화이트,13,13,178
2024-06,southeast,NOV,2024,NOV-CO,1.6T 하이브리드,AWD,미드나잇 블랙,10,10,141
2024-06,southeast,NOV,2024,NOV-CO,1.6T 하이브리드,AWD,스틸 그레이,8,9,119
2024-06,southeast,NOV,2024,NOV-CO,1.6T 하이브리드,AWD,실버,7,7,96
2024-06,southeast,NOV,2024,NOV-CO,1.6T 하이브리드,AWD,오션 블루,5,5,74
2024-06,southeast,NOV,2024,NOV-CO,1.6T 하이브리드,AWD,선셋 레드,4,4,59
2024-06,southeast,NOV,2024,NOV-CO,1.6T 하이브리드,AWD,포레스트 그린,3,3,37
2024-06,southeast,NOV,2024,NOV-CO,1.6T 하이브리드,AWD,샌드 베이지,3,3,37
2024-06,southeast,NOV,2024,NOV-CO,1.6T 하이브리드,FWD,스노우 화이트,30,30,420
2024-06,southeast,NOV,2024,NOV-CO,1.6T 하이브리드,FWD,미드나잇 블랙,24,24,333
2024-06,southeast,NOV,2024,NOV-CO,1.6T 하이브리드,FWD,스틸 그레이,20,20,280
2024-06,southeast,NOV,2024,NOV-CO,1.6T 하이브리드,FWD,실버,16,16,228
2024-06,southeast,NOV,2024,NOV-CO,1.6T 하이브리드,FWD,오션 블루,12,13,175
2024-06,southeast,NOV,2024,NOV-CO,1.6T 하이브리드,FWD,선셋 레드,10,10,140
2024-06,southeast,NOV,2024,NOV-CO,1.6T 하이브리드,FWD,포레스트 그린,6,6,88
2024-06,southeast,NOV,2024,NOV-CO,1.6T 하이브리드,FWD,샌드 베이지,6,6,88
2024-06,southeast,NOV,2024,NOV-PR,3.5 가솔린,AWD,스노우 화이트,28,29,9222
2024-06,southeast,NOV,2024,NOV-PR,3.5 가솔린,AWD,미드나잇 블랙,22,23,7301
2024-06,southeast,NOV,2024,NOV-PR,3.5 가솔린,AWD,스틸 그레이,19,19,6148
2024-06,southeast,NOV,2024,NOV-PR,3.5 가솔린,AWD,실버,15,16,4995
2024-06,southeast,NOV,2024,NOV-PR,3.5 가솔린,AWD,오션 블루,12,12,3842
2024-06,southeast,NOV,2024,NOV-PR,3.5 가솔린,AWD,선셋 레드,9,10,3074
2024-06,southeast,NOV,2024,NOV-PR,3.5 가솔린,AWD,포레스트 그린,6,6,1921
2024-06,southeast,NOV,2024,NOV-PR,3.5 가솔린,AWD,샌드 베이지,6,6,1921
2024-06,southeast,NOV,2024,NOV-PR,3.5 가솔린,FWD,스노우 화이트,67,68,21776
2024-06,southeast,NOV,2024,NOV-PR,3.5 가솔린,FWD,미드나잇 블랙,53,54,17239
2024-06,southeast,NOV,2024,NOV-PR,3.5 가솔린,FWD,스틸 그레이,45,45,14517
2024-06,southeast,NOV,2024,NOV-PR,3.5 가솔린,FWD,실버,36,37,11795
2024-06,southeast,NOV,2024,NOV-PR,3.5 가솔린,FWD,오션 블루,28,28,9073
2024-06,southeast,NOV,2024,NOV-PR,3.5 가솔린,FWD,선셋 레드,22,23,7259
2024-06,southeast,NOV,2024,NOV-PR,3.5 가솔린,FWD,포레스트 그린,14,14,4537
2024-06,southeast,NOV,2024,NOV-PR,3.5 가솔린,FWD,샌드 베이지,14,14,4537
2024-06,southeast,NOV,2024,NOV-PR,1.6T 하이브리드,AWD,스노우 화이트,15,15,4751
2024-06,southeast,NOV,2024,NOV-PR,1.6T 하이브리드,AWD,미드나잇 블랙,12,12,3761
2024-06,southeast,NOV,2024,NOV-PR,1.6T 하이브리드,AWD,스틸 그레이,10,10,3167
2024-06,southeast,NOV,2024,NOV-PR,1.6T 하이브리드,AWD,실버,8,8,2573
2024-06,southeast,NOV,2024,NOV-PR,1.6T 하이브리드,AWD,오션 블루,6,6,1979
2024-06,southeast,NOV,2024,NOV-PR,1.6T 하이브리드,AWD,선셋 레드,5,5,1584
2024-06,southeast,NOV,2024,NOV-PR,1.6T 하이브리드,AWD,포레스트 그린,3,3,990
2024-06,southeast,NOV,2024,NOV-PR,1.6T 하이브리드,AWD,샌드 베이지,3,3,990
2024-06,southeast,NOV,2024,NOV-PR,1.6T 하이브리드,FWD,스노우 화이트,34,35,11218
2024-06,southeast,NOV,2024,NOV-PR,1.6T 하이브리드,FWD,미드나잇 블랙,27,28,8881
2024-06,southeast,NOV,2024,NOV-PR,1.6T 하이브리드,FWD,스틸 그레이,23,23,7479
2024-06,southeast,NOV,2024,NOV-PR,1.6T 하이브리드,FWD,실버,19,19,6076
2024-06,southeast,NOV,2024,NOV-PR,1.6T 하이브리드,FWD,오션 블루,14,15,4674
2024-06,southeast,NOV,2024,NOV-PR,1.6T 하이브리드,FWD,선셋 레드,11,12,3739
2024-06,southeast,NOV,2024,NOV-PR,1.6T 하이브리드,FWD,포레스트 그린,7,7,2337
2024-06,southeast,NOV,2024,NOV-PR,1.6T 하이브리드,FWD,샌드 베이지,7,7,2337
2024-06,southeast,NOV,2024,NOV-LO,3.5 가솔린,AWD,스노우 화이트,12,12,10088
2024-06,southeast,NOV,2024,NOV-LO,3.5 가솔린,AWD,미드나잇 블랙,9,9,7987
2024-06,southeast,NOV,2024,NOV-LO,3.5 가솔린,AWD,스틸 그레이,8,8,6726
2024-06,southeast,NOV,2024,NOV-LO,3.5 가솔린,AWD,실버,6,6,5465
2024-06,southeast,NOV,2024,NOV-LO,3.5 가솔린,AWD,오션 블루,5,5,4203
2024-06,southeast,NOV,2024,NOV-LO,3.5 가솔린,AWD,선셋 레드,4,4,3363
2024-06,southeast,NOV,2024,NOV-LO,3.5 가솔린,AWD,포레스트 그린,2,2,2102
2024-06,southeast,NOV,2024,NOV-LO,3.5 가솔린,AWD,샌드 베이지,2,2,2102
2024-06,southeast,NOV,2024,NOV-LO,3.5 가솔린,FWD,스노우 화이트,27,28,23822
2024-06,southeast,NOV,2024,NOV-LO,3.5 가솔린,FWD,미드나잇 블랙,22,22,18859
2024-06,southeast,NOV,2024,NOV-LO,3.5 가솔린,FWD,스틸 그레이,18,19,15881
2024-06,southeast,NOV,2024,NOV-LO,3.5 가솔린,FWD,실버,15,15,12904
2024-06,southeast,NOV,2024,NOV-LO,3.5 가솔린,FWD,오션 블루,11,12,9926
2024-06,southeast,NOV,2024,NOV-LO,3.5 가솔린,FWD,선셋 레드,9,9,7941
2024-06,southeast,NOV,2024,NOV-LO,3.5 가솔린,FWD,포레스트 그린,6,6,4963
2024-06,southeast,NOV,2024,NOV-LO,3.5 가솔린,FWD,샌드 베이지,6,6,4963
2024-06,southeast,NOV,2024,NOV-LO,1.6T 하이브리드,AWD,스노우 화이트,6,6,5197
2024-06,southeast,NOV,2024,NOV-LO,1.6T 하이브리드,AWD,미드나잇 블랙,5,5,4114
2024-06,southeast,NOV,2024,NOV-LO,1.6T 하이브리드,AWD,스틸 그레이,4,4,3465
2024-06,southeast,NOV,2024,NOV-LO,1.6T 하이브리드,AWD,실버,3,3,2815
2024-06,southeast,NOV,2024,NOV-LO,1.6T 하이브리드,AWD,오션 블루,2,3,2165
2024-06,southeast,NOV,2024,NOV-LO,1.6T 하이브리드,AWD,선셋 레드,2,2,1732
2024-06,southeast,NOV,2024,NOV-LO,1.6T 하이브리드,AWD,포레스트 그린,1,1,1083
2024-06,southeast,NOV,2024,NOV-LO,1.6T 하이브리드,AWD,샌드 베이지,1,1,1083
2024-06,southeast,NOV,2024,NOV-LO,1.6T 하이브리드,FWD,스노우 화이트,14,14,12272
2024-06,southeast,NOV,2024,NOV-LO,1.6T 하이브리드,FWD,미드나잇 블랙,11,11,9715
2024-06,southeast,NOV,2024,NOV-LO,1.6T 하이브리드,FWD,스틸 그레이,9,10,8181
2024-06,southeast,NOV,2024,NOV-LO,1.6T 하이브리드,FWD,실버,8,8,6647
2024-06,southeast,NOV,2024,NOV-LO,1.6T 하이브리드,FWD,오션 블루,6,6,5113
2024-06,southeast,NOV,2024,NOV-LO,1.6T 하이브리드,FWD,선셋 레드,5,5,4091
2024-06,southeast,NOV,2024,NOV-LO,1.6T 하이브리드,FWD,포레스트 그린,3,3,2557
2024-06,southeast,NOV,2024,NOV-LO,1.6T 하이브리드,FWD,샌드 베이지,3,3,2557
2024-06,west,LUM,2024,LUM-AI,스탠다드 레인지,AWD,스노우 화이트,41,42,-34643
2024-06,west,LUM,2024,LUM-AI,스탠다드 레인지,AWD,미드나잇 블랙,33,34,-27425
2024-06,west,LUM,2024,LUM-AI,스탠다드 레인지,AWD,스틸 그레이,28,28,-23095
2024-06,west,LUM,2024,LUM-AI,스탠다드 레인지,AWD,실버,22,23,-18765
2024-06,west,LUM,2024,LUM-AI,스탠다드 레인지,AWD,오션 블루,17,18,-14434
2024-06,west,LUM,2024,LUM-AI,스탠다드 레인지,AWD,선셋 레드,14,14,-11548
2024-06,west,LUM,2024,LUM-AI,스탠다드 레인지,AWD,포레스트 그린,9,9,-7217
2024-06,west,LUM,2024,LUM-AI,스탠다드 레인지,AWD,샌드 베이지,9,9,-7217
2024-06,west,LUM,2024,LUM-AI,스탠다드 레인지,FWD,스노우 화이트,51,52,-42341
2024-06,west,LUM,2024,LUM-AI,스탠다드 레인지,FWD,미드나잇 블랙,40,41,-33520
2024-06,west,LUM,2024,LUM-AI,스탠다드 레인지,FWD,스틸 그레이,34,34,-28227
2024-06,west,LUM,2024,LUM-AI,스탠다드 레인지,FWD,실버,27,28,-22935
2024-06,west,LUM,2024,LUM-AI,스탠다드 레인지,FWD,오션 블루,21,22,-17642
2024-06,west,LUM,2024,LUM-AI,스탠다드 레인지,FWD,선셋 레드,17,17,-14114
2024-06,west,LUM,2024,LUM-AI,스탠다드 레인지,FWD,포레스트 그린,11,11,-8821
2024-06,west,LUM,2024,LUM-AI,스탠다드 레인지,FWD,샌드 베이지,11,11,-8821
2024-06,west,LUM,2024,LUM-AI,롱레인지,AWD,스노우 화이트,62,63,-51964
2024-06,west,LUM,2024,LUM-AI,롱레인지,AWD,미드나잇 블랙,49,50,-41138
2024-06,west,LUM,2024,LUM-AI,롱레인지,AWD,스틸 그레이,41,42,-34643
2024-06,west,LUM,2024,LUM-AI,롱레인지,AWD,실버,34,34,-28147
2024-06,west,LUM,2024,LUM-AI,롱레인지,AWD,오션 블루,26,26,-21652
2024-06,west,LUM,2024,LUM-AI,롱레인지,AWD,선셋 레드,21,21,-17321
2024-06,west,LUM,2024,LUM-AI,롱레인지,AWD,포레스트 그린,13,13,-10826
2024-06,west,LUM,2024,LUM-AI,롱레인지,AWD,샌드 베이지,13,13,-10826
2024-06,west,LUM,2024,LUM-AI,롱레인지,FWD,스노우 화이트,76,78,-63512
2024-06,west,LUM,2024,LUM-AI,롱레인지,FWD,미드나잇 블랙,60,61,-50280
2024-06,west,LUM,2024,LUM-AI,롱레인지,FWD,스틸 그레이,51,52,-42341
2024-06,west,LUM,2024,LUM-AI,롱레인지,FWD,실버,41,42,-34402
2024-06,west,LUM,2024,LUM-AI,롱레인지,FWD,오션 블루,32,32,-26463
2024-06,west,LUM,2024,LUM-AI,롱레인지,FWD,선셋 레드,25,26,-21171
2024-06,west,LUM,2024,LUM-AI,롱레인지,FWD,포레스트 그린,16,16,-13232
2024-06,west,LUM,2024,LUM-AI,롱레인지,FWD,샌드 베이지,16,16,-13232
2024-06,west,LUM,2024,LUM-RA,스탠다드 레인지,AWD,스노우 화이트,48,49,-28683
2024-06,west,LUM,2024,LUM-RA,스탠다드 레인지,AWD,미드나잇 블랙,38,39,-22707
2024-06,west,LUM,2024,LUM-RA,스탠다드 레인지,AWD,스틸 그레이,32,33,-19122
2024-06,west,LUM,2024,LUM-RA,스탠다드 레인지,AWD,실버,26,27,-15537
2024-06,west,LUM,2024,LUM-RA,스탠다드 레인지,AWD,오션 블루,20,20,-11951
2024-06,west,LUM,2024,LUM-RA,스탠다드 레인지,AWD,선셋 레드,16,16,-9561
2024-06,west,LUM,2024,LUM-RA,스탠다드 레인지,AWD,포레스트 그린,10,10,-5976
2024-06,west,LUM,2024,LUM-RA,스탠다드 레인지,AWD,샌드 베이지,10,10,-5976
2024-06,west,LUM,2024,LUM-RA,스탠다드 레인지,FWD,스노우 화이트,59,60,-35057
2024-06,west,LUM,2024,LUM-RA,스탠다드 레인지,FWD,미드나잇 블랙,46,47,-27754
2024-06,west,LUM,2024,LUM-RA,스탠다드 레인지,FWD,스틸 그레이,39,40,-23371
2024-06,west,LUM,2024,LUM-RA,스탠다드 레인지,FWD,실버,32,32,-18989
2024-06,west,LUM,2024,LUM-RA,스탠다드 레인지,FWD,오션 블루,24,25,-14607
2024-06,west,LUM,2024,LUM-RA,스탠다드 레인지,FWD,선셋 레드,20,20,-11686
2024-06,west,LUM,2024,LUM-RA,스탠다드 레인지,FWD,포레스트 그린,12,12,-7304
2024-06,west,LUM,2024,LUM-RA,스탠다드 레인지,FWD,샌드 베이지,12,12,-7304
2024-06,west,LUM,2024,LUM-RA,롱레인지,AWD,스노우 화이트,72,74,-43025
2024-06,west,LUM,2024,LUM-RA,롱레인지,AWD,미드나잇 블랙,57,58,-34061
2024-06,west,LUM,2024,LUM-RA,롱레인지,AWD,스틸 그레이,48,49,-28683
2024-06,west,LUM,2024,LUM-RA,롱레인지,AWD,실버,39,40,-23305
2024-06,west,LUM,2024,LUM-RA,롱레인지,AWD,오션 블루,30,31,-17927
2024-06,west,LUM,2024,LUM-RA,롱레인지,AWD,선셋 레드,24,25,-14342
2024-06,west,LUM,2024,LUM-RA,롱레인지,AWD,포레스트 그린,15,15,-8963
2024-06,west,LUM,2024,LUM-RA,롱레인지,AWD,샌드 베이지,15,15,-8963
2024-06,west,LUM,2024,LUM-RA,롱레인지,FWD,스노우 화이트,88,90,-52586
2024-06,west,LUM,2024,LUM-RA,롱레인지,FWD,미드나잇 블랙,70,71,-41630
2024-06,west,LUM,2024,LUM-RA,롱레인지,FWD,스틸 그레이,59,60,-35057
2024-06,west,LUM,2024,LUM-RA,롱레인지,FWD,실버,48,49,-28484
2024-06,west,LUM,2024,LUM-RA,롱레인지,FWD,오션 블루,37,37,-21911
2024-06,west,LUM,2024,LUM-RA,롱레인지,FWD,선셋 레드,29,30,-17529
2024-06,west,LUM,2024,LUM-RA,롱레인지,FWD,포레스트 그린,18,19,-10955
2024-06,west,LUM,2024,LUM-RA,롱레인지,FWD,샌드 베이지,18,19,-10955
2024-06,west,LUM,2024,LUM-SP,스탠다드 레인지,AWD,스노우 화이트,20,20,-3551
2024-06,west,LUM,2024,LUM-SP,스탠다드 레인지,AWD,미드나잇 블랙,16,16,-2812
2024-06,west,LUM,2024,LUM-SP,스탠다드 레인지,AWD,스틸 그레이,13,13,-2368
2024-06,west,LUM,2024,LUM-SP,스탠다드 레인지,AWD,실버,11,11,-1924
2024-06,west,LUM,2024,LUM-SP,스탠다드 레인지,AWD,오션 블루,8,8,-1480
2024-06,west,LUM,2024,LUM-SP,스탠다드 레인지,AWD,선셋 레드,7,7,-1184
2024-06,west,LUM,2024,LUM-SP,스탠다드 레인지,AWD,포레스트 그린,4,4,-740
2024-06,west,LUM,2024,LUM-SP,스탠다드 레인지,AWD,샌드 베이지,4,4,-740
2024-06,west,LUM,2024,LUM-SP,스탠다드 레인지,FWD,스노우 화이트,24,25,-4341
2024-06,west,LUM,2024,LUM-SP,스탠다드 레인지,FWD,미드나잇 블랙,19,19,-3436
2024-06,west,LUM,2024,LUM-SP,스탠다드 레인지,FWD,스틸 그레이,16,16,-2894
2024-06,west,LUM,2024,LUM-SP,스탠다드 레인지,FWD,실버,13,13,-2351
2024-06,west,LUM,2024,LUM-SP,스탠다드 레인지,FWD,오션 블루,10,10,-1809
2024-06,west,LUM,2024,LUM-SP,스탠다드 레인지,FWD,선셋 레드,8,8,-1447
2024-06,west,LUM,2024,LUM-SP,스탠다드 레인지,FWD,포레스트 그린,5,5,-904
2024-06,west,LUM,2024,LUM-SP,스탠다드 레인지,FWD,샌드 베이지,5,5,-904
2024-06,west,LUM,2024,LUM-SP,롱레인지,AWD,스노우 화이트,29,30,-5327
2024-06,west,LUM,2024,LUM-SP,롱레인지,AWD,미드나잇 블랙,23,24,-4217
2024-06,west,LUM,2024,LUM-SP,롱레인지,AWD,스틸 그레이,20,20,-3551
2024-06,west,LUM,2024,LUM-SP,롱레인지,AWD,실버,16,16,-2886
2024-06,west,LUM,2024,LUM-SP,롱레인지,AWD,오션 블루,12,13,-2220
2024-06,west,LUM,2024,LUM-SP,롱레인지,AWD,선셋 레드,10,10,-1776
2024-06,west,LUM,2024,LUM-SP,롱레인지,AWD,포레스트 그린,6,6,-1110
2024-06,west,LUM,2024,LUM-SP,롱레인지,AWD,샌드 베이지,6,6,-1110
2024-06,west,LUM,2024,LUM-SP,롱레인지,FWD,스노우 화이트,36,37,-6511
2024-06,west,LUM,2024,LUM-SP,롱레인지,FWD,미드나잇 블랙,29,29,-5155
2024-06,west,LUM,2024,LUM-SP,롱레인지,FWD,스틸 그레이,24,25,-4341
2024-06,west,LUM,2024,LUM-SP,롱레인지,FWD,실버,20,20,-3527
2024-06,west,LUM,2024,LUM-SP,롱레인지,FWD,오션 블루,15,15,-2713
2024-06,west,LUM,2024,LUM-SP,롱레인지,FWD,선셋 레드,12,12,-2170
2024-06,west,LUM,2024,LUM-SP,롱레인지,FWD,포레스트 그린,8,8,-1356
2024-06,west,LUM,2024,LUM-SP,롱레인지,FWD,샌드 베이지,8,8,-1356
2024-06,central,LUM,2024,LUM-AI,스탠다드 레인지,AWD,스노우 화이트,17,18,-14471
2024-06,central,LUM,2024,LUM-AI,스탠다드 레인지,AWD,미드나잇 블랙,14,14,-11457
2024-06,central,LUM,2024,LUM-AI,스탠다드 레인지,AWD,스틸 그레이,12,12,-9648
2024-06,central,LUM,2024,LUM-AI,스탠다드 레인지,AWD,실버,9,10,-7839
2024-06,central,LUM,2024,LUM-AI,스탠다드 레인지,AWD,오션 블루,7,7,-6030
2024-06,central,LUM,2024,LUM-AI,스탠다드 레인지,AWD,선셋 레드,6,6,-4824
2024-06,central,LUM,2024,LUM-AI,스탠다드 레인지,AWD,포레스트 그린,4,4,-3015
2024-06,central,LUM,2024,LUM-AI,스탠다드 레인지,AWD,샌드 베이지,4,4,-3015
2024-06,central,LUM,2024,LUM-AI,스탠다드 레인지,FWD,스노우 화이트,16,16,-13493
2024-06,central,LUM,2024,LUM-AI,스탠다드 레인지,FWD,미드나잇 블랙,13,13,-10682
2024-06,central,LUM,2024,LUM-AI,스탠다드 레인지,FWD,스틸 그레이,11,11,-8995
2024-06,central,LUM,2024,LUM-AI,스탠다드 레인지,FWD,실버,9,9,-7309
2024-06,central,LUM,2024,LUM-AI,스탠다드 레인지,FWD,오션 블루,7,7,-5622
2024-06,central,LUM,2024,LUM-AI,스탠다드 레인지,FWD,선셋 레드,5,5,-4498
2024-06,central,LUM,2024,LUM-AI,스탠다드 레인지,FWD,포레스트 그린,3,3,-2811
2024-06,central,LUM,2024,LUM-AI,스탠다드 레인지,FWD,샌드 베이지,3,3,-2811
2024-06,central,LUM,2024,LUM-AI,롱레인지,AWD,스노우 화이트,26,27,-21707
2024-06,central,LUM,2024,LUM-AI,롱레인지,AWD,미드나잇 블랙,21,21,-17185
2024-06,central,LUM,2024,LUM-AI,롱레인지,AWD,스틸 그레이,17,18,-14471
2024-06,central,LUM,2024,LUM-AI,롱레인지,AWD,실버,14,14,-11758
2024-06,central,LUM,2024,LUM-AI,롱레인지,AWD,오션 블루,11,11,-9045
2024-06,central,LUM,2024,LUM-AI,롱레인지,AWD,선셋 레드,9,9,-7236
2024-06,central,LUM,2024,LUM-AI,롱레인지,AWD,포레스트 그린,5,6,-4522
2024-06,central,LUM,2024,LUM-AI,롱레인지,AWD,샌드 베이지,5,6,-4522
2024-06,central,LUM,2024,LUM-AI,롱레인지,FWD,스노우 화이트,24,25,-20239
2024-06,central,LUM,2024,LUM-AI,롱레인지,FWD,미드나잇 블랙,19,20,-16023
2024-06,central,LUM,2024,LUM-AI,롱레인지,FWD,스틸 그레이,16,16,-13493
2024-06,central,LUM,2024,LUM-AI,롱레인지,FWD,실버,13,13,-10963
2024-06,central,LUM,2024,LUM-AI,롱레인지,FWD,오션 블루,10,10,-8433
2024-06,central,LUM,2024,LUM-AI,롱레인지,FWD,선셋 레드,8,8,-6746
2024-06,central,LUM,2024,LUM-AI,롱레인지,FWD,포레스트 그린,5,5,-4216
2024-06,central,LUM,2024,LUM-AI,롱레인지,FWD,샌드 베이지,5,5,-4216
2024-06,central,LUM,2024,LUM-RA,스탠다드 레인지,AWD,스노우 화이트,20,20,-11982
2024-06,central,LUM,2024,LUM-RA,스탠다드 레인지,AWD,미드나잇 블랙,16,16,-9486
2024-06,central,LUM,2024,LUM-RA,스탠다드 레인지,AWD,스틸 그레이,13,14,-7988
2024-06,central,LUM,2024,LUM-RA,스탠다드 레인지,AWD,실버,11,11,-6490
2024-06,central,LUM,2024,LUM-RA,스탠다드 레인지,AWD,오션 블루,8,9,-4992
2024-06,central,LUM,2024,LUM-RA,스탠다드 레인지,AWD,선셋 레드,7,7,-3994
2024-06,central,LUM,2024,LUM-RA,스탠다드 레인지,AWD,포레스트 그린,4,4,-2496
2024-06,central,LUM,2024,LUM-RA,스탠다드 레인지,AWD,샌드 베이지,4,4,-2496
2024-06,central,LUM,2024,LUM-RA,스탠다드 레인지,FWD,스노우 화이트,19,19,-11172
2024-06,central,LUM,2024,LUM-RA,스탠다드 레인지,FWD,미드나잇 블랙,15,15,-8844
2024-06,central,LUM,2024,LUM-RA,스탠다드 레인지,FWD,스틸 그레이,12,13,-7448
2024-06,central,LUM,2024,LUM-RA,스탠다드 레인지,FWD,실버,10,10,-6051
2024-06,central,LUM,2024,LUM-RA,스탠다드 레인지,FWD,오션 블루,8,8,-4655
2024-06,central,LUM,2024,LUM-RA,스탠다드 레인지,FWD,선셋 레드,6,6,-3724
2024-06,central,LUM,2024,LUM-RA,스탠다드 레인지,FWD,포레스트 그린,4,4,-2327
2024-06,central,LUM,2024,LUM-RA,스탠다드 레인지,FWD,샌드 베이지,4,4,-2327
2024-06,central,LUM,2024,LUM-RA,롱레인지,AWD,스노우 화이트,30,31,-17973
2024-06,central,LUM,2024,LUM-RA,롱레인지,AWD,미드나잇 블랙,24,24,-14229
2024-06,central,LUM,2024,LUM-RA,롱레인지,AWD,스틸 그레이,20,20,-11982
2024-06,central,LUM,2024,LUM-RA,롱레인지,AWD,실버,16,17,-9735
2024-06,central,LUM,2024,LUM-RA,롱레인지,AWD,오션 블루,13,13,-7489
2024-06,central,LUM,2024,LUM-RA,롱레인지,AWD,선셋 레드,10,10,-5991
2024-06,central,LUM,2024,LUM-RA,롱레인지,AWD,포레스트 그린,6,6,-3744
2024-06,central,LUM,2024,LUM-RA,롱레인지,AWD,샌드 베이지,6,6,-3744
2024-06,central,LUM,2024,LUM-RA,롱레인지,FWD,스노우 화이트,28,29,-16757
2024-06,central,LUM,2024,LUM-RA,롱레인지,FWD,미드나잇 블랙,22,23,-13266
2024-06,central,LUM,2024,LUM-RA,롱레인지,FWD,스틸 그레이,19,19,-11172
2024-06,central,LUM,2024,LUM-RA,롱레인지,FWD,실버,15,16,-9077
2024-06,central,LUM,2024,LUM-RA,롱레인지,FWD,오션 블루,12,12,-6982
2024-06,central,LUM,2024,LUM-RA,롱레인지,FWD,선셋 레드,9,10,-5586
2024-06,central,LUM,2024,LUM-RA,롱레인지,FWD,포레스트 그린,6,6,-3491
2024-06,central,LUM,2024,LUM-RA,롱레인지,FWD,샌드 베이지,6,6,-3491
2024-06,central,LUM,2024,LUM-SP,스탠다드 레인지,AWD,스노우 화이트,8,8,-1484
2024-06,central,LUM,2024,LUM-SP,스탠다드 레인지,AWD,미드나잇 블랙,7,7,-1175
2024-06,central,LUM,2024,LUM-SP,스탠다드 레인지,AWD,스틸 그레이,5,6,-989
2024-06,central,LUM,2024,LUM-SP,스탠다드 레인지,AWD,실버,4,5,-804
2024-06,central,LUM,2024,LUM-SP,스탠다드 레인지,AWD,오션 블루,3,3,-618
2024-06,central,LUM,2024,LUM-SP,스탠다드 레인지,AWD,선셋 레드,3,3,-495
2024-06,central,LUM,2024,LUM-SP,스탠다드 레인지,AWD,포레스트 그린,2,2,-309
2024-06,central,LUM,2024,LUM-SP,스탠다드 레인지,AWD,샌드 베이지,2,2,-309
2024-06,central,LUM,2024,LUM-SP,스탠다드 레인지,FWD,스노우 화이트,8,8,-1383
2024-06,central,LUM,2024,LUM-SP,스탠다드 레인지,FWD,미드나잇 블랙,6,6,-1095
2024-06,central,LUM,2024,LUM-SP,스탠다드 레인지,FWD,스틸 그레이,5,5,-922
2024-06,central,LUM,2024,LUM-SP,스탠다드 레인지,FWD,실버,4,4,-749
2024-06,central,LUM,2024,LUM-SP,스탠다드 레인지,FWD,오션 블루,3,3,-576
2024-06,central,LUM,2024,LUM-SP,스탠다드 레인지,FWD,선셋 레드,3,3,-461
2024-06,central,LUM,2024,LUM-SP,스탠다드 레인지,FWD,포레스트 그린,2,2,-288
2024-06,central,LUM,2024,LUM-SP,스탠다드 레인지,FWD,샌드 베이지,2,2,-288
2024-06,central,LUM,2024,LUM-SP,롱레인지,AWD,스노우 화이트,12,13,-2225
2024-06,central,LUM,2024,LUM-SP,롱레인지,AWD,미드나잇 블랙,10,10,-1762
2024-06,central,LUM,2024,LUM-SP,롱레인지,AWD,스틸 그레이,8,8,-1484
2024-06,central,LUM,2024,LUM-SP,롱레인지,AWD,실버,7,7,-1205
2024-06,central,LUM,2024,LUM-SP,롱레인지,AWD,오션 블루,5,5,-927
2024-06,central,LUM,2024,LUM-SP,롱레인지,AWD,선셋 레드,4,4,-742
2024-06,central,LUM,2024,LUM-SP,롱레인지,AWD,포레스트 그린,3,3,-464
2024-06,central,LUM,2024,LUM-SP,롱레인지,AWD,샌드 베이지,3,3,-464
2024-06,central,LUM,2024,LUM-SP,롱레인지,FWD,스노우 화이트,11,12,-2075
2024-06,central,LUM,2024,LUM-SP,롱레인지,FWD,미드나잇 블랙,9,9,-1643
2024-06,central,LUM,2024,LUM-SP,롱레인지,FWD,스틸 그레이,8,8,-1383
2024-06,central,LUM,2024,LUM-SP,롱레인지,FWD,실버,6,6,-1124
2024-06,central,LUM,2024,LUM-SP,롱레인지,FWD,오션 블루,5,5,-865
2024-06,central,LUM,2024,LUM-SP,롱레인지,FWD,선셋 레드,4,4,-692
2024-06,central,LUM,2024,LUM-SP,롱레인지,FWD,포레스트 그린,2,2,-432
2024-06,central,LUM,2024,LUM-SP,롱레인지,FWD,샌드 베이지,2,2,-432
2024-06,south,LUM,2024,LUM-AI,스탠다드 레인지,AWD,스노우 화이트,14,14,-11725
2024-06,south,LUM,2024,LUM-AI,스탠다드 레인지,AWD,미드나잇 블랙,11,11,-9282
2024-06,south,LUM,2024,LUM-AI,스탠다드 레인지,AWD,스틸 그레이,9,10,-7817
2024-06,south,LUM,2024,LUM-AI,스탠다드 레인지,AWD,실버,8,8,-6351
2024-06,south,LUM,2024,LUM-AI,스탠다드 레인지,AWD,오션 블루,6,6,-4886
2024-06,south,LUM,2024,LUM-AI,스탠다드 레인지,AWD,선셋 레드,5,5,-3908
2024-06,south,LUM,2024,LUM-AI,스탠다드 레인지,AWD,포레스트 그린,3,3,-2443
2024-06,south,LUM,2024,LUM-AI,스탠다드 레인지,AWD,샌드 베이지,3,3,-2443
2024-06,south,LUM,2024,LUM-AI,스탠다드 레인지,FWD,스노우 화이트,29,30,-24464
2024-06,south,LUM,2024,LUM-AI,스탠다드 레인지,FWD,미드나잇 블랙,23,24,-19367
2024-06,south,LUM,2024,LUM-AI,스탠다드 레인지,FWD,스틸 그레이,20,20,-16309
2024-06,south,LUM,2024,LUM-AI,스탠다드 레인지,FWD,실버,16,16,-13251
2024-06,south,LUM,2024,LUM-AI,스탠다드 레인지,FWD,오션 블루,12,12,-10193
2024-06,south,LUM,2024,LUM-AI,스탠다드 레인지,FWD,선셋 레드,10,10,-8155
2024-06,south,LUM,2024,LUM-AI,스탠다드 레인지,FWD,포레스트 그린,6,6,-5097
2024-06,south,LUM,2024,LUM-AI,스탠다드 레인지,FWD,샌드 베이지,6,6,-5097
2024-06,south,LUM,2024,LUM-AI,롱레인지,AWD,스노우 화이트,21,21,-17588
2024-06,south,LUM,2024,LUM-AI,롱레인지,AWD,미드나잇 블랙,17,17,-13924
2024-06,south,LUM,2024,LUM-AI,롱레인지,AWD,스틸 그레이,14,14,-11725
2024-06,south,LUM,2024,LUM-AI,롱레인지,AWD,실버,11,12,-9527
2024-06,south,LUM,2024,LUM-AI,롱레인지,AWD,오션 블루,9,9,-7328
2024-06,south,LUM,2024,LUM-AI,롱레인지,AWD,선셋 레드,7,7,-5863
2024-06,south,LUM,2024,LUM-AI,롱레인지,AWD,포레스트 그린,4,4,-3664
2024-06,south,LUM,2024,LUM-AI,롱레인지,AWD,샌드 베이지,4,4,-3664
2024-06,south,LUM,2024,LUM-AI,롱레인지,FWD,스노우 화이트,44,45,-36696
2024-06,south,LUM,2024,LUM-AI,롱레인지,FWD,미드나잇 블랙,35,35,-29051
2024-06,south,LUM,2024,LUM-AI,롱레인지,FWD,스틸 그레이,29,30,-24464
2024-06,south,LUM,2024,LUM-AI,롱레인지,FWD,실버,24,24,-19877
2024-06,south,LUM,2024,LUM-AI,롱레인지,FWD,오션 블루,18,19,-15290
2024-06,south,LUM,2024,LUM-AI,롱레인지,FWD,선셋 레드,15,15,-12232
2024-06,south,LUM,2024,LUM-AI,롱레인지,FWD,포레스트 그린,9,9,-7645
2024-06,south,LUM,2024,LUM-AI,롱레인지,FWD,샌드 베이지,9,9,-7645
2024-06,south,LUM,2024,LUM-RA,스탠다드 레인지,AWD,스노우 화이트,16,17,-9708
2024-06,south,LUM,2024,LUM-RA,스탠다드 레인지,AWD,미드나잇 블랙,13,13,-7686
2024-06,south,LUM,2024,LUM-RA,스탠다드 레인지,AWD,스틸 그레이,11,11,-6472
2024-06,south,LUM,2024,LUM-RA,스탠다드 레인지,AWD,실버,9,9,-5259
2024-06,south,LUM,2024,LUM-RA,스탠다드 레인지,AWD,오션 블루,7,7,-4045
2024-06,south,LUM,2024,LUM-RA,스탠다드 레인지,AWD,선셋 레드,5,6,-3236
2024-06,south,LUM,2024,LUM-RA,스탠다드 레인지,AWD,포레스트 그린,3,3,-2023
2024-06,south,LUM,2024,LUM-RA,스탠다드 레인지,AWD,샌드 베이지,3,3,-2023
2024-06,south,LUM,2024,LUM-RA,스탠다드 레인지,FWD,스노우 화이트,34,35,-20255
2024-06,south,LUM,2024,LUM-RA,스탠다드 레인지,FWD,미드나잇 블랙,27,27,-16035
2024-06,south,LUM,2024,LUM-RA,스탠다드 레인지,FWD,스틸 그레이,23,23,-13503
2024-06,south,LUM,2024,LUM-RA,스탠다드 레인지,FWD,실버,18,19,-10972
2024-06,south,LUM,2024,LUM-RA,스탠다드 레인지,FWD,오션 블루,14,14,-8440
2024-06,south,LUM,2024,LUM-RA,스탠다드 레인지,FWD,선셋 레드,11,12,-6752
2024-06,south,LUM,2024,LUM-RA,스탠다드 레인지,FWD,포레스트 그린,7,7,-4220
2024-06,south,LUM,2024,LUM-RA,스탠다드 레인지,FWD,샌드 베이지,7,7,-4220
2024-06,south,LUM,2024,LUM-RA,롱레인지,AWD,스노우 화이트,24,25,-14562
2024-06,south,LUM,2024,LUM-RA,롱레인지,AWD,미드나잇 블랙,19,20,-11528
2024-06,south,LUM,2024,LUM-RA,롱레인지,AWD,스틸 그레이,16,17,-9708
2024-06,south,LUM,2024,LUM-RA,롱레인지,AWD,실버,13,13,-7888
2024-06,south,LUM,2024,LUM-RA,롱레인지,AWD,오션 블루,10,10,-6068
2024-06,south,LUM,2024,LUM-RA,롱레인지,AWD,선셋 레드,8,8,-4854
2024-06,south,LUM,2024,LUM-RA,롱레인지,AWD,포레스트 그린,5,5,-3034
2024-06,south,LUM,2024,LUM-RA,롱레인지,AWD,샌드 베이지,5,5,-3034
2024-06,south,LUM,2024,LUM-RA,롱레인지,FWD,스노우 화이트,51,52,-30383
2024-06,south,LUM,2024,LUM-RA,롱레인지,FWD,미드나잇 블랙,40,41,-24053
2024-06,south,LUM,2024,LUM-RA,롱레인지,FWD,스틸 그레이,34,35,-20255
2024-06,south,LUM,2024,LUM-RA,롱레인지,FWD,실버,28,28,-16457
2024-06,south,LUM,2024,LUM-RA,롱레인지,FWD,오션 블루,21,22,-12659
2024-06,south,LUM,2024,LUM-RA,롱레인지,FWD,선셋 레드,17,17,-10128
2024-06,south,LUM,2024,LUM-RA,롱레인지,FWD,포레스트 그린,11,11,-6330
2024-06,south,LUM,2024,LUM-RA,롱레인지,FWD,샌드 베이지,11,11,-6330
2024-06,south,LUM,2024,LUM-SP,스탠다드 레인지,AWD,스노우 화이트,7,7,-1202
2024-06,south,LUM,2024,LUM-SP,스탠다드 레인지,AWD,미드나잇 블랙,5,5,-952
2024-06,south,LUM,2024,LUM-SP,스탠다드 레인지,AWD,스틸 그레이,4,5,-801
2024-06,south,LUM,2024,LUM-SP,스탠다드 레인지,AWD,실버,4,4,-651
2024-06,south,LUM,2024,LUM-SP,스탠다드 레인지,AWD,오션 블루,3,3,-501
2024-06,south,LUM,2024,LUM-SP,스탠다드 레인지,AWD,선셋 레드,2,2,-401
2024-06,south,LUM,2024,LUM-SP,스탠다드 레인지,AWD,포레스트 그린,1,1,-250
2024-06,south,LUM,2024,LUM-SP,스탠다드 레인지,AWD,샌드 베이지,1,1,-250
2024-06,south,LUM,2024,LUM-SP,스탠다드 레인지,FWD,스노우 화이트,14,14,-2508
2024-06,south,LUM,2024,LUM-SP,스탠다드 레인지,FWD,미드나잇 블랙,11,11,-1985
2024-06,south,LUM,2024,LUM-SP,스탠다드 레인지,FWD,스틸 그레이,9,9,-1672
2024-06,south,LUM,2024,LUM-SP,스탠다드 레인지,FWD,실버,8,8,-1358
2024-06,south,LUM,2024,LUM-SP,스탠다드 레인지,FWD,오션 블루,6,6,-1045
2024-06,south,LUM,2024,LUM-SP,스탠다드 레인지,FWD,선셋 레드,5,5,-836
2024-06,south,LUM,2024,LUM-SP,스탠다드 레인지,FWD,포레스트 그린,3,3,-522
2024-06,south,LUM,2024,LUM-SP,스탠다드 레인지,FWD,샌드 베이지,3,3,-522
2024-06,south,LUM,2024,LUM-SP,롱레인지,AWD,스노우 화이트,10,10,-1803
2024-06,south,LUM,2024,LUM-SP,롱레인지,AWD,미드나잇 블랙,8,8,-1427
2024-06,south,LUM,2024,LUM-SP,롱레인지,AWD,스틸 그레이,7,7,-1202
2024-06,south,LUM,2024,LUM-SP,롱레인지,AWD,실버,5,6,-977
2024-06,south,LUM,2024,LUM-SP,롱레인지,AWD,오션 블루,4,4,-751
2024-06,south,LUM,2024,LUM-SP,롱레인지,AWD,선셋 레드,3,3,-601
2024-06,south,LUM,2024,LUM-SP,롱레인지,AWD,포레스트 그린,2,2,-376
2024-06,south,LUM,2024,LUM-SP,롱레인지,AWD,샌드 베이지,2,2,-376
2024-06,south,LUM,2024,LUM-SP,롱레인지,FWD,스노우 화이트,21,21,-3762
2024-06,south,LUM,2024,LUM-SP,롱레인지,FWD,미드나잇 블랙,16,17,-2978
2024-06,south,LUM,2024,LUM-SP,롱레인지,FWD,스틸 그레이,14,14,-2508
2024-06,south,LUM,2024,LUM-SP,롱레인지,FWD,실버,11,12,-2038
2024-06,south,LUM,2024,LUM-SP,롱레인지,FWD,오션 블루,9,9,-1567
2024-06,south,LUM,2024,LUM-SP,롱레인지,FWD,선셋 레드,7,7,-1254
2024-06,south,LUM,2024,LUM-SP,롱레인지,FWD,포레스트 그린,4,4,-784
2024-06,south,LUM,2024,LUM-SP,롱레인지,FWD,샌드 베이지,4,4,-784
2024-06,northeast,LUM,2024,LUM-AI,스탠다드 레인지,AWD,스노우 화이트,35,36,-29446
2024-06,northeast,LUM,2024,LUM-AI,스탠다드 레인지,AWD,미드나잇 블랙,28,28,-23312
2024-06,northeast,LUM,2024,LUM-AI,스탠다드 레인지,AWD,스틸 그레이,24,24,-19631
2024-06,northeast,LUM,2024,LUM-AI,스탠다드 레인지,AWD,실버,19,19,-15950
2024-06,northeast,LUM,2024,LUM-AI,스탠다드 레인지,AWD,오션 블루,15,15,-12269
2024-06,northeast,LUM,2024,LUM-AI,스탠다드 레인지,AWD,선셋 레드,12,12,-9815
2024-06,northeast,LUM,2024,LUM-AI,스탠다드 레인지,AWD,포레스트 그린,7,7,-6135
2024-06,northeast,LUM,2024,LUM-AI,스탠다드 레인지,AWD,샌드 베이지,7,7,-6135
2024-06,northeast,LUM,2024,LUM-AI,스탠다드 레인지,FWD,스노우 화이트,25,26,-20889
2024-06,northeast,LUM,2024,LUM-AI,스탠다드 레인지,FWD,미드나잇 블랙,20,20,-16537
2024-06,northeast,LUM,2024,LUM-AI,스탠다드 레인지,FWD,스틸 그레이,17,17,-13926
2024-06,northeast,LUM,2024,LUM-AI,스탠다드 레인지,FWD,실버,14,14,-11315
2024-06,northeast,LUM,2024,LUM-AI,스탠다드 레인지,FWD,오션 블루,10,11,-8704
2024-06,northeast,LUM,2024,LUM-AI,스탠다드 레인지,FWD,선셋 레드,8,9,-6963
2024-06,northeast,LUM,2024,LUM-AI,스탠다드 레인지,FWD,포레스트 그린,5,5,-4352
2024-06,northeast,LUM,2024,LUM-AI,스탠다드 레인지,FWD,샌드 베이지,5,5,-4352
2024-06,northeast,LUM,2024,LUM-AI,롱레인지,AWD,스노우 화이트,53,54,-44169
2024-06,northeast,LUM,2024,LUM-AI,롱레인지,AWD,미드나잇 블랙,42,43,-34967
2024-06,northeast,LUM,2024,LUM-AI,롱레인지,AWD,스틸 그레이,35,36,-29446
2024-06,northeast,LUM,2024,LUM-AI,롱레인지,AWD,실버,29,29,-23925
2024-06,northeast,LUM,2024,LUM-AI,롱레인지,AWD,오션 블루,22,22,-18404
2024-06,northeast,LUM,2024,LUM-AI,롱레인지,AWD,선셋 레드,18,18,-14723
2024-06,northeast,LUM,2024,LUM-AI,롱레인지,AWD,포레스트 그린,11,11,-9202
2024-06,northeast,LUM,2024,LUM-AI,롱레인지,AWD,샌드 베이지,11,11,-9202
2024-06,northeast,LUM,2024,LUM-AI,롱레인지,FWD,스노우 화이트,38,38,-31334
2024-06,northeast,LUM,2024,LUM-AI,롱레인지,FWD,미드나잇 블랙,30,30,-24806
2024-06,northeast,LUM,2024,LUM-AI,롱레인지,FWD,스틸 그레이,25,26,-20889
2024-06,northeast,LUM,2024,LUM-AI,롱레인지,FWD,실버,20,21,-16973
2024-06,northeast,LUM,2024,LUM-AI,롱레인지,FWD,오션 블루,16,16,-13056
2024-06,northeast,LUM,2024,LUM-AI,롱레인지,FWD,선셋 레드,13,13,-10445
2024-06,northeast,LUM,2024,LUM-AI,롱레인지,FWD,포레스트 그린,8,8,-6528
2024-06,northeast,LUM,2024,LUM-AI,롱레인지,FWD,샌드 베이지,8,8,-6528
2024-06,northeast,LUM,2024,LUM-RA,스탠다드 레인지,AWD,스노우 화이트,41,42,-24381
2024-06,northeast,LUM,2024,LUM-RA,스탠다드 레인지,AWD,미드나잇 블랙,32,33,-19301
2024-06,northeast,LUM,2024,LUM-RA,스탠다드 레인지,AWD,스틸 그레이,27,28,-16254
2024-06,northeast,LUM,2024,LUM-RA,스탠다드 레인지,AWD,실버,22,23,-13206
2024-06,northeast,LUM,2024,LUM-RA,스탠다드 레인지,AWD,오션 블루,17,17,-10159
2024-06,northeast,LUM,2024,LUM-RA,스탠다드 레인지,AWD,선셋 레드,14,14,-8127
2024-06,northeast,LUM,2024,LUM-RA,스탠다드 레인지,AWD,포레스트 그린,9,9,-5079
2024-06,northeast,LUM,2024,LUM-RA,스탠다드 레인지,AWD,샌드 베이지,9,9,-5079
2024-06,northeast,LUM,2024,LUM-RA,스탠다드 레인지,FWD,스노우 화이트,29,30,-17296
2024-06,northeast,LUM,2024,LUM-RA,스탠다드 레인지,FWD,미드나잇 블랙,23,23,-13692
2024-06,northeast,LUM,2024,LUM-RA,스탠다드 레인지,FWD,스틸 그레이,19,20,-11530
2024-06,northeast,LUM,2024,LUM-RA,스탠다드 레인지,FWD,실버,16,16,-9368
2024-06,northeast,LUM,2024,LUM-RA,스탠다드 레인지,FWD,오션 블루,12,12,-7207
2024-06,northeast,LUM,2024,LUM-RA,스탠다드 레인지,FWD,선셋 레드,10,10,-5765
2024-06,northeast,LUM,2024,LUM-RA,스탠다드 레인지,FWD,포레스트 그린,6,6,-3603
2024-06,northeast,LUM,2024,LUM-RA,스탠다드 레인지,FWD,샌드 베이지,6,6,-3603
2024-06,northeast,LUM,2024,LUM-RA,롱레인지,AWD,스노우 화이트,61,62,-36571
2024-06,northeast,LUM,2024,LUM-RA,롱레인지,AWD,미드나잇 블랙,48,49,-28952
2024-06,northeast,LUM,2024,LUM-RA,롱레인지,AWD,스틸 그레이,41,42,-24381
2024-06,northeast,LUM,2024,LUM-RA,롱레인지,AWD,실버,33,34,-19809
2024-06,northeast,LUM,2024,LUM-RA,롱레인지,AWD,오션 블루,26,26,-15238
2024-06,northeast,LUM,2024,LUM-RA,롱레인지,AWD,선셋 레드,20,21,-12190
2024-06,northeast,LUM,2024,LUM-RA,롱레인지,AWD,포레스트 그린,13,13,-7619
2024-06,northeast,LUM,2024,LUM-RA,롱레인지,AWD,샌드 베이지,13,13,-7619
2024-06,northeast,LUM,2024,LUM-RA,롱레인지,FWD,스노우 화이트,43,44,-25943
2024-06,northeast,LUM,2024,LUM-RA,롱레인지,FWD,미드나잇 블랙,34,35,-20539
2024-06,northeast,LUM,2024,LUM-RA,롱레인지,FWD,스틸 그레이,29,30,-17296
2024-06,northeast,LUM,2024,LUM-RA,롱레인지,FWD,실버,24,24,-14053
2024-06,northeast,LUM,2024,LUM-RA,롱레인지,FWD,오션 블루,18,18,-10810
2024-06,northeast,LUM,2024,LUM-RA,롱레인지,FWD,선셋 레드,14,15,-8648
2024-06,northeast,LUM,2024,LUM-RA,롱레인지,FWD,포레스트 그린,9,9,-5405
2024-06,northeast,LUM,2024,LUM-RA,롱레인지,FWD,샌드 베이지,9,9,-5405
2024-06,northeast,LUM,2024,LUM-SP,스탠다드 레인지,AWD,스노우 화이트,17,17,-3019
2024-06,northeast,LUM,2024,LUM-SP,스탠다드 레인지,AWD,미드나잇 블랙,13,13,-2390
2024-06,northeast,LUM,2024,LUM-SP,스탠다드 레인지,AWD,스틸 그레이,11,11,-2013
2024-06,northeast,LUM,2024,LUM-SP,스탠다드 레인지,AWD,실버,9,9,-1635
2024-06,northeast,LUM,2024,LUM-SP,스탠다드 레인지,AWD,오션 블루,7,7,-1258
2024-06,northeast,LUM,2024,LUM-SP,스탠다드 레인지,AWD,선셋 레드,6,6,-1006
2024-06,northeast,LUM,2024,LUM-SP,스탠다드 레인지,AWD,포레스트 그린,3,4,-629
2024-06,northeast,LUM,2024,LUM-SP,스탠다드 레인지,AWD,샌드 베이지,3,4,-629
2024-06,northeast,LUM,2024,LUM-SP,스탠다드 레인지,FWD,스노우 화이트,12,12,-2142
2024-06,northeast,LUM,2024,LUM-SP,스탠다드 레인지,FWD,미드나잇 블랙,9,10,-1695
2024-06,northeast,LUM,2024,LUM-SP,스탠다드 레인지,FWD,스틸 그레이,8,8,-1428
2024-06,northeast,LUM,2024,LUM-SP,스탠다드 레인지,FWD,실버,6,7,-1160
2024-06,northeast,LUM,2024,LUM-SP,스탠다드 레인지,FWD,오션 블루,5,5,-892
2024-06,northeast,LUM,2024,LUM-SP,스탠다드 레인지,FWD,선셋 레드,4,4,-714
2024-06,northeast,LUM,2024,LUM-SP,스탠다드 레인지,FWD,포레스트 그린,2,3,-446
2024-06,northeast,LUM,2024,LUM-SP,스탠다드 레인지,FWD,샌드 베이지,2,3,-446
2024-06,northeast,LUM,2024,LUM-SP,롱레인지,AWD,스노우 화이트,25,26,-4528
2024-06,northeast,LUM,2024,LUM-SP,롱레인지,AWD,미드나잇 블랙,20,20,-3585
2024-06,northeast,LUM,2024,LUM-SP,롱레인지,AWD,스틸 그레이,17,17,-3019
2024-06,northeast,LUM,2024,LUM-SP,롱레인지,AWD,실버,14,14,-2453
2024-06,northeast,LUM,2024,LUM-SP,롱레인지,AWD,오션 블루,10,11,-1887
2024-06,northeast,LUM,2024,LUM-SP,롱레인지,AWD,선셋 레드,8,9,-1509
2024-06,northeast,LUM,2024,LUM-SP,롱레인지,AWD,포레스트 그린,5,5,-943
2024-06,northeast,LUM,2024,LUM-SP,롱레인지,AWD,샌드 베이지,5,5,-943
2024-06,northeast,LUM,2024,LUM-SP,롱레인지,FWD,스노우 화이트,18,18,-3212
2024-06,northeast,LUM,2024,LUM-SP,롱레인지,FWD,미드나잇 블랙,14,14,-2543
2024-06,northeast,LUM,2024,LUM-SP,롱레인지,FWD,스틸 그레이,12,12,-2142
2024-06,northeast,LUM,2024,LUM-SP,롱레인지,FWD,실버,10,10,-1740
2024-06,northeast,LUM,2024,LUM-SP,롱레인지,FWD,오션 블루,7,8,-1338
2024-06,northeast,LUM,2024,LUM-SP,롱레인지,FWD,선셋 레드,6,6,-1071
2024-06,northeast,LUM,2024,LUM-SP,롱레인지,FWD,포레스트 그린,4,4,-669
2024-06,northeast,LUM,2024,LUM-SP,롱레인지,FWD,샌드 베이지,4,4,-669
2024-06,southeast,LUM,2024,LUM-AI,스탠다드 레인지,AWD,스노우 화이트,18,18,-15101
2024-06,southeast,LUM,2024,LUM-AI,스탠다드 레인지,AWD,미드나잇 블랙,14,15,-11955
2024-06,southeast,LUM,2024,LUM-AI,스탠다드 레인지,AWD,스틸 그레이,12,12,-10067
2024-06,southeast,LUM,2024,LUM-AI,스탠다드 레인지,AWD,실버,10,10,-8180
2024-06,southeast,LUM,2024,LUM-AI,스탠다드 레인지,AWD,오션 블루,8,8,-6292
2024-06,southeast,LUM,2024,LUM-AI,스탠다드 레인지,AWD,선셋 레드,6,6,-5034
2024-06,southeast,LUM,2024,LUM-AI,스탠다드 레인지,AWD,포레스트 그린,4,4,-3146
2024-06,southeast,LUM,2024,LUM-AI,스탠다드 레인지,AWD,샌드 베이지,4,4,-3146
2024-06,southeast,LUM,2024,LUM-AI,스탠다드 레인지,FWD,스노우 화이트,29,30,-24378
2024-06,southeast,LUM,2024,LUM-AI,스탠다드 레인지,FWD,미드나잇 블랙,23,24,-19299
2024-06,southeast,LUM,2024,LUM-AI,스탠다드 레인지,FWD,스틸 그레이,19,20,-16252
2024-06,southeast,LUM,2024,LUM-AI,스탠다드 레인지,FWD,실버,16,16,-13205
2024-06,southeast,LUM,2024,LUM-AI,스탠다드 레인지,FWD,오션 블루,12,12,-10158
2024-06,southeast,LUM,2024,LUM-AI,스탠다드 레인지,FWD,선셋 레드,10,10,-8126
2024-06,southeast,LUM,2024,LUM-AI,스탠다드 레인지,FWD,포레스트 그린,6,6,-5079
2024-06,southeast,LUM,2024,LUM-AI,스탠다드 레인지,FWD,샌드 베이지,6,6,-5079
2024-06,southeast,LUM,2024,LUM-AI,롱레인지,AWD,스노우 화이트,27,28,-22651
2024-06,southeast,LUM,2024,LUM-AI,롱레인지,AWD,미드나잇 블랙,21,22,-17932
2024-06,southeast,LUM,2024,LUM-AI,롱레인지,AWD,스틸 그레이,18,18,-15101
2024-06,southeast,LUM,2024,LUM-AI,롱레인지,AWD,실버,15,15,-12269
2024-06,southeast,LUM,2024,LUM-AI,롱레인지,AWD,오션 블루,11,12,-9438
2024-06,southeast,LUM,2024,LUM-AI,롱레인지,AWD,선셋 레드,9,9,-7550
2024-06,southeast,LUM,2024,LUM-AI,롱레인지,AWD,포레스트 그린,6,6,-4719
2024-06,southeast,LUM,2024,LUM-AI,롱레인지,AWD,샌드 베이지,6,6,-4719
2024-06,southeast,LUM,2024,LUM-AI,롱레인지,FWD,스노우 화이트,44,45,-36567
2024-06,southeast,LUM,2024,LUM-AI,롱레인지,FWD,미드나잇 블랙,35,35,-28949
2024-06,southeast,LUM,2024,LUM-AI,롱레인지,FWD,스틸 그레이,29,30,-24378
2024-06,southeast,LUM,2024,LUM-AI,롱레인지,FWD,실버,24,24,-19807
2024-06,southeast,LUM,2024,LUM-AI,롱레인지,FWD,오션 블루,18,19,-15236
2024-06,southeast,LUM,2024,LUM-AI,롱레인지,FWD,선셋 레드,15,15,-12189
2024-06,southeast,LUM,2024,LUM-AI,롱레인지,FWD,포레스트 그린,9,9,-7618
2024-06,southeast,LUM,2024,LUM-AI,롱레인지,FWD,샌드 베이지,9,9,-7618
2024-06,southeast,LUM,2024,LUM-RA,스탠다드 레인지,AWD,스노우 화이트,21,21,-12503
2024-06,southeast,LUM,2024,LUM-RA,스탠다드 레인지,AWD,미드나잇 블랙,17,17,-9898
2024-06,southeast,LUM,2024,LUM-RA,스탠다드 레인지,AWD,스틸 그레이,14,14,-8335
2024-06,southeast,LUM,2024,LUM-RA,스탠다드 레인지,AWD,실버,11,12,-6772
2024-06,southeast,LUM,2024,LUM-RA,스탠다드 레인지,AWD,오션 블루,9,9,-5210
2024-06,southeast,LUM,2024,LUM-RA,스탠다드 레인지,AWD,선셋 레드,7,7,-4168
2024-06,southeast,LUM,2024,LUM-RA,스탠다드 레인지,AWD,포레스트 그린,4,4,-2605
2024-06,southeast,LUM,2024,LUM-RA,스탠다드 레인지,AWD,샌드 베이지,4,4,-2605
2024-06,southeast,LUM,2024,LUM-RA,스탠다드 레인지,FWD,스노우 화이트,34,34,-20184
2024-06,southeast,LUM,2024,LUM-RA,스탠다드 레인지,FWD,미드나잇 블랙,27,27,-15979
2024-06,southeast,LUM,2024,LUM-RA,스탠다드 레인지,FWD,스틸 그레이,23,23,-13456
2024-06,southeast,LUM,2024,LUM-RA,스탠다드 레인지,FWD,실버,18,19,-10933
2024-06,southeast,LUM,2024,LUM-RA,스탠다드 레인지,FWD,오션 블루,14,14,-8410
2024-06,southeast,LUM,2024,LUM-RA,스탠다드 레인지,FWD,선셋 레드,11,11,-6728
2024-06,southeast,LUM,2024,LUM-RA,스탠다드 레인지,FWD,포레스트 그린,7,7,-4205
2024-06,southeast,LUM,2024,LUM-RA,스탠다드 레인지,FWD,샌드 베이지,7,7,-4205
2024-06,southeast,LUM,2024,LUM-RA,롱레인지,AWD,스노우 화이트,31,32,-18754
2024-06,southeast,LUM,2024,LUM-RA,롱레인지,AWD,미드나잇 블랙,25,25,-14847
2024-06,southeast,LUM,2024,LUM-RA,롱레인지,AWD,스틸 그레이,21,21,-12503
2024-06,southeast,LUM,2024,LUM-RA,롱레인지,AWD,실버,17,17,-10159
2024-06,southeast,LUM,2024,LUM-RA,롱레인지,AWD,오션 블루,13,13,-7814
2024-06,southeast,LUM,2024,LUM-RA,롱레인지,AWD,선셋 레드,10,11,-6251
2024-06,southeast,LUM,2024,LUM-RA,롱레인지,AWD,포레스트 그린,7,7,-3907
2024-06,southeast,LUM,2024,LUM-RA,롱레인지,AWD,샌드 베이지,7,7,-3907
2024-06,southeast,LUM,2024,LUM-RA,롱레인지,FWD,스노우 화이트,51,52,-30277
2024-06,southeast,LUM,2024,LUM-RA,롱레인지,FWD,미드나잇 블랙,40,41,-23969
2024-06,southeast,LUM,2024,LUM-RA,롱레인지,FWD,스틸 그레이,34,34,-20184
2024-06,southeast,LUM,2024,LUM-RA,롱레인지,FWD,실버,27,28,-16400
2024-06,southeast,LUM,2024,LUM-RA,롱레인지,FWD,오션 블루,21,22,-12615
2024-06,southeast,LUM,2024,LUM-RA,롱레인지,FWD,선셋 레드,17,17,-10092
2024-06,southeast,LUM,2024,LUM-RA,롱레인지,FWD,포레스트 그린,11,11,-6308
2024-06,southeast,LUM,2024,LUM-RA,롱레인지,FWD,샌드 베이지,11,11,-6308
2024-06,southeast,LUM,2024,LUM-SP,스탠다드 레인지,AWD,스노우 화이트,9,9,-1548
2024-06,southeast,LUM,2024,LUM-SP,스탠다드 레인지,AWD,미드나잇 블랙,7,7,-1226
2024-06,southeast,LUM,2024,LUM-SP,스탠다드 레인지,AWD,스틸 그레이,6,6,-1032
2024-06,southeast,LUM,2024,LUM-SP,스탠다드 레인지,AWD,실버,5,5,-839
2024-06,southeast,LUM,2024,LUM-SP,스탠다드 레인지,AWD,오션 블루,4,4,-645
2024-06,southeast,LUM,2024,LUM-SP,스탠다드 레인지,AWD,선셋 레드,3,3,-516
2024-06,southeast,LUM,2024,LUM-SP,스탠다드 레인지,AWD,포레스트 그린,2,2,-323
2024-06,southeast,LUM,2024,LUM-SP,스탠다드 레인지,AWD,샌드 베이지,2,2,-323
2024-06,southeast,LUM,2024,LUM-SP,스탠다드 레인지,FWD,스노우 화이트,14,14,-2499
2024-06,southeast,LUM,2024,LUM-SP,스탠다드 레인지,FWD,미드나잇 블랙,11,11,-1979
2024-06,southeast,LUM,2024,LUM-SP,스탠다드 레인지,FWD,스틸 그레이,9,9,-1666
2024-06,southeast,LUM,2024,LUM-SP,스탠다드 레인지,FWD,실버,7,8,-1354
2024-06,southeast,LUM,2024,LUM-SP,스탠다드 레인지,FWD,오션 블루,6,6,-1041
2024-06,southeast,LUM,2024,LUM-SP,스탠다드 레인지,FWD,선셋 레드,5,5,-833
2024-06,southeast,LUM,2024,LUM-SP,스탠다드 레인지,FWD,포레스트 그린,3,3,-521
2024-06,southeast,LUM,2024,LUM-SP,스탠다드 레인지,FWD,샌드 베이지,3,3,-521
2024-06,southeast,LUM,2024,LUM-SP,롱레인지,AWD,스노우 화이트,13,13,-2322
2024-06,southeast,LUM,2024,LUM-SP,롱레인지,AWD,미드나잇 블랙,10,10,-1838
2024-06,southeast,LUM,2024,LUM-SP,롱레인지,AWD,스틸 그레이,9,9,-1548
2024-06,southeast,LUM,2024,LUM-SP,롱레인지,AWD,실버,7,7,-1258
2024-06,southeast,LUM,2024,LUM-SP,롱레인지,AWD,오션 블루,5,5,-968
2024-06,southeast,LUM,2024,LUM-SP,롱레인지,AWD,선셋 레드,4,4,-774
2024-06,southeast,LUM,2024,LUM-SP,롱레인지,AWD,포레스트 그린,3,3,-484
2024-06,southeast,LUM,2024,LUM-SP,롱레인지,AWD,샌드 베이지,3,3,-484
2024-06,southeast,LUM,2024,LUM-SP,롱레인지,FWD,스노우 화이트,21,21,-3749
2024-06,southeast,LUM,2024,LUM-SP,롱레인지,FWD,미드나잇 블랙,16,17,-2968
2024-06,southeast,LUM,2024,LUM-SP,롱레인지,FWD,스틸 그레이,14,14,-2499
2024-06,southeast,LUM,2024,LUM-SP,롱레인지,FWD,실버,11,11,-2031
2024-06,southeast,LUM,2024,LUM-SP,롱레인지,FWD,오션 블루,9,9,-1562
2024-06,southeast,LUM,2024,LUM-SP,롱레인지,FWD,선셋 레드,7,7,-1250
2024-06,southeast,LUM,2024,LUM-SP,롱레인지,FWD,포레스트 그린,4,4,-781
2024-06,southeast,LUM,2024,LUM-SP,롱레인지,FWD,샌드 베이지,4,4,-781
