ym,zone_id,model_id,model_year,trim_id,engine,drivetrain,color,bp_retail_qty,bp_wholesale_qty,bp_op_profit_usd
2025-07,west,TRN,2025,TRN-CO,3.5 가솔린,AWD,스노우 화이트,140,143,263823
2025-07,west,TRN,2025,TRN-CO,3.5 가솔린,AWD,미드나잇 블랙,111,113,208860
2025-07,west,TRN,2025,TRN-CO,3.5 가솔린,AWD,스틸 그레이,93,95,175882
2025-07,west,TRN,2025,TRN-CO,3.5 가솔린,AWD,실버,76,77,142904
2025-07,west,TRN,2025,TRN-CO,3.5 가솔린,AWD,오션 블루,58,59,109926
2025-07,west,TRN,2025,TRN-CO,3.5 가솔린,AWD,선셋 레드,47,48,87941
2025-07,west,TRN,2025,TRN-CO,3.5 가솔린,AWD,포레스트 그린,29,30,54963
2025-07,west,TRN,2025,TRN-CO,3.5 가솔린,AWD,샌드 베이지,29,30,54963
2025-07,west,TRN,2025,TRN-CO,3.5 가솔린,FWD,스노우 화이트,47,48,87941
2025-07,west,TRN,2025,TRN-CO,3.5 가솔린,FWD,미드나잇 블랙,37,38,69620
2025-07,west,TRN,2025,TRN-CO,3.5 가솔린,FWD,스틸 그레이,31,32,58627
2025-07,west,TRN,2025,TRN-CO,3.5 가솔린,FWD,실버,25,26,47635
2025-07,west,TRN,2025,TRN-CO,3.5 가솔린,FWD,오션 블루,19,20,36642
2025-07,west,TRN,2025,TRN-CO,3.5 가솔린,FWD,선셋 레드,16,16,29314
2025-07,west,TRN,2025,TRN-CO,3.5 가솔린,FWD,포레스트 그린,10,10,18321
2025-07,west,TRN,2025,TRN-CO,3.5 가솔린,FWD,샌드 베이지,10,10,18321
2025-07,west,TRN,2025,TRN-CO,2.5T 하이브리드,AWD,스노우 화이트,112,114,210679
2025-07,west,TRN,2025,TRN-CO,2.5T 하이브리드,AWD,미드나잇 블랙,88,90,166788
2025-07,west,TRN,2025,TRN-CO,2.5T 하이브리드,AWD,스틸 그레이,74,76,140453
2025-07,west,TRN,2025,TRN-CO,2.5T 하이브리드,AWD,실버,60,62,114118
2025-07,west,TRN,2025,TRN-CO,2.5T 하이브리드,AWD,오션 블루,46,47,87783
2025-07,west,TRN,2025,TRN-CO,2.5T 하이브리드,AWD,선셋 레드,37,38,70226
2025-07,west,TRN,2025,TRN-CO,2.5T 하이브리드,AWD,포레스트 그린,23,24,43891
2025-07,west,TRN,2025,TRN-CO,2.5T 하이브리드,AWD,샌드 베이지,23,24,43891
2025-07,west,TRN,2025,TRN-CO,2.5T 하이브리드,FWD,스노우 화이트,37,38,70226
2025-07,west,TRN,2025,TRN-CO,2.5T 하이브리드,FWD,미드나잇 블랙,29,30,55596
2025-07,west,TRN,2025,TRN-CO,2.5T 하이브리드,FWD,스틸 그레이,25,25,46818
2025-07,west,TRN,2025,TRN-CO,2.5T 하이브리드,FWD,실버,20,21,38039
2025-07,west,TRN,2025,TRN-CO,2.5T 하이브리드,FWD,오션 블루,15,16,29261
2025-07,west,TRN,2025,TRN-CO,2.5T 하이브리드,FWD,선셋 레드,12,13,23409
2025-07,west,TRN,2025,TRN-CO,2.5T 하이브리드,FWD,포레스트 그린,8,8,14630
2025-07,west,TRN,2025,TRN-CO,2.5T 하이브리드,FWD,샌드 베이지,8,8,14630
2025-07,west,TRN,2025,TRN-PR,3.5 가솔린,AWD,스노우 화이트,162,165,366532
2025-07,west,TRN,2025,TRN-PR,3.5 가솔린,AWD,미드나잇 블랙,128,131,290171
2025-07,west,TRN,2025,TRN-PR,3.5 가솔린,AWD,스틸 그레이,108,110,244354
2025-07,west,TRN,2025,TRN-PR,3.5 가솔린,AWD,실버,88,89,198538
2025-07,west,TRN,2025,TRN-PR,3.5 가솔린,AWD,오션 블루,67,69,152722
2025-07,west,TRN,2025,TRN-PR,3.5 가솔린,AWD,선셋 레드,54,55,122177
2025-07,west,TRN,2025,TRN-PR,3.5 가솔린,AWD,포레스트 그린,34,34,76361
2025-07,west,TRN,2025,TRN-PR,3.5 가솔린,AWD,샌드 베이지,34,34,76361
2025-07,west,TRN,2025,TRN-PR,3.5 가솔린,FWD,스노우 화이트,54,55,122177
2025-07,west,TRN,2025,TRN-PR,3.5 가솔린,FWD,미드나잇 블랙,43,44,96724
2025-07,west,TRN,2025,TRN-PR,3.5 가솔린,FWD,스틸 그레이,36,37,81451
2025-07,west,TRN,2025,TRN-PR,3.5 가솔린,FWD,실버,29,30,66179
2025-07,west,TRN,2025,TRN-PR,3.5 가솔린,FWD,오션 블루,22,23,50907
2025-07,west,TRN,2025,TRN-PR,3.5 가솔린,FWD,선셋 레드,18,18,40726
2025-07,west,TRN,2025,TRN-PR,3.5 가솔린,FWD,포레스트 그린,11,11,25454
2025-07,west,TRN,2025,TRN-PR,3.5 가솔린,FWD,샌드 베이지,11,11,25454
2025-07,west,TRN,2025,TRN-PR,2.5T 하이브리드,AWD,스노우 화이트,129,132,292698
2025-07,west,TRN,2025,TRN-PR,2.5T 하이브리드,AWD,미드나잇 블랙,102,104,231719
2025-07,west,TRN,2025,TRN-PR,2.5T 하이브리드,AWD,스틸 그레이,86,88,195132
2025-07,west,TRN,2025,TRN-PR,2.5T 하이브리드,AWD,실버,70,71,158545
2025-07,west,TRN,2025,TRN-PR,2.5T 하이브리드,AWD,오션 블루,54,55,121958
2025-07,west,TRN,2025,TRN-PR,2.5T 하이브리드,AWD,선셋 레드,43,44,97566
2025-07,west,TRN,2025,TRN-PR,2.5T 하이브리드,AWD,포레스트 그린,27,27,60979
2025-07,west,TRN,2025,TRN-PR,2.5T 하이브리드,AWD,샌드 베이지,27,27,60979
2025-07,west,TRN,2025,TRN-PR,2.5T 하이브리드,FWD,스노우 화이트,43,44,97566
2025-07,west,TRN,2025,TRN-PR,2.5T 하이브리드,FWD,미드나잇 블랙,34,35,77240
2025-07,west,TRN,2025,TRN-PR,2.5T 하이브리드,FWD,스틸 그레이,29,29,65044
2025-07,west,TRN,2025,TRN-PR,2.5T 하이브리드,FWD,실버,23,24,52848
2025-07,west,TRN,2025,TRN-PR,2.5T 하이브리드,FWD,오션 블루,18,18,40653
2025-07,west,TRN,2025,TRN-PR,2.5T 하이브리드,FWD,선셋 레드,14,15,32522
2025-07,west,TRN,2025,TRN-PR,2.5T 하이브리드,FWD,포레스트 그린,9,9,20326
2025-07,west,TRN,2025,TRN-PR,2.5T 하이브리드,FWD,샌드 베이지,9,9,20326
2025-07,west,TRN,2025,TRN-SU,3.5 가솔린,AWD,스노우 화이트,66,68,193652
2025-07,west,TRN,2025,TRN-SU,3.5 가솔린,AWD,미드나잇 블랙,52,53,153308
2025-07,west,TRN,2025,TRN-SU,3.5 가솔린,AWD,스틸 그레이,44,45,129102
2025-07,west,TRN,2025,TRN-SU,3.5 가솔린,AWD,실버,36,37,104895
2025-07,west,TRN,2025,TRN-SU,3.5 가솔린,AWD,오션 블루,28,28,80689
2025-07,west,TRN,2025,TRN-SU,3.5 가솔린,AWD,선셋 레드,22,23,64551
2025-07,west,TRN,2025,TRN-SU,3.5 가솔린,AWD,포레스트 그린,14,14,40344
2025-07,west,TRN,2025,TRN-SU,3.5 가솔린,AWD,샌드 베이지,14,14,40344
2025-07,west,TRN,2025,TRN-SU,3.5 가솔린,FWD,스노우 화이트,22,23,64551
2025-07,west,TRN,2025,TRN-SU,3.5 가솔린,FWD,미드나잇 블랙,17,18,51103
2025-07,west,TRN,2025,TRN-SU,3.5 가솔린,FWD,스틸 그레이,15,15,43034
2025-07,west,TRN,2025,TRN-SU,3.5 가솔린,FWD,실버,12,12,34965
2025-07,west,TRN,2025,TRN-SU,3.5 가솔린,FWD,오션 블루,9,9,26896
2025-07,west,TRN,2025,TRN-SU,3.5 가솔린,FWD,선셋 레드,7,8,21517
2025-07,west,TRN,2025,TRN-SU,3.5 가솔린,FWD,포레스트 그린,5,5,13448
2025-07,west,TRN,2025,TRN-SU,3.5 가솔린,FWD,샌드 베이지,5,5,13448
2025-07,west,TRN,2025,TRN-SU,2.5T 하이브리드,AWD,스노우 화이트,53,54,154643
2025-07,west,TRN,2025,TRN-SU,2.5T 하이브리드,AWD,미드나잇 블랙,42,43,122426
2025-07,west,TRN,2025,TRN-SU,2.5T 하이브리드,AWD,스틸 그레이,35,36,103096
2025-07,west,TRN,2025,TRN-SU,2.5T 하이브리드,AWD,실버,29,29,83765
2025-07,west,TRN,2025,TRN-SU,2.5T 하이브리드,AWD,오션 블루,22,22,64435
2025-07,west,TRN,2025,TRN-SU,2.5T 하이브리드,AWD,선셋 레드,18,18,51548
2025-07,west,TRN,2025,TRN-SU,2.5T 하이브리드,AWD,포레스트 그린,11,11,32217
2025-07,west,TRN,2025,TRN-SU,2.5T 하이브리드,AWD,샌드 베이지,11,11,32217
2025-07,west,TRN,2025,TRN-SU,2.5T 하이브리드,FWD,스노우 화이트,18,18,51548
2025-07,west,TRN,2025,TRN-SU,2.5T 하이브리드,FWD,미드나잇 블랙,14,14,40809
2025-07,west,TRN,2025,TRN-SU,2.5T 하이브리드,FWD,스틸 그레이,12,12,34365
2025-07,west,TRN,2025,TRN-SU,2.5T 하이브리드,FWD,실버,10,10,27922
2025-07,west,TRN,2025,TRN-SU,2.5T 하이브리드,FWD,오션 블루,7,7,21478
2025-07,west,TRN,2025,TRN-SU,2.5T 하이브리드,FWD,선셋 레드,6,6,17183
2025-07,west,TRN,2025,TRN-SU,2.5T 하이브리드,FWD,포레스트 그린,4,4,10739
2025-07,west,TRN,2025,TRN-SU,2.5T 하이브리드,FWD,샌드 베이지,4,4,10739
2025-07,central,TRN,2025,TRN-CO,3.5 가솔린,AWD,스노우 화이트,105,107,198375
2025-07,central,TRN,2025,TRN-CO,3.5 가솔린,AWD,미드나잇 블랙,83,85,157047
2025-07,central,TRN,2025,TRN-CO,3.5 가솔린,AWD,스틸 그레이,70,71,132250
2025-07,central,TRN,2025,TRN-CO,3.5 가솔린,AWD,실버,57,58,107453
2025-07,central,TRN,2025,TRN-CO,3.5 가솔린,AWD,오션 블루,44,45,82656
2025-07,central,TRN,2025,TRN-CO,3.5 가솔린,AWD,선셋 레드,35,36,66125
2025-07,central,TRN,2025,TRN-CO,3.5 가솔린,AWD,포레스트 그린,22,22,41328
2025-07,central,TRN,2025,TRN-CO,3.5 가솔린,AWD,샌드 베이지,22,22,41328
2025-07,central,TRN,2025,TRN-CO,3.5 가솔린,FWD,스노우 화이트,17,17,31625
2025-07,central,TRN,2025,TRN-CO,3.5 가솔린,FWD,미드나잇 블랙,13,14,25036
2025-07,central,TRN,2025,TRN-CO,3.5 가솔린,FWD,스틸 그레이,11,11,21083
2025-07,central,TRN,2025,TRN-CO,3.5 가솔린,FWD,실버,9,9,17130
2025-07,central,TRN,2025,TRN-CO,3.5 가솔린,FWD,오션 블루,7,7,13177
2025-07,central,TRN,2025,TRN-CO,3.5 가솔린,FWD,선셋 레드,6,6,10542
2025-07,central,TRN,2025,TRN-CO,3.5 가솔린,FWD,포레스트 그린,3,4,6589
2025-07,central,TRN,2025,TRN-CO,3.5 가솔린,FWD,샌드 베이지,3,4,6589
2025-07,central,TRN,2025,TRN-CO,2.5T 하이브리드,AWD,스노우 화이트,84,86,158414
2025-07,central,TRN,2025,TRN-CO,2.5T 하이브리드,AWD,미드나잇 블랙,66,68,125411
2025-07,central,TRN,2025,TRN-CO,2.5T 하이브리드,AWD,스틸 그레이,56,57,105610
2025-07,central,TRN,2025,TRN-CO,2.5T 하이브리드,AWD,실버,45,46,85808
2025-07,central,TRN,2025,TRN-CO,2.5T 하이브리드,AWD,오션 블루,35,36,66006
2025-07,central,TRN,2025,TRN-CO,2.5T 하이브리드,AWD,선셋 레드,28,29,52805
2025-07,central,TRN,2025,TRN-CO,2.5T 하이브리드,AWD,포레스트 그린,17,18,33003
2025-07,central,TRN,2025,TRN-CO,2.5T 하이브리드,AWD,샌드 베이지,17,18,33003
2025-07,central,TRN,2025,TRN-CO,2.5T 하이브리드,FWD,스노우 화이트,13,14,25254
2025-07,central,TRN,2025,TRN-CO,2.5T 하이브리드,FWD,미드나잇 블랙,11,11,19993
2025-07,central,TRN,2025,TRN-CO,2.5T 하이브리드,FWD,스틸 그레이,9,9,16836
2025-07,central,TRN,2025,TRN-CO,2.5T 하이브리드,FWD,실버,7,7,13680
2025-07,central,TRN,2025,TRN-CO,2.5T 하이브리드,FWD,오션 블루,6,6,10523
2025-07,central,TRN,2025,TRN-CO,2.5T 하이브리드,FWD,선셋 레드,4,5,8418
2025-07,central,TRN,2025,TRN-CO,2.5T 하이브리드,FWD,포레스트 그린,3,3,5261
2025-07,central,TRN,2025,TRN-CO,2.5T 하이브리드,FWD,샌드 베이지,3,3,5261
2025-07,central,TRN,2025,TRN-PR,3.5 가솔린,AWD,스노우 화이트,122,124,275604
2025-07,central,TRN,2025,TRN-PR,3.5 가솔린,AWD,미드나잇 블랙,96,98,218186
2025-07,central,TRN,2025,TRN-PR,3.5 가솔린,AWD,스틸 그레이,81,83,183736
2025-07,central,TRN,2025,TRN-PR,3.5 가솔린,AWD,실버,66,67,149285
2025-07,central,TRN,2025,TRN-PR,3.5 가솔린,AWD,오션 블루,51,52,114835
2025-07,central,TRN,2025,TRN-PR,3.5 가솔린,AWD,선셋 레드,41,41,91868
2025-07,central,TRN,2025,TRN-PR,3.5 가솔린,AWD,포레스트 그린,25,26,57417
2025-07,central,TRN,2025,TRN-PR,3.5 가솔린,AWD,샌드 베이지,25,26,57417
2025-07,central,TRN,2025,TRN-PR,3.5 가솔린,FWD,스노우 화이트,19,20,43937
2025-07,central,TRN,2025,TRN-PR,3.5 가솔린,FWD,미드나잇 블랙,15,16,34783
2025-07,central,TRN,2025,TRN-PR,3.5 가솔린,FWD,스틸 그레이,13,13,29291
2025-07,central,TRN,2025,TRN-PR,3.5 가솔린,FWD,실버,11,11,23799
2025-07,central,TRN,2025,TRN-PR,3.5 가솔린,FWD,오션 블루,8,8,18307
2025-07,central,TRN,2025,TRN-PR,3.5 가솔린,FWD,선셋 레드,6,7,14646
2025-07,central,TRN,2025,TRN-PR,3.5 가솔린,FWD,포레스트 그린,4,4,9154
2025-07,central,TRN,2025,TRN-PR,3.5 가솔린,FWD,샌드 베이지,4,4,9154
2025-07,central,TRN,2025,TRN-PR,2.5T 하이브리드,AWD,스노우 화이트,97,99,220086
2025-07,central,TRN,2025,TRN-PR,2.5T 하이브리드,AWD,미드나잇 블랙,77,78,174235
2025-07,central,TRN,2025,TRN-PR,2.5T 하이브리드,AWD,스틸 그레이,65,66,146724
2025-07,central,TRN,2025,TRN-PR,2.5T 하이브리드,AWD,실버,53,54,119213
2025-07,central,TRN,2025,TRN-PR,2.5T 하이브리드,AWD,오션 블루,40,41,91703
2025-07,central,TRN,2025,TRN-PR,2.5T 하이브리드,AWD,선셋 레드,32,33,73362
2025-07,central,TRN,2025,TRN-PR,2.5T 하이브리드,AWD,포레스트 그린,20,21,45851
2025-07,central,TRN,2025,TRN-PR,2.5T 하이브리드,AWD,샌드 베이지,20,21,45851
2025-07,central,TRN,2025,TRN-PR,2.5T 하이브리드,FWD,스노우 화이트,15,16,35086
2025-07,central,TRN,2025,TRN-PR,2.5T 하이브리드,FWD,미드나잇 블랙,12,13,27777
2025-07,central,TRN,2025,TRN-PR,2.5T 하이브리드,FWD,스틸 그레이,10,11,23391
2025-07,central,TRN,2025,TRN-PR,2.5T 하이브리드,FWD,실버,8,9,19005
2025-07,central,TRN,2025,TRN-PR,2.5T 하이브리드,FWD,오션 블루,6,7,14619
2025-07,central,TRN,2025,TRN-PR,2.5T 하이브리드,FWD,선셋 레드,5,5,11695
2025-07,central,TRN,2025,TRN-PR,2.5T 하이브리드,FWD,포레스트 그린,3,3,7310
2025-07,central,TRN,2025,TRN-PR,2.5T 하이브리드,FWD,샌드 베이지,3,3,7310
2025-07,central,TRN,2025,TRN-SU,3.5 가솔린,AWD,스노우 화이트,50,51,145612
2025-07,central,TRN,2025,TRN-SU,3.5 가솔린,AWD,미드나잇 블랙,39,40,115276
2025-07,central,TRN,2025,TRN-SU,3.5 가솔린,AWD,스틸 그레이,33,34,97075
2025-07,central,TRN,2025,TRN-SU,3.5 가솔린,AWD,실버,27,27,78873
2025-07,central,TRN,2025,TRN-SU,3.5 가솔린,AWD,오션 블루,21,21,60672
2025-07,central,TRN,2025,TRN-SU,3.5 가솔린,AWD,선셋 레드,17,17,48537
2025-07,central,TRN,2025,TRN-SU,3.5 가솔린,AWD,포레스트 그린,10,11,30336
2025-07,central,TRN,2025,TRN-SU,3.5 가솔린,AWD,샌드 베이지,10,11,30336
2025-07,central,TRN,2025,TRN-SU,3.5 가솔린,FWD,스노우 화이트,8,8,23213
2025-07,central,TRN,2025,TRN-SU,3.5 가솔린,FWD,미드나잇 블랙,6,6,18377
2025-07,central,TRN,2025,TRN-SU,3.5 가솔린,FWD,스틸 그레이,5,5,15476
2025-07,central,TRN,2025,TRN-SU,3.5 가솔린,FWD,실버,4,4,12574
2025-07,central,TRN,2025,TRN-SU,3.5 가솔린,FWD,오션 블루,3,3,9672
2025-07,central,TRN,2025,TRN-SU,3.5 가솔린,FWD,선셋 레드,3,3,7738
2025-07,central,TRN,2025,TRN-SU,3.5 가솔린,FWD,포레스트 그린,2,2,4836
2025-07,central,TRN,2025,TRN-SU,3.5 가솔린,FWD,샌드 베이지,2,2,4836
2025-07,central,TRN,2025,TRN-SU,2.5T 하이브리드,AWD,스노우 화이트,40,41,116280
2025-07,central,TRN,2025,TRN-SU,2.5T 하이브리드,AWD,미드나잇 블랙,31,32,92055
2025-07,central,TRN,2025,TRN-SU,2.5T 하이브리드,AWD,스틸 그레이,26,27,77520
2025-07,central,TRN,2025,TRN-SU,2.5T 하이브리드,AWD,실버,22,22,62985
2025-07,central,TRN,2025,TRN-SU,2.5T 하이브리드,AWD,오션 블루,17,17,48450
2025-07,central,TRN,2025,TRN-SU,2.5T 하이브리드,AWD,선셋 레드,13,14,38760
2025-07,central,TRN,2025,TRN-SU,2.5T 하이브리드,AWD,포레스트 그린,8,8,24225
2025-07,central,TRN,2025,TRN-SU,2.5T 하이브리드,AWD,샌드 베이지,8,8,24225
2025-07,central,TRN,2025,TRN-SU,2.5T 하이브리드,FWD,스노우 화이트,6,6,18537
2025-07,central,TRN,2025,TRN-SU,2.5T 하이브리드,FWD,미드나잇 블랙,5,5,14675
2025-07,central,TRN,2025,TRN-SU,2.5T 하이브리드,FWD,스틸 그레이,4,4,12358
2025-07,central,TRN,2025,TRN-SU,2.5T 하이브리드,FWD,실버,3,4,10041
2025-07,central,TRN,2025,TRN-SU,2.5T 하이브리드,FWD,오션 블루,3,3,7724
2025-07,central,TRN,2025,TRN-SU,2.5T 하이브리드,FWD,선셋 레드,2,2,6179
2025-07,central,TRN,2025,TRN-SU,2.5T 하이브리드,FWD,포레스트 그린,1,1,3862
2025-07,central,TRN,2025,TRN-SU,2.5T 하이브리드,FWD,샌드 베이지,1,1,3862
2025-07,south,TRN,2025,TRN-CO,3.5 가솔린,AWD,스노우 화이트,85,87,160729
2025-07,south,TRN,2025,TRN-CO,3.5 가솔린,AWD,미드나잇 블랙,67,69,127244
2025-07,south,TRN,2025,TRN-CO,3.5 가솔린,AWD,스틸 그레이,57,58,107153
2025-07,south,TRN,2025,TRN-CO,3.5 가솔린,AWD,실버,46,47,87062
2025-07,south,TRN,2025,TRN-CO,3.5 가솔린,AWD,오션 블루,35,36,66971
2025-07,south,TRN,2025,TRN-CO,3.5 가솔린,AWD,선셋 레드,28,29,53576
2025-07,south,TRN,2025,TRN-CO,3.5 가솔린,AWD,포레스트 그린,18,18,33485
2025-07,south,TRN,2025,TRN-CO,3.5 가솔린,AWD,샌드 베이지,18,18,33485
2025-07,south,TRN,2025,TRN-CO,3.5 가솔린,FWD,스노우 화이트,73,74,136918
2025-07,south,TRN,2025,TRN-CO,3.5 가솔린,FWD,미드나잇 블랙,57,59,108393
2025-07,south,TRN,2025,TRN-CO,3.5 가솔린,FWD,스틸 그레이,48,49,91278
2025-07,south,TRN,2025,TRN-CO,3.5 가솔린,FWD,실버,39,40,74164
2025-07,south,TRN,2025,TRN-CO,3.5 가솔린,FWD,오션 블루,30,31,57049
2025-07,south,TRN,2025,TRN-CO,3.5 가솔린,FWD,선셋 레드,24,25,45639
2025-07,south,TRN,2025,TRN-CO,3.5 가솔린,FWD,포레스트 그린,15,15,28524
2025-07,south,TRN,2025,TRN-CO,3.5 가솔린,FWD,샌드 베이지,15,15,28524
2025-07,south,TRN,2025,TRN-CO,2.5T 하이브리드,AWD,스노우 화이트,68,69,128352
2025-07,south,TRN,2025,TRN-CO,2.5T 하이브리드,AWD,미드나잇 블랙,54,55,101612
2025-07,south,TRN,2025,TRN-CO,2.5T 하이브리드,AWD,스틸 그레이,45,46,85568
2025-07,south,TRN,2025,TRN-CO,2.5T 하이브리드,AWD,실버,37,38,69524
2025-07,south,TRN,2025,TRN-CO,2.5T 하이브리드,AWD,오션 블루,28,29,53480
2025-07,south,TRN,2025,TRN-CO,2.5T 하이브리드,AWD,선셋 레드,23,23,42784
2025-07,south,TRN,2025,TRN-CO,2.5T 하이브리드,AWD,포레스트 그린,14,14,26740
2025-07,south,TRN,2025,TRN-CO,2.5T 하이브리드,AWD,샌드 베이지,14,14,26740
2025-07,south,TRN,2025,TRN-CO,2.5T 하이브리드,FWD,스노우 화이트,58,59,109337
2025-07,south,TRN,2025,TRN-CO,2.5T 하이브리드,FWD,미드나잇 블랙,46,47,86559
2025-07,south,TRN,2025,TRN-CO,2.5T 하이브리드,FWD,스틸 그레이,39,39,72891
2025-07,south,TRN,2025,TRN-CO,2.5T 하이브리드,FWD,실버,31,32,59224
2025-07,south,TRN,2025,TRN-CO,2.5T 하이브리드,FWD,오션 블루,24,25,45557
2025-07,south,TRN,2025,TRN-CO,2.5T 하이브리드,FWD,선셋 레드,19,20,36446
2025-07,south,TRN,2025,TRN-CO,2.5T 하이브리드,FWD,포레스트 그린,12,12,22779
2025-07,south,TRN,2025,TRN-CO,2.5T 하이브리드,FWD,샌드 베이지,12,12,22779
2025-07,south,TRN,2025,TRN-PR,3.5 가솔린,AWD,스노우 화이트,99,101,223302
2025-07,south,TRN,2025,TRN-PR,3.5 가솔린,AWD,미드나잇 블랙,78,80,176781
2025-07,south,TRN,2025,TRN-PR,3.5 가솔린,AWD,스틸 그레이,66,67,148868
2025-07,south,TRN,2025,TRN-PR,3.5 가솔린,AWD,실버,53,54,120955
2025-07,south,TRN,2025,TRN-PR,3.5 가솔린,AWD,오션 블루,41,42,93043
2025-07,south,TRN,2025,TRN-PR,3.5 가솔린,AWD,선셋 레드,33,34,74434
2025-07,south,TRN,2025,TRN-PR,3.5 가솔린,AWD,포레스트 그린,21,21,46521
2025-07,south,TRN,2025,TRN-PR,3.5 가솔린,AWD,샌드 베이지,21,21,46521
2025-07,south,TRN,2025,TRN-PR,3.5 가솔린,FWD,스노우 화이트,84,86,190221
2025-07,south,TRN,2025,TRN-PR,3.5 가솔린,FWD,미드나잇 블랙,66,68,150591
2025-07,south,TRN,2025,TRN-PR,3.5 가솔린,FWD,스틸 그레이,56,57,126814
2025-07,south,TRN,2025,TRN-PR,3.5 가솔린,FWD,실버,45,46,103036
2025-07,south,TRN,2025,TRN-PR,3.5 가솔린,FWD,오션 블루,35,36,79259
2025-07,south,TRN,2025,TRN-PR,3.5 가솔린,FWD,선셋 레드,28,29,63407
2025-07,south,TRN,2025,TRN-PR,3.5 가솔린,FWD,포레스트 그린,17,18,39629
2025-07,south,TRN,2025,TRN-PR,3.5 가솔린,FWD,샌드 베이지,17,18,39629
2025-07,south,TRN,2025,TRN-PR,2.5T 하이브리드,AWD,스노우 화이트,79,80,178321
2025-07,south,TRN,2025,TRN-PR,2.5T 하이브리드,AWD,미드나잇 블랙,62,64,141171
2025-07,south,TRN,2025,TRN-PR,2.5T 하이브리드,AWD,스틸 그레이,52,54,118880
2025-07,south,TRN,2025,TRN-PR,2.5T 하이브리드,AWD,실버,43,43,96590
2025-07,south,TRN,2025,TRN-PR,2.5T 하이브리드,AWD,오션 블루,33,33,74300
2025-07,south,TRN,2025,TRN-PR,2.5T 하이브리드,AWD,선셋 레드,26,27,59440
2025-07,south,TRN,2025,TRN-PR,2.5T 하이브리드,AWD,포레스트 그린,16,17,37150
2025-07,south,TRN,2025,TRN-PR,2.5T 하이브리드,AWD,샌드 베이지,16,17,37150
2025-07,south,TRN,2025,TRN-PR,2.5T 하이브리드,FWD,스노우 화이트,67,68,151903
2025-07,south,TRN,2025,TRN-PR,2.5T 하이브리드,FWD,미드나잇 블랙,53,54,120256
2025-07,south,TRN,2025,TRN-PR,2.5T 하이브리드,FWD,스틸 그레이,45,46,101269
2025-07,south,TRN,2025,TRN-PR,2.5T 하이브리드,FWD,실버,36,37,82281
2025-07,south,TRN,2025,TRN-PR,2.5T 하이브리드,FWD,오션 블루,28,28,63293
2025-07,south,TRN,2025,TRN-PR,2.5T 하이브리드,FWD,선셋 레드,22,23,50634
2025-07,south,TRN,2025,TRN-PR,2.5T 하이브리드,FWD,포레스트 그린,14,14,31646
2025-07,south,TRN,2025,TRN-PR,2.5T 하이브리드,FWD,샌드 베이지,14,14,31646
2025-07,south,TRN,2025,TRN-SU,3.5 가솔린,AWD,스노우 화이트,40,41,117979
2025-07,south,TRN,2025,TRN-SU,3.5 가솔린,AWD,미드나잇 블랙,32,33,93400
2025-07,south,TRN,2025,TRN-SU,3.5 가솔린,AWD,스틸 그레이,27,27,78653
2025-07,south,TRN,2025,TRN-SU,3.5 가솔린,AWD,실버,22,22,63905
2025-07,south,TRN,2025,TRN-SU,3.5 가솔린,AWD,오션 블루,17,17,49158
2025-07,south,TRN,2025,TRN-SU,3.5 가솔린,AWD,선셋 레드,13,14,39326
2025-07,south,TRN,2025,TRN-SU,3.5 가솔린,AWD,포레스트 그린,8,9,24579
2025-07,south,TRN,2025,TRN-SU,3.5 가솔린,AWD,샌드 베이지,8,9,24579
2025-07,south,TRN,2025,TRN-SU,3.5 가솔린,FWD,스노우 화이트,34,35,100501
2025-07,south,TRN,2025,TRN-SU,3.5 가솔린,FWD,미드나잇 블랙,27,28,79563
2025-07,south,TRN,2025,TRN-SU,3.5 가솔린,FWD,스틸 그레이,23,23,67000
2025-07,south,TRN,2025,TRN-SU,3.5 가솔린,FWD,실버,19,19,54438
2025-07,south,TRN,2025,TRN-SU,3.5 가솔린,FWD,오션 블루,14,15,41875
2025-07,south,TRN,2025,TRN-SU,3.5 가솔린,FWD,선셋 레드,11,12,33500
2025-07,south,TRN,2025,TRN-SU,3.5 가솔린,FWD,포레스트 그린,7,7,20938
2025-07,south,TRN,2025,TRN-SU,3.5 가솔린,FWD,샌드 베이지,7,7,20938
2025-07,south,TRN,2025,TRN-SU,2.5T 하이브리드,AWD,스노우 화이트,32,33,94213
2025-07,south,TRN,2025,TRN-SU,2.5T 하이브리드,AWD,미드나잇 블랙,25,26,74586
2025-07,south,TRN,2025,TRN-SU,2.5T 하이브리드,AWD,스틸 그레이,21,22,62809
2025-07,south,TRN,2025,TRN-SU,2.5T 하이브리드,AWD,실버,17,18,51032
2025-07,south,TRN,2025,TRN-SU,2.5T 하이브리드,AWD,오션 블루,13,14,39256
2025-07,south,TRN,2025,TRN-SU,2.5T 하이브리드,AWD,선셋 레드,11,11,31404
2025-07,south,TRN,2025,TRN-SU,2.5T 하이브리드,AWD,포레스트 그린,7,7,19628
2025-07,south,TRN,2025,TRN-SU,2.5T 하이브리드,AWD,샌드 베이지,7,7,19628
2025-07,south,TRN,2025,TRN-SU,2.5T 하이브리드,FWD,스노우 화이트,27,28,80256
2025-07,south,TRN,2025,TRN-SU,2.5T 하이브리드,FWD,미드나잇 블랙,22,22,63536
2025-07,south,TRN,2025,TRN-SU,2.5T 하이브리드,FWD,스틸 그레이,18,19,53504
2025-07,south,TRN,2025,TRN-SU,2.5T 하이브리드,FWD,실버,15,15,43472
2025-07,south,TRN,2025,TRN-SU,2.5T 하이브리드,FWD,오션 블루,11,12,33440
2025-07,south,TRN,2025,TRN-SU,2.5T 하이브리드,FWD,선셋 레드,9,9,26752
2025-07,south,TRN,2025,TRN-SU,2.5T 하이브리드,FWD,포레스트 그린,6,6,16720
2025-07,south,TRN,2025,TRN-SU,2.5T 하이브리드,FWD,샌드 베이지,6,6,16720
2025-07,northeast,TRN,2025,TRN-CO,3.5 가솔린,AWD,스노우 화이트,116,118,218500
2025-07,northeast,TRN,2025,TRN-CO,3.5 가솔린,AWD,미드나잇 블랙,92,93,172979
2025-07,northeast,TRN,2025,TRN-CO,3.5 가솔린,AWD,스틸 그레이,77,79,145667
2025-07,northeast,TRN,2025,TRN-CO,3.5 가솔린,AWD,실버,63,64,118354
2025-07,northeast,TRN,2025,TRN-CO,3.5 가솔린,AWD,오션 블루,48,49,91042
2025-07,northeast,TRN,2025,TRN-CO,3.5 가솔린,AWD,선셋 레드,39,39,72833
2025-07,northeast,TRN,2025,TRN-CO,3.5 가솔린,AWD,포레스트 그린,24,25,45521
2025-07,northeast,TRN,2025,TRN-CO,3.5 가솔린,AWD,샌드 베이지,24,25,45521
2025-07,northeast,TRN,2025,TRN-CO,3.5 가솔린,FWD,스노우 화이트,6,6,11500
2025-07,northeast,TRN,2025,TRN-CO,3.5 가솔린,FWD,미드나잇 블랙,5,5,9104
2025-07,northeast,TRN,2025,TRN-CO,3.5 가솔린,FWD,스틸 그레이,4,4,7667
2025-07,northeast,TRN,2025,TRN-CO,3.5 가솔린,FWD,실버,3,3,6229
2025-07,northeast,TRN,2025,TRN-CO,3.5 가솔린,FWD,오션 블루,3,3,4792
2025-07,northeast,TRN,2025,TRN-CO,3.5 가솔린,FWD,선셋 레드,2,2,3833
2025-07,northeast,TRN,2025,TRN-CO,3.5 가솔린,FWD,포레스트 그린,1,1,2396
2025-07,northeast,TRN,2025,TRN-CO,3.5 가솔린,FWD,샌드 베이지,1,1,2396
2025-07,northeast,TRN,2025,TRN-CO,2.5T 하이브리드,AWD,스노우 화이트,92,94,174486
2025-07,northeast,TRN,2025,TRN-CO,2.5T 하이브리드,AWD,미드나잇 블랙,73,75,138134
2025-07,northeast,TRN,2025,TRN-CO,2.5T 하이브리드,AWD,스틸 그레이,62,63,116324
2025-07,northeast,TRN,2025,TRN-CO,2.5T 하이브리드,AWD,실버,50,51,94513
2025-07,northeast,TRN,2025,TRN-CO,2.5T 하이브리드,AWD,오션 블루,39,39,72702
2025-07,northeast,TRN,2025,TRN-CO,2.5T 하이브리드,AWD,선셋 레드,31,31,58162
2025-07,northeast,TRN,2025,TRN-CO,2.5T 하이브리드,AWD,포레스트 그린,19,20,36351
2025-07,northeast,TRN,2025,TRN-CO,2.5T 하이브리드,AWD,샌드 베이지,19,20,36351
2025-07,northeast,TRN,2025,TRN-CO,2.5T 하이브리드,FWD,스노우 화이트,5,5,9183
2025-07,northeast,TRN,2025,TRN-CO,2.5T 하이브리드,FWD,미드나잇 블랙,4,4,7270
2025-07,northeast,TRN,2025,TRN-CO,2.5T 하이브리드,FWD,스틸 그레이,3,3,6122
2025-07,northeast,TRN,2025,TRN-CO,2.5T 하이브리드,FWD,실버,3,3,4974
2025-07,northeast,TRN,2025,TRN-CO,2.5T 하이브리드,FWD,오션 블루,2,2,3826
2025-07,northeast,TRN,2025,TRN-CO,2.5T 하이브리드,FWD,선셋 레드,2,2,3061
2025-07,northeast,TRN,2025,TRN-CO,2.5T 하이브리드,FWD,포레스트 그린,1,1,1913
2025-07,northeast,TRN,2025,TRN-CO,2.5T 하이브리드,FWD,샌드 베이지,1,1,1913
2025-07,northeast,TRN,2025,TRN-PR,3.5 가솔린,AWD,스노우 화이트,134,137,303563
2025-07,northeast,TRN,2025,TRN-PR,3.5 가솔린,AWD,미드나잇 블랙,106,108,240321
2025-07,northeast,TRN,2025,TRN-PR,3.5 가솔린,AWD,스틸 그레이,89,91,202376
2025-07,northeast,TRN,2025,TRN-PR,3.5 가솔린,AWD,실버,73,74,164430
2025-07,northeast,TRN,2025,TRN-PR,3.5 가솔린,AWD,오션 블루,56,57,126485
2025-07,northeast,TRN,2025,TRN-PR,3.5 가솔린,AWD,선셋 레드,45,46,101188
2025-07,northeast,TRN,2025,TRN-PR,3.5 가솔린,AWD,포레스트 그린,28,28,63242
2025-07,northeast,TRN,2025,TRN-PR,3.5 가솔린,AWD,샌드 베이지,28,28,63242
2025-07,northeast,TRN,2025,TRN-PR,3.5 가솔린,FWD,스노우 화이트,7,7,15977
2025-07,northeast,TRN,2025,TRN-PR,3.5 가솔린,FWD,미드나잇 블랙,6,6,12648
2025-07,northeast,TRN,2025,TRN-PR,3.5 가솔린,FWD,스틸 그레이,5,5,10651
2025-07,northeast,TRN,2025,TRN-PR,3.5 가솔린,FWD,실버,4,4,8654
2025-07,northeast,TRN,2025,TRN-PR,3.5 가솔린,FWD,오션 블루,3,3,6657
2025-07,northeast,TRN,2025,TRN-PR,3.5 가솔린,FWD,선셋 레드,2,2,5326
2025-07,northeast,TRN,2025,TRN-PR,3.5 가솔린,FWD,포레스트 그린,1,1,3329
2025-07,northeast,TRN,2025,TRN-PR,3.5 가솔린,FWD,샌드 베이지,1,1,3329
2025-07,northeast,TRN,2025,TRN-PR,2.5T 하이브리드,AWD,스노우 화이트,107,109,242414
2025-07,northeast,TRN,2025,TRN-PR,2.5T 하이브리드,AWD,미드나잇 블랙,85,86,191911
2025-07,northeast,TRN,2025,TRN-PR,2.5T 하이브리드,AWD,스틸 그레이,71,73,161609
2025-07,northeast,TRN,2025,TRN-PR,2.5T 하이브리드,AWD,실버,58,59,131308
2025-07,northeast,TRN,2025,TRN-PR,2.5T 하이브리드,AWD,오션 블루,45,45,101006
2025-07,northeast,TRN,2025,TRN-PR,2.5T 하이브리드,AWD,선셋 레드,36,36,80805
2025-07,northeast,TRN,2025,TRN-PR,2.5T 하이브리드,AWD,포레스트 그린,22,23,50503
2025-07,northeast,TRN,2025,TRN-PR,2.5T 하이브리드,AWD,샌드 베이지,22,23,50503
2025-07,northeast,TRN,2025,TRN-PR,2.5T 하이브리드,FWD,스노우 화이트,6,6,12759
2025-07,northeast,TRN,2025,TRN-PR,2.5T 하이브리드,FWD,미드나잇 블랙,4,5,10101
2025-07,northeast,TRN,2025,TRN-PR,2.5T 하이브리드,FWD,스틸 그레이,4,4,8506
2025-07,northeast,TRN,2025,TRN-PR,2.5T 하이브리드,FWD,실버,3,3,6911
2025-07,northeast,TRN,2025,TRN-PR,2.5T 하이브리드,FWD,오션 블루,2,2,5316
2025-07,northeast,TRN,2025,TRN-PR,2.5T 하이브리드,FWD,선셋 레드,2,2,4253
2025-07,northeast,TRN,2025,TRN-PR,2.5T 하이브리드,FWD,포레스트 그린,1,1,2658
2025-07,northeast,TRN,2025,TRN-PR,2.5T 하이브리드,FWD,샌드 베이지,1,1,2658
2025-07,northeast,TRN,2025,TRN-SU,3.5 가솔린,AWD,스노우 화이트,55,56,160384
2025-07,northeast,TRN,2025,TRN-SU,3.5 가솔린,AWD,미드나잇 블랙,43,44,126971
2025-07,northeast,TRN,2025,TRN-SU,3.5 가솔린,AWD,스틸 그레이,37,37,106923
2025-07,northeast,TRN,2025,TRN-SU,3.5 가솔린,AWD,실버,30,30,86875
2025-07,northeast,TRN,2025,TRN-SU,3.5 가솔린,AWD,오션 블루,23,23,66827
2025-07,northeast,TRN,2025,TRN-SU,3.5 가솔린,AWD,선셋 레드,18,19,53461
2025-07,northeast,TRN,2025,TRN-SU,3.5 가솔린,AWD,포레스트 그린,11,12,33413
2025-07,northeast,TRN,2025,TRN-SU,3.5 가솔린,AWD,샌드 베이지,11,12,33413
2025-07,northeast,TRN,2025,TRN-SU,3.5 가솔린,FWD,스노우 화이트,3,3,8441
2025-07,northeast,TRN,2025,TRN-SU,3.5 가솔린,FWD,미드나잇 블랙,2,2,6683
2025-07,northeast,TRN,2025,TRN-SU,3.5 가솔린,FWD,스틸 그레이,2,2,5628
2025-07,northeast,TRN,2025,TRN-SU,3.5 가솔린,FWD,실버,2,2,4572
2025-07,northeast,TRN,2025,TRN-SU,3.5 가솔린,FWD,오션 블루,1,1,3517
2025-07,northeast,TRN,2025,TRN-SU,3.5 가솔린,FWD,선셋 레드,1,1,2814
2025-07,northeast,TRN,2025,TRN-SU,3.5 가솔린,FWD,포레스트 그린,1,1,1759
2025-07,northeast,TRN,2025,TRN-SU,3.5 가솔린,FWD,샌드 베이지,1,1,1759
2025-07,northeast,TRN,2025,TRN-SU,2.5T 하이브리드,AWD,스노우 화이트,44,45,128076
2025-07,northeast,TRN,2025,TRN-SU,2.5T 하이브리드,AWD,미드나잇 블랙,35,35,101394
2025-07,northeast,TRN,2025,TRN-SU,2.5T 하이브리드,AWD,스틸 그레이,29,30,85384
2025-07,northeast,TRN,2025,TRN-SU,2.5T 하이브리드,AWD,실버,24,24,69375
2025-07,northeast,TRN,2025,TRN-SU,2.5T 하이브리드,AWD,오션 블루,18,19,53365
2025-07,northeast,TRN,2025,TRN-SU,2.5T 하이브리드,AWD,선셋 레드,15,15,42692
2025-07,northeast,TRN,2025,TRN-SU,2.5T 하이브리드,AWD,포레스트 그린,9,9,26683
2025-07,northeast,TRN,2025,TRN-SU,2.5T 하이브리드,AWD,샌드 베이지,9,9,26683
2025-07,northeast,TRN,2025,TRN-SU,2.5T 하이브리드,FWD,스노우 화이트,2,2,6741
2025-07,northeast,TRN,2025,TRN-SU,2.5T 하이브리드,FWD,미드나잇 블랙,2,2,5337
2025-07,northeast,TRN,2025,TRN-SU,2.5T 하이브리드,FWD,스틸 그레이,2,2,4494
2025-07,northeast,TRN,2025,TRN-SU,2.5T 하이브리드,FWD,실버,1,1,3651
2025-07,northeast,TRN,2025,TRN-SU,2.5T 하이브리드,FWD,오션 블루,1,1,2809
2025-07,northeast,TRN,2025,TRN-SU,2.5T 하이브리드,FWD,선셋 레드,1,1,2247
2025-07,southeast,TRN,2025,TRN-CO,3.5 가솔린,AWD,스노우 화이트,82,84,155250
2025-07,southeast,TRN,2025,TRN-CO,3.5 가솔린,AWD,미드나잇 블랙,65,66,122906
2025-07,southeast,TRN,2025,TRN-CO,3.5 가솔린,AWD,스틸 그레이,55,56,103500
2025-07,southeast,TRN,2025,TRN-CO,3.5 가솔린,AWD,실버,45,45,84094
2025-07,southeast,TRN,2025,TRN-CO,3.5 가솔린,AWD,오션 블루,34,35,64687
2025-07,southeast,TRN,2025,TRN-CO,3.5 가솔린,AWD,선셋 레드,27,28,51750
2025-07,southeast,TRN,2025,TRN-CO,3.5 가솔린,AWD,포레스트 그린,17,17,32344
2025-07,southeast,TRN,2025,TRN-CO,3.5 가솔린,AWD,샌드 베이지,17,17,32344
2025-07,southeast,TRN,2025,TRN-CO,3.5 가솔린,FWD,스노우 화이트,47,48,88279
2025-07,southeast,TRN,2025,TRN-CO,3.5 가솔린,FWD,미드나잇 블랙,37,38,69888
2025-07,southeast,TRN,2025,TRN-CO,3.5 가솔린,FWD,스틸 그레이,31,32,58853
2025-07,southeast,TRN,2025,TRN-CO,3.5 가솔린,FWD,실버,25,26,47818
2025-07,southeast,TRN,2025,TRN-CO,3.5 가솔린,FWD,오션 블루,19,20,36783
2025-07,southeast,TRN,2025,TRN-CO,3.5 가솔린,FWD,선셋 레드,16,16,29426
2025-07,southeast,TRN,2025,TRN-CO,3.5 가솔린,FWD,포레스트 그린,10,10,18392
2025-07,southeast,TRN,2025,TRN-CO,3.5 가솔린,FWD,샌드 베이지,10,10,18392
2025-07,southeast,TRN,2025,TRN-CO,2.5T 하이브리드,AWD,스노우 화이트,66,67,123977
2025-07,southeast,TRN,2025,TRN-CO,2.5T 하이브리드,AWD,미드나잇 블랙,52,53,98148
2025-07,southeast,TRN,2025,TRN-CO,2.5T 하이브리드,AWD,스틸 그레이,44,45,82651
2025-07,southeast,TRN,2025,TRN-CO,2.5T 하이브리드,AWD,실버,36,36,67154
2025-07,southeast,TRN,2025,TRN-CO,2.5T 하이브리드,AWD,오션 블루,27,28,51657
2025-07,southeast,TRN,2025,TRN-CO,2.5T 하이브리드,AWD,선셋 레드,22,22,41326
2025-07,southeast,TRN,2025,TRN-CO,2.5T 하이브리드,AWD,포레스트 그린,14,14,25828
2025-07,southeast,TRN,2025,TRN-CO,2.5T 하이브리드,AWD,샌드 베이지,14,14,25828
2025-07,southeast,TRN,2025,TRN-CO,2.5T 하이브리드,FWD,스노우 화이트,37,38,70496
2025-07,southeast,TRN,2025,TRN-CO,2.5T 하이브리드,FWD,미드나잇 블랙,30,30,55810
2025-07,southeast,TRN,2025,TRN-CO,2.5T 하이브리드,FWD,스틸 그레이,25,25,46998
2025-07,southeast,TRN,2025,TRN-CO,2.5T 하이브리드,FWD,실버,20,21,38186
2025-07,southeast,TRN,2025,TRN-CO,2.5T 하이브리드,FWD,오션 블루,16,16,29374
2025-07,southeast,TRN,2025,TRN-CO,2.5T 하이브리드,FWD,선셋 레드,12,13,23499
2025-07,southeast,TRN,2025,TRN-CO,2.5T 하이브리드,FWD,포레스트 그린,8,8,14687
2025-07,southeast,TRN,2025,TRN-CO,2.5T 하이브리드,FWD,샌드 베이지,8,8,14687
2025-07,southeast,TRN,2025,TRN-PR,3.5 가솔린,AWD,스노우 화이트,95,97,215690
2025-07,southeast,TRN,2025,TRN-PR,3.5 가솔린,AWD,미드나잇 블랙,75,77,170754
2025-07,southeast,TRN,2025,TRN-PR,3.5 가솔린,AWD,스틸 그레이,63,65,143793
2025-07,southeast,TRN,2025,TRN-PR,3.5 가솔린,AWD,실버,52,53,116832
2025-07,southeast,TRN,2025,TRN-PR,3.5 가솔린,AWD,오션 블루,40,40,89871
2025-07,southeast,TRN,2025,TRN-PR,3.5 가솔린,AWD,선셋 레드,32,32,71897
2025-07,southeast,TRN,2025,TRN-PR,3.5 가솔린,AWD,포레스트 그린,20,20,44935
2025-07,southeast,TRN,2025,TRN-PR,3.5 가솔린,AWD,샌드 베이지,20,20,44935
2025-07,southeast,TRN,2025,TRN-PR,3.5 가솔린,FWD,스노우 화이트,54,55,122647
2025-07,southeast,TRN,2025,TRN-PR,3.5 가솔린,FWD,미드나잇 블랙,43,44,97096
2025-07,southeast,TRN,2025,TRN-PR,3.5 가솔린,FWD,스틸 그레이,36,37,81765
2025-07,southeast,TRN,2025,TRN-PR,3.5 가솔린,FWD,실버,29,30,66434
2025-07,southeast,TRN,2025,TRN-PR,3.5 가솔린,FWD,오션 블루,23,23,51103
2025-07,southeast,TRN,2025,TRN-PR,3.5 가솔린,FWD,선셋 레드,18,18,40882
2025-07,southeast,TRN,2025,TRN-PR,3.5 가솔린,FWD,포레스트 그린,11,12,25551
2025-07,southeast,TRN,2025,TRN-PR,3.5 가솔린,FWD,샌드 베이지,11,12,25551
2025-07,southeast,TRN,2025,TRN-PR,2.5T 하이브리드,AWD,스노우 화이트,76,78,172242
2025-07,southeast,TRN,2025,TRN-PR,2.5T 하이브리드,AWD,미드나잇 블랙,60,61,136358
2025-07,southeast,TRN,2025,TRN-PR,2.5T 하이브리드,AWD,스틸 그레이,51,52,114828
2025-07,southeast,TRN,2025,TRN-PR,2.5T 하이브리드,AWD,실버,41,42,93297
2025-07,southeast,TRN,2025,TRN-PR,2.5T 하이브리드,AWD,오션 블루,32,32,71767
2025-07,southeast,TRN,2025,TRN-PR,2.5T 하이브리드,AWD,선셋 레드,25,26,57414
2025-07,southeast,TRN,2025,TRN-PR,2.5T 하이브리드,AWD,포레스트 그린,16,16,35884
2025-07,southeast,TRN,2025,TRN-PR,2.5T 하이브리드,AWD,샌드 베이지,16,16,35884
2025-07,southeast,TRN,2025,TRN-PR,2.5T 하이브리드,FWD,스노우 화이트,43,44,97941
2025-07,southeast,TRN,2025,TRN-PR,2.5T 하이브리드,FWD,미드나잇 블랙,34,35,77537
2025-07,southeast,TRN,2025,TRN-PR,2.5T 하이브리드,FWD,스틸 그레이,29,29,65294
2025-07,southeast,TRN,2025,TRN-PR,2.5T 하이브리드,FWD,실버,23,24,53052
2025-07,southeast,TRN,2025,TRN-PR,2.5T 하이브리드,FWD,오션 블루,18,18,40809
2025-07,southeast,TRN,2025,TRN-PR,2.5T 하이브리드,FWD,선셋 레드,14,15,32647
2025-07,southeast,TRN,2025,TRN-PR,2.5T 하이브리드,FWD,포레스트 그린,9,9,20404
2025-07,southeast,TRN,2025,TRN-PR,2.5T 하이브리드,FWD,샌드 베이지,9,9,20404
2025-07,southeast,TRN,2025,TRN-SU,3.5 가솔린,AWD,스노우 화이트,39,40,113957
2025-07,southeast,TRN,2025,TRN-SU,3.5 가솔린,AWD,미드나잇 블랙,31,31,90216
2025-07,southeast,TRN,2025,TRN-SU,3.5 가솔린,AWD,스틸 그레이,26,26,75971
2025-07,southeast,TRN,2025,TRN-SU,3.5 가솔린,AWD,실버,21,22,61727
2025-07,southeast,TRN,2025,TRN-SU,3.5 가솔린,AWD,오션 블루,16,17,47482
2025-07,southeast,TRN,2025,TRN-SU,3.5 가솔린,AWD,선셋 레드,13,13,37986
2025-07,southeast,TRN,2025,TRN-SU,3.5 가솔린,AWD,포레스트 그린,8,8,23741
2025-07,southeast,TRN,2025,TRN-SU,3.5 가솔린,AWD,샌드 베이지,8,8,23741
2025-07,southeast,TRN,2025,TRN-SU,3.5 가솔린,FWD,스노우 화이트,22,23,64799
2025-07,southeast,TRN,2025,TRN-SU,3.5 가솔린,FWD,미드나잇 블랙,18,18,51299
2025-07,southeast,TRN,2025,TRN-SU,3.5 가솔린,FWD,스틸 그레이,15,15,43199
2025-07,southeast,TRN,2025,TRN-SU,3.5 가솔린,FWD,실버,12,12,35100
2025-07,southeast,TRN,2025,TRN-SU,3.5 가솔린,FWD,오션 블루,9,9,27000
2025-07,southeast,TRN,2025,TRN-SU,3.5 가솔린,FWD,선셋 레드,7,8,21600
2025-07,southeast,TRN,2025,TRN-SU,3.5 가솔린,FWD,포레스트 그린,5,5,13500
2025-07,southeast,TRN,2025,TRN-SU,3.5 가솔린,FWD,샌드 베이지,5,5,13500
2025-07,southeast,TRN,2025,TRN-SU,2.5T 하이브리드,AWD,스노우 화이트,31,32,91002
2025-07,southeast,TRN,2025,TRN-SU,2.5T 하이브리드,AWD,미드나잇 블랙,25,25,72043
2025-07,southeast,TRN,2025,TRN-SU,2.5T 하이브리드,AWD,스틸 그레이,21,21,60668
2025-07,southeast,TRN,2025,TRN-SU,2.5T 하이브리드,AWD,실버,17,17,49293
2025-07,southeast,TRN,2025,TRN-SU,2.5T 하이브리드,AWD,오션 블루,13,13,37917
2025-07,southeast,TRN,2025,TRN-SU,2.5T 하이브리드,AWD,선셋 레드,10,11,30334
2025-07,southeast,TRN,2025,TRN-SU,2.5T 하이브리드,AWD,포레스트 그린,6,7,18959
2025-07,southeast,TRN,2025,TRN-SU,2.5T 하이브리드,AWD,샌드 베이지,6,7,18959
2025-07,southeast,TRN,2025,TRN-SU,2.5T 하이브리드,FWD,스노우 화이트,18,18,51746
2025-07,southeast,TRN,2025,TRN-SU,2.5T 하이브리드,FWD,미드나잇 블랙,14,14,40966
2025-07,southeast,TRN,2025,TRN-SU,2.5T 하이브리드,FWD,스틸 그레이,12,12,34497
2025-07,southeast,TRN,2025,TRN-SU,2.5T 하이브리드,FWD,실버,10,10,28029
2025-07,southeast,TRN,2025,TRN-SU,2.5T 하이브리드,FWD,오션 블루,7,8,21561
2025-07,southeast,TRN,2025,TRN-SU,2.5T 하이브리드,FWD,선셋 레드,6,6,17249
2025-07,southeast,TRN,2025,TRN-SU,2.5T 하이브리드,FWD,포레스트 그린,4,4,10780
2025-07,southeast,TRN,2025,TRN-SU,2.5T 하이브리드,FWD,샌드 베이지,4,4,10780
2025-07,west,VST,2025,VST-CO,2.5 가솔린,AWD,스노우 화이트,91,93,68668
2025-07,west,VST,2025,VST-CO,2.5 가솔린,AWD,미드나잇 블랙,72,73,54362
2025-07,west,VST,2025,VST-CO,2.5 가솔린,AWD,스틸 그레이,61,62,45779
2025-07,west,VST,2025,VST-CO,2.5 가솔린,AWD,실버,49,50,37195
2025-07,west,VST,2025,VST-CO,2.5 가솔린,AWD,오션 블루,38,39,28612
2025-07,west,VST,2025,VST-CO,2.5 가솔린,AWD,선셋 레드,30,31,22889
2025-07,west,VST,2025,VST-CO,2.5 가솔린,AWD,포레스트 그린,19,19,14306
2025-07,west,VST,2025,VST-CO,2.5 가솔린,AWD,샌드 베이지,19,19,14306
2025-07,west,VST,2025,VST-CO,2.5 가솔린,FWD,스노우 화이트,111,113,83928
2025-07,west,VST,2025,VST-CO,2.5 가솔린,FWD,미드나잇 블랙,88,90,66443
2025-07,west,VST,2025,VST-CO,2.5 가솔린,FWD,스틸 그레이,74,75,55952
2025-07,west,VST,2025,VST-CO,2.5 가솔린,FWD,실버,60,61,45461
2025-07,west,VST,2025,VST-CO,2.5 가솔린,FWD,오션 블루,46,47,34970
2025-07,west,VST,2025,VST-CO,2.5 가솔린,FWD,선셋 레드,37,38,27976
2025-07,west,VST,2025,VST-CO,2.5 가솔린,FWD,포레스트 그린,23,24,17485
2025-07,west,VST,2025,VST-CO,2.5 가솔린,FWD,샌드 베이지,23,24,17485
2025-07,west,VST,2025,VST-CO,1.6T 하이브리드,AWD,스노우 화이트,73,74,54836
2025-07,west,VST,2025,VST-CO,1.6T 하이브리드,AWD,미드나잇 블랙,57,59,43412
2025-07,west,VST,2025,VST-CO,1.6T 하이브리드,AWD,스틸 그레이,48,49,36557
2025-07,west,VST,2025,VST-CO,1.6T 하이브리드,AWD,실버,39,40,29703
2025-07,west,VST,2025,VST-CO,1.6T 하이브리드,AWD,오션 블루,30,31,22848
2025-07,west,VST,2025,VST-CO,1.6T 하이브리드,AWD,선셋 레드,24,25,18279
2025-07,west,VST,2025,VST-CO,1.6T 하이브리드,AWD,포레스트 그린,15,15,11424
2025-07,west,VST,2025,VST-CO,1.6T 하이브리드,AWD,샌드 베이지,15,15,11424
2025-07,west,VST,2025,VST-CO,1.6T 하이브리드,FWD,스노우 화이트,89,90,67021
2025-07,west,VST,2025,VST-CO,1.6T 하이브리드,FWD,미드나잇 블랙,70,72,53059
2025-07,west,VST,2025,VST-CO,1.6T 하이브리드,FWD,스틸 그레이,59,60,44681
2025-07,west,VST,2025,VST-CO,1.6T 하이브리드,FWD,실버,48,49,36303
2025-07,west,VST,2025,VST-CO,1.6T 하이브리드,FWD,오션 블루,37,38,27926
2025-07,west,VST,2025,VST-CO,1.6T 하이브리드,FWD,선셋 레드,30,30,22340
2025-07,west,VST,2025,VST-CO,1.6T 하이브리드,FWD,포레스트 그린,18,19,13963
2025-07,west,VST,2025,VST-CO,1.6T 하이브리드,FWD,샌드 베이지,18,19,13963
2025-07,west,VST,2025,VST-PR,2.5 가솔린,AWD,스노우 화이트,105,107,108842
2025-07,west,VST,2025,VST-PR,2.5 가솔린,AWD,미드나잇 블랙,83,85,86167
2025-07,west,VST,2025,VST-PR,2.5 가솔린,AWD,스틸 그레이,70,72,72561
2025-07,west,VST,2025,VST-PR,2.5 가솔린,AWD,실버,57,58,58956
2025-07,west,VST,2025,VST-PR,2.5 가솔린,AWD,오션 블루,44,45,45351
2025-07,west,VST,2025,VST-PR,2.5 가솔린,AWD,선셋 레드,35,36,36281
2025-07,west,VST,2025,VST-PR,2.5 가솔린,AWD,포레스트 그린,22,22,22675
2025-07,west,VST,2025,VST-PR,2.5 가솔린,AWD,샌드 베이지,22,22,22675
2025-07,west,VST,2025,VST-PR,2.5 가솔린,FWD,스노우 화이트,129,131,133029
2025-07,west,VST,2025,VST-PR,2.5 가솔린,FWD,미드나잇 블랙,102,104,105315
2025-07,west,VST,2025,VST-PR,2.5 가솔린,FWD,스틸 그레이,86,87,88686
2025-07,west,VST,2025,VST-PR,2.5 가솔린,FWD,실버,70,71,72057
2025-07,west,VST,2025,VST-PR,2.5 가솔린,FWD,오션 블루,54,55,55429
2025-07,west,VST,2025,VST-PR,2.5 가솔린,FWD,선셋 레드,43,44,44343
2025-07,west,VST,2025,VST-PR,2.5 가솔린,FWD,포레스트 그린,27,27,27714
2025-07,west,VST,2025,VST-PR,2.5 가솔린,FWD,샌드 베이지,27,27,27714
2025-07,west,VST,2025,VST-PR,1.6T 하이브리드,AWD,스노우 화이트,84,86,86917
2025-07,west,VST,2025,VST-PR,1.6T 하이브리드,AWD,미드나잇 블랙,66,68,68809
2025-07,west,VST,2025,VST-PR,1.6T 하이브리드,AWD,스틸 그레이,56,57,57945
2025-07,west,VST,2025,VST-PR,1.6T 하이브리드,AWD,실버,45,46,47080
2025-07,west,VST,2025,VST-PR,1.6T 하이브리드,AWD,오션 블루,35,36,36215
2025-07,west,VST,2025,VST-PR,1.6T 하이브리드,AWD,선셋 레드,28,29,28972
2025-07,west,VST,2025,VST-PR,1.6T 하이브리드,AWD,포레스트 그린,17,18,18108
2025-07,west,VST,2025,VST-PR,1.6T 하이브리드,AWD,샌드 베이지,17,18,18108
2025-07,west,VST,2025,VST-PR,1.6T 하이브리드,FWD,스노우 화이트,103,105,106232
2025-07,west,VST,2025,VST-PR,1.6T 하이브리드,FWD,미드나잇 블랙,81,83,84100
2025-07,west,VST,2025,VST-PR,1.6T 하이브리드,FWD,스틸 그레이,68,70,70821
2025-07,west,VST,2025,VST-PR,1.6T 하이브리드,FWD,실버,56,57,57542
2025-07,west,VST,2025,VST-PR,1.6T 하이브리드,FWD,오션 블루,43,44,44263
2025-07,west,VST,2025,VST-PR,1.6T 하이브리드,FWD,선셋 레드,34,35,35411
2025-07,west,VST,2025,VST-PR,1.6T 하이브리드,FWD,포레스트 그린,21,22,22132
2025-07,west,VST,2025,VST-PR,1.6T 하이브리드,FWD,샌드 베이지,21,22,22132
2025-07,west,VST,2025,VST-TR,2.5 가솔린,AWD,스노우 화이트,43,44,65525
2025-07,west,VST,2025,VST-TR,2.5 가솔린,AWD,미드나잇 블랙,34,35,51874
2025-07,west,VST,2025,VST-TR,2.5 가솔린,AWD,스틸 그레이,29,29,43683
2025-07,west,VST,2025,VST-TR,2.5 가솔린,AWD,실버,23,24,35493
2025-07,west,VST,2025,VST-TR,2.5 가솔린,AWD,오션 블루,18,18,27302
2025-07,west,VST,2025,VST-TR,2.5 가솔린,AWD,선셋 레드,14,15,21842
2025-07,west,VST,2025,VST-TR,2.5 가솔린,AWD,포레스트 그린,9,9,13651
2025-07,west,VST,2025,VST-TR,2.5 가솔린,AWD,샌드 베이지,9,9,13651
2025-07,west,VST,2025,VST-TR,2.5 가솔린,FWD,스노우 화이트,53,54,80086
2025-07,west,VST,2025,VST-TR,2.5 가솔린,FWD,미드나잇 블랙,42,42,63401
2025-07,west,VST,2025,VST-TR,2.5 가솔린,FWD,스틸 그레이,35,36,53391
2025-07,west,VST,2025,VST-TR,2.5 가솔린,FWD,실버,28,29,43380
2025-07,west,VST,2025,VST-TR,2.5 가솔린,FWD,오션 블루,22,22,33369
2025-07,west,VST,2025,VST-TR,2.5 가솔린,FWD,선셋 레드,18,18,26695
2025-07,west,VST,2025,VST-TR,2.5 가솔린,FWD,포레스트 그린,11,11,16685
2025-07,west,VST,2025,VST-TR,2.5 가솔린,FWD,샌드 베이지,11,11,16685
2025-07,west,VST,2025,VST-TR,1.6T 하이브리드,AWD,스노우 화이트,34,35,52326
2025-07,west,VST,2025,VST-TR,1.6T 하이브리드,AWD,미드나잇 블랙,27,28,41424
2025-07,west,VST,2025,VST-TR,1.6T 하이브리드,AWD,스틸 그레이,23,23,34884
2025-07,west,VST,2025,VST-TR,1.6T 하이브리드,AWD,실버,19,19,28343
2025-07,west,VST,2025,VST-TR,1.6T 하이브리드,AWD,오션 블루,14,15,21802
2025-07,west,VST,2025,VST-TR,1.6T 하이브리드,AWD,선셋 레드,11,12,17442
2025-07,west,VST,2025,VST-TR,1.6T 하이브리드,AWD,포레스트 그린,7,7,10901
2025-07,west,VST,2025,VST-TR,1.6T 하이브리드,AWD,샌드 베이지,7,7,10901
2025-07,west,VST,2025,VST-TR,1.6T 하이브리드,FWD,스노우 화이트,42,43,63954
2025-07,west,VST,2025,VST-TR,1.6T 하이브리드,FWD,미드나잇 블랙,33,34,50630
2025-07,west,VST,2025,VST-TR,1.6T 하이브리드,FWD,스틸 그레이,28,29,42636
2025-07,west,VST,2025,VST-TR,1.6T 하이브리드,FWD,실버,23,23,34642
2025-07,west,VST,2025,VST-TR,1.6T 하이브리드,FWD,오션 블루,17,18,26647
2025-07,west,VST,2025,VST-TR,1.6T 하이브리드,FWD,선셋 레드,14,14,21318
2025-07,west,VST,2025,VST-TR,1.6T 하이브리드,FWD,포레스트 그린,9,9,13324
2025-07,west,VST,2025,VST-TR,1.6T 하이브리드,FWD,샌드 베이지,9,9,13324
2025-07,central,VST,2025,VST-CO,2.5 가솔린,AWD,스노우 화이트,68,70,51633
2025-07,central,VST,2025,VST-CO,2.5 가솔린,AWD,미드나잇 블랙,54,55,40876
2025-07,central,VST,2025,VST-CO,2.5 가솔린,AWD,스틸 그레이,46,46,34422
2025-07,central,VST,2025,VST-CO,2.5 가솔린,AWD,실버,37,38,27968
2025-07,central,VST,2025,VST-CO,2.5 가솔린,AWD,오션 블루,28,29,21514
2025-07,central,VST,2025,VST-CO,2.5 가솔린,AWD,선셋 레드,23,23,17211
2025-07,central,VST,2025,VST-CO,2.5 가솔린,AWD,포레스트 그린,14,15,10757
2025-07,central,VST,2025,VST-CO,2.5 가솔린,AWD,샌드 베이지,14,15,10757
2025-07,central,VST,2025,VST-CO,2.5 가솔린,FWD,스노우 화이트,64,65,48141
2025-07,central,VST,2025,VST-CO,2.5 가솔린,FWD,미드나잇 블랙,50,51,38112
2025-07,central,VST,2025,VST-CO,2.5 가솔린,FWD,스틸 그레이,42,43,32094
2025-07,central,VST,2025,VST-CO,2.5 가솔린,FWD,실버,34,35,26076
2025-07,central,VST,2025,VST-CO,2.5 가솔린,FWD,오션 블루,27,27,20059
2025-07,central,VST,2025,VST-CO,2.5 가솔린,FWD,선셋 레드,21,22,16047
2025-07,central,VST,2025,VST-CO,2.5 가솔린,FWD,포레스트 그린,13,14,10029
2025-07,central,VST,2025,VST-CO,2.5 가솔린,FWD,샌드 베이지,13,14,10029
2025-07,central,VST,2025,VST-CO,1.6T 하이브리드,AWD,스노우 화이트,55,56,41232
2025-07,central,VST,2025,VST-CO,1.6T 하이브리드,AWD,미드나잇 블랙,43,44,32642
2025-07,central,VST,2025,VST-CO,1.6T 하이브리드,AWD,스틸 그레이,36,37,27488
2025-07,central,VST,2025,VST-CO,1.6T 하이브리드,AWD,실버,30,30,22334
2025-07,central,VST,2025,VST-CO,1.6T 하이브리드,AWD,오션 블루,23,23,17180
2025-07,central,VST,2025,VST-CO,1.6T 하이브리드,AWD,선셋 레드,18,19,13744
2025-07,central,VST,2025,VST-CO,1.6T 하이브리드,AWD,포레스트 그린,11,12,8590
2025-07,central,VST,2025,VST-CO,1.6T 하이브리드,AWD,샌드 베이지,11,12,8590
2025-07,central,VST,2025,VST-CO,1.6T 하이브리드,FWD,스노우 화이트,51,52,38444
2025-07,central,VST,2025,VST-CO,1.6T 하이브리드,FWD,미드나잇 블랙,40,41,30434
2025-07,central,VST,2025,VST-CO,1.6T 하이브리드,FWD,스틸 그레이,34,35,25629
2025-07,central,VST,2025,VST-CO,1.6T 하이브리드,FWD,실버,28,28,20824
2025-07,central,VST,2025,VST-CO,1.6T 하이브리드,FWD,오션 블루,21,22,16018
2025-07,central,VST,2025,VST-CO,1.6T 하이브리드,FWD,선셋 레드,17,17,12815
2025-07,central,VST,2025,VST-CO,1.6T 하이브리드,FWD,포레스트 그린,11,11,8009
2025-07,central,VST,2025,VST-CO,1.6T 하이브리드,FWD,샌드 베이지,11,11,8009
2025-07,central,VST,2025,VST-PR,2.5 가솔린,AWD,스노우 화이트,79,81,81841
2025-07,central,VST,2025,VST-PR,2.5 가솔린,AWD,미드나잇 블랙,63,64,64791
2025-07,central,VST,2025,VST-PR,2.5 가솔린,AWD,스틸 그레이,53,54,54560
2025-07,central,VST,2025,VST-PR,2.5 가솔린,AWD,실버,43,44,44330
2025-07,central,VST,2025,VST-PR,2.5 가솔린,AWD,오션 블루,33,34,34100
2025-07,central,VST,2025,VST-PR,2.5 가솔린,AWD,선셋 레드,26,27,27280
2025-07,central,VST,2025,VST-PR,2.5 가솔린,AWD,포레스트 그린,16,17,17050
2025-07,central,VST,2025,VST-PR,2.5 가솔린,AWD,샌드 베이지,16,17,17050
2025-07,central,VST,2025,VST-PR,2.5 가솔린,FWD,스노우 화이트,74,75,76306
2025-07,central,VST,2025,VST-PR,2.5 가솔린,FWD,미드나잇 블랙,58,60,60409
2025-07,central,VST,2025,VST-PR,2.5 가솔린,FWD,스틸 그레이,49,50,50870
2025-07,central,VST,2025,VST-PR,2.5 가솔린,FWD,실버,40,41,41332
2025-07,central,VST,2025,VST-PR,2.5 가솔린,FWD,오션 블루,31,31,31794
2025-07,central,VST,2025,VST-PR,2.5 가솔린,FWD,선셋 레드,25,25,25435
2025-07,central,VST,2025,VST-PR,2.5 가솔린,FWD,포레스트 그린,15,16,15897
2025-07,central,VST,2025,VST-PR,2.5 가솔린,FWD,샌드 베이지,15,16,15897
2025-07,central,VST,2025,VST-PR,1.6T 하이브리드,AWD,스노우 화이트,63,64,65355
2025-07,central,VST,2025,VST-PR,1.6T 하이브리드,AWD,미드나잇 블랙,50,51,51739
2025-07,central,VST,2025,VST-PR,1.6T 하이브리드,AWD,스틸 그레이,42,43,43570
2025-07,central,VST,2025,VST-PR,1.6T 하이브리드,AWD,실버,34,35,35401
2025-07,central,VST,2025,VST-PR,1.6T 하이브리드,AWD,오션 블루,26,27,27231
2025-07,central,VST,2025,VST-PR,1.6T 하이브리드,AWD,선셋 레드,21,21,21785
2025-07,central,VST,2025,VST-PR,1.6T 하이브리드,AWD,포레스트 그린,13,13,13616
2025-07,central,VST,2025,VST-PR,1.6T 하이브리드,AWD,샌드 베이지,13,13,13616
2025-07,central,VST,2025,VST-PR,1.6T 하이브리드,FWD,스노우 화이트,59,60,60935
2025-07,central,VST,2025,VST-PR,1.6T 하이브리드,FWD,미드나잇 블랙,47,48,48240
2025-07,central,VST,2025,VST-PR,1.6T 하이브리드,FWD,스틸 그레이,39,40,40623
2025-07,central,VST,2025,VST-PR,1.6T 하이브리드,FWD,실버,32,33,33006
2025-07,central,VST,2025,VST-PR,1.6T 하이브리드,FWD,오션 블루,25,25,25389
2025-07,central,VST,2025,VST-PR,1.6T 하이브리드,FWD,선셋 레드,20,20,20312
2025-07,central,VST,2025,VST-PR,1.6T 하이브리드,FWD,포레스트 그린,12,13,12695
2025-07,central,VST,2025,VST-PR,1.6T 하이브리드,FWD,샌드 베이지,12,13,12695
2025-07,central,VST,2025,VST-TR,2.5 가솔린,AWD,스노우 화이트,32,33,49270
2025-07,central,VST,2025,VST-TR,2.5 가솔린,AWD,미드나잇 블랙,26,26,39005
2025-07,central,VST,2025,VST-TR,2.5 가솔린,AWD,스틸 그레이,22,22,32846
2025-07,central,VST,2025,VST-TR,2.5 가솔린,AWD,실버,18,18,26688
2025-07,central,VST,2025,VST-TR,2.5 가솔린,AWD,오션 블루,13,14,20529
2025-07,central,VST,2025,VST-TR,2.5 가솔린,AWD,선셋 레드,11,11,16423
2025-07,central,VST,2025,VST-TR,2.5 가솔린,AWD,포레스트 그린,7,7,10265
2025-07,central,VST,2025,VST-TR,2.5 가솔린,AWD,샌드 베이지,7,7,10265
2025-07,central,VST,2025,VST-TR,2.5 가솔린,FWD,스노우 화이트,30,31,45937
2025-07,central,VST,2025,VST-TR,2.5 가솔린,FWD,미드나잇 블랙,24,24,36367
2025-07,central,VST,2025,VST-TR,2.5 가솔린,FWD,스틸 그레이,20,21,30625
2025-07,central,VST,2025,VST-TR,2.5 가솔린,FWD,실버,16,17,24883
2025-07,central,VST,2025,VST-TR,2.5 가솔린,FWD,오션 블루,13,13,19141
2025-07,central,VST,2025,VST-TR,2.5 가솔린,FWD,선셋 레드,10,10,15312
2025-07,central,VST,2025,VST-TR,2.5 가솔린,FWD,포레스트 그린,6,6,9570
2025-07,central,VST,2025,VST-TR,2.5 가솔린,FWD,샌드 베이지,6,6,9570
2025-07,central,VST,2025,VST-TR,1.6T 하이브리드,AWD,스노우 화이트,26,26,39345
2025-07,central,VST,2025,VST-TR,1.6T 하이브리드,AWD,미드나잇 블랙,20,21,31148
2025-07,central,VST,2025,VST-TR,1.6T 하이브리드,AWD,스틸 그레이,17,18,26230
2025-07,central,VST,2025,VST-TR,1.6T 하이브리드,AWD,실버,14,14,21312
2025-07,central,VST,2025,VST-TR,1.6T 하이브리드,AWD,오션 블루,11,11,16394
2025-07,central,VST,2025,VST-TR,1.6T 하이브리드,AWD,선셋 레드,9,9,13115
2025-07,central,VST,2025,VST-TR,1.6T 하이브리드,AWD,포레스트 그린,5,5,8197
2025-07,central,VST,2025,VST-TR,1.6T 하이브리드,AWD,샌드 베이지,5,5,8197
2025-07,central,VST,2025,VST-TR,1.6T 하이브리드,FWD,스노우 화이트,24,25,36684
2025-07,central,VST,2025,VST-TR,1.6T 하이브리드,FWD,미드나잇 블랙,19,19,29041
2025-07,central,VST,2025,VST-TR,1.6T 하이브리드,FWD,스틸 그레이,16,16,24456
2025-07,central,VST,2025,VST-TR,1.6T 하이브리드,FWD,실버,13,13,19870
2025-07,central,VST,2025,VST-TR,1.6T 하이브리드,FWD,오션 블루,10,10,15285
2025-07,central,VST,2025,VST-TR,1.6T 하이브리드,FWD,선셋 레드,8,8,12228
2025-07,central,VST,2025,VST-TR,1.6T 하이브리드,FWD,포레스트 그린,5,5,7642
2025-07,central,VST,2025,VST-TR,1.6T 하이브리드,FWD,샌드 베이지,5,5,7642
2025-07,south,VST,2025,VST-CO,2.5 가솔린,AWD,스노우 화이트,55,56,41835
2025-07,south,VST,2025,VST-CO,2.5 가솔린,AWD,미드나잇 블랙,44,45,33119
2025-07,south,VST,2025,VST-CO,2.5 가솔린,AWD,스틸 그레이,37,38,27890
2025-07,south,VST,2025,VST-CO,2.5 가솔린,AWD,실버,30,31,22660
2025-07,south,VST,2025,VST-CO,2.5 가솔린,AWD,오션 블루,23,24,17431
2025-07,south,VST,2025,VST-CO,2.5 가솔린,AWD,선셋 레드,18,19,13945
2025-07,south,VST,2025,VST-CO,2.5 가솔린,AWD,포레스트 그린,12,12,8716
2025-07,south,VST,2025,VST-CO,2.5 가솔린,AWD,샌드 베이지,12,12,8716
2025-07,south,VST,2025,VST-CO,2.5 가솔린,FWD,스노우 화이트,115,118,87285
2025-07,south,VST,2025,VST-CO,2.5 가솔린,FWD,미드나잇 블랙,91,93,69100
2025-07,south,VST,2025,VST-CO,2.5 가솔린,FWD,스틸 그레이,77,79,58190
2025-07,south,VST,2025,VST-CO,2.5 가솔린,FWD,실버,63,64,47279
2025-07,south,VST,2025,VST-CO,2.5 가솔린,FWD,오션 블루,48,49,36369
2025-07,south,VST,2025,VST-CO,2.5 가솔린,FWD,선셋 레드,38,39,29095
2025-07,south,VST,2025,VST-CO,2.5 가솔린,FWD,포레스트 그린,24,25,18184
2025-07,south,VST,2025,VST-CO,2.5 가솔린,FWD,샌드 베이지,24,25,18184
2025-07,south,VST,2025,VST-CO,1.6T 하이브리드,AWD,스노우 화이트,44,45,33408
2025-07,south,VST,2025,VST-CO,1.6T 하이브리드,AWD,미드나잇 블랙,35,36,26448
2025-07,south,VST,2025,VST-CO,1.6T 하이브리드,AWD,스틸 그레이,29,30,22272
2025-07,south,VST,2025,VST-CO,1.6T 하이브리드,AWD,실버,24,24,18096
2025-07,south,VST,2025,VST-CO,1.6T 하이브리드,AWD,오션 블루,18,19,13920
2025-07,south,VST,2025,VST-CO,1.6T 하이브리드,AWD,선셋 레드,15,15,11136
2025-07,south,VST,2025,VST-CO,1.6T 하이브리드,AWD,포레스트 그린,9,9,6960
2025-07,south,VST,2025,VST-CO,1.6T 하이브리드,AWD,샌드 베이지,9,9,6960
2025-07,south,VST,2025,VST-CO,1.6T 하이브리드,FWD,스노우 화이트,92,94,69702
2025-07,south,VST,2025,VST-CO,1.6T 하이브리드,FWD,미드나잇 블랙,73,74,55181
2025-07,south,VST,2025,VST-CO,1.6T 하이브리드,FWD,스틸 그레이,61,63,46468
2025-07,south,VST,2025,VST-CO,1.6T 하이브리드,FWD,실버,50,51,37755
2025-07,south,VST,2025,VST-CO,1.6T 하이브리드,FWD,오션 블루,38,39,29043
2025-07,south,VST,2025,VST-CO,1.6T 하이브리드,FWD,선셋 레드,31,31,23234
2025-07,south,VST,2025,VST-CO,1.6T 하이브리드,FWD,포레스트 그린,19,20,14521
2025-07,south,VST,2025,VST-CO,1.6T 하이브리드,FWD,샌드 베이지,19,20,14521
2025-07,south,VST,2025,VST-PR,2.5 가솔린,AWD,스노우 화이트,64,65,66310
2025-07,south,VST,2025,VST-PR,2.5 가솔린,AWD,미드나잇 블랙,51,52,52495
2025-07,south,VST,2025,VST-PR,2.5 가솔린,AWD,스틸 그레이,43,44,44207
2025-07,south,VST,2025,VST-PR,2.5 가솔린,AWD,실버,35,35,35918
2025-07,south,VST,2025,VST-PR,2.5 가솔린,AWD,오션 블루,27,27,27629
2025-07,south,VST,2025,VST-PR,2.5 가솔린,AWD,선셋 레드,21,22,22103
2025-07,south,VST,2025,VST-PR,2.5 가솔린,AWD,포레스트 그린,13,14,13815
2025-07,south,VST,2025,VST-PR,2.5 가솔린,AWD,샌드 베이지,13,14,13815
2025-07,south,VST,2025,VST-PR,2.5 가솔린,FWD,스노우 화이트,134,136,138350
2025-07,south,VST,2025,VST-PR,2.5 가솔린,FWD,미드나잇 블랙,106,108,109527
2025-07,south,VST,2025,VST-PR,2.5 가솔린,FWD,스틸 그레이,89,91,92233
2025-07,south,VST,2025,VST-PR,2.5 가솔린,FWD,실버,72,74,74940
2025-07,south,VST,2025,VST-PR,2.5 가솔린,FWD,오션 블루,56,57,57646
2025-07,south,VST,2025,VST-PR,2.5 가솔린,FWD,선셋 레드,45,45,46117
2025-07,south,VST,2025,VST-PR,2.5 가솔린,FWD,포레스트 그린,28,28,28823
2025-07,south,VST,2025,VST-PR,2.5 가솔린,FWD,샌드 베이지,28,28,28823
2025-07,south,VST,2025,VST-PR,1.6T 하이브리드,AWD,스노우 화이트,51,52,52952
2025-07,south,VST,2025,VST-PR,1.6T 하이브리드,AWD,미드나잇 블랙,41,41,41921
2025-07,south,VST,2025,VST-PR,1.6T 하이브리드,AWD,스틸 그레이,34,35,35302
2025-07,south,VST,2025,VST-PR,1.6T 하이브리드,AWD,실버,28,28,28683
2025-07,south,VST,2025,VST-PR,1.6T 하이브리드,AWD,오션 블루,21,22,22064
2025-07,south,VST,2025,VST-PR,1.6T 하이브리드,AWD,선셋 레드,17,17,17651
2025-07,south,VST,2025,VST-PR,1.6T 하이브리드,AWD,포레스트 그린,11,11,11032
2025-07,south,VST,2025,VST-PR,1.6T 하이브리드,AWD,샌드 베이지,11,11,11032
2025-07,south,VST,2025,VST-PR,1.6T 하이브리드,FWD,스노우 화이트,107,109,110481
2025-07,south,VST,2025,VST-PR,1.6T 하이브리드,FWD,미드나잇 블랙,85,86,87464
2025-07,south,VST,2025,VST-PR,1.6T 하이브리드,FWD,스틸 그레이,71,73,73654
2025-07,south,VST,2025,VST-PR,1.6T 하이브리드,FWD,실버,58,59,59844
2025-07,south,VST,2025,VST-PR,1.6T 하이브리드,FWD,오션 블루,44,45,46034
2025-07,south,VST,2025,VST-PR,1.6T 하이브리드,FWD,선셋 레드,36,36,36827
2025-07,south,VST,2025,VST-PR,1.6T 하이브리드,FWD,포레스트 그린,22,23,23017
2025-07,south,VST,2025,VST-PR,1.6T 하이브리드,FWD,샌드 베이지,22,23,23017
2025-07,south,VST,2025,VST-TR,2.5 가솔린,AWD,스노우 화이트,26,27,39920
2025-07,south,VST,2025,VST-TR,2.5 가솔린,AWD,미드나잇 블랙,21,21,31603
2025-07,south,VST,2025,VST-TR,2.5 가솔린,AWD,스틸 그레이,17,18,26613
2025-07,south,VST,2025,VST-TR,2.5 가솔린,AWD,실버,14,14,21623
2025-07,south,VST,2025,VST-TR,2.5 가솔린,AWD,오션 블루,11,11,16633
2025-07,south,VST,2025,VST-TR,2.5 가솔린,AWD,선셋 레드,9,9,13307
2025-07,south,VST,2025,VST-TR,2.5 가솔린,AWD,포레스트 그린,5,6,8317
2025-07,south,VST,2025,VST-TR,2.5 가솔린,AWD,샌드 베이지,5,6,8317
2025-07,south,VST,2025,VST-TR,2.5 가솔린,FWD,스노우 화이트,55,56,83289
2025-07,south,VST,2025,VST-TR,2.5 가솔린,FWD,미드나잇 블랙,43,44,65937
2025-07,south,VST,2025,VST-TR,2.5 가솔린,FWD,스틸 그레이,36,37,55526
2025-07,south,VST,2025,VST-TR,2.5 가솔린,FWD,실버,30,30,45115
2025-07,south,VST,2025,VST-TR,2.5 가솔린,FWD,오션 블루,23,23,34704
2025-07,south,VST,2025,VST-TR,2.5 가솔린,FWD,선셋 레드,18,19,27763
2025-07,south,VST,2025,VST-TR,2.5 가솔린,FWD,포레스트 그린,11,12,17352
2025-07,south,VST,2025,VST-TR,2.5 가솔린,FWD,샌드 베이지,11,12,17352
2025-07,south,VST,2025,VST-TR,1.6T 하이브리드,AWD,스노우 화이트,21,21,31878
2025-07,south,VST,2025,VST-TR,1.6T 하이브리드,AWD,미드나잇 블랙,17,17,25237
2025-07,south,VST,2025,VST-TR,1.6T 하이브리드,AWD,스틸 그레이,14,14,21252
2025-07,south,VST,2025,VST-TR,1.6T 하이브리드,AWD,실버,11,12,17267
2025-07,south,VST,2025,VST-TR,1.6T 하이브리드,AWD,오션 블루,9,9,13283
2025-07,south,VST,2025,VST-TR,1.6T 하이브리드,AWD,선셋 레드,7,7,10626
2025-07,south,VST,2025,VST-TR,1.6T 하이브리드,AWD,포레스트 그린,4,4,6641
2025-07,south,VST,2025,VST-TR,1.6T 하이브리드,AWD,샌드 베이지,4,4,6641
2025-07,south,VST,2025,VST-TR,1.6T 하이브리드,FWD,스노우 화이트,44,45,66512
2025-07,south,VST,2025,VST-TR,1.6T 하이브리드,FWD,미드나잇 블랙,35,35,52655
2025-07,south,VST,2025,VST-TR,1.6T 하이브리드,FWD,스틸 그레이,29,30,44341
2025-07,south,VST,2025,VST-TR,1.6T 하이브리드,FWD,실버,24,24,36027
2025-07,south,VST,2025,VST-TR,1.6T 하이브리드,FWD,오션 블루,18,19,27713
2025-07,south,VST,2025,VST-TR,1.6T 하이브리드,FWD,선셋 레드,15,15,22171
2025-07,south,VST,2025,VST-TR,1.6T 하이브리드,FWD,포레스트 그린,9,9,13857
2025-07,south,VST,2025,VST-TR,1.6T 하이브리드,FWD,샌드 베이지,9,9,13857
2025-07,northeast,VST,2025,VST-CO,2.5 가솔린,AWD,스노우 화이트,77,79,58368
2025-07,northeast,VST,2025,VST-CO,2.5 가솔린,AWD,미드나잇 블랙,61,62,46208
2025-07,northeast,VST,2025,VST-CO,2.5 가솔린,AWD,스틸 그레이,51,53,38912
2025-07,northeast,VST,2025,VST-CO,2.5 가솔린,AWD,실버,42,43,31616
2025-07,northeast,VST,2025,VST-CO,2.5 가솔린,AWD,오션 블루,32,33,24320
2025-07,northeast,VST,2025,VST-CO,2.5 가솔린,AWD,선셋 레드,26,26,19456
2025-07,northeast,VST,2025,VST-CO,2.5 가솔린,AWD,포레스트 그린,16,16,12160
2025-07,northeast,VST,2025,VST-CO,2.5 가솔린,AWD,샌드 베이지,16,16,12160
2025-07,northeast,VST,2025,VST-CO,2.5 가솔린,FWD,스노우 화이트,55,56,41406
2025-07,northeast,VST,2025,VST-CO,2.5 가솔린,FWD,미드나잇 블랙,43,44,32780
2025-07,northeast,VST,2025,VST-CO,2.5 가솔린,FWD,스틸 그레이,37,37,27604
2025-07,northeast,VST,2025,VST-CO,2.5 가솔린,FWD,실버,30,30,22428
2025-07,northeast,VST,2025,VST-CO,2.5 가솔린,FWD,오션 블루,23,23,17253
2025-07,northeast,VST,2025,VST-CO,2.5 가솔린,FWD,선셋 레드,18,19,13802
2025-07,northeast,VST,2025,VST-CO,2.5 가솔린,FWD,포레스트 그린,11,12,8626
2025-07,northeast,VST,2025,VST-CO,2.5 가솔린,FWD,샌드 베이지,11,12,8626
2025-07,northeast,VST,2025,VST-CO,1.6T 하이브리드,AWD,스노우 화이트,62,63,46610
2025-07,northeast,VST,2025,VST-CO,1.6T 하이브리드,AWD,미드나잇 블랙,49,50,36900
2025-07,northeast,VST,2025,VST-CO,1.6T 하이브리드,AWD,스틸 그레이,41,42,31074
2025-07,northeast,VST,2025,VST-CO,1.6T 하이브리드,AWD,실버,33,34,25247
2025-07,northeast,VST,2025,VST-CO,1.6T 하이브리드,AWD,오션 블루,26,26,19421
2025-07,northeast,VST,2025,VST-CO,1.6T 하이브리드,AWD,선셋 레드,21,21,15537
2025-07,northeast,VST,2025,VST-CO,1.6T 하이브리드,AWD,포레스트 그린,13,13,9710
2025-07,northeast,VST,2025,VST-CO,1.6T 하이브리드,AWD,샌드 베이지,13,13,9710
2025-07,northeast,VST,2025,VST-CO,1.6T 하이브리드,FWD,스노우 화이트,44,45,33065
2025-07,northeast,VST,2025,VST-CO,1.6T 하이브리드,FWD,미드나잇 블랙,35,35,26177
2025-07,northeast,VST,2025,VST-CO,1.6T 하이브리드,FWD,스틸 그레이,29,30,22044
2025-07,northeast,VST,2025,VST-CO,1.6T 하이브리드,FWD,실버,24,24,17910
2025-07,northeast,VST,2025,VST-CO,1.6T 하이브리드,FWD,오션 블루,18,19,13777
2025-07,northeast,VST,2025,VST-CO,1.6T 하이브리드,FWD,선셋 레드,15,15,11022
2025-07,northeast,VST,2025,VST-CO,1.6T 하이브리드,FWD,포레스트 그린,9,9,6889
2025-07,northeast,VST,2025,VST-CO,1.6T 하이브리드,FWD,샌드 베이지,9,9,6889
2025-07,northeast,VST,2025,VST-PR,2.5 가솔린,AWD,스노우 화이트,89,91,92516
2025-07,northeast,VST,2025,VST-PR,2.5 가솔린,AWD,미드나잇 블랙,71,72,73242
2025-07,northeast,VST,2025,VST-PR,2.5 가솔린,AWD,스틸 그레이,60,61,61677
2025-07,northeast,VST,2025,VST-PR,2.5 가솔린,AWD,실버,48,49,50113
2025-07,northeast,VST,2025,VST-PR,2.5 가솔린,AWD,오션 블루,37,38,38548
2025-07,northeast,VST,2025,VST-PR,2.5 가솔린,AWD,선셋 레드,30,30,30839
2025-07,northeast,VST,2025,VST-PR,2.5 가솔린,AWD,포레스트 그린,19,19,19274
2025-07,northeast,VST,2025,VST-PR,2.5 가솔린,AWD,샌드 베이지,19,19,19274
2025-07,northeast,VST,2025,VST-PR,2.5 가솔린,FWD,스노우 화이트,63,65,65631
2025-07,northeast,VST,2025,VST-PR,2.5 가솔린,FWD,미드나잇 블랙,50,51,51958
2025-07,northeast,VST,2025,VST-PR,2.5 가솔린,FWD,스틸 그레이,42,43,43754
2025-07,northeast,VST,2025,VST-PR,2.5 가솔린,FWD,실버,34,35,35550
2025-07,northeast,VST,2025,VST-PR,2.5 가솔린,FWD,오션 블루,26,27,27346
2025-07,northeast,VST,2025,VST-PR,2.5 가솔린,FWD,선셋 레드,21,22,21877
2025-07,northeast,VST,2025,VST-PR,2.5 가솔린,FWD,포레스트 그린,13,13,13673
2025-07,northeast,VST,2025,VST-PR,2.5 가솔린,FWD,샌드 베이지,13,13,13673
2025-07,northeast,VST,2025,VST-PR,1.6T 하이브리드,AWD,스노우 화이트,71,73,73879
2025-07,northeast,VST,2025,VST-PR,1.6T 하이브리드,AWD,미드나잇 블랙,57,58,58488
2025-07,northeast,VST,2025,VST-PR,1.6T 하이브리드,AWD,스틸 그레이,48,49,49253
2025-07,northeast,VST,2025,VST-PR,1.6T 하이브리드,AWD,실버,39,39,40018
2025-07,northeast,VST,2025,VST-PR,1.6T 하이브리드,AWD,오션 블루,30,30,30783
2025-07,northeast,VST,2025,VST-PR,1.6T 하이브리드,AWD,선셋 레드,24,24,24626
2025-07,northeast,VST,2025,VST-PR,1.6T 하이브리드,AWD,포레스트 그린,15,15,15392
2025-07,northeast,VST,2025,VST-PR,1.6T 하이브리드,AWD,샌드 베이지,15,15,15392
2025-07,northeast,VST,2025,VST-PR,1.6T 하이브리드,FWD,스노우 화이트,51,52,52410
2025-07,northeast,VST,2025,VST-PR,1.6T 하이브리드,FWD,미드나잇 블랙,40,41,41491
2025-07,northeast,VST,2025,VST-PR,1.6T 하이브리드,FWD,스틸 그레이,34,34,34940
2025-07,northeast,VST,2025,VST-PR,1.6T 하이브리드,FWD,실버,27,28,28389
2025-07,northeast,VST,2025,VST-PR,1.6T 하이브리드,FWD,오션 블루,21,22,21838
2025-07,northeast,VST,2025,VST-PR,1.6T 하이브리드,FWD,선셋 레드,17,17,17470
2025-07,northeast,VST,2025,VST-PR,1.6T 하이브리드,FWD,포레스트 그린,11,11,10919
2025-07,northeast,VST,2025,VST-PR,1.6T 하이브리드,FWD,샌드 베이지,11,11,10919
2025-07,northeast,VST,2025,VST-TR,2.5 가솔린,AWD,스노우 화이트,37,37,55696
2025-07,northeast,VST,2025,VST-TR,2.5 가솔린,AWD,미드나잇 블랙,29,30,44093
2025-07,northeast,VST,2025,VST-TR,2.5 가솔린,AWD,스틸 그레이,24,25,37131
2025-07,northeast,VST,2025,VST-TR,2.5 가솔린,AWD,실버,20,20,30169
2025-07,northeast,VST,2025,VST-TR,2.5 가솔린,AWD,오션 블루,15,16,23207
2025-07,northeast,VST,2025,VST-TR,2.5 가솔린,AWD,선셋 레드,12,12,18565
2025-07,northeast,VST,2025,VST-TR,2.5 가솔린,AWD,포레스트 그린,8,8,11603
2025-07,northeast,VST,2025,VST-TR,2.5 가솔린,AWD,샌드 베이지,8,8,11603
2025-07,northeast,VST,2025,VST-TR,2.5 가솔린,FWD,스노우 화이트,26,26,39511
2025-07,northeast,VST,2025,VST-TR,2.5 가솔린,FWD,미드나잇 블랙,21,21,31280
2025-07,northeast,VST,2025,VST-TR,2.5 가솔린,FWD,스틸 그레이,17,18,26341
2025-07,northeast,VST,2025,VST-TR,2.5 가솔린,FWD,실버,14,14,21402
2025-07,northeast,VST,2025,VST-TR,2.5 가솔린,FWD,오션 블루,11,11,16463
2025-07,northeast,VST,2025,VST-TR,2.5 가솔린,FWD,선셋 레드,9,9,13170
2025-07,northeast,VST,2025,VST-TR,2.5 가솔린,FWD,포레스트 그린,5,6,8231
2025-07,northeast,VST,2025,VST-TR,2.5 가솔린,FWD,샌드 베이지,5,6,8231
2025-07,northeast,VST,2025,VST-TR,1.6T 하이브리드,AWD,스노우 화이트,29,30,44477
2025-07,northeast,VST,2025,VST-TR,1.6T 하이브리드,AWD,미드나잇 블랙,23,24,35211
2025-07,northeast,VST,2025,VST-TR,1.6T 하이브리드,AWD,스틸 그레이,19,20,29651
2025-07,northeast,VST,2025,VST-TR,1.6T 하이브리드,AWD,실버,16,16,24092
2025-07,northeast,VST,2025,VST-TR,1.6T 하이브리드,AWD,오션 블루,12,12,18532
2025-07,northeast,VST,2025,VST-TR,1.6T 하이브리드,AWD,선셋 레드,10,10,14826
2025-07,northeast,VST,2025,VST-TR,1.6T 하이브리드,AWD,포레스트 그린,6,6,9266
2025-07,northeast,VST,2025,VST-TR,1.6T 하이브리드,AWD,샌드 베이지,6,6,9266
2025-07,northeast,VST,2025,VST-TR,1.6T 하이브리드,FWD,스노우 화이트,21,21,31552
2025-07,northeast,VST,2025,VST-TR,1.6T 하이브리드,FWD,미드나잇 블랙,16,17,24979
2025-07,northeast,VST,2025,VST-TR,1.6T 하이브리드,FWD,스틸 그레이,14,14,21035
2025-07,northeast,VST,2025,VST-TR,1.6T 하이브리드,FWD,실버,11,11,17091
2025-07,northeast,VST,2025,VST-TR,1.6T 하이브리드,FWD,오션 블루,9,9,13147
2025-07,northeast,VST,2025,VST-TR,1.6T 하이브리드,FWD,선셋 레드,7,7,10517
2025-07,northeast,VST,2025,VST-TR,1.6T 하이브리드,FWD,포레스트 그린,4,4,6573
2025-07,northeast,VST,2025,VST-TR,1.6T 하이브리드,FWD,샌드 베이지,4,4,6573
2025-07,southeast,VST,2025,VST-CO,2.5 가솔린,AWD,스노우 화이트,53,55,40409
2025-07,southeast,VST,2025,VST-CO,2.5 가솔린,AWD,미드나잇 블랙,42,43,31990
2025-07,southeast,VST,2025,VST-CO,2.5 가솔린,AWD,스틸 그레이,36,36,26939
2025-07,southeast,VST,2025,VST-CO,2.5 가솔린,AWD,실버,29,30,21888
2025-07,southeast,VST,2025,VST-CO,2.5 가솔린,AWD,오션 블루,22,23,16837
2025-07,southeast,VST,2025,VST-CO,2.5 가솔린,AWD,선셋 레드,18,18,13470
2025-07,southeast,VST,2025,VST-CO,2.5 가솔린,AWD,포레스트 그린,11,11,8418
2025-07,southeast,VST,2025,VST-CO,2.5 가솔린,AWD,샌드 베이지,11,11,8418
2025-07,southeast,VST,2025,VST-CO,2.5 가솔린,FWD,스노우 화이트,86,88,65235
2025-07,southeast,VST,2025,VST-CO,2.5 가솔린,FWD,미드나잇 블랙,68,70,51644
2025-07,southeast,VST,2025,VST-CO,2.5 가솔린,FWD,스틸 그레이,58,59,43490
2025-07,southeast,VST,2025,VST-CO,2.5 가솔린,FWD,실버,47,48,35335
2025-07,southeast,VST,2025,VST-CO,2.5 가솔린,FWD,오션 블루,36,37,27181
2025-07,southeast,VST,2025,VST-CO,2.5 가솔린,FWD,선셋 레드,29,29,21745
2025-07,southeast,VST,2025,VST-CO,2.5 가솔린,FWD,포레스트 그린,18,18,13591
2025-07,southeast,VST,2025,VST-CO,2.5 가솔린,FWD,샌드 베이지,18,18,13591
2025-07,southeast,VST,2025,VST-CO,1.6T 하이브리드,AWD,스노우 화이트,43,44,32269
2025-07,southeast,VST,2025,VST-CO,1.6T 하이브리드,AWD,미드나잇 블랙,34,34,25546
2025-07,southeast,VST,2025,VST-CO,1.6T 하이브리드,AWD,스틸 그레이,28,29,21512
2025-07,southeast,VST,2025,VST-CO,1.6T 하이브리드,AWD,실버,23,24,17479
2025-07,southeast,VST,2025,VST-CO,1.6T 하이브리드,AWD,오션 블루,18,18,13445
2025-07,southeast,VST,2025,VST-CO,1.6T 하이브리드,AWD,선셋 레드,14,15,10756
2025-07,southeast,VST,2025,VST-CO,1.6T 하이브리드,AWD,포레스트 그린,9,9,6723
2025-07,southeast,VST,2025,VST-CO,1.6T 하이브리드,AWD,샌드 베이지,9,9,6723
2025-07,southeast,VST,2025,VST-CO,1.6T 하이브리드,FWD,스노우 화이트,69,70,52094
2025-07,southeast,VST,2025,VST-CO,1.6T 하이브리드,FWD,미드나잇 블랙,55,56,41241
2025-07,southeast,VST,2025,VST-CO,1.6T 하이브리드,FWD,스틸 그레이,46,47,34729
2025-07,southeast,VST,2025,VST-CO,1.6T 하이브리드,FWD,실버,37,38,28218
2025-07,southeast,VST,2025,VST-CO,1.6T 하이브리드,FWD,오션 블루,29,29,21706
2025-07,southeast,VST,2025,VST-CO,1.6T 하이브리드,FWD,선셋 레드,23,23,17365
2025-07,southeast,VST,2025,VST-CO,1.6T 하이브리드,FWD,포레스트 그린,14,15,10853
2025-07,southeast,VST,2025,VST-CO,1.6T 하이브리드,FWD,샌드 베이지,14,15,10853
2025-07,southeast,VST,2025,VST-PR,2.5 가솔린,AWD,스노우 화이트,62,63,64049
2025-07,southeast,VST,2025,VST-PR,2.5 가솔린,AWD,미드나잇 블랙,49,50,50706
2025-07,southeast,VST,2025,VST-PR,2.5 가솔린,AWD,스틸 그레이,41,42,42700
2025-07,southeast,VST,2025,VST-PR,2.5 가솔린,AWD,실버,34,34,34693
2025-07,southeast,VST,2025,VST-PR,2.5 가솔린,AWD,오션 블루,26,26,26687
2025-07,southeast,VST,2025,VST-PR,2.5 가솔린,AWD,선셋 레드,21,21,21350
2025-07,southeast,VST,2025,VST-PR,2.5 가솔린,AWD,포레스트 그린,13,13,13344
2025-07,southeast,VST,2025,VST-PR,2.5 가솔린,AWD,샌드 베이지,13,13,13344
2025-07,southeast,VST,2025,VST-PR,2.5 가솔린,FWD,스노우 화이트,100,102,103400
2025-07,southeast,VST,2025,VST-PR,2.5 가솔린,FWD,미드나잇 블랙,79,81,81858
2025-07,southeast,VST,2025,VST-PR,2.5 가솔린,FWD,스틸 그레이,67,68,68933
2025-07,southeast,VST,2025,VST-PR,2.5 가솔린,FWD,실버,54,55,56008
2025-07,southeast,VST,2025,VST-PR,2.5 가솔린,FWD,오션 블루,42,42,43083
2025-07,southeast,VST,2025,VST-PR,2.5 가솔린,FWD,선셋 레드,33,34,34467
2025-07,southeast,VST,2025,VST-PR,2.5 가솔린,FWD,포레스트 그린,21,21,21542
2025-07,southeast,VST,2025,VST-PR,2.5 가솔린,FWD,샌드 베이지,21,21,21542
2025-07,southeast,VST,2025,VST-PR,1.6T 하이브리드,AWD,스노우 화이트,49,50,51147
2025-07,southeast,VST,2025,VST-PR,1.6T 하이브리드,AWD,미드나잇 블랙,39,40,40492
2025-07,southeast,VST,2025,VST-PR,1.6T 하이브리드,AWD,스틸 그레이,33,34,34098
2025-07,southeast,VST,2025,VST-PR,1.6T 하이브리드,AWD,실버,27,27,27705
2025-07,southeast,VST,2025,VST-PR,1.6T 하이브리드,AWD,오션 블루,21,21,21311
2025-07,southeast,VST,2025,VST-PR,1.6T 하이브리드,AWD,선셋 레드,16,17,17049
2025-07,southeast,VST,2025,VST-PR,1.6T 하이브리드,AWD,포레스트 그린,10,11,10656
2025-07,southeast,VST,2025,VST-PR,1.6T 하이브리드,AWD,샌드 베이지,10,11,10656
2025-07,southeast,VST,2025,VST-PR,1.6T 하이브리드,FWD,스노우 화이트,80,81,82571
2025-07,southeast,VST,2025,VST-PR,1.6T 하이브리드,FWD,미드나잇 블랙,63,64,65369
2025-07,southeast,VST,2025,VST-PR,1.6T 하이브리드,FWD,스틸 그레이,53,54,55047
2025-07,southeast,VST,2025,VST-PR,1.6T 하이브리드,FWD,실버,43,44,44726
2025-07,southeast,VST,2025,VST-PR,1.6T 하이브리드,FWD,오션 블루,33,34,34405
2025-07,southeast,VST,2025,VST-PR,1.6T 하이브리드,FWD,선셋 레드,27,27,27524
2025-07,southeast,VST,2025,VST-PR,1.6T 하이브리드,FWD,포레스트 그린,17,17,17202
2025-07,southeast,VST,2025,VST-PR,1.6T 하이브리드,FWD,샌드 베이지,17,17,17202
2025-07,southeast,VST,2025,VST-TR,2.5 가솔린,AWD,스노우 화이트,25,26,38559
2025-07,southeast,VST,2025,VST-TR,2.5 가솔린,AWD,미드나잇 블랙,20,20,30526
2025-07,southeast,VST,2025,VST-TR,2.5 가솔린,AWD,스틸 그레이,17,17,25706
2025-07,southeast,VST,2025,VST-TR,2.5 가솔린,AWD,실버,14,14,20886
2025-07,southeast,VST,2025,VST-TR,2.5 가솔린,AWD,오션 블루,11,11,16066
2025-07,southeast,VST,2025,VST-TR,2.5 가솔린,AWD,선셋 레드,8,9,12853
2025-07,southeast,VST,2025,VST-TR,2.5 가솔린,AWD,포레스트 그린,5,5,8033
2025-07,southeast,VST,2025,VST-TR,2.5 가솔린,AWD,샌드 베이지,5,5,8033
2025-07,southeast,VST,2025,VST-TR,2.5 가솔린,FWD,스노우 화이트,41,42,62249
2025-07,southeast,VST,2025,VST-TR,2.5 가솔린,FWD,미드나잇 블랙,32,33,49280
2025-07,southeast,VST,2025,VST-TR,2.5 가솔린,FWD,스틸 그레이,27,28,41499
2025-07,southeast,VST,2025,VST-TR,2.5 가솔린,FWD,실버,22,23,33718
2025-07,southeast,VST,2025,VST-TR,2.5 가솔린,FWD,오션 블루,17,17,25937
2025-07,southeast,VST,2025,VST-TR,2.5 가솔린,FWD,선셋 레드,14,14,20750
2025-07,southeast,VST,2025,VST-TR,2.5 가솔린,FWD,포레스트 그린,9,9,12968
2025-07,southeast,VST,2025,VST-TR,2.5 가솔린,FWD,샌드 베이지,9,9,12968
2025-07,southeast,VST,2025,VST-TR,1.6T 하이브리드,AWD,스노우 화이트,20,21,30792
2025-07,southeast,VST,2025,VST-TR,1.6T 하이브리드,AWD,미드나잇 블랙,16,16,24377
2025-07,southeast,VST,2025,VST-TR,1.6T 하이브리드,AWD,스틸 그레이,13,14,20528
2025-07,southeast,VST,2025,VST-TR,1.6T 하이브리드,AWD,실버,11,11,16679
2025-07,southeast,VST,2025,VST-TR,1.6T 하이브리드,AWD,오션 블루,8,9,12830
2025-07,southeast,VST,2025,VST-TR,1.6T 하이브리드,AWD,선셋 레드,7,7,10264
2025-07,southeast,VST,2025,VST-TR,1.6T 하이브리드,AWD,포레스트 그린,4,4,6415
2025-07,southeast,VST,2025,VST-TR,1.6T 하이브리드,AWD,샌드 베이지,4,4,6415
2025-07,southeast,VST,2025,VST-TR,1.6T 하이브리드,FWD,스노우 화이트,33,33,49709
2025-07,southeast,VST,2025,VST-TR,1.6T 하이브리드,FWD,미드나잇 블랙,26,26,39353
2025-07,southeast,VST,2025,VST-TR,1.6T 하이브리드,FWD,스틸 그레이,22,22,33140
2025-07,southeast,VST,2025,VST-TR,1.6T 하이브리드,FWD,실버,18,18,26926
2025-07,southeast,VST,2025,VST-TR,1.6T 하이브리드,FWD,오션 블루,14,14,20712
2025-07,southeast,VST,2025,VST-TR,1.6T 하이브리드,FWD,선셋 레드,11,11,16570
2025-07,southeast,VST,2025,VST-TR,1.6T 하이브리드,FWD,포레스트 그린,7,7,10356
2025-07,southeast,VST,2025,VST-TR,1.6T 하이브리드,FWD,샌드 베이지,7,7,10356
2025-07,west,AUR,2025,AUR-AI,스탠다드 레인지,AWD,스노우 화이트,29,30,15375
2025-07,west,AUR,2025,AUR-AI,스탠다드 레인지,AWD,미드나잇 블랙,23,24,12172
2025-07,west,AUR,2025,AUR-AI,스탠다드 레인지,AWD,스틸 그레이,20,20,10250
2025-07,west,AUR,2025,AUR-AI,스탠다드 레인지,AWD,실버,16,16,8328
2025-07,west,AUR,2025,AUR-AI,스탠다드 레인지,AWD,오션 블루,12,12,6406
2025-07,west,AUR,2025,AUR-AI,스탠다드 레인지,AWD,선셋 레드,10,10,5125
2025-07,west,AUR,2025,AUR-AI,스탠다드 레인지,AWD,포레스트 그린,6,6,3203
2025-07,west,AUR,2025,AUR-AI,스탠다드 레인지,AWD,샌드 베이지,6,6,3203
2025-07,west,AUR,2025,AUR-AI,스탠다드 레인지,FWD,스노우 화이트,24,25,12580
2025-07,west,AUR,2025,AUR-AI,스탠다드 레인지,FWD,미드나잇 블랙,19,19,9959
2025-07,west,AUR,2025,AUR-AI,스탠다드 레인지,FWD,스틸 그레이,16,16,8387
2025-07,west,AUR,2025,AUR-AI,스탠다드 레인지,FWD,실버,13,13,6814
2025-07,west,AUR,2025,AUR-AI,스탠다드 레인지,FWD,오션 블루,10,10,5242
2025-07,west,AUR,2025,AUR-AI,스탠다드 레인지,FWD,선셋 레드,8,8,4193
2025-07,west,AUR,2025,AUR-AI,스탠다드 레인지,FWD,포레스트 그린,5,5,2621
2025-07,west,AUR,2025,AUR-AI,스탠다드 레인지,FWD,샌드 베이지,5,5,2621
2025-07,west,AUR,2025,AUR-AI,롱레인지,AWD,스노우 화이트,55,56,28807
2025-07,west,AUR,2025,AUR-AI,롱레인지,AWD,미드나잇 블랙,44,44,22805
2025-07,west,AUR,2025,AUR-AI,롱레인지,AWD,스틸 그레이,37,37,19205
2025-07,west,AUR,2025,AUR-AI,롱레인지,AWD,실버,30,30,15604
2025-07,west,AUR,2025,AUR-AI,롱레인지,AWD,오션 블루,23,23,12003
2025-07,west,AUR,2025,AUR-AI,롱레인지,AWD,선셋 레드,18,19,9602
2025-07,west,AUR,2025,AUR-AI,롱레인지,AWD,포레스트 그린,11,12,6001
2025-07,west,AUR,2025,AUR-AI,롱레인지,AWD,샌드 베이지,11,12,6001
2025-07,west,AUR,2025,AUR-AI,롱레인지,FWD,스노우 화이트,45,46,23569
2025-07,west,AUR,2025,AUR-AI,롱레인지,FWD,미드나잇 블랙,36,36,18659
2025-07,west,AUR,2025,AUR-AI,롱레인지,FWD,스틸 그레이,30,31,15713
2025-07,west,AUR,2025,AUR-AI,롱레인지,FWD,실버,24,25,12767
2025-07,west,AUR,2025,AUR-AI,롱레인지,FWD,오션 블루,19,19,9821
2025-07,west,AUR,2025,AUR-AI,롱레인지,FWD,선셋 레드,15,15,7856
2025-07,west,AUR,2025,AUR-AI,롱레인지,FWD,포레스트 그린,9,10,4910
2025-07,west,AUR,2025,AUR-AI,롱레인지,FWD,샌드 베이지,9,10,4910
2025-07,west,AUR,2025,AUR-RA,스탠다드 레인지,AWD,스노우 화이트,34,35,26462
2025-07,west,AUR,2025,AUR-RA,스탠다드 레인지,AWD,미드나잇 블랙,27,27,20949
2025-07,west,AUR,2025,AUR-RA,스탠다드 레인지,AWD,스틸 그레이,23,23,17641
2025-07,west,AUR,2025,AUR-RA,스탠다드 레인지,AWD,실버,18,19,14333
2025-07,west,AUR,2025,AUR-RA,스탠다드 레인지,AWD,오션 블루,14,14,11026
2025-07,west,AUR,2025,AUR-RA,스탠다드 레인지,AWD,선셋 레드,11,12,8821
2025-07,west,AUR,2025,AUR-RA,스탠다드 레인지,AWD,포레스트 그린,7,7,5513
2025-07,west,AUR,2025,AUR-RA,스탠다드 레인지,AWD,샌드 베이지,7,7,5513
2025-07,west,AUR,2025,AUR-RA,스탠다드 레인지,FWD,스노우 화이트,28,28,21650
2025-07,west,AUR,2025,AUR-RA,스탠다드 레인지,FWD,미드나잇 블랙,22,22,17140
2025-07,west,AUR,2025,AUR-RA,스탠다드 레인지,FWD,스틸 그레이,19,19,14434
2025-07,west,AUR,2025,AUR-RA,스탠다드 레인지,FWD,실버,15,15,11727
2025-07,west,AUR,2025,AUR-RA,스탠다드 레인지,FWD,오션 블루,12,12,9021
2025-07,west,AUR,2025,AUR-RA,스탠다드 레인지,FWD,선셋 레드,9,9,7217
2025-07,west,AUR,2025,AUR-RA,스탠다드 레인지,FWD,포레스트 그린,6,6,4511
2025-07,west,AUR,2025,AUR-RA,스탠다드 레인지,FWD,샌드 베이지,6,6,4511
2025-07,west,AUR,2025,AUR-RA,롱레인지,AWD,스노우 화이트,64,65,49578
2025-07,west,AUR,2025,AUR-RA,롱레인지,AWD,미드나잇 블랙,51,52,39249
2025-07,west,AUR,2025,AUR-RA,롱레인지,AWD,스틸 그레이,43,43,33052
2025-07,west,AUR,2025,AUR-RA,롱레인지,AWD,실버,35,35,26855
2025-07,west,AUR,2025,AUR-RA,롱레인지,AWD,오션 블루,27,27,20657
2025-07,west,AUR,2025,AUR-RA,롱레인지,AWD,선셋 레드,21,22,16526
2025-07,west,AUR,2025,AUR-RA,롱레인지,AWD,포레스트 그린,13,14,10329
2025-07,west,AUR,2025,AUR-RA,롱레인지,AWD,샌드 베이지,13,14,10329
2025-07,west,AUR,2025,AUR-RA,롱레인지,FWD,스노우 화이트,52,53,40563
2025-07,west,AUR,2025,AUR-RA,롱레인지,FWD,미드나잇 블랙,41,42,32113
2025-07,west,AUR,2025,AUR-RA,롱레인지,FWD,스틸 그레이,35,35,27042
2025-07,west,AUR,2025,AUR-RA,롱레인지,FWD,실버,28,29,21972
2025-07,west,AUR,2025,AUR-RA,롱레인지,FWD,오션 블루,22,22,16901
2025-07,west,AUR,2025,AUR-RA,롱레인지,FWD,선셋 레드,17,18,13521
2025-07,west,AUR,2025,AUR-RA,롱레인지,FWD,포레스트 그린,11,11,8451
2025-07,west,AUR,2025,AUR-RA,롱레인지,FWD,샌드 베이지,11,11,8451
2025-07,west,AUR,2025,AUR-MA,스탠다드 레인지,AWD,스노우 화이트,14,14,17024
2025-07,west,AUR,2025,AUR-MA,스탠다드 레인지,AWD,미드나잇 블랙,11,11,13477
2025-07,west,AUR,2025,AUR-MA,스탠다드 레인지,AWD,스틸 그레이,9,9,11349
2025-07,west,AUR,2025,AUR-MA,스탠다드 레인지,AWD,실버,8,8,9221
2025-07,west,AUR,2025,AUR-MA,스탠다드 레인지,AWD,오션 블루,6,6,7093
2025-07,west,AUR,2025,AUR-MA,스탠다드 레인지,AWD,선셋 레드,5,5,5675
2025-07,west,AUR,2025,AUR-MA,스탠다드 레인지,AWD,포레스트 그린,3,3,3547
2025-07,west,AUR,2025,AUR-MA,스탠다드 레인지,AWD,샌드 베이지,3,3,3547
2025-07,west,AUR,2025,AUR-MA,스탠다드 레인지,FWD,스노우 화이트,11,12,13929
2025-07,west,AUR,2025,AUR-MA,스탠다드 레인지,FWD,미드나잇 블랙,9,9,11027
2025-07,west,AUR,2025,AUR-MA,스탠다드 레인지,FWD,스틸 그레이,8,8,9286
2025-07,west,AUR,2025,AUR-MA,스탠다드 레인지,FWD,실버,6,6,7545
2025-07,west,AUR,2025,AUR-MA,스탠다드 레인지,FWD,오션 블루,5,5,5804
2025-07,west,AUR,2025,AUR-MA,스탠다드 레인지,FWD,선셋 레드,4,4,4643
2025-07,west,AUR,2025,AUR-MA,스탠다드 레인지,FWD,포레스트 그린,2,2,2902
2025-07,west,AUR,2025,AUR-MA,스탠다드 레인지,FWD,샌드 베이지,2,2,2902
2025-07,west,AUR,2025,AUR-MA,롱레인지,AWD,스노우 화이트,26,27,31895
2025-07,west,AUR,2025,AUR-MA,롱레인지,AWD,미드나잇 블랙,21,21,25251
2025-07,west,AUR,2025,AUR-MA,롱레인지,AWD,스틸 그레이,17,18,21264
2025-07,west,AUR,2025,AUR-MA,롱레인지,AWD,실버,14,14,17277
2025-07,west,AUR,2025,AUR-MA,롱레인지,AWD,오션 블루,11,11,13290
2025-07,west,AUR,2025,AUR-MA,롱레인지,AWD,선셋 레드,9,9,10632
2025-07,west,AUR,2025,AUR-MA,롱레인지,AWD,포레스트 그린,5,6,6645
2025-07,west,AUR,2025,AUR-MA,롱레인지,AWD,샌드 베이지,5,6,6645
2025-07,west,AUR,2025,AUR-MA,롱레인지,FWD,스노우 화이트,21,22,26096
2025-07,west,AUR,2025,AUR-MA,롱레인지,FWD,미드나잇 블랙,17,17,20660
2025-07,west,AUR,2025,AUR-MA,롱레인지,FWD,스틸 그레이,14,15,17397
2025-07,west,AUR,2025,AUR-MA,롱레인지,FWD,실버,12,12,14135
2025-07,west,AUR,2025,AUR-MA,롱레인지,FWD,오션 블루,9,9,10873
2025-07,west,AUR,2025,AUR-MA,롱레인지,FWD,선셋 레드,7,7,8699
2025-07,west,AUR,2025,AUR-MA,롱레인지,FWD,포레스트 그린,4,5,5437
2025-07,west,AUR,2025,AUR-MA,롱레인지,FWD,샌드 베이지,4,5,5437
2025-07,central,AUR,2025,AUR-AI,스탠다드 레인지,AWD,스노우 화이트,12,13,6423
2025-07,central,AUR,2025,AUR-AI,스탠다드 레인지,AWD,미드나잇 블랙,10,10,5085
2025-07,central,AUR,2025,AUR-AI,스탠다드 레인지,AWD,스틸 그레이,8,8,4282
2025-07,central,AUR,2025,AUR-AI,스탠다드 레인지,AWD,실버,7,7,3479
2025-07,central,AUR,2025,AUR-AI,스탠다드 레인지,AWD,오션 블루,5,5,2676
2025-07,central,AUR,2025,AUR-AI,스탠다드 레인지,AWD,선셋 레드,4,4,2141
2025-07,central,AUR,2025,AUR-AI,스탠다드 레인지,AWD,포레스트 그린,3,3,1338
2025-07,central,AUR,2025,AUR-AI,스탠다드 레인지,AWD,샌드 베이지,3,3,1338
2025-07,central,AUR,2025,AUR-AI,스탠다드 레인지,FWD,스노우 화이트,7,7,3732
2025-07,central,AUR,2025,AUR-AI,스탠다드 레인지,FWD,미드나잇 블랙,6,6,2954
2025-07,central,AUR,2025,AUR-AI,스탠다드 레인지,FWD,스틸 그레이,5,5,2488
2025-07,central,AUR,2025,AUR-AI,스탠다드 레인지,FWD,실버,4,4,2021
2025-07,central,AUR,2025,AUR-AI,스탠다드 레인지,FWD,오션 블루,3,3,1555
2025-07,central,AUR,2025,AUR-AI,스탠다드 레인지,FWD,선셋 레드,2,2,1244
2025-07,central,AUR,2025,AUR-AI,스탠다드 레인지,FWD,포레스트 그린,1,2,777
2025-07,central,AUR,2025,AUR-AI,스탠다드 레인지,FWD,샌드 베이지,1,2,777
2025-07,central,AUR,2025,AUR-AI,롱레인지,AWD,스노우 화이트,23,23,12034
2025-07,central,AUR,2025,AUR-AI,롱레인지,AWD,미드나잇 블랙,18,19,9527
2025-07,central,AUR,2025,AUR-AI,롱레인지,AWD,스틸 그레이,15,16,8022
2025-07,central,AUR,2025,AUR-AI,롱레인지,AWD,실버,12,13,6518
2025-07,central,AUR,2025,AUR-AI,롱레인지,AWD,오션 블루,10,10,5014
2025-07,central,AUR,2025,AUR-AI,롱레인지,AWD,선셋 레드,8,8,4011
2025-07,central,AUR,2025,AUR-AI,롱레인지,AWD,포레스트 그린,5,5,2507
2025-07,central,AUR,2025,AUR-AI,롱레인지,AWD,샌드 베이지,5,5,2507
2025-07,central,AUR,2025,AUR-AI,롱레인지,FWD,스노우 화이트,13,14,6992
2025-07,central,AUR,2025,AUR-AI,롱레인지,FWD,미드나잇 블랙,11,11,5535
2025-07,central,AUR,2025,AUR-AI,롱레인지,FWD,스틸 그레이,9,9,4661
2025-07,central,AUR,2025,AUR-AI,롱레인지,FWD,실버,7,7,3787
2025-07,central,AUR,2025,AUR-AI,롱레인지,FWD,오션 블루,6,6,2913
2025-07,central,AUR,2025,AUR-AI,롱레인지,FWD,선셋 레드,4,5,2331
2025-07,central,AUR,2025,AUR-AI,롱레인지,FWD,포레스트 그린,3,3,1457
2025-07,central,AUR,2025,AUR-AI,롱레인지,FWD,샌드 베이지,3,3,1457
2025-07,central,AUR,2025,AUR-RA,스탠다드 레인지,AWD,스노우 화이트,14,15,11054
2025-07,central,AUR,2025,AUR-RA,스탠다드 레인지,AWD,미드나잇 블랙,11,11,8751
2025-07,central,AUR,2025,AUR-RA,스탠다드 레인지,AWD,스틸 그레이,9,10,7369
2025-07,central,AUR,2025,AUR-RA,스탠다드 레인지,AWD,실버,8,8,5988
2025-07,central,AUR,2025,AUR-RA,스탠다드 레인지,AWD,오션 블루,6,6,4606
2025-07,central,AUR,2025,AUR-RA,스탠다드 레인지,AWD,선셋 레드,5,5,3685
2025-07,central,AUR,2025,AUR-RA,스탠다드 레인지,AWD,포레스트 그린,3,3,2303
2025-07,central,AUR,2025,AUR-RA,스탠다드 레인지,AWD,샌드 베이지,3,3,2303
2025-07,central,AUR,2025,AUR-RA,스탠다드 레인지,FWD,스노우 화이트,8,8,6423
2025-07,central,AUR,2025,AUR-RA,스탠다드 레인지,FWD,미드나잇 블랙,7,7,5085
2025-07,central,AUR,2025,AUR-RA,스탠다드 레인지,FWD,스틸 그레이,6,6,4282
2025-07,central,AUR,2025,AUR-RA,스탠다드 레인지,FWD,실버,4,5,3479
2025-07,central,AUR,2025,AUR-RA,스탠다드 레인지,FWD,오션 블루,3,4,2676
2025-07,central,AUR,2025,AUR-RA,스탠다드 레인지,FWD,선셋 레드,3,3,2141
2025-07,central,AUR,2025,AUR-RA,스탠다드 레인지,FWD,포레스트 그린,2,2,1338
2025-07,central,AUR,2025,AUR-RA,스탠다드 레인지,FWD,샌드 베이지,2,2,1338
2025-07,central,AUR,2025,AUR-RA,롱레인지,AWD,스노우 화이트,27,27,20710
2025-07,central,AUR,2025,AUR-RA,롱레인지,AWD,미드나잇 블랙,21,22,16396
2025-07,central,AUR,2025,AUR-RA,롱레인지,AWD,스틸 그레이,18,18,13807
2025-07,central,AUR,2025,AUR-RA,롱레인지,AWD,실버,14,15,11218
2025-07,central,AUR,2025,AUR-RA,롱레인지,AWD,오션 블루,11,11,8629
2025-07,central,AUR,2025,AUR-RA,롱레인지,AWD,선셋 레드,9,9,6903
2025-07,central,AUR,2025,AUR-RA,롱레인지,AWD,포레스트 그린,6,6,4315
2025-07,central,AUR,2025,AUR-RA,롱레인지,AWD,샌드 베이지,6,6,4315
2025-07,central,AUR,2025,AUR-RA,롱레인지,FWD,스노우 화이트,15,16,12033
2025-07,central,AUR,2025,AUR-RA,롱레인지,FWD,미드나잇 블랙,12,13,9526
2025-07,central,AUR,2025,AUR-RA,롱레인지,FWD,스틸 그레이,10,11,8022
2025-07,central,AUR,2025,AUR-RA,롱레인지,FWD,실버,8,9,6518
2025-07,central,AUR,2025,AUR-RA,롱레인지,FWD,오션 블루,6,7,5014
2025-07,central,AUR,2025,AUR-RA,롱레인지,FWD,선셋 레드,5,5,4011
2025-07,central,AUR,2025,AUR-RA,롱레인지,FWD,포레스트 그린,3,3,2507
2025-07,central,AUR,2025,AUR-RA,롱레인지,FWD,샌드 베이지,3,3,2507
2025-07,central,AUR,2025,AUR-MA,스탠다드 레인지,AWD,스노우 화이트,6,6,7111
2025-07,central,AUR,2025,AUR-MA,스탠다드 레인지,AWD,미드나잇 블랙,5,5,5630
2025-07,central,AUR,2025,AUR-MA,스탠다드 레인지,AWD,스틸 그레이,4,4,4741
2025-07,central,AUR,2025,AUR-MA,스탠다드 레인지,AWD,실버,3,3,3852
2025-07,central,AUR,2025,AUR-MA,스탠다드 레인지,AWD,오션 블루,2,2,2963
2025-07,central,AUR,2025,AUR-MA,스탠다드 레인지,AWD,선셋 레드,2,2,2370
2025-07,central,AUR,2025,AUR-MA,스탠다드 레인지,AWD,포레스트 그린,1,1,1482
2025-07,central,AUR,2025,AUR-MA,스탠다드 레인지,AWD,샌드 베이지,1,1,1482
2025-07,central,AUR,2025,AUR-MA,스탠다드 레인지,FWD,스노우 화이트,3,3,4132
2025-07,central,AUR,2025,AUR-MA,스탠다드 레인지,FWD,미드나잇 블랙,3,3,3271
2025-07,central,AUR,2025,AUR-MA,스탠다드 레인지,FWD,스틸 그레이,2,2,2755
2025-07,central,AUR,2025,AUR-MA,스탠다드 레인지,FWD,실버,2,2,2238
2025-07,central,AUR,2025,AUR-MA,스탠다드 레인지,FWD,오션 블루,1,1,1722
2025-07,central,AUR,2025,AUR-MA,스탠다드 레인지,FWD,선셋 레드,1,1,1377
2025-07,central,AUR,2025,AUR-MA,스탠다드 레인지,FWD,포레스트 그린,1,1,861
2025-07,central,AUR,2025,AUR-MA,스탠다드 레인지,FWD,샌드 베이지,1,1,861
2025-07,central,AUR,2025,AUR-MA,롱레인지,AWD,스노우 화이트,11,11,13324
2025-07,central,AUR,2025,AUR-MA,롱레인지,AWD,미드나잇 블랙,9,9,10548
2025-07,central,AUR,2025,AUR-MA,롱레인지,AWD,스틸 그레이,7,7,8883
2025-07,central,AUR,2025,AUR-MA,롱레인지,AWD,실버,6,6,7217
2025-07,central,AUR,2025,AUR-MA,롱레인지,AWD,오션 블루,5,5,5552
2025-07,central,AUR,2025,AUR-MA,롱레인지,AWD,선셋 레드,4,4,4441
2025-07,central,AUR,2025,AUR-MA,롱레인지,AWD,포레스트 그린,2,2,2776
2025-07,central,AUR,2025,AUR-MA,롱레인지,AWD,샌드 베이지,2,2,2776
2025-07,central,AUR,2025,AUR-MA,롱레인지,FWD,스노우 화이트,6,6,7742
2025-07,central,AUR,2025,AUR-MA,롱레인지,FWD,미드나잇 블랙,5,5,6129
2025-07,central,AUR,2025,AUR-MA,롱레인지,FWD,스틸 그레이,4,4,5161
2025-07,central,AUR,2025,AUR-MA,롱레인지,FWD,실버,3,3,4193
2025-07,central,AUR,2025,AUR-MA,롱레인지,FWD,오션 블루,3,3,3226
2025-07,central,AUR,2025,AUR-MA,롱레인지,FWD,선셋 레드,2,2,2581
2025-07,central,AUR,2025,AUR-MA,롱레인지,FWD,포레스트 그린,1,1,1613
2025-07,central,AUR,2025,AUR-MA,롱레인지,FWD,샌드 베이지,1,1,1613
2025-07,south,AUR,2025,AUR-AI,스탠다드 레인지,AWD,스노우 화이트,10,10,5204
2025-07,south,AUR,2025,AUR-AI,스탠다드 레인지,AWD,미드나잇 블랙,8,8,4120
2025-07,south,AUR,2025,AUR-AI,스탠다드 레인지,AWD,스틸 그레이,7,7,3469
2025-07,south,AUR,2025,AUR-AI,스탠다드 레인지,AWD,실버,5,5,2819
2025-07,south,AUR,2025,AUR-AI,스탠다드 레인지,AWD,오션 블루,4,4,2168
2025-07,south,AUR,2025,AUR-AI,스탠다드 레인지,AWD,선셋 레드,3,3,1735
2025-07,south,AUR,2025,AUR-AI,스탠다드 레인지,AWD,포레스트 그린,2,2,1084
2025-07,south,AUR,2025,AUR-AI,스탠다드 레인지,AWD,샌드 베이지,2,2,1084
2025-07,south,AUR,2025,AUR-AI,스탠다드 레인지,FWD,스노우 화이트,15,15,7937
2025-07,south,AUR,2025,AUR-AI,스탠다드 레인지,FWD,미드나잇 블랙,12,12,6284
2025-07,south,AUR,2025,AUR-AI,스탠다드 레인지,FWD,스틸 그레이,10,10,5292
2025-07,south,AUR,2025,AUR-AI,스탠다드 레인지,FWD,실버,8,8,4299
2025-07,south,AUR,2025,AUR-AI,스탠다드 레인지,FWD,오션 블루,6,6,3307
2025-07,south,AUR,2025,AUR-AI,스탠다드 레인지,FWD,선셋 레드,5,5,2646
2025-07,south,AUR,2025,AUR-AI,스탠다드 레인지,FWD,포레스트 그린,3,3,1654
2025-07,south,AUR,2025,AUR-AI,스탠다드 레인지,FWD,샌드 베이지,3,3,1654
2025-07,south,AUR,2025,AUR-AI,롱레인지,AWD,스노우 화이트,19,19,9750
2025-07,south,AUR,2025,AUR-AI,롱레인지,AWD,미드나잇 블랙,15,15,7719
2025-07,south,AUR,2025,AUR-AI,롱레인지,AWD,스틸 그레이,12,13,6500
2025-07,south,AUR,2025,AUR-AI,롱레인지,AWD,실버,10,10,5281
2025-07,south,AUR,2025,AUR-AI,롱레인지,AWD,오션 블루,8,8,4063
2025-07,south,AUR,2025,AUR-AI,롱레인지,AWD,선셋 레드,6,6,3250
2025-07,south,AUR,2025,AUR-AI,롱레인지,AWD,포레스트 그린,4,4,2031
2025-07,south,AUR,2025,AUR-AI,롱레인지,AWD,샌드 베이지,4,4,2031
2025-07,south,AUR,2025,AUR-AI,롱레인지,FWD,스노우 화이트,28,29,14871
2025-07,south,AUR,2025,AUR-AI,롱레인지,FWD,미드나잇 블랙,23,23,11773
2025-07,south,AUR,2025,AUR-AI,롱레인지,FWD,스틸 그레이,19,19,9914
2025-07,south,AUR,2025,AUR-AI,롱레인지,FWD,실버,15,16,8055
2025-07,south,AUR,2025,AUR-AI,롱레인지,FWD,오션 블루,12,12,6196
2025-07,south,AUR,2025,AUR-AI,롱레인지,FWD,선셋 레드,9,10,4957
2025-07,south,AUR,2025,AUR-AI,롱레인지,FWD,포레스트 그린,6,6,3098
2025-07,south,AUR,2025,AUR-AI,롱레인지,FWD,샌드 베이지,6,6,3098
2025-07,south,AUR,2025,AUR-RA,스탠다드 레인지,AWD,스노우 화이트,12,12,8956
2025-07,south,AUR,2025,AUR-RA,스탠다드 레인지,AWD,미드나잇 블랙,9,9,7090
2025-07,south,AUR,2025,AUR-RA,스탠다드 레인지,AWD,스틸 그레이,8,8,5971
2025-07,south,AUR,2025,AUR-RA,스탠다드 레인지,AWD,실버,6,6,4851
2025-07,south,AUR,2025,AUR-RA,스탠다드 레인지,AWD,오션 블루,5,5,3732
2025-07,south,AUR,2025,AUR-RA,스탠다드 레인지,AWD,선셋 레드,4,4,2985
2025-07,south,AUR,2025,AUR-RA,스탠다드 레인지,AWD,포레스트 그린,2,2,1866
2025-07,south,AUR,2025,AUR-RA,스탠다드 레인지,AWD,샌드 베이지,2,2,1866
2025-07,south,AUR,2025,AUR-RA,스탠다드 레인지,FWD,스노우 화이트,18,18,13661
2025-07,south,AUR,2025,AUR-RA,스탠다드 레인지,FWD,미드나잇 블랙,14,14,10815
2025-07,south,AUR,2025,AUR-RA,스탠다드 레인지,FWD,스틸 그레이,12,12,9107
2025-07,south,AUR,2025,AUR-RA,스탠다드 레인지,FWD,실버,10,10,7399
2025-07,south,AUR,2025,AUR-RA,스탠다드 레인지,FWD,오션 블루,7,7,5692
2025-07,south,AUR,2025,AUR-RA,스탠다드 레인지,FWD,선셋 레드,6,6,4554
2025-07,south,AUR,2025,AUR-RA,스탠다드 레인지,FWD,포레스트 그린,4,4,2846
2025-07,south,AUR,2025,AUR-RA,스탠다드 레인지,FWD,샌드 베이지,4,4,2846
2025-07,south,AUR,2025,AUR-RA,롱레인지,AWD,스노우 화이트,22,22,16780
2025-07,south,AUR,2025,AUR-RA,롱레인지,AWD,미드나잇 블랙,17,17,13284
2025-07,south,AUR,2025,AUR-RA,롱레인지,AWD,스틸 그레이,14,15,11187
2025-07,south,AUR,2025,AUR-RA,롱레인지,AWD,실버,12,12,9089
2025-07,south,AUR,2025,AUR-RA,롱레인지,AWD,오션 블루,9,9,6992
2025-07,south,AUR,2025,AUR-RA,롱레인지,AWD,선셋 레드,7,7,5593
2025-07,south,AUR,2025,AUR-RA,롱레인지,AWD,포레스트 그린,4,5,3496
2025-07,south,AUR,2025,AUR-RA,롱레인지,AWD,샌드 베이지,4,5,3496
2025-07,south,AUR,2025,AUR-RA,롱레인지,FWD,스노우 화이트,33,34,25594
2025-07,south,AUR,2025,AUR-RA,롱레인지,FWD,미드나잇 블랙,26,27,20262
2025-07,south,AUR,2025,AUR-RA,롱레인지,FWD,스틸 그레이,22,22,17063
2025-07,south,AUR,2025,AUR-RA,롱레인지,FWD,실버,18,18,13863
2025-07,south,AUR,2025,AUR-RA,롱레인지,FWD,오션 블루,14,14,10664
2025-07,south,AUR,2025,AUR-RA,롱레인지,FWD,선셋 레드,11,11,8531
2025-07,south,AUR,2025,AUR-RA,롱레인지,FWD,포레스트 그린,7,7,5332
2025-07,south,AUR,2025,AUR-RA,롱레인지,FWD,샌드 베이지,7,7,5332
2025-07,south,AUR,2025,AUR-MA,스탠다드 레인지,AWD,스노우 화이트,5,5,5762
2025-07,south,AUR,2025,AUR-MA,스탠다드 레인지,AWD,미드나잇 블랙,4,4,4562
2025-07,south,AUR,2025,AUR-MA,스탠다드 레인지,AWD,스틸 그레이,3,3,3841
2025-07,south,AUR,2025,AUR-MA,스탠다드 레인지,AWD,실버,3,3,3121
2025-07,south,AUR,2025,AUR-MA,스탠다드 레인지,AWD,오션 블루,2,2,2401
2025-07,south,AUR,2025,AUR-MA,스탠다드 레인지,AWD,선셋 레드,2,2,1921
2025-07,south,AUR,2025,AUR-MA,스탠다드 레인지,AWD,포레스트 그린,1,1,1200
2025-07,south,AUR,2025,AUR-MA,스탠다드 레인지,AWD,샌드 베이지,1,1,1200
2025-07,south,AUR,2025,AUR-MA,스탠다드 레인지,FWD,스노우 화이트,7,7,8788
2025-07,south,AUR,2025,AUR-MA,스탠다드 레인지,FWD,미드나잇 블랙,6,6,6958
2025-07,south,AUR,2025,AUR-MA,스탠다드 레인지,FWD,스틸 그레이,5,5,5859
2025-07,south,AUR,2025,AUR-MA,스탠다드 레인지,FWD,실버,4,4,4760
2025-07,south,AUR,2025,AUR-MA,스탠다드 레인지,FWD,오션 블루,3,3,3662
2025-07,south,AUR,2025,AUR-MA,스탠다드 레인지,FWD,선셋 레드,2,2,2929
2025-07,south,AUR,2025,AUR-MA,스탠다드 레인지,FWD,포레스트 그린,1,2,1831
2025-07,south,AUR,2025,AUR-MA,스탠다드 레인지,FWD,샌드 베이지,1,2,1831
2025-07,south,AUR,2025,AUR-MA,롱레인지,AWD,스노우 화이트,9,9,10795
2025-07,south,AUR,2025,AUR-MA,롱레인지,AWD,미드나잇 블랙,7,7,8546
2025-07,south,AUR,2025,AUR-MA,롱레인지,AWD,스틸 그레이,6,6,7197
2025-07,south,AUR,2025,AUR-MA,롱레인지,AWD,실버,5,5,5847
2025-07,south,AUR,2025,AUR-MA,롱레인지,AWD,오션 블루,4,4,4498
2025-07,south,AUR,2025,AUR-MA,롱레인지,AWD,선셋 레드,3,3,3598
2025-07,south,AUR,2025,AUR-MA,롱레인지,AWD,포레스트 그린,2,2,2249
2025-07,south,AUR,2025,AUR-MA,롱레인지,AWD,샌드 베이지,2,2,2249
2025-07,south,AUR,2025,AUR-MA,롱레인지,FWD,스노우 화이트,13,14,16466
2025-07,south,AUR,2025,AUR-MA,롱레인지,FWD,미드나잇 블랙,11,11,13035
2025-07,south,AUR,2025,AUR-MA,롱레인지,FWD,스틸 그레이,9,9,10977
2025-07,south,AUR,2025,AUR-MA,롱레인지,FWD,실버,7,7,8919
2025-07,south,AUR,2025,AUR-MA,롱레인지,FWD,오션 블루,6,6,6861
2025-07,south,AUR,2025,AUR-MA,롱레인지,FWD,선셋 레드,4,5,5489
2025-07,south,AUR,2025,AUR-MA,롱레인지,FWD,포레스트 그린,3,3,3430
2025-07,south,AUR,2025,AUR-MA,롱레인지,FWD,샌드 베이지,3,3,3430
2025-07,northeast,AUR,2025,AUR-AI,스탠다드 레인지,AWD,스노우 화이트,25,25,13069
2025-07,northeast,AUR,2025,AUR-AI,스탠다드 레인지,AWD,미드나잇 블랙,20,20,10346
2025-07,northeast,AUR,2025,AUR-AI,스탠다드 레인지,AWD,스틸 그레이,17,17,8713
2025-07,northeast,AUR,2025,AUR-AI,스탠다드 레인지,AWD,실버,14,14,7079
2025-07,northeast,AUR,2025,AUR-AI,스탠다드 레인지,AWD,오션 블루,10,11,5445
2025-07,northeast,AUR,2025,AUR-AI,스탠다드 레인지,AWD,선셋 레드,8,8,4356
2025-07,northeast,AUR,2025,AUR-AI,스탠다드 레인지,AWD,포레스트 그린,5,5,2723
2025-07,northeast,AUR,2025,AUR-AI,스탠다드 레인지,AWD,샌드 베이지,5,5,2723
2025-07,northeast,AUR,2025,AUR-AI,스탠다드 레인지,FWD,스노우 화이트,10,10,5209
2025-07,northeast,AUR,2025,AUR-AI,스탠다드 레인지,FWD,미드나잇 블랙,8,8,4124
2025-07,northeast,AUR,2025,AUR-AI,스탠다드 레인지,FWD,스틸 그레이,7,7,3473
2025-07,northeast,AUR,2025,AUR-AI,스탠다드 레인지,FWD,실버,5,6,2822
2025-07,northeast,AUR,2025,AUR-AI,스탠다드 레인지,FWD,오션 블루,4,4,2171
2025-07,northeast,AUR,2025,AUR-AI,스탠다드 레인지,FWD,선셋 레드,3,3,1736
2025-07,northeast,AUR,2025,AUR-AI,스탠다드 레인지,FWD,포레스트 그린,2,2,1085
2025-07,northeast,AUR,2025,AUR-AI,스탠다드 레인지,FWD,샌드 베이지,2,2,1085
2025-07,northeast,AUR,2025,AUR-AI,롱레인지,AWD,스노우 화이트,47,48,24486
2025-07,northeast,AUR,2025,AUR-AI,롱레인지,AWD,미드나잇 블랙,37,38,19385
2025-07,northeast,AUR,2025,AUR-AI,롱레인지,AWD,스틸 그레이,31,32,16324
2025-07,northeast,AUR,2025,AUR-AI,롱레인지,AWD,실버,25,26,13263
2025-07,northeast,AUR,2025,AUR-AI,롱레인지,AWD,오션 블루,20,20,10202
2025-07,northeast,AUR,2025,AUR-AI,롱레인지,AWD,선셋 레드,16,16,8162
2025-07,northeast,AUR,2025,AUR-AI,롱레인지,AWD,포레스트 그린,10,10,5101
2025-07,northeast,AUR,2025,AUR-AI,롱레인지,AWD,샌드 베이지,10,10,5101
2025-07,northeast,AUR,2025,AUR-AI,롱레인지,FWD,스노우 화이트,19,19,9760
2025-07,northeast,AUR,2025,AUR-AI,롱레인지,FWD,미드나잇 블랙,15,15,7727
2025-07,northeast,AUR,2025,AUR-AI,롱레인지,FWD,스틸 그레이,12,13,6507
2025-07,northeast,AUR,2025,AUR-AI,롱레인지,FWD,실버,10,10,5287
2025-07,northeast,AUR,2025,AUR-AI,롱레인지,FWD,오션 블루,8,8,4067
2025-07,northeast,AUR,2025,AUR-AI,롱레인지,FWD,선셋 레드,6,6,3253
2025-07,northeast,AUR,2025,AUR-AI,롱레인지,FWD,포레스트 그린,4,4,2033
2025-07,northeast,AUR,2025,AUR-AI,롱레인지,FWD,샌드 베이지,4,4,2033
2025-07,northeast,AUR,2025,AUR-RA,스탠다드 레인지,AWD,스노우 화이트,29,30,22492
2025-07,northeast,AUR,2025,AUR-RA,스탠다드 레인지,AWD,미드나잇 블랙,23,23,17806
2025-07,northeast,AUR,2025,AUR-RA,스탠다드 레인지,AWD,스틸 그레이,19,20,14995
2025-07,northeast,AUR,2025,AUR-RA,스탠다드 레인지,AWD,실버,16,16,12183
2025-07,northeast,AUR,2025,AUR-RA,스탠다드 레인지,AWD,오션 블루,12,12,9372
2025-07,northeast,AUR,2025,AUR-RA,스탠다드 레인지,AWD,선셋 레드,10,10,7497
2025-07,northeast,AUR,2025,AUR-RA,스탠다드 레인지,AWD,포레스트 그린,6,6,4686
2025-07,northeast,AUR,2025,AUR-RA,스탠다드 레인지,AWD,샌드 베이지,6,6,4686
2025-07,northeast,AUR,2025,AUR-RA,스탠다드 레인지,FWD,스노우 화이트,12,12,8966
2025-07,northeast,AUR,2025,AUR-RA,스탠다드 레인지,FWD,미드나잇 블랙,9,9,7098
2025-07,northeast,AUR,2025,AUR-RA,스탠다드 레인지,FWD,스틸 그레이,8,8,5977
2025-07,northeast,AUR,2025,AUR-RA,스탠다드 레인지,FWD,실버,6,6,4856
2025-07,northeast,AUR,2025,AUR-RA,스탠다드 레인지,FWD,오션 블루,5,5,3736
2025-07,northeast,AUR,2025,AUR-RA,스탠다드 레인지,FWD,선셋 레드,4,4,2989
2025-07,northeast,AUR,2025,AUR-RA,스탠다드 레인지,FWD,포레스트 그린,2,2,1868
2025-07,northeast,AUR,2025,AUR-RA,스탠다드 레인지,FWD,샌드 베이지,2,2,1868
2025-07,northeast,AUR,2025,AUR-RA,롱레인지,AWD,스노우 화이트,54,55,42141
2025-07,northeast,AUR,2025,AUR-RA,롱레인지,AWD,미드나잇 블랙,43,44,33362
2025-07,northeast,AUR,2025,AUR-RA,롱레인지,AWD,스틸 그레이,36,37,28094
2025-07,northeast,AUR,2025,AUR-RA,롱레인지,AWD,실버,29,30,22826
2025-07,northeast,AUR,2025,AUR-RA,롱레인지,AWD,오션 블루,23,23,17559
2025-07,northeast,AUR,2025,AUR-RA,롱레인지,AWD,선셋 레드,18,18,14047
2025-07,northeast,AUR,2025,AUR-RA,롱레인지,AWD,포레스트 그린,11,12,8779
2025-07,northeast,AUR,2025,AUR-RA,롱레인지,AWD,샌드 베이지,11,12,8779
2025-07,northeast,AUR,2025,AUR-RA,롱레인지,FWD,스노우 화이트,22,22,16797
2025-07,northeast,AUR,2025,AUR-RA,롱레인지,FWD,미드나잇 블랙,17,17,13298
2025-07,northeast,AUR,2025,AUR-RA,롱레인지,FWD,스틸 그레이,14,15,11198
2025-07,northeast,AUR,2025,AUR-RA,롱레인지,FWD,실버,12,12,9099
2025-07,northeast,AUR,2025,AUR-RA,롱레인지,FWD,오션 블루,9,9,6999
2025-07,northeast,AUR,2025,AUR-RA,롱레인지,FWD,선셋 레드,7,7,5599
2025-07,northeast,AUR,2025,AUR-RA,롱레인지,FWD,포레스트 그린,5,5,3499
2025-07,northeast,AUR,2025,AUR-RA,롱레인지,FWD,샌드 베이지,5,5,3499
2025-07,northeast,AUR,2025,AUR-MA,스탠다드 레인지,AWD,스노우 화이트,12,12,14470
2025-07,northeast,AUR,2025,AUR-MA,스탠다드 레인지,AWD,미드나잇 블랙,9,10,11456
2025-07,northeast,AUR,2025,AUR-MA,스탠다드 레인지,AWD,스틸 그레이,8,8,9647
2025-07,northeast,AUR,2025,AUR-MA,스탠다드 레인지,AWD,실버,6,7,7838
2025-07,northeast,AUR,2025,AUR-MA,스탠다드 레인지,AWD,오션 블루,5,5,6029
2025-07,northeast,AUR,2025,AUR-MA,스탠다드 레인지,AWD,선셋 레드,4,4,4823
2025-07,northeast,AUR,2025,AUR-MA,스탠다드 레인지,AWD,포레스트 그린,2,3,3015
2025-07,northeast,AUR,2025,AUR-MA,스탠다드 레인지,AWD,샌드 베이지,2,3,3015
2025-07,northeast,AUR,2025,AUR-MA,스탠다드 레인지,FWD,스노우 화이트,5,5,5768
2025-07,northeast,AUR,2025,AUR-MA,스탠다드 레인지,FWD,미드나잇 블랙,4,4,4566
2025-07,northeast,AUR,2025,AUR-MA,스탠다드 레인지,FWD,스틸 그레이,3,3,3845
2025-07,northeast,AUR,2025,AUR-MA,스탠다드 레인지,FWD,실버,3,3,3124
2025-07,northeast,AUR,2025,AUR-MA,스탠다드 레인지,FWD,오션 블루,2,2,2403
2025-07,northeast,AUR,2025,AUR-MA,스탠다드 레인지,FWD,선셋 레드,2,2,1923
2025-07,northeast,AUR,2025,AUR-MA,스탠다드 레인지,FWD,포레스트 그린,1,1,1202
2025-07,northeast,AUR,2025,AUR-MA,스탠다드 레인지,FWD,샌드 베이지,1,1,1202
2025-07,northeast,AUR,2025,AUR-MA,롱레인지,AWD,스노우 화이트,22,23,27111
2025-07,northeast,AUR,2025,AUR-MA,롱레인지,AWD,미드나잇 블랙,18,18,21463
2025-07,northeast,AUR,2025,AUR-MA,롱레인지,AWD,스틸 그레이,15,15,18074
2025-07,northeast,AUR,2025,AUR-MA,롱레인지,AWD,실버,12,12,14685
2025-07,northeast,AUR,2025,AUR-MA,롱레인지,AWD,오션 블루,9,9,11296
2025-07,northeast,AUR,2025,AUR-MA,롱레인지,AWD,선셋 레드,7,8,9037
2025-07,northeast,AUR,2025,AUR-MA,롱레인지,AWD,포레스트 그린,5,5,5648
2025-07,northeast,AUR,2025,AUR-MA,롱레인지,AWD,샌드 베이지,5,5,5648
2025-07,northeast,AUR,2025,AUR-MA,롱레인지,FWD,스노우 화이트,9,9,10807
2025-07,northeast,AUR,2025,AUR-MA,롱레인지,FWD,미드나잇 블랙,7,7,8555
2025-07,northeast,AUR,2025,AUR-MA,롱레인지,FWD,스틸 그레이,6,6,7204
2025-07,northeast,AUR,2025,AUR-MA,롱레인지,FWD,실버,5,5,5854
2025-07,northeast,AUR,2025,AUR-MA,롱레인지,FWD,오션 블루,4,4,4503
2025-07,northeast,AUR,2025,AUR-MA,롱레인지,FWD,선셋 레드,3,3,3602
2025-07,northeast,AUR,2025,AUR-MA,롱레인지,FWD,포레스트 그린,2,2,2251
2025-07,northeast,AUR,2025,AUR-MA,롱레인지,FWD,샌드 베이지,2,2,2251
2025-07,southeast,AUR,2025,AUR-AI,스탠다드 레인지,AWD,스노우 화이트,13,13,6702
2025-07,southeast,AUR,2025,AUR-AI,스탠다드 레인지,AWD,미드나잇 블랙,10,10,5306
2025-07,southeast,AUR,2025,AUR-AI,스탠다드 레인지,AWD,스틸 그레이,9,9,4468
2025-07,southeast,AUR,2025,AUR-AI,스탠다드 레인지,AWD,실버,7,7,3630
2025-07,southeast,AUR,2025,AUR-AI,스탠다드 레인지,AWD,오션 블루,5,5,2793
2025-07,southeast,AUR,2025,AUR-AI,스탠다드 레인지,AWD,선셋 레드,4,4,2234
2025-07,southeast,AUR,2025,AUR-AI,스탠다드 레인지,AWD,포레스트 그린,3,3,1396
2025-07,southeast,AUR,2025,AUR-AI,스탠다드 레인지,AWD,샌드 베이지,3,3,1396
2025-07,southeast,AUR,2025,AUR-AI,스탠다드 레인지,FWD,스노우 화이트,15,15,7634
2025-07,southeast,AUR,2025,AUR-AI,스탠다드 레인지,FWD,미드나잇 블랙,12,12,6044
2025-07,southeast,AUR,2025,AUR-AI,스탠다드 레인지,FWD,스틸 그레이,10,10,5089
2025-07,southeast,AUR,2025,AUR-AI,스탠다드 레인지,FWD,실버,8,8,4135
2025-07,southeast,AUR,2025,AUR-AI,스탠다드 레인지,FWD,오션 블루,6,6,3181
2025-07,southeast,AUR,2025,AUR-AI,스탠다드 레인지,FWD,선셋 레드,5,5,2545
2025-07,southeast,AUR,2025,AUR-AI,스탠다드 레인지,FWD,포레스트 그린,3,3,1590
2025-07,southeast,AUR,2025,AUR-AI,스탠다드 레인지,FWD,샌드 베이지,3,3,1590
2025-07,southeast,AUR,2025,AUR-AI,롱레인지,AWD,스노우 화이트,24,24,12557
2025-07,southeast,AUR,2025,AUR-AI,롱레인지,AWD,미드나잇 블랙,19,19,9941
2025-07,southeast,AUR,2025,AUR-AI,롱레인지,AWD,스틸 그레이,16,16,8371
2025-07,southeast,AUR,2025,AUR-AI,롱레인지,AWD,실버,13,13,6802
2025-07,southeast,AUR,2025,AUR-AI,롱레인지,AWD,오션 블루,10,10,5232
2025-07,southeast,AUR,2025,AUR-AI,롱레인지,AWD,선셋 레드,8,8,4186
2025-07,southeast,AUR,2025,AUR-AI,롱레인지,AWD,포레스트 그린,5,5,2616
2025-07,southeast,AUR,2025,AUR-AI,롱레인지,AWD,샌드 베이지,5,5,2616
2025-07,southeast,AUR,2025,AUR-AI,롱레인지,FWD,스노우 화이트,27,28,14303
2025-07,southeast,AUR,2025,AUR-AI,롱레인지,FWD,미드나잇 블랙,22,22,11323
2025-07,southeast,AUR,2025,AUR-AI,롱레인지,FWD,스틸 그레이,18,19,9535
2025-07,southeast,AUR,2025,AUR-AI,롱레인지,FWD,실버,15,15,7747
2025-07,southeast,AUR,2025,AUR-AI,롱레인지,FWD,오션 블루,11,12,5959
2025-07,southeast,AUR,2025,AUR-AI,롱레인지,FWD,선셋 레드,9,9,4768
2025-07,southeast,AUR,2025,AUR-AI,롱레인지,FWD,포레스트 그린,6,6,2980
2025-07,southeast,AUR,2025,AUR-AI,롱레인지,FWD,샌드 베이지,6,6,2980
2025-07,southeast,AUR,2025,AUR-RA,스탠다드 레인지,AWD,스노우 화이트,15,15,11535
2025-07,southeast,AUR,2025,AUR-RA,스탠다드 레인지,AWD,미드나잇 블랙,12,12,9132
2025-07,southeast,AUR,2025,AUR-RA,스탠다드 레인지,AWD,스틸 그레이,10,10,7690
2025-07,southeast,AUR,2025,AUR-RA,스탠다드 레인지,AWD,실버,8,8,6248
2025-07,southeast,AUR,2025,AUR-RA,스탠다드 레인지,AWD,오션 블루,6,6,4806
2025-07,southeast,AUR,2025,AUR-RA,스탠다드 레인지,AWD,선셋 레드,5,5,3845
2025-07,southeast,AUR,2025,AUR-RA,스탠다드 레인지,AWD,포레스트 그린,3,3,2403
2025-07,southeast,AUR,2025,AUR-RA,스탠다드 레인지,AWD,샌드 베이지,3,3,2403
2025-07,southeast,AUR,2025,AUR-RA,스탠다드 레인지,FWD,스노우 화이트,17,17,13138
2025-07,southeast,AUR,2025,AUR-RA,스탠다드 레인지,FWD,미드나잇 블랙,13,14,10401
2025-07,southeast,AUR,2025,AUR-RA,스탠다드 레인지,FWD,스틸 그레이,11,11,8759
2025-07,southeast,AUR,2025,AUR-RA,스탠다드 레인지,FWD,실버,9,9,7117
2025-07,southeast,AUR,2025,AUR-RA,스탠다드 레인지,FWD,오션 블루,7,7,5474
2025-07,southeast,AUR,2025,AUR-RA,스탠다드 레인지,FWD,선셋 레드,6,6,4379
2025-07,southeast,AUR,2025,AUR-RA,스탠다드 레인지,FWD,포레스트 그린,4,4,2737
2025-07,southeast,AUR,2025,AUR-RA,스탠다드 레인지,FWD,샌드 베이지,4,4,2737
2025-07,southeast,AUR,2025,AUR-RA,롱레인지,AWD,스노우 화이트,28,28,21611
2025-07,southeast,AUR,2025,AUR-RA,롱레인지,AWD,미드나잇 블랙,22,22,17109
2025-07,southeast,AUR,2025,AUR-RA,롱레인지,AWD,스틸 그레이,19,19,14407
2025-07,southeast,AUR,2025,AUR-RA,롱레인지,AWD,실버,15,15,11706
2025-07,southeast,AUR,2025,AUR-RA,롱레인지,AWD,오션 블루,12,12,9004
2025-07,southeast,AUR,2025,AUR-RA,롱레인지,AWD,선셋 레드,9,9,7204
2025-07,southeast,AUR,2025,AUR-RA,롱레인지,AWD,포레스트 그린,6,6,4502
2025-07,southeast,AUR,2025,AUR-RA,롱레인지,AWD,샌드 베이지,6,6,4502
2025-07,southeast,AUR,2025,AUR-RA,롱레인지,FWD,스노우 화이트,32,32,24615
2025-07,southeast,AUR,2025,AUR-RA,롱레인지,FWD,미드나잇 블랙,25,26,19487
2025-07,southeast,AUR,2025,AUR-RA,롱레인지,FWD,스틸 그레이,21,22,16410
2025-07,southeast,AUR,2025,AUR-RA,롱레인지,FWD,실버,17,18,13333
2025-07,southeast,AUR,2025,AUR-RA,롱레인지,FWD,오션 블루,13,13,10256
2025-07,southeast,AUR,2025,AUR-RA,롱레인지,FWD,선셋 레드,11,11,8205
2025-07,southeast,AUR,2025,AUR-RA,롱레인지,FWD,포레스트 그린,7,7,5128
2025-07,southeast,AUR,2025,AUR-RA,롱레인지,FWD,샌드 베이지,7,7,5128
2025-07,southeast,AUR,2025,AUR-MA,스탠다드 레인지,AWD,스노우 화이트,6,6,7421
2025-07,southeast,AUR,2025,AUR-MA,스탠다드 레인지,AWD,미드나잇 블랙,5,5,5875
2025-07,southeast,AUR,2025,AUR-MA,스탠다드 레인지,AWD,스틸 그레이,4,4,4947
2025-07,southeast,AUR,2025,AUR-MA,스탠다드 레인지,AWD,실버,3,3,4020
2025-07,southeast,AUR,2025,AUR-MA,스탠다드 레인지,AWD,오션 블루,3,3,3092
2025-07,southeast,AUR,2025,AUR-MA,스탠다드 레인지,AWD,선셋 레드,2,2,2474
2025-07,southeast,AUR,2025,AUR-MA,스탠다드 레인지,AWD,포레스트 그린,1,1,1546
2025-07,southeast,AUR,2025,AUR-MA,스탠다드 레인지,AWD,샌드 베이지,1,1,1546
2025-07,southeast,AUR,2025,AUR-MA,스탠다드 레인지,FWD,스노우 화이트,7,7,8452
2025-07,southeast,AUR,2025,AUR-MA,스탠다드 레인지,FWD,미드나잇 블랙,5,6,6692
2025-07,southeast,AUR,2025,AUR-MA,스탠다드 레인지,FWD,스틸 그레이,5,5,5635
2025-07,southeast,AUR,2025,AUR-MA,스탠다드 레인지,FWD,실버,4,4,4578
2025-07,southeast,AUR,2025,AUR-MA,스탠다드 레인지,FWD,오션 블루,3,3,3522
2025-07,southeast,AUR,2025,AUR-MA,스탠다드 레인지,FWD,선셋 레드,2,2,2817
2025-07,southeast,AUR,2025,AUR-MA,스탠다드 레인지,FWD,포레스트 그린,1,1,1761
2025-07,southeast,AUR,2025,AUR-MA,스탠다드 레인지,FWD,샌드 베이지,1,1,1761
2025-07,southeast,AUR,2025,AUR-MA,롱레인지,AWD,스노우 화이트,11,12,13903
2025-07,southeast,AUR,2025,AUR-MA,롱레인지,AWD,미드나잇 블랙,9,9,11007
2025-07,southeast,AUR,2025,AUR-MA,롱레인지,AWD,스틸 그레이,8,8,9269
2025-07,southeast,AUR,2025,AUR-MA,롱레인지,AWD,실버,6,6,7531
2025-07,southeast,AUR,2025,AUR-MA,롱레인지,AWD,오션 블루,5,5,5793
2025-07,southeast,AUR,2025,AUR-MA,롱레인지,AWD,선셋 레드,4,4,4634
2025-07,southeast,AUR,2025,AUR-MA,롱레인지,AWD,포레스트 그린,2,2,2896
2025-07,southeast,AUR,2025,AUR-MA,롱레인지,AWD,샌드 베이지,2,2,2896
2025-07,southeast,AUR,2025,AUR-MA,롱레인지,FWD,스노우 화이트,13,13,15836
2025-07,southeast,AUR,2025,AUR-MA,롱레인지,FWD,미드나잇 블랙,10,10,12537
2025-07,southeast,AUR,2025,AUR-MA,롱레인지,FWD,스틸 그레이,9,9,10557
2025-07,southeast,AUR,2025,AUR-MA,롱레인지,FWD,실버,7,7,8578
2025-07,southeast,AUR,2025,AUR-MA,롱레인지,FWD,오션 블루,5,6,6598
2025-07,southeast,AUR,2025,AUR-MA,롱레인지,FWD,선셋 레드,4,4,5279
2025-07,southeast,AUR,2025,AUR-MA,롱레인지,FWD,포레스트 그린,3,3,3299
2025-07,southeast,AUR,2025,AUR-MA,롱레인지,FWD,샌드 베이지,3,3,3299
2025-07,west,MRD,2025,MRD-CO,2.0 가솔린,AWD,스노우 화이트,25,25,-6555
2025-07,west,MRD,2025,MRD-CO,2.0 가솔린,AWD,미드나잇 블랙,20,20,-5189
2025-07,west,MRD,2025,MRD-CO,2.0 가솔린,AWD,스틸 그레이,17,17,-4370
2025-07,west,MRD,2025,MRD-CO,2.0 가솔린,AWD,실버,13,14,-3550
2025-07,west,MRD,2025,MRD-CO,2.0 가솔린,AWD,오션 블루,10,11,-2731
2025-07,west,MRD,2025,MRD-CO,2.0 가솔린,AWD,선셋 레드,8,8,-2185
2025-07,west,MRD,2025,MRD-CO,2.0 가솔린,AWD,포레스트 그린,5,5,-1366
2025-07,west,MRD,2025,MRD-CO,2.0 가솔린,AWD,샌드 베이지,5,5,-1366
2025-07,west,MRD,2025,MRD-CO,2.0 가솔린,FWD,스노우 화이트,99,101,-26218
2025-07,west,MRD,2025,MRD-CO,2.0 가솔린,FWD,미드나잇 블랙,79,80,-20756
2025-07,west,MRD,2025,MRD-CO,2.0 가솔린,FWD,스틸 그레이,66,68,-17479
2025-07,west,MRD,2025,MRD-CO,2.0 가솔린,FWD,실버,54,55,-14201
2025-07,west,MRD,2025,MRD-CO,2.0 가솔린,FWD,오션 블루,41,42,-10924
2025-07,west,MRD,2025,MRD-CO,2.0 가솔린,FWD,선셋 레드,33,34,-8739
2025-07,west,MRD,2025,MRD-CO,2.0 가솔린,FWD,포레스트 그린,21,21,-5462
2025-07,west,MRD,2025,MRD-CO,2.0 가솔린,FWD,샌드 베이지,21,21,-5462
2025-07,west,MRD,2025,MRD-CO,1.6T 하이브리드,AWD,스노우 화이트,20,20,-5234
2025-07,west,MRD,2025,MRD-CO,1.6T 하이브리드,AWD,미드나잇 블랙,16,16,-4144
2025-07,west,MRD,2025,MRD-CO,1.6T 하이브리드,AWD,스틸 그레이,13,13,-3489
2025-07,west,MRD,2025,MRD-CO,1.6T 하이브리드,AWD,실버,11,11,-2835
2025-07,west,MRD,2025,MRD-CO,1.6T 하이브리드,AWD,오션 블루,8,8,-2181
2025-07,west,MRD,2025,MRD-CO,1.6T 하이브리드,AWD,선셋 레드,7,7,-1745
2025-07,west,MRD,2025,MRD-CO,1.6T 하이브리드,AWD,포레스트 그린,4,4,-1090
2025-07,west,MRD,2025,MRD-CO,1.6T 하이브리드,AWD,샌드 베이지,4,4,-1090
2025-07,west,MRD,2025,MRD-CO,1.6T 하이브리드,FWD,스노우 화이트,79,81,-20937
2025-07,west,MRD,2025,MRD-CO,1.6T 하이브리드,FWD,미드나잇 블랙,63,64,-16575
2025-07,west,MRD,2025,MRD-CO,1.6T 하이브리드,FWD,스틸 그레이,53,54,-13958
2025-07,west,MRD,2025,MRD-CO,1.6T 하이브리드,FWD,실버,43,44,-11341
2025-07,west,MRD,2025,MRD-CO,1.6T 하이브리드,FWD,오션 블루,33,34,-8724
2025-07,west,MRD,2025,MRD-CO,1.6T 하이브리드,FWD,선셋 레드,26,27,-6979
2025-07,west,MRD,2025,MRD-CO,1.6T 하이브리드,FWD,포레스트 그린,17,17,-4362
2025-07,west,MRD,2025,MRD-CO,1.6T 하이브리드,FWD,샌드 베이지,17,17,-4362
2025-07,west,MRD,2025,MRD-PR,2.0 가솔린,AWD,스노우 화이트,29,29,-1455
2025-07,west,MRD,2025,MRD-PR,2.0 가솔린,AWD,미드나잇 블랙,23,23,-1152
2025-07,west,MRD,2025,MRD-PR,2.0 가솔린,AWD,스틸 그레이,19,20,-970
2025-07,west,MRD,2025,MRD-PR,2.0 가솔린,AWD,실버,16,16,-788
2025-07,west,MRD,2025,MRD-PR,2.0 가솔린,AWD,오션 블루,12,12,-606
2025-07,west,MRD,2025,MRD-PR,2.0 가솔린,AWD,선셋 레드,10,10,-485
2025-07,west,MRD,2025,MRD-PR,2.0 가솔린,AWD,포레스트 그린,6,6,-303
2025-07,west,MRD,2025,MRD-PR,2.0 가솔린,AWD,샌드 베이지,6,6,-303
2025-07,west,MRD,2025,MRD-PR,2.0 가솔린,FWD,스노우 화이트,115,117,-5819
2025-07,west,MRD,2025,MRD-PR,2.0 가솔린,FWD,미드나잇 블랙,91,93,-4607
2025-07,west,MRD,2025,MRD-PR,2.0 가솔린,FWD,스틸 그레이,77,78,-3879
2025-07,west,MRD,2025,MRD-PR,2.0 가솔린,FWD,실버,62,64,-3152
2025-07,west,MRD,2025,MRD-PR,2.0 가솔린,FWD,오션 블루,48,49,-2425
2025-07,west,MRD,2025,MRD-PR,2.0 가솔린,FWD,선셋 레드,38,39,-1940
2025-07,west,MRD,2025,MRD-PR,2.0 가솔린,FWD,포레스트 그린,24,24,-1212
2025-07,west,MRD,2025,MRD-PR,2.0 가솔린,FWD,샌드 베이지,24,24,-1212
2025-07,west,MRD,2025,MRD-PR,1.6T 하이브리드,AWD,스노우 화이트,23,23,-1162
2025-07,west,MRD,2025,MRD-PR,1.6T 하이브리드,AWD,미드나잇 블랙,18,19,-920
2025-07,west,MRD,2025,MRD-PR,1.6T 하이브리드,AWD,스틸 그레이,15,16,-774
2025-07,west,MRD,2025,MRD-PR,1.6T 하이브리드,AWD,실버,12,13,-629
2025-07,west,MRD,2025,MRD-PR,1.6T 하이브리드,AWD,오션 블루,10,10,-484
2025-07,west,MRD,2025,MRD-PR,1.6T 하이브리드,AWD,선셋 레드,8,8,-387
2025-07,west,MRD,2025,MRD-PR,1.6T 하이브리드,AWD,포레스트 그린,5,5,-242
2025-07,west,MRD,2025,MRD-PR,1.6T 하이브리드,AWD,샌드 베이지,5,5,-242
2025-07,west,MRD,2025,MRD-PR,1.6T 하이브리드,FWD,스노우 화이트,92,94,-4647
2025-07,west,MRD,2025,MRD-PR,1.6T 하이브리드,FWD,미드나잇 블랙,73,74,-3679
2025-07,west,MRD,2025,MRD-PR,1.6T 하이브리드,FWD,스틸 그레이,61,62,-3098
2025-07,west,MRD,2025,MRD-PR,1.6T 하이브리드,FWD,실버,50,51,-2517
2025-07,west,MRD,2025,MRD-PR,1.6T 하이브리드,FWD,오션 블루,38,39,-1936
2025-07,west,MRD,2025,MRD-PR,1.6T 하이브리드,FWD,선셋 레드,31,31,-1549
2025-07,west,MRD,2025,MRD-PR,1.6T 하이브리드,FWD,포레스트 그린,19,20,-968
2025-07,west,MRD,2025,MRD-PR,1.6T 하이브리드,FWD,샌드 베이지,19,20,-968
2025-07,west,MRD,2025,MRD-SP,2.0 가솔린,AWD,스노우 화이트,12,12,3797
2025-07,west,MRD,2025,MRD-SP,2.0 가솔린,AWD,미드나잇 블랙,9,10,3006
2025-07,west,MRD,2025,MRD-SP,2.0 가솔린,AWD,스틸 그레이,8,8,2531
2025-07,west,MRD,2025,MRD-SP,2.0 가솔린,AWD,실버,6,7,2057
2025-07,west,MRD,2025,MRD-SP,2.0 가솔린,AWD,오션 블루,5,5,1582
2025-07,west,MRD,2025,MRD-SP,2.0 가솔린,AWD,선셋 레드,4,4,1266
2025-07,west,MRD,2025,MRD-SP,2.0 가솔린,AWD,포레스트 그린,2,3,791
2025-07,west,MRD,2025,MRD-SP,2.0 가솔린,AWD,샌드 베이지,2,3,791
2025-07,west,MRD,2025,MRD-SP,2.0 가솔린,FWD,스노우 화이트,47,48,15187
2025-07,west,MRD,2025,MRD-SP,2.0 가솔린,FWD,미드나잇 블랙,37,38,12023
2025-07,west,MRD,2025,MRD-SP,2.0 가솔린,FWD,스틸 그레이,31,32,10125
2025-07,west,MRD,2025,MRD-SP,2.0 가솔린,FWD,실버,25,26,8226
2025-07,west,MRD,2025,MRD-SP,2.0 가솔린,FWD,오션 블루,20,20,6328
2025-07,west,MRD,2025,MRD-SP,2.0 가솔린,FWD,선셋 레드,16,16,5062
2025-07,west,MRD,2025,MRD-SP,2.0 가솔린,FWD,포레스트 그린,10,10,3164
2025-07,west,MRD,2025,MRD-SP,2.0 가솔린,FWD,샌드 베이지,10,10,3164
2025-07,west,MRD,2025,MRD-SP,1.6T 하이브리드,AWD,스노우 화이트,9,10,3032
2025-07,west,MRD,2025,MRD-SP,1.6T 하이브리드,AWD,미드나잇 블랙,7,8,2400
2025-07,west,MRD,2025,MRD-SP,1.6T 하이브리드,AWD,스틸 그레이,6,6,2021
2025-07,west,MRD,2025,MRD-SP,1.6T 하이브리드,AWD,실버,5,5,1642
2025-07,west,MRD,2025,MRD-SP,1.6T 하이브리드,AWD,오션 블루,4,4,1263
2025-07,west,MRD,2025,MRD-SP,1.6T 하이브리드,AWD,선셋 레드,3,3,1011
2025-07,west,MRD,2025,MRD-SP,1.6T 하이브리드,AWD,포레스트 그린,2,2,632
2025-07,west,MRD,2025,MRD-SP,1.6T 하이브리드,AWD,샌드 베이지,2,2,632
2025-07,west,MRD,2025,MRD-SP,1.6T 하이브리드,FWD,스노우 화이트,38,38,12128
2025-07,west,MRD,2025,MRD-SP,1.6T 하이브리드,FWD,미드나잇 블랙,30,30,9601
2025-07,west,MRD,2025,MRD-SP,1.6T 하이브리드,FWD,스틸 그레이,25,26,8085
2025-07,west,MRD,2025,MRD-SP,1.6T 하이브리드,FWD,실버,20,21,6569
2025-07,west,MRD,2025,MRD-SP,1.6T 하이브리드,FWD,오션 블루,16,16,5053
2025-07,west,MRD,2025,MRD-SP,1.6T 하이브리드,FWD,선셋 레드,13,13,4043
2025-07,west,MRD,2025,MRD-SP,1.6T 하이브리드,FWD,포레스트 그린,8,8,2527
2025-07,west,MRD,2025,MRD-SP,1.6T 하이브리드,FWD,샌드 베이지,8,8,2527
2025-07,central,MRD,2025,MRD-CO,2.0 가솔린,AWD,스노우 화이트,19,19,-4928
2025-07,central,MRD,2025,MRD-CO,2.0 가솔린,AWD,미드나잇 블랙,15,15,-3902
2025-07,central,MRD,2025,MRD-CO,2.0 가솔린,AWD,스틸 그레이,12,13,-3286
2025-07,central,MRD,2025,MRD-CO,2.0 가솔린,AWD,실버,10,10,-2670
2025-07,central,MRD,2025,MRD-CO,2.0 가솔린,AWD,오션 블루,8,8,-2054
2025-07,central,MRD,2025,MRD-CO,2.0 가솔린,AWD,선셋 레드,6,6,-1643
2025-07,central,MRD,2025,MRD-CO,2.0 가솔린,AWD,포레스트 그린,4,4,-1027
2025-07,central,MRD,2025,MRD-CO,2.0 가솔린,AWD,샌드 베이지,4,4,-1027
2025-07,central,MRD,2025,MRD-CO,2.0 가솔린,FWD,스노우 화이트,63,64,-16500
2025-07,central,MRD,2025,MRD-CO,2.0 가솔린,FWD,미드나잇 블랙,50,50,-13062
2025-07,central,MRD,2025,MRD-CO,2.0 가솔린,FWD,스틸 그레이,42,43,-11000
2025-07,central,MRD,2025,MRD-CO,2.0 가솔린,FWD,실버,34,35,-8937
2025-07,central,MRD,2025,MRD-CO,2.0 가솔린,FWD,오션 블루,26,27,-6875
2025-07,central,MRD,2025,MRD-CO,2.0 가솔린,FWD,선셋 레드,21,21,-5500
2025-07,central,MRD,2025,MRD-CO,2.0 가솔린,FWD,포레스트 그린,13,13,-3437
2025-07,central,MRD,2025,MRD-CO,2.0 가솔린,FWD,샌드 베이지,13,13,-3437
2025-07,central,MRD,2025,MRD-CO,1.6T 하이브리드,AWD,스노우 화이트,15,15,-3936
2025-07,central,MRD,2025,MRD-CO,1.6T 하이브리드,AWD,미드나잇 블랙,12,12,-3116
2025-07,central,MRD,2025,MRD-CO,1.6T 하이브리드,AWD,스틸 그레이,10,10,-2624
2025-07,central,MRD,2025,MRD-CO,1.6T 하이브리드,AWD,실버,8,8,-2132
2025-07,central,MRD,2025,MRD-CO,1.6T 하이브리드,AWD,오션 블루,6,6,-1640
2025-07,central,MRD,2025,MRD-CO,1.6T 하이브리드,AWD,선셋 레드,5,5,-1312
2025-07,central,MRD,2025,MRD-CO,1.6T 하이브리드,AWD,포레스트 그린,3,3,-820
2025-07,central,MRD,2025,MRD-CO,1.6T 하이브리드,AWD,샌드 베이지,3,3,-820
2025-07,central,MRD,2025,MRD-CO,1.6T 하이브리드,FWD,스노우 화이트,50,51,-13176
2025-07,central,MRD,2025,MRD-CO,1.6T 하이브리드,FWD,미드나잇 블랙,40,40,-10431
2025-07,central,MRD,2025,MRD-CO,1.6T 하이브리드,FWD,스틸 그레이,33,34,-8784
2025-07,central,MRD,2025,MRD-CO,1.6T 하이브리드,FWD,실버,27,28,-7137
2025-07,central,MRD,2025,MRD-CO,1.6T 하이브리드,FWD,오션 블루,21,21,-5490
2025-07,central,MRD,2025,MRD-CO,1.6T 하이브리드,FWD,선셋 레드,17,17,-4392
2025-07,central,MRD,2025,MRD-CO,1.6T 하이브리드,FWD,포레스트 그린,10,11,-2745
2025-07,central,MRD,2025,MRD-CO,1.6T 하이브리드,FWD,샌드 베이지,10,11,-2745
2025-07,central,MRD,2025,MRD-PR,2.0 가솔린,AWD,스노우 화이트,22,22,-1094
2025-07,central,MRD,2025,MRD-PR,2.0 가솔린,AWD,미드나잇 블랙,17,17,-866
2025-07,central,MRD,2025,MRD-PR,2.0 가솔린,AWD,스틸 그레이,14,15,-729
2025-07,central,MRD,2025,MRD-PR,2.0 가솔린,AWD,실버,12,12,-593
2025-07,central,MRD,2025,MRD-PR,2.0 가솔린,AWD,오션 블루,9,9,-456
2025-07,central,MRD,2025,MRD-PR,2.0 가솔린,AWD,선셋 레드,7,7,-365
2025-07,central,MRD,2025,MRD-PR,2.0 가솔린,AWD,포레스트 그린,5,5,-228
2025-07,central,MRD,2025,MRD-PR,2.0 가솔린,AWD,샌드 베이지,5,5,-228
2025-07,central,MRD,2025,MRD-PR,2.0 가솔린,FWD,스노우 화이트,72,74,-3662
2025-07,central,MRD,2025,MRD-PR,2.0 가솔린,FWD,미드나잇 블랙,57,58,-2899
2025-07,central,MRD,2025,MRD-PR,2.0 가솔린,FWD,스틸 그레이,48,49,-2441
2025-07,central,MRD,2025,MRD-PR,2.0 가솔린,FWD,실버,39,40,-1984
2025-07,central,MRD,2025,MRD-PR,2.0 가솔린,FWD,오션 블루,30,31,-1526
2025-07,central,MRD,2025,MRD-PR,2.0 가솔린,FWD,선셋 레드,24,25,-1221
2025-07,central,MRD,2025,MRD-PR,2.0 가솔린,FWD,포레스트 그린,15,15,-763
2025-07,central,MRD,2025,MRD-PR,2.0 가솔린,FWD,샌드 베이지,15,15,-763
2025-07,central,MRD,2025,MRD-PR,1.6T 하이브리드,AWD,스노우 화이트,17,18,-874
2025-07,central,MRD,2025,MRD-PR,1.6T 하이브리드,AWD,미드나잇 블랙,14,14,-692
2025-07,central,MRD,2025,MRD-PR,1.6T 하이브리드,AWD,스틸 그레이,12,12,-582
2025-07,central,MRD,2025,MRD-PR,1.6T 하이브리드,AWD,실버,9,10,-473
2025-07,central,MRD,2025,MRD-PR,1.6T 하이브리드,AWD,오션 블루,7,7,-364
2025-07,central,MRD,2025,MRD-PR,1.6T 하이브리드,AWD,선셋 레드,6,6,-291
2025-07,central,MRD,2025,MRD-PR,1.6T 하이브리드,AWD,포레스트 그린,4,4,-182
2025-07,central,MRD,2025,MRD-PR,1.6T 하이브리드,AWD,샌드 베이지,4,4,-182
2025-07,central,MRD,2025,MRD-PR,1.6T 하이브리드,FWD,스노우 화이트,58,59,-2924
2025-07,central,MRD,2025,MRD-PR,1.6T 하이브리드,FWD,미드나잇 블랙,46,47,-2315
2025-07,central,MRD,2025,MRD-PR,1.6T 하이브리드,FWD,스틸 그레이,39,39,-1950
2025-07,central,MRD,2025,MRD-PR,1.6T 하이브리드,FWD,실버,31,32,-1584
2025-07,central,MRD,2025,MRD-PR,1.6T 하이브리드,FWD,오션 블루,24,25,-1218
2025-07,central,MRD,2025,MRD-PR,1.6T 하이브리드,FWD,선셋 레드,19,20,-975
2025-07,central,MRD,2025,MRD-PR,1.6T 하이브리드,FWD,포레스트 그린,12,12,-609
2025-07,central,MRD,2025,MRD-PR,1.6T 하이브리드,FWD,샌드 베이지,12,12,-609
2025-07,central,MRD,2025,MRD-SP,2.0 가솔린,AWD,스노우 화이트,9,9,2855
2025-07,central,MRD,2025,MRD-SP,2.0 가솔린,AWD,미드나잇 블랙,7,7,2260
2025-07,central,MRD,2025,MRD-SP,2.0 가솔린,AWD,스틸 그레이,6,6,1903
2025-07,central,MRD,2025,MRD-SP,2.0 가솔린,AWD,실버,5,5,1546
2025-07,central,MRD,2025,MRD-SP,2.0 가솔린,AWD,오션 블루,4,4,1190
2025-07,central,MRD,2025,MRD-SP,2.0 가솔린,AWD,선셋 레드,3,3,952
2025-07,central,MRD,2025,MRD-SP,2.0 가솔린,AWD,포레스트 그린,2,2,595
2025-07,central,MRD,2025,MRD-SP,2.0 가솔린,AWD,샌드 베이지,2,2,595
2025-07,central,MRD,2025,MRD-SP,2.0 가솔린,FWD,스노우 화이트,30,30,9558
2025-07,central,MRD,2025,MRD-SP,2.0 가솔린,FWD,미드나잇 블랙,23,24,7566
2025-07,central,MRD,2025,MRD-SP,2.0 가솔린,FWD,스틸 그레이,20,20,6372
2025-07,central,MRD,2025,MRD-SP,2.0 가솔린,FWD,실버,16,16,5177
2025-07,central,MRD,2025,MRD-SP,2.0 가솔린,FWD,오션 블루,12,13,3982
2025-07,central,MRD,2025,MRD-SP,2.0 가솔린,FWD,선셋 레드,10,10,3186
2025-07,central,MRD,2025,MRD-SP,2.0 가솔린,FWD,포레스트 그린,6,6,1991
2025-07,central,MRD,2025,MRD-SP,2.0 가솔린,FWD,샌드 베이지,6,6,1991
2025-07,central,MRD,2025,MRD-SP,1.6T 하이브리드,AWD,스노우 화이트,7,7,2280
2025-07,central,MRD,2025,MRD-SP,1.6T 하이브리드,AWD,미드나잇 블랙,6,6,1805
2025-07,central,MRD,2025,MRD-SP,1.6T 하이브리드,AWD,스틸 그레이,5,5,1520
2025-07,central,MRD,2025,MRD-SP,1.6T 하이브리드,AWD,실버,4,4,1235
2025-07,central,MRD,2025,MRD-SP,1.6T 하이브리드,AWD,오션 블루,3,3,950
2025-07,central,MRD,2025,MRD-SP,1.6T 하이브리드,AWD,선셋 레드,2,2,760
2025-07,central,MRD,2025,MRD-SP,1.6T 하이브리드,AWD,포레스트 그린,1,2,475
2025-07,central,MRD,2025,MRD-SP,1.6T 하이브리드,AWD,샌드 베이지,1,2,475
2025-07,central,MRD,2025,MRD-SP,1.6T 하이브리드,FWD,스노우 화이트,24,24,7632
2025-07,central,MRD,2025,MRD-SP,1.6T 하이브리드,FWD,미드나잇 블랙,19,19,6042
2025-07,central,MRD,2025,MRD-SP,1.6T 하이브리드,FWD,스틸 그레이,16,16,5088
2025-07,central,MRD,2025,MRD-SP,1.6T 하이브리드,FWD,실버,13,13,4134
2025-07,central,MRD,2025,MRD-SP,1.6T 하이브리드,FWD,오션 블루,10,10,3180
2025-07,central,MRD,2025,MRD-SP,1.6T 하이브리드,FWD,선셋 레드,8,8,2544
2025-07,central,MRD,2025,MRD-SP,1.6T 하이브리드,FWD,포레스트 그린,5,5,1590
2025-07,central,MRD,2025,MRD-SP,1.6T 하이브리드,FWD,샌드 베이지,5,5,1590
2025-07,south,MRD,2025,MRD-CO,2.0 가솔린,AWD,스노우 화이트,15,15,-3993
2025-07,south,MRD,2025,MRD-CO,2.0 가솔린,AWD,미드나잇 블랙,12,12,-3161
2025-07,south,MRD,2025,MRD-CO,2.0 가솔린,AWD,스틸 그레이,10,10,-2662
2025-07,south,MRD,2025,MRD-CO,2.0 가솔린,AWD,실버,8,8,-2163
2025-07,south,MRD,2025,MRD-CO,2.0 가솔린,AWD,오션 블루,6,6,-1664
2025-07,south,MRD,2025,MRD-CO,2.0 가솔린,AWD,선셋 레드,5,5,-1331
2025-07,south,MRD,2025,MRD-CO,2.0 가솔린,AWD,포레스트 그린,3,3,-832
2025-07,south,MRD,2025,MRD-CO,2.0 가솔린,AWD,샌드 베이지,3,3,-832
2025-07,south,MRD,2025,MRD-CO,2.0 가솔린,FWD,스노우 화이트,90,92,-23737
2025-07,south,MRD,2025,MRD-CO,2.0 가솔린,FWD,미드나잇 블랙,71,73,-18792
2025-07,south,MRD,2025,MRD-CO,2.0 가솔린,FWD,스틸 그레이,60,61,-15825
2025-07,south,MRD,2025,MRD-CO,2.0 가솔린,FWD,실버,49,50,-12858
2025-07,south,MRD,2025,MRD-CO,2.0 가솔린,FWD,오션 블루,37,38,-9891
2025-07,south,MRD,2025,MRD-CO,2.0 가솔린,FWD,선셋 레드,30,31,-7912
2025-07,south,MRD,2025,MRD-CO,2.0 가솔린,FWD,포레스트 그린,19,19,-4945
2025-07,south,MRD,2025,MRD-CO,2.0 가솔린,FWD,샌드 베이지,19,19,-4945
2025-07,south,MRD,2025,MRD-CO,1.6T 하이브리드,AWD,스노우 화이트,12,12,-3189
2025-07,south,MRD,2025,MRD-CO,1.6T 하이브리드,AWD,미드나잇 블랙,10,10,-2524
2025-07,south,MRD,2025,MRD-CO,1.6T 하이브리드,AWD,스틸 그레이,8,8,-2126
2025-07,south,MRD,2025,MRD-CO,1.6T 하이브리드,AWD,실버,7,7,-1727
2025-07,south,MRD,2025,MRD-CO,1.6T 하이브리드,AWD,오션 블루,5,5,-1329
2025-07,south,MRD,2025,MRD-CO,1.6T 하이브리드,AWD,선셋 레드,4,4,-1063
2025-07,south,MRD,2025,MRD-CO,1.6T 하이브리드,AWD,포레스트 그린,3,3,-664
2025-07,south,MRD,2025,MRD-CO,1.6T 하이브리드,AWD,샌드 베이지,3,3,-664
2025-07,south,MRD,2025,MRD-CO,1.6T 하이브리드,FWD,스노우 화이트,72,73,-18956
2025-07,south,MRD,2025,MRD-CO,1.6T 하이브리드,FWD,미드나잇 블랙,57,58,-15007
2025-07,south,MRD,2025,MRD-CO,1.6T 하이브리드,FWD,스틸 그레이,48,49,-12637
2025-07,south,MRD,2025,MRD-CO,1.6T 하이브리드,FWD,실버,39,40,-10268
2025-07,south,MRD,2025,MRD-CO,1.6T 하이브리드,FWD,오션 블루,30,31,-7898
2025-07,south,MRD,2025,MRD-CO,1.6T 하이브리드,FWD,선셋 레드,24,24,-6319
2025-07,south,MRD,2025,MRD-CO,1.6T 하이브리드,FWD,포레스트 그린,15,15,-3949
2025-07,south,MRD,2025,MRD-CO,1.6T 하이브리드,FWD,샌드 베이지,15,15,-3949
2025-07,south,MRD,2025,MRD-PR,2.0 가솔린,AWD,스노우 화이트,18,18,-886
2025-07,south,MRD,2025,MRD-PR,2.0 가솔린,AWD,미드나잇 블랙,14,14,-702
2025-07,south,MRD,2025,MRD-PR,2.0 가솔린,AWD,스틸 그레이,12,12,-591
2025-07,south,MRD,2025,MRD-PR,2.0 가솔린,AWD,실버,9,10,-480
2025-07,south,MRD,2025,MRD-PR,2.0 가솔린,AWD,오션 블루,7,7,-369
2025-07,south,MRD,2025,MRD-PR,2.0 가솔린,AWD,선셋 레드,6,6,-295
2025-07,south,MRD,2025,MRD-PR,2.0 가솔린,AWD,포레스트 그린,4,4,-185
2025-07,south,MRD,2025,MRD-PR,2.0 가솔린,AWD,샌드 베이지,4,4,-185
2025-07,south,MRD,2025,MRD-PR,2.0 가솔린,FWD,스노우 화이트,104,106,-5268
2025-07,south,MRD,2025,MRD-PR,2.0 가솔린,FWD,미드나잇 블랙,82,84,-4171
2025-07,south,MRD,2025,MRD-PR,2.0 가솔린,FWD,스틸 그레이,69,71,-3512
2025-07,south,MRD,2025,MRD-PR,2.0 가솔린,FWD,실버,56,58,-2854
2025-07,south,MRD,2025,MRD-PR,2.0 가솔린,FWD,오션 블루,43,44,-2195
2025-07,south,MRD,2025,MRD-PR,2.0 가솔린,FWD,선셋 레드,35,35,-1756
2025-07,south,MRD,2025,MRD-PR,2.0 가솔린,FWD,포레스트 그린,22,22,-1098
2025-07,south,MRD,2025,MRD-PR,2.0 가솔린,FWD,샌드 베이지,22,22,-1098
2025-07,south,MRD,2025,MRD-PR,1.6T 하이브리드,AWD,스노우 화이트,14,14,-708
2025-07,south,MRD,2025,MRD-PR,1.6T 하이브리드,AWD,미드나잇 블랙,11,11,-560
2025-07,south,MRD,2025,MRD-PR,1.6T 하이브리드,AWD,스틸 그레이,9,10,-472
2025-07,south,MRD,2025,MRD-PR,1.6T 하이브리드,AWD,실버,8,8,-383
2025-07,south,MRD,2025,MRD-PR,1.6T 하이브리드,AWD,오션 블루,6,6,-295
2025-07,south,MRD,2025,MRD-PR,1.6T 하이브리드,AWD,선셋 레드,5,5,-236
2025-07,south,MRD,2025,MRD-PR,1.6T 하이브리드,AWD,포레스트 그린,3,3,-147
2025-07,south,MRD,2025,MRD-PR,1.6T 하이브리드,AWD,샌드 베이지,3,3,-147
2025-07,south,MRD,2025,MRD-PR,1.6T 하이브리드,FWD,스노우 화이트,83,85,-4207
2025-07,south,MRD,2025,MRD-PR,1.6T 하이브리드,FWD,미드나잇 블랙,66,67,-3331
2025-07,south,MRD,2025,MRD-PR,1.6T 하이브리드,FWD,스틸 그레이,55,57,-2805
2025-07,south,MRD,2025,MRD-PR,1.6T 하이브리드,FWD,실버,45,46,-2279
2025-07,south,MRD,2025,MRD-PR,1.6T 하이브리드,FWD,오션 블루,35,35,-1753
2025-07,south,MRD,2025,MRD-PR,1.6T 하이브리드,FWD,선셋 레드,28,28,-1402
2025-07,south,MRD,2025,MRD-PR,1.6T 하이브리드,FWD,포레스트 그린,17,18,-876
2025-07,south,MRD,2025,MRD-PR,1.6T 하이브리드,FWD,샌드 베이지,17,18,-876
2025-07,south,MRD,2025,MRD-SP,2.0 가솔린,AWD,스노우 화이트,7,7,2313
2025-07,south,MRD,2025,MRD-SP,2.0 가솔린,AWD,미드나잇 블랙,6,6,1831
2025-07,south,MRD,2025,MRD-SP,2.0 가솔린,AWD,스틸 그레이,5,5,1542
2025-07,south,MRD,2025,MRD-SP,2.0 가솔린,AWD,실버,4,4,1253
2025-07,south,MRD,2025,MRD-SP,2.0 가솔린,AWD,오션 블루,3,3,964
2025-07,south,MRD,2025,MRD-SP,2.0 가솔린,AWD,선셋 레드,2,2,771
2025-07,south,MRD,2025,MRD-SP,2.0 가솔린,AWD,포레스트 그린,1,2,482
2025-07,south,MRD,2025,MRD-SP,2.0 가솔린,AWD,샌드 베이지,1,2,482
2025-07,south,MRD,2025,MRD-SP,2.0 가솔린,FWD,스노우 화이트,43,43,13750
2025-07,south,MRD,2025,MRD-SP,2.0 가솔린,FWD,미드나잇 블랙,34,34,10886
2025-07,south,MRD,2025,MRD-SP,2.0 가솔린,FWD,스틸 그레이,28,29,9167
2025-07,south,MRD,2025,MRD-SP,2.0 가솔린,FWD,실버,23,24,7448
2025-07,south,MRD,2025,MRD-SP,2.0 가솔린,FWD,오션 블루,18,18,5729
2025-07,south,MRD,2025,MRD-SP,2.0 가솔린,FWD,선셋 레드,14,14,4583
2025-07,south,MRD,2025,MRD-SP,2.0 가솔린,FWD,포레스트 그린,9,9,2865
2025-07,south,MRD,2025,MRD-SP,2.0 가솔린,FWD,샌드 베이지,9,9,2865
2025-07,south,MRD,2025,MRD-SP,1.6T 하이브리드,AWD,스노우 화이트,6,6,1847
2025-07,south,MRD,2025,MRD-SP,1.6T 하이브리드,AWD,미드나잇 블랙,5,5,1462
2025-07,south,MRD,2025,MRD-SP,1.6T 하이브리드,AWD,스틸 그레이,4,4,1231
2025-07,south,MRD,2025,MRD-SP,1.6T 하이브리드,AWD,실버,3,3,1001
2025-07,south,MRD,2025,MRD-SP,1.6T 하이브리드,AWD,오션 블루,2,2,770
2025-07,south,MRD,2025,MRD-SP,1.6T 하이브리드,AWD,선셋 레드,2,2,616
2025-07,south,MRD,2025,MRD-SP,1.6T 하이브리드,AWD,포레스트 그린,1,1,385
2025-07,south,MRD,2025,MRD-SP,1.6T 하이브리드,AWD,샌드 베이지,1,1,385
2025-07,south,MRD,2025,MRD-SP,1.6T 하이브리드,FWD,스노우 화이트,34,35,10980
2025-07,south,MRD,2025,MRD-SP,1.6T 하이브리드,FWD,미드나잇 블랙,27,27,8693
2025-07,south,MRD,2025,MRD-SP,1.6T 하이브리드,FWD,스틸 그레이,23,23,7320
2025-07,south,MRD,2025,MRD-SP,1.6T 하이브리드,FWD,실버,18,19,5948
2025-07,south,MRD,2025,MRD-SP,1.6T 하이브리드,FWD,오션 블루,14,14,4575
2025-07,south,MRD,2025,MRD-SP,1.6T 하이브리드,FWD,선셋 레드,11,12,3660
2025-07,south,MRD,2025,MRD-SP,1.6T 하이브리드,FWD,포레스트 그린,7,7,2288
2025-07,south,MRD,2025,MRD-SP,1.6T 하이브리드,FWD,샌드 베이지,7,7,2288
2025-07,northeast,MRD,2025,MRD-CO,2.0 가솔린,AWD,스노우 화이트,21,22,-5571
2025-07,northeast,MRD,2025,MRD-CO,2.0 가솔린,AWD,미드나잇 블랙,17,17,-4411
2025-07,northeast,MRD,2025,MRD-CO,2.0 가솔린,AWD,스틸 그레이,14,14,-3714
2025-07,northeast,MRD,2025,MRD-CO,2.0 가솔린,AWD,실버,11,12,-3018
2025-07,northeast,MRD,2025,MRD-CO,2.0 가솔린,AWD,오션 블루,9,9,-2321
2025-07,northeast,MRD,2025,MRD-CO,2.0 가솔린,AWD,선셋 레드,7,7,-1857
2025-07,northeast,MRD,2025,MRD-CO,2.0 가솔린,AWD,포레스트 그린,4,4,-1161
2025-07,northeast,MRD,2025,MRD-CO,2.0 가솔린,AWD,샌드 베이지,4,4,-1161
2025-07,northeast,MRD,2025,MRD-CO,2.0 가솔린,FWD,스노우 화이트,60,61,-15857
2025-07,northeast,MRD,2025,MRD-CO,2.0 가솔린,FWD,미드나잇 블랙,48,49,-12553
2025-07,northeast,MRD,2025,MRD-CO,2.0 가솔린,FWD,스틸 그레이,40,41,-10571
2025-07,northeast,MRD,2025,MRD-CO,2.0 가솔린,FWD,실버,33,33,-8589
2025-07,northeast,MRD,2025,MRD-CO,2.0 가솔린,FWD,오션 블루,25,26,-6607
2025-07,northeast,MRD,2025,MRD-CO,2.0 가솔린,FWD,선셋 레드,20,20,-5286
2025-07,northeast,MRD,2025,MRD-CO,2.0 가솔린,FWD,포레스트 그린,13,13,-3304
2025-07,northeast,MRD,2025,MRD-CO,2.0 가솔린,FWD,샌드 베이지,13,13,-3304
2025-07,northeast,MRD,2025,MRD-CO,1.6T 하이브리드,AWD,스노우 화이트,17,17,-4449
2025-07,northeast,MRD,2025,MRD-CO,1.6T 하이브리드,AWD,미드나잇 블랙,13,14,-3522
2025-07,northeast,MRD,2025,MRD-CO,1.6T 하이브리드,AWD,스틸 그레이,11,11,-2966
2025-07,northeast,MRD,2025,MRD-CO,1.6T 하이브리드,AWD,실버,9,9,-2410
2025-07,northeast,MRD,2025,MRD-CO,1.6T 하이브리드,AWD,오션 블루,7,7,-1854
2025-07,northeast,MRD,2025,MRD-CO,1.6T 하이브리드,AWD,선셋 레드,6,6,-1483
2025-07,northeast,MRD,2025,MRD-CO,1.6T 하이브리드,AWD,포레스트 그린,4,4,-927
2025-07,northeast,MRD,2025,MRD-CO,1.6T 하이브리드,AWD,샌드 베이지,4,4,-927
2025-07,northeast,MRD,2025,MRD-CO,1.6T 하이브리드,FWD,스노우 화이트,48,49,-12663
2025-07,northeast,MRD,2025,MRD-CO,1.6T 하이브리드,FWD,미드나잇 블랙,38,39,-10025
2025-07,northeast,MRD,2025,MRD-CO,1.6T 하이브리드,FWD,스틸 그레이,32,33,-8442
2025-07,northeast,MRD,2025,MRD-CO,1.6T 하이브리드,FWD,실버,26,27,-6859
2025-07,northeast,MRD,2025,MRD-CO,1.6T 하이브리드,FWD,오션 블루,20,20,-5276
2025-07,northeast,MRD,2025,MRD-CO,1.6T 하이브리드,FWD,선셋 레드,16,16,-4221
2025-07,northeast,MRD,2025,MRD-CO,1.6T 하이브리드,FWD,포레스트 그린,10,10,-2638
2025-07,northeast,MRD,2025,MRD-CO,1.6T 하이브리드,FWD,샌드 베이지,10,10,-2638
2025-07,northeast,MRD,2025,MRD-PR,2.0 가솔린,AWD,스노우 화이트,24,25,-1237
2025-07,northeast,MRD,2025,MRD-PR,2.0 가솔린,AWD,미드나잇 블랙,19,20,-979
2025-07,northeast,MRD,2025,MRD-PR,2.0 가솔린,AWD,스틸 그레이,16,17,-824
2025-07,northeast,MRD,2025,MRD-PR,2.0 가솔린,AWD,실버,13,14,-670
2025-07,northeast,MRD,2025,MRD-PR,2.0 가솔린,AWD,오션 블루,10,10,-515
2025-07,northeast,MRD,2025,MRD-PR,2.0 가솔린,AWD,선셋 레드,8,8,-412
2025-07,northeast,MRD,2025,MRD-PR,2.0 가솔린,AWD,포레스트 그린,5,5,-258
2025-07,northeast,MRD,2025,MRD-PR,2.0 가솔린,AWD,샌드 베이지,5,5,-258
2025-07,northeast,MRD,2025,MRD-PR,2.0 가솔린,FWD,스노우 화이트,70,71,-3519
2025-07,northeast,MRD,2025,MRD-PR,2.0 가솔린,FWD,미드나잇 블랙,55,56,-2786
2025-07,northeast,MRD,2025,MRD-PR,2.0 가솔린,FWD,스틸 그레이,46,47,-2346
2025-07,northeast,MRD,2025,MRD-PR,2.0 가솔린,FWD,실버,38,38,-1906
2025-07,northeast,MRD,2025,MRD-PR,2.0 가솔린,FWD,오션 블루,29,30,-1466
2025-07,northeast,MRD,2025,MRD-PR,2.0 가솔린,FWD,선셋 레드,23,24,-1173
2025-07,northeast,MRD,2025,MRD-PR,2.0 가솔린,FWD,포레스트 그린,14,15,-733
2025-07,northeast,MRD,2025,MRD-PR,2.0 가솔린,FWD,샌드 베이지,14,15,-733
2025-07,northeast,MRD,2025,MRD-PR,1.6T 하이브리드,AWD,스노우 화이트,20,20,-987
2025-07,northeast,MRD,2025,MRD-PR,1.6T 하이브리드,AWD,미드나잇 블랙,15,16,-782
2025-07,northeast,MRD,2025,MRD-PR,1.6T 하이브리드,AWD,스틸 그레이,13,13,-658
2025-07,northeast,MRD,2025,MRD-PR,1.6T 하이브리드,AWD,실버,11,11,-535
2025-07,northeast,MRD,2025,MRD-PR,1.6T 하이브리드,AWD,오션 블루,8,8,-411
2025-07,northeast,MRD,2025,MRD-PR,1.6T 하이브리드,AWD,선셋 레드,7,7,-329
2025-07,northeast,MRD,2025,MRD-PR,1.6T 하이브리드,AWD,포레스트 그린,4,4,-206
2025-07,northeast,MRD,2025,MRD-PR,1.6T 하이브리드,AWD,샌드 베이지,4,4,-206
2025-07,northeast,MRD,2025,MRD-PR,1.6T 하이브리드,FWD,스노우 화이트,56,57,-2810
2025-07,northeast,MRD,2025,MRD-PR,1.6T 하이브리드,FWD,미드나잇 블랙,44,45,-2225
2025-07,northeast,MRD,2025,MRD-PR,1.6T 하이브리드,FWD,스틸 그레이,37,38,-1874
2025-07,northeast,MRD,2025,MRD-PR,1.6T 하이브리드,FWD,실버,30,31,-1522
2025-07,northeast,MRD,2025,MRD-PR,1.6T 하이브리드,FWD,오션 블루,23,24,-1171
2025-07,northeast,MRD,2025,MRD-PR,1.6T 하이브리드,FWD,선셋 레드,19,19,-937
2025-07,northeast,MRD,2025,MRD-PR,1.6T 하이브리드,FWD,포레스트 그린,12,12,-586
2025-07,northeast,MRD,2025,MRD-PR,1.6T 하이브리드,FWD,샌드 베이지,12,12,-586
2025-07,northeast,MRD,2025,MRD-SP,2.0 가솔린,AWD,스노우 화이트,10,10,3227
2025-07,northeast,MRD,2025,MRD-SP,2.0 가솔린,AWD,미드나잇 블랙,8,8,2555
2025-07,northeast,MRD,2025,MRD-SP,2.0 가솔린,AWD,스틸 그레이,7,7,2151
2025-07,northeast,MRD,2025,MRD-SP,2.0 가솔린,AWD,실버,5,6,1748
2025-07,northeast,MRD,2025,MRD-SP,2.0 가솔린,AWD,오션 블루,4,4,1345
2025-07,northeast,MRD,2025,MRD-SP,2.0 가솔린,AWD,선셋 레드,3,3,1076
2025-07,northeast,MRD,2025,MRD-SP,2.0 가솔린,AWD,포레스트 그린,2,2,672
2025-07,northeast,MRD,2025,MRD-SP,2.0 가솔린,AWD,샌드 베이지,2,2,672
2025-07,northeast,MRD,2025,MRD-SP,2.0 가솔린,FWD,스노우 화이트,28,29,9185
2025-07,northeast,MRD,2025,MRD-SP,2.0 가솔린,FWD,미드나잇 블랙,23,23,7272
2025-07,northeast,MRD,2025,MRD-SP,2.0 가솔린,FWD,스틸 그레이,19,19,6123
2025-07,northeast,MRD,2025,MRD-SP,2.0 가솔린,FWD,실버,15,16,4975
2025-07,northeast,MRD,2025,MRD-SP,2.0 가솔린,FWD,오션 블루,12,12,3827
2025-07,northeast,MRD,2025,MRD-SP,2.0 가솔린,FWD,선셋 레드,9,10,3062
2025-07,northeast,MRD,2025,MRD-SP,2.0 가솔린,FWD,포레스트 그린,6,6,1914
2025-07,northeast,MRD,2025,MRD-SP,2.0 가솔린,FWD,샌드 베이지,6,6,1914
2025-07,northeast,MRD,2025,MRD-SP,1.6T 하이브리드,AWD,스노우 화이트,8,8,2577
2025-07,northeast,MRD,2025,MRD-SP,1.6T 하이브리드,AWD,미드나잇 블랙,6,6,2040
2025-07,northeast,MRD,2025,MRD-SP,1.6T 하이브리드,AWD,스틸 그레이,5,5,1718
2025-07,northeast,MRD,2025,MRD-SP,1.6T 하이브리드,AWD,실버,4,4,1396
2025-07,northeast,MRD,2025,MRD-SP,1.6T 하이브리드,AWD,오션 블루,3,3,1074
2025-07,northeast,MRD,2025,MRD-SP,1.6T 하이브리드,AWD,선셋 레드,3,3,859
2025-07,northeast,MRD,2025,MRD-SP,1.6T 하이브리드,AWD,포레스트 그린,2,2,537
2025-07,northeast,MRD,2025,MRD-SP,1.6T 하이브리드,AWD,샌드 베이지,2,2,537
2025-07,northeast,MRD,2025,MRD-SP,1.6T 하이브리드,FWD,스노우 화이트,23,23,7335
2025-07,northeast,MRD,2025,MRD-SP,1.6T 하이브리드,FWD,미드나잇 블랙,18,18,5807
2025-07,northeast,MRD,2025,MRD-SP,1.6T 하이브리드,FWD,스틸 그레이,15,15,4890
2025-07,northeast,MRD,2025,MRD-SP,1.6T 하이브리드,FWD,실버,12,13,3973
2025-07,northeast,MRD,2025,MRD-SP,1.6T 하이브리드,FWD,오션 블루,9,10,3056
2025-07,northeast,MRD,2025,MRD-SP,1.6T 하이브리드,FWD,선셋 레드,8,8,2445
2025-07,northeast,MRD,2025,MRD-SP,1.6T 하이브리드,FWD,포레스트 그린,5,5,1528
2025-07,northeast,MRD,2025,MRD-SP,1.6T 하이브리드,FWD,샌드 베이지,5,5,1528
2025-07,southeast,MRD,2025,MRD-CO,2.0 가솔린,AWD,스노우 화이트,15,15,-3857
2025-07,southeast,MRD,2025,MRD-CO,2.0 가솔린,AWD,미드나잇 블랙,12,12,-3054
2025-07,southeast,MRD,2025,MRD-CO,2.0 가솔린,AWD,스틸 그레이,10,10,-2571
2025-07,southeast,MRD,2025,MRD-CO,2.0 가솔린,AWD,실버,8,8,-2089
2025-07,southeast,MRD,2025,MRD-CO,2.0 가솔린,AWD,오션 블루,6,6,-1607
2025-07,southeast,MRD,2025,MRD-CO,2.0 가솔린,AWD,선셋 레드,5,5,-1286
2025-07,southeast,MRD,2025,MRD-CO,2.0 가솔린,AWD,포레스트 그린,3,3,-804
2025-07,southeast,MRD,2025,MRD-CO,2.0 가솔린,AWD,샌드 베이지,3,3,-804
2025-07,southeast,MRD,2025,MRD-CO,2.0 가솔린,FWD,스노우 화이트,71,73,-18832
2025-07,southeast,MRD,2025,MRD-CO,2.0 가솔린,FWD,미드나잇 블랙,57,58,-14908
2025-07,southeast,MRD,2025,MRD-CO,2.0 가솔린,FWD,스틸 그레이,48,49,-12554
2025-07,southeast,MRD,2025,MRD-CO,2.0 가솔린,FWD,실버,39,39,-10200
2025-07,southeast,MRD,2025,MRD-CO,2.0 가솔린,FWD,오션 블루,30,30,-7847
2025-07,southeast,MRD,2025,MRD-CO,2.0 가솔린,FWD,선셋 레드,24,24,-6277
2025-07,southeast,MRD,2025,MRD-CO,2.0 가솔린,FWD,포레스트 그린,15,15,-3923
2025-07,southeast,MRD,2025,MRD-CO,2.0 가솔린,FWD,샌드 베이지,15,15,-3923
2025-07,southeast,MRD,2025,MRD-CO,1.6T 하이브리드,AWD,스노우 화이트,12,12,-3080
2025-07,southeast,MRD,2025,MRD-CO,1.6T 하이브리드,AWD,미드나잇 블랙,9,9,-2438
2025-07,southeast,MRD,2025,MRD-CO,1.6T 하이브리드,AWD,스틸 그레이,8,8,-2053
2025-07,southeast,MRD,2025,MRD-CO,1.6T 하이브리드,AWD,실버,6,6,-1668
2025-07,southeast,MRD,2025,MRD-CO,1.6T 하이브리드,AWD,오션 블루,5,5,-1283
2025-07,southeast,MRD,2025,MRD-CO,1.6T 하이브리드,AWD,선셋 레드,4,4,-1027
2025-07,southeast,MRD,2025,MRD-CO,1.6T 하이브리드,AWD,포레스트 그린,2,2,-642
2025-07,southeast,MRD,2025,MRD-CO,1.6T 하이브리드,AWD,샌드 베이지,2,2,-642
2025-07,southeast,MRD,2025,MRD-CO,1.6T 하이브리드,FWD,스노우 화이트,57,58,-15038
2025-07,southeast,MRD,2025,MRD-CO,1.6T 하이브리드,FWD,미드나잇 블랙,45,46,-11905
2025-07,southeast,MRD,2025,MRD-CO,1.6T 하이브리드,FWD,스틸 그레이,38,39,-10025
2025-07,southeast,MRD,2025,MRD-CO,1.6T 하이브리드,FWD,실버,31,31,-8146
2025-07,southeast,MRD,2025,MRD-CO,1.6T 하이브리드,FWD,오션 블루,24,24,-6266
2025-07,southeast,MRD,2025,MRD-CO,1.6T 하이브리드,FWD,선셋 레드,19,19,-5013
2025-07,southeast,MRD,2025,MRD-CO,1.6T 하이브리드,FWD,포레스트 그린,12,12,-3133
2025-07,southeast,MRD,2025,MRD-CO,1.6T 하이브리드,FWD,샌드 베이지,12,12,-3133
2025-07,southeast,MRD,2025,MRD-PR,2.0 가솔린,AWD,스노우 화이트,17,17,-856
2025-07,southeast,MRD,2025,MRD-PR,2.0 가솔린,AWD,미드나잇 블랙,13,14,-678
2025-07,southeast,MRD,2025,MRD-PR,2.0 가솔린,AWD,스틸 그레이,11,12,-571
2025-07,southeast,MRD,2025,MRD-PR,2.0 가솔린,AWD,실버,9,9,-464
2025-07,southeast,MRD,2025,MRD-PR,2.0 가솔린,AWD,오션 블루,7,7,-357
2025-07,southeast,MRD,2025,MRD-PR,2.0 가솔린,AWD,선셋 레드,6,6,-285
2025-07,southeast,MRD,2025,MRD-PR,2.0 가솔린,AWD,포레스트 그린,4,4,-178
2025-07,southeast,MRD,2025,MRD-PR,2.0 가솔린,AWD,샌드 베이지,4,4,-178
2025-07,southeast,MRD,2025,MRD-PR,2.0 가솔린,FWD,스노우 화이트,83,84,-4180
2025-07,southeast,MRD,2025,MRD-PR,2.0 가솔린,FWD,미드나잇 블랙,65,67,-3309
2025-07,southeast,MRD,2025,MRD-PR,2.0 가솔린,FWD,스틸 그레이,55,56,-2786
2025-07,southeast,MRD,2025,MRD-PR,2.0 가솔린,FWD,실버,45,46,-2264
2025-07,southeast,MRD,2025,MRD-PR,2.0 가솔린,FWD,오션 블루,34,35,-1741
2025-07,southeast,MRD,2025,MRD-PR,2.0 가솔린,FWD,선셋 레드,28,28,-1393
2025-07,southeast,MRD,2025,MRD-PR,2.0 가솔린,FWD,포레스트 그린,17,18,-871
2025-07,southeast,MRD,2025,MRD-PR,2.0 가솔린,FWD,샌드 베이지,17,18,-871
2025-07,southeast,MRD,2025,MRD-PR,1.6T 하이브리드,AWD,스노우 화이트,14,14,-684
2025-07,southeast,MRD,2025,MRD-PR,1.6T 하이브리드,AWD,미드나잇 블랙,11,11,-541
2025-07,southeast,MRD,2025,MRD-PR,1.6T 하이브리드,AWD,스틸 그레이,9,9,-456
2025-07,southeast,MRD,2025,MRD-PR,1.6T 하이브리드,AWD,실버,7,7,-370
2025-07,southeast,MRD,2025,MRD-PR,1.6T 하이브리드,AWD,오션 블루,6,6,-285
2025-07,southeast,MRD,2025,MRD-PR,1.6T 하이브리드,AWD,선셋 레드,5,5,-228
2025-07,southeast,MRD,2025,MRD-PR,1.6T 하이브리드,AWD,포레스트 그린,3,3,-142
2025-07,southeast,MRD,2025,MRD-PR,1.6T 하이브리드,AWD,샌드 베이지,3,3,-142
2025-07,southeast,MRD,2025,MRD-PR,1.6T 하이브리드,FWD,스노우 화이트,66,67,-3338
2025-07,southeast,MRD,2025,MRD-PR,1.6T 하이브리드,FWD,미드나잇 블랙,52,53,-2642
2025-07,southeast,MRD,2025,MRD-PR,1.6T 하이브리드,FWD,스틸 그레이,44,45,-2225
2025-07,southeast,MRD,2025,MRD-PR,1.6T 하이브리드,FWD,실버,36,36,-1808
2025-07,southeast,MRD,2025,MRD-PR,1.6T 하이브리드,FWD,오션 블루,27,28,-1391
2025-07,southeast,MRD,2025,MRD-PR,1.6T 하이브리드,FWD,선셋 레드,22,22,-1113
2025-07,southeast,MRD,2025,MRD-PR,1.6T 하이브리드,FWD,포레스트 그린,14,14,-695
2025-07,southeast,MRD,2025,MRD-PR,1.6T 하이브리드,FWD,샌드 베이지,14,14,-695
2025-07,southeast,MRD,2025,MRD-SP,2.0 가솔린,AWD,스노우 화이트,7,7,2234
2025-07,southeast,MRD,2025,MRD-SP,2.0 가솔린,AWD,미드나잇 블랙,5,6,1769
2025-07,southeast,MRD,2025,MRD-SP,2.0 가솔린,AWD,스틸 그레이,5,5,1489
2025-07,southeast,MRD,2025,MRD-SP,2.0 가솔린,AWD,실버,4,4,1210
2025-07,southeast,MRD,2025,MRD-SP,2.0 가솔린,AWD,오션 블루,3,3,931
2025-07,southeast,MRD,2025,MRD-SP,2.0 가솔린,AWD,선셋 레드,2,2,745
2025-07,southeast,MRD,2025,MRD-SP,2.0 가솔린,AWD,포레스트 그린,1,1,465
2025-07,southeast,MRD,2025,MRD-SP,2.0 가솔린,AWD,샌드 베이지,1,1,465
2025-07,southeast,MRD,2025,MRD-SP,2.0 가솔린,FWD,스노우 화이트,34,34,10908
2025-07,southeast,MRD,2025,MRD-SP,2.0 가솔린,FWD,미드나잇 블랙,27,27,8636
2025-07,southeast,MRD,2025,MRD-SP,2.0 가솔린,FWD,스틸 그레이,23,23,7272
2025-07,southeast,MRD,2025,MRD-SP,2.0 가솔린,FWD,실버,18,19,5909
2025-07,southeast,MRD,2025,MRD-SP,2.0 가솔린,FWD,오션 블루,14,14,4545
2025-07,southeast,MRD,2025,MRD-SP,2.0 가솔린,FWD,선셋 레드,11,11,3636
2025-07,southeast,MRD,2025,MRD-SP,2.0 가솔린,FWD,포레스트 그린,7,7,2273
2025-07,southeast,MRD,2025,MRD-SP,2.0 가솔린,FWD,샌드 베이지,7,7,2273
2025-07,southeast,MRD,2025,MRD-SP,1.6T 하이브리드,AWD,스노우 화이트,6,6,1784
2025-07,southeast,MRD,2025,MRD-SP,1.6T 하이브리드,AWD,미드나잇 블랙,4,4,1412
2025-07,southeast,MRD,2025,MRD-SP,1.6T 하이브리드,AWD,스틸 그레이,4,4,1189
2025-07,southeast,MRD,2025,MRD-SP,1.6T 하이브리드,AWD,실버,3,3,966
2025-07,southeast,MRD,2025,MRD-SP,1.6T 하이브리드,AWD,오션 블루,2,2,743
2025-07,southeast,MRD,2025,MRD-SP,1.6T 하이브리드,AWD,선셋 레드,2,2,595
2025-07,southeast,MRD,2025,MRD-SP,1.6T 하이브리드,AWD,포레스트 그린,1,1,372
2025-07,southeast,MRD,2025,MRD-SP,1.6T 하이브리드,AWD,샌드 베이지,1,1,372
2025-07,southeast,MRD,2025,MRD-SP,1.6T 하이브리드,FWD,스노우 화이트,27,28,8711
2025-07,southeast,MRD,2025,MRD-SP,1.6T 하이브리드,FWD,미드나잇 블랙,21,22,6896
2025-07,southeast,MRD,2025,MRD-SP,1.6T 하이브리드,FWD,스틸 그레이,18,18,5807
2025-07,southeast,MRD,2025,MRD-SP,1.6T 하이브리드,FWD,실버,15,15,4718
2025-07,southeast,MRD,2025,MRD-SP,1.6T 하이브리드,FWD,오션 블루,11,11,3630
2025-07,southeast,MRD,2025,MRD-SP,1.6T 하이브리드,FWD,선셋 레드,9,9,2904
2025-07,southeast,MRD,2025,MRD-SP,1.6T 하이브리드,FWD,포레스트 그린,6,6,1815
2025-07,southeast,MRD,2025,MRD-SP,1.6T 하이브리드,FWD,샌드 베이지,6,6,1815
2025-07,west,NOV,2025,NOV-CO,3.5 가솔린,AWD,스노우 화이트,35,36,1481
2025-07,west,NOV,2025,NOV-CO,3.5 가솔린,AWD,미드나잇 블랙,28,29,1172
2025-07,west,NOV,2025,NOV-CO,3.5 가솔린,AWD,스틸 그레이,24,24,987
2025-07,west,NOV,2025,NOV-CO,3.5 가솔린,AWD,실버,19,20,802
2025-07,west,NOV,2025,NOV-CO,3.5 가솔린,AWD,오션 블루,15,15,617
2025-07,west,NOV,2025,NOV-CO,3.5 가솔린,AWD,선셋 레드,12,12,494
2025-07,west,NOV,2025,NOV-CO,3.5 가솔린,AWD,포레스트 그린,7,8,309
2025-07,west,NOV,2025,NOV-CO,3.5 가솔린,AWD,샌드 베이지,7,8,309
2025-07,west,NOV,2025,NOV-CO,3.5 가솔린,FWD,스노우 화이트,66,67,2750
2025-07,west,NOV,2025,NOV-CO,3.5 가솔린,FWD,미드나잇 블랙,52,53,2177
2025-07,west,NOV,2025,NOV-CO,3.5 가솔린,FWD,스틸 그레이,44,45,1833
2025-07,west,NOV,2025,NOV-CO,3.5 가솔린,FWD,실버,36,36,1490
2025-07,west,NOV,2025,NOV-CO,3.5 가솔린,FWD,오션 블루,27,28,1146
2025-07,west,NOV,2025,NOV-CO,3.5 가솔린,FWD,선셋 레드,22,22,917
2025-07,west,NOV,2025,NOV-CO,3.5 가솔린,FWD,포레스트 그린,14,14,573
2025-07,west,NOV,2025,NOV-CO,3.5 가솔린,FWD,샌드 베이지,14,14,573
2025-07,west,NOV,2025,NOV-CO,1.6T 하이브리드,AWD,스노우 화이트,28,29,1183
2025-07,west,NOV,2025,NOV-CO,1.6T 하이브리드,AWD,미드나잇 블랙,22,23,936
2025-07,west,NOV,2025,NOV-CO,1.6T 하이브리드,AWD,스틸 그레이,19,19,788
2025-07,west,NOV,2025,NOV-CO,1.6T 하이브리드,AWD,실버,15,16,641
2025-07,west,NOV,2025,NOV-CO,1.6T 하이브리드,AWD,오션 블루,12,12,493
2025-07,west,NOV,2025,NOV-CO,1.6T 하이브리드,AWD,선셋 레드,9,10,394
2025-07,west,NOV,2025,NOV-CO,1.6T 하이브리드,AWD,포레스트 그린,6,6,246
2025-07,west,NOV,2025,NOV-CO,1.6T 하이브리드,AWD,샌드 베이지,6,6,246
2025-07,west,NOV,2025,NOV-CO,1.6T 하이브리드,FWD,스노우 화이트,52,53,2196
2025-07,west,NOV,2025,NOV-CO,1.6T 하이브리드,FWD,미드나잇 블랙,41,42,1739
2025-07,west,NOV,2025,NOV-CO,1.6T 하이브리드,FWD,스틸 그레이,35,36,1464
2025-07,west,NOV,2025,NOV-CO,1.6T 하이브리드,FWD,실버,28,29,1190
2025-07,west,NOV,2025,NOV-CO,1.6T 하이브리드,FWD,오션 블루,22,22,915
2025-07,west,NOV,2025,NOV-CO,1.6T 하이브리드,FWD,선셋 레드,17,18,732
2025-07,west,NOV,2025,NOV-CO,1.6T 하이브리드,FWD,포레스트 그린,11,11,458
2025-07,west,NOV,2025,NOV-CO,1.6T 하이브리드,FWD,샌드 베이지,11,11,458
2025-07,west,NOV,2025,NOV-PR,3.5 가솔린,AWD,스노우 화이트,41,42,14463
2025-07,west,NOV,2025,NOV-PR,3.5 가솔린,AWD,미드나잇 블랙,32,33,11450
2025-07,west,NOV,2025,NOV-PR,3.5 가솔린,AWD,스틸 그레이,27,28,9642
2025-07,west,NOV,2025,NOV-PR,3.5 가솔린,AWD,실버,22,23,7834
2025-07,west,NOV,2025,NOV-PR,3.5 가솔린,AWD,오션 블루,17,17,6026
2025-07,west,NOV,2025,NOV-PR,3.5 가솔린,AWD,선셋 레드,14,14,4821
2025-07,west,NOV,2025,NOV-PR,3.5 가솔린,AWD,포레스트 그린,9,9,3013
2025-07,west,NOV,2025,NOV-PR,3.5 가솔린,AWD,샌드 베이지,9,9,3013
2025-07,west,NOV,2025,NOV-PR,3.5 가솔린,FWD,스노우 화이트,76,77,26861
2025-07,west,NOV,2025,NOV-PR,3.5 가솔린,FWD,미드나잇 블랙,60,61,21265
2025-07,west,NOV,2025,NOV-PR,3.5 가솔린,FWD,스틸 그레이,51,52,17907
2025-07,west,NOV,2025,NOV-PR,3.5 가솔린,FWD,실버,41,42,14549
2025-07,west,NOV,2025,NOV-PR,3.5 가솔린,FWD,오션 블루,32,32,11192
2025-07,west,NOV,2025,NOV-PR,3.5 가솔린,FWD,선셋 레드,25,26,8954
2025-07,west,NOV,2025,NOV-PR,3.5 가솔린,FWD,포레스트 그린,16,16,5596
2025-07,west,NOV,2025,NOV-PR,3.5 가솔린,FWD,샌드 베이지,16,16,5596
2025-07,west,NOV,2025,NOV-PR,1.6T 하이브리드,AWD,스노우 화이트,33,33,11550
2025-07,west,NOV,2025,NOV-PR,1.6T 하이브리드,AWD,미드나잇 블랙,26,26,9144
2025-07,west,NOV,2025,NOV-PR,1.6T 하이브리드,AWD,스틸 그레이,22,22,7700
2025-07,west,NOV,2025,NOV-PR,1.6T 하이브리드,AWD,실버,18,18,6256
2025-07,west,NOV,2025,NOV-PR,1.6T 하이브리드,AWD,오션 블루,14,14,4812
2025-07,west,NOV,2025,NOV-PR,1.6T 하이브리드,AWD,선셋 레드,11,11,3850
2025-07,west,NOV,2025,NOV-PR,1.6T 하이브리드,AWD,포레스트 그린,7,7,2406
2025-07,west,NOV,2025,NOV-PR,1.6T 하이브리드,AWD,샌드 베이지,7,7,2406
2025-07,west,NOV,2025,NOV-PR,1.6T 하이브리드,FWD,스노우 화이트,61,62,21450
2025-07,west,NOV,2025,NOV-PR,1.6T 하이브리드,FWD,미드나잇 블랙,48,49,16981
2025-07,west,NOV,2025,NOV-PR,1.6T 하이브리드,FWD,스틸 그레이,40,41,14300
2025-07,west,NOV,2025,NOV-PR,1.6T 하이브리드,FWD,실버,33,34,11619
2025-07,west,NOV,2025,NOV-PR,1.6T 하이브리드,FWD,오션 블루,25,26,8937
2025-07,west,NOV,2025,NOV-PR,1.6T 하이브리드,FWD,선셋 레드,20,21,7150
2025-07,west,NOV,2025,NOV-PR,1.6T 하이브리드,FWD,포레스트 그린,13,13,4469
2025-07,west,NOV,2025,NOV-PR,1.6T 하이브리드,FWD,샌드 베이지,13,13,4469
2025-07,west,NOV,2025,NOV-LO,3.5 가솔린,AWD,스노우 화이트,17,17,15044
2025-07,west,NOV,2025,NOV-LO,3.5 가솔린,AWD,미드나잇 블랙,13,14,11910
2025-07,west,NOV,2025,NOV-LO,3.5 가솔린,AWD,스틸 그레이,11,11,10029
2025-07,west,NOV,2025,NOV-LO,3.5 가솔린,AWD,실버,9,9,8149
2025-07,west,NOV,2025,NOV-LO,3.5 가솔린,AWD,오션 블루,7,7,6268
2025-07,west,NOV,2025,NOV-LO,3.5 가솔린,AWD,선셋 레드,6,6,5015
2025-07,west,NOV,2025,NOV-LO,3.5 가솔린,AWD,포레스트 그린,3,4,3134
2025-07,west,NOV,2025,NOV-LO,3.5 가솔린,AWD,샌드 베이지,3,4,3134
2025-07,west,NOV,2025,NOV-LO,3.5 가솔린,FWD,스노우 화이트,31,32,27938
2025-07,west,NOV,2025,NOV-LO,3.5 가솔린,FWD,미드나잇 블랙,25,25,22118
2025-07,west,NOV,2025,NOV-LO,3.5 가솔린,FWD,스틸 그레이,21,21,18626
2025-07,west,NOV,2025,NOV-LO,3.5 가솔린,FWD,실버,17,17,15133
2025-07,west,NOV,2025,NOV-LO,3.5 가솔린,FWD,오션 블루,13,13,11641
2025-07,west,NOV,2025,NOV-LO,3.5 가솔린,FWD,선셋 레드,10,11,9313
2025-07,west,NOV,2025,NOV-LO,3.5 가솔린,FWD,포레스트 그린,6,7,5820
2025-07,west,NOV,2025,NOV-LO,3.5 가솔린,FWD,샌드 베이지,6,7,5820
2025-07,west,NOV,2025,NOV-LO,1.6T 하이브리드,AWD,스노우 화이트,13,14,12013
2025-07,west,NOV,2025,NOV-LO,1.6T 하이브리드,AWD,미드나잇 블랙,11,11,9511
2025-07,west,NOV,2025,NOV-LO,1.6T 하이브리드,AWD,스틸 그레이,9,9,8009
2025-07,west,NOV,2025,NOV-LO,1.6T 하이브리드,AWD,실버,7,7,6507
2025-07,west,NOV,2025,NOV-LO,1.6T 하이브리드,AWD,오션 블루,6,6,5006
2025-07,west,NOV,2025,NOV-LO,1.6T 하이브리드,AWD,선셋 레드,4,5,4004
2025-07,west,NOV,2025,NOV-LO,1.6T 하이브리드,AWD,포레스트 그린,3,3,2503
2025-07,west,NOV,2025,NOV-LO,1.6T 하이브리드,AWD,샌드 베이지,3,3,2503
2025-07,west,NOV,2025,NOV-LO,1.6T 하이브리드,FWD,스노우 화이트,25,25,22310
2025-07,west,NOV,2025,NOV-LO,1.6T 하이브리드,FWD,미드나잇 블랙,20,20,17662
2025-07,west,NOV,2025,NOV-LO,1.6T 하이브리드,FWD,스틸 그레이,17,17,14874
2025-07,west,NOV,2025,NOV-LO,1.6T 하이브리드,FWD,실버,13,14,12085
2025-07,west,NOV,2025,NOV-LO,1.6T 하이브리드,FWD,오션 블루,10,11,9296
2025-07,west,NOV,2025,NOV-LO,1.6T 하이브리드,FWD,선셋 레드,8,8,7437
2025-07,west,NOV,2025,NOV-LO,1.6T 하이브리드,FWD,포레스트 그린,5,5,4648
2025-07,west,NOV,2025,NOV-LO,1.6T 하이브리드,FWD,샌드 베이지,5,5,4648
2025-07,central,NOV,2025,NOV-CO,3.5 가솔린,AWD,스노우 화이트,27,27,1114
2025-07,central,NOV,2025,NOV-CO,3.5 가솔린,AWD,미드나잇 블랙,21,21,882
2025-07,central,NOV,2025,NOV-CO,3.5 가솔린,AWD,스틸 그레이,18,18,742
2025-07,central,NOV,2025,NOV-CO,3.5 가솔린,AWD,실버,14,15,603
2025-07,central,NOV,2025,NOV-CO,3.5 가솔린,AWD,오션 블루,11,11,464
2025-07,central,NOV,2025,NOV-CO,3.5 가솔린,AWD,선셋 레드,9,9,371
2025-07,central,NOV,2025,NOV-CO,3.5 가솔린,AWD,포레스트 그린,6,6,232
2025-07,central,NOV,2025,NOV-CO,3.5 가솔린,AWD,샌드 베이지,6,6,232
2025-07,central,NOV,2025,NOV-CO,3.5 가솔린,FWD,스노우 화이트,39,40,1653
2025-07,central,NOV,2025,NOV-CO,3.5 가솔린,FWD,미드나잇 블랙,31,32,1309
2025-07,central,NOV,2025,NOV-CO,3.5 가솔린,FWD,스틸 그레이,26,27,1102
2025-07,central,NOV,2025,NOV-CO,3.5 가솔린,FWD,실버,21,22,895
2025-07,central,NOV,2025,NOV-CO,3.5 가솔린,FWD,오션 블루,16,17,689
2025-07,central,NOV,2025,NOV-CO,3.5 가솔린,FWD,선셋 레드,13,13,551
2025-07,central,NOV,2025,NOV-CO,3.5 가솔린,FWD,포레스트 그린,8,8,344
2025-07,central,NOV,2025,NOV-CO,3.5 가솔린,FWD,샌드 베이지,8,8,344
2025-07,central,NOV,2025,NOV-CO,1.6T 하이브리드,AWD,스노우 화이트,21,22,889
2025-07,central,NOV,2025,NOV-CO,1.6T 하이브리드,AWD,미드나잇 블랙,17,17,704
2025-07,central,NOV,2025,NOV-CO,1.6T 하이브리드,AWD,스틸 그레이,14,14,593
2025-07,central,NOV,2025,NOV-CO,1.6T 하이브리드,AWD,실버,11,12,482
2025-07,central,NOV,2025,NOV-CO,1.6T 하이브리드,AWD,오션 블루,9,9,371
2025-07,central,NOV,2025,NOV-CO,1.6T 하이브리드,AWD,선셋 레드,7,7,296
2025-07,central,NOV,2025,NOV-CO,1.6T 하이브리드,AWD,포레스트 그린,4,5,185
2025-07,central,NOV,2025,NOV-CO,1.6T 하이브리드,AWD,샌드 베이지,4,5,185
2025-07,central,NOV,2025,NOV-CO,1.6T 하이브리드,FWD,스노우 화이트,31,32,1320
2025-07,central,NOV,2025,NOV-CO,1.6T 하이브리드,FWD,미드나잇 블랙,25,25,1045
2025-07,central,NOV,2025,NOV-CO,1.6T 하이브리드,FWD,스틸 그레이,21,21,880
2025-07,central,NOV,2025,NOV-CO,1.6T 하이브리드,FWD,실버,17,17,715
2025-07,central,NOV,2025,NOV-CO,1.6T 하이브리드,FWD,오션 블루,13,13,550
2025-07,central,NOV,2025,NOV-CO,1.6T 하이브리드,FWD,선셋 레드,10,11,440
2025-07,central,NOV,2025,NOV-CO,1.6T 하이브리드,FWD,포레스트 그린,7,7,275
2025-07,central,NOV,2025,NOV-CO,1.6T 하이브리드,FWD,샌드 베이지,7,7,275
2025-07,central,NOV,2025,NOV-PR,3.5 가솔린,AWD,스노우 화이트,31,31,10875
2025-07,central,NOV,2025,NOV-PR,3.5 가솔린,AWD,미드나잇 블랙,24,25,8610
2025-07,central,NOV,2025,NOV-PR,3.5 가솔린,AWD,스틸 그레이,21,21,7250
2025-07,central,NOV,2025,NOV-PR,3.5 가솔린,AWD,실버,17,17,5891
2025-07,central,NOV,2025,NOV-PR,3.5 가솔린,AWD,오션 블루,13,13,4531
2025-07,central,NOV,2025,NOV-PR,3.5 가솔린,AWD,선셋 레드,10,10,3625
2025-07,central,NOV,2025,NOV-PR,3.5 가솔린,AWD,포레스트 그린,6,7,2266
2025-07,central,NOV,2025,NOV-PR,3.5 가솔린,AWD,샌드 베이지,6,7,2266
2025-07,central,NOV,2025,NOV-PR,3.5 가솔린,FWD,스노우 화이트,46,47,16144
2025-07,central,NOV,2025,NOV-PR,3.5 가솔린,FWD,미드나잇 블랙,36,37,12781
2025-07,central,NOV,2025,NOV-PR,3.5 가솔린,FWD,스틸 그레이,30,31,10763
2025-07,central,NOV,2025,NOV-PR,3.5 가솔린,FWD,실버,25,25,8745
2025-07,central,NOV,2025,NOV-PR,3.5 가솔린,FWD,오션 블루,19,19,6727
2025-07,central,NOV,2025,NOV-PR,3.5 가솔린,FWD,선셋 레드,15,16,5381
2025-07,central,NOV,2025,NOV-PR,3.5 가솔린,FWD,포레스트 그린,10,10,3363
2025-07,central,NOV,2025,NOV-PR,3.5 가솔린,FWD,샌드 베이지,10,10,3363
2025-07,central,NOV,2025,NOV-PR,1.6T 하이브리드,AWD,스노우 화이트,25,25,8685
2025-07,central,NOV,2025,NOV-PR,1.6T 하이브리드,AWD,미드나잇 블랙,19,20,6875
2025-07,central,NOV,2025,NOV-PR,1.6T 하이브리드,AWD,스틸 그레이,16,17,5790
2025-07,central,NOV,2025,NOV-PR,1.6T 하이브리드,AWD,실버,13,14,4704
2025-07,central,NOV,2025,NOV-PR,1.6T 하이브리드,AWD,오션 블루,10,10,3619
2025-07,central,NOV,2025,NOV-PR,1.6T 하이브리드,AWD,선셋 레드,8,8,2895
2025-07,central,NOV,2025,NOV-PR,1.6T 하이브리드,AWD,포레스트 그린,5,5,1809
2025-07,central,NOV,2025,NOV-PR,1.6T 하이브리드,AWD,샌드 베이지,5,5,1809
2025-07,central,NOV,2025,NOV-PR,1.6T 하이브리드,FWD,스노우 화이트,36,37,12892
2025-07,central,NOV,2025,NOV-PR,1.6T 하이브리드,FWD,미드나잇 블랙,29,29,10206
2025-07,central,NOV,2025,NOV-PR,1.6T 하이브리드,FWD,스틸 그레이,24,25,8595
2025-07,central,NOV,2025,NOV-PR,1.6T 하이브리드,FWD,실버,20,20,6983
2025-07,central,NOV,2025,NOV-PR,1.6T 하이브리드,FWD,오션 블루,15,15,5372
2025-07,central,NOV,2025,NOV-PR,1.6T 하이브리드,FWD,선셋 레드,12,12,4297
2025-07,central,NOV,2025,NOV-PR,1.6T 하이브리드,FWD,포레스트 그린,8,8,2686
2025-07,central,NOV,2025,NOV-PR,1.6T 하이브리드,FWD,샌드 베이지,8,8,2686
2025-07,central,NOV,2025,NOV-LO,3.5 가솔린,AWD,스노우 화이트,13,13,11312
2025-07,central,NOV,2025,NOV-LO,3.5 가솔린,AWD,미드나잇 블랙,10,10,8955
2025-07,central,NOV,2025,NOV-LO,3.5 가솔린,AWD,스틸 그레이,8,9,7541
2025-07,central,NOV,2025,NOV-LO,3.5 가솔린,AWD,실버,7,7,6127
2025-07,central,NOV,2025,NOV-LO,3.5 가솔린,AWD,오션 블루,5,5,4713
2025-07,central,NOV,2025,NOV-LO,3.5 가솔린,AWD,선셋 레드,4,4,3771
2025-07,central,NOV,2025,NOV-LO,3.5 가솔린,AWD,포레스트 그린,3,3,2357
2025-07,central,NOV,2025,NOV-LO,3.5 가솔린,AWD,샌드 베이지,3,3,2357
2025-07,central,NOV,2025,NOV-LO,3.5 가솔린,FWD,스노우 화이트,19,19,16792
2025-07,central,NOV,2025,NOV-LO,3.5 가솔린,FWD,미드나잇 블랙,15,15,13294
2025-07,central,NOV,2025,NOV-LO,3.5 가솔린,FWD,스틸 그레이,12,13,11195
2025-07,central,NOV,2025,NOV-LO,3.5 가솔린,FWD,실버,10,10,9096
2025-07,central,NOV,2025,NOV-LO,3.5 가솔린,FWD,오션 블루,8,8,6997
2025-07,central,NOV,2025,NOV-LO,3.5 가솔린,FWD,선셋 레드,6,6,5597
2025-07,central,NOV,2025,NOV-LO,3.5 가솔린,FWD,포레스트 그린,4,4,3498
2025-07,central,NOV,2025,NOV-LO,3.5 가솔린,FWD,샌드 베이지,4,4,3498
2025-07,central,NOV,2025,NOV-LO,1.6T 하이브리드,AWD,스노우 화이트,10,10,9033
2025-07,central,NOV,2025,NOV-LO,1.6T 하이브리드,AWD,미드나잇 블랙,8,8,7151
2025-07,central,NOV,2025,NOV-LO,1.6T 하이브리드,AWD,스틸 그레이,7,7,6022
2025-07,central,NOV,2025,NOV-LO,1.6T 하이브리드,AWD,실버,5,6,4893
2025-07,central,NOV,2025,NOV-LO,1.6T 하이브리드,AWD,오션 블루,4,4,3764
2025-07,central,NOV,2025,NOV-LO,1.6T 하이브리드,AWD,선셋 레드,3,3,3011
2025-07,central,NOV,2025,NOV-LO,1.6T 하이브리드,AWD,포레스트 그린,2,2,1882
2025-07,central,NOV,2025,NOV-LO,1.6T 하이브리드,AWD,샌드 베이지,2,2,1882
2025-07,central,NOV,2025,NOV-LO,1.6T 하이브리드,FWD,스노우 화이트,15,15,13409
2025-07,central,NOV,2025,NOV-LO,1.6T 하이브리드,FWD,미드나잇 블랙,12,12,10616
2025-07,central,NOV,2025,NOV-LO,1.6T 하이브리드,FWD,스틸 그레이,10,10,8940
2025-07,central,NOV,2025,NOV-LO,1.6T 하이브리드,FWD,실버,8,8,7263
2025-07,central,NOV,2025,NOV-LO,1.6T 하이브리드,FWD,오션 블루,6,6,5587
2025-07,central,NOV,2025,NOV-LO,1.6T 하이브리드,FWD,선셋 레드,5,5,4470
2025-07,central,NOV,2025,NOV-LO,1.6T 하이브리드,FWD,포레스트 그린,3,3,2794
2025-07,central,NOV,2025,NOV-LO,1.6T 하이브리드,FWD,샌드 베이지,3,3,2794
2025-07,south,NOV,2025,NOV-CO,3.5 가솔린,AWD,스노우 화이트,22,22,902
2025-07,south,NOV,2025,NOV-CO,3.5 가솔린,AWD,미드나잇 블랙,17,17,714
2025-07,south,NOV,2025,NOV-CO,3.5 가솔린,AWD,스틸 그레이,14,15,601
2025-07,south,NOV,2025,NOV-CO,3.5 가솔린,AWD,실버,12,12,489
2025-07,south,NOV,2025,NOV-CO,3.5 가솔린,AWD,오션 블루,9,9,376
2025-07,south,NOV,2025,NOV-CO,3.5 가솔린,AWD,선셋 레드,7,7,301
2025-07,south,NOV,2025,NOV-CO,3.5 가솔린,AWD,포레스트 그린,4,5,188
2025-07,south,NOV,2025,NOV-CO,3.5 가솔린,AWD,샌드 베이지,4,5,188
2025-07,south,NOV,2025,NOV-CO,3.5 가솔린,FWD,스노우 화이트,64,65,2678
2025-07,south,NOV,2025,NOV-CO,3.5 가솔린,FWD,미드나잇 블랙,51,52,2120
2025-07,south,NOV,2025,NOV-CO,3.5 가솔린,FWD,스틸 그레이,43,43,1785
2025-07,south,NOV,2025,NOV-CO,3.5 가솔린,FWD,실버,35,35,1451
2025-07,south,NOV,2025,NOV-CO,3.5 가솔린,FWD,오션 블루,27,27,1116
2025-07,south,NOV,2025,NOV-CO,3.5 가솔린,FWD,선셋 레드,21,22,893
2025-07,south,NOV,2025,NOV-CO,3.5 가솔린,FWD,포레스트 그린,13,14,558
2025-07,south,NOV,2025,NOV-CO,3.5 가솔린,FWD,샌드 베이지,13,14,558
2025-07,south,NOV,2025,NOV-CO,1.6T 하이브리드,AWD,스노우 화이트,17,18,720
2025-07,south,NOV,2025,NOV-CO,1.6T 하이브리드,AWD,미드나잇 블랙,14,14,570
2025-07,south,NOV,2025,NOV-CO,1.6T 하이브리드,AWD,스틸 그레이,11,12,480
2025-07,south,NOV,2025,NOV-CO,1.6T 하이브리드,AWD,실버,9,9,390
2025-07,south,NOV,2025,NOV-CO,1.6T 하이브리드,AWD,오션 블루,7,7,300
2025-07,south,NOV,2025,NOV-CO,1.6T 하이브리드,AWD,선셋 레드,6,6,240
2025-07,south,NOV,2025,NOV-CO,1.6T 하이브리드,AWD,포레스트 그린,4,4,150
2025-07,south,NOV,2025,NOV-CO,1.6T 하이브리드,AWD,샌드 베이지,4,4,150
2025-07,south,NOV,2025,NOV-CO,1.6T 하이브리드,FWD,스노우 화이트,51,52,2139
2025-07,south,NOV,2025,NOV-CO,1.6T 하이브리드,FWD,미드나잇 블랙,40,41,1693
2025-07,south,NOV,2025,NOV-CO,1.6T 하이브리드,FWD,스틸 그레이,34,35,1426
2025-07,south,NOV,2025,NOV-CO,1.6T 하이브리드,FWD,실버,28,28,1158
2025-07,south,NOV,2025,NOV-CO,1.6T 하이브리드,FWD,오션 블루,21,22,891
2025-07,south,NOV,2025,NOV-CO,1.6T 하이브리드,FWD,선셋 레드,17,17,713
2025-07,south,NOV,2025,NOV-CO,1.6T 하이브리드,FWD,포레스트 그린,11,11,446
2025-07,south,NOV,2025,NOV-CO,1.6T 하이브리드,FWD,샌드 베이지,11,11,446
2025-07,south,NOV,2025,NOV-PR,3.5 가솔린,AWD,스노우 화이트,25,25,8812
2025-07,south,NOV,2025,NOV-PR,3.5 가솔린,AWD,미드나잇 블랙,20,20,6976
2025-07,south,NOV,2025,NOV-PR,3.5 가솔린,AWD,스틸 그레이,17,17,5874
2025-07,south,NOV,2025,NOV-PR,3.5 가솔린,AWD,실버,13,14,4773
2025-07,south,NOV,2025,NOV-PR,3.5 가솔린,AWD,오션 블루,10,11,3671
2025-07,south,NOV,2025,NOV-PR,3.5 가솔린,AWD,선셋 레드,8,8,2937
2025-07,south,NOV,2025,NOV-PR,3.5 가솔린,AWD,포레스트 그린,5,5,1836
2025-07,south,NOV,2025,NOV-PR,3.5 가솔린,AWD,샌드 베이지,5,5,1836
2025-07,south,NOV,2025,NOV-PR,3.5 가솔린,FWD,스노우 화이트,74,75,26155
2025-07,south,NOV,2025,NOV-PR,3.5 가솔린,FWD,미드나잇 블랙,59,60,20706
2025-07,south,NOV,2025,NOV-PR,3.5 가솔린,FWD,스틸 그레이,49,50,17437
2025-07,south,NOV,2025,NOV-PR,3.5 가솔린,FWD,실버,40,41,14167
2025-07,south,NOV,2025,NOV-PR,3.5 가솔린,FWD,오션 블루,31,31,10898
2025-07,south,NOV,2025,NOV-PR,3.5 가솔린,FWD,선셋 레드,25,25,8718
2025-07,south,NOV,2025,NOV-PR,3.5 가솔린,FWD,포레스트 그린,15,16,5449
2025-07,south,NOV,2025,NOV-PR,3.5 가솔린,FWD,샌드 베이지,15,16,5449
2025-07,south,NOV,2025,NOV-PR,1.6T 하이브리드,AWD,스노우 화이트,20,20,7037
2025-07,south,NOV,2025,NOV-PR,1.6T 하이브리드,AWD,미드나잇 블랙,16,16,5571
2025-07,south,NOV,2025,NOV-PR,1.6T 하이브리드,AWD,스틸 그레이,13,14,4691
2025-07,south,NOV,2025,NOV-PR,1.6T 하이브리드,AWD,실버,11,11,3811
2025-07,south,NOV,2025,NOV-PR,1.6T 하이브리드,AWD,오션 블루,8,8,2932
2025-07,south,NOV,2025,NOV-PR,1.6T 하이브리드,AWD,선셋 레드,7,7,2346
2025-07,south,NOV,2025,NOV-PR,1.6T 하이브리드,AWD,포레스트 그린,4,4,1466
2025-07,south,NOV,2025,NOV-PR,1.6T 하이브리드,AWD,샌드 베이지,4,4,1466
2025-07,south,NOV,2025,NOV-PR,1.6T 하이브리드,FWD,스노우 화이트,59,60,20886
2025-07,south,NOV,2025,NOV-PR,1.6T 하이브리드,FWD,미드나잇 블랙,47,48,16535
2025-07,south,NOV,2025,NOV-PR,1.6T 하이브리드,FWD,스틸 그레이,39,40,13924
2025-07,south,NOV,2025,NOV-PR,1.6T 하이브리드,FWD,실버,32,33,11313
2025-07,south,NOV,2025,NOV-PR,1.6T 하이브리드,FWD,오션 블루,25,25,8703
2025-07,south,NOV,2025,NOV-PR,1.6T 하이브리드,FWD,선셋 레드,20,20,6962
2025-07,south,NOV,2025,NOV-PR,1.6T 하이브리드,FWD,포레스트 그린,12,13,4351
2025-07,south,NOV,2025,NOV-PR,1.6T 하이브리드,FWD,샌드 베이지,12,13,4351
2025-07,south,NOV,2025,NOV-LO,3.5 가솔린,AWD,스노우 화이트,10,10,9165
2025-07,south,NOV,2025,NOV-LO,3.5 가솔린,AWD,미드나잇 블랙,8,8,7256
2025-07,south,NOV,2025,NOV-LO,3.5 가솔린,AWD,스틸 그레이,7,7,6110
2025-07,south,NOV,2025,NOV-LO,3.5 가솔린,AWD,실버,6,6,4964
2025-07,south,NOV,2025,NOV-LO,3.5 가솔린,AWD,오션 블루,4,4,3819
2025-07,south,NOV,2025,NOV-LO,3.5 가솔린,AWD,선셋 레드,3,3,3055
2025-07,south,NOV,2025,NOV-LO,3.5 가솔린,AWD,포레스트 그린,2,2,1909
2025-07,south,NOV,2025,NOV-LO,3.5 가솔린,AWD,샌드 베이지,2,2,1909
2025-07,south,NOV,2025,NOV-LO,3.5 가솔린,FWD,스노우 화이트,30,31,27204
2025-07,south,NOV,2025,NOV-LO,3.5 가솔린,FWD,미드나잇 블랙,24,24,21537
2025-07,south,NOV,2025,NOV-LO,3.5 가솔린,FWD,스틸 그레이,20,21,18136
2025-07,south,NOV,2025,NOV-LO,3.5 가솔린,FWD,실버,16,17,14736
2025-07,south,NOV,2025,NOV-LO,3.5 가솔린,FWD,오션 블루,13,13,11335
2025-07,south,NOV,2025,NOV-LO,3.5 가솔린,FWD,선셋 레드,10,10,9068
2025-07,south,NOV,2025,NOV-LO,3.5 가솔린,FWD,포레스트 그린,6,6,5668
2025-07,south,NOV,2025,NOV-LO,3.5 가솔린,FWD,샌드 베이지,6,6,5668
2025-07,south,NOV,2025,NOV-LO,1.6T 하이브리드,AWD,스노우 화이트,8,8,7319
2025-07,south,NOV,2025,NOV-LO,1.6T 하이브리드,AWD,미드나잇 블랙,6,7,5794
2025-07,south,NOV,2025,NOV-LO,1.6T 하이브리드,AWD,스틸 그레이,5,6,4879
2025-07,south,NOV,2025,NOV-LO,1.6T 하이브리드,AWD,실버,4,4,3964
2025-07,south,NOV,2025,NOV-LO,1.6T 하이브리드,AWD,오션 블루,3,3,3050
2025-07,south,NOV,2025,NOV-LO,1.6T 하이브리드,AWD,선셋 레드,3,3,2440
2025-07,south,NOV,2025,NOV-LO,1.6T 하이브리드,AWD,포레스트 그린,2,2,1525
2025-07,south,NOV,2025,NOV-LO,1.6T 하이브리드,AWD,샌드 베이지,2,2,1525
2025-07,south,NOV,2025,NOV-LO,1.6T 하이브리드,FWD,스노우 화이트,24,25,21724
2025-07,south,NOV,2025,NOV-LO,1.6T 하이브리드,FWD,미드나잇 블랙,19,20,17198
2025-07,south,NOV,2025,NOV-LO,1.6T 하이브리드,FWD,스틸 그레이,16,16,14483
2025-07,south,NOV,2025,NOV-LO,1.6T 하이브리드,FWD,실버,13,13,11767
2025-07,south,NOV,2025,NOV-LO,1.6T 하이브리드,FWD,오션 블루,10,10,9052
2025-07,south,NOV,2025,NOV-LO,1.6T 하이브리드,FWD,선셋 레드,8,8,7241
2025-07,south,NOV,2025,NOV-LO,1.6T 하이브리드,FWD,포레스트 그린,5,5,4526
2025-07,south,NOV,2025,NOV-LO,1.6T 하이브리드,FWD,샌드 베이지,5,5,4526
2025-07,northeast,NOV,2025,NOV-CO,3.5 가솔린,AWD,스노우 화이트,30,31,1259
2025-07,northeast,NOV,2025,NOV-CO,3.5 가솔린,AWD,미드나잇 블랙,24,24,997
2025-07,northeast,NOV,2025,NOV-CO,3.5 가솔린,AWD,스틸 그레이,20,20,839
2025-07,northeast,NOV,2025,NOV-CO,3.5 가솔린,AWD,실버,16,17,682
2025-07,northeast,NOV,2025,NOV-CO,3.5 가솔린,AWD,오션 블루,13,13,524
2025-07,northeast,NOV,2025,NOV-CO,3.5 가솔린,AWD,선셋 레드,10,10,420
2025-07,northeast,NOV,2025,NOV-CO,3.5 가솔린,AWD,포레스트 그린,6,6,262
2025-07,northeast,NOV,2025,NOV-CO,3.5 가솔린,AWD,샌드 베이지,6,6,262
2025-07,northeast,NOV,2025,NOV-CO,3.5 가솔린,FWD,스노우 화이트,36,37,1508
2025-07,northeast,NOV,2025,NOV-CO,3.5 가솔린,FWD,미드나잇 블랙,28,29,1194
2025-07,northeast,NOV,2025,NOV-CO,3.5 가솔린,FWD,스틸 그레이,24,24,1005
2025-07,northeast,NOV,2025,NOV-CO,3.5 가솔린,FWD,실버,19,20,817
2025-07,northeast,NOV,2025,NOV-CO,3.5 가솔린,FWD,오션 블루,15,15,628
2025-07,northeast,NOV,2025,NOV-CO,3.5 가솔린,FWD,선셋 레드,12,12,503
2025-07,northeast,NOV,2025,NOV-CO,3.5 가솔린,FWD,포레스트 그린,7,8,314
2025-07,northeast,NOV,2025,NOV-CO,3.5 가솔린,FWD,샌드 베이지,7,8,314
2025-07,northeast,NOV,2025,NOV-CO,1.6T 하이브리드,AWD,스노우 화이트,24,24,1005
2025-07,northeast,NOV,2025,NOV-CO,1.6T 하이브리드,AWD,미드나잇 블랙,19,19,796
2025-07,northeast,NOV,2025,NOV-CO,1.6T 하이브리드,AWD,스틸 그레이,16,16,670
2025-07,northeast,NOV,2025,NOV-CO,1.6T 하이브리드,AWD,실버,13,13,544
2025-07,northeast,NOV,2025,NOV-CO,1.6T 하이브리드,AWD,오션 블루,10,10,419
2025-07,northeast,NOV,2025,NOV-CO,1.6T 하이브리드,AWD,선셋 레드,8,8,335
2025-07,northeast,NOV,2025,NOV-CO,1.6T 하이브리드,AWD,포레스트 그린,5,5,209
2025-07,northeast,NOV,2025,NOV-CO,1.6T 하이브리드,AWD,샌드 베이지,5,5,209
2025-07,northeast,NOV,2025,NOV-CO,1.6T 하이브리드,FWD,스노우 화이트,29,29,1204
2025-07,northeast,NOV,2025,NOV-CO,1.6T 하이브리드,FWD,미드나잇 블랙,23,23,953
2025-07,northeast,NOV,2025,NOV-CO,1.6T 하이브리드,FWD,스틸 그레이,19,20,803
2025-07,northeast,NOV,2025,NOV-CO,1.6T 하이브리드,FWD,실버,16,16,652
2025-07,northeast,NOV,2025,NOV-CO,1.6T 하이브리드,FWD,오션 블루,12,12,502
2025-07,northeast,NOV,2025,NOV-CO,1.6T 하이브리드,FWD,선셋 레드,10,10,401
2025-07,northeast,NOV,2025,NOV-CO,1.6T 하이브리드,FWD,포레스트 그린,6,6,251
2025-07,northeast,NOV,2025,NOV-CO,1.6T 하이브리드,FWD,샌드 베이지,6,6,251
2025-07,northeast,NOV,2025,NOV-PR,3.5 가솔린,AWD,스노우 화이트,35,35,12294
2025-07,northeast,NOV,2025,NOV-PR,3.5 가솔린,AWD,미드나잇 블랙,28,28,9733
2025-07,northeast,NOV,2025,NOV-PR,3.5 가솔린,AWD,스틸 그레이,23,24,8196
2025-07,northeast,NOV,2025,NOV-PR,3.5 가솔린,AWD,실버,19,19,6659
2025-07,northeast,NOV,2025,NOV-PR,3.5 가솔린,AWD,오션 블루,14,15,5122
2025-07,northeast,NOV,2025,NOV-PR,3.5 가솔린,AWD,선셋 레드,12,12,4098
2025-07,northeast,NOV,2025,NOV-PR,3.5 가솔린,AWD,포레스트 그린,7,7,2561
2025-07,northeast,NOV,2025,NOV-PR,3.5 가솔린,AWD,샌드 베이지,7,7,2561
2025-07,northeast,NOV,2025,NOV-PR,3.5 가솔린,FWD,스노우 화이트,42,42,14726
2025-07,northeast,NOV,2025,NOV-PR,3.5 가솔린,FWD,미드나잇 블랙,33,34,11658
2025-07,northeast,NOV,2025,NOV-PR,3.5 가솔린,FWD,스틸 그레이,28,28,9817
2025-07,northeast,NOV,2025,NOV-PR,3.5 가솔린,FWD,실버,23,23,7976
2025-07,northeast,NOV,2025,NOV-PR,3.5 가솔린,FWD,오션 블루,17,18,6136
2025-07,northeast,NOV,2025,NOV-PR,3.5 가솔린,FWD,선셋 레드,14,14,4909
2025-07,northeast,NOV,2025,NOV-PR,3.5 가솔린,FWD,포레스트 그린,9,9,3068
2025-07,northeast,NOV,2025,NOV-PR,3.5 가솔린,FWD,샌드 베이지,9,9,3068
2025-07,northeast,NOV,2025,NOV-PR,1.6T 하이브리드,AWD,스노우 화이트,28,28,9817
2025-07,northeast,NOV,2025,NOV-PR,1.6T 하이브리드,AWD,미드나잇 블랙,22,22,7772
2025-07,northeast,NOV,2025,NOV-PR,1.6T 하이브리드,AWD,스틸 그레이,19,19,6545
2025-07,northeast,NOV,2025,NOV-PR,1.6T 하이브리드,AWD,실버,15,15,5318
2025-07,northeast,NOV,2025,NOV-PR,1.6T 하이브리드,AWD,오션 블루,12,12,4091
2025-07,northeast,NOV,2025,NOV-PR,1.6T 하이브리드,AWD,선셋 레드,9,9,3272
2025-07,northeast,NOV,2025,NOV-PR,1.6T 하이브리드,AWD,포레스트 그린,6,6,2045
2025-07,northeast,NOV,2025,NOV-PR,1.6T 하이브리드,AWD,샌드 베이지,6,6,2045
2025-07,northeast,NOV,2025,NOV-PR,1.6T 하이브리드,FWD,스노우 화이트,33,34,11759
2025-07,northeast,NOV,2025,NOV-PR,1.6T 하이브리드,FWD,미드나잇 블랙,26,27,9309
2025-07,northeast,NOV,2025,NOV-PR,1.6T 하이브리드,FWD,스틸 그레이,22,23,7840
2025-07,northeast,NOV,2025,NOV-PR,1.6T 하이브리드,FWD,실버,18,18,6370
2025-07,northeast,NOV,2025,NOV-PR,1.6T 하이브리드,FWD,오션 블루,14,14,4900
2025-07,northeast,NOV,2025,NOV-PR,1.6T 하이브리드,FWD,선셋 레드,11,11,3920
2025-07,northeast,NOV,2025,NOV-PR,1.6T 하이브리드,FWD,포레스트 그린,7,7,2450
2025-07,northeast,NOV,2025,NOV-PR,1.6T 하이브리드,FWD,샌드 베이지,7,7,2450
2025-07,northeast,NOV,2025,NOV-LO,3.5 가솔린,AWD,스노우 화이트,14,15,12787
2025-07,northeast,NOV,2025,NOV-LO,3.5 가솔린,AWD,미드나잇 블랙,11,11,10123
2025-07,northeast,NOV,2025,NOV-LO,3.5 가솔린,AWD,스틸 그레이,9,10,8525
2025-07,northeast,NOV,2025,NOV-LO,3.5 가솔린,AWD,실버,8,8,6926
2025-07,northeast,NOV,2025,NOV-LO,3.5 가솔린,AWD,오션 블루,6,6,5328
2025-07,northeast,NOV,2025,NOV-LO,3.5 가솔린,AWD,선셋 레드,5,5,4262
2025-07,northeast,NOV,2025,NOV-LO,3.5 가솔린,AWD,포레스트 그린,3,3,2664
2025-07,northeast,NOV,2025,NOV-LO,3.5 가솔린,AWD,샌드 베이지,3,3,2664
2025-07,northeast,NOV,2025,NOV-LO,3.5 가솔린,FWD,스노우 화이트,17,17,15316
2025-07,northeast,NOV,2025,NOV-LO,3.5 가솔린,FWD,미드나잇 블랙,13,14,12126
2025-07,northeast,NOV,2025,NOV-LO,3.5 가솔린,FWD,스틸 그레이,11,12,10211
2025-07,northeast,NOV,2025,NOV-LO,3.5 가솔린,FWD,실버,9,9,8296
2025-07,northeast,NOV,2025,NOV-LO,3.5 가솔린,FWD,오션 블루,7,7,6382
2025-07,northeast,NOV,2025,NOV-LO,3.5 가솔린,FWD,선셋 레드,6,6,5105
2025-07,northeast,NOV,2025,NOV-LO,3.5 가솔린,FWD,포레스트 그린,4,4,3191
2025-07,northeast,NOV,2025,NOV-LO,3.5 가솔린,FWD,샌드 베이지,4,4,3191
2025-07,northeast,NOV,2025,NOV-LO,1.6T 하이브리드,AWD,스노우 화이트,11,12,10211
2025-07,northeast,NOV,2025,NOV-LO,1.6T 하이브리드,AWD,미드나잇 블랙,9,9,8084
2025-07,northeast,NOV,2025,NOV-LO,1.6T 하이브리드,AWD,스틸 그레이,8,8,6808
2025-07,northeast,NOV,2025,NOV-LO,1.6T 하이브리드,AWD,실버,6,6,5531
2025-07,northeast,NOV,2025,NOV-LO,1.6T 하이브리드,AWD,오션 블루,5,5,4255
2025-07,northeast,NOV,2025,NOV-LO,1.6T 하이브리드,AWD,선셋 레드,4,4,3404
2025-07,northeast,NOV,2025,NOV-LO,1.6T 하이브리드,AWD,포레스트 그린,2,2,2127
2025-07,northeast,NOV,2025,NOV-LO,1.6T 하이브리드,AWD,샌드 베이지,2,2,2127
2025-07,northeast,NOV,2025,NOV-LO,1.6T 하이브리드,FWD,스노우 화이트,14,14,12231
2025-07,northeast,NOV,2025,NOV-LO,1.6T 하이브리드,FWD,미드나잇 블랙,11,11,9683
2025-07,northeast,NOV,2025,NOV-LO,1.6T 하이브리드,FWD,스틸 그레이,9,9,8154
2025-07,northeast,NOV,2025,NOV-LO,1.6T 하이브리드,FWD,실버,7,8,6625
2025-07,northeast,NOV,2025,NOV-LO,1.6T 하이브리드,FWD,오션 블루,6,6,5096
2025-07,northeast,NOV,2025,NOV-LO,1.6T 하이브리드,FWD,선셋 레드,5,5,4077
2025-07,northeast,NOV,2025,NOV-LO,1.6T 하이브리드,FWD,포레스트 그린,3,3,2548
2025-07,northeast,NOV,2025,NOV-LO,1.6T 하이브리드,FWD,샌드 베이지,3,3,2548
2025-07,southeast,NOV,2025,NOV-CO,3.5 가솔린,AWD,스노우 화이트,21,21,871
2025-07,southeast,NOV,2025,NOV-CO,3.5 가솔린,AWD,미드나잇 블랙,16,17,690
2025-07,southeast,NOV,2025,NOV-CO,3.5 가솔린,AWD,스틸 그레이,14,14,581
2025-07,southeast,NOV,2025,NOV-CO,3.5 가솔린,AWD,실버,11,11,472
2025-07,southeast,NOV,2025,NOV-CO,3.5 가솔린,AWD,오션 블루,9,9,363
2025-07,southeast,NOV,2025,NOV-CO,3.5 가솔린,AWD,선셋 레드,7,7,290
2025-07,southeast,NOV,2025,NOV-CO,3.5 가솔린,AWD,포레스트 그린,4,4,182
2025-07,southeast,NOV,2025,NOV-CO,3.5 가솔린,AWD,샌드 베이지,4,4,182
2025-07,southeast,NOV,2025,NOV-CO,3.5 가솔린,FWD,스노우 화이트,49,50,2058
2025-07,southeast,NOV,2025,NOV-CO,3.5 가솔린,FWD,미드나잇 블랙,39,40,1629
2025-07,southeast,NOV,2025,NOV-CO,3.5 가솔린,FWD,스틸 그레이,33,33,1372
2025-07,southeast,NOV,2025,NOV-CO,3.5 가솔린,FWD,실버,27,27,1115
2025-07,southeast,NOV,2025,NOV-CO,3.5 가솔린,FWD,오션 블루,20,21,857
2025-07,southeast,NOV,2025,NOV-CO,3.5 가솔린,FWD,선셋 레드,16,17,686
2025-07,southeast,NOV,2025,NOV-CO,3.5 가솔린,FWD,포레스트 그린,10,10,429
2025-07,southeast,NOV,2025,NOV-CO,3.5 가솔린,FWD,샌드 베이지,10,10,429
2025-07,southeast,NOV,2025,NOV-CO,1.6T 하이브리드,AWD,스노우 화이트,17,17,696
2025-07,southeast,NOV,2025,NOV-CO,1.6T 하이브리드,AWD,미드나잇 블랙,13,13,551
2025-07,southeast,NOV,2025,NOV-CO,1.6T 하이브리드,AWD,스틸 그레이,11,11,464
2025-07,southeast,NOV,2025,NOV-CO,1.6T 하이브리드,AWD,실버,9,9,377
2025-07,southeast,NOV,2025,NOV-CO,1.6T 하이브리드,AWD,오션 블루,7,7,290
2025-07,southeast,NOV,2025,NOV-CO,1.6T 하이브리드,AWD,선셋 레드,6,6,232
2025-07,southeast,NOV,2025,NOV-CO,1.6T 하이브리드,AWD,포레스트 그린,3,4,145
2025-07,southeast,NOV,2025,NOV-CO,1.6T 하이브리드,AWD,샌드 베이지,3,4,145
2025-07,southeast,NOV,2025,NOV-CO,1.6T 하이브리드,FWD,스노우 화이트,39,40,1643
2025-07,southeast,NOV,2025,NOV-CO,1.6T 하이브리드,FWD,미드나잇 블랙,31,32,1301
2025-07,southeast,NOV,2025,NOV-CO,1.6T 하이브리드,FWD,스틸 그레이,26,27,1096
2025-07,southeast,NOV,2025,NOV-CO,1.6T 하이브리드,FWD,실버,21,22,890
2025-07,southeast,NOV,2025,NOV-CO,1.6T 하이브리드,FWD,오션 블루,16,17,685
2025-07,southeast,NOV,2025,NOV-CO,1.6T 하이브리드,FWD,선셋 레드,13,13,548
2025-07,southeast,NOV,2025,NOV-CO,1.6T 하이브리드,FWD,포레스트 그린,8,8,342
2025-07,southeast,NOV,2025,NOV-CO,1.6T 하이브리드,FWD,샌드 베이지,8,8,342
2025-07,southeast,NOV,2025,NOV-PR,3.5 가솔린,AWD,스노우 화이트,24,25,8511
2025-07,southeast,NOV,2025,NOV-PR,3.5 가솔린,AWD,미드나잇 블랙,19,19,6738
2025-07,southeast,NOV,2025,NOV-PR,3.5 가솔린,AWD,스틸 그레이,16,16,5674
2025-07,southeast,NOV,2025,NOV-PR,3.5 가솔린,AWD,실버,13,13,4610
2025-07,southeast,NOV,2025,NOV-PR,3.5 가솔린,AWD,오션 블루,10,10,3546
2025-07,southeast,NOV,2025,NOV-PR,3.5 가솔린,AWD,선셋 레드,8,8,2837
2025-07,southeast,NOV,2025,NOV-PR,3.5 가솔린,AWD,포레스트 그린,5,5,1773
2025-07,southeast,NOV,2025,NOV-PR,3.5 가솔린,AWD,샌드 베이지,5,5,1773
2025-07,southeast,NOV,2025,NOV-PR,3.5 가솔린,FWD,스노우 화이트,57,58,20098
2025-07,southeast,NOV,2025,NOV-PR,3.5 가솔린,FWD,미드나잇 블랙,45,46,15911
2025-07,southeast,NOV,2025,NOV-PR,3.5 가솔린,FWD,스틸 그레이,38,39,13398
2025-07,southeast,NOV,2025,NOV-PR,3.5 가솔린,FWD,실버,31,31,10886
2025-07,southeast,NOV,2025,NOV-PR,3.5 가솔린,FWD,오션 블루,24,24,8374
2025-07,southeast,NOV,2025,NOV-PR,3.5 가솔린,FWD,선셋 레드,19,19,6699
2025-07,southeast,NOV,2025,NOV-PR,3.5 가솔린,FWD,포레스트 그린,12,12,4187
2025-07,southeast,NOV,2025,NOV-PR,3.5 가솔린,FWD,샌드 베이지,12,12,4187
2025-07,southeast,NOV,2025,NOV-PR,1.6T 하이브리드,AWD,스노우 화이트,19,20,6797
2025-07,southeast,NOV,2025,NOV-PR,1.6T 하이브리드,AWD,미드나잇 블랙,15,16,5381
2025-07,southeast,NOV,2025,NOV-PR,1.6T 하이브리드,AWD,스틸 그레이,13,13,4531
2025-07,southeast,NOV,2025,NOV-PR,1.6T 하이브리드,AWD,실버,10,11,3682
2025-07,southeast,NOV,2025,NOV-PR,1.6T 하이브리드,AWD,오션 블루,8,8,2832
2025-07,southeast,NOV,2025,NOV-PR,1.6T 하이브리드,AWD,선셋 레드,6,7,2266
2025-07,southeast,NOV,2025,NOV-PR,1.6T 하이브리드,AWD,포레스트 그린,4,4,1416
2025-07,southeast,NOV,2025,NOV-PR,1.6T 하이브리드,AWD,샌드 베이지,4,4,1416
2025-07,southeast,NOV,2025,NOV-PR,1.6T 하이브리드,FWD,스노우 화이트,45,46,16049
2025-07,southeast,NOV,2025,NOV-PR,1.6T 하이브리드,FWD,미드나잇 블랙,36,37,12706
2025-07,southeast,NOV,2025,NOV-PR,1.6T 하이브리드,FWD,스틸 그레이,30,31,10700
2025-07,southeast,NOV,2025,NOV-PR,1.6T 하이브리드,FWD,실버,25,25,8693
2025-07,southeast,NOV,2025,NOV-PR,1.6T 하이브리드,FWD,오션 블루,19,19,6687
2025-07,southeast,NOV,2025,NOV-PR,1.6T 하이브리드,FWD,선셋 레드,15,15,5350
2025-07,southeast,NOV,2025,NOV-PR,1.6T 하이브리드,FWD,포레스트 그린,9,10,3344
2025-07,southeast,NOV,2025,NOV-PR,1.6T 하이브리드,FWD,샌드 베이지,9,10,3344
2025-07,southeast,NOV,2025,NOV-LO,3.5 가솔린,AWD,스노우 화이트,10,10,8853
2025-07,southeast,NOV,2025,NOV-LO,3.5 가솔린,AWD,미드나잇 블랙,8,8,7008
2025-07,southeast,NOV,2025,NOV-LO,3.5 가솔린,AWD,스틸 그레이,7,7,5902
2025-07,southeast,NOV,2025,NOV-LO,3.5 가솔린,AWD,실버,5,5,4795
2025-07,southeast,NOV,2025,NOV-LO,3.5 가솔린,AWD,오션 블루,4,4,3689
2025-07,southeast,NOV,2025,NOV-LO,3.5 가솔린,AWD,선셋 레드,3,3,2951
2025-07,southeast,NOV,2025,NOV-LO,3.5 가솔린,AWD,포레스트 그린,2,2,1844
2025-07,southeast,NOV,2025,NOV-LO,3.5 가솔린,AWD,샌드 베이지,2,2,1844
2025-07,southeast,NOV,2025,NOV-LO,3.5 가솔린,FWD,스노우 화이트,23,24,20904
2025-07,southeast,NOV,2025,NOV-LO,3.5 가솔린,FWD,미드나잇 블랙,18,19,16549
2025-07,southeast,NOV,2025,NOV-LO,3.5 가솔린,FWD,스틸 그레이,16,16,13936
2025-07,southeast,NOV,2025,NOV-LO,3.5 가솔린,FWD,실버,13,13,11323
2025-07,southeast,NOV,2025,NOV-LO,3.5 가솔린,FWD,오션 블루,10,10,8710
2025-07,southeast,NOV,2025,NOV-LO,3.5 가솔린,FWD,선셋 레드,8,8,6968
2025-07,southeast,NOV,2025,NOV-LO,3.5 가솔린,FWD,포레스트 그린,5,5,4355
2025-07,southeast,NOV,2025,NOV-LO,3.5 가솔린,FWD,샌드 베이지,5,5,4355
2025-07,southeast,NOV,2025,NOV-LO,1.6T 하이브리드,AWD,스노우 화이트,8,8,7069
2025-07,southeast,NOV,2025,NOV-LO,1.6T 하이브리드,AWD,미드나잇 블랙,6,6,5597
2025-07,southeast,NOV,2025,NOV-LO,1.6T 하이브리드,AWD,스틸 그레이,5,5,4713
2025-07,southeast,NOV,2025,NOV-LO,1.6T 하이브리드,AWD,실버,4,4,3829
2025-07,southeast,NOV,2025,NOV-LO,1.6T 하이브리드,AWD,오션 블루,3,3,2946
2025-07,southeast,NOV,2025,NOV-LO,1.6T 하이브리드,AWD,선셋 레드,3,3,2356
2025-07,southeast,NOV,2025,NOV-LO,1.6T 하이브리드,AWD,포레스트 그린,2,2,1473
2025-07,southeast,NOV,2025,NOV-LO,1.6T 하이브리드,AWD,샌드 베이지,2,2,1473
2025-07,southeast,NOV,2025,NOV-LO,1.6T 하이브리드,FWD,스노우 화이트,19,19,16693
2025-07,southeast,NOV,2025,NOV-LO,1.6T 하이브리드,FWD,미드나잇 블랙,15,15,13215
2025-07,southeast,NOV,2025,NOV-LO,1.6T 하이브리드,FWD,스틸 그레이,12,13,11129
2025-07,southeast,NOV,2025,NOV-LO,1.6T 하이브리드,FWD,실버,10,10,9042
2025-07,southeast,NOV,2025,NOV-LO,1.6T 하이브리드,FWD,오션 블루,8,8,6956
2025-07,southeast,NOV,2025,NOV-LO,1.6T 하이브리드,FWD,선셋 레드,6,6,5564
2025-07,southeast,NOV,2025,NOV-LO,1.6T 하이브리드,FWD,포레스트 그린,4,4,3478
2025-07,southeast,NOV,2025,NOV-LO,1.6T 하이브리드,FWD,샌드 베이지,4,4,3478
2025-07,west,LUM,2025,LUM-AI,스탠다드 레인지,AWD,스노우 화이트,39,40,-29606
2025-07,west,LUM,2025,LUM-AI,스탠다드 레인지,AWD,미드나잇 블랙,31,32,-23438
2025-07,west,LUM,2025,LUM-AI,스탠다드 레인지,AWD,스틸 그레이,26,27,-19737
2025-07,west,LUM,2025,LUM-AI,스탠다드 레인지,AWD,실버,21,22,-16037
2025-07,west,LUM,2025,LUM-AI,스탠다드 레인지,AWD,오션 블루,16,17,-12336
2025-07,west,LUM,2025,LUM-AI,스탠다드 레인지,AWD,선셋 레드,13,13,-9869
2025-07,west,LUM,2025,LUM-AI,스탠다드 레인지,AWD,포레스트 그린,8,8,-6168
2025-07,west,LUM,2025,LUM-AI,스탠다드 레인지,AWD,샌드 베이지,8,8,-6168
2025-07,west,LUM,2025,LUM-AI,스탠다드 레인지,FWD,스노우 화이트,48,49,-36185
2025-07,west,LUM,2025,LUM-AI,스탠다드 레인지,FWD,미드나잇 블랙,38,39,-28647
2025-07,west,LUM,2025,LUM-AI,스탠다드 레인지,FWD,스틸 그레이,32,32,-24124
2025-07,west,LUM,2025,LUM-AI,스탠다드 레인지,FWD,실버,26,26,-19600
2025-07,west,LUM,2025,LUM-AI,스탠다드 레인지,FWD,오션 블루,20,20,-15077
2025-07,west,LUM,2025,LUM-AI,스탠다드 레인지,FWD,선셋 레드,16,16,-12062
2025-07,west,LUM,2025,LUM-AI,스탠다드 레인지,FWD,포레스트 그린,10,10,-7539
2025-07,west,LUM,2025,LUM-AI,스탠다드 레인지,FWD,샌드 베이지,10,10,-7539
2025-07,west,LUM,2025,LUM-AI,롱레인지,AWD,스노우 화이트,73,75,-55469
2025-07,west,LUM,2025,LUM-AI,롱레인지,AWD,미드나잇 블랙,58,59,-43913
2025-07,west,LUM,2025,LUM-AI,롱레인지,AWD,스틸 그레이,49,50,-36979
2025-07,west,LUM,2025,LUM-AI,롱레인지,AWD,실버,40,40,-30046
2025-07,west,LUM,2025,LUM-AI,롱레인지,AWD,오션 블루,31,31,-23112
2025-07,west,LUM,2025,LUM-AI,롱레인지,AWD,선셋 레드,24,25,-18490
2025-07,west,LUM,2025,LUM-AI,롱레인지,AWD,포레스트 그린,15,16,-11556
2025-07,west,LUM,2025,LUM-AI,롱레인지,AWD,샌드 베이지,15,16,-11556
2025-07,west,LUM,2025,LUM-AI,롱레인지,FWD,스노우 화이트,90,91,-67795
2025-07,west,LUM,2025,LUM-AI,롱레인지,FWD,미드나잇 블랙,71,72,-53671
2025-07,west,LUM,2025,LUM-AI,롱레인지,FWD,스틸 그레이,60,61,-45197
2025-07,west,LUM,2025,LUM-AI,롱레인지,FWD,실버,48,49,-36723
2025-07,west,LUM,2025,LUM-AI,롱레인지,FWD,오션 블루,37,38,-28248
2025-07,west,LUM,2025,LUM-AI,롱레인지,FWD,선셋 레드,30,30,-22598
2025-07,west,LUM,2025,LUM-AI,롱레인지,FWD,포레스트 그린,19,19,-14124
2025-07,west,LUM,2025,LUM-AI,롱레인지,FWD,샌드 베이지,19,19,-14124
2025-07,west,LUM,2025,LUM-RA,스탠다드 레인지,AWD,스노우 화이트,45,46,-23512
2025-07,west,LUM,2025,LUM-RA,스탠다드 레인지,AWD,미드나잇 블랙,36,37,-18613
2025-07,west,LUM,2025,LUM-RA,스탠다드 레인지,AWD,스틸 그레이,30,31,-15674
2025-07,west,LUM,2025,LUM-RA,스탠다드 레인지,AWD,실버,25,25,-12735
2025-07,west,LUM,2025,LUM-RA,스탠다드 레인지,AWD,오션 블루,19,19,-9797
2025-07,west,LUM,2025,LUM-RA,스탠다드 레인지,AWD,선셋 레드,15,15,-7837
2025-07,west,LUM,2025,LUM-RA,스탠다드 레인지,AWD,포레스트 그린,9,10,-4898
2025-07,west,LUM,2025,LUM-RA,스탠다드 레인지,AWD,샌드 베이지,9,10,-4898
2025-07,west,LUM,2025,LUM-RA,스탠다드 레인지,FWD,스노우 화이트,55,56,-28736
2025-07,west,LUM,2025,LUM-RA,스탠다드 레인지,FWD,미드나잇 블랙,44,45,-22750
2025-07,west,LUM,2025,LUM-RA,스탠다드 레인지,FWD,스틸 그레이,37,38,-19158
2025-07,west,LUM,2025,LUM-RA,스탠다드 레인지,FWD,실버,30,31,-15566
2025-07,west,LUM,2025,LUM-RA,스탠다드 레인지,FWD,오션 블루,23,24,-11974
2025-07,west,LUM,2025,LUM-RA,스탠다드 레인지,FWD,선셋 레드,18,19,-9579
2025-07,west,LUM,2025,LUM-RA,스탠다드 레인지,FWD,포레스트 그린,12,12,-5987
2025-07,west,LUM,2025,LUM-RA,스탠다드 레인지,FWD,샌드 베이지,12,12,-5987
2025-07,west,LUM,2025,LUM-RA,롱레인지,AWD,스노우 화이트,85,87,-44051
2025-07,west,LUM,2025,LUM-RA,롱레인지,AWD,미드나잇 블랙,67,68,-34873
2025-07,west,LUM,2025,LUM-RA,롱레인지,AWD,스틸 그레이,57,58,-29367
2025-07,west,LUM,2025,LUM-RA,롱레인지,AWD,실버,46,47,-23861
2025-07,west,LUM,2025,LUM-RA,롱레인지,AWD,오션 블루,35,36,-18354
2025-07,west,LUM,2025,LUM-RA,롱레인지,AWD,선셋 레드,28,29,-14684
2025-07,west,LUM,2025,LUM-RA,롱레인지,AWD,포레스트 그린,18,18,-9177
2025-07,west,LUM,2025,LUM-RA,롱레인지,AWD,샌드 베이지,18,18,-9177
2025-07,west,LUM,2025,LUM-RA,롱레인지,FWD,스노우 화이트,104,106,-53840
2025-07,west,LUM,2025,LUM-RA,롱레인지,FWD,미드나잇 블랙,82,84,-42623
2025-07,west,LUM,2025,LUM-RA,롱레인지,FWD,스틸 그레이,69,70,-35893
2025-07,west,LUM,2025,LUM-RA,롱레인지,FWD,실버,56,57,-29163
2025-07,west,LUM,2025,LUM-RA,롱레인지,FWD,오션 블루,43,44,-22433
2025-07,west,LUM,2025,LUM-RA,롱레인지,FWD,선셋 레드,35,35,-17947
2025-07,west,LUM,2025,LUM-RA,롱레인지,FWD,포레스트 그린,22,22,-11217
2025-07,west,LUM,2025,LUM-RA,롱레인지,FWD,샌드 베이지,22,22,-11217
2025-07,west,LUM,2025,LUM-SP,스탠다드 레인지,AWD,스노우 화이트,19,19,-1909
2025-07,west,LUM,2025,LUM-SP,스탠다드 레인지,AWD,미드나잇 블랙,15,15,-1511
2025-07,west,LUM,2025,LUM-SP,스탠다드 레인지,AWD,스틸 그레이,12,13,-1272
2025-07,west,LUM,2025,LUM-SP,스탠다드 레인지,AWD,실버,10,10,-1034
2025-07,west,LUM,2025,LUM-SP,스탠다드 레인지,AWD,오션 블루,8,8,-795
2025-07,west,LUM,2025,LUM-SP,스탠다드 레인지,AWD,선셋 레드,6,6,-636
2025-07,west,LUM,2025,LUM-SP,스탠다드 레인지,AWD,포레스트 그린,4,4,-398
2025-07,west,LUM,2025,LUM-SP,스탠다드 레인지,AWD,샌드 베이지,4,4,-398
2025-07,west,LUM,2025,LUM-SP,스탠다드 레인지,FWD,스노우 화이트,23,23,-2333
2025-07,west,LUM,2025,LUM-SP,스탠다드 레인지,FWD,미드나잇 블랙,18,18,-1847
2025-07,west,LUM,2025,LUM-SP,스탠다드 레인지,FWD,스틸 그레이,15,15,-1555
2025-07,west,LUM,2025,LUM-SP,스탠다드 레인지,FWD,실버,12,13,-1264
2025-07,west,LUM,2025,LUM-SP,스탠다드 레인지,FWD,오션 블루,9,10,-972
2025-07,west,LUM,2025,LUM-SP,스탠다드 레인지,FWD,선셋 레드,8,8,-778
2025-07,west,LUM,2025,LUM-SP,스탠다드 레인지,FWD,포레스트 그린,5,5,-486
2025-07,west,LUM,2025,LUM-SP,스탠다드 레인지,FWD,샌드 베이지,5,5,-486
2025-07,west,LUM,2025,LUM-SP,롱레인지,AWD,스노우 화이트,35,35,-3576
2025-07,west,LUM,2025,LUM-SP,롱레인지,AWD,미드나잇 블랙,27,28,-2831
2025-07,west,LUM,2025,LUM-SP,롱레인지,AWD,스틸 그레이,23,24,-2384
2025-07,west,LUM,2025,LUM-SP,롱레인지,AWD,실버,19,19,-1937
2025-07,west,LUM,2025,LUM-SP,롱레인지,AWD,오션 블루,14,15,-1490
2025-07,west,LUM,2025,LUM-SP,롱레인지,AWD,선셋 레드,12,12,-1192
2025-07,west,LUM,2025,LUM-SP,롱레인지,AWD,포레스트 그린,7,7,-745
2025-07,west,LUM,2025,LUM-SP,롱레인지,AWD,샌드 베이지,7,7,-745
2025-07,west,LUM,2025,LUM-SP,롱레인지,FWD,스노우 화이트,42,43,-4371
2025-07,west,LUM,2025,LUM-SP,롱레인지,FWD,미드나잇 블랙,34,34,-3460
2025-07,west,LUM,2025,LUM-SP,롱레인지,FWD,스틸 그레이,28,29,-2914
2025-07,west,LUM,2025,LUM-SP,롱레인지,FWD,실버,23,23,-2367
2025-07,west,LUM,2025,LUM-SP,롱레인지,FWD,오션 블루,18,18,-1821
2025-07,west,LUM,2025,LUM-SP,롱레인지,FWD,선셋 레드,14,14,-1457
2025-07,west,LUM,2025,LUM-SP,롱레인지,FWD,포레스트 그린,9,9,-911
2025-07,west,LUM,2025,LUM-SP,롱레인지,FWD,샌드 베이지,9,9,-911
2025-07,central,LUM,2025,LUM-AI,스탠다드 레인지,AWD,스노우 화이트,16,17,-12368
2025-07,central,LUM,2025,LUM-AI,스탠다드 레인지,AWD,미드나잇 블랙,13,13,-9791
2025-07,central,LUM,2025,LUM-AI,스탠다드 레인지,AWD,스틸 그레이,11,11,-8245
2025-07,central,LUM,2025,LUM-AI,스탠다드 레인지,AWD,실버,9,9,-6699
2025-07,central,LUM,2025,LUM-AI,스탠다드 레인지,AWD,오션 블루,7,7,-5153
2025-07,central,LUM,2025,LUM-AI,스탠다드 레인지,AWD,선셋 레드,5,6,-4123
2025-07,central,LUM,2025,LUM-AI,스탠다드 레인지,AWD,포레스트 그린,3,3,-2577
2025-07,central,LUM,2025,LUM-AI,스탠다드 레인지,AWD,샌드 베이지,3,3,-2577
2025-07,central,LUM,2025,LUM-AI,스탠다드 레인지,FWD,스노우 화이트,15,16,-11531
2025-07,central,LUM,2025,LUM-AI,스탠다드 레인지,FWD,미드나잇 블랙,12,12,-9129
2025-07,central,LUM,2025,LUM-AI,스탠다드 레인지,FWD,스틸 그레이,10,10,-7687
2025-07,central,LUM,2025,LUM-AI,스탠다드 레인지,FWD,실버,8,8,-6246
2025-07,central,LUM,2025,LUM-AI,스탠다드 레인지,FWD,오션 블루,6,6,-4805
2025-07,central,LUM,2025,LUM-AI,스탠다드 레인지,FWD,선셋 레드,5,5,-3844
2025-07,central,LUM,2025,LUM-AI,스탠다드 레인지,FWD,포레스트 그린,3,3,-2402
2025-07,central,LUM,2025,LUM-AI,스탠다드 레인지,FWD,샌드 베이지,3,3,-2402
2025-07,central,LUM,2025,LUM-AI,롱레인지,AWD,스노우 화이트,31,31,-23171
2025-07,central,LUM,2025,LUM-AI,롱레인지,AWD,미드나잇 블랙,24,25,-18344
2025-07,central,LUM,2025,LUM-AI,롱레인지,AWD,스틸 그레이,20,21,-15448
2025-07,central,LUM,2025,LUM-AI,롱레인지,AWD,실버,17,17,-12551
2025-07,central,LUM,2025,LUM-AI,롱레인지,AWD,오션 블루,13,13,-9655
2025-07,central,LUM,2025,LUM-AI,롱레인지,AWD,선셋 레드,10,10,-7724
2025-07,central,LUM,2025,LUM-AI,롱레인지,AWD,포레스트 그린,6,7,-4827
2025-07,central,LUM,2025,LUM-AI,롱레인지,AWD,샌드 베이지,6,7,-4827
2025-07,central,LUM,2025,LUM-AI,롱레인지,FWD,스노우 화이트,29,29,-21604
2025-07,central,LUM,2025,LUM-AI,롱레인지,FWD,미드나잇 블랙,23,23,-17103
2025-07,central,LUM,2025,LUM-AI,롱레인지,FWD,스틸 그레이,19,19,-14403
2025-07,central,LUM,2025,LUM-AI,롱레인지,FWD,실버,15,16,-11702
2025-07,central,LUM,2025,LUM-AI,롱레인지,FWD,오션 블루,12,12,-9002
2025-07,central,LUM,2025,LUM-AI,롱레인지,FWD,선셋 레드,10,10,-7201
2025-07,central,LUM,2025,LUM-AI,롱레인지,FWD,포레스트 그린,6,6,-4501
2025-07,central,LUM,2025,LUM-AI,롱레인지,FWD,샌드 베이지,6,6,-4501
2025-07,central,LUM,2025,LUM-RA,스탠다드 레인지,AWD,스노우 화이트,19,19,-9822
2025-07,central,LUM,2025,LUM-RA,스탠다드 레인지,AWD,미드나잇 블랙,15,15,-7775
2025-07,central,LUM,2025,LUM-RA,스탠다드 레인지,AWD,스틸 그레이,13,13,-6548
2025-07,central,LUM,2025,LUM-RA,스탠다드 레인지,AWD,실버,10,10,-5320
2025-07,central,LUM,2025,LUM-RA,스탠다드 레인지,AWD,오션 블루,8,8,-4092
2025-07,central,LUM,2025,LUM-RA,스탠다드 레인지,AWD,선셋 레드,6,6,-3274
2025-07,central,LUM,2025,LUM-RA,스탠다드 레인지,AWD,포레스트 그린,4,4,-2046
2025-07,central,LUM,2025,LUM-RA,스탠다드 레인지,AWD,샌드 베이지,4,4,-2046
2025-07,central,LUM,2025,LUM-RA,스탠다드 레인지,FWD,스노우 화이트,18,18,-9157
2025-07,central,LUM,2025,LUM-RA,스탠다드 레인지,FWD,미드나잇 블랙,14,14,-7250
2025-07,central,LUM,2025,LUM-RA,스탠다드 레인지,FWD,스틸 그레이,12,12,-6105
2025-07,central,LUM,2025,LUM-RA,스탠다드 레인지,FWD,실버,10,10,-4960
2025-07,central,LUM,2025,LUM-RA,스탠다드 레인지,FWD,오션 블루,7,7,-3816
2025-07,central,LUM,2025,LUM-RA,스탠다드 레인지,FWD,선셋 레드,6,6,-3052
2025-07,central,LUM,2025,LUM-RA,스탠다드 레인지,FWD,포레스트 그린,4,4,-1908
2025-07,central,LUM,2025,LUM-RA,스탠다드 레인지,FWD,샌드 베이지,4,4,-1908
2025-07,central,LUM,2025,LUM-RA,롱레인지,AWD,스노우 화이트,35,36,-18401
2025-07,central,LUM,2025,LUM-RA,롱레인지,AWD,미드나잇 블랙,28,29,-14568
2025-07,central,LUM,2025,LUM-RA,롱레인지,AWD,스틸 그레이,24,24,-12268
2025-07,central,LUM,2025,LUM-RA,롱레인지,AWD,실버,19,20,-9967
2025-07,central,LUM,2025,LUM-RA,롱레인지,AWD,오션 블루,15,15,-7667
2025-07,central,LUM,2025,LUM-RA,롱레인지,AWD,선셋 레드,12,12,-6134
2025-07,central,LUM,2025,LUM-RA,롱레인지,AWD,포레스트 그린,7,8,-3834
2025-07,central,LUM,2025,LUM-RA,롱레인지,AWD,샌드 베이지,7,8,-3834
2025-07,central,LUM,2025,LUM-RA,롱레인지,FWD,스노우 화이트,33,34,-17157
2025-07,central,LUM,2025,LUM-RA,롱레인지,FWD,미드나잇 블랙,26,27,-13583
2025-07,central,LUM,2025,LUM-RA,롱레인지,FWD,스틸 그레이,22,22,-11438
2025-07,central,LUM,2025,LUM-RA,롱레인지,FWD,실버,18,18,-9293
2025-07,central,LUM,2025,LUM-RA,롱레인지,FWD,오션 블루,14,14,-7149
2025-07,central,LUM,2025,LUM-RA,롱레인지,FWD,선셋 레드,11,11,-5719
2025-07,central,LUM,2025,LUM-RA,롱레인지,FWD,포레스트 그린,7,7,-3574
2025-07,central,LUM,2025,LUM-RA,롱레인지,FWD,샌드 베이지,7,7,-3574
2025-07,central,LUM,2025,LUM-SP,스탠다드 레인지,AWD,스노우 화이트,8,8,-797
2025-07,central,LUM,2025,LUM-SP,스탠다드 레인지,AWD,미드나잇 블랙,6,6,-631
2025-07,central,LUM,2025,LUM-SP,스탠다드 레인지,AWD,스틸 그레이,5,5,-532
2025-07,central,LUM,2025,LUM-SP,스탠다드 레인지,AWD,실버,4,4,-432
2025-07,central,LUM,2025,LUM-SP,스탠다드 레인지,AWD,오션 블루,3,3,-332
2025-07,central,LUM,2025,LUM-SP,스탠다드 레인지,AWD,선셋 레드,3,3,-266
2025-07,central,LUM,2025,LUM-SP,스탠다드 레인지,AWD,포레스트 그린,2,2,-166
2025-07,central,LUM,2025,LUM-SP,스탠다드 레인지,AWD,샌드 베이지,2,2,-166
2025-07,central,LUM,2025,LUM-SP,스탠다드 레인지,FWD,스노우 화이트,7,7,-743
2025-07,central,LUM,2025,LUM-SP,스탠다드 레인지,FWD,미드나잇 블랙,6,6,-589
2025-07,central,LUM,2025,LUM-SP,스탠다드 레인지,FWD,스틸 그레이,5,5,-496
2025-07,central,LUM,2025,LUM-SP,스탠다드 레인지,FWD,실버,4,4,-403
2025-07,central,LUM,2025,LUM-SP,스탠다드 레인지,FWD,오션 블루,3,3,-310
2025-07,central,LUM,2025,LUM-SP,스탠다드 레인지,FWD,선셋 레드,2,2,-248
2025-07,central,LUM,2025,LUM-SP,스탠다드 레인지,FWD,포레스트 그린,2,2,-155
2025-07,central,LUM,2025,LUM-SP,스탠다드 레인지,FWD,샌드 베이지,2,2,-155
2025-07,central,LUM,2025,LUM-SP,롱레인지,AWD,스노우 화이트,14,15,-1494
2025-07,central,LUM,2025,LUM-SP,롱레인지,AWD,미드나잇 블랙,11,12,-1183
2025-07,central,LUM,2025,LUM-SP,롱레인지,AWD,스틸 그레이,10,10,-996
2025-07,central,LUM,2025,LUM-SP,롱레인지,AWD,실버,8,8,-809
2025-07,central,LUM,2025,LUM-SP,롱레인지,AWD,오션 블루,6,6,-622
2025-07,central,LUM,2025,LUM-SP,롱레인지,AWD,선셋 레드,5,5,-498
2025-07,central,LUM,2025,LUM-SP,롱레인지,AWD,포레스트 그린,3,3,-311
2025-07,central,LUM,2025,LUM-SP,롱레인지,AWD,샌드 베이지,3,3,-311
2025-07,central,LUM,2025,LUM-SP,롱레인지,FWD,스노우 화이트,14,14,-1393
2025-07,central,LUM,2025,LUM-SP,롱레인지,FWD,미드나잇 블랙,11,11,-1103
2025-07,central,LUM,2025,LUM-SP,롱레인지,FWD,스틸 그레이,9,9,-929
2025-07,central,LUM,2025,LUM-SP,롱레인지,FWD,실버,7,7,-754
2025-07,central,LUM,2025,LUM-SP,롱레인지,FWD,오션 블루,6,6,-580
2025-07,central,LUM,2025,LUM-SP,롱레인지,FWD,선셋 레드,5,5,-464
2025-07,central,LUM,2025,LUM-SP,롱레인지,FWD,포레스트 그린,3,3,-290
2025-07,central,LUM,2025,LUM-SP,롱레인지,FWD,샌드 베이지,3,3,-290
2025-07,south,LUM,2025,LUM-AI,스탠다드 레인지,AWD,스노우 화이트,13,13,-10021
2025-07,south,LUM,2025,LUM-AI,스탠다드 레인지,AWD,미드나잇 블랙,10,11,-7933
2025-07,south,LUM,2025,LUM-AI,스탠다드 레인지,AWD,스틸 그레이,9,9,-6680
2025-07,south,LUM,2025,LUM-AI,스탠다드 레인지,AWD,실버,7,7,-5428
2025-07,south,LUM,2025,LUM-AI,스탠다드 레인지,AWD,오션 블루,6,6,-4175
2025-07,south,LUM,2025,LUM-AI,스탠다드 레인지,AWD,선셋 레드,4,4,-3340
2025-07,south,LUM,2025,LUM-AI,스탠다드 레인지,AWD,포레스트 그린,3,3,-2088
2025-07,south,LUM,2025,LUM-AI,스탠다드 레인지,AWD,샌드 베이지,3,3,-2088
2025-07,south,LUM,2025,LUM-AI,스탠다드 레인지,FWD,스노우 화이트,28,28,-20907
2025-07,south,LUM,2025,LUM-AI,스탠다드 레인지,FWD,미드나잇 블랙,22,22,-16551
2025-07,south,LUM,2025,LUM-AI,스탠다드 레인지,FWD,스틸 그레이,18,19,-13938
2025-07,south,LUM,2025,LUM-AI,스탠다드 레인지,FWD,실버,15,15,-11325
2025-07,south,LUM,2025,LUM-AI,스탠다드 레인지,FWD,오션 블루,12,12,-8711
2025-07,south,LUM,2025,LUM-AI,스탠다드 레인지,FWD,선셋 레드,9,9,-6969
2025-07,south,LUM,2025,LUM-AI,스탠다드 레인지,FWD,포레스트 그린,6,6,-4356
2025-07,south,LUM,2025,LUM-AI,스탠다드 레인지,FWD,샌드 베이지,6,6,-4356
2025-07,south,LUM,2025,LUM-AI,롱레인지,AWD,스노우 화이트,25,25,-18774
2025-07,south,LUM,2025,LUM-AI,롱레인지,AWD,미드나잇 블랙,20,20,-14863
2025-07,south,LUM,2025,LUM-AI,롱레인지,AWD,스틸 그레이,17,17,-12516
2025-07,south,LUM,2025,LUM-AI,롱레인지,AWD,실버,13,14,-10169
2025-07,south,LUM,2025,LUM-AI,롱레인지,AWD,오션 블루,10,11,-7823
2025-07,south,LUM,2025,LUM-AI,롱레인지,AWD,선셋 레드,8,8,-6258
2025-07,south,LUM,2025,LUM-AI,롱레인지,AWD,포레스트 그린,5,5,-3911
2025-07,south,LUM,2025,LUM-AI,롱레인지,AWD,샌드 베이지,5,5,-3911
2025-07,south,LUM,2025,LUM-AI,롱레인지,FWD,스노우 화이트,52,53,-39171
2025-07,south,LUM,2025,LUM-AI,롱레인지,FWD,미드나잇 블랙,41,42,-31010
2025-07,south,LUM,2025,LUM-AI,롱레인지,FWD,스틸 그레이,34,35,-26114
2025-07,south,LUM,2025,LUM-AI,롱레인지,FWD,실버,28,29,-21217
2025-07,south,LUM,2025,LUM-AI,롱레인지,FWD,오션 블루,22,22,-16321
2025-07,south,LUM,2025,LUM-AI,롱레인지,FWD,선셋 레드,17,18,-13057
2025-07,south,LUM,2025,LUM-AI,롱레인지,FWD,포레스트 그린,11,11,-8161
2025-07,south,LUM,2025,LUM-AI,롱레인지,FWD,샌드 베이지,11,11,-8161
2025-07,south,LUM,2025,LUM-RA,스탠다드 레인지,AWD,스노우 화이트,15,16,-7958
2025-07,south,LUM,2025,LUM-RA,스탠다드 레인지,AWD,미드나잇 블랙,12,12,-6300
2025-07,south,LUM,2025,LUM-RA,스탠다드 레인지,AWD,스틸 그레이,10,10,-5305
2025-07,south,LUM,2025,LUM-RA,스탠다드 레인지,AWD,실버,8,8,-4310
2025-07,south,LUM,2025,LUM-RA,스탠다드 레인지,AWD,오션 블루,6,7,-3316
2025-07,south,LUM,2025,LUM-RA,스탠다드 레인지,AWD,선셋 레드,5,5,-2653
2025-07,south,LUM,2025,LUM-RA,스탠다드 레인지,AWD,포레스트 그린,3,3,-1658
2025-07,south,LUM,2025,LUM-RA,스탠다드 레인지,AWD,샌드 베이지,3,3,-1658
2025-07,south,LUM,2025,LUM-RA,스탠다드 레인지,FWD,스노우 화이트,32,33,-16603
2025-07,south,LUM,2025,LUM-RA,스탠다드 레인지,FWD,미드나잇 블랙,25,26,-13144
2025-07,south,LUM,2025,LUM-RA,스탠다드 레인지,FWD,스틸 그레이,21,22,-11069
2025-07,south,LUM,2025,LUM-RA,스탠다드 레인지,FWD,실버,17,18,-8993
2025-07,south,LUM,2025,LUM-RA,스탠다드 레인지,FWD,오션 블루,13,14,-6918
2025-07,south,LUM,2025,LUM-RA,스탠다드 레인지,FWD,선셋 레드,11,11,-5534
2025-07,south,LUM,2025,LUM-RA,스탠다드 레인지,FWD,포레스트 그린,7,7,-3459
2025-07,south,LUM,2025,LUM-RA,스탠다드 레인지,FWD,샌드 베이지,7,7,-3459
2025-07,south,LUM,2025,LUM-RA,롱레인지,AWD,스노우 화이트,29,29,-14909
2025-07,south,LUM,2025,LUM-RA,롱레인지,AWD,미드나잇 블랙,23,23,-11803
2025-07,south,LUM,2025,LUM-RA,롱레인지,AWD,스틸 그레이,19,20,-9940
2025-07,south,LUM,2025,LUM-RA,롱레인지,AWD,실버,16,16,-8076
2025-07,south,LUM,2025,LUM-RA,롱레인지,AWD,오션 블루,12,12,-6212
2025-07,south,LUM,2025,LUM-RA,롱레인지,AWD,선셋 레드,10,10,-4970
2025-07,south,LUM,2025,LUM-RA,롱레인지,AWD,포레스트 그린,6,6,-3106
2025-07,south,LUM,2025,LUM-RA,롱레인지,AWD,샌드 베이지,6,6,-3106
2025-07,south,LUM,2025,LUM-RA,롱레인지,FWD,스노우 화이트,60,61,-31107
2025-07,south,LUM,2025,LUM-RA,롱레인지,FWD,미드나잇 블랙,47,48,-24627
2025-07,south,LUM,2025,LUM-RA,롱레인지,FWD,스틸 그레이,40,41,-20738
2025-07,south,LUM,2025,LUM-RA,롱레인지,FWD,실버,32,33,-16850
2025-07,south,LUM,2025,LUM-RA,롱레인지,FWD,오션 블루,25,25,-12961
2025-07,south,LUM,2025,LUM-RA,롱레인지,FWD,선셋 레드,20,20,-10369
2025-07,south,LUM,2025,LUM-RA,롱레인지,FWD,포레스트 그린,12,13,-6481
2025-07,south,LUM,2025,LUM-RA,롱레인지,FWD,샌드 베이지,12,13,-6481
2025-07,south,LUM,2025,LUM-SP,스탠다드 레인지,AWD,스노우 화이트,6,6,-646
2025-07,south,LUM,2025,LUM-SP,스탠다드 레인지,AWD,미드나잇 블랙,5,5,-511
2025-07,south,LUM,2025,LUM-SP,스탠다드 레인지,AWD,스틸 그레이,4,4,-431
2025-07,south,LUM,2025,LUM-SP,스탠다드 레인지,AWD,실버,3,3,-350
2025-07,south,LUM,2025,LUM-SP,스탠다드 레인지,AWD,오션 블루,3,3,-269
2025-07,south,LUM,2025,LUM-SP,스탠다드 레인지,AWD,선셋 레드,2,2,-215
2025-07,south,LUM,2025,LUM-SP,스탠다드 레인지,AWD,포레스트 그린,1,1,-135
2025-07,south,LUM,2025,LUM-SP,스탠다드 레인지,AWD,샌드 베이지,1,1,-135
2025-07,south,LUM,2025,LUM-SP,스탠다드 레인지,FWD,스노우 화이트,13,13,-1348
2025-07,south,LUM,2025,LUM-SP,스탠다드 레인지,FWD,미드나잇 블랙,10,11,-1067
2025-07,south,LUM,2025,LUM-SP,스탠다드 레인지,FWD,스틸 그레이,9,9,-899
2025-07,south,LUM,2025,LUM-SP,스탠다드 레인지,FWD,실버,7,7,-730
2025-07,south,LUM,2025,LUM-SP,스탠다드 레인지,FWD,오션 블루,5,6,-562
2025-07,south,LUM,2025,LUM-SP,스탠다드 레인지,FWD,선셋 레드,4,4,-449
2025-07,south,LUM,2025,LUM-SP,스탠다드 레인지,FWD,포레스트 그린,3,3,-281
2025-07,south,LUM,2025,LUM-SP,스탠다드 레인지,FWD,샌드 베이지,3,3,-281
2025-07,south,LUM,2025,LUM-SP,롱레인지,AWD,스노우 화이트,12,12,-1210
2025-07,south,LUM,2025,LUM-SP,롱레인지,AWD,미드나잇 블랙,9,9,-958
2025-07,south,LUM,2025,LUM-SP,롱레인지,AWD,스틸 그레이,8,8,-807
2025-07,south,LUM,2025,LUM-SP,롱레인지,AWD,실버,6,6,-656
2025-07,south,LUM,2025,LUM-SP,롱레인지,AWD,오션 블루,5,5,-504
2025-07,south,LUM,2025,LUM-SP,롱레인지,AWD,선셋 레드,4,4,-403
2025-07,south,LUM,2025,LUM-SP,롱레인지,AWD,포레스트 그린,2,2,-252
2025-07,south,LUM,2025,LUM-SP,롱레인지,AWD,샌드 베이지,2,2,-252
2025-07,south,LUM,2025,LUM-SP,롱레인지,FWD,스노우 화이트,25,25,-2525
2025-07,south,LUM,2025,LUM-SP,롱레인지,FWD,미드나잇 블랙,19,20,-1999
2025-07,south,LUM,2025,LUM-SP,롱레인지,FWD,스틸 그레이,16,17,-1684
2025-07,south,LUM,2025,LUM-SP,롱레인지,FWD,실버,13,14,-1368
2025-07,south,LUM,2025,LUM-SP,롱레인지,FWD,오션 블루,10,10,-1052
2025-07,south,LUM,2025,LUM-SP,롱레인지,FWD,선셋 레드,8,8,-842
2025-07,south,LUM,2025,LUM-SP,롱레인지,FWD,포레스트 그린,5,5,-526
2025-07,south,LUM,2025,LUM-SP,롱레인지,FWD,샌드 베이지,5,5,-526
2025-07,northeast,LUM,2025,LUM-AI,스탠다드 레인지,AWD,스노우 화이트,33,34,-25165
2025-07,northeast,LUM,2025,LUM-AI,스탠다드 레인지,AWD,미드나잇 블랙,26,27,-19922
2025-07,northeast,LUM,2025,LUM-AI,스탠다드 레인지,AWD,스틸 그레이,22,23,-16777
2025-07,northeast,LUM,2025,LUM-AI,스탠다드 레인지,AWD,실버,18,18,-13631
2025-07,northeast,LUM,2025,LUM-AI,스탠다드 레인지,AWD,오션 블루,14,14,-10486
2025-07,northeast,LUM,2025,LUM-AI,스탠다드 레인지,AWD,선셋 레드,11,11,-8388
2025-07,northeast,LUM,2025,LUM-AI,스탠다드 레인지,AWD,포레스트 그린,7,7,-5243
2025-07,northeast,LUM,2025,LUM-AI,스탠다드 레인지,AWD,샌드 베이지,7,7,-5243
2025-07,northeast,LUM,2025,LUM-AI,스탠다드 레인지,FWD,스노우 화이트,24,24,-17852
2025-07,northeast,LUM,2025,LUM-AI,스탠다드 레인지,FWD,미드나잇 블랙,19,19,-14133
2025-07,northeast,LUM,2025,LUM-AI,스탠다드 레인지,FWD,스틸 그레이,16,16,-11902
2025-07,northeast,LUM,2025,LUM-AI,스탠다드 레인지,FWD,실버,13,13,-9670
2025-07,northeast,LUM,2025,LUM-AI,스탠다드 레인지,FWD,오션 블루,10,10,-7438
2025-07,northeast,LUM,2025,LUM-AI,스탠다드 레인지,FWD,선셋 레드,8,8,-5951
2025-07,northeast,LUM,2025,LUM-AI,스탠다드 레인지,FWD,포레스트 그린,5,5,-3719
2025-07,northeast,LUM,2025,LUM-AI,스탠다드 레인지,FWD,샌드 베이지,5,5,-3719
2025-07,northeast,LUM,2025,LUM-AI,롱레인지,AWD,스노우 화이트,62,64,-47149
2025-07,northeast,LUM,2025,LUM-AI,롱레인지,AWD,미드나잇 블랙,49,50,-37326
2025-07,northeast,LUM,2025,LUM-AI,롱레인지,AWD,스틸 그레이,42,42,-31432
2025-07,northeast,LUM,2025,LUM-AI,롱레인지,AWD,실버,34,34,-25539
2025-07,northeast,LUM,2025,LUM-AI,롱레인지,AWD,오션 블루,26,26,-19645
2025-07,northeast,LUM,2025,LUM-AI,롱레인지,AWD,선셋 레드,21,21,-15716
2025-07,northeast,LUM,2025,LUM-AI,롱레인지,AWD,포레스트 그린,13,13,-9823
2025-07,northeast,LUM,2025,LUM-AI,롱레인지,AWD,샌드 베이지,13,13,-9823
2025-07,northeast,LUM,2025,LUM-AI,롱레인지,FWD,스노우 화이트,44,45,-33447
2025-07,northeast,LUM,2025,LUM-AI,롱레인지,FWD,미드나잇 블랙,35,36,-26479
2025-07,northeast,LUM,2025,LUM-AI,롱레인지,FWD,스틸 그레이,29,30,-22298
2025-07,northeast,LUM,2025,LUM-AI,롱레인지,FWD,실버,24,24,-18117
2025-07,northeast,LUM,2025,LUM-AI,롱레인지,FWD,오션 블루,18,19,-13936
2025-07,northeast,LUM,2025,LUM-AI,롱레인지,FWD,선셋 레드,15,15,-11149
2025-07,northeast,LUM,2025,LUM-AI,롱레인지,FWD,포레스트 그린,9,9,-6968
2025-07,northeast,LUM,2025,LUM-AI,롱레인지,FWD,샌드 베이지,9,9,-6968
2025-07,northeast,LUM,2025,LUM-RA,스탠다드 레인지,AWD,스노우 화이트,38,39,-19985
2025-07,northeast,LUM,2025,LUM-RA,스탠다드 레인지,AWD,미드나잇 블랙,30,31,-15821
2025-07,northeast,LUM,2025,LUM-RA,스탠다드 레인지,AWD,스틸 그레이,26,26,-13323
2025-07,northeast,LUM,2025,LUM-RA,스탠다드 레인지,AWD,실버,21,21,-10825
2025-07,northeast,LUM,2025,LUM-RA,스탠다드 레인지,AWD,오션 블루,16,16,-8327
2025-07,northeast,LUM,2025,LUM-RA,스탠다드 레인지,AWD,선셋 레드,13,13,-6662
2025-07,northeast,LUM,2025,LUM-RA,스탠다드 레인지,AWD,포레스트 그린,8,8,-4164
2025-07,northeast,LUM,2025,LUM-RA,스탠다드 레인지,AWD,샌드 베이지,8,8,-4164
2025-07,northeast,LUM,2025,LUM-RA,스탠다드 레인지,FWD,스노우 화이트,27,28,-14177
2025-07,northeast,LUM,2025,LUM-RA,스탠다드 레인지,FWD,미드나잇 블랙,22,22,-11224
2025-07,northeast,LUM,2025,LUM-RA,스탠다드 레인지,FWD,스틸 그레이,18,19,-9452
2025-07,northeast,LUM,2025,LUM-RA,스탠다드 레인지,FWD,실버,15,15,-7679
2025-07,northeast,LUM,2025,LUM-RA,스탠다드 레인지,FWD,오션 블루,11,12,-5907
2025-07,northeast,LUM,2025,LUM-RA,스탠다드 레인지,FWD,선셋 레드,9,9,-4726
2025-07,northeast,LUM,2025,LUM-RA,스탠다드 레인지,FWD,포레스트 그린,6,6,-2954
2025-07,northeast,LUM,2025,LUM-RA,스탠다드 레인지,FWD,샌드 베이지,6,6,-2954
2025-07,northeast,LUM,2025,LUM-RA,롱레인지,AWD,스노우 화이트,72,74,-37443
2025-07,northeast,LUM,2025,LUM-RA,롱레인지,AWD,미드나잇 블랙,57,58,-29642
2025-07,northeast,LUM,2025,LUM-RA,롱레인지,AWD,스틸 그레이,48,49,-24962
2025-07,northeast,LUM,2025,LUM-RA,롱레인지,AWD,실버,39,40,-20282
2025-07,northeast,LUM,2025,LUM-RA,롱레인지,AWD,오션 블루,30,31,-15601
2025-07,northeast,LUM,2025,LUM-RA,롱레인지,AWD,선셋 레드,24,25,-12481
2025-07,northeast,LUM,2025,LUM-RA,롱레인지,AWD,포레스트 그린,15,15,-7801
2025-07,northeast,LUM,2025,LUM-RA,롱레인지,AWD,샌드 베이지,15,15,-7801
2025-07,northeast,LUM,2025,LUM-RA,롱레인지,FWD,스노우 화이트,51,52,-26562
2025-07,northeast,LUM,2025,LUM-RA,롱레인지,FWD,미드나잇 블랙,40,41,-21028
2025-07,northeast,LUM,2025,LUM-RA,롱레인지,FWD,스틸 그레이,34,35,-17708
2025-07,northeast,LUM,2025,LUM-RA,롱레인지,FWD,실버,28,28,-14388
2025-07,northeast,LUM,2025,LUM-RA,롱레인지,FWD,오션 블루,21,22,-11068
2025-07,northeast,LUM,2025,LUM-RA,롱레인지,FWD,선셋 레드,17,17,-8854
2025-07,northeast,LUM,2025,LUM-RA,롱레인지,FWD,포레스트 그린,11,11,-5534
2025-07,northeast,LUM,2025,LUM-RA,롱레인지,FWD,샌드 베이지,11,11,-5534
2025-07,northeast,LUM,2025,LUM-SP,스탠다드 레인지,AWD,스노우 화이트,16,16,-1622
2025-07,northeast,LUM,2025,LUM-SP,스탠다드 레인지,AWD,미드나잇 블랙,12,13,-1284
2025-07,northeast,LUM,2025,LUM-SP,스탠다드 레인지,AWD,스틸 그레이,10,11,-1082
2025-07,northeast,LUM,2025,LUM-SP,스탠다드 레인지,AWD,실버,9,9,-879
2025-07,northeast,LUM,2025,LUM-SP,스탠다드 레인지,AWD,오션 블루,7,7,-676
2025-07,northeast,LUM,2025,LUM-SP,스탠다드 레인지,AWD,선셋 레드,5,5,-541
2025-07,northeast,LUM,2025,LUM-SP,스탠다드 레인지,AWD,포레스트 그린,3,3,-338
2025-07,northeast,LUM,2025,LUM-SP,스탠다드 레인지,AWD,샌드 베이지,3,3,-338
2025-07,northeast,LUM,2025,LUM-SP,스탠다드 레인지,FWD,스노우 화이트,11,11,-1151
2025-07,northeast,LUM,2025,LUM-SP,스탠다드 레인지,FWD,미드나잇 블랙,9,9,-911
2025-07,northeast,LUM,2025,LUM-SP,스탠다드 레인지,FWD,스틸 그레이,7,8,-767
2025-07,northeast,LUM,2025,LUM-SP,스탠다드 레인지,FWD,실버,6,6,-623
2025-07,northeast,LUM,2025,LUM-SP,스탠다드 레인지,FWD,오션 블루,5,5,-480
2025-07,northeast,LUM,2025,LUM-SP,스탠다드 레인지,FWD,선셋 레드,4,4,-384
2025-07,northeast,LUM,2025,LUM-SP,스탠다드 레인지,FWD,포레스트 그린,2,2,-240
2025-07,northeast,LUM,2025,LUM-SP,스탠다드 레인지,FWD,샌드 베이지,2,2,-240
2025-07,northeast,LUM,2025,LUM-SP,롱레인지,AWD,스노우 화이트,29,30,-3040
2025-07,northeast,LUM,2025,LUM-SP,롱레인지,AWD,미드나잇 블랙,23,24,-2406
2025-07,northeast,LUM,2025,LUM-SP,롱레인지,AWD,스틸 그레이,20,20,-2026
2025-07,northeast,LUM,2025,LUM-SP,롱레인지,AWD,실버,16,16,-1646
2025-07,northeast,LUM,2025,LUM-SP,롱레인지,AWD,오션 블루,12,13,-1266
2025-07,northeast,LUM,2025,LUM-SP,롱레인지,AWD,선셋 레드,10,10,-1013
2025-07,northeast,LUM,2025,LUM-SP,롱레인지,AWD,포레스트 그린,6,6,-633
2025-07,northeast,LUM,2025,LUM-SP,롱레인지,AWD,샌드 베이지,6,6,-633
2025-07,northeast,LUM,2025,LUM-SP,롱레인지,FWD,스노우 화이트,21,21,-2156
2025-07,northeast,LUM,2025,LUM-SP,롱레인지,FWD,미드나잇 블랙,17,17,-1707
2025-07,northeast,LUM,2025,LUM-SP,롱레인지,FWD,스틸 그레이,14,14,-1438
2025-07,northeast,LUM,2025,LUM-SP,롱레인지,FWD,실버,11,12,-1168
2025-07,northeast,LUM,2025,LUM-SP,롱레인지,FWD,오션 블루,9,9,-898
2025-07,northeast,LUM,2025,LUM-SP,롱레인지,FWD,선셋 레드,7,7,-719
2025-07,northeast,LUM,2025,LUM-SP,롱레인지,FWD,포레스트 그린,4,4,-449
2025-07,northeast,LUM,2025,LUM-SP,롱레인지,FWD,샌드 베이지,4,4,-449
2025-07,southeast,LUM,2025,LUM-AI,스탠다드 레인지,AWD,스노우 화이트,17,17,-12905
2025-07,southeast,LUM,2025,LUM-AI,스탠다드 레인지,AWD,미드나잇 블랙,13,14,-10217
2025-07,southeast,LUM,2025,LUM-AI,스탠다드 레인지,AWD,스틸 그레이,11,12,-8604
2025-07,southeast,LUM,2025,LUM-AI,스탠다드 레인지,AWD,실버,9,9,-6990
2025-07,southeast,LUM,2025,LUM-AI,스탠다드 레인지,AWD,오션 블루,7,7,-5377
2025-07,southeast,LUM,2025,LUM-AI,스탠다드 레인지,AWD,선셋 레드,6,6,-4302
2025-07,southeast,LUM,2025,LUM-AI,스탠다드 레인지,AWD,포레스트 그린,4,4,-2689
2025-07,southeast,LUM,2025,LUM-AI,스탠다드 레인지,AWD,샌드 베이지,4,4,-2689
2025-07,southeast,LUM,2025,LUM-AI,스탠다드 레인지,FWD,스노우 화이트,28,28,-20834
2025-07,southeast,LUM,2025,LUM-AI,스탠다드 레인지,FWD,미드나잇 블랙,22,22,-16494
2025-07,southeast,LUM,2025,LUM-AI,스탠다드 레인지,FWD,스틸 그레이,18,19,-13889
2025-07,southeast,LUM,2025,LUM-AI,스탠다드 레인지,FWD,실버,15,15,-11285
2025-07,southeast,LUM,2025,LUM-AI,스탠다드 레인지,FWD,오션 블루,11,12,-8681
2025-07,southeast,LUM,2025,LUM-AI,스탠다드 레인지,FWD,선셋 레드,9,9,-6945
2025-07,southeast,LUM,2025,LUM-AI,스탠다드 레인지,FWD,포레스트 그린,6,6,-4340
2025-07,southeast,LUM,2025,LUM-AI,스탠다드 레인지,FWD,샌드 베이지,6,6,-4340
2025-07,southeast,LUM,2025,LUM-AI,롱레인지,AWD,스노우 화이트,32,33,-24179
2025-07,southeast,LUM,2025,LUM-AI,롱레인지,AWD,미드나잇 블랙,25,26,-19142
2025-07,southeast,LUM,2025,LUM-AI,롱레인지,AWD,스틸 그레이,21,22,-16119
2025-07,southeast,LUM,2025,LUM-AI,롱레인지,AWD,실버,17,18,-13097
2025-07,southeast,LUM,2025,LUM-AI,롱레인지,AWD,오션 블루,13,14,-10075
2025-07,southeast,LUM,2025,LUM-AI,롱레인지,AWD,선셋 레드,11,11,-8060
2025-07,southeast,LUM,2025,LUM-AI,롱레인지,AWD,포레스트 그린,7,7,-5037
2025-07,southeast,LUM,2025,LUM-AI,롱레인지,AWD,샌드 베이지,7,7,-5037
2025-07,southeast,LUM,2025,LUM-AI,롱레인지,FWD,스노우 화이트,52,53,-39034
2025-07,southeast,LUM,2025,LUM-AI,롱레인지,FWD,미드나잇 블랙,41,42,-30902
2025-07,southeast,LUM,2025,LUM-AI,롱레인지,FWD,스틸 그레이,34,35,-26023
2025-07,southeast,LUM,2025,LUM-AI,롱레인지,FWD,실버,28,28,-21143
2025-07,southeast,LUM,2025,LUM-AI,롱레인지,FWD,오션 블루,21,22,-16264
2025-07,southeast,LUM,2025,LUM-AI,롱레인지,FWD,선셋 레드,17,18,-13011
2025-07,southeast,LUM,2025,LUM-AI,롱레인지,FWD,포레스트 그린,11,11,-8132
2025-07,southeast,LUM,2025,LUM-AI,롱레인지,FWD,샌드 베이지,11,11,-8132
2025-07,southeast,LUM,2025,LUM-RA,스탠다드 레인지,AWD,스노우 화이트,20,20,-10249
2025-07,southeast,LUM,2025,LUM-RA,스탠다드 레인지,AWD,미드나잇 블랙,16,16,-8114
2025-07,southeast,LUM,2025,LUM-RA,스탠다드 레인지,AWD,스틸 그레이,13,13,-6832
2025-07,southeast,LUM,2025,LUM-RA,스탠다드 레인지,AWD,실버,11,11,-5551
2025-07,southeast,LUM,2025,LUM-RA,스탠다드 레인지,AWD,오션 블루,8,8,-4270
2025-07,southeast,LUM,2025,LUM-RA,스탠다드 레인지,AWD,선셋 레드,7,7,-3416
2025-07,southeast,LUM,2025,LUM-RA,스탠다드 레인지,AWD,포레스트 그린,4,4,-2135
2025-07,southeast,LUM,2025,LUM-RA,스탠다드 레인지,AWD,샌드 베이지,4,4,-2135
2025-07,southeast,LUM,2025,LUM-RA,스탠다드 레인지,FWD,스노우 화이트,32,32,-16545
2025-07,southeast,LUM,2025,LUM-RA,스탠다드 레인지,FWD,미드나잇 블랙,25,26,-13098
2025-07,southeast,LUM,2025,LUM-RA,스탠다드 레인지,FWD,스틸 그레이,21,22,-11030
2025-07,southeast,LUM,2025,LUM-RA,스탠다드 레인지,FWD,실버,17,18,-8962
2025-07,southeast,LUM,2025,LUM-RA,스탠다드 레인지,FWD,오션 블루,13,14,-6894
2025-07,southeast,LUM,2025,LUM-RA,스탠다드 레인지,FWD,선셋 레드,11,11,-5515
2025-07,southeast,LUM,2025,LUM-RA,스탠다드 레인지,FWD,포레스트 그린,7,7,-3447
2025-07,southeast,LUM,2025,LUM-RA,스탠다드 레인지,FWD,샌드 베이지,7,7,-3447
2025-07,southeast,LUM,2025,LUM-RA,롱레인지,AWD,스노우 화이트,37,38,-19202
2025-07,southeast,LUM,2025,LUM-RA,롱레인지,AWD,미드나잇 블랙,29,30,-15201
2025-07,southeast,LUM,2025,LUM-RA,롱레인지,AWD,스틸 그레이,25,25,-12801
2025-07,southeast,LUM,2025,LUM-RA,롱레인지,AWD,실버,20,20,-10401
2025-07,southeast,LUM,2025,LUM-RA,롱레인지,AWD,오션 블루,15,16,-8001
2025-07,southeast,LUM,2025,LUM-RA,롱레인지,AWD,선셋 레드,12,13,-6401
2025-07,southeast,LUM,2025,LUM-RA,롱레인지,AWD,포레스트 그린,8,8,-4000
2025-07,southeast,LUM,2025,LUM-RA,롱레인지,AWD,샌드 베이지,8,8,-4000
2025-07,southeast,LUM,2025,LUM-RA,롱레인지,FWD,스노우 화이트,60,61,-30999
2025-07,southeast,LUM,2025,LUM-RA,롱레인지,FWD,미드나잇 블랙,47,48,-24541
2025-07,southeast,LUM,2025,LUM-RA,롱레인지,FWD,스틸 그레이,40,41,-20666
2025-07,southeast,LUM,2025,LUM-RA,롱레인지,FWD,실버,32,33,-16791
2025-07,southeast,LUM,2025,LUM-RA,롱레인지,FWD,오션 블루,25,25,-12916
2025-07,southeast,LUM,2025,LUM-RA,롱레인지,FWD,선셋 레드,20,20,-10333
2025-07,southeast,LUM,2025,LUM-RA,롱레인지,FWD,포레스트 그린,12,13,-6458
2025-07,southeast,LUM,2025,LUM-RA,롱레인지,FWD,샌드 베이지,12,13,-6458
2025-07,southeast,LUM,2025,LUM-SP,스탠다드 레인지,AWD,스노우 화이트,8,8,-832
2025-07,southeast,LUM,2025,LUM-SP,스탠다드 레인지,AWD,미드나잇 블랙,6,7,-659
2025-07,southeast,LUM,2025,LUM-SP,스탠다드 레인지,AWD,스틸 그레이,5,5,-555
2025-07,southeast,LUM,2025,LUM-SP,스탠다드 레인지,AWD,실버,4,4,-451
2025-07,southeast,LUM,2025,LUM-SP,스탠다드 레인지,AWD,오션 블루,3,3,-347
2025-07,southeast,LUM,2025,LUM-SP,스탠다드 레인지,AWD,선셋 레드,3,3,-277
2025-07,southeast,LUM,2025,LUM-SP,스탠다드 레인지,AWD,포레스트 그린,2,2,-173
2025-07,southeast,LUM,2025,LUM-SP,스탠다드 레인지,AWD,샌드 베이지,2,2,-173
2025-07,southeast,LUM,2025,LUM-SP,스탠다드 레인지,FWD,스노우 화이트,13,13,-1343
2025-07,southeast,LUM,2025,LUM-SP,스탠다드 레인지,FWD,미드나잇 블랙,10,11,-1063
2025-07,southeast,LUM,2025,LUM-SP,스탠다드 레인지,FWD,스틸 그레이,9,9,-895
2025-07,southeast,LUM,2025,LUM-SP,스탠다드 레인지,FWD,실버,7,7,-728
2025-07,southeast,LUM,2025,LUM-SP,스탠다드 레인지,FWD,오션 블루,5,6,-560
2025-07,southeast,LUM,2025,LUM-SP,스탠다드 레인지,FWD,선셋 레드,4,4,-448
2025-07,southeast,LUM,2025,LUM-SP,스탠다드 레인지,FWD,포레스트 그린,3,3,-280
2025-07,southeast,LUM,2025,LUM-SP,스탠다드 레인지,FWD,샌드 베이지,3,3,-280
2025-07,southeast,LUM,2025,LUM-SP,롱레인지,AWD,스노우 화이트,15,15,-1559
2025-07,southeast,LUM,2025,LUM-SP,롱레인지,AWD,미드나잇 블랙,12,12,-1234
2025-07,southeast,LUM,2025,LUM-SP,롱레인지,AWD,스틸 그레이,10,10,-1039
2025-07,southeast,LUM,2025,LUM-SP,롱레인지,AWD,실버,8,8,-844
2025-07,southeast,LUM,2025,LUM-SP,롱레인지,AWD,오션 블루,6,6,-649
2025-07,southeast,LUM,2025,LUM-SP,롱레인지,AWD,선셋 레드,5,5,-520
2025-07,southeast,LUM,2025,LUM-SP,롱레인지,AWD,포레스트 그린,3,3,-325
2025-07,southeast,LUM,2025,LUM-SP,롱레인지,AWD,샌드 베이지,3,3,-325
2025-07,southeast,LUM,2025,LUM-SP,롱레인지,FWD,스노우 화이트,24,25,-2516
2025-07,southeast,LUM,2025,LUM-SP,롱레인지,FWD,미드나잇 블랙,19,20,-1992
2025-07,southeast,LUM,2025,LUM-SP,롱레인지,FWD,스틸 그레이,16,17,-1678
2025-07,southeast,LUM,2025,LUM-SP,롱레인지,FWD,실버,13,13,-1363
2025-07,southeast,LUM,2025,LUM-SP,롱레인지,FWD,오션 블루,10,10,-1049
2025-07,southeast,LUM,2025,LUM-SP,롱레인지,FWD,선셋 레드,8,8,-839
2025-07,southeast,LUM,2025,LUM-SP,롱레인지,FWD,포레스트 그린,5,5,-524
2025-07,southeast,LUM,2025,LUM-SP,롱레인지,FWD,샌드 베이지,5,5,-524
