ym,zone_id,model_id,model_year,trim_id,engine,drivetrain,color,bp_retail_qty,bp_wholesale_qty,bp_op_profit_usd
2025-08,west,TRN,2025,TRN-CO,3.5 가솔린,AWD,스노우 화이트,134,137,257951
2025-08,west,TRN,2025,TRN-CO,3.5 가솔린,AWD,미드나잇 블랙,106,108,204211
2025-08,west,TRN,2025,TRN-CO,3.5 가솔린,AWD,스틸 그레이,89,91,171967
2025-08,west,TRN,2025,TRN-CO,3.5 가솔린,AWD,실버,73,74,139723
2025-08,west,TRN,2025,TRN-CO,3.5 가솔린,AWD,오션 블루,56,57,107480
2025-08,west,TRN,2025,TRN-CO,3.5 가솔린,AWD,선셋 레드,45,46,85984
2025-08,west,TRN,2025,TRN-CO,3.5 가솔린,AWD,포레스트 그린,28,29,53740
2025-08,west,TRN,2025,TRN-CO,3.5 가솔린,AWD,샌드 베이지,28,29,53740
2025-08,west,TRN,2025,TRN-CO,3.5 가솔린,FWD,스노우 화이트,45,46,85984
2025-08,west,TRN,2025,TRN-CO,3.5 가솔린,FWD,미드나잇 블랙,35,36,68070
2025-08,west,TRN,2025,TRN-CO,3.5 가솔린,FWD,스틸 그레이,30,30,57322
2025-08,west,TRN,2025,TRN-CO,3.5 가솔린,FWD,실버,24,25,46574
2025-08,west,TRN,2025,TRN-CO,3.5 가솔린,FWD,오션 블루,19,19,35827
2025-08,west,TRN,2025,TRN-CO,3.5 가솔린,FWD,선셋 레드,15,15,28661
2025-08,west,TRN,2025,TRN-CO,3.5 가솔린,FWD,포레스트 그린,9,10,17913
2025-08,west,TRN,2025,TRN-CO,3.5 가솔린,FWD,샌드 베이지,9,10,17913
2025-08,west,TRN,2025,TRN-CO,2.5T 하이브리드,AWD,스노우 화이트,111,113,212762
2025-08,west,TRN,2025,TRN-CO,2.5T 하이브리드,AWD,미드나잇 블랙,88,89,168437
2025-08,west,TRN,2025,TRN-CO,2.5T 하이브리드,AWD,스틸 그레이,74,75,141842
2025-08,west,TRN,2025,TRN-CO,2.5T 하이브리드,AWD,실버,60,61,115246
2025-08,west,TRN,2025,TRN-CO,2.5T 하이브리드,AWD,오션 블루,46,47,88651
2025-08,west,TRN,2025,TRN-CO,2.5T 하이브리드,AWD,선셋 레드,37,38,70921
2025-08,west,TRN,2025,TRN-CO,2.5T 하이브리드,AWD,포레스트 그린,23,24,44325
2025-08,west,TRN,2025,TRN-CO,2.5T 하이브리드,AWD,샌드 베이지,23,24,44325
2025-08,west,TRN,2025,TRN-CO,2.5T 하이브리드,FWD,스노우 화이트,37,38,70921
2025-08,west,TRN,2025,TRN-CO,2.5T 하이브리드,FWD,미드나잇 블랙,29,30,56146
2025-08,west,TRN,2025,TRN-CO,2.5T 하이브리드,FWD,스틸 그레이,25,25,47281
2025-08,west,TRN,2025,TRN-CO,2.5T 하이브리드,FWD,실버,20,20,38415
2025-08,west,TRN,2025,TRN-CO,2.5T 하이브리드,FWD,오션 블루,15,16,29550
2025-08,west,TRN,2025,TRN-CO,2.5T 하이브리드,FWD,선셋 레드,12,13,23640
2025-08,west,TRN,2025,TRN-CO,2.5T 하이브리드,FWD,포레스트 그린,8,8,14775
2025-08,west,TRN,2025,TRN-CO,2.5T 하이브리드,FWD,샌드 베이지,8,8,14775
2025-08,west,TRN,2025,TRN-PR,3.5 가솔린,AWD,스노우 화이트,155,158,357286
2025-08,west,TRN,2025,TRN-PR,3.5 가솔린,AWD,미드나잇 블랙,123,125,282852
2025-08,west,TRN,2025,TRN-PR,3.5 가솔린,AWD,스틸 그레이,104,106,238191
2025-08,west,TRN,2025,TRN-PR,3.5 가솔린,AWD,실버,84,86,193530
2025-08,west,TRN,2025,TRN-PR,3.5 가솔린,AWD,오션 블루,65,66,148869
2025-08,west,TRN,2025,TRN-PR,3.5 가솔린,AWD,선셋 레드,52,53,119095
2025-08,west,TRN,2025,TRN-PR,3.5 가솔린,AWD,포레스트 그린,32,33,74435
2025-08,west,TRN,2025,TRN-PR,3.5 가솔린,AWD,샌드 베이지,32,33,74435
2025-08,west,TRN,2025,TRN-PR,3.5 가솔린,FWD,스노우 화이트,52,53,119095
2025-08,west,TRN,2025,TRN-PR,3.5 가솔린,FWD,미드나잇 블랙,41,42,94284
2025-08,west,TRN,2025,TRN-PR,3.5 가솔린,FWD,스틸 그레이,35,35,79397
2025-08,west,TRN,2025,TRN-PR,3.5 가솔린,FWD,실버,28,29,64510
2025-08,west,TRN,2025,TRN-PR,3.5 가솔린,FWD,오션 블루,22,22,49623
2025-08,west,TRN,2025,TRN-PR,3.5 가솔린,FWD,선셋 레드,17,18,39698
2025-08,west,TRN,2025,TRN-PR,3.5 가솔린,FWD,포레스트 그린,11,11,24812
2025-08,west,TRN,2025,TRN-PR,3.5 가솔린,FWD,샌드 베이지,11,11,24812
2025-08,west,TRN,2025,TRN-PR,2.5T 하이브리드,AWD,스노우 화이트,128,131,294696
2025-08,west,TRN,2025,TRN-PR,2.5T 하이브리드,AWD,미드나잇 블랙,101,103,233301
2025-08,west,TRN,2025,TRN-PR,2.5T 하이브리드,AWD,스틸 그레이,85,87,196464
2025-08,west,TRN,2025,TRN-PR,2.5T 하이브리드,AWD,실버,69,71,159627
2025-08,west,TRN,2025,TRN-PR,2.5T 하이브리드,AWD,오션 블루,53,54,122790
2025-08,west,TRN,2025,TRN-PR,2.5T 하이브리드,AWD,선셋 레드,43,44,98232
2025-08,west,TRN,2025,TRN-PR,2.5T 하이브리드,AWD,포레스트 그린,27,27,61395
2025-08,west,TRN,2025,TRN-PR,2.5T 하이브리드,AWD,샌드 베이지,27,27,61395
2025-08,west,TRN,2025,TRN-PR,2.5T 하이브리드,FWD,스노우 화이트,43,44,98232
2025-08,west,TRN,2025,TRN-PR,2.5T 하이브리드,FWD,미드나잇 블랙,34,34,77767
2025-08,west,TRN,2025,TRN-PR,2.5T 하이브리드,FWD,스틸 그레이,28,29,65488
2025-08,west,TRN,2025,TRN-PR,2.5T 하이브리드,FWD,실버,23,24,53209
2025-08,west,TRN,2025,TRN-PR,2.5T 하이브리드,FWD,오션 블루,18,18,40930
2025-08,west,TRN,2025,TRN-PR,2.5T 하이브리드,FWD,선셋 레드,14,15,32744
2025-08,west,TRN,2025,TRN-PR,2.5T 하이브리드,FWD,포레스트 그린,9,9,20465
2025-08,west,TRN,2025,TRN-PR,2.5T 하이브리드,FWD,샌드 베이지,9,9,20465
2025-08,west,TRN,2025,TRN-SU,3.5 가솔린,AWD,스노우 화이트,64,65,188120
2025-08,west,TRN,2025,TRN-SU,3.5 가솔린,AWD,미드나잇 블랙,50,51,148928
2025-08,west,TRN,2025,TRN-SU,3.5 가솔린,AWD,스틸 그레이,42,43,125413
2025-08,west,TRN,2025,TRN-SU,3.5 가솔린,AWD,실버,34,35,101898
2025-08,west,TRN,2025,TRN-SU,3.5 가솔린,AWD,오션 블루,26,27,78383
2025-08,west,TRN,2025,TRN-SU,3.5 가솔린,AWD,선셋 레드,21,22,62707
2025-08,west,TRN,2025,TRN-SU,3.5 가솔린,AWD,포레스트 그린,13,14,39192
2025-08,west,TRN,2025,TRN-SU,3.5 가솔린,AWD,샌드 베이지,13,14,39192
2025-08,west,TRN,2025,TRN-SU,3.5 가솔린,FWD,스노우 화이트,21,22,62707
2025-08,west,TRN,2025,TRN-SU,3.5 가솔린,FWD,미드나잇 블랙,17,17,49643
2025-08,west,TRN,2025,TRN-SU,3.5 가솔린,FWD,스틸 그레이,14,14,41804
2025-08,west,TRN,2025,TRN-SU,3.5 가솔린,FWD,실버,11,12,33966
2025-08,west,TRN,2025,TRN-SU,3.5 가솔린,FWD,오션 블루,9,9,26128
2025-08,west,TRN,2025,TRN-SU,3.5 가솔린,FWD,선셋 레드,7,7,20902
2025-08,west,TRN,2025,TRN-SU,3.5 가솔린,FWD,포레스트 그린,4,5,13064
2025-08,west,TRN,2025,TRN-SU,3.5 가솔린,FWD,샌드 베이지,4,5,13064
2025-08,west,TRN,2025,TRN-SU,2.5T 하이브리드,AWD,스노우 화이트,52,53,155164
2025-08,west,TRN,2025,TRN-SU,2.5T 하이브리드,AWD,미드나잇 블랙,41,42,122838
2025-08,west,TRN,2025,TRN-SU,2.5T 하이브리드,AWD,스틸 그레이,35,36,103443
2025-08,west,TRN,2025,TRN-SU,2.5T 하이브리드,AWD,실버,28,29,84047
2025-08,west,TRN,2025,TRN-SU,2.5T 하이브리드,AWD,오션 블루,22,22,64652
2025-08,west,TRN,2025,TRN-SU,2.5T 하이브리드,AWD,선셋 레드,17,18,51721
2025-08,west,TRN,2025,TRN-SU,2.5T 하이브리드,AWD,포레스트 그린,11,11,32326
2025-08,west,TRN,2025,TRN-SU,2.5T 하이브리드,AWD,샌드 베이지,11,11,32326
2025-08,west,TRN,2025,TRN-SU,2.5T 하이브리드,FWD,스노우 화이트,17,18,51721
2025-08,west,TRN,2025,TRN-SU,2.5T 하이브리드,FWD,미드나잇 블랙,14,14,40946
2025-08,west,TRN,2025,TRN-SU,2.5T 하이브리드,FWD,스틸 그레이,12,12,34481
2025-08,west,TRN,2025,TRN-SU,2.5T 하이브리드,FWD,실버,9,10,28016
2025-08,west,TRN,2025,TRN-SU,2.5T 하이브리드,FWD,오션 블루,7,7,21551
2025-08,west,TRN,2025,TRN-SU,2.5T 하이브리드,FWD,선셋 레드,6,6,17240
2025-08,west,TRN,2025,TRN-SU,2.5T 하이브리드,FWD,포레스트 그린,4,4,10775
2025-08,west,TRN,2025,TRN-SU,2.5T 하이브리드,FWD,샌드 베이지,4,4,10775
2025-08,west,TRN,2026,TRN-CO,3.5 가솔린,AWD,스노우 화이트,24,24,45521
2025-08,west,TRN,2026,TRN-CO,3.5 가솔린,AWD,미드나잇 블랙,19,19,36037
2025-08,west,TRN,2026,TRN-CO,3.5 가솔린,AWD,스틸 그레이,16,16,30347
2025-08,west,TRN,2026,TRN-CO,3.5 가솔린,AWD,실버,13,13,24657
2025-08,west,TRN,2026,TRN-CO,3.5 가솔린,AWD,오션 블루,10,10,18967
2025-08,west,TRN,2026,TRN-CO,3.5 가솔린,AWD,선셋 레드,8,8,15174
2025-08,west,TRN,2026,TRN-CO,3.5 가솔린,AWD,포레스트 그린,5,5,9483
2025-08,west,TRN,2026,TRN-CO,3.5 가솔린,AWD,샌드 베이지,5,5,9483
2025-08,west,TRN,2026,TRN-CO,3.5 가솔린,FWD,스노우 화이트,8,8,15174
2025-08,west,TRN,2026,TRN-CO,3.5 가솔린,FWD,미드나잇 블랙,6,6,12012
2025-08,west,TRN,2026,TRN-CO,3.5 가솔린,FWD,스틸 그레이,5,5,10116
2025-08,west,TRN,2026,TRN-CO,3.5 가솔린,FWD,실버,4,4,8219
2025-08,west,TRN,2026,TRN-CO,3.5 가솔린,FWD,오션 블루,3,3,6322
2025-08,west,TRN,2026,TRN-CO,3.5 가솔린,FWD,선셋 레드,3,3,5058
2025-08,west,TRN,2026,TRN-CO,3.5 가솔린,FWD,포레스트 그린,2,2,3161
2025-08,west,TRN,2026,TRN-CO,3.5 가솔린,FWD,샌드 베이지,2,2,3161
2025-08,west,TRN,2026,TRN-CO,2.5T 하이브리드,AWD,스노우 화이트,20,20,37546
2025-08,west,TRN,2026,TRN-CO,2.5T 하이브리드,AWD,미드나잇 블랙,15,16,29724
2025-08,west,TRN,2026,TRN-CO,2.5T 하이브리드,AWD,스틸 그레이,13,13,25031
2025-08,west,TRN,2026,TRN-CO,2.5T 하이브리드,AWD,실버,11,11,20338
2025-08,west,TRN,2026,TRN-CO,2.5T 하이브리드,AWD,오션 블루,8,8,15644
2025-08,west,TRN,2026,TRN-CO,2.5T 하이브리드,AWD,선셋 레드,7,7,12515
2025-08,west,TRN,2026,TRN-CO,2.5T 하이브리드,AWD,포레스트 그린,4,4,7822
2025-08,west,TRN,2026,TRN-CO,2.5T 하이브리드,AWD,샌드 베이지,4,4,7822
2025-08,west,TRN,2026,TRN-CO,2.5T 하이브리드,FWD,스노우 화이트,7,7,12515
2025-08,west,TRN,2026,TRN-CO,2.5T 하이브리드,FWD,미드나잇 블랙,5,5,9908
2025-08,west,TRN,2026,TRN-CO,2.5T 하이브리드,FWD,스틸 그레이,4,4,8344
2025-08,west,TRN,2026,TRN-CO,2.5T 하이브리드,FWD,실버,4,4,6779
2025-08,west,TRN,2026,TRN-CO,2.5T 하이브리드,FWD,오션 블루,3,3,5215
2025-08,west,TRN,2026,TRN-CO,2.5T 하이브리드,FWD,선셋 레드,2,2,4172
2025-08,west,TRN,2026,TRN-CO,2.5T 하이브리드,FWD,포레스트 그린,1,1,2607
2025-08,west,TRN,2026,TRN-CO,2.5T 하이브리드,FWD,샌드 베이지,1,1,2607
2025-08,west,TRN,2026,TRN-PR,3.5 가솔린,AWD,스노우 화이트,27,28,63051
2025-08,west,TRN,2026,TRN-PR,3.5 가솔린,AWD,미드나잇 블랙,22,22,49915
2025-08,west,TRN,2026,TRN-PR,3.5 가솔린,AWD,스틸 그레이,18,19,42034
2025-08,west,TRN,2026,TRN-PR,3.5 가솔린,AWD,실버,15,15,34152
2025-08,west,TRN,2026,TRN-PR,3.5 가솔린,AWD,오션 블루,11,12,26271
2025-08,west,TRN,2026,TRN-PR,3.5 가솔린,AWD,선셋 레드,9,9,21017
2025-08,west,TRN,2026,TRN-PR,3.5 가솔린,AWD,포레스트 그린,6,6,13136
2025-08,west,TRN,2026,TRN-PR,3.5 가솔린,AWD,샌드 베이지,6,6,13136
2025-08,west,TRN,2026,TRN-PR,3.5 가솔린,FWD,스노우 화이트,9,9,21017
2025-08,west,TRN,2026,TRN-PR,3.5 가솔린,FWD,미드나잇 블랙,7,7,16638
2025-08,west,TRN,2026,TRN-PR,3.5 가솔린,FWD,스틸 그레이,6,6,14011
2025-08,west,TRN,2026,TRN-PR,3.5 가솔린,FWD,실버,5,5,11384
2025-08,west,TRN,2026,TRN-PR,3.5 가솔린,FWD,오션 블루,4,4,8757
2025-08,west,TRN,2026,TRN-PR,3.5 가솔린,FWD,선셋 레드,3,3,7006
2025-08,west,TRN,2026,TRN-PR,3.5 가솔린,FWD,포레스트 그린,2,2,4379
2025-08,west,TRN,2026,TRN-PR,3.5 가솔린,FWD,샌드 베이지,2,2,4379
2025-08,west,TRN,2026,TRN-PR,2.5T 하이브리드,AWD,스노우 화이트,23,23,52005
2025-08,west,TRN,2026,TRN-PR,2.5T 하이브리드,AWD,미드나잇 블랙,18,18,41171
2025-08,west,TRN,2026,TRN-PR,2.5T 하이브리드,AWD,스틸 그레이,15,15,34670
2025-08,west,TRN,2026,TRN-PR,2.5T 하이브리드,AWD,실버,12,12,28169
2025-08,west,TRN,2026,TRN-PR,2.5T 하이브리드,AWD,오션 블루,9,10,21669
2025-08,west,TRN,2026,TRN-PR,2.5T 하이브리드,AWD,선셋 레드,8,8,17335
2025-08,west,TRN,2026,TRN-PR,2.5T 하이브리드,AWD,포레스트 그린,5,5,10834
2025-08,west,TRN,2026,TRN-PR,2.5T 하이브리드,AWD,샌드 베이지,5,5,10834
2025-08,west,TRN,2026,TRN-PR,2.5T 하이브리드,FWD,스노우 화이트,8,8,17335
2025-08,west,TRN,2026,TRN-PR,2.5T 하이브리드,FWD,미드나잇 블랙,6,6,13724
2025-08,west,TRN,2026,TRN-PR,2.5T 하이브리드,FWD,스틸 그레이,5,5,11557
2025-08,west,TRN,2026,TRN-PR,2.5T 하이브리드,FWD,실버,4,4,9390
2025-08,west,TRN,2026,TRN-PR,2.5T 하이브리드,FWD,오션 블루,3,3,7223
2025-08,west,TRN,2026,TRN-PR,2.5T 하이브리드,FWD,선셋 레드,3,3,5778
2025-08,west,TRN,2026,TRN-PR,2.5T 하이브리드,FWD,포레스트 그린,2,2,3611
2025-08,west,TRN,2026,TRN-PR,2.5T 하이브리드,FWD,샌드 베이지,2,2,3611
2025-08,west,TRN,2026,TRN-SU,3.5 가솔린,AWD,스노우 화이트,11,11,33198
2025-08,west,TRN,2026,TRN-SU,3.5 가솔린,AWD,미드나잇 블랙,9,9,26281
2025-08,west,TRN,2026,TRN-SU,3.5 가솔린,AWD,스틸 그레이,7,8,22132
2025-08,west,TRN,2026,TRN-SU,3.5 가솔린,AWD,실버,6,6,17982
2025-08,west,TRN,2026,TRN-SU,3.5 가솔린,AWD,오션 블루,5,5,13832
2025-08,west,TRN,2026,TRN-SU,3.5 가솔린,AWD,선셋 레드,4,4,11066
2025-08,west,TRN,2026,TRN-SU,3.5 가솔린,AWD,포레스트 그린,2,2,6916
2025-08,west,TRN,2026,TRN-SU,3.5 가솔린,AWD,샌드 베이지,2,2,6916
2025-08,west,TRN,2026,TRN-SU,3.5 가솔린,FWD,스노우 화이트,4,4,11066
2025-08,west,TRN,2026,TRN-SU,3.5 가솔린,FWD,미드나잇 블랙,3,3,8760
2025-08,west,TRN,2026,TRN-SU,3.5 가솔린,FWD,스틸 그레이,2,3,7377
2025-08,west,TRN,2026,TRN-SU,3.5 가솔린,FWD,실버,2,2,5994
2025-08,west,TRN,2026,TRN-SU,3.5 가솔린,FWD,오션 블루,2,2,4611
2025-08,west,TRN,2026,TRN-SU,3.5 가솔린,FWD,선셋 레드,1,1,3689
2025-08,west,TRN,2026,TRN-SU,3.5 가솔린,FWD,포레스트 그린,1,1,2305
2025-08,west,TRN,2026,TRN-SU,3.5 가솔린,FWD,샌드 베이지,1,1,2305
2025-08,west,TRN,2026,TRN-SU,2.5T 하이브리드,AWD,스노우 화이트,9,9,27382
2025-08,west,TRN,2026,TRN-SU,2.5T 하이브리드,AWD,미드나잇 블랙,7,7,21677
2025-08,west,TRN,2026,TRN-SU,2.5T 하이브리드,AWD,스틸 그레이,6,6,18255
2025-08,west,TRN,2026,TRN-SU,2.5T 하이브리드,AWD,실버,5,5,14832
2025-08,west,TRN,2026,TRN-SU,2.5T 하이브리드,AWD,오션 블루,4,4,11409
2025-08,west,TRN,2026,TRN-SU,2.5T 하이브리드,AWD,선셋 레드,3,3,9127
2025-08,west,TRN,2026,TRN-SU,2.5T 하이브리드,AWD,포레스트 그린,2,2,5705
2025-08,west,TRN,2026,TRN-SU,2.5T 하이브리드,AWD,샌드 베이지,2,2,5705
2025-08,west,TRN,2026,TRN-SU,2.5T 하이브리드,FWD,스노우 화이트,3,3,9127
2025-08,west,TRN,2026,TRN-SU,2.5T 하이브리드,FWD,미드나잇 블랙,2,2,7226
2025-08,west,TRN,2026,TRN-SU,2.5T 하이브리드,FWD,스틸 그레이,2,2,6085
2025-08,west,TRN,2026,TRN-SU,2.5T 하이브리드,FWD,실버,2,2,4944
2025-08,west,TRN,2026,TRN-SU,2.5T 하이브리드,FWD,오션 블루,1,1,3803
2025-08,west,TRN,2026,TRN-SU,2.5T 하이브리드,FWD,선셋 레드,1,1,3042
2025-08,west,TRN,2026,TRN-SU,2.5T 하이브리드,FWD,포레스트 그린,1,1,1902
2025-08,west,TRN,2026,TRN-SU,2.5T 하이브리드,FWD,샌드 베이지,1,1,1902
2025-08,central,TRN,2025,TRN-CO,3.5 가솔린,AWD,스노우 화이트,101,103,193959
2025-08,central,TRN,2025,TRN-CO,3.5 가솔린,AWD,미드나잇 블랙,80,81,153551
2025-08,central,TRN,2025,TRN-CO,3.5 가솔린,AWD,스틸 그레이,67,69,129306
2025-08,central,TRN,2025,TRN-CO,3.5 가솔린,AWD,실버,55,56,105061
2025-08,central,TRN,2025,TRN-CO,3.5 가솔린,AWD,오션 블루,42,43,80816
2025-08,central,TRN,2025,TRN-CO,3.5 가솔린,AWD,선셋 레드,34,34,64653
2025-08,central,TRN,2025,TRN-CO,3.5 가솔린,AWD,포레스트 그린,21,21,40408
2025-08,central,TRN,2025,TRN-CO,3.5 가솔린,AWD,샌드 베이지,21,21,40408
2025-08,central,TRN,2025,TRN-CO,3.5 가솔린,FWD,스노우 화이트,16,16,30921
2025-08,central,TRN,2025,TRN-CO,3.5 가솔린,FWD,미드나잇 블랙,13,13,24479
2025-08,central,TRN,2025,TRN-CO,3.5 가솔린,FWD,스틸 그레이,11,11,20614
2025-08,central,TRN,2025,TRN-CO,3.5 가솔린,FWD,실버,9,9,16749
2025-08,central,TRN,2025,TRN-CO,3.5 가솔린,FWD,오션 블루,7,7,12884
2025-08,central,TRN,2025,TRN-CO,3.5 가솔린,FWD,선셋 레드,5,5,10307
2025-08,central,TRN,2025,TRN-CO,3.5 가솔린,FWD,포레스트 그린,3,3,6442
2025-08,central,TRN,2025,TRN-CO,3.5 가솔린,FWD,샌드 베이지,3,3,6442
2025-08,central,TRN,2025,TRN-CO,2.5T 하이브리드,AWD,스노우 화이트,83,85,159981
2025-08,central,TRN,2025,TRN-CO,2.5T 하이브리드,AWD,미드나잇 블랙,66,67,126652
2025-08,central,TRN,2025,TRN-CO,2.5T 하이브리드,AWD,스틸 그레이,55,57,106654
2025-08,central,TRN,2025,TRN-CO,2.5T 하이브리드,AWD,실버,45,46,86656
2025-08,central,TRN,2025,TRN-CO,2.5T 하이브리드,AWD,오션 블루,35,35,66659
2025-08,central,TRN,2025,TRN-CO,2.5T 하이브리드,AWD,선셋 레드,28,28,53327
2025-08,central,TRN,2025,TRN-CO,2.5T 하이브리드,AWD,포레스트 그린,17,18,33329
2025-08,central,TRN,2025,TRN-CO,2.5T 하이브리드,AWD,샌드 베이지,17,18,33329
2025-08,central,TRN,2025,TRN-CO,2.5T 하이브리드,FWD,스노우 화이트,13,14,25504
2025-08,central,TRN,2025,TRN-CO,2.5T 하이브리드,FWD,미드나잇 블랙,10,11,20191
2025-08,central,TRN,2025,TRN-CO,2.5T 하이브리드,FWD,스틸 그레이,9,9,17003
2025-08,central,TRN,2025,TRN-CO,2.5T 하이브리드,FWD,실버,7,7,13815
2025-08,central,TRN,2025,TRN-CO,2.5T 하이브리드,FWD,오션 블루,6,6,10627
2025-08,central,TRN,2025,TRN-CO,2.5T 하이브리드,FWD,선셋 레드,4,5,8501
2025-08,central,TRN,2025,TRN-CO,2.5T 하이브리드,FWD,포레스트 그린,3,3,5313
2025-08,central,TRN,2025,TRN-CO,2.5T 하이브리드,FWD,샌드 베이지,3,3,5313
2025-08,central,TRN,2025,TRN-PR,3.5 가솔린,AWD,스노우 화이트,117,119,268652
2025-08,central,TRN,2025,TRN-PR,3.5 가솔린,AWD,미드나잇 블랙,92,94,212683
2025-08,central,TRN,2025,TRN-PR,3.5 가솔린,AWD,스틸 그레이,78,79,179101
2025-08,central,TRN,2025,TRN-PR,3.5 가솔린,AWD,실버,63,65,145520
2025-08,central,TRN,2025,TRN-PR,3.5 가솔린,AWD,오션 블루,49,50,111938
2025-08,central,TRN,2025,TRN-PR,3.5 가솔린,AWD,선셋 레드,39,40,89551
2025-08,central,TRN,2025,TRN-PR,3.5 가솔린,AWD,포레스트 그린,24,25,55969
2025-08,central,TRN,2025,TRN-PR,3.5 가솔린,AWD,샌드 베이지,24,25,55969
2025-08,central,TRN,2025,TRN-PR,3.5 가솔린,FWD,스노우 화이트,19,19,42829
2025-08,central,TRN,2025,TRN-PR,3.5 가솔린,FWD,미드나잇 블랙,15,15,33906
2025-08,central,TRN,2025,TRN-PR,3.5 가솔린,FWD,스틸 그레이,12,13,28552
2025-08,central,TRN,2025,TRN-PR,3.5 가솔린,FWD,실버,10,10,23199
2025-08,central,TRN,2025,TRN-PR,3.5 가솔린,FWD,오션 블루,8,8,17845
2025-08,central,TRN,2025,TRN-PR,3.5 가솔린,FWD,선셋 레드,6,6,14276
2025-08,central,TRN,2025,TRN-PR,3.5 가솔린,FWD,포레스트 그린,4,4,8923
2025-08,central,TRN,2025,TRN-PR,3.5 가솔린,FWD,샌드 베이지,4,4,8923
2025-08,central,TRN,2025,TRN-PR,2.5T 하이브리드,AWD,스노우 화이트,96,98,221589
2025-08,central,TRN,2025,TRN-PR,2.5T 하이브리드,AWD,미드나잇 블랙,76,78,175424
2025-08,central,TRN,2025,TRN-PR,2.5T 하이브리드,AWD,스틸 그레이,64,66,147726
2025-08,central,TRN,2025,TRN-PR,2.5T 하이브리드,AWD,실버,52,53,120027
2025-08,central,TRN,2025,TRN-PR,2.5T 하이브리드,AWD,오션 블루,40,41,92329
2025-08,central,TRN,2025,TRN-PR,2.5T 하이브리드,AWD,선셋 레드,32,33,73863
2025-08,central,TRN,2025,TRN-PR,2.5T 하이브리드,AWD,포레스트 그린,20,20,46164
2025-08,central,TRN,2025,TRN-PR,2.5T 하이브리드,AWD,샌드 베이지,20,20,46164
2025-08,central,TRN,2025,TRN-PR,2.5T 하이브리드,FWD,스노우 화이트,15,16,35326
2025-08,central,TRN,2025,TRN-PR,2.5T 하이브리드,FWD,미드나잇 블랙,12,12,27966
2025-08,central,TRN,2025,TRN-PR,2.5T 하이브리드,FWD,스틸 그레이,10,10,23551
2025-08,central,TRN,2025,TRN-PR,2.5T 하이브리드,FWD,실버,8,8,19135
2025-08,central,TRN,2025,TRN-PR,2.5T 하이브리드,FWD,오션 블루,6,7,14719
2025-08,central,TRN,2025,TRN-PR,2.5T 하이브리드,FWD,선셋 레드,5,5,11775
2025-08,central,TRN,2025,TRN-PR,2.5T 하이브리드,FWD,포레스트 그린,3,3,7360
2025-08,central,TRN,2025,TRN-PR,2.5T 하이브리드,FWD,샌드 베이지,3,3,7360
2025-08,central,TRN,2025,TRN-SU,3.5 가솔린,AWD,스노우 화이트,48,49,141451
2025-08,central,TRN,2025,TRN-SU,3.5 가솔린,AWD,미드나잇 블랙,38,39,111982
2025-08,central,TRN,2025,TRN-SU,3.5 가솔린,AWD,스틸 그레이,32,32,94301
2025-08,central,TRN,2025,TRN-SU,3.5 가솔린,AWD,실버,26,26,76620
2025-08,central,TRN,2025,TRN-SU,3.5 가솔린,AWD,오션 블루,20,20,58938
2025-08,central,TRN,2025,TRN-SU,3.5 가솔린,AWD,선셋 레드,16,16,47150
2025-08,central,TRN,2025,TRN-SU,3.5 가솔린,AWD,포레스트 그린,10,10,29469
2025-08,central,TRN,2025,TRN-SU,3.5 가솔린,AWD,샌드 베이지,10,10,29469
2025-08,central,TRN,2025,TRN-SU,3.5 가솔린,FWD,스노우 화이트,8,8,22550
2025-08,central,TRN,2025,TRN-SU,3.5 가솔린,FWD,미드나잇 블랙,6,6,17852
2025-08,central,TRN,2025,TRN-SU,3.5 가솔린,FWD,스틸 그레이,5,5,15033
2025-08,central,TRN,2025,TRN-SU,3.5 가솔린,FWD,실버,4,4,12215
2025-08,central,TRN,2025,TRN-SU,3.5 가솔린,FWD,오션 블루,3,3,9396
2025-08,central,TRN,2025,TRN-SU,3.5 가솔린,FWD,선셋 레드,3,3,7517
2025-08,central,TRN,2025,TRN-SU,3.5 가솔린,FWD,포레스트 그린,2,2,4698
2025-08,central,TRN,2025,TRN-SU,3.5 가솔린,FWD,샌드 베이지,2,2,4698
2025-08,central,TRN,2025,TRN-SU,2.5T 하이브리드,AWD,스노우 화이트,39,40,116672
2025-08,central,TRN,2025,TRN-SU,2.5T 하이브리드,AWD,미드나잇 블랙,31,32,92365
2025-08,central,TRN,2025,TRN-SU,2.5T 하이브리드,AWD,스틸 그레이,26,27,77781
2025-08,central,TRN,2025,TRN-SU,2.5T 하이브리드,AWD,실버,21,22,63197
2025-08,central,TRN,2025,TRN-SU,2.5T 하이브리드,AWD,오션 블루,16,17,48613
2025-08,central,TRN,2025,TRN-SU,2.5T 하이브리드,AWD,선셋 레드,13,13,38891
2025-08,central,TRN,2025,TRN-SU,2.5T 하이브리드,AWD,포레스트 그린,8,8,24307
2025-08,central,TRN,2025,TRN-SU,2.5T 하이브리드,AWD,샌드 베이지,8,8,24307
2025-08,central,TRN,2025,TRN-SU,2.5T 하이브리드,FWD,스노우 화이트,6,6,18600
2025-08,central,TRN,2025,TRN-SU,2.5T 하이브리드,FWD,미드나잇 블랙,5,5,14725
2025-08,central,TRN,2025,TRN-SU,2.5T 하이브리드,FWD,스틸 그레이,4,4,12400
2025-08,central,TRN,2025,TRN-SU,2.5T 하이브리드,FWD,실버,3,3,10075
2025-08,central,TRN,2025,TRN-SU,2.5T 하이브리드,FWD,오션 블루,3,3,7750
2025-08,central,TRN,2025,TRN-SU,2.5T 하이브리드,FWD,선셋 레드,2,2,6200
2025-08,central,TRN,2025,TRN-SU,2.5T 하이브리드,FWD,포레스트 그린,1,1,3875
2025-08,central,TRN,2025,TRN-SU,2.5T 하이브리드,FWD,샌드 베이지,1,1,3875
2025-08,central,TRN,2026,TRN-CO,3.5 가솔린,AWD,스노우 화이트,18,18,34228
2025-08,central,TRN,2026,TRN-CO,3.5 가솔린,AWD,미드나잇 블랙,14,14,27097
2025-08,central,TRN,2026,TRN-CO,3.5 가솔린,AWD,스틸 그레이,12,12,22819
2025-08,central,TRN,2026,TRN-CO,3.5 가솔린,AWD,실버,10,10,18540
2025-08,central,TRN,2026,TRN-CO,3.5 가솔린,AWD,오션 블루,7,8,14262
2025-08,central,TRN,2026,TRN-CO,3.5 가솔린,AWD,선셋 레드,6,6,11409
2025-08,central,TRN,2026,TRN-CO,3.5 가솔린,AWD,포레스트 그린,4,4,7131
2025-08,central,TRN,2026,TRN-CO,3.5 가솔린,AWD,샌드 베이지,4,4,7131
2025-08,central,TRN,2026,TRN-CO,3.5 가솔린,FWD,스노우 화이트,3,3,5457
2025-08,central,TRN,2026,TRN-CO,3.5 가솔린,FWD,미드나잇 블랙,2,2,4320
2025-08,central,TRN,2026,TRN-CO,3.5 가솔린,FWD,스틸 그레이,2,2,3638
2025-08,central,TRN,2026,TRN-CO,3.5 가솔린,FWD,실버,2,2,2956
2025-08,central,TRN,2026,TRN-CO,3.5 가솔린,FWD,오션 블루,1,1,2274
2025-08,central,TRN,2026,TRN-CO,3.5 가솔린,FWD,선셋 레드,1,1,1819
2025-08,central,TRN,2026,TRN-CO,3.5 가솔린,FWD,포레스트 그린,1,1,1137
2025-08,central,TRN,2026,TRN-CO,3.5 가솔린,FWD,샌드 베이지,1,1,1137
2025-08,central,TRN,2026,TRN-CO,2.5T 하이브리드,AWD,스노우 화이트,15,15,28232
2025-08,central,TRN,2026,TRN-CO,2.5T 하이브리드,AWD,미드나잇 블랙,12,12,22350
2025-08,central,TRN,2026,TRN-CO,2.5T 하이브리드,AWD,스틸 그레이,10,10,18821
2025-08,central,TRN,2026,TRN-CO,2.5T 하이브리드,AWD,실버,8,8,15292
2025-08,central,TRN,2026,TRN-CO,2.5T 하이브리드,AWD,오션 블루,6,6,11763
2025-08,central,TRN,2026,TRN-CO,2.5T 하이브리드,AWD,선셋 레드,5,5,9411
2025-08,central,TRN,2026,TRN-CO,2.5T 하이브리드,AWD,포레스트 그린,3,3,5882
2025-08,central,TRN,2026,TRN-CO,2.5T 하이브리드,AWD,샌드 베이지,3,3,5882
2025-08,central,TRN,2026,TRN-CO,2.5T 하이브리드,FWD,스노우 화이트,2,2,4501
2025-08,central,TRN,2026,TRN-CO,2.5T 하이브리드,FWD,미드나잇 블랙,2,2,3563
2025-08,central,TRN,2026,TRN-CO,2.5T 하이브리드,FWD,스틸 그레이,2,2,3000
2025-08,central,TRN,2026,TRN-CO,2.5T 하이브리드,FWD,실버,1,1,2438
2025-08,central,TRN,2026,TRN-CO,2.5T 하이브리드,FWD,오션 블루,1,1,1875
2025-08,central,TRN,2026,TRN-CO,2.5T 하이브리드,FWD,선셋 레드,1,1,1500
2025-08,central,TRN,2026,TRN-PR,3.5 가솔린,AWD,스노우 화이트,21,21,47409
2025-08,central,TRN,2026,TRN-PR,3.5 가솔린,AWD,미드나잇 블랙,16,17,37532
2025-08,central,TRN,2026,TRN-PR,3.5 가솔린,AWD,스틸 그레이,14,14,31606
2025-08,central,TRN,2026,TRN-PR,3.5 가솔린,AWD,실버,11,11,25680
2025-08,central,TRN,2026,TRN-PR,3.5 가솔린,AWD,오션 블루,9,9,19754
2025-08,central,TRN,2026,TRN-PR,3.5 가솔린,AWD,선셋 레드,7,7,15803
2025-08,central,TRN,2026,TRN-PR,3.5 가솔린,AWD,포레스트 그린,4,4,9877
2025-08,central,TRN,2026,TRN-PR,3.5 가솔린,AWD,샌드 베이지,4,4,9877
2025-08,central,TRN,2026,TRN-PR,3.5 가솔린,FWD,스노우 화이트,3,3,7558
2025-08,central,TRN,2026,TRN-PR,3.5 가솔린,FWD,미드나잇 블랙,3,3,5983
2025-08,central,TRN,2026,TRN-PR,3.5 가솔린,FWD,스틸 그레이,2,2,5039
2025-08,central,TRN,2026,TRN-PR,3.5 가솔린,FWD,실버,2,2,4094
2025-08,central,TRN,2026,TRN-PR,3.5 가솔린,FWD,오션 블루,1,1,3149
2025-08,central,TRN,2026,TRN-PR,3.5 가솔린,FWD,선셋 레드,1,1,2519
2025-08,central,TRN,2026,TRN-PR,3.5 가솔린,FWD,포레스트 그린,1,1,1575
2025-08,central,TRN,2026,TRN-PR,3.5 가솔린,FWD,샌드 베이지,1,1,1575
2025-08,central,TRN,2026,TRN-PR,2.5T 하이브리드,AWD,스노우 화이트,17,17,39104
2025-08,central,TRN,2026,TRN-PR,2.5T 하이브리드,AWD,미드나잇 블랙,13,14,30957
2025-08,central,TRN,2026,TRN-PR,2.5T 하이브리드,AWD,스틸 그레이,11,12,26069
2025-08,central,TRN,2026,TRN-PR,2.5T 하이브리드,AWD,실버,9,9,21181
2025-08,central,TRN,2026,TRN-PR,2.5T 하이브리드,AWD,오션 블루,7,7,16293
2025-08,central,TRN,2026,TRN-PR,2.5T 하이브리드,AWD,선셋 레드,6,6,13035
2025-08,central,TRN,2026,TRN-PR,2.5T 하이브리드,AWD,포레스트 그린,4,4,8147
2025-08,central,TRN,2026,TRN-PR,2.5T 하이브리드,AWD,샌드 베이지,4,4,8147
2025-08,central,TRN,2026,TRN-PR,2.5T 하이브리드,FWD,스노우 화이트,3,3,6234
2025-08,central,TRN,2026,TRN-PR,2.5T 하이브리드,FWD,미드나잇 블랙,2,2,4935
2025-08,central,TRN,2026,TRN-PR,2.5T 하이브리드,FWD,스틸 그레이,2,2,4156
2025-08,central,TRN,2026,TRN-PR,2.5T 하이브리드,FWD,실버,1,1,3377
2025-08,central,TRN,2026,TRN-PR,2.5T 하이브리드,FWD,오션 블루,1,1,2597
2025-08,central,TRN,2026,TRN-PR,2.5T 하이브리드,FWD,선셋 레드,1,1,2078
2025-08,central,TRN,2026,TRN-PR,2.5T 하이브리드,FWD,포레스트 그린,1,1,1299
2025-08,central,TRN,2026,TRN-PR,2.5T 하이브리드,FWD,샌드 베이지,1,1,1299
2025-08,central,TRN,2026,TRN-SU,3.5 가솔린,AWD,스노우 화이트,8,9,24962
2025-08,central,TRN,2026,TRN-SU,3.5 가솔린,AWD,미드나잇 블랙,7,7,19762
2025-08,central,TRN,2026,TRN-SU,3.5 가솔린,AWD,스틸 그레이,6,6,16641
2025-08,central,TRN,2026,TRN-SU,3.5 가솔린,AWD,실버,5,5,13521
2025-08,central,TRN,2026,TRN-SU,3.5 가솔린,AWD,오션 블루,4,4,10401
2025-08,central,TRN,2026,TRN-SU,3.5 가솔린,AWD,선셋 레드,3,3,8321
2025-08,central,TRN,2026,TRN-SU,3.5 가솔린,AWD,포레스트 그린,2,2,5200
2025-08,central,TRN,2026,TRN-SU,3.5 가솔린,AWD,샌드 베이지,2,2,5200
2025-08,central,TRN,2026,TRN-SU,3.5 가솔린,FWD,스노우 화이트,1,1,3979
2025-08,central,TRN,2026,TRN-SU,3.5 가솔린,FWD,미드나잇 블랙,1,1,3150
2025-08,central,TRN,2026,TRN-SU,3.5 가솔린,FWD,스틸 그레이,1,1,2653
2025-08,central,TRN,2026,TRN-SU,3.5 가솔린,FWD,실버,1,1,2156
2025-08,central,TRN,2026,TRN-SU,3.5 가솔린,FWD,오션 블루,1,1,1658
2025-08,central,TRN,2026,TRN-SU,2.5T 하이브리드,AWD,스노우 화이트,7,7,20589
2025-08,central,TRN,2026,TRN-SU,2.5T 하이브리드,AWD,미드나잇 블랙,6,6,16300
2025-08,central,TRN,2026,TRN-SU,2.5T 하이브리드,AWD,스틸 그레이,5,5,13726
2025-08,central,TRN,2026,TRN-SU,2.5T 하이브리드,AWD,실버,4,4,11152
2025-08,central,TRN,2026,TRN-SU,2.5T 하이브리드,AWD,오션 블루,3,3,8579
2025-08,central,TRN,2026,TRN-SU,2.5T 하이브리드,AWD,선셋 레드,2,2,6863
2025-08,central,TRN,2026,TRN-SU,2.5T 하이브리드,AWD,포레스트 그린,1,1,4289
2025-08,central,TRN,2026,TRN-SU,2.5T 하이브리드,AWD,샌드 베이지,1,1,4289
2025-08,central,TRN,2026,TRN-SU,2.5T 하이브리드,FWD,스노우 화이트,1,1,3282
2025-08,central,TRN,2026,TRN-SU,2.5T 하이브리드,FWD,미드나잇 블랙,1,1,2599
2025-08,central,TRN,2026,TRN-SU,2.5T 하이브리드,FWD,스틸 그레이,1,1,2188
2025-08,central,TRN,2026,TRN-SU,2.5T 하이브리드,FWD,실버,1,1,1778
2025-08,south,TRN,2025,TRN-CO,3.5 가솔린,AWD,스노우 화이트,82,83,157152
2025-08,south,TRN,2025,TRN-CO,3.5 가솔린,AWD,미드나잇 블랙,65,66,124412
2025-08,south,TRN,2025,TRN-CO,3.5 가솔린,AWD,스틸 그레이,54,56,104768
2025-08,south,TRN,2025,TRN-CO,3.5 가솔린,AWD,실버,44,45,85124
2025-08,south,TRN,2025,TRN-CO,3.5 가솔린,AWD,오션 블루,34,35,65480
2025-08,south,TRN,2025,TRN-CO,3.5 가솔린,AWD,선셋 레드,27,28,52384
2025-08,south,TRN,2025,TRN-CO,3.5 가솔린,AWD,포레스트 그린,17,17,32740
2025-08,south,TRN,2025,TRN-CO,3.5 가솔린,AWD,샌드 베이지,17,17,32740
2025-08,south,TRN,2025,TRN-CO,3.5 가솔린,FWD,스노우 화이트,70,71,133870
2025-08,south,TRN,2025,TRN-CO,3.5 가솔린,FWD,미드나잇 블랙,55,56,105980
2025-08,south,TRN,2025,TRN-CO,3.5 가솔린,FWD,스틸 그레이,46,47,89247
2025-08,south,TRN,2025,TRN-CO,3.5 가솔린,FWD,실버,38,38,72513
2025-08,south,TRN,2025,TRN-CO,3.5 가솔린,FWD,오션 블루,29,30,55779
2025-08,south,TRN,2025,TRN-CO,3.5 가솔린,FWD,선셋 레드,23,24,44623
2025-08,south,TRN,2025,TRN-CO,3.5 가솔린,FWD,포레스트 그린,15,15,27890
2025-08,south,TRN,2025,TRN-CO,3.5 가솔린,FWD,샌드 베이지,15,15,27890
2025-08,south,TRN,2025,TRN-CO,2.5T 하이브리드,AWD,스노우 화이트,67,69,129621
2025-08,south,TRN,2025,TRN-CO,2.5T 하이브리드,AWD,미드나잇 블랙,53,54,102617
2025-08,south,TRN,2025,TRN-CO,2.5T 하이브리드,AWD,스틸 그레이,45,46,86414
2025-08,south,TRN,2025,TRN-CO,2.5T 하이브리드,AWD,실버,37,37,70212
2025-08,south,TRN,2025,TRN-CO,2.5T 하이브리드,AWD,오션 블루,28,29,54009
2025-08,south,TRN,2025,TRN-CO,2.5T 하이브리드,AWD,선셋 레드,22,23,43207
2025-08,south,TRN,2025,TRN-CO,2.5T 하이브리드,AWD,포레스트 그린,14,14,27004
2025-08,south,TRN,2025,TRN-CO,2.5T 하이브리드,AWD,샌드 베이지,14,14,27004
2025-08,south,TRN,2025,TRN-CO,2.5T 하이브리드,FWD,스노우 화이트,57,59,110418
2025-08,south,TRN,2025,TRN-CO,2.5T 하이브리드,FWD,미드나잇 블랙,45,46,87414
2025-08,south,TRN,2025,TRN-CO,2.5T 하이브리드,FWD,스틸 그레이,38,39,73612
2025-08,south,TRN,2025,TRN-CO,2.5T 하이브리드,FWD,실버,31,32,59810
2025-08,south,TRN,2025,TRN-CO,2.5T 하이브리드,FWD,오션 블루,24,24,46008
2025-08,south,TRN,2025,TRN-CO,2.5T 하이브리드,FWD,선셋 레드,19,20,36806
2025-08,south,TRN,2025,TRN-CO,2.5T 하이브리드,FWD,포레스트 그린,12,12,23004
2025-08,south,TRN,2025,TRN-CO,2.5T 하이브리드,FWD,샌드 베이지,12,12,23004
2025-08,south,TRN,2025,TRN-PR,3.5 가솔린,AWD,스노우 화이트,95,97,217670
2025-08,south,TRN,2025,TRN-PR,3.5 가솔린,AWD,미드나잇 블랙,75,76,172322
2025-08,south,TRN,2025,TRN-PR,3.5 가솔린,AWD,스틸 그레이,63,64,145113
2025-08,south,TRN,2025,TRN-PR,3.5 가솔린,AWD,실버,51,52,117905
2025-08,south,TRN,2025,TRN-PR,3.5 가솔린,AWD,오션 블루,39,40,90696
2025-08,south,TRN,2025,TRN-PR,3.5 가솔린,AWD,선셋 레드,32,32,72557
2025-08,south,TRN,2025,TRN-PR,3.5 가솔린,AWD,포레스트 그린,20,20,45348
2025-08,south,TRN,2025,TRN-PR,3.5 가솔린,AWD,샌드 베이지,20,20,45348
2025-08,south,TRN,2025,TRN-PR,3.5 가솔린,FWD,스노우 화이트,81,82,185422
2025-08,south,TRN,2025,TRN-PR,3.5 가솔린,FWD,미드나잇 블랙,64,65,146793
2025-08,south,TRN,2025,TRN-PR,3.5 가솔린,FWD,스틸 그레이,54,55,123615
2025-08,south,TRN,2025,TRN-PR,3.5 가솔린,FWD,실버,44,45,100437
2025-08,south,TRN,2025,TRN-PR,3.5 가솔린,FWD,오션 블루,34,34,77259
2025-08,south,TRN,2025,TRN-PR,3.5 가솔린,FWD,선셋 레드,27,27,61807
2025-08,south,TRN,2025,TRN-PR,3.5 가솔린,FWD,포레스트 그린,17,17,38630
2025-08,south,TRN,2025,TRN-PR,3.5 가솔린,FWD,샌드 베이지,17,17,38630
2025-08,south,TRN,2025,TRN-PR,2.5T 하이브리드,AWD,스노우 화이트,78,80,179538
2025-08,south,TRN,2025,TRN-PR,2.5T 하이브리드,AWD,미드나잇 블랙,62,63,142134
2025-08,south,TRN,2025,TRN-PR,2.5T 하이브리드,AWD,스틸 그레이,52,53,119692
2025-08,south,TRN,2025,TRN-PR,2.5T 하이브리드,AWD,실버,42,43,97250
2025-08,south,TRN,2025,TRN-PR,2.5T 하이브리드,AWD,오션 블루,33,33,74807
2025-08,south,TRN,2025,TRN-PR,2.5T 하이브리드,AWD,선셋 레드,26,27,59846
2025-08,south,TRN,2025,TRN-PR,2.5T 하이브리드,AWD,포레스트 그린,16,17,37404
2025-08,south,TRN,2025,TRN-PR,2.5T 하이브리드,AWD,샌드 베이지,16,17,37404
2025-08,south,TRN,2025,TRN-PR,2.5T 하이브리드,FWD,스노우 화이트,66,68,152940
2025-08,south,TRN,2025,TRN-PR,2.5T 하이브리드,FWD,미드나잇 블랙,53,54,121077
2025-08,south,TRN,2025,TRN-PR,2.5T 하이브리드,FWD,스틸 그레이,44,45,101960
2025-08,south,TRN,2025,TRN-PR,2.5T 하이브리드,FWD,실버,36,37,82842
2025-08,south,TRN,2025,TRN-PR,2.5T 하이브리드,FWD,오션 블루,28,28,63725
2025-08,south,TRN,2025,TRN-PR,2.5T 하이브리드,FWD,선셋 레드,22,23,50980
2025-08,south,TRN,2025,TRN-PR,2.5T 하이브리드,FWD,포레스트 그린,14,14,31862
2025-08,south,TRN,2025,TRN-PR,2.5T 하이브리드,FWD,샌드 베이지,14,14,31862
2025-08,south,TRN,2025,TRN-SU,3.5 가솔린,AWD,스노우 화이트,39,39,114608
2025-08,south,TRN,2025,TRN-SU,3.5 가솔린,AWD,미드나잇 블랙,31,31,90732
2025-08,south,TRN,2025,TRN-SU,3.5 가솔린,AWD,스틸 그레이,26,26,76405
2025-08,south,TRN,2025,TRN-SU,3.5 가솔린,AWD,실버,21,21,62079
2025-08,south,TRN,2025,TRN-SU,3.5 가솔린,AWD,오션 블루,16,16,47753
2025-08,south,TRN,2025,TRN-SU,3.5 가솔린,AWD,선셋 레드,13,13,38203
2025-08,south,TRN,2025,TRN-SU,3.5 가솔린,AWD,포레스트 그린,8,8,23877
2025-08,south,TRN,2025,TRN-SU,3.5 가솔린,AWD,샌드 베이지,8,8,23877
2025-08,south,TRN,2025,TRN-SU,3.5 가솔린,FWD,스노우 화이트,33,34,97629
2025-08,south,TRN,2025,TRN-SU,3.5 가솔린,FWD,미드나잇 블랙,26,27,77290
2025-08,south,TRN,2025,TRN-SU,3.5 가솔린,FWD,스틸 그레이,22,22,65086
2025-08,south,TRN,2025,TRN-SU,3.5 가솔린,FWD,실버,18,18,52883
2025-08,south,TRN,2025,TRN-SU,3.5 가솔린,FWD,오션 블루,14,14,40679
2025-08,south,TRN,2025,TRN-SU,3.5 가솔린,FWD,선셋 레드,11,11,32543
2025-08,south,TRN,2025,TRN-SU,3.5 가솔린,FWD,포레스트 그린,7,7,20339
2025-08,south,TRN,2025,TRN-SU,3.5 가솔린,FWD,샌드 베이지,7,7,20339
2025-08,south,TRN,2025,TRN-SU,2.5T 하이브리드,AWD,스노우 화이트,32,33,94531
2025-08,south,TRN,2025,TRN-SU,2.5T 하이브리드,AWD,미드나잇 블랙,25,26,74837
2025-08,south,TRN,2025,TRN-SU,2.5T 하이브리드,AWD,스틸 그레이,21,22,63021
2025-08,south,TRN,2025,TRN-SU,2.5T 하이브리드,AWD,실버,17,18,51204
2025-08,south,TRN,2025,TRN-SU,2.5T 하이브리드,AWD,오션 블루,13,14,39388
2025-08,south,TRN,2025,TRN-SU,2.5T 하이브리드,AWD,선셋 레드,11,11,31510
2025-08,south,TRN,2025,TRN-SU,2.5T 하이브리드,AWD,포레스트 그린,7,7,19694
2025-08,south,TRN,2025,TRN-SU,2.5T 하이브리드,AWD,샌드 베이지,7,7,19694
2025-08,south,TRN,2025,TRN-SU,2.5T 하이브리드,FWD,스노우 화이트,27,28,80526
2025-08,south,TRN,2025,TRN-SU,2.5T 하이브리드,FWD,미드나잇 블랙,22,22,63750
2025-08,south,TRN,2025,TRN-SU,2.5T 하이브리드,FWD,스틸 그레이,18,18,53684
2025-08,south,TRN,2025,TRN-SU,2.5T 하이브리드,FWD,실버,15,15,43618
2025-08,south,TRN,2025,TRN-SU,2.5T 하이브리드,FWD,오션 블루,11,12,33553
2025-08,south,TRN,2025,TRN-SU,2.5T 하이브리드,FWD,선셋 레드,9,9,26842
2025-08,south,TRN,2025,TRN-SU,2.5T 하이브리드,FWD,포레스트 그린,6,6,16776
2025-08,south,TRN,2025,TRN-SU,2.5T 하이브리드,FWD,샌드 베이지,6,6,16776
2025-08,south,TRN,2026,TRN-CO,3.5 가솔린,AWD,스노우 화이트,14,15,27733
2025-08,south,TRN,2026,TRN-CO,3.5 가솔린,AWD,미드나잇 블랙,11,12,21955
2025-08,south,TRN,2026,TRN-CO,3.5 가솔린,AWD,스틸 그레이,10,10,18488
2025-08,south,TRN,2026,TRN-CO,3.5 가솔린,AWD,실버,8,8,15022
2025-08,south,TRN,2026,TRN-CO,3.5 가솔린,AWD,오션 블루,6,6,11555
2025-08,south,TRN,2026,TRN-CO,3.5 가솔린,AWD,선셋 레드,5,5,9244
2025-08,south,TRN,2026,TRN-CO,3.5 가솔린,AWD,포레스트 그린,3,3,5778
2025-08,south,TRN,2026,TRN-CO,3.5 가솔린,AWD,샌드 베이지,3,3,5778
2025-08,south,TRN,2026,TRN-CO,3.5 가솔린,FWD,스노우 화이트,12,13,23624
2025-08,south,TRN,2026,TRN-CO,3.5 가솔린,FWD,미드나잇 블랙,10,10,18702
2025-08,south,TRN,2026,TRN-CO,3.5 가솔린,FWD,스틸 그레이,8,8,15749
2025-08,south,TRN,2026,TRN-CO,3.5 가솔린,FWD,실버,7,7,12796
2025-08,south,TRN,2026,TRN-CO,3.5 가솔린,FWD,오션 블루,5,5,9843
2025-08,south,TRN,2026,TRN-CO,3.5 가솔린,FWD,선셋 레드,4,4,7875
2025-08,south,TRN,2026,TRN-CO,3.5 가솔린,FWD,포레스트 그린,3,3,4922
2025-08,south,TRN,2026,TRN-CO,3.5 가솔린,FWD,샌드 베이지,3,3,4922
2025-08,south,TRN,2026,TRN-CO,2.5T 하이브리드,AWD,스노우 화이트,12,12,22874
2025-08,south,TRN,2026,TRN-CO,2.5T 하이브리드,AWD,미드나잇 블랙,9,10,18109
2025-08,south,TRN,2026,TRN-CO,2.5T 하이브리드,AWD,스틸 그레이,8,8,15250
2025-08,south,TRN,2026,TRN-CO,2.5T 하이브리드,AWD,실버,6,7,12390
2025-08,south,TRN,2026,TRN-CO,2.5T 하이브리드,AWD,오션 블루,5,5,9531
2025-08,south,TRN,2026,TRN-CO,2.5T 하이브리드,AWD,선셋 레드,4,4,7625
2025-08,south,TRN,2026,TRN-CO,2.5T 하이브리드,AWD,포레스트 그린,2,3,4765
2025-08,south,TRN,2026,TRN-CO,2.5T 하이브리드,AWD,샌드 베이지,2,3,4765
2025-08,south,TRN,2026,TRN-CO,2.5T 하이브리드,FWD,스노우 화이트,10,10,19486
2025-08,south,TRN,2026,TRN-CO,2.5T 하이브리드,FWD,미드나잇 블랙,8,8,15426
2025-08,south,TRN,2026,TRN-CO,2.5T 하이브리드,FWD,스틸 그레이,7,7,12990
2025-08,south,TRN,2026,TRN-CO,2.5T 하이브리드,FWD,실버,5,6,10555
2025-08,south,TRN,2026,TRN-CO,2.5T 하이브리드,FWD,오션 블루,4,4,8119
2025-08,south,TRN,2026,TRN-CO,2.5T 하이브리드,FWD,선셋 레드,3,3,6495
2025-08,south,TRN,2026,TRN-CO,2.5T 하이브리드,FWD,포레스트 그린,2,2,4059
2025-08,south,TRN,2026,TRN-CO,2.5T 하이브리드,FWD,샌드 베이지,2,2,4059
2025-08,south,TRN,2026,TRN-PR,3.5 가솔린,AWD,스노우 화이트,17,17,38412
2025-08,south,TRN,2026,TRN-PR,3.5 가솔린,AWD,미드나잇 블랙,13,13,30410
2025-08,south,TRN,2026,TRN-PR,3.5 가솔린,AWD,스틸 그레이,11,11,25608
2025-08,south,TRN,2026,TRN-PR,3.5 가솔린,AWD,실버,9,9,20807
2025-08,south,TRN,2026,TRN-PR,3.5 가솔린,AWD,오션 블루,7,7,16005
2025-08,south,TRN,2026,TRN-PR,3.5 가솔린,AWD,선셋 레드,6,6,12804
2025-08,south,TRN,2026,TRN-PR,3.5 가솔린,AWD,포레스트 그린,3,4,8003
2025-08,south,TRN,2026,TRN-PR,3.5 가솔린,AWD,샌드 베이지,3,4,8003
2025-08,south,TRN,2026,TRN-PR,3.5 가솔린,FWD,스노우 화이트,14,15,32722
2025-08,south,TRN,2026,TRN-PR,3.5 가솔린,FWD,미드나잇 블랙,11,11,25905
2025-08,south,TRN,2026,TRN-PR,3.5 가솔린,FWD,스틸 그레이,9,10,21814
2025-08,south,TRN,2026,TRN-PR,3.5 가솔린,FWD,실버,8,8,17724
2025-08,south,TRN,2026,TRN-PR,3.5 가솔린,FWD,오션 블루,6,6,13634
2025-08,south,TRN,2026,TRN-PR,3.5 가솔린,FWD,선셋 레드,5,5,10907
2025-08,south,TRN,2026,TRN-PR,3.5 가솔린,FWD,포레스트 그린,3,3,6817
2025-08,south,TRN,2026,TRN-PR,3.5 가솔린,FWD,샌드 베이지,3,3,6817
2025-08,south,TRN,2026,TRN-PR,2.5T 하이브리드,AWD,스노우 화이트,14,14,31683
2025-08,south,TRN,2026,TRN-PR,2.5T 하이브리드,AWD,미드나잇 블랙,11,11,25083
2025-08,south,TRN,2026,TRN-PR,2.5T 하이브리드,AWD,스틸 그레이,9,9,21122
2025-08,south,TRN,2026,TRN-PR,2.5T 하이브리드,AWD,실버,7,8,17162
2025-08,south,TRN,2026,TRN-PR,2.5T 하이브리드,AWD,오션 블루,6,6,13201
2025-08,south,TRN,2026,TRN-PR,2.5T 하이브리드,AWD,선셋 레드,5,5,10561
2025-08,south,TRN,2026,TRN-PR,2.5T 하이브리드,AWD,포레스트 그린,3,3,6601
2025-08,south,TRN,2026,TRN-PR,2.5T 하이브리드,AWD,샌드 베이지,3,3,6601
2025-08,south,TRN,2026,TRN-PR,2.5T 하이브리드,FWD,스노우 화이트,12,12,26989
2025-08,south,TRN,2026,TRN-PR,2.5T 하이브리드,FWD,미드나잇 블랙,9,9,21367
2025-08,south,TRN,2026,TRN-PR,2.5T 하이브리드,FWD,스틸 그레이,8,8,17993
2025-08,south,TRN,2026,TRN-PR,2.5T 하이브리드,FWD,실버,6,6,14619
2025-08,south,TRN,2026,TRN-PR,2.5T 하이브리드,FWD,오션 블루,5,5,11246
2025-08,south,TRN,2026,TRN-PR,2.5T 하이브리드,FWD,선셋 레드,4,4,8996
2025-08,south,TRN,2026,TRN-PR,2.5T 하이브리드,FWD,포레스트 그린,2,2,5623
2025-08,south,TRN,2026,TRN-PR,2.5T 하이브리드,FWD,샌드 베이지,2,2,5623
2025-08,south,TRN,2026,TRN-SU,3.5 가솔린,AWD,스노우 화이트,7,7,20225
2025-08,south,TRN,2026,TRN-SU,3.5 가솔린,AWD,미드나잇 블랙,5,6,16011
2025-08,south,TRN,2026,TRN-SU,3.5 가솔린,AWD,스틸 그레이,5,5,13483
2025-08,south,TRN,2026,TRN-SU,3.5 가솔린,AWD,실버,4,4,10955
2025-08,south,TRN,2026,TRN-SU,3.5 가솔린,AWD,오션 블루,3,3,8427
2025-08,south,TRN,2026,TRN-SU,3.5 가솔린,AWD,선셋 레드,2,2,6742
2025-08,south,TRN,2026,TRN-SU,3.5 가솔린,AWD,포레스트 그린,1,1,4214
2025-08,south,TRN,2026,TRN-SU,3.5 가솔린,AWD,샌드 베이지,1,1,4214
2025-08,south,TRN,2026,TRN-SU,3.5 가솔린,FWD,스노우 화이트,6,6,17229
2025-08,south,TRN,2026,TRN-SU,3.5 가솔린,FWD,미드나잇 블랙,5,5,13639
2025-08,south,TRN,2026,TRN-SU,3.5 가솔린,FWD,스틸 그레이,4,4,11486
2025-08,south,TRN,2026,TRN-SU,3.5 가솔린,FWD,실버,3,3,9332
2025-08,south,TRN,2026,TRN-SU,3.5 가솔린,FWD,오션 블루,2,2,7179
2025-08,south,TRN,2026,TRN-SU,3.5 가솔린,FWD,선셋 레드,2,2,5743
2025-08,south,TRN,2026,TRN-SU,3.5 가솔린,FWD,포레스트 그린,1,1,3589
2025-08,south,TRN,2026,TRN-SU,3.5 가솔린,FWD,샌드 베이지,1,1,3589
2025-08,south,TRN,2026,TRN-SU,2.5T 하이브리드,AWD,스노우 화이트,6,6,16682
2025-08,south,TRN,2026,TRN-SU,2.5T 하이브리드,AWD,미드나잇 블랙,4,5,13207
2025-08,south,TRN,2026,TRN-SU,2.5T 하이브리드,AWD,스틸 그레이,4,4,11121
2025-08,south,TRN,2026,TRN-SU,2.5T 하이브리드,AWD,실버,3,3,9036
2025-08,south,TRN,2026,TRN-SU,2.5T 하이브리드,AWD,오션 블루,2,2,6951
2025-08,south,TRN,2026,TRN-SU,2.5T 하이브리드,AWD,선셋 레드,2,2,5561
2025-08,south,TRN,2026,TRN-SU,2.5T 하이브리드,AWD,포레스트 그린,1,1,3475
2025-08,south,TRN,2026,TRN-SU,2.5T 하이브리드,AWD,샌드 베이지,1,1,3475
2025-08,south,TRN,2026,TRN-SU,2.5T 하이브리드,FWD,스노우 화이트,5,5,14211
2025-08,south,TRN,2026,TRN-SU,2.5T 하이브리드,FWD,미드나잇 블랙,4,4,11250
2025-08,south,TRN,2026,TRN-SU,2.5T 하이브리드,FWD,스틸 그레이,3,3,9474
2025-08,south,TRN,2026,TRN-SU,2.5T 하이브리드,FWD,실버,3,3,7697
2025-08,south,TRN,2026,TRN-SU,2.5T 하이브리드,FWD,오션 블루,2,2,5921
2025-08,south,TRN,2026,TRN-SU,2.5T 하이브리드,FWD,선셋 레드,2,2,4737
2025-08,south,TRN,2026,TRN-SU,2.5T 하이브리드,FWD,포레스트 그린,1,1,2961
2025-08,south,TRN,2026,TRN-SU,2.5T 하이브리드,FWD,샌드 베이지,1,1,2961
2025-08,northeast,TRN,2025,TRN-CO,3.5 가솔린,AWD,스노우 화이트,111,113,213636
2025-08,northeast,TRN,2025,TRN-CO,3.5 가솔린,AWD,미드나잇 블랙,88,90,169129
2025-08,northeast,TRN,2025,TRN-CO,3.5 가솔린,AWD,스틸 그레이,74,76,142424
2025-08,northeast,TRN,2025,TRN-CO,3.5 가솔린,AWD,실버,60,61,115720
2025-08,northeast,TRN,2025,TRN-CO,3.5 가솔린,AWD,오션 블루,46,47,89015
2025-08,northeast,TRN,2025,TRN-CO,3.5 가솔린,AWD,선셋 레드,37,38,71212
2025-08,northeast,TRN,2025,TRN-CO,3.5 가솔린,AWD,포레스트 그린,23,24,44508
2025-08,northeast,TRN,2025,TRN-CO,3.5 가솔린,AWD,샌드 베이지,23,24,44508
2025-08,northeast,TRN,2025,TRN-CO,3.5 가솔린,FWD,스노우 화이트,6,6,11244
2025-08,northeast,TRN,2025,TRN-CO,3.5 가솔린,FWD,미드나잇 블랙,5,5,8902
2025-08,northeast,TRN,2025,TRN-CO,3.5 가솔린,FWD,스틸 그레이,4,4,7496
2025-08,northeast,TRN,2025,TRN-CO,3.5 가솔린,FWD,실버,3,3,6091
2025-08,northeast,TRN,2025,TRN-CO,3.5 가솔린,FWD,오션 블루,2,2,4685
2025-08,northeast,TRN,2025,TRN-CO,3.5 가솔린,FWD,선셋 레드,2,2,3748
2025-08,northeast,TRN,2025,TRN-CO,3.5 가솔린,FWD,포레스트 그린,1,1,2343
2025-08,northeast,TRN,2025,TRN-CO,3.5 가솔린,FWD,샌드 베이지,1,1,2343
2025-08,northeast,TRN,2025,TRN-CO,2.5T 하이브리드,AWD,스노우 화이트,92,93,176211
2025-08,northeast,TRN,2025,TRN-CO,2.5T 하이브리드,AWD,미드나잇 블랙,73,74,139500
2025-08,northeast,TRN,2025,TRN-CO,2.5T 하이브리드,AWD,스틸 그레이,61,62,117474
2025-08,northeast,TRN,2025,TRN-CO,2.5T 하이브리드,AWD,실버,50,51,95448
2025-08,northeast,TRN,2025,TRN-CO,2.5T 하이브리드,AWD,오션 블루,38,39,73421
2025-08,northeast,TRN,2025,TRN-CO,2.5T 하이브리드,AWD,선셋 레드,31,31,58737
2025-08,northeast,TRN,2025,TRN-CO,2.5T 하이브리드,AWD,포레스트 그린,19,19,36711
2025-08,northeast,TRN,2025,TRN-CO,2.5T 하이브리드,AWD,샌드 베이지,19,19,36711
2025-08,northeast,TRN,2025,TRN-CO,2.5T 하이브리드,FWD,스노우 화이트,5,5,9274
2025-08,northeast,TRN,2025,TRN-CO,2.5T 하이브리드,FWD,미드나잇 블랙,4,4,7342
2025-08,northeast,TRN,2025,TRN-CO,2.5T 하이브리드,FWD,스틸 그레이,3,3,6183
2025-08,northeast,TRN,2025,TRN-CO,2.5T 하이브리드,FWD,실버,3,3,5024
2025-08,northeast,TRN,2025,TRN-CO,2.5T 하이브리드,FWD,오션 블루,2,2,3864
2025-08,northeast,TRN,2025,TRN-CO,2.5T 하이브리드,FWD,선셋 레드,2,2,3091
2025-08,northeast,TRN,2025,TRN-CO,2.5T 하이브리드,FWD,포레스트 그린,1,1,1932
2025-08,northeast,TRN,2025,TRN-CO,2.5T 하이브리드,FWD,샌드 베이지,1,1,1932
2025-08,northeast,TRN,2025,TRN-PR,3.5 가솔린,AWD,스노우 화이트,129,131,295906
2025-08,northeast,TRN,2025,TRN-PR,3.5 가솔린,AWD,미드나잇 블랙,102,104,234259
2025-08,northeast,TRN,2025,TRN-PR,3.5 가솔린,AWD,스틸 그레이,86,87,197271
2025-08,northeast,TRN,2025,TRN-PR,3.5 가솔린,AWD,실버,70,71,160283
2025-08,northeast,TRN,2025,TRN-PR,3.5 가솔린,AWD,오션 블루,54,55,123294
2025-08,northeast,TRN,2025,TRN-PR,3.5 가솔린,AWD,선셋 레드,43,44,98635
2025-08,northeast,TRN,2025,TRN-PR,3.5 가솔린,AWD,포레스트 그린,27,27,61647
2025-08,northeast,TRN,2025,TRN-PR,3.5 가솔린,AWD,샌드 베이지,27,27,61647
2025-08,northeast,TRN,2025,TRN-PR,3.5 가솔린,FWD,스노우 화이트,7,7,15574
2025-08,northeast,TRN,2025,TRN-PR,3.5 가솔린,FWD,미드나잇 블랙,5,5,12329
2025-08,northeast,TRN,2025,TRN-PR,3.5 가솔린,FWD,스틸 그레이,5,5,10383
2025-08,northeast,TRN,2025,TRN-PR,3.5 가솔린,FWD,실버,4,4,8436
2025-08,northeast,TRN,2025,TRN-PR,3.5 가솔린,FWD,오션 블루,3,3,6489
2025-08,northeast,TRN,2025,TRN-PR,3.5 가솔린,FWD,선셋 레드,2,2,5191
2025-08,northeast,TRN,2025,TRN-PR,3.5 가솔린,FWD,포레스트 그린,1,1,3245
2025-08,northeast,TRN,2025,TRN-PR,3.5 가솔린,FWD,샌드 베이지,1,1,3245
2025-08,northeast,TRN,2025,TRN-PR,2.5T 하이브리드,AWD,스노우 화이트,106,108,244069
2025-08,northeast,TRN,2025,TRN-PR,2.5T 하이브리드,AWD,미드나잇 블랙,84,86,193221
2025-08,northeast,TRN,2025,TRN-PR,2.5T 하이브리드,AWD,스틸 그레이,71,72,162713
2025-08,northeast,TRN,2025,TRN-PR,2.5T 하이브리드,AWD,실버,57,59,132204
2025-08,northeast,TRN,2025,TRN-PR,2.5T 하이브리드,AWD,오션 블루,44,45,101695
2025-08,northeast,TRN,2025,TRN-PR,2.5T 하이브리드,AWD,선셋 레드,35,36,81356
2025-08,northeast,TRN,2025,TRN-PR,2.5T 하이브리드,AWD,포레스트 그린,22,23,50848
2025-08,northeast,TRN,2025,TRN-PR,2.5T 하이브리드,AWD,샌드 베이지,22,23,50848
2025-08,northeast,TRN,2025,TRN-PR,2.5T 하이브리드,FWD,스노우 화이트,6,6,12846
2025-08,northeast,TRN,2025,TRN-PR,2.5T 하이브리드,FWD,미드나잇 블랙,4,5,10170
2025-08,northeast,TRN,2025,TRN-PR,2.5T 하이브리드,FWD,스틸 그레이,4,4,8564
2025-08,northeast,TRN,2025,TRN-PR,2.5T 하이브리드,FWD,실버,3,3,6958
2025-08,northeast,TRN,2025,TRN-PR,2.5T 하이브리드,FWD,오션 블루,2,2,5352
2025-08,northeast,TRN,2025,TRN-PR,2.5T 하이브리드,FWD,선셋 레드,2,2,4282
2025-08,northeast,TRN,2025,TRN-PR,2.5T 하이브리드,FWD,포레스트 그린,1,1,2676
2025-08,northeast,TRN,2025,TRN-PR,2.5T 하이브리드,FWD,샌드 베이지,1,1,2676
2025-08,northeast,TRN,2025,TRN-SU,3.5 가솔린,AWD,스노우 화이트,53,54,155802
2025-08,northeast,TRN,2025,TRN-SU,3.5 가솔린,AWD,미드나잇 블랙,42,42,123343
2025-08,northeast,TRN,2025,TRN-SU,3.5 가솔린,AWD,스틸 그레이,35,36,103868
2025-08,northeast,TRN,2025,TRN-SU,3.5 가솔린,AWD,실버,29,29,84393
2025-08,northeast,TRN,2025,TRN-SU,3.5 가솔린,AWD,오션 블루,22,22,64917
2025-08,northeast,TRN,2025,TRN-SU,3.5 가솔린,AWD,선셋 레드,18,18,51934
2025-08,northeast,TRN,2025,TRN-SU,3.5 가솔린,AWD,포레스트 그린,11,11,32459
2025-08,northeast,TRN,2025,TRN-SU,3.5 가솔린,AWD,샌드 베이지,11,11,32459
2025-08,northeast,TRN,2025,TRN-SU,3.5 가솔린,FWD,스노우 화이트,3,3,8200
2025-08,northeast,TRN,2025,TRN-SU,3.5 가솔린,FWD,미드나잇 블랙,2,2,6492
2025-08,northeast,TRN,2025,TRN-SU,3.5 가솔린,FWD,스틸 그레이,2,2,5467
2025-08,northeast,TRN,2025,TRN-SU,3.5 가솔린,FWD,실버,2,2,4442
2025-08,northeast,TRN,2025,TRN-SU,3.5 가솔린,FWD,오션 블루,1,1,3417
2025-08,northeast,TRN,2025,TRN-SU,3.5 가솔린,FWD,선셋 레드,1,1,2733
2025-08,northeast,TRN,2025,TRN-SU,3.5 가솔린,FWD,포레스트 그린,1,1,1708
2025-08,northeast,TRN,2025,TRN-SU,3.5 가솔린,FWD,샌드 베이지,1,1,1708
2025-08,northeast,TRN,2025,TRN-SU,2.5T 하이브리드,AWD,스노우 화이트,43,44,128508
2025-08,northeast,TRN,2025,TRN-SU,2.5T 하이브리드,AWD,미드나잇 블랙,34,35,101735
2025-08,northeast,TRN,2025,TRN-SU,2.5T 하이브리드,AWD,스틸 그레이,29,30,85672
2025-08,northeast,TRN,2025,TRN-SU,2.5T 하이브리드,AWD,실버,24,24,69608
2025-08,northeast,TRN,2025,TRN-SU,2.5T 하이브리드,AWD,오션 블루,18,18,53545
2025-08,northeast,TRN,2025,TRN-SU,2.5T 하이브리드,AWD,선셋 레드,14,15,42836
2025-08,northeast,TRN,2025,TRN-SU,2.5T 하이브리드,AWD,포레스트 그린,9,9,26772
2025-08,northeast,TRN,2025,TRN-SU,2.5T 하이브리드,AWD,샌드 베이지,9,9,26772
2025-08,northeast,TRN,2025,TRN-SU,2.5T 하이브리드,FWD,스노우 화이트,2,2,6764
2025-08,northeast,TRN,2025,TRN-SU,2.5T 하이브리드,FWD,미드나잇 블랙,2,2,5354
2025-08,northeast,TRN,2025,TRN-SU,2.5T 하이브리드,FWD,스틸 그레이,2,2,4509
2025-08,northeast,TRN,2025,TRN-SU,2.5T 하이브리드,FWD,실버,1,1,3664
2025-08,northeast,TRN,2025,TRN-SU,2.5T 하이브리드,FWD,오션 블루,1,1,2818
2025-08,northeast,TRN,2025,TRN-SU,2.5T 하이브리드,FWD,선셋 레드,1,1,2255
2025-08,northeast,TRN,2026,TRN-CO,3.5 가솔린,AWD,스노우 화이트,20,20,37701
2025-08,northeast,TRN,2026,TRN-CO,3.5 가솔린,AWD,미드나잇 블랙,16,16,29846
2025-08,northeast,TRN,2026,TRN-CO,3.5 가솔린,AWD,스틸 그레이,13,13,25134
2025-08,northeast,TRN,2026,TRN-CO,3.5 가솔린,AWD,실버,11,11,20421
2025-08,northeast,TRN,2026,TRN-CO,3.5 가솔린,AWD,오션 블루,8,8,15709
2025-08,northeast,TRN,2026,TRN-CO,3.5 가솔린,AWD,선셋 레드,7,7,12567
2025-08,northeast,TRN,2026,TRN-CO,3.5 가솔린,AWD,포레스트 그린,4,4,7854
2025-08,northeast,TRN,2026,TRN-CO,3.5 가솔린,AWD,샌드 베이지,4,4,7854
2025-08,northeast,TRN,2026,TRN-CO,3.5 가솔린,FWD,스노우 화이트,1,1,1984
2025-08,northeast,TRN,2026,TRN-CO,3.5 가솔린,FWD,미드나잇 블랙,1,1,1571
2025-08,northeast,TRN,2026,TRN-CO,3.5 가솔린,FWD,스틸 그레이,1,1,1323
2025-08,northeast,TRN,2026,TRN-CO,3.5 가솔린,FWD,실버,1,1,1075
2025-08,northeast,TRN,2026,TRN-CO,2.5T 하이브리드,AWD,스노우 화이트,16,16,31096
2025-08,northeast,TRN,2026,TRN-CO,2.5T 하이브리드,AWD,미드나잇 블랙,13,13,24618
2025-08,northeast,TRN,2026,TRN-CO,2.5T 하이브리드,AWD,스틸 그레이,11,11,20731
2025-08,northeast,TRN,2026,TRN-CO,2.5T 하이브리드,AWD,실버,9,9,16844
2025-08,northeast,TRN,2026,TRN-CO,2.5T 하이브리드,AWD,오션 블루,7,7,12957
2025-08,northeast,TRN,2026,TRN-CO,2.5T 하이브리드,AWD,선셋 레드,5,5,10365
2025-08,northeast,TRN,2026,TRN-CO,2.5T 하이브리드,AWD,포레스트 그린,3,3,6478
2025-08,northeast,TRN,2026,TRN-CO,2.5T 하이브리드,AWD,샌드 베이지,3,3,6478
2025-08,northeast,TRN,2026,TRN-CO,2.5T 하이브리드,FWD,스노우 화이트,1,1,1637
2025-08,northeast,TRN,2026,TRN-CO,2.5T 하이브리드,FWD,미드나잇 블랙,1,1,1296
2025-08,northeast,TRN,2026,TRN-CO,2.5T 하이브리드,FWD,스틸 그레이,1,1,1091
2025-08,northeast,TRN,2026,TRN-PR,3.5 가솔린,AWD,스노우 화이트,23,23,52219
2025-08,northeast,TRN,2026,TRN-PR,3.5 가솔린,AWD,미드나잇 블랙,18,18,41340
2025-08,northeast,TRN,2026,TRN-PR,3.5 가솔린,AWD,스틸 그레이,15,15,34813
2025-08,northeast,TRN,2026,TRN-PR,3.5 가솔린,AWD,실버,12,13,28285
2025-08,northeast,TRN,2026,TRN-PR,3.5 가솔린,AWD,오션 블루,9,10,21758
2025-08,northeast,TRN,2026,TRN-PR,3.5 가솔린,AWD,선셋 레드,8,8,17406
2025-08,northeast,TRN,2026,TRN-PR,3.5 가솔린,AWD,포레스트 그린,5,5,10879
2025-08,northeast,TRN,2026,TRN-PR,3.5 가솔린,AWD,샌드 베이지,5,5,10879
2025-08,northeast,TRN,2026,TRN-PR,3.5 가솔린,FWD,스노우 화이트,1,1,2748
2025-08,northeast,TRN,2026,TRN-PR,3.5 가솔린,FWD,미드나잇 블랙,1,1,2176
2025-08,northeast,TRN,2026,TRN-PR,3.5 가솔린,FWD,스틸 그레이,1,1,1832
2025-08,northeast,TRN,2026,TRN-PR,3.5 가솔린,FWD,실버,1,1,1489
2025-08,northeast,TRN,2026,TRN-PR,2.5T 하이브리드,AWD,스노우 화이트,19,19,43071
2025-08,northeast,TRN,2026,TRN-PR,2.5T 하이브리드,AWD,미드나잇 블랙,15,15,34098
2025-08,northeast,TRN,2026,TRN-PR,2.5T 하이브리드,AWD,스틸 그레이,12,13,28714
2025-08,northeast,TRN,2026,TRN-PR,2.5T 하이브리드,AWD,실버,10,10,23330
2025-08,northeast,TRN,2026,TRN-PR,2.5T 하이브리드,AWD,오션 블루,8,8,17946
2025-08,northeast,TRN,2026,TRN-PR,2.5T 하이브리드,AWD,선셋 레드,6,6,14357
2025-08,northeast,TRN,2026,TRN-PR,2.5T 하이브리드,AWD,포레스트 그린,4,4,8973
2025-08,northeast,TRN,2026,TRN-PR,2.5T 하이브리드,AWD,샌드 베이지,4,4,8973
2025-08,northeast,TRN,2026,TRN-PR,2.5T 하이브리드,FWD,스노우 화이트,1,1,2267
2025-08,northeast,TRN,2026,TRN-PR,2.5T 하이브리드,FWD,미드나잇 블랙,1,1,1795
2025-08,northeast,TRN,2026,TRN-PR,2.5T 하이브리드,FWD,스틸 그레이,1,1,1511
2025-08,northeast,TRN,2026,TRN-PR,2.5T 하이브리드,FWD,실버,1,1,1228
2025-08,northeast,TRN,2026,TRN-SU,3.5 가솔린,AWD,스노우 화이트,9,9,27494
2025-08,northeast,TRN,2026,TRN-SU,3.5 가솔린,AWD,미드나잇 블랙,7,7,21766
2025-08,northeast,TRN,2026,TRN-SU,3.5 가솔린,AWD,스틸 그레이,6,6,18330
2025-08,northeast,TRN,2026,TRN-SU,3.5 가솔린,AWD,실버,5,5,14893
2025-08,northeast,TRN,2026,TRN-SU,3.5 가솔린,AWD,오션 블루,4,4,11456
2025-08,northeast,TRN,2026,TRN-SU,3.5 가솔린,AWD,선셋 레드,3,3,9165
2025-08,northeast,TRN,2026,TRN-SU,3.5 가솔린,AWD,포레스트 그린,2,2,5728
2025-08,northeast,TRN,2026,TRN-SU,3.5 가솔린,AWD,샌드 베이지,2,2,5728
2025-08,northeast,TRN,2026,TRN-SU,2.5T 하이브리드,AWD,스노우 화이트,8,8,22678
2025-08,northeast,TRN,2026,TRN-SU,2.5T 하이브리드,AWD,미드나잇 블랙,6,6,17953
2025-08,northeast,TRN,2026,TRN-SU,2.5T 하이브리드,AWD,스틸 그레이,5,5,15119
2025-08,northeast,TRN,2026,TRN-SU,2.5T 하이브리드,AWD,실버,4,4,12284
2025-08,northeast,TRN,2026,TRN-SU,2.5T 하이브리드,AWD,오션 블루,3,3,9449
2025-08,northeast,TRN,2026,TRN-SU,2.5T 하이브리드,AWD,선셋 레드,3,3,7559
2025-08,northeast,TRN,2026,TRN-SU,2.5T 하이브리드,AWD,포레스트 그린,2,2,4725
2025-08,northeast,TRN,2026,TRN-SU,2.5T 하이브리드,AWD,샌드 베이지,2,2,4725
2025-08,southeast,TRN,2025,TRN-CO,3.5 가솔린,AWD,스노우 화이트,79,81,151794
2025-08,southeast,TRN,2025,TRN-CO,3.5 가솔린,AWD,미드나잇 블랙,62,64,120170
2025-08,southeast,TRN,2025,TRN-CO,3.5 가솔린,AWD,스틸 그레이,53,54,101196
2025-08,southeast,TRN,2025,TRN-CO,3.5 가솔린,AWD,실버,43,44,82222
2025-08,southeast,TRN,2025,TRN-CO,3.5 가솔린,AWD,오션 블루,33,34,63248
2025-08,southeast,TRN,2025,TRN-CO,3.5 가솔린,AWD,선셋 레드,26,27,50598
2025-08,southeast,TRN,2025,TRN-CO,3.5 가솔린,AWD,포레스트 그린,16,17,31624
2025-08,southeast,TRN,2025,TRN-CO,3.5 가솔린,AWD,샌드 베이지,16,17,31624
2025-08,southeast,TRN,2025,TRN-CO,3.5 가솔린,FWD,스노우 화이트,45,46,86314
2025-08,southeast,TRN,2025,TRN-CO,3.5 가솔린,FWD,미드나잇 블랙,36,36,68332
2025-08,southeast,TRN,2025,TRN-CO,3.5 가솔린,FWD,스틸 그레이,30,31,57543
2025-08,southeast,TRN,2025,TRN-CO,3.5 가솔린,FWD,실버,24,25,46754
2025-08,southeast,TRN,2025,TRN-CO,3.5 가솔린,FWD,오션 블루,19,19,35964
2025-08,southeast,TRN,2025,TRN-CO,3.5 가솔린,FWD,선셋 레드,15,15,28771
2025-08,southeast,TRN,2025,TRN-CO,3.5 가솔린,FWD,포레스트 그린,9,10,17982
2025-08,southeast,TRN,2025,TRN-CO,3.5 가솔린,FWD,샌드 베이지,9,10,17982
2025-08,southeast,TRN,2025,TRN-CO,2.5T 하이브리드,AWD,스노우 화이트,65,66,125202
2025-08,southeast,TRN,2025,TRN-CO,2.5T 하이브리드,AWD,미드나잇 블랙,52,53,99119
2025-08,southeast,TRN,2025,TRN-CO,2.5T 하이브리드,AWD,스틸 그레이,43,44,83468
2025-08,southeast,TRN,2025,TRN-CO,2.5T 하이브리드,AWD,실버,35,36,67818
2025-08,southeast,TRN,2025,TRN-CO,2.5T 하이브리드,AWD,오션 블루,27,28,52168
2025-08,southeast,TRN,2025,TRN-CO,2.5T 하이브리드,AWD,선셋 레드,22,22,41734
2025-08,southeast,TRN,2025,TRN-CO,2.5T 하이브리드,AWD,포레스트 그린,14,14,26084
2025-08,southeast,TRN,2025,TRN-CO,2.5T 하이브리드,AWD,샌드 베이지,14,14,26084
2025-08,southeast,TRN,2025,TRN-CO,2.5T 하이브리드,FWD,스노우 화이트,37,38,71194
2025-08,southeast,TRN,2025,TRN-CO,2.5T 하이브리드,FWD,미드나잇 블랙,29,30,56362
2025-08,southeast,TRN,2025,TRN-CO,2.5T 하이브리드,FWD,스틸 그레이,25,25,47462
2025-08,southeast,TRN,2025,TRN-CO,2.5T 하이브리드,FWD,실버,20,20,38563
2025-08,southeast,TRN,2025,TRN-CO,2.5T 하이브리드,FWD,오션 블루,15,16,29664
2025-08,southeast,TRN,2025,TRN-CO,2.5T 하이브리드,FWD,선셋 레드,12,13,23731
2025-08,southeast,TRN,2025,TRN-CO,2.5T 하이브리드,FWD,포레스트 그린,8,8,14832
2025-08,southeast,TRN,2025,TRN-CO,2.5T 하이브리드,FWD,샌드 베이지,8,8,14832
2025-08,southeast,TRN,2025,TRN-PR,3.5 가솔린,AWD,스노우 화이트,91,93,210249
2025-08,southeast,TRN,2025,TRN-PR,3.5 가솔린,AWD,미드나잇 블랙,72,74,166447
2025-08,southeast,TRN,2025,TRN-PR,3.5 가솔린,AWD,스틸 그레이,61,62,140166
2025-08,southeast,TRN,2025,TRN-PR,3.5 가솔린,AWD,실버,50,50,113885
2025-08,southeast,TRN,2025,TRN-PR,3.5 가솔린,AWD,오션 블루,38,39,87604
2025-08,southeast,TRN,2025,TRN-PR,3.5 가솔린,AWD,선셋 레드,30,31,70083
2025-08,southeast,TRN,2025,TRN-PR,3.5 가솔린,AWD,포레스트 그린,19,19,43802
2025-08,southeast,TRN,2025,TRN-PR,3.5 가솔린,AWD,샌드 베이지,19,19,43802
2025-08,southeast,TRN,2025,TRN-PR,3.5 가솔린,FWD,스노우 화이트,52,53,119554
2025-08,southeast,TRN,2025,TRN-PR,3.5 가솔린,FWD,미드나잇 블랙,41,42,94647
2025-08,southeast,TRN,2025,TRN-PR,3.5 가솔린,FWD,스틸 그레이,35,35,79702
2025-08,southeast,TRN,2025,TRN-PR,3.5 가솔린,FWD,실버,28,29,64758
2025-08,southeast,TRN,2025,TRN-PR,3.5 가솔린,FWD,오션 블루,22,22,49814
2025-08,southeast,TRN,2025,TRN-PR,3.5 가솔린,FWD,선셋 레드,17,18,39851
2025-08,southeast,TRN,2025,TRN-PR,3.5 가솔린,FWD,포레스트 그린,11,11,24907
2025-08,southeast,TRN,2025,TRN-PR,3.5 가솔린,FWD,샌드 베이지,11,11,24907
2025-08,southeast,TRN,2025,TRN-PR,2.5T 하이브리드,AWD,스노우 화이트,75,77,173417
2025-08,southeast,TRN,2025,TRN-PR,2.5T 하이브리드,AWD,미드나잇 블랙,60,61,137289
2025-08,southeast,TRN,2025,TRN-PR,2.5T 하이브리드,AWD,스틸 그레이,50,51,115612
2025-08,southeast,TRN,2025,TRN-PR,2.5T 하이브리드,AWD,실버,41,42,93934
2025-08,southeast,TRN,2025,TRN-PR,2.5T 하이브리드,AWD,오션 블루,31,32,72257
2025-08,southeast,TRN,2025,TRN-PR,2.5T 하이브리드,AWD,선셋 레드,25,26,57806
2025-08,southeast,TRN,2025,TRN-PR,2.5T 하이브리드,AWD,포레스트 그린,16,16,36129
2025-08,southeast,TRN,2025,TRN-PR,2.5T 하이브리드,AWD,샌드 베이지,16,16,36129
2025-08,southeast,TRN,2025,TRN-PR,2.5T 하이브리드,FWD,스노우 화이트,43,44,98610
2025-08,southeast,TRN,2025,TRN-PR,2.5T 하이브리드,FWD,미드나잇 블랙,34,35,78066
2025-08,southeast,TRN,2025,TRN-PR,2.5T 하이브리드,FWD,스틸 그레이,29,29,65740
2025-08,southeast,TRN,2025,TRN-PR,2.5T 하이브리드,FWD,실버,23,24,53414
2025-08,southeast,TRN,2025,TRN-PR,2.5T 하이브리드,FWD,오션 블루,18,18,41087
2025-08,southeast,TRN,2025,TRN-PR,2.5T 하이브리드,FWD,선셋 레드,14,15,32870
2025-08,southeast,TRN,2025,TRN-PR,2.5T 하이브리드,FWD,포레스트 그린,9,9,20544
2025-08,southeast,TRN,2025,TRN-PR,2.5T 하이브리드,FWD,샌드 베이지,9,9,20544
2025-08,southeast,TRN,2025,TRN-SU,3.5 가솔린,AWD,스노우 화이트,37,38,110701
2025-08,southeast,TRN,2025,TRN-SU,3.5 가솔린,AWD,미드나잇 블랙,30,30,87638
2025-08,southeast,TRN,2025,TRN-SU,3.5 가솔린,AWD,스틸 그레이,25,25,73801
2025-08,southeast,TRN,2025,TRN-SU,3.5 가솔린,AWD,실버,20,21,59963
2025-08,southeast,TRN,2025,TRN-SU,3.5 가솔린,AWD,오션 블루,16,16,46125
2025-08,southeast,TRN,2025,TRN-SU,3.5 가솔린,AWD,선셋 레드,12,13,36900
2025-08,southeast,TRN,2025,TRN-SU,3.5 가솔린,AWD,포레스트 그린,8,8,23063
2025-08,southeast,TRN,2025,TRN-SU,3.5 가솔린,AWD,샌드 베이지,8,8,23063
2025-08,southeast,TRN,2025,TRN-SU,3.5 가솔린,FWD,스노우 화이트,21,22,62948
2025-08,southeast,TRN,2025,TRN-SU,3.5 가솔린,FWD,미드나잇 블랙,17,17,49834
2025-08,southeast,TRN,2025,TRN-SU,3.5 가솔린,FWD,스틸 그레이,14,14,41965
2025-08,southeast,TRN,2025,TRN-SU,3.5 가솔린,FWD,실버,12,12,34097
2025-08,southeast,TRN,2025,TRN-SU,3.5 가솔린,FWD,오션 블루,9,9,26228
2025-08,southeast,TRN,2025,TRN-SU,3.5 가솔린,FWD,선셋 레드,7,7,20983
2025-08,southeast,TRN,2025,TRN-SU,3.5 가솔린,FWD,포레스트 그린,4,5,13114
2025-08,southeast,TRN,2025,TRN-SU,3.5 가솔린,FWD,샌드 베이지,4,5,13114
2025-08,southeast,TRN,2025,TRN-SU,2.5T 하이브리드,AWD,스노우 화이트,31,31,91308
2025-08,southeast,TRN,2025,TRN-SU,2.5T 하이브리드,AWD,미드나잇 블랙,24,25,72286
2025-08,southeast,TRN,2025,TRN-SU,2.5T 하이브리드,AWD,스틸 그레이,21,21,60872
2025-08,southeast,TRN,2025,TRN-SU,2.5T 하이브리드,AWD,실버,17,17,49459
2025-08,southeast,TRN,2025,TRN-SU,2.5T 하이브리드,AWD,오션 블루,13,13,38045
2025-08,southeast,TRN,2025,TRN-SU,2.5T 하이브리드,AWD,선셋 레드,10,10,30436
2025-08,southeast,TRN,2025,TRN-SU,2.5T 하이브리드,AWD,포레스트 그린,6,7,19023
2025-08,southeast,TRN,2025,TRN-SU,2.5T 하이브리드,AWD,샌드 베이지,6,7,19023
2025-08,southeast,TRN,2025,TRN-SU,2.5T 하이브리드,FWD,스노우 화이트,18,18,51920
2025-08,southeast,TRN,2025,TRN-SU,2.5T 하이브리드,FWD,미드나잇 블랙,14,14,41104
2025-08,southeast,TRN,2025,TRN-SU,2.5T 하이브리드,FWD,스틸 그레이,12,12,34614
2025-08,southeast,TRN,2025,TRN-SU,2.5T 하이브리드,FWD,실버,9,10,28124
2025-08,southeast,TRN,2025,TRN-SU,2.5T 하이브리드,FWD,오션 블루,7,7,21633
2025-08,southeast,TRN,2025,TRN-SU,2.5T 하이브리드,FWD,선셋 레드,6,6,17307
2025-08,southeast,TRN,2025,TRN-SU,2.5T 하이브리드,FWD,포레스트 그린,4,4,10817
2025-08,southeast,TRN,2025,TRN-SU,2.5T 하이브리드,FWD,샌드 베이지,4,4,10817
2025-08,southeast,TRN,2026,TRN-CO,3.5 가솔린,AWD,스노우 화이트,14,14,26787
2025-08,southeast,TRN,2026,TRN-CO,3.5 가솔린,AWD,미드나잇 블랙,11,11,21207
2025-08,southeast,TRN,2026,TRN-CO,3.5 가솔린,AWD,스틸 그레이,9,9,17858
2025-08,southeast,TRN,2026,TRN-CO,3.5 가솔린,AWD,실버,8,8,14510
2025-08,southeast,TRN,2026,TRN-CO,3.5 가솔린,AWD,오션 블루,6,6,11161
2025-08,southeast,TRN,2026,TRN-CO,3.5 가솔린,AWD,선셋 레드,5,5,8929
2025-08,southeast,TRN,2026,TRN-CO,3.5 가솔린,AWD,포레스트 그린,3,3,5581
2025-08,southeast,TRN,2026,TRN-CO,3.5 가솔린,AWD,샌드 베이지,3,3,5581
2025-08,southeast,TRN,2026,TRN-CO,3.5 가솔린,FWD,스노우 화이트,8,8,15232
2025-08,southeast,TRN,2026,TRN-CO,3.5 가솔린,FWD,미드나잇 블랙,6,6,12059
2025-08,southeast,TRN,2026,TRN-CO,3.5 가솔린,FWD,스틸 그레이,5,5,10155
2025-08,southeast,TRN,2026,TRN-CO,3.5 가솔린,FWD,실버,4,4,8251
2025-08,southeast,TRN,2026,TRN-CO,3.5 가솔린,FWD,오션 블루,3,3,6347
2025-08,southeast,TRN,2026,TRN-CO,3.5 가솔린,FWD,선셋 레드,3,3,5077
2025-08,southeast,TRN,2026,TRN-CO,3.5 가솔린,FWD,포레스트 그린,2,2,3173
2025-08,southeast,TRN,2026,TRN-CO,3.5 가솔린,FWD,샌드 베이지,2,2,3173
2025-08,southeast,TRN,2026,TRN-CO,2.5T 하이브리드,AWD,스노우 화이트,11,12,22095
2025-08,southeast,TRN,2026,TRN-CO,2.5T 하이브리드,AWD,미드나잇 블랙,9,9,17492
2025-08,southeast,TRN,2026,TRN-CO,2.5T 하이브리드,AWD,스틸 그레이,8,8,14730
2025-08,southeast,TRN,2026,TRN-CO,2.5T 하이브리드,AWD,실버,6,6,11968
2025-08,southeast,TRN,2026,TRN-CO,2.5T 하이브리드,AWD,오션 블루,5,5,9206
2025-08,southeast,TRN,2026,TRN-CO,2.5T 하이브리드,AWD,선셋 레드,4,4,7365
2025-08,southeast,TRN,2026,TRN-CO,2.5T 하이브리드,AWD,포레스트 그린,2,2,4603
2025-08,southeast,TRN,2026,TRN-CO,2.5T 하이브리드,AWD,샌드 베이지,2,2,4603
2025-08,southeast,TRN,2026,TRN-CO,2.5T 하이브리드,FWD,스노우 화이트,7,7,12564
2025-08,southeast,TRN,2026,TRN-CO,2.5T 하이브리드,FWD,미드나잇 블랙,5,5,9946
2025-08,southeast,TRN,2026,TRN-CO,2.5T 하이브리드,FWD,스틸 그레이,4,4,8376
2025-08,southeast,TRN,2026,TRN-CO,2.5T 하이브리드,FWD,실버,4,4,6805
2025-08,southeast,TRN,2026,TRN-CO,2.5T 하이브리드,FWD,오션 블루,3,3,5235
2025-08,southeast,TRN,2026,TRN-CO,2.5T 하이브리드,FWD,선셋 레드,2,2,4188
2025-08,southeast,TRN,2026,TRN-CO,2.5T 하이브리드,FWD,포레스트 그린,1,1,2617
2025-08,southeast,TRN,2026,TRN-CO,2.5T 하이브리드,FWD,샌드 베이지,1,1,2617
2025-08,southeast,TRN,2026,TRN-PR,3.5 가솔린,AWD,스노우 화이트,16,16,37103
2025-08,southeast,TRN,2026,TRN-PR,3.5 가솔린,AWD,미드나잇 블랙,13,13,29373
2025-08,southeast,TRN,2026,TRN-PR,3.5 가솔린,AWD,스틸 그레이,11,11,24735
2025-08,southeast,TRN,2026,TRN-PR,3.5 가솔린,AWD,실버,9,9,20097
2025-08,southeast,TRN,2026,TRN-PR,3.5 가솔린,AWD,오션 블루,7,7,15460
2025-08,southeast,TRN,2026,TRN-PR,3.5 가솔린,AWD,선셋 레드,5,5,12368
2025-08,southeast,TRN,2026,TRN-PR,3.5 가솔린,AWD,포레스트 그린,3,3,7730
2025-08,southeast,TRN,2026,TRN-PR,3.5 가솔린,AWD,샌드 베이지,3,3,7730
2025-08,southeast,TRN,2026,TRN-PR,3.5 가솔린,FWD,스노우 화이트,9,9,21098
2025-08,southeast,TRN,2026,TRN-PR,3.5 가솔린,FWD,미드나잇 블랙,7,7,16702
2025-08,southeast,TRN,2026,TRN-PR,3.5 가솔린,FWD,스틸 그레이,6,6,14065
2025-08,southeast,TRN,2026,TRN-PR,3.5 가솔린,FWD,실버,5,5,11428
2025-08,southeast,TRN,2026,TRN-PR,3.5 가솔린,FWD,오션 블루,4,4,8791
2025-08,southeast,TRN,2026,TRN-PR,3.5 가솔린,FWD,선셋 레드,3,3,7033
2025-08,southeast,TRN,2026,TRN-PR,3.5 가솔린,FWD,포레스트 그린,2,2,4395
2025-08,southeast,TRN,2026,TRN-PR,3.5 가솔린,FWD,샌드 베이지,2,2,4395
2025-08,southeast,TRN,2026,TRN-PR,2.5T 하이브리드,AWD,스노우 화이트,13,14,30603
2025-08,southeast,TRN,2026,TRN-PR,2.5T 하이브리드,AWD,미드나잇 블랙,11,11,24227
2025-08,southeast,TRN,2026,TRN-PR,2.5T 하이브리드,AWD,스틸 그레이,9,9,20402
2025-08,southeast,TRN,2026,TRN-PR,2.5T 하이브리드,AWD,실버,7,7,16577
2025-08,southeast,TRN,2026,TRN-PR,2.5T 하이브리드,AWD,오션 블루,6,6,12751
2025-08,southeast,TRN,2026,TRN-PR,2.5T 하이브리드,AWD,선셋 레드,4,5,10201
2025-08,southeast,TRN,2026,TRN-PR,2.5T 하이브리드,AWD,포레스트 그린,3,3,6376
2025-08,southeast,TRN,2026,TRN-PR,2.5T 하이브리드,AWD,샌드 베이지,3,3,6376
2025-08,southeast,TRN,2026,TRN-PR,2.5T 하이브리드,FWD,스노우 화이트,8,8,17402
2025-08,southeast,TRN,2026,TRN-PR,2.5T 하이브리드,FWD,미드나잇 블랙,6,6,13776
2025-08,southeast,TRN,2026,TRN-PR,2.5T 하이브리드,FWD,스틸 그레이,5,5,11601
2025-08,southeast,TRN,2026,TRN-PR,2.5T 하이브리드,FWD,실버,4,4,9426
2025-08,southeast,TRN,2026,TRN-PR,2.5T 하이브리드,FWD,오션 블루,3,3,7251
2025-08,southeast,TRN,2026,TRN-PR,2.5T 하이브리드,FWD,선셋 레드,3,3,5801
2025-08,southeast,TRN,2026,TRN-PR,2.5T 하이브리드,FWD,포레스트 그린,2,2,3625
2025-08,southeast,TRN,2026,TRN-PR,2.5T 하이브리드,FWD,샌드 베이지,2,2,3625
2025-08,southeast,TRN,2026,TRN-SU,3.5 가솔린,AWD,스노우 화이트,7,7,19535
2025-08,southeast,TRN,2026,TRN-SU,3.5 가솔린,AWD,미드나잇 블랙,5,5,15466
2025-08,southeast,TRN,2026,TRN-SU,3.5 가솔린,AWD,스틸 그레이,4,4,13024
2025-08,southeast,TRN,2026,TRN-SU,3.5 가솔린,AWD,실버,4,4,10582
2025-08,southeast,TRN,2026,TRN-SU,3.5 가솔린,AWD,오션 블루,3,3,8140
2025-08,southeast,TRN,2026,TRN-SU,3.5 가솔린,AWD,선셋 레드,2,2,6512
2025-08,southeast,TRN,2026,TRN-SU,3.5 가솔린,AWD,포레스트 그린,1,1,4070
2025-08,southeast,TRN,2026,TRN-SU,3.5 가솔린,AWD,샌드 베이지,1,1,4070
2025-08,southeast,TRN,2026,TRN-SU,3.5 가솔린,FWD,스노우 화이트,4,4,11108
2025-08,southeast,TRN,2026,TRN-SU,3.5 가솔린,FWD,미드나잇 블랙,3,3,8794
2025-08,southeast,TRN,2026,TRN-SU,3.5 가솔린,FWD,스틸 그레이,3,3,7406
2025-08,southeast,TRN,2026,TRN-SU,3.5 가솔린,FWD,실버,2,2,6017
2025-08,southeast,TRN,2026,TRN-SU,3.5 가솔린,FWD,오션 블루,2,2,4629
2025-08,southeast,TRN,2026,TRN-SU,3.5 가솔린,FWD,선셋 레드,1,1,3703
2025-08,southeast,TRN,2026,TRN-SU,3.5 가솔린,FWD,포레스트 그린,1,1,2314
2025-08,southeast,TRN,2026,TRN-SU,3.5 가솔린,FWD,샌드 베이지,1,1,2314
2025-08,southeast,TRN,2026,TRN-SU,2.5T 하이브리드,AWD,스노우 화이트,5,6,16113
2025-08,southeast,TRN,2026,TRN-SU,2.5T 하이브리드,AWD,미드나잇 블랙,4,4,12756
2025-08,southeast,TRN,2026,TRN-SU,2.5T 하이브리드,AWD,스틸 그레이,4,4,10742
2025-08,southeast,TRN,2026,TRN-SU,2.5T 하이브리드,AWD,실버,3,3,8728
2025-08,southeast,TRN,2026,TRN-SU,2.5T 하이브리드,AWD,오션 블루,2,2,6714
2025-08,southeast,TRN,2026,TRN-SU,2.5T 하이브리드,AWD,선셋 레드,2,2,5371
2025-08,southeast,TRN,2026,TRN-SU,2.5T 하이브리드,AWD,포레스트 그린,1,1,3357
2025-08,southeast,TRN,2026,TRN-SU,2.5T 하이브리드,AWD,샌드 베이지,1,1,3357
2025-08,southeast,TRN,2026,TRN-SU,2.5T 하이브리드,FWD,스노우 화이트,3,3,9162
2025-08,southeast,TRN,2026,TRN-SU,2.5T 하이브리드,FWD,미드나잇 블랙,2,2,7254
2025-08,southeast,TRN,2026,TRN-SU,2.5T 하이브리드,FWD,스틸 그레이,2,2,6108
2025-08,southeast,TRN,2026,TRN-SU,2.5T 하이브리드,FWD,실버,2,2,4963
2025-08,southeast,TRN,2026,TRN-SU,2.5T 하이브리드,FWD,오션 블루,1,1,3818
2025-08,southeast,TRN,2026,TRN-SU,2.5T 하이브리드,FWD,선셋 레드,1,1,3054
2025-08,southeast,TRN,2026,TRN-SU,2.5T 하이브리드,FWD,포레스트 그린,1,1,1909
2025-08,southeast,TRN,2026,TRN-SU,2.5T 하이브리드,FWD,샌드 베이지,1,1,1909
2025-08,west,VST,2025,VST-CO,2.5 가솔린,AWD,스노우 화이트,87,89,68969
2025-08,west,VST,2025,VST-CO,2.5 가솔린,AWD,미드나잇 블랙,69,70,54601
2025-08,west,VST,2025,VST-CO,2.5 가솔린,AWD,스틸 그레이,58,59,45980
2025-08,west,VST,2025,VST-CO,2.5 가솔린,AWD,실버,47,48,37358
2025-08,west,VST,2025,VST-CO,2.5 가솔린,AWD,오션 블루,36,37,28737
2025-08,west,VST,2025,VST-CO,2.5 가솔린,AWD,선셋 레드,29,30,22990
2025-08,west,VST,2025,VST-CO,2.5 가솔린,AWD,포레스트 그린,18,19,14369
2025-08,west,VST,2025,VST-CO,2.5 가솔린,AWD,샌드 베이지,18,19,14369
2025-08,west,VST,2025,VST-CO,2.5 가솔린,FWD,스노우 화이트,107,109,84296
2025-08,west,VST,2025,VST-CO,2.5 가솔린,FWD,미드나잇 블랙,84,86,66734
2025-08,west,VST,2025,VST-CO,2.5 가솔린,FWD,스틸 그레이,71,72,56197
2025-08,west,VST,2025,VST-CO,2.5 가솔린,FWD,실버,58,59,45660
2025-08,west,VST,2025,VST-CO,2.5 가솔린,FWD,오션 블루,44,45,35123
2025-08,west,VST,2025,VST-CO,2.5 가솔린,FWD,선셋 레드,36,36,28099
2025-08,west,VST,2025,VST-CO,2.5 가솔린,FWD,포레스트 그린,22,23,17562
2025-08,west,VST,2025,VST-CO,2.5 가솔린,FWD,샌드 베이지,22,23,17562
2025-08,west,VST,2025,VST-CO,1.6T 하이브리드,AWD,스노우 화이트,72,73,56887
2025-08,west,VST,2025,VST-CO,1.6T 하이브리드,AWD,미드나잇 블랙,57,58,45036
2025-08,west,VST,2025,VST-CO,1.6T 하이브리드,AWD,스틸 그레이,48,49,37925
2025-08,west,VST,2025,VST-CO,1.6T 하이브리드,AWD,실버,39,40,30814
2025-08,west,VST,2025,VST-CO,1.6T 하이브리드,AWD,오션 블루,30,31,23703
2025-08,west,VST,2025,VST-CO,1.6T 하이브리드,AWD,선셋 레드,24,24,18962
2025-08,west,VST,2025,VST-CO,1.6T 하이브리드,AWD,포레스트 그린,15,15,11851
2025-08,west,VST,2025,VST-CO,1.6T 하이브리드,AWD,샌드 베이지,15,15,11851
2025-08,west,VST,2025,VST-CO,1.6T 하이브리드,FWD,스노우 화이트,88,90,69529
2025-08,west,VST,2025,VST-CO,1.6T 하이브리드,FWD,미드나잇 블랙,70,71,55044
2025-08,west,VST,2025,VST-CO,1.6T 하이브리드,FWD,스틸 그레이,59,60,46352
2025-08,west,VST,2025,VST-CO,1.6T 하이브리드,FWD,실버,48,49,37661
2025-08,west,VST,2025,VST-CO,1.6T 하이브리드,FWD,오션 블루,37,37,28970
2025-08,west,VST,2025,VST-CO,1.6T 하이브리드,FWD,선셋 레드,29,30,23176
2025-08,west,VST,2025,VST-CO,1.6T 하이브리드,FWD,포레스트 그린,18,19,14485
2025-08,west,VST,2025,VST-CO,1.6T 하이브리드,FWD,샌드 베이지,18,19,14485
2025-08,west,VST,2025,VST-PR,2.5 가솔린,AWD,스노우 화이트,101,103,108016
2025-08,west,VST,2025,VST-PR,2.5 가솔린,AWD,미드나잇 블랙,80,82,85512
2025-08,west,VST,2025,VST-PR,2.5 가솔린,AWD,스틸 그레이,67,69,72011
2025-08,west,VST,2025,VST-PR,2.5 가솔린,AWD,실버,55,56,58509
2025-08,west,VST,2025,VST-PR,2.5 가솔린,AWD,오션 블루,42,43,45007
2025-08,west,VST,2025,VST-PR,2.5 가솔린,AWD,선셋 레드,34,34,36005
2025-08,west,VST,2025,VST-PR,2.5 가솔린,AWD,포레스트 그린,21,21,22503
2025-08,west,VST,2025,VST-PR,2.5 가솔린,AWD,샌드 베이지,21,21,22503
2025-08,west,VST,2025,VST-PR,2.5 가솔린,FWD,스노우 화이트,123,126,132019
2025-08,west,VST,2025,VST-PR,2.5 가솔린,FWD,미드나잇 블랙,98,100,104515
2025-08,west,VST,2025,VST-PR,2.5 가솔린,FWD,스틸 그레이,82,84,88013
2025-08,west,VST,2025,VST-PR,2.5 가솔린,FWD,실버,67,68,71510
2025-08,west,VST,2025,VST-PR,2.5 가솔린,FWD,오션 블루,51,52,55008
2025-08,west,VST,2025,VST-PR,2.5 가솔린,FWD,선셋 레드,41,42,44006
2025-08,west,VST,2025,VST-PR,2.5 가솔린,FWD,포레스트 그린,26,26,27504
2025-08,west,VST,2025,VST-PR,2.5 가솔린,FWD,샌드 베이지,26,26,27504
2025-08,west,VST,2025,VST-PR,1.6T 하이브리드,AWD,스노우 화이트,83,85,89093
2025-08,west,VST,2025,VST-PR,1.6T 하이브리드,AWD,미드나잇 블랙,66,67,70532
2025-08,west,VST,2025,VST-PR,1.6T 하이브리드,AWD,스틸 그레이,56,57,59396
2025-08,west,VST,2025,VST-PR,1.6T 하이브리드,AWD,실버,45,46,48259
2025-08,west,VST,2025,VST-PR,1.6T 하이브리드,AWD,오션 블루,35,35,37122
2025-08,west,VST,2025,VST-PR,1.6T 하이브리드,AWD,선셋 레드,28,28,29698
2025-08,west,VST,2025,VST-PR,1.6T 하이브리드,AWD,포레스트 그린,17,18,18561
2025-08,west,VST,2025,VST-PR,1.6T 하이브리드,AWD,샌드 베이지,17,18,18561
2025-08,west,VST,2025,VST-PR,1.6T 하이브리드,FWD,스노우 화이트,102,104,108892
2025-08,west,VST,2025,VST-PR,1.6T 하이브리드,FWD,미드나잇 블랙,81,82,86206
2025-08,west,VST,2025,VST-PR,1.6T 하이브리드,FWD,스틸 그레이,68,69,72595
2025-08,west,VST,2025,VST-PR,1.6T 하이브리드,FWD,실버,55,56,58983
2025-08,west,VST,2025,VST-PR,1.6T 하이브리드,FWD,오션 블루,42,43,45372
2025-08,west,VST,2025,VST-PR,1.6T 하이브리드,FWD,선셋 레드,34,35,36297
2025-08,west,VST,2025,VST-PR,1.6T 하이브리드,FWD,포레스트 그린,21,22,22686
2025-08,west,VST,2025,VST-PR,1.6T 하이브리드,FWD,샌드 베이지,21,22,22686
2025-08,west,VST,2025,VST-TR,2.5 가솔린,AWD,스노우 화이트,41,42,64346
2025-08,west,VST,2025,VST-TR,2.5 가솔린,AWD,미드나잇 블랙,33,33,50940
2025-08,west,VST,2025,VST-TR,2.5 가솔린,AWD,스틸 그레이,28,28,42897
2025-08,west,VST,2025,VST-TR,2.5 가솔린,AWD,실버,22,23,34854
2025-08,west,VST,2025,VST-TR,2.5 가솔린,AWD,오션 블루,17,18,26811
2025-08,west,VST,2025,VST-TR,2.5 가솔린,AWD,선셋 레드,14,14,21449
2025-08,west,VST,2025,VST-TR,2.5 가솔린,AWD,포레스트 그린,9,9,13405
2025-08,west,VST,2025,VST-TR,2.5 가솔린,AWD,샌드 베이지,9,9,13405
2025-08,west,VST,2025,VST-TR,2.5 가솔린,FWD,스노우 화이트,50,51,78645
2025-08,west,VST,2025,VST-TR,2.5 가솔린,FWD,미드나잇 블랙,40,41,62261
2025-08,west,VST,2025,VST-TR,2.5 가솔린,FWD,스틸 그레이,34,34,52430
2025-08,west,VST,2025,VST-TR,2.5 가솔린,FWD,실버,27,28,42599
2025-08,west,VST,2025,VST-TR,2.5 가솔린,FWD,오션 블루,21,21,32769
2025-08,west,VST,2025,VST-TR,2.5 가솔린,FWD,선셋 레드,17,17,26215
2025-08,west,VST,2025,VST-TR,2.5 가솔린,FWD,포레스트 그린,11,11,16384
2025-08,west,VST,2025,VST-TR,2.5 가솔린,FWD,샌드 베이지,11,11,16384
2025-08,west,VST,2025,VST-TR,1.6T 하이브리드,AWD,스노우 화이트,34,35,53074
2025-08,west,VST,2025,VST-TR,1.6T 하이브리드,AWD,미드나잇 블랙,27,28,42017
2025-08,west,VST,2025,VST-TR,1.6T 하이브리드,AWD,스틸 그레이,23,23,35382
2025-08,west,VST,2025,VST-TR,1.6T 하이브리드,AWD,실버,18,19,28748
2025-08,west,VST,2025,VST-TR,1.6T 하이브리드,AWD,오션 블루,14,14,22114
2025-08,west,VST,2025,VST-TR,1.6T 하이브리드,AWD,선셋 레드,11,12,17691
2025-08,west,VST,2025,VST-TR,1.6T 하이브리드,AWD,포레스트 그린,7,7,11057
2025-08,west,VST,2025,VST-TR,1.6T 하이브리드,AWD,샌드 베이지,7,7,11057
2025-08,west,VST,2025,VST-TR,1.6T 하이브리드,FWD,스노우 화이트,42,42,64868
2025-08,west,VST,2025,VST-TR,1.6T 하이브리드,FWD,미드나잇 블랙,33,34,51354
2025-08,west,VST,2025,VST-TR,1.6T 하이브리드,FWD,스틸 그레이,28,28,43245
2025-08,west,VST,2025,VST-TR,1.6T 하이브리드,FWD,실버,23,23,35137
2025-08,west,VST,2025,VST-TR,1.6T 하이브리드,FWD,오션 블루,17,18,27028
2025-08,west,VST,2025,VST-TR,1.6T 하이브리드,FWD,선셋 레드,14,14,21623
2025-08,west,VST,2025,VST-TR,1.6T 하이브리드,FWD,포레스트 그린,9,9,13514
2025-08,west,VST,2025,VST-TR,1.6T 하이브리드,FWD,샌드 베이지,9,9,13514
2025-08,west,VST,2026,VST-CO,2.5 가솔린,AWD,스노우 화이트,15,16,12171
2025-08,west,VST,2026,VST-CO,2.5 가솔린,AWD,미드나잇 블랙,12,12,9635
2025-08,west,VST,2026,VST-CO,2.5 가솔린,AWD,스틸 그레이,10,10,8114
2025-08,west,VST,2026,VST-CO,2.5 가솔린,AWD,실버,8,9,6593
2025-08,west,VST,2026,VST-CO,2.5 가솔린,AWD,오션 블루,6,7,5071
2025-08,west,VST,2026,VST-CO,2.5 가솔린,AWD,선셋 레드,5,5,4057
2025-08,west,VST,2026,VST-CO,2.5 가솔린,AWD,포레스트 그린,3,3,2536
2025-08,west,VST,2026,VST-CO,2.5 가솔린,AWD,샌드 베이지,3,3,2536
2025-08,west,VST,2026,VST-CO,2.5 가솔린,FWD,스노우 화이트,19,19,14876
2025-08,west,VST,2026,VST-CO,2.5 가솔린,FWD,미드나잇 블랙,15,15,11777
2025-08,west,VST,2026,VST-CO,2.5 가솔린,FWD,스틸 그레이,13,13,9917
2025-08,west,VST,2026,VST-CO,2.5 가솔린,FWD,실버,10,10,8058
2025-08,west,VST,2026,VST-CO,2.5 가솔린,FWD,오션 블루,8,8,6198
2025-08,west,VST,2026,VST-CO,2.5 가솔린,FWD,선셋 레드,6,6,4959
2025-08,west,VST,2026,VST-CO,2.5 가솔린,FWD,포레스트 그린,4,4,3099
2025-08,west,VST,2026,VST-CO,2.5 가솔린,FWD,샌드 베이지,4,4,3099
2025-08,west,VST,2026,VST-CO,1.6T 하이브리드,AWD,스노우 화이트,13,13,10039
2025-08,west,VST,2026,VST-CO,1.6T 하이브리드,AWD,미드나잇 블랙,10,10,7947
2025-08,west,VST,2026,VST-CO,1.6T 하이브리드,AWD,스틸 그레이,8,9,6693
2025-08,west,VST,2026,VST-CO,1.6T 하이브리드,AWD,실버,7,7,5438
2025-08,west,VST,2026,VST-CO,1.6T 하이브리드,AWD,오션 블루,5,5,4183
2025-08,west,VST,2026,VST-CO,1.6T 하이브리드,AWD,선셋 레드,4,4,3346
2025-08,west,VST,2026,VST-CO,1.6T 하이브리드,AWD,포레스트 그린,3,3,2091
2025-08,west,VST,2026,VST-CO,1.6T 하이브리드,AWD,샌드 베이지,3,3,2091
2025-08,west,VST,2026,VST-CO,1.6T 하이브리드,FWD,스노우 화이트,16,16,12270
2025-08,west,VST,2026,VST-CO,1.6T 하이브리드,FWD,미드나잇 블랙,12,13,9714
2025-08,west,VST,2026,VST-CO,1.6T 하이브리드,FWD,스틸 그레이,10,11,8180
2025-08,west,VST,2026,VST-CO,1.6T 하이브리드,FWD,실버,8,9,6646
2025-08,west,VST,2026,VST-CO,1.6T 하이브리드,FWD,오션 블루,6,7,5112
2025-08,west,VST,2026,VST-CO,1.6T 하이브리드,FWD,선셋 레드,5,5,4090
2025-08,west,VST,2026,VST-CO,1.6T 하이브리드,FWD,포레스트 그린,3,3,2556
2025-08,west,VST,2026,VST-CO,1.6T 하이브리드,FWD,샌드 베이지,3,3,2556
2025-08,west,VST,2026,VST-PR,2.5 가솔린,AWD,스노우 화이트,18,18,19062
2025-08,west,VST,2026,VST-PR,2.5 가솔린,AWD,미드나잇 블랙,14,14,15090
2025-08,west,VST,2026,VST-PR,2.5 가솔린,AWD,스틸 그레이,12,12,12708
2025-08,west,VST,2026,VST-PR,2.5 가솔린,AWD,실버,10,10,10325
2025-08,west,VST,2026,VST-PR,2.5 가솔린,AWD,오션 블루,7,8,7942
2025-08,west,VST,2026,VST-PR,2.5 가솔린,AWD,선셋 레드,6,6,6354
2025-08,west,VST,2026,VST-PR,2.5 가솔린,AWD,포레스트 그린,4,4,3971
2025-08,west,VST,2026,VST-PR,2.5 가솔린,AWD,샌드 베이지,4,4,3971
2025-08,west,VST,2026,VST-PR,2.5 가솔린,FWD,스노우 화이트,22,22,23298
2025-08,west,VST,2026,VST-PR,2.5 가솔린,FWD,미드나잇 블랙,17,18,18444
2025-08,west,VST,2026,VST-PR,2.5 가솔린,FWD,스틸 그레이,15,15,15532
2025-08,west,VST,2026,VST-PR,2.5 가솔린,FWD,실버,12,12,12619
2025-08,west,VST,2026,VST-PR,2.5 가솔린,FWD,오션 블루,9,9,9707
2025-08,west,VST,2026,VST-PR,2.5 가솔린,FWD,선셋 레드,7,7,7766
2025-08,west,VST,2026,VST-PR,2.5 가솔린,FWD,포레스트 그린,5,5,4854
2025-08,west,VST,2026,VST-PR,2.5 가솔린,FWD,샌드 베이지,5,5,4854
2025-08,west,VST,2026,VST-PR,1.6T 하이브리드,AWD,스노우 화이트,15,15,15722
2025-08,west,VST,2026,VST-PR,1.6T 하이브리드,AWD,미드나잇 블랙,12,12,12447
2025-08,west,VST,2026,VST-PR,1.6T 하이브리드,AWD,스틸 그레이,10,10,10482
2025-08,west,VST,2026,VST-PR,1.6T 하이브리드,AWD,실버,8,8,8516
2025-08,west,VST,2026,VST-PR,1.6T 하이브리드,AWD,오션 블루,6,6,6551
2025-08,west,VST,2026,VST-PR,1.6T 하이브리드,AWD,선셋 레드,5,5,5241
2025-08,west,VST,2026,VST-PR,1.6T 하이브리드,AWD,포레스트 그린,3,3,3275
2025-08,west,VST,2026,VST-PR,1.6T 하이브리드,AWD,샌드 베이지,3,3,3275
2025-08,west,VST,2026,VST-PR,1.6T 하이브리드,FWD,스노우 화이트,18,18,19216
2025-08,west,VST,2026,VST-PR,1.6T 하이브리드,FWD,미드나잇 블랙,14,15,15213
2025-08,west,VST,2026,VST-PR,1.6T 하이브리드,FWD,스틸 그레이,12,12,12811
2025-08,west,VST,2026,VST-PR,1.6T 하이브리드,FWD,실버,10,10,10409
2025-08,west,VST,2026,VST-PR,1.6T 하이브리드,FWD,오션 블루,7,8,8007
2025-08,west,VST,2026,VST-PR,1.6T 하이브리드,FWD,선셋 레드,6,6,6405
2025-08,west,VST,2026,VST-PR,1.6T 하이브리드,FWD,포레스트 그린,4,4,4003
2025-08,west,VST,2026,VST-PR,1.6T 하이브리드,FWD,샌드 베이지,4,4,4003
2025-08,west,VST,2026,VST-TR,2.5 가솔린,AWD,스노우 화이트,7,7,11355
2025-08,west,VST,2026,VST-TR,2.5 가솔린,AWD,미드나잇 블랙,6,6,8989
2025-08,west,VST,2026,VST-TR,2.5 가솔린,AWD,스틸 그레이,5,5,7570
2025-08,west,VST,2026,VST-TR,2.5 가솔린,AWD,실버,4,4,6151
2025-08,west,VST,2026,VST-TR,2.5 가솔린,AWD,오션 블루,3,3,4731
2025-08,west,VST,2026,VST-TR,2.5 가솔린,AWD,선셋 레드,2,2,3785
2025-08,west,VST,2026,VST-TR,2.5 가솔린,AWD,포레스트 그린,2,2,2366
2025-08,west,VST,2026,VST-TR,2.5 가솔린,AWD,샌드 베이지,2,2,2366
2025-08,west,VST,2026,VST-TR,2.5 가솔린,FWD,스노우 화이트,9,9,13879
2025-08,west,VST,2026,VST-TR,2.5 가솔린,FWD,미드나잇 블랙,7,7,10987
2025-08,west,VST,2026,VST-TR,2.5 가솔린,FWD,스틸 그레이,6,6,9252
2025-08,west,VST,2026,VST-TR,2.5 가솔린,FWD,실버,5,5,7518
2025-08,west,VST,2026,VST-TR,2.5 가솔린,FWD,오션 블루,4,4,5783
2025-08,west,VST,2026,VST-TR,2.5 가솔린,FWD,선셋 레드,3,3,4626
2025-08,west,VST,2026,VST-TR,2.5 가솔린,FWD,포레스트 그린,2,2,2891
2025-08,west,VST,2026,VST-TR,2.5 가솔린,FWD,샌드 베이지,2,2,2891
2025-08,west,VST,2026,VST-TR,1.6T 하이브리드,AWD,스노우 화이트,6,6,9366
2025-08,west,VST,2026,VST-TR,1.6T 하이브리드,AWD,미드나잇 블랙,5,5,7415
2025-08,west,VST,2026,VST-TR,1.6T 하이브리드,AWD,스틸 그레이,4,4,6244
2025-08,west,VST,2026,VST-TR,1.6T 하이브리드,AWD,실버,3,3,5073
2025-08,west,VST,2026,VST-TR,1.6T 하이브리드,AWD,오션 블루,3,3,3902
2025-08,west,VST,2026,VST-TR,1.6T 하이브리드,AWD,선셋 레드,2,2,3122
2025-08,west,VST,2026,VST-TR,1.6T 하이브리드,AWD,포레스트 그린,1,1,1951
2025-08,west,VST,2026,VST-TR,1.6T 하이브리드,AWD,샌드 베이지,1,1,1951
2025-08,west,VST,2026,VST-TR,1.6T 하이브리드,FWD,스노우 화이트,7,7,11447
2025-08,west,VST,2026,VST-TR,1.6T 하이브리드,FWD,미드나잇 블랙,6,6,9062
2025-08,west,VST,2026,VST-TR,1.6T 하이브리드,FWD,스틸 그레이,5,5,7631
2025-08,west,VST,2026,VST-TR,1.6T 하이브리드,FWD,실버,4,4,6201
2025-08,west,VST,2026,VST-TR,1.6T 하이브리드,FWD,오션 블루,3,3,4770
2025-08,west,VST,2026,VST-TR,1.6T 하이브리드,FWD,선셋 레드,2,2,3816
2025-08,west,VST,2026,VST-TR,1.6T 하이브리드,FWD,포레스트 그린,2,2,2385
2025-08,west,VST,2026,VST-TR,1.6T 하이브리드,FWD,샌드 베이지,2,2,2385
2025-08,central,VST,2025,VST-CO,2.5 가솔린,AWD,스노우 화이트,66,67,51860
2025-08,central,VST,2025,VST-CO,2.5 가솔린,AWD,미드나잇 블랙,52,53,41056
2025-08,central,VST,2025,VST-CO,2.5 가솔린,AWD,스틸 그레이,44,45,34573
2025-08,central,VST,2025,VST-CO,2.5 가솔린,AWD,실버,36,36,28091
2025-08,central,VST,2025,VST-CO,2.5 가솔린,AWD,오션 블루,27,28,21608
2025-08,central,VST,2025,VST-CO,2.5 가솔린,AWD,선셋 레드,22,22,17287
2025-08,central,VST,2025,VST-CO,2.5 가솔린,AWD,포레스트 그린,14,14,10804
2025-08,central,VST,2025,VST-CO,2.5 가솔린,AWD,샌드 베이지,14,14,10804
2025-08,central,VST,2025,VST-CO,2.5 가솔린,FWD,스노우 화이트,61,62,48352
2025-08,central,VST,2025,VST-CO,2.5 가솔린,FWD,미드나잇 블랙,48,49,38279
2025-08,central,VST,2025,VST-CO,2.5 가솔린,FWD,스틸 그레이,41,42,32235
2025-08,central,VST,2025,VST-CO,2.5 가솔린,FWD,실버,33,34,26191
2025-08,central,VST,2025,VST-CO,2.5 가솔린,FWD,오션 블루,25,26,20147
2025-08,central,VST,2025,VST-CO,2.5 가솔린,FWD,선셋 레드,20,21,16117
2025-08,central,VST,2025,VST-CO,2.5 가솔린,FWD,포레스트 그린,13,13,10073
2025-08,central,VST,2025,VST-CO,2.5 가솔린,FWD,샌드 베이지,13,13,10073
2025-08,central,VST,2025,VST-CO,1.6T 하이브리드,AWD,스노우 화이트,54,55,42775
2025-08,central,VST,2025,VST-CO,1.6T 하이브리드,AWD,미드나잇 블랙,43,44,33863
2025-08,central,VST,2025,VST-CO,1.6T 하이브리드,AWD,스틸 그레이,36,37,28516
2025-08,central,VST,2025,VST-CO,1.6T 하이브리드,AWD,실버,29,30,23170
2025-08,central,VST,2025,VST-CO,1.6T 하이브리드,AWD,오션 블루,23,23,17823
2025-08,central,VST,2025,VST-CO,1.6T 하이브리드,AWD,선셋 레드,18,18,14258
2025-08,central,VST,2025,VST-CO,1.6T 하이브리드,AWD,포레스트 그린,11,11,8911
2025-08,central,VST,2025,VST-CO,1.6T 하이브리드,AWD,샌드 베이지,11,11,8911
2025-08,central,VST,2025,VST-CO,1.6T 하이브리드,FWD,스노우 화이트,50,51,39882
2025-08,central,VST,2025,VST-CO,1.6T 하이브리드,FWD,미드나잇 블랙,40,41,31573
2025-08,central,VST,2025,VST-CO,1.6T 하이브리드,FWD,스틸 그레이,34,34,26588
2025-08,central,VST,2025,VST-CO,1.6T 하이브리드,FWD,실버,27,28,21603
2025-08,central,VST,2025,VST-CO,1.6T 하이브리드,FWD,오션 블루,21,21,16617
2025-08,central,VST,2025,VST-CO,1.6T 하이브리드,FWD,선셋 레드,17,17,13294
2025-08,central,VST,2025,VST-CO,1.6T 하이브리드,FWD,포레스트 그린,11,11,8309
2025-08,central,VST,2025,VST-CO,1.6T 하이브리드,FWD,샌드 베이지,11,11,8309
2025-08,central,VST,2025,VST-PR,2.5 가솔린,AWD,스노우 화이트,76,77,81220
2025-08,central,VST,2025,VST-PR,2.5 가솔린,AWD,미드나잇 블랙,60,61,64299
2025-08,central,VST,2025,VST-PR,2.5 가솔린,AWD,스틸 그레이,51,52,54146
2025-08,central,VST,2025,VST-PR,2.5 가솔린,AWD,실버,41,42,43994
2025-08,central,VST,2025,VST-PR,2.5 가솔린,AWD,오션 블루,32,32,33841
2025-08,central,VST,2025,VST-PR,2.5 가솔린,AWD,선셋 레드,25,26,27073
2025-08,central,VST,2025,VST-PR,2.5 가솔린,AWD,포레스트 그린,16,16,16921
2025-08,central,VST,2025,VST-PR,2.5 가솔린,AWD,샌드 베이지,16,16,16921
2025-08,central,VST,2025,VST-PR,2.5 가솔린,FWD,스노우 화이트,71,72,75726
2025-08,central,VST,2025,VST-PR,2.5 가솔린,FWD,미드나잇 블랙,56,57,59950
2025-08,central,VST,2025,VST-PR,2.5 가솔린,FWD,스틸 그레이,47,48,50484
2025-08,central,VST,2025,VST-PR,2.5 가솔린,FWD,실버,38,39,41018
2025-08,central,VST,2025,VST-PR,2.5 가솔린,FWD,오션 블루,29,30,31553
2025-08,central,VST,2025,VST-PR,2.5 가솔린,FWD,선셋 레드,24,24,25242
2025-08,central,VST,2025,VST-PR,2.5 가솔린,FWD,포레스트 그린,15,15,15776
2025-08,central,VST,2025,VST-PR,2.5 가솔린,FWD,샌드 베이지,15,15,15776
2025-08,central,VST,2025,VST-PR,1.6T 하이브리드,AWD,스노우 화이트,63,64,66991
2025-08,central,VST,2025,VST-PR,1.6T 하이브리드,AWD,미드나잇 블랙,50,51,53035
2025-08,central,VST,2025,VST-PR,1.6T 하이브리드,AWD,스틸 그레이,42,43,44661
2025-08,central,VST,2025,VST-PR,1.6T 하이브리드,AWD,실버,34,35,36287
2025-08,central,VST,2025,VST-PR,1.6T 하이브리드,AWD,오션 블루,26,27,27913
2025-08,central,VST,2025,VST-PR,1.6T 하이브리드,AWD,선셋 레드,21,21,22330
2025-08,central,VST,2025,VST-PR,1.6T 하이브리드,AWD,포레스트 그린,13,13,13957
2025-08,central,VST,2025,VST-PR,1.6T 하이브리드,AWD,샌드 베이지,13,13,13957
2025-08,central,VST,2025,VST-PR,1.6T 하이브리드,FWD,스노우 화이트,58,60,62461
2025-08,central,VST,2025,VST-PR,1.6T 하이브리드,FWD,미드나잇 블랙,46,47,49448
2025-08,central,VST,2025,VST-PR,1.6T 하이브리드,FWD,스틸 그레이,39,40,41640
2025-08,central,VST,2025,VST-PR,1.6T 하이브리드,FWD,실버,32,32,33833
2025-08,central,VST,2025,VST-PR,1.6T 하이브리드,FWD,오션 블루,24,25,26025
2025-08,central,VST,2025,VST-PR,1.6T 하이브리드,FWD,선셋 레드,19,20,20820
2025-08,central,VST,2025,VST-PR,1.6T 하이브리드,FWD,포레스트 그린,12,12,13013
2025-08,central,VST,2025,VST-PR,1.6T 하이브리드,FWD,샌드 베이지,12,12,13013
2025-08,central,VST,2025,VST-TR,2.5 가솔린,AWD,스노우 화이트,31,32,48383
2025-08,central,VST,2025,VST-TR,2.5 가솔린,AWD,미드나잇 블랙,25,25,38303
2025-08,central,VST,2025,VST-TR,2.5 가솔린,AWD,스틸 그레이,21,21,32255
2025-08,central,VST,2025,VST-TR,2.5 가솔린,AWD,실버,17,17,26208
2025-08,central,VST,2025,VST-TR,2.5 가솔린,AWD,오션 블루,13,13,20160
2025-08,central,VST,2025,VST-TR,2.5 가솔린,AWD,선셋 레드,10,11,16128
2025-08,central,VST,2025,VST-TR,2.5 가솔린,AWD,포레스트 그린,6,7,10080
2025-08,central,VST,2025,VST-TR,2.5 가솔린,AWD,샌드 베이지,6,7,10080
2025-08,central,VST,2025,VST-TR,2.5 가솔린,FWD,스노우 화이트,29,30,45111
2025-08,central,VST,2025,VST-TR,2.5 가솔린,FWD,미드나잇 블랙,23,23,35713
2025-08,central,VST,2025,VST-TR,2.5 가솔린,FWD,스틸 그레이,19,20,30074
2025-08,central,VST,2025,VST-TR,2.5 가솔린,FWD,실버,16,16,24435
2025-08,central,VST,2025,VST-TR,2.5 가솔린,FWD,오션 블루,12,12,18796
2025-08,central,VST,2025,VST-TR,2.5 가솔린,FWD,선셋 레드,10,10,15037
2025-08,central,VST,2025,VST-TR,2.5 가솔린,FWD,포레스트 그린,6,6,9398
2025-08,central,VST,2025,VST-TR,2.5 가솔린,FWD,샌드 베이지,6,6,9398
2025-08,central,VST,2025,VST-TR,1.6T 하이브리드,AWD,스노우 화이트,26,26,39907
2025-08,central,VST,2025,VST-TR,1.6T 하이브리드,AWD,미드나잇 블랙,20,21,31593
2025-08,central,VST,2025,VST-TR,1.6T 하이브리드,AWD,스틸 그레이,17,17,26605
2025-08,central,VST,2025,VST-TR,1.6T 하이브리드,AWD,실버,14,14,21616
2025-08,central,VST,2025,VST-TR,1.6T 하이브리드,AWD,오션 블루,11,11,16628
2025-08,central,VST,2025,VST-TR,1.6T 하이브리드,AWD,선셋 레드,9,9,13302
2025-08,central,VST,2025,VST-TR,1.6T 하이브리드,AWD,포레스트 그린,5,5,8314
2025-08,central,VST,2025,VST-TR,1.6T 하이브리드,AWD,샌드 베이지,5,5,8314
2025-08,central,VST,2025,VST-TR,1.6T 하이브리드,FWD,스노우 화이트,24,24,37208
2025-08,central,VST,2025,VST-TR,1.6T 하이브리드,FWD,미드나잇 블랙,19,19,29457
2025-08,central,VST,2025,VST-TR,1.6T 하이브리드,FWD,스틸 그레이,16,16,24805
2025-08,central,VST,2025,VST-TR,1.6T 하이브리드,FWD,실버,13,13,20154
2025-08,central,VST,2025,VST-TR,1.6T 하이브리드,FWD,오션 블루,10,10,15503
2025-08,central,VST,2025,VST-TR,1.6T 하이브리드,FWD,선셋 레드,8,8,12403
2025-08,central,VST,2025,VST-TR,1.6T 하이브리드,FWD,포레스트 그린,5,5,7752
2025-08,central,VST,2025,VST-TR,1.6T 하이브리드,FWD,샌드 베이지,5,5,7752
2025-08,central,VST,2026,VST-CO,2.5 가솔린,AWD,스노우 화이트,12,12,9152
2025-08,central,VST,2026,VST-CO,2.5 가솔린,AWD,미드나잇 블랙,9,9,7245
2025-08,central,VST,2026,VST-CO,2.5 가솔린,AWD,스틸 그레이,8,8,6101
2025-08,central,VST,2026,VST-CO,2.5 가솔린,AWD,실버,6,6,4957
2025-08,central,VST,2026,VST-CO,2.5 가솔린,AWD,오션 블루,5,5,3813
2025-08,central,VST,2026,VST-CO,2.5 가솔린,AWD,선셋 레드,4,4,3051
2025-08,central,VST,2026,VST-CO,2.5 가솔린,AWD,포레스트 그린,2,2,1907
2025-08,central,VST,2026,VST-CO,2.5 가솔린,AWD,샌드 베이지,2,2,1907
2025-08,central,VST,2026,VST-CO,2.5 가솔린,FWD,스노우 화이트,11,11,8533
2025-08,central,VST,2026,VST-CO,2.5 가솔린,FWD,미드나잇 블랙,9,9,6755
2025-08,central,VST,2026,VST-CO,2.5 가솔린,FWD,스틸 그레이,7,7,5688
2025-08,central,VST,2026,VST-CO,2.5 가솔린,FWD,실버,6,6,4622
2025-08,central,VST,2026,VST-CO,2.5 가솔린,FWD,오션 블루,4,5,3555
2025-08,central,VST,2026,VST-CO,2.5 가솔린,FWD,선셋 레드,4,4,2844
2025-08,central,VST,2026,VST-CO,2.5 가솔린,FWD,포레스트 그린,2,2,1778
2025-08,central,VST,2026,VST-CO,2.5 가솔린,FWD,샌드 베이지,2,2,1778
2025-08,central,VST,2026,VST-CO,1.6T 하이브리드,AWD,스노우 화이트,10,10,7548
2025-08,central,VST,2026,VST-CO,1.6T 하이브리드,AWD,미드나잇 블랙,8,8,5976
2025-08,central,VST,2026,VST-CO,1.6T 하이브리드,AWD,스틸 그레이,6,6,5032
2025-08,central,VST,2026,VST-CO,1.6T 하이브리드,AWD,실버,5,5,4089
2025-08,central,VST,2026,VST-CO,1.6T 하이브리드,AWD,오션 블루,4,4,3145
2025-08,central,VST,2026,VST-CO,1.6T 하이브리드,AWD,선셋 레드,3,3,2516
2025-08,central,VST,2026,VST-CO,1.6T 하이브리드,AWD,포레스트 그린,2,2,1573
2025-08,central,VST,2026,VST-CO,1.6T 하이브리드,AWD,샌드 베이지,2,2,1573
2025-08,central,VST,2026,VST-CO,1.6T 하이브리드,FWD,스노우 화이트,9,9,7038
2025-08,central,VST,2026,VST-CO,1.6T 하이브리드,FWD,미드나잇 블랙,7,7,5572
2025-08,central,VST,2026,VST-CO,1.6T 하이브리드,FWD,스틸 그레이,6,6,4692
2025-08,central,VST,2026,VST-CO,1.6T 하이브리드,FWD,실버,5,5,3812
2025-08,central,VST,2026,VST-CO,1.6T 하이브리드,FWD,오션 블루,4,4,2932
2025-08,central,VST,2026,VST-CO,1.6T 하이브리드,FWD,선셋 레드,3,3,2346
2025-08,central,VST,2026,VST-CO,1.6T 하이브리드,FWD,포레스트 그린,2,2,1466
2025-08,central,VST,2026,VST-CO,1.6T 하이브리드,FWD,샌드 베이지,2,2,1466
2025-08,central,VST,2026,VST-PR,2.5 가솔린,AWD,스노우 화이트,13,14,14333
2025-08,central,VST,2026,VST-PR,2.5 가솔린,AWD,미드나잇 블랙,11,11,11347
2025-08,central,VST,2026,VST-PR,2.5 가솔린,AWD,스틸 그레이,9,9,9555
2025-08,central,VST,2026,VST-PR,2.5 가솔린,AWD,실버,7,7,7764
2025-08,central,VST,2026,VST-PR,2.5 가솔린,AWD,오션 블루,6,6,5972
2025-08,central,VST,2026,VST-PR,2.5 가솔린,AWD,선셋 레드,4,5,4778
2025-08,central,VST,2026,VST-PR,2.5 가솔린,AWD,포레스트 그린,3,3,2986
2025-08,central,VST,2026,VST-PR,2.5 가솔린,AWD,샌드 베이지,3,3,2986
2025-08,central,VST,2026,VST-PR,2.5 가솔린,FWD,스노우 화이트,12,13,13363
2025-08,central,VST,2026,VST-PR,2.5 가솔린,FWD,미드나잇 블랙,10,10,10579
2025-08,central,VST,2026,VST-PR,2.5 가솔린,FWD,스틸 그레이,8,8,8909
2025-08,central,VST,2026,VST-PR,2.5 가솔린,FWD,실버,7,7,7239
2025-08,central,VST,2026,VST-PR,2.5 가솔린,FWD,오션 블루,5,5,5568
2025-08,central,VST,2026,VST-PR,2.5 가솔린,FWD,선셋 레드,4,4,4454
2025-08,central,VST,2026,VST-PR,2.5 가솔린,FWD,포레스트 그린,3,3,2784
2025-08,central,VST,2026,VST-PR,2.5 가솔린,FWD,샌드 베이지,3,3,2784
2025-08,central,VST,2026,VST-PR,1.6T 하이브리드,AWD,스노우 화이트,11,11,11822
2025-08,central,VST,2026,VST-PR,1.6T 하이브리드,AWD,미드나잇 블랙,9,9,9359
2025-08,central,VST,2026,VST-PR,1.6T 하이브리드,AWD,스틸 그레이,7,8,7881
2025-08,central,VST,2026,VST-PR,1.6T 하이브리드,AWD,실버,6,6,6404
2025-08,central,VST,2026,VST-PR,1.6T 하이브리드,AWD,오션 블루,5,5,4926
2025-08,central,VST,2026,VST-PR,1.6T 하이브리드,AWD,선셋 레드,4,4,3941
2025-08,central,VST,2026,VST-PR,1.6T 하이브리드,AWD,포레스트 그린,2,2,2463
2025-08,central,VST,2026,VST-PR,1.6T 하이브리드,AWD,샌드 베이지,2,2,2463
2025-08,central,VST,2026,VST-PR,1.6T 하이브리드,FWD,스노우 화이트,10,11,11022
2025-08,central,VST,2026,VST-PR,1.6T 하이브리드,FWD,미드나잇 블랙,8,8,8726
2025-08,central,VST,2026,VST-PR,1.6T 하이브리드,FWD,스틸 그레이,7,7,7348
2025-08,central,VST,2026,VST-PR,1.6T 하이브리드,FWD,실버,6,6,5970
2025-08,central,VST,2026,VST-PR,1.6T 하이브리드,FWD,오션 블루,4,4,4593
2025-08,central,VST,2026,VST-PR,1.6T 하이브리드,FWD,선셋 레드,3,4,3674
2025-08,central,VST,2026,VST-PR,1.6T 하이브리드,FWD,포레스트 그린,2,2,2296
2025-08,central,VST,2026,VST-PR,1.6T 하이브리드,FWD,샌드 베이지,2,2,2296
2025-08,central,VST,2026,VST-TR,2.5 가솔린,AWD,스노우 화이트,5,6,8538
2025-08,central,VST,2026,VST-TR,2.5 가솔린,AWD,미드나잇 블랙,4,4,6759
2025-08,central,VST,2026,VST-TR,2.5 가솔린,AWD,스틸 그레이,4,4,5692
2025-08,central,VST,2026,VST-TR,2.5 가솔린,AWD,실버,3,3,4625
2025-08,central,VST,2026,VST-TR,2.5 가솔린,AWD,오션 블루,2,2,3558
2025-08,central,VST,2026,VST-TR,2.5 가솔린,AWD,선셋 레드,2,2,2846
2025-08,central,VST,2026,VST-TR,2.5 가솔린,AWD,포레스트 그린,1,1,1779
2025-08,central,VST,2026,VST-TR,2.5 가솔린,AWD,샌드 베이지,1,1,1779
2025-08,central,VST,2026,VST-TR,2.5 가솔린,FWD,스노우 화이트,5,5,7961
2025-08,central,VST,2026,VST-TR,2.5 가솔린,FWD,미드나잇 블랙,4,4,6302
2025-08,central,VST,2026,VST-TR,2.5 가솔린,FWD,스틸 그레이,3,3,5307
2025-08,central,VST,2026,VST-TR,2.5 가솔린,FWD,실버,3,3,4312
2025-08,central,VST,2026,VST-TR,2.5 가솔린,FWD,오션 블루,2,2,3317
2025-08,central,VST,2026,VST-TR,2.5 가솔린,FWD,선셋 레드,2,2,2654
2025-08,central,VST,2026,VST-TR,2.5 가솔린,FWD,포레스트 그린,1,1,1658
2025-08,central,VST,2026,VST-TR,2.5 가솔린,FWD,샌드 베이지,1,1,1658
2025-08,central,VST,2026,VST-TR,1.6T 하이브리드,AWD,스노우 화이트,5,5,7042
2025-08,central,VST,2026,VST-TR,1.6T 하이브리드,AWD,미드나잇 블랙,4,4,5575
2025-08,central,VST,2026,VST-TR,1.6T 하이브리드,AWD,스틸 그레이,3,3,4695
2025-08,central,VST,2026,VST-TR,1.6T 하이브리드,AWD,실버,2,2,3815
2025-08,central,VST,2026,VST-TR,1.6T 하이브리드,AWD,오션 블루,2,2,2934
2025-08,central,VST,2026,VST-TR,1.6T 하이브리드,AWD,선셋 레드,2,2,2347
2025-08,central,VST,2026,VST-TR,1.6T 하이브리드,AWD,포레스트 그린,1,1,1467
2025-08,central,VST,2026,VST-TR,1.6T 하이브리드,AWD,샌드 베이지,1,1,1467
2025-08,central,VST,2026,VST-TR,1.6T 하이브리드,FWD,스노우 화이트,4,4,6566
2025-08,central,VST,2026,VST-TR,1.6T 하이브리드,FWD,미드나잇 블랙,3,3,5198
2025-08,central,VST,2026,VST-TR,1.6T 하이브리드,FWD,스틸 그레이,3,3,4377
2025-08,central,VST,2026,VST-TR,1.6T 하이브리드,FWD,실버,2,2,3557
2025-08,central,VST,2026,VST-TR,1.6T 하이브리드,FWD,오션 블루,2,2,2736
2025-08,central,VST,2026,VST-TR,1.6T 하이브리드,FWD,선셋 레드,1,1,2189
2025-08,central,VST,2026,VST-TR,1.6T 하이브리드,FWD,포레스트 그린,1,1,1368
2025-08,central,VST,2026,VST-TR,1.6T 하이브리드,FWD,샌드 베이지,1,1,1368
2025-08,south,VST,2025,VST-CO,2.5 가솔린,AWD,스노우 화이트,53,54,42018
2025-08,south,VST,2025,VST-CO,2.5 가솔린,AWD,미드나잇 블랙,42,43,33264
2025-08,south,VST,2025,VST-CO,2.5 가솔린,AWD,스틸 그레이,35,36,28012
2025-08,south,VST,2025,VST-CO,2.5 가솔린,AWD,실버,29,29,22760
2025-08,south,VST,2025,VST-CO,2.5 가솔린,AWD,오션 블루,22,23,17508
2025-08,south,VST,2025,VST-CO,2.5 가솔린,AWD,선셋 레드,18,18,14006
2025-08,south,VST,2025,VST-CO,2.5 가솔린,AWD,포레스트 그린,11,11,8754
2025-08,south,VST,2025,VST-CO,2.5 가솔린,AWD,샌드 베이지,11,11,8754
2025-08,south,VST,2025,VST-CO,2.5 가솔린,FWD,스노우 화이트,111,113,87668
2025-08,south,VST,2025,VST-CO,2.5 가솔린,FWD,미드나잇 블랙,88,89,69404
2025-08,south,VST,2025,VST-CO,2.5 가솔린,FWD,스틸 그레이,74,75,58445
2025-08,south,VST,2025,VST-CO,2.5 가솔린,FWD,실버,60,61,47487
2025-08,south,VST,2025,VST-CO,2.5 가솔린,FWD,오션 블루,46,47,36528
2025-08,south,VST,2025,VST-CO,2.5 가솔린,FWD,선셋 레드,37,38,29223
2025-08,south,VST,2025,VST-CO,2.5 가솔린,FWD,포레스트 그린,23,24,18264
2025-08,south,VST,2025,VST-CO,2.5 가솔린,FWD,샌드 베이지,23,24,18264
2025-08,south,VST,2025,VST-CO,1.6T 하이브리드,AWD,스노우 화이트,44,45,34657
2025-08,south,VST,2025,VST-CO,1.6T 하이브리드,AWD,미드나잇 블랙,35,35,27437
2025-08,south,VST,2025,VST-CO,1.6T 하이브리드,AWD,스틸 그레이,29,30,23105
2025-08,south,VST,2025,VST-CO,1.6T 하이브리드,AWD,실버,24,24,18773
2025-08,south,VST,2025,VST-CO,1.6T 하이브리드,AWD,오션 블루,18,19,14441
2025-08,south,VST,2025,VST-CO,1.6T 하이브리드,AWD,선셋 레드,15,15,11552
2025-08,south,VST,2025,VST-CO,1.6T 하이브리드,AWD,포레스트 그린,9,9,7220
2025-08,south,VST,2025,VST-CO,1.6T 하이브리드,AWD,샌드 베이지,9,9,7220
2025-08,south,VST,2025,VST-CO,1.6T 하이브리드,FWD,스노우 화이트,91,93,72310
2025-08,south,VST,2025,VST-CO,1.6T 하이브리드,FWD,미드나잇 블랙,72,74,57245
2025-08,south,VST,2025,VST-CO,1.6T 하이브리드,FWD,스틸 그레이,61,62,48207
2025-08,south,VST,2025,VST-CO,1.6T 하이브리드,FWD,실버,50,51,39168
2025-08,south,VST,2025,VST-CO,1.6T 하이브리드,FWD,오션 블루,38,39,30129
2025-08,south,VST,2025,VST-CO,1.6T 하이브리드,FWD,선셋 레드,30,31,24103
2025-08,south,VST,2025,VST-CO,1.6T 하이브리드,FWD,포레스트 그린,19,19,15065
2025-08,south,VST,2025,VST-CO,1.6T 하이브리드,FWD,샌드 베이지,19,19,15065
2025-08,south,VST,2025,VST-PR,2.5 가솔린,AWD,스노우 화이트,62,63,65807
2025-08,south,VST,2025,VST-PR,2.5 가솔린,AWD,미드나잇 블랙,49,50,52097
2025-08,south,VST,2025,VST-PR,2.5 가솔린,AWD,스틸 그레이,41,42,43871
2025-08,south,VST,2025,VST-PR,2.5 가솔린,AWD,실버,33,34,35645
2025-08,south,VST,2025,VST-PR,2.5 가솔린,AWD,오션 블루,26,26,27419
2025-08,south,VST,2025,VST-PR,2.5 가솔린,AWD,선셋 레드,21,21,21936
2025-08,south,VST,2025,VST-PR,2.5 가솔린,AWD,포레스트 그린,13,13,13710
2025-08,south,VST,2025,VST-PR,2.5 가솔린,AWD,샌드 베이지,13,13,13710
2025-08,south,VST,2025,VST-PR,2.5 가솔린,FWD,스노우 화이트,128,131,137300
2025-08,south,VST,2025,VST-PR,2.5 가솔린,FWD,미드나잇 블랙,102,104,108696
2025-08,south,VST,2025,VST-PR,2.5 가솔린,FWD,스틸 그레이,86,87,91533
2025-08,south,VST,2025,VST-PR,2.5 가솔린,FWD,실버,70,71,74371
2025-08,south,VST,2025,VST-PR,2.5 가솔린,FWD,오션 블루,53,55,57208
2025-08,south,VST,2025,VST-PR,2.5 가솔린,FWD,선셋 레드,43,44,45767
2025-08,south,VST,2025,VST-PR,2.5 가솔린,FWD,포레스트 그린,27,27,28604
2025-08,south,VST,2025,VST-PR,2.5 가솔린,FWD,샌드 베이지,27,27,28604
2025-08,south,VST,2025,VST-PR,1.6T 하이브리드,AWD,스노우 화이트,51,52,54278
2025-08,south,VST,2025,VST-PR,1.6T 하이브리드,AWD,미드나잇 블랙,40,41,42970
2025-08,south,VST,2025,VST-PR,1.6T 하이브리드,AWD,스틸 그레이,34,34,36186
2025-08,south,VST,2025,VST-PR,1.6T 하이브리드,AWD,실버,27,28,29401
2025-08,south,VST,2025,VST-PR,1.6T 하이브리드,AWD,오션 블루,21,22,22616
2025-08,south,VST,2025,VST-PR,1.6T 하이브리드,AWD,선셋 레드,17,17,18093
2025-08,south,VST,2025,VST-PR,1.6T 하이브리드,AWD,포레스트 그린,11,11,11308
2025-08,south,VST,2025,VST-PR,1.6T 하이브리드,AWD,샌드 베이지,11,11,11308
2025-08,south,VST,2025,VST-PR,1.6T 하이브리드,FWD,스노우 화이트,106,108,113247
2025-08,south,VST,2025,VST-PR,1.6T 하이브리드,FWD,미드나잇 블랙,84,85,89654
2025-08,south,VST,2025,VST-PR,1.6T 하이브리드,FWD,스틸 그레이,71,72,75498
2025-08,south,VST,2025,VST-PR,1.6T 하이브리드,FWD,실버,57,58,61342
2025-08,south,VST,2025,VST-PR,1.6T 하이브리드,FWD,오션 블루,44,45,47186
2025-08,south,VST,2025,VST-PR,1.6T 하이브리드,FWD,선셋 레드,35,36,37749
2025-08,south,VST,2025,VST-PR,1.6T 하이브리드,FWD,포레스트 그린,22,22,23593
2025-08,south,VST,2025,VST-PR,1.6T 하이브리드,FWD,샌드 베이지,22,22,23593
2025-08,south,VST,2025,VST-TR,2.5 가솔린,AWD,스노우 화이트,25,26,39201
2025-08,south,VST,2025,VST-TR,2.5 가솔린,AWD,미드나잇 블랙,20,20,31035
2025-08,south,VST,2025,VST-TR,2.5 가솔린,AWD,스틸 그레이,17,17,26134
2025-08,south,VST,2025,VST-TR,2.5 가솔린,AWD,실버,14,14,21234
2025-08,south,VST,2025,VST-TR,2.5 가솔린,AWD,오션 블루,10,11,16334
2025-08,south,VST,2025,VST-TR,2.5 가솔린,AWD,선셋 레드,8,9,13067
2025-08,south,VST,2025,VST-TR,2.5 가솔린,AWD,포레스트 그린,5,5,8167
2025-08,south,VST,2025,VST-TR,2.5 가솔린,AWD,샌드 베이지,5,5,8167
2025-08,south,VST,2025,VST-TR,2.5 가솔린,FWD,스노우 화이트,52,54,81791
2025-08,south,VST,2025,VST-TR,2.5 가솔린,FWD,미드나잇 블랙,42,42,64751
2025-08,south,VST,2025,VST-TR,2.5 가솔린,FWD,스틸 그레이,35,36,54527
2025-08,south,VST,2025,VST-TR,2.5 가솔린,FWD,실버,28,29,44303
2025-08,south,VST,2025,VST-TR,2.5 가솔린,FWD,오션 블루,22,22,34079
2025-08,south,VST,2025,VST-TR,2.5 가솔린,FWD,선셋 레드,17,18,27264
2025-08,south,VST,2025,VST-TR,2.5 가솔린,FWD,포레스트 그린,11,11,17040
2025-08,south,VST,2025,VST-TR,2.5 가솔린,FWD,샌드 베이지,11,11,17040
2025-08,south,VST,2025,VST-TR,1.6T 하이브리드,AWD,스노우 화이트,21,21,32334
2025-08,south,VST,2025,VST-TR,1.6T 하이브리드,AWD,미드나잇 블랙,16,17,25598
2025-08,south,VST,2025,VST-TR,1.6T 하이브리드,AWD,스틸 그레이,14,14,21556
2025-08,south,VST,2025,VST-TR,1.6T 하이브리드,AWD,실버,11,11,17514
2025-08,south,VST,2025,VST-TR,1.6T 하이브리드,AWD,오션 블루,9,9,13473
2025-08,south,VST,2025,VST-TR,1.6T 하이브리드,AWD,선셋 레드,7,7,10778
2025-08,south,VST,2025,VST-TR,1.6T 하이브리드,AWD,포레스트 그린,4,4,6736
2025-08,south,VST,2025,VST-TR,1.6T 하이브리드,AWD,샌드 베이지,4,4,6736
2025-08,south,VST,2025,VST-TR,1.6T 하이브리드,FWD,스노우 화이트,43,44,67462
2025-08,south,VST,2025,VST-TR,1.6T 하이브리드,FWD,미드나잇 블랙,34,35,53408
2025-08,south,VST,2025,VST-TR,1.6T 하이브리드,FWD,스틸 그레이,29,29,44975
2025-08,south,VST,2025,VST-TR,1.6T 하이브리드,FWD,실버,23,24,36542
2025-08,south,VST,2025,VST-TR,1.6T 하이브리드,FWD,오션 블루,18,18,28109
2025-08,south,VST,2025,VST-TR,1.6T 하이브리드,FWD,선셋 레드,14,15,22487
2025-08,south,VST,2025,VST-TR,1.6T 하이브리드,FWD,포레스트 그린,9,9,14055
2025-08,south,VST,2025,VST-TR,1.6T 하이브리드,FWD,샌드 베이지,9,9,14055
2025-08,south,VST,2026,VST-CO,2.5 가솔린,AWD,스노우 화이트,9,10,7415
2025-08,south,VST,2026,VST-CO,2.5 가솔린,AWD,미드나잇 블랙,7,8,5870
2025-08,south,VST,2026,VST-CO,2.5 가솔린,AWD,스틸 그레이,6,6,4943
2025-08,south,VST,2026,VST-CO,2.5 가솔린,AWD,실버,5,5,4016
2025-08,south,VST,2026,VST-CO,2.5 가솔린,AWD,오션 블루,4,4,3090
2025-08,south,VST,2026,VST-CO,2.5 가솔린,AWD,선셋 레드,3,3,2472
2025-08,south,VST,2026,VST-CO,2.5 가솔린,AWD,포레스트 그린,2,2,1545
2025-08,south,VST,2026,VST-CO,2.5 가솔린,AWD,샌드 베이지,2,2,1545
2025-08,south,VST,2026,VST-CO,2.5 가솔린,FWD,스노우 화이트,20,20,15471
2025-08,south,VST,2026,VST-CO,2.5 가솔린,FWD,미드나잇 블랙,15,16,12248
2025-08,south,VST,2026,VST-CO,2.5 가솔린,FWD,스틸 그레이,13,13,10314
2025-08,south,VST,2026,VST-CO,2.5 가솔린,FWD,실버,11,11,8380
2025-08,south,VST,2026,VST-CO,2.5 가솔린,FWD,오션 블루,8,8,6446
2025-08,south,VST,2026,VST-CO,2.5 가솔린,FWD,선셋 레드,7,7,5157
2025-08,south,VST,2026,VST-CO,2.5 가솔린,FWD,포레스트 그린,4,4,3223
2025-08,south,VST,2026,VST-CO,2.5 가솔린,FWD,샌드 베이지,4,4,3223
2025-08,south,VST,2026,VST-CO,1.6T 하이브리드,AWD,스노우 화이트,8,8,6116
2025-08,south,VST,2026,VST-CO,1.6T 하이브리드,AWD,미드나잇 블랙,6,6,4842
2025-08,south,VST,2026,VST-CO,1.6T 하이브리드,AWD,스틸 그레이,5,5,4077
2025-08,south,VST,2026,VST-CO,1.6T 하이브리드,AWD,실버,4,4,3313
2025-08,south,VST,2026,VST-CO,1.6T 하이브리드,AWD,오션 블루,3,3,2548
2025-08,south,VST,2026,VST-CO,1.6T 하이브리드,AWD,선셋 레드,3,3,2039
2025-08,south,VST,2026,VST-CO,1.6T 하이브리드,AWD,포레스트 그린,2,2,1274
2025-08,south,VST,2026,VST-CO,1.6T 하이브리드,AWD,샌드 베이지,2,2,1274
2025-08,south,VST,2026,VST-CO,1.6T 하이브리드,FWD,스노우 화이트,16,16,12761
2025-08,south,VST,2026,VST-CO,1.6T 하이브리드,FWD,미드나잇 블랙,13,13,10102
2025-08,south,VST,2026,VST-CO,1.6T 하이브리드,FWD,스틸 그레이,11,11,8507
2025-08,south,VST,2026,VST-CO,1.6T 하이브리드,FWD,실버,9,9,6912
2025-08,south,VST,2026,VST-CO,1.6T 하이브리드,FWD,오션 블루,7,7,5317
2025-08,south,VST,2026,VST-CO,1.6T 하이브리드,FWD,선셋 레드,5,5,4254
2025-08,south,VST,2026,VST-CO,1.6T 하이브리드,FWD,포레스트 그린,3,3,2658
2025-08,south,VST,2026,VST-CO,1.6T 하이브리드,FWD,샌드 베이지,3,3,2658
2025-08,south,VST,2026,VST-PR,2.5 가솔린,AWD,스노우 화이트,11,11,11613
2025-08,south,VST,2026,VST-PR,2.5 가솔린,AWD,미드나잇 블랙,9,9,9194
2025-08,south,VST,2026,VST-PR,2.5 가솔린,AWD,스틸 그레이,7,7,7742
2025-08,south,VST,2026,VST-PR,2.5 가솔린,AWD,실버,6,6,6290
2025-08,south,VST,2026,VST-PR,2.5 가솔린,AWD,오션 블루,5,5,4839
2025-08,south,VST,2026,VST-PR,2.5 가솔린,AWD,선셋 레드,4,4,3871
2025-08,south,VST,2026,VST-PR,2.5 가솔린,AWD,포레스트 그린,2,2,2419
2025-08,south,VST,2026,VST-PR,2.5 가솔린,AWD,샌드 베이지,2,2,2419
2025-08,south,VST,2026,VST-PR,2.5 가솔린,FWD,스노우 화이트,23,23,24229
2025-08,south,VST,2026,VST-PR,2.5 가솔린,FWD,미드나잇 블랙,18,18,19182
2025-08,south,VST,2026,VST-PR,2.5 가솔린,FWD,스틸 그레이,15,15,16153
2025-08,south,VST,2026,VST-PR,2.5 가솔린,FWD,실버,12,13,13124
2025-08,south,VST,2026,VST-PR,2.5 가솔린,FWD,오션 블루,9,10,10096
2025-08,south,VST,2026,VST-PR,2.5 가솔린,FWD,선셋 레드,8,8,8076
2025-08,south,VST,2026,VST-PR,2.5 가솔린,FWD,포레스트 그린,5,5,5048
2025-08,south,VST,2026,VST-PR,2.5 가솔린,FWD,샌드 베이지,5,5,5048
2025-08,south,VST,2026,VST-PR,1.6T 하이브리드,AWD,스노우 화이트,9,9,9579
2025-08,south,VST,2026,VST-PR,1.6T 하이브리드,AWD,미드나잇 블랙,7,7,7583
2025-08,south,VST,2026,VST-PR,1.6T 하이브리드,AWD,스틸 그레이,6,6,6386
2025-08,south,VST,2026,VST-PR,1.6T 하이브리드,AWD,실버,5,5,5188
2025-08,south,VST,2026,VST-PR,1.6T 하이브리드,AWD,오션 블루,4,4,3991
2025-08,south,VST,2026,VST-PR,1.6T 하이브리드,AWD,선셋 레드,3,3,3193
2025-08,south,VST,2026,VST-PR,1.6T 하이브리드,AWD,포레스트 그린,2,2,1996
2025-08,south,VST,2026,VST-PR,1.6T 하이브리드,AWD,샌드 베이지,2,2,1996
2025-08,south,VST,2026,VST-PR,1.6T 하이브리드,FWD,스노우 화이트,19,19,19985
2025-08,south,VST,2026,VST-PR,1.6T 하이브리드,FWD,미드나잇 블랙,15,15,15821
2025-08,south,VST,2026,VST-PR,1.6T 하이브리드,FWD,스틸 그레이,12,13,13323
2025-08,south,VST,2026,VST-PR,1.6T 하이브리드,FWD,실버,10,10,10825
2025-08,south,VST,2026,VST-PR,1.6T 하이브리드,FWD,오션 블루,8,8,8327
2025-08,south,VST,2026,VST-PR,1.6T 하이브리드,FWD,선셋 레드,6,6,6662
2025-08,south,VST,2026,VST-PR,1.6T 하이브리드,FWD,포레스트 그린,4,4,4164
2025-08,south,VST,2026,VST-PR,1.6T 하이브리드,FWD,샌드 베이지,4,4,4164
2025-08,south,VST,2026,VST-TR,2.5 가솔린,AWD,스노우 화이트,4,5,6918
2025-08,south,VST,2026,VST-TR,2.5 가솔린,AWD,미드나잇 블랙,4,4,5477
2025-08,south,VST,2026,VST-TR,2.5 가솔린,AWD,스틸 그레이,3,3,4612
2025-08,south,VST,2026,VST-TR,2.5 가솔린,AWD,실버,2,2,3747
2025-08,south,VST,2026,VST-TR,2.5 가솔린,AWD,오션 블루,2,2,2882
2025-08,south,VST,2026,VST-TR,2.5 가솔린,AWD,선셋 레드,1,2,2306
2025-08,south,VST,2026,VST-TR,2.5 가솔린,AWD,포레스트 그린,1,1,1441
2025-08,south,VST,2026,VST-TR,2.5 가솔린,AWD,샌드 베이지,1,1,1441
2025-08,south,VST,2026,VST-TR,2.5 가솔린,FWD,스노우 화이트,9,9,14434
2025-08,south,VST,2026,VST-TR,2.5 가솔린,FWD,미드나잇 블랙,7,7,11427
2025-08,south,VST,2026,VST-TR,2.5 가솔린,FWD,스틸 그레이,6,6,9622
2025-08,south,VST,2026,VST-TR,2.5 가솔린,FWD,실버,5,5,7818
2025-08,south,VST,2026,VST-TR,2.5 가솔린,FWD,오션 블루,4,4,6014
2025-08,south,VST,2026,VST-TR,2.5 가솔린,FWD,선셋 레드,3,3,4811
2025-08,south,VST,2026,VST-TR,2.5 가솔린,FWD,포레스트 그린,2,2,3007
2025-08,south,VST,2026,VST-TR,2.5 가솔린,FWD,샌드 베이지,2,2,3007
2025-08,south,VST,2026,VST-TR,1.6T 하이브리드,AWD,스노우 화이트,4,4,5706
2025-08,south,VST,2026,VST-TR,1.6T 하이브리드,AWD,미드나잇 블랙,3,3,4517
2025-08,south,VST,2026,VST-TR,1.6T 하이브리드,AWD,스틸 그레이,2,2,3804
2025-08,south,VST,2026,VST-TR,1.6T 하이브리드,AWD,실버,2,2,3091
2025-08,south,VST,2026,VST-TR,1.6T 하이브리드,AWD,오션 블루,2,2,2378
2025-08,south,VST,2026,VST-TR,1.6T 하이브리드,AWD,선셋 레드,1,1,1902
2025-08,south,VST,2026,VST-TR,1.6T 하이브리드,AWD,포레스트 그린,1,1,1189
2025-08,south,VST,2026,VST-TR,1.6T 하이브리드,AWD,샌드 베이지,1,1,1189
2025-08,south,VST,2026,VST-TR,1.6T 하이브리드,FWD,스노우 화이트,8,8,11905
2025-08,south,VST,2026,VST-TR,1.6T 하이브리드,FWD,미드나잇 블랙,6,6,9425
2025-08,south,VST,2026,VST-TR,1.6T 하이브리드,FWD,스틸 그레이,5,5,7937
2025-08,south,VST,2026,VST-TR,1.6T 하이브리드,FWD,실버,4,4,6449
2025-08,south,VST,2026,VST-TR,1.6T 하이브리드,FWD,오션 블루,3,3,4960
2025-08,south,VST,2026,VST-TR,1.6T 하이브리드,FWD,선셋 레드,3,3,3968
2025-08,south,VST,2026,VST-TR,1.6T 하이브리드,FWD,포레스트 그린,2,2,2480
2025-08,south,VST,2026,VST-TR,1.6T 하이브리드,FWD,샌드 베이지,2,2,2480
2025-08,northeast,VST,2025,VST-CO,2.5 가솔린,AWD,스노우 화이트,74,76,58624
2025-08,northeast,VST,2025,VST-CO,2.5 가솔린,AWD,미드나잇 블랙,59,60,46411
2025-08,northeast,VST,2025,VST-CO,2.5 가솔린,AWD,스틸 그레이,49,50,39083
2025-08,northeast,VST,2025,VST-CO,2.5 가솔린,AWD,실버,40,41,31755
2025-08,northeast,VST,2025,VST-CO,2.5 가솔린,AWD,오션 블루,31,31,24427
2025-08,northeast,VST,2025,VST-CO,2.5 가솔린,AWD,선셋 레드,25,25,19541
2025-08,northeast,VST,2025,VST-CO,2.5 가솔린,AWD,포레스트 그린,15,16,12213
2025-08,northeast,VST,2025,VST-CO,2.5 가솔린,AWD,샌드 베이지,15,16,12213
2025-08,northeast,VST,2025,VST-CO,2.5 가솔린,FWD,스노우 화이트,53,54,41588
2025-08,northeast,VST,2025,VST-CO,2.5 가솔린,FWD,미드나잇 블랙,42,42,32924
2025-08,northeast,VST,2025,VST-CO,2.5 가솔린,FWD,스틸 그레이,35,36,27725
2025-08,northeast,VST,2025,VST-CO,2.5 가솔린,FWD,실버,28,29,22527
2025-08,northeast,VST,2025,VST-CO,2.5 가솔린,FWD,오션 블루,22,22,17328
2025-08,northeast,VST,2025,VST-CO,2.5 가솔린,FWD,선셋 레드,18,18,13863
2025-08,northeast,VST,2025,VST-CO,2.5 가솔린,FWD,포레스트 그린,11,11,8664
2025-08,northeast,VST,2025,VST-CO,2.5 가솔린,FWD,샌드 베이지,11,11,8664
2025-08,northeast,VST,2025,VST-CO,1.6T 하이브리드,AWD,스노우 화이트,61,62,48354
2025-08,northeast,VST,2025,VST-CO,1.6T 하이브리드,AWD,미드나잇 블랙,48,49,38280
2025-08,northeast,VST,2025,VST-CO,1.6T 하이브리드,AWD,스틸 그레이,41,42,32236
2025-08,northeast,VST,2025,VST-CO,1.6T 하이브리드,AWD,실버,33,34,26192
2025-08,northeast,VST,2025,VST-CO,1.6T 하이브리드,AWD,오션 블루,25,26,20148
2025-08,northeast,VST,2025,VST-CO,1.6T 하이브리드,AWD,선셋 레드,20,21,16118
2025-08,northeast,VST,2025,VST-CO,1.6T 하이브리드,AWD,포레스트 그린,13,13,10074
2025-08,northeast,VST,2025,VST-CO,1.6T 하이브리드,AWD,샌드 베이지,13,13,10074
2025-08,northeast,VST,2025,VST-CO,1.6T 하이브리드,FWD,스노우 화이트,43,44,34302
2025-08,northeast,VST,2025,VST-CO,1.6T 하이브리드,FWD,미드나잇 블랙,34,35,27156
2025-08,northeast,VST,2025,VST-CO,1.6T 하이브리드,FWD,스틸 그레이,29,29,22868
2025-08,northeast,VST,2025,VST-CO,1.6T 하이브리드,FWD,실버,23,24,18580
2025-08,northeast,VST,2025,VST-CO,1.6T 하이브리드,FWD,오션 블루,18,18,14293
2025-08,northeast,VST,2025,VST-CO,1.6T 하이브리드,FWD,선셋 레드,14,15,11434
2025-08,northeast,VST,2025,VST-CO,1.6T 하이브리드,FWD,포레스트 그린,9,9,7146
2025-08,northeast,VST,2025,VST-CO,1.6T 하이브리드,FWD,샌드 베이지,9,9,7146
2025-08,northeast,VST,2025,VST-PR,2.5 가솔린,AWD,스노우 화이트,86,88,91813
2025-08,northeast,VST,2025,VST-PR,2.5 가솔린,AWD,미드나잇 블랙,68,69,72686
2025-08,northeast,VST,2025,VST-PR,2.5 가솔린,AWD,스틸 그레이,57,58,61209
2025-08,northeast,VST,2025,VST-PR,2.5 가솔린,AWD,실버,46,47,49732
2025-08,northeast,VST,2025,VST-PR,2.5 가솔린,AWD,오션 블루,36,36,38256
2025-08,northeast,VST,2025,VST-PR,2.5 가솔린,AWD,선셋 레드,29,29,30604
2025-08,northeast,VST,2025,VST-PR,2.5 가솔린,AWD,포레스트 그린,18,18,19128
2025-08,northeast,VST,2025,VST-PR,2.5 가솔린,AWD,샌드 베이지,18,18,19128
2025-08,northeast,VST,2025,VST-PR,2.5 가솔린,FWD,스노우 화이트,61,62,65133
2025-08,northeast,VST,2025,VST-PR,2.5 가솔린,FWD,미드나잇 블랙,48,49,51563
2025-08,northeast,VST,2025,VST-PR,2.5 가솔린,FWD,스틸 그레이,41,41,43422
2025-08,northeast,VST,2025,VST-PR,2.5 가솔린,FWD,실버,33,34,35280
2025-08,northeast,VST,2025,VST-PR,2.5 가솔린,FWD,오션 블루,25,26,27139
2025-08,northeast,VST,2025,VST-PR,2.5 가솔린,FWD,선셋 레드,20,21,21711
2025-08,northeast,VST,2025,VST-PR,2.5 가솔린,FWD,포레스트 그린,13,13,13569
2025-08,northeast,VST,2025,VST-PR,2.5 가솔린,FWD,샌드 베이지,13,13,13569
2025-08,northeast,VST,2025,VST-PR,1.6T 하이브리드,AWD,스노우 화이트,71,72,75729
2025-08,northeast,VST,2025,VST-PR,1.6T 하이브리드,AWD,미드나잇 블랙,56,57,59952
2025-08,northeast,VST,2025,VST-PR,1.6T 하이브리드,AWD,스틸 그레이,47,48,50486
2025-08,northeast,VST,2025,VST-PR,1.6T 하이브리드,AWD,실버,38,39,41020
2025-08,northeast,VST,2025,VST-PR,1.6T 하이브리드,AWD,오션 블루,29,30,31554
2025-08,northeast,VST,2025,VST-PR,1.6T 하이브리드,AWD,선셋 레드,24,24,25243
2025-08,northeast,VST,2025,VST-PR,1.6T 하이브리드,AWD,포레스트 그린,15,15,15777
2025-08,northeast,VST,2025,VST-PR,1.6T 하이브리드,AWD,샌드 베이지,15,15,15777
2025-08,northeast,VST,2025,VST-PR,1.6T 하이브리드,FWD,스노우 화이트,50,51,53723
2025-08,northeast,VST,2025,VST-PR,1.6T 하이브리드,FWD,미드나잇 블랙,40,41,42530
2025-08,northeast,VST,2025,VST-PR,1.6T 하이브리드,FWD,스틸 그레이,33,34,35815
2025-08,northeast,VST,2025,VST-PR,1.6T 하이브리드,FWD,실버,27,28,29100
2025-08,northeast,VST,2025,VST-PR,1.6T 하이브리드,FWD,오션 블루,21,21,22384
2025-08,northeast,VST,2025,VST-PR,1.6T 하이브리드,FWD,선셋 레드,17,17,17908
2025-08,northeast,VST,2025,VST-PR,1.6T 하이브리드,FWD,포레스트 그린,10,11,11192
2025-08,northeast,VST,2025,VST-PR,1.6T 하이브리드,FWD,샌드 베이지,10,11,11192
2025-08,northeast,VST,2025,VST-TR,2.5 가솔린,AWD,스노우 화이트,35,36,54694
2025-08,northeast,VST,2025,VST-TR,2.5 가솔린,AWD,미드나잇 블랙,28,28,43299
2025-08,northeast,VST,2025,VST-TR,2.5 가솔린,AWD,스틸 그레이,23,24,36463
2025-08,northeast,VST,2025,VST-TR,2.5 가솔린,AWD,실버,19,19,29626
2025-08,northeast,VST,2025,VST-TR,2.5 가솔린,AWD,오션 블루,15,15,22789
2025-08,northeast,VST,2025,VST-TR,2.5 가솔린,AWD,선셋 레드,12,12,18231
2025-08,northeast,VST,2025,VST-TR,2.5 가솔린,AWD,포레스트 그린,7,7,11395
2025-08,northeast,VST,2025,VST-TR,2.5 가솔린,AWD,샌드 베이지,7,7,11395
2025-08,northeast,VST,2025,VST-TR,2.5 가솔린,FWD,스노우 화이트,25,25,38800
2025-08,northeast,VST,2025,VST-TR,2.5 가솔린,FWD,미드나잇 블랙,20,20,30717
2025-08,northeast,VST,2025,VST-TR,2.5 가솔린,FWD,스틸 그레이,17,17,25867
2025-08,northeast,VST,2025,VST-TR,2.5 가솔린,FWD,실버,13,14,21017
2025-08,northeast,VST,2025,VST-TR,2.5 가솔린,FWD,오션 블루,10,11,16167
2025-08,northeast,VST,2025,VST-TR,2.5 가솔린,FWD,선셋 레드,8,8,12933
2025-08,northeast,VST,2025,VST-TR,2.5 가솔린,FWD,포레스트 그린,5,5,8083
2025-08,northeast,VST,2025,VST-TR,2.5 가솔린,FWD,샌드 베이지,5,5,8083
2025-08,northeast,VST,2025,VST-TR,1.6T 하이브리드,AWD,스노우 화이트,29,30,45113
2025-08,northeast,VST,2025,VST-TR,1.6T 하이브리드,AWD,미드나잇 블랙,23,23,35714
2025-08,northeast,VST,2025,VST-TR,1.6T 하이브리드,AWD,스틸 그레이,19,20,30075
2025-08,northeast,VST,2025,VST-TR,1.6T 하이브리드,AWD,실버,16,16,24436
2025-08,northeast,VST,2025,VST-TR,1.6T 하이브리드,AWD,오션 블루,12,12,18797
2025-08,northeast,VST,2025,VST-TR,1.6T 하이브리드,AWD,선셋 레드,10,10,15038
2025-08,northeast,VST,2025,VST-TR,1.6T 하이브리드,AWD,포레스트 그린,6,6,9398
2025-08,northeast,VST,2025,VST-TR,1.6T 하이브리드,AWD,샌드 베이지,6,6,9398
2025-08,northeast,VST,2025,VST-TR,1.6T 하이브리드,FWD,스노우 화이트,21,21,32003
2025-08,northeast,VST,2025,VST-TR,1.6T 하이브리드,FWD,미드나잇 블랙,16,17,25336
2025-08,northeast,VST,2025,VST-TR,1.6T 하이브리드,FWD,스틸 그레이,14,14,21335
2025-08,northeast,VST,2025,VST-TR,1.6T 하이브리드,FWD,실버,11,11,17335
2025-08,northeast,VST,2025,VST-TR,1.6T 하이브리드,FWD,오션 블루,9,9,13335
2025-08,northeast,VST,2025,VST-TR,1.6T 하이브리드,FWD,선셋 레드,7,7,10668
2025-08,northeast,VST,2025,VST-TR,1.6T 하이브리드,FWD,포레스트 그린,4,4,6667
2025-08,northeast,VST,2025,VST-TR,1.6T 하이브리드,FWD,샌드 베이지,4,4,6667
2025-08,northeast,VST,2026,VST-CO,2.5 가솔린,AWD,스노우 화이트,13,13,10345
2025-08,northeast,VST,2026,VST-CO,2.5 가솔린,AWD,미드나잇 블랙,10,11,8190
2025-08,northeast,VST,2026,VST-CO,2.5 가솔린,AWD,스틸 그레이,9,9,6897
2025-08,northeast,VST,2026,VST-CO,2.5 가솔린,AWD,실버,7,7,5604
2025-08,northeast,VST,2026,VST-CO,2.5 가솔린,AWD,오션 블루,5,6,4311
2025-08,northeast,VST,2026,VST-CO,2.5 가솔린,AWD,선셋 레드,4,4,3448
2025-08,northeast,VST,2026,VST-CO,2.5 가솔린,AWD,포레스트 그린,3,3,2155
2025-08,northeast,VST,2026,VST-CO,2.5 가솔린,AWD,샌드 베이지,3,3,2155
2025-08,northeast,VST,2026,VST-CO,2.5 가솔린,FWD,스노우 화이트,9,9,7339
2025-08,northeast,VST,2026,VST-CO,2.5 가솔린,FWD,미드나잇 블랙,7,7,5810
2025-08,northeast,VST,2026,VST-CO,2.5 가솔린,FWD,스틸 그레이,6,6,4893
2025-08,northeast,VST,2026,VST-CO,2.5 가솔린,FWD,실버,5,5,3975
2025-08,northeast,VST,2026,VST-CO,2.5 가솔린,FWD,오션 블루,4,4,3058
2025-08,northeast,VST,2026,VST-CO,2.5 가솔린,FWD,선셋 레드,3,3,2446
2025-08,northeast,VST,2026,VST-CO,2.5 가솔린,FWD,포레스트 그린,2,2,1529
2025-08,northeast,VST,2026,VST-CO,2.5 가솔린,FWD,샌드 베이지,2,2,1529
2025-08,northeast,VST,2026,VST-CO,1.6T 하이브리드,AWD,스노우 화이트,11,11,8533
2025-08,northeast,VST,2026,VST-CO,1.6T 하이브리드,AWD,미드나잇 블랙,9,9,6755
2025-08,northeast,VST,2026,VST-CO,1.6T 하이브리드,AWD,스틸 그레이,7,7,5689
2025-08,northeast,VST,2026,VST-CO,1.6T 하이브리드,AWD,실버,6,6,4622
2025-08,northeast,VST,2026,VST-CO,1.6T 하이브리드,AWD,오션 블루,4,5,3555
2025-08,northeast,VST,2026,VST-CO,1.6T 하이브리드,AWD,선셋 레드,4,4,2844
2025-08,northeast,VST,2026,VST-CO,1.6T 하이브리드,AWD,포레스트 그린,2,2,1778
2025-08,northeast,VST,2026,VST-CO,1.6T 하이브리드,AWD,샌드 베이지,2,2,1778
2025-08,northeast,VST,2026,VST-CO,1.6T 하이브리드,FWD,스노우 화이트,8,8,6053
2025-08,northeast,VST,2026,VST-CO,1.6T 하이브리드,FWD,미드나잇 블랙,6,6,4792
2025-08,northeast,VST,2026,VST-CO,1.6T 하이브리드,FWD,스틸 그레이,5,5,4036
2025-08,northeast,VST,2026,VST-CO,1.6T 하이브리드,FWD,실버,4,4,3279
2025-08,northeast,VST,2026,VST-CO,1.6T 하이브리드,FWD,오션 블루,3,3,2522
2025-08,northeast,VST,2026,VST-CO,1.6T 하이브리드,FWD,선셋 레드,3,3,2018
2025-08,northeast,VST,2026,VST-CO,1.6T 하이브리드,FWD,포레스트 그린,2,2,1261
2025-08,northeast,VST,2026,VST-CO,1.6T 하이브리드,FWD,샌드 베이지,2,2,1261
2025-08,northeast,VST,2026,VST-PR,2.5 가솔린,AWD,스노우 화이트,15,15,16202
2025-08,northeast,VST,2026,VST-PR,2.5 가솔린,AWD,미드나잇 블랙,12,12,12827
2025-08,northeast,VST,2026,VST-PR,2.5 가솔린,AWD,스틸 그레이,10,10,10802
2025-08,northeast,VST,2026,VST-PR,2.5 가솔린,AWD,실버,8,8,8776
2025-08,northeast,VST,2026,VST-PR,2.5 가솔린,AWD,오션 블루,6,6,6751
2025-08,northeast,VST,2026,VST-PR,2.5 가솔린,AWD,선셋 레드,5,5,5401
2025-08,northeast,VST,2026,VST-PR,2.5 가솔린,AWD,포레스트 그린,3,3,3375
2025-08,northeast,VST,2026,VST-PR,2.5 가솔린,AWD,샌드 베이지,3,3,3375
2025-08,northeast,VST,2026,VST-PR,2.5 가솔린,FWD,스노우 화이트,11,11,11494
2025-08,northeast,VST,2026,VST-PR,2.5 가솔린,FWD,미드나잇 블랙,9,9,9099
2025-08,northeast,VST,2026,VST-PR,2.5 가솔린,FWD,스틸 그레이,7,7,7663
2025-08,northeast,VST,2026,VST-PR,2.5 가솔린,FWD,실버,6,6,6226
2025-08,northeast,VST,2026,VST-PR,2.5 가솔린,FWD,오션 블루,4,5,4789
2025-08,northeast,VST,2026,VST-PR,2.5 가솔린,FWD,선셋 레드,4,4,3831
2025-08,northeast,VST,2026,VST-PR,2.5 가솔린,FWD,포레스트 그린,2,2,2395
2025-08,northeast,VST,2026,VST-PR,2.5 가솔린,FWD,샌드 베이지,2,2,2395
2025-08,northeast,VST,2026,VST-PR,1.6T 하이브리드,AWD,스노우 화이트,12,13,13364
2025-08,northeast,VST,2026,VST-PR,1.6T 하이브리드,AWD,미드나잇 블랙,10,10,10580
2025-08,northeast,VST,2026,VST-PR,1.6T 하이브리드,AWD,스틸 그레이,8,8,8909
2025-08,northeast,VST,2026,VST-PR,1.6T 하이브리드,AWD,실버,7,7,7239
2025-08,northeast,VST,2026,VST-PR,1.6T 하이브리드,AWD,오션 블루,5,5,5568
2025-08,northeast,VST,2026,VST-PR,1.6T 하이브리드,AWD,선셋 레드,4,4,4455
2025-08,northeast,VST,2026,VST-PR,1.6T 하이브리드,AWD,포레스트 그린,3,3,2784
2025-08,northeast,VST,2026,VST-PR,1.6T 하이브리드,AWD,샌드 베이지,3,3,2784
2025-08,northeast,VST,2026,VST-PR,1.6T 하이브리드,FWD,스노우 화이트,9,9,9480
2025-08,northeast,VST,2026,VST-PR,1.6T 하이브리드,FWD,미드나잇 블랙,7,7,7505
2025-08,northeast,VST,2026,VST-PR,1.6T 하이브리드,FWD,스틸 그레이,6,6,6320
2025-08,northeast,VST,2026,VST-PR,1.6T 하이브리드,FWD,실버,5,5,5135
2025-08,northeast,VST,2026,VST-PR,1.6T 하이브리드,FWD,오션 블루,4,4,3950
2025-08,northeast,VST,2026,VST-PR,1.6T 하이브리드,FWD,선셋 레드,3,3,3160
2025-08,northeast,VST,2026,VST-PR,1.6T 하이브리드,FWD,포레스트 그린,2,2,1975
2025-08,northeast,VST,2026,VST-PR,1.6T 하이브리드,FWD,샌드 베이지,2,2,1975
2025-08,northeast,VST,2026,VST-TR,2.5 가솔린,AWD,스노우 화이트,6,6,9652
2025-08,northeast,VST,2026,VST-TR,2.5 가솔린,AWD,미드나잇 블랙,5,5,7641
2025-08,northeast,VST,2026,VST-TR,2.5 가솔린,AWD,스틸 그레이,4,4,6435
2025-08,northeast,VST,2026,VST-TR,2.5 가솔린,AWD,실버,3,3,5228
2025-08,northeast,VST,2026,VST-TR,2.5 가솔린,AWD,오션 블루,3,3,4022
2025-08,northeast,VST,2026,VST-TR,2.5 가솔린,AWD,선셋 레드,2,2,3217
2025-08,northeast,VST,2026,VST-TR,2.5 가솔린,AWD,포레스트 그린,1,1,2011
2025-08,northeast,VST,2026,VST-TR,2.5 가솔린,AWD,샌드 베이지,1,1,2011
2025-08,northeast,VST,2026,VST-TR,2.5 가솔린,FWD,스노우 화이트,4,4,6847
2025-08,northeast,VST,2026,VST-TR,2.5 가솔린,FWD,미드나잇 블랙,3,4,5421
2025-08,northeast,VST,2026,VST-TR,2.5 가솔린,FWD,스틸 그레이,3,3,4565
2025-08,northeast,VST,2026,VST-TR,2.5 가솔린,FWD,실버,2,2,3709
2025-08,northeast,VST,2026,VST-TR,2.5 가솔린,FWD,오션 블루,2,2,2853
2025-08,northeast,VST,2026,VST-TR,2.5 가솔린,FWD,선셋 레드,1,1,2282
2025-08,northeast,VST,2026,VST-TR,2.5 가솔린,FWD,포레스트 그린,1,1,1426
2025-08,northeast,VST,2026,VST-TR,2.5 가솔린,FWD,샌드 베이지,1,1,1426
2025-08,northeast,VST,2026,VST-TR,1.6T 하이브리드,AWD,스노우 화이트,5,5,7961
2025-08,northeast,VST,2026,VST-TR,1.6T 하이브리드,AWD,미드나잇 블랙,4,4,6302
2025-08,northeast,VST,2026,VST-TR,1.6T 하이브리드,AWD,스틸 그레이,3,3,5307
2025-08,northeast,VST,2026,VST-TR,1.6T 하이브리드,AWD,실버,3,3,4312
2025-08,northeast,VST,2026,VST-TR,1.6T 하이브리드,AWD,오션 블루,2,2,3317
2025-08,northeast,VST,2026,VST-TR,1.6T 하이브리드,AWD,선셋 레드,2,2,2654
2025-08,northeast,VST,2026,VST-TR,1.6T 하이브리드,AWD,포레스트 그린,1,1,1659
2025-08,northeast,VST,2026,VST-TR,1.6T 하이브리드,AWD,샌드 베이지,1,1,1659
2025-08,northeast,VST,2026,VST-TR,1.6T 하이브리드,FWD,스노우 화이트,4,4,5648
2025-08,northeast,VST,2026,VST-TR,1.6T 하이브리드,FWD,미드나잇 블랙,3,3,4471
2025-08,northeast,VST,2026,VST-TR,1.6T 하이브리드,FWD,스틸 그레이,2,2,3765
2025-08,northeast,VST,2026,VST-TR,1.6T 하이브리드,FWD,실버,2,2,3059
2025-08,northeast,VST,2026,VST-TR,1.6T 하이브리드,FWD,오션 블루,2,2,2353
2025-08,northeast,VST,2026,VST-TR,1.6T 하이브리드,FWD,선셋 레드,1,1,1883
2025-08,northeast,VST,2026,VST-TR,1.6T 하이브리드,FWD,포레스트 그린,1,1,1177
2025-08,northeast,VST,2026,VST-TR,1.6T 하이브리드,FWD,샌드 베이지,1,1,1177
2025-08,southeast,VST,2025,VST-CO,2.5 가솔린,AWD,스노우 화이트,51,52,40586
2025-08,southeast,VST,2025,VST-CO,2.5 가솔린,AWD,미드나잇 블랙,41,41,32130
2025-08,southeast,VST,2025,VST-CO,2.5 가솔린,AWD,스틸 그레이,34,35,27057
2025-08,southeast,VST,2025,VST-CO,2.5 가솔린,AWD,실버,28,28,21984
2025-08,southeast,VST,2025,VST-CO,2.5 가솔린,AWD,오션 블루,21,22,16911
2025-08,southeast,VST,2025,VST-CO,2.5 가솔린,AWD,선셋 레드,17,17,13529
2025-08,southeast,VST,2025,VST-CO,2.5 가솔린,AWD,포레스트 그린,11,11,8455
2025-08,southeast,VST,2025,VST-CO,2.5 가솔린,AWD,샌드 베이지,11,11,8455
2025-08,southeast,VST,2025,VST-CO,2.5 가솔린,FWD,스노우 화이트,83,84,65521
2025-08,southeast,VST,2025,VST-CO,2.5 가솔린,FWD,미드나잇 블랙,66,67,51871
2025-08,southeast,VST,2025,VST-CO,2.5 가솔린,FWD,스틸 그레이,55,56,43681
2025-08,southeast,VST,2025,VST-CO,2.5 가솔린,FWD,실버,45,46,35490
2025-08,southeast,VST,2025,VST-CO,2.5 가솔린,FWD,오션 블루,35,35,27300
2025-08,southeast,VST,2025,VST-CO,2.5 가솔린,FWD,선셋 레드,28,28,21840
2025-08,southeast,VST,2025,VST-CO,2.5 가솔린,FWD,포레스트 그린,17,18,13650
2025-08,southeast,VST,2025,VST-CO,2.5 가솔린,FWD,샌드 베이지,17,18,13650
2025-08,southeast,VST,2025,VST-CO,1.6T 하이브리드,AWD,스노우 화이트,42,43,33476
2025-08,southeast,VST,2025,VST-CO,1.6T 하이브리드,AWD,미드나잇 블랙,34,34,26502
2025-08,southeast,VST,2025,VST-CO,1.6T 하이브리드,AWD,스틸 그레이,28,29,22317
2025-08,southeast,VST,2025,VST-CO,1.6T 하이브리드,AWD,실버,23,23,18133
2025-08,southeast,VST,2025,VST-CO,1.6T 하이브리드,AWD,오션 블루,18,18,13948
2025-08,southeast,VST,2025,VST-CO,1.6T 하이브리드,AWD,선셋 레드,14,14,11159
2025-08,southeast,VST,2025,VST-CO,1.6T 하이브리드,AWD,포레스트 그린,9,9,6974
2025-08,southeast,VST,2025,VST-CO,1.6T 하이브리드,AWD,샌드 베이지,9,9,6974
2025-08,southeast,VST,2025,VST-CO,1.6T 하이브리드,FWD,스노우 화이트,68,70,54043
2025-08,southeast,VST,2025,VST-CO,1.6T 하이브리드,FWD,미드나잇 블랙,54,55,42784
2025-08,southeast,VST,2025,VST-CO,1.6T 하이브리드,FWD,스틸 그레이,46,46,36028
2025-08,southeast,VST,2025,VST-CO,1.6T 하이브리드,FWD,실버,37,38,29273
2025-08,southeast,VST,2025,VST-CO,1.6T 하이브리드,FWD,오션 블루,28,29,22518
2025-08,southeast,VST,2025,VST-CO,1.6T 하이브리드,FWD,선셋 레드,23,23,18014
2025-08,southeast,VST,2025,VST-CO,1.6T 하이브리드,FWD,포레스트 그린,14,15,11259
2025-08,southeast,VST,2025,VST-CO,1.6T 하이브리드,FWD,샌드 베이지,14,15,11259
2025-08,southeast,VST,2025,VST-PR,2.5 가솔린,AWD,스노우 화이트,59,61,63563
2025-08,southeast,VST,2025,VST-PR,2.5 가솔린,AWD,미드나잇 블랙,47,48,50321
2025-08,southeast,VST,2025,VST-PR,2.5 가솔린,AWD,스틸 그레이,40,40,42375
2025-08,southeast,VST,2025,VST-PR,2.5 가솔린,AWD,실버,32,33,34430
2025-08,southeast,VST,2025,VST-PR,2.5 가솔린,AWD,오션 블루,25,25,26485
2025-08,southeast,VST,2025,VST-PR,2.5 가솔린,AWD,선셋 레드,20,20,21188
2025-08,southeast,VST,2025,VST-PR,2.5 가솔린,AWD,포레스트 그린,12,13,13242
2025-08,southeast,VST,2025,VST-PR,2.5 가솔린,AWD,샌드 베이지,12,13,13242
2025-08,southeast,VST,2025,VST-PR,2.5 가솔린,FWD,스노우 화이트,96,98,102615
2025-08,southeast,VST,2025,VST-PR,2.5 가솔린,FWD,미드나잇 블랙,76,77,81237
2025-08,southeast,VST,2025,VST-PR,2.5 가솔린,FWD,스틸 그레이,64,65,68410
2025-08,southeast,VST,2025,VST-PR,2.5 가솔린,FWD,실버,52,53,55583
2025-08,southeast,VST,2025,VST-PR,2.5 가솔린,FWD,오션 블루,40,41,42756
2025-08,southeast,VST,2025,VST-PR,2.5 가솔린,FWD,선셋 레드,32,33,34205
2025-08,southeast,VST,2025,VST-PR,2.5 가솔린,FWD,포레스트 그린,20,20,21378
2025-08,southeast,VST,2025,VST-PR,2.5 가솔린,FWD,샌드 베이지,20,20,21378
2025-08,southeast,VST,2025,VST-PR,1.6T 하이브리드,AWD,스노우 화이트,49,50,52428
2025-08,southeast,VST,2025,VST-PR,1.6T 하이브리드,AWD,미드나잇 블랙,39,40,41505
2025-08,southeast,VST,2025,VST-PR,1.6T 하이브리드,AWD,스틸 그레이,33,33,34952
2025-08,southeast,VST,2025,VST-PR,1.6T 하이브리드,AWD,실버,27,27,28398
2025-08,southeast,VST,2025,VST-PR,1.6T 하이브리드,AWD,오션 블루,20,21,21845
2025-08,southeast,VST,2025,VST-PR,1.6T 하이브리드,AWD,선셋 레드,16,17,17476
2025-08,southeast,VST,2025,VST-PR,1.6T 하이브리드,AWD,포레스트 그린,10,10,10922
2025-08,southeast,VST,2025,VST-PR,1.6T 하이브리드,AWD,샌드 베이지,10,10,10922
2025-08,southeast,VST,2025,VST-PR,1.6T 하이브리드,FWD,스노우 화이트,79,81,84639
2025-08,southeast,VST,2025,VST-PR,1.6T 하이브리드,FWD,미드나잇 블랙,63,64,67006
2025-08,southeast,VST,2025,VST-PR,1.6T 하이브리드,FWD,스틸 그레이,53,54,56426
2025-08,southeast,VST,2025,VST-PR,1.6T 하이브리드,FWD,실버,43,44,45846
2025-08,southeast,VST,2025,VST-PR,1.6T 하이브리드,FWD,오션 블루,33,34,35266
2025-08,southeast,VST,2025,VST-PR,1.6T 하이브리드,FWD,선셋 레드,26,27,28213
2025-08,southeast,VST,2025,VST-PR,1.6T 하이브리드,FWD,포레스트 그린,16,17,17633
2025-08,southeast,VST,2025,VST-PR,1.6T 하이브리드,FWD,샌드 베이지,16,17,17633
2025-08,southeast,VST,2025,VST-TR,2.5 가솔린,AWD,스노우 화이트,24,25,37865
2025-08,southeast,VST,2025,VST-TR,2.5 가솔린,AWD,미드나잇 블랙,19,20,29977
2025-08,southeast,VST,2025,VST-TR,2.5 가솔린,AWD,스틸 그레이,16,17,25243
2025-08,southeast,VST,2025,VST-TR,2.5 가솔린,AWD,실버,13,13,20510
2025-08,southeast,VST,2025,VST-TR,2.5 가솔린,AWD,오션 블루,10,10,15777
2025-08,southeast,VST,2025,VST-TR,2.5 가솔린,AWD,선셋 레드,8,8,12622
2025-08,southeast,VST,2025,VST-TR,2.5 가솔린,AWD,포레스트 그린,5,5,7889
2025-08,southeast,VST,2025,VST-TR,2.5 가솔린,AWD,샌드 베이지,5,5,7889
2025-08,southeast,VST,2025,VST-TR,2.5 가솔린,FWD,스노우 화이트,39,40,61129
2025-08,southeast,VST,2025,VST-TR,2.5 가솔린,FWD,미드나잇 블랙,31,32,48393
2025-08,southeast,VST,2025,VST-TR,2.5 가솔린,FWD,스틸 그레이,26,27,40752
2025-08,southeast,VST,2025,VST-TR,2.5 가솔린,FWD,실버,21,22,33111
2025-08,southeast,VST,2025,VST-TR,2.5 가솔린,FWD,오션 블루,16,17,25470
2025-08,southeast,VST,2025,VST-TR,2.5 가솔린,FWD,선셋 레드,13,13,20376
2025-08,southeast,VST,2025,VST-TR,2.5 가솔린,FWD,포레스트 그린,8,8,12735
2025-08,southeast,VST,2025,VST-TR,2.5 가솔린,FWD,샌드 베이지,8,8,12735
2025-08,southeast,VST,2025,VST-TR,1.6T 하이브리드,AWD,스노우 화이트,20,20,31232
2025-08,southeast,VST,2025,VST-TR,1.6T 하이브리드,AWD,미드나잇 블랙,16,16,24725
2025-08,southeast,VST,2025,VST-TR,1.6T 하이브리드,AWD,스틸 그레이,13,14,20821
2025-08,southeast,VST,2025,VST-TR,1.6T 하이브리드,AWD,실버,11,11,16917
2025-08,southeast,VST,2025,VST-TR,1.6T 하이브리드,AWD,오션 블루,8,9,13013
2025-08,southeast,VST,2025,VST-TR,1.6T 하이브리드,AWD,선셋 레드,7,7,10411
2025-08,southeast,VST,2025,VST-TR,1.6T 하이브리드,AWD,포레스트 그린,4,4,6507
2025-08,southeast,VST,2025,VST-TR,1.6T 하이브리드,AWD,샌드 베이지,4,4,6507
2025-08,southeast,VST,2025,VST-TR,1.6T 하이브리드,FWD,스노우 화이트,32,33,50420
2025-08,southeast,VST,2025,VST-TR,1.6T 하이브리드,FWD,미드나잇 블랙,26,26,39916
2025-08,southeast,VST,2025,VST-TR,1.6T 하이브리드,FWD,스틸 그레이,22,22,33613
2025-08,southeast,VST,2025,VST-TR,1.6T 하이브리드,FWD,실버,18,18,27311
2025-08,southeast,VST,2025,VST-TR,1.6T 하이브리드,FWD,오션 블루,13,14,21008
2025-08,southeast,VST,2025,VST-TR,1.6T 하이브리드,FWD,선셋 레드,11,11,16807
2025-08,southeast,VST,2025,VST-TR,1.6T 하이브리드,FWD,포레스트 그린,7,7,10504
2025-08,southeast,VST,2025,VST-TR,1.6T 하이브리드,FWD,샌드 베이지,7,7,10504
2025-08,southeast,VST,2026,VST-CO,2.5 가솔린,AWD,스노우 화이트,9,9,7162
2025-08,southeast,VST,2026,VST-CO,2.5 가솔린,AWD,미드나잇 블랙,7,7,5670
2025-08,southeast,VST,2026,VST-CO,2.5 가솔린,AWD,스틸 그레이,6,6,4775
2025-08,southeast,VST,2026,VST-CO,2.5 가솔린,AWD,실버,5,5,3880
2025-08,southeast,VST,2026,VST-CO,2.5 가솔린,AWD,오션 블루,4,4,2984
2025-08,southeast,VST,2026,VST-CO,2.5 가솔린,AWD,선셋 레드,3,3,2387
2025-08,southeast,VST,2026,VST-CO,2.5 가솔린,AWD,포레스트 그린,2,2,1492
2025-08,southeast,VST,2026,VST-CO,2.5 가솔린,AWD,샌드 베이지,2,2,1492
2025-08,southeast,VST,2026,VST-CO,2.5 가솔린,FWD,스노우 화이트,15,15,11562
2025-08,southeast,VST,2026,VST-CO,2.5 가솔린,FWD,미드나잇 블랙,12,12,9154
2025-08,southeast,VST,2026,VST-CO,2.5 가솔린,FWD,스틸 그레이,10,10,7708
2025-08,southeast,VST,2026,VST-CO,2.5 가솔린,FWD,실버,8,8,6263
2025-08,southeast,VST,2026,VST-CO,2.5 가솔린,FWD,오션 블루,6,6,4818
2025-08,southeast,VST,2026,VST-CO,2.5 가솔린,FWD,선셋 레드,5,5,3854
2025-08,southeast,VST,2026,VST-CO,2.5 가솔린,FWD,포레스트 그린,3,3,2409
2025-08,southeast,VST,2026,VST-CO,2.5 가솔린,FWD,샌드 베이지,3,3,2409
2025-08,southeast,VST,2026,VST-CO,1.6T 하이브리드,AWD,스노우 화이트,7,8,5908
2025-08,southeast,VST,2026,VST-CO,1.6T 하이브리드,AWD,미드나잇 블랙,6,6,4677
2025-08,southeast,VST,2026,VST-CO,1.6T 하이브리드,AWD,스틸 그레이,5,5,3938
2025-08,southeast,VST,2026,VST-CO,1.6T 하이브리드,AWD,실버,4,4,3200
2025-08,southeast,VST,2026,VST-CO,1.6T 하이브리드,AWD,오션 블루,3,3,2461
2025-08,southeast,VST,2026,VST-CO,1.6T 하이브리드,AWD,선셋 레드,2,3,1969
2025-08,southeast,VST,2026,VST-CO,1.6T 하이브리드,AWD,포레스트 그린,2,2,1231
2025-08,southeast,VST,2026,VST-CO,1.6T 하이브리드,AWD,샌드 베이지,2,2,1231
2025-08,southeast,VST,2026,VST-CO,1.6T 하이브리드,FWD,스노우 화이트,12,12,9537
2025-08,southeast,VST,2026,VST-CO,1.6T 하이브리드,FWD,미드나잇 블랙,10,10,7550
2025-08,southeast,VST,2026,VST-CO,1.6T 하이브리드,FWD,스틸 그레이,8,8,6358
2025-08,southeast,VST,2026,VST-CO,1.6T 하이브리드,FWD,실버,7,7,5166
2025-08,southeast,VST,2026,VST-CO,1.6T 하이브리드,FWD,오션 블루,5,5,3974
2025-08,southeast,VST,2026,VST-CO,1.6T 하이브리드,FWD,선셋 레드,4,4,3179
2025-08,southeast,VST,2026,VST-CO,1.6T 하이브리드,FWD,포레스트 그린,3,3,1987
2025-08,southeast,VST,2026,VST-CO,1.6T 하이브리드,FWD,샌드 베이지,3,3,1987
2025-08,southeast,VST,2026,VST-PR,2.5 가솔린,AWD,스노우 화이트,10,11,11217
2025-08,southeast,VST,2026,VST-PR,2.5 가솔린,AWD,미드나잇 블랙,8,8,8880
2025-08,southeast,VST,2026,VST-PR,2.5 가솔린,AWD,스틸 그레이,7,7,7478
2025-08,southeast,VST,2026,VST-PR,2.5 가솔린,AWD,실버,6,6,6076
2025-08,southeast,VST,2026,VST-PR,2.5 가솔린,AWD,오션 블루,4,4,4674
2025-08,southeast,VST,2026,VST-PR,2.5 가솔린,AWD,선셋 레드,3,4,3739
2025-08,southeast,VST,2026,VST-PR,2.5 가솔린,AWD,포레스트 그린,2,2,2337
2025-08,southeast,VST,2026,VST-PR,2.5 가솔린,AWD,샌드 베이지,2,2,2337
2025-08,southeast,VST,2026,VST-PR,2.5 가솔린,FWD,스노우 화이트,17,17,18109
2025-08,southeast,VST,2026,VST-PR,2.5 가솔린,FWD,미드나잇 블랙,13,14,14336
2025-08,southeast,VST,2026,VST-PR,2.5 가솔린,FWD,스틸 그레이,11,12,12072
2025-08,southeast,VST,2026,VST-PR,2.5 가솔린,FWD,실버,9,9,9809
2025-08,southeast,VST,2026,VST-PR,2.5 가솔린,FWD,오션 블루,7,7,7545
2025-08,southeast,VST,2026,VST-PR,2.5 가솔린,FWD,선셋 레드,6,6,6036
2025-08,southeast,VST,2026,VST-PR,2.5 가솔린,FWD,포레스트 그린,4,4,3773
2025-08,southeast,VST,2026,VST-PR,2.5 가솔린,FWD,샌드 베이지,4,4,3773
2025-08,southeast,VST,2026,VST-PR,1.6T 하이브리드,AWD,스노우 화이트,9,9,9252
2025-08,southeast,VST,2026,VST-PR,1.6T 하이브리드,AWD,미드나잇 블랙,7,7,7324
2025-08,southeast,VST,2026,VST-PR,1.6T 하이브리드,AWD,스틸 그레이,6,6,6168
2025-08,southeast,VST,2026,VST-PR,1.6T 하이브리드,AWD,실버,5,5,5011
2025-08,southeast,VST,2026,VST-PR,1.6T 하이브리드,AWD,오션 블루,4,4,3855
2025-08,southeast,VST,2026,VST-PR,1.6T 하이브리드,AWD,선셋 레드,3,3,3084
2025-08,southeast,VST,2026,VST-PR,1.6T 하이브리드,AWD,포레스트 그린,2,2,1927
2025-08,southeast,VST,2026,VST-PR,1.6T 하이브리드,AWD,샌드 베이지,2,2,1927
2025-08,southeast,VST,2026,VST-PR,1.6T 하이브리드,FWD,스노우 화이트,14,14,14936
2025-08,southeast,VST,2026,VST-PR,1.6T 하이브리드,FWD,미드나잇 블랙,11,11,11825
2025-08,southeast,VST,2026,VST-PR,1.6T 하이브리드,FWD,스틸 그레이,9,9,9957
2025-08,southeast,VST,2026,VST-PR,1.6T 하이브리드,FWD,실버,8,8,8090
2025-08,southeast,VST,2026,VST-PR,1.6T 하이브리드,FWD,오션 블루,6,6,6223
2025-08,southeast,VST,2026,VST-PR,1.6T 하이브리드,FWD,선셋 레드,5,5,4979
2025-08,southeast,VST,2026,VST-PR,1.6T 하이브리드,FWD,포레스트 그린,3,3,3112
2025-08,southeast,VST,2026,VST-PR,1.6T 하이브리드,FWD,샌드 베이지,3,3,3112
2025-08,southeast,VST,2026,VST-TR,2.5 가솔린,AWD,스노우 화이트,4,4,6682
2025-08,southeast,VST,2026,VST-TR,2.5 가솔린,AWD,미드나잇 블랙,3,3,5290
2025-08,southeast,VST,2026,VST-TR,2.5 가솔린,AWD,스틸 그레이,3,3,4455
2025-08,southeast,VST,2026,VST-TR,2.5 가솔린,AWD,실버,2,2,3619
2025-08,southeast,VST,2026,VST-TR,2.5 가솔린,AWD,오션 블루,2,2,2784
2025-08,southeast,VST,2026,VST-TR,2.5 가솔린,AWD,선셋 레드,1,1,2227
2025-08,southeast,VST,2026,VST-TR,2.5 가솔린,AWD,포레스트 그린,1,1,1392
2025-08,southeast,VST,2026,VST-TR,2.5 가솔린,AWD,샌드 베이지,1,1,1392
2025-08,southeast,VST,2026,VST-TR,2.5 가솔린,FWD,스노우 화이트,7,7,10787
2025-08,southeast,VST,2026,VST-TR,2.5 가솔린,FWD,미드나잇 블랙,5,6,8540
2025-08,southeast,VST,2026,VST-TR,2.5 가솔린,FWD,스틸 그레이,5,5,7192
2025-08,southeast,VST,2026,VST-TR,2.5 가솔린,FWD,실버,4,4,5843
2025-08,southeast,VST,2026,VST-TR,2.5 가솔린,FWD,오션 블루,3,3,4495
2025-08,southeast,VST,2026,VST-TR,2.5 가솔린,FWD,선셋 레드,2,2,3596
2025-08,southeast,VST,2026,VST-TR,2.5 가솔린,FWD,포레스트 그린,1,1,2247
2025-08,southeast,VST,2026,VST-TR,2.5 가솔린,FWD,샌드 베이지,1,1,2247
2025-08,southeast,VST,2026,VST-TR,1.6T 하이브리드,AWD,스노우 화이트,4,4,5511
2025-08,southeast,VST,2026,VST-TR,1.6T 하이브리드,AWD,미드나잇 블랙,3,3,4363
2025-08,southeast,VST,2026,VST-TR,1.6T 하이브리드,AWD,스틸 그레이,2,2,3674
2025-08,southeast,VST,2026,VST-TR,1.6T 하이브리드,AWD,실버,2,2,2985
2025-08,southeast,VST,2026,VST-TR,1.6T 하이브리드,AWD,오션 블루,1,2,2296
2025-08,southeast,VST,2026,VST-TR,1.6T 하이브리드,AWD,선셋 레드,1,1,1837
2025-08,southeast,VST,2026,VST-TR,1.6T 하이브리드,AWD,포레스트 그린,1,1,1148
2025-08,southeast,VST,2026,VST-TR,1.6T 하이브리드,AWD,샌드 베이지,1,1,1148
2025-08,southeast,VST,2026,VST-TR,1.6T 하이브리드,FWD,스노우 화이트,6,6,8898
2025-08,southeast,VST,2026,VST-TR,1.6T 하이브리드,FWD,미드나잇 블랙,5,5,7044
2025-08,southeast,VST,2026,VST-TR,1.6T 하이브리드,FWD,스틸 그레이,4,4,5932
2025-08,southeast,VST,2026,VST-TR,1.6T 하이브리드,FWD,실버,3,3,4820
2025-08,southeast,VST,2026,VST-TR,1.6T 하이브리드,FWD,오션 블루,2,2,3707
2025-08,southeast,VST,2026,VST-TR,1.6T 하이브리드,FWD,선셋 레드,2,2,2966
2025-08,southeast,VST,2026,VST-TR,1.6T 하이브리드,FWD,포레스트 그린,1,1,1854
2025-08,southeast,VST,2026,VST-TR,1.6T 하이브리드,FWD,샌드 베이지,1,1,1854
2025-08,west,AUR,2025,AUR-AI,스탠다드 레인지,AWD,스노우 화이트,28,29,15794
2025-08,west,AUR,2025,AUR-AI,스탠다드 레인지,AWD,미드나잇 블랙,22,23,12503
2025-08,west,AUR,2025,AUR-AI,스탠다드 레인지,AWD,스틸 그레이,19,19,10529
2025-08,west,AUR,2025,AUR-AI,스탠다드 레인지,AWD,실버,15,16,8555
2025-08,west,AUR,2025,AUR-AI,스탠다드 레인지,AWD,오션 블루,12,12,6581
2025-08,west,AUR,2025,AUR-AI,스탠다드 레인지,AWD,선셋 레드,9,10,5265
2025-08,west,AUR,2025,AUR-AI,스탠다드 레인지,AWD,포레스트 그린,6,6,3290
2025-08,west,AUR,2025,AUR-AI,스탠다드 레인지,AWD,샌드 베이지,6,6,3290
2025-08,west,AUR,2025,AUR-AI,스탠다드 레인지,FWD,스노우 화이트,23,24,12922
2025-08,west,AUR,2025,AUR-AI,스탠다드 레인지,FWD,미드나잇 블랙,18,19,10230
2025-08,west,AUR,2025,AUR-AI,스탠다드 레인지,FWD,스틸 그레이,15,16,8615
2025-08,west,AUR,2025,AUR-AI,스탠다드 레인지,FWD,실버,13,13,7000
2025-08,west,AUR,2025,AUR-AI,스탠다드 레인지,FWD,오션 블루,10,10,5384
2025-08,west,AUR,2025,AUR-AI,스탠다드 레인지,FWD,선셋 레드,8,8,4307
2025-08,west,AUR,2025,AUR-AI,스탠다드 레인지,FWD,포레스트 그린,5,5,2692
2025-08,west,AUR,2025,AUR-AI,스탠다드 레인지,FWD,샌드 베이지,5,5,2692
2025-08,west,AUR,2025,AUR-AI,롱레인지,AWD,스노우 화이트,54,55,30119
2025-08,west,AUR,2025,AUR-AI,롱레인지,AWD,미드나잇 블랙,43,44,23844
2025-08,west,AUR,2025,AUR-AI,롱레인지,AWD,스틸 그레이,36,37,20079
2025-08,west,AUR,2025,AUR-AI,롱레인지,AWD,실버,29,30,16314
2025-08,west,AUR,2025,AUR-AI,롱레인지,AWD,오션 블루,22,23,12549
2025-08,west,AUR,2025,AUR-AI,롱레인지,AWD,선셋 레드,18,18,10040
2025-08,west,AUR,2025,AUR-AI,롱레인지,AWD,포레스트 그린,11,11,6275
2025-08,west,AUR,2025,AUR-AI,롱레인지,AWD,샌드 베이지,11,11,6275
2025-08,west,AUR,2025,AUR-AI,롱레인지,FWD,스노우 화이트,44,45,24642
2025-08,west,AUR,2025,AUR-AI,롱레인지,FWD,미드나잇 블랙,35,36,19509
2025-08,west,AUR,2025,AUR-AI,롱레인지,FWD,스틸 그레이,29,30,16428
2025-08,west,AUR,2025,AUR-AI,롱레인지,FWD,실버,24,24,13348
2025-08,west,AUR,2025,AUR-AI,롱레인지,FWD,오션 블루,18,19,10268
2025-08,west,AUR,2025,AUR-AI,롱레인지,FWD,선셋 레드,15,15,8214
2025-08,west,AUR,2025,AUR-AI,롱레인지,FWD,포레스트 그린,9,9,5134
2025-08,west,AUR,2025,AUR-AI,롱레인지,FWD,샌드 베이지,9,9,5134
2025-08,west,AUR,2025,AUR-RA,스탠다드 레인지,AWD,스노우 화이트,33,33,26624
2025-08,west,AUR,2025,AUR-RA,스탠다드 레인지,AWD,미드나잇 블랙,26,26,21077
2025-08,west,AUR,2025,AUR-RA,스탠다드 레인지,AWD,스틸 그레이,22,22,17749
2025-08,west,AUR,2025,AUR-RA,스탠다드 레인지,AWD,실버,18,18,14421
2025-08,west,AUR,2025,AUR-RA,스탠다드 레인지,AWD,오션 블루,14,14,11093
2025-08,west,AUR,2025,AUR-RA,스탠다드 레인지,AWD,선셋 레드,11,11,8875
2025-08,west,AUR,2025,AUR-RA,스탠다드 레인지,AWD,포레스트 그린,7,7,5547
2025-08,west,AUR,2025,AUR-RA,스탠다드 레인지,AWD,샌드 베이지,7,7,5547
2025-08,west,AUR,2025,AUR-RA,스탠다드 레인지,FWD,스노우 화이트,27,27,21783
2025-08,west,AUR,2025,AUR-RA,스탠다드 레인지,FWD,미드나잇 블랙,21,22,17245
2025-08,west,AUR,2025,AUR-RA,스탠다드 레인지,FWD,스틸 그레이,18,18,14522
2025-08,west,AUR,2025,AUR-RA,스탠다드 레인지,FWD,실버,15,15,11799
2025-08,west,AUR,2025,AUR-RA,스탠다드 레인지,FWD,오션 블루,11,11,9076
2025-08,west,AUR,2025,AUR-RA,스탠다드 레인지,FWD,선셋 레드,9,9,7261
2025-08,west,AUR,2025,AUR-RA,스탠다드 레인지,FWD,포레스트 그린,6,6,4538
2025-08,west,AUR,2025,AUR-RA,스탠다드 레인지,FWD,샌드 베이지,6,6,4538
2025-08,west,AUR,2025,AUR-RA,롱레인지,AWD,스노우 화이트,63,64,50771
2025-08,west,AUR,2025,AUR-RA,롱레인지,AWD,미드나잇 블랙,49,50,40194
2025-08,west,AUR,2025,AUR-RA,롱레인지,AWD,스틸 그레이,42,43,33847
2025-08,west,AUR,2025,AUR-RA,롱레인지,AWD,실버,34,35,27501
2025-08,west,AUR,2025,AUR-RA,롱레인지,AWD,오션 블루,26,27,21155
2025-08,west,AUR,2025,AUR-RA,롱레인지,AWD,선셋 레드,21,21,16924
2025-08,west,AUR,2025,AUR-RA,롱레인지,AWD,포레스트 그린,13,13,10577
2025-08,west,AUR,2025,AUR-RA,롱레인지,AWD,샌드 베이지,13,13,10577
2025-08,west,AUR,2025,AUR-RA,롱레인지,FWD,스노우 화이트,51,52,41540
2025-08,west,AUR,2025,AUR-RA,롱레인지,FWD,미드나잇 블랙,40,41,32886
2025-08,west,AUR,2025,AUR-RA,롱레인지,FWD,스틸 그레이,34,35,27693
2025-08,west,AUR,2025,AUR-RA,롱레인지,FWD,실버,28,28,22501
2025-08,west,AUR,2025,AUR-RA,롱레인지,FWD,오션 블루,21,22,17308
2025-08,west,AUR,2025,AUR-RA,롱레인지,FWD,선셋 레드,17,17,13847
2025-08,west,AUR,2025,AUR-RA,롱레인지,FWD,포레스트 그린,11,11,8654
2025-08,west,AUR,2025,AUR-RA,롱레인지,FWD,샌드 베이지,11,11,8654
2025-08,west,AUR,2025,AUR-MA,스탠다드 레인지,AWD,스노우 화이트,13,14,16859
2025-08,west,AUR,2025,AUR-MA,스탠다드 레인지,AWD,미드나잇 블랙,11,11,13347
2025-08,west,AUR,2025,AUR-MA,스탠다드 레인지,AWD,스틸 그레이,9,9,11240
2025-08,west,AUR,2025,AUR-MA,스탠다드 레인지,AWD,실버,7,7,9132
2025-08,west,AUR,2025,AUR-MA,스탠다드 레인지,AWD,오션 블루,6,6,7025
2025-08,west,AUR,2025,AUR-MA,스탠다드 레인지,AWD,선셋 레드,4,5,5620
2025-08,west,AUR,2025,AUR-MA,스탠다드 레인지,AWD,포레스트 그린,3,3,3512
2025-08,west,AUR,2025,AUR-MA,스탠다드 레인지,AWD,샌드 베이지,3,3,3512
2025-08,west,AUR,2025,AUR-MA,스탠다드 레인지,FWD,스노우 화이트,11,11,13794
2025-08,west,AUR,2025,AUR-MA,스탠다드 레인지,FWD,미드나잇 블랙,9,9,10920
2025-08,west,AUR,2025,AUR-MA,스탠다드 레인지,FWD,스틸 그레이,7,7,9196
2025-08,west,AUR,2025,AUR-MA,스탠다드 레인지,FWD,실버,6,6,7472
2025-08,west,AUR,2025,AUR-MA,스탠다드 레인지,FWD,오션 블루,5,5,5748
2025-08,west,AUR,2025,AUR-MA,스탠다드 레인지,FWD,선셋 레드,4,4,4598
2025-08,west,AUR,2025,AUR-MA,스탠다드 레인지,FWD,포레스트 그린,2,2,2874
2025-08,west,AUR,2025,AUR-MA,스탠다드 레인지,FWD,샌드 베이지,2,2,2874
2025-08,west,AUR,2025,AUR-MA,롱레인지,AWD,스노우 화이트,26,26,32150
2025-08,west,AUR,2025,AUR-MA,롱레인지,AWD,미드나잇 블랙,20,21,25452
2025-08,west,AUR,2025,AUR-MA,롱레인지,AWD,스틸 그레이,17,17,21434
2025-08,west,AUR,2025,AUR-MA,롱레인지,AWD,실버,14,14,17415
2025-08,west,AUR,2025,AUR-MA,롱레인지,AWD,오션 블루,11,11,13396
2025-08,west,AUR,2025,AUR-MA,롱레인지,AWD,선셋 레드,9,9,10717
2025-08,west,AUR,2025,AUR-MA,롱레인지,AWD,포레스트 그린,5,5,6698
2025-08,west,AUR,2025,AUR-MA,롱레인지,AWD,샌드 베이지,5,5,6698
2025-08,west,AUR,2025,AUR-MA,롱레인지,FWD,스노우 화이트,21,21,26305
2025-08,west,AUR,2025,AUR-MA,롱레인지,FWD,미드나잇 블랙,17,17,20825
2025-08,west,AUR,2025,AUR-MA,롱레인지,FWD,스틸 그레이,14,14,17537
2025-08,west,AUR,2025,AUR-MA,롱레인지,FWD,실버,11,12,14249
2025-08,west,AUR,2025,AUR-MA,롱레인지,FWD,오션 블루,9,9,10960
2025-08,west,AUR,2025,AUR-MA,롱레인지,FWD,선셋 레드,7,7,8768
2025-08,west,AUR,2025,AUR-MA,롱레인지,FWD,포레스트 그린,4,4,5480
2025-08,west,AUR,2025,AUR-MA,롱레인지,FWD,샌드 베이지,4,4,5480
2025-08,west,AUR,2026,AUR-AI,스탠다드 레인지,AWD,스노우 화이트,5,5,2787
2025-08,west,AUR,2026,AUR-AI,스탠다드 레인지,AWD,미드나잇 블랙,4,4,2206
2025-08,west,AUR,2026,AUR-AI,스탠다드 레인지,AWD,스틸 그레이,3,3,1858
2025-08,west,AUR,2026,AUR-AI,스탠다드 레인지,AWD,실버,3,3,1510
2025-08,west,AUR,2026,AUR-AI,스탠다드 레인지,AWD,오션 블루,2,2,1161
2025-08,west,AUR,2026,AUR-AI,스탠다드 레인지,AWD,선셋 레드,2,2,929
2025-08,west,AUR,2026,AUR-AI,스탠다드 레인지,AWD,포레스트 그린,1,1,581
2025-08,west,AUR,2026,AUR-AI,스탠다드 레인지,AWD,샌드 베이지,1,1,581
2025-08,west,AUR,2026,AUR-AI,스탠다드 레인지,FWD,스노우 화이트,4,4,2280
2025-08,west,AUR,2026,AUR-AI,스탠다드 레인지,FWD,미드나잇 블랙,3,3,1805
2025-08,west,AUR,2026,AUR-AI,스탠다드 레인지,FWD,스틸 그레이,3,3,1520
2025-08,west,AUR,2026,AUR-AI,스탠다드 레인지,FWD,실버,2,2,1235
2025-08,west,AUR,2026,AUR-AI,스탠다드 레인지,FWD,오션 블루,2,2,950
2025-08,west,AUR,2026,AUR-AI,스탠다드 레인지,FWD,선셋 레드,1,1,760
2025-08,west,AUR,2026,AUR-AI,스탠다드 레인지,FWD,포레스트 그린,1,1,475
2025-08,west,AUR,2026,AUR-AI,스탠다드 레인지,FWD,샌드 베이지,1,1,475
2025-08,west,AUR,2026,AUR-AI,롱레인지,AWD,스노우 화이트,10,10,5315
2025-08,west,AUR,2026,AUR-AI,롱레인지,AWD,미드나잇 블랙,8,8,4208
2025-08,west,AUR,2026,AUR-AI,롱레인지,AWD,스틸 그레이,6,6,3543
2025-08,west,AUR,2026,AUR-AI,롱레인지,AWD,실버,5,5,2879
2025-08,west,AUR,2026,AUR-AI,롱레인지,AWD,오션 블루,4,4,2215
2025-08,west,AUR,2026,AUR-AI,롱레인지,AWD,선셋 레드,3,3,1772
2025-08,west,AUR,2026,AUR-AI,롱레인지,AWD,포레스트 그린,2,2,1107
2025-08,west,AUR,2026,AUR-AI,롱레인지,AWD,샌드 베이지,2,2,1107
2025-08,west,AUR,2026,AUR-AI,롱레인지,FWD,스노우 화이트,8,8,4349
2025-08,west,AUR,2026,AUR-AI,롱레인지,FWD,미드나잇 블랙,6,6,3443
2025-08,west,AUR,2026,AUR-AI,롱레인지,FWD,스틸 그레이,5,5,2899
2025-08,west,AUR,2026,AUR-AI,롱레인지,FWD,실버,4,4,2356
2025-08,west,AUR,2026,AUR-AI,롱레인지,FWD,오션 블루,3,3,1812
2025-08,west,AUR,2026,AUR-AI,롱레인지,FWD,선셋 레드,3,3,1450
2025-08,west,AUR,2026,AUR-AI,롱레인지,FWD,포레스트 그린,2,2,906
2025-08,west,AUR,2026,AUR-AI,롱레인지,FWD,샌드 베이지,2,2,906
2025-08,west,AUR,2026,AUR-RA,스탠다드 레인지,AWD,스노우 화이트,6,6,4698
2025-08,west,AUR,2026,AUR-RA,스탠다드 레인지,AWD,미드나잇 블랙,5,5,3719
2025-08,west,AUR,2026,AUR-RA,스탠다드 레인지,AWD,스틸 그레이,4,4,3132
2025-08,west,AUR,2026,AUR-RA,스탠다드 레인지,AWD,실버,3,3,2545
2025-08,west,AUR,2026,AUR-RA,스탠다드 레인지,AWD,오션 블루,2,2,1958
2025-08,west,AUR,2026,AUR-RA,스탠다드 레인지,AWD,선셋 레드,2,2,1566
2025-08,west,AUR,2026,AUR-RA,스탠다드 레인지,AWD,포레스트 그린,1,1,979
2025-08,west,AUR,2026,AUR-RA,스탠다드 레인지,AWD,샌드 베이지,1,1,979
2025-08,west,AUR,2026,AUR-RA,스탠다드 레인지,FWD,스노우 화이트,5,5,3844
2025-08,west,AUR,2026,AUR-RA,스탠다드 레인지,FWD,미드나잇 블랙,4,4,3043
2025-08,west,AUR,2026,AUR-RA,스탠다드 레인지,FWD,스틸 그레이,3,3,2563
2025-08,west,AUR,2026,AUR-RA,스탠다드 레인지,FWD,실버,3,3,2082
2025-08,west,AUR,2026,AUR-RA,스탠다드 레인지,FWD,오션 블루,2,2,1602
2025-08,west,AUR,2026,AUR-RA,스탠다드 레인지,FWD,선셋 레드,2,2,1281
2025-08,west,AUR,2026,AUR-RA,스탠다드 레인지,FWD,포레스트 그린,1,1,801
2025-08,west,AUR,2026,AUR-RA,스탠다드 레인지,FWD,샌드 베이지,1,1,801
2025-08,west,AUR,2026,AUR-RA,롱레인지,AWD,스노우 화이트,11,11,8960
2025-08,west,AUR,2026,AUR-RA,롱레인지,AWD,미드나잇 블랙,9,9,7093
2025-08,west,AUR,2026,AUR-RA,롱레인지,AWD,스틸 그레이,7,8,5973
2025-08,west,AUR,2026,AUR-RA,롱레인지,AWD,실버,6,6,4853
2025-08,west,AUR,2026,AUR-RA,롱레인지,AWD,오션 블루,5,5,3733
2025-08,west,AUR,2026,AUR-RA,롱레인지,AWD,선셋 레드,4,4,2987
2025-08,west,AUR,2026,AUR-RA,롱레인지,AWD,포레스트 그린,2,2,1867
2025-08,west,AUR,2026,AUR-RA,롱레인지,AWD,샌드 베이지,2,2,1867
2025-08,west,AUR,2026,AUR-RA,롱레인지,FWD,스노우 화이트,9,9,7331
2025-08,west,AUR,2026,AUR-RA,롱레인지,FWD,미드나잇 블랙,7,7,5803
2025-08,west,AUR,2026,AUR-RA,롱레인지,FWD,스틸 그레이,6,6,4887
2025-08,west,AUR,2026,AUR-RA,롱레인지,FWD,실버,5,5,3971
2025-08,west,AUR,2026,AUR-RA,롱레인지,FWD,오션 블루,4,4,3054
2025-08,west,AUR,2026,AUR-RA,롱레인지,FWD,선셋 레드,3,3,2444
2025-08,west,AUR,2026,AUR-RA,롱레인지,FWD,포레스트 그린,2,2,1527
2025-08,west,AUR,2026,AUR-RA,롱레인지,FWD,샌드 베이지,2,2,1527
2025-08,west,AUR,2026,AUR-MA,스탠다드 레인지,AWD,스노우 화이트,2,2,2975
2025-08,west,AUR,2026,AUR-MA,스탠다드 레인지,AWD,미드나잇 블랙,2,2,2355
2025-08,west,AUR,2026,AUR-MA,스탠다드 레인지,AWD,스틸 그레이,2,2,1983
2025-08,west,AUR,2026,AUR-MA,스탠다드 레인지,AWD,실버,1,1,1612
2025-08,west,AUR,2026,AUR-MA,스탠다드 레인지,AWD,오션 블루,1,1,1240
2025-08,west,AUR,2026,AUR-MA,스탠다드 레인지,AWD,선셋 레드,1,1,992
2025-08,west,AUR,2026,AUR-MA,스탠다드 레인지,FWD,스노우 화이트,2,2,2434
2025-08,west,AUR,2026,AUR-MA,스탠다드 레인지,FWD,미드나잇 블랙,2,2,1927
2025-08,west,AUR,2026,AUR-MA,스탠다드 레인지,FWD,스틸 그레이,1,1,1623
2025-08,west,AUR,2026,AUR-MA,스탠다드 레인지,FWD,실버,1,1,1319
2025-08,west,AUR,2026,AUR-MA,스탠다드 레인지,FWD,오션 블루,1,1,1014
2025-08,west,AUR,2026,AUR-MA,스탠다드 레인지,FWD,선셋 레드,1,1,811
2025-08,west,AUR,2026,AUR-MA,롱레인지,AWD,스노우 화이트,5,5,5674
2025-08,west,AUR,2026,AUR-MA,롱레인지,AWD,미드나잇 블랙,4,4,4492
2025-08,west,AUR,2026,AUR-MA,롱레인지,AWD,스틸 그레이,3,3,3782
2025-08,west,AUR,2026,AUR-MA,롱레인지,AWD,실버,2,2,3073
2025-08,west,AUR,2026,AUR-MA,롱레인지,AWD,오션 블루,2,2,2364
2025-08,west,AUR,2026,AUR-MA,롱레인지,AWD,선셋 레드,2,2,1891
2025-08,west,AUR,2026,AUR-MA,롱레인지,AWD,포레스트 그린,1,1,1182
2025-08,west,AUR,2026,AUR-MA,롱레인지,AWD,샌드 베이지,1,1,1182
2025-08,west,AUR,2026,AUR-MA,롱레인지,FWD,스노우 화이트,4,4,4642
2025-08,west,AUR,2026,AUR-MA,롱레인지,FWD,미드나잇 블랙,3,3,3675
2025-08,west,AUR,2026,AUR-MA,롱레인지,FWD,스틸 그레이,2,3,3095
2025-08,west,AUR,2026,AUR-MA,롱레인지,FWD,실버,2,2,2514
2025-08,west,AUR,2026,AUR-MA,롱레인지,FWD,오션 블루,2,2,1934
2025-08,west,AUR,2026,AUR-MA,롱레인지,FWD,선셋 레드,1,1,1547
2025-08,west,AUR,2026,AUR-MA,롱레인지,FWD,포레스트 그린,1,1,967
2025-08,west,AUR,2026,AUR-MA,롱레인지,FWD,샌드 베이지,1,1,967
2025-08,central,AUR,2025,AUR-AI,스탠다드 레인지,AWD,스노우 화이트,12,12,6598
2025-08,central,AUR,2025,AUR-AI,스탠다드 레인지,AWD,미드나잇 블랙,9,10,5223
2025-08,central,AUR,2025,AUR-AI,스탠다드 레인지,AWD,스틸 그레이,8,8,4398
2025-08,central,AUR,2025,AUR-AI,스탠다드 레인지,AWD,실버,6,7,3574
2025-08,central,AUR,2025,AUR-AI,스탠다드 레인지,AWD,오션 블루,5,5,2749
2025-08,central,AUR,2025,AUR-AI,스탠다드 레인지,AWD,선셋 레드,4,4,2199
2025-08,central,AUR,2025,AUR-AI,스탠다드 레인지,AWD,포레스트 그린,2,3,1375
2025-08,central,AUR,2025,AUR-AI,스탠다드 레인지,AWD,샌드 베이지,2,3,1375
2025-08,central,AUR,2025,AUR-AI,스탠다드 레인지,FWD,스노우 화이트,7,7,3833
2025-08,central,AUR,2025,AUR-AI,스탠다드 레인지,FWD,미드나잇 블랙,5,6,3035
2025-08,central,AUR,2025,AUR-AI,스탠다드 레인지,FWD,스틸 그레이,5,5,2556
2025-08,central,AUR,2025,AUR-AI,스탠다드 레인지,FWD,실버,4,4,2076
2025-08,central,AUR,2025,AUR-AI,스탠다드 레인지,FWD,오션 블루,3,3,1597
2025-08,central,AUR,2025,AUR-AI,스탠다드 레인지,FWD,선셋 레드,2,2,1278
2025-08,central,AUR,2025,AUR-AI,스탠다드 레인지,FWD,포레스트 그린,1,1,799
2025-08,central,AUR,2025,AUR-AI,스탠다드 레인지,FWD,샌드 베이지,1,1,799
2025-08,central,AUR,2025,AUR-AI,롱레인지,AWD,스노우 화이트,23,23,12582
2025-08,central,AUR,2025,AUR-AI,롱레인지,AWD,미드나잇 블랙,18,18,9960
2025-08,central,AUR,2025,AUR-AI,롱레인지,AWD,스틸 그레이,15,15,8388
2025-08,central,AUR,2025,AUR-AI,롱레인지,AWD,실버,12,12,6815
2025-08,central,AUR,2025,AUR-AI,롱레인지,AWD,오션 블루,9,10,5242
2025-08,central,AUR,2025,AUR-AI,롱레인지,AWD,선셋 레드,8,8,4194
2025-08,central,AUR,2025,AUR-AI,롱레인지,AWD,포레스트 그린,5,5,2621
2025-08,central,AUR,2025,AUR-AI,롱레인지,AWD,샌드 베이지,5,5,2621
2025-08,central,AUR,2025,AUR-AI,롱레인지,FWD,스노우 화이트,13,13,7310
2025-08,central,AUR,2025,AUR-AI,롱레인지,FWD,미드나잇 블랙,10,11,5787
2025-08,central,AUR,2025,AUR-AI,롱레인지,FWD,스틸 그레이,9,9,4873
2025-08,central,AUR,2025,AUR-AI,롱레인지,FWD,실버,7,7,3960
2025-08,central,AUR,2025,AUR-AI,롱레인지,FWD,오션 블루,5,6,3046
2025-08,central,AUR,2025,AUR-AI,롱레인지,FWD,선셋 레드,4,4,2437
2025-08,central,AUR,2025,AUR-AI,롱레인지,FWD,포레스트 그린,3,3,1523
2025-08,central,AUR,2025,AUR-AI,롱레인지,FWD,샌드 베이지,3,3,1523
2025-08,central,AUR,2025,AUR-RA,스탠다드 레인지,AWD,스노우 화이트,14,14,11122
2025-08,central,AUR,2025,AUR-RA,스탠다드 레인지,AWD,미드나잇 블랙,11,11,8805
2025-08,central,AUR,2025,AUR-RA,스탠다드 레인지,AWD,스틸 그레이,9,9,7414
2025-08,central,AUR,2025,AUR-RA,스탠다드 레인지,AWD,실버,7,8,6024
2025-08,central,AUR,2025,AUR-RA,스탠다드 레인지,AWD,오션 블루,6,6,4634
2025-08,central,AUR,2025,AUR-RA,스탠다드 레인지,AWD,선셋 레드,5,5,3707
2025-08,central,AUR,2025,AUR-RA,스탠다드 레인지,AWD,포레스트 그린,3,3,2317
2025-08,central,AUR,2025,AUR-RA,스탠다드 레인지,AWD,샌드 베이지,3,3,2317
2025-08,central,AUR,2025,AUR-RA,스탠다드 레인지,FWD,스노우 화이트,8,8,6462
2025-08,central,AUR,2025,AUR-RA,스탠다드 레인지,FWD,미드나잇 블랙,6,6,5116
2025-08,central,AUR,2025,AUR-RA,스탠다드 레인지,FWD,스틸 그레이,5,5,4308
2025-08,central,AUR,2025,AUR-RA,스탠다드 레인지,FWD,실버,4,4,3500
2025-08,central,AUR,2025,AUR-RA,스탠다드 레인지,FWD,오션 블루,3,3,2692
2025-08,central,AUR,2025,AUR-RA,스탠다드 레인지,FWD,선셋 레드,3,3,2154
2025-08,central,AUR,2025,AUR-RA,스탠다드 레인지,FWD,포레스트 그린,2,2,1346
2025-08,central,AUR,2025,AUR-RA,스탠다드 레인지,FWD,샌드 베이지,2,2,1346
2025-08,central,AUR,2025,AUR-RA,롱레인지,AWD,스노우 화이트,26,27,21209
2025-08,central,AUR,2025,AUR-RA,롱레인지,AWD,미드나잇 블랙,21,21,16790
2025-08,central,AUR,2025,AUR-RA,롱레인지,AWD,스틸 그레이,17,18,14139
2025-08,central,AUR,2025,AUR-RA,롱레인지,AWD,실버,14,14,11488
2025-08,central,AUR,2025,AUR-RA,롱레인지,AWD,오션 블루,11,11,8837
2025-08,central,AUR,2025,AUR-RA,롱레인지,AWD,선셋 레드,9,9,7070
2025-08,central,AUR,2025,AUR-RA,롱레인지,AWD,포레스트 그린,5,6,4418
2025-08,central,AUR,2025,AUR-RA,롱레인지,AWD,샌드 베이지,5,6,4418
2025-08,central,AUR,2025,AUR-RA,롱레인지,FWD,스노우 화이트,15,15,12323
2025-08,central,AUR,2025,AUR-RA,롱레인지,FWD,미드나잇 블랙,12,12,9756
2025-08,central,AUR,2025,AUR-RA,롱레인지,FWD,스틸 그레이,10,10,8215
2025-08,central,AUR,2025,AUR-RA,롱레인지,FWD,실버,8,8,6675
2025-08,central,AUR,2025,AUR-RA,롱레인지,FWD,오션 블루,6,6,5135
2025-08,central,AUR,2025,AUR-RA,롱레인지,FWD,선셋 레드,5,5,4108
2025-08,central,AUR,2025,AUR-RA,롱레인지,FWD,포레스트 그린,3,3,2567
2025-08,central,AUR,2025,AUR-RA,롱레인지,FWD,샌드 베이지,3,3,2567
2025-08,central,AUR,2025,AUR-MA,스탠다드 레인지,AWD,스노우 화이트,6,6,7043
2025-08,central,AUR,2025,AUR-MA,스탠다드 레인지,AWD,미드나잇 블랙,4,5,5576
2025-08,central,AUR,2025,AUR-MA,스탠다드 레인지,AWD,스틸 그레이,4,4,4695
2025-08,central,AUR,2025,AUR-MA,스탠다드 레인지,AWD,실버,3,3,3815
2025-08,central,AUR,2025,AUR-MA,스탠다드 레인지,AWD,오션 블루,2,2,2934
2025-08,central,AUR,2025,AUR-MA,스탠다드 레인지,AWD,선셋 레드,2,2,2348
2025-08,central,AUR,2025,AUR-MA,스탠다드 레인지,AWD,포레스트 그린,1,1,1467
2025-08,central,AUR,2025,AUR-MA,스탠다드 레인지,AWD,샌드 베이지,1,1,1467
2025-08,central,AUR,2025,AUR-MA,스탠다드 레인지,FWD,스노우 화이트,3,3,4092
2025-08,central,AUR,2025,AUR-MA,스탠다드 레인지,FWD,미드나잇 블랙,3,3,3240
2025-08,central,AUR,2025,AUR-MA,스탠다드 레인지,FWD,스틸 그레이,2,2,2728
2025-08,central,AUR,2025,AUR-MA,스탠다드 레인지,FWD,실버,2,2,2217
2025-08,central,AUR,2025,AUR-MA,스탠다드 레인지,FWD,오션 블루,1,1,1705
2025-08,central,AUR,2025,AUR-MA,스탠다드 레인지,FWD,선셋 레드,1,1,1364
2025-08,central,AUR,2025,AUR-MA,스탠다드 레인지,FWD,포레스트 그린,1,1,853
2025-08,central,AUR,2025,AUR-MA,스탠다드 레인지,FWD,샌드 베이지,1,1,853
2025-08,central,AUR,2025,AUR-MA,롱레인지,AWD,스노우 화이트,11,11,13430
2025-08,central,AUR,2025,AUR-MA,롱레인지,AWD,미드나잇 블랙,8,9,10632
2025-08,central,AUR,2025,AUR-MA,롱레인지,AWD,스틸 그레이,7,7,8954
2025-08,central,AUR,2025,AUR-MA,롱레인지,AWD,실버,6,6,7275
2025-08,central,AUR,2025,AUR-MA,롱레인지,AWD,오션 블루,4,5,5596
2025-08,central,AUR,2025,AUR-MA,롱레인지,AWD,선셋 레드,4,4,4477
2025-08,central,AUR,2025,AUR-MA,롱레인지,AWD,포레스트 그린,2,2,2798
2025-08,central,AUR,2025,AUR-MA,롱레인지,AWD,샌드 베이지,2,2,2798
2025-08,central,AUR,2025,AUR-MA,롱레인지,FWD,스노우 화이트,6,6,7803
2025-08,central,AUR,2025,AUR-MA,롱레인지,FWD,미드나잇 블랙,5,5,6178
2025-08,central,AUR,2025,AUR-MA,롱레인지,FWD,스틸 그레이,4,4,5202
2025-08,central,AUR,2025,AUR-MA,롱레인지,FWD,실버,3,3,4227
2025-08,central,AUR,2025,AUR-MA,롱레인지,FWD,오션 블루,3,3,3251
2025-08,central,AUR,2025,AUR-MA,롱레인지,FWD,선셋 레드,2,2,2601
2025-08,central,AUR,2025,AUR-MA,롱레인지,FWD,포레스트 그린,1,1,1626
2025-08,central,AUR,2025,AUR-MA,롱레인지,FWD,샌드 베이지,1,1,1626
2025-08,central,AUR,2026,AUR-AI,스탠다드 레인지,AWD,스노우 화이트,2,2,1164
2025-08,central,AUR,2026,AUR-AI,스탠다드 레인지,AWD,미드나잇 블랙,2,2,922
2025-08,central,AUR,2026,AUR-AI,스탠다드 레인지,AWD,스틸 그레이,1,1,776
2025-08,central,AUR,2026,AUR-AI,스탠다드 레인지,AWD,실버,1,1,631
2025-08,central,AUR,2026,AUR-AI,스탠다드 레인지,AWD,오션 블루,1,1,485
2025-08,central,AUR,2026,AUR-AI,스탠다드 레인지,AWD,선셋 레드,1,1,388
2025-08,central,AUR,2026,AUR-AI,스탠다드 레인지,FWD,스노우 화이트,1,1,676
2025-08,central,AUR,2026,AUR-AI,스탠다드 레인지,FWD,미드나잇 블랙,1,1,536
2025-08,central,AUR,2026,AUR-AI,스탠다드 레인지,FWD,스틸 그레이,1,1,451
2025-08,central,AUR,2026,AUR-AI,스탠다드 레인지,FWD,실버,1,1,366
2025-08,central,AUR,2026,AUR-AI,스탠다드 레인지,FWD,오션 블루,1,1,282
2025-08,central,AUR,2026,AUR-AI,롱레인지,AWD,스노우 화이트,4,4,2220
2025-08,central,AUR,2026,AUR-AI,롱레인지,AWD,미드나잇 블랙,3,3,1758
2025-08,central,AUR,2026,AUR-AI,롱레인지,AWD,스틸 그레이,3,3,1480
2025-08,central,AUR,2026,AUR-AI,롱레인지,AWD,실버,2,2,1203
2025-08,central,AUR,2026,AUR-AI,롱레인지,AWD,오션 블루,2,2,925
2025-08,central,AUR,2026,AUR-AI,롱레인지,AWD,선셋 레드,1,1,740
2025-08,central,AUR,2026,AUR-AI,롱레인지,AWD,포레스트 그린,1,1,463
2025-08,central,AUR,2026,AUR-AI,롱레인지,AWD,샌드 베이지,1,1,463
2025-08,central,AUR,2026,AUR-AI,롱레인지,FWD,스노우 화이트,2,2,1290
2025-08,central,AUR,2026,AUR-AI,롱레인지,FWD,미드나잇 블랙,2,2,1021
2025-08,central,AUR,2026,AUR-AI,롱레인지,FWD,스틸 그레이,2,2,860
2025-08,central,AUR,2026,AUR-AI,롱레인지,FWD,실버,1,1,699
2025-08,central,AUR,2026,AUR-AI,롱레인지,FWD,오션 블루,1,1,538
2025-08,central,AUR,2026,AUR-AI,롱레인지,FWD,선셋 레드,1,1,430
2025-08,central,AUR,2026,AUR-RA,스탠다드 레인지,AWD,스노우 화이트,2,2,1963
2025-08,central,AUR,2026,AUR-RA,스탠다드 레인지,AWD,미드나잇 블랙,2,2,1554
2025-08,central,AUR,2026,AUR-RA,스탠다드 레인지,AWD,스틸 그레이,2,2,1308
2025-08,central,AUR,2026,AUR-RA,스탠다드 레인지,AWD,실버,1,1,1063
2025-08,central,AUR,2026,AUR-RA,스탠다드 레인지,AWD,오션 블루,1,1,818
2025-08,central,AUR,2026,AUR-RA,스탠다드 레인지,AWD,선셋 레드,1,1,654
2025-08,central,AUR,2026,AUR-RA,스탠다드 레인지,AWD,포레스트 그린,1,1,409
2025-08,central,AUR,2026,AUR-RA,스탠다드 레인지,AWD,샌드 베이지,1,1,409
2025-08,central,AUR,2026,AUR-RA,스탠다드 레인지,FWD,스노우 화이트,1,1,1140
2025-08,central,AUR,2026,AUR-RA,스탠다드 레인지,FWD,미드나잇 블랙,1,1,903
2025-08,central,AUR,2026,AUR-RA,스탠다드 레인지,FWD,스틸 그레이,1,1,760
2025-08,central,AUR,2026,AUR-RA,스탠다드 레인지,FWD,실버,1,1,618
2025-08,central,AUR,2026,AUR-RA,스탠다드 레인지,FWD,오션 블루,1,1,475
2025-08,central,AUR,2026,AUR-RA,롱레인지,AWD,스노우 화이트,5,5,3743
2025-08,central,AUR,2026,AUR-RA,롱레인지,AWD,미드나잇 블랙,4,4,2963
2025-08,central,AUR,2026,AUR-RA,롱레인지,AWD,스틸 그레이,3,3,2495
2025-08,central,AUR,2026,AUR-RA,롱레인지,AWD,실버,2,3,2027
2025-08,central,AUR,2026,AUR-RA,롱레인지,AWD,오션 블루,2,2,1559
2025-08,central,AUR,2026,AUR-RA,롱레인지,AWD,선셋 레드,2,2,1248
2025-08,central,AUR,2026,AUR-RA,롱레인지,AWD,포레스트 그린,1,1,780
2025-08,central,AUR,2026,AUR-RA,롱레인지,AWD,샌드 베이지,1,1,780
2025-08,central,AUR,2026,AUR-RA,롱레인지,FWD,스노우 화이트,3,3,2175
2025-08,central,AUR,2026,AUR-RA,롱레인지,FWD,미드나잇 블랙,2,2,1722
2025-08,central,AUR,2026,AUR-RA,롱레인지,FWD,스틸 그레이,2,2,1450
2025-08,central,AUR,2026,AUR-RA,롱레인지,FWD,실버,1,1,1178
2025-08,central,AUR,2026,AUR-RA,롱레인지,FWD,오션 블루,1,1,906
2025-08,central,AUR,2026,AUR-RA,롱레인지,FWD,선셋 레드,1,1,725
2025-08,central,AUR,2026,AUR-RA,롱레인지,FWD,포레스트 그린,1,1,453
2025-08,central,AUR,2026,AUR-RA,롱레인지,FWD,샌드 베이지,1,1,453
2025-08,central,AUR,2026,AUR-MA,스탠다드 레인지,AWD,스노우 화이트,1,1,1243
2025-08,central,AUR,2026,AUR-MA,스탠다드 레인지,AWD,미드나잇 블랙,1,1,984
2025-08,central,AUR,2026,AUR-MA,스탠다드 레인지,AWD,스틸 그레이,1,1,829
2025-08,central,AUR,2026,AUR-MA,스탠다드 레인지,AWD,실버,1,1,673
2025-08,central,AUR,2026,AUR-MA,스탠다드 레인지,FWD,스노우 화이트,1,1,722
2025-08,central,AUR,2026,AUR-MA,롱레인지,AWD,스노우 화이트,2,2,2370
2025-08,central,AUR,2026,AUR-MA,롱레인지,AWD,미드나잇 블랙,1,2,1876
2025-08,central,AUR,2026,AUR-MA,롱레인지,AWD,스틸 그레이,1,1,1580
2025-08,central,AUR,2026,AUR-MA,롱레인지,AWD,실버,1,1,1284
2025-08,central,AUR,2026,AUR-MA,롱레인지,AWD,오션 블루,1,1,988
2025-08,central,AUR,2026,AUR-MA,롱레인지,AWD,선셋 레드,1,1,790
2025-08,central,AUR,2026,AUR-MA,롱레인지,FWD,스노우 화이트,1,1,1377
2025-08,central,AUR,2026,AUR-MA,롱레인지,FWD,미드나잇 블랙,1,1,1090
2025-08,central,AUR,2026,AUR-MA,롱레인지,FWD,스틸 그레이,1,1,918
2025-08,central,AUR,2026,AUR-MA,롱레인지,FWD,실버,1,1,746
2025-08,south,AUR,2025,AUR-AI,스탠다드 레인지,AWD,스노우 화이트,10,10,5346
2025-08,south,AUR,2025,AUR-AI,스탠다드 레인지,AWD,미드나잇 블랙,8,8,4232
2025-08,south,AUR,2025,AUR-AI,스탠다드 레인지,AWD,스틸 그레이,6,7,3564
2025-08,south,AUR,2025,AUR-AI,스탠다드 레인지,AWD,실버,5,5,2896
2025-08,south,AUR,2025,AUR-AI,스탠다드 레인지,AWD,오션 블루,4,4,2227
2025-08,south,AUR,2025,AUR-AI,스탠다드 레인지,AWD,선셋 레드,3,3,1782
2025-08,south,AUR,2025,AUR-AI,스탠다드 레인지,AWD,포레스트 그린,2,2,1114
2025-08,south,AUR,2025,AUR-AI,스탠다드 레인지,AWD,샌드 베이지,2,2,1114
2025-08,south,AUR,2025,AUR-AI,스탠다드 레인지,FWD,스노우 화이트,15,15,8153
2025-08,south,AUR,2025,AUR-AI,스탠다드 레인지,FWD,미드나잇 블랙,12,12,6455
2025-08,south,AUR,2025,AUR-AI,스탠다드 레인지,FWD,스틸 그레이,10,10,5436
2025-08,south,AUR,2025,AUR-AI,스탠다드 레인지,FWD,실버,8,8,4416
2025-08,south,AUR,2025,AUR-AI,스탠다드 레인지,FWD,오션 블루,6,6,3397
2025-08,south,AUR,2025,AUR-AI,스탠다드 레인지,FWD,선셋 레드,5,5,2718
2025-08,south,AUR,2025,AUR-AI,스탠다드 레인지,FWD,포레스트 그린,3,3,1699
2025-08,south,AUR,2025,AUR-AI,스탠다드 레인지,FWD,샌드 베이지,3,3,1699
2025-08,south,AUR,2025,AUR-AI,롱레인지,AWD,스노우 화이트,18,19,10194
2025-08,south,AUR,2025,AUR-AI,롱레인지,AWD,미드나잇 블랙,14,15,8070
2025-08,south,AUR,2025,AUR-AI,롱레인지,AWD,스틸 그레이,12,12,6796
2025-08,south,AUR,2025,AUR-AI,롱레인지,AWD,실버,10,10,5522
2025-08,south,AUR,2025,AUR-AI,롱레인지,AWD,오션 블루,8,8,4247
2025-08,south,AUR,2025,AUR-AI,롱레인지,AWD,선셋 레드,6,6,3398
2025-08,south,AUR,2025,AUR-AI,롱레인지,AWD,포레스트 그린,4,4,2124
2025-08,south,AUR,2025,AUR-AI,롱레인지,AWD,샌드 베이지,4,4,2124
2025-08,south,AUR,2025,AUR-AI,롱레인지,FWD,스노우 화이트,28,28,15548
2025-08,south,AUR,2025,AUR-AI,롱레인지,FWD,미드나잇 블랙,22,23,12309
2025-08,south,AUR,2025,AUR-AI,롱레인지,FWD,스틸 그레이,19,19,10366
2025-08,south,AUR,2025,AUR-AI,롱레인지,FWD,실버,15,15,8422
2025-08,south,AUR,2025,AUR-AI,롱레인지,FWD,오션 블루,12,12,6478
2025-08,south,AUR,2025,AUR-AI,롱레인지,FWD,선셋 레드,9,9,5183
2025-08,south,AUR,2025,AUR-AI,롱레인지,FWD,포레스트 그린,6,6,3239
2025-08,south,AUR,2025,AUR-AI,롱레인지,FWD,샌드 베이지,6,6,3239
2025-08,south,AUR,2025,AUR-RA,스탠다드 레인지,AWD,스노우 화이트,11,11,9011
2025-08,south,AUR,2025,AUR-RA,스탠다드 레인지,AWD,미드나잇 블랙,9,9,7134
2025-08,south,AUR,2025,AUR-RA,스탠다드 레인지,AWD,스틸 그레이,7,8,6007
2025-08,south,AUR,2025,AUR-RA,스탠다드 레인지,AWD,실버,6,6,4881
2025-08,south,AUR,2025,AUR-RA,스탠다드 레인지,AWD,오션 블루,5,5,3755
2025-08,south,AUR,2025,AUR-RA,스탠다드 레인지,AWD,선셋 레드,4,4,3004
2025-08,south,AUR,2025,AUR-RA,스탠다드 레인지,AWD,포레스트 그린,2,2,1877
2025-08,south,AUR,2025,AUR-RA,스탠다드 레인지,AWD,샌드 베이지,2,2,1877
2025-08,south,AUR,2025,AUR-RA,스탠다드 레인지,FWD,스노우 화이트,17,17,13744
2025-08,south,AUR,2025,AUR-RA,스탠다드 레인지,FWD,미드나잇 블랙,13,14,10881
2025-08,south,AUR,2025,AUR-RA,스탠다드 레인지,FWD,스틸 그레이,11,12,9163
2025-08,south,AUR,2025,AUR-RA,스탠다드 레인지,FWD,실버,9,9,7445
2025-08,south,AUR,2025,AUR-RA,스탠다드 레인지,FWD,오션 블루,7,7,5727
2025-08,south,AUR,2025,AUR-RA,스탠다드 레인지,FWD,선셋 레드,6,6,4581
2025-08,south,AUR,2025,AUR-RA,스탠다드 레인지,FWD,포레스트 그린,4,4,2863
2025-08,south,AUR,2025,AUR-RA,스탠다드 레인지,FWD,샌드 베이지,4,4,2863
2025-08,south,AUR,2025,AUR-RA,롱레인지,AWD,스노우 화이트,21,22,17184
2025-08,south,AUR,2025,AUR-RA,롱레인지,AWD,미드나잇 블랙,17,17,13604
2025-08,south,AUR,2025,AUR-RA,롱레인지,AWD,스틸 그레이,14,14,11456
2025-08,south,AUR,2025,AUR-RA,롱레인지,AWD,실버,11,12,9308
2025-08,south,AUR,2025,AUR-RA,롱레인지,AWD,오션 블루,9,9,7160
2025-08,south,AUR,2025,AUR-RA,롱레인지,AWD,선셋 레드,7,7,5728
2025-08,south,AUR,2025,AUR-RA,롱레인지,AWD,포레스트 그린,4,4,3580
2025-08,south,AUR,2025,AUR-RA,롱레인지,AWD,샌드 베이지,4,4,3580
2025-08,south,AUR,2025,AUR-RA,롱레인지,FWD,스노우 화이트,32,33,26210
2025-08,south,AUR,2025,AUR-RA,롱레인지,FWD,미드나잇 블랙,26,26,20750
2025-08,south,AUR,2025,AUR-RA,롱레인지,FWD,스틸 그레이,22,22,17473
2025-08,south,AUR,2025,AUR-RA,롱레인지,FWD,실버,17,18,14197
2025-08,south,AUR,2025,AUR-RA,롱레인지,FWD,오션 블루,13,14,10921
2025-08,south,AUR,2025,AUR-RA,롱레인지,FWD,선셋 레드,11,11,8737
2025-08,south,AUR,2025,AUR-RA,롱레인지,FWD,포레스트 그린,7,7,5460
2025-08,south,AUR,2025,AUR-RA,롱레인지,FWD,샌드 베이지,7,7,5460
2025-08,south,AUR,2025,AUR-MA,스탠다드 레인지,AWD,스노우 화이트,5,5,5706
2025-08,south,AUR,2025,AUR-MA,스탠다드 레인지,AWD,미드나잇 블랙,4,4,4517
2025-08,south,AUR,2025,AUR-MA,스탠다드 레인지,AWD,스틸 그레이,3,3,3804
2025-08,south,AUR,2025,AUR-MA,스탠다드 레인지,AWD,실버,2,3,3091
2025-08,south,AUR,2025,AUR-MA,스탠다드 레인지,AWD,오션 블루,2,2,2378
2025-08,south,AUR,2025,AUR-MA,스탠다드 레인지,AWD,선셋 레드,2,2,1902
2025-08,south,AUR,2025,AUR-MA,스탠다드 레인지,AWD,포레스트 그린,1,1,1189
2025-08,south,AUR,2025,AUR-MA,스탠다드 레인지,AWD,샌드 베이지,1,1,1189
2025-08,south,AUR,2025,AUR-MA,스탠다드 레인지,FWD,스노우 화이트,7,7,8703
2025-08,south,AUR,2025,AUR-MA,스탠다드 레인지,FWD,미드나잇 블랙,5,6,6890
2025-08,south,AUR,2025,AUR-MA,스탠다드 레인지,FWD,스틸 그레이,5,5,5802
2025-08,south,AUR,2025,AUR-MA,스탠다드 레인지,FWD,실버,4,4,4714
2025-08,south,AUR,2025,AUR-MA,스탠다드 레인지,FWD,오션 블루,3,3,3626
2025-08,south,AUR,2025,AUR-MA,스탠다드 레인지,FWD,선셋 레드,2,2,2901
2025-08,south,AUR,2025,AUR-MA,스탠다드 레인지,FWD,포레스트 그린,1,1,1813
2025-08,south,AUR,2025,AUR-MA,스탠다드 레인지,FWD,샌드 베이지,1,1,1813
2025-08,south,AUR,2025,AUR-MA,롱레인지,AWD,스노우 화이트,9,9,10882
2025-08,south,AUR,2025,AUR-MA,롱레인지,AWD,미드나잇 블랙,7,7,8615
2025-08,south,AUR,2025,AUR-MA,롱레인지,AWD,스틸 그레이,6,6,7254
2025-08,south,AUR,2025,AUR-MA,롱레인지,AWD,실버,5,5,5894
2025-08,south,AUR,2025,AUR-MA,롱레인지,AWD,오션 블루,4,4,4534
2025-08,south,AUR,2025,AUR-MA,롱레인지,AWD,선셋 레드,3,3,3627
2025-08,south,AUR,2025,AUR-MA,롱레인지,AWD,포레스트 그린,2,2,2267
2025-08,south,AUR,2025,AUR-MA,롱레인지,AWD,샌드 베이지,2,2,2267
2025-08,south,AUR,2025,AUR-MA,롱레인지,FWD,스노우 화이트,13,13,16597
2025-08,south,AUR,2025,AUR-MA,롱레인지,FWD,미드나잇 블랙,10,11,13140
2025-08,south,AUR,2025,AUR-MA,롱레인지,FWD,스틸 그레이,9,9,11065
2025-08,south,AUR,2025,AUR-MA,롱레인지,FWD,실버,7,7,8990
2025-08,south,AUR,2025,AUR-MA,롱레인지,FWD,오션 블루,6,6,6916
2025-08,south,AUR,2025,AUR-MA,롱레인지,FWD,선셋 레드,4,4,5532
2025-08,south,AUR,2025,AUR-MA,롱레인지,FWD,포레스트 그린,3,3,3458
2025-08,south,AUR,2025,AUR-MA,롱레인지,FWD,샌드 베이지,3,3,3458
2025-08,south,AUR,2026,AUR-AI,스탠다드 레인지,AWD,스노우 화이트,2,2,943
2025-08,south,AUR,2026,AUR-AI,스탠다드 레인지,AWD,미드나잇 블랙,1,1,747
2025-08,south,AUR,2026,AUR-AI,스탠다드 레인지,AWD,스틸 그레이,1,1,629
2025-08,south,AUR,2026,AUR-AI,스탠다드 레인지,AWD,실버,1,1,511
2025-08,south,AUR,2026,AUR-AI,스탠다드 레인지,AWD,오션 블루,1,1,393
2025-08,south,AUR,2026,AUR-AI,스탠다드 레인지,AWD,선셋 레드,1,1,314
2025-08,south,AUR,2026,AUR-AI,스탠다드 레인지,FWD,스노우 화이트,3,3,1439
2025-08,south,AUR,2026,AUR-AI,스탠다드 레인지,FWD,미드나잇 블랙,2,2,1139
2025-08,south,AUR,2026,AUR-AI,스탠다드 레인지,FWD,스틸 그레이,2,2,959
2025-08,south,AUR,2026,AUR-AI,스탠다드 레인지,FWD,실버,1,1,779
2025-08,south,AUR,2026,AUR-AI,스탠다드 레인지,FWD,오션 블루,1,1,600
2025-08,south,AUR,2026,AUR-AI,스탠다드 레인지,FWD,선셋 레드,1,1,480
2025-08,south,AUR,2026,AUR-AI,스탠다드 레인지,FWD,포레스트 그린,1,1,300
2025-08,south,AUR,2026,AUR-AI,스탠다드 레인지,FWD,샌드 베이지,1,1,300
2025-08,south,AUR,2026,AUR-AI,롱레인지,AWD,스노우 화이트,3,3,1799
2025-08,south,AUR,2026,AUR-AI,롱레인지,AWD,미드나잇 블랙,3,3,1424
2025-08,south,AUR,2026,AUR-AI,롱레인지,AWD,스틸 그레이,2,2,1199
2025-08,south,AUR,2026,AUR-AI,롱레인지,AWD,실버,2,2,974
2025-08,south,AUR,2026,AUR-AI,롱레인지,AWD,오션 블루,1,1,750
2025-08,south,AUR,2026,AUR-AI,롱레인지,AWD,선셋 레드,1,1,600
2025-08,south,AUR,2026,AUR-AI,롱레인지,AWD,포레스트 그린,1,1,375
2025-08,south,AUR,2026,AUR-AI,롱레인지,AWD,샌드 베이지,1,1,375
2025-08,south,AUR,2026,AUR-AI,롱레인지,FWD,스노우 화이트,5,5,2744
2025-08,south,AUR,2026,AUR-AI,롱레인지,FWD,미드나잇 블랙,4,4,2172
2025-08,south,AUR,2026,AUR-AI,롱레인지,FWD,스틸 그레이,3,3,1829
2025-08,south,AUR,2026,AUR-AI,롱레인지,FWD,실버,3,3,1486
2025-08,south,AUR,2026,AUR-AI,롱레인지,FWD,오션 블루,2,2,1143
2025-08,south,AUR,2026,AUR-AI,롱레인지,FWD,선셋 레드,2,2,915
2025-08,south,AUR,2026,AUR-AI,롱레인지,FWD,포레스트 그린,1,1,572
2025-08,south,AUR,2026,AUR-AI,롱레인지,FWD,샌드 베이지,1,1,572
2025-08,south,AUR,2026,AUR-RA,스탠다드 레인지,AWD,스노우 화이트,2,2,1590
2025-08,south,AUR,2026,AUR-RA,스탠다드 레인지,AWD,미드나잇 블랙,2,2,1259
2025-08,south,AUR,2026,AUR-RA,스탠다드 레인지,AWD,스틸 그레이,1,1,1060
2025-08,south,AUR,2026,AUR-RA,스탠다드 레인지,AWD,실버,1,1,861
2025-08,south,AUR,2026,AUR-RA,스탠다드 레인지,AWD,오션 블루,1,1,663
2025-08,south,AUR,2026,AUR-RA,스탠다드 레인지,AWD,선셋 레드,1,1,530
2025-08,south,AUR,2026,AUR-RA,스탠다드 레인지,FWD,스노우 화이트,3,3,2425
2025-08,south,AUR,2026,AUR-RA,스탠다드 레인지,FWD,미드나잇 블랙,2,2,1920
2025-08,south,AUR,2026,AUR-RA,스탠다드 레인지,FWD,스틸 그레이,2,2,1617
2025-08,south,AUR,2026,AUR-RA,스탠다드 레인지,FWD,실버,2,2,1314
2025-08,south,AUR,2026,AUR-RA,스탠다드 레인지,FWD,오션 블루,1,1,1011
2025-08,south,AUR,2026,AUR-RA,스탠다드 레인지,FWD,선셋 레드,1,1,808
2025-08,south,AUR,2026,AUR-RA,스탠다드 레인지,FWD,포레스트 그린,1,1,505
2025-08,south,AUR,2026,AUR-RA,스탠다드 레인지,FWD,샌드 베이지,1,1,505
2025-08,south,AUR,2026,AUR-RA,롱레인지,AWD,스노우 화이트,4,4,3032
2025-08,south,AUR,2026,AUR-RA,롱레인지,AWD,미드나잇 블랙,3,3,2401
2025-08,south,AUR,2026,AUR-RA,롱레인지,AWD,스틸 그레이,2,3,2022
2025-08,south,AUR,2026,AUR-RA,롱레인지,AWD,실버,2,2,1643
2025-08,south,AUR,2026,AUR-RA,롱레인지,AWD,오션 블루,2,2,1264
2025-08,south,AUR,2026,AUR-RA,롱레인지,AWD,선셋 레드,1,1,1011
2025-08,south,AUR,2026,AUR-RA,롱레인지,AWD,포레스트 그린,1,1,632
2025-08,south,AUR,2026,AUR-RA,롱레인지,AWD,샌드 베이지,1,1,632
2025-08,south,AUR,2026,AUR-RA,롱레인지,FWD,스노우 화이트,6,6,4625
2025-08,south,AUR,2026,AUR-RA,롱레인지,FWD,미드나잇 블랙,5,5,3662
2025-08,south,AUR,2026,AUR-RA,롱레인지,FWD,스틸 그레이,4,4,3084
2025-08,south,AUR,2026,AUR-RA,롱레인지,FWD,실버,3,3,2505
2025-08,south,AUR,2026,AUR-RA,롱레인지,FWD,오션 블루,2,2,1927
2025-08,south,AUR,2026,AUR-RA,롱레인지,FWD,선셋 레드,2,2,1542
2025-08,south,AUR,2026,AUR-RA,롱레인지,FWD,포레스트 그린,1,1,964
2025-08,south,AUR,2026,AUR-RA,롱레인지,FWD,샌드 베이지,1,1,964
2025-08,south,AUR,2026,AUR-MA,스탠다드 레인지,AWD,스노우 화이트,1,1,1007
2025-08,south,AUR,2026,AUR-MA,스탠다드 레인지,AWD,미드나잇 블랙,1,1,797
2025-08,south,AUR,2026,AUR-MA,스탠다드 레인지,AWD,스틸 그레이,1,1,671
2025-08,south,AUR,2026,AUR-MA,스탠다드 레인지,FWD,스노우 화이트,1,1,1536
2025-08,south,AUR,2026,AUR-MA,스탠다드 레인지,FWD,미드나잇 블랙,1,1,1216
2025-08,south,AUR,2026,AUR-MA,스탠다드 레인지,FWD,스틸 그레이,1,1,1024
2025-08,south,AUR,2026,AUR-MA,스탠다드 레인지,FWD,실버,1,1,832
2025-08,south,AUR,2026,AUR-MA,스탠다드 레인지,FWD,오션 블루,1,1,640
2025-08,south,AUR,2026,AUR-MA,롱레인지,AWD,스노우 화이트,2,2,1920
2025-08,south,AUR,2026,AUR-MA,롱레인지,AWD,미드나잇 블랙,1,1,1520
2025-08,south,AUR,2026,AUR-MA,롱레인지,AWD,스틸 그레이,1,1,1280
2025-08,south,AUR,2026,AUR-MA,롱레인지,AWD,실버,1,1,1040
2025-08,south,AUR,2026,AUR-MA,롱레인지,AWD,오션 블루,1,1,800
2025-08,south,AUR,2026,AUR-MA,롱레인지,AWD,선셋 레드,1,1,640
2025-08,south,AUR,2026,AUR-MA,롱레인지,FWD,스노우 화이트,2,2,2929
2025-08,south,AUR,2026,AUR-MA,롱레인지,FWD,미드나잇 블랙,2,2,2319
2025-08,south,AUR,2026,AUR-MA,롱레인지,FWD,스틸 그레이,2,2,1953
2025-08,south,AUR,2026,AUR-MA,롱레인지,FWD,실버,1,1,1587
2025-08,south,AUR,2026,AUR-MA,롱레인지,FWD,오션 블루,1,1,1220
2025-08,south,AUR,2026,AUR-MA,롱레인지,FWD,선셋 레드,1,1,976
2025-08,northeast,AUR,2025,AUR-AI,스탠다드 레인지,AWD,스노우 화이트,24,25,13425
2025-08,northeast,AUR,2025,AUR-AI,스탠다드 레인지,AWD,미드나잇 블랙,19,19,10628
2025-08,northeast,AUR,2025,AUR-AI,스탠다드 레인지,AWD,스틸 그레이,16,16,8950
2025-08,northeast,AUR,2025,AUR-AI,스탠다드 레인지,AWD,실버,13,13,7272
2025-08,northeast,AUR,2025,AUR-AI,스탠다드 레인지,AWD,오션 블루,10,10,5594
2025-08,northeast,AUR,2025,AUR-AI,스탠다드 레인지,AWD,선셋 레드,8,8,4475
2025-08,northeast,AUR,2025,AUR-AI,스탠다드 레인지,AWD,포레스트 그린,5,5,2797
2025-08,northeast,AUR,2025,AUR-AI,스탠다드 레인지,AWD,샌드 베이지,5,5,2797
2025-08,northeast,AUR,2025,AUR-AI,스탠다드 레인지,FWD,스노우 화이트,10,10,5351
2025-08,northeast,AUR,2025,AUR-AI,스탠다드 레인지,FWD,미드나잇 블랙,8,8,4236
2025-08,northeast,AUR,2025,AUR-AI,스탠다드 레인지,FWD,스틸 그레이,6,7,3567
2025-08,northeast,AUR,2025,AUR-AI,스탠다드 레인지,FWD,실버,5,5,2899
2025-08,northeast,AUR,2025,AUR-AI,스탠다드 레인지,FWD,오션 블루,4,4,2230
2025-08,northeast,AUR,2025,AUR-AI,스탠다드 레인지,FWD,선셋 레드,3,3,1784
2025-08,northeast,AUR,2025,AUR-AI,스탠다드 레인지,FWD,포레스트 그린,2,2,1115
2025-08,northeast,AUR,2025,AUR-AI,스탠다드 레인지,FWD,샌드 베이지,2,2,1115
2025-08,northeast,AUR,2025,AUR-AI,롱레인지,AWD,스노우 화이트,46,47,25601
2025-08,northeast,AUR,2025,AUR-AI,롱레인지,AWD,미드나잇 블랙,36,37,20267
2025-08,northeast,AUR,2025,AUR-AI,롱레인지,AWD,스틸 그레이,31,31,17067
2025-08,northeast,AUR,2025,AUR-AI,롱레인지,AWD,실버,25,25,13867
2025-08,northeast,AUR,2025,AUR-AI,롱레인지,AWD,오션 블루,19,20,10667
2025-08,northeast,AUR,2025,AUR-AI,롱레인지,AWD,선셋 레드,15,16,8534
2025-08,northeast,AUR,2025,AUR-AI,롱레인지,AWD,포레스트 그린,10,10,5333
2025-08,northeast,AUR,2025,AUR-AI,롱레인지,AWD,샌드 베이지,10,10,5333
2025-08,northeast,AUR,2025,AUR-AI,롱레인지,FWD,스노우 화이트,18,19,10204
2025-08,northeast,AUR,2025,AUR-AI,롱레인지,FWD,미드나잇 블랙,14,15,8079
2025-08,northeast,AUR,2025,AUR-AI,롱레인지,FWD,스틸 그레이,12,12,6803
2025-08,northeast,AUR,2025,AUR-AI,롱레인지,FWD,실버,10,10,5527
2025-08,northeast,AUR,2025,AUR-AI,롱레인지,FWD,오션 블루,8,8,4252
2025-08,northeast,AUR,2025,AUR-AI,롱레인지,FWD,선셋 레드,6,6,3401
2025-08,northeast,AUR,2025,AUR-AI,롱레인지,FWD,포레스트 그린,4,4,2126
2025-08,northeast,AUR,2025,AUR-AI,롱레인지,FWD,샌드 베이지,4,4,2126
2025-08,northeast,AUR,2025,AUR-RA,스탠다드 레인지,AWD,스노우 화이트,28,28,22630
2025-08,northeast,AUR,2025,AUR-RA,스탠다드 레인지,AWD,미드나잇 블랙,22,23,17916
2025-08,northeast,AUR,2025,AUR-RA,스탠다드 레인지,AWD,스틸 그레이,19,19,15087
2025-08,northeast,AUR,2025,AUR-RA,스탠다드 레인지,AWD,실버,15,15,12258
2025-08,northeast,AUR,2025,AUR-RA,스탠다드 레인지,AWD,오션 블루,12,12,9429
2025-08,northeast,AUR,2025,AUR-RA,스탠다드 레인지,AWD,선셋 레드,9,9,7543
2025-08,northeast,AUR,2025,AUR-RA,스탠다드 레인지,AWD,포레스트 그린,6,6,4715
2025-08,northeast,AUR,2025,AUR-RA,스탠다드 레인지,AWD,샌드 베이지,6,6,4715
2025-08,northeast,AUR,2025,AUR-RA,스탠다드 레인지,FWD,스노우 화이트,11,11,9020
2025-08,northeast,AUR,2025,AUR-RA,스탠다드 레인지,FWD,미드나잇 블랙,9,9,7141
2025-08,northeast,AUR,2025,AUR-RA,스탠다드 레인지,FWD,스틸 그레이,7,8,6014
2025-08,northeast,AUR,2025,AUR-RA,스탠다드 레인지,FWD,실버,6,6,4886
2025-08,northeast,AUR,2025,AUR-RA,스탠다드 레인지,FWD,오션 블루,5,5,3759
2025-08,northeast,AUR,2025,AUR-RA,스탠다드 레인지,FWD,선셋 레드,4,4,3007
2025-08,northeast,AUR,2025,AUR-RA,스탠다드 레인지,FWD,포레스트 그린,2,2,1879
2025-08,northeast,AUR,2025,AUR-RA,스탠다드 레인지,FWD,샌드 베이지,2,2,1879
2025-08,northeast,AUR,2025,AUR-RA,롱레인지,AWD,스노우 화이트,53,54,43155
2025-08,northeast,AUR,2025,AUR-RA,롱레인지,AWD,미드나잇 블랙,42,43,34165
2025-08,northeast,AUR,2025,AUR-RA,롱레인지,AWD,스틸 그레이,35,36,28770
2025-08,northeast,AUR,2025,AUR-RA,롱레인지,AWD,실버,29,29,23376
2025-08,northeast,AUR,2025,AUR-RA,롱레인지,AWD,오션 블루,22,23,17981
2025-08,northeast,AUR,2025,AUR-RA,롱레인지,AWD,선셋 레드,18,18,14385
2025-08,northeast,AUR,2025,AUR-RA,롱레인지,AWD,포레스트 그린,11,11,8991
2025-08,northeast,AUR,2025,AUR-RA,롱레인지,AWD,샌드 베이지,11,11,8991
2025-08,northeast,AUR,2025,AUR-RA,롱레인지,FWD,스노우 화이트,21,22,17202
2025-08,northeast,AUR,2025,AUR-RA,롱레인지,FWD,미드나잇 블랙,17,17,13618
2025-08,northeast,AUR,2025,AUR-RA,롱레인지,FWD,스틸 그레이,14,14,11468
2025-08,northeast,AUR,2025,AUR-RA,롱레인지,FWD,실버,11,12,9318
2025-08,northeast,AUR,2025,AUR-RA,롱레인지,FWD,오션 블루,9,9,7167
2025-08,northeast,AUR,2025,AUR-RA,롱레인지,FWD,선셋 레드,7,7,5734
2025-08,northeast,AUR,2025,AUR-RA,롱레인지,FWD,포레스트 그린,4,5,3584
2025-08,northeast,AUR,2025,AUR-RA,롱레인지,FWD,샌드 베이지,4,5,3584
2025-08,northeast,AUR,2025,AUR-MA,스탠다드 레인지,AWD,스노우 화이트,11,12,14330
2025-08,northeast,AUR,2025,AUR-MA,스탠다드 레인지,AWD,미드나잇 블랙,9,9,11345
2025-08,northeast,AUR,2025,AUR-MA,스탠다드 레인지,AWD,스틸 그레이,8,8,9554
2025-08,northeast,AUR,2025,AUR-MA,스탠다드 레인지,AWD,실버,6,6,7762
2025-08,northeast,AUR,2025,AUR-MA,스탠다드 레인지,AWD,오션 블루,5,5,5971
2025-08,northeast,AUR,2025,AUR-MA,스탠다드 레인지,AWD,선셋 레드,4,4,4777
2025-08,northeast,AUR,2025,AUR-MA,스탠다드 레인지,AWD,포레스트 그린,2,2,2986
2025-08,northeast,AUR,2025,AUR-MA,스탠다드 레인지,AWD,샌드 베이지,2,2,2986
2025-08,northeast,AUR,2025,AUR-MA,스탠다드 레인지,FWD,스노우 화이트,5,5,5712
2025-08,northeast,AUR,2025,AUR-MA,스탠다드 레인지,FWD,미드나잇 블랙,4,4,4522
2025-08,northeast,AUR,2025,AUR-MA,스탠다드 레인지,FWD,스틸 그레이,3,3,3808
2025-08,northeast,AUR,2025,AUR-MA,스탠다드 레인지,FWD,실버,2,3,3094
2025-08,northeast,AUR,2025,AUR-MA,스탠다드 레인지,FWD,오션 블루,2,2,2380
2025-08,northeast,AUR,2025,AUR-MA,스탠다드 레인지,FWD,선셋 레드,2,2,1904
2025-08,northeast,AUR,2025,AUR-MA,스탠다드 레인지,FWD,포레스트 그린,1,1,1190
2025-08,northeast,AUR,2025,AUR-MA,스탠다드 레인지,FWD,샌드 베이지,1,1,1190
2025-08,northeast,AUR,2025,AUR-MA,롱레인지,AWD,스노우 화이트,22,22,27328
2025-08,northeast,AUR,2025,AUR-MA,롱레인지,AWD,미드나잇 블랙,17,18,21635
2025-08,northeast,AUR,2025,AUR-MA,롱레인지,AWD,스틸 그레이,14,15,18219
2025-08,northeast,AUR,2025,AUR-MA,롱레인지,AWD,실버,12,12,14803
2025-08,northeast,AUR,2025,AUR-MA,롱레인지,AWD,오션 블루,9,9,11387
2025-08,northeast,AUR,2025,AUR-MA,롱레인지,AWD,선셋 레드,7,7,9109
2025-08,northeast,AUR,2025,AUR-MA,롱레인지,AWD,포레스트 그린,5,5,5693
2025-08,northeast,AUR,2025,AUR-MA,롱레인지,AWD,샌드 베이지,5,5,5693
2025-08,northeast,AUR,2025,AUR-MA,롱레인지,FWD,스노우 화이트,9,9,10893
2025-08,northeast,AUR,2025,AUR-MA,롱레인지,FWD,미드나잇 블랙,7,7,8624
2025-08,northeast,AUR,2025,AUR-MA,롱레인지,FWD,스틸 그레이,6,6,7262
2025-08,northeast,AUR,2025,AUR-MA,롱레인지,FWD,실버,5,5,5900
2025-08,northeast,AUR,2025,AUR-MA,롱레인지,FWD,오션 블루,4,4,4539
2025-08,northeast,AUR,2025,AUR-MA,롱레인지,FWD,선셋 레드,3,3,3631
2025-08,northeast,AUR,2025,AUR-MA,롱레인지,FWD,포레스트 그린,2,2,2269
2025-08,northeast,AUR,2025,AUR-MA,롱레인지,FWD,샌드 베이지,2,2,2269
2025-08,northeast,AUR,2026,AUR-AI,스탠다드 레인지,AWD,스노우 화이트,4,4,2369
2025-08,northeast,AUR,2026,AUR-AI,스탠다드 레인지,AWD,미드나잇 블랙,3,3,1876
2025-08,northeast,AUR,2026,AUR-AI,스탠다드 레인지,AWD,스틸 그레이,3,3,1579
2025-08,northeast,AUR,2026,AUR-AI,스탠다드 레인지,AWD,실버,2,2,1283
2025-08,northeast,AUR,2026,AUR-AI,스탠다드 레인지,AWD,오션 블루,2,2,987
2025-08,northeast,AUR,2026,AUR-AI,스탠다드 레인지,AWD,선셋 레드,1,1,790
2025-08,northeast,AUR,2026,AUR-AI,스탠다드 레인지,AWD,포레스트 그린,1,1,494
2025-08,northeast,AUR,2026,AUR-AI,스탠다드 레인지,AWD,샌드 베이지,1,1,494
2025-08,northeast,AUR,2026,AUR-AI,스탠다드 레인지,FWD,스노우 화이트,2,2,944
2025-08,northeast,AUR,2026,AUR-AI,스탠다드 레인지,FWD,미드나잇 블랙,1,1,748
2025-08,northeast,AUR,2026,AUR-AI,스탠다드 레인지,FWD,스틸 그레이,1,1,630
2025-08,northeast,AUR,2026,AUR-AI,스탠다드 레인지,FWD,실버,1,1,512
2025-08,northeast,AUR,2026,AUR-AI,스탠다드 레인지,FWD,오션 블루,1,1,393
2025-08,northeast,AUR,2026,AUR-AI,스탠다드 레인지,FWD,선셋 레드,1,1,315
2025-08,northeast,AUR,2026,AUR-AI,롱레인지,AWD,스노우 화이트,8,8,4518
2025-08,northeast,AUR,2026,AUR-AI,롱레인지,AWD,미드나잇 블랙,6,7,3577
2025-08,northeast,AUR,2026,AUR-AI,롱레인지,AWD,스틸 그레이,5,6,3012
2025-08,northeast,AUR,2026,AUR-AI,롱레인지,AWD,실버,4,4,2447
2025-08,northeast,AUR,2026,AUR-AI,롱레인지,AWD,오션 블루,3,3,1882
2025-08,northeast,AUR,2026,AUR-AI,롱레인지,AWD,선셋 레드,3,3,1506
2025-08,northeast,AUR,2026,AUR-AI,롱레인지,AWD,포레스트 그린,2,2,941
2025-08,northeast,AUR,2026,AUR-AI,롱레인지,AWD,샌드 베이지,2,2,941
2025-08,northeast,AUR,2026,AUR-AI,롱레인지,FWD,스노우 화이트,3,3,1801
2025-08,northeast,AUR,2026,AUR-AI,롱레인지,FWD,미드나잇 블랙,3,3,1426
2025-08,northeast,AUR,2026,AUR-AI,롱레인지,FWD,스틸 그레이,2,2,1201
2025-08,northeast,AUR,2026,AUR-AI,롱레인지,FWD,실버,2,2,975
2025-08,northeast,AUR,2026,AUR-AI,롱레인지,FWD,오션 블루,1,1,750
2025-08,northeast,AUR,2026,AUR-AI,롱레인지,FWD,선셋 레드,1,1,600
2025-08,northeast,AUR,2026,AUR-AI,롱레인지,FWD,포레스트 그린,1,1,375
2025-08,northeast,AUR,2026,AUR-AI,롱레인지,FWD,샌드 베이지,1,1,375
2025-08,northeast,AUR,2026,AUR-RA,스탠다드 레인지,AWD,스노우 화이트,5,5,3994
2025-08,northeast,AUR,2026,AUR-RA,스탠다드 레인지,AWD,미드나잇 블랙,4,4,3162
2025-08,northeast,AUR,2026,AUR-RA,스탠다드 레인지,AWD,스틸 그레이,3,3,2662
2025-08,northeast,AUR,2026,AUR-RA,스탠다드 레인지,AWD,실버,3,3,2163
2025-08,northeast,AUR,2026,AUR-RA,스탠다드 레인지,AWD,오션 블루,2,2,1664
2025-08,northeast,AUR,2026,AUR-RA,스탠다드 레인지,AWD,선셋 레드,2,2,1331
2025-08,northeast,AUR,2026,AUR-RA,스탠다드 레인지,AWD,포레스트 그린,1,1,832
2025-08,northeast,AUR,2026,AUR-RA,스탠다드 레인지,AWD,샌드 베이지,1,1,832
2025-08,northeast,AUR,2026,AUR-RA,스탠다드 레인지,FWD,스노우 화이트,2,2,1592
2025-08,northeast,AUR,2026,AUR-RA,스탠다드 레인지,FWD,미드나잇 블랙,2,2,1260
2025-08,northeast,AUR,2026,AUR-RA,스탠다드 레인지,FWD,스틸 그레이,1,1,1061
2025-08,northeast,AUR,2026,AUR-RA,스탠다드 레인지,FWD,실버,1,1,862
2025-08,northeast,AUR,2026,AUR-RA,스탠다드 레인지,FWD,오션 블루,1,1,663
2025-08,northeast,AUR,2026,AUR-RA,스탠다드 레인지,FWD,선셋 레드,1,1,531
2025-08,northeast,AUR,2026,AUR-RA,롱레인지,AWD,스노우 화이트,9,10,7616
2025-08,northeast,AUR,2026,AUR-RA,롱레인지,AWD,미드나잇 블랙,7,8,6029
2025-08,northeast,AUR,2026,AUR-RA,롱레인지,AWD,스틸 그레이,6,6,5077
2025-08,northeast,AUR,2026,AUR-RA,롱레인지,AWD,실버,5,5,4125
2025-08,northeast,AUR,2026,AUR-RA,롱레인지,AWD,오션 블루,4,4,3173
2025-08,northeast,AUR,2026,AUR-RA,롱레인지,AWD,선셋 레드,3,3,2539
2025-08,northeast,AUR,2026,AUR-RA,롱레인지,AWD,포레스트 그린,2,2,1587
2025-08,northeast,AUR,2026,AUR-RA,롱레인지,AWD,샌드 베이지,2,2,1587
2025-08,northeast,AUR,2026,AUR-RA,롱레인지,FWD,스노우 화이트,4,4,3036
2025-08,northeast,AUR,2026,AUR-RA,롱레인지,FWD,미드나잇 블랙,3,3,2403
2025-08,northeast,AUR,2026,AUR-RA,롱레인지,FWD,스틸 그레이,2,3,2024
2025-08,northeast,AUR,2026,AUR-RA,롱레인지,FWD,실버,2,2,1644
2025-08,northeast,AUR,2026,AUR-RA,롱레인지,FWD,오션 블루,2,2,1265
2025-08,northeast,AUR,2026,AUR-RA,롱레인지,FWD,선셋 레드,1,1,1012
2025-08,northeast,AUR,2026,AUR-RA,롱레인지,FWD,포레스트 그린,1,1,632
2025-08,northeast,AUR,2026,AUR-RA,롱레인지,FWD,샌드 베이지,1,1,632
2025-08,northeast,AUR,2026,AUR-MA,스탠다드 레인지,AWD,스노우 화이트,2,2,2529
2025-08,northeast,AUR,2026,AUR-MA,스탠다드 레인지,AWD,미드나잇 블랙,2,2,2002
2025-08,northeast,AUR,2026,AUR-MA,스탠다드 레인지,AWD,스틸 그레이,1,1,1686
2025-08,northeast,AUR,2026,AUR-MA,스탠다드 레인지,AWD,실버,1,1,1370
2025-08,northeast,AUR,2026,AUR-MA,스탠다드 레인지,AWD,오션 블루,1,1,1054
2025-08,northeast,AUR,2026,AUR-MA,스탠다드 레인지,AWD,선셋 레드,1,1,843
2025-08,northeast,AUR,2026,AUR-MA,스탠다드 레인지,FWD,스노우 화이트,1,1,1008
2025-08,northeast,AUR,2026,AUR-MA,스탠다드 레인지,FWD,미드나잇 블랙,1,1,798
2025-08,northeast,AUR,2026,AUR-MA,스탠다드 레인지,FWD,스틸 그레이,1,1,672
2025-08,northeast,AUR,2026,AUR-MA,롱레인지,AWD,스노우 화이트,4,4,4823
2025-08,northeast,AUR,2026,AUR-MA,롱레인지,AWD,미드나잇 블랙,3,3,3818
2025-08,northeast,AUR,2026,AUR-MA,롱레인지,AWD,스틸 그레이,3,3,3215
2025-08,northeast,AUR,2026,AUR-MA,롱레인지,AWD,실버,2,2,2612
2025-08,northeast,AUR,2026,AUR-MA,롱레인지,AWD,오션 블루,2,2,2009
2025-08,northeast,AUR,2026,AUR-MA,롱레인지,AWD,선셋 레드,1,1,1608
2025-08,northeast,AUR,2026,AUR-MA,롱레인지,AWD,포레스트 그린,1,1,1005
2025-08,northeast,AUR,2026,AUR-MA,롱레인지,AWD,샌드 베이지,1,1,1005
2025-08,northeast,AUR,2026,AUR-MA,롱레인지,FWD,스노우 화이트,2,2,1922
2025-08,northeast,AUR,2026,AUR-MA,롱레인지,FWD,미드나잇 블랙,1,1,1522
2025-08,northeast,AUR,2026,AUR-MA,롱레인지,FWD,스틸 그레이,1,1,1282
2025-08,northeast,AUR,2026,AUR-MA,롱레인지,FWD,실버,1,1,1041
2025-08,northeast,AUR,2026,AUR-MA,롱레인지,FWD,오션 블루,1,1,801
2025-08,northeast,AUR,2026,AUR-MA,롱레인지,FWD,선셋 레드,1,1,641
2025-08,southeast,AUR,2025,AUR-AI,스탠다드 레인지,AWD,스노우 화이트,12,13,6885
2025-08,southeast,AUR,2025,AUR-AI,스탠다드 레인지,AWD,미드나잇 블랙,10,10,5450
2025-08,southeast,AUR,2025,AUR-AI,스탠다드 레인지,AWD,스틸 그레이,8,8,4590
2025-08,southeast,AUR,2025,AUR-AI,스탠다드 레인지,AWD,실버,7,7,3729
2025-08,southeast,AUR,2025,AUR-AI,스탠다드 레인지,AWD,오션 블루,5,5,2869
2025-08,southeast,AUR,2025,AUR-AI,스탠다드 레인지,AWD,선셋 레드,4,4,2295
2025-08,southeast,AUR,2025,AUR-AI,스탠다드 레인지,AWD,포레스트 그린,3,3,1434
2025-08,southeast,AUR,2025,AUR-AI,스탠다드 레인지,AWD,샌드 베이지,3,3,1434
2025-08,southeast,AUR,2025,AUR-AI,스탠다드 레인지,FWD,스노우 화이트,14,14,7842
2025-08,southeast,AUR,2025,AUR-AI,스탠다드 레인지,FWD,미드나잇 블랙,11,11,6208
2025-08,southeast,AUR,2025,AUR-AI,스탠다드 레인지,FWD,스틸 그레이,9,10,5228
2025-08,southeast,AUR,2025,AUR-AI,스탠다드 레인지,FWD,실버,8,8,4248
2025-08,southeast,AUR,2025,AUR-AI,스탠다드 레인지,FWD,오션 블루,6,6,3267
2025-08,southeast,AUR,2025,AUR-AI,스탠다드 레인지,FWD,선셋 레드,5,5,2614
2025-08,southeast,AUR,2025,AUR-AI,스탠다드 레인지,FWD,포레스트 그린,3,3,1634
2025-08,southeast,AUR,2025,AUR-AI,스탠다드 레인지,FWD,샌드 베이지,3,3,1634
2025-08,southeast,AUR,2025,AUR-AI,롱레인지,AWD,스노우 화이트,24,24,13129
2025-08,southeast,AUR,2025,AUR-AI,롱레인지,AWD,미드나잇 블랙,19,19,10393
2025-08,southeast,AUR,2025,AUR-AI,롱레인지,AWD,스틸 그레이,16,16,8752
2025-08,southeast,AUR,2025,AUR-AI,롱레인지,AWD,실버,13,13,7111
2025-08,southeast,AUR,2025,AUR-AI,롱레인지,AWD,오션 블루,10,10,5470
2025-08,southeast,AUR,2025,AUR-AI,롱레인지,AWD,선셋 레드,8,8,4376
2025-08,southeast,AUR,2025,AUR-AI,롱레인지,AWD,포레스트 그린,5,5,2735
2025-08,southeast,AUR,2025,AUR-AI,롱레인지,AWD,샌드 베이지,5,5,2735
2025-08,southeast,AUR,2025,AUR-AI,롱레인지,FWD,스노우 화이트,27,27,14954
2025-08,southeast,AUR,2025,AUR-AI,롱레인지,FWD,미드나잇 블랙,21,22,11839
2025-08,southeast,AUR,2025,AUR-AI,롱레인지,FWD,스틸 그레이,18,18,9969
2025-08,southeast,AUR,2025,AUR-AI,롱레인지,FWD,실버,15,15,8100
2025-08,southeast,AUR,2025,AUR-AI,롱레인지,FWD,오션 블루,11,11,6231
2025-08,southeast,AUR,2025,AUR-AI,롱레인지,FWD,선셋 레드,9,9,4985
2025-08,southeast,AUR,2025,AUR-AI,롱레인지,FWD,포레스트 그린,6,6,3115
2025-08,southeast,AUR,2025,AUR-AI,롱레인지,FWD,샌드 베이지,6,6,3115
2025-08,southeast,AUR,2025,AUR-RA,스탠다드 레인지,AWD,스노우 화이트,14,15,11605
2025-08,southeast,AUR,2025,AUR-RA,스탠다드 레인지,AWD,미드나잇 블랙,11,12,9187
2025-08,southeast,AUR,2025,AUR-RA,스탠다드 레인지,AWD,스틸 그레이,10,10,7737
2025-08,southeast,AUR,2025,AUR-RA,스탠다드 레인지,AWD,실버,8,8,6286
2025-08,southeast,AUR,2025,AUR-RA,스탠다드 레인지,AWD,오션 블루,6,6,4836
2025-08,southeast,AUR,2025,AUR-RA,스탠다드 레인지,AWD,선셋 레드,5,5,3868
2025-08,southeast,AUR,2025,AUR-RA,스탠다드 레인지,AWD,포레스트 그린,3,3,2418
2025-08,southeast,AUR,2025,AUR-RA,스탠다드 레인지,AWD,샌드 베이지,3,3,2418
2025-08,southeast,AUR,2025,AUR-RA,스탠다드 레인지,FWD,스노우 화이트,16,17,13219
2025-08,southeast,AUR,2025,AUR-RA,스탠다드 레인지,FWD,미드나잇 블랙,13,13,10465
2025-08,southeast,AUR,2025,AUR-RA,스탠다드 레인지,FWD,스틸 그레이,11,11,8813
2025-08,southeast,AUR,2025,AUR-RA,스탠다드 레인지,FWD,실버,9,9,7160
2025-08,southeast,AUR,2025,AUR-RA,스탠다드 레인지,FWD,오션 블루,7,7,5508
2025-08,southeast,AUR,2025,AUR-RA,스탠다드 레인지,FWD,선셋 레드,5,6,4406
2025-08,southeast,AUR,2025,AUR-RA,스탠다드 레인지,FWD,포레스트 그린,3,3,2754
2025-08,southeast,AUR,2025,AUR-RA,스탠다드 레인지,FWD,샌드 베이지,3,3,2754
2025-08,southeast,AUR,2025,AUR-RA,롱레인지,AWD,스노우 화이트,27,28,22131
2025-08,southeast,AUR,2025,AUR-RA,롱레인지,AWD,미드나잇 블랙,22,22,17520
2025-08,southeast,AUR,2025,AUR-RA,롱레인지,AWD,스틸 그레이,18,19,14754
2025-08,southeast,AUR,2025,AUR-RA,롱레인지,AWD,실버,15,15,11988
2025-08,southeast,AUR,2025,AUR-RA,롱레인지,AWD,오션 블루,11,12,9221
2025-08,southeast,AUR,2025,AUR-RA,롱레인지,AWD,선셋 레드,9,9,7377
2025-08,southeast,AUR,2025,AUR-RA,롱레인지,AWD,포레스트 그린,6,6,4611
2025-08,southeast,AUR,2025,AUR-RA,롱레인지,AWD,샌드 베이지,6,6,4611
2025-08,southeast,AUR,2025,AUR-RA,롱레인지,FWD,스노우 화이트,31,32,25208
2025-08,southeast,AUR,2025,AUR-RA,롱레인지,FWD,미드나잇 블랙,25,25,19956
2025-08,southeast,AUR,2025,AUR-RA,롱레인지,FWD,스틸 그레이,21,21,16805
2025-08,southeast,AUR,2025,AUR-RA,롱레인지,FWD,실버,17,17,13654
2025-08,southeast,AUR,2025,AUR-RA,롱레인지,FWD,오션 블루,13,13,10503
2025-08,southeast,AUR,2025,AUR-RA,롱레인지,FWD,선셋 레드,10,11,8403
2025-08,southeast,AUR,2025,AUR-RA,롱레인지,FWD,포레스트 그린,6,7,5252
2025-08,southeast,AUR,2025,AUR-RA,롱레인지,FWD,샌드 베이지,6,7,5252
2025-08,southeast,AUR,2025,AUR-MA,스탠다드 레인지,AWD,스노우 화이트,6,6,7349
2025-08,southeast,AUR,2025,AUR-MA,스탠다드 레인지,AWD,미드나잇 블랙,5,5,5818
2025-08,southeast,AUR,2025,AUR-MA,스탠다드 레인지,AWD,스틸 그레이,4,4,4899
2025-08,southeast,AUR,2025,AUR-MA,스탠다드 레인지,AWD,실버,3,3,3981
2025-08,southeast,AUR,2025,AUR-MA,스탠다드 레인지,AWD,오션 블루,2,2,3062
2025-08,southeast,AUR,2025,AUR-MA,스탠다드 레인지,AWD,선셋 레드,2,2,2450
2025-08,southeast,AUR,2025,AUR-MA,스탠다드 레인지,AWD,포레스트 그린,1,1,1531
2025-08,southeast,AUR,2025,AUR-MA,스탠다드 레인지,AWD,샌드 베이지,1,1,1531
2025-08,southeast,AUR,2025,AUR-MA,스탠다드 레인지,FWD,스노우 화이트,7,7,8371
2025-08,southeast,AUR,2025,AUR-MA,스탠다드 레인지,FWD,미드나잇 블랙,5,5,6627
2025-08,southeast,AUR,2025,AUR-MA,스탠다드 레인지,FWD,스틸 그레이,4,5,5581
2025-08,southeast,AUR,2025,AUR-MA,스탠다드 레인지,FWD,실버,4,4,4534
2025-08,southeast,AUR,2025,AUR-MA,스탠다드 레인지,FWD,오션 블루,3,3,3488
2025-08,southeast,AUR,2025,AUR-MA,스탠다드 레인지,FWD,선셋 레드,2,2,2790
2025-08,southeast,AUR,2025,AUR-MA,스탠다드 레인지,FWD,포레스트 그린,1,1,1744
2025-08,southeast,AUR,2025,AUR-MA,스탠다드 레인지,FWD,샌드 베이지,1,1,1744
2025-08,southeast,AUR,2025,AUR-MA,롱레인지,AWD,스노우 화이트,11,11,14014
2025-08,southeast,AUR,2025,AUR-MA,롱레인지,AWD,미드나잇 블랙,9,9,11095
2025-08,southeast,AUR,2025,AUR-MA,롱레인지,AWD,스틸 그레이,7,8,9343
2025-08,southeast,AUR,2025,AUR-MA,롱레인지,AWD,실버,6,6,7591
2025-08,southeast,AUR,2025,AUR-MA,롱레인지,AWD,오션 블루,5,5,5839
2025-08,southeast,AUR,2025,AUR-MA,롱레인지,AWD,선셋 레드,4,4,4671
2025-08,southeast,AUR,2025,AUR-MA,롱레인지,AWD,포레스트 그린,2,2,2920
2025-08,southeast,AUR,2025,AUR-MA,롱레인지,AWD,샌드 베이지,2,2,2920
2025-08,southeast,AUR,2025,AUR-MA,롱레인지,FWD,스노우 화이트,13,13,15963
2025-08,southeast,AUR,2025,AUR-MA,롱레인지,FWD,미드나잇 블랙,10,10,12637
2025-08,southeast,AUR,2025,AUR-MA,롱레인지,FWD,스틸 그레이,8,9,10642
2025-08,southeast,AUR,2025,AUR-MA,롱레인지,FWD,실버,7,7,8647
2025-08,southeast,AUR,2025,AUR-MA,롱레인지,FWD,오션 블루,5,5,6651
2025-08,southeast,AUR,2025,AUR-MA,롱레인지,FWD,선셋 레드,4,4,5321
2025-08,southeast,AUR,2025,AUR-MA,롱레인지,FWD,포레스트 그린,3,3,3326
2025-08,southeast,AUR,2025,AUR-MA,롱레인지,FWD,샌드 베이지,3,3,3326
2025-08,southeast,AUR,2026,AUR-AI,스탠다드 레인지,AWD,스노우 화이트,2,2,1215
2025-08,southeast,AUR,2026,AUR-AI,스탠다드 레인지,AWD,미드나잇 블랙,2,2,962
2025-08,southeast,AUR,2026,AUR-AI,스탠다드 레인지,AWD,스틸 그레이,1,1,810
2025-08,southeast,AUR,2026,AUR-AI,스탠다드 레인지,AWD,실버,1,1,658
2025-08,southeast,AUR,2026,AUR-AI,스탠다드 레인지,AWD,오션 블루,1,1,506
2025-08,southeast,AUR,2026,AUR-AI,스탠다드 레인지,AWD,선셋 레드,1,1,405
2025-08,southeast,AUR,2026,AUR-AI,스탠다드 레인지,FWD,스노우 화이트,2,3,1384
2025-08,southeast,AUR,2026,AUR-AI,스탠다드 레인지,FWD,미드나잇 블랙,2,2,1096
2025-08,southeast,AUR,2026,AUR-AI,스탠다드 레인지,FWD,스틸 그레이,2,2,923
2025-08,southeast,AUR,2026,AUR-AI,스탠다드 레인지,FWD,실버,1,1,750
2025-08,southeast,AUR,2026,AUR-AI,스탠다드 레인지,FWD,오션 블루,1,1,577
2025-08,southeast,AUR,2026,AUR-AI,스탠다드 레인지,FWD,선셋 레드,1,1,461
2025-08,southeast,AUR,2026,AUR-AI,스탠다드 레인지,FWD,포레스트 그린,1,1,288
2025-08,southeast,AUR,2026,AUR-AI,스탠다드 레인지,FWD,샌드 베이지,1,1,288
2025-08,southeast,AUR,2026,AUR-AI,롱레인지,AWD,스노우 화이트,4,4,2317
2025-08,southeast,AUR,2026,AUR-AI,롱레인지,AWD,미드나잇 블랙,3,3,1834
2025-08,southeast,AUR,2026,AUR-AI,롱레인지,AWD,스틸 그레이,3,3,1545
2025-08,southeast,AUR,2026,AUR-AI,롱레인지,AWD,실버,2,2,1255
2025-08,southeast,AUR,2026,AUR-AI,롱레인지,AWD,오션 블루,2,2,965
2025-08,southeast,AUR,2026,AUR-AI,롱레인지,AWD,선셋 레드,1,1,772
2025-08,southeast,AUR,2026,AUR-AI,롱레인지,AWD,포레스트 그린,1,1,483
2025-08,southeast,AUR,2026,AUR-AI,롱레인지,AWD,샌드 베이지,1,1,483
2025-08,southeast,AUR,2026,AUR-AI,롱레인지,FWD,스노우 화이트,5,5,2639
2025-08,southeast,AUR,2026,AUR-AI,롱레인지,FWD,미드나잇 블랙,4,4,2089
2025-08,southeast,AUR,2026,AUR-AI,롱레인지,FWD,스틸 그레이,3,3,1759
2025-08,southeast,AUR,2026,AUR-AI,롱레인지,FWD,실버,3,3,1429
2025-08,southeast,AUR,2026,AUR-AI,롱레인지,FWD,오션 블루,2,2,1100
2025-08,southeast,AUR,2026,AUR-AI,롱레인지,FWD,선셋 레드,2,2,880
2025-08,southeast,AUR,2026,AUR-AI,롱레인지,FWD,포레스트 그린,1,1,550
2025-08,southeast,AUR,2026,AUR-AI,롱레인지,FWD,샌드 베이지,1,1,550
2025-08,southeast,AUR,2026,AUR-RA,스탠다드 레인지,AWD,스노우 화이트,3,3,2048
2025-08,southeast,AUR,2026,AUR-RA,스탠다드 레인지,AWD,미드나잇 블랙,2,2,1621
2025-08,southeast,AUR,2026,AUR-RA,스탠다드 레인지,AWD,스틸 그레이,2,2,1365
2025-08,southeast,AUR,2026,AUR-RA,스탠다드 레인지,AWD,실버,1,1,1109
2025-08,southeast,AUR,2026,AUR-RA,스탠다드 레인지,AWD,오션 블루,1,1,853
2025-08,southeast,AUR,2026,AUR-RA,스탠다드 레인지,AWD,선셋 레드,1,1,683
2025-08,southeast,AUR,2026,AUR-RA,스탠다드 레인지,AWD,포레스트 그린,1,1,427
2025-08,southeast,AUR,2026,AUR-RA,스탠다드 레인지,AWD,샌드 베이지,1,1,427
2025-08,southeast,AUR,2026,AUR-RA,스탠다드 레인지,FWD,스노우 화이트,3,3,2333
2025-08,southeast,AUR,2026,AUR-RA,스탠다드 레인지,FWD,미드나잇 블랙,2,2,1847
2025-08,southeast,AUR,2026,AUR-RA,스탠다드 레인지,FWD,스틸 그레이,2,2,1555
2025-08,southeast,AUR,2026,AUR-RA,스탠다드 레인지,FWD,실버,2,2,1264
2025-08,southeast,AUR,2026,AUR-RA,스탠다드 레인지,FWD,오션 블루,1,1,972
2025-08,southeast,AUR,2026,AUR-RA,스탠다드 레인지,FWD,선셋 레드,1,1,778
2025-08,southeast,AUR,2026,AUR-RA,스탠다드 레인지,FWD,포레스트 그린,1,1,486
2025-08,southeast,AUR,2026,AUR-RA,스탠다드 레인지,FWD,샌드 베이지,1,1,486
2025-08,southeast,AUR,2026,AUR-RA,롱레인지,AWD,스노우 화이트,5,5,3905
2025-08,southeast,AUR,2026,AUR-RA,롱레인지,AWD,미드나잇 블랙,4,4,3092
2025-08,southeast,AUR,2026,AUR-RA,롱레인지,AWD,스틸 그레이,3,3,2604
2025-08,southeast,AUR,2026,AUR-RA,롱레인지,AWD,실버,3,3,2115
2025-08,southeast,AUR,2026,AUR-RA,롱레인지,AWD,오션 블루,2,2,1627
2025-08,southeast,AUR,2026,AUR-RA,롱레인지,AWD,선셋 레드,2,2,1302
2025-08,southeast,AUR,2026,AUR-RA,롱레인지,AWD,포레스트 그린,1,1,814
2025-08,southeast,AUR,2026,AUR-RA,롱레인지,AWD,샌드 베이지,1,1,814
2025-08,southeast,AUR,2026,AUR-RA,롱레인지,FWD,스노우 화이트,5,6,4448
2025-08,southeast,AUR,2026,AUR-RA,롱레인지,FWD,미드나잇 블랙,4,4,3522
2025-08,southeast,AUR,2026,AUR-RA,롱레인지,FWD,스틸 그레이,4,4,2966
2025-08,southeast,AUR,2026,AUR-RA,롱레인지,FWD,실버,3,3,2410
2025-08,southeast,AUR,2026,AUR-RA,롱레인지,FWD,오션 블루,2,2,1854
2025-08,southeast,AUR,2026,AUR-RA,롱레인지,FWD,선셋 레드,2,2,1483
2025-08,southeast,AUR,2026,AUR-RA,롱레인지,FWD,포레스트 그린,1,1,927
2025-08,southeast,AUR,2026,AUR-RA,롱레인지,FWD,샌드 베이지,1,1,927
2025-08,southeast,AUR,2026,AUR-MA,스탠다드 레인지,AWD,스노우 화이트,1,1,1297
2025-08,southeast,AUR,2026,AUR-MA,스탠다드 레인지,AWD,미드나잇 블랙,1,1,1027
2025-08,southeast,AUR,2026,AUR-MA,스탠다드 레인지,AWD,스틸 그레이,1,1,865
2025-08,southeast,AUR,2026,AUR-MA,스탠다드 레인지,AWD,실버,1,1,702
2025-08,southeast,AUR,2026,AUR-MA,스탠다드 레인지,FWD,스노우 화이트,1,1,1477
2025-08,southeast,AUR,2026,AUR-MA,스탠다드 레인지,FWD,미드나잇 블랙,1,1,1169
2025-08,southeast,AUR,2026,AUR-MA,스탠다드 레인지,FWD,스틸 그레이,1,1,985
2025-08,southeast,AUR,2026,AUR-MA,스탠다드 레인지,FWD,실버,1,1,800
2025-08,southeast,AUR,2026,AUR-MA,롱레인지,AWD,스노우 화이트,2,2,2473
2025-08,southeast,AUR,2026,AUR-MA,롱레인지,AWD,미드나잇 블랙,2,2,1958
2025-08,southeast,AUR,2026,AUR-MA,롱레인지,AWD,스틸 그레이,1,1,1649
2025-08,southeast,AUR,2026,AUR-MA,롱레인지,AWD,실버,1,1,1340
2025-08,southeast,AUR,2026,AUR-MA,롱레인지,AWD,오션 블루,1,1,1030
2025-08,southeast,AUR,2026,AUR-MA,롱레인지,AWD,선셋 레드,1,1,824
2025-08,southeast,AUR,2026,AUR-MA,롱레인지,FWD,스노우 화이트,2,2,2817
2025-08,southeast,AUR,2026,AUR-MA,롱레인지,FWD,미드나잇 블랙,2,2,2230
2025-08,southeast,AUR,2026,AUR-MA,롱레인지,FWD,스틸 그레이,1,2,1878
2025-08,southeast,AUR,2026,AUR-MA,롱레인지,FWD,실버,1,1,1526
2025-08,southeast,AUR,2026,AUR-MA,롱레인지,FWD,오션 블루,1,1,1174
2025-08,southeast,AUR,2026,AUR-MA,롱레인지,FWD,선셋 레드,1,1,939
2025-08,west,MRD,2025,MRD-CO,2.0 가솔린,AWD,스노우 화이트,24,24,-5457
2025-08,west,MRD,2025,MRD-CO,2.0 가솔린,AWD,미드나잇 블랙,19,19,-4320
2025-08,west,MRD,2025,MRD-CO,2.0 가솔린,AWD,스틸 그레이,16,16,-3638
2025-08,west,MRD,2025,MRD-CO,2.0 가솔린,AWD,실버,13,13,-2956
2025-08,west,MRD,2025,MRD-CO,2.0 가솔린,AWD,오션 블루,10,10,-2274
2025-08,west,MRD,2025,MRD-CO,2.0 가솔린,AWD,선셋 레드,8,8,-1819
2025-08,west,MRD,2025,MRD-CO,2.0 가솔린,AWD,포레스트 그린,5,5,-1137
2025-08,west,MRD,2025,MRD-CO,2.0 가솔린,AWD,샌드 베이지,5,5,-1137
2025-08,west,MRD,2025,MRD-CO,2.0 가솔린,FWD,스노우 화이트,95,97,-21829
2025-08,west,MRD,2025,MRD-CO,2.0 가솔린,FWD,미드나잇 블랙,76,77,-17281
2025-08,west,MRD,2025,MRD-CO,2.0 가솔린,FWD,스틸 그레이,64,65,-14553
2025-08,west,MRD,2025,MRD-CO,2.0 가솔린,FWD,실버,52,53,-11824
2025-08,west,MRD,2025,MRD-CO,2.0 가솔린,FWD,오션 블루,40,41,-9096
2025-08,west,MRD,2025,MRD-CO,2.0 가솔린,FWD,선셋 레드,32,32,-7276
2025-08,west,MRD,2025,MRD-CO,2.0 가솔린,FWD,포레스트 그린,20,20,-4548
2025-08,west,MRD,2025,MRD-CO,2.0 가솔린,FWD,샌드 베이지,20,20,-4548
2025-08,west,MRD,2025,MRD-CO,1.6T 하이브리드,AWD,스노우 화이트,20,20,-4501
2025-08,west,MRD,2025,MRD-CO,1.6T 하이브리드,AWD,미드나잇 블랙,16,16,-3564
2025-08,west,MRD,2025,MRD-CO,1.6T 하이브리드,AWD,스틸 그레이,13,13,-3001
2025-08,west,MRD,2025,MRD-CO,1.6T 하이브리드,AWD,실버,11,11,-2438
2025-08,west,MRD,2025,MRD-CO,1.6T 하이브리드,AWD,오션 블루,8,8,-1876
2025-08,west,MRD,2025,MRD-CO,1.6T 하이브리드,AWD,선셋 레드,7,7,-1500
2025-08,west,MRD,2025,MRD-CO,1.6T 하이브리드,AWD,포레스트 그린,4,4,-938
2025-08,west,MRD,2025,MRD-CO,1.6T 하이브리드,AWD,샌드 베이지,4,4,-938
2025-08,west,MRD,2025,MRD-CO,1.6T 하이브리드,FWD,스노우 화이트,79,80,-18005
2025-08,west,MRD,2025,MRD-CO,1.6T 하이브리드,FWD,미드나잇 블랙,62,64,-14254
2025-08,west,MRD,2025,MRD-CO,1.6T 하이브리드,FWD,스틸 그레이,52,54,-12003
2025-08,west,MRD,2025,MRD-CO,1.6T 하이브리드,FWD,실버,43,43,-9753
2025-08,west,MRD,2025,MRD-CO,1.6T 하이브리드,FWD,오션 블루,33,33,-7502
2025-08,west,MRD,2025,MRD-CO,1.6T 하이브리드,FWD,선셋 레드,26,27,-6002
2025-08,west,MRD,2025,MRD-CO,1.6T 하이브리드,FWD,포레스트 그린,16,17,-3751
2025-08,west,MRD,2025,MRD-CO,1.6T 하이브리드,FWD,샌드 베이지,16,17,-3751
2025-08,west,MRD,2025,MRD-PR,2.0 가솔린,AWD,스노우 화이트,28,28,-430
2025-08,west,MRD,2025,MRD-PR,2.0 가솔린,AWD,미드나잇 블랙,22,22,-340
2025-08,west,MRD,2025,MRD-PR,2.0 가솔린,AWD,스틸 그레이,18,19,-287
2025-08,west,MRD,2025,MRD-PR,2.0 가솔린,AWD,실버,15,15,-233
2025-08,west,MRD,2025,MRD-PR,2.0 가솔린,AWD,오션 블루,12,12,-179
2025-08,west,MRD,2025,MRD-PR,2.0 가솔린,AWD,선셋 레드,9,9,-143
2025-08,west,MRD,2025,MRD-PR,2.0 가솔린,AWD,포레스트 그린,6,6,-90
2025-08,west,MRD,2025,MRD-PR,2.0 가솔린,AWD,샌드 베이지,6,6,-90
2025-08,west,MRD,2025,MRD-PR,2.0 가솔린,FWD,스노우 화이트,110,113,-1720
2025-08,west,MRD,2025,MRD-PR,2.0 가솔린,FWD,미드나잇 블랙,87,89,-1362
2025-08,west,MRD,2025,MRD-PR,2.0 가솔린,FWD,스틸 그레이,74,75,-1147
2025-08,west,MRD,2025,MRD-PR,2.0 가솔린,FWD,실버,60,61,-932
2025-08,west,MRD,2025,MRD-PR,2.0 가솔린,FWD,오션 블루,46,47,-717
2025-08,west,MRD,2025,MRD-PR,2.0 가솔린,FWD,선셋 레드,37,38,-573
2025-08,west,MRD,2025,MRD-PR,2.0 가솔린,FWD,포레스트 그린,23,23,-358
2025-08,west,MRD,2025,MRD-PR,2.0 가솔린,FWD,샌드 베이지,23,23,-358
2025-08,west,MRD,2025,MRD-PR,1.6T 하이브리드,AWD,스노우 화이트,23,23,-355
2025-08,west,MRD,2025,MRD-PR,1.6T 하이브리드,AWD,미드나잇 블랙,18,18,-281
2025-08,west,MRD,2025,MRD-PR,1.6T 하이브리드,AWD,스틸 그레이,15,15,-236
2025-08,west,MRD,2025,MRD-PR,1.6T 하이브리드,AWD,실버,12,13,-192
2025-08,west,MRD,2025,MRD-PR,1.6T 하이브리드,AWD,오션 블루,9,10,-148
2025-08,west,MRD,2025,MRD-PR,1.6T 하이브리드,AWD,선셋 레드,8,8,-118
2025-08,west,MRD,2025,MRD-PR,1.6T 하이브리드,AWD,포레스트 그린,5,5,-74
2025-08,west,MRD,2025,MRD-PR,1.6T 하이브리드,AWD,샌드 베이지,5,5,-74
2025-08,west,MRD,2025,MRD-PR,1.6T 하이브리드,FWD,스노우 화이트,91,93,-1419
2025-08,west,MRD,2025,MRD-PR,1.6T 하이브리드,FWD,미드나잇 블랙,72,74,-1123
2025-08,west,MRD,2025,MRD-PR,1.6T 하이브리드,FWD,스틸 그레이,61,62,-946
2025-08,west,MRD,2025,MRD-PR,1.6T 하이브리드,FWD,실버,49,50,-768
2025-08,west,MRD,2025,MRD-PR,1.6T 하이브리드,FWD,오션 블루,38,39,-591
2025-08,west,MRD,2025,MRD-PR,1.6T 하이브리드,FWD,선셋 레드,30,31,-473
2025-08,west,MRD,2025,MRD-PR,1.6T 하이브리드,FWD,포레스트 그린,19,19,-296
2025-08,west,MRD,2025,MRD-PR,1.6T 하이브리드,FWD,샌드 베이지,19,19,-296
2025-08,west,MRD,2025,MRD-SP,2.0 가솔린,AWD,스노우 화이트,11,12,4040
2025-08,west,MRD,2025,MRD-SP,2.0 가솔린,AWD,미드나잇 블랙,9,9,3198
2025-08,west,MRD,2025,MRD-SP,2.0 가솔린,AWD,스틸 그레이,8,8,2693
2025-08,west,MRD,2025,MRD-SP,2.0 가솔린,AWD,실버,6,6,2188
2025-08,west,MRD,2025,MRD-SP,2.0 가솔린,AWD,오션 블루,5,5,1683
2025-08,west,MRD,2025,MRD-SP,2.0 가솔린,AWD,선셋 레드,4,4,1347
2025-08,west,MRD,2025,MRD-SP,2.0 가솔린,AWD,포레스트 그린,2,2,842
2025-08,west,MRD,2025,MRD-SP,2.0 가솔린,AWD,샌드 베이지,2,2,842
2025-08,west,MRD,2025,MRD-SP,2.0 가솔린,FWD,스노우 화이트,45,46,16160
2025-08,west,MRD,2025,MRD-SP,2.0 가솔린,FWD,미드나잇 블랙,36,36,12793
2025-08,west,MRD,2025,MRD-SP,2.0 가솔린,FWD,스틸 그레이,30,31,10773
2025-08,west,MRD,2025,MRD-SP,2.0 가솔린,FWD,실버,24,25,8753
2025-08,west,MRD,2025,MRD-SP,2.0 가솔린,FWD,오션 블루,19,19,6733
2025-08,west,MRD,2025,MRD-SP,2.0 가솔린,FWD,선셋 레드,15,15,5387
2025-08,west,MRD,2025,MRD-SP,2.0 가솔린,FWD,포레스트 그린,9,10,3367
2025-08,west,MRD,2025,MRD-SP,2.0 가솔린,FWD,샌드 베이지,9,10,3367
2025-08,west,MRD,2025,MRD-SP,1.6T 하이브리드,AWD,스노우 화이트,9,10,3332
2025-08,west,MRD,2025,MRD-SP,1.6T 하이브리드,AWD,미드나잇 블랙,7,8,2638
2025-08,west,MRD,2025,MRD-SP,1.6T 하이브리드,AWD,스틸 그레이,6,6,2222
2025-08,west,MRD,2025,MRD-SP,1.6T 하이브리드,AWD,실버,5,5,1805
2025-08,west,MRD,2025,MRD-SP,1.6T 하이브리드,AWD,오션 블루,4,4,1388
2025-08,west,MRD,2025,MRD-SP,1.6T 하이브리드,AWD,선셋 레드,3,3,1111
2025-08,west,MRD,2025,MRD-SP,1.6T 하이브리드,AWD,포레스트 그린,2,2,694
2025-08,west,MRD,2025,MRD-SP,1.6T 하이브리드,AWD,샌드 베이지,2,2,694
2025-08,west,MRD,2025,MRD-SP,1.6T 하이브리드,FWD,스노우 화이트,37,38,13329
2025-08,west,MRD,2025,MRD-SP,1.6T 하이브리드,FWD,미드나잇 블랙,30,30,10552
2025-08,west,MRD,2025,MRD-SP,1.6T 하이브리드,FWD,스틸 그레이,25,25,8886
2025-08,west,MRD,2025,MRD-SP,1.6T 하이브리드,FWD,실버,20,21,7220
2025-08,west,MRD,2025,MRD-SP,1.6T 하이브리드,FWD,오션 블루,16,16,5554
2025-08,west,MRD,2025,MRD-SP,1.6T 하이브리드,FWD,선셋 레드,12,13,4443
2025-08,west,MRD,2025,MRD-SP,1.6T 하이브리드,FWD,포레스트 그린,8,8,2777
2025-08,west,MRD,2025,MRD-SP,1.6T 하이브리드,FWD,샌드 베이지,8,8,2777
2025-08,west,MRD,2026,MRD-CO,2.0 가솔린,AWD,스노우 화이트,4,4,-963
2025-08,west,MRD,2026,MRD-CO,2.0 가솔린,AWD,미드나잇 블랙,3,3,-762
2025-08,west,MRD,2026,MRD-CO,2.0 가솔린,AWD,스틸 그레이,3,3,-642
2025-08,west,MRD,2026,MRD-CO,2.0 가솔린,AWD,실버,2,2,-522
2025-08,west,MRD,2026,MRD-CO,2.0 가솔린,AWD,오션 블루,2,2,-401
2025-08,west,MRD,2026,MRD-CO,2.0 가솔린,AWD,선셋 레드,1,1,-321
2025-08,west,MRD,2026,MRD-CO,2.0 가솔린,AWD,포레스트 그린,1,1,-201
2025-08,west,MRD,2026,MRD-CO,2.0 가솔린,AWD,샌드 베이지,1,1,-201
2025-08,west,MRD,2026,MRD-CO,2.0 가솔린,FWD,스노우 화이트,17,17,-3852
2025-08,west,MRD,2026,MRD-CO,2.0 가솔린,FWD,미드나잇 블랙,13,14,-3050
2025-08,west,MRD,2026,MRD-CO,2.0 가솔린,FWD,스틸 그레이,11,11,-2568
2025-08,west,MRD,2026,MRD-CO,2.0 가솔린,FWD,실버,9,9,-2087
2025-08,west,MRD,2026,MRD-CO,2.0 가솔린,FWD,오션 블루,7,7,-1605
2025-08,west,MRD,2026,MRD-CO,2.0 가솔린,FWD,선셋 레드,6,6,-1284
2025-08,west,MRD,2026,MRD-CO,2.0 가솔린,FWD,포레스트 그린,4,4,-803
2025-08,west,MRD,2026,MRD-CO,2.0 가솔린,FWD,샌드 베이지,4,4,-803
2025-08,west,MRD,2026,MRD-CO,1.6T 하이브리드,AWD,스노우 화이트,3,4,-794
2025-08,west,MRD,2026,MRD-CO,1.6T 하이브리드,AWD,미드나잇 블랙,3,3,-629
2025-08,west,MRD,2026,MRD-CO,1.6T 하이브리드,AWD,스틸 그레이,2,2,-530
2025-08,west,MRD,2026,MRD-CO,1.6T 하이브리드,AWD,실버,2,2,-430
2025-08,west,MRD,2026,MRD-CO,1.6T 하이브리드,AWD,오션 블루,1,1,-331
2025-08,west,MRD,2026,MRD-CO,1.6T 하이브리드,AWD,선셋 레드,1,1,-265
2025-08,west,MRD,2026,MRD-CO,1.6T 하이브리드,AWD,포레스트 그린,1,1,-165
2025-08,west,MRD,2026,MRD-CO,1.6T 하이브리드,AWD,샌드 베이지,1,1,-165
2025-08,west,MRD,2026,MRD-CO,1.6T 하이브리드,FWD,스노우 화이트,14,14,-3177
2025-08,west,MRD,2026,MRD-CO,1.6T 하이브리드,FWD,미드나잇 블랙,11,11,-2515
2025-08,west,MRD,2026,MRD-CO,1.6T 하이브리드,FWD,스틸 그레이,9,9,-2118
2025-08,west,MRD,2026,MRD-CO,1.6T 하이브리드,FWD,실버,8,8,-1721
2025-08,west,MRD,2026,MRD-CO,1.6T 하이브리드,FWD,오션 블루,6,6,-1324
2025-08,west,MRD,2026,MRD-CO,1.6T 하이브리드,FWD,선셋 레드,5,5,-1059
2025-08,west,MRD,2026,MRD-CO,1.6T 하이브리드,FWD,포레스트 그린,3,3,-662
2025-08,west,MRD,2026,MRD-CO,1.6T 하이브리드,FWD,샌드 베이지,3,3,-662
2025-08,west,MRD,2026,MRD-PR,2.0 가솔린,AWD,스노우 화이트,5,5,-76
2025-08,west,MRD,2026,MRD-PR,2.0 가솔린,AWD,미드나잇 블랙,4,4,-60
2025-08,west,MRD,2026,MRD-PR,2.0 가솔린,AWD,스틸 그레이,3,3,-51
2025-08,west,MRD,2026,MRD-PR,2.0 가솔린,AWD,실버,3,3,-41
2025-08,west,MRD,2026,MRD-PR,2.0 가솔린,AWD,오션 블루,2,2,-32
2025-08,west,MRD,2026,MRD-PR,2.0 가솔린,AWD,선셋 레드,2,2,-25
2025-08,west,MRD,2026,MRD-PR,2.0 가솔린,AWD,포레스트 그린,1,1,-16
2025-08,west,MRD,2026,MRD-PR,2.0 가솔린,AWD,샌드 베이지,1,1,-16
2025-08,west,MRD,2026,MRD-PR,2.0 가솔린,FWD,스노우 화이트,19,20,-304
2025-08,west,MRD,2026,MRD-PR,2.0 가솔린,FWD,미드나잇 블랙,15,16,-240
2025-08,west,MRD,2026,MRD-PR,2.0 가솔린,FWD,스틸 그레이,13,13,-202
2025-08,west,MRD,2026,MRD-PR,2.0 가솔린,FWD,실버,11,11,-164
2025-08,west,MRD,2026,MRD-PR,2.0 가솔린,FWD,오션 블루,8,8,-126
2025-08,west,MRD,2026,MRD-PR,2.0 가솔린,FWD,선셋 레드,6,7,-101
2025-08,west,MRD,2026,MRD-PR,2.0 가솔린,FWD,포레스트 그린,4,4,-63
2025-08,west,MRD,2026,MRD-PR,2.0 가솔린,FWD,샌드 베이지,4,4,-63
2025-08,west,MRD,2026,MRD-PR,1.6T 하이브리드,AWD,스노우 화이트,4,4,-63
2025-08,west,MRD,2026,MRD-PR,1.6T 하이브리드,AWD,미드나잇 블랙,3,3,-50
2025-08,west,MRD,2026,MRD-PR,1.6T 하이브리드,AWD,스틸 그레이,3,3,-42
2025-08,west,MRD,2026,MRD-PR,1.6T 하이브리드,AWD,실버,2,2,-34
2025-08,west,MRD,2026,MRD-PR,1.6T 하이브리드,AWD,오션 블루,2,2,-26
2025-08,west,MRD,2026,MRD-PR,1.6T 하이브리드,AWD,선셋 레드,1,1,-21
2025-08,west,MRD,2026,MRD-PR,1.6T 하이브리드,AWD,포레스트 그린,1,1,-13
2025-08,west,MRD,2026,MRD-PR,1.6T 하이브리드,AWD,샌드 베이지,1,1,-13
2025-08,west,MRD,2026,MRD-PR,1.6T 하이브리드,FWD,스노우 화이트,16,16,-250
2025-08,west,MRD,2026,MRD-PR,1.6T 하이브리드,FWD,미드나잇 블랙,13,13,-198
2025-08,west,MRD,2026,MRD-PR,1.6T 하이브리드,FWD,스틸 그레이,11,11,-167
2025-08,west,MRD,2026,MRD-PR,1.6T 하이브리드,FWD,실버,9,9,-136
2025-08,west,MRD,2026,MRD-PR,1.6T 하이브리드,FWD,오션 블루,7,7,-104
2025-08,west,MRD,2026,MRD-PR,1.6T 하이브리드,FWD,선셋 레드,5,5,-83
2025-08,west,MRD,2026,MRD-PR,1.6T 하이브리드,FWD,포레스트 그린,3,3,-52
2025-08,west,MRD,2026,MRD-PR,1.6T 하이브리드,FWD,샌드 베이지,3,3,-52
2025-08,west,MRD,2026,MRD-SP,2.0 가솔린,AWD,스노우 화이트,2,2,713
2025-08,west,MRD,2026,MRD-SP,2.0 가솔린,AWD,미드나잇 블랙,2,2,564
2025-08,west,MRD,2026,MRD-SP,2.0 가솔린,AWD,스틸 그레이,1,1,475
2025-08,west,MRD,2026,MRD-SP,2.0 가솔린,AWD,실버,1,1,386
2025-08,west,MRD,2026,MRD-SP,2.0 가솔린,AWD,오션 블루,1,1,297
2025-08,west,MRD,2026,MRD-SP,2.0 가솔린,AWD,선셋 레드,1,1,238
2025-08,west,MRD,2026,MRD-SP,2.0 가솔린,FWD,스노우 화이트,8,8,2852
2025-08,west,MRD,2026,MRD-SP,2.0 가솔린,FWD,미드나잇 블랙,6,6,2258
2025-08,west,MRD,2026,MRD-SP,2.0 가솔린,FWD,스틸 그레이,5,5,1901
2025-08,west,MRD,2026,MRD-SP,2.0 가솔린,FWD,실버,4,4,1545
2025-08,west,MRD,2026,MRD-SP,2.0 가솔린,FWD,오션 블루,3,3,1188
2025-08,west,MRD,2026,MRD-SP,2.0 가솔린,FWD,선셋 레드,3,3,951
2025-08,west,MRD,2026,MRD-SP,2.0 가솔린,FWD,포레스트 그린,2,2,594
2025-08,west,MRD,2026,MRD-SP,2.0 가솔린,FWD,샌드 베이지,2,2,594
2025-08,west,MRD,2026,MRD-SP,1.6T 하이브리드,AWD,스노우 화이트,2,2,588
2025-08,west,MRD,2026,MRD-SP,1.6T 하이브리드,AWD,미드나잇 블랙,1,1,466
2025-08,west,MRD,2026,MRD-SP,1.6T 하이브리드,AWD,스틸 그레이,1,1,392
2025-08,west,MRD,2026,MRD-SP,1.6T 하이브리드,AWD,실버,1,1,319
2025-08,west,MRD,2026,MRD-SP,1.6T 하이브리드,AWD,오션 블루,1,1,245
2025-08,west,MRD,2026,MRD-SP,1.6T 하이브리드,AWD,선셋 레드,1,1,196
2025-08,west,MRD,2026,MRD-SP,1.6T 하이브리드,FWD,스노우 화이트,7,7,2352
2025-08,west,MRD,2026,MRD-SP,1.6T 하이브리드,FWD,미드나잇 블랙,5,5,1862
2025-08,west,MRD,2026,MRD-SP,1.6T 하이브리드,FWD,스틸 그레이,4,4,1568
2025-08,west,MRD,2026,MRD-SP,1.6T 하이브리드,FWD,실버,4,4,1274
2025-08,west,MRD,2026,MRD-SP,1.6T 하이브리드,FWD,오션 블루,3,3,980
2025-08,west,MRD,2026,MRD-SP,1.6T 하이브리드,FWD,선셋 레드,2,2,784
2025-08,west,MRD,2026,MRD-SP,1.6T 하이브리드,FWD,포레스트 그린,1,1,490
2025-08,west,MRD,2026,MRD-SP,1.6T 하이브리드,FWD,샌드 베이지,1,1,490
2025-08,central,MRD,2025,MRD-CO,2.0 가솔린,AWD,스노우 화이트,18,18,-4103
2025-08,central,MRD,2025,MRD-CO,2.0 가솔린,AWD,미드나잇 블랙,14,14,-3249
2025-08,central,MRD,2025,MRD-CO,2.0 가솔린,AWD,스틸 그레이,12,12,-2736
2025-08,central,MRD,2025,MRD-CO,2.0 가솔린,AWD,실버,10,10,-2223
2025-08,central,MRD,2025,MRD-CO,2.0 가솔린,AWD,오션 블루,7,8,-1710
2025-08,central,MRD,2025,MRD-CO,2.0 가솔린,AWD,선셋 레드,6,6,-1368
2025-08,central,MRD,2025,MRD-CO,2.0 가솔린,AWD,포레스트 그린,4,4,-855
2025-08,central,MRD,2025,MRD-CO,2.0 가솔린,AWD,샌드 베이지,4,4,-855
2025-08,central,MRD,2025,MRD-CO,2.0 가솔린,FWD,스노우 화이트,60,61,-13738
2025-08,central,MRD,2025,MRD-CO,2.0 가솔린,FWD,미드나잇 블랙,48,48,-10876
2025-08,central,MRD,2025,MRD-CO,2.0 가솔린,FWD,스틸 그레이,40,41,-9158
2025-08,central,MRD,2025,MRD-CO,2.0 가솔린,FWD,실버,33,33,-7441
2025-08,central,MRD,2025,MRD-CO,2.0 가솔린,FWD,오션 블루,25,26,-5724
2025-08,central,MRD,2025,MRD-CO,2.0 가솔린,FWD,선셋 레드,20,20,-4579
2025-08,central,MRD,2025,MRD-CO,2.0 가솔린,FWD,포레스트 그린,13,13,-2862
2025-08,central,MRD,2025,MRD-CO,2.0 가솔린,FWD,샌드 베이지,13,13,-2862
2025-08,central,MRD,2025,MRD-CO,1.6T 하이브리드,AWD,스노우 화이트,15,15,-3385
2025-08,central,MRD,2025,MRD-CO,1.6T 하이브리드,AWD,미드나잇 블랙,12,12,-2679
2025-08,central,MRD,2025,MRD-CO,1.6T 하이브리드,AWD,스틸 그레이,10,10,-2256
2025-08,central,MRD,2025,MRD-CO,1.6T 하이브리드,AWD,실버,8,8,-1833
2025-08,central,MRD,2025,MRD-CO,1.6T 하이브리드,AWD,오션 블루,6,6,-1410
2025-08,central,MRD,2025,MRD-CO,1.6T 하이브리드,AWD,선셋 레드,5,5,-1128
2025-08,central,MRD,2025,MRD-CO,1.6T 하이브리드,AWD,포레스트 그린,3,3,-705
2025-08,central,MRD,2025,MRD-CO,1.6T 하이브리드,AWD,샌드 베이지,3,3,-705
2025-08,central,MRD,2025,MRD-CO,1.6T 하이브리드,FWD,스노우 화이트,50,51,-11331
2025-08,central,MRD,2025,MRD-CO,1.6T 하이브리드,FWD,미드나잇 블랙,39,40,-8970
2025-08,central,MRD,2025,MRD-CO,1.6T 하이브리드,FWD,스틸 그레이,33,34,-7554
2025-08,central,MRD,2025,MRD-CO,1.6T 하이브리드,FWD,실버,27,27,-6138
2025-08,central,MRD,2025,MRD-CO,1.6T 하이브리드,FWD,오션 블루,21,21,-4721
2025-08,central,MRD,2025,MRD-CO,1.6T 하이브리드,FWD,선셋 레드,17,17,-3777
2025-08,central,MRD,2025,MRD-CO,1.6T 하이브리드,FWD,포레스트 그린,10,11,-2361
2025-08,central,MRD,2025,MRD-CO,1.6T 하이브리드,FWD,샌드 베이지,10,11,-2361
2025-08,central,MRD,2025,MRD-PR,2.0 가솔린,AWD,스노우 화이트,21,21,-323
2025-08,central,MRD,2025,MRD-PR,2.0 가솔린,AWD,미드나잇 블랙,16,17,-256
2025-08,central,MRD,2025,MRD-PR,2.0 가솔린,AWD,스틸 그레이,14,14,-216
2025-08,central,MRD,2025,MRD-PR,2.0 가솔린,AWD,실버,11,11,-175
2025-08,central,MRD,2025,MRD-PR,2.0 가솔린,AWD,오션 블루,9,9,-135
2025-08,central,MRD,2025,MRD-PR,2.0 가솔린,AWD,선셋 레드,7,7,-108
2025-08,central,MRD,2025,MRD-PR,2.0 가솔린,AWD,포레스트 그린,4,4,-67
2025-08,central,MRD,2025,MRD-PR,2.0 가솔린,AWD,샌드 베이지,4,4,-67
2025-08,central,MRD,2025,MRD-PR,2.0 가솔린,FWD,스노우 화이트,70,71,-1083
2025-08,central,MRD,2025,MRD-PR,2.0 가솔린,FWD,미드나잇 블랙,55,56,-857
2025-08,central,MRD,2025,MRD-PR,2.0 가솔린,FWD,스틸 그레이,46,47,-722
2025-08,central,MRD,2025,MRD-PR,2.0 가솔린,FWD,실버,38,38,-586
2025-08,central,MRD,2025,MRD-PR,2.0 가솔린,FWD,오션 블루,29,30,-451
2025-08,central,MRD,2025,MRD-PR,2.0 가솔린,FWD,선셋 레드,23,24,-361
2025-08,central,MRD,2025,MRD-PR,2.0 가솔린,FWD,포레스트 그린,14,15,-226
2025-08,central,MRD,2025,MRD-PR,2.0 가솔린,FWD,샌드 베이지,14,15,-226
2025-08,central,MRD,2025,MRD-PR,1.6T 하이브리드,AWD,스노우 화이트,17,17,-267
2025-08,central,MRD,2025,MRD-PR,1.6T 하이브리드,AWD,미드나잇 블랙,14,14,-211
2025-08,central,MRD,2025,MRD-PR,1.6T 하이브리드,AWD,스틸 그레이,11,12,-178
2025-08,central,MRD,2025,MRD-PR,1.6T 하이브리드,AWD,실버,9,9,-144
2025-08,central,MRD,2025,MRD-PR,1.6T 하이브리드,AWD,오션 블루,7,7,-111
2025-08,central,MRD,2025,MRD-PR,1.6T 하이브리드,AWD,선셋 레드,6,6,-89
2025-08,central,MRD,2025,MRD-PR,1.6T 하이브리드,AWD,포레스트 그린,4,4,-56
2025-08,central,MRD,2025,MRD-PR,1.6T 하이브리드,AWD,샌드 베이지,4,4,-56
2025-08,central,MRD,2025,MRD-PR,1.6T 하이브리드,FWD,스노우 화이트,57,58,-893
2025-08,central,MRD,2025,MRD-PR,1.6T 하이브리드,FWD,미드나잇 블랙,45,46,-707
2025-08,central,MRD,2025,MRD-PR,1.6T 하이브리드,FWD,스틸 그레이,38,39,-595
2025-08,central,MRD,2025,MRD-PR,1.6T 하이브리드,FWD,실버,31,32,-484
2025-08,central,MRD,2025,MRD-PR,1.6T 하이브리드,FWD,오션 블루,24,24,-372
2025-08,central,MRD,2025,MRD-PR,1.6T 하이브리드,FWD,선셋 레드,19,19,-298
2025-08,central,MRD,2025,MRD-PR,1.6T 하이브리드,FWD,포레스트 그린,12,12,-186
2025-08,central,MRD,2025,MRD-PR,1.6T 하이브리드,FWD,샌드 베이지,12,12,-186
2025-08,central,MRD,2025,MRD-SP,2.0 가솔린,AWD,스노우 화이트,8,9,3038
2025-08,central,MRD,2025,MRD-SP,2.0 가솔린,AWD,미드나잇 블랙,7,7,2405
2025-08,central,MRD,2025,MRD-SP,2.0 가솔린,AWD,스틸 그레이,6,6,2025
2025-08,central,MRD,2025,MRD-SP,2.0 가솔린,AWD,실버,5,5,1645
2025-08,central,MRD,2025,MRD-SP,2.0 가솔린,AWD,오션 블루,4,4,1266
2025-08,central,MRD,2025,MRD-SP,2.0 가솔린,AWD,선셋 레드,3,3,1013
2025-08,central,MRD,2025,MRD-SP,2.0 가솔린,AWD,포레스트 그린,2,2,633
2025-08,central,MRD,2025,MRD-SP,2.0 가솔린,AWD,샌드 베이지,2,2,633
2025-08,central,MRD,2025,MRD-SP,2.0 가솔린,FWD,스노우 화이트,28,29,10170
2025-08,central,MRD,2025,MRD-SP,2.0 가솔린,FWD,미드나잇 블랙,23,23,8051
2025-08,central,MRD,2025,MRD-SP,2.0 가솔린,FWD,스틸 그레이,19,19,6780
2025-08,central,MRD,2025,MRD-SP,2.0 가솔린,FWD,실버,15,16,5509
2025-08,central,MRD,2025,MRD-SP,2.0 가솔린,FWD,오션 블루,12,12,4238
2025-08,central,MRD,2025,MRD-SP,2.0 가솔린,FWD,선셋 레드,9,10,3390
2025-08,central,MRD,2025,MRD-SP,2.0 가솔린,FWD,포레스트 그린,6,6,2119
2025-08,central,MRD,2025,MRD-SP,2.0 가솔린,FWD,샌드 베이지,6,6,2119
2025-08,central,MRD,2025,MRD-SP,1.6T 하이브리드,AWD,스노우 화이트,7,7,2506
2025-08,central,MRD,2025,MRD-SP,1.6T 하이브리드,AWD,미드나잇 블랙,6,6,1984
2025-08,central,MRD,2025,MRD-SP,1.6T 하이브리드,AWD,스틸 그레이,5,5,1670
2025-08,central,MRD,2025,MRD-SP,1.6T 하이브리드,AWD,실버,4,4,1357
2025-08,central,MRD,2025,MRD-SP,1.6T 하이브리드,AWD,오션 블루,3,3,1044
2025-08,central,MRD,2025,MRD-SP,1.6T 하이브리드,AWD,선셋 레드,2,2,835
2025-08,central,MRD,2025,MRD-SP,1.6T 하이브리드,AWD,포레스트 그린,1,1,522
2025-08,central,MRD,2025,MRD-SP,1.6T 하이브리드,AWD,샌드 베이지,1,1,522
2025-08,central,MRD,2025,MRD-SP,1.6T 하이브리드,FWD,스노우 화이트,23,24,8388
2025-08,central,MRD,2025,MRD-SP,1.6T 하이브리드,FWD,미드나잇 블랙,19,19,6641
2025-08,central,MRD,2025,MRD-SP,1.6T 하이브리드,FWD,스틸 그레이,16,16,5592
2025-08,central,MRD,2025,MRD-SP,1.6T 하이브리드,FWD,실버,13,13,4544
2025-08,central,MRD,2025,MRD-SP,1.6T 하이브리드,FWD,오션 블루,10,10,3495
2025-08,central,MRD,2025,MRD-SP,1.6T 하이브리드,FWD,선셋 레드,8,8,2796
2025-08,central,MRD,2025,MRD-SP,1.6T 하이브리드,FWD,포레스트 그린,5,5,1748
2025-08,central,MRD,2025,MRD-SP,1.6T 하이브리드,FWD,샌드 베이지,5,5,1748
2025-08,central,MRD,2026,MRD-CO,2.0 가솔린,AWD,스노우 화이트,3,3,-724
2025-08,central,MRD,2026,MRD-CO,2.0 가솔린,AWD,미드나잇 블랙,3,3,-573
2025-08,central,MRD,2026,MRD-CO,2.0 가솔린,AWD,스틸 그레이,2,2,-483
2025-08,central,MRD,2026,MRD-CO,2.0 가솔린,AWD,실버,2,2,-392
2025-08,central,MRD,2026,MRD-CO,2.0 가솔린,AWD,오션 블루,1,1,-302
2025-08,central,MRD,2026,MRD-CO,2.0 가솔린,AWD,선셋 레드,1,1,-241
2025-08,central,MRD,2026,MRD-CO,2.0 가솔린,AWD,포레스트 그린,1,1,-151
2025-08,central,MRD,2026,MRD-CO,2.0 가솔린,AWD,샌드 베이지,1,1,-151
2025-08,central,MRD,2026,MRD-CO,2.0 가솔린,FWD,스노우 화이트,11,11,-2424
2025-08,central,MRD,2026,MRD-CO,2.0 가솔린,FWD,미드나잇 블랙,8,9,-1919
2025-08,central,MRD,2026,MRD-CO,2.0 가솔린,FWD,스틸 그레이,7,7,-1616
2025-08,central,MRD,2026,MRD-CO,2.0 가솔린,FWD,실버,6,6,-1313
2025-08,central,MRD,2026,MRD-CO,2.0 가솔린,FWD,오션 블루,4,5,-1010
2025-08,central,MRD,2026,MRD-CO,2.0 가솔린,FWD,선셋 레드,4,4,-808
2025-08,central,MRD,2026,MRD-CO,2.0 가솔린,FWD,포레스트 그린,2,2,-505
2025-08,central,MRD,2026,MRD-CO,2.0 가솔린,FWD,샌드 베이지,2,2,-505
2025-08,central,MRD,2026,MRD-CO,1.6T 하이브리드,AWD,스노우 화이트,3,3,-597
2025-08,central,MRD,2026,MRD-CO,1.6T 하이브리드,AWD,미드나잇 블랙,2,2,-473
2025-08,central,MRD,2026,MRD-CO,1.6T 하이브리드,AWD,스틸 그레이,2,2,-398
2025-08,central,MRD,2026,MRD-CO,1.6T 하이브리드,AWD,실버,1,1,-324
2025-08,central,MRD,2026,MRD-CO,1.6T 하이브리드,AWD,오션 블루,1,1,-249
2025-08,central,MRD,2026,MRD-CO,1.6T 하이브리드,AWD,선셋 레드,1,1,-199
2025-08,central,MRD,2026,MRD-CO,1.6T 하이브리드,AWD,포레스트 그린,1,1,-124
2025-08,central,MRD,2026,MRD-CO,1.6T 하이브리드,AWD,샌드 베이지,1,1,-124
2025-08,central,MRD,2026,MRD-CO,1.6T 하이브리드,FWD,스노우 화이트,9,9,-2000
2025-08,central,MRD,2026,MRD-CO,1.6T 하이브리드,FWD,미드나잇 블랙,7,7,-1583
2025-08,central,MRD,2026,MRD-CO,1.6T 하이브리드,FWD,스틸 그레이,6,6,-1333
2025-08,central,MRD,2026,MRD-CO,1.6T 하이브리드,FWD,실버,5,5,-1083
2025-08,central,MRD,2026,MRD-CO,1.6T 하이브리드,FWD,오션 블루,4,4,-833
2025-08,central,MRD,2026,MRD-CO,1.6T 하이브리드,FWD,선셋 레드,3,3,-667
2025-08,central,MRD,2026,MRD-CO,1.6T 하이브리드,FWD,포레스트 그린,2,2,-417
2025-08,central,MRD,2026,MRD-CO,1.6T 하이브리드,FWD,샌드 베이지,2,2,-417
2025-08,central,MRD,2026,MRD-PR,2.0 가솔린,AWD,스노우 화이트,4,4,-57
2025-08,central,MRD,2026,MRD-PR,2.0 가솔린,AWD,미드나잇 블랙,3,3,-45
2025-08,central,MRD,2026,MRD-PR,2.0 가솔린,AWD,스틸 그레이,2,2,-38
2025-08,central,MRD,2026,MRD-PR,2.0 가솔린,AWD,실버,2,2,-31
2025-08,central,MRD,2026,MRD-PR,2.0 가솔린,AWD,오션 블루,2,2,-24
2025-08,central,MRD,2026,MRD-PR,2.0 가솔린,AWD,선셋 레드,1,1,-19
2025-08,central,MRD,2026,MRD-PR,2.0 가솔린,AWD,포레스트 그린,1,1,-12
2025-08,central,MRD,2026,MRD-PR,2.0 가솔린,AWD,샌드 베이지,1,1,-12
2025-08,central,MRD,2026,MRD-PR,2.0 가솔린,FWD,스노우 화이트,12,13,-191
2025-08,central,MRD,2026,MRD-PR,2.0 가솔린,FWD,미드나잇 블랙,10,10,-151
2025-08,central,MRD,2026,MRD-PR,2.0 가솔린,FWD,스틸 그레이,8,8,-127
2025-08,central,MRD,2026,MRD-PR,2.0 가솔린,FWD,실버,7,7,-103
2025-08,central,MRD,2026,MRD-PR,2.0 가솔린,FWD,오션 블루,5,5,-80
2025-08,central,MRD,2026,MRD-PR,2.0 가솔린,FWD,선셋 레드,4,4,-64
2025-08,central,MRD,2026,MRD-PR,2.0 가솔린,FWD,포레스트 그린,3,3,-40
2025-08,central,MRD,2026,MRD-PR,2.0 가솔린,FWD,샌드 베이지,3,3,-40
2025-08,central,MRD,2026,MRD-PR,1.6T 하이브리드,AWD,스노우 화이트,3,3,-47
2025-08,central,MRD,2026,MRD-PR,1.6T 하이브리드,AWD,미드나잇 블랙,2,2,-37
2025-08,central,MRD,2026,MRD-PR,1.6T 하이브리드,AWD,스틸 그레이,2,2,-31
2025-08,central,MRD,2026,MRD-PR,1.6T 하이브리드,AWD,실버,2,2,-25
2025-08,central,MRD,2026,MRD-PR,1.6T 하이브리드,AWD,오션 블루,1,1,-20
2025-08,central,MRD,2026,MRD-PR,1.6T 하이브리드,AWD,선셋 레드,1,1,-16
2025-08,central,MRD,2026,MRD-PR,1.6T 하이브리드,AWD,포레스트 그린,1,1,-10
2025-08,central,MRD,2026,MRD-PR,1.6T 하이브리드,AWD,샌드 베이지,1,1,-10
2025-08,central,MRD,2026,MRD-PR,1.6T 하이브리드,FWD,스노우 화이트,10,10,-158
2025-08,central,MRD,2026,MRD-PR,1.6T 하이브리드,FWD,미드나잇 블랙,8,8,-125
2025-08,central,MRD,2026,MRD-PR,1.6T 하이브리드,FWD,스틸 그레이,7,7,-105
2025-08,central,MRD,2026,MRD-PR,1.6T 하이브리드,FWD,실버,5,6,-85
2025-08,central,MRD,2026,MRD-PR,1.6T 하이브리드,FWD,오션 블루,4,4,-66
2025-08,central,MRD,2026,MRD-PR,1.6T 하이브리드,FWD,선셋 레드,3,3,-53
2025-08,central,MRD,2026,MRD-PR,1.6T 하이브리드,FWD,포레스트 그린,2,2,-33
2025-08,central,MRD,2026,MRD-PR,1.6T 하이브리드,FWD,샌드 베이지,2,2,-33
2025-08,central,MRD,2026,MRD-SP,2.0 가솔린,AWD,스노우 화이트,1,2,536
2025-08,central,MRD,2026,MRD-SP,2.0 가솔린,AWD,미드나잇 블랙,1,1,424
2025-08,central,MRD,2026,MRD-SP,2.0 가솔린,AWD,스틸 그레이,1,1,357
2025-08,central,MRD,2026,MRD-SP,2.0 가솔린,AWD,실버,1,1,290
2025-08,central,MRD,2026,MRD-SP,2.0 가솔린,AWD,오션 블루,1,1,223
2025-08,central,MRD,2026,MRD-SP,2.0 가솔린,FWD,스노우 화이트,5,5,1795
2025-08,central,MRD,2026,MRD-SP,2.0 가솔린,FWD,미드나잇 블랙,4,4,1421
2025-08,central,MRD,2026,MRD-SP,2.0 가솔린,FWD,스틸 그레이,3,3,1196
2025-08,central,MRD,2026,MRD-SP,2.0 가솔린,FWD,실버,3,3,972
2025-08,central,MRD,2026,MRD-SP,2.0 가솔린,FWD,오션 블루,2,2,748
2025-08,central,MRD,2026,MRD-SP,2.0 가솔린,FWD,선셋 레드,2,2,598
2025-08,central,MRD,2026,MRD-SP,2.0 가솔린,FWD,포레스트 그린,1,1,374
2025-08,central,MRD,2026,MRD-SP,2.0 가솔린,FWD,샌드 베이지,1,1,374
2025-08,central,MRD,2026,MRD-SP,1.6T 하이브리드,AWD,스노우 화이트,1,1,442
2025-08,central,MRD,2026,MRD-SP,1.6T 하이브리드,AWD,미드나잇 블랙,1,1,350
2025-08,central,MRD,2026,MRD-SP,1.6T 하이브리드,AWD,스틸 그레이,1,1,295
2025-08,central,MRD,2026,MRD-SP,1.6T 하이브리드,AWD,실버,1,1,240
2025-08,central,MRD,2026,MRD-SP,1.6T 하이브리드,AWD,오션 블루,1,1,184
2025-08,central,MRD,2026,MRD-SP,1.6T 하이브리드,FWD,스노우 화이트,4,4,1480
2025-08,central,MRD,2026,MRD-SP,1.6T 하이브리드,FWD,미드나잇 블랙,3,3,1172
2025-08,central,MRD,2026,MRD-SP,1.6T 하이브리드,FWD,스틸 그레이,3,3,987
2025-08,central,MRD,2026,MRD-SP,1.6T 하이브리드,FWD,실버,2,2,802
2025-08,central,MRD,2026,MRD-SP,1.6T 하이브리드,FWD,오션 블루,2,2,617
2025-08,central,MRD,2026,MRD-SP,1.6T 하이브리드,FWD,선셋 레드,1,1,493
2025-08,central,MRD,2026,MRD-SP,1.6T 하이브리드,FWD,포레스트 그린,1,1,308
2025-08,central,MRD,2026,MRD-SP,1.6T 하이브리드,FWD,샌드 베이지,1,1,308
2025-08,south,MRD,2025,MRD-CO,2.0 가솔린,AWD,스노우 화이트,15,15,-3325
2025-08,south,MRD,2025,MRD-CO,2.0 가솔린,AWD,미드나잇 블랙,12,12,-2632
2025-08,south,MRD,2025,MRD-CO,2.0 가솔린,AWD,스틸 그레이,10,10,-2217
2025-08,south,MRD,2025,MRD-CO,2.0 가솔린,AWD,실버,8,8,-1801
2025-08,south,MRD,2025,MRD-CO,2.0 가솔린,AWD,오션 블루,6,6,-1385
2025-08,south,MRD,2025,MRD-CO,2.0 가솔린,AWD,선셋 레드,5,5,-1108
2025-08,south,MRD,2025,MRD-CO,2.0 가솔린,AWD,포레스트 그린,3,3,-693
2025-08,south,MRD,2025,MRD-CO,2.0 가솔린,AWD,샌드 베이지,3,3,-693
2025-08,south,MRD,2025,MRD-CO,2.0 가솔린,FWD,스노우 화이트,86,88,-19764
2025-08,south,MRD,2025,MRD-CO,2.0 가솔린,FWD,미드나잇 블랙,68,70,-15646
2025-08,south,MRD,2025,MRD-CO,2.0 가솔린,FWD,스틸 그레이,58,59,-13176
2025-08,south,MRD,2025,MRD-CO,2.0 가솔린,FWD,실버,47,48,-10705
2025-08,south,MRD,2025,MRD-CO,2.0 가솔린,FWD,오션 블루,36,37,-8235
2025-08,south,MRD,2025,MRD-CO,2.0 가솔린,FWD,선셋 레드,29,29,-6588
2025-08,south,MRD,2025,MRD-CO,2.0 가솔린,FWD,포레스트 그린,18,18,-4117
2025-08,south,MRD,2025,MRD-CO,2.0 가솔린,FWD,샌드 베이지,18,18,-4117
2025-08,south,MRD,2025,MRD-CO,1.6T 하이브리드,AWD,스노우 화이트,12,12,-2742
2025-08,south,MRD,2025,MRD-CO,1.6T 하이브리드,AWD,미드나잇 블랙,9,10,-2171
2025-08,south,MRD,2025,MRD-CO,1.6T 하이브리드,AWD,스틸 그레이,8,8,-1828
2025-08,south,MRD,2025,MRD-CO,1.6T 하이브리드,AWD,실버,6,7,-1485
2025-08,south,MRD,2025,MRD-CO,1.6T 하이브리드,AWD,오션 블루,5,5,-1143
2025-08,south,MRD,2025,MRD-CO,1.6T 하이브리드,AWD,선셋 레드,4,4,-914
2025-08,south,MRD,2025,MRD-CO,1.6T 하이브리드,AWD,포레스트 그린,2,3,-571
2025-08,south,MRD,2025,MRD-CO,1.6T 하이브리드,AWD,샌드 베이지,2,3,-571
2025-08,south,MRD,2025,MRD-CO,1.6T 하이브리드,FWD,스노우 화이트,71,73,-16302
2025-08,south,MRD,2025,MRD-CO,1.6T 하이브리드,FWD,미드나잇 블랙,56,58,-12905
2025-08,south,MRD,2025,MRD-CO,1.6T 하이브리드,FWD,스틸 그레이,47,48,-10868
2025-08,south,MRD,2025,MRD-CO,1.6T 하이브리드,FWD,실버,39,39,-8830
2025-08,south,MRD,2025,MRD-CO,1.6T 하이브리드,FWD,오션 블루,30,30,-6792
2025-08,south,MRD,2025,MRD-CO,1.6T 하이브리드,FWD,선셋 레드,24,24,-5434
2025-08,south,MRD,2025,MRD-CO,1.6T 하이브리드,FWD,포레스트 그린,15,15,-3396
2025-08,south,MRD,2025,MRD-CO,1.6T 하이브리드,FWD,샌드 베이지,15,15,-3396
2025-08,south,MRD,2025,MRD-PR,2.0 가솔린,AWD,스노우 화이트,17,17,-262
2025-08,south,MRD,2025,MRD-PR,2.0 가솔린,AWD,미드나잇 블랙,13,14,-207
2025-08,south,MRD,2025,MRD-PR,2.0 가솔린,AWD,스틸 그레이,11,11,-175
2025-08,south,MRD,2025,MRD-PR,2.0 가솔린,AWD,실버,9,9,-142
2025-08,south,MRD,2025,MRD-PR,2.0 가솔린,AWD,오션 블루,7,7,-109
2025-08,south,MRD,2025,MRD-PR,2.0 가솔린,AWD,선셋 레드,6,6,-87
2025-08,south,MRD,2025,MRD-PR,2.0 가솔린,AWD,포레스트 그린,4,4,-55
2025-08,south,MRD,2025,MRD-PR,2.0 가솔린,AWD,샌드 베이지,4,4,-55
2025-08,south,MRD,2025,MRD-PR,2.0 가솔린,FWD,스노우 화이트,100,102,-1557
2025-08,south,MRD,2025,MRD-PR,2.0 가솔린,FWD,미드나잇 블랙,79,81,-1233
2025-08,south,MRD,2025,MRD-PR,2.0 가솔린,FWD,스틸 그레이,67,68,-1038
2025-08,south,MRD,2025,MRD-PR,2.0 가솔린,FWD,실버,54,55,-844
2025-08,south,MRD,2025,MRD-PR,2.0 가솔린,FWD,오션 블루,42,43,-649
2025-08,south,MRD,2025,MRD-PR,2.0 가솔린,FWD,선셋 레드,33,34,-519
2025-08,south,MRD,2025,MRD-PR,2.0 가솔린,FWD,포레스트 그린,21,21,-324
2025-08,south,MRD,2025,MRD-PR,2.0 가솔린,FWD,샌드 베이지,21,21,-324
2025-08,south,MRD,2025,MRD-PR,1.6T 하이브리드,AWD,스노우 화이트,14,14,-216
2025-08,south,MRD,2025,MRD-PR,1.6T 하이브리드,AWD,미드나잇 블랙,11,11,-171
2025-08,south,MRD,2025,MRD-PR,1.6T 하이브리드,AWD,스틸 그레이,9,9,-144
2025-08,south,MRD,2025,MRD-PR,1.6T 하이브리드,AWD,실버,8,8,-117
2025-08,south,MRD,2025,MRD-PR,1.6T 하이브리드,AWD,오션 블루,6,6,-90
2025-08,south,MRD,2025,MRD-PR,1.6T 하이브리드,AWD,선셋 레드,5,5,-72
2025-08,south,MRD,2025,MRD-PR,1.6T 하이브리드,AWD,포레스트 그린,3,3,-45
2025-08,south,MRD,2025,MRD-PR,1.6T 하이브리드,AWD,샌드 베이지,3,3,-45
2025-08,south,MRD,2025,MRD-PR,1.6T 하이브리드,FWD,스노우 화이트,82,84,-1285
2025-08,south,MRD,2025,MRD-PR,1.6T 하이브리드,FWD,미드나잇 블랙,65,67,-1017
2025-08,south,MRD,2025,MRD-PR,1.6T 하이브리드,FWD,스틸 그레이,55,56,-856
2025-08,south,MRD,2025,MRD-PR,1.6T 하이브리드,FWD,실버,45,46,-696
2025-08,south,MRD,2025,MRD-PR,1.6T 하이브리드,FWD,오션 블루,34,35,-535
2025-08,south,MRD,2025,MRD-PR,1.6T 하이브리드,FWD,선셋 레드,27,28,-428
2025-08,south,MRD,2025,MRD-PR,1.6T 하이브리드,FWD,포레스트 그린,17,18,-268
2025-08,south,MRD,2025,MRD-PR,1.6T 하이브리드,FWD,샌드 베이지,17,18,-268
2025-08,south,MRD,2025,MRD-SP,2.0 가솔린,AWD,스노우 화이트,7,7,2461
2025-08,south,MRD,2025,MRD-SP,2.0 가솔린,AWD,미드나잇 블랙,5,6,1949
2025-08,south,MRD,2025,MRD-SP,2.0 가솔린,AWD,스틸 그레이,5,5,1641
2025-08,south,MRD,2025,MRD-SP,2.0 가솔린,AWD,실버,4,4,1333
2025-08,south,MRD,2025,MRD-SP,2.0 가솔린,AWD,오션 블루,3,3,1026
2025-08,south,MRD,2025,MRD-SP,2.0 가솔린,AWD,선셋 레드,2,2,820
2025-08,south,MRD,2025,MRD-SP,2.0 가솔린,AWD,포레스트 그린,1,1,513
2025-08,south,MRD,2025,MRD-SP,2.0 가솔린,AWD,샌드 베이지,1,1,513
2025-08,south,MRD,2025,MRD-SP,2.0 가솔린,FWD,스노우 화이트,41,42,14631
2025-08,south,MRD,2025,MRD-SP,2.0 가솔린,FWD,미드나잇 블랙,32,33,11583
2025-08,south,MRD,2025,MRD-SP,2.0 가솔린,FWD,스틸 그레이,27,28,9754
2025-08,south,MRD,2025,MRD-SP,2.0 가솔린,FWD,실버,22,23,7925
2025-08,south,MRD,2025,MRD-SP,2.0 가솔린,FWD,오션 블루,17,17,6096
2025-08,south,MRD,2025,MRD-SP,2.0 가솔린,FWD,선셋 레드,14,14,4877
2025-08,south,MRD,2025,MRD-SP,2.0 가솔린,FWD,포레스트 그린,9,9,3048
2025-08,south,MRD,2025,MRD-SP,2.0 가솔린,FWD,샌드 베이지,9,9,3048
2025-08,south,MRD,2025,MRD-SP,1.6T 하이브리드,AWD,스노우 화이트,6,6,2030
2025-08,south,MRD,2025,MRD-SP,1.6T 하이브리드,AWD,미드나잇 블랙,4,5,1607
2025-08,south,MRD,2025,MRD-SP,1.6T 하이브리드,AWD,스틸 그레이,4,4,1353
2025-08,south,MRD,2025,MRD-SP,1.6T 하이브리드,AWD,실버,3,3,1100
2025-08,south,MRD,2025,MRD-SP,1.6T 하이브리드,AWD,오션 블루,2,2,846
2025-08,south,MRD,2025,MRD-SP,1.6T 하이브리드,AWD,선셋 레드,2,2,677
2025-08,south,MRD,2025,MRD-SP,1.6T 하이브리드,AWD,포레스트 그린,1,1,423
2025-08,south,MRD,2025,MRD-SP,1.6T 하이브리드,AWD,샌드 베이지,1,1,423
2025-08,south,MRD,2025,MRD-SP,1.6T 하이브리드,FWD,스노우 화이트,34,34,12068
2025-08,south,MRD,2025,MRD-SP,1.6T 하이브리드,FWD,미드나잇 블랙,27,27,9554
2025-08,south,MRD,2025,MRD-SP,1.6T 하이브리드,FWD,스틸 그레이,22,23,8045
2025-08,south,MRD,2025,MRD-SP,1.6T 하이브리드,FWD,실버,18,19,6537
2025-08,south,MRD,2025,MRD-SP,1.6T 하이브리드,FWD,오션 블루,14,14,5028
2025-08,south,MRD,2025,MRD-SP,1.6T 하이브리드,FWD,선셋 레드,11,11,4023
2025-08,south,MRD,2025,MRD-SP,1.6T 하이브리드,FWD,포레스트 그린,7,7,2514
2025-08,south,MRD,2025,MRD-SP,1.6T 하이브리드,FWD,샌드 베이지,7,7,2514
2025-08,south,MRD,2026,MRD-CO,2.0 가솔린,AWD,스노우 화이트,3,3,-587
2025-08,south,MRD,2026,MRD-CO,2.0 가솔린,AWD,미드나잇 블랙,2,2,-464
2025-08,south,MRD,2026,MRD-CO,2.0 가솔린,AWD,스틸 그레이,2,2,-391
2025-08,south,MRD,2026,MRD-CO,2.0 가솔린,AWD,실버,1,1,-318
2025-08,south,MRD,2026,MRD-CO,2.0 가솔린,AWD,오션 블루,1,1,-244
2025-08,south,MRD,2026,MRD-CO,2.0 가솔린,AWD,선셋 레드,1,1,-196
2025-08,south,MRD,2026,MRD-CO,2.0 가솔린,AWD,포레스트 그린,1,1,-122
2025-08,south,MRD,2026,MRD-CO,2.0 가솔린,AWD,샌드 베이지,1,1,-122
2025-08,south,MRD,2026,MRD-CO,2.0 가솔린,FWD,스노우 화이트,15,16,-3488
2025-08,south,MRD,2026,MRD-CO,2.0 가솔린,FWD,미드나잇 블랙,12,12,-2761
2025-08,south,MRD,2026,MRD-CO,2.0 가솔린,FWD,스틸 그레이,10,10,-2325
2025-08,south,MRD,2026,MRD-CO,2.0 가솔린,FWD,실버,8,8,-1889
2025-08,south,MRD,2026,MRD-CO,2.0 가솔린,FWD,오션 블루,6,6,-1453
2025-08,south,MRD,2026,MRD-CO,2.0 가솔린,FWD,선셋 레드,5,5,-1163
2025-08,south,MRD,2026,MRD-CO,2.0 가솔린,FWD,포레스트 그린,3,3,-727
2025-08,south,MRD,2026,MRD-CO,2.0 가솔린,FWD,샌드 베이지,3,3,-727
2025-08,south,MRD,2026,MRD-CO,1.6T 하이브리드,AWD,스노우 화이트,2,2,-484
2025-08,south,MRD,2026,MRD-CO,1.6T 하이브리드,AWD,미드나잇 블랙,2,2,-383
2025-08,south,MRD,2026,MRD-CO,1.6T 하이브리드,AWD,스틸 그레이,1,1,-323
2025-08,south,MRD,2026,MRD-CO,1.6T 하이브리드,AWD,실버,1,1,-262
2025-08,south,MRD,2026,MRD-CO,1.6T 하이브리드,AWD,오션 블루,1,1,-202
2025-08,south,MRD,2026,MRD-CO,1.6T 하이브리드,AWD,선셋 레드,1,1,-161
2025-08,south,MRD,2026,MRD-CO,1.6T 하이브리드,FWD,스노우 화이트,13,13,-2877
2025-08,south,MRD,2026,MRD-CO,1.6T 하이브리드,FWD,미드나잇 블랙,10,10,-2277
2025-08,south,MRD,2026,MRD-CO,1.6T 하이브리드,FWD,스틸 그레이,8,9,-1918
2025-08,south,MRD,2026,MRD-CO,1.6T 하이브리드,FWD,실버,7,7,-1558
2025-08,south,MRD,2026,MRD-CO,1.6T 하이브리드,FWD,오션 블루,5,5,-1199
2025-08,south,MRD,2026,MRD-CO,1.6T 하이브리드,FWD,선셋 레드,4,4,-959
2025-08,south,MRD,2026,MRD-CO,1.6T 하이브리드,FWD,포레스트 그린,3,3,-599
2025-08,south,MRD,2026,MRD-CO,1.6T 하이브리드,FWD,샌드 베이지,3,3,-599
2025-08,south,MRD,2026,MRD-PR,2.0 가솔린,AWD,스노우 화이트,3,3,-46
2025-08,south,MRD,2026,MRD-PR,2.0 가솔린,AWD,미드나잇 블랙,2,2,-37
2025-08,south,MRD,2026,MRD-PR,2.0 가솔린,AWD,스틸 그레이,2,2,-31
2025-08,south,MRD,2026,MRD-PR,2.0 가솔린,AWD,실버,2,2,-25
2025-08,south,MRD,2026,MRD-PR,2.0 가솔린,AWD,오션 블루,1,1,-19
2025-08,south,MRD,2026,MRD-PR,2.0 가솔린,AWD,선셋 레드,1,1,-15
2025-08,south,MRD,2026,MRD-PR,2.0 가솔린,AWD,포레스트 그린,1,1,-10
2025-08,south,MRD,2026,MRD-PR,2.0 가솔린,AWD,샌드 베이지,1,1,-10
2025-08,south,MRD,2026,MRD-PR,2.0 가솔린,FWD,스노우 화이트,18,18,-275
2025-08,south,MRD,2026,MRD-PR,2.0 가솔린,FWD,미드나잇 블랙,14,14,-218
2025-08,south,MRD,2026,MRD-PR,2.0 가솔린,FWD,스틸 그레이,12,12,-183
2025-08,south,MRD,2026,MRD-PR,2.0 가솔린,FWD,실버,10,10,-149
2025-08,south,MRD,2026,MRD-PR,2.0 가솔린,FWD,오션 블루,7,8,-115
2025-08,south,MRD,2026,MRD-PR,2.0 가솔린,FWD,선셋 레드,6,6,-92
2025-08,south,MRD,2026,MRD-PR,2.0 가솔린,FWD,포레스트 그린,4,4,-57
2025-08,south,MRD,2026,MRD-PR,2.0 가솔린,FWD,샌드 베이지,4,4,-57
2025-08,south,MRD,2026,MRD-PR,1.6T 하이브리드,AWD,스노우 화이트,2,2,-38
2025-08,south,MRD,2026,MRD-PR,1.6T 하이브리드,AWD,미드나잇 블랙,2,2,-30
2025-08,south,MRD,2026,MRD-PR,1.6T 하이브리드,AWD,스틸 그레이,2,2,-25
2025-08,south,MRD,2026,MRD-PR,1.6T 하이브리드,AWD,실버,1,1,-21
2025-08,south,MRD,2026,MRD-PR,1.6T 하이브리드,AWD,오션 블루,1,1,-16
2025-08,south,MRD,2026,MRD-PR,1.6T 하이브리드,AWD,선셋 레드,1,1,-13
2025-08,south,MRD,2026,MRD-PR,1.6T 하이브리드,AWD,포레스트 그린,1,1,-8
2025-08,south,MRD,2026,MRD-PR,1.6T 하이브리드,AWD,샌드 베이지,1,1,-8
2025-08,south,MRD,2026,MRD-PR,1.6T 하이브리드,FWD,스노우 화이트,15,15,-227
2025-08,south,MRD,2026,MRD-PR,1.6T 하이브리드,FWD,미드나잇 블랙,12,12,-179
2025-08,south,MRD,2026,MRD-PR,1.6T 하이브리드,FWD,스틸 그레이,10,10,-151
2025-08,south,MRD,2026,MRD-PR,1.6T 하이브리드,FWD,실버,8,8,-123
2025-08,south,MRD,2026,MRD-PR,1.6T 하이브리드,FWD,오션 블루,6,6,-94
2025-08,south,MRD,2026,MRD-PR,1.6T 하이브리드,FWD,선셋 레드,5,5,-76
2025-08,south,MRD,2026,MRD-PR,1.6T 하이브리드,FWD,포레스트 그린,3,3,-47
2025-08,south,MRD,2026,MRD-PR,1.6T 하이브리드,FWD,샌드 베이지,3,3,-47
2025-08,south,MRD,2026,MRD-SP,2.0 가솔린,AWD,스노우 화이트,1,1,434
2025-08,south,MRD,2026,MRD-SP,2.0 가솔린,AWD,미드나잇 블랙,1,1,344
2025-08,south,MRD,2026,MRD-SP,2.0 가솔린,AWD,스틸 그레이,1,1,290
2025-08,south,MRD,2026,MRD-SP,2.0 가솔린,AWD,실버,1,1,235
2025-08,south,MRD,2026,MRD-SP,2.0 가솔린,AWD,오션 블루,1,1,181
2025-08,south,MRD,2026,MRD-SP,2.0 가솔린,FWD,스노우 화이트,7,7,2582
2025-08,south,MRD,2026,MRD-SP,2.0 가솔린,FWD,미드나잇 블랙,6,6,2044
2025-08,south,MRD,2026,MRD-SP,2.0 가솔린,FWD,스틸 그레이,5,5,1721
2025-08,south,MRD,2026,MRD-SP,2.0 가솔린,FWD,실버,4,4,1399
2025-08,south,MRD,2026,MRD-SP,2.0 가솔린,FWD,오션 블루,3,3,1076
2025-08,south,MRD,2026,MRD-SP,2.0 가솔린,FWD,선셋 레드,2,2,861
2025-08,south,MRD,2026,MRD-SP,2.0 가솔린,FWD,포레스트 그린,2,2,538
2025-08,south,MRD,2026,MRD-SP,2.0 가솔린,FWD,샌드 베이지,2,2,538
2025-08,south,MRD,2026,MRD-SP,1.6T 하이브리드,AWD,스노우 화이트,1,1,358
2025-08,south,MRD,2026,MRD-SP,1.6T 하이브리드,AWD,미드나잇 블랙,1,1,284
2025-08,south,MRD,2026,MRD-SP,1.6T 하이브리드,AWD,스틸 그레이,1,1,239
2025-08,south,MRD,2026,MRD-SP,1.6T 하이브리드,AWD,실버,1,1,194
2025-08,south,MRD,2026,MRD-SP,1.6T 하이브리드,FWD,스노우 화이트,6,6,2130
2025-08,south,MRD,2026,MRD-SP,1.6T 하이브리드,FWD,미드나잇 블랙,5,5,1686
2025-08,south,MRD,2026,MRD-SP,1.6T 하이브리드,FWD,스틸 그레이,4,4,1420
2025-08,south,MRD,2026,MRD-SP,1.6T 하이브리드,FWD,실버,3,3,1154
2025-08,south,MRD,2026,MRD-SP,1.6T 하이브리드,FWD,오션 블루,2,3,887
2025-08,south,MRD,2026,MRD-SP,1.6T 하이브리드,FWD,선셋 레드,2,2,710
2025-08,south,MRD,2026,MRD-SP,1.6T 하이브리드,FWD,포레스트 그린,1,1,444
2025-08,south,MRD,2026,MRD-SP,1.6T 하이브리드,FWD,샌드 베이지,1,1,444
2025-08,northeast,MRD,2025,MRD-CO,2.0 가솔린,AWD,스노우 화이트,20,21,-4639
2025-08,northeast,MRD,2025,MRD-CO,2.0 가솔린,AWD,미드나잇 블랙,16,16,-3672
2025-08,northeast,MRD,2025,MRD-CO,2.0 가솔린,AWD,스틸 그레이,14,14,-3092
2025-08,northeast,MRD,2025,MRD-CO,2.0 가솔린,AWD,실버,11,11,-2513
2025-08,northeast,MRD,2025,MRD-CO,2.0 가솔린,AWD,오션 블루,8,9,-1933
2025-08,northeast,MRD,2025,MRD-CO,2.0 가솔린,AWD,선셋 레드,7,7,-1546
2025-08,northeast,MRD,2025,MRD-CO,2.0 가솔린,AWD,포레스트 그린,4,4,-966
2025-08,northeast,MRD,2025,MRD-CO,2.0 가솔린,AWD,샌드 베이지,4,4,-966
2025-08,northeast,MRD,2025,MRD-CO,2.0 가솔린,FWD,스노우 화이트,58,59,-13202
2025-08,northeast,MRD,2025,MRD-CO,2.0 가솔린,FWD,미드나잇 블랙,46,47,-10452
2025-08,northeast,MRD,2025,MRD-CO,2.0 가솔린,FWD,스틸 그레이,38,39,-8802
2025-08,northeast,MRD,2025,MRD-CO,2.0 가솔린,FWD,실버,31,32,-7151
2025-08,northeast,MRD,2025,MRD-CO,2.0 가솔린,FWD,오션 블루,24,25,-5501
2025-08,northeast,MRD,2025,MRD-CO,2.0 가솔린,FWD,선셋 레드,19,20,-4401
2025-08,northeast,MRD,2025,MRD-CO,2.0 가솔린,FWD,포레스트 그린,12,12,-2751
2025-08,northeast,MRD,2025,MRD-CO,2.0 가솔린,FWD,샌드 베이지,12,12,-2751
2025-08,northeast,MRD,2025,MRD-CO,1.6T 하이브리드,AWD,스노우 화이트,17,17,-3826
2025-08,northeast,MRD,2025,MRD-CO,1.6T 하이브리드,AWD,미드나잇 블랙,13,14,-3029
2025-08,northeast,MRD,2025,MRD-CO,1.6T 하이브리드,AWD,스틸 그레이,11,11,-2551
2025-08,northeast,MRD,2025,MRD-CO,1.6T 하이브리드,AWD,실버,9,9,-2072
2025-08,northeast,MRD,2025,MRD-CO,1.6T 하이브리드,AWD,오션 블루,7,7,-1594
2025-08,northeast,MRD,2025,MRD-CO,1.6T 하이브리드,AWD,선셋 레드,6,6,-1275
2025-08,northeast,MRD,2025,MRD-CO,1.6T 하이브리드,AWD,포레스트 그린,3,4,-797
2025-08,northeast,MRD,2025,MRD-CO,1.6T 하이브리드,AWD,샌드 베이지,3,4,-797
2025-08,northeast,MRD,2025,MRD-CO,1.6T 하이브리드,FWD,스노우 화이트,48,49,-10890
2025-08,northeast,MRD,2025,MRD-CO,1.6T 하이브리드,FWD,미드나잇 블랙,38,38,-8621
2025-08,northeast,MRD,2025,MRD-CO,1.6T 하이브리드,FWD,스틸 그레이,32,32,-7260
2025-08,northeast,MRD,2025,MRD-CO,1.6T 하이브리드,FWD,실버,26,26,-5899
2025-08,northeast,MRD,2025,MRD-CO,1.6T 하이브리드,FWD,오션 블루,20,20,-4537
2025-08,northeast,MRD,2025,MRD-CO,1.6T 하이브리드,FWD,선셋 레드,16,16,-3630
2025-08,northeast,MRD,2025,MRD-CO,1.6T 하이브리드,FWD,포레스트 그린,10,10,-2269
2025-08,northeast,MRD,2025,MRD-CO,1.6T 하이브리드,FWD,샌드 베이지,10,10,-2269
2025-08,northeast,MRD,2025,MRD-PR,2.0 가솔린,AWD,스노우 화이트,23,24,-366
2025-08,northeast,MRD,2025,MRD-PR,2.0 가솔린,AWD,미드나잇 블랙,19,19,-289
2025-08,northeast,MRD,2025,MRD-PR,2.0 가솔린,AWD,스틸 그레이,16,16,-244
2025-08,northeast,MRD,2025,MRD-PR,2.0 가솔린,AWD,실버,13,13,-198
2025-08,northeast,MRD,2025,MRD-PR,2.0 가솔린,AWD,오션 블루,10,10,-152
2025-08,northeast,MRD,2025,MRD-PR,2.0 가솔린,AWD,선셋 레드,8,8,-122
2025-08,northeast,MRD,2025,MRD-PR,2.0 가솔린,AWD,포레스트 그린,5,5,-76
2025-08,northeast,MRD,2025,MRD-PR,2.0 가솔린,AWD,샌드 베이지,5,5,-76
2025-08,northeast,MRD,2025,MRD-PR,2.0 가솔린,FWD,스노우 화이트,67,68,-1040
2025-08,northeast,MRD,2025,MRD-PR,2.0 가솔린,FWD,미드나잇 블랙,53,54,-824
2025-08,northeast,MRD,2025,MRD-PR,2.0 가솔린,FWD,스틸 그레이,45,45,-694
2025-08,northeast,MRD,2025,MRD-PR,2.0 가솔린,FWD,실버,36,37,-564
2025-08,northeast,MRD,2025,MRD-PR,2.0 가솔린,FWD,오션 블루,28,28,-433
2025-08,northeast,MRD,2025,MRD-PR,2.0 가솔린,FWD,선셋 레드,22,23,-347
2025-08,northeast,MRD,2025,MRD-PR,2.0 가솔린,FWD,포레스트 그린,14,14,-217
2025-08,northeast,MRD,2025,MRD-PR,2.0 가솔린,FWD,샌드 베이지,14,14,-217
2025-08,northeast,MRD,2025,MRD-PR,1.6T 하이브리드,AWD,스노우 화이트,19,20,-301
2025-08,northeast,MRD,2025,MRD-PR,1.6T 하이브리드,AWD,미드나잇 블랙,15,16,-239
2025-08,northeast,MRD,2025,MRD-PR,1.6T 하이브리드,AWD,스틸 그레이,13,13,-201
2025-08,northeast,MRD,2025,MRD-PR,1.6T 하이브리드,AWD,실버,10,11,-163
2025-08,northeast,MRD,2025,MRD-PR,1.6T 하이브리드,AWD,오션 블루,8,8,-126
2025-08,northeast,MRD,2025,MRD-PR,1.6T 하이브리드,AWD,선셋 레드,6,7,-100
2025-08,northeast,MRD,2025,MRD-PR,1.6T 하이브리드,AWD,포레스트 그린,4,4,-63
2025-08,northeast,MRD,2025,MRD-PR,1.6T 하이브리드,AWD,샌드 베이지,4,4,-63
2025-08,northeast,MRD,2025,MRD-PR,1.6T 하이브리드,FWD,스노우 화이트,55,56,-858
2025-08,northeast,MRD,2025,MRD-PR,1.6T 하이브리드,FWD,미드나잇 블랙,44,44,-679
2025-08,northeast,MRD,2025,MRD-PR,1.6T 하이브리드,FWD,스틸 그레이,37,37,-572
2025-08,northeast,MRD,2025,MRD-PR,1.6T 하이브리드,FWD,실버,30,30,-465
2025-08,northeast,MRD,2025,MRD-PR,1.6T 하이브리드,FWD,오션 블루,23,23,-358
2025-08,northeast,MRD,2025,MRD-PR,1.6T 하이브리드,FWD,선셋 레드,18,19,-286
2025-08,northeast,MRD,2025,MRD-PR,1.6T 하이브리드,FWD,포레스트 그린,11,12,-179
2025-08,northeast,MRD,2025,MRD-PR,1.6T 하이브리드,FWD,샌드 베이지,11,12,-179
2025-08,northeast,MRD,2025,MRD-SP,2.0 가솔린,AWD,스노우 화이트,10,10,3434
2025-08,northeast,MRD,2025,MRD-SP,2.0 가솔린,AWD,미드나잇 블랙,8,8,2719
2025-08,northeast,MRD,2025,MRD-SP,2.0 가솔린,AWD,스틸 그레이,6,7,2289
2025-08,northeast,MRD,2025,MRD-SP,2.0 가솔린,AWD,실버,5,5,1860
2025-08,northeast,MRD,2025,MRD-SP,2.0 가솔린,AWD,오션 블루,4,4,1431
2025-08,northeast,MRD,2025,MRD-SP,2.0 가솔린,AWD,선셋 레드,3,3,1145
2025-08,northeast,MRD,2025,MRD-SP,2.0 가솔린,AWD,포레스트 그린,2,2,715
2025-08,northeast,MRD,2025,MRD-SP,2.0 가솔린,AWD,샌드 베이지,2,2,715
2025-08,northeast,MRD,2025,MRD-SP,2.0 가솔린,FWD,스노우 화이트,27,28,9774
2025-08,northeast,MRD,2025,MRD-SP,2.0 가솔린,FWD,미드나잇 블랙,22,22,7738
2025-08,northeast,MRD,2025,MRD-SP,2.0 가솔린,FWD,스틸 그레이,18,19,6516
2025-08,northeast,MRD,2025,MRD-SP,2.0 가솔린,FWD,실버,15,15,5294
2025-08,northeast,MRD,2025,MRD-SP,2.0 가솔린,FWD,오션 블루,11,12,4072
2025-08,northeast,MRD,2025,MRD-SP,2.0 가솔린,FWD,선셋 레드,9,9,3258
2025-08,northeast,MRD,2025,MRD-SP,2.0 가솔린,FWD,포레스트 그린,6,6,2036
2025-08,northeast,MRD,2025,MRD-SP,2.0 가솔린,FWD,샌드 베이지,6,6,2036
2025-08,northeast,MRD,2025,MRD-SP,1.6T 하이브리드,AWD,스노우 화이트,8,8,2832
2025-08,northeast,MRD,2025,MRD-SP,1.6T 하이브리드,AWD,미드나잇 블랙,6,6,2242
2025-08,northeast,MRD,2025,MRD-SP,1.6T 하이브리드,AWD,스틸 그레이,5,5,1888
2025-08,northeast,MRD,2025,MRD-SP,1.6T 하이브리드,AWD,실버,4,4,1534
2025-08,northeast,MRD,2025,MRD-SP,1.6T 하이브리드,AWD,오션 블루,3,3,1180
2025-08,northeast,MRD,2025,MRD-SP,1.6T 하이브리드,AWD,선셋 레드,3,3,944
2025-08,northeast,MRD,2025,MRD-SP,1.6T 하이브리드,AWD,포레스트 그린,2,2,590
2025-08,northeast,MRD,2025,MRD-SP,1.6T 하이브리드,AWD,샌드 베이지,2,2,590
2025-08,northeast,MRD,2025,MRD-SP,1.6T 하이브리드,FWD,스노우 화이트,23,23,8062
2025-08,northeast,MRD,2025,MRD-SP,1.6T 하이브리드,FWD,미드나잇 블랙,18,18,6382
2025-08,northeast,MRD,2025,MRD-SP,1.6T 하이브리드,FWD,스틸 그레이,15,15,5374
2025-08,northeast,MRD,2025,MRD-SP,1.6T 하이브리드,FWD,실버,12,12,4367
2025-08,northeast,MRD,2025,MRD-SP,1.6T 하이브리드,FWD,오션 블루,9,10,3359
2025-08,northeast,MRD,2025,MRD-SP,1.6T 하이브리드,FWD,선셋 레드,8,8,2687
2025-08,northeast,MRD,2025,MRD-SP,1.6T 하이브리드,FWD,포레스트 그린,5,5,1680
2025-08,northeast,MRD,2025,MRD-SP,1.6T 하이브리드,FWD,샌드 베이지,5,5,1680
2025-08,northeast,MRD,2026,MRD-CO,2.0 가솔린,AWD,스노우 화이트,4,4,-819
2025-08,northeast,MRD,2026,MRD-CO,2.0 가솔린,AWD,미드나잇 블랙,3,3,-648
2025-08,northeast,MRD,2026,MRD-CO,2.0 가솔린,AWD,스틸 그레이,2,2,-546
2025-08,northeast,MRD,2026,MRD-CO,2.0 가솔린,AWD,실버,2,2,-443
2025-08,northeast,MRD,2026,MRD-CO,2.0 가솔린,AWD,오션 블루,1,2,-341
2025-08,northeast,MRD,2026,MRD-CO,2.0 가솔린,AWD,선셋 레드,1,1,-273
2025-08,northeast,MRD,2026,MRD-CO,2.0 가솔린,AWD,포레스트 그린,1,1,-171
2025-08,northeast,MRD,2026,MRD-CO,2.0 가솔린,AWD,샌드 베이지,1,1,-171
2025-08,northeast,MRD,2026,MRD-CO,2.0 가솔린,FWD,스노우 화이트,10,10,-2330
2025-08,northeast,MRD,2026,MRD-CO,2.0 가솔린,FWD,미드나잇 블랙,8,8,-1844
2025-08,northeast,MRD,2026,MRD-CO,2.0 가솔린,FWD,스틸 그레이,7,7,-1553
2025-08,northeast,MRD,2026,MRD-CO,2.0 가솔린,FWD,실버,6,6,-1262
2025-08,northeast,MRD,2026,MRD-CO,2.0 가솔린,FWD,오션 블루,4,4,-971
2025-08,northeast,MRD,2026,MRD-CO,2.0 가솔린,FWD,선셋 레드,3,3,-777
2025-08,northeast,MRD,2026,MRD-CO,2.0 가솔린,FWD,포레스트 그린,2,2,-485
2025-08,northeast,MRD,2026,MRD-CO,2.0 가솔린,FWD,샌드 베이지,2,2,-485
2025-08,northeast,MRD,2026,MRD-CO,1.6T 하이브리드,AWD,스노우 화이트,3,3,-675
2025-08,northeast,MRD,2026,MRD-CO,1.6T 하이브리드,AWD,미드나잇 블랙,2,2,-535
2025-08,northeast,MRD,2026,MRD-CO,1.6T 하이브리드,AWD,스틸 그레이,2,2,-450
2025-08,northeast,MRD,2026,MRD-CO,1.6T 하이브리드,AWD,실버,2,2,-366
2025-08,northeast,MRD,2026,MRD-CO,1.6T 하이브리드,AWD,오션 블루,1,1,-281
2025-08,northeast,MRD,2026,MRD-CO,1.6T 하이브리드,AWD,선셋 레드,1,1,-225
2025-08,northeast,MRD,2026,MRD-CO,1.6T 하이브리드,AWD,포레스트 그린,1,1,-141
2025-08,northeast,MRD,2026,MRD-CO,1.6T 하이브리드,AWD,샌드 베이지,1,1,-141
2025-08,northeast,MRD,2026,MRD-CO,1.6T 하이브리드,FWD,스노우 화이트,8,9,-1922
2025-08,northeast,MRD,2026,MRD-CO,1.6T 하이브리드,FWD,미드나잇 블랙,7,7,-1521
2025-08,northeast,MRD,2026,MRD-CO,1.6T 하이브리드,FWD,스틸 그레이,6,6,-1281
2025-08,northeast,MRD,2026,MRD-CO,1.6T 하이브리드,FWD,실버,5,5,-1041
2025-08,northeast,MRD,2026,MRD-CO,1.6T 하이브리드,FWD,오션 블루,3,4,-801
2025-08,northeast,MRD,2026,MRD-CO,1.6T 하이브리드,FWD,선셋 레드,3,3,-641
2025-08,northeast,MRD,2026,MRD-CO,1.6T 하이브리드,FWD,포레스트 그린,2,2,-400
2025-08,northeast,MRD,2026,MRD-CO,1.6T 하이브리드,FWD,샌드 베이지,2,2,-400
2025-08,northeast,MRD,2026,MRD-PR,2.0 가솔린,AWD,스노우 화이트,4,4,-65
2025-08,northeast,MRD,2026,MRD-PR,2.0 가솔린,AWD,미드나잇 블랙,3,3,-51
2025-08,northeast,MRD,2026,MRD-PR,2.0 가솔린,AWD,스틸 그레이,3,3,-43
2025-08,northeast,MRD,2026,MRD-PR,2.0 가솔린,AWD,실버,2,2,-35
2025-08,northeast,MRD,2026,MRD-PR,2.0 가솔린,AWD,오션 블루,2,2,-27
2025-08,northeast,MRD,2026,MRD-PR,2.0 가솔린,AWD,선셋 레드,1,1,-22
2025-08,northeast,MRD,2026,MRD-PR,2.0 가솔린,AWD,포레스트 그린,1,1,-13
2025-08,northeast,MRD,2026,MRD-PR,2.0 가솔린,AWD,샌드 베이지,1,1,-13
2025-08,northeast,MRD,2026,MRD-PR,2.0 가솔린,FWD,스노우 화이트,12,12,-184
2025-08,northeast,MRD,2026,MRD-PR,2.0 가솔린,FWD,미드나잇 블랙,9,10,-145
2025-08,northeast,MRD,2026,MRD-PR,2.0 가솔린,FWD,스틸 그레이,8,8,-122
2025-08,northeast,MRD,2026,MRD-PR,2.0 가솔린,FWD,실버,6,7,-99
2025-08,northeast,MRD,2026,MRD-PR,2.0 가솔린,FWD,오션 블루,5,5,-76
2025-08,northeast,MRD,2026,MRD-PR,2.0 가솔린,FWD,선셋 레드,4,4,-61
2025-08,northeast,MRD,2026,MRD-PR,2.0 가솔린,FWD,포레스트 그린,2,3,-38
2025-08,northeast,MRD,2026,MRD-PR,2.0 가솔린,FWD,샌드 베이지,2,3,-38
2025-08,northeast,MRD,2026,MRD-PR,1.6T 하이브리드,AWD,스노우 화이트,3,3,-53
2025-08,northeast,MRD,2026,MRD-PR,1.6T 하이브리드,AWD,미드나잇 블랙,3,3,-42
2025-08,northeast,MRD,2026,MRD-PR,1.6T 하이브리드,AWD,스틸 그레이,2,2,-35
2025-08,northeast,MRD,2026,MRD-PR,1.6T 하이브리드,AWD,실버,2,2,-29
2025-08,northeast,MRD,2026,MRD-PR,1.6T 하이브리드,AWD,오션 블루,1,1,-22
2025-08,northeast,MRD,2026,MRD-PR,1.6T 하이브리드,AWD,선셋 레드,1,1,-18
2025-08,northeast,MRD,2026,MRD-PR,1.6T 하이브리드,AWD,포레스트 그린,1,1,-11
2025-08,northeast,MRD,2026,MRD-PR,1.6T 하이브리드,AWD,샌드 베이지,1,1,-11
2025-08,northeast,MRD,2026,MRD-PR,1.6T 하이브리드,FWD,스노우 화이트,10,10,-151
2025-08,northeast,MRD,2026,MRD-PR,1.6T 하이브리드,FWD,미드나잇 블랙,8,8,-120
2025-08,northeast,MRD,2026,MRD-PR,1.6T 하이브리드,FWD,스틸 그레이,6,7,-101
2025-08,northeast,MRD,2026,MRD-PR,1.6T 하이브리드,FWD,실버,5,5,-82
2025-08,northeast,MRD,2026,MRD-PR,1.6T 하이브리드,FWD,오션 블루,4,4,-63
2025-08,northeast,MRD,2026,MRD-PR,1.6T 하이브리드,FWD,선셋 레드,3,3,-50
2025-08,northeast,MRD,2026,MRD-PR,1.6T 하이브리드,FWD,포레스트 그린,2,2,-32
2025-08,northeast,MRD,2026,MRD-PR,1.6T 하이브리드,FWD,샌드 베이지,2,2,-32
2025-08,northeast,MRD,2026,MRD-SP,2.0 가솔린,AWD,스노우 화이트,2,2,606
2025-08,northeast,MRD,2026,MRD-SP,2.0 가솔린,AWD,미드나잇 블랙,1,1,480
2025-08,northeast,MRD,2026,MRD-SP,2.0 가솔린,AWD,스틸 그레이,1,1,404
2025-08,northeast,MRD,2026,MRD-SP,2.0 가솔린,AWD,실버,1,1,328
2025-08,northeast,MRD,2026,MRD-SP,2.0 가솔린,AWD,오션 블루,1,1,253
2025-08,northeast,MRD,2026,MRD-SP,2.0 가솔린,AWD,선셋 레드,1,1,202
2025-08,northeast,MRD,2026,MRD-SP,2.0 가솔린,FWD,스노우 화이트,5,5,1725
2025-08,northeast,MRD,2026,MRD-SP,2.0 가솔린,FWD,미드나잇 블랙,4,4,1365
2025-08,northeast,MRD,2026,MRD-SP,2.0 가솔린,FWD,스틸 그레이,3,3,1150
2025-08,northeast,MRD,2026,MRD-SP,2.0 가솔린,FWD,실버,3,3,934
2025-08,northeast,MRD,2026,MRD-SP,2.0 가솔린,FWD,오션 블루,2,2,719
2025-08,northeast,MRD,2026,MRD-SP,2.0 가솔린,FWD,선셋 레드,2,2,575
2025-08,northeast,MRD,2026,MRD-SP,2.0 가솔린,FWD,포레스트 그린,1,1,359
2025-08,northeast,MRD,2026,MRD-SP,2.0 가솔린,FWD,샌드 베이지,1,1,359
2025-08,northeast,MRD,2026,MRD-SP,1.6T 하이브리드,AWD,스노우 화이트,1,1,500
2025-08,northeast,MRD,2026,MRD-SP,1.6T 하이브리드,AWD,미드나잇 블랙,1,1,396
2025-08,northeast,MRD,2026,MRD-SP,1.6T 하이브리드,AWD,스틸 그레이,1,1,333
2025-08,northeast,MRD,2026,MRD-SP,1.6T 하이브리드,AWD,실버,1,1,271
2025-08,northeast,MRD,2026,MRD-SP,1.6T 하이브리드,AWD,오션 블루,1,1,208
2025-08,northeast,MRD,2026,MRD-SP,1.6T 하이브리드,FWD,스노우 화이트,4,4,1423
2025-08,northeast,MRD,2026,MRD-SP,1.6T 하이브리드,FWD,미드나잇 블랙,3,3,1126
2025-08,northeast,MRD,2026,MRD-SP,1.6T 하이브리드,FWD,스틸 그레이,3,3,948
2025-08,northeast,MRD,2026,MRD-SP,1.6T 하이브리드,FWD,실버,2,2,771
2025-08,northeast,MRD,2026,MRD-SP,1.6T 하이브리드,FWD,오션 블루,2,2,593
2025-08,northeast,MRD,2026,MRD-SP,1.6T 하이브리드,FWD,선셋 레드,1,1,474
2025-08,northeast,MRD,2026,MRD-SP,1.6T 하이브리드,FWD,포레스트 그린,1,1,296
2025-08,northeast,MRD,2026,MRD-SP,1.6T 하이브리드,FWD,샌드 베이지,1,1,296
2025-08,southeast,MRD,2025,MRD-CO,2.0 가솔린,AWD,스노우 화이트,14,14,-3211
2025-08,southeast,MRD,2025,MRD-CO,2.0 가솔린,AWD,미드나잇 블랙,11,11,-2542
2025-08,southeast,MRD,2025,MRD-CO,2.0 가솔린,AWD,스틸 그레이,9,10,-2141
2025-08,southeast,MRD,2025,MRD-CO,2.0 가솔린,AWD,실버,8,8,-1740
2025-08,southeast,MRD,2025,MRD-CO,2.0 가솔린,AWD,오션 블루,6,6,-1338
2025-08,southeast,MRD,2025,MRD-CO,2.0 가솔린,AWD,선셋 레드,5,5,-1070
2025-08,southeast,MRD,2025,MRD-CO,2.0 가솔린,AWD,포레스트 그린,3,3,-669
2025-08,southeast,MRD,2025,MRD-CO,2.0 가솔린,AWD,샌드 베이지,3,3,-669
2025-08,southeast,MRD,2025,MRD-CO,2.0 가솔린,FWD,스노우 화이트,69,70,-15679
2025-08,southeast,MRD,2025,MRD-CO,2.0 가솔린,FWD,미드나잇 블랙,54,55,-12413
2025-08,southeast,MRD,2025,MRD-CO,2.0 가솔린,FWD,스틸 그레이,46,47,-10453
2025-08,southeast,MRD,2025,MRD-CO,2.0 가솔린,FWD,실버,37,38,-8493
2025-08,southeast,MRD,2025,MRD-CO,2.0 가솔린,FWD,오션 블루,29,29,-6533
2025-08,southeast,MRD,2025,MRD-CO,2.0 가솔린,FWD,선셋 레드,23,23,-5226
2025-08,southeast,MRD,2025,MRD-CO,2.0 가솔린,FWD,포레스트 그린,14,15,-3267
2025-08,southeast,MRD,2025,MRD-CO,2.0 가솔린,FWD,샌드 베이지,14,15,-3267
2025-08,southeast,MRD,2025,MRD-CO,1.6T 하이브리드,AWD,스노우 화이트,12,12,-2649
2025-08,southeast,MRD,2025,MRD-CO,1.6T 하이브리드,AWD,미드나잇 블랙,9,9,-2097
2025-08,southeast,MRD,2025,MRD-CO,1.6T 하이브리드,AWD,스틸 그레이,8,8,-1766
2025-08,southeast,MRD,2025,MRD-CO,1.6T 하이브리드,AWD,실버,6,6,-1435
2025-08,southeast,MRD,2025,MRD-CO,1.6T 하이브리드,AWD,오션 블루,5,5,-1104
2025-08,southeast,MRD,2025,MRD-CO,1.6T 하이브리드,AWD,선셋 레드,4,4,-883
2025-08,southeast,MRD,2025,MRD-CO,1.6T 하이브리드,AWD,포레스트 그린,2,2,-552
2025-08,southeast,MRD,2025,MRD-CO,1.6T 하이브리드,AWD,샌드 베이지,2,2,-552
2025-08,southeast,MRD,2025,MRD-CO,1.6T 하이브리드,FWD,스노우 화이트,57,58,-12933
2025-08,southeast,MRD,2025,MRD-CO,1.6T 하이브리드,FWD,미드나잇 블랙,45,46,-10238
2025-08,southeast,MRD,2025,MRD-CO,1.6T 하이브리드,FWD,스틸 그레이,38,38,-8622
2025-08,southeast,MRD,2025,MRD-CO,1.6T 하이브리드,FWD,실버,31,31,-7005
2025-08,southeast,MRD,2025,MRD-CO,1.6T 하이브리드,FWD,오션 블루,24,24,-5389
2025-08,southeast,MRD,2025,MRD-CO,1.6T 하이브리드,FWD,선셋 레드,19,19,-4311
2025-08,southeast,MRD,2025,MRD-CO,1.6T 하이브리드,FWD,포레스트 그린,12,12,-2694
2025-08,southeast,MRD,2025,MRD-CO,1.6T 하이브리드,FWD,샌드 베이지,12,12,-2694
2025-08,southeast,MRD,2025,MRD-PR,2.0 가솔린,AWD,스노우 화이트,16,17,-253
2025-08,southeast,MRD,2025,MRD-PR,2.0 가솔린,AWD,미드나잇 블랙,13,13,-200
2025-08,southeast,MRD,2025,MRD-PR,2.0 가솔린,AWD,스틸 그레이,11,11,-169
2025-08,southeast,MRD,2025,MRD-PR,2.0 가솔린,AWD,실버,9,9,-137
2025-08,southeast,MRD,2025,MRD-PR,2.0 가솔린,AWD,오션 블루,7,7,-105
2025-08,southeast,MRD,2025,MRD-PR,2.0 가솔린,AWD,선셋 레드,5,6,-84
2025-08,southeast,MRD,2025,MRD-PR,2.0 가솔린,AWD,포레스트 그린,3,3,-53
2025-08,southeast,MRD,2025,MRD-PR,2.0 가솔린,AWD,샌드 베이지,3,3,-53
2025-08,southeast,MRD,2025,MRD-PR,2.0 가솔린,FWD,스노우 화이트,79,81,-1235
2025-08,southeast,MRD,2025,MRD-PR,2.0 가솔린,FWD,미드나잇 블랙,63,64,-978
2025-08,southeast,MRD,2025,MRD-PR,2.0 가솔린,FWD,스틸 그레이,53,54,-824
2025-08,southeast,MRD,2025,MRD-PR,2.0 가솔린,FWD,실버,43,44,-669
2025-08,southeast,MRD,2025,MRD-PR,2.0 가솔린,FWD,오션 블루,33,34,-515
2025-08,southeast,MRD,2025,MRD-PR,2.0 가솔린,FWD,선셋 레드,26,27,-412
2025-08,southeast,MRD,2025,MRD-PR,2.0 가솔린,FWD,포레스트 그린,17,17,-257
2025-08,southeast,MRD,2025,MRD-PR,2.0 가솔린,FWD,샌드 베이지,17,17,-257
2025-08,southeast,MRD,2025,MRD-PR,1.6T 하이브리드,AWD,스노우 화이트,13,14,-209
2025-08,southeast,MRD,2025,MRD-PR,1.6T 하이브리드,AWD,미드나잇 블랙,11,11,-165
2025-08,southeast,MRD,2025,MRD-PR,1.6T 하이브리드,AWD,스틸 그레이,9,9,-139
2025-08,southeast,MRD,2025,MRD-PR,1.6T 하이브리드,AWD,실버,7,7,-113
2025-08,southeast,MRD,2025,MRD-PR,1.6T 하이브리드,AWD,오션 블루,6,6,-87
2025-08,southeast,MRD,2025,MRD-PR,1.6T 하이브리드,AWD,선셋 레드,4,5,-70
2025-08,southeast,MRD,2025,MRD-PR,1.6T 하이브리드,AWD,포레스트 그린,3,3,-43
2025-08,southeast,MRD,2025,MRD-PR,1.6T 하이브리드,AWD,샌드 베이지,3,3,-43
2025-08,southeast,MRD,2025,MRD-PR,1.6T 하이브리드,FWD,스노우 화이트,65,67,-1019
2025-08,southeast,MRD,2025,MRD-PR,1.6T 하이브리드,FWD,미드나잇 블랙,52,53,-807
2025-08,southeast,MRD,2025,MRD-PR,1.6T 하이브리드,FWD,스틸 그레이,44,44,-679
2025-08,southeast,MRD,2025,MRD-PR,1.6T 하이브리드,FWD,실버,35,36,-552
2025-08,southeast,MRD,2025,MRD-PR,1.6T 하이브리드,FWD,오션 블루,27,28,-425
2025-08,southeast,MRD,2025,MRD-PR,1.6T 하이브리드,FWD,선셋 레드,22,22,-340
2025-08,southeast,MRD,2025,MRD-PR,1.6T 하이브리드,FWD,포레스트 그린,14,14,-212
2025-08,southeast,MRD,2025,MRD-PR,1.6T 하이브리드,FWD,샌드 베이지,14,14,-212
2025-08,southeast,MRD,2025,MRD-SP,2.0 가솔린,AWD,스노우 화이트,7,7,2377
2025-08,southeast,MRD,2025,MRD-SP,2.0 가솔린,AWD,미드나잇 블랙,5,5,1882
2025-08,southeast,MRD,2025,MRD-SP,2.0 가솔린,AWD,스틸 그레이,4,5,1585
2025-08,southeast,MRD,2025,MRD-SP,2.0 가솔린,AWD,실버,4,4,1288
2025-08,southeast,MRD,2025,MRD-SP,2.0 가솔린,AWD,오션 블루,3,3,991
2025-08,southeast,MRD,2025,MRD-SP,2.0 가솔린,AWD,선셋 레드,2,2,792
2025-08,southeast,MRD,2025,MRD-SP,2.0 가솔린,AWD,포레스트 그린,1,1,495
2025-08,southeast,MRD,2025,MRD-SP,2.0 가솔린,AWD,샌드 베이지,1,1,495
2025-08,southeast,MRD,2025,MRD-SP,2.0 가솔린,FWD,스노우 화이트,32,33,11607
2025-08,southeast,MRD,2025,MRD-SP,2.0 가솔린,FWD,미드나잇 블랙,26,26,9189
2025-08,southeast,MRD,2025,MRD-SP,2.0 가솔린,FWD,스틸 그레이,22,22,7738
2025-08,southeast,MRD,2025,MRD-SP,2.0 가솔린,FWD,실버,18,18,6287
2025-08,southeast,MRD,2025,MRD-SP,2.0 가솔린,FWD,오션 블루,14,14,4836
2025-08,southeast,MRD,2025,MRD-SP,2.0 가솔린,FWD,선셋 레드,11,11,3869
2025-08,southeast,MRD,2025,MRD-SP,2.0 가솔린,FWD,포레스트 그린,7,7,2418
2025-08,southeast,MRD,2025,MRD-SP,2.0 가솔린,FWD,샌드 베이지,7,7,2418
2025-08,southeast,MRD,2025,MRD-SP,1.6T 하이브리드,AWD,스노우 화이트,5,6,1961
2025-08,southeast,MRD,2025,MRD-SP,1.6T 하이브리드,AWD,미드나잇 블랙,4,4,1552
2025-08,southeast,MRD,2025,MRD-SP,1.6T 하이브리드,AWD,스틸 그레이,4,4,1307
2025-08,southeast,MRD,2025,MRD-SP,1.6T 하이브리드,AWD,실버,3,3,1062
2025-08,southeast,MRD,2025,MRD-SP,1.6T 하이브리드,AWD,오션 블루,2,2,817
2025-08,southeast,MRD,2025,MRD-SP,1.6T 하이브리드,AWD,선셋 레드,2,2,654
2025-08,southeast,MRD,2025,MRD-SP,1.6T 하이브리드,AWD,포레스트 그린,1,1,409
2025-08,southeast,MRD,2025,MRD-SP,1.6T 하이브리드,AWD,샌드 베이지,1,1,409
2025-08,southeast,MRD,2025,MRD-SP,1.6T 하이브리드,FWD,스노우 화이트,27,27,9574
2025-08,southeast,MRD,2025,MRD-SP,1.6T 하이브리드,FWD,미드나잇 블랙,21,22,7579
2025-08,southeast,MRD,2025,MRD-SP,1.6T 하이브리드,FWD,스틸 그레이,18,18,6383
2025-08,southeast,MRD,2025,MRD-SP,1.6T 하이브리드,FWD,실버,15,15,5186
2025-08,southeast,MRD,2025,MRD-SP,1.6T 하이브리드,FWD,오션 블루,11,11,3989
2025-08,southeast,MRD,2025,MRD-SP,1.6T 하이브리드,FWD,선셋 레드,9,9,3191
2025-08,southeast,MRD,2025,MRD-SP,1.6T 하이브리드,FWD,포레스트 그린,6,6,1995
2025-08,southeast,MRD,2025,MRD-SP,1.6T 하이브리드,FWD,샌드 베이지,6,6,1995
2025-08,southeast,MRD,2026,MRD-CO,2.0 가솔린,AWD,스노우 화이트,2,3,-567
2025-08,southeast,MRD,2026,MRD-CO,2.0 가솔린,AWD,미드나잇 블랙,2,2,-449
2025-08,southeast,MRD,2026,MRD-CO,2.0 가솔린,AWD,스틸 그레이,2,2,-378
2025-08,southeast,MRD,2026,MRD-CO,2.0 가솔린,AWD,실버,1,1,-307
2025-08,southeast,MRD,2026,MRD-CO,2.0 가솔린,AWD,오션 블루,1,1,-236
2025-08,southeast,MRD,2026,MRD-CO,2.0 가솔린,AWD,선셋 레드,1,1,-189
2025-08,southeast,MRD,2026,MRD-CO,2.0 가솔린,AWD,포레스트 그린,1,1,-118
2025-08,southeast,MRD,2026,MRD-CO,2.0 가솔린,AWD,샌드 베이지,1,1,-118
2025-08,southeast,MRD,2026,MRD-CO,2.0 가솔린,FWD,스노우 화이트,12,12,-2767
2025-08,southeast,MRD,2026,MRD-CO,2.0 가솔린,FWD,미드나잇 블랙,10,10,-2190
2025-08,southeast,MRD,2026,MRD-CO,2.0 가솔린,FWD,스틸 그레이,8,8,-1845
2025-08,southeast,MRD,2026,MRD-CO,2.0 가솔린,FWD,실버,7,7,-1499
2025-08,southeast,MRD,2026,MRD-CO,2.0 가솔린,FWD,오션 블루,5,5,-1153
2025-08,southeast,MRD,2026,MRD-CO,2.0 가솔린,FWD,선셋 레드,4,4,-922
2025-08,southeast,MRD,2026,MRD-CO,2.0 가솔린,FWD,포레스트 그린,3,3,-576
2025-08,southeast,MRD,2026,MRD-CO,2.0 가솔린,FWD,샌드 베이지,3,3,-576
2025-08,southeast,MRD,2026,MRD-CO,1.6T 하이브리드,AWD,스노우 화이트,2,2,-467
2025-08,southeast,MRD,2026,MRD-CO,1.6T 하이브리드,AWD,미드나잇 블랙,2,2,-370
2025-08,southeast,MRD,2026,MRD-CO,1.6T 하이브리드,AWD,스틸 그레이,1,1,-312
2025-08,southeast,MRD,2026,MRD-CO,1.6T 하이브리드,AWD,실버,1,1,-253
2025-08,southeast,MRD,2026,MRD-CO,1.6T 하이브리드,AWD,오션 블루,1,1,-195
2025-08,southeast,MRD,2026,MRD-CO,1.6T 하이브리드,AWD,선셋 레드,1,1,-156
2025-08,southeast,MRD,2026,MRD-CO,1.6T 하이브리드,FWD,스노우 화이트,10,10,-2282
2025-08,southeast,MRD,2026,MRD-CO,1.6T 하이브리드,FWD,미드나잇 블랙,8,8,-1807
2025-08,southeast,MRD,2026,MRD-CO,1.6T 하이브리드,FWD,스틸 그레이,7,7,-1521
2025-08,southeast,MRD,2026,MRD-CO,1.6T 하이브리드,FWD,실버,5,6,-1236
2025-08,southeast,MRD,2026,MRD-CO,1.6T 하이브리드,FWD,오션 블루,4,4,-951
2025-08,southeast,MRD,2026,MRD-CO,1.6T 하이브리드,FWD,선셋 레드,3,3,-761
2025-08,southeast,MRD,2026,MRD-CO,1.6T 하이브리드,FWD,포레스트 그린,2,2,-475
2025-08,southeast,MRD,2026,MRD-CO,1.6T 하이브리드,FWD,샌드 베이지,2,2,-475
2025-08,southeast,MRD,2026,MRD-PR,2.0 가솔린,AWD,스노우 화이트,3,3,-45
2025-08,southeast,MRD,2026,MRD-PR,2.0 가솔린,AWD,미드나잇 블랙,2,2,-35
2025-08,southeast,MRD,2026,MRD-PR,2.0 가솔린,AWD,스틸 그레이,2,2,-30
2025-08,southeast,MRD,2026,MRD-PR,2.0 가솔린,AWD,실버,2,2,-24
2025-08,southeast,MRD,2026,MRD-PR,2.0 가솔린,AWD,오션 블루,1,1,-19
2025-08,southeast,MRD,2026,MRD-PR,2.0 가솔린,AWD,선셋 레드,1,1,-15
2025-08,southeast,MRD,2026,MRD-PR,2.0 가솔린,AWD,포레스트 그린,1,1,-9
2025-08,southeast,MRD,2026,MRD-PR,2.0 가솔린,AWD,샌드 베이지,1,1,-9
2025-08,southeast,MRD,2026,MRD-PR,2.0 가솔린,FWD,스노우 화이트,14,14,-218
2025-08,southeast,MRD,2026,MRD-PR,2.0 가솔린,FWD,미드나잇 블랙,11,11,-173
2025-08,southeast,MRD,2026,MRD-PR,2.0 가솔린,FWD,스틸 그레이,9,10,-145
2025-08,southeast,MRD,2026,MRD-PR,2.0 가솔린,FWD,실버,8,8,-118
2025-08,southeast,MRD,2026,MRD-PR,2.0 가솔린,FWD,오션 블루,6,6,-91
2025-08,southeast,MRD,2026,MRD-PR,2.0 가솔린,FWD,선셋 레드,5,5,-73
2025-08,southeast,MRD,2026,MRD-PR,2.0 가솔린,FWD,포레스트 그린,3,3,-45
2025-08,southeast,MRD,2026,MRD-PR,2.0 가솔린,FWD,샌드 베이지,3,3,-45
2025-08,southeast,MRD,2026,MRD-PR,1.6T 하이브리드,AWD,스노우 화이트,2,2,-37
2025-08,southeast,MRD,2026,MRD-PR,1.6T 하이브리드,AWD,미드나잇 블랙,2,2,-29
2025-08,southeast,MRD,2026,MRD-PR,1.6T 하이브리드,AWD,스틸 그레이,2,2,-25
2025-08,southeast,MRD,2026,MRD-PR,1.6T 하이브리드,AWD,실버,1,1,-20
2025-08,southeast,MRD,2026,MRD-PR,1.6T 하이브리드,AWD,오션 블루,1,1,-15
2025-08,southeast,MRD,2026,MRD-PR,1.6T 하이브리드,AWD,선셋 레드,1,1,-12
2025-08,southeast,MRD,2026,MRD-PR,1.6T 하이브리드,FWD,스노우 화이트,12,12,-180
2025-08,southeast,MRD,2026,MRD-PR,1.6T 하이브리드,FWD,미드나잇 블랙,9,9,-142
2025-08,southeast,MRD,2026,MRD-PR,1.6T 하이브리드,FWD,스틸 그레이,8,8,-120
2025-08,southeast,MRD,2026,MRD-PR,1.6T 하이브리드,FWD,실버,6,6,-97
2025-08,southeast,MRD,2026,MRD-PR,1.6T 하이브리드,FWD,오션 블루,5,5,-75
2025-08,southeast,MRD,2026,MRD-PR,1.6T 하이브리드,FWD,선셋 레드,4,4,-60
2025-08,southeast,MRD,2026,MRD-PR,1.6T 하이브리드,FWD,포레스트 그린,2,2,-37
2025-08,southeast,MRD,2026,MRD-PR,1.6T 하이브리드,FWD,샌드 베이지,2,2,-37
2025-08,southeast,MRD,2026,MRD-SP,2.0 가솔린,AWD,스노우 화이트,1,1,420
2025-08,southeast,MRD,2026,MRD-SP,2.0 가솔린,AWD,미드나잇 블랙,1,1,332
2025-08,southeast,MRD,2026,MRD-SP,2.0 가솔린,AWD,스틸 그레이,1,1,280
2025-08,southeast,MRD,2026,MRD-SP,2.0 가솔린,AWD,실버,1,1,227
2025-08,southeast,MRD,2026,MRD-SP,2.0 가솔린,FWD,스노우 화이트,6,6,2048
2025-08,southeast,MRD,2026,MRD-SP,2.0 가솔린,FWD,미드나잇 블랙,5,5,1622
2025-08,southeast,MRD,2026,MRD-SP,2.0 가솔린,FWD,스틸 그레이,4,4,1366
2025-08,southeast,MRD,2026,MRD-SP,2.0 가솔린,FWD,실버,3,3,1110
2025-08,southeast,MRD,2026,MRD-SP,2.0 가솔린,FWD,오션 블루,2,2,853
2025-08,southeast,MRD,2026,MRD-SP,2.0 가솔린,FWD,선셋 레드,2,2,683
2025-08,southeast,MRD,2026,MRD-SP,2.0 가솔린,FWD,포레스트 그린,1,1,427
2025-08,southeast,MRD,2026,MRD-SP,2.0 가솔린,FWD,샌드 베이지,1,1,427
2025-08,southeast,MRD,2026,MRD-SP,1.6T 하이브리드,AWD,스노우 화이트,1,1,346
2025-08,southeast,MRD,2026,MRD-SP,1.6T 하이브리드,AWD,미드나잇 블랙,1,1,274
2025-08,southeast,MRD,2026,MRD-SP,1.6T 하이브리드,AWD,스틸 그레이,1,1,231
2025-08,southeast,MRD,2026,MRD-SP,1.6T 하이브리드,AWD,실버,1,1,187
2025-08,southeast,MRD,2026,MRD-SP,1.6T 하이브리드,FWD,스노우 화이트,5,5,1690
2025-08,southeast,MRD,2026,MRD-SP,1.6T 하이브리드,FWD,미드나잇 블랙,4,4,1338
2025-08,southeast,MRD,2026,MRD-SP,1.6T 하이브리드,FWD,스틸 그레이,3,3,1126
2025-08,southeast,MRD,2026,MRD-SP,1.6T 하이브리드,FWD,실버,3,3,915
2025-08,southeast,MRD,2026,MRD-SP,1.6T 하이브리드,FWD,오션 블루,2,2,704
2025-08,southeast,MRD,2026,MRD-SP,1.6T 하이브리드,FWD,선셋 레드,2,2,563
2025-08,southeast,MRD,2026,MRD-SP,1.6T 하이브리드,FWD,포레스트 그린,1,1,352
2025-08,southeast,MRD,2026,MRD-SP,1.6T 하이브리드,FWD,샌드 베이지,1,1,352
2025-08,west,NOV,2025,NOV-CO,3.5 가솔린,AWD,스노우 화이트,34,35,2608
2025-08,west,NOV,2025,NOV-CO,3.5 가솔린,AWD,미드나잇 블랙,27,27,2065
2025-08,west,NOV,2025,NOV-CO,3.5 가솔린,AWD,스틸 그레이,23,23,1739
2025-08,west,NOV,2025,NOV-CO,3.5 가솔린,AWD,실버,18,19,1413
2025-08,west,NOV,2025,NOV-CO,3.5 가솔린,AWD,오션 블루,14,14,1087
2025-08,west,NOV,2025,NOV-CO,3.5 가솔린,AWD,선셋 레드,11,12,869
2025-08,west,NOV,2025,NOV-CO,3.5 가솔린,AWD,포레스트 그린,7,7,543
2025-08,west,NOV,2025,NOV-CO,3.5 가솔린,AWD,샌드 베이지,7,7,543
2025-08,west,NOV,2025,NOV-CO,3.5 가솔린,FWD,스노우 화이트,63,64,4844
2025-08,west,NOV,2025,NOV-CO,3.5 가솔린,FWD,미드나잇 블랙,50,51,3835
2025-08,west,NOV,2025,NOV-CO,3.5 가솔린,FWD,스틸 그레이,42,43,3229
2025-08,west,NOV,2025,NOV-CO,3.5 가솔린,FWD,실버,34,35,2624
2025-08,west,NOV,2025,NOV-CO,3.5 가솔린,FWD,오션 블루,26,27,2018
2025-08,west,NOV,2025,NOV-CO,3.5 가솔린,FWD,선셋 레드,21,21,1615
2025-08,west,NOV,2025,NOV-CO,3.5 가솔린,FWD,포레스트 그린,13,13,1009
2025-08,west,NOV,2025,NOV-CO,3.5 가솔린,FWD,샌드 베이지,13,13,1009
2025-08,west,NOV,2025,NOV-CO,1.6T 하이브리드,AWD,스노우 화이트,28,29,2151
2025-08,west,NOV,2025,NOV-CO,1.6T 하이브리드,AWD,미드나잇 블랙,22,23,1703
2025-08,west,NOV,2025,NOV-CO,1.6T 하이브리드,AWD,스틸 그레이,19,19,1434
2025-08,west,NOV,2025,NOV-CO,1.6T 하이브리드,AWD,실버,15,15,1165
2025-08,west,NOV,2025,NOV-CO,1.6T 하이브리드,AWD,오션 블루,12,12,896
2025-08,west,NOV,2025,NOV-CO,1.6T 하이브리드,AWD,선셋 레드,9,10,717
2025-08,west,NOV,2025,NOV-CO,1.6T 하이브리드,AWD,포레스트 그린,6,6,448
2025-08,west,NOV,2025,NOV-CO,1.6T 하이브리드,AWD,샌드 베이지,6,6,448
2025-08,west,NOV,2025,NOV-CO,1.6T 하이브리드,FWD,스노우 화이트,52,53,3995
2025-08,west,NOV,2025,NOV-CO,1.6T 하이브리드,FWD,미드나잇 블랙,41,42,3163
2025-08,west,NOV,2025,NOV-CO,1.6T 하이브리드,FWD,스틸 그레이,35,35,2664
2025-08,west,NOV,2025,NOV-CO,1.6T 하이브리드,FWD,실버,28,29,2164
2025-08,west,NOV,2025,NOV-CO,1.6T 하이브리드,FWD,오션 블루,22,22,1665
2025-08,west,NOV,2025,NOV-CO,1.6T 하이브리드,FWD,선셋 레드,17,18,1332
2025-08,west,NOV,2025,NOV-CO,1.6T 하이브리드,FWD,포레스트 그린,11,11,832
2025-08,west,NOV,2025,NOV-CO,1.6T 하이브리드,FWD,샌드 베이지,11,11,832
2025-08,west,NOV,2025,NOV-PR,3.5 가솔린,AWD,스노우 화이트,39,40,15258
2025-08,west,NOV,2025,NOV-PR,3.5 가솔린,AWD,미드나잇 블랙,31,32,12079
2025-08,west,NOV,2025,NOV-PR,3.5 가솔린,AWD,스틸 그레이,26,27,10172
2025-08,west,NOV,2025,NOV-PR,3.5 가솔린,AWD,실버,21,22,8265
2025-08,west,NOV,2025,NOV-PR,3.5 가솔린,AWD,오션 블루,16,17,6358
2025-08,west,NOV,2025,NOV-PR,3.5 가솔린,AWD,선셋 레드,13,13,5086
2025-08,west,NOV,2025,NOV-PR,3.5 가솔린,AWD,포레스트 그린,8,8,3179
2025-08,west,NOV,2025,NOV-PR,3.5 가솔린,AWD,샌드 베이지,8,8,3179
2025-08,west,NOV,2025,NOV-PR,3.5 가솔린,FWD,스노우 화이트,73,74,28337
2025-08,west,NOV,2025,NOV-PR,3.5 가솔린,FWD,미드나잇 블랙,58,59,22433
2025-08,west,NOV,2025,NOV-PR,3.5 가솔린,FWD,스틸 그레이,49,50,18891
2025-08,west,NOV,2025,NOV-PR,3.5 가솔린,FWD,실버,39,40,15349
2025-08,west,NOV,2025,NOV-PR,3.5 가솔린,FWD,오션 블루,30,31,11807
2025-08,west,NOV,2025,NOV-PR,3.5 가솔린,FWD,선셋 레드,24,25,9446
2025-08,west,NOV,2025,NOV-PR,3.5 가솔린,FWD,포레스트 그린,15,15,5903
2025-08,west,NOV,2025,NOV-PR,3.5 가솔린,FWD,샌드 베이지,15,15,5903
2025-08,west,NOV,2025,NOV-PR,1.6T 하이브리드,AWD,스노우 화이트,32,33,12585
2025-08,west,NOV,2025,NOV-PR,1.6T 하이브리드,AWD,미드나잇 블랙,26,26,9963
2025-08,west,NOV,2025,NOV-PR,1.6T 하이브리드,AWD,스틸 그레이,22,22,8390
2025-08,west,NOV,2025,NOV-PR,1.6T 하이브리드,AWD,실버,18,18,6817
2025-08,west,NOV,2025,NOV-PR,1.6T 하이브리드,AWD,오션 블루,13,14,5244
2025-08,west,NOV,2025,NOV-PR,1.6T 하이브리드,AWD,선셋 레드,11,11,4195
2025-08,west,NOV,2025,NOV-PR,1.6T 하이브리드,AWD,포레스트 그린,7,7,2622
2025-08,west,NOV,2025,NOV-PR,1.6T 하이브리드,AWD,샌드 베이지,7,7,2622
2025-08,west,NOV,2025,NOV-PR,1.6T 하이브리드,FWD,스노우 화이트,60,61,23373
2025-08,west,NOV,2025,NOV-PR,1.6T 하이브리드,FWD,미드나잇 블랙,48,49,18503
2025-08,west,NOV,2025,NOV-PR,1.6T 하이브리드,FWD,스틸 그레이,40,41,15582
2025-08,west,NOV,2025,NOV-PR,1.6T 하이브리드,FWD,실버,33,33,12660
2025-08,west,NOV,2025,NOV-PR,1.6T 하이브리드,FWD,오션 블루,25,26,9739
2025-08,west,NOV,2025,NOV-PR,1.6T 하이브리드,FWD,선셋 레드,20,20,7791
2025-08,west,NOV,2025,NOV-PR,1.6T 하이브리드,FWD,포레스트 그린,13,13,4869
2025-08,west,NOV,2025,NOV-PR,1.6T 하이브리드,FWD,샌드 베이지,13,13,4869
2025-08,west,NOV,2025,NOV-LO,3.5 가솔린,AWD,스노우 화이트,16,16,15003
2025-08,west,NOV,2025,NOV-LO,3.5 가솔린,AWD,미드나잇 블랙,13,13,11878
2025-08,west,NOV,2025,NOV-LO,3.5 가솔린,AWD,스틸 그레이,11,11,10002
2025-08,west,NOV,2025,NOV-LO,3.5 가솔린,AWD,실버,9,9,8127
2025-08,west,NOV,2025,NOV-LO,3.5 가솔린,AWD,오션 블루,7,7,6251
2025-08,west,NOV,2025,NOV-LO,3.5 가솔린,AWD,선셋 레드,5,5,5001
2025-08,west,NOV,2025,NOV-LO,3.5 가솔린,AWD,포레스트 그린,3,3,3126
2025-08,west,NOV,2025,NOV-LO,3.5 가솔린,AWD,샌드 베이지,3,3,3126
2025-08,west,NOV,2025,NOV-LO,3.5 가솔린,FWD,스노우 화이트,30,30,27863
2025-08,west,NOV,2025,NOV-LO,3.5 가솔린,FWD,미드나잇 블랙,24,24,22058
2025-08,west,NOV,2025,NOV-LO,3.5 가솔린,FWD,스틸 그레이,20,20,18576
2025-08,west,NOV,2025,NOV-LO,3.5 가솔린,FWD,실버,16,16,15093
2025-08,west,NOV,2025,NOV-LO,3.5 가솔린,FWD,오션 블루,12,13,11610
2025-08,west,NOV,2025,NOV-LO,3.5 가솔린,FWD,선셋 레드,10,10,9288
2025-08,west,NOV,2025,NOV-LO,3.5 가솔린,FWD,포레스트 그린,6,6,5805
2025-08,west,NOV,2025,NOV-LO,3.5 가솔린,FWD,샌드 베이지,6,6,5805
2025-08,west,NOV,2025,NOV-LO,1.6T 하이브리드,AWD,스노우 화이트,13,14,12375
2025-08,west,NOV,2025,NOV-LO,1.6T 하이브리드,AWD,미드나잇 블랙,10,11,9797
2025-08,west,NOV,2025,NOV-LO,1.6T 하이브리드,AWD,스틸 그레이,9,9,8250
2025-08,west,NOV,2025,NOV-LO,1.6T 하이브리드,AWD,실버,7,7,6703
2025-08,west,NOV,2025,NOV-LO,1.6T 하이브리드,AWD,오션 블루,6,6,5156
2025-08,west,NOV,2025,NOV-LO,1.6T 하이브리드,AWD,선셋 레드,4,5,4125
2025-08,west,NOV,2025,NOV-LO,1.6T 하이브리드,AWD,포레스트 그린,3,3,2578
2025-08,west,NOV,2025,NOV-LO,1.6T 하이브리드,AWD,샌드 베이지,3,3,2578
2025-08,west,NOV,2025,NOV-LO,1.6T 하이브리드,FWD,스노우 화이트,25,25,22982
2025-08,west,NOV,2025,NOV-LO,1.6T 하이브리드,FWD,미드나잇 블랙,19,20,18194
2025-08,west,NOV,2025,NOV-LO,1.6T 하이브리드,FWD,스틸 그레이,16,17,15321
2025-08,west,NOV,2025,NOV-LO,1.6T 하이브리드,FWD,실버,13,14,12449
2025-08,west,NOV,2025,NOV-LO,1.6T 하이브리드,FWD,오션 블루,10,10,9576
2025-08,west,NOV,2025,NOV-LO,1.6T 하이브리드,FWD,선셋 레드,8,8,7661
2025-08,west,NOV,2025,NOV-LO,1.6T 하이브리드,FWD,포레스트 그린,5,5,4788
2025-08,west,NOV,2025,NOV-LO,1.6T 하이브리드,FWD,샌드 베이지,5,5,4788
2025-08,west,NOV,2026,NOV-CO,3.5 가솔린,AWD,스노우 화이트,6,6,460
2025-08,west,NOV,2026,NOV-CO,3.5 가솔린,AWD,미드나잇 블랙,5,5,364
2025-08,west,NOV,2026,NOV-CO,3.5 가솔린,AWD,스틸 그레이,4,4,307
2025-08,west,NOV,2026,NOV-CO,3.5 가솔린,AWD,실버,3,3,249
2025-08,west,NOV,2026,NOV-CO,3.5 가솔린,AWD,오션 블루,2,3,192
2025-08,west,NOV,2026,NOV-CO,3.5 가솔린,AWD,선셋 레드,2,2,153
2025-08,west,NOV,2026,NOV-CO,3.5 가솔린,AWD,포레스트 그린,1,1,96
2025-08,west,NOV,2026,NOV-CO,3.5 가솔린,AWD,샌드 베이지,1,1,96
2025-08,west,NOV,2026,NOV-CO,3.5 가솔린,FWD,스노우 화이트,11,11,855
2025-08,west,NOV,2026,NOV-CO,3.5 가솔린,FWD,미드나잇 블랙,9,9,677
2025-08,west,NOV,2026,NOV-CO,3.5 가솔린,FWD,스틸 그레이,7,8,570
2025-08,west,NOV,2026,NOV-CO,3.5 가솔린,FWD,실버,6,6,463
2025-08,west,NOV,2026,NOV-CO,3.5 가솔린,FWD,오션 블루,5,5,356
2025-08,west,NOV,2026,NOV-CO,3.5 가솔린,FWD,선셋 레드,4,4,285
2025-08,west,NOV,2026,NOV-CO,3.5 가솔린,FWD,포레스트 그린,2,2,178
2025-08,west,NOV,2026,NOV-CO,3.5 가솔린,FWD,샌드 베이지,2,2,178
2025-08,west,NOV,2026,NOV-CO,1.6T 하이브리드,AWD,스노우 화이트,5,5,380
2025-08,west,NOV,2026,NOV-CO,1.6T 하이브리드,AWD,미드나잇 블랙,4,4,301
2025-08,west,NOV,2026,NOV-CO,1.6T 하이브리드,AWD,스틸 그레이,3,3,253
2025-08,west,NOV,2026,NOV-CO,1.6T 하이브리드,AWD,실버,3,3,206
2025-08,west,NOV,2026,NOV-CO,1.6T 하이브리드,AWD,오션 블루,2,2,158
2025-08,west,NOV,2026,NOV-CO,1.6T 하이브리드,AWD,선셋 레드,2,2,127
2025-08,west,NOV,2026,NOV-CO,1.6T 하이브리드,AWD,포레스트 그린,1,1,79
2025-08,west,NOV,2026,NOV-CO,1.6T 하이브리드,AWD,샌드 베이지,1,1,79
2025-08,west,NOV,2026,NOV-CO,1.6T 하이브리드,FWD,스노우 화이트,9,9,705
2025-08,west,NOV,2026,NOV-CO,1.6T 하이브리드,FWD,미드나잇 블랙,7,7,558
2025-08,west,NOV,2026,NOV-CO,1.6T 하이브리드,FWD,스틸 그레이,6,6,470
2025-08,west,NOV,2026,NOV-CO,1.6T 하이브리드,FWD,실버,5,5,382
2025-08,west,NOV,2026,NOV-CO,1.6T 하이브리드,FWD,오션 블루,4,4,294
2025-08,west,NOV,2026,NOV-CO,1.6T 하이브리드,FWD,선셋 레드,3,3,235
2025-08,west,NOV,2026,NOV-CO,1.6T 하이브리드,FWD,포레스트 그린,2,2,147
2025-08,west,NOV,2026,NOV-CO,1.6T 하이브리드,FWD,샌드 베이지,2,2,147
2025-08,west,NOV,2026,NOV-PR,3.5 가솔린,AWD,스노우 화이트,7,7,2693
2025-08,west,NOV,2026,NOV-PR,3.5 가솔린,AWD,미드나잇 블랙,5,6,2132
2025-08,west,NOV,2026,NOV-PR,3.5 가솔린,AWD,스틸 그레이,5,5,1795
2025-08,west,NOV,2026,NOV-PR,3.5 가솔린,AWD,실버,4,4,1459
2025-08,west,NOV,2026,NOV-PR,3.5 가솔린,AWD,오션 블루,3,3,1122
2025-08,west,NOV,2026,NOV-PR,3.5 가솔린,AWD,선셋 레드,2,2,898
2025-08,west,NOV,2026,NOV-PR,3.5 가솔린,AWD,포레스트 그린,1,1,561
2025-08,west,NOV,2026,NOV-PR,3.5 가솔린,AWD,샌드 베이지,1,1,561
2025-08,west,NOV,2026,NOV-PR,3.5 가솔린,FWD,스노우 화이트,13,13,5001
2025-08,west,NOV,2026,NOV-PR,3.5 가솔린,FWD,미드나잇 블랙,10,10,3959
2025-08,west,NOV,2026,NOV-PR,3.5 가솔린,FWD,스틸 그레이,9,9,3334
2025-08,west,NOV,2026,NOV-PR,3.5 가솔린,FWD,실버,7,7,2709
2025-08,west,NOV,2026,NOV-PR,3.5 가솔린,FWD,오션 블루,5,5,2084
2025-08,west,NOV,2026,NOV-PR,3.5 가솔린,FWD,선셋 레드,4,4,1667
2025-08,west,NOV,2026,NOV-PR,3.5 가솔린,FWD,포레스트 그린,3,3,1042
2025-08,west,NOV,2026,NOV-PR,3.5 가솔린,FWD,샌드 베이지,3,3,1042
2025-08,west,NOV,2026,NOV-PR,1.6T 하이브리드,AWD,스노우 화이트,6,6,2221
2025-08,west,NOV,2026,NOV-PR,1.6T 하이브리드,AWD,미드나잇 블랙,5,5,1758
2025-08,west,NOV,2026,NOV-PR,1.6T 하이브리드,AWD,스틸 그레이,4,4,1481
2025-08,west,NOV,2026,NOV-PR,1.6T 하이브리드,AWD,실버,3,3,1203
2025-08,west,NOV,2026,NOV-PR,1.6T 하이브리드,AWD,오션 블루,2,2,925
2025-08,west,NOV,2026,NOV-PR,1.6T 하이브리드,AWD,선셋 레드,2,2,740
2025-08,west,NOV,2026,NOV-PR,1.6T 하이브리드,AWD,포레스트 그린,1,1,463
2025-08,west,NOV,2026,NOV-PR,1.6T 하이브리드,AWD,샌드 베이지,1,1,463
2025-08,west,NOV,2026,NOV-PR,1.6T 하이브리드,FWD,스노우 화이트,11,11,4125
2025-08,west,NOV,2026,NOV-PR,1.6T 하이브리드,FWD,미드나잇 블랙,8,9,3265
2025-08,west,NOV,2026,NOV-PR,1.6T 하이브리드,FWD,스틸 그레이,7,7,2750
2025-08,west,NOV,2026,NOV-PR,1.6T 하이브리드,FWD,실버,6,6,2234
2025-08,west,NOV,2026,NOV-PR,1.6T 하이브리드,FWD,오션 블루,4,5,1719
2025-08,west,NOV,2026,NOV-PR,1.6T 하이브리드,FWD,선셋 레드,4,4,1375
2025-08,west,NOV,2026,NOV-PR,1.6T 하이브리드,FWD,포레스트 그린,2,2,859
2025-08,west,NOV,2026,NOV-PR,1.6T 하이브리드,FWD,샌드 베이지,2,2,859
2025-08,west,NOV,2026,NOV-LO,3.5 가솔린,AWD,스노우 화이트,3,3,2648
2025-08,west,NOV,2026,NOV-LO,3.5 가솔린,AWD,미드나잇 블랙,2,2,2096
2025-08,west,NOV,2026,NOV-LO,3.5 가솔린,AWD,스틸 그레이,2,2,1765
2025-08,west,NOV,2026,NOV-LO,3.5 가솔린,AWD,실버,2,2,1434
2025-08,west,NOV,2026,NOV-LO,3.5 가솔린,AWD,오션 블루,1,1,1103
2025-08,west,NOV,2026,NOV-LO,3.5 가솔린,AWD,선셋 레드,1,1,883
2025-08,west,NOV,2026,NOV-LO,3.5 가솔린,AWD,포레스트 그린,1,1,552
2025-08,west,NOV,2026,NOV-LO,3.5 가솔린,AWD,샌드 베이지,1,1,552
2025-08,west,NOV,2026,NOV-LO,3.5 가솔린,FWD,스노우 화이트,5,5,4917
2025-08,west,NOV,2026,NOV-LO,3.5 가솔린,FWD,미드나잇 블랙,4,4,3893
2025-08,west,NOV,2026,NOV-LO,3.5 가솔린,FWD,스틸 그레이,4,4,3278
2025-08,west,NOV,2026,NOV-LO,3.5 가솔린,FWD,실버,3,3,2663
2025-08,west,NOV,2026,NOV-LO,3.5 가솔린,FWD,오션 블루,2,2,2049
2025-08,west,NOV,2026,NOV-LO,3.5 가솔린,FWD,선셋 레드,2,2,1639
2025-08,west,NOV,2026,NOV-LO,3.5 가솔린,FWD,포레스트 그린,1,1,1024
2025-08,west,NOV,2026,NOV-LO,3.5 가솔린,FWD,샌드 베이지,1,1,1024
2025-08,west,NOV,2026,NOV-LO,1.6T 하이브리드,AWD,스노우 화이트,2,2,2184
2025-08,west,NOV,2026,NOV-LO,1.6T 하이브리드,AWD,미드나잇 블랙,2,2,1729
2025-08,west,NOV,2026,NOV-LO,1.6T 하이브리드,AWD,스틸 그레이,2,2,1456
2025-08,west,NOV,2026,NOV-LO,1.6T 하이브리드,AWD,실버,1,1,1183
2025-08,west,NOV,2026,NOV-LO,1.6T 하이브리드,AWD,오션 블루,1,1,910
2025-08,west,NOV,2026,NOV-LO,1.6T 하이브리드,AWD,선셋 레드,1,1,728
2025-08,west,NOV,2026,NOV-LO,1.6T 하이브리드,FWD,스노우 화이트,4,4,4056
2025-08,west,NOV,2026,NOV-LO,1.6T 하이브리드,FWD,미드나잇 블랙,3,4,3211
2025-08,west,NOV,2026,NOV-LO,1.6T 하이브리드,FWD,스틸 그레이,3,3,2704
2025-08,west,NOV,2026,NOV-LO,1.6T 하이브리드,FWD,실버,2,2,2197
2025-08,west,NOV,2026,NOV-LO,1.6T 하이브리드,FWD,오션 블루,2,2,1690
2025-08,west,NOV,2026,NOV-LO,1.6T 하이브리드,FWD,선셋 레드,1,1,1352
2025-08,west,NOV,2026,NOV-LO,1.6T 하이브리드,FWD,포레스트 그린,1,1,845
2025-08,west,NOV,2026,NOV-LO,1.6T 하이브리드,FWD,샌드 베이지,1,1,845
2025-08,central,NOV,2025,NOV-CO,3.5 가솔린,AWD,스노우 화이트,25,26,1961
2025-08,central,NOV,2025,NOV-CO,3.5 가솔린,AWD,미드나잇 블랙,20,21,1553
2025-08,central,NOV,2025,NOV-CO,3.5 가솔린,AWD,스틸 그레이,17,17,1308
2025-08,central,NOV,2025,NOV-CO,3.5 가솔린,AWD,실버,14,14,1062
2025-08,central,NOV,2025,NOV-CO,3.5 가솔린,AWD,오션 블루,11,11,817
2025-08,central,NOV,2025,NOV-CO,3.5 가솔린,AWD,선셋 레드,8,9,654
2025-08,central,NOV,2025,NOV-CO,3.5 가솔린,AWD,포레스트 그린,5,5,409
2025-08,central,NOV,2025,NOV-CO,3.5 가솔린,AWD,샌드 베이지,5,5,409
2025-08,central,NOV,2025,NOV-CO,3.5 가솔린,FWD,스노우 화이트,38,39,2911
2025-08,central,NOV,2025,NOV-CO,3.5 가솔린,FWD,미드나잇 블랙,30,31,2305
2025-08,central,NOV,2025,NOV-CO,3.5 가솔린,FWD,스틸 그레이,25,26,1941
2025-08,central,NOV,2025,NOV-CO,3.5 가솔린,FWD,실버,21,21,1577
2025-08,central,NOV,2025,NOV-CO,3.5 가솔린,FWD,오션 블루,16,16,1213
2025-08,central,NOV,2025,NOV-CO,3.5 가솔린,FWD,선셋 레드,13,13,970
2025-08,central,NOV,2025,NOV-CO,3.5 가솔린,FWD,포레스트 그린,8,8,607
2025-08,central,NOV,2025,NOV-CO,3.5 가솔린,FWD,샌드 베이지,8,8,607
2025-08,central,NOV,2025,NOV-CO,1.6T 하이브리드,AWD,스노우 화이트,21,21,1618
2025-08,central,NOV,2025,NOV-CO,1.6T 하이브리드,AWD,미드나잇 블랙,17,17,1281
2025-08,central,NOV,2025,NOV-CO,1.6T 하이브리드,AWD,스틸 그레이,14,14,1078
2025-08,central,NOV,2025,NOV-CO,1.6T 하이브리드,AWD,실버,11,12,876
2025-08,central,NOV,2025,NOV-CO,1.6T 하이브리드,AWD,오션 블루,9,9,674
2025-08,central,NOV,2025,NOV-CO,1.6T 하이브리드,AWD,선셋 레드,7,7,539
2025-08,central,NOV,2025,NOV-CO,1.6T 하이브리드,AWD,포레스트 그린,4,4,337
2025-08,central,NOV,2025,NOV-CO,1.6T 하이브리드,AWD,샌드 베이지,4,4,337
2025-08,central,NOV,2025,NOV-CO,1.6T 하이브리드,FWD,스노우 화이트,31,32,2401
2025-08,central,NOV,2025,NOV-CO,1.6T 하이브리드,FWD,미드나잇 블랙,25,25,1901
2025-08,central,NOV,2025,NOV-CO,1.6T 하이브리드,FWD,스틸 그레이,21,21,1601
2025-08,central,NOV,2025,NOV-CO,1.6T 하이브리드,FWD,실버,17,17,1301
2025-08,central,NOV,2025,NOV-CO,1.6T 하이브리드,FWD,오션 블루,13,13,1001
2025-08,central,NOV,2025,NOV-CO,1.6T 하이브리드,FWD,선셋 레드,10,11,800
2025-08,central,NOV,2025,NOV-CO,1.6T 하이브리드,FWD,포레스트 그린,7,7,500
2025-08,central,NOV,2025,NOV-CO,1.6T 하이브리드,FWD,샌드 베이지,7,7,500
2025-08,central,NOV,2025,NOV-PR,3.5 가솔린,AWD,스노우 화이트,30,30,11473
2025-08,central,NOV,2025,NOV-PR,3.5 가솔린,AWD,미드나잇 블랙,23,24,9083
2025-08,central,NOV,2025,NOV-PR,3.5 가솔린,AWD,스틸 그레이,20,20,7649
2025-08,central,NOV,2025,NOV-PR,3.5 가솔린,AWD,실버,16,16,6215
2025-08,central,NOV,2025,NOV-PR,3.5 가솔린,AWD,오션 블루,12,13,4780
2025-08,central,NOV,2025,NOV-PR,3.5 가솔린,AWD,선셋 레드,10,10,3824
2025-08,central,NOV,2025,NOV-PR,3.5 가솔린,AWD,포레스트 그린,6,6,2390
2025-08,central,NOV,2025,NOV-PR,3.5 가솔린,AWD,샌드 베이지,6,6,2390
2025-08,central,NOV,2025,NOV-PR,3.5 가솔린,FWD,스노우 화이트,44,45,17031
2025-08,central,NOV,2025,NOV-PR,3.5 가솔린,FWD,미드나잇 블랙,35,35,13483
2025-08,central,NOV,2025,NOV-PR,3.5 가솔린,FWD,스틸 그레이,29,30,11354
2025-08,central,NOV,2025,NOV-PR,3.5 가솔린,FWD,실버,24,24,9225
2025-08,central,NOV,2025,NOV-PR,3.5 가솔린,FWD,오션 블루,18,19,7096
2025-08,central,NOV,2025,NOV-PR,3.5 가솔린,FWD,선셋 레드,15,15,5677
2025-08,central,NOV,2025,NOV-PR,3.5 가솔린,FWD,포레스트 그린,9,9,3548
2025-08,central,NOV,2025,NOV-PR,3.5 가솔린,FWD,샌드 베이지,9,9,3548
2025-08,central,NOV,2025,NOV-PR,1.6T 하이브리드,AWD,스노우 화이트,24,25,9463
2025-08,central,NOV,2025,NOV-PR,1.6T 하이브리드,AWD,미드나잇 블랙,19,20,7492
2025-08,central,NOV,2025,NOV-PR,1.6T 하이브리드,AWD,스틸 그레이,16,17,6309
2025-08,central,NOV,2025,NOV-PR,1.6T 하이브리드,AWD,실버,13,13,5126
2025-08,central,NOV,2025,NOV-PR,1.6T 하이브리드,AWD,오션 블루,10,10,3943
2025-08,central,NOV,2025,NOV-PR,1.6T 하이브리드,AWD,선셋 레드,8,8,3154
2025-08,central,NOV,2025,NOV-PR,1.6T 하이브리드,AWD,포레스트 그린,5,5,1971
2025-08,central,NOV,2025,NOV-PR,1.6T 하이브리드,AWD,샌드 베이지,5,5,1971
2025-08,central,NOV,2025,NOV-PR,1.6T 하이브리드,FWD,스노우 화이트,36,37,14048
2025-08,central,NOV,2025,NOV-PR,1.6T 하이브리드,FWD,미드나잇 블랙,29,29,11121
2025-08,central,NOV,2025,NOV-PR,1.6T 하이브리드,FWD,스틸 그레이,24,25,9365
2025-08,central,NOV,2025,NOV-PR,1.6T 하이브리드,FWD,실버,20,20,7609
2025-08,central,NOV,2025,NOV-PR,1.6T 하이브리드,FWD,오션 블루,15,15,5853
2025-08,central,NOV,2025,NOV-PR,1.6T 하이브리드,FWD,선셋 레드,12,12,4683
2025-08,central,NOV,2025,NOV-PR,1.6T 하이브리드,FWD,포레스트 그린,8,8,2927
2025-08,central,NOV,2025,NOV-PR,1.6T 하이브리드,FWD,샌드 베이지,8,8,2927
2025-08,central,NOV,2025,NOV-LO,3.5 가솔린,AWD,스노우 화이트,12,12,11281
2025-08,central,NOV,2025,NOV-LO,3.5 가솔린,AWD,미드나잇 블랙,10,10,8931
2025-08,central,NOV,2025,NOV-LO,3.5 가솔린,AWD,스틸 그레이,8,8,7521
2025-08,central,NOV,2025,NOV-LO,3.5 가솔린,AWD,실버,7,7,6111
2025-08,central,NOV,2025,NOV-LO,3.5 가솔린,AWD,오션 블루,5,5,4701
2025-08,central,NOV,2025,NOV-LO,3.5 가솔린,AWD,선셋 레드,4,4,3760
2025-08,central,NOV,2025,NOV-LO,3.5 가솔린,AWD,포레스트 그린,3,3,2350
2025-08,central,NOV,2025,NOV-LO,3.5 가솔린,AWD,샌드 베이지,3,3,2350
2025-08,central,NOV,2025,NOV-LO,3.5 가솔린,FWD,스노우 화이트,18,18,16747
2025-08,central,NOV,2025,NOV-LO,3.5 가솔린,FWD,미드나잇 블랙,14,14,13258
2025-08,central,NOV,2025,NOV-LO,3.5 가솔린,FWD,스틸 그레이,12,12,11165
2025-08,central,NOV,2025,NOV-LO,3.5 가솔린,FWD,실버,10,10,9071
2025-08,central,NOV,2025,NOV-LO,3.5 가솔린,FWD,오션 블루,7,8,6978
2025-08,central,NOV,2025,NOV-LO,3.5 가솔린,FWD,선셋 레드,6,6,5582
2025-08,central,NOV,2025,NOV-LO,3.5 가솔린,FWD,포레스트 그린,4,4,3489
2025-08,central,NOV,2025,NOV-LO,3.5 가솔린,FWD,샌드 베이지,4,4,3489
2025-08,central,NOV,2025,NOV-LO,1.6T 하이브리드,AWD,스노우 화이트,10,10,9305
2025-08,central,NOV,2025,NOV-LO,1.6T 하이브리드,AWD,미드나잇 블랙,8,8,7366
2025-08,central,NOV,2025,NOV-LO,1.6T 하이브리드,AWD,스틸 그레이,7,7,6203
2025-08,central,NOV,2025,NOV-LO,1.6T 하이브리드,AWD,실버,5,6,5040
2025-08,central,NOV,2025,NOV-LO,1.6T 하이브리드,AWD,오션 블루,4,4,3877
2025-08,central,NOV,2025,NOV-LO,1.6T 하이브리드,AWD,선셋 레드,3,3,3102
2025-08,central,NOV,2025,NOV-LO,1.6T 하이브리드,AWD,포레스트 그린,2,2,1939
2025-08,central,NOV,2025,NOV-LO,1.6T 하이브리드,AWD,샌드 베이지,2,2,1939
2025-08,central,NOV,2025,NOV-LO,1.6T 하이브리드,FWD,스노우 화이트,15,15,13813
2025-08,central,NOV,2025,NOV-LO,1.6T 하이브리드,FWD,미드나잇 블랙,12,12,10935
2025-08,central,NOV,2025,NOV-LO,1.6T 하이브리드,FWD,스틸 그레이,10,10,9209
2025-08,central,NOV,2025,NOV-LO,1.6T 하이브리드,FWD,실버,8,8,7482
2025-08,central,NOV,2025,NOV-LO,1.6T 하이브리드,FWD,오션 블루,6,6,5755
2025-08,central,NOV,2025,NOV-LO,1.6T 하이브리드,FWD,선셋 레드,5,5,4604
2025-08,central,NOV,2025,NOV-LO,1.6T 하이브리드,FWD,포레스트 그린,3,3,2878
2025-08,central,NOV,2025,NOV-LO,1.6T 하이브리드,FWD,샌드 베이지,3,3,2878
2025-08,central,NOV,2026,NOV-CO,3.5 가솔린,AWD,스노우 화이트,4,5,346
2025-08,central,NOV,2026,NOV-CO,3.5 가솔린,AWD,미드나잇 블랙,4,4,274
2025-08,central,NOV,2026,NOV-CO,3.5 가솔린,AWD,스틸 그레이,3,3,231
2025-08,central,NOV,2026,NOV-CO,3.5 가솔린,AWD,실버,2,2,187
2025-08,central,NOV,2026,NOV-CO,3.5 가솔린,AWD,오션 블루,2,2,144
2025-08,central,NOV,2026,NOV-CO,3.5 가솔린,AWD,선셋 레드,1,2,115
2025-08,central,NOV,2026,NOV-CO,3.5 가솔린,AWD,포레스트 그린,1,1,72
2025-08,central,NOV,2026,NOV-CO,3.5 가솔린,AWD,샌드 베이지,1,1,72
2025-08,central,NOV,2026,NOV-CO,3.5 가솔린,FWD,스노우 화이트,7,7,514
2025-08,central,NOV,2026,NOV-CO,3.5 가솔린,FWD,미드나잇 블랙,5,5,407
2025-08,central,NOV,2026,NOV-CO,3.5 가솔린,FWD,스틸 그레이,4,5,343
2025-08,central,NOV,2026,NOV-CO,3.5 가솔린,FWD,실버,4,4,278
2025-08,central,NOV,2026,NOV-CO,3.5 가솔린,FWD,오션 블루,3,3,214
2025-08,central,NOV,2026,NOV-CO,3.5 가솔린,FWD,선셋 레드,2,2,171
2025-08,central,NOV,2026,NOV-CO,3.5 가솔린,FWD,포레스트 그린,1,1,107
2025-08,central,NOV,2026,NOV-CO,3.5 가솔린,FWD,샌드 베이지,1,1,107
2025-08,central,NOV,2026,NOV-CO,1.6T 하이브리드,AWD,스노우 화이트,4,4,285
2025-08,central,NOV,2026,NOV-CO,1.6T 하이브리드,AWD,미드나잇 블랙,3,3,226
2025-08,central,NOV,2026,NOV-CO,1.6T 하이브리드,AWD,스틸 그레이,2,3,190
2025-08,central,NOV,2026,NOV-CO,1.6T 하이브리드,AWD,실버,2,2,155
2025-08,central,NOV,2026,NOV-CO,1.6T 하이브리드,AWD,오션 블루,2,2,119
2025-08,central,NOV,2026,NOV-CO,1.6T 하이브리드,AWD,선셋 레드,1,1,95
2025-08,central,NOV,2026,NOV-CO,1.6T 하이브리드,AWD,포레스트 그린,1,1,59
2025-08,central,NOV,2026,NOV-CO,1.6T 하이브리드,AWD,샌드 베이지,1,1,59
2025-08,central,NOV,2026,NOV-CO,1.6T 하이브리드,FWD,스노우 화이트,6,6,424
2025-08,central,NOV,2026,NOV-CO,1.6T 하이브리드,FWD,미드나잇 블랙,4,4,335
2025-08,central,NOV,2026,NOV-CO,1.6T 하이브리드,FWD,스틸 그레이,4,4,283
2025-08,central,NOV,2026,NOV-CO,1.6T 하이브리드,FWD,실버,3,3,230
2025-08,central,NOV,2026,NOV-CO,1.6T 하이브리드,FWD,오션 블루,2,2,177
2025-08,central,NOV,2026,NOV-CO,1.6T 하이브리드,FWD,선셋 레드,2,2,141
2025-08,central,NOV,2026,NOV-CO,1.6T 하이브리드,FWD,포레스트 그린,1,1,88
2025-08,central,NOV,2026,NOV-CO,1.6T 하이브리드,FWD,샌드 베이지,1,1,88
2025-08,central,NOV,2026,NOV-PR,3.5 가솔린,AWD,스노우 화이트,5,5,2025
2025-08,central,NOV,2026,NOV-PR,3.5 가솔린,AWD,미드나잇 블랙,4,4,1603
2025-08,central,NOV,2026,NOV-PR,3.5 가솔린,AWD,스틸 그레이,3,4,1350
2025-08,central,NOV,2026,NOV-PR,3.5 가솔린,AWD,실버,3,3,1097
2025-08,central,NOV,2026,NOV-PR,3.5 가솔린,AWD,오션 블루,2,2,844
2025-08,central,NOV,2026,NOV-PR,3.5 가솔린,AWD,선셋 레드,2,2,675
2025-08,central,NOV,2026,NOV-PR,3.5 가솔린,AWD,포레스트 그린,1,1,422
2025-08,central,NOV,2026,NOV-PR,3.5 가솔린,AWD,샌드 베이지,1,1,422
2025-08,central,NOV,2026,NOV-PR,3.5 가솔린,FWD,스노우 화이트,8,8,3006
2025-08,central,NOV,2026,NOV-PR,3.5 가솔린,FWD,미드나잇 블랙,6,6,2379
2025-08,central,NOV,2026,NOV-PR,3.5 가솔린,FWD,스틸 그레이,5,5,2004
2025-08,central,NOV,2026,NOV-PR,3.5 가솔린,FWD,실버,4,4,1628
2025-08,central,NOV,2026,NOV-PR,3.5 가솔린,FWD,오션 블루,3,3,1252
2025-08,central,NOV,2026,NOV-PR,3.5 가솔린,FWD,선셋 레드,3,3,1002
2025-08,central,NOV,2026,NOV-PR,3.5 가솔린,FWD,포레스트 그린,2,2,626
2025-08,central,NOV,2026,NOV-PR,3.5 가솔린,FWD,샌드 베이지,2,2,626
2025-08,central,NOV,2026,NOV-PR,1.6T 하이브리드,AWD,스노우 화이트,4,4,1670
2025-08,central,NOV,2026,NOV-PR,1.6T 하이브리드,AWD,미드나잇 블랙,3,3,1322
2025-08,central,NOV,2026,NOV-PR,1.6T 하이브리드,AWD,스틸 그레이,3,3,1113
2025-08,central,NOV,2026,NOV-PR,1.6T 하이브리드,AWD,실버,2,2,905
2025-08,central,NOV,2026,NOV-PR,1.6T 하이브리드,AWD,오션 블루,2,2,696
2025-08,central,NOV,2026,NOV-PR,1.6T 하이브리드,AWD,선셋 레드,1,1,557
2025-08,central,NOV,2026,NOV-PR,1.6T 하이브리드,AWD,포레스트 그린,1,1,348
2025-08,central,NOV,2026,NOV-PR,1.6T 하이브리드,AWD,샌드 베이지,1,1,348
2025-08,central,NOV,2026,NOV-PR,1.6T 하이브리드,FWD,스노우 화이트,6,7,2479
2025-08,central,NOV,2026,NOV-PR,1.6T 하이브리드,FWD,미드나잇 블랙,5,5,1963
2025-08,central,NOV,2026,NOV-PR,1.6T 하이브리드,FWD,스틸 그레이,4,4,1653
2025-08,central,NOV,2026,NOV-PR,1.6T 하이브리드,FWD,실버,3,4,1343
2025-08,central,NOV,2026,NOV-PR,1.6T 하이브리드,FWD,오션 블루,3,3,1033
2025-08,central,NOV,2026,NOV-PR,1.6T 하이브리드,FWD,선셋 레드,2,2,826
2025-08,central,NOV,2026,NOV-PR,1.6T 하이브리드,FWD,포레스트 그린,1,1,516
2025-08,central,NOV,2026,NOV-PR,1.6T 하이브리드,FWD,샌드 베이지,1,1,516
2025-08,central,NOV,2026,NOV-LO,3.5 가솔린,AWD,스노우 화이트,2,2,1991
2025-08,central,NOV,2026,NOV-LO,3.5 가솔린,AWD,미드나잇 블랙,2,2,1576
2025-08,central,NOV,2026,NOV-LO,3.5 가솔린,AWD,스틸 그레이,1,1,1327
2025-08,central,NOV,2026,NOV-LO,3.5 가솔린,AWD,실버,1,1,1078
2025-08,central,NOV,2026,NOV-LO,3.5 가솔린,AWD,오션 블루,1,1,830
2025-08,central,NOV,2026,NOV-LO,3.5 가솔린,AWD,선셋 레드,1,1,664
2025-08,central,NOV,2026,NOV-LO,3.5 가솔린,FWD,스노우 화이트,3,3,2955
2025-08,central,NOV,2026,NOV-LO,3.5 가솔린,FWD,미드나잇 블랙,3,3,2340
2025-08,central,NOV,2026,NOV-LO,3.5 가솔린,FWD,스틸 그레이,2,2,1970
2025-08,central,NOV,2026,NOV-LO,3.5 가솔린,FWD,실버,2,2,1601
2025-08,central,NOV,2026,NOV-LO,3.5 가솔린,FWD,오션 블루,1,1,1231
2025-08,central,NOV,2026,NOV-LO,3.5 가솔린,FWD,선셋 레드,1,1,985
2025-08,central,NOV,2026,NOV-LO,3.5 가솔린,FWD,포레스트 그린,1,1,616
2025-08,central,NOV,2026,NOV-LO,3.5 가솔린,FWD,샌드 베이지,1,1,616
2025-08,central,NOV,2026,NOV-LO,1.6T 하이브리드,AWD,스노우 화이트,2,2,1642
2025-08,central,NOV,2026,NOV-LO,1.6T 하이브리드,AWD,미드나잇 블랙,1,1,1300
2025-08,central,NOV,2026,NOV-LO,1.6T 하이브리드,AWD,스틸 그레이,1,1,1095
2025-08,central,NOV,2026,NOV-LO,1.6T 하이브리드,AWD,실버,1,1,889
2025-08,central,NOV,2026,NOV-LO,1.6T 하이브리드,AWD,오션 블루,1,1,684
2025-08,central,NOV,2026,NOV-LO,1.6T 하이브리드,AWD,선셋 레드,1,1,547
2025-08,central,NOV,2026,NOV-LO,1.6T 하이브리드,FWD,스노우 화이트,3,3,2438
2025-08,central,NOV,2026,NOV-LO,1.6T 하이브리드,FWD,미드나잇 블랙,2,2,1930
2025-08,central,NOV,2026,NOV-LO,1.6T 하이브리드,FWD,스틸 그레이,2,2,1625
2025-08,central,NOV,2026,NOV-LO,1.6T 하이브리드,FWD,실버,1,1,1320
2025-08,central,NOV,2026,NOV-LO,1.6T 하이브리드,FWD,오션 블루,1,1,1016
2025-08,central,NOV,2026,NOV-LO,1.6T 하이브리드,FWD,선셋 레드,1,1,813
2025-08,central,NOV,2026,NOV-LO,1.6T 하이브리드,FWD,포레스트 그린,1,1,508
2025-08,central,NOV,2026,NOV-LO,1.6T 하이브리드,FWD,샌드 베이지,1,1,508
2025-08,south,NOV,2025,NOV-CO,3.5 가솔린,AWD,스노우 화이트,21,21,1589
2025-08,south,NOV,2025,NOV-CO,3.5 가솔린,AWD,미드나잇 블랙,16,17,1258
2025-08,south,NOV,2025,NOV-CO,3.5 가솔린,AWD,스틸 그레이,14,14,1059
2025-08,south,NOV,2025,NOV-CO,3.5 가솔린,AWD,실버,11,11,861
2025-08,south,NOV,2025,NOV-CO,3.5 가솔린,AWD,오션 블루,9,9,662
2025-08,south,NOV,2025,NOV-CO,3.5 가솔린,AWD,선셋 레드,7,7,530
2025-08,south,NOV,2025,NOV-CO,3.5 가솔린,AWD,포레스트 그린,4,4,331
2025-08,south,NOV,2025,NOV-CO,3.5 가솔린,AWD,샌드 베이지,4,4,331
2025-08,south,NOV,2025,NOV-CO,3.5 가솔린,FWD,스노우 화이트,61,63,4717
2025-08,south,NOV,2025,NOV-CO,3.5 가솔린,FWD,미드나잇 블랙,49,50,3734
2025-08,south,NOV,2025,NOV-CO,3.5 가솔린,FWD,스틸 그레이,41,42,3145
2025-08,south,NOV,2025,NOV-CO,3.5 가솔린,FWD,실버,33,34,2555
2025-08,south,NOV,2025,NOV-CO,3.5 가솔린,FWD,오션 블루,26,26,1965
2025-08,south,NOV,2025,NOV-CO,3.5 가솔린,FWD,선셋 레드,20,21,1572
2025-08,south,NOV,2025,NOV-CO,3.5 가솔린,FWD,포레스트 그린,13,13,983
2025-08,south,NOV,2025,NOV-CO,3.5 가솔린,FWD,샌드 베이지,13,13,983
2025-08,south,NOV,2025,NOV-CO,1.6T 하이브리드,AWD,스노우 화이트,17,17,1311
2025-08,south,NOV,2025,NOV-CO,1.6T 하이브리드,AWD,미드나잇 블랙,13,14,1038
2025-08,south,NOV,2025,NOV-CO,1.6T 하이브리드,AWD,스틸 그레이,11,12,874
2025-08,south,NOV,2025,NOV-CO,1.6T 하이브리드,AWD,실버,9,9,710
2025-08,south,NOV,2025,NOV-CO,1.6T 하이브리드,AWD,오션 블루,7,7,546
2025-08,south,NOV,2025,NOV-CO,1.6T 하이브리드,AWD,선셋 레드,6,6,437
2025-08,south,NOV,2025,NOV-CO,1.6T 하이브리드,AWD,포레스트 그린,4,4,273
2025-08,south,NOV,2025,NOV-CO,1.6T 하이브리드,AWD,샌드 베이지,4,4,273
2025-08,south,NOV,2025,NOV-CO,1.6T 하이브리드,FWD,스노우 화이트,51,52,3891
2025-08,south,NOV,2025,NOV-CO,1.6T 하이브리드,FWD,미드나잇 블랙,40,41,3080
2025-08,south,NOV,2025,NOV-CO,1.6T 하이브리드,FWD,스틸 그레이,34,34,2594
2025-08,south,NOV,2025,NOV-CO,1.6T 하이브리드,FWD,실버,27,28,2107
2025-08,south,NOV,2025,NOV-CO,1.6T 하이브리드,FWD,오션 블루,21,21,1621
2025-08,south,NOV,2025,NOV-CO,1.6T 하이브리드,FWD,선셋 레드,17,17,1297
2025-08,south,NOV,2025,NOV-CO,1.6T 하이브리드,FWD,포레스트 그린,11,11,811
2025-08,south,NOV,2025,NOV-CO,1.6T 하이브리드,FWD,샌드 베이지,11,11,811
2025-08,south,NOV,2025,NOV-PR,3.5 가솔린,AWD,스노우 화이트,24,24,9296
2025-08,south,NOV,2025,NOV-PR,3.5 가솔린,AWD,미드나잇 블랙,19,19,7359
2025-08,south,NOV,2025,NOV-PR,3.5 가솔린,AWD,스틸 그레이,16,16,6197
2025-08,south,NOV,2025,NOV-PR,3.5 가솔린,AWD,실버,13,13,5035
2025-08,south,NOV,2025,NOV-PR,3.5 가솔린,AWD,오션 블루,10,10,3873
2025-08,south,NOV,2025,NOV-PR,3.5 가솔린,AWD,선셋 레드,8,8,3099
2025-08,south,NOV,2025,NOV-PR,3.5 가솔린,AWD,포레스트 그린,5,5,1937
2025-08,south,NOV,2025,NOV-PR,3.5 가솔린,AWD,샌드 베이지,5,5,1937
2025-08,south,NOV,2025,NOV-PR,3.5 가솔린,FWD,스노우 화이트,71,72,27592
2025-08,south,NOV,2025,NOV-PR,3.5 가솔린,FWD,미드나잇 블랙,56,57,21844
2025-08,south,NOV,2025,NOV-PR,3.5 가솔린,FWD,스틸 그레이,47,48,18395
2025-08,south,NOV,2025,NOV-PR,3.5 가솔린,FWD,실버,38,39,14946
2025-08,south,NOV,2025,NOV-PR,3.5 가솔린,FWD,오션 블루,30,30,11497
2025-08,south,NOV,2025,NOV-PR,3.5 가솔린,FWD,선셋 레드,24,24,9197
2025-08,south,NOV,2025,NOV-PR,3.5 가솔린,FWD,포레스트 그린,15,15,5748
2025-08,south,NOV,2025,NOV-PR,3.5 가솔린,FWD,샌드 베이지,15,15,5748
2025-08,south,NOV,2025,NOV-PR,1.6T 하이브리드,AWD,스노우 화이트,20,20,7667
2025-08,south,NOV,2025,NOV-PR,1.6T 하이브리드,AWD,미드나잇 블랙,16,16,6070
2025-08,south,NOV,2025,NOV-PR,1.6T 하이브리드,AWD,스틸 그레이,13,13,5112
2025-08,south,NOV,2025,NOV-PR,1.6T 하이브리드,AWD,실버,11,11,4153
2025-08,south,NOV,2025,NOV-PR,1.6T 하이브리드,AWD,오션 블루,8,8,3195
2025-08,south,NOV,2025,NOV-PR,1.6T 하이브리드,AWD,선셋 레드,7,7,2556
2025-08,south,NOV,2025,NOV-PR,1.6T 하이브리드,AWD,포레스트 그린,4,4,1597
2025-08,south,NOV,2025,NOV-PR,1.6T 하이브리드,AWD,샌드 베이지,4,4,1597
2025-08,south,NOV,2025,NOV-PR,1.6T 하이브리드,FWD,스노우 화이트,59,60,22759
2025-08,south,NOV,2025,NOV-PR,1.6T 하이브리드,FWD,미드나잇 블랙,46,47,18017
2025-08,south,NOV,2025,NOV-PR,1.6T 하이브리드,FWD,스틸 그레이,39,40,15172
2025-08,south,NOV,2025,NOV-PR,1.6T 하이브리드,FWD,실버,32,32,12328
2025-08,south,NOV,2025,NOV-PR,1.6T 하이브리드,FWD,오션 블루,24,25,9483
2025-08,south,NOV,2025,NOV-PR,1.6T 하이브리드,FWD,선셋 레드,20,20,7586
2025-08,south,NOV,2025,NOV-PR,1.6T 하이브리드,FWD,포레스트 그린,12,12,4741
2025-08,south,NOV,2025,NOV-PR,1.6T 하이브리드,FWD,샌드 베이지,12,12,4741
2025-08,south,NOV,2025,NOV-LO,3.5 가솔린,AWD,스노우 화이트,10,10,9140
2025-08,south,NOV,2025,NOV-LO,3.5 가솔린,AWD,미드나잇 블랙,8,8,7236
2025-08,south,NOV,2025,NOV-LO,3.5 가솔린,AWD,스틸 그레이,7,7,6094
2025-08,south,NOV,2025,NOV-LO,3.5 가솔린,AWD,실버,5,5,4951
2025-08,south,NOV,2025,NOV-LO,3.5 가솔린,AWD,오션 블루,4,4,3809
2025-08,south,NOV,2025,NOV-LO,3.5 가솔린,AWD,선셋 레드,3,3,3047
2025-08,south,NOV,2025,NOV-LO,3.5 가솔린,AWD,포레스트 그린,2,2,1904
2025-08,south,NOV,2025,NOV-LO,3.5 가솔린,AWD,샌드 베이지,2,2,1904
2025-08,south,NOV,2025,NOV-LO,3.5 가솔린,FWD,스노우 화이트,29,30,27131
2025-08,south,NOV,2025,NOV-LO,3.5 가솔린,FWD,미드나잇 블랙,23,23,21479
2025-08,south,NOV,2025,NOV-LO,3.5 가솔린,FWD,스틸 그레이,19,20,18087
2025-08,south,NOV,2025,NOV-LO,3.5 가솔린,FWD,실버,16,16,14696
2025-08,south,NOV,2025,NOV-LO,3.5 가솔린,FWD,오션 블루,12,12,11305
2025-08,south,NOV,2025,NOV-LO,3.5 가솔린,FWD,선셋 레드,10,10,9044
2025-08,south,NOV,2025,NOV-LO,3.5 가솔린,FWD,포레스트 그린,6,6,5652
2025-08,south,NOV,2025,NOV-LO,3.5 가솔린,FWD,샌드 베이지,6,6,5652
2025-08,south,NOV,2025,NOV-LO,1.6T 하이브리드,AWD,스노우 화이트,8,8,7539
2025-08,south,NOV,2025,NOV-LO,1.6T 하이브리드,AWD,미드나잇 블랙,6,7,5969
2025-08,south,NOV,2025,NOV-LO,1.6T 하이브리드,AWD,스틸 그레이,5,5,5026
2025-08,south,NOV,2025,NOV-LO,1.6T 하이브리드,AWD,실버,4,4,4084
2025-08,south,NOV,2025,NOV-LO,1.6T 하이브리드,AWD,오션 블루,3,3,3141
2025-08,south,NOV,2025,NOV-LO,1.6T 하이브리드,AWD,선셋 레드,3,3,2513
2025-08,south,NOV,2025,NOV-LO,1.6T 하이브리드,AWD,포레스트 그린,2,2,1571
2025-08,south,NOV,2025,NOV-LO,1.6T 하이브리드,AWD,샌드 베이지,2,2,1571
2025-08,south,NOV,2025,NOV-LO,1.6T 하이브리드,FWD,스노우 화이트,24,24,22378
2025-08,south,NOV,2025,NOV-LO,1.6T 하이브리드,FWD,미드나잇 블랙,19,19,17716
2025-08,south,NOV,2025,NOV-LO,1.6T 하이브리드,FWD,스틸 그레이,16,16,14919
2025-08,south,NOV,2025,NOV-LO,1.6T 하이브리드,FWD,실버,13,13,12122
2025-08,south,NOV,2025,NOV-LO,1.6T 하이브리드,FWD,오션 블루,10,10,9324
2025-08,south,NOV,2025,NOV-LO,1.6T 하이브리드,FWD,선셋 레드,8,8,7459
2025-08,south,NOV,2025,NOV-LO,1.6T 하이브리드,FWD,포레스트 그린,5,5,4662
2025-08,south,NOV,2025,NOV-LO,1.6T 하이브리드,FWD,샌드 베이지,5,5,4662
2025-08,south,NOV,2026,NOV-CO,3.5 가솔린,AWD,스노우 화이트,4,4,280
2025-08,south,NOV,2026,NOV-CO,3.5 가솔린,AWD,미드나잇 블랙,3,3,222
2025-08,south,NOV,2026,NOV-CO,3.5 가솔린,AWD,스틸 그레이,2,2,187
2025-08,south,NOV,2026,NOV-CO,3.5 가솔린,AWD,실버,2,2,152
2025-08,south,NOV,2026,NOV-CO,3.5 가솔린,AWD,오션 블루,2,2,117
2025-08,south,NOV,2026,NOV-CO,3.5 가솔린,AWD,선셋 레드,1,1,93
2025-08,south,NOV,2026,NOV-CO,3.5 가솔린,AWD,포레스트 그린,1,1,58
2025-08,south,NOV,2026,NOV-CO,3.5 가솔린,AWD,샌드 베이지,1,1,58
2025-08,south,NOV,2026,NOV-CO,3.5 가솔린,FWD,스노우 화이트,11,11,832
2025-08,south,NOV,2026,NOV-CO,3.5 가솔린,FWD,미드나잇 블랙,9,9,659
2025-08,south,NOV,2026,NOV-CO,3.5 가솔린,FWD,스틸 그레이,7,7,555
2025-08,south,NOV,2026,NOV-CO,3.5 가솔린,FWD,실버,6,6,451
2025-08,south,NOV,2026,NOV-CO,3.5 가솔린,FWD,오션 블루,5,5,347
2025-08,south,NOV,2026,NOV-CO,3.5 가솔린,FWD,선셋 레드,4,4,277
2025-08,south,NOV,2026,NOV-CO,3.5 가솔린,FWD,포레스트 그린,2,2,173
2025-08,south,NOV,2026,NOV-CO,3.5 가솔린,FWD,샌드 베이지,2,2,173
2025-08,south,NOV,2026,NOV-CO,1.6T 하이브리드,AWD,스노우 화이트,3,3,231
2025-08,south,NOV,2026,NOV-CO,1.6T 하이브리드,AWD,미드나잇 블랙,2,2,183
2025-08,south,NOV,2026,NOV-CO,1.6T 하이브리드,AWD,스틸 그레이,2,2,154
2025-08,south,NOV,2026,NOV-CO,1.6T 하이브리드,AWD,실버,2,2,125
2025-08,south,NOV,2026,NOV-CO,1.6T 하이브리드,AWD,오션 블루,1,1,96
2025-08,south,NOV,2026,NOV-CO,1.6T 하이브리드,AWD,선셋 레드,1,1,77
2025-08,south,NOV,2026,NOV-CO,1.6T 하이브리드,AWD,포레스트 그린,1,1,48
2025-08,south,NOV,2026,NOV-CO,1.6T 하이브리드,AWD,샌드 베이지,1,1,48
2025-08,south,NOV,2026,NOV-CO,1.6T 하이브리드,FWD,스노우 화이트,9,9,687
2025-08,south,NOV,2026,NOV-CO,1.6T 하이브리드,FWD,미드나잇 블랙,7,7,544
2025-08,south,NOV,2026,NOV-CO,1.6T 하이브리드,FWD,스틸 그레이,6,6,458
2025-08,south,NOV,2026,NOV-CO,1.6T 하이브리드,FWD,실버,5,5,372
2025-08,south,NOV,2026,NOV-CO,1.6T 하이브리드,FWD,오션 블루,4,4,286
2025-08,south,NOV,2026,NOV-CO,1.6T 하이브리드,FWD,선셋 레드,3,3,229
2025-08,south,NOV,2026,NOV-CO,1.6T 하이브리드,FWD,포레스트 그린,2,2,143
2025-08,south,NOV,2026,NOV-CO,1.6T 하이브리드,FWD,샌드 베이지,2,2,143
2025-08,south,NOV,2026,NOV-PR,3.5 가솔린,AWD,스노우 화이트,4,4,1640
2025-08,south,NOV,2026,NOV-PR,3.5 가솔린,AWD,미드나잇 블랙,3,3,1299
2025-08,south,NOV,2026,NOV-PR,3.5 가솔린,AWD,스틸 그레이,3,3,1094
2025-08,south,NOV,2026,NOV-PR,3.5 가솔린,AWD,실버,2,2,889
2025-08,south,NOV,2026,NOV-PR,3.5 가솔린,AWD,오션 블루,2,2,684
2025-08,south,NOV,2026,NOV-PR,3.5 가솔린,AWD,선셋 레드,1,1,547
2025-08,south,NOV,2026,NOV-PR,3.5 가솔린,AWD,포레스트 그린,1,1,342
2025-08,south,NOV,2026,NOV-PR,3.5 가솔린,AWD,샌드 베이지,1,1,342
2025-08,south,NOV,2026,NOV-PR,3.5 가솔린,FWD,스노우 화이트,13,13,4869
2025-08,south,NOV,2026,NOV-PR,3.5 가솔린,FWD,미드나잇 블랙,10,10,3855
2025-08,south,NOV,2026,NOV-PR,3.5 가솔린,FWD,스틸 그레이,8,9,3246
2025-08,south,NOV,2026,NOV-PR,3.5 가솔린,FWD,실버,7,7,2637
2025-08,south,NOV,2026,NOV-PR,3.5 가솔린,FWD,오션 블루,5,5,2029
2025-08,south,NOV,2026,NOV-PR,3.5 가솔린,FWD,선셋 레드,4,4,1623
2025-08,south,NOV,2026,NOV-PR,3.5 가솔린,FWD,포레스트 그린,3,3,1014
2025-08,south,NOV,2026,NOV-PR,3.5 가솔린,FWD,샌드 베이지,3,3,1014
2025-08,south,NOV,2026,NOV-PR,1.6T 하이브리드,AWD,스노우 화이트,3,4,1353
2025-08,south,NOV,2026,NOV-PR,1.6T 하이브리드,AWD,미드나잇 블랙,3,3,1071
2025-08,south,NOV,2026,NOV-PR,1.6T 하이브리드,AWD,스틸 그레이,2,2,902
2025-08,south,NOV,2026,NOV-PR,1.6T 하이브리드,AWD,실버,2,2,733
2025-08,south,NOV,2026,NOV-PR,1.6T 하이브리드,AWD,오션 블루,1,1,564
2025-08,south,NOV,2026,NOV-PR,1.6T 하이브리드,AWD,선셋 레드,1,1,451
2025-08,south,NOV,2026,NOV-PR,1.6T 하이브리드,AWD,포레스트 그린,1,1,282
2025-08,south,NOV,2026,NOV-PR,1.6T 하이브리드,AWD,샌드 베이지,1,1,282
2025-08,south,NOV,2026,NOV-PR,1.6T 하이브리드,FWD,스노우 화이트,10,11,4016
2025-08,south,NOV,2026,NOV-PR,1.6T 하이브리드,FWD,미드나잇 블랙,8,8,3179
2025-08,south,NOV,2026,NOV-PR,1.6T 하이브리드,FWD,스틸 그레이,7,7,2677
2025-08,south,NOV,2026,NOV-PR,1.6T 하이브리드,FWD,실버,6,6,2175
2025-08,south,NOV,2026,NOV-PR,1.6T 하이브리드,FWD,오션 블루,4,4,1673
2025-08,south,NOV,2026,NOV-PR,1.6T 하이브리드,FWD,선셋 레드,3,4,1339
2025-08,south,NOV,2026,NOV-PR,1.6T 하이브리드,FWD,포레스트 그린,2,2,837
2025-08,south,NOV,2026,NOV-PR,1.6T 하이브리드,FWD,샌드 베이지,2,2,837
2025-08,south,NOV,2026,NOV-LO,3.5 가솔린,AWD,스노우 화이트,2,2,1613
2025-08,south,NOV,2026,NOV-LO,3.5 가솔린,AWD,미드나잇 블랙,1,1,1277
2025-08,south,NOV,2026,NOV-LO,3.5 가솔린,AWD,스틸 그레이,1,1,1075
2025-08,south,NOV,2026,NOV-LO,3.5 가솔린,AWD,실버,1,1,874
2025-08,south,NOV,2026,NOV-LO,3.5 가솔린,AWD,오션 블루,1,1,672
2025-08,south,NOV,2026,NOV-LO,3.5 가솔린,AWD,선셋 레드,1,1,538
2025-08,south,NOV,2026,NOV-LO,3.5 가솔린,FWD,스노우 화이트,5,5,4788
2025-08,south,NOV,2026,NOV-LO,3.5 가솔린,FWD,미드나잇 블랙,4,4,3790
2025-08,south,NOV,2026,NOV-LO,3.5 가솔린,FWD,스틸 그레이,3,3,3192
2025-08,south,NOV,2026,NOV-LO,3.5 가솔린,FWD,실버,3,3,2593
2025-08,south,NOV,2026,NOV-LO,3.5 가솔린,FWD,오션 블루,2,2,1995
2025-08,south,NOV,2026,NOV-LO,3.5 가솔린,FWD,선셋 레드,2,2,1596
2025-08,south,NOV,2026,NOV-LO,3.5 가솔린,FWD,포레스트 그린,1,1,997
2025-08,south,NOV,2026,NOV-LO,3.5 가솔린,FWD,샌드 베이지,1,1,997
2025-08,south,NOV,2026,NOV-LO,1.6T 하이브리드,AWD,스노우 화이트,1,1,1330
2025-08,south,NOV,2026,NOV-LO,1.6T 하이브리드,AWD,미드나잇 블랙,1,1,1053
2025-08,south,NOV,2026,NOV-LO,1.6T 하이브리드,AWD,스틸 그레이,1,1,887
2025-08,south,NOV,2026,NOV-LO,1.6T 하이브리드,AWD,실버,1,1,721
2025-08,south,NOV,2026,NOV-LO,1.6T 하이브리드,AWD,오션 블루,1,1,554
2025-08,south,NOV,2026,NOV-LO,1.6T 하이브리드,FWD,스노우 화이트,4,4,3949
2025-08,south,NOV,2026,NOV-LO,1.6T 하이브리드,FWD,미드나잇 블랙,3,3,3126
2025-08,south,NOV,2026,NOV-LO,1.6T 하이브리드,FWD,스틸 그레이,3,3,2633
2025-08,south,NOV,2026,NOV-LO,1.6T 하이브리드,FWD,실버,2,2,2139
2025-08,south,NOV,2026,NOV-LO,1.6T 하이브리드,FWD,오션 블루,2,2,1645
2025-08,south,NOV,2026,NOV-LO,1.6T 하이브리드,FWD,선셋 레드,1,1,1316
2025-08,south,NOV,2026,NOV-LO,1.6T 하이브리드,FWD,포레스트 그린,1,1,823
2025-08,south,NOV,2026,NOV-LO,1.6T 하이브리드,FWD,샌드 베이지,1,1,823
2025-08,northeast,NOV,2025,NOV-CO,3.5 가솔린,AWD,스노우 화이트,29,29,2217
2025-08,northeast,NOV,2025,NOV-CO,3.5 가솔린,AWD,미드나잇 블랙,23,23,1755
2025-08,northeast,NOV,2025,NOV-CO,3.5 가솔린,AWD,스틸 그레이,19,20,1478
2025-08,northeast,NOV,2025,NOV-CO,3.5 가솔린,AWD,실버,16,16,1201
2025-08,northeast,NOV,2025,NOV-CO,3.5 가솔린,AWD,오션 블루,12,12,924
2025-08,northeast,NOV,2025,NOV-CO,3.5 가솔린,AWD,선셋 레드,10,10,739
2025-08,northeast,NOV,2025,NOV-CO,3.5 가솔린,AWD,포레스트 그린,6,6,462
2025-08,northeast,NOV,2025,NOV-CO,3.5 가솔린,AWD,샌드 베이지,6,6,462
2025-08,northeast,NOV,2025,NOV-CO,3.5 가솔린,FWD,스노우 화이트,35,35,2656
2025-08,northeast,NOV,2025,NOV-CO,3.5 가솔린,FWD,미드나잇 블랙,27,28,2102
2025-08,northeast,NOV,2025,NOV-CO,3.5 가솔린,FWD,스틸 그레이,23,23,1770
2025-08,northeast,NOV,2025,NOV-CO,3.5 가솔린,FWD,실버,19,19,1438
2025-08,northeast,NOV,2025,NOV-CO,3.5 가솔린,FWD,오션 블루,14,15,1107
2025-08,northeast,NOV,2025,NOV-CO,3.5 가솔린,FWD,선셋 레드,12,12,885
2025-08,northeast,NOV,2025,NOV-CO,3.5 가솔린,FWD,포레스트 그린,7,7,553
2025-08,northeast,NOV,2025,NOV-CO,3.5 가솔린,FWD,샌드 베이지,7,7,553
2025-08,northeast,NOV,2025,NOV-CO,1.6T 하이브리드,AWD,스노우 화이트,24,24,1829
2025-08,northeast,NOV,2025,NOV-CO,1.6T 하이브리드,AWD,미드나잇 블랙,19,19,1448
2025-08,northeast,NOV,2025,NOV-CO,1.6T 하이브리드,AWD,스틸 그레이,16,16,1219
2025-08,northeast,NOV,2025,NOV-CO,1.6T 하이브리드,AWD,실버,13,13,991
2025-08,northeast,NOV,2025,NOV-CO,1.6T 하이브리드,AWD,오션 블루,10,10,762
2025-08,northeast,NOV,2025,NOV-CO,1.6T 하이브리드,AWD,선셋 레드,8,8,610
2025-08,northeast,NOV,2025,NOV-CO,1.6T 하이브리드,AWD,포레스트 그린,5,5,381
2025-08,northeast,NOV,2025,NOV-CO,1.6T 하이브리드,AWD,샌드 베이지,5,5,381
2025-08,northeast,NOV,2025,NOV-CO,1.6T 하이브리드,FWD,스노우 화이트,28,29,2190
2025-08,northeast,NOV,2025,NOV-CO,1.6T 하이브리드,FWD,미드나잇 블랙,23,23,1734
2025-08,northeast,NOV,2025,NOV-CO,1.6T 하이브리드,FWD,스틸 그레이,19,19,1460
2025-08,northeast,NOV,2025,NOV-CO,1.6T 하이브리드,FWD,실버,15,16,1186
2025-08,northeast,NOV,2025,NOV-CO,1.6T 하이브리드,FWD,오션 블루,12,12,913
2025-08,northeast,NOV,2025,NOV-CO,1.6T 하이브리드,FWD,선셋 레드,9,10,730
2025-08,northeast,NOV,2025,NOV-CO,1.6T 하이브리드,FWD,포레스트 그린,6,6,456
2025-08,northeast,NOV,2025,NOV-CO,1.6T 하이브리드,FWD,샌드 베이지,6,6,456
2025-08,northeast,NOV,2025,NOV-PR,3.5 가솔린,AWD,스노우 화이트,33,34,12969
2025-08,northeast,NOV,2025,NOV-PR,3.5 가솔린,AWD,미드나잇 블랙,26,27,10267
2025-08,northeast,NOV,2025,NOV-PR,3.5 가솔린,AWD,스틸 그레이,22,23,8646
2025-08,northeast,NOV,2025,NOV-PR,3.5 가솔린,AWD,실버,18,18,7025
2025-08,northeast,NOV,2025,NOV-PR,3.5 가솔린,AWD,오션 블루,14,14,5404
2025-08,northeast,NOV,2025,NOV-PR,3.5 가솔린,AWD,선셋 레드,11,11,4323
2025-08,northeast,NOV,2025,NOV-PR,3.5 가솔린,AWD,포레스트 그린,7,7,2702
2025-08,northeast,NOV,2025,NOV-PR,3.5 가솔린,AWD,샌드 베이지,7,7,2702
2025-08,northeast,NOV,2025,NOV-PR,3.5 가솔린,FWD,스노우 화이트,40,41,15535
2025-08,northeast,NOV,2025,NOV-PR,3.5 가솔린,FWD,미드나잇 블랙,32,32,12298
2025-08,northeast,NOV,2025,NOV-PR,3.5 가솔린,FWD,스틸 그레이,27,27,10357
2025-08,northeast,NOV,2025,NOV-PR,3.5 가솔린,FWD,실버,22,22,8415
2025-08,northeast,NOV,2025,NOV-PR,3.5 가솔린,FWD,오션 블루,17,17,6473
2025-08,northeast,NOV,2025,NOV-PR,3.5 가솔린,FWD,선셋 레드,13,14,5178
2025-08,northeast,NOV,2025,NOV-PR,3.5 가솔린,FWD,포레스트 그린,8,8,3236
2025-08,northeast,NOV,2025,NOV-PR,3.5 가솔린,FWD,샌드 베이지,8,8,3236
2025-08,northeast,NOV,2025,NOV-PR,1.6T 하이브리드,AWD,스노우 화이트,28,28,10697
2025-08,northeast,NOV,2025,NOV-PR,1.6T 하이브리드,AWD,미드나잇 블랙,22,22,8469
2025-08,northeast,NOV,2025,NOV-PR,1.6T 하이브리드,AWD,스틸 그레이,18,19,7132
2025-08,northeast,NOV,2025,NOV-PR,1.6T 하이브리드,AWD,실버,15,15,5794
2025-08,northeast,NOV,2025,NOV-PR,1.6T 하이브리드,AWD,오션 블루,11,12,4457
2025-08,northeast,NOV,2025,NOV-PR,1.6T 하이브리드,AWD,선셋 레드,9,9,3566
2025-08,northeast,NOV,2025,NOV-PR,1.6T 하이브리드,AWD,포레스트 그린,6,6,2229
2025-08,northeast,NOV,2025,NOV-PR,1.6T 하이브리드,AWD,샌드 베이지,6,6,2229
2025-08,northeast,NOV,2025,NOV-PR,1.6T 하이브리드,FWD,스노우 화이트,33,34,12813
2025-08,northeast,NOV,2025,NOV-PR,1.6T 하이브리드,FWD,미드나잇 블랙,26,27,10144
2025-08,northeast,NOV,2025,NOV-PR,1.6T 하이브리드,FWD,스틸 그레이,22,22,8542
2025-08,northeast,NOV,2025,NOV-PR,1.6T 하이브리드,FWD,실버,18,18,6941
2025-08,northeast,NOV,2025,NOV-PR,1.6T 하이브리드,FWD,오션 블루,14,14,5339
2025-08,northeast,NOV,2025,NOV-PR,1.6T 하이브리드,FWD,선셋 레드,11,11,4271
2025-08,northeast,NOV,2025,NOV-PR,1.6T 하이브리드,FWD,포레스트 그린,7,7,2669
2025-08,northeast,NOV,2025,NOV-PR,1.6T 하이브리드,FWD,샌드 베이지,7,7,2669
2025-08,northeast,NOV,2025,NOV-LO,3.5 가솔린,AWD,스노우 화이트,14,14,12753
2025-08,northeast,NOV,2025,NOV-LO,3.5 가솔린,AWD,미드나잇 블랙,11,11,10096
2025-08,northeast,NOV,2025,NOV-LO,3.5 가솔린,AWD,스틸 그레이,9,9,8502
2025-08,northeast,NOV,2025,NOV-LO,3.5 가솔린,AWD,실버,7,8,6908
2025-08,northeast,NOV,2025,NOV-LO,3.5 가솔린,AWD,오션 블루,6,6,5314
2025-08,northeast,NOV,2025,NOV-LO,3.5 가솔린,AWD,선셋 레드,5,5,4251
2025-08,northeast,NOV,2025,NOV-LO,3.5 가솔린,AWD,포레스트 그린,3,3,2657
2025-08,northeast,NOV,2025,NOV-LO,3.5 가솔린,AWD,샌드 베이지,3,3,2657
2025-08,northeast,NOV,2025,NOV-LO,3.5 가솔린,FWD,스노우 화이트,16,17,15275
2025-08,northeast,NOV,2025,NOV-LO,3.5 가솔린,FWD,미드나잇 블랙,13,13,12093
2025-08,northeast,NOV,2025,NOV-LO,3.5 가솔린,FWD,스틸 그레이,11,11,10184
2025-08,northeast,NOV,2025,NOV-LO,3.5 가솔린,FWD,실버,9,9,8274
2025-08,northeast,NOV,2025,NOV-LO,3.5 가솔린,FWD,오션 블루,7,7,6365
2025-08,northeast,NOV,2025,NOV-LO,3.5 가솔린,FWD,선셋 레드,5,6,5092
2025-08,northeast,NOV,2025,NOV-LO,3.5 가솔린,FWD,포레스트 그린,3,3,3182
2025-08,northeast,NOV,2025,NOV-LO,3.5 가솔린,FWD,샌드 베이지,3,3,3182
2025-08,northeast,NOV,2025,NOV-LO,1.6T 하이브리드,AWD,스노우 화이트,11,11,10519
2025-08,northeast,NOV,2025,NOV-LO,1.6T 하이브리드,AWD,미드나잇 블랙,9,9,8327
2025-08,northeast,NOV,2025,NOV-LO,1.6T 하이브리드,AWD,스틸 그레이,8,8,7012
2025-08,northeast,NOV,2025,NOV-LO,1.6T 하이브리드,AWD,실버,6,6,5698
2025-08,northeast,NOV,2025,NOV-LO,1.6T 하이브리드,AWD,오션 블루,5,5,4383
2025-08,northeast,NOV,2025,NOV-LO,1.6T 하이브리드,AWD,선셋 레드,4,4,3506
2025-08,northeast,NOV,2025,NOV-LO,1.6T 하이브리드,AWD,포레스트 그린,2,2,2191
2025-08,northeast,NOV,2025,NOV-LO,1.6T 하이브리드,AWD,샌드 베이지,2,2,2191
2025-08,northeast,NOV,2025,NOV-LO,1.6T 하이브리드,FWD,스노우 화이트,13,14,12599
2025-08,northeast,NOV,2025,NOV-LO,1.6T 하이브리드,FWD,미드나잇 블랙,11,11,9974
2025-08,northeast,NOV,2025,NOV-LO,1.6T 하이브리드,FWD,스틸 그레이,9,9,8400
2025-08,northeast,NOV,2025,NOV-LO,1.6T 하이브리드,FWD,실버,7,7,6825
2025-08,northeast,NOV,2025,NOV-LO,1.6T 하이브리드,FWD,오션 블루,6,6,5250
2025-08,northeast,NOV,2025,NOV-LO,1.6T 하이브리드,FWD,선셋 레드,4,5,4200
2025-08,northeast,NOV,2025,NOV-LO,1.6T 하이브리드,FWD,포레스트 그린,3,3,2625
2025-08,northeast,NOV,2025,NOV-LO,1.6T 하이브리드,FWD,샌드 베이지,3,3,2625
2025-08,northeast,NOV,2026,NOV-CO,3.5 가솔린,AWD,스노우 화이트,5,5,391
2025-08,northeast,NOV,2026,NOV-CO,3.5 가솔린,AWD,미드나잇 블랙,4,4,310
2025-08,northeast,NOV,2026,NOV-CO,3.5 가솔린,AWD,스틸 그레이,3,3,261
2025-08,northeast,NOV,2026,NOV-CO,3.5 가솔린,AWD,실버,3,3,212
2025-08,northeast,NOV,2026,NOV-CO,3.5 가솔린,AWD,오션 블루,2,2,163
2025-08,northeast,NOV,2026,NOV-CO,3.5 가솔린,AWD,선셋 레드,2,2,130
2025-08,northeast,NOV,2026,NOV-CO,3.5 가솔린,AWD,포레스트 그린,1,1,82
2025-08,northeast,NOV,2026,NOV-CO,3.5 가솔린,AWD,샌드 베이지,1,1,82
2025-08,northeast,NOV,2026,NOV-CO,3.5 가솔린,FWD,스노우 화이트,6,6,469
2025-08,northeast,NOV,2026,NOV-CO,3.5 가솔린,FWD,미드나잇 블랙,5,5,371
2025-08,northeast,NOV,2026,NOV-CO,3.5 가솔린,FWD,스틸 그레이,4,4,312
2025-08,northeast,NOV,2026,NOV-CO,3.5 가솔린,FWD,실버,3,3,254
2025-08,northeast,NOV,2026,NOV-CO,3.5 가솔린,FWD,오션 블루,3,3,195
2025-08,northeast,NOV,2026,NOV-CO,3.5 가솔린,FWD,선셋 레드,2,2,156
2025-08,northeast,NOV,2026,NOV-CO,3.5 가솔린,FWD,포레스트 그린,1,1,98
2025-08,northeast,NOV,2026,NOV-CO,3.5 가솔린,FWD,샌드 베이지,1,1,98
2025-08,northeast,NOV,2026,NOV-CO,1.6T 하이브리드,AWD,스노우 화이트,4,4,323
2025-08,northeast,NOV,2026,NOV-CO,1.6T 하이브리드,AWD,미드나잇 블랙,3,3,255
2025-08,northeast,NOV,2026,NOV-CO,1.6T 하이브리드,AWD,스틸 그레이,3,3,215
2025-08,northeast,NOV,2026,NOV-CO,1.6T 하이브리드,AWD,실버,2,2,175
2025-08,northeast,NOV,2026,NOV-CO,1.6T 하이브리드,AWD,오션 블루,2,2,134
2025-08,northeast,NOV,2026,NOV-CO,1.6T 하이브리드,AWD,선셋 레드,1,1,108
2025-08,northeast,NOV,2026,NOV-CO,1.6T 하이브리드,AWD,포레스트 그린,1,1,67
2025-08,northeast,NOV,2026,NOV-CO,1.6T 하이브리드,AWD,샌드 베이지,1,1,67
2025-08,northeast,NOV,2026,NOV-CO,1.6T 하이브리드,FWD,스노우 화이트,5,5,387
2025-08,northeast,NOV,2026,NOV-CO,1.6T 하이브리드,FWD,미드나잇 블랙,4,4,306
2025-08,northeast,NOV,2026,NOV-CO,1.6T 하이브리드,FWD,스틸 그레이,3,3,258
2025-08,northeast,NOV,2026,NOV-CO,1.6T 하이브리드,FWD,실버,3,3,209
2025-08,northeast,NOV,2026,NOV-CO,1.6T 하이브리드,FWD,오션 블루,2,2,161
2025-08,northeast,NOV,2026,NOV-CO,1.6T 하이브리드,FWD,선셋 레드,2,2,129
2025-08,northeast,NOV,2026,NOV-CO,1.6T 하이브리드,FWD,포레스트 그린,1,1,81
2025-08,northeast,NOV,2026,NOV-CO,1.6T 하이브리드,FWD,샌드 베이지,1,1,81
2025-08,northeast,NOV,2026,NOV-PR,3.5 가솔린,AWD,스노우 화이트,6,6,2289
2025-08,northeast,NOV,2026,NOV-PR,3.5 가솔린,AWD,미드나잇 블랙,5,5,1812
2025-08,northeast,NOV,2026,NOV-PR,3.5 가솔린,AWD,스틸 그레이,4,4,1526
2025-08,northeast,NOV,2026,NOV-PR,3.5 가솔린,AWD,실버,3,3,1240
2025-08,northeast,NOV,2026,NOV-PR,3.5 가솔린,AWD,오션 블루,2,3,954
2025-08,northeast,NOV,2026,NOV-PR,3.5 가솔린,AWD,선셋 레드,2,2,763
2025-08,northeast,NOV,2026,NOV-PR,3.5 가솔린,AWD,포레스트 그린,1,1,477
2025-08,northeast,NOV,2026,NOV-PR,3.5 가솔린,AWD,샌드 베이지,1,1,477
2025-08,northeast,NOV,2026,NOV-PR,3.5 가솔린,FWD,스노우 화이트,7,7,2741
2025-08,northeast,NOV,2026,NOV-PR,3.5 가솔린,FWD,미드나잇 블랙,6,6,2170
2025-08,northeast,NOV,2026,NOV-PR,3.5 가솔린,FWD,스틸 그레이,5,5,1828
2025-08,northeast,NOV,2026,NOV-PR,3.5 가솔린,FWD,실버,4,4,1485
2025-08,northeast,NOV,2026,NOV-PR,3.5 가솔린,FWD,오션 블루,3,3,1142
2025-08,northeast,NOV,2026,NOV-PR,3.5 가솔린,FWD,선셋 레드,2,2,914
2025-08,northeast,NOV,2026,NOV-PR,3.5 가솔린,FWD,포레스트 그린,1,1,571
2025-08,northeast,NOV,2026,NOV-PR,3.5 가솔린,FWD,샌드 베이지,1,1,571
2025-08,northeast,NOV,2026,NOV-PR,1.6T 하이브리드,AWD,스노우 화이트,5,5,1888
2025-08,northeast,NOV,2026,NOV-PR,1.6T 하이브리드,AWD,미드나잇 블랙,4,4,1494
2025-08,northeast,NOV,2026,NOV-PR,1.6T 하이브리드,AWD,스틸 그레이,3,3,1259
2025-08,northeast,NOV,2026,NOV-PR,1.6T 하이브리드,AWD,실버,3,3,1023
2025-08,northeast,NOV,2026,NOV-PR,1.6T 하이브리드,AWD,오션 블루,2,2,787
2025-08,northeast,NOV,2026,NOV-PR,1.6T 하이브리드,AWD,선셋 레드,2,2,629
2025-08,northeast,NOV,2026,NOV-PR,1.6T 하이브리드,AWD,포레스트 그린,1,1,393
2025-08,northeast,NOV,2026,NOV-PR,1.6T 하이브리드,AWD,샌드 베이지,1,1,393
2025-08,northeast,NOV,2026,NOV-PR,1.6T 하이브리드,FWD,스노우 화이트,6,6,2261
2025-08,northeast,NOV,2026,NOV-PR,1.6T 하이브리드,FWD,미드나잇 블랙,5,5,1790
2025-08,northeast,NOV,2026,NOV-PR,1.6T 하이브리드,FWD,스틸 그레이,4,4,1507
2025-08,northeast,NOV,2026,NOV-PR,1.6T 하이브리드,FWD,실버,3,3,1225
2025-08,northeast,NOV,2026,NOV-PR,1.6T 하이브리드,FWD,오션 블루,2,2,942
2025-08,northeast,NOV,2026,NOV-PR,1.6T 하이브리드,FWD,선셋 레드,2,2,754
2025-08,northeast,NOV,2026,NOV-PR,1.6T 하이브리드,FWD,포레스트 그린,1,1,471
2025-08,northeast,NOV,2026,NOV-PR,1.6T 하이브리드,FWD,샌드 베이지,1,1,471
2025-08,northeast,NOV,2026,NOV-LO,3.5 가솔린,AWD,스노우 화이트,2,2,2250
2025-08,northeast,NOV,2026,NOV-LO,3.5 가솔린,AWD,미드나잇 블랙,2,2,1782
2025-08,northeast,NOV,2026,NOV-LO,3.5 가솔린,AWD,스틸 그레이,2,2,1500
2025-08,northeast,NOV,2026,NOV-LO,3.5 가솔린,AWD,실버,1,1,1219
2025-08,northeast,NOV,2026,NOV-LO,3.5 가솔린,AWD,오션 블루,1,1,938
2025-08,northeast,NOV,2026,NOV-LO,3.5 가솔린,AWD,선셋 레드,1,1,750
2025-08,northeast,NOV,2026,NOV-LO,3.5 가솔린,AWD,포레스트 그린,1,1,469
2025-08,northeast,NOV,2026,NOV-LO,3.5 가솔린,AWD,샌드 베이지,1,1,469
2025-08,northeast,NOV,2026,NOV-LO,3.5 가솔린,FWD,스노우 화이트,3,3,2696
2025-08,northeast,NOV,2026,NOV-LO,3.5 가솔린,FWD,미드나잇 블랙,2,2,2134
2025-08,northeast,NOV,2026,NOV-LO,3.5 가솔린,FWD,스틸 그레이,2,2,1797
2025-08,northeast,NOV,2026,NOV-LO,3.5 가솔린,FWD,실버,2,2,1460
2025-08,northeast,NOV,2026,NOV-LO,3.5 가솔린,FWD,오션 블루,1,1,1123
2025-08,northeast,NOV,2026,NOV-LO,3.5 가솔린,FWD,선셋 레드,1,1,899
2025-08,northeast,NOV,2026,NOV-LO,3.5 가솔린,FWD,포레스트 그린,1,1,562
2025-08,northeast,NOV,2026,NOV-LO,3.5 가솔린,FWD,샌드 베이지,1,1,562
2025-08,northeast,NOV,2026,NOV-LO,1.6T 하이브리드,AWD,스노우 화이트,2,2,1856
2025-08,northeast,NOV,2026,NOV-LO,1.6T 하이브리드,AWD,미드나잇 블랙,2,2,1470
2025-08,northeast,NOV,2026,NOV-LO,1.6T 하이브리드,AWD,스틸 그레이,1,1,1237
2025-08,northeast,NOV,2026,NOV-LO,1.6T 하이브리드,AWD,실버,1,1,1005
2025-08,northeast,NOV,2026,NOV-LO,1.6T 하이브리드,AWD,오션 블루,1,1,773
2025-08,northeast,NOV,2026,NOV-LO,1.6T 하이브리드,AWD,선셋 레드,1,1,619
2025-08,northeast,NOV,2026,NOV-LO,1.6T 하이브리드,FWD,스노우 화이트,2,2,2223
2025-08,northeast,NOV,2026,NOV-LO,1.6T 하이브리드,FWD,미드나잇 블랙,2,2,1760
2025-08,northeast,NOV,2026,NOV-LO,1.6T 하이브리드,FWD,스틸 그레이,2,2,1482
2025-08,northeast,NOV,2026,NOV-LO,1.6T 하이브리드,FWD,실버,1,1,1204
2025-08,northeast,NOV,2026,NOV-LO,1.6T 하이브리드,FWD,오션 블루,1,1,926
2025-08,northeast,NOV,2026,NOV-LO,1.6T 하이브리드,FWD,선셋 레드,1,1,741
2025-08,southeast,NOV,2025,NOV-CO,3.5 가솔린,AWD,스노우 화이트,20,20,1535
2025-08,southeast,NOV,2025,NOV-CO,3.5 가솔린,AWD,미드나잇 블랙,16,16,1215
2025-08,southeast,NOV,2025,NOV-CO,3.5 가솔린,AWD,스틸 그레이,13,14,1023
2025-08,southeast,NOV,2025,NOV-CO,3.5 가솔린,AWD,실버,11,11,831
2025-08,southeast,NOV,2025,NOV-CO,3.5 가솔린,AWD,오션 블루,8,8,640
2025-08,southeast,NOV,2025,NOV-CO,3.5 가솔린,AWD,선셋 레드,7,7,512
2025-08,southeast,NOV,2025,NOV-CO,3.5 가솔린,AWD,포레스트 그린,4,4,320
2025-08,southeast,NOV,2025,NOV-CO,3.5 가솔린,AWD,샌드 베이지,4,4,320
2025-08,southeast,NOV,2025,NOV-CO,3.5 가솔린,FWD,스노우 화이트,47,48,3624
2025-08,southeast,NOV,2025,NOV-CO,3.5 가솔린,FWD,미드나잇 블랙,37,38,2869
2025-08,southeast,NOV,2025,NOV-CO,3.5 가솔린,FWD,스틸 그레이,31,32,2416
2025-08,southeast,NOV,2025,NOV-CO,3.5 가솔린,FWD,실버,26,26,1963
2025-08,southeast,NOV,2025,NOV-CO,3.5 가솔린,FWD,오션 블루,20,20,1510
2025-08,southeast,NOV,2025,NOV-CO,3.5 가솔린,FWD,선셋 레드,16,16,1208
2025-08,southeast,NOV,2025,NOV-CO,3.5 가솔린,FWD,포레스트 그린,10,10,755
2025-08,southeast,NOV,2025,NOV-CO,3.5 가솔린,FWD,샌드 베이지,10,10,755
2025-08,southeast,NOV,2025,NOV-CO,1.6T 하이브리드,AWD,스노우 화이트,16,17,1266
2025-08,southeast,NOV,2025,NOV-CO,1.6T 하이브리드,AWD,미드나잇 블랙,13,13,1002
2025-08,southeast,NOV,2025,NOV-CO,1.6T 하이브리드,AWD,스틸 그레이,11,11,844
2025-08,southeast,NOV,2025,NOV-CO,1.6T 하이브리드,AWD,실버,9,9,686
2025-08,southeast,NOV,2025,NOV-CO,1.6T 하이브리드,AWD,오션 블루,7,7,528
2025-08,southeast,NOV,2025,NOV-CO,1.6T 하이브리드,AWD,선셋 레드,5,6,422
2025-08,southeast,NOV,2025,NOV-CO,1.6T 하이브리드,AWD,포레스트 그린,3,3,264
2025-08,southeast,NOV,2025,NOV-CO,1.6T 하이브리드,AWD,샌드 베이지,3,3,264
2025-08,southeast,NOV,2025,NOV-CO,1.6T 하이브리드,FWD,스노우 화이트,39,40,2990
2025-08,southeast,NOV,2025,NOV-CO,1.6T 하이브리드,FWD,미드나잇 블랙,31,31,2367
2025-08,southeast,NOV,2025,NOV-CO,1.6T 하이브리드,FWD,스틸 그레이,26,26,1993
2025-08,southeast,NOV,2025,NOV-CO,1.6T 하이브리드,FWD,실버,21,21,1619
2025-08,southeast,NOV,2025,NOV-CO,1.6T 하이브리드,FWD,오션 블루,16,17,1246
2025-08,southeast,NOV,2025,NOV-CO,1.6T 하이브리드,FWD,선셋 레드,13,13,997
2025-08,southeast,NOV,2025,NOV-CO,1.6T 하이브리드,FWD,포레스트 그린,8,8,623
2025-08,southeast,NOV,2025,NOV-CO,1.6T 하이브리드,FWD,샌드 베이지,8,8,623
2025-08,southeast,NOV,2025,NOV-PR,3.5 가솔린,AWD,스노우 화이트,23,24,8979
2025-08,southeast,NOV,2025,NOV-PR,3.5 가솔린,AWD,미드나잇 블랙,18,19,7108
2025-08,southeast,NOV,2025,NOV-PR,3.5 가솔린,AWD,스틸 그레이,15,16,5986
2025-08,southeast,NOV,2025,NOV-PR,3.5 가솔린,AWD,실버,13,13,4864
2025-08,southeast,NOV,2025,NOV-PR,3.5 가솔린,AWD,오션 블루,10,10,3741
2025-08,southeast,NOV,2025,NOV-PR,3.5 가솔린,AWD,선셋 레드,8,8,2993
2025-08,southeast,NOV,2025,NOV-PR,3.5 가솔린,AWD,포레스트 그린,5,5,1871
2025-08,southeast,NOV,2025,NOV-PR,3.5 가솔린,AWD,샌드 베이지,5,5,1871
2025-08,southeast,NOV,2025,NOV-PR,3.5 가솔린,FWD,스노우 화이트,55,56,21202
2025-08,southeast,NOV,2025,NOV-PR,3.5 가솔린,FWD,미드나잇 블랙,43,44,16785
2025-08,southeast,NOV,2025,NOV-PR,3.5 가솔린,FWD,스틸 그레이,36,37,14135
2025-08,southeast,NOV,2025,NOV-PR,3.5 가솔린,FWD,실버,30,30,11485
2025-08,southeast,NOV,2025,NOV-PR,3.5 가솔린,FWD,오션 블루,23,23,8834
2025-08,southeast,NOV,2025,NOV-PR,3.5 가솔린,FWD,선셋 레드,18,19,7067
2025-08,southeast,NOV,2025,NOV-PR,3.5 가솔린,FWD,포레스트 그린,11,12,4417
2025-08,southeast,NOV,2025,NOV-PR,3.5 가솔린,FWD,샌드 베이지,11,12,4417
2025-08,southeast,NOV,2025,NOV-PR,1.6T 하이브리드,AWD,스노우 화이트,19,19,7406
2025-08,southeast,NOV,2025,NOV-PR,1.6T 하이브리드,AWD,미드나잇 블랙,15,15,5863
2025-08,southeast,NOV,2025,NOV-PR,1.6T 하이브리드,AWD,스틸 그레이,13,13,4937
2025-08,southeast,NOV,2025,NOV-PR,1.6T 하이브리드,AWD,실버,10,11,4012
2025-08,southeast,NOV,2025,NOV-PR,1.6T 하이브리드,AWD,오션 블루,8,8,3086
2025-08,southeast,NOV,2025,NOV-PR,1.6T 하이브리드,AWD,선셋 레드,6,6,2469
2025-08,southeast,NOV,2025,NOV-PR,1.6T 하이브리드,AWD,포레스트 그린,4,4,1543
2025-08,southeast,NOV,2025,NOV-PR,1.6T 하이브리드,AWD,샌드 베이지,4,4,1543
2025-08,southeast,NOV,2025,NOV-PR,1.6T 하이브리드,FWD,스노우 화이트,45,46,17488
2025-08,southeast,NOV,2025,NOV-PR,1.6T 하이브리드,FWD,미드나잇 블랙,36,36,13845
2025-08,southeast,NOV,2025,NOV-PR,1.6T 하이브리드,FWD,스틸 그레이,30,31,11659
2025-08,southeast,NOV,2025,NOV-PR,1.6T 하이브리드,FWD,실버,24,25,9473
2025-08,southeast,NOV,2025,NOV-PR,1.6T 하이브리드,FWD,오션 블루,19,19,7287
2025-08,southeast,NOV,2025,NOV-PR,1.6T 하이브리드,FWD,선셋 레드,15,15,5829
2025-08,southeast,NOV,2025,NOV-PR,1.6T 하이브리드,FWD,포레스트 그린,9,10,3643
2025-08,southeast,NOV,2025,NOV-PR,1.6T 하이브리드,FWD,샌드 베이지,9,10,3643
2025-08,southeast,NOV,2025,NOV-LO,3.5 가솔린,AWD,스노우 화이트,9,10,8829
2025-08,southeast,NOV,2025,NOV-LO,3.5 가솔린,AWD,미드나잇 블랙,7,8,6990
2025-08,southeast,NOV,2025,NOV-LO,3.5 가솔린,AWD,스틸 그레이,6,6,5886
2025-08,southeast,NOV,2025,NOV-LO,3.5 가솔린,AWD,실버,5,5,4782
2025-08,southeast,NOV,2025,NOV-LO,3.5 가솔린,AWD,오션 블루,4,4,3679
2025-08,southeast,NOV,2025,NOV-LO,3.5 가솔린,AWD,선셋 레드,3,3,2943
2025-08,southeast,NOV,2025,NOV-LO,3.5 가솔린,AWD,포레스트 그린,2,2,1839
2025-08,southeast,NOV,2025,NOV-LO,3.5 가솔린,AWD,샌드 베이지,2,2,1839
2025-08,southeast,NOV,2025,NOV-LO,3.5 가솔린,FWD,스노우 화이트,22,23,20848
2025-08,southeast,NOV,2025,NOV-LO,3.5 가솔린,FWD,미드나잇 블랙,18,18,16505
2025-08,southeast,NOV,2025,NOV-LO,3.5 가솔린,FWD,스틸 그레이,15,15,13899
2025-08,southeast,NOV,2025,NOV-LO,3.5 가솔린,FWD,실버,12,12,11293
2025-08,southeast,NOV,2025,NOV-LO,3.5 가솔린,FWD,오션 블루,9,9,8687
2025-08,southeast,NOV,2025,NOV-LO,3.5 가솔린,FWD,선셋 레드,7,8,6949
2025-08,southeast,NOV,2025,NOV-LO,3.5 가솔린,FWD,포레스트 그린,5,5,4343
2025-08,southeast,NOV,2025,NOV-LO,3.5 가솔린,FWD,샌드 베이지,5,5,4343
2025-08,southeast,NOV,2025,NOV-LO,1.6T 하이브리드,AWD,스노우 화이트,8,8,7282
2025-08,southeast,NOV,2025,NOV-LO,1.6T 하이브리드,AWD,미드나잇 블랙,6,6,5765
2025-08,southeast,NOV,2025,NOV-LO,1.6T 하이브리드,AWD,스틸 그레이,5,5,4855
2025-08,southeast,NOV,2025,NOV-LO,1.6T 하이브리드,AWD,실버,4,4,3945
2025-08,southeast,NOV,2025,NOV-LO,1.6T 하이브리드,AWD,오션 블루,3,3,3034
2025-08,southeast,NOV,2025,NOV-LO,1.6T 하이브리드,AWD,선셋 레드,3,3,2427
2025-08,southeast,NOV,2025,NOV-LO,1.6T 하이브리드,AWD,포레스트 그린,2,2,1517
2025-08,southeast,NOV,2025,NOV-LO,1.6T 하이브리드,AWD,샌드 베이지,2,2,1517
2025-08,southeast,NOV,2025,NOV-LO,1.6T 하이브리드,FWD,스노우 화이트,18,19,17196
2025-08,southeast,NOV,2025,NOV-LO,1.6T 하이브리드,FWD,미드나잇 블랙,15,15,13613
2025-08,southeast,NOV,2025,NOV-LO,1.6T 하이브리드,FWD,스틸 그레이,12,13,11464
2025-08,southeast,NOV,2025,NOV-LO,1.6T 하이브리드,FWD,실버,10,10,9314
2025-08,southeast,NOV,2025,NOV-LO,1.6T 하이브리드,FWD,오션 블루,8,8,7165
2025-08,southeast,NOV,2025,NOV-LO,1.6T 하이브리드,FWD,선셋 레드,6,6,5732
2025-08,southeast,NOV,2025,NOV-LO,1.6T 하이브리드,FWD,포레스트 그린,4,4,3582
2025-08,southeast,NOV,2025,NOV-LO,1.6T 하이브리드,FWD,샌드 베이지,4,4,3582
2025-08,southeast,NOV,2026,NOV-CO,3.5 가솔린,AWD,스노우 화이트,4,4,271
2025-08,southeast,NOV,2026,NOV-CO,3.5 가솔린,AWD,미드나잇 블랙,3,3,214
2025-08,southeast,NOV,2026,NOV-CO,3.5 가솔린,AWD,스틸 그레이,2,2,181
2025-08,southeast,NOV,2026,NOV-CO,3.5 가솔린,AWD,실버,2,2,147
2025-08,southeast,NOV,2026,NOV-CO,3.5 가솔린,AWD,오션 블루,1,1,113
2025-08,southeast,NOV,2026,NOV-CO,3.5 가솔린,AWD,선셋 레드,1,1,90
2025-08,southeast,NOV,2026,NOV-CO,3.5 가솔린,AWD,포레스트 그린,1,1,56
2025-08,southeast,NOV,2026,NOV-CO,3.5 가솔린,AWD,샌드 베이지,1,1,56
2025-08,southeast,NOV,2026,NOV-CO,3.5 가솔린,FWD,스노우 화이트,8,8,640
2025-08,southeast,NOV,2026,NOV-CO,3.5 가솔린,FWD,미드나잇 블랙,7,7,506
2025-08,southeast,NOV,2026,NOV-CO,3.5 가솔린,FWD,스틸 그레이,6,6,426
2025-08,southeast,NOV,2026,NOV-CO,3.5 가솔린,FWD,실버,5,5,346
2025-08,southeast,NOV,2026,NOV-CO,3.5 가솔린,FWD,오션 블루,3,4,267
2025-08,southeast,NOV,2026,NOV-CO,3.5 가솔린,FWD,선셋 레드,3,3,213
2025-08,southeast,NOV,2026,NOV-CO,3.5 가솔린,FWD,포레스트 그린,2,2,133
2025-08,southeast,NOV,2026,NOV-CO,3.5 가솔린,FWD,샌드 베이지,2,2,133
2025-08,southeast,NOV,2026,NOV-CO,1.6T 하이브리드,AWD,스노우 화이트,3,3,223
2025-08,southeast,NOV,2026,NOV-CO,1.6T 하이브리드,AWD,미드나잇 블랙,2,2,177
2025-08,southeast,NOV,2026,NOV-CO,1.6T 하이브리드,AWD,스틸 그레이,2,2,149
2025-08,southeast,NOV,2026,NOV-CO,1.6T 하이브리드,AWD,실버,2,2,121
2025-08,southeast,NOV,2026,NOV-CO,1.6T 하이브리드,AWD,오션 블루,1,1,93
2025-08,southeast,NOV,2026,NOV-CO,1.6T 하이브리드,AWD,선셋 레드,1,1,74
2025-08,southeast,NOV,2026,NOV-CO,1.6T 하이브리드,AWD,포레스트 그린,1,1,47
2025-08,southeast,NOV,2026,NOV-CO,1.6T 하이브리드,AWD,샌드 베이지,1,1,47
2025-08,southeast,NOV,2026,NOV-CO,1.6T 하이브리드,FWD,스노우 화이트,7,7,528
2025-08,southeast,NOV,2026,NOV-CO,1.6T 하이브리드,FWD,미드나잇 블랙,5,6,418
2025-08,southeast,NOV,2026,NOV-CO,1.6T 하이브리드,FWD,스틸 그레이,5,5,352
2025-08,southeast,NOV,2026,NOV-CO,1.6T 하이브리드,FWD,실버,4,4,286
2025-08,southeast,NOV,2026,NOV-CO,1.6T 하이브리드,FWD,오션 블루,3,3,220
2025-08,southeast,NOV,2026,NOV-CO,1.6T 하이브리드,FWD,선셋 레드,2,2,176
2025-08,southeast,NOV,2026,NOV-CO,1.6T 하이브리드,FWD,포레스트 그린,1,1,110
2025-08,southeast,NOV,2026,NOV-CO,1.6T 하이브리드,FWD,샌드 베이지,1,1,110
2025-08,southeast,NOV,2026,NOV-PR,3.5 가솔린,AWD,스노우 화이트,4,4,1585
2025-08,southeast,NOV,2026,NOV-PR,3.5 가솔린,AWD,미드나잇 블랙,3,3,1254
2025-08,southeast,NOV,2026,NOV-PR,3.5 가솔린,AWD,스틸 그레이,3,3,1056
2025-08,southeast,NOV,2026,NOV-PR,3.5 가솔린,AWD,실버,2,2,858
2025-08,southeast,NOV,2026,NOV-PR,3.5 가솔린,AWD,오션 블루,2,2,660
2025-08,southeast,NOV,2026,NOV-PR,3.5 가솔린,AWD,선셋 레드,1,1,528
2025-08,southeast,NOV,2026,NOV-PR,3.5 가솔린,AWD,포레스트 그린,1,1,330
2025-08,southeast,NOV,2026,NOV-PR,3.5 가솔린,AWD,샌드 베이지,1,1,330
2025-08,southeast,NOV,2026,NOV-PR,3.5 가솔린,FWD,스노우 화이트,10,10,3742
2025-08,southeast,NOV,2026,NOV-PR,3.5 가솔린,FWD,미드나잇 블랙,8,8,2962
2025-08,southeast,NOV,2026,NOV-PR,3.5 가솔린,FWD,스틸 그레이,6,7,2494
2025-08,southeast,NOV,2026,NOV-PR,3.5 가솔린,FWD,실버,5,5,2027
2025-08,southeast,NOV,2026,NOV-PR,3.5 가솔린,FWD,오션 블루,4,4,1559
2025-08,southeast,NOV,2026,NOV-PR,3.5 가솔린,FWD,선셋 레드,3,3,1247
2025-08,southeast,NOV,2026,NOV-PR,3.5 가솔린,FWD,포레스트 그린,2,2,779
2025-08,southeast,NOV,2026,NOV-PR,3.5 가솔린,FWD,샌드 베이지,2,2,779
2025-08,southeast,NOV,2026,NOV-PR,1.6T 하이브리드,AWD,스노우 화이트,3,3,1307
2025-08,southeast,NOV,2026,NOV-PR,1.6T 하이브리드,AWD,미드나잇 블랙,3,3,1035
2025-08,southeast,NOV,2026,NOV-PR,1.6T 하이브리드,AWD,스틸 그레이,2,2,871
2025-08,southeast,NOV,2026,NOV-PR,1.6T 하이브리드,AWD,실버,2,2,708
2025-08,southeast,NOV,2026,NOV-PR,1.6T 하이브리드,AWD,오션 블루,1,1,545
2025-08,southeast,NOV,2026,NOV-PR,1.6T 하이브리드,AWD,선셋 레드,1,1,436
2025-08,southeast,NOV,2026,NOV-PR,1.6T 하이브리드,AWD,포레스트 그린,1,1,272
2025-08,southeast,NOV,2026,NOV-PR,1.6T 하이브리드,AWD,샌드 베이지,1,1,272
2025-08,southeast,NOV,2026,NOV-PR,1.6T 하이브리드,FWD,스노우 화이트,8,8,3086
2025-08,southeast,NOV,2026,NOV-PR,1.6T 하이브리드,FWD,미드나잇 블랙,6,6,2443
2025-08,southeast,NOV,2026,NOV-PR,1.6T 하이브리드,FWD,스틸 그레이,5,5,2057
2025-08,southeast,NOV,2026,NOV-PR,1.6T 하이브리드,FWD,실버,4,4,1672
2025-08,southeast,NOV,2026,NOV-PR,1.6T 하이브리드,FWD,오션 블루,3,3,1286
2025-08,southeast,NOV,2026,NOV-PR,1.6T 하이브리드,FWD,선셋 레드,3,3,1029
2025-08,southeast,NOV,2026,NOV-PR,1.6T 하이브리드,FWD,포레스트 그린,2,2,643
2025-08,southeast,NOV,2026,NOV-PR,1.6T 하이브리드,FWD,샌드 베이지,2,2,643
2025-08,southeast,NOV,2026,NOV-LO,3.5 가솔린,AWD,스노우 화이트,2,2,1558
2025-08,southeast,NOV,2026,NOV-LO,3.5 가솔린,AWD,미드나잇 블랙,1,1,1233
2025-08,southeast,NOV,2026,NOV-LO,3.5 가솔린,AWD,스틸 그레이,1,1,1039
2025-08,southeast,NOV,2026,NOV-LO,3.5 가솔린,AWD,실버,1,1,844
2025-08,southeast,NOV,2026,NOV-LO,3.5 가솔린,AWD,오션 블루,1,1,649
2025-08,southeast,NOV,2026,NOV-LO,3.5 가솔린,AWD,선셋 레드,1,1,519
2025-08,southeast,NOV,2026,NOV-LO,3.5 가솔린,FWD,스노우 화이트,4,4,3679
2025-08,southeast,NOV,2026,NOV-LO,3.5 가솔린,FWD,미드나잇 블랙,3,3,2913
2025-08,southeast,NOV,2026,NOV-LO,3.5 가솔린,FWD,스틸 그레이,3,3,2453
2025-08,southeast,NOV,2026,NOV-LO,3.5 가솔린,FWD,실버,2,2,1993
2025-08,southeast,NOV,2026,NOV-LO,3.5 가솔린,FWD,오션 블루,2,2,1533
2025-08,southeast,NOV,2026,NOV-LO,3.5 가솔린,FWD,선셋 레드,1,1,1226
2025-08,southeast,NOV,2026,NOV-LO,3.5 가솔린,FWD,포레스트 그린,1,1,766
2025-08,southeast,NOV,2026,NOV-LO,3.5 가솔린,FWD,샌드 베이지,1,1,766
2025-08,southeast,NOV,2026,NOV-LO,1.6T 하이브리드,AWD,스노우 화이트,1,1,1285
2025-08,southeast,NOV,2026,NOV-LO,1.6T 하이브리드,AWD,미드나잇 블랙,1,1,1017
2025-08,southeast,NOV,2026,NOV-LO,1.6T 하이브리드,AWD,스틸 그레이,1,1,857
2025-08,southeast,NOV,2026,NOV-LO,1.6T 하이브리드,AWD,실버,1,1,696
2025-08,southeast,NOV,2026,NOV-LO,1.6T 하이브리드,AWD,오션 블루,1,1,535
2025-08,southeast,NOV,2026,NOV-LO,1.6T 하이브리드,FWD,스노우 화이트,3,3,3035
2025-08,southeast,NOV,2026,NOV-LO,1.6T 하이브리드,FWD,미드나잇 블랙,3,3,2402
2025-08,southeast,NOV,2026,NOV-LO,1.6T 하이브리드,FWD,스틸 그레이,2,2,2023
2025-08,southeast,NOV,2026,NOV-LO,1.6T 하이브리드,FWD,실버,2,2,1644
2025-08,southeast,NOV,2026,NOV-LO,1.6T 하이브리드,FWD,오션 블루,1,1,1264
2025-08,southeast,NOV,2026,NOV-LO,1.6T 하이브리드,FWD,선셋 레드,1,1,1012
2025-08,southeast,NOV,2026,NOV-LO,1.6T 하이브리드,FWD,포레스트 그린,1,1,632
2025-08,southeast,NOV,2026,NOV-LO,1.6T 하이브리드,FWD,샌드 베이지,1,1,632
2025-08,west,LUM,2025,LUM-AI,스탠다드 레인지,AWD,스노우 화이트,38,38,-27186
2025-08,west,LUM,2025,LUM-AI,스탠다드 레인지,AWD,미드나잇 블랙,30,30,-21522
2025-08,west,LUM,2025,LUM-AI,스탠다드 레인지,AWD,스틸 그레이,25,26,-18124
2025-08,west,LUM,2025,LUM-AI,스탠다드 레인지,AWD,실버,20,21,-14726
2025-08,west,LUM,2025,LUM-AI,스탠다드 레인지,AWD,오션 블루,16,16,-11328
2025-08,west,LUM,2025,LUM-AI,스탠다드 레인지,AWD,선셋 레드,13,13,-9062
2025-08,west,LUM,2025,LUM-AI,스탠다드 레인지,AWD,포레스트 그린,8,8,-5664
2025-08,west,LUM,2025,LUM-AI,스탠다드 레인지,AWD,샌드 베이지,8,8,-5664
2025-08,west,LUM,2025,LUM-AI,스탠다드 레인지,FWD,스노우 화이트,46,47,-33228
2025-08,west,LUM,2025,LUM-AI,스탠다드 레인지,FWD,미드나잇 블랙,36,37,-26305
2025-08,west,LUM,2025,LUM-AI,스탠다드 레인지,FWD,스틸 그레이,31,31,-22152
2025-08,west,LUM,2025,LUM-AI,스탠다드 레인지,FWD,실버,25,25,-17998
2025-08,west,LUM,2025,LUM-AI,스탠다드 레인지,FWD,오션 블루,19,20,-13845
2025-08,west,LUM,2025,LUM-AI,스탠다드 레인지,FWD,선셋 레드,15,16,-11076
2025-08,west,LUM,2025,LUM-AI,스탠다드 레인지,FWD,포레스트 그린,10,10,-6922
2025-08,west,LUM,2025,LUM-AI,스탠다드 레인지,FWD,샌드 베이지,10,10,-6922
2025-08,west,LUM,2025,LUM-AI,롱레인지,AWD,스노우 화이트,72,73,-51844
2025-08,west,LUM,2025,LUM-AI,롱레인지,AWD,미드나잇 블랙,57,58,-41043
2025-08,west,LUM,2025,LUM-AI,롱레인지,AWD,스틸 그레이,48,49,-34562
2025-08,west,LUM,2025,LUM-AI,롱레인지,AWD,실버,39,40,-28082
2025-08,west,LUM,2025,LUM-AI,롱레인지,AWD,오션 블루,30,31,-21601
2025-08,west,LUM,2025,LUM-AI,롱레인지,AWD,선셋 레드,24,24,-17281
2025-08,west,LUM,2025,LUM-AI,롱레인지,AWD,포레스트 그린,15,15,-10801
2025-08,west,LUM,2025,LUM-AI,롱레인지,AWD,샌드 베이지,15,15,-10801
2025-08,west,LUM,2025,LUM-AI,롱레인지,FWD,스노우 화이트,88,89,-63364
2025-08,west,LUM,2025,LUM-AI,롱레인지,FWD,미드나잇 블랙,69,71,-50163
2025-08,west,LUM,2025,LUM-AI,롱레인지,FWD,스틸 그레이,58,60,-42243
2025-08,west,LUM,2025,LUM-AI,롱레인지,FWD,실버,48,48,-34322
2025-08,west,LUM,2025,LUM-AI,롱레인지,FWD,오션 블루,37,37,-26402
2025-08,west,LUM,2025,LUM-AI,롱레인지,FWD,선셋 레드,29,30,-21121
2025-08,west,LUM,2025,LUM-AI,롱레인지,FWD,포레스트 그린,18,19,-13201
2025-08,west,LUM,2025,LUM-AI,롱레인지,FWD,샌드 베이지,18,19,-13201
2025-08,west,LUM,2025,LUM-RA,스탠다드 레인지,AWD,스노우 화이트,44,44,-21111
2025-08,west,LUM,2025,LUM-RA,스탠다드 레인지,AWD,미드나잇 블랙,35,35,-16713
2025-08,west,LUM,2025,LUM-RA,스탠다드 레인지,AWD,스틸 그레이,29,30,-14074
2025-08,west,LUM,2025,LUM-RA,스탠다드 레인지,AWD,실버,24,24,-11435
2025-08,west,LUM,2025,LUM-RA,스탠다드 레인지,AWD,오션 블루,18,19,-8796
2025-08,west,LUM,2025,LUM-RA,스탠다드 레인지,AWD,선셋 레드,15,15,-7037
2025-08,west,LUM,2025,LUM-RA,스탠다드 레인지,AWD,포레스트 그린,9,9,-4398
2025-08,west,LUM,2025,LUM-RA,스탠다드 레인지,AWD,샌드 베이지,9,9,-4398
2025-08,west,LUM,2025,LUM-RA,스탠다드 레인지,FWD,스노우 화이트,53,54,-25802
2025-08,west,LUM,2025,LUM-RA,스탠다드 레인지,FWD,미드나잇 블랙,42,43,-20427
2025-08,west,LUM,2025,LUM-RA,스탠다드 레인지,FWD,스틸 그레이,36,36,-17201
2025-08,west,LUM,2025,LUM-RA,스탠다드 레인지,FWD,실버,29,29,-13976
2025-08,west,LUM,2025,LUM-RA,스탠다드 레인지,FWD,오션 블루,22,23,-10751
2025-08,west,LUM,2025,LUM-RA,스탠다드 레인지,FWD,선셋 레드,18,18,-8601
2025-08,west,LUM,2025,LUM-RA,스탠다드 레인지,FWD,포레스트 그린,11,11,-5375
2025-08,west,LUM,2025,LUM-RA,스탠다드 레인지,FWD,샌드 베이지,11,11,-5375
2025-08,west,LUM,2025,LUM-RA,롱레인지,AWD,스노우 화이트,83,85,-40258
2025-08,west,LUM,2025,LUM-RA,롱레인지,AWD,미드나잇 블랙,66,67,-31871
2025-08,west,LUM,2025,LUM-RA,롱레인지,AWD,스틸 그레이,55,57,-26838
2025-08,west,LUM,2025,LUM-RA,롱레인지,AWD,실버,45,46,-21806
2025-08,west,LUM,2025,LUM-RA,롱레인지,AWD,오션 블루,35,35,-16774
2025-08,west,LUM,2025,LUM-RA,롱레인지,AWD,선셋 레드,28,28,-13419
2025-08,west,LUM,2025,LUM-RA,롱레인지,AWD,포레스트 그린,17,18,-8387
2025-08,west,LUM,2025,LUM-RA,롱레인지,AWD,샌드 베이지,17,18,-8387
2025-08,west,LUM,2025,LUM-RA,롱레인지,FWD,스노우 화이트,102,104,-49204
2025-08,west,LUM,2025,LUM-RA,롱레인지,FWD,미드나잇 블랙,80,82,-38953
2025-08,west,LUM,2025,LUM-RA,롱레인지,FWD,스틸 그레이,68,69,-32802
2025-08,west,LUM,2025,LUM-RA,롱레인지,FWD,실버,55,56,-26652
2025-08,west,LUM,2025,LUM-RA,롱레인지,FWD,오션 블루,42,43,-20502
2025-08,west,LUM,2025,LUM-RA,롱레인지,FWD,선셋 레드,34,35,-16401
2025-08,west,LUM,2025,LUM-RA,롱레인지,FWD,포레스트 그린,21,22,-10251
2025-08,west,LUM,2025,LUM-RA,롱레인지,FWD,샌드 베이지,21,22,-10251
2025-08,west,LUM,2025,LUM-SP,스탠다드 레인지,AWD,스노우 화이트,18,18,-1214
2025-08,west,LUM,2025,LUM-SP,스탠다드 레인지,AWD,미드나잇 블랙,14,14,-961
2025-08,west,LUM,2025,LUM-SP,스탠다드 레인지,AWD,스틸 그레이,12,12,-809
2025-08,west,LUM,2025,LUM-SP,스탠다드 레인지,AWD,실버,10,10,-657
2025-08,west,LUM,2025,LUM-SP,스탠다드 레인지,AWD,오션 블루,7,8,-506
2025-08,west,LUM,2025,LUM-SP,스탠다드 레인지,AWD,선셋 레드,6,6,-405
2025-08,west,LUM,2025,LUM-SP,스탠다드 레인지,AWD,포레스트 그린,4,4,-253
2025-08,west,LUM,2025,LUM-SP,스탠다드 레인지,AWD,샌드 베이지,4,4,-253
2025-08,west,LUM,2025,LUM-SP,스탠다드 레인지,FWD,스노우 화이트,22,22,-1483
2025-08,west,LUM,2025,LUM-SP,스탠다드 레인지,FWD,미드나잇 블랙,17,18,-1174
2025-08,west,LUM,2025,LUM-SP,스탠다드 레인지,FWD,스틸 그레이,15,15,-989
2025-08,west,LUM,2025,LUM-SP,스탠다드 레인지,FWD,실버,12,12,-803
2025-08,west,LUM,2025,LUM-SP,스탠다드 레인지,FWD,오션 블루,9,9,-618
2025-08,west,LUM,2025,LUM-SP,스탠다드 레인지,FWD,선셋 레드,7,7,-494
2025-08,west,LUM,2025,LUM-SP,스탠다드 레인지,FWD,포레스트 그린,5,5,-309
2025-08,west,LUM,2025,LUM-SP,스탠다드 레인지,FWD,샌드 베이지,5,5,-309
2025-08,west,LUM,2025,LUM-SP,롱레인지,AWD,스노우 화이트,34,35,-2314
2025-08,west,LUM,2025,LUM-SP,롱레인지,AWD,미드나잇 블랙,27,27,-1832
2025-08,west,LUM,2025,LUM-SP,롱레인지,AWD,스틸 그레이,23,23,-1543
2025-08,west,LUM,2025,LUM-SP,롱레인지,AWD,실버,18,19,-1253
2025-08,west,LUM,2025,LUM-SP,롱레인지,AWD,오션 블루,14,14,-964
2025-08,west,LUM,2025,LUM-SP,롱레인지,AWD,선셋 레드,11,12,-771
2025-08,west,LUM,2025,LUM-SP,롱레인지,AWD,포레스트 그린,7,7,-482
2025-08,west,LUM,2025,LUM-SP,롱레인지,AWD,샌드 베이지,7,7,-482
2025-08,west,LUM,2025,LUM-SP,롱레인지,FWD,스노우 화이트,42,42,-2828
2025-08,west,LUM,2025,LUM-SP,롱레인지,FWD,미드나잇 블랙,33,34,-2239
2025-08,west,LUM,2025,LUM-SP,롱레인지,FWD,스틸 그레이,28,28,-1886
2025-08,west,LUM,2025,LUM-SP,롱레인지,FWD,실버,23,23,-1532
2025-08,west,LUM,2025,LUM-SP,롱레인지,FWD,오션 블루,17,18,-1178
2025-08,west,LUM,2025,LUM-SP,롱레인지,FWD,선셋 레드,14,14,-943
2025-08,west,LUM,2025,LUM-SP,롱레인지,FWD,포레스트 그린,9,9,-589
2025-08,west,LUM,2025,LUM-SP,롱레인지,FWD,샌드 베이지,9,9,-589
2025-08,west,LUM,2026,LUM-AI,스탠다드 레인지,AWD,스노우 화이트,7,7,-4798
2025-08,west,LUM,2026,LUM-AI,스탠다드 레인지,AWD,미드나잇 블랙,5,5,-3798
2025-08,west,LUM,2026,LUM-AI,스탠다드 레인지,AWD,스틸 그레이,4,5,-3198
2025-08,west,LUM,2026,LUM-AI,스탠다드 레인지,AWD,실버,4,4,-2599
2025-08,west,LUM,2026,LUM-AI,스탠다드 레인지,AWD,오션 블루,3,3,-1999
2025-08,west,LUM,2026,LUM-AI,스탠다드 레인지,AWD,선셋 레드,2,2,-1599
2025-08,west,LUM,2026,LUM-AI,스탠다드 레인지,AWD,포레스트 그린,1,1,-999
2025-08,west,LUM,2026,LUM-AI,스탠다드 레인지,AWD,샌드 베이지,1,1,-999
2025-08,west,LUM,2026,LUM-AI,스탠다드 레인지,FWD,스노우 화이트,8,8,-5864
2025-08,west,LUM,2026,LUM-AI,스탠다드 레인지,FWD,미드나잇 블랙,6,7,-4642
2025-08,west,LUM,2026,LUM-AI,스탠다드 레인지,FWD,스틸 그레이,5,6,-3909
2025-08,west,LUM,2026,LUM-AI,스탠다드 레인지,FWD,실버,4,4,-3176
2025-08,west,LUM,2026,LUM-AI,스탠다드 레인지,FWD,오션 블루,3,3,-2443
2025-08,west,LUM,2026,LUM-AI,스탠다드 레인지,FWD,선셋 레드,3,3,-1955
2025-08,west,LUM,2026,LUM-AI,스탠다드 레인지,FWD,포레스트 그린,2,2,-1222
2025-08,west,LUM,2026,LUM-AI,스탠다드 레인지,FWD,샌드 베이지,2,2,-1222
2025-08,west,LUM,2026,LUM-AI,롱레인지,AWD,스노우 화이트,13,13,-9149
2025-08,west,LUM,2026,LUM-AI,롱레인지,AWD,미드나잇 블랙,10,10,-7243
2025-08,west,LUM,2026,LUM-AI,롱레인지,AWD,스틸 그레이,8,9,-6099
2025-08,west,LUM,2026,LUM-AI,롱레인지,AWD,실버,7,7,-4956
2025-08,west,LUM,2026,LUM-AI,롱레인지,AWD,오션 블루,5,5,-3812
2025-08,west,LUM,2026,LUM-AI,롱레인지,AWD,선셋 레드,4,4,-3050
2025-08,west,LUM,2026,LUM-AI,롱레인지,AWD,포레스트 그린,3,3,-1906
2025-08,west,LUM,2026,LUM-AI,롱레인지,AWD,샌드 베이지,3,3,-1906
2025-08,west,LUM,2026,LUM-AI,롱레인지,FWD,스노우 화이트,15,16,-11182
2025-08,west,LUM,2026,LUM-AI,롱레인지,FWD,미드나잇 블랙,12,13,-8852
2025-08,west,LUM,2026,LUM-AI,롱레인지,FWD,스틸 그레이,10,11,-7455
2025-08,west,LUM,2026,LUM-AI,롱레인지,FWD,실버,8,9,-6057
2025-08,west,LUM,2026,LUM-AI,롱레인지,FWD,오션 블루,6,7,-4659
2025-08,west,LUM,2026,LUM-AI,롱레인지,FWD,선셋 레드,5,5,-3727
2025-08,west,LUM,2026,LUM-AI,롱레인지,FWD,포레스트 그린,3,3,-2330
2025-08,west,LUM,2026,LUM-AI,롱레인지,FWD,샌드 베이지,3,3,-2330
2025-08,west,LUM,2026,LUM-RA,스탠다드 레인지,AWD,스노우 화이트,8,8,-3725
2025-08,west,LUM,2026,LUM-RA,스탠다드 레인지,AWD,미드나잇 블랙,6,6,-2949
2025-08,west,LUM,2026,LUM-RA,스탠다드 레인지,AWD,스틸 그레이,5,5,-2484
2025-08,west,LUM,2026,LUM-RA,스탠다드 레인지,AWD,실버,4,4,-2018
2025-08,west,LUM,2026,LUM-RA,스탠다드 레인지,AWD,오션 블루,3,3,-1552
2025-08,west,LUM,2026,LUM-RA,스탠다드 레인지,AWD,선셋 레드,3,3,-1242
2025-08,west,LUM,2026,LUM-RA,스탠다드 레인지,AWD,포레스트 그린,2,2,-776
2025-08,west,LUM,2026,LUM-RA,스탠다드 레인지,AWD,샌드 베이지,2,2,-776
2025-08,west,LUM,2026,LUM-RA,스탠다드 레인지,FWD,스노우 화이트,9,10,-4553
2025-08,west,LUM,2026,LUM-RA,스탠다드 레인지,FWD,미드나잇 블랙,7,8,-3605
2025-08,west,LUM,2026,LUM-RA,스탠다드 레인지,FWD,스틸 그레이,6,6,-3036
2025-08,west,LUM,2026,LUM-RA,스탠다드 레인지,FWD,실버,5,5,-2466
2025-08,west,LUM,2026,LUM-RA,스탠다드 레인지,FWD,오션 블루,4,4,-1897
2025-08,west,LUM,2026,LUM-RA,스탠다드 레인지,FWD,선셋 레드,3,3,-1518
2025-08,west,LUM,2026,LUM-RA,스탠다드 레인지,FWD,포레스트 그린,2,2,-949
2025-08,west,LUM,2026,LUM-RA,스탠다드 레인지,FWD,샌드 베이지,2,2,-949
2025-08,west,LUM,2026,LUM-RA,롱레인지,AWD,스노우 화이트,15,15,-7104
2025-08,west,LUM,2026,LUM-RA,롱레인지,AWD,미드나잇 블랙,12,12,-5624
2025-08,west,LUM,2026,LUM-RA,롱레인지,AWD,스틸 그레이,10,10,-4736
2025-08,west,LUM,2026,LUM-RA,롱레인지,AWD,실버,8,8,-3848
2025-08,west,LUM,2026,LUM-RA,롱레인지,AWD,오션 블루,6,6,-2960
2025-08,west,LUM,2026,LUM-RA,롱레인지,AWD,선셋 레드,5,5,-2368
2025-08,west,LUM,2026,LUM-RA,롱레인지,AWD,포레스트 그린,3,3,-1480
2025-08,west,LUM,2026,LUM-RA,롱레인지,AWD,샌드 베이지,3,3,-1480
2025-08,west,LUM,2026,LUM-RA,롱레인지,FWD,스노우 화이트,18,18,-8683
2025-08,west,LUM,2026,LUM-RA,롱레인지,FWD,미드나잇 블랙,14,14,-6874
2025-08,west,LUM,2026,LUM-RA,롱레인지,FWD,스틸 그레이,12,12,-5789
2025-08,west,LUM,2026,LUM-RA,롱레인지,FWD,실버,10,10,-4703
2025-08,west,LUM,2026,LUM-RA,롱레인지,FWD,오션 블루,7,8,-3618
2025-08,west,LUM,2026,LUM-RA,롱레인지,FWD,선셋 레드,6,6,-2894
2025-08,west,LUM,2026,LUM-RA,롱레인지,FWD,포레스트 그린,4,4,-1809
2025-08,west,LUM,2026,LUM-RA,롱레인지,FWD,샌드 베이지,4,4,-1809
2025-08,west,LUM,2026,LUM-SP,스탠다드 레인지,AWD,스노우 화이트,3,3,-214
2025-08,west,LUM,2026,LUM-SP,스탠다드 레인지,AWD,미드나잇 블랙,2,3,-170
2025-08,west,LUM,2026,LUM-SP,스탠다드 레인지,AWD,스틸 그레이,2,2,-143
2025-08,west,LUM,2026,LUM-SP,스탠다드 레인지,AWD,실버,2,2,-116
2025-08,west,LUM,2026,LUM-SP,스탠다드 레인지,AWD,오션 블루,1,1,-89
2025-08,west,LUM,2026,LUM-SP,스탠다드 레인지,AWD,선셋 레드,1,1,-71
2025-08,west,LUM,2026,LUM-SP,스탠다드 레인지,AWD,포레스트 그린,1,1,-45
2025-08,west,LUM,2026,LUM-SP,스탠다드 레인지,AWD,샌드 베이지,1,1,-45
2025-08,west,LUM,2026,LUM-SP,스탠다드 레인지,FWD,스노우 화이트,4,4,-262
2025-08,west,LUM,2026,LUM-SP,스탠다드 레인지,FWD,미드나잇 블랙,3,3,-207
2025-08,west,LUM,2026,LUM-SP,스탠다드 레인지,FWD,스틸 그레이,3,3,-174
2025-08,west,LUM,2026,LUM-SP,스탠다드 레인지,FWD,실버,2,2,-142
2025-08,west,LUM,2026,LUM-SP,스탠다드 레인지,FWD,오션 블루,2,2,-109
2025-08,west,LUM,2026,LUM-SP,스탠다드 레인지,FWD,선셋 레드,1,1,-87
2025-08,west,LUM,2026,LUM-SP,스탠다드 레인지,FWD,포레스트 그린,1,1,-55
2025-08,west,LUM,2026,LUM-SP,스탠다드 레인지,FWD,샌드 베이지,1,1,-55
2025-08,west,LUM,2026,LUM-SP,롱레인지,AWD,스노우 화이트,6,6,-408
2025-08,west,LUM,2026,LUM-SP,롱레인지,AWD,미드나잇 블랙,5,5,-323
2025-08,west,LUM,2026,LUM-SP,롱레인지,AWD,스틸 그레이,4,4,-272
2025-08,west,LUM,2026,LUM-SP,롱레인지,AWD,실버,3,3,-221
2025-08,west,LUM,2026,LUM-SP,롱레인지,AWD,오션 블루,3,3,-170
2025-08,west,LUM,2026,LUM-SP,롱레인지,AWD,선셋 레드,2,2,-136
2025-08,west,LUM,2026,LUM-SP,롱레인지,AWD,포레스트 그린,1,1,-85
2025-08,west,LUM,2026,LUM-SP,롱레인지,AWD,샌드 베이지,1,1,-85
2025-08,west,LUM,2026,LUM-SP,롱레인지,FWD,스노우 화이트,7,7,-499
2025-08,west,LUM,2026,LUM-SP,롱레인지,FWD,미드나잇 블랙,6,6,-395
2025-08,west,LUM,2026,LUM-SP,롱레인지,FWD,스틸 그레이,5,5,-333
2025-08,west,LUM,2026,LUM-SP,롱레인지,FWD,실버,4,4,-270
2025-08,west,LUM,2026,LUM-SP,롱레인지,FWD,오션 블루,3,3,-208
2025-08,west,LUM,2026,LUM-SP,롱레인지,FWD,선셋 레드,2,2,-166
2025-08,west,LUM,2026,LUM-SP,롱레인지,FWD,포레스트 그린,2,2,-104
2025-08,west,LUM,2026,LUM-SP,롱레인지,FWD,샌드 베이지,2,2,-104
2025-08,central,LUM,2025,LUM-AI,스탠다드 레인지,AWD,스노우 화이트,16,16,-11357
2025-08,central,LUM,2025,LUM-AI,스탠다드 레인지,AWD,미드나잇 블랙,12,13,-8991
2025-08,central,LUM,2025,LUM-AI,스탠다드 레인지,AWD,스틸 그레이,10,11,-7571
2025-08,central,LUM,2025,LUM-AI,스탠다드 레인지,AWD,실버,9,9,-6152
2025-08,central,LUM,2025,LUM-AI,스탠다드 레인지,AWD,오션 블루,7,7,-4732
2025-08,central,LUM,2025,LUM-AI,스탠다드 레인지,AWD,선셋 레드,5,5,-3786
2025-08,central,LUM,2025,LUM-AI,스탠다드 레인지,AWD,포레스트 그린,3,3,-2366
2025-08,central,LUM,2025,LUM-AI,스탠다드 레인지,AWD,샌드 베이지,3,3,-2366
2025-08,central,LUM,2025,LUM-AI,스탠다드 레인지,FWD,스노우 화이트,15,15,-10589
2025-08,central,LUM,2025,LUM-AI,스탠다드 레인지,FWD,미드나잇 블랙,12,12,-8383
2025-08,central,LUM,2025,LUM-AI,스탠다드 레인지,FWD,스틸 그레이,10,10,-7059
2025-08,central,LUM,2025,LUM-AI,스탠다드 레인지,FWD,실버,8,8,-5735
2025-08,central,LUM,2025,LUM-AI,스탠다드 레인지,FWD,오션 블루,6,6,-4412
2025-08,central,LUM,2025,LUM-AI,스탠다드 레인지,FWD,선셋 레드,5,5,-3530
2025-08,central,LUM,2025,LUM-AI,스탠다드 레인지,FWD,포레스트 그린,3,3,-2206
2025-08,central,LUM,2025,LUM-AI,스탠다드 레인지,FWD,샌드 베이지,3,3,-2206
2025-08,central,LUM,2025,LUM-AI,롱레인지,AWD,스노우 화이트,30,31,-21657
2025-08,central,LUM,2025,LUM-AI,롱레인지,AWD,미드나잇 블랙,24,24,-17145
2025-08,central,LUM,2025,LUM-AI,롱레인지,AWD,스틸 그레이,20,20,-14438
2025-08,central,LUM,2025,LUM-AI,롱레인지,AWD,실버,16,17,-11731
2025-08,central,LUM,2025,LUM-AI,롱레인지,AWD,오션 블루,12,13,-9024
2025-08,central,LUM,2025,LUM-AI,롱레인지,AWD,선셋 레드,10,10,-7219
2025-08,central,LUM,2025,LUM-AI,롱레인지,AWD,포레스트 그린,6,6,-4512
2025-08,central,LUM,2025,LUM-AI,롱레인지,AWD,샌드 베이지,6,6,-4512
2025-08,central,LUM,2025,LUM-AI,롱레인지,FWD,스노우 화이트,28,29,-20192
2025-08,central,LUM,2025,LUM-AI,롱레인지,FWD,미드나잇 블랙,22,23,-15985
2025-08,central,LUM,2025,LUM-AI,롱레인지,FWD,스틸 그레이,19,19,-13461
2025-08,central,LUM,2025,LUM-AI,롱레인지,FWD,실버,15,15,-10937
2025-08,central,LUM,2025,LUM-AI,롱레인지,FWD,오션 블루,12,12,-8413
2025-08,central,LUM,2025,LUM-AI,롱레인지,FWD,선셋 레드,9,10,-6731
2025-08,central,LUM,2025,LUM-AI,롱레인지,FWD,포레스트 그린,6,6,-4207
2025-08,central,LUM,2025,LUM-AI,롱레인지,FWD,샌드 베이지,6,6,-4207
2025-08,central,LUM,2025,LUM-RA,스탠다드 레인지,AWD,스노우 화이트,18,19,-8819
2025-08,central,LUM,2025,LUM-RA,스탠다드 레인지,AWD,미드나잇 블랙,14,15,-6981
2025-08,central,LUM,2025,LUM-RA,스탠다드 레인지,AWD,스틸 그레이,12,12,-5879
2025-08,central,LUM,2025,LUM-RA,스탠다드 레인지,AWD,실버,10,10,-4777
2025-08,central,LUM,2025,LUM-RA,스탠다드 레인지,AWD,오션 블루,8,8,-3674
2025-08,central,LUM,2025,LUM-RA,스탠다드 레인지,AWD,선셋 레드,6,6,-2940
2025-08,central,LUM,2025,LUM-RA,스탠다드 레인지,AWD,포레스트 그린,4,4,-1837
2025-08,central,LUM,2025,LUM-RA,스탠다드 레인지,AWD,샌드 베이지,4,4,-1837
2025-08,central,LUM,2025,LUM-RA,스탠다드 레인지,FWD,스노우 화이트,17,17,-8222
2025-08,central,LUM,2025,LUM-RA,스탠다드 레인지,FWD,미드나잇 블랙,13,14,-6509
2025-08,central,LUM,2025,LUM-RA,스탠다드 레인지,FWD,스틸 그레이,11,12,-5481
2025-08,central,LUM,2025,LUM-RA,스탠다드 레인지,FWD,실버,9,9,-4454
2025-08,central,LUM,2025,LUM-RA,스탠다드 레인지,FWD,오션 블루,7,7,-3426
2025-08,central,LUM,2025,LUM-RA,스탠다드 레인지,FWD,선셋 레드,6,6,-2741
2025-08,central,LUM,2025,LUM-RA,스탠다드 레인지,FWD,포레스트 그린,4,4,-1713
2025-08,central,LUM,2025,LUM-RA,스탠다드 레인지,FWD,샌드 베이지,4,4,-1713
2025-08,central,LUM,2025,LUM-RA,롱레인지,AWD,스노우 화이트,35,35,-16817
2025-08,central,LUM,2025,LUM-RA,롱레인지,AWD,미드나잇 블랙,27,28,-13313
2025-08,central,LUM,2025,LUM-RA,롱레인지,AWD,스틸 그레이,23,24,-11211
2025-08,central,LUM,2025,LUM-RA,롱레인지,AWD,실버,19,19,-9109
2025-08,central,LUM,2025,LUM-RA,롱레인지,AWD,오션 블루,14,15,-7007
2025-08,central,LUM,2025,LUM-RA,롱레인지,AWD,선셋 레드,12,12,-5606
2025-08,central,LUM,2025,LUM-RA,롱레인지,AWD,포레스트 그린,7,7,-3504
2025-08,central,LUM,2025,LUM-RA,롱레인지,AWD,샌드 베이지,7,7,-3504
2025-08,central,LUM,2025,LUM-RA,롱레인지,FWD,스노우 화이트,32,33,-15680
2025-08,central,LUM,2025,LUM-RA,롱레인지,FWD,미드나잇 블랙,26,26,-12413
2025-08,central,LUM,2025,LUM-RA,롱레인지,FWD,스틸 그레이,22,22,-10453
2025-08,central,LUM,2025,LUM-RA,롱레인지,FWD,실버,18,18,-8493
2025-08,central,LUM,2025,LUM-RA,롱레인지,FWD,오션 블루,13,14,-6533
2025-08,central,LUM,2025,LUM-RA,롱레인지,FWD,선셋 레드,11,11,-5227
2025-08,central,LUM,2025,LUM-RA,롱레인지,FWD,포레스트 그린,7,7,-3267
2025-08,central,LUM,2025,LUM-RA,롱레인지,FWD,샌드 베이지,7,7,-3267
2025-08,central,LUM,2025,LUM-SP,스탠다드 레인지,AWD,스노우 화이트,7,8,-507
2025-08,central,LUM,2025,LUM-SP,스탠다드 레인지,AWD,미드나잇 블랙,6,6,-401
2025-08,central,LUM,2025,LUM-SP,스탠다드 레인지,AWD,스틸 그레이,5,5,-338
2025-08,central,LUM,2025,LUM-SP,스탠다드 레인지,AWD,실버,4,4,-275
2025-08,central,LUM,2025,LUM-SP,스탠다드 레인지,AWD,오션 블루,3,3,-211
2025-08,central,LUM,2025,LUM-SP,스탠다드 레인지,AWD,선셋 레드,2,3,-169
2025-08,central,LUM,2025,LUM-SP,스탠다드 레인지,AWD,포레스트 그린,2,2,-106
2025-08,central,LUM,2025,LUM-SP,스탠다드 레인지,AWD,샌드 베이지,2,2,-106
2025-08,central,LUM,2025,LUM-SP,스탠다드 레인지,FWD,스노우 화이트,7,7,-473
2025-08,central,LUM,2025,LUM-SP,스탠다드 레인지,FWD,미드나잇 블랙,5,6,-374
2025-08,central,LUM,2025,LUM-SP,스탠다드 레인지,FWD,스틸 그레이,5,5,-315
2025-08,central,LUM,2025,LUM-SP,스탠다드 레인지,FWD,실버,4,4,-256
2025-08,central,LUM,2025,LUM-SP,스탠다드 레인지,FWD,오션 블루,3,3,-197
2025-08,central,LUM,2025,LUM-SP,스탠다드 레인지,FWD,선셋 레드,2,2,-158
2025-08,central,LUM,2025,LUM-SP,스탠다드 레인지,FWD,포레스트 그린,1,1,-98
2025-08,central,LUM,2025,LUM-SP,스탠다드 레인지,FWD,샌드 베이지,1,1,-98
2025-08,central,LUM,2025,LUM-SP,롱레인지,AWD,스노우 화이트,14,14,-967
2025-08,central,LUM,2025,LUM-SP,롱레인지,AWD,미드나잇 블랙,11,11,-765
2025-08,central,LUM,2025,LUM-SP,롱레인지,AWD,스틸 그레이,9,10,-644
2025-08,central,LUM,2025,LUM-SP,롱레인지,AWD,실버,8,8,-524
2025-08,central,LUM,2025,LUM-SP,롱레인지,AWD,오션 블루,6,6,-403
2025-08,central,LUM,2025,LUM-SP,롱레인지,AWD,선셋 레드,5,5,-322
2025-08,central,LUM,2025,LUM-SP,롱레인지,AWD,포레스트 그린,3,3,-201
2025-08,central,LUM,2025,LUM-SP,롱레인지,AWD,샌드 베이지,3,3,-201
2025-08,central,LUM,2025,LUM-SP,롱레인지,FWD,스노우 화이트,13,14,-901
2025-08,central,LUM,2025,LUM-SP,롱레인지,FWD,미드나잇 블랙,10,11,-714
2025-08,central,LUM,2025,LUM-SP,롱레인지,FWD,스틸 그레이,9,9,-601
2025-08,central,LUM,2025,LUM-SP,롱레인지,FWD,실버,7,7,-488
2025-08,central,LUM,2025,LUM-SP,롱레인지,FWD,오션 블루,6,6,-376
2025-08,central,LUM,2025,LUM-SP,롱레인지,FWD,선셋 레드,4,5,-300
2025-08,central,LUM,2025,LUM-SP,롱레인지,FWD,포레스트 그린,3,3,-188
2025-08,central,LUM,2025,LUM-SP,롱레인지,FWD,샌드 베이지,3,3,-188
2025-08,central,LUM,2026,LUM-AI,스탠다드 레인지,AWD,스노우 화이트,3,3,-2004
2025-08,central,LUM,2026,LUM-AI,스탠다드 레인지,AWD,미드나잇 블랙,2,2,-1587
2025-08,central,LUM,2026,LUM-AI,스탠다드 레인지,AWD,스틸 그레이,2,2,-1336
2025-08,central,LUM,2026,LUM-AI,스탠다드 레인지,AWD,실버,2,2,-1086
2025-08,central,LUM,2026,LUM-AI,스탠다드 레인지,AWD,오션 블루,1,1,-835
2025-08,central,LUM,2026,LUM-AI,스탠다드 레인지,AWD,선셋 레드,1,1,-668
2025-08,central,LUM,2026,LUM-AI,스탠다드 레인지,AWD,포레스트 그린,1,1,-418
2025-08,central,LUM,2026,LUM-AI,스탠다드 레인지,AWD,샌드 베이지,1,1,-418
2025-08,central,LUM,2026,LUM-AI,스탠다드 레인지,FWD,스노우 화이트,3,3,-1869
2025-08,central,LUM,2026,LUM-AI,스탠다드 레인지,FWD,미드나잇 블랙,2,2,-1479
2025-08,central,LUM,2026,LUM-AI,스탠다드 레인지,FWD,스틸 그레이,2,2,-1246
2025-08,central,LUM,2026,LUM-AI,스탠다드 레인지,FWD,실버,1,1,-1012
2025-08,central,LUM,2026,LUM-AI,스탠다드 레인지,FWD,오션 블루,1,1,-779
2025-08,central,LUM,2026,LUM-AI,스탠다드 레인지,FWD,선셋 레드,1,1,-623
2025-08,central,LUM,2026,LUM-AI,스탠다드 레인지,FWD,포레스트 그린,1,1,-389
2025-08,central,LUM,2026,LUM-AI,스탠다드 레인지,FWD,샌드 베이지,1,1,-389
2025-08,central,LUM,2026,LUM-AI,롱레인지,AWD,스노우 화이트,5,5,-3822
2025-08,central,LUM,2026,LUM-AI,롱레인지,AWD,미드나잇 블랙,4,4,-3026
2025-08,central,LUM,2026,LUM-AI,롱레인지,AWD,스틸 그레이,4,4,-2548
2025-08,central,LUM,2026,LUM-AI,롱레인지,AWD,실버,3,3,-2070
2025-08,central,LUM,2026,LUM-AI,롱레인지,AWD,오션 블루,2,2,-1592
2025-08,central,LUM,2026,LUM-AI,롱레인지,AWD,선셋 레드,2,2,-1274
2025-08,central,LUM,2026,LUM-AI,롱레인지,AWD,포레스트 그린,1,1,-796
2025-08,central,LUM,2026,LUM-AI,롱레인지,AWD,샌드 베이지,1,1,-796
2025-08,central,LUM,2026,LUM-AI,롱레인지,FWD,스노우 화이트,5,5,-3563
2025-08,central,LUM,2026,LUM-AI,롱레인지,FWD,미드나잇 블랙,4,4,-2821
2025-08,central,LUM,2026,LUM-AI,롱레인지,FWD,스틸 그레이,3,3,-2376
2025-08,central,LUM,2026,LUM-AI,롱레인지,FWD,실버,3,3,-1930
2025-08,central,LUM,2026,LUM-AI,롱레인지,FWD,오션 블루,2,2,-1485
2025-08,central,LUM,2026,LUM-AI,롱레인지,FWD,선셋 레드,2,2,-1188
2025-08,central,LUM,2026,LUM-AI,롱레인지,FWD,포레스트 그린,1,1,-742
2025-08,central,LUM,2026,LUM-AI,롱레인지,FWD,샌드 베이지,1,1,-742
2025-08,central,LUM,2026,LUM-RA,스탠다드 레인지,AWD,스노우 화이트,3,3,-1556
2025-08,central,LUM,2026,LUM-RA,스탠다드 레인지,AWD,미드나잇 블랙,3,3,-1232
2025-08,central,LUM,2026,LUM-RA,스탠다드 레인지,AWD,스틸 그레이,2,2,-1037
2025-08,central,LUM,2026,LUM-RA,스탠다드 레인지,AWD,실버,2,2,-843
2025-08,central,LUM,2026,LUM-RA,스탠다드 레인지,AWD,오션 블루,1,1,-648
2025-08,central,LUM,2026,LUM-RA,스탠다드 레인지,AWD,선셋 레드,1,1,-519
2025-08,central,LUM,2026,LUM-RA,스탠다드 레인지,AWD,포레스트 그린,1,1,-324
2025-08,central,LUM,2026,LUM-RA,스탠다드 레인지,AWD,샌드 베이지,1,1,-324
2025-08,central,LUM,2026,LUM-RA,스탠다드 레인지,FWD,스노우 화이트,3,3,-1451
2025-08,central,LUM,2026,LUM-RA,스탠다드 레인지,FWD,미드나잇 블랙,2,2,-1149
2025-08,central,LUM,2026,LUM-RA,스탠다드 레인지,FWD,스틸 그레이,2,2,-967
2025-08,central,LUM,2026,LUM-RA,스탠다드 레인지,FWD,실버,2,2,-786
2025-08,central,LUM,2026,LUM-RA,스탠다드 레인지,FWD,오션 블루,1,1,-605
2025-08,central,LUM,2026,LUM-RA,스탠다드 레인지,FWD,선셋 레드,1,1,-484
2025-08,central,LUM,2026,LUM-RA,스탠다드 레인지,FWD,포레스트 그린,1,1,-302
2025-08,central,LUM,2026,LUM-RA,스탠다드 레인지,FWD,샌드 베이지,1,1,-302
2025-08,central,LUM,2026,LUM-RA,롱레인지,AWD,스노우 화이트,6,6,-2968
2025-08,central,LUM,2026,LUM-RA,롱레인지,AWD,미드나잇 블랙,5,5,-2349
2025-08,central,LUM,2026,LUM-RA,롱레인지,AWD,스틸 그레이,4,4,-1978
2025-08,central,LUM,2026,LUM-RA,롱레인지,AWD,실버,3,3,-1608
2025-08,central,LUM,2026,LUM-RA,롱레인지,AWD,오션 블루,3,3,-1237
2025-08,central,LUM,2026,LUM-RA,롱레인지,AWD,선셋 레드,2,2,-989
2025-08,central,LUM,2026,LUM-RA,롱레인지,AWD,포레스트 그린,1,1,-618
2025-08,central,LUM,2026,LUM-RA,롱레인지,AWD,샌드 베이지,1,1,-618
2025-08,central,LUM,2026,LUM-RA,롱레인지,FWD,스노우 화이트,6,6,-2767
2025-08,central,LUM,2026,LUM-RA,롱레인지,FWD,미드나잇 블랙,5,5,-2191
2025-08,central,LUM,2026,LUM-RA,롱레인지,FWD,스틸 그레이,4,4,-1845
2025-08,central,LUM,2026,LUM-RA,롱레인지,FWD,실버,3,3,-1499
2025-08,central,LUM,2026,LUM-RA,롱레인지,FWD,오션 블루,2,2,-1153
2025-08,central,LUM,2026,LUM-RA,롱레인지,FWD,선셋 레드,2,2,-922
2025-08,central,LUM,2026,LUM-RA,롱레인지,FWD,포레스트 그린,1,1,-576
2025-08,central,LUM,2026,LUM-RA,롱레인지,FWD,샌드 베이지,1,1,-576
2025-08,central,LUM,2026,LUM-SP,스탠다드 레인지,AWD,스노우 화이트,1,1,-89
2025-08,central,LUM,2026,LUM-SP,스탠다드 레인지,AWD,미드나잇 블랙,1,1,-71
2025-08,central,LUM,2026,LUM-SP,스탠다드 레인지,AWD,스틸 그레이,1,1,-60
2025-08,central,LUM,2026,LUM-SP,스탠다드 레인지,AWD,실버,1,1,-48
2025-08,central,LUM,2026,LUM-SP,스탠다드 레인지,AWD,오션 블루,1,1,-37
2025-08,central,LUM,2026,LUM-SP,스탠다드 레인지,FWD,스노우 화이트,1,1,-83
2025-08,central,LUM,2026,LUM-SP,스탠다드 레인지,FWD,미드나잇 블랙,1,1,-66
2025-08,central,LUM,2026,LUM-SP,스탠다드 레인지,FWD,스틸 그레이,1,1,-56
2025-08,central,LUM,2026,LUM-SP,스탠다드 레인지,FWD,실버,1,1,-45
2025-08,central,LUM,2026,LUM-SP,스탠다드 레인지,FWD,오션 블루,1,1,-35
2025-08,central,LUM,2026,LUM-SP,롱레인지,AWD,스노우 화이트,3,3,-171
2025-08,central,LUM,2026,LUM-SP,롱레인지,AWD,미드나잇 블랙,2,2,-135
2025-08,central,LUM,2026,LUM-SP,롱레인지,AWD,스틸 그레이,2,2,-114
2025-08,central,LUM,2026,LUM-SP,롱레인지,AWD,실버,1,1,-92
2025-08,central,LUM,2026,LUM-SP,롱레인지,AWD,오션 블루,1,1,-71
2025-08,central,LUM,2026,LUM-SP,롱레인지,AWD,선셋 레드,1,1,-57
2025-08,central,LUM,2026,LUM-SP,롱레인지,AWD,포레스트 그린,1,1,-36
2025-08,central,LUM,2026,LUM-SP,롱레인지,AWD,샌드 베이지,1,1,-36
2025-08,central,LUM,2026,LUM-SP,롱레인지,FWD,스노우 화이트,2,2,-159
2025-08,central,LUM,2026,LUM-SP,롱레인지,FWD,미드나잇 블랙,2,2,-126
2025-08,central,LUM,2026,LUM-SP,롱레인지,FWD,스틸 그레이,2,2,-106
2025-08,central,LUM,2026,LUM-SP,롱레인지,FWD,실버,1,1,-86
2025-08,central,LUM,2026,LUM-SP,롱레인지,FWD,오션 블루,1,1,-66
2025-08,central,LUM,2026,LUM-SP,롱레인지,FWD,선셋 레드,1,1,-53
2025-08,south,LUM,2025,LUM-AI,스탠다드 레인지,AWD,스노우 화이트,13,13,-9201
2025-08,south,LUM,2025,LUM-AI,스탠다드 레인지,AWD,미드나잇 블랙,10,10,-7285
2025-08,south,LUM,2025,LUM-AI,스탠다드 레인지,AWD,스틸 그레이,8,9,-6134
2025-08,south,LUM,2025,LUM-AI,스탠다드 레인지,AWD,실버,7,7,-4984
2025-08,south,LUM,2025,LUM-AI,스탠다드 레인지,AWD,오션 블루,5,5,-3834
2025-08,south,LUM,2025,LUM-AI,스탠다드 레인지,AWD,선셋 레드,4,4,-3067
2025-08,south,LUM,2025,LUM-AI,스탠다드 레인지,AWD,포레스트 그린,3,3,-1917
2025-08,south,LUM,2025,LUM-AI,스탠다드 레인지,AWD,샌드 베이지,3,3,-1917
2025-08,south,LUM,2025,LUM-AI,스탠다드 레인지,FWD,스노우 화이트,27,27,-19198
2025-08,south,LUM,2025,LUM-AI,스탠다드 레인지,FWD,미드나잇 블랙,21,21,-15199
2025-08,south,LUM,2025,LUM-AI,스탠다드 레인지,FWD,스틸 그레이,18,18,-12799
2025-08,south,LUM,2025,LUM-AI,스탠다드 레인지,FWD,실버,14,15,-10399
2025-08,south,LUM,2025,LUM-AI,스탠다드 레인지,FWD,오션 블루,11,11,-7999
2025-08,south,LUM,2025,LUM-AI,스탠다드 레인지,FWD,선셋 레드,9,9,-6399
2025-08,south,LUM,2025,LUM-AI,스탠다드 레인지,FWD,포레스트 그린,6,6,-4000
2025-08,south,LUM,2025,LUM-AI,스탠다드 레인지,FWD,샌드 베이지,6,6,-4000
2025-08,south,LUM,2025,LUM-AI,롱레인지,AWD,스노우 화이트,24,25,-17547
2025-08,south,LUM,2025,LUM-AI,롱레인지,AWD,미드나잇 블랙,19,20,-13891
2025-08,south,LUM,2025,LUM-AI,롱레인지,AWD,스틸 그레이,16,17,-11698
2025-08,south,LUM,2025,LUM-AI,롱레인지,AWD,실버,13,13,-9505
2025-08,south,LUM,2025,LUM-AI,롱레인지,AWD,오션 블루,10,10,-7311
2025-08,south,LUM,2025,LUM-AI,롱레인지,AWD,선셋 레드,8,8,-5849
2025-08,south,LUM,2025,LUM-AI,롱레인지,AWD,포레스트 그린,5,5,-3656
2025-08,south,LUM,2025,LUM-AI,롱레인지,AWD,샌드 베이지,5,5,-3656
2025-08,south,LUM,2025,LUM-AI,롱레인지,FWD,스노우 화이트,51,52,-36611
2025-08,south,LUM,2025,LUM-AI,롱레인지,FWD,미드나잇 블랙,40,41,-28983
2025-08,south,LUM,2025,LUM-AI,롱레인지,FWD,스틸 그레이,34,34,-24407
2025-08,south,LUM,2025,LUM-AI,롱레인지,FWD,실버,27,28,-19831
2025-08,south,LUM,2025,LUM-AI,롱레인지,FWD,오션 블루,21,22,-15254
2025-08,south,LUM,2025,LUM-AI,롱레인지,FWD,선셋 레드,17,17,-12204
2025-08,south,LUM,2025,LUM-AI,롱레인지,FWD,포레스트 그린,11,11,-7627
2025-08,south,LUM,2025,LUM-AI,롱레인지,FWD,샌드 베이지,11,11,-7627
2025-08,south,LUM,2025,LUM-RA,스탠다드 레인지,AWD,스노우 화이트,15,15,-7145
2025-08,south,LUM,2025,LUM-RA,스탠다드 레인지,AWD,미드나잇 블랙,12,12,-5657
2025-08,south,LUM,2025,LUM-RA,스탠다드 레인지,AWD,스틸 그레이,10,10,-4763
2025-08,south,LUM,2025,LUM-RA,스탠다드 레인지,AWD,실버,8,8,-3870
2025-08,south,LUM,2025,LUM-RA,스탠다드 레인지,AWD,오션 블루,6,6,-2977
2025-08,south,LUM,2025,LUM-RA,스탠다드 레인지,AWD,선셋 레드,5,5,-2382
2025-08,south,LUM,2025,LUM-RA,스탠다드 레인지,AWD,포레스트 그린,3,3,-1489
2025-08,south,LUM,2025,LUM-RA,스탠다드 레인지,AWD,샌드 베이지,3,3,-1489
2025-08,south,LUM,2025,LUM-RA,스탠다드 레인지,FWD,스노우 화이트,31,31,-14908
2025-08,south,LUM,2025,LUM-RA,스탠다드 레인지,FWD,미드나잇 블랙,24,25,-11802
2025-08,south,LUM,2025,LUM-RA,스탠다드 레인지,FWD,스틸 그레이,21,21,-9939
2025-08,south,LUM,2025,LUM-RA,스탠다드 레인지,FWD,실버,17,17,-8075
2025-08,south,LUM,2025,LUM-RA,스탠다드 레인지,FWD,오션 블루,13,13,-6212
2025-08,south,LUM,2025,LUM-RA,스탠다드 레인지,FWD,선셋 레드,10,10,-4969
2025-08,south,LUM,2025,LUM-RA,스탠다드 레인지,FWD,포레스트 그린,6,7,-3106
2025-08,south,LUM,2025,LUM-RA,스탠다드 레인지,FWD,샌드 베이지,6,7,-3106
2025-08,south,LUM,2025,LUM-RA,롱레인지,AWD,스노우 화이트,28,29,-13626
2025-08,south,LUM,2025,LUM-RA,롱레인지,AWD,미드나잇 블랙,22,23,-10787
2025-08,south,LUM,2025,LUM-RA,롱레인지,AWD,스틸 그레이,19,19,-9084
2025-08,south,LUM,2025,LUM-RA,롱레인지,AWD,실버,15,16,-7381
2025-08,south,LUM,2025,LUM-RA,롱레인지,AWD,오션 블루,12,12,-5677
2025-08,south,LUM,2025,LUM-RA,롱레인지,AWD,선셋 레드,9,10,-4542
2025-08,south,LUM,2025,LUM-RA,롱레인지,AWD,포레스트 그린,6,6,-2839
2025-08,south,LUM,2025,LUM-RA,롱레인지,AWD,샌드 베이지,6,6,-2839
2025-08,south,LUM,2025,LUM-RA,롱레인지,FWD,스노우 화이트,59,60,-28429
2025-08,south,LUM,2025,LUM-RA,롱레인지,FWD,미드나잇 블랙,46,47,-22506
2025-08,south,LUM,2025,LUM-RA,롱레인지,FWD,스틸 그레이,39,40,-18953
2025-08,south,LUM,2025,LUM-RA,롱레인지,FWD,실버,32,32,-15399
2025-08,south,LUM,2025,LUM-RA,롱레인지,FWD,오션 블루,24,25,-11845
2025-08,south,LUM,2025,LUM-RA,롱레인지,FWD,선셋 레드,20,20,-9476
2025-08,south,LUM,2025,LUM-RA,롱레인지,FWD,포레스트 그린,12,12,-5923
2025-08,south,LUM,2025,LUM-RA,롱레인지,FWD,샌드 베이지,12,12,-5923
2025-08,south,LUM,2025,LUM-SP,스탠다드 레인지,AWD,스노우 화이트,6,6,-411
2025-08,south,LUM,2025,LUM-SP,스탠다드 레인지,AWD,미드나잇 블랙,5,5,-325
2025-08,south,LUM,2025,LUM-SP,스탠다드 레인지,AWD,스틸 그레이,4,4,-274
2025-08,south,LUM,2025,LUM-SP,스탠다드 레인지,AWD,실버,3,3,-222
2025-08,south,LUM,2025,LUM-SP,스탠다드 레인지,AWD,오션 블루,3,3,-171
2025-08,south,LUM,2025,LUM-SP,스탠다드 레인지,AWD,선셋 레드,2,2,-137
2025-08,south,LUM,2025,LUM-SP,스탠다드 레인지,AWD,포레스트 그린,1,1,-86
2025-08,south,LUM,2025,LUM-SP,스탠다드 레인지,AWD,샌드 베이지,1,1,-86
2025-08,south,LUM,2025,LUM-SP,스탠다드 레인지,FWD,스노우 화이트,13,13,-857
2025-08,south,LUM,2025,LUM-SP,스탠다드 레인지,FWD,미드나잇 블랙,10,10,-678
2025-08,south,LUM,2025,LUM-SP,스탠다드 레인지,FWD,스틸 그레이,8,9,-571
2025-08,south,LUM,2025,LUM-SP,스탠다드 레인지,FWD,실버,7,7,-464
2025-08,south,LUM,2025,LUM-SP,스탠다드 레인지,FWD,오션 블루,5,5,-357
2025-08,south,LUM,2025,LUM-SP,스탠다드 레인지,FWD,선셋 레드,4,4,-286
2025-08,south,LUM,2025,LUM-SP,스탠다드 레인지,FWD,포레스트 그린,3,3,-179
2025-08,south,LUM,2025,LUM-SP,스탠다드 레인지,FWD,샌드 베이지,3,3,-179
2025-08,south,LUM,2025,LUM-SP,롱레인지,AWD,스노우 화이트,12,12,-783
2025-08,south,LUM,2025,LUM-SP,롱레인지,AWD,미드나잇 블랙,9,9,-620
2025-08,south,LUM,2025,LUM-SP,롱레인지,AWD,스틸 그레이,8,8,-522
2025-08,south,LUM,2025,LUM-SP,롱레인지,AWD,실버,6,6,-424
2025-08,south,LUM,2025,LUM-SP,롱레인지,AWD,오션 블루,5,5,-326
2025-08,south,LUM,2025,LUM-SP,롱레인지,AWD,선셋 레드,4,4,-261
2025-08,south,LUM,2025,LUM-SP,롱레인지,AWD,포레스트 그린,2,2,-163
2025-08,south,LUM,2025,LUM-SP,롱레인지,AWD,샌드 베이지,2,2,-163
2025-08,south,LUM,2025,LUM-SP,롱레인지,FWD,스노우 화이트,24,24,-1634
2025-08,south,LUM,2025,LUM-SP,롱레인지,FWD,미드나잇 블랙,19,19,-1294
2025-08,south,LUM,2025,LUM-SP,롱레인지,FWD,스틸 그레이,16,16,-1089
2025-08,south,LUM,2025,LUM-SP,롱레인지,FWD,실버,13,13,-885
2025-08,south,LUM,2025,LUM-SP,롱레인지,FWD,오션 블루,10,10,-681
2025-08,south,LUM,2025,LUM-SP,롱레인지,FWD,선셋 레드,8,8,-545
2025-08,south,LUM,2025,LUM-SP,롱레인지,FWD,포레스트 그린,5,5,-340
2025-08,south,LUM,2025,LUM-SP,롱레인지,FWD,샌드 베이지,5,5,-340
2025-08,south,LUM,2026,LUM-AI,스탠다드 레인지,AWD,스노우 화이트,2,2,-1624
2025-08,south,LUM,2026,LUM-AI,스탠다드 레인지,AWD,미드나잇 블랙,2,2,-1286
2025-08,south,LUM,2026,LUM-AI,스탠다드 레인지,AWD,스틸 그레이,1,2,-1083
2025-08,south,LUM,2026,LUM-AI,스탠다드 레인지,AWD,실버,1,1,-880
2025-08,south,LUM,2026,LUM-AI,스탠다드 레인지,AWD,오션 블루,1,1,-677
2025-08,south,LUM,2026,LUM-AI,스탠다드 레인지,AWD,선셋 레드,1,1,-541
2025-08,south,LUM,2026,LUM-AI,스탠다드 레인지,FWD,스노우 화이트,5,5,-3388
2025-08,south,LUM,2026,LUM-AI,스탠다드 레인지,FWD,미드나잇 블랙,4,4,-2682
2025-08,south,LUM,2026,LUM-AI,스탠다드 레인지,FWD,스틸 그레이,3,3,-2259
2025-08,south,LUM,2026,LUM-AI,스탠다드 레인지,FWD,실버,3,3,-1835
2025-08,south,LUM,2026,LUM-AI,스탠다드 레인지,FWD,오션 블루,2,2,-1412
2025-08,south,LUM,2026,LUM-AI,스탠다드 레인지,FWD,선셋 레드,2,2,-1129
2025-08,south,LUM,2026,LUM-AI,스탠다드 레인지,FWD,포레스트 그린,1,1,-706
2025-08,south,LUM,2026,LUM-AI,스탠다드 레인지,FWD,샌드 베이지,1,1,-706
2025-08,south,LUM,2026,LUM-AI,롱레인지,AWD,스노우 화이트,4,4,-3097
2025-08,south,LUM,2026,LUM-AI,롱레인지,AWD,미드나잇 블랙,3,3,-2451
2025-08,south,LUM,2026,LUM-AI,롱레인지,AWD,스틸 그레이,3,3,-2064
2025-08,south,LUM,2026,LUM-AI,롱레인지,AWD,실버,2,2,-1677
2025-08,south,LUM,2026,LUM-AI,롱레인지,AWD,오션 블루,2,2,-1290
2025-08,south,LUM,2026,LUM-AI,롱레인지,AWD,선셋 레드,1,1,-1032
2025-08,south,LUM,2026,LUM-AI,롱레인지,AWD,포레스트 그린,1,1,-645
2025-08,south,LUM,2026,LUM-AI,롱레인지,AWD,샌드 베이지,1,1,-645
2025-08,south,LUM,2026,LUM-AI,롱레인지,FWD,스노우 화이트,9,9,-6461
2025-08,south,LUM,2026,LUM-AI,롱레인지,FWD,미드나잇 블랙,7,7,-5115
2025-08,south,LUM,2026,LUM-AI,롱레인지,FWD,스틸 그레이,6,6,-4307
2025-08,south,LUM,2026,LUM-AI,롱레인지,FWD,실버,5,5,-3500
2025-08,south,LUM,2026,LUM-AI,롱레인지,FWD,오션 블루,4,4,-2692
2025-08,south,LUM,2026,LUM-AI,롱레인지,FWD,선셋 레드,3,3,-2154
2025-08,south,LUM,2026,LUM-AI,롱레인지,FWD,포레스트 그린,2,2,-1346
2025-08,south,LUM,2026,LUM-AI,롱레인지,FWD,샌드 베이지,2,2,-1346
2025-08,south,LUM,2026,LUM-RA,스탠다드 레인지,AWD,스노우 화이트,3,3,-1261
2025-08,south,LUM,2026,LUM-RA,스탠다드 레인지,AWD,미드나잇 블랙,2,2,-998
2025-08,south,LUM,2026,LUM-RA,스탠다드 레인지,AWD,스틸 그레이,2,2,-841
2025-08,south,LUM,2026,LUM-RA,스탠다드 레인지,AWD,실버,1,1,-683
2025-08,south,LUM,2026,LUM-RA,스탠다드 레인지,AWD,오션 블루,1,1,-525
2025-08,south,LUM,2026,LUM-RA,스탠다드 레인지,AWD,선셋 레드,1,1,-420
2025-08,south,LUM,2026,LUM-RA,스탠다드 레인지,AWD,포레스트 그린,1,1,-263
2025-08,south,LUM,2026,LUM-RA,스탠다드 레인지,AWD,샌드 베이지,1,1,-263
2025-08,south,LUM,2026,LUM-RA,스탠다드 레인지,FWD,스노우 화이트,5,6,-2631
2025-08,south,LUM,2026,LUM-RA,스탠다드 레인지,FWD,미드나잇 블랙,4,4,-2083
2025-08,south,LUM,2026,LUM-RA,스탠다드 레인지,FWD,스틸 그레이,4,4,-1754
2025-08,south,LUM,2026,LUM-RA,스탠다드 레인지,FWD,실버,3,3,-1425
2025-08,south,LUM,2026,LUM-RA,스탠다드 레인지,FWD,오션 블루,2,2,-1096
2025-08,south,LUM,2026,LUM-RA,스탠다드 레인지,FWD,선셋 레드,2,2,-877
2025-08,south,LUM,2026,LUM-RA,스탠다드 레인지,FWD,포레스트 그린,1,1,-548
2025-08,south,LUM,2026,LUM-RA,스탠다드 레인지,FWD,샌드 베이지,1,1,-548
2025-08,south,LUM,2026,LUM-RA,롱레인지,AWD,스노우 화이트,5,5,-2405
2025-08,south,LUM,2026,LUM-RA,롱레인지,AWD,미드나잇 블랙,4,4,-1904
2025-08,south,LUM,2026,LUM-RA,롱레인지,AWD,스틸 그레이,3,3,-1603
2025-08,south,LUM,2026,LUM-RA,롱레인지,AWD,실버,3,3,-1302
2025-08,south,LUM,2026,LUM-RA,롱레인지,AWD,오션 블루,2,2,-1002
2025-08,south,LUM,2026,LUM-RA,롱레인지,AWD,선셋 레드,2,2,-802
2025-08,south,LUM,2026,LUM-RA,롱레인지,AWD,포레스트 그린,1,1,-501
2025-08,south,LUM,2026,LUM-RA,롱레인지,AWD,샌드 베이지,1,1,-501
2025-08,south,LUM,2026,LUM-RA,롱레인지,FWD,스노우 화이트,10,11,-5017
2025-08,south,LUM,2026,LUM-RA,롱레인지,FWD,미드나잇 블랙,8,8,-3972
2025-08,south,LUM,2026,LUM-RA,롱레인지,FWD,스틸 그레이,7,7,-3345
2025-08,south,LUM,2026,LUM-RA,롱레인지,FWD,실버,6,6,-2717
2025-08,south,LUM,2026,LUM-RA,롱레인지,FWD,오션 블루,4,4,-2090
2025-08,south,LUM,2026,LUM-RA,롱레인지,FWD,선셋 레드,3,4,-1672
2025-08,south,LUM,2026,LUM-RA,롱레인지,FWD,포레스트 그린,2,2,-1045
2025-08,south,LUM,2026,LUM-RA,롱레인지,FWD,샌드 베이지,2,2,-1045
2025-08,south,LUM,2026,LUM-SP,스탠다드 레인지,AWD,스노우 화이트,1,1,-72
2025-08,south,LUM,2026,LUM-SP,스탠다드 레인지,AWD,미드나잇 블랙,1,1,-57
2025-08,south,LUM,2026,LUM-SP,스탠다드 레인지,AWD,스틸 그레이,1,1,-48
2025-08,south,LUM,2026,LUM-SP,스탠다드 레인지,AWD,실버,1,1,-39
2025-08,south,LUM,2026,LUM-SP,스탠다드 레인지,FWD,스노우 화이트,2,2,-151
2025-08,south,LUM,2026,LUM-SP,스탠다드 레인지,FWD,미드나잇 블랙,2,2,-120
2025-08,south,LUM,2026,LUM-SP,스탠다드 레인지,FWD,스틸 그레이,1,2,-101
2025-08,south,LUM,2026,LUM-SP,스탠다드 레인지,FWD,실버,1,1,-82
2025-08,south,LUM,2026,LUM-SP,스탠다드 레인지,FWD,오션 블루,1,1,-63
2025-08,south,LUM,2026,LUM-SP,스탠다드 레인지,FWD,선셋 레드,1,1,-50
2025-08,south,LUM,2026,LUM-SP,롱레인지,AWD,스노우 화이트,2,2,-138
2025-08,south,LUM,2026,LUM-SP,롱레인지,AWD,미드나잇 블랙,2,2,-109
2025-08,south,LUM,2026,LUM-SP,롱레인지,AWD,스틸 그레이,1,1,-92
2025-08,south,LUM,2026,LUM-SP,롱레인지,AWD,실버,1,1,-75
2025-08,south,LUM,2026,LUM-SP,롱레인지,AWD,오션 블루,1,1,-58
2025-08,south,LUM,2026,LUM-SP,롱레인지,AWD,선셋 레드,1,1,-46
2025-08,south,LUM,2026,LUM-SP,롱레인지,FWD,스노우 화이트,4,4,-288
2025-08,south,LUM,2026,LUM-SP,롱레인지,FWD,미드나잇 블랙,3,3,-228
2025-08,south,LUM,2026,LUM-SP,롱레인지,FWD,스틸 그레이,3,3,-192
2025-08,south,LUM,2026,LUM-SP,롱레인지,FWD,실버,2,2,-156
2025-08,south,LUM,2026,LUM-SP,롱레인지,FWD,오션 블루,2,2,-120
2025-08,south,LUM,2026,LUM-SP,롱레인지,FWD,선셋 레드,1,1,-96
2025-08,south,LUM,2026,LUM-SP,롱레인지,FWD,포레스트 그린,1,1,-60
2025-08,south,LUM,2026,LUM-SP,롱레인지,FWD,샌드 베이지,1,1,-60
2025-08,northeast,LUM,2025,LUM-AI,스탠다드 레인지,AWD,스노우 화이트,32,33,-23108
2025-08,northeast,LUM,2025,LUM-AI,스탠다드 레인지,AWD,미드나잇 블랙,25,26,-18294
2025-08,northeast,LUM,2025,LUM-AI,스탠다드 레인지,AWD,스틸 그레이,21,22,-15406
2025-08,northeast,LUM,2025,LUM-AI,스탠다드 레인지,AWD,실버,17,18,-12517
2025-08,northeast,LUM,2025,LUM-AI,스탠다드 레인지,AWD,오션 블루,13,14,-9628
2025-08,northeast,LUM,2025,LUM-AI,스탠다드 레인지,AWD,선셋 레드,11,11,-7703
2025-08,northeast,LUM,2025,LUM-AI,스탠다드 레인지,AWD,포레스트 그린,7,7,-4814
2025-08,northeast,LUM,2025,LUM-AI,스탠다드 레인지,AWD,샌드 베이지,7,7,-4814
2025-08,northeast,LUM,2025,LUM-AI,스탠다드 레인지,FWD,스노우 화이트,23,23,-16393
2025-08,northeast,LUM,2025,LUM-AI,스탠다드 레인지,FWD,미드나잇 블랙,18,18,-12978
2025-08,northeast,LUM,2025,LUM-AI,스탠다드 레인지,FWD,스틸 그레이,15,15,-10929
2025-08,northeast,LUM,2025,LUM-AI,스탠다드 레인지,FWD,실버,12,13,-8880
2025-08,northeast,LUM,2025,LUM-AI,스탠다드 레인지,FWD,오션 블루,9,10,-6830
2025-08,northeast,LUM,2025,LUM-AI,스탠다드 레인지,FWD,선셋 레드,8,8,-5464
2025-08,northeast,LUM,2025,LUM-AI,스탠다드 레인지,FWD,포레스트 그린,5,5,-3415
2025-08,northeast,LUM,2025,LUM-AI,스탠다드 레인지,FWD,샌드 베이지,5,5,-3415
2025-08,northeast,LUM,2025,LUM-AI,롱레인지,AWD,스노우 화이트,61,62,-44067
2025-08,northeast,LUM,2025,LUM-AI,롱레인지,AWD,미드나잇 블랙,48,49,-34886
2025-08,northeast,LUM,2025,LUM-AI,롱레인지,AWD,스틸 그레이,41,41,-29378
2025-08,northeast,LUM,2025,LUM-AI,롱레인지,AWD,실버,33,34,-23870
2025-08,northeast,LUM,2025,LUM-AI,롱레인지,AWD,오션 블루,25,26,-18361
2025-08,northeast,LUM,2025,LUM-AI,롱레인지,AWD,선셋 레드,20,21,-14689
2025-08,northeast,LUM,2025,LUM-AI,롱레인지,AWD,포레스트 그린,13,13,-9181
2025-08,northeast,LUM,2025,LUM-AI,롱레인지,AWD,샌드 베이지,13,13,-9181
2025-08,northeast,LUM,2025,LUM-AI,롱레인지,FWD,스노우 화이트,43,44,-31261
2025-08,northeast,LUM,2025,LUM-AI,롱레인지,FWD,미드나잇 블랙,34,35,-24748
2025-08,northeast,LUM,2025,LUM-AI,롱레인지,FWD,스틸 그레이,29,29,-20841
2025-08,northeast,LUM,2025,LUM-AI,롱레인지,FWD,실버,23,24,-16933
2025-08,northeast,LUM,2025,LUM-AI,롱레인지,FWD,오션 블루,18,18,-13026
2025-08,northeast,LUM,2025,LUM-AI,롱레인지,FWD,선셋 레드,14,15,-10420
2025-08,northeast,LUM,2025,LUM-AI,롱레인지,FWD,포레스트 그린,9,9,-6513
2025-08,northeast,LUM,2025,LUM-AI,롱레인지,FWD,샌드 베이지,9,9,-6513
2025-08,northeast,LUM,2025,LUM-RA,스탠다드 레인지,AWD,스노우 화이트,37,38,-17944
2025-08,northeast,LUM,2025,LUM-RA,스탠다드 레인지,AWD,미드나잇 블랙,29,30,-14206
2025-08,northeast,LUM,2025,LUM-RA,스탠다드 레인지,AWD,스틸 그레이,25,25,-11963
2025-08,northeast,LUM,2025,LUM-RA,스탠다드 레인지,AWD,실버,20,20,-9720
2025-08,northeast,LUM,2025,LUM-RA,스탠다드 레인지,AWD,오션 블루,15,16,-7477
2025-08,northeast,LUM,2025,LUM-RA,스탠다드 레인지,AWD,선셋 레드,12,13,-5981
2025-08,northeast,LUM,2025,LUM-RA,스탠다드 레인지,AWD,포레스트 그린,8,8,-3738
2025-08,northeast,LUM,2025,LUM-RA,스탠다드 레인지,AWD,샌드 베이지,8,8,-3738
2025-08,northeast,LUM,2025,LUM-RA,스탠다드 레인지,FWD,스노우 화이트,26,27,-12730
2025-08,northeast,LUM,2025,LUM-RA,스탠다드 레인지,FWD,미드나잇 블랙,21,21,-10078
2025-08,northeast,LUM,2025,LUM-RA,스탠다드 레인지,FWD,스틸 그레이,18,18,-8486
2025-08,northeast,LUM,2025,LUM-RA,스탠다드 레인지,FWD,실버,14,15,-6895
2025-08,northeast,LUM,2025,LUM-RA,스탠다드 레인지,FWD,오션 블루,11,11,-5304
2025-08,northeast,LUM,2025,LUM-RA,스탠다드 레인지,FWD,선셋 레드,9,9,-4243
2025-08,northeast,LUM,2025,LUM-RA,스탠다드 레인지,FWD,포레스트 그린,5,6,-2652
2025-08,northeast,LUM,2025,LUM-RA,스탠다드 레인지,FWD,샌드 베이지,5,6,-2652
2025-08,northeast,LUM,2025,LUM-RA,롱레인지,AWD,스노우 화이트,71,72,-34219
2025-08,northeast,LUM,2025,LUM-RA,롱레인지,AWD,미드나잇 블랙,56,57,-27090
2025-08,northeast,LUM,2025,LUM-RA,롱레인지,AWD,스틸 그레이,47,48,-22813
2025-08,northeast,LUM,2025,LUM-RA,롱레인지,AWD,실버,38,39,-18535
2025-08,northeast,LUM,2025,LUM-RA,롱레인지,AWD,오션 블루,29,30,-14258
2025-08,northeast,LUM,2025,LUM-RA,롱레인지,AWD,선셋 레드,24,24,-11406
2025-08,northeast,LUM,2025,LUM-RA,롱레인지,AWD,포레스트 그린,15,15,-7129
2025-08,northeast,LUM,2025,LUM-RA,롱레인지,AWD,샌드 베이지,15,15,-7129
2025-08,northeast,LUM,2025,LUM-RA,롱레인지,FWD,스노우 화이트,50,51,-24275
2025-08,northeast,LUM,2025,LUM-RA,롱레인지,FWD,미드나잇 블랙,40,40,-19218
2025-08,northeast,LUM,2025,LUM-RA,롱레인지,FWD,스틸 그레이,33,34,-16183
2025-08,northeast,LUM,2025,LUM-RA,롱레인지,FWD,실버,27,28,-13149
2025-08,northeast,LUM,2025,LUM-RA,롱레인지,FWD,오션 블루,21,21,-10115
2025-08,northeast,LUM,2025,LUM-RA,롱레인지,FWD,선셋 레드,17,17,-8092
2025-08,northeast,LUM,2025,LUM-RA,롱레인지,FWD,포레스트 그린,10,11,-5057
2025-08,northeast,LUM,2025,LUM-RA,롱레인지,FWD,샌드 베이지,10,11,-5057
2025-08,northeast,LUM,2025,LUM-SP,스탠다드 레인지,AWD,스노우 화이트,15,15,-1031
2025-08,northeast,LUM,2025,LUM-SP,스탠다드 레인지,AWD,미드나잇 블랙,12,12,-817
2025-08,northeast,LUM,2025,LUM-SP,스탠다드 레인지,AWD,스틸 그레이,10,10,-688
2025-08,northeast,LUM,2025,LUM-SP,스탠다드 레인지,AWD,실버,8,8,-559
2025-08,northeast,LUM,2025,LUM-SP,스탠다드 레인지,AWD,오션 블루,6,6,-430
2025-08,northeast,LUM,2025,LUM-SP,스탠다드 레인지,AWD,선셋 레드,5,5,-344
2025-08,northeast,LUM,2025,LUM-SP,스탠다드 레인지,AWD,포레스트 그린,3,3,-215
2025-08,northeast,LUM,2025,LUM-SP,스탠다드 레인지,AWD,샌드 베이지,3,3,-215
2025-08,northeast,LUM,2025,LUM-SP,스탠다드 레인지,FWD,스노우 화이트,11,11,-732
2025-08,northeast,LUM,2025,LUM-SP,스탠다드 레인지,FWD,미드나잇 블랙,9,9,-579
2025-08,northeast,LUM,2025,LUM-SP,스탠다드 레인지,FWD,스틸 그레이,7,7,-488
2025-08,northeast,LUM,2025,LUM-SP,스탠다드 레인지,FWD,실버,6,6,-396
2025-08,northeast,LUM,2025,LUM-SP,스탠다드 레인지,FWD,오션 블루,4,5,-305
2025-08,northeast,LUM,2025,LUM-SP,스탠다드 레인지,FWD,선셋 레드,4,4,-244
2025-08,northeast,LUM,2025,LUM-SP,스탠다드 레인지,FWD,포레스트 그린,2,2,-152
2025-08,northeast,LUM,2025,LUM-SP,스탠다드 레인지,FWD,샌드 베이지,2,2,-152
2025-08,northeast,LUM,2025,LUM-SP,롱레인지,AWD,스노우 화이트,29,29,-1967
2025-08,northeast,LUM,2025,LUM-SP,롱레인지,AWD,미드나잇 블랙,23,23,-1557
2025-08,northeast,LUM,2025,LUM-SP,롱레인지,AWD,스틸 그레이,19,20,-1311
2025-08,northeast,LUM,2025,LUM-SP,롱레인지,AWD,실버,16,16,-1065
2025-08,northeast,LUM,2025,LUM-SP,롱레인지,AWD,오션 블루,12,12,-820
2025-08,northeast,LUM,2025,LUM-SP,롱레인지,AWD,선셋 레드,10,10,-656
2025-08,northeast,LUM,2025,LUM-SP,롱레인지,AWD,포레스트 그린,6,6,-410
2025-08,northeast,LUM,2025,LUM-SP,롱레인지,AWD,샌드 베이지,6,6,-410
2025-08,northeast,LUM,2025,LUM-SP,롱레인지,FWD,스노우 화이트,21,21,-1395
2025-08,northeast,LUM,2025,LUM-SP,롱레인지,FWD,미드나잇 블랙,16,17,-1105
2025-08,northeast,LUM,2025,LUM-SP,롱레인지,FWD,스틸 그레이,14,14,-930
2025-08,northeast,LUM,2025,LUM-SP,롱레인지,FWD,실버,11,11,-756
2025-08,northeast,LUM,2025,LUM-SP,롱레인지,FWD,오션 블루,9,9,-581
2025-08,northeast,LUM,2025,LUM-SP,롱레인지,FWD,선셋 레드,7,7,-465
2025-08,northeast,LUM,2025,LUM-SP,롱레인지,FWD,포레스트 그린,4,4,-291
2025-08,northeast,LUM,2025,LUM-SP,롱레인지,FWD,샌드 베이지,4,4,-291
2025-08,northeast,LUM,2026,LUM-AI,스탠다드 레인지,AWD,스노우 화이트,6,6,-4078
2025-08,northeast,LUM,2026,LUM-AI,스탠다드 레인지,AWD,미드나잇 블랙,4,5,-3228
2025-08,northeast,LUM,2026,LUM-AI,스탠다드 레인지,AWD,스틸 그레이,4,4,-2719
2025-08,northeast,LUM,2026,LUM-AI,스탠다드 레인지,AWD,실버,3,3,-2209
2025-08,northeast,LUM,2026,LUM-AI,스탠다드 레인지,AWD,오션 블루,2,2,-1699
2025-08,northeast,LUM,2026,LUM-AI,스탠다드 레인지,AWD,선셋 레드,2,2,-1359
2025-08,northeast,LUM,2026,LUM-AI,스탠다드 레인지,AWD,포레스트 그린,1,1,-850
2025-08,northeast,LUM,2026,LUM-AI,스탠다드 레인지,AWD,샌드 베이지,1,1,-850
2025-08,northeast,LUM,2026,LUM-AI,스탠다드 레인지,FWD,스노우 화이트,4,4,-2893
2025-08,northeast,LUM,2026,LUM-AI,스탠다드 레인지,FWD,미드나잇 블랙,3,3,-2290
2025-08,northeast,LUM,2026,LUM-AI,스탠다드 레인지,FWD,스틸 그레이,3,3,-1929
2025-08,northeast,LUM,2026,LUM-AI,스탠다드 레인지,FWD,실버,2,2,-1567
2025-08,northeast,LUM,2026,LUM-AI,스탠다드 레인지,FWD,오션 블루,2,2,-1205
2025-08,northeast,LUM,2026,LUM-AI,스탠다드 레인지,FWD,선셋 레드,1,1,-964
2025-08,northeast,LUM,2026,LUM-AI,스탠다드 레인지,FWD,포레스트 그린,1,1,-603
2025-08,northeast,LUM,2026,LUM-AI,스탠다드 레인지,FWD,샌드 베이지,1,1,-603
2025-08,northeast,LUM,2026,LUM-AI,롱레인지,AWD,스노우 화이트,11,11,-7777
2025-08,northeast,LUM,2026,LUM-AI,롱레인지,AWD,미드나잇 블랙,9,9,-6156
2025-08,northeast,LUM,2026,LUM-AI,롱레인지,AWD,스틸 그레이,7,7,-5184
2025-08,northeast,LUM,2026,LUM-AI,롱레인지,AWD,실버,6,6,-4212
2025-08,northeast,LUM,2026,LUM-AI,롱레인지,AWD,오션 블루,4,5,-3240
2025-08,northeast,LUM,2026,LUM-AI,롱레인지,AWD,선셋 레드,4,4,-2592
2025-08,northeast,LUM,2026,LUM-AI,롱레인지,AWD,포레스트 그린,2,2,-1620
2025-08,northeast,LUM,2026,LUM-AI,롱레인지,AWD,샌드 베이지,2,2,-1620
2025-08,northeast,LUM,2026,LUM-AI,롱레인지,FWD,스노우 화이트,8,8,-5517
2025-08,northeast,LUM,2026,LUM-AI,롱레인지,FWD,미드나잇 블랙,6,6,-4367
2025-08,northeast,LUM,2026,LUM-AI,롱레인지,FWD,스틸 그레이,5,5,-3678
2025-08,northeast,LUM,2026,LUM-AI,롱레인지,FWD,실버,4,4,-2988
2025-08,northeast,LUM,2026,LUM-AI,롱레인지,FWD,오션 블루,3,3,-2299
2025-08,northeast,LUM,2026,LUM-AI,롱레인지,FWD,선셋 레드,3,3,-1839
2025-08,northeast,LUM,2026,LUM-AI,롱레인지,FWD,포레스트 그린,2,2,-1149
2025-08,northeast,LUM,2026,LUM-AI,롱레인지,FWD,샌드 베이지,2,2,-1149
2025-08,northeast,LUM,2026,LUM-RA,스탠다드 레인지,AWD,스노우 화이트,7,7,-3167
2025-08,northeast,LUM,2026,LUM-RA,스탠다드 레인지,AWD,미드나잇 블랙,5,5,-2507
2025-08,northeast,LUM,2026,LUM-RA,스탠다드 레인지,AWD,스틸 그레이,4,4,-2111
2025-08,northeast,LUM,2026,LUM-RA,스탠다드 레인지,AWD,실버,4,4,-1715
2025-08,northeast,LUM,2026,LUM-RA,스탠다드 레인지,AWD,오션 블루,3,3,-1319
2025-08,northeast,LUM,2026,LUM-RA,스탠다드 레인지,AWD,선셋 레드,2,2,-1056
2025-08,northeast,LUM,2026,LUM-RA,스탠다드 레인지,AWD,포레스트 그린,1,1,-660
2025-08,northeast,LUM,2026,LUM-RA,스탠다드 레인지,AWD,샌드 베이지,1,1,-660
2025-08,northeast,LUM,2026,LUM-RA,스탠다드 레인지,FWD,스노우 화이트,5,5,-2246
2025-08,northeast,LUM,2026,LUM-RA,스탠다드 레인지,FWD,미드나잇 블랙,4,4,-1778
2025-08,northeast,LUM,2026,LUM-RA,스탠다드 레인지,FWD,스틸 그레이,3,3,-1498
2025-08,northeast,LUM,2026,LUM-RA,스탠다드 레인지,FWD,실버,3,3,-1217
2025-08,northeast,LUM,2026,LUM-RA,스탠다드 레인지,FWD,오션 블루,2,2,-936
2025-08,northeast,LUM,2026,LUM-RA,스탠다드 레인지,FWD,선셋 레드,2,2,-749
2025-08,northeast,LUM,2026,LUM-RA,스탠다드 레인지,FWD,포레스트 그린,1,1,-468
2025-08,northeast,LUM,2026,LUM-RA,스탠다드 레인지,FWD,샌드 베이지,1,1,-468
2025-08,northeast,LUM,2026,LUM-RA,롱레인지,AWD,스노우 화이트,12,13,-6039
2025-08,northeast,LUM,2026,LUM-RA,롱레인지,AWD,미드나잇 블랙,10,10,-4781
2025-08,northeast,LUM,2026,LUM-RA,롱레인지,AWD,스틸 그레이,8,8,-4026
2025-08,northeast,LUM,2026,LUM-RA,롱레인지,AWD,실버,7,7,-3271
2025-08,northeast,LUM,2026,LUM-RA,롱레인지,AWD,오션 블루,5,5,-2516
2025-08,northeast,LUM,2026,LUM-RA,롱레인지,AWD,선셋 레드,4,4,-2013
2025-08,northeast,LUM,2026,LUM-RA,롱레인지,AWD,포레스트 그린,3,3,-1258
2025-08,northeast,LUM,2026,LUM-RA,롱레인지,AWD,샌드 베이지,3,3,-1258
2025-08,northeast,LUM,2026,LUM-RA,롱레인지,FWD,스노우 화이트,9,9,-4284
2025-08,northeast,LUM,2026,LUM-RA,롱레인지,FWD,미드나잇 블랙,7,7,-3391
2025-08,northeast,LUM,2026,LUM-RA,롱레인지,FWD,스틸 그레이,6,6,-2856
2025-08,northeast,LUM,2026,LUM-RA,롱레인지,FWD,실버,5,5,-2320
2025-08,northeast,LUM,2026,LUM-RA,롱레인지,FWD,오션 블루,4,4,-1785
2025-08,northeast,LUM,2026,LUM-RA,롱레인지,FWD,선셋 레드,3,3,-1428
2025-08,northeast,LUM,2026,LUM-RA,롱레인지,FWD,포레스트 그린,2,2,-892
2025-08,northeast,LUM,2026,LUM-RA,롱레인지,FWD,샌드 베이지,2,2,-892
2025-08,northeast,LUM,2026,LUM-SP,스탠다드 레인지,AWD,스노우 화이트,3,3,-182
2025-08,northeast,LUM,2026,LUM-SP,스탠다드 레인지,AWD,미드나잇 블랙,2,2,-144
2025-08,northeast,LUM,2026,LUM-SP,스탠다드 레인지,AWD,스틸 그레이,2,2,-121
2025-08,northeast,LUM,2026,LUM-SP,스탠다드 레인지,AWD,실버,1,1,-99
2025-08,northeast,LUM,2026,LUM-SP,스탠다드 레인지,AWD,오션 블루,1,1,-76
2025-08,northeast,LUM,2026,LUM-SP,스탠다드 레인지,AWD,선셋 레드,1,1,-61
2025-08,northeast,LUM,2026,LUM-SP,스탠다드 레인지,AWD,포레스트 그린,1,1,-38
2025-08,northeast,LUM,2026,LUM-SP,스탠다드 레인지,AWD,샌드 베이지,1,1,-38
2025-08,northeast,LUM,2026,LUM-SP,스탠다드 레인지,FWD,스노우 화이트,2,2,-129
2025-08,northeast,LUM,2026,LUM-SP,스탠다드 레인지,FWD,미드나잇 블랙,2,2,-102
2025-08,northeast,LUM,2026,LUM-SP,스탠다드 레인지,FWD,스틸 그레이,1,1,-86
2025-08,northeast,LUM,2026,LUM-SP,스탠다드 레인지,FWD,실버,1,1,-70
2025-08,northeast,LUM,2026,LUM-SP,스탠다드 레인지,FWD,오션 블루,1,1,-54
2025-08,northeast,LUM,2026,LUM-SP,스탠다드 레인지,FWD,선셋 레드,1,1,-43
2025-08,northeast,LUM,2026,LUM-SP,롱레인지,AWD,스노우 화이트,5,5,-347
2025-08,northeast,LUM,2026,LUM-SP,롱레인지,AWD,미드나잇 블랙,4,4,-275
2025-08,northeast,LUM,2026,LUM-SP,롱레인지,AWD,스틸 그레이,3,3,-231
2025-08,northeast,LUM,2026,LUM-SP,롱레인지,AWD,실버,3,3,-188
2025-08,northeast,LUM,2026,LUM-SP,롱레인지,AWD,오션 블루,2,2,-145
2025-08,northeast,LUM,2026,LUM-SP,롱레인지,AWD,선셋 레드,2,2,-116
2025-08,northeast,LUM,2026,LUM-SP,롱레인지,AWD,포레스트 그린,1,1,-72
2025-08,northeast,LUM,2026,LUM-SP,롱레인지,AWD,샌드 베이지,1,1,-72
2025-08,northeast,LUM,2026,LUM-SP,롱레인지,FWD,스노우 화이트,4,4,-246
2025-08,northeast,LUM,2026,LUM-SP,롱레인지,FWD,미드나잇 블랙,3,3,-195
2025-08,northeast,LUM,2026,LUM-SP,롱레인지,FWD,스틸 그레이,2,2,-164
2025-08,northeast,LUM,2026,LUM-SP,롱레인지,FWD,실버,2,2,-133
2025-08,northeast,LUM,2026,LUM-SP,롱레인지,FWD,오션 블루,2,2,-103
2025-08,northeast,LUM,2026,LUM-SP,롱레인지,FWD,선셋 레드,1,1,-82
2025-08,northeast,LUM,2026,LUM-SP,롱레인지,FWD,포레스트 그린,1,1,-51
2025-08,northeast,LUM,2026,LUM-SP,롱레인지,FWD,샌드 베이지,1,1,-51
2025-08,southeast,LUM,2025,LUM-AI,스탠다드 레인지,AWD,스노우 화이트,16,17,-11850
2025-08,southeast,LUM,2025,LUM-AI,스탠다드 레인지,AWD,미드나잇 블랙,13,13,-9382
2025-08,southeast,LUM,2025,LUM-AI,스탠다드 레인지,AWD,스틸 그레이,11,11,-7900
2025-08,southeast,LUM,2025,LUM-AI,스탠다드 레인지,AWD,실버,9,9,-6419
2025-08,southeast,LUM,2025,LUM-AI,스탠다드 레인지,AWD,오션 블루,7,7,-4938
2025-08,southeast,LUM,2025,LUM-AI,스탠다드 레인지,AWD,선셋 레드,5,6,-3950
2025-08,southeast,LUM,2025,LUM-AI,스탠다드 레인지,AWD,포레스트 그린,3,3,-2469
2025-08,southeast,LUM,2025,LUM-AI,스탠다드 레인지,AWD,샌드 베이지,3,3,-2469
2025-08,southeast,LUM,2025,LUM-AI,스탠다드 레인지,FWD,스노우 화이트,26,27,-19131
2025-08,southeast,LUM,2025,LUM-AI,스탠다드 레인지,FWD,미드나잇 블랙,21,21,-15145
2025-08,southeast,LUM,2025,LUM-AI,스탠다드 레인지,FWD,스틸 그레이,18,18,-12754
2025-08,southeast,LUM,2025,LUM-AI,스탠다드 레인지,FWD,실버,14,15,-10363
2025-08,southeast,LUM,2025,LUM-AI,스탠다드 레인지,FWD,오션 블루,11,11,-7971
2025-08,southeast,LUM,2025,LUM-AI,스탠다드 레인지,FWD,선셋 레드,9,9,-6377
2025-08,southeast,LUM,2025,LUM-AI,스탠다드 레인지,FWD,포레스트 그린,6,6,-3986
2025-08,southeast,LUM,2025,LUM-AI,스탠다드 레인지,FWD,샌드 베이지,6,6,-3986
2025-08,southeast,LUM,2025,LUM-AI,롱레인지,AWD,스노우 화이트,31,32,-22598
2025-08,southeast,LUM,2025,LUM-AI,롱레인지,AWD,미드나잇 블랙,25,25,-17890
2025-08,southeast,LUM,2025,LUM-AI,롱레인지,AWD,스틸 그레이,21,21,-15066
2025-08,southeast,LUM,2025,LUM-AI,롱레인지,AWD,실버,17,17,-12241
2025-08,southeast,LUM,2025,LUM-AI,롱레인지,AWD,오션 블루,13,13,-9416
2025-08,southeast,LUM,2025,LUM-AI,롱레인지,AWD,선셋 레드,10,11,-7533
2025-08,southeast,LUM,2025,LUM-AI,롱레인지,AWD,포레스트 그린,7,7,-4708
2025-08,southeast,LUM,2025,LUM-AI,롱레인지,AWD,샌드 베이지,7,7,-4708
2025-08,southeast,LUM,2025,LUM-AI,롱레인지,FWD,스노우 화이트,51,52,-36482
2025-08,southeast,LUM,2025,LUM-AI,롱레인지,FWD,미드나잇 블랙,40,41,-28882
2025-08,southeast,LUM,2025,LUM-AI,롱레인지,FWD,스틸 그레이,34,34,-24322
2025-08,southeast,LUM,2025,LUM-AI,롱레인지,FWD,실버,27,28,-19761
2025-08,southeast,LUM,2025,LUM-AI,롱레인지,FWD,오션 블루,21,21,-15201
2025-08,southeast,LUM,2025,LUM-AI,롱레인지,FWD,선셋 레드,17,17,-12161
2025-08,southeast,LUM,2025,LUM-AI,롱레인지,FWD,포레스트 그린,11,11,-7601
2025-08,southeast,LUM,2025,LUM-AI,롱레인지,FWD,샌드 베이지,11,11,-7601
2025-08,southeast,LUM,2025,LUM-RA,스탠다드 레인지,AWD,스노우 화이트,19,19,-9202
2025-08,southeast,LUM,2025,LUM-RA,스탠다드 레인지,AWD,미드나잇 블랙,15,15,-7285
2025-08,southeast,LUM,2025,LUM-RA,스탠다드 레인지,AWD,스틸 그레이,13,13,-6135
2025-08,southeast,LUM,2025,LUM-RA,스탠다드 레인지,AWD,실버,10,10,-4984
2025-08,southeast,LUM,2025,LUM-RA,스탠다드 레인지,AWD,오션 블루,8,8,-3834
2025-08,southeast,LUM,2025,LUM-RA,스탠다드 레인지,AWD,선셋 레드,6,6,-3067
2025-08,southeast,LUM,2025,LUM-RA,스탠다드 레인지,AWD,포레스트 그린,4,4,-1917
2025-08,southeast,LUM,2025,LUM-RA,스탠다드 레인지,AWD,샌드 베이지,4,4,-1917
2025-08,southeast,LUM,2025,LUM-RA,스탠다드 레인지,FWD,스노우 화이트,31,31,-14856
2025-08,southeast,LUM,2025,LUM-RA,스탠다드 레인지,FWD,미드나잇 블랙,24,25,-11761
2025-08,southeast,LUM,2025,LUM-RA,스탠다드 레인지,FWD,스틸 그레이,20,21,-9904
2025-08,southeast,LUM,2025,LUM-RA,스탠다드 레인지,FWD,실버,17,17,-8047
2025-08,southeast,LUM,2025,LUM-RA,스탠다드 레인지,FWD,오션 블루,13,13,-6190
2025-08,southeast,LUM,2025,LUM-RA,스탠다드 레인지,FWD,선셋 레드,10,10,-4952
2025-08,southeast,LUM,2025,LUM-RA,스탠다드 레인지,FWD,포레스트 그린,6,7,-3095
2025-08,southeast,LUM,2025,LUM-RA,스탠다드 레인지,FWD,샌드 베이지,6,7,-3095
2025-08,southeast,LUM,2025,LUM-RA,롱레인지,AWD,스노우 화이트,36,37,-17548
2025-08,southeast,LUM,2025,LUM-RA,롱레인지,AWD,미드나잇 블랙,29,29,-13892
2025-08,southeast,LUM,2025,LUM-RA,롱레인지,AWD,스틸 그레이,24,25,-11699
2025-08,southeast,LUM,2025,LUM-RA,롱레인지,AWD,실버,20,20,-9505
2025-08,southeast,LUM,2025,LUM-RA,롱레인지,AWD,오션 블루,15,15,-7312
2025-08,southeast,LUM,2025,LUM-RA,롱레인지,AWD,선셋 레드,12,12,-5849
2025-08,southeast,LUM,2025,LUM-RA,롱레인지,AWD,포레스트 그린,8,8,-3656
2025-08,southeast,LUM,2025,LUM-RA,롱레인지,AWD,샌드 베이지,8,8,-3656
2025-08,southeast,LUM,2025,LUM-RA,롱레인지,FWD,스노우 화이트,58,60,-28329
2025-08,southeast,LUM,2025,LUM-RA,롱레인지,FWD,미드나잇 블랙,46,47,-22427
2025-08,southeast,LUM,2025,LUM-RA,롱레인지,FWD,스틸 그레이,39,40,-18886
2025-08,southeast,LUM,2025,LUM-RA,롱레인지,FWD,실버,32,32,-15345
2025-08,southeast,LUM,2025,LUM-RA,롱레인지,FWD,오션 블루,24,25,-11804
2025-08,southeast,LUM,2025,LUM-RA,롱레인지,FWD,선셋 레드,19,20,-9443
2025-08,southeast,LUM,2025,LUM-RA,롱레인지,FWD,포레스트 그린,12,12,-5902
2025-08,southeast,LUM,2025,LUM-RA,롱레인지,FWD,샌드 베이지,12,12,-5902
2025-08,southeast,LUM,2025,LUM-SP,스탠다드 레인지,AWD,스노우 화이트,8,8,-529
2025-08,southeast,LUM,2025,LUM-SP,스탠다드 레인지,AWD,미드나잇 블랙,6,6,-419
2025-08,southeast,LUM,2025,LUM-SP,스탠다드 레인지,AWD,스틸 그레이,5,5,-353
2025-08,southeast,LUM,2025,LUM-SP,스탠다드 레인지,AWD,실버,4,4,-287
2025-08,southeast,LUM,2025,LUM-SP,스탠다드 레인지,AWD,오션 블루,3,3,-220
2025-08,southeast,LUM,2025,LUM-SP,스탠다드 레인지,AWD,선셋 레드,3,3,-176
2025-08,southeast,LUM,2025,LUM-SP,스탠다드 레인지,AWD,포레스트 그린,2,2,-110
2025-08,southeast,LUM,2025,LUM-SP,스탠다드 레인지,AWD,샌드 베이지,2,2,-110
2025-08,southeast,LUM,2025,LUM-SP,스탠다드 레인지,FWD,스노우 화이트,13,13,-854
2025-08,southeast,LUM,2025,LUM-SP,스탠다드 레인지,FWD,미드나잇 블랙,10,10,-676
2025-08,southeast,LUM,2025,LUM-SP,스탠다드 레인지,FWD,스틸 그레이,8,9,-569
2025-08,southeast,LUM,2025,LUM-SP,스탠다드 레인지,FWD,실버,7,7,-463
2025-08,southeast,LUM,2025,LUM-SP,스탠다드 레인지,FWD,오션 블루,5,5,-356
2025-08,southeast,LUM,2025,LUM-SP,스탠다드 레인지,FWD,선셋 레드,4,4,-285
2025-08,southeast,LUM,2025,LUM-SP,스탠다드 레인지,FWD,포레스트 그린,3,3,-178
2025-08,southeast,LUM,2025,LUM-SP,스탠다드 레인지,FWD,샌드 베이지,3,3,-178
2025-08,southeast,LUM,2025,LUM-SP,롱레인지,AWD,스노우 화이트,15,15,-1009
2025-08,southeast,LUM,2025,LUM-SP,롱레인지,AWD,미드나잇 블랙,12,12,-799
2025-08,southeast,LUM,2025,LUM-SP,롱레인지,AWD,스틸 그레이,10,10,-672
2025-08,southeast,LUM,2025,LUM-SP,롱레인지,AWD,실버,8,8,-546
2025-08,southeast,LUM,2025,LUM-SP,롱레인지,AWD,오션 블루,6,6,-420
2025-08,southeast,LUM,2025,LUM-SP,롱레인지,AWD,선셋 레드,5,5,-336
2025-08,southeast,LUM,2025,LUM-SP,롱레인지,AWD,포레스트 그린,3,3,-210
2025-08,southeast,LUM,2025,LUM-SP,롱레인지,AWD,샌드 베이지,3,3,-210
2025-08,southeast,LUM,2025,LUM-SP,롱레인지,FWD,스노우 화이트,24,24,-1628
2025-08,southeast,LUM,2025,LUM-SP,롱레인지,FWD,미드나잇 블랙,19,19,-1289
2025-08,southeast,LUM,2025,LUM-SP,롱레인지,FWD,스틸 그레이,16,16,-1086
2025-08,southeast,LUM,2025,LUM-SP,롱레인지,FWD,실버,13,13,-882
2025-08,southeast,LUM,2025,LUM-SP,롱레인지,FWD,오션 블루,10,10,-679
2025-08,southeast,LUM,2025,LUM-SP,롱레인지,FWD,선셋 레드,8,8,-543
2025-08,southeast,LUM,2025,LUM-SP,롱레인지,FWD,포레스트 그린,5,5,-339
2025-08,southeast,LUM,2025,LUM-SP,롱레인지,FWD,샌드 베이지,5,5,-339
2025-08,southeast,LUM,2026,LUM-AI,스탠다드 레인지,AWD,스노우 화이트,3,3,-2091
2025-08,southeast,LUM,2026,LUM-AI,스탠다드 레인지,AWD,미드나잇 블랙,2,2,-1656
2025-08,southeast,LUM,2026,LUM-AI,스탠다드 레인지,AWD,스틸 그레이,2,2,-1394
2025-08,southeast,LUM,2026,LUM-AI,스탠다드 레인지,AWD,실버,2,2,-1133
2025-08,southeast,LUM,2026,LUM-AI,스탠다드 레인지,AWD,오션 블루,1,1,-871
2025-08,southeast,LUM,2026,LUM-AI,스탠다드 레인지,AWD,선셋 레드,1,1,-697
2025-08,southeast,LUM,2026,LUM-AI,스탠다드 레인지,AWD,포레스트 그린,1,1,-436
2025-08,southeast,LUM,2026,LUM-AI,스탠다드 레인지,AWD,샌드 베이지,1,1,-436
2025-08,southeast,LUM,2026,LUM-AI,스탠다드 레인지,FWD,스노우 화이트,5,5,-3376
2025-08,southeast,LUM,2026,LUM-AI,스탠다드 레인지,FWD,미드나잇 블랙,4,4,-2673
2025-08,southeast,LUM,2026,LUM-AI,스탠다드 레인지,FWD,스틸 그레이,3,3,-2251
2025-08,southeast,LUM,2026,LUM-AI,스탠다드 레인지,FWD,실버,3,3,-1829
2025-08,southeast,LUM,2026,LUM-AI,스탠다드 레인지,FWD,오션 블루,2,2,-1407
2025-08,southeast,LUM,2026,LUM-AI,스탠다드 레인지,FWD,선셋 레드,2,2,-1125
2025-08,southeast,LUM,2026,LUM-AI,스탠다드 레인지,FWD,포레스트 그린,1,1,-703
2025-08,southeast,LUM,2026,LUM-AI,스탠다드 레인지,FWD,샌드 베이지,1,1,-703
2025-08,southeast,LUM,2026,LUM-AI,롱레인지,AWD,스노우 화이트,6,6,-3988
2025-08,southeast,LUM,2026,LUM-AI,롱레인지,AWD,미드나잇 블랙,4,4,-3157
2025-08,southeast,LUM,2026,LUM-AI,롱레인지,AWD,스틸 그레이,4,4,-2659
2025-08,southeast,LUM,2026,LUM-AI,롱레인지,AWD,실버,3,3,-2160
2025-08,southeast,LUM,2026,LUM-AI,롱레인지,AWD,오션 블루,2,2,-1662
2025-08,southeast,LUM,2026,LUM-AI,롱레인지,AWD,선셋 레드,2,2,-1329
2025-08,southeast,LUM,2026,LUM-AI,롱레인지,AWD,포레스트 그린,1,1,-831
2025-08,southeast,LUM,2026,LUM-AI,롱레인지,AWD,샌드 베이지,1,1,-831
2025-08,southeast,LUM,2026,LUM-AI,롱레인지,FWD,스노우 화이트,9,9,-6438
2025-08,southeast,LUM,2026,LUM-AI,롱레인지,FWD,미드나잇 블랙,7,7,-5097
2025-08,southeast,LUM,2026,LUM-AI,롱레인지,FWD,스틸 그레이,6,6,-4292
2025-08,southeast,LUM,2026,LUM-AI,롱레인지,FWD,실버,5,5,-3487
2025-08,southeast,LUM,2026,LUM-AI,롱레인지,FWD,오션 블루,4,4,-2683
2025-08,southeast,LUM,2026,LUM-AI,롱레인지,FWD,선셋 레드,3,3,-2146
2025-08,southeast,LUM,2026,LUM-AI,롱레인지,FWD,포레스트 그린,2,2,-1341
2025-08,southeast,LUM,2026,LUM-AI,롱레인지,FWD,샌드 베이지,2,2,-1341
2025-08,southeast,LUM,2026,LUM-RA,스탠다드 레인지,AWD,스노우 화이트,3,3,-1624
2025-08,southeast,LUM,2026,LUM-RA,스탠다드 레인지,AWD,미드나잇 블랙,3,3,-1286
2025-08,southeast,LUM,2026,LUM-RA,스탠다드 레인지,AWD,스틸 그레이,2,2,-1083
2025-08,southeast,LUM,2026,LUM-RA,스탠다드 레인지,AWD,실버,2,2,-880
2025-08,southeast,LUM,2026,LUM-RA,스탠다드 레인지,AWD,오션 블루,1,1,-677
2025-08,southeast,LUM,2026,LUM-RA,스탠다드 레인지,AWD,선셋 레드,1,1,-541
2025-08,southeast,LUM,2026,LUM-RA,스탠다드 레인지,AWD,포레스트 그린,1,1,-338
2025-08,southeast,LUM,2026,LUM-RA,스탠다드 레인지,AWD,샌드 베이지,1,1,-338
2025-08,southeast,LUM,2026,LUM-RA,스탠다드 레인지,FWD,스노우 화이트,5,6,-2622
2025-08,southeast,LUM,2026,LUM-RA,스탠다드 레인지,FWD,미드나잇 블랙,4,4,-2075
2025-08,southeast,LUM,2026,LUM-RA,스탠다드 레인지,FWD,스틸 그레이,4,4,-1748
2025-08,southeast,LUM,2026,LUM-RA,스탠다드 레인지,FWD,실버,3,3,-1420
2025-08,southeast,LUM,2026,LUM-RA,스탠다드 레인지,FWD,오션 블루,2,2,-1092
2025-08,southeast,LUM,2026,LUM-RA,스탠다드 레인지,FWD,선셋 레드,2,2,-874
2025-08,southeast,LUM,2026,LUM-RA,스탠다드 레인지,FWD,포레스트 그린,1,1,-546
2025-08,southeast,LUM,2026,LUM-RA,스탠다드 레인지,FWD,샌드 베이지,1,1,-546
2025-08,southeast,LUM,2026,LUM-RA,롱레인지,AWD,스노우 화이트,6,7,-3097
2025-08,southeast,LUM,2026,LUM-RA,롱레인지,AWD,미드나잇 블랙,5,5,-2452
2025-08,southeast,LUM,2026,LUM-RA,롱레인지,AWD,스틸 그레이,4,4,-2064
2025-08,southeast,LUM,2026,LUM-RA,롱레인지,AWD,실버,3,4,-1677
2025-08,southeast,LUM,2026,LUM-RA,롱레인지,AWD,오션 블루,3,3,-1290
2025-08,southeast,LUM,2026,LUM-RA,롱레인지,AWD,선셋 레드,2,2,-1032
2025-08,southeast,LUM,2026,LUM-RA,롱레인지,AWD,포레스트 그린,1,1,-645
2025-08,southeast,LUM,2026,LUM-RA,롱레인지,AWD,샌드 베이지,1,1,-645
2025-08,southeast,LUM,2026,LUM-RA,롱레인지,FWD,스노우 화이트,10,11,-4999
2025-08,southeast,LUM,2026,LUM-RA,롱레인지,FWD,미드나잇 블랙,8,8,-3958
2025-08,southeast,LUM,2026,LUM-RA,롱레인지,FWD,스틸 그레이,7,7,-3333
2025-08,southeast,LUM,2026,LUM-RA,롱레인지,FWD,실버,6,6,-2708
2025-08,southeast,LUM,2026,LUM-RA,롱레인지,FWD,오션 블루,4,4,-2083
2025-08,southeast,LUM,2026,LUM-RA,롱레인지,FWD,선셋 레드,3,4,-1666
2025-08,southeast,LUM,2026,LUM-RA,롱레인지,FWD,포레스트 그린,2,2,-1042
2025-08,southeast,LUM,2026,LUM-RA,롱레인지,FWD,샌드 베이지,2,2,-1042
2025-08,southeast,LUM,2026,LUM-SP,스탠다드 레인지,AWD,스노우 화이트,1,1,-93
2025-08,southeast,LUM,2026,LUM-SP,스탠다드 레인지,AWD,미드나잇 블랙,1,1,-74
2025-08,southeast,LUM,2026,LUM-SP,스탠다드 레인지,AWD,스틸 그레이,1,1,-62
2025-08,southeast,LUM,2026,LUM-SP,스탠다드 레인지,AWD,실버,1,1,-51
2025-08,southeast,LUM,2026,LUM-SP,스탠다드 레인지,AWD,오션 블루,1,1,-39
2025-08,southeast,LUM,2026,LUM-SP,스탠다드 레인지,FWD,스노우 화이트,2,2,-151
2025-08,southeast,LUM,2026,LUM-SP,스탠다드 레인지,FWD,미드나잇 블랙,2,2,-119
2025-08,southeast,LUM,2026,LUM-SP,스탠다드 레인지,FWD,스틸 그레이,1,2,-100
2025-08,southeast,LUM,2026,LUM-SP,스탠다드 레인지,FWD,실버,1,1,-82
2025-08,southeast,LUM,2026,LUM-SP,스탠다드 레인지,FWD,오션 블루,1,1,-63
2025-08,southeast,LUM,2026,LUM-SP,스탠다드 레인지,FWD,선셋 레드,1,1,-50
2025-08,southeast,LUM,2026,LUM-SP,롱레인지,AWD,스노우 화이트,3,3,-178
2025-08,southeast,LUM,2026,LUM-SP,롱레인지,AWD,미드나잇 블랙,2,2,-141
2025-08,southeast,LUM,2026,LUM-SP,롱레인지,AWD,스틸 그레이,2,2,-119
2025-08,southeast,LUM,2026,LUM-SP,롱레인지,AWD,실버,1,1,-96
2025-08,southeast,LUM,2026,LUM-SP,롱레인지,AWD,오션 블루,1,1,-74
2025-08,southeast,LUM,2026,LUM-SP,롱레인지,AWD,선셋 레드,1,1,-59
2025-08,southeast,LUM,2026,LUM-SP,롱레인지,AWD,포레스트 그린,1,1,-37
2025-08,southeast,LUM,2026,LUM-SP,롱레인지,AWD,샌드 베이지,1,1,-37
2025-08,southeast,LUM,2026,LUM-SP,롱레인지,FWD,스노우 화이트,4,4,-287
2025-08,southeast,LUM,2026,LUM-SP,롱레인지,FWD,미드나잇 블랙,3,3,-228
2025-08,southeast,LUM,2026,LUM-SP,롱레인지,FWD,스틸 그레이,3,3,-192
2025-08,southeast,LUM,2026,LUM-SP,롱레인지,FWD,실버,2,2,-156
2025-08,southeast,LUM,2026,LUM-SP,롱레인지,FWD,오션 블루,2,2,-120
2025-08,southeast,LUM,2026,LUM-SP,롱레인지,FWD,선셋 레드,1,1,-96
2025-08,southeast,LUM,2026,LUM-SP,롱레인지,FWD,포레스트 그린,1,1,-60
2025-08,southeast,LUM,2026,LUM-SP,롱레인지,FWD,샌드 베이지,1,1,-60
