ym,zone_id,model_id,model_year,trim_id,engine,drivetrain,color,bp_retail_qty,bp_wholesale_qty,bp_op_profit_usd
2025-06,west,TRN,2025,TRN-CO,3.5 가솔린,AWD,스노우 화이트,148,151,280247
2025-06,west,TRN,2025,TRN-CO,3.5 가솔린,AWD,미드나잇 블랙,117,119,221862
2025-06,west,TRN,2025,TRN-CO,3.5 가솔린,AWD,스틸 그레이,98,100,186831
2025-06,west,TRN,2025,TRN-CO,3.5 가솔린,AWD,실버,80,82,151800
2025-06,west,TRN,2025,TRN-CO,3.5 가솔린,AWD,오션 블루,62,63,116769
2025-06,west,TRN,2025,TRN-CO,3.5 가솔린,AWD,선셋 레드,49,50,93416
2025-06,west,TRN,2025,TRN-CO,3.5 가솔린,AWD,포레스트 그린,31,31,58385
2025-06,west,TRN,2025,TRN-CO,3.5 가솔린,AWD,샌드 베이지,31,31,58385
2025-06,west,TRN,2025,TRN-CO,3.5 가솔린,FWD,스노우 화이트,49,50,93416
2025-06,west,TRN,2025,TRN-CO,3.5 가솔린,FWD,미드나잇 블랙,39,40,73954
2025-06,west,TRN,2025,TRN-CO,3.5 가솔린,FWD,스틸 그레이,33,33,62277
2025-06,west,TRN,2025,TRN-CO,3.5 가솔린,FWD,실버,27,27,50600
2025-06,west,TRN,2025,TRN-CO,3.5 가솔린,FWD,오션 블루,21,21,38923
2025-06,west,TRN,2025,TRN-CO,3.5 가솔린,FWD,선셋 레드,16,17,31139
2025-06,west,TRN,2025,TRN-CO,3.5 가솔린,FWD,포레스트 그린,10,10,19462
2025-06,west,TRN,2025,TRN-CO,3.5 가솔린,FWD,샌드 베이지,10,10,19462
2025-06,west,TRN,2025,TRN-CO,2.5T 하이브리드,AWD,스노우 화이트,114,116,216645
2025-06,west,TRN,2025,TRN-CO,2.5T 하이브리드,AWD,미드나잇 블랙,90,92,171510
2025-06,west,TRN,2025,TRN-CO,2.5T 하이브리드,AWD,스틸 그레이,76,78,144430
2025-06,west,TRN,2025,TRN-CO,2.5T 하이브리드,AWD,실버,62,63,117349
2025-06,west,TRN,2025,TRN-CO,2.5T 하이브리드,AWD,오션 블루,48,49,90269
2025-06,west,TRN,2025,TRN-CO,2.5T 하이브리드,AWD,선셋 레드,38,39,72215
2025-06,west,TRN,2025,TRN-CO,2.5T 하이브리드,AWD,포레스트 그린,24,24,45134
2025-06,west,TRN,2025,TRN-CO,2.5T 하이브리드,AWD,샌드 베이지,24,24,45134
2025-06,west,TRN,2025,TRN-CO,2.5T 하이브리드,FWD,스노우 화이트,38,39,72215
2025-06,west,TRN,2025,TRN-CO,2.5T 하이브리드,FWD,미드나잇 블랙,30,31,57170
2025-06,west,TRN,2025,TRN-CO,2.5T 하이브리드,FWD,스틸 그레이,25,26,48143
2025-06,west,TRN,2025,TRN-CO,2.5T 하이브리드,FWD,실버,21,21,39116
2025-06,west,TRN,2025,TRN-CO,2.5T 하이브리드,FWD,오션 블루,16,16,30090
2025-06,west,TRN,2025,TRN-CO,2.5T 하이브리드,FWD,선셋 레드,13,13,24072
2025-06,west,TRN,2025,TRN-CO,2.5T 하이브리드,FWD,포레스트 그린,8,8,15045
2025-06,west,TRN,2025,TRN-CO,2.5T 하이브리드,FWD,샌드 베이지,8,8,15045
2025-06,west,TRN,2025,TRN-PR,3.5 가솔린,AWD,스노우 화이트,171,174,389007
2025-06,west,TRN,2025,TRN-PR,3.5 가솔린,AWD,미드나잇 블랙,135,138,307964
2025-06,west,TRN,2025,TRN-PR,3.5 가솔린,AWD,스틸 그레이,114,116,259338
2025-06,west,TRN,2025,TRN-PR,3.5 가솔린,AWD,실버,93,94,210712
2025-06,west,TRN,2025,TRN-PR,3.5 가솔린,AWD,오션 블루,71,73,162086
2025-06,west,TRN,2025,TRN-PR,3.5 가솔린,AWD,선셋 레드,57,58,129669
2025-06,west,TRN,2025,TRN-PR,3.5 가솔린,AWD,포레스트 그린,36,36,81043
2025-06,west,TRN,2025,TRN-PR,3.5 가솔린,AWD,샌드 베이지,36,36,81043
2025-06,west,TRN,2025,TRN-PR,3.5 가솔린,FWD,스노우 화이트,57,58,129669
2025-06,west,TRN,2025,TRN-PR,3.5 가솔린,FWD,미드나잇 블랙,45,46,102655
2025-06,west,TRN,2025,TRN-PR,3.5 가솔린,FWD,스틸 그레이,38,39,86446
2025-06,west,TRN,2025,TRN-PR,3.5 가솔린,FWD,실버,31,31,70237
2025-06,west,TRN,2025,TRN-PR,3.5 가솔린,FWD,오션 블루,24,24,54029
2025-06,west,TRN,2025,TRN-PR,3.5 가솔린,FWD,선셋 레드,19,19,43223
2025-06,west,TRN,2025,TRN-PR,3.5 가솔린,FWD,포레스트 그린,12,12,27014
2025-06,west,TRN,2025,TRN-PR,3.5 가솔린,FWD,샌드 베이지,12,12,27014
2025-06,west,TRN,2025,TRN-PR,2.5T 하이브리드,AWD,스노우 화이트,132,135,300722
2025-06,west,TRN,2025,TRN-PR,2.5T 하이브리드,AWD,미드나잇 블랙,105,107,238071
2025-06,west,TRN,2025,TRN-PR,2.5T 하이브리드,AWD,스틸 그레이,88,90,200481
2025-06,west,TRN,2025,TRN-PR,2.5T 하이브리드,AWD,실버,72,73,162891
2025-06,west,TRN,2025,TRN-PR,2.5T 하이브리드,AWD,오션 블루,55,56,125301
2025-06,west,TRN,2025,TRN-PR,2.5T 하이브리드,AWD,선셋 레드,44,45,100241
2025-06,west,TRN,2025,TRN-PR,2.5T 하이브리드,AWD,포레스트 그린,28,28,62650
2025-06,west,TRN,2025,TRN-PR,2.5T 하이브리드,AWD,샌드 베이지,28,28,62650
2025-06,west,TRN,2025,TRN-PR,2.5T 하이브리드,FWD,스노우 화이트,44,45,100241
2025-06,west,TRN,2025,TRN-PR,2.5T 하이브리드,FWD,미드나잇 블랙,35,36,79357
2025-06,west,TRN,2025,TRN-PR,2.5T 하이브리드,FWD,스틸 그레이,29,30,66827
2025-06,west,TRN,2025,TRN-PR,2.5T 하이브리드,FWD,실버,24,24,54297
2025-06,west,TRN,2025,TRN-PR,2.5T 하이브리드,FWD,오션 블루,18,19,41767
2025-06,west,TRN,2025,TRN-PR,2.5T 하이브리드,FWD,선셋 레드,15,15,33414
2025-06,west,TRN,2025,TRN-PR,2.5T 하이브리드,FWD,포레스트 그린,9,9,20883
2025-06,west,TRN,2025,TRN-PR,2.5T 하이브리드,FWD,샌드 베이지,9,9,20883
2025-06,west,TRN,2025,TRN-SU,3.5 가솔린,AWD,스노우 화이트,70,71,205323
2025-06,west,TRN,2025,TRN-SU,3.5 가솔린,AWD,미드나잇 블랙,55,56,162548
2025-06,west,TRN,2025,TRN-SU,3.5 가솔린,AWD,스틸 그레이,47,48,136882
2025-06,west,TRN,2025,TRN-SU,3.5 가솔린,AWD,실버,38,39,111217
2025-06,west,TRN,2025,TRN-SU,3.5 가솔린,AWD,오션 블루,29,30,85551
2025-06,west,TRN,2025,TRN-SU,3.5 가솔린,AWD,선셋 레드,23,24,68441
2025-06,west,TRN,2025,TRN-SU,3.5 가솔린,AWD,포레스트 그린,15,15,42776
2025-06,west,TRN,2025,TRN-SU,3.5 가솔린,AWD,샌드 베이지,15,15,42776
2025-06,west,TRN,2025,TRN-SU,3.5 가솔린,FWD,스노우 화이트,23,24,68441
2025-06,west,TRN,2025,TRN-SU,3.5 가솔린,FWD,미드나잇 블랙,18,19,54183
2025-06,west,TRN,2025,TRN-SU,3.5 가솔린,FWD,스틸 그레이,16,16,45627
2025-06,west,TRN,2025,TRN-SU,3.5 가솔린,FWD,실버,13,13,37072
2025-06,west,TRN,2025,TRN-SU,3.5 가솔린,FWD,오션 블루,10,10,28517
2025-06,west,TRN,2025,TRN-SU,3.5 가솔린,FWD,선셋 레드,8,8,22814
2025-06,west,TRN,2025,TRN-SU,3.5 가솔린,FWD,포레스트 그린,5,5,14259
2025-06,west,TRN,2025,TRN-SU,3.5 가솔린,FWD,샌드 베이지,5,5,14259
2025-06,west,TRN,2025,TRN-SU,2.5T 하이브리드,AWD,스노우 화이트,54,55,158725
2025-06,west,TRN,2025,TRN-SU,2.5T 하이브리드,AWD,미드나잇 블랙,43,44,125657
2025-06,west,TRN,2025,TRN-SU,2.5T 하이브리드,AWD,스틸 그레이,36,37,105817
2025-06,west,TRN,2025,TRN-SU,2.5T 하이브리드,AWD,실버,29,30,85976
2025-06,west,TRN,2025,TRN-SU,2.5T 하이브리드,AWD,오션 블루,23,23,66135
2025-06,west,TRN,2025,TRN-SU,2.5T 하이브리드,AWD,선셋 레드,18,18,52908
2025-06,west,TRN,2025,TRN-SU,2.5T 하이브리드,AWD,포레스트 그린,11,11,33068
2025-06,west,TRN,2025,TRN-SU,2.5T 하이브리드,AWD,샌드 베이지,11,11,33068
2025-06,west,TRN,2025,TRN-SU,2.5T 하이브리드,FWD,스노우 화이트,18,18,52908
2025-06,west,TRN,2025,TRN-SU,2.5T 하이브리드,FWD,미드나잇 블랙,14,15,41886
2025-06,west,TRN,2025,TRN-SU,2.5T 하이브리드,FWD,스틸 그레이,12,12,35272
2025-06,west,TRN,2025,TRN-SU,2.5T 하이브리드,FWD,실버,10,10,28659
2025-06,west,TRN,2025,TRN-SU,2.5T 하이브리드,FWD,오션 블루,8,8,22045
2025-06,west,TRN,2025,TRN-SU,2.5T 하이브리드,FWD,선셋 레드,6,6,17636
2025-06,west,TRN,2025,TRN-SU,2.5T 하이브리드,FWD,포레스트 그린,4,4,11023
2025-06,west,TRN,2025,TRN-SU,2.5T 하이브리드,FWD,샌드 베이지,4,4,11023
2025-06,central,TRN,2025,TRN-CO,3.5 가솔린,AWD,스노우 화이트,111,113,210724
2025-06,central,TRN,2025,TRN-CO,3.5 가솔린,AWD,미드나잇 블랙,88,90,166823
2025-06,central,TRN,2025,TRN-CO,3.5 가솔린,AWD,스틸 그레이,74,75,140483
2025-06,central,TRN,2025,TRN-CO,3.5 가솔린,AWD,실버,60,61,114142
2025-06,central,TRN,2025,TRN-CO,3.5 가솔린,AWD,오션 블루,46,47,87802
2025-06,central,TRN,2025,TRN-CO,3.5 가솔린,AWD,선셋 레드,37,38,70241
2025-06,central,TRN,2025,TRN-CO,3.5 가솔린,AWD,포레스트 그린,23,24,43901
2025-06,central,TRN,2025,TRN-CO,3.5 가솔린,AWD,샌드 베이지,23,24,43901
2025-06,central,TRN,2025,TRN-CO,3.5 가솔린,FWD,스노우 화이트,18,18,33594
2025-06,central,TRN,2025,TRN-CO,3.5 가솔린,FWD,미드나잇 블랙,14,14,26595
2025-06,central,TRN,2025,TRN-CO,3.5 가솔린,FWD,스틸 그레이,12,12,22396
2025-06,central,TRN,2025,TRN-CO,3.5 가솔린,FWD,실버,10,10,18197
2025-06,central,TRN,2025,TRN-CO,3.5 가솔린,FWD,오션 블루,7,8,13997
2025-06,central,TRN,2025,TRN-CO,3.5 가솔린,FWD,선셋 레드,6,6,11198
2025-06,central,TRN,2025,TRN-CO,3.5 가솔린,FWD,포레스트 그린,4,4,6999
2025-06,central,TRN,2025,TRN-CO,3.5 가솔린,FWD,샌드 베이지,4,4,6999
2025-06,central,TRN,2025,TRN-CO,2.5T 하이브리드,AWD,스노우 화이트,86,88,162900
2025-06,central,TRN,2025,TRN-CO,2.5T 하이브리드,AWD,미드나잇 블랙,68,69,128963
2025-06,central,TRN,2025,TRN-CO,2.5T 하이브리드,AWD,스틸 그레이,57,58,108600
2025-06,central,TRN,2025,TRN-CO,2.5T 하이브리드,AWD,실버,46,47,88238
2025-06,central,TRN,2025,TRN-CO,2.5T 하이브리드,AWD,오션 블루,36,36,67875
2025-06,central,TRN,2025,TRN-CO,2.5T 하이브리드,AWD,선셋 레드,29,29,54300
2025-06,central,TRN,2025,TRN-CO,2.5T 하이브리드,AWD,포레스트 그린,18,18,33938
2025-06,central,TRN,2025,TRN-CO,2.5T 하이브리드,AWD,샌드 베이지,18,18,33938
2025-06,central,TRN,2025,TRN-CO,2.5T 하이브리드,FWD,스노우 화이트,14,14,25970
2025-06,central,TRN,2025,TRN-CO,2.5T 하이브리드,FWD,미드나잇 블랙,11,11,20559
2025-06,central,TRN,2025,TRN-CO,2.5T 하이브리드,FWD,스틸 그레이,9,9,17313
2025-06,central,TRN,2025,TRN-CO,2.5T 하이브리드,FWD,실버,7,8,14067
2025-06,central,TRN,2025,TRN-CO,2.5T 하이브리드,FWD,오션 블루,6,6,10821
2025-06,central,TRN,2025,TRN-CO,2.5T 하이브리드,FWD,선셋 레드,5,5,8657
2025-06,central,TRN,2025,TRN-CO,2.5T 하이브리드,FWD,포레스트 그린,3,3,5410
2025-06,central,TRN,2025,TRN-CO,2.5T 하이브리드,FWD,샌드 베이지,3,3,5410
2025-06,central,TRN,2025,TRN-PR,3.5 가솔린,AWD,스노우 화이트,129,131,292503
2025-06,central,TRN,2025,TRN-PR,3.5 가솔린,AWD,미드나잇 블랙,102,104,231565
2025-06,central,TRN,2025,TRN-PR,3.5 가솔린,AWD,스틸 그레이,86,87,195002
2025-06,central,TRN,2025,TRN-PR,3.5 가솔린,AWD,실버,70,71,158439
2025-06,central,TRN,2025,TRN-PR,3.5 가솔린,AWD,오션 블루,54,55,121876
2025-06,central,TRN,2025,TRN-PR,3.5 가솔린,AWD,선셋 레드,43,44,97501
2025-06,central,TRN,2025,TRN-PR,3.5 가솔린,AWD,포레스트 그린,27,27,60938
2025-06,central,TRN,2025,TRN-PR,3.5 가솔린,AWD,샌드 베이지,27,27,60938
2025-06,central,TRN,2025,TRN-PR,3.5 가솔린,FWD,스노우 화이트,20,21,46631
2025-06,central,TRN,2025,TRN-PR,3.5 가솔린,FWD,미드나잇 블랙,16,17,36916
2025-06,central,TRN,2025,TRN-PR,3.5 가솔린,FWD,스틸 그레이,14,14,31087
2025-06,central,TRN,2025,TRN-PR,3.5 가솔린,FWD,실버,11,11,25258
2025-06,central,TRN,2025,TRN-PR,3.5 가솔린,FWD,오션 블루,9,9,19430
2025-06,central,TRN,2025,TRN-PR,3.5 가솔린,FWD,선셋 레드,7,7,15544
2025-06,central,TRN,2025,TRN-PR,3.5 가솔린,FWD,포레스트 그린,4,4,9715
2025-06,central,TRN,2025,TRN-PR,3.5 가솔린,FWD,샌드 베이지,4,4,9715
2025-06,central,TRN,2025,TRN-PR,2.5T 하이브리드,AWD,스노우 화이트,99,101,226120
2025-06,central,TRN,2025,TRN-PR,2.5T 하이브리드,AWD,미드나잇 블랙,79,80,179011
2025-06,central,TRN,2025,TRN-PR,2.5T 하이브리드,AWD,스틸 그레이,66,68,150746
2025-06,central,TRN,2025,TRN-PR,2.5T 하이브리드,AWD,실버,54,55,122482
2025-06,central,TRN,2025,TRN-PR,2.5T 하이브리드,AWD,오션 블루,41,42,94217
2025-06,central,TRN,2025,TRN-PR,2.5T 하이브리드,AWD,선셋 레드,33,34,75373
2025-06,central,TRN,2025,TRN-PR,2.5T 하이브리드,AWD,포레스트 그린,21,21,47108
2025-06,central,TRN,2025,TRN-PR,2.5T 하이브리드,AWD,샌드 베이지,21,21,47108
2025-06,central,TRN,2025,TRN-PR,2.5T 하이브리드,FWD,스노우 화이트,16,16,36048
2025-06,central,TRN,2025,TRN-PR,2.5T 하이브리드,FWD,미드나잇 블랙,13,13,28538
2025-06,central,TRN,2025,TRN-PR,2.5T 하이브리드,FWD,스틸 그레이,11,11,24032
2025-06,central,TRN,2025,TRN-PR,2.5T 하이브리드,FWD,실버,9,9,19526
2025-06,central,TRN,2025,TRN-PR,2.5T 하이브리드,FWD,오션 블루,7,7,15020
2025-06,central,TRN,2025,TRN-PR,2.5T 하이브리드,FWD,선셋 레드,5,5,12016
2025-06,central,TRN,2025,TRN-PR,2.5T 하이브리드,FWD,포레스트 그린,3,3,7510
2025-06,central,TRN,2025,TRN-PR,2.5T 하이브리드,FWD,샌드 베이지,3,3,7510
2025-06,central,TRN,2025,TRN-SU,3.5 가솔린,AWD,스노우 화이트,53,54,154387
2025-06,central,TRN,2025,TRN-SU,3.5 가솔린,AWD,미드나잇 블랙,42,42,122223
2025-06,central,TRN,2025,TRN-SU,3.5 가솔린,AWD,스틸 그레이,35,36,102925
2025-06,central,TRN,2025,TRN-SU,3.5 가솔린,AWD,실버,28,29,83626
2025-06,central,TRN,2025,TRN-SU,3.5 가솔린,AWD,오션 블루,22,22,64328
2025-06,central,TRN,2025,TRN-SU,3.5 가솔린,AWD,선셋 레드,18,18,51462
2025-06,central,TRN,2025,TRN-SU,3.5 가솔린,AWD,포레스트 그린,11,11,32164
2025-06,central,TRN,2025,TRN-SU,3.5 가솔린,AWD,샌드 베이지,11,11,32164
2025-06,central,TRN,2025,TRN-SU,3.5 가솔린,FWD,스노우 화이트,8,9,24612
2025-06,central,TRN,2025,TRN-SU,3.5 가솔린,FWD,미드나잇 블랙,7,7,19485
2025-06,central,TRN,2025,TRN-SU,3.5 가솔린,FWD,스틸 그레이,6,6,16408
2025-06,central,TRN,2025,TRN-SU,3.5 가솔린,FWD,실버,5,5,13332
2025-06,central,TRN,2025,TRN-SU,3.5 가솔린,FWD,오션 블루,3,4,10255
2025-06,central,TRN,2025,TRN-SU,3.5 가솔린,FWD,선셋 레드,3,3,8204
2025-06,central,TRN,2025,TRN-SU,3.5 가솔린,FWD,포레스트 그린,2,2,5128
2025-06,central,TRN,2025,TRN-SU,3.5 가솔린,FWD,샌드 베이지,2,2,5128
2025-06,central,TRN,2025,TRN-SU,2.5T 하이브리드,AWD,스노우 화이트,41,41,119349
2025-06,central,TRN,2025,TRN-SU,2.5T 하이브리드,AWD,미드나잇 블랙,32,33,94485
2025-06,central,TRN,2025,TRN-SU,2.5T 하이브리드,AWD,스틸 그레이,27,28,79566
2025-06,central,TRN,2025,TRN-SU,2.5T 하이브리드,AWD,실버,22,22,64647
2025-06,central,TRN,2025,TRN-SU,2.5T 하이브리드,AWD,오션 블루,17,17,49729
2025-06,central,TRN,2025,TRN-SU,2.5T 하이브리드,AWD,선셋 레드,14,14,39783
2025-06,central,TRN,2025,TRN-SU,2.5T 하이브리드,AWD,포레스트 그린,8,9,24864
2025-06,central,TRN,2025,TRN-SU,2.5T 하이브리드,AWD,샌드 베이지,8,9,24864
2025-06,central,TRN,2025,TRN-SU,2.5T 하이브리드,FWD,스노우 화이트,6,7,19027
2025-06,central,TRN,2025,TRN-SU,2.5T 하이브리드,FWD,미드나잇 블랙,5,5,15063
2025-06,central,TRN,2025,TRN-SU,2.5T 하이브리드,FWD,스틸 그레이,4,4,12684
2025-06,central,TRN,2025,TRN-SU,2.5T 하이브리드,FWD,실버,4,4,10306
2025-06,central,TRN,2025,TRN-SU,2.5T 하이브리드,FWD,오션 블루,3,3,7928
2025-06,central,TRN,2025,TRN-SU,2.5T 하이브리드,FWD,선셋 레드,2,2,6342
2025-06,central,TRN,2025,TRN-SU,2.5T 하이브리드,FWD,포레스트 그린,1,1,3964
2025-06,central,TRN,2025,TRN-SU,2.5T 하이브리드,FWD,샌드 베이지,1,1,3964
2025-06,south,TRN,2025,TRN-CO,3.5 가솔린,AWD,스노우 화이트,90,92,170735
2025-06,south,TRN,2025,TRN-CO,3.5 가솔린,AWD,미드나잇 블랙,71,73,135165
2025-06,south,TRN,2025,TRN-CO,3.5 가솔린,AWD,스틸 그레이,60,61,113823
2025-06,south,TRN,2025,TRN-CO,3.5 가솔린,AWD,실버,49,50,92481
2025-06,south,TRN,2025,TRN-CO,3.5 가솔린,AWD,오션 블루,37,38,71140
2025-06,south,TRN,2025,TRN-CO,3.5 가솔린,AWD,선셋 레드,30,31,56912
2025-06,south,TRN,2025,TRN-CO,3.5 가솔린,AWD,포레스트 그린,19,19,35570
2025-06,south,TRN,2025,TRN-CO,3.5 가솔린,AWD,샌드 베이지,19,19,35570
2025-06,south,TRN,2025,TRN-CO,3.5 가솔린,FWD,스노우 화이트,77,78,145441
2025-06,south,TRN,2025,TRN-CO,3.5 가솔린,FWD,미드나잇 블랙,61,62,115141
2025-06,south,TRN,2025,TRN-CO,3.5 가솔린,FWD,스틸 그레이,51,52,96961
2025-06,south,TRN,2025,TRN-CO,3.5 가솔린,FWD,실버,42,42,78780
2025-06,south,TRN,2025,TRN-CO,3.5 가솔린,FWD,오션 블루,32,33,60600
2025-06,south,TRN,2025,TRN-CO,3.5 가솔린,FWD,선셋 레드,26,26,48480
2025-06,south,TRN,2025,TRN-CO,3.5 가솔린,FWD,포레스트 그린,16,16,30300
2025-06,south,TRN,2025,TRN-CO,3.5 가솔린,FWD,샌드 베이지,16,16,30300
2025-06,south,TRN,2025,TRN-CO,2.5T 하이브리드,AWD,스노우 화이트,70,71,131987
2025-06,south,TRN,2025,TRN-CO,2.5T 하이브리드,AWD,미드나잇 블랙,55,56,104489
2025-06,south,TRN,2025,TRN-CO,2.5T 하이브리드,AWD,스틸 그레이,46,47,87991
2025-06,south,TRN,2025,TRN-CO,2.5T 하이브리드,AWD,실버,38,38,71493
2025-06,south,TRN,2025,TRN-CO,2.5T 하이브리드,AWD,오션 블루,29,30,54994
2025-06,south,TRN,2025,TRN-CO,2.5T 하이브리드,AWD,선셋 레드,23,24,43996
2025-06,south,TRN,2025,TRN-CO,2.5T 하이브리드,AWD,포레스트 그린,14,15,27497
2025-06,south,TRN,2025,TRN-CO,2.5T 하이브리드,AWD,샌드 베이지,14,15,27497
2025-06,south,TRN,2025,TRN-CO,2.5T 하이브리드,FWD,스노우 화이트,59,60,112433
2025-06,south,TRN,2025,TRN-CO,2.5T 하이브리드,FWD,미드나잇 블랙,47,48,89009
2025-06,south,TRN,2025,TRN-CO,2.5T 하이브리드,FWD,스틸 그레이,39,40,74955
2025-06,south,TRN,2025,TRN-CO,2.5T 하이브리드,FWD,실버,32,33,60901
2025-06,south,TRN,2025,TRN-CO,2.5T 하이브리드,FWD,오션 블루,25,25,46847
2025-06,south,TRN,2025,TRN-CO,2.5T 하이브리드,FWD,선셋 레드,20,20,37478
2025-06,south,TRN,2025,TRN-CO,2.5T 하이브리드,FWD,포레스트 그린,12,13,23424
2025-06,south,TRN,2025,TRN-CO,2.5T 하이브리드,FWD,샌드 베이지,12,13,23424
2025-06,south,TRN,2025,TRN-PR,3.5 가솔린,AWD,스노우 화이트,104,106,236995
2025-06,south,TRN,2025,TRN-PR,3.5 가솔린,AWD,미드나잇 블랙,82,84,187621
2025-06,south,TRN,2025,TRN-PR,3.5 가솔린,AWD,스틸 그레이,69,71,157997
2025-06,south,TRN,2025,TRN-PR,3.5 가솔린,AWD,실버,56,58,128372
2025-06,south,TRN,2025,TRN-PR,3.5 가솔린,AWD,오션 블루,43,44,98748
2025-06,south,TRN,2025,TRN-PR,3.5 가솔린,AWD,선셋 레드,35,35,78998
2025-06,south,TRN,2025,TRN-PR,3.5 가솔린,AWD,포레스트 그린,22,22,49374
2025-06,south,TRN,2025,TRN-PR,3.5 가솔린,AWD,샌드 베이지,22,22,49374
2025-06,south,TRN,2025,TRN-PR,3.5 가솔린,FWD,스노우 화이트,89,91,201885
2025-06,south,TRN,2025,TRN-PR,3.5 가솔린,FWD,미드나잇 블랙,70,72,159825
2025-06,south,TRN,2025,TRN-PR,3.5 가솔린,FWD,스틸 그레이,59,60,134590
2025-06,south,TRN,2025,TRN-PR,3.5 가솔린,FWD,실버,48,49,109354
2025-06,south,TRN,2025,TRN-PR,3.5 가솔린,FWD,오션 블루,37,38,84119
2025-06,south,TRN,2025,TRN-PR,3.5 가솔린,FWD,선셋 레드,30,30,67295
2025-06,south,TRN,2025,TRN-PR,3.5 가솔린,FWD,포레스트 그린,18,19,42059
2025-06,south,TRN,2025,TRN-PR,3.5 가솔린,FWD,샌드 베이지,18,19,42059
2025-06,south,TRN,2025,TRN-PR,2.5T 하이브리드,AWD,스노우 화이트,81,82,183209
2025-06,south,TRN,2025,TRN-PR,2.5T 하이브리드,AWD,미드나잇 블랙,64,65,145040
2025-06,south,TRN,2025,TRN-PR,2.5T 하이브리드,AWD,스틸 그레이,54,55,122139
2025-06,south,TRN,2025,TRN-PR,2.5T 하이브리드,AWD,실버,44,44,99238
2025-06,south,TRN,2025,TRN-PR,2.5T 하이브리드,AWD,오션 블루,34,34,76337
2025-06,south,TRN,2025,TRN-PR,2.5T 하이브리드,AWD,선셋 레드,27,27,61070
2025-06,south,TRN,2025,TRN-PR,2.5T 하이브리드,AWD,포레스트 그린,17,17,38169
2025-06,south,TRN,2025,TRN-PR,2.5T 하이브리드,AWD,샌드 베이지,17,17,38169
2025-06,south,TRN,2025,TRN-PR,2.5T 하이브리드,FWD,스노우 화이트,69,70,156067
2025-06,south,TRN,2025,TRN-PR,2.5T 하이브리드,FWD,미드나잇 블랙,54,55,123553
2025-06,south,TRN,2025,TRN-PR,2.5T 하이브리드,FWD,스틸 그레이,46,47,104045
2025-06,south,TRN,2025,TRN-PR,2.5T 하이브리드,FWD,실버,37,38,84536
2025-06,south,TRN,2025,TRN-PR,2.5T 하이브리드,FWD,오션 블루,29,29,65028
2025-06,south,TRN,2025,TRN-PR,2.5T 하이브리드,FWD,선셋 레드,23,23,52022
2025-06,south,TRN,2025,TRN-PR,2.5T 하이브리드,FWD,포레스트 그린,14,15,32514
2025-06,south,TRN,2025,TRN-PR,2.5T 하이브리드,FWD,샌드 베이지,14,15,32514
2025-06,south,TRN,2025,TRN-SU,3.5 가솔린,AWD,스노우 화이트,43,43,125089
2025-06,south,TRN,2025,TRN-SU,3.5 가솔린,AWD,미드나잇 블랙,34,34,99029
2025-06,south,TRN,2025,TRN-SU,3.5 가솔린,AWD,스틸 그레이,28,29,83393
2025-06,south,TRN,2025,TRN-SU,3.5 가솔린,AWD,실버,23,24,67757
2025-06,south,TRN,2025,TRN-SU,3.5 가솔린,AWD,오션 블루,18,18,52121
2025-06,south,TRN,2025,TRN-SU,3.5 가솔린,AWD,선셋 레드,14,14,41696
2025-06,south,TRN,2025,TRN-SU,3.5 가솔린,AWD,포레스트 그린,9,9,26060
2025-06,south,TRN,2025,TRN-SU,3.5 가솔린,AWD,샌드 베이지,9,9,26060
2025-06,south,TRN,2025,TRN-SU,3.5 가솔린,FWD,스노우 화이트,36,37,106557
2025-06,south,TRN,2025,TRN-SU,3.5 가솔린,FWD,미드나잇 블랙,29,29,84358
2025-06,south,TRN,2025,TRN-SU,3.5 가솔린,FWD,스틸 그레이,24,25,71038
2025-06,south,TRN,2025,TRN-SU,3.5 가솔린,FWD,실버,20,20,57719
2025-06,south,TRN,2025,TRN-SU,3.5 가솔린,FWD,오션 블루,15,15,44399
2025-06,south,TRN,2025,TRN-SU,3.5 가솔린,FWD,선셋 레드,12,12,35519
2025-06,south,TRN,2025,TRN-SU,3.5 가솔린,FWD,포레스트 그린,8,8,22199
2025-06,south,TRN,2025,TRN-SU,3.5 가솔린,FWD,샌드 베이지,8,8,22199
2025-06,south,TRN,2025,TRN-SU,2.5T 하이브리드,AWD,스노우 화이트,33,34,96700
2025-06,south,TRN,2025,TRN-SU,2.5T 하이브리드,AWD,미드나잇 블랙,26,27,76554
2025-06,south,TRN,2025,TRN-SU,2.5T 하이브리드,AWD,스틸 그레이,22,22,64467
2025-06,south,TRN,2025,TRN-SU,2.5T 하이브리드,AWD,실버,18,18,52379
2025-06,south,TRN,2025,TRN-SU,2.5T 하이브리드,AWD,오션 블루,14,14,40292
2025-06,south,TRN,2025,TRN-SU,2.5T 하이브리드,AWD,선셋 레드,11,11,32233
2025-06,south,TRN,2025,TRN-SU,2.5T 하이브리드,AWD,포레스트 그린,7,7,20146
2025-06,south,TRN,2025,TRN-SU,2.5T 하이브리드,AWD,샌드 베이지,7,7,20146
2025-06,south,TRN,2025,TRN-SU,2.5T 하이브리드,FWD,스노우 화이트,28,29,82374
2025-06,south,TRN,2025,TRN-SU,2.5T 하이브리드,FWD,미드나잇 블랙,22,23,65213
2025-06,south,TRN,2025,TRN-SU,2.5T 하이브리드,FWD,스틸 그레이,19,19,54916
2025-06,south,TRN,2025,TRN-SU,2.5T 하이브리드,FWD,실버,15,16,44619
2025-06,south,TRN,2025,TRN-SU,2.5T 하이브리드,FWD,오션 블루,12,12,34323
2025-06,south,TRN,2025,TRN-SU,2.5T 하이브리드,FWD,선셋 레드,9,10,27458
2025-06,south,TRN,2025,TRN-SU,2.5T 하이브리드,FWD,포레스트 그린,6,6,17161
2025-06,south,TRN,2025,TRN-SU,2.5T 하이브리드,FWD,샌드 베이지,6,6,17161
2025-06,northeast,TRN,2025,TRN-CO,3.5 가솔린,AWD,스노우 화이트,122,125,232102
2025-06,northeast,TRN,2025,TRN-CO,3.5 가솔린,AWD,미드나잇 블랙,97,99,183747
2025-06,northeast,TRN,2025,TRN-CO,3.5 가솔린,AWD,스틸 그레이,82,83,154735
2025-06,northeast,TRN,2025,TRN-CO,3.5 가솔린,AWD,실버,66,68,125722
2025-06,northeast,TRN,2025,TRN-CO,3.5 가솔린,AWD,오션 블루,51,52,96709
2025-06,northeast,TRN,2025,TRN-CO,3.5 가솔린,AWD,선셋 레드,41,42,77367
2025-06,northeast,TRN,2025,TRN-CO,3.5 가솔린,AWD,포레스트 그린,25,26,48355
2025-06,northeast,TRN,2025,TRN-CO,3.5 가솔린,AWD,샌드 베이지,25,26,48355
2025-06,northeast,TRN,2025,TRN-CO,3.5 가솔린,FWD,스노우 화이트,6,7,12216
2025-06,northeast,TRN,2025,TRN-CO,3.5 가솔린,FWD,미드나잇 블랙,5,5,9671
2025-06,northeast,TRN,2025,TRN-CO,3.5 가솔린,FWD,스틸 그레이,4,4,8144
2025-06,northeast,TRN,2025,TRN-CO,3.5 가솔린,FWD,실버,3,4,6617
2025-06,northeast,TRN,2025,TRN-CO,3.5 가솔린,FWD,오션 블루,3,3,5090
2025-06,northeast,TRN,2025,TRN-CO,3.5 가솔린,FWD,선셋 레드,2,2,4072
2025-06,northeast,TRN,2025,TRN-CO,3.5 가솔린,FWD,포레스트 그린,1,1,2545
2025-06,northeast,TRN,2025,TRN-CO,3.5 가솔린,FWD,샌드 베이지,1,1,2545
2025-06,northeast,TRN,2025,TRN-CO,2.5T 하이브리드,AWD,스노우 화이트,95,96,179426
2025-06,northeast,TRN,2025,TRN-CO,2.5T 하이브리드,AWD,미드나잇 블랙,75,76,142046
2025-06,northeast,TRN,2025,TRN-CO,2.5T 하이브리드,AWD,스틸 그레이,63,64,119617
2025-06,northeast,TRN,2025,TRN-CO,2.5T 하이브리드,AWD,실버,51,52,97189
2025-06,northeast,TRN,2025,TRN-CO,2.5T 하이브리드,AWD,오션 블루,39,40,74761
2025-06,northeast,TRN,2025,TRN-CO,2.5T 하이브리드,AWD,선셋 레드,32,32,59809
2025-06,northeast,TRN,2025,TRN-CO,2.5T 하이브리드,AWD,포레스트 그린,20,20,37380
2025-06,northeast,TRN,2025,TRN-CO,2.5T 하이브리드,AWD,샌드 베이지,20,20,37380
2025-06,northeast,TRN,2025,TRN-CO,2.5T 하이브리드,FWD,스노우 화이트,5,5,9443
2025-06,northeast,TRN,2025,TRN-CO,2.5T 하이브리드,FWD,미드나잇 블랙,4,4,7476
2025-06,northeast,TRN,2025,TRN-CO,2.5T 하이브리드,FWD,스틸 그레이,3,3,6296
2025-06,northeast,TRN,2025,TRN-CO,2.5T 하이브리드,FWD,실버,3,3,5115
2025-06,northeast,TRN,2025,TRN-CO,2.5T 하이브리드,FWD,오션 블루,2,2,3935
2025-06,northeast,TRN,2025,TRN-CO,2.5T 하이브리드,FWD,선셋 레드,2,2,3148
2025-06,northeast,TRN,2025,TRN-CO,2.5T 하이브리드,FWD,포레스트 그린,1,1,1967
2025-06,northeast,TRN,2025,TRN-CO,2.5T 하이브리드,FWD,샌드 베이지,1,1,1967
2025-06,northeast,TRN,2025,TRN-PR,3.5 가솔린,AWD,스노우 화이트,142,144,322178
2025-06,northeast,TRN,2025,TRN-PR,3.5 가솔린,AWD,미드나잇 블랙,112,114,255057
2025-06,northeast,TRN,2025,TRN-PR,3.5 가솔린,AWD,스틸 그레이,94,96,214785
2025-06,northeast,TRN,2025,TRN-PR,3.5 가솔린,AWD,실버,77,78,174513
2025-06,northeast,TRN,2025,TRN-PR,3.5 가솔린,AWD,오션 블루,59,60,134241
2025-06,northeast,TRN,2025,TRN-PR,3.5 가솔린,AWD,선셋 레드,47,48,107393
2025-06,northeast,TRN,2025,TRN-PR,3.5 가솔린,AWD,포레스트 그린,29,30,67120
2025-06,northeast,TRN,2025,TRN-PR,3.5 가솔린,AWD,샌드 베이지,29,30,67120
2025-06,northeast,TRN,2025,TRN-PR,3.5 가솔린,FWD,스노우 화이트,7,8,16957
2025-06,northeast,TRN,2025,TRN-PR,3.5 가솔린,FWD,미드나잇 블랙,6,6,13424
2025-06,northeast,TRN,2025,TRN-PR,3.5 가솔린,FWD,스틸 그레이,5,5,11304
2025-06,northeast,TRN,2025,TRN-PR,3.5 가솔린,FWD,실버,4,4,9185
2025-06,northeast,TRN,2025,TRN-PR,3.5 가솔린,FWD,오션 블루,3,3,7065
2025-06,northeast,TRN,2025,TRN-PR,3.5 가솔린,FWD,선셋 레드,2,3,5652
2025-06,northeast,TRN,2025,TRN-PR,3.5 가솔린,FWD,포레스트 그린,2,2,3533
2025-06,northeast,TRN,2025,TRN-PR,3.5 가솔린,FWD,샌드 베이지,2,2,3533
2025-06,northeast,TRN,2025,TRN-PR,2.5T 하이브리드,AWD,스노우 화이트,109,112,249059
2025-06,northeast,TRN,2025,TRN-PR,2.5T 하이브리드,AWD,미드나잇 블랙,87,88,197172
2025-06,northeast,TRN,2025,TRN-PR,2.5T 하이브리드,AWD,스틸 그레이,73,74,166040
2025-06,northeast,TRN,2025,TRN-PR,2.5T 하이브리드,AWD,실버,59,60,134907
2025-06,northeast,TRN,2025,TRN-PR,2.5T 하이브리드,AWD,오션 블루,46,47,103775
2025-06,northeast,TRN,2025,TRN-PR,2.5T 하이브리드,AWD,선셋 레드,36,37,83020
2025-06,northeast,TRN,2025,TRN-PR,2.5T 하이브리드,AWD,포레스트 그린,23,23,51887
2025-06,northeast,TRN,2025,TRN-PR,2.5T 하이브리드,AWD,샌드 베이지,23,23,51887
2025-06,northeast,TRN,2025,TRN-PR,2.5T 하이브리드,FWD,스노우 화이트,6,6,13108
2025-06,northeast,TRN,2025,TRN-PR,2.5T 하이브리드,FWD,미드나잇 블랙,5,5,10377
2025-06,northeast,TRN,2025,TRN-PR,2.5T 하이브리드,FWD,스틸 그레이,4,4,8739
2025-06,northeast,TRN,2025,TRN-PR,2.5T 하이브리드,FWD,실버,3,3,7100
2025-06,northeast,TRN,2025,TRN-PR,2.5T 하이브리드,FWD,오션 블루,2,2,5462
2025-06,northeast,TRN,2025,TRN-PR,2.5T 하이브리드,FWD,선셋 레드,2,2,4369
2025-06,northeast,TRN,2025,TRN-PR,2.5T 하이브리드,FWD,포레스트 그린,1,1,2731
2025-06,northeast,TRN,2025,TRN-PR,2.5T 하이브리드,FWD,샌드 베이지,1,1,2731
2025-06,northeast,TRN,2025,TRN-SU,3.5 가솔린,AWD,스노우 화이트,58,59,170050
2025-06,northeast,TRN,2025,TRN-SU,3.5 가솔린,AWD,미드나잇 블랙,46,47,134623
2025-06,northeast,TRN,2025,TRN-SU,3.5 가솔린,AWD,스틸 그레이,39,39,113367
2025-06,northeast,TRN,2025,TRN-SU,3.5 가솔린,AWD,실버,31,32,92110
2025-06,northeast,TRN,2025,TRN-SU,3.5 가솔린,AWD,오션 블루,24,25,70854
2025-06,northeast,TRN,2025,TRN-SU,3.5 가솔린,AWD,선셋 레드,19,20,56683
2025-06,northeast,TRN,2025,TRN-SU,3.5 가솔린,AWD,포레스트 그린,12,12,35427
2025-06,northeast,TRN,2025,TRN-SU,3.5 가솔린,AWD,샌드 베이지,12,12,35427
2025-06,northeast,TRN,2025,TRN-SU,3.5 가솔린,FWD,스노우 화이트,3,3,8950
2025-06,northeast,TRN,2025,TRN-SU,3.5 가솔린,FWD,미드나잇 블랙,2,2,7085
2025-06,northeast,TRN,2025,TRN-SU,3.5 가솔린,FWD,스틸 그레이,2,2,5967
2025-06,northeast,TRN,2025,TRN-SU,3.5 가솔린,FWD,실버,2,2,4848
2025-06,northeast,TRN,2025,TRN-SU,3.5 가솔린,FWD,오션 블루,1,1,3729
2025-06,northeast,TRN,2025,TRN-SU,3.5 가솔린,FWD,선셋 레드,1,1,2983
2025-06,northeast,TRN,2025,TRN-SU,3.5 가솔린,FWD,포레스트 그린,1,1,1865
2025-06,northeast,TRN,2025,TRN-SU,3.5 가솔린,FWD,샌드 베이지,1,1,1865
2025-06,northeast,TRN,2025,TRN-SU,2.5T 하이브리드,AWD,스노우 화이트,45,46,131457
2025-06,northeast,TRN,2025,TRN-SU,2.5T 하이브리드,AWD,미드나잇 블랙,35,36,104070
2025-06,northeast,TRN,2025,TRN-SU,2.5T 하이브리드,AWD,스틸 그레이,30,30,87638
2025-06,northeast,TRN,2025,TRN-SU,2.5T 하이브리드,AWD,실버,24,25,71206
2025-06,northeast,TRN,2025,TRN-SU,2.5T 하이브리드,AWD,오션 블루,19,19,54774
2025-06,northeast,TRN,2025,TRN-SU,2.5T 하이브리드,AWD,선셋 레드,15,15,43819
2025-06,northeast,TRN,2025,TRN-SU,2.5T 하이브리드,AWD,포레스트 그린,9,10,27387
2025-06,northeast,TRN,2025,TRN-SU,2.5T 하이브리드,AWD,샌드 베이지,9,10,27387
2025-06,northeast,TRN,2025,TRN-SU,2.5T 하이브리드,FWD,스노우 화이트,2,2,6919
2025-06,northeast,TRN,2025,TRN-SU,2.5T 하이브리드,FWD,미드나잇 블랙,2,2,5477
2025-06,northeast,TRN,2025,TRN-SU,2.5T 하이브리드,FWD,스틸 그레이,2,2,4613
2025-06,northeast,TRN,2025,TRN-SU,2.5T 하이브리드,FWD,실버,1,1,3748
2025-06,northeast,TRN,2025,TRN-SU,2.5T 하이브리드,FWD,오션 블루,1,1,2883
2025-06,northeast,TRN,2025,TRN-SU,2.5T 하이브리드,FWD,선셋 레드,1,1,2306
2025-06,southeast,TRN,2025,TRN-CO,3.5 가솔린,AWD,스노우 화이트,87,89,164914
2025-06,southeast,TRN,2025,TRN-CO,3.5 가솔린,AWD,미드나잇 블랙,69,70,130557
2025-06,southeast,TRN,2025,TRN-CO,3.5 가솔린,AWD,스틸 그레이,58,59,109943
2025-06,southeast,TRN,2025,TRN-CO,3.5 가솔린,AWD,실버,47,48,89329
2025-06,southeast,TRN,2025,TRN-CO,3.5 가솔린,AWD,오션 블루,36,37,68714
2025-06,southeast,TRN,2025,TRN-CO,3.5 가솔린,AWD,선셋 레드,29,30,54971
2025-06,southeast,TRN,2025,TRN-CO,3.5 가솔린,AWD,포레스트 그린,18,18,34357
2025-06,southeast,TRN,2025,TRN-CO,3.5 가솔린,AWD,샌드 베이지,18,18,34357
2025-06,southeast,TRN,2025,TRN-CO,3.5 가솔린,FWD,스노우 화이트,49,50,93775
2025-06,southeast,TRN,2025,TRN-CO,3.5 가솔린,FWD,미드나잇 블랙,39,40,74238
2025-06,southeast,TRN,2025,TRN-CO,3.5 가솔린,FWD,스틸 그레이,33,34,62517
2025-06,southeast,TRN,2025,TRN-CO,3.5 가솔린,FWD,실버,27,27,50795
2025-06,southeast,TRN,2025,TRN-CO,3.5 가솔린,FWD,오션 블루,21,21,39073
2025-06,southeast,TRN,2025,TRN-CO,3.5 가솔린,FWD,선셋 레드,16,17,31258
2025-06,southeast,TRN,2025,TRN-CO,3.5 가솔린,FWD,포레스트 그린,10,10,19536
2025-06,southeast,TRN,2025,TRN-CO,3.5 가솔린,FWD,샌드 베이지,10,10,19536
2025-06,southeast,TRN,2025,TRN-CO,2.5T 하이브리드,AWD,스노우 화이트,67,69,127487
2025-06,southeast,TRN,2025,TRN-CO,2.5T 하이브리드,AWD,미드나잇 블랙,53,54,100927
2025-06,southeast,TRN,2025,TRN-CO,2.5T 하이브리드,AWD,스틸 그레이,45,46,84991
2025-06,southeast,TRN,2025,TRN-CO,2.5T 하이브리드,AWD,실버,36,37,69055
2025-06,southeast,TRN,2025,TRN-CO,2.5T 하이브리드,AWD,오션 블루,28,29,53120
2025-06,southeast,TRN,2025,TRN-CO,2.5T 하이브리드,AWD,선셋 레드,22,23,42496
2025-06,southeast,TRN,2025,TRN-CO,2.5T 하이브리드,AWD,포레스트 그린,14,14,26560
2025-06,southeast,TRN,2025,TRN-CO,2.5T 하이브리드,AWD,샌드 베이지,14,14,26560
2025-06,southeast,TRN,2025,TRN-CO,2.5T 하이브리드,FWD,스노우 화이트,38,39,72493
2025-06,southeast,TRN,2025,TRN-CO,2.5T 하이브리드,FWD,미드나잇 블랙,30,31,57390
2025-06,southeast,TRN,2025,TRN-CO,2.5T 하이브리드,FWD,스틸 그레이,25,26,48328
2025-06,southeast,TRN,2025,TRN-CO,2.5T 하이브리드,FWD,실버,21,21,39267
2025-06,southeast,TRN,2025,TRN-CO,2.5T 하이브리드,FWD,오션 블루,16,16,30205
2025-06,southeast,TRN,2025,TRN-CO,2.5T 하이브리드,FWD,선셋 레드,13,13,24164
2025-06,southeast,TRN,2025,TRN-CO,2.5T 하이브리드,FWD,포레스트 그린,8,8,15103
2025-06,southeast,TRN,2025,TRN-CO,2.5T 하이브리드,FWD,샌드 베이지,8,8,15103
2025-06,southeast,TRN,2025,TRN-PR,3.5 가솔린,AWD,스노우 화이트,101,103,228916
2025-06,southeast,TRN,2025,TRN-PR,3.5 가솔린,AWD,미드나잇 블랙,80,81,181225
2025-06,southeast,TRN,2025,TRN-PR,3.5 가솔린,AWD,스틸 그레이,67,68,152611
2025-06,southeast,TRN,2025,TRN-PR,3.5 가솔린,AWD,실버,54,56,123996
2025-06,southeast,TRN,2025,TRN-PR,3.5 가솔린,AWD,오션 블루,42,43,95382
2025-06,southeast,TRN,2025,TRN-PR,3.5 가솔린,AWD,선셋 레드,34,34,76305
2025-06,southeast,TRN,2025,TRN-PR,3.5 가솔린,AWD,포레스트 그린,21,21,47691
2025-06,southeast,TRN,2025,TRN-PR,3.5 가솔린,AWD,샌드 베이지,21,21,47691
2025-06,southeast,TRN,2025,TRN-PR,3.5 가솔린,FWD,스노우 화이트,57,58,130168
2025-06,southeast,TRN,2025,TRN-PR,3.5 가솔린,FWD,미드나잇 블랙,45,46,103049
2025-06,southeast,TRN,2025,TRN-PR,3.5 가솔린,FWD,스틸 그레이,38,39,86779
2025-06,southeast,TRN,2025,TRN-PR,3.5 가솔린,FWD,실버,31,32,70508
2025-06,southeast,TRN,2025,TRN-PR,3.5 가솔린,FWD,오션 블루,24,24,54237
2025-06,southeast,TRN,2025,TRN-PR,3.5 가솔린,FWD,선셋 레드,19,19,43389
2025-06,southeast,TRN,2025,TRN-PR,3.5 가솔린,FWD,포레스트 그린,12,12,27118
2025-06,southeast,TRN,2025,TRN-PR,3.5 가솔린,FWD,샌드 베이지,12,12,27118
2025-06,southeast,TRN,2025,TRN-PR,2.5T 하이브리드,AWD,스노우 화이트,78,79,176963
2025-06,southeast,TRN,2025,TRN-PR,2.5T 하이브리드,AWD,미드나잇 블랙,62,63,140096
2025-06,southeast,TRN,2025,TRN-PR,2.5T 하이브리드,AWD,스틸 그레이,52,53,117976
2025-06,southeast,TRN,2025,TRN-PR,2.5T 하이브리드,AWD,실버,42,43,95855
2025-06,southeast,TRN,2025,TRN-PR,2.5T 하이브리드,AWD,오션 블루,32,33,73735
2025-06,southeast,TRN,2025,TRN-PR,2.5T 하이브리드,AWD,선셋 레드,26,26,58988
2025-06,southeast,TRN,2025,TRN-PR,2.5T 하이브리드,AWD,포레스트 그린,16,17,36867
2025-06,southeast,TRN,2025,TRN-PR,2.5T 하이브리드,AWD,샌드 베이지,16,17,36867
2025-06,southeast,TRN,2025,TRN-PR,2.5T 하이브리드,FWD,스노우 화이트,44,45,100626
2025-06,southeast,TRN,2025,TRN-PR,2.5T 하이브리드,FWD,미드나잇 블랙,35,36,79662
2025-06,southeast,TRN,2025,TRN-PR,2.5T 하이브리드,FWD,스틸 그레이,29,30,67084
2025-06,southeast,TRN,2025,TRN-PR,2.5T 하이브리드,FWD,실버,24,24,54506
2025-06,southeast,TRN,2025,TRN-PR,2.5T 하이브리드,FWD,오션 블루,18,19,41928
2025-06,southeast,TRN,2025,TRN-PR,2.5T 하이브리드,FWD,선셋 레드,15,15,33542
2025-06,southeast,TRN,2025,TRN-PR,2.5T 하이브리드,FWD,포레스트 그린,9,9,20964
2025-06,southeast,TRN,2025,TRN-PR,2.5T 하이브리드,FWD,샌드 베이지,9,9,20964
2025-06,southeast,TRN,2025,TRN-SU,3.5 가솔린,AWD,스노우 화이트,41,42,120825
2025-06,southeast,TRN,2025,TRN-SU,3.5 가솔린,AWD,미드나잇 블랙,33,33,95653
2025-06,southeast,TRN,2025,TRN-SU,3.5 가솔린,AWD,스틸 그레이,27,28,80550
2025-06,southeast,TRN,2025,TRN-SU,3.5 가솔린,AWD,실버,22,23,65447
2025-06,southeast,TRN,2025,TRN-SU,3.5 가솔린,AWD,오션 블루,17,17,50344
2025-06,southeast,TRN,2025,TRN-SU,3.5 가솔린,AWD,선셋 레드,14,14,40275
2025-06,southeast,TRN,2025,TRN-SU,3.5 가솔린,AWD,포레스트 그린,9,9,25172
2025-06,southeast,TRN,2025,TRN-SU,3.5 가솔린,AWD,샌드 베이지,9,9,25172
2025-06,southeast,TRN,2025,TRN-SU,3.5 가솔린,FWD,스노우 화이트,23,24,68704
2025-06,southeast,TRN,2025,TRN-SU,3.5 가솔린,FWD,미드나잇 블랙,19,19,54391
2025-06,southeast,TRN,2025,TRN-SU,3.5 가솔린,FWD,스틸 그레이,16,16,45803
2025-06,southeast,TRN,2025,TRN-SU,3.5 가솔린,FWD,실버,13,13,37215
2025-06,southeast,TRN,2025,TRN-SU,3.5 가솔린,FWD,오션 블루,10,10,28627
2025-06,southeast,TRN,2025,TRN-SU,3.5 가솔린,FWD,선셋 레드,8,8,22901
2025-06,southeast,TRN,2025,TRN-SU,3.5 가솔린,FWD,포레스트 그린,5,5,14313
2025-06,southeast,TRN,2025,TRN-SU,3.5 가솔린,FWD,샌드 베이지,5,5,14313
2025-06,southeast,TRN,2025,TRN-SU,2.5T 하이브리드,AWD,스노우 화이트,32,32,93404
2025-06,southeast,TRN,2025,TRN-SU,2.5T 하이브리드,AWD,미드나잇 블랙,25,26,73945
2025-06,southeast,TRN,2025,TRN-SU,2.5T 하이브리드,AWD,스틸 그레이,21,22,62269
2025-06,southeast,TRN,2025,TRN-SU,2.5T 하이브리드,AWD,실버,17,18,50594
2025-06,southeast,TRN,2025,TRN-SU,2.5T 하이브리드,AWD,오션 블루,13,14,38918
2025-06,southeast,TRN,2025,TRN-SU,2.5T 하이브리드,AWD,선셋 레드,11,11,31135
2025-06,southeast,TRN,2025,TRN-SU,2.5T 하이브리드,AWD,포레스트 그린,7,7,19459
2025-06,southeast,TRN,2025,TRN-SU,2.5T 하이브리드,AWD,샌드 베이지,7,7,19459
2025-06,southeast,TRN,2025,TRN-SU,2.5T 하이브리드,FWD,스노우 화이트,18,18,53112
2025-06,southeast,TRN,2025,TRN-SU,2.5T 하이브리드,FWD,미드나잇 블랙,14,15,42047
2025-06,southeast,TRN,2025,TRN-SU,2.5T 하이브리드,FWD,스틸 그레이,12,12,35408
2025-06,southeast,TRN,2025,TRN-SU,2.5T 하이브리드,FWD,실버,10,10,28769
2025-06,southeast,TRN,2025,TRN-SU,2.5T 하이브리드,FWD,오션 블루,8,8,22130
2025-06,southeast,TRN,2025,TRN-SU,2.5T 하이브리드,FWD,선셋 레드,6,6,17704
2025-06,southeast,TRN,2025,TRN-SU,2.5T 하이브리드,FWD,포레스트 그린,4,4,11065
2025-06,southeast,TRN,2025,TRN-SU,2.5T 하이브리드,FWD,샌드 베이지,4,4,11065
2025-06,west,VST,2025,VST-CO,2.5 가솔린,AWD,스노우 화이트,96,98,73518
2025-06,west,VST,2025,VST-CO,2.5 가솔린,AWD,미드나잇 블랙,76,78,58202
2025-06,west,VST,2025,VST-CO,2.5 가솔린,AWD,스틸 그레이,64,65,49012
2025-06,west,VST,2025,VST-CO,2.5 가솔린,AWD,실버,52,53,39822
2025-06,west,VST,2025,VST-CO,2.5 가솔린,AWD,오션 블루,40,41,30633
2025-06,west,VST,2025,VST-CO,2.5 가솔린,AWD,선셋 레드,32,33,24506
2025-06,west,VST,2025,VST-CO,2.5 가솔린,AWD,포레스트 그린,20,20,15316
2025-06,west,VST,2025,VST-CO,2.5 가솔린,AWD,샌드 베이지,20,20,15316
2025-06,west,VST,2025,VST-CO,2.5 가솔린,FWD,스노우 화이트,117,120,89856
2025-06,west,VST,2025,VST-CO,2.5 가솔린,FWD,미드나잇 블랙,93,95,71136
2025-06,west,VST,2025,VST-CO,2.5 가솔린,FWD,스틸 그레이,78,80,59904
2025-06,west,VST,2025,VST-CO,2.5 가솔린,FWD,실버,64,65,48672
2025-06,west,VST,2025,VST-CO,2.5 가솔린,FWD,오션 블루,49,50,37440
2025-06,west,VST,2025,VST-CO,2.5 가솔린,FWD,선셋 레드,39,40,29952
2025-06,west,VST,2025,VST-CO,2.5 가솔린,FWD,포레스트 그린,24,25,18720
2025-06,west,VST,2025,VST-CO,2.5 가솔린,FWD,샌드 베이지,24,25,18720
2025-06,west,VST,2025,VST-CO,1.6T 하이브리드,AWD,스노우 화이트,74,76,56833
2025-06,west,VST,2025,VST-CO,1.6T 하이브리드,AWD,미드나잇 블랙,59,60,44993
2025-06,west,VST,2025,VST-CO,1.6T 하이브리드,AWD,스틸 그레이,49,50,37889
2025-06,west,VST,2025,VST-CO,1.6T 하이브리드,AWD,실버,40,41,30785
2025-06,west,VST,2025,VST-CO,1.6T 하이브리드,AWD,오션 블루,31,32,23681
2025-06,west,VST,2025,VST-CO,1.6T 하이브리드,AWD,선셋 레드,25,25,18944
2025-06,west,VST,2025,VST-CO,1.6T 하이브리드,AWD,포레스트 그린,15,16,11840
2025-06,west,VST,2025,VST-CO,1.6T 하이브리드,AWD,샌드 베이지,15,16,11840
2025-06,west,VST,2025,VST-CO,1.6T 하이브리드,FWD,스노우 화이트,91,92,69463
2025-06,west,VST,2025,VST-CO,1.6T 하이브리드,FWD,미드나잇 블랙,72,73,54991
2025-06,west,VST,2025,VST-CO,1.6T 하이브리드,FWD,스틸 그레이,60,62,46309
2025-06,west,VST,2025,VST-CO,1.6T 하이브리드,FWD,실버,49,50,37626
2025-06,west,VST,2025,VST-CO,1.6T 하이브리드,FWD,오션 블루,38,39,28943
2025-06,west,VST,2025,VST-CO,1.6T 하이브리드,FWD,선셋 레드,30,31,23154
2025-06,west,VST,2025,VST-CO,1.6T 하이브리드,FWD,포레스트 그린,19,19,14471
2025-06,west,VST,2025,VST-CO,1.6T 하이브리드,FWD,샌드 베이지,19,19,14471
2025-06,west,VST,2025,VST-PR,2.5 가솔린,AWD,스노우 화이트,111,113,116120
2025-06,west,VST,2025,VST-PR,2.5 가솔린,AWD,미드나잇 블랙,88,90,91928
2025-06,west,VST,2025,VST-PR,2.5 가솔린,AWD,스틸 그레이,74,76,77413
2025-06,west,VST,2025,VST-PR,2.5 가솔린,AWD,실버,60,61,62898
2025-06,west,VST,2025,VST-PR,2.5 가솔린,AWD,오션 블루,46,47,48383
2025-06,west,VST,2025,VST-PR,2.5 가솔린,AWD,선셋 레드,37,38,38707
2025-06,west,VST,2025,VST-PR,2.5 가솔린,AWD,포레스트 그린,23,24,24192
2025-06,west,VST,2025,VST-PR,2.5 가솔린,AWD,샌드 베이지,23,24,24192
2025-06,west,VST,2025,VST-PR,2.5 가솔린,FWD,스노우 화이트,136,139,141924
2025-06,west,VST,2025,VST-PR,2.5 가솔린,FWD,미드나잇 블랙,108,110,112356
2025-06,west,VST,2025,VST-PR,2.5 가솔린,FWD,스틸 그레이,91,92,94616
2025-06,west,VST,2025,VST-PR,2.5 가솔린,FWD,실버,74,75,76875
2025-06,west,VST,2025,VST-PR,2.5 가솔린,FWD,오션 블루,57,58,59135
2025-06,west,VST,2025,VST-PR,2.5 가솔린,FWD,선셋 레드,45,46,47308
2025-06,west,VST,2025,VST-PR,2.5 가솔린,FWD,포레스트 그린,28,29,29567
2025-06,west,VST,2025,VST-PR,2.5 가솔린,FWD,샌드 베이지,28,29,29567
2025-06,west,VST,2025,VST-PR,1.6T 하이브리드,AWD,스노우 화이트,86,88,89766
2025-06,west,VST,2025,VST-PR,1.6T 하이브리드,AWD,미드나잇 블랙,68,69,71065
2025-06,west,VST,2025,VST-PR,1.6T 하이브리드,AWD,스틸 그레이,57,58,59844
2025-06,west,VST,2025,VST-PR,1.6T 하이브리드,AWD,실버,47,47,48623
2025-06,west,VST,2025,VST-PR,1.6T 하이브리드,AWD,오션 블루,36,37,37403
2025-06,west,VST,2025,VST-PR,1.6T 하이브리드,AWD,선셋 레드,29,29,29922
2025-06,west,VST,2025,VST-PR,1.6T 하이브리드,AWD,포레스트 그린,18,18,18701
2025-06,west,VST,2025,VST-PR,1.6T 하이브리드,AWD,샌드 베이지,18,18,18701
2025-06,west,VST,2025,VST-PR,1.6T 하이브리드,FWD,스노우 화이트,105,107,109714
2025-06,west,VST,2025,VST-PR,1.6T 하이브리드,FWD,미드나잇 블랙,83,85,86857
2025-06,west,VST,2025,VST-PR,1.6T 하이브리드,FWD,스틸 그레이,70,71,73143
2025-06,west,VST,2025,VST-PR,1.6T 하이브리드,FWD,실버,57,58,59429
2025-06,west,VST,2025,VST-PR,1.6T 하이브리드,FWD,오션 블루,44,45,45714
2025-06,west,VST,2025,VST-PR,1.6T 하이브리드,FWD,선셋 레드,35,36,36571
2025-06,west,VST,2025,VST-PR,1.6T 하이브리드,FWD,포레스트 그린,22,22,22857
2025-06,west,VST,2025,VST-PR,1.6T 하이브리드,FWD,샌드 베이지,22,22,22857
2025-06,west,VST,2025,VST-TR,2.5 가솔린,AWD,스노우 화이트,45,46,69692
2025-06,west,VST,2025,VST-TR,2.5 가솔린,AWD,미드나잇 블랙,36,37,55173
2025-06,west,VST,2025,VST-TR,2.5 가솔린,AWD,스틸 그레이,30,31,46461
2025-06,west,VST,2025,VST-TR,2.5 가솔린,AWD,실버,25,25,37750
2025-06,west,VST,2025,VST-TR,2.5 가솔린,AWD,오션 블루,19,19,29038
2025-06,west,VST,2025,VST-TR,2.5 가솔린,AWD,선셋 레드,15,15,23231
2025-06,west,VST,2025,VST-TR,2.5 가솔린,AWD,포레스트 그린,9,10,14519
2025-06,west,VST,2025,VST-TR,2.5 가솔린,AWD,샌드 베이지,9,10,14519
2025-06,west,VST,2025,VST-TR,2.5 가솔린,FWD,스노우 화이트,56,57,85179
2025-06,west,VST,2025,VST-TR,2.5 가솔린,FWD,미드나잇 블랙,44,45,67433
2025-06,west,VST,2025,VST-TR,2.5 가솔린,FWD,스틸 그레이,37,38,56786
2025-06,west,VST,2025,VST-TR,2.5 가솔린,FWD,실버,30,31,46139
2025-06,west,VST,2025,VST-TR,2.5 가솔린,FWD,오션 블루,23,24,35491
2025-06,west,VST,2025,VST-TR,2.5 가솔린,FWD,선셋 레드,19,19,28393
2025-06,west,VST,2025,VST-TR,2.5 가솔린,FWD,포레스트 그린,12,12,17746
2025-06,west,VST,2025,VST-TR,2.5 가솔린,FWD,샌드 베이지,12,12,17746
2025-06,west,VST,2025,VST-TR,1.6T 하이브리드,AWD,스노우 화이트,35,36,53875
2025-06,west,VST,2025,VST-TR,1.6T 하이브리드,AWD,미드나잇 블랙,28,28,42651
2025-06,west,VST,2025,VST-TR,1.6T 하이브리드,AWD,스틸 그레이,23,24,35917
2025-06,west,VST,2025,VST-TR,1.6T 하이브리드,AWD,실버,19,19,29182
2025-06,west,VST,2025,VST-TR,1.6T 하이브리드,AWD,오션 블루,15,15,22448
2025-06,west,VST,2025,VST-TR,1.6T 하이브리드,AWD,선셋 레드,12,12,17958
2025-06,west,VST,2025,VST-TR,1.6T 하이브리드,AWD,포레스트 그린,7,7,11224
2025-06,west,VST,2025,VST-TR,1.6T 하이브리드,AWD,샌드 베이지,7,7,11224
2025-06,west,VST,2025,VST-TR,1.6T 하이브리드,FWD,스노우 화이트,43,44,65848
2025-06,west,VST,2025,VST-TR,1.6T 하이브리드,FWD,미드나잇 블랙,34,35,52129
2025-06,west,VST,2025,VST-TR,1.6T 하이브리드,FWD,스틸 그레이,29,29,43898
2025-06,west,VST,2025,VST-TR,1.6T 하이브리드,FWD,실버,23,24,35667
2025-06,west,VST,2025,VST-TR,1.6T 하이브리드,FWD,오션 블루,18,18,27436
2025-06,west,VST,2025,VST-TR,1.6T 하이브리드,FWD,선셋 레드,14,15,21949
2025-06,west,VST,2025,VST-TR,1.6T 하이브리드,FWD,포레스트 그린,9,9,13718
2025-06,west,VST,2025,VST-TR,1.6T 하이브리드,FWD,샌드 베이지,9,9,13718
2025-06,central,VST,2025,VST-CO,2.5 가솔린,AWD,스노우 화이트,72,74,55280
2025-06,central,VST,2025,VST-CO,2.5 가솔린,AWD,미드나잇 블랙,57,58,43763
2025-06,central,VST,2025,VST-CO,2.5 가솔린,AWD,스틸 그레이,48,49,36853
2025-06,central,VST,2025,VST-CO,2.5 가솔린,AWD,실버,39,40,29943
2025-06,central,VST,2025,VST-CO,2.5 가솔린,AWD,오션 블루,30,31,23033
2025-06,central,VST,2025,VST-CO,2.5 가솔린,AWD,선셋 레드,24,25,18427
2025-06,central,VST,2025,VST-CO,2.5 가솔린,AWD,포레스트 그린,15,15,11517
2025-06,central,VST,2025,VST-CO,2.5 가솔린,AWD,샌드 베이지,15,15,11517
2025-06,central,VST,2025,VST-CO,2.5 가솔린,FWD,스노우 화이트,67,69,51541
2025-06,central,VST,2025,VST-CO,2.5 가솔린,FWD,미드나잇 블랙,53,54,40804
2025-06,central,VST,2025,VST-CO,2.5 가솔린,FWD,스틸 그레이,45,46,34361
2025-06,central,VST,2025,VST-CO,2.5 가솔린,FWD,실버,36,37,27918
2025-06,central,VST,2025,VST-CO,2.5 가솔린,FWD,오션 블루,28,29,21476
2025-06,central,VST,2025,VST-CO,2.5 가솔린,FWD,선셋 레드,22,23,17180
2025-06,central,VST,2025,VST-CO,2.5 가솔린,FWD,포레스트 그린,14,14,10738
2025-06,central,VST,2025,VST-CO,2.5 가솔린,FWD,샌드 베이지,14,14,10738
2025-06,central,VST,2025,VST-CO,1.6T 하이브리드,AWD,스노우 화이트,56,57,42734
2025-06,central,VST,2025,VST-CO,1.6T 하이브리드,AWD,미드나잇 블랙,44,45,33831
2025-06,central,VST,2025,VST-CO,1.6T 하이브리드,AWD,스틸 그레이,37,38,28489
2025-06,central,VST,2025,VST-CO,1.6T 하이브리드,AWD,실버,30,31,23148
2025-06,central,VST,2025,VST-CO,1.6T 하이브리드,AWD,오션 블루,23,24,17806
2025-06,central,VST,2025,VST-CO,1.6T 하이브리드,AWD,선셋 레드,19,19,14245
2025-06,central,VST,2025,VST-CO,1.6T 하이브리드,AWD,포레스트 그린,12,12,8903
2025-06,central,VST,2025,VST-CO,1.6T 하이브리드,AWD,샌드 베이지,12,12,8903
2025-06,central,VST,2025,VST-CO,1.6T 하이브리드,FWD,스노우 화이트,52,53,39844
2025-06,central,VST,2025,VST-CO,1.6T 하이브리드,FWD,미드나잇 블랙,41,42,31543
2025-06,central,VST,2025,VST-CO,1.6T 하이브리드,FWD,스틸 그레이,35,35,26563
2025-06,central,VST,2025,VST-CO,1.6T 하이브리드,FWD,실버,28,29,21582
2025-06,central,VST,2025,VST-CO,1.6T 하이브리드,FWD,오션 블루,22,22,16602
2025-06,central,VST,2025,VST-CO,1.6T 하이브리드,FWD,선셋 레드,17,18,13281
2025-06,central,VST,2025,VST-CO,1.6T 하이브리드,FWD,포레스트 그린,11,11,8301
2025-06,central,VST,2025,VST-CO,1.6T 하이브리드,FWD,샌드 베이지,11,11,8301
2025-06,central,VST,2025,VST-PR,2.5 가솔린,AWD,스노우 화이트,84,85,87313
2025-06,central,VST,2025,VST-PR,2.5 가솔린,AWD,미드나잇 블랙,66,67,69123
2025-06,central,VST,2025,VST-PR,2.5 가솔린,AWD,스틸 그레이,56,57,58209
2025-06,central,VST,2025,VST-PR,2.5 가솔린,AWD,실버,45,46,47295
2025-06,central,VST,2025,VST-PR,2.5 가솔린,AWD,오션 블루,35,36,36380
2025-06,central,VST,2025,VST-PR,2.5 가솔린,AWD,선셋 레드,28,28,29104
2025-06,central,VST,2025,VST-PR,2.5 가솔린,AWD,포레스트 그린,17,18,18190
2025-06,central,VST,2025,VST-PR,2.5 가솔린,AWD,샌드 베이지,17,18,18190
2025-06,central,VST,2025,VST-PR,2.5 가솔린,FWD,스노우 화이트,78,79,81408
2025-06,central,VST,2025,VST-PR,2.5 가솔린,FWD,미드나잇 블랙,62,63,64448
2025-06,central,VST,2025,VST-PR,2.5 가솔린,FWD,스틸 그레이,52,53,54272
2025-06,central,VST,2025,VST-PR,2.5 가솔린,FWD,실버,42,43,44096
2025-06,central,VST,2025,VST-PR,2.5 가솔린,FWD,오션 블루,32,33,33920
2025-06,central,VST,2025,VST-PR,2.5 가솔린,FWD,선셋 레드,26,26,27136
2025-06,central,VST,2025,VST-PR,2.5 가솔린,FWD,포레스트 그린,16,17,16960
2025-06,central,VST,2025,VST-PR,2.5 가솔린,FWD,샌드 베이지,16,17,16960
2025-06,central,VST,2025,VST-PR,1.6T 하이브리드,AWD,스노우 화이트,65,66,67497
2025-06,central,VST,2025,VST-PR,1.6T 하이브리드,AWD,미드나잇 블랙,51,52,53435
2025-06,central,VST,2025,VST-PR,1.6T 하이브리드,AWD,스틸 그레이,43,44,44998
2025-06,central,VST,2025,VST-PR,1.6T 하이브리드,AWD,실버,35,36,36561
2025-06,central,VST,2025,VST-PR,1.6T 하이브리드,AWD,오션 블루,27,27,28124
2025-06,central,VST,2025,VST-PR,1.6T 하이브리드,AWD,선셋 레드,22,22,22499
2025-06,central,VST,2025,VST-PR,1.6T 하이브리드,AWD,포레스트 그린,13,14,14062
2025-06,central,VST,2025,VST-PR,1.6T 하이브리드,AWD,샌드 베이지,13,14,14062
2025-06,central,VST,2025,VST-PR,1.6T 하이브리드,FWD,스노우 화이트,60,61,62932
2025-06,central,VST,2025,VST-PR,1.6T 하이브리드,FWD,미드나잇 블랙,48,49,49821
2025-06,central,VST,2025,VST-PR,1.6T 하이브리드,FWD,스틸 그레이,40,41,41955
2025-06,central,VST,2025,VST-PR,1.6T 하이브리드,FWD,실버,33,33,34088
2025-06,central,VST,2025,VST-PR,1.6T 하이브리드,FWD,오션 블루,25,26,26222
2025-06,central,VST,2025,VST-PR,1.6T 하이브리드,FWD,선셋 레드,20,20,20977
2025-06,central,VST,2025,VST-PR,1.6T 하이브리드,FWD,포레스트 그린,13,13,13111
2025-06,central,VST,2025,VST-PR,1.6T 하이브리드,FWD,샌드 베이지,13,13,13111
2025-06,central,VST,2025,VST-TR,2.5 가솔린,AWD,스노우 화이트,34,35,52403
2025-06,central,VST,2025,VST-TR,2.5 가솔린,AWD,미드나잇 블랙,27,28,41486
2025-06,central,VST,2025,VST-TR,2.5 가솔린,AWD,스틸 그레이,23,23,34935
2025-06,central,VST,2025,VST-TR,2.5 가솔린,AWD,실버,19,19,28385
2025-06,central,VST,2025,VST-TR,2.5 가솔린,AWD,오션 블루,14,15,21835
2025-06,central,VST,2025,VST-TR,2.5 가솔린,AWD,선셋 레드,11,12,17468
2025-06,central,VST,2025,VST-TR,2.5 가솔린,AWD,포레스트 그린,7,7,10917
2025-06,central,VST,2025,VST-TR,2.5 가솔린,AWD,샌드 베이지,7,7,10917
2025-06,central,VST,2025,VST-TR,2.5 가솔린,FWD,스노우 화이트,32,33,48859
2025-06,central,VST,2025,VST-TR,2.5 가솔린,FWD,미드나잇 블랙,25,26,38680
2025-06,central,VST,2025,VST-TR,2.5 가솔린,FWD,스틸 그레이,21,22,32573
2025-06,central,VST,2025,VST-TR,2.5 가솔린,FWD,실버,17,18,26465
2025-06,central,VST,2025,VST-TR,2.5 가솔린,FWD,오션 블루,13,14,20358
2025-06,central,VST,2025,VST-TR,2.5 가솔린,FWD,선셋 레드,11,11,16286
2025-06,central,VST,2025,VST-TR,2.5 가솔린,FWD,포레스트 그린,7,7,10179
2025-06,central,VST,2025,VST-TR,2.5 가솔린,FWD,샌드 베이지,7,7,10179
2025-06,central,VST,2025,VST-TR,1.6T 하이브리드,AWD,스노우 화이트,26,27,40510
2025-06,central,VST,2025,VST-TR,1.6T 하이브리드,AWD,미드나잇 블랙,21,21,32070
2025-06,central,VST,2025,VST-TR,1.6T 하이브리드,AWD,스틸 그레이,18,18,27007
2025-06,central,VST,2025,VST-TR,1.6T 하이브리드,AWD,실버,14,15,21943
2025-06,central,VST,2025,VST-TR,1.6T 하이브리드,AWD,오션 블루,11,11,16879
2025-06,central,VST,2025,VST-TR,1.6T 하이브리드,AWD,선셋 레드,9,9,13503
2025-06,central,VST,2025,VST-TR,1.6T 하이브리드,AWD,포레스트 그린,6,6,8440
2025-06,central,VST,2025,VST-TR,1.6T 하이브리드,AWD,샌드 베이지,6,6,8440
2025-06,central,VST,2025,VST-TR,1.6T 하이브리드,FWD,스노우 화이트,25,25,37770
2025-06,central,VST,2025,VST-TR,1.6T 하이브리드,FWD,미드나잇 블랙,20,20,29901
2025-06,central,VST,2025,VST-TR,1.6T 하이브리드,FWD,스틸 그레이,16,17,25180
2025-06,central,VST,2025,VST-TR,1.6T 하이브리드,FWD,실버,13,14,20459
2025-06,central,VST,2025,VST-TR,1.6T 하이브리드,FWD,오션 블루,10,10,15738
2025-06,central,VST,2025,VST-TR,1.6T 하이브리드,FWD,선셋 레드,8,8,12590
2025-06,central,VST,2025,VST-TR,1.6T 하이브리드,FWD,포레스트 그린,5,5,7869
2025-06,central,VST,2025,VST-TR,1.6T 하이브리드,FWD,샌드 베이지,5,5,7869
2025-06,south,VST,2025,VST-CO,2.5 가솔린,AWD,스노우 화이트,58,60,44790
2025-06,south,VST,2025,VST-CO,2.5 가솔린,AWD,미드나잇 블랙,46,47,35458
2025-06,south,VST,2025,VST-CO,2.5 가솔린,AWD,스틸 그레이,39,40,29860
2025-06,south,VST,2025,VST-CO,2.5 가솔린,AWD,실버,32,32,24261
2025-06,south,VST,2025,VST-CO,2.5 가솔린,AWD,오션 블루,24,25,18662
2025-06,south,VST,2025,VST-CO,2.5 가솔린,AWD,선셋 레드,19,20,14930
2025-06,south,VST,2025,VST-CO,2.5 가솔린,AWD,포레스트 그린,12,12,9331
2025-06,south,VST,2025,VST-CO,2.5 가솔린,AWD,샌드 베이지,12,12,9331
2025-06,south,VST,2025,VST-CO,2.5 가솔린,FWD,스노우 화이트,122,124,93450
2025-06,south,VST,2025,VST-CO,2.5 가솔린,FWD,미드나잇 블랙,97,99,73981
2025-06,south,VST,2025,VST-CO,2.5 가솔린,FWD,스틸 그레이,81,83,62300
2025-06,south,VST,2025,VST-CO,2.5 가솔린,FWD,실버,66,67,50619
2025-06,south,VST,2025,VST-CO,2.5 가솔린,FWD,오션 블루,51,52,38937
2025-06,south,VST,2025,VST-CO,2.5 가솔린,FWD,선셋 레드,41,41,31150
2025-06,south,VST,2025,VST-CO,2.5 가솔린,FWD,포레스트 그린,25,26,19469
2025-06,south,VST,2025,VST-CO,2.5 가솔린,FWD,샌드 베이지,25,26,19469
2025-06,south,VST,2025,VST-CO,1.6T 하이브리드,AWD,스노우 화이트,45,46,34625
2025-06,south,VST,2025,VST-CO,1.6T 하이브리드,AWD,미드나잇 블랙,36,37,27411
2025-06,south,VST,2025,VST-CO,1.6T 하이브리드,AWD,스틸 그레이,30,31,23083
2025-06,south,VST,2025,VST-CO,1.6T 하이브리드,AWD,실버,24,25,18755
2025-06,south,VST,2025,VST-CO,1.6T 하이브리드,AWD,오션 블루,19,19,14427
2025-06,south,VST,2025,VST-CO,1.6T 하이브리드,AWD,선셋 레드,15,15,11542
2025-06,south,VST,2025,VST-CO,1.6T 하이브리드,AWD,포레스트 그린,9,10,7213
2025-06,south,VST,2025,VST-CO,1.6T 하이브리드,AWD,샌드 베이지,9,10,7213
2025-06,south,VST,2025,VST-CO,1.6T 하이브리드,FWD,스노우 화이트,94,96,72241
2025-06,south,VST,2025,VST-CO,1.6T 하이브리드,FWD,미드나잇 블랙,75,76,57191
2025-06,south,VST,2025,VST-CO,1.6T 하이브리드,FWD,스틸 그레이,63,64,48161
2025-06,south,VST,2025,VST-CO,1.6T 하이브리드,FWD,실버,51,52,39131
2025-06,south,VST,2025,VST-CO,1.6T 하이브리드,FWD,오션 블루,39,40,30101
2025-06,south,VST,2025,VST-CO,1.6T 하이브리드,FWD,선셋 레드,31,32,24080
2025-06,south,VST,2025,VST-CO,1.6T 하이브리드,FWD,포레스트 그린,20,20,15050
2025-06,south,VST,2025,VST-CO,1.6T 하이브리드,FWD,샌드 베이지,20,20,15050
2025-06,south,VST,2025,VST-PR,2.5 가솔린,AWD,스노우 화이트,68,69,70744
2025-06,south,VST,2025,VST-PR,2.5 가솔린,AWD,미드나잇 블랙,54,55,56005
2025-06,south,VST,2025,VST-PR,2.5 가솔린,AWD,스틸 그레이,45,46,47162
2025-06,south,VST,2025,VST-PR,2.5 가솔린,AWD,실버,37,37,38319
2025-06,south,VST,2025,VST-PR,2.5 가솔린,AWD,오션 블루,28,29,29477
2025-06,south,VST,2025,VST-PR,2.5 가솔린,AWD,선셋 레드,23,23,23581
2025-06,south,VST,2025,VST-PR,2.5 가솔린,AWD,포레스트 그린,14,14,14738
2025-06,south,VST,2025,VST-PR,2.5 가솔린,AWD,샌드 베이지,14,14,14738
2025-06,south,VST,2025,VST-PR,2.5 가솔린,FWD,스노우 화이트,141,144,147601
2025-06,south,VST,2025,VST-PR,2.5 가솔린,FWD,미드나잇 블랙,112,114,116851
2025-06,south,VST,2025,VST-PR,2.5 가솔린,FWD,스틸 그레이,94,96,98401
2025-06,south,VST,2025,VST-PR,2.5 가솔린,FWD,실버,77,78,79951
2025-06,south,VST,2025,VST-PR,2.5 가솔린,FWD,오션 블루,59,60,61500
2025-06,south,VST,2025,VST-PR,2.5 가솔린,FWD,선셋 레드,47,48,49200
2025-06,south,VST,2025,VST-PR,2.5 가솔린,FWD,포레스트 그린,29,30,30750
2025-06,south,VST,2025,VST-PR,2.5 가솔린,FWD,샌드 베이지,29,30,30750
2025-06,south,VST,2025,VST-PR,1.6T 하이브리드,AWD,스노우 화이트,52,53,54688
2025-06,south,VST,2025,VST-PR,1.6T 하이브리드,AWD,미드나잇 블랙,41,42,43295
2025-06,south,VST,2025,VST-PR,1.6T 하이브리드,AWD,스틸 그레이,35,36,36459
2025-06,south,VST,2025,VST-PR,1.6T 하이브리드,AWD,실버,28,29,29623
2025-06,south,VST,2025,VST-PR,1.6T 하이브리드,AWD,오션 블루,22,22,22787
2025-06,south,VST,2025,VST-PR,1.6T 하이브리드,AWD,선셋 레드,17,18,18229
2025-06,south,VST,2025,VST-PR,1.6T 하이브리드,AWD,포레스트 그린,11,11,11393
2025-06,south,VST,2025,VST-PR,1.6T 하이브리드,AWD,샌드 베이지,11,11,11393
2025-06,south,VST,2025,VST-PR,1.6T 하이브리드,FWD,스노우 화이트,109,111,114103
2025-06,south,VST,2025,VST-PR,1.6T 하이브리드,FWD,미드나잇 블랙,86,88,90331
2025-06,south,VST,2025,VST-PR,1.6T 하이브리드,FWD,스틸 그레이,73,74,76069
2025-06,south,VST,2025,VST-PR,1.6T 하이브리드,FWD,실버,59,60,61806
2025-06,south,VST,2025,VST-PR,1.6T 하이브리드,FWD,오션 블루,46,46,47543
2025-06,south,VST,2025,VST-PR,1.6T 하이브리드,FWD,선셋 레드,36,37,38034
2025-06,south,VST,2025,VST-PR,1.6T 하이브리드,FWD,포레스트 그린,23,23,23771
2025-06,south,VST,2025,VST-PR,1.6T 하이브리드,FWD,샌드 베이지,23,23,23771
2025-06,south,VST,2025,VST-TR,2.5 가솔린,AWD,스노우 화이트,28,28,42458
2025-06,south,VST,2025,VST-TR,2.5 가솔린,AWD,미드나잇 블랙,22,22,33613
2025-06,south,VST,2025,VST-TR,2.5 가솔린,AWD,스틸 그레이,18,19,28306
2025-06,south,VST,2025,VST-TR,2.5 가솔린,AWD,실버,15,15,22998
2025-06,south,VST,2025,VST-TR,2.5 가솔린,AWD,오션 블루,12,12,17691
2025-06,south,VST,2025,VST-TR,2.5 가솔린,AWD,선셋 레드,9,9,14153
2025-06,south,VST,2025,VST-TR,2.5 가솔린,AWD,포레스트 그린,6,6,8846
2025-06,south,VST,2025,VST-TR,2.5 가솔린,AWD,샌드 베이지,6,6,8846
2025-06,south,VST,2025,VST-TR,2.5 가솔린,FWD,스노우 화이트,58,59,88586
2025-06,south,VST,2025,VST-TR,2.5 가솔린,FWD,미드나잇 블랙,46,47,70131
2025-06,south,VST,2025,VST-TR,2.5 가솔린,FWD,스틸 그레이,39,39,59057
2025-06,south,VST,2025,VST-TR,2.5 가솔린,FWD,실버,31,32,47984
2025-06,south,VST,2025,VST-TR,2.5 가솔린,FWD,오션 블루,24,25,36911
2025-06,south,VST,2025,VST-TR,2.5 가솔린,FWD,선셋 레드,19,20,29529
2025-06,south,VST,2025,VST-TR,2.5 가솔린,FWD,포레스트 그린,12,12,18455
2025-06,south,VST,2025,VST-TR,2.5 가솔린,FWD,샌드 베이지,12,12,18455
2025-06,south,VST,2025,VST-TR,1.6T 하이브리드,AWD,스노우 화이트,21,22,32822
2025-06,south,VST,2025,VST-TR,1.6T 하이브리드,AWD,미드나잇 블랙,17,17,25984
2025-06,south,VST,2025,VST-TR,1.6T 하이브리드,AWD,스틸 그레이,14,15,21882
2025-06,south,VST,2025,VST-TR,1.6T 하이브리드,AWD,실버,12,12,17779
2025-06,south,VST,2025,VST-TR,1.6T 하이브리드,AWD,오션 블루,9,9,13676
2025-06,south,VST,2025,VST-TR,1.6T 하이브리드,AWD,선셋 레드,7,7,10941
2025-06,south,VST,2025,VST-TR,1.6T 하이브리드,AWD,포레스트 그린,4,5,6838
2025-06,south,VST,2025,VST-TR,1.6T 하이브리드,AWD,샌드 베이지,4,5,6838
2025-06,south,VST,2025,VST-TR,1.6T 하이브리드,FWD,스노우 화이트,45,46,68481
2025-06,south,VST,2025,VST-TR,1.6T 하이브리드,FWD,미드나잇 블랙,35,36,54214
2025-06,south,VST,2025,VST-TR,1.6T 하이브리드,FWD,스틸 그레이,30,30,45654
2025-06,south,VST,2025,VST-TR,1.6T 하이브리드,FWD,실버,24,25,37094
2025-06,south,VST,2025,VST-TR,1.6T 하이브리드,FWD,오션 블루,19,19,28534
2025-06,south,VST,2025,VST-TR,1.6T 하이브리드,FWD,선셋 레드,15,15,22827
2025-06,south,VST,2025,VST-TR,1.6T 하이브리드,FWD,포레스트 그린,9,9,14267
2025-06,south,VST,2025,VST-TR,1.6T 하이브리드,FWD,샌드 베이지,9,9,14267
2025-06,northeast,VST,2025,VST-CO,2.5 가솔린,AWD,스노우 화이트,82,83,62490
2025-06,northeast,VST,2025,VST-CO,2.5 가솔린,AWD,미드나잇 블랙,65,66,49472
2025-06,northeast,VST,2025,VST-CO,2.5 가솔린,AWD,스틸 그레이,54,55,41660
2025-06,northeast,VST,2025,VST-CO,2.5 가솔린,AWD,실버,44,45,33849
2025-06,northeast,VST,2025,VST-CO,2.5 가솔린,AWD,오션 블루,34,35,26038
2025-06,northeast,VST,2025,VST-CO,2.5 가솔린,AWD,선셋 레드,27,28,20830
2025-06,northeast,VST,2025,VST-CO,2.5 가솔린,AWD,포레스트 그린,17,17,13019
2025-06,northeast,VST,2025,VST-CO,2.5 가솔린,AWD,샌드 베이지,17,17,13019
2025-06,northeast,VST,2025,VST-CO,2.5 가솔린,FWD,스노우 화이트,58,59,44331
2025-06,northeast,VST,2025,VST-CO,2.5 가솔린,FWD,미드나잇 블랙,46,47,35095
2025-06,northeast,VST,2025,VST-CO,2.5 가솔린,FWD,스틸 그레이,39,39,29554
2025-06,northeast,VST,2025,VST-CO,2.5 가솔린,FWD,실버,31,32,24013
2025-06,northeast,VST,2025,VST-CO,2.5 가솔린,FWD,오션 블루,24,25,18471
2025-06,northeast,VST,2025,VST-CO,2.5 가솔린,FWD,선셋 레드,19,20,14777
2025-06,northeast,VST,2025,VST-CO,2.5 가솔린,FWD,포레스트 그린,12,12,9236
2025-06,northeast,VST,2025,VST-CO,2.5 가솔린,FWD,샌드 베이지,12,12,9236
2025-06,northeast,VST,2025,VST-CO,1.6T 하이브리드,AWD,스노우 화이트,63,64,48308
2025-06,northeast,VST,2025,VST-CO,1.6T 하이브리드,AWD,미드나잇 블랙,50,51,38244
2025-06,northeast,VST,2025,VST-CO,1.6T 하이브리드,AWD,스틸 그레이,42,43,32205
2025-06,northeast,VST,2025,VST-CO,1.6T 하이브리드,AWD,실버,34,35,26167
2025-06,northeast,VST,2025,VST-CO,1.6T 하이브리드,AWD,오션 블루,26,27,20128
2025-06,northeast,VST,2025,VST-CO,1.6T 하이브리드,AWD,선셋 레드,21,21,16103
2025-06,northeast,VST,2025,VST-CO,1.6T 하이브리드,AWD,포레스트 그린,13,13,10064
2025-06,northeast,VST,2025,VST-CO,1.6T 하이브리드,AWD,샌드 베이지,13,13,10064
2025-06,northeast,VST,2025,VST-CO,1.6T 하이브리드,FWD,스노우 화이트,45,46,34270
2025-06,northeast,VST,2025,VST-CO,1.6T 하이브리드,FWD,미드나잇 블랙,35,36,27130
2025-06,northeast,VST,2025,VST-CO,1.6T 하이브리드,FWD,스틸 그레이,30,30,22847
2025-06,northeast,VST,2025,VST-CO,1.6T 하이브리드,FWD,실버,24,25,18563
2025-06,northeast,VST,2025,VST-CO,1.6T 하이브리드,FWD,오션 블루,19,19,14279
2025-06,northeast,VST,2025,VST-CO,1.6T 하이브리드,FWD,선셋 레드,15,15,11423
2025-06,northeast,VST,2025,VST-CO,1.6T 하이브리드,FWD,포레스트 그린,9,10,7140
2025-06,northeast,VST,2025,VST-CO,1.6T 하이브리드,FWD,샌드 베이지,9,10,7140
2025-06,northeast,VST,2025,VST-PR,2.5 가솔린,AWD,스노우 화이트,94,96,98702
2025-06,northeast,VST,2025,VST-PR,2.5 가솔린,AWD,미드나잇 블랙,75,76,78139
2025-06,northeast,VST,2025,VST-PR,2.5 가솔린,AWD,스틸 그레이,63,64,65801
2025-06,northeast,VST,2025,VST-PR,2.5 가솔린,AWD,실버,51,52,53463
2025-06,northeast,VST,2025,VST-PR,2.5 가솔린,AWD,오션 블루,39,40,41126
2025-06,northeast,VST,2025,VST-PR,2.5 가솔린,AWD,선셋 레드,31,32,32901
2025-06,northeast,VST,2025,VST-PR,2.5 가솔린,AWD,포레스트 그린,20,20,20563
2025-06,northeast,VST,2025,VST-PR,2.5 가솔린,AWD,샌드 베이지,20,20,20563
2025-06,northeast,VST,2025,VST-PR,2.5 가솔린,FWD,스노우 화이트,67,68,70019
2025-06,northeast,VST,2025,VST-PR,2.5 가솔린,FWD,미드나잇 블랙,53,54,55432
2025-06,northeast,VST,2025,VST-PR,2.5 가솔린,FWD,스틸 그레이,45,46,46679
2025-06,northeast,VST,2025,VST-PR,2.5 가솔린,FWD,실버,36,37,37927
2025-06,northeast,VST,2025,VST-PR,2.5 가솔린,FWD,오션 블루,28,28,29175
2025-06,northeast,VST,2025,VST-PR,2.5 가솔린,FWD,선셋 레드,22,23,23340
2025-06,northeast,VST,2025,VST-PR,2.5 가솔린,FWD,포레스트 그린,14,14,14587
2025-06,northeast,VST,2025,VST-PR,2.5 가솔린,FWD,샌드 베이지,14,14,14587
2025-06,northeast,VST,2025,VST-PR,1.6T 하이브리드,AWD,스노우 화이트,73,74,76301
2025-06,northeast,VST,2025,VST-PR,1.6T 하이브리드,AWD,미드나잇 블랙,58,59,60405
2025-06,northeast,VST,2025,VST-PR,1.6T 하이브리드,AWD,스틸 그레이,49,50,50868
2025-06,northeast,VST,2025,VST-PR,1.6T 하이브리드,AWD,실버,40,40,41330
2025-06,northeast,VST,2025,VST-PR,1.6T 하이브리드,AWD,오션 블루,30,31,31792
2025-06,northeast,VST,2025,VST-PR,1.6T 하이브리드,AWD,선셋 레드,24,25,25434
2025-06,northeast,VST,2025,VST-PR,1.6T 하이브리드,AWD,포레스트 그린,15,16,15896
2025-06,northeast,VST,2025,VST-PR,1.6T 하이브리드,AWD,샌드 베이지,15,16,15896
2025-06,northeast,VST,2025,VST-PR,1.6T 하이브리드,FWD,스노우 화이트,52,53,54128
2025-06,northeast,VST,2025,VST-PR,1.6T 하이브리드,FWD,미드나잇 블랙,41,42,42852
2025-06,northeast,VST,2025,VST-PR,1.6T 하이브리드,FWD,스틸 그레이,35,35,36086
2025-06,northeast,VST,2025,VST-PR,1.6T 하이브리드,FWD,실버,28,29,29319
2025-06,northeast,VST,2025,VST-PR,1.6T 하이브리드,FWD,오션 블루,22,22,22553
2025-06,northeast,VST,2025,VST-PR,1.6T 하이브리드,FWD,선셋 레드,17,18,18043
2025-06,northeast,VST,2025,VST-PR,1.6T 하이브리드,FWD,포레스트 그린,11,11,11277
2025-06,northeast,VST,2025,VST-PR,1.6T 하이브리드,FWD,샌드 베이지,11,11,11277
2025-06,northeast,VST,2025,VST-TR,2.5 가솔린,AWD,스노우 화이트,39,39,59238
2025-06,northeast,VST,2025,VST-TR,2.5 가솔린,AWD,미드나잇 블랙,31,31,46897
2025-06,northeast,VST,2025,VST-TR,2.5 가솔린,AWD,스틸 그레이,26,26,39492
2025-06,northeast,VST,2025,VST-TR,2.5 가솔린,AWD,실버,21,21,32087
2025-06,northeast,VST,2025,VST-TR,2.5 가솔린,AWD,오션 블루,16,16,24683
2025-06,northeast,VST,2025,VST-TR,2.5 가솔린,AWD,선셋 레드,13,13,19746
2025-06,northeast,VST,2025,VST-TR,2.5 가솔린,AWD,포레스트 그린,8,8,12341
2025-06,northeast,VST,2025,VST-TR,2.5 가솔린,AWD,샌드 베이지,8,8,12341
2025-06,northeast,VST,2025,VST-TR,2.5 가솔린,FWD,스노우 화이트,27,28,42024
2025-06,northeast,VST,2025,VST-TR,2.5 가솔린,FWD,미드나잇 블랙,22,22,33269
2025-06,northeast,VST,2025,VST-TR,2.5 가솔린,FWD,스틸 그레이,18,19,28016
2025-06,northeast,VST,2025,VST-TR,2.5 가솔린,FWD,실버,15,15,22763
2025-06,northeast,VST,2025,VST-TR,2.5 가솔린,FWD,오션 블루,11,12,17510
2025-06,northeast,VST,2025,VST-TR,2.5 가솔린,FWD,선셋 레드,9,9,14008
2025-06,northeast,VST,2025,VST-TR,2.5 가솔린,FWD,포레스트 그린,6,6,8755
2025-06,northeast,VST,2025,VST-TR,2.5 가솔린,FWD,샌드 베이지,6,6,8755
2025-06,northeast,VST,2025,VST-TR,1.6T 하이브리드,AWD,스노우 화이트,30,30,45794
2025-06,northeast,VST,2025,VST-TR,1.6T 하이브리드,AWD,미드나잇 블랙,24,24,36254
2025-06,northeast,VST,2025,VST-TR,1.6T 하이브리드,AWD,스틸 그레이,20,20,30529
2025-06,northeast,VST,2025,VST-TR,1.6T 하이브리드,AWD,실버,16,17,24805
2025-06,northeast,VST,2025,VST-TR,1.6T 하이브리드,AWD,오션 블루,12,13,19081
2025-06,northeast,VST,2025,VST-TR,1.6T 하이브리드,AWD,선셋 레드,10,10,15265
2025-06,northeast,VST,2025,VST-TR,1.6T 하이브리드,AWD,포레스트 그린,6,6,9540
2025-06,northeast,VST,2025,VST-TR,1.6T 하이브리드,AWD,샌드 베이지,6,6,9540
2025-06,northeast,VST,2025,VST-TR,1.6T 하이브리드,FWD,스노우 화이트,21,22,32486
2025-06,northeast,VST,2025,VST-TR,1.6T 하이브리드,FWD,미드나잇 블랙,17,17,25718
2025-06,northeast,VST,2025,VST-TR,1.6T 하이브리드,FWD,스틸 그레이,14,14,21658
2025-06,northeast,VST,2025,VST-TR,1.6T 하이브리드,FWD,실버,11,12,17597
2025-06,northeast,VST,2025,VST-TR,1.6T 하이브리드,FWD,오션 블루,9,9,13536
2025-06,northeast,VST,2025,VST-TR,1.6T 하이브리드,FWD,선셋 레드,7,7,10829
2025-06,northeast,VST,2025,VST-TR,1.6T 하이브리드,FWD,포레스트 그린,4,5,6768
2025-06,northeast,VST,2025,VST-TR,1.6T 하이브리드,FWD,샌드 베이지,4,5,6768
2025-06,southeast,VST,2025,VST-CO,2.5 가솔린,AWD,스노우 화이트,56,58,43263
2025-06,southeast,VST,2025,VST-CO,2.5 가솔린,AWD,미드나잇 블랙,45,46,34250
2025-06,southeast,VST,2025,VST-CO,2.5 가솔린,AWD,스틸 그레이,38,38,28842
2025-06,southeast,VST,2025,VST-CO,2.5 가솔린,AWD,실버,31,31,23434
2025-06,southeast,VST,2025,VST-CO,2.5 가솔린,AWD,오션 블루,24,24,18026
2025-06,southeast,VST,2025,VST-CO,2.5 가솔린,AWD,선셋 레드,19,19,14421
2025-06,southeast,VST,2025,VST-CO,2.5 가솔린,AWD,포레스트 그린,12,12,9013
2025-06,southeast,VST,2025,VST-CO,2.5 가솔린,AWD,샌드 베이지,12,12,9013
2025-06,southeast,VST,2025,VST-CO,2.5 가솔린,FWD,스노우 화이트,91,93,69842
2025-06,southeast,VST,2025,VST-CO,2.5 가솔린,FWD,미드나잇 블랙,72,74,55292
2025-06,southeast,VST,2025,VST-CO,2.5 가솔린,FWD,스틸 그레이,61,62,46562
2025-06,southeast,VST,2025,VST-CO,2.5 가솔린,FWD,실버,49,50,37831
2025-06,southeast,VST,2025,VST-CO,2.5 가솔린,FWD,오션 블루,38,39,29101
2025-06,southeast,VST,2025,VST-CO,2.5 가솔린,FWD,선셋 레드,30,31,23281
2025-06,southeast,VST,2025,VST-CO,2.5 가솔린,FWD,포레스트 그린,19,19,14550
2025-06,southeast,VST,2025,VST-CO,2.5 가솔린,FWD,샌드 베이지,19,19,14550
2025-06,southeast,VST,2025,VST-CO,1.6T 하이브리드,AWD,스노우 화이트,44,45,33444
2025-06,southeast,VST,2025,VST-CO,1.6T 하이브리드,AWD,미드나잇 블랙,35,35,26477
2025-06,southeast,VST,2025,VST-CO,1.6T 하이브리드,AWD,스틸 그레이,29,30,22296
2025-06,southeast,VST,2025,VST-CO,1.6T 하이브리드,AWD,실버,24,24,18116
2025-06,southeast,VST,2025,VST-CO,1.6T 하이브리드,AWD,오션 블루,18,19,13935
2025-06,southeast,VST,2025,VST-CO,1.6T 하이브리드,AWD,선셋 레드,15,15,11148
2025-06,southeast,VST,2025,VST-CO,1.6T 하이브리드,AWD,포레스트 그린,9,9,6968
2025-06,southeast,VST,2025,VST-CO,1.6T 하이브리드,AWD,샌드 베이지,9,9,6968
2025-06,southeast,VST,2025,VST-CO,1.6T 하이브리드,FWD,스노우 화이트,70,72,53992
2025-06,southeast,VST,2025,VST-CO,1.6T 하이브리드,FWD,미드나잇 블랙,56,57,42743
2025-06,southeast,VST,2025,VST-CO,1.6T 하이브리드,FWD,스틸 그레이,47,48,35994
2025-06,southeast,VST,2025,VST-CO,1.6T 하이브리드,FWD,실버,38,39,29245
2025-06,southeast,VST,2025,VST-CO,1.6T 하이브리드,FWD,오션 블루,29,30,22496
2025-06,southeast,VST,2025,VST-CO,1.6T 하이브리드,FWD,선셋 레드,23,24,17997
2025-06,southeast,VST,2025,VST-CO,1.6T 하이브리드,FWD,포레스트 그린,15,15,11248
2025-06,southeast,VST,2025,VST-CO,1.6T 하이브리드,FWD,샌드 베이지,15,15,11248
2025-06,southeast,VST,2025,VST-PR,2.5 가솔린,AWD,스노우 화이트,65,67,68332
2025-06,southeast,VST,2025,VST-PR,2.5 가솔린,AWD,미드나잇 블랙,52,53,54096
2025-06,southeast,VST,2025,VST-PR,2.5 가솔린,AWD,스틸 그레이,44,44,45555
2025-06,southeast,VST,2025,VST-PR,2.5 가솔린,AWD,실버,35,36,37013
2025-06,southeast,VST,2025,VST-PR,2.5 가솔린,AWD,오션 블루,27,28,28472
2025-06,southeast,VST,2025,VST-PR,2.5 가솔린,AWD,선셋 레드,22,22,22777
2025-06,southeast,VST,2025,VST-PR,2.5 가솔린,AWD,포레스트 그린,14,14,14236
2025-06,southeast,VST,2025,VST-PR,2.5 가솔린,AWD,샌드 베이지,14,14,14236
2025-06,southeast,VST,2025,VST-PR,2.5 가솔린,FWD,스노우 화이트,106,108,110314
2025-06,southeast,VST,2025,VST-PR,2.5 가솔린,FWD,미드나잇 블랙,84,85,87332
2025-06,southeast,VST,2025,VST-PR,2.5 가솔린,FWD,스틸 그레이,70,72,73542
2025-06,southeast,VST,2025,VST-PR,2.5 가솔린,FWD,실버,57,58,59753
2025-06,southeast,VST,2025,VST-PR,2.5 가솔린,FWD,오션 블루,44,45,45964
2025-06,southeast,VST,2025,VST-PR,2.5 가솔린,FWD,선셋 레드,35,36,36771
2025-06,southeast,VST,2025,VST-PR,2.5 가솔린,FWD,포레스트 그린,22,22,22982
2025-06,southeast,VST,2025,VST-PR,2.5 가솔린,FWD,샌드 베이지,22,22,22982
2025-06,southeast,VST,2025,VST-PR,1.6T 하이브리드,AWD,스노우 화이트,51,52,52824
2025-06,southeast,VST,2025,VST-PR,1.6T 하이브리드,AWD,미드나잇 블랙,40,41,41819
2025-06,southeast,VST,2025,VST-PR,1.6T 하이브리드,AWD,스틸 그레이,34,34,35216
2025-06,southeast,VST,2025,VST-PR,1.6T 하이브리드,AWD,실버,27,28,28613
2025-06,southeast,VST,2025,VST-PR,1.6T 하이브리드,AWD,오션 블루,21,21,22010
2025-06,southeast,VST,2025,VST-PR,1.6T 하이브리드,AWD,선셋 레드,17,17,17608
2025-06,southeast,VST,2025,VST-PR,1.6T 하이브리드,AWD,포레스트 그린,11,11,11005
2025-06,southeast,VST,2025,VST-PR,1.6T 하이브리드,AWD,샌드 베이지,11,11,11005
2025-06,southeast,VST,2025,VST-PR,1.6T 하이브리드,FWD,스노우 화이트,82,83,85278
2025-06,southeast,VST,2025,VST-PR,1.6T 하이브리드,FWD,미드나잇 블랙,65,66,67512
2025-06,southeast,VST,2025,VST-PR,1.6T 하이브리드,FWD,스틸 그레이,54,55,56852
2025-06,southeast,VST,2025,VST-PR,1.6T 하이브리드,FWD,실버,44,45,46192
2025-06,southeast,VST,2025,VST-PR,1.6T 하이브리드,FWD,오션 블루,34,35,35532
2025-06,southeast,VST,2025,VST-PR,1.6T 하이브리드,FWD,선셋 레드,27,28,28426
2025-06,southeast,VST,2025,VST-PR,1.6T 하이브리드,FWD,포레스트 그린,17,17,17766
2025-06,southeast,VST,2025,VST-PR,1.6T 하이브리드,FWD,샌드 베이지,17,17,17766
2025-06,southeast,VST,2025,VST-TR,2.5 가솔린,AWD,스노우 화이트,27,27,41011
2025-06,southeast,VST,2025,VST-TR,2.5 가솔린,AWD,미드나잇 블랙,21,22,32467
2025-06,southeast,VST,2025,VST-TR,2.5 가솔린,AWD,스틸 그레이,18,18,27341
2025-06,southeast,VST,2025,VST-TR,2.5 가솔린,AWD,실버,14,15,22214
2025-06,southeast,VST,2025,VST-TR,2.5 가솔린,AWD,오션 블루,11,11,17088
2025-06,southeast,VST,2025,VST-TR,2.5 가솔린,AWD,선셋 레드,9,9,13670
2025-06,southeast,VST,2025,VST-TR,2.5 가솔린,AWD,포레스트 그린,6,6,8544
2025-06,southeast,VST,2025,VST-TR,2.5 가솔린,AWD,샌드 베이지,6,6,8544
2025-06,southeast,VST,2025,VST-TR,2.5 가솔린,FWD,스노우 화이트,43,44,66207
2025-06,southeast,VST,2025,VST-TR,2.5 가솔린,FWD,미드나잇 블랙,34,35,52414
2025-06,southeast,VST,2025,VST-TR,2.5 가솔린,FWD,스틸 그레이,29,29,44138
2025-06,southeast,VST,2025,VST-TR,2.5 가솔린,FWD,실버,23,24,35862
2025-06,southeast,VST,2025,VST-TR,2.5 가솔린,FWD,오션 블루,18,18,27586
2025-06,southeast,VST,2025,VST-TR,2.5 가솔린,FWD,선셋 레드,14,15,22069
2025-06,southeast,VST,2025,VST-TR,2.5 가솔린,FWD,포레스트 그린,9,9,13793
2025-06,southeast,VST,2025,VST-TR,2.5 가솔린,FWD,샌드 베이지,9,9,13793
2025-06,southeast,VST,2025,VST-TR,1.6T 하이브리드,AWD,스노우 화이트,21,21,31704
2025-06,southeast,VST,2025,VST-TR,1.6T 하이브리드,AWD,미드나잇 블랙,16,17,25099
2025-06,southeast,VST,2025,VST-TR,1.6T 하이브리드,AWD,스틸 그레이,14,14,21136
2025-06,southeast,VST,2025,VST-TR,1.6T 하이브리드,AWD,실버,11,11,17173
2025-06,southeast,VST,2025,VST-TR,1.6T 하이브리드,AWD,오션 블루,9,9,13210
2025-06,southeast,VST,2025,VST-TR,1.6T 하이브리드,AWD,선셋 레드,7,7,10568
2025-06,southeast,VST,2025,VST-TR,1.6T 하이브리드,AWD,포레스트 그린,4,4,6605
2025-06,southeast,VST,2025,VST-TR,1.6T 하이브리드,AWD,샌드 베이지,4,4,6605
2025-06,southeast,VST,2025,VST-TR,1.6T 하이브리드,FWD,스노우 화이트,33,34,51181
2025-06,southeast,VST,2025,VST-TR,1.6T 하이브리드,FWD,미드나잇 블랙,26,27,40519
2025-06,southeast,VST,2025,VST-TR,1.6T 하이브리드,FWD,스틸 그레이,22,23,34121
2025-06,southeast,VST,2025,VST-TR,1.6T 하이브리드,FWD,실버,18,18,27723
2025-06,southeast,VST,2025,VST-TR,1.6T 하이브리드,FWD,오션 블루,14,14,21326
2025-06,southeast,VST,2025,VST-TR,1.6T 하이브리드,FWD,선셋 레드,11,11,17060
2025-06,southeast,VST,2025,VST-TR,1.6T 하이브리드,FWD,포레스트 그린,7,7,10663
2025-06,southeast,VST,2025,VST-TR,1.6T 하이브리드,FWD,샌드 베이지,7,7,10663
2025-06,west,AUR,2025,AUR-AI,스탠다드 레인지,AWD,스노우 화이트,31,32,16510
2025-06,west,AUR,2025,AUR-AI,스탠다드 레인지,AWD,미드나잇 블랙,25,25,13070
2025-06,west,AUR,2025,AUR-AI,스탠다드 레인지,AWD,스틸 그레이,21,21,11007
2025-06,west,AUR,2025,AUR-AI,스탠다드 레인지,AWD,실버,17,17,8943
2025-06,west,AUR,2025,AUR-AI,스탠다드 레인지,AWD,오션 블루,13,13,6879
2025-06,west,AUR,2025,AUR-AI,스탠다드 레인지,AWD,선셋 레드,10,11,5503
2025-06,west,AUR,2025,AUR-AI,스탠다드 레인지,AWD,포레스트 그린,6,7,3440
2025-06,west,AUR,2025,AUR-AI,스탠다드 레인지,AWD,샌드 베이지,6,7,3440
2025-06,west,AUR,2025,AUR-AI,스탠다드 레인지,FWD,스노우 화이트,25,26,13508
2025-06,west,AUR,2025,AUR-AI,스탠다드 레인지,FWD,미드나잇 블랙,20,20,10694
2025-06,west,AUR,2025,AUR-AI,스탠다드 레인지,FWD,스틸 그레이,17,17,9005
2025-06,west,AUR,2025,AUR-AI,스탠다드 레인지,FWD,실버,14,14,7317
2025-06,west,AUR,2025,AUR-AI,스탠다드 레인지,FWD,오션 블루,11,11,5628
2025-06,west,AUR,2025,AUR-AI,스탠다드 레인지,FWD,선셋 레드,8,9,4503
2025-06,west,AUR,2025,AUR-AI,스탠다드 레인지,FWD,포레스트 그린,5,5,2814
2025-06,west,AUR,2025,AUR-AI,스탠다드 레인지,FWD,샌드 베이지,5,5,2814
2025-06,west,AUR,2025,AUR-AI,롱레인지,AWD,스노우 화이트,57,58,30393
2025-06,west,AUR,2025,AUR-AI,롱레인지,AWD,미드나잇 블랙,45,46,24062
2025-06,west,AUR,2025,AUR-AI,롱레인지,AWD,스틸 그레이,38,39,20262
2025-06,west,AUR,2025,AUR-AI,롱레인지,AWD,실버,31,32,16463
2025-06,west,AUR,2025,AUR-AI,롱레인지,AWD,오션 블루,24,24,12664
2025-06,west,AUR,2025,AUR-AI,롱레인지,AWD,선셋 레드,19,19,10131
2025-06,west,AUR,2025,AUR-AI,롱레인지,AWD,포레스트 그린,12,12,6332
2025-06,west,AUR,2025,AUR-AI,롱레인지,AWD,샌드 베이지,12,12,6332
2025-06,west,AUR,2025,AUR-AI,롱레인지,FWD,스노우 화이트,47,48,24867
2025-06,west,AUR,2025,AUR-AI,롱레인지,FWD,미드나잇 블랙,37,38,19687
2025-06,west,AUR,2025,AUR-AI,롱레인지,FWD,스틸 그레이,31,32,16578
2025-06,west,AUR,2025,AUR-AI,롱레인지,FWD,실버,25,26,13470
2025-06,west,AUR,2025,AUR-AI,롱레인지,FWD,오션 블루,19,20,10361
2025-06,west,AUR,2025,AUR-AI,롱레인지,FWD,선셋 레드,16,16,8289
2025-06,west,AUR,2025,AUR-AI,롱레인지,FWD,포레스트 그린,10,10,5181
2025-06,west,AUR,2025,AUR-AI,롱레인지,FWD,샌드 베이지,10,10,5181
2025-06,west,AUR,2025,AUR-RA,스탠다드 레인지,AWD,스노우 화이트,36,37,28240
2025-06,west,AUR,2025,AUR-RA,스탠다드 레인지,AWD,미드나잇 블랙,28,29,22357
2025-06,west,AUR,2025,AUR-RA,스탠다드 레인지,AWD,스틸 그레이,24,24,18827
2025-06,west,AUR,2025,AUR-RA,스탠다드 레인지,AWD,실버,19,20,15297
2025-06,west,AUR,2025,AUR-RA,스탠다드 레인지,AWD,오션 블루,15,15,11767
2025-06,west,AUR,2025,AUR-RA,스탠다드 레인지,AWD,선셋 레드,12,12,9413
2025-06,west,AUR,2025,AUR-RA,스탠다드 레인지,AWD,포레스트 그린,7,8,5883
2025-06,west,AUR,2025,AUR-RA,스탠다드 레인지,AWD,샌드 베이지,7,8,5883
2025-06,west,AUR,2025,AUR-RA,스탠다드 레인지,FWD,스노우 화이트,29,30,23105
2025-06,west,AUR,2025,AUR-RA,스탠다드 레인지,FWD,미드나잇 블랙,23,24,18292
2025-06,west,AUR,2025,AUR-RA,스탠다드 레인지,FWD,스틸 그레이,20,20,15404
2025-06,west,AUR,2025,AUR-RA,스탠다드 레인지,FWD,실버,16,16,12515
2025-06,west,AUR,2025,AUR-RA,스탠다드 레인지,FWD,오션 블루,12,12,9627
2025-06,west,AUR,2025,AUR-RA,스탠다드 레인지,FWD,선셋 레드,10,10,7702
2025-06,west,AUR,2025,AUR-RA,스탠다드 레인지,FWD,포레스트 그린,6,6,4814
2025-06,west,AUR,2025,AUR-RA,스탠다드 레인지,FWD,샌드 베이지,6,6,4814
2025-06,west,AUR,2025,AUR-RA,롱레인지,AWD,스노우 화이트,66,67,51987
2025-06,west,AUR,2025,AUR-RA,롱레인지,AWD,미드나잇 블랙,52,53,41156
2025-06,west,AUR,2025,AUR-RA,롱레인지,AWD,스틸 그레이,44,45,34658
2025-06,west,AUR,2025,AUR-RA,롱레인지,AWD,실버,36,36,28160
2025-06,west,AUR,2025,AUR-RA,롱레인지,AWD,오션 블루,28,28,21661
2025-06,west,AUR,2025,AUR-RA,롱레인지,AWD,선셋 레드,22,22,17329
2025-06,west,AUR,2025,AUR-RA,롱레인지,AWD,포레스트 그린,14,14,10831
2025-06,west,AUR,2025,AUR-RA,롱레인지,AWD,샌드 베이지,14,14,10831
2025-06,west,AUR,2025,AUR-RA,롱레인지,FWD,스노우 화이트,54,55,42535
2025-06,west,AUR,2025,AUR-RA,롱레인지,FWD,미드나잇 블랙,43,44,33673
2025-06,west,AUR,2025,AUR-RA,롱레인지,FWD,스틸 그레이,36,37,28357
2025-06,west,AUR,2025,AUR-RA,롱레인지,FWD,실버,29,30,23040
2025-06,west,AUR,2025,AUR-RA,롱레인지,FWD,오션 블루,23,23,17723
2025-06,west,AUR,2025,AUR-RA,롱레인지,FWD,선셋 레드,18,18,14178
2025-06,west,AUR,2025,AUR-RA,롱레인지,FWD,포레스트 그린,11,11,8861
2025-06,west,AUR,2025,AUR-RA,롱레인지,FWD,샌드 베이지,11,11,8861
2025-06,west,AUR,2025,AUR-MA,스탠다드 레인지,AWD,스노우 화이트,15,15,18084
2025-06,west,AUR,2025,AUR-MA,스탠다드 레인지,AWD,미드나잇 블랙,12,12,14316
2025-06,west,AUR,2025,AUR-MA,스탠다드 레인지,AWD,스틸 그레이,10,10,12056
2025-06,west,AUR,2025,AUR-MA,스탠다드 레인지,AWD,실버,8,8,9795
2025-06,west,AUR,2025,AUR-MA,스탠다드 레인지,AWD,오션 블루,6,6,7535
2025-06,west,AUR,2025,AUR-MA,스탠다드 레인지,AWD,선셋 레드,5,5,6028
2025-06,west,AUR,2025,AUR-MA,스탠다드 레인지,AWD,포레스트 그린,3,3,3767
2025-06,west,AUR,2025,AUR-MA,스탠다드 레인지,AWD,샌드 베이지,3,3,3767
2025-06,west,AUR,2025,AUR-MA,스탠다드 레인지,FWD,스노우 화이트,12,12,14796
2025-06,west,AUR,2025,AUR-MA,스탠다드 레인지,FWD,미드나잇 블랙,10,10,11713
2025-06,west,AUR,2025,AUR-MA,스탠다드 레인지,FWD,스틸 그레이,8,8,9864
2025-06,west,AUR,2025,AUR-MA,스탠다드 레인지,FWD,실버,7,7,8014
2025-06,west,AUR,2025,AUR-MA,스탠다드 레인지,FWD,오션 블루,5,5,6165
2025-06,west,AUR,2025,AUR-MA,스탠다드 레인지,FWD,선셋 레드,4,4,4932
2025-06,west,AUR,2025,AUR-MA,스탠다드 레인지,FWD,포레스트 그린,3,3,3082
2025-06,west,AUR,2025,AUR-MA,스탠다드 레인지,FWD,샌드 베이지,3,3,3082
2025-06,west,AUR,2025,AUR-MA,롱레인지,AWD,스노우 화이트,27,28,33291
2025-06,west,AUR,2025,AUR-MA,롱레인지,AWD,미드나잇 블랙,21,22,26355
2025-06,west,AUR,2025,AUR-MA,롱레인지,AWD,스틸 그레이,18,18,22194
2025-06,west,AUR,2025,AUR-MA,롱레인지,AWD,실버,15,15,18032
2025-06,west,AUR,2025,AUR-MA,롱레인지,AWD,오션 블루,11,11,13871
2025-06,west,AUR,2025,AUR-MA,롱레인지,AWD,선셋 레드,9,9,11097
2025-06,west,AUR,2025,AUR-MA,롱레인지,AWD,포레스트 그린,6,6,6936
2025-06,west,AUR,2025,AUR-MA,롱레인지,AWD,샌드 베이지,6,6,6936
2025-06,west,AUR,2025,AUR-MA,롱레인지,FWD,스노우 화이트,22,23,27238
2025-06,west,AUR,2025,AUR-MA,롱레인지,FWD,미드나잇 블랙,18,18,21563
2025-06,west,AUR,2025,AUR-MA,롱레인지,FWD,스틸 그레이,15,15,18159
2025-06,west,AUR,2025,AUR-MA,롱레인지,FWD,실버,12,12,14754
2025-06,west,AUR,2025,AUR-MA,롱레인지,FWD,오션 블루,9,9,11349
2025-06,west,AUR,2025,AUR-MA,롱레인지,FWD,선셋 레드,7,8,9079
2025-06,west,AUR,2025,AUR-MA,롱레인지,FWD,포레스트 그린,5,5,5675
2025-06,west,AUR,2025,AUR-MA,롱레인지,FWD,샌드 베이지,5,5,5675
2025-06,central,AUR,2025,AUR-AI,스탠다드 레인지,AWD,스노우 화이트,13,13,6897
2025-06,central,AUR,2025,AUR-AI,스탠다드 레인지,AWD,미드나잇 블랙,10,10,5460
2025-06,central,AUR,2025,AUR-AI,스탠다드 레인지,AWD,스틸 그레이,9,9,4598
2025-06,central,AUR,2025,AUR-AI,스탠다드 레인지,AWD,실버,7,7,3736
2025-06,central,AUR,2025,AUR-AI,스탠다드 레인지,AWD,오션 블루,5,6,2874
2025-06,central,AUR,2025,AUR-AI,스탠다드 레인지,AWD,선셋 레드,4,4,2299
2025-06,central,AUR,2025,AUR-AI,스탠다드 레인지,AWD,포레스트 그린,3,3,1437
2025-06,central,AUR,2025,AUR-AI,스탠다드 레인지,AWD,샌드 베이지,3,3,1437
2025-06,central,AUR,2025,AUR-AI,스탠다드 레인지,FWD,스노우 화이트,8,8,4007
2025-06,central,AUR,2025,AUR-AI,스탠다드 레인지,FWD,미드나잇 블랙,6,6,3172
2025-06,central,AUR,2025,AUR-AI,스탠다드 레인지,FWD,스틸 그레이,5,5,2671
2025-06,central,AUR,2025,AUR-AI,스탠다드 레인지,FWD,실버,4,4,2171
2025-06,central,AUR,2025,AUR-AI,스탠다드 레인지,FWD,오션 블루,3,3,1670
2025-06,central,AUR,2025,AUR-AI,스탠다드 레인지,FWD,선셋 레드,3,3,1336
2025-06,central,AUR,2025,AUR-AI,스탠다드 레인지,FWD,포레스트 그린,2,2,835
2025-06,central,AUR,2025,AUR-AI,스탠다드 레인지,FWD,샌드 베이지,2,2,835
2025-06,central,AUR,2025,AUR-AI,롱레인지,AWD,스노우 화이트,24,24,12696
2025-06,central,AUR,2025,AUR-AI,롱레인지,AWD,미드나잇 블랙,19,19,10051
2025-06,central,AUR,2025,AUR-AI,롱레인지,AWD,스틸 그레이,16,16,8464
2025-06,central,AUR,2025,AUR-AI,롱레인지,AWD,실버,13,13,6877
2025-06,central,AUR,2025,AUR-AI,롱레인지,AWD,오션 블루,10,10,5290
2025-06,central,AUR,2025,AUR-AI,롱레인지,AWD,선셋 레드,8,8,4232
2025-06,central,AUR,2025,AUR-AI,롱레인지,AWD,포레스트 그린,5,5,2645
2025-06,central,AUR,2025,AUR-AI,롱레인지,AWD,샌드 베이지,5,5,2645
2025-06,central,AUR,2025,AUR-AI,롱레인지,FWD,스노우 화이트,14,14,7377
2025-06,central,AUR,2025,AUR-AI,롱레인지,FWD,미드나잇 블랙,11,11,5840
2025-06,central,AUR,2025,AUR-AI,롱레인지,FWD,스틸 그레이,9,9,4918
2025-06,central,AUR,2025,AUR-AI,롱레인지,FWD,실버,7,8,3996
2025-06,central,AUR,2025,AUR-AI,롱레인지,FWD,오션 블루,6,6,3074
2025-06,central,AUR,2025,AUR-AI,롱레인지,FWD,선셋 레드,5,5,2459
2025-06,central,AUR,2025,AUR-AI,롱레인지,FWD,포레스트 그린,3,3,1537
2025-06,central,AUR,2025,AUR-AI,롱레인지,FWD,샌드 베이지,3,3,1537
2025-06,central,AUR,2025,AUR-RA,스탠다드 레인지,AWD,스노우 화이트,15,15,11797
2025-06,central,AUR,2025,AUR-RA,스탠다드 레인지,AWD,미드나잇 블랙,12,12,9339
2025-06,central,AUR,2025,AUR-RA,스탠다드 레인지,AWD,스틸 그레이,10,10,7865
2025-06,central,AUR,2025,AUR-RA,스탠다드 레인지,AWD,실버,8,8,6390
2025-06,central,AUR,2025,AUR-RA,스탠다드 레인지,AWD,오션 블루,6,6,4915
2025-06,central,AUR,2025,AUR-RA,스탠다드 레인지,AWD,선셋 레드,5,5,3932
2025-06,central,AUR,2025,AUR-RA,스탠다드 레인지,AWD,포레스트 그린,3,3,2458
2025-06,central,AUR,2025,AUR-RA,스탠다드 레인지,AWD,샌드 베이지,3,3,2458
2025-06,central,AUR,2025,AUR-RA,스탠다드 레인지,FWD,스노우 화이트,9,9,6854
2025-06,central,AUR,2025,AUR-RA,스탠다드 레인지,FWD,미드나잇 블랙,7,7,5426
2025-06,central,AUR,2025,AUR-RA,스탠다드 레인지,FWD,스틸 그레이,6,6,4570
2025-06,central,AUR,2025,AUR-RA,스탠다드 레인지,FWD,실버,5,5,3713
2025-06,central,AUR,2025,AUR-RA,스탠다드 레인지,FWD,오션 블루,4,4,2856
2025-06,central,AUR,2025,AUR-RA,스탠다드 레인지,FWD,선셋 레드,3,3,2285
2025-06,central,AUR,2025,AUR-RA,스탠다드 레인지,FWD,포레스트 그린,2,2,1428
2025-06,central,AUR,2025,AUR-RA,스탠다드 레인지,FWD,샌드 베이지,2,2,1428
2025-06,central,AUR,2025,AUR-RA,롱레인지,AWD,스노우 화이트,28,28,21717
2025-06,central,AUR,2025,AUR-RA,롱레인지,AWD,미드나잇 블랙,22,22,17192
2025-06,central,AUR,2025,AUR-RA,롱레인지,AWD,스틸 그레이,18,19,14478
2025-06,central,AUR,2025,AUR-RA,롱레인지,AWD,실버,15,15,11763
2025-06,central,AUR,2025,AUR-RA,롱레인지,AWD,오션 블루,11,12,9049
2025-06,central,AUR,2025,AUR-RA,롱레인지,AWD,선셋 레드,9,9,7239
2025-06,central,AUR,2025,AUR-RA,롱레인지,AWD,포레스트 그린,6,6,4524
2025-06,central,AUR,2025,AUR-RA,롱레인지,AWD,샌드 베이지,6,6,4524
2025-06,central,AUR,2025,AUR-RA,롱레인지,FWD,스노우 화이트,16,16,12618
2025-06,central,AUR,2025,AUR-RA,롱레인지,FWD,미드나잇 블랙,13,13,9989
2025-06,central,AUR,2025,AUR-RA,롱레인지,FWD,스틸 그레이,11,11,8412
2025-06,central,AUR,2025,AUR-RA,롱레인지,FWD,실버,9,9,6835
2025-06,central,AUR,2025,AUR-RA,롱레인지,FWD,오션 블루,7,7,5258
2025-06,central,AUR,2025,AUR-RA,롱레인지,FWD,선셋 레드,5,5,4206
2025-06,central,AUR,2025,AUR-RA,롱레인지,FWD,포레스트 그린,3,3,2629
2025-06,central,AUR,2025,AUR-RA,롱레인지,FWD,샌드 베이지,3,3,2629
2025-06,central,AUR,2025,AUR-MA,스탠다드 레인지,AWD,스노우 화이트,6,6,7554
2025-06,central,AUR,2025,AUR-MA,스탠다드 레인지,AWD,미드나잇 블랙,5,5,5980
2025-06,central,AUR,2025,AUR-MA,스탠다드 레인지,AWD,스틸 그레이,4,4,5036
2025-06,central,AUR,2025,AUR-MA,스탠다드 레인지,AWD,실버,3,3,4092
2025-06,central,AUR,2025,AUR-MA,스탠다드 레인지,AWD,오션 블루,3,3,3148
2025-06,central,AUR,2025,AUR-MA,스탠다드 레인지,AWD,선셋 레드,2,2,2518
2025-06,central,AUR,2025,AUR-MA,스탠다드 레인지,AWD,포레스트 그린,1,1,1574
2025-06,central,AUR,2025,AUR-MA,스탠다드 레인지,AWD,샌드 베이지,1,1,1574
2025-06,central,AUR,2025,AUR-MA,스탠다드 레인지,FWD,스노우 화이트,4,4,4389
2025-06,central,AUR,2025,AUR-MA,스탠다드 레인지,FWD,미드나잇 블랙,3,3,3475
2025-06,central,AUR,2025,AUR-MA,스탠다드 레인지,FWD,스틸 그레이,2,2,2926
2025-06,central,AUR,2025,AUR-MA,스탠다드 레인지,FWD,실버,2,2,2378
2025-06,central,AUR,2025,AUR-MA,스탠다드 레인지,FWD,오션 블루,1,2,1829
2025-06,central,AUR,2025,AUR-MA,스탠다드 레인지,FWD,선셋 레드,1,1,1463
2025-06,central,AUR,2025,AUR-MA,스탠다드 레인지,FWD,포레스트 그린,1,1,914
2025-06,central,AUR,2025,AUR-MA,스탠다드 레인지,FWD,샌드 베이지,1,1,914
2025-06,central,AUR,2025,AUR-MA,롱레인지,AWD,스노우 화이트,11,12,13907
2025-06,central,AUR,2025,AUR-MA,롱레인지,AWD,미드나잇 블랙,9,9,11009
2025-06,central,AUR,2025,AUR-MA,롱레인지,AWD,스틸 그레이,8,8,9271
2025-06,central,AUR,2025,AUR-MA,롱레인지,AWD,실버,6,6,7533
2025-06,central,AUR,2025,AUR-MA,롱레인지,AWD,오션 블루,5,5,5794
2025-06,central,AUR,2025,AUR-MA,롱레인지,AWD,선셋 레드,4,4,4636
2025-06,central,AUR,2025,AUR-MA,롱레인지,AWD,포레스트 그린,2,2,2897
2025-06,central,AUR,2025,AUR-MA,롱레인지,AWD,샌드 베이지,2,2,2897
2025-06,central,AUR,2025,AUR-MA,롱레인지,FWD,스노우 화이트,7,7,8080
2025-06,central,AUR,2025,AUR-MA,롱레인지,FWD,미드나잇 블랙,5,5,6397
2025-06,central,AUR,2025,AUR-MA,롱레인지,FWD,스틸 그레이,4,4,5387
2025-06,central,AUR,2025,AUR-MA,롱레인지,FWD,실버,4,4,4377
2025-06,central,AUR,2025,AUR-MA,롱레인지,FWD,오션 블루,3,3,3367
2025-06,central,AUR,2025,AUR-MA,롱레인지,FWD,선셋 레드,2,2,2693
2025-06,central,AUR,2025,AUR-MA,롱레인지,FWD,포레스트 그린,1,1,1683
2025-06,central,AUR,2025,AUR-MA,롱레인지,FWD,샌드 베이지,1,1,1683
2025-06,south,AUR,2025,AUR-AI,스탠다드 레인지,AWD,스노우 화이트,10,11,5588
2025-06,south,AUR,2025,AUR-AI,스탠다드 레인지,AWD,미드나잇 블랙,8,8,4424
2025-06,south,AUR,2025,AUR-AI,스탠다드 레인지,AWD,스틸 그레이,7,7,3725
2025-06,south,AUR,2025,AUR-AI,스탠다드 레인지,AWD,실버,6,6,3027
2025-06,south,AUR,2025,AUR-AI,스탠다드 레인지,AWD,오션 블루,4,4,2328
2025-06,south,AUR,2025,AUR-AI,스탠다드 레인지,AWD,선셋 레드,3,4,1863
2025-06,south,AUR,2025,AUR-AI,스탠다드 레인지,AWD,포레스트 그린,2,2,1164
2025-06,south,AUR,2025,AUR-AI,스탠다드 레인지,AWD,샌드 베이지,2,2,1164
2025-06,south,AUR,2025,AUR-AI,스탠다드 레인지,FWD,스노우 화이트,16,16,8523
2025-06,south,AUR,2025,AUR-AI,스탠다드 레인지,FWD,미드나잇 블랙,13,13,6747
2025-06,south,AUR,2025,AUR-AI,스탠다드 레인지,FWD,스틸 그레이,11,11,5682
2025-06,south,AUR,2025,AUR-AI,스탠다드 레인지,FWD,실버,9,9,4617
2025-06,south,AUR,2025,AUR-AI,스탠다드 레인지,FWD,오션 블루,7,7,3551
2025-06,south,AUR,2025,AUR-AI,스탠다드 레인지,FWD,선셋 레드,5,5,2841
2025-06,south,AUR,2025,AUR-AI,스탠다드 레인지,FWD,포레스트 그린,3,3,1776
2025-06,south,AUR,2025,AUR-AI,스탠다드 레인지,FWD,샌드 베이지,3,3,1776
2025-06,south,AUR,2025,AUR-AI,롱레인지,AWD,스노우 화이트,19,20,10287
2025-06,south,AUR,2025,AUR-AI,롱레인지,AWD,미드나잇 블랙,15,16,8144
2025-06,south,AUR,2025,AUR-AI,롱레인지,AWD,스틸 그레이,13,13,6858
2025-06,south,AUR,2025,AUR-AI,롱레인지,AWD,실버,10,11,5572
2025-06,south,AUR,2025,AUR-AI,롱레인지,AWD,오션 블루,8,8,4286
2025-06,south,AUR,2025,AUR-AI,롱레인지,AWD,선셋 레드,6,7,3429
2025-06,south,AUR,2025,AUR-AI,롱레인지,AWD,포레스트 그린,4,4,2143
2025-06,south,AUR,2025,AUR-AI,롱레인지,AWD,샌드 베이지,4,4,2143
2025-06,south,AUR,2025,AUR-AI,롱레인지,FWD,스노우 화이트,29,30,15690
2025-06,south,AUR,2025,AUR-AI,롱레인지,FWD,미드나잇 블랙,23,24,12422
2025-06,south,AUR,2025,AUR-AI,롱레인지,FWD,스틸 그레이,20,20,10460
2025-06,south,AUR,2025,AUR-AI,롱레인지,FWD,실버,16,16,8499
2025-06,south,AUR,2025,AUR-AI,롱레인지,FWD,오션 블루,12,13,6538
2025-06,south,AUR,2025,AUR-AI,롱레인지,FWD,선셋 레드,10,10,5230
2025-06,south,AUR,2025,AUR-AI,롱레인지,FWD,포레스트 그린,6,6,3269
2025-06,south,AUR,2025,AUR-AI,롱레인지,FWD,샌드 베이지,6,6,3269
2025-06,south,AUR,2025,AUR-RA,스탠다드 레인지,AWD,스노우 화이트,12,12,9558
2025-06,south,AUR,2025,AUR-RA,스탠다드 레인지,AWD,미드나잇 블랙,10,10,7567
2025-06,south,AUR,2025,AUR-RA,스탠다드 레인지,AWD,스틸 그레이,8,8,6372
2025-06,south,AUR,2025,AUR-RA,스탠다드 레인지,AWD,실버,7,7,5177
2025-06,south,AUR,2025,AUR-RA,스탠다드 레인지,AWD,오션 블루,5,5,3983
2025-06,south,AUR,2025,AUR-RA,스탠다드 레인지,AWD,선셋 레드,4,4,3186
2025-06,south,AUR,2025,AUR-RA,스탠다드 레인지,AWD,포레스트 그린,3,3,1991
2025-06,south,AUR,2025,AUR-RA,스탠다드 레인지,AWD,샌드 베이지,3,3,1991
2025-06,south,AUR,2025,AUR-RA,스탠다드 레인지,FWD,스노우 화이트,19,19,14579
2025-06,south,AUR,2025,AUR-RA,스탠다드 레인지,FWD,미드나잇 블랙,15,15,11541
2025-06,south,AUR,2025,AUR-RA,스탠다드 레인지,FWD,스틸 그레이,12,13,9719
2025-06,south,AUR,2025,AUR-RA,스탠다드 레인지,FWD,실버,10,10,7897
2025-06,south,AUR,2025,AUR-RA,스탠다드 레인지,FWD,오션 블루,8,8,6074
2025-06,south,AUR,2025,AUR-RA,스탠다드 레인지,FWD,선셋 레드,6,6,4860
2025-06,south,AUR,2025,AUR-RA,스탠다드 레인지,FWD,포레스트 그린,4,4,3037
2025-06,south,AUR,2025,AUR-RA,스탠다드 레인지,FWD,샌드 베이지,4,4,3037
2025-06,south,AUR,2025,AUR-RA,롱레인지,AWD,스노우 화이트,22,23,17596
2025-06,south,AUR,2025,AUR-RA,롱레인지,AWD,미드나잇 블랙,18,18,13930
2025-06,south,AUR,2025,AUR-RA,롱레인지,AWD,스틸 그레이,15,15,11730
2025-06,south,AUR,2025,AUR-RA,롱레인지,AWD,실버,12,12,9531
2025-06,south,AUR,2025,AUR-RA,롱레인지,AWD,오션 블루,9,10,7331
2025-06,south,AUR,2025,AUR-RA,롱레인지,AWD,선셋 레드,7,8,5865
2025-06,south,AUR,2025,AUR-RA,롱레인지,AWD,포레스트 그린,5,5,3666
2025-06,south,AUR,2025,AUR-RA,롱레인지,AWD,샌드 베이지,5,5,3666
2025-06,south,AUR,2025,AUR-RA,롱레인지,FWD,스노우 화이트,34,35,26838
2025-06,south,AUR,2025,AUR-RA,롱레인지,FWD,미드나잇 블랙,27,28,21247
2025-06,south,AUR,2025,AUR-RA,롱레인지,FWD,스틸 그레이,23,23,17892
2025-06,south,AUR,2025,AUR-RA,롱레인지,FWD,실버,18,19,14537
2025-06,south,AUR,2025,AUR-RA,롱레인지,FWD,오션 블루,14,14,11182
2025-06,south,AUR,2025,AUR-RA,롱레인지,FWD,선셋 레드,11,12,8946
2025-06,south,AUR,2025,AUR-RA,롱레인지,FWD,포레스트 그린,7,7,5591
2025-06,south,AUR,2025,AUR-RA,롱레인지,FWD,샌드 베이지,7,7,5591
2025-06,south,AUR,2025,AUR-MA,스탠다드 레인지,AWD,스노우 화이트,5,5,6121
2025-06,south,AUR,2025,AUR-MA,스탠다드 레인지,AWD,미드나잇 블랙,4,4,4846
2025-06,south,AUR,2025,AUR-MA,스탠다드 레인지,AWD,스틸 그레이,3,3,4080
2025-06,south,AUR,2025,AUR-MA,스탠다드 레인지,AWD,실버,3,3,3315
2025-06,south,AUR,2025,AUR-MA,스탠다드 레인지,AWD,오션 블루,2,2,2550
2025-06,south,AUR,2025,AUR-MA,스탠다드 레인지,AWD,선셋 레드,2,2,2040
2025-06,south,AUR,2025,AUR-MA,스탠다드 레인지,AWD,포레스트 그린,1,1,1275
2025-06,south,AUR,2025,AUR-MA,스탠다드 레인지,AWD,샌드 베이지,1,1,1275
2025-06,south,AUR,2025,AUR-MA,스탠다드 레인지,FWD,스노우 화이트,8,8,9336
2025-06,south,AUR,2025,AUR-MA,스탠다드 레인지,FWD,미드나잇 블랙,6,6,7391
2025-06,south,AUR,2025,AUR-MA,스탠다드 레인지,FWD,스틸 그레이,5,5,6224
2025-06,south,AUR,2025,AUR-MA,스탠다드 레인지,FWD,실버,4,4,5057
2025-06,south,AUR,2025,AUR-MA,스탠다드 레인지,FWD,오션 블루,3,3,3890
2025-06,south,AUR,2025,AUR-MA,스탠다드 레인지,FWD,선셋 레드,3,3,3112
2025-06,south,AUR,2025,AUR-MA,스탠다드 레인지,FWD,포레스트 그린,2,2,1945
2025-06,south,AUR,2025,AUR-MA,스탠다드 레인지,FWD,샌드 베이지,2,2,1945
2025-06,south,AUR,2025,AUR-MA,롱레인지,AWD,스노우 화이트,9,9,11268
2025-06,south,AUR,2025,AUR-MA,롱레인지,AWD,미드나잇 블랙,7,7,8920
2025-06,south,AUR,2025,AUR-MA,롱레인지,AWD,스틸 그레이,6,6,7512
2025-06,south,AUR,2025,AUR-MA,롱레인지,AWD,실버,5,5,6103
2025-06,south,AUR,2025,AUR-MA,롱레인지,AWD,오션 블루,4,4,4695
2025-06,south,AUR,2025,AUR-MA,롱레인지,AWD,선셋 레드,3,3,3756
2025-06,south,AUR,2025,AUR-MA,롱레인지,AWD,포레스트 그린,2,2,2347
2025-06,south,AUR,2025,AUR-MA,롱레인지,AWD,샌드 베이지,2,2,2347
2025-06,south,AUR,2025,AUR-MA,롱레인지,FWD,스노우 화이트,14,14,17186
2025-06,south,AUR,2025,AUR-MA,롱레인지,FWD,미드나잇 블랙,11,11,13606
2025-06,south,AUR,2025,AUR-MA,롱레인지,FWD,스틸 그레이,9,9,11457
2025-06,south,AUR,2025,AUR-MA,롱레인지,FWD,실버,8,8,9309
2025-06,south,AUR,2025,AUR-MA,롱레인지,FWD,오션 블루,6,6,7161
2025-06,south,AUR,2025,AUR-MA,롱레인지,FWD,선셋 레드,5,5,5729
2025-06,south,AUR,2025,AUR-MA,롱레인지,FWD,포레스트 그린,3,3,3580
2025-06,south,AUR,2025,AUR-MA,롱레인지,FWD,샌드 베이지,3,3,3580
2025-06,northeast,AUR,2025,AUR-AI,스탠다드 레인지,AWD,스노우 화이트,26,27,14034
2025-06,northeast,AUR,2025,AUR-AI,스탠다드 레인지,AWD,미드나잇 블랙,21,21,11110
2025-06,northeast,AUR,2025,AUR-AI,스탠다드 레인지,AWD,스틸 그레이,18,18,9356
2025-06,northeast,AUR,2025,AUR-AI,스탠다드 레인지,AWD,실버,14,15,7602
2025-06,northeast,AUR,2025,AUR-AI,스탠다드 레인지,AWD,오션 블루,11,11,5847
2025-06,northeast,AUR,2025,AUR-AI,스탠다드 레인지,AWD,선셋 레드,9,9,4678
2025-06,northeast,AUR,2025,AUR-AI,스탠다드 레인지,AWD,포레스트 그린,5,6,2924
2025-06,northeast,AUR,2025,AUR-AI,스탠다드 레인지,AWD,샌드 베이지,5,6,2924
2025-06,northeast,AUR,2025,AUR-AI,스탠다드 레인지,FWD,스노우 화이트,10,11,5594
2025-06,northeast,AUR,2025,AUR-AI,스탠다드 레인지,FWD,미드나잇 블랙,8,8,4428
2025-06,northeast,AUR,2025,AUR-AI,스탠다드 레인지,FWD,스틸 그레이,7,7,3729
2025-06,northeast,AUR,2025,AUR-AI,스탠다드 레인지,FWD,실버,6,6,3030
2025-06,northeast,AUR,2025,AUR-AI,스탠다드 레인지,FWD,오션 블루,4,4,2331
2025-06,northeast,AUR,2025,AUR-AI,스탠다드 레인지,FWD,선셋 레드,3,4,1865
2025-06,northeast,AUR,2025,AUR-AI,스탠다드 레인지,FWD,포레스트 그린,2,2,1165
2025-06,northeast,AUR,2025,AUR-AI,스탠다드 레인지,FWD,샌드 베이지,2,2,1165
2025-06,northeast,AUR,2025,AUR-AI,롱레인지,AWD,스노우 화이트,48,49,25834
2025-06,northeast,AUR,2025,AUR-AI,롱레인지,AWD,미드나잇 블랙,38,39,20452
2025-06,northeast,AUR,2025,AUR-AI,롱레인지,AWD,스틸 그레이,32,33,17223
2025-06,northeast,AUR,2025,AUR-AI,롱레인지,AWD,실버,26,27,13994
2025-06,northeast,AUR,2025,AUR-AI,롱레인지,AWD,오션 블루,20,21,10764
2025-06,northeast,AUR,2025,AUR-AI,롱레인지,AWD,선셋 레드,16,16,8611
2025-06,northeast,AUR,2025,AUR-AI,롱레인지,AWD,포레스트 그린,10,10,5382
2025-06,northeast,AUR,2025,AUR-AI,롱레인지,AWD,샌드 베이지,10,10,5382
2025-06,northeast,AUR,2025,AUR-AI,롱레인지,FWD,스노우 화이트,19,20,10298
2025-06,northeast,AUR,2025,AUR-AI,롱레인지,FWD,미드나잇 블랙,15,16,8152
2025-06,northeast,AUR,2025,AUR-AI,롱레인지,FWD,스틸 그레이,13,13,6865
2025-06,northeast,AUR,2025,AUR-AI,롱레인지,FWD,실버,10,11,5578
2025-06,northeast,AUR,2025,AUR-AI,롱레인지,FWD,오션 블루,8,8,4291
2025-06,northeast,AUR,2025,AUR-AI,롱레인지,FWD,선셋 레드,6,7,3433
2025-06,northeast,AUR,2025,AUR-AI,롱레인지,FWD,포레스트 그린,4,4,2145
2025-06,northeast,AUR,2025,AUR-AI,롱레인지,FWD,샌드 베이지,4,4,2145
2025-06,northeast,AUR,2025,AUR-RA,스탠다드 레인지,AWD,스노우 화이트,30,31,24004
2025-06,northeast,AUR,2025,AUR-RA,스탠다드 레인지,AWD,미드나잇 블랙,24,25,19003
2025-06,northeast,AUR,2025,AUR-RA,스탠다드 레인지,AWD,스틸 그레이,20,21,16003
2025-06,northeast,AUR,2025,AUR-RA,스탠다드 레인지,AWD,실버,17,17,13002
2025-06,northeast,AUR,2025,AUR-RA,스탠다드 레인지,AWD,오션 블루,13,13,10002
2025-06,northeast,AUR,2025,AUR-RA,스탠다드 레인지,AWD,선셋 레드,10,10,8001
2025-06,northeast,AUR,2025,AUR-RA,스탠다드 레인지,AWD,포레스트 그린,6,6,5001
2025-06,northeast,AUR,2025,AUR-RA,스탠다드 레인지,AWD,샌드 베이지,6,6,5001
2025-06,northeast,AUR,2025,AUR-RA,스탠다드 레인지,FWD,스노우 화이트,12,12,9568
2025-06,northeast,AUR,2025,AUR-RA,스탠다드 레인지,FWD,미드나잇 블랙,10,10,7575
2025-06,northeast,AUR,2025,AUR-RA,스탠다드 레인지,FWD,스틸 그레이,8,8,6379
2025-06,northeast,AUR,2025,AUR-RA,스탠다드 레인지,FWD,실버,7,7,5183
2025-06,northeast,AUR,2025,AUR-RA,스탠다드 레인지,FWD,오션 블루,5,5,3987
2025-06,northeast,AUR,2025,AUR-RA,스탠다드 레인지,FWD,선셋 레드,4,4,3189
2025-06,northeast,AUR,2025,AUR-RA,스탠다드 레인지,FWD,포레스트 그린,3,3,1993
2025-06,northeast,AUR,2025,AUR-RA,스탠다드 레인지,FWD,샌드 베이지,3,3,1993
2025-06,northeast,AUR,2025,AUR-RA,롱레인지,AWD,스노우 화이트,56,57,44189
2025-06,northeast,AUR,2025,AUR-RA,롱레인지,AWD,미드나잇 블랙,44,45,34983
2025-06,northeast,AUR,2025,AUR-RA,롱레인지,AWD,스틸 그레이,37,38,29459
2025-06,northeast,AUR,2025,AUR-RA,롱레인지,AWD,실버,30,31,23936
2025-06,northeast,AUR,2025,AUR-RA,롱레인지,AWD,오션 블루,23,24,18412
2025-06,northeast,AUR,2025,AUR-RA,롱레인지,AWD,선셋 레드,19,19,14730
2025-06,northeast,AUR,2025,AUR-RA,롱레인지,AWD,포레스트 그린,12,12,9206
2025-06,northeast,AUR,2025,AUR-RA,롱레인지,AWD,샌드 베이지,12,12,9206
2025-06,northeast,AUR,2025,AUR-RA,롱레인지,FWD,스노우 화이트,22,23,17614
2025-06,northeast,AUR,2025,AUR-RA,롱레인지,FWD,미드나잇 블랙,18,18,13944
2025-06,northeast,AUR,2025,AUR-RA,롱레인지,FWD,스틸 그레이,15,15,11743
2025-06,northeast,AUR,2025,AUR-RA,롱레인지,FWD,실버,12,12,9541
2025-06,northeast,AUR,2025,AUR-RA,롱레인지,FWD,오션 블루,9,10,7339
2025-06,northeast,AUR,2025,AUR-RA,롱레인지,FWD,선셋 레드,7,8,5871
2025-06,northeast,AUR,2025,AUR-RA,롱레인지,FWD,포레스트 그린,5,5,3670
2025-06,northeast,AUR,2025,AUR-RA,롱레인지,FWD,샌드 베이지,5,5,3670
2025-06,northeast,AUR,2025,AUR-MA,스탠다드 레인지,AWD,스노우 화이트,12,13,15371
2025-06,northeast,AUR,2025,AUR-MA,스탠다드 레인지,AWD,미드나잇 블랙,10,10,12169
2025-06,northeast,AUR,2025,AUR-MA,스탠다드 레인지,AWD,스틸 그레이,8,8,10248
2025-06,northeast,AUR,2025,AUR-MA,스탠다드 레인지,AWD,실버,7,7,8326
2025-06,northeast,AUR,2025,AUR-MA,스탠다드 레인지,AWD,오션 블루,5,5,6405
2025-06,northeast,AUR,2025,AUR-MA,스탠다드 레인지,AWD,선셋 레드,4,4,5124
2025-06,northeast,AUR,2025,AUR-MA,스탠다드 레인지,AWD,포레스트 그린,3,3,3202
2025-06,northeast,AUR,2025,AUR-MA,스탠다드 레인지,AWD,샌드 베이지,3,3,3202
2025-06,northeast,AUR,2025,AUR-MA,스탠다드 레인지,FWD,스노우 화이트,5,5,6127
2025-06,northeast,AUR,2025,AUR-MA,스탠다드 레인지,FWD,미드나잇 블랙,4,4,4851
2025-06,northeast,AUR,2025,AUR-MA,스탠다드 레인지,FWD,스틸 그레이,3,3,4085
2025-06,northeast,AUR,2025,AUR-MA,스탠다드 레인지,FWD,실버,3,3,3319
2025-06,northeast,AUR,2025,AUR-MA,스탠다드 레인지,FWD,오션 블루,2,2,2553
2025-06,northeast,AUR,2025,AUR-MA,스탠다드 레인지,FWD,선셋 레드,2,2,2042
2025-06,northeast,AUR,2025,AUR-MA,스탠다드 레인지,FWD,포레스트 그린,1,1,1276
2025-06,northeast,AUR,2025,AUR-MA,스탠다드 레인지,FWD,샌드 베이지,1,1,1276
2025-06,northeast,AUR,2025,AUR-MA,롱레인지,AWD,스노우 화이트,23,23,28297
2025-06,northeast,AUR,2025,AUR-MA,롱레인지,AWD,미드나잇 블랙,18,19,22402
2025-06,northeast,AUR,2025,AUR-MA,롱레인지,AWD,스틸 그레이,15,16,18865
2025-06,northeast,AUR,2025,AUR-MA,롱레인지,AWD,실버,12,13,15328
2025-06,northeast,AUR,2025,AUR-MA,롱레인지,AWD,오션 블루,10,10,11790
2025-06,northeast,AUR,2025,AUR-MA,롱레인지,AWD,선셋 레드,8,8,9432
2025-06,northeast,AUR,2025,AUR-MA,롱레인지,AWD,포레스트 그린,5,5,5895
2025-06,northeast,AUR,2025,AUR-MA,롱레인지,AWD,샌드 베이지,5,5,5895
2025-06,northeast,AUR,2025,AUR-MA,롱레인지,FWD,스노우 화이트,9,9,11279
2025-06,northeast,AUR,2025,AUR-MA,롱레인지,FWD,미드나잇 블랙,7,7,8929
2025-06,northeast,AUR,2025,AUR-MA,롱레인지,FWD,스틸 그레이,6,6,7520
2025-06,northeast,AUR,2025,AUR-MA,롱레인지,FWD,실버,5,5,6110
2025-06,northeast,AUR,2025,AUR-MA,롱레인지,FWD,오션 블루,4,4,4700
2025-06,northeast,AUR,2025,AUR-MA,롱레인지,FWD,선셋 레드,3,3,3760
2025-06,northeast,AUR,2025,AUR-MA,롱레인지,FWD,포레스트 그린,2,2,2350
2025-06,northeast,AUR,2025,AUR-MA,롱레인지,FWD,샌드 베이지,2,2,2350
2025-06,southeast,AUR,2025,AUR-AI,스탠다드 레인지,AWD,스노우 화이트,14,14,7197
2025-06,southeast,AUR,2025,AUR-AI,스탠다드 레인지,AWD,미드나잇 블랙,11,11,5697
2025-06,southeast,AUR,2025,AUR-AI,스탠다드 레인지,AWD,스틸 그레이,9,9,4798
2025-06,southeast,AUR,2025,AUR-AI,스탠다드 레인지,AWD,실버,7,7,3898
2025-06,southeast,AUR,2025,AUR-AI,스탠다드 레인지,AWD,오션 블루,6,6,2999
2025-06,southeast,AUR,2025,AUR-AI,스탠다드 레인지,AWD,선셋 레드,5,5,2399
2025-06,southeast,AUR,2025,AUR-AI,스탠다드 레인지,AWD,포레스트 그린,3,3,1499
2025-06,southeast,AUR,2025,AUR-AI,스탠다드 레인지,AWD,샌드 베이지,3,3,1499
2025-06,southeast,AUR,2025,AUR-AI,스탠다드 레인지,FWD,스노우 화이트,15,16,8197
2025-06,southeast,AUR,2025,AUR-AI,스탠다드 레인지,FWD,미드나잇 블랙,12,12,6490
2025-06,southeast,AUR,2025,AUR-AI,스탠다드 레인지,FWD,스틸 그레이,10,10,5465
2025-06,southeast,AUR,2025,AUR-AI,스탠다드 레인지,FWD,실버,8,8,4440
2025-06,southeast,AUR,2025,AUR-AI,스탠다드 레인지,FWD,오션 블루,6,7,3416
2025-06,southeast,AUR,2025,AUR-AI,스탠다드 레인지,FWD,선셋 레드,5,5,2732
2025-06,southeast,AUR,2025,AUR-AI,스탠다드 레인지,FWD,포레스트 그린,3,3,1708
2025-06,southeast,AUR,2025,AUR-AI,스탠다드 레인지,FWD,샌드 베이지,3,3,1708
2025-06,southeast,AUR,2025,AUR-AI,롱레인지,AWD,스노우 화이트,25,25,13248
2025-06,southeast,AUR,2025,AUR-AI,롱레인지,AWD,미드나잇 블랙,20,20,10488
2025-06,southeast,AUR,2025,AUR-AI,롱레인지,AWD,스틸 그레이,17,17,8832
2025-06,southeast,AUR,2025,AUR-AI,롱레인지,AWD,실버,13,14,7176
2025-06,southeast,AUR,2025,AUR-AI,롱레인지,AWD,오션 블루,10,11,5520
2025-06,southeast,AUR,2025,AUR-AI,롱레인지,AWD,선셋 레드,8,8,4416
2025-06,southeast,AUR,2025,AUR-AI,롱레인지,AWD,포레스트 그린,5,5,2760
2025-06,southeast,AUR,2025,AUR-AI,롱레인지,AWD,샌드 베이지,5,5,2760
2025-06,southeast,AUR,2025,AUR-AI,롱레인지,FWD,스노우 화이트,28,29,15090
2025-06,southeast,AUR,2025,AUR-AI,롱레인지,FWD,미드나잇 블랙,22,23,11947
2025-06,southeast,AUR,2025,AUR-AI,롱레인지,FWD,스틸 그레이,19,19,10060
2025-06,southeast,AUR,2025,AUR-AI,롱레인지,FWD,실버,15,16,8174
2025-06,southeast,AUR,2025,AUR-AI,롱레인지,FWD,오션 블루,12,12,6288
2025-06,southeast,AUR,2025,AUR-AI,롱레인지,FWD,선셋 레드,9,10,5030
2025-06,southeast,AUR,2025,AUR-AI,롱레인지,FWD,포레스트 그린,6,6,3144
2025-06,southeast,AUR,2025,AUR-AI,롱레인지,FWD,샌드 베이지,6,6,3144
2025-06,southeast,AUR,2025,AUR-RA,스탠다드 레인지,AWD,스노우 화이트,16,16,12310
2025-06,southeast,AUR,2025,AUR-RA,스탠다드 레인지,AWD,미드나잇 블랙,12,13,9745
2025-06,southeast,AUR,2025,AUR-RA,스탠다드 레인지,AWD,스틸 그레이,10,11,8206
2025-06,southeast,AUR,2025,AUR-RA,스탠다드 레인지,AWD,실버,8,9,6668
2025-06,southeast,AUR,2025,AUR-RA,스탠다드 레인지,AWD,오션 블루,7,7,5129
2025-06,southeast,AUR,2025,AUR-RA,스탠다드 레인지,AWD,선셋 레드,5,5,4103
2025-06,southeast,AUR,2025,AUR-RA,스탠다드 레인지,AWD,포레스트 그린,3,3,2565
2025-06,southeast,AUR,2025,AUR-RA,스탠다드 레인지,AWD,샌드 베이지,3,3,2565
2025-06,southeast,AUR,2025,AUR-RA,스탠다드 레인지,FWD,스노우 화이트,18,18,14021
2025-06,southeast,AUR,2025,AUR-RA,스탠다드 레인지,FWD,미드나잇 블랙,14,14,11100
2025-06,southeast,AUR,2025,AUR-RA,스탠다드 레인지,FWD,스틸 그레이,12,12,9347
2025-06,southeast,AUR,2025,AUR-RA,스탠다드 레인지,FWD,실버,10,10,7595
2025-06,southeast,AUR,2025,AUR-RA,스탠다드 레인지,FWD,오션 블루,7,8,5842
2025-06,southeast,AUR,2025,AUR-RA,스탠다드 레인지,FWD,선셋 레드,6,6,4674
2025-06,southeast,AUR,2025,AUR-RA,스탠다드 레인지,FWD,포레스트 그린,4,4,2921
2025-06,southeast,AUR,2025,AUR-RA,스탠다드 레인지,FWD,샌드 베이지,4,4,2921
2025-06,southeast,AUR,2025,AUR-RA,롱레인지,AWD,스노우 화이트,29,29,22661
2025-06,southeast,AUR,2025,AUR-RA,롱레인지,AWD,미드나잇 블랙,23,23,17940
2025-06,southeast,AUR,2025,AUR-RA,롱레인지,AWD,스틸 그레이,19,20,15107
2025-06,southeast,AUR,2025,AUR-RA,롱레인지,AWD,실버,16,16,12275
2025-06,southeast,AUR,2025,AUR-RA,롱레인지,AWD,오션 블루,12,12,9442
2025-06,southeast,AUR,2025,AUR-RA,롱레인지,AWD,선셋 레드,10,10,7554
2025-06,southeast,AUR,2025,AUR-RA,롱레인지,AWD,포레스트 그린,6,6,4721
2025-06,southeast,AUR,2025,AUR-RA,롱레인지,AWD,샌드 베이지,6,6,4721
2025-06,southeast,AUR,2025,AUR-RA,롱레인지,FWD,스노우 화이트,33,33,25812
2025-06,southeast,AUR,2025,AUR-RA,롱레인지,FWD,미드나잇 블랙,26,26,20434
2025-06,southeast,AUR,2025,AUR-RA,롱레인지,FWD,스틸 그레이,22,22,17208
2025-06,southeast,AUR,2025,AUR-RA,롱레인지,FWD,실버,18,18,13981
2025-06,southeast,AUR,2025,AUR-RA,롱레인지,FWD,오션 블루,14,14,10755
2025-06,southeast,AUR,2025,AUR-RA,롱레인지,FWD,선셋 레드,11,11,8604
2025-06,southeast,AUR,2025,AUR-RA,롱레인지,FWD,포레스트 그린,7,7,5377
2025-06,southeast,AUR,2025,AUR-RA,롱레인지,FWD,샌드 베이지,7,7,5377
2025-06,southeast,AUR,2025,AUR-MA,스탠다드 레인지,AWD,스노우 화이트,6,7,7883
2025-06,southeast,AUR,2025,AUR-MA,스탠다드 레인지,AWD,미드나잇 블랙,5,5,6240
2025-06,southeast,AUR,2025,AUR-MA,스탠다드 레인지,AWD,스틸 그레이,4,4,5255
2025-06,southeast,AUR,2025,AUR-MA,스탠다드 레인지,AWD,실버,3,4,4270
2025-06,southeast,AUR,2025,AUR-MA,스탠다드 레인지,AWD,오션 블루,3,3,3284
2025-06,southeast,AUR,2025,AUR-MA,스탠다드 레인지,AWD,선셋 레드,2,2,2628
2025-06,southeast,AUR,2025,AUR-MA,스탠다드 레인지,AWD,포레스트 그린,1,1,1642
2025-06,southeast,AUR,2025,AUR-MA,스탠다드 레인지,AWD,샌드 베이지,1,1,1642
2025-06,southeast,AUR,2025,AUR-MA,스탠다드 레인지,FWD,스노우 화이트,7,7,8979
2025-06,southeast,AUR,2025,AUR-MA,스탠다드 레인지,FWD,미드나잇 블랙,6,6,7108
2025-06,southeast,AUR,2025,AUR-MA,스탠다드 레인지,FWD,스틸 그레이,5,5,5986
2025-06,southeast,AUR,2025,AUR-MA,스탠다드 레인지,FWD,실버,4,4,4863
2025-06,southeast,AUR,2025,AUR-MA,스탠다드 레인지,FWD,오션 블루,3,3,3741
2025-06,southeast,AUR,2025,AUR-MA,스탠다드 레인지,FWD,선셋 레드,2,2,2993
2025-06,southeast,AUR,2025,AUR-MA,스탠다드 레인지,FWD,포레스트 그린,2,2,1871
2025-06,southeast,AUR,2025,AUR-MA,스탠다드 레인지,FWD,샌드 베이지,2,2,1871
2025-06,southeast,AUR,2025,AUR-MA,롱레인지,AWD,스노우 화이트,12,12,14511
2025-06,southeast,AUR,2025,AUR-MA,롱레인지,AWD,미드나잇 블랙,9,10,11488
2025-06,southeast,AUR,2025,AUR-MA,롱레인지,AWD,스틸 그레이,8,8,9674
2025-06,southeast,AUR,2025,AUR-MA,롱레인지,AWD,실버,6,7,7860
2025-06,southeast,AUR,2025,AUR-MA,롱레인지,AWD,오션 블루,5,5,6046
2025-06,southeast,AUR,2025,AUR-MA,롱레인지,AWD,선셋 레드,4,4,4837
2025-06,southeast,AUR,2025,AUR-MA,롱레인지,AWD,포레스트 그린,2,3,3023
2025-06,southeast,AUR,2025,AUR-MA,롱레인지,AWD,샌드 베이지,2,3,3023
2025-06,southeast,AUR,2025,AUR-MA,롱레인지,FWD,스노우 화이트,13,14,16529
2025-06,southeast,AUR,2025,AUR-MA,롱레인지,FWD,미드나잇 블랙,11,11,13085
2025-06,southeast,AUR,2025,AUR-MA,롱레인지,FWD,스틸 그레이,9,9,11019
2025-06,southeast,AUR,2025,AUR-MA,롱레인지,FWD,실버,7,7,8953
2025-06,southeast,AUR,2025,AUR-MA,롱레인지,FWD,오션 블루,6,6,6887
2025-06,southeast,AUR,2025,AUR-MA,롱레인지,FWD,선셋 레드,4,5,5510
2025-06,southeast,AUR,2025,AUR-MA,롱레인지,FWD,포레스트 그린,3,3,3444
2025-06,southeast,AUR,2025,AUR-MA,롱레인지,FWD,샌드 베이지,3,3,3444
2025-06,west,MRD,2025,MRD-CO,2.0 가솔린,AWD,스노우 화이트,26,27,-6663
2025-06,west,MRD,2025,MRD-CO,2.0 가솔린,AWD,미드나잇 블랙,21,21,-5275
2025-06,west,MRD,2025,MRD-CO,2.0 가솔린,AWD,스틸 그레이,17,18,-4442
2025-06,west,MRD,2025,MRD-CO,2.0 가솔린,AWD,실버,14,15,-3609
2025-06,west,MRD,2025,MRD-CO,2.0 가솔린,AWD,오션 블루,11,11,-2776
2025-06,west,MRD,2025,MRD-CO,2.0 가솔린,AWD,선셋 레드,9,9,-2221
2025-06,west,MRD,2025,MRD-CO,2.0 가솔린,AWD,포레스트 그린,5,6,-1388
2025-06,west,MRD,2025,MRD-CO,2.0 가솔린,AWD,샌드 베이지,5,6,-1388
2025-06,west,MRD,2025,MRD-CO,2.0 가솔린,FWD,스노우 화이트,105,107,-26653
2025-06,west,MRD,2025,MRD-CO,2.0 가솔린,FWD,미드나잇 블랙,83,85,-21101
2025-06,west,MRD,2025,MRD-CO,2.0 가솔린,FWD,스틸 그레이,70,71,-17769
2025-06,west,MRD,2025,MRD-CO,2.0 가솔린,FWD,실버,57,58,-14437
2025-06,west,MRD,2025,MRD-CO,2.0 가솔린,FWD,오션 블루,44,45,-11106
2025-06,west,MRD,2025,MRD-CO,2.0 가솔린,FWD,선셋 레드,35,36,-8884
2025-06,west,MRD,2025,MRD-CO,2.0 가솔린,FWD,포레스트 그린,22,22,-5553
2025-06,west,MRD,2025,MRD-CO,2.0 가솔린,FWD,샌드 베이지,22,22,-5553
2025-06,west,MRD,2025,MRD-CO,1.6T 하이브리드,AWD,스노우 화이트,20,21,-5151
2025-06,west,MRD,2025,MRD-CO,1.6T 하이브리드,AWD,미드나잇 블랙,16,16,-4078
2025-06,west,MRD,2025,MRD-CO,1.6T 하이브리드,AWD,스틸 그레이,14,14,-3434
2025-06,west,MRD,2025,MRD-CO,1.6T 하이브리드,AWD,실버,11,11,-2790
2025-06,west,MRD,2025,MRD-CO,1.6T 하이브리드,AWD,오션 블루,8,9,-2146
2025-06,west,MRD,2025,MRD-CO,1.6T 하이브리드,AWD,선셋 레드,7,7,-1717
2025-06,west,MRD,2025,MRD-CO,1.6T 하이브리드,AWD,포레스트 그린,4,4,-1073
2025-06,west,MRD,2025,MRD-CO,1.6T 하이브리드,AWD,샌드 베이지,4,4,-1073
2025-06,west,MRD,2025,MRD-CO,1.6T 하이브리드,FWD,스노우 화이트,81,83,-20604
2025-06,west,MRD,2025,MRD-CO,1.6T 하이브리드,FWD,미드나잇 블랙,64,66,-16312
2025-06,west,MRD,2025,MRD-CO,1.6T 하이브리드,FWD,스틸 그레이,54,55,-13736
2025-06,west,MRD,2025,MRD-CO,1.6T 하이브리드,FWD,실버,44,45,-11161
2025-06,west,MRD,2025,MRD-CO,1.6T 하이브리드,FWD,오션 블루,34,34,-8585
2025-06,west,MRD,2025,MRD-CO,1.6T 하이브리드,FWD,선셋 레드,27,28,-6868
2025-06,west,MRD,2025,MRD-CO,1.6T 하이브리드,FWD,포레스트 그린,17,17,-4293
2025-06,west,MRD,2025,MRD-CO,1.6T 하이브리드,FWD,샌드 베이지,17,17,-4293
2025-06,west,MRD,2025,MRD-PR,2.0 가솔린,AWD,스노우 화이트,30,31,-1233
2025-06,west,MRD,2025,MRD-PR,2.0 가솔린,AWD,미드나잇 블랙,24,25,-976
2025-06,west,MRD,2025,MRD-PR,2.0 가솔린,AWD,스틸 그레이,20,21,-822
2025-06,west,MRD,2025,MRD-PR,2.0 가솔린,AWD,실버,16,17,-668
2025-06,west,MRD,2025,MRD-PR,2.0 가솔린,AWD,오션 블루,13,13,-514
2025-06,west,MRD,2025,MRD-PR,2.0 가솔린,AWD,선셋 레드,10,10,-411
2025-06,west,MRD,2025,MRD-PR,2.0 가솔린,AWD,포레스트 그린,6,6,-257
2025-06,west,MRD,2025,MRD-PR,2.0 가솔린,AWD,샌드 베이지,6,6,-257
2025-06,west,MRD,2025,MRD-PR,2.0 가솔린,FWD,스노우 화이트,122,124,-4933
2025-06,west,MRD,2025,MRD-PR,2.0 가솔린,FWD,미드나잇 블랙,96,98,-3905
2025-06,west,MRD,2025,MRD-PR,2.0 가솔린,FWD,스틸 그레이,81,83,-3289
2025-06,west,MRD,2025,MRD-PR,2.0 가솔린,FWD,실버,66,67,-2672
2025-06,west,MRD,2025,MRD-PR,2.0 가솔린,FWD,오션 블루,51,52,-2055
2025-06,west,MRD,2025,MRD-PR,2.0 가솔린,FWD,선셋 레드,41,41,-1644
2025-06,west,MRD,2025,MRD-PR,2.0 가솔린,FWD,포레스트 그린,25,26,-1028
2025-06,west,MRD,2025,MRD-PR,2.0 가솔린,FWD,샌드 베이지,25,26,-1028
2025-06,west,MRD,2025,MRD-PR,1.6T 하이브리드,AWD,스노우 화이트,23,24,-953
2025-06,west,MRD,2025,MRD-PR,1.6T 하이브리드,AWD,미드나잇 블랙,19,19,-755
2025-06,west,MRD,2025,MRD-PR,1.6T 하이브리드,AWD,스틸 그레이,16,16,-636
2025-06,west,MRD,2025,MRD-PR,1.6T 하이브리드,AWD,실버,13,13,-516
2025-06,west,MRD,2025,MRD-PR,1.6T 하이브리드,AWD,오션 블루,10,10,-397
2025-06,west,MRD,2025,MRD-PR,1.6T 하이브리드,AWD,선셋 레드,8,8,-318
2025-06,west,MRD,2025,MRD-PR,1.6T 하이브리드,AWD,포레스트 그린,5,5,-199
2025-06,west,MRD,2025,MRD-PR,1.6T 하이브리드,AWD,샌드 베이지,5,5,-199
2025-06,west,MRD,2025,MRD-PR,1.6T 하이브리드,FWD,스노우 화이트,94,96,-3813
2025-06,west,MRD,2025,MRD-PR,1.6T 하이브리드,FWD,미드나잇 블랙,74,76,-3019
2025-06,west,MRD,2025,MRD-PR,1.6T 하이브리드,FWD,스틸 그레이,63,64,-2542
2025-06,west,MRD,2025,MRD-PR,1.6T 하이브리드,FWD,실버,51,52,-2066
2025-06,west,MRD,2025,MRD-PR,1.6T 하이브리드,FWD,오션 블루,39,40,-1589
2025-06,west,MRD,2025,MRD-PR,1.6T 하이브리드,FWD,선셋 레드,31,32,-1271
2025-06,west,MRD,2025,MRD-PR,1.6T 하이브리드,FWD,포레스트 그린,20,20,-794
2025-06,west,MRD,2025,MRD-PR,1.6T 하이브리드,FWD,샌드 베이지,20,20,-794
2025-06,west,MRD,2025,MRD-SP,2.0 가솔린,AWD,스노우 화이트,12,13,4136
2025-06,west,MRD,2025,MRD-SP,2.0 가솔린,AWD,미드나잇 블랙,10,10,3274
2025-06,west,MRD,2025,MRD-SP,2.0 가솔린,AWD,스틸 그레이,8,8,2757
2025-06,west,MRD,2025,MRD-SP,2.0 가솔린,AWD,실버,7,7,2240
2025-06,west,MRD,2025,MRD-SP,2.0 가솔린,AWD,오션 블루,5,5,1723
2025-06,west,MRD,2025,MRD-SP,2.0 가솔린,AWD,선셋 레드,4,4,1379
2025-06,west,MRD,2025,MRD-SP,2.0 가솔린,AWD,포레스트 그린,3,3,862
2025-06,west,MRD,2025,MRD-SP,2.0 가솔린,AWD,샌드 베이지,3,3,862
2025-06,west,MRD,2025,MRD-SP,2.0 가솔린,FWD,스노우 화이트,50,51,16545
2025-06,west,MRD,2025,MRD-SP,2.0 가솔린,FWD,미드나잇 블랙,39,40,13098
2025-06,west,MRD,2025,MRD-SP,2.0 가솔린,FWD,스틸 그레이,33,34,11030
2025-06,west,MRD,2025,MRD-SP,2.0 가솔린,FWD,실버,27,27,8962
2025-06,west,MRD,2025,MRD-SP,2.0 가솔린,FWD,오션 블루,21,21,6894
2025-06,west,MRD,2025,MRD-SP,2.0 가솔린,FWD,선셋 레드,17,17,5515
2025-06,west,MRD,2025,MRD-SP,2.0 가솔린,FWD,포레스트 그린,10,11,3447
2025-06,west,MRD,2025,MRD-SP,2.0 가솔린,FWD,샌드 베이지,10,11,3447
2025-06,west,MRD,2025,MRD-SP,1.6T 하이브리드,AWD,스노우 화이트,10,10,3197
2025-06,west,MRD,2025,MRD-SP,1.6T 하이브리드,AWD,미드나잇 블랙,8,8,2531
2025-06,west,MRD,2025,MRD-SP,1.6T 하이브리드,AWD,스틸 그레이,6,7,2132
2025-06,west,MRD,2025,MRD-SP,1.6T 하이브리드,AWD,실버,5,5,1732
2025-06,west,MRD,2025,MRD-SP,1.6T 하이브리드,AWD,오션 블루,4,4,1332
2025-06,west,MRD,2025,MRD-SP,1.6T 하이브리드,AWD,선셋 레드,3,3,1066
2025-06,west,MRD,2025,MRD-SP,1.6T 하이브리드,AWD,포레스트 그린,2,2,666
2025-06,west,MRD,2025,MRD-SP,1.6T 하이브리드,AWD,샌드 베이지,2,2,666
2025-06,west,MRD,2025,MRD-SP,1.6T 하이브리드,FWD,스노우 화이트,38,39,12790
2025-06,west,MRD,2025,MRD-SP,1.6T 하이브리드,FWD,미드나잇 블랙,30,31,10125
2025-06,west,MRD,2025,MRD-SP,1.6T 하이브리드,FWD,스틸 그레이,26,26,8527
2025-06,west,MRD,2025,MRD-SP,1.6T 하이브리드,FWD,실버,21,21,6928
2025-06,west,MRD,2025,MRD-SP,1.6T 하이브리드,FWD,오션 블루,16,16,5329
2025-06,west,MRD,2025,MRD-SP,1.6T 하이브리드,FWD,선셋 레드,13,13,4263
2025-06,west,MRD,2025,MRD-SP,1.6T 하이브리드,FWD,포레스트 그린,8,8,2665
2025-06,west,MRD,2025,MRD-SP,1.6T 하이브리드,FWD,샌드 베이지,8,8,2665
2025-06,central,MRD,2025,MRD-CO,2.0 가솔린,AWD,스노우 화이트,20,20,-5010
2025-06,central,MRD,2025,MRD-CO,2.0 가솔린,AWD,미드나잇 블랙,16,16,-3967
2025-06,central,MRD,2025,MRD-CO,2.0 가솔린,AWD,스틸 그레이,13,13,-3340
2025-06,central,MRD,2025,MRD-CO,2.0 가솔린,AWD,실버,11,11,-2714
2025-06,central,MRD,2025,MRD-CO,2.0 가솔린,AWD,오션 블루,8,8,-2088
2025-06,central,MRD,2025,MRD-CO,2.0 가솔린,AWD,선셋 레드,7,7,-1670
2025-06,central,MRD,2025,MRD-CO,2.0 가솔린,AWD,포레스트 그린,4,4,-1044
2025-06,central,MRD,2025,MRD-CO,2.0 가솔린,AWD,샌드 베이지,4,4,-1044
2025-06,central,MRD,2025,MRD-CO,2.0 가솔린,FWD,스노우 화이트,66,67,-16774
2025-06,central,MRD,2025,MRD-CO,2.0 가솔린,FWD,미드나잇 블랙,52,53,-13279
2025-06,central,MRD,2025,MRD-CO,2.0 가솔린,FWD,스틸 그레이,44,45,-11182
2025-06,central,MRD,2025,MRD-CO,2.0 가솔린,FWD,실버,36,37,-9086
2025-06,central,MRD,2025,MRD-CO,2.0 가솔린,FWD,오션 블루,28,28,-6989
2025-06,central,MRD,2025,MRD-CO,2.0 가솔린,FWD,선셋 레드,22,22,-5591
2025-06,central,MRD,2025,MRD-CO,2.0 가솔린,FWD,포레스트 그린,14,14,-3495
2025-06,central,MRD,2025,MRD-CO,2.0 가솔린,FWD,샌드 베이지,14,14,-3495
2025-06,central,MRD,2025,MRD-CO,1.6T 하이브리드,AWD,스노우 화이트,15,16,-3873
2025-06,central,MRD,2025,MRD-CO,1.6T 하이브리드,AWD,미드나잇 블랙,12,12,-3066
2025-06,central,MRD,2025,MRD-CO,1.6T 하이브리드,AWD,스틸 그레이,10,10,-2582
2025-06,central,MRD,2025,MRD-CO,1.6T 하이브리드,AWD,실버,8,8,-2098
2025-06,central,MRD,2025,MRD-CO,1.6T 하이브리드,AWD,오션 블루,6,6,-1614
2025-06,central,MRD,2025,MRD-CO,1.6T 하이브리드,AWD,선셋 레드,5,5,-1291
2025-06,central,MRD,2025,MRD-CO,1.6T 하이브리드,AWD,포레스트 그린,3,3,-807
2025-06,central,MRD,2025,MRD-CO,1.6T 하이브리드,AWD,샌드 베이지,3,3,-807
2025-06,central,MRD,2025,MRD-CO,1.6T 하이브리드,FWD,스노우 화이트,51,52,-12967
2025-06,central,MRD,2025,MRD-CO,1.6T 하이브리드,FWD,미드나잇 블랙,40,41,-10265
2025-06,central,MRD,2025,MRD-CO,1.6T 하이브리드,FWD,스틸 그레이,34,35,-8645
2025-06,central,MRD,2025,MRD-CO,1.6T 하이브리드,FWD,실버,28,28,-7024
2025-06,central,MRD,2025,MRD-CO,1.6T 하이브리드,FWD,오션 블루,21,22,-5403
2025-06,central,MRD,2025,MRD-CO,1.6T 하이브리드,FWD,선셋 레드,17,17,-4322
2025-06,central,MRD,2025,MRD-CO,1.6T 하이브리드,FWD,포레스트 그린,11,11,-2701
2025-06,central,MRD,2025,MRD-CO,1.6T 하이브리드,FWD,샌드 베이지,11,11,-2701
2025-06,central,MRD,2025,MRD-PR,2.0 가솔린,AWD,스노우 화이트,23,23,-927
2025-06,central,MRD,2025,MRD-PR,2.0 가솔린,AWD,미드나잇 블랙,18,18,-734
2025-06,central,MRD,2025,MRD-PR,2.0 가솔린,AWD,스틸 그레이,15,16,-618
2025-06,central,MRD,2025,MRD-PR,2.0 가솔린,AWD,실버,12,13,-502
2025-06,central,MRD,2025,MRD-PR,2.0 가솔린,AWD,오션 블루,10,10,-386
2025-06,central,MRD,2025,MRD-PR,2.0 가솔린,AWD,선셋 레드,8,8,-309
2025-06,central,MRD,2025,MRD-PR,2.0 가솔린,AWD,포레스트 그린,5,5,-193
2025-06,central,MRD,2025,MRD-PR,2.0 가솔린,AWD,샌드 베이지,5,5,-193
2025-06,central,MRD,2025,MRD-PR,2.0 가솔린,FWD,스노우 화이트,77,78,-3104
2025-06,central,MRD,2025,MRD-PR,2.0 가솔린,FWD,미드나잇 블랙,61,62,-2458
2025-06,central,MRD,2025,MRD-PR,2.0 가솔린,FWD,스틸 그레이,51,52,-2070
2025-06,central,MRD,2025,MRD-PR,2.0 가솔린,FWD,실버,41,42,-1682
2025-06,central,MRD,2025,MRD-PR,2.0 가솔린,FWD,오션 블루,32,33,-1293
2025-06,central,MRD,2025,MRD-PR,2.0 가솔린,FWD,선셋 레드,26,26,-1035
2025-06,central,MRD,2025,MRD-PR,2.0 가솔린,FWD,포레스트 그린,16,16,-647
2025-06,central,MRD,2025,MRD-PR,2.0 가솔린,FWD,샌드 베이지,16,16,-647
2025-06,central,MRD,2025,MRD-PR,1.6T 하이브리드,AWD,스노우 화이트,18,18,-717
2025-06,central,MRD,2025,MRD-PR,1.6T 하이브리드,AWD,미드나잇 블랙,14,14,-567
2025-06,central,MRD,2025,MRD-PR,1.6T 하이브리드,AWD,스틸 그레이,12,12,-478
2025-06,central,MRD,2025,MRD-PR,1.6T 하이브리드,AWD,실버,10,10,-388
2025-06,central,MRD,2025,MRD-PR,1.6T 하이브리드,AWD,오션 블루,7,8,-299
2025-06,central,MRD,2025,MRD-PR,1.6T 하이브리드,AWD,선셋 레드,6,6,-239
2025-06,central,MRD,2025,MRD-PR,1.6T 하이브리드,AWD,포레스트 그린,4,4,-149
2025-06,central,MRD,2025,MRD-PR,1.6T 하이브리드,AWD,샌드 베이지,4,4,-149
2025-06,central,MRD,2025,MRD-PR,1.6T 하이브리드,FWD,스노우 화이트,59,60,-2400
2025-06,central,MRD,2025,MRD-PR,1.6T 하이브리드,FWD,미드나잇 블랙,47,48,-1900
2025-06,central,MRD,2025,MRD-PR,1.6T 하이브리드,FWD,스틸 그레이,39,40,-1600
2025-06,central,MRD,2025,MRD-PR,1.6T 하이브리드,FWD,실버,32,33,-1300
2025-06,central,MRD,2025,MRD-PR,1.6T 하이브리드,FWD,오션 블루,25,25,-1000
2025-06,central,MRD,2025,MRD-PR,1.6T 하이브리드,FWD,선셋 레드,20,20,-800
2025-06,central,MRD,2025,MRD-PR,1.6T 하이브리드,FWD,포레스트 그린,12,13,-500
2025-06,central,MRD,2025,MRD-PR,1.6T 하이브리드,FWD,샌드 베이지,12,13,-500
2025-06,central,MRD,2025,MRD-SP,2.0 가솔린,AWD,스노우 화이트,9,10,3110
2025-06,central,MRD,2025,MRD-SP,2.0 가솔린,AWD,미드나잇 블랙,7,8,2462
2025-06,central,MRD,2025,MRD-SP,2.0 가솔린,AWD,스틸 그레이,6,6,2073
2025-06,central,MRD,2025,MRD-SP,2.0 가솔린,AWD,실버,5,5,1685
2025-06,central,MRD,2025,MRD-SP,2.0 가솔린,AWD,오션 블루,4,4,1296
2025-06,central,MRD,2025,MRD-SP,2.0 가솔린,AWD,선셋 레드,3,3,1037
2025-06,central,MRD,2025,MRD-SP,2.0 가솔린,AWD,포레스트 그린,2,2,648
2025-06,central,MRD,2025,MRD-SP,2.0 가솔린,AWD,샌드 베이지,2,2,648
2025-06,central,MRD,2025,MRD-SP,2.0 가솔린,FWD,스노우 화이트,31,32,10412
2025-06,central,MRD,2025,MRD-SP,2.0 가솔린,FWD,미드나잇 블랙,25,25,8243
2025-06,central,MRD,2025,MRD-SP,2.0 가솔린,FWD,스틸 그레이,21,21,6941
2025-06,central,MRD,2025,MRD-SP,2.0 가솔린,FWD,실버,17,17,5640
2025-06,central,MRD,2025,MRD-SP,2.0 가솔린,FWD,오션 블루,13,13,4338
2025-06,central,MRD,2025,MRD-SP,2.0 가솔린,FWD,선셋 레드,10,11,3471
2025-06,central,MRD,2025,MRD-SP,2.0 가솔린,FWD,포레스트 그린,7,7,2169
2025-06,central,MRD,2025,MRD-SP,2.0 가솔린,FWD,샌드 베이지,7,7,2169
2025-06,central,MRD,2025,MRD-SP,1.6T 하이브리드,AWD,스노우 화이트,7,7,2404
2025-06,central,MRD,2025,MRD-SP,1.6T 하이브리드,AWD,미드나잇 블랙,6,6,1903
2025-06,central,MRD,2025,MRD-SP,1.6T 하이브리드,AWD,스틸 그레이,5,5,1603
2025-06,central,MRD,2025,MRD-SP,1.6T 하이브리드,AWD,실버,4,4,1302
2025-06,central,MRD,2025,MRD-SP,1.6T 하이브리드,AWD,오션 블루,3,3,1002
2025-06,central,MRD,2025,MRD-SP,1.6T 하이브리드,AWD,선셋 레드,2,2,801
2025-06,central,MRD,2025,MRD-SP,1.6T 하이브리드,AWD,포레스트 그린,2,2,501
2025-06,central,MRD,2025,MRD-SP,1.6T 하이브리드,AWD,샌드 베이지,2,2,501
2025-06,central,MRD,2025,MRD-SP,1.6T 하이브리드,FWD,스노우 화이트,24,25,8049
2025-06,central,MRD,2025,MRD-SP,1.6T 하이브리드,FWD,미드나잇 블랙,19,20,6372
2025-06,central,MRD,2025,MRD-SP,1.6T 하이브리드,FWD,스틸 그레이,16,16,5366
2025-06,central,MRD,2025,MRD-SP,1.6T 하이브리드,FWD,실버,13,13,4360
2025-06,central,MRD,2025,MRD-SP,1.6T 하이브리드,FWD,오션 블루,10,10,3354
2025-06,central,MRD,2025,MRD-SP,1.6T 하이브리드,FWD,선셋 레드,8,8,2683
2025-06,central,MRD,2025,MRD-SP,1.6T 하이브리드,FWD,포레스트 그린,5,5,1677
2025-06,central,MRD,2025,MRD-SP,1.6T 하이브리드,FWD,샌드 베이지,5,5,1677
2025-06,south,MRD,2025,MRD-CO,2.0 가솔린,AWD,스노우 화이트,16,16,-4060
2025-06,south,MRD,2025,MRD-CO,2.0 가솔린,AWD,미드나잇 블랙,13,13,-3214
2025-06,south,MRD,2025,MRD-CO,2.0 가솔린,AWD,스틸 그레이,11,11,-2706
2025-06,south,MRD,2025,MRD-CO,2.0 가솔린,AWD,실버,9,9,-2199
2025-06,south,MRD,2025,MRD-CO,2.0 가솔린,AWD,오션 블루,7,7,-1691
2025-06,south,MRD,2025,MRD-CO,2.0 가솔린,AWD,선셋 레드,5,5,-1353
2025-06,south,MRD,2025,MRD-CO,2.0 가솔린,AWD,포레스트 그린,3,3,-846
2025-06,south,MRD,2025,MRD-CO,2.0 가솔린,AWD,샌드 베이지,3,3,-846
2025-06,south,MRD,2025,MRD-CO,2.0 가솔린,FWD,스노우 화이트,95,97,-24132
2025-06,south,MRD,2025,MRD-CO,2.0 가솔린,FWD,미드나잇 블랙,75,77,-19104
2025-06,south,MRD,2025,MRD-CO,2.0 가솔린,FWD,스틸 그레이,63,65,-16088
2025-06,south,MRD,2025,MRD-CO,2.0 가솔린,FWD,실버,51,53,-13071
2025-06,south,MRD,2025,MRD-CO,2.0 가솔린,FWD,오션 블루,40,40,-10055
2025-06,south,MRD,2025,MRD-CO,2.0 가솔린,FWD,선셋 레드,32,32,-8044
2025-06,south,MRD,2025,MRD-CO,2.0 가솔린,FWD,포레스트 그린,20,20,-5027
2025-06,south,MRD,2025,MRD-CO,2.0 가솔린,FWD,샌드 베이지,20,20,-5027
2025-06,south,MRD,2025,MRD-CO,1.6T 하이브리드,AWD,스노우 화이트,12,13,-3138
2025-06,south,MRD,2025,MRD-CO,1.6T 하이브리드,AWD,미드나잇 블랙,10,10,-2484
2025-06,south,MRD,2025,MRD-CO,1.6T 하이브리드,AWD,스틸 그레이,8,8,-2092
2025-06,south,MRD,2025,MRD-CO,1.6T 하이브리드,AWD,실버,7,7,-1700
2025-06,south,MRD,2025,MRD-CO,1.6T 하이브리드,AWD,오션 블루,5,5,-1308
2025-06,south,MRD,2025,MRD-CO,1.6T 하이브리드,AWD,선셋 레드,4,4,-1046
2025-06,south,MRD,2025,MRD-CO,1.6T 하이브리드,AWD,포레스트 그린,3,3,-654
2025-06,south,MRD,2025,MRD-CO,1.6T 하이브리드,AWD,샌드 베이지,3,3,-654
2025-06,south,MRD,2025,MRD-CO,1.6T 하이브리드,FWD,스노우 화이트,73,75,-18655
2025-06,south,MRD,2025,MRD-CO,1.6T 하이브리드,FWD,미드나잇 블랙,58,59,-14768
2025-06,south,MRD,2025,MRD-CO,1.6T 하이브리드,FWD,스틸 그레이,49,50,-12437
2025-06,south,MRD,2025,MRD-CO,1.6T 하이브리드,FWD,실버,40,41,-10105
2025-06,south,MRD,2025,MRD-CO,1.6T 하이브리드,FWD,오션 블루,31,31,-7773
2025-06,south,MRD,2025,MRD-CO,1.6T 하이브리드,FWD,선셋 레드,24,25,-6218
2025-06,south,MRD,2025,MRD-CO,1.6T 하이브리드,FWD,포레스트 그린,15,16,-3886
2025-06,south,MRD,2025,MRD-CO,1.6T 하이브리드,FWD,샌드 베이지,15,16,-3886
2025-06,south,MRD,2025,MRD-PR,2.0 가솔린,AWD,스노우 화이트,19,19,-751
2025-06,south,MRD,2025,MRD-PR,2.0 가솔린,AWD,미드나잇 블랙,15,15,-595
2025-06,south,MRD,2025,MRD-PR,2.0 가솔린,AWD,스틸 그레이,12,13,-501
2025-06,south,MRD,2025,MRD-PR,2.0 가솔린,AWD,실버,10,10,-407
2025-06,south,MRD,2025,MRD-PR,2.0 가솔린,AWD,오션 블루,8,8,-313
2025-06,south,MRD,2025,MRD-PR,2.0 가솔린,AWD,선셋 레드,6,6,-250
2025-06,south,MRD,2025,MRD-PR,2.0 가솔린,AWD,포레스트 그린,4,4,-157
2025-06,south,MRD,2025,MRD-PR,2.0 가솔린,AWD,샌드 베이지,4,4,-157
2025-06,south,MRD,2025,MRD-PR,2.0 가솔린,FWD,스노우 화이트,110,112,-4466
2025-06,south,MRD,2025,MRD-PR,2.0 가솔린,FWD,미드나잇 블랙,87,89,-3536
2025-06,south,MRD,2025,MRD-PR,2.0 가솔린,FWD,스틸 그레이,73,75,-2977
2025-06,south,MRD,2025,MRD-PR,2.0 가솔린,FWD,실버,60,61,-2419
2025-06,south,MRD,2025,MRD-PR,2.0 가솔린,FWD,오션 블루,46,47,-1861
2025-06,south,MRD,2025,MRD-PR,2.0 가솔린,FWD,선셋 레드,37,37,-1489
2025-06,south,MRD,2025,MRD-PR,2.0 가솔린,FWD,포레스트 그린,23,23,-930
2025-06,south,MRD,2025,MRD-PR,2.0 가솔린,FWD,샌드 베이지,23,23,-930
2025-06,south,MRD,2025,MRD-PR,1.6T 하이브리드,AWD,스노우 화이트,14,15,-581
2025-06,south,MRD,2025,MRD-PR,1.6T 하이브리드,AWD,미드나잇 블랙,11,12,-460
2025-06,south,MRD,2025,MRD-PR,1.6T 하이브리드,AWD,스틸 그레이,10,10,-387
2025-06,south,MRD,2025,MRD-PR,1.6T 하이브리드,AWD,실버,8,8,-315
2025-06,south,MRD,2025,MRD-PR,1.6T 하이브리드,AWD,오션 블루,6,6,-242
2025-06,south,MRD,2025,MRD-PR,1.6T 하이브리드,AWD,선셋 레드,5,5,-194
2025-06,south,MRD,2025,MRD-PR,1.6T 하이브리드,AWD,포레스트 그린,3,3,-121
2025-06,south,MRD,2025,MRD-PR,1.6T 하이브리드,AWD,샌드 베이지,3,3,-121
2025-06,south,MRD,2025,MRD-PR,1.6T 하이브리드,FWD,스노우 화이트,85,87,-3453
2025-06,south,MRD,2025,MRD-PR,1.6T 하이브리드,FWD,미드나잇 블랙,67,69,-2733
2025-06,south,MRD,2025,MRD-PR,1.6T 하이브리드,FWD,스틸 그레이,57,58,-2302
2025-06,south,MRD,2025,MRD-PR,1.6T 하이브리드,FWD,실버,46,47,-1870
2025-06,south,MRD,2025,MRD-PR,1.6T 하이브리드,FWD,오션 블루,35,36,-1439
2025-06,south,MRD,2025,MRD-PR,1.6T 하이브리드,FWD,선셋 레드,28,29,-1151
2025-06,south,MRD,2025,MRD-PR,1.6T 하이브리드,FWD,포레스트 그린,18,18,-719
2025-06,south,MRD,2025,MRD-PR,1.6T 하이브리드,FWD,샌드 베이지,18,18,-719
2025-06,south,MRD,2025,MRD-SP,2.0 가솔린,AWD,스노우 화이트,8,8,2520
2025-06,south,MRD,2025,MRD-SP,2.0 가솔린,AWD,미드나잇 블랙,6,6,1995
2025-06,south,MRD,2025,MRD-SP,2.0 가솔린,AWD,스틸 그레이,5,5,1680
2025-06,south,MRD,2025,MRD-SP,2.0 가솔린,AWD,실버,4,4,1365
2025-06,south,MRD,2025,MRD-SP,2.0 가솔린,AWD,오션 블루,3,3,1050
2025-06,south,MRD,2025,MRD-SP,2.0 가솔린,AWD,선셋 레드,3,3,840
2025-06,south,MRD,2025,MRD-SP,2.0 가솔린,AWD,포레스트 그린,2,2,525
2025-06,south,MRD,2025,MRD-SP,2.0 가솔린,AWD,샌드 베이지,2,2,525
2025-06,south,MRD,2025,MRD-SP,2.0 가솔린,FWD,스노우 화이트,45,46,14979
2025-06,south,MRD,2025,MRD-SP,2.0 가솔린,FWD,미드나잇 블랙,36,36,11859
2025-06,south,MRD,2025,MRD-SP,2.0 가솔린,FWD,스틸 그레이,30,31,9986
2025-06,south,MRD,2025,MRD-SP,2.0 가솔린,FWD,실버,24,25,8114
2025-06,south,MRD,2025,MRD-SP,2.0 가솔린,FWD,오션 블루,19,19,6241
2025-06,south,MRD,2025,MRD-SP,2.0 가솔린,FWD,선셋 레드,15,15,4993
2025-06,south,MRD,2025,MRD-SP,2.0 가솔린,FWD,포레스트 그린,9,10,3121
2025-06,south,MRD,2025,MRD-SP,2.0 가솔린,FWD,샌드 베이지,9,10,3121
2025-06,south,MRD,2025,MRD-SP,1.6T 하이브리드,AWD,스노우 화이트,6,6,1948
2025-06,south,MRD,2025,MRD-SP,1.6T 하이브리드,AWD,미드나잇 블랙,5,5,1542
2025-06,south,MRD,2025,MRD-SP,1.6T 하이브리드,AWD,스틸 그레이,4,4,1299
2025-06,south,MRD,2025,MRD-SP,1.6T 하이브리드,AWD,실버,3,3,1055
2025-06,south,MRD,2025,MRD-SP,1.6T 하이브리드,AWD,오션 블루,2,2,812
2025-06,south,MRD,2025,MRD-SP,1.6T 하이브리드,AWD,선셋 레드,2,2,649
2025-06,south,MRD,2025,MRD-SP,1.6T 하이브리드,AWD,포레스트 그린,1,1,406
2025-06,south,MRD,2025,MRD-SP,1.6T 하이브리드,AWD,샌드 베이지,1,1,406
2025-06,south,MRD,2025,MRD-SP,1.6T 하이브리드,FWD,스노우 화이트,35,36,11580
2025-06,south,MRD,2025,MRD-SP,1.6T 하이브리드,FWD,미드나잇 블랙,28,28,9167
2025-06,south,MRD,2025,MRD-SP,1.6T 하이브리드,FWD,스틸 그레이,23,24,7720
2025-06,south,MRD,2025,MRD-SP,1.6T 하이브리드,FWD,실버,19,19,6272
2025-06,south,MRD,2025,MRD-SP,1.6T 하이브리드,FWD,오션 블루,15,15,4825
2025-06,south,MRD,2025,MRD-SP,1.6T 하이브리드,FWD,선셋 레드,12,12,3860
2025-06,south,MRD,2025,MRD-SP,1.6T 하이브리드,FWD,포레스트 그린,7,7,2412
2025-06,south,MRD,2025,MRD-SP,1.6T 하이브리드,FWD,샌드 베이지,7,7,2412
2025-06,northeast,MRD,2025,MRD-CO,2.0 가솔린,AWD,스노우 화이트,22,23,-5664
2025-06,northeast,MRD,2025,MRD-CO,2.0 가솔린,AWD,미드나잇 블랙,18,18,-4484
2025-06,northeast,MRD,2025,MRD-CO,2.0 가솔린,AWD,스틸 그레이,15,15,-3776
2025-06,northeast,MRD,2025,MRD-CO,2.0 가솔린,AWD,실버,12,12,-3068
2025-06,northeast,MRD,2025,MRD-CO,2.0 가솔린,AWD,오션 블루,9,9,-2360
2025-06,northeast,MRD,2025,MRD-CO,2.0 가솔린,AWD,선셋 레드,7,8,-1888
2025-06,northeast,MRD,2025,MRD-CO,2.0 가솔린,AWD,포레스트 그린,5,5,-1180
2025-06,northeast,MRD,2025,MRD-CO,2.0 가솔린,AWD,샌드 베이지,5,5,-1180
2025-06,northeast,MRD,2025,MRD-CO,2.0 가솔린,FWD,스노우 화이트,64,65,-16120
2025-06,northeast,MRD,2025,MRD-CO,2.0 가솔린,FWD,미드나잇 블랙,50,51,-12762
2025-06,northeast,MRD,2025,MRD-CO,2.0 가솔린,FWD,스틸 그레이,42,43,-10747
2025-06,northeast,MRD,2025,MRD-CO,2.0 가솔린,FWD,실버,34,35,-8732
2025-06,northeast,MRD,2025,MRD-CO,2.0 가솔린,FWD,오션 블루,26,27,-6717
2025-06,northeast,MRD,2025,MRD-CO,2.0 가솔린,FWD,선셋 레드,21,22,-5373
2025-06,northeast,MRD,2025,MRD-CO,2.0 가솔린,FWD,포레스트 그린,13,13,-3358
2025-06,northeast,MRD,2025,MRD-CO,2.0 가솔린,FWD,샌드 베이지,13,13,-3358
2025-06,northeast,MRD,2025,MRD-CO,1.6T 하이브리드,AWD,스노우 화이트,17,18,-4378
2025-06,northeast,MRD,2025,MRD-CO,1.6T 하이브리드,AWD,미드나잇 블랙,14,14,-3466
2025-06,northeast,MRD,2025,MRD-CO,1.6T 하이브리드,AWD,스틸 그레이,11,12,-2919
2025-06,northeast,MRD,2025,MRD-CO,1.6T 하이브리드,AWD,실버,9,10,-2372
2025-06,northeast,MRD,2025,MRD-CO,1.6T 하이브리드,AWD,오션 블루,7,7,-1824
2025-06,northeast,MRD,2025,MRD-CO,1.6T 하이브리드,AWD,선셋 레드,6,6,-1459
2025-06,northeast,MRD,2025,MRD-CO,1.6T 하이브리드,AWD,포레스트 그린,4,4,-912
2025-06,northeast,MRD,2025,MRD-CO,1.6T 하이브리드,AWD,샌드 베이지,4,4,-912
2025-06,northeast,MRD,2025,MRD-CO,1.6T 하이브리드,FWD,스노우 화이트,49,50,-12462
2025-06,northeast,MRD,2025,MRD-CO,1.6T 하이브리드,FWD,미드나잇 블랙,39,40,-9866
2025-06,northeast,MRD,2025,MRD-CO,1.6T 하이브리드,FWD,스틸 그레이,33,33,-8308
2025-06,northeast,MRD,2025,MRD-CO,1.6T 하이브리드,FWD,실버,27,27,-6750
2025-06,northeast,MRD,2025,MRD-CO,1.6T 하이브리드,FWD,오션 블루,20,21,-5192
2025-06,northeast,MRD,2025,MRD-CO,1.6T 하이브리드,FWD,선셋 레드,16,17,-4154
2025-06,northeast,MRD,2025,MRD-CO,1.6T 하이브리드,FWD,포레스트 그린,10,10,-2596
2025-06,northeast,MRD,2025,MRD-CO,1.6T 하이브리드,FWD,샌드 베이지,10,10,-2596
2025-06,northeast,MRD,2025,MRD-PR,2.0 가솔린,AWD,스노우 화이트,26,26,-1048
2025-06,northeast,MRD,2025,MRD-PR,2.0 가솔린,AWD,미드나잇 블랙,20,21,-830
2025-06,northeast,MRD,2025,MRD-PR,2.0 가솔린,AWD,스틸 그레이,17,18,-699
2025-06,northeast,MRD,2025,MRD-PR,2.0 가솔린,AWD,실버,14,14,-568
2025-06,northeast,MRD,2025,MRD-PR,2.0 가솔린,AWD,오션 블루,11,11,-437
2025-06,northeast,MRD,2025,MRD-PR,2.0 가솔린,AWD,선셋 레드,9,9,-349
2025-06,northeast,MRD,2025,MRD-PR,2.0 가솔린,AWD,포레스트 그린,5,5,-218
2025-06,northeast,MRD,2025,MRD-PR,2.0 가솔린,AWD,샌드 베이지,5,5,-218
2025-06,northeast,MRD,2025,MRD-PR,2.0 가솔린,FWD,스노우 화이트,74,75,-2983
2025-06,northeast,MRD,2025,MRD-PR,2.0 가솔린,FWD,미드나잇 블랙,58,59,-2362
2025-06,northeast,MRD,2025,MRD-PR,2.0 가솔린,FWD,스틸 그레이,49,50,-1989
2025-06,northeast,MRD,2025,MRD-PR,2.0 가솔린,FWD,실버,40,41,-1616
2025-06,northeast,MRD,2025,MRD-PR,2.0 가솔린,FWD,오션 블루,31,31,-1243
2025-06,northeast,MRD,2025,MRD-PR,2.0 가솔린,FWD,선셋 레드,25,25,-994
2025-06,northeast,MRD,2025,MRD-PR,2.0 가솔린,FWD,포레스트 그린,15,16,-622
2025-06,northeast,MRD,2025,MRD-PR,2.0 가솔린,FWD,샌드 베이지,15,16,-622
2025-06,northeast,MRD,2025,MRD-PR,1.6T 하이브리드,AWD,스노우 화이트,20,20,-810
2025-06,northeast,MRD,2025,MRD-PR,1.6T 하이브리드,AWD,미드나잇 블랙,16,16,-642
2025-06,northeast,MRD,2025,MRD-PR,1.6T 하이브리드,AWD,스틸 그레이,13,14,-540
2025-06,northeast,MRD,2025,MRD-PR,1.6T 하이브리드,AWD,실버,11,11,-439
2025-06,northeast,MRD,2025,MRD-PR,1.6T 하이브리드,AWD,오션 블루,8,8,-338
2025-06,northeast,MRD,2025,MRD-PR,1.6T 하이브리드,AWD,선셋 레드,7,7,-270
2025-06,northeast,MRD,2025,MRD-PR,1.6T 하이브리드,AWD,포레스트 그린,4,4,-169
2025-06,northeast,MRD,2025,MRD-PR,1.6T 하이브리드,AWD,샌드 베이지,4,4,-169
2025-06,northeast,MRD,2025,MRD-PR,1.6T 하이브리드,FWD,스노우 화이트,57,58,-2306
2025-06,northeast,MRD,2025,MRD-PR,1.6T 하이브리드,FWD,미드나잇 블랙,45,46,-1826
2025-06,northeast,MRD,2025,MRD-PR,1.6T 하이브리드,FWD,스틸 그레이,38,39,-1538
2025-06,northeast,MRD,2025,MRD-PR,1.6T 하이브리드,FWD,실버,31,31,-1249
2025-06,northeast,MRD,2025,MRD-PR,1.6T 하이브리드,FWD,오션 블루,24,24,-961
2025-06,northeast,MRD,2025,MRD-PR,1.6T 하이브리드,FWD,선셋 레드,19,19,-769
2025-06,northeast,MRD,2025,MRD-PR,1.6T 하이브리드,FWD,포레스트 그린,12,12,-480
2025-06,northeast,MRD,2025,MRD-PR,1.6T 하이브리드,FWD,샌드 베이지,12,12,-480
2025-06,northeast,MRD,2025,MRD-SP,2.0 가솔린,AWD,스노우 화이트,11,11,3516
2025-06,northeast,MRD,2025,MRD-SP,2.0 가솔린,AWD,미드나잇 블랙,8,9,2783
2025-06,northeast,MRD,2025,MRD-SP,2.0 가솔린,AWD,스틸 그레이,7,7,2344
2025-06,northeast,MRD,2025,MRD-SP,2.0 가솔린,AWD,실버,6,6,1904
2025-06,northeast,MRD,2025,MRD-SP,2.0 가솔린,AWD,오션 블루,4,4,1465
2025-06,northeast,MRD,2025,MRD-SP,2.0 가솔린,AWD,선셋 레드,4,4,1172
2025-06,northeast,MRD,2025,MRD-SP,2.0 가솔린,AWD,포레스트 그린,2,2,732
2025-06,northeast,MRD,2025,MRD-SP,2.0 가솔린,AWD,샌드 베이지,2,2,732
2025-06,northeast,MRD,2025,MRD-SP,2.0 가솔린,FWD,스노우 화이트,30,31,10006
2025-06,northeast,MRD,2025,MRD-SP,2.0 가솔린,FWD,미드나잇 블랙,24,24,7922
2025-06,northeast,MRD,2025,MRD-SP,2.0 가솔린,FWD,스틸 그레이,20,20,6671
2025-06,northeast,MRD,2025,MRD-SP,2.0 가솔린,FWD,실버,16,17,5420
2025-06,northeast,MRD,2025,MRD-SP,2.0 가솔린,FWD,오션 블루,13,13,4169
2025-06,northeast,MRD,2025,MRD-SP,2.0 가솔린,FWD,선셋 레드,10,10,3335
2025-06,northeast,MRD,2025,MRD-SP,2.0 가솔린,FWD,포레스트 그린,6,6,2085
2025-06,northeast,MRD,2025,MRD-SP,2.0 가솔린,FWD,샌드 베이지,6,6,2085
2025-06,northeast,MRD,2025,MRD-SP,1.6T 하이브리드,AWD,스노우 화이트,8,8,2718
2025-06,northeast,MRD,2025,MRD-SP,1.6T 하이브리드,AWD,미드나잇 블랙,6,7,2152
2025-06,northeast,MRD,2025,MRD-SP,1.6T 하이브리드,AWD,스틸 그레이,5,6,1812
2025-06,northeast,MRD,2025,MRD-SP,1.6T 하이브리드,AWD,실버,4,5,1472
2025-06,northeast,MRD,2025,MRD-SP,1.6T 하이브리드,AWD,오션 블루,3,3,1132
2025-06,northeast,MRD,2025,MRD-SP,1.6T 하이브리드,AWD,선셋 레드,3,3,906
2025-06,northeast,MRD,2025,MRD-SP,1.6T 하이브리드,AWD,포레스트 그린,2,2,566
2025-06,northeast,MRD,2025,MRD-SP,1.6T 하이브리드,AWD,샌드 베이지,2,2,566
2025-06,northeast,MRD,2025,MRD-SP,1.6T 하이브리드,FWD,스노우 화이트,23,24,7735
2025-06,northeast,MRD,2025,MRD-SP,1.6T 하이브리드,FWD,미드나잇 블랙,18,19,6124
2025-06,northeast,MRD,2025,MRD-SP,1.6T 하이브리드,FWD,스틸 그레이,16,16,5157
2025-06,northeast,MRD,2025,MRD-SP,1.6T 하이브리드,FWD,실버,13,13,4190
2025-06,northeast,MRD,2025,MRD-SP,1.6T 하이브리드,FWD,오션 블루,10,10,3223
2025-06,northeast,MRD,2025,MRD-SP,1.6T 하이브리드,FWD,선셋 레드,8,8,2578
2025-06,northeast,MRD,2025,MRD-SP,1.6T 하이브리드,FWD,포레스트 그린,5,5,1612
2025-06,northeast,MRD,2025,MRD-SP,1.6T 하이브리드,FWD,샌드 베이지,5,5,1612
2025-06,southeast,MRD,2025,MRD-CO,2.0 가솔린,AWD,스노우 화이트,15,16,-3921
2025-06,southeast,MRD,2025,MRD-CO,2.0 가솔린,AWD,미드나잇 블랙,12,12,-3104
2025-06,southeast,MRD,2025,MRD-CO,2.0 가솔린,AWD,스틸 그레이,10,11,-2614
2025-06,southeast,MRD,2025,MRD-CO,2.0 가솔린,AWD,실버,8,9,-2124
2025-06,southeast,MRD,2025,MRD-CO,2.0 가솔린,AWD,오션 블루,6,7,-1634
2025-06,southeast,MRD,2025,MRD-CO,2.0 가솔린,AWD,선셋 레드,5,5,-1307
2025-06,southeast,MRD,2025,MRD-CO,2.0 가솔린,AWD,포레스트 그린,3,3,-817
2025-06,southeast,MRD,2025,MRD-CO,2.0 가솔린,AWD,샌드 베이지,3,3,-817
2025-06,southeast,MRD,2025,MRD-CO,2.0 가솔린,FWD,스노우 화이트,75,77,-19144
2025-06,southeast,MRD,2025,MRD-CO,2.0 가솔린,FWD,미드나잇 블랙,60,61,-15156
2025-06,southeast,MRD,2025,MRD-CO,2.0 가솔린,FWD,스틸 그레이,50,51,-12763
2025-06,southeast,MRD,2025,MRD-CO,2.0 가솔린,FWD,실버,41,42,-10370
2025-06,southeast,MRD,2025,MRD-CO,2.0 가솔린,FWD,오션 블루,31,32,-7977
2025-06,southeast,MRD,2025,MRD-CO,2.0 가솔린,FWD,선셋 레드,25,26,-6381
2025-06,southeast,MRD,2025,MRD-CO,2.0 가솔린,FWD,포레스트 그린,16,16,-3988
2025-06,southeast,MRD,2025,MRD-CO,2.0 가솔린,FWD,샌드 베이지,16,16,-3988
2025-06,southeast,MRD,2025,MRD-CO,1.6T 하이브리드,AWD,스노우 화이트,12,12,-3031
2025-06,southeast,MRD,2025,MRD-CO,1.6T 하이브리드,AWD,미드나잇 블랙,9,10,-2400
2025-06,southeast,MRD,2025,MRD-CO,1.6T 하이브리드,AWD,스틸 그레이,8,8,-2021
2025-06,southeast,MRD,2025,MRD-CO,1.6T 하이브리드,AWD,실버,6,7,-1642
2025-06,southeast,MRD,2025,MRD-CO,1.6T 하이브리드,AWD,오션 블루,5,5,-1263
2025-06,southeast,MRD,2025,MRD-CO,1.6T 하이브리드,AWD,선셋 레드,4,4,-1010
2025-06,southeast,MRD,2025,MRD-CO,1.6T 하이브리드,AWD,포레스트 그린,2,3,-632
2025-06,southeast,MRD,2025,MRD-CO,1.6T 하이브리드,AWD,샌드 베이지,2,3,-632
2025-06,southeast,MRD,2025,MRD-CO,1.6T 하이브리드,FWD,스노우 화이트,58,59,-14800
2025-06,southeast,MRD,2025,MRD-CO,1.6T 하이브리드,FWD,미드나잇 블랙,46,47,-11716
2025-06,southeast,MRD,2025,MRD-CO,1.6T 하이브리드,FWD,스틸 그레이,39,40,-9866
2025-06,southeast,MRD,2025,MRD-CO,1.6T 하이브리드,FWD,실버,32,32,-8016
2025-06,southeast,MRD,2025,MRD-CO,1.6T 하이브리드,FWD,오션 블루,24,25,-6166
2025-06,southeast,MRD,2025,MRD-CO,1.6T 하이브리드,FWD,선셋 레드,19,20,-4933
2025-06,southeast,MRD,2025,MRD-CO,1.6T 하이브리드,FWD,포레스트 그린,12,12,-3083
2025-06,southeast,MRD,2025,MRD-CO,1.6T 하이브리드,FWD,샌드 베이지,12,12,-3083
2025-06,southeast,MRD,2025,MRD-PR,2.0 가솔린,AWD,스노우 화이트,18,18,-726
2025-06,southeast,MRD,2025,MRD-PR,2.0 가솔린,AWD,미드나잇 블랙,14,14,-575
2025-06,southeast,MRD,2025,MRD-PR,2.0 가솔린,AWD,스틸 그레이,12,12,-484
2025-06,southeast,MRD,2025,MRD-PR,2.0 가솔린,AWD,실버,10,10,-393
2025-06,southeast,MRD,2025,MRD-PR,2.0 가솔린,AWD,오션 블루,7,8,-302
2025-06,southeast,MRD,2025,MRD-PR,2.0 가솔린,AWD,선셋 레드,6,6,-242
2025-06,southeast,MRD,2025,MRD-PR,2.0 가솔린,AWD,포레스트 그린,4,4,-151
2025-06,southeast,MRD,2025,MRD-PR,2.0 가솔린,AWD,샌드 베이지,4,4,-151
2025-06,southeast,MRD,2025,MRD-PR,2.0 가솔린,FWD,스노우 화이트,87,89,-3543
2025-06,southeast,MRD,2025,MRD-PR,2.0 가솔린,FWD,미드나잇 블랙,69,71,-2805
2025-06,southeast,MRD,2025,MRD-PR,2.0 가솔린,FWD,스틸 그레이,58,59,-2362
2025-06,southeast,MRD,2025,MRD-PR,2.0 가솔린,FWD,실버,47,48,-1919
2025-06,southeast,MRD,2025,MRD-PR,2.0 가솔린,FWD,오션 블루,36,37,-1476
2025-06,southeast,MRD,2025,MRD-PR,2.0 가솔린,FWD,선셋 레드,29,30,-1181
2025-06,southeast,MRD,2025,MRD-PR,2.0 가솔린,FWD,포레스트 그린,18,19,-738
2025-06,southeast,MRD,2025,MRD-PR,2.0 가솔린,FWD,샌드 베이지,18,19,-738
2025-06,southeast,MRD,2025,MRD-PR,1.6T 하이브리드,AWD,스노우 화이트,14,14,-561
2025-06,southeast,MRD,2025,MRD-PR,1.6T 하이브리드,AWD,미드나잇 블랙,11,11,-444
2025-06,southeast,MRD,2025,MRD-PR,1.6T 하이브리드,AWD,스틸 그레이,9,9,-374
2025-06,southeast,MRD,2025,MRD-PR,1.6T 하이브리드,AWD,실버,7,8,-304
2025-06,southeast,MRD,2025,MRD-PR,1.6T 하이브리드,AWD,오션 블루,6,6,-234
2025-06,southeast,MRD,2025,MRD-PR,1.6T 하이브리드,AWD,선셋 레드,5,5,-187
2025-06,southeast,MRD,2025,MRD-PR,1.6T 하이브리드,AWD,포레스트 그린,3,3,-117
2025-06,southeast,MRD,2025,MRD-PR,1.6T 하이브리드,AWD,샌드 베이지,3,3,-117
2025-06,southeast,MRD,2025,MRD-PR,1.6T 하이브리드,FWD,스노우 화이트,68,69,-2739
2025-06,southeast,MRD,2025,MRD-PR,1.6T 하이브리드,FWD,미드나잇 블랙,53,55,-2168
2025-06,southeast,MRD,2025,MRD-PR,1.6T 하이브리드,FWD,스틸 그레이,45,46,-1826
2025-06,southeast,MRD,2025,MRD-PR,1.6T 하이브리드,FWD,실버,37,37,-1484
2025-06,southeast,MRD,2025,MRD-PR,1.6T 하이브리드,FWD,오션 블루,28,29,-1141
2025-06,southeast,MRD,2025,MRD-PR,1.6T 하이브리드,FWD,선셋 레드,23,23,-913
2025-06,southeast,MRD,2025,MRD-PR,1.6T 하이브리드,FWD,포레스트 그린,14,14,-571
2025-06,southeast,MRD,2025,MRD-PR,1.6T 하이브리드,FWD,샌드 베이지,14,14,-571
2025-06,southeast,MRD,2025,MRD-SP,2.0 가솔린,AWD,스노우 화이트,7,7,2434
2025-06,southeast,MRD,2025,MRD-SP,2.0 가솔린,AWD,미드나잇 블랙,6,6,1927
2025-06,southeast,MRD,2025,MRD-SP,2.0 가솔린,AWD,스틸 그레이,5,5,1623
2025-06,southeast,MRD,2025,MRD-SP,2.0 가솔린,AWD,실버,4,4,1318
2025-06,southeast,MRD,2025,MRD-SP,2.0 가솔린,AWD,오션 블루,3,3,1014
2025-06,southeast,MRD,2025,MRD-SP,2.0 가솔린,AWD,선셋 레드,2,2,811
2025-06,southeast,MRD,2025,MRD-SP,2.0 가솔린,AWD,포레스트 그린,2,2,507
2025-06,southeast,MRD,2025,MRD-SP,2.0 가솔린,AWD,샌드 베이지,2,2,507
2025-06,southeast,MRD,2025,MRD-SP,2.0 가솔린,FWD,스노우 화이트,36,36,11884
2025-06,southeast,MRD,2025,MRD-SP,2.0 가솔린,FWD,미드나잇 블랙,28,29,9408
2025-06,southeast,MRD,2025,MRD-SP,2.0 가솔린,FWD,스틸 그레이,24,24,7922
2025-06,southeast,MRD,2025,MRD-SP,2.0 가솔린,FWD,실버,19,20,6437
2025-06,southeast,MRD,2025,MRD-SP,2.0 가솔린,FWD,오션 블루,15,15,4952
2025-06,southeast,MRD,2025,MRD-SP,2.0 가솔린,FWD,선셋 레드,12,12,3961
2025-06,southeast,MRD,2025,MRD-SP,2.0 가솔린,FWD,포레스트 그린,7,8,2476
2025-06,southeast,MRD,2025,MRD-SP,2.0 가솔린,FWD,샌드 베이지,7,8,2476
2025-06,southeast,MRD,2025,MRD-SP,1.6T 하이브리드,AWD,스노우 화이트,6,6,1882
2025-06,southeast,MRD,2025,MRD-SP,1.6T 하이브리드,AWD,미드나잇 블랙,4,5,1490
2025-06,southeast,MRD,2025,MRD-SP,1.6T 하이브리드,AWD,스틸 그레이,4,4,1254
2025-06,southeast,MRD,2025,MRD-SP,1.6T 하이브리드,AWD,실버,3,3,1019
2025-06,southeast,MRD,2025,MRD-SP,1.6T 하이브리드,AWD,오션 블루,2,2,784
2025-06,southeast,MRD,2025,MRD-SP,1.6T 하이브리드,AWD,선셋 레드,2,2,627
2025-06,southeast,MRD,2025,MRD-SP,1.6T 하이브리드,AWD,포레스트 그린,1,1,392
2025-06,southeast,MRD,2025,MRD-SP,1.6T 하이브리드,AWD,샌드 베이지,1,1,392
2025-06,southeast,MRD,2025,MRD-SP,1.6T 하이브리드,FWD,스노우 화이트,28,28,9187
2025-06,southeast,MRD,2025,MRD-SP,1.6T 하이브리드,FWD,미드나잇 블랙,22,22,7273
2025-06,southeast,MRD,2025,MRD-SP,1.6T 하이브리드,FWD,스틸 그레이,18,19,6124
2025-06,southeast,MRD,2025,MRD-SP,1.6T 하이브리드,FWD,실버,15,15,4976
2025-06,southeast,MRD,2025,MRD-SP,1.6T 하이브리드,FWD,오션 블루,12,12,3828
2025-06,southeast,MRD,2025,MRD-SP,1.6T 하이브리드,FWD,선셋 레드,9,9,3062
2025-06,southeast,MRD,2025,MRD-SP,1.6T 하이브리드,FWD,포레스트 그린,6,6,1914
2025-06,southeast,MRD,2025,MRD-SP,1.6T 하이브리드,FWD,샌드 베이지,6,6,1914
2025-06,west,NOV,2025,NOV-CO,3.5 가솔린,AWD,스노우 화이트,37,38,1938
2025-06,west,NOV,2025,NOV-CO,3.5 가솔린,AWD,미드나잇 블랙,30,30,1534
2025-06,west,NOV,2025,NOV-CO,3.5 가솔린,AWD,스틸 그레이,25,25,1292
2025-06,west,NOV,2025,NOV-CO,3.5 가솔린,AWD,실버,20,21,1050
2025-06,west,NOV,2025,NOV-CO,3.5 가솔린,AWD,오션 블루,16,16,808
2025-06,west,NOV,2025,NOV-CO,3.5 가솔린,AWD,선셋 레드,12,13,646
2025-06,west,NOV,2025,NOV-CO,3.5 가솔린,AWD,포레스트 그린,8,8,404
2025-06,west,NOV,2025,NOV-CO,3.5 가솔린,AWD,샌드 베이지,8,8,404
2025-06,west,NOV,2025,NOV-CO,3.5 가솔린,FWD,스노우 화이트,69,71,3599
2025-06,west,NOV,2025,NOV-CO,3.5 가솔린,FWD,미드나잇 블랙,55,56,2849
2025-06,west,NOV,2025,NOV-CO,3.5 가솔린,FWD,스틸 그레이,46,47,2399
2025-06,west,NOV,2025,NOV-CO,3.5 가솔린,FWD,실버,38,38,1950
2025-06,west,NOV,2025,NOV-CO,3.5 가솔린,FWD,오션 블루,29,29,1500
2025-06,west,NOV,2025,NOV-CO,3.5 가솔린,FWD,선셋 레드,23,24,1200
2025-06,west,NOV,2025,NOV-CO,3.5 가솔린,FWD,포레스트 그린,14,15,750
2025-06,west,NOV,2025,NOV-CO,3.5 가솔린,FWD,샌드 베이지,14,15,750
2025-06,west,NOV,2025,NOV-CO,1.6T 하이브리드,AWD,스노우 화이트,29,29,1498
2025-06,west,NOV,2025,NOV-CO,1.6T 하이브리드,AWD,미드나잇 블랙,23,23,1186
2025-06,west,NOV,2025,NOV-CO,1.6T 하이브리드,AWD,스틸 그레이,19,20,999
2025-06,west,NOV,2025,NOV-CO,1.6T 하이브리드,AWD,실버,16,16,812
2025-06,west,NOV,2025,NOV-CO,1.6T 하이브리드,AWD,오션 블루,12,12,624
2025-06,west,NOV,2025,NOV-CO,1.6T 하이브리드,AWD,선셋 레드,10,10,499
2025-06,west,NOV,2025,NOV-CO,1.6T 하이브리드,AWD,포레스트 그린,6,6,312
2025-06,west,NOV,2025,NOV-CO,1.6T 하이브리드,AWD,샌드 베이지,6,6,312
2025-06,west,NOV,2025,NOV-CO,1.6T 하이브리드,FWD,스노우 화이트,54,55,2782
2025-06,west,NOV,2025,NOV-CO,1.6T 하이브리드,FWD,미드나잇 블랙,42,43,2203
2025-06,west,NOV,2025,NOV-CO,1.6T 하이브리드,FWD,스틸 그레이,36,36,1855
2025-06,west,NOV,2025,NOV-CO,1.6T 하이브리드,FWD,실버,29,30,1507
2025-06,west,NOV,2025,NOV-CO,1.6T 하이브리드,FWD,오션 블루,22,23,1159
2025-06,west,NOV,2025,NOV-CO,1.6T 하이브리드,FWD,선셋 레드,18,18,927
2025-06,west,NOV,2025,NOV-CO,1.6T 하이브리드,FWD,포레스트 그린,11,11,580
2025-06,west,NOV,2025,NOV-CO,1.6T 하이브리드,FWD,샌드 베이지,11,11,580
2025-06,west,NOV,2025,NOV-PR,3.5 가솔린,AWD,스노우 화이트,43,44,15715
2025-06,west,NOV,2025,NOV-PR,3.5 가솔린,AWD,미드나잇 블랙,34,35,12441
2025-06,west,NOV,2025,NOV-PR,3.5 가솔린,AWD,스틸 그레이,29,29,10477
2025-06,west,NOV,2025,NOV-PR,3.5 가솔린,AWD,실버,23,24,8512
2025-06,west,NOV,2025,NOV-PR,3.5 가솔린,AWD,오션 블루,18,18,6548
2025-06,west,NOV,2025,NOV-PR,3.5 가솔린,AWD,선셋 레드,14,15,5238
2025-06,west,NOV,2025,NOV-PR,3.5 가솔린,AWD,포레스트 그린,9,9,3274
2025-06,west,NOV,2025,NOV-PR,3.5 가솔린,AWD,샌드 베이지,9,9,3274
2025-06,west,NOV,2025,NOV-PR,3.5 가솔린,FWD,스노우 화이트,80,82,29185
2025-06,west,NOV,2025,NOV-PR,3.5 가솔린,FWD,미드나잇 블랙,64,65,23105
2025-06,west,NOV,2025,NOV-PR,3.5 가솔린,FWD,스틸 그레이,54,55,19457
2025-06,west,NOV,2025,NOV-PR,3.5 가솔린,FWD,실버,43,44,15808
2025-06,west,NOV,2025,NOV-PR,3.5 가솔린,FWD,오션 블루,33,34,12160
2025-06,west,NOV,2025,NOV-PR,3.5 가솔린,FWD,선셋 레드,27,27,9728
2025-06,west,NOV,2025,NOV-PR,3.5 가솔린,FWD,포레스트 그린,17,17,6080
2025-06,west,NOV,2025,NOV-PR,3.5 가솔린,FWD,샌드 베이지,17,17,6080
2025-06,west,NOV,2025,NOV-PR,1.6T 하이브리드,AWD,스노우 화이트,33,34,12148
2025-06,west,NOV,2025,NOV-PR,1.6T 하이브리드,AWD,미드나잇 블랙,26,27,9618
2025-06,west,NOV,2025,NOV-PR,1.6T 하이브리드,AWD,스틸 그레이,22,23,8099
2025-06,west,NOV,2025,NOV-PR,1.6T 하이브리드,AWD,실버,18,18,6580
2025-06,west,NOV,2025,NOV-PR,1.6T 하이브리드,AWD,오션 블루,14,14,5062
2025-06,west,NOV,2025,NOV-PR,1.6T 하이브리드,AWD,선셋 레드,11,11,4049
2025-06,west,NOV,2025,NOV-PR,1.6T 하이브리드,AWD,포레스트 그린,7,7,2531
2025-06,west,NOV,2025,NOV-PR,1.6T 하이브리드,AWD,샌드 베이지,7,7,2531
2025-06,west,NOV,2025,NOV-PR,1.6T 하이브리드,FWD,스노우 화이트,62,63,22561
2025-06,west,NOV,2025,NOV-PR,1.6T 하이브리드,FWD,미드나잇 블랙,49,50,17861
2025-06,west,NOV,2025,NOV-PR,1.6T 하이브리드,FWD,스틸 그레이,41,42,15041
2025-06,west,NOV,2025,NOV-PR,1.6T 하이브리드,FWD,실버,34,34,12221
2025-06,west,NOV,2025,NOV-PR,1.6T 하이브리드,FWD,오션 블루,26,26,9401
2025-06,west,NOV,2025,NOV-PR,1.6T 하이브리드,FWD,선셋 레드,21,21,7520
2025-06,west,NOV,2025,NOV-PR,1.6T 하이브리드,FWD,포레스트 그린,13,13,4700
2025-06,west,NOV,2025,NOV-PR,1.6T 하이브리드,FWD,샌드 베이지,13,13,4700
2025-06,west,NOV,2025,NOV-LO,3.5 가솔린,AWD,스노우 화이트,18,18,16073
2025-06,west,NOV,2025,NOV-LO,3.5 가솔린,AWD,미드나잇 블랙,14,14,12724
2025-06,west,NOV,2025,NOV-LO,3.5 가솔린,AWD,스틸 그레이,12,12,10715
2025-06,west,NOV,2025,NOV-LO,3.5 가솔린,AWD,실버,10,10,8706
2025-06,west,NOV,2025,NOV-LO,3.5 가솔린,AWD,오션 블루,7,8,6697
2025-06,west,NOV,2025,NOV-LO,3.5 가솔린,AWD,선셋 레드,6,6,5358
2025-06,west,NOV,2025,NOV-LO,3.5 가솔린,AWD,포레스트 그린,4,4,3349
2025-06,west,NOV,2025,NOV-LO,3.5 가솔린,AWD,샌드 베이지,4,4,3349
2025-06,west,NOV,2025,NOV-LO,3.5 가솔린,FWD,스노우 화이트,33,33,29850
2025-06,west,NOV,2025,NOV-LO,3.5 가솔린,FWD,미드나잇 블랙,26,27,23631
2025-06,west,NOV,2025,NOV-LO,3.5 가솔린,FWD,스틸 그레이,22,22,19900
2025-06,west,NOV,2025,NOV-LO,3.5 가솔린,FWD,실버,18,18,16168
2025-06,west,NOV,2025,NOV-LO,3.5 가솔린,FWD,오션 블루,14,14,12437
2025-06,west,NOV,2025,NOV-LO,3.5 가솔린,FWD,선셋 레드,11,11,9950
2025-06,west,NOV,2025,NOV-LO,3.5 가솔린,FWD,포레스트 그린,7,7,6219
2025-06,west,NOV,2025,NOV-LO,3.5 가솔린,FWD,샌드 베이지,7,7,6219
2025-06,west,NOV,2025,NOV-LO,1.6T 하이브리드,AWD,스노우 화이트,14,14,12425
2025-06,west,NOV,2025,NOV-LO,1.6T 하이브리드,AWD,미드나잇 블랙,11,11,9837
2025-06,west,NOV,2025,NOV-LO,1.6T 하이브리드,AWD,스틸 그레이,9,9,8283
2025-06,west,NOV,2025,NOV-LO,1.6T 하이브리드,AWD,실버,7,8,6730
2025-06,west,NOV,2025,NOV-LO,1.6T 하이브리드,AWD,오션 블루,6,6,5177
2025-06,west,NOV,2025,NOV-LO,1.6T 하이브리드,AWD,선셋 레드,5,5,4142
2025-06,west,NOV,2025,NOV-LO,1.6T 하이브리드,AWD,포레스트 그린,3,3,2589
2025-06,west,NOV,2025,NOV-LO,1.6T 하이브리드,AWD,샌드 베이지,3,3,2589
2025-06,west,NOV,2025,NOV-LO,1.6T 하이브리드,FWD,스노우 화이트,25,26,23075
2025-06,west,NOV,2025,NOV-LO,1.6T 하이브리드,FWD,미드나잇 블랙,20,20,18268
2025-06,west,NOV,2025,NOV-LO,1.6T 하이브리드,FWD,스틸 그레이,17,17,15383
2025-06,west,NOV,2025,NOV-LO,1.6T 하이브리드,FWD,실버,14,14,12499
2025-06,west,NOV,2025,NOV-LO,1.6T 하이브리드,FWD,오션 블루,11,11,9615
2025-06,west,NOV,2025,NOV-LO,1.6T 하이브리드,FWD,선셋 레드,8,9,7692
2025-06,west,NOV,2025,NOV-LO,1.6T 하이브리드,FWD,포레스트 그린,5,5,4807
2025-06,west,NOV,2025,NOV-LO,1.6T 하이브리드,FWD,샌드 베이지,5,5,4807
2025-06,central,NOV,2025,NOV-CO,3.5 가솔린,AWD,스노우 화이트,28,29,1457
2025-06,central,NOV,2025,NOV-CO,3.5 가솔린,AWD,미드나잇 블랙,22,23,1154
2025-06,central,NOV,2025,NOV-CO,3.5 가솔린,AWD,스틸 그레이,19,19,971
2025-06,central,NOV,2025,NOV-CO,3.5 가솔린,AWD,실버,15,16,789
2025-06,central,NOV,2025,NOV-CO,3.5 가솔린,AWD,오션 블루,12,12,607
2025-06,central,NOV,2025,NOV-CO,3.5 가솔린,AWD,선셋 레드,9,10,486
2025-06,central,NOV,2025,NOV-CO,3.5 가솔린,AWD,포레스트 그린,6,6,304
2025-06,central,NOV,2025,NOV-CO,3.5 가솔린,AWD,샌드 베이지,6,6,304
2025-06,central,NOV,2025,NOV-CO,3.5 가솔린,FWD,스노우 화이트,42,42,2163
2025-06,central,NOV,2025,NOV-CO,3.5 가솔린,FWD,미드나잇 블랙,33,34,1713
2025-06,central,NOV,2025,NOV-CO,3.5 가솔린,FWD,스틸 그레이,28,28,1442
2025-06,central,NOV,2025,NOV-CO,3.5 가솔린,FWD,실버,23,23,1172
2025-06,central,NOV,2025,NOV-CO,3.5 가솔린,FWD,오션 블루,17,18,901
2025-06,central,NOV,2025,NOV-CO,3.5 가솔린,FWD,선셋 레드,14,14,721
2025-06,central,NOV,2025,NOV-CO,3.5 가솔린,FWD,포레스트 그린,9,9,451
2025-06,central,NOV,2025,NOV-CO,3.5 가솔린,FWD,샌드 베이지,9,9,451
2025-06,central,NOV,2025,NOV-CO,1.6T 하이브리드,AWD,스노우 화이트,22,22,1127
2025-06,central,NOV,2025,NOV-CO,1.6T 하이브리드,AWD,미드나잇 블랙,17,18,892
2025-06,central,NOV,2025,NOV-CO,1.6T 하이브리드,AWD,스틸 그레이,14,15,751
2025-06,central,NOV,2025,NOV-CO,1.6T 하이브리드,AWD,실버,12,12,610
2025-06,central,NOV,2025,NOV-CO,1.6T 하이브리드,AWD,오션 블루,9,9,469
2025-06,central,NOV,2025,NOV-CO,1.6T 하이브리드,AWD,선셋 레드,7,7,376
2025-06,central,NOV,2025,NOV-CO,1.6T 하이브리드,AWD,포레스트 그린,5,5,235
2025-06,central,NOV,2025,NOV-CO,1.6T 하이브리드,AWD,샌드 베이지,5,5,235
2025-06,central,NOV,2025,NOV-CO,1.6T 하이브리드,FWD,스노우 화이트,32,33,1672
2025-06,central,NOV,2025,NOV-CO,1.6T 하이브리드,FWD,미드나잇 블랙,25,26,1324
2025-06,central,NOV,2025,NOV-CO,1.6T 하이브리드,FWD,스틸 그레이,21,22,1115
2025-06,central,NOV,2025,NOV-CO,1.6T 하이브리드,FWD,실버,17,18,906
2025-06,central,NOV,2025,NOV-CO,1.6T 하이브리드,FWD,오션 블루,13,14,697
2025-06,central,NOV,2025,NOV-CO,1.6T 하이브리드,FWD,선셋 레드,11,11,557
2025-06,central,NOV,2025,NOV-CO,1.6T 하이브리드,FWD,포레스트 그린,7,7,348
2025-06,central,NOV,2025,NOV-CO,1.6T 하이브리드,FWD,샌드 베이지,7,7,348
2025-06,central,NOV,2025,NOV-PR,3.5 가솔린,AWD,스노우 화이트,32,33,11816
2025-06,central,NOV,2025,NOV-PR,3.5 가솔린,AWD,미드나잇 블랙,26,26,9355
2025-06,central,NOV,2025,NOV-PR,3.5 가솔린,AWD,스틸 그레이,22,22,7878
2025-06,central,NOV,2025,NOV-PR,3.5 가솔린,AWD,실버,18,18,6401
2025-06,central,NOV,2025,NOV-PR,3.5 가솔린,AWD,오션 블루,14,14,4924
2025-06,central,NOV,2025,NOV-PR,3.5 가솔린,AWD,선셋 레드,11,11,3939
2025-06,central,NOV,2025,NOV-PR,3.5 가솔린,AWD,포레스트 그린,7,7,2462
2025-06,central,NOV,2025,NOV-PR,3.5 가솔린,AWD,샌드 베이지,7,7,2462
2025-06,central,NOV,2025,NOV-PR,3.5 가솔린,FWD,스노우 화이트,48,49,17541
2025-06,central,NOV,2025,NOV-PR,3.5 가솔린,FWD,미드나잇 블랙,38,39,13887
2025-06,central,NOV,2025,NOV-PR,3.5 가솔린,FWD,스틸 그레이,32,33,11694
2025-06,central,NOV,2025,NOV-PR,3.5 가솔린,FWD,실버,26,27,9501
2025-06,central,NOV,2025,NOV-PR,3.5 가솔린,FWD,오션 블루,20,21,7309
2025-06,central,NOV,2025,NOV-PR,3.5 가솔린,FWD,선셋 레드,16,16,5847
2025-06,central,NOV,2025,NOV-PR,3.5 가솔린,FWD,포레스트 그린,10,10,3654
2025-06,central,NOV,2025,NOV-PR,3.5 가솔린,FWD,샌드 베이지,10,10,3654
2025-06,central,NOV,2025,NOV-PR,1.6T 하이브리드,AWD,스노우 화이트,25,26,9135
2025-06,central,NOV,2025,NOV-PR,1.6T 하이브리드,AWD,미드나잇 블랙,20,20,7232
2025-06,central,NOV,2025,NOV-PR,1.6T 하이브리드,AWD,스틸 그레이,17,17,6090
2025-06,central,NOV,2025,NOV-PR,1.6T 하이브리드,AWD,실버,14,14,4948
2025-06,central,NOV,2025,NOV-PR,1.6T 하이브리드,AWD,오션 블루,10,11,3806
2025-06,central,NOV,2025,NOV-PR,1.6T 하이브리드,AWD,선셋 레드,8,9,3045
2025-06,central,NOV,2025,NOV-PR,1.6T 하이브리드,AWD,포레스트 그린,5,5,1903
2025-06,central,NOV,2025,NOV-PR,1.6T 하이브리드,AWD,샌드 베이지,5,5,1903
2025-06,central,NOV,2025,NOV-PR,1.6T 하이브리드,FWD,스노우 화이트,37,38,13560
2025-06,central,NOV,2025,NOV-PR,1.6T 하이브리드,FWD,미드나잇 블랙,30,30,10735
2025-06,central,NOV,2025,NOV-PR,1.6T 하이브리드,FWD,스틸 그레이,25,25,9040
2025-06,central,NOV,2025,NOV-PR,1.6T 하이브리드,FWD,실버,20,21,7345
2025-06,central,NOV,2025,NOV-PR,1.6T 하이브리드,FWD,오션 블루,16,16,5650
2025-06,central,NOV,2025,NOV-PR,1.6T 하이브리드,FWD,선셋 레드,12,13,4520
2025-06,central,NOV,2025,NOV-PR,1.6T 하이브리드,FWD,포레스트 그린,8,8,2825
2025-06,central,NOV,2025,NOV-PR,1.6T 하이브리드,FWD,샌드 베이지,8,8,2825
2025-06,central,NOV,2025,NOV-LO,3.5 가솔린,AWD,스노우 화이트,13,14,12086
2025-06,central,NOV,2025,NOV-LO,3.5 가솔린,AWD,미드나잇 블랙,11,11,9568
2025-06,central,NOV,2025,NOV-LO,3.5 가솔린,AWD,스틸 그레이,9,9,8057
2025-06,central,NOV,2025,NOV-LO,3.5 가솔린,AWD,실버,7,7,6546
2025-06,central,NOV,2025,NOV-LO,3.5 가솔린,AWD,오션 블루,6,6,5036
2025-06,central,NOV,2025,NOV-LO,3.5 가솔린,AWD,선셋 레드,4,5,4029
2025-06,central,NOV,2025,NOV-LO,3.5 가솔린,AWD,포레스트 그린,3,3,2518
2025-06,central,NOV,2025,NOV-LO,3.5 가솔린,AWD,샌드 베이지,3,3,2518
2025-06,central,NOV,2025,NOV-LO,3.5 가솔린,FWD,스노우 화이트,20,20,17941
2025-06,central,NOV,2025,NOV-LO,3.5 가솔린,FWD,미드나잇 블랙,16,16,14203
2025-06,central,NOV,2025,NOV-LO,3.5 가솔린,FWD,스틸 그레이,13,13,11960
2025-06,central,NOV,2025,NOV-LO,3.5 가솔린,FWD,실버,11,11,9718
2025-06,central,NOV,2025,NOV-LO,3.5 가솔린,FWD,오션 블루,8,8,7475
2025-06,central,NOV,2025,NOV-LO,3.5 가솔린,FWD,선셋 레드,7,7,5980
2025-06,central,NOV,2025,NOV-LO,3.5 가솔린,FWD,포레스트 그린,4,4,3738
2025-06,central,NOV,2025,NOV-LO,3.5 가솔린,FWD,샌드 베이지,4,4,3738
2025-06,central,NOV,2025,NOV-LO,1.6T 하이브리드,AWD,스노우 화이트,10,10,9343
2025-06,central,NOV,2025,NOV-LO,1.6T 하이브리드,AWD,미드나잇 블랙,8,8,7396
2025-06,central,NOV,2025,NOV-LO,1.6T 하이브리드,AWD,스틸 그레이,7,7,6228
2025-06,central,NOV,2025,NOV-LO,1.6T 하이브리드,AWD,실버,6,6,5061
2025-06,central,NOV,2025,NOV-LO,1.6T 하이브리드,AWD,오션 블루,4,4,3893
2025-06,central,NOV,2025,NOV-LO,1.6T 하이브리드,AWD,선셋 레드,3,3,3114
2025-06,central,NOV,2025,NOV-LO,1.6T 하이브리드,AWD,포레스트 그린,2,2,1946
2025-06,central,NOV,2025,NOV-LO,1.6T 하이브리드,AWD,샌드 베이지,2,2,1946
2025-06,central,NOV,2025,NOV-LO,1.6T 하이브리드,FWD,스노우 화이트,15,16,13869
2025-06,central,NOV,2025,NOV-LO,1.6T 하이브리드,FWD,미드나잇 블랙,12,12,10980
2025-06,central,NOV,2025,NOV-LO,1.6T 하이브리드,FWD,스틸 그레이,10,10,9246
2025-06,central,NOV,2025,NOV-LO,1.6T 하이브리드,FWD,실버,8,8,7512
2025-06,central,NOV,2025,NOV-LO,1.6T 하이브리드,FWD,오션 블루,6,6,5779
2025-06,central,NOV,2025,NOV-LO,1.6T 하이브리드,FWD,선셋 레드,5,5,4623
2025-06,central,NOV,2025,NOV-LO,1.6T 하이브리드,FWD,포레스트 그린,3,3,2889
2025-06,central,NOV,2025,NOV-LO,1.6T 하이브리드,FWD,샌드 베이지,3,3,2889
2025-06,south,NOV,2025,NOV-CO,3.5 가솔린,AWD,스노우 화이트,23,23,1181
2025-06,south,NOV,2025,NOV-CO,3.5 가솔린,AWD,미드나잇 블랙,18,18,935
2025-06,south,NOV,2025,NOV-CO,3.5 가솔린,AWD,스틸 그레이,15,15,787
2025-06,south,NOV,2025,NOV-CO,3.5 가솔린,AWD,실버,12,13,640
2025-06,south,NOV,2025,NOV-CO,3.5 가솔린,AWD,오션 블루,9,10,492
2025-06,south,NOV,2025,NOV-CO,3.5 가솔린,AWD,선셋 레드,8,8,394
2025-06,south,NOV,2025,NOV-CO,3.5 가솔린,AWD,포레스트 그린,5,5,246
2025-06,south,NOV,2025,NOV-CO,3.5 가솔린,AWD,샌드 베이지,5,5,246
2025-06,south,NOV,2025,NOV-CO,3.5 가솔린,FWD,스노우 화이트,67,69,3505
2025-06,south,NOV,2025,NOV-CO,3.5 가솔린,FWD,미드나잇 블랙,53,55,2774
2025-06,south,NOV,2025,NOV-CO,3.5 가솔린,FWD,스틸 그레이,45,46,2336
2025-06,south,NOV,2025,NOV-CO,3.5 가솔린,FWD,실버,37,37,1898
2025-06,south,NOV,2025,NOV-CO,3.5 가솔린,FWD,오션 블루,28,29,1460
2025-06,south,NOV,2025,NOV-CO,3.5 가솔린,FWD,선셋 레드,22,23,1168
2025-06,south,NOV,2025,NOV-CO,3.5 가솔린,FWD,포레스트 그린,14,14,730
2025-06,south,NOV,2025,NOV-CO,3.5 가솔린,FWD,샌드 베이지,14,14,730
2025-06,south,NOV,2025,NOV-CO,1.6T 하이브리드,AWD,스노우 화이트,18,18,913
2025-06,south,NOV,2025,NOV-CO,1.6T 하이브리드,AWD,미드나잇 블랙,14,14,723
2025-06,south,NOV,2025,NOV-CO,1.6T 하이브리드,AWD,스틸 그레이,12,12,608
2025-06,south,NOV,2025,NOV-CO,1.6T 하이브리드,AWD,실버,10,10,494
2025-06,south,NOV,2025,NOV-CO,1.6T 하이브리드,AWD,오션 블루,7,7,380
2025-06,south,NOV,2025,NOV-CO,1.6T 하이브리드,AWD,선셋 레드,6,6,304
2025-06,south,NOV,2025,NOV-CO,1.6T 하이브리드,AWD,포레스트 그린,4,4,190
2025-06,south,NOV,2025,NOV-CO,1.6T 하이브리드,AWD,샌드 베이지,4,4,190
2025-06,south,NOV,2025,NOV-CO,1.6T 하이브리드,FWD,스노우 화이트,52,53,2709
2025-06,south,NOV,2025,NOV-CO,1.6T 하이브리드,FWD,미드나잇 블랙,41,42,2145
2025-06,south,NOV,2025,NOV-CO,1.6T 하이브리드,FWD,스틸 그레이,35,35,1806
2025-06,south,NOV,2025,NOV-CO,1.6T 하이브리드,FWD,실버,28,29,1468
2025-06,south,NOV,2025,NOV-CO,1.6T 하이브리드,FWD,오션 블루,22,22,1129
2025-06,south,NOV,2025,NOV-CO,1.6T 하이브리드,FWD,선셋 레드,17,18,903
2025-06,south,NOV,2025,NOV-CO,1.6T 하이브리드,FWD,포레스트 그린,11,11,564
2025-06,south,NOV,2025,NOV-CO,1.6T 하이브리드,FWD,샌드 베이지,11,11,564
2025-06,south,NOV,2025,NOV-PR,3.5 가솔린,AWD,스노우 화이트,26,27,9574
2025-06,south,NOV,2025,NOV-PR,3.5 가솔린,AWD,미드나잇 블랙,21,21,7579
2025-06,south,NOV,2025,NOV-PR,3.5 가솔린,AWD,스틸 그레이,18,18,6383
2025-06,south,NOV,2025,NOV-PR,3.5 가솔린,AWD,실버,14,15,5186
2025-06,south,NOV,2025,NOV-PR,3.5 가솔린,AWD,오션 블루,11,11,3989
2025-06,south,NOV,2025,NOV-PR,3.5 가솔린,AWD,선셋 레드,9,9,3191
2025-06,south,NOV,2025,NOV-PR,3.5 가솔린,AWD,포레스트 그린,5,6,1995
2025-06,south,NOV,2025,NOV-PR,3.5 가솔린,AWD,샌드 베이지,5,6,1995
2025-06,south,NOV,2025,NOV-PR,3.5 가솔린,FWD,스노우 화이트,78,80,28418
2025-06,south,NOV,2025,NOV-PR,3.5 가솔린,FWD,미드나잇 블랙,62,63,22498
2025-06,south,NOV,2025,NOV-PR,3.5 가솔린,FWD,스틸 그레이,52,53,18945
2025-06,south,NOV,2025,NOV-PR,3.5 가솔린,FWD,실버,42,43,15393
2025-06,south,NOV,2025,NOV-PR,3.5 가솔린,FWD,오션 블루,33,33,11841
2025-06,south,NOV,2025,NOV-PR,3.5 가솔린,FWD,선셋 레드,26,27,9473
2025-06,south,NOV,2025,NOV-PR,3.5 가솔린,FWD,포레스트 그린,16,17,5920
2025-06,south,NOV,2025,NOV-PR,3.5 가솔린,FWD,샌드 베이지,16,17,5920
2025-06,south,NOV,2025,NOV-PR,1.6T 하이브리드,AWD,스노우 화이트,20,21,7401
2025-06,south,NOV,2025,NOV-PR,1.6T 하이브리드,AWD,미드나잇 블랙,16,16,5859
2025-06,south,NOV,2025,NOV-PR,1.6T 하이브리드,AWD,스틸 그레이,14,14,4934
2025-06,south,NOV,2025,NOV-PR,1.6T 하이브리드,AWD,실버,11,11,4009
2025-06,south,NOV,2025,NOV-PR,1.6T 하이브리드,AWD,오션 블루,8,9,3084
2025-06,south,NOV,2025,NOV-PR,1.6T 하이브리드,AWD,선셋 레드,7,7,2467
2025-06,south,NOV,2025,NOV-PR,1.6T 하이브리드,AWD,포레스트 그린,4,4,1542
2025-06,south,NOV,2025,NOV-PR,1.6T 하이브리드,AWD,샌드 베이지,4,4,1542
2025-06,south,NOV,2025,NOV-PR,1.6T 하이브리드,FWD,스노우 화이트,60,62,21969
2025-06,south,NOV,2025,NOV-PR,1.6T 하이브리드,FWD,미드나잇 블랙,48,49,17392
2025-06,south,NOV,2025,NOV-PR,1.6T 하이브리드,FWD,스틸 그레이,40,41,14646
2025-06,south,NOV,2025,NOV-PR,1.6T 하이브리드,FWD,실버,33,33,11900
2025-06,south,NOV,2025,NOV-PR,1.6T 하이브리드,FWD,오션 블루,25,26,9154
2025-06,south,NOV,2025,NOV-PR,1.6T 하이브리드,FWD,선셋 레드,20,21,7323
2025-06,south,NOV,2025,NOV-PR,1.6T 하이브리드,FWD,포레스트 그린,13,13,4577
2025-06,south,NOV,2025,NOV-PR,1.6T 하이브리드,FWD,샌드 베이지,13,13,4577
2025-06,south,NOV,2025,NOV-LO,3.5 가솔린,AWD,스노우 화이트,11,11,9792
2025-06,south,NOV,2025,NOV-LO,3.5 가솔린,AWD,미드나잇 블랙,9,9,7752
2025-06,south,NOV,2025,NOV-LO,3.5 가솔린,AWD,스틸 그레이,7,7,6528
2025-06,south,NOV,2025,NOV-LO,3.5 가솔린,AWD,실버,6,6,5304
2025-06,south,NOV,2025,NOV-LO,3.5 가솔린,AWD,오션 블루,4,5,4080
2025-06,south,NOV,2025,NOV-LO,3.5 가솔린,AWD,선셋 레드,4,4,3264
2025-06,south,NOV,2025,NOV-LO,3.5 가솔린,AWD,포레스트 그린,2,2,2040
2025-06,south,NOV,2025,NOV-LO,3.5 가솔린,AWD,샌드 베이지,2,2,2040
2025-06,south,NOV,2025,NOV-LO,3.5 가솔린,FWD,스노우 화이트,32,33,29065
2025-06,south,NOV,2025,NOV-LO,3.5 가솔린,FWD,미드나잇 블랙,25,26,23010
2025-06,south,NOV,2025,NOV-LO,3.5 가솔린,FWD,스틸 그레이,21,22,19377
2025-06,south,NOV,2025,NOV-LO,3.5 가솔린,FWD,실버,17,18,15744
2025-06,south,NOV,2025,NOV-LO,3.5 가솔린,FWD,오션 블루,13,14,12111
2025-06,south,NOV,2025,NOV-LO,3.5 가솔린,FWD,선셋 레드,11,11,9688
2025-06,south,NOV,2025,NOV-LO,3.5 가솔린,FWD,포레스트 그린,7,7,6055
2025-06,south,NOV,2025,NOV-LO,3.5 가솔린,FWD,샌드 베이지,7,7,6055
2025-06,south,NOV,2025,NOV-LO,1.6T 하이브리드,AWD,스노우 화이트,8,8,7570
2025-06,south,NOV,2025,NOV-LO,1.6T 하이브리드,AWD,미드나잇 블랙,7,7,5993
2025-06,south,NOV,2025,NOV-LO,1.6T 하이브리드,AWD,스틸 그레이,6,6,5046
2025-06,south,NOV,2025,NOV-LO,1.6T 하이브리드,AWD,실버,5,5,4100
2025-06,south,NOV,2025,NOV-LO,1.6T 하이브리드,AWD,오션 블루,3,4,3154
2025-06,south,NOV,2025,NOV-LO,1.6T 하이브리드,AWD,선셋 레드,3,3,2523
2025-06,south,NOV,2025,NOV-LO,1.6T 하이브리드,AWD,포레스트 그린,2,2,1577
2025-06,south,NOV,2025,NOV-LO,1.6T 하이브리드,AWD,샌드 베이지,2,2,1577
2025-06,south,NOV,2025,NOV-LO,1.6T 하이브리드,FWD,스노우 화이트,25,25,22469
2025-06,south,NOV,2025,NOV-LO,1.6T 하이브리드,FWD,미드나잇 블랙,20,20,17788
2025-06,south,NOV,2025,NOV-LO,1.6T 하이브리드,FWD,스틸 그레이,16,17,14979
2025-06,south,NOV,2025,NOV-LO,1.6T 하이브리드,FWD,실버,13,14,12171
2025-06,south,NOV,2025,NOV-LO,1.6T 하이브리드,FWD,오션 블루,10,11,9362
2025-06,south,NOV,2025,NOV-LO,1.6T 하이브리드,FWD,선셋 레드,8,8,7490
2025-06,south,NOV,2025,NOV-LO,1.6T 하이브리드,FWD,포레스트 그린,5,5,4681
2025-06,south,NOV,2025,NOV-LO,1.6T 하이브리드,FWD,샌드 베이지,5,5,4681
2025-06,northeast,NOV,2025,NOV-CO,3.5 가솔린,AWD,스노우 화이트,32,32,1647
2025-06,northeast,NOV,2025,NOV-CO,3.5 가솔린,AWD,미드나잇 블랙,25,26,1304
2025-06,northeast,NOV,2025,NOV-CO,3.5 가솔린,AWD,스틸 그레이,21,22,1098
2025-06,northeast,NOV,2025,NOV-CO,3.5 가솔린,AWD,실버,17,18,892
2025-06,northeast,NOV,2025,NOV-CO,3.5 가솔린,AWD,오션 블루,13,13,686
2025-06,northeast,NOV,2025,NOV-CO,3.5 가솔린,AWD,선셋 레드,11,11,549
2025-06,northeast,NOV,2025,NOV-CO,3.5 가솔린,AWD,포레스트 그린,7,7,343
2025-06,northeast,NOV,2025,NOV-CO,3.5 가솔린,AWD,샌드 베이지,7,7,343
2025-06,northeast,NOV,2025,NOV-CO,3.5 가솔린,FWD,스노우 화이트,38,39,1973
2025-06,northeast,NOV,2025,NOV-CO,3.5 가솔린,FWD,미드나잇 블랙,30,31,1562
2025-06,northeast,NOV,2025,NOV-CO,3.5 가솔린,FWD,스틸 그레이,25,26,1315
2025-06,northeast,NOV,2025,NOV-CO,3.5 가솔린,FWD,실버,21,21,1069
2025-06,northeast,NOV,2025,NOV-CO,3.5 가솔린,FWD,오션 블루,16,16,822
2025-06,northeast,NOV,2025,NOV-CO,3.5 가솔린,FWD,선셋 레드,13,13,658
2025-06,northeast,NOV,2025,NOV-CO,3.5 가솔린,FWD,포레스트 그린,8,8,411
2025-06,northeast,NOV,2025,NOV-CO,3.5 가솔린,FWD,샌드 베이지,8,8,411
2025-06,northeast,NOV,2025,NOV-CO,1.6T 하이브리드,AWD,스노우 화이트,25,25,1273
2025-06,northeast,NOV,2025,NOV-CO,1.6T 하이브리드,AWD,미드나잇 블랙,19,20,1008
2025-06,northeast,NOV,2025,NOV-CO,1.6T 하이브리드,AWD,스틸 그레이,16,17,849
2025-06,northeast,NOV,2025,NOV-CO,1.6T 하이브리드,AWD,실버,13,14,690
2025-06,northeast,NOV,2025,NOV-CO,1.6T 하이브리드,AWD,오션 블루,10,10,531
2025-06,northeast,NOV,2025,NOV-CO,1.6T 하이브리드,AWD,선셋 레드,8,8,424
2025-06,northeast,NOV,2025,NOV-CO,1.6T 하이브리드,AWD,포레스트 그린,5,5,265
2025-06,northeast,NOV,2025,NOV-CO,1.6T 하이브리드,AWD,샌드 베이지,5,5,265
2025-06,northeast,NOV,2025,NOV-CO,1.6T 하이브리드,FWD,스노우 화이트,29,30,1525
2025-06,northeast,NOV,2025,NOV-CO,1.6T 하이브리드,FWD,미드나잇 블랙,23,24,1208
2025-06,northeast,NOV,2025,NOV-CO,1.6T 하이브리드,FWD,스틸 그레이,20,20,1017
2025-06,northeast,NOV,2025,NOV-CO,1.6T 하이브리드,FWD,실버,16,16,826
2025-06,northeast,NOV,2025,NOV-CO,1.6T 하이브리드,FWD,오션 블루,12,12,636
2025-06,northeast,NOV,2025,NOV-CO,1.6T 하이브리드,FWD,선셋 레드,10,10,508
2025-06,northeast,NOV,2025,NOV-CO,1.6T 하이브리드,FWD,포레스트 그린,6,6,318
2025-06,northeast,NOV,2025,NOV-CO,1.6T 하이브리드,FWD,샌드 베이지,6,6,318
2025-06,northeast,NOV,2025,NOV-PR,3.5 가솔린,AWD,스노우 화이트,37,37,13358
2025-06,northeast,NOV,2025,NOV-PR,3.5 가솔린,AWD,미드나잇 블랙,29,30,10575
2025-06,northeast,NOV,2025,NOV-PR,3.5 가솔린,AWD,스틸 그레이,24,25,8905
2025-06,northeast,NOV,2025,NOV-PR,3.5 가솔린,AWD,실버,20,20,7235
2025-06,northeast,NOV,2025,NOV-PR,3.5 가솔린,AWD,오션 블루,15,16,5566
2025-06,northeast,NOV,2025,NOV-PR,3.5 가솔린,AWD,선셋 레드,12,12,4453
2025-06,northeast,NOV,2025,NOV-PR,3.5 가솔린,AWD,포레스트 그린,8,8,2783
2025-06,northeast,NOV,2025,NOV-PR,3.5 가솔린,AWD,샌드 베이지,8,8,2783
2025-06,northeast,NOV,2025,NOV-PR,3.5 가솔린,FWD,스노우 화이트,44,45,16000
2025-06,northeast,NOV,2025,NOV-PR,3.5 가솔린,FWD,미드나잇 블랙,35,36,12667
2025-06,northeast,NOV,2025,NOV-PR,3.5 가솔린,FWD,스틸 그레이,29,30,10667
2025-06,northeast,NOV,2025,NOV-PR,3.5 가솔린,FWD,실버,24,24,8667
2025-06,northeast,NOV,2025,NOV-PR,3.5 가솔린,FWD,오션 블루,18,19,6667
2025-06,northeast,NOV,2025,NOV-PR,3.5 가솔린,FWD,선셋 레드,15,15,5333
2025-06,northeast,NOV,2025,NOV-PR,3.5 가솔린,FWD,포레스트 그린,9,9,3333
2025-06,northeast,NOV,2025,NOV-PR,3.5 가솔린,FWD,샌드 베이지,9,9,3333
2025-06,northeast,NOV,2025,NOV-PR,1.6T 하이브리드,AWD,스노우 화이트,28,29,10326
2025-06,northeast,NOV,2025,NOV-PR,1.6T 하이브리드,AWD,미드나잇 블랙,22,23,8175
2025-06,northeast,NOV,2025,NOV-PR,1.6T 하이브리드,AWD,스틸 그레이,19,19,6884
2025-06,northeast,NOV,2025,NOV-PR,1.6T 하이브리드,AWD,실버,15,16,5593
2025-06,northeast,NOV,2025,NOV-PR,1.6T 하이브리드,AWD,오션 블루,12,12,4303
2025-06,northeast,NOV,2025,NOV-PR,1.6T 하이브리드,AWD,선셋 레드,9,10,3442
2025-06,northeast,NOV,2025,NOV-PR,1.6T 하이브리드,AWD,포레스트 그린,6,6,2151
2025-06,northeast,NOV,2025,NOV-PR,1.6T 하이브리드,AWD,샌드 베이지,6,6,2151
2025-06,northeast,NOV,2025,NOV-PR,1.6T 하이브리드,FWD,스노우 화이트,34,35,12369
2025-06,northeast,NOV,2025,NOV-PR,1.6T 하이브리드,FWD,미드나잇 블랙,27,27,9792
2025-06,northeast,NOV,2025,NOV-PR,1.6T 하이브리드,FWD,스틸 그레이,23,23,8246
2025-06,northeast,NOV,2025,NOV-PR,1.6T 하이브리드,FWD,실버,18,19,6700
2025-06,northeast,NOV,2025,NOV-PR,1.6T 하이브리드,FWD,오션 블루,14,14,5154
2025-06,northeast,NOV,2025,NOV-PR,1.6T 하이브리드,FWD,선셋 레드,11,12,4123
2025-06,northeast,NOV,2025,NOV-PR,1.6T 하이브리드,FWD,포레스트 그린,7,7,2577
2025-06,northeast,NOV,2025,NOV-PR,1.6T 하이브리드,FWD,샌드 베이지,7,7,2577
2025-06,northeast,NOV,2025,NOV-LO,3.5 가솔린,AWD,스노우 화이트,15,15,13662
2025-06,northeast,NOV,2025,NOV-LO,3.5 가솔린,AWD,미드나잇 블랙,12,12,10816
2025-06,northeast,NOV,2025,NOV-LO,3.5 가솔린,AWD,스틸 그레이,10,10,9108
2025-06,northeast,NOV,2025,NOV-LO,3.5 가솔린,AWD,실버,8,8,7400
2025-06,northeast,NOV,2025,NOV-LO,3.5 가솔린,AWD,오션 블루,6,6,5692
2025-06,northeast,NOV,2025,NOV-LO,3.5 가솔린,AWD,선셋 레드,5,5,4554
2025-06,northeast,NOV,2025,NOV-LO,3.5 가솔린,AWD,포레스트 그린,3,3,2846
2025-06,northeast,NOV,2025,NOV-LO,3.5 가솔린,AWD,샌드 베이지,3,3,2846
2025-06,northeast,NOV,2025,NOV-LO,3.5 가솔린,FWD,스노우 화이트,18,18,16364
2025-06,northeast,NOV,2025,NOV-LO,3.5 가솔린,FWD,미드나잇 블랙,14,15,12955
2025-06,northeast,NOV,2025,NOV-LO,3.5 가솔린,FWD,스틸 그레이,12,12,10909
2025-06,northeast,NOV,2025,NOV-LO,3.5 가솔린,FWD,실버,10,10,8864
2025-06,northeast,NOV,2025,NOV-LO,3.5 가솔린,FWD,오션 블루,8,8,6818
2025-06,northeast,NOV,2025,NOV-LO,3.5 가솔린,FWD,선셋 레드,6,6,5455
2025-06,northeast,NOV,2025,NOV-LO,3.5 가솔린,FWD,포레스트 그린,4,4,3409
2025-06,northeast,NOV,2025,NOV-LO,3.5 가솔린,FWD,샌드 베이지,4,4,3409
2025-06,northeast,NOV,2025,NOV-LO,1.6T 하이브리드,AWD,스노우 화이트,12,12,10561
2025-06,northeast,NOV,2025,NOV-LO,1.6T 하이브리드,AWD,미드나잇 블랙,9,9,8361
2025-06,northeast,NOV,2025,NOV-LO,1.6T 하이브리드,AWD,스틸 그레이,8,8,7041
2025-06,northeast,NOV,2025,NOV-LO,1.6T 하이브리드,AWD,실버,6,6,5721
2025-06,northeast,NOV,2025,NOV-LO,1.6T 하이브리드,AWD,오션 블루,5,5,4401
2025-06,northeast,NOV,2025,NOV-LO,1.6T 하이브리드,AWD,선셋 레드,4,4,3520
2025-06,northeast,NOV,2025,NOV-LO,1.6T 하이브리드,AWD,포레스트 그린,2,2,2200
2025-06,northeast,NOV,2025,NOV-LO,1.6T 하이브리드,AWD,샌드 베이지,2,2,2200
2025-06,northeast,NOV,2025,NOV-LO,1.6T 하이브리드,FWD,스노우 화이트,14,14,12650
2025-06,northeast,NOV,2025,NOV-LO,1.6T 하이브리드,FWD,미드나잇 블랙,11,11,10015
2025-06,northeast,NOV,2025,NOV-LO,1.6T 하이브리드,FWD,스틸 그레이,9,9,8434
2025-06,northeast,NOV,2025,NOV-LO,1.6T 하이브리드,FWD,실버,8,8,6852
2025-06,northeast,NOV,2025,NOV-LO,1.6T 하이브리드,FWD,오션 블루,6,6,5271
2025-06,northeast,NOV,2025,NOV-LO,1.6T 하이브리드,FWD,선셋 레드,5,5,4217
2025-06,northeast,NOV,2025,NOV-LO,1.6T 하이브리드,FWD,포레스트 그린,3,3,2635
2025-06,northeast,NOV,2025,NOV-LO,1.6T 하이브리드,FWD,샌드 베이지,3,3,2635
2025-06,southeast,NOV,2025,NOV-CO,3.5 가솔린,AWD,스노우 화이트,22,22,1140
2025-06,southeast,NOV,2025,NOV-CO,3.5 가솔린,AWD,미드나잇 블랙,17,18,903
2025-06,southeast,NOV,2025,NOV-CO,3.5 가솔린,AWD,스틸 그레이,15,15,760
2025-06,southeast,NOV,2025,NOV-CO,3.5 가솔린,AWD,실버,12,12,618
2025-06,southeast,NOV,2025,NOV-CO,3.5 가솔린,AWD,오션 블루,9,9,475
2025-06,southeast,NOV,2025,NOV-CO,3.5 가솔린,AWD,선셋 레드,7,7,380
2025-06,southeast,NOV,2025,NOV-CO,3.5 가솔린,AWD,포레스트 그린,5,5,238
2025-06,southeast,NOV,2025,NOV-CO,3.5 가솔린,AWD,샌드 베이지,5,5,238
2025-06,southeast,NOV,2025,NOV-CO,3.5 가솔린,FWD,스노우 화이트,52,53,2693
2025-06,southeast,NOV,2025,NOV-CO,3.5 가솔린,FWD,미드나잇 블랙,41,42,2132
2025-06,southeast,NOV,2025,NOV-CO,3.5 가솔린,FWD,스틸 그레이,35,35,1795
2025-06,southeast,NOV,2025,NOV-CO,3.5 가솔린,FWD,실버,28,29,1459
2025-06,southeast,NOV,2025,NOV-CO,3.5 가솔린,FWD,오션 블루,22,22,1122
2025-06,southeast,NOV,2025,NOV-CO,3.5 가솔린,FWD,선셋 레드,17,18,898
2025-06,southeast,NOV,2025,NOV-CO,3.5 가솔린,FWD,포레스트 그린,11,11,561
2025-06,southeast,NOV,2025,NOV-CO,3.5 가솔린,FWD,샌드 베이지,11,11,561
2025-06,southeast,NOV,2025,NOV-CO,1.6T 하이브리드,AWD,스노우 화이트,17,17,882
2025-06,southeast,NOV,2025,NOV-CO,1.6T 하이브리드,AWD,미드나잇 블랙,13,14,698
2025-06,southeast,NOV,2025,NOV-CO,1.6T 하이브리드,AWD,스틸 그레이,11,12,588
2025-06,southeast,NOV,2025,NOV-CO,1.6T 하이브리드,AWD,실버,9,9,478
2025-06,southeast,NOV,2025,NOV-CO,1.6T 하이브리드,AWD,오션 블루,7,7,367
2025-06,southeast,NOV,2025,NOV-CO,1.6T 하이브리드,AWD,선셋 레드,6,6,294
2025-06,southeast,NOV,2025,NOV-CO,1.6T 하이브리드,AWD,포레스트 그린,4,4,184
2025-06,southeast,NOV,2025,NOV-CO,1.6T 하이브리드,AWD,샌드 베이지,4,4,184
2025-06,southeast,NOV,2025,NOV-CO,1.6T 하이브리드,FWD,스노우 화이트,40,41,2082
2025-06,southeast,NOV,2025,NOV-CO,1.6T 하이브리드,FWD,미드나잇 블랙,32,32,1648
2025-06,southeast,NOV,2025,NOV-CO,1.6T 하이브리드,FWD,스틸 그레이,27,27,1388
2025-06,southeast,NOV,2025,NOV-CO,1.6T 하이브리드,FWD,실버,22,22,1128
2025-06,southeast,NOV,2025,NOV-CO,1.6T 하이브리드,FWD,오션 블루,17,17,867
2025-06,southeast,NOV,2025,NOV-CO,1.6T 하이브리드,FWD,선셋 레드,13,14,694
2025-06,southeast,NOV,2025,NOV-CO,1.6T 하이브리드,FWD,포레스트 그린,8,9,434
2025-06,southeast,NOV,2025,NOV-CO,1.6T 하이브리드,FWD,샌드 베이지,8,9,434
2025-06,southeast,NOV,2025,NOV-PR,3.5 가솔린,AWD,스노우 화이트,25,26,9248
2025-06,southeast,NOV,2025,NOV-PR,3.5 가솔린,AWD,미드나잇 블랙,20,21,7321
2025-06,southeast,NOV,2025,NOV-PR,3.5 가솔린,AWD,스틸 그레이,17,17,6165
2025-06,southeast,NOV,2025,NOV-PR,3.5 가솔린,AWD,실버,14,14,5009
2025-06,southeast,NOV,2025,NOV-PR,3.5 가솔린,AWD,오션 블루,11,11,3853
2025-06,southeast,NOV,2025,NOV-PR,3.5 가솔린,AWD,선셋 레드,8,9,3083
2025-06,southeast,NOV,2025,NOV-PR,3.5 가솔린,AWD,포레스트 그린,5,5,1927
2025-06,southeast,NOV,2025,NOV-PR,3.5 가솔린,AWD,샌드 베이지,5,5,1927
2025-06,southeast,NOV,2025,NOV-PR,3.5 가솔린,FWD,스노우 화이트,60,61,21837
2025-06,southeast,NOV,2025,NOV-PR,3.5 가솔린,FWD,미드나잇 블랙,48,48,17288
2025-06,southeast,NOV,2025,NOV-PR,3.5 가솔린,FWD,스틸 그레이,40,41,14558
2025-06,southeast,NOV,2025,NOV-PR,3.5 가솔린,FWD,실버,33,33,11828
2025-06,southeast,NOV,2025,NOV-PR,3.5 가솔린,FWD,오션 블루,25,26,9099
2025-06,southeast,NOV,2025,NOV-PR,3.5 가솔린,FWD,선셋 레드,20,20,7279
2025-06,southeast,NOV,2025,NOV-PR,3.5 가솔린,FWD,포레스트 그린,13,13,4549
2025-06,southeast,NOV,2025,NOV-PR,3.5 가솔린,FWD,샌드 베이지,13,13,4549
2025-06,southeast,NOV,2025,NOV-PR,1.6T 하이브리드,AWD,스노우 화이트,20,20,7149
2025-06,southeast,NOV,2025,NOV-PR,1.6T 하이브리드,AWD,미드나잇 블랙,16,16,5660
2025-06,southeast,NOV,2025,NOV-PR,1.6T 하이브리드,AWD,스틸 그레이,13,13,4766
2025-06,southeast,NOV,2025,NOV-PR,1.6T 하이브리드,AWD,실버,11,11,3872
2025-06,southeast,NOV,2025,NOV-PR,1.6T 하이브리드,AWD,오션 블루,8,8,2979
2025-06,southeast,NOV,2025,NOV-PR,1.6T 하이브리드,AWD,선셋 레드,7,7,2383
2025-06,southeast,NOV,2025,NOV-PR,1.6T 하이브리드,AWD,포레스트 그린,4,4,1489
2025-06,southeast,NOV,2025,NOV-PR,1.6T 하이브리드,AWD,샌드 베이지,4,4,1489
2025-06,southeast,NOV,2025,NOV-PR,1.6T 하이브리드,FWD,스노우 화이트,46,47,16881
2025-06,southeast,NOV,2025,NOV-PR,1.6T 하이브리드,FWD,미드나잇 블랙,37,37,13364
2025-06,southeast,NOV,2025,NOV-PR,1.6T 하이브리드,FWD,스틸 그레이,31,32,11254
2025-06,southeast,NOV,2025,NOV-PR,1.6T 하이브리드,FWD,실버,25,26,9144
2025-06,southeast,NOV,2025,NOV-PR,1.6T 하이브리드,FWD,오션 블루,19,20,7034
2025-06,southeast,NOV,2025,NOV-PR,1.6T 하이브리드,FWD,선셋 레드,15,16,5627
2025-06,southeast,NOV,2025,NOV-PR,1.6T 하이브리드,FWD,포레스트 그린,10,10,3517
2025-06,southeast,NOV,2025,NOV-PR,1.6T 하이브리드,FWD,샌드 베이지,10,10,3517
2025-06,southeast,NOV,2025,NOV-LO,3.5 가솔린,AWD,스노우 화이트,10,11,9458
2025-06,southeast,NOV,2025,NOV-LO,3.5 가솔린,AWD,미드나잇 블랙,8,8,7488
2025-06,southeast,NOV,2025,NOV-LO,3.5 가솔린,AWD,스틸 그레이,7,7,6305
2025-06,southeast,NOV,2025,NOV-LO,3.5 가솔린,AWD,실버,6,6,5123
2025-06,southeast,NOV,2025,NOV-LO,3.5 가솔린,AWD,오션 블루,4,4,3941
2025-06,southeast,NOV,2025,NOV-LO,3.5 가솔린,AWD,선셋 레드,3,4,3153
2025-06,southeast,NOV,2025,NOV-LO,3.5 가솔린,AWD,포레스트 그린,2,2,1970
2025-06,southeast,NOV,2025,NOV-LO,3.5 가솔린,AWD,샌드 베이지,2,2,1970
2025-06,southeast,NOV,2025,NOV-LO,3.5 가솔린,FWD,스노우 화이트,25,25,22334
2025-06,southeast,NOV,2025,NOV-LO,3.5 가솔린,FWD,미드나잇 블랙,19,20,17681
2025-06,southeast,NOV,2025,NOV-LO,3.5 가솔린,FWD,스틸 그레이,16,17,14889
2025-06,southeast,NOV,2025,NOV-LO,3.5 가솔린,FWD,실버,13,14,12098
2025-06,southeast,NOV,2025,NOV-LO,3.5 가솔린,FWD,오션 블루,10,10,9306
2025-06,southeast,NOV,2025,NOV-LO,3.5 가솔린,FWD,선셋 레드,8,8,7445
2025-06,southeast,NOV,2025,NOV-LO,3.5 가솔린,FWD,포레스트 그린,5,5,4653
2025-06,southeast,NOV,2025,NOV-LO,3.5 가솔린,FWD,샌드 베이지,5,5,4653
2025-06,southeast,NOV,2025,NOV-LO,1.6T 하이브리드,AWD,스노우 화이트,8,8,7312
2025-06,southeast,NOV,2025,NOV-LO,1.6T 하이브리드,AWD,미드나잇 블랙,6,6,5788
2025-06,southeast,NOV,2025,NOV-LO,1.6T 하이브리드,AWD,스틸 그레이,5,5,4874
2025-06,southeast,NOV,2025,NOV-LO,1.6T 하이브리드,AWD,실버,4,4,3960
2025-06,southeast,NOV,2025,NOV-LO,1.6T 하이브리드,AWD,오션 블루,3,3,3047
2025-06,southeast,NOV,2025,NOV-LO,1.6T 하이브리드,AWD,선셋 레드,3,3,2437
2025-06,southeast,NOV,2025,NOV-LO,1.6T 하이브리드,AWD,포레스트 그린,2,2,1523
2025-06,southeast,NOV,2025,NOV-LO,1.6T 하이브리드,AWD,샌드 베이지,2,2,1523
2025-06,southeast,NOV,2025,NOV-LO,1.6T 하이브리드,FWD,스노우 화이트,19,19,17265
2025-06,southeast,NOV,2025,NOV-LO,1.6T 하이브리드,FWD,미드나잇 블랙,15,15,13668
2025-06,southeast,NOV,2025,NOV-LO,1.6T 하이브리드,FWD,스틸 그레이,13,13,11510
2025-06,southeast,NOV,2025,NOV-LO,1.6T 하이브리드,FWD,실버,10,10,9352
2025-06,southeast,NOV,2025,NOV-LO,1.6T 하이브리드,FWD,오션 블루,8,8,7194
2025-06,southeast,NOV,2025,NOV-LO,1.6T 하이브리드,FWD,선셋 레드,6,6,5755
2025-06,southeast,NOV,2025,NOV-LO,1.6T 하이브리드,FWD,포레스트 그린,4,4,3597
2025-06,southeast,NOV,2025,NOV-LO,1.6T 하이브리드,FWD,샌드 베이지,4,4,3597
2025-06,west,LUM,2025,LUM-AI,스탠다드 레인지,AWD,스노우 화이트,41,42,-30782
2025-06,west,LUM,2025,LUM-AI,스탠다드 레인지,AWD,미드나잇 블랙,33,33,-24369
2025-06,west,LUM,2025,LUM-AI,스탠다드 레인지,AWD,스틸 그레이,27,28,-20522
2025-06,west,LUM,2025,LUM-AI,스탠다드 레인지,AWD,실버,22,23,-16674
2025-06,west,LUM,2025,LUM-AI,스탠다드 레인지,AWD,오션 블루,17,18,-12826
2025-06,west,LUM,2025,LUM-AI,스탠다드 레인지,AWD,선셋 레드,14,14,-10261
2025-06,west,LUM,2025,LUM-AI,스탠다드 레인지,AWD,포레스트 그린,9,9,-6413
2025-06,west,LUM,2025,LUM-AI,스탠다드 레인지,AWD,샌드 베이지,9,9,-6413
2025-06,west,LUM,2025,LUM-AI,스탠다드 레인지,FWD,스노우 화이트,50,51,-37623
2025-06,west,LUM,2025,LUM-AI,스탠다드 레인지,FWD,미드나잇 블랙,40,41,-29785
2025-06,west,LUM,2025,LUM-AI,스탠다드 레인지,FWD,스틸 그레이,34,34,-25082
2025-06,west,LUM,2025,LUM-AI,스탠다드 레인지,FWD,실버,27,28,-20379
2025-06,west,LUM,2025,LUM-AI,스탠다드 레인지,FWD,오션 블루,21,21,-15676
2025-06,west,LUM,2025,LUM-AI,스탠다드 레인지,FWD,선셋 레드,17,17,-12541
2025-06,west,LUM,2025,LUM-AI,스탠다드 레인지,FWD,포레스트 그린,10,11,-7838
2025-06,west,LUM,2025,LUM-AI,스탠다드 레인지,FWD,샌드 베이지,10,11,-7838
2025-06,west,LUM,2025,LUM-AI,롱레인지,AWD,스노우 화이트,76,77,-56667
2025-06,west,LUM,2025,LUM-AI,롱레인지,AWD,미드나잇 블랙,60,61,-44862
2025-06,west,LUM,2025,LUM-AI,롱레인지,AWD,스틸 그레이,51,52,-37778
2025-06,west,LUM,2025,LUM-AI,롱레인지,AWD,실버,41,42,-30695
2025-06,west,LUM,2025,LUM-AI,롱레인지,AWD,오션 블루,32,32,-23611
2025-06,west,LUM,2025,LUM-AI,롱레인지,AWD,선셋 레드,25,26,-18889
2025-06,west,LUM,2025,LUM-AI,롱레인지,AWD,포레스트 그린,16,16,-11806
2025-06,west,LUM,2025,LUM-AI,롱레인지,AWD,샌드 베이지,16,16,-11806
2025-06,west,LUM,2025,LUM-AI,롱레인지,FWD,스노우 화이트,93,95,-69260
2025-06,west,LUM,2025,LUM-AI,롱레인지,FWD,미드나잇 블랙,73,75,-54831
2025-06,west,LUM,2025,LUM-AI,롱레인지,FWD,스틸 그레이,62,63,-46173
2025-06,west,LUM,2025,LUM-AI,롱레인지,FWD,실버,50,51,-37516
2025-06,west,LUM,2025,LUM-AI,롱레인지,FWD,오션 블루,39,39,-28858
2025-06,west,LUM,2025,LUM-AI,롱레인지,FWD,선셋 레드,31,32,-23087
2025-06,west,LUM,2025,LUM-AI,롱레인지,FWD,포레스트 그린,19,20,-14429
2025-06,west,LUM,2025,LUM-AI,롱레인지,FWD,샌드 베이지,19,20,-14429
2025-06,west,LUM,2025,LUM-RA,스탠다드 레인지,AWD,스노우 화이트,48,49,-24296
2025-06,west,LUM,2025,LUM-RA,스탠다드 레인지,AWD,미드나잇 블랙,38,39,-19234
2025-06,west,LUM,2025,LUM-RA,스탠다드 레인지,AWD,스틸 그레이,32,32,-16197
2025-06,west,LUM,2025,LUM-RA,스탠다드 레인지,AWD,실버,26,26,-13160
2025-06,west,LUM,2025,LUM-RA,스탠다드 레인지,AWD,오션 블루,20,20,-10123
2025-06,west,LUM,2025,LUM-RA,스탠다드 레인지,AWD,선셋 레드,16,16,-8099
2025-06,west,LUM,2025,LUM-RA,스탠다드 레인지,AWD,포레스트 그린,10,10,-5062
2025-06,west,LUM,2025,LUM-RA,스탠다드 레인지,AWD,샌드 베이지,10,10,-5062
2025-06,west,LUM,2025,LUM-RA,스탠다드 레인지,FWD,스노우 화이트,58,59,-29695
2025-06,west,LUM,2025,LUM-RA,스탠다드 레인지,FWD,미드나잇 블랙,46,47,-23508
2025-06,west,LUM,2025,LUM-RA,스탠다드 레인지,FWD,스틸 그레이,39,40,-19797
2025-06,west,LUM,2025,LUM-RA,스탠다드 레인지,FWD,실버,32,32,-16085
2025-06,west,LUM,2025,LUM-RA,스탠다드 레인지,FWD,오션 블루,24,25,-12373
2025-06,west,LUM,2025,LUM-RA,스탠다드 레인지,FWD,선셋 레드,19,20,-9898
2025-06,west,LUM,2025,LUM-RA,스탠다드 레인지,FWD,포레스트 그린,12,12,-6186
2025-06,west,LUM,2025,LUM-RA,스탠다드 레인지,FWD,샌드 베이지,12,12,-6186
2025-06,west,LUM,2025,LUM-RA,롱레인지,AWD,스노우 화이트,88,90,-44726
2025-06,west,LUM,2025,LUM-RA,롱레인지,AWD,미드나잇 블랙,70,71,-35408
2025-06,west,LUM,2025,LUM-RA,롱레인지,AWD,스틸 그레이,59,60,-29818
2025-06,west,LUM,2025,LUM-RA,롱레인지,AWD,실버,48,49,-24227
2025-06,west,LUM,2025,LUM-RA,롱레인지,AWD,오션 블루,37,37,-18636
2025-06,west,LUM,2025,LUM-RA,롱레인지,AWD,선셋 레드,29,30,-14909
2025-06,west,LUM,2025,LUM-RA,롱레인지,AWD,포레스트 그린,18,19,-9318
2025-06,west,LUM,2025,LUM-RA,롱레인지,AWD,샌드 베이지,18,19,-9318
2025-06,west,LUM,2025,LUM-RA,롱레인지,FWD,스노우 화이트,107,109,-54666
2025-06,west,LUM,2025,LUM-RA,롱레인지,FWD,미드나잇 블랙,85,87,-43277
2025-06,west,LUM,2025,LUM-RA,롱레인지,FWD,스틸 그레이,72,73,-36444
2025-06,west,LUM,2025,LUM-RA,롱레인지,FWD,실버,58,59,-29611
2025-06,west,LUM,2025,LUM-RA,롱레인지,FWD,오션 블루,45,46,-22777
2025-06,west,LUM,2025,LUM-RA,롱레인지,FWD,선셋 레드,36,36,-18222
2025-06,west,LUM,2025,LUM-RA,롱레인지,FWD,포레스트 그린,22,23,-11389
2025-06,west,LUM,2025,LUM-RA,롱레인지,FWD,샌드 베이지,22,23,-11389
2025-06,west,LUM,2025,LUM-SP,스탠다드 레인지,AWD,스노우 화이트,20,20,-1816
2025-06,west,LUM,2025,LUM-SP,스탠다드 레인지,AWD,미드나잇 블랙,15,16,-1438
2025-06,west,LUM,2025,LUM-SP,스탠다드 레인지,AWD,스틸 그레이,13,13,-1211
2025-06,west,LUM,2025,LUM-SP,스탠다드 레인지,AWD,실버,11,11,-984
2025-06,west,LUM,2025,LUM-SP,스탠다드 레인지,AWD,오션 블루,8,8,-757
2025-06,west,LUM,2025,LUM-SP,스탠다드 레인지,AWD,선셋 레드,7,7,-605
2025-06,west,LUM,2025,LUM-SP,스탠다드 레인지,AWD,포레스트 그린,4,4,-378
2025-06,west,LUM,2025,LUM-SP,스탠다드 레인지,AWD,샌드 베이지,4,4,-378
2025-06,west,LUM,2025,LUM-SP,스탠다드 레인지,FWD,스노우 화이트,24,24,-2219
2025-06,west,LUM,2025,LUM-SP,스탠다드 레인지,FWD,미드나잇 블랙,19,19,-1757
2025-06,west,LUM,2025,LUM-SP,스탠다드 레인지,FWD,스틸 그레이,16,16,-1480
2025-06,west,LUM,2025,LUM-SP,스탠다드 레인지,FWD,실버,13,13,-1202
2025-06,west,LUM,2025,LUM-SP,스탠다드 레인지,FWD,오션 블루,10,10,-925
2025-06,west,LUM,2025,LUM-SP,스탠다드 레인지,FWD,선셋 레드,8,8,-740
2025-06,west,LUM,2025,LUM-SP,스탠다드 레인지,FWD,포레스트 그린,5,5,-462
2025-06,west,LUM,2025,LUM-SP,스탠다드 레인지,FWD,샌드 베이지,5,5,-462
2025-06,west,LUM,2025,LUM-SP,롱레인지,AWD,스노우 화이트,36,37,-3343
2025-06,west,LUM,2025,LUM-SP,롱레인지,AWD,미드나잇 블랙,28,29,-2646
2025-06,west,LUM,2025,LUM-SP,롱레인지,AWD,스틸 그레이,24,24,-2229
2025-06,west,LUM,2025,LUM-SP,롱레인지,AWD,실버,19,20,-1811
2025-06,west,LUM,2025,LUM-SP,롱레인지,AWD,오션 블루,15,15,-1393
2025-06,west,LUM,2025,LUM-SP,롱레인지,AWD,선셋 레드,12,12,-1114
2025-06,west,LUM,2025,LUM-SP,롱레인지,AWD,포레스트 그린,7,8,-696
2025-06,west,LUM,2025,LUM-SP,롱레인지,AWD,샌드 베이지,7,8,-696
2025-06,west,LUM,2025,LUM-SP,롱레인지,FWD,스노우 화이트,44,45,-4086
2025-06,west,LUM,2025,LUM-SP,롱레인지,FWD,미드나잇 블랙,35,35,-3235
2025-06,west,LUM,2025,LUM-SP,롱레인지,FWD,스틸 그레이,29,30,-2724
2025-06,west,LUM,2025,LUM-SP,롱레인지,FWD,실버,24,24,-2213
2025-06,west,LUM,2025,LUM-SP,롱레인지,FWD,오션 블루,18,19,-1702
2025-06,west,LUM,2025,LUM-SP,롱레인지,FWD,선셋 레드,15,15,-1362
2025-06,west,LUM,2025,LUM-SP,롱레인지,FWD,포레스트 그린,9,9,-851
2025-06,west,LUM,2025,LUM-SP,롱레인지,FWD,샌드 베이지,9,9,-851
2025-06,central,LUM,2025,LUM-AI,스탠다드 레인지,AWD,스노우 화이트,17,18,-12859
2025-06,central,LUM,2025,LUM-AI,스탠다드 레인지,AWD,미드나잇 블랙,14,14,-10180
2025-06,central,LUM,2025,LUM-AI,스탠다드 레인지,AWD,스틸 그레이,11,12,-8573
2025-06,central,LUM,2025,LUM-AI,스탠다드 레인지,AWD,실버,9,10,-6965
2025-06,central,LUM,2025,LUM-AI,스탠다드 레인지,AWD,오션 블루,7,7,-5358
2025-06,central,LUM,2025,LUM-AI,스탠다드 레인지,AWD,선셋 레드,6,6,-4286
2025-06,central,LUM,2025,LUM-AI,스탠다드 레인지,AWD,포레스트 그린,4,4,-2679
2025-06,central,LUM,2025,LUM-AI,스탠다드 레인지,AWD,샌드 베이지,4,4,-2679
2025-06,central,LUM,2025,LUM-AI,스탠다드 레인지,FWD,스노우 화이트,16,16,-11989
2025-06,central,LUM,2025,LUM-AI,스탠다드 레인지,FWD,미드나잇 블랙,13,13,-9491
2025-06,central,LUM,2025,LUM-AI,스탠다드 레인지,FWD,스틸 그레이,11,11,-7993
2025-06,central,LUM,2025,LUM-AI,스탠다드 레인지,FWD,실버,9,9,-6494
2025-06,central,LUM,2025,LUM-AI,스탠다드 레인지,FWD,오션 블루,7,7,-4995
2025-06,central,LUM,2025,LUM-AI,스탠다드 레인지,FWD,선셋 레드,5,5,-3996
2025-06,central,LUM,2025,LUM-AI,스탠다드 레인지,FWD,포레스트 그린,3,3,-2498
2025-06,central,LUM,2025,LUM-AI,스탠다드 레인지,FWD,샌드 베이지,3,3,-2498
2025-06,central,LUM,2025,LUM-AI,롱레인지,AWD,스노우 화이트,32,32,-23672
2025-06,central,LUM,2025,LUM-AI,롱레인지,AWD,미드나잇 블랙,25,26,-18740
2025-06,central,LUM,2025,LUM-AI,롱레인지,AWD,스틸 그레이,21,22,-15781
2025-06,central,LUM,2025,LUM-AI,롱레인지,AWD,실버,17,18,-12822
2025-06,central,LUM,2025,LUM-AI,롱레인지,AWD,오션 블루,13,13,-9863
2025-06,central,LUM,2025,LUM-AI,롱레인지,AWD,선셋 레드,11,11,-7891
2025-06,central,LUM,2025,LUM-AI,롱레인지,AWD,포레스트 그린,7,7,-4932
2025-06,central,LUM,2025,LUM-AI,롱레인지,AWD,샌드 베이지,7,7,-4932
2025-06,central,LUM,2025,LUM-AI,롱레인지,FWD,스노우 화이트,30,30,-22071
2025-06,central,LUM,2025,LUM-AI,롱레인지,FWD,미드나잇 블랙,23,24,-17473
2025-06,central,LUM,2025,LUM-AI,롱레인지,FWD,스틸 그레이,20,20,-14714
2025-06,central,LUM,2025,LUM-AI,롱레인지,FWD,실버,16,16,-11955
2025-06,central,LUM,2025,LUM-AI,롱레인지,FWD,오션 블루,12,13,-9196
2025-06,central,LUM,2025,LUM-AI,롱레인지,FWD,선셋 레드,10,10,-7357
2025-06,central,LUM,2025,LUM-AI,롱레인지,FWD,포레스트 그린,6,6,-4598
2025-06,central,LUM,2025,LUM-AI,롱레인지,FWD,샌드 베이지,6,6,-4598
2025-06,central,LUM,2025,LUM-RA,스탠다드 레인지,AWD,스노우 화이트,20,20,-10149
2025-06,central,LUM,2025,LUM-RA,스탠다드 레인지,AWD,미드나잇 블랙,16,16,-8035
2025-06,central,LUM,2025,LUM-RA,스탠다드 레인지,AWD,스틸 그레이,13,14,-6766
2025-06,central,LUM,2025,LUM-RA,스탠다드 레인지,AWD,실버,11,11,-5497
2025-06,central,LUM,2025,LUM-RA,스탠다드 레인지,AWD,오션 블루,8,8,-4229
2025-06,central,LUM,2025,LUM-RA,스탠다드 레인지,AWD,선셋 레드,7,7,-3383
2025-06,central,LUM,2025,LUM-RA,스탠다드 레인지,AWD,포레스트 그린,4,4,-2114
2025-06,central,LUM,2025,LUM-RA,스탠다드 레인지,AWD,샌드 베이지,4,4,-2114
2025-06,central,LUM,2025,LUM-RA,스탠다드 레인지,FWD,스노우 화이트,19,19,-9463
2025-06,central,LUM,2025,LUM-RA,스탠다드 레인지,FWD,미드나잇 블랙,15,15,-7491
2025-06,central,LUM,2025,LUM-RA,스탠다드 레인지,FWD,스틸 그레이,12,13,-6309
2025-06,central,LUM,2025,LUM-RA,스탠다드 레인지,FWD,실버,10,10,-5126
2025-06,central,LUM,2025,LUM-RA,스탠다드 레인지,FWD,오션 블루,8,8,-3943
2025-06,central,LUM,2025,LUM-RA,스탠다드 레인지,FWD,선셋 레드,6,6,-3154
2025-06,central,LUM,2025,LUM-RA,스탠다드 레인지,FWD,포레스트 그린,4,4,-1971
2025-06,central,LUM,2025,LUM-RA,스탠다드 레인지,FWD,샌드 베이지,4,4,-1971
2025-06,central,LUM,2025,LUM-RA,롱레인지,AWD,스노우 화이트,37,37,-18684
2025-06,central,LUM,2025,LUM-RA,롱레인지,AWD,미드나잇 블랙,29,30,-14791
2025-06,central,LUM,2025,LUM-RA,롱레인지,AWD,스틸 그레이,24,25,-12456
2025-06,central,LUM,2025,LUM-RA,롱레인지,AWD,실버,20,20,-10120
2025-06,central,LUM,2025,LUM-RA,롱레인지,AWD,오션 블루,15,16,-7785
2025-06,central,LUM,2025,LUM-RA,롱레인지,AWD,선셋 레드,12,12,-6228
2025-06,central,LUM,2025,LUM-RA,롱레인지,AWD,포레스트 그린,8,8,-3892
2025-06,central,LUM,2025,LUM-RA,롱레인지,AWD,샌드 베이지,8,8,-3892
2025-06,central,LUM,2025,LUM-RA,롱레인지,FWD,스노우 화이트,34,35,-17420
2025-06,central,LUM,2025,LUM-RA,롱레인지,FWD,미드나잇 블랙,27,28,-13791
2025-06,central,LUM,2025,LUM-RA,롱레인지,FWD,스틸 그레이,23,23,-11613
2025-06,central,LUM,2025,LUM-RA,롱레인지,FWD,실버,19,19,-9436
2025-06,central,LUM,2025,LUM-RA,롱레인지,FWD,오션 블루,14,15,-7258
2025-06,central,LUM,2025,LUM-RA,롱레인지,FWD,선셋 레드,11,12,-5807
2025-06,central,LUM,2025,LUM-RA,롱레인지,FWD,포레스트 그린,7,7,-3629
2025-06,central,LUM,2025,LUM-RA,롱레인지,FWD,샌드 베이지,7,7,-3629
2025-06,central,LUM,2025,LUM-SP,스탠다드 레인지,AWD,스노우 화이트,8,8,-759
2025-06,central,LUM,2025,LUM-SP,스탠다드 레인지,AWD,미드나잇 블랙,6,7,-601
2025-06,central,LUM,2025,LUM-SP,스탠다드 레인지,AWD,스틸 그레이,5,6,-506
2025-06,central,LUM,2025,LUM-SP,스탠다드 레인지,AWD,실버,4,5,-411
2025-06,central,LUM,2025,LUM-SP,스탠다드 레인지,AWD,오션 블루,3,3,-316
2025-06,central,LUM,2025,LUM-SP,스탠다드 레인지,AWD,선셋 레드,3,3,-253
2025-06,central,LUM,2025,LUM-SP,스탠다드 레인지,AWD,포레스트 그린,2,2,-158
2025-06,central,LUM,2025,LUM-SP,스탠다드 레인지,AWD,샌드 베이지,2,2,-158
2025-06,central,LUM,2025,LUM-SP,스탠다드 레인지,FWD,스노우 화이트,8,8,-707
2025-06,central,LUM,2025,LUM-SP,스탠다드 레인지,FWD,미드나잇 블랙,6,6,-560
2025-06,central,LUM,2025,LUM-SP,스탠다드 레인지,FWD,스틸 그레이,5,5,-472
2025-06,central,LUM,2025,LUM-SP,스탠다드 레인지,FWD,실버,4,4,-383
2025-06,central,LUM,2025,LUM-SP,스탠다드 레인지,FWD,오션 블루,3,3,-295
2025-06,central,LUM,2025,LUM-SP,스탠다드 레인지,FWD,선셋 레드,3,3,-236
2025-06,central,LUM,2025,LUM-SP,스탠다드 레인지,FWD,포레스트 그린,2,2,-147
2025-06,central,LUM,2025,LUM-SP,스탠다드 레인지,FWD,샌드 베이지,2,2,-147
2025-06,central,LUM,2025,LUM-SP,롱레인지,AWD,스노우 화이트,15,15,-1396
2025-06,central,LUM,2025,LUM-SP,롱레인지,AWD,미드나잇 블랙,12,12,-1106
2025-06,central,LUM,2025,LUM-SP,롱레인지,AWD,스틸 그레이,10,10,-931
2025-06,central,LUM,2025,LUM-SP,롱레인지,AWD,실버,8,8,-756
2025-06,central,LUM,2025,LUM-SP,롱레인지,AWD,오션 블루,6,6,-582
2025-06,central,LUM,2025,LUM-SP,롱레인지,AWD,선셋 레드,5,5,-465
2025-06,central,LUM,2025,LUM-SP,롱레인지,AWD,포레스트 그린,3,3,-291
2025-06,central,LUM,2025,LUM-SP,롱레인지,AWD,샌드 베이지,3,3,-291
2025-06,central,LUM,2025,LUM-SP,롱레인지,FWD,스노우 화이트,14,14,-1302
2025-06,central,LUM,2025,LUM-SP,롱레인지,FWD,미드나잇 블랙,11,11,-1031
2025-06,central,LUM,2025,LUM-SP,롱레인지,FWD,스틸 그레이,9,10,-868
2025-06,central,LUM,2025,LUM-SP,롱레인지,FWD,실버,8,8,-705
2025-06,central,LUM,2025,LUM-SP,롱레인지,FWD,오션 블루,6,6,-543
2025-06,central,LUM,2025,LUM-SP,롱레인지,FWD,선셋 레드,5,5,-434
2025-06,central,LUM,2025,LUM-SP,롱레인지,FWD,포레스트 그린,3,3,-271
2025-06,central,LUM,2025,LUM-SP,롱레인지,FWD,샌드 베이지,3,3,-271
2025-06,south,LUM,2025,LUM-AI,스탠다드 레인지,AWD,스노우 화이트,14,14,-10419
2025-06,south,LUM,2025,LUM-AI,스탠다드 레인지,AWD,미드나잇 블랙,11,11,-8248
2025-06,south,LUM,2025,LUM-AI,스탠다드 레인지,AWD,스틸 그레이,9,9,-6946
2025-06,south,LUM,2025,LUM-AI,스탠다드 레인지,AWD,실버,8,8,-5643
2025-06,south,LUM,2025,LUM-AI,스탠다드 레인지,AWD,오션 블루,6,6,-4341
2025-06,south,LUM,2025,LUM-AI,스탠다드 레인지,AWD,선셋 레드,5,5,-3473
2025-06,south,LUM,2025,LUM-AI,스탠다드 레인지,AWD,포레스트 그린,3,3,-2171
2025-06,south,LUM,2025,LUM-AI,스탠다드 레인지,AWD,샌드 베이지,3,3,-2171
2025-06,south,LUM,2025,LUM-AI,스탠다드 레인지,FWD,스노우 화이트,29,30,-21738
2025-06,south,LUM,2025,LUM-AI,스탠다드 레인지,FWD,미드나잇 블랙,23,23,-17209
2025-06,south,LUM,2025,LUM-AI,스탠다드 레인지,FWD,스틸 그레이,19,20,-14492
2025-06,south,LUM,2025,LUM-AI,스탠다드 레인지,FWD,실버,16,16,-11775
2025-06,south,LUM,2025,LUM-AI,스탠다드 레인지,FWD,오션 블루,12,12,-9057
2025-06,south,LUM,2025,LUM-AI,스탠다드 레인지,FWD,선셋 레드,10,10,-7246
2025-06,south,LUM,2025,LUM-AI,스탠다드 레인지,FWD,포레스트 그린,6,6,-4529
2025-06,south,LUM,2025,LUM-AI,스탠다드 레인지,FWD,샌드 베이지,6,6,-4529
2025-06,south,LUM,2025,LUM-AI,롱레인지,AWD,스노우 화이트,26,26,-19180
2025-06,south,LUM,2025,LUM-AI,롱레인지,AWD,미드나잇 블랙,20,21,-15184
2025-06,south,LUM,2025,LUM-AI,롱레인지,AWD,스틸 그레이,17,17,-12786
2025-06,south,LUM,2025,LUM-AI,롱레인지,AWD,실버,14,14,-10389
2025-06,south,LUM,2025,LUM-AI,롱레인지,AWD,오션 블루,11,11,-7992
2025-06,south,LUM,2025,LUM-AI,롱레인지,AWD,선셋 레드,9,9,-6393
2025-06,south,LUM,2025,LUM-AI,롱레인지,AWD,포레스트 그린,5,5,-3996
2025-06,south,LUM,2025,LUM-AI,롱레인지,AWD,샌드 베이지,5,5,-3996
2025-06,south,LUM,2025,LUM-AI,롱레인지,FWD,스노우 화이트,54,55,-40017
2025-06,south,LUM,2025,LUM-AI,롱레인지,FWD,미드나잇 블랙,42,43,-31680
2025-06,south,LUM,2025,LUM-AI,롱레인지,FWD,스틸 그레이,36,36,-26678
2025-06,south,LUM,2025,LUM-AI,롱레인지,FWD,실버,29,30,-21676
2025-06,south,LUM,2025,LUM-AI,롱레인지,FWD,오션 블루,22,23,-16674
2025-06,south,LUM,2025,LUM-AI,롱레인지,FWD,선셋 레드,18,18,-13339
2025-06,south,LUM,2025,LUM-AI,롱레인지,FWD,포레스트 그린,11,11,-8337
2025-06,south,LUM,2025,LUM-AI,롱레인지,FWD,샌드 베이지,11,11,-8337
2025-06,south,LUM,2025,LUM-RA,스탠다드 레인지,AWD,스노우 화이트,16,16,-8223
2025-06,south,LUM,2025,LUM-RA,스탠다드 레인지,AWD,미드나잇 블랙,13,13,-6510
2025-06,south,LUM,2025,LUM-RA,스탠다드 레인지,AWD,스틸 그레이,11,11,-5482
2025-06,south,LUM,2025,LUM-RA,스탠다드 레인지,AWD,실버,9,9,-4454
2025-06,south,LUM,2025,LUM-RA,스탠다드 레인지,AWD,오션 블루,7,7,-3426
2025-06,south,LUM,2025,LUM-RA,스탠다드 레인지,AWD,선셋 레드,5,5,-2741
2025-06,south,LUM,2025,LUM-RA,스탠다드 레인지,AWD,포레스트 그린,3,3,-1713
2025-06,south,LUM,2025,LUM-RA,스탠다드 레인지,AWD,샌드 베이지,3,3,-1713
2025-06,south,LUM,2025,LUM-RA,스탠다드 레인지,FWD,스노우 화이트,34,34,-17157
2025-06,south,LUM,2025,LUM-RA,스탠다드 레인지,FWD,미드나잇 블랙,27,27,-13583
2025-06,south,LUM,2025,LUM-RA,스탠다드 레인지,FWD,스틸 그레이,22,23,-11438
2025-06,south,LUM,2025,LUM-RA,스탠다드 레인지,FWD,실버,18,19,-9293
2025-06,south,LUM,2025,LUM-RA,스탠다드 레인지,FWD,오션 블루,14,14,-7149
2025-06,south,LUM,2025,LUM-RA,스탠다드 레인지,FWD,선셋 레드,11,11,-5719
2025-06,south,LUM,2025,LUM-RA,스탠다드 레인지,FWD,포레스트 그린,7,7,-3574
2025-06,south,LUM,2025,LUM-RA,스탠다드 레인지,FWD,샌드 베이지,7,7,-3574
2025-06,south,LUM,2025,LUM-RA,롱레인지,AWD,스노우 화이트,30,30,-15138
2025-06,south,LUM,2025,LUM-RA,롱레인지,AWD,미드나잇 블랙,24,24,-11984
2025-06,south,LUM,2025,LUM-RA,롱레인지,AWD,스틸 그레이,20,20,-10092
2025-06,south,LUM,2025,LUM-RA,롱레인지,AWD,실버,16,16,-8200
2025-06,south,LUM,2025,LUM-RA,롱레인지,AWD,오션 블루,12,13,-6308
2025-06,south,LUM,2025,LUM-RA,롱레인지,AWD,선셋 레드,10,10,-5046
2025-06,south,LUM,2025,LUM-RA,롱레인지,AWD,포레스트 그린,6,6,-3154
2025-06,south,LUM,2025,LUM-RA,롱레인지,AWD,샌드 베이지,6,6,-3154
2025-06,south,LUM,2025,LUM-RA,롱레인지,FWD,스노우 화이트,62,63,-31585
2025-06,south,LUM,2025,LUM-RA,롱레인지,FWD,미드나잇 블랙,49,50,-25004
2025-06,south,LUM,2025,LUM-RA,롱레인지,FWD,스틸 그레이,41,42,-21056
2025-06,south,LUM,2025,LUM-RA,롱레인지,FWD,실버,34,34,-17108
2025-06,south,LUM,2025,LUM-RA,롱레인지,FWD,오션 블루,26,26,-13160
2025-06,south,LUM,2025,LUM-RA,롱레인지,FWD,선셋 레드,21,21,-10528
2025-06,south,LUM,2025,LUM-RA,롱레인지,FWD,포레스트 그린,13,13,-6580
2025-06,south,LUM,2025,LUM-RA,롱레인지,FWD,샌드 베이지,13,13,-6580
2025-06,south,LUM,2025,LUM-SP,스탠다드 레인지,AWD,스노우 화이트,7,7,-615
2025-06,south,LUM,2025,LUM-SP,스탠다드 레인지,AWD,미드나잇 블랙,5,5,-487
2025-06,south,LUM,2025,LUM-SP,스탠다드 레인지,AWD,스틸 그레이,4,4,-410
2025-06,south,LUM,2025,LUM-SP,스탠다드 레인지,AWD,실버,4,4,-333
2025-06,south,LUM,2025,LUM-SP,스탠다드 레인지,AWD,오션 블루,3,3,-256
2025-06,south,LUM,2025,LUM-SP,스탠다드 레인지,AWD,선셋 레드,2,2,-205
2025-06,south,LUM,2025,LUM-SP,스탠다드 레인지,AWD,포레스트 그린,1,1,-128
2025-06,south,LUM,2025,LUM-SP,스탠다드 레인지,AWD,샌드 베이지,1,1,-128
2025-06,south,LUM,2025,LUM-SP,스탠다드 레인지,FWD,스노우 화이트,14,14,-1282
2025-06,south,LUM,2025,LUM-SP,스탠다드 레인지,FWD,미드나잇 블랙,11,11,-1015
2025-06,south,LUM,2025,LUM-SP,스탠다드 레인지,FWD,스틸 그레이,9,9,-855
2025-06,south,LUM,2025,LUM-SP,스탠다드 레인지,FWD,실버,7,8,-695
2025-06,south,LUM,2025,LUM-SP,스탠다드 레인지,FWD,오션 블루,6,6,-534
2025-06,south,LUM,2025,LUM-SP,스탠다드 레인지,FWD,선셋 레드,5,5,-427
2025-06,south,LUM,2025,LUM-SP,스탠다드 레인지,FWD,포레스트 그린,3,3,-267
2025-06,south,LUM,2025,LUM-SP,스탠다드 레인지,FWD,샌드 베이지,3,3,-267
2025-06,south,LUM,2025,LUM-SP,롱레인지,AWD,스노우 화이트,12,12,-1131
2025-06,south,LUM,2025,LUM-SP,롱레인지,AWD,미드나잇 블랙,10,10,-896
2025-06,south,LUM,2025,LUM-SP,롱레인지,AWD,스틸 그레이,8,8,-754
2025-06,south,LUM,2025,LUM-SP,롱레인지,AWD,실버,7,7,-613
2025-06,south,LUM,2025,LUM-SP,롱레인지,AWD,오션 블루,5,5,-471
2025-06,south,LUM,2025,LUM-SP,롱레인지,AWD,선셋 레드,4,4,-377
2025-06,south,LUM,2025,LUM-SP,롱레인지,AWD,포레스트 그린,3,3,-236
2025-06,south,LUM,2025,LUM-SP,롱레인지,AWD,샌드 베이지,3,3,-236
2025-06,south,LUM,2025,LUM-SP,롱레인지,FWD,스노우 화이트,25,26,-2361
2025-06,south,LUM,2025,LUM-SP,롱레인지,FWD,미드나잇 블랙,20,20,-1869
2025-06,south,LUM,2025,LUM-SP,롱레인지,FWD,스틸 그레이,17,17,-1574
2025-06,south,LUM,2025,LUM-SP,롱레인지,FWD,실버,14,14,-1279
2025-06,south,LUM,2025,LUM-SP,롱레인지,FWD,오션 블루,11,11,-984
2025-06,south,LUM,2025,LUM-SP,롱레인지,FWD,선셋 레드,8,9,-787
2025-06,south,LUM,2025,LUM-SP,롱레인지,FWD,포레스트 그린,5,5,-492
2025-06,south,LUM,2025,LUM-SP,롱레인지,FWD,샌드 베이지,5,5,-492
2025-06,northeast,LUM,2025,LUM-AI,스탠다드 레인지,AWD,스노우 화이트,35,36,-26165
2025-06,northeast,LUM,2025,LUM-AI,스탠다드 레인지,AWD,미드나잇 블랙,28,28,-20714
2025-06,northeast,LUM,2025,LUM-AI,스탠다드 레인지,AWD,스틸 그레이,23,24,-17443
2025-06,northeast,LUM,2025,LUM-AI,스탠다드 레인지,AWD,실버,19,19,-14173
2025-06,northeast,LUM,2025,LUM-AI,스탠다드 레인지,AWD,오션 블루,15,15,-10902
2025-06,northeast,LUM,2025,LUM-AI,스탠다드 레인지,AWD,선셋 레드,12,12,-8722
2025-06,northeast,LUM,2025,LUM-AI,스탠다드 레인지,AWD,포레스트 그린,7,7,-5451
2025-06,northeast,LUM,2025,LUM-AI,스탠다드 레인지,AWD,샌드 베이지,7,7,-5451
2025-06,northeast,LUM,2025,LUM-AI,스탠다드 레인지,FWD,스노우 화이트,25,25,-18561
2025-06,northeast,LUM,2025,LUM-AI,스탠다드 레인지,FWD,미드나잇 블랙,20,20,-14694
2025-06,northeast,LUM,2025,LUM-AI,스탠다드 레인지,FWD,스틸 그레이,17,17,-12374
2025-06,northeast,LUM,2025,LUM-AI,스탠다드 레인지,FWD,실버,13,14,-10054
2025-06,northeast,LUM,2025,LUM-AI,스탠다드 레인지,FWD,오션 블루,10,11,-7734
2025-06,northeast,LUM,2025,LUM-AI,스탠다드 레인지,FWD,선셋 레드,8,8,-6187
2025-06,northeast,LUM,2025,LUM-AI,스탠다드 레인지,FWD,포레스트 그린,5,5,-3867
2025-06,northeast,LUM,2025,LUM-AI,스탠다드 레인지,FWD,샌드 베이지,5,5,-3867
2025-06,northeast,LUM,2025,LUM-AI,롱레인지,AWD,스노우 화이트,64,66,-48167
2025-06,northeast,LUM,2025,LUM-AI,롱레인지,AWD,미드나잇 블랙,51,52,-38132
2025-06,northeast,LUM,2025,LUM-AI,롱레인지,AWD,스틸 그레이,43,44,-32112
2025-06,northeast,LUM,2025,LUM-AI,롱레인지,AWD,실버,35,36,-26091
2025-06,northeast,LUM,2025,LUM-AI,롱레인지,AWD,오션 블루,27,27,-20070
2025-06,northeast,LUM,2025,LUM-AI,롱레인지,AWD,선셋 레드,21,22,-16056
2025-06,northeast,LUM,2025,LUM-AI,롱레인지,AWD,포레스트 그린,13,14,-10035
2025-06,northeast,LUM,2025,LUM-AI,롱레인지,AWD,샌드 베이지,13,14,-10035
2025-06,northeast,LUM,2025,LUM-AI,롱레인지,FWD,스노우 화이트,46,47,-34170
2025-06,northeast,LUM,2025,LUM-AI,롱레인지,FWD,미드나잇 블랙,36,37,-27051
2025-06,northeast,LUM,2025,LUM-AI,롱레인지,FWD,스틸 그레이,30,31,-22780
2025-06,northeast,LUM,2025,LUM-AI,롱레인지,FWD,실버,25,25,-18509
2025-06,northeast,LUM,2025,LUM-AI,롱레인지,FWD,오션 블루,19,19,-14237
2025-06,northeast,LUM,2025,LUM-AI,롱레인지,FWD,선셋 레드,15,16,-11390
2025-06,northeast,LUM,2025,LUM-AI,롱레인지,FWD,포레스트 그린,10,10,-7119
2025-06,northeast,LUM,2025,LUM-AI,롱레인지,FWD,샌드 베이지,10,10,-7119
2025-06,northeast,LUM,2025,LUM-RA,스탠다드 레인지,AWD,스노우 화이트,41,41,-20651
2025-06,northeast,LUM,2025,LUM-RA,스탠다드 레인지,AWD,미드나잇 블랙,32,33,-16349
2025-06,northeast,LUM,2025,LUM-RA,스탠다드 레인지,AWD,스틸 그레이,27,28,-13768
2025-06,northeast,LUM,2025,LUM-RA,스탠다드 레인지,AWD,실버,22,22,-11186
2025-06,northeast,LUM,2025,LUM-RA,스탠다드 레인지,AWD,오션 블루,17,17,-8605
2025-06,northeast,LUM,2025,LUM-RA,스탠다드 레인지,AWD,선셋 레드,14,14,-6884
2025-06,northeast,LUM,2025,LUM-RA,스탠다드 레인지,AWD,포레스트 그린,8,9,-4302
2025-06,northeast,LUM,2025,LUM-RA,스탠다드 레인지,AWD,샌드 베이지,8,9,-4302
2025-06,northeast,LUM,2025,LUM-RA,스탠다드 레인지,FWD,스노우 화이트,29,29,-14650
2025-06,northeast,LUM,2025,LUM-RA,스탠다드 레인지,FWD,미드나잇 블랙,23,23,-11598
2025-06,northeast,LUM,2025,LUM-RA,스탠다드 레인지,FWD,스틸 그레이,19,20,-9767
2025-06,northeast,LUM,2025,LUM-RA,스탠다드 레인지,FWD,실버,16,16,-7936
2025-06,northeast,LUM,2025,LUM-RA,스탠다드 레인지,FWD,오션 블루,12,12,-6104
2025-06,northeast,LUM,2025,LUM-RA,스탠다드 레인지,FWD,선셋 레드,10,10,-4883
2025-06,northeast,LUM,2025,LUM-RA,스탠다드 레인지,FWD,포레스트 그린,6,6,-3052
2025-06,northeast,LUM,2025,LUM-RA,스탠다드 레인지,FWD,샌드 베이지,6,6,-3052
2025-06,northeast,LUM,2025,LUM-RA,롱레인지,AWD,스노우 화이트,75,76,-38017
2025-06,northeast,LUM,2025,LUM-RA,롱레인지,AWD,미드나잇 블랙,59,60,-30097
2025-06,northeast,LUM,2025,LUM-RA,롱레인지,AWD,스틸 그레이,50,51,-25345
2025-06,northeast,LUM,2025,LUM-RA,롱레인지,AWD,실버,40,41,-20593
2025-06,northeast,LUM,2025,LUM-RA,롱레인지,AWD,오션 블루,31,32,-15841
2025-06,northeast,LUM,2025,LUM-RA,롱레인지,AWD,선셋 레드,25,25,-12672
2025-06,northeast,LUM,2025,LUM-RA,롱레인지,AWD,포레스트 그린,16,16,-7920
2025-06,northeast,LUM,2025,LUM-RA,롱레인지,AWD,샌드 베이지,16,16,-7920
2025-06,northeast,LUM,2025,LUM-RA,롱레인지,FWD,스노우 화이트,53,54,-26970
2025-06,northeast,LUM,2025,LUM-RA,롱레인지,FWD,미드나잇 블랙,42,43,-21351
2025-06,northeast,LUM,2025,LUM-RA,롱레인지,FWD,스틸 그레이,35,36,-17980
2025-06,northeast,LUM,2025,LUM-RA,롱레인지,FWD,실버,29,29,-14609
2025-06,northeast,LUM,2025,LUM-RA,롱레인지,FWD,오션 블루,22,23,-11237
2025-06,northeast,LUM,2025,LUM-RA,롱레인지,FWD,선셋 레드,18,18,-8990
2025-06,northeast,LUM,2025,LUM-RA,롱레인지,FWD,포레스트 그린,11,11,-5619
2025-06,northeast,LUM,2025,LUM-RA,롱레인지,FWD,샌드 베이지,11,11,-5619
2025-06,northeast,LUM,2025,LUM-SP,스탠다드 레인지,AWD,스노우 화이트,17,17,-1544
2025-06,northeast,LUM,2025,LUM-SP,스탠다드 레인지,AWD,미드나잇 블랙,13,13,-1222
2025-06,northeast,LUM,2025,LUM-SP,스탠다드 레인지,AWD,스틸 그레이,11,11,-1029
2025-06,northeast,LUM,2025,LUM-SP,스탠다드 레인지,AWD,실버,9,9,-836
2025-06,northeast,LUM,2025,LUM-SP,스탠다드 레인지,AWD,오션 블루,7,7,-643
2025-06,northeast,LUM,2025,LUM-SP,스탠다드 레인지,AWD,선셋 레드,6,6,-515
2025-06,northeast,LUM,2025,LUM-SP,스탠다드 레인지,AWD,포레스트 그린,3,4,-322
2025-06,northeast,LUM,2025,LUM-SP,스탠다드 레인지,AWD,샌드 베이지,3,4,-322
2025-06,northeast,LUM,2025,LUM-SP,스탠다드 레인지,FWD,스노우 화이트,12,12,-1095
2025-06,northeast,LUM,2025,LUM-SP,스탠다드 레인지,FWD,미드나잇 블랙,9,10,-867
2025-06,northeast,LUM,2025,LUM-SP,스탠다드 레인지,FWD,스틸 그레이,8,8,-730
2025-06,northeast,LUM,2025,LUM-SP,스탠다드 레인지,FWD,실버,6,7,-593
2025-06,northeast,LUM,2025,LUM-SP,스탠다드 레인지,FWD,오션 블루,5,5,-456
2025-06,northeast,LUM,2025,LUM-SP,스탠다드 레인지,FWD,선셋 레드,4,4,-365
2025-06,northeast,LUM,2025,LUM-SP,스탠다드 레인지,FWD,포레스트 그린,2,3,-228
2025-06,northeast,LUM,2025,LUM-SP,스탠다드 레인지,FWD,샌드 베이지,2,3,-228
2025-06,northeast,LUM,2025,LUM-SP,롱레인지,AWD,스노우 화이트,31,31,-2841
2025-06,northeast,LUM,2025,LUM-SP,롱레인지,AWD,미드나잇 블랙,24,25,-2249
2025-06,northeast,LUM,2025,LUM-SP,롱레인지,AWD,스틸 그레이,20,21,-1894
2025-06,northeast,LUM,2025,LUM-SP,롱레인지,AWD,실버,17,17,-1539
2025-06,northeast,LUM,2025,LUM-SP,롱레인지,AWD,오션 블루,13,13,-1184
2025-06,northeast,LUM,2025,LUM-SP,롱레인지,AWD,선셋 레드,10,10,-947
2025-06,northeast,LUM,2025,LUM-SP,롱레인지,AWD,포레스트 그린,6,6,-592
2025-06,northeast,LUM,2025,LUM-SP,롱레인지,AWD,샌드 베이지,6,6,-592
2025-06,northeast,LUM,2025,LUM-SP,롱레인지,FWD,스노우 화이트,22,22,-2016
2025-06,northeast,LUM,2025,LUM-SP,롱레인지,FWD,미드나잇 블랙,17,17,-1596
2025-06,northeast,LUM,2025,LUM-SP,롱레인지,FWD,스틸 그레이,14,15,-1344
2025-06,northeast,LUM,2025,LUM-SP,롱레인지,FWD,실버,12,12,-1092
2025-06,northeast,LUM,2025,LUM-SP,롱레인지,FWD,오션 블루,9,9,-840
2025-06,northeast,LUM,2025,LUM-SP,롱레인지,FWD,선셋 레드,7,7,-672
2025-06,northeast,LUM,2025,LUM-SP,롱레인지,FWD,포레스트 그린,5,5,-420
2025-06,northeast,LUM,2025,LUM-SP,롱레인지,FWD,샌드 베이지,5,5,-420
2025-06,southeast,LUM,2025,LUM-AI,스탠다드 레인지,AWD,스노우 화이트,18,18,-13418
2025-06,southeast,LUM,2025,LUM-AI,스탠다드 레인지,AWD,미드나잇 블랙,14,15,-10623
2025-06,southeast,LUM,2025,LUM-AI,스탠다드 레인지,AWD,스틸 그레이,12,12,-8945
2025-06,southeast,LUM,2025,LUM-AI,스탠다드 레인지,AWD,실버,10,10,-7268
2025-06,southeast,LUM,2025,LUM-AI,스탠다드 레인지,AWD,오션 블루,7,8,-5591
2025-06,southeast,LUM,2025,LUM-AI,스탠다드 레인지,AWD,선셋 레드,6,6,-4473
2025-06,southeast,LUM,2025,LUM-AI,스탠다드 레인지,AWD,포레스트 그린,4,4,-2795
2025-06,southeast,LUM,2025,LUM-AI,스탠다드 레인지,AWD,샌드 베이지,4,4,-2795
2025-06,southeast,LUM,2025,LUM-AI,스탠다드 레인지,FWD,스노우 화이트,29,30,-21662
2025-06,southeast,LUM,2025,LUM-AI,스탠다드 레인지,FWD,미드나잇 블랙,23,23,-17149
2025-06,southeast,LUM,2025,LUM-AI,스탠다드 레인지,FWD,스틸 그레이,19,20,-14441
2025-06,southeast,LUM,2025,LUM-AI,스탠다드 레인지,FWD,실버,16,16,-11733
2025-06,southeast,LUM,2025,LUM-AI,스탠다드 레인지,FWD,오션 블루,12,12,-9026
2025-06,southeast,LUM,2025,LUM-AI,스탠다드 레인지,FWD,선셋 레드,10,10,-7221
2025-06,southeast,LUM,2025,LUM-AI,스탠다드 레인지,FWD,포레스트 그린,6,6,-4513
2025-06,southeast,LUM,2025,LUM-AI,스탠다드 레인지,FWD,샌드 베이지,6,6,-4513
2025-06,southeast,LUM,2025,LUM-AI,롱레인지,AWD,스노우 화이트,33,34,-24701
2025-06,southeast,LUM,2025,LUM-AI,롱레인지,AWD,미드나잇 블랙,26,27,-19555
2025-06,southeast,LUM,2025,LUM-AI,롱레인지,AWD,스틸 그레이,22,22,-16467
2025-06,southeast,LUM,2025,LUM-AI,롱레인지,AWD,실버,18,18,-13380
2025-06,southeast,LUM,2025,LUM-AI,롱레인지,AWD,오션 블루,14,14,-10292
2025-06,southeast,LUM,2025,LUM-AI,롱레인지,AWD,선셋 레드,11,11,-8234
2025-06,southeast,LUM,2025,LUM-AI,롱레인지,AWD,포레스트 그린,7,7,-5146
2025-06,southeast,LUM,2025,LUM-AI,롱레인지,AWD,샌드 베이지,7,7,-5146
2025-06,southeast,LUM,2025,LUM-AI,롱레인지,FWD,스노우 화이트,53,54,-39877
2025-06,southeast,LUM,2025,LUM-AI,롱레인지,FWD,미드나잇 블랙,42,43,-31569
2025-06,southeast,LUM,2025,LUM-AI,롱레인지,FWD,스틸 그레이,36,36,-26585
2025-06,southeast,LUM,2025,LUM-AI,롱레인지,FWD,실버,29,29,-21600
2025-06,southeast,LUM,2025,LUM-AI,롱레인지,FWD,오션 블루,22,23,-16615
2025-06,southeast,LUM,2025,LUM-AI,롱레인지,FWD,선셋 레드,18,18,-13292
2025-06,southeast,LUM,2025,LUM-AI,롱레인지,FWD,포레스트 그린,11,11,-8308
2025-06,southeast,LUM,2025,LUM-AI,롱레인지,FWD,샌드 베이지,11,11,-8308
2025-06,southeast,LUM,2025,LUM-RA,스탠다드 레인지,AWD,스노우 화이트,21,21,-10590
2025-06,southeast,LUM,2025,LUM-RA,스탠다드 레인지,AWD,미드나잇 블랙,16,17,-8384
2025-06,southeast,LUM,2025,LUM-RA,스탠다드 레인지,AWD,스틸 그레이,14,14,-7060
2025-06,southeast,LUM,2025,LUM-RA,스탠다드 레인지,AWD,실버,11,11,-5737
2025-06,southeast,LUM,2025,LUM-RA,스탠다드 레인지,AWD,오션 블루,9,9,-4413
2025-06,southeast,LUM,2025,LUM-RA,스탠다드 레인지,AWD,선셋 레드,7,7,-3530
2025-06,southeast,LUM,2025,LUM-RA,스탠다드 레인지,AWD,포레스트 그린,4,4,-2206
2025-06,southeast,LUM,2025,LUM-RA,스탠다드 레인지,AWD,샌드 베이지,4,4,-2206
2025-06,southeast,LUM,2025,LUM-RA,스탠다드 레인지,FWD,스노우 화이트,34,34,-17097
2025-06,southeast,LUM,2025,LUM-RA,스탠다드 레인지,FWD,미드나잇 블랙,27,27,-13535
2025-06,southeast,LUM,2025,LUM-RA,스탠다드 레인지,FWD,스틸 그레이,22,23,-11398
2025-06,southeast,LUM,2025,LUM-RA,스탠다드 레인지,FWD,실버,18,19,-9261
2025-06,southeast,LUM,2025,LUM-RA,스탠다드 레인지,FWD,오션 블루,14,14,-7124
2025-06,southeast,LUM,2025,LUM-RA,스탠다드 레인지,FWD,선셋 레드,11,11,-5699
2025-06,southeast,LUM,2025,LUM-RA,스탠다드 레인지,FWD,포레스트 그린,7,7,-3562
2025-06,southeast,LUM,2025,LUM-RA,스탠다드 레인지,FWD,샌드 베이지,7,7,-3562
2025-06,southeast,LUM,2025,LUM-RA,롱레인지,AWD,스노우 화이트,38,39,-19496
2025-06,southeast,LUM,2025,LUM-RA,롱레인지,AWD,미드나잇 블랙,30,31,-15434
2025-06,southeast,LUM,2025,LUM-RA,롱레인지,AWD,스틸 그레이,26,26,-12997
2025-06,southeast,LUM,2025,LUM-RA,롱레인지,AWD,실버,21,21,-10560
2025-06,southeast,LUM,2025,LUM-RA,롱레인지,AWD,오션 블루,16,16,-8123
2025-06,southeast,LUM,2025,LUM-RA,롱레인지,AWD,선셋 레드,13,13,-6499
2025-06,southeast,LUM,2025,LUM-RA,롱레인지,AWD,포레스트 그린,8,8,-4062
2025-06,southeast,LUM,2025,LUM-RA,롱레인지,AWD,샌드 베이지,8,8,-4062
2025-06,southeast,LUM,2025,LUM-RA,롱레인지,FWD,스노우 화이트,62,63,-31474
2025-06,southeast,LUM,2025,LUM-RA,롱레인지,FWD,미드나잇 블랙,49,50,-24917
2025-06,southeast,LUM,2025,LUM-RA,롱레인지,FWD,스틸 그레이,41,42,-20983
2025-06,southeast,LUM,2025,LUM-RA,롱레인지,FWD,실버,33,34,-17048
2025-06,southeast,LUM,2025,LUM-RA,롱레인지,FWD,오션 블루,26,26,-13114
2025-06,southeast,LUM,2025,LUM-RA,롱레인지,FWD,선셋 레드,21,21,-10491
2025-06,southeast,LUM,2025,LUM-RA,롱레인지,FWD,포레스트 그린,13,13,-6557
2025-06,southeast,LUM,2025,LUM-RA,롱레인지,FWD,샌드 베이지,13,13,-6557
2025-06,southeast,LUM,2025,LUM-SP,스탠다드 레인지,AWD,스노우 화이트,9,9,-792
2025-06,southeast,LUM,2025,LUM-SP,스탠다드 레인지,AWD,미드나잇 블랙,7,7,-627
2025-06,southeast,LUM,2025,LUM-SP,스탠다드 레인지,AWD,스틸 그레이,6,6,-528
2025-06,southeast,LUM,2025,LUM-SP,스탠다드 레인지,AWD,실버,5,5,-429
2025-06,southeast,LUM,2025,LUM-SP,스탠다드 레인지,AWD,오션 블루,4,4,-330
2025-06,southeast,LUM,2025,LUM-SP,스탠다드 레인지,AWD,선셋 레드,3,3,-264
2025-06,southeast,LUM,2025,LUM-SP,스탠다드 레인지,AWD,포레스트 그린,2,2,-165
2025-06,southeast,LUM,2025,LUM-SP,스탠다드 레인지,AWD,샌드 베이지,2,2,-165
2025-06,southeast,LUM,2025,LUM-SP,스탠다드 레인지,FWD,스노우 화이트,14,14,-1278
2025-06,southeast,LUM,2025,LUM-SP,스탠다드 레인지,FWD,미드나잇 블랙,11,11,-1012
2025-06,southeast,LUM,2025,LUM-SP,스탠다드 레인지,FWD,스틸 그레이,9,9,-852
2025-06,southeast,LUM,2025,LUM-SP,스탠다드 레인지,FWD,실버,7,8,-692
2025-06,southeast,LUM,2025,LUM-SP,스탠다드 레인지,FWD,오션 블루,6,6,-532
2025-06,southeast,LUM,2025,LUM-SP,스탠다드 레인지,FWD,선셋 레드,5,5,-426
2025-06,southeast,LUM,2025,LUM-SP,스탠다드 레인지,FWD,포레스트 그린,3,3,-266
2025-06,southeast,LUM,2025,LUM-SP,스탠다드 레인지,FWD,샌드 베이지,3,3,-266
2025-06,southeast,LUM,2025,LUM-SP,롱레인지,AWD,스노우 화이트,16,16,-1457
2025-06,southeast,LUM,2025,LUM-SP,롱레인지,AWD,미드나잇 블랙,12,13,-1154
2025-06,southeast,LUM,2025,LUM-SP,롱레인지,AWD,스틸 그레이,10,11,-971
2025-06,southeast,LUM,2025,LUM-SP,롱레인지,AWD,실버,8,9,-789
2025-06,southeast,LUM,2025,LUM-SP,롱레인지,AWD,오션 블루,7,7,-607
2025-06,southeast,LUM,2025,LUM-SP,롱레인지,AWD,선셋 레드,5,5,-486
2025-06,southeast,LUM,2025,LUM-SP,롱레인지,AWD,포레스트 그린,3,3,-304
2025-06,southeast,LUM,2025,LUM-SP,롱레인지,AWD,샌드 베이지,3,3,-304
2025-06,southeast,LUM,2025,LUM-SP,롱레인지,FWD,스노우 화이트,25,26,-2352
2025-06,southeast,LUM,2025,LUM-SP,롱레인지,FWD,미드나잇 블랙,20,20,-1862
2025-06,southeast,LUM,2025,LUM-SP,롱레인지,FWD,스틸 그레이,17,17,-1568
2025-06,southeast,LUM,2025,LUM-SP,롱레인지,FWD,실버,14,14,-1274
2025-06,southeast,LUM,2025,LUM-SP,롱레인지,FWD,오션 블루,11,11,-980
2025-06,southeast,LUM,2025,LUM-SP,롱레인지,FWD,선셋 레드,8,9,-784
2025-06,southeast,LUM,2025,LUM-SP,롱레인지,FWD,포레스트 그린,5,5,-490
2025-06,southeast,LUM,2025,LUM-SP,롱레인지,FWD,샌드 베이지,5,5,-490
