ym,zone_id,model_id,model_year,trim_id,engine,drivetrain,color,bp_retail_qty,bp_wholesale_qty,bp_op_profit_usd
2026-09,west,TRN,2026,TRN-CO,3.5 가솔린,AWD,스노우 화이트,70,72,134972
2026-09,west,TRN,2026,TRN-CO,3.5 가솔린,AWD,미드나잇 블랙,56,57,106853
2026-09,west,TRN,2026,TRN-CO,3.5 가솔린,AWD,스틸 그레이,47,48,89981
2026-09,west,TRN,2026,TRN-CO,3.5 가솔린,AWD,실버,38,39,73110
2026-09,west,TRN,2026,TRN-CO,3.5 가솔린,AWD,오션 블루,29,30,56238
2026-09,west,TRN,2026,TRN-CO,3.5 가솔린,AWD,선셋 레드,23,24,44991
2026-09,west,TRN,2026,TRN-CO,3.5 가솔린,AWD,포레스트 그린,15,15,28119
2026-09,west,TRN,2026,TRN-CO,3.5 가솔린,AWD,샌드 베이지,15,15,28119
2026-09,west,TRN,2026,TRN-CO,3.5 가솔린,FWD,스노우 화이트,23,24,44991
2026-09,west,TRN,2026,TRN-CO,3.5 가솔린,FWD,미드나잇 블랙,19,19,35618
2026-09,west,TRN,2026,TRN-CO,3.5 가솔린,FWD,스틸 그레이,16,16,29994
2026-09,west,TRN,2026,TRN-CO,3.5 가솔린,FWD,실버,13,13,24370
2026-09,west,TRN,2026,TRN-CO,3.5 가솔린,FWD,오션 블루,10,10,18746
2026-09,west,TRN,2026,TRN-CO,3.5 가솔린,FWD,선셋 레드,8,8,14997
2026-09,west,TRN,2026,TRN-CO,3.5 가솔린,FWD,포레스트 그린,5,5,9373
2026-09,west,TRN,2026,TRN-CO,3.5 가솔린,FWD,샌드 베이지,5,5,9373
2026-09,west,TRN,2026,TRN-CO,2.5T 하이브리드,AWD,스노우 화이트,86,88,164965
2026-09,west,TRN,2026,TRN-CO,2.5T 하이브리드,AWD,미드나잇 블랙,68,69,130598
2026-09,west,TRN,2026,TRN-CO,2.5T 하이브리드,AWD,스틸 그레이,57,58,109977
2026-09,west,TRN,2026,TRN-CO,2.5T 하이브리드,AWD,실버,47,48,89356
2026-09,west,TRN,2026,TRN-CO,2.5T 하이브리드,AWD,오션 블루,36,37,68736
2026-09,west,TRN,2026,TRN-CO,2.5T 하이브리드,AWD,선셋 레드,29,29,54988
2026-09,west,TRN,2026,TRN-CO,2.5T 하이브리드,AWD,포레스트 그린,18,18,34368
2026-09,west,TRN,2026,TRN-CO,2.5T 하이브리드,AWD,샌드 베이지,18,18,34368
2026-09,west,TRN,2026,TRN-CO,2.5T 하이브리드,FWD,스노우 화이트,29,29,54988
2026-09,west,TRN,2026,TRN-CO,2.5T 하이브리드,FWD,미드나잇 블랙,23,23,43533
2026-09,west,TRN,2026,TRN-CO,2.5T 하이브리드,FWD,스틸 그레이,19,19,36659
2026-09,west,TRN,2026,TRN-CO,2.5T 하이브리드,FWD,실버,16,16,29785
2026-09,west,TRN,2026,TRN-CO,2.5T 하이브리드,FWD,오션 블루,12,12,22912
2026-09,west,TRN,2026,TRN-CO,2.5T 하이브리드,FWD,선셋 레드,10,10,18329
2026-09,west,TRN,2026,TRN-CO,2.5T 하이브리드,FWD,포레스트 그린,6,6,11456
2026-09,west,TRN,2026,TRN-CO,2.5T 하이브리드,FWD,샌드 베이지,6,6,11456
2026-09,west,TRN,2026,TRN-PR,3.5 가솔린,AWD,스노우 화이트,81,83,187016
2026-09,west,TRN,2026,TRN-PR,3.5 가솔린,AWD,미드나잇 블랙,64,66,148054
2026-09,west,TRN,2026,TRN-PR,3.5 가솔린,AWD,스틸 그레이,54,55,124677
2026-09,west,TRN,2026,TRN-PR,3.5 가솔린,AWD,실버,44,45,101300
2026-09,west,TRN,2026,TRN-PR,3.5 가솔린,AWD,오션 블루,34,35,77923
2026-09,west,TRN,2026,TRN-PR,3.5 가솔린,AWD,선셋 레드,27,28,62339
2026-09,west,TRN,2026,TRN-PR,3.5 가솔린,AWD,포레스트 그린,17,17,38962
2026-09,west,TRN,2026,TRN-PR,3.5 가솔린,AWD,샌드 베이지,17,17,38962
2026-09,west,TRN,2026,TRN-PR,3.5 가솔린,FWD,스노우 화이트,27,28,62339
2026-09,west,TRN,2026,TRN-PR,3.5 가솔린,FWD,미드나잇 블랙,21,22,49351
2026-09,west,TRN,2026,TRN-PR,3.5 가솔린,FWD,스틸 그레이,18,18,41559
2026-09,west,TRN,2026,TRN-PR,3.5 가솔린,FWD,실버,15,15,33767
2026-09,west,TRN,2026,TRN-PR,3.5 가솔린,FWD,오션 블루,11,12,25974
2026-09,west,TRN,2026,TRN-PR,3.5 가솔린,FWD,선셋 레드,9,9,20780
2026-09,west,TRN,2026,TRN-PR,3.5 가솔린,FWD,포레스트 그린,6,6,12987
2026-09,west,TRN,2026,TRN-PR,3.5 가솔린,FWD,샌드 베이지,6,6,12987
2026-09,west,TRN,2026,TRN-PR,2.5T 하이브리드,AWD,스노우 화이트,100,102,228575
2026-09,west,TRN,2026,TRN-PR,2.5T 하이브리드,AWD,미드나잇 블랙,79,80,180955
2026-09,west,TRN,2026,TRN-PR,2.5T 하이브리드,AWD,스틸 그레이,66,68,152383
2026-09,west,TRN,2026,TRN-PR,2.5T 하이브리드,AWD,실버,54,55,123811
2026-09,west,TRN,2026,TRN-PR,2.5T 하이브리드,AWD,오션 블루,41,42,95240
2026-09,west,TRN,2026,TRN-PR,2.5T 하이브리드,AWD,선셋 레드,33,34,76192
2026-09,west,TRN,2026,TRN-PR,2.5T 하이브리드,AWD,포레스트 그린,21,21,47620
2026-09,west,TRN,2026,TRN-PR,2.5T 하이브리드,AWD,샌드 베이지,21,21,47620
2026-09,west,TRN,2026,TRN-PR,2.5T 하이브리드,FWD,스노우 화이트,33,34,76192
2026-09,west,TRN,2026,TRN-PR,2.5T 하이브리드,FWD,미드나잇 블랙,26,27,60318
2026-09,west,TRN,2026,TRN-PR,2.5T 하이브리드,FWD,스틸 그레이,22,23,50794
2026-09,west,TRN,2026,TRN-PR,2.5T 하이브리드,FWD,실버,18,18,41270
2026-09,west,TRN,2026,TRN-PR,2.5T 하이브리드,FWD,오션 블루,14,14,31747
2026-09,west,TRN,2026,TRN-PR,2.5T 하이브리드,FWD,선셋 레드,11,11,25397
2026-09,west,TRN,2026,TRN-PR,2.5T 하이브리드,FWD,포레스트 그린,7,7,15873
2026-09,west,TRN,2026,TRN-PR,2.5T 하이브리드,FWD,샌드 베이지,7,7,15873
2026-09,west,TRN,2026,TRN-SU,3.5 가솔린,AWD,스노우 화이트,33,34,98509
2026-09,west,TRN,2026,TRN-SU,3.5 가솔린,AWD,미드나잇 블랙,26,27,77986
2026-09,west,TRN,2026,TRN-SU,3.5 가솔린,AWD,스틸 그레이,22,23,65672
2026-09,west,TRN,2026,TRN-SU,3.5 가솔린,AWD,실버,18,18,53359
2026-09,west,TRN,2026,TRN-SU,3.5 가솔린,AWD,오션 블루,14,14,41045
2026-09,west,TRN,2026,TRN-SU,3.5 가솔린,AWD,선셋 레드,11,11,32836
2026-09,west,TRN,2026,TRN-SU,3.5 가솔린,AWD,포레스트 그린,7,7,20523
2026-09,west,TRN,2026,TRN-SU,3.5 가솔린,AWD,샌드 베이지,7,7,20523
2026-09,west,TRN,2026,TRN-SU,3.5 가솔린,FWD,스노우 화이트,11,11,32836
2026-09,west,TRN,2026,TRN-SU,3.5 가솔린,FWD,미드나잇 블랙,9,9,25995
2026-09,west,TRN,2026,TRN-SU,3.5 가솔린,FWD,스틸 그레이,7,8,21891
2026-09,west,TRN,2026,TRN-SU,3.5 가솔린,FWD,실버,6,6,17786
2026-09,west,TRN,2026,TRN-SU,3.5 가솔린,FWD,오션 블루,5,5,13682
2026-09,west,TRN,2026,TRN-SU,3.5 가솔린,FWD,선셋 레드,4,4,10945
2026-09,west,TRN,2026,TRN-SU,3.5 가솔린,FWD,포레스트 그린,2,2,6841
2026-09,west,TRN,2026,TRN-SU,3.5 가솔린,FWD,샌드 베이지,2,2,6841
2026-09,west,TRN,2026,TRN-SU,2.5T 하이브리드,AWD,스노우 화이트,41,42,120399
2026-09,west,TRN,2026,TRN-SU,2.5T 하이브리드,AWD,미드나잇 블랙,32,33,95316
2026-09,west,TRN,2026,TRN-SU,2.5T 하이브리드,AWD,스틸 그레이,27,28,80266
2026-09,west,TRN,2026,TRN-SU,2.5T 하이브리드,AWD,실버,22,23,65216
2026-09,west,TRN,2026,TRN-SU,2.5T 하이브리드,AWD,오션 블루,17,17,50166
2026-09,west,TRN,2026,TRN-SU,2.5T 하이브리드,AWD,선셋 레드,14,14,40133
2026-09,west,TRN,2026,TRN-SU,2.5T 하이브리드,AWD,포레스트 그린,8,9,25083
2026-09,west,TRN,2026,TRN-SU,2.5T 하이브리드,AWD,샌드 베이지,8,9,25083
2026-09,west,TRN,2026,TRN-SU,2.5T 하이브리드,FWD,스노우 화이트,14,14,40133
2026-09,west,TRN,2026,TRN-SU,2.5T 하이브리드,FWD,미드나잇 블랙,11,11,31772
2026-09,west,TRN,2026,TRN-SU,2.5T 하이브리드,FWD,스틸 그레이,9,9,26755
2026-09,west,TRN,2026,TRN-SU,2.5T 하이브리드,FWD,실버,7,8,21739
2026-09,west,TRN,2026,TRN-SU,2.5T 하이브리드,FWD,오션 블루,6,6,16722
2026-09,west,TRN,2026,TRN-SU,2.5T 하이브리드,FWD,선셋 레드,5,5,13378
2026-09,west,TRN,2026,TRN-SU,2.5T 하이브리드,FWD,포레스트 그린,3,3,8361
2026-09,west,TRN,2026,TRN-SU,2.5T 하이브리드,FWD,샌드 베이지,3,3,8361
2026-09,west,TRN,2027,TRN-CO,3.5 가솔린,AWD,스노우 화이트,47,48,89981
2026-09,west,TRN,2027,TRN-CO,3.5 가솔린,AWD,미드나잇 블랙,37,38,71235
2026-09,west,TRN,2027,TRN-CO,3.5 가솔린,AWD,스틸 그레이,31,32,59987
2026-09,west,TRN,2027,TRN-CO,3.5 가솔린,AWD,실버,25,26,48740
2026-09,west,TRN,2027,TRN-CO,3.5 가솔린,AWD,오션 블루,20,20,37492
2026-09,west,TRN,2027,TRN-CO,3.5 가솔린,AWD,선셋 레드,16,16,29994
2026-09,west,TRN,2027,TRN-CO,3.5 가솔린,AWD,포레스트 그린,10,10,18746
2026-09,west,TRN,2027,TRN-CO,3.5 가솔린,AWD,샌드 베이지,10,10,18746
2026-09,west,TRN,2027,TRN-CO,3.5 가솔린,FWD,스노우 화이트,16,16,29994
2026-09,west,TRN,2027,TRN-CO,3.5 가솔린,FWD,미드나잇 블랙,12,13,23745
2026-09,west,TRN,2027,TRN-CO,3.5 가솔린,FWD,스틸 그레이,10,11,19996
2026-09,west,TRN,2027,TRN-CO,3.5 가솔린,FWD,실버,8,9,16247
2026-09,west,TRN,2027,TRN-CO,3.5 가솔린,FWD,오션 블루,7,7,12497
2026-09,west,TRN,2027,TRN-CO,3.5 가솔린,FWD,선셋 레드,5,5,9998
2026-09,west,TRN,2027,TRN-CO,3.5 가솔린,FWD,포레스트 그린,3,3,6249
2026-09,west,TRN,2027,TRN-CO,3.5 가솔린,FWD,샌드 베이지,3,3,6249
2026-09,west,TRN,2027,TRN-CO,2.5T 하이브리드,AWD,스노우 화이트,57,58,109977
2026-09,west,TRN,2027,TRN-CO,2.5T 하이브리드,AWD,미드나잇 블랙,45,46,87065
2026-09,west,TRN,2027,TRN-CO,2.5T 하이브리드,AWD,스틸 그레이,38,39,73318
2026-09,west,TRN,2027,TRN-CO,2.5T 하이브리드,AWD,실버,31,32,59571
2026-09,west,TRN,2027,TRN-CO,2.5T 하이브리드,AWD,오션 블루,24,24,45824
2026-09,west,TRN,2027,TRN-CO,2.5T 하이브리드,AWD,선셋 레드,19,19,36659
2026-09,west,TRN,2027,TRN-CO,2.5T 하이브리드,AWD,포레스트 그린,12,12,22912
2026-09,west,TRN,2027,TRN-CO,2.5T 하이브리드,AWD,샌드 베이지,12,12,22912
2026-09,west,TRN,2027,TRN-CO,2.5T 하이브리드,FWD,스노우 화이트,19,19,36659
2026-09,west,TRN,2027,TRN-CO,2.5T 하이브리드,FWD,미드나잇 블랙,15,15,29022
2026-09,west,TRN,2027,TRN-CO,2.5T 하이브리드,FWD,스틸 그레이,13,13,24439
2026-09,west,TRN,2027,TRN-CO,2.5T 하이브리드,FWD,실버,10,11,19857
2026-09,west,TRN,2027,TRN-CO,2.5T 하이브리드,FWD,오션 블루,8,8,15275
2026-09,west,TRN,2027,TRN-CO,2.5T 하이브리드,FWD,선셋 레드,6,6,12220
2026-09,west,TRN,2027,TRN-CO,2.5T 하이브리드,FWD,포레스트 그린,4,4,7637
2026-09,west,TRN,2027,TRN-CO,2.5T 하이브리드,FWD,샌드 베이지,4,4,7637
2026-09,west,TRN,2027,TRN-PR,3.5 가솔린,AWD,스노우 화이트,54,55,124677
2026-09,west,TRN,2027,TRN-PR,3.5 가솔린,AWD,미드나잇 블랙,43,44,98703
2026-09,west,TRN,2027,TRN-PR,3.5 가솔린,AWD,스틸 그레이,36,37,83118
2026-09,west,TRN,2027,TRN-PR,3.5 가솔린,AWD,실버,29,30,67534
2026-09,west,TRN,2027,TRN-PR,3.5 가솔린,AWD,오션 블루,23,23,51949
2026-09,west,TRN,2027,TRN-PR,3.5 가솔린,AWD,선셋 레드,18,18,41559
2026-09,west,TRN,2027,TRN-PR,3.5 가솔린,AWD,포레스트 그린,11,12,25974
2026-09,west,TRN,2027,TRN-PR,3.5 가솔린,AWD,샌드 베이지,11,12,25974
2026-09,west,TRN,2027,TRN-PR,3.5 가솔린,FWD,스노우 화이트,18,18,41559
2026-09,west,TRN,2027,TRN-PR,3.5 가솔린,FWD,미드나잇 블랙,14,15,32901
2026-09,west,TRN,2027,TRN-PR,3.5 가솔린,FWD,스틸 그레이,12,12,27706
2026-09,west,TRN,2027,TRN-PR,3.5 가솔린,FWD,실버,10,10,22511
2026-09,west,TRN,2027,TRN-PR,3.5 가솔린,FWD,오션 블루,8,8,17316
2026-09,west,TRN,2027,TRN-PR,3.5 가솔린,FWD,선셋 레드,6,6,13853
2026-09,west,TRN,2027,TRN-PR,3.5 가솔린,FWD,포레스트 그린,4,4,8658
2026-09,west,TRN,2027,TRN-PR,3.5 가솔린,FWD,샌드 베이지,4,4,8658
2026-09,west,TRN,2027,TRN-PR,2.5T 하이브리드,AWD,스노우 화이트,66,68,152383
2026-09,west,TRN,2027,TRN-PR,2.5T 하이브리드,AWD,미드나잇 블랙,53,54,120637
2026-09,west,TRN,2027,TRN-PR,2.5T 하이브리드,AWD,스틸 그레이,44,45,101589
2026-09,west,TRN,2027,TRN-PR,2.5T 하이브리드,AWD,실버,36,37,82541
2026-09,west,TRN,2027,TRN-PR,2.5T 하이브리드,AWD,오션 블루,28,28,63493
2026-09,west,TRN,2027,TRN-PR,2.5T 하이브리드,AWD,선셋 레드,22,23,50794
2026-09,west,TRN,2027,TRN-PR,2.5T 하이브리드,AWD,포레스트 그린,14,14,31747
2026-09,west,TRN,2027,TRN-PR,2.5T 하이브리드,AWD,샌드 베이지,14,14,31747
2026-09,west,TRN,2027,TRN-PR,2.5T 하이브리드,FWD,스노우 화이트,22,23,50794
2026-09,west,TRN,2027,TRN-PR,2.5T 하이브리드,FWD,미드나잇 블랙,18,18,40212
2026-09,west,TRN,2027,TRN-PR,2.5T 하이브리드,FWD,스틸 그레이,15,15,33863
2026-09,west,TRN,2027,TRN-PR,2.5T 하이브리드,FWD,실버,12,12,27514
2026-09,west,TRN,2027,TRN-PR,2.5T 하이브리드,FWD,오션 블루,9,9,21164
2026-09,west,TRN,2027,TRN-PR,2.5T 하이브리드,FWD,선셋 레드,7,8,16931
2026-09,west,TRN,2027,TRN-PR,2.5T 하이브리드,FWD,포레스트 그린,5,5,10582
2026-09,west,TRN,2027,TRN-PR,2.5T 하이브리드,FWD,샌드 베이지,5,5,10582
2026-09,west,TRN,2027,TRN-SU,3.5 가솔린,AWD,스노우 화이트,22,23,65672
2026-09,west,TRN,2027,TRN-SU,3.5 가솔린,AWD,미드나잇 블랙,18,18,51991
2026-09,west,TRN,2027,TRN-SU,3.5 가솔린,AWD,스틸 그레이,15,15,43782
2026-09,west,TRN,2027,TRN-SU,3.5 가솔린,AWD,실버,12,12,35573
2026-09,west,TRN,2027,TRN-SU,3.5 가솔린,AWD,오션 블루,9,9,27363
2026-09,west,TRN,2027,TRN-SU,3.5 가솔린,AWD,선셋 레드,7,8,21891
2026-09,west,TRN,2027,TRN-SU,3.5 가솔린,AWD,포레스트 그린,5,5,13682
2026-09,west,TRN,2027,TRN-SU,3.5 가솔린,AWD,샌드 베이지,5,5,13682
2026-09,west,TRN,2027,TRN-SU,3.5 가솔린,FWD,스노우 화이트,7,8,21891
2026-09,west,TRN,2027,TRN-SU,3.5 가솔린,FWD,미드나잇 블랙,6,6,17330
2026-09,west,TRN,2027,TRN-SU,3.5 가솔린,FWD,스틸 그레이,5,5,14594
2026-09,west,TRN,2027,TRN-SU,3.5 가솔린,FWD,실버,4,4,11858
2026-09,west,TRN,2027,TRN-SU,3.5 가솔린,FWD,오션 블루,3,3,9121
2026-09,west,TRN,2027,TRN-SU,3.5 가솔린,FWD,선셋 레드,2,3,7297
2026-09,west,TRN,2027,TRN-SU,3.5 가솔린,FWD,포레스트 그린,2,2,4561
2026-09,west,TRN,2027,TRN-SU,3.5 가솔린,FWD,샌드 베이지,2,2,4561
2026-09,west,TRN,2027,TRN-SU,2.5T 하이브리드,AWD,스노우 화이트,27,28,80266
2026-09,west,TRN,2027,TRN-SU,2.5T 하이브리드,AWD,미드나잇 블랙,21,22,63544
2026-09,west,TRN,2027,TRN-SU,2.5T 하이브리드,AWD,스틸 그레이,18,18,53511
2026-09,west,TRN,2027,TRN-SU,2.5T 하이브리드,AWD,실버,15,15,43478
2026-09,west,TRN,2027,TRN-SU,2.5T 하이브리드,AWD,오션 블루,11,12,33444
2026-09,west,TRN,2027,TRN-SU,2.5T 하이브리드,AWD,선셋 레드,9,9,26755
2026-09,west,TRN,2027,TRN-SU,2.5T 하이브리드,AWD,포레스트 그린,6,6,16722
2026-09,west,TRN,2027,TRN-SU,2.5T 하이브리드,AWD,샌드 베이지,6,6,16722
2026-09,west,TRN,2027,TRN-SU,2.5T 하이브리드,FWD,스노우 화이트,9,9,26755
2026-09,west,TRN,2027,TRN-SU,2.5T 하이브리드,FWD,미드나잇 블랙,7,7,21181
2026-09,west,TRN,2027,TRN-SU,2.5T 하이브리드,FWD,스틸 그레이,6,6,17837
2026-09,west,TRN,2027,TRN-SU,2.5T 하이브리드,FWD,실버,5,5,14493
2026-09,west,TRN,2027,TRN-SU,2.5T 하이브리드,FWD,오션 블루,4,4,11148
2026-09,west,TRN,2027,TRN-SU,2.5T 하이브리드,FWD,선셋 레드,3,3,8918
2026-09,west,TRN,2027,TRN-SU,2.5T 하이브리드,FWD,포레스트 그린,2,2,5574
2026-09,west,TRN,2027,TRN-SU,2.5T 하이브리드,FWD,샌드 베이지,2,2,5574
2026-09,central,TRN,2026,TRN-CO,3.5 가솔린,AWD,스노우 화이트,53,54,101488
2026-09,central,TRN,2026,TRN-CO,3.5 가솔린,AWD,미드나잇 블랙,42,43,80345
2026-09,central,TRN,2026,TRN-CO,3.5 가솔린,AWD,스틸 그레이,35,36,67659
2026-09,central,TRN,2026,TRN-CO,3.5 가솔린,AWD,실버,29,29,54973
2026-09,central,TRN,2026,TRN-CO,3.5 가솔린,AWD,오션 블루,22,22,42287
2026-09,central,TRN,2026,TRN-CO,3.5 가솔린,AWD,선셋 레드,18,18,33829
2026-09,central,TRN,2026,TRN-CO,3.5 가솔린,AWD,포레스트 그린,11,11,21143
2026-09,central,TRN,2026,TRN-CO,3.5 가솔린,AWD,샌드 베이지,11,11,21143
2026-09,central,TRN,2026,TRN-CO,3.5 가솔린,FWD,스노우 화이트,8,9,16179
2026-09,central,TRN,2026,TRN-CO,3.5 가솔린,FWD,미드나잇 블랙,7,7,12809
2026-09,central,TRN,2026,TRN-CO,3.5 가솔린,FWD,스틸 그레이,6,6,10786
2026-09,central,TRN,2026,TRN-CO,3.5 가솔린,FWD,실버,5,5,8764
2026-09,central,TRN,2026,TRN-CO,3.5 가솔린,FWD,오션 블루,4,4,6741
2026-09,central,TRN,2026,TRN-CO,3.5 가솔린,FWD,선셋 레드,3,3,5393
2026-09,central,TRN,2026,TRN-CO,3.5 가솔린,FWD,포레스트 그린,2,2,3371
2026-09,central,TRN,2026,TRN-CO,3.5 가솔린,FWD,샌드 베이지,2,2,3371
2026-09,central,TRN,2026,TRN-CO,2.5T 하이브리드,AWD,스노우 화이트,65,66,124041
2026-09,central,TRN,2026,TRN-CO,2.5T 하이브리드,AWD,미드나잇 블랙,51,52,98199
2026-09,central,TRN,2026,TRN-CO,2.5T 하이브리드,AWD,스틸 그레이,43,44,82694
2026-09,central,TRN,2026,TRN-CO,2.5T 하이브리드,AWD,실버,35,36,67189
2026-09,central,TRN,2026,TRN-CO,2.5T 하이브리드,AWD,오션 블루,27,27,51684
2026-09,central,TRN,2026,TRN-CO,2.5T 하이브리드,AWD,선셋 레드,22,22,41347
2026-09,central,TRN,2026,TRN-CO,2.5T 하이브리드,AWD,포레스트 그린,13,14,25842
2026-09,central,TRN,2026,TRN-CO,2.5T 하이브리드,AWD,샌드 베이지,13,14,25842
2026-09,central,TRN,2026,TRN-CO,2.5T 하이브리드,FWD,스노우 화이트,10,11,19775
2026-09,central,TRN,2026,TRN-CO,2.5T 하이브리드,FWD,미드나잇 블랙,8,8,15655
2026-09,central,TRN,2026,TRN-CO,2.5T 하이브리드,FWD,스틸 그레이,7,7,13183
2026-09,central,TRN,2026,TRN-CO,2.5T 하이브리드,FWD,실버,6,6,10711
2026-09,central,TRN,2026,TRN-CO,2.5T 하이브리드,FWD,오션 블루,4,4,8239
2026-09,central,TRN,2026,TRN-CO,2.5T 하이브리드,FWD,선셋 레드,3,4,6592
2026-09,central,TRN,2026,TRN-CO,2.5T 하이브리드,FWD,포레스트 그린,2,2,4120
2026-09,central,TRN,2026,TRN-CO,2.5T 하이브리드,FWD,샌드 베이지,2,2,4120
2026-09,central,TRN,2026,TRN-PR,3.5 가솔린,AWD,스노우 화이트,61,62,140622
2026-09,central,TRN,2026,TRN-PR,3.5 가솔린,AWD,미드나잇 블랙,48,49,111325
2026-09,central,TRN,2026,TRN-PR,3.5 가솔린,AWD,스틸 그레이,41,42,93748
2026-09,central,TRN,2026,TRN-PR,3.5 가솔린,AWD,실버,33,34,76170
2026-09,central,TRN,2026,TRN-PR,3.5 가솔린,AWD,오션 블루,26,26,58592
2026-09,central,TRN,2026,TRN-PR,3.5 가솔린,AWD,선셋 레드,20,21,46874
2026-09,central,TRN,2026,TRN-PR,3.5 가솔린,AWD,포레스트 그린,13,13,29296
2026-09,central,TRN,2026,TRN-PR,3.5 가솔린,AWD,샌드 베이지,13,13,29296
2026-09,central,TRN,2026,TRN-PR,3.5 가솔린,FWD,스노우 화이트,10,10,22418
2026-09,central,TRN,2026,TRN-PR,3.5 가솔린,FWD,미드나잇 블랙,8,8,17748
2026-09,central,TRN,2026,TRN-PR,3.5 가솔린,FWD,스틸 그레이,7,7,14945
2026-09,central,TRN,2026,TRN-PR,3.5 가솔린,FWD,실버,5,5,12143
2026-09,central,TRN,2026,TRN-PR,3.5 가솔린,FWD,오션 블루,4,4,9341
2026-09,central,TRN,2026,TRN-PR,3.5 가솔린,FWD,선셋 레드,3,3,7473
2026-09,central,TRN,2026,TRN-PR,3.5 가솔린,FWD,포레스트 그린,2,2,4670
2026-09,central,TRN,2026,TRN-PR,3.5 가솔린,FWD,샌드 베이지,2,2,4670
2026-09,central,TRN,2026,TRN-PR,2.5T 하이브리드,AWD,스노우 화이트,75,76,171871
2026-09,central,TRN,2026,TRN-PR,2.5T 하이브리드,AWD,미드나잇 블랙,59,60,136064
2026-09,central,TRN,2026,TRN-PR,2.5T 하이브리드,AWD,스틸 그레이,50,51,114581
2026-09,central,TRN,2026,TRN-PR,2.5T 하이브리드,AWD,실버,41,41,93097
2026-09,central,TRN,2026,TRN-PR,2.5T 하이브리드,AWD,오션 블루,31,32,71613
2026-09,central,TRN,2026,TRN-PR,2.5T 하이브리드,AWD,선셋 레드,25,25,57290
2026-09,central,TRN,2026,TRN-PR,2.5T 하이브리드,AWD,포레스트 그린,16,16,35806
2026-09,central,TRN,2026,TRN-PR,2.5T 하이브리드,AWD,샌드 베이지,16,16,35806
2026-09,central,TRN,2026,TRN-PR,2.5T 하이브리드,FWD,스노우 화이트,12,12,27400
2026-09,central,TRN,2026,TRN-PR,2.5T 하이브리드,FWD,미드나잇 블랙,9,10,21691
2026-09,central,TRN,2026,TRN-PR,2.5T 하이브리드,FWD,스틸 그레이,8,8,18266
2026-09,central,TRN,2026,TRN-PR,2.5T 하이브리드,FWD,실버,6,7,14842
2026-09,central,TRN,2026,TRN-PR,2.5T 하이브리드,FWD,오션 블루,5,5,11417
2026-09,central,TRN,2026,TRN-PR,2.5T 하이브리드,FWD,선셋 레드,4,4,9133
2026-09,central,TRN,2026,TRN-PR,2.5T 하이브리드,FWD,포레스트 그린,2,3,5708
2026-09,central,TRN,2026,TRN-PR,2.5T 하이브리드,FWD,샌드 베이지,2,3,5708
2026-09,central,TRN,2026,TRN-SU,3.5 가솔린,AWD,스노우 화이트,25,26,74071
2026-09,central,TRN,2026,TRN-SU,3.5 가솔린,AWD,미드나잇 블랙,20,20,58639
2026-09,central,TRN,2026,TRN-SU,3.5 가솔린,AWD,스틸 그레이,17,17,49381
2026-09,central,TRN,2026,TRN-SU,3.5 가솔린,AWD,실버,14,14,40122
2026-09,central,TRN,2026,TRN-SU,3.5 가솔린,AWD,오션 블루,10,11,30863
2026-09,central,TRN,2026,TRN-SU,3.5 가솔린,AWD,선셋 레드,8,9,24690
2026-09,central,TRN,2026,TRN-SU,3.5 가솔린,AWD,포레스트 그린,5,5,15431
2026-09,central,TRN,2026,TRN-SU,3.5 가솔린,AWD,샌드 베이지,5,5,15431
2026-09,central,TRN,2026,TRN-SU,3.5 가솔린,FWD,스노우 화이트,4,4,11808
2026-09,central,TRN,2026,TRN-SU,3.5 가솔린,FWD,미드나잇 블랙,3,3,9348
2026-09,central,TRN,2026,TRN-SU,3.5 가솔린,FWD,스틸 그레이,3,3,7872
2026-09,central,TRN,2026,TRN-SU,3.5 가솔린,FWD,실버,2,2,6396
2026-09,central,TRN,2026,TRN-SU,3.5 가솔린,FWD,오션 블루,2,2,4920
2026-09,central,TRN,2026,TRN-SU,3.5 가솔린,FWD,선셋 레드,1,1,3936
2026-09,central,TRN,2026,TRN-SU,3.5 가솔린,FWD,포레스트 그린,1,1,2460
2026-09,central,TRN,2026,TRN-SU,3.5 가솔린,FWD,샌드 베이지,1,1,2460
2026-09,central,TRN,2026,TRN-SU,2.5T 하이브리드,AWD,스노우 화이트,31,31,90531
2026-09,central,TRN,2026,TRN-SU,2.5T 하이브리드,AWD,미드나잇 블랙,24,25,71670
2026-09,central,TRN,2026,TRN-SU,2.5T 하이브리드,AWD,스틸 그레이,20,21,60354
2026-09,central,TRN,2026,TRN-SU,2.5T 하이브리드,AWD,실버,17,17,49038
2026-09,central,TRN,2026,TRN-SU,2.5T 하이브리드,AWD,오션 블루,13,13,37721
2026-09,central,TRN,2026,TRN-SU,2.5T 하이브리드,AWD,선셋 레드,10,10,30177
2026-09,central,TRN,2026,TRN-SU,2.5T 하이브리드,AWD,포레스트 그린,6,7,18861
2026-09,central,TRN,2026,TRN-SU,2.5T 하이브리드,AWD,샌드 베이지,6,7,18861
2026-09,central,TRN,2026,TRN-SU,2.5T 하이브리드,FWD,스노우 화이트,5,5,14432
2026-09,central,TRN,2026,TRN-SU,2.5T 하이브리드,FWD,미드나잇 블랙,4,4,11426
2026-09,central,TRN,2026,TRN-SU,2.5T 하이브리드,FWD,스틸 그레이,3,3,9622
2026-09,central,TRN,2026,TRN-SU,2.5T 하이브리드,FWD,실버,3,3,7818
2026-09,central,TRN,2026,TRN-SU,2.5T 하이브리드,FWD,오션 블루,2,2,6014
2026-09,central,TRN,2026,TRN-SU,2.5T 하이브리드,FWD,선셋 레드,2,2,4811
2026-09,central,TRN,2026,TRN-SU,2.5T 하이브리드,FWD,포레스트 그린,1,1,3007
2026-09,central,TRN,2026,TRN-SU,2.5T 하이브리드,FWD,샌드 베이지,1,1,3007
2026-09,central,TRN,2027,TRN-CO,3.5 가솔린,AWD,스노우 화이트,35,36,67659
2026-09,central,TRN,2027,TRN-CO,3.5 가솔린,AWD,미드나잇 블랙,28,28,53563
2026-09,central,TRN,2027,TRN-CO,3.5 가솔린,AWD,스틸 그레이,24,24,45106
2026-09,central,TRN,2027,TRN-CO,3.5 가솔린,AWD,실버,19,19,36649
2026-09,central,TRN,2027,TRN-CO,3.5 가솔린,AWD,오션 블루,15,15,28191
2026-09,central,TRN,2027,TRN-CO,3.5 가솔린,AWD,선셋 레드,12,12,22553
2026-09,central,TRN,2027,TRN-CO,3.5 가솔린,AWD,포레스트 그린,7,7,14096
2026-09,central,TRN,2027,TRN-CO,3.5 가솔린,AWD,샌드 베이지,7,7,14096
2026-09,central,TRN,2027,TRN-CO,3.5 가솔린,FWD,스노우 화이트,6,6,10786
2026-09,central,TRN,2027,TRN-CO,3.5 가솔린,FWD,미드나잇 블랙,4,5,8539
2026-09,central,TRN,2027,TRN-CO,3.5 가솔린,FWD,스틸 그레이,4,4,7191
2026-09,central,TRN,2027,TRN-CO,3.5 가솔린,FWD,실버,3,3,5843
2026-09,central,TRN,2027,TRN-CO,3.5 가솔린,FWD,오션 블루,2,2,4494
2026-09,central,TRN,2027,TRN-CO,3.5 가솔린,FWD,선셋 레드,2,2,3595
2026-09,central,TRN,2027,TRN-CO,3.5 가솔린,FWD,포레스트 그린,1,1,2247
2026-09,central,TRN,2027,TRN-CO,3.5 가솔린,FWD,샌드 베이지,1,1,2247
2026-09,central,TRN,2027,TRN-CO,2.5T 하이브리드,AWD,스노우 화이트,43,44,82694
2026-09,central,TRN,2027,TRN-CO,2.5T 하이브리드,AWD,미드나잇 블랙,34,35,65466
2026-09,central,TRN,2027,TRN-CO,2.5T 하이브리드,AWD,스틸 그레이,29,29,55129
2026-09,central,TRN,2027,TRN-CO,2.5T 하이브리드,AWD,실버,23,24,44793
2026-09,central,TRN,2027,TRN-CO,2.5T 하이브리드,AWD,오션 블루,18,18,34456
2026-09,central,TRN,2027,TRN-CO,2.5T 하이브리드,AWD,선셋 레드,14,15,27565
2026-09,central,TRN,2027,TRN-CO,2.5T 하이브리드,AWD,포레스트 그린,9,9,17228
2026-09,central,TRN,2027,TRN-CO,2.5T 하이브리드,AWD,샌드 베이지,9,9,17228
2026-09,central,TRN,2027,TRN-CO,2.5T 하이브리드,FWD,스노우 화이트,7,7,13183
2026-09,central,TRN,2027,TRN-CO,2.5T 하이브리드,FWD,미드나잇 블랙,5,6,10437
2026-09,central,TRN,2027,TRN-CO,2.5T 하이브리드,FWD,스틸 그레이,5,5,8789
2026-09,central,TRN,2027,TRN-CO,2.5T 하이브리드,FWD,실버,4,4,7141
2026-09,central,TRN,2027,TRN-CO,2.5T 하이브리드,FWD,오션 블루,3,3,5493
2026-09,central,TRN,2027,TRN-CO,2.5T 하이브리드,FWD,선셋 레드,2,2,4394
2026-09,central,TRN,2027,TRN-CO,2.5T 하이브리드,FWD,포레스트 그린,1,1,2746
2026-09,central,TRN,2027,TRN-CO,2.5T 하이브리드,FWD,샌드 베이지,1,1,2746
2026-09,central,TRN,2027,TRN-PR,3.5 가솔린,AWD,스노우 화이트,41,42,93748
2026-09,central,TRN,2027,TRN-PR,3.5 가솔린,AWD,미드나잇 블랙,32,33,74217
2026-09,central,TRN,2027,TRN-PR,3.5 가솔린,AWD,스틸 그레이,27,28,62498
2026-09,central,TRN,2027,TRN-PR,3.5 가솔린,AWD,실버,22,23,50780
2026-09,central,TRN,2027,TRN-PR,3.5 가솔린,AWD,오션 블루,17,17,39062
2026-09,central,TRN,2027,TRN-PR,3.5 가솔린,AWD,선셋 레드,14,14,31249
2026-09,central,TRN,2027,TRN-PR,3.5 가솔린,AWD,포레스트 그린,9,9,19531
2026-09,central,TRN,2027,TRN-PR,3.5 가솔린,AWD,샌드 베이지,9,9,19531
2026-09,central,TRN,2027,TRN-PR,3.5 가솔린,FWD,스노우 화이트,7,7,14945
2026-09,central,TRN,2027,TRN-PR,3.5 가솔린,FWD,미드나잇 블랙,5,5,11832
2026-09,central,TRN,2027,TRN-PR,3.5 가솔린,FWD,스틸 그레이,4,4,9964
2026-09,central,TRN,2027,TRN-PR,3.5 가솔린,FWD,실버,4,4,8095
2026-09,central,TRN,2027,TRN-PR,3.5 가솔린,FWD,오션 블루,3,3,6227
2026-09,central,TRN,2027,TRN-PR,3.5 가솔린,FWD,선셋 레드,2,2,4982
2026-09,central,TRN,2027,TRN-PR,3.5 가솔린,FWD,포레스트 그린,1,1,3114
2026-09,central,TRN,2027,TRN-PR,3.5 가솔린,FWD,샌드 베이지,1,1,3114
2026-09,central,TRN,2027,TRN-PR,2.5T 하이브리드,AWD,스노우 화이트,50,51,114581
2026-09,central,TRN,2027,TRN-PR,2.5T 하이브리드,AWD,미드나잇 블랙,40,40,90710
2026-09,central,TRN,2027,TRN-PR,2.5T 하이브리드,AWD,스틸 그레이,33,34,76387
2026-09,central,TRN,2027,TRN-PR,2.5T 하이브리드,AWD,실버,27,28,62064
2026-09,central,TRN,2027,TRN-PR,2.5T 하이브리드,AWD,오션 블루,21,21,47742
2026-09,central,TRN,2027,TRN-PR,2.5T 하이브리드,AWD,선셋 레드,17,17,38194
2026-09,central,TRN,2027,TRN-PR,2.5T 하이브리드,AWD,포레스트 그린,10,11,23871
2026-09,central,TRN,2027,TRN-PR,2.5T 하이브리드,AWD,샌드 베이지,10,11,23871
2026-09,central,TRN,2027,TRN-PR,2.5T 하이브리드,FWD,스노우 화이트,8,8,18266
2026-09,central,TRN,2027,TRN-PR,2.5T 하이브리드,FWD,미드나잇 블랙,6,6,14461
2026-09,central,TRN,2027,TRN-PR,2.5T 하이브리드,FWD,스틸 그레이,5,5,12178
2026-09,central,TRN,2027,TRN-PR,2.5T 하이브리드,FWD,실버,4,4,9894
2026-09,central,TRN,2027,TRN-PR,2.5T 하이브리드,FWD,오션 블루,3,3,7611
2026-09,central,TRN,2027,TRN-PR,2.5T 하이브리드,FWD,선셋 레드,3,3,6089
2026-09,central,TRN,2027,TRN-PR,2.5T 하이브리드,FWD,포레스트 그린,2,2,3806
2026-09,central,TRN,2027,TRN-PR,2.5T 하이브리드,FWD,샌드 베이지,2,2,3806
2026-09,central,TRN,2027,TRN-SU,3.5 가솔린,AWD,스노우 화이트,17,17,49381
2026-09,central,TRN,2027,TRN-SU,3.5 가솔린,AWD,미드나잇 블랙,13,13,39093
2026-09,central,TRN,2027,TRN-SU,3.5 가솔린,AWD,스틸 그레이,11,11,32920
2026-09,central,TRN,2027,TRN-SU,3.5 가솔린,AWD,실버,9,9,26748
2026-09,central,TRN,2027,TRN-SU,3.5 가솔린,AWD,오션 블루,7,7,20575
2026-09,central,TRN,2027,TRN-SU,3.5 가솔린,AWD,선셋 레드,6,6,16460
2026-09,central,TRN,2027,TRN-SU,3.5 가솔린,AWD,포레스트 그린,3,4,10288
2026-09,central,TRN,2027,TRN-SU,3.5 가솔린,AWD,샌드 베이지,3,4,10288
2026-09,central,TRN,2027,TRN-SU,3.5 가솔린,FWD,스노우 화이트,3,3,7872
2026-09,central,TRN,2027,TRN-SU,3.5 가솔린,FWD,미드나잇 블랙,2,2,6232
2026-09,central,TRN,2027,TRN-SU,3.5 가솔린,FWD,스틸 그레이,2,2,5248
2026-09,central,TRN,2027,TRN-SU,3.5 가솔린,FWD,실버,1,1,4264
2026-09,central,TRN,2027,TRN-SU,3.5 가솔린,FWD,오션 블루,1,1,3280
2026-09,central,TRN,2027,TRN-SU,3.5 가솔린,FWD,선셋 레드,1,1,2624
2026-09,central,TRN,2027,TRN-SU,3.5 가솔린,FWD,포레스트 그린,1,1,1640
2026-09,central,TRN,2027,TRN-SU,3.5 가솔린,FWD,샌드 베이지,1,1,1640
2026-09,central,TRN,2027,TRN-SU,2.5T 하이브리드,AWD,스노우 화이트,20,21,60354
2026-09,central,TRN,2027,TRN-SU,2.5T 하이브리드,AWD,미드나잇 블랙,16,16,47780
2026-09,central,TRN,2027,TRN-SU,2.5T 하이브리드,AWD,스틸 그레이,14,14,40236
2026-09,central,TRN,2027,TRN-SU,2.5T 하이브리드,AWD,실버,11,11,32692
2026-09,central,TRN,2027,TRN-SU,2.5T 하이브리드,AWD,오션 블루,9,9,25148
2026-09,central,TRN,2027,TRN-SU,2.5T 하이브리드,AWD,선셋 레드,7,7,20118
2026-09,central,TRN,2027,TRN-SU,2.5T 하이브리드,AWD,포레스트 그린,4,4,12574
2026-09,central,TRN,2027,TRN-SU,2.5T 하이브리드,AWD,샌드 베이지,4,4,12574
2026-09,central,TRN,2027,TRN-SU,2.5T 하이브리드,FWD,스노우 화이트,3,3,9622
2026-09,central,TRN,2027,TRN-SU,2.5T 하이브리드,FWD,미드나잇 블랙,3,3,7617
2026-09,central,TRN,2027,TRN-SU,2.5T 하이브리드,FWD,스틸 그레이,2,2,6414
2026-09,central,TRN,2027,TRN-SU,2.5T 하이브리드,FWD,실버,2,2,5212
2026-09,central,TRN,2027,TRN-SU,2.5T 하이브리드,FWD,오션 블루,1,1,4009
2026-09,central,TRN,2027,TRN-SU,2.5T 하이브리드,FWD,선셋 레드,1,1,3207
2026-09,central,TRN,2027,TRN-SU,2.5T 하이브리드,FWD,포레스트 그린,1,1,2005
2026-09,central,TRN,2027,TRN-SU,2.5T 하이브리드,FWD,샌드 베이지,1,1,2005
2026-09,south,TRN,2026,TRN-CO,3.5 가솔린,AWD,스노우 화이트,43,44,82229
2026-09,south,TRN,2026,TRN-CO,3.5 가솔린,AWD,미드나잇 블랙,34,35,65098
2026-09,south,TRN,2026,TRN-CO,3.5 가솔린,AWD,스틸 그레이,29,29,54819
2026-09,south,TRN,2026,TRN-CO,3.5 가솔린,AWD,실버,23,24,44541
2026-09,south,TRN,2026,TRN-CO,3.5 가솔린,AWD,오션 블루,18,18,34262
2026-09,south,TRN,2026,TRN-CO,3.5 가솔린,AWD,선셋 레드,14,15,27410
2026-09,south,TRN,2026,TRN-CO,3.5 가솔린,AWD,포레스트 그린,9,9,17131
2026-09,south,TRN,2026,TRN-CO,3.5 가솔린,AWD,샌드 베이지,9,9,17131
2026-09,south,TRN,2026,TRN-CO,3.5 가솔린,FWD,스노우 화이트,37,37,70047
2026-09,south,TRN,2026,TRN-CO,3.5 가솔린,FWD,미드나잇 블랙,29,29,55454
2026-09,south,TRN,2026,TRN-CO,3.5 가솔린,FWD,스틸 그레이,24,25,46698
2026-09,south,TRN,2026,TRN-CO,3.5 가솔린,FWD,실버,20,20,37942
2026-09,south,TRN,2026,TRN-CO,3.5 가솔린,FWD,오션 블루,15,16,29186
2026-09,south,TRN,2026,TRN-CO,3.5 가솔린,FWD,선셋 레드,12,12,23349
2026-09,south,TRN,2026,TRN-CO,3.5 가솔린,FWD,포레스트 그린,8,8,14593
2026-09,south,TRN,2026,TRN-CO,3.5 가솔린,FWD,샌드 베이지,8,8,14593
2026-09,south,TRN,2026,TRN-CO,2.5T 하이브리드,AWD,스노우 화이트,52,53,100502
2026-09,south,TRN,2026,TRN-CO,2.5T 하이브리드,AWD,미드나잇 블랙,41,42,79564
2026-09,south,TRN,2026,TRN-CO,2.5T 하이브리드,AWD,스틸 그레이,35,36,67001
2026-09,south,TRN,2026,TRN-CO,2.5T 하이브리드,AWD,실버,28,29,54439
2026-09,south,TRN,2026,TRN-CO,2.5T 하이브리드,AWD,오션 블루,22,22,41876
2026-09,south,TRN,2026,TRN-CO,2.5T 하이브리드,AWD,선셋 레드,17,18,33501
2026-09,south,TRN,2026,TRN-CO,2.5T 하이브리드,AWD,포레스트 그린,11,11,20938
2026-09,south,TRN,2026,TRN-CO,2.5T 하이브리드,AWD,샌드 베이지,11,11,20938
2026-09,south,TRN,2026,TRN-CO,2.5T 하이브리드,FWD,스노우 화이트,45,46,85613
2026-09,south,TRN,2026,TRN-CO,2.5T 하이브리드,FWD,미드나잇 블랙,35,36,67777
2026-09,south,TRN,2026,TRN-CO,2.5T 하이브리드,FWD,스틸 그레이,30,30,57075
2026-09,south,TRN,2026,TRN-CO,2.5T 하이브리드,FWD,실버,24,25,46374
2026-09,south,TRN,2026,TRN-CO,2.5T 하이브리드,FWD,오션 블루,19,19,35672
2026-09,south,TRN,2026,TRN-CO,2.5T 하이브리드,FWD,선셋 레드,15,15,28538
2026-09,south,TRN,2026,TRN-CO,2.5T 하이브리드,FWD,포레스트 그린,9,9,17836
2026-09,south,TRN,2026,TRN-CO,2.5T 하이브리드,FWD,샌드 베이지,9,9,17836
2026-09,south,TRN,2026,TRN-PR,3.5 가솔린,AWD,스노우 화이트,50,51,113936
2026-09,south,TRN,2026,TRN-PR,3.5 가솔린,AWD,미드나잇 블랙,39,40,90199
2026-09,south,TRN,2026,TRN-PR,3.5 가솔린,AWD,스틸 그레이,33,34,75957
2026-09,south,TRN,2026,TRN-PR,3.5 가솔린,AWD,실버,27,27,61715
2026-09,south,TRN,2026,TRN-PR,3.5 가솔린,AWD,오션 블루,21,21,47473
2026-09,south,TRN,2026,TRN-PR,3.5 가솔린,AWD,선셋 레드,17,17,37979
2026-09,south,TRN,2026,TRN-PR,3.5 가솔린,AWD,포레스트 그린,10,11,23737
2026-09,south,TRN,2026,TRN-PR,3.5 가솔린,AWD,샌드 베이지,10,11,23737
2026-09,south,TRN,2026,TRN-PR,3.5 가솔린,FWD,스노우 화이트,42,43,97056
2026-09,south,TRN,2026,TRN-PR,3.5 가솔린,FWD,미드나잇 블랙,33,34,76836
2026-09,south,TRN,2026,TRN-PR,3.5 가솔린,FWD,스틸 그레이,28,29,64704
2026-09,south,TRN,2026,TRN-PR,3.5 가솔린,FWD,실버,23,23,52572
2026-09,south,TRN,2026,TRN-PR,3.5 가솔린,FWD,오션 블루,18,18,40440
2026-09,south,TRN,2026,TRN-PR,3.5 가솔린,FWD,선셋 레드,14,14,32352
2026-09,south,TRN,2026,TRN-PR,3.5 가솔린,FWD,포레스트 그린,9,9,20220
2026-09,south,TRN,2026,TRN-PR,3.5 가솔린,FWD,샌드 베이지,9,9,20220
2026-09,south,TRN,2026,TRN-PR,2.5T 하이브리드,AWD,스노우 화이트,61,62,139255
2026-09,south,TRN,2026,TRN-PR,2.5T 하이브리드,AWD,미드나잇 블랙,48,49,110243
2026-09,south,TRN,2026,TRN-PR,2.5T 하이브리드,AWD,스틸 그레이,40,41,92837
2026-09,south,TRN,2026,TRN-PR,2.5T 하이브리드,AWD,실버,33,34,75430
2026-09,south,TRN,2026,TRN-PR,2.5T 하이브리드,AWD,오션 블루,25,26,58023
2026-09,south,TRN,2026,TRN-PR,2.5T 하이브리드,AWD,선셋 레드,20,21,46418
2026-09,south,TRN,2026,TRN-PR,2.5T 하이브리드,AWD,포레스트 그린,13,13,29011
2026-09,south,TRN,2026,TRN-PR,2.5T 하이브리드,AWD,샌드 베이지,13,13,29011
2026-09,south,TRN,2026,TRN-PR,2.5T 하이브리드,FWD,스노우 화이트,52,53,118625
2026-09,south,TRN,2026,TRN-PR,2.5T 하이브리드,FWD,미드나잇 블랙,41,42,93911
2026-09,south,TRN,2026,TRN-PR,2.5T 하이브리드,FWD,스틸 그레이,34,35,79083
2026-09,south,TRN,2026,TRN-PR,2.5T 하이브리드,FWD,실버,28,29,64255
2026-09,south,TRN,2026,TRN-PR,2.5T 하이브리드,FWD,오션 블루,22,22,49427
2026-09,south,TRN,2026,TRN-PR,2.5T 하이브리드,FWD,선셋 레드,17,18,39542
2026-09,south,TRN,2026,TRN-PR,2.5T 하이브리드,FWD,포레스트 그린,11,11,24713
2026-09,south,TRN,2026,TRN-PR,2.5T 하이브리드,FWD,샌드 베이지,11,11,24713
2026-09,south,TRN,2026,TRN-SU,3.5 가솔린,AWD,스노우 화이트,20,21,60014
2026-09,south,TRN,2026,TRN-SU,3.5 가솔린,AWD,미드나잇 블랙,16,16,47511
2026-09,south,TRN,2026,TRN-SU,3.5 가솔린,AWD,스틸 그레이,14,14,40010
2026-09,south,TRN,2026,TRN-SU,3.5 가솔린,AWD,실버,11,11,32508
2026-09,south,TRN,2026,TRN-SU,3.5 가솔린,AWD,오션 블루,8,9,25006
2026-09,south,TRN,2026,TRN-SU,3.5 가솔린,AWD,선셋 레드,7,7,20005
2026-09,south,TRN,2026,TRN-SU,3.5 가솔린,AWD,포레스트 그린,4,4,12503
2026-09,south,TRN,2026,TRN-SU,3.5 가솔린,AWD,샌드 베이지,4,4,12503
2026-09,south,TRN,2026,TRN-SU,3.5 가솔린,FWD,스노우 화이트,17,18,51123
2026-09,south,TRN,2026,TRN-SU,3.5 가솔린,FWD,미드나잇 블랙,14,14,40473
2026-09,south,TRN,2026,TRN-SU,3.5 가솔린,FWD,스틸 그레이,12,12,34082
2026-09,south,TRN,2026,TRN-SU,3.5 가솔린,FWD,실버,9,10,27692
2026-09,south,TRN,2026,TRN-SU,3.5 가솔린,FWD,오션 블루,7,7,21301
2026-09,south,TRN,2026,TRN-SU,3.5 가솔린,FWD,선셋 레드,6,6,17041
2026-09,south,TRN,2026,TRN-SU,3.5 가솔린,FWD,포레스트 그린,4,4,10651
2026-09,south,TRN,2026,TRN-SU,3.5 가솔린,FWD,샌드 베이지,4,4,10651
2026-09,south,TRN,2026,TRN-SU,2.5T 하이브리드,AWD,스노우 화이트,25,25,73351
2026-09,south,TRN,2026,TRN-SU,2.5T 하이브리드,AWD,미드나잇 블랙,20,20,58070
2026-09,south,TRN,2026,TRN-SU,2.5T 하이브리드,AWD,스틸 그레이,17,17,48901
2026-09,south,TRN,2026,TRN-SU,2.5T 하이브리드,AWD,실버,13,14,39732
2026-09,south,TRN,2026,TRN-SU,2.5T 하이브리드,AWD,오션 블루,10,11,30563
2026-09,south,TRN,2026,TRN-SU,2.5T 하이브리드,AWD,선셋 레드,8,8,24450
2026-09,south,TRN,2026,TRN-SU,2.5T 하이브리드,AWD,포레스트 그린,5,5,15281
2026-09,south,TRN,2026,TRN-SU,2.5T 하이브리드,AWD,샌드 베이지,5,5,15281
2026-09,south,TRN,2026,TRN-SU,2.5T 하이브리드,FWD,스노우 화이트,21,22,62484
2026-09,south,TRN,2026,TRN-SU,2.5T 하이브리드,FWD,미드나잇 블랙,17,17,49467
2026-09,south,TRN,2026,TRN-SU,2.5T 하이브리드,FWD,스틸 그레이,14,14,41656
2026-09,south,TRN,2026,TRN-SU,2.5T 하이브리드,FWD,실버,11,12,33846
2026-09,south,TRN,2026,TRN-SU,2.5T 하이브리드,FWD,오션 블루,9,9,26035
2026-09,south,TRN,2026,TRN-SU,2.5T 하이브리드,FWD,선셋 레드,7,7,20828
2026-09,south,TRN,2026,TRN-SU,2.5T 하이브리드,FWD,포레스트 그린,4,4,13018
2026-09,south,TRN,2026,TRN-SU,2.5T 하이브리드,FWD,샌드 베이지,4,4,13018
2026-09,south,TRN,2027,TRN-CO,3.5 가솔린,AWD,스노우 화이트,29,29,54819
2026-09,south,TRN,2027,TRN-CO,3.5 가솔린,AWD,미드나잇 블랙,23,23,43399
2026-09,south,TRN,2027,TRN-CO,3.5 가솔린,AWD,스틸 그레이,19,19,36546
2026-09,south,TRN,2027,TRN-CO,3.5 가솔린,AWD,실버,15,16,29694
2026-09,south,TRN,2027,TRN-CO,3.5 가솔린,AWD,오션 블루,12,12,22841
2026-09,south,TRN,2027,TRN-CO,3.5 가솔린,AWD,선셋 레드,10,10,18273
2026-09,south,TRN,2027,TRN-CO,3.5 가솔린,AWD,포레스트 그린,6,6,11421
2026-09,south,TRN,2027,TRN-CO,3.5 가솔린,AWD,샌드 베이지,6,6,11421
2026-09,south,TRN,2027,TRN-CO,3.5 가솔린,FWD,스노우 화이트,24,25,46698
2026-09,south,TRN,2027,TRN-CO,3.5 가솔린,FWD,미드나잇 블랙,19,20,36969
2026-09,south,TRN,2027,TRN-CO,3.5 가솔린,FWD,스틸 그레이,16,17,31132
2026-09,south,TRN,2027,TRN-CO,3.5 가솔린,FWD,실버,13,13,25295
2026-09,south,TRN,2027,TRN-CO,3.5 가솔린,FWD,오션 블루,10,10,19457
2026-09,south,TRN,2027,TRN-CO,3.5 가솔린,FWD,선셋 레드,8,8,15566
2026-09,south,TRN,2027,TRN-CO,3.5 가솔린,FWD,포레스트 그린,5,5,9729
2026-09,south,TRN,2027,TRN-CO,3.5 가솔린,FWD,샌드 베이지,5,5,9729
2026-09,south,TRN,2027,TRN-CO,2.5T 하이브리드,AWD,스노우 화이트,35,36,67001
2026-09,south,TRN,2027,TRN-CO,2.5T 하이브리드,AWD,미드나잇 블랙,28,28,53043
2026-09,south,TRN,2027,TRN-CO,2.5T 하이브리드,AWD,스틸 그레이,23,24,44668
2026-09,south,TRN,2027,TRN-CO,2.5T 하이브리드,AWD,실버,19,19,36292
2026-09,south,TRN,2027,TRN-CO,2.5T 하이브리드,AWD,오션 블루,15,15,27917
2026-09,south,TRN,2027,TRN-CO,2.5T 하이브리드,AWD,선셋 레드,12,12,22334
2026-09,south,TRN,2027,TRN-CO,2.5T 하이브리드,AWD,포레스트 그린,7,7,13959
2026-09,south,TRN,2027,TRN-CO,2.5T 하이브리드,AWD,샌드 베이지,7,7,13959
2026-09,south,TRN,2027,TRN-CO,2.5T 하이브리드,FWD,스노우 화이트,30,30,57075
2026-09,south,TRN,2027,TRN-CO,2.5T 하이브리드,FWD,미드나잇 블랙,24,24,45185
2026-09,south,TRN,2027,TRN-CO,2.5T 하이브리드,FWD,스틸 그레이,20,20,38050
2026-09,south,TRN,2027,TRN-CO,2.5T 하이브리드,FWD,실버,16,16,30916
2026-09,south,TRN,2027,TRN-CO,2.5T 하이브리드,FWD,오션 블루,12,13,23781
2026-09,south,TRN,2027,TRN-CO,2.5T 하이브리드,FWD,선셋 레드,10,10,19025
2026-09,south,TRN,2027,TRN-CO,2.5T 하이브리드,FWD,포레스트 그린,6,6,11891
2026-09,south,TRN,2027,TRN-CO,2.5T 하이브리드,FWD,샌드 베이지,6,6,11891
2026-09,south,TRN,2027,TRN-PR,3.5 가솔린,AWD,스노우 화이트,33,34,75957
2026-09,south,TRN,2027,TRN-PR,3.5 가솔린,AWD,미드나잇 블랙,26,27,60133
2026-09,south,TRN,2027,TRN-PR,3.5 가솔린,AWD,스틸 그레이,22,22,50638
2026-09,south,TRN,2027,TRN-PR,3.5 가솔린,AWD,실버,18,18,41143
2026-09,south,TRN,2027,TRN-PR,3.5 가솔린,AWD,오션 블루,14,14,31649
2026-09,south,TRN,2027,TRN-PR,3.5 가솔린,AWD,선셋 레드,11,11,25319
2026-09,south,TRN,2027,TRN-PR,3.5 가솔린,AWD,포레스트 그린,7,7,15824
2026-09,south,TRN,2027,TRN-PR,3.5 가솔린,AWD,샌드 베이지,7,7,15824
2026-09,south,TRN,2027,TRN-PR,3.5 가솔린,FWD,스노우 화이트,28,29,64704
2026-09,south,TRN,2027,TRN-PR,3.5 가솔린,FWD,미드나잇 블랙,22,23,51224
2026-09,south,TRN,2027,TRN-PR,3.5 가솔린,FWD,스틸 그레이,19,19,43136
2026-09,south,TRN,2027,TRN-PR,3.5 가솔린,FWD,실버,15,16,35048
2026-09,south,TRN,2027,TRN-PR,3.5 가솔린,FWD,오션 블루,12,12,26960
2026-09,south,TRN,2027,TRN-PR,3.5 가솔린,FWD,선셋 레드,9,10,21568
2026-09,south,TRN,2027,TRN-PR,3.5 가솔린,FWD,포레스트 그린,6,6,13480
2026-09,south,TRN,2027,TRN-PR,3.5 가솔린,FWD,샌드 베이지,6,6,13480
2026-09,south,TRN,2027,TRN-PR,2.5T 하이브리드,AWD,스노우 화이트,40,41,92837
2026-09,south,TRN,2027,TRN-PR,2.5T 하이브리드,AWD,미드나잇 블랙,32,33,73496
2026-09,south,TRN,2027,TRN-PR,2.5T 하이브리드,AWD,스틸 그레이,27,27,61891
2026-09,south,TRN,2027,TRN-PR,2.5T 하이브리드,AWD,실버,22,22,50286
2026-09,south,TRN,2027,TRN-PR,2.5T 하이브리드,AWD,오션 블루,17,17,38682
2026-09,south,TRN,2027,TRN-PR,2.5T 하이브리드,AWD,선셋 레드,13,14,30946
2026-09,south,TRN,2027,TRN-PR,2.5T 하이브리드,AWD,포레스트 그린,8,9,19341
2026-09,south,TRN,2027,TRN-PR,2.5T 하이브리드,AWD,샌드 베이지,8,9,19341
2026-09,south,TRN,2027,TRN-PR,2.5T 하이브리드,FWD,스노우 화이트,34,35,79083
2026-09,south,TRN,2027,TRN-PR,2.5T 하이브리드,FWD,미드나잇 블랙,27,28,62607
2026-09,south,TRN,2027,TRN-PR,2.5T 하이브리드,FWD,스틸 그레이,23,23,52722
2026-09,south,TRN,2027,TRN-PR,2.5T 하이브리드,FWD,실버,19,19,42837
2026-09,south,TRN,2027,TRN-PR,2.5T 하이브리드,FWD,오션 블루,14,15,32951
2026-09,south,TRN,2027,TRN-PR,2.5T 하이브리드,FWD,선셋 레드,11,12,26361
2026-09,south,TRN,2027,TRN-PR,2.5T 하이브리드,FWD,포레스트 그린,7,7,16476
2026-09,south,TRN,2027,TRN-PR,2.5T 하이브리드,FWD,샌드 베이지,7,7,16476
2026-09,south,TRN,2027,TRN-SU,3.5 가솔린,AWD,스노우 화이트,14,14,40010
2026-09,south,TRN,2027,TRN-SU,3.5 가솔린,AWD,미드나잇 블랙,11,11,31674
2026-09,south,TRN,2027,TRN-SU,3.5 가솔린,AWD,스틸 그레이,9,9,26673
2026-09,south,TRN,2027,TRN-SU,3.5 가솔린,AWD,실버,7,7,21672
2026-09,south,TRN,2027,TRN-SU,3.5 가솔린,AWD,오션 블루,6,6,16671
2026-09,south,TRN,2027,TRN-SU,3.5 가솔린,AWD,선셋 레드,5,5,13337
2026-09,south,TRN,2027,TRN-SU,3.5 가솔린,AWD,포레스트 그린,3,3,8335
2026-09,south,TRN,2027,TRN-SU,3.5 가솔린,AWD,샌드 베이지,3,3,8335
2026-09,south,TRN,2027,TRN-SU,3.5 가솔린,FWD,스노우 화이트,12,12,34082
2026-09,south,TRN,2027,TRN-SU,3.5 가솔린,FWD,미드나잇 블랙,9,9,26982
2026-09,south,TRN,2027,TRN-SU,3.5 가솔린,FWD,스틸 그레이,8,8,22722
2026-09,south,TRN,2027,TRN-SU,3.5 가솔린,FWD,실버,6,6,18461
2026-09,south,TRN,2027,TRN-SU,3.5 가솔린,FWD,오션 블루,5,5,14201
2026-09,south,TRN,2027,TRN-SU,3.5 가솔린,FWD,선셋 레드,4,4,11361
2026-09,south,TRN,2027,TRN-SU,3.5 가솔린,FWD,포레스트 그린,2,2,7100
2026-09,south,TRN,2027,TRN-SU,3.5 가솔린,FWD,샌드 베이지,2,2,7100
2026-09,south,TRN,2027,TRN-SU,2.5T 하이브리드,AWD,스노우 화이트,17,17,48901
2026-09,south,TRN,2027,TRN-SU,2.5T 하이브리드,AWD,미드나잇 블랙,13,13,38713
2026-09,south,TRN,2027,TRN-SU,2.5T 하이브리드,AWD,스틸 그레이,11,11,32600
2026-09,south,TRN,2027,TRN-SU,2.5T 하이브리드,AWD,실버,9,9,26488
2026-09,south,TRN,2027,TRN-SU,2.5T 하이브리드,AWD,오션 블루,7,7,20375
2026-09,south,TRN,2027,TRN-SU,2.5T 하이브리드,AWD,선셋 레드,6,6,16300
2026-09,south,TRN,2027,TRN-SU,2.5T 하이브리드,AWD,포레스트 그린,3,4,10188
2026-09,south,TRN,2027,TRN-SU,2.5T 하이브리드,AWD,샌드 베이지,3,4,10188
2026-09,south,TRN,2027,TRN-SU,2.5T 하이브리드,FWD,스노우 화이트,14,14,41656
2026-09,south,TRN,2027,TRN-SU,2.5T 하이브리드,FWD,미드나잇 블랙,11,11,32978
2026-09,south,TRN,2027,TRN-SU,2.5T 하이브리드,FWD,스틸 그레이,9,10,27771
2026-09,south,TRN,2027,TRN-SU,2.5T 하이브리드,FWD,실버,8,8,22564
2026-09,south,TRN,2027,TRN-SU,2.5T 하이브리드,FWD,오션 블루,6,6,17357
2026-09,south,TRN,2027,TRN-SU,2.5T 하이브리드,FWD,선셋 레드,5,5,13885
2026-09,south,TRN,2027,TRN-SU,2.5T 하이브리드,FWD,포레스트 그린,3,3,8678
2026-09,south,TRN,2027,TRN-SU,2.5T 하이브리드,FWD,샌드 베이지,3,3,8678
2026-09,northeast,TRN,2026,TRN-CO,3.5 가솔린,AWD,스노우 화이트,58,59,111784
2026-09,northeast,TRN,2026,TRN-CO,3.5 가솔린,AWD,미드나잇 블랙,46,47,88496
2026-09,northeast,TRN,2026,TRN-CO,3.5 가솔린,AWD,스틸 그레이,39,40,74523
2026-09,northeast,TRN,2026,TRN-CO,3.5 가솔린,AWD,실버,32,32,60550
2026-09,northeast,TRN,2026,TRN-CO,3.5 가솔린,AWD,오션 블루,24,25,46577
2026-09,northeast,TRN,2026,TRN-CO,3.5 가솔린,AWD,선셋 레드,19,20,37261
2026-09,northeast,TRN,2026,TRN-CO,3.5 가솔린,AWD,포레스트 그린,12,12,23288
2026-09,northeast,TRN,2026,TRN-CO,3.5 가솔린,AWD,샌드 베이지,12,12,23288
2026-09,northeast,TRN,2026,TRN-CO,3.5 가솔린,FWD,스노우 화이트,3,3,5883
2026-09,northeast,TRN,2026,TRN-CO,3.5 가솔린,FWD,미드나잇 블랙,2,2,4658
2026-09,northeast,TRN,2026,TRN-CO,3.5 가솔린,FWD,스틸 그레이,2,2,3922
2026-09,northeast,TRN,2026,TRN-CO,3.5 가솔린,FWD,실버,2,2,3187
2026-09,northeast,TRN,2026,TRN-CO,3.5 가솔린,FWD,오션 블루,1,1,2451
2026-09,northeast,TRN,2026,TRN-CO,3.5 가솔린,FWD,선셋 레드,1,1,1961
2026-09,northeast,TRN,2026,TRN-CO,3.5 가솔린,FWD,포레스트 그린,1,1,1226
2026-09,northeast,TRN,2026,TRN-CO,3.5 가솔린,FWD,샌드 베이지,1,1,1226
2026-09,northeast,TRN,2026,TRN-CO,2.5T 하이브리드,AWD,스노우 화이트,71,73,136625
2026-09,northeast,TRN,2026,TRN-CO,2.5T 하이브리드,AWD,미드나잇 블랙,56,57,108162
2026-09,northeast,TRN,2026,TRN-CO,2.5T 하이브리드,AWD,스틸 그레이,47,48,91083
2026-09,northeast,TRN,2026,TRN-CO,2.5T 하이브리드,AWD,실버,39,39,74005
2026-09,northeast,TRN,2026,TRN-CO,2.5T 하이브리드,AWD,오션 블루,30,30,56927
2026-09,northeast,TRN,2026,TRN-CO,2.5T 하이브리드,AWD,선셋 레드,24,24,45542
2026-09,northeast,TRN,2026,TRN-CO,2.5T 하이브리드,AWD,포레스트 그린,15,15,28464
2026-09,northeast,TRN,2026,TRN-CO,2.5T 하이브리드,AWD,샌드 베이지,15,15,28464
2026-09,northeast,TRN,2026,TRN-CO,2.5T 하이브리드,FWD,스노우 화이트,4,4,7191
2026-09,northeast,TRN,2026,TRN-CO,2.5T 하이브리드,FWD,미드나잇 블랙,3,3,5693
2026-09,northeast,TRN,2026,TRN-CO,2.5T 하이브리드,FWD,스틸 그레이,2,3,4794
2026-09,northeast,TRN,2026,TRN-CO,2.5T 하이브리드,FWD,실버,2,2,3895
2026-09,northeast,TRN,2026,TRN-CO,2.5T 하이브리드,FWD,오션 블루,2,2,2996
2026-09,northeast,TRN,2026,TRN-CO,2.5T 하이브리드,FWD,선셋 레드,1,1,2397
2026-09,northeast,TRN,2026,TRN-CO,2.5T 하이브리드,FWD,포레스트 그린,1,1,1498
2026-09,northeast,TRN,2026,TRN-CO,2.5T 하이브리드,FWD,샌드 베이지,1,1,1498
2026-09,northeast,TRN,2026,TRN-PR,3.5 가솔린,AWD,스노우 화이트,67,69,154888
2026-09,northeast,TRN,2026,TRN-PR,3.5 가솔린,AWD,미드나잇 블랙,53,54,122619
2026-09,northeast,TRN,2026,TRN-PR,3.5 가솔린,AWD,스틸 그레이,45,46,103258
2026-09,northeast,TRN,2026,TRN-PR,3.5 가솔린,AWD,실버,37,37,83897
2026-09,northeast,TRN,2026,TRN-PR,3.5 가솔린,AWD,오션 블루,28,29,64536
2026-09,northeast,TRN,2026,TRN-PR,3.5 가솔린,AWD,선셋 레드,22,23,51629
2026-09,northeast,TRN,2026,TRN-PR,3.5 가솔린,AWD,포레스트 그린,14,14,32268
2026-09,northeast,TRN,2026,TRN-PR,3.5 가솔린,AWD,샌드 베이지,14,14,32268
2026-09,northeast,TRN,2026,TRN-PR,3.5 가솔린,FWD,스노우 화이트,4,4,8152
2026-09,northeast,TRN,2026,TRN-PR,3.5 가솔린,FWD,미드나잇 블랙,3,3,6454
2026-09,northeast,TRN,2026,TRN-PR,3.5 가솔린,FWD,스틸 그레이,2,2,5435
2026-09,northeast,TRN,2026,TRN-PR,3.5 가솔린,FWD,실버,2,2,4416
2026-09,northeast,TRN,2026,TRN-PR,3.5 가솔린,FWD,오션 블루,1,2,3397
2026-09,northeast,TRN,2026,TRN-PR,3.5 가솔린,FWD,선셋 레드,1,1,2717
2026-09,northeast,TRN,2026,TRN-PR,3.5 가솔린,FWD,포레스트 그린,1,1,1698
2026-09,northeast,TRN,2026,TRN-PR,3.5 가솔린,FWD,샌드 베이지,1,1,1698
2026-09,northeast,TRN,2026,TRN-PR,2.5T 하이브리드,AWD,스노우 화이트,82,84,189307
2026-09,northeast,TRN,2026,TRN-PR,2.5T 하이브리드,AWD,미드나잇 블랙,65,67,149868
2026-09,northeast,TRN,2026,TRN-PR,2.5T 하이브리드,AWD,스틸 그레이,55,56,126205
2026-09,northeast,TRN,2026,TRN-PR,2.5T 하이브리드,AWD,실버,45,46,102541
2026-09,northeast,TRN,2026,TRN-PR,2.5T 하이브리드,AWD,오션 블루,34,35,78878
2026-09,northeast,TRN,2026,TRN-PR,2.5T 하이브리드,AWD,선셋 레드,27,28,63102
2026-09,northeast,TRN,2026,TRN-PR,2.5T 하이브리드,AWD,포레스트 그린,17,18,39439
2026-09,northeast,TRN,2026,TRN-PR,2.5T 하이브리드,AWD,샌드 베이지,17,18,39439
2026-09,northeast,TRN,2026,TRN-PR,2.5T 하이브리드,FWD,스노우 화이트,4,4,9964
2026-09,northeast,TRN,2026,TRN-PR,2.5T 하이브리드,FWD,미드나잇 블랙,3,4,7888
2026-09,northeast,TRN,2026,TRN-PR,2.5T 하이브리드,FWD,스틸 그레이,3,3,6642
2026-09,northeast,TRN,2026,TRN-PR,2.5T 하이브리드,FWD,실버,2,2,5397
2026-09,northeast,TRN,2026,TRN-PR,2.5T 하이브리드,FWD,오션 블루,2,2,4151
2026-09,northeast,TRN,2026,TRN-PR,2.5T 하이브리드,FWD,선셋 레드,1,1,3321
2026-09,northeast,TRN,2026,TRN-PR,2.5T 하이브리드,FWD,포레스트 그린,1,1,2076
2026-09,northeast,TRN,2026,TRN-PR,2.5T 하이브리드,FWD,샌드 베이지,1,1,2076
2026-09,northeast,TRN,2026,TRN-SU,3.5 가솔린,AWD,스노우 화이트,28,28,81585
2026-09,northeast,TRN,2026,TRN-SU,3.5 가솔린,AWD,미드나잇 블랙,22,22,64588
2026-09,northeast,TRN,2026,TRN-SU,3.5 가솔린,AWD,스틸 그레이,18,19,54390
2026-09,northeast,TRN,2026,TRN-SU,3.5 가솔린,AWD,실버,15,15,44192
2026-09,northeast,TRN,2026,TRN-SU,3.5 가솔린,AWD,오션 블루,11,12,33994
2026-09,northeast,TRN,2026,TRN-SU,3.5 가솔린,AWD,선셋 레드,9,9,27195
2026-09,northeast,TRN,2026,TRN-SU,3.5 가솔린,AWD,포레스트 그린,6,6,16997
2026-09,northeast,TRN,2026,TRN-SU,3.5 가솔린,AWD,샌드 베이지,6,6,16997
2026-09,northeast,TRN,2026,TRN-SU,3.5 가솔린,FWD,스노우 화이트,1,1,4294
2026-09,northeast,TRN,2026,TRN-SU,3.5 가솔린,FWD,미드나잇 블랙,1,1,3399
2026-09,northeast,TRN,2026,TRN-SU,3.5 가솔린,FWD,스틸 그레이,1,1,2863
2026-09,northeast,TRN,2026,TRN-SU,3.5 가솔린,FWD,실버,1,1,2326
2026-09,northeast,TRN,2026,TRN-SU,3.5 가솔린,FWD,오션 블루,1,1,1789
2026-09,northeast,TRN,2026,TRN-SU,2.5T 하이브리드,AWD,스노우 화이트,34,34,99715
2026-09,northeast,TRN,2026,TRN-SU,2.5T 하이브리드,AWD,미드나잇 블랙,27,27,78941
2026-09,northeast,TRN,2026,TRN-SU,2.5T 하이브리드,AWD,스틸 그레이,22,23,66477
2026-09,northeast,TRN,2026,TRN-SU,2.5T 하이브리드,AWD,실버,18,19,54012
2026-09,northeast,TRN,2026,TRN-SU,2.5T 하이브리드,AWD,오션 블루,14,14,41548
2026-09,northeast,TRN,2026,TRN-SU,2.5T 하이브리드,AWD,선셋 레드,11,11,33238
2026-09,northeast,TRN,2026,TRN-SU,2.5T 하이브리드,AWD,포레스트 그린,7,7,20774
2026-09,northeast,TRN,2026,TRN-SU,2.5T 하이브리드,AWD,샌드 베이지,7,7,20774
2026-09,northeast,TRN,2026,TRN-SU,2.5T 하이브리드,FWD,스노우 화이트,2,2,5248
2026-09,northeast,TRN,2026,TRN-SU,2.5T 하이브리드,FWD,미드나잇 블랙,1,1,4155
2026-09,northeast,TRN,2026,TRN-SU,2.5T 하이브리드,FWD,스틸 그레이,1,1,3499
2026-09,northeast,TRN,2026,TRN-SU,2.5T 하이브리드,FWD,실버,1,1,2843
2026-09,northeast,TRN,2026,TRN-SU,2.5T 하이브리드,FWD,오션 블루,1,1,2187
2026-09,northeast,TRN,2026,TRN-SU,2.5T 하이브리드,FWD,선셋 레드,1,1,1749
2026-09,northeast,TRN,2027,TRN-CO,3.5 가솔린,AWD,스노우 화이트,39,40,74523
2026-09,northeast,TRN,2027,TRN-CO,3.5 가솔린,AWD,미드나잇 블랙,31,31,58997
2026-09,northeast,TRN,2027,TRN-CO,3.5 가솔린,AWD,스틸 그레이,26,26,49682
2026-09,northeast,TRN,2027,TRN-CO,3.5 가솔린,AWD,실버,21,21,40367
2026-09,northeast,TRN,2027,TRN-CO,3.5 가솔린,AWD,오션 블루,16,17,31051
2026-09,northeast,TRN,2027,TRN-CO,3.5 가솔린,AWD,선셋 레드,13,13,24841
2026-09,northeast,TRN,2027,TRN-CO,3.5 가솔린,AWD,포레스트 그린,8,8,15526
2026-09,northeast,TRN,2027,TRN-CO,3.5 가솔린,AWD,샌드 베이지,8,8,15526
2026-09,northeast,TRN,2027,TRN-CO,3.5 가솔린,FWD,스노우 화이트,2,2,3922
2026-09,northeast,TRN,2027,TRN-CO,3.5 가솔린,FWD,미드나잇 블랙,2,2,3105
2026-09,northeast,TRN,2027,TRN-CO,3.5 가솔린,FWD,스틸 그레이,1,1,2615
2026-09,northeast,TRN,2027,TRN-CO,3.5 가솔린,FWD,실버,1,1,2125
2026-09,northeast,TRN,2027,TRN-CO,3.5 가솔린,FWD,오션 블루,1,1,1634
2026-09,northeast,TRN,2027,TRN-CO,3.5 가솔린,FWD,선셋 레드,1,1,1307
2026-09,northeast,TRN,2027,TRN-CO,2.5T 하이브리드,AWD,스노우 화이트,47,48,91083
2026-09,northeast,TRN,2027,TRN-CO,2.5T 하이브리드,AWD,미드나잇 블랙,38,38,72108
2026-09,northeast,TRN,2027,TRN-CO,2.5T 하이브리드,AWD,스틸 그레이,32,32,60722
2026-09,northeast,TRN,2027,TRN-CO,2.5T 하이브리드,AWD,실버,26,26,49337
2026-09,northeast,TRN,2027,TRN-CO,2.5T 하이브리드,AWD,오션 블루,20,20,37951
2026-09,northeast,TRN,2027,TRN-CO,2.5T 하이브리드,AWD,선셋 레드,16,16,30361
2026-09,northeast,TRN,2027,TRN-CO,2.5T 하이브리드,AWD,포레스트 그린,10,10,18976
2026-09,northeast,TRN,2027,TRN-CO,2.5T 하이브리드,AWD,샌드 베이지,10,10,18976
2026-09,northeast,TRN,2027,TRN-CO,2.5T 하이브리드,FWD,스노우 화이트,2,3,4794
2026-09,northeast,TRN,2027,TRN-CO,2.5T 하이브리드,FWD,미드나잇 블랙,2,2,3795
2026-09,northeast,TRN,2027,TRN-CO,2.5T 하이브리드,FWD,스틸 그레이,2,2,3196
2026-09,northeast,TRN,2027,TRN-CO,2.5T 하이브리드,FWD,실버,1,1,2597
2026-09,northeast,TRN,2027,TRN-CO,2.5T 하이브리드,FWD,오션 블루,1,1,1997
2026-09,northeast,TRN,2027,TRN-CO,2.5T 하이브리드,FWD,선셋 레드,1,1,1598
2026-09,northeast,TRN,2027,TRN-CO,2.5T 하이브리드,FWD,포레스트 그린,1,1,999
2026-09,northeast,TRN,2027,TRN-CO,2.5T 하이브리드,FWD,샌드 베이지,1,1,999
2026-09,northeast,TRN,2027,TRN-PR,3.5 가솔린,AWD,스노우 화이트,45,46,103258
2026-09,northeast,TRN,2027,TRN-PR,3.5 가솔린,AWD,미드나잇 블랙,36,36,81746
2026-09,northeast,TRN,2027,TRN-PR,3.5 가솔린,AWD,스틸 그레이,30,31,68839
2026-09,northeast,TRN,2027,TRN-PR,3.5 가솔린,AWD,실버,24,25,55932
2026-09,northeast,TRN,2027,TRN-PR,3.5 가솔린,AWD,오션 블루,19,19,43024
2026-09,northeast,TRN,2027,TRN-PR,3.5 가솔린,AWD,선셋 레드,15,15,34419
2026-09,northeast,TRN,2027,TRN-PR,3.5 가솔린,AWD,포레스트 그린,9,10,21512
2026-09,northeast,TRN,2027,TRN-PR,3.5 가솔린,AWD,샌드 베이지,9,10,21512
2026-09,northeast,TRN,2027,TRN-PR,3.5 가솔린,FWD,스노우 화이트,2,2,5435
2026-09,northeast,TRN,2027,TRN-PR,3.5 가솔린,FWD,미드나잇 블랙,2,2,4302
2026-09,northeast,TRN,2027,TRN-PR,3.5 가솔린,FWD,스틸 그레이,2,2,3623
2026-09,northeast,TRN,2027,TRN-PR,3.5 가솔린,FWD,실버,1,1,2944
2026-09,northeast,TRN,2027,TRN-PR,3.5 가솔린,FWD,오션 블루,1,1,2264
2026-09,northeast,TRN,2027,TRN-PR,3.5 가솔린,FWD,선셋 레드,1,1,1812
2026-09,northeast,TRN,2027,TRN-PR,2.5T 하이브리드,AWD,스노우 화이트,55,56,126205
2026-09,northeast,TRN,2027,TRN-PR,2.5T 하이브리드,AWD,미드나잇 블랙,44,44,99912
2026-09,northeast,TRN,2027,TRN-PR,2.5T 하이브리드,AWD,스틸 그레이,37,37,84136
2026-09,northeast,TRN,2027,TRN-PR,2.5T 하이브리드,AWD,실버,30,30,68361
2026-09,northeast,TRN,2027,TRN-PR,2.5T 하이브리드,AWD,오션 블루,23,23,52585
2026-09,northeast,TRN,2027,TRN-PR,2.5T 하이브리드,AWD,선셋 레드,18,19,42068
2026-09,northeast,TRN,2027,TRN-PR,2.5T 하이브리드,AWD,포레스트 그린,11,12,26293
2026-09,northeast,TRN,2027,TRN-PR,2.5T 하이브리드,AWD,샌드 베이지,11,12,26293
2026-09,northeast,TRN,2027,TRN-PR,2.5T 하이브리드,FWD,스노우 화이트,3,3,6642
2026-09,northeast,TRN,2027,TRN-PR,2.5T 하이브리드,FWD,미드나잇 블랙,2,2,5259
2026-09,northeast,TRN,2027,TRN-PR,2.5T 하이브리드,FWD,스틸 그레이,2,2,4428
2026-09,northeast,TRN,2027,TRN-PR,2.5T 하이브리드,FWD,실버,2,2,3598
2026-09,northeast,TRN,2027,TRN-PR,2.5T 하이브리드,FWD,오션 블루,1,1,2768
2026-09,northeast,TRN,2027,TRN-PR,2.5T 하이브리드,FWD,선셋 레드,1,1,2214
2026-09,northeast,TRN,2027,TRN-PR,2.5T 하이브리드,FWD,포레스트 그린,1,1,1384
2026-09,northeast,TRN,2027,TRN-PR,2.5T 하이브리드,FWD,샌드 베이지,1,1,1384
2026-09,northeast,TRN,2027,TRN-SU,3.5 가솔린,AWD,스노우 화이트,18,19,54390
2026-09,northeast,TRN,2027,TRN-SU,3.5 가솔린,AWD,미드나잇 블랙,15,15,43059
2026-09,northeast,TRN,2027,TRN-SU,3.5 가솔린,AWD,스틸 그레이,12,13,36260
2026-09,northeast,TRN,2027,TRN-SU,3.5 가솔린,AWD,실버,10,10,29461
2026-09,northeast,TRN,2027,TRN-SU,3.5 가솔린,AWD,오션 블루,8,8,22663
2026-09,northeast,TRN,2027,TRN-SU,3.5 가솔린,AWD,선셋 레드,6,6,18130
2026-09,northeast,TRN,2027,TRN-SU,3.5 가솔린,AWD,포레스트 그린,4,4,11331
2026-09,northeast,TRN,2027,TRN-SU,3.5 가솔린,AWD,샌드 베이지,4,4,11331
2026-09,northeast,TRN,2027,TRN-SU,3.5 가솔린,FWD,스노우 화이트,1,1,2863
2026-09,northeast,TRN,2027,TRN-SU,3.5 가솔린,FWD,미드나잇 블랙,1,1,2266
2026-09,northeast,TRN,2027,TRN-SU,3.5 가솔린,FWD,스틸 그레이,1,1,1908
2026-09,northeast,TRN,2027,TRN-SU,3.5 가솔린,FWD,실버,1,1,1551
2026-09,northeast,TRN,2027,TRN-SU,2.5T 하이브리드,AWD,스노우 화이트,22,23,66477
2026-09,northeast,TRN,2027,TRN-SU,2.5T 하이브리드,AWD,미드나잇 블랙,18,18,52628
2026-09,northeast,TRN,2027,TRN-SU,2.5T 하이브리드,AWD,스틸 그레이,15,15,44318
2026-09,northeast,TRN,2027,TRN-SU,2.5T 하이브리드,AWD,실버,12,12,36008
2026-09,northeast,TRN,2027,TRN-SU,2.5T 하이브리드,AWD,오션 블루,9,10,27699
2026-09,northeast,TRN,2027,TRN-SU,2.5T 하이브리드,AWD,선셋 레드,7,8,22159
2026-09,northeast,TRN,2027,TRN-SU,2.5T 하이브리드,AWD,포레스트 그린,5,5,13849
2026-09,northeast,TRN,2027,TRN-SU,2.5T 하이브리드,AWD,샌드 베이지,5,5,13849
2026-09,northeast,TRN,2027,TRN-SU,2.5T 하이브리드,FWD,스노우 화이트,1,1,3499
2026-09,northeast,TRN,2027,TRN-SU,2.5T 하이브리드,FWD,미드나잇 블랙,1,1,2770
2026-09,northeast,TRN,2027,TRN-SU,2.5T 하이브리드,FWD,스틸 그레이,1,1,2333
2026-09,northeast,TRN,2027,TRN-SU,2.5T 하이브리드,FWD,실버,1,1,1895
2026-09,southeast,TRN,2026,TRN-CO,3.5 가솔린,AWD,스노우 화이트,41,42,79426
2026-09,southeast,TRN,2026,TRN-CO,3.5 가솔린,AWD,미드나잇 블랙,33,33,62879
2026-09,southeast,TRN,2026,TRN-CO,3.5 가솔린,AWD,스틸 그레이,28,28,52950
2026-09,southeast,TRN,2026,TRN-CO,3.5 가솔린,AWD,실버,22,23,43022
2026-09,southeast,TRN,2026,TRN-CO,3.5 가솔린,AWD,오션 블루,17,18,33094
2026-09,southeast,TRN,2026,TRN-CO,3.5 가솔린,AWD,선셋 레드,14,14,26475
2026-09,southeast,TRN,2026,TRN-CO,3.5 가솔린,AWD,포레스트 그린,9,9,16547
2026-09,southeast,TRN,2026,TRN-CO,3.5 가솔린,AWD,샌드 베이지,9,9,16547
2026-09,southeast,TRN,2026,TRN-CO,3.5 가솔린,FWD,스노우 화이트,24,24,45164
2026-09,southeast,TRN,2026,TRN-CO,3.5 가솔린,FWD,미드나잇 블랙,19,19,35754
2026-09,southeast,TRN,2026,TRN-CO,3.5 가솔린,FWD,스틸 그레이,16,16,30109
2026-09,southeast,TRN,2026,TRN-CO,3.5 가솔린,FWD,실버,13,13,24464
2026-09,southeast,TRN,2026,TRN-CO,3.5 가솔린,FWD,오션 블루,10,10,18818
2026-09,southeast,TRN,2026,TRN-CO,3.5 가솔린,FWD,선셋 레드,8,8,15055
2026-09,southeast,TRN,2026,TRN-CO,3.5 가솔린,FWD,포레스트 그린,5,5,9409
2026-09,southeast,TRN,2026,TRN-CO,3.5 가솔린,FWD,샌드 베이지,5,5,9409
2026-09,southeast,TRN,2026,TRN-CO,2.5T 하이브리드,AWD,스노우 화이트,51,52,97076
2026-09,southeast,TRN,2026,TRN-CO,2.5T 하이브리드,AWD,미드나잇 블랙,40,41,76852
2026-09,southeast,TRN,2026,TRN-CO,2.5T 하이브리드,AWD,스틸 그레이,34,34,64717
2026-09,southeast,TRN,2026,TRN-CO,2.5T 하이브리드,AWD,실버,27,28,52583
2026-09,southeast,TRN,2026,TRN-CO,2.5T 하이브리드,AWD,오션 블루,21,22,40448
2026-09,southeast,TRN,2026,TRN-CO,2.5T 하이브리드,AWD,선셋 레드,17,17,32359
2026-09,southeast,TRN,2026,TRN-CO,2.5T 하이브리드,AWD,포레스트 그린,11,11,20224
2026-09,southeast,TRN,2026,TRN-CO,2.5T 하이브리드,AWD,샌드 베이지,11,11,20224
2026-09,southeast,TRN,2026,TRN-CO,2.5T 하이브리드,FWD,스노우 화이트,29,29,55200
2026-09,southeast,TRN,2026,TRN-CO,2.5T 하이브리드,FWD,미드나잇 블랙,23,23,43700
2026-09,southeast,TRN,2026,TRN-CO,2.5T 하이브리드,FWD,스틸 그레이,19,20,36800
2026-09,southeast,TRN,2026,TRN-CO,2.5T 하이브리드,FWD,실버,16,16,29900
2026-09,southeast,TRN,2026,TRN-CO,2.5T 하이브리드,FWD,오션 블루,12,12,23000
2026-09,southeast,TRN,2026,TRN-CO,2.5T 하이브리드,FWD,선셋 레드,10,10,18400
2026-09,southeast,TRN,2026,TRN-CO,2.5T 하이브리드,FWD,포레스트 그린,6,6,11500
2026-09,southeast,TRN,2026,TRN-CO,2.5T 하이브리드,FWD,샌드 베이지,6,6,11500
2026-09,southeast,TRN,2026,TRN-PR,3.5 가솔린,AWD,스노우 화이트,48,49,110052
2026-09,southeast,TRN,2026,TRN-PR,3.5 가솔린,AWD,미드나잇 블랙,38,39,87124
2026-09,southeast,TRN,2026,TRN-PR,3.5 가솔린,AWD,스틸 그레이,32,33,73368
2026-09,southeast,TRN,2026,TRN-PR,3.5 가솔린,AWD,실버,26,26,59611
2026-09,southeast,TRN,2026,TRN-PR,3.5 가솔린,AWD,오션 블루,20,20,45855
2026-09,southeast,TRN,2026,TRN-PR,3.5 가솔린,AWD,선셋 레드,16,16,36684
2026-09,southeast,TRN,2026,TRN-PR,3.5 가솔린,AWD,포레스트 그린,10,10,22927
2026-09,southeast,TRN,2026,TRN-PR,3.5 가솔린,AWD,샌드 베이지,10,10,22927
2026-09,southeast,TRN,2026,TRN-PR,3.5 가솔린,FWD,스노우 화이트,27,28,62578
2026-09,southeast,TRN,2026,TRN-PR,3.5 가솔린,FWD,미드나잇 블랙,22,22,49541
2026-09,southeast,TRN,2026,TRN-PR,3.5 가솔린,FWD,스틸 그레이,18,19,41719
2026-09,southeast,TRN,2026,TRN-PR,3.5 가솔린,FWD,실버,15,15,33897
2026-09,southeast,TRN,2026,TRN-PR,3.5 가솔린,FWD,오션 블루,11,12,26074
2026-09,southeast,TRN,2026,TRN-PR,3.5 가솔린,FWD,선셋 레드,9,9,20859
2026-09,southeast,TRN,2026,TRN-PR,3.5 가솔린,FWD,포레스트 그린,6,6,13037
2026-09,southeast,TRN,2026,TRN-PR,3.5 가솔린,FWD,샌드 베이지,6,6,13037
2026-09,southeast,TRN,2026,TRN-PR,2.5T 하이브리드,AWD,스노우 화이트,59,60,134508
2026-09,southeast,TRN,2026,TRN-PR,2.5T 하이브리드,AWD,미드나잇 블랙,46,47,106485
2026-09,southeast,TRN,2026,TRN-PR,2.5T 하이브리드,AWD,스틸 그레이,39,40,89672
2026-09,southeast,TRN,2026,TRN-PR,2.5T 하이브리드,AWD,실버,32,32,72858
2026-09,southeast,TRN,2026,TRN-PR,2.5T 하이브리드,AWD,오션 블루,24,25,56045
2026-09,southeast,TRN,2026,TRN-PR,2.5T 하이브리드,AWD,선셋 레드,20,20,44836
2026-09,southeast,TRN,2026,TRN-PR,2.5T 하이브리드,AWD,포레스트 그린,12,12,28022
2026-09,southeast,TRN,2026,TRN-PR,2.5T 하이브리드,AWD,샌드 베이지,12,12,28022
2026-09,southeast,TRN,2026,TRN-PR,2.5T 하이브리드,FWD,스노우 화이트,33,34,76485
2026-09,southeast,TRN,2026,TRN-PR,2.5T 하이브리드,FWD,미드나잇 블랙,26,27,60550
2026-09,southeast,TRN,2026,TRN-PR,2.5T 하이브리드,FWD,스틸 그레이,22,23,50990
2026-09,southeast,TRN,2026,TRN-PR,2.5T 하이브리드,FWD,실버,18,18,41429
2026-09,southeast,TRN,2026,TRN-PR,2.5T 하이브리드,FWD,오션 블루,14,14,31869
2026-09,southeast,TRN,2026,TRN-PR,2.5T 하이브리드,FWD,선셋 레드,11,11,25495
2026-09,southeast,TRN,2026,TRN-PR,2.5T 하이브리드,FWD,포레스트 그린,7,7,15934
2026-09,southeast,TRN,2026,TRN-PR,2.5T 하이브리드,FWD,샌드 베이지,7,7,15934
2026-09,southeast,TRN,2026,TRN-SU,3.5 가솔린,AWD,스노우 화이트,20,20,57968
2026-09,southeast,TRN,2026,TRN-SU,3.5 가솔린,AWD,미드나잇 블랙,16,16,45892
2026-09,southeast,TRN,2026,TRN-SU,3.5 가솔린,AWD,스틸 그레이,13,13,38646
2026-09,southeast,TRN,2026,TRN-SU,3.5 가솔린,AWD,실버,11,11,31400
2026-09,southeast,TRN,2026,TRN-SU,3.5 가솔린,AWD,오션 블루,8,8,24154
2026-09,southeast,TRN,2026,TRN-SU,3.5 가솔린,AWD,선셋 레드,7,7,19323
2026-09,southeast,TRN,2026,TRN-SU,3.5 가솔린,AWD,포레스트 그린,4,4,12077
2026-09,southeast,TRN,2026,TRN-SU,3.5 가솔린,AWD,샌드 베이지,4,4,12077
2026-09,southeast,TRN,2026,TRN-SU,3.5 가솔린,FWD,스노우 화이트,11,11,32962
2026-09,southeast,TRN,2026,TRN-SU,3.5 가솔린,FWD,미드나잇 블랙,9,9,26095
2026-09,southeast,TRN,2026,TRN-SU,3.5 가솔린,FWD,스틸 그레이,7,8,21975
2026-09,southeast,TRN,2026,TRN-SU,3.5 가솔린,FWD,실버,6,6,17855
2026-09,southeast,TRN,2026,TRN-SU,3.5 가솔린,FWD,오션 블루,5,5,13734
2026-09,southeast,TRN,2026,TRN-SU,3.5 가솔린,FWD,선셋 레드,4,4,10987
2026-09,southeast,TRN,2026,TRN-SU,3.5 가솔린,FWD,포레스트 그린,2,2,6867
2026-09,southeast,TRN,2026,TRN-SU,3.5 가솔린,FWD,샌드 베이지,2,2,6867
2026-09,southeast,TRN,2026,TRN-SU,2.5T 하이브리드,AWD,스노우 화이트,24,24,70850
2026-09,southeast,TRN,2026,TRN-SU,2.5T 하이브리드,AWD,미드나잇 블랙,19,19,56090
2026-09,southeast,TRN,2026,TRN-SU,2.5T 하이브리드,AWD,스틸 그레이,16,16,47234
2026-09,southeast,TRN,2026,TRN-SU,2.5T 하이브리드,AWD,실버,13,13,38377
2026-09,southeast,TRN,2026,TRN-SU,2.5T 하이브리드,AWD,오션 블루,10,10,29521
2026-09,southeast,TRN,2026,TRN-SU,2.5T 하이브리드,AWD,선셋 레드,8,8,23617
2026-09,southeast,TRN,2026,TRN-SU,2.5T 하이브리드,AWD,포레스트 그린,5,5,14760
2026-09,southeast,TRN,2026,TRN-SU,2.5T 하이브리드,AWD,샌드 베이지,5,5,14760
2026-09,southeast,TRN,2026,TRN-SU,2.5T 하이브리드,FWD,스노우 화이트,14,14,40287
2026-09,southeast,TRN,2026,TRN-SU,2.5T 하이브리드,FWD,미드나잇 블랙,11,11,31894
2026-09,southeast,TRN,2026,TRN-SU,2.5T 하이브리드,FWD,스틸 그레이,9,9,26858
2026-09,southeast,TRN,2026,TRN-SU,2.5T 하이브리드,FWD,실버,7,8,21822
2026-09,southeast,TRN,2026,TRN-SU,2.5T 하이브리드,FWD,오션 블루,6,6,16786
2026-09,southeast,TRN,2026,TRN-SU,2.5T 하이브리드,FWD,선셋 레드,5,5,13429
2026-09,southeast,TRN,2026,TRN-SU,2.5T 하이브리드,FWD,포레스트 그린,3,3,8393
2026-09,southeast,TRN,2026,TRN-SU,2.5T 하이브리드,FWD,샌드 베이지,3,3,8393
2026-09,southeast,TRN,2027,TRN-CO,3.5 가솔린,AWD,스노우 화이트,28,28,52950
2026-09,southeast,TRN,2027,TRN-CO,3.5 가솔린,AWD,미드나잇 블랙,22,22,41919
2026-09,southeast,TRN,2027,TRN-CO,3.5 가솔린,AWD,스틸 그레이,18,19,35300
2026-09,southeast,TRN,2027,TRN-CO,3.5 가솔린,AWD,실버,15,15,28681
2026-09,southeast,TRN,2027,TRN-CO,3.5 가솔린,AWD,오션 블루,11,12,22063
2026-09,southeast,TRN,2027,TRN-CO,3.5 가솔린,AWD,선셋 레드,9,9,17650
2026-09,southeast,TRN,2027,TRN-CO,3.5 가솔린,AWD,포레스트 그린,6,6,11031
2026-09,southeast,TRN,2027,TRN-CO,3.5 가솔린,AWD,샌드 베이지,6,6,11031
2026-09,southeast,TRN,2027,TRN-CO,3.5 가솔린,FWD,스노우 화이트,16,16,30109
2026-09,southeast,TRN,2027,TRN-CO,3.5 가솔린,FWD,미드나잇 블랙,12,13,23836
2026-09,southeast,TRN,2027,TRN-CO,3.5 가솔린,FWD,스틸 그레이,10,11,20073
2026-09,southeast,TRN,2027,TRN-CO,3.5 가솔린,FWD,실버,8,9,16309
2026-09,southeast,TRN,2027,TRN-CO,3.5 가솔린,FWD,오션 블루,7,7,12545
2026-09,southeast,TRN,2027,TRN-CO,3.5 가솔린,FWD,선셋 레드,5,5,10036
2026-09,southeast,TRN,2027,TRN-CO,3.5 가솔린,FWD,포레스트 그린,3,3,6273
2026-09,southeast,TRN,2027,TRN-CO,3.5 가솔린,FWD,샌드 베이지,3,3,6273
2026-09,southeast,TRN,2027,TRN-CO,2.5T 하이브리드,AWD,스노우 화이트,34,34,64717
2026-09,southeast,TRN,2027,TRN-CO,2.5T 하이브리드,AWD,미드나잇 블랙,27,27,51234
2026-09,southeast,TRN,2027,TRN-CO,2.5T 하이브리드,AWD,스틸 그레이,22,23,43145
2026-09,southeast,TRN,2027,TRN-CO,2.5T 하이브리드,AWD,실버,18,19,35055
2026-09,southeast,TRN,2027,TRN-CO,2.5T 하이브리드,AWD,오션 블루,14,14,26965
2026-09,southeast,TRN,2027,TRN-CO,2.5T 하이브리드,AWD,선셋 레드,11,11,21572
2026-09,southeast,TRN,2027,TRN-CO,2.5T 하이브리드,AWD,포레스트 그린,7,7,13483
2026-09,southeast,TRN,2027,TRN-CO,2.5T 하이브리드,AWD,샌드 베이지,7,7,13483
2026-09,southeast,TRN,2027,TRN-CO,2.5T 하이브리드,FWD,스노우 화이트,19,20,36800
2026-09,southeast,TRN,2027,TRN-CO,2.5T 하이브리드,FWD,미드나잇 블랙,15,15,29133
2026-09,southeast,TRN,2027,TRN-CO,2.5T 하이브리드,FWD,스틸 그레이,13,13,24533
2026-09,southeast,TRN,2027,TRN-CO,2.5T 하이브리드,FWD,실버,10,11,19933
2026-09,southeast,TRN,2027,TRN-CO,2.5T 하이브리드,FWD,오션 블루,8,8,15333
2026-09,southeast,TRN,2027,TRN-CO,2.5T 하이브리드,FWD,선셋 레드,6,7,12267
2026-09,southeast,TRN,2027,TRN-CO,2.5T 하이브리드,FWD,포레스트 그린,4,4,7667
2026-09,southeast,TRN,2027,TRN-CO,2.5T 하이브리드,FWD,샌드 베이지,4,4,7667
2026-09,southeast,TRN,2027,TRN-PR,3.5 가솔린,AWD,스노우 화이트,32,33,73368
2026-09,southeast,TRN,2027,TRN-PR,3.5 가솔린,AWD,미드나잇 블랙,25,26,58083
2026-09,southeast,TRN,2027,TRN-PR,3.5 가솔린,AWD,스틸 그레이,21,22,48912
2026-09,southeast,TRN,2027,TRN-PR,3.5 가솔린,AWD,실버,17,18,39741
2026-09,southeast,TRN,2027,TRN-PR,3.5 가솔린,AWD,오션 블루,13,14,30570
2026-09,southeast,TRN,2027,TRN-PR,3.5 가솔린,AWD,선셋 레드,11,11,24456
2026-09,southeast,TRN,2027,TRN-PR,3.5 가솔린,AWD,포레스트 그린,7,7,15285
2026-09,southeast,TRN,2027,TRN-PR,3.5 가솔린,AWD,샌드 베이지,7,7,15285
2026-09,southeast,TRN,2027,TRN-PR,3.5 가솔린,FWD,스노우 화이트,18,19,41719
2026-09,southeast,TRN,2027,TRN-PR,3.5 가솔린,FWD,미드나잇 블랙,14,15,33027
2026-09,southeast,TRN,2027,TRN-PR,3.5 가솔린,FWD,스틸 그레이,12,12,27813
2026-09,southeast,TRN,2027,TRN-PR,3.5 가솔린,FWD,실버,10,10,22598
2026-09,southeast,TRN,2027,TRN-PR,3.5 가솔린,FWD,오션 블루,8,8,17383
2026-09,southeast,TRN,2027,TRN-PR,3.5 가솔린,FWD,선셋 레드,6,6,13906
2026-09,southeast,TRN,2027,TRN-PR,3.5 가솔린,FWD,포레스트 그린,4,4,8691
2026-09,southeast,TRN,2027,TRN-PR,3.5 가솔린,FWD,샌드 베이지,4,4,8691
2026-09,southeast,TRN,2027,TRN-PR,2.5T 하이브리드,AWD,스노우 화이트,39,40,89672
2026-09,southeast,TRN,2027,TRN-PR,2.5T 하이브리드,AWD,미드나잇 블랙,31,32,70990
2026-09,southeast,TRN,2027,TRN-PR,2.5T 하이브리드,AWD,스틸 그레이,26,27,59781
2026-09,southeast,TRN,2027,TRN-PR,2.5T 하이브리드,AWD,실버,21,22,48572
2026-09,southeast,TRN,2027,TRN-PR,2.5T 하이브리드,AWD,오션 블루,16,17,37363
2026-09,southeast,TRN,2027,TRN-PR,2.5T 하이브리드,AWD,선셋 레드,13,13,29891
2026-09,southeast,TRN,2027,TRN-PR,2.5T 하이브리드,AWD,포레스트 그린,8,8,18682
2026-09,southeast,TRN,2027,TRN-PR,2.5T 하이브리드,AWD,샌드 베이지,8,8,18682
2026-09,southeast,TRN,2027,TRN-PR,2.5T 하이브리드,FWD,스노우 화이트,22,23,50990
2026-09,southeast,TRN,2027,TRN-PR,2.5T 하이브리드,FWD,미드나잇 블랙,18,18,40367
2026-09,southeast,TRN,2027,TRN-PR,2.5T 하이브리드,FWD,스틸 그레이,15,15,33993
2026-09,southeast,TRN,2027,TRN-PR,2.5T 하이브리드,FWD,실버,12,12,27619
2026-09,southeast,TRN,2027,TRN-PR,2.5T 하이브리드,FWD,오션 블루,9,9,21246
2026-09,southeast,TRN,2027,TRN-PR,2.5T 하이브리드,FWD,선셋 레드,7,8,16997
2026-09,southeast,TRN,2027,TRN-PR,2.5T 하이브리드,FWD,포레스트 그린,5,5,10623
2026-09,southeast,TRN,2027,TRN-PR,2.5T 하이브리드,FWD,샌드 베이지,5,5,10623
2026-09,southeast,TRN,2027,TRN-SU,3.5 가솔린,AWD,스노우 화이트,13,13,38646
2026-09,southeast,TRN,2027,TRN-SU,3.5 가솔린,AWD,미드나잇 블랙,10,11,30594
2026-09,southeast,TRN,2027,TRN-SU,3.5 가솔린,AWD,스틸 그레이,9,9,25764
2026-09,southeast,TRN,2027,TRN-SU,3.5 가솔린,AWD,실버,7,7,20933
2026-09,southeast,TRN,2027,TRN-SU,3.5 가솔린,AWD,오션 블루,5,6,16102
2026-09,southeast,TRN,2027,TRN-SU,3.5 가솔린,AWD,선셋 레드,4,4,12882
2026-09,southeast,TRN,2027,TRN-SU,3.5 가솔린,AWD,포레스트 그린,3,3,8051
2026-09,southeast,TRN,2027,TRN-SU,3.5 가솔린,AWD,샌드 베이지,3,3,8051
2026-09,southeast,TRN,2027,TRN-SU,3.5 가솔린,FWD,스노우 화이트,7,8,21975
2026-09,southeast,TRN,2027,TRN-SU,3.5 가솔린,FWD,미드나잇 블랙,6,6,17397
2026-09,southeast,TRN,2027,TRN-SU,3.5 가솔린,FWD,스틸 그레이,5,5,14650
2026-09,southeast,TRN,2027,TRN-SU,3.5 가솔린,FWD,실버,4,4,11903
2026-09,southeast,TRN,2027,TRN-SU,3.5 가솔린,FWD,오션 블루,3,3,9156
2026-09,southeast,TRN,2027,TRN-SU,3.5 가솔린,FWD,선셋 레드,2,3,7325
2026-09,southeast,TRN,2027,TRN-SU,3.5 가솔린,FWD,포레스트 그린,2,2,4578
2026-09,southeast,TRN,2027,TRN-SU,3.5 가솔린,FWD,샌드 베이지,2,2,4578
2026-09,southeast,TRN,2027,TRN-SU,2.5T 하이브리드,AWD,스노우 화이트,16,16,47234
2026-09,southeast,TRN,2027,TRN-SU,2.5T 하이브리드,AWD,미드나잇 블랙,13,13,37393
2026-09,southeast,TRN,2027,TRN-SU,2.5T 하이브리드,AWD,스틸 그레이,11,11,31489
2026-09,southeast,TRN,2027,TRN-SU,2.5T 하이브리드,AWD,실버,9,9,25585
2026-09,southeast,TRN,2027,TRN-SU,2.5T 하이브리드,AWD,오션 블루,7,7,19681
2026-09,southeast,TRN,2027,TRN-SU,2.5T 하이브리드,AWD,선셋 레드,5,5,15745
2026-09,southeast,TRN,2027,TRN-SU,2.5T 하이브리드,AWD,포레스트 그린,3,3,9840
2026-09,southeast,TRN,2027,TRN-SU,2.5T 하이브리드,AWD,샌드 베이지,3,3,9840
2026-09,southeast,TRN,2027,TRN-SU,2.5T 하이브리드,FWD,스노우 화이트,9,9,26858
2026-09,southeast,TRN,2027,TRN-SU,2.5T 하이브리드,FWD,미드나잇 블랙,7,7,21263
2026-09,southeast,TRN,2027,TRN-SU,2.5T 하이브리드,FWD,스틸 그레이,6,6,17906
2026-09,southeast,TRN,2027,TRN-SU,2.5T 하이브리드,FWD,실버,5,5,14548
2026-09,southeast,TRN,2027,TRN-SU,2.5T 하이브리드,FWD,오션 블루,4,4,11191
2026-09,southeast,TRN,2027,TRN-SU,2.5T 하이브리드,FWD,선셋 레드,3,3,8953
2026-09,southeast,TRN,2027,TRN-SU,2.5T 하이브리드,FWD,포레스트 그린,2,2,5595
2026-09,southeast,TRN,2027,TRN-SU,2.5T 하이브리드,FWD,샌드 베이지,2,2,5595
2026-09,west,VST,2026,VST-CO,2.5 가솔린,AWD,스노우 화이트,46,47,35974
2026-09,west,VST,2026,VST-CO,2.5 가솔린,AWD,미드나잇 블랙,36,37,28480
2026-09,west,VST,2026,VST-CO,2.5 가솔린,AWD,스틸 그레이,30,31,23983
2026-09,west,VST,2026,VST-CO,2.5 가솔린,AWD,실버,25,25,19486
2026-09,west,VST,2026,VST-CO,2.5 가솔린,AWD,오션 블루,19,19,14989
2026-09,west,VST,2026,VST-CO,2.5 가솔린,AWD,선셋 레드,15,16,11991
2026-09,west,VST,2026,VST-CO,2.5 가솔린,AWD,포레스트 그린,10,10,7495
2026-09,west,VST,2026,VST-CO,2.5 가솔린,AWD,샌드 베이지,10,10,7495
2026-09,west,VST,2026,VST-CO,2.5 가솔린,FWD,스노우 화이트,56,57,43969
2026-09,west,VST,2026,VST-CO,2.5 가솔린,FWD,미드나잇 블랙,44,45,34809
2026-09,west,VST,2026,VST-CO,2.5 가솔린,FWD,스틸 그레이,37,38,29312
2026-09,west,VST,2026,VST-CO,2.5 가솔린,FWD,실버,30,31,23816
2026-09,west,VST,2026,VST-CO,2.5 가솔린,FWD,오션 블루,23,24,18320
2026-09,west,VST,2026,VST-CO,2.5 가솔린,FWD,선셋 레드,19,19,14656
2026-09,west,VST,2026,VST-CO,2.5 가솔린,FWD,포레스트 그린,12,12,9160
2026-09,west,VST,2026,VST-CO,2.5 가솔린,FWD,샌드 베이지,12,12,9160
2026-09,west,VST,2026,VST-CO,1.6T 하이브리드,AWD,스노우 화이트,56,57,43969
2026-09,west,VST,2026,VST-CO,1.6T 하이브리드,AWD,미드나잇 블랙,44,45,34809
2026-09,west,VST,2026,VST-CO,1.6T 하이브리드,AWD,스틸 그레이,37,38,29312
2026-09,west,VST,2026,VST-CO,1.6T 하이브리드,AWD,실버,30,31,23816
2026-09,west,VST,2026,VST-CO,1.6T 하이브리드,AWD,오션 블루,23,24,18320
2026-09,west,VST,2026,VST-CO,1.6T 하이브리드,AWD,선셋 레드,19,19,14656
2026-09,west,VST,2026,VST-CO,1.6T 하이브리드,AWD,포레스트 그린,12,12,9160
2026-09,west,VST,2026,VST-CO,1.6T 하이브리드,AWD,샌드 베이지,12,12,9160
2026-09,west,VST,2026,VST-CO,1.6T 하이브리드,FWD,스노우 화이트,68,70,53739
2026-09,west,VST,2026,VST-CO,1.6T 하이브리드,FWD,미드나잇 블랙,54,55,42544
2026-09,west,VST,2026,VST-CO,1.6T 하이브리드,FWD,스틸 그레이,46,46,35826
2026-09,west,VST,2026,VST-CO,1.6T 하이브리드,FWD,실버,37,38,29109
2026-09,west,VST,2026,VST-CO,1.6T 하이브리드,FWD,오션 블루,28,29,22391
2026-09,west,VST,2026,VST-CO,1.6T 하이브리드,FWD,선셋 레드,23,23,17913
2026-09,west,VST,2026,VST-CO,1.6T 하이브리드,FWD,포레스트 그린,14,15,11196
2026-09,west,VST,2026,VST-CO,1.6T 하이브리드,FWD,샌드 베이지,14,15,11196
2026-09,west,VST,2026,VST-PR,2.5 가솔린,AWD,스노우 화이트,53,54,56420
2026-09,west,VST,2026,VST-PR,2.5 가솔린,AWD,미드나잇 블랙,42,43,44666
2026-09,west,VST,2026,VST-PR,2.5 가솔린,AWD,스틸 그레이,35,36,37613
2026-09,west,VST,2026,VST-PR,2.5 가솔린,AWD,실버,29,29,30561
2026-09,west,VST,2026,VST-PR,2.5 가솔린,AWD,오션 블루,22,23,23508
2026-09,west,VST,2026,VST-PR,2.5 가솔린,AWD,선셋 레드,18,18,18807
2026-09,west,VST,2026,VST-PR,2.5 가솔린,AWD,포레스트 그린,11,11,11754
2026-09,west,VST,2026,VST-PR,2.5 가솔린,AWD,샌드 베이지,11,11,11754
2026-09,west,VST,2026,VST-PR,2.5 가솔린,FWD,스노우 화이트,65,66,68957
2026-09,west,VST,2026,VST-PR,2.5 가솔린,FWD,미드나잇 블랙,51,52,54591
2026-09,west,VST,2026,VST-PR,2.5 가솔린,FWD,스틸 그레이,43,44,45972
2026-09,west,VST,2026,VST-PR,2.5 가솔린,FWD,실버,35,36,37352
2026-09,west,VST,2026,VST-PR,2.5 가솔린,FWD,오션 블루,27,28,28732
2026-09,west,VST,2026,VST-PR,2.5 가솔린,FWD,선셋 레드,22,22,22986
2026-09,west,VST,2026,VST-PR,2.5 가솔린,FWD,포레스트 그린,13,14,14366
2026-09,west,VST,2026,VST-PR,2.5 가솔린,FWD,샌드 베이지,13,14,14366
2026-09,west,VST,2026,VST-PR,1.6T 하이브리드,AWD,스노우 화이트,65,66,68957
2026-09,west,VST,2026,VST-PR,1.6T 하이브리드,AWD,미드나잇 블랙,51,52,54591
2026-09,west,VST,2026,VST-PR,1.6T 하이브리드,AWD,스틸 그레이,43,44,45972
2026-09,west,VST,2026,VST-PR,1.6T 하이브리드,AWD,실버,35,36,37352
2026-09,west,VST,2026,VST-PR,1.6T 하이브리드,AWD,오션 블루,27,28,28732
2026-09,west,VST,2026,VST-PR,1.6T 하이브리드,AWD,선셋 레드,22,22,22986
2026-09,west,VST,2026,VST-PR,1.6T 하이브리드,AWD,포레스트 그린,13,14,14366
2026-09,west,VST,2026,VST-PR,1.6T 하이브리드,AWD,샌드 베이지,13,14,14366
2026-09,west,VST,2026,VST-PR,1.6T 하이브리드,FWD,스노우 화이트,79,81,84281
2026-09,west,VST,2026,VST-PR,1.6T 하이브리드,FWD,미드나잇 블랙,63,64,66723
2026-09,west,VST,2026,VST-PR,1.6T 하이브리드,FWD,스틸 그레이,53,54,56188
2026-09,west,VST,2026,VST-PR,1.6T 하이브리드,FWD,실버,43,44,45652
2026-09,west,VST,2026,VST-PR,1.6T 하이브리드,FWD,오션 블루,33,34,35117
2026-09,west,VST,2026,VST-PR,1.6T 하이브리드,FWD,선셋 레드,26,27,28094
2026-09,west,VST,2026,VST-PR,1.6T 하이브리드,FWD,포레스트 그린,16,17,17559
2026-09,west,VST,2026,VST-PR,1.6T 하이브리드,FWD,샌드 베이지,16,17,17559
2026-09,west,VST,2026,VST-TR,2.5 가솔린,AWD,스노우 화이트,22,22,33651
2026-09,west,VST,2026,VST-TR,2.5 가솔린,AWD,미드나잇 블랙,17,17,26641
2026-09,west,VST,2026,VST-TR,2.5 가솔린,AWD,스틸 그레이,14,15,22434
2026-09,west,VST,2026,VST-TR,2.5 가솔린,AWD,실버,12,12,18228
2026-09,west,VST,2026,VST-TR,2.5 가솔린,AWD,오션 블루,9,9,14021
2026-09,west,VST,2026,VST-TR,2.5 가솔린,AWD,선셋 레드,7,7,11217
2026-09,west,VST,2026,VST-TR,2.5 가솔린,AWD,포레스트 그린,5,5,7011
2026-09,west,VST,2026,VST-TR,2.5 가솔린,AWD,샌드 베이지,5,5,7011
2026-09,west,VST,2026,VST-TR,2.5 가솔린,FWD,스노우 화이트,26,27,41129
2026-09,west,VST,2026,VST-TR,2.5 가솔린,FWD,미드나잇 블랙,21,21,32561
2026-09,west,VST,2026,VST-TR,2.5 가솔린,FWD,스틸 그레이,18,18,27420
2026-09,west,VST,2026,VST-TR,2.5 가솔린,FWD,실버,14,15,22278
2026-09,west,VST,2026,VST-TR,2.5 가솔린,FWD,오션 블루,11,11,17137
2026-09,west,VST,2026,VST-TR,2.5 가솔린,FWD,선셋 레드,9,9,13710
2026-09,west,VST,2026,VST-TR,2.5 가솔린,FWD,포레스트 그린,6,6,8569
2026-09,west,VST,2026,VST-TR,2.5 가솔린,FWD,샌드 베이지,6,6,8569
2026-09,west,VST,2026,VST-TR,1.6T 하이브리드,AWD,스노우 화이트,26,27,41129
2026-09,west,VST,2026,VST-TR,1.6T 하이브리드,AWD,미드나잇 블랙,21,21,32561
2026-09,west,VST,2026,VST-TR,1.6T 하이브리드,AWD,스틸 그레이,18,18,27420
2026-09,west,VST,2026,VST-TR,1.6T 하이브리드,AWD,실버,14,15,22278
2026-09,west,VST,2026,VST-TR,1.6T 하이브리드,AWD,오션 블루,11,11,17137
2026-09,west,VST,2026,VST-TR,1.6T 하이브리드,AWD,선셋 레드,9,9,13710
2026-09,west,VST,2026,VST-TR,1.6T 하이브리드,AWD,포레스트 그린,6,6,8569
2026-09,west,VST,2026,VST-TR,1.6T 하이브리드,AWD,샌드 베이지,6,6,8569
2026-09,west,VST,2026,VST-TR,1.6T 하이브리드,FWD,스노우 화이트,32,33,50269
2026-09,west,VST,2026,VST-TR,1.6T 하이브리드,FWD,미드나잇 블랙,26,26,39797
2026-09,west,VST,2026,VST-TR,1.6T 하이브리드,FWD,스틸 그레이,22,22,33513
2026-09,west,VST,2026,VST-TR,1.6T 하이브리드,FWD,실버,18,18,27229
2026-09,west,VST,2026,VST-TR,1.6T 하이브리드,FWD,오션 블루,13,14,20946
2026-09,west,VST,2026,VST-TR,1.6T 하이브리드,FWD,선셋 레드,11,11,16756
2026-09,west,VST,2026,VST-TR,1.6T 하이브리드,FWD,포레스트 그린,7,7,10473
2026-09,west,VST,2026,VST-TR,1.6T 하이브리드,FWD,샌드 베이지,7,7,10473
2026-09,west,VST,2027,VST-CO,2.5 가솔린,AWD,스노우 화이트,30,31,23983
2026-09,west,VST,2027,VST-CO,2.5 가솔린,AWD,미드나잇 블랙,24,25,18986
2026-09,west,VST,2027,VST-CO,2.5 가솔린,AWD,스틸 그레이,20,21,15989
2026-09,west,VST,2027,VST-CO,2.5 가솔린,AWD,실버,17,17,12991
2026-09,west,VST,2027,VST-CO,2.5 가솔린,AWD,오션 블루,13,13,9993
2026-09,west,VST,2027,VST-CO,2.5 가솔린,AWD,선셋 레드,10,10,7994
2026-09,west,VST,2027,VST-CO,2.5 가솔린,AWD,포레스트 그린,6,6,4996
2026-09,west,VST,2027,VST-CO,2.5 가솔린,AWD,샌드 베이지,6,6,4996
2026-09,west,VST,2027,VST-CO,2.5 가솔린,FWD,스노우 화이트,37,38,29312
2026-09,west,VST,2027,VST-CO,2.5 가솔린,FWD,미드나잇 블랙,29,30,23206
2026-09,west,VST,2027,VST-CO,2.5 가솔린,FWD,스틸 그레이,25,25,19542
2026-09,west,VST,2027,VST-CO,2.5 가솔린,FWD,실버,20,21,15878
2026-09,west,VST,2027,VST-CO,2.5 가솔린,FWD,오션 블루,16,16,12214
2026-09,west,VST,2027,VST-CO,2.5 가솔린,FWD,선셋 레드,12,13,9771
2026-09,west,VST,2027,VST-CO,2.5 가솔린,FWD,포레스트 그린,8,8,6107
2026-09,west,VST,2027,VST-CO,2.5 가솔린,FWD,샌드 베이지,8,8,6107
2026-09,west,VST,2027,VST-CO,1.6T 하이브리드,AWD,스노우 화이트,37,38,29312
2026-09,west,VST,2027,VST-CO,1.6T 하이브리드,AWD,미드나잇 블랙,29,30,23206
2026-09,west,VST,2027,VST-CO,1.6T 하이브리드,AWD,스틸 그레이,25,25,19542
2026-09,west,VST,2027,VST-CO,1.6T 하이브리드,AWD,실버,20,21,15878
2026-09,west,VST,2027,VST-CO,1.6T 하이브리드,AWD,오션 블루,16,16,12214
2026-09,west,VST,2027,VST-CO,1.6T 하이브리드,AWD,선셋 레드,12,13,9771
2026-09,west,VST,2027,VST-CO,1.6T 하이브리드,AWD,포레스트 그린,8,8,6107
2026-09,west,VST,2027,VST-CO,1.6T 하이브리드,AWD,샌드 베이지,8,8,6107
2026-09,west,VST,2027,VST-CO,1.6T 하이브리드,FWD,스노우 화이트,46,46,35826
2026-09,west,VST,2027,VST-CO,1.6T 하이브리드,FWD,미드나잇 블랙,36,37,28363
2026-09,west,VST,2027,VST-CO,1.6T 하이브리드,FWD,스틸 그레이,30,31,23884
2026-09,west,VST,2027,VST-CO,1.6T 하이브리드,FWD,실버,25,25,19406
2026-09,west,VST,2027,VST-CO,1.6T 하이브리드,FWD,오션 블루,19,19,14928
2026-09,west,VST,2027,VST-CO,1.6T 하이브리드,FWD,선셋 레드,15,15,11942
2026-09,west,VST,2027,VST-CO,1.6T 하이브리드,FWD,포레스트 그린,9,10,7464
2026-09,west,VST,2027,VST-CO,1.6T 하이브리드,FWD,샌드 베이지,9,10,7464
2026-09,west,VST,2027,VST-PR,2.5 가솔린,AWD,스노우 화이트,35,36,37613
2026-09,west,VST,2027,VST-PR,2.5 가솔린,AWD,미드나잇 블랙,28,29,29777
2026-09,west,VST,2027,VST-PR,2.5 가솔린,AWD,스틸 그레이,24,24,25075
2026-09,west,VST,2027,VST-PR,2.5 가솔린,AWD,실버,19,20,20374
2026-09,west,VST,2027,VST-PR,2.5 가솔린,AWD,오션 블루,15,15,15672
2026-09,west,VST,2027,VST-PR,2.5 가솔린,AWD,선셋 레드,12,12,12538
2026-09,west,VST,2027,VST-PR,2.5 가솔린,AWD,포레스트 그린,7,8,7836
2026-09,west,VST,2027,VST-PR,2.5 가솔린,AWD,샌드 베이지,7,8,7836
2026-09,west,VST,2027,VST-PR,2.5 가솔린,FWD,스노우 화이트,43,44,45972
2026-09,west,VST,2027,VST-PR,2.5 가솔린,FWD,미드나잇 블랙,34,35,36394
2026-09,west,VST,2027,VST-PR,2.5 가솔린,FWD,스틸 그레이,29,29,30648
2026-09,west,VST,2027,VST-PR,2.5 가솔린,FWD,실버,23,24,24901
2026-09,west,VST,2027,VST-PR,2.5 가솔린,FWD,오션 블루,18,18,19155
2026-09,west,VST,2027,VST-PR,2.5 가솔린,FWD,선셋 레드,14,15,15324
2026-09,west,VST,2027,VST-PR,2.5 가솔린,FWD,포레스트 그린,9,9,9577
2026-09,west,VST,2027,VST-PR,2.5 가솔린,FWD,샌드 베이지,9,9,9577
2026-09,west,VST,2027,VST-PR,1.6T 하이브리드,AWD,스노우 화이트,43,44,45972
2026-09,west,VST,2027,VST-PR,1.6T 하이브리드,AWD,미드나잇 블랙,34,35,36394
2026-09,west,VST,2027,VST-PR,1.6T 하이브리드,AWD,스틸 그레이,29,29,30648
2026-09,west,VST,2027,VST-PR,1.6T 하이브리드,AWD,실버,23,24,24901
2026-09,west,VST,2027,VST-PR,1.6T 하이브리드,AWD,오션 블루,18,18,19155
2026-09,west,VST,2027,VST-PR,1.6T 하이브리드,AWD,선셋 레드,14,15,15324
2026-09,west,VST,2027,VST-PR,1.6T 하이브리드,AWD,포레스트 그린,9,9,9577
2026-09,west,VST,2027,VST-PR,1.6T 하이브리드,AWD,샌드 베이지,9,9,9577
2026-09,west,VST,2027,VST-PR,1.6T 하이브리드,FWD,스노우 화이트,53,54,56188
2026-09,west,VST,2027,VST-PR,1.6T 하이브리드,FWD,미드나잇 블랙,42,43,44482
2026-09,west,VST,2027,VST-PR,1.6T 하이브리드,FWD,스틸 그레이,35,36,37458
2026-09,west,VST,2027,VST-PR,1.6T 하이브리드,FWD,실버,29,29,30435
2026-09,west,VST,2027,VST-PR,1.6T 하이브리드,FWD,오션 블루,22,22,23411
2026-09,west,VST,2027,VST-PR,1.6T 하이브리드,FWD,선셋 레드,18,18,18729
2026-09,west,VST,2027,VST-PR,1.6T 하이브리드,FWD,포레스트 그린,11,11,11706
2026-09,west,VST,2027,VST-PR,1.6T 하이브리드,FWD,샌드 베이지,11,11,11706
2026-09,west,VST,2027,VST-TR,2.5 가솔린,AWD,스노우 화이트,14,15,22434
2026-09,west,VST,2027,VST-TR,2.5 가솔린,AWD,미드나잇 블랙,11,12,17760
2026-09,west,VST,2027,VST-TR,2.5 가솔린,AWD,스틸 그레이,10,10,14956
2026-09,west,VST,2027,VST-TR,2.5 가솔린,AWD,실버,8,8,12152
2026-09,west,VST,2027,VST-TR,2.5 가솔린,AWD,오션 블루,6,6,9348
2026-09,west,VST,2027,VST-TR,2.5 가솔린,AWD,선셋 레드,5,5,7478
2026-09,west,VST,2027,VST-TR,2.5 가솔린,AWD,포레스트 그린,3,3,4674
2026-09,west,VST,2027,VST-TR,2.5 가솔린,AWD,샌드 베이지,3,3,4674
2026-09,west,VST,2027,VST-TR,2.5 가솔린,FWD,스노우 화이트,18,18,27420
2026-09,west,VST,2027,VST-TR,2.5 가솔린,FWD,미드나잇 블랙,14,14,21707
2026-09,west,VST,2027,VST-TR,2.5 가솔린,FWD,스틸 그레이,12,12,18280
2026-09,west,VST,2027,VST-TR,2.5 가솔린,FWD,실버,10,10,14852
2026-09,west,VST,2027,VST-TR,2.5 가솔린,FWD,오션 블루,7,8,11425
2026-09,west,VST,2027,VST-TR,2.5 가솔린,FWD,선셋 레드,6,6,9140
2026-09,west,VST,2027,VST-TR,2.5 가솔린,FWD,포레스트 그린,4,4,5712
2026-09,west,VST,2027,VST-TR,2.5 가솔린,FWD,샌드 베이지,4,4,5712
2026-09,west,VST,2027,VST-TR,1.6T 하이브리드,AWD,스노우 화이트,18,18,27420
2026-09,west,VST,2027,VST-TR,1.6T 하이브리드,AWD,미드나잇 블랙,14,14,21707
2026-09,west,VST,2027,VST-TR,1.6T 하이브리드,AWD,스틸 그레이,12,12,18280
2026-09,west,VST,2027,VST-TR,1.6T 하이브리드,AWD,실버,10,10,14852
2026-09,west,VST,2027,VST-TR,1.6T 하이브리드,AWD,오션 블루,7,8,11425
2026-09,west,VST,2027,VST-TR,1.6T 하이브리드,AWD,선셋 레드,6,6,9140
2026-09,west,VST,2027,VST-TR,1.6T 하이브리드,AWD,포레스트 그린,4,4,5712
2026-09,west,VST,2027,VST-TR,1.6T 하이브리드,AWD,샌드 베이지,4,4,5712
2026-09,west,VST,2027,VST-TR,1.6T 하이브리드,FWD,스노우 화이트,22,22,33513
2026-09,west,VST,2027,VST-TR,1.6T 하이브리드,FWD,미드나잇 블랙,17,17,26531
2026-09,west,VST,2027,VST-TR,1.6T 하이브리드,FWD,스틸 그레이,14,15,22342
2026-09,west,VST,2027,VST-TR,1.6T 하이브리드,FWD,실버,12,12,18153
2026-09,west,VST,2027,VST-TR,1.6T 하이브리드,FWD,오션 블루,9,9,13964
2026-09,west,VST,2027,VST-TR,1.6T 하이브리드,FWD,선셋 레드,7,7,11171
2026-09,west,VST,2027,VST-TR,1.6T 하이브리드,FWD,포레스트 그린,4,5,6982
2026-09,west,VST,2027,VST-TR,1.6T 하이브리드,FWD,샌드 베이지,4,5,6982
2026-09,central,VST,2026,VST-CO,2.5 가솔린,AWD,스노우 화이트,34,35,27050
2026-09,central,VST,2026,VST-CO,2.5 가솔린,AWD,미드나잇 블랙,27,28,21415
2026-09,central,VST,2026,VST-CO,2.5 가솔린,AWD,스틸 그레이,23,23,18033
2026-09,central,VST,2026,VST-CO,2.5 가솔린,AWD,실버,19,19,14652
2026-09,central,VST,2026,VST-CO,2.5 가솔린,AWD,오션 블루,14,15,11271
2026-09,central,VST,2026,VST-CO,2.5 가솔린,AWD,선셋 레드,11,12,9017
2026-09,central,VST,2026,VST-CO,2.5 가솔린,AWD,포레스트 그린,7,7,5635
2026-09,central,VST,2026,VST-CO,2.5 가솔린,AWD,샌드 베이지,7,7,5635
2026-09,central,VST,2026,VST-CO,2.5 가솔린,FWD,스노우 화이트,32,33,25220
2026-09,central,VST,2026,VST-CO,2.5 가솔린,FWD,미드나잇 블랙,25,26,19966
2026-09,central,VST,2026,VST-CO,2.5 가솔린,FWD,스틸 그레이,21,22,16814
2026-09,central,VST,2026,VST-CO,2.5 가솔린,FWD,실버,17,18,13661
2026-09,central,VST,2026,VST-CO,2.5 가솔린,FWD,오션 블루,13,14,10509
2026-09,central,VST,2026,VST-CO,2.5 가솔린,FWD,선셋 레드,11,11,8407
2026-09,central,VST,2026,VST-CO,2.5 가솔린,FWD,포레스트 그린,7,7,5254
2026-09,central,VST,2026,VST-CO,2.5 가솔린,FWD,샌드 베이지,7,7,5254
2026-09,central,VST,2026,VST-CO,1.6T 하이브리드,AWD,스노우 화이트,42,43,33061
2026-09,central,VST,2026,VST-CO,1.6T 하이브리드,AWD,미드나잇 블랙,33,34,26173
2026-09,central,VST,2026,VST-CO,1.6T 하이브리드,AWD,스틸 그레이,28,29,22041
2026-09,central,VST,2026,VST-CO,1.6T 하이브리드,AWD,실버,23,23,17908
2026-09,central,VST,2026,VST-CO,1.6T 하이브리드,AWD,오션 블루,18,18,13775
2026-09,central,VST,2026,VST-CO,1.6T 하이브리드,AWD,선셋 레드,14,14,11020
2026-09,central,VST,2026,VST-CO,1.6T 하이브리드,AWD,포레스트 그린,9,9,6888
2026-09,central,VST,2026,VST-CO,1.6T 하이브리드,AWD,샌드 베이지,9,9,6888
2026-09,central,VST,2026,VST-CO,1.6T 하이브리드,FWD,스노우 화이트,39,40,30825
2026-09,central,VST,2026,VST-CO,1.6T 하이브리드,FWD,미드나잇 블랙,31,32,24403
2026-09,central,VST,2026,VST-CO,1.6T 하이브리드,FWD,스틸 그레이,26,27,20550
2026-09,central,VST,2026,VST-CO,1.6T 하이브리드,FWD,실버,21,22,16697
2026-09,central,VST,2026,VST-CO,1.6T 하이브리드,FWD,오션 블루,16,17,12844
2026-09,central,VST,2026,VST-CO,1.6T 하이브리드,FWD,선셋 레드,13,13,10275
2026-09,central,VST,2026,VST-CO,1.6T 하이브리드,FWD,포레스트 그린,8,8,6422
2026-09,central,VST,2026,VST-CO,1.6T 하이브리드,FWD,샌드 베이지,8,8,6422
2026-09,central,VST,2026,VST-PR,2.5 가솔린,AWD,스노우 화이트,40,41,42423
2026-09,central,VST,2026,VST-PR,2.5 가솔린,AWD,미드나잇 블랙,32,32,33585
2026-09,central,VST,2026,VST-PR,2.5 가솔린,AWD,스틸 그레이,27,27,28282
2026-09,central,VST,2026,VST-PR,2.5 가솔린,AWD,실버,22,22,22979
2026-09,central,VST,2026,VST-PR,2.5 가솔린,AWD,오션 블루,17,17,17676
2026-09,central,VST,2026,VST-PR,2.5 가솔린,AWD,선셋 레드,13,14,14141
2026-09,central,VST,2026,VST-PR,2.5 가솔린,AWD,포레스트 그린,8,8,8838
2026-09,central,VST,2026,VST-PR,2.5 가솔린,AWD,샌드 베이지,8,8,8838
2026-09,central,VST,2026,VST-PR,2.5 가솔린,FWD,스노우 화이트,37,38,39554
2026-09,central,VST,2026,VST-PR,2.5 가솔린,FWD,미드나잇 블랙,29,30,31314
2026-09,central,VST,2026,VST-PR,2.5 가솔린,FWD,스틸 그레이,25,25,26369
2026-09,central,VST,2026,VST-PR,2.5 가솔린,FWD,실버,20,21,21425
2026-09,central,VST,2026,VST-PR,2.5 가솔린,FWD,오션 블루,15,16,16481
2026-09,central,VST,2026,VST-PR,2.5 가솔린,FWD,선셋 레드,12,13,13185
2026-09,central,VST,2026,VST-PR,2.5 가솔린,FWD,포레스트 그린,8,8,8240
2026-09,central,VST,2026,VST-PR,2.5 가솔린,FWD,샌드 베이지,8,8,8240
2026-09,central,VST,2026,VST-PR,1.6T 하이브리드,AWD,스노우 화이트,49,50,51851
2026-09,central,VST,2026,VST-PR,1.6T 하이브리드,AWD,미드나잇 블랙,39,39,41048
2026-09,central,VST,2026,VST-PR,1.6T 하이브리드,AWD,스틸 그레이,32,33,34567
2026-09,central,VST,2026,VST-PR,1.6T 하이브리드,AWD,실버,26,27,28086
2026-09,central,VST,2026,VST-PR,1.6T 하이브리드,AWD,오션 블루,20,21,21604
2026-09,central,VST,2026,VST-PR,1.6T 하이브리드,AWD,선셋 레드,16,17,17284
2026-09,central,VST,2026,VST-PR,1.6T 하이브리드,AWD,포레스트 그린,10,10,10802
2026-09,central,VST,2026,VST-PR,1.6T 하이브리드,AWD,샌드 베이지,10,10,10802
2026-09,central,VST,2026,VST-PR,1.6T 하이브리드,FWD,스노우 화이트,45,46,48344
2026-09,central,VST,2026,VST-PR,1.6T 하이브리드,FWD,미드나잇 블랙,36,37,38272
2026-09,central,VST,2026,VST-PR,1.6T 하이브리드,FWD,스틸 그레이,30,31,32229
2026-09,central,VST,2026,VST-PR,1.6T 하이브리드,FWD,실버,25,25,26186
2026-09,central,VST,2026,VST-PR,1.6T 하이브리드,FWD,오션 블루,19,19,20143
2026-09,central,VST,2026,VST-PR,1.6T 하이브리드,FWD,선셋 레드,15,15,16115
2026-09,central,VST,2026,VST-PR,1.6T 하이브리드,FWD,포레스트 그린,9,10,10072
2026-09,central,VST,2026,VST-PR,1.6T 하이브리드,FWD,샌드 베이지,9,10,10072
2026-09,central,VST,2026,VST-TR,2.5 가솔린,AWD,스노우 화이트,16,17,25303
2026-09,central,VST,2026,VST-TR,2.5 가솔린,AWD,미드나잇 블랙,13,13,20032
2026-09,central,VST,2026,VST-TR,2.5 가솔린,AWD,스틸 그레이,11,11,16869
2026-09,central,VST,2026,VST-TR,2.5 가솔린,AWD,실버,9,9,13706
2026-09,central,VST,2026,VST-TR,2.5 가솔린,AWD,오션 블루,7,7,10543
2026-09,central,VST,2026,VST-TR,2.5 가솔린,AWD,선셋 레드,5,6,8434
2026-09,central,VST,2026,VST-TR,2.5 가솔린,AWD,포레스트 그린,3,3,5272
2026-09,central,VST,2026,VST-TR,2.5 가솔린,AWD,샌드 베이지,3,3,5272
2026-09,central,VST,2026,VST-TR,2.5 가솔린,FWD,스노우 화이트,15,15,23592
2026-09,central,VST,2026,VST-TR,2.5 가솔린,FWD,미드나잇 블랙,12,12,18677
2026-09,central,VST,2026,VST-TR,2.5 가솔린,FWD,스틸 그레이,10,10,15728
2026-09,central,VST,2026,VST-TR,2.5 가솔린,FWD,실버,8,8,12779
2026-09,central,VST,2026,VST-TR,2.5 가솔린,FWD,오션 블루,6,6,9830
2026-09,central,VST,2026,VST-TR,2.5 가솔린,FWD,선셋 레드,5,5,7864
2026-09,central,VST,2026,VST-TR,2.5 가솔린,FWD,포레스트 그린,3,3,4915
2026-09,central,VST,2026,VST-TR,2.5 가솔린,FWD,샌드 베이지,3,3,4915
2026-09,central,VST,2026,VST-TR,1.6T 하이브리드,AWD,스노우 화이트,20,20,30926
2026-09,central,VST,2026,VST-TR,1.6T 하이브리드,AWD,미드나잇 블랙,16,16,24483
2026-09,central,VST,2026,VST-TR,1.6T 하이브리드,AWD,스틸 그레이,13,14,20617
2026-09,central,VST,2026,VST-TR,1.6T 하이브리드,AWD,실버,11,11,16752
2026-09,central,VST,2026,VST-TR,1.6T 하이브리드,AWD,오션 블루,8,8,12886
2026-09,central,VST,2026,VST-TR,1.6T 하이브리드,AWD,선셋 레드,7,7,10309
2026-09,central,VST,2026,VST-TR,1.6T 하이브리드,AWD,포레스트 그린,4,4,6443
2026-09,central,VST,2026,VST-TR,1.6T 하이브리드,AWD,샌드 베이지,4,4,6443
2026-09,central,VST,2026,VST-TR,1.6T 하이브리드,FWD,스노우 화이트,19,19,28835
2026-09,central,VST,2026,VST-TR,1.6T 하이브리드,FWD,미드나잇 블랙,15,15,22827
2026-09,central,VST,2026,VST-TR,1.6T 하이브리드,FWD,스틸 그레이,12,13,19223
2026-09,central,VST,2026,VST-TR,1.6T 하이브리드,FWD,실버,10,10,15619
2026-09,central,VST,2026,VST-TR,1.6T 하이브리드,FWD,오션 블루,8,8,12014
2026-09,central,VST,2026,VST-TR,1.6T 하이브리드,FWD,선셋 레드,6,6,9612
2026-09,central,VST,2026,VST-TR,1.6T 하이브리드,FWD,포레스트 그린,4,4,6007
2026-09,central,VST,2026,VST-TR,1.6T 하이브리드,FWD,샌드 베이지,4,4,6007
2026-09,central,VST,2027,VST-CO,2.5 가솔린,AWD,스노우 화이트,23,23,18033
2026-09,central,VST,2027,VST-CO,2.5 가솔린,AWD,미드나잇 블랙,18,19,14276
2026-09,central,VST,2027,VST-CO,2.5 가솔린,AWD,스틸 그레이,15,16,12022
2026-09,central,VST,2027,VST-CO,2.5 가솔린,AWD,실버,12,13,9768
2026-09,central,VST,2027,VST-CO,2.5 가솔린,AWD,오션 블루,10,10,7514
2026-09,central,VST,2027,VST-CO,2.5 가솔린,AWD,선셋 레드,8,8,6011
2026-09,central,VST,2027,VST-CO,2.5 가솔린,AWD,포레스트 그린,5,5,3757
2026-09,central,VST,2027,VST-CO,2.5 가솔린,AWD,샌드 베이지,5,5,3757
2026-09,central,VST,2027,VST-CO,2.5 가솔린,FWD,스노우 화이트,21,22,16814
2026-09,central,VST,2027,VST-CO,2.5 가솔린,FWD,미드나잇 블랙,17,17,13311
2026-09,central,VST,2027,VST-CO,2.5 가솔린,FWD,스틸 그레이,14,15,11209
2026-09,central,VST,2027,VST-CO,2.5 가솔린,FWD,실버,12,12,9107
2026-09,central,VST,2027,VST-CO,2.5 가솔린,FWD,오션 블루,9,9,7006
2026-09,central,VST,2027,VST-CO,2.5 가솔린,FWD,선셋 레드,7,7,5605
2026-09,central,VST,2027,VST-CO,2.5 가솔린,FWD,포레스트 그린,4,5,3503
2026-09,central,VST,2027,VST-CO,2.5 가솔린,FWD,샌드 베이지,4,5,3503
2026-09,central,VST,2027,VST-CO,1.6T 하이브리드,AWD,스노우 화이트,28,29,22041
2026-09,central,VST,2027,VST-CO,1.6T 하이브리드,AWD,미드나잇 블랙,22,23,17449
2026-09,central,VST,2027,VST-CO,1.6T 하이브리드,AWD,스틸 그레이,19,19,14694
2026-09,central,VST,2027,VST-CO,1.6T 하이브리드,AWD,실버,15,15,11939
2026-09,central,VST,2027,VST-CO,1.6T 하이브리드,AWD,오션 블루,12,12,9184
2026-09,central,VST,2027,VST-CO,1.6T 하이브리드,AWD,선셋 레드,9,10,7347
2026-09,central,VST,2027,VST-CO,1.6T 하이브리드,AWD,포레스트 그린,6,6,4592
2026-09,central,VST,2027,VST-CO,1.6T 하이브리드,AWD,샌드 베이지,6,6,4592
2026-09,central,VST,2027,VST-CO,1.6T 하이브리드,FWD,스노우 화이트,26,27,20550
2026-09,central,VST,2027,VST-CO,1.6T 하이브리드,FWD,미드나잇 블랙,21,21,16269
2026-09,central,VST,2027,VST-CO,1.6T 하이브리드,FWD,스틸 그레이,17,18,13700
2026-09,central,VST,2027,VST-CO,1.6T 하이브리드,FWD,실버,14,14,11131
2026-09,central,VST,2027,VST-CO,1.6T 하이브리드,FWD,오션 블루,11,11,8563
2026-09,central,VST,2027,VST-CO,1.6T 하이브리드,FWD,선셋 레드,9,9,6850
2026-09,central,VST,2027,VST-CO,1.6T 하이브리드,FWD,포레스트 그린,5,6,4281
2026-09,central,VST,2027,VST-CO,1.6T 하이브리드,FWD,샌드 베이지,5,6,4281
2026-09,central,VST,2027,VST-PR,2.5 가솔린,AWD,스노우 화이트,27,27,28282
2026-09,central,VST,2027,VST-PR,2.5 가솔린,AWD,미드나잇 블랙,21,21,22390
2026-09,central,VST,2027,VST-PR,2.5 가솔린,AWD,스틸 그레이,18,18,18855
2026-09,central,VST,2027,VST-PR,2.5 가솔린,AWD,실버,14,15,15320
2026-09,central,VST,2027,VST-PR,2.5 가솔린,AWD,오션 블루,11,11,11784
2026-09,central,VST,2027,VST-PR,2.5 가솔린,AWD,선셋 레드,9,9,9427
2026-09,central,VST,2027,VST-PR,2.5 가솔린,AWD,포레스트 그린,6,6,5892
2026-09,central,VST,2027,VST-PR,2.5 가솔린,AWD,샌드 베이지,6,6,5892
2026-09,central,VST,2027,VST-PR,2.5 가솔린,FWD,스노우 화이트,25,25,26369
2026-09,central,VST,2027,VST-PR,2.5 가솔린,FWD,미드나잇 블랙,20,20,20876
2026-09,central,VST,2027,VST-PR,2.5 가솔린,FWD,스틸 그레이,16,17,17580
2026-09,central,VST,2027,VST-PR,2.5 가솔린,FWD,실버,13,14,14283
2026-09,central,VST,2027,VST-PR,2.5 가솔린,FWD,오션 블루,10,11,10987
2026-09,central,VST,2027,VST-PR,2.5 가솔린,FWD,선셋 레드,8,8,8790
2026-09,central,VST,2027,VST-PR,2.5 가솔린,FWD,포레스트 그린,5,5,5494
2026-09,central,VST,2027,VST-PR,2.5 가솔린,FWD,샌드 베이지,5,5,5494
2026-09,central,VST,2027,VST-PR,1.6T 하이브리드,AWD,스노우 화이트,32,33,34567
2026-09,central,VST,2027,VST-PR,1.6T 하이브리드,AWD,미드나잇 블랙,26,26,27366
2026-09,central,VST,2027,VST-PR,1.6T 하이브리드,AWD,스틸 그레이,22,22,23045
2026-09,central,VST,2027,VST-PR,1.6T 하이브리드,AWD,실버,18,18,18724
2026-09,central,VST,2027,VST-PR,1.6T 하이브리드,AWD,오션 블루,14,14,14403
2026-09,central,VST,2027,VST-PR,1.6T 하이브리드,AWD,선셋 레드,11,11,11522
2026-09,central,VST,2027,VST-PR,1.6T 하이브리드,AWD,포레스트 그린,7,7,7201
2026-09,central,VST,2027,VST-PR,1.6T 하이브리드,AWD,샌드 베이지,7,7,7201
2026-09,central,VST,2027,VST-PR,1.6T 하이브리드,FWD,스노우 화이트,30,31,32229
2026-09,central,VST,2027,VST-PR,1.6T 하이브리드,FWD,미드나잇 블랙,24,24,25515
2026-09,central,VST,2027,VST-PR,1.6T 하이브리드,FWD,스틸 그레이,20,21,21486
2026-09,central,VST,2027,VST-PR,1.6T 하이브리드,FWD,실버,16,17,17458
2026-09,central,VST,2027,VST-PR,1.6T 하이브리드,FWD,오션 블루,13,13,13429
2026-09,central,VST,2027,VST-PR,1.6T 하이브리드,FWD,선셋 레드,10,10,10743
2026-09,central,VST,2027,VST-PR,1.6T 하이브리드,FWD,포레스트 그린,6,6,6714
2026-09,central,VST,2027,VST-PR,1.6T 하이브리드,FWD,샌드 베이지,6,6,6714
2026-09,central,VST,2027,VST-TR,2.5 가솔린,AWD,스노우 화이트,11,11,16869
2026-09,central,VST,2027,VST-TR,2.5 가솔린,AWD,미드나잇 블랙,9,9,13354
2026-09,central,VST,2027,VST-TR,2.5 가솔린,AWD,스틸 그레이,7,7,11246
2026-09,central,VST,2027,VST-TR,2.5 가솔린,AWD,실버,6,6,9137
2026-09,central,VST,2027,VST-TR,2.5 가솔린,AWD,오션 블루,5,5,7029
2026-09,central,VST,2027,VST-TR,2.5 가솔린,AWD,선셋 레드,4,4,5623
2026-09,central,VST,2027,VST-TR,2.5 가솔린,AWD,포레스트 그린,2,2,3514
2026-09,central,VST,2027,VST-TR,2.5 가솔린,AWD,샌드 베이지,2,2,3514
2026-09,central,VST,2027,VST-TR,2.5 가솔린,FWD,스노우 화이트,10,10,15728
2026-09,central,VST,2027,VST-TR,2.5 가솔린,FWD,미드나잇 블랙,8,8,12451
2026-09,central,VST,2027,VST-TR,2.5 가솔린,FWD,스틸 그레이,7,7,10485
2026-09,central,VST,2027,VST-TR,2.5 가솔린,FWD,실버,5,6,8519
2026-09,central,VST,2027,VST-TR,2.5 가솔린,FWD,오션 블루,4,4,6553
2026-09,central,VST,2027,VST-TR,2.5 가솔린,FWD,선셋 레드,3,3,5243
2026-09,central,VST,2027,VST-TR,2.5 가솔린,FWD,포레스트 그린,2,2,3277
2026-09,central,VST,2027,VST-TR,2.5 가솔린,FWD,샌드 베이지,2,2,3277
2026-09,central,VST,2027,VST-TR,1.6T 하이브리드,AWD,스노우 화이트,13,14,20617
2026-09,central,VST,2027,VST-TR,1.6T 하이브리드,AWD,미드나잇 블랙,11,11,16322
2026-09,central,VST,2027,VST-TR,1.6T 하이브리드,AWD,스틸 그레이,9,9,13745
2026-09,central,VST,2027,VST-TR,1.6T 하이브리드,AWD,실버,7,7,11168
2026-09,central,VST,2027,VST-TR,1.6T 하이브리드,AWD,오션 블루,6,6,8591
2026-09,central,VST,2027,VST-TR,1.6T 하이브리드,AWD,선셋 레드,4,5,6872
2026-09,central,VST,2027,VST-TR,1.6T 하이브리드,AWD,포레스트 그린,3,3,4295
2026-09,central,VST,2027,VST-TR,1.6T 하이브리드,AWD,샌드 베이지,3,3,4295
2026-09,central,VST,2027,VST-TR,1.6T 하이브리드,FWD,스노우 화이트,12,13,19223
2026-09,central,VST,2027,VST-TR,1.6T 하이브리드,FWD,미드나잇 블랙,10,10,15218
2026-09,central,VST,2027,VST-TR,1.6T 하이브리드,FWD,스틸 그레이,8,8,12815
2026-09,central,VST,2027,VST-TR,1.6T 하이브리드,FWD,실버,7,7,10412
2026-09,central,VST,2027,VST-TR,1.6T 하이브리드,FWD,오션 블루,5,5,8010
2026-09,central,VST,2027,VST-TR,1.6T 하이브리드,FWD,선셋 레드,4,4,6408
2026-09,central,VST,2027,VST-TR,1.6T 하이브리드,FWD,포레스트 그린,3,3,4005
2026-09,central,VST,2027,VST-TR,1.6T 하이브리드,FWD,샌드 베이지,3,3,4005
2026-09,south,VST,2026,VST-CO,2.5 가솔린,AWD,스노우 화이트,28,28,21917
2026-09,south,VST,2026,VST-CO,2.5 가솔린,AWD,미드나잇 블랙,22,22,17351
2026-09,south,VST,2026,VST-CO,2.5 가솔린,AWD,스틸 그레이,19,19,14611
2026-09,south,VST,2026,VST-CO,2.5 가솔린,AWD,실버,15,15,11872
2026-09,south,VST,2026,VST-CO,2.5 가솔린,AWD,오션 블루,12,12,9132
2026-09,south,VST,2026,VST-CO,2.5 가솔린,AWD,선셋 레드,9,9,7306
2026-09,south,VST,2026,VST-CO,2.5 가솔린,AWD,포레스트 그린,6,6,4566
2026-09,south,VST,2026,VST-CO,2.5 가솔린,AWD,샌드 베이지,6,6,4566
2026-09,south,VST,2026,VST-CO,2.5 가솔린,FWD,스노우 화이트,58,59,45727
2026-09,south,VST,2026,VST-CO,2.5 가솔린,FWD,미드나잇 블랙,46,47,36201
2026-09,south,VST,2026,VST-CO,2.5 가솔린,FWD,스틸 그레이,39,40,30485
2026-09,south,VST,2026,VST-CO,2.5 가솔린,FWD,실버,31,32,24769
2026-09,south,VST,2026,VST-CO,2.5 가솔린,FWD,오션 블루,24,25,19053
2026-09,south,VST,2026,VST-CO,2.5 가솔린,FWD,선셋 레드,19,20,15242
2026-09,south,VST,2026,VST-CO,2.5 가솔린,FWD,포레스트 그린,12,12,9527
2026-09,south,VST,2026,VST-CO,2.5 가솔린,FWD,샌드 베이지,12,12,9527
2026-09,south,VST,2026,VST-CO,1.6T 하이브리드,AWD,스노우 화이트,34,35,26787
2026-09,south,VST,2026,VST-CO,1.6T 하이브리드,AWD,미드나잇 블랙,27,27,21206
2026-09,south,VST,2026,VST-CO,1.6T 하이브리드,AWD,스틸 그레이,23,23,17858
2026-09,south,VST,2026,VST-CO,1.6T 하이브리드,AWD,실버,18,19,14510
2026-09,south,VST,2026,VST-CO,1.6T 하이브리드,AWD,오션 블루,14,14,11161
2026-09,south,VST,2026,VST-CO,1.6T 하이브리드,AWD,선셋 레드,11,12,8929
2026-09,south,VST,2026,VST-CO,1.6T 하이브리드,AWD,포레스트 그린,7,7,5581
2026-09,south,VST,2026,VST-CO,1.6T 하이브리드,AWD,샌드 베이지,7,7,5581
2026-09,south,VST,2026,VST-CO,1.6T 하이브리드,FWD,스노우 화이트,71,72,55889
2026-09,south,VST,2026,VST-CO,1.6T 하이브리드,FWD,미드나잇 블랙,56,57,44246
2026-09,south,VST,2026,VST-CO,1.6T 하이브리드,FWD,스틸 그레이,47,48,37259
2026-09,south,VST,2026,VST-CO,1.6T 하이브리드,FWD,실버,38,39,30273
2026-09,south,VST,2026,VST-CO,1.6T 하이브리드,FWD,오션 블루,30,30,23287
2026-09,south,VST,2026,VST-CO,1.6T 하이브리드,FWD,선셋 레드,24,24,18630
2026-09,south,VST,2026,VST-CO,1.6T 하이브리드,FWD,포레스트 그린,15,15,11644
2026-09,south,VST,2026,VST-CO,1.6T 하이브리드,FWD,샌드 베이지,15,15,11644
2026-09,south,VST,2026,VST-PR,2.5 가솔린,AWD,스노우 화이트,32,33,34373
2026-09,south,VST,2026,VST-PR,2.5 가솔린,AWD,미드나잇 블랙,26,26,27212
2026-09,south,VST,2026,VST-PR,2.5 가솔린,AWD,스틸 그레이,22,22,22915
2026-09,south,VST,2026,VST-PR,2.5 가솔린,AWD,실버,17,18,18619
2026-09,south,VST,2026,VST-PR,2.5 가솔린,AWD,오션 블루,13,14,14322
2026-09,south,VST,2026,VST-PR,2.5 가솔린,AWD,선셋 레드,11,11,11458
2026-09,south,VST,2026,VST-PR,2.5 가솔린,AWD,포레스트 그린,7,7,7161
2026-09,south,VST,2026,VST-PR,2.5 가솔린,AWD,샌드 베이지,7,7,7161
2026-09,south,VST,2026,VST-PR,2.5 가솔린,FWD,스노우 화이트,67,69,71716
2026-09,south,VST,2026,VST-PR,2.5 가솔린,FWD,미드나잇 블랙,53,54,56775
2026-09,south,VST,2026,VST-PR,2.5 가솔린,FWD,스틸 그레이,45,46,47810
2026-09,south,VST,2026,VST-PR,2.5 가솔린,FWD,실버,36,37,38846
2026-09,south,VST,2026,VST-PR,2.5 가솔린,FWD,오션 블루,28,29,29882
2026-09,south,VST,2026,VST-PR,2.5 가솔린,FWD,선셋 레드,22,23,23905
2026-09,south,VST,2026,VST-PR,2.5 가솔린,FWD,포레스트 그린,14,14,14941
2026-09,south,VST,2026,VST-PR,2.5 가솔린,FWD,샌드 베이지,14,14,14941
2026-09,south,VST,2026,VST-PR,1.6T 하이브리드,AWD,스노우 화이트,39,40,42011
2026-09,south,VST,2026,VST-PR,1.6T 하이브리드,AWD,미드나잇 블랙,31,32,33259
2026-09,south,VST,2026,VST-PR,1.6T 하이브리드,AWD,스틸 그레이,26,27,28007
2026-09,south,VST,2026,VST-PR,1.6T 하이브리드,AWD,실버,21,22,22756
2026-09,south,VST,2026,VST-PR,1.6T 하이브리드,AWD,오션 블루,16,17,17505
2026-09,south,VST,2026,VST-PR,1.6T 하이브리드,AWD,선셋 레드,13,13,14004
2026-09,south,VST,2026,VST-PR,1.6T 하이브리드,AWD,포레스트 그린,8,8,8752
2026-09,south,VST,2026,VST-PR,1.6T 하이브리드,AWD,샌드 베이지,8,8,8752
2026-09,south,VST,2026,VST-PR,1.6T 하이브리드,FWD,스노우 화이트,82,84,87653
2026-09,south,VST,2026,VST-PR,1.6T 하이브리드,FWD,미드나잇 블랙,65,66,69392
2026-09,south,VST,2026,VST-PR,1.6T 하이브리드,FWD,스틸 그레이,55,56,58435
2026-09,south,VST,2026,VST-PR,1.6T 하이브리드,FWD,실버,45,45,47478
2026-09,south,VST,2026,VST-PR,1.6T 하이브리드,FWD,오션 블루,34,35,36522
2026-09,south,VST,2026,VST-PR,1.6T 하이브리드,FWD,선셋 레드,27,28,29218
2026-09,south,VST,2026,VST-PR,1.6T 하이브리드,FWD,포레스트 그린,17,17,18261
2026-09,south,VST,2026,VST-PR,1.6T 하이브리드,FWD,샌드 베이지,17,17,18261
2026-09,south,VST,2026,VST-TR,2.5 가솔린,AWD,스노우 화이트,13,13,20501
2026-09,south,VST,2026,VST-TR,2.5 가솔린,AWD,미드나잇 블랙,10,11,16230
2026-09,south,VST,2026,VST-TR,2.5 가솔린,AWD,스틸 그레이,9,9,13668
2026-09,south,VST,2026,VST-TR,2.5 가솔린,AWD,실버,7,7,11105
2026-09,south,VST,2026,VST-TR,2.5 가솔린,AWD,오션 블루,5,6,8542
2026-09,south,VST,2026,VST-TR,2.5 가솔린,AWD,선셋 레드,4,4,6834
2026-09,south,VST,2026,VST-TR,2.5 가솔린,AWD,포레스트 그린,3,3,4271
2026-09,south,VST,2026,VST-TR,2.5 가솔린,AWD,샌드 베이지,3,3,4271
2026-09,south,VST,2026,VST-TR,2.5 가솔린,FWD,스노우 화이트,28,28,42775
2026-09,south,VST,2026,VST-TR,2.5 가솔린,FWD,미드나잇 블랙,22,22,33863
2026-09,south,VST,2026,VST-TR,2.5 가솔린,FWD,스틸 그레이,18,19,28516
2026-09,south,VST,2026,VST-TR,2.5 가솔린,FWD,실버,15,15,23170
2026-09,south,VST,2026,VST-TR,2.5 가솔린,FWD,오션 블루,11,12,17823
2026-09,south,VST,2026,VST-TR,2.5 가솔린,FWD,선셋 레드,9,9,14258
2026-09,south,VST,2026,VST-TR,2.5 가솔린,FWD,포레스트 그린,6,6,8911
2026-09,south,VST,2026,VST-TR,2.5 가솔린,FWD,샌드 베이지,6,6,8911
2026-09,south,VST,2026,VST-TR,1.6T 하이브리드,AWD,스노우 화이트,16,16,25057
2026-09,south,VST,2026,VST-TR,1.6T 하이브리드,AWD,미드나잇 블랙,13,13,19837
2026-09,south,VST,2026,VST-TR,1.6T 하이브리드,AWD,스틸 그레이,11,11,16705
2026-09,south,VST,2026,VST-TR,1.6T 하이브리드,AWD,실버,9,9,13573
2026-09,south,VST,2026,VST-TR,1.6T 하이브리드,AWD,오션 블루,7,7,10441
2026-09,south,VST,2026,VST-TR,1.6T 하이브리드,AWD,선셋 레드,5,5,8352
2026-09,south,VST,2026,VST-TR,1.6T 하이브리드,AWD,포레스트 그린,3,3,5220
2026-09,south,VST,2026,VST-TR,1.6T 하이브리드,AWD,샌드 베이지,3,3,5220
2026-09,south,VST,2026,VST-TR,1.6T 하이브리드,FWD,스노우 화이트,34,34,52280
2026-09,south,VST,2026,VST-TR,1.6T 하이브리드,FWD,미드나잇 블랙,27,27,41388
2026-09,south,VST,2026,VST-TR,1.6T 하이브리드,FWD,스틸 그레이,22,23,34853
2026-09,south,VST,2026,VST-TR,1.6T 하이브리드,FWD,실버,18,19,28318
2026-09,south,VST,2026,VST-TR,1.6T 하이브리드,FWD,오션 블루,14,14,21783
2026-09,south,VST,2026,VST-TR,1.6T 하이브리드,FWD,선셋 레드,11,11,17427
2026-09,south,VST,2026,VST-TR,1.6T 하이브리드,FWD,포레스트 그린,7,7,10892
2026-09,south,VST,2026,VST-TR,1.6T 하이브리드,FWD,샌드 베이지,7,7,10892
2026-09,south,VST,2027,VST-CO,2.5 가솔린,AWD,스노우 화이트,19,19,14611
2026-09,south,VST,2027,VST-CO,2.5 가솔린,AWD,미드나잇 블랙,15,15,11567
2026-09,south,VST,2027,VST-CO,2.5 가솔린,AWD,스틸 그레이,12,13,9741
2026-09,south,VST,2027,VST-CO,2.5 가솔린,AWD,실버,10,10,7914
2026-09,south,VST,2027,VST-CO,2.5 가솔린,AWD,오션 블루,8,8,6088
2026-09,south,VST,2027,VST-CO,2.5 가솔린,AWD,선셋 레드,6,6,4870
2026-09,south,VST,2027,VST-CO,2.5 가솔린,AWD,포레스트 그린,4,4,3044
2026-09,south,VST,2027,VST-CO,2.5 가솔린,AWD,샌드 베이지,4,4,3044
2026-09,south,VST,2027,VST-CO,2.5 가솔린,FWD,스노우 화이트,39,40,30485
2026-09,south,VST,2027,VST-CO,2.5 가솔린,FWD,미드나잇 블랙,31,31,24134
2026-09,south,VST,2027,VST-CO,2.5 가솔린,FWD,스틸 그레이,26,26,20323
2026-09,south,VST,2027,VST-CO,2.5 가솔린,FWD,실버,21,21,16513
2026-09,south,VST,2027,VST-CO,2.5 가솔린,FWD,오션 블루,16,16,12702
2026-09,south,VST,2027,VST-CO,2.5 가솔린,FWD,선셋 레드,13,13,10162
2026-09,south,VST,2027,VST-CO,2.5 가솔린,FWD,포레스트 그린,8,8,6351
2026-09,south,VST,2027,VST-CO,2.5 가솔린,FWD,샌드 베이지,8,8,6351
2026-09,south,VST,2027,VST-CO,1.6T 하이브리드,AWD,스노우 화이트,23,23,17858
2026-09,south,VST,2027,VST-CO,1.6T 하이브리드,AWD,미드나잇 블랙,18,18,14138
2026-09,south,VST,2027,VST-CO,1.6T 하이브리드,AWD,스틸 그레이,15,15,11905
2026-09,south,VST,2027,VST-CO,1.6T 하이브리드,AWD,실버,12,13,9673
2026-09,south,VST,2027,VST-CO,1.6T 하이브리드,AWD,오션 블루,9,10,7441
2026-09,south,VST,2027,VST-CO,1.6T 하이브리드,AWD,선셋 레드,8,8,5953
2026-09,south,VST,2027,VST-CO,1.6T 하이브리드,AWD,포레스트 그린,5,5,3720
2026-09,south,VST,2027,VST-CO,1.6T 하이브리드,AWD,샌드 베이지,5,5,3720
2026-09,south,VST,2027,VST-CO,1.6T 하이브리드,FWD,스노우 화이트,47,48,37259
2026-09,south,VST,2027,VST-CO,1.6T 하이브리드,FWD,미드나잇 블랙,37,38,29497
2026-09,south,VST,2027,VST-CO,1.6T 하이브리드,FWD,스틸 그레이,32,32,24840
2026-09,south,VST,2027,VST-CO,1.6T 하이브리드,FWD,실버,26,26,20182
2026-09,south,VST,2027,VST-CO,1.6T 하이브리드,FWD,오션 블루,20,20,15525
2026-09,south,VST,2027,VST-CO,1.6T 하이브리드,FWD,선셋 레드,16,16,12420
2026-09,south,VST,2027,VST-CO,1.6T 하이브리드,FWD,포레스트 그린,10,10,7762
2026-09,south,VST,2027,VST-CO,1.6T 하이브리드,FWD,샌드 베이지,10,10,7762
2026-09,south,VST,2027,VST-PR,2.5 가솔린,AWD,스노우 화이트,22,22,22915
2026-09,south,VST,2027,VST-PR,2.5 가솔린,AWD,미드나잇 블랙,17,17,18141
2026-09,south,VST,2027,VST-PR,2.5 가솔린,AWD,스틸 그레이,14,15,15277
2026-09,south,VST,2027,VST-PR,2.5 가솔린,AWD,실버,12,12,12412
2026-09,south,VST,2027,VST-PR,2.5 가솔린,AWD,오션 블루,9,9,9548
2026-09,south,VST,2027,VST-PR,2.5 가솔린,AWD,선셋 레드,7,7,7638
2026-09,south,VST,2027,VST-PR,2.5 가솔린,AWD,포레스트 그린,4,5,4774
2026-09,south,VST,2027,VST-PR,2.5 가솔린,AWD,샌드 베이지,4,5,4774
2026-09,south,VST,2027,VST-PR,2.5 가솔린,FWD,스노우 화이트,45,46,47810
2026-09,south,VST,2027,VST-PR,2.5 가솔린,FWD,미드나잇 블랙,36,36,37850
2026-09,south,VST,2027,VST-PR,2.5 가솔린,FWD,스틸 그레이,30,31,31874
2026-09,south,VST,2027,VST-PR,2.5 가솔린,FWD,실버,24,25,25897
2026-09,south,VST,2027,VST-PR,2.5 가솔린,FWD,오션 블루,19,19,19921
2026-09,south,VST,2027,VST-PR,2.5 가솔린,FWD,선셋 레드,15,15,15937
2026-09,south,VST,2027,VST-PR,2.5 가솔린,FWD,포레스트 그린,9,10,9961
2026-09,south,VST,2027,VST-PR,2.5 가솔린,FWD,샌드 베이지,9,10,9961
2026-09,south,VST,2027,VST-PR,1.6T 하이브리드,AWD,스노우 화이트,26,27,28007
2026-09,south,VST,2027,VST-PR,1.6T 하이브리드,AWD,미드나잇 블랙,21,21,22172
2026-09,south,VST,2027,VST-PR,1.6T 하이브리드,AWD,스틸 그레이,18,18,18672
2026-09,south,VST,2027,VST-PR,1.6T 하이브리드,AWD,실버,14,15,15171
2026-09,south,VST,2027,VST-PR,1.6T 하이브리드,AWD,오션 블루,11,11,11670
2026-09,south,VST,2027,VST-PR,1.6T 하이브리드,AWD,선셋 레드,9,9,9336
2026-09,south,VST,2027,VST-PR,1.6T 하이브리드,AWD,포레스트 그린,5,6,5835
2026-09,south,VST,2027,VST-PR,1.6T 하이브리드,AWD,샌드 베이지,5,6,5835
2026-09,south,VST,2027,VST-PR,1.6T 하이브리드,FWD,스노우 화이트,55,56,58435
2026-09,south,VST,2027,VST-PR,1.6T 하이브리드,FWD,미드나잇 블랙,43,44,46261
2026-09,south,VST,2027,VST-PR,1.6T 하이브리드,FWD,스틸 그레이,37,37,38957
2026-09,south,VST,2027,VST-PR,1.6T 하이브리드,FWD,실버,30,30,31652
2026-09,south,VST,2027,VST-PR,1.6T 하이브리드,FWD,오션 블루,23,23,24348
2026-09,south,VST,2027,VST-PR,1.6T 하이브리드,FWD,선셋 레드,18,19,19478
2026-09,south,VST,2027,VST-PR,1.6T 하이브리드,FWD,포레스트 그린,11,12,12174
2026-09,south,VST,2027,VST-PR,1.6T 하이브리드,FWD,샌드 베이지,11,12,12174
2026-09,south,VST,2027,VST-TR,2.5 가솔린,AWD,스노우 화이트,9,9,13668
2026-09,south,VST,2027,VST-TR,2.5 가솔린,AWD,미드나잇 블랙,7,7,10820
2026-09,south,VST,2027,VST-TR,2.5 가솔린,AWD,스틸 그레이,6,6,9112
2026-09,south,VST,2027,VST-TR,2.5 가솔린,AWD,실버,5,5,7403
2026-09,south,VST,2027,VST-TR,2.5 가솔린,AWD,오션 블루,4,4,5695
2026-09,south,VST,2027,VST-TR,2.5 가솔린,AWD,선셋 레드,3,3,4556
2026-09,south,VST,2027,VST-TR,2.5 가솔린,AWD,포레스트 그린,2,2,2847
2026-09,south,VST,2027,VST-TR,2.5 가솔린,AWD,샌드 베이지,2,2,2847
2026-09,south,VST,2027,VST-TR,2.5 가솔린,FWD,스노우 화이트,18,19,28516
2026-09,south,VST,2027,VST-TR,2.5 가솔린,FWD,미드나잇 블랙,15,15,22575
2026-09,south,VST,2027,VST-TR,2.5 가솔린,FWD,스틸 그레이,12,12,19011
2026-09,south,VST,2027,VST-TR,2.5 가솔린,FWD,실버,10,10,15446
2026-09,south,VST,2027,VST-TR,2.5 가솔린,FWD,오션 블루,8,8,11882
2026-09,south,VST,2027,VST-TR,2.5 가솔린,FWD,선셋 레드,6,6,9505
2026-09,south,VST,2027,VST-TR,2.5 가솔린,FWD,포레스트 그린,4,4,5941
2026-09,south,VST,2027,VST-TR,2.5 가솔린,FWD,샌드 베이지,4,4,5941
2026-09,south,VST,2027,VST-TR,1.6T 하이브리드,AWD,스노우 화이트,11,11,16705
2026-09,south,VST,2027,VST-TR,1.6T 하이브리드,AWD,미드나잇 블랙,9,9,13225
2026-09,south,VST,2027,VST-TR,1.6T 하이브리드,AWD,스틸 그레이,7,7,11137
2026-09,south,VST,2027,VST-TR,1.6T 하이브리드,AWD,실버,6,6,9048
2026-09,south,VST,2027,VST-TR,1.6T 하이브리드,AWD,오션 블루,4,5,6960
2026-09,south,VST,2027,VST-TR,1.6T 하이브리드,AWD,선셋 레드,4,4,5568
2026-09,south,VST,2027,VST-TR,1.6T 하이브리드,AWD,포레스트 그린,2,2,3480
2026-09,south,VST,2027,VST-TR,1.6T 하이브리드,AWD,샌드 베이지,2,2,3480
2026-09,south,VST,2027,VST-TR,1.6T 하이브리드,FWD,스노우 화이트,22,23,34853
2026-09,south,VST,2027,VST-TR,1.6T 하이브리드,FWD,미드나잇 블랙,18,18,27592
2026-09,south,VST,2027,VST-TR,1.6T 하이브리드,FWD,스틸 그레이,15,15,23236
2026-09,south,VST,2027,VST-TR,1.6T 하이브리드,FWD,실버,12,12,18879
2026-09,south,VST,2027,VST-TR,1.6T 하이브리드,FWD,오션 블루,9,10,14522
2026-09,south,VST,2027,VST-TR,1.6T 하이브리드,FWD,선셋 레드,7,8,11618
2026-09,south,VST,2027,VST-TR,1.6T 하이브리드,FWD,포레스트 그린,5,5,7261
2026-09,south,VST,2027,VST-TR,1.6T 하이브리드,FWD,샌드 베이지,5,5,7261
2026-09,northeast,VST,2026,VST-CO,2.5 가솔린,AWD,스노우 화이트,39,40,30578
2026-09,northeast,VST,2026,VST-CO,2.5 가솔린,AWD,미드나잇 블랙,31,31,24208
2026-09,northeast,VST,2026,VST-CO,2.5 가솔린,AWD,스틸 그레이,26,26,20385
2026-09,northeast,VST,2026,VST-CO,2.5 가솔린,AWD,실버,21,21,16563
2026-09,northeast,VST,2026,VST-CO,2.5 가솔린,AWD,오션 블루,16,17,12741
2026-09,northeast,VST,2026,VST-CO,2.5 가솔린,AWD,선셋 레드,13,13,10193
2026-09,northeast,VST,2026,VST-CO,2.5 가솔린,AWD,포레스트 그린,8,8,6370
2026-09,northeast,VST,2026,VST-CO,2.5 가솔린,AWD,샌드 베이지,8,8,6370
2026-09,northeast,VST,2026,VST-CO,2.5 가솔린,FWD,스노우 화이트,28,28,21692
2026-09,northeast,VST,2026,VST-CO,2.5 가솔린,FWD,미드나잇 블랙,22,22,17173
2026-09,northeast,VST,2026,VST-CO,2.5 가솔린,FWD,스틸 그레이,18,19,14461
2026-09,northeast,VST,2026,VST-CO,2.5 가솔린,FWD,실버,15,15,11750
2026-09,northeast,VST,2026,VST-CO,2.5 가솔린,FWD,오션 블루,11,12,9038
2026-09,northeast,VST,2026,VST-CO,2.5 가솔린,FWD,선셋 레드,9,9,7231
2026-09,northeast,VST,2026,VST-CO,2.5 가솔린,FWD,포레스트 그린,6,6,4519
2026-09,northeast,VST,2026,VST-CO,2.5 가솔린,FWD,샌드 베이지,6,6,4519
2026-09,northeast,VST,2026,VST-CO,1.6T 하이브리드,AWD,스노우 화이트,48,48,37373
2026-09,northeast,VST,2026,VST-CO,1.6T 하이브리드,AWD,미드나잇 블랙,38,38,29587
2026-09,northeast,VST,2026,VST-CO,1.6T 하이브리드,AWD,스틸 그레이,32,32,24916
2026-09,northeast,VST,2026,VST-CO,1.6T 하이브리드,AWD,실버,26,26,20244
2026-09,northeast,VST,2026,VST-CO,1.6T 하이브리드,AWD,오션 블루,20,20,15572
2026-09,northeast,VST,2026,VST-CO,1.6T 하이브리드,AWD,선셋 레드,16,16,12458
2026-09,northeast,VST,2026,VST-CO,1.6T 하이브리드,AWD,포레스트 그린,10,10,7786
2026-09,northeast,VST,2026,VST-CO,1.6T 하이브리드,AWD,샌드 베이지,10,10,7786
2026-09,northeast,VST,2026,VST-CO,1.6T 하이브리드,FWD,스노우 화이트,34,34,26513
2026-09,northeast,VST,2026,VST-CO,1.6T 하이브리드,FWD,미드나잇 블랙,27,27,20989
2026-09,northeast,VST,2026,VST-CO,1.6T 하이브리드,FWD,스틸 그레이,22,23,17675
2026-09,northeast,VST,2026,VST-CO,1.6T 하이브리드,FWD,실버,18,19,14361
2026-09,northeast,VST,2026,VST-CO,1.6T 하이브리드,FWD,오션 블루,14,14,11047
2026-09,northeast,VST,2026,VST-CO,1.6T 하이브리드,FWD,선셋 레드,11,11,8838
2026-09,northeast,VST,2026,VST-CO,1.6T 하이브리드,FWD,포레스트 그린,7,7,5523
2026-09,northeast,VST,2026,VST-CO,1.6T 하이브리드,FWD,샌드 베이지,7,7,5523
2026-09,northeast,VST,2026,VST-PR,2.5 가솔린,AWD,스노우 화이트,45,46,47957
2026-09,northeast,VST,2026,VST-PR,2.5 가솔린,AWD,미드나잇 블랙,36,36,37966
2026-09,northeast,VST,2026,VST-PR,2.5 가솔린,AWD,스틸 그레이,30,31,31971
2026-09,northeast,VST,2026,VST-PR,2.5 가솔린,AWD,실버,24,25,25977
2026-09,northeast,VST,2026,VST-PR,2.5 가솔린,AWD,오션 블루,19,19,19982
2026-09,northeast,VST,2026,VST-PR,2.5 가솔린,AWD,선셋 레드,15,15,15986
2026-09,northeast,VST,2026,VST-PR,2.5 가솔린,AWD,포레스트 그린,9,10,9991
2026-09,northeast,VST,2026,VST-PR,2.5 가솔린,AWD,샌드 베이지,9,10,9991
2026-09,northeast,VST,2026,VST-PR,2.5 가솔린,FWD,스노우 화이트,32,33,34021
2026-09,northeast,VST,2026,VST-PR,2.5 가솔린,FWD,미드나잇 블랙,25,26,26933
2026-09,northeast,VST,2026,VST-PR,2.5 가솔린,FWD,스틸 그레이,21,22,22680
2026-09,northeast,VST,2026,VST-PR,2.5 가솔린,FWD,실버,17,18,18428
2026-09,northeast,VST,2026,VST-PR,2.5 가솔린,FWD,오션 블루,13,14,14175
2026-09,northeast,VST,2026,VST-PR,2.5 가솔린,FWD,선셋 레드,11,11,11340
2026-09,northeast,VST,2026,VST-PR,2.5 가솔린,FWD,포레스트 그린,7,7,7088
2026-09,northeast,VST,2026,VST-PR,2.5 가솔린,FWD,샌드 베이지,7,7,7088
2026-09,northeast,VST,2026,VST-PR,1.6T 하이브리드,AWD,스노우 화이트,55,56,58614
2026-09,northeast,VST,2026,VST-PR,1.6T 하이브리드,AWD,미드나잇 블랙,44,44,46403
2026-09,northeast,VST,2026,VST-PR,1.6T 하이브리드,AWD,스틸 그레이,37,37,39076
2026-09,northeast,VST,2026,VST-PR,1.6T 하이브리드,AWD,실버,30,30,31749
2026-09,northeast,VST,2026,VST-PR,1.6T 하이브리드,AWD,오션 블루,23,23,24422
2026-09,northeast,VST,2026,VST-PR,1.6T 하이브리드,AWD,선셋 레드,18,19,19538
2026-09,northeast,VST,2026,VST-PR,1.6T 하이브리드,AWD,포레스트 그린,11,12,12211
2026-09,northeast,VST,2026,VST-PR,1.6T 하이브리드,AWD,샌드 베이지,11,12,12211
2026-09,northeast,VST,2026,VST-PR,1.6T 하이브리드,FWD,스노우 화이트,39,40,41581
2026-09,northeast,VST,2026,VST-PR,1.6T 하이브리드,FWD,미드나잇 블랙,31,32,32918
2026-09,northeast,VST,2026,VST-PR,1.6T 하이브리드,FWD,스틸 그레이,26,27,27720
2026-09,northeast,VST,2026,VST-PR,1.6T 하이브리드,FWD,실버,21,22,22523
2026-09,northeast,VST,2026,VST-PR,1.6T 하이브리드,FWD,오션 블루,16,17,17325
2026-09,northeast,VST,2026,VST-PR,1.6T 하이브리드,FWD,선셋 레드,13,13,13860
2026-09,northeast,VST,2026,VST-PR,1.6T 하이브리드,FWD,포레스트 그린,8,8,8663
2026-09,northeast,VST,2026,VST-PR,1.6T 하이브리드,FWD,샌드 베이지,8,8,8663
2026-09,northeast,VST,2026,VST-TR,2.5 가솔린,AWD,스노우 화이트,18,19,28604
2026-09,northeast,VST,2026,VST-TR,2.5 가솔린,AWD,미드나잇 블랙,15,15,22645
2026-09,northeast,VST,2026,VST-TR,2.5 가솔린,AWD,스틸 그레이,12,13,19069
2026-09,northeast,VST,2026,VST-TR,2.5 가솔린,AWD,실버,10,10,15494
2026-09,northeast,VST,2026,VST-TR,2.5 가솔린,AWD,오션 블루,8,8,11918
2026-09,northeast,VST,2026,VST-TR,2.5 가솔린,AWD,선셋 레드,6,6,9535
2026-09,northeast,VST,2026,VST-TR,2.5 가솔린,AWD,포레스트 그린,4,4,5959
2026-09,northeast,VST,2026,VST-TR,2.5 가솔린,AWD,샌드 베이지,4,4,5959
2026-09,northeast,VST,2026,VST-TR,2.5 가솔린,FWD,스노우 화이트,13,13,20291
2026-09,northeast,VST,2026,VST-TR,2.5 가솔린,FWD,미드나잇 블랙,10,11,16064
2026-09,northeast,VST,2026,VST-TR,2.5 가솔린,FWD,스틸 그레이,9,9,13528
2026-09,northeast,VST,2026,VST-TR,2.5 가솔린,FWD,실버,7,7,10991
2026-09,northeast,VST,2026,VST-TR,2.5 가솔린,FWD,오션 블루,5,6,8455
2026-09,northeast,VST,2026,VST-TR,2.5 가솔린,FWD,선셋 레드,4,4,6764
2026-09,northeast,VST,2026,VST-TR,2.5 가솔린,FWD,포레스트 그린,3,3,4227
2026-09,northeast,VST,2026,VST-TR,2.5 가솔린,FWD,샌드 베이지,3,3,4227
2026-09,northeast,VST,2026,VST-TR,1.6T 하이브리드,AWD,스노우 화이트,23,23,34960
2026-09,northeast,VST,2026,VST-TR,1.6T 하이브리드,AWD,미드나잇 블랙,18,18,27677
2026-09,northeast,VST,2026,VST-TR,1.6T 하이브리드,AWD,스틸 그레이,15,15,23307
2026-09,northeast,VST,2026,VST-TR,1.6T 하이브리드,AWD,실버,12,12,18937
2026-09,northeast,VST,2026,VST-TR,1.6T 하이브리드,AWD,오션 블루,9,10,14567
2026-09,northeast,VST,2026,VST-TR,1.6T 하이브리드,AWD,선셋 레드,8,8,11653
2026-09,northeast,VST,2026,VST-TR,1.6T 하이브리드,AWD,포레스트 그린,5,5,7283
2026-09,northeast,VST,2026,VST-TR,1.6T 하이브리드,AWD,샌드 베이지,5,5,7283
2026-09,northeast,VST,2026,VST-TR,1.6T 하이브리드,FWD,스노우 화이트,16,16,24801
2026-09,northeast,VST,2026,VST-TR,1.6T 하이브리드,FWD,미드나잇 블랙,13,13,19634
2026-09,northeast,VST,2026,VST-TR,1.6T 하이브리드,FWD,스틸 그레이,11,11,16534
2026-09,northeast,VST,2026,VST-TR,1.6T 하이브리드,FWD,실버,9,9,13434
2026-09,northeast,VST,2026,VST-TR,1.6T 하이브리드,FWD,오션 블루,7,7,10334
2026-09,northeast,VST,2026,VST-TR,1.6T 하이브리드,FWD,선셋 레드,5,5,8267
2026-09,northeast,VST,2026,VST-TR,1.6T 하이브리드,FWD,포레스트 그린,3,3,5167
2026-09,northeast,VST,2026,VST-TR,1.6T 하이브리드,FWD,샌드 베이지,3,3,5167
2026-09,northeast,VST,2027,VST-CO,2.5 가솔린,AWD,스노우 화이트,26,26,20385
2026-09,northeast,VST,2027,VST-CO,2.5 가솔린,AWD,미드나잇 블랙,21,21,16138
2026-09,northeast,VST,2027,VST-CO,2.5 가솔린,AWD,스틸 그레이,17,18,13590
2026-09,northeast,VST,2027,VST-CO,2.5 가솔린,AWD,실버,14,14,11042
2026-09,northeast,VST,2027,VST-CO,2.5 가솔린,AWD,오션 블루,11,11,8494
2026-09,northeast,VST,2027,VST-CO,2.5 가솔린,AWD,선셋 레드,9,9,6795
2026-09,northeast,VST,2027,VST-CO,2.5 가솔린,AWD,포레스트 그린,5,6,4247
2026-09,northeast,VST,2027,VST-CO,2.5 가솔린,AWD,샌드 베이지,5,6,4247
2026-09,northeast,VST,2027,VST-CO,2.5 가솔린,FWD,스노우 화이트,18,19,14461
2026-09,northeast,VST,2027,VST-CO,2.5 가솔린,FWD,미드나잇 블랙,15,15,11449
2026-09,northeast,VST,2027,VST-CO,2.5 가솔린,FWD,스틸 그레이,12,12,9641
2026-09,northeast,VST,2027,VST-CO,2.5 가솔린,FWD,실버,10,10,7833
2026-09,northeast,VST,2027,VST-CO,2.5 가솔린,FWD,오션 블루,8,8,6026
2026-09,northeast,VST,2027,VST-CO,2.5 가솔린,FWD,선셋 레드,6,6,4820
2026-09,northeast,VST,2027,VST-CO,2.5 가솔린,FWD,포레스트 그린,4,4,3013
2026-09,northeast,VST,2027,VST-CO,2.5 가솔린,FWD,샌드 베이지,4,4,3013
2026-09,northeast,VST,2027,VST-CO,1.6T 하이브리드,AWD,스노우 화이트,32,32,24916
2026-09,northeast,VST,2027,VST-CO,1.6T 하이브리드,AWD,미드나잇 블랙,25,26,19725
2026-09,northeast,VST,2027,VST-CO,1.6T 하이브리드,AWD,스틸 그레이,21,22,16610
2026-09,northeast,VST,2027,VST-CO,1.6T 하이브리드,AWD,실버,17,17,13496
2026-09,northeast,VST,2027,VST-CO,1.6T 하이브리드,AWD,오션 블루,13,13,10381
2026-09,northeast,VST,2027,VST-CO,1.6T 하이브리드,AWD,선셋 레드,11,11,8305
2026-09,northeast,VST,2027,VST-CO,1.6T 하이브리드,AWD,포레스트 그린,7,7,5191
2026-09,northeast,VST,2027,VST-CO,1.6T 하이브리드,AWD,샌드 베이지,7,7,5191
2026-09,northeast,VST,2027,VST-CO,1.6T 하이브리드,FWD,스노우 화이트,22,23,17675
2026-09,northeast,VST,2027,VST-CO,1.6T 하이브리드,FWD,미드나잇 블랙,18,18,13993
2026-09,northeast,VST,2027,VST-CO,1.6T 하이브리드,FWD,스틸 그레이,15,15,11783
2026-09,northeast,VST,2027,VST-CO,1.6T 하이브리드,FWD,실버,12,12,9574
2026-09,northeast,VST,2027,VST-CO,1.6T 하이브리드,FWD,오션 블루,9,10,7365
2026-09,northeast,VST,2027,VST-CO,1.6T 하이브리드,FWD,선셋 레드,7,8,5892
2026-09,northeast,VST,2027,VST-CO,1.6T 하이브리드,FWD,포레스트 그린,5,5,3682
2026-09,northeast,VST,2027,VST-CO,1.6T 하이브리드,FWD,샌드 베이지,5,5,3682
2026-09,northeast,VST,2027,VST-PR,2.5 가솔린,AWD,스노우 화이트,30,31,31971
2026-09,northeast,VST,2027,VST-PR,2.5 가솔린,AWD,미드나잇 블랙,24,24,25311
2026-09,northeast,VST,2027,VST-PR,2.5 가솔린,AWD,스틸 그레이,20,20,21314
2026-09,northeast,VST,2027,VST-PR,2.5 가솔린,AWD,실버,16,17,17318
2026-09,northeast,VST,2027,VST-PR,2.5 가솔린,AWD,오션 블루,13,13,13321
2026-09,northeast,VST,2027,VST-PR,2.5 가솔린,AWD,선셋 레드,10,10,10657
2026-09,northeast,VST,2027,VST-PR,2.5 가솔린,AWD,포레스트 그린,6,6,6661
2026-09,northeast,VST,2027,VST-PR,2.5 가솔린,AWD,샌드 베이지,6,6,6661
2026-09,northeast,VST,2027,VST-PR,2.5 가솔린,FWD,스노우 화이트,21,22,22680
2026-09,northeast,VST,2027,VST-PR,2.5 가솔린,FWD,미드나잇 블랙,17,17,17955
2026-09,northeast,VST,2027,VST-PR,2.5 가솔린,FWD,스틸 그레이,14,14,15120
2026-09,northeast,VST,2027,VST-PR,2.5 가솔린,FWD,실버,12,12,12285
2026-09,northeast,VST,2027,VST-PR,2.5 가솔린,FWD,오션 블루,9,9,9450
2026-09,northeast,VST,2027,VST-PR,2.5 가솔린,FWD,선셋 레드,7,7,7560
2026-09,northeast,VST,2027,VST-PR,2.5 가솔린,FWD,포레스트 그린,4,5,4725
2026-09,northeast,VST,2027,VST-PR,2.5 가솔린,FWD,샌드 베이지,4,5,4725
2026-09,northeast,VST,2027,VST-PR,1.6T 하이브리드,AWD,스노우 화이트,37,37,39076
2026-09,northeast,VST,2027,VST-PR,1.6T 하이브리드,AWD,미드나잇 블랙,29,30,30935
2026-09,northeast,VST,2027,VST-PR,1.6T 하이브리드,AWD,스틸 그레이,24,25,26051
2026-09,northeast,VST,2027,VST-PR,1.6T 하이브리드,AWD,실버,20,20,21166
2026-09,northeast,VST,2027,VST-PR,1.6T 하이브리드,AWD,오션 블루,15,16,16282
2026-09,northeast,VST,2027,VST-PR,1.6T 하이브리드,AWD,선셋 레드,12,12,13025
2026-09,northeast,VST,2027,VST-PR,1.6T 하이브리드,AWD,포레스트 그린,8,8,8141
2026-09,northeast,VST,2027,VST-PR,1.6T 하이브리드,AWD,샌드 베이지,8,8,8141
2026-09,northeast,VST,2027,VST-PR,1.6T 하이브리드,FWD,스노우 화이트,26,27,27720
2026-09,northeast,VST,2027,VST-PR,1.6T 하이브리드,FWD,미드나잇 블랙,21,21,21945
2026-09,northeast,VST,2027,VST-PR,1.6T 하이브리드,FWD,스틸 그레이,17,18,18480
2026-09,northeast,VST,2027,VST-PR,1.6T 하이브리드,FWD,실버,14,14,15015
2026-09,northeast,VST,2027,VST-PR,1.6T 하이브리드,FWD,오션 블루,11,11,11550
2026-09,northeast,VST,2027,VST-PR,1.6T 하이브리드,FWD,선셋 레드,9,9,9240
2026-09,northeast,VST,2027,VST-PR,1.6T 하이브리드,FWD,포레스트 그린,5,6,5775
2026-09,northeast,VST,2027,VST-PR,1.6T 하이브리드,FWD,샌드 베이지,5,6,5775
2026-09,northeast,VST,2027,VST-TR,2.5 가솔린,AWD,스노우 화이트,12,13,19069
2026-09,northeast,VST,2027,VST-TR,2.5 가솔린,AWD,미드나잇 블랙,10,10,15096
2026-09,northeast,VST,2027,VST-TR,2.5 가솔린,AWD,스틸 그레이,8,8,12713
2026-09,northeast,VST,2027,VST-TR,2.5 가솔린,AWD,실버,7,7,10329
2026-09,northeast,VST,2027,VST-TR,2.5 가솔린,AWD,오션 블루,5,5,7945
2026-09,northeast,VST,2027,VST-TR,2.5 가솔린,AWD,선셋 레드,4,4,6356
2026-09,northeast,VST,2027,VST-TR,2.5 가솔린,AWD,포레스트 그린,3,3,3973
2026-09,northeast,VST,2027,VST-TR,2.5 가솔린,AWD,샌드 베이지,3,3,3973
2026-09,northeast,VST,2027,VST-TR,2.5 가솔린,FWD,스노우 화이트,9,9,13528
2026-09,northeast,VST,2027,VST-TR,2.5 가솔린,FWD,미드나잇 블랙,7,7,10709
2026-09,northeast,VST,2027,VST-TR,2.5 가솔린,FWD,스틸 그레이,6,6,9018
2026-09,northeast,VST,2027,VST-TR,2.5 가솔린,FWD,실버,5,5,7327
2026-09,northeast,VST,2027,VST-TR,2.5 가솔린,FWD,오션 블루,4,4,5637
2026-09,northeast,VST,2027,VST-TR,2.5 가솔린,FWD,선셋 레드,3,3,4509
2026-09,northeast,VST,2027,VST-TR,2.5 가솔린,FWD,포레스트 그린,2,2,2818
2026-09,northeast,VST,2027,VST-TR,2.5 가솔린,FWD,샌드 베이지,2,2,2818
2026-09,northeast,VST,2027,VST-TR,1.6T 하이브리드,AWD,스노우 화이트,15,15,23307
2026-09,northeast,VST,2027,VST-TR,1.6T 하이브리드,AWD,미드나잇 블랙,12,12,18451
2026-09,northeast,VST,2027,VST-TR,1.6T 하이브리드,AWD,스틸 그레이,10,10,15538
2026-09,northeast,VST,2027,VST-TR,1.6T 하이브리드,AWD,실버,8,8,12624
2026-09,northeast,VST,2027,VST-TR,1.6T 하이브리드,AWD,오션 블루,6,6,9711
2026-09,northeast,VST,2027,VST-TR,1.6T 하이브리드,AWD,선셋 레드,5,5,7769
2026-09,northeast,VST,2027,VST-TR,1.6T 하이브리드,AWD,포레스트 그린,3,3,4856
2026-09,northeast,VST,2027,VST-TR,1.6T 하이브리드,AWD,샌드 베이지,3,3,4856
2026-09,northeast,VST,2027,VST-TR,1.6T 하이브리드,FWD,스노우 화이트,11,11,16534
2026-09,northeast,VST,2027,VST-TR,1.6T 하이브리드,FWD,미드나잇 블랙,8,9,13089
2026-09,northeast,VST,2027,VST-TR,1.6T 하이브리드,FWD,스틸 그레이,7,7,11023
2026-09,northeast,VST,2027,VST-TR,1.6T 하이브리드,FWD,실버,6,6,8956
2026-09,northeast,VST,2027,VST-TR,1.6T 하이브리드,FWD,오션 블루,4,5,6889
2026-09,northeast,VST,2027,VST-TR,1.6T 하이브리드,FWD,선셋 레드,4,4,5511
2026-09,northeast,VST,2027,VST-TR,1.6T 하이브리드,FWD,포레스트 그린,2,2,3445
2026-09,northeast,VST,2027,VST-TR,1.6T 하이브리드,FWD,샌드 베이지,2,2,3445
2026-09,southeast,VST,2026,VST-CO,2.5 가솔린,AWD,스노우 화이트,27,27,21170
2026-09,southeast,VST,2026,VST-CO,2.5 가솔린,AWD,미드나잇 블랙,21,22,16759
2026-09,southeast,VST,2026,VST-CO,2.5 가솔린,AWD,스틸 그레이,18,18,14113
2026-09,southeast,VST,2026,VST-CO,2.5 가솔린,AWD,실버,15,15,11467
2026-09,southeast,VST,2026,VST-CO,2.5 가솔린,AWD,오션 블루,11,11,8821
2026-09,southeast,VST,2026,VST-CO,2.5 가솔린,AWD,선셋 레드,9,9,7057
2026-09,southeast,VST,2026,VST-CO,2.5 가솔린,AWD,포레스트 그린,6,6,4410
2026-09,southeast,VST,2026,VST-CO,2.5 가솔린,AWD,샌드 베이지,6,6,4410
2026-09,southeast,VST,2026,VST-CO,2.5 가솔린,FWD,스노우 화이트,43,44,34176
2026-09,southeast,VST,2026,VST-CO,2.5 가솔린,FWD,미드나잇 블랙,34,35,27056
2026-09,southeast,VST,2026,VST-CO,2.5 가솔린,FWD,스틸 그레이,29,30,22784
2026-09,southeast,VST,2026,VST-CO,2.5 가솔린,FWD,실버,24,24,18512
2026-09,southeast,VST,2026,VST-CO,2.5 가솔린,FWD,오션 블루,18,18,14240
2026-09,southeast,VST,2026,VST-CO,2.5 가솔린,FWD,선셋 레드,14,15,11392
2026-09,southeast,VST,2026,VST-CO,2.5 가솔린,FWD,포레스트 그린,9,9,7120
2026-09,southeast,VST,2026,VST-CO,2.5 가솔린,FWD,샌드 베이지,9,9,7120
2026-09,southeast,VST,2026,VST-CO,1.6T 하이브리드,AWD,스노우 화이트,33,34,25874
2026-09,southeast,VST,2026,VST-CO,1.6T 하이브리드,AWD,미드나잇 블랙,26,27,20483
2026-09,southeast,VST,2026,VST-CO,1.6T 하이브리드,AWD,스틸 그레이,22,22,17249
2026-09,southeast,VST,2026,VST-CO,1.6T 하이브리드,AWD,실버,18,18,14015
2026-09,southeast,VST,2026,VST-CO,1.6T 하이브리드,AWD,오션 블루,14,14,10781
2026-09,southeast,VST,2026,VST-CO,1.6T 하이브리드,AWD,선셋 레드,11,11,8625
2026-09,southeast,VST,2026,VST-CO,1.6T 하이브리드,AWD,포레스트 그린,7,7,5390
2026-09,southeast,VST,2026,VST-CO,1.6T 하이브리드,AWD,샌드 베이지,7,7,5390
2026-09,southeast,VST,2026,VST-CO,1.6T 하이브리드,FWD,스노우 화이트,53,54,41770
2026-09,southeast,VST,2026,VST-CO,1.6T 하이브리드,FWD,미드나잇 블랙,42,43,33068
2026-09,southeast,VST,2026,VST-CO,1.6T 하이브리드,FWD,스틸 그레이,35,36,27847
2026-09,southeast,VST,2026,VST-CO,1.6T 하이브리드,FWD,실버,29,29,22626
2026-09,southeast,VST,2026,VST-CO,1.6T 하이브리드,FWD,오션 블루,22,23,17404
2026-09,southeast,VST,2026,VST-CO,1.6T 하이브리드,FWD,선셋 레드,18,18,13923
2026-09,southeast,VST,2026,VST-CO,1.6T 하이브리드,FWD,포레스트 그린,11,11,8702
2026-09,southeast,VST,2026,VST-CO,1.6T 하이브리드,FWD,샌드 베이지,11,11,8702
2026-09,southeast,VST,2026,VST-PR,2.5 가솔린,AWD,스노우 화이트,31,32,33201
2026-09,southeast,VST,2026,VST-PR,2.5 가솔린,AWD,미드나잇 블랙,25,25,26284
2026-09,southeast,VST,2026,VST-PR,2.5 가솔린,AWD,스틸 그레이,21,21,22134
2026-09,southeast,VST,2026,VST-PR,2.5 가솔린,AWD,실버,17,17,17984
2026-09,southeast,VST,2026,VST-PR,2.5 가솔린,AWD,오션 블루,13,13,13834
2026-09,southeast,VST,2026,VST-PR,2.5 가솔린,AWD,선셋 레드,10,11,11067
2026-09,southeast,VST,2026,VST-PR,2.5 가솔린,AWD,포레스트 그린,6,7,6917
2026-09,southeast,VST,2026,VST-PR,2.5 가솔린,AWD,샌드 베이지,6,7,6917
2026-09,southeast,VST,2026,VST-PR,2.5 가솔린,FWD,스노우 화이트,50,51,53599
2026-09,southeast,VST,2026,VST-PR,2.5 가솔린,FWD,미드나잇 블랙,40,41,42432
2026-09,southeast,VST,2026,VST-PR,2.5 가솔린,FWD,스틸 그레이,34,34,35732
2026-09,southeast,VST,2026,VST-PR,2.5 가솔린,FWD,실버,27,28,29033
2026-09,southeast,VST,2026,VST-PR,2.5 가솔린,FWD,오션 블루,21,21,22333
2026-09,southeast,VST,2026,VST-PR,2.5 가솔린,FWD,선셋 레드,17,17,17866
2026-09,southeast,VST,2026,VST-PR,2.5 가솔린,FWD,포레스트 그린,10,11,11166
2026-09,southeast,VST,2026,VST-PR,2.5 가솔린,FWD,샌드 베이지,10,11,11166
2026-09,southeast,VST,2026,VST-PR,1.6T 하이브리드,AWD,스노우 화이트,38,39,40579
2026-09,southeast,VST,2026,VST-PR,1.6T 하이브리드,AWD,미드나잇 블랙,30,31,32125
2026-09,southeast,VST,2026,VST-PR,1.6T 하이브리드,AWD,스틸 그레이,25,26,27053
2026-09,southeast,VST,2026,VST-PR,1.6T 하이브리드,AWD,실버,21,21,21980
2026-09,southeast,VST,2026,VST-PR,1.6T 하이브리드,AWD,오션 블루,16,16,16908
2026-09,southeast,VST,2026,VST-PR,1.6T 하이브리드,AWD,선셋 레드,13,13,13526
2026-09,southeast,VST,2026,VST-PR,1.6T 하이브리드,AWD,포레스트 그린,8,8,8454
2026-09,southeast,VST,2026,VST-PR,1.6T 하이브리드,AWD,샌드 베이지,8,8,8454
2026-09,southeast,VST,2026,VST-PR,1.6T 하이브리드,FWD,스노우 화이트,61,63,65510
2026-09,southeast,VST,2026,VST-PR,1.6T 하이브리드,FWD,미드나잇 블랙,49,50,51862
2026-09,southeast,VST,2026,VST-PR,1.6T 하이브리드,FWD,스틸 그레이,41,42,43673
2026-09,southeast,VST,2026,VST-PR,1.6T 하이브리드,FWD,실버,33,34,35484
2026-09,southeast,VST,2026,VST-PR,1.6T 하이브리드,FWD,오션 블루,26,26,27296
2026-09,southeast,VST,2026,VST-PR,1.6T 하이브리드,FWD,선셋 레드,20,21,21837
2026-09,southeast,VST,2026,VST-PR,1.6T 하이브리드,FWD,포레스트 그린,13,13,13648
2026-09,southeast,VST,2026,VST-PR,1.6T 하이브리드,FWD,샌드 베이지,13,13,13648
2026-09,southeast,VST,2026,VST-TR,2.5 가솔린,AWD,스노우 화이트,13,13,19803
2026-09,southeast,VST,2026,VST-TR,2.5 가솔린,AWD,미드나잇 블랙,10,10,15677
2026-09,southeast,VST,2026,VST-TR,2.5 가솔린,AWD,스틸 그레이,8,9,13202
2026-09,southeast,VST,2026,VST-TR,2.5 가솔린,AWD,실버,7,7,10726
2026-09,southeast,VST,2026,VST-TR,2.5 가솔린,AWD,오션 블루,5,5,8251
2026-09,southeast,VST,2026,VST-TR,2.5 가솔린,AWD,선셋 레드,4,4,6601
2026-09,southeast,VST,2026,VST-TR,2.5 가솔린,AWD,포레스트 그린,3,3,4126
2026-09,southeast,VST,2026,VST-TR,2.5 가솔린,AWD,샌드 베이지,3,3,4126
2026-09,southeast,VST,2026,VST-TR,2.5 가솔린,FWD,스노우 화이트,21,21,31969
2026-09,southeast,VST,2026,VST-TR,2.5 가솔린,FWD,미드나잇 블랙,16,17,25309
2026-09,southeast,VST,2026,VST-TR,2.5 가솔린,FWD,스틸 그레이,14,14,21313
2026-09,southeast,VST,2026,VST-TR,2.5 가솔린,FWD,실버,11,11,17316
2026-09,southeast,VST,2026,VST-TR,2.5 가솔린,FWD,오션 블루,9,9,13320
2026-09,southeast,VST,2026,VST-TR,2.5 가솔린,FWD,선셋 레드,7,7,10656
2026-09,southeast,VST,2026,VST-TR,2.5 가솔린,FWD,포레스트 그린,4,4,6660
2026-09,southeast,VST,2026,VST-TR,2.5 가솔린,FWD,샌드 베이지,4,4,6660
2026-09,southeast,VST,2026,VST-TR,1.6T 하이브리드,AWD,스노우 화이트,16,16,24203
2026-09,southeast,VST,2026,VST-TR,1.6T 하이브리드,AWD,미드나잇 블랙,12,13,19161
2026-09,southeast,VST,2026,VST-TR,1.6T 하이브리드,AWD,스틸 그레이,10,11,16135
2026-09,southeast,VST,2026,VST-TR,1.6T 하이브리드,AWD,실버,8,9,13110
2026-09,southeast,VST,2026,VST-TR,1.6T 하이브리드,AWD,오션 블루,6,7,10085
2026-09,southeast,VST,2026,VST-TR,1.6T 하이브리드,AWD,선셋 레드,5,5,8068
2026-09,southeast,VST,2026,VST-TR,1.6T 하이브리드,AWD,포레스트 그린,3,3,5042
2026-09,southeast,VST,2026,VST-TR,1.6T 하이브리드,AWD,샌드 베이지,3,3,5042
2026-09,southeast,VST,2026,VST-TR,1.6T 하이브리드,FWD,스노우 화이트,25,26,39073
2026-09,southeast,VST,2026,VST-TR,1.6T 하이브리드,FWD,미드나잇 블랙,20,20,30933
2026-09,southeast,VST,2026,VST-TR,1.6T 하이브리드,FWD,스틸 그레이,17,17,26049
2026-09,southeast,VST,2026,VST-TR,1.6T 하이브리드,FWD,실버,14,14,21165
2026-09,southeast,VST,2026,VST-TR,1.6T 하이브리드,FWD,오션 블루,10,11,16280
2026-09,southeast,VST,2026,VST-TR,1.6T 하이브리드,FWD,선셋 레드,8,9,13024
2026-09,southeast,VST,2026,VST-TR,1.6T 하이브리드,FWD,포레스트 그린,5,5,8140
2026-09,southeast,VST,2026,VST-TR,1.6T 하이브리드,FWD,샌드 베이지,5,5,8140
2026-09,southeast,VST,2027,VST-CO,2.5 가솔린,AWD,스노우 화이트,18,18,14113
2026-09,southeast,VST,2027,VST-CO,2.5 가솔린,AWD,미드나잇 블랙,14,14,11173
2026-09,southeast,VST,2027,VST-CO,2.5 가솔린,AWD,스틸 그레이,12,12,9409
2026-09,southeast,VST,2027,VST-CO,2.5 가솔린,AWD,실버,10,10,7645
2026-09,southeast,VST,2027,VST-CO,2.5 가솔린,AWD,오션 블루,7,8,5880
2026-09,southeast,VST,2027,VST-CO,2.5 가솔린,AWD,선셋 레드,6,6,4704
2026-09,southeast,VST,2027,VST-CO,2.5 가솔린,AWD,포레스트 그린,4,4,2940
2026-09,southeast,VST,2027,VST-CO,2.5 가솔린,AWD,샌드 베이지,4,4,2940
2026-09,southeast,VST,2027,VST-CO,2.5 가솔린,FWD,스노우 화이트,29,30,22784
2026-09,southeast,VST,2027,VST-CO,2.5 가솔린,FWD,미드나잇 블랙,23,23,18037
2026-09,southeast,VST,2027,VST-CO,2.5 가솔린,FWD,스틸 그레이,19,20,15189
2026-09,southeast,VST,2027,VST-CO,2.5 가솔린,FWD,실버,16,16,12341
2026-09,southeast,VST,2027,VST-CO,2.5 가솔린,FWD,오션 블루,12,12,9493
2026-09,southeast,VST,2027,VST-CO,2.5 가솔린,FWD,선셋 레드,10,10,7595
2026-09,southeast,VST,2027,VST-CO,2.5 가솔린,FWD,포레스트 그린,6,6,4747
2026-09,southeast,VST,2027,VST-CO,2.5 가솔린,FWD,샌드 베이지,6,6,4747
2026-09,southeast,VST,2027,VST-CO,1.6T 하이브리드,AWD,스노우 화이트,22,22,17249
2026-09,southeast,VST,2027,VST-CO,1.6T 하이브리드,AWD,미드나잇 블랙,17,18,13656
2026-09,southeast,VST,2027,VST-CO,1.6T 하이브리드,AWD,스틸 그레이,15,15,11499
2026-09,southeast,VST,2027,VST-CO,1.6T 하이브리드,AWD,실버,12,12,9343
2026-09,southeast,VST,2027,VST-CO,1.6T 하이브리드,AWD,오션 블루,9,9,7187
2026-09,southeast,VST,2027,VST-CO,1.6T 하이브리드,AWD,선셋 레드,7,7,5750
2026-09,southeast,VST,2027,VST-CO,1.6T 하이브리드,AWD,포레스트 그린,5,5,3594
2026-09,southeast,VST,2027,VST-CO,1.6T 하이브리드,AWD,샌드 베이지,5,5,3594
2026-09,southeast,VST,2027,VST-CO,1.6T 하이브리드,FWD,스노우 화이트,35,36,27847
2026-09,southeast,VST,2027,VST-CO,1.6T 하이브리드,FWD,미드나잇 블랙,28,29,22045
2026-09,southeast,VST,2027,VST-CO,1.6T 하이브리드,FWD,스틸 그레이,24,24,18565
2026-09,southeast,VST,2027,VST-CO,1.6T 하이브리드,FWD,실버,19,20,15084
2026-09,southeast,VST,2027,VST-CO,1.6T 하이브리드,FWD,오션 블루,15,15,11603
2026-09,southeast,VST,2027,VST-CO,1.6T 하이브리드,FWD,선셋 레드,12,12,9282
2026-09,southeast,VST,2027,VST-CO,1.6T 하이브리드,FWD,포레스트 그린,7,8,5801
2026-09,southeast,VST,2027,VST-CO,1.6T 하이브리드,FWD,샌드 베이지,7,8,5801
2026-09,southeast,VST,2027,VST-PR,2.5 가솔린,AWD,스노우 화이트,21,21,22134
2026-09,southeast,VST,2027,VST-PR,2.5 가솔린,AWD,미드나잇 블랙,16,17,17523
2026-09,southeast,VST,2027,VST-PR,2.5 가솔린,AWD,스틸 그레이,14,14,14756
2026-09,southeast,VST,2027,VST-PR,2.5 가솔린,AWD,실버,11,11,11989
2026-09,southeast,VST,2027,VST-PR,2.5 가솔린,AWD,오션 블루,9,9,9222
2026-09,southeast,VST,2027,VST-PR,2.5 가솔린,AWD,선셋 레드,7,7,7378
2026-09,southeast,VST,2027,VST-PR,2.5 가솔린,AWD,포레스트 그린,4,4,4611
2026-09,southeast,VST,2027,VST-PR,2.5 가솔린,AWD,샌드 베이지,4,4,4611
2026-09,southeast,VST,2027,VST-PR,2.5 가솔린,FWD,스노우 화이트,34,34,35732
2026-09,southeast,VST,2027,VST-PR,2.5 가솔린,FWD,미드나잇 블랙,27,27,28288
2026-09,southeast,VST,2027,VST-PR,2.5 가솔린,FWD,스틸 그레이,22,23,23822
2026-09,southeast,VST,2027,VST-PR,2.5 가솔린,FWD,실버,18,19,19355
2026-09,southeast,VST,2027,VST-PR,2.5 가솔린,FWD,오션 블루,14,14,14889
2026-09,southeast,VST,2027,VST-PR,2.5 가솔린,FWD,선셋 레드,11,11,11911
2026-09,southeast,VST,2027,VST-PR,2.5 가솔린,FWD,포레스트 그린,7,7,7444
2026-09,southeast,VST,2027,VST-PR,2.5 가솔린,FWD,샌드 베이지,7,7,7444
2026-09,southeast,VST,2027,VST-PR,1.6T 하이브리드,AWD,스노우 화이트,25,26,27053
2026-09,southeast,VST,2027,VST-PR,1.6T 하이브리드,AWD,미드나잇 블랙,20,20,21417
2026-09,southeast,VST,2027,VST-PR,1.6T 하이브리드,AWD,스틸 그레이,17,17,18035
2026-09,southeast,VST,2027,VST-PR,1.6T 하이브리드,AWD,실버,14,14,14653
2026-09,southeast,VST,2027,VST-PR,1.6T 하이브리드,AWD,오션 블루,11,11,11272
2026-09,southeast,VST,2027,VST-PR,1.6T 하이브리드,AWD,선셋 레드,8,9,9018
2026-09,southeast,VST,2027,VST-PR,1.6T 하이브리드,AWD,포레스트 그린,5,5,5636
2026-09,southeast,VST,2027,VST-PR,1.6T 하이브리드,AWD,샌드 베이지,5,5,5636
2026-09,southeast,VST,2027,VST-PR,1.6T 하이브리드,FWD,스노우 화이트,41,42,43673
2026-09,southeast,VST,2027,VST-PR,1.6T 하이브리드,FWD,미드나잇 블랙,32,33,34574
2026-09,southeast,VST,2027,VST-PR,1.6T 하이브리드,FWD,스틸 그레이,27,28,29115
2026-09,southeast,VST,2027,VST-PR,1.6T 하이브리드,FWD,실버,22,23,23656
2026-09,southeast,VST,2027,VST-PR,1.6T 하이브리드,FWD,오션 블루,17,17,18197
2026-09,southeast,VST,2027,VST-PR,1.6T 하이브리드,FWD,선셋 레드,14,14,14558
2026-09,southeast,VST,2027,VST-PR,1.6T 하이브리드,FWD,포레스트 그린,9,9,9099
2026-09,southeast,VST,2027,VST-PR,1.6T 하이브리드,FWD,샌드 베이지,9,9,9099
2026-09,southeast,VST,2027,VST-TR,2.5 가솔린,AWD,스노우 화이트,8,9,13202
2026-09,southeast,VST,2027,VST-TR,2.5 가솔린,AWD,미드나잇 블랙,7,7,10451
2026-09,southeast,VST,2027,VST-TR,2.5 가솔린,AWD,스틸 그레이,6,6,8801
2026-09,southeast,VST,2027,VST-TR,2.5 가솔린,AWD,실버,5,5,7151
2026-09,southeast,VST,2027,VST-TR,2.5 가솔린,AWD,오션 블루,4,4,5501
2026-09,southeast,VST,2027,VST-TR,2.5 가솔린,AWD,선셋 레드,3,3,4401
2026-09,southeast,VST,2027,VST-TR,2.5 가솔린,AWD,포레스트 그린,2,2,2750
2026-09,southeast,VST,2027,VST-TR,2.5 가솔린,AWD,샌드 베이지,2,2,2750
2026-09,southeast,VST,2027,VST-TR,2.5 가솔린,FWD,스노우 화이트,14,14,21313
2026-09,southeast,VST,2027,VST-TR,2.5 가솔린,FWD,미드나잇 블랙,11,11,16872
2026-09,southeast,VST,2027,VST-TR,2.5 가솔린,FWD,스틸 그레이,9,9,14208
2026-09,southeast,VST,2027,VST-TR,2.5 가솔린,FWD,실버,7,8,11544
2026-09,southeast,VST,2027,VST-TR,2.5 가솔린,FWD,오션 블루,6,6,8880
2026-09,southeast,VST,2027,VST-TR,2.5 가솔린,FWD,선셋 레드,5,5,7104
2026-09,southeast,VST,2027,VST-TR,2.5 가솔린,FWD,포레스트 그린,3,3,4440
2026-09,southeast,VST,2027,VST-TR,2.5 가솔린,FWD,샌드 베이지,3,3,4440
2026-09,southeast,VST,2027,VST-TR,1.6T 하이브리드,AWD,스노우 화이트,10,11,16135
2026-09,southeast,VST,2027,VST-TR,1.6T 하이브리드,AWD,미드나잇 블랙,8,8,12774
2026-09,southeast,VST,2027,VST-TR,1.6T 하이브리드,AWD,스틸 그레이,7,7,10757
2026-09,southeast,VST,2027,VST-TR,1.6T 하이브리드,AWD,실버,6,6,8740
2026-09,southeast,VST,2027,VST-TR,1.6T 하이브리드,AWD,오션 블루,4,4,6723
2026-09,southeast,VST,2027,VST-TR,1.6T 하이브리드,AWD,선셋 레드,3,4,5378
2026-09,southeast,VST,2027,VST-TR,1.6T 하이브리드,AWD,포레스트 그린,2,2,3362
2026-09,southeast,VST,2027,VST-TR,1.6T 하이브리드,AWD,샌드 베이지,2,2,3362
2026-09,southeast,VST,2027,VST-TR,1.6T 하이브리드,FWD,스노우 화이트,17,17,26049
2026-09,southeast,VST,2027,VST-TR,1.6T 하이브리드,FWD,미드나잇 블랙,13,14,20622
2026-09,southeast,VST,2027,VST-TR,1.6T 하이브리드,FWD,스틸 그레이,11,11,17366
2026-09,southeast,VST,2027,VST-TR,1.6T 하이브리드,FWD,실버,9,9,14110
2026-09,southeast,VST,2027,VST-TR,1.6T 하이브리드,FWD,오션 블루,7,7,10854
2026-09,southeast,VST,2027,VST-TR,1.6T 하이브리드,FWD,선셋 레드,6,6,8683
2026-09,southeast,VST,2027,VST-TR,1.6T 하이브리드,FWD,포레스트 그린,3,4,5427
2026-09,southeast,VST,2027,VST-TR,1.6T 하이브리드,FWD,샌드 베이지,3,4,5427
2026-09,west,AUR,2026,AUR-AI,스탠다드 레인지,AWD,스노우 화이트,16,17,9748
2026-09,west,AUR,2026,AUR-AI,스탠다드 레인지,AWD,미드나잇 블랙,13,13,7717
2026-09,west,AUR,2026,AUR-AI,스탠다드 레인지,AWD,스틸 그레이,11,11,6499
2026-09,west,AUR,2026,AUR-AI,스탠다드 레인지,AWD,실버,9,9,5280
2026-09,west,AUR,2026,AUR-AI,스탠다드 레인지,AWD,오션 블루,7,7,4062
2026-09,west,AUR,2026,AUR-AI,스탠다드 레인지,AWD,선셋 레드,5,6,3249
2026-09,west,AUR,2026,AUR-AI,스탠다드 레인지,AWD,포레스트 그린,3,3,2031
2026-09,west,AUR,2026,AUR-AI,스탠다드 레인지,AWD,샌드 베이지,3,3,2031
2026-09,west,AUR,2026,AUR-AI,스탠다드 레인지,FWD,스노우 화이트,13,14,7976
2026-09,west,AUR,2026,AUR-AI,스탠다드 레인지,FWD,미드나잇 블랙,11,11,6314
2026-09,west,AUR,2026,AUR-AI,스탠다드 레인지,FWD,스틸 그레이,9,9,5317
2026-09,west,AUR,2026,AUR-AI,스탠다드 레인지,FWD,실버,7,7,4320
2026-09,west,AUR,2026,AUR-AI,스탠다드 레인지,FWD,오션 블루,6,6,3323
2026-09,west,AUR,2026,AUR-AI,스탠다드 레인지,FWD,선셋 레드,4,5,2659
2026-09,west,AUR,2026,AUR-AI,스탠다드 레인지,FWD,포레스트 그린,3,3,1662
2026-09,west,AUR,2026,AUR-AI,스탠다드 레인지,FWD,샌드 베이지,3,3,1662
2026-09,west,AUR,2026,AUR-AI,롱레인지,AWD,스노우 화이트,40,41,23636
2026-09,west,AUR,2026,AUR-AI,롱레인지,AWD,미드나잇 블랙,32,32,18712
2026-09,west,AUR,2026,AUR-AI,롱레인지,AWD,스틸 그레이,27,27,15757
2026-09,west,AUR,2026,AUR-AI,롱레인지,AWD,실버,22,22,12803
2026-09,west,AUR,2026,AUR-AI,롱레인지,AWD,오션 블루,17,17,9848
2026-09,west,AUR,2026,AUR-AI,롱레인지,AWD,선셋 레드,13,14,7879
2026-09,west,AUR,2026,AUR-AI,롱레인지,AWD,포레스트 그린,8,8,4924
2026-09,west,AUR,2026,AUR-AI,롱레인지,AWD,샌드 베이지,8,8,4924
2026-09,west,AUR,2026,AUR-AI,롱레인지,FWD,스노우 화이트,33,33,19338
2026-09,west,AUR,2026,AUR-AI,롱레인지,FWD,미드나잇 블랙,26,26,15309
2026-09,west,AUR,2026,AUR-AI,롱레인지,FWD,스틸 그레이,22,22,12892
2026-09,west,AUR,2026,AUR-AI,롱레인지,FWD,실버,18,18,10475
2026-09,west,AUR,2026,AUR-AI,롱레인지,FWD,오션 블루,14,14,8058
2026-09,west,AUR,2026,AUR-AI,롱레인지,FWD,선셋 레드,11,11,6446
2026-09,west,AUR,2026,AUR-AI,롱레인지,FWD,포레스트 그린,7,7,4029
2026-09,west,AUR,2026,AUR-AI,롱레인지,FWD,샌드 베이지,7,7,4029
2026-09,west,AUR,2026,AUR-RA,스탠다드 레인지,AWD,스노우 화이트,19,19,16120
2026-09,west,AUR,2026,AUR-RA,스탠다드 레인지,AWD,미드나잇 블랙,15,15,12762
2026-09,west,AUR,2026,AUR-RA,스탠다드 레인지,AWD,스틸 그레이,13,13,10747
2026-09,west,AUR,2026,AUR-RA,스탠다드 레인지,AWD,실버,10,11,8732
2026-09,west,AUR,2026,AUR-RA,스탠다드 레인지,AWD,오션 블루,8,8,6717
2026-09,west,AUR,2026,AUR-RA,스탠다드 레인지,AWD,선셋 레드,6,6,5373
2026-09,west,AUR,2026,AUR-RA,스탠다드 레인지,AWD,포레스트 그린,4,4,3358
2026-09,west,AUR,2026,AUR-RA,스탠다드 레인지,AWD,샌드 베이지,4,4,3358
2026-09,west,AUR,2026,AUR-RA,스탠다드 레인지,FWD,스노우 화이트,16,16,13189
2026-09,west,AUR,2026,AUR-RA,스탠다드 레인지,FWD,미드나잇 블랙,12,13,10442
2026-09,west,AUR,2026,AUR-RA,스탠다드 레인지,FWD,스틸 그레이,10,11,8793
2026-09,west,AUR,2026,AUR-RA,스탠다드 레인지,FWD,실버,8,9,7144
2026-09,west,AUR,2026,AUR-RA,스탠다드 레인지,FWD,오션 블루,6,7,5496
2026-09,west,AUR,2026,AUR-RA,스탠다드 레인지,FWD,선셋 레드,5,5,4396
2026-09,west,AUR,2026,AUR-RA,스탠다드 레인지,FWD,포레스트 그린,3,3,2748
2026-09,west,AUR,2026,AUR-RA,스탠다드 레인지,FWD,샌드 베이지,3,3,2748
2026-09,west,AUR,2026,AUR-RA,롱레인지,AWD,스노우 화이트,46,47,39086
2026-09,west,AUR,2026,AUR-RA,롱레인지,AWD,미드나잇 블랙,36,37,30943
2026-09,west,AUR,2026,AUR-RA,롱레인지,AWD,스틸 그레이,31,31,26058
2026-09,west,AUR,2026,AUR-RA,롱레인지,AWD,실버,25,25,21172
2026-09,west,AUR,2026,AUR-RA,롱레인지,AWD,오션 블루,19,20,16286
2026-09,west,AUR,2026,AUR-RA,롱레인지,AWD,선셋 레드,15,16,13029
2026-09,west,AUR,2026,AUR-RA,롱레인지,AWD,포레스트 그린,10,10,8143
2026-09,west,AUR,2026,AUR-RA,롱레인지,AWD,샌드 베이지,10,10,8143
2026-09,west,AUR,2026,AUR-RA,롱레인지,FWD,스노우 화이트,38,38,31980
2026-09,west,AUR,2026,AUR-RA,롱레인지,FWD,미드나잇 블랙,30,30,25317
2026-09,west,AUR,2026,AUR-RA,롱레인지,FWD,스틸 그레이,25,26,21320
2026-09,west,AUR,2026,AUR-RA,롱레인지,FWD,실버,20,21,17322
2026-09,west,AUR,2026,AUR-RA,롱레인지,FWD,오션 블루,16,16,13325
2026-09,west,AUR,2026,AUR-RA,롱레인지,FWD,선셋 레드,13,13,10660
2026-09,west,AUR,2026,AUR-RA,롱레인지,FWD,포레스트 그린,8,8,6662
2026-09,west,AUR,2026,AUR-RA,롱레인지,FWD,샌드 베이지,8,8,6662
2026-09,west,AUR,2026,AUR-MA,스탠다드 레인지,AWD,스노우 화이트,8,8,10055
2026-09,west,AUR,2026,AUR-MA,스탠다드 레인지,AWD,미드나잇 블랙,6,6,7960
2026-09,west,AUR,2026,AUR-MA,스탠다드 레인지,AWD,스틸 그레이,5,5,6703
2026-09,west,AUR,2026,AUR-MA,스탠다드 레인지,AWD,실버,4,4,5446
2026-09,west,AUR,2026,AUR-MA,스탠다드 레인지,AWD,오션 블루,3,3,4190
2026-09,west,AUR,2026,AUR-MA,스탠다드 레인지,AWD,선셋 레드,3,3,3352
2026-09,west,AUR,2026,AUR-MA,스탠다드 레인지,AWD,포레스트 그린,2,2,2095
2026-09,west,AUR,2026,AUR-MA,스탠다드 레인지,AWD,샌드 베이지,2,2,2095
2026-09,west,AUR,2026,AUR-MA,스탠다드 레인지,FWD,스노우 화이트,6,6,8227
2026-09,west,AUR,2026,AUR-MA,스탠다드 레인지,FWD,미드나잇 블랙,5,5,6513
2026-09,west,AUR,2026,AUR-MA,스탠다드 레인지,FWD,스틸 그레이,4,4,5484
2026-09,west,AUR,2026,AUR-MA,스탠다드 레인지,FWD,실버,3,4,4456
2026-09,west,AUR,2026,AUR-MA,스탠다드 레인지,FWD,오션 블루,3,3,3428
2026-09,west,AUR,2026,AUR-MA,스탠다드 레인지,FWD,선셋 레드,2,2,2742
2026-09,west,AUR,2026,AUR-MA,스탠다드 레인지,FWD,포레스트 그린,1,1,1714
2026-09,west,AUR,2026,AUR-MA,스탠다드 레인지,FWD,샌드 베이지,1,1,1714
2026-09,west,AUR,2026,AUR-MA,롱레인지,AWD,스노우 화이트,19,19,24379
2026-09,west,AUR,2026,AUR-MA,롱레인지,AWD,미드나잇 블랙,15,15,19300
2026-09,west,AUR,2026,AUR-MA,롱레인지,AWD,스틸 그레이,13,13,16253
2026-09,west,AUR,2026,AUR-MA,롱레인지,AWD,실버,10,10,13206
2026-09,west,AUR,2026,AUR-MA,롱레인지,AWD,오션 블루,8,8,10158
2026-09,west,AUR,2026,AUR-MA,롱레인지,AWD,선셋 레드,6,6,8126
2026-09,west,AUR,2026,AUR-MA,롱레인지,AWD,포레스트 그린,4,4,5079
2026-09,west,AUR,2026,AUR-MA,롱레인지,AWD,샌드 베이지,4,4,5079
2026-09,west,AUR,2026,AUR-MA,롱레인지,FWD,스노우 화이트,15,16,19947
2026-09,west,AUR,2026,AUR-MA,롱레인지,FWD,미드나잇 블랙,12,12,15791
2026-09,west,AUR,2026,AUR-MA,롱레인지,FWD,스틸 그레이,10,10,13298
2026-09,west,AUR,2026,AUR-MA,롱레인지,FWD,실버,8,9,10805
2026-09,west,AUR,2026,AUR-MA,롱레인지,FWD,오션 블루,6,7,8311
2026-09,west,AUR,2026,AUR-MA,롱레인지,FWD,선셋 레드,5,5,6649
2026-09,west,AUR,2026,AUR-MA,롱레인지,FWD,포레스트 그린,3,3,4156
2026-09,west,AUR,2026,AUR-MA,롱레인지,FWD,샌드 베이지,3,3,4156
2026-09,west,AUR,2027,AUR-AI,스탠다드 레인지,AWD,스노우 화이트,11,11,6499
2026-09,west,AUR,2027,AUR-AI,스탠다드 레인지,AWD,미드나잇 블랙,9,9,5145
2026-09,west,AUR,2027,AUR-AI,스탠다드 레인지,AWD,스틸 그레이,7,7,4332
2026-09,west,AUR,2027,AUR-AI,스탠다드 레인지,AWD,실버,6,6,3520
2026-09,west,AUR,2027,AUR-AI,스탠다드 레인지,AWD,오션 블루,5,5,2708
2026-09,west,AUR,2027,AUR-AI,스탠다드 레인지,AWD,선셋 레드,4,4,2166
2026-09,west,AUR,2027,AUR-AI,스탠다드 레인지,AWD,포레스트 그린,2,2,1354
2026-09,west,AUR,2027,AUR-AI,스탠다드 레인지,AWD,샌드 베이지,2,2,1354
2026-09,west,AUR,2027,AUR-AI,스탠다드 레인지,FWD,스노우 화이트,9,9,5317
2026-09,west,AUR,2027,AUR-AI,스탠다드 레인지,FWD,미드나잇 블랙,7,7,4209
2026-09,west,AUR,2027,AUR-AI,스탠다드 레인지,FWD,스틸 그레이,6,6,3545
2026-09,west,AUR,2027,AUR-AI,스탠다드 레인지,FWD,실버,5,5,2880
2026-09,west,AUR,2027,AUR-AI,스탠다드 레인지,FWD,오션 블루,4,4,2215
2026-09,west,AUR,2027,AUR-AI,스탠다드 레인지,FWD,선셋 레드,3,3,1772
2026-09,west,AUR,2027,AUR-AI,스탠다드 레인지,FWD,포레스트 그린,2,2,1108
2026-09,west,AUR,2027,AUR-AI,스탠다드 레인지,FWD,샌드 베이지,2,2,1108
2026-09,west,AUR,2027,AUR-AI,롱레인지,AWD,스노우 화이트,27,27,15757
2026-09,west,AUR,2027,AUR-AI,롱레인지,AWD,미드나잇 블랙,21,21,12474
2026-09,west,AUR,2027,AUR-AI,롱레인지,AWD,스틸 그레이,18,18,10505
2026-09,west,AUR,2027,AUR-AI,롱레인지,AWD,실버,14,15,8535
2026-09,west,AUR,2027,AUR-AI,롱레인지,AWD,오션 블루,11,11,6565
2026-09,west,AUR,2027,AUR-AI,롱레인지,AWD,선셋 레드,9,9,5252
2026-09,west,AUR,2027,AUR-AI,롱레인지,AWD,포레스트 그린,6,6,3283
2026-09,west,AUR,2027,AUR-AI,롱레인지,AWD,샌드 베이지,6,6,3283
2026-09,west,AUR,2027,AUR-AI,롱레인지,FWD,스노우 화이트,22,22,12892
2026-09,west,AUR,2027,AUR-AI,롱레인지,FWD,미드나잇 블랙,17,18,10206
2026-09,west,AUR,2027,AUR-AI,롱레인지,FWD,스틸 그레이,14,15,8595
2026-09,west,AUR,2027,AUR-AI,롱레인지,FWD,실버,12,12,6983
2026-09,west,AUR,2027,AUR-AI,롱레인지,FWD,오션 블루,9,9,5372
2026-09,west,AUR,2027,AUR-AI,롱레인지,FWD,선셋 레드,7,7,4297
2026-09,west,AUR,2027,AUR-AI,롱레인지,FWD,포레스트 그린,5,5,2686
2026-09,west,AUR,2027,AUR-AI,롱레인지,FWD,샌드 베이지,5,5,2686
2026-09,west,AUR,2027,AUR-RA,스탠다드 레인지,AWD,스노우 화이트,13,13,10747
2026-09,west,AUR,2027,AUR-RA,스탠다드 레인지,AWD,미드나잇 블랙,10,10,8508
2026-09,west,AUR,2027,AUR-RA,스탠다드 레인지,AWD,스틸 그레이,8,9,7165
2026-09,west,AUR,2027,AUR-RA,스탠다드 레인지,AWD,실버,7,7,5821
2026-09,west,AUR,2027,AUR-RA,스탠다드 레인지,AWD,오션 블루,5,5,4478
2026-09,west,AUR,2027,AUR-RA,스탠다드 레인지,AWD,선셋 레드,4,4,3582
2026-09,west,AUR,2027,AUR-RA,스탠다드 레인지,AWD,포레스트 그린,3,3,2239
2026-09,west,AUR,2027,AUR-RA,스탠다드 레인지,AWD,샌드 베이지,3,3,2239
2026-09,west,AUR,2027,AUR-RA,스탠다드 레인지,FWD,스노우 화이트,10,11,8793
2026-09,west,AUR,2027,AUR-RA,스탠다드 레인지,FWD,미드나잇 블랙,8,8,6961
2026-09,west,AUR,2027,AUR-RA,스탠다드 레인지,FWD,스틸 그레이,7,7,5862
2026-09,west,AUR,2027,AUR-RA,스탠다드 레인지,FWD,실버,6,6,4763
2026-09,west,AUR,2027,AUR-RA,스탠다드 레인지,FWD,오션 블루,4,4,3664
2026-09,west,AUR,2027,AUR-RA,스탠다드 레인지,FWD,선셋 레드,3,4,2931
2026-09,west,AUR,2027,AUR-RA,스탠다드 레인지,FWD,포레스트 그린,2,2,1832
2026-09,west,AUR,2027,AUR-RA,스탠다드 레인지,FWD,샌드 베이지,2,2,1832
2026-09,west,AUR,2027,AUR-RA,롱레인지,AWD,스노우 화이트,31,31,26058
2026-09,west,AUR,2027,AUR-RA,롱레인지,AWD,미드나잇 블랙,24,25,20629
2026-09,west,AUR,2027,AUR-RA,롱레인지,AWD,스틸 그레이,20,21,17372
2026-09,west,AUR,2027,AUR-RA,롱레인지,AWD,실버,17,17,14115
2026-09,west,AUR,2027,AUR-RA,롱레인지,AWD,오션 블루,13,13,10857
2026-09,west,AUR,2027,AUR-RA,롱레인지,AWD,선셋 레드,10,10,8686
2026-09,west,AUR,2027,AUR-RA,롱레인지,AWD,포레스트 그린,6,7,5429
2026-09,west,AUR,2027,AUR-RA,롱레인지,AWD,샌드 베이지,6,7,5429
2026-09,west,AUR,2027,AUR-RA,롱레인지,FWD,스노우 화이트,25,26,21320
2026-09,west,AUR,2027,AUR-RA,롱레인지,FWD,미드나잇 블랙,20,20,16878
2026-09,west,AUR,2027,AUR-RA,롱레인지,FWD,스틸 그레이,17,17,14213
2026-09,west,AUR,2027,AUR-RA,롱레인지,FWD,실버,14,14,11548
2026-09,west,AUR,2027,AUR-RA,롱레인지,FWD,오션 블루,10,11,8883
2026-09,west,AUR,2027,AUR-RA,롱레인지,FWD,선셋 레드,8,9,7107
2026-09,west,AUR,2027,AUR-RA,롱레인지,FWD,포레스트 그린,5,5,4442
2026-09,west,AUR,2027,AUR-RA,롱레인지,FWD,샌드 베이지,5,5,4442
2026-09,west,AUR,2027,AUR-MA,스탠다드 레인지,AWD,스노우 화이트,5,5,6703
2026-09,west,AUR,2027,AUR-MA,스탠다드 레인지,AWD,미드나잇 블랙,4,4,5307
2026-09,west,AUR,2027,AUR-MA,스탠다드 레인지,AWD,스틸 그레이,3,4,4469
2026-09,west,AUR,2027,AUR-MA,스탠다드 레인지,AWD,실버,3,3,3631
2026-09,west,AUR,2027,AUR-MA,스탠다드 레인지,AWD,오션 블루,2,2,2793
2026-09,west,AUR,2027,AUR-MA,스탠다드 레인지,AWD,선셋 레드,2,2,2234
2026-09,west,AUR,2027,AUR-MA,스탠다드 레인지,AWD,포레스트 그린,1,1,1397
2026-09,west,AUR,2027,AUR-MA,스탠다드 레인지,AWD,샌드 베이지,1,1,1397
2026-09,west,AUR,2027,AUR-MA,스탠다드 레인지,FWD,스노우 화이트,4,4,5484
2026-09,west,AUR,2027,AUR-MA,스탠다드 레인지,FWD,미드나잇 블랙,3,3,4342
2026-09,west,AUR,2027,AUR-MA,스탠다드 레인지,FWD,스틸 그레이,3,3,3656
2026-09,west,AUR,2027,AUR-MA,스탠다드 레인지,FWD,실버,2,2,2971
2026-09,west,AUR,2027,AUR-MA,스탠다드 레인지,FWD,오션 블루,2,2,2285
2026-09,west,AUR,2027,AUR-MA,스탠다드 레인지,FWD,선셋 레드,1,1,1828
2026-09,west,AUR,2027,AUR-MA,스탠다드 레인지,FWD,포레스트 그린,1,1,1143
2026-09,west,AUR,2027,AUR-MA,스탠다드 레인지,FWD,샌드 베이지,1,1,1143
2026-09,west,AUR,2027,AUR-MA,롱레인지,AWD,스노우 화이트,13,13,16253
2026-09,west,AUR,2027,AUR-MA,롱레인지,AWD,미드나잇 블랙,10,10,12867
2026-09,west,AUR,2027,AUR-MA,롱레인지,AWD,스틸 그레이,8,9,10835
2026-09,west,AUR,2027,AUR-MA,롱레인지,AWD,실버,7,7,8804
2026-09,west,AUR,2027,AUR-MA,롱레인지,AWD,오션 블루,5,5,6772
2026-09,west,AUR,2027,AUR-MA,롱레인지,AWD,선셋 레드,4,4,5418
2026-09,west,AUR,2027,AUR-MA,롱레인지,AWD,포레스트 그린,3,3,3386
2026-09,west,AUR,2027,AUR-MA,롱레인지,AWD,샌드 베이지,3,3,3386
2026-09,west,AUR,2027,AUR-MA,롱레인지,FWD,스노우 화이트,10,10,13298
2026-09,west,AUR,2027,AUR-MA,롱레인지,FWD,미드나잇 블랙,8,8,10527
2026-09,west,AUR,2027,AUR-MA,롱레인지,FWD,스틸 그레이,7,7,8865
2026-09,west,AUR,2027,AUR-MA,롱레인지,FWD,실버,6,6,7203
2026-09,west,AUR,2027,AUR-MA,롱레인지,FWD,오션 블루,4,4,5541
2026-09,west,AUR,2027,AUR-MA,롱레인지,FWD,선셋 레드,3,3,4433
2026-09,west,AUR,2027,AUR-MA,롱레인지,FWD,포레스트 그린,2,2,2770
2026-09,west,AUR,2027,AUR-MA,롱레인지,FWD,샌드 베이지,2,2,2770
2026-09,central,AUR,2026,AUR-AI,스탠다드 레인지,AWD,스노우 화이트,7,7,4072
2026-09,central,AUR,2026,AUR-AI,스탠다드 레인지,AWD,미드나잇 블랙,5,6,3224
2026-09,central,AUR,2026,AUR-AI,스탠다드 레인지,AWD,스틸 그레이,5,5,2715
2026-09,central,AUR,2026,AUR-AI,스탠다드 레인지,AWD,실버,4,4,2206
2026-09,central,AUR,2026,AUR-AI,스탠다드 레인지,AWD,오션 블루,3,3,1697
2026-09,central,AUR,2026,AUR-AI,스탠다드 레인지,AWD,선셋 레드,2,2,1357
2026-09,central,AUR,2026,AUR-AI,스탠다드 레인지,AWD,포레스트 그린,1,1,848
2026-09,central,AUR,2026,AUR-AI,스탠다드 레인지,AWD,샌드 베이지,1,1,848
2026-09,central,AUR,2026,AUR-AI,스탠다드 레인지,FWD,스노우 화이트,4,4,2366
2026-09,central,AUR,2026,AUR-AI,스탠다드 레인지,FWD,미드나잇 블랙,3,3,1873
2026-09,central,AUR,2026,AUR-AI,스탠다드 레인지,FWD,스틸 그레이,3,3,1577
2026-09,central,AUR,2026,AUR-AI,스탠다드 레인지,FWD,실버,2,2,1282
2026-09,central,AUR,2026,AUR-AI,스탠다드 레인지,FWD,오션 블루,2,2,986
2026-09,central,AUR,2026,AUR-AI,스탠다드 레인지,FWD,선셋 레드,1,1,789
2026-09,central,AUR,2026,AUR-AI,스탠다드 레인지,FWD,포레스트 그린,1,1,493
2026-09,central,AUR,2026,AUR-AI,스탠다드 레인지,FWD,샌드 베이지,1,1,493
2026-09,central,AUR,2026,AUR-AI,롱레인지,AWD,스노우 화이트,17,17,9873
2026-09,central,AUR,2026,AUR-AI,롱레인지,AWD,미드나잇 블랙,13,13,7816
2026-09,central,AUR,2026,AUR-AI,롱레인지,AWD,스틸 그레이,11,11,6582
2026-09,central,AUR,2026,AUR-AI,롱레인지,AWD,실버,9,9,5348
2026-09,central,AUR,2026,AUR-AI,롱레인지,AWD,오션 블루,7,7,4114
2026-09,central,AUR,2026,AUR-AI,롱레인지,AWD,선셋 레드,6,6,3291
2026-09,central,AUR,2026,AUR-AI,롱레인지,AWD,포레스트 그린,3,4,2057
2026-09,central,AUR,2026,AUR-AI,롱레인지,AWD,샌드 베이지,3,4,2057
2026-09,central,AUR,2026,AUR-AI,롱레인지,FWD,스노우 화이트,10,10,5737
2026-09,central,AUR,2026,AUR-AI,롱레인지,FWD,미드나잇 블랙,8,8,4542
2026-09,central,AUR,2026,AUR-AI,롱레인지,FWD,스틸 그레이,6,7,3824
2026-09,central,AUR,2026,AUR-AI,롱레인지,FWD,실버,5,5,3107
2026-09,central,AUR,2026,AUR-AI,롱레인지,FWD,오션 블루,4,4,2390
2026-09,central,AUR,2026,AUR-AI,롱레인지,FWD,선셋 레드,3,3,1912
2026-09,central,AUR,2026,AUR-AI,롱레인지,FWD,포레스트 그린,2,2,1195
2026-09,central,AUR,2026,AUR-AI,롱레인지,FWD,샌드 베이지,2,2,1195
2026-09,central,AUR,2026,AUR-RA,스탠다드 레인지,AWD,스노우 화이트,8,8,6734
2026-09,central,AUR,2026,AUR-RA,스탠다드 레인지,AWD,미드나잇 블랙,6,6,5331
2026-09,central,AUR,2026,AUR-RA,스탠다드 레인지,AWD,스틸 그레이,5,5,4489
2026-09,central,AUR,2026,AUR-RA,스탠다드 레인지,AWD,실버,4,4,3648
2026-09,central,AUR,2026,AUR-RA,스탠다드 레인지,AWD,오션 블루,3,3,2806
2026-09,central,AUR,2026,AUR-RA,스탠다드 레인지,AWD,선셋 레드,3,3,2245
2026-09,central,AUR,2026,AUR-RA,스탠다드 레인지,AWD,포레스트 그린,2,2,1403
2026-09,central,AUR,2026,AUR-RA,스탠다드 레인지,AWD,샌드 베이지,2,2,1403
2026-09,central,AUR,2026,AUR-RA,스탠다드 레인지,FWD,스노우 화이트,5,5,3913
2026-09,central,AUR,2026,AUR-RA,스탠다드 레인지,FWD,미드나잇 블랙,4,4,3098
2026-09,central,AUR,2026,AUR-RA,스탠다드 레인지,FWD,스틸 그레이,3,3,2608
2026-09,central,AUR,2026,AUR-RA,스탠다드 레인지,FWD,실버,2,3,2119
2026-09,central,AUR,2026,AUR-RA,스탠다드 레인지,FWD,오션 블루,2,2,1630
2026-09,central,AUR,2026,AUR-RA,스탠다드 레인지,FWD,선셋 레드,2,2,1304
2026-09,central,AUR,2026,AUR-RA,스탠다드 레인지,FWD,포레스트 그린,1,1,815
2026-09,central,AUR,2026,AUR-RA,스탠다드 레인지,FWD,샌드 베이지,1,1,815
2026-09,central,AUR,2026,AUR-RA,롱레인지,AWD,스노우 화이트,19,20,16328
2026-09,central,AUR,2026,AUR-RA,롱레인지,AWD,미드나잇 블랙,15,16,12926
2026-09,central,AUR,2026,AUR-RA,롱레인지,AWD,스틸 그레이,13,13,10885
2026-09,central,AUR,2026,AUR-RA,롱레인지,AWD,실버,10,11,8844
2026-09,central,AUR,2026,AUR-RA,롱레인지,AWD,오션 블루,8,8,6803
2026-09,central,AUR,2026,AUR-RA,롱레인지,AWD,선셋 레드,6,7,5443
2026-09,central,AUR,2026,AUR-RA,롱레인지,AWD,포레스트 그린,4,4,3402
2026-09,central,AUR,2026,AUR-RA,롱레인지,AWD,샌드 베이지,4,4,3402
2026-09,central,AUR,2026,AUR-RA,롱레인지,FWD,스노우 화이트,11,11,9487
2026-09,central,AUR,2026,AUR-RA,롱레인지,FWD,미드나잇 블랙,9,9,7510
2026-09,central,AUR,2026,AUR-RA,롱레인지,FWD,스틸 그레이,7,8,6325
2026-09,central,AUR,2026,AUR-RA,롱레인지,FWD,실버,6,6,5139
2026-09,central,AUR,2026,AUR-RA,롱레인지,FWD,오션 블루,5,5,3953
2026-09,central,AUR,2026,AUR-RA,롱레인지,FWD,선셋 레드,4,4,3162
2026-09,central,AUR,2026,AUR-RA,롱레인지,FWD,포레스트 그린,2,2,1976
2026-09,central,AUR,2026,AUR-RA,롱레인지,FWD,샌드 베이지,2,2,1976
2026-09,central,AUR,2026,AUR-MA,스탠다드 레인지,AWD,스노우 화이트,3,3,4200
2026-09,central,AUR,2026,AUR-MA,스탠다드 레인지,AWD,미드나잇 블랙,3,3,3325
2026-09,central,AUR,2026,AUR-MA,스탠다드 레인지,AWD,스틸 그레이,2,2,2800
2026-09,central,AUR,2026,AUR-MA,스탠다드 레인지,AWD,실버,2,2,2275
2026-09,central,AUR,2026,AUR-MA,스탠다드 레인지,AWD,오션 블루,1,1,1750
2026-09,central,AUR,2026,AUR-MA,스탠다드 레인지,AWD,선셋 레드,1,1,1400
2026-09,central,AUR,2026,AUR-MA,스탠다드 레인지,AWD,포레스트 그린,1,1,875
2026-09,central,AUR,2026,AUR-MA,스탠다드 레인지,AWD,샌드 베이지,1,1,875
2026-09,central,AUR,2026,AUR-MA,스탠다드 레인지,FWD,스노우 화이트,2,2,2440
2026-09,central,AUR,2026,AUR-MA,스탠다드 레인지,FWD,미드나잇 블랙,1,2,1932
2026-09,central,AUR,2026,AUR-MA,스탠다드 레인지,FWD,스틸 그레이,1,1,1627
2026-09,central,AUR,2026,AUR-MA,스탠다드 레인지,FWD,실버,1,1,1322
2026-09,central,AUR,2026,AUR-MA,스탠다드 레인지,FWD,오션 블루,1,1,1017
2026-09,central,AUR,2026,AUR-MA,스탠다드 레인지,FWD,선셋 레드,1,1,813
2026-09,central,AUR,2026,AUR-MA,롱레인지,AWD,스노우 화이트,8,8,10184
2026-09,central,AUR,2026,AUR-MA,롱레인지,AWD,미드나잇 블랙,6,6,8062
2026-09,central,AUR,2026,AUR-MA,롱레인지,AWD,스틸 그레이,5,5,6789
2026-09,central,AUR,2026,AUR-MA,롱레인지,AWD,실버,4,4,5516
2026-09,central,AUR,2026,AUR-MA,롱레인지,AWD,오션 블루,3,3,4243
2026-09,central,AUR,2026,AUR-MA,롱레인지,AWD,선셋 레드,3,3,3395
2026-09,central,AUR,2026,AUR-MA,롱레인지,AWD,포레스트 그린,2,2,2122
2026-09,central,AUR,2026,AUR-MA,롱레인지,AWD,샌드 베이지,2,2,2122
2026-09,central,AUR,2026,AUR-MA,롱레인지,FWD,스노우 화이트,5,5,5917
2026-09,central,AUR,2026,AUR-MA,롱레인지,FWD,미드나잇 블랙,4,4,4685
2026-09,central,AUR,2026,AUR-MA,롱레인지,FWD,스틸 그레이,3,3,3945
2026-09,central,AUR,2026,AUR-MA,롱레인지,FWD,실버,2,3,3205
2026-09,central,AUR,2026,AUR-MA,롱레인지,FWD,오션 블루,2,2,2466
2026-09,central,AUR,2026,AUR-MA,롱레인지,FWD,선셋 레드,2,2,1972
2026-09,central,AUR,2026,AUR-MA,롱레인지,FWD,포레스트 그린,1,1,1233
2026-09,central,AUR,2026,AUR-MA,롱레인지,FWD,샌드 베이지,1,1,1233
2026-09,central,AUR,2027,AUR-AI,스탠다드 레인지,AWD,스노우 화이트,5,5,2715
2026-09,central,AUR,2027,AUR-AI,스탠다드 레인지,AWD,미드나잇 블랙,4,4,2149
2026-09,central,AUR,2027,AUR-AI,스탠다드 레인지,AWD,스틸 그레이,3,3,1810
2026-09,central,AUR,2027,AUR-AI,스탠다드 레인지,AWD,실버,2,3,1470
2026-09,central,AUR,2027,AUR-AI,스탠다드 레인지,AWD,오션 블루,2,2,1131
2026-09,central,AUR,2027,AUR-AI,스탠다드 레인지,AWD,선셋 레드,2,2,905
2026-09,central,AUR,2027,AUR-AI,스탠다드 레인지,AWD,포레스트 그린,1,1,566
2026-09,central,AUR,2027,AUR-AI,스탠다드 레인지,AWD,샌드 베이지,1,1,566
2026-09,central,AUR,2027,AUR-AI,스탠다드 레인지,FWD,스노우 화이트,3,3,1577
2026-09,central,AUR,2027,AUR-AI,스탠다드 레인지,FWD,미드나잇 블랙,2,2,1249
2026-09,central,AUR,2027,AUR-AI,스탠다드 레인지,FWD,스틸 그레이,2,2,1052
2026-09,central,AUR,2027,AUR-AI,스탠다드 레인지,FWD,실버,1,1,854
2026-09,central,AUR,2027,AUR-AI,스탠다드 레인지,FWD,오션 블루,1,1,657
2026-09,central,AUR,2027,AUR-AI,스탠다드 레인지,FWD,선셋 레드,1,1,526
2026-09,central,AUR,2027,AUR-AI,스탠다드 레인지,FWD,포레스트 그린,1,1,329
2026-09,central,AUR,2027,AUR-AI,스탠다드 레인지,FWD,샌드 베이지,1,1,329
2026-09,central,AUR,2027,AUR-AI,롱레인지,AWD,스노우 화이트,11,11,6582
2026-09,central,AUR,2027,AUR-AI,롱레인지,AWD,미드나잇 블랙,9,9,5211
2026-09,central,AUR,2027,AUR-AI,롱레인지,AWD,스틸 그레이,7,8,4388
2026-09,central,AUR,2027,AUR-AI,롱레인지,AWD,실버,6,6,3565
2026-09,central,AUR,2027,AUR-AI,롱레인지,AWD,오션 블루,5,5,2743
2026-09,central,AUR,2027,AUR-AI,롱레인지,AWD,선셋 레드,4,4,2194
2026-09,central,AUR,2027,AUR-AI,롱레인지,AWD,포레스트 그린,2,2,1371
2026-09,central,AUR,2027,AUR-AI,롱레인지,AWD,샌드 베이지,2,2,1371
2026-09,central,AUR,2027,AUR-AI,롱레인지,FWD,스노우 화이트,6,7,3824
2026-09,central,AUR,2027,AUR-AI,롱레인지,FWD,미드나잇 블랙,5,5,3028
2026-09,central,AUR,2027,AUR-AI,롱레인지,FWD,스틸 그레이,4,4,2550
2026-09,central,AUR,2027,AUR-AI,롱레인지,FWD,실버,3,4,2072
2026-09,central,AUR,2027,AUR-AI,롱레인지,FWD,오션 블루,3,3,1594
2026-09,central,AUR,2027,AUR-AI,롱레인지,FWD,선셋 레드,2,2,1275
2026-09,central,AUR,2027,AUR-AI,롱레인지,FWD,포레스트 그린,1,1,797
2026-09,central,AUR,2027,AUR-AI,롱레인지,FWD,샌드 베이지,1,1,797
2026-09,central,AUR,2027,AUR-RA,스탠다드 레인지,AWD,스노우 화이트,5,5,4489
2026-09,central,AUR,2027,AUR-RA,스탠다드 레인지,AWD,미드나잇 블랙,4,4,3554
2026-09,central,AUR,2027,AUR-RA,스탠다드 레인지,AWD,스틸 그레이,4,4,2993
2026-09,central,AUR,2027,AUR-RA,스탠다드 레인지,AWD,실버,3,3,2432
2026-09,central,AUR,2027,AUR-RA,스탠다드 레인지,AWD,오션 블루,2,2,1871
2026-09,central,AUR,2027,AUR-RA,스탠다드 레인지,AWD,선셋 레드,2,2,1496
2026-09,central,AUR,2027,AUR-RA,스탠다드 레인지,AWD,포레스트 그린,1,1,935
2026-09,central,AUR,2027,AUR-RA,스탠다드 레인지,AWD,샌드 베이지,1,1,935
2026-09,central,AUR,2027,AUR-RA,스탠다드 레인지,FWD,스노우 화이트,3,3,2608
2026-09,central,AUR,2027,AUR-RA,스탠다드 레인지,FWD,미드나잇 블랙,2,2,2065
2026-09,central,AUR,2027,AUR-RA,스탠다드 레인지,FWD,스틸 그레이,2,2,1739
2026-09,central,AUR,2027,AUR-RA,스탠다드 레인지,FWD,실버,2,2,1413
2026-09,central,AUR,2027,AUR-RA,스탠다드 레인지,FWD,오션 블루,1,1,1087
2026-09,central,AUR,2027,AUR-RA,스탠다드 레인지,FWD,선셋 레드,1,1,869
2026-09,central,AUR,2027,AUR-RA,스탠다드 레인지,FWD,포레스트 그린,1,1,543
2026-09,central,AUR,2027,AUR-RA,스탠다드 레인지,FWD,샌드 베이지,1,1,543
2026-09,central,AUR,2027,AUR-RA,롱레인지,AWD,스노우 화이트,13,13,10885
2026-09,central,AUR,2027,AUR-RA,롱레인지,AWD,미드나잇 블랙,10,10,8617
2026-09,central,AUR,2027,AUR-RA,롱레인지,AWD,스틸 그레이,9,9,7257
2026-09,central,AUR,2027,AUR-RA,롱레인지,AWD,실버,7,7,5896
2026-09,central,AUR,2027,AUR-RA,롱레인지,AWD,오션 블루,5,5,4535
2026-09,central,AUR,2027,AUR-RA,롱레인지,AWD,선셋 레드,4,4,3628
2026-09,central,AUR,2027,AUR-RA,롱레인지,AWD,포레스트 그린,3,3,2268
2026-09,central,AUR,2027,AUR-RA,롱레인지,AWD,샌드 베이지,3,3,2268
2026-09,central,AUR,2027,AUR-RA,롱레인지,FWD,스노우 화이트,7,8,6325
2026-09,central,AUR,2027,AUR-RA,롱레인지,FWD,미드나잇 블랙,6,6,5007
2026-09,central,AUR,2027,AUR-RA,롱레인지,FWD,스틸 그레이,5,5,4216
2026-09,central,AUR,2027,AUR-RA,롱레인지,FWD,실버,4,4,3426
2026-09,central,AUR,2027,AUR-RA,롱레인지,FWD,오션 블루,3,3,2635
2026-09,central,AUR,2027,AUR-RA,롱레인지,FWD,선셋 레드,2,3,2108
2026-09,central,AUR,2027,AUR-RA,롱레인지,FWD,포레스트 그린,2,2,1318
2026-09,central,AUR,2027,AUR-RA,롱레인지,FWD,샌드 베이지,2,2,1318
2026-09,central,AUR,2027,AUR-MA,스탠다드 레인지,AWD,스노우 화이트,2,2,2800
2026-09,central,AUR,2027,AUR-MA,스탠다드 레인지,AWD,미드나잇 블랙,2,2,2217
2026-09,central,AUR,2027,AUR-MA,스탠다드 레인지,AWD,스틸 그레이,1,1,1867
2026-09,central,AUR,2027,AUR-MA,스탠다드 레인지,AWD,실버,1,1,1517
2026-09,central,AUR,2027,AUR-MA,스탠다드 레인지,AWD,오션 블루,1,1,1167
2026-09,central,AUR,2027,AUR-MA,스탠다드 레인지,AWD,선셋 레드,1,1,933
2026-09,central,AUR,2027,AUR-MA,스탠다드 레인지,FWD,스노우 화이트,1,1,1627
2026-09,central,AUR,2027,AUR-MA,스탠다드 레인지,FWD,미드나잇 블랙,1,1,1288
2026-09,central,AUR,2027,AUR-MA,스탠다드 레인지,FWD,스틸 그레이,1,1,1085
2026-09,central,AUR,2027,AUR-MA,스탠다드 레인지,FWD,실버,1,1,881
2026-09,central,AUR,2027,AUR-MA,스탠다드 레인지,FWD,오션 블루,1,1,678
2026-09,central,AUR,2027,AUR-MA,롱레인지,AWD,스노우 화이트,5,5,6789
2026-09,central,AUR,2027,AUR-MA,롱레인지,AWD,미드나잇 블랙,4,4,5375
2026-09,central,AUR,2027,AUR-MA,롱레인지,AWD,스틸 그레이,4,4,4526
2026-09,central,AUR,2027,AUR-MA,롱레인지,AWD,실버,3,3,3678
2026-09,central,AUR,2027,AUR-MA,롱레인지,AWD,오션 블루,2,2,2829
2026-09,central,AUR,2027,AUR-MA,롱레인지,AWD,선셋 레드,2,2,2263
2026-09,central,AUR,2027,AUR-MA,롱레인지,AWD,포레스트 그린,1,1,1414
2026-09,central,AUR,2027,AUR-MA,롱레인지,AWD,샌드 베이지,1,1,1414
2026-09,central,AUR,2027,AUR-MA,롱레인지,FWD,스노우 화이트,3,3,3945
2026-09,central,AUR,2027,AUR-MA,롱레인지,FWD,미드나잇 블랙,2,2,3123
2026-09,central,AUR,2027,AUR-MA,롱레인지,FWD,스틸 그레이,2,2,2630
2026-09,central,AUR,2027,AUR-MA,롱레인지,FWD,실버,2,2,2137
2026-09,central,AUR,2027,AUR-MA,롱레인지,FWD,오션 블루,1,1,1644
2026-09,central,AUR,2027,AUR-MA,롱레인지,FWD,선셋 레드,1,1,1315
2026-09,central,AUR,2027,AUR-MA,롱레인지,FWD,포레스트 그린,1,1,822
2026-09,central,AUR,2027,AUR-MA,롱레인지,FWD,샌드 베이지,1,1,822
2026-09,south,AUR,2026,AUR-AI,스탠다드 레인지,AWD,스노우 화이트,6,6,3299
2026-09,south,AUR,2026,AUR-AI,스탠다드 레인지,AWD,미드나잇 블랙,4,4,2612
2026-09,south,AUR,2026,AUR-AI,스탠다드 레인지,AWD,스틸 그레이,4,4,2200
2026-09,south,AUR,2026,AUR-AI,스탠다드 레인지,AWD,실버,3,3,1787
2026-09,south,AUR,2026,AUR-AI,스탠다드 레인지,AWD,오션 블루,2,2,1375
2026-09,south,AUR,2026,AUR-AI,스탠다드 레인지,AWD,선셋 레드,2,2,1100
2026-09,south,AUR,2026,AUR-AI,스탠다드 레인지,AWD,포레스트 그린,1,1,687
2026-09,south,AUR,2026,AUR-AI,스탠다드 레인지,AWD,샌드 베이지,1,1,687
2026-09,south,AUR,2026,AUR-AI,스탠다드 레인지,FWD,스노우 화이트,8,9,5032
2026-09,south,AUR,2026,AUR-AI,스탠다드 레인지,FWD,미드나잇 블랙,7,7,3984
2026-09,south,AUR,2026,AUR-AI,스탠다드 레인지,FWD,스틸 그레이,6,6,3355
2026-09,south,AUR,2026,AUR-AI,스탠다드 레인지,FWD,실버,5,5,2726
2026-09,south,AUR,2026,AUR-AI,스탠다드 레인지,FWD,오션 블루,4,4,2097
2026-09,south,AUR,2026,AUR-AI,스탠다드 레인지,FWD,선셋 레드,3,3,1677
2026-09,south,AUR,2026,AUR-AI,스탠다드 레인지,FWD,포레스트 그린,2,2,1048
2026-09,south,AUR,2026,AUR-AI,스탠다드 레인지,FWD,샌드 베이지,2,2,1048
2026-09,south,AUR,2026,AUR-AI,롱레인지,AWD,스노우 화이트,13,14,8000
2026-09,south,AUR,2026,AUR-AI,롱레인지,AWD,미드나잇 블랙,11,11,6333
2026-09,south,AUR,2026,AUR-AI,롱레인지,AWD,스틸 그레이,9,9,5333
2026-09,south,AUR,2026,AUR-AI,롱레인지,AWD,실버,7,7,4333
2026-09,south,AUR,2026,AUR-AI,롱레인지,AWD,오션 블루,6,6,3333
2026-09,south,AUR,2026,AUR-AI,롱레인지,AWD,선셋 레드,4,5,2667
2026-09,south,AUR,2026,AUR-AI,롱레인지,AWD,포레스트 그린,3,3,1667
2026-09,south,AUR,2026,AUR-AI,롱레인지,AWD,샌드 베이지,3,3,1667
2026-09,south,AUR,2026,AUR-AI,롱레인지,FWD,스노우 화이트,21,21,12202
2026-09,south,AUR,2026,AUR-AI,롱레인지,FWD,미드나잇 블랙,16,17,9660
2026-09,south,AUR,2026,AUR-AI,롱레인지,FWD,스틸 그레이,14,14,8134
2026-09,south,AUR,2026,AUR-AI,롱레인지,FWD,실버,11,11,6609
2026-09,south,AUR,2026,AUR-AI,롱레인지,FWD,오션 블루,9,9,5084
2026-09,south,AUR,2026,AUR-AI,롱레인지,FWD,선셋 레드,7,7,4067
2026-09,south,AUR,2026,AUR-AI,롱레인지,FWD,포레스트 그린,4,4,2542
2026-09,south,AUR,2026,AUR-AI,롱레인지,FWD,샌드 베이지,4,4,2542
2026-09,south,AUR,2026,AUR-RA,스탠다드 레인지,AWD,스노우 화이트,6,7,5456
2026-09,south,AUR,2026,AUR-RA,스탠다드 레인지,AWD,미드나잇 블랙,5,5,4319
2026-09,south,AUR,2026,AUR-RA,스탠다드 레인지,AWD,스틸 그레이,4,4,3637
2026-09,south,AUR,2026,AUR-RA,스탠다드 레인지,AWD,실버,3,4,2955
2026-09,south,AUR,2026,AUR-RA,스탠다드 레인지,AWD,오션 블루,3,3,2273
2026-09,south,AUR,2026,AUR-RA,스탠다드 레인지,AWD,선셋 레드,2,2,1819
2026-09,south,AUR,2026,AUR-RA,스탠다드 레인지,AWD,포레스트 그린,1,1,1137
2026-09,south,AUR,2026,AUR-RA,스탠다드 레인지,AWD,샌드 베이지,1,1,1137
2026-09,south,AUR,2026,AUR-RA,스탠다드 레인지,FWD,스노우 화이트,10,10,8322
2026-09,south,AUR,2026,AUR-RA,스탠다드 레인지,FWD,미드나잇 블랙,8,8,6588
2026-09,south,AUR,2026,AUR-RA,스탠다드 레인지,FWD,스틸 그레이,7,7,5548
2026-09,south,AUR,2026,AUR-RA,스탠다드 레인지,FWD,실버,5,5,4508
2026-09,south,AUR,2026,AUR-RA,스탠다드 레인지,FWD,오션 블루,4,4,3467
2026-09,south,AUR,2026,AUR-RA,스탠다드 레인지,FWD,선셋 레드,3,3,2774
2026-09,south,AUR,2026,AUR-RA,스탠다드 레인지,FWD,포레스트 그린,2,2,1734
2026-09,south,AUR,2026,AUR-RA,스탠다드 레인지,FWD,샌드 베이지,2,2,1734
2026-09,south,AUR,2026,AUR-RA,롱레인지,AWD,스노우 화이트,16,16,13229
2026-09,south,AUR,2026,AUR-RA,롱레인지,AWD,미드나잇 블랙,12,13,10473
2026-09,south,AUR,2026,AUR-RA,롱레인지,AWD,스틸 그레이,10,11,8819
2026-09,south,AUR,2026,AUR-RA,롱레인지,AWD,실버,8,9,7166
2026-09,south,AUR,2026,AUR-RA,롱레인지,AWD,오션 블루,6,7,5512
2026-09,south,AUR,2026,AUR-RA,롱레인지,AWD,선셋 레드,5,5,4410
2026-09,south,AUR,2026,AUR-RA,롱레인지,AWD,포레스트 그린,3,3,2756
2026-09,south,AUR,2026,AUR-RA,롱레인지,AWD,샌드 베이지,3,3,2756
2026-09,south,AUR,2026,AUR-RA,롱레인지,FWD,스노우 화이트,24,24,20178
2026-09,south,AUR,2026,AUR-RA,롱레인지,FWD,미드나잇 블랙,19,19,15974
2026-09,south,AUR,2026,AUR-RA,롱레인지,FWD,스틸 그레이,16,16,13452
2026-09,south,AUR,2026,AUR-RA,롱레인지,FWD,실버,13,13,10930
2026-09,south,AUR,2026,AUR-RA,롱레인지,FWD,오션 블루,10,10,8407
2026-09,south,AUR,2026,AUR-RA,롱레인지,FWD,선셋 레드,8,8,6726
2026-09,south,AUR,2026,AUR-RA,롱레인지,FWD,포레스트 그린,5,5,4204
2026-09,south,AUR,2026,AUR-RA,롱레인지,FWD,샌드 베이지,5,5,4204
2026-09,south,AUR,2026,AUR-MA,스탠다드 레인지,AWD,스노우 화이트,3,3,3403
2026-09,south,AUR,2026,AUR-MA,스탠다드 레인지,AWD,미드나잇 블랙,2,2,2694
2026-09,south,AUR,2026,AUR-MA,스탠다드 레인지,AWD,스틸 그레이,2,2,2269
2026-09,south,AUR,2026,AUR-MA,스탠다드 레인지,AWD,실버,1,1,1843
2026-09,south,AUR,2026,AUR-MA,스탠다드 레인지,AWD,오션 블루,1,1,1418
2026-09,south,AUR,2026,AUR-MA,스탠다드 레인지,AWD,선셋 레드,1,1,1134
2026-09,south,AUR,2026,AUR-MA,스탠다드 레인지,AWD,포레스트 그린,1,1,709
2026-09,south,AUR,2026,AUR-MA,스탠다드 레인지,AWD,샌드 베이지,1,1,709
2026-09,south,AUR,2026,AUR-MA,스탠다드 레인지,FWD,스노우 화이트,4,4,5191
2026-09,south,AUR,2026,AUR-MA,스탠다드 레인지,FWD,미드나잇 블랙,3,3,4109
2026-09,south,AUR,2026,AUR-MA,스탠다드 레인지,FWD,스틸 그레이,3,3,3460
2026-09,south,AUR,2026,AUR-MA,스탠다드 레인지,FWD,실버,2,2,2812
2026-09,south,AUR,2026,AUR-MA,스탠다드 레인지,FWD,오션 블루,2,2,2163
2026-09,south,AUR,2026,AUR-MA,스탠다드 레인지,FWD,선셋 레드,1,1,1730
2026-09,south,AUR,2026,AUR-MA,스탠다드 레인지,FWD,포레스트 그린,1,1,1081
2026-09,south,AUR,2026,AUR-MA,스탠다드 레인지,FWD,샌드 베이지,1,1,1081
2026-09,south,AUR,2026,AUR-MA,롱레인지,AWD,스노우 화이트,6,7,8252
2026-09,south,AUR,2026,AUR-MA,롱레인지,AWD,미드나잇 블랙,5,5,6532
2026-09,south,AUR,2026,AUR-MA,롱레인지,AWD,스틸 그레이,4,4,5501
2026-09,south,AUR,2026,AUR-MA,롱레인지,AWD,실버,3,4,4470
2026-09,south,AUR,2026,AUR-MA,롱레인지,AWD,오션 블루,3,3,3438
2026-09,south,AUR,2026,AUR-MA,롱레인지,AWD,선셋 레드,2,2,2751
2026-09,south,AUR,2026,AUR-MA,롱레인지,AWD,포레스트 그린,1,1,1719
2026-09,south,AUR,2026,AUR-MA,롱레인지,AWD,샌드 베이지,1,1,1719
2026-09,south,AUR,2026,AUR-MA,롱레인지,FWD,스노우 화이트,10,10,12586
2026-09,south,AUR,2026,AUR-MA,롱레인지,FWD,미드나잇 블랙,8,8,9964
2026-09,south,AUR,2026,AUR-MA,롱레인지,FWD,스틸 그레이,6,7,8390
2026-09,south,AUR,2026,AUR-MA,롱레인지,FWD,실버,5,5,6817
2026-09,south,AUR,2026,AUR-MA,롱레인지,FWD,오션 블루,4,4,5244
2026-09,south,AUR,2026,AUR-MA,롱레인지,FWD,선셋 레드,3,3,4195
2026-09,south,AUR,2026,AUR-MA,롱레인지,FWD,포레스트 그린,2,2,2622
2026-09,south,AUR,2026,AUR-MA,롱레인지,FWD,샌드 베이지,2,2,2622
2026-09,south,AUR,2027,AUR-AI,스탠다드 레인지,AWD,스노우 화이트,4,4,2200
2026-09,south,AUR,2027,AUR-AI,스탠다드 레인지,AWD,미드나잇 블랙,3,3,1741
2026-09,south,AUR,2027,AUR-AI,스탠다드 레인지,AWD,스틸 그레이,2,3,1466
2026-09,south,AUR,2027,AUR-AI,스탠다드 레인지,AWD,실버,2,2,1191
2026-09,south,AUR,2027,AUR-AI,스탠다드 레인지,AWD,오션 블루,2,2,916
2026-09,south,AUR,2027,AUR-AI,스탠다드 레인지,AWD,선셋 레드,1,1,733
2026-09,south,AUR,2027,AUR-AI,스탠다드 레인지,AWD,포레스트 그린,1,1,458
2026-09,south,AUR,2027,AUR-AI,스탠다드 레인지,AWD,샌드 베이지,1,1,458
2026-09,south,AUR,2027,AUR-AI,스탠다드 레인지,FWD,스노우 화이트,6,6,3355
2026-09,south,AUR,2027,AUR-AI,스탠다드 레인지,FWD,미드나잇 블랙,4,5,2656
2026-09,south,AUR,2027,AUR-AI,스탠다드 레인지,FWD,스틸 그레이,4,4,2237
2026-09,south,AUR,2027,AUR-AI,스탠다드 레인지,FWD,실버,3,3,1817
2026-09,south,AUR,2027,AUR-AI,스탠다드 레인지,FWD,오션 블루,2,2,1398
2026-09,south,AUR,2027,AUR-AI,스탠다드 레인지,FWD,선셋 레드,2,2,1118
2026-09,south,AUR,2027,AUR-AI,스탠다드 레인지,FWD,포레스트 그린,1,1,699
2026-09,south,AUR,2027,AUR-AI,스탠다드 레인지,FWD,샌드 베이지,1,1,699
2026-09,south,AUR,2027,AUR-AI,롱레인지,AWD,스노우 화이트,9,9,5333
2026-09,south,AUR,2027,AUR-AI,롱레인지,AWD,미드나잇 블랙,7,7,4222
2026-09,south,AUR,2027,AUR-AI,롱레인지,AWD,스틸 그레이,6,6,3555
2026-09,south,AUR,2027,AUR-AI,롱레인지,AWD,실버,5,5,2889
2026-09,south,AUR,2027,AUR-AI,롱레인지,AWD,오션 블루,4,4,2222
2026-09,south,AUR,2027,AUR-AI,롱레인지,AWD,선셋 레드,3,3,1778
2026-09,south,AUR,2027,AUR-AI,롱레인지,AWD,포레스트 그린,2,2,1111
2026-09,south,AUR,2027,AUR-AI,롱레인지,AWD,샌드 베이지,2,2,1111
2026-09,south,AUR,2027,AUR-AI,롱레인지,FWD,스노우 화이트,14,14,8134
2026-09,south,AUR,2027,AUR-AI,롱레인지,FWD,미드나잇 블랙,11,11,6440
2026-09,south,AUR,2027,AUR-AI,롱레인지,FWD,스틸 그레이,9,9,5423
2026-09,south,AUR,2027,AUR-AI,롱레인지,FWD,실버,7,8,4406
2026-09,south,AUR,2027,AUR-AI,롱레인지,FWD,오션 블루,6,6,3389
2026-09,south,AUR,2027,AUR-AI,롱레인지,FWD,선셋 레드,5,5,2711
2026-09,south,AUR,2027,AUR-AI,롱레인지,FWD,포레스트 그린,3,3,1695
2026-09,south,AUR,2027,AUR-AI,롱레인지,FWD,샌드 베이지,3,3,1695
2026-09,south,AUR,2027,AUR-RA,스탠다드 레인지,AWD,스노우 화이트,4,4,3637
2026-09,south,AUR,2027,AUR-RA,스탠다드 레인지,AWD,미드나잇 블랙,3,3,2880
2026-09,south,AUR,2027,AUR-RA,스탠다드 레인지,AWD,스틸 그레이,3,3,2425
2026-09,south,AUR,2027,AUR-RA,스탠다드 레인지,AWD,실버,2,2,1970
2026-09,south,AUR,2027,AUR-RA,스탠다드 레인지,AWD,오션 블루,2,2,1516
2026-09,south,AUR,2027,AUR-RA,스탠다드 레인지,AWD,선셋 레드,1,1,1212
2026-09,south,AUR,2027,AUR-RA,스탠다드 레인지,AWD,포레스트 그린,1,1,758
2026-09,south,AUR,2027,AUR-RA,스탠다드 레인지,AWD,샌드 베이지,1,1,758
2026-09,south,AUR,2027,AUR-RA,스탠다드 레인지,FWD,스노우 화이트,7,7,5548
2026-09,south,AUR,2027,AUR-RA,스탠다드 레인지,FWD,미드나잇 블랙,5,5,4392
2026-09,south,AUR,2027,AUR-RA,스탠다드 레인지,FWD,스틸 그레이,4,4,3699
2026-09,south,AUR,2027,AUR-RA,스탠다드 레인지,FWD,실버,4,4,3005
2026-09,south,AUR,2027,AUR-RA,스탠다드 레인지,FWD,오션 블루,3,3,2312
2026-09,south,AUR,2027,AUR-RA,스탠다드 레인지,FWD,선셋 레드,2,2,1849
2026-09,south,AUR,2027,AUR-RA,스탠다드 레인지,FWD,포레스트 그린,1,1,1156
2026-09,south,AUR,2027,AUR-RA,스탠다드 레인지,FWD,샌드 베이지,1,1,1156
2026-09,south,AUR,2027,AUR-RA,롱레인지,AWD,스노우 화이트,10,11,8819
2026-09,south,AUR,2027,AUR-RA,롱레인지,AWD,미드나잇 블랙,8,8,6982
2026-09,south,AUR,2027,AUR-RA,롱레인지,AWD,스틸 그레이,7,7,5880
2026-09,south,AUR,2027,AUR-RA,롱레인지,AWD,실버,6,6,4777
2026-09,south,AUR,2027,AUR-RA,롱레인지,AWD,오션 블루,4,4,3675
2026-09,south,AUR,2027,AUR-RA,롱레인지,AWD,선셋 레드,3,4,2940
2026-09,south,AUR,2027,AUR-RA,롱레인지,AWD,포레스트 그린,2,2,1837
2026-09,south,AUR,2027,AUR-RA,롱레인지,AWD,샌드 베이지,2,2,1837
2026-09,south,AUR,2027,AUR-RA,롱레인지,FWD,스노우 화이트,16,16,13452
2026-09,south,AUR,2027,AUR-RA,롱레인지,FWD,미드나잇 블랙,13,13,10649
2026-09,south,AUR,2027,AUR-RA,롱레인지,FWD,스틸 그레이,11,11,8968
2026-09,south,AUR,2027,AUR-RA,롱레인지,FWD,실버,9,9,7286
2026-09,south,AUR,2027,AUR-RA,롱레인지,FWD,오션 블루,7,7,5605
2026-09,south,AUR,2027,AUR-RA,롱레인지,FWD,선셋 레드,5,5,4484
2026-09,south,AUR,2027,AUR-RA,롱레인지,FWD,포레스트 그린,3,3,2802
2026-09,south,AUR,2027,AUR-RA,롱레인지,FWD,샌드 베이지,3,3,2802
2026-09,south,AUR,2027,AUR-MA,스탠다드 레인지,AWD,스노우 화이트,2,2,2269
2026-09,south,AUR,2027,AUR-MA,스탠다드 레인지,AWD,미드나잇 블랙,1,1,1796
2026-09,south,AUR,2027,AUR-MA,스탠다드 레인지,AWD,스틸 그레이,1,1,1513
2026-09,south,AUR,2027,AUR-MA,스탠다드 레인지,AWD,실버,1,1,1229
2026-09,south,AUR,2027,AUR-MA,스탠다드 레인지,AWD,오션 블루,1,1,945
2026-09,south,AUR,2027,AUR-MA,스탠다드 레인지,AWD,선셋 레드,1,1,756
2026-09,south,AUR,2027,AUR-MA,스탠다드 레인지,FWD,스노우 화이트,3,3,3460
2026-09,south,AUR,2027,AUR-MA,스탠다드 레인지,FWD,미드나잇 블랙,2,2,2740
2026-09,south,AUR,2027,AUR-MA,스탠다드 레인지,FWD,스틸 그레이,2,2,2307
2026-09,south,AUR,2027,AUR-MA,스탠다드 레인지,FWD,실버,1,1,1874
2026-09,south,AUR,2027,AUR-MA,스탠다드 레인지,FWD,오션 블루,1,1,1442
2026-09,south,AUR,2027,AUR-MA,스탠다드 레인지,FWD,선셋 레드,1,1,1153
2026-09,south,AUR,2027,AUR-MA,스탠다드 레인지,FWD,포레스트 그린,1,1,721
2026-09,south,AUR,2027,AUR-MA,스탠다드 레인지,FWD,샌드 베이지,1,1,721
2026-09,south,AUR,2027,AUR-MA,롱레인지,AWD,스노우 화이트,4,4,5501
2026-09,south,AUR,2027,AUR-MA,롱레인지,AWD,미드나잇 블랙,3,3,4355
2026-09,south,AUR,2027,AUR-MA,롱레인지,AWD,스틸 그레이,3,3,3667
2026-09,south,AUR,2027,AUR-MA,롱레인지,AWD,실버,2,2,2980
2026-09,south,AUR,2027,AUR-MA,롱레인지,AWD,오션 블루,2,2,2292
2026-09,south,AUR,2027,AUR-MA,롱레인지,AWD,선셋 레드,1,1,1834
2026-09,south,AUR,2027,AUR-MA,롱레인지,AWD,포레스트 그린,1,1,1146
2026-09,south,AUR,2027,AUR-MA,롱레인지,AWD,샌드 베이지,1,1,1146
2026-09,south,AUR,2027,AUR-MA,롱레인지,FWD,스노우 화이트,6,7,8390
2026-09,south,AUR,2027,AUR-MA,롱레인지,FWD,미드나잇 블랙,5,5,6642
2026-09,south,AUR,2027,AUR-MA,롱레인지,FWD,스틸 그레이,4,4,5594
2026-09,south,AUR,2027,AUR-MA,롱레인지,FWD,실버,4,4,4545
2026-09,south,AUR,2027,AUR-MA,롱레인지,FWD,오션 블루,3,3,3496
2026-09,south,AUR,2027,AUR-MA,롱레인지,FWD,선셋 레드,2,2,2797
2026-09,south,AUR,2027,AUR-MA,롱레인지,FWD,포레스트 그린,1,1,1748
2026-09,south,AUR,2027,AUR-MA,롱레인지,FWD,샌드 베이지,1,1,1748
2026-09,northeast,AUR,2026,AUR-AI,스탠다드 레인지,AWD,스노우 화이트,14,14,8286
2026-09,northeast,AUR,2026,AUR-AI,스탠다드 레인지,AWD,미드나잇 블랙,11,11,6560
2026-09,northeast,AUR,2026,AUR-AI,스탠다드 레인지,AWD,스틸 그레이,9,9,5524
2026-09,northeast,AUR,2026,AUR-AI,스탠다드 레인지,AWD,실버,8,8,4488
2026-09,northeast,AUR,2026,AUR-AI,스탠다드 레인지,AWD,오션 블루,6,6,3452
2026-09,northeast,AUR,2026,AUR-AI,스탠다드 레인지,AWD,선셋 레드,5,5,2762
2026-09,northeast,AUR,2026,AUR-AI,스탠다드 레인지,AWD,포레스트 그린,3,3,1726
2026-09,northeast,AUR,2026,AUR-AI,스탠다드 레인지,AWD,샌드 베이지,3,3,1726
2026-09,northeast,AUR,2026,AUR-AI,스탠다드 레인지,FWD,스노우 화이트,6,6,3303
2026-09,northeast,AUR,2026,AUR-AI,스탠다드 레인지,FWD,미드나잇 블랙,4,4,2615
2026-09,northeast,AUR,2026,AUR-AI,스탠다드 레인지,FWD,스틸 그레이,4,4,2202
2026-09,northeast,AUR,2026,AUR-AI,스탠다드 레인지,FWD,실버,3,3,1789
2026-09,northeast,AUR,2026,AUR-AI,스탠다드 레인지,FWD,오션 블루,2,2,1376
2026-09,northeast,AUR,2026,AUR-AI,스탠다드 레인지,FWD,선셋 레드,2,2,1101
2026-09,northeast,AUR,2026,AUR-AI,스탠다드 레인지,FWD,포레스트 그린,1,1,688
2026-09,northeast,AUR,2026,AUR-AI,스탠다드 레인지,FWD,샌드 베이지,1,1,688
2026-09,northeast,AUR,2026,AUR-AI,롱레인지,AWD,스노우 화이트,34,35,20090
2026-09,northeast,AUR,2026,AUR-AI,롱레인지,AWD,미드나잇 블랙,27,27,15905
2026-09,northeast,AUR,2026,AUR-AI,롱레인지,AWD,스틸 그레이,23,23,13394
2026-09,northeast,AUR,2026,AUR-AI,롱레인지,AWD,실버,18,19,10882
2026-09,northeast,AUR,2026,AUR-AI,롱레인지,AWD,오션 블루,14,14,8371
2026-09,northeast,AUR,2026,AUR-AI,롱레인지,AWD,선셋 레드,11,12,6697
2026-09,northeast,AUR,2026,AUR-AI,롱레인지,AWD,포레스트 그린,7,7,4185
2026-09,northeast,AUR,2026,AUR-AI,롱레인지,AWD,샌드 베이지,7,7,4185
2026-09,northeast,AUR,2026,AUR-AI,롱레인지,FWD,스노우 화이트,13,14,8008
2026-09,northeast,AUR,2026,AUR-AI,롱레인지,FWD,미드나잇 블랙,11,11,6340
2026-09,northeast,AUR,2026,AUR-AI,롱레인지,FWD,스틸 그레이,9,9,5339
2026-09,northeast,AUR,2026,AUR-AI,롱레인지,FWD,실버,7,7,4338
2026-09,northeast,AUR,2026,AUR-AI,롱레인지,FWD,오션 블루,6,6,3337
2026-09,northeast,AUR,2026,AUR-AI,롱레인지,FWD,선셋 레드,4,5,2669
2026-09,northeast,AUR,2026,AUR-AI,롱레인지,FWD,포레스트 그린,3,3,1668
2026-09,northeast,AUR,2026,AUR-AI,롱레인지,FWD,샌드 베이지,3,3,1668
2026-09,northeast,AUR,2026,AUR-RA,스탠다드 레인지,AWD,스노우 화이트,16,16,13702
2026-09,northeast,AUR,2026,AUR-RA,스탠다드 레인지,AWD,미드나잇 블랙,13,13,10848
2026-09,northeast,AUR,2026,AUR-RA,스탠다드 레인지,AWD,스틸 그레이,11,11,9135
2026-09,northeast,AUR,2026,AUR-RA,스탠다드 레인지,AWD,실버,9,9,7422
2026-09,northeast,AUR,2026,AUR-RA,스탠다드 레인지,AWD,오션 블루,7,7,5709
2026-09,northeast,AUR,2026,AUR-RA,스탠다드 레인지,AWD,선셋 레드,5,5,4567
2026-09,northeast,AUR,2026,AUR-RA,스탠다드 레인지,AWD,포레스트 그린,3,3,2855
2026-09,northeast,AUR,2026,AUR-RA,스탠다드 레인지,AWD,샌드 베이지,3,3,2855
2026-09,northeast,AUR,2026,AUR-RA,스탠다드 레인지,FWD,스노우 화이트,6,7,5462
2026-09,northeast,AUR,2026,AUR-RA,스탠다드 레인지,FWD,미드나잇 블랙,5,5,4324
2026-09,northeast,AUR,2026,AUR-RA,스탠다드 레인지,FWD,스틸 그레이,4,4,3641
2026-09,northeast,AUR,2026,AUR-RA,스탠다드 레인지,FWD,실버,3,4,2958
2026-09,northeast,AUR,2026,AUR-RA,스탠다드 레인지,FWD,오션 블루,3,3,2276
2026-09,northeast,AUR,2026,AUR-RA,스탠다드 레인지,FWD,선셋 레드,2,2,1821
2026-09,northeast,AUR,2026,AUR-RA,스탠다드 레인지,FWD,포레스트 그린,1,1,1138
2026-09,northeast,AUR,2026,AUR-RA,스탠다드 레인지,FWD,샌드 베이지,1,1,1138
2026-09,northeast,AUR,2026,AUR-RA,롱레인지,AWD,스노우 화이트,39,40,33223
2026-09,northeast,AUR,2026,AUR-RA,롱레인지,AWD,미드나잇 블랙,31,32,26302
2026-09,northeast,AUR,2026,AUR-RA,롱레인지,AWD,스틸 그레이,26,27,22149
2026-09,northeast,AUR,2026,AUR-RA,롱레인지,AWD,실버,21,22,17996
2026-09,northeast,AUR,2026,AUR-RA,롱레인지,AWD,오션 블루,16,17,13843
2026-09,northeast,AUR,2026,AUR-RA,롱레인지,AWD,선셋 레드,13,13,11074
2026-09,northeast,AUR,2026,AUR-RA,롱레인지,AWD,포레스트 그린,8,8,6922
2026-09,northeast,AUR,2026,AUR-RA,롱레인지,AWD,샌드 베이지,8,8,6922
2026-09,northeast,AUR,2026,AUR-RA,롱레인지,FWD,스노우 화이트,16,16,13243
2026-09,northeast,AUR,2026,AUR-RA,롱레인지,FWD,미드나잇 블랙,12,13,10484
2026-09,northeast,AUR,2026,AUR-RA,롱레인지,FWD,스틸 그레이,10,11,8829
2026-09,northeast,AUR,2026,AUR-RA,롱레인지,FWD,실버,8,9,7173
2026-09,northeast,AUR,2026,AUR-RA,롱레인지,FWD,오션 블루,7,7,5518
2026-09,northeast,AUR,2026,AUR-RA,롱레인지,FWD,선셋 레드,5,5,4414
2026-09,northeast,AUR,2026,AUR-RA,롱레인지,FWD,포레스트 그린,3,3,2759
2026-09,northeast,AUR,2026,AUR-RA,롱레인지,FWD,샌드 베이지,3,3,2759
2026-09,northeast,AUR,2026,AUR-MA,스탠다드 레인지,AWD,스노우 화이트,7,7,8547
2026-09,northeast,AUR,2026,AUR-MA,스탠다드 레인지,AWD,미드나잇 블랙,5,5,6766
2026-09,northeast,AUR,2026,AUR-MA,스탠다드 레인지,AWD,스틸 그레이,4,4,5698
2026-09,northeast,AUR,2026,AUR-MA,스탠다드 레인지,AWD,실버,4,4,4629
2026-09,northeast,AUR,2026,AUR-MA,스탠다드 레인지,AWD,오션 블루,3,3,3561
2026-09,northeast,AUR,2026,AUR-MA,스탠다드 레인지,AWD,선셋 레드,2,2,2849
2026-09,northeast,AUR,2026,AUR-MA,스탠다드 레인지,AWD,포레스트 그린,1,1,1781
2026-09,northeast,AUR,2026,AUR-MA,스탠다드 레인지,AWD,샌드 베이지,1,1,1781
2026-09,northeast,AUR,2026,AUR-MA,스탠다드 레인지,FWD,스노우 화이트,3,3,3407
2026-09,northeast,AUR,2026,AUR-MA,스탠다드 레인지,FWD,미드나잇 블랙,2,2,2697
2026-09,northeast,AUR,2026,AUR-MA,스탠다드 레인지,FWD,스틸 그레이,2,2,2271
2026-09,northeast,AUR,2026,AUR-MA,스탠다드 레인지,FWD,실버,1,1,1845
2026-09,northeast,AUR,2026,AUR-MA,스탠다드 레인지,FWD,오션 블루,1,1,1419
2026-09,northeast,AUR,2026,AUR-MA,스탠다드 레인지,FWD,선셋 레드,1,1,1136
2026-09,northeast,AUR,2026,AUR-MA,스탠다드 레인지,FWD,포레스트 그린,1,1,710
2026-09,northeast,AUR,2026,AUR-MA,스탠다드 레인지,FWD,샌드 베이지,1,1,710
2026-09,northeast,AUR,2026,AUR-MA,롱레인지,AWD,스노우 화이트,16,16,20723
2026-09,northeast,AUR,2026,AUR-MA,롱레인지,AWD,미드나잇 블랙,13,13,16405
2026-09,northeast,AUR,2026,AUR-MA,롱레인지,AWD,스틸 그레이,11,11,13815
2026-09,northeast,AUR,2026,AUR-MA,롱레인지,AWD,실버,9,9,11225
2026-09,northeast,AUR,2026,AUR-MA,롱레인지,AWD,오션 블루,7,7,8634
2026-09,northeast,AUR,2026,AUR-MA,롱레인지,AWD,선셋 레드,5,5,6908
2026-09,northeast,AUR,2026,AUR-MA,롱레인지,AWD,포레스트 그린,3,3,4317
2026-09,northeast,AUR,2026,AUR-MA,롱레인지,AWD,샌드 베이지,3,3,4317
2026-09,northeast,AUR,2026,AUR-MA,롱레인지,FWD,스노우 화이트,6,7,8260
2026-09,northeast,AUR,2026,AUR-MA,롱레인지,FWD,미드나잇 블랙,5,5,6539
2026-09,northeast,AUR,2026,AUR-MA,롱레인지,FWD,스틸 그레이,4,4,5507
2026-09,northeast,AUR,2026,AUR-MA,롱레인지,FWD,실버,3,4,4474
2026-09,northeast,AUR,2026,AUR-MA,롱레인지,FWD,오션 블루,3,3,3442
2026-09,northeast,AUR,2026,AUR-MA,롱레인지,FWD,선셋 레드,2,2,2753
2026-09,northeast,AUR,2026,AUR-MA,롱레인지,FWD,포레스트 그린,1,1,1721
2026-09,northeast,AUR,2026,AUR-MA,롱레인지,FWD,샌드 베이지,1,1,1721
2026-09,northeast,AUR,2027,AUR-AI,스탠다드 레인지,AWD,스노우 화이트,9,9,5524
2026-09,northeast,AUR,2027,AUR-AI,스탠다드 레인지,AWD,미드나잇 블랙,7,8,4373
2026-09,northeast,AUR,2027,AUR-AI,스탠다드 레인지,AWD,스틸 그레이,6,6,3683
2026-09,northeast,AUR,2027,AUR-AI,스탠다드 레인지,AWD,실버,5,5,2992
2026-09,northeast,AUR,2027,AUR-AI,스탠다드 레인지,AWD,오션 블루,4,4,2302
2026-09,northeast,AUR,2027,AUR-AI,스탠다드 레인지,AWD,선셋 레드,3,3,1841
2026-09,northeast,AUR,2027,AUR-AI,스탠다드 레인지,AWD,포레스트 그린,2,2,1151
2026-09,northeast,AUR,2027,AUR-AI,스탠다드 레인지,AWD,샌드 베이지,2,2,1151
2026-09,northeast,AUR,2027,AUR-AI,스탠다드 레인지,FWD,스노우 화이트,4,4,2202
2026-09,northeast,AUR,2027,AUR-AI,스탠다드 레인지,FWD,미드나잇 블랙,3,3,1743
2026-09,northeast,AUR,2027,AUR-AI,스탠다드 레인지,FWD,스틸 그레이,2,3,1468
2026-09,northeast,AUR,2027,AUR-AI,스탠다드 레인지,FWD,실버,2,2,1193
2026-09,northeast,AUR,2027,AUR-AI,스탠다드 레인지,FWD,오션 블루,2,2,917
2026-09,northeast,AUR,2027,AUR-AI,스탠다드 레인지,FWD,선셋 레드,1,1,734
2026-09,northeast,AUR,2027,AUR-AI,스탠다드 레인지,FWD,포레스트 그린,1,1,459
2026-09,northeast,AUR,2027,AUR-AI,스탠다드 레인지,FWD,샌드 베이지,1,1,459
2026-09,northeast,AUR,2027,AUR-AI,롱레인지,AWD,스노우 화이트,23,23,13394
2026-09,northeast,AUR,2027,AUR-AI,롱레인지,AWD,미드나잇 블랙,18,18,10603
2026-09,northeast,AUR,2027,AUR-AI,롱레인지,AWD,스틸 그레이,15,15,8929
2026-09,northeast,AUR,2027,AUR-AI,롱레인지,AWD,실버,12,12,7255
2026-09,northeast,AUR,2027,AUR-AI,롱레인지,AWD,오션 블루,9,10,5581
2026-09,northeast,AUR,2027,AUR-AI,롱레인지,AWD,선셋 레드,8,8,4465
2026-09,northeast,AUR,2027,AUR-AI,롱레인지,AWD,포레스트 그린,5,5,2790
2026-09,northeast,AUR,2027,AUR-AI,롱레인지,AWD,샌드 베이지,5,5,2790
2026-09,northeast,AUR,2027,AUR-AI,롱레인지,FWD,스노우 화이트,9,9,5339
2026-09,northeast,AUR,2027,AUR-AI,롱레인지,FWD,미드나잇 블랙,7,7,4226
2026-09,northeast,AUR,2027,AUR-AI,롱레인지,FWD,스틸 그레이,6,6,3559
2026-09,northeast,AUR,2027,AUR-AI,롱레인지,FWD,실버,5,5,2892
2026-09,northeast,AUR,2027,AUR-AI,롱레인지,FWD,오션 블루,4,4,2224
2026-09,northeast,AUR,2027,AUR-AI,롱레인지,FWD,선셋 레드,3,3,1780
2026-09,northeast,AUR,2027,AUR-AI,롱레인지,FWD,포레스트 그린,2,2,1112
2026-09,northeast,AUR,2027,AUR-AI,롱레인지,FWD,샌드 베이지,2,2,1112
2026-09,northeast,AUR,2027,AUR-RA,스탠다드 레인지,AWD,스노우 화이트,11,11,9135
2026-09,northeast,AUR,2027,AUR-RA,스탠다드 레인지,AWD,미드나잇 블랙,9,9,7232
2026-09,northeast,AUR,2027,AUR-RA,스탠다드 레인지,AWD,스틸 그레이,7,7,6090
2026-09,northeast,AUR,2027,AUR-RA,스탠다드 레인지,AWD,실버,6,6,4948
2026-09,northeast,AUR,2027,AUR-RA,스탠다드 레인지,AWD,오션 블루,4,5,3806
2026-09,northeast,AUR,2027,AUR-RA,스탠다드 레인지,AWD,선셋 레드,4,4,3045
2026-09,northeast,AUR,2027,AUR-RA,스탠다드 레인지,AWD,포레스트 그린,2,2,1903
2026-09,northeast,AUR,2027,AUR-RA,스탠다드 레인지,AWD,샌드 베이지,2,2,1903
2026-09,northeast,AUR,2027,AUR-RA,스탠다드 레인지,FWD,스노우 화이트,4,4,3641
2026-09,northeast,AUR,2027,AUR-RA,스탠다드 레인지,FWD,미드나잇 블랙,3,3,2883
2026-09,northeast,AUR,2027,AUR-RA,스탠다드 레인지,FWD,스틸 그레이,3,3,2427
2026-09,northeast,AUR,2027,AUR-RA,스탠다드 레인지,FWD,실버,2,2,1972
2026-09,northeast,AUR,2027,AUR-RA,스탠다드 레인지,FWD,오션 블루,2,2,1517
2026-09,northeast,AUR,2027,AUR-RA,스탠다드 레인지,FWD,선셋 레드,1,1,1214
2026-09,northeast,AUR,2027,AUR-RA,스탠다드 레인지,FWD,포레스트 그린,1,1,759
2026-09,northeast,AUR,2027,AUR-RA,스탠다드 레인지,FWD,샌드 베이지,1,1,759
2026-09,northeast,AUR,2027,AUR-RA,롱레인지,AWD,스노우 화이트,26,27,22149
2026-09,northeast,AUR,2027,AUR-RA,롱레인지,AWD,미드나잇 블랙,21,21,17535
2026-09,northeast,AUR,2027,AUR-RA,롱레인지,AWD,스틸 그레이,17,18,14766
2026-09,northeast,AUR,2027,AUR-RA,롱레인지,AWD,실버,14,14,11997
2026-09,northeast,AUR,2027,AUR-RA,롱레인지,AWD,오션 블루,11,11,9229
2026-09,northeast,AUR,2027,AUR-RA,롱레인지,AWD,선셋 레드,9,9,7383
2026-09,northeast,AUR,2027,AUR-RA,롱레인지,AWD,포레스트 그린,5,6,4614
2026-09,northeast,AUR,2027,AUR-RA,롱레인지,AWD,샌드 베이지,5,6,4614
2026-09,northeast,AUR,2027,AUR-RA,롱레인지,FWD,스노우 화이트,10,11,8829
2026-09,northeast,AUR,2027,AUR-RA,롱레인지,FWD,미드나잇 블랙,8,8,6989
2026-09,northeast,AUR,2027,AUR-RA,롱레인지,FWD,스틸 그레이,7,7,5886
2026-09,northeast,AUR,2027,AUR-RA,롱레인지,FWD,실버,6,6,4782
2026-09,northeast,AUR,2027,AUR-RA,롱레인지,FWD,오션 블루,4,4,3679
2026-09,northeast,AUR,2027,AUR-RA,롱레인지,FWD,선셋 레드,3,4,2943
2026-09,northeast,AUR,2027,AUR-RA,롱레인지,FWD,포레스트 그린,2,2,1839
2026-09,northeast,AUR,2027,AUR-RA,롱레인지,FWD,샌드 베이지,2,2,1839
2026-09,northeast,AUR,2027,AUR-MA,스탠다드 레인지,AWD,스노우 화이트,4,4,5698
2026-09,northeast,AUR,2027,AUR-MA,스탠다드 레인지,AWD,미드나잇 블랙,3,4,4511
2026-09,northeast,AUR,2027,AUR-MA,스탠다드 레인지,AWD,스틸 그레이,3,3,3798
2026-09,northeast,AUR,2027,AUR-MA,스탠다드 레인지,AWD,실버,2,2,3086
2026-09,northeast,AUR,2027,AUR-MA,스탠다드 레인지,AWD,오션 블루,2,2,2374
2026-09,northeast,AUR,2027,AUR-MA,스탠다드 레인지,AWD,선셋 레드,1,1,1899
2026-09,northeast,AUR,2027,AUR-MA,스탠다드 레인지,AWD,포레스트 그린,1,1,1187
2026-09,northeast,AUR,2027,AUR-MA,스탠다드 레인지,AWD,샌드 베이지,1,1,1187
2026-09,northeast,AUR,2027,AUR-MA,스탠다드 레인지,FWD,스노우 화이트,2,2,2271
2026-09,northeast,AUR,2027,AUR-MA,스탠다드 레인지,FWD,미드나잇 블랙,1,1,1798
2026-09,northeast,AUR,2027,AUR-MA,스탠다드 레인지,FWD,스틸 그레이,1,1,1514
2026-09,northeast,AUR,2027,AUR-MA,스탠다드 레인지,FWD,실버,1,1,1230
2026-09,northeast,AUR,2027,AUR-MA,스탠다드 레인지,FWD,오션 블루,1,1,946
2026-09,northeast,AUR,2027,AUR-MA,스탠다드 레인지,FWD,선셋 레드,1,1,757
2026-09,northeast,AUR,2027,AUR-MA,롱레인지,AWD,스노우 화이트,11,11,13815
2026-09,northeast,AUR,2027,AUR-MA,롱레인지,AWD,미드나잇 블랙,8,9,10937
2026-09,northeast,AUR,2027,AUR-MA,롱레인지,AWD,스틸 그레이,7,7,9210
2026-09,northeast,AUR,2027,AUR-MA,롱레인지,AWD,실버,6,6,7483
2026-09,northeast,AUR,2027,AUR-MA,롱레인지,AWD,오션 블루,4,5,5756
2026-09,northeast,AUR,2027,AUR-MA,롱레인지,AWD,선셋 레드,4,4,4605
2026-09,northeast,AUR,2027,AUR-MA,롱레인지,AWD,포레스트 그린,2,2,2878
2026-09,northeast,AUR,2027,AUR-MA,롱레인지,AWD,샌드 베이지,2,2,2878
2026-09,northeast,AUR,2027,AUR-MA,롱레인지,FWD,스노우 화이트,4,4,5507
2026-09,northeast,AUR,2027,AUR-MA,롱레인지,FWD,미드나잇 블랙,3,3,4359
2026-09,northeast,AUR,2027,AUR-MA,롱레인지,FWD,스틸 그레이,3,3,3671
2026-09,northeast,AUR,2027,AUR-MA,롱레인지,FWD,실버,2,2,2983
2026-09,northeast,AUR,2027,AUR-MA,롱레인지,FWD,오션 블루,2,2,2294
2026-09,northeast,AUR,2027,AUR-MA,롱레인지,FWD,선셋 레드,1,1,1836
2026-09,northeast,AUR,2027,AUR-MA,롱레인지,FWD,포레스트 그린,1,1,1147
2026-09,northeast,AUR,2027,AUR-MA,롱레인지,FWD,샌드 베이지,1,1,1147
2026-09,southeast,AUR,2026,AUR-AI,스탠다드 레인지,AWD,스노우 화이트,7,7,4249
2026-09,southeast,AUR,2026,AUR-AI,스탠다드 레인지,AWD,미드나잇 블랙,6,6,3364
2026-09,southeast,AUR,2026,AUR-AI,스탠다드 레인지,AWD,스틸 그레이,5,5,2833
2026-09,southeast,AUR,2026,AUR-AI,스탠다드 레인지,AWD,실버,4,4,2302
2026-09,southeast,AUR,2026,AUR-AI,스탠다드 레인지,AWD,오션 블루,3,3,1770
2026-09,southeast,AUR,2026,AUR-AI,스탠다드 레인지,AWD,선셋 레드,2,2,1416
2026-09,southeast,AUR,2026,AUR-AI,스탠다드 레인지,AWD,포레스트 그린,1,2,885
2026-09,southeast,AUR,2026,AUR-AI,스탠다드 레인지,AWD,샌드 베이지,1,2,885
2026-09,southeast,AUR,2026,AUR-AI,스탠다드 레인지,FWD,스노우 화이트,8,8,4840
2026-09,southeast,AUR,2026,AUR-AI,스탠다드 레인지,FWD,미드나잇 블랙,6,7,3832
2026-09,southeast,AUR,2026,AUR-AI,스탠다드 레인지,FWD,스틸 그레이,5,6,3227
2026-09,southeast,AUR,2026,AUR-AI,스탠다드 레인지,FWD,실버,4,5,2622
2026-09,southeast,AUR,2026,AUR-AI,스탠다드 레인지,FWD,오션 블루,3,3,2017
2026-09,southeast,AUR,2026,AUR-AI,스탠다드 레인지,FWD,선셋 레드,3,3,1613
2026-09,southeast,AUR,2026,AUR-AI,스탠다드 레인지,FWD,포레스트 그린,2,2,1008
2026-09,southeast,AUR,2026,AUR-AI,스탠다드 레인지,FWD,샌드 베이지,2,2,1008
2026-09,southeast,AUR,2026,AUR-AI,롱레인지,AWD,스노우 화이트,17,18,10303
2026-09,southeast,AUR,2026,AUR-AI,롱레인지,AWD,미드나잇 블랙,14,14,8156
2026-09,southeast,AUR,2026,AUR-AI,롱레인지,AWD,스틸 그레이,12,12,6868
2026-09,southeast,AUR,2026,AUR-AI,롱레인지,AWD,실버,9,10,5581
2026-09,southeast,AUR,2026,AUR-AI,롱레인지,AWD,오션 블루,7,7,4293
2026-09,southeast,AUR,2026,AUR-AI,롱레인지,AWD,선셋 레드,6,6,3434
2026-09,southeast,AUR,2026,AUR-AI,롱레인지,AWD,포레스트 그린,4,4,2146
2026-09,southeast,AUR,2026,AUR-AI,롱레인지,AWD,샌드 베이지,4,4,2146
2026-09,southeast,AUR,2026,AUR-AI,롱레인지,FWD,스노우 화이트,20,20,11735
2026-09,southeast,AUR,2026,AUR-AI,롱레인지,FWD,미드나잇 블랙,16,16,9290
2026-09,southeast,AUR,2026,AUR-AI,롱레인지,FWD,스틸 그레이,13,13,7823
2026-09,southeast,AUR,2026,AUR-AI,롱레인지,FWD,실버,11,11,6357
2026-09,southeast,AUR,2026,AUR-AI,롱레인지,FWD,오션 블루,8,8,4890
2026-09,southeast,AUR,2026,AUR-AI,롱레인지,FWD,선셋 레드,7,7,3912
2026-09,southeast,AUR,2026,AUR-AI,롱레인지,FWD,포레스트 그린,4,4,2445
2026-09,southeast,AUR,2026,AUR-AI,롱레인지,FWD,샌드 베이지,4,4,2445
2026-09,southeast,AUR,2026,AUR-RA,스탠다드 레인지,AWD,스노우 화이트,8,8,7027
2026-09,southeast,AUR,2026,AUR-RA,스탠다드 레인지,AWD,미드나잇 블랙,7,7,5563
2026-09,southeast,AUR,2026,AUR-RA,스탠다드 레인지,AWD,스틸 그레이,6,6,4685
2026-09,southeast,AUR,2026,AUR-RA,스탠다드 레인지,AWD,실버,4,5,3806
2026-09,southeast,AUR,2026,AUR-RA,스탠다드 레인지,AWD,오션 블루,3,4,2928
2026-09,southeast,AUR,2026,AUR-RA,스탠다드 레인지,AWD,선셋 레드,3,3,2342
2026-09,southeast,AUR,2026,AUR-RA,스탠다드 레인지,AWD,포레스트 그린,2,2,1464
2026-09,southeast,AUR,2026,AUR-RA,스탠다드 레인지,AWD,샌드 베이지,2,2,1464
2026-09,southeast,AUR,2026,AUR-RA,스탠다드 레인지,FWD,스노우 화이트,9,10,8004
2026-09,southeast,AUR,2026,AUR-RA,스탠다드 레인지,FWD,미드나잇 블랙,7,8,6336
2026-09,southeast,AUR,2026,AUR-RA,스탠다드 레인지,FWD,스틸 그레이,6,6,5336
2026-09,southeast,AUR,2026,AUR-RA,스탠다드 레인지,FWD,실버,5,5,4335
2026-09,southeast,AUR,2026,AUR-RA,스탠다드 레인지,FWD,오션 블루,4,4,3335
2026-09,southeast,AUR,2026,AUR-RA,스탠다드 레인지,FWD,선셋 레드,3,3,2668
2026-09,southeast,AUR,2026,AUR-RA,스탠다드 레인지,FWD,포레스트 그린,2,2,1667
2026-09,southeast,AUR,2026,AUR-RA,스탠다드 레인지,FWD,샌드 베이지,2,2,1667
2026-09,southeast,AUR,2026,AUR-RA,롱레인지,AWD,스노우 화이트,20,20,17038
2026-09,southeast,AUR,2026,AUR-RA,롱레인지,AWD,미드나잇 블랙,16,16,13488
2026-09,southeast,AUR,2026,AUR-RA,롱레인지,AWD,스틸 그레이,13,14,11358
2026-09,southeast,AUR,2026,AUR-RA,롱레인지,AWD,실버,11,11,9229
2026-09,southeast,AUR,2026,AUR-RA,롱레인지,AWD,오션 블루,8,9,7099
2026-09,southeast,AUR,2026,AUR-RA,롱레인지,AWD,선셋 레드,7,7,5679
2026-09,southeast,AUR,2026,AUR-RA,롱레인지,AWD,포레스트 그린,4,4,3550
2026-09,southeast,AUR,2026,AUR-RA,롱레인지,AWD,샌드 베이지,4,4,3550
2026-09,southeast,AUR,2026,AUR-RA,롱레인지,FWD,스노우 화이트,23,23,19407
2026-09,southeast,AUR,2026,AUR-RA,롱레인지,FWD,미드나잇 블랙,18,18,15363
2026-09,southeast,AUR,2026,AUR-RA,롱레인지,FWD,스틸 그레이,15,16,12938
2026-09,southeast,AUR,2026,AUR-RA,롱레인지,FWD,실버,12,13,10512
2026-09,southeast,AUR,2026,AUR-RA,롱레인지,FWD,오션 블루,10,10,8086
2026-09,southeast,AUR,2026,AUR-RA,롱레인지,FWD,선셋 레드,8,8,6469
2026-09,southeast,AUR,2026,AUR-RA,롱레인지,FWD,포레스트 그린,5,5,4043
2026-09,southeast,AUR,2026,AUR-RA,롱레인지,FWD,샌드 베이지,5,5,4043
2026-09,southeast,AUR,2026,AUR-MA,스탠다드 레인지,AWD,스노우 화이트,3,3,4383
2026-09,southeast,AUR,2026,AUR-MA,스탠다드 레인지,AWD,미드나잇 블랙,3,3,3470
2026-09,southeast,AUR,2026,AUR-MA,스탠다드 레인지,AWD,스틸 그레이,2,2,2922
2026-09,southeast,AUR,2026,AUR-MA,스탠다드 레인지,AWD,실버,2,2,2374
2026-09,southeast,AUR,2026,AUR-MA,스탠다드 레인지,AWD,오션 블루,1,1,1826
2026-09,southeast,AUR,2026,AUR-MA,스탠다드 레인지,AWD,선셋 레드,1,1,1461
2026-09,southeast,AUR,2026,AUR-MA,스탠다드 레인지,AWD,포레스트 그린,1,1,913
2026-09,southeast,AUR,2026,AUR-MA,스탠다드 레인지,AWD,샌드 베이지,1,1,913
2026-09,southeast,AUR,2026,AUR-MA,스탠다드 레인지,FWD,스노우 화이트,4,4,4992
2026-09,southeast,AUR,2026,AUR-MA,스탠다드 레인지,FWD,미드나잇 블랙,3,3,3952
2026-09,southeast,AUR,2026,AUR-MA,스탠다드 레인지,FWD,스틸 그레이,3,3,3328
2026-09,southeast,AUR,2026,AUR-MA,스탠다드 레인지,FWD,실버,2,2,2704
2026-09,southeast,AUR,2026,AUR-MA,스탠다드 레인지,FWD,오션 블루,2,2,2080
2026-09,southeast,AUR,2026,AUR-MA,스탠다드 레인지,FWD,선셋 레드,1,1,1664
2026-09,southeast,AUR,2026,AUR-MA,스탠다드 레인지,FWD,포레스트 그린,1,1,1040
2026-09,southeast,AUR,2026,AUR-MA,스탠다드 레인지,FWD,샌드 베이지,1,1,1040
2026-09,southeast,AUR,2026,AUR-MA,롱레인지,AWD,스노우 화이트,8,8,10627
2026-09,southeast,AUR,2026,AUR-MA,롱레인지,AWD,미드나잇 블랙,7,7,8413
2026-09,southeast,AUR,2026,AUR-MA,롱레인지,AWD,스틸 그레이,5,6,7085
2026-09,southeast,AUR,2026,AUR-MA,롱레인지,AWD,실버,4,5,5756
2026-09,southeast,AUR,2026,AUR-MA,롱레인지,AWD,오션 블루,3,3,4428
2026-09,southeast,AUR,2026,AUR-MA,롱레인지,AWD,선셋 레드,3,3,3542
2026-09,southeast,AUR,2026,AUR-MA,롱레인지,AWD,포레스트 그린,2,2,2214
2026-09,southeast,AUR,2026,AUR-MA,롱레인지,AWD,샌드 베이지,2,2,2214
2026-09,southeast,AUR,2026,AUR-MA,롱레인지,FWD,스노우 화이트,9,10,12104
2026-09,southeast,AUR,2026,AUR-MA,롱레인지,FWD,미드나잇 블랙,7,8,9583
2026-09,southeast,AUR,2026,AUR-MA,롱레인지,FWD,스틸 그레이,6,6,8070
2026-09,southeast,AUR,2026,AUR-MA,롱레인지,FWD,실버,5,5,6557
2026-09,southeast,AUR,2026,AUR-MA,롱레인지,FWD,오션 블루,4,4,5044
2026-09,southeast,AUR,2026,AUR-MA,롱레인지,FWD,선셋 레드,3,3,4035
2026-09,southeast,AUR,2026,AUR-MA,롱레인지,FWD,포레스트 그린,2,2,2522
2026-09,southeast,AUR,2026,AUR-MA,롱레인지,FWD,샌드 베이지,2,2,2522
2026-09,southeast,AUR,2027,AUR-AI,스탠다드 레인지,AWD,스노우 화이트,5,5,2833
2026-09,southeast,AUR,2027,AUR-AI,스탠다드 레인지,AWD,미드나잇 블랙,4,4,2243
2026-09,southeast,AUR,2027,AUR-AI,스탠다드 레인지,AWD,스틸 그레이,3,3,1889
2026-09,southeast,AUR,2027,AUR-AI,스탠다드 레인지,AWD,실버,3,3,1534
2026-09,southeast,AUR,2027,AUR-AI,스탠다드 레인지,AWD,오션 블루,2,2,1180
2026-09,southeast,AUR,2027,AUR-AI,스탠다드 레인지,AWD,선셋 레드,2,2,944
2026-09,southeast,AUR,2027,AUR-AI,스탠다드 레인지,AWD,포레스트 그린,1,1,590
2026-09,southeast,AUR,2027,AUR-AI,스탠다드 레인지,AWD,샌드 베이지,1,1,590
2026-09,southeast,AUR,2027,AUR-AI,스탠다드 레인지,FWD,스노우 화이트,5,6,3227
2026-09,southeast,AUR,2027,AUR-AI,스탠다드 레인지,FWD,미드나잇 블랙,4,4,2554
2026-09,southeast,AUR,2027,AUR-AI,스탠다드 레인지,FWD,스틸 그레이,4,4,2151
2026-09,southeast,AUR,2027,AUR-AI,스탠다드 레인지,FWD,실버,3,3,1748
2026-09,southeast,AUR,2027,AUR-AI,스탠다드 레인지,FWD,오션 블루,2,2,1344
2026-09,southeast,AUR,2027,AUR-AI,스탠다드 레인지,FWD,선셋 레드,2,2,1076
2026-09,southeast,AUR,2027,AUR-AI,스탠다드 레인지,FWD,포레스트 그린,1,1,672
2026-09,southeast,AUR,2027,AUR-AI,스탠다드 레인지,FWD,샌드 베이지,1,1,672
2026-09,southeast,AUR,2027,AUR-AI,롱레인지,AWD,스노우 화이트,12,12,6868
2026-09,southeast,AUR,2027,AUR-AI,롱레인지,AWD,미드나잇 블랙,9,9,5438
2026-09,southeast,AUR,2027,AUR-AI,롱레인지,AWD,스틸 그레이,8,8,4579
2026-09,southeast,AUR,2027,AUR-AI,롱레인지,AWD,실버,6,6,3720
2026-09,southeast,AUR,2027,AUR-AI,롱레인지,AWD,오션 블루,5,5,2862
2026-09,southeast,AUR,2027,AUR-AI,롱레인지,AWD,선셋 레드,4,4,2289
2026-09,southeast,AUR,2027,AUR-AI,롱레인지,AWD,포레스트 그린,2,2,1431
2026-09,southeast,AUR,2027,AUR-AI,롱레인지,AWD,샌드 베이지,2,2,1431
2026-09,southeast,AUR,2027,AUR-AI,롱레인지,FWD,스노우 화이트,13,13,7823
2026-09,southeast,AUR,2027,AUR-AI,롱레인지,FWD,미드나잇 블랙,10,11,6194
2026-09,southeast,AUR,2027,AUR-AI,롱레인지,FWD,스틸 그레이,9,9,5216
2026-09,southeast,AUR,2027,AUR-AI,롱레인지,FWD,실버,7,7,4238
2026-09,southeast,AUR,2027,AUR-AI,롱레인지,FWD,오션 블루,5,6,3260
2026-09,southeast,AUR,2027,AUR-AI,롱레인지,FWD,선셋 레드,4,4,2608
2026-09,southeast,AUR,2027,AUR-AI,롱레인지,FWD,포레스트 그린,3,3,1630
2026-09,southeast,AUR,2027,AUR-AI,롱레인지,FWD,샌드 베이지,3,3,1630
2026-09,southeast,AUR,2027,AUR-RA,스탠다드 레인지,AWD,스노우 화이트,6,6,4685
2026-09,southeast,AUR,2027,AUR-RA,스탠다드 레인지,AWD,미드나잇 블랙,4,4,3709
2026-09,southeast,AUR,2027,AUR-RA,스탠다드 레인지,AWD,스틸 그레이,4,4,3123
2026-09,southeast,AUR,2027,AUR-RA,스탠다드 레인지,AWD,실버,3,3,2537
2026-09,southeast,AUR,2027,AUR-RA,스탠다드 레인지,AWD,오션 블루,2,2,1952
2026-09,southeast,AUR,2027,AUR-RA,스탠다드 레인지,AWD,선셋 레드,2,2,1562
2026-09,southeast,AUR,2027,AUR-RA,스탠다드 레인지,AWD,포레스트 그린,1,1,976
2026-09,southeast,AUR,2027,AUR-RA,스탠다드 레인지,AWD,샌드 베이지,1,1,976
2026-09,southeast,AUR,2027,AUR-RA,스탠다드 레인지,FWD,스노우 화이트,6,6,5336
2026-09,southeast,AUR,2027,AUR-RA,스탠다드 레인지,FWD,미드나잇 블랙,5,5,4224
2026-09,southeast,AUR,2027,AUR-RA,스탠다드 레인지,FWD,스틸 그레이,4,4,3557
2026-09,southeast,AUR,2027,AUR-RA,스탠다드 레인지,FWD,실버,3,3,2890
2026-09,southeast,AUR,2027,AUR-RA,스탠다드 레인지,FWD,오션 블루,3,3,2223
2026-09,southeast,AUR,2027,AUR-RA,스탠다드 레인지,FWD,선셋 레드,2,2,1779
2026-09,southeast,AUR,2027,AUR-RA,스탠다드 레인지,FWD,포레스트 그린,1,1,1112
2026-09,southeast,AUR,2027,AUR-RA,스탠다드 레인지,FWD,샌드 베이지,1,1,1112
2026-09,southeast,AUR,2027,AUR-RA,롱레인지,AWD,스노우 화이트,13,14,11358
2026-09,southeast,AUR,2027,AUR-RA,롱레인지,AWD,미드나잇 블랙,11,11,8992
2026-09,southeast,AUR,2027,AUR-RA,롱레인지,AWD,스틸 그레이,9,9,7572
2026-09,southeast,AUR,2027,AUR-RA,롱레인지,AWD,실버,7,7,6152
2026-09,southeast,AUR,2027,AUR-RA,롱레인지,AWD,오션 블루,6,6,4733
2026-09,southeast,AUR,2027,AUR-RA,롱레인지,AWD,선셋 레드,4,5,3786
2026-09,southeast,AUR,2027,AUR-RA,롱레인지,AWD,포레스트 그린,3,3,2366
2026-09,southeast,AUR,2027,AUR-RA,롱레인지,AWD,샌드 베이지,3,3,2366
2026-09,southeast,AUR,2027,AUR-RA,롱레인지,FWD,스노우 화이트,15,16,12938
2026-09,southeast,AUR,2027,AUR-RA,롱레인지,FWD,미드나잇 블랙,12,12,10242
2026-09,southeast,AUR,2027,AUR-RA,롱레인지,FWD,스틸 그레이,10,10,8625
2026-09,southeast,AUR,2027,AUR-RA,롱레인지,FWD,실버,8,8,7008
2026-09,southeast,AUR,2027,AUR-RA,롱레인지,FWD,오션 블루,6,6,5391
2026-09,southeast,AUR,2027,AUR-RA,롱레인지,FWD,선셋 레드,5,5,4313
2026-09,southeast,AUR,2027,AUR-RA,롱레인지,FWD,포레스트 그린,3,3,2695
2026-09,southeast,AUR,2027,AUR-RA,롱레인지,FWD,샌드 베이지,3,3,2695
2026-09,southeast,AUR,2027,AUR-MA,스탠다드 레인지,AWD,스노우 화이트,2,2,2922
2026-09,southeast,AUR,2027,AUR-MA,스탠다드 레인지,AWD,미드나잇 블랙,2,2,2313
2026-09,southeast,AUR,2027,AUR-MA,스탠다드 레인지,AWD,스틸 그레이,2,2,1948
2026-09,southeast,AUR,2027,AUR-MA,스탠다드 레인지,AWD,실버,1,1,1583
2026-09,southeast,AUR,2027,AUR-MA,스탠다드 레인지,AWD,오션 블루,1,1,1217
2026-09,southeast,AUR,2027,AUR-MA,스탠다드 레인지,AWD,선셋 레드,1,1,974
2026-09,southeast,AUR,2027,AUR-MA,스탠다드 레인지,FWD,스노우 화이트,3,3,3328
2026-09,southeast,AUR,2027,AUR-MA,스탠다드 레인지,FWD,미드나잇 블랙,2,2,2635
2026-09,southeast,AUR,2027,AUR-MA,스탠다드 레인지,FWD,스틸 그레이,2,2,2219
2026-09,southeast,AUR,2027,AUR-MA,스탠다드 레인지,FWD,실버,1,1,1803
2026-09,southeast,AUR,2027,AUR-MA,스탠다드 레인지,FWD,오션 블루,1,1,1387
2026-09,southeast,AUR,2027,AUR-MA,스탠다드 레인지,FWD,선셋 레드,1,1,1109
2026-09,southeast,AUR,2027,AUR-MA,스탠다드 레인지,FWD,포레스트 그린,1,1,693
2026-09,southeast,AUR,2027,AUR-MA,스탠다드 레인지,FWD,샌드 베이지,1,1,693
2026-09,southeast,AUR,2027,AUR-MA,롱레인지,AWD,스노우 화이트,5,6,7085
2026-09,southeast,AUR,2027,AUR-MA,롱레인지,AWD,미드나잇 블랙,4,4,5609
2026-09,southeast,AUR,2027,AUR-MA,롱레인지,AWD,스틸 그레이,4,4,4723
2026-09,southeast,AUR,2027,AUR-MA,롱레인지,AWD,실버,3,3,3838
2026-09,southeast,AUR,2027,AUR-MA,롱레인지,AWD,오션 블루,2,2,2952
2026-09,southeast,AUR,2027,AUR-MA,롱레인지,AWD,선셋 레드,2,2,2362
2026-09,southeast,AUR,2027,AUR-MA,롱레인지,AWD,포레스트 그린,1,1,1476
2026-09,southeast,AUR,2027,AUR-MA,롱레인지,AWD,샌드 베이지,1,1,1476
2026-09,southeast,AUR,2027,AUR-MA,롱레인지,FWD,스노우 화이트,6,6,8070
2026-09,southeast,AUR,2027,AUR-MA,롱레인지,FWD,미드나잇 블랙,5,5,6388
2026-09,southeast,AUR,2027,AUR-MA,롱레인지,FWD,스틸 그레이,4,4,5380
2026-09,southeast,AUR,2027,AUR-MA,롱레인지,FWD,실버,3,3,4371
2026-09,southeast,AUR,2027,AUR-MA,롱레인지,FWD,오션 블루,3,3,3362
2026-09,southeast,AUR,2027,AUR-MA,롱레인지,FWD,선셋 레드,2,2,2690
2026-09,southeast,AUR,2027,AUR-MA,롱레인지,FWD,포레스트 그린,1,1,1681
2026-09,southeast,AUR,2027,AUR-MA,롱레인지,FWD,샌드 베이지,1,1,1681
2026-09,west,MRD,2026,MRD-CO,2.0 가솔린,AWD,스노우 화이트,13,13,-2915
2026-09,west,MRD,2026,MRD-CO,2.0 가솔린,AWD,미드나잇 블랙,10,10,-2307
2026-09,west,MRD,2026,MRD-CO,2.0 가솔린,AWD,스틸 그레이,8,9,-1943
2026-09,west,MRD,2026,MRD-CO,2.0 가솔린,AWD,실버,7,7,-1579
2026-09,west,MRD,2026,MRD-CO,2.0 가솔린,AWD,오션 블루,5,5,-1214
2026-09,west,MRD,2026,MRD-CO,2.0 가솔린,AWD,선셋 레드,4,4,-972
2026-09,west,MRD,2026,MRD-CO,2.0 가솔린,AWD,포레스트 그린,3,3,-607
2026-09,west,MRD,2026,MRD-CO,2.0 가솔린,AWD,샌드 베이지,3,3,-607
2026-09,west,MRD,2026,MRD-CO,2.0 가솔린,FWD,스노우 화이트,50,51,-11658
2026-09,west,MRD,2026,MRD-CO,2.0 가솔린,FWD,미드나잇 블랙,40,40,-9229
2026-09,west,MRD,2026,MRD-CO,2.0 가솔린,FWD,스틸 그레이,33,34,-7772
2026-09,west,MRD,2026,MRD-CO,2.0 가솔린,FWD,실버,27,28,-6315
2026-09,west,MRD,2026,MRD-CO,2.0 가솔린,FWD,오션 블루,21,21,-4858
2026-09,west,MRD,2026,MRD-CO,2.0 가솔린,FWD,선셋 레드,17,17,-3886
2026-09,west,MRD,2026,MRD-CO,2.0 가솔린,FWD,포레스트 그린,10,11,-2429
2026-09,west,MRD,2026,MRD-CO,2.0 가솔린,FWD,샌드 베이지,10,11,-2429
2026-09,west,MRD,2026,MRD-CO,1.6T 하이브리드,AWD,스노우 화이트,15,16,-3562
2026-09,west,MRD,2026,MRD-CO,1.6T 하이브리드,AWD,미드나잇 블랙,12,12,-2820
2026-09,west,MRD,2026,MRD-CO,1.6T 하이브리드,AWD,스틸 그레이,10,10,-2375
2026-09,west,MRD,2026,MRD-CO,1.6T 하이브리드,AWD,실버,8,8,-1930
2026-09,west,MRD,2026,MRD-CO,1.6T 하이브리드,AWD,오션 블루,6,6,-1484
2026-09,west,MRD,2026,MRD-CO,1.6T 하이브리드,AWD,선셋 레드,5,5,-1187
2026-09,west,MRD,2026,MRD-CO,1.6T 하이브리드,AWD,포레스트 그린,3,3,-742
2026-09,west,MRD,2026,MRD-CO,1.6T 하이브리드,AWD,샌드 베이지,3,3,-742
2026-09,west,MRD,2026,MRD-CO,1.6T 하이브리드,FWD,스노우 화이트,61,62,-14249
2026-09,west,MRD,2026,MRD-CO,1.6T 하이브리드,FWD,미드나잇 블랙,48,49,-11280
2026-09,west,MRD,2026,MRD-CO,1.6T 하이브리드,FWD,스틸 그레이,41,42,-9499
2026-09,west,MRD,2026,MRD-CO,1.6T 하이브리드,FWD,실버,33,34,-7718
2026-09,west,MRD,2026,MRD-CO,1.6T 하이브리드,FWD,오션 블루,25,26,-5937
2026-09,west,MRD,2026,MRD-CO,1.6T 하이브리드,FWD,선셋 레드,20,21,-4750
2026-09,west,MRD,2026,MRD-CO,1.6T 하이브리드,FWD,포레스트 그린,13,13,-2968
2026-09,west,MRD,2026,MRD-CO,1.6T 하이브리드,FWD,샌드 베이지,13,13,-2968
2026-09,west,MRD,2026,MRD-PR,2.0 가솔린,AWD,스노우 화이트,14,15,-287
2026-09,west,MRD,2026,MRD-PR,2.0 가솔린,AWD,미드나잇 블랙,11,12,-227
2026-09,west,MRD,2026,MRD-PR,2.0 가솔린,AWD,스틸 그레이,10,10,-191
2026-09,west,MRD,2026,MRD-PR,2.0 가솔린,AWD,실버,8,8,-155
2026-09,west,MRD,2026,MRD-PR,2.0 가솔린,AWD,오션 블루,6,6,-119
2026-09,west,MRD,2026,MRD-PR,2.0 가솔린,AWD,선셋 레드,5,5,-96
2026-09,west,MRD,2026,MRD-PR,2.0 가솔린,AWD,포레스트 그린,3,3,-60
2026-09,west,MRD,2026,MRD-PR,2.0 가솔린,AWD,샌드 베이지,3,3,-60
2026-09,west,MRD,2026,MRD-PR,2.0 가솔린,FWD,스노우 화이트,58,59,-1146
2026-09,west,MRD,2026,MRD-PR,2.0 가솔린,FWD,미드나잇 블랙,46,47,-907
2026-09,west,MRD,2026,MRD-PR,2.0 가솔린,FWD,스틸 그레이,39,39,-764
2026-09,west,MRD,2026,MRD-PR,2.0 가솔린,FWD,실버,31,32,-621
2026-09,west,MRD,2026,MRD-PR,2.0 가솔린,FWD,오션 블루,24,25,-478
2026-09,west,MRD,2026,MRD-PR,2.0 가솔린,FWD,선셋 레드,19,20,-382
2026-09,west,MRD,2026,MRD-PR,2.0 가솔린,FWD,포레스트 그린,12,12,-239
2026-09,west,MRD,2026,MRD-PR,2.0 가솔린,FWD,샌드 베이지,12,12,-239
2026-09,west,MRD,2026,MRD-PR,1.6T 하이브리드,AWD,스노우 화이트,18,18,-350
2026-09,west,MRD,2026,MRD-PR,1.6T 하이브리드,AWD,미드나잇 블랙,14,14,-277
2026-09,west,MRD,2026,MRD-PR,1.6T 하이브리드,AWD,스틸 그레이,12,12,-233
2026-09,west,MRD,2026,MRD-PR,1.6T 하이브리드,AWD,실버,10,10,-190
2026-09,west,MRD,2026,MRD-PR,1.6T 하이브리드,AWD,오션 블루,7,8,-146
2026-09,west,MRD,2026,MRD-PR,1.6T 하이브리드,AWD,선셋 레드,6,6,-117
2026-09,west,MRD,2026,MRD-PR,1.6T 하이브리드,AWD,포레스트 그린,4,4,-73
2026-09,west,MRD,2026,MRD-PR,1.6T 하이브리드,AWD,샌드 베이지,4,4,-73
2026-09,west,MRD,2026,MRD-PR,1.6T 하이브리드,FWD,스노우 화이트,71,72,-1401
2026-09,west,MRD,2026,MRD-PR,1.6T 하이브리드,FWD,미드나잇 블랙,56,57,-1109
2026-09,west,MRD,2026,MRD-PR,1.6T 하이브리드,FWD,스틸 그레이,47,48,-934
2026-09,west,MRD,2026,MRD-PR,1.6T 하이브리드,FWD,실버,38,39,-759
2026-09,west,MRD,2026,MRD-PR,1.6T 하이브리드,FWD,오션 블루,29,30,-584
2026-09,west,MRD,2026,MRD-PR,1.6T 하이브리드,FWD,선셋 레드,24,24,-467
2026-09,west,MRD,2026,MRD-PR,1.6T 하이브리드,FWD,포레스트 그린,15,15,-292
2026-09,west,MRD,2026,MRD-PR,1.6T 하이브리드,FWD,샌드 베이지,15,15,-292
2026-09,west,MRD,2026,MRD-SP,2.0 가솔린,AWD,스노우 화이트,6,6,2094
2026-09,west,MRD,2026,MRD-SP,2.0 가솔린,AWD,미드나잇 블랙,5,5,1657
2026-09,west,MRD,2026,MRD-SP,2.0 가솔린,AWD,스틸 그레이,4,4,1396
2026-09,west,MRD,2026,MRD-SP,2.0 가솔린,AWD,실버,3,3,1134
2026-09,west,MRD,2026,MRD-SP,2.0 가솔린,AWD,오션 블루,2,3,872
2026-09,west,MRD,2026,MRD-SP,2.0 가솔린,AWD,선셋 레드,2,2,698
2026-09,west,MRD,2026,MRD-SP,2.0 가솔린,AWD,포레스트 그린,1,1,436
2026-09,west,MRD,2026,MRD-SP,2.0 가솔린,AWD,샌드 베이지,1,1,436
2026-09,west,MRD,2026,MRD-SP,2.0 가솔린,FWD,스노우 화이트,24,24,8374
2026-09,west,MRD,2026,MRD-SP,2.0 가솔린,FWD,미드나잇 블랙,19,19,6630
2026-09,west,MRD,2026,MRD-SP,2.0 가솔린,FWD,스틸 그레이,16,16,5583
2026-09,west,MRD,2026,MRD-SP,2.0 가솔린,FWD,실버,13,13,4536
2026-09,west,MRD,2026,MRD-SP,2.0 가솔린,FWD,오션 블루,10,10,3489
2026-09,west,MRD,2026,MRD-SP,2.0 가솔린,FWD,선셋 레드,8,8,2791
2026-09,west,MRD,2026,MRD-SP,2.0 가솔린,FWD,포레스트 그린,5,5,1745
2026-09,west,MRD,2026,MRD-SP,2.0 가솔린,FWD,샌드 베이지,5,5,1745
2026-09,west,MRD,2026,MRD-SP,1.6T 하이브리드,AWD,스노우 화이트,7,7,2559
2026-09,west,MRD,2026,MRD-SP,1.6T 하이브리드,AWD,미드나잇 블랙,6,6,2026
2026-09,west,MRD,2026,MRD-SP,1.6T 하이브리드,AWD,스틸 그레이,5,5,1706
2026-09,west,MRD,2026,MRD-SP,1.6T 하이브리드,AWD,실버,4,4,1386
2026-09,west,MRD,2026,MRD-SP,1.6T 하이브리드,AWD,오션 블루,3,3,1066
2026-09,west,MRD,2026,MRD-SP,1.6T 하이브리드,AWD,선셋 레드,2,2,853
2026-09,west,MRD,2026,MRD-SP,1.6T 하이브리드,AWD,포레스트 그린,2,2,533
2026-09,west,MRD,2026,MRD-SP,1.6T 하이브리드,AWD,샌드 베이지,2,2,533
2026-09,west,MRD,2026,MRD-SP,1.6T 하이브리드,FWD,스노우 화이트,29,30,10235
2026-09,west,MRD,2026,MRD-SP,1.6T 하이브리드,FWD,미드나잇 블랙,23,23,8103
2026-09,west,MRD,2026,MRD-SP,1.6T 하이브리드,FWD,스틸 그레이,19,20,6824
2026-09,west,MRD,2026,MRD-SP,1.6T 하이브리드,FWD,실버,16,16,5544
2026-09,west,MRD,2026,MRD-SP,1.6T 하이브리드,FWD,오션 블루,12,12,4265
2026-09,west,MRD,2026,MRD-SP,1.6T 하이브리드,FWD,선셋 레드,10,10,3412
2026-09,west,MRD,2026,MRD-SP,1.6T 하이브리드,FWD,포레스트 그린,6,6,2132
2026-09,west,MRD,2026,MRD-SP,1.6T 하이브리드,FWD,샌드 베이지,6,6,2132
2026-09,west,MRD,2027,MRD-CO,2.0 가솔린,AWD,스노우 화이트,8,9,-1943
2026-09,west,MRD,2027,MRD-CO,2.0 가솔린,AWD,미드나잇 블랙,7,7,-1538
2026-09,west,MRD,2027,MRD-CO,2.0 가솔린,AWD,스틸 그레이,6,6,-1295
2026-09,west,MRD,2027,MRD-CO,2.0 가솔린,AWD,실버,5,5,-1052
2026-09,west,MRD,2027,MRD-CO,2.0 가솔린,AWD,오션 블루,3,4,-810
2026-09,west,MRD,2027,MRD-CO,2.0 가솔린,AWD,선셋 레드,3,3,-648
2026-09,west,MRD,2027,MRD-CO,2.0 가솔린,AWD,포레스트 그린,2,2,-405
2026-09,west,MRD,2027,MRD-CO,2.0 가솔린,AWD,샌드 베이지,2,2,-405
2026-09,west,MRD,2027,MRD-CO,2.0 가솔린,FWD,스노우 화이트,33,34,-7772
2026-09,west,MRD,2027,MRD-CO,2.0 가솔린,FWD,미드나잇 블랙,26,27,-6153
2026-09,west,MRD,2027,MRD-CO,2.0 가솔린,FWD,스틸 그레이,22,23,-5181
2026-09,west,MRD,2027,MRD-CO,2.0 가솔린,FWD,실버,18,18,-4210
2026-09,west,MRD,2027,MRD-CO,2.0 가솔린,FWD,오션 블루,14,14,-3238
2026-09,west,MRD,2027,MRD-CO,2.0 가솔린,FWD,선셋 레드,11,11,-2591
2026-09,west,MRD,2027,MRD-CO,2.0 가솔린,FWD,포레스트 그린,7,7,-1619
2026-09,west,MRD,2027,MRD-CO,2.0 가솔린,FWD,샌드 베이지,7,7,-1619
2026-09,west,MRD,2027,MRD-CO,1.6T 하이브리드,AWD,스노우 화이트,10,10,-2375
2026-09,west,MRD,2027,MRD-CO,1.6T 하이브리드,AWD,미드나잇 블랙,8,8,-1880
2026-09,west,MRD,2027,MRD-CO,1.6T 하이브리드,AWD,스틸 그레이,7,7,-1583
2026-09,west,MRD,2027,MRD-CO,1.6T 하이브리드,AWD,실버,6,6,-1286
2026-09,west,MRD,2027,MRD-CO,1.6T 하이브리드,AWD,오션 블루,4,4,-989
2026-09,west,MRD,2027,MRD-CO,1.6T 하이브리드,AWD,선셋 레드,3,3,-792
2026-09,west,MRD,2027,MRD-CO,1.6T 하이브리드,AWD,포레스트 그린,2,2,-495
2026-09,west,MRD,2027,MRD-CO,1.6T 하이브리드,AWD,샌드 베이지,2,2,-495
2026-09,west,MRD,2027,MRD-CO,1.6T 하이브리드,FWD,스노우 화이트,41,42,-9499
2026-09,west,MRD,2027,MRD-CO,1.6T 하이브리드,FWD,미드나잇 블랙,32,33,-7520
2026-09,west,MRD,2027,MRD-CO,1.6T 하이브리드,FWD,스틸 그레이,27,28,-6333
2026-09,west,MRD,2027,MRD-CO,1.6T 하이브리드,FWD,실버,22,23,-5145
2026-09,west,MRD,2027,MRD-CO,1.6T 하이브리드,FWD,오션 블루,17,17,-3958
2026-09,west,MRD,2027,MRD-CO,1.6T 하이브리드,FWD,선셋 레드,14,14,-3166
2026-09,west,MRD,2027,MRD-CO,1.6T 하이브리드,FWD,포레스트 그린,8,9,-1979
2026-09,west,MRD,2027,MRD-CO,1.6T 하이브리드,FWD,샌드 베이지,8,9,-1979
2026-09,west,MRD,2027,MRD-PR,2.0 가솔린,AWD,스노우 화이트,10,10,-191
2026-09,west,MRD,2027,MRD-PR,2.0 가솔린,AWD,미드나잇 블랙,8,8,-151
2026-09,west,MRD,2027,MRD-PR,2.0 가솔린,AWD,스틸 그레이,6,7,-127
2026-09,west,MRD,2027,MRD-PR,2.0 가솔린,AWD,실버,5,5,-103
2026-09,west,MRD,2027,MRD-PR,2.0 가솔린,AWD,오션 블루,4,4,-80
2026-09,west,MRD,2027,MRD-PR,2.0 가솔린,AWD,선셋 레드,3,3,-64
2026-09,west,MRD,2027,MRD-PR,2.0 가솔린,AWD,포레스트 그린,2,2,-40
2026-09,west,MRD,2027,MRD-PR,2.0 가솔린,AWD,샌드 베이지,2,2,-40
2026-09,west,MRD,2027,MRD-PR,2.0 가솔린,FWD,스노우 화이트,39,39,-764
2026-09,west,MRD,2027,MRD-PR,2.0 가솔린,FWD,미드나잇 블랙,31,31,-605
2026-09,west,MRD,2027,MRD-PR,2.0 가솔린,FWD,스틸 그레이,26,26,-509
2026-09,west,MRD,2027,MRD-PR,2.0 가솔린,FWD,실버,21,21,-414
2026-09,west,MRD,2027,MRD-PR,2.0 가솔린,FWD,오션 블루,16,16,-318
2026-09,west,MRD,2027,MRD-PR,2.0 가솔린,FWD,선셋 레드,13,13,-255
2026-09,west,MRD,2027,MRD-PR,2.0 가솔린,FWD,포레스트 그린,8,8,-159
2026-09,west,MRD,2027,MRD-PR,2.0 가솔린,FWD,샌드 베이지,8,8,-159
2026-09,west,MRD,2027,MRD-PR,1.6T 하이브리드,AWD,스노우 화이트,12,12,-233
2026-09,west,MRD,2027,MRD-PR,1.6T 하이브리드,AWD,미드나잇 블랙,9,10,-185
2026-09,west,MRD,2027,MRD-PR,1.6T 하이브리드,AWD,스틸 그레이,8,8,-156
2026-09,west,MRD,2027,MRD-PR,1.6T 하이브리드,AWD,실버,6,7,-126
2026-09,west,MRD,2027,MRD-PR,1.6T 하이브리드,AWD,오션 블루,5,5,-97
2026-09,west,MRD,2027,MRD-PR,1.6T 하이브리드,AWD,선셋 레드,4,4,-78
2026-09,west,MRD,2027,MRD-PR,1.6T 하이브리드,AWD,포레스트 그린,2,3,-49
2026-09,west,MRD,2027,MRD-PR,1.6T 하이브리드,AWD,샌드 베이지,2,3,-49
2026-09,west,MRD,2027,MRD-PR,1.6T 하이브리드,FWD,스노우 화이트,47,48,-934
2026-09,west,MRD,2027,MRD-PR,1.6T 하이브리드,FWD,미드나잇 블랙,37,38,-739
2026-09,west,MRD,2027,MRD-PR,1.6T 하이브리드,FWD,스틸 그레이,31,32,-623
2026-09,west,MRD,2027,MRD-PR,1.6T 하이브리드,FWD,실버,26,26,-506
2026-09,west,MRD,2027,MRD-PR,1.6T 하이브리드,FWD,오션 블루,20,20,-389
2026-09,west,MRD,2027,MRD-PR,1.6T 하이브리드,FWD,선셋 레드,16,16,-311
2026-09,west,MRD,2027,MRD-PR,1.6T 하이브리드,FWD,포레스트 그린,10,10,-195
2026-09,west,MRD,2027,MRD-PR,1.6T 하이브리드,FWD,샌드 베이지,10,10,-195
2026-09,west,MRD,2027,MRD-SP,2.0 가솔린,AWD,스노우 화이트,4,4,1396
2026-09,west,MRD,2027,MRD-SP,2.0 가솔린,AWD,미드나잇 블랙,3,3,1105
2026-09,west,MRD,2027,MRD-SP,2.0 가솔린,AWD,스틸 그레이,3,3,930
2026-09,west,MRD,2027,MRD-SP,2.0 가솔린,AWD,실버,2,2,756
2026-09,west,MRD,2027,MRD-SP,2.0 가솔린,AWD,오션 블루,2,2,582
2026-09,west,MRD,2027,MRD-SP,2.0 가솔린,AWD,선셋 레드,1,1,465
2026-09,west,MRD,2027,MRD-SP,2.0 가솔린,AWD,포레스트 그린,1,1,291
2026-09,west,MRD,2027,MRD-SP,2.0 가솔린,AWD,샌드 베이지,1,1,291
2026-09,west,MRD,2027,MRD-SP,2.0 가솔린,FWD,스노우 화이트,16,16,5583
2026-09,west,MRD,2027,MRD-SP,2.0 가솔린,FWD,미드나잇 블랙,13,13,4420
2026-09,west,MRD,2027,MRD-SP,2.0 가솔린,FWD,스틸 그레이,11,11,3722
2026-09,west,MRD,2027,MRD-SP,2.0 가솔린,FWD,실버,9,9,3024
2026-09,west,MRD,2027,MRD-SP,2.0 가솔린,FWD,오션 블루,7,7,2326
2026-09,west,MRD,2027,MRD-SP,2.0 가솔린,FWD,선셋 레드,5,5,1861
2026-09,west,MRD,2027,MRD-SP,2.0 가솔린,FWD,포레스트 그린,3,3,1163
2026-09,west,MRD,2027,MRD-SP,2.0 가솔린,FWD,샌드 베이지,3,3,1163
2026-09,west,MRD,2027,MRD-SP,1.6T 하이브리드,AWD,스노우 화이트,5,5,1706
2026-09,west,MRD,2027,MRD-SP,1.6T 하이브리드,AWD,미드나잇 블랙,4,4,1351
2026-09,west,MRD,2027,MRD-SP,1.6T 하이브리드,AWD,스틸 그레이,3,3,1137
2026-09,west,MRD,2027,MRD-SP,1.6T 하이브리드,AWD,실버,3,3,924
2026-09,west,MRD,2027,MRD-SP,1.6T 하이브리드,AWD,오션 블루,2,2,711
2026-09,west,MRD,2027,MRD-SP,1.6T 하이브리드,AWD,선셋 레드,2,2,569
2026-09,west,MRD,2027,MRD-SP,1.6T 하이브리드,AWD,포레스트 그린,1,1,355
2026-09,west,MRD,2027,MRD-SP,1.6T 하이브리드,AWD,샌드 베이지,1,1,355
2026-09,west,MRD,2027,MRD-SP,1.6T 하이브리드,FWD,스노우 화이트,19,20,6824
2026-09,west,MRD,2027,MRD-SP,1.6T 하이브리드,FWD,미드나잇 블랙,15,16,5402
2026-09,west,MRD,2027,MRD-SP,1.6T 하이브리드,FWD,스틸 그레이,13,13,4549
2026-09,west,MRD,2027,MRD-SP,1.6T 하이브리드,FWD,실버,10,11,3696
2026-09,west,MRD,2027,MRD-SP,1.6T 하이브리드,FWD,오션 블루,8,8,2843
2026-09,west,MRD,2027,MRD-SP,1.6T 하이브리드,FWD,선셋 레드,6,7,2275
2026-09,west,MRD,2027,MRD-SP,1.6T 하이브리드,FWD,포레스트 그린,4,4,1422
2026-09,west,MRD,2027,MRD-SP,1.6T 하이브리드,FWD,샌드 베이지,4,4,1422
2026-09,central,MRD,2026,MRD-CO,2.0 가솔린,AWD,스노우 화이트,9,10,-2191
2026-09,central,MRD,2026,MRD-CO,2.0 가솔린,AWD,미드나잇 블랙,7,8,-1735
2026-09,central,MRD,2026,MRD-CO,2.0 가솔린,AWD,스틸 그레이,6,6,-1461
2026-09,central,MRD,2026,MRD-CO,2.0 가솔린,AWD,실버,5,5,-1187
2026-09,central,MRD,2026,MRD-CO,2.0 가솔린,AWD,오션 블루,4,4,-913
2026-09,central,MRD,2026,MRD-CO,2.0 가솔린,AWD,선셋 레드,3,3,-730
2026-09,central,MRD,2026,MRD-CO,2.0 가솔린,AWD,포레스트 그린,2,2,-457
2026-09,central,MRD,2026,MRD-CO,2.0 가솔린,AWD,샌드 베이지,2,2,-457
2026-09,central,MRD,2026,MRD-CO,2.0 가솔린,FWD,스노우 화이트,31,32,-7337
2026-09,central,MRD,2026,MRD-CO,2.0 가솔린,FWD,미드나잇 블랙,25,25,-5808
2026-09,central,MRD,2026,MRD-CO,2.0 가솔린,FWD,스틸 그레이,21,21,-4891
2026-09,central,MRD,2026,MRD-CO,2.0 가솔린,FWD,실버,17,17,-3974
2026-09,central,MRD,2026,MRD-CO,2.0 가솔린,FWD,오션 블루,13,13,-3057
2026-09,central,MRD,2026,MRD-CO,2.0 가솔린,FWD,선셋 레드,10,11,-2446
2026-09,central,MRD,2026,MRD-CO,2.0 가솔린,FWD,포레스트 그린,7,7,-1528
2026-09,central,MRD,2026,MRD-CO,2.0 가솔린,FWD,샌드 베이지,7,7,-1528
2026-09,central,MRD,2026,MRD-CO,1.6T 하이브리드,AWD,스노우 화이트,11,12,-2678
2026-09,central,MRD,2026,MRD-CO,1.6T 하이브리드,AWD,미드나잇 블랙,9,9,-2120
2026-09,central,MRD,2026,MRD-CO,1.6T 하이브리드,AWD,스틸 그레이,8,8,-1786
2026-09,central,MRD,2026,MRD-CO,1.6T 하이브리드,AWD,실버,6,6,-1451
2026-09,central,MRD,2026,MRD-CO,1.6T 하이브리드,AWD,오션 블루,5,5,-1116
2026-09,central,MRD,2026,MRD-CO,1.6T 하이브리드,AWD,선셋 레드,4,4,-893
2026-09,central,MRD,2026,MRD-CO,1.6T 하이브리드,AWD,포레스트 그린,2,2,-558
2026-09,central,MRD,2026,MRD-CO,1.6T 하이브리드,AWD,샌드 베이지,2,2,-558
2026-09,central,MRD,2026,MRD-CO,1.6T 하이브리드,FWD,스노우 화이트,38,39,-8967
2026-09,central,MRD,2026,MRD-CO,1.6T 하이브리드,FWD,미드나잇 블랙,30,31,-7099
2026-09,central,MRD,2026,MRD-CO,1.6T 하이브리드,FWD,스틸 그레이,26,26,-5978
2026-09,central,MRD,2026,MRD-CO,1.6T 하이브리드,FWD,실버,21,21,-4857
2026-09,central,MRD,2026,MRD-CO,1.6T 하이브리드,FWD,오션 블루,16,16,-3736
2026-09,central,MRD,2026,MRD-CO,1.6T 하이브리드,FWD,선셋 레드,13,13,-2989
2026-09,central,MRD,2026,MRD-CO,1.6T 하이브리드,FWD,포레스트 그린,8,8,-1868
2026-09,central,MRD,2026,MRD-CO,1.6T 하이브리드,FWD,샌드 베이지,8,8,-1868
2026-09,central,MRD,2026,MRD-PR,2.0 가솔린,AWD,스노우 화이트,11,11,-215
2026-09,central,MRD,2026,MRD-PR,2.0 가솔린,AWD,미드나잇 블랙,9,9,-171
2026-09,central,MRD,2026,MRD-PR,2.0 가솔린,AWD,스틸 그레이,7,7,-144
2026-09,central,MRD,2026,MRD-PR,2.0 가솔린,AWD,실버,6,6,-117
2026-09,central,MRD,2026,MRD-PR,2.0 가솔린,AWD,오션 블루,5,5,-90
2026-09,central,MRD,2026,MRD-PR,2.0 가솔린,AWD,선셋 레드,4,4,-72
2026-09,central,MRD,2026,MRD-PR,2.0 가솔린,AWD,포레스트 그린,2,2,-45
2026-09,central,MRD,2026,MRD-PR,2.0 가솔린,AWD,샌드 베이지,2,2,-45
2026-09,central,MRD,2026,MRD-PR,2.0 가솔린,FWD,스노우 화이트,36,37,-721
2026-09,central,MRD,2026,MRD-PR,2.0 가솔린,FWD,미드나잇 블랙,29,29,-571
2026-09,central,MRD,2026,MRD-PR,2.0 가솔린,FWD,스틸 그레이,24,25,-481
2026-09,central,MRD,2026,MRD-PR,2.0 가솔린,FWD,실버,20,20,-391
2026-09,central,MRD,2026,MRD-PR,2.0 가솔린,FWD,오션 블루,15,15,-301
2026-09,central,MRD,2026,MRD-PR,2.0 가솔린,FWD,선셋 레드,12,12,-240
2026-09,central,MRD,2026,MRD-PR,2.0 가솔린,FWD,포레스트 그린,8,8,-150
2026-09,central,MRD,2026,MRD-PR,2.0 가솔린,FWD,샌드 베이지,8,8,-150
2026-09,central,MRD,2026,MRD-PR,1.6T 하이브리드,AWD,스노우 화이트,13,14,-263
2026-09,central,MRD,2026,MRD-PR,1.6T 하이브리드,AWD,미드나잇 블랙,11,11,-208
2026-09,central,MRD,2026,MRD-PR,1.6T 하이브리드,AWD,스틸 그레이,9,9,-176
2026-09,central,MRD,2026,MRD-PR,1.6T 하이브리드,AWD,실버,7,7,-143
2026-09,central,MRD,2026,MRD-PR,1.6T 하이브리드,AWD,오션 블루,6,6,-110
2026-09,central,MRD,2026,MRD-PR,1.6T 하이브리드,AWD,선셋 레드,4,5,-88
2026-09,central,MRD,2026,MRD-PR,1.6T 하이브리드,AWD,포레스트 그린,3,3,-55
2026-09,central,MRD,2026,MRD-PR,1.6T 하이브리드,AWD,샌드 베이지,3,3,-55
2026-09,central,MRD,2026,MRD-PR,1.6T 하이브리드,FWD,스노우 화이트,45,45,-882
2026-09,central,MRD,2026,MRD-PR,1.6T 하이브리드,FWD,미드나잇 블랙,35,36,-698
2026-09,central,MRD,2026,MRD-PR,1.6T 하이브리드,FWD,스틸 그레이,30,30,-588
2026-09,central,MRD,2026,MRD-PR,1.6T 하이브리드,FWD,실버,24,25,-478
2026-09,central,MRD,2026,MRD-PR,1.6T 하이브리드,FWD,오션 블루,19,19,-367
2026-09,central,MRD,2026,MRD-PR,1.6T 하이브리드,FWD,선셋 레드,15,15,-294
2026-09,central,MRD,2026,MRD-PR,1.6T 하이브리드,FWD,포레스트 그린,9,9,-184
2026-09,central,MRD,2026,MRD-PR,1.6T 하이브리드,FWD,샌드 베이지,9,9,-184
2026-09,central,MRD,2026,MRD-SP,2.0 가솔린,AWD,스노우 화이트,4,5,1574
2026-09,central,MRD,2026,MRD-SP,2.0 가솔린,AWD,미드나잇 블랙,4,4,1246
2026-09,central,MRD,2026,MRD-SP,2.0 가솔린,AWD,스틸 그레이,3,3,1049
2026-09,central,MRD,2026,MRD-SP,2.0 가솔린,AWD,실버,2,2,853
2026-09,central,MRD,2026,MRD-SP,2.0 가솔린,AWD,오션 블루,2,2,656
2026-09,central,MRD,2026,MRD-SP,2.0 가솔린,AWD,선셋 레드,1,2,525
2026-09,central,MRD,2026,MRD-SP,2.0 가솔린,AWD,포레스트 그린,1,1,328
2026-09,central,MRD,2026,MRD-SP,2.0 가솔린,AWD,샌드 베이지,1,1,328
2026-09,central,MRD,2026,MRD-SP,2.0 가솔린,FWD,스노우 화이트,15,15,5270
2026-09,central,MRD,2026,MRD-SP,2.0 가솔린,FWD,미드나잇 블랙,12,12,4172
2026-09,central,MRD,2026,MRD-SP,2.0 가솔린,FWD,스틸 그레이,10,10,3513
2026-09,central,MRD,2026,MRD-SP,2.0 가솔린,FWD,실버,8,8,2855
2026-09,central,MRD,2026,MRD-SP,2.0 가솔린,FWD,오션 블루,6,6,2196
2026-09,central,MRD,2026,MRD-SP,2.0 가솔린,FWD,선셋 레드,5,5,1757
2026-09,central,MRD,2026,MRD-SP,2.0 가솔린,FWD,포레스트 그린,3,3,1098
2026-09,central,MRD,2026,MRD-SP,2.0 가솔린,FWD,샌드 베이지,3,3,1098
2026-09,central,MRD,2026,MRD-SP,1.6T 하이브리드,AWD,스노우 화이트,5,6,1924
2026-09,central,MRD,2026,MRD-SP,1.6T 하이브리드,AWD,미드나잇 블랙,4,4,1523
2026-09,central,MRD,2026,MRD-SP,1.6T 하이브리드,AWD,스틸 그레이,4,4,1283
2026-09,central,MRD,2026,MRD-SP,1.6T 하이브리드,AWD,실버,3,3,1042
2026-09,central,MRD,2026,MRD-SP,1.6T 하이브리드,AWD,오션 블루,2,2,802
2026-09,central,MRD,2026,MRD-SP,1.6T 하이브리드,AWD,선셋 레드,2,2,641
2026-09,central,MRD,2026,MRD-SP,1.6T 하이브리드,AWD,포레스트 그린,1,1,401
2026-09,central,MRD,2026,MRD-SP,1.6T 하이브리드,AWD,샌드 베이지,1,1,401
2026-09,central,MRD,2026,MRD-SP,1.6T 하이브리드,FWD,스노우 화이트,18,19,6441
2026-09,central,MRD,2026,MRD-SP,1.6T 하이브리드,FWD,미드나잇 블랙,14,15,5099
2026-09,central,MRD,2026,MRD-SP,1.6T 하이브리드,FWD,스틸 그레이,12,12,4294
2026-09,central,MRD,2026,MRD-SP,1.6T 하이브리드,FWD,실버,10,10,3489
2026-09,central,MRD,2026,MRD-SP,1.6T 하이브리드,FWD,오션 블루,8,8,2684
2026-09,central,MRD,2026,MRD-SP,1.6T 하이브리드,FWD,선셋 레드,6,6,2147
2026-09,central,MRD,2026,MRD-SP,1.6T 하이브리드,FWD,포레스트 그린,4,4,1342
2026-09,central,MRD,2026,MRD-SP,1.6T 하이브리드,FWD,샌드 베이지,4,4,1342
2026-09,central,MRD,2027,MRD-CO,2.0 가솔린,AWD,스노우 화이트,6,6,-1461
2026-09,central,MRD,2027,MRD-CO,2.0 가솔린,AWD,미드나잇 블랙,5,5,-1157
2026-09,central,MRD,2027,MRD-CO,2.0 가솔린,AWD,스틸 그레이,4,4,-974
2026-09,central,MRD,2027,MRD-CO,2.0 가솔린,AWD,실버,3,3,-791
2026-09,central,MRD,2027,MRD-CO,2.0 가솔린,AWD,오션 블루,3,3,-609
2026-09,central,MRD,2027,MRD-CO,2.0 가솔린,AWD,선셋 레드,2,2,-487
2026-09,central,MRD,2027,MRD-CO,2.0 가솔린,AWD,포레스트 그린,1,1,-304
2026-09,central,MRD,2027,MRD-CO,2.0 가솔린,AWD,샌드 베이지,1,1,-304
2026-09,central,MRD,2027,MRD-CO,2.0 가솔린,FWD,스노우 화이트,21,21,-4891
2026-09,central,MRD,2027,MRD-CO,2.0 가솔린,FWD,미드나잇 블랙,17,17,-3872
2026-09,central,MRD,2027,MRD-CO,2.0 가솔린,FWD,스틸 그레이,14,14,-3261
2026-09,central,MRD,2027,MRD-CO,2.0 가솔린,FWD,실버,11,12,-2649
2026-09,central,MRD,2027,MRD-CO,2.0 가솔린,FWD,오션 블루,9,9,-2038
2026-09,central,MRD,2027,MRD-CO,2.0 가솔린,FWD,선셋 레드,7,7,-1630
2026-09,central,MRD,2027,MRD-CO,2.0 가솔린,FWD,포레스트 그린,4,4,-1019
2026-09,central,MRD,2027,MRD-CO,2.0 가솔린,FWD,샌드 베이지,4,4,-1019
2026-09,central,MRD,2027,MRD-CO,1.6T 하이브리드,AWD,스노우 화이트,8,8,-1786
2026-09,central,MRD,2027,MRD-CO,1.6T 하이브리드,AWD,미드나잇 블랙,6,6,-1414
2026-09,central,MRD,2027,MRD-CO,1.6T 하이브리드,AWD,스틸 그레이,5,5,-1190
2026-09,central,MRD,2027,MRD-CO,1.6T 하이브리드,AWD,실버,4,4,-967
2026-09,central,MRD,2027,MRD-CO,1.6T 하이브리드,AWD,오션 블루,3,3,-744
2026-09,central,MRD,2027,MRD-CO,1.6T 하이브리드,AWD,선셋 레드,3,3,-595
2026-09,central,MRD,2027,MRD-CO,1.6T 하이브리드,AWD,포레스트 그린,2,2,-372
2026-09,central,MRD,2027,MRD-CO,1.6T 하이브리드,AWD,샌드 베이지,2,2,-372
2026-09,central,MRD,2027,MRD-CO,1.6T 하이브리드,FWD,스노우 화이트,26,26,-5978
2026-09,central,MRD,2027,MRD-CO,1.6T 하이브리드,FWD,미드나잇 블랙,20,21,-4733
2026-09,central,MRD,2027,MRD-CO,1.6T 하이브리드,FWD,스틸 그레이,17,17,-3985
2026-09,central,MRD,2027,MRD-CO,1.6T 하이브리드,FWD,실버,14,14,-3238
2026-09,central,MRD,2027,MRD-CO,1.6T 하이브리드,FWD,오션 블루,11,11,-2491
2026-09,central,MRD,2027,MRD-CO,1.6T 하이브리드,FWD,선셋 레드,9,9,-1993
2026-09,central,MRD,2027,MRD-CO,1.6T 하이브리드,FWD,포레스트 그린,5,5,-1245
2026-09,central,MRD,2027,MRD-CO,1.6T 하이브리드,FWD,샌드 베이지,5,5,-1245
2026-09,central,MRD,2027,MRD-PR,2.0 가솔린,AWD,스노우 화이트,7,7,-144
2026-09,central,MRD,2027,MRD-PR,2.0 가솔린,AWD,미드나잇 블랙,6,6,-114
2026-09,central,MRD,2027,MRD-PR,2.0 가솔린,AWD,스틸 그레이,5,5,-96
2026-09,central,MRD,2027,MRD-PR,2.0 가솔린,AWD,실버,4,4,-78
2026-09,central,MRD,2027,MRD-PR,2.0 가솔린,AWD,오션 블루,3,3,-60
2026-09,central,MRD,2027,MRD-PR,2.0 가솔린,AWD,선셋 레드,2,2,-48
2026-09,central,MRD,2027,MRD-PR,2.0 가솔린,AWD,포레스트 그린,2,2,-30
2026-09,central,MRD,2027,MRD-PR,2.0 가솔린,AWD,샌드 베이지,2,2,-30
2026-09,central,MRD,2027,MRD-PR,2.0 가솔린,FWD,스노우 화이트,24,25,-481
2026-09,central,MRD,2027,MRD-PR,2.0 가솔린,FWD,미드나잇 블랙,19,20,-381
2026-09,central,MRD,2027,MRD-PR,2.0 가솔린,FWD,스틸 그레이,16,17,-321
2026-09,central,MRD,2027,MRD-PR,2.0 가솔린,FWD,실버,13,13,-260
2026-09,central,MRD,2027,MRD-PR,2.0 가솔린,FWD,오션 블루,10,10,-200
2026-09,central,MRD,2027,MRD-PR,2.0 가솔린,FWD,선셋 레드,8,8,-160
2026-09,central,MRD,2027,MRD-PR,2.0 가솔린,FWD,포레스트 그린,5,5,-100
2026-09,central,MRD,2027,MRD-PR,2.0 가솔린,FWD,샌드 베이지,5,5,-100
2026-09,central,MRD,2027,MRD-PR,1.6T 하이브리드,AWD,스노우 화이트,9,9,-176
2026-09,central,MRD,2027,MRD-PR,1.6T 하이브리드,AWD,미드나잇 블랙,7,7,-139
2026-09,central,MRD,2027,MRD-PR,1.6T 하이브리드,AWD,스틸 그레이,6,6,-117
2026-09,central,MRD,2027,MRD-PR,1.6T 하이브리드,AWD,실버,5,5,-95
2026-09,central,MRD,2027,MRD-PR,1.6T 하이브리드,AWD,오션 블루,4,4,-73
2026-09,central,MRD,2027,MRD-PR,1.6T 하이브리드,AWD,선셋 레드,3,3,-59
2026-09,central,MRD,2027,MRD-PR,1.6T 하이브리드,AWD,포레스트 그린,2,2,-37
2026-09,central,MRD,2027,MRD-PR,1.6T 하이브리드,AWD,샌드 베이지,2,2,-37
2026-09,central,MRD,2027,MRD-PR,1.6T 하이브리드,FWD,스노우 화이트,30,30,-588
2026-09,central,MRD,2027,MRD-PR,1.6T 하이브리드,FWD,미드나잇 블랙,24,24,-465
2026-09,central,MRD,2027,MRD-PR,1.6T 하이브리드,FWD,스틸 그레이,20,20,-392
2026-09,central,MRD,2027,MRD-PR,1.6T 하이브리드,FWD,실버,16,16,-318
2026-09,central,MRD,2027,MRD-PR,1.6T 하이브리드,FWD,오션 블루,12,13,-245
2026-09,central,MRD,2027,MRD-PR,1.6T 하이브리드,FWD,선셋 레드,10,10,-196
2026-09,central,MRD,2027,MRD-PR,1.6T 하이브리드,FWD,포레스트 그린,6,6,-122
2026-09,central,MRD,2027,MRD-PR,1.6T 하이브리드,FWD,샌드 베이지,6,6,-122
2026-09,central,MRD,2027,MRD-SP,2.0 가솔린,AWD,스노우 화이트,3,3,1049
2026-09,central,MRD,2027,MRD-SP,2.0 가솔린,AWD,미드나잇 블랙,2,2,831
2026-09,central,MRD,2027,MRD-SP,2.0 가솔린,AWD,스틸 그레이,2,2,700
2026-09,central,MRD,2027,MRD-SP,2.0 가솔린,AWD,실버,2,2,568
2026-09,central,MRD,2027,MRD-SP,2.0 가솔린,AWD,오션 블루,1,1,437
2026-09,central,MRD,2027,MRD-SP,2.0 가솔린,AWD,선셋 레드,1,1,350
2026-09,central,MRD,2027,MRD-SP,2.0 가솔린,AWD,포레스트 그린,1,1,219
2026-09,central,MRD,2027,MRD-SP,2.0 가솔린,AWD,샌드 베이지,1,1,219
2026-09,central,MRD,2027,MRD-SP,2.0 가솔린,FWD,스노우 화이트,10,10,3513
2026-09,central,MRD,2027,MRD-SP,2.0 가솔린,FWD,미드나잇 블랙,8,8,2782
2026-09,central,MRD,2027,MRD-SP,2.0 가솔린,FWD,스틸 그레이,7,7,2342
2026-09,central,MRD,2027,MRD-SP,2.0 가솔린,FWD,실버,5,5,1903
2026-09,central,MRD,2027,MRD-SP,2.0 가솔린,FWD,오션 블루,4,4,1464
2026-09,central,MRD,2027,MRD-SP,2.0 가솔린,FWD,선셋 레드,3,3,1171
2026-09,central,MRD,2027,MRD-SP,2.0 가솔린,FWD,포레스트 그린,2,2,732
2026-09,central,MRD,2027,MRD-SP,2.0 가솔린,FWD,샌드 베이지,2,2,732
2026-09,central,MRD,2027,MRD-SP,1.6T 하이브리드,AWD,스노우 화이트,4,4,1283
2026-09,central,MRD,2027,MRD-SP,1.6T 하이브리드,AWD,미드나잇 블랙,3,3,1015
2026-09,central,MRD,2027,MRD-SP,1.6T 하이브리드,AWD,스틸 그레이,2,2,855
2026-09,central,MRD,2027,MRD-SP,1.6T 하이브리드,AWD,실버,2,2,695
2026-09,central,MRD,2027,MRD-SP,1.6T 하이브리드,AWD,오션 블루,2,2,534
2026-09,central,MRD,2027,MRD-SP,1.6T 하이브리드,AWD,선셋 레드,1,1,428
2026-09,central,MRD,2027,MRD-SP,1.6T 하이브리드,AWD,포레스트 그린,1,1,267
2026-09,central,MRD,2027,MRD-SP,1.6T 하이브리드,AWD,샌드 베이지,1,1,267
2026-09,central,MRD,2027,MRD-SP,1.6T 하이브리드,FWD,스노우 화이트,12,12,4294
2026-09,central,MRD,2027,MRD-SP,1.6T 하이브리드,FWD,미드나잇 블랙,10,10,3400
2026-09,central,MRD,2027,MRD-SP,1.6T 하이브리드,FWD,스틸 그레이,8,8,2863
2026-09,central,MRD,2027,MRD-SP,1.6T 하이브리드,FWD,실버,7,7,2326
2026-09,central,MRD,2027,MRD-SP,1.6T 하이브리드,FWD,오션 블루,5,5,1789
2026-09,central,MRD,2027,MRD-SP,1.6T 하이브리드,FWD,선셋 레드,4,4,1431
2026-09,central,MRD,2027,MRD-SP,1.6T 하이브리드,FWD,포레스트 그린,3,3,895
2026-09,central,MRD,2027,MRD-SP,1.6T 하이브리드,FWD,샌드 베이지,3,3,895
2026-09,south,MRD,2026,MRD-CO,2.0 가솔린,AWD,스노우 화이트,8,8,-1776
2026-09,south,MRD,2026,MRD-CO,2.0 가솔린,AWD,미드나잇 블랙,6,6,-1406
2026-09,south,MRD,2026,MRD-CO,2.0 가솔린,AWD,스틸 그레이,5,5,-1184
2026-09,south,MRD,2026,MRD-CO,2.0 가솔린,AWD,실버,4,4,-962
2026-09,south,MRD,2026,MRD-CO,2.0 가솔린,AWD,오션 블루,3,3,-740
2026-09,south,MRD,2026,MRD-CO,2.0 가솔린,AWD,선셋 레드,3,3,-592
2026-09,south,MRD,2026,MRD-CO,2.0 가솔린,AWD,포레스트 그린,2,2,-370
2026-09,south,MRD,2026,MRD-CO,2.0 가솔린,AWD,샌드 베이지,2,2,-370
2026-09,south,MRD,2026,MRD-CO,2.0 가솔린,FWD,스노우 화이트,45,46,-10555
2026-09,south,MRD,2026,MRD-CO,2.0 가솔린,FWD,미드나잇 블랙,36,37,-8356
2026-09,south,MRD,2026,MRD-CO,2.0 가솔린,FWD,스틸 그레이,30,31,-7037
2026-09,south,MRD,2026,MRD-CO,2.0 가솔린,FWD,실버,25,25,-5717
2026-09,south,MRD,2026,MRD-CO,2.0 가솔린,FWD,오션 블루,19,19,-4398
2026-09,south,MRD,2026,MRD-CO,2.0 가솔린,FWD,선셋 레드,15,15,-3518
2026-09,south,MRD,2026,MRD-CO,2.0 가솔린,FWD,포레스트 그린,9,10,-2199
2026-09,south,MRD,2026,MRD-CO,2.0 가솔린,FWD,샌드 베이지,9,10,-2199
2026-09,south,MRD,2026,MRD-CO,1.6T 하이브리드,AWD,스노우 화이트,9,9,-2170
2026-09,south,MRD,2026,MRD-CO,1.6T 하이브리드,AWD,미드나잇 블랙,7,8,-1718
2026-09,south,MRD,2026,MRD-CO,1.6T 하이브리드,AWD,스틸 그레이,6,6,-1447
2026-09,south,MRD,2026,MRD-CO,1.6T 하이브리드,AWD,실버,5,5,-1176
2026-09,south,MRD,2026,MRD-CO,1.6T 하이브리드,AWD,오션 블루,4,4,-904
2026-09,south,MRD,2026,MRD-CO,1.6T 하이브리드,AWD,선셋 레드,3,3,-723
2026-09,south,MRD,2026,MRD-CO,1.6T 하이브리드,AWD,포레스트 그린,2,2,-452
2026-09,south,MRD,2026,MRD-CO,1.6T 하이브리드,AWD,샌드 베이지,2,2,-452
2026-09,south,MRD,2026,MRD-CO,1.6T 하이브리드,FWD,스노우 화이트,55,56,-12901
2026-09,south,MRD,2026,MRD-CO,1.6T 하이브리드,FWD,미드나잇 블랙,44,45,-10213
2026-09,south,MRD,2026,MRD-CO,1.6T 하이브리드,FWD,스틸 그레이,37,38,-8600
2026-09,south,MRD,2026,MRD-CO,1.6T 하이브리드,FWD,실버,30,31,-6988
2026-09,south,MRD,2026,MRD-CO,1.6T 하이브리드,FWD,오션 블루,23,24,-5375
2026-09,south,MRD,2026,MRD-CO,1.6T 하이브리드,FWD,선셋 레드,18,19,-4300
2026-09,south,MRD,2026,MRD-CO,1.6T 하이브리드,FWD,포레스트 그린,12,12,-2688
2026-09,south,MRD,2026,MRD-CO,1.6T 하이브리드,FWD,샌드 베이지,12,12,-2688
2026-09,south,MRD,2026,MRD-PR,2.0 가솔린,AWD,스노우 화이트,9,9,-175
2026-09,south,MRD,2026,MRD-PR,2.0 가솔린,AWD,미드나잇 블랙,7,7,-138
2026-09,south,MRD,2026,MRD-PR,2.0 가솔린,AWD,스틸 그레이,6,6,-116
2026-09,south,MRD,2026,MRD-PR,2.0 가솔린,AWD,실버,5,5,-95
2026-09,south,MRD,2026,MRD-PR,2.0 가솔린,AWD,오션 블루,4,4,-73
2026-09,south,MRD,2026,MRD-PR,2.0 가솔린,AWD,선셋 레드,3,3,-58
2026-09,south,MRD,2026,MRD-PR,2.0 가솔린,AWD,포레스트 그린,2,2,-36
2026-09,south,MRD,2026,MRD-PR,2.0 가솔린,AWD,샌드 베이지,2,2,-36
2026-09,south,MRD,2026,MRD-PR,2.0 가솔린,FWD,스노우 화이트,52,53,-1038
2026-09,south,MRD,2026,MRD-PR,2.0 가솔린,FWD,미드나잇 블랙,42,42,-822
2026-09,south,MRD,2026,MRD-PR,2.0 가솔린,FWD,스틸 그레이,35,36,-692
2026-09,south,MRD,2026,MRD-PR,2.0 가솔린,FWD,실버,28,29,-562
2026-09,south,MRD,2026,MRD-PR,2.0 가솔린,FWD,오션 블루,22,22,-432
2026-09,south,MRD,2026,MRD-PR,2.0 가솔린,FWD,선셋 레드,17,18,-346
2026-09,south,MRD,2026,MRD-PR,2.0 가솔린,FWD,포레스트 그린,11,11,-216
2026-09,south,MRD,2026,MRD-PR,2.0 가솔린,FWD,샌드 베이지,11,11,-216
2026-09,south,MRD,2026,MRD-PR,1.6T 하이브리드,AWD,스노우 화이트,11,11,-213
2026-09,south,MRD,2026,MRD-PR,1.6T 하이브리드,AWD,미드나잇 블랙,9,9,-169
2026-09,south,MRD,2026,MRD-PR,1.6T 하이브리드,AWD,스틸 그레이,7,7,-142
2026-09,south,MRD,2026,MRD-PR,1.6T 하이브리드,AWD,실버,6,6,-116
2026-09,south,MRD,2026,MRD-PR,1.6T 하이브리드,AWD,오션 블루,4,5,-89
2026-09,south,MRD,2026,MRD-PR,1.6T 하이브리드,AWD,선셋 레드,4,4,-71
2026-09,south,MRD,2026,MRD-PR,1.6T 하이브리드,AWD,포레스트 그린,2,2,-44
2026-09,south,MRD,2026,MRD-PR,1.6T 하이브리드,AWD,샌드 베이지,2,2,-44
2026-09,south,MRD,2026,MRD-PR,1.6T 하이브리드,FWD,스노우 화이트,64,65,-1268
2026-09,south,MRD,2026,MRD-PR,1.6T 하이브리드,FWD,미드나잇 블랙,51,52,-1004
2026-09,south,MRD,2026,MRD-PR,1.6T 하이브리드,FWD,스틸 그레이,43,44,-846
2026-09,south,MRD,2026,MRD-PR,1.6T 하이브리드,FWD,실버,35,35,-687
2026-09,south,MRD,2026,MRD-PR,1.6T 하이브리드,FWD,오션 블루,27,27,-529
2026-09,south,MRD,2026,MRD-PR,1.6T 하이브리드,FWD,선셋 레드,21,22,-423
2026-09,south,MRD,2026,MRD-PR,1.6T 하이브리드,FWD,포레스트 그린,13,14,-264
2026-09,south,MRD,2026,MRD-PR,1.6T 하이브리드,FWD,샌드 베이지,13,14,-264
2026-09,south,MRD,2026,MRD-SP,2.0 가솔린,AWD,스노우 화이트,4,4,1275
2026-09,south,MRD,2026,MRD-SP,2.0 가솔린,AWD,미드나잇 블랙,3,3,1010
2026-09,south,MRD,2026,MRD-SP,2.0 가솔린,AWD,스틸 그레이,2,2,850
2026-09,south,MRD,2026,MRD-SP,2.0 가솔린,AWD,실버,2,2,691
2026-09,south,MRD,2026,MRD-SP,2.0 가솔린,AWD,오션 블루,2,2,531
2026-09,south,MRD,2026,MRD-SP,2.0 가솔린,AWD,선셋 레드,1,1,425
2026-09,south,MRD,2026,MRD-SP,2.0 가솔린,AWD,포레스트 그린,1,1,266
2026-09,south,MRD,2026,MRD-SP,2.0 가솔린,AWD,샌드 베이지,1,1,266
2026-09,south,MRD,2026,MRD-SP,2.0 가솔린,FWD,스노우 화이트,21,22,7582
2026-09,south,MRD,2026,MRD-SP,2.0 가솔린,FWD,미드나잇 블랙,17,17,6002
2026-09,south,MRD,2026,MRD-SP,2.0 가솔린,FWD,스틸 그레이,14,15,5055
2026-09,south,MRD,2026,MRD-SP,2.0 가솔린,FWD,실버,12,12,4107
2026-09,south,MRD,2026,MRD-SP,2.0 가솔린,FWD,오션 블루,9,9,3159
2026-09,south,MRD,2026,MRD-SP,2.0 가솔린,FWD,선셋 레드,7,7,2527
2026-09,south,MRD,2026,MRD-SP,2.0 가솔린,FWD,포레스트 그린,4,5,1580
2026-09,south,MRD,2026,MRD-SP,2.0 가솔린,FWD,샌드 베이지,4,5,1580
2026-09,south,MRD,2026,MRD-SP,1.6T 하이브리드,AWD,스노우 화이트,4,4,1559
2026-09,south,MRD,2026,MRD-SP,1.6T 하이브리드,AWD,미드나잇 블랙,3,4,1234
2026-09,south,MRD,2026,MRD-SP,1.6T 하이브리드,AWD,스틸 그레이,3,3,1039
2026-09,south,MRD,2026,MRD-SP,1.6T 하이브리드,AWD,실버,2,2,844
2026-09,south,MRD,2026,MRD-SP,1.6T 하이브리드,AWD,오션 블루,2,2,650
2026-09,south,MRD,2026,MRD-SP,1.6T 하이브리드,AWD,선셋 레드,1,1,520
2026-09,south,MRD,2026,MRD-SP,1.6T 하이브리드,AWD,포레스트 그린,1,1,325
2026-09,south,MRD,2026,MRD-SP,1.6T 하이브리드,AWD,샌드 베이지,1,1,325
2026-09,south,MRD,2026,MRD-SP,1.6T 하이브리드,FWD,스노우 화이트,26,27,9267
2026-09,south,MRD,2026,MRD-SP,1.6T 하이브리드,FWD,미드나잇 블랙,21,21,7336
2026-09,south,MRD,2026,MRD-SP,1.6T 하이브리드,FWD,스틸 그레이,17,18,6178
2026-09,south,MRD,2026,MRD-SP,1.6T 하이브리드,FWD,실버,14,14,5020
2026-09,south,MRD,2026,MRD-SP,1.6T 하이브리드,FWD,오션 블루,11,11,3861
2026-09,south,MRD,2026,MRD-SP,1.6T 하이브리드,FWD,선셋 레드,9,9,3089
2026-09,south,MRD,2026,MRD-SP,1.6T 하이브리드,FWD,포레스트 그린,5,6,1931
2026-09,south,MRD,2026,MRD-SP,1.6T 하이브리드,FWD,샌드 베이지,5,6,1931
2026-09,south,MRD,2027,MRD-CO,2.0 가솔린,AWD,스노우 화이트,5,5,-1184
2026-09,south,MRD,2027,MRD-CO,2.0 가솔린,AWD,미드나잇 블랙,4,4,-937
2026-09,south,MRD,2027,MRD-CO,2.0 가솔린,AWD,스틸 그레이,3,3,-789
2026-09,south,MRD,2027,MRD-CO,2.0 가솔린,AWD,실버,3,3,-641
2026-09,south,MRD,2027,MRD-CO,2.0 가솔린,AWD,오션 블루,2,2,-493
2026-09,south,MRD,2027,MRD-CO,2.0 가솔린,AWD,선셋 레드,2,2,-395
2026-09,south,MRD,2027,MRD-CO,2.0 가솔린,AWD,포레스트 그린,1,1,-247
2026-09,south,MRD,2027,MRD-CO,2.0 가솔린,AWD,샌드 베이지,1,1,-247
2026-09,south,MRD,2027,MRD-CO,2.0 가솔린,FWD,스노우 화이트,30,31,-7037
2026-09,south,MRD,2027,MRD-CO,2.0 가솔린,FWD,미드나잇 블랙,24,24,-5571
2026-09,south,MRD,2027,MRD-CO,2.0 가솔린,FWD,스틸 그레이,20,21,-4691
2026-09,south,MRD,2027,MRD-CO,2.0 가솔린,FWD,실버,16,17,-3812
2026-09,south,MRD,2027,MRD-CO,2.0 가솔린,FWD,오션 블루,13,13,-2932
2026-09,south,MRD,2027,MRD-CO,2.0 가솔린,FWD,선셋 레드,10,10,-2346
2026-09,south,MRD,2027,MRD-CO,2.0 가솔린,FWD,포레스트 그린,6,6,-1466
2026-09,south,MRD,2027,MRD-CO,2.0 가솔린,FWD,샌드 베이지,6,6,-1466
2026-09,south,MRD,2027,MRD-CO,1.6T 하이브리드,AWD,스노우 화이트,6,6,-1447
2026-09,south,MRD,2027,MRD-CO,1.6T 하이브리드,AWD,미드나잇 블랙,5,5,-1145
2026-09,south,MRD,2027,MRD-CO,1.6T 하이브리드,AWD,스틸 그레이,4,4,-965
2026-09,south,MRD,2027,MRD-CO,1.6T 하이브리드,AWD,실버,3,3,-784
2026-09,south,MRD,2027,MRD-CO,1.6T 하이브리드,AWD,오션 블루,3,3,-603
2026-09,south,MRD,2027,MRD-CO,1.6T 하이브리드,AWD,선셋 레드,2,2,-482
2026-09,south,MRD,2027,MRD-CO,1.6T 하이브리드,AWD,포레스트 그린,1,1,-301
2026-09,south,MRD,2027,MRD-CO,1.6T 하이브리드,AWD,샌드 베이지,1,1,-301
2026-09,south,MRD,2027,MRD-CO,1.6T 하이브리드,FWD,스노우 화이트,37,38,-8600
2026-09,south,MRD,2027,MRD-CO,1.6T 하이브리드,FWD,미드나잇 블랙,29,30,-6809
2026-09,south,MRD,2027,MRD-CO,1.6T 하이브리드,FWD,스틸 그레이,25,25,-5734
2026-09,south,MRD,2027,MRD-CO,1.6T 하이브리드,FWD,실버,20,20,-4659
2026-09,south,MRD,2027,MRD-CO,1.6T 하이브리드,FWD,오션 블루,15,16,-3584
2026-09,south,MRD,2027,MRD-CO,1.6T 하이브리드,FWD,선셋 레드,12,13,-2867
2026-09,south,MRD,2027,MRD-CO,1.6T 하이브리드,FWD,포레스트 그린,8,8,-1792
2026-09,south,MRD,2027,MRD-CO,1.6T 하이브리드,FWD,샌드 베이지,8,8,-1792
2026-09,south,MRD,2027,MRD-PR,2.0 가솔린,AWD,스노우 화이트,6,6,-116
2026-09,south,MRD,2027,MRD-PR,2.0 가솔린,AWD,미드나잇 블랙,5,5,-92
2026-09,south,MRD,2027,MRD-PR,2.0 가솔린,AWD,스틸 그레이,4,4,-78
2026-09,south,MRD,2027,MRD-PR,2.0 가솔린,AWD,실버,3,3,-63
2026-09,south,MRD,2027,MRD-PR,2.0 가솔린,AWD,오션 블루,2,2,-48
2026-09,south,MRD,2027,MRD-PR,2.0 가솔린,AWD,선셋 레드,2,2,-39
2026-09,south,MRD,2027,MRD-PR,2.0 가솔린,AWD,포레스트 그린,1,1,-24
2026-09,south,MRD,2027,MRD-PR,2.0 가솔린,AWD,샌드 베이지,1,1,-24
2026-09,south,MRD,2027,MRD-PR,2.0 가솔린,FWD,스노우 화이트,35,36,-692
2026-09,south,MRD,2027,MRD-PR,2.0 가솔린,FWD,미드나잇 블랙,28,28,-548
2026-09,south,MRD,2027,MRD-PR,2.0 가솔린,FWD,스틸 그레이,23,24,-461
2026-09,south,MRD,2027,MRD-PR,2.0 가솔린,FWD,실버,19,19,-375
2026-09,south,MRD,2027,MRD-PR,2.0 가솔린,FWD,오션 블루,15,15,-288
2026-09,south,MRD,2027,MRD-PR,2.0 가솔린,FWD,선셋 레드,12,12,-231
2026-09,south,MRD,2027,MRD-PR,2.0 가솔린,FWD,포레스트 그린,7,7,-144
2026-09,south,MRD,2027,MRD-PR,2.0 가솔린,FWD,샌드 베이지,7,7,-144
2026-09,south,MRD,2027,MRD-PR,1.6T 하이브리드,AWD,스노우 화이트,7,7,-142
2026-09,south,MRD,2027,MRD-PR,1.6T 하이브리드,AWD,미드나잇 블랙,6,6,-113
2026-09,south,MRD,2027,MRD-PR,1.6T 하이브리드,AWD,스틸 그레이,5,5,-95
2026-09,south,MRD,2027,MRD-PR,1.6T 하이브리드,AWD,실버,4,4,-77
2026-09,south,MRD,2027,MRD-PR,1.6T 하이브리드,AWD,오션 블루,3,3,-59
2026-09,south,MRD,2027,MRD-PR,1.6T 하이브리드,AWD,선셋 레드,2,2,-47
2026-09,south,MRD,2027,MRD-PR,1.6T 하이브리드,AWD,포레스트 그린,1,2,-30
2026-09,south,MRD,2027,MRD-PR,1.6T 하이브리드,AWD,샌드 베이지,1,2,-30
2026-09,south,MRD,2027,MRD-PR,1.6T 하이브리드,FWD,스노우 화이트,43,44,-846
2026-09,south,MRD,2027,MRD-PR,1.6T 하이브리드,FWD,미드나잇 블랙,34,35,-669
2026-09,south,MRD,2027,MRD-PR,1.6T 하이브리드,FWD,스틸 그레이,28,29,-564
2026-09,south,MRD,2027,MRD-PR,1.6T 하이브리드,FWD,실버,23,24,-458
2026-09,south,MRD,2027,MRD-PR,1.6T 하이브리드,FWD,오션 블루,18,18,-352
2026-09,south,MRD,2027,MRD-PR,1.6T 하이브리드,FWD,선셋 레드,14,15,-282
2026-09,south,MRD,2027,MRD-PR,1.6T 하이브리드,FWD,포레스트 그린,9,9,-176
2026-09,south,MRD,2027,MRD-PR,1.6T 하이브리드,FWD,샌드 베이지,9,9,-176
2026-09,south,MRD,2027,MRD-SP,2.0 가솔린,AWD,스노우 화이트,2,2,850
2026-09,south,MRD,2027,MRD-SP,2.0 가솔린,AWD,미드나잇 블랙,2,2,673
2026-09,south,MRD,2027,MRD-SP,2.0 가솔린,AWD,스틸 그레이,2,2,567
2026-09,south,MRD,2027,MRD-SP,2.0 가솔린,AWD,실버,1,1,461
2026-09,south,MRD,2027,MRD-SP,2.0 가솔린,AWD,오션 블루,1,1,354
2026-09,south,MRD,2027,MRD-SP,2.0 가솔린,AWD,선셋 레드,1,1,283
2026-09,south,MRD,2027,MRD-SP,2.0 가솔린,AWD,포레스트 그린,1,1,177
2026-09,south,MRD,2027,MRD-SP,2.0 가솔린,AWD,샌드 베이지,1,1,177
2026-09,south,MRD,2027,MRD-SP,2.0 가솔린,FWD,스노우 화이트,14,15,5055
2026-09,south,MRD,2027,MRD-SP,2.0 가솔린,FWD,미드나잇 블랙,11,12,4002
2026-09,south,MRD,2027,MRD-SP,2.0 가솔린,FWD,스틸 그레이,10,10,3370
2026-09,south,MRD,2027,MRD-SP,2.0 가솔린,FWD,실버,8,8,2738
2026-09,south,MRD,2027,MRD-SP,2.0 가솔린,FWD,오션 블루,6,6,2106
2026-09,south,MRD,2027,MRD-SP,2.0 가솔린,FWD,선셋 레드,5,5,1685
2026-09,south,MRD,2027,MRD-SP,2.0 가솔린,FWD,포레스트 그린,3,3,1053
2026-09,south,MRD,2027,MRD-SP,2.0 가솔린,FWD,샌드 베이지,3,3,1053
2026-09,south,MRD,2027,MRD-SP,1.6T 하이브리드,AWD,스노우 화이트,3,3,1039
2026-09,south,MRD,2027,MRD-SP,1.6T 하이브리드,AWD,미드나잇 블랙,2,2,823
2026-09,south,MRD,2027,MRD-SP,1.6T 하이브리드,AWD,스틸 그레이,2,2,693
2026-09,south,MRD,2027,MRD-SP,1.6T 하이브리드,AWD,실버,2,2,563
2026-09,south,MRD,2027,MRD-SP,1.6T 하이브리드,AWD,오션 블루,1,1,433
2026-09,south,MRD,2027,MRD-SP,1.6T 하이브리드,AWD,선셋 레드,1,1,346
2026-09,south,MRD,2027,MRD-SP,1.6T 하이브리드,AWD,포레스트 그린,1,1,217
2026-09,south,MRD,2027,MRD-SP,1.6T 하이브리드,AWD,샌드 베이지,1,1,217
2026-09,south,MRD,2027,MRD-SP,1.6T 하이브리드,FWD,스노우 화이트,17,18,6178
2026-09,south,MRD,2027,MRD-SP,1.6T 하이브리드,FWD,미드나잇 블랙,14,14,4891
2026-09,south,MRD,2027,MRD-SP,1.6T 하이브리드,FWD,스틸 그레이,12,12,4119
2026-09,south,MRD,2027,MRD-SP,1.6T 하이브리드,FWD,실버,9,10,3346
2026-09,south,MRD,2027,MRD-SP,1.6T 하이브리드,FWD,오션 블루,7,7,2574
2026-09,south,MRD,2027,MRD-SP,1.6T 하이브리드,FWD,선셋 레드,6,6,2059
2026-09,south,MRD,2027,MRD-SP,1.6T 하이브리드,FWD,포레스트 그린,4,4,1287
2026-09,south,MRD,2027,MRD-SP,1.6T 하이브리드,FWD,샌드 베이지,4,4,1287
2026-09,northeast,MRD,2026,MRD-CO,2.0 가솔린,AWD,스노우 화이트,11,11,-2477
2026-09,northeast,MRD,2026,MRD-CO,2.0 가솔린,AWD,미드나잇 블랙,8,9,-1961
2026-09,northeast,MRD,2026,MRD-CO,2.0 가솔린,AWD,스틸 그레이,7,7,-1652
2026-09,northeast,MRD,2026,MRD-CO,2.0 가솔린,AWD,실버,6,6,-1342
2026-09,northeast,MRD,2026,MRD-CO,2.0 가솔린,AWD,오션 블루,4,5,-1032
2026-09,northeast,MRD,2026,MRD-CO,2.0 가솔린,AWD,선셋 레드,4,4,-826
2026-09,northeast,MRD,2026,MRD-CO,2.0 가솔린,AWD,포레스트 그린,2,2,-516
2026-09,northeast,MRD,2026,MRD-CO,2.0 가솔린,AWD,샌드 베이지,2,2,-516
2026-09,northeast,MRD,2026,MRD-CO,2.0 가솔린,FWD,스노우 화이트,30,31,-7051
2026-09,northeast,MRD,2026,MRD-CO,2.0 가솔린,FWD,미드나잇 블랙,24,24,-5582
2026-09,northeast,MRD,2026,MRD-CO,2.0 가솔린,FWD,스틸 그레이,20,21,-4701
2026-09,northeast,MRD,2026,MRD-CO,2.0 가솔린,FWD,실버,16,17,-3819
2026-09,northeast,MRD,2026,MRD-CO,2.0 가솔린,FWD,오션 블루,13,13,-2938
2026-09,northeast,MRD,2026,MRD-CO,2.0 가솔린,FWD,선셋 레드,10,10,-2350
2026-09,northeast,MRD,2026,MRD-CO,2.0 가솔린,FWD,포레스트 그린,6,6,-1469
2026-09,northeast,MRD,2026,MRD-CO,2.0 가솔린,FWD,샌드 베이지,6,6,-1469
2026-09,northeast,MRD,2026,MRD-CO,1.6T 하이브리드,AWD,스노우 화이트,13,13,-3028
2026-09,northeast,MRD,2026,MRD-CO,1.6T 하이브리드,AWD,미드나잇 블랙,10,10,-2397
2026-09,northeast,MRD,2026,MRD-CO,1.6T 하이브리드,AWD,스틸 그레이,9,9,-2019
2026-09,northeast,MRD,2026,MRD-CO,1.6T 하이브리드,AWD,실버,7,7,-1640
2026-09,northeast,MRD,2026,MRD-CO,1.6T 하이브리드,AWD,오션 블루,5,6,-1262
2026-09,northeast,MRD,2026,MRD-CO,1.6T 하이브리드,AWD,선셋 레드,4,4,-1009
2026-09,northeast,MRD,2026,MRD-CO,1.6T 하이브리드,AWD,포레스트 그린,3,3,-631
2026-09,northeast,MRD,2026,MRD-CO,1.6T 하이브리드,AWD,샌드 베이지,3,3,-631
2026-09,northeast,MRD,2026,MRD-CO,1.6T 하이브리드,FWD,스노우 화이트,37,38,-8618
2026-09,northeast,MRD,2026,MRD-CO,1.6T 하이브리드,FWD,미드나잇 블랙,29,30,-6822
2026-09,northeast,MRD,2026,MRD-CO,1.6T 하이브리드,FWD,스틸 그레이,25,25,-5745
2026-09,northeast,MRD,2026,MRD-CO,1.6T 하이브리드,FWD,실버,20,20,-4668
2026-09,northeast,MRD,2026,MRD-CO,1.6T 하이브리드,FWD,오션 블루,15,16,-3591
2026-09,northeast,MRD,2026,MRD-CO,1.6T 하이브리드,FWD,선셋 레드,12,13,-2873
2026-09,northeast,MRD,2026,MRD-CO,1.6T 하이브리드,FWD,포레스트 그린,8,8,-1795
2026-09,northeast,MRD,2026,MRD-CO,1.6T 하이브리드,FWD,샌드 베이지,8,8,-1795
2026-09,northeast,MRD,2026,MRD-PR,2.0 가솔린,AWD,스노우 화이트,12,13,-244
2026-09,northeast,MRD,2026,MRD-PR,2.0 가솔린,AWD,미드나잇 블랙,10,10,-193
2026-09,northeast,MRD,2026,MRD-PR,2.0 가솔린,AWD,스틸 그레이,8,8,-162
2026-09,northeast,MRD,2026,MRD-PR,2.0 가솔린,AWD,실버,7,7,-132
2026-09,northeast,MRD,2026,MRD-PR,2.0 가솔린,AWD,오션 블루,5,5,-101
2026-09,northeast,MRD,2026,MRD-PR,2.0 가솔린,AWD,선셋 레드,4,4,-81
2026-09,northeast,MRD,2026,MRD-PR,2.0 가솔린,AWD,포레스트 그린,3,3,-51
2026-09,northeast,MRD,2026,MRD-PR,2.0 가솔린,AWD,샌드 베이지,3,3,-51
2026-09,northeast,MRD,2026,MRD-PR,2.0 가솔린,FWD,스노우 화이트,35,36,-693
2026-09,northeast,MRD,2026,MRD-PR,2.0 가솔린,FWD,미드나잇 블랙,28,28,-549
2026-09,northeast,MRD,2026,MRD-PR,2.0 가솔린,FWD,스틸 그레이,23,24,-462
2026-09,northeast,MRD,2026,MRD-PR,2.0 가솔린,FWD,실버,19,19,-376
2026-09,northeast,MRD,2026,MRD-PR,2.0 가솔린,FWD,오션 블루,15,15,-289
2026-09,northeast,MRD,2026,MRD-PR,2.0 가솔린,FWD,선셋 레드,12,12,-231
2026-09,northeast,MRD,2026,MRD-PR,2.0 가솔린,FWD,포레스트 그린,7,7,-144
2026-09,northeast,MRD,2026,MRD-PR,2.0 가솔린,FWD,샌드 베이지,7,7,-144
2026-09,northeast,MRD,2026,MRD-PR,1.6T 하이브리드,AWD,스노우 화이트,15,15,-298
2026-09,northeast,MRD,2026,MRD-PR,1.6T 하이브리드,AWD,미드나잇 블랙,12,12,-236
2026-09,northeast,MRD,2026,MRD-PR,1.6T 하이브리드,AWD,스틸 그레이,10,10,-198
2026-09,northeast,MRD,2026,MRD-PR,1.6T 하이브리드,AWD,실버,8,8,-161
2026-09,northeast,MRD,2026,MRD-PR,1.6T 하이브리드,AWD,오션 블루,6,6,-124
2026-09,northeast,MRD,2026,MRD-PR,1.6T 하이브리드,AWD,선셋 레드,5,5,-99
2026-09,northeast,MRD,2026,MRD-PR,1.6T 하이브리드,AWD,포레스트 그린,3,3,-62
2026-09,northeast,MRD,2026,MRD-PR,1.6T 하이브리드,AWD,샌드 베이지,3,3,-62
2026-09,northeast,MRD,2026,MRD-PR,1.6T 하이브리드,FWD,스노우 화이트,43,44,-847
2026-09,northeast,MRD,2026,MRD-PR,1.6T 하이브리드,FWD,미드나잇 블랙,34,35,-671
2026-09,northeast,MRD,2026,MRD-PR,1.6T 하이브리드,FWD,스틸 그레이,29,29,-565
2026-09,northeast,MRD,2026,MRD-PR,1.6T 하이브리드,FWD,실버,23,24,-459
2026-09,northeast,MRD,2026,MRD-PR,1.6T 하이브리드,FWD,오션 블루,18,18,-353
2026-09,northeast,MRD,2026,MRD-PR,1.6T 하이브리드,FWD,선셋 레드,14,15,-282
2026-09,northeast,MRD,2026,MRD-PR,1.6T 하이브리드,FWD,포레스트 그린,9,9,-177
2026-09,northeast,MRD,2026,MRD-PR,1.6T 하이브리드,FWD,샌드 베이지,9,9,-177
2026-09,northeast,MRD,2026,MRD-SP,2.0 가솔린,AWD,스노우 화이트,5,5,1780
2026-09,northeast,MRD,2026,MRD-SP,2.0 가솔린,AWD,미드나잇 블랙,4,4,1409
2026-09,northeast,MRD,2026,MRD-SP,2.0 가솔린,AWD,스틸 그레이,3,3,1186
2026-09,northeast,MRD,2026,MRD-SP,2.0 가솔린,AWD,실버,3,3,964
2026-09,northeast,MRD,2026,MRD-SP,2.0 가솔린,AWD,오션 블루,2,2,741
2026-09,northeast,MRD,2026,MRD-SP,2.0 가솔린,AWD,선셋 레드,2,2,593
2026-09,northeast,MRD,2026,MRD-SP,2.0 가솔린,AWD,포레스트 그린,1,1,371
2026-09,northeast,MRD,2026,MRD-SP,2.0 가솔린,AWD,샌드 베이지,1,1,371
2026-09,northeast,MRD,2026,MRD-SP,2.0 가솔린,FWD,스노우 화이트,14,15,5065
2026-09,northeast,MRD,2026,MRD-SP,2.0 가솔린,FWD,미드나잇 블랙,11,12,4010
2026-09,northeast,MRD,2026,MRD-SP,2.0 가솔린,FWD,스틸 그레이,10,10,3377
2026-09,northeast,MRD,2026,MRD-SP,2.0 가솔린,FWD,실버,8,8,2743
2026-09,northeast,MRD,2026,MRD-SP,2.0 가솔린,FWD,오션 블루,6,6,2110
2026-09,northeast,MRD,2026,MRD-SP,2.0 가솔린,FWD,선셋 레드,5,5,1688
2026-09,northeast,MRD,2026,MRD-SP,2.0 가솔린,FWD,포레스트 그린,3,3,1055
2026-09,northeast,MRD,2026,MRD-SP,2.0 가솔린,FWD,샌드 베이지,3,3,1055
2026-09,northeast,MRD,2026,MRD-SP,1.6T 하이브리드,AWD,스노우 화이트,6,6,2175
2026-09,northeast,MRD,2026,MRD-SP,1.6T 하이브리드,AWD,미드나잇 블랙,5,5,1722
2026-09,northeast,MRD,2026,MRD-SP,1.6T 하이브리드,AWD,스틸 그레이,4,4,1450
2026-09,northeast,MRD,2026,MRD-SP,1.6T 하이브리드,AWD,실버,3,3,1178
2026-09,northeast,MRD,2026,MRD-SP,1.6T 하이브리드,AWD,오션 블루,3,3,906
2026-09,northeast,MRD,2026,MRD-SP,1.6T 하이브리드,AWD,선셋 레드,2,2,725
2026-09,northeast,MRD,2026,MRD-SP,1.6T 하이브리드,AWD,포레스트 그린,1,1,453
2026-09,northeast,MRD,2026,MRD-SP,1.6T 하이브리드,AWD,샌드 베이지,1,1,453
2026-09,northeast,MRD,2026,MRD-SP,1.6T 하이브리드,FWD,스노우 화이트,18,18,6190
2026-09,northeast,MRD,2026,MRD-SP,1.6T 하이브리드,FWD,미드나잇 블랙,14,14,4901
2026-09,northeast,MRD,2026,MRD-SP,1.6T 하이브리드,FWD,스틸 그레이,12,12,4127
2026-09,northeast,MRD,2026,MRD-SP,1.6T 하이브리드,FWD,실버,9,10,3353
2026-09,northeast,MRD,2026,MRD-SP,1.6T 하이브리드,FWD,오션 블루,7,7,2579
2026-09,northeast,MRD,2026,MRD-SP,1.6T 하이브리드,FWD,선셋 레드,6,6,2063
2026-09,northeast,MRD,2026,MRD-SP,1.6T 하이브리드,FWD,포레스트 그린,4,4,1290
2026-09,northeast,MRD,2026,MRD-SP,1.6T 하이브리드,FWD,샌드 베이지,4,4,1290
2026-09,northeast,MRD,2027,MRD-CO,2.0 가솔린,AWD,스노우 화이트,7,7,-1652
2026-09,northeast,MRD,2027,MRD-CO,2.0 가솔린,AWD,미드나잇 블랙,6,6,-1307
2026-09,northeast,MRD,2027,MRD-CO,2.0 가솔린,AWD,스틸 그레이,5,5,-1101
2026-09,northeast,MRD,2027,MRD-CO,2.0 가솔린,AWD,실버,4,4,-895
2026-09,northeast,MRD,2027,MRD-CO,2.0 가솔린,AWD,오션 블루,3,3,-688
2026-09,northeast,MRD,2027,MRD-CO,2.0 가솔린,AWD,선셋 레드,2,2,-551
2026-09,northeast,MRD,2027,MRD-CO,2.0 가솔린,AWD,포레스트 그린,1,2,-344
2026-09,northeast,MRD,2027,MRD-CO,2.0 가솔린,AWD,샌드 베이지,1,2,-344
2026-09,northeast,MRD,2027,MRD-CO,2.0 가솔린,FWD,스노우 화이트,20,21,-4701
2026-09,northeast,MRD,2027,MRD-CO,2.0 가솔린,FWD,미드나잇 블랙,16,16,-3721
2026-09,northeast,MRD,2027,MRD-CO,2.0 가솔린,FWD,스틸 그레이,13,14,-3134
2026-09,northeast,MRD,2027,MRD-CO,2.0 가솔린,FWD,실버,11,11,-2546
2026-09,northeast,MRD,2027,MRD-CO,2.0 가솔린,FWD,오션 블루,8,9,-1959
2026-09,northeast,MRD,2027,MRD-CO,2.0 가솔린,FWD,선셋 레드,7,7,-1567
2026-09,northeast,MRD,2027,MRD-CO,2.0 가솔린,FWD,포레스트 그린,4,4,-979
2026-09,northeast,MRD,2027,MRD-CO,2.0 가솔린,FWD,샌드 베이지,4,4,-979
2026-09,northeast,MRD,2027,MRD-CO,1.6T 하이브리드,AWD,스노우 화이트,9,9,-2019
2026-09,northeast,MRD,2027,MRD-CO,1.6T 하이브리드,AWD,미드나잇 블랙,7,7,-1598
2026-09,northeast,MRD,2027,MRD-CO,1.6T 하이브리드,AWD,스틸 그레이,6,6,-1346
2026-09,northeast,MRD,2027,MRD-CO,1.6T 하이브리드,AWD,실버,5,5,-1093
2026-09,northeast,MRD,2027,MRD-CO,1.6T 하이브리드,AWD,오션 블루,4,4,-841
2026-09,northeast,MRD,2027,MRD-CO,1.6T 하이브리드,AWD,선셋 레드,3,3,-673
2026-09,northeast,MRD,2027,MRD-CO,1.6T 하이브리드,AWD,포레스트 그린,2,2,-421
2026-09,northeast,MRD,2027,MRD-CO,1.6T 하이브리드,AWD,샌드 베이지,2,2,-421
2026-09,northeast,MRD,2027,MRD-CO,1.6T 하이브리드,FWD,스노우 화이트,25,25,-5745
2026-09,northeast,MRD,2027,MRD-CO,1.6T 하이브리드,FWD,미드나잇 블랙,20,20,-4548
2026-09,northeast,MRD,2027,MRD-CO,1.6T 하이브리드,FWD,스틸 그레이,16,17,-3830
2026-09,northeast,MRD,2027,MRD-CO,1.6T 하이브리드,FWD,실버,13,14,-3112
2026-09,northeast,MRD,2027,MRD-CO,1.6T 하이브리드,FWD,오션 블루,10,10,-2394
2026-09,northeast,MRD,2027,MRD-CO,1.6T 하이브리드,FWD,선셋 레드,8,8,-1915
2026-09,northeast,MRD,2027,MRD-CO,1.6T 하이브리드,FWD,포레스트 그린,5,5,-1197
2026-09,northeast,MRD,2027,MRD-CO,1.6T 하이브리드,FWD,샌드 베이지,5,5,-1197
2026-09,northeast,MRD,2027,MRD-PR,2.0 가솔린,AWD,스노우 화이트,8,8,-162
2026-09,northeast,MRD,2027,MRD-PR,2.0 가솔린,AWD,미드나잇 블랙,6,7,-129
2026-09,northeast,MRD,2027,MRD-PR,2.0 가솔린,AWD,스틸 그레이,5,6,-108
2026-09,northeast,MRD,2027,MRD-PR,2.0 가솔린,AWD,실버,4,5,-88
2026-09,northeast,MRD,2027,MRD-PR,2.0 가솔린,AWD,오션 블루,3,3,-68
2026-09,northeast,MRD,2027,MRD-PR,2.0 가솔린,AWD,선셋 레드,3,3,-54
2026-09,northeast,MRD,2027,MRD-PR,2.0 가솔린,AWD,포레스트 그린,2,2,-34
2026-09,northeast,MRD,2027,MRD-PR,2.0 가솔린,AWD,샌드 베이지,2,2,-34
2026-09,northeast,MRD,2027,MRD-PR,2.0 가솔린,FWD,스노우 화이트,23,24,-462
2026-09,northeast,MRD,2027,MRD-PR,2.0 가솔린,FWD,미드나잇 블랙,18,19,-366
2026-09,northeast,MRD,2027,MRD-PR,2.0 가솔린,FWD,스틸 그레이,16,16,-308
2026-09,northeast,MRD,2027,MRD-PR,2.0 가솔린,FWD,실버,13,13,-250
2026-09,northeast,MRD,2027,MRD-PR,2.0 가솔린,FWD,오션 블루,10,10,-193
2026-09,northeast,MRD,2027,MRD-PR,2.0 가솔린,FWD,선셋 레드,8,8,-154
2026-09,northeast,MRD,2027,MRD-PR,2.0 가솔린,FWD,포레스트 그린,5,5,-96
2026-09,northeast,MRD,2027,MRD-PR,2.0 가솔린,FWD,샌드 베이지,5,5,-96
2026-09,northeast,MRD,2027,MRD-PR,1.6T 하이브리드,AWD,스노우 화이트,10,10,-198
2026-09,northeast,MRD,2027,MRD-PR,1.6T 하이브리드,AWD,미드나잇 블랙,8,8,-157
2026-09,northeast,MRD,2027,MRD-PR,1.6T 하이브리드,AWD,스틸 그레이,7,7,-132
2026-09,northeast,MRD,2027,MRD-PR,1.6T 하이브리드,AWD,실버,5,6,-108
2026-09,northeast,MRD,2027,MRD-PR,1.6T 하이브리드,AWD,오션 블루,4,4,-83
2026-09,northeast,MRD,2027,MRD-PR,1.6T 하이브리드,AWD,선셋 레드,3,3,-66
2026-09,northeast,MRD,2027,MRD-PR,1.6T 하이브리드,AWD,포레스트 그린,2,2,-41
2026-09,northeast,MRD,2027,MRD-PR,1.6T 하이브리드,AWD,샌드 베이지,2,2,-41
2026-09,northeast,MRD,2027,MRD-PR,1.6T 하이브리드,FWD,스노우 화이트,29,29,-565
2026-09,northeast,MRD,2027,MRD-PR,1.6T 하이브리드,FWD,미드나잇 블랙,23,23,-447
2026-09,northeast,MRD,2027,MRD-PR,1.6T 하이브리드,FWD,스틸 그레이,19,19,-377
2026-09,northeast,MRD,2027,MRD-PR,1.6T 하이브리드,FWD,실버,15,16,-306
2026-09,northeast,MRD,2027,MRD-PR,1.6T 하이브리드,FWD,오션 블루,12,12,-235
2026-09,northeast,MRD,2027,MRD-PR,1.6T 하이브리드,FWD,선셋 레드,10,10,-188
2026-09,northeast,MRD,2027,MRD-PR,1.6T 하이브리드,FWD,포레스트 그린,6,6,-118
2026-09,northeast,MRD,2027,MRD-PR,1.6T 하이브리드,FWD,샌드 베이지,6,6,-118
2026-09,northeast,MRD,2027,MRD-SP,2.0 가솔린,AWD,스노우 화이트,3,3,1186
2026-09,northeast,MRD,2027,MRD-SP,2.0 가솔린,AWD,미드나잇 블랙,3,3,939
2026-09,northeast,MRD,2027,MRD-SP,2.0 가솔린,AWD,스틸 그레이,2,2,791
2026-09,northeast,MRD,2027,MRD-SP,2.0 가솔린,AWD,실버,2,2,643
2026-09,northeast,MRD,2027,MRD-SP,2.0 가솔린,AWD,오션 블루,1,1,494
2026-09,northeast,MRD,2027,MRD-SP,2.0 가솔린,AWD,선셋 레드,1,1,395
2026-09,northeast,MRD,2027,MRD-SP,2.0 가솔린,AWD,포레스트 그린,1,1,247
2026-09,northeast,MRD,2027,MRD-SP,2.0 가솔린,AWD,샌드 베이지,1,1,247
2026-09,northeast,MRD,2027,MRD-SP,2.0 가솔린,FWD,스노우 화이트,10,10,3377
2026-09,northeast,MRD,2027,MRD-SP,2.0 가솔린,FWD,미드나잇 블랙,8,8,2673
2026-09,northeast,MRD,2027,MRD-SP,2.0 가솔린,FWD,스틸 그레이,6,6,2251
2026-09,northeast,MRD,2027,MRD-SP,2.0 가솔린,FWD,실버,5,5,1829
2026-09,northeast,MRD,2027,MRD-SP,2.0 가솔린,FWD,오션 블루,4,4,1407
2026-09,northeast,MRD,2027,MRD-SP,2.0 가솔린,FWD,선셋 레드,3,3,1126
2026-09,northeast,MRD,2027,MRD-SP,2.0 가솔린,FWD,포레스트 그린,2,2,703
2026-09,northeast,MRD,2027,MRD-SP,2.0 가솔린,FWD,샌드 베이지,2,2,703
2026-09,northeast,MRD,2027,MRD-SP,1.6T 하이브리드,AWD,스노우 화이트,4,4,1450
2026-09,northeast,MRD,2027,MRD-SP,1.6T 하이브리드,AWD,미드나잇 블랙,3,3,1148
2026-09,northeast,MRD,2027,MRD-SP,1.6T 하이브리드,AWD,스틸 그레이,3,3,967
2026-09,northeast,MRD,2027,MRD-SP,1.6T 하이브리드,AWD,실버,2,2,785
2026-09,northeast,MRD,2027,MRD-SP,1.6T 하이브리드,AWD,오션 블루,2,2,604
2026-09,northeast,MRD,2027,MRD-SP,1.6T 하이브리드,AWD,선셋 레드,1,1,483
2026-09,northeast,MRD,2027,MRD-SP,1.6T 하이브리드,AWD,포레스트 그린,1,1,302
2026-09,northeast,MRD,2027,MRD-SP,1.6T 하이브리드,AWD,샌드 베이지,1,1,302
2026-09,northeast,MRD,2027,MRD-SP,1.6T 하이브리드,FWD,스노우 화이트,12,12,4127
2026-09,northeast,MRD,2027,MRD-SP,1.6T 하이브리드,FWD,미드나잇 블랙,9,9,3267
2026-09,northeast,MRD,2027,MRD-SP,1.6T 하이브리드,FWD,스틸 그레이,8,8,2751
2026-09,northeast,MRD,2027,MRD-SP,1.6T 하이브리드,FWD,실버,6,6,2235
2026-09,northeast,MRD,2027,MRD-SP,1.6T 하이브리드,FWD,오션 블루,5,5,1720
2026-09,northeast,MRD,2027,MRD-SP,1.6T 하이브리드,FWD,선셋 레드,4,4,1376
2026-09,northeast,MRD,2027,MRD-SP,1.6T 하이브리드,FWD,포레스트 그린,2,2,860
2026-09,northeast,MRD,2027,MRD-SP,1.6T 하이브리드,FWD,샌드 베이지,2,2,860
2026-09,southeast,MRD,2026,MRD-CO,2.0 가솔린,AWD,스노우 화이트,7,8,-1715
2026-09,southeast,MRD,2026,MRD-CO,2.0 가솔린,AWD,미드나잇 블랙,6,6,-1358
2026-09,southeast,MRD,2026,MRD-CO,2.0 가솔린,AWD,스틸 그레이,5,5,-1143
2026-09,southeast,MRD,2026,MRD-CO,2.0 가솔린,AWD,실버,4,4,-929
2026-09,southeast,MRD,2026,MRD-CO,2.0 가솔린,AWD,오션 블루,3,3,-715
2026-09,southeast,MRD,2026,MRD-CO,2.0 가솔린,AWD,선셋 레드,2,3,-572
2026-09,southeast,MRD,2026,MRD-CO,2.0 가솔린,AWD,포레스트 그린,2,2,-357
2026-09,southeast,MRD,2026,MRD-CO,2.0 가솔린,AWD,샌드 베이지,2,2,-357
2026-09,southeast,MRD,2026,MRD-CO,2.0 가솔린,FWD,스노우 화이트,36,37,-8374
2026-09,southeast,MRD,2026,MRD-CO,2.0 가솔린,FWD,미드나잇 블랙,28,29,-6629
2026-09,southeast,MRD,2026,MRD-CO,2.0 가솔린,FWD,스틸 그레이,24,24,-5582
2026-09,southeast,MRD,2026,MRD-CO,2.0 가솔린,FWD,실버,19,20,-4536
2026-09,southeast,MRD,2026,MRD-CO,2.0 가솔린,FWD,오션 블루,15,15,-3489
2026-09,southeast,MRD,2026,MRD-CO,2.0 가솔린,FWD,선셋 레드,12,12,-2791
2026-09,southeast,MRD,2026,MRD-CO,2.0 가솔린,FWD,포레스트 그린,7,8,-1745
2026-09,southeast,MRD,2026,MRD-CO,2.0 가솔린,FWD,샌드 베이지,7,8,-1745
2026-09,southeast,MRD,2026,MRD-CO,1.6T 하이브리드,AWD,스노우 화이트,9,9,-2096
2026-09,southeast,MRD,2026,MRD-CO,1.6T 하이브리드,AWD,미드나잇 블랙,7,7,-1660
2026-09,southeast,MRD,2026,MRD-CO,1.6T 하이브리드,AWD,스틸 그레이,6,6,-1397
2026-09,southeast,MRD,2026,MRD-CO,1.6T 하이브리드,AWD,실버,5,5,-1135
2026-09,southeast,MRD,2026,MRD-CO,1.6T 하이브리드,AWD,오션 블루,4,4,-873
2026-09,southeast,MRD,2026,MRD-CO,1.6T 하이브리드,AWD,선셋 레드,3,3,-699
2026-09,southeast,MRD,2026,MRD-CO,1.6T 하이브리드,AWD,포레스트 그린,2,2,-437
2026-09,southeast,MRD,2026,MRD-CO,1.6T 하이브리드,AWD,샌드 베이지,2,2,-437
2026-09,southeast,MRD,2026,MRD-CO,1.6T 하이브리드,FWD,스노우 화이트,44,45,-10234
2026-09,southeast,MRD,2026,MRD-CO,1.6T 하이브리드,FWD,미드나잇 블랙,35,35,-8102
2026-09,southeast,MRD,2026,MRD-CO,1.6T 하이브리드,FWD,스틸 그레이,29,30,-6823
2026-09,southeast,MRD,2026,MRD-CO,1.6T 하이브리드,FWD,실버,24,24,-5544
2026-09,southeast,MRD,2026,MRD-CO,1.6T 하이브리드,FWD,오션 블루,18,19,-4264
2026-09,southeast,MRD,2026,MRD-CO,1.6T 하이브리드,FWD,선셋 레드,15,15,-3411
2026-09,southeast,MRD,2026,MRD-CO,1.6T 하이브리드,FWD,포레스트 그린,9,9,-2132
2026-09,southeast,MRD,2026,MRD-CO,1.6T 하이브리드,FWD,샌드 베이지,9,9,-2132
2026-09,southeast,MRD,2026,MRD-PR,2.0 가솔린,AWD,스노우 화이트,9,9,-169
2026-09,southeast,MRD,2026,MRD-PR,2.0 가솔린,AWD,미드나잇 블랙,7,7,-134
2026-09,southeast,MRD,2026,MRD-PR,2.0 가솔린,AWD,스틸 그레이,6,6,-112
2026-09,southeast,MRD,2026,MRD-PR,2.0 가솔린,AWD,실버,5,5,-91
2026-09,southeast,MRD,2026,MRD-PR,2.0 가솔린,AWD,오션 블루,4,4,-70
2026-09,southeast,MRD,2026,MRD-PR,2.0 가솔린,AWD,선셋 레드,3,3,-56
2026-09,southeast,MRD,2026,MRD-PR,2.0 가솔린,AWD,포레스트 그린,2,2,-35
2026-09,southeast,MRD,2026,MRD-PR,2.0 가솔린,AWD,샌드 베이지,2,2,-35
2026-09,southeast,MRD,2026,MRD-PR,2.0 가솔린,FWD,스노우 화이트,42,42,-823
2026-09,southeast,MRD,2026,MRD-PR,2.0 가솔린,FWD,미드나잇 블랙,33,34,-652
2026-09,southeast,MRD,2026,MRD-PR,2.0 가솔린,FWD,스틸 그레이,28,28,-549
2026-09,southeast,MRD,2026,MRD-PR,2.0 가솔린,FWD,실버,23,23,-446
2026-09,southeast,MRD,2026,MRD-PR,2.0 가솔린,FWD,오션 블루,17,18,-343
2026-09,southeast,MRD,2026,MRD-PR,2.0 가솔린,FWD,선셋 레드,14,14,-274
2026-09,southeast,MRD,2026,MRD-PR,2.0 가솔린,FWD,포레스트 그린,9,9,-172
2026-09,southeast,MRD,2026,MRD-PR,2.0 가솔린,FWD,샌드 베이지,9,9,-172
2026-09,southeast,MRD,2026,MRD-PR,1.6T 하이브리드,AWD,스노우 화이트,10,11,-206
2026-09,southeast,MRD,2026,MRD-PR,1.6T 하이브리드,AWD,미드나잇 블랙,8,8,-163
2026-09,southeast,MRD,2026,MRD-PR,1.6T 하이브리드,AWD,스틸 그레이,7,7,-137
2026-09,southeast,MRD,2026,MRD-PR,1.6T 하이브리드,AWD,실버,6,6,-112
2026-09,southeast,MRD,2026,MRD-PR,1.6T 하이브리드,AWD,오션 블루,4,4,-86
2026-09,southeast,MRD,2026,MRD-PR,1.6T 하이브리드,AWD,선셋 레드,3,4,-69
2026-09,southeast,MRD,2026,MRD-PR,1.6T 하이브리드,AWD,포레스트 그린,2,2,-43
2026-09,southeast,MRD,2026,MRD-PR,1.6T 하이브리드,AWD,샌드 베이지,2,2,-43
2026-09,southeast,MRD,2026,MRD-PR,1.6T 하이브리드,FWD,스노우 화이트,51,52,-1006
2026-09,southeast,MRD,2026,MRD-PR,1.6T 하이브리드,FWD,미드나잇 블랙,40,41,-797
2026-09,southeast,MRD,2026,MRD-PR,1.6T 하이브리드,FWD,스틸 그레이,34,35,-671
2026-09,southeast,MRD,2026,MRD-PR,1.6T 하이브리드,FWD,실버,28,28,-545
2026-09,southeast,MRD,2026,MRD-PR,1.6T 하이브리드,FWD,오션 블루,21,22,-419
2026-09,southeast,MRD,2026,MRD-PR,1.6T 하이브리드,FWD,선셋 레드,17,17,-335
2026-09,southeast,MRD,2026,MRD-PR,1.6T 하이브리드,FWD,포레스트 그린,11,11,-210
2026-09,southeast,MRD,2026,MRD-PR,1.6T 하이브리드,FWD,샌드 베이지,11,11,-210
2026-09,southeast,MRD,2026,MRD-SP,2.0 가솔린,AWD,스노우 화이트,3,4,1232
2026-09,southeast,MRD,2026,MRD-SP,2.0 가솔린,AWD,미드나잇 블랙,3,3,975
2026-09,southeast,MRD,2026,MRD-SP,2.0 가솔린,AWD,스틸 그레이,2,2,821
2026-09,southeast,MRD,2026,MRD-SP,2.0 가솔린,AWD,실버,2,2,667
2026-09,southeast,MRD,2026,MRD-SP,2.0 가솔린,AWD,오션 블루,1,1,513
2026-09,southeast,MRD,2026,MRD-SP,2.0 가솔린,AWD,선셋 레드,1,1,411
2026-09,southeast,MRD,2026,MRD-SP,2.0 가솔린,AWD,포레스트 그린,1,1,257
2026-09,southeast,MRD,2026,MRD-SP,2.0 가솔린,AWD,샌드 베이지,1,1,257
2026-09,southeast,MRD,2026,MRD-SP,2.0 가솔린,FWD,스노우 화이트,17,17,6015
2026-09,southeast,MRD,2026,MRD-SP,2.0 가솔린,FWD,미드나잇 블랙,13,14,4762
2026-09,southeast,MRD,2026,MRD-SP,2.0 가솔린,FWD,스틸 그레이,11,12,4010
2026-09,southeast,MRD,2026,MRD-SP,2.0 가솔린,FWD,실버,9,9,3258
2026-09,southeast,MRD,2026,MRD-SP,2.0 가솔린,FWD,오션 블루,7,7,2506
2026-09,southeast,MRD,2026,MRD-SP,2.0 가솔린,FWD,선셋 레드,6,6,2005
2026-09,southeast,MRD,2026,MRD-SP,2.0 가솔린,FWD,포레스트 그린,4,4,1253
2026-09,southeast,MRD,2026,MRD-SP,2.0 가솔린,FWD,샌드 베이지,4,4,1253
2026-09,southeast,MRD,2026,MRD-SP,1.6T 하이브리드,AWD,스노우 화이트,4,4,1506
2026-09,southeast,MRD,2026,MRD-SP,1.6T 하이브리드,AWD,미드나잇 블랙,3,3,1192
2026-09,southeast,MRD,2026,MRD-SP,1.6T 하이브리드,AWD,스틸 그레이,3,3,1004
2026-09,southeast,MRD,2026,MRD-SP,1.6T 하이브리드,AWD,실버,2,2,816
2026-09,southeast,MRD,2026,MRD-SP,1.6T 하이브리드,AWD,오션 블루,2,2,627
2026-09,southeast,MRD,2026,MRD-SP,1.6T 하이브리드,AWD,선셋 레드,1,1,502
2026-09,southeast,MRD,2026,MRD-SP,1.6T 하이브리드,AWD,포레스트 그린,1,1,314
2026-09,southeast,MRD,2026,MRD-SP,1.6T 하이브리드,AWD,샌드 베이지,1,1,314
2026-09,southeast,MRD,2026,MRD-SP,1.6T 하이브리드,FWD,스노우 화이트,21,21,7352
2026-09,southeast,MRD,2026,MRD-SP,1.6T 하이브리드,FWD,미드나잇 블랙,16,17,5820
2026-09,southeast,MRD,2026,MRD-SP,1.6T 하이브리드,FWD,스틸 그레이,14,14,4901
2026-09,southeast,MRD,2026,MRD-SP,1.6T 하이브리드,FWD,실버,11,11,3982
2026-09,southeast,MRD,2026,MRD-SP,1.6T 하이브리드,FWD,오션 블루,9,9,3063
2026-09,southeast,MRD,2026,MRD-SP,1.6T 하이브리드,FWD,선셋 레드,7,7,2451
2026-09,southeast,MRD,2026,MRD-SP,1.6T 하이브리드,FWD,포레스트 그린,4,4,1532
2026-09,southeast,MRD,2026,MRD-SP,1.6T 하이브리드,FWD,샌드 베이지,4,4,1532
2026-09,southeast,MRD,2027,MRD-CO,2.0 가솔린,AWD,스노우 화이트,5,5,-1143
2026-09,southeast,MRD,2027,MRD-CO,2.0 가솔린,AWD,미드나잇 블랙,4,4,-905
2026-09,southeast,MRD,2027,MRD-CO,2.0 가솔린,AWD,스틸 그레이,3,3,-762
2026-09,southeast,MRD,2027,MRD-CO,2.0 가솔린,AWD,실버,3,3,-619
2026-09,southeast,MRD,2027,MRD-CO,2.0 가솔린,AWD,오션 블루,2,2,-476
2026-09,southeast,MRD,2027,MRD-CO,2.0 가솔린,AWD,선셋 레드,2,2,-381
2026-09,southeast,MRD,2027,MRD-CO,2.0 가솔린,AWD,포레스트 그린,1,1,-238
2026-09,southeast,MRD,2027,MRD-CO,2.0 가솔린,AWD,샌드 베이지,1,1,-238
2026-09,southeast,MRD,2027,MRD-CO,2.0 가솔린,FWD,스노우 화이트,24,24,-5582
2026-09,southeast,MRD,2027,MRD-CO,2.0 가솔린,FWD,미드나잇 블랙,19,19,-4419
2026-09,southeast,MRD,2027,MRD-CO,2.0 가솔린,FWD,스틸 그레이,16,16,-3722
2026-09,southeast,MRD,2027,MRD-CO,2.0 가솔린,FWD,실버,13,13,-3024
2026-09,southeast,MRD,2027,MRD-CO,2.0 가솔린,FWD,오션 블루,10,10,-2326
2026-09,southeast,MRD,2027,MRD-CO,2.0 가솔린,FWD,선셋 레드,8,8,-1861
2026-09,southeast,MRD,2027,MRD-CO,2.0 가솔린,FWD,포레스트 그린,5,5,-1163
2026-09,southeast,MRD,2027,MRD-CO,2.0 가솔린,FWD,샌드 베이지,5,5,-1163
2026-09,southeast,MRD,2027,MRD-CO,1.6T 하이브리드,AWD,스노우 화이트,6,6,-1397
2026-09,southeast,MRD,2027,MRD-CO,1.6T 하이브리드,AWD,미드나잇 블랙,5,5,-1106
2026-09,southeast,MRD,2027,MRD-CO,1.6T 하이브리드,AWD,스틸 그레이,4,4,-932
2026-09,southeast,MRD,2027,MRD-CO,1.6T 하이브리드,AWD,실버,3,3,-757
2026-09,southeast,MRD,2027,MRD-CO,1.6T 하이브리드,AWD,오션 블루,2,3,-582
2026-09,southeast,MRD,2027,MRD-CO,1.6T 하이브리드,AWD,선셋 레드,2,2,-466
2026-09,southeast,MRD,2027,MRD-CO,1.6T 하이브리드,AWD,포레스트 그린,1,1,-291
2026-09,southeast,MRD,2027,MRD-CO,1.6T 하이브리드,AWD,샌드 베이지,1,1,-291
2026-09,southeast,MRD,2027,MRD-CO,1.6T 하이브리드,FWD,스노우 화이트,29,30,-6823
2026-09,southeast,MRD,2027,MRD-CO,1.6T 하이브리드,FWD,미드나잇 블랙,23,24,-5402
2026-09,southeast,MRD,2027,MRD-CO,1.6T 하이브리드,FWD,스틸 그레이,20,20,-4549
2026-09,southeast,MRD,2027,MRD-CO,1.6T 하이브리드,FWD,실버,16,16,-3696
2026-09,southeast,MRD,2027,MRD-CO,1.6T 하이브리드,FWD,오션 블루,12,12,-2843
2026-09,southeast,MRD,2027,MRD-CO,1.6T 하이브리드,FWD,선셋 레드,10,10,-2274
2026-09,southeast,MRD,2027,MRD-CO,1.6T 하이브리드,FWD,포레스트 그린,6,6,-1421
2026-09,southeast,MRD,2027,MRD-CO,1.6T 하이브리드,FWD,샌드 베이지,6,6,-1421
2026-09,southeast,MRD,2027,MRD-PR,2.0 가솔린,AWD,스노우 화이트,6,6,-112
2026-09,southeast,MRD,2027,MRD-PR,2.0 가솔린,AWD,미드나잇 블랙,4,5,-89
2026-09,southeast,MRD,2027,MRD-PR,2.0 가솔린,AWD,스틸 그레이,4,4,-75
2026-09,southeast,MRD,2027,MRD-PR,2.0 가솔린,AWD,실버,3,3,-61
2026-09,southeast,MRD,2027,MRD-PR,2.0 가솔린,AWD,오션 블루,2,2,-47
2026-09,southeast,MRD,2027,MRD-PR,2.0 가솔린,AWD,선셋 레드,2,2,-37
2026-09,southeast,MRD,2027,MRD-PR,2.0 가솔린,AWD,포레스트 그린,1,1,-23
2026-09,southeast,MRD,2027,MRD-PR,2.0 가솔린,AWD,샌드 베이지,1,1,-23
2026-09,southeast,MRD,2027,MRD-PR,2.0 가솔린,FWD,스노우 화이트,28,28,-549
2026-09,southeast,MRD,2027,MRD-PR,2.0 가솔린,FWD,미드나잇 블랙,22,22,-435
2026-09,southeast,MRD,2027,MRD-PR,2.0 가솔린,FWD,스틸 그레이,18,19,-366
2026-09,southeast,MRD,2027,MRD-PR,2.0 가솔린,FWD,실버,15,15,-297
2026-09,southeast,MRD,2027,MRD-PR,2.0 가솔린,FWD,오션 블루,12,12,-229
2026-09,southeast,MRD,2027,MRD-PR,2.0 가솔린,FWD,선셋 레드,9,9,-183
2026-09,southeast,MRD,2027,MRD-PR,2.0 가솔린,FWD,포레스트 그린,6,6,-114
2026-09,southeast,MRD,2027,MRD-PR,2.0 가솔린,FWD,샌드 베이지,6,6,-114
2026-09,southeast,MRD,2027,MRD-PR,1.6T 하이브리드,AWD,스노우 화이트,7,7,-137
2026-09,southeast,MRD,2027,MRD-PR,1.6T 하이브리드,AWD,미드나잇 블랙,5,6,-109
2026-09,southeast,MRD,2027,MRD-PR,1.6T 하이브리드,AWD,스틸 그레이,5,5,-92
2026-09,southeast,MRD,2027,MRD-PR,1.6T 하이브리드,AWD,실버,4,4,-74
2026-09,southeast,MRD,2027,MRD-PR,1.6T 하이브리드,AWD,오션 블루,3,3,-57
2026-09,southeast,MRD,2027,MRD-PR,1.6T 하이브리드,AWD,선셋 레드,2,2,-46
2026-09,southeast,MRD,2027,MRD-PR,1.6T 하이브리드,AWD,포레스트 그린,1,1,-29
2026-09,southeast,MRD,2027,MRD-PR,1.6T 하이브리드,AWD,샌드 베이지,1,1,-29
2026-09,southeast,MRD,2027,MRD-PR,1.6T 하이브리드,FWD,스노우 화이트,34,35,-671
2026-09,southeast,MRD,2027,MRD-PR,1.6T 하이브리드,FWD,미드나잇 블랙,27,27,-531
2026-09,southeast,MRD,2027,MRD-PR,1.6T 하이브리드,FWD,스틸 그레이,23,23,-447
2026-09,southeast,MRD,2027,MRD-PR,1.6T 하이브리드,FWD,실버,18,19,-363
2026-09,southeast,MRD,2027,MRD-PR,1.6T 하이브리드,FWD,오션 블루,14,14,-280
2026-09,southeast,MRD,2027,MRD-PR,1.6T 하이브리드,FWD,선셋 레드,11,12,-224
2026-09,southeast,MRD,2027,MRD-PR,1.6T 하이브리드,FWD,포레스트 그린,7,7,-140
2026-09,southeast,MRD,2027,MRD-PR,1.6T 하이브리드,FWD,샌드 베이지,7,7,-140
2026-09,southeast,MRD,2027,MRD-SP,2.0 가솔린,AWD,스노우 화이트,2,2,821
2026-09,southeast,MRD,2027,MRD-SP,2.0 가솔린,AWD,미드나잇 블랙,2,2,650
2026-09,southeast,MRD,2027,MRD-SP,2.0 가솔린,AWD,스틸 그레이,2,2,548
2026-09,southeast,MRD,2027,MRD-SP,2.0 가솔린,AWD,실버,1,1,445
2026-09,southeast,MRD,2027,MRD-SP,2.0 가솔린,AWD,오션 블루,1,1,342
2026-09,southeast,MRD,2027,MRD-SP,2.0 가솔린,AWD,선셋 레드,1,1,274
2026-09,southeast,MRD,2027,MRD-SP,2.0 가솔린,FWD,스노우 화이트,11,12,4010
2026-09,southeast,MRD,2027,MRD-SP,2.0 가솔린,FWD,미드나잇 블랙,9,9,3175
2026-09,southeast,MRD,2027,MRD-SP,2.0 가솔린,FWD,스틸 그레이,8,8,2673
2026-09,southeast,MRD,2027,MRD-SP,2.0 가솔린,FWD,실버,6,6,2172
2026-09,southeast,MRD,2027,MRD-SP,2.0 가솔린,FWD,오션 블루,5,5,1671
2026-09,southeast,MRD,2027,MRD-SP,2.0 가솔린,FWD,선셋 레드,4,4,1337
2026-09,southeast,MRD,2027,MRD-SP,2.0 가솔린,FWD,포레스트 그린,2,2,835
2026-09,southeast,MRD,2027,MRD-SP,2.0 가솔린,FWD,샌드 베이지,2,2,835
2026-09,southeast,MRD,2027,MRD-SP,1.6T 하이브리드,AWD,스노우 화이트,3,3,1004
2026-09,southeast,MRD,2027,MRD-SP,1.6T 하이브리드,AWD,미드나잇 블랙,2,2,795
2026-09,southeast,MRD,2027,MRD-SP,1.6T 하이브리드,AWD,스틸 그레이,2,2,669
2026-09,southeast,MRD,2027,MRD-SP,1.6T 하이브리드,AWD,실버,2,2,544
2026-09,southeast,MRD,2027,MRD-SP,1.6T 하이브리드,AWD,오션 블루,1,1,418
2026-09,southeast,MRD,2027,MRD-SP,1.6T 하이브리드,AWD,선셋 레드,1,1,335
2026-09,southeast,MRD,2027,MRD-SP,1.6T 하이브리드,AWD,포레스트 그린,1,1,209
2026-09,southeast,MRD,2027,MRD-SP,1.6T 하이브리드,AWD,샌드 베이지,1,1,209
2026-09,southeast,MRD,2027,MRD-SP,1.6T 하이브리드,FWD,스노우 화이트,14,14,4901
2026-09,southeast,MRD,2027,MRD-SP,1.6T 하이브리드,FWD,미드나잇 블랙,11,11,3880
2026-09,southeast,MRD,2027,MRD-SP,1.6T 하이브리드,FWD,스틸 그레이,9,9,3267
2026-09,southeast,MRD,2027,MRD-SP,1.6T 하이브리드,FWD,실버,8,8,2655
2026-09,southeast,MRD,2027,MRD-SP,1.6T 하이브리드,FWD,오션 블루,6,6,2042
2026-09,southeast,MRD,2027,MRD-SP,1.6T 하이브리드,FWD,선셋 레드,5,5,1634
2026-09,southeast,MRD,2027,MRD-SP,1.6T 하이브리드,FWD,포레스트 그린,3,3,1021
2026-09,southeast,MRD,2027,MRD-SP,1.6T 하이브리드,FWD,샌드 베이지,3,3,1021
2026-09,west,NOV,2026,NOV-CO,3.5 가솔린,AWD,스노우 화이트,18,18,1293
2026-09,west,NOV,2026,NOV-CO,3.5 가솔린,AWD,미드나잇 블랙,14,14,1023
2026-09,west,NOV,2026,NOV-CO,3.5 가솔린,AWD,스틸 그레이,12,12,862
2026-09,west,NOV,2026,NOV-CO,3.5 가솔린,AWD,실버,10,10,700
2026-09,west,NOV,2026,NOV-CO,3.5 가솔린,AWD,오션 블루,7,8,539
2026-09,west,NOV,2026,NOV-CO,3.5 가솔린,AWD,선셋 레드,6,6,431
2026-09,west,NOV,2026,NOV-CO,3.5 가솔린,AWD,포레스트 그린,4,4,269
2026-09,west,NOV,2026,NOV-CO,3.5 가솔린,AWD,샌드 베이지,4,4,269
2026-09,west,NOV,2026,NOV-CO,3.5 가솔린,FWD,스노우 화이트,33,34,2401
2026-09,west,NOV,2026,NOV-CO,3.5 가솔린,FWD,미드나잇 블랙,26,27,1901
2026-09,west,NOV,2026,NOV-CO,3.5 가솔린,FWD,스틸 그레이,22,22,1601
2026-09,west,NOV,2026,NOV-CO,3.5 가솔린,FWD,실버,18,18,1301
2026-09,west,NOV,2026,NOV-CO,3.5 가솔린,FWD,오션 블루,14,14,1000
2026-09,west,NOV,2026,NOV-CO,3.5 가솔린,FWD,선셋 레드,11,11,800
2026-09,west,NOV,2026,NOV-CO,3.5 가솔린,FWD,포레스트 그린,7,7,500
2026-09,west,NOV,2026,NOV-CO,3.5 가솔린,FWD,샌드 베이지,7,7,500
2026-09,west,NOV,2026,NOV-CO,1.6T 하이브리드,AWD,스노우 화이트,22,22,1580
2026-09,west,NOV,2026,NOV-CO,1.6T 하이브리드,AWD,미드나잇 블랙,17,18,1251
2026-09,west,NOV,2026,NOV-CO,1.6T 하이브리드,AWD,스틸 그레이,14,15,1053
2026-09,west,NOV,2026,NOV-CO,1.6T 하이브리드,AWD,실버,12,12,856
2026-09,west,NOV,2026,NOV-CO,1.6T 하이브리드,AWD,오션 블루,9,9,658
2026-09,west,NOV,2026,NOV-CO,1.6T 하이브리드,AWD,선셋 레드,7,7,527
2026-09,west,NOV,2026,NOV-CO,1.6T 하이브리드,AWD,포레스트 그린,5,5,329
2026-09,west,NOV,2026,NOV-CO,1.6T 하이브리드,AWD,샌드 베이지,5,5,329
2026-09,west,NOV,2026,NOV-CO,1.6T 하이브리드,FWD,스노우 화이트,40,41,2934
2026-09,west,NOV,2026,NOV-CO,1.6T 하이브리드,FWD,미드나잇 블랙,32,33,2323
2026-09,west,NOV,2026,NOV-CO,1.6T 하이브리드,FWD,스틸 그레이,27,27,1956
2026-09,west,NOV,2026,NOV-CO,1.6T 하이브리드,FWD,실버,22,22,1590
2026-09,west,NOV,2026,NOV-CO,1.6T 하이브리드,FWD,오션 블루,17,17,1223
2026-09,west,NOV,2026,NOV-CO,1.6T 하이브리드,FWD,선셋 레드,13,14,978
2026-09,west,NOV,2026,NOV-CO,1.6T 하이브리드,FWD,포레스트 그린,8,9,611
2026-09,west,NOV,2026,NOV-CO,1.6T 하이브리드,FWD,샌드 베이지,8,9,611
2026-09,west,NOV,2026,NOV-PR,3.5 가솔린,AWD,스노우 화이트,21,21,7915
2026-09,west,NOV,2026,NOV-PR,3.5 가솔린,AWD,미드나잇 블랙,16,17,6266
2026-09,west,NOV,2026,NOV-PR,3.5 가솔린,AWD,스틸 그레이,14,14,5276
2026-09,west,NOV,2026,NOV-PR,3.5 가솔린,AWD,실버,11,11,4287
2026-09,west,NOV,2026,NOV-PR,3.5 가솔린,AWD,오션 블루,9,9,3298
2026-09,west,NOV,2026,NOV-PR,3.5 가솔린,AWD,선셋 레드,7,7,2638
2026-09,west,NOV,2026,NOV-PR,3.5 가솔린,AWD,포레스트 그린,4,4,1649
2026-09,west,NOV,2026,NOV-PR,3.5 가솔린,AWD,샌드 베이지,4,4,1649
2026-09,west,NOV,2026,NOV-PR,3.5 가솔린,FWD,스노우 화이트,38,39,14698
2026-09,west,NOV,2026,NOV-PR,3.5 가솔린,FWD,미드나잇 블랙,30,31,11636
2026-09,west,NOV,2026,NOV-PR,3.5 가솔린,FWD,스틸 그레이,25,26,9799
2026-09,west,NOV,2026,NOV-PR,3.5 가솔린,FWD,실버,21,21,7962
2026-09,west,NOV,2026,NOV-PR,3.5 가솔린,FWD,오션 블루,16,16,6124
2026-09,west,NOV,2026,NOV-PR,3.5 가솔린,FWD,선셋 레드,13,13,4899
2026-09,west,NOV,2026,NOV-PR,3.5 가솔린,FWD,포레스트 그린,8,8,3062
2026-09,west,NOV,2026,NOV-PR,3.5 가솔린,FWD,샌드 베이지,8,8,3062
2026-09,west,NOV,2026,NOV-PR,1.6T 하이브리드,AWD,스노우 화이트,25,26,9673
2026-09,west,NOV,2026,NOV-PR,1.6T 하이브리드,AWD,미드나잇 블랙,20,20,7658
2026-09,west,NOV,2026,NOV-PR,1.6T 하이브리드,AWD,스틸 그레이,17,17,6449
2026-09,west,NOV,2026,NOV-PR,1.6T 하이브리드,AWD,실버,14,14,5240
2026-09,west,NOV,2026,NOV-PR,1.6T 하이브리드,AWD,오션 블루,10,11,4031
2026-09,west,NOV,2026,NOV-PR,1.6T 하이브리드,AWD,선셋 레드,8,9,3224
2026-09,west,NOV,2026,NOV-PR,1.6T 하이브리드,AWD,포레스트 그린,5,5,2015
2026-09,west,NOV,2026,NOV-PR,1.6T 하이브리드,AWD,샌드 베이지,5,5,2015
2026-09,west,NOV,2026,NOV-PR,1.6T 하이브리드,FWD,스노우 화이트,47,48,17965
2026-09,west,NOV,2026,NOV-PR,1.6T 하이브리드,FWD,미드나잇 블랙,37,38,14222
2026-09,west,NOV,2026,NOV-PR,1.6T 하이브리드,FWD,스틸 그레이,31,32,11976
2026-09,west,NOV,2026,NOV-PR,1.6T 하이브리드,FWD,실버,25,26,9731
2026-09,west,NOV,2026,NOV-PR,1.6T 하이브리드,FWD,오션 블루,19,20,7485
2026-09,west,NOV,2026,NOV-PR,1.6T 하이브리드,FWD,선셋 레드,16,16,5988
2026-09,west,NOV,2026,NOV-PR,1.6T 하이브리드,FWD,포레스트 그린,10,10,3743
2026-09,west,NOV,2026,NOV-PR,1.6T 하이브리드,FWD,샌드 베이지,10,10,3743
2026-09,west,NOV,2026,NOV-LO,3.5 가솔린,AWD,스노우 화이트,8,9,7832
2026-09,west,NOV,2026,NOV-LO,3.5 가솔린,AWD,미드나잇 블랙,7,7,6200
2026-09,west,NOV,2026,NOV-LO,3.5 가솔린,AWD,스틸 그레이,6,6,5221
2026-09,west,NOV,2026,NOV-LO,3.5 가솔린,AWD,실버,5,5,4242
2026-09,west,NOV,2026,NOV-LO,3.5 가솔린,AWD,오션 블루,4,4,3263
2026-09,west,NOV,2026,NOV-LO,3.5 가솔린,AWD,선셋 레드,3,3,2611
2026-09,west,NOV,2026,NOV-LO,3.5 가솔린,AWD,포레스트 그린,2,2,1632
2026-09,west,NOV,2026,NOV-LO,3.5 가솔린,AWD,샌드 베이지,2,2,1632
2026-09,west,NOV,2026,NOV-LO,3.5 가솔린,FWD,스노우 화이트,16,16,14545
2026-09,west,NOV,2026,NOV-LO,3.5 가솔린,FWD,미드나잇 블랙,12,13,11515
2026-09,west,NOV,2026,NOV-LO,3.5 가솔린,FWD,스틸 그레이,10,11,9697
2026-09,west,NOV,2026,NOV-LO,3.5 가솔린,FWD,실버,8,9,7879
2026-09,west,NOV,2026,NOV-LO,3.5 가솔린,FWD,오션 블루,7,7,6061
2026-09,west,NOV,2026,NOV-LO,3.5 가솔린,FWD,선셋 레드,5,5,4848
2026-09,west,NOV,2026,NOV-LO,3.5 가솔린,FWD,포레스트 그린,3,3,3030
2026-09,west,NOV,2026,NOV-LO,3.5 가솔린,FWD,샌드 베이지,3,3,3030
2026-09,west,NOV,2026,NOV-LO,1.6T 하이브리드,AWD,스노우 화이트,10,11,9573
2026-09,west,NOV,2026,NOV-LO,1.6T 하이브리드,AWD,미드나잇 블랙,8,8,7578
2026-09,west,NOV,2026,NOV-LO,1.6T 하이브리드,AWD,스틸 그레이,7,7,6382
2026-09,west,NOV,2026,NOV-LO,1.6T 하이브리드,AWD,실버,6,6,5185
2026-09,west,NOV,2026,NOV-LO,1.6T 하이브리드,AWD,오션 블루,4,4,3989
2026-09,west,NOV,2026,NOV-LO,1.6T 하이브리드,AWD,선셋 레드,3,4,3191
2026-09,west,NOV,2026,NOV-LO,1.6T 하이브리드,AWD,포레스트 그린,2,2,1994
2026-09,west,NOV,2026,NOV-LO,1.6T 하이브리드,AWD,샌드 베이지,2,2,1994
2026-09,west,NOV,2026,NOV-LO,1.6T 하이브리드,FWD,스노우 화이트,19,20,17778
2026-09,west,NOV,2026,NOV-LO,1.6T 하이브리드,FWD,미드나잇 블랙,15,15,14074
2026-09,west,NOV,2026,NOV-LO,1.6T 하이브리드,FWD,스틸 그레이,13,13,11852
2026-09,west,NOV,2026,NOV-LO,1.6T 하이브리드,FWD,실버,10,11,9630
2026-09,west,NOV,2026,NOV-LO,1.6T 하이브리드,FWD,오션 블루,8,8,7407
2026-09,west,NOV,2026,NOV-LO,1.6T 하이브리드,FWD,선셋 레드,6,7,5926
2026-09,west,NOV,2026,NOV-LO,1.6T 하이브리드,FWD,포레스트 그린,4,4,3704
2026-09,west,NOV,2026,NOV-LO,1.6T 하이브리드,FWD,샌드 베이지,4,4,3704
2026-09,west,NOV,2027,NOV-CO,3.5 가솔린,AWD,스노우 화이트,12,12,862
2026-09,west,NOV,2027,NOV-CO,3.5 가솔린,AWD,미드나잇 블랙,9,10,682
2026-09,west,NOV,2027,NOV-CO,3.5 가솔린,AWD,스틸 그레이,8,8,575
2026-09,west,NOV,2027,NOV-CO,3.5 가솔린,AWD,실버,6,7,467
2026-09,west,NOV,2027,NOV-CO,3.5 가솔린,AWD,오션 블루,5,5,359
2026-09,west,NOV,2027,NOV-CO,3.5 가솔린,AWD,선셋 레드,4,4,287
2026-09,west,NOV,2027,NOV-CO,3.5 가솔린,AWD,포레스트 그린,2,3,180
2026-09,west,NOV,2027,NOV-CO,3.5 가솔린,AWD,샌드 베이지,2,3,180
2026-09,west,NOV,2027,NOV-CO,3.5 가솔린,FWD,스노우 화이트,22,22,1601
2026-09,west,NOV,2027,NOV-CO,3.5 가솔린,FWD,미드나잇 블랙,17,18,1267
2026-09,west,NOV,2027,NOV-CO,3.5 가솔린,FWD,스틸 그레이,15,15,1067
2026-09,west,NOV,2027,NOV-CO,3.5 가솔린,FWD,실버,12,12,867
2026-09,west,NOV,2027,NOV-CO,3.5 가솔린,FWD,오션 블루,9,9,667
2026-09,west,NOV,2027,NOV-CO,3.5 가솔린,FWD,선셋 레드,7,7,534
2026-09,west,NOV,2027,NOV-CO,3.5 가솔린,FWD,포레스트 그린,5,5,333
2026-09,west,NOV,2027,NOV-CO,3.5 가솔린,FWD,샌드 베이지,5,5,333
2026-09,west,NOV,2027,NOV-CO,1.6T 하이브리드,AWD,스노우 화이트,14,15,1053
2026-09,west,NOV,2027,NOV-CO,1.6T 하이브리드,AWD,미드나잇 블랙,11,12,834
2026-09,west,NOV,2027,NOV-CO,1.6T 하이브리드,AWD,스틸 그레이,10,10,702
2026-09,west,NOV,2027,NOV-CO,1.6T 하이브리드,AWD,실버,8,8,571
2026-09,west,NOV,2027,NOV-CO,1.6T 하이브리드,AWD,오션 블루,6,6,439
2026-09,west,NOV,2027,NOV-CO,1.6T 하이브리드,AWD,선셋 레드,5,5,351
2026-09,west,NOV,2027,NOV-CO,1.6T 하이브리드,AWD,포레스트 그린,3,3,219
2026-09,west,NOV,2027,NOV-CO,1.6T 하이브리드,AWD,샌드 베이지,3,3,219
2026-09,west,NOV,2027,NOV-CO,1.6T 하이브리드,FWD,스노우 화이트,27,27,1956
2026-09,west,NOV,2027,NOV-CO,1.6T 하이브리드,FWD,미드나잇 블랙,21,22,1549
2026-09,west,NOV,2027,NOV-CO,1.6T 하이브리드,FWD,스틸 그레이,18,18,1304
2026-09,west,NOV,2027,NOV-CO,1.6T 하이브리드,FWD,실버,15,15,1060
2026-09,west,NOV,2027,NOV-CO,1.6T 하이브리드,FWD,오션 블루,11,11,815
2026-09,west,NOV,2027,NOV-CO,1.6T 하이브리드,FWD,선셋 레드,9,9,652
2026-09,west,NOV,2027,NOV-CO,1.6T 하이브리드,FWD,포레스트 그린,6,6,408
2026-09,west,NOV,2027,NOV-CO,1.6T 하이브리드,FWD,샌드 베이지,6,6,408
2026-09,west,NOV,2027,NOV-PR,3.5 가솔린,AWD,스노우 화이트,14,14,5276
2026-09,west,NOV,2027,NOV-PR,3.5 가솔린,AWD,미드나잇 블랙,11,11,4177
2026-09,west,NOV,2027,NOV-PR,3.5 가솔린,AWD,스틸 그레이,9,9,3518
2026-09,west,NOV,2027,NOV-PR,3.5 가솔린,AWD,실버,7,8,2858
2026-09,west,NOV,2027,NOV-PR,3.5 가솔린,AWD,오션 블루,6,6,2198
2026-09,west,NOV,2027,NOV-PR,3.5 가솔린,AWD,선셋 레드,5,5,1759
2026-09,west,NOV,2027,NOV-PR,3.5 가솔린,AWD,포레스트 그린,3,3,1099
2026-09,west,NOV,2027,NOV-PR,3.5 가솔린,AWD,샌드 베이지,3,3,1099
2026-09,west,NOV,2027,NOV-PR,3.5 가솔린,FWD,스노우 화이트,25,26,9799
2026-09,west,NOV,2027,NOV-PR,3.5 가솔린,FWD,미드나잇 블랙,20,21,7757
2026-09,west,NOV,2027,NOV-PR,3.5 가솔린,FWD,스틸 그레이,17,17,6533
2026-09,west,NOV,2027,NOV-PR,3.5 가솔린,FWD,실버,14,14,5308
2026-09,west,NOV,2027,NOV-PR,3.5 가솔린,FWD,오션 블루,11,11,4083
2026-09,west,NOV,2027,NOV-PR,3.5 가솔린,FWD,선셋 레드,8,9,3266
2026-09,west,NOV,2027,NOV-PR,3.5 가솔린,FWD,포레스트 그린,5,5,2041
2026-09,west,NOV,2027,NOV-PR,3.5 가솔린,FWD,샌드 베이지,5,5,2041
2026-09,west,NOV,2027,NOV-PR,1.6T 하이브리드,AWD,스노우 화이트,17,17,6449
2026-09,west,NOV,2027,NOV-PR,1.6T 하이브리드,AWD,미드나잇 블랙,13,14,5105
2026-09,west,NOV,2027,NOV-PR,1.6T 하이브리드,AWD,스틸 그레이,11,11,4299
2026-09,west,NOV,2027,NOV-PR,1.6T 하이브리드,AWD,실버,9,9,3493
2026-09,west,NOV,2027,NOV-PR,1.6T 하이브리드,AWD,오션 블루,7,7,2687
2026-09,west,NOV,2027,NOV-PR,1.6T 하이브리드,AWD,선셋 레드,6,6,2150
2026-09,west,NOV,2027,NOV-PR,1.6T 하이브리드,AWD,포레스트 그린,3,4,1344
2026-09,west,NOV,2027,NOV-PR,1.6T 하이브리드,AWD,샌드 베이지,3,4,1344
2026-09,west,NOV,2027,NOV-PR,1.6T 하이브리드,FWD,스노우 화이트,31,32,11976
2026-09,west,NOV,2027,NOV-PR,1.6T 하이브리드,FWD,미드나잇 블랙,25,25,9481
2026-09,west,NOV,2027,NOV-PR,1.6T 하이브리드,FWD,스틸 그레이,21,21,7984
2026-09,west,NOV,2027,NOV-PR,1.6T 하이브리드,FWD,실버,17,17,6487
2026-09,west,NOV,2027,NOV-PR,1.6T 하이브리드,FWD,오션 블루,13,13,4990
2026-09,west,NOV,2027,NOV-PR,1.6T 하이브리드,FWD,선셋 레드,10,11,3992
2026-09,west,NOV,2027,NOV-PR,1.6T 하이브리드,FWD,포레스트 그린,6,7,2495
2026-09,west,NOV,2027,NOV-PR,1.6T 하이브리드,FWD,샌드 베이지,6,7,2495
2026-09,west,NOV,2027,NOV-LO,3.5 가솔린,AWD,스노우 화이트,6,6,5221
2026-09,west,NOV,2027,NOV-LO,3.5 가솔린,AWD,미드나잇 블랙,4,5,4134
2026-09,west,NOV,2027,NOV-LO,3.5 가솔린,AWD,스틸 그레이,4,4,3481
2026-09,west,NOV,2027,NOV-LO,3.5 가솔린,AWD,실버,3,3,2828
2026-09,west,NOV,2027,NOV-LO,3.5 가솔린,AWD,오션 블루,2,2,2176
2026-09,west,NOV,2027,NOV-LO,3.5 가솔린,AWD,선셋 레드,2,2,1740
2026-09,west,NOV,2027,NOV-LO,3.5 가솔린,AWD,포레스트 그린,1,1,1088
2026-09,west,NOV,2027,NOV-LO,3.5 가솔린,AWD,샌드 베이지,1,1,1088
2026-09,west,NOV,2027,NOV-LO,3.5 가솔린,FWD,스노우 화이트,10,11,9697
2026-09,west,NOV,2027,NOV-LO,3.5 가솔린,FWD,미드나잇 블랙,8,8,7677
2026-09,west,NOV,2027,NOV-LO,3.5 가솔린,FWD,스틸 그레이,7,7,6465
2026-09,west,NOV,2027,NOV-LO,3.5 가솔린,FWD,실버,6,6,5253
2026-09,west,NOV,2027,NOV-LO,3.5 가솔린,FWD,오션 블루,4,4,4040
2026-09,west,NOV,2027,NOV-LO,3.5 가솔린,FWD,선셋 레드,3,4,3232
2026-09,west,NOV,2027,NOV-LO,3.5 가솔린,FWD,포레스트 그린,2,2,2020
2026-09,west,NOV,2027,NOV-LO,3.5 가솔린,FWD,샌드 베이지,2,2,2020
2026-09,west,NOV,2027,NOV-LO,1.6T 하이브리드,AWD,스노우 화이트,7,7,6382
2026-09,west,NOV,2027,NOV-LO,1.6T 하이브리드,AWD,미드나잇 블랙,5,6,5052
2026-09,west,NOV,2027,NOV-LO,1.6T 하이브리드,AWD,스틸 그레이,5,5,4254
2026-09,west,NOV,2027,NOV-LO,1.6T 하이브리드,AWD,실버,4,4,3457
2026-09,west,NOV,2027,NOV-LO,1.6T 하이브리드,AWD,오션 블루,3,3,2659
2026-09,west,NOV,2027,NOV-LO,1.6T 하이브리드,AWD,선셋 레드,2,2,2127
2026-09,west,NOV,2027,NOV-LO,1.6T 하이브리드,AWD,포레스트 그린,1,1,1330
2026-09,west,NOV,2027,NOV-LO,1.6T 하이브리드,AWD,샌드 베이지,1,1,1330
2026-09,west,NOV,2027,NOV-LO,1.6T 하이브리드,FWD,스노우 화이트,13,13,11852
2026-09,west,NOV,2027,NOV-LO,1.6T 하이브리드,FWD,미드나잇 블랙,10,10,9383
2026-09,west,NOV,2027,NOV-LO,1.6T 하이브리드,FWD,스틸 그레이,8,9,7901
2026-09,west,NOV,2027,NOV-LO,1.6T 하이브리드,FWD,실버,7,7,6420
2026-09,west,NOV,2027,NOV-LO,1.6T 하이브리드,FWD,오션 블루,5,5,4938
2026-09,west,NOV,2027,NOV-LO,1.6T 하이브리드,FWD,선셋 레드,4,4,3951
2026-09,west,NOV,2027,NOV-LO,1.6T 하이브리드,FWD,포레스트 그린,3,3,2469
2026-09,west,NOV,2027,NOV-LO,1.6T 하이브리드,FWD,샌드 베이지,3,3,2469
2026-09,central,NOV,2026,NOV-CO,3.5 가솔린,AWD,스노우 화이트,13,14,972
2026-09,central,NOV,2026,NOV-CO,3.5 가솔린,AWD,미드나잇 블랙,11,11,770
2026-09,central,NOV,2026,NOV-CO,3.5 가솔린,AWD,스틸 그레이,9,9,648
2026-09,central,NOV,2026,NOV-CO,3.5 가솔린,AWD,실버,7,7,527
2026-09,central,NOV,2026,NOV-CO,3.5 가솔린,AWD,오션 블루,6,6,405
2026-09,central,NOV,2026,NOV-CO,3.5 가솔린,AWD,선셋 레드,4,5,324
2026-09,central,NOV,2026,NOV-CO,3.5 가솔린,AWD,포레스트 그린,3,3,203
2026-09,central,NOV,2026,NOV-CO,3.5 가솔린,AWD,샌드 베이지,3,3,203
2026-09,central,NOV,2026,NOV-CO,3.5 가솔린,FWD,스노우 화이트,20,20,1443
2026-09,central,NOV,2026,NOV-CO,3.5 가솔린,FWD,미드나잇 블랙,16,16,1142
2026-09,central,NOV,2026,NOV-CO,3.5 가솔린,FWD,스틸 그레이,13,13,962
2026-09,central,NOV,2026,NOV-CO,3.5 가솔린,FWD,실버,11,11,782
2026-09,central,NOV,2026,NOV-CO,3.5 가솔린,FWD,오션 블루,8,8,601
2026-09,central,NOV,2026,NOV-CO,3.5 가솔린,FWD,선셋 레드,7,7,481
2026-09,central,NOV,2026,NOV-CO,3.5 가솔린,FWD,포레스트 그린,4,4,301
2026-09,central,NOV,2026,NOV-CO,3.5 가솔린,FWD,샌드 베이지,4,4,301
2026-09,central,NOV,2026,NOV-CO,1.6T 하이브리드,AWD,스노우 화이트,16,17,1188
2026-09,central,NOV,2026,NOV-CO,1.6T 하이브리드,AWD,미드나잇 블랙,13,13,941
2026-09,central,NOV,2026,NOV-CO,1.6T 하이브리드,AWD,스틸 그레이,11,11,792
2026-09,central,NOV,2026,NOV-CO,1.6T 하이브리드,AWD,실버,9,9,644
2026-09,central,NOV,2026,NOV-CO,1.6T 하이브리드,AWD,오션 블루,7,7,495
2026-09,central,NOV,2026,NOV-CO,1.6T 하이브리드,AWD,선셋 레드,5,6,396
2026-09,central,NOV,2026,NOV-CO,1.6T 하이브리드,AWD,포레스트 그린,3,3,248
2026-09,central,NOV,2026,NOV-CO,1.6T 하이브리드,AWD,샌드 베이지,3,3,248
2026-09,central,NOV,2026,NOV-CO,1.6T 하이브리드,FWD,스노우 화이트,24,25,1764
2026-09,central,NOV,2026,NOV-CO,1.6T 하이브리드,FWD,미드나잇 블랙,19,20,1396
2026-09,central,NOV,2026,NOV-CO,1.6T 하이브리드,FWD,스틸 그레이,16,16,1176
2026-09,central,NOV,2026,NOV-CO,1.6T 하이브리드,FWD,실버,13,13,955
2026-09,central,NOV,2026,NOV-CO,1.6T 하이브리드,FWD,오션 블루,10,10,735
2026-09,central,NOV,2026,NOV-CO,1.6T 하이브리드,FWD,선셋 레드,8,8,588
2026-09,central,NOV,2026,NOV-CO,1.6T 하이브리드,FWD,포레스트 그린,5,5,367
2026-09,central,NOV,2026,NOV-CO,1.6T 하이브리드,FWD,샌드 베이지,5,5,367
2026-09,central,NOV,2026,NOV-PR,3.5 가솔린,AWD,스노우 화이트,15,16,5951
2026-09,central,NOV,2026,NOV-PR,3.5 가솔린,AWD,미드나잇 블랙,12,13,4711
2026-09,central,NOV,2026,NOV-PR,3.5 가솔린,AWD,스틸 그레이,10,11,3967
2026-09,central,NOV,2026,NOV-PR,3.5 가솔린,AWD,실버,8,9,3224
2026-09,central,NOV,2026,NOV-PR,3.5 가솔린,AWD,오션 블루,6,7,2480
2026-09,central,NOV,2026,NOV-PR,3.5 가솔린,AWD,선셋 레드,5,5,1984
2026-09,central,NOV,2026,NOV-PR,3.5 가솔린,AWD,포레스트 그린,3,3,1240
2026-09,central,NOV,2026,NOV-PR,3.5 가솔린,AWD,샌드 베이지,3,3,1240
2026-09,central,NOV,2026,NOV-PR,3.5 가솔린,FWD,스노우 화이트,23,23,8834
2026-09,central,NOV,2026,NOV-PR,3.5 가솔린,FWD,미드나잇 블랙,18,19,6994
2026-09,central,NOV,2026,NOV-PR,3.5 가솔린,FWD,스틸 그레이,15,16,5889
2026-09,central,NOV,2026,NOV-PR,3.5 가솔린,FWD,실버,12,13,4785
2026-09,central,NOV,2026,NOV-PR,3.5 가솔린,FWD,오션 블루,10,10,3681
2026-09,central,NOV,2026,NOV-PR,3.5 가솔린,FWD,선셋 레드,8,8,2945
2026-09,central,NOV,2026,NOV-PR,3.5 가솔린,FWD,포레스트 그린,5,5,1840
2026-09,central,NOV,2026,NOV-PR,3.5 가솔린,FWD,샌드 베이지,5,5,1840
2026-09,central,NOV,2026,NOV-PR,1.6T 하이브리드,AWD,스노우 화이트,19,19,7274
2026-09,central,NOV,2026,NOV-PR,1.6T 하이브리드,AWD,미드나잇 블랙,15,15,5758
2026-09,central,NOV,2026,NOV-PR,1.6T 하이브리드,AWD,스틸 그레이,13,13,4849
2026-09,central,NOV,2026,NOV-PR,1.6T 하이브리드,AWD,실버,10,10,3940
2026-09,central,NOV,2026,NOV-PR,1.6T 하이브리드,AWD,오션 블루,8,8,3031
2026-09,central,NOV,2026,NOV-PR,1.6T 하이브리드,AWD,선셋 레드,6,6,2425
2026-09,central,NOV,2026,NOV-PR,1.6T 하이브리드,AWD,포레스트 그린,4,4,1515
2026-09,central,NOV,2026,NOV-PR,1.6T 하이브리드,AWD,샌드 베이지,4,4,1515
2026-09,central,NOV,2026,NOV-PR,1.6T 하이브리드,FWD,스노우 화이트,28,29,10797
2026-09,central,NOV,2026,NOV-PR,1.6T 하이브리드,FWD,미드나잇 블랙,22,23,8548
2026-09,central,NOV,2026,NOV-PR,1.6T 하이브리드,FWD,스틸 그레이,19,19,7198
2026-09,central,NOV,2026,NOV-PR,1.6T 하이브리드,FWD,실버,15,16,5849
2026-09,central,NOV,2026,NOV-PR,1.6T 하이브리드,FWD,오션 블루,12,12,4499
2026-09,central,NOV,2026,NOV-PR,1.6T 하이브리드,FWD,선셋 레드,9,10,3599
2026-09,central,NOV,2026,NOV-PR,1.6T 하이브리드,FWD,포레스트 그린,6,6,2249
2026-09,central,NOV,2026,NOV-PR,1.6T 하이브리드,FWD,샌드 베이지,6,6,2249
2026-09,central,NOV,2026,NOV-LO,3.5 가솔린,AWD,스노우 화이트,6,6,5889
2026-09,central,NOV,2026,NOV-LO,3.5 가솔린,AWD,미드나잇 블랙,5,5,4662
2026-09,central,NOV,2026,NOV-LO,3.5 가솔린,AWD,스틸 그레이,4,4,3926
2026-09,central,NOV,2026,NOV-LO,3.5 가솔린,AWD,실버,3,3,3190
2026-09,central,NOV,2026,NOV-LO,3.5 가솔린,AWD,오션 블루,3,3,2454
2026-09,central,NOV,2026,NOV-LO,3.5 가솔린,AWD,선셋 레드,2,2,1963
2026-09,central,NOV,2026,NOV-LO,3.5 가솔린,AWD,포레스트 그린,1,1,1227
2026-09,central,NOV,2026,NOV-LO,3.5 가솔린,AWD,샌드 베이지,1,1,1227
2026-09,central,NOV,2026,NOV-LO,3.5 가솔린,FWD,스노우 화이트,9,10,8742
2026-09,central,NOV,2026,NOV-LO,3.5 가솔린,FWD,미드나잇 블랙,7,8,6921
2026-09,central,NOV,2026,NOV-LO,3.5 가솔린,FWD,스틸 그레이,6,6,5828
2026-09,central,NOV,2026,NOV-LO,3.5 가솔린,FWD,실버,5,5,4735
2026-09,central,NOV,2026,NOV-LO,3.5 가솔린,FWD,오션 블루,4,4,3643
2026-09,central,NOV,2026,NOV-LO,3.5 가솔린,FWD,선셋 레드,3,3,2914
2026-09,central,NOV,2026,NOV-LO,3.5 가솔린,FWD,포레스트 그린,2,2,1821
2026-09,central,NOV,2026,NOV-LO,3.5 가솔린,FWD,샌드 베이지,2,2,1821
2026-09,central,NOV,2026,NOV-LO,1.6T 하이브리드,AWD,스노우 화이트,8,8,7198
2026-09,central,NOV,2026,NOV-LO,1.6T 하이브리드,AWD,미드나잇 블랙,6,6,5698
2026-09,central,NOV,2026,NOV-LO,1.6T 하이브리드,AWD,스틸 그레이,5,5,4799
2026-09,central,NOV,2026,NOV-LO,1.6T 하이브리드,AWD,실버,4,4,3899
2026-09,central,NOV,2026,NOV-LO,1.6T 하이브리드,AWD,오션 블루,3,3,2999
2026-09,central,NOV,2026,NOV-LO,1.6T 하이브리드,AWD,선셋 레드,3,3,2399
2026-09,central,NOV,2026,NOV-LO,1.6T 하이브리드,AWD,포레스트 그린,2,2,1500
2026-09,central,NOV,2026,NOV-LO,1.6T 하이브리드,AWD,샌드 베이지,2,2,1500
2026-09,central,NOV,2026,NOV-LO,1.6T 하이브리드,FWD,스노우 화이트,11,12,10685
2026-09,central,NOV,2026,NOV-LO,1.6T 하이브리드,FWD,미드나잇 블랙,9,9,8459
2026-09,central,NOV,2026,NOV-LO,1.6T 하이브리드,FWD,스틸 그레이,8,8,7123
2026-09,central,NOV,2026,NOV-LO,1.6T 하이브리드,FWD,실버,6,6,5788
2026-09,central,NOV,2026,NOV-LO,1.6T 하이브리드,FWD,오션 블루,5,5,4452
2026-09,central,NOV,2026,NOV-LO,1.6T 하이브리드,FWD,선셋 레드,4,4,3562
2026-09,central,NOV,2026,NOV-LO,1.6T 하이브리드,FWD,포레스트 그린,2,2,2226
2026-09,central,NOV,2026,NOV-LO,1.6T 하이브리드,FWD,샌드 베이지,2,2,2226
2026-09,central,NOV,2027,NOV-CO,3.5 가솔린,AWD,스노우 화이트,9,9,648
2026-09,central,NOV,2027,NOV-CO,3.5 가솔린,AWD,미드나잇 블랙,7,7,513
2026-09,central,NOV,2027,NOV-CO,3.5 가솔린,AWD,스틸 그레이,6,6,432
2026-09,central,NOV,2027,NOV-CO,3.5 가솔린,AWD,실버,5,5,351
2026-09,central,NOV,2027,NOV-CO,3.5 가솔린,AWD,오션 블루,4,4,270
2026-09,central,NOV,2027,NOV-CO,3.5 가솔린,AWD,선셋 레드,3,3,216
2026-09,central,NOV,2027,NOV-CO,3.5 가솔린,AWD,포레스트 그린,2,2,135
2026-09,central,NOV,2027,NOV-CO,3.5 가솔린,AWD,샌드 베이지,2,2,135
2026-09,central,NOV,2027,NOV-CO,3.5 가솔린,FWD,스노우 화이트,13,13,962
2026-09,central,NOV,2027,NOV-CO,3.5 가솔린,FWD,미드나잇 블랙,10,11,762
2026-09,central,NOV,2027,NOV-CO,3.5 가솔린,FWD,스틸 그레이,9,9,641
2026-09,central,NOV,2027,NOV-CO,3.5 가솔린,FWD,실버,7,7,521
2026-09,central,NOV,2027,NOV-CO,3.5 가솔린,FWD,오션 블루,6,6,401
2026-09,central,NOV,2027,NOV-CO,3.5 가솔린,FWD,선셋 레드,4,4,321
2026-09,central,NOV,2027,NOV-CO,3.5 가솔린,FWD,포레스트 그린,3,3,200
2026-09,central,NOV,2027,NOV-CO,3.5 가솔린,FWD,샌드 베이지,3,3,200
2026-09,central,NOV,2027,NOV-CO,1.6T 하이브리드,AWD,스노우 화이트,11,11,792
2026-09,central,NOV,2027,NOV-CO,1.6T 하이브리드,AWD,미드나잇 블랙,9,9,627
2026-09,central,NOV,2027,NOV-CO,1.6T 하이브리드,AWD,스틸 그레이,7,7,528
2026-09,central,NOV,2027,NOV-CO,1.6T 하이브리드,AWD,실버,6,6,429
2026-09,central,NOV,2027,NOV-CO,1.6T 하이브리드,AWD,오션 블루,5,5,330
2026-09,central,NOV,2027,NOV-CO,1.6T 하이브리드,AWD,선셋 레드,4,4,264
2026-09,central,NOV,2027,NOV-CO,1.6T 하이브리드,AWD,포레스트 그린,2,2,165
2026-09,central,NOV,2027,NOV-CO,1.6T 하이브리드,AWD,샌드 베이지,2,2,165
2026-09,central,NOV,2027,NOV-CO,1.6T 하이브리드,FWD,스노우 화이트,16,16,1176
2026-09,central,NOV,2027,NOV-CO,1.6T 하이브리드,FWD,미드나잇 블랙,13,13,931
2026-09,central,NOV,2027,NOV-CO,1.6T 하이브리드,FWD,스틸 그레이,11,11,784
2026-09,central,NOV,2027,NOV-CO,1.6T 하이브리드,FWD,실버,9,9,637
2026-09,central,NOV,2027,NOV-CO,1.6T 하이브리드,FWD,오션 블루,7,7,490
2026-09,central,NOV,2027,NOV-CO,1.6T 하이브리드,FWD,선셋 레드,5,5,392
2026-09,central,NOV,2027,NOV-CO,1.6T 하이브리드,FWD,포레스트 그린,3,3,245
2026-09,central,NOV,2027,NOV-CO,1.6T 하이브리드,FWD,샌드 베이지,3,3,245
2026-09,central,NOV,2027,NOV-PR,3.5 가솔린,AWD,스노우 화이트,10,11,3967
2026-09,central,NOV,2027,NOV-PR,3.5 가솔린,AWD,미드나잇 블랙,8,8,3141
2026-09,central,NOV,2027,NOV-PR,3.5 가솔린,AWD,스틸 그레이,7,7,2645
2026-09,central,NOV,2027,NOV-PR,3.5 가솔린,AWD,실버,6,6,2149
2026-09,central,NOV,2027,NOV-PR,3.5 가솔린,AWD,오션 블루,4,4,1653
2026-09,central,NOV,2027,NOV-PR,3.5 가솔린,AWD,선셋 레드,3,4,1322
2026-09,central,NOV,2027,NOV-PR,3.5 가솔린,AWD,포레스트 그린,2,2,827
2026-09,central,NOV,2027,NOV-PR,3.5 가솔린,AWD,샌드 베이지,2,2,827
2026-09,central,NOV,2027,NOV-PR,3.5 가솔린,FWD,스노우 화이트,15,16,5889
2026-09,central,NOV,2027,NOV-PR,3.5 가솔린,FWD,미드나잇 블랙,12,12,4663
2026-09,central,NOV,2027,NOV-PR,3.5 가솔린,FWD,스틸 그레이,10,10,3926
2026-09,central,NOV,2027,NOV-PR,3.5 가솔린,FWD,실버,8,8,3190
2026-09,central,NOV,2027,NOV-PR,3.5 가솔린,FWD,오션 블루,6,7,2454
2026-09,central,NOV,2027,NOV-PR,3.5 가솔린,FWD,선셋 레드,5,5,1963
2026-09,central,NOV,2027,NOV-PR,3.5 가솔린,FWD,포레스트 그린,3,3,1227
2026-09,central,NOV,2027,NOV-PR,3.5 가솔린,FWD,샌드 베이지,3,3,1227
2026-09,central,NOV,2027,NOV-PR,1.6T 하이브리드,AWD,스노우 화이트,13,13,4849
2026-09,central,NOV,2027,NOV-PR,1.6T 하이브리드,AWD,미드나잇 블랙,10,10,3839
2026-09,central,NOV,2027,NOV-PR,1.6T 하이브리드,AWD,스틸 그레이,8,9,3233
2026-09,central,NOV,2027,NOV-PR,1.6T 하이브리드,AWD,실버,7,7,2627
2026-09,central,NOV,2027,NOV-PR,1.6T 하이브리드,AWD,오션 블루,5,5,2020
2026-09,central,NOV,2027,NOV-PR,1.6T 하이브리드,AWD,선셋 레드,4,4,1616
2026-09,central,NOV,2027,NOV-PR,1.6T 하이브리드,AWD,포레스트 그린,3,3,1010
2026-09,central,NOV,2027,NOV-PR,1.6T 하이브리드,AWD,샌드 베이지,3,3,1010
2026-09,central,NOV,2027,NOV-PR,1.6T 하이브리드,FWD,스노우 화이트,19,19,7198
2026-09,central,NOV,2027,NOV-PR,1.6T 하이브리드,FWD,미드나잇 블랙,15,15,5699
2026-09,central,NOV,2027,NOV-PR,1.6T 하이브리드,FWD,스틸 그레이,12,13,4799
2026-09,central,NOV,2027,NOV-PR,1.6T 하이브리드,FWD,실버,10,10,3899
2026-09,central,NOV,2027,NOV-PR,1.6T 하이브리드,FWD,오션 블루,8,8,2999
2026-09,central,NOV,2027,NOV-PR,1.6T 하이브리드,FWD,선셋 레드,6,6,2399
2026-09,central,NOV,2027,NOV-PR,1.6T 하이브리드,FWD,포레스트 그린,4,4,1500
2026-09,central,NOV,2027,NOV-PR,1.6T 하이브리드,FWD,샌드 베이지,4,4,1500
2026-09,central,NOV,2027,NOV-LO,3.5 가솔린,AWD,스노우 화이트,4,4,3926
2026-09,central,NOV,2027,NOV-LO,3.5 가솔린,AWD,미드나잇 블랙,3,3,3108
2026-09,central,NOV,2027,NOV-LO,3.5 가솔린,AWD,스틸 그레이,3,3,2617
2026-09,central,NOV,2027,NOV-LO,3.5 가솔린,AWD,실버,2,2,2127
2026-09,central,NOV,2027,NOV-LO,3.5 가솔린,AWD,오션 블루,2,2,1636
2026-09,central,NOV,2027,NOV-LO,3.5 가솔린,AWD,선셋 레드,1,1,1309
2026-09,central,NOV,2027,NOV-LO,3.5 가솔린,AWD,포레스트 그린,1,1,818
2026-09,central,NOV,2027,NOV-LO,3.5 가솔린,AWD,샌드 베이지,1,1,818
2026-09,central,NOV,2027,NOV-LO,3.5 가솔린,FWD,스노우 화이트,6,6,5828
2026-09,central,NOV,2027,NOV-LO,3.5 가솔린,FWD,미드나잇 블랙,5,5,4614
2026-09,central,NOV,2027,NOV-LO,3.5 가솔린,FWD,스틸 그레이,4,4,3885
2026-09,central,NOV,2027,NOV-LO,3.5 가솔린,FWD,실버,3,3,3157
2026-09,central,NOV,2027,NOV-LO,3.5 가솔린,FWD,오션 블루,3,3,2428
2026-09,central,NOV,2027,NOV-LO,3.5 가솔린,FWD,선셋 레드,2,2,1943
2026-09,central,NOV,2027,NOV-LO,3.5 가솔린,FWD,포레스트 그린,1,1,1214
2026-09,central,NOV,2027,NOV-LO,3.5 가솔린,FWD,샌드 베이지,1,1,1214
2026-09,central,NOV,2027,NOV-LO,1.6T 하이브리드,AWD,스노우 화이트,5,5,4799
2026-09,central,NOV,2027,NOV-LO,1.6T 하이브리드,AWD,미드나잇 블랙,4,4,3799
2026-09,central,NOV,2027,NOV-LO,1.6T 하이브리드,AWD,스틸 그레이,3,4,3199
2026-09,central,NOV,2027,NOV-LO,1.6T 하이브리드,AWD,실버,3,3,2599
2026-09,central,NOV,2027,NOV-LO,1.6T 하이브리드,AWD,오션 블루,2,2,1999
2026-09,central,NOV,2027,NOV-LO,1.6T 하이브리드,AWD,선셋 레드,2,2,1600
2026-09,central,NOV,2027,NOV-LO,1.6T 하이브리드,AWD,포레스트 그린,1,1,1000
2026-09,central,NOV,2027,NOV-LO,1.6T 하이브리드,AWD,샌드 베이지,1,1,1000
2026-09,central,NOV,2027,NOV-LO,1.6T 하이브리드,FWD,스노우 화이트,8,8,7123
2026-09,central,NOV,2027,NOV-LO,1.6T 하이브리드,FWD,미드나잇 블랙,6,6,5639
2026-09,central,NOV,2027,NOV-LO,1.6T 하이브리드,FWD,스틸 그레이,5,5,4749
2026-09,central,NOV,2027,NOV-LO,1.6T 하이브리드,FWD,실버,4,4,3858
2026-09,central,NOV,2027,NOV-LO,1.6T 하이브리드,FWD,오션 블루,3,3,2968
2026-09,central,NOV,2027,NOV-LO,1.6T 하이브리드,FWD,선셋 레드,3,3,2374
2026-09,central,NOV,2027,NOV-LO,1.6T 하이브리드,FWD,포레스트 그린,2,2,1484
2026-09,central,NOV,2027,NOV-LO,1.6T 하이브리드,FWD,샌드 베이지,2,2,1484
2026-09,south,NOV,2026,NOV-CO,3.5 가솔린,AWD,스노우 화이트,11,11,788
2026-09,south,NOV,2026,NOV-CO,3.5 가솔린,AWD,미드나잇 블랙,9,9,624
2026-09,south,NOV,2026,NOV-CO,3.5 가솔린,AWD,스틸 그레이,7,7,525
2026-09,south,NOV,2026,NOV-CO,3.5 가솔린,AWD,실버,6,6,427
2026-09,south,NOV,2026,NOV-CO,3.5 가솔린,AWD,오션 블루,5,5,328
2026-09,south,NOV,2026,NOV-CO,3.5 가솔린,AWD,선셋 레드,4,4,263
2026-09,south,NOV,2026,NOV-CO,3.5 가솔린,AWD,포레스트 그린,2,2,164
2026-09,south,NOV,2026,NOV-CO,3.5 가솔린,AWD,샌드 베이지,2,2,164
2026-09,south,NOV,2026,NOV-CO,3.5 가솔린,FWD,스노우 화이트,32,33,2338
2026-09,south,NOV,2026,NOV-CO,3.5 가솔린,FWD,미드나잇 블랙,25,26,1851
2026-09,south,NOV,2026,NOV-CO,3.5 가솔린,FWD,스틸 그레이,21,22,1559
2026-09,south,NOV,2026,NOV-CO,3.5 가솔린,FWD,실버,17,18,1266
2026-09,south,NOV,2026,NOV-CO,3.5 가솔린,FWD,오션 블루,13,14,974
2026-09,south,NOV,2026,NOV-CO,3.5 가솔린,FWD,선셋 레드,11,11,779
2026-09,south,NOV,2026,NOV-CO,3.5 가솔린,FWD,포레스트 그린,7,7,487
2026-09,south,NOV,2026,NOV-CO,3.5 가솔린,FWD,샌드 베이지,7,7,487
2026-09,south,NOV,2026,NOV-CO,1.6T 하이브리드,AWD,스노우 화이트,13,14,963
2026-09,south,NOV,2026,NOV-CO,1.6T 하이브리드,AWD,미드나잇 블랙,10,11,762
2026-09,south,NOV,2026,NOV-CO,1.6T 하이브리드,AWD,스틸 그레이,9,9,642
2026-09,south,NOV,2026,NOV-CO,1.6T 하이브리드,AWD,실버,7,7,521
2026-09,south,NOV,2026,NOV-CO,1.6T 하이브리드,AWD,오션 블루,6,6,401
2026-09,south,NOV,2026,NOV-CO,1.6T 하이브리드,AWD,선셋 레드,4,5,321
2026-09,south,NOV,2026,NOV-CO,1.6T 하이브리드,AWD,포레스트 그린,3,3,201
2026-09,south,NOV,2026,NOV-CO,1.6T 하이브리드,AWD,샌드 베이지,3,3,201
2026-09,south,NOV,2026,NOV-CO,1.6T 하이브리드,FWD,스노우 화이트,39,40,2857
2026-09,south,NOV,2026,NOV-CO,1.6T 하이브리드,FWD,미드나잇 블랙,31,32,2262
2026-09,south,NOV,2026,NOV-CO,1.6T 하이브리드,FWD,스틸 그레이,26,27,1905
2026-09,south,NOV,2026,NOV-CO,1.6T 하이브리드,FWD,실버,21,22,1548
2026-09,south,NOV,2026,NOV-CO,1.6T 하이브리드,FWD,오션 블루,16,17,1191
2026-09,south,NOV,2026,NOV-CO,1.6T 하이브리드,FWD,선셋 레드,13,13,952
2026-09,south,NOV,2026,NOV-CO,1.6T 하이브리드,FWD,포레스트 그린,8,8,595
2026-09,south,NOV,2026,NOV-CO,1.6T 하이브리드,FWD,샌드 베이지,8,8,595
2026-09,south,NOV,2026,NOV-PR,3.5 가솔린,AWD,스노우 화이트,13,13,4822
2026-09,south,NOV,2026,NOV-PR,3.5 가솔린,AWD,미드나잇 블랙,10,10,3817
2026-09,south,NOV,2026,NOV-PR,3.5 가솔린,AWD,스틸 그레이,8,9,3215
2026-09,south,NOV,2026,NOV-PR,3.5 가솔린,AWD,실버,7,7,2612
2026-09,south,NOV,2026,NOV-PR,3.5 가솔린,AWD,오션 블루,5,5,2009
2026-09,south,NOV,2026,NOV-PR,3.5 가솔린,AWD,선셋 레드,4,4,1607
2026-09,south,NOV,2026,NOV-PR,3.5 가솔린,AWD,포레스트 그린,3,3,1005
2026-09,south,NOV,2026,NOV-PR,3.5 가솔린,AWD,샌드 베이지,3,3,1005
2026-09,south,NOV,2026,NOV-PR,3.5 가솔린,FWD,스노우 화이트,37,38,14312
2026-09,south,NOV,2026,NOV-PR,3.5 가솔린,FWD,미드나잇 블랙,29,30,11331
2026-09,south,NOV,2026,NOV-PR,3.5 가솔린,FWD,스틸 그레이,25,25,9541
2026-09,south,NOV,2026,NOV-PR,3.5 가솔린,FWD,실버,20,21,7752
2026-09,south,NOV,2026,NOV-PR,3.5 가솔린,FWD,오션 블루,16,16,5963
2026-09,south,NOV,2026,NOV-PR,3.5 가솔린,FWD,선셋 레드,12,13,4771
2026-09,south,NOV,2026,NOV-PR,3.5 가솔린,FWD,포레스트 그린,8,8,2982
2026-09,south,NOV,2026,NOV-PR,3.5 가솔린,FWD,샌드 베이지,8,8,2982
2026-09,south,NOV,2026,NOV-PR,1.6T 하이브리드,AWD,스노우 화이트,15,16,5893
2026-09,south,NOV,2026,NOV-PR,1.6T 하이브리드,AWD,미드나잇 블랙,12,12,4666
2026-09,south,NOV,2026,NOV-PR,1.6T 하이브리드,AWD,스틸 그레이,10,10,3929
2026-09,south,NOV,2026,NOV-PR,1.6T 하이브리드,AWD,실버,8,8,3192
2026-09,south,NOV,2026,NOV-PR,1.6T 하이브리드,AWD,오션 블루,6,7,2456
2026-09,south,NOV,2026,NOV-PR,1.6T 하이브리드,AWD,선셋 레드,5,5,1964
2026-09,south,NOV,2026,NOV-PR,1.6T 하이브리드,AWD,포레스트 그린,3,3,1228
2026-09,south,NOV,2026,NOV-PR,1.6T 하이브리드,AWD,샌드 베이지,3,3,1228
2026-09,south,NOV,2026,NOV-PR,1.6T 하이브리드,FWD,스노우 화이트,46,46,17493
2026-09,south,NOV,2026,NOV-PR,1.6T 하이브리드,FWD,미드나잇 블랙,36,37,13848
2026-09,south,NOV,2026,NOV-PR,1.6T 하이브리드,FWD,스틸 그레이,30,31,11662
2026-09,south,NOV,2026,NOV-PR,1.6T 하이브리드,FWD,실버,25,25,9475
2026-09,south,NOV,2026,NOV-PR,1.6T 하이브리드,FWD,오션 블루,19,19,7289
2026-09,south,NOV,2026,NOV-PR,1.6T 하이브리드,FWD,선셋 레드,15,15,5831
2026-09,south,NOV,2026,NOV-PR,1.6T 하이브리드,FWD,포레스트 그린,9,10,3644
2026-09,south,NOV,2026,NOV-PR,1.6T 하이브리드,FWD,샌드 베이지,9,10,3644
2026-09,south,NOV,2026,NOV-LO,3.5 가솔린,AWD,스노우 화이트,5,5,4772
2026-09,south,NOV,2026,NOV-LO,3.5 가솔린,AWD,미드나잇 블랙,4,4,3778
2026-09,south,NOV,2026,NOV-LO,3.5 가솔린,AWD,스틸 그레이,3,3,3181
2026-09,south,NOV,2026,NOV-LO,3.5 가솔린,AWD,실버,3,3,2585
2026-09,south,NOV,2026,NOV-LO,3.5 가솔린,AWD,오션 블루,2,2,1988
2026-09,south,NOV,2026,NOV-LO,3.5 가솔린,AWD,선셋 레드,2,2,1591
2026-09,south,NOV,2026,NOV-LO,3.5 가솔린,AWD,포레스트 그린,1,1,994
2026-09,south,NOV,2026,NOV-LO,3.5 가솔린,AWD,샌드 베이지,1,1,994
2026-09,south,NOV,2026,NOV-LO,3.5 가솔린,FWD,스노우 화이트,15,16,14163
2026-09,south,NOV,2026,NOV-LO,3.5 가솔린,FWD,미드나잇 블랙,12,12,11213
2026-09,south,NOV,2026,NOV-LO,3.5 가솔린,FWD,스틸 그레이,10,10,9442
2026-09,south,NOV,2026,NOV-LO,3.5 가솔린,FWD,실버,8,8,7672
2026-09,south,NOV,2026,NOV-LO,3.5 가솔린,FWD,오션 블루,6,6,5901
2026-09,south,NOV,2026,NOV-LO,3.5 가솔린,FWD,선셋 레드,5,5,4721
2026-09,south,NOV,2026,NOV-LO,3.5 가솔린,FWD,포레스트 그린,3,3,2951
2026-09,south,NOV,2026,NOV-LO,3.5 가솔린,FWD,샌드 베이지,3,3,2951
2026-09,south,NOV,2026,NOV-LO,1.6T 하이브리드,AWD,스노우 화이트,6,6,5832
2026-09,south,NOV,2026,NOV-LO,1.6T 하이브리드,AWD,미드나잇 블랙,5,5,4617
2026-09,south,NOV,2026,NOV-LO,1.6T 하이브리드,AWD,스틸 그레이,4,4,3888
2026-09,south,NOV,2026,NOV-LO,1.6T 하이브리드,AWD,실버,3,3,3159
2026-09,south,NOV,2026,NOV-LO,1.6T 하이브리드,AWD,오션 블루,3,3,2430
2026-09,south,NOV,2026,NOV-LO,1.6T 하이브리드,AWD,선셋 레드,2,2,1944
2026-09,south,NOV,2026,NOV-LO,1.6T 하이브리드,AWD,포레스트 그린,1,1,1215
2026-09,south,NOV,2026,NOV-LO,1.6T 하이브리드,AWD,샌드 베이지,1,1,1215
2026-09,south,NOV,2026,NOV-LO,1.6T 하이브리드,FWD,스노우 화이트,19,19,17311
2026-09,south,NOV,2026,NOV-LO,1.6T 하이브리드,FWD,미드나잇 블랙,15,15,13704
2026-09,south,NOV,2026,NOV-LO,1.6T 하이브리드,FWD,스틸 그레이,12,13,11540
2026-09,south,NOV,2026,NOV-LO,1.6T 하이브리드,FWD,실버,10,10,9377
2026-09,south,NOV,2026,NOV-LO,1.6T 하이브리드,FWD,오션 블루,8,8,7213
2026-09,south,NOV,2026,NOV-LO,1.6T 하이브리드,FWD,선셋 레드,6,6,5770
2026-09,south,NOV,2026,NOV-LO,1.6T 하이브리드,FWD,포레스트 그린,4,4,3606
2026-09,south,NOV,2026,NOV-LO,1.6T 하이브리드,FWD,샌드 베이지,4,4,3606
2026-09,south,NOV,2027,NOV-CO,3.5 가솔린,AWD,스노우 화이트,7,7,525
2026-09,south,NOV,2027,NOV-CO,3.5 가솔린,AWD,미드나잇 블랙,6,6,416
2026-09,south,NOV,2027,NOV-CO,3.5 가솔린,AWD,스틸 그레이,5,5,350
2026-09,south,NOV,2027,NOV-CO,3.5 가솔린,AWD,실버,4,4,284
2026-09,south,NOV,2027,NOV-CO,3.5 가솔린,AWD,오션 블루,3,3,219
2026-09,south,NOV,2027,NOV-CO,3.5 가솔린,AWD,선셋 레드,2,2,175
2026-09,south,NOV,2027,NOV-CO,3.5 가솔린,AWD,포레스트 그린,2,2,109
2026-09,south,NOV,2027,NOV-CO,3.5 가솔린,AWD,샌드 베이지,2,2,109
2026-09,south,NOV,2027,NOV-CO,3.5 가솔린,FWD,스노우 화이트,21,22,1559
2026-09,south,NOV,2027,NOV-CO,3.5 가솔린,FWD,미드나잇 블랙,17,17,1234
2026-09,south,NOV,2027,NOV-CO,3.5 가솔린,FWD,스틸 그레이,14,15,1039
2026-09,south,NOV,2027,NOV-CO,3.5 가솔린,FWD,실버,12,12,844
2026-09,south,NOV,2027,NOV-CO,3.5 가솔린,FWD,오션 블루,9,9,649
2026-09,south,NOV,2027,NOV-CO,3.5 가솔린,FWD,선셋 레드,7,7,520
2026-09,south,NOV,2027,NOV-CO,3.5 가솔린,FWD,포레스트 그린,4,5,325
2026-09,south,NOV,2027,NOV-CO,3.5 가솔린,FWD,샌드 베이지,4,5,325
2026-09,south,NOV,2027,NOV-CO,1.6T 하이브리드,AWD,스노우 화이트,9,9,642
2026-09,south,NOV,2027,NOV-CO,1.6T 하이브리드,AWD,미드나잇 블랙,7,7,508
2026-09,south,NOV,2027,NOV-CO,1.6T 하이브리드,AWD,스틸 그레이,6,6,428
2026-09,south,NOV,2027,NOV-CO,1.6T 하이브리드,AWD,실버,5,5,348
2026-09,south,NOV,2027,NOV-CO,1.6T 하이브리드,AWD,오션 블루,4,4,267
2026-09,south,NOV,2027,NOV-CO,1.6T 하이브리드,AWD,선셋 레드,3,3,214
2026-09,south,NOV,2027,NOV-CO,1.6T 하이브리드,AWD,포레스트 그린,2,2,134
2026-09,south,NOV,2027,NOV-CO,1.6T 하이브리드,AWD,샌드 베이지,2,2,134
2026-09,south,NOV,2027,NOV-CO,1.6T 하이브리드,FWD,스노우 화이트,26,27,1905
2026-09,south,NOV,2027,NOV-CO,1.6T 하이브리드,FWD,미드나잇 블랙,21,21,1508
2026-09,south,NOV,2027,NOV-CO,1.6T 하이브리드,FWD,스틸 그레이,17,18,1270
2026-09,south,NOV,2027,NOV-CO,1.6T 하이브리드,FWD,실버,14,14,1032
2026-09,south,NOV,2027,NOV-CO,1.6T 하이브리드,FWD,오션 블루,11,11,794
2026-09,south,NOV,2027,NOV-CO,1.6T 하이브리드,FWD,선셋 레드,9,9,635
2026-09,south,NOV,2027,NOV-CO,1.6T 하이브리드,FWD,포레스트 그린,5,6,397
2026-09,south,NOV,2027,NOV-CO,1.6T 하이브리드,FWD,샌드 베이지,5,6,397
2026-09,south,NOV,2027,NOV-PR,3.5 가솔린,AWD,스노우 화이트,8,9,3215
2026-09,south,NOV,2027,NOV-PR,3.5 가솔린,AWD,미드나잇 블랙,7,7,2545
2026-09,south,NOV,2027,NOV-PR,3.5 가솔린,AWD,스틸 그레이,6,6,2143
2026-09,south,NOV,2027,NOV-PR,3.5 가솔린,AWD,실버,5,5,1741
2026-09,south,NOV,2027,NOV-PR,3.5 가솔린,AWD,오션 블루,3,4,1339
2026-09,south,NOV,2027,NOV-PR,3.5 가솔린,AWD,선셋 레드,3,3,1072
2026-09,south,NOV,2027,NOV-PR,3.5 가솔린,AWD,포레스트 그린,2,2,670
2026-09,south,NOV,2027,NOV-PR,3.5 가솔린,AWD,샌드 베이지,2,2,670
2026-09,south,NOV,2027,NOV-PR,3.5 가솔린,FWD,스노우 화이트,25,25,9541
2026-09,south,NOV,2027,NOV-PR,3.5 가솔린,FWD,미드나잇 블랙,20,20,7554
2026-09,south,NOV,2027,NOV-PR,3.5 가솔린,FWD,스틸 그레이,17,17,6361
2026-09,south,NOV,2027,NOV-PR,3.5 가솔린,FWD,실버,13,14,5168
2026-09,south,NOV,2027,NOV-PR,3.5 가솔린,FWD,오션 블루,10,11,3976
2026-09,south,NOV,2027,NOV-PR,3.5 가솔린,FWD,선셋 레드,8,8,3180
2026-09,south,NOV,2027,NOV-PR,3.5 가솔린,FWD,포레스트 그린,5,5,1988
2026-09,south,NOV,2027,NOV-PR,3.5 가솔린,FWD,샌드 베이지,5,5,1988
2026-09,south,NOV,2027,NOV-PR,1.6T 하이브리드,AWD,스노우 화이트,10,10,3929
2026-09,south,NOV,2027,NOV-PR,1.6T 하이브리드,AWD,미드나잇 블랙,8,8,3110
2026-09,south,NOV,2027,NOV-PR,1.6T 하이브리드,AWD,스틸 그레이,7,7,2619
2026-09,south,NOV,2027,NOV-PR,1.6T 하이브리드,AWD,실버,6,6,2128
2026-09,south,NOV,2027,NOV-PR,1.6T 하이브리드,AWD,오션 블루,4,4,1637
2026-09,south,NOV,2027,NOV-PR,1.6T 하이브리드,AWD,선셋 레드,3,3,1310
2026-09,south,NOV,2027,NOV-PR,1.6T 하이브리드,AWD,포레스트 그린,2,2,819
2026-09,south,NOV,2027,NOV-PR,1.6T 하이브리드,AWD,샌드 베이지,2,2,819
2026-09,south,NOV,2027,NOV-PR,1.6T 하이브리드,FWD,스노우 화이트,30,31,11662
2026-09,south,NOV,2027,NOV-PR,1.6T 하이브리드,FWD,미드나잇 블랙,24,24,9232
2026-09,south,NOV,2027,NOV-PR,1.6T 하이브리드,FWD,스틸 그레이,20,21,7775
2026-09,south,NOV,2027,NOV-PR,1.6T 하이브리드,FWD,실버,16,17,6317
2026-09,south,NOV,2027,NOV-PR,1.6T 하이브리드,FWD,오션 블루,13,13,4859
2026-09,south,NOV,2027,NOV-PR,1.6T 하이브리드,FWD,선셋 레드,10,10,3887
2026-09,south,NOV,2027,NOV-PR,1.6T 하이브리드,FWD,포레스트 그린,6,6,2430
2026-09,south,NOV,2027,NOV-PR,1.6T 하이브리드,FWD,샌드 베이지,6,6,2430
2026-09,south,NOV,2027,NOV-LO,3.5 가솔린,AWD,스노우 화이트,3,3,3181
2026-09,south,NOV,2027,NOV-LO,3.5 가솔린,AWD,미드나잇 블랙,3,3,2518
2026-09,south,NOV,2027,NOV-LO,3.5 가솔린,AWD,스틸 그레이,2,2,2121
2026-09,south,NOV,2027,NOV-LO,3.5 가솔린,AWD,실버,2,2,1723
2026-09,south,NOV,2027,NOV-LO,3.5 가솔린,AWD,오션 블루,1,1,1325
2026-09,south,NOV,2027,NOV-LO,3.5 가솔린,AWD,선셋 레드,1,1,1060
2026-09,south,NOV,2027,NOV-LO,3.5 가솔린,AWD,포레스트 그린,1,1,663
2026-09,south,NOV,2027,NOV-LO,3.5 가솔린,AWD,샌드 베이지,1,1,663
2026-09,south,NOV,2027,NOV-LO,3.5 가솔린,FWD,스노우 화이트,10,10,9442
2026-09,south,NOV,2027,NOV-LO,3.5 가솔린,FWD,미드나잇 블랙,8,8,7475
2026-09,south,NOV,2027,NOV-LO,3.5 가솔린,FWD,스틸 그레이,7,7,6295
2026-09,south,NOV,2027,NOV-LO,3.5 가솔린,FWD,실버,6,6,5115
2026-09,south,NOV,2027,NOV-LO,3.5 가솔린,FWD,오션 블루,4,4,3934
2026-09,south,NOV,2027,NOV-LO,3.5 가솔린,FWD,선셋 레드,3,3,3147
2026-09,south,NOV,2027,NOV-LO,3.5 가솔린,FWD,포레스트 그린,2,2,1967
2026-09,south,NOV,2027,NOV-LO,3.5 가솔린,FWD,샌드 베이지,2,2,1967
2026-09,south,NOV,2027,NOV-LO,1.6T 하이브리드,AWD,스노우 화이트,4,4,3888
2026-09,south,NOV,2027,NOV-LO,1.6T 하이브리드,AWD,미드나잇 블랙,3,3,3078
2026-09,south,NOV,2027,NOV-LO,1.6T 하이브리드,AWD,스틸 그레이,3,3,2592
2026-09,south,NOV,2027,NOV-LO,1.6T 하이브리드,AWD,실버,2,2,2106
2026-09,south,NOV,2027,NOV-LO,1.6T 하이브리드,AWD,오션 블루,2,2,1620
2026-09,south,NOV,2027,NOV-LO,1.6T 하이브리드,AWD,선셋 레드,1,1,1296
2026-09,south,NOV,2027,NOV-LO,1.6T 하이브리드,AWD,포레스트 그린,1,1,810
2026-09,south,NOV,2027,NOV-LO,1.6T 하이브리드,AWD,샌드 베이지,1,1,810
2026-09,south,NOV,2027,NOV-LO,1.6T 하이브리드,FWD,스노우 화이트,12,13,11540
2026-09,south,NOV,2027,NOV-LO,1.6T 하이브리드,FWD,미드나잇 블랙,10,10,9136
2026-09,south,NOV,2027,NOV-LO,1.6T 하이브리드,FWD,스틸 그레이,8,8,7694
2026-09,south,NOV,2027,NOV-LO,1.6T 하이브리드,FWD,실버,7,7,6251
2026-09,south,NOV,2027,NOV-LO,1.6T 하이브리드,FWD,오션 블루,5,5,4809
2026-09,south,NOV,2027,NOV-LO,1.6T 하이브리드,FWD,선셋 레드,4,4,3847
2026-09,south,NOV,2027,NOV-LO,1.6T 하이브리드,FWD,포레스트 그린,3,3,2404
2026-09,south,NOV,2027,NOV-LO,1.6T 하이브리드,FWD,샌드 베이지,3,3,2404
2026-09,northeast,NOV,2026,NOV-CO,3.5 가솔린,AWD,스노우 화이트,15,15,1099
2026-09,northeast,NOV,2026,NOV-CO,3.5 가솔린,AWD,미드나잇 블랙,12,12,870
2026-09,northeast,NOV,2026,NOV-CO,3.5 가솔린,AWD,스틸 그레이,10,10,733
2026-09,northeast,NOV,2026,NOV-CO,3.5 가솔린,AWD,실버,8,8,595
2026-09,northeast,NOV,2026,NOV-CO,3.5 가솔린,AWD,오션 블루,6,6,458
2026-09,northeast,NOV,2026,NOV-CO,3.5 가솔린,AWD,선셋 레드,5,5,366
2026-09,northeast,NOV,2026,NOV-CO,3.5 가솔린,AWD,포레스트 그린,3,3,229
2026-09,northeast,NOV,2026,NOV-CO,3.5 가솔린,AWD,샌드 베이지,3,3,229
2026-09,northeast,NOV,2026,NOV-CO,3.5 가솔린,FWD,스노우 화이트,18,18,1316
2026-09,northeast,NOV,2026,NOV-CO,3.5 가솔린,FWD,미드나잇 블랙,14,15,1042
2026-09,northeast,NOV,2026,NOV-CO,3.5 가솔린,FWD,스틸 그레이,12,12,878
2026-09,northeast,NOV,2026,NOV-CO,3.5 가솔린,FWD,실버,10,10,713
2026-09,northeast,NOV,2026,NOV-CO,3.5 가솔린,FWD,오션 블루,8,8,548
2026-09,northeast,NOV,2026,NOV-CO,3.5 가솔린,FWD,선셋 레드,6,6,439
2026-09,northeast,NOV,2026,NOV-CO,3.5 가솔린,FWD,포레스트 그린,4,4,274
2026-09,northeast,NOV,2026,NOV-CO,3.5 가솔린,FWD,샌드 베이지,4,4,274
2026-09,northeast,NOV,2026,NOV-CO,1.6T 하이브리드,AWD,스노우 화이트,18,19,1343
2026-09,northeast,NOV,2026,NOV-CO,1.6T 하이브리드,AWD,미드나잇 블랙,15,15,1063
2026-09,northeast,NOV,2026,NOV-CO,1.6T 하이브리드,AWD,스틸 그레이,12,13,895
2026-09,northeast,NOV,2026,NOV-CO,1.6T 하이브리드,AWD,실버,10,10,728
2026-09,northeast,NOV,2026,NOV-CO,1.6T 하이브리드,AWD,오션 블루,8,8,560
2026-09,northeast,NOV,2026,NOV-CO,1.6T 하이브리드,AWD,선셋 레드,6,6,448
2026-09,northeast,NOV,2026,NOV-CO,1.6T 하이브리드,AWD,포레스트 그린,4,4,280
2026-09,northeast,NOV,2026,NOV-CO,1.6T 하이브리드,AWD,샌드 베이지,4,4,280
2026-09,northeast,NOV,2026,NOV-CO,1.6T 하이브리드,FWD,스노우 화이트,22,23,1609
2026-09,northeast,NOV,2026,NOV-CO,1.6T 하이브리드,FWD,미드나잇 블랙,18,18,1274
2026-09,northeast,NOV,2026,NOV-CO,1.6T 하이브리드,FWD,스틸 그레이,15,15,1073
2026-09,northeast,NOV,2026,NOV-CO,1.6T 하이브리드,FWD,실버,12,12,871
2026-09,northeast,NOV,2026,NOV-CO,1.6T 하이브리드,FWD,오션 블루,9,9,670
2026-09,northeast,NOV,2026,NOV-CO,1.6T 하이브리드,FWD,선셋 레드,7,8,536
2026-09,northeast,NOV,2026,NOV-CO,1.6T 하이브리드,FWD,포레스트 그린,5,5,335
2026-09,northeast,NOV,2026,NOV-CO,1.6T 하이브리드,FWD,샌드 베이지,5,5,335
2026-09,northeast,NOV,2026,NOV-PR,3.5 가솔린,AWD,스노우 화이트,18,18,6727
2026-09,northeast,NOV,2026,NOV-PR,3.5 가솔린,AWD,미드나잇 블랙,14,14,5326
2026-09,northeast,NOV,2026,NOV-PR,3.5 가솔린,AWD,스틸 그레이,12,12,4485
2026-09,northeast,NOV,2026,NOV-PR,3.5 가솔린,AWD,실버,9,10,3644
2026-09,northeast,NOV,2026,NOV-PR,3.5 가솔린,AWD,오션 블루,7,7,2803
2026-09,northeast,NOV,2026,NOV-PR,3.5 가솔린,AWD,선셋 레드,6,6,2242
2026-09,northeast,NOV,2026,NOV-PR,3.5 가솔린,AWD,포레스트 그린,4,4,1402
2026-09,northeast,NOV,2026,NOV-PR,3.5 가솔린,AWD,샌드 베이지,4,4,1402
2026-09,northeast,NOV,2026,NOV-PR,3.5 가솔린,FWD,스노우 화이트,21,21,8058
2026-09,northeast,NOV,2026,NOV-PR,3.5 가솔린,FWD,미드나잇 블랙,17,17,6379
2026-09,northeast,NOV,2026,NOV-PR,3.5 가솔린,FWD,스틸 그레이,14,14,5372
2026-09,northeast,NOV,2026,NOV-PR,3.5 가솔린,FWD,실버,11,12,4365
2026-09,northeast,NOV,2026,NOV-PR,3.5 가솔린,FWD,오션 블루,9,9,3358
2026-09,northeast,NOV,2026,NOV-PR,3.5 가솔린,FWD,선셋 레드,7,7,2686
2026-09,northeast,NOV,2026,NOV-PR,3.5 가솔린,FWD,포레스트 그린,4,4,1679
2026-09,northeast,NOV,2026,NOV-PR,3.5 가솔린,FWD,샌드 베이지,4,4,1679
2026-09,northeast,NOV,2026,NOV-PR,1.6T 하이브리드,AWD,스노우 화이트,21,22,8222
2026-09,northeast,NOV,2026,NOV-PR,1.6T 하이브리드,AWD,미드나잇 블랙,17,17,6509
2026-09,northeast,NOV,2026,NOV-PR,1.6T 하이브리드,AWD,스틸 그레이,14,15,5482
2026-09,northeast,NOV,2026,NOV-PR,1.6T 하이브리드,AWD,실버,12,12,4454
2026-09,northeast,NOV,2026,NOV-PR,1.6T 하이브리드,AWD,오션 블루,9,9,3426
2026-09,northeast,NOV,2026,NOV-PR,1.6T 하이브리드,AWD,선셋 레드,7,7,2741
2026-09,northeast,NOV,2026,NOV-PR,1.6T 하이브리드,AWD,포레스트 그린,4,5,1713
2026-09,northeast,NOV,2026,NOV-PR,1.6T 하이브리드,AWD,샌드 베이지,4,5,1713
2026-09,northeast,NOV,2026,NOV-PR,1.6T 하이브리드,FWD,스노우 화이트,26,26,9849
2026-09,northeast,NOV,2026,NOV-PR,1.6T 하이브리드,FWD,미드나잇 블랙,20,21,7797
2026-09,northeast,NOV,2026,NOV-PR,1.6T 하이브리드,FWD,스틸 그레이,17,17,6566
2026-09,northeast,NOV,2026,NOV-PR,1.6T 하이브리드,FWD,실버,14,14,5335
2026-09,northeast,NOV,2026,NOV-PR,1.6T 하이브리드,FWD,오션 블루,11,11,4104
2026-09,northeast,NOV,2026,NOV-PR,1.6T 하이브리드,FWD,선셋 레드,9,9,3283
2026-09,northeast,NOV,2026,NOV-PR,1.6T 하이브리드,FWD,포레스트 그린,5,5,2052
2026-09,northeast,NOV,2026,NOV-PR,1.6T 하이브리드,FWD,샌드 베이지,5,5,2052
2026-09,northeast,NOV,2026,NOV-LO,3.5 가솔린,AWD,스노우 화이트,7,7,6657
2026-09,northeast,NOV,2026,NOV-LO,3.5 가솔린,AWD,미드나잇 블랙,6,6,5270
2026-09,northeast,NOV,2026,NOV-LO,3.5 가솔린,AWD,스틸 그레이,5,5,4438
2026-09,northeast,NOV,2026,NOV-LO,3.5 가솔린,AWD,실버,4,4,3606
2026-09,northeast,NOV,2026,NOV-LO,3.5 가솔린,AWD,오션 블루,3,3,2774
2026-09,northeast,NOV,2026,NOV-LO,3.5 가솔린,AWD,선셋 레드,2,2,2219
2026-09,northeast,NOV,2026,NOV-LO,3.5 가솔린,AWD,포레스트 그린,1,2,1387
2026-09,northeast,NOV,2026,NOV-LO,3.5 가솔린,AWD,샌드 베이지,1,2,1387
2026-09,northeast,NOV,2026,NOV-LO,3.5 가솔린,FWD,스노우 화이트,9,9,7974
2026-09,northeast,NOV,2026,NOV-LO,3.5 가솔린,FWD,미드나잇 블랙,7,7,6313
2026-09,northeast,NOV,2026,NOV-LO,3.5 가솔린,FWD,스틸 그레이,6,6,5316
2026-09,northeast,NOV,2026,NOV-LO,3.5 가솔린,FWD,실버,5,5,4319
2026-09,northeast,NOV,2026,NOV-LO,3.5 가솔린,FWD,오션 블루,4,4,3323
2026-09,northeast,NOV,2026,NOV-LO,3.5 가솔린,FWD,선셋 레드,3,3,2658
2026-09,northeast,NOV,2026,NOV-LO,3.5 가솔린,FWD,포레스트 그린,2,2,1661
2026-09,northeast,NOV,2026,NOV-LO,3.5 가솔린,FWD,샌드 베이지,2,2,1661
2026-09,northeast,NOV,2026,NOV-LO,1.6T 하이브리드,AWD,스노우 화이트,9,9,8137
2026-09,northeast,NOV,2026,NOV-LO,1.6T 하이브리드,AWD,미드나잇 블랙,7,7,6442
2026-09,northeast,NOV,2026,NOV-LO,1.6T 하이브리드,AWD,스틸 그레이,6,6,5424
2026-09,northeast,NOV,2026,NOV-LO,1.6T 하이브리드,AWD,실버,5,5,4407
2026-09,northeast,NOV,2026,NOV-LO,1.6T 하이브리드,AWD,오션 블루,4,4,3390
2026-09,northeast,NOV,2026,NOV-LO,1.6T 하이브리드,AWD,선셋 레드,3,3,2712
2026-09,northeast,NOV,2026,NOV-LO,1.6T 하이브리드,AWD,포레스트 그린,2,2,1695
2026-09,northeast,NOV,2026,NOV-LO,1.6T 하이브리드,AWD,샌드 베이지,2,2,1695
2026-09,northeast,NOV,2026,NOV-LO,1.6T 하이브리드,FWD,스노우 화이트,10,11,9746
2026-09,northeast,NOV,2026,NOV-LO,1.6T 하이브리드,FWD,미드나잇 블랙,8,8,7716
2026-09,northeast,NOV,2026,NOV-LO,1.6T 하이브리드,FWD,스틸 그레이,7,7,6497
2026-09,northeast,NOV,2026,NOV-LO,1.6T 하이브리드,FWD,실버,6,6,5279
2026-09,northeast,NOV,2026,NOV-LO,1.6T 하이브리드,FWD,오션 블루,4,4,4061
2026-09,northeast,NOV,2026,NOV-LO,1.6T 하이브리드,FWD,선셋 레드,3,4,3249
2026-09,northeast,NOV,2026,NOV-LO,1.6T 하이브리드,FWD,포레스트 그린,2,2,2030
2026-09,northeast,NOV,2026,NOV-LO,1.6T 하이브리드,FWD,샌드 베이지,2,2,2030
2026-09,northeast,NOV,2027,NOV-CO,3.5 가솔린,AWD,스노우 화이트,10,10,733
2026-09,northeast,NOV,2027,NOV-CO,3.5 가솔린,AWD,미드나잇 블랙,8,8,580
2026-09,northeast,NOV,2027,NOV-CO,3.5 가솔린,AWD,스틸 그레이,7,7,488
2026-09,northeast,NOV,2027,NOV-CO,3.5 가솔린,AWD,실버,5,6,397
2026-09,northeast,NOV,2027,NOV-CO,3.5 가솔린,AWD,오션 블루,4,4,305
2026-09,northeast,NOV,2027,NOV-CO,3.5 가솔린,AWD,선셋 레드,3,3,244
2026-09,northeast,NOV,2027,NOV-CO,3.5 가솔린,AWD,포레스트 그린,2,2,153
2026-09,northeast,NOV,2027,NOV-CO,3.5 가솔린,AWD,샌드 베이지,2,2,153
2026-09,northeast,NOV,2027,NOV-CO,3.5 가솔린,FWD,스노우 화이트,12,12,878
2026-09,northeast,NOV,2027,NOV-CO,3.5 가솔린,FWD,미드나잇 블랙,10,10,695
2026-09,northeast,NOV,2027,NOV-CO,3.5 가솔린,FWD,스틸 그레이,8,8,585
2026-09,northeast,NOV,2027,NOV-CO,3.5 가솔린,FWD,실버,7,7,475
2026-09,northeast,NOV,2027,NOV-CO,3.5 가솔린,FWD,오션 블루,5,5,366
2026-09,northeast,NOV,2027,NOV-CO,3.5 가솔린,FWD,선셋 레드,4,4,293
2026-09,northeast,NOV,2027,NOV-CO,3.5 가솔린,FWD,포레스트 그린,3,3,183
2026-09,northeast,NOV,2027,NOV-CO,3.5 가솔린,FWD,샌드 베이지,3,3,183
2026-09,northeast,NOV,2027,NOV-CO,1.6T 하이브리드,AWD,스노우 화이트,12,13,895
2026-09,northeast,NOV,2027,NOV-CO,1.6T 하이브리드,AWD,미드나잇 블랙,10,10,709
2026-09,northeast,NOV,2027,NOV-CO,1.6T 하이브리드,AWD,스틸 그레이,8,8,597
2026-09,northeast,NOV,2027,NOV-CO,1.6T 하이브리드,AWD,실버,7,7,485
2026-09,northeast,NOV,2027,NOV-CO,1.6T 하이브리드,AWD,오션 블루,5,5,373
2026-09,northeast,NOV,2027,NOV-CO,1.6T 하이브리드,AWD,선셋 레드,4,4,298
2026-09,northeast,NOV,2027,NOV-CO,1.6T 하이브리드,AWD,포레스트 그린,3,3,187
2026-09,northeast,NOV,2027,NOV-CO,1.6T 하이브리드,AWD,샌드 베이지,3,3,187
2026-09,northeast,NOV,2027,NOV-CO,1.6T 하이브리드,FWD,스노우 화이트,15,15,1073
2026-09,northeast,NOV,2027,NOV-CO,1.6T 하이브리드,FWD,미드나잇 블랙,12,12,849
2026-09,northeast,NOV,2027,NOV-CO,1.6T 하이브리드,FWD,스틸 그레이,10,10,715
2026-09,northeast,NOV,2027,NOV-CO,1.6T 하이브리드,FWD,실버,8,8,581
2026-09,northeast,NOV,2027,NOV-CO,1.6T 하이브리드,FWD,오션 블루,6,6,447
2026-09,northeast,NOV,2027,NOV-CO,1.6T 하이브리드,FWD,선셋 레드,5,5,358
2026-09,northeast,NOV,2027,NOV-CO,1.6T 하이브리드,FWD,포레스트 그린,3,3,223
2026-09,northeast,NOV,2027,NOV-CO,1.6T 하이브리드,FWD,샌드 베이지,3,3,223
2026-09,northeast,NOV,2027,NOV-PR,3.5 가솔린,AWD,스노우 화이트,12,12,4485
2026-09,northeast,NOV,2027,NOV-PR,3.5 가솔린,AWD,미드나잇 블랙,9,9,3551
2026-09,northeast,NOV,2027,NOV-PR,3.5 가솔린,AWD,스틸 그레이,8,8,2990
2026-09,northeast,NOV,2027,NOV-PR,3.5 가솔린,AWD,실버,6,6,2429
2026-09,northeast,NOV,2027,NOV-PR,3.5 가솔린,AWD,오션 블루,5,5,1869
2026-09,northeast,NOV,2027,NOV-PR,3.5 가솔린,AWD,선셋 레드,4,4,1495
2026-09,northeast,NOV,2027,NOV-PR,3.5 가솔린,AWD,포레스트 그린,2,2,934
2026-09,northeast,NOV,2027,NOV-PR,3.5 가솔린,AWD,샌드 베이지,2,2,934
2026-09,northeast,NOV,2027,NOV-PR,3.5 가솔린,FWD,스노우 화이트,14,14,5372
2026-09,northeast,NOV,2027,NOV-PR,3.5 가솔린,FWD,미드나잇 블랙,11,11,4253
2026-09,northeast,NOV,2027,NOV-PR,3.5 가솔린,FWD,스틸 그레이,9,10,3581
2026-09,northeast,NOV,2027,NOV-PR,3.5 가솔린,FWD,실버,8,8,2910
2026-09,northeast,NOV,2027,NOV-PR,3.5 가솔린,FWD,오션 블루,6,6,2238
2026-09,northeast,NOV,2027,NOV-PR,3.5 가솔린,FWD,선셋 레드,5,5,1791
2026-09,northeast,NOV,2027,NOV-PR,3.5 가솔린,FWD,포레스트 그린,3,3,1119
2026-09,northeast,NOV,2027,NOV-PR,3.5 가솔린,FWD,샌드 베이지,3,3,1119
2026-09,northeast,NOV,2027,NOV-PR,1.6T 하이브리드,AWD,스노우 화이트,14,15,5482
2026-09,northeast,NOV,2027,NOV-PR,1.6T 하이브리드,AWD,미드나잇 블랙,11,12,4340
2026-09,northeast,NOV,2027,NOV-PR,1.6T 하이브리드,AWD,스틸 그레이,10,10,3654
2026-09,northeast,NOV,2027,NOV-PR,1.6T 하이브리드,AWD,실버,8,8,2969
2026-09,northeast,NOV,2027,NOV-PR,1.6T 하이브리드,AWD,오션 블루,6,6,2284
2026-09,northeast,NOV,2027,NOV-PR,1.6T 하이브리드,AWD,선셋 레드,5,5,1827
2026-09,northeast,NOV,2027,NOV-PR,1.6T 하이브리드,AWD,포레스트 그린,3,3,1142
2026-09,northeast,NOV,2027,NOV-PR,1.6T 하이브리드,AWD,샌드 베이지,3,3,1142
2026-09,northeast,NOV,2027,NOV-PR,1.6T 하이브리드,FWD,스노우 화이트,17,17,6566
2026-09,northeast,NOV,2027,NOV-PR,1.6T 하이브리드,FWD,미드나잇 블랙,14,14,5198
2026-09,northeast,NOV,2027,NOV-PR,1.6T 하이브리드,FWD,스틸 그레이,11,12,4377
2026-09,northeast,NOV,2027,NOV-PR,1.6T 하이브리드,FWD,실버,9,9,3556
2026-09,northeast,NOV,2027,NOV-PR,1.6T 하이브리드,FWD,오션 블루,7,7,2736
2026-09,northeast,NOV,2027,NOV-PR,1.6T 하이브리드,FWD,선셋 레드,6,6,2189
2026-09,northeast,NOV,2027,NOV-PR,1.6T 하이브리드,FWD,포레스트 그린,4,4,1368
2026-09,northeast,NOV,2027,NOV-PR,1.6T 하이브리드,FWD,샌드 베이지,4,4,1368
2026-09,northeast,NOV,2027,NOV-LO,3.5 가솔린,AWD,스노우 화이트,5,5,4438
2026-09,northeast,NOV,2027,NOV-LO,3.5 가솔린,AWD,미드나잇 블랙,4,4,3514
2026-09,northeast,NOV,2027,NOV-LO,3.5 가솔린,AWD,스틸 그레이,3,3,2959
2026-09,northeast,NOV,2027,NOV-LO,3.5 가솔린,AWD,실버,3,3,2404
2026-09,northeast,NOV,2027,NOV-LO,3.5 가솔린,AWD,오션 블루,2,2,1849
2026-09,northeast,NOV,2027,NOV-LO,3.5 가솔린,AWD,선셋 레드,2,2,1479
2026-09,northeast,NOV,2027,NOV-LO,3.5 가솔린,AWD,포레스트 그린,1,1,925
2026-09,northeast,NOV,2027,NOV-LO,3.5 가솔린,AWD,샌드 베이지,1,1,925
2026-09,northeast,NOV,2027,NOV-LO,3.5 가솔린,FWD,스노우 화이트,6,6,5316
2026-09,northeast,NOV,2027,NOV-LO,3.5 가솔린,FWD,미드나잇 블랙,5,5,4209
2026-09,northeast,NOV,2027,NOV-LO,3.5 가솔린,FWD,스틸 그레이,4,4,3544
2026-09,northeast,NOV,2027,NOV-LO,3.5 가솔린,FWD,실버,3,3,2880
2026-09,northeast,NOV,2027,NOV-LO,3.5 가솔린,FWD,오션 블루,2,2,2215
2026-09,northeast,NOV,2027,NOV-LO,3.5 가솔린,FWD,선셋 레드,2,2,1772
2026-09,northeast,NOV,2027,NOV-LO,3.5 가솔린,FWD,포레스트 그린,1,1,1108
2026-09,northeast,NOV,2027,NOV-LO,3.5 가솔린,FWD,샌드 베이지,1,1,1108
2026-09,northeast,NOV,2027,NOV-LO,1.6T 하이브리드,AWD,스노우 화이트,6,6,5424
2026-09,northeast,NOV,2027,NOV-LO,1.6T 하이브리드,AWD,미드나잇 블랙,5,5,4294
2026-09,northeast,NOV,2027,NOV-LO,1.6T 하이브리드,AWD,스틸 그레이,4,4,3616
2026-09,northeast,NOV,2027,NOV-LO,1.6T 하이브리드,AWD,실버,3,3,2938
2026-09,northeast,NOV,2027,NOV-LO,1.6T 하이브리드,AWD,오션 블루,2,2,2260
2026-09,northeast,NOV,2027,NOV-LO,1.6T 하이브리드,AWD,선셋 레드,2,2,1808
2026-09,northeast,NOV,2027,NOV-LO,1.6T 하이브리드,AWD,포레스트 그린,1,1,1130
2026-09,northeast,NOV,2027,NOV-LO,1.6T 하이브리드,AWD,샌드 베이지,1,1,1130
2026-09,northeast,NOV,2027,NOV-LO,1.6T 하이브리드,FWD,스노우 화이트,7,7,6497
2026-09,northeast,NOV,2027,NOV-LO,1.6T 하이브리드,FWD,미드나잇 블랙,6,6,5144
2026-09,northeast,NOV,2027,NOV-LO,1.6T 하이브리드,FWD,스틸 그레이,5,5,4332
2026-09,northeast,NOV,2027,NOV-LO,1.6T 하이브리드,FWD,실버,4,4,3519
2026-09,northeast,NOV,2027,NOV-LO,1.6T 하이브리드,FWD,오션 블루,3,3,2707
2026-09,northeast,NOV,2027,NOV-LO,1.6T 하이브리드,FWD,선셋 레드,2,2,2166
2026-09,northeast,NOV,2027,NOV-LO,1.6T 하이브리드,FWD,포레스트 그린,1,1,1354
2026-09,northeast,NOV,2027,NOV-LO,1.6T 하이브리드,FWD,샌드 베이지,1,1,1354
2026-09,southeast,NOV,2026,NOV-CO,3.5 가솔린,AWD,스노우 화이트,10,11,761
2026-09,southeast,NOV,2026,NOV-CO,3.5 가솔린,AWD,미드나잇 블랙,8,8,602
2026-09,southeast,NOV,2026,NOV-CO,3.5 가솔린,AWD,스틸 그레이,7,7,507
2026-09,southeast,NOV,2026,NOV-CO,3.5 가솔린,AWD,실버,6,6,412
2026-09,southeast,NOV,2026,NOV-CO,3.5 가솔린,AWD,오션 블루,4,4,317
2026-09,southeast,NOV,2026,NOV-CO,3.5 가솔린,AWD,선셋 레드,3,4,254
2026-09,southeast,NOV,2026,NOV-CO,3.5 가솔린,AWD,포레스트 그린,2,2,158
2026-09,southeast,NOV,2026,NOV-CO,3.5 가솔린,AWD,샌드 베이지,2,2,158
2026-09,southeast,NOV,2026,NOV-CO,3.5 가솔린,FWD,스노우 화이트,25,25,1796
2026-09,southeast,NOV,2026,NOV-CO,3.5 가솔린,FWD,미드나잇 블랙,20,20,1422
2026-09,southeast,NOV,2026,NOV-CO,3.5 가솔린,FWD,스틸 그레이,16,17,1198
2026-09,southeast,NOV,2026,NOV-CO,3.5 가솔린,FWD,실버,13,14,973
2026-09,southeast,NOV,2026,NOV-CO,3.5 가솔린,FWD,오션 블루,10,11,749
2026-09,southeast,NOV,2026,NOV-CO,3.5 가솔린,FWD,선셋 레드,8,8,599
2026-09,southeast,NOV,2026,NOV-CO,3.5 가솔린,FWD,포레스트 그린,5,5,374
2026-09,southeast,NOV,2026,NOV-CO,3.5 가솔린,FWD,샌드 베이지,5,5,374
2026-09,southeast,NOV,2026,NOV-CO,1.6T 하이브리드,AWD,스노우 화이트,13,13,930
2026-09,southeast,NOV,2026,NOV-CO,1.6T 하이브리드,AWD,미드나잇 블랙,10,10,736
2026-09,southeast,NOV,2026,NOV-CO,1.6T 하이브리드,AWD,스틸 그레이,9,9,620
2026-09,southeast,NOV,2026,NOV-CO,1.6T 하이브리드,AWD,실버,7,7,504
2026-09,southeast,NOV,2026,NOV-CO,1.6T 하이브리드,AWD,오션 블루,5,5,387
2026-09,southeast,NOV,2026,NOV-CO,1.6T 하이브리드,AWD,선셋 레드,4,4,310
2026-09,southeast,NOV,2026,NOV-CO,1.6T 하이브리드,AWD,포레스트 그린,3,3,194
2026-09,southeast,NOV,2026,NOV-CO,1.6T 하이브리드,AWD,샌드 베이지,3,3,194
2026-09,southeast,NOV,2026,NOV-CO,1.6T 하이브리드,FWD,스노우 화이트,30,31,2196
2026-09,southeast,NOV,2026,NOV-CO,1.6T 하이브리드,FWD,미드나잇 블랙,24,24,1738
2026-09,southeast,NOV,2026,NOV-CO,1.6T 하이브리드,FWD,스틸 그레이,20,21,1464
2026-09,southeast,NOV,2026,NOV-CO,1.6T 하이브리드,FWD,실버,16,17,1189
2026-09,southeast,NOV,2026,NOV-CO,1.6T 하이브리드,FWD,오션 블루,13,13,915
2026-09,southeast,NOV,2026,NOV-CO,1.6T 하이브리드,FWD,선셋 레드,10,10,732
2026-09,southeast,NOV,2026,NOV-CO,1.6T 하이브리드,FWD,포레스트 그린,6,6,457
2026-09,southeast,NOV,2026,NOV-CO,1.6T 하이브리드,FWD,샌드 베이지,6,6,457
2026-09,southeast,NOV,2026,NOV-PR,3.5 가솔린,AWD,스노우 화이트,12,12,4657
2026-09,southeast,NOV,2026,NOV-PR,3.5 가솔린,AWD,미드나잇 블랙,10,10,3687
2026-09,southeast,NOV,2026,NOV-PR,3.5 가솔린,AWD,스틸 그레이,8,8,3105
2026-09,southeast,NOV,2026,NOV-PR,3.5 가솔린,AWD,실버,7,7,2523
2026-09,southeast,NOV,2026,NOV-PR,3.5 가솔린,AWD,오션 블루,5,5,1941
2026-09,southeast,NOV,2026,NOV-PR,3.5 가솔린,AWD,선셋 레드,4,4,1552
2026-09,southeast,NOV,2026,NOV-PR,3.5 가솔린,AWD,포레스트 그린,3,3,970
2026-09,southeast,NOV,2026,NOV-PR,3.5 가솔린,AWD,샌드 베이지,3,3,970
2026-09,southeast,NOV,2026,NOV-PR,3.5 가솔린,FWD,스노우 화이트,29,29,10998
2026-09,southeast,NOV,2026,NOV-PR,3.5 가솔린,FWD,미드나잇 블랙,23,23,8707
2026-09,southeast,NOV,2026,NOV-PR,3.5 가솔린,FWD,스틸 그레이,19,19,7332
2026-09,southeast,NOV,2026,NOV-PR,3.5 가솔린,FWD,실버,15,16,5957
2026-09,southeast,NOV,2026,NOV-PR,3.5 가솔린,FWD,오션 블루,12,12,4582
2026-09,southeast,NOV,2026,NOV-PR,3.5 가솔린,FWD,선셋 레드,10,10,3666
2026-09,southeast,NOV,2026,NOV-PR,3.5 가솔린,FWD,포레스트 그린,6,6,2291
2026-09,southeast,NOV,2026,NOV-PR,3.5 가솔린,FWD,샌드 베이지,6,6,2291
2026-09,southeast,NOV,2026,NOV-PR,1.6T 하이브리드,AWD,스노우 화이트,15,15,5692
2026-09,southeast,NOV,2026,NOV-PR,1.6T 하이브리드,AWD,미드나잇 블랙,12,12,4506
2026-09,southeast,NOV,2026,NOV-PR,1.6T 하이브리드,AWD,스틸 그레이,10,10,3795
2026-09,southeast,NOV,2026,NOV-PR,1.6T 하이브리드,AWD,실버,8,8,3083
2026-09,southeast,NOV,2026,NOV-PR,1.6T 하이브리드,AWD,오션 블루,6,6,2372
2026-09,southeast,NOV,2026,NOV-PR,1.6T 하이브리드,AWD,선셋 레드,5,5,1897
2026-09,southeast,NOV,2026,NOV-PR,1.6T 하이브리드,AWD,포레스트 그린,3,3,1186
2026-09,southeast,NOV,2026,NOV-PR,1.6T 하이브리드,AWD,샌드 베이지,3,3,1186
2026-09,southeast,NOV,2026,NOV-PR,1.6T 하이브리드,FWD,스노우 화이트,35,36,13442
2026-09,southeast,NOV,2026,NOV-PR,1.6T 하이브리드,FWD,미드나잇 블랙,28,28,10641
2026-09,southeast,NOV,2026,NOV-PR,1.6T 하이브리드,FWD,스틸 그레이,23,24,8961
2026-09,southeast,NOV,2026,NOV-PR,1.6T 하이브리드,FWD,실버,19,19,7281
2026-09,southeast,NOV,2026,NOV-PR,1.6T 하이브리드,FWD,오션 블루,15,15,5601
2026-09,southeast,NOV,2026,NOV-PR,1.6T 하이브리드,FWD,선셋 레드,12,12,4481
2026-09,southeast,NOV,2026,NOV-PR,1.6T 하이브리드,FWD,포레스트 그린,7,7,2800
2026-09,southeast,NOV,2026,NOV-PR,1.6T 하이브리드,FWD,샌드 베이지,7,7,2800
2026-09,southeast,NOV,2026,NOV-LO,3.5 가솔린,AWD,스노우 화이트,5,5,4609
2026-09,southeast,NOV,2026,NOV-LO,3.5 가솔린,AWD,미드나잇 블랙,4,4,3649
2026-09,southeast,NOV,2026,NOV-LO,3.5 가솔린,AWD,스틸 그레이,3,3,3073
2026-09,southeast,NOV,2026,NOV-LO,3.5 가솔린,AWD,실버,3,3,2496
2026-09,southeast,NOV,2026,NOV-LO,3.5 가솔린,AWD,오션 블루,2,2,1920
2026-09,southeast,NOV,2026,NOV-LO,3.5 가솔린,AWD,선셋 레드,2,2,1536
2026-09,southeast,NOV,2026,NOV-LO,3.5 가솔린,AWD,포레스트 그린,1,1,960
2026-09,southeast,NOV,2026,NOV-LO,3.5 가솔린,AWD,샌드 베이지,1,1,960
2026-09,southeast,NOV,2026,NOV-LO,3.5 가솔린,FWD,스노우 화이트,12,12,10883
2026-09,southeast,NOV,2026,NOV-LO,3.5 가솔린,FWD,미드나잇 블랙,9,9,8616
2026-09,southeast,NOV,2026,NOV-LO,3.5 가솔린,FWD,스틸 그레이,8,8,7255
2026-09,southeast,NOV,2026,NOV-LO,3.5 가솔린,FWD,실버,6,6,5895
2026-09,southeast,NOV,2026,NOV-LO,3.5 가솔린,FWD,오션 블루,5,5,4535
2026-09,southeast,NOV,2026,NOV-LO,3.5 가솔린,FWD,선셋 레드,4,4,3628
2026-09,southeast,NOV,2026,NOV-LO,3.5 가솔린,FWD,포레스트 그린,2,2,2267
2026-09,southeast,NOV,2026,NOV-LO,3.5 가솔린,FWD,샌드 베이지,2,2,2267
2026-09,southeast,NOV,2026,NOV-LO,1.6T 하이브리드,AWD,스노우 화이트,6,6,5633
2026-09,southeast,NOV,2026,NOV-LO,1.6T 하이브리드,AWD,미드나잇 블랙,5,5,4460
2026-09,southeast,NOV,2026,NOV-LO,1.6T 하이브리드,AWD,스틸 그레이,4,4,3755
2026-09,southeast,NOV,2026,NOV-LO,1.6T 하이브리드,AWD,실버,3,3,3051
2026-09,southeast,NOV,2026,NOV-LO,1.6T 하이브리드,AWD,오션 블루,3,3,2347
2026-09,southeast,NOV,2026,NOV-LO,1.6T 하이브리드,AWD,선셋 레드,2,2,1878
2026-09,southeast,NOV,2026,NOV-LO,1.6T 하이브리드,AWD,포레스트 그린,1,1,1174
2026-09,southeast,NOV,2026,NOV-LO,1.6T 하이브리드,AWD,샌드 베이지,1,1,1174
2026-09,southeast,NOV,2026,NOV-LO,1.6T 하이브리드,FWD,스노우 화이트,14,15,13302
2026-09,southeast,NOV,2026,NOV-LO,1.6T 하이브리드,FWD,미드나잇 블랙,11,12,10531
2026-09,southeast,NOV,2026,NOV-LO,1.6T 하이브리드,FWD,스틸 그레이,10,10,8868
2026-09,southeast,NOV,2026,NOV-LO,1.6T 하이브리드,FWD,실버,8,8,7205
2026-09,southeast,NOV,2026,NOV-LO,1.6T 하이브리드,FWD,오션 블루,6,6,5542
2026-09,southeast,NOV,2026,NOV-LO,1.6T 하이브리드,FWD,선셋 레드,5,5,4434
2026-09,southeast,NOV,2026,NOV-LO,1.6T 하이브리드,FWD,포레스트 그린,3,3,2771
2026-09,southeast,NOV,2026,NOV-LO,1.6T 하이브리드,FWD,샌드 베이지,3,3,2771
2026-09,southeast,NOV,2027,NOV-CO,3.5 가솔린,AWD,스노우 화이트,7,7,507
2026-09,southeast,NOV,2027,NOV-CO,3.5 가솔린,AWD,미드나잇 블랙,6,6,402
2026-09,southeast,NOV,2027,NOV-CO,3.5 가솔린,AWD,스틸 그레이,5,5,338
2026-09,southeast,NOV,2027,NOV-CO,3.5 가솔린,AWD,실버,4,4,275
2026-09,southeast,NOV,2027,NOV-CO,3.5 가솔린,AWD,오션 블루,3,3,211
2026-09,southeast,NOV,2027,NOV-CO,3.5 가솔린,AWD,선셋 레드,2,2,169
2026-09,southeast,NOV,2027,NOV-CO,3.5 가솔린,AWD,포레스트 그린,1,1,106
2026-09,southeast,NOV,2027,NOV-CO,3.5 가솔린,AWD,샌드 베이지,1,1,106
2026-09,southeast,NOV,2027,NOV-CO,3.5 가솔린,FWD,스노우 화이트,16,17,1198
2026-09,southeast,NOV,2027,NOV-CO,3.5 가솔린,FWD,미드나잇 블랙,13,13,948
2026-09,southeast,NOV,2027,NOV-CO,3.5 가솔린,FWD,스틸 그레이,11,11,798
2026-09,southeast,NOV,2027,NOV-CO,3.5 가솔린,FWD,실버,9,9,649
2026-09,southeast,NOV,2027,NOV-CO,3.5 가솔린,FWD,오션 블루,7,7,499
2026-09,southeast,NOV,2027,NOV-CO,3.5 가솔린,FWD,선셋 레드,5,6,399
2026-09,southeast,NOV,2027,NOV-CO,3.5 가솔린,FWD,포레스트 그린,3,4,250
2026-09,southeast,NOV,2027,NOV-CO,3.5 가솔린,FWD,샌드 베이지,3,4,250
2026-09,southeast,NOV,2027,NOV-CO,1.6T 하이브리드,AWD,스노우 화이트,9,9,620
2026-09,southeast,NOV,2027,NOV-CO,1.6T 하이브리드,AWD,미드나잇 블랙,7,7,491
2026-09,southeast,NOV,2027,NOV-CO,1.6T 하이브리드,AWD,스틸 그레이,6,6,413
2026-09,southeast,NOV,2027,NOV-CO,1.6T 하이브리드,AWD,실버,5,5,336
2026-09,southeast,NOV,2027,NOV-CO,1.6T 하이브리드,AWD,오션 블루,4,4,258
2026-09,southeast,NOV,2027,NOV-CO,1.6T 하이브리드,AWD,선셋 레드,3,3,207
2026-09,southeast,NOV,2027,NOV-CO,1.6T 하이브리드,AWD,포레스트 그린,2,2,129
2026-09,southeast,NOV,2027,NOV-CO,1.6T 하이브리드,AWD,샌드 베이지,2,2,129
2026-09,southeast,NOV,2027,NOV-CO,1.6T 하이브리드,FWD,스노우 화이트,20,21,1464
2026-09,southeast,NOV,2027,NOV-CO,1.6T 하이브리드,FWD,미드나잇 블랙,16,16,1159
2026-09,southeast,NOV,2027,NOV-CO,1.6T 하이브리드,FWD,스틸 그레이,13,14,976
2026-09,southeast,NOV,2027,NOV-CO,1.6T 하이브리드,FWD,실버,11,11,793
2026-09,southeast,NOV,2027,NOV-CO,1.6T 하이브리드,FWD,오션 블루,8,9,610
2026-09,southeast,NOV,2027,NOV-CO,1.6T 하이브리드,FWD,선셋 레드,7,7,488
2026-09,southeast,NOV,2027,NOV-CO,1.6T 하이브리드,FWD,포레스트 그린,4,4,305
2026-09,southeast,NOV,2027,NOV-CO,1.6T 하이브리드,FWD,샌드 베이지,4,4,305
2026-09,southeast,NOV,2027,NOV-PR,3.5 가솔린,AWD,스노우 화이트,8,8,3105
2026-09,southeast,NOV,2027,NOV-PR,3.5 가솔린,AWD,미드나잇 블랙,6,7,2458
2026-09,southeast,NOV,2027,NOV-PR,3.5 가솔린,AWD,스틸 그레이,5,5,2070
2026-09,southeast,NOV,2027,NOV-PR,3.5 가솔린,AWD,실버,4,4,1682
2026-09,southeast,NOV,2027,NOV-PR,3.5 가솔린,AWD,오션 블루,3,3,1294
2026-09,southeast,NOV,2027,NOV-PR,3.5 가솔린,AWD,선셋 레드,3,3,1035
2026-09,southeast,NOV,2027,NOV-PR,3.5 가솔린,AWD,포레스트 그린,2,2,647
2026-09,southeast,NOV,2027,NOV-PR,3.5 가솔린,AWD,샌드 베이지,2,2,647
2026-09,southeast,NOV,2027,NOV-PR,3.5 가솔린,FWD,스노우 화이트,19,19,7332
2026-09,southeast,NOV,2027,NOV-PR,3.5 가솔린,FWD,미드나잇 블랙,15,15,5804
2026-09,southeast,NOV,2027,NOV-PR,3.5 가솔린,FWD,스틸 그레이,13,13,4888
2026-09,southeast,NOV,2027,NOV-PR,3.5 가솔린,FWD,실버,10,11,3971
2026-09,southeast,NOV,2027,NOV-PR,3.5 가솔린,FWD,오션 블루,8,8,3055
2026-09,southeast,NOV,2027,NOV-PR,3.5 가솔린,FWD,선셋 레드,6,6,2444
2026-09,southeast,NOV,2027,NOV-PR,3.5 가솔린,FWD,포레스트 그린,4,4,1527
2026-09,southeast,NOV,2027,NOV-PR,3.5 가솔린,FWD,샌드 베이지,4,4,1527
2026-09,southeast,NOV,2027,NOV-PR,1.6T 하이브리드,AWD,스노우 화이트,10,10,3795
2026-09,southeast,NOV,2027,NOV-PR,1.6T 하이브리드,AWD,미드나잇 블랙,8,8,3004
2026-09,southeast,NOV,2027,NOV-PR,1.6T 하이브리드,AWD,스틸 그레이,7,7,2530
2026-09,southeast,NOV,2027,NOV-PR,1.6T 하이브리드,AWD,실버,5,5,2056
2026-09,southeast,NOV,2027,NOV-PR,1.6T 하이브리드,AWD,오션 블루,4,4,1581
2026-09,southeast,NOV,2027,NOV-PR,1.6T 하이브리드,AWD,선셋 레드,3,3,1265
2026-09,southeast,NOV,2027,NOV-PR,1.6T 하이브리드,AWD,포레스트 그린,2,2,791
2026-09,southeast,NOV,2027,NOV-PR,1.6T 하이브리드,AWD,샌드 베이지,2,2,791
2026-09,southeast,NOV,2027,NOV-PR,1.6T 하이브리드,FWD,스노우 화이트,23,24,8961
2026-09,southeast,NOV,2027,NOV-PR,1.6T 하이브리드,FWD,미드나잇 블랙,18,19,7094
2026-09,southeast,NOV,2027,NOV-PR,1.6T 하이브리드,FWD,스틸 그레이,16,16,5974
2026-09,southeast,NOV,2027,NOV-PR,1.6T 하이브리드,FWD,실버,13,13,4854
2026-09,southeast,NOV,2027,NOV-PR,1.6T 하이브리드,FWD,오션 블루,10,10,3734
2026-09,southeast,NOV,2027,NOV-PR,1.6T 하이브리드,FWD,선셋 레드,8,8,2987
2026-09,southeast,NOV,2027,NOV-PR,1.6T 하이브리드,FWD,포레스트 그린,5,5,1867
2026-09,southeast,NOV,2027,NOV-PR,1.6T 하이브리드,FWD,샌드 베이지,5,5,1867
2026-09,southeast,NOV,2027,NOV-LO,3.5 가솔린,AWD,스노우 화이트,3,3,3073
2026-09,southeast,NOV,2027,NOV-LO,3.5 가솔린,AWD,미드나잇 블랙,3,3,2432
2026-09,southeast,NOV,2027,NOV-LO,3.5 가솔린,AWD,스틸 그레이,2,2,2048
2026-09,southeast,NOV,2027,NOV-LO,3.5 가솔린,AWD,실버,2,2,1664
2026-09,southeast,NOV,2027,NOV-LO,3.5 가솔린,AWD,오션 블루,1,1,1280
2026-09,southeast,NOV,2027,NOV-LO,3.5 가솔린,AWD,선셋 레드,1,1,1024
2026-09,southeast,NOV,2027,NOV-LO,3.5 가솔린,AWD,포레스트 그린,1,1,640
2026-09,southeast,NOV,2027,NOV-LO,3.5 가솔린,AWD,샌드 베이지,1,1,640
2026-09,southeast,NOV,2027,NOV-LO,3.5 가솔린,FWD,스노우 화이트,8,8,7255
2026-09,southeast,NOV,2027,NOV-LO,3.5 가솔린,FWD,미드나잇 블랙,6,6,5744
2026-09,southeast,NOV,2027,NOV-LO,3.5 가솔린,FWD,스틸 그레이,5,5,4837
2026-09,southeast,NOV,2027,NOV-LO,3.5 가솔린,FWD,실버,4,4,3930
2026-09,southeast,NOV,2027,NOV-LO,3.5 가솔린,FWD,오션 블루,3,3,3023
2026-09,southeast,NOV,2027,NOV-LO,3.5 가솔린,FWD,선셋 레드,3,3,2418
2026-09,southeast,NOV,2027,NOV-LO,3.5 가솔린,FWD,포레스트 그린,2,2,1512
2026-09,southeast,NOV,2027,NOV-LO,3.5 가솔린,FWD,샌드 베이지,2,2,1512
2026-09,southeast,NOV,2027,NOV-LO,1.6T 하이브리드,AWD,스노우 화이트,4,4,3755
2026-09,southeast,NOV,2027,NOV-LO,1.6T 하이브리드,AWD,미드나잇 블랙,3,3,2973
2026-09,southeast,NOV,2027,NOV-LO,1.6T 하이브리드,AWD,스틸 그레이,3,3,2504
2026-09,southeast,NOV,2027,NOV-LO,1.6T 하이브리드,AWD,실버,2,2,2034
2026-09,southeast,NOV,2027,NOV-LO,1.6T 하이브리드,AWD,오션 블루,2,2,1565
2026-09,southeast,NOV,2027,NOV-LO,1.6T 하이브리드,AWD,선셋 레드,1,1,1252
2026-09,southeast,NOV,2027,NOV-LO,1.6T 하이브리드,AWD,포레스트 그린,1,1,782
2026-09,southeast,NOV,2027,NOV-LO,1.6T 하이브리드,AWD,샌드 베이지,1,1,782
2026-09,southeast,NOV,2027,NOV-LO,1.6T 하이브리드,FWD,스노우 화이트,10,10,8868
2026-09,southeast,NOV,2027,NOV-LO,1.6T 하이브리드,FWD,미드나잇 블랙,8,8,7020
2026-09,southeast,NOV,2027,NOV-LO,1.6T 하이브리드,FWD,스틸 그레이,6,6,5912
2026-09,southeast,NOV,2027,NOV-LO,1.6T 하이브리드,FWD,실버,5,5,4803
2026-09,southeast,NOV,2027,NOV-LO,1.6T 하이브리드,FWD,오션 블루,4,4,3695
2026-09,southeast,NOV,2027,NOV-LO,1.6T 하이브리드,FWD,선셋 레드,3,3,2956
2026-09,southeast,NOV,2027,NOV-LO,1.6T 하이브리드,FWD,포레스트 그린,2,2,1847
2026-09,southeast,NOV,2027,NOV-LO,1.6T 하이브리드,FWD,샌드 베이지,2,2,1847
2026-09,west,LUM,2026,LUM-AI,스탠다드 레인지,AWD,스노우 화이트,22,22,-14977
2026-09,west,LUM,2026,LUM-AI,스탠다드 레인지,AWD,미드나잇 블랙,17,18,-11857
2026-09,west,LUM,2026,LUM-AI,스탠다드 레인지,AWD,스틸 그레이,15,15,-9984
2026-09,west,LUM,2026,LUM-AI,스탠다드 레인지,AWD,실버,12,12,-8112
2026-09,west,LUM,2026,LUM-AI,스탠다드 레인지,AWD,오션 블루,9,9,-6240
2026-09,west,LUM,2026,LUM-AI,스탠다드 레인지,AWD,선셋 레드,7,7,-4992
2026-09,west,LUM,2026,LUM-AI,스탠다드 레인지,AWD,포레스트 그린,5,5,-3120
2026-09,west,LUM,2026,LUM-AI,스탠다드 레인지,AWD,샌드 베이지,5,5,-3120
2026-09,west,LUM,2026,LUM-AI,스탠다드 레인지,FWD,스노우 화이트,27,27,-18305
2026-09,west,LUM,2026,LUM-AI,스탠다드 레인지,FWD,미드나잇 블랙,21,22,-14491
2026-09,west,LUM,2026,LUM-AI,스탠다드 레인지,FWD,스틸 그레이,18,18,-12203
2026-09,west,LUM,2026,LUM-AI,스탠다드 레인지,FWD,실버,14,15,-9915
2026-09,west,LUM,2026,LUM-AI,스탠다드 레인지,FWD,오션 블루,11,11,-7627
2026-09,west,LUM,2026,LUM-AI,스탠다드 레인지,FWD,선셋 레드,9,9,-6102
2026-09,west,LUM,2026,LUM-AI,스탠다드 레인지,FWD,포레스트 그린,6,6,-3814
2026-09,west,LUM,2026,LUM-AI,스탠다드 레인지,FWD,샌드 베이지,6,6,-3814
2026-09,west,LUM,2026,LUM-AI,롱레인지,AWD,스노우 화이트,53,54,-36313
2026-09,west,LUM,2026,LUM-AI,롱레인지,AWD,미드나잇 블랙,42,43,-28748
2026-09,west,LUM,2026,LUM-AI,롱레인지,AWD,스틸 그레이,35,36,-24209
2026-09,west,LUM,2026,LUM-AI,롱레인지,AWD,실버,29,29,-19670
2026-09,west,LUM,2026,LUM-AI,롱레인지,AWD,오션 블루,22,22,-15131
2026-09,west,LUM,2026,LUM-AI,롱레인지,AWD,선셋 레드,18,18,-12104
2026-09,west,LUM,2026,LUM-AI,롱레인지,AWD,포레스트 그린,11,11,-7565
2026-09,west,LUM,2026,LUM-AI,롱레인지,AWD,샌드 베이지,11,11,-7565
2026-09,west,LUM,2026,LUM-AI,롱레인지,FWD,스노우 화이트,65,66,-44383
2026-09,west,LUM,2026,LUM-AI,롱레인지,FWD,미드나잇 블랙,51,52,-35137
2026-09,west,LUM,2026,LUM-AI,롱레인지,FWD,스틸 그레이,43,44,-29589
2026-09,west,LUM,2026,LUM-AI,롱레인지,FWD,실버,35,36,-24041
2026-09,west,LUM,2026,LUM-AI,롱레인지,FWD,오션 블루,27,27,-18493
2026-09,west,LUM,2026,LUM-AI,롱레인지,FWD,선셋 레드,22,22,-14794
2026-09,west,LUM,2026,LUM-AI,롱레인지,FWD,포레스트 그린,13,14,-9246
2026-09,west,LUM,2026,LUM-AI,롱레인지,FWD,샌드 베이지,13,14,-9246
2026-09,west,LUM,2026,LUM-RA,스탠다드 레인지,AWD,스노우 화이트,25,26,-11330
2026-09,west,LUM,2026,LUM-RA,스탠다드 레인지,AWD,미드나잇 블랙,20,20,-8970
2026-09,west,LUM,2026,LUM-RA,스탠다드 레인지,AWD,스틸 그레이,17,17,-7553
2026-09,west,LUM,2026,LUM-RA,스탠다드 레인지,AWD,실버,14,14,-6137
2026-09,west,LUM,2026,LUM-RA,스탠다드 레인지,AWD,오션 블루,11,11,-4721
2026-09,west,LUM,2026,LUM-RA,스탠다드 레인지,AWD,선셋 레드,8,9,-3777
2026-09,west,LUM,2026,LUM-RA,스탠다드 레인지,AWD,포레스트 그린,5,5,-2360
2026-09,west,LUM,2026,LUM-RA,스탠다드 레인지,AWD,샌드 베이지,5,5,-2360
2026-09,west,LUM,2026,LUM-RA,스탠다드 레인지,FWD,스노우 화이트,31,32,-13848
2026-09,west,LUM,2026,LUM-RA,스탠다드 레인지,FWD,미드나잇 블랙,24,25,-10963
2026-09,west,LUM,2026,LUM-RA,스탠다드 레인지,FWD,스틸 그레이,21,21,-9232
2026-09,west,LUM,2026,LUM-RA,스탠다드 레인지,FWD,실버,17,17,-7501
2026-09,west,LUM,2026,LUM-RA,스탠다드 레인지,FWD,오션 블루,13,13,-5770
2026-09,west,LUM,2026,LUM-RA,스탠다드 레인지,FWD,선셋 레드,10,11,-4616
2026-09,west,LUM,2026,LUM-RA,스탠다드 레인지,FWD,포레스트 그린,6,7,-2885
2026-09,west,LUM,2026,LUM-RA,스탠다드 레인지,FWD,샌드 베이지,6,7,-2885
2026-09,west,LUM,2026,LUM-RA,롱레인지,AWD,스노우 화이트,61,62,-27472
2026-09,west,LUM,2026,LUM-RA,롱레인지,AWD,미드나잇 블랙,49,49,-21748
2026-09,west,LUM,2026,LUM-RA,롱레인지,AWD,스틸 그레이,41,42,-18314
2026-09,west,LUM,2026,LUM-RA,롱레인지,AWD,실버,33,34,-14880
2026-09,west,LUM,2026,LUM-RA,롱레인지,AWD,오션 블루,26,26,-11446
2026-09,west,LUM,2026,LUM-RA,롱레인지,AWD,선셋 레드,20,21,-9157
2026-09,west,LUM,2026,LUM-RA,롱레인지,AWD,포레스트 그린,13,13,-5723
2026-09,west,LUM,2026,LUM-RA,롱레인지,AWD,샌드 베이지,13,13,-5723
2026-09,west,LUM,2026,LUM-RA,롱레인지,FWD,스노우 화이트,75,76,-33576
2026-09,west,LUM,2026,LUM-RA,롱레인지,FWD,미드나잇 블랙,59,60,-26581
2026-09,west,LUM,2026,LUM-RA,롱레인지,FWD,스틸 그레이,50,51,-22384
2026-09,west,LUM,2026,LUM-RA,롱레인지,FWD,실버,41,41,-18187
2026-09,west,LUM,2026,LUM-RA,롱레인지,FWD,오션 블루,31,32,-13990
2026-09,west,LUM,2026,LUM-RA,롱레인지,FWD,선셋 레드,25,25,-11192
2026-09,west,LUM,2026,LUM-RA,롱레인지,FWD,포레스트 그린,16,16,-6995
2026-09,west,LUM,2026,LUM-RA,롱레인지,FWD,샌드 베이지,16,16,-6995
2026-09,west,LUM,2026,LUM-SP,스탠다드 레인지,AWD,스노우 화이트,10,11,-331
2026-09,west,LUM,2026,LUM-SP,스탠다드 레인지,AWD,미드나잇 블랙,8,8,-262
2026-09,west,LUM,2026,LUM-SP,스탠다드 레인지,AWD,스틸 그레이,7,7,-221
2026-09,west,LUM,2026,LUM-SP,스탠다드 레인지,AWD,실버,6,6,-180
2026-09,west,LUM,2026,LUM-SP,스탠다드 레인지,AWD,오션 블루,4,4,-138
2026-09,west,LUM,2026,LUM-SP,스탠다드 레인지,AWD,선셋 레드,3,4,-110
2026-09,west,LUM,2026,LUM-SP,스탠다드 레인지,AWD,포레스트 그린,2,2,-69
2026-09,west,LUM,2026,LUM-SP,스탠다드 레인지,AWD,샌드 베이지,2,2,-69
2026-09,west,LUM,2026,LUM-SP,스탠다드 레인지,FWD,스노우 화이트,13,13,-405
2026-09,west,LUM,2026,LUM-SP,스탠다드 레인지,FWD,미드나잇 블랙,10,10,-321
2026-09,west,LUM,2026,LUM-SP,스탠다드 레인지,FWD,스틸 그레이,8,9,-270
2026-09,west,LUM,2026,LUM-SP,스탠다드 레인지,FWD,실버,7,7,-219
2026-09,west,LUM,2026,LUM-SP,스탠다드 레인지,FWD,오션 블루,5,5,-169
2026-09,west,LUM,2026,LUM-SP,스탠다드 레인지,FWD,선셋 레드,4,4,-135
2026-09,west,LUM,2026,LUM-SP,스탠다드 레인지,FWD,포레스트 그린,3,3,-84
2026-09,west,LUM,2026,LUM-SP,스탠다드 레인지,FWD,샌드 베이지,3,3,-84
2026-09,west,LUM,2026,LUM-SP,롱레인지,AWD,스노우 화이트,25,26,-804
2026-09,west,LUM,2026,LUM-SP,롱레인지,AWD,미드나잇 블랙,20,20,-636
2026-09,west,LUM,2026,LUM-SP,롱레인지,AWD,스틸 그레이,17,17,-536
2026-09,west,LUM,2026,LUM-SP,롱레인지,AWD,실버,14,14,-435
2026-09,west,LUM,2026,LUM-SP,롱레인지,AWD,오션 블루,10,11,-335
2026-09,west,LUM,2026,LUM-SP,롱레인지,AWD,선셋 레드,8,9,-268
2026-09,west,LUM,2026,LUM-SP,롱레인지,AWD,포레스트 그린,5,5,-167
2026-09,west,LUM,2026,LUM-SP,롱레인지,AWD,샌드 베이지,5,5,-167
2026-09,west,LUM,2026,LUM-SP,롱레인지,FWD,스노우 화이트,31,31,-982
2026-09,west,LUM,2026,LUM-SP,롱레인지,FWD,미드나잇 블랙,24,25,-778
2026-09,west,LUM,2026,LUM-SP,롱레인지,FWD,스틸 그레이,20,21,-655
2026-09,west,LUM,2026,LUM-SP,롱레인지,FWD,실버,17,17,-532
2026-09,west,LUM,2026,LUM-SP,롱레인지,FWD,오션 블루,13,13,-409
2026-09,west,LUM,2026,LUM-SP,롱레인지,FWD,선셋 레드,10,10,-327
2026-09,west,LUM,2026,LUM-SP,롱레인지,FWD,포레스트 그린,6,7,-205
2026-09,west,LUM,2026,LUM-SP,롱레인지,FWD,샌드 베이지,6,7,-205
2026-09,west,LUM,2027,LUM-AI,스탠다드 레인지,AWD,스노우 화이트,15,15,-9984
2026-09,west,LUM,2027,LUM-AI,스탠다드 레인지,AWD,미드나잇 블랙,12,12,-7904
2026-09,west,LUM,2027,LUM-AI,스탠다드 레인지,AWD,스틸 그레이,10,10,-6656
2026-09,west,LUM,2027,LUM-AI,스탠다드 레인지,AWD,실버,8,8,-5408
2026-09,west,LUM,2027,LUM-AI,스탠다드 레인지,AWD,오션 블루,6,6,-4160
2026-09,west,LUM,2027,LUM-AI,스탠다드 레인지,AWD,선셋 레드,5,5,-3328
2026-09,west,LUM,2027,LUM-AI,스탠다드 레인지,AWD,포레스트 그린,3,3,-2080
2026-09,west,LUM,2027,LUM-AI,스탠다드 레인지,AWD,샌드 베이지,3,3,-2080
2026-09,west,LUM,2027,LUM-AI,스탠다드 레인지,FWD,스노우 화이트,18,18,-12203
2026-09,west,LUM,2027,LUM-AI,스탠다드 레인지,FWD,미드나잇 블랙,14,14,-9661
2026-09,west,LUM,2027,LUM-AI,스탠다드 레인지,FWD,스틸 그레이,12,12,-8135
2026-09,west,LUM,2027,LUM-AI,스탠다드 레인지,FWD,실버,10,10,-6610
2026-09,west,LUM,2027,LUM-AI,스탠다드 레인지,FWD,오션 블루,7,8,-5085
2026-09,west,LUM,2027,LUM-AI,스탠다드 레인지,FWD,선셋 레드,6,6,-4068
2026-09,west,LUM,2027,LUM-AI,스탠다드 레인지,FWD,포레스트 그린,4,4,-2542
2026-09,west,LUM,2027,LUM-AI,스탠다드 레인지,FWD,샌드 베이지,4,4,-2542
2026-09,west,LUM,2027,LUM-AI,롱레인지,AWD,스노우 화이트,35,36,-24209
2026-09,west,LUM,2027,LUM-AI,롱레인지,AWD,미드나잇 블랙,28,28,-19165
2026-09,west,LUM,2027,LUM-AI,롱레인지,AWD,스틸 그레이,24,24,-16139
2026-09,west,LUM,2027,LUM-AI,롱레인지,AWD,실버,19,19,-13113
2026-09,west,LUM,2027,LUM-AI,롱레인지,AWD,오션 블루,15,15,-10087
2026-09,west,LUM,2027,LUM-AI,롱레인지,AWD,선셋 레드,12,12,-8070
2026-09,west,LUM,2027,LUM-AI,롱레인지,AWD,포레스트 그린,7,7,-5044
2026-09,west,LUM,2027,LUM-AI,롱레인지,AWD,샌드 베이지,7,7,-5044
2026-09,west,LUM,2027,LUM-AI,롱레인지,FWD,스노우 화이트,43,44,-29589
2026-09,west,LUM,2027,LUM-AI,롱레인지,FWD,미드나잇 블랙,34,35,-23424
2026-09,west,LUM,2027,LUM-AI,롱레인지,FWD,스틸 그레이,29,29,-19726
2026-09,west,LUM,2027,LUM-AI,롱레인지,FWD,실버,23,24,-16027
2026-09,west,LUM,2027,LUM-AI,롱레인지,FWD,오션 블루,18,18,-12329
2026-09,west,LUM,2027,LUM-AI,롱레인지,FWD,선셋 레드,14,15,-9863
2026-09,west,LUM,2027,LUM-AI,롱레인지,FWD,포레스트 그린,9,9,-6164
2026-09,west,LUM,2027,LUM-AI,롱레인지,FWD,샌드 베이지,9,9,-6164
2026-09,west,LUM,2027,LUM-RA,스탠다드 레인지,AWD,스노우 화이트,17,17,-7553
2026-09,west,LUM,2027,LUM-RA,스탠다드 레인지,AWD,미드나잇 블랙,13,14,-5980
2026-09,west,LUM,2027,LUM-RA,스탠다드 레인지,AWD,스틸 그레이,11,11,-5036
2026-09,west,LUM,2027,LUM-RA,스탠다드 레인지,AWD,실버,9,9,-4091
2026-09,west,LUM,2027,LUM-RA,스탠다드 레인지,AWD,오션 블루,7,7,-3147
2026-09,west,LUM,2027,LUM-RA,스탠다드 레인지,AWD,선셋 레드,6,6,-2518
2026-09,west,LUM,2027,LUM-RA,스탠다드 레인지,AWD,포레스트 그린,4,4,-1574
2026-09,west,LUM,2027,LUM-RA,스탠다드 레인지,AWD,샌드 베이지,4,4,-1574
2026-09,west,LUM,2027,LUM-RA,스탠다드 레인지,FWD,스노우 화이트,21,21,-9232
2026-09,west,LUM,2027,LUM-RA,스탠다드 레인지,FWD,미드나잇 블랙,16,17,-7309
2026-09,west,LUM,2027,LUM-RA,스탠다드 레인지,FWD,스틸 그레이,14,14,-6155
2026-09,west,LUM,2027,LUM-RA,스탠다드 레인지,FWD,실버,11,11,-5001
2026-09,west,LUM,2027,LUM-RA,스탠다드 레인지,FWD,오션 블루,9,9,-3847
2026-09,west,LUM,2027,LUM-RA,스탠다드 레인지,FWD,선셋 레드,7,7,-3077
2026-09,west,LUM,2027,LUM-RA,스탠다드 레인지,FWD,포레스트 그린,4,4,-1923
2026-09,west,LUM,2027,LUM-RA,스탠다드 레인지,FWD,샌드 베이지,4,4,-1923
2026-09,west,LUM,2027,LUM-RA,롱레인지,AWD,스노우 화이트,41,42,-18314
2026-09,west,LUM,2027,LUM-RA,롱레인지,AWD,미드나잇 블랙,32,33,-14499
2026-09,west,LUM,2027,LUM-RA,롱레인지,AWD,스틸 그레이,27,28,-12210
2026-09,west,LUM,2027,LUM-RA,롱레인지,AWD,실버,22,23,-9920
2026-09,west,LUM,2027,LUM-RA,롱레인지,AWD,오션 블루,17,17,-7631
2026-09,west,LUM,2027,LUM-RA,롱레인지,AWD,선셋 레드,14,14,-6105
2026-09,west,LUM,2027,LUM-RA,롱레인지,AWD,포레스트 그린,9,9,-3815
2026-09,west,LUM,2027,LUM-RA,롱레인지,AWD,샌드 베이지,9,9,-3815
2026-09,west,LUM,2027,LUM-RA,롱레인지,FWD,스노우 화이트,50,51,-22384
2026-09,west,LUM,2027,LUM-RA,롱레인지,FWD,미드나잇 블랙,40,40,-17721
2026-09,west,LUM,2027,LUM-RA,롱레인지,FWD,스틸 그레이,33,34,-14923
2026-09,west,LUM,2027,LUM-RA,롱레인지,FWD,실버,27,28,-12125
2026-09,west,LUM,2027,LUM-RA,롱레인지,FWD,오션 블루,21,21,-9327
2026-09,west,LUM,2027,LUM-RA,롱레인지,FWD,선셋 레드,17,17,-7461
2026-09,west,LUM,2027,LUM-RA,롱레인지,FWD,포레스트 그린,10,11,-4663
2026-09,west,LUM,2027,LUM-RA,롱레인지,FWD,샌드 베이지,10,11,-4663
2026-09,west,LUM,2027,LUM-SP,스탠다드 레인지,AWD,스노우 화이트,7,7,-221
2026-09,west,LUM,2027,LUM-SP,스탠다드 레인지,AWD,미드나잇 블랙,5,6,-175
2026-09,west,LUM,2027,LUM-SP,스탠다드 레인지,AWD,스틸 그레이,5,5,-147
2026-09,west,LUM,2027,LUM-SP,스탠다드 레인지,AWD,실버,4,4,-120
2026-09,west,LUM,2027,LUM-SP,스탠다드 레인지,AWD,오션 블루,3,3,-92
2026-09,west,LUM,2027,LUM-SP,스탠다드 레인지,AWD,선셋 레드,2,2,-74
2026-09,west,LUM,2027,LUM-SP,스탠다드 레인지,AWD,포레스트 그린,1,1,-46
2026-09,west,LUM,2027,LUM-SP,스탠다드 레인지,AWD,샌드 베이지,1,1,-46
2026-09,west,LUM,2027,LUM-SP,스탠다드 레인지,FWD,스노우 화이트,8,9,-270
2026-09,west,LUM,2027,LUM-SP,스탠다드 레인지,FWD,미드나잇 블랙,7,7,-214
2026-09,west,LUM,2027,LUM-SP,스탠다드 레인지,FWD,스틸 그레이,6,6,-180
2026-09,west,LUM,2027,LUM-SP,스탠다드 레인지,FWD,실버,5,5,-146
2026-09,west,LUM,2027,LUM-SP,스탠다드 레인지,FWD,오션 블루,4,4,-113
2026-09,west,LUM,2027,LUM-SP,스탠다드 레인지,FWD,선셋 레드,3,3,-90
2026-09,west,LUM,2027,LUM-SP,스탠다드 레인지,FWD,포레스트 그린,2,2,-56
2026-09,west,LUM,2027,LUM-SP,스탠다드 레인지,FWD,샌드 베이지,2,2,-56
2026-09,west,LUM,2027,LUM-SP,롱레인지,AWD,스노우 화이트,17,17,-536
2026-09,west,LUM,2027,LUM-SP,롱레인지,AWD,미드나잇 블랙,13,13,-424
2026-09,west,LUM,2027,LUM-SP,롱레인지,AWD,스틸 그레이,11,11,-357
2026-09,west,LUM,2027,LUM-SP,롱레인지,AWD,실버,9,9,-290
2026-09,west,LUM,2027,LUM-SP,롱레인지,AWD,오션 블루,7,7,-223
2026-09,west,LUM,2027,LUM-SP,롱레인지,AWD,선셋 레드,6,6,-179
2026-09,west,LUM,2027,LUM-SP,롱레인지,AWD,포레스트 그린,3,4,-112
2026-09,west,LUM,2027,LUM-SP,롱레인지,AWD,샌드 베이지,3,4,-112
2026-09,west,LUM,2027,LUM-SP,롱레인지,FWD,스노우 화이트,20,21,-655
2026-09,west,LUM,2027,LUM-SP,롱레인지,FWD,미드나잇 블랙,16,16,-518
2026-09,west,LUM,2027,LUM-SP,롱레인지,FWD,스틸 그레이,14,14,-437
2026-09,west,LUM,2027,LUM-SP,롱레인지,FWD,실버,11,11,-355
2026-09,west,LUM,2027,LUM-SP,롱레인지,FWD,오션 블루,9,9,-273
2026-09,west,LUM,2027,LUM-SP,롱레인지,FWD,선셋 레드,7,7,-218
2026-09,west,LUM,2027,LUM-SP,롱레인지,FWD,포레스트 그린,4,4,-136
2026-09,west,LUM,2027,LUM-SP,롱레인지,FWD,샌드 베이지,4,4,-136
2026-09,central,LUM,2026,LUM-AI,스탠다드 레인지,AWD,스노우 화이트,9,9,-6256
2026-09,central,LUM,2026,LUM-AI,스탠다드 레인지,AWD,미드나잇 블랙,7,7,-4953
2026-09,central,LUM,2026,LUM-AI,스탠다드 레인지,AWD,스틸 그레이,6,6,-4171
2026-09,central,LUM,2026,LUM-AI,스탠다드 레인지,AWD,실버,5,5,-3389
2026-09,central,LUM,2026,LUM-AI,스탠다드 레인지,AWD,오션 블루,4,4,-2607
2026-09,central,LUM,2026,LUM-AI,스탠다드 레인지,AWD,선셋 레드,3,3,-2085
2026-09,central,LUM,2026,LUM-AI,스탠다드 레인지,AWD,포레스트 그린,2,2,-1303
2026-09,central,LUM,2026,LUM-AI,스탠다드 레인지,AWD,샌드 베이지,2,2,-1303
2026-09,central,LUM,2026,LUM-AI,스탠다드 레인지,FWD,스노우 화이트,9,9,-5833
2026-09,central,LUM,2026,LUM-AI,스탠다드 레인지,FWD,미드나잇 블랙,7,7,-4618
2026-09,central,LUM,2026,LUM-AI,스탠다드 레인지,FWD,스틸 그레이,6,6,-3889
2026-09,central,LUM,2026,LUM-AI,스탠다드 레인지,FWD,실버,5,5,-3160
2026-09,central,LUM,2026,LUM-AI,스탠다드 레인지,FWD,오션 블루,4,4,-2430
2026-09,central,LUM,2026,LUM-AI,스탠다드 레인지,FWD,선셋 레드,3,3,-1944
2026-09,central,LUM,2026,LUM-AI,스탠다드 레인지,FWD,포레스트 그린,2,2,-1215
2026-09,central,LUM,2026,LUM-AI,스탠다드 레인지,FWD,샌드 베이지,2,2,-1215
2026-09,central,LUM,2026,LUM-AI,롱레인지,AWD,스노우 화이트,22,23,-15169
2026-09,central,LUM,2026,LUM-AI,롱레인지,AWD,미드나잇 블랙,18,18,-12009
2026-09,central,LUM,2026,LUM-AI,롱레인지,AWD,스틸 그레이,15,15,-10113
2026-09,central,LUM,2026,LUM-AI,롱레인지,AWD,실버,12,12,-8217
2026-09,central,LUM,2026,LUM-AI,롱레인지,AWD,오션 블루,9,9,-6321
2026-09,central,LUM,2026,LUM-AI,롱레인지,AWD,선셋 레드,7,8,-5056
2026-09,central,LUM,2026,LUM-AI,롱레인지,AWD,포레스트 그린,5,5,-3160
2026-09,central,LUM,2026,LUM-AI,롱레인지,AWD,샌드 베이지,5,5,-3160
2026-09,central,LUM,2026,LUM-AI,롱레인지,FWD,스노우 화이트,21,21,-14143
2026-09,central,LUM,2026,LUM-AI,롱레인지,FWD,미드나잇 블랙,16,17,-11197
2026-09,central,LUM,2026,LUM-AI,롱레인지,FWD,스틸 그레이,14,14,-9429
2026-09,central,LUM,2026,LUM-AI,롱레인지,FWD,실버,11,11,-7661
2026-09,central,LUM,2026,LUM-AI,롱레인지,FWD,오션 블루,9,9,-5893
2026-09,central,LUM,2026,LUM-AI,롱레인지,FWD,선셋 레드,7,7,-4714
2026-09,central,LUM,2026,LUM-AI,롱레인지,FWD,포레스트 그린,4,4,-2947
2026-09,central,LUM,2026,LUM-AI,롱레인지,FWD,샌드 베이지,4,4,-2947
2026-09,central,LUM,2026,LUM-RA,스탠다드 레인지,AWD,스노우 화이트,11,11,-4733
2026-09,central,LUM,2026,LUM-RA,스탠다드 레인지,AWD,미드나잇 블랙,8,9,-3747
2026-09,central,LUM,2026,LUM-RA,스탠다드 레인지,AWD,스틸 그레이,7,7,-3155
2026-09,central,LUM,2026,LUM-RA,스탠다드 레인지,AWD,실버,6,6,-2564
2026-09,central,LUM,2026,LUM-RA,스탠다드 레인지,AWD,오션 블루,4,4,-1972
2026-09,central,LUM,2026,LUM-RA,스탠다드 레인지,AWD,선셋 레드,4,4,-1578
2026-09,central,LUM,2026,LUM-RA,스탠다드 레인지,AWD,포레스트 그린,2,2,-986
2026-09,central,LUM,2026,LUM-RA,스탠다드 레인지,AWD,샌드 베이지,2,2,-986
2026-09,central,LUM,2026,LUM-RA,스탠다드 레인지,FWD,스노우 화이트,10,10,-4413
2026-09,central,LUM,2026,LUM-RA,스탠다드 레인지,FWD,미드나잇 블랙,8,8,-3494
2026-09,central,LUM,2026,LUM-RA,스탠다드 레인지,FWD,스틸 그레이,7,7,-2942
2026-09,central,LUM,2026,LUM-RA,스탠다드 레인지,FWD,실버,5,5,-2390
2026-09,central,LUM,2026,LUM-RA,스탠다드 레인지,FWD,오션 블루,4,4,-1839
2026-09,central,LUM,2026,LUM-RA,스탠다드 레인지,FWD,선셋 레드,3,3,-1471
2026-09,central,LUM,2026,LUM-RA,스탠다드 레인지,FWD,포레스트 그린,2,2,-919
2026-09,central,LUM,2026,LUM-RA,스탠다드 레인지,FWD,샌드 베이지,2,2,-919
2026-09,central,LUM,2026,LUM-RA,롱레인지,AWD,스노우 화이트,26,26,-11476
2026-09,central,LUM,2026,LUM-RA,롱레인지,AWD,미드나잇 블랙,20,21,-9085
2026-09,central,LUM,2026,LUM-RA,롱레인지,AWD,스틸 그레이,17,17,-7651
2026-09,central,LUM,2026,LUM-RA,롱레인지,AWD,실버,14,14,-6216
2026-09,central,LUM,2026,LUM-RA,롱레인지,AWD,오션 블루,11,11,-4782
2026-09,central,LUM,2026,LUM-RA,롱레인지,AWD,선셋 레드,9,9,-3825
2026-09,central,LUM,2026,LUM-RA,롱레인지,AWD,포레스트 그린,5,5,-2391
2026-09,central,LUM,2026,LUM-RA,롱레인지,AWD,샌드 베이지,5,5,-2391
2026-09,central,LUM,2026,LUM-RA,롱레인지,FWD,스노우 화이트,24,24,-10700
2026-09,central,LUM,2026,LUM-RA,롱레인지,FWD,미드나잇 블랙,19,19,-8471
2026-09,central,LUM,2026,LUM-RA,롱레인지,FWD,스틸 그레이,16,16,-7133
2026-09,central,LUM,2026,LUM-RA,롱레인지,FWD,실버,13,13,-5796
2026-09,central,LUM,2026,LUM-RA,롱레인지,FWD,오션 블루,10,10,-4458
2026-09,central,LUM,2026,LUM-RA,롱레인지,FWD,선셋 레드,8,8,-3567
2026-09,central,LUM,2026,LUM-RA,롱레인지,FWD,포레스트 그린,5,5,-2229
2026-09,central,LUM,2026,LUM-RA,롱레인지,FWD,샌드 베이지,5,5,-2229
2026-09,central,LUM,2026,LUM-SP,스탠다드 레인지,AWD,스노우 화이트,4,4,-138
2026-09,central,LUM,2026,LUM-SP,스탠다드 레인지,AWD,미드나잇 블랙,3,3,-110
2026-09,central,LUM,2026,LUM-SP,스탠다드 레인지,AWD,스틸 그레이,3,3,-92
2026-09,central,LUM,2026,LUM-SP,스탠다드 레인지,AWD,실버,2,2,-75
2026-09,central,LUM,2026,LUM-SP,스탠다드 레인지,AWD,오션 블루,2,2,-58
2026-09,central,LUM,2026,LUM-SP,스탠다드 레인지,AWD,선셋 레드,1,1,-46
2026-09,central,LUM,2026,LUM-SP,스탠다드 레인지,AWD,포레스트 그린,1,1,-29
2026-09,central,LUM,2026,LUM-SP,스탠다드 레인지,AWD,샌드 베이지,1,1,-29
2026-09,central,LUM,2026,LUM-SP,스탠다드 레인지,FWD,스노우 화이트,4,4,-129
2026-09,central,LUM,2026,LUM-SP,스탠다드 레인지,FWD,미드나잇 블랙,3,3,-102
2026-09,central,LUM,2026,LUM-SP,스탠다드 레인지,FWD,스틸 그레이,3,3,-86
2026-09,central,LUM,2026,LUM-SP,스탠다드 레인지,FWD,실버,2,2,-70
2026-09,central,LUM,2026,LUM-SP,스탠다드 레인지,FWD,오션 블루,2,2,-54
2026-09,central,LUM,2026,LUM-SP,스탠다드 레인지,FWD,선셋 레드,1,1,-43
2026-09,central,LUM,2026,LUM-SP,스탠다드 레인지,FWD,포레스트 그린,1,1,-27
2026-09,central,LUM,2026,LUM-SP,스탠다드 레인지,FWD,샌드 베이지,1,1,-27
2026-09,central,LUM,2026,LUM-SP,롱레인지,AWD,스노우 화이트,10,11,-336
2026-09,central,LUM,2026,LUM-SP,롱레인지,AWD,미드나잇 블랙,8,8,-266
2026-09,central,LUM,2026,LUM-SP,롱레인지,AWD,스틸 그레이,7,7,-224
2026-09,central,LUM,2026,LUM-SP,롱레인지,AWD,실버,6,6,-182
2026-09,central,LUM,2026,LUM-SP,롱레인지,AWD,오션 블루,4,4,-140
2026-09,central,LUM,2026,LUM-SP,롱레인지,AWD,선셋 레드,3,4,-112
2026-09,central,LUM,2026,LUM-SP,롱레인지,AWD,포레스트 그린,2,2,-70
2026-09,central,LUM,2026,LUM-SP,롱레인지,AWD,샌드 베이지,2,2,-70
2026-09,central,LUM,2026,LUM-SP,롱레인지,FWD,스노우 화이트,10,10,-313
2026-09,central,LUM,2026,LUM-SP,롱레인지,FWD,미드나잇 블랙,8,8,-248
2026-09,central,LUM,2026,LUM-SP,롱레인지,FWD,스틸 그레이,7,7,-209
2026-09,central,LUM,2026,LUM-SP,롱레인지,FWD,실버,5,5,-170
2026-09,central,LUM,2026,LUM-SP,롱레인지,FWD,오션 블루,4,4,-130
2026-09,central,LUM,2026,LUM-SP,롱레인지,FWD,선셋 레드,3,3,-104
2026-09,central,LUM,2026,LUM-SP,롱레인지,FWD,포레스트 그린,2,2,-65
2026-09,central,LUM,2026,LUM-SP,롱레인지,FWD,샌드 베이지,2,2,-65
2026-09,central,LUM,2027,LUM-AI,스탠다드 레인지,AWD,스노우 화이트,6,6,-4171
2026-09,central,LUM,2027,LUM-AI,스탠다드 레인지,AWD,미드나잇 블랙,5,5,-3302
2026-09,central,LUM,2027,LUM-AI,스탠다드 레인지,AWD,스틸 그레이,4,4,-2781
2026-09,central,LUM,2027,LUM-AI,스탠다드 레인지,AWD,실버,3,3,-2259
2026-09,central,LUM,2027,LUM-AI,스탠다드 레인지,AWD,오션 블루,3,3,-1738
2026-09,central,LUM,2027,LUM-AI,스탠다드 레인지,AWD,선셋 레드,2,2,-1390
2026-09,central,LUM,2027,LUM-AI,스탠다드 레인지,AWD,포레스트 그린,1,1,-869
2026-09,central,LUM,2027,LUM-AI,스탠다드 레인지,AWD,샌드 베이지,1,1,-869
2026-09,central,LUM,2027,LUM-AI,스탠다드 레인지,FWD,스노우 화이트,6,6,-3889
2026-09,central,LUM,2027,LUM-AI,스탠다드 레인지,FWD,미드나잇 블랙,4,5,-3079
2026-09,central,LUM,2027,LUM-AI,스탠다드 레인지,FWD,스틸 그레이,4,4,-2593
2026-09,central,LUM,2027,LUM-AI,스탠다드 레인지,FWD,실버,3,3,-2106
2026-09,central,LUM,2027,LUM-AI,스탠다드 레인지,FWD,오션 블루,2,2,-1620
2026-09,central,LUM,2027,LUM-AI,스탠다드 레인지,FWD,선셋 레드,2,2,-1296
2026-09,central,LUM,2027,LUM-AI,스탠다드 레인지,FWD,포레스트 그린,1,1,-810
2026-09,central,LUM,2027,LUM-AI,스탠다드 레인지,FWD,샌드 베이지,1,1,-810
2026-09,central,LUM,2027,LUM-AI,롱레인지,AWD,스노우 화이트,15,15,-10113
2026-09,central,LUM,2027,LUM-AI,롱레인지,AWD,미드나잇 블랙,12,12,-8006
2026-09,central,LUM,2027,LUM-AI,롱레인지,AWD,스틸 그레이,10,10,-6742
2026-09,central,LUM,2027,LUM-AI,롱레인지,AWD,실버,8,8,-5478
2026-09,central,LUM,2027,LUM-AI,롱레인지,AWD,오션 블루,6,6,-4214
2026-09,central,LUM,2027,LUM-AI,롱레인지,AWD,선셋 레드,5,5,-3371
2026-09,central,LUM,2027,LUM-AI,롱레인지,AWD,포레스트 그린,3,3,-2107
2026-09,central,LUM,2027,LUM-AI,롱레인지,AWD,샌드 베이지,3,3,-2107
2026-09,central,LUM,2027,LUM-AI,롱레인지,FWD,스노우 화이트,14,14,-9429
2026-09,central,LUM,2027,LUM-AI,롱레인지,FWD,미드나잇 블랙,11,11,-7465
2026-09,central,LUM,2027,LUM-AI,롱레인지,FWD,스틸 그레이,9,9,-6286
2026-09,central,LUM,2027,LUM-AI,롱레인지,FWD,실버,7,8,-5107
2026-09,central,LUM,2027,LUM-AI,롱레인지,FWD,오션 블루,6,6,-3929
2026-09,central,LUM,2027,LUM-AI,롱레인지,FWD,선셋 레드,5,5,-3143
2026-09,central,LUM,2027,LUM-AI,롱레인지,FWD,포레스트 그린,3,3,-1964
2026-09,central,LUM,2027,LUM-AI,롱레인지,FWD,샌드 베이지,3,3,-1964
2026-09,central,LUM,2027,LUM-RA,스탠다드 레인지,AWD,스노우 화이트,7,7,-3155
2026-09,central,LUM,2027,LUM-RA,스탠다드 레인지,AWD,미드나잇 블랙,6,6,-2498
2026-09,central,LUM,2027,LUM-RA,스탠다드 레인지,AWD,스틸 그레이,5,5,-2104
2026-09,central,LUM,2027,LUM-RA,스탠다드 레인지,AWD,실버,4,4,-1709
2026-09,central,LUM,2027,LUM-RA,스탠다드 레인지,AWD,오션 블루,3,3,-1315
2026-09,central,LUM,2027,LUM-RA,스탠다드 레인지,AWD,선셋 레드,2,2,-1052
2026-09,central,LUM,2027,LUM-RA,스탠다드 레인지,AWD,포레스트 그린,1,1,-657
2026-09,central,LUM,2027,LUM-RA,스탠다드 레인지,AWD,샌드 베이지,1,1,-657
2026-09,central,LUM,2027,LUM-RA,스탠다드 레인지,FWD,스노우 화이트,7,7,-2942
2026-09,central,LUM,2027,LUM-RA,스탠다드 레인지,FWD,미드나잇 블랙,5,5,-2329
2026-09,central,LUM,2027,LUM-RA,스탠다드 레인지,FWD,스틸 그레이,4,4,-1961
2026-09,central,LUM,2027,LUM-RA,스탠다드 레인지,FWD,실버,4,4,-1594
2026-09,central,LUM,2027,LUM-RA,스탠다드 레인지,FWD,오션 블루,3,3,-1226
2026-09,central,LUM,2027,LUM-RA,스탠다드 레인지,FWD,선셋 레드,2,2,-981
2026-09,central,LUM,2027,LUM-RA,스탠다드 레인지,FWD,포레스트 그린,1,1,-613
2026-09,central,LUM,2027,LUM-RA,스탠다드 레인지,FWD,샌드 베이지,1,1,-613
2026-09,central,LUM,2027,LUM-RA,롱레인지,AWD,스노우 화이트,17,17,-7651
2026-09,central,LUM,2027,LUM-RA,롱레인지,AWD,미드나잇 블랙,14,14,-6057
2026-09,central,LUM,2027,LUM-RA,롱레인지,AWD,스틸 그레이,11,12,-5100
2026-09,central,LUM,2027,LUM-RA,롱레인지,AWD,실버,9,9,-4144
2026-09,central,LUM,2027,LUM-RA,롱레인지,AWD,오션 블루,7,7,-3188
2026-09,central,LUM,2027,LUM-RA,롱레인지,AWD,선셋 레드,6,6,-2550
2026-09,central,LUM,2027,LUM-RA,롱레인지,AWD,포레스트 그린,4,4,-1594
2026-09,central,LUM,2027,LUM-RA,롱레인지,AWD,샌드 베이지,4,4,-1594
2026-09,central,LUM,2027,LUM-RA,롱레인지,FWD,스노우 화이트,16,16,-7133
2026-09,central,LUM,2027,LUM-RA,롱레인지,FWD,미드나잇 블랙,13,13,-5647
2026-09,central,LUM,2027,LUM-RA,롱레인지,FWD,스틸 그레이,11,11,-4755
2026-09,central,LUM,2027,LUM-RA,롱레인지,FWD,실버,9,9,-3864
2026-09,central,LUM,2027,LUM-RA,롱레인지,FWD,오션 블루,7,7,-2972
2026-09,central,LUM,2027,LUM-RA,롱레인지,FWD,선셋 레드,5,5,-2378
2026-09,central,LUM,2027,LUM-RA,롱레인지,FWD,포레스트 그린,3,3,-1486
2026-09,central,LUM,2027,LUM-RA,롱레인지,FWD,샌드 베이지,3,3,-1486
2026-09,central,LUM,2027,LUM-SP,스탠다드 레인지,AWD,스노우 화이트,3,3,-92
2026-09,central,LUM,2027,LUM-SP,스탠다드 레인지,AWD,미드나잇 블랙,2,2,-73
2026-09,central,LUM,2027,LUM-SP,스탠다드 레인지,AWD,스틸 그레이,2,2,-62
2026-09,central,LUM,2027,LUM-SP,스탠다드 레인지,AWD,실버,2,2,-50
2026-09,central,LUM,2027,LUM-SP,스탠다드 레인지,AWD,오션 블루,1,1,-38
2026-09,central,LUM,2027,LUM-SP,스탠다드 레인지,AWD,선셋 레드,1,1,-31
2026-09,central,LUM,2027,LUM-SP,스탠다드 레인지,AWD,포레스트 그린,1,1,-19
2026-09,central,LUM,2027,LUM-SP,스탠다드 레인지,AWD,샌드 베이지,1,1,-19
2026-09,central,LUM,2027,LUM-SP,스탠다드 레인지,FWD,스노우 화이트,3,3,-86
2026-09,central,LUM,2027,LUM-SP,스탠다드 레인지,FWD,미드나잇 블랙,2,2,-68
2026-09,central,LUM,2027,LUM-SP,스탠다드 레인지,FWD,스틸 그레이,2,2,-57
2026-09,central,LUM,2027,LUM-SP,스탠다드 레인지,FWD,실버,1,1,-47
2026-09,central,LUM,2027,LUM-SP,스탠다드 레인지,FWD,오션 블루,1,1,-36
2026-09,central,LUM,2027,LUM-SP,스탠다드 레인지,FWD,선셋 레드,1,1,-29
2026-09,central,LUM,2027,LUM-SP,스탠다드 레인지,FWD,포레스트 그린,1,1,-18
2026-09,central,LUM,2027,LUM-SP,스탠다드 레인지,FWD,샌드 베이지,1,1,-18
2026-09,central,LUM,2027,LUM-SP,롱레인지,AWD,스노우 화이트,7,7,-224
2026-09,central,LUM,2027,LUM-SP,롱레인지,AWD,미드나잇 블랙,6,6,-177
2026-09,central,LUM,2027,LUM-SP,롱레인지,AWD,스틸 그레이,5,5,-149
2026-09,central,LUM,2027,LUM-SP,롱레인지,AWD,실버,4,4,-121
2026-09,central,LUM,2027,LUM-SP,롱레인지,AWD,오션 블루,3,3,-93
2026-09,central,LUM,2027,LUM-SP,롱레인지,AWD,선셋 레드,2,2,-75
2026-09,central,LUM,2027,LUM-SP,롱레인지,AWD,포레스트 그린,1,1,-47
2026-09,central,LUM,2027,LUM-SP,롱레인지,AWD,샌드 베이지,1,1,-47
2026-09,central,LUM,2027,LUM-SP,롱레인지,FWD,스노우 화이트,7,7,-209
2026-09,central,LUM,2027,LUM-SP,롱레인지,FWD,미드나잇 블랙,5,5,-165
2026-09,central,LUM,2027,LUM-SP,롱레인지,FWD,스틸 그레이,4,4,-139
2026-09,central,LUM,2027,LUM-SP,롱레인지,FWD,실버,4,4,-113
2026-09,central,LUM,2027,LUM-SP,롱레인지,FWD,오션 블루,3,3,-87
2026-09,central,LUM,2027,LUM-SP,롱레인지,FWD,선셋 레드,2,2,-70
2026-09,central,LUM,2027,LUM-SP,롱레인지,FWD,포레스트 그린,1,1,-43
2026-09,central,LUM,2027,LUM-SP,롱레인지,FWD,샌드 베이지,1,1,-43
2026-09,south,LUM,2026,LUM-AI,스탠다드 레인지,AWD,스노우 화이트,7,8,-5069
2026-09,south,LUM,2026,LUM-AI,스탠다드 레인지,AWD,미드나잇 블랙,6,6,-4013
2026-09,south,LUM,2026,LUM-AI,스탠다드 레인지,AWD,스틸 그레이,5,5,-3379
2026-09,south,LUM,2026,LUM-AI,스탠다드 레인지,AWD,실버,4,4,-2746
2026-09,south,LUM,2026,LUM-AI,스탠다드 레인지,AWD,오션 블루,3,3,-2112
2026-09,south,LUM,2026,LUM-AI,스탠다드 레인지,AWD,선셋 레드,2,3,-1690
2026-09,south,LUM,2026,LUM-AI,스탠다드 레인지,AWD,포레스트 그린,2,2,-1056
2026-09,south,LUM,2026,LUM-AI,스탠다드 레인지,AWD,샌드 베이지,2,2,-1056
2026-09,south,LUM,2026,LUM-AI,스탠다드 레인지,FWD,스노우 화이트,15,16,-10576
2026-09,south,LUM,2026,LUM-AI,스탠다드 레인지,FWD,미드나잇 블랙,12,12,-8373
2026-09,south,LUM,2026,LUM-AI,스탠다드 레인지,FWD,스틸 그레이,10,10,-7051
2026-09,south,LUM,2026,LUM-AI,스탠다드 레인지,FWD,실버,8,9,-5729
2026-09,south,LUM,2026,LUM-AI,스탠다드 레인지,FWD,오션 블루,6,7,-4407
2026-09,south,LUM,2026,LUM-AI,스탠다드 레인지,FWD,선셋 레드,5,5,-3525
2026-09,south,LUM,2026,LUM-AI,스탠다드 레인지,FWD,포레스트 그린,3,3,-2203
2026-09,south,LUM,2026,LUM-AI,스탠다드 레인지,FWD,샌드 베이지,3,3,-2203
2026-09,south,LUM,2026,LUM-AI,롱레인지,AWD,스노우 화이트,18,18,-12291
2026-09,south,LUM,2026,LUM-AI,롱레인지,AWD,미드나잇 블랙,14,14,-9730
2026-09,south,LUM,2026,LUM-AI,롱레인지,AWD,스틸 그레이,12,12,-8194
2026-09,south,LUM,2026,LUM-AI,롱레인지,AWD,실버,10,10,-6657
2026-09,south,LUM,2026,LUM-AI,롱레인지,AWD,오션 블루,7,8,-5121
2026-09,south,LUM,2026,LUM-AI,롱레인지,AWD,선셋 레드,6,6,-4097
2026-09,south,LUM,2026,LUM-AI,롱레인지,AWD,포레스트 그린,4,4,-2561
2026-09,south,LUM,2026,LUM-AI,롱레인지,AWD,샌드 베이지,4,4,-2561
2026-09,south,LUM,2026,LUM-AI,롱레인지,FWD,스노우 화이트,37,38,-25644
2026-09,south,LUM,2026,LUM-AI,롱레인지,FWD,미드나잇 블랙,30,30,-20301
2026-09,south,LUM,2026,LUM-AI,롱레인지,FWD,스틸 그레이,25,25,-17096
2026-09,south,LUM,2026,LUM-AI,롱레인지,FWD,실버,20,21,-13890
2026-09,south,LUM,2026,LUM-AI,롱레인지,FWD,오션 블루,16,16,-10685
2026-09,south,LUM,2026,LUM-AI,롱레인지,FWD,선셋 레드,12,13,-8548
2026-09,south,LUM,2026,LUM-AI,롱레인지,FWD,포레스트 그린,8,8,-5342
2026-09,south,LUM,2026,LUM-AI,롱레인지,FWD,샌드 베이지,8,8,-5342
2026-09,south,LUM,2026,LUM-RA,스탠다드 레인지,AWD,스노우 화이트,9,9,-3835
2026-09,south,LUM,2026,LUM-RA,스탠다드 레인지,AWD,미드나잇 블랙,7,7,-3036
2026-09,south,LUM,2026,LUM-RA,스탠다드 레인지,AWD,스틸 그레이,6,6,-2557
2026-09,south,LUM,2026,LUM-RA,스탠다드 레인지,AWD,실버,5,5,-2077
2026-09,south,LUM,2026,LUM-RA,스탠다드 레인지,AWD,오션 블루,4,4,-1598
2026-09,south,LUM,2026,LUM-RA,스탠다드 레인지,AWD,선셋 레드,3,3,-1278
2026-09,south,LUM,2026,LUM-RA,스탠다드 레인지,AWD,포레스트 그린,2,2,-799
2026-09,south,LUM,2026,LUM-RA,스탠다드 레인지,AWD,샌드 베이지,2,2,-799
2026-09,south,LUM,2026,LUM-RA,스탠다드 레인지,FWD,스노우 화이트,18,18,-8001
2026-09,south,LUM,2026,LUM-RA,스탠다드 레인지,FWD,미드나잇 블랙,14,14,-6334
2026-09,south,LUM,2026,LUM-RA,스탠다드 레인지,FWD,스틸 그레이,12,12,-5334
2026-09,south,LUM,2026,LUM-RA,스탠다드 레인지,FWD,실버,10,10,-4334
2026-09,south,LUM,2026,LUM-RA,스탠다드 레인지,FWD,오션 블루,7,8,-3334
2026-09,south,LUM,2026,LUM-RA,스탠다드 레인지,FWD,선셋 레드,6,6,-2667
2026-09,south,LUM,2026,LUM-RA,스탠다드 레인지,FWD,포레스트 그린,4,4,-1667
2026-09,south,LUM,2026,LUM-RA,스탠다드 레인지,FWD,샌드 베이지,4,4,-1667
2026-09,south,LUM,2026,LUM-RA,롱레인지,AWD,스노우 화이트,21,21,-9298
2026-09,south,LUM,2026,LUM-RA,롱레인지,AWD,미드나잇 블랙,16,17,-7361
2026-09,south,LUM,2026,LUM-RA,롱레인지,AWD,스틸 그레이,14,14,-6199
2026-09,south,LUM,2026,LUM-RA,롱레인지,AWD,실버,11,11,-5036
2026-09,south,LUM,2026,LUM-RA,롱레인지,AWD,오션 블루,9,9,-3874
2026-09,south,LUM,2026,LUM-RA,롱레인지,AWD,선셋 레드,7,7,-3099
2026-09,south,LUM,2026,LUM-RA,롱레인지,AWD,포레스트 그린,4,4,-1937
2026-09,south,LUM,2026,LUM-RA,롱레인지,AWD,샌드 베이지,4,4,-1937
2026-09,south,LUM,2026,LUM-RA,롱레인지,FWD,스노우 화이트,43,44,-19400
2026-09,south,LUM,2026,LUM-RA,롱레인지,FWD,미드나잇 블랙,34,35,-15358
2026-09,south,LUM,2026,LUM-RA,롱레인지,FWD,스틸 그레이,29,29,-12933
2026-09,south,LUM,2026,LUM-RA,롱레인지,FWD,실버,23,24,-10508
2026-09,south,LUM,2026,LUM-RA,롱레인지,FWD,오션 블루,18,18,-8083
2026-09,south,LUM,2026,LUM-RA,롱레인지,FWD,선셋 레드,14,15,-6467
2026-09,south,LUM,2026,LUM-RA,롱레인지,FWD,포레스트 그린,9,9,-4042
2026-09,south,LUM,2026,LUM-RA,롱레인지,FWD,샌드 베이지,9,9,-4042
2026-09,south,LUM,2026,LUM-SP,스탠다드 레인지,AWD,스노우 화이트,3,4,-112
2026-09,south,LUM,2026,LUM-SP,스탠다드 레인지,AWD,미드나잇 블랙,3,3,-89
2026-09,south,LUM,2026,LUM-SP,스탠다드 레인지,AWD,스틸 그레이,2,2,-75
2026-09,south,LUM,2026,LUM-SP,스탠다드 레인지,AWD,실버,2,2,-61
2026-09,south,LUM,2026,LUM-SP,스탠다드 레인지,AWD,오션 블루,1,1,-47
2026-09,south,LUM,2026,LUM-SP,스탠다드 레인지,AWD,선셋 레드,1,1,-37
2026-09,south,LUM,2026,LUM-SP,스탠다드 레인지,AWD,포레스트 그린,1,1,-23
2026-09,south,LUM,2026,LUM-SP,스탠다드 레인지,AWD,샌드 베이지,1,1,-23
2026-09,south,LUM,2026,LUM-SP,스탠다드 레인지,FWD,스노우 화이트,7,7,-234
2026-09,south,LUM,2026,LUM-SP,스탠다드 레인지,FWD,미드나잇 블랙,6,6,-185
2026-09,south,LUM,2026,LUM-SP,스탠다드 레인지,FWD,스틸 그레이,5,5,-156
2026-09,south,LUM,2026,LUM-SP,스탠다드 레인지,FWD,실버,4,4,-127
2026-09,south,LUM,2026,LUM-SP,스탠다드 레인지,FWD,오션 블루,3,3,-98
2026-09,south,LUM,2026,LUM-SP,스탠다드 레인지,FWD,선셋 레드,2,2,-78
2026-09,south,LUM,2026,LUM-SP,스탠다드 레인지,FWD,포레스트 그린,2,2,-49
2026-09,south,LUM,2026,LUM-SP,스탠다드 레인지,FWD,샌드 베이지,2,2,-49
2026-09,south,LUM,2026,LUM-SP,롱레인지,AWD,스노우 화이트,8,9,-272
2026-09,south,LUM,2026,LUM-SP,롱레인지,AWD,미드나잇 블랙,7,7,-215
2026-09,south,LUM,2026,LUM-SP,롱레인지,AWD,스틸 그레이,6,6,-181
2026-09,south,LUM,2026,LUM-SP,롱레인지,AWD,실버,5,5,-147
2026-09,south,LUM,2026,LUM-SP,롱레인지,AWD,오션 블루,4,4,-113
2026-09,south,LUM,2026,LUM-SP,롱레인지,AWD,선셋 레드,3,3,-91
2026-09,south,LUM,2026,LUM-SP,롱레인지,AWD,포레스트 그린,2,2,-57
2026-09,south,LUM,2026,LUM-SP,롱레인지,AWD,샌드 베이지,2,2,-57
2026-09,south,LUM,2026,LUM-SP,롱레인지,FWD,스노우 화이트,18,18,-568
2026-09,south,LUM,2026,LUM-SP,롱레인지,FWD,미드나잇 블랙,14,14,-449
2026-09,south,LUM,2026,LUM-SP,롱레인지,FWD,스틸 그레이,12,12,-378
2026-09,south,LUM,2026,LUM-SP,롱레인지,FWD,실버,10,10,-307
2026-09,south,LUM,2026,LUM-SP,롱레인지,FWD,오션 블루,7,8,-236
2026-09,south,LUM,2026,LUM-SP,롱레인지,FWD,선셋 레드,6,6,-189
2026-09,south,LUM,2026,LUM-SP,롱레인지,FWD,포레스트 그린,4,4,-118
2026-09,south,LUM,2026,LUM-SP,롱레인지,FWD,샌드 베이지,4,4,-118
2026-09,south,LUM,2027,LUM-AI,스탠다드 레인지,AWD,스노우 화이트,5,5,-3379
2026-09,south,LUM,2027,LUM-AI,스탠다드 레인지,AWD,미드나잇 블랙,4,4,-2675
2026-09,south,LUM,2027,LUM-AI,스탠다드 레인지,AWD,스틸 그레이,3,3,-2253
2026-09,south,LUM,2027,LUM-AI,스탠다드 레인지,AWD,실버,3,3,-1830
2026-09,south,LUM,2027,LUM-AI,스탠다드 레인지,AWD,오션 블루,2,2,-1408
2026-09,south,LUM,2027,LUM-AI,스탠다드 레인지,AWD,선셋 레드,2,2,-1126
2026-09,south,LUM,2027,LUM-AI,스탠다드 레인지,AWD,포레스트 그린,1,1,-704
2026-09,south,LUM,2027,LUM-AI,스탠다드 레인지,AWD,샌드 베이지,1,1,-704
2026-09,south,LUM,2027,LUM-AI,스탠다드 레인지,FWD,스노우 화이트,10,10,-7051
2026-09,south,LUM,2027,LUM-AI,스탠다드 레인지,FWD,미드나잇 블랙,8,8,-5582
2026-09,south,LUM,2027,LUM-AI,스탠다드 레인지,FWD,스틸 그레이,7,7,-4701
2026-09,south,LUM,2027,LUM-AI,스탠다드 레인지,FWD,실버,6,6,-3819
2026-09,south,LUM,2027,LUM-AI,스탠다드 레인지,FWD,오션 블루,4,4,-2938
2026-09,south,LUM,2027,LUM-AI,스탠다드 레인지,FWD,선셋 레드,3,3,-2350
2026-09,south,LUM,2027,LUM-AI,스탠다드 레인지,FWD,포레스트 그린,2,2,-1469
2026-09,south,LUM,2027,LUM-AI,스탠다드 레인지,FWD,샌드 베이지,2,2,-1469
2026-09,south,LUM,2027,LUM-AI,롱레인지,AWD,스노우 화이트,12,12,-8194
2026-09,south,LUM,2027,LUM-AI,롱레인지,AWD,미드나잇 블랙,9,10,-6487
2026-09,south,LUM,2027,LUM-AI,롱레인지,AWD,스틸 그레이,8,8,-5463
2026-09,south,LUM,2027,LUM-AI,롱레인지,AWD,실버,6,7,-4438
2026-09,south,LUM,2027,LUM-AI,롱레인지,AWD,오션 블루,5,5,-3414
2026-09,south,LUM,2027,LUM-AI,롱레인지,AWD,선셋 레드,4,4,-2731
2026-09,south,LUM,2027,LUM-AI,롱레인지,AWD,포레스트 그린,2,3,-1707
2026-09,south,LUM,2027,LUM-AI,롱레인지,AWD,샌드 베이지,2,3,-1707
2026-09,south,LUM,2027,LUM-AI,롱레인지,FWD,스노우 화이트,25,25,-17096
2026-09,south,LUM,2027,LUM-AI,롱레인지,FWD,미드나잇 블랙,20,20,-13534
2026-09,south,LUM,2027,LUM-AI,롱레인지,FWD,스틸 그레이,17,17,-11397
2026-09,south,LUM,2027,LUM-AI,롱레인지,FWD,실버,13,14,-9260
2026-09,south,LUM,2027,LUM-AI,롱레인지,FWD,오션 블루,10,11,-7123
2026-09,south,LUM,2027,LUM-AI,롱레인지,FWD,선셋 레드,8,8,-5699
2026-09,south,LUM,2027,LUM-AI,롱레인지,FWD,포레스트 그린,5,5,-3562
2026-09,south,LUM,2027,LUM-AI,롱레인지,FWD,샌드 베이지,5,5,-3562
2026-09,south,LUM,2027,LUM-RA,스탠다드 레인지,AWD,스노우 화이트,6,6,-2557
2026-09,south,LUM,2027,LUM-RA,스탠다드 레인지,AWD,미드나잇 블랙,5,5,-2024
2026-09,south,LUM,2027,LUM-RA,스탠다드 레인지,AWD,스틸 그레이,4,4,-1704
2026-09,south,LUM,2027,LUM-RA,스탠다드 레인지,AWD,실버,3,3,-1385
2026-09,south,LUM,2027,LUM-RA,스탠다드 레인지,AWD,오션 블루,2,2,-1065
2026-09,south,LUM,2027,LUM-RA,스탠다드 레인지,AWD,선셋 레드,2,2,-852
2026-09,south,LUM,2027,LUM-RA,스탠다드 레인지,AWD,포레스트 그린,1,1,-533
2026-09,south,LUM,2027,LUM-RA,스탠다드 레인지,AWD,샌드 베이지,1,1,-533
2026-09,south,LUM,2027,LUM-RA,스탠다드 레인지,FWD,스노우 화이트,12,12,-5334
2026-09,south,LUM,2027,LUM-RA,스탠다드 레인지,FWD,미드나잇 블랙,9,10,-4223
2026-09,south,LUM,2027,LUM-RA,스탠다드 레인지,FWD,스틸 그레이,8,8,-3556
2026-09,south,LUM,2027,LUM-RA,스탠다드 레인지,FWD,실버,6,7,-2889
2026-09,south,LUM,2027,LUM-RA,스탠다드 레인지,FWD,오션 블루,5,5,-2222
2026-09,south,LUM,2027,LUM-RA,스탠다드 레인지,FWD,선셋 레드,4,4,-1778
2026-09,south,LUM,2027,LUM-RA,스탠다드 레인지,FWD,포레스트 그린,2,3,-1111
2026-09,south,LUM,2027,LUM-RA,스탠다드 레인지,FWD,샌드 베이지,2,3,-1111
2026-09,south,LUM,2027,LUM-RA,롱레인지,AWD,스노우 화이트,14,14,-6199
2026-09,south,LUM,2027,LUM-RA,롱레인지,AWD,미드나잇 블랙,11,11,-4907
2026-09,south,LUM,2027,LUM-RA,롱레인지,AWD,스틸 그레이,9,9,-4132
2026-09,south,LUM,2027,LUM-RA,롱레인지,AWD,실버,7,8,-3358
2026-09,south,LUM,2027,LUM-RA,롱레인지,AWD,오션 블루,6,6,-2583
2026-09,south,LUM,2027,LUM-RA,롱레인지,AWD,선셋 레드,5,5,-2066
2026-09,south,LUM,2027,LUM-RA,롱레인지,AWD,포레스트 그린,3,3,-1291
2026-09,south,LUM,2027,LUM-RA,롱레인지,AWD,샌드 베이지,3,3,-1291
2026-09,south,LUM,2027,LUM-RA,롱레인지,FWD,스노우 화이트,29,29,-12933
2026-09,south,LUM,2027,LUM-RA,롱레인지,FWD,미드나잇 블랙,23,23,-10239
2026-09,south,LUM,2027,LUM-RA,롱레인지,FWD,스틸 그레이,19,20,-8622
2026-09,south,LUM,2027,LUM-RA,롱레인지,FWD,실버,16,16,-7005
2026-09,south,LUM,2027,LUM-RA,롱레인지,FWD,오션 블루,12,12,-5389
2026-09,south,LUM,2027,LUM-RA,롱레인지,FWD,선셋 레드,10,10,-4311
2026-09,south,LUM,2027,LUM-RA,롱레인지,FWD,포레스트 그린,6,6,-2694
2026-09,south,LUM,2027,LUM-RA,롱레인지,FWD,샌드 베이지,6,6,-2694
2026-09,south,LUM,2027,LUM-SP,스탠다드 레인지,AWD,스노우 화이트,2,2,-75
2026-09,south,LUM,2027,LUM-SP,스탠다드 레인지,AWD,미드나잇 블랙,2,2,-59
2026-09,south,LUM,2027,LUM-SP,스탠다드 레인지,AWD,스틸 그레이,2,2,-50
2026-09,south,LUM,2027,LUM-SP,스탠다드 레인지,AWD,실버,1,1,-41
2026-09,south,LUM,2027,LUM-SP,스탠다드 레인지,AWD,오션 블루,1,1,-31
2026-09,south,LUM,2027,LUM-SP,스탠다드 레인지,AWD,선셋 레드,1,1,-25
2026-09,south,LUM,2027,LUM-SP,스탠다드 레인지,FWD,스노우 화이트,5,5,-156
2026-09,south,LUM,2027,LUM-SP,스탠다드 레인지,FWD,미드나잇 블랙,4,4,-124
2026-09,south,LUM,2027,LUM-SP,스탠다드 레인지,FWD,스틸 그레이,3,3,-104
2026-09,south,LUM,2027,LUM-SP,스탠다드 레인지,FWD,실버,3,3,-85
2026-09,south,LUM,2027,LUM-SP,스탠다드 레인지,FWD,오션 블루,2,2,-65
2026-09,south,LUM,2027,LUM-SP,스탠다드 레인지,FWD,선셋 레드,2,2,-52
2026-09,south,LUM,2027,LUM-SP,스탠다드 레인지,FWD,포레스트 그린,1,1,-33
2026-09,south,LUM,2027,LUM-SP,스탠다드 레인지,FWD,샌드 베이지,1,1,-33
2026-09,south,LUM,2027,LUM-SP,롱레인지,AWD,스노우 화이트,6,6,-181
2026-09,south,LUM,2027,LUM-SP,롱레인지,AWD,미드나잇 블랙,4,5,-144
2026-09,south,LUM,2027,LUM-SP,롱레인지,AWD,스틸 그레이,4,4,-121
2026-09,south,LUM,2027,LUM-SP,롱레인지,AWD,실버,3,3,-98
2026-09,south,LUM,2027,LUM-SP,롱레인지,AWD,오션 블루,2,2,-76
2026-09,south,LUM,2027,LUM-SP,롱레인지,AWD,선셋 레드,2,2,-60
2026-09,south,LUM,2027,LUM-SP,롱레인지,AWD,포레스트 그린,1,1,-38
2026-09,south,LUM,2027,LUM-SP,롱레인지,AWD,샌드 베이지,1,1,-38
2026-09,south,LUM,2027,LUM-SP,롱레인지,FWD,스노우 화이트,12,12,-378
2026-09,south,LUM,2027,LUM-SP,롱레인지,FWD,미드나잇 블랙,9,10,-300
2026-09,south,LUM,2027,LUM-SP,롱레인지,FWD,스틸 그레이,8,8,-252
2026-09,south,LUM,2027,LUM-SP,롱레인지,FWD,실버,6,7,-205
2026-09,south,LUM,2027,LUM-SP,롱레인지,FWD,오션 블루,5,5,-158
2026-09,south,LUM,2027,LUM-SP,롱레인지,FWD,선셋 레드,4,4,-126
2026-09,south,LUM,2027,LUM-SP,롱레인지,FWD,포레스트 그린,2,3,-79
2026-09,south,LUM,2027,LUM-SP,롱레인지,FWD,샌드 베이지,2,3,-79
2026-09,northeast,LUM,2026,LUM-AI,스탠다드 레인지,AWD,스노우 화이트,19,19,-12730
2026-09,northeast,LUM,2026,LUM-AI,스탠다드 레인지,AWD,미드나잇 블랙,15,15,-10078
2026-09,northeast,LUM,2026,LUM-AI,스탠다드 레인지,AWD,스틸 그레이,12,13,-8487
2026-09,northeast,LUM,2026,LUM-AI,스탠다드 레인지,AWD,실버,10,10,-6896
2026-09,northeast,LUM,2026,LUM-AI,스탠다드 레인지,AWD,오션 블루,8,8,-5304
2026-09,northeast,LUM,2026,LUM-AI,스탠다드 레인지,AWD,선셋 레드,6,6,-4243
2026-09,northeast,LUM,2026,LUM-AI,스탠다드 레인지,AWD,포레스트 그린,4,4,-2652
2026-09,northeast,LUM,2026,LUM-AI,스탠다드 레인지,AWD,샌드 베이지,4,4,-2652
2026-09,northeast,LUM,2026,LUM-AI,스탠다드 레인지,FWD,스노우 화이트,13,13,-9031
2026-09,northeast,LUM,2026,LUM-AI,스탠다드 레인지,FWD,미드나잇 블랙,10,11,-7149
2026-09,northeast,LUM,2026,LUM-AI,스탠다드 레인지,FWD,스틸 그레이,9,9,-6021
2026-09,northeast,LUM,2026,LUM-AI,스탠다드 레인지,FWD,실버,7,7,-4892
2026-09,northeast,LUM,2026,LUM-AI,스탠다드 레인지,FWD,오션 블루,5,6,-3763
2026-09,northeast,LUM,2026,LUM-AI,스탠다드 레인지,FWD,선셋 레드,4,4,-3010
2026-09,northeast,LUM,2026,LUM-AI,스탠다드 레인지,FWD,포레스트 그린,3,3,-1881
2026-09,northeast,LUM,2026,LUM-AI,스탠다드 레인지,FWD,샌드 베이지,3,3,-1881
2026-09,northeast,LUM,2026,LUM-AI,롱레인지,AWD,스노우 화이트,45,46,-30866
2026-09,northeast,LUM,2026,LUM-AI,롱레인지,AWD,미드나잇 블랙,36,36,-24436
2026-09,northeast,LUM,2026,LUM-AI,롱레인지,AWD,스틸 그레이,30,31,-20578
2026-09,northeast,LUM,2026,LUM-AI,롱레인지,AWD,실버,24,25,-16719
2026-09,northeast,LUM,2026,LUM-AI,롱레인지,AWD,오션 블루,19,19,-12861
2026-09,northeast,LUM,2026,LUM-AI,롱레인지,AWD,선셋 레드,15,15,-10289
2026-09,northeast,LUM,2026,LUM-AI,롱레인지,AWD,포레스트 그린,9,10,-6430
2026-09,northeast,LUM,2026,LUM-AI,롱레인지,AWD,샌드 베이지,9,10,-6430
2026-09,northeast,LUM,2026,LUM-AI,롱레인지,FWD,스노우 화이트,32,33,-21897
2026-09,northeast,LUM,2026,LUM-AI,롱레인지,FWD,미드나잇 블랙,25,26,-17335
2026-09,northeast,LUM,2026,LUM-AI,롱레인지,FWD,스틸 그레이,21,22,-14598
2026-09,northeast,LUM,2026,LUM-AI,롱레인지,FWD,실버,17,18,-11861
2026-09,northeast,LUM,2026,LUM-AI,롱레인지,FWD,오션 블루,13,14,-9124
2026-09,northeast,LUM,2026,LUM-AI,롱레인지,FWD,선셋 레드,11,11,-7299
2026-09,northeast,LUM,2026,LUM-AI,롱레인지,FWD,포레스트 그린,7,7,-4562
2026-09,northeast,LUM,2026,LUM-AI,롱레인지,FWD,샌드 베이지,7,7,-4562
2026-09,northeast,LUM,2026,LUM-RA,스탠다드 레인지,AWD,스노우 화이트,21,22,-9631
2026-09,northeast,LUM,2026,LUM-RA,스탠다드 레인지,AWD,미드나잇 블랙,17,17,-7624
2026-09,northeast,LUM,2026,LUM-RA,스탠다드 레인지,AWD,스틸 그레이,14,15,-6420
2026-09,northeast,LUM,2026,LUM-RA,스탠다드 레인지,AWD,실버,12,12,-5217
2026-09,northeast,LUM,2026,LUM-RA,스탠다드 레인지,AWD,오션 블루,9,9,-4013
2026-09,northeast,LUM,2026,LUM-RA,스탠다드 레인지,AWD,선셋 레드,7,7,-3210
2026-09,northeast,LUM,2026,LUM-RA,스탠다드 레인지,AWD,포레스트 그린,4,5,-2006
2026-09,northeast,LUM,2026,LUM-RA,스탠다드 레인지,AWD,샌드 베이지,4,5,-2006
2026-09,northeast,LUM,2026,LUM-RA,스탠다드 레인지,FWD,스노우 화이트,15,16,-6832
2026-09,northeast,LUM,2026,LUM-RA,스탠다드 레인지,FWD,미드나잇 블랙,12,12,-5409
2026-09,northeast,LUM,2026,LUM-RA,스탠다드 레인지,FWD,스틸 그레이,10,10,-4555
2026-09,northeast,LUM,2026,LUM-RA,스탠다드 레인지,FWD,실버,8,8,-3701
2026-09,northeast,LUM,2026,LUM-RA,스탠다드 레인지,FWD,오션 블루,6,6,-2847
2026-09,northeast,LUM,2026,LUM-RA,스탠다드 레인지,FWD,선셋 레드,5,5,-2277
2026-09,northeast,LUM,2026,LUM-RA,스탠다드 레인지,FWD,포레스트 그린,3,3,-1423
2026-09,northeast,LUM,2026,LUM-RA,스탠다드 레인지,FWD,샌드 베이지,3,3,-1423
2026-09,northeast,LUM,2026,LUM-RA,롱레인지,AWD,스노우 화이트,52,53,-23351
2026-09,northeast,LUM,2026,LUM-RA,롱레인지,AWD,미드나잇 블랙,41,42,-18486
2026-09,northeast,LUM,2026,LUM-RA,롱레인지,AWD,스틸 그레이,35,35,-15567
2026-09,northeast,LUM,2026,LUM-RA,롱레인지,AWD,실버,28,29,-12648
2026-09,northeast,LUM,2026,LUM-RA,롱레인지,AWD,오션 블루,22,22,-9730
2026-09,northeast,LUM,2026,LUM-RA,롱레인지,AWD,선셋 레드,17,18,-7784
2026-09,northeast,LUM,2026,LUM-RA,롱레인지,AWD,포레스트 그린,11,11,-4865
2026-09,northeast,LUM,2026,LUM-RA,롱레인지,AWD,샌드 베이지,11,11,-4865
2026-09,northeast,LUM,2026,LUM-RA,롱레인지,FWD,스노우 화이트,37,38,-16565
2026-09,northeast,LUM,2026,LUM-RA,롱레인지,FWD,미드나잇 블랙,29,30,-13114
2026-09,northeast,LUM,2026,LUM-RA,롱레인지,FWD,스틸 그레이,25,25,-11043
2026-09,northeast,LUM,2026,LUM-RA,롱레인지,FWD,실버,20,20,-8973
2026-09,northeast,LUM,2026,LUM-RA,롱레인지,FWD,오션 블루,15,16,-6902
2026-09,northeast,LUM,2026,LUM-RA,롱레인지,FWD,선셋 레드,12,13,-5522
2026-09,northeast,LUM,2026,LUM-RA,롱레인지,FWD,포레스트 그린,8,8,-3451
2026-09,northeast,LUM,2026,LUM-RA,롱레인지,FWD,샌드 베이지,8,8,-3451
2026-09,northeast,LUM,2026,LUM-SP,스탠다드 레인지,AWD,스노우 화이트,9,9,-282
2026-09,northeast,LUM,2026,LUM-SP,스탠다드 레인지,AWD,미드나잇 블랙,7,7,-223
2026-09,northeast,LUM,2026,LUM-SP,스탠다드 레인지,AWD,스틸 그레이,6,6,-188
2026-09,northeast,LUM,2026,LUM-SP,스탠다드 레인지,AWD,실버,5,5,-153
2026-09,northeast,LUM,2026,LUM-SP,스탠다드 레인지,AWD,오션 블루,4,4,-117
2026-09,northeast,LUM,2026,LUM-SP,스탠다드 레인지,AWD,선셋 레드,3,3,-94
2026-09,northeast,LUM,2026,LUM-SP,스탠다드 레인지,AWD,포레스트 그린,2,2,-59
2026-09,northeast,LUM,2026,LUM-SP,스탠다드 레인지,AWD,샌드 베이지,2,2,-59
2026-09,northeast,LUM,2026,LUM-SP,스탠다드 레인지,FWD,스노우 화이트,6,6,-200
2026-09,northeast,LUM,2026,LUM-SP,스탠다드 레인지,FWD,미드나잇 블랙,5,5,-158
2026-09,northeast,LUM,2026,LUM-SP,스탠다드 레인지,FWD,스틸 그레이,4,4,-133
2026-09,northeast,LUM,2026,LUM-SP,스탠다드 레인지,FWD,실버,3,3,-108
2026-09,northeast,LUM,2026,LUM-SP,스탠다드 레인지,FWD,오션 블루,3,3,-83
2026-09,northeast,LUM,2026,LUM-SP,스탠다드 레인지,FWD,선셋 레드,2,2,-67
2026-09,northeast,LUM,2026,LUM-SP,스탠다드 레인지,FWD,포레스트 그린,1,1,-42
2026-09,northeast,LUM,2026,LUM-SP,스탠다드 레인지,FWD,샌드 베이지,1,1,-42
2026-09,northeast,LUM,2026,LUM-SP,롱레인지,AWD,스노우 화이트,21,22,-683
2026-09,northeast,LUM,2026,LUM-SP,롱레인지,AWD,미드나잇 블랙,17,17,-541
2026-09,northeast,LUM,2026,LUM-SP,롱레인지,AWD,스틸 그레이,14,14,-455
2026-09,northeast,LUM,2026,LUM-SP,롱레인지,AWD,실버,12,12,-370
2026-09,northeast,LUM,2026,LUM-SP,롱레인지,AWD,오션 블루,9,9,-285
2026-09,northeast,LUM,2026,LUM-SP,롱레인지,AWD,선셋 레드,7,7,-228
2026-09,northeast,LUM,2026,LUM-SP,롱레인지,AWD,포레스트 그린,4,5,-142
2026-09,northeast,LUM,2026,LUM-SP,롱레인지,AWD,샌드 베이지,4,5,-142
2026-09,northeast,LUM,2026,LUM-SP,롱레인지,FWD,스노우 화이트,15,15,-485
2026-09,northeast,LUM,2026,LUM-SP,롱레인지,FWD,미드나잇 블랙,12,12,-384
2026-09,northeast,LUM,2026,LUM-SP,롱레인지,FWD,스틸 그레이,10,10,-323
2026-09,northeast,LUM,2026,LUM-SP,롱레인지,FWD,실버,8,8,-262
2026-09,northeast,LUM,2026,LUM-SP,롱레인지,FWD,오션 블루,6,6,-202
2026-09,northeast,LUM,2026,LUM-SP,롱레인지,FWD,선셋 레드,5,5,-162
2026-09,northeast,LUM,2026,LUM-SP,롱레인지,FWD,포레스트 그린,3,3,-101
2026-09,northeast,LUM,2026,LUM-SP,롱레인지,FWD,샌드 베이지,3,3,-101
2026-09,northeast,LUM,2027,LUM-AI,스탠다드 레인지,AWD,스노우 화이트,12,13,-8487
2026-09,northeast,LUM,2027,LUM-AI,스탠다드 레인지,AWD,미드나잇 블랙,10,10,-6719
2026-09,northeast,LUM,2027,LUM-AI,스탠다드 레인지,AWD,스틸 그레이,8,8,-5658
2026-09,northeast,LUM,2027,LUM-AI,스탠다드 레인지,AWD,실버,7,7,-4597
2026-09,northeast,LUM,2027,LUM-AI,스탠다드 레인지,AWD,오션 블루,5,5,-3536
2026-09,northeast,LUM,2027,LUM-AI,스탠다드 레인지,AWD,선셋 레드,4,4,-2829
2026-09,northeast,LUM,2027,LUM-AI,스탠다드 레인지,AWD,포레스트 그린,3,3,-1768
2026-09,northeast,LUM,2027,LUM-AI,스탠다드 레인지,AWD,샌드 베이지,3,3,-1768
2026-09,northeast,LUM,2027,LUM-AI,스탠다드 레인지,FWD,스노우 화이트,9,9,-6021
2026-09,northeast,LUM,2027,LUM-AI,스탠다드 레인지,FWD,미드나잇 블랙,7,7,-4766
2026-09,northeast,LUM,2027,LUM-AI,스탠다드 레인지,FWD,스틸 그레이,6,6,-4014
2026-09,northeast,LUM,2027,LUM-AI,스탠다드 레인지,FWD,실버,5,5,-3261
2026-09,northeast,LUM,2027,LUM-AI,스탠다드 레인지,FWD,오션 블루,4,4,-2509
2026-09,northeast,LUM,2027,LUM-AI,스탠다드 레인지,FWD,선셋 레드,3,3,-2007
2026-09,northeast,LUM,2027,LUM-AI,스탠다드 레인지,FWD,포레스트 그린,2,2,-1254
2026-09,northeast,LUM,2027,LUM-AI,스탠다드 레인지,FWD,샌드 베이지,2,2,-1254
2026-09,northeast,LUM,2027,LUM-AI,롱레인지,AWD,스노우 화이트,30,31,-20578
2026-09,northeast,LUM,2027,LUM-AI,롱레인지,AWD,미드나잇 블랙,24,24,-16291
2026-09,northeast,LUM,2027,LUM-AI,롱레인지,AWD,스틸 그레이,20,20,-13718
2026-09,northeast,LUM,2027,LUM-AI,롱레인지,AWD,실버,16,17,-11146
2026-09,northeast,LUM,2027,LUM-AI,롱레인지,AWD,오션 블루,12,13,-8574
2026-09,northeast,LUM,2027,LUM-AI,롱레인지,AWD,선셋 레드,10,10,-6859
2026-09,northeast,LUM,2027,LUM-AI,롱레인지,AWD,포레스트 그린,6,6,-4287
2026-09,northeast,LUM,2027,LUM-AI,롱레인지,AWD,샌드 베이지,6,6,-4287
2026-09,northeast,LUM,2027,LUM-AI,롱레인지,FWD,스노우 화이트,21,22,-14598
2026-09,northeast,LUM,2027,LUM-AI,롱레인지,FWD,미드나잇 블랙,17,17,-11557
2026-09,northeast,LUM,2027,LUM-AI,롱레인지,FWD,스틸 그레이,14,14,-9732
2026-09,northeast,LUM,2027,LUM-AI,롱레인지,FWD,실버,12,12,-7907
2026-09,northeast,LUM,2027,LUM-AI,롱레인지,FWD,오션 블루,9,9,-6082
2026-09,northeast,LUM,2027,LUM-AI,롱레인지,FWD,선셋 레드,7,7,-4866
2026-09,northeast,LUM,2027,LUM-AI,롱레인지,FWD,포레스트 그린,4,5,-3041
2026-09,northeast,LUM,2027,LUM-AI,롱레인지,FWD,샌드 베이지,4,5,-3041
2026-09,northeast,LUM,2027,LUM-RA,스탠다드 레인지,AWD,스노우 화이트,14,15,-6420
2026-09,northeast,LUM,2027,LUM-RA,스탠다드 레인지,AWD,미드나잇 블랙,11,12,-5083
2026-09,northeast,LUM,2027,LUM-RA,스탠다드 레인지,AWD,스틸 그레이,10,10,-4280
2026-09,northeast,LUM,2027,LUM-RA,스탠다드 레인지,AWD,실버,8,8,-3478
2026-09,northeast,LUM,2027,LUM-RA,스탠다드 레인지,AWD,오션 블루,6,6,-2675
2026-09,northeast,LUM,2027,LUM-RA,스탠다드 레인지,AWD,선셋 레드,5,5,-2140
2026-09,northeast,LUM,2027,LUM-RA,스탠다드 레인지,AWD,포레스트 그린,3,3,-1338
2026-09,northeast,LUM,2027,LUM-RA,스탠다드 레인지,AWD,샌드 베이지,3,3,-1338
2026-09,northeast,LUM,2027,LUM-RA,스탠다드 레인지,FWD,스노우 화이트,10,10,-4555
2026-09,northeast,LUM,2027,LUM-RA,스탠다드 레인지,FWD,미드나잇 블랙,8,8,-3606
2026-09,northeast,LUM,2027,LUM-RA,스탠다드 레인지,FWD,스틸 그레이,7,7,-3036
2026-09,northeast,LUM,2027,LUM-RA,스탠다드 레인지,FWD,실버,6,6,-2467
2026-09,northeast,LUM,2027,LUM-RA,스탠다드 레인지,FWD,오션 블루,4,4,-1898
2026-09,northeast,LUM,2027,LUM-RA,스탠다드 레인지,FWD,선셋 레드,3,3,-1518
2026-09,northeast,LUM,2027,LUM-RA,스탠다드 레인지,FWD,포레스트 그린,2,2,-949
2026-09,northeast,LUM,2027,LUM-RA,스탠다드 레인지,FWD,샌드 베이지,2,2,-949
2026-09,northeast,LUM,2027,LUM-RA,롱레인지,AWD,스노우 화이트,35,35,-15567
2026-09,northeast,LUM,2027,LUM-RA,롱레인지,AWD,미드나잇 블랙,27,28,-12324
2026-09,northeast,LUM,2027,LUM-RA,롱레인지,AWD,스틸 그레이,23,24,-10378
2026-09,northeast,LUM,2027,LUM-RA,롱레인지,AWD,실버,19,19,-8432
2026-09,northeast,LUM,2027,LUM-RA,롱레인지,AWD,오션 블루,14,15,-6486
2026-09,northeast,LUM,2027,LUM-RA,롱레인지,AWD,선셋 레드,12,12,-5189
2026-09,northeast,LUM,2027,LUM-RA,롱레인지,AWD,포레스트 그린,7,7,-3243
2026-09,northeast,LUM,2027,LUM-RA,롱레인지,AWD,샌드 베이지,7,7,-3243
2026-09,northeast,LUM,2027,LUM-RA,롱레인지,FWD,스노우 화이트,25,25,-11043
2026-09,northeast,LUM,2027,LUM-RA,롱레인지,FWD,미드나잇 블랙,19,20,-8743
2026-09,northeast,LUM,2027,LUM-RA,롱레인지,FWD,스틸 그레이,16,17,-7362
2026-09,northeast,LUM,2027,LUM-RA,롱레인지,FWD,실버,13,14,-5982
2026-09,northeast,LUM,2027,LUM-RA,롱레인지,FWD,오션 블루,10,10,-4601
2026-09,northeast,LUM,2027,LUM-RA,롱레인지,FWD,선셋 레드,8,8,-3681
2026-09,northeast,LUM,2027,LUM-RA,롱레인지,FWD,포레스트 그린,5,5,-2301
2026-09,northeast,LUM,2027,LUM-RA,롱레인지,FWD,샌드 베이지,5,5,-2301
2026-09,northeast,LUM,2027,LUM-SP,스탠다드 레인지,AWD,스노우 화이트,6,6,-188
2026-09,northeast,LUM,2027,LUM-SP,스탠다드 레인지,AWD,미드나잇 블랙,5,5,-149
2026-09,northeast,LUM,2027,LUM-SP,스탠다드 레인지,AWD,스틸 그레이,4,4,-125
2026-09,northeast,LUM,2027,LUM-SP,스탠다드 레인지,AWD,실버,3,3,-102
2026-09,northeast,LUM,2027,LUM-SP,스탠다드 레인지,AWD,오션 블루,2,2,-78
2026-09,northeast,LUM,2027,LUM-SP,스탠다드 레인지,AWD,선셋 레드,2,2,-63
2026-09,northeast,LUM,2027,LUM-SP,스탠다드 레인지,AWD,포레스트 그린,1,1,-39
2026-09,northeast,LUM,2027,LUM-SP,스탠다드 레인지,AWD,샌드 베이지,1,1,-39
2026-09,northeast,LUM,2027,LUM-SP,스탠다드 레인지,FWD,스노우 화이트,4,4,-133
2026-09,northeast,LUM,2027,LUM-SP,스탠다드 레인지,FWD,미드나잇 블랙,3,3,-105
2026-09,northeast,LUM,2027,LUM-SP,스탠다드 레인지,FWD,스틸 그레이,3,3,-89
2026-09,northeast,LUM,2027,LUM-SP,스탠다드 레인지,FWD,실버,2,2,-72
2026-09,northeast,LUM,2027,LUM-SP,스탠다드 레인지,FWD,오션 블루,2,2,-56
2026-09,northeast,LUM,2027,LUM-SP,스탠다드 레인지,FWD,선셋 레드,1,1,-44
2026-09,northeast,LUM,2027,LUM-SP,스탠다드 레인지,FWD,포레스트 그린,1,1,-28
2026-09,northeast,LUM,2027,LUM-SP,스탠다드 레인지,FWD,샌드 베이지,1,1,-28
2026-09,northeast,LUM,2027,LUM-SP,롱레인지,AWD,스노우 화이트,14,14,-455
2026-09,northeast,LUM,2027,LUM-SP,롱레인지,AWD,미드나잇 블랙,11,11,-361
2026-09,northeast,LUM,2027,LUM-SP,롱레인지,AWD,스틸 그레이,9,10,-304
2026-09,northeast,LUM,2027,LUM-SP,롱레인지,AWD,실버,8,8,-247
2026-09,northeast,LUM,2027,LUM-SP,롱레인지,AWD,오션 블루,6,6,-190
2026-09,northeast,LUM,2027,LUM-SP,롱레인지,AWD,선셋 레드,5,5,-152
2026-09,northeast,LUM,2027,LUM-SP,롱레인지,AWD,포레스트 그린,3,3,-95
2026-09,northeast,LUM,2027,LUM-SP,롱레인지,AWD,샌드 베이지,3,3,-95
2026-09,northeast,LUM,2027,LUM-SP,롱레인지,FWD,스노우 화이트,10,10,-323
2026-09,northeast,LUM,2027,LUM-SP,롱레인지,FWD,미드나잇 블랙,8,8,-256
2026-09,northeast,LUM,2027,LUM-SP,롱레인지,FWD,스틸 그레이,7,7,-215
2026-09,northeast,LUM,2027,LUM-SP,롱레인지,FWD,실버,5,6,-175
2026-09,northeast,LUM,2027,LUM-SP,롱레인지,FWD,오션 블루,4,4,-135
2026-09,northeast,LUM,2027,LUM-SP,롱레인지,FWD,선셋 레드,3,3,-108
2026-09,northeast,LUM,2027,LUM-SP,롱레인지,FWD,포레스트 그린,2,2,-67
2026-09,northeast,LUM,2027,LUM-SP,롱레인지,FWD,샌드 베이지,2,2,-67
2026-09,southeast,LUM,2026,LUM-AI,스탠다드 레인지,AWD,스노우 화이트,10,10,-6528
2026-09,southeast,LUM,2026,LUM-AI,스탠다드 레인지,AWD,미드나잇 블랙,8,8,-5168
2026-09,southeast,LUM,2026,LUM-AI,스탠다드 레인지,AWD,스틸 그레이,6,6,-4352
2026-09,southeast,LUM,2026,LUM-AI,스탠다드 레인지,AWD,실버,5,5,-3536
2026-09,southeast,LUM,2026,LUM-AI,스탠다드 레인지,AWD,오션 블루,4,4,-2720
2026-09,southeast,LUM,2026,LUM-AI,스탠다드 레인지,AWD,선셋 레드,3,3,-2176
2026-09,southeast,LUM,2026,LUM-AI,스탠다드 레인지,AWD,포레스트 그린,2,2,-1360
2026-09,southeast,LUM,2026,LUM-AI,스탠다드 레인지,AWD,샌드 베이지,2,2,-1360
2026-09,southeast,LUM,2026,LUM-AI,스탠다드 레인지,FWD,스노우 화이트,15,16,-10539
2026-09,southeast,LUM,2026,LUM-AI,스탠다드 레인지,FWD,미드나잇 블랙,12,12,-8343
2026-09,southeast,LUM,2026,LUM-AI,스탠다드 레인지,FWD,스틸 그레이,10,10,-7026
2026-09,southeast,LUM,2026,LUM-AI,스탠다드 레인지,FWD,실버,8,8,-5709
2026-09,southeast,LUM,2026,LUM-AI,스탠다드 레인지,FWD,오션 블루,6,7,-4391
2026-09,southeast,LUM,2026,LUM-AI,스탠다드 레인지,FWD,선셋 레드,5,5,-3513
2026-09,southeast,LUM,2026,LUM-AI,스탠다드 레인지,FWD,포레스트 그린,3,3,-2196
2026-09,southeast,LUM,2026,LUM-AI,스탠다드 레인지,FWD,샌드 베이지,3,3,-2196
2026-09,southeast,LUM,2026,LUM-AI,롱레인지,AWD,스노우 화이트,23,24,-15829
2026-09,southeast,LUM,2026,LUM-AI,롱레인지,AWD,미드나잇 블랙,18,19,-12531
2026-09,southeast,LUM,2026,LUM-AI,롱레인지,AWD,스틸 그레이,15,16,-10553
2026-09,southeast,LUM,2026,LUM-AI,롱레인지,AWD,실버,12,13,-8574
2026-09,southeast,LUM,2026,LUM-AI,롱레인지,AWD,오션 블루,10,10,-6595
2026-09,southeast,LUM,2026,LUM-AI,롱레인지,AWD,선셋 레드,8,8,-5276
2026-09,southeast,LUM,2026,LUM-AI,롱레인지,AWD,포레스트 그린,5,5,-3298
2026-09,southeast,LUM,2026,LUM-AI,롱레인지,AWD,샌드 베이지,5,5,-3298
2026-09,southeast,LUM,2026,LUM-AI,롱레인지,FWD,스노우 화이트,37,38,-25554
2026-09,southeast,LUM,2026,LUM-AI,롱레인지,FWD,미드나잇 블랙,29,30,-20230
2026-09,southeast,LUM,2026,LUM-AI,롱레인지,FWD,스틸 그레이,25,25,-17036
2026-09,southeast,LUM,2026,LUM-AI,롱레인지,FWD,실버,20,21,-13842
2026-09,southeast,LUM,2026,LUM-AI,롱레인지,FWD,오션 블루,16,16,-10647
2026-09,southeast,LUM,2026,LUM-AI,롱레인지,FWD,선셋 레드,12,13,-8518
2026-09,southeast,LUM,2026,LUM-AI,롱레인지,FWD,포레스트 그린,8,8,-5324
2026-09,southeast,LUM,2026,LUM-AI,롱레인지,FWD,샌드 베이지,8,8,-5324
2026-09,southeast,LUM,2026,LUM-RA,스탠다드 레인지,AWD,스노우 화이트,11,11,-4939
2026-09,southeast,LUM,2026,LUM-RA,스탠다드 레인지,AWD,미드나잇 블랙,9,9,-3910
2026-09,southeast,LUM,2026,LUM-RA,스탠다드 레인지,AWD,스틸 그레이,7,7,-3293
2026-09,southeast,LUM,2026,LUM-RA,스탠다드 레인지,AWD,실버,6,6,-2675
2026-09,southeast,LUM,2026,LUM-RA,스탠다드 레인지,AWD,오션 블루,5,5,-2058
2026-09,southeast,LUM,2026,LUM-RA,스탠다드 레인지,AWD,선셋 레드,4,4,-1646
2026-09,southeast,LUM,2026,LUM-RA,스탠다드 레인지,AWD,포레스트 그린,2,2,-1029
2026-09,southeast,LUM,2026,LUM-RA,스탠다드 레인지,AWD,샌드 베이지,2,2,-1029
2026-09,southeast,LUM,2026,LUM-RA,스탠다드 레인지,FWD,스노우 화이트,18,18,-7973
2026-09,southeast,LUM,2026,LUM-RA,스탠다드 레인지,FWD,미드나잇 블랙,14,14,-6312
2026-09,southeast,LUM,2026,LUM-RA,스탠다드 레인지,FWD,스틸 그레이,12,12,-5315
2026-09,southeast,LUM,2026,LUM-RA,스탠다드 레인지,FWD,실버,10,10,-4319
2026-09,southeast,LUM,2026,LUM-RA,스탠다드 레인지,FWD,오션 블루,7,8,-3322
2026-09,southeast,LUM,2026,LUM-RA,스탠다드 레인지,FWD,선셋 레드,6,6,-2658
2026-09,southeast,LUM,2026,LUM-RA,스탠다드 레인지,FWD,포레스트 그린,4,4,-1661
2026-09,southeast,LUM,2026,LUM-RA,스탠다드 레인지,FWD,샌드 베이지,4,4,-1661
2026-09,southeast,LUM,2026,LUM-RA,롱레인지,AWD,스노우 화이트,27,27,-11975
2026-09,southeast,LUM,2026,LUM-RA,롱레인지,AWD,미드나잇 블랙,21,22,-9480
2026-09,southeast,LUM,2026,LUM-RA,롱레인지,AWD,스틸 그레이,18,18,-7983
2026-09,southeast,LUM,2026,LUM-RA,롱레인지,AWD,실버,14,15,-6486
2026-09,southeast,LUM,2026,LUM-RA,롱레인지,AWD,오션 블루,11,11,-4989
2026-09,southeast,LUM,2026,LUM-RA,롱레인지,AWD,선셋 레드,9,9,-3992
2026-09,southeast,LUM,2026,LUM-RA,롱레인지,AWD,포레스트 그린,6,6,-2495
2026-09,southeast,LUM,2026,LUM-RA,롱레인지,AWD,샌드 베이지,6,6,-2495
2026-09,southeast,LUM,2026,LUM-RA,롱레인지,FWD,스노우 화이트,43,44,-19332
2026-09,southeast,LUM,2026,LUM-RA,롱레인지,FWD,미드나잇 블랙,34,35,-15304
2026-09,southeast,LUM,2026,LUM-RA,롱레인지,FWD,스틸 그레이,29,29,-12888
2026-09,southeast,LUM,2026,LUM-RA,롱레인지,FWD,실버,23,24,-10471
2026-09,southeast,LUM,2026,LUM-RA,롱레인지,FWD,오션 블루,18,18,-8055
2026-09,southeast,LUM,2026,LUM-RA,롱레인지,FWD,선셋 레드,14,15,-6444
2026-09,southeast,LUM,2026,LUM-RA,롱레인지,FWD,포레스트 그린,9,9,-4027
2026-09,southeast,LUM,2026,LUM-RA,롱레인지,FWD,샌드 베이지,9,9,-4027
2026-09,southeast,LUM,2026,LUM-SP,스탠다드 레인지,AWD,스노우 화이트,5,5,-144
2026-09,southeast,LUM,2026,LUM-SP,스탠다드 레인지,AWD,미드나잇 블랙,4,4,-114
2026-09,southeast,LUM,2026,LUM-SP,스탠다드 레인지,AWD,스틸 그레이,3,3,-96
2026-09,southeast,LUM,2026,LUM-SP,스탠다드 레인지,AWD,실버,2,2,-78
2026-09,southeast,LUM,2026,LUM-SP,스탠다드 레인지,AWD,오션 블루,2,2,-60
2026-09,southeast,LUM,2026,LUM-SP,스탠다드 레인지,AWD,선셋 레드,2,2,-48
2026-09,southeast,LUM,2026,LUM-SP,스탠다드 레인지,AWD,포레스트 그린,1,1,-30
2026-09,southeast,LUM,2026,LUM-SP,스탠다드 레인지,AWD,샌드 베이지,1,1,-30
2026-09,southeast,LUM,2026,LUM-SP,스탠다드 레인지,FWD,스노우 화이트,7,7,-233
2026-09,southeast,LUM,2026,LUM-SP,스탠다드 레인지,FWD,미드나잇 블랙,6,6,-185
2026-09,southeast,LUM,2026,LUM-SP,스탠다드 레인지,FWD,스틸 그레이,5,5,-155
2026-09,southeast,LUM,2026,LUM-SP,스탠다드 레인지,FWD,실버,4,4,-126
2026-09,southeast,LUM,2026,LUM-SP,스탠다드 레인지,FWD,오션 블루,3,3,-97
2026-09,southeast,LUM,2026,LUM-SP,스탠다드 레인지,FWD,선셋 레드,2,2,-78
2026-09,southeast,LUM,2026,LUM-SP,스탠다드 레인지,FWD,포레스트 그린,2,2,-49
2026-09,southeast,LUM,2026,LUM-SP,스탠다드 레인지,FWD,샌드 베이지,2,2,-49
2026-09,southeast,LUM,2026,LUM-SP,롱레인지,AWD,스노우 화이트,11,11,-350
2026-09,southeast,LUM,2026,LUM-SP,롱레인지,AWD,미드나잇 블랙,9,9,-277
2026-09,southeast,LUM,2026,LUM-SP,롱레인지,AWD,스틸 그레이,7,7,-234
2026-09,southeast,LUM,2026,LUM-SP,롱레인지,AWD,실버,6,6,-190
2026-09,southeast,LUM,2026,LUM-SP,롱레인지,AWD,오션 블루,5,5,-146
2026-09,southeast,LUM,2026,LUM-SP,롱레인지,AWD,선셋 레드,4,4,-117
2026-09,southeast,LUM,2026,LUM-SP,롱레인지,AWD,포레스트 그린,2,2,-73
2026-09,southeast,LUM,2026,LUM-SP,롱레인지,AWD,샌드 베이지,2,2,-73
2026-09,southeast,LUM,2026,LUM-SP,롱레인지,FWD,스노우 화이트,18,18,-566
2026-09,southeast,LUM,2026,LUM-SP,롱레인지,FWD,미드나잇 블랙,14,14,-448
2026-09,southeast,LUM,2026,LUM-SP,롱레인지,FWD,스틸 그레이,12,12,-377
2026-09,southeast,LUM,2026,LUM-SP,롱레인지,FWD,실버,10,10,-306
2026-09,southeast,LUM,2026,LUM-SP,롱레인지,FWD,오션 블루,7,7,-236
2026-09,southeast,LUM,2026,LUM-SP,롱레인지,FWD,선셋 레드,6,6,-189
2026-09,southeast,LUM,2026,LUM-SP,롱레인지,FWD,포레스트 그린,4,4,-118
2026-09,southeast,LUM,2026,LUM-SP,롱레인지,FWD,샌드 베이지,4,4,-118
2026-09,southeast,LUM,2027,LUM-AI,스탠다드 레인지,AWD,스노우 화이트,6,6,-4352
2026-09,southeast,LUM,2027,LUM-AI,스탠다드 레인지,AWD,미드나잇 블랙,5,5,-3445
2026-09,southeast,LUM,2027,LUM-AI,스탠다드 레인지,AWD,스틸 그레이,4,4,-2901
2026-09,southeast,LUM,2027,LUM-AI,스탠다드 레인지,AWD,실버,3,4,-2357
2026-09,southeast,LUM,2027,LUM-AI,스탠다드 레인지,AWD,오션 블루,3,3,-1813
2026-09,southeast,LUM,2027,LUM-AI,스탠다드 레인지,AWD,선셋 레드,2,2,-1451
2026-09,southeast,LUM,2027,LUM-AI,스탠다드 레인지,AWD,포레스트 그린,1,1,-907
2026-09,southeast,LUM,2027,LUM-AI,스탠다드 레인지,AWD,샌드 베이지,1,1,-907
2026-09,southeast,LUM,2027,LUM-AI,스탠다드 레인지,FWD,스노우 화이트,10,10,-7026
2026-09,southeast,LUM,2027,LUM-AI,스탠다드 레인지,FWD,미드나잇 블랙,8,8,-5562
2026-09,southeast,LUM,2027,LUM-AI,스탠다드 레인지,FWD,스틸 그레이,7,7,-4684
2026-09,southeast,LUM,2027,LUM-AI,스탠다드 레인지,FWD,실버,6,6,-3806
2026-09,southeast,LUM,2027,LUM-AI,스탠다드 레인지,FWD,오션 블루,4,4,-2928
2026-09,southeast,LUM,2027,LUM-AI,스탠다드 레인지,FWD,선셋 레드,3,3,-2342
2026-09,southeast,LUM,2027,LUM-AI,스탠다드 레인지,FWD,포레스트 그린,2,2,-1464
2026-09,southeast,LUM,2027,LUM-AI,스탠다드 레인지,FWD,샌드 베이지,2,2,-1464
2026-09,southeast,LUM,2027,LUM-AI,롱레인지,AWD,스노우 화이트,15,16,-10553
2026-09,southeast,LUM,2027,LUM-AI,롱레인지,AWD,미드나잇 블랙,12,12,-8354
2026-09,southeast,LUM,2027,LUM-AI,롱레인지,AWD,스틸 그레이,10,10,-7035
2026-09,southeast,LUM,2027,LUM-AI,롱레인지,AWD,실버,8,8,-5716
2026-09,southeast,LUM,2027,LUM-AI,롱레인지,AWD,오션 블루,6,7,-4397
2026-09,southeast,LUM,2027,LUM-AI,롱레인지,AWD,선셋 레드,5,5,-3518
2026-09,southeast,LUM,2027,LUM-AI,롱레인지,AWD,포레스트 그린,3,3,-2198
2026-09,southeast,LUM,2027,LUM-AI,롱레인지,AWD,샌드 베이지,3,3,-2198
2026-09,southeast,LUM,2027,LUM-AI,롱레인지,FWD,스노우 화이트,25,25,-17036
2026-09,southeast,LUM,2027,LUM-AI,롱레인지,FWD,미드나잇 블랙,20,20,-13487
2026-09,southeast,LUM,2027,LUM-AI,롱레인지,FWD,스틸 그레이,17,17,-11357
2026-09,southeast,LUM,2027,LUM-AI,롱레인지,FWD,실버,13,14,-9228
2026-09,southeast,LUM,2027,LUM-AI,롱레인지,FWD,오션 블루,10,11,-7098
2026-09,southeast,LUM,2027,LUM-AI,롱레인지,FWD,선셋 레드,8,8,-5679
2026-09,southeast,LUM,2027,LUM-AI,롱레인지,FWD,포레스트 그린,5,5,-3549
2026-09,southeast,LUM,2027,LUM-AI,롱레인지,FWD,샌드 베이지,5,5,-3549
2026-09,southeast,LUM,2027,LUM-RA,스탠다드 레인지,AWD,스노우 화이트,7,7,-3293
2026-09,southeast,LUM,2027,LUM-RA,스탠다드 레인지,AWD,미드나잇 블랙,6,6,-2607
2026-09,southeast,LUM,2027,LUM-RA,스탠다드 레인지,AWD,스틸 그레이,5,5,-2195
2026-09,southeast,LUM,2027,LUM-RA,스탠다드 레인지,AWD,실버,4,4,-1783
2026-09,southeast,LUM,2027,LUM-RA,스탠다드 레인지,AWD,오션 블루,3,3,-1372
2026-09,southeast,LUM,2027,LUM-RA,스탠다드 레인지,AWD,선셋 레드,2,2,-1098
2026-09,southeast,LUM,2027,LUM-RA,스탠다드 레인지,AWD,포레스트 그린,2,2,-686
2026-09,southeast,LUM,2027,LUM-RA,스탠다드 레인지,AWD,샌드 베이지,2,2,-686
2026-09,southeast,LUM,2027,LUM-RA,스탠다드 레인지,FWD,스노우 화이트,12,12,-5315
2026-09,southeast,LUM,2027,LUM-RA,스탠다드 레인지,FWD,미드나잇 블랙,9,10,-4208
2026-09,southeast,LUM,2027,LUM-RA,스탠다드 레인지,FWD,스틸 그레이,8,8,-3544
2026-09,southeast,LUM,2027,LUM-RA,스탠다드 레인지,FWD,실버,6,7,-2879
2026-09,southeast,LUM,2027,LUM-RA,스탠다드 레인지,FWD,오션 블루,5,5,-2215
2026-09,southeast,LUM,2027,LUM-RA,스탠다드 레인지,FWD,선셋 레드,4,4,-1772
2026-09,southeast,LUM,2027,LUM-RA,스탠다드 레인지,FWD,포레스트 그린,2,3,-1107
2026-09,southeast,LUM,2027,LUM-RA,스탠다드 레인지,FWD,샌드 베이지,2,3,-1107
2026-09,southeast,LUM,2027,LUM-RA,롱레인지,AWD,스노우 화이트,18,18,-7983
2026-09,southeast,LUM,2027,LUM-RA,롱레인지,AWD,미드나잇 블랙,14,14,-6320
2026-09,southeast,LUM,2027,LUM-RA,롱레인지,AWD,스틸 그레이,12,12,-5322
2026-09,southeast,LUM,2027,LUM-RA,롱레인지,AWD,실버,10,10,-4324
2026-09,southeast,LUM,2027,LUM-RA,롱레인지,AWD,오션 블루,7,8,-3326
2026-09,southeast,LUM,2027,LUM-RA,롱레인지,AWD,선셋 레드,6,6,-2661
2026-09,southeast,LUM,2027,LUM-RA,롱레인지,AWD,포레스트 그린,4,4,-1663
2026-09,southeast,LUM,2027,LUM-RA,롱레인지,AWD,샌드 베이지,4,4,-1663
2026-09,southeast,LUM,2027,LUM-RA,롱레인지,FWD,스노우 화이트,29,29,-12888
2026-09,southeast,LUM,2027,LUM-RA,롱레인지,FWD,미드나잇 블랙,23,23,-10203
2026-09,southeast,LUM,2027,LUM-RA,롱레인지,FWD,스틸 그레이,19,20,-8592
2026-09,southeast,LUM,2027,LUM-RA,롱레인지,FWD,실버,16,16,-6981
2026-09,southeast,LUM,2027,LUM-RA,롱레인지,FWD,오션 블루,12,12,-5370
2026-09,southeast,LUM,2027,LUM-RA,롱레인지,FWD,선셋 레드,10,10,-4296
2026-09,southeast,LUM,2027,LUM-RA,롱레인지,FWD,포레스트 그린,6,6,-2685
2026-09,southeast,LUM,2027,LUM-RA,롱레인지,FWD,샌드 베이지,6,6,-2685
2026-09,southeast,LUM,2027,LUM-SP,스탠다드 레인지,AWD,스노우 화이트,3,3,-96
2026-09,southeast,LUM,2027,LUM-SP,스탠다드 레인지,AWD,미드나잇 블랙,2,2,-76
2026-09,southeast,LUM,2027,LUM-SP,스탠다드 레인지,AWD,스틸 그레이,2,2,-64
2026-09,southeast,LUM,2027,LUM-SP,스탠다드 레인지,AWD,실버,2,2,-52
2026-09,southeast,LUM,2027,LUM-SP,스탠다드 레인지,AWD,오션 블루,1,1,-40
2026-09,southeast,LUM,2027,LUM-SP,스탠다드 레인지,AWD,선셋 레드,1,1,-32
2026-09,southeast,LUM,2027,LUM-SP,스탠다드 레인지,AWD,포레스트 그린,1,1,-20
2026-09,southeast,LUM,2027,LUM-SP,스탠다드 레인지,AWD,샌드 베이지,1,1,-20
2026-09,southeast,LUM,2027,LUM-SP,스탠다드 레인지,FWD,스노우 화이트,5,5,-155
2026-09,southeast,LUM,2027,LUM-SP,스탠다드 레인지,FWD,미드나잇 블랙,4,4,-123
2026-09,southeast,LUM,2027,LUM-SP,스탠다드 레인지,FWD,스틸 그레이,3,3,-104
2026-09,southeast,LUM,2027,LUM-SP,스탠다드 레인지,FWD,실버,3,3,-84
2026-09,southeast,LUM,2027,LUM-SP,스탠다드 레인지,FWD,오션 블루,2,2,-65
2026-09,southeast,LUM,2027,LUM-SP,스탠다드 레인지,FWD,선셋 레드,2,2,-52
2026-09,southeast,LUM,2027,LUM-SP,스탠다드 레인지,FWD,포레스트 그린,1,1,-32
2026-09,southeast,LUM,2027,LUM-SP,스탠다드 레인지,FWD,샌드 베이지,1,1,-32
2026-09,southeast,LUM,2027,LUM-SP,롱레인지,AWD,스노우 화이트,7,7,-234
2026-09,southeast,LUM,2027,LUM-SP,롱레인지,AWD,미드나잇 블랙,6,6,-185
2026-09,southeast,LUM,2027,LUM-SP,롱레인지,AWD,스틸 그레이,5,5,-156
2026-09,southeast,LUM,2027,LUM-SP,롱레인지,AWD,실버,4,4,-126
2026-09,southeast,LUM,2027,LUM-SP,롱레인지,AWD,오션 블루,3,3,-97
2026-09,southeast,LUM,2027,LUM-SP,롱레인지,AWD,선셋 레드,2,2,-78
2026-09,southeast,LUM,2027,LUM-SP,롱레인지,AWD,포레스트 그린,2,2,-49
2026-09,southeast,LUM,2027,LUM-SP,롱레인지,AWD,샌드 베이지,2,2,-49
2026-09,southeast,LUM,2027,LUM-SP,롱레인지,FWD,스노우 화이트,12,12,-377
2026-09,southeast,LUM,2027,LUM-SP,롱레인지,FWD,미드나잇 블랙,9,9,-298
2026-09,southeast,LUM,2027,LUM-SP,롱레인지,FWD,스틸 그레이,8,8,-251
2026-09,southeast,LUM,2027,LUM-SP,롱레인지,FWD,실버,6,6,-204
2026-09,southeast,LUM,2027,LUM-SP,롱레인지,FWD,오션 블루,5,5,-157
2026-09,southeast,LUM,2027,LUM-SP,롱레인지,FWD,선셋 레드,4,4,-126
2026-09,southeast,LUM,2027,LUM-SP,롱레인지,FWD,포레스트 그린,2,2,-79
2026-09,southeast,LUM,2027,LUM-SP,롱레인지,FWD,샌드 베이지,2,2,-79
