ym,zone_id,model_id,model_year,trim_id,engine,drivetrain,color,bp_retail_qty,bp_wholesale_qty,bp_op_profit_usd
2027-06,west,TRN,2027,TRN-CO,3.5 가솔린,AWD,스노우 화이트,131,134,258704
2027-06,west,TRN,2027,TRN-CO,3.5 가솔린,AWD,미드나잇 블랙,104,106,204808
2027-06,west,TRN,2027,TRN-CO,3.5 가솔린,AWD,스틸 그레이,87,89,172470
2027-06,west,TRN,2027,TRN-CO,3.5 가솔린,AWD,실버,71,72,140131
2027-06,west,TRN,2027,TRN-CO,3.5 가솔린,AWD,오션 블루,55,56,107793
2027-06,west,TRN,2027,TRN-CO,3.5 가솔린,AWD,선셋 레드,44,45,86235
2027-06,west,TRN,2027,TRN-CO,3.5 가솔린,AWD,포레스트 그린,27,28,53897
2027-06,west,TRN,2027,TRN-CO,3.5 가솔린,AWD,샌드 베이지,27,28,53897
2027-06,west,TRN,2027,TRN-CO,3.5 가솔린,FWD,스노우 화이트,44,45,86235
2027-06,west,TRN,2027,TRN-CO,3.5 가솔린,FWD,미드나잇 블랙,35,35,68269
2027-06,west,TRN,2027,TRN-CO,3.5 가솔린,FWD,스틸 그레이,29,30,57490
2027-06,west,TRN,2027,TRN-CO,3.5 가솔린,FWD,실버,24,24,46710
2027-06,west,TRN,2027,TRN-CO,3.5 가솔린,FWD,오션 블루,18,19,35931
2027-06,west,TRN,2027,TRN-CO,3.5 가솔린,FWD,선셋 레드,15,15,28745
2027-06,west,TRN,2027,TRN-CO,3.5 가솔린,FWD,포레스트 그린,9,9,17966
2027-06,west,TRN,2027,TRN-CO,3.5 가솔린,FWD,샌드 베이지,9,9,17966
2027-06,west,TRN,2027,TRN-CO,2.5T 하이브리드,AWD,스노우 화이트,160,164,316194
2027-06,west,TRN,2027,TRN-CO,2.5T 하이브리드,AWD,미드나잇 블랙,127,129,250320
2027-06,west,TRN,2027,TRN-CO,2.5T 하이브리드,AWD,스틸 그레이,107,109,210796
2027-06,west,TRN,2027,TRN-CO,2.5T 하이브리드,AWD,실버,87,89,171272
2027-06,west,TRN,2027,TRN-CO,2.5T 하이브리드,AWD,오션 블루,67,68,131748
2027-06,west,TRN,2027,TRN-CO,2.5T 하이브리드,AWD,선셋 레드,53,55,105398
2027-06,west,TRN,2027,TRN-CO,2.5T 하이브리드,AWD,포레스트 그린,33,34,65874
2027-06,west,TRN,2027,TRN-CO,2.5T 하이브리드,AWD,샌드 베이지,33,34,65874
2027-06,west,TRN,2027,TRN-CO,2.5T 하이브리드,FWD,스노우 화이트,53,55,105398
2027-06,west,TRN,2027,TRN-CO,2.5T 하이브리드,FWD,미드나잇 블랙,42,43,83440
2027-06,west,TRN,2027,TRN-CO,2.5T 하이브리드,FWD,스틸 그레이,36,36,70265
2027-06,west,TRN,2027,TRN-CO,2.5T 하이브리드,FWD,실버,29,30,57091
2027-06,west,TRN,2027,TRN-CO,2.5T 하이브리드,FWD,오션 블루,22,23,43916
2027-06,west,TRN,2027,TRN-CO,2.5T 하이브리드,FWD,선셋 레드,18,18,35133
2027-06,west,TRN,2027,TRN-CO,2.5T 하이브리드,FWD,포레스트 그린,11,11,21958
2027-06,west,TRN,2027,TRN-CO,2.5T 하이브리드,FWD,샌드 베이지,11,11,21958
2027-06,west,TRN,2027,TRN-PR,3.5 가솔린,AWD,스노우 화이트,152,155,356852
2027-06,west,TRN,2027,TRN-PR,3.5 가솔린,AWD,미드나잇 블랙,120,123,282508
2027-06,west,TRN,2027,TRN-PR,3.5 가솔린,AWD,스틸 그레이,101,103,237901
2027-06,west,TRN,2027,TRN-PR,3.5 가솔린,AWD,실버,82,84,193295
2027-06,west,TRN,2027,TRN-PR,3.5 가솔린,AWD,오션 블루,63,65,148688
2027-06,west,TRN,2027,TRN-PR,3.5 가솔린,AWD,선셋 레드,51,52,118951
2027-06,west,TRN,2027,TRN-PR,3.5 가솔린,AWD,포레스트 그린,32,32,74344
2027-06,west,TRN,2027,TRN-PR,3.5 가솔린,AWD,샌드 베이지,32,32,74344
2027-06,west,TRN,2027,TRN-PR,3.5 가솔린,FWD,스노우 화이트,51,52,118951
2027-06,west,TRN,2027,TRN-PR,3.5 가솔린,FWD,미드나잇 블랙,40,41,94169
2027-06,west,TRN,2027,TRN-PR,3.5 가솔린,FWD,스틸 그레이,34,34,79300
2027-06,west,TRN,2027,TRN-PR,3.5 가솔린,FWD,실버,27,28,64432
2027-06,west,TRN,2027,TRN-PR,3.5 가솔린,FWD,오션 블루,21,22,49563
2027-06,west,TRN,2027,TRN-PR,3.5 가솔린,FWD,선셋 레드,17,17,39650
2027-06,west,TRN,2027,TRN-PR,3.5 가솔린,FWD,포레스트 그린,11,11,24781
2027-06,west,TRN,2027,TRN-PR,3.5 가솔린,FWD,샌드 베이지,11,11,24781
2027-06,west,TRN,2027,TRN-PR,2.5T 하이브리드,AWD,스노우 화이트,186,189,436152
2027-06,west,TRN,2027,TRN-PR,2.5T 하이브리드,AWD,미드나잇 블랙,147,150,345287
2027-06,west,TRN,2027,TRN-PR,2.5T 하이브리드,AWD,스틸 그레이,124,126,290768
2027-06,west,TRN,2027,TRN-PR,2.5T 하이브리드,AWD,실버,101,103,236249
2027-06,west,TRN,2027,TRN-PR,2.5T 하이브리드,AWD,오션 블루,77,79,181730
2027-06,west,TRN,2027,TRN-PR,2.5T 하이브리드,AWD,선셋 레드,62,63,145384
2027-06,west,TRN,2027,TRN-PR,2.5T 하이브리드,AWD,포레스트 그린,39,39,90865
2027-06,west,TRN,2027,TRN-PR,2.5T 하이브리드,AWD,샌드 베이지,39,39,90865
2027-06,west,TRN,2027,TRN-PR,2.5T 하이브리드,FWD,스노우 화이트,62,63,145384
2027-06,west,TRN,2027,TRN-PR,2.5T 하이브리드,FWD,미드나잇 블랙,49,50,115096
2027-06,west,TRN,2027,TRN-PR,2.5T 하이브리드,FWD,스틸 그레이,41,42,96923
2027-06,west,TRN,2027,TRN-PR,2.5T 하이브리드,FWD,실버,34,34,78750
2027-06,west,TRN,2027,TRN-PR,2.5T 하이브리드,FWD,오션 블루,26,26,60577
2027-06,west,TRN,2027,TRN-PR,2.5T 하이브리드,FWD,선셋 레드,21,21,48461
2027-06,west,TRN,2027,TRN-PR,2.5T 하이브리드,FWD,포레스트 그린,13,13,30288
2027-06,west,TRN,2027,TRN-PR,2.5T 하이브리드,FWD,샌드 베이지,13,13,30288
2027-06,west,TRN,2027,TRN-SU,3.5 가솔린,AWD,스노우 화이트,62,63,187006
2027-06,west,TRN,2027,TRN-SU,3.5 가솔린,AWD,미드나잇 블랙,49,50,148046
2027-06,west,TRN,2027,TRN-SU,3.5 가솔린,AWD,스틸 그레이,41,42,124671
2027-06,west,TRN,2027,TRN-SU,3.5 가솔린,AWD,실버,34,34,101295
2027-06,west,TRN,2027,TRN-SU,3.5 가솔린,AWD,오션 블루,26,26,77919
2027-06,west,TRN,2027,TRN-SU,3.5 가솔린,AWD,선셋 레드,21,21,62335
2027-06,west,TRN,2027,TRN-SU,3.5 가솔린,AWD,포레스트 그린,13,13,38960
2027-06,west,TRN,2027,TRN-SU,3.5 가솔린,AWD,샌드 베이지,13,13,38960
2027-06,west,TRN,2027,TRN-SU,3.5 가솔린,FWD,스노우 화이트,21,21,62335
2027-06,west,TRN,2027,TRN-SU,3.5 가솔린,FWD,미드나잇 블랙,16,17,49349
2027-06,west,TRN,2027,TRN-SU,3.5 가솔린,FWD,스틸 그레이,14,14,41557
2027-06,west,TRN,2027,TRN-SU,3.5 가솔린,FWD,실버,11,11,33765
2027-06,west,TRN,2027,TRN-SU,3.5 가솔린,FWD,오션 블루,9,9,25973
2027-06,west,TRN,2027,TRN-SU,3.5 가솔린,FWD,선셋 레드,7,7,20778
2027-06,west,TRN,2027,TRN-SU,3.5 가솔린,FWD,포레스트 그린,4,4,12987
2027-06,west,TRN,2027,TRN-SU,3.5 가솔린,FWD,샌드 베이지,4,4,12987
2027-06,west,TRN,2027,TRN-SU,2.5T 하이브리드,AWD,스노우 화이트,76,77,228563
2027-06,west,TRN,2027,TRN-SU,2.5T 하이브리드,AWD,미드나잇 블랙,60,61,180945
2027-06,west,TRN,2027,TRN-SU,2.5T 하이브리드,AWD,스틸 그레이,51,52,152375
2027-06,west,TRN,2027,TRN-SU,2.5T 하이브리드,AWD,실버,41,42,123805
2027-06,west,TRN,2027,TRN-SU,2.5T 하이브리드,AWD,오션 블루,32,32,95234
2027-06,west,TRN,2027,TRN-SU,2.5T 하이브리드,AWD,선셋 레드,25,26,76188
2027-06,west,TRN,2027,TRN-SU,2.5T 하이브리드,AWD,포레스트 그린,16,16,47617
2027-06,west,TRN,2027,TRN-SU,2.5T 하이브리드,AWD,샌드 베이지,16,16,47617
2027-06,west,TRN,2027,TRN-SU,2.5T 하이브리드,FWD,스노우 화이트,25,26,76188
2027-06,west,TRN,2027,TRN-SU,2.5T 하이브리드,FWD,미드나잇 블랙,20,20,60315
2027-06,west,TRN,2027,TRN-SU,2.5T 하이브리드,FWD,스틸 그레이,17,17,50792
2027-06,west,TRN,2027,TRN-SU,2.5T 하이브리드,FWD,실버,14,14,41268
2027-06,west,TRN,2027,TRN-SU,2.5T 하이브리드,FWD,오션 블루,11,11,31745
2027-06,west,TRN,2027,TRN-SU,2.5T 하이브리드,FWD,선셋 레드,8,9,25396
2027-06,west,TRN,2027,TRN-SU,2.5T 하이브리드,FWD,포레스트 그린,5,5,15872
2027-06,west,TRN,2027,TRN-SU,2.5T 하이브리드,FWD,샌드 베이지,5,5,15872
2027-06,central,TRN,2027,TRN-CO,3.5 가솔린,AWD,스노우 화이트,99,101,194526
2027-06,central,TRN,2027,TRN-CO,3.5 가솔린,AWD,미드나잇 블랙,78,80,154000
2027-06,central,TRN,2027,TRN-CO,3.5 가솔린,AWD,스틸 그레이,66,67,129684
2027-06,central,TRN,2027,TRN-CO,3.5 가솔린,AWD,실버,53,54,105368
2027-06,central,TRN,2027,TRN-CO,3.5 가솔린,AWD,오션 블루,41,42,81052
2027-06,central,TRN,2027,TRN-CO,3.5 가솔린,AWD,선셋 레드,33,34,64842
2027-06,central,TRN,2027,TRN-CO,3.5 가솔린,AWD,포레스트 그린,21,21,40526
2027-06,central,TRN,2027,TRN-CO,3.5 가솔린,AWD,샌드 베이지,21,21,40526
2027-06,central,TRN,2027,TRN-CO,3.5 가솔린,FWD,스노우 화이트,16,16,31011
2027-06,central,TRN,2027,TRN-CO,3.5 가솔린,FWD,미드나잇 블랙,12,13,24551
2027-06,central,TRN,2027,TRN-CO,3.5 가솔린,FWD,스틸 그레이,10,11,20674
2027-06,central,TRN,2027,TRN-CO,3.5 가솔린,FWD,실버,9,9,16798
2027-06,central,TRN,2027,TRN-CO,3.5 가솔린,FWD,오션 블루,7,7,12921
2027-06,central,TRN,2027,TRN-CO,3.5 가솔린,FWD,선셋 레드,5,5,10337
2027-06,central,TRN,2027,TRN-CO,3.5 가솔린,FWD,포레스트 그린,3,3,6461
2027-06,central,TRN,2027,TRN-CO,3.5 가솔린,FWD,샌드 베이지,3,3,6461
2027-06,central,TRN,2027,TRN-CO,2.5T 하이브리드,AWD,스노우 화이트,121,123,237754
2027-06,central,TRN,2027,TRN-CO,2.5T 하이브리드,AWD,미드나잇 블랙,95,97,188222
2027-06,central,TRN,2027,TRN-CO,2.5T 하이브리드,AWD,스틸 그레이,80,82,158502
2027-06,central,TRN,2027,TRN-CO,2.5T 하이브리드,AWD,실버,65,67,128783
2027-06,central,TRN,2027,TRN-CO,2.5T 하이브리드,AWD,오션 블루,50,51,99064
2027-06,central,TRN,2027,TRN-CO,2.5T 하이브리드,AWD,선셋 레드,40,41,79251
2027-06,central,TRN,2027,TRN-CO,2.5T 하이브리드,AWD,포레스트 그린,25,26,49532
2027-06,central,TRN,2027,TRN-CO,2.5T 하이브리드,AWD,샌드 베이지,25,26,49532
2027-06,central,TRN,2027,TRN-CO,2.5T 하이브리드,FWD,스노우 화이트,19,20,37903
2027-06,central,TRN,2027,TRN-CO,2.5T 하이브리드,FWD,미드나잇 블랙,15,16,30006
2027-06,central,TRN,2027,TRN-CO,2.5T 하이브리드,FWD,스틸 그레이,13,13,25269
2027-06,central,TRN,2027,TRN-CO,2.5T 하이브리드,FWD,실버,10,11,20531
2027-06,central,TRN,2027,TRN-CO,2.5T 하이브리드,FWD,오션 블루,8,8,15793
2027-06,central,TRN,2027,TRN-CO,2.5T 하이브리드,FWD,선셋 레드,6,7,12634
2027-06,central,TRN,2027,TRN-CO,2.5T 하이브리드,FWD,포레스트 그린,4,4,7896
2027-06,central,TRN,2027,TRN-CO,2.5T 하이브리드,FWD,샌드 베이지,4,4,7896
2027-06,central,TRN,2027,TRN-PR,3.5 가솔린,AWD,스노우 화이트,114,116,268325
2027-06,central,TRN,2027,TRN-PR,3.5 가솔린,AWD,미드나잇 블랙,90,92,212424
2027-06,central,TRN,2027,TRN-PR,3.5 가솔린,AWD,스틸 그레이,76,78,178883
2027-06,central,TRN,2027,TRN-PR,3.5 가솔린,AWD,실버,62,63,145343
2027-06,central,TRN,2027,TRN-PR,3.5 가솔린,AWD,오션 블루,48,49,111802
2027-06,central,TRN,2027,TRN-PR,3.5 가솔린,AWD,선셋 레드,38,39,89442
2027-06,central,TRN,2027,TRN-PR,3.5 가솔린,AWD,포레스트 그린,24,24,55901
2027-06,central,TRN,2027,TRN-PR,3.5 가솔린,AWD,샌드 베이지,24,24,55901
2027-06,central,TRN,2027,TRN-PR,3.5 가솔린,FWD,스노우 화이트,18,19,42776
2027-06,central,TRN,2027,TRN-PR,3.5 가솔린,FWD,미드나잇 블랙,14,15,33865
2027-06,central,TRN,2027,TRN-PR,3.5 가솔린,FWD,스틸 그레이,12,12,28518
2027-06,central,TRN,2027,TRN-PR,3.5 가솔린,FWD,실버,10,10,23171
2027-06,central,TRN,2027,TRN-PR,3.5 가솔린,FWD,오션 블루,8,8,17824
2027-06,central,TRN,2027,TRN-PR,3.5 가솔린,FWD,선셋 레드,6,6,14259
2027-06,central,TRN,2027,TRN-PR,3.5 가솔린,FWD,포레스트 그린,4,4,8912
2027-06,central,TRN,2027,TRN-PR,3.5 가솔린,FWD,샌드 베이지,4,4,8912
2027-06,central,TRN,2027,TRN-PR,2.5T 하이브리드,AWD,스노우 화이트,140,142,327953
2027-06,central,TRN,2027,TRN-PR,2.5T 하이브리드,AWD,미드나잇 블랙,110,113,259629
2027-06,central,TRN,2027,TRN-PR,2.5T 하이브리드,AWD,스틸 그레이,93,95,218635
2027-06,central,TRN,2027,TRN-PR,2.5T 하이브리드,AWD,실버,76,77,177641
2027-06,central,TRN,2027,TRN-PR,2.5T 하이브리드,AWD,오션 블루,58,59,136647
2027-06,central,TRN,2027,TRN-PR,2.5T 하이브리드,AWD,선셋 레드,47,47,109318
2027-06,central,TRN,2027,TRN-PR,2.5T 하이브리드,AWD,포레스트 그린,29,30,68323
2027-06,central,TRN,2027,TRN-PR,2.5T 하이브리드,AWD,샌드 베이지,29,30,68323
2027-06,central,TRN,2027,TRN-PR,2.5T 하이브리드,FWD,스노우 화이트,22,23,52282
2027-06,central,TRN,2027,TRN-PR,2.5T 하이브리드,FWD,미드나잇 블랙,18,18,41390
2027-06,central,TRN,2027,TRN-PR,2.5T 하이브리드,FWD,스틸 그레이,15,15,34855
2027-06,central,TRN,2027,TRN-PR,2.5T 하이브리드,FWD,실버,12,12,28320
2027-06,central,TRN,2027,TRN-PR,2.5T 하이브리드,FWD,오션 블루,9,9,21784
2027-06,central,TRN,2027,TRN-PR,2.5T 하이브리드,FWD,선셋 레드,7,8,17427
2027-06,central,TRN,2027,TRN-PR,2.5T 하이브리드,FWD,포레스트 그린,5,5,10892
2027-06,central,TRN,2027,TRN-PR,2.5T 하이브리드,FWD,샌드 베이지,5,5,10892
2027-06,central,TRN,2027,TRN-SU,3.5 가솔린,AWD,스노우 화이트,47,48,140614
2027-06,central,TRN,2027,TRN-SU,3.5 가솔린,AWD,미드나잇 블랙,37,38,111319
2027-06,central,TRN,2027,TRN-SU,3.5 가솔린,AWD,스틸 그레이,31,32,93743
2027-06,central,TRN,2027,TRN-SU,3.5 가솔린,AWD,실버,25,26,76166
2027-06,central,TRN,2027,TRN-SU,3.5 가솔린,AWD,오션 블루,19,20,58589
2027-06,central,TRN,2027,TRN-SU,3.5 가솔린,AWD,선셋 레드,16,16,46871
2027-06,central,TRN,2027,TRN-SU,3.5 가솔린,AWD,포레스트 그린,10,10,29295
2027-06,central,TRN,2027,TRN-SU,3.5 가솔린,AWD,샌드 베이지,10,10,29295
2027-06,central,TRN,2027,TRN-SU,3.5 가솔린,FWD,스노우 화이트,7,8,22417
2027-06,central,TRN,2027,TRN-SU,3.5 가솔린,FWD,미드나잇 블랙,6,6,17747
2027-06,central,TRN,2027,TRN-SU,3.5 가솔린,FWD,스틸 그레이,5,5,14944
2027-06,central,TRN,2027,TRN-SU,3.5 가솔린,FWD,실버,4,4,12142
2027-06,central,TRN,2027,TRN-SU,3.5 가솔린,FWD,오션 블루,3,3,9340
2027-06,central,TRN,2027,TRN-SU,3.5 가솔린,FWD,선셋 레드,2,3,7472
2027-06,central,TRN,2027,TRN-SU,3.5 가솔린,FWD,포레스트 그린,2,2,4670
2027-06,central,TRN,2027,TRN-SU,3.5 가솔린,FWD,샌드 베이지,2,2,4670
2027-06,central,TRN,2027,TRN-SU,2.5T 하이브리드,AWD,스노우 화이트,57,58,171862
2027-06,central,TRN,2027,TRN-SU,2.5T 하이브리드,AWD,미드나잇 블랙,45,46,136057
2027-06,central,TRN,2027,TRN-SU,2.5T 하이브리드,AWD,스틸 그레이,38,39,114574
2027-06,central,TRN,2027,TRN-SU,2.5T 하이브리드,AWD,실버,31,32,93092
2027-06,central,TRN,2027,TRN-SU,2.5T 하이브리드,AWD,오션 블루,24,24,71609
2027-06,central,TRN,2027,TRN-SU,2.5T 하이브리드,AWD,선셋 레드,19,19,57287
2027-06,central,TRN,2027,TRN-SU,2.5T 하이브리드,AWD,포레스트 그린,12,12,35804
2027-06,central,TRN,2027,TRN-SU,2.5T 하이브리드,AWD,샌드 베이지,12,12,35804
2027-06,central,TRN,2027,TRN-SU,2.5T 하이브리드,FWD,스노우 화이트,9,9,27398
2027-06,central,TRN,2027,TRN-SU,2.5T 하이브리드,FWD,미드나잇 블랙,7,7,21690
2027-06,central,TRN,2027,TRN-SU,2.5T 하이브리드,FWD,스틸 그레이,6,6,18265
2027-06,central,TRN,2027,TRN-SU,2.5T 하이브리드,FWD,실버,5,5,14841
2027-06,central,TRN,2027,TRN-SU,2.5T 하이브리드,FWD,오션 블루,4,4,11416
2027-06,central,TRN,2027,TRN-SU,2.5T 하이브리드,FWD,선셋 레드,3,3,9133
2027-06,central,TRN,2027,TRN-SU,2.5T 하이브리드,FWD,포레스트 그린,2,2,5708
2027-06,central,TRN,2027,TRN-SU,2.5T 하이브리드,FWD,샌드 베이지,2,2,5708
2027-06,south,TRN,2027,TRN-CO,3.5 가솔린,AWD,스노우 화이트,80,81,157611
2027-06,south,TRN,2027,TRN-CO,3.5 가솔린,AWD,미드나잇 블랙,63,65,124775
2027-06,south,TRN,2027,TRN-CO,3.5 가솔린,AWD,스틸 그레이,53,54,105074
2027-06,south,TRN,2027,TRN-CO,3.5 가솔린,AWD,실버,43,44,85372
2027-06,south,TRN,2027,TRN-CO,3.5 가솔린,AWD,오션 블루,33,34,65671
2027-06,south,TRN,2027,TRN-CO,3.5 가솔린,AWD,선셋 레드,27,27,52537
2027-06,south,TRN,2027,TRN-CO,3.5 가솔린,AWD,포레스트 그린,17,17,32836
2027-06,south,TRN,2027,TRN-CO,3.5 가솔린,AWD,샌드 베이지,17,17,32836
2027-06,south,TRN,2027,TRN-CO,3.5 가솔린,FWD,스노우 화이트,68,69,134261
2027-06,south,TRN,2027,TRN-CO,3.5 가솔린,FWD,미드나잇 블랙,54,55,106290
2027-06,south,TRN,2027,TRN-CO,3.5 가솔린,FWD,스틸 그레이,45,46,89507
2027-06,south,TRN,2027,TRN-CO,3.5 가솔린,FWD,실버,37,38,72725
2027-06,south,TRN,2027,TRN-CO,3.5 가솔린,FWD,오션 블루,28,29,55942
2027-06,south,TRN,2027,TRN-CO,3.5 가솔린,FWD,선셋 레드,23,23,44754
2027-06,south,TRN,2027,TRN-CO,3.5 가솔린,FWD,포레스트 그린,14,14,27971
2027-06,south,TRN,2027,TRN-CO,3.5 가솔린,FWD,샌드 베이지,14,14,27971
2027-06,south,TRN,2027,TRN-CO,2.5T 하이브리드,AWD,스노우 화이트,98,100,192635
2027-06,south,TRN,2027,TRN-CO,2.5T 하이브리드,AWD,미드나잇 블랙,77,79,152503
2027-06,south,TRN,2027,TRN-CO,2.5T 하이브리드,AWD,스틸 그레이,65,66,128423
2027-06,south,TRN,2027,TRN-CO,2.5T 하이브리드,AWD,실버,53,54,104344
2027-06,south,TRN,2027,TRN-CO,2.5T 하이브리드,AWD,오션 블루,41,42,80265
2027-06,south,TRN,2027,TRN-CO,2.5T 하이브리드,AWD,선셋 레드,33,33,64212
2027-06,south,TRN,2027,TRN-CO,2.5T 하이브리드,AWD,포레스트 그린,20,21,40132
2027-06,south,TRN,2027,TRN-CO,2.5T 하이브리드,AWD,샌드 베이지,20,21,40132
2027-06,south,TRN,2027,TRN-CO,2.5T 하이브리드,FWD,스노우 화이트,83,85,164097
2027-06,south,TRN,2027,TRN-CO,2.5T 하이브리드,FWD,미드나잇 블랙,66,67,129910
2027-06,south,TRN,2027,TRN-CO,2.5T 하이브리드,FWD,스틸 그레이,55,57,109398
2027-06,south,TRN,2027,TRN-CO,2.5T 하이브리드,FWD,실버,45,46,88886
2027-06,south,TRN,2027,TRN-CO,2.5T 하이브리드,FWD,오션 블루,35,35,68374
2027-06,south,TRN,2027,TRN-CO,2.5T 하이브리드,FWD,선셋 레드,28,28,54699
2027-06,south,TRN,2027,TRN-CO,2.5T 하이브리드,FWD,포레스트 그린,17,18,34187
2027-06,south,TRN,2027,TRN-CO,2.5T 하이브리드,FWD,샌드 베이지,17,18,34187
2027-06,south,TRN,2027,TRN-PR,3.5 가솔린,AWD,스노우 화이트,93,94,217405
2027-06,south,TRN,2027,TRN-PR,3.5 가솔린,AWD,미드나잇 블랙,73,75,172112
2027-06,south,TRN,2027,TRN-PR,3.5 가솔린,AWD,스틸 그레이,62,63,144937
2027-06,south,TRN,2027,TRN-PR,3.5 가솔린,AWD,실버,50,51,117761
2027-06,south,TRN,2027,TRN-PR,3.5 가솔린,AWD,오션 블루,39,39,90585
2027-06,south,TRN,2027,TRN-PR,3.5 가솔린,AWD,선셋 레드,31,31,72468
2027-06,south,TRN,2027,TRN-PR,3.5 가솔린,AWD,포레스트 그린,19,20,45293
2027-06,south,TRN,2027,TRN-PR,3.5 가솔린,AWD,샌드 베이지,19,20,45293
2027-06,south,TRN,2027,TRN-PR,3.5 가솔린,FWD,스노우 화이트,79,80,185197
2027-06,south,TRN,2027,TRN-PR,3.5 가솔린,FWD,미드나잇 블랙,62,64,146614
2027-06,south,TRN,2027,TRN-PR,3.5 가솔린,FWD,스틸 그레이,53,54,123465
2027-06,south,TRN,2027,TRN-PR,3.5 가솔린,FWD,실버,43,44,100315
2027-06,south,TRN,2027,TRN-PR,3.5 가솔린,FWD,오션 블루,33,33,77165
2027-06,south,TRN,2027,TRN-PR,3.5 가솔린,FWD,선셋 레드,26,27,61732
2027-06,south,TRN,2027,TRN-PR,3.5 가솔린,FWD,포레스트 그린,16,17,38583
2027-06,south,TRN,2027,TRN-PR,3.5 가솔린,FWD,샌드 베이지,16,17,38583
2027-06,south,TRN,2027,TRN-PR,2.5T 하이브리드,AWD,스노우 화이트,113,115,265717
2027-06,south,TRN,2027,TRN-PR,2.5T 하이브리드,AWD,미드나잇 블랙,90,91,210359
2027-06,south,TRN,2027,TRN-PR,2.5T 하이브리드,AWD,스틸 그레이,75,77,177145
2027-06,south,TRN,2027,TRN-PR,2.5T 하이브리드,AWD,실버,61,62,143930
2027-06,south,TRN,2027,TRN-PR,2.5T 하이브리드,AWD,오션 블루,47,48,110716
2027-06,south,TRN,2027,TRN-PR,2.5T 하이브리드,AWD,선셋 레드,38,38,88572
2027-06,south,TRN,2027,TRN-PR,2.5T 하이브리드,AWD,포레스트 그린,24,24,55358
2027-06,south,TRN,2027,TRN-PR,2.5T 하이브리드,AWD,샌드 베이지,24,24,55358
2027-06,south,TRN,2027,TRN-PR,2.5T 하이브리드,FWD,스노우 화이트,96,98,226352
2027-06,south,TRN,2027,TRN-PR,2.5T 하이브리드,FWD,미드나잇 블랙,76,78,179195
2027-06,south,TRN,2027,TRN-PR,2.5T 하이브리드,FWD,스틸 그레이,64,66,150901
2027-06,south,TRN,2027,TRN-PR,2.5T 하이브리드,FWD,실버,52,53,122607
2027-06,south,TRN,2027,TRN-PR,2.5T 하이브리드,FWD,오션 블루,40,41,94313
2027-06,south,TRN,2027,TRN-PR,2.5T 하이브리드,FWD,선셋 레드,32,33,75451
2027-06,south,TRN,2027,TRN-PR,2.5T 하이브리드,FWD,포레스트 그린,20,20,47157
2027-06,south,TRN,2027,TRN-PR,2.5T 하이브리드,FWD,샌드 베이지,20,20,47157
2027-06,south,TRN,2027,TRN-SU,3.5 가솔린,AWD,스노우 화이트,38,39,113930
2027-06,south,TRN,2027,TRN-SU,3.5 가솔린,AWD,미드나잇 블랙,30,31,90194
2027-06,south,TRN,2027,TRN-SU,3.5 가솔린,AWD,스틸 그레이,25,26,75953
2027-06,south,TRN,2027,TRN-SU,3.5 가솔린,AWD,실버,21,21,61712
2027-06,south,TRN,2027,TRN-SU,3.5 가솔린,AWD,오션 블루,16,16,47471
2027-06,south,TRN,2027,TRN-SU,3.5 가솔린,AWD,선셋 레드,13,13,37977
2027-06,south,TRN,2027,TRN-SU,3.5 가솔린,AWD,포레스트 그린,8,8,23735
2027-06,south,TRN,2027,TRN-SU,3.5 가솔린,AWD,샌드 베이지,8,8,23735
2027-06,south,TRN,2027,TRN-SU,3.5 가솔린,FWD,스노우 화이트,32,33,97051
2027-06,south,TRN,2027,TRN-SU,3.5 가솔린,FWD,미드나잇 블랙,26,26,76832
2027-06,south,TRN,2027,TRN-SU,3.5 가솔린,FWD,스틸 그레이,21,22,64701
2027-06,south,TRN,2027,TRN-SU,3.5 가솔린,FWD,실버,17,18,52569
2027-06,south,TRN,2027,TRN-SU,3.5 가솔린,FWD,오션 블루,13,14,40438
2027-06,south,TRN,2027,TRN-SU,3.5 가솔린,FWD,선셋 레드,11,11,32350
2027-06,south,TRN,2027,TRN-SU,3.5 가솔린,FWD,포레스트 그린,7,7,20219
2027-06,south,TRN,2027,TRN-SU,3.5 가솔린,FWD,샌드 베이지,7,7,20219
2027-06,south,TRN,2027,TRN-SU,2.5T 하이브리드,AWD,스노우 화이트,46,47,139247
2027-06,south,TRN,2027,TRN-SU,2.5T 하이브리드,AWD,미드나잇 블랙,37,37,110238
2027-06,south,TRN,2027,TRN-SU,2.5T 하이브리드,AWD,스틸 그레이,31,31,92832
2027-06,south,TRN,2027,TRN-SU,2.5T 하이브리드,AWD,실버,25,26,75426
2027-06,south,TRN,2027,TRN-SU,2.5T 하이브리드,AWD,오션 블루,19,20,58020
2027-06,south,TRN,2027,TRN-SU,2.5T 하이브리드,AWD,선셋 레드,15,16,46416
2027-06,south,TRN,2027,TRN-SU,2.5T 하이브리드,AWD,포레스트 그린,10,10,29010
2027-06,south,TRN,2027,TRN-SU,2.5T 하이브리드,AWD,샌드 베이지,10,10,29010
2027-06,south,TRN,2027,TRN-SU,2.5T 하이브리드,FWD,스노우 화이트,39,40,118618
2027-06,south,TRN,2027,TRN-SU,2.5T 하이브리드,FWD,미드나잇 블랙,31,32,93906
2027-06,south,TRN,2027,TRN-SU,2.5T 하이브리드,FWD,스틸 그레이,26,27,79079
2027-06,south,TRN,2027,TRN-SU,2.5T 하이브리드,FWD,실버,21,22,64252
2027-06,south,TRN,2027,TRN-SU,2.5T 하이브리드,FWD,오션 블루,16,17,49424
2027-06,south,TRN,2027,TRN-SU,2.5T 하이브리드,FWD,선셋 레드,13,13,39539
2027-06,south,TRN,2027,TRN-SU,2.5T 하이브리드,FWD,포레스트 그린,8,8,24712
2027-06,south,TRN,2027,TRN-SU,2.5T 하이브리드,FWD,샌드 베이지,8,8,24712
2027-06,northeast,TRN,2027,TRN-CO,3.5 가솔린,AWD,스노우 화이트,109,111,214260
2027-06,northeast,TRN,2027,TRN-CO,3.5 가솔린,AWD,미드나잇 블랙,86,88,169623
2027-06,northeast,TRN,2027,TRN-CO,3.5 가솔린,AWD,스틸 그레이,72,74,142840
2027-06,northeast,TRN,2027,TRN-CO,3.5 가솔린,AWD,실버,59,60,116058
2027-06,northeast,TRN,2027,TRN-CO,3.5 가솔린,AWD,오션 블루,45,46,89275
2027-06,northeast,TRN,2027,TRN-CO,3.5 가솔린,AWD,선셋 레드,36,37,71420
2027-06,northeast,TRN,2027,TRN-CO,3.5 가솔린,AWD,포레스트 그린,23,23,44638
2027-06,northeast,TRN,2027,TRN-CO,3.5 가솔린,AWD,샌드 베이지,23,23,44638
2027-06,northeast,TRN,2027,TRN-CO,3.5 가솔린,FWD,스노우 화이트,6,6,11277
2027-06,northeast,TRN,2027,TRN-CO,3.5 가솔린,FWD,미드나잇 블랙,5,5,8928
2027-06,northeast,TRN,2027,TRN-CO,3.5 가솔린,FWD,스틸 그레이,4,4,7518
2027-06,northeast,TRN,2027,TRN-CO,3.5 가솔린,FWD,실버,3,3,6108
2027-06,northeast,TRN,2027,TRN-CO,3.5 가솔린,FWD,오션 블루,2,2,4699
2027-06,northeast,TRN,2027,TRN-CO,3.5 가솔린,FWD,선셋 레드,2,2,3759
2027-06,northeast,TRN,2027,TRN-CO,3.5 가솔린,FWD,포레스트 그린,1,1,2349
2027-06,northeast,TRN,2027,TRN-CO,3.5 가솔린,FWD,샌드 베이지,1,1,2349
2027-06,northeast,TRN,2027,TRN-CO,2.5T 하이브리드,AWD,스노우 화이트,133,135,261874
2027-06,northeast,TRN,2027,TRN-CO,2.5T 하이브리드,AWD,미드나잇 블랙,105,107,207317
2027-06,northeast,TRN,2027,TRN-CO,2.5T 하이브리드,AWD,스틸 그레이,89,90,174582
2027-06,northeast,TRN,2027,TRN-CO,2.5T 하이브리드,AWD,실버,72,73,141848
2027-06,northeast,TRN,2027,TRN-CO,2.5T 하이브리드,AWD,오션 블루,55,56,109114
2027-06,northeast,TRN,2027,TRN-CO,2.5T 하이브리드,AWD,선셋 레드,44,45,87291
2027-06,northeast,TRN,2027,TRN-CO,2.5T 하이브리드,AWD,포레스트 그린,28,28,54557
2027-06,northeast,TRN,2027,TRN-CO,2.5T 하이브리드,AWD,샌드 베이지,28,28,54557
2027-06,northeast,TRN,2027,TRN-CO,2.5T 하이브리드,FWD,스노우 화이트,7,7,13783
2027-06,northeast,TRN,2027,TRN-CO,2.5T 하이브리드,FWD,미드나잇 블랙,6,6,10911
2027-06,northeast,TRN,2027,TRN-CO,2.5T 하이브리드,FWD,스틸 그레이,5,5,9189
2027-06,northeast,TRN,2027,TRN-CO,2.5T 하이브리드,FWD,실버,4,4,7466
2027-06,northeast,TRN,2027,TRN-CO,2.5T 하이브리드,FWD,오션 블루,3,3,5743
2027-06,northeast,TRN,2027,TRN-CO,2.5T 하이브리드,FWD,선셋 레드,2,2,4594
2027-06,northeast,TRN,2027,TRN-CO,2.5T 하이브리드,FWD,포레스트 그린,1,1,2871
2027-06,northeast,TRN,2027,TRN-CO,2.5T 하이브리드,FWD,샌드 베이지,1,1,2871
2027-06,northeast,TRN,2027,TRN-PR,3.5 가솔린,AWD,스노우 화이트,126,128,295546
2027-06,northeast,TRN,2027,TRN-PR,3.5 가솔린,AWD,미드나잇 블랙,100,102,233974
2027-06,northeast,TRN,2027,TRN-PR,3.5 가솔린,AWD,스틸 그레이,84,86,197031
2027-06,northeast,TRN,2027,TRN-PR,3.5 가솔린,AWD,실버,68,69,160088
2027-06,northeast,TRN,2027,TRN-PR,3.5 가솔린,AWD,오션 블루,52,53,123144
2027-06,northeast,TRN,2027,TRN-PR,3.5 가솔린,AWD,선셋 레드,42,43,98515
2027-06,northeast,TRN,2027,TRN-PR,3.5 가솔린,AWD,포레스트 그린,26,27,61572
2027-06,northeast,TRN,2027,TRN-PR,3.5 가솔린,AWD,샌드 베이지,26,27,61572
2027-06,northeast,TRN,2027,TRN-PR,3.5 가솔린,FWD,스노우 화이트,7,7,15555
2027-06,northeast,TRN,2027,TRN-PR,3.5 가솔린,FWD,미드나잇 블랙,5,5,12314
2027-06,northeast,TRN,2027,TRN-PR,3.5 가솔린,FWD,스틸 그레이,4,5,10370
2027-06,northeast,TRN,2027,TRN-PR,3.5 가솔린,FWD,실버,4,4,8426
2027-06,northeast,TRN,2027,TRN-PR,3.5 가솔린,FWD,오션 블루,3,3,6481
2027-06,northeast,TRN,2027,TRN-PR,3.5 가솔린,FWD,선셋 레드,2,2,5185
2027-06,northeast,TRN,2027,TRN-PR,3.5 가솔린,FWD,포레스트 그린,1,1,3241
2027-06,northeast,TRN,2027,TRN-PR,3.5 가솔린,FWD,샌드 베이지,1,1,3241
2027-06,northeast,TRN,2027,TRN-PR,2.5T 하이브리드,AWD,스노우 화이트,154,157,361223
2027-06,northeast,TRN,2027,TRN-PR,2.5T 하이브리드,AWD,미드나잇 블랙,122,124,285968
2027-06,northeast,TRN,2027,TRN-PR,2.5T 하이브리드,AWD,스틸 그레이,102,105,240816
2027-06,northeast,TRN,2027,TRN-PR,2.5T 하이브리드,AWD,실버,83,85,195663
2027-06,northeast,TRN,2027,TRN-PR,2.5T 하이브리드,AWD,오션 블루,64,65,150510
2027-06,northeast,TRN,2027,TRN-PR,2.5T 하이브리드,AWD,선셋 레드,51,52,120408
2027-06,northeast,TRN,2027,TRN-PR,2.5T 하이브리드,AWD,포레스트 그린,32,33,75255
2027-06,northeast,TRN,2027,TRN-PR,2.5T 하이브리드,AWD,샌드 베이지,32,33,75255
2027-06,northeast,TRN,2027,TRN-PR,2.5T 하이브리드,FWD,스노우 화이트,8,8,19012
2027-06,northeast,TRN,2027,TRN-PR,2.5T 하이브리드,FWD,미드나잇 블랙,6,7,15051
2027-06,northeast,TRN,2027,TRN-PR,2.5T 하이브리드,FWD,스틸 그레이,5,6,12675
2027-06,northeast,TRN,2027,TRN-PR,2.5T 하이브리드,FWD,실버,4,4,10298
2027-06,northeast,TRN,2027,TRN-PR,2.5T 하이브리드,FWD,오션 블루,3,3,7922
2027-06,northeast,TRN,2027,TRN-PR,2.5T 하이브리드,FWD,선셋 레드,3,3,6337
2027-06,northeast,TRN,2027,TRN-PR,2.5T 하이브리드,FWD,포레스트 그린,2,2,3961
2027-06,northeast,TRN,2027,TRN-PR,2.5T 하이브리드,FWD,샌드 베이지,2,2,3961
2027-06,northeast,TRN,2027,TRN-SU,3.5 가솔린,AWD,스노우 화이트,51,52,154879
2027-06,northeast,TRN,2027,TRN-SU,3.5 가솔린,AWD,미드나잇 블랙,41,42,122613
2027-06,northeast,TRN,2027,TRN-SU,3.5 가솔린,AWD,스틸 그레이,34,35,103253
2027-06,northeast,TRN,2027,TRN-SU,3.5 가솔린,AWD,실버,28,28,83893
2027-06,northeast,TRN,2027,TRN-SU,3.5 가솔린,AWD,오션 블루,21,22,64533
2027-06,northeast,TRN,2027,TRN-SU,3.5 가솔린,AWD,선셋 레드,17,17,51626
2027-06,northeast,TRN,2027,TRN-SU,3.5 가솔린,AWD,포레스트 그린,11,11,32266
2027-06,northeast,TRN,2027,TRN-SU,3.5 가솔린,AWD,샌드 베이지,11,11,32266
2027-06,northeast,TRN,2027,TRN-SU,3.5 가솔린,FWD,스노우 화이트,3,3,8152
2027-06,northeast,TRN,2027,TRN-SU,3.5 가솔린,FWD,미드나잇 블랙,2,2,6453
2027-06,northeast,TRN,2027,TRN-SU,3.5 가솔린,FWD,스틸 그레이,2,2,5434
2027-06,northeast,TRN,2027,TRN-SU,3.5 가솔린,FWD,실버,1,1,4415
2027-06,northeast,TRN,2027,TRN-SU,3.5 가솔린,FWD,오션 블루,1,1,3396
2027-06,northeast,TRN,2027,TRN-SU,3.5 가솔린,FWD,선셋 레드,1,1,2717
2027-06,northeast,TRN,2027,TRN-SU,3.5 가솔린,FWD,포레스트 그린,1,1,1698
2027-06,northeast,TRN,2027,TRN-SU,3.5 가솔린,FWD,샌드 베이지,1,1,1698
2027-06,northeast,TRN,2027,TRN-SU,2.5T 하이브리드,AWD,스노우 화이트,63,64,189297
2027-06,northeast,TRN,2027,TRN-SU,2.5T 하이브리드,AWD,미드나잇 블랙,50,51,149860
2027-06,northeast,TRN,2027,TRN-SU,2.5T 하이브리드,AWD,스틸 그레이,42,43,126198
2027-06,northeast,TRN,2027,TRN-SU,2.5T 하이브리드,AWD,실버,34,35,102536
2027-06,northeast,TRN,2027,TRN-SU,2.5T 하이브리드,AWD,오션 블루,26,27,78874
2027-06,northeast,TRN,2027,TRN-SU,2.5T 하이브리드,AWD,선셋 레드,21,21,63099
2027-06,northeast,TRN,2027,TRN-SU,2.5T 하이브리드,AWD,포레스트 그린,13,13,39437
2027-06,northeast,TRN,2027,TRN-SU,2.5T 하이브리드,AWD,샌드 베이지,13,13,39437
2027-06,northeast,TRN,2027,TRN-SU,2.5T 하이브리드,FWD,스노우 화이트,3,3,9963
2027-06,northeast,TRN,2027,TRN-SU,2.5T 하이브리드,FWD,미드나잇 블랙,3,3,7887
2027-06,northeast,TRN,2027,TRN-SU,2.5T 하이브리드,FWD,스틸 그레이,2,2,6642
2027-06,northeast,TRN,2027,TRN-SU,2.5T 하이브리드,FWD,실버,2,2,5397
2027-06,northeast,TRN,2027,TRN-SU,2.5T 하이브리드,FWD,오션 블루,1,1,4151
2027-06,northeast,TRN,2027,TRN-SU,2.5T 하이브리드,FWD,선셋 레드,1,1,3321
2027-06,northeast,TRN,2027,TRN-SU,2.5T 하이브리드,FWD,포레스트 그린,1,1,2076
2027-06,northeast,TRN,2027,TRN-SU,2.5T 하이브리드,FWD,샌드 베이지,1,1,2076
2027-06,southeast,TRN,2027,TRN-CO,3.5 가솔린,AWD,스노우 화이트,77,79,152238
2027-06,southeast,TRN,2027,TRN-CO,3.5 가솔린,AWD,미드나잇 블랙,61,62,120521
2027-06,southeast,TRN,2027,TRN-CO,3.5 가솔린,AWD,스틸 그레이,51,52,101492
2027-06,southeast,TRN,2027,TRN-CO,3.5 가솔린,AWD,실버,42,43,82462
2027-06,southeast,TRN,2027,TRN-CO,3.5 가솔린,AWD,오션 블루,32,33,63432
2027-06,southeast,TRN,2027,TRN-CO,3.5 가솔린,AWD,선셋 레드,26,26,50746
2027-06,southeast,TRN,2027,TRN-CO,3.5 가솔린,AWD,포레스트 그린,16,16,31716
2027-06,southeast,TRN,2027,TRN-CO,3.5 가솔린,AWD,샌드 베이지,16,16,31716
2027-06,southeast,TRN,2027,TRN-CO,3.5 가솔린,FWD,스노우 화이트,44,45,86566
2027-06,southeast,TRN,2027,TRN-CO,3.5 가솔린,FWD,미드나잇 블랙,35,35,68532
2027-06,southeast,TRN,2027,TRN-CO,3.5 가솔린,FWD,스틸 그레이,29,30,57711
2027-06,southeast,TRN,2027,TRN-CO,3.5 가솔린,FWD,실버,24,24,46890
2027-06,southeast,TRN,2027,TRN-CO,3.5 가솔린,FWD,오션 블루,18,19,36069
2027-06,southeast,TRN,2027,TRN-CO,3.5 가솔린,FWD,선셋 레드,15,15,28855
2027-06,southeast,TRN,2027,TRN-CO,3.5 가솔린,FWD,포레스트 그린,9,9,18035
2027-06,southeast,TRN,2027,TRN-CO,3.5 가솔린,FWD,샌드 베이지,9,9,18035
2027-06,southeast,TRN,2027,TRN-CO,2.5T 하이브리드,AWD,스노우 화이트,94,96,186068
2027-06,southeast,TRN,2027,TRN-CO,2.5T 하이브리드,AWD,미드나잇 블랙,75,76,147304
2027-06,southeast,TRN,2027,TRN-CO,2.5T 하이브리드,AWD,스틸 그레이,63,64,124045
2027-06,southeast,TRN,2027,TRN-CO,2.5T 하이브리드,AWD,실버,51,52,100787
2027-06,southeast,TRN,2027,TRN-CO,2.5T 하이브리드,AWD,오션 블루,39,40,77528
2027-06,southeast,TRN,2027,TRN-CO,2.5T 하이브리드,AWD,선셋 레드,31,32,62023
2027-06,southeast,TRN,2027,TRN-CO,2.5T 하이브리드,AWD,포레스트 그린,20,20,38764
2027-06,southeast,TRN,2027,TRN-CO,2.5T 하이브리드,AWD,샌드 베이지,20,20,38764
2027-06,southeast,TRN,2027,TRN-CO,2.5T 하이브리드,FWD,스노우 화이트,54,55,105803
2027-06,southeast,TRN,2027,TRN-CO,2.5T 하이브리드,FWD,미드나잇 블랙,42,43,83761
2027-06,southeast,TRN,2027,TRN-CO,2.5T 하이브리드,FWD,스틸 그레이,36,36,70536
2027-06,southeast,TRN,2027,TRN-CO,2.5T 하이브리드,FWD,실버,29,30,57310
2027-06,southeast,TRN,2027,TRN-CO,2.5T 하이브리드,FWD,오션 블루,22,23,44085
2027-06,southeast,TRN,2027,TRN-CO,2.5T 하이브리드,FWD,선셋 레드,18,18,35268
2027-06,southeast,TRN,2027,TRN-CO,2.5T 하이브리드,FWD,포레스트 그린,11,11,22042
2027-06,southeast,TRN,2027,TRN-CO,2.5T 하이브리드,FWD,샌드 베이지,11,11,22042
2027-06,southeast,TRN,2027,TRN-PR,3.5 가솔린,AWD,스노우 화이트,89,91,209993
2027-06,southeast,TRN,2027,TRN-PR,3.5 가솔린,AWD,미드나잇 블랙,71,72,166245
2027-06,southeast,TRN,2027,TRN-PR,3.5 가솔린,AWD,스틸 그레이,60,61,139996
2027-06,southeast,TRN,2027,TRN-PR,3.5 가솔린,AWD,실버,48,49,113746
2027-06,southeast,TRN,2027,TRN-PR,3.5 가솔린,AWD,오션 블루,37,38,87497
2027-06,southeast,TRN,2027,TRN-PR,3.5 가솔린,AWD,선셋 레드,30,30,69998
2027-06,southeast,TRN,2027,TRN-PR,3.5 가솔린,AWD,포레스트 그린,19,19,43749
2027-06,southeast,TRN,2027,TRN-PR,3.5 가솔린,AWD,샌드 베이지,19,19,43749
2027-06,southeast,TRN,2027,TRN-PR,3.5 가솔린,FWD,스노우 화이트,51,52,119408
2027-06,southeast,TRN,2027,TRN-PR,3.5 가솔린,FWD,미드나잇 블랙,40,41,94531
2027-06,southeast,TRN,2027,TRN-PR,3.5 가솔린,FWD,스틸 그레이,34,35,79605
2027-06,southeast,TRN,2027,TRN-PR,3.5 가솔린,FWD,실버,28,28,64679
2027-06,southeast,TRN,2027,TRN-PR,3.5 가솔린,FWD,오션 블루,21,22,49753
2027-06,southeast,TRN,2027,TRN-PR,3.5 가솔린,FWD,선셋 레드,17,17,39803
2027-06,southeast,TRN,2027,TRN-PR,3.5 가솔린,FWD,포레스트 그린,11,11,24877
2027-06,southeast,TRN,2027,TRN-PR,3.5 가솔린,FWD,샌드 베이지,11,11,24877
2027-06,southeast,TRN,2027,TRN-PR,2.5T 하이브리드,AWD,스노우 화이트,109,111,256659
2027-06,southeast,TRN,2027,TRN-PR,2.5T 하이브리드,AWD,미드나잇 블랙,86,88,203188
2027-06,southeast,TRN,2027,TRN-PR,2.5T 하이브리드,AWD,스틸 그레이,73,74,171106
2027-06,southeast,TRN,2027,TRN-PR,2.5T 하이브리드,AWD,실버,59,60,139023
2027-06,southeast,TRN,2027,TRN-PR,2.5T 하이브리드,AWD,오션 블루,46,46,106941
2027-06,southeast,TRN,2027,TRN-PR,2.5T 하이브리드,AWD,선셋 레드,36,37,85553
2027-06,southeast,TRN,2027,TRN-PR,2.5T 하이브리드,AWD,포레스트 그린,23,23,53471
2027-06,southeast,TRN,2027,TRN-PR,2.5T 하이브리드,AWD,샌드 베이지,23,23,53471
2027-06,southeast,TRN,2027,TRN-PR,2.5T 하이브리드,FWD,스노우 화이트,62,63,145943
2027-06,southeast,TRN,2027,TRN-PR,2.5T 하이브리드,FWD,미드나잇 블랙,49,50,115538
2027-06,southeast,TRN,2027,TRN-PR,2.5T 하이브리드,FWD,스틸 그레이,41,42,97295
2027-06,southeast,TRN,2027,TRN-PR,2.5T 하이브리드,FWD,실버,34,34,79053
2027-06,southeast,TRN,2027,TRN-PR,2.5T 하이브리드,FWD,오션 블루,26,26,60810
2027-06,southeast,TRN,2027,TRN-PR,2.5T 하이브리드,FWD,선셋 레드,21,21,48648
2027-06,southeast,TRN,2027,TRN-PR,2.5T 하이브리드,FWD,포레스트 그린,13,13,30405
2027-06,southeast,TRN,2027,TRN-PR,2.5T 하이브리드,FWD,샌드 베이지,13,13,30405
2027-06,southeast,TRN,2027,TRN-SU,3.5 가솔린,AWD,스노우 화이트,37,37,110046
2027-06,southeast,TRN,2027,TRN-SU,3.5 가솔린,AWD,미드나잇 블랙,29,30,87120
2027-06,southeast,TRN,2027,TRN-SU,3.5 가솔린,AWD,스틸 그레이,24,25,73364
2027-06,southeast,TRN,2027,TRN-SU,3.5 가솔린,AWD,실버,20,20,59608
2027-06,southeast,TRN,2027,TRN-SU,3.5 가솔린,AWD,오션 블루,15,16,45852
2027-06,southeast,TRN,2027,TRN-SU,3.5 가솔린,AWD,선셋 레드,12,12,36682
2027-06,southeast,TRN,2027,TRN-SU,3.5 가솔린,AWD,포레스트 그린,8,8,22926
2027-06,southeast,TRN,2027,TRN-SU,3.5 가솔린,AWD,샌드 베이지,8,8,22926
2027-06,southeast,TRN,2027,TRN-SU,3.5 가솔린,FWD,스노우 화이트,21,21,62575
2027-06,southeast,TRN,2027,TRN-SU,3.5 가솔린,FWD,미드나잇 블랙,16,17,49539
2027-06,southeast,TRN,2027,TRN-SU,3.5 가솔린,FWD,스틸 그레이,14,14,41717
2027-06,southeast,TRN,2027,TRN-SU,3.5 가솔린,FWD,실버,11,11,33895
2027-06,southeast,TRN,2027,TRN-SU,3.5 가솔린,FWD,오션 블루,9,9,26073
2027-06,southeast,TRN,2027,TRN-SU,3.5 가솔린,FWD,선셋 레드,7,7,20858
2027-06,southeast,TRN,2027,TRN-SU,3.5 가솔린,FWD,포레스트 그린,4,4,13036
2027-06,southeast,TRN,2027,TRN-SU,3.5 가솔린,FWD,샌드 베이지,4,4,13036
2027-06,southeast,TRN,2027,TRN-SU,2.5T 하이브리드,AWD,스노우 화이트,45,46,134500
2027-06,southeast,TRN,2027,TRN-SU,2.5T 하이브리드,AWD,미드나잇 블랙,35,36,106479
2027-06,southeast,TRN,2027,TRN-SU,2.5T 하이브리드,AWD,스틸 그레이,30,30,89667
2027-06,southeast,TRN,2027,TRN-SU,2.5T 하이브리드,AWD,실버,24,25,72854
2027-06,southeast,TRN,2027,TRN-SU,2.5T 하이브리드,AWD,오션 블루,19,19,56042
2027-06,southeast,TRN,2027,TRN-SU,2.5T 하이브리드,AWD,선셋 레드,15,15,44833
2027-06,southeast,TRN,2027,TRN-SU,2.5T 하이브리드,AWD,포레스트 그린,9,9,28021
2027-06,southeast,TRN,2027,TRN-SU,2.5T 하이브리드,AWD,샌드 베이지,9,9,28021
2027-06,southeast,TRN,2027,TRN-SU,2.5T 하이브리드,FWD,스노우 화이트,25,26,76481
2027-06,southeast,TRN,2027,TRN-SU,2.5T 하이브리드,FWD,미드나잇 블랙,20,21,60547
2027-06,southeast,TRN,2027,TRN-SU,2.5T 하이브리드,FWD,스틸 그레이,17,17,50987
2027-06,southeast,TRN,2027,TRN-SU,2.5T 하이브리드,FWD,실버,14,14,41427
2027-06,southeast,TRN,2027,TRN-SU,2.5T 하이브리드,FWD,오션 블루,11,11,31867
2027-06,southeast,TRN,2027,TRN-SU,2.5T 하이브리드,FWD,선셋 레드,8,9,25494
2027-06,southeast,TRN,2027,TRN-SU,2.5T 하이브리드,FWD,포레스트 그린,5,5,15933
2027-06,southeast,TRN,2027,TRN-SU,2.5T 하이브리드,FWD,샌드 베이지,5,5,15933
2027-06,west,VST,2027,VST-CO,2.5 가솔린,AWD,스노우 화이트,85,87,71661
2027-06,west,VST,2027,VST-CO,2.5 가솔린,AWD,미드나잇 블랙,67,69,56731
2027-06,west,VST,2027,VST-CO,2.5 가솔린,AWD,스틸 그레이,57,58,47774
2027-06,west,VST,2027,VST-CO,2.5 가솔린,AWD,실버,46,47,38816
2027-06,west,VST,2027,VST-CO,2.5 가솔린,AWD,오션 블루,36,36,29859
2027-06,west,VST,2027,VST-CO,2.5 가솔린,AWD,선셋 레드,28,29,23887
2027-06,west,VST,2027,VST-CO,2.5 가솔린,AWD,포레스트 그린,18,18,14929
2027-06,west,VST,2027,VST-CO,2.5 가솔린,AWD,샌드 베이지,18,18,14929
2027-06,west,VST,2027,VST-CO,2.5 가솔린,FWD,스노우 화이트,104,106,87585
2027-06,west,VST,2027,VST-CO,2.5 가솔린,FWD,미드나잇 블랙,82,84,69338
2027-06,west,VST,2027,VST-CO,2.5 가솔린,FWD,스틸 그레이,69,71,58390
2027-06,west,VST,2027,VST-CO,2.5 가솔린,FWD,실버,56,58,47442
2027-06,west,VST,2027,VST-CO,2.5 가솔린,FWD,오션 블루,43,44,36494
2027-06,west,VST,2027,VST-CO,2.5 가솔린,FWD,선셋 레드,35,35,29195
2027-06,west,VST,2027,VST-CO,2.5 가솔린,FWD,포레스트 그린,22,22,18247
2027-06,west,VST,2027,VST-CO,2.5 가솔린,FWD,샌드 베이지,22,22,18247
2027-06,west,VST,2027,VST-CO,1.6T 하이브리드,AWD,스노우 화이트,104,106,87585
2027-06,west,VST,2027,VST-CO,1.6T 하이브리드,AWD,미드나잇 블랙,82,84,69338
2027-06,west,VST,2027,VST-CO,1.6T 하이브리드,AWD,스틸 그레이,69,71,58390
2027-06,west,VST,2027,VST-CO,1.6T 하이브리드,AWD,실버,56,58,47442
2027-06,west,VST,2027,VST-CO,1.6T 하이브리드,AWD,오션 블루,43,44,36494
2027-06,west,VST,2027,VST-CO,1.6T 하이브리드,AWD,선셋 레드,35,35,29195
2027-06,west,VST,2027,VST-CO,1.6T 하이브리드,AWD,포레스트 그린,22,22,18247
2027-06,west,VST,2027,VST-CO,1.6T 하이브리드,AWD,샌드 베이지,22,22,18247
2027-06,west,VST,2027,VST-CO,1.6T 하이브리드,FWD,스노우 화이트,127,130,107049
2027-06,west,VST,2027,VST-CO,1.6T 하이브리드,FWD,미드나잇 블랙,101,103,84747
2027-06,west,VST,2027,VST-CO,1.6T 하이브리드,FWD,스틸 그레이,85,87,71366
2027-06,west,VST,2027,VST-CO,1.6T 하이브리드,FWD,실버,69,70,57985
2027-06,west,VST,2027,VST-CO,1.6T 하이브리드,FWD,오션 블루,53,54,44604
2027-06,west,VST,2027,VST-CO,1.6T 하이브리드,FWD,선셋 레드,42,43,35683
2027-06,west,VST,2027,VST-CO,1.6T 하이브리드,FWD,포레스트 그린,27,27,22302
2027-06,west,VST,2027,VST-CO,1.6T 하이브리드,FWD,샌드 베이지,27,27,22302
2027-06,west,VST,2027,VST-PR,2.5 가솔린,AWD,스노우 화이트,99,101,110504
2027-06,west,VST,2027,VST-PR,2.5 가솔린,AWD,미드나잇 블랙,78,80,87482
2027-06,west,VST,2027,VST-PR,2.5 가솔린,AWD,스틸 그레이,66,67,73669
2027-06,west,VST,2027,VST-PR,2.5 가솔린,AWD,실버,53,55,59856
2027-06,west,VST,2027,VST-PR,2.5 가솔린,AWD,오션 블루,41,42,46043
2027-06,west,VST,2027,VST-PR,2.5 가솔린,AWD,선셋 레드,33,34,36835
2027-06,west,VST,2027,VST-PR,2.5 가솔린,AWD,포레스트 그린,21,21,23022
2027-06,west,VST,2027,VST-PR,2.5 가솔린,AWD,샌드 베이지,21,21,23022
2027-06,west,VST,2027,VST-PR,2.5 가솔린,FWD,스노우 화이트,121,123,135060
2027-06,west,VST,2027,VST-PR,2.5 가솔린,FWD,미드나잇 블랙,96,97,106923
2027-06,west,VST,2027,VST-PR,2.5 가솔린,FWD,스틸 그레이,80,82,90040
2027-06,west,VST,2027,VST-PR,2.5 가솔린,FWD,실버,65,67,73158
2027-06,west,VST,2027,VST-PR,2.5 가솔린,FWD,오션 블루,50,51,56275
2027-06,west,VST,2027,VST-PR,2.5 가솔린,FWD,선셋 레드,40,41,45020
2027-06,west,VST,2027,VST-PR,2.5 가솔린,FWD,포레스트 그린,25,26,28138
2027-06,west,VST,2027,VST-PR,2.5 가솔린,FWD,샌드 베이지,25,26,28138
2027-06,west,VST,2027,VST-PR,1.6T 하이브리드,AWD,스노우 화이트,121,123,135060
2027-06,west,VST,2027,VST-PR,1.6T 하이브리드,AWD,미드나잇 블랙,96,97,106923
2027-06,west,VST,2027,VST-PR,1.6T 하이브리드,AWD,스틸 그레이,80,82,90040
2027-06,west,VST,2027,VST-PR,1.6T 하이브리드,AWD,실버,65,67,73158
2027-06,west,VST,2027,VST-PR,1.6T 하이브리드,AWD,오션 블루,50,51,56275
2027-06,west,VST,2027,VST-PR,1.6T 하이브리드,AWD,선셋 레드,40,41,45020
2027-06,west,VST,2027,VST-PR,1.6T 하이브리드,AWD,포레스트 그린,25,26,28138
2027-06,west,VST,2027,VST-PR,1.6T 하이브리드,AWD,샌드 베이지,25,26,28138
2027-06,west,VST,2027,VST-PR,1.6T 하이브리드,FWD,스노우 화이트,147,150,165074
2027-06,west,VST,2027,VST-PR,1.6T 하이브리드,FWD,미드나잇 블랙,117,119,130683
2027-06,west,VST,2027,VST-PR,1.6T 하이브리드,FWD,스틸 그레이,98,100,110049
2027-06,west,VST,2027,VST-PR,1.6T 하이브리드,FWD,실버,80,81,89415
2027-06,west,VST,2027,VST-PR,1.6T 하이브리드,FWD,오션 블루,61,63,68781
2027-06,west,VST,2027,VST-PR,1.6T 하이브리드,FWD,선셋 레드,49,50,55025
2027-06,west,VST,2027,VST-PR,1.6T 하이브리드,FWD,포레스트 그린,31,31,34390
2027-06,west,VST,2027,VST-PR,1.6T 하이브리드,FWD,샌드 베이지,31,31,34390
2027-06,west,VST,2027,VST-TR,2.5 가솔린,AWD,스노우 화이트,40,41,64914
2027-06,west,VST,2027,VST-TR,2.5 가솔린,AWD,미드나잇 블랙,32,33,51390
2027-06,west,VST,2027,VST-TR,2.5 가솔린,AWD,스틸 그레이,27,27,43276
2027-06,west,VST,2027,VST-TR,2.5 가솔린,AWD,실버,22,22,35162
2027-06,west,VST,2027,VST-TR,2.5 가솔린,AWD,오션 블루,17,17,27048
2027-06,west,VST,2027,VST-TR,2.5 가솔린,AWD,선셋 레드,13,14,21638
2027-06,west,VST,2027,VST-TR,2.5 가솔린,AWD,포레스트 그린,8,9,13524
2027-06,west,VST,2027,VST-TR,2.5 가솔린,AWD,샌드 베이지,8,9,13524
2027-06,west,VST,2027,VST-TR,2.5 가솔린,FWD,스노우 화이트,49,50,79339
2027-06,west,VST,2027,VST-TR,2.5 가솔린,FWD,미드나잇 블랙,39,40,62810
2027-06,west,VST,2027,VST-TR,2.5 가솔린,FWD,스틸 그레이,33,34,52893
2027-06,west,VST,2027,VST-TR,2.5 가솔린,FWD,실버,27,27,42976
2027-06,west,VST,2027,VST-TR,2.5 가솔린,FWD,오션 블루,21,21,33058
2027-06,west,VST,2027,VST-TR,2.5 가솔린,FWD,선셋 레드,16,17,26446
2027-06,west,VST,2027,VST-TR,2.5 가솔린,FWD,포레스트 그린,10,10,16529
2027-06,west,VST,2027,VST-TR,2.5 가솔린,FWD,샌드 베이지,10,10,16529
2027-06,west,VST,2027,VST-TR,1.6T 하이브리드,AWD,스노우 화이트,49,50,79339
2027-06,west,VST,2027,VST-TR,1.6T 하이브리드,AWD,미드나잇 블랙,39,40,62810
2027-06,west,VST,2027,VST-TR,1.6T 하이브리드,AWD,스틸 그레이,33,34,52893
2027-06,west,VST,2027,VST-TR,1.6T 하이브리드,AWD,실버,27,27,42976
2027-06,west,VST,2027,VST-TR,1.6T 하이브리드,AWD,오션 블루,21,21,33058
2027-06,west,VST,2027,VST-TR,1.6T 하이브리드,AWD,선셋 레드,16,17,26446
2027-06,west,VST,2027,VST-TR,1.6T 하이브리드,AWD,포레스트 그린,10,10,16529
2027-06,west,VST,2027,VST-TR,1.6T 하이브리드,AWD,샌드 베이지,10,10,16529
2027-06,west,VST,2027,VST-TR,1.6T 하이브리드,FWD,스노우 화이트,60,62,96970
2027-06,west,VST,2027,VST-TR,1.6T 하이브리드,FWD,미드나잇 블랙,48,49,76768
2027-06,west,VST,2027,VST-TR,1.6T 하이브리드,FWD,스틸 그레이,40,41,64647
2027-06,west,VST,2027,VST-TR,1.6T 하이브리드,FWD,실버,33,33,52526
2027-06,west,VST,2027,VST-TR,1.6T 하이브리드,FWD,오션 블루,25,26,40404
2027-06,west,VST,2027,VST-TR,1.6T 하이브리드,FWD,선셋 레드,20,21,32323
2027-06,west,VST,2027,VST-TR,1.6T 하이브리드,FWD,포레스트 그린,13,13,20202
2027-06,west,VST,2027,VST-TR,1.6T 하이브리드,FWD,샌드 베이지,13,13,20202
2027-06,central,VST,2027,VST-CO,2.5 가솔린,AWD,스노우 화이트,64,65,53883
2027-06,central,VST,2027,VST-CO,2.5 가솔린,AWD,미드나잇 블랙,51,52,42658
2027-06,central,VST,2027,VST-CO,2.5 가솔린,AWD,스틸 그레이,43,44,35922
2027-06,central,VST,2027,VST-CO,2.5 가솔린,AWD,실버,35,35,29187
2027-06,central,VST,2027,VST-CO,2.5 가솔린,AWD,오션 블루,27,27,22451
2027-06,central,VST,2027,VST-CO,2.5 가솔린,AWD,선셋 레드,21,22,17961
2027-06,central,VST,2027,VST-CO,2.5 가솔린,AWD,포레스트 그린,13,14,11226
2027-06,central,VST,2027,VST-CO,2.5 가솔린,AWD,샌드 베이지,13,14,11226
2027-06,central,VST,2027,VST-CO,2.5 가솔린,FWD,스노우 화이트,60,61,50239
2027-06,central,VST,2027,VST-CO,2.5 가솔린,FWD,미드나잇 블랙,47,48,39773
2027-06,central,VST,2027,VST-CO,2.5 가솔린,FWD,스틸 그레이,40,41,33493
2027-06,central,VST,2027,VST-CO,2.5 가솔린,FWD,실버,32,33,27213
2027-06,central,VST,2027,VST-CO,2.5 가솔린,FWD,오션 블루,25,25,20933
2027-06,central,VST,2027,VST-CO,2.5 가솔린,FWD,선셋 레드,20,20,16746
2027-06,central,VST,2027,VST-CO,2.5 가솔린,FWD,포레스트 그린,12,13,10466
2027-06,central,VST,2027,VST-CO,2.5 가솔린,FWD,샌드 베이지,12,13,10466
2027-06,central,VST,2027,VST-CO,1.6T 하이브리드,AWD,스노우 화이트,78,80,65857
2027-06,central,VST,2027,VST-CO,1.6T 하이브리드,AWD,미드나잇 블랙,62,63,52137
2027-06,central,VST,2027,VST-CO,1.6T 하이브리드,AWD,스틸 그레이,52,53,43905
2027-06,central,VST,2027,VST-CO,1.6T 하이브리드,AWD,실버,42,43,35673
2027-06,central,VST,2027,VST-CO,1.6T 하이브리드,AWD,오션 블루,33,33,27441
2027-06,central,VST,2027,VST-CO,1.6T 하이브리드,AWD,선셋 레드,26,27,21952
2027-06,central,VST,2027,VST-CO,1.6T 하이브리드,AWD,포레스트 그린,16,17,13720
2027-06,central,VST,2027,VST-CO,1.6T 하이브리드,AWD,샌드 베이지,16,17,13720
2027-06,central,VST,2027,VST-CO,1.6T 하이브리드,FWD,스노우 화이트,73,75,61403
2027-06,central,VST,2027,VST-CO,1.6T 하이브리드,FWD,미드나잇 블랙,58,59,48611
2027-06,central,VST,2027,VST-CO,1.6T 하이브리드,FWD,스틸 그레이,49,50,40935
2027-06,central,VST,2027,VST-CO,1.6T 하이브리드,FWD,실버,40,40,33260
2027-06,central,VST,2027,VST-CO,1.6T 하이브리드,FWD,오션 블루,30,31,25585
2027-06,central,VST,2027,VST-CO,1.6T 하이브리드,FWD,선셋 레드,24,25,20468
2027-06,central,VST,2027,VST-CO,1.6T 하이브리드,FWD,포레스트 그린,15,16,12792
2027-06,central,VST,2027,VST-CO,1.6T 하이브리드,FWD,샌드 베이지,15,16,12792
2027-06,central,VST,2027,VST-PR,2.5 가솔린,AWD,스노우 화이트,74,76,83091
2027-06,central,VST,2027,VST-PR,2.5 가솔린,AWD,미드나잇 블랙,59,60,65780
2027-06,central,VST,2027,VST-PR,2.5 가솔린,AWD,스틸 그레이,49,50,55394
2027-06,central,VST,2027,VST-PR,2.5 가솔린,AWD,실버,40,41,45007
2027-06,central,VST,2027,VST-PR,2.5 가솔린,AWD,오션 블루,31,32,34621
2027-06,central,VST,2027,VST-PR,2.5 가솔린,AWD,선셋 레드,25,25,27697
2027-06,central,VST,2027,VST-PR,2.5 가솔린,AWD,포레스트 그린,15,16,17311
2027-06,central,VST,2027,VST-PR,2.5 가솔린,AWD,샌드 베이지,15,16,17311
2027-06,central,VST,2027,VST-PR,2.5 가솔린,FWD,스노우 화이트,69,71,77471
2027-06,central,VST,2027,VST-PR,2.5 가솔린,FWD,미드나잇 블랙,55,56,61331
2027-06,central,VST,2027,VST-PR,2.5 가솔린,FWD,스틸 그레이,46,47,51647
2027-06,central,VST,2027,VST-PR,2.5 가솔린,FWD,실버,37,38,41963
2027-06,central,VST,2027,VST-PR,2.5 가솔린,FWD,오션 블루,29,29,32280
2027-06,central,VST,2027,VST-PR,2.5 가솔린,FWD,선셋 레드,23,24,25824
2027-06,central,VST,2027,VST-PR,2.5 가솔린,FWD,포레스트 그린,14,15,16140
2027-06,central,VST,2027,VST-PR,2.5 가솔린,FWD,샌드 베이지,14,15,16140
2027-06,central,VST,2027,VST-PR,1.6T 하이브리드,AWD,스노우 화이트,91,93,101555
2027-06,central,VST,2027,VST-PR,1.6T 하이브리드,AWD,미드나잇 블랙,72,73,80398
2027-06,central,VST,2027,VST-PR,1.6T 하이브리드,AWD,스틸 그레이,60,62,67703
2027-06,central,VST,2027,VST-PR,1.6T 하이브리드,AWD,실버,49,50,55009
2027-06,central,VST,2027,VST-PR,1.6T 하이브리드,AWD,오션 블루,38,39,42315
2027-06,central,VST,2027,VST-PR,1.6T 하이브리드,AWD,선셋 레드,30,31,33852
2027-06,central,VST,2027,VST-PR,1.6T 하이브리드,AWD,포레스트 그린,19,19,21157
2027-06,central,VST,2027,VST-PR,1.6T 하이브리드,AWD,샌드 베이지,19,19,21157
2027-06,central,VST,2027,VST-PR,1.6T 하이브리드,FWD,스노우 화이트,85,86,94687
2027-06,central,VST,2027,VST-PR,1.6T 하이브리드,FWD,미드나잇 블랙,67,68,74960
2027-06,central,VST,2027,VST-PR,1.6T 하이브리드,FWD,스틸 그레이,56,58,63124
2027-06,central,VST,2027,VST-PR,1.6T 하이브리드,FWD,실버,46,47,51289
2027-06,central,VST,2027,VST-PR,1.6T 하이브리드,FWD,오션 블루,35,36,39453
2027-06,central,VST,2027,VST-PR,1.6T 하이브리드,FWD,선셋 레드,28,29,31562
2027-06,central,VST,2027,VST-PR,1.6T 하이브리드,FWD,포레스트 그린,18,18,19726
2027-06,central,VST,2027,VST-PR,1.6T 하이브리드,FWD,샌드 베이지,18,18,19726
2027-06,central,VST,2027,VST-TR,2.5 가솔린,AWD,스노우 화이트,30,31,48810
2027-06,central,VST,2027,VST-TR,2.5 가솔린,AWD,미드나잇 블랙,24,25,38642
2027-06,central,VST,2027,VST-TR,2.5 가솔린,AWD,스틸 그레이,20,21,32540
2027-06,central,VST,2027,VST-TR,2.5 가솔린,AWD,실버,16,17,26439
2027-06,central,VST,2027,VST-TR,2.5 가솔린,AWD,오션 블루,13,13,20338
2027-06,central,VST,2027,VST-TR,2.5 가솔린,AWD,선셋 레드,10,10,16270
2027-06,central,VST,2027,VST-TR,2.5 가솔린,AWD,포레스트 그린,6,6,10169
2027-06,central,VST,2027,VST-TR,2.5 가솔린,AWD,샌드 베이지,6,6,10169
2027-06,central,VST,2027,VST-TR,2.5 가솔린,FWD,스노우 화이트,28,29,45509
2027-06,central,VST,2027,VST-TR,2.5 가솔린,FWD,미드나잇 블랙,22,23,36028
2027-06,central,VST,2027,VST-TR,2.5 가솔린,FWD,스틸 그레이,19,19,30339
2027-06,central,VST,2027,VST-TR,2.5 가솔린,FWD,실버,15,16,24651
2027-06,central,VST,2027,VST-TR,2.5 가솔린,FWD,오션 블루,12,12,18962
2027-06,central,VST,2027,VST-TR,2.5 가솔린,FWD,선셋 레드,9,10,15170
2027-06,central,VST,2027,VST-TR,2.5 가솔린,FWD,포레스트 그린,6,6,9481
2027-06,central,VST,2027,VST-TR,2.5 가솔린,FWD,샌드 베이지,6,6,9481
2027-06,central,VST,2027,VST-TR,1.6T 하이브리드,AWD,스노우 화이트,37,38,59657
2027-06,central,VST,2027,VST-TR,1.6T 하이브리드,AWD,미드나잇 블랙,29,30,47229
2027-06,central,VST,2027,VST-TR,1.6T 하이브리드,AWD,스틸 그레이,25,25,39771
2027-06,central,VST,2027,VST-TR,1.6T 하이브리드,AWD,실버,20,21,32314
2027-06,central,VST,2027,VST-TR,1.6T 하이브리드,AWD,오션 블루,15,16,24857
2027-06,central,VST,2027,VST-TR,1.6T 하이브리드,AWD,선셋 레드,12,13,19886
2027-06,central,VST,2027,VST-TR,1.6T 하이브리드,AWD,포레스트 그린,8,8,12429
2027-06,central,VST,2027,VST-TR,1.6T 하이브리드,AWD,샌드 베이지,8,8,12429
2027-06,central,VST,2027,VST-TR,1.6T 하이브리드,FWD,스노우 화이트,35,35,55622
2027-06,central,VST,2027,VST-TR,1.6T 하이브리드,FWD,미드나잇 블랙,27,28,44034
2027-06,central,VST,2027,VST-TR,1.6T 하이브리드,FWD,스틸 그레이,23,24,37082
2027-06,central,VST,2027,VST-TR,1.6T 하이브리드,FWD,실버,19,19,30129
2027-06,central,VST,2027,VST-TR,1.6T 하이브리드,FWD,오션 블루,14,15,23176
2027-06,central,VST,2027,VST-TR,1.6T 하이브리드,FWD,선셋 레드,12,12,18541
2027-06,central,VST,2027,VST-TR,1.6T 하이브리드,FWD,포레스트 그린,7,7,11588
2027-06,central,VST,2027,VST-TR,1.6T 하이브리드,FWD,샌드 베이지,7,7,11588
2027-06,south,VST,2027,VST-CO,2.5 가솔린,AWD,스노우 화이트,52,53,43658
2027-06,south,VST,2027,VST-CO,2.5 가솔린,AWD,미드나잇 블랙,41,42,34562
2027-06,south,VST,2027,VST-CO,2.5 가솔린,AWD,스틸 그레이,35,35,29105
2027-06,south,VST,2027,VST-CO,2.5 가솔린,AWD,실버,28,29,23648
2027-06,south,VST,2027,VST-CO,2.5 가솔린,AWD,오션 블루,22,22,18191
2027-06,south,VST,2027,VST-CO,2.5 가솔린,AWD,선셋 레드,17,18,14553
2027-06,south,VST,2027,VST-CO,2.5 가솔린,AWD,포레스트 그린,11,11,9095
2027-06,south,VST,2027,VST-CO,2.5 가솔린,AWD,샌드 베이지,11,11,9095
2027-06,south,VST,2027,VST-CO,2.5 가솔린,FWD,스노우 화이트,108,111,91089
2027-06,south,VST,2027,VST-CO,2.5 가솔린,FWD,미드나잇 블랙,86,87,72112
2027-06,south,VST,2027,VST-CO,2.5 가솔린,FWD,스틸 그레이,72,74,60726
2027-06,south,VST,2027,VST-CO,2.5 가솔린,FWD,실버,59,60,49340
2027-06,south,VST,2027,VST-CO,2.5 가솔린,FWD,오션 블루,45,46,37954
2027-06,south,VST,2027,VST-CO,2.5 가솔린,FWD,선셋 레드,36,37,30363
2027-06,south,VST,2027,VST-CO,2.5 가솔린,FWD,포레스트 그린,23,23,18977
2027-06,south,VST,2027,VST-CO,2.5 가솔린,FWD,샌드 베이지,23,23,18977
2027-06,south,VST,2027,VST-CO,1.6T 하이브리드,AWD,스노우 화이트,63,65,53360
2027-06,south,VST,2027,VST-CO,1.6T 하이브리드,AWD,미드나잇 블랙,50,51,42243
2027-06,south,VST,2027,VST-CO,1.6T 하이브리드,AWD,스틸 그레이,42,43,35573
2027-06,south,VST,2027,VST-CO,1.6T 하이브리드,AWD,실버,34,35,28903
2027-06,south,VST,2027,VST-CO,1.6T 하이브리드,AWD,오션 블루,26,27,22233
2027-06,south,VST,2027,VST-CO,1.6T 하이브리드,AWD,선셋 레드,21,22,17787
2027-06,south,VST,2027,VST-CO,1.6T 하이브리드,AWD,포레스트 그린,13,13,11117
2027-06,south,VST,2027,VST-CO,1.6T 하이브리드,AWD,샌드 베이지,13,13,11117
2027-06,south,VST,2027,VST-CO,1.6T 하이브리드,FWD,스노우 화이트,132,135,111330
2027-06,south,VST,2027,VST-CO,1.6T 하이브리드,FWD,미드나잇 블랙,105,107,88137
2027-06,south,VST,2027,VST-CO,1.6T 하이브리드,FWD,스틸 그레이,88,90,74220
2027-06,south,VST,2027,VST-CO,1.6T 하이브리드,FWD,실버,72,73,60304
2027-06,south,VST,2027,VST-CO,1.6T 하이브리드,FWD,오션 블루,55,56,46388
2027-06,south,VST,2027,VST-CO,1.6T 하이브리드,FWD,선셋 레드,44,45,37110
2027-06,south,VST,2027,VST-CO,1.6T 하이브리드,FWD,포레스트 그린,28,28,23194
2027-06,south,VST,2027,VST-CO,1.6T 하이브리드,FWD,샌드 베이지,28,28,23194
2027-06,south,VST,2027,VST-PR,2.5 가솔린,AWD,스노우 화이트,60,61,67322
2027-06,south,VST,2027,VST-PR,2.5 가솔린,AWD,미드나잇 블랙,48,49,53297
2027-06,south,VST,2027,VST-PR,2.5 가솔린,AWD,스틸 그레이,40,41,44882
2027-06,south,VST,2027,VST-PR,2.5 가솔린,AWD,실버,33,33,36466
2027-06,south,VST,2027,VST-PR,2.5 가솔린,AWD,오션 블루,25,26,28051
2027-06,south,VST,2027,VST-PR,2.5 가솔린,AWD,선셋 레드,20,20,22441
2027-06,south,VST,2027,VST-PR,2.5 가솔린,AWD,포레스트 그린,13,13,14026
2027-06,south,VST,2027,VST-PR,2.5 가솔린,AWD,샌드 베이지,13,13,14026
2027-06,south,VST,2027,VST-PR,2.5 가솔린,FWD,스노우 화이트,125,128,140463
2027-06,south,VST,2027,VST-PR,2.5 가솔린,FWD,미드나잇 블랙,99,101,111200
2027-06,south,VST,2027,VST-PR,2.5 가솔린,FWD,스틸 그레이,84,85,93642
2027-06,south,VST,2027,VST-PR,2.5 가솔린,FWD,실버,68,69,76084
2027-06,south,VST,2027,VST-PR,2.5 가솔린,FWD,오션 블루,52,53,58526
2027-06,south,VST,2027,VST-PR,2.5 가솔린,FWD,선셋 레드,42,43,46821
2027-06,south,VST,2027,VST-PR,2.5 가솔린,FWD,포레스트 그린,26,27,29263
2027-06,south,VST,2027,VST-PR,2.5 가솔린,FWD,샌드 베이지,26,27,29263
2027-06,south,VST,2027,VST-PR,1.6T 하이브리드,AWD,스노우 화이트,73,75,82283
2027-06,south,VST,2027,VST-PR,1.6T 하이브리드,AWD,미드나잇 블랙,58,59,65141
2027-06,south,VST,2027,VST-PR,1.6T 하이브리드,AWD,스틸 그레이,49,50,54855
2027-06,south,VST,2027,VST-PR,1.6T 하이브리드,AWD,실버,40,41,44570
2027-06,south,VST,2027,VST-PR,1.6T 하이브리드,AWD,오션 블루,31,31,34285
2027-06,south,VST,2027,VST-PR,1.6T 하이브리드,AWD,선셋 레드,24,25,27428
2027-06,south,VST,2027,VST-PR,1.6T 하이브리드,AWD,포레스트 그린,15,16,17142
2027-06,south,VST,2027,VST-PR,1.6T 하이브리드,AWD,샌드 베이지,15,16,17142
2027-06,south,VST,2027,VST-PR,1.6T 하이브리드,FWD,스노우 화이트,153,156,171677
2027-06,south,VST,2027,VST-PR,1.6T 하이브리드,FWD,미드나잇 블랙,121,124,135911
2027-06,south,VST,2027,VST-PR,1.6T 하이브리드,FWD,스틸 그레이,102,104,114451
2027-06,south,VST,2027,VST-PR,1.6T 하이브리드,FWD,실버,83,85,92992
2027-06,south,VST,2027,VST-PR,1.6T 하이브리드,FWD,오션 블루,64,65,71532
2027-06,south,VST,2027,VST-PR,1.6T 하이브리드,FWD,선셋 레드,51,52,57226
2027-06,south,VST,2027,VST-PR,1.6T 하이브리드,FWD,포레스트 그린,32,33,35766
2027-06,south,VST,2027,VST-PR,1.6T 하이브리드,FWD,샌드 베이지,32,33,35766
2027-06,south,VST,2027,VST-TR,2.5 가솔린,AWD,스노우 화이트,25,25,39548
2027-06,south,VST,2027,VST-TR,2.5 가솔린,AWD,미드나잇 블랙,19,20,31309
2027-06,south,VST,2027,VST-TR,2.5 가솔린,AWD,스틸 그레이,16,17,26365
2027-06,south,VST,2027,VST-TR,2.5 가솔린,AWD,실버,13,14,21422
2027-06,south,VST,2027,VST-TR,2.5 가솔린,AWD,오션 블루,10,10,16478
2027-06,south,VST,2027,VST-TR,2.5 가솔린,AWD,선셋 레드,8,8,13183
2027-06,south,VST,2027,VST-TR,2.5 가솔린,AWD,포레스트 그린,5,5,8239
2027-06,south,VST,2027,VST-TR,2.5 가솔린,AWD,샌드 베이지,5,5,8239
2027-06,south,VST,2027,VST-TR,2.5 가솔린,FWD,스노우 화이트,51,52,82513
2027-06,south,VST,2027,VST-TR,2.5 가솔린,FWD,미드나잇 블랙,41,41,65323
2027-06,south,VST,2027,VST-TR,2.5 가솔린,FWD,스틸 그레이,34,35,55009
2027-06,south,VST,2027,VST-TR,2.5 가솔린,FWD,실버,28,28,44695
2027-06,south,VST,2027,VST-TR,2.5 가솔린,FWD,오션 블루,21,22,34380
2027-06,south,VST,2027,VST-TR,2.5 가솔린,FWD,선셋 레드,17,17,27504
2027-06,south,VST,2027,VST-TR,2.5 가솔린,FWD,포레스트 그린,11,11,17190
2027-06,south,VST,2027,VST-TR,2.5 가솔린,FWD,샌드 베이지,11,11,17190
2027-06,south,VST,2027,VST-TR,1.6T 하이브리드,AWD,스노우 화이트,30,31,48336
2027-06,south,VST,2027,VST-TR,1.6T 하이브리드,AWD,미드나잇 블랙,24,24,38266
2027-06,south,VST,2027,VST-TR,1.6T 하이브리드,AWD,스틸 그레이,20,20,32224
2027-06,south,VST,2027,VST-TR,1.6T 하이브리드,AWD,실버,16,17,26182
2027-06,south,VST,2027,VST-TR,1.6T 하이브리드,AWD,오션 블루,13,13,20140
2027-06,south,VST,2027,VST-TR,1.6T 하이브리드,AWD,선셋 레드,10,10,16112
2027-06,south,VST,2027,VST-TR,1.6T 하이브리드,AWD,포레스트 그린,6,6,10070
2027-06,south,VST,2027,VST-TR,1.6T 하이브리드,AWD,샌드 베이지,6,6,10070
2027-06,south,VST,2027,VST-TR,1.6T 하이브리드,FWD,스노우 화이트,63,64,100849
2027-06,south,VST,2027,VST-TR,1.6T 하이브리드,FWD,미드나잇 블랙,50,51,79839
2027-06,south,VST,2027,VST-TR,1.6T 하이브리드,FWD,스틸 그레이,42,43,67233
2027-06,south,VST,2027,VST-TR,1.6T 하이브리드,FWD,실버,34,35,54627
2027-06,south,VST,2027,VST-TR,1.6T 하이브리드,FWD,오션 블루,26,27,42021
2027-06,south,VST,2027,VST-TR,1.6T 하이브리드,FWD,선셋 레드,21,21,33616
2027-06,south,VST,2027,VST-TR,1.6T 하이브리드,FWD,포레스트 그린,13,13,21010
2027-06,south,VST,2027,VST-TR,1.6T 하이브리드,FWD,샌드 베이지,13,13,21010
2027-06,northeast,VST,2027,VST-CO,2.5 가솔린,AWD,스노우 화이트,72,74,60912
2027-06,northeast,VST,2027,VST-CO,2.5 가솔린,AWD,미드나잇 블랙,57,59,48222
2027-06,northeast,VST,2027,VST-CO,2.5 가솔린,AWD,스틸 그레이,48,49,40608
2027-06,northeast,VST,2027,VST-CO,2.5 가솔린,AWD,실버,39,40,32994
2027-06,northeast,VST,2027,VST-CO,2.5 가솔린,AWD,오션 블루,30,31,25380
2027-06,northeast,VST,2027,VST-CO,2.5 가솔린,AWD,선셋 레드,24,25,20304
2027-06,northeast,VST,2027,VST-CO,2.5 가솔린,AWD,포레스트 그린,15,15,12690
2027-06,northeast,VST,2027,VST-CO,2.5 가솔린,AWD,샌드 베이지,15,15,12690
2027-06,northeast,VST,2027,VST-CO,2.5 가솔린,FWD,스노우 화이트,51,52,43211
2027-06,northeast,VST,2027,VST-CO,2.5 가솔린,FWD,미드나잇 블랙,41,42,34208
2027-06,northeast,VST,2027,VST-CO,2.5 가솔린,FWD,스틸 그레이,34,35,28807
2027-06,northeast,VST,2027,VST-CO,2.5 가솔린,FWD,실버,28,28,23406
2027-06,northeast,VST,2027,VST-CO,2.5 가솔린,FWD,오션 블루,21,22,18004
2027-06,northeast,VST,2027,VST-CO,2.5 가솔린,FWD,선셋 레드,17,17,14404
2027-06,northeast,VST,2027,VST-CO,2.5 가솔린,FWD,포레스트 그린,11,11,9002
2027-06,northeast,VST,2027,VST-CO,2.5 가솔린,FWD,샌드 베이지,11,11,9002
2027-06,northeast,VST,2027,VST-CO,1.6T 하이브리드,AWD,스노우 화이트,89,90,74447
2027-06,northeast,VST,2027,VST-CO,1.6T 하이브리드,AWD,미드나잇 블랙,70,72,58938
2027-06,northeast,VST,2027,VST-CO,1.6T 하이브리드,AWD,스틸 그레이,59,60,49632
2027-06,northeast,VST,2027,VST-CO,1.6T 하이브리드,AWD,실버,48,49,40326
2027-06,northeast,VST,2027,VST-CO,1.6T 하이브리드,AWD,오션 블루,37,38,31020
2027-06,northeast,VST,2027,VST-CO,1.6T 하이브리드,AWD,선셋 레드,30,30,24816
2027-06,northeast,VST,2027,VST-CO,1.6T 하이브리드,AWD,포레스트 그린,18,19,15510
2027-06,northeast,VST,2027,VST-CO,1.6T 하이브리드,AWD,샌드 베이지,18,19,15510
2027-06,northeast,VST,2027,VST-CO,1.6T 하이브리드,FWD,스노우 화이트,63,64,52813
2027-06,northeast,VST,2027,VST-CO,1.6T 하이브리드,FWD,미드나잇 블랙,50,51,41810
2027-06,northeast,VST,2027,VST-CO,1.6T 하이브리드,FWD,스틸 그레이,42,43,35209
2027-06,northeast,VST,2027,VST-CO,1.6T 하이브리드,FWD,실버,34,35,28607
2027-06,northeast,VST,2027,VST-CO,1.6T 하이브리드,FWD,오션 블루,26,27,22005
2027-06,northeast,VST,2027,VST-CO,1.6T 하이브리드,FWD,선셋 레드,21,21,17604
2027-06,northeast,VST,2027,VST-CO,1.6T 하이브리드,FWD,포레스트 그린,13,13,11003
2027-06,northeast,VST,2027,VST-CO,1.6T 하이브리드,FWD,샌드 베이지,13,13,11003
2027-06,northeast,VST,2027,VST-PR,2.5 가솔린,AWD,스노우 화이트,84,86,93928
2027-06,northeast,VST,2027,VST-PR,2.5 가솔린,AWD,미드나잇 블랙,66,68,74360
2027-06,northeast,VST,2027,VST-PR,2.5 가솔린,AWD,스틸 그레이,56,57,62619
2027-06,northeast,VST,2027,VST-PR,2.5 가솔린,AWD,실버,45,46,50878
2027-06,northeast,VST,2027,VST-PR,2.5 가솔린,AWD,오션 블루,35,36,39137
2027-06,northeast,VST,2027,VST-PR,2.5 가솔린,AWD,선셋 레드,28,29,31309
2027-06,northeast,VST,2027,VST-PR,2.5 가솔린,AWD,포레스트 그린,17,18,19568
2027-06,northeast,VST,2027,VST-PR,2.5 가솔린,AWD,샌드 베이지,17,18,19568
2027-06,northeast,VST,2027,VST-PR,2.5 가솔린,FWD,스노우 화이트,60,61,66633
2027-06,northeast,VST,2027,VST-PR,2.5 가솔린,FWD,미드나잇 블랙,47,48,52751
2027-06,northeast,VST,2027,VST-PR,2.5 가솔린,FWD,스틸 그레이,40,40,44422
2027-06,northeast,VST,2027,VST-PR,2.5 가솔린,FWD,실버,32,33,36093
2027-06,northeast,VST,2027,VST-PR,2.5 가솔린,FWD,오션 블루,25,25,27764
2027-06,northeast,VST,2027,VST-PR,2.5 가솔린,FWD,선셋 레드,20,20,22211
2027-06,northeast,VST,2027,VST-PR,2.5 가솔린,FWD,포레스트 그린,12,13,13882
2027-06,northeast,VST,2027,VST-PR,2.5 가솔린,FWD,샌드 베이지,12,13,13882
2027-06,northeast,VST,2027,VST-PR,1.6T 하이브리드,AWD,스노우 화이트,103,105,114801
2027-06,northeast,VST,2027,VST-PR,1.6T 하이브리드,AWD,미드나잇 블랙,81,83,90884
2027-06,northeast,VST,2027,VST-PR,1.6T 하이브리드,AWD,스틸 그레이,68,70,76534
2027-06,northeast,VST,2027,VST-PR,1.6T 하이브리드,AWD,실버,56,57,62184
2027-06,northeast,VST,2027,VST-PR,1.6T 하이브리드,AWD,오션 블루,43,44,47834
2027-06,northeast,VST,2027,VST-PR,1.6T 하이브리드,AWD,선셋 레드,34,35,38267
2027-06,northeast,VST,2027,VST-PR,1.6T 하이브리드,AWD,포레스트 그린,21,22,23917
2027-06,northeast,VST,2027,VST-PR,1.6T 하이브리드,AWD,샌드 베이지,21,22,23917
2027-06,northeast,VST,2027,VST-PR,1.6T 하이브리드,FWD,스노우 화이트,73,74,81440
2027-06,northeast,VST,2027,VST-PR,1.6T 하이브리드,FWD,미드나잇 블랙,58,59,64474
2027-06,northeast,VST,2027,VST-PR,1.6T 하이브리드,FWD,스틸 그레이,48,49,54294
2027-06,northeast,VST,2027,VST-PR,1.6T 하이브리드,FWD,실버,39,40,44113
2027-06,northeast,VST,2027,VST-PR,1.6T 하이브리드,FWD,오션 블루,30,31,33933
2027-06,northeast,VST,2027,VST-PR,1.6T 하이브리드,FWD,선셋 레드,24,25,27147
2027-06,northeast,VST,2027,VST-PR,1.6T 하이브리드,FWD,포레스트 그린,15,15,16967
2027-06,northeast,VST,2027,VST-PR,1.6T 하이브리드,FWD,샌드 베이지,15,15,16967
2027-06,northeast,VST,2027,VST-TR,2.5 가솔린,AWD,스노우 화이트,34,35,55177
2027-06,northeast,VST,2027,VST-TR,2.5 가솔린,AWD,미드나잇 블랙,27,28,43682
2027-06,northeast,VST,2027,VST-TR,2.5 가솔린,AWD,스틸 그레이,23,23,36785
2027-06,northeast,VST,2027,VST-TR,2.5 가솔린,AWD,실버,19,19,29888
2027-06,northeast,VST,2027,VST-TR,2.5 가솔린,AWD,오션 블루,14,15,22990
2027-06,northeast,VST,2027,VST-TR,2.5 가솔린,AWD,선셋 레드,11,12,18392
2027-06,northeast,VST,2027,VST-TR,2.5 가솔린,AWD,포레스트 그린,7,7,11495
2027-06,northeast,VST,2027,VST-TR,2.5 가솔린,AWD,샌드 베이지,7,7,11495
2027-06,northeast,VST,2027,VST-TR,2.5 가솔린,FWD,스노우 화이트,24,25,39143
2027-06,northeast,VST,2027,VST-TR,2.5 가솔린,FWD,미드나잇 블랙,19,20,30988
2027-06,northeast,VST,2027,VST-TR,2.5 가솔린,FWD,스틸 그레이,16,17,26095
2027-06,northeast,VST,2027,VST-TR,2.5 가솔린,FWD,실버,13,13,21202
2027-06,northeast,VST,2027,VST-TR,2.5 가솔린,FWD,오션 블루,10,10,16309
2027-06,northeast,VST,2027,VST-TR,2.5 가솔린,FWD,선셋 레드,8,8,13048
2027-06,northeast,VST,2027,VST-TR,2.5 가솔린,FWD,포레스트 그린,5,5,8155
2027-06,northeast,VST,2027,VST-TR,2.5 가솔린,FWD,샌드 베이지,5,5,8155
2027-06,northeast,VST,2027,VST-TR,1.6T 하이브리드,AWD,스노우 화이트,42,43,67439
2027-06,northeast,VST,2027,VST-TR,1.6T 하이브리드,AWD,미드나잇 블랙,33,34,53389
2027-06,northeast,VST,2027,VST-TR,1.6T 하이브리드,AWD,스틸 그레이,28,29,44959
2027-06,northeast,VST,2027,VST-TR,1.6T 하이브리드,AWD,실버,23,23,36529
2027-06,northeast,VST,2027,VST-TR,1.6T 하이브리드,AWD,오션 블루,17,18,28099
2027-06,northeast,VST,2027,VST-TR,1.6T 하이브리드,AWD,선셋 레드,14,14,22480
2027-06,northeast,VST,2027,VST-TR,1.6T 하이브리드,AWD,포레스트 그린,9,9,14050
2027-06,northeast,VST,2027,VST-TR,1.6T 하이브리드,AWD,샌드 베이지,9,9,14050
2027-06,northeast,VST,2027,VST-TR,1.6T 하이브리드,FWD,스노우 화이트,30,30,47841
2027-06,northeast,VST,2027,VST-TR,1.6T 하이브리드,FWD,미드나잇 블랙,24,24,37874
2027-06,northeast,VST,2027,VST-TR,1.6T 하이브리드,FWD,스틸 그레이,20,20,31894
2027-06,northeast,VST,2027,VST-TR,1.6T 하이브리드,FWD,실버,16,16,25914
2027-06,northeast,VST,2027,VST-TR,1.6T 하이브리드,FWD,오션 블루,12,13,19934
2027-06,northeast,VST,2027,VST-TR,1.6T 하이브리드,FWD,선셋 레드,10,10,15947
2027-06,northeast,VST,2027,VST-TR,1.6T 하이브리드,FWD,포레스트 그린,6,6,9967
2027-06,northeast,VST,2027,VST-TR,1.6T 하이브리드,FWD,샌드 베이지,6,6,9967
2027-06,southeast,VST,2027,VST-CO,2.5 가솔린,AWD,스노우 화이트,50,51,42170
2027-06,southeast,VST,2027,VST-CO,2.5 가솔린,AWD,미드나잇 블랙,40,41,33384
2027-06,southeast,VST,2027,VST-CO,2.5 가솔린,AWD,스틸 그레이,33,34,28113
2027-06,southeast,VST,2027,VST-CO,2.5 가솔린,AWD,실버,27,28,22842
2027-06,southeast,VST,2027,VST-CO,2.5 가솔린,AWD,오션 블루,21,21,17571
2027-06,southeast,VST,2027,VST-CO,2.5 가솔린,AWD,선셋 레드,17,17,14057
2027-06,southeast,VST,2027,VST-CO,2.5 가솔린,AWD,포레스트 그린,10,11,8785
2027-06,southeast,VST,2027,VST-CO,2.5 가솔린,AWD,샌드 베이지,10,11,8785
2027-06,southeast,VST,2027,VST-CO,2.5 가솔린,FWD,스노우 화이트,81,83,68078
2027-06,southeast,VST,2027,VST-CO,2.5 가솔린,FWD,미드나잇 블랙,64,65,53895
2027-06,southeast,VST,2027,VST-CO,2.5 가솔린,FWD,스틸 그레이,54,55,45385
2027-06,southeast,VST,2027,VST-CO,2.5 가솔린,FWD,실버,44,45,36875
2027-06,southeast,VST,2027,VST-CO,2.5 가솔린,FWD,오션 블루,34,34,28366
2027-06,southeast,VST,2027,VST-CO,2.5 가솔린,FWD,선셋 레드,27,28,22693
2027-06,southeast,VST,2027,VST-CO,2.5 가솔린,FWD,포레스트 그린,17,17,14183
2027-06,southeast,VST,2027,VST-CO,2.5 가솔린,FWD,샌드 베이지,17,17,14183
2027-06,southeast,VST,2027,VST-CO,1.6T 하이브리드,AWD,스노우 화이트,61,63,51541
2027-06,southeast,VST,2027,VST-CO,1.6T 하이브리드,AWD,미드나잇 블랙,49,50,40803
2027-06,southeast,VST,2027,VST-CO,1.6T 하이브리드,AWD,스틸 그레이,41,42,34360
2027-06,southeast,VST,2027,VST-CO,1.6T 하이브리드,AWD,실버,33,34,27918
2027-06,southeast,VST,2027,VST-CO,1.6T 하이브리드,AWD,오션 블루,26,26,21475
2027-06,southeast,VST,2027,VST-CO,1.6T 하이브리드,AWD,선셋 레드,20,21,17180
2027-06,southeast,VST,2027,VST-CO,1.6T 하이브리드,AWD,포레스트 그린,13,13,10738
2027-06,southeast,VST,2027,VST-CO,1.6T 하이브리드,AWD,샌드 베이지,13,13,10738
2027-06,southeast,VST,2027,VST-CO,1.6T 하이브리드,FWD,스노우 화이트,99,101,83206
2027-06,southeast,VST,2027,VST-CO,1.6T 하이브리드,FWD,미드나잇 블랙,78,80,65871
2027-06,southeast,VST,2027,VST-CO,1.6T 하이브리드,FWD,스틸 그레이,66,67,55471
2027-06,southeast,VST,2027,VST-CO,1.6T 하이브리드,FWD,실버,54,55,45070
2027-06,southeast,VST,2027,VST-CO,1.6T 하이브리드,FWD,오션 블루,41,42,34669
2027-06,southeast,VST,2027,VST-CO,1.6T 하이브리드,FWD,선셋 레드,33,34,27735
2027-06,southeast,VST,2027,VST-CO,1.6T 하이브리드,FWD,포레스트 그린,21,21,17335
2027-06,southeast,VST,2027,VST-CO,1.6T 하이브리드,FWD,샌드 베이지,21,21,17335
2027-06,southeast,VST,2027,VST-PR,2.5 가솔린,AWD,스노우 화이트,58,59,65027
2027-06,southeast,VST,2027,VST-PR,2.5 가솔린,AWD,미드나잇 블랙,46,47,51480
2027-06,southeast,VST,2027,VST-PR,2.5 가솔린,AWD,스틸 그레이,39,39,43352
2027-06,southeast,VST,2027,VST-PR,2.5 가솔린,AWD,실버,31,32,35223
2027-06,southeast,VST,2027,VST-PR,2.5 가솔린,AWD,오션 블루,24,25,27095
2027-06,southeast,VST,2027,VST-PR,2.5 가솔린,AWD,선셋 레드,19,20,21676
2027-06,southeast,VST,2027,VST-PR,2.5 가솔린,AWD,포레스트 그린,12,12,13547
2027-06,southeast,VST,2027,VST-PR,2.5 가솔린,AWD,샌드 베이지,12,12,13547
2027-06,southeast,VST,2027,VST-PR,2.5 가솔린,FWD,스노우 화이트,94,96,104979
2027-06,southeast,VST,2027,VST-PR,2.5 가솔린,FWD,미드나잇 블랙,74,76,83108
2027-06,southeast,VST,2027,VST-PR,2.5 가솔린,FWD,스틸 그레이,63,64,69986
2027-06,southeast,VST,2027,VST-PR,2.5 가솔린,FWD,실버,51,52,56864
2027-06,southeast,VST,2027,VST-PR,2.5 가솔린,FWD,오션 블루,39,40,43741
2027-06,southeast,VST,2027,VST-PR,2.5 가솔린,FWD,선셋 레드,31,32,34993
2027-06,southeast,VST,2027,VST-PR,2.5 가솔린,FWD,포레스트 그린,20,20,21871
2027-06,southeast,VST,2027,VST-PR,2.5 가솔린,FWD,샌드 베이지,20,20,21871
2027-06,southeast,VST,2027,VST-PR,1.6T 하이브리드,AWD,스노우 화이트,71,72,79478
2027-06,southeast,VST,2027,VST-PR,1.6T 하이브리드,AWD,미드나잇 블랙,56,57,62920
2027-06,southeast,VST,2027,VST-PR,1.6T 하이브리드,AWD,스틸 그레이,47,48,52985
2027-06,southeast,VST,2027,VST-PR,1.6T 하이브리드,AWD,실버,38,39,43051
2027-06,southeast,VST,2027,VST-PR,1.6T 하이브리드,AWD,오션 블루,30,30,33116
2027-06,southeast,VST,2027,VST-PR,1.6T 하이브리드,AWD,선셋 레드,24,24,26493
2027-06,southeast,VST,2027,VST-PR,1.6T 하이브리드,AWD,포레스트 그린,15,15,16558
2027-06,southeast,VST,2027,VST-PR,1.6T 하이브리드,AWD,샌드 베이지,15,15,16558
2027-06,southeast,VST,2027,VST-PR,1.6T 하이브리드,FWD,스노우 화이트,115,117,128307
2027-06,southeast,VST,2027,VST-PR,1.6T 하이브리드,FWD,미드나잇 블랙,91,93,101577
2027-06,southeast,VST,2027,VST-PR,1.6T 하이브리드,FWD,스틸 그레이,76,78,85538
2027-06,southeast,VST,2027,VST-PR,1.6T 하이브리드,FWD,실버,62,63,69500
2027-06,southeast,VST,2027,VST-PR,1.6T 하이브리드,FWD,오션 블루,48,49,53461
2027-06,southeast,VST,2027,VST-PR,1.6T 하이브리드,FWD,선셋 레드,38,39,42769
2027-06,southeast,VST,2027,VST-PR,1.6T 하이브리드,FWD,포레스트 그린,24,24,26731
2027-06,southeast,VST,2027,VST-PR,1.6T 하이브리드,FWD,샌드 베이지,24,24,26731
2027-06,southeast,VST,2027,VST-TR,2.5 가솔린,AWD,스노우 화이트,24,24,38199
2027-06,southeast,VST,2027,VST-TR,2.5 가솔린,AWD,미드나잇 블랙,19,19,30241
2027-06,southeast,VST,2027,VST-TR,2.5 가솔린,AWD,스틸 그레이,16,16,25466
2027-06,southeast,VST,2027,VST-TR,2.5 가솔린,AWD,실버,13,13,20691
2027-06,southeast,VST,2027,VST-TR,2.5 가솔린,AWD,오션 블루,10,10,15916
2027-06,southeast,VST,2027,VST-TR,2.5 가솔린,AWD,선셋 레드,8,8,12733
2027-06,southeast,VST,2027,VST-TR,2.5 가솔린,AWD,포레스트 그린,5,5,7958
2027-06,southeast,VST,2027,VST-TR,2.5 가솔린,AWD,샌드 베이지,5,5,7958
2027-06,southeast,VST,2027,VST-TR,2.5 가솔린,FWD,스노우 화이트,38,39,61668
2027-06,southeast,VST,2027,VST-TR,2.5 가솔린,FWD,미드나잇 블랙,30,31,48821
2027-06,southeast,VST,2027,VST-TR,2.5 가솔린,FWD,스틸 그레이,26,26,41112
2027-06,southeast,VST,2027,VST-TR,2.5 가솔린,FWD,실버,21,21,33404
2027-06,southeast,VST,2027,VST-TR,2.5 가솔린,FWD,오션 블루,16,16,25695
2027-06,southeast,VST,2027,VST-TR,2.5 가솔린,FWD,선셋 레드,13,13,20556
2027-06,southeast,VST,2027,VST-TR,2.5 가솔린,FWD,포레스트 그린,8,8,12848
2027-06,southeast,VST,2027,VST-TR,2.5 가솔린,FWD,샌드 베이지,8,8,12848
2027-06,southeast,VST,2027,VST-TR,1.6T 하이브리드,AWD,스노우 화이트,29,30,46688
2027-06,southeast,VST,2027,VST-TR,1.6T 하이브리드,AWD,미드나잇 블랙,23,23,36962
2027-06,southeast,VST,2027,VST-TR,1.6T 하이브리드,AWD,스틸 그레이,19,20,31125
2027-06,southeast,VST,2027,VST-TR,1.6T 하이브리드,AWD,실버,16,16,25289
2027-06,southeast,VST,2027,VST-TR,1.6T 하이브리드,AWD,오션 블루,12,12,19453
2027-06,southeast,VST,2027,VST-TR,1.6T 하이브리드,AWD,선셋 레드,10,10,15563
2027-06,southeast,VST,2027,VST-TR,1.6T 하이브리드,AWD,포레스트 그린,6,6,9727
2027-06,southeast,VST,2027,VST-TR,1.6T 하이브리드,AWD,샌드 베이지,6,6,9727
2027-06,southeast,VST,2027,VST-TR,1.6T 하이브리드,FWD,스노우 화이트,47,48,75373
2027-06,southeast,VST,2027,VST-TR,1.6T 하이브리드,FWD,미드나잇 블랙,37,38,59670
2027-06,southeast,VST,2027,VST-TR,1.6T 하이브리드,FWD,스틸 그레이,31,32,50248
2027-06,southeast,VST,2027,VST-TR,1.6T 하이브리드,FWD,실버,25,26,40827
2027-06,southeast,VST,2027,VST-TR,1.6T 하이브리드,FWD,오션 블루,20,20,31405
2027-06,southeast,VST,2027,VST-TR,1.6T 하이브리드,FWD,선셋 레드,16,16,25124
2027-06,southeast,VST,2027,VST-TR,1.6T 하이브리드,FWD,포레스트 그린,10,10,15703
2027-06,southeast,VST,2027,VST-TR,1.6T 하이브리드,FWD,샌드 베이지,10,10,15703
2027-06,west,AUR,2027,AUR-AI,스탠다드 레인지,AWD,스노우 화이트,31,32,21232
2027-06,west,AUR,2027,AUR-AI,스탠다드 레인지,AWD,미드나잇 블랙,25,25,16809
2027-06,west,AUR,2027,AUR-AI,스탠다드 레인지,AWD,스틸 그레이,21,21,14155
2027-06,west,AUR,2027,AUR-AI,스탠다드 레인지,AWD,실버,17,17,11501
2027-06,west,AUR,2027,AUR-AI,스탠다드 레인지,AWD,오션 블루,13,13,8847
2027-06,west,AUR,2027,AUR-AI,스탠다드 레인지,AWD,선셋 레드,10,11,7077
2027-06,west,AUR,2027,AUR-AI,스탠다드 레인지,AWD,포레스트 그린,7,7,4423
2027-06,west,AUR,2027,AUR-AI,스탠다드 레인지,AWD,샌드 베이지,7,7,4423
2027-06,west,AUR,2027,AUR-AI,스탠다드 레인지,FWD,스노우 화이트,26,26,17372
2027-06,west,AUR,2027,AUR-AI,스탠다드 레인지,FWD,미드나잇 블랙,20,21,13753
2027-06,west,AUR,2027,AUR-AI,스탠다드 레인지,FWD,스틸 그레이,17,17,11581
2027-06,west,AUR,2027,AUR-AI,스탠다드 레인지,FWD,실버,14,14,9410
2027-06,west,AUR,2027,AUR-AI,스탠다드 레인지,FWD,오션 블루,11,11,7238
2027-06,west,AUR,2027,AUR-AI,스탠다드 레인지,FWD,선셋 레드,9,9,5791
2027-06,west,AUR,2027,AUR-AI,스탠다드 레인지,FWD,포레스트 그린,5,5,3619
2027-06,west,AUR,2027,AUR-AI,스탠다드 레인지,FWD,샌드 베이지,5,5,3619
2027-06,west,AUR,2027,AUR-AI,롱레인지,AWD,스노우 화이트,80,82,54598
2027-06,west,AUR,2027,AUR-AI,롱레인지,AWD,미드나잇 블랙,64,65,43223
2027-06,west,AUR,2027,AUR-AI,롱레인지,AWD,스틸 그레이,54,55,36399
2027-06,west,AUR,2027,AUR-AI,롱레인지,AWD,실버,44,44,29574
2027-06,west,AUR,2027,AUR-AI,롱레인지,AWD,오션 블루,34,34,22749
2027-06,west,AUR,2027,AUR-AI,롱레인지,AWD,선셋 레드,27,27,18199
2027-06,west,AUR,2027,AUR-AI,롱레인지,AWD,포레스트 그린,17,17,11375
2027-06,west,AUR,2027,AUR-AI,롱레인지,AWD,샌드 베이지,17,17,11375
2027-06,west,AUR,2027,AUR-AI,롱레인지,FWD,스노우 화이트,66,67,44671
2027-06,west,AUR,2027,AUR-AI,롱레인지,FWD,미드나잇 블랙,52,53,35365
2027-06,west,AUR,2027,AUR-AI,롱레인지,FWD,스틸 그레이,44,45,29781
2027-06,west,AUR,2027,AUR-AI,롱레인지,FWD,실버,36,36,24197
2027-06,west,AUR,2027,AUR-AI,롱레인지,FWD,오션 블루,27,28,18613
2027-06,west,AUR,2027,AUR-AI,롱레인지,FWD,선셋 레드,22,22,14890
2027-06,west,AUR,2027,AUR-AI,롱레인지,FWD,포레스트 그린,14,14,9306
2027-06,west,AUR,2027,AUR-AI,롱레인지,FWD,샌드 베이지,14,14,9306
2027-06,west,AUR,2027,AUR-RA,스탠다드 레인지,AWD,스노우 화이트,36,37,33802
2027-06,west,AUR,2027,AUR-RA,스탠다드 레인지,AWD,미드나잇 블랙,29,29,26760
2027-06,west,AUR,2027,AUR-RA,스탠다드 레인지,AWD,스틸 그레이,24,25,22535
2027-06,west,AUR,2027,AUR-RA,스탠다드 레인지,AWD,실버,20,20,18309
2027-06,west,AUR,2027,AUR-RA,스탠다드 레인지,AWD,오션 블루,15,15,14084
2027-06,west,AUR,2027,AUR-RA,스탠다드 레인지,AWD,선셋 레드,12,12,11267
2027-06,west,AUR,2027,AUR-RA,스탠다드 레인지,AWD,포레스트 그린,8,8,7042
2027-06,west,AUR,2027,AUR-RA,스탠다드 레인지,AWD,샌드 베이지,8,8,7042
2027-06,west,AUR,2027,AUR-RA,스탠다드 레인지,FWD,스노우 화이트,30,30,27656
2027-06,west,AUR,2027,AUR-RA,스탠다드 레인지,FWD,미드나잇 블랙,23,24,21894
2027-06,west,AUR,2027,AUR-RA,스탠다드 레인지,FWD,스틸 그레이,20,20,18437
2027-06,west,AUR,2027,AUR-RA,스탠다드 레인지,FWD,실버,16,16,14980
2027-06,west,AUR,2027,AUR-RA,스탠다드 레인지,FWD,오션 블루,12,13,11523
2027-06,west,AUR,2027,AUR-RA,스탠다드 레인지,FWD,선셋 레드,10,10,9219
2027-06,west,AUR,2027,AUR-RA,스탠다드 레인지,FWD,포레스트 그린,6,6,5762
2027-06,west,AUR,2027,AUR-RA,스탠다드 레인지,FWD,샌드 베이지,6,6,5762
2027-06,west,AUR,2027,AUR-RA,롱레인지,AWD,스노우 화이트,93,95,86919
2027-06,west,AUR,2027,AUR-RA,롱레인지,AWD,미드나잇 블랙,74,75,68811
2027-06,west,AUR,2027,AUR-RA,롱레인지,AWD,스틸 그레이,62,63,57946
2027-06,west,AUR,2027,AUR-RA,롱레인지,AWD,실버,50,51,47081
2027-06,west,AUR,2027,AUR-RA,롱레인지,AWD,오션 블루,39,40,36216
2027-06,west,AUR,2027,AUR-RA,롱레인지,AWD,선셋 레드,31,32,28973
2027-06,west,AUR,2027,AUR-RA,롱레인지,AWD,포레스트 그린,19,20,18108
2027-06,west,AUR,2027,AUR-RA,롱레인지,AWD,샌드 베이지,19,20,18108
2027-06,west,AUR,2027,AUR-RA,롱레인지,FWD,스노우 화이트,76,78,71116
2027-06,west,AUR,2027,AUR-RA,롱레인지,FWD,미드나잇 블랙,60,62,56300
2027-06,west,AUR,2027,AUR-RA,롱레인지,FWD,스틸 그레이,51,52,47411
2027-06,west,AUR,2027,AUR-RA,롱레인지,FWD,실버,41,42,38521
2027-06,west,AUR,2027,AUR-RA,롱레인지,FWD,오션 블루,32,32,29632
2027-06,west,AUR,2027,AUR-RA,롱레인지,FWD,선셋 레드,25,26,23705
2027-06,west,AUR,2027,AUR-RA,롱레인지,FWD,포레스트 그린,16,16,14816
2027-06,west,AUR,2027,AUR-RA,롱레인지,FWD,샌드 베이지,16,16,14816
2027-06,west,AUR,2027,AUR-MA,스탠다드 레인지,AWD,스노우 화이트,15,15,20427
2027-06,west,AUR,2027,AUR-MA,스탠다드 레인지,AWD,미드나잇 블랙,12,12,16171
2027-06,west,AUR,2027,AUR-MA,스탠다드 레인지,AWD,스틸 그레이,10,10,13618
2027-06,west,AUR,2027,AUR-MA,스탠다드 레인지,AWD,실버,8,8,11064
2027-06,west,AUR,2027,AUR-MA,스탠다드 레인지,AWD,오션 블루,6,6,8511
2027-06,west,AUR,2027,AUR-MA,스탠다드 레인지,AWD,선셋 레드,5,5,6809
2027-06,west,AUR,2027,AUR-MA,스탠다드 레인지,AWD,포레스트 그린,3,3,4256
2027-06,west,AUR,2027,AUR-MA,스탠다드 레인지,AWD,샌드 베이지,3,3,4256
2027-06,west,AUR,2027,AUR-MA,스탠다드 레인지,FWD,스노우 화이트,12,12,16713
2027-06,west,AUR,2027,AUR-MA,스탠다드 레인지,FWD,미드나잇 블랙,10,10,13231
2027-06,west,AUR,2027,AUR-MA,스탠다드 레인지,FWD,스틸 그레이,8,8,11142
2027-06,west,AUR,2027,AUR-MA,스탠다드 레인지,FWD,실버,7,7,9053
2027-06,west,AUR,2027,AUR-MA,스탠다드 레인지,FWD,오션 블루,5,5,6964
2027-06,west,AUR,2027,AUR-MA,스탠다드 레인지,FWD,선셋 레드,4,4,5571
2027-06,west,AUR,2027,AUR-MA,스탠다드 레인지,FWD,포레스트 그린,3,3,3482
2027-06,west,AUR,2027,AUR-MA,스탠다드 레인지,FWD,샌드 베이지,3,3,3482
2027-06,west,AUR,2027,AUR-MA,롱레인지,AWD,스노우 화이트,38,39,52526
2027-06,west,AUR,2027,AUR-MA,롱레인지,AWD,미드나잇 블랙,30,31,41583
2027-06,west,AUR,2027,AUR-MA,롱레인지,AWD,스틸 그레이,25,26,35017
2027-06,west,AUR,2027,AUR-MA,롱레인지,AWD,실버,21,21,28451
2027-06,west,AUR,2027,AUR-MA,롱레인지,AWD,오션 블루,16,16,21886
2027-06,west,AUR,2027,AUR-MA,롱레인지,AWD,선셋 레드,13,13,17509
2027-06,west,AUR,2027,AUR-MA,롱레인지,AWD,포레스트 그린,8,8,10943
2027-06,west,AUR,2027,AUR-MA,롱레인지,AWD,샌드 베이지,8,8,10943
2027-06,west,AUR,2027,AUR-MA,롱레인지,FWD,스노우 화이트,31,32,42975
2027-06,west,AUR,2027,AUR-MA,롱레인지,FWD,미드나잇 블랙,25,25,34022
2027-06,west,AUR,2027,AUR-MA,롱레인지,FWD,스틸 그레이,21,21,28650
2027-06,west,AUR,2027,AUR-MA,롱레인지,FWD,실버,17,17,23278
2027-06,west,AUR,2027,AUR-MA,롱레인지,FWD,오션 블루,13,13,17906
2027-06,west,AUR,2027,AUR-MA,롱레인지,FWD,선셋 레드,10,11,14325
2027-06,west,AUR,2027,AUR-MA,롱레인지,FWD,포레스트 그린,6,7,8953
2027-06,west,AUR,2027,AUR-MA,롱레인지,FWD,샌드 베이지,6,7,8953
2027-06,central,AUR,2027,AUR-AI,스탠다드 레인지,AWD,스노우 화이트,13,13,8870
2027-06,central,AUR,2027,AUR-AI,스탠다드 레인지,AWD,미드나잇 블랙,10,11,7022
2027-06,central,AUR,2027,AUR-AI,스탠다드 레인지,AWD,스틸 그레이,9,9,5913
2027-06,central,AUR,2027,AUR-AI,스탠다드 레인지,AWD,실버,7,7,4804
2027-06,central,AUR,2027,AUR-AI,스탠다드 레인지,AWD,오션 블루,5,6,3696
2027-06,central,AUR,2027,AUR-AI,스탠다드 레인지,AWD,선셋 레드,4,4,2957
2027-06,central,AUR,2027,AUR-AI,스탠다드 레인지,AWD,포레스트 그린,3,3,1848
2027-06,central,AUR,2027,AUR-AI,스탠다드 레인지,AWD,샌드 베이지,3,3,1848
2027-06,central,AUR,2027,AUR-AI,스탠다드 레인지,FWD,스노우 화이트,8,8,5153
2027-06,central,AUR,2027,AUR-AI,스탠다드 레인지,FWD,미드나잇 블랙,6,6,4080
2027-06,central,AUR,2027,AUR-AI,스탠다드 레인지,FWD,스틸 그레이,5,5,3436
2027-06,central,AUR,2027,AUR-AI,스탠다드 레인지,FWD,실버,4,4,2791
2027-06,central,AUR,2027,AUR-AI,스탠다드 레인지,FWD,오션 블루,3,3,2147
2027-06,central,AUR,2027,AUR-AI,스탠다드 레인지,FWD,선셋 레드,3,3,1718
2027-06,central,AUR,2027,AUR-AI,스탠다드 레인지,FWD,포레스트 그린,2,2,1074
2027-06,central,AUR,2027,AUR-AI,스탠다드 레인지,FWD,샌드 베이지,2,2,1074
2027-06,central,AUR,2027,AUR-AI,롱레인지,AWD,스노우 화이트,34,34,22807
2027-06,central,AUR,2027,AUR-AI,롱레인지,AWD,미드나잇 블랙,27,27,18056
2027-06,central,AUR,2027,AUR-AI,롱레인지,AWD,스틸 그레이,22,23,15205
2027-06,central,AUR,2027,AUR-AI,롱레인지,AWD,실버,18,19,12354
2027-06,central,AUR,2027,AUR-AI,롱레인지,AWD,오션 블루,14,14,9503
2027-06,central,AUR,2027,AUR-AI,롱레인지,AWD,선셋 레드,11,11,7602
2027-06,central,AUR,2027,AUR-AI,롱레인지,AWD,포레스트 그린,7,7,4752
2027-06,central,AUR,2027,AUR-AI,롱레인지,AWD,샌드 베이지,7,7,4752
2027-06,central,AUR,2027,AUR-AI,롱레인지,FWD,스노우 화이트,20,20,13252
2027-06,central,AUR,2027,AUR-AI,롱레인지,FWD,미드나잇 블랙,15,16,10491
2027-06,central,AUR,2027,AUR-AI,롱레인지,FWD,스틸 그레이,13,13,8834
2027-06,central,AUR,2027,AUR-AI,롱레인지,FWD,실버,11,11,7178
2027-06,central,AUR,2027,AUR-AI,롱레인지,FWD,오션 블루,8,8,5522
2027-06,central,AUR,2027,AUR-AI,롱레인지,FWD,선셋 레드,7,7,4417
2027-06,central,AUR,2027,AUR-AI,롱레인지,FWD,포레스트 그린,4,4,2761
2027-06,central,AUR,2027,AUR-AI,롱레인지,FWD,샌드 베이지,4,4,2761
2027-06,central,AUR,2027,AUR-RA,스탠다드 레인지,AWD,스노우 화이트,15,15,14120
2027-06,central,AUR,2027,AUR-RA,스탠다드 레인지,AWD,미드나잇 블랙,12,12,11179
2027-06,central,AUR,2027,AUR-RA,스탠다드 레인지,AWD,스틸 그레이,10,10,9414
2027-06,central,AUR,2027,AUR-RA,스탠다드 레인지,AWD,실버,8,8,7648
2027-06,central,AUR,2027,AUR-RA,스탠다드 레인지,AWD,오션 블루,6,6,5883
2027-06,central,AUR,2027,AUR-RA,스탠다드 레인지,AWD,선셋 레드,5,5,4707
2027-06,central,AUR,2027,AUR-RA,스탠다드 레인지,AWD,포레스트 그린,3,3,2942
2027-06,central,AUR,2027,AUR-RA,스탠다드 레인지,AWD,샌드 베이지,3,3,2942
2027-06,central,AUR,2027,AUR-RA,스탠다드 레인지,FWD,스노우 화이트,9,9,8204
2027-06,central,AUR,2027,AUR-RA,스탠다드 레인지,FWD,미드나잇 블랙,7,7,6495
2027-06,central,AUR,2027,AUR-RA,스탠다드 레인지,FWD,스틸 그레이,6,6,5470
2027-06,central,AUR,2027,AUR-RA,스탠다드 레인지,FWD,실버,5,5,4444
2027-06,central,AUR,2027,AUR-RA,스탠다드 레인지,FWD,오션 블루,4,4,3418
2027-06,central,AUR,2027,AUR-RA,스탠다드 레인지,FWD,선셋 레드,3,3,2735
2027-06,central,AUR,2027,AUR-RA,스탠다드 레인지,FWD,포레스트 그린,2,2,1709
2027-06,central,AUR,2027,AUR-RA,스탠다드 레인지,FWD,샌드 베이지,2,2,1709
2027-06,central,AUR,2027,AUR-RA,롱레인지,AWD,스노우 화이트,39,40,36309
2027-06,central,AUR,2027,AUR-RA,롱레인지,AWD,미드나잇 블랙,31,31,28745
2027-06,central,AUR,2027,AUR-RA,롱레인지,AWD,스틸 그레이,26,26,24206
2027-06,central,AUR,2027,AUR-RA,롱레인지,AWD,실버,21,22,19668
2027-06,central,AUR,2027,AUR-RA,롱레인지,AWD,오션 블루,16,17,15129
2027-06,central,AUR,2027,AUR-RA,롱레인지,AWD,선셋 레드,13,13,12103
2027-06,central,AUR,2027,AUR-RA,롱레인지,AWD,포레스트 그린,8,8,7564
2027-06,central,AUR,2027,AUR-RA,롱레인지,AWD,샌드 베이지,8,8,7564
2027-06,central,AUR,2027,AUR-RA,롱레인지,FWD,스노우 화이트,23,23,21097
2027-06,central,AUR,2027,AUR-RA,롱레인지,FWD,미드나잇 블랙,18,18,16702
2027-06,central,AUR,2027,AUR-RA,롱레인지,FWD,스틸 그레이,15,15,14064
2027-06,central,AUR,2027,AUR-RA,롱레인지,FWD,실버,12,12,11427
2027-06,central,AUR,2027,AUR-RA,롱레인지,FWD,오션 블루,9,10,8790
2027-06,central,AUR,2027,AUR-RA,롱레인지,FWD,선셋 레드,8,8,7032
2027-06,central,AUR,2027,AUR-RA,롱레인지,FWD,포레스트 그린,5,5,4395
2027-06,central,AUR,2027,AUR-RA,롱레인지,FWD,샌드 베이지,5,5,4395
2027-06,central,AUR,2027,AUR-MA,스탠다드 레인지,AWD,스노우 화이트,6,6,8533
2027-06,central,AUR,2027,AUR-MA,스탠다드 레인지,AWD,미드나잇 블랙,5,5,6755
2027-06,central,AUR,2027,AUR-MA,스탠다드 레인지,AWD,스틸 그레이,4,4,5689
2027-06,central,AUR,2027,AUR-MA,스탠다드 레인지,AWD,실버,3,3,4622
2027-06,central,AUR,2027,AUR-MA,스탠다드 레인지,AWD,오션 블루,3,3,3555
2027-06,central,AUR,2027,AUR-MA,스탠다드 레인지,AWD,선셋 레드,2,2,2844
2027-06,central,AUR,2027,AUR-MA,스탠다드 레인지,AWD,포레스트 그린,1,1,1778
2027-06,central,AUR,2027,AUR-MA,스탠다드 레인지,AWD,샌드 베이지,1,1,1778
2027-06,central,AUR,2027,AUR-MA,스탠다드 레인지,FWD,스노우 화이트,4,4,4958
2027-06,central,AUR,2027,AUR-MA,스탠다드 레인지,FWD,미드나잇 블랙,3,3,3925
2027-06,central,AUR,2027,AUR-MA,스탠다드 레인지,FWD,스틸 그레이,2,2,3305
2027-06,central,AUR,2027,AUR-MA,스탠다드 레인지,FWD,실버,2,2,2686
2027-06,central,AUR,2027,AUR-MA,스탠다드 레인지,FWD,오션 블루,1,2,2066
2027-06,central,AUR,2027,AUR-MA,스탠다드 레인지,FWD,선셋 레드,1,1,1653
2027-06,central,AUR,2027,AUR-MA,스탠다드 레인지,FWD,포레스트 그린,1,1,1033
2027-06,central,AUR,2027,AUR-MA,스탠다드 레인지,FWD,샌드 베이지,1,1,1033
2027-06,central,AUR,2027,AUR-MA,롱레인지,AWD,스노우 화이트,16,16,21942
2027-06,central,AUR,2027,AUR-MA,롱레인지,AWD,미드나잇 블랙,13,13,17371
2027-06,central,AUR,2027,AUR-MA,롱레인지,AWD,스틸 그레이,11,11,14628
2027-06,central,AUR,2027,AUR-MA,롱레인지,AWD,실버,9,9,11885
2027-06,central,AUR,2027,AUR-MA,롱레인지,AWD,오션 블루,7,7,9142
2027-06,central,AUR,2027,AUR-MA,롱레인지,AWD,선셋 레드,5,5,7314
2027-06,central,AUR,2027,AUR-MA,롱레인지,AWD,포레스트 그린,3,3,4571
2027-06,central,AUR,2027,AUR-MA,롱레인지,AWD,샌드 베이지,3,3,4571
2027-06,central,AUR,2027,AUR-MA,롱레인지,FWD,스노우 화이트,9,9,12749
2027-06,central,AUR,2027,AUR-MA,롱레인지,FWD,미드나잇 블랙,7,7,10093
2027-06,central,AUR,2027,AUR-MA,롱레인지,FWD,스틸 그레이,6,6,8499
2027-06,central,AUR,2027,AUR-MA,롱레인지,FWD,실버,5,5,6906
2027-06,central,AUR,2027,AUR-MA,롱레인지,FWD,오션 블루,4,4,5312
2027-06,central,AUR,2027,AUR-MA,롱레인지,FWD,선셋 레드,3,3,4250
2027-06,central,AUR,2027,AUR-MA,롱레인지,FWD,포레스트 그린,2,2,2656
2027-06,central,AUR,2027,AUR-MA,롱레인지,FWD,샌드 베이지,2,2,2656
2027-06,south,AUR,2027,AUR-AI,스탠다드 레인지,AWD,스노우 화이트,11,11,7186
2027-06,south,AUR,2027,AUR-AI,스탠다드 레인지,AWD,미드나잇 블랙,8,9,5689
2027-06,south,AUR,2027,AUR-AI,스탠다드 레인지,AWD,스틸 그레이,7,7,4791
2027-06,south,AUR,2027,AUR-AI,스탠다드 레인지,AWD,실버,6,6,3893
2027-06,south,AUR,2027,AUR-AI,스탠다드 레인지,AWD,오션 블루,4,5,2994
2027-06,south,AUR,2027,AUR-AI,스탠다드 레인지,AWD,선셋 레드,4,4,2395
2027-06,south,AUR,2027,AUR-AI,스탠다드 레인지,AWD,포레스트 그린,2,2,1497
2027-06,south,AUR,2027,AUR-AI,스탠다드 레인지,AWD,샌드 베이지,2,2,1497
2027-06,south,AUR,2027,AUR-AI,스탠다드 레인지,FWD,스노우 화이트,16,16,10961
2027-06,south,AUR,2027,AUR-AI,스탠다드 레인지,FWD,미드나잇 블랙,13,13,8677
2027-06,south,AUR,2027,AUR-AI,스탠다드 레인지,FWD,스틸 그레이,11,11,7307
2027-06,south,AUR,2027,AUR-AI,스탠다드 레인지,FWD,실버,9,9,5937
2027-06,south,AUR,2027,AUR-AI,스탠다드 레인지,FWD,오션 블루,7,7,4567
2027-06,south,AUR,2027,AUR-AI,스탠다드 레인지,FWD,선셋 레드,5,5,3654
2027-06,south,AUR,2027,AUR-AI,스탠다드 레인지,FWD,포레스트 그린,3,3,2284
2027-06,south,AUR,2027,AUR-AI,스탠다드 레인지,FWD,샌드 베이지,3,3,2284
2027-06,south,AUR,2027,AUR-AI,롱레인지,AWD,스노우 화이트,27,28,18479
2027-06,south,AUR,2027,AUR-AI,롱레인지,AWD,미드나잇 블랙,22,22,14629
2027-06,south,AUR,2027,AUR-AI,롱레인지,AWD,스틸 그레이,18,19,12320
2027-06,south,AUR,2027,AUR-AI,롱레인지,AWD,실버,15,15,10010
2027-06,south,AUR,2027,AUR-AI,롱레인지,AWD,오션 블루,11,12,7700
2027-06,south,AUR,2027,AUR-AI,롱레인지,AWD,선셋 레드,9,9,6160
2027-06,south,AUR,2027,AUR-AI,롱레인지,AWD,포레스트 그린,6,6,3850
2027-06,south,AUR,2027,AUR-AI,롱레인지,AWD,샌드 베이지,6,6,3850
2027-06,south,AUR,2027,AUR-AI,롱레인지,FWD,스노우 화이트,42,42,28186
2027-06,south,AUR,2027,AUR-AI,롱레인지,FWD,미드나잇 블랙,33,34,22314
2027-06,south,AUR,2027,AUR-AI,롱레인지,FWD,스틸 그레이,28,28,18790
2027-06,south,AUR,2027,AUR-AI,롱레인지,FWD,실버,23,23,15267
2027-06,south,AUR,2027,AUR-AI,롱레인지,FWD,오션 블루,17,18,11744
2027-06,south,AUR,2027,AUR-AI,롱레인지,FWD,선셋 레드,14,14,9395
2027-06,south,AUR,2027,AUR-AI,롱레인지,FWD,포레스트 그린,9,9,5872
2027-06,south,AUR,2027,AUR-AI,롱레인지,FWD,샌드 베이지,9,9,5872
2027-06,south,AUR,2027,AUR-RA,스탠다드 레인지,AWD,스노우 화이트,12,13,11441
2027-06,south,AUR,2027,AUR-RA,스탠다드 레인지,AWD,미드나잇 블랙,10,10,9057
2027-06,south,AUR,2027,AUR-RA,스탠다드 레인지,AWD,스틸 그레이,8,8,7627
2027-06,south,AUR,2027,AUR-RA,스탠다드 레인지,AWD,실버,7,7,6197
2027-06,south,AUR,2027,AUR-RA,스탠다드 레인지,AWD,오션 블루,5,5,4767
2027-06,south,AUR,2027,AUR-RA,스탠다드 레인지,AWD,선셋 레드,4,4,3814
2027-06,south,AUR,2027,AUR-RA,스탠다드 레인지,AWD,포레스트 그린,3,3,2383
2027-06,south,AUR,2027,AUR-RA,스탠다드 레인지,AWD,샌드 베이지,3,3,2383
2027-06,south,AUR,2027,AUR-RA,스탠다드 레인지,FWD,스노우 화이트,19,19,17450
2027-06,south,AUR,2027,AUR-RA,스탠다드 레인지,FWD,미드나잇 블랙,15,15,13815
2027-06,south,AUR,2027,AUR-RA,스탠다드 레인지,FWD,스틸 그레이,12,13,11633
2027-06,south,AUR,2027,AUR-RA,스탠다드 레인지,FWD,실버,10,10,9452
2027-06,south,AUR,2027,AUR-RA,스탠다드 레인지,FWD,오션 블루,8,8,7271
2027-06,south,AUR,2027,AUR-RA,스탠다드 레인지,FWD,선셋 레드,6,6,5817
2027-06,south,AUR,2027,AUR-RA,스탠다드 레인지,FWD,포레스트 그린,4,4,3635
2027-06,south,AUR,2027,AUR-RA,스탠다드 레인지,FWD,샌드 베이지,4,4,3635
2027-06,south,AUR,2027,AUR-RA,롱레인지,AWD,스노우 화이트,32,32,29419
2027-06,south,AUR,2027,AUR-RA,롱레인지,AWD,미드나잇 블랙,25,25,23290
2027-06,south,AUR,2027,AUR-RA,롱레인지,AWD,스틸 그레이,21,21,19613
2027-06,south,AUR,2027,AUR-RA,롱레인지,AWD,실버,17,17,15935
2027-06,south,AUR,2027,AUR-RA,롱레인지,AWD,오션 블루,13,13,12258
2027-06,south,AUR,2027,AUR-RA,롱레인지,AWD,선셋 레드,11,11,9806
2027-06,south,AUR,2027,AUR-RA,롱레인지,AWD,포레스트 그린,7,7,6129
2027-06,south,AUR,2027,AUR-RA,롱레인지,AWD,샌드 베이지,7,7,6129
2027-06,south,AUR,2027,AUR-RA,롱레인지,FWD,스노우 화이트,48,49,44871
2027-06,south,AUR,2027,AUR-RA,롱레인지,FWD,미드나잇 블랙,38,39,35523
2027-06,south,AUR,2027,AUR-RA,롱레인지,FWD,스틸 그레이,32,33,29914
2027-06,south,AUR,2027,AUR-RA,롱레인지,FWD,실버,26,27,24305
2027-06,south,AUR,2027,AUR-RA,롱레인지,FWD,오션 블루,20,20,18696
2027-06,south,AUR,2027,AUR-RA,롱레인지,FWD,선셋 레드,16,16,14957
2027-06,south,AUR,2027,AUR-RA,롱레인지,FWD,포레스트 그린,10,10,9348
2027-06,south,AUR,2027,AUR-RA,롱레인지,FWD,샌드 베이지,10,10,9348
2027-06,south,AUR,2027,AUR-MA,스탠다드 레인지,AWD,스노우 화이트,5,5,6914
2027-06,south,AUR,2027,AUR-MA,스탠다드 레인지,AWD,미드나잇 블랙,4,4,5473
2027-06,south,AUR,2027,AUR-MA,스탠다드 레인지,AWD,스틸 그레이,3,3,4609
2027-06,south,AUR,2027,AUR-MA,스탠다드 레인지,AWD,실버,3,3,3745
2027-06,south,AUR,2027,AUR-MA,스탠다드 레인지,AWD,오션 블루,2,2,2881
2027-06,south,AUR,2027,AUR-MA,스탠다드 레인지,AWD,선셋 레드,2,2,2305
2027-06,south,AUR,2027,AUR-MA,스탠다드 레인지,AWD,포레스트 그린,1,1,1440
2027-06,south,AUR,2027,AUR-MA,스탠다드 레인지,AWD,샌드 베이지,1,1,1440
2027-06,south,AUR,2027,AUR-MA,스탠다드 레인지,FWD,스노우 화이트,8,8,10545
2027-06,south,AUR,2027,AUR-MA,스탠다드 레인지,FWD,미드나잇 블랙,6,6,8348
2027-06,south,AUR,2027,AUR-MA,스탠다드 레인지,FWD,스틸 그레이,5,5,7030
2027-06,south,AUR,2027,AUR-MA,스탠다드 레인지,FWD,실버,4,4,5712
2027-06,south,AUR,2027,AUR-MA,스탠다드 레인지,FWD,오션 블루,3,3,4394
2027-06,south,AUR,2027,AUR-MA,스탠다드 레인지,FWD,선셋 레드,3,3,3515
2027-06,south,AUR,2027,AUR-MA,스탠다드 레인지,FWD,포레스트 그린,2,2,2197
2027-06,south,AUR,2027,AUR-MA,스탠다드 레인지,FWD,샌드 베이지,2,2,2197
2027-06,south,AUR,2027,AUR-MA,롱레인지,AWD,스노우 화이트,13,13,17778
2027-06,south,AUR,2027,AUR-MA,롱레인지,AWD,미드나잇 블랙,10,10,14074
2027-06,south,AUR,2027,AUR-MA,롱레인지,AWD,스틸 그레이,9,9,11852
2027-06,south,AUR,2027,AUR-MA,롱레인지,AWD,실버,7,7,9630
2027-06,south,AUR,2027,AUR-MA,롱레인지,AWD,오션 블루,5,5,7407
2027-06,south,AUR,2027,AUR-MA,롱레인지,AWD,선셋 레드,4,4,5926
2027-06,south,AUR,2027,AUR-MA,롱레인지,AWD,포레스트 그린,3,3,3704
2027-06,south,AUR,2027,AUR-MA,롱레인지,AWD,샌드 베이지,3,3,3704
2027-06,south,AUR,2027,AUR-MA,롱레인지,FWD,스노우 화이트,20,20,27116
2027-06,south,AUR,2027,AUR-MA,롱레인지,FWD,미드나잇 블랙,16,16,21467
2027-06,south,AUR,2027,AUR-MA,롱레인지,FWD,스틸 그레이,13,13,18077
2027-06,south,AUR,2027,AUR-MA,롱레인지,FWD,실버,11,11,14688
2027-06,south,AUR,2027,AUR-MA,롱레인지,FWD,오션 블루,8,8,11298
2027-06,south,AUR,2027,AUR-MA,롱레인지,FWD,선셋 레드,7,7,9039
2027-06,south,AUR,2027,AUR-MA,롱레인지,FWD,포레스트 그린,4,4,5649
2027-06,south,AUR,2027,AUR-MA,롱레인지,FWD,샌드 베이지,4,4,5649
2027-06,northeast,AUR,2027,AUR-AI,스탠다드 레인지,AWD,스노우 화이트,27,27,18048
2027-06,northeast,AUR,2027,AUR-AI,스탠다드 레인지,AWD,미드나잇 블랙,21,21,14288
2027-06,northeast,AUR,2027,AUR-AI,스탠다드 레인지,AWD,스틸 그레이,18,18,12032
2027-06,northeast,AUR,2027,AUR-AI,스탠다드 레인지,AWD,실버,14,15,9776
2027-06,northeast,AUR,2027,AUR-AI,스탠다드 레인지,AWD,오션 블루,11,11,7520
2027-06,northeast,AUR,2027,AUR-AI,스탠다드 레인지,AWD,선셋 레드,9,9,6016
2027-06,northeast,AUR,2027,AUR-AI,스탠다드 레인지,AWD,포레스트 그린,6,6,3760
2027-06,northeast,AUR,2027,AUR-AI,스탠다드 레인지,AWD,샌드 베이지,6,6,3760
2027-06,northeast,AUR,2027,AUR-AI,스탠다드 레인지,FWD,스노우 화이트,11,11,7194
2027-06,northeast,AUR,2027,AUR-AI,스탠다드 레인지,FWD,미드나잇 블랙,8,9,5695
2027-06,northeast,AUR,2027,AUR-AI,스탠다드 레인지,FWD,스틸 그레이,7,7,4796
2027-06,northeast,AUR,2027,AUR-AI,스탠다드 레인지,FWD,실버,6,6,3897
2027-06,northeast,AUR,2027,AUR-AI,스탠다드 레인지,FWD,오션 블루,4,5,2997
2027-06,northeast,AUR,2027,AUR-AI,스탠다드 레인지,FWD,선셋 레드,4,4,2398
2027-06,northeast,AUR,2027,AUR-AI,스탠다드 레인지,FWD,포레스트 그린,2,2,1499
2027-06,northeast,AUR,2027,AUR-AI,스탠다드 레인지,FWD,샌드 베이지,2,2,1499
2027-06,northeast,AUR,2027,AUR-AI,롱레인지,AWD,스노우 화이트,68,70,46408
2027-06,northeast,AUR,2027,AUR-AI,롱레인지,AWD,미드나잇 블랙,54,55,36740
2027-06,northeast,AUR,2027,AUR-AI,롱레인지,AWD,스틸 그레이,46,47,30939
2027-06,northeast,AUR,2027,AUR-AI,롱레인지,AWD,실버,37,38,25138
2027-06,northeast,AUR,2027,AUR-AI,롱레인지,AWD,오션 블루,29,29,19337
2027-06,northeast,AUR,2027,AUR-AI,롱레인지,AWD,선셋 레드,23,23,15469
2027-06,northeast,AUR,2027,AUR-AI,롱레인지,AWD,포레스트 그린,14,15,9668
2027-06,northeast,AUR,2027,AUR-AI,롱레인지,AWD,샌드 베이지,14,15,9668
2027-06,northeast,AUR,2027,AUR-AI,롱레인지,FWD,스노우 화이트,27,28,18498
2027-06,northeast,AUR,2027,AUR-AI,롱레인지,FWD,미드나잇 블랙,22,22,14645
2027-06,northeast,AUR,2027,AUR-AI,롱레인지,FWD,스틸 그레이,18,19,12332
2027-06,northeast,AUR,2027,AUR-AI,롱레인지,FWD,실버,15,15,10020
2027-06,northeast,AUR,2027,AUR-AI,롱레인지,FWD,오션 블루,11,12,7708
2027-06,northeast,AUR,2027,AUR-AI,롱레인지,FWD,선셋 레드,9,9,6166
2027-06,northeast,AUR,2027,AUR-AI,롱레인지,FWD,포레스트 그린,6,6,3854
2027-06,northeast,AUR,2027,AUR-AI,롱레인지,FWD,샌드 베이지,6,6,3854
2027-06,northeast,AUR,2027,AUR-RA,스탠다드 레인지,AWD,스노우 화이트,31,31,28732
2027-06,northeast,AUR,2027,AUR-RA,스탠다드 레인지,AWD,미드나잇 블랙,24,25,22746
2027-06,northeast,AUR,2027,AUR-RA,스탠다드 레인지,AWD,스틸 그레이,21,21,19154
2027-06,northeast,AUR,2027,AUR-RA,스탠다드 레인지,AWD,실버,17,17,15563
2027-06,northeast,AUR,2027,AUR-RA,스탠다드 레인지,AWD,오션 블루,13,13,11972
2027-06,northeast,AUR,2027,AUR-RA,스탠다드 레인지,AWD,선셋 레드,10,10,9577
2027-06,northeast,AUR,2027,AUR-RA,스탠다드 레인지,AWD,포레스트 그린,6,7,5986
2027-06,northeast,AUR,2027,AUR-RA,스탠다드 레인지,AWD,샌드 베이지,6,7,5986
2027-06,northeast,AUR,2027,AUR-RA,스탠다드 레인지,FWD,스노우 화이트,12,13,11452
2027-06,northeast,AUR,2027,AUR-RA,스탠다드 레인지,FWD,미드나잇 블랙,10,10,9067
2027-06,northeast,AUR,2027,AUR-RA,스탠다드 레인지,FWD,스틸 그레이,8,8,7635
2027-06,northeast,AUR,2027,AUR-RA,스탠다드 레인지,FWD,실버,7,7,6203
2027-06,northeast,AUR,2027,AUR-RA,스탠다드 레인지,FWD,오션 블루,5,5,4772
2027-06,northeast,AUR,2027,AUR-RA,스탠다드 레인지,FWD,선셋 레드,4,4,3817
2027-06,northeast,AUR,2027,AUR-RA,스탠다드 레인지,FWD,포레스트 그린,3,3,2386
2027-06,northeast,AUR,2027,AUR-RA,스탠다드 레인지,FWD,샌드 베이지,3,3,2386
2027-06,northeast,AUR,2027,AUR-RA,롱레인지,AWD,스노우 화이트,79,81,73881
2027-06,northeast,AUR,2027,AUR-RA,롱레인지,AWD,미드나잇 블랙,63,64,58489
2027-06,northeast,AUR,2027,AUR-RA,롱레인지,AWD,스틸 그레이,53,54,49254
2027-06,northeast,AUR,2027,AUR-RA,롱레인지,AWD,실버,43,44,40019
2027-06,northeast,AUR,2027,AUR-RA,롱레인지,AWD,오션 블루,33,34,30784
2027-06,northeast,AUR,2027,AUR-RA,롱레인지,AWD,선셋 레드,26,27,24627
2027-06,northeast,AUR,2027,AUR-RA,롱레인지,AWD,포레스트 그린,17,17,15392
2027-06,northeast,AUR,2027,AUR-RA,롱레인지,AWD,샌드 베이지,17,17,15392
2027-06,northeast,AUR,2027,AUR-RA,롱레인지,FWD,스노우 화이트,32,32,29449
2027-06,northeast,AUR,2027,AUR-RA,롱레인지,FWD,미드나잇 블랙,25,26,23314
2027-06,northeast,AUR,2027,AUR-RA,롱레인지,FWD,스틸 그레이,21,21,19633
2027-06,northeast,AUR,2027,AUR-RA,롱레인지,FWD,실버,17,17,15952
2027-06,northeast,AUR,2027,AUR-RA,롱레인지,FWD,오션 블루,13,13,12271
2027-06,northeast,AUR,2027,AUR-RA,롱레인지,FWD,선셋 레드,11,11,9816
2027-06,northeast,AUR,2027,AUR-RA,롱레인지,FWD,포레스트 그린,7,7,6135
2027-06,northeast,AUR,2027,AUR-RA,롱레인지,FWD,샌드 베이지,7,7,6135
2027-06,northeast,AUR,2027,AUR-MA,스탠다드 레인지,AWD,스노우 화이트,13,13,17363
2027-06,northeast,AUR,2027,AUR-MA,스탠다드 레인지,AWD,미드나잇 블랙,10,10,13745
2027-06,northeast,AUR,2027,AUR-MA,스탠다드 레인지,AWD,스틸 그레이,8,9,11575
2027-06,northeast,AUR,2027,AUR-MA,스탠다드 레인지,AWD,실버,7,7,9405
2027-06,northeast,AUR,2027,AUR-MA,스탠다드 레인지,AWD,오션 블루,5,5,7234
2027-06,northeast,AUR,2027,AUR-MA,스탠다드 레인지,AWD,선셋 레드,4,4,5788
2027-06,northeast,AUR,2027,AUR-MA,스탠다드 레인지,AWD,포레스트 그린,3,3,3617
2027-06,northeast,AUR,2027,AUR-MA,스탠다드 레인지,AWD,샌드 베이지,3,3,3617
2027-06,northeast,AUR,2027,AUR-MA,스탠다드 레인지,FWD,스노우 화이트,5,5,6921
2027-06,northeast,AUR,2027,AUR-MA,스탠다드 레인지,FWD,미드나잇 블랙,4,4,5479
2027-06,northeast,AUR,2027,AUR-MA,스탠다드 레인지,FWD,스틸 그레이,3,3,4614
2027-06,northeast,AUR,2027,AUR-MA,스탠다드 레인지,FWD,실버,3,3,3749
2027-06,northeast,AUR,2027,AUR-MA,스탠다드 레인지,FWD,오션 블루,2,2,2884
2027-06,northeast,AUR,2027,AUR-MA,스탠다드 레인지,FWD,선셋 레드,2,2,2307
2027-06,northeast,AUR,2027,AUR-MA,스탠다드 레인지,FWD,포레스트 그린,1,1,1442
2027-06,northeast,AUR,2027,AUR-MA,스탠다드 레인지,FWD,샌드 베이지,1,1,1442
2027-06,northeast,AUR,2027,AUR-MA,롱레인지,AWD,스노우 화이트,32,33,44647
2027-06,northeast,AUR,2027,AUR-MA,롱레인지,AWD,미드나잇 블랙,26,26,35345
2027-06,northeast,AUR,2027,AUR-MA,롱레인지,AWD,스틸 그레이,22,22,29764
2027-06,northeast,AUR,2027,AUR-MA,롱레인지,AWD,실버,18,18,24184
2027-06,northeast,AUR,2027,AUR-MA,롱레인지,AWD,오션 블루,14,14,18603
2027-06,northeast,AUR,2027,AUR-MA,롱레인지,AWD,선셋 레드,11,11,14882
2027-06,northeast,AUR,2027,AUR-MA,롱레인지,AWD,포레스트 그린,7,7,9301
2027-06,northeast,AUR,2027,AUR-MA,롱레인지,AWD,샌드 베이지,7,7,9301
2027-06,northeast,AUR,2027,AUR-MA,롱레인지,FWD,스노우 화이트,13,13,17796
2027-06,northeast,AUR,2027,AUR-MA,롱레인지,FWD,미드나잇 블랙,10,10,14089
2027-06,northeast,AUR,2027,AUR-MA,롱레인지,FWD,스틸 그레이,9,9,11864
2027-06,northeast,AUR,2027,AUR-MA,롱레인지,FWD,실버,7,7,9640
2027-06,northeast,AUR,2027,AUR-MA,롱레인지,FWD,오션 블루,5,5,7415
2027-06,northeast,AUR,2027,AUR-MA,롱레인지,FWD,선셋 레드,4,4,5932
2027-06,northeast,AUR,2027,AUR-MA,롱레인지,FWD,포레스트 그린,3,3,3708
2027-06,northeast,AUR,2027,AUR-MA,롱레인지,FWD,샌드 베이지,3,3,3708
2027-06,southeast,AUR,2027,AUR-AI,스탠다드 레인지,AWD,스노우 화이트,14,14,9255
2027-06,southeast,AUR,2027,AUR-AI,스탠다드 레인지,AWD,미드나잇 블랙,11,11,7327
2027-06,southeast,AUR,2027,AUR-AI,스탠다드 레인지,AWD,스틸 그레이,9,9,6170
2027-06,southeast,AUR,2027,AUR-AI,스탠다드 레인지,AWD,실버,7,8,5013
2027-06,southeast,AUR,2027,AUR-AI,스탠다드 레인지,AWD,오션 블루,6,6,3856
2027-06,southeast,AUR,2027,AUR-AI,스탠다드 레인지,AWD,선셋 레드,5,5,3085
2027-06,southeast,AUR,2027,AUR-AI,스탠다드 레인지,AWD,포레스트 그린,3,3,1928
2027-06,southeast,AUR,2027,AUR-AI,스탠다드 레인지,AWD,샌드 베이지,3,3,1928
2027-06,southeast,AUR,2027,AUR-AI,스탠다드 레인지,FWD,스노우 화이트,16,16,10542
2027-06,southeast,AUR,2027,AUR-AI,스탠다드 레인지,FWD,미드나잇 블랙,12,13,8346
2027-06,southeast,AUR,2027,AUR-AI,스탠다드 레인지,FWD,스틸 그레이,10,11,7028
2027-06,southeast,AUR,2027,AUR-AI,스탠다드 레인지,FWD,실버,8,9,5710
2027-06,southeast,AUR,2027,AUR-AI,스탠다드 레인지,FWD,오션 블루,6,7,4393
2027-06,southeast,AUR,2027,AUR-AI,스탠다드 레인지,FWD,선셋 레드,5,5,3514
2027-06,southeast,AUR,2027,AUR-AI,스탠다드 레인지,FWD,포레스트 그린,3,3,2196
2027-06,southeast,AUR,2027,AUR-AI,스탠다드 레인지,FWD,샌드 베이지,3,3,2196
2027-06,southeast,AUR,2027,AUR-AI,롱레인지,AWD,스노우 화이트,35,36,23799
2027-06,southeast,AUR,2027,AUR-AI,롱레인지,AWD,미드나잇 블랙,28,28,18841
2027-06,southeast,AUR,2027,AUR-AI,롱레인지,AWD,스틸 그레이,23,24,15866
2027-06,southeast,AUR,2027,AUR-AI,롱레인지,AWD,실버,19,19,12891
2027-06,southeast,AUR,2027,AUR-AI,롱레인지,AWD,오션 블루,15,15,9916
2027-06,southeast,AUR,2027,AUR-AI,롱레인지,AWD,선셋 레드,12,12,7933
2027-06,southeast,AUR,2027,AUR-AI,롱레인지,AWD,포레스트 그린,7,7,4958
2027-06,southeast,AUR,2027,AUR-AI,롱레인지,AWD,샌드 베이지,7,7,4958
2027-06,southeast,AUR,2027,AUR-AI,롱레인지,FWD,스노우 화이트,40,41,27108
2027-06,southeast,AUR,2027,AUR-AI,롱레인지,FWD,미드나잇 블랙,32,32,21461
2027-06,southeast,AUR,2027,AUR-AI,롱레인지,FWD,스틸 그레이,27,27,18072
2027-06,southeast,AUR,2027,AUR-AI,롱레인지,FWD,실버,22,22,14684
2027-06,southeast,AUR,2027,AUR-AI,롱레인지,FWD,오션 블루,17,17,11295
2027-06,southeast,AUR,2027,AUR-AI,롱레인지,FWD,선셋 레드,13,14,9036
2027-06,southeast,AUR,2027,AUR-AI,롱레인지,FWD,포레스트 그린,8,8,5648
2027-06,southeast,AUR,2027,AUR-AI,롱레인지,FWD,샌드 베이지,8,8,5648
2027-06,southeast,AUR,2027,AUR-RA,스탠다드 레인지,AWD,스노우 화이트,16,16,14734
2027-06,southeast,AUR,2027,AUR-RA,스탠다드 레인지,AWD,미드나잇 블랙,13,13,11665
2027-06,southeast,AUR,2027,AUR-RA,스탠다드 레인지,AWD,스틸 그레이,11,11,9823
2027-06,southeast,AUR,2027,AUR-RA,스탠다드 레인지,AWD,실버,9,9,7981
2027-06,southeast,AUR,2027,AUR-RA,스탠다드 레인지,AWD,오션 블루,7,7,6139
2027-06,southeast,AUR,2027,AUR-RA,스탠다드 레인지,AWD,선셋 레드,5,5,4911
2027-06,southeast,AUR,2027,AUR-RA,스탠다드 레인지,AWD,포레스트 그린,3,3,3070
2027-06,southeast,AUR,2027,AUR-RA,스탠다드 레인지,AWD,샌드 베이지,3,3,3070
2027-06,southeast,AUR,2027,AUR-RA,스탠다드 레인지,FWD,스노우 화이트,18,18,16783
2027-06,southeast,AUR,2027,AUR-RA,스탠다드 레인지,FWD,미드나잇 블랙,14,15,13286
2027-06,southeast,AUR,2027,AUR-RA,스탠다드 레인지,FWD,스틸 그레이,12,12,11189
2027-06,southeast,AUR,2027,AUR-RA,스탠다드 레인지,FWD,실버,10,10,9091
2027-06,southeast,AUR,2027,AUR-RA,스탠다드 레인지,FWD,오션 블루,7,8,6993
2027-06,southeast,AUR,2027,AUR-RA,스탠다드 레인지,FWD,선셋 레드,6,6,5594
2027-06,southeast,AUR,2027,AUR-RA,스탠다드 레인지,FWD,포레스트 그린,4,4,3496
2027-06,southeast,AUR,2027,AUR-RA,스탠다드 레인지,FWD,샌드 베이지,4,4,3496
2027-06,southeast,AUR,2027,AUR-RA,롱레인지,AWD,스노우 화이트,41,41,37888
2027-06,southeast,AUR,2027,AUR-RA,롱레인지,AWD,미드나잇 블랙,32,33,29995
2027-06,southeast,AUR,2027,AUR-RA,롱레인지,AWD,스틸 그레이,27,28,25259
2027-06,southeast,AUR,2027,AUR-RA,롱레인지,AWD,실버,22,22,20523
2027-06,southeast,AUR,2027,AUR-RA,롱레인지,AWD,오션 블루,17,17,15787
2027-06,southeast,AUR,2027,AUR-RA,롱레인지,AWD,선셋 레드,14,14,12629
2027-06,southeast,AUR,2027,AUR-RA,롱레인지,AWD,포레스트 그린,8,9,7893
2027-06,southeast,AUR,2027,AUR-RA,롱레인지,AWD,샌드 베이지,8,9,7893
2027-06,southeast,AUR,2027,AUR-RA,롱레인지,FWD,스노우 화이트,46,47,43156
2027-06,southeast,AUR,2027,AUR-RA,롱레인지,FWD,미드나잇 블랙,37,37,34165
2027-06,southeast,AUR,2027,AUR-RA,롱레인지,FWD,스틸 그레이,31,31,28771
2027-06,southeast,AUR,2027,AUR-RA,롱레인지,FWD,실버,25,26,23376
2027-06,southeast,AUR,2027,AUR-RA,롱레인지,FWD,오션 블루,19,20,17982
2027-06,southeast,AUR,2027,AUR-RA,롱레인지,FWD,선셋 레드,15,16,14385
2027-06,southeast,AUR,2027,AUR-RA,롱레인지,FWD,포레스트 그린,10,10,8991
2027-06,southeast,AUR,2027,AUR-RA,롱레인지,FWD,샌드 베이지,10,10,8991
2027-06,southeast,AUR,2027,AUR-MA,스탠다드 레인지,AWD,스노우 화이트,6,7,8904
2027-06,southeast,AUR,2027,AUR-MA,스탠다드 레인지,AWD,미드나잇 블랙,5,5,7049
2027-06,southeast,AUR,2027,AUR-MA,스탠다드 레인지,AWD,스틸 그레이,4,4,5936
2027-06,southeast,AUR,2027,AUR-MA,스탠다드 레인지,AWD,실버,4,4,4823
2027-06,southeast,AUR,2027,AUR-MA,스탠다드 레인지,AWD,오션 블루,3,3,3710
2027-06,southeast,AUR,2027,AUR-MA,스탠다드 레인지,AWD,선셋 레드,2,2,2968
2027-06,southeast,AUR,2027,AUR-MA,스탠다드 레인지,AWD,포레스트 그린,1,1,1855
2027-06,southeast,AUR,2027,AUR-MA,스탠다드 레인지,AWD,샌드 베이지,1,1,1855
2027-06,southeast,AUR,2027,AUR-MA,스탠다드 레인지,FWD,스노우 화이트,7,8,10142
2027-06,southeast,AUR,2027,AUR-MA,스탠다드 레인지,FWD,미드나잇 블랙,6,6,8029
2027-06,southeast,AUR,2027,AUR-MA,스탠다드 레인지,FWD,스틸 그레이,5,5,6761
2027-06,southeast,AUR,2027,AUR-MA,스탠다드 레인지,FWD,실버,4,4,5494
2027-06,southeast,AUR,2027,AUR-MA,스탠다드 레인지,FWD,오션 블루,3,3,4226
2027-06,southeast,AUR,2027,AUR-MA,스탠다드 레인지,FWD,선셋 레드,2,3,3381
2027-06,southeast,AUR,2027,AUR-MA,스탠다드 레인지,FWD,포레스트 그린,2,2,2113
2027-06,southeast,AUR,2027,AUR-MA,스탠다드 레인지,FWD,샌드 베이지,2,2,2113
2027-06,southeast,AUR,2027,AUR-MA,롱레인지,AWD,스노우 화이트,17,17,22896
2027-06,southeast,AUR,2027,AUR-MA,롱레인지,AWD,미드나잇 블랙,13,13,18126
2027-06,southeast,AUR,2027,AUR-MA,롱레인지,AWD,스틸 그레이,11,11,15264
2027-06,southeast,AUR,2027,AUR-MA,롱레인지,AWD,실버,9,9,12402
2027-06,southeast,AUR,2027,AUR-MA,롱레인지,AWD,오션 블루,7,7,9540
2027-06,southeast,AUR,2027,AUR-MA,롱레인지,AWD,선셋 레드,6,6,7632
2027-06,southeast,AUR,2027,AUR-MA,롱레인지,AWD,포레스트 그린,3,4,4770
2027-06,southeast,AUR,2027,AUR-MA,롱레인지,AWD,샌드 베이지,3,4,4770
2027-06,southeast,AUR,2027,AUR-MA,롱레인지,FWD,스노우 화이트,19,19,26079
2027-06,southeast,AUR,2027,AUR-MA,롱레인지,FWD,미드나잇 블랙,15,15,20646
2027-06,southeast,AUR,2027,AUR-MA,롱레인지,FWD,스틸 그레이,13,13,17386
2027-06,southeast,AUR,2027,AUR-MA,롱레인지,FWD,실버,10,10,14126
2027-06,southeast,AUR,2027,AUR-MA,롱레인지,FWD,오션 블루,8,8,10866
2027-06,southeast,AUR,2027,AUR-MA,롱레인지,FWD,선셋 레드,6,6,8693
2027-06,southeast,AUR,2027,AUR-MA,롱레인지,FWD,포레스트 그린,4,4,5433
2027-06,southeast,AUR,2027,AUR-MA,롱레인지,FWD,샌드 베이지,4,4,5433
2027-06,west,MRD,2027,MRD-CO,2.0 가솔린,AWD,스노우 화이트,23,24,-4179
2027-06,west,MRD,2027,MRD-CO,2.0 가솔린,AWD,미드나잇 블랙,18,19,-3308
2027-06,west,MRD,2027,MRD-CO,2.0 가솔린,AWD,스틸 그레이,16,16,-2786
2027-06,west,MRD,2027,MRD-CO,2.0 가솔린,AWD,실버,13,13,-2263
2027-06,west,MRD,2027,MRD-CO,2.0 가솔린,AWD,오션 블루,10,10,-1741
2027-06,west,MRD,2027,MRD-CO,2.0 가솔린,AWD,선셋 레드,8,8,-1393
2027-06,west,MRD,2027,MRD-CO,2.0 가솔린,AWD,포레스트 그린,5,5,-871
2027-06,west,MRD,2027,MRD-CO,2.0 가솔린,AWD,샌드 베이지,5,5,-871
2027-06,west,MRD,2027,MRD-CO,2.0 가솔린,FWD,스노우 화이트,93,95,-16715
2027-06,west,MRD,2027,MRD-CO,2.0 가솔린,FWD,미드나잇 블랙,74,75,-13233
2027-06,west,MRD,2027,MRD-CO,2.0 가솔린,FWD,스틸 그레이,62,63,-11143
2027-06,west,MRD,2027,MRD-CO,2.0 가솔린,FWD,실버,51,52,-9054
2027-06,west,MRD,2027,MRD-CO,2.0 가솔린,FWD,오션 블루,39,40,-6965
2027-06,west,MRD,2027,MRD-CO,2.0 가솔린,FWD,선셋 레드,31,32,-5572
2027-06,west,MRD,2027,MRD-CO,2.0 가솔린,FWD,포레스트 그린,19,20,-3482
2027-06,west,MRD,2027,MRD-CO,2.0 가솔린,FWD,샌드 베이지,19,20,-3482
2027-06,west,MRD,2027,MRD-CO,1.6T 하이브리드,AWD,스노우 화이트,28,29,-5107
2027-06,west,MRD,2027,MRD-CO,1.6T 하이브리드,AWD,미드나잇 블랙,23,23,-4043
2027-06,west,MRD,2027,MRD-CO,1.6T 하이브리드,AWD,스틸 그레이,19,19,-3405
2027-06,west,MRD,2027,MRD-CO,1.6T 하이브리드,AWD,실버,15,16,-2766
2027-06,west,MRD,2027,MRD-CO,1.6T 하이브리드,AWD,오션 블루,12,12,-2128
2027-06,west,MRD,2027,MRD-CO,1.6T 하이브리드,AWD,선셋 레드,9,10,-1702
2027-06,west,MRD,2027,MRD-CO,1.6T 하이브리드,AWD,포레스트 그린,6,6,-1064
2027-06,west,MRD,2027,MRD-CO,1.6T 하이브리드,AWD,샌드 베이지,6,6,-1064
2027-06,west,MRD,2027,MRD-CO,1.6T 하이브리드,FWD,스노우 화이트,114,116,-20429
2027-06,west,MRD,2027,MRD-CO,1.6T 하이브리드,FWD,미드나잇 블랙,90,92,-16173
2027-06,west,MRD,2027,MRD-CO,1.6T 하이브리드,FWD,스틸 그레이,76,78,-13620
2027-06,west,MRD,2027,MRD-CO,1.6T 하이브리드,FWD,실버,62,63,-11066
2027-06,west,MRD,2027,MRD-CO,1.6T 하이브리드,FWD,오션 블루,47,48,-8512
2027-06,west,MRD,2027,MRD-CO,1.6T 하이브리드,FWD,선셋 레드,38,39,-6810
2027-06,west,MRD,2027,MRD-CO,1.6T 하이브리드,FWD,포레스트 그린,24,24,-4256
2027-06,west,MRD,2027,MRD-CO,1.6T 하이브리드,FWD,샌드 베이지,24,24,-4256
2027-06,west,MRD,2027,MRD-PR,2.0 가솔린,AWD,스노우 화이트,27,28,919
2027-06,west,MRD,2027,MRD-PR,2.0 가솔린,AWD,미드나잇 블랙,21,22,728
2027-06,west,MRD,2027,MRD-PR,2.0 가솔린,AWD,스틸 그레이,18,18,613
2027-06,west,MRD,2027,MRD-PR,2.0 가솔린,AWD,실버,15,15,498
2027-06,west,MRD,2027,MRD-PR,2.0 가솔린,AWD,오션 블루,11,11,383
2027-06,west,MRD,2027,MRD-PR,2.0 가솔린,AWD,선셋 레드,9,9,306
2027-06,west,MRD,2027,MRD-PR,2.0 가솔린,AWD,포레스트 그린,6,6,191
2027-06,west,MRD,2027,MRD-PR,2.0 가솔린,AWD,샌드 베이지,6,6,191
2027-06,west,MRD,2027,MRD-PR,2.0 가솔린,FWD,스노우 화이트,108,110,3676
2027-06,west,MRD,2027,MRD-PR,2.0 가솔린,FWD,미드나잇 블랙,85,87,2910
2027-06,west,MRD,2027,MRD-PR,2.0 가솔린,FWD,스틸 그레이,72,73,2451
2027-06,west,MRD,2027,MRD-PR,2.0 가솔린,FWD,실버,58,60,1991
2027-06,west,MRD,2027,MRD-PR,2.0 가솔린,FWD,오션 블루,45,46,1532
2027-06,west,MRD,2027,MRD-PR,2.0 가솔린,FWD,선셋 레드,36,37,1225
2027-06,west,MRD,2027,MRD-PR,2.0 가솔린,FWD,포레스트 그린,22,23,766
2027-06,west,MRD,2027,MRD-PR,2.0 가솔린,FWD,샌드 베이지,22,23,766
2027-06,west,MRD,2027,MRD-PR,1.6T 하이브리드,AWD,스노우 화이트,33,34,1123
2027-06,west,MRD,2027,MRD-PR,1.6T 하이브리드,AWD,미드나잇 블랙,26,27,889
2027-06,west,MRD,2027,MRD-PR,1.6T 하이브리드,AWD,스틸 그레이,22,22,749
2027-06,west,MRD,2027,MRD-PR,1.6T 하이브리드,AWD,실버,18,18,608
2027-06,west,MRD,2027,MRD-PR,1.6T 하이브리드,AWD,오션 블루,14,14,468
2027-06,west,MRD,2027,MRD-PR,1.6T 하이브리드,AWD,선셋 레드,11,11,374
2027-06,west,MRD,2027,MRD-PR,1.6T 하이브리드,AWD,포레스트 그린,7,7,234
2027-06,west,MRD,2027,MRD-PR,1.6T 하이브리드,AWD,샌드 베이지,7,7,234
2027-06,west,MRD,2027,MRD-PR,1.6T 하이브리드,FWD,스노우 화이트,132,135,4493
2027-06,west,MRD,2027,MRD-PR,1.6T 하이브리드,FWD,미드나잇 블랙,104,107,3557
2027-06,west,MRD,2027,MRD-PR,1.6T 하이브리드,FWD,스틸 그레이,88,90,2996
2027-06,west,MRD,2027,MRD-PR,1.6T 하이브리드,FWD,실버,71,73,2434
2027-06,west,MRD,2027,MRD-PR,1.6T 하이브리드,FWD,오션 블루,55,56,1872
2027-06,west,MRD,2027,MRD-PR,1.6T 하이브리드,FWD,선셋 레드,44,45,1498
2027-06,west,MRD,2027,MRD-PR,1.6T 하이브리드,FWD,포레스트 그린,27,28,936
2027-06,west,MRD,2027,MRD-PR,1.6T 하이브리드,FWD,샌드 베이지,27,28,936
2027-06,west,MRD,2027,MRD-SP,2.0 가솔린,AWD,스노우 화이트,11,11,4498
2027-06,west,MRD,2027,MRD-SP,2.0 가솔린,AWD,미드나잇 블랙,9,9,3561
2027-06,west,MRD,2027,MRD-SP,2.0 가솔린,AWD,스틸 그레이,7,8,2999
2027-06,west,MRD,2027,MRD-SP,2.0 가솔린,AWD,실버,6,6,2436
2027-06,west,MRD,2027,MRD-SP,2.0 가솔린,AWD,오션 블루,5,5,1874
2027-06,west,MRD,2027,MRD-SP,2.0 가솔린,AWD,선셋 레드,4,4,1499
2027-06,west,MRD,2027,MRD-SP,2.0 가솔린,AWD,포레스트 그린,2,2,937
2027-06,west,MRD,2027,MRD-SP,2.0 가솔린,AWD,샌드 베이지,2,2,937
2027-06,west,MRD,2027,MRD-SP,2.0 가솔린,FWD,스노우 화이트,44,45,17992
2027-06,west,MRD,2027,MRD-SP,2.0 가솔린,FWD,미드나잇 블랙,35,36,14243
2027-06,west,MRD,2027,MRD-SP,2.0 가솔린,FWD,스틸 그레이,29,30,11994
2027-06,west,MRD,2027,MRD-SP,2.0 가솔린,FWD,실버,24,24,9745
2027-06,west,MRD,2027,MRD-SP,2.0 가솔린,FWD,오션 블루,18,19,7497
2027-06,west,MRD,2027,MRD-SP,2.0 가솔린,FWD,선셋 레드,15,15,5997
2027-06,west,MRD,2027,MRD-SP,2.0 가솔린,FWD,포레스트 그린,9,9,3748
2027-06,west,MRD,2027,MRD-SP,2.0 가솔린,FWD,샌드 베이지,9,9,3748
2027-06,west,MRD,2027,MRD-SP,1.6T 하이브리드,AWD,스노우 화이트,13,14,5497
2027-06,west,MRD,2027,MRD-SP,1.6T 하이브리드,AWD,미드나잇 블랙,11,11,4352
2027-06,west,MRD,2027,MRD-SP,1.6T 하이브리드,AWD,스틸 그레이,9,9,3665
2027-06,west,MRD,2027,MRD-SP,1.6T 하이브리드,AWD,실버,7,7,2978
2027-06,west,MRD,2027,MRD-SP,1.6T 하이브리드,AWD,오션 블루,6,6,2291
2027-06,west,MRD,2027,MRD-SP,1.6T 하이브리드,AWD,선셋 레드,4,5,1832
2027-06,west,MRD,2027,MRD-SP,1.6T 하이브리드,AWD,포레스트 그린,3,3,1145
2027-06,west,MRD,2027,MRD-SP,1.6T 하이브리드,AWD,샌드 베이지,3,3,1145
2027-06,west,MRD,2027,MRD-SP,1.6T 하이브리드,FWD,스노우 화이트,54,55,21990
2027-06,west,MRD,2027,MRD-SP,1.6T 하이브리드,FWD,미드나잇 블랙,43,44,17409
2027-06,west,MRD,2027,MRD-SP,1.6T 하이브리드,FWD,스틸 그레이,36,37,14660
2027-06,west,MRD,2027,MRD-SP,1.6T 하이브리드,FWD,실버,29,30,11911
2027-06,west,MRD,2027,MRD-SP,1.6T 하이브리드,FWD,오션 블루,22,23,9162
2027-06,west,MRD,2027,MRD-SP,1.6T 하이브리드,FWD,선셋 레드,18,18,7330
2027-06,west,MRD,2027,MRD-SP,1.6T 하이브리드,FWD,포레스트 그린,11,11,4581
2027-06,west,MRD,2027,MRD-SP,1.6T 하이브리드,FWD,샌드 베이지,11,11,4581
2027-06,central,MRD,2027,MRD-CO,2.0 가솔린,AWD,스노우 화이트,18,18,-3142
2027-06,central,MRD,2027,MRD-CO,2.0 가솔린,AWD,미드나잇 블랙,14,14,-2487
2027-06,central,MRD,2027,MRD-CO,2.0 가솔린,AWD,스틸 그레이,12,12,-2095
2027-06,central,MRD,2027,MRD-CO,2.0 가솔린,AWD,실버,9,10,-1702
2027-06,central,MRD,2027,MRD-CO,2.0 가솔린,AWD,오션 블루,7,7,-1309
2027-06,central,MRD,2027,MRD-CO,2.0 가솔린,AWD,선셋 레드,6,6,-1047
2027-06,central,MRD,2027,MRD-CO,2.0 가솔린,AWD,포레스트 그린,4,4,-655
2027-06,central,MRD,2027,MRD-CO,2.0 가솔린,AWD,샌드 베이지,4,4,-655
2027-06,central,MRD,2027,MRD-CO,2.0 가솔린,FWD,스노우 화이트,59,60,-10519
2027-06,central,MRD,2027,MRD-CO,2.0 가솔린,FWD,미드나잇 블랙,46,47,-8328
2027-06,central,MRD,2027,MRD-CO,2.0 가솔린,FWD,스틸 그레이,39,40,-7013
2027-06,central,MRD,2027,MRD-CO,2.0 가솔린,FWD,실버,32,32,-5698
2027-06,central,MRD,2027,MRD-CO,2.0 가솔린,FWD,오션 블루,24,25,-4383
2027-06,central,MRD,2027,MRD-CO,2.0 가솔린,FWD,선셋 레드,20,20,-3506
2027-06,central,MRD,2027,MRD-CO,2.0 가솔린,FWD,포레스트 그린,12,12,-2191
2027-06,central,MRD,2027,MRD-CO,2.0 가솔린,FWD,샌드 베이지,12,12,-2191
2027-06,central,MRD,2027,MRD-CO,1.6T 하이브리드,AWD,스노우 화이트,21,22,-3840
2027-06,central,MRD,2027,MRD-CO,1.6T 하이브리드,AWD,미드나잇 블랙,17,17,-3040
2027-06,central,MRD,2027,MRD-CO,1.6T 하이브리드,AWD,스틸 그레이,14,15,-2560
2027-06,central,MRD,2027,MRD-CO,1.6T 하이브리드,AWD,실버,12,12,-2080
2027-06,central,MRD,2027,MRD-CO,1.6T 하이브리드,AWD,오션 블루,9,9,-1600
2027-06,central,MRD,2027,MRD-CO,1.6T 하이브리드,AWD,선셋 레드,7,7,-1280
2027-06,central,MRD,2027,MRD-CO,1.6T 하이브리드,AWD,포레스트 그린,4,5,-800
2027-06,central,MRD,2027,MRD-CO,1.6T 하이브리드,AWD,샌드 베이지,4,5,-800
2027-06,central,MRD,2027,MRD-CO,1.6T 하이브리드,FWD,스노우 화이트,72,73,-12857
2027-06,central,MRD,2027,MRD-CO,1.6T 하이브리드,FWD,미드나잇 블랙,57,58,-10178
2027-06,central,MRD,2027,MRD-CO,1.6T 하이브리드,FWD,스틸 그레이,48,49,-8571
2027-06,central,MRD,2027,MRD-CO,1.6T 하이브리드,FWD,실버,39,40,-6964
2027-06,central,MRD,2027,MRD-CO,1.6T 하이브리드,FWD,오션 블루,30,30,-5357
2027-06,central,MRD,2027,MRD-CO,1.6T 하이브리드,FWD,선셋 레드,24,24,-4286
2027-06,central,MRD,2027,MRD-CO,1.6T 하이브리드,FWD,포레스트 그린,15,15,-2678
2027-06,central,MRD,2027,MRD-CO,1.6T 하이브리드,FWD,샌드 베이지,15,15,-2678
2027-06,central,MRD,2027,MRD-PR,2.0 가솔린,AWD,스노우 화이트,20,21,691
2027-06,central,MRD,2027,MRD-PR,2.0 가솔린,AWD,미드나잇 블랙,16,16,547
2027-06,central,MRD,2027,MRD-PR,2.0 가솔린,AWD,스틸 그레이,14,14,461
2027-06,central,MRD,2027,MRD-PR,2.0 가솔린,AWD,실버,11,11,374
2027-06,central,MRD,2027,MRD-PR,2.0 가솔린,AWD,오션 블루,8,9,288
2027-06,central,MRD,2027,MRD-PR,2.0 가솔린,AWD,선셋 레드,7,7,230
2027-06,central,MRD,2027,MRD-PR,2.0 가솔린,AWD,포레스트 그린,4,4,144
2027-06,central,MRD,2027,MRD-PR,2.0 가솔린,AWD,샌드 베이지,4,4,144
2027-06,central,MRD,2027,MRD-PR,2.0 가솔린,FWD,스노우 화이트,68,69,2314
2027-06,central,MRD,2027,MRD-PR,2.0 가솔린,FWD,미드나잇 블랙,54,55,1832
2027-06,central,MRD,2027,MRD-PR,2.0 가솔린,FWD,스틸 그레이,45,46,1542
2027-06,central,MRD,2027,MRD-PR,2.0 가솔린,FWD,실버,37,38,1253
2027-06,central,MRD,2027,MRD-PR,2.0 가솔린,FWD,오션 블루,28,29,964
2027-06,central,MRD,2027,MRD-PR,2.0 가솔린,FWD,선셋 레드,23,23,771
2027-06,central,MRD,2027,MRD-PR,2.0 가솔린,FWD,포레스트 그린,14,14,482
2027-06,central,MRD,2027,MRD-PR,2.0 가솔린,FWD,샌드 베이지,14,14,482
2027-06,central,MRD,2027,MRD-PR,1.6T 하이브리드,AWD,스노우 화이트,25,25,845
2027-06,central,MRD,2027,MRD-PR,1.6T 하이브리드,AWD,미드나잇 블랙,20,20,669
2027-06,central,MRD,2027,MRD-PR,1.6T 하이브리드,AWD,스틸 그레이,17,17,563
2027-06,central,MRD,2027,MRD-PR,1.6T 하이브리드,AWD,실버,13,14,458
2027-06,central,MRD,2027,MRD-PR,1.6T 하이브리드,AWD,오션 블루,10,11,352
2027-06,central,MRD,2027,MRD-PR,1.6T 하이브리드,AWD,선셋 레드,8,8,282
2027-06,central,MRD,2027,MRD-PR,1.6T 하이브리드,AWD,포레스트 그린,5,5,176
2027-06,central,MRD,2027,MRD-PR,1.6T 하이브리드,AWD,샌드 베이지,5,5,176
2027-06,central,MRD,2027,MRD-PR,1.6T 하이브리드,FWD,스노우 화이트,83,85,2828
2027-06,central,MRD,2027,MRD-PR,1.6T 하이브리드,FWD,미드나잇 블랙,66,67,2239
2027-06,central,MRD,2027,MRD-PR,1.6T 하이브리드,FWD,스틸 그레이,55,56,1885
2027-06,central,MRD,2027,MRD-PR,1.6T 하이브리드,FWD,실버,45,46,1532
2027-06,central,MRD,2027,MRD-PR,1.6T 하이브리드,FWD,오션 블루,35,35,1178
2027-06,central,MRD,2027,MRD-PR,1.6T 하이브리드,FWD,선셋 레드,28,28,943
2027-06,central,MRD,2027,MRD-PR,1.6T 하이브리드,FWD,포레스트 그린,17,18,589
2027-06,central,MRD,2027,MRD-PR,1.6T 하이브리드,FWD,샌드 베이지,17,18,589
2027-06,central,MRD,2027,MRD-SP,2.0 가솔린,AWD,스노우 화이트,8,8,3382
2027-06,central,MRD,2027,MRD-SP,2.0 가솔린,AWD,미드나잇 블랙,7,7,2677
2027-06,central,MRD,2027,MRD-SP,2.0 가솔린,AWD,스틸 그레이,6,6,2255
2027-06,central,MRD,2027,MRD-SP,2.0 가솔린,AWD,실버,4,5,1832
2027-06,central,MRD,2027,MRD-SP,2.0 가솔린,AWD,오션 블루,3,4,1409
2027-06,central,MRD,2027,MRD-SP,2.0 가솔린,AWD,선셋 레드,3,3,1127
2027-06,central,MRD,2027,MRD-SP,2.0 가솔린,AWD,포레스트 그린,2,2,705
2027-06,central,MRD,2027,MRD-SP,2.0 가솔린,AWD,샌드 베이지,2,2,705
2027-06,central,MRD,2027,MRD-SP,2.0 가솔린,FWD,스노우 화이트,28,28,11323
2027-06,central,MRD,2027,MRD-SP,2.0 가솔린,FWD,미드나잇 블랙,22,22,8964
2027-06,central,MRD,2027,MRD-SP,2.0 가솔린,FWD,스틸 그레이,19,19,7548
2027-06,central,MRD,2027,MRD-SP,2.0 가솔린,FWD,실버,15,15,6133
2027-06,central,MRD,2027,MRD-SP,2.0 가솔린,FWD,오션 블루,12,12,4718
2027-06,central,MRD,2027,MRD-SP,2.0 가솔린,FWD,선셋 레드,9,9,3774
2027-06,central,MRD,2027,MRD-SP,2.0 가솔린,FWD,포레스트 그린,6,6,2359
2027-06,central,MRD,2027,MRD-SP,2.0 가솔린,FWD,샌드 베이지,6,6,2359
2027-06,central,MRD,2027,MRD-SP,1.6T 하이브리드,AWD,스노우 화이트,10,10,4134
2027-06,central,MRD,2027,MRD-SP,1.6T 하이브리드,AWD,미드나잇 블랙,8,8,3272
2027-06,central,MRD,2027,MRD-SP,1.6T 하이브리드,AWD,스틸 그레이,7,7,2756
2027-06,central,MRD,2027,MRD-SP,1.6T 하이브리드,AWD,실버,5,6,2239
2027-06,central,MRD,2027,MRD-SP,1.6T 하이브리드,AWD,오션 블루,4,4,1722
2027-06,central,MRD,2027,MRD-SP,1.6T 하이브리드,AWD,선셋 레드,3,3,1378
2027-06,central,MRD,2027,MRD-SP,1.6T 하이브리드,AWD,포레스트 그린,2,2,861
2027-06,central,MRD,2027,MRD-SP,1.6T 하이브리드,AWD,샌드 베이지,2,2,861
2027-06,central,MRD,2027,MRD-SP,1.6T 하이브리드,FWD,스노우 화이트,34,35,13839
2027-06,central,MRD,2027,MRD-SP,1.6T 하이브리드,FWD,미드나잇 블랙,27,27,10956
2027-06,central,MRD,2027,MRD-SP,1.6T 하이브리드,FWD,스틸 그레이,23,23,9226
2027-06,central,MRD,2027,MRD-SP,1.6T 하이브리드,FWD,실버,18,19,7496
2027-06,central,MRD,2027,MRD-SP,1.6T 하이브리드,FWD,오션 블루,14,14,5766
2027-06,central,MRD,2027,MRD-SP,1.6T 하이브리드,FWD,선셋 레드,11,12,4613
2027-06,central,MRD,2027,MRD-SP,1.6T 하이브리드,FWD,포레스트 그린,7,7,2883
2027-06,central,MRD,2027,MRD-SP,1.6T 하이브리드,FWD,샌드 베이지,7,7,2883
2027-06,south,MRD,2027,MRD-CO,2.0 가솔린,AWD,스노우 화이트,14,14,-2546
2027-06,south,MRD,2027,MRD-CO,2.0 가솔린,AWD,미드나잇 블랙,11,11,-2015
2027-06,south,MRD,2027,MRD-CO,2.0 가솔린,AWD,스틸 그레이,9,10,-1697
2027-06,south,MRD,2027,MRD-CO,2.0 가솔린,AWD,실버,8,8,-1379
2027-06,south,MRD,2027,MRD-CO,2.0 가솔린,AWD,오션 블루,6,6,-1061
2027-06,south,MRD,2027,MRD-CO,2.0 가솔린,AWD,선셋 레드,5,5,-849
2027-06,south,MRD,2027,MRD-CO,2.0 가솔린,AWD,포레스트 그린,3,3,-530
2027-06,south,MRD,2027,MRD-CO,2.0 가솔린,AWD,샌드 베이지,3,3,-530
2027-06,south,MRD,2027,MRD-CO,2.0 가솔린,FWD,스노우 화이트,84,86,-15133
2027-06,south,MRD,2027,MRD-CO,2.0 가솔린,FWD,미드나잇 블랙,67,68,-11981
2027-06,south,MRD,2027,MRD-CO,2.0 가솔린,FWD,스틸 그레이,56,57,-10089
2027-06,south,MRD,2027,MRD-CO,2.0 가솔린,FWD,실버,46,47,-8197
2027-06,south,MRD,2027,MRD-CO,2.0 가솔린,FWD,오션 블루,35,36,-6306
2027-06,south,MRD,2027,MRD-CO,2.0 가솔린,FWD,선셋 레드,28,29,-5044
2027-06,south,MRD,2027,MRD-CO,2.0 가솔린,FWD,포레스트 그린,18,18,-3153
2027-06,south,MRD,2027,MRD-CO,2.0 가솔린,FWD,샌드 베이지,18,18,-3153
2027-06,south,MRD,2027,MRD-CO,1.6T 하이브리드,AWD,스노우 화이트,17,18,-3112
2027-06,south,MRD,2027,MRD-CO,1.6T 하이브리드,AWD,미드나잇 블랙,14,14,-2463
2027-06,south,MRD,2027,MRD-CO,1.6T 하이브리드,AWD,스틸 그레이,12,12,-2074
2027-06,south,MRD,2027,MRD-CO,1.6T 하이브리드,AWD,실버,9,10,-1685
2027-06,south,MRD,2027,MRD-CO,1.6T 하이브리드,AWD,오션 블루,7,7,-1296
2027-06,south,MRD,2027,MRD-CO,1.6T 하이브리드,AWD,선셋 레드,6,6,-1037
2027-06,south,MRD,2027,MRD-CO,1.6T 하이브리드,AWD,포레스트 그린,4,4,-648
2027-06,south,MRD,2027,MRD-CO,1.6T 하이브리드,AWD,샌드 베이지,4,4,-648
2027-06,south,MRD,2027,MRD-CO,1.6T 하이브리드,FWD,스노우 화이트,103,105,-18496
2027-06,south,MRD,2027,MRD-CO,1.6T 하이브리드,FWD,미드나잇 블랙,82,83,-14643
2027-06,south,MRD,2027,MRD-CO,1.6T 하이브리드,FWD,스틸 그레이,69,70,-12331
2027-06,south,MRD,2027,MRD-CO,1.6T 하이브리드,FWD,실버,56,57,-10019
2027-06,south,MRD,2027,MRD-CO,1.6T 하이브리드,FWD,오션 블루,43,44,-7707
2027-06,south,MRD,2027,MRD-CO,1.6T 하이브리드,FWD,선셋 레드,34,35,-6165
2027-06,south,MRD,2027,MRD-CO,1.6T 하이브리드,FWD,포레스트 그린,22,22,-3853
2027-06,south,MRD,2027,MRD-CO,1.6T 하이브리드,FWD,샌드 베이지,22,22,-3853
2027-06,south,MRD,2027,MRD-PR,2.0 가솔린,AWD,스노우 화이트,16,17,560
2027-06,south,MRD,2027,MRD-PR,2.0 가솔린,AWD,미드나잇 블랙,13,13,443
2027-06,south,MRD,2027,MRD-PR,2.0 가솔린,AWD,스틸 그레이,11,11,373
2027-06,south,MRD,2027,MRD-PR,2.0 가솔린,AWD,실버,9,9,303
2027-06,south,MRD,2027,MRD-PR,2.0 가솔린,AWD,오션 블루,7,7,233
2027-06,south,MRD,2027,MRD-PR,2.0 가솔린,AWD,선셋 레드,5,6,187
2027-06,south,MRD,2027,MRD-PR,2.0 가솔린,AWD,포레스트 그린,3,3,117
2027-06,south,MRD,2027,MRD-PR,2.0 가솔린,AWD,샌드 베이지,3,3,117
2027-06,south,MRD,2027,MRD-PR,2.0 가솔린,FWD,스노우 화이트,98,100,3328
2027-06,south,MRD,2027,MRD-PR,2.0 가솔린,FWD,미드나잇 블랙,77,79,2635
2027-06,south,MRD,2027,MRD-PR,2.0 가솔린,FWD,스틸 그레이,65,66,2219
2027-06,south,MRD,2027,MRD-PR,2.0 가솔린,FWD,실버,53,54,1803
2027-06,south,MRD,2027,MRD-PR,2.0 가솔린,FWD,오션 블루,41,42,1387
2027-06,south,MRD,2027,MRD-PR,2.0 가솔린,FWD,선셋 레드,33,33,1109
2027-06,south,MRD,2027,MRD-PR,2.0 가솔린,FWD,포레스트 그린,20,21,693
2027-06,south,MRD,2027,MRD-PR,2.0 가솔린,FWD,샌드 베이지,20,21,693
2027-06,south,MRD,2027,MRD-PR,1.6T 하이브리드,AWD,스노우 화이트,20,21,684
2027-06,south,MRD,2027,MRD-PR,1.6T 하이브리드,AWD,미드나잇 블랙,16,16,542
2027-06,south,MRD,2027,MRD-PR,1.6T 하이브리드,AWD,스틸 그레이,13,14,456
2027-06,south,MRD,2027,MRD-PR,1.6T 하이브리드,AWD,실버,11,11,371
2027-06,south,MRD,2027,MRD-PR,1.6T 하이브리드,AWD,오션 블루,8,9,285
2027-06,south,MRD,2027,MRD-PR,1.6T 하이브리드,AWD,선셋 레드,7,7,228
2027-06,south,MRD,2027,MRD-PR,1.6T 하이브리드,AWD,포레스트 그린,4,4,143
2027-06,south,MRD,2027,MRD-PR,1.6T 하이브리드,AWD,샌드 베이지,4,4,143
2027-06,south,MRD,2027,MRD-PR,1.6T 하이브리드,FWD,스노우 화이트,119,122,4068
2027-06,south,MRD,2027,MRD-PR,1.6T 하이브리드,FWD,미드나잇 블랙,95,96,3221
2027-06,south,MRD,2027,MRD-PR,1.6T 하이브리드,FWD,스틸 그레이,80,81,2712
2027-06,south,MRD,2027,MRD-PR,1.6T 하이브리드,FWD,실버,65,66,2204
2027-06,south,MRD,2027,MRD-PR,1.6T 하이브리드,FWD,오션 블루,50,51,1695
2027-06,south,MRD,2027,MRD-PR,1.6T 하이브리드,FWD,선셋 레드,40,41,1356
2027-06,south,MRD,2027,MRD-PR,1.6T 하이브리드,FWD,포레스트 그린,25,25,848
2027-06,south,MRD,2027,MRD-PR,1.6T 하이브리드,FWD,샌드 베이지,25,25,848
2027-06,south,MRD,2027,MRD-SP,2.0 가솔린,AWD,스노우 화이트,7,7,2740
2027-06,south,MRD,2027,MRD-SP,2.0 가솔린,AWD,미드나잇 블랙,5,5,2169
2027-06,south,MRD,2027,MRD-SP,2.0 가솔린,AWD,스틸 그레이,4,5,1827
2027-06,south,MRD,2027,MRD-SP,2.0 가솔린,AWD,실버,4,4,1484
2027-06,south,MRD,2027,MRD-SP,2.0 가솔린,AWD,오션 블루,3,3,1142
2027-06,south,MRD,2027,MRD-SP,2.0 가솔린,AWD,선셋 레드,2,2,913
2027-06,south,MRD,2027,MRD-SP,2.0 가솔린,AWD,포레스트 그린,1,1,571
2027-06,south,MRD,2027,MRD-SP,2.0 가솔린,AWD,샌드 베이지,1,1,571
2027-06,south,MRD,2027,MRD-SP,2.0 가솔린,FWD,스노우 화이트,40,41,16289
2027-06,south,MRD,2027,MRD-SP,2.0 가솔린,FWD,미드나잇 블랙,32,32,12896
2027-06,south,MRD,2027,MRD-SP,2.0 가솔린,FWD,스틸 그레이,27,27,10860
2027-06,south,MRD,2027,MRD-SP,2.0 가솔린,FWD,실버,22,22,8823
2027-06,south,MRD,2027,MRD-SP,2.0 가솔린,FWD,오션 블루,17,17,6787
2027-06,south,MRD,2027,MRD-SP,2.0 가솔린,FWD,선셋 레드,13,14,5430
2027-06,south,MRD,2027,MRD-SP,2.0 가솔린,FWD,포레스트 그린,8,8,3394
2027-06,south,MRD,2027,MRD-SP,2.0 가솔린,FWD,샌드 베이지,8,8,3394
2027-06,south,MRD,2027,MRD-SP,1.6T 하이브리드,AWD,스노우 화이트,8,8,3349
2027-06,south,MRD,2027,MRD-SP,1.6T 하이브리드,AWD,미드나잇 블랙,7,7,2651
2027-06,south,MRD,2027,MRD-SP,1.6T 하이브리드,AWD,스틸 그레이,5,6,2233
2027-06,south,MRD,2027,MRD-SP,1.6T 하이브리드,AWD,실버,4,5,1814
2027-06,south,MRD,2027,MRD-SP,1.6T 하이브리드,AWD,오션 블루,3,3,1396
2027-06,south,MRD,2027,MRD-SP,1.6T 하이브리드,AWD,선셋 레드,3,3,1116
2027-06,south,MRD,2027,MRD-SP,1.6T 하이브리드,AWD,포레스트 그린,2,2,698
2027-06,south,MRD,2027,MRD-SP,1.6T 하이브리드,AWD,샌드 베이지,2,2,698
2027-06,south,MRD,2027,MRD-SP,1.6T 하이브리드,FWD,스노우 화이트,49,50,19909
2027-06,south,MRD,2027,MRD-SP,1.6T 하이브리드,FWD,미드나잇 블랙,39,39,15761
2027-06,south,MRD,2027,MRD-SP,1.6T 하이브리드,FWD,스틸 그레이,33,33,13273
2027-06,south,MRD,2027,MRD-SP,1.6T 하이브리드,FWD,실버,26,27,10784
2027-06,south,MRD,2027,MRD-SP,1.6T 하이브리드,FWD,오션 블루,20,21,8296
2027-06,south,MRD,2027,MRD-SP,1.6T 하이브리드,FWD,선셋 레드,16,17,6636
2027-06,south,MRD,2027,MRD-SP,1.6T 하이브리드,FWD,포레스트 그린,10,10,4148
2027-06,south,MRD,2027,MRD-SP,1.6T 하이브리드,FWD,샌드 베이지,10,10,4148
2027-06,northeast,MRD,2027,MRD-CO,2.0 가솔린,AWD,스노우 화이트,20,20,-3552
2027-06,northeast,MRD,2027,MRD-CO,2.0 가솔린,AWD,미드나잇 블랙,16,16,-2812
2027-06,northeast,MRD,2027,MRD-CO,2.0 가솔린,AWD,스틸 그레이,13,13,-2368
2027-06,northeast,MRD,2027,MRD-CO,2.0 가솔린,AWD,실버,11,11,-1924
2027-06,northeast,MRD,2027,MRD-CO,2.0 가솔린,AWD,오션 블루,8,8,-1480
2027-06,northeast,MRD,2027,MRD-CO,2.0 가솔린,AWD,선셋 레드,7,7,-1184
2027-06,northeast,MRD,2027,MRD-CO,2.0 가솔린,AWD,포레스트 그린,4,4,-740
2027-06,northeast,MRD,2027,MRD-CO,2.0 가솔린,AWD,샌드 베이지,4,4,-740
2027-06,northeast,MRD,2027,MRD-CO,2.0 가솔린,FWD,스노우 화이트,56,58,-10109
2027-06,northeast,MRD,2027,MRD-CO,2.0 가솔린,FWD,미드나잇 블랙,45,46,-8003
2027-06,northeast,MRD,2027,MRD-CO,2.0 가솔린,FWD,스틸 그레이,38,38,-6740
2027-06,northeast,MRD,2027,MRD-CO,2.0 가솔린,FWD,실버,31,31,-5476
2027-06,northeast,MRD,2027,MRD-CO,2.0 가솔린,FWD,오션 블루,24,24,-4212
2027-06,northeast,MRD,2027,MRD-CO,2.0 가솔린,FWD,선셋 레드,19,19,-3370
2027-06,northeast,MRD,2027,MRD-CO,2.0 가솔린,FWD,포레스트 그린,12,12,-2106
2027-06,northeast,MRD,2027,MRD-CO,2.0 가솔린,FWD,샌드 베이지,12,12,-2106
2027-06,northeast,MRD,2027,MRD-CO,1.6T 하이브리드,AWD,스노우 화이트,24,25,-4341
2027-06,northeast,MRD,2027,MRD-CO,1.6T 하이브리드,AWD,미드나잇 블랙,19,20,-3437
2027-06,northeast,MRD,2027,MRD-CO,1.6T 하이브리드,AWD,스틸 그레이,16,16,-2894
2027-06,northeast,MRD,2027,MRD-CO,1.6T 하이브리드,AWD,실버,13,13,-2352
2027-06,northeast,MRD,2027,MRD-CO,1.6T 하이브리드,AWD,오션 블루,10,10,-1809
2027-06,northeast,MRD,2027,MRD-CO,1.6T 하이브리드,AWD,선셋 레드,8,8,-1447
2027-06,northeast,MRD,2027,MRD-CO,1.6T 하이브리드,AWD,포레스트 그린,5,5,-904
2027-06,northeast,MRD,2027,MRD-CO,1.6T 하이브리드,AWD,샌드 베이지,5,5,-904
2027-06,northeast,MRD,2027,MRD-CO,1.6T 하이브리드,FWD,스노우 화이트,69,70,-12356
2027-06,northeast,MRD,2027,MRD-CO,1.6T 하이브리드,FWD,미드나잇 블랙,55,56,-9782
2027-06,northeast,MRD,2027,MRD-CO,1.6T 하이브리드,FWD,스틸 그레이,46,47,-8237
2027-06,northeast,MRD,2027,MRD-CO,1.6T 하이브리드,FWD,실버,37,38,-6693
2027-06,northeast,MRD,2027,MRD-CO,1.6T 하이브리드,FWD,오션 블루,29,29,-5148
2027-06,northeast,MRD,2027,MRD-CO,1.6T 하이브리드,FWD,선셋 레드,23,23,-4119
2027-06,northeast,MRD,2027,MRD-CO,1.6T 하이브리드,FWD,포레스트 그린,14,15,-2574
2027-06,northeast,MRD,2027,MRD-CO,1.6T 하이브리드,FWD,샌드 베이지,14,15,-2574
2027-06,northeast,MRD,2027,MRD-PR,2.0 가솔린,AWD,스노우 화이트,23,23,781
2027-06,northeast,MRD,2027,MRD-PR,2.0 가솔린,AWD,미드나잇 블랙,18,19,618
2027-06,northeast,MRD,2027,MRD-PR,2.0 가솔린,AWD,스틸 그레이,15,16,521
2027-06,northeast,MRD,2027,MRD-PR,2.0 가솔린,AWD,실버,12,13,423
2027-06,northeast,MRD,2027,MRD-PR,2.0 가솔린,AWD,오션 블루,10,10,326
2027-06,northeast,MRD,2027,MRD-PR,2.0 가솔린,AWD,선셋 레드,8,8,260
2027-06,northeast,MRD,2027,MRD-PR,2.0 가솔린,AWD,포레스트 그린,5,5,163
2027-06,northeast,MRD,2027,MRD-PR,2.0 가솔린,AWD,샌드 베이지,5,5,163
2027-06,northeast,MRD,2027,MRD-PR,2.0 가솔린,FWD,스노우 화이트,65,67,2223
2027-06,northeast,MRD,2027,MRD-PR,2.0 가솔린,FWD,미드나잇 블랙,52,53,1760
2027-06,northeast,MRD,2027,MRD-PR,2.0 가솔린,FWD,스틸 그레이,44,44,1482
2027-06,northeast,MRD,2027,MRD-PR,2.0 가솔린,FWD,실버,35,36,1204
2027-06,northeast,MRD,2027,MRD-PR,2.0 가솔린,FWD,오션 블루,27,28,926
2027-06,northeast,MRD,2027,MRD-PR,2.0 가솔린,FWD,선셋 레드,22,22,741
2027-06,northeast,MRD,2027,MRD-PR,2.0 가솔린,FWD,포레스트 그린,14,14,463
2027-06,northeast,MRD,2027,MRD-PR,2.0 가솔린,FWD,샌드 베이지,14,14,463
2027-06,northeast,MRD,2027,MRD-PR,1.6T 하이브리드,AWD,스노우 화이트,28,29,955
2027-06,northeast,MRD,2027,MRD-PR,1.6T 하이브리드,AWD,미드나잇 블랙,22,23,756
2027-06,northeast,MRD,2027,MRD-PR,1.6T 하이브리드,AWD,스틸 그레이,19,19,637
2027-06,northeast,MRD,2027,MRD-PR,1.6T 하이브리드,AWD,실버,15,15,517
2027-06,northeast,MRD,2027,MRD-PR,1.6T 하이브리드,AWD,오션 블루,12,12,398
2027-06,northeast,MRD,2027,MRD-PR,1.6T 하이브리드,AWD,선셋 레드,9,10,318
2027-06,northeast,MRD,2027,MRD-PR,1.6T 하이브리드,AWD,포레스트 그린,6,6,199
2027-06,northeast,MRD,2027,MRD-PR,1.6T 하이브리드,AWD,샌드 베이지,6,6,199
2027-06,northeast,MRD,2027,MRD-PR,1.6T 하이브리드,FWD,스노우 화이트,80,81,2718
2027-06,northeast,MRD,2027,MRD-PR,1.6T 하이브리드,FWD,미드나잇 블랙,63,64,2151
2027-06,northeast,MRD,2027,MRD-PR,1.6T 하이브리드,FWD,스틸 그레이,53,54,1812
2027-06,northeast,MRD,2027,MRD-PR,1.6T 하이브리드,FWD,실버,43,44,1472
2027-06,northeast,MRD,2027,MRD-PR,1.6T 하이브리드,FWD,오션 블루,33,34,1132
2027-06,northeast,MRD,2027,MRD-PR,1.6T 하이브리드,FWD,선셋 레드,27,27,906
2027-06,northeast,MRD,2027,MRD-PR,1.6T 하이브리드,FWD,포레스트 그린,17,17,566
2027-06,northeast,MRD,2027,MRD-PR,1.6T 하이브리드,FWD,샌드 베이지,17,17,566
2027-06,northeast,MRD,2027,MRD-SP,2.0 가솔린,AWD,스노우 화이트,9,10,3823
2027-06,northeast,MRD,2027,MRD-SP,2.0 가솔린,AWD,미드나잇 블랙,7,8,3027
2027-06,northeast,MRD,2027,MRD-SP,2.0 가솔린,AWD,스틸 그레이,6,6,2549
2027-06,northeast,MRD,2027,MRD-SP,2.0 가솔린,AWD,실버,5,5,2071
2027-06,northeast,MRD,2027,MRD-SP,2.0 가솔린,AWD,오션 블루,4,4,1593
2027-06,northeast,MRD,2027,MRD-SP,2.0 가솔린,AWD,선셋 레드,3,3,1274
2027-06,northeast,MRD,2027,MRD-SP,2.0 가솔린,AWD,포레스트 그린,2,2,797
2027-06,northeast,MRD,2027,MRD-SP,2.0 가솔린,AWD,샌드 베이지,2,2,797
2027-06,northeast,MRD,2027,MRD-SP,2.0 가솔린,FWD,스노우 화이트,27,27,10881
2027-06,northeast,MRD,2027,MRD-SP,2.0 가솔린,FWD,미드나잇 블랙,21,22,8615
2027-06,northeast,MRD,2027,MRD-SP,2.0 가솔린,FWD,스틸 그레이,18,18,7254
2027-06,northeast,MRD,2027,MRD-SP,2.0 가솔린,FWD,실버,14,15,5894
2027-06,northeast,MRD,2027,MRD-SP,2.0 가솔린,FWD,오션 블루,11,11,4534
2027-06,northeast,MRD,2027,MRD-SP,2.0 가솔린,FWD,선셋 레드,9,9,3627
2027-06,northeast,MRD,2027,MRD-SP,2.0 가솔린,FWD,포레스트 그린,6,6,2267
2027-06,northeast,MRD,2027,MRD-SP,2.0 가솔린,FWD,샌드 베이지,6,6,2267
2027-06,northeast,MRD,2027,MRD-SP,1.6T 하이브리드,AWD,스노우 화이트,11,12,4673
2027-06,northeast,MRD,2027,MRD-SP,1.6T 하이브리드,AWD,미드나잇 블랙,9,9,3699
2027-06,northeast,MRD,2027,MRD-SP,1.6T 하이브리드,AWD,스틸 그레이,8,8,3115
2027-06,northeast,MRD,2027,MRD-SP,1.6T 하이브리드,AWD,실버,6,6,2531
2027-06,northeast,MRD,2027,MRD-SP,1.6T 하이브리드,AWD,오션 블루,5,5,1947
2027-06,northeast,MRD,2027,MRD-SP,1.6T 하이브리드,AWD,선셋 레드,4,4,1558
2027-06,northeast,MRD,2027,MRD-SP,1.6T 하이브리드,AWD,포레스트 그린,2,2,974
2027-06,northeast,MRD,2027,MRD-SP,1.6T 하이브리드,AWD,샌드 베이지,2,2,974
2027-06,northeast,MRD,2027,MRD-SP,1.6T 하이브리드,FWD,스노우 화이트,33,33,13300
2027-06,northeast,MRD,2027,MRD-SP,1.6T 하이브리드,FWD,미드나잇 블랙,26,26,10529
2027-06,northeast,MRD,2027,MRD-SP,1.6T 하이브리드,FWD,스틸 그레이,22,22,8866
2027-06,northeast,MRD,2027,MRD-SP,1.6T 하이브리드,FWD,실버,18,18,7204
2027-06,northeast,MRD,2027,MRD-SP,1.6T 하이브리드,FWD,오션 블루,14,14,5541
2027-06,northeast,MRD,2027,MRD-SP,1.6T 하이브리드,FWD,선셋 레드,11,11,4433
2027-06,northeast,MRD,2027,MRD-SP,1.6T 하이브리드,FWD,포레스트 그린,7,7,2771
2027-06,northeast,MRD,2027,MRD-SP,1.6T 하이브리드,FWD,샌드 베이지,7,7,2771
2027-06,southeast,MRD,2027,MRD-CO,2.0 가솔린,AWD,스노우 화이트,14,14,-2459
2027-06,southeast,MRD,2027,MRD-CO,2.0 가솔린,AWD,미드나잇 블랙,11,11,-1947
2027-06,southeast,MRD,2027,MRD-CO,2.0 가솔린,AWD,스틸 그레이,9,9,-1639
2027-06,southeast,MRD,2027,MRD-CO,2.0 가솔린,AWD,실버,7,8,-1332
2027-06,southeast,MRD,2027,MRD-CO,2.0 가솔린,AWD,오션 블루,6,6,-1025
2027-06,southeast,MRD,2027,MRD-CO,2.0 가솔린,AWD,선셋 레드,5,5,-820
2027-06,southeast,MRD,2027,MRD-CO,2.0 가솔린,AWD,포레스트 그린,3,3,-512
2027-06,southeast,MRD,2027,MRD-CO,2.0 가솔린,AWD,샌드 베이지,3,3,-512
2027-06,southeast,MRD,2027,MRD-CO,2.0 가솔린,FWD,스노우 화이트,67,68,-12006
2027-06,southeast,MRD,2027,MRD-CO,2.0 가솔린,FWD,미드나잇 블랙,53,54,-9505
2027-06,southeast,MRD,2027,MRD-CO,2.0 가솔린,FWD,스틸 그레이,45,46,-8004
2027-06,southeast,MRD,2027,MRD-CO,2.0 가솔린,FWD,실버,36,37,-6503
2027-06,southeast,MRD,2027,MRD-CO,2.0 가솔린,FWD,오션 블루,28,28,-5002
2027-06,southeast,MRD,2027,MRD-CO,2.0 가솔린,FWD,선셋 레드,22,23,-4002
2027-06,southeast,MRD,2027,MRD-CO,2.0 가솔린,FWD,포레스트 그린,14,14,-2501
2027-06,southeast,MRD,2027,MRD-CO,2.0 가솔린,FWD,샌드 베이지,14,14,-2501
2027-06,southeast,MRD,2027,MRD-CO,1.6T 하이브리드,AWD,스노우 화이트,17,17,-3005
2027-06,southeast,MRD,2027,MRD-CO,1.6T 하이브리드,AWD,미드나잇 블랙,13,14,-2379
2027-06,southeast,MRD,2027,MRD-CO,1.6T 하이브리드,AWD,스틸 그레이,11,11,-2004
2027-06,southeast,MRD,2027,MRD-CO,1.6T 하이브리드,AWD,실버,9,9,-1628
2027-06,southeast,MRD,2027,MRD-CO,1.6T 하이브리드,AWD,오션 블루,7,7,-1252
2027-06,southeast,MRD,2027,MRD-CO,1.6T 하이브리드,AWD,선셋 레드,6,6,-1002
2027-06,southeast,MRD,2027,MRD-CO,1.6T 하이브리드,AWD,포레스트 그린,3,4,-626
2027-06,southeast,MRD,2027,MRD-CO,1.6T 하이브리드,AWD,샌드 베이지,3,4,-626
2027-06,southeast,MRD,2027,MRD-CO,1.6T 하이브리드,FWD,스노우 화이트,82,84,-14674
2027-06,southeast,MRD,2027,MRD-CO,1.6T 하이브리드,FWD,미드나잇 블랙,65,66,-11617
2027-06,southeast,MRD,2027,MRD-CO,1.6T 하이브리드,FWD,스틸 그레이,55,56,-9783
2027-06,southeast,MRD,2027,MRD-CO,1.6T 하이브리드,FWD,실버,44,45,-7948
2027-06,southeast,MRD,2027,MRD-CO,1.6T 하이브리드,FWD,오션 블루,34,35,-6114
2027-06,southeast,MRD,2027,MRD-CO,1.6T 하이브리드,FWD,선셋 레드,27,28,-4891
2027-06,southeast,MRD,2027,MRD-CO,1.6T 하이브리드,FWD,포레스트 그린,17,17,-3057
2027-06,southeast,MRD,2027,MRD-CO,1.6T 하이브리드,FWD,샌드 베이지,17,17,-3057
2027-06,southeast,MRD,2027,MRD-PR,2.0 가솔린,AWD,스노우 화이트,16,16,541
2027-06,southeast,MRD,2027,MRD-PR,2.0 가솔린,AWD,미드나잇 블랙,13,13,428
2027-06,southeast,MRD,2027,MRD-PR,2.0 가솔린,AWD,스틸 그레이,11,11,361
2027-06,southeast,MRD,2027,MRD-PR,2.0 가솔린,AWD,실버,9,9,293
2027-06,southeast,MRD,2027,MRD-PR,2.0 가솔린,AWD,오션 블루,7,7,225
2027-06,southeast,MRD,2027,MRD-PR,2.0 가솔린,AWD,선셋 레드,5,5,180
2027-06,southeast,MRD,2027,MRD-PR,2.0 가솔린,AWD,포레스트 그린,3,3,113
2027-06,southeast,MRD,2027,MRD-PR,2.0 가솔린,AWD,샌드 베이지,3,3,113
2027-06,southeast,MRD,2027,MRD-PR,2.0 가솔린,FWD,스노우 화이트,78,79,2641
2027-06,southeast,MRD,2027,MRD-PR,2.0 가솔린,FWD,미드나잇 블랙,61,63,2090
2027-06,southeast,MRD,2027,MRD-PR,2.0 가솔린,FWD,스틸 그레이,52,53,1760
2027-06,southeast,MRD,2027,MRD-PR,2.0 가솔린,FWD,실버,42,43,1430
2027-06,southeast,MRD,2027,MRD-PR,2.0 가솔린,FWD,오션 블루,32,33,1100
2027-06,southeast,MRD,2027,MRD-PR,2.0 가솔린,FWD,선셋 레드,26,26,880
2027-06,southeast,MRD,2027,MRD-PR,2.0 가솔린,FWD,포레스트 그린,16,16,550
2027-06,southeast,MRD,2027,MRD-PR,2.0 가솔린,FWD,샌드 베이지,16,16,550
2027-06,southeast,MRD,2027,MRD-PR,1.6T 하이브리드,AWD,스노우 화이트,19,20,661
2027-06,southeast,MRD,2027,MRD-PR,1.6T 하이브리드,AWD,미드나잇 블랙,15,16,523
2027-06,southeast,MRD,2027,MRD-PR,1.6T 하이브리드,AWD,스틸 그레이,13,13,441
2027-06,southeast,MRD,2027,MRD-PR,1.6T 하이브리드,AWD,실버,11,11,358
2027-06,southeast,MRD,2027,MRD-PR,1.6T 하이브리드,AWD,오션 블루,8,8,275
2027-06,southeast,MRD,2027,MRD-PR,1.6T 하이브리드,AWD,선셋 레드,6,7,220
2027-06,southeast,MRD,2027,MRD-PR,1.6T 하이브리드,AWD,포레스트 그린,4,4,138
2027-06,southeast,MRD,2027,MRD-PR,1.6T 하이브리드,AWD,샌드 베이지,4,4,138
2027-06,southeast,MRD,2027,MRD-PR,1.6T 하이브리드,FWD,스노우 화이트,95,97,3227
2027-06,southeast,MRD,2027,MRD-PR,1.6T 하이브리드,FWD,미드나잇 블랙,75,77,2555
2027-06,southeast,MRD,2027,MRD-PR,1.6T 하이브리드,FWD,스틸 그레이,63,64,2152
2027-06,southeast,MRD,2027,MRD-PR,1.6T 하이브리드,FWD,실버,51,52,1748
2027-06,southeast,MRD,2027,MRD-PR,1.6T 하이브리드,FWD,오션 블루,40,40,1345
2027-06,southeast,MRD,2027,MRD-PR,1.6T 하이브리드,FWD,선셋 레드,32,32,1076
2027-06,southeast,MRD,2027,MRD-PR,1.6T 하이브리드,FWD,포레스트 그린,20,20,672
2027-06,southeast,MRD,2027,MRD-PR,1.6T 하이브리드,FWD,샌드 베이지,20,20,672
2027-06,southeast,MRD,2027,MRD-SP,2.0 가솔린,AWD,스노우 화이트,6,7,2647
2027-06,southeast,MRD,2027,MRD-SP,2.0 가솔린,AWD,미드나잇 블랙,5,5,2095
2027-06,southeast,MRD,2027,MRD-SP,2.0 가솔린,AWD,스틸 그레이,4,4,1765
2027-06,southeast,MRD,2027,MRD-SP,2.0 가솔린,AWD,실버,4,4,1434
2027-06,southeast,MRD,2027,MRD-SP,2.0 가솔린,AWD,오션 블루,3,3,1103
2027-06,southeast,MRD,2027,MRD-SP,2.0 가솔린,AWD,선셋 레드,2,2,882
2027-06,southeast,MRD,2027,MRD-SP,2.0 가솔린,AWD,포레스트 그린,1,1,551
2027-06,southeast,MRD,2027,MRD-SP,2.0 가솔린,AWD,샌드 베이지,1,1,551
2027-06,southeast,MRD,2027,MRD-SP,2.0 가솔린,FWD,스노우 화이트,32,32,12923
2027-06,southeast,MRD,2027,MRD-SP,2.0 가솔린,FWD,미드나잇 블랙,25,26,10231
2027-06,southeast,MRD,2027,MRD-SP,2.0 가솔린,FWD,스틸 그레이,21,22,8615
2027-06,southeast,MRD,2027,MRD-SP,2.0 가솔린,FWD,실버,17,18,7000
2027-06,southeast,MRD,2027,MRD-SP,2.0 가솔린,FWD,오션 블루,13,13,5385
2027-06,southeast,MRD,2027,MRD-SP,2.0 가솔린,FWD,선셋 레드,11,11,4308
2027-06,southeast,MRD,2027,MRD-SP,2.0 가솔린,FWD,포레스트 그린,7,7,2692
2027-06,southeast,MRD,2027,MRD-SP,2.0 가솔린,FWD,샌드 베이지,7,7,2692
2027-06,southeast,MRD,2027,MRD-SP,1.6T 하이브리드,AWD,스노우 화이트,8,8,3235
2027-06,southeast,MRD,2027,MRD-SP,1.6T 하이브리드,AWD,미드나잇 블랙,6,6,2561
2027-06,southeast,MRD,2027,MRD-SP,1.6T 하이브리드,AWD,스틸 그레이,5,5,2157
2027-06,southeast,MRD,2027,MRD-SP,1.6T 하이브리드,AWD,실버,4,4,1752
2027-06,southeast,MRD,2027,MRD-SP,1.6T 하이브리드,AWD,오션 블루,3,3,1348
2027-06,southeast,MRD,2027,MRD-SP,1.6T 하이브리드,AWD,선셋 레드,3,3,1078
2027-06,southeast,MRD,2027,MRD-SP,1.6T 하이브리드,AWD,포레스트 그린,2,2,674
2027-06,southeast,MRD,2027,MRD-SP,1.6T 하이브리드,AWD,샌드 베이지,2,2,674
2027-06,southeast,MRD,2027,MRD-SP,1.6T 하이브리드,FWD,스노우 화이트,39,40,15795
2027-06,southeast,MRD,2027,MRD-SP,1.6T 하이브리드,FWD,미드나잇 블랙,31,31,12504
2027-06,southeast,MRD,2027,MRD-SP,1.6T 하이브리드,FWD,스틸 그레이,26,26,10530
2027-06,southeast,MRD,2027,MRD-SP,1.6T 하이브리드,FWD,실버,21,21,8555
2027-06,southeast,MRD,2027,MRD-SP,1.6T 하이브리드,FWD,오션 블루,16,16,6581
2027-06,southeast,MRD,2027,MRD-SP,1.6T 하이브리드,FWD,선셋 레드,13,13,5265
2027-06,southeast,MRD,2027,MRD-SP,1.6T 하이브리드,FWD,포레스트 그린,8,8,3291
2027-06,southeast,MRD,2027,MRD-SP,1.6T 하이브리드,FWD,샌드 베이지,8,8,3291
2027-06,west,NOV,2027,NOV-CO,3.5 가솔린,AWD,스노우 화이트,33,34,4195
2027-06,west,NOV,2027,NOV-CO,3.5 가솔린,AWD,미드나잇 블랙,26,27,3321
2027-06,west,NOV,2027,NOV-CO,3.5 가솔린,AWD,스틸 그레이,22,23,2797
2027-06,west,NOV,2027,NOV-CO,3.5 가솔린,AWD,실버,18,18,2272
2027-06,west,NOV,2027,NOV-CO,3.5 가솔린,AWD,오션 블루,14,14,1748
2027-06,west,NOV,2027,NOV-CO,3.5 가솔린,AWD,선셋 레드,11,11,1398
2027-06,west,NOV,2027,NOV-CO,3.5 가솔린,AWD,포레스트 그린,7,7,874
2027-06,west,NOV,2027,NOV-CO,3.5 가솔린,AWD,샌드 베이지,7,7,874
2027-06,west,NOV,2027,NOV-CO,3.5 가솔린,FWD,스노우 화이트,62,63,7791
2027-06,west,NOV,2027,NOV-CO,3.5 가솔린,FWD,미드나잇 블랙,49,50,6168
2027-06,west,NOV,2027,NOV-CO,3.5 가솔린,FWD,스틸 그레이,41,42,5194
2027-06,west,NOV,2027,NOV-CO,3.5 가솔린,FWD,실버,33,34,4220
2027-06,west,NOV,2027,NOV-CO,3.5 가솔린,FWD,오션 블루,26,26,3246
2027-06,west,NOV,2027,NOV-CO,3.5 가솔린,FWD,선셋 레드,21,21,2597
2027-06,west,NOV,2027,NOV-CO,3.5 가솔린,FWD,포레스트 그린,13,13,1623
2027-06,west,NOV,2027,NOV-CO,3.5 가솔린,FWD,샌드 베이지,13,13,1623
2027-06,west,NOV,2027,NOV-CO,1.6T 하이브리드,AWD,스노우 화이트,41,41,5127
2027-06,west,NOV,2027,NOV-CO,1.6T 하이브리드,AWD,미드나잇 블랙,32,33,4059
2027-06,west,NOV,2027,NOV-CO,1.6T 하이브리드,AWD,스틸 그레이,27,28,3418
2027-06,west,NOV,2027,NOV-CO,1.6T 하이브리드,AWD,실버,22,22,2777
2027-06,west,NOV,2027,NOV-CO,1.6T 하이브리드,AWD,오션 블루,17,17,2136
2027-06,west,NOV,2027,NOV-CO,1.6T 하이브리드,AWD,선셋 레드,14,14,1709
2027-06,west,NOV,2027,NOV-CO,1.6T 하이브리드,AWD,포레스트 그린,8,9,1068
2027-06,west,NOV,2027,NOV-CO,1.6T 하이브리드,AWD,샌드 베이지,8,9,1068
2027-06,west,NOV,2027,NOV-CO,1.6T 하이브리드,FWD,스노우 화이트,75,77,9522
2027-06,west,NOV,2027,NOV-CO,1.6T 하이브리드,FWD,미드나잇 블랙,60,61,7538
2027-06,west,NOV,2027,NOV-CO,1.6T 하이브리드,FWD,스틸 그레이,50,51,6348
2027-06,west,NOV,2027,NOV-CO,1.6T 하이브리드,FWD,실버,41,42,5158
2027-06,west,NOV,2027,NOV-CO,1.6T 하이브리드,FWD,오션 블루,31,32,3968
2027-06,west,NOV,2027,NOV-CO,1.6T 하이브리드,FWD,선셋 레드,25,26,3174
2027-06,west,NOV,2027,NOV-CO,1.6T 하이브리드,FWD,포레스트 그린,16,16,1984
2027-06,west,NOV,2027,NOV-CO,1.6T 하이브리드,FWD,샌드 베이지,16,16,1984
2027-06,west,NOV,2027,NOV-PR,3.5 가솔린,AWD,스노우 화이트,38,39,16822
2027-06,west,NOV,2027,NOV-PR,3.5 가솔린,AWD,미드나잇 블랙,30,31,13318
2027-06,west,NOV,2027,NOV-PR,3.5 가솔린,AWD,스틸 그레이,26,26,11215
2027-06,west,NOV,2027,NOV-PR,3.5 가솔린,AWD,실버,21,21,9112
2027-06,west,NOV,2027,NOV-PR,3.5 가솔린,AWD,오션 블루,16,16,7009
2027-06,west,NOV,2027,NOV-PR,3.5 가솔린,AWD,선셋 레드,13,13,5607
2027-06,west,NOV,2027,NOV-PR,3.5 가솔린,AWD,포레스트 그린,8,8,3505
2027-06,west,NOV,2027,NOV-PR,3.5 가솔린,AWD,샌드 베이지,8,8,3505
2027-06,west,NOV,2027,NOV-PR,3.5 가솔린,FWD,스노우 화이트,71,73,31242
2027-06,west,NOV,2027,NOV-PR,3.5 가솔린,FWD,미드나잇 블랙,56,58,24733
2027-06,west,NOV,2027,NOV-PR,3.5 가솔린,FWD,스틸 그레이,48,48,20828
2027-06,west,NOV,2027,NOV-PR,3.5 가솔린,FWD,실버,39,39,16923
2027-06,west,NOV,2027,NOV-PR,3.5 가솔린,FWD,오션 블루,30,30,13017
2027-06,west,NOV,2027,NOV-PR,3.5 가솔린,FWD,선셋 레드,24,24,10414
2027-06,west,NOV,2027,NOV-PR,3.5 가솔린,FWD,포레스트 그린,15,15,6509
2027-06,west,NOV,2027,NOV-PR,3.5 가솔린,FWD,샌드 베이지,15,15,6509
2027-06,west,NOV,2027,NOV-PR,1.6T 하이브리드,AWD,스노우 화이트,47,48,20561
2027-06,west,NOV,2027,NOV-PR,1.6T 하이브리드,AWD,미드나잇 블랙,37,38,16277
2027-06,west,NOV,2027,NOV-PR,1.6T 하이브리드,AWD,스틸 그레이,31,32,13707
2027-06,west,NOV,2027,NOV-PR,1.6T 하이브리드,AWD,실버,25,26,11137
2027-06,west,NOV,2027,NOV-PR,1.6T 하이브리드,AWD,오션 블루,20,20,8567
2027-06,west,NOV,2027,NOV-PR,1.6T 하이브리드,AWD,선셋 레드,16,16,6854
2027-06,west,NOV,2027,NOV-PR,1.6T 하이브리드,AWD,포레스트 그린,10,10,4283
2027-06,west,NOV,2027,NOV-PR,1.6T 하이브리드,AWD,샌드 베이지,10,10,4283
2027-06,west,NOV,2027,NOV-PR,1.6T 하이브리드,FWD,스노우 화이트,87,89,38184
2027-06,west,NOV,2027,NOV-PR,1.6T 하이브리드,FWD,미드나잇 블랙,69,70,30229
2027-06,west,NOV,2027,NOV-PR,1.6T 하이브리드,FWD,스틸 그레이,58,59,25456
2027-06,west,NOV,2027,NOV-PR,1.6T 하이브리드,FWD,실버,47,48,20683
2027-06,west,NOV,2027,NOV-PR,1.6T 하이브리드,FWD,오션 블루,36,37,15910
2027-06,west,NOV,2027,NOV-PR,1.6T 하이브리드,FWD,선셋 레드,29,30,12728
2027-06,west,NOV,2027,NOV-PR,1.6T 하이브리드,FWD,포레스트 그린,18,19,7955
2027-06,west,NOV,2027,NOV-PR,1.6T 하이브리드,FWD,샌드 베이지,18,19,7955
2027-06,west,NOV,2027,NOV-LO,3.5 가솔린,AWD,스노우 화이트,16,16,15448
2027-06,west,NOV,2027,NOV-LO,3.5 가솔린,AWD,미드나잇 블랙,12,13,12230
2027-06,west,NOV,2027,NOV-LO,3.5 가솔린,AWD,스틸 그레이,10,11,10299
2027-06,west,NOV,2027,NOV-LO,3.5 가솔린,AWD,실버,9,9,8368
2027-06,west,NOV,2027,NOV-LO,3.5 가솔린,AWD,오션 블루,7,7,6437
2027-06,west,NOV,2027,NOV-LO,3.5 가솔린,AWD,선셋 레드,5,5,5149
2027-06,west,NOV,2027,NOV-LO,3.5 가솔린,AWD,포레스트 그린,3,3,3218
2027-06,west,NOV,2027,NOV-LO,3.5 가솔린,AWD,샌드 베이지,3,3,3218
2027-06,west,NOV,2027,NOV-LO,3.5 가솔린,FWD,스노우 화이트,29,30,28689
2027-06,west,NOV,2027,NOV-LO,3.5 가솔린,FWD,미드나잇 블랙,23,24,22712
2027-06,west,NOV,2027,NOV-LO,3.5 가솔린,FWD,스틸 그레이,19,20,19126
2027-06,west,NOV,2027,NOV-LO,3.5 가솔린,FWD,실버,16,16,15540
2027-06,west,NOV,2027,NOV-LO,3.5 가솔린,FWD,오션 블루,12,12,11954
2027-06,west,NOV,2027,NOV-LO,3.5 가솔린,FWD,선셋 레드,10,10,9563
2027-06,west,NOV,2027,NOV-LO,3.5 가솔린,FWD,포레스트 그린,6,6,5977
2027-06,west,NOV,2027,NOV-LO,3.5 가솔린,FWD,샌드 베이지,6,6,5977
2027-06,west,NOV,2027,NOV-LO,1.6T 하이브리드,AWD,스노우 화이트,19,20,18881
2027-06,west,NOV,2027,NOV-LO,1.6T 하이브리드,AWD,미드나잇 블랙,15,15,14947
2027-06,west,NOV,2027,NOV-LO,1.6T 하이브리드,AWD,스틸 그레이,13,13,12587
2027-06,west,NOV,2027,NOV-LO,1.6T 하이브리드,AWD,실버,10,11,10227
2027-06,west,NOV,2027,NOV-LO,1.6T 하이브리드,AWD,오션 블루,8,8,7867
2027-06,west,NOV,2027,NOV-LO,1.6T 하이브리드,AWD,선셋 레드,6,7,6294
2027-06,west,NOV,2027,NOV-LO,1.6T 하이브리드,AWD,포레스트 그린,4,4,3933
2027-06,west,NOV,2027,NOV-LO,1.6T 하이브리드,AWD,샌드 베이지,4,4,3933
2027-06,west,NOV,2027,NOV-LO,1.6T 하이브리드,FWD,스노우 화이트,36,36,35064
2027-06,west,NOV,2027,NOV-LO,1.6T 하이브리드,FWD,미드나잇 블랙,28,29,27759
2027-06,west,NOV,2027,NOV-LO,1.6T 하이브리드,FWD,스틸 그레이,24,24,23376
2027-06,west,NOV,2027,NOV-LO,1.6T 하이브리드,FWD,실버,19,20,18993
2027-06,west,NOV,2027,NOV-LO,1.6T 하이브리드,FWD,오션 블루,15,15,14610
2027-06,west,NOV,2027,NOV-LO,1.6T 하이브리드,FWD,선셋 레드,12,12,11688
2027-06,west,NOV,2027,NOV-LO,1.6T 하이브리드,FWD,포레스트 그린,7,8,7305
2027-06,west,NOV,2027,NOV-LO,1.6T 하이브리드,FWD,샌드 베이지,7,8,7305
2027-06,central,NOV,2027,NOV-CO,3.5 가솔린,AWD,스노우 화이트,25,25,3154
2027-06,central,NOV,2027,NOV-CO,3.5 가솔린,AWD,미드나잇 블랙,20,20,2497
2027-06,central,NOV,2027,NOV-CO,3.5 가솔린,AWD,스틸 그레이,17,17,2103
2027-06,central,NOV,2027,NOV-CO,3.5 가솔린,AWD,실버,14,14,1709
2027-06,central,NOV,2027,NOV-CO,3.5 가솔린,AWD,오션 블루,10,11,1314
2027-06,central,NOV,2027,NOV-CO,3.5 가솔린,AWD,선셋 레드,8,8,1051
2027-06,central,NOV,2027,NOV-CO,3.5 가솔린,AWD,포레스트 그린,5,5,657
2027-06,central,NOV,2027,NOV-CO,3.5 가솔린,AWD,샌드 베이지,5,5,657
2027-06,central,NOV,2027,NOV-CO,3.5 가솔린,FWD,스노우 화이트,37,38,4683
2027-06,central,NOV,2027,NOV-CO,3.5 가솔린,FWD,미드나잇 블랙,29,30,3707
2027-06,central,NOV,2027,NOV-CO,3.5 가솔린,FWD,스틸 그레이,25,25,3122
2027-06,central,NOV,2027,NOV-CO,3.5 가솔린,FWD,실버,20,20,2536
2027-06,central,NOV,2027,NOV-CO,3.5 가솔린,FWD,오션 블루,15,16,1951
2027-06,central,NOV,2027,NOV-CO,3.5 가솔린,FWD,선셋 레드,12,13,1561
2027-06,central,NOV,2027,NOV-CO,3.5 가솔린,FWD,포레스트 그린,8,8,976
2027-06,central,NOV,2027,NOV-CO,3.5 가솔린,FWD,샌드 베이지,8,8,976
2027-06,central,NOV,2027,NOV-CO,1.6T 하이브리드,AWD,스노우 화이트,30,31,3855
2027-06,central,NOV,2027,NOV-CO,1.6T 하이브리드,AWD,미드나잇 블랙,24,25,3052
2027-06,central,NOV,2027,NOV-CO,1.6T 하이브리드,AWD,스틸 그레이,20,21,2570
2027-06,central,NOV,2027,NOV-CO,1.6T 하이브리드,AWD,실버,17,17,2088
2027-06,central,NOV,2027,NOV-CO,1.6T 하이브리드,AWD,오션 블루,13,13,1606
2027-06,central,NOV,2027,NOV-CO,1.6T 하이브리드,AWD,선셋 레드,10,10,1285
2027-06,central,NOV,2027,NOV-CO,1.6T 하이브리드,AWD,포레스트 그린,6,6,803
2027-06,central,NOV,2027,NOV-CO,1.6T 하이브리드,AWD,샌드 베이지,6,6,803
2027-06,central,NOV,2027,NOV-CO,1.6T 하이브리드,FWD,스노우 화이트,45,46,5723
2027-06,central,NOV,2027,NOV-CO,1.6T 하이브리드,FWD,미드나잇 블랙,36,37,4531
2027-06,central,NOV,2027,NOV-CO,1.6T 하이브리드,FWD,스틸 그레이,30,31,3815
2027-06,central,NOV,2027,NOV-CO,1.6T 하이브리드,FWD,실버,24,25,3100
2027-06,central,NOV,2027,NOV-CO,1.6T 하이브리드,FWD,오션 블루,19,19,2385
2027-06,central,NOV,2027,NOV-CO,1.6T 하이브리드,FWD,선셋 레드,15,15,1908
2027-06,central,NOV,2027,NOV-CO,1.6T 하이브리드,FWD,포레스트 그린,9,10,1192
2027-06,central,NOV,2027,NOV-CO,1.6T 하이브리드,FWD,샌드 베이지,9,10,1192
2027-06,central,NOV,2027,NOV-PR,3.5 가솔린,AWD,스노우 화이트,29,29,12649
2027-06,central,NOV,2027,NOV-PR,3.5 가솔린,AWD,미드나잇 블랙,23,23,10014
2027-06,central,NOV,2027,NOV-PR,3.5 가솔린,AWD,스틸 그레이,19,20,8433
2027-06,central,NOV,2027,NOV-PR,3.5 가솔린,AWD,실버,16,16,6852
2027-06,central,NOV,2027,NOV-PR,3.5 가솔린,AWD,오션 블루,12,12,5271
2027-06,central,NOV,2027,NOV-PR,3.5 가솔린,AWD,선셋 레드,10,10,4216
2027-06,central,NOV,2027,NOV-PR,3.5 가솔린,AWD,포레스트 그린,6,6,2635
2027-06,central,NOV,2027,NOV-PR,3.5 가솔린,AWD,샌드 베이지,6,6,2635
2027-06,central,NOV,2027,NOV-PR,3.5 가솔린,FWD,스노우 화이트,43,44,18777
2027-06,central,NOV,2027,NOV-PR,3.5 가솔린,FWD,미드나잇 블랙,34,35,14865
2027-06,central,NOV,2027,NOV-PR,3.5 가솔린,FWD,스틸 그레이,29,29,12518
2027-06,central,NOV,2027,NOV-PR,3.5 가솔린,FWD,실버,23,24,10171
2027-06,central,NOV,2027,NOV-PR,3.5 가솔린,FWD,오션 블루,18,18,7824
2027-06,central,NOV,2027,NOV-PR,3.5 가솔린,FWD,선셋 레드,14,15,6259
2027-06,central,NOV,2027,NOV-PR,3.5 가솔린,FWD,포레스트 그린,9,9,3912
2027-06,central,NOV,2027,NOV-PR,3.5 가솔린,FWD,샌드 베이지,9,9,3912
2027-06,central,NOV,2027,NOV-PR,1.6T 하이브리드,AWD,스노우 화이트,35,36,15460
2027-06,central,NOV,2027,NOV-PR,1.6T 하이브리드,AWD,미드나잇 블랙,28,28,12239
2027-06,central,NOV,2027,NOV-PR,1.6T 하이브리드,AWD,스틸 그레이,24,24,10307
2027-06,central,NOV,2027,NOV-PR,1.6T 하이브리드,AWD,실버,19,19,8374
2027-06,central,NOV,2027,NOV-PR,1.6T 하이브리드,AWD,오션 블루,15,15,6442
2027-06,central,NOV,2027,NOV-PR,1.6T 하이브리드,AWD,선셋 레드,12,12,5153
2027-06,central,NOV,2027,NOV-PR,1.6T 하이브리드,AWD,포레스트 그린,7,7,3221
2027-06,central,NOV,2027,NOV-PR,1.6T 하이브리드,AWD,샌드 베이지,7,7,3221
2027-06,central,NOV,2027,NOV-PR,1.6T 하이브리드,FWD,스노우 화이트,52,53,22950
2027-06,central,NOV,2027,NOV-PR,1.6T 하이브리드,FWD,미드나잇 블랙,41,42,18169
2027-06,central,NOV,2027,NOV-PR,1.6T 하이브리드,FWD,스틸 그레이,35,36,15300
2027-06,central,NOV,2027,NOV-PR,1.6T 하이브리드,FWD,실버,28,29,12431
2027-06,central,NOV,2027,NOV-PR,1.6T 하이브리드,FWD,오션 블루,22,22,9563
2027-06,central,NOV,2027,NOV-PR,1.6T 하이브리드,FWD,선셋 레드,17,18,7650
2027-06,central,NOV,2027,NOV-PR,1.6T 하이브리드,FWD,포레스트 그린,11,11,4781
2027-06,central,NOV,2027,NOV-PR,1.6T 하이브리드,FWD,샌드 베이지,11,11,4781
2027-06,central,NOV,2027,NOV-LO,3.5 가솔린,AWD,스노우 화이트,12,12,11616
2027-06,central,NOV,2027,NOV-LO,3.5 가솔린,AWD,미드나잇 블랙,9,10,9196
2027-06,central,NOV,2027,NOV-LO,3.5 가솔린,AWD,스틸 그레이,8,8,7744
2027-06,central,NOV,2027,NOV-LO,3.5 가솔린,AWD,실버,6,7,6292
2027-06,central,NOV,2027,NOV-LO,3.5 가솔린,AWD,오션 블루,5,5,4840
2027-06,central,NOV,2027,NOV-LO,3.5 가솔린,AWD,선셋 레드,4,4,3872
2027-06,central,NOV,2027,NOV-LO,3.5 가솔린,AWD,포레스트 그린,2,3,2420
2027-06,central,NOV,2027,NOV-LO,3.5 가솔린,AWD,샌드 베이지,2,3,2420
2027-06,central,NOV,2027,NOV-LO,3.5 가솔린,FWD,스노우 화이트,18,18,17243
2027-06,central,NOV,2027,NOV-LO,3.5 가솔린,FWD,미드나잇 블랙,14,14,13651
2027-06,central,NOV,2027,NOV-LO,3.5 가솔린,FWD,스틸 그레이,12,12,11495
2027-06,central,NOV,2027,NOV-LO,3.5 가솔린,FWD,실버,9,10,9340
2027-06,central,NOV,2027,NOV-LO,3.5 가솔린,FWD,오션 블루,7,7,7185
2027-06,central,NOV,2027,NOV-LO,3.5 가솔린,FWD,선셋 레드,6,6,5748
2027-06,central,NOV,2027,NOV-LO,3.5 가솔린,FWD,포레스트 그린,4,4,3592
2027-06,central,NOV,2027,NOV-LO,3.5 가솔린,FWD,샌드 베이지,4,4,3592
2027-06,central,NOV,2027,NOV-LO,1.6T 하이브리드,AWD,스노우 화이트,14,15,14197
2027-06,central,NOV,2027,NOV-LO,1.6T 하이브리드,AWD,미드나잇 블랙,11,12,11239
2027-06,central,NOV,2027,NOV-LO,1.6T 하이브리드,AWD,스틸 그레이,10,10,9465
2027-06,central,NOV,2027,NOV-LO,1.6T 하이브리드,AWD,실버,8,8,7690
2027-06,central,NOV,2027,NOV-LO,1.6T 하이브리드,AWD,오션 블루,6,6,5915
2027-06,central,NOV,2027,NOV-LO,1.6T 하이브리드,AWD,선셋 레드,5,5,4732
2027-06,central,NOV,2027,NOV-LO,1.6T 하이브리드,AWD,포레스트 그린,3,3,2958
2027-06,central,NOV,2027,NOV-LO,1.6T 하이브리드,AWD,샌드 베이지,3,3,2958
2027-06,central,NOV,2027,NOV-LO,1.6T 하이브리드,FWD,스노우 화이트,21,22,21075
2027-06,central,NOV,2027,NOV-LO,1.6T 하이브리드,FWD,미드나잇 블랙,17,17,16684
2027-06,central,NOV,2027,NOV-LO,1.6T 하이브리드,FWD,스틸 그레이,14,15,14050
2027-06,central,NOV,2027,NOV-LO,1.6T 하이브리드,FWD,실버,12,12,11415
2027-06,central,NOV,2027,NOV-LO,1.6T 하이브리드,FWD,오션 블루,9,9,8781
2027-06,central,NOV,2027,NOV-LO,1.6T 하이브리드,FWD,선셋 레드,7,7,7025
2027-06,central,NOV,2027,NOV-LO,1.6T 하이브리드,FWD,포레스트 그린,4,5,4391
2027-06,central,NOV,2027,NOV-LO,1.6T 하이브리드,FWD,샌드 베이지,4,5,4391
2027-06,south,NOV,2027,NOV-CO,3.5 가솔린,AWD,스노우 화이트,20,21,2556
2027-06,south,NOV,2027,NOV-CO,3.5 가솔린,AWD,미드나잇 블랙,16,16,2023
2027-06,south,NOV,2027,NOV-CO,3.5 가솔린,AWD,스틸 그레이,13,14,1704
2027-06,south,NOV,2027,NOV-CO,3.5 가솔린,AWD,실버,11,11,1384
2027-06,south,NOV,2027,NOV-CO,3.5 가솔린,AWD,오션 블루,8,9,1065
2027-06,south,NOV,2027,NOV-CO,3.5 가솔린,AWD,선셋 레드,7,7,852
2027-06,south,NOV,2027,NOV-CO,3.5 가솔린,AWD,포레스트 그린,4,4,532
2027-06,south,NOV,2027,NOV-CO,3.5 가솔린,AWD,샌드 베이지,4,4,532
2027-06,south,NOV,2027,NOV-CO,3.5 가솔린,FWD,스노우 화이트,60,61,7586
2027-06,south,NOV,2027,NOV-CO,3.5 가솔린,FWD,미드나잇 블랙,47,48,6006
2027-06,south,NOV,2027,NOV-CO,3.5 가솔린,FWD,스틸 그레이,40,41,5057
2027-06,south,NOV,2027,NOV-CO,3.5 가솔린,FWD,실버,32,33,4109
2027-06,south,NOV,2027,NOV-CO,3.5 가솔린,FWD,오션 블루,25,25,3161
2027-06,south,NOV,2027,NOV-CO,3.5 가솔린,FWD,선셋 레드,20,20,2529
2027-06,south,NOV,2027,NOV-CO,3.5 가솔린,FWD,포레스트 그린,12,13,1580
2027-06,south,NOV,2027,NOV-CO,3.5 가솔린,FWD,샌드 베이지,12,13,1580
2027-06,south,NOV,2027,NOV-CO,1.6T 하이브리드,AWD,스노우 화이트,25,25,3124
2027-06,south,NOV,2027,NOV-CO,1.6T 하이브리드,AWD,미드나잇 블랙,20,20,2473
2027-06,south,NOV,2027,NOV-CO,1.6T 하이브리드,AWD,스틸 그레이,16,17,2082
2027-06,south,NOV,2027,NOV-CO,1.6T 하이브리드,AWD,실버,13,14,1692
2027-06,south,NOV,2027,NOV-CO,1.6T 하이브리드,AWD,오션 블루,10,10,1302
2027-06,south,NOV,2027,NOV-CO,1.6T 하이브리드,AWD,선셋 레드,8,8,1041
2027-06,south,NOV,2027,NOV-CO,1.6T 하이브리드,AWD,포레스트 그린,5,5,651
2027-06,south,NOV,2027,NOV-CO,1.6T 하이브리드,AWD,샌드 베이지,5,5,651
2027-06,south,NOV,2027,NOV-CO,1.6T 하이브리드,FWD,스노우 화이트,73,75,9272
2027-06,south,NOV,2027,NOV-CO,1.6T 하이브리드,FWD,미드나잇 블랙,58,59,7340
2027-06,south,NOV,2027,NOV-CO,1.6T 하이브리드,FWD,스틸 그레이,49,50,6181
2027-06,south,NOV,2027,NOV-CO,1.6T 하이브리드,FWD,실버,40,40,5022
2027-06,south,NOV,2027,NOV-CO,1.6T 하이브리드,FWD,오션 블루,31,31,3863
2027-06,south,NOV,2027,NOV-CO,1.6T 하이브리드,FWD,선셋 레드,24,25,3091
2027-06,south,NOV,2027,NOV-CO,1.6T 하이브리드,FWD,포레스트 그린,15,16,1932
2027-06,south,NOV,2027,NOV-CO,1.6T 하이브리드,FWD,샌드 베이지,15,16,1932
2027-06,south,NOV,2027,NOV-PR,3.5 가솔린,AWD,스노우 화이트,23,24,10249
2027-06,south,NOV,2027,NOV-PR,3.5 가솔린,AWD,미드나잇 블랙,19,19,8114
2027-06,south,NOV,2027,NOV-PR,3.5 가솔린,AWD,스틸 그레이,16,16,6833
2027-06,south,NOV,2027,NOV-PR,3.5 가솔린,AWD,실버,13,13,5551
2027-06,south,NOV,2027,NOV-PR,3.5 가솔린,AWD,오션 블루,10,10,4270
2027-06,south,NOV,2027,NOV-PR,3.5 가솔린,AWD,선셋 레드,8,8,3416
2027-06,south,NOV,2027,NOV-PR,3.5 가솔린,AWD,포레스트 그린,5,5,2135
2027-06,south,NOV,2027,NOV-PR,3.5 가솔린,AWD,샌드 베이지,5,5,2135
2027-06,south,NOV,2027,NOV-PR,3.5 가솔린,FWD,스노우 화이트,69,71,30421
2027-06,south,NOV,2027,NOV-PR,3.5 가솔린,FWD,미드나잇 블랙,55,56,24083
2027-06,south,NOV,2027,NOV-PR,3.5 가솔린,FWD,스틸 그레이,46,47,20281
2027-06,south,NOV,2027,NOV-PR,3.5 가솔린,FWD,실버,38,38,16478
2027-06,south,NOV,2027,NOV-PR,3.5 가솔린,FWD,오션 블루,29,30,12675
2027-06,south,NOV,2027,NOV-PR,3.5 가솔린,FWD,선셋 레드,23,24,10140
2027-06,south,NOV,2027,NOV-PR,3.5 가솔린,FWD,포레스트 그린,14,15,6338
2027-06,south,NOV,2027,NOV-PR,3.5 가솔린,FWD,샌드 베이지,14,15,6338
2027-06,south,NOV,2027,NOV-PR,1.6T 하이브리드,AWD,스노우 화이트,29,29,12526
2027-06,south,NOV,2027,NOV-PR,1.6T 하이브리드,AWD,미드나잇 블랙,23,23,9917
2027-06,south,NOV,2027,NOV-PR,1.6T 하이브리드,AWD,스틸 그레이,19,19,8351
2027-06,south,NOV,2027,NOV-PR,1.6T 하이브리드,AWD,실버,15,16,6785
2027-06,south,NOV,2027,NOV-PR,1.6T 하이브리드,AWD,오션 블루,12,12,5219
2027-06,south,NOV,2027,NOV-PR,1.6T 하이브리드,AWD,선셋 레드,10,10,4175
2027-06,south,NOV,2027,NOV-PR,1.6T 하이브리드,AWD,포레스트 그린,6,6,2610
2027-06,south,NOV,2027,NOV-PR,1.6T 하이브리드,AWD,샌드 베이지,6,6,2610
2027-06,south,NOV,2027,NOV-PR,1.6T 하이브리드,FWD,스노우 화이트,85,87,37181
2027-06,south,NOV,2027,NOV-PR,1.6T 하이브리드,FWD,미드나잇 블랙,67,69,29435
2027-06,south,NOV,2027,NOV-PR,1.6T 하이브리드,FWD,스틸 그레이,57,58,24787
2027-06,south,NOV,2027,NOV-PR,1.6T 하이브리드,FWD,실버,46,47,20140
2027-06,south,NOV,2027,NOV-PR,1.6T 하이브리드,FWD,오션 블루,35,36,15492
2027-06,south,NOV,2027,NOV-PR,1.6T 하이브리드,FWD,선셋 레드,28,29,12394
2027-06,south,NOV,2027,NOV-PR,1.6T 하이브리드,FWD,포레스트 그린,18,18,7746
2027-06,south,NOV,2027,NOV-PR,1.6T 하이브리드,FWD,샌드 베이지,18,18,7746
2027-06,south,NOV,2027,NOV-LO,3.5 가솔린,AWD,스노우 화이트,10,10,9411
2027-06,south,NOV,2027,NOV-LO,3.5 가솔린,AWD,미드나잇 블랙,8,8,7451
2027-06,south,NOV,2027,NOV-LO,3.5 가솔린,AWD,스틸 그레이,6,7,6274
2027-06,south,NOV,2027,NOV-LO,3.5 가솔린,AWD,실버,5,5,5098
2027-06,south,NOV,2027,NOV-LO,3.5 가솔린,AWD,오션 블루,4,4,3921
2027-06,south,NOV,2027,NOV-LO,3.5 가솔린,AWD,선셋 레드,3,3,3137
2027-06,south,NOV,2027,NOV-LO,3.5 가솔린,AWD,포레스트 그린,2,2,1961
2027-06,south,NOV,2027,NOV-LO,3.5 가솔린,AWD,샌드 베이지,2,2,1961
2027-06,south,NOV,2027,NOV-LO,3.5 가솔린,FWD,스노우 화이트,28,29,27935
2027-06,south,NOV,2027,NOV-LO,3.5 가솔린,FWD,미드나잇 블랙,22,23,22115
2027-06,south,NOV,2027,NOV-LO,3.5 가솔린,FWD,스틸 그레이,19,19,18623
2027-06,south,NOV,2027,NOV-LO,3.5 가솔린,FWD,실버,15,16,15131
2027-06,south,NOV,2027,NOV-LO,3.5 가솔린,FWD,오션 블루,12,12,11640
2027-06,south,NOV,2027,NOV-LO,3.5 가솔린,FWD,선셋 레드,9,10,9312
2027-06,south,NOV,2027,NOV-LO,3.5 가솔린,FWD,포레스트 그린,6,6,5820
2027-06,south,NOV,2027,NOV-LO,3.5 가솔린,FWD,샌드 베이지,6,6,5820
2027-06,south,NOV,2027,NOV-LO,1.6T 하이브리드,AWD,스노우 화이트,12,12,11503
2027-06,south,NOV,2027,NOV-LO,1.6T 하이브리드,AWD,미드나잇 블랙,9,9,9106
2027-06,south,NOV,2027,NOV-LO,1.6T 하이브리드,AWD,스틸 그레이,8,8,7668
2027-06,south,NOV,2027,NOV-LO,1.6T 하이브리드,AWD,실버,6,6,6231
2027-06,south,NOV,2027,NOV-LO,1.6T 하이브리드,AWD,오션 블루,5,5,4793
2027-06,south,NOV,2027,NOV-LO,1.6T 하이브리드,AWD,선셋 레드,4,4,3834
2027-06,south,NOV,2027,NOV-LO,1.6T 하이브리드,AWD,포레스트 그린,2,2,2396
2027-06,south,NOV,2027,NOV-LO,1.6T 하이브리드,AWD,샌드 베이지,2,2,2396
2027-06,south,NOV,2027,NOV-LO,1.6T 하이브리드,FWD,스노우 화이트,35,35,34143
2027-06,south,NOV,2027,NOV-LO,1.6T 하이브리드,FWD,미드나잇 블랙,27,28,27030
2027-06,south,NOV,2027,NOV-LO,1.6T 하이브리드,FWD,스틸 그레이,23,24,22762
2027-06,south,NOV,2027,NOV-LO,1.6T 하이브리드,FWD,실버,19,19,18494
2027-06,south,NOV,2027,NOV-LO,1.6T 하이브리드,FWD,오션 블루,14,15,14226
2027-06,south,NOV,2027,NOV-LO,1.6T 하이브리드,FWD,선셋 레드,12,12,11381
2027-06,south,NOV,2027,NOV-LO,1.6T 하이브리드,FWD,포레스트 그린,7,7,7113
2027-06,south,NOV,2027,NOV-LO,1.6T 하이브리드,FWD,샌드 베이지,7,7,7113
2027-06,northeast,NOV,2027,NOV-CO,3.5 가솔린,AWD,스노우 화이트,28,29,3566
2027-06,northeast,NOV,2027,NOV-CO,3.5 가솔린,AWD,미드나잇 블랙,22,23,2823
2027-06,northeast,NOV,2027,NOV-CO,3.5 가솔린,AWD,스틸 그레이,19,19,2377
2027-06,northeast,NOV,2027,NOV-CO,3.5 가솔린,AWD,실버,15,16,1931
2027-06,northeast,NOV,2027,NOV-CO,3.5 가솔린,AWD,오션 블루,12,12,1486
2027-06,northeast,NOV,2027,NOV-CO,3.5 가솔린,AWD,선셋 레드,9,10,1189
2027-06,northeast,NOV,2027,NOV-CO,3.5 가솔린,AWD,포레스트 그린,6,6,743
2027-06,northeast,NOV,2027,NOV-CO,3.5 가솔린,AWD,샌드 베이지,6,6,743
2027-06,northeast,NOV,2027,NOV-CO,3.5 가솔린,FWD,스노우 화이트,34,34,4271
2027-06,northeast,NOV,2027,NOV-CO,3.5 가솔린,FWD,미드나잇 블랙,27,27,3381
2027-06,northeast,NOV,2027,NOV-CO,3.5 가솔린,FWD,스틸 그레이,23,23,2847
2027-06,northeast,NOV,2027,NOV-CO,3.5 가솔린,FWD,실버,18,19,2314
2027-06,northeast,NOV,2027,NOV-CO,3.5 가솔린,FWD,오션 블루,14,14,1780
2027-06,northeast,NOV,2027,NOV-CO,3.5 가솔린,FWD,선셋 레드,11,11,1424
2027-06,northeast,NOV,2027,NOV-CO,3.5 가솔린,FWD,포레스트 그린,7,7,890
2027-06,northeast,NOV,2027,NOV-CO,3.5 가솔린,FWD,샌드 베이지,7,7,890
2027-06,northeast,NOV,2027,NOV-CO,1.6T 하이브리드,AWD,스노우 화이트,34,35,4358
2027-06,northeast,NOV,2027,NOV-CO,1.6T 하이브리드,AWD,미드나잇 블랙,27,28,3450
2027-06,northeast,NOV,2027,NOV-CO,1.6T 하이브리드,AWD,스틸 그레이,23,23,2905
2027-06,northeast,NOV,2027,NOV-CO,1.6T 하이브리드,AWD,실버,19,19,2361
2027-06,northeast,NOV,2027,NOV-CO,1.6T 하이브리드,AWD,오션 블루,14,15,1816
2027-06,northeast,NOV,2027,NOV-CO,1.6T 하이브리드,AWD,선셋 레드,11,12,1453
2027-06,northeast,NOV,2027,NOV-CO,1.6T 하이브리드,AWD,포레스트 그린,7,7,908
2027-06,northeast,NOV,2027,NOV-CO,1.6T 하이브리드,AWD,샌드 베이지,7,7,908
2027-06,northeast,NOV,2027,NOV-CO,1.6T 하이브리드,FWD,스노우 화이트,41,42,5220
2027-06,northeast,NOV,2027,NOV-CO,1.6T 하이브리드,FWD,미드나잇 블랙,33,33,4133
2027-06,northeast,NOV,2027,NOV-CO,1.6T 하이브리드,FWD,스틸 그레이,28,28,3480
2027-06,northeast,NOV,2027,NOV-CO,1.6T 하이브리드,FWD,실버,22,23,2828
2027-06,northeast,NOV,2027,NOV-CO,1.6T 하이브리드,FWD,오션 블루,17,18,2175
2027-06,northeast,NOV,2027,NOV-CO,1.6T 하이브리드,FWD,선셋 레드,14,14,1740
2027-06,northeast,NOV,2027,NOV-CO,1.6T 하이브리드,FWD,포레스트 그린,9,9,1088
2027-06,northeast,NOV,2027,NOV-CO,1.6T 하이브리드,FWD,샌드 베이지,9,9,1088
2027-06,northeast,NOV,2027,NOV-PR,3.5 가솔린,AWD,스노우 화이트,33,33,14299
2027-06,northeast,NOV,2027,NOV-PR,3.5 가솔린,AWD,미드나잇 블랙,26,26,11320
2027-06,northeast,NOV,2027,NOV-PR,3.5 가솔린,AWD,스틸 그레이,22,22,9533
2027-06,northeast,NOV,2027,NOV-PR,3.5 가솔린,AWD,실버,18,18,7745
2027-06,northeast,NOV,2027,NOV-PR,3.5 가솔린,AWD,오션 블루,14,14,5958
2027-06,northeast,NOV,2027,NOV-PR,3.5 가솔린,AWD,선셋 레드,11,11,4766
2027-06,northeast,NOV,2027,NOV-PR,3.5 가솔린,AWD,포레스트 그린,7,7,2979
2027-06,northeast,NOV,2027,NOV-PR,3.5 가솔린,AWD,샌드 베이지,7,7,2979
2027-06,northeast,NOV,2027,NOV-PR,3.5 가솔린,FWD,스노우 화이트,39,40,17127
2027-06,northeast,NOV,2027,NOV-PR,3.5 가솔린,FWD,미드나잇 블랙,31,32,13559
2027-06,northeast,NOV,2027,NOV-PR,3.5 가솔린,FWD,스틸 그레이,26,27,11418
2027-06,northeast,NOV,2027,NOV-PR,3.5 가솔린,FWD,실버,21,22,9277
2027-06,northeast,NOV,2027,NOV-PR,3.5 가솔린,FWD,오션 블루,16,17,7136
2027-06,northeast,NOV,2027,NOV-PR,3.5 가솔린,FWD,선셋 레드,13,13,5709
2027-06,northeast,NOV,2027,NOV-PR,3.5 가솔린,FWD,포레스트 그린,8,8,3568
2027-06,northeast,NOV,2027,NOV-PR,3.5 가솔린,FWD,샌드 베이지,8,8,3568
2027-06,northeast,NOV,2027,NOV-PR,1.6T 하이브리드,AWD,스노우 화이트,40,41,17477
2027-06,northeast,NOV,2027,NOV-PR,1.6T 하이브리드,AWD,미드나잇 블랙,32,32,13836
2027-06,northeast,NOV,2027,NOV-PR,1.6T 하이브리드,AWD,스틸 그레이,27,27,11651
2027-06,northeast,NOV,2027,NOV-PR,1.6T 하이브리드,AWD,실버,22,22,9467
2027-06,northeast,NOV,2027,NOV-PR,1.6T 하이브리드,AWD,오션 블루,17,17,7282
2027-06,northeast,NOV,2027,NOV-PR,1.6T 하이브리드,AWD,선셋 레드,13,14,5826
2027-06,northeast,NOV,2027,NOV-PR,1.6T 하이브리드,AWD,포레스트 그린,8,8,3641
2027-06,northeast,NOV,2027,NOV-PR,1.6T 하이브리드,AWD,샌드 베이지,8,8,3641
2027-06,northeast,NOV,2027,NOV-PR,1.6T 하이브리드,FWD,스노우 화이트,48,49,20934
2027-06,northeast,NOV,2027,NOV-PR,1.6T 하이브리드,FWD,미드나잇 블랙,38,39,16572
2027-06,northeast,NOV,2027,NOV-PR,1.6T 하이브리드,FWD,스틸 그레이,32,32,13956
2027-06,northeast,NOV,2027,NOV-PR,1.6T 하이브리드,FWD,실버,26,26,11339
2027-06,northeast,NOV,2027,NOV-PR,1.6T 하이브리드,FWD,오션 블루,20,20,8722
2027-06,northeast,NOV,2027,NOV-PR,1.6T 하이브리드,FWD,선셋 레드,16,16,6978
2027-06,northeast,NOV,2027,NOV-PR,1.6T 하이브리드,FWD,포레스트 그린,10,10,4361
2027-06,northeast,NOV,2027,NOV-PR,1.6T 하이브리드,FWD,샌드 베이지,10,10,4361
2027-06,northeast,NOV,2027,NOV-LO,3.5 가솔린,AWD,스노우 화이트,13,14,13131
2027-06,northeast,NOV,2027,NOV-LO,3.5 가솔린,AWD,미드나잇 블랙,11,11,10395
2027-06,northeast,NOV,2027,NOV-LO,3.5 가솔린,AWD,스틸 그레이,9,9,8754
2027-06,northeast,NOV,2027,NOV-LO,3.5 가솔린,AWD,실버,7,7,7112
2027-06,northeast,NOV,2027,NOV-LO,3.5 가솔린,AWD,오션 블루,6,6,5471
2027-06,northeast,NOV,2027,NOV-LO,3.5 가솔린,AWD,선셋 레드,4,5,4377
2027-06,northeast,NOV,2027,NOV-LO,3.5 가솔린,AWD,포레스트 그린,3,3,2736
2027-06,northeast,NOV,2027,NOV-LO,3.5 가솔린,AWD,샌드 베이지,3,3,2736
2027-06,northeast,NOV,2027,NOV-LO,3.5 가솔린,FWD,스노우 화이트,16,16,15728
2027-06,northeast,NOV,2027,NOV-LO,3.5 가솔린,FWD,미드나잇 블랙,13,13,12451
2027-06,northeast,NOV,2027,NOV-LO,3.5 가솔린,FWD,스틸 그레이,11,11,10485
2027-06,northeast,NOV,2027,NOV-LO,3.5 가솔린,FWD,실버,9,9,8519
2027-06,northeast,NOV,2027,NOV-LO,3.5 가솔린,FWD,오션 블루,7,7,6553
2027-06,northeast,NOV,2027,NOV-LO,3.5 가솔린,FWD,선셋 레드,5,5,5243
2027-06,northeast,NOV,2027,NOV-LO,3.5 가솔린,FWD,포레스트 그린,3,3,3277
2027-06,northeast,NOV,2027,NOV-LO,3.5 가솔린,FWD,샌드 베이지,3,3,3277
2027-06,northeast,NOV,2027,NOV-LO,1.6T 하이브리드,AWD,스노우 화이트,16,17,16049
2027-06,northeast,NOV,2027,NOV-LO,1.6T 하이브리드,AWD,미드나잇 블랙,13,13,12705
2027-06,northeast,NOV,2027,NOV-LO,1.6T 하이브리드,AWD,스틸 그레이,11,11,10699
2027-06,northeast,NOV,2027,NOV-LO,1.6T 하이브리드,AWD,실버,9,9,8693
2027-06,northeast,NOV,2027,NOV-LO,1.6T 하이브리드,AWD,오션 블루,7,7,6687
2027-06,northeast,NOV,2027,NOV-LO,1.6T 하이브리드,AWD,선셋 레드,5,6,5350
2027-06,northeast,NOV,2027,NOV-LO,1.6T 하이브리드,AWD,포레스트 그린,3,3,3343
2027-06,northeast,NOV,2027,NOV-LO,1.6T 하이브리드,AWD,샌드 베이지,3,3,3343
2027-06,northeast,NOV,2027,NOV-LO,1.6T 하이브리드,FWD,스노우 화이트,20,20,19223
2027-06,northeast,NOV,2027,NOV-LO,1.6T 하이브리드,FWD,미드나잇 블랙,15,16,15218
2027-06,northeast,NOV,2027,NOV-LO,1.6T 하이브리드,FWD,스틸 그레이,13,13,12815
2027-06,northeast,NOV,2027,NOV-LO,1.6T 하이브리드,FWD,실버,11,11,10412
2027-06,northeast,NOV,2027,NOV-LO,1.6T 하이브리드,FWD,오션 블루,8,8,8010
2027-06,northeast,NOV,2027,NOV-LO,1.6T 하이브리드,FWD,선셋 레드,7,7,6408
2027-06,northeast,NOV,2027,NOV-LO,1.6T 하이브리드,FWD,포레스트 그린,4,4,4005
2027-06,northeast,NOV,2027,NOV-LO,1.6T 하이브리드,FWD,샌드 베이지,4,4,4005
2027-06,southeast,NOV,2027,NOV-CO,3.5 가솔린,AWD,스노우 화이트,20,20,2469
2027-06,southeast,NOV,2027,NOV-CO,3.5 가솔린,AWD,미드나잇 블랙,15,16,1954
2027-06,southeast,NOV,2027,NOV-CO,3.5 가솔린,AWD,스틸 그레이,13,13,1646
2027-06,southeast,NOV,2027,NOV-CO,3.5 가솔린,AWD,실버,11,11,1337
2027-06,southeast,NOV,2027,NOV-CO,3.5 가솔린,AWD,오션 블루,8,8,1029
2027-06,southeast,NOV,2027,NOV-CO,3.5 가솔린,AWD,선셋 레드,7,7,823
2027-06,southeast,NOV,2027,NOV-CO,3.5 가솔린,AWD,포레스트 그린,4,4,514
2027-06,southeast,NOV,2027,NOV-CO,3.5 가솔린,AWD,샌드 베이지,4,4,514
2027-06,southeast,NOV,2027,NOV-CO,3.5 가솔린,FWD,스노우 화이트,46,47,5829
2027-06,southeast,NOV,2027,NOV-CO,3.5 가솔린,FWD,미드나잇 블랙,36,37,4615
2027-06,southeast,NOV,2027,NOV-CO,3.5 가솔린,FWD,스틸 그레이,31,31,3886
2027-06,southeast,NOV,2027,NOV-CO,3.5 가솔린,FWD,실버,25,25,3158
2027-06,southeast,NOV,2027,NOV-CO,3.5 가솔린,FWD,오션 블루,19,20,2429
2027-06,southeast,NOV,2027,NOV-CO,3.5 가솔린,FWD,선셋 레드,15,16,1943
2027-06,southeast,NOV,2027,NOV-CO,3.5 가솔린,FWD,포레스트 그린,10,10,1214
2027-06,southeast,NOV,2027,NOV-CO,3.5 가솔린,FWD,샌드 베이지,10,10,1214
2027-06,southeast,NOV,2027,NOV-CO,1.6T 하이브리드,AWD,스노우 화이트,24,24,3017
2027-06,southeast,NOV,2027,NOV-CO,1.6T 하이브리드,AWD,미드나잇 블랙,19,19,2389
2027-06,southeast,NOV,2027,NOV-CO,1.6T 하이브리드,AWD,스틸 그레이,16,16,2011
2027-06,southeast,NOV,2027,NOV-CO,1.6T 하이브리드,AWD,실버,13,13,1634
2027-06,southeast,NOV,2027,NOV-CO,1.6T 하이브리드,AWD,오션 블루,10,10,1257
2027-06,southeast,NOV,2027,NOV-CO,1.6T 하이브리드,AWD,선셋 레드,8,8,1006
2027-06,southeast,NOV,2027,NOV-CO,1.6T 하이브리드,AWD,포레스트 그린,5,5,629
2027-06,southeast,NOV,2027,NOV-CO,1.6T 하이브리드,AWD,샌드 베이지,5,5,629
2027-06,southeast,NOV,2027,NOV-CO,1.6T 하이브리드,FWD,스노우 화이트,56,57,7125
2027-06,southeast,NOV,2027,NOV-CO,1.6T 하이브리드,FWD,미드나잇 블랙,45,45,5640
2027-06,southeast,NOV,2027,NOV-CO,1.6T 하이브리드,FWD,스틸 그레이,38,38,4750
2027-06,southeast,NOV,2027,NOV-CO,1.6T 하이브리드,FWD,실버,30,31,3859
2027-06,southeast,NOV,2027,NOV-CO,1.6T 하이브리드,FWD,오션 블루,23,24,2969
2027-06,southeast,NOV,2027,NOV-CO,1.6T 하이브리드,FWD,선셋 레드,19,19,2375
2027-06,southeast,NOV,2027,NOV-CO,1.6T 하이브리드,FWD,포레스트 그린,12,12,1484
2027-06,southeast,NOV,2027,NOV-CO,1.6T 하이브리드,FWD,샌드 베이지,12,12,1484
2027-06,southeast,NOV,2027,NOV-PR,3.5 가솔린,AWD,스노우 화이트,23,23,9899
2027-06,southeast,NOV,2027,NOV-PR,3.5 가솔린,AWD,미드나잇 블랙,18,18,7837
2027-06,southeast,NOV,2027,NOV-PR,3.5 가솔린,AWD,스틸 그레이,15,15,6600
2027-06,southeast,NOV,2027,NOV-PR,3.5 가솔린,AWD,실버,12,12,5362
2027-06,southeast,NOV,2027,NOV-PR,3.5 가솔린,AWD,오션 블루,9,10,4125
2027-06,southeast,NOV,2027,NOV-PR,3.5 가솔린,AWD,선셋 레드,8,8,3300
2027-06,southeast,NOV,2027,NOV-PR,3.5 가솔린,AWD,포레스트 그린,5,5,2062
2027-06,southeast,NOV,2027,NOV-PR,3.5 가솔린,AWD,샌드 베이지,5,5,2062
2027-06,southeast,NOV,2027,NOV-PR,3.5 가솔린,FWD,스노우 화이트,53,54,23376
2027-06,southeast,NOV,2027,NOV-PR,3.5 가솔린,FWD,미드나잇 블랙,42,43,18506
2027-06,southeast,NOV,2027,NOV-PR,3.5 가솔린,FWD,스틸 그레이,36,36,15584
2027-06,southeast,NOV,2027,NOV-PR,3.5 가솔린,FWD,실버,29,29,12662
2027-06,southeast,NOV,2027,NOV-PR,3.5 가솔린,FWD,오션 블루,22,23,9740
2027-06,southeast,NOV,2027,NOV-PR,3.5 가솔린,FWD,선셋 레드,18,18,7792
2027-06,southeast,NOV,2027,NOV-PR,3.5 가솔린,FWD,포레스트 그린,11,11,4870
2027-06,southeast,NOV,2027,NOV-PR,3.5 가솔린,FWD,샌드 베이지,11,11,4870
2027-06,southeast,NOV,2027,NOV-PR,1.6T 하이브리드,AWD,스노우 화이트,28,28,12099
2027-06,southeast,NOV,2027,NOV-PR,1.6T 하이브리드,AWD,미드나잇 블랙,22,22,9579
2027-06,southeast,NOV,2027,NOV-PR,1.6T 하이브리드,AWD,스틸 그레이,18,19,8066
2027-06,southeast,NOV,2027,NOV-PR,1.6T 하이브리드,AWD,실버,15,15,6554
2027-06,southeast,NOV,2027,NOV-PR,1.6T 하이브리드,AWD,오션 블루,12,12,5041
2027-06,southeast,NOV,2027,NOV-PR,1.6T 하이브리드,AWD,선셋 레드,9,9,4033
2027-06,southeast,NOV,2027,NOV-PR,1.6T 하이브리드,AWD,포레스트 그린,6,6,2521
2027-06,southeast,NOV,2027,NOV-PR,1.6T 하이브리드,AWD,샌드 베이지,6,6,2521
2027-06,southeast,NOV,2027,NOV-PR,1.6T 하이브리드,FWD,스노우 화이트,65,66,28570
2027-06,southeast,NOV,2027,NOV-PR,1.6T 하이브리드,FWD,미드나잇 블랙,52,53,22618
2027-06,southeast,NOV,2027,NOV-PR,1.6T 하이브리드,FWD,스틸 그레이,43,44,19047
2027-06,southeast,NOV,2027,NOV-PR,1.6T 하이브리드,FWD,실버,35,36,15476
2027-06,southeast,NOV,2027,NOV-PR,1.6T 하이브리드,FWD,오션 블루,27,28,11904
2027-06,southeast,NOV,2027,NOV-PR,1.6T 하이브리드,FWD,선셋 레드,22,22,9523
2027-06,southeast,NOV,2027,NOV-PR,1.6T 하이브리드,FWD,포레스트 그린,14,14,5952
2027-06,southeast,NOV,2027,NOV-PR,1.6T 하이브리드,FWD,샌드 베이지,14,14,5952
2027-06,southeast,NOV,2027,NOV-LO,3.5 가솔린,AWD,스노우 화이트,9,9,9090
2027-06,southeast,NOV,2027,NOV-LO,3.5 가솔린,AWD,미드나잇 블랙,7,7,7197
2027-06,southeast,NOV,2027,NOV-LO,3.5 가솔린,AWD,스틸 그레이,6,6,6060
2027-06,southeast,NOV,2027,NOV-LO,3.5 가솔린,AWD,실버,5,5,4924
2027-06,southeast,NOV,2027,NOV-LO,3.5 가솔린,AWD,오션 블루,4,4,3788
2027-06,southeast,NOV,2027,NOV-LO,3.5 가솔린,AWD,선셋 레드,3,3,3030
2027-06,southeast,NOV,2027,NOV-LO,3.5 가솔린,AWD,포레스트 그린,2,2,1894
2027-06,southeast,NOV,2027,NOV-LO,3.5 가솔린,AWD,샌드 베이지,2,2,1894
2027-06,southeast,NOV,2027,NOV-LO,3.5 가솔린,FWD,스노우 화이트,22,22,21466
2027-06,southeast,NOV,2027,NOV-LO,3.5 가솔린,FWD,미드나잇 블랙,17,18,16994
2027-06,southeast,NOV,2027,NOV-LO,3.5 가솔린,FWD,스틸 그레이,15,15,14310
2027-06,southeast,NOV,2027,NOV-LO,3.5 가솔린,FWD,실버,12,12,11627
2027-06,southeast,NOV,2027,NOV-LO,3.5 가솔린,FWD,오션 블루,9,9,8944
2027-06,southeast,NOV,2027,NOV-LO,3.5 가솔린,FWD,선셋 레드,7,7,7155
2027-06,southeast,NOV,2027,NOV-LO,3.5 가솔린,FWD,포레스트 그린,5,5,4472
2027-06,southeast,NOV,2027,NOV-LO,3.5 가솔린,FWD,샌드 베이지,5,5,4472
2027-06,southeast,NOV,2027,NOV-LO,1.6T 하이브리드,AWD,스노우 화이트,11,12,11111
2027-06,southeast,NOV,2027,NOV-LO,1.6T 하이브리드,AWD,미드나잇 블랙,9,9,8796
2027-06,southeast,NOV,2027,NOV-LO,1.6T 하이브리드,AWD,스틸 그레이,8,8,7407
2027-06,southeast,NOV,2027,NOV-LO,1.6T 하이브리드,AWD,실버,6,6,6018
2027-06,southeast,NOV,2027,NOV-LO,1.6T 하이브리드,AWD,오션 블루,5,5,4629
2027-06,southeast,NOV,2027,NOV-LO,1.6T 하이브리드,AWD,선셋 레드,4,4,3704
2027-06,southeast,NOV,2027,NOV-LO,1.6T 하이브리드,AWD,포레스트 그린,2,2,2315
2027-06,southeast,NOV,2027,NOV-LO,1.6T 하이브리드,AWD,샌드 베이지,2,2,2315
2027-06,southeast,NOV,2027,NOV-LO,1.6T 하이브리드,FWD,스노우 화이트,27,27,26236
2027-06,southeast,NOV,2027,NOV-LO,1.6T 하이브리드,FWD,미드나잇 블랙,21,22,20770
2027-06,southeast,NOV,2027,NOV-LO,1.6T 하이브리드,FWD,스틸 그레이,18,18,17491
2027-06,southeast,NOV,2027,NOV-LO,1.6T 하이브리드,FWD,실버,14,15,14211
2027-06,southeast,NOV,2027,NOV-LO,1.6T 하이브리드,FWD,오션 블루,11,11,10932
2027-06,southeast,NOV,2027,NOV-LO,1.6T 하이브리드,FWD,선셋 레드,9,9,8745
2027-06,southeast,NOV,2027,NOV-LO,1.6T 하이브리드,FWD,포레스트 그린,6,6,5466
2027-06,southeast,NOV,2027,NOV-LO,1.6T 하이브리드,FWD,샌드 베이지,6,6,5466
2027-06,west,LUM,2027,LUM-AI,스탠다드 레인지,AWD,스노우 화이트,42,42,-25047
2027-06,west,LUM,2027,LUM-AI,스탠다드 레인지,AWD,미드나잇 블랙,33,34,-19829
2027-06,west,LUM,2027,LUM-AI,스탠다드 레인지,AWD,스틸 그레이,28,28,-16698
2027-06,west,LUM,2027,LUM-AI,스탠다드 레인지,AWD,실버,23,23,-13567
2027-06,west,LUM,2027,LUM-AI,스탠다드 레인지,AWD,오션 블루,17,18,-10436
2027-06,west,LUM,2027,LUM-AI,스탠다드 레인지,AWD,선셋 레드,14,14,-8349
2027-06,west,LUM,2027,LUM-AI,스탠다드 레인지,AWD,포레스트 그린,9,9,-5218
2027-06,west,LUM,2027,LUM-AI,스탠다드 레인지,AWD,샌드 베이지,9,9,-5218
2027-06,west,LUM,2027,LUM-AI,스탠다드 레인지,FWD,스노우 화이트,51,52,-30613
2027-06,west,LUM,2027,LUM-AI,스탠다드 레인지,FWD,미드나잇 블랙,40,41,-24235
2027-06,west,LUM,2027,LUM-AI,스탠다드 레인지,FWD,스틸 그레이,34,35,-20409
2027-06,west,LUM,2027,LUM-AI,스탠다드 레인지,FWD,실버,28,28,-16582
2027-06,west,LUM,2027,LUM-AI,스탠다드 레인지,FWD,오션 블루,21,22,-12756
2027-06,west,LUM,2027,LUM-AI,스탠다드 레인지,FWD,선셋 레드,17,17,-10204
2027-06,west,LUM,2027,LUM-AI,스탠다드 레인지,FWD,포레스트 그린,11,11,-6378
2027-06,west,LUM,2027,LUM-AI,스탠다드 레인지,FWD,샌드 베이지,11,11,-6378
2027-06,west,LUM,2027,LUM-AI,롱레인지,AWD,스노우 화이트,107,109,-64407
2027-06,west,LUM,2027,LUM-AI,롱레인지,AWD,미드나잇 블랙,85,86,-50989
2027-06,west,LUM,2027,LUM-AI,롱레인지,AWD,스틸 그레이,71,73,-42938
2027-06,west,LUM,2027,LUM-AI,롱레인지,AWD,실버,58,59,-34887
2027-06,west,LUM,2027,LUM-AI,롱레인지,AWD,오션 블루,45,45,-26836
2027-06,west,LUM,2027,LUM-AI,롱레인지,AWD,선셋 레드,36,36,-21469
2027-06,west,LUM,2027,LUM-AI,롱레인지,AWD,포레스트 그린,22,23,-13418
2027-06,west,LUM,2027,LUM-AI,롱레인지,AWD,샌드 베이지,22,23,-13418
2027-06,west,LUM,2027,LUM-AI,롱레인지,FWD,스노우 화이트,131,133,-78720
2027-06,west,LUM,2027,LUM-AI,롱레인지,FWD,미드나잇 블랙,104,106,-62320
2027-06,west,LUM,2027,LUM-AI,롱레인지,FWD,스틸 그레이,87,89,-52480
2027-06,west,LUM,2027,LUM-AI,롱레인지,FWD,실버,71,72,-42640
2027-06,west,LUM,2027,LUM-AI,롱레인지,FWD,오션 블루,55,56,-32800
2027-06,west,LUM,2027,LUM-AI,롱레인지,FWD,선셋 레드,44,44,-26240
2027-06,west,LUM,2027,LUM-AI,롱레인지,FWD,포레스트 그린,27,28,-16400
2027-06,west,LUM,2027,LUM-AI,롱레인지,FWD,샌드 베이지,27,28,-16400
2027-06,west,LUM,2027,LUM-RA,스탠다드 레인지,AWD,스노우 화이트,48,49,-17538
2027-06,west,LUM,2027,LUM-RA,스탠다드 레인지,AWD,미드나잇 블랙,38,39,-13884
2027-06,west,LUM,2027,LUM-RA,스탠다드 레인지,AWD,스틸 그레이,32,33,-11692
2027-06,west,LUM,2027,LUM-RA,스탠다드 레인지,AWD,실버,26,27,-9500
2027-06,west,LUM,2027,LUM-RA,스탠다드 레인지,AWD,오션 블루,20,20,-7308
2027-06,west,LUM,2027,LUM-RA,스탠다드 레인지,AWD,선셋 레드,16,16,-5846
2027-06,west,LUM,2027,LUM-RA,스탠다드 레인지,AWD,포레스트 그린,10,10,-3654
2027-06,west,LUM,2027,LUM-RA,스탠다드 레인지,AWD,샌드 베이지,10,10,-3654
2027-06,west,LUM,2027,LUM-RA,스탠다드 레인지,FWD,스노우 화이트,59,60,-21436
2027-06,west,LUM,2027,LUM-RA,스탠다드 레인지,FWD,미드나잇 블랙,47,48,-16970
2027-06,west,LUM,2027,LUM-RA,스탠다드 레인지,FWD,스틸 그레이,39,40,-14290
2027-06,west,LUM,2027,LUM-RA,스탠다드 레인지,FWD,실버,32,33,-11611
2027-06,west,LUM,2027,LUM-RA,스탠다드 레인지,FWD,오션 블루,25,25,-8932
2027-06,west,LUM,2027,LUM-RA,스탠다드 레인지,FWD,선셋 레드,20,20,-7145
2027-06,west,LUM,2027,LUM-RA,스탠다드 레인지,FWD,포레스트 그린,12,13,-4466
2027-06,west,LUM,2027,LUM-RA,스탠다드 레인지,FWD,샌드 베이지,12,13,-4466
2027-06,west,LUM,2027,LUM-RA,롱레인지,AWD,스노우 화이트,124,126,-45098
2027-06,west,LUM,2027,LUM-RA,롱레인지,AWD,미드나잇 블랙,98,100,-35703
2027-06,west,LUM,2027,LUM-RA,롱레인지,AWD,스틸 그레이,83,84,-30066
2027-06,west,LUM,2027,LUM-RA,롱레인지,AWD,실버,67,68,-24428
2027-06,west,LUM,2027,LUM-RA,롱레인지,AWD,오션 블루,52,53,-18791
2027-06,west,LUM,2027,LUM-RA,롱레인지,AWD,선셋 레드,41,42,-15033
2027-06,west,LUM,2027,LUM-RA,롱레인지,AWD,포레스트 그린,26,26,-9395
2027-06,west,LUM,2027,LUM-RA,롱레인지,AWD,샌드 베이지,26,26,-9395
2027-06,west,LUM,2027,LUM-RA,롱레인지,FWD,스노우 화이트,151,154,-55120
2027-06,west,LUM,2027,LUM-RA,롱레인지,FWD,미드나잇 블랙,120,122,-43637
2027-06,west,LUM,2027,LUM-RA,롱레인지,FWD,스틸 그레이,101,103,-36747
2027-06,west,LUM,2027,LUM-RA,롱레인지,FWD,실버,82,84,-29857
2027-06,west,LUM,2027,LUM-RA,롱레인지,FWD,오션 블루,63,64,-22967
2027-06,west,LUM,2027,LUM-RA,롱레인지,FWD,선셋 레드,50,51,-18373
2027-06,west,LUM,2027,LUM-RA,롱레인지,FWD,포레스트 그린,32,32,-11483
2027-06,west,LUM,2027,LUM-RA,롱레인지,FWD,샌드 베이지,32,32,-11483
2027-06,west,LUM,2027,LUM-SP,스탠다드 레인지,AWD,스노우 화이트,20,20,1032
2027-06,west,LUM,2027,LUM-SP,스탠다드 레인지,AWD,미드나잇 블랙,16,16,817
2027-06,west,LUM,2027,LUM-SP,스탠다드 레인지,AWD,스틸 그레이,13,13,688
2027-06,west,LUM,2027,LUM-SP,스탠다드 레인지,AWD,실버,11,11,559
2027-06,west,LUM,2027,LUM-SP,스탠다드 레인지,AWD,오션 블루,8,8,430
2027-06,west,LUM,2027,LUM-SP,스탠다드 레인지,AWD,선셋 레드,7,7,344
2027-06,west,LUM,2027,LUM-SP,스탠다드 레인지,AWD,포레스트 그린,4,4,215
2027-06,west,LUM,2027,LUM-SP,스탠다드 레인지,AWD,샌드 베이지,4,4,215
2027-06,west,LUM,2027,LUM-SP,스탠다드 레인지,FWD,스노우 화이트,24,25,1262
2027-06,west,LUM,2027,LUM-SP,스탠다드 레인지,FWD,미드나잇 블랙,19,19,999
2027-06,west,LUM,2027,LUM-SP,스탠다드 레인지,FWD,스틸 그레이,16,16,841
2027-06,west,LUM,2027,LUM-SP,스탠다드 레인지,FWD,실버,13,13,683
2027-06,west,LUM,2027,LUM-SP,스탠다드 레인지,FWD,오션 블루,10,10,526
2027-06,west,LUM,2027,LUM-SP,스탠다드 레인지,FWD,선셋 레드,8,8,421
2027-06,west,LUM,2027,LUM-SP,스탠다드 레인지,FWD,포레스트 그린,5,5,263
2027-06,west,LUM,2027,LUM-SP,스탠다드 레인지,FWD,샌드 베이지,5,5,263
2027-06,west,LUM,2027,LUM-SP,롱레인지,AWD,스노우 화이트,51,52,2655
2027-06,west,LUM,2027,LUM-SP,롱레인지,AWD,미드나잇 블랙,40,41,2101
2027-06,west,LUM,2027,LUM-SP,롱레인지,AWD,스틸 그레이,34,34,1770
2027-06,west,LUM,2027,LUM-SP,롱레인지,AWD,실버,27,28,1438
2027-06,west,LUM,2027,LUM-SP,롱레인지,AWD,오션 블루,21,22,1106
2027-06,west,LUM,2027,LUM-SP,롱레인지,AWD,선셋 레드,17,17,885
2027-06,west,LUM,2027,LUM-SP,롱레인지,AWD,포레스트 그린,11,11,553
2027-06,west,LUM,2027,LUM-SP,롱레인지,AWD,샌드 베이지,11,11,553
2027-06,west,LUM,2027,LUM-SP,롱레인지,FWD,스노우 화이트,62,63,3244
2027-06,west,LUM,2027,LUM-SP,롱레인지,FWD,미드나잇 블랙,49,50,2568
2027-06,west,LUM,2027,LUM-SP,롱레인지,FWD,스틸 그레이,41,42,2163
2027-06,west,LUM,2027,LUM-SP,롱레인지,FWD,실버,34,34,1757
2027-06,west,LUM,2027,LUM-SP,롱레인지,FWD,오션 블루,26,26,1352
2027-06,west,LUM,2027,LUM-SP,롱레인지,FWD,선셋 레드,21,21,1081
2027-06,west,LUM,2027,LUM-SP,롱레인지,FWD,포레스트 그린,13,13,676
2027-06,west,LUM,2027,LUM-SP,롱레인지,FWD,샌드 베이지,13,13,676
2027-06,central,LUM,2027,LUM-AI,스탠다드 레인지,AWD,스노우 화이트,17,18,-10463
2027-06,central,LUM,2027,LUM-AI,스탠다드 레인지,AWD,미드나잇 블랙,14,14,-8283
2027-06,central,LUM,2027,LUM-AI,스탠다드 레인지,AWD,스틸 그레이,12,12,-6975
2027-06,central,LUM,2027,LUM-AI,스탠다드 레인지,AWD,실버,9,10,-5668
2027-06,central,LUM,2027,LUM-AI,스탠다드 레인지,AWD,오션 블루,7,7,-4360
2027-06,central,LUM,2027,LUM-AI,스탠다드 레인지,AWD,선셋 레드,6,6,-3488
2027-06,central,LUM,2027,LUM-AI,스탠다드 레인지,AWD,포레스트 그린,4,4,-2180
2027-06,central,LUM,2027,LUM-AI,스탠다드 레인지,AWD,샌드 베이지,4,4,-2180
2027-06,central,LUM,2027,LUM-AI,스탠다드 레인지,FWD,스노우 화이트,16,17,-9755
2027-06,central,LUM,2027,LUM-AI,스탠다드 레인지,FWD,미드나잇 블랙,13,13,-7723
2027-06,central,LUM,2027,LUM-AI,스탠다드 레인지,FWD,스틸 그레이,11,11,-6504
2027-06,central,LUM,2027,LUM-AI,스탠다드 레인지,FWD,실버,9,9,-5284
2027-06,central,LUM,2027,LUM-AI,스탠다드 레인지,FWD,오션 블루,7,7,-4065
2027-06,central,LUM,2027,LUM-AI,스탠다드 레인지,FWD,선셋 레드,5,6,-3252
2027-06,central,LUM,2027,LUM-AI,스탠다드 레인지,FWD,포레스트 그린,3,3,-2032
2027-06,central,LUM,2027,LUM-AI,스탠다드 레인지,FWD,샌드 베이지,3,3,-2032
2027-06,central,LUM,2027,LUM-AI,롱레인지,AWD,스노우 화이트,45,46,-26905
2027-06,central,LUM,2027,LUM-AI,롱레인지,AWD,미드나잇 블랙,35,36,-21300
2027-06,central,LUM,2027,LUM-AI,롱레인지,AWD,스틸 그레이,30,30,-17937
2027-06,central,LUM,2027,LUM-AI,롱레인지,AWD,실버,24,25,-14574
2027-06,central,LUM,2027,LUM-AI,롱레인지,AWD,오션 블루,19,19,-11210
2027-06,central,LUM,2027,LUM-AI,롱레인지,AWD,선셋 레드,15,15,-8968
2027-06,central,LUM,2027,LUM-AI,롱레인지,AWD,포레스트 그린,9,10,-5605
2027-06,central,LUM,2027,LUM-AI,롱레인지,AWD,샌드 베이지,9,10,-5605
2027-06,central,LUM,2027,LUM-AI,롱레인지,FWD,스노우 화이트,42,43,-25085
2027-06,central,LUM,2027,LUM-AI,롱레인지,FWD,미드나잇 블랙,33,34,-19859
2027-06,central,LUM,2027,LUM-AI,롱레인지,FWD,스틸 그레이,28,28,-16724
2027-06,central,LUM,2027,LUM-AI,롱레인지,FWD,실버,23,23,-13588
2027-06,central,LUM,2027,LUM-AI,롱레인지,FWD,오션 블루,17,18,-10452
2027-06,central,LUM,2027,LUM-AI,롱레인지,FWD,선셋 레드,14,14,-8362
2027-06,central,LUM,2027,LUM-AI,롱레인지,FWD,포레스트 그린,9,9,-5226
2027-06,central,LUM,2027,LUM-AI,롱레인지,FWD,샌드 베이지,9,9,-5226
2027-06,central,LUM,2027,LUM-RA,스탠다드 레인지,AWD,스노우 화이트,20,21,-7326
2027-06,central,LUM,2027,LUM-RA,스탠다드 레인지,AWD,미드나잇 블랙,16,16,-5800
2027-06,central,LUM,2027,LUM-RA,스탠다드 레인지,AWD,스틸 그레이,13,14,-4884
2027-06,central,LUM,2027,LUM-RA,스탠다드 레인지,AWD,실버,11,11,-3968
2027-06,central,LUM,2027,LUM-RA,스탠다드 레인지,AWD,오션 블루,8,9,-3053
2027-06,central,LUM,2027,LUM-RA,스탠다드 레인지,AWD,선셋 레드,7,7,-2442
2027-06,central,LUM,2027,LUM-RA,스탠다드 레인지,AWD,포레스트 그린,4,4,-1526
2027-06,central,LUM,2027,LUM-RA,스탠다드 레인지,AWD,샌드 베이지,4,4,-1526
2027-06,central,LUM,2027,LUM-RA,스탠다드 레인지,FWD,스노우 화이트,19,19,-6831
2027-06,central,LUM,2027,LUM-RA,스탠다드 레인지,FWD,미드나잇 블랙,15,15,-5408
2027-06,central,LUM,2027,LUM-RA,스탠다드 레인지,FWD,스틸 그레이,13,13,-4554
2027-06,central,LUM,2027,LUM-RA,스탠다드 레인지,FWD,실버,10,10,-3700
2027-06,central,LUM,2027,LUM-RA,스탠다드 레인지,FWD,오션 블루,8,8,-2846
2027-06,central,LUM,2027,LUM-RA,스탠다드 레인지,FWD,선셋 레드,6,6,-2277
2027-06,central,LUM,2027,LUM-RA,스탠다드 레인지,FWD,포레스트 그린,4,4,-1423
2027-06,central,LUM,2027,LUM-RA,스탠다드 레인지,FWD,샌드 베이지,4,4,-1423
2027-06,central,LUM,2027,LUM-RA,롱레인지,AWD,스노우 화이트,52,53,-18839
2027-06,central,LUM,2027,LUM-RA,롱레인지,AWD,미드나잇 블랙,41,42,-14914
2027-06,central,LUM,2027,LUM-RA,롱레인지,AWD,스틸 그레이,35,35,-12559
2027-06,central,LUM,2027,LUM-RA,롱레인지,AWD,실버,28,29,-10205
2027-06,central,LUM,2027,LUM-RA,롱레인지,AWD,오션 블루,22,22,-7850
2027-06,central,LUM,2027,LUM-RA,롱레인지,AWD,선셋 레드,17,18,-6280
2027-06,central,LUM,2027,LUM-RA,롱레인지,AWD,포레스트 그린,11,11,-3925
2027-06,central,LUM,2027,LUM-RA,롱레인지,AWD,샌드 베이지,11,11,-3925
2027-06,central,LUM,2027,LUM-RA,롱레인지,FWD,스노우 화이트,48,49,-17565
2027-06,central,LUM,2027,LUM-RA,롱레인지,FWD,미드나잇 블랙,38,39,-13906
2027-06,central,LUM,2027,LUM-RA,롱레인지,FWD,스틸 그레이,32,33,-11710
2027-06,central,LUM,2027,LUM-RA,롱레인지,FWD,실버,26,27,-9514
2027-06,central,LUM,2027,LUM-RA,롱레인지,FWD,오션 블루,20,21,-7319
2027-06,central,LUM,2027,LUM-RA,롱레인지,FWD,선셋 레드,16,16,-5855
2027-06,central,LUM,2027,LUM-RA,롱레인지,FWD,포레스트 그린,10,10,-3659
2027-06,central,LUM,2027,LUM-RA,롱레인지,FWD,샌드 베이지,10,10,-3659
2027-06,central,LUM,2027,LUM-SP,스탠다드 레인지,AWD,스노우 화이트,8,8,431
2027-06,central,LUM,2027,LUM-SP,스탠다드 레인지,AWD,미드나잇 블랙,7,7,341
2027-06,central,LUM,2027,LUM-SP,스탠다드 레인지,AWD,스틸 그레이,5,6,287
2027-06,central,LUM,2027,LUM-SP,스탠다드 레인지,AWD,실버,4,5,234
2027-06,central,LUM,2027,LUM-SP,스탠다드 레인지,AWD,오션 블루,3,4,180
2027-06,central,LUM,2027,LUM-SP,스탠다드 레인지,AWD,선셋 레드,3,3,144
2027-06,central,LUM,2027,LUM-SP,스탠다드 레인지,AWD,포레스트 그린,2,2,90
2027-06,central,LUM,2027,LUM-SP,스탠다드 레인지,AWD,샌드 베이지,2,2,90
2027-06,central,LUM,2027,LUM-SP,스탠다드 레인지,FWD,스노우 화이트,8,8,402
2027-06,central,LUM,2027,LUM-SP,스탠다드 레인지,FWD,미드나잇 블랙,6,6,318
2027-06,central,LUM,2027,LUM-SP,스탠다드 레인지,FWD,스틸 그레이,5,5,268
2027-06,central,LUM,2027,LUM-SP,스탠다드 레인지,FWD,실버,4,4,218
2027-06,central,LUM,2027,LUM-SP,스탠다드 레인지,FWD,오션 블루,3,3,168
2027-06,central,LUM,2027,LUM-SP,스탠다드 레인지,FWD,선셋 레드,3,3,134
2027-06,central,LUM,2027,LUM-SP,스탠다드 레인지,FWD,포레스트 그린,2,2,84
2027-06,central,LUM,2027,LUM-SP,스탠다드 레인지,FWD,샌드 베이지,2,2,84
2027-06,central,LUM,2027,LUM-SP,롱레인지,AWD,스노우 화이트,21,22,1109
2027-06,central,LUM,2027,LUM-SP,롱레인지,AWD,미드나잇 블랙,17,17,878
2027-06,central,LUM,2027,LUM-SP,롱레인지,AWD,스틸 그레이,14,14,739
2027-06,central,LUM,2027,LUM-SP,롱레인지,AWD,실버,11,12,601
2027-06,central,LUM,2027,LUM-SP,롱레인지,AWD,오션 블루,9,9,462
2027-06,central,LUM,2027,LUM-SP,롱레인지,AWD,선셋 레드,7,7,370
2027-06,central,LUM,2027,LUM-SP,롱레인지,AWD,포레스트 그린,4,5,231
2027-06,central,LUM,2027,LUM-SP,롱레인지,AWD,샌드 베이지,4,5,231
2027-06,central,LUM,2027,LUM-SP,롱레인지,FWD,스노우 화이트,20,20,1034
2027-06,central,LUM,2027,LUM-SP,롱레인지,FWD,미드나잇 블랙,16,16,818
2027-06,central,LUM,2027,LUM-SP,롱레인지,FWD,스틸 그레이,13,13,689
2027-06,central,LUM,2027,LUM-SP,롱레인지,FWD,실버,11,11,560
2027-06,central,LUM,2027,LUM-SP,롱레인지,FWD,오션 블루,8,8,431
2027-06,central,LUM,2027,LUM-SP,롱레인지,FWD,선셋 레드,7,7,345
2027-06,central,LUM,2027,LUM-SP,롱레인지,FWD,포레스트 그린,4,4,215
2027-06,central,LUM,2027,LUM-SP,롱레인지,FWD,샌드 베이지,4,4,215
2027-06,south,LUM,2027,LUM-AI,스탠다드 레인지,AWD,스노우 화이트,14,14,-8478
2027-06,south,LUM,2027,LUM-AI,스탠다드 레인지,AWD,미드나잇 블랙,11,11,-6711
2027-06,south,LUM,2027,LUM-AI,스탠다드 레인지,AWD,스틸 그레이,9,10,-5652
2027-06,south,LUM,2027,LUM-AI,스탠다드 레인지,AWD,실버,8,8,-4592
2027-06,south,LUM,2027,LUM-AI,스탠다드 레인지,AWD,오션 블루,6,6,-3532
2027-06,south,LUM,2027,LUM-AI,스탠다드 레인지,AWD,선셋 레드,5,5,-2826
2027-06,south,LUM,2027,LUM-AI,스탠다드 레인지,AWD,포레스트 그린,3,3,-1766
2027-06,south,LUM,2027,LUM-AI,스탠다드 레인지,AWD,샌드 베이지,3,3,-1766
2027-06,south,LUM,2027,LUM-AI,스탠다드 레인지,FWD,스노우 화이트,29,30,-17688
2027-06,south,LUM,2027,LUM-AI,스탠다드 레인지,FWD,미드나잇 블랙,23,24,-14003
2027-06,south,LUM,2027,LUM-AI,스탠다드 레인지,FWD,스틸 그레이,20,20,-11792
2027-06,south,LUM,2027,LUM-AI,스탠다드 레인지,FWD,실버,16,16,-9581
2027-06,south,LUM,2027,LUM-AI,스탠다드 레인지,FWD,오션 블루,12,12,-7370
2027-06,south,LUM,2027,LUM-AI,스탠다드 레인지,FWD,선셋 레드,10,10,-5896
2027-06,south,LUM,2027,LUM-AI,스탠다드 레인지,FWD,포레스트 그린,6,6,-3685
2027-06,south,LUM,2027,LUM-AI,스탠다드 레인지,FWD,샌드 베이지,6,6,-3685
2027-06,south,LUM,2027,LUM-AI,롱레인지,AWD,스노우 화이트,36,37,-21799
2027-06,south,LUM,2027,LUM-AI,롱레인지,AWD,미드나잇 블랙,29,29,-17258
2027-06,south,LUM,2027,LUM-AI,롱레인지,AWD,스틸 그레이,24,25,-14533
2027-06,south,LUM,2027,LUM-AI,롱레인지,AWD,실버,20,20,-11808
2027-06,south,LUM,2027,LUM-AI,롱레인지,AWD,오션 블루,15,15,-9083
2027-06,south,LUM,2027,LUM-AI,롱레인지,AWD,선셋 레드,12,12,-7266
2027-06,south,LUM,2027,LUM-AI,롱레인지,AWD,포레스트 그린,8,8,-4542
2027-06,south,LUM,2027,LUM-AI,롱레인지,AWD,샌드 베이지,8,8,-4542
2027-06,south,LUM,2027,LUM-AI,롱레인지,FWD,스노우 화이트,76,77,-45483
2027-06,south,LUM,2027,LUM-AI,롱레인지,FWD,미드나잇 블랙,60,61,-36007
2027-06,south,LUM,2027,LUM-AI,롱레인지,FWD,스틸 그레이,50,51,-30322
2027-06,south,LUM,2027,LUM-AI,롱레인지,FWD,실버,41,42,-24636
2027-06,south,LUM,2027,LUM-AI,롱레인지,FWD,오션 블루,31,32,-18951
2027-06,south,LUM,2027,LUM-AI,롱레인지,FWD,선셋 레드,25,26,-15161
2027-06,south,LUM,2027,LUM-AI,롱레인지,FWD,포레스트 그린,16,16,-9476
2027-06,south,LUM,2027,LUM-AI,롱레인지,FWD,샌드 베이지,16,16,-9476
2027-06,south,LUM,2027,LUM-RA,스탠다드 레인지,AWD,스노우 화이트,16,17,-5936
2027-06,south,LUM,2027,LUM-RA,스탠다드 레인지,AWD,미드나잇 블랙,13,13,-4699
2027-06,south,LUM,2027,LUM-RA,스탠다드 레인지,AWD,스틸 그레이,11,11,-3957
2027-06,south,LUM,2027,LUM-RA,스탠다드 레인지,AWD,실버,9,9,-3215
2027-06,south,LUM,2027,LUM-RA,스탠다드 레인지,AWD,오션 블루,7,7,-2473
2027-06,south,LUM,2027,LUM-RA,스탠다드 레인지,AWD,선셋 레드,5,6,-1979
2027-06,south,LUM,2027,LUM-RA,스탠다드 레인지,AWD,포레스트 그린,3,3,-1237
2027-06,south,LUM,2027,LUM-RA,스탠다드 레인지,AWD,샌드 베이지,3,3,-1237
2027-06,south,LUM,2027,LUM-RA,스탠다드 레인지,FWD,스노우 화이트,34,35,-12385
2027-06,south,LUM,2027,LUM-RA,스탠다드 레인지,FWD,미드나잇 블랙,27,27,-9805
2027-06,south,LUM,2027,LUM-RA,스탠다드 레인지,FWD,스틸 그레이,23,23,-8257
2027-06,south,LUM,2027,LUM-RA,스탠다드 레인지,FWD,실버,18,19,-6709
2027-06,south,LUM,2027,LUM-RA,스탠다드 레인지,FWD,오션 블루,14,14,-5160
2027-06,south,LUM,2027,LUM-RA,스탠다드 레인지,FWD,선셋 레드,11,12,-4128
2027-06,south,LUM,2027,LUM-RA,스탠다드 레인지,FWD,포레스트 그린,7,7,-2580
2027-06,south,LUM,2027,LUM-RA,스탠다드 레인지,FWD,샌드 베이지,7,7,-2580
2027-06,south,LUM,2027,LUM-RA,롱레인지,AWD,스노우 화이트,42,43,-15264
2027-06,south,LUM,2027,LUM-RA,롱레인지,AWD,미드나잇 블랙,33,34,-12084
2027-06,south,LUM,2027,LUM-RA,롱레인지,AWD,스틸 그레이,28,29,-10176
2027-06,south,LUM,2027,LUM-RA,롱레인지,AWD,실버,23,23,-8268
2027-06,south,LUM,2027,LUM-RA,롱레인지,AWD,오션 블루,17,18,-6360
2027-06,south,LUM,2027,LUM-RA,롱레인지,AWD,선셋 레드,14,14,-5088
2027-06,south,LUM,2027,LUM-RA,롱레인지,AWD,포레스트 그린,9,9,-3180
2027-06,south,LUM,2027,LUM-RA,롱레인지,AWD,샌드 베이지,9,9,-3180
2027-06,south,LUM,2027,LUM-RA,롱레인지,FWD,스노우 화이트,88,89,-31847
2027-06,south,LUM,2027,LUM-RA,롱레인지,FWD,미드나잇 블랙,69,71,-25212
2027-06,south,LUM,2027,LUM-RA,롱레인지,FWD,스틸 그레이,58,60,-21231
2027-06,south,LUM,2027,LUM-RA,롱레인지,FWD,실버,47,48,-17251
2027-06,south,LUM,2027,LUM-RA,롱레인지,FWD,오션 블루,36,37,-13270
2027-06,south,LUM,2027,LUM-RA,롱레인지,FWD,선셋 레드,29,30,-10616
2027-06,south,LUM,2027,LUM-RA,롱레인지,FWD,포레스트 그린,18,19,-6635
2027-06,south,LUM,2027,LUM-RA,롱레인지,FWD,샌드 베이지,18,19,-6635
2027-06,south,LUM,2027,LUM-SP,스탠다드 레인지,AWD,스노우 화이트,7,7,349
2027-06,south,LUM,2027,LUM-SP,스탠다드 레인지,AWD,미드나잇 블랙,5,5,277
2027-06,south,LUM,2027,LUM-SP,스탠다드 레인지,AWD,스틸 그레이,4,5,233
2027-06,south,LUM,2027,LUM-SP,스탠다드 레인지,AWD,실버,4,4,189
2027-06,south,LUM,2027,LUM-SP,스탠다드 레인지,AWD,오션 블루,3,3,146
2027-06,south,LUM,2027,LUM-SP,스탠다드 레인지,AWD,선셋 레드,2,2,116
2027-06,south,LUM,2027,LUM-SP,스탠다드 레인지,AWD,포레스트 그린,1,1,73
2027-06,south,LUM,2027,LUM-SP,스탠다드 레인지,AWD,샌드 베이지,1,1,73
2027-06,south,LUM,2027,LUM-SP,스탠다드 레인지,FWD,스노우 화이트,14,14,729
2027-06,south,LUM,2027,LUM-SP,스탠다드 레인지,FWD,미드나잇 블랙,11,11,577
2027-06,south,LUM,2027,LUM-SP,스탠다드 레인지,FWD,스틸 그레이,9,9,486
2027-06,south,LUM,2027,LUM-SP,스탠다드 레인지,FWD,실버,8,8,395
2027-06,south,LUM,2027,LUM-SP,스탠다드 레인지,FWD,오션 블루,6,6,304
2027-06,south,LUM,2027,LUM-SP,스탠다드 레인지,FWD,선셋 레드,5,5,243
2027-06,south,LUM,2027,LUM-SP,스탠다드 레인지,FWD,포레스트 그린,3,3,152
2027-06,south,LUM,2027,LUM-SP,스탠다드 레인지,FWD,샌드 베이지,3,3,152
2027-06,south,LUM,2027,LUM-SP,롱레인지,AWD,스노우 화이트,17,18,898
2027-06,south,LUM,2027,LUM-SP,롱레인지,AWD,미드나잇 블랙,14,14,711
2027-06,south,LUM,2027,LUM-SP,롱레인지,AWD,스틸 그레이,11,12,599
2027-06,south,LUM,2027,LUM-SP,롱레인지,AWD,실버,9,9,487
2027-06,south,LUM,2027,LUM-SP,롱레인지,AWD,오션 블루,7,7,374
2027-06,south,LUM,2027,LUM-SP,롱레인지,AWD,선셋 레드,6,6,299
2027-06,south,LUM,2027,LUM-SP,롱레인지,AWD,포레스트 그린,4,4,187
2027-06,south,LUM,2027,LUM-SP,롱레인지,AWD,샌드 베이지,4,4,187
2027-06,south,LUM,2027,LUM-SP,롱레인지,FWD,스노우 화이트,36,37,1875
2027-06,south,LUM,2027,LUM-SP,롱레인지,FWD,미드나잇 블랙,28,29,1484
2027-06,south,LUM,2027,LUM-SP,롱레인지,FWD,스틸 그레이,24,24,1250
2027-06,south,LUM,2027,LUM-SP,롱레인지,FWD,실버,19,20,1015
2027-06,south,LUM,2027,LUM-SP,롱레인지,FWD,오션 블루,15,15,781
2027-06,south,LUM,2027,LUM-SP,롱레인지,FWD,선셋 레드,12,12,625
2027-06,south,LUM,2027,LUM-SP,롱레인지,FWD,포레스트 그린,7,8,391
2027-06,south,LUM,2027,LUM-SP,롱레인지,FWD,샌드 베이지,7,8,391
2027-06,northeast,LUM,2027,LUM-AI,스탠다드 레인지,AWD,스노우 화이트,35,36,-21290
2027-06,northeast,LUM,2027,LUM-AI,스탠다드 레인지,AWD,미드나잇 블랙,28,29,-16855
2027-06,northeast,LUM,2027,LUM-AI,스탠다드 레인지,AWD,스틸 그레이,24,24,-14193
2027-06,northeast,LUM,2027,LUM-AI,스탠다드 레인지,AWD,실버,19,20,-11532
2027-06,northeast,LUM,2027,LUM-AI,스탠다드 레인지,AWD,오션 블루,15,15,-8871
2027-06,northeast,LUM,2027,LUM-AI,스탠다드 레인지,AWD,선셋 레드,12,12,-7097
2027-06,northeast,LUM,2027,LUM-AI,스탠다드 레인지,AWD,포레스트 그린,7,8,-4435
2027-06,northeast,LUM,2027,LUM-AI,스탠다드 레인지,AWD,샌드 베이지,7,8,-4435
2027-06,northeast,LUM,2027,LUM-AI,스탠다드 레인지,FWD,스노우 화이트,25,26,-15103
2027-06,northeast,LUM,2027,LUM-AI,스탠다드 레인지,FWD,미드나잇 블랙,20,20,-11957
2027-06,northeast,LUM,2027,LUM-AI,스탠다드 레인지,FWD,스틸 그레이,17,17,-10069
2027-06,northeast,LUM,2027,LUM-AI,스탠다드 레인지,FWD,실버,14,14,-8181
2027-06,northeast,LUM,2027,LUM-AI,스탠다드 레인지,FWD,오션 블루,10,11,-6293
2027-06,northeast,LUM,2027,LUM-AI,스탠다드 레인지,FWD,선셋 레드,8,9,-5034
2027-06,northeast,LUM,2027,LUM-AI,스탠다드 레인지,FWD,포레스트 그린,5,5,-3147
2027-06,northeast,LUM,2027,LUM-AI,스탠다드 레인지,FWD,샌드 베이지,5,5,-3147
2027-06,northeast,LUM,2027,LUM-AI,롱레인지,AWD,스노우 화이트,91,93,-54746
2027-06,northeast,LUM,2027,LUM-AI,롱레인지,AWD,미드나잇 블랙,72,73,-43341
2027-06,northeast,LUM,2027,LUM-AI,롱레인지,AWD,스틸 그레이,61,62,-36497
2027-06,northeast,LUM,2027,LUM-AI,롱레인지,AWD,실버,49,50,-29654
2027-06,northeast,LUM,2027,LUM-AI,롱레인지,AWD,오션 블루,38,39,-22811
2027-06,northeast,LUM,2027,LUM-AI,롱레인지,AWD,선셋 레드,30,31,-18249
2027-06,northeast,LUM,2027,LUM-AI,롱레인지,AWD,포레스트 그린,19,19,-11405
2027-06,northeast,LUM,2027,LUM-AI,롱레인지,AWD,샌드 베이지,19,19,-11405
2027-06,northeast,LUM,2027,LUM-AI,롱레인지,FWD,스노우 화이트,65,66,-38837
2027-06,northeast,LUM,2027,LUM-AI,롱레인지,FWD,미드나잇 블랙,51,52,-30746
2027-06,northeast,LUM,2027,LUM-AI,롱레인지,FWD,스틸 그레이,43,44,-25891
2027-06,northeast,LUM,2027,LUM-AI,롱레인지,FWD,실버,35,36,-21037
2027-06,northeast,LUM,2027,LUM-AI,롱레인지,FWD,오션 블루,27,27,-16182
2027-06,northeast,LUM,2027,LUM-AI,롱레인지,FWD,선셋 레드,22,22,-12946
2027-06,northeast,LUM,2027,LUM-AI,롱레인지,FWD,포레스트 그린,13,14,-8091
2027-06,northeast,LUM,2027,LUM-AI,롱레인지,FWD,샌드 베이지,13,14,-8091
2027-06,northeast,LUM,2027,LUM-RA,스탠다드 레인지,AWD,스노우 화이트,41,42,-14907
2027-06,northeast,LUM,2027,LUM-RA,스탠다드 레인지,AWD,미드나잇 블랙,32,33,-11802
2027-06,northeast,LUM,2027,LUM-RA,스탠다드 레인지,AWD,스틸 그레이,27,28,-9938
2027-06,northeast,LUM,2027,LUM-RA,스탠다드 레인지,AWD,실버,22,23,-8075
2027-06,northeast,LUM,2027,LUM-RA,스탠다드 레인지,AWD,오션 블루,17,17,-6211
2027-06,northeast,LUM,2027,LUM-RA,스탠다드 레인지,AWD,선셋 레드,14,14,-4969
2027-06,northeast,LUM,2027,LUM-RA,스탠다드 레인지,AWD,포레스트 그린,9,9,-3106
2027-06,northeast,LUM,2027,LUM-RA,스탠다드 레인지,AWD,샌드 베이지,9,9,-3106
2027-06,northeast,LUM,2027,LUM-RA,스탠다드 레인지,FWD,스노우 화이트,29,30,-10575
2027-06,northeast,LUM,2027,LUM-RA,스탠다드 레인지,FWD,미드나잇 블랙,23,23,-8372
2027-06,northeast,LUM,2027,LUM-RA,스탠다드 레인지,FWD,스틸 그레이,19,20,-7050
2027-06,northeast,LUM,2027,LUM-RA,스탠다드 레인지,FWD,실버,16,16,-5728
2027-06,northeast,LUM,2027,LUM-RA,스탠다드 레인지,FWD,오션 블루,12,12,-4406
2027-06,northeast,LUM,2027,LUM-RA,스탠다드 레인지,FWD,선셋 레드,10,10,-3525
2027-06,northeast,LUM,2027,LUM-RA,스탠다드 레인지,FWD,포레스트 그린,6,6,-2203
2027-06,northeast,LUM,2027,LUM-RA,스탠다드 레인지,FWD,샌드 베이지,6,6,-2203
2027-06,northeast,LUM,2027,LUM-RA,롱레인지,AWD,스노우 화이트,105,107,-38334
2027-06,northeast,LUM,2027,LUM-RA,롱레인지,AWD,미드나잇 블랙,83,85,-30347
2027-06,northeast,LUM,2027,LUM-RA,롱레인지,AWD,스틸 그레이,70,72,-25556
2027-06,northeast,LUM,2027,LUM-RA,롱레인지,AWD,실버,57,58,-20764
2027-06,northeast,LUM,2027,LUM-RA,롱레인지,AWD,오션 블루,44,45,-15972
2027-06,northeast,LUM,2027,LUM-RA,롱레인지,AWD,선셋 레드,35,36,-12778
2027-06,northeast,LUM,2027,LUM-RA,롱레인지,AWD,포레스트 그린,22,22,-7986
2027-06,northeast,LUM,2027,LUM-RA,롱레인지,AWD,샌드 베이지,22,22,-7986
2027-06,northeast,LUM,2027,LUM-RA,롱레인지,FWD,스노우 화이트,75,76,-27194
2027-06,northeast,LUM,2027,LUM-RA,롱레인지,FWD,미드나잇 블랙,59,60,-21528
2027-06,northeast,LUM,2027,LUM-RA,롱레인지,FWD,스틸 그레이,50,51,-18129
2027-06,northeast,LUM,2027,LUM-RA,롱레인지,FWD,실버,40,41,-14730
2027-06,northeast,LUM,2027,LUM-RA,롱레인지,FWD,오션 블루,31,32,-11331
2027-06,northeast,LUM,2027,LUM-RA,롱레인지,FWD,선셋 레드,25,25,-9065
2027-06,northeast,LUM,2027,LUM-RA,롱레인지,FWD,포레스트 그린,16,16,-5665
2027-06,northeast,LUM,2027,LUM-RA,롱레인지,FWD,샌드 베이지,16,16,-5665
2027-06,northeast,LUM,2027,LUM-SP,스탠다드 레인지,AWD,스노우 화이트,17,17,877
2027-06,northeast,LUM,2027,LUM-SP,스탠다드 레인지,AWD,미드나잇 블랙,13,14,695
2027-06,northeast,LUM,2027,LUM-SP,스탠다드 레인지,AWD,스틸 그레이,11,11,585
2027-06,northeast,LUM,2027,LUM-SP,스탠다드 레인지,AWD,실버,9,9,475
2027-06,northeast,LUM,2027,LUM-SP,스탠다드 레인지,AWD,오션 블루,7,7,366
2027-06,northeast,LUM,2027,LUM-SP,스탠다드 레인지,AWD,선셋 레드,6,6,292
2027-06,northeast,LUM,2027,LUM-SP,스탠다드 레인지,AWD,포레스트 그린,3,4,183
2027-06,northeast,LUM,2027,LUM-SP,스탠다드 레인지,AWD,샌드 베이지,3,4,183
2027-06,northeast,LUM,2027,LUM-SP,스탠다드 레인지,FWD,스노우 화이트,12,12,622
2027-06,northeast,LUM,2027,LUM-SP,스탠다드 레인지,FWD,미드나잇 블랙,9,10,493
2027-06,northeast,LUM,2027,LUM-SP,스탠다드 레인지,FWD,스틸 그레이,8,8,415
2027-06,northeast,LUM,2027,LUM-SP,스탠다드 레인지,FWD,실버,6,7,337
2027-06,northeast,LUM,2027,LUM-SP,스탠다드 레인지,FWD,오션 블루,5,5,259
2027-06,northeast,LUM,2027,LUM-SP,스탠다드 레인지,FWD,선셋 레드,4,4,207
2027-06,northeast,LUM,2027,LUM-SP,스탠다드 레인지,FWD,포레스트 그린,2,3,130
2027-06,northeast,LUM,2027,LUM-SP,스탠다드 레인지,FWD,샌드 베이지,2,3,130
2027-06,northeast,LUM,2027,LUM-SP,롱레인지,AWD,스노우 화이트,43,44,2256
2027-06,northeast,LUM,2027,LUM-SP,롱레인지,AWD,미드나잇 블랙,34,35,1786
2027-06,northeast,LUM,2027,LUM-SP,롱레인지,AWD,스틸 그레이,29,29,1504
2027-06,northeast,LUM,2027,LUM-SP,롱레인지,AWD,실버,23,24,1222
2027-06,northeast,LUM,2027,LUM-SP,롱레인지,AWD,오션 블루,18,18,940
2027-06,northeast,LUM,2027,LUM-SP,롱레인지,AWD,선셋 레드,14,15,752
2027-06,northeast,LUM,2027,LUM-SP,롱레인지,AWD,포레스트 그린,9,9,470
2027-06,northeast,LUM,2027,LUM-SP,롱레인지,AWD,샌드 베이지,9,9,470
2027-06,northeast,LUM,2027,LUM-SP,롱레인지,FWD,스노우 화이트,31,31,1601
2027-06,northeast,LUM,2027,LUM-SP,롱레인지,FWD,미드나잇 블랙,24,25,1267
2027-06,northeast,LUM,2027,LUM-SP,롱레인지,FWD,스틸 그레이,20,21,1067
2027-06,northeast,LUM,2027,LUM-SP,롱레인지,FWD,실버,17,17,867
2027-06,northeast,LUM,2027,LUM-SP,롱레인지,FWD,오션 블루,13,13,667
2027-06,northeast,LUM,2027,LUM-SP,롱레인지,FWD,선셋 레드,10,10,534
2027-06,northeast,LUM,2027,LUM-SP,롱레인지,FWD,포레스트 그린,6,6,333
2027-06,northeast,LUM,2027,LUM-SP,롱레인지,FWD,샌드 베이지,6,6,333
2027-06,southeast,LUM,2027,LUM-AI,스탠다드 레인지,AWD,스노우 화이트,18,19,-10918
2027-06,southeast,LUM,2027,LUM-AI,스탠다드 레인지,AWD,미드나잇 블랙,14,15,-8643
2027-06,southeast,LUM,2027,LUM-AI,스탠다드 레인지,AWD,스틸 그레이,12,12,-7279
2027-06,southeast,LUM,2027,LUM-AI,스탠다드 레인지,AWD,실버,10,10,-5914
2027-06,southeast,LUM,2027,LUM-AI,스탠다드 레인지,AWD,오션 블루,8,8,-4549
2027-06,southeast,LUM,2027,LUM-AI,스탠다드 레인지,AWD,선셋 레드,6,6,-3639
2027-06,southeast,LUM,2027,LUM-AI,스탠다드 레인지,AWD,포레스트 그린,4,4,-2275
2027-06,southeast,LUM,2027,LUM-AI,스탠다드 레인지,AWD,샌드 베이지,4,4,-2275
2027-06,southeast,LUM,2027,LUM-AI,스탠다드 레인지,FWD,스노우 화이트,29,30,-17626
2027-06,southeast,LUM,2027,LUM-AI,스탠다드 레인지,FWD,미드나잇 블랙,23,24,-13954
2027-06,southeast,LUM,2027,LUM-AI,스탠다드 레인지,FWD,스틸 그레이,20,20,-11751
2027-06,southeast,LUM,2027,LUM-AI,스탠다드 레인지,FWD,실버,16,16,-9547
2027-06,southeast,LUM,2027,LUM-AI,스탠다드 레인지,FWD,오션 블루,12,12,-7344
2027-06,southeast,LUM,2027,LUM-AI,스탠다드 레인지,FWD,선셋 레드,10,10,-5875
2027-06,southeast,LUM,2027,LUM-AI,스탠다드 레인지,FWD,포레스트 그린,6,6,-3672
2027-06,southeast,LUM,2027,LUM-AI,스탠다드 레인지,FWD,샌드 베이지,6,6,-3672
2027-06,southeast,LUM,2027,LUM-AI,롱레인지,AWD,스노우 화이트,47,48,-28075
2027-06,southeast,LUM,2027,LUM-AI,롱레인지,AWD,미드나잇 블랙,37,38,-22226
2027-06,southeast,LUM,2027,LUM-AI,롱레인지,AWD,스틸 그레이,31,32,-18717
2027-06,southeast,LUM,2027,LUM-AI,롱레인지,AWD,실버,25,26,-15207
2027-06,southeast,LUM,2027,LUM-AI,롱레인지,AWD,오션 블루,19,20,-11698
2027-06,southeast,LUM,2027,LUM-AI,롱레인지,AWD,선셋 레드,16,16,-9358
2027-06,southeast,LUM,2027,LUM-AI,롱레인지,AWD,포레스트 그린,10,10,-5849
2027-06,southeast,LUM,2027,LUM-AI,롱레인지,AWD,샌드 베이지,10,10,-5849
2027-06,southeast,LUM,2027,LUM-AI,롱레인지,FWD,스노우 화이트,75,77,-45324
2027-06,southeast,LUM,2027,LUM-AI,롱레인지,FWD,미드나잇 블랙,60,61,-35881
2027-06,southeast,LUM,2027,LUM-AI,롱레인지,FWD,스틸 그레이,50,51,-30216
2027-06,southeast,LUM,2027,LUM-AI,롱레인지,FWD,실버,41,42,-24550
2027-06,southeast,LUM,2027,LUM-AI,롱레인지,FWD,오션 블루,31,32,-18885
2027-06,southeast,LUM,2027,LUM-AI,롱레인지,FWD,선셋 레드,25,26,-15108
2027-06,southeast,LUM,2027,LUM-AI,롱레인지,FWD,포레스트 그린,16,16,-9442
2027-06,southeast,LUM,2027,LUM-AI,롱레인지,FWD,샌드 베이지,16,16,-9442
2027-06,southeast,LUM,2027,LUM-RA,스탠다드 레인지,AWD,스노우 화이트,21,21,-7645
2027-06,southeast,LUM,2027,LUM-RA,스탠다드 레인지,AWD,미드나잇 블랙,17,17,-6052
2027-06,southeast,LUM,2027,LUM-RA,스탠다드 레인지,AWD,스틸 그레이,14,14,-5097
2027-06,southeast,LUM,2027,LUM-RA,스탠다드 레인지,AWD,실버,11,12,-4141
2027-06,southeast,LUM,2027,LUM-RA,스탠다드 레인지,AWD,오션 블루,9,9,-3185
2027-06,southeast,LUM,2027,LUM-RA,스탠다드 레인지,AWD,선셋 레드,7,7,-2548
2027-06,southeast,LUM,2027,LUM-RA,스탠다드 레인지,AWD,포레스트 그린,4,4,-1593
2027-06,southeast,LUM,2027,LUM-RA,스탠다드 레인지,AWD,샌드 베이지,4,4,-1593
2027-06,southeast,LUM,2027,LUM-RA,스탠다드 레인지,FWD,스노우 화이트,34,35,-12342
2027-06,southeast,LUM,2027,LUM-RA,스탠다드 레인지,FWD,미드나잇 블랙,27,27,-9771
2027-06,southeast,LUM,2027,LUM-RA,스탠다드 레인지,FWD,스틸 그레이,23,23,-8228
2027-06,southeast,LUM,2027,LUM-RA,스탠다드 레인지,FWD,실버,18,19,-6685
2027-06,southeast,LUM,2027,LUM-RA,스탠다드 레인지,FWD,오션 블루,14,14,-5142
2027-06,southeast,LUM,2027,LUM-RA,스탠다드 레인지,FWD,선셋 레드,11,12,-4114
2027-06,southeast,LUM,2027,LUM-RA,스탠다드 레인지,FWD,포레스트 그린,7,7,-2571
2027-06,southeast,LUM,2027,LUM-RA,스탠다드 레인지,FWD,샌드 베이지,7,7,-2571
2027-06,southeast,LUM,2027,LUM-RA,롱레인지,AWD,스노우 화이트,54,55,-19658
2027-06,southeast,LUM,2027,LUM-RA,롱레인지,AWD,미드나잇 블랙,43,44,-15563
2027-06,southeast,LUM,2027,LUM-RA,롱레인지,AWD,스틸 그레이,36,37,-13105
2027-06,southeast,LUM,2027,LUM-RA,롱레인지,AWD,실버,29,30,-10648
2027-06,southeast,LUM,2027,LUM-RA,롱레인지,AWD,오션 블루,23,23,-8191
2027-06,southeast,LUM,2027,LUM-RA,롱레인지,AWD,선셋 레드,18,18,-6553
2027-06,southeast,LUM,2027,LUM-RA,롱레인지,AWD,포레스트 그린,11,11,-4095
2027-06,southeast,LUM,2027,LUM-RA,롱레인지,AWD,샌드 베이지,11,11,-4095
2027-06,southeast,LUM,2027,LUM-RA,롱레인지,FWD,스노우 화이트,87,89,-31736
2027-06,southeast,LUM,2027,LUM-RA,롱레인지,FWD,미드나잇 블랙,69,70,-25124
2027-06,southeast,LUM,2027,LUM-RA,롱레인지,FWD,스틸 그레이,58,59,-21157
2027-06,southeast,LUM,2027,LUM-RA,롱레인지,FWD,실버,47,48,-17190
2027-06,southeast,LUM,2027,LUM-RA,롱레인지,FWD,오션 블루,36,37,-13223
2027-06,southeast,LUM,2027,LUM-RA,롱레인지,FWD,선셋 레드,29,30,-10579
2027-06,southeast,LUM,2027,LUM-RA,롱레인지,FWD,포레스트 그린,18,19,-6612
2027-06,southeast,LUM,2027,LUM-RA,롱레인지,FWD,샌드 베이지,18,19,-6612
2027-06,southeast,LUM,2027,LUM-SP,스탠다드 레인지,AWD,스노우 화이트,9,9,450
2027-06,southeast,LUM,2027,LUM-SP,스탠다드 레인지,AWD,미드나잇 블랙,7,7,356
2027-06,southeast,LUM,2027,LUM-SP,스탠다드 레인지,AWD,스틸 그레이,6,6,300
2027-06,southeast,LUM,2027,LUM-SP,스탠다드 레인지,AWD,실버,5,5,244
2027-06,southeast,LUM,2027,LUM-SP,스탠다드 레인지,AWD,오션 블루,4,4,187
2027-06,southeast,LUM,2027,LUM-SP,스탠다드 레인지,AWD,선셋 레드,3,3,150
2027-06,southeast,LUM,2027,LUM-SP,스탠다드 레인지,AWD,포레스트 그린,2,2,94
2027-06,southeast,LUM,2027,LUM-SP,스탠다드 레인지,AWD,샌드 베이지,2,2,94
2027-06,southeast,LUM,2027,LUM-SP,스탠다드 레인지,FWD,스노우 화이트,14,14,726
2027-06,southeast,LUM,2027,LUM-SP,스탠다드 레인지,FWD,미드나잇 블랙,11,11,575
2027-06,southeast,LUM,2027,LUM-SP,스탠다드 레인지,FWD,스틸 그레이,9,9,484
2027-06,southeast,LUM,2027,LUM-SP,스탠다드 레인지,FWD,실버,8,8,393
2027-06,southeast,LUM,2027,LUM-SP,스탠다드 레인지,FWD,오션 블루,6,6,303
2027-06,southeast,LUM,2027,LUM-SP,스탠다드 레인지,FWD,선셋 레드,5,5,242
2027-06,southeast,LUM,2027,LUM-SP,스탠다드 레인지,FWD,포레스트 그린,3,3,151
2027-06,southeast,LUM,2027,LUM-SP,스탠다드 레인지,FWD,샌드 베이지,3,3,151
2027-06,southeast,LUM,2027,LUM-SP,롱레인지,AWD,스노우 화이트,22,23,1157
2027-06,southeast,LUM,2027,LUM-SP,롱레인지,AWD,미드나잇 블랙,17,18,916
2027-06,southeast,LUM,2027,LUM-SP,롱레인지,AWD,스틸 그레이,15,15,771
2027-06,southeast,LUM,2027,LUM-SP,롱레인지,AWD,실버,12,12,627
2027-06,southeast,LUM,2027,LUM-SP,롱레인지,AWD,오션 블루,9,9,482
2027-06,southeast,LUM,2027,LUM-SP,롱레인지,AWD,선셋 레드,7,8,386
2027-06,southeast,LUM,2027,LUM-SP,롱레인지,AWD,포레스트 그린,5,5,241
2027-06,southeast,LUM,2027,LUM-SP,롱레인지,AWD,샌드 베이지,5,5,241
2027-06,southeast,LUM,2027,LUM-SP,롱레인지,FWD,스노우 화이트,36,36,1868
2027-06,southeast,LUM,2027,LUM-SP,롱레인지,FWD,미드나잇 블랙,28,29,1479
2027-06,southeast,LUM,2027,LUM-SP,롱레인지,FWD,스틸 그레이,24,24,1245
2027-06,southeast,LUM,2027,LUM-SP,롱레인지,FWD,실버,19,20,1012
2027-06,southeast,LUM,2027,LUM-SP,롱레인지,FWD,오션 블루,15,15,778
2027-06,southeast,LUM,2027,LUM-SP,롱레인지,FWD,선셋 레드,12,12,623
2027-06,southeast,LUM,2027,LUM-SP,롱레인지,FWD,포레스트 그린,7,8,389
2027-06,southeast,LUM,2027,LUM-SP,롱레인지,FWD,샌드 베이지,7,8,389
